﻿comment|comment_ids|username|datetime|isreply|num_replies|post_id|label
people in downtown ottawa if you dont like what is going on then go see TRUDEAU and get him to talk to the truckers then they will leave its as simple as that...|10159548421103904|Nicky G Gilby|2022-02-02 22:22:54|0|9|10159548395368904|facebook
Ad Hominem:(Attack ing the person): This fallacy occurs when, instead of addressing someone's argument or position, you irrelevantly attack the person or some aspect of the person who is making the argument.|10159548451573904|Joanne Bradley|2022-02-02 22:23:18|1|5|10159548395368904|facebook
in what category do you regard that as terrorism, the right to peaceful protest is not terror, people waving automatic weapons and holding people hostage is, even if their actions are preventing supermarket shelves from being filled is still not terror, it is civil disobedience only, i am under civil disobedience against the New Zealand Government as a volunteer medic and i sat in silence while a woman choked to death on a crust of bread and nobody can touch me, these drivers have the right to refuse a government mandate.|10159548778483904|David Ramsay|2022-02-02 22:23:04|1|4|10159548395368904|facebook
Do you think they left everything and drove all the way to Ottawa just because it's nice this time of year?|10159548431188904|Jack Massalski|2022-02-02 22:23:18|1|3|10159548395368904|facebook
Why, is parliament in my neighbourhood? If so, have at ‘er|10159548436373904|Michael Doherty|2022-02-02 22:23:00|1|3|10159548395368904|facebook
Infantile response.|10159548458453904|Colin Richardson|2022-02-02 22:23:17|1|3|10159548395368904|facebook
i am a fully qualified medic right up to pre hospital, i have a triage unit, fully kitted with CPR and AED, i am also trained and certified by the United Nations in my class of medics, am also trained in ground zero first responder, i have a team of nurses who are close friends of mine, because i am not in an employment situation as a medic, i am just volunteer, if there is am emergency it is my free choice to refuse to partake, i have been living in the neighbourhood where i am since 2008, 14 yrs, and my neighbours do not know of my position, i told the top boss of the New Zealand army that i will not be responding to any emergency under these government policies and a covid environment, their reply was fair enough, you are still welcome to join our seminars, just call us if you change your mind.|10159550324183904|David Ramsay|2022-02-09 22:23:04|1|3|10159548395368904|facebook
The go fund me cash would be a help.|10159548458498904|Rob Zilla|2022-02-02 22:22:54|0|3|10159548395368904|facebook
...omg...where have you been...🤣🤣🤣 https:// www.netnewsledge r.com/2022/02/ 05/ the-canada-unity -memorandum-of- understanding/|10159548483433904|Darline Spragg|2022-02-02 22:22:59|1|3|10159548395368904|facebook
I hope the residents are successful. They are being held hostage|10159548451798904|Jim Rutter|2022-02-02 22:22:54|0|3|10159548395368904|facebook
invite them to park on your street and blow their horns.|10159548593428904|John Godfreyson|2022-02-02 22:23:02|1|2|10159548395368904|facebook
did i say anything to attack you personally no? So why the nasty response to me? Is that really necessary? I was simply sharing information.. Trying to bully people at the bank is not going to help anyone.|10159548595568904|Heather MacDonald|2022-02-02 22:23:09|1|2|10159548395368904|facebook
You can talk yourself blue in the face, 1000s upon 1000s of people are contacting their banks and credit card companies right now and probably putting up a fight so that GoFundMe will take these chargeback fees. Continuing to reply to me won't change that.|10159548591253904|Lukasz Suckiel|2022-02-02 22:23:09|1|2|10159548395368904|facebook
I believe I’ve heard of: depraved indifference, but not depraved and different! However I would hope that the depraved are different from the majority! In any event, he said he was a “volunteer medic” and he didn’t state his qualifications. How the law would apply to him would probably tie into his abilities. And if the autopsy confirmed that the decedent likely could’ve been saved.|10159550008108904|Alan MacDonald|2022-02-09 22:23:04|1|2|10159548395368904|facebook
really that’s your argument! Good luck Living in your alternative reality!|10159548539513904|Kevin Sampson|2022-02-02 22:23:09|1|2|10159548395368904|facebook
Don’t leave until the mandates end!|10159548463083904|Jason Gervais|2022-02-02 22:22:54|0|2|10159548395368904|facebook
Seize the trucks.|10159548459628904|John Godfreyson|2022-02-02 22:22:54|0|2|10159548395368904|facebook
". No, the manifesto asks for the Governor General and the Senate to dissolve the Parliament and start a new government with input from truckers. You can seek out ""Trucker MOU"" to see I am correct. It might not be everyone there, but it's part of the demands."|10159548439318904|Richard Evans|2022-02-02 22:23:00|1|2|10159548395368904|facebook
: You got anything of substance to contribute . Or is adolescent name calling the best you can do ? I gues 40,000 dead Canadians is a Joke to you . You want to tell their loved ones how funny you find their losses ? . Seriously 😳 doesn’t 40,000 dead Canadians means anything to you. . ❓ 40,000 dead Canadians . In America 🇺🇸 2,000 a day are still dying . Almost all unvaccinated or under vaccinated .  Seemingly You know more than All the Doctors. You know more than Epidemiologists who have spent 8 to 10 years at University ?  What are your credentials ?  I’ll go with Evidentiary based public health policy regarding CoViD. I’ll trust the opinions of dedicated Health professionals …. Not AlLt Right neo-Fascists spreading disinformation about CoViD for nefarious political purposes ! January 6th Insurrection . Current Ottawa Trumpster trucker protest … See the KKK and Nazi Flags !  Second World War was fought against Fascism . Now they are back . They are part of this anti Modernity movement . Same politics as Climate change deniers ; Creationists ; etc etc  Absolutely shameful . . Can’t you explain why you ignore expert opinions and choose to spread disinformation about a Plague . ?  Screaming 😱 in ALL CAPS because you can’t actually muster up a coherent argument ?  Wondering ? 🤷‍♂️|10159549785928904|Zigismunds Franckevics|2022-02-09 22:23:12|1|2|10159548395368904|facebook
Lol. Damages. Free food, free concerts and by the time the tourists leave, freedom from mandates. Aren't tourists the bread and butter to Ottawa? They just came early this year and with an intent. ;)|10159548450403904|Vin Scott|2022-02-02 22:22:54|0|2|10159548395368904|facebook
we’ll keep them funded!|10159548741693904|Jason Gervais|2022-02-02 22:23:01|1|2|10159548395368904|facebook
with what money? Apparently they aren't working|10159548706473904|Brenda Leigh|2022-02-02 22:23:13|1|2|10159548395368904|facebook
yep. I feel sorry for the poor people that work the phone lines at the bank. Having to give the same instructions over and over again to people that don’t read instructions. Wait for your refund and if you don’t get it then call us back.|10159548587108904|Heather MacDonald|2022-02-02 22:23:09|1|2|10159548395368904|facebook
I am a Lebanese Canadian i am really shocked how Canada changed the last 2 years . It is not the Canada i know but the Truckers spirits that how i know the Canadian people are. God bless Canada and the Canadian people. I heard about Ontario. It is so sad. How could those politicians lives with themselves trying to oppress their own people and no one tell me that they are not. Yes it is all about Control and money . Shame on them.|10159548668833904|Juliette Karam-Ibrahim|2022-02-02 22:23:05|1|2|10159548395368904|facebook
Graham you missed the announcement many have all their needles. Have you ever complained of the pollution while shopping? A truck deli eyed that communication device you types your message on. ;)|10159548453258904|Vin Scott|2022-02-02 22:23:16|1|2|10159548395368904|facebook
and we thank 🙏 them too.|10159548484358904|Graham Herriott|2022-02-02 22:23:16|1|2|10159548395368904|facebook
...man up by talking to anarchists/ separatists...I think not!|10159548465888904|Darline Spragg|2022-02-02 22:22:59|1|2|10159548395368904|facebook
don't forget Russia was a communist|10159548800253904|Juliette Karam-Ibrahim|2022-02-02 22:23:05|1|2|10159548395368904|facebook
Their exit is as easy as just driving away and letting the citizens of Ottawa carry on with their lives.|10159548425488904|Phillip Herring|2022-02-02 22:23:18|1|2|10159548395368904|facebook
The plandemia is political issue , not health issue. Stop listening CBC and other Gov channels. You will be better informed.|10159548471143904|Sergey Cher|2022-02-02 22:23:17|1|2|10159548395368904|facebook
Never witnessed so much LOVE 💕 as in Ottawa this past week.|10159548470428904|Jennifer Snell|2022-02-02 22:22:54|0|2|10159548395368904|facebook
'Diversity is an aspect of human existence that cannot be eradicated by terrorism or war or self-consuming hatred. It can only be conquered by recognizing and claiming the wealth of values it represents for all.' - Aberjhani|10159548539518904|Michelle Virdee|2022-02-02 22:22:54|0|2|10159548395368904|facebook
many ? so many have not then. 😂 😝|10159548463628904|Graham Herriott|2022-02-02 22:23:16|1|2|10159548395368904|facebook
Lol good luck with That one. As long as they offer a refund, there’s nothing to dispute!|10159548505158904|Kevin Sampson|2022-02-02 22:23:09|1|1|10159548395368904|facebook
I wonder how long it would take for you to call the cops to remove 1 person with truck horns honking non stop.|10159548718888904|Brenda Leigh|2022-02-02 22:23:06|1|1|10159548395368904|facebook
I am happy people are waking up to this evil agenda. I love Canada ,this is my second country and it is my children country. It is a great nation .Canada will rise again as long as there are people who loves and put Canada first. God bless.|10159548722918904|Juliette Karam-Ibrahim|2022-02-02 22:23:05|1|1|10159548395368904|facebook
that’s a joke and if they are being held hostage or whole country is freedom to choose my body isn’t owned by the government and honestly the parliament building has been there a lot longer then anyone living down there maybe they should think about moving beside the parliament building because it’s Canadians right to protest especially about an overreaching tyrannical government|10159548737393904|Brodie Thomas|2022-02-02 22:23:05|1|1|10159548395368904|facebook
if they are professional when they call thats fine. But if they attack and abuse and bully the customer service person when they call….no the customer is not always right. Thats not acceptable. People can act professionally and treat people respectfully. Its quite simple. No need to be “fighting” with anyone in a customer service position.|10159548608663904|Heather MacDonald|2022-02-02 22:23:09|1|1|10159548395368904|facebook
The people are the customers, they are always right.  The banks and credit card companies will have people closing bank accounts and cancelling credit cards if they perceive it the way you do.|10159548605438904|Lukasz Suckiel|2022-02-02 22:23:09|1|1|10159548395368904|facebook
what i have a problem with is thinking its ok to now go bully and harrass bank tellers and clerks that work for the credit card company when that is clearly not going to do anything. These people do not deserve to be subjected to anything other than professional conduct by customers. What i am reading here is no more than a rally cry to as one if the other posts said “call the credit card companies by the thousands” and “fight” with them to try and get their way. That will serve no purpose other than to destroy an innocent person’s day.|10159548603893904|Heather MacDonald|2022-02-02 22:23:09|1|1|10159548395368904|facebook
Andrew Karvonen Thank you.|10159548740788904|Juliette Karam-Ibrahim|2022-02-02 22:23:05|1|1|10159548395368904|facebook
By the way the bullies/ dictators in this entire scenario is the government and those supporting their mandates..  Mandates that tell people what to wear on their face, what drugs to inject in their body, banning people from venues and job opportunities if they don't comply.  I'm not quite sure how some people still don't understand that.|10159548600058904|Lukasz Suckiel|2022-02-02 22:23:09|1|1|10159548395368904|facebook
Andrew Karvonen democracy with liberals trying to change that|10159548762943904|Brodie Thomas|2022-02-02 22:23:05|1|1|10159548395368904|facebook
"Right now instead of doing the ""refund forms"" everyone who donated is calling their credit card companies to do it instead.  This will cause a chargeback fee of $15 for every single donation that GoFundMe will have to pay. It might even make them lose their credit status for the amount of chargebacks."|10159548480348904|Lukasz Suckiel|2022-02-02 22:23:09|1|1|10159548395368904|facebook
really. I hope you said the same thing when the railroads were blockaded, a provincial park was blockaded and a golf course. None of these really inconvenienced anybody and they sure weren’t disrupting the lives, health, safety or financial well-being of private citizens. Yet there was great support for the police stopping these blockades even though these were about real injustices that indigenous people have been fighting for for decades. Before doing blockades, they tried negotiating and they took the government to court. The courts confirmed their rights but they are still being denied yet where were these “freedom fighters” when not just freedoms but lives were taken. This is not about the mandates, this is just like the insurrection in Washington. I don’t like Trudeau and have never voted for him but as I believe in democracy, I respect that this is the duly elected government who invoked mandates that they are lawfully entitled to invoke during a health crisis. You think that the media is lying to you but you are putting your health in the hands of a bunch of truckers? Get real. You know that legitimate information is available to you so just dismissing the media and believing a bunch of selfish people instead of looking at original sources is a cop out.  Do you know why these protestors have not sought legal recourse? Because they know they would lose. This is ideological not about freedom. This is the inconvenience to a few thinking that is more important than the whole. Individualism never overrides the well-being of the populace. I don’t care if you don’t think that the precautions are not necessary. No one in their right mind is going to you for health advice for good reason.  This is selfish and nothing to do with freedoms. It is also an example of white privilege. No other group of people would have been allowed to do this. Freedom without equality is not freedom but tyranny. Either we are all free or it is a facade.|10159549198813904|Mary Dale|2022-02-02 22:23:05|1|1|10159548395368904|facebook
Here I'll give you some advice. Whatever the mainstream media tells you to do or think, do or think the opposite, they don't work for the people.|10159548583158904|Lukasz Suckiel|2022-02-02 22:23:09|1|1|10159548395368904|facebook
first, i’m just telling you how the system works. Whether I agree with it or don’t there’s a different argument!! The organizers of this event have also said in the MOU that the governor general should dissolve parliament, it’s right there and they have tens of thousands of likes! But just because you read something on Facebook doesn’t mean it’s real or true! All the people that wrote these posts, or sharing these post or agreeing with these posts need to go back to civics class, because that’s not how it works! The governor general is a figurehead for the most part and cannot unilaterally dissolve parliament! The moral of the story, don’t believe everything you see on Facebook, in fact I don’t believe most of what’s on Facebook! Hell that’s the reason we’re in the situation because people like you take their information from Facebook!!  If you want to help the situation, or more importantly help the cause, make sure whatever you’re sharing or posting is real, the truth matters!|10159548580943904|Kevin Sampson|2022-02-02 22:23:09|1|1|10159548395368904|facebook
yes agreed. And the banks are well aware that go fund me has a refund process for this. They dont just reverse charges because you ask them to. You would have to show proof that you asked for a refund and didn’t get your money back. I don’t know why people think the bank can magically reverse everything on a person’s say so. There is a due diligence process|10159548564518904|Heather MacDonald|2022-02-02 22:23:09|1|1|10159548395368904|facebook
The liberal elite that live within proximity of Parliament Hill are delusional. Like the person who buys a home near the airport and complains of the noise from aircraft. LOL. I will add that this is a G7 capital city, where you know full well there will be many protests. My daily commute has been stretched by 40 mins per trip and I'll gladly tolerate it because I believe that enough is enough with these mandates.|10159548530308904|PJ Tremblay|2022-02-02 22:22:54|0|1|10159548395368904|facebook
If they tell their banks and credit card companies that they don't want to deal with GoFundMe at all anymore for the services they did not render then request for an immediate chargeback I don't see why they would be declined that option.  Especially if it makes the banks and credit card companies more money.  But hey like I said we'll see, neither you or I can stop people from calling their banks and credit card companies.|10159548612648904|Lukasz Suckiel|2022-02-02 22:23:09|1|1|10159548395368904|facebook
Yeah sure you do boss.  And they didn't care about where the money came from when it was BLM protests that were actually violent. Violent protestors were bailed out of jail immediately while people from the Capital on January 6th still remain in jail a year later.  I know you will ignore this double standard but it's precisely why you are unhinged from reality and nothing you say really matters anymore.|10159548525613904|Lukasz Suckiel|2022-02-02 22:23:09|1|1|10159548395368904|facebook
trust me I know the process, I deal with it every day. Just a hint, doesn’t work that way And oh by the way, I’m pretty sure go fund me anticipated all these things and made sure everything dotted and crossed. But I’d like to know is exactly what was going on with the money that they felt that they had to give it all back to donors, I’m pretty sure a go fund me is not happy about losing $400,000! And it’s an American company!|10159548521638904|Kevin Sampson|2022-02-02 22:23:09|1|1|10159548395368904|facebook
You can still call your credit card company for services not rendered and have them just chargeback the money, which will hit GoFundMe with a fee every single time.  Hopefully they will lose their credit card status too. They definitely will lose lots of business after this no matter what.|10159548506303904|Lukasz Suckiel|2022-02-02 22:23:09|1|1|10159548395368904|facebook
Meanwhile in Canada 78,220,025 doses of vaccine has been given in just over 1 year while last week alone, just over $1 billion dollars in auto parts were trucked over the US/Canada borders by vaccinated, working truckers who acted like adults and did their job.|10159548735518904|Kelly Williams Scott|2022-02-02 22:22:54|0|1|10159548395368904|facebook
If you can’t take the honkening, get out of thonk hoooonk|10159548592023904|Seren Joti Chatterjee|2022-02-02 22:22:54|0|1|10159548395368904|facebook
It 100% is.  Why should they put these donations under the microscope like they are all righteous when they literally helped bail violent protestors out of jail? Makes no sense.  The money is obviously coming from a whole crap load of Canadians otherwise the massive posts with thousands of likes and comments wouldn't be existent right now discussing how to have GoFundMe charged back repeatedly by the credit card companies.|10159548551228904|Lukasz Suckiel|2022-02-02 22:23:09|1|1|10159548395368904|facebook
I would think the lockdowns would be more damaging to their businesses.|10159548606323904|William Huffman|2022-02-02 22:22:54|0|1|10159548395368904|facebook
yes we will see. I know you dont want to hear this but the process simply does not work that way. Banks are required to do a due diligence. Imagine if you were a business owner and one of your customers went to the bank after they paid you for service and just “told” them they didnt want you to have that money. Told them you did nothing. And the bank took that money back from you just on that one person’s say so. They cant do that. That would not be fair to the business owner. Thats why due diligence processes exist. Proof required etc|10159548625758904|Heather MacDonald|2022-02-02 22:23:09|1|1|10159548395368904|facebook
They closed anything that could have made money from the protestors staying there. They don't want us to be economically strong.|10159548465393904|Lukasz Suckiel|2022-02-02 22:23:13|1|1|10159548395368904|facebook
I guess you missed where 90% of truckers are vaccinated.|10159548723168904|Brenda Leigh|2022-02-02 22:23:14|1|1|10159548395368904|facebook
Well they should get it from Trudeau if he ever comes out of hiding|10159548614598904|Frances Caputo|2022-02-02 22:22:56|0|1|10159548395368904|facebook
you are a traitor and should be in jail|10159548988328904|Pat O'Neill|2022-02-02 22:23:15|1|1|10159548395368904|facebook
The vaccinated majority of truckers are still on the job delivering goods. If you haven't noticed the stores are still full.|10159548465328904|Nat Jones|2022-02-02 22:23:16|1|1|10159548395368904|facebook
The mandate damages people's life!!!!|10159548450888904|Sergey Cher|2022-02-02 22:22:56|0|1|10159548395368904|facebook
Covid will damage them more. Put on a mask and get the jab.|10159548455218904|Colin Richardson|2022-02-02 22:23:17|1|1|10159548395368904|facebook
Take your mask off and don't get the jab.|10159548456738904|Sergey Cher|2022-02-02 22:23:17|1|1|10159548395368904|facebook
Their exit is as easy as dropping all mandates.|10159548419218904|Jack Massalski|2022-02-02 22:22:56|0|1|10159548395368904|facebook
I'm not saying drop the mandates. I'm saying the protesters should just leave.|10159548432068904|Phillip Herring|2022-02-02 22:23:18|1|1|10159548395368904|facebook
you probably support taxing the unvaxxwd and Legault curfews. Govt overreaching.|10159548434733904|Ian Robinson|2022-02-02 22:23:18|1|1|10159548395368904|facebook
Nope I just support the mandate of vaccination of truckers! Nice try! So does the Canadian Trucker’s Alliance and 90% of truckers are vaccinated!|10159548441598904|Joanne Bradley|2022-02-02 22:23:18|1|1|10159548395368904|facebook
not after two years it isn’t. You need mental health care|10159548450078904|Louise Michelle|2022-02-02 22:23:18|1|1|10159548395368904|facebook
We do not negotiate with terrorists|10159548455918904|Colin Richardson|2022-02-02 22:23:18|1|1|10159548395368904|facebook
An ad hominem is not the same as an insult. The objection raised is that it has been two years already. I hope this helps.|10159548465093904|Jack Massalski|2022-02-02 22:23:18|1|1|10159548395368904|facebook
Good point. The truckers seem to be on the same page as you and the objectives of the peaceful convoy are very clear. No negotiations. Just drop the mandates and they leave.|10159548480158904|Jack Massalski|2022-02-02 22:23:18|1|1|10159548395368904|facebook
Thanks for the profound wisdom of your laugh Kare....Debra.|10159548580663904|John A Metcalf|2022-02-02 22:23:14|1|1|10159548395368904|facebook
.......REALLY.. ....you're a joke.....|10159549568333904|Angela Mullan|2022-02-09 22:23:12|1|1|10159548395368904|facebook
even if he did stop the vaccine passport for different countries that doesn't mean they would be able to enter the countries due to the fact that you need a vaccine to get into them. Case in point the United states.|10159548516223904|Will Bedford|2022-02-02 22:23:10|1|1|10159548395368904|facebook
40,000 dead Canadians mainly unvaccinated due to Vaccine hesitancy . Unnecessary deaths . Meaningless deaths . They had had families  . Don’t their lives matter ?  Only the unVaccinated are dying needlessly in Hospitals because of ALt Right disinformation about CoViD . Nefarious groups are behind this “protest”|10159548700648904|Zigismunds Franckevics|2022-02-02 22:23:12|1|1|10159548395368904|facebook
over 16 countries removed all restrictions, many more planning to. Soon Canada will be the only one with the most draconian measures.|10159548518573904|Valia Petrov|2022-02-02 22:23:10|1|1|10159548395368904|facebook
these protesters are demanding the federal government stop ALL vaccine mandates. Once again this is impossible.|10159548518918904|Will Bedford|2022-02-02 22:23:10|1|1|10159548395368904|facebook
yes, it is. Happening in 16 countries already, many more to follow suite|10159548520308904|Valia Petrov|2022-02-02 22:23:10|1|1|10159548395368904|facebook
I’d be happy if they were near my house! They stop honking in the night so people can sleep, clean the streets daily and have overwhelmed the food banks with donations. That’s just a few examples of what the news is neglecting to tell you.|10159548522408904|James Fox|2022-02-02 22:23:10|1|1|10159548395368904|facebook
it’s glad to see unity across the country regardless of political views or race or religion we are all people who just want to make the best of our lives and it really has given a lot of pride to be Canadian again 🙂 🇨🇦🇨🇦|10159548713018904|Brodie Thomas|2022-02-02 22:23:05|1|1|10159548395368904|facebook
people want to enjoy their Saturday, not overthrow the government for you.|10159548535158904|Stephen Humphrey|2022-02-02 22:23:10|1|1|10159548395368904|facebook
Hahaha! Sure!|10159548560433904|Joanne Bradley|2022-02-02 22:23:10|1|1|10159548395368904|facebook
there will be tons of variants. Time to learn to live with them and open up Everything. Trudeau has been tormenting the whole country for the last 2 years. Enough is enough.|10159548584713904|Valia Petrov|2022-02-02 22:23:10|1|1|10159548395368904|facebook
Greg Watrich really Greg, that's your solution? Tell me something, if a homeless person built the shelter on public land, how long do you think it would take before the police showed up to arrest him and tear the shelter down?|10159548698198904|Brenda Leigh|2022-02-02 22:23:11|1|1|10159548395368904|facebook
Greg Watrich oh I'm sure all the companies in the industrial areas want their roads blocked and honking horns all day while they are at work.🙄|10159548704653904|Sheila Fee|2022-02-02 22:23:11|1|1|10159548395368904|facebook
honk away Truckers for freedom !!!|10159548708668904|Linda Lise Mertes|2022-02-02 22:23:11|1|1|10159548395368904|facebook
make sure you go downtown without earplugs.|10159548714438904|Sheila Fee|2022-02-02 22:23:11|1|1|10159548395368904|facebook
I'm honored to..honk honk|10159548715338904|Linda Lise Mertes|2022-02-02 22:23:11|1|1|10159548395368904|facebook
have fun losing your hearing.|10159548715968904|Sheila Fee|2022-02-02 22:23:11|1|1|10159548395368904|facebook
aww. the elites who can afford to live in downtown Ottawa are whining about what the government started. TOO BAD.|10159548602598904|Mike Johnson|2022-02-02 22:22:54|0|1|10159548395368904|facebook
This new variant of covid has only been around since about November. Maybe if you let the science and governments catch up you would get your wish. However doing things like tormenting Ottawa citizens is not going to help in the least.|10159548532463904|Will Bedford|2022-02-02 22:23:10|1|1|10159548395368904|facebook
The reason we’re in the situation is because people keep spreading this crap!|10159548584718904|Kevin Sampson|2022-02-02 22:23:09|1|1|10159548395368904|facebook
This is not Peacefuffy 75% of them as you say should be in with Comrade North Korea if there dont like Canada or Gov move on simple|10159549983763904|Kenneth Hill|2022-02-09 22:22:59|1|1|10159548395368904|facebook
"imagine mandating a ""vaccine"" for something not even deadly to most to begin with?"|10159548425938904|Aaron Manikoth|2022-02-02 22:23:00|1|1|10159548395368904|facebook
I just spit out my coffee. Thanks for the support on my comment 😊|10159549871988904|Julie Anne|2022-02-09 22:22:59|1|1|10159548395368904|facebook
actually no. If you sat and watched someone die, and you had the power to save them, and did nothing to save them. That's called depraved indifference to human life. It's a fellony.|10159549211463904|Jeff Pozin|2022-02-09 22:23:04|1|1|10159548395368904|facebook
REALLLLLY now? Call the army on people exercising their RIGHT to peacefully assemble? Such a good little fascist you are comrade, shouldn't you be in China or North Korea comrade?|10159549872923904|Steve Coles|2022-02-09 22:22:59|1|1|10159548395368904|facebook
terror is not a human right. People I Ottawa are afraid.|10159548677748904|Gaille Musgrove|2022-02-02 22:23:04|1|1|10159548395368904|facebook
they may be stiff out of luck there, protests are a human right therefore they cannot be held accountable.|10159548511043904|David Ramsay|2022-02-02 22:22:54|0|1|10159548395368904|facebook
are you a lawyer?|10159548716418904|Brenda Leigh|2022-02-02 22:23:03|1|1|10159548395368904|facebook
Laughable lawsuit. What a waste of time. You don’t have a case.|10159548567673904|Andrea Myknahlea|2022-02-02 22:22:54|0|1|10159548395368904|facebook
not quite https:// mobile.twitter.c om/ paulchamplaw/ status/ 1489816974456672 258|10159548450463904|Colin Crow|2022-02-02 22:23:00|1|1|10159548395368904|facebook
So fascist, peoples rights don't matter to you do they comrade? Go to North Korea, you'd be happier there.|10159550010718904|Steve Coles|2022-02-09 22:22:59|1|1|10159548395368904|facebook
Ummm military already said no and so did tow trucks… sorry nazi|10159548505878904|Dan Ciurlia|2022-02-02 22:23:02|1|1|10159548395368904|facebook
Said Stalin.|10159548464513904|Lukasz Suckiel|2022-02-02 22:23:02|1|1|10159548395368904|facebook
If you're against truckers having to be vaccinated when crossing international borders, what solutions are your proposing for stopping COVID?|10159549812628904|Todd Ferguson|2022-02-09 22:23:01|1|1|10159548395368904|facebook
no so we can go back to live a normal life …. That’s what they are asking 🤷🏻‍♂️|10159548426033904|Andrea Montanaro|2022-02-02 22:23:00|1|1|10159548395368904|facebook
"""anarchists/ separatists"" Got any proof of that honey or are you just vomiting libtard barking points?"|10159549858128904|Steve Coles|2022-02-09 22:22:59|1|1|10159548395368904|facebook
They'll leave when the money runs out.|10159548537358904|Stephen Humphrey|2022-02-02 22:23:01|1|1|10159548395368904|facebook
<<|10159548492438904|Bob Sobie|2022-02-02 22:23:01|1|1|10159548395368904|facebook
Imagine thinking that was actually asked for.|10159548426623904|Michael Doherty|2022-02-02 22:23:00|1|1|10159548395368904|facebook
Did you even read the convoys manifesto? What 'they' want.|10159548427203904|Gordon McCann|2022-02-02 22:23:00|1|1|10159548395368904|facebook
deadly enough to stress our health care system|10159548428543904|Josh Field|2022-02-02 22:23:00|1|1|10159548395368904|facebook
well let’s all go to your house and honk round the clock for several days!|10159548432758904|Joanne Bradley|2022-02-02 22:23:00|1|1|10159548395368904|facebook
that's been stressed for decades already?|10159548432908904|Aaron Manikoth|2022-02-02 22:23:00|1|1|10159548395368904|facebook
not like this|10159548433388904|Josh Field|2022-02-02 22:23:00|1|1|10159548395368904|facebook
yes … I did! All they are asking is to drop these useless mandates and restrictions just as plenty of other countries have already done …. Simple as that ! Trudeau’s resignation is not even their top priority…. Also FYI make sure that you are aware that when you say “they” you mean thousands of people from all walks of life and backgrounds including First Nations…… but I’m sure you know that right?!|10159548434098904|Andrea Montanaro|2022-02-02 22:23:00|1|1|10159548395368904|facebook
lol sure, keep being a gullible fool and thinking that|10159548435108904|Aaron Manikoth|2022-02-02 22:23:00|1|1|10159548395368904|facebook
Every accusation is a confession with you people. Regressives like to say people are triggered, when they are the most thin-skinned, reactionary snowflakes imaginable. They snivel and whine and cry about *everything*. Bunch of 🤡|10159548473283904|Colin Richardson|2022-02-02 22:23:00|1|1|10159548395368904|facebook
yeah but that’s like the last resort …. If Trudeau did what Boris Johnson did in the UK they would all go pack theirs stuff and go home ….. it’s actually a very simple solution. Too bad that our PM is not listening to anyone rather than his ego|10159548445268904|Andrea Montanaro|2022-02-02 22:23:00|1|1|10159548395368904|facebook
Voice to text in a rushed setting often produces unintended results. Corrected.|10159550033303904|Jeff Pozin|2022-02-09 22:23:04|1|1|10159548395368904|facebook
Pat Arenburg or a vaccination… cry babies.|10159548455123904|Norma Elgersma Caira|2022-02-02 22:23:00|1|1|10159548395368904|facebook
He needs to call the army in & i think it will not be long before you see boots on the ground Then RCMP can move the trucks & ticket the Drivers|10159549030743904|Kenneth Hill|2022-02-02 22:22:59|1|1|10159548395368904|facebook
right was that for two weeks or four years|10159548649858904|Louise Michelle|2022-02-02 22:23:05|1|1|10159548395368904|facebook
Justin just needs to man up and deal with it so it can end|10159548462788904|Julie Anne|2022-02-02 22:22:54|0|1|10159548395368904|facebook
She means man up by doing his job for a change and protecting citizens, not his ego we’ve become so accustomed to.|10159548697518904|Craig W F Hamilton|2022-02-02 22:22:59|1|1|10159548395368904|facebook
it’s the same way here in Ontario it’s actually disgusting considering if your unvaxxed you pose no more threat to anyone in society then a vaxxed it’s about control And money and I total support the truckers for standing up for our rights, where does the governments over reach stop if it’s not here?? History does repeat itself if we let it|10159548613238904|Brodie Thomas|2022-02-02 22:23:05|1|1|10159548395368904|facebook
"oh here we go. wtf are you talking about lol that's just lies made up. Wherever they are you show me. Either way he needs to address the protest. That's what politicians are supposed to do since they work ""for the people"""|10159548469828904|Julie Anne|2022-02-02 22:22:59|1|1|10159548395368904|facebook
they have no right whatsoever to be carrying Nazi and Rebel flags.|10159550279618904|Gaille Musgrove|2022-02-09 22:23:04|1|1|10159548395368904|facebook
Yes thanks |10159548832303904|Julie Anne|2022-02-02 22:22:59|1|1|10159548395368904|facebook
you must be supporting the coward|10159549010148904|Frances Caputo|2022-02-02 22:23:15|1|0|10159548395368904|facebook
How about all the businesses that couldn't open their doors, and the noise all night every night, people have lost over a week of sleep from these idiots. Time to go home.|10159550848938904|Marlisle Carlton|2022-02-09 22:22:56|0|0|10159548395368904|facebook
They have ruined the city's downtown. Horrible situation.|10159548546328904|Amina Mire|2022-02-02 22:22:56|0|0|10159548395368904|facebook
Sue the government, not the freedom convoy.|10159548587938904|Anna Golodina|2022-02-02 22:22:56|0|0|10159548395368904|facebook
Yawn.|10159548950703904|John A Metcalf|2022-02-02 22:23:14|1|0|10159548395368904|facebook
🤮|10159548493173904|Anthony Fornasier|2022-02-02 22:23:19|1|0|10159548395368904|facebook
I guessed you missed where most people are anti mandates.|10159548741733904|John A Metcalf|2022-02-02 22:23:14|1|0|10159548395368904|facebook
Power to the residents !!|10159548429903904|Anthony Fornasier|2022-02-02 22:22:56|0|0|10159548395368904|facebook
All these trucks polluting our air unnecessary, just cause they are scared of getting a little needle 💉 😝|10159548439878904|Graham Herriott|2022-02-02 22:22:56|0|0|10159548395368904|facebook
Anthony and the population of residents just grew substantially January 29th. ;)|10159548455158904|Vin Scott|2022-02-02 22:23:19|1|0|10159548395368904|facebook
Maybe just give canadians back their freedom of choice and right to medical privacy.  That seems easier.|10159548536228904|John A Metcalf|2022-02-02 22:22:54|0|0|10159548395368904|facebook
When tyranny becomes law, rebellion becomes duty. -Thomas Jefferson|10159549856963904|Steve Coles|2022-02-09 22:23:13|1|0|10159548395368904|facebook
💯|10159549551163904|Mike Moore|2022-02-09 22:23:13|1|0|10159548395368904|facebook
Nope I am too. But to denounce that there has been trouble and the truckers building illegal structures doesn't fit your narrative.|10159548764478904|Brenda Leigh|2022-02-02 22:23:14|1|0|10159548395368904|facebook
Lukasz medical discrimination encouraged by the government was never justified. And it's a shame to see it normalized. Smh|10159549428853904|Vin Scott|2022-02-02 22:23:13|1|0|10159548395368904|facebook
Not a small fringe group anymore|10159549999398904|Roxanne Mackenzie|2022-02-09 22:22:54|0|0|10159548395368904|facebook
"""State of Emergency"" ???... Get real... ANY restaurant, coffee shop, grocery store or corner store in Ottawa is making a soooo much money if they are open."|10159550635218904|Randy Thomas|2022-02-09 22:22:54|0|0|10159548395368904|facebook
🙄|10159548676143904|Gaille Musgrove|2022-02-02 22:23:18|1|0|10159548395368904|facebook
Lukasz alternative routes have presented themselves.|10159549426273904|Vin Scott|2022-02-02 22:23:13|1|0|10159548395368904|facebook
"I'm being denied high paying job opportunities because I'm a strong healthy person who hasn't been sick for years and who refuses to inject a drug in my body to ""protect me"" from something I am most likely naturally immune to.  Never did I think Canadian government and Canadian businesses would treat me in such a discriminatory way.  My entire family feels the same way now, even the ones that are double dosed as they will not take anymore boosters."|10159548773033904|Lukasz Suckiel|2022-02-02 22:23:13|1|0|10159548395368904|facebook
The money they're getting in donations.  Once GoFundMe deals with giving back the money to donators then those donators will donate it through a platform that isn't discriminatory.|10159548761673904|Lukasz Suckiel|2022-02-02 22:23:13|1|0|10159548395368904|facebook
😖|10159548680153904|Gaille Musgrove|2022-02-02 22:23:13|1|0|10159548395368904|facebook
Anthony ;)|10159548588603904|Vin Scott|2022-02-02 22:23:19|1|0|10159548395368904|facebook
ok you keep your head and the sand|10159548437563904|Josh Field|2022-02-02 22:23:00|1|0|10159548395368904|facebook
its about time there seeking damages from a small minorty bunch of people that only care about them self.|10159549025808904|Kenneth Hill|2022-02-02 22:22:54|0|0|10159548395368904|facebook
Watson and Sloly pleading and saying there is no policing solution don't inspire confidence this will end any day soon, or without some really bad ending...magica l thinking & lack of leadership in strategizing for this convoy coming from across this vast country in the dead of winter got city into this mess|10159549594098904|Lorraine Thomas|2022-02-09 22:22:54|0|0|10159548395368904|facebook
...you're not worth the debate......|10159549834273904|Angela Mullan|2022-02-09 22:23:12|1|0|10159548395368904|facebook
....GO TAKE A REST.....NOBODY LISTENS TO PEOPLE LIKE YOU.....|10159549804728904|Angela Mullan|2022-02-09 22:23:12|1|0|10159548395368904|facebook
So it is not number 1 on their list, so it is not relevant?|10159548438268904|Gordon McCann|2022-02-02 22:23:00|1|0|10159548395368904|facebook
bring in the military....... .and keep them there until all those idiots are gone.|10159548910373904|Sandra Salas|2022-02-02 22:22:56|0|0|10159548395368904|facebook
Wht tf do you like living under tyranny for no good reason. Covid is a political motive. Facts don't care about your feelings.|10159548781708904|Kevin Paul|2022-02-02 22:23:18|1|0|10159548395368904|facebook
https:// youtu.be/ 4Unt03UBhbU|10159548465068904|Patrick Collins|2022-02-02 22:23:16|1|0|10159548395368904|facebook
...you mean other citizens...??!!|10159548499813904|Helen Kefalas|2022-02-02 22:22:54|0|0|10159548395368904|facebook
lol fail. Absolute fail.  https:// www.google.com/ amp/s/ nationalpost.com /news/world/ johns-hopkins-un iversity-study- covid-19-lockdo wns/wcm/ 57324faf-9d83-44 a5-9cfe-9ab5160 8ff64/amp/|10159548544523904|Brad Dean Whitford|2022-02-02 22:23:17|1|0|10159548395368904|facebook
ok, clarified, my mistake.|10159548434958904|Joanne Bradley|2022-02-02 22:23:18|1|0|10159548395368904|facebook
There is no damage|10159548594333904|Chris Urban|2022-02-02 22:22:56|0|0|10159548395368904|facebook
Good luck with that.|10159549062843904|Bill Townsend|2022-02-02 22:22:56|0|0|10159548395368904|facebook
Funny…it’s only the Pravdas of Canada that spew this stuff…|10159548564358904|Michael Malcolm|2022-02-02 22:22:56|0|0|10159548395368904|facebook
Don't worry, that money will balance it's self 👌|10159548458373904|Shane O'Hara|2022-02-02 22:22:56|0|0|10159548395368904|facebook
I dont want the government to drop the mandates! My opinion is as valid as yours!|10159548438098904|Joanne Bradley|2022-02-02 22:23:18|1|0|10159548395368904|facebook
WGAF?|10159548439333904|Phillip Herring|2022-02-02 22:23:18|1|0|10159548395368904|facebook
It’s time for them to return to work.|10159553791503904|Margie Macdougall|2022-02-09 22:22:56|0|0|10159548395368904|facebook
how is that . it is winter so the noise is not the issue ?|10159548421158904|Peter Mesi|2022-02-02 22:22:56|0|0|10159548395368904|facebook
As long as Police does not drive them awas, is any citizen allowed, to arrest them?|10159549234258904|Jan Behrend|2022-02-02 22:22:56|0|0|10159548395368904|facebook
This is the same coward that called these guys terrorists and racist. Trudeau has to go. He is pethetic and weak and many more negative points. Trudeau=poison.|10159548773148904|Kevin Paul|2022-02-02 22:22:59|1|0|10159548395368904|facebook
Spoiler alert: USA says they're still not going to let in unvaccinated truckers.|10159550010128904|Xavier Bordeaux|2022-02-09 22:22:56|0|0|10159548395368904|facebook
🤔🤣|10159550607608904|Ioan Ciolan|2022-02-09 22:23:17|1|0|10159548395368904|facebook
Just comply and things will get back to normal, isnt that what you people spent the last 2 years telling us. Well, now its your turn.|10159548546138904|Brad Dean Whitford|2022-02-02 22:23:17|1|0|10159548395368904|facebook
How's the weather in minsk comrade?|10159548487613904|Bob Sobie|2022-02-02 22:23:17|1|0|10159548395368904|facebook
-- actually you clearly commented you support mandates-- plural. Nice try -- as you say.|10159548476168904|Ian Robinson|2022-02-02 22:23:18|1|0|10159548395368904|facebook
Anyone who wants to oppress Canadians with these mandates has forfeited their citizenship in my opinion.|10159548482843904|Lukasz Suckiel|2022-02-02 22:22:59|1|0|10159548395368904|facebook
No it won't, quit spreading misinformation.|10159548463838904|Patrick Collins|2022-02-02 22:23:17|1|0|10159548395368904|facebook
When you stop obaying the law.by parking .gas.building on roads blowing horns the list goes on .your right then ends.these are 99% conservative people that dont care about law only them self there born that way & will die that way.there not Canadians & should move on|10159550219283904|Kenneth Hill|2022-02-09 22:22:59|1|0|10159548395368904|facebook
🤔|10159550604788904|Ioan Ciolan|2022-02-09 22:22:59|1|0|10159548395368904|facebook
Imagine. Triggered by a honk.|10159548418023904|Michael Doherty|2022-02-02 22:22:54|0|0|10159548395368904|facebook
Not quite. You've exercised certain choices, which tells me you affirm the idea of having a choice. You are still free to mask up, self-isolate, line up for another booster, and your freedom to do those things is not being threatened. They are fighting for the same freedom to do all that, if they choose to. I hope this helps.|10159548457978904|Jack Massalski|2022-02-02 22:23:18|1|0|10159548395368904|facebook
- and heart attacks, blood clots, still births, etc. But I get your point. (Pun intended)|10159548763033904|Steve Beinicke|2022-02-02 22:23:16|1|0|10159548395368904|facebook
I didn't know us Canadians had the right to oppress other Canadians. When did Canada become the Soviet Union?|10159548467968904|Lukasz Suckiel|2022-02-02 22:23:18|1|0|10159548395368904|facebook
If they only knew the different in what Drs. are saying and what fake sites are saying they might not be so afraid of needles,but it's like you can take a horse to water but you can't make him drink. I feel bad for the lives that have been uprooted over this it's not their fault and they should be able to live in their own homes and not have to put up with this mess. Vaccines do work!! without them more lives would be lost and hospitals will crash.|10159548527288904|Loretta J P Caissie|2022-02-02 22:23:16|1|0|10159548395368904|facebook
Pat Arenburg Thank you 👍|10159548425923904|Michael Doherty|2022-02-02 22:23:00|1|0|10159548395368904|facebook
Graham https:// youtu.be/ 25-iJKPA1CA|10159548466353904|Patrick Collins|2022-02-02 22:23:16|1|0|10159548395368904|facebook
https:// youtu.be/ gJ8t0qQ5R4I|10159548465518904|Patrick Collins|2022-02-02 22:23:16|1|0|10159548395368904|facebook
The fact up to 8 people liked her comment is troubling. It's a scary thing when you have people who want to force drugs in your body and take away job opportunities from you and ban you from venues.  I haven't even been sick for over 4 years meanwhile these people probably are sick like several times a year and they're trying to control my life. It's infuriating.|10159548470783904|Lukasz Suckiel|2022-02-02 22:23:18|1|0|10159548395368904|facebook
It wa the government telling people to stay away.|10159548427968904|Louise Michelle|2022-02-02 22:23:18|1|0|10159548395368904|facebook
I hope you feel the same way about all protests including FN protesters who have held Caledon hostage for years and their rail blockades that held the entire nation hostage costing the economy tens of billions. So far no injunctions have been issued so this is still a legal protest unlike most FN and environmental protests|10159548695573904|Zane Grey|2022-02-02 22:23:05|1|0|10159548395368904|facebook
Arrest him no. Assist him yes. Humanitarian compassion is expected from all levels of government in Canada. Period.|10159548713128904|Greg Waters|2022-02-02 22:23:11|1|0|10159548395368904|facebook
Must safer than what was going on in Portland and Seattle few months ago!.|10159549038633904|Rod Booher|2022-02-02 22:22:54|0|0|10159548395368904|facebook
no… there are reasonable limits. and they’ve been breached.|10159549118523904|Sean Horne|2022-02-02 22:23:04|1|0|10159548395368904|facebook
and what have you been smoking????|10159548488873904|Linda Sartor|2022-02-02 22:23:06|1|0|10159548395368904|facebook
Go home, Dipshits!!🎵|10159550454823904|Philip Standard|2022-02-09 22:23:06|1|0|10159548395368904|facebook
Sue the pants off the occupiers.|10159548878283904|David Wale|2022-02-02 22:22:54|0|0|10159548395368904|facebook
fyi well not really but for those bonehead truckers, if vaccination mandate lifted tomorrow, you still can't enter the u.s.|10159548879463904|David Wale|2022-02-02 22:23:07|1|0|10159548395368904|facebook
Oh and I'm a trucker have been fer 24yrs and absolutely do not support any if these blockades.|10159548915478904|David Wale|2022-02-02 22:23:07|1|0|10159548395368904|facebook
"Perhaps police should handle these protesters the way they did at the Toronto G20 summit then. ""Kettling,"" anyone?"|10159550065473904|Carol Coles|2022-02-09 22:23:08|1|0|10159548395368904|facebook
Sorry your still held accountable for your actions.|10159549197273904|Cheryl Ingold|2022-02-02 22:23:04|1|0|10159548395368904|facebook
why?!|10159548460728904|Shane O'Hara|2022-02-02 22:23:09|1|0|10159548395368904|facebook
Afraid of what….. democracy?|10159548979583904|Brian Leach|2022-02-02 22:23:04|1|0|10159548395368904|facebook
I was trained under Red cross and actually have the right to deny help under certain situations, i also only have the moral obligation to save a life, not a legal obligation, do your research, 3 causes for me to deny help, if i feel my safety in under threat and if i am in danger of being infected by close contact, ir if my attempt to save that life can further place that person in harm, re, if the person is under the influence of drugs, under the present covid situation New Zealand Government policies are now set if i do either, try to save the life of a person with a psychiatric record both past and present, or anybody in special needs, Down Syndrome, or all forms of Palsy, if i attempt to resuscitate any such person i can be subject to a $500,000 fine of five years in jail or both, this law was passed by the New Zealand Government back in June of 2020 and coincides with the right to end life bill which is now law, it is not my current employment as a medic, i am only volunteer,|10159550301548904|David Ramsay|2022-02-09 22:23:04|1|0|10159548395368904|facebook
Ottawa residents should seek damage from Trudeau being held hostage over COVID mandates..!! Ottawa is the capital of Canada belongs to everyone!!|10159550858208904|Sylvia Zawislan|2022-02-09 22:22:54|0|0|10159548395368904|facebook
Had a great time today in Toronto... almost made me proud to be Canadian.|10159548760303904|Steve Beinicke|2022-02-02 22:22:54|0|0|10159548395368904|facebook
If everyone could sue each other just by being annoyed by sounds we’d have no duplexes, apartments, no dump trucks, no jack hammers, no lawnmowers anywhere etc. The protesters are covered even moreso, people protesting is a right. The case is a laugh and will be tossed out.|10159548761558904|Andrea Myknahlea|2022-02-02 22:23:03|1|0|10159548395368904|facebook
Don't like the noise from jets, don't buy a house close to a airport! Don't like protests, don't buy a house close to parliament buildings!🤔|10159548726813904|Ken Baird|2022-02-02 22:22:54|0|0|10159548395368904|facebook
They were. Canada had record breaking over 200K unemployment in January.|10159548646163904|Devin Lawrie|2022-02-02 22:22:58|1|0|10159548395368904|facebook
the banks will not do a chargeback when you can get a refund. You only have a case to request a chargeback if you don’t get your money in the timeframe they committed . Refunds are being automatically processed now https:// support.gofundme .com/hc/en-us/ articles/ 4417771259163-Fr eedom-Convoy-20 22-Refund-Reque st-|10159548584783904|Heather MacDonald|2022-02-02 22:23:09|1|0|10159548395368904|facebook
The Other 98% 0 29 December 2021 • g I refuse to put on winter tires because: • It's my car, my choice, my freedom. • The effectiveness of winter tires is not proven, except by studies carried out by the manufacturers (like I'm supposed to trust them). • My neighbor Bob had an accident even after putting on winter tires. • Some drivers are already on their 3rd set of tires, which proves their ineffectiveness . • We do not know what the tires are made of. • The tire manufacturers scare us with winter just to enrich themselves. • In fact, I read on the internet that the tire giants invented snow and spread it at night when you sleep. • If I have winter tires, the government can track me in the snow. Educate yourself, open your eyes, stop being sheep! This year, I say no to winter tires!|10159548744443904|John Godfreyson|2022-02-02 22:23:02|1|0|10159548395368904|facebook
We'll see what happens, people are going to do what they want and they'll be contacting their credit card companies anyways.  Either way GoFundMe is going to take a major loss for this. People from around the world support Canada's convoy and they most likely will never donate another dollar through the GoFundMe platform.|10159548587393904|Lukasz Suckiel|2022-02-02 22:23:09|1|0|10159548395368904|facebook
, a very long time. I don’t like to waste an officer’s time and our tax dollars on something so trivial.|10159548776578904|Seren Joti Chatterjee|2022-02-02 22:23:06|1|0|10159548395368904|facebook
Take a look at my profile photo, it is the New Zealand flag being flown upside down and my timeline photo i hear is creating some waves, we have a thing called free expression, you need schooling on equal rights to free expression, what's the bet if that was BLM members driving those trucks they would have no resistance whatsoever, they will not be flying the Nazi flag because they are Arian, it is because they are using it because they feel that is the kind of leaders they have.|10159550303048904|David Ramsay|2022-02-09 22:23:04|1|0|10159548395368904|facebook
Lol oh I will ...come out n join some love fun Truckers 🇨🇦❤🙏|10159548811038904|Linda Lise Mertes|2022-02-02 22:23:11|1|0|10159548395368904|facebook
Andrew Karvonen no Canada is described as a full democracy apparently you didn’t pay attention in school|10159548761583904|Brodie Thomas|2022-02-02 22:23:05|1|0|10159548395368904|facebook
so is the country By a powerhungry, useless, POS|10159548682983904|Manny Ribeiro|2022-02-02 22:23:05|1|0|10159548395368904|facebook
you and me both ha really restored my pride and restored my faith that majority of Canadians are waking up don’t let the media fool you as it does most of us that convoy had thousands and thousands of people showing support all the way across the country small towns had thousands of people it’s inspiring and started a revolution around the world Canada proud and strong 🙂 I’m very happy to see people coming here share the same views and want to keep this country great 😊|10159548735698904|Brodie Thomas|2022-02-02 22:23:05|1|0|10159548395368904|facebook
going on 3 years now. My comment was made in sarcasm though, i love using the same logic they used against them|10159548739603904|Brad Dean Whitford|2022-02-02 22:23:05|1|0|10159548395368904|facebook
I don't listen to the main media because i know they are not saying the truth.|10159548740253904|Juliette Karam-Ibrahim|2022-02-02 22:23:05|1|0|10159548395368904|facebook
and the 100k to 200k is all across Canada they want to deny the 35 million others that HAVE their vaccine freedom they are the ones filling up the ICU's they are selfish crybabies|10159551595673904|Michael Hawley|2022-02-09 22:23:04|1|0|10159548395368904|facebook
exactly 🙂|10159548744638904|Brodie Thomas|2022-02-02 22:23:05|1|0|10159548395368904|facebook
well said and very true|10159548747078904|Brodie Thomas|2022-02-02 22:23:05|1|0|10159548395368904|facebook
Andrew Karvonen no socialist involved|10159548747748904|Brodie Thomas|2022-02-02 22:23:05|1|0|10159548395368904|facebook
"cool. I was Red Cross trained as well, and I attended law school as part of my professional designation; and just as under certain situations and circumstances you do have the legal right to refuse to save a life; under certain other situations and circumstances, you not only have the moral obligation, but also the LEGAL obligation to attempt to save a life, regardless of whether you're a professional or not. These circumstances and situations mainly hinge around the body of laws known as ""duty to rescue"", and, especially in the US ""Good Samaritan legislation"" (most specifically the sections of the law that are not about shielding you from unsuccessful attempts, or damage caused from a well intended rescue). Although the law school I attended was not in... New Zealand... Perhaps you might want to ""do your research"" 🙄 (did you REALLY say that?), on what the specific laws are in other... slightly more populated countries. Just a thought."|10159550850838904|Jeff Pozin|2022-02-09 22:23:04|1|0|10159548395368904|facebook
The mandates don’t appear to be legal, if you’ve read the charter, and decisions made in regards to the legal interpretations of that charter.|10159550077088904|Pugsley DeCat|2022-02-09 22:23:05|1|0|10159548395368904|facebook
Jim yeah. By the government. I agree.|10159548775618904|Shane Gallinger|2022-02-02 22:23:05|1|0|10159548395368904|facebook
These leftist commie truckers need to obey the rule of law or be arrested|10159550577558904|Nicolai Hilckmann|2022-02-09 22:23:04|1|0|10159548395368904|facebook
yes and they lined up for food for hours be lucky to get a piece of bread lots of them literally ate shoe leather or Cuba or Venezuela have terrible living conditions and get rationed food not I want for Canada as should no one else|10159548807968904|Brodie Thomas|2022-02-02 22:23:05|1|0|10159548395368904|facebook
Andrew Karvonen I never said it was communism state I said trudeau admires the communist regime of China and would love to make this country like that don’t mix my words to fit your narrative and no Canada is a democracy yes there are some socialist views within our system but it’s a democracy and these are all things our tax dollars pay for not protesting paying tax dollars protesting the freedom to choose what is best for me especially against an experimental vaccine the mandates don’t work the vaccine doesn’t work you can still get covid spread it around and still Die from it let me ask you this is you got three doses of small pox vaccine and still got small pox would you think it was an effective vaccine???? I would think not and what about all the negative affects of lockdowns anti depression medication is being taken 3000 percent more then before what about the business who lost everything or our next generation of children not being educated that’s scary|10159548826533904|Brodie Thomas|2022-02-02 22:23:05|1|0|10159548395368904|facebook
Funny how I can’t reply to you Andrew karvone n|10159548828358904|Brodie Thomas|2022-02-02 22:23:05|1|0|10159548395368904|facebook
you chose, you weren't forced|10159548915308904|John Derksen|2022-02-02 22:23:05|1|0|10159548395368904|facebook
Well my friend, this was one of those situations where you had the right to remain silent. I’m not clear if you refused to treat, on the basis of fear of reprisal, or because you were adhering to a principal that you had bound yourself to for personal reasons, but the moral benefits from risking ones person to save another should be so great as to rule the moment, day, week and year!|10159550410608904|Alan MacDonald|2022-02-09 22:23:04|1|0|10159548395368904|facebook
"I see you managed to pull the old trusted ""race card"" out of that whole diatribe. Not sure if you've watched the protest but there's actually just about every nationality and ethnic group participating so when you refer to white privilege I'm afraid your point doesn't have much weight."|10159549744608904|Jake Christensen|2022-02-09 22:23:05|1|0|10159548395368904|facebook
The Other 98% 0 29 December 2021 • g I refuse to put on winter tires because: • It's my car, my choice, my freedom. • The effectiveness of winter tires is not proven, except by studies carried out by the manufacturers (like I'm supposed to trust them). • My neighbor Bob had an accident even after putting on winter tires. • Some drivers are already on their 3rd set of tires, which proves their ineffectiveness . • We do not know what the tires are made of. • The tire manufacturers scare us with winter just to enrich themselves. • In fact, I read on the internet that the tire giants invented snow and spread it at night when you sleep. • If I have winter tires, the government can track me in the snow. Educate yourself, open your eyes, stop being sheep! This year, I say no to winter tires!|10159548743018904|John Godfreyson|2022-02-02 22:23:02|1|0|10159548395368904|facebook
you’re telling me that if you have a sick friend that needs money to get through their issue, you’re not gonna give them any just because it’s a go fund me! Say no more!!! And you do realize that go fund me is losing $400,000 right out did this deal!|10159548594058904|Kevin Sampson|2022-02-02 22:23:09|1|0|10159548395368904|facebook
The local tow truck companies are not cooperating. 👍|10159548645858904|Sacho Kocevski|2022-02-02 22:23:02|1|0|10159548395368904|facebook
Time to move Parliament out of Ottawa if the city dislikes it’s local proximity to the federal activities. Airports were moved out of cities due to noise complaints, now it’s time to put Parliament into its own industrial zone for freedom to protest and celebrate as large as possible|10159548426898904|Greg Waters|2022-02-02 22:22:54|0|0|10159548395368904|facebook
nice conspiracy theory.|10159548700193904|Brenda Leigh|2022-02-02 22:23:10|1|0|10159548395368904|facebook
guessing Nikki or others aren't there. It's all fun & games until it's in their back yards|10159548701183904|Brenda Leigh|2022-02-02 22:23:10|1|0|10159548395368904|facebook
You are right|10159549551158904|Mike Moore|2022-02-09 22:23:10|1|0|10159548395368904|facebook
yeah|10159549551168904|Mike Moore|2022-02-09 22:23:10|1|0|10159548395368904|facebook
Your perspective is naïve and a bit childish.|10159549940933904|Greg Joiner|2022-02-09 22:23:10|1|0|10159548395368904|facebook
... people in downtown Ottawa if you don't like what is going on, go sit in front of 's house in Grande Riviere and honk your horns all day and night. When she comes out to complain, then you can laugh in her face and keep honking.|10159549983538904|Martin Bell|2022-02-09 22:23:10|1|0|10159548395368904|facebook
good idea but he won’t come out (Coward)|10159550376733904|Rino Michaud|2022-02-09 22:23:10|1|0|10159548395368904|facebook
It’s just 2 weeks to flatten the curve.|10159548564628904|Seren Joti Chatterjee|2022-02-02 22:22:54|0|0|10159548395368904|facebook
Greg Watrich hey I just posted this in Nanaimo paper|10159548450458904|Louise Michelle|2022-02-02 22:23:11|1|0|10159548395368904|facebook
I'm not being nasty. I never called you any names or insulted you. I'm merely being blunt.|10159548597068904|Lukasz Suckiel|2022-02-02 22:23:09|1|0|10159548395368904|facebook
Amen.|10159548536593904|John A Metcalf|2022-02-02 22:23:11|1|0|10159548395368904|facebook
more like cry bullies.|10159548524078904|Janice Munro|2022-02-02 22:23:00|1|0|10159548395368904|facebook
I think people need to go back to civics class! If you can’t even understand how the process works, how do you even know your freedoms are being taken away! Take a bit of time and brush up on who the governor general is and the role they play, just a hint, there are figurehead with no power really lol. Then when you’re done that take a look at the charter of rights and tell me exactly what freedom you’ve lost!|10159548514203904|Kevin Sampson|2022-02-02 22:23:00|1|0|10159548395368904|facebook
Excellent analogy in proving my point! Thanks dude.|10159548513443904|Michael Doherty|2022-02-02 22:23:00|1|0|10159548395368904|facebook
it’s not what this country was built on and it is very sad the divide and lack of choice for yourself among countless other things is a disgrace for what this great nation stands for and those freedoms are why someday people want to move here to get away from those things I am part aboriginal but most of my ancestors are immigrants to this country and they came here for a better life and moulded a great nation and my grandfathers went to war to stand up against this sort of thing now I can’t go into a restaurant and sit down unless I show papers….|10159548708538904|Brodie Thomas|2022-02-02 22:23:05|1|0|10159548395368904|facebook
honking stops at 6pm every evening for you information.|10159548496103904|Murray Tederoff|2022-02-02 22:23:00|1|0|10159548395368904|facebook
I'm not a Trudeau supporter but this group are like toddlers throwing a tantrum, it's best to ignore them.|10159548472138904|Nat Jones|2022-02-02 22:23:00|1|0|10159548395368904|facebook
That’s what a Regional Capital District is for - government and all it facets.|10159548716668904|Greg Waters|2022-02-02 22:23:11|1|0|10159548395368904|facebook
well with any luck the variants will continue to become weaker. However there's no guarantee that they will. Just because you think life should return to normal doesn't mean it should. There's proof coming out that omicron protects a person from catching it multiple times. the United States are almost up to a million dead. We all want to see things return to normal. This latest variant may allow us to do that however blockading cities and tormenting Ottawa citizens is not going to help this process.|10159548590328904|Will Bedford|2022-02-02 22:23:10|1|0|10159548395368904|facebook
Jeff A Kauffeldt No they don't. It's 24/7.|10159548558928904|Glen Zelinsky|2022-02-02 22:23:00|1|0|10159548395368904|facebook
Ernie Scar Hahaha! They didn’t even apply for a permit! It’s an occupation of a city! Taking away the freedom of Ottawa citizens.|10159548563003904|Joanne Bradley|2022-02-02 22:23:10|1|0|10159548395368904|facebook
hey, don’t take my word for it, go check out the convoys Facebook and read a little bit. You’ll probably find it’s not what they’re telling you on the news.|10159548562048904|James Fox|2022-02-02 22:23:10|1|0|10159548395368904|facebook
I'm not the one telling them what to wear on their face and what drugs to inject in their bodies while banning them from venues and job opportunities.  You see because I love freedom and Canadians so much that I would never do that to any of them. The people that want that future for them are sick in the head.|10159548595053904|Lukasz Suckiel|2022-02-02 22:23:02|1|0|10159548395368904|facebook
The military did not say no. I grew up in a military family and you don’t get to say no. If ordered in they go. More fake news. Tow truck drivers are intimidated. Some D7 Cats would do the trick|10159548554448904|John Godfreyson|2022-02-02 22:23:02|1|0|10159548395368904|facebook
stop trying to stop covid. It’s a cold. Live with it|10159550058808904|Jason Gervais|2022-02-09 22:23:01|1|0|10159548395368904|facebook
I hope the pressure of many phone calls comes anyways, it should be as uncomfortable of a process for all involved in keeping these donations out of the hands of the protestors.  It's wrong on so many levels for GoFundMe to do this when they let funds for violent BLM protests go through no problem. Clearly they don't want any right wing customers.|10159548635133904|Lukasz Suckiel|2022-02-02 22:23:09|1|0|10159548395368904|facebook
it's shut down. GOFUNDME now decides whether donations go back to those who gave or it goes to charity. Looks like the people running it aren't getting rich any time soon.|10159548704373904|Brenda Leigh|2022-02-02 22:23:09|1|0|10159548395368904|facebook
"All their data are belong to us ""Donation site for Ottawa truckers’ ‘Freedom Convoy’ protest exposed donors’ data – TechCrunch"" https:// techcrunch.com/ 2022/02/08/ ottawa-trucker-f reedom-convoy-e xposed-donation /amp/"|10159555230463904|Fred Millner|2022-02-09 22:23:09|1|0|10159548395368904|facebook
99 % of these people are crazy Conservative .care only for them self no one else matters .just think what kind of a country canada would be in if we had then crazy cons in power.let hope they all get sued good|10159549037383904|Kenneth Hill|2022-02-02 22:23:01|1|0|10159548395368904|facebook
nice try bobby|10159548741373904|Jason Gervais|2022-02-02 22:23:01|1|0|10159548395368904|facebook
No response is a response|10159548518058904|Josie Bradford|2022-02-02 22:23:10|1|0|10159548395368904|facebook
🙄|10159548678568904|Gaille Musgrove|2022-02-02 22:23:01|1|0|10159548395368904|facebook
Anarchists from the Maverick party , trying to split up the country by any method available.Those from Alberta should go see Kenny about those restrictions. Oh ya he is one of ‘yours’.😎|10159548693553904|Gordon McCann|2022-02-02 22:23:00|1|0|10159548395368904|facebook
Ernie Scar ...omg...you can't cross the border because of US vaccine mandate...you people are comedy gold....🤣🤣🤣|10159548523928904|Darline Spragg|2022-02-02 22:23:10|1|0|10159548395368904|facebook
, looks like you’re fully immersed in the “fake news”, “conspiracy theory” BS that keeps authors of such nonsense in business, all the while fine tuning their skills to ensnare the next victim. Time to go home.|10159548525748904|David Bryson|2022-02-02 22:23:10|1|0|10159548395368904|facebook
Like any protests , start arresting people and the rest will disperse.|10159548689653904|Gordon McCann|2022-02-02 22:23:00|1|0|10159548395368904|facebook
‘They ‘ being anti- Vader’s? Sure do.😉|10159548685738904|Gordon McCann|2022-02-02 22:23:00|1|0|10159548395368904|facebook
Wow. If this isn't the definition of being held hostage...|10159548557033904|Glen Zelinsky|2022-02-02 22:23:10|1|0|10159548395368904|facebook
Don’t bother showing them facts or proof. According to some it is all part of the ‘ conspiracy ‘.😎|10159548682103904|Gordon McCann|2022-02-02 22:23:00|1|0|10159548395368904|facebook
"What evil people eh? They just want people to maintain control of what medical treatments they want to take without the threat of their livelihoods being taken away, or being treated like ""the Üntermensch"" and denied access to the same goods, services, treatment that the vaxxed get.  They're monsters! They must be stopped! 🤡🌍 HONK HONK"|10159548775188904|Shane Gallinger|2022-02-02 22:22:56|0|0|10159548395368904|facebook
