﻿comment|comment_ids|username|datetime|isreply|num_replies|post_id|label
We'll all of Canada has suffered now for 2 years! This is NOTHING compared to what the Seniors in care have suffered! Nothing to what people with disabilities have suffered! The thousands who've lost their jobs! 2 weeks is nothing!|10159558658438904|Iris Heckhausen|2022-02-09 22:41:01|0|8|10159558555078904|facebook
bye felicia, no one cares, cry elsewhere|10159559647553904|Bonnie Cull|2022-02-09 22:41:21|1|6|10159558555078904|facebook
I agree most Canadians are vaccinated. My point is about the leadership of the PM. As for winning an election, the majority of Canadians didn’t vote for Trudeau. Lastly, can you point to a demonstration of Trudeau being an effective leader?|10159558831908904|Corey Wells|2022-02-09 22:41:18|1|4|10159558555078904|facebook
Shes a cry baby con|10159559845723904|Bonnie Cull|2022-02-09 22:41:21|1|4|10159558555078904|facebook
if they stopped believing the news they’d probably go down and get free coffee 😂|10159559480958904|Bailey Ettinger|2022-02-09 22:41:08|1|3|10159558555078904|facebook
I feel for you. If it was me I would go to the person who had the power to stop it. Our prime minister. Lay the blame where it should land. He is finally speaking out after 10 days and still never addresses the problem. Makes Ford be the bad guy. Enough.|10159558732143904|Donna Duff|2022-02-09 22:41:01|0|3|10159558555078904|facebook
Tell your lawyer to read mine and find defamation of character or name calling. So don't include me in your comments about that. Just said move on. You have a choice.|10159559732763904|Victoria Machina|2022-02-09 22:41:21|1|3|10159558555078904|facebook
Aren't there multiple people who lost their jobs and are ruined because of governmental obstruction?|10159558742458904|Geordie Günther|2022-02-09 22:41:15|1|3|10159558555078904|facebook
thought not, but I do appreciate the rare acknowledgment that you are, in fact, unapologeticall y a terrible, awful person. It’s refreshingly clarifying.|10159558608128904|Charles Crosby|2022-02-09 22:41:20|1|3|10159558555078904|facebook
Have you heard ??? They are all dropping the MANDATES because they're not working. !!!|10159559705893904|Fern L. McCoy|2022-02-09 22:41:18|1|3|10159558555078904|facebook
I haven’t been hearing too much about aids anymore, and no vaccine for that. Are people still getting it?|10159559978788904|Barb Craig|2022-02-09 22:41:10|1|3|10159558555078904|facebook
Wellington Street is where all the trucks are. It's not a residential area. Parliament is surrounded by government buildings corporate buildings and museums. Nobody is cutting their grass on their house across from Parliament. Lol I have been to Ottawa for the protest. Which by the way Federal Court Judge MacLean has ruled is a legal protest. It's so legal he ordered the police to return the fuel they took. The left is engaged in a media smear campaign. Go to Ottawa and see for yourself. You can get around no problem other than Wellington Street. It's been peaceful and reasonable.  Go and see then come back alarmed at the lies you have heard.|10159558785428904|Jeremy Burningham|2022-02-09 22:41:01|0|2|10159558555078904|facebook
There was no where in Canada that had a lockdown, never mind one that lasted two years. You are quite confused.|10159558736948904|Tracy Pytlowany|2022-02-09 22:41:24|1|2|10159558555078904|facebook
"Theres a difference between ""making them available"" and forcing us to take them to keep our jobs"|10159559540693904|Gabriel Perry|2022-02-09 22:41:17|1|2|10159558555078904|facebook
not sure that I said that. I responded to you understood.|10159559909338904|Melissa More-Biding|2022-02-09 22:41:19|1|2|10159558555078904|facebook
Imagine how this whole situation could have been different if we had a federal leader capable of demonstrating real leadership and building consensus instead of running away and hiding. And before you blame Ford, remember the federal government has the power and responsibility to work with the provinces for the betterment of the entire country (whom he was voted to represent) Trudeau is a weak and ineffective leader.|10159558668308904|Corey Wells|2022-02-09 22:41:01|0|2|10159558555078904|facebook
pneumonia the common flu aids just to name a few|10159559655518904|Ted S Ptak|2022-02-09 22:41:10|1|2|10159558555078904|facebook
you’re part of the problem. Wake up|10159560337168904|Bailey Ettinger|2022-02-09 22:41:08|1|2|10159558555078904|facebook
They are all directly or indirectly somehow involved with the government. So, of course they are for a government intervention.|10159558673488904|Vlad Rybicka|2022-02-09 22:41:01|0|2|10159558555078904|facebook
Imagine how this whole situation could have been different if the few truckers involved understood from the start that they were being played by a couple of separatists. Trudeau did exactly what the leaders of 194 countries are doing - watching out for public health.|10159558694738904|Chrys Kaloudis|2022-02-09 22:41:18|1|2|10159558555078904|facebook
I lost my job as a federal worker. I can not leave the country and can't play competitive sports as I used to because of a personal health choice, let alone all the places I can no longer visit . Is that your definition of freedom ?|10159558688253904|Vickie Fleurant|2022-02-09 22:41:20|1|2|10159558555078904|facebook
I like to look at both sides …. But don’t hate it till you try it , they have some decent stuff 🤣🤣🤷🏻‍♂️|10159558747488904|Vince Lamberti|2022-02-09 22:41:24|1|2|10159558555078904|facebook
🙄|10159558875273904|Charles Crosby|2022-02-09 22:41:20|1|2|10159558555078904|facebook
"""Noise and acts of hatred"". More weirdly dystopian propaganda about one of the most peaceful protests ever assembled. I guess they didn't look very hard for the many Ottawa citizens who love the movement and find hope in it."|10159558571898904|Geordie Günther|2022-02-09 22:41:01|0|2|10159558555078904|facebook
no they are only hated by those that think like fascist dictators|10159561984023904|Joe Cote|2022-02-16 22:41:08|1|2|10159558555078904|facebook
Dude all of those people look like leftists. Of course they will suffer some sort of harassment.|10159558861243904|Robson Ferreira|2022-02-09 22:41:04|0|2|10159558555078904|facebook
You sound highly intelligent and informed. The Globe has conditioned you well.|10159558621973904|Geordie Günther|2022-02-09 22:41:15|1|2|10159558555078904|facebook
It’s about time these protesters realize what they are doing to ordinary Canadians. They are so selfish, they are an embarrassment to our country.|10159558842613904|Doris Dallaire|2022-02-09 22:41:04|0|2|10159558555078904|facebook
no I think it’s the people who are complaining about noise that don’t see the big picture. A couple of weeks of noise won’t kill them, they’ve been shut down for over two years and had plenty of time to voice their complaints about the way the governments have handled this. Now they either liked being locked down and have no problem being pro segregation, or they are just whining because their blind little world is waking them up.|10159558839868904|Carol Gammel|2022-02-09 22:41:08|1|2|10159558555078904|facebook
no I “sided” (and what is so deeply wrong with you people that you are so quick to delineate “sides” over a literal medical issue?!) with the scientific and medical community. You on the other hand choose to “side” with the worst of humanity, the anti science, conspiracy minded, hateful, angry at the world, “gonna get mine!l set. So be it. Enjoy.|10159558853518904|Charles Crosby|2022-02-09 22:41:20|1|2|10159558555078904|facebook
exactly, so what’s your problem with me? Are we going to continue this redundant argument or do you have something more useful to say to me?|10159559588028904|Melissa More-Biding|2022-02-09 22:41:21|1|2|10159558555078904|facebook
"I hope a bunch of doctors, scientifics, cardiologists, lawyers and senators are serious enough for your standards. ""Enjoy"""|10159559424068904|Vickie Fleurant|2022-02-09 22:41:20|1|2|10159558555078904|facebook
obviously its fake if people say what you dont want to hear eh?|10159558792358904|Chris Ruest|2022-02-09 22:41:24|1|1|10159558555078904|facebook
Health care folks exhausted. Downtown dwellers fed up.Time to leave. Point made . Enough. Let folks get back to jobs and lives.|10159558658798904|Donna McCaw|2022-02-09 22:41:15|1|1|10159558555078904|facebook
2 years on lockdown did not bother them...ok !|10159558718578904|Susan Parks Boutilier|2022-02-09 22:41:04|0|1|10159558555078904|facebook
I encourage anyone who believes an ounce of this bs to go to Ottawa and see for yourself... Citizens of Ottawa are offering rooms to those in need. Don't buy into this excuse of a media source|10159558800573904|Michael Naccarato|2022-02-09 22:41:01|0|1|10159558555078904|facebook
The Globe and Fail at it again… What a disgrace|10159558642433904|Vince Lamberti|2022-02-09 22:41:04|0|1|10159558555078904|facebook
let's blame him for trying to bring in public health measures to help Canadians, lets blame him for getting vaccines and making them available for all Canadians. Let's blame him for helping Canadians get through one of the worst pandemics in history.|10159559533548904|Shauna Burke|2022-02-09 22:41:17|1|1|10159558555078904|facebook
funny that’s what a lot of this protest is about, let people go back to their jobs and lives! Tired of Big Daddy government telling you what you can and cannot do, or what to put in your body. You should join these people and help put an end to all of this.|10159558842843904|Carol Gammel|2022-02-09 22:41:15|1|1|10159558555078904|facebook
arent there multiple people not making it to their jobs or hospitals or a number of other things cuz of road obstruction?|10159558740268904|Shadman Shakib|2022-02-09 22:41:15|1|1|10159558555078904|facebook
she has too apparently your too scared to get a shot tough guy|10159559833598904|Chris Ruest|2022-02-09 22:41:24|1|1|10159558555078904|facebook
yet here you are eh?|10159558659293904|Murray Purvis|2022-02-09 22:41:24|1|1|10159558555078904|facebook
And the cons call us libs weak snowflakes LMAO #NEVERCON|10159559650973904|Bonnie Cull|2022-02-09 22:41:24|1|1|10159558555078904|facebook
Lmao It’s a form of entertainment…. . what can I say|10159558660388904|Vince Lamberti|2022-02-09 22:41:24|1|1|10159558555078904|facebook
Yet you follow RT. State sponsored Russian news service. I smell cognitive dissonance and it reeks.|10159558741543904|AL Wright|2022-02-09 22:41:24|1|1|10159558555078904|facebook
lol so clueless|10159558795173904|Chris Ruest|2022-02-09 22:41:16|1|1|10159558555078904|facebook
how many of those leaders engaged in reasonable discussions with all parties, engaged their counterparts in the legislatures. Actually all most all. Look to European leaders as examples. Trudeau is and has never been interested in what good for the country. If you disagree, cite an example in which he actually worked with the conservatives to reach an agreement which was beneficial for every Canadian|10159558789983904|Corey Wells|2022-02-09 22:41:18|1|1|10159558555078904|facebook
Acts of hatred? I don't think so.|10159558623838904|Pauline Simpson|2022-02-09 22:41:01|0|1|10159558555078904|facebook
It seems like Ottawa is not robust enough to be the national capital. May be it is time to move the capital to a more central city. e.g. Fort McMurray|10159558653458904|Walt Jakeway|2022-02-09 22:41:04|0|1|10159558555078904|facebook
"90% of Canadians are vaccinated. There *is* a consensus. This is the fringe minority, and minority doesn't get to dictate to the majority and call it ""consensus"". You want to change policy? Win an election."|10159558821883904|Colin Richardson|2022-02-09 22:41:18|1|1|10159558555078904|facebook
You apparently chose to not get a simple vaccination. That's your choice. It's the CHOICE of any employer to set the standards they expect of their employees (I had to get a couple of vaccinations as a condition of employment at my current and previous jobs - I didn't whinge and moan, I got the vaccinations.I could have said no and I'll work elsewhere but I'm not a giant baby nor am I scared of medicine.) It's the CHOICE of sports leagues to set standards of admission and who they allow to play. How self entitled are you that you think you're the only one who gets to make choices?|10159558727233904|Charles Crosby|2022-02-09 22:41:20|1|1|10159558555078904|facebook
Stay triggered hon #NEVERCON|10159559721548904|Bonnie Cull|2022-02-09 22:41:21|1|1|10159558555078904|facebook
"Well you did say "" both"" of us. On FB when you comment you also open yourself to others. Just a suggestion, try not following for a while. Your brain will thank.you for it. Take a break. Constantly berating and being berated is not good for you. Not being sarcastic or being a smart *ss."|10159559771388904|Victoria Machina|2022-02-09 22:41:21|1|1|10159558555078904|facebook
my apologies, it felt like you both were going to start on me with the extremist stuff so I included you but yes you are right, it was not you.|10159559777038904|Melissa More-Biding|2022-02-09 22:41:21|1|1|10159558555078904|facebook
you did say you needed to block G&M . It was pointed out to you thst a simple click and unfollow is simple. Just as easy as clicking follow on Fox News|10159559781753904|Jaqutina Lynch|2022-02-09 22:41:21|1|1|10159558555078904|facebook
Yikes more emotionally charged rhetoric from a man with no substance , not suprising from your kind|10159558874618904|Kieran O'Shea|2022-02-09 22:41:20|1|1|10159558555078904|facebook
you nutbags wouldn’t know a “well thought argument” if you tripped over it, then decided it was a source of autism, and ran screaming from it, then decided to wage a disinformation campaign against it, then published a series of genuinely disturbing YouTube videos about it, then reported it to VAERS.|10159558870513904|Charles Crosby|2022-02-09 22:41:20|1|1|10159558555078904|facebook
Yes i know its tough responding to well thought out arguments when everything you spew is emotionally charged rubbish|10159558865758904|Kieran O'Shea|2022-02-09 22:41:20|1|1|10159558555078904|facebook
ok overlord charles you got it , remember you made the choice of siding with elitists and authoritarians when the church bells come ringing|10159558850208904|Kieran O'Shea|2022-02-09 22:41:20|1|1|10159558555078904|facebook
you full-on crazy anti science nutcases can make CHOICES. No one is holding a gun to your pointy heads. Make the choice! Revel in it! Meanwhile employers and organizations will also make their choices and those choices may not cater to your spoiled needs. Such is life. Stop being such an entitled child and accept the consequences of your endless, myriad choices.|10159558842073904|Charles Crosby|2022-02-09 22:41:20|1|1|10159558555078904|facebook
not when it is the government mandating it .. its not a choice do you need me to buy you websters dictionary so you can look up the definition of choice , your in the marxist elitist cult of liberal shills , pathetic group of goons but your reign is coming to an end one way or another|10159558837163904|Kieran O'Shea|2022-02-09 22:41:20|1|1|10159558555078904|facebook
no, you are in a cult and can’t see past your deeply disturbed bubble. Meanwhile one can choose to vaccinate or not and sporting commissions can make choices too! Choices everywhere! And the choices you looney toons nutbags make are entirely yours to make. Choose away! Enjoy! Drown in it!|10159558835453904|Charles Crosby|2022-02-09 22:41:20|1|1|10159558555078904|facebook
its not the choice of sports leagues , its mandated by the sporting commision of the province , you are by far one of the most deluded piece of works i have seen so far|10159558831118904|Kieran O'Shea|2022-02-09 22:41:20|1|1|10159558555078904|facebook
no one is being forced to do anything. You are in a free country. But it doesn’t mean free from consequences of choices, but you have the freedom to make your own choices nonetheless. Enjoy!|10159558674858904|Charles Crosby|2022-02-09 22:41:20|1|1|10159558555078904|facebook
No they didn't. Other countries acted on the recommendations of their medics and the WHO. Don't get all Kumbaya over this. I don't sit in the House of Commons so I can't answer your last demand but I do know that the Con party is basically a copy of the US GOP - no platform and it's purpose is to attempt to block everything.|10159559381793904|Chrys Kaloudis|2022-02-09 22:41:18|1|1|10159558555078904|facebook
if they dont like it there, they should move🙄|10159558982178904|John Finch|2022-02-09 22:41:03|0|1|10159558555078904|facebook
You sound like a trumpster American. Remember where you are.|10159564715093904|Linda Freeman|2022-02-16 22:41:22|1|1|10159558555078904|facebook
Dear  I don't know where your accusations are coming from. But I support a free country where there should never be any medical mandates of any sorts. The state should never force a drug, good or bad into someone else's body. Especially one that we don't know the long term consequences. You say I am selfish and don't have empathy yet i will fight against this human rights violations not only for me but my family, friends, and even my future children. Maybe, perhaps I think further than you do... I don't think whiny babies would have stayed two weeks in winter conditions, far away from their home. With that being said, I hope  that you have a great night.|10159558623768904|Vickie Fleurant|2022-02-09 22:41:20|1|1|10159558555078904|facebook
just to make sure you know. Idgaf about your acknowledgement either. You're not important to me whatsoever|10159558609953904|Colin Young|2022-02-09 22:41:20|1|1|10159558555078904|facebook
So you think it's OK to inconvenience others cause you don't get what you want. Ironic no one tried contacting them just went ahead with protests that inconvenience others|10159559902018904|Paderick Rose|2022-02-09 22:41:19|1|1|10159558555078904|facebook
understood, I don’t actually believe people should move, if it were the other way around, that’s what people would say…i.e. if you don’t like your job then why don’t you just quit. I’ve been working since day one of this pandemic and I thank God I didn’t lose my job but I’ve done everything that was asked and still on lock down. If the virus was dangerous, why wasn’t I allowed to stay home? Why did I have to put my life in danger for 2 years? Fact of the matter is, I survived and I was never locked in my house. So, I deserve freedom and so does every Canadian. I support freedom. Tell Trudeau and Ford to listen to their people and this all goes away.|10159559379423904|Melissa More-Biding|2022-02-09 22:41:19|1|1|10159558555078904|facebook
you think differently if they blow horns in your neighborhood Stupid comment|10159559350413904|Paderick Rose|2022-02-09 22:41:19|1|1|10159558555078904|facebook
How about you move then, if you can’t handle protesting at the nation’s capital? No one told any of you to live there. Keep fighting for freedom Canadians! Those complaining can stay in their bubble. I for one want to live life. I got my vaccinations and still locked down, what was the point?|10159558826913904|Melissa More-Biding|2022-02-09 22:41:01|0|1|10159558555078904|facebook
That's what you think the convoy is about? I can tell you read the Globe.|10159558614203904|Geordie Günther|2022-02-09 22:41:15|1|1|10159558555078904|facebook
it was queen Victoria who chose Ottawa as the capital due to the connection between English and French cultures. That will never change.|10159558862883904|Robson Ferreira|2022-02-09 22:41:23|1|1|10159558555078904|facebook
lol lol lol|10159558872003904|Walt Jakeway|2022-02-09 22:41:23|1|1|10159558555078904|facebook
you mean like the last meeting of the house where he walked out because the childish F tard conservatives wouldn’t shut their yaps to give him the floor that time?|10159559541878904|Bill Vail|2022-02-09 22:41:18|1|1|10159558555078904|facebook
you don't no freeking thing about. That is the problem with the protesters. Too many biased assumptions and conspiracy theories. Go home. Your play date's over.|10159558620383904|Terry Hidichuk|2022-02-09 22:41:15|1|1|10159558555078904|facebook
🤣🤣 go get your booster and hide in a corner|10159559737613904|Vince Lamberti|2022-02-09 22:41:24|1|1|10159558555078904|facebook
Enough.|10159562024938904|Danielle Emond|2022-02-16 22:41:08|1|1|10159558555078904|facebook
"Nonsense!  They suffered the same two years as everyone else PLUS two weeks of terrorism via at least 80 decibels being blasted into their living rooms, at least 16 hours a day, along with the sleep deprivation that went with it.  You say ""two weeks is nothing"", but I have a box of Timbits that says there is no way in Hell you would have traded apartments for those two weeks with anyone living in the core of downtown Ottawa.  And, if you had, given how much you're whining about 2 years without having experienced the terrorism of the last 2 weeks firsthand, I guess you would have lasted two days in an Ottawa apartment in the downtown core... If that.  You have a cold heart.  You are a horrible human being."|10159559631043904|Douglas Connors|2022-02-09 22:41:08|1|1|10159558555078904|facebook
doesn’t mean it’s the right thing to do. Go back to work and stop whining|10159559527108904|Bill Vail|2022-02-09 22:41:08|1|1|10159558555078904|facebook
Joe Doge You a bot, Joe?|10159558711278904|Pete Bjerkelund|2022-02-09 22:41:26|1|1|10159558555078904|facebook
Yes they are and I read that a vaccine is being developed. Doctors and scientists have made immense progress in treating the disease. Years ago, getting AIDS was a death sentence. Not any more.|10159560256203904|Danielle Emond|2022-02-09 22:41:10|1|1|10159558555078904|facebook
Joe Doge Just checking. Didn’t realize you were famous.|10159558735678904|Pete Bjerkelund|2022-02-09 22:41:26|1|1|10159558555078904|facebook
deprive people of the enjoyment of their home??? Who gave these people the right to keep children working adults and infants awake all hours for 2 weeks???? The only reason this stoped was a lawsuit put together by the residence who had enough. This garbage comes easily from someone whos freedoms are being quashed by the freedom convoy|10159559621078904|Chris Ruest|2022-02-09 22:41:08|1|1|10159558555078904|facebook
Just reading some of these comments and I wonder if anyone can tell me if they know of any other “deadly” disease where your health care worker would send you home without treatment of any kind to wait until you get really sick before going to the hospital?|10159559338448904|Barb Craig|2022-02-09 22:41:01|0|1|10159558555078904|facebook
Joe Doge bot|10159558791418904|Chris Ruest|2022-02-09 22:41:26|1|1|10159558555078904|facebook
All this here teaches people a lesson. This country isn’t the liberal, leftist nation that some make it out to be. It’s a country with Christian values, proud of their history, a mostly blue collar hardworking people and this is their country and they are tired of being jerked around. This ain’t my country so I have no say either way but those people there represent the real Canada.|10159558868358904|Robson Ferreira|2022-02-09 22:41:01|0|1|10159558555078904|facebook
these truckers are hated by the majority #LOCKTHEMUP|10159559644683904|Bonnie Cull|2022-02-09 22:41:08|1|1|10159558555078904|facebook
We can all thank Trudeau for this. When he should have been meeting with the protesters to listen to their concerns, he resorted to the infantile tactics of calling them nasty names, stomping away and going into hiding. Trudeau lacks all leadership skills and doesn't deserve to sit in the prime minister's chair.|10159559881258904|Marilyn Taylor|2022-02-09 22:41:01|0|1|10159558555078904|facebook
YOU need to do better. What gives you the right to value one persons life more than anothers|10159564519798904|Tiffany Paige|2022-02-16 22:41:08|1|1|10159558555078904|facebook
seems you may have been asleep for the last few years as to what is going on not just here in Canada. Maybe it’s time to wake up.|10159559815358904|Carol Gammel|2022-02-09 22:41:08|1|1|10159558555078904|facebook
Awe did I hit a nerve?|10159563121963904|Joe Cote|2022-02-16 22:41:08|1|1|10159558555078904|facebook
actually you are the one that is asleep|10159561985908904|Joe Cote|2022-02-16 22:41:08|1|1|10159558555078904|facebook
I am fully awake. Thank you.|10159560406513904|Danielle Emond|2022-02-09 22:41:08|1|1|10159558555078904|facebook
They do not have to believe the news. They live the news. And they have to cope with people not intelligent enough to realize the damage they cause to their own children who live in a truck and have to cope with excruciating noise all day long. That would be a highly traumatizing experience.|10159560243268904|Danielle Emond|2022-02-09 22:41:08|1|1|10159558555078904|facebook
only fascists support these white supremacists #LOCKTHEMUP|10159562668058904|Bonnie Cull|2022-02-16 22:41:08|1|1|10159558555078904|facebook
But those poor capital citizen can no longer go down on the streets and buy their 5$ Starbucks coffee safely every morning. I guess this is the real misery!|10159559214443904|Vickie Fleurant|2022-02-09 22:41:08|1|1|10159558555078904|facebook
They’ve suffered everything the rest of us have, then the protest nonsense on top of it.|10159558836778904|Ted Rennie|2022-02-09 22:41:08|1|1|10159558555078904|facebook
Clearly these people haven’t been effected by what the government has done for the last 2 years. Anyone can go out and find extremists to interview. Do better|10159558743333904|Bailey Ettinger|2022-02-09 22:41:01|0|1|10159558555078904|facebook
What leadership skills do you have.? I would be scared by any Prime Minister who would cave in an meet with such bullies. If they had presented their case in a normal, respectful way, allowed for in a democracy, things would have been different. Our PM showed courage by standing up to a bunch a little dictators.|10159560249573904|Danielle Emond|2022-02-09 22:41:12|1|1|10159558555078904|facebook
it'd not a view. It's a fact. I've signed hundreds of petitions to end mandates. None of them have been passed. Fact checkers and fake msm news. Not a view - a fact. I've seen Ottawa. It's peaceful and clean. Also a fact|10159564655288904|Elena Marenych|2022-02-16 22:41:12|1|1|10159558555078904|facebook
good of you to belittle people who didnt ask for this. People like you are why hate is forming downtown|10159558790783904|Chris Ruest|2022-02-09 22:41:08|1|1|10159558555078904|facebook
"A bunch of semis parking on the road and blowing their horns isn't terrorism. But of course the government and the media can easily change the definition of words, just like they did with the word ""vaccine"""|10159559537838904|Gabriel Perry|2022-02-09 22:41:13|1|1|10159558555078904|facebook
You hear a hundred stories that doesn't fit the narrative you want to hear, and you ignore every one. There is no point in trying to reason with the unreasonable. Canada doesn't negotiate with terrorists.|10159558824738904|Colin Richardson|2022-02-09 22:41:13|1|1|10159558555078904|facebook
did you just compare covid to the holocaust...? I'd delete that so quick.|10159558811168904|Sandra Salanki|2022-02-09 22:41:13|1|1|10159558555078904|facebook
focusing on what they wanted you to focus on. Good for you on being a loyal sheep. I have a few protests in germany early 30s you can buy into that too.|10159558794043904|Chris Ruest|2022-02-09 22:41:13|1|1|10159558555078904|facebook
Post traumatic stress from the bouncy castles, free BBQs and lack of violence. How could it not shake you to your core.|10159558752773904|Sandra Salanki|2022-02-09 22:41:01|0|1|10159558555078904|facebook
This would be from paid anti-freedom protesters. The truckers themselves are from multiple nationalities and religions... ALL UNITED FOR THIS CAUSE ❣|10159558843528904|Fern L. McCoy|2022-02-09 22:41:01|0|1|10159558555078904|facebook
and all the truckers are there turning away money if offered to them? Right?|10159559132128904|Logan Creed|2022-02-09 22:41:14|1|1|10159558555078904|facebook
Sorry, but I do not share your views.|10159564653378904|Danielle Emond|2022-02-16 22:41:12|1|1|10159558555078904|facebook
I guess MSM is just reporting the one side. I watched a live counter protest where they trapped a large group of Freedom protesters heading into the downtown in their vehicles for 5-6 hours. The person filming the live was assaulted a few times, had a bull horn at full volume in the face…protesters swarmed cars and ripped flags of the cars. Screaming and yelling. The intimidation was disgusting. They acted exactly how Trudeau has been TRYING to get The Freedom Protesters to act. I saw them knock a hot coffee out of a truckers hand, scream in his face to go home, a 13 year old girls flag was ripped from her hands…all caught on live feeds.  We all can go back and forth and rip each other apart endlessly, what we can agree on is we are VERY divided. Our Prime Minister is responsible for unity yet he created the biggest division our country has ever faced.  There are more sides then MSM…|10159562097208904|Juliann Dineen|2022-02-16 22:41:01|0|1|10159558555078904|facebook
there's been endless, endless amounts of petitions and documents signed. There's been protests, there's been censorship, there's been lies and these things continue. This is a peaceful protests which should be able to exist. It's not caving to meet, it's listening to people. That's a democracy. There was a statue toppled and a protest a few days ago. This was ok. But nothing got toppled in Ottawa, nobody got hurt and it's not OK?|10159564604643904|Elena Marenych|2022-02-16 22:41:12|1|1|10159558555078904|facebook
calling*|10159559745963904|Melissa More-Biding|2022-02-09 22:41:21|1|0|10159558555078904|facebook
if you like dictators so much maybe you should leave Canada 🤷🏼‍♀️|188335673509756|Isabel Sander|2022-02-09 22:41:27|1|0|10159558555078904|facebook
like I said before, I’m called out Globe and Mail!|10159559741463904|Melissa More-Biding|2022-02-09 22:41:21|1|0|10159558555078904|facebook
Bottom of the barrel drivel aimed at bottom of the barrel humans|10159558673913904|Mickel Maalouf|2022-02-09 22:41:04|0|0|10159558555078904|facebook
🤣🤣🤣🤣🤣🤣🤣🤣🤣🤣🤣🤣🤣🤣🤣🤣🤣🤣🤣🤣🤣🤣🤣🤣🤣🤣🤣|10159558782478904|Ben Hatton|2022-02-09 22:41:04|0|0|10159558555078904|facebook
The comment was towards Bonnie, she is the one that called me extremist with literally zero proof! Because it’s social media you can say whatever you want and no repercussions?|10159559740863904|Melissa More-Biding|2022-02-09 22:41:21|1|0|10159558555078904|facebook
“Acts of hatred.”|10159559399833904|Peter Menzies|2022-02-09 22:41:05|0|0|10159558555078904|facebook
Gosh, it sounds worse than the London Blitz. Did 3000 a night die? No? A few people got annoyed? Right. Well then. Carry on.|10159561747193904|Richard Sixton|2022-02-16 22:41:04|0|0|10159558555078904|facebook
Looks like over educated urban privilege to me.|10159559697488904|Jan O'Brien|2022-02-09 22:41:01|0|0|10159558555078904|facebook
You hoarded toilet paper didn't you?|10159558943913904|Habib Blackburn|2022-02-09 22:41:27|1|0|10159558555078904|facebook
Globe and Mail just can't stop with the lies.|10159561212298904|Mary McDonnell|2022-02-16 22:41:01|0|0|10159558555078904|facebook
So-called harassment.|10159558776713904|Daniel Tate|2022-02-09 22:41:05|0|0|10159558555078904|facebook
Nobody arrested or hurt, no violence, the people should be supporting them|10159560250568904|Greg Knothe|2022-02-09 22:41:04|0|0|10159558555078904|facebook
Right wingers always nark others out when their fee fees get hurt LMAO And they call us libs weak snowflakes LMAO #NEVERCON|10159559845018904|Bonnie Cull|2022-02-09 22:41:21|1|0|10159558555078904|facebook
Hysterically funny read. Acute paranoia and grandstanding. The story of 'survival'.|10159561165883904|John Skippy|2022-02-16 22:41:01|0|0|10159558555078904|facebook
ok, got it. This was established long ago. Thank you 👍🏼|10159559785393904|Melissa More-Biding|2022-02-09 22:41:21|1|0|10159558555078904|facebook
Yes it’s truly sad that the government and all their employees that have mandated the other people from working ?! But can’t stand a little honk honk and discomfort but still enjoy their salads and espressos in their nice little condo cafes. Aww so sorry #notsorry|10159558817798904|Jeff D Shular|2022-02-09 22:41:01|0|0|10159558555078904|facebook
I clearly see yours with those hashtags|10159559877558904|Melissa More-Biding|2022-02-09 22:41:21|1|0|10159558555078904|facebook
Freedom Convoy 2022 is neither peaceful nor patriotic.|10159559608018904|Douglas Connors|2022-02-09 22:41:01|0|0|10159558555078904|facebook
Oh sorry you also just called me a nark|10159559859908904|Melissa More-Biding|2022-02-09 22:41:21|1|0|10159558555078904|facebook
looks like you have some sort of agenda, you keep hashtaging something called NeverCon? What is that? What’s your affiliation?|10159559859323904|Melissa More-Biding|2022-02-09 22:41:21|1|0|10159558555078904|facebook
Felicia? Extremist? Cry baby? What’s next? Keep going Bonnie. Why you so verbally abusive?|10159559856468904|Melissa More-Biding|2022-02-09 22:41:21|1|0|10159558555078904|facebook
Keep it up truckers!|10159559563338904|Ken NcDolfan Wilson|2022-02-09 22:41:04|0|0|10159558555078904|facebook
and also who is they? Did you somehow see my voter card? How do you know my political affiliation?|10159559877138904|Melissa More-Biding|2022-02-09 22:41:21|1|0|10159558555078904|facebook
I’ll write your reply in proper English… She has to, apparently you’re too scared to get a shot, tough guy…. Hopefully you learned something today lmfao clown|10159560113393904|Vince Lamberti|2022-02-09 22:41:24|1|0|10159558555078904|facebook
We are all in this togheter, be calm, be kind....|10159559404433904|Bojan Marinkovic|2022-02-09 22:41:04|0|0|10159558555078904|facebook
Just look at these brave survivors 🤣|10159559568198904|Perry Senior|2022-02-09 22:41:04|0|0|10159558555078904|facebook
Theyll survive its better than the last 2 years|10159562937233904|Amanda M Loucks|2022-02-16 22:41:04|0|0|10159558555078904|facebook
This is a joke|10159558732488904|Brodie Thomas|2022-02-09 22:41:04|0|0|10159558555078904|facebook
Hey G&M,,, nobody believes you anymore. Sure you cherry picked a couple of people but how much did you pay them for their stories?|10159560075283904|Ken Erickson|2022-02-09 22:41:04|0|0|10159558555078904|facebook
I just came for the mouth breather comments and they didn’t disappoint.|10159559844908904|Gabriel Higham|2022-02-09 22:41:04|0|0|10159558555078904|facebook
"and just what is your definition of ""curfews"" what is your definition of ""stay home"" what is your definition if you are not ""allowed"" to travel"" outside of your zone and what is your definition of getting fined for trying to purchase food"|10159564513728904|Deb Bennett|2022-02-16 22:41:24|1|0|10159558555078904|facebook
I guess you were allowed to go visit your parents or anyone you wanted...unreal !!!|10159564861003904|Susan Parks Boutilier|2022-02-16 22:41:24|1|0|10159558555078904|facebook
aww poor con triggered by the truth. These protesters are hated, cry harder hon #NEVERCON|10159559650518904|Bonnie Cull|2022-02-09 22:41:24|1|0|10159558555078904|facebook
I really feel for these people and the rest of the community who are impacted by the convoy, life must be desperate for them these days. However, it is the nations capital; its like buying a house beside a gravel pit and then demanding they do something about the dust.|10159563431218904|Sam Watson|2022-02-16 22:41:04|0|0|10159558555078904|facebook
And they are using there kids as pawns in this game of theres. There is a post about walk out at schools.|10159559546713904|Chris Weber|2022-02-09 22:41:04|0|0|10159558555078904|facebook
I'm with Freedom of Choice.|10159560103883904|Whistler Borrelia|2022-02-09 22:41:04|0|0|10159558555078904|facebook
David Mark WTF?|10159558757118904|Pete Bjerkelund|2022-02-09 22:41:26|1|0|10159558555078904|facebook
Thank you for sharing some of the real stories about what is happening here in Ottawa.|10159558584828904|Kerry Stewart|2022-02-09 22:41:04|0|0|10159558555078904|facebook
leftist, so smart, university educated and doesnt support FASCISM #NEVERCON|10159559648733904|Bonnie Cull|2022-02-09 22:41:25|1|0|10159558555078904|facebook
"What does a ""Leftist"" look like Porkchop???"|10159559261833904|Paul McIntyre|2022-02-09 22:41:25|1|0|10159558555078904|facebook
How about two years by this government chaos.|10159558585918904|Joe Dogenski|2022-02-09 22:41:04|0|0|10159558555078904|facebook
You can thank the PM for this I am sure you all voted for him...you get what you deserve!!|10159564955273904|Mike Wayne|2022-02-16 22:41:04|0|0|10159558555078904|facebook
Is that your best response? If only you really knew who I am you would understand how much we have been lied to.|10159558727113904|Joe Dogenski|2022-02-09 22:41:26|1|0|10159558555078904|facebook
My partner works directly across from parliament, is an essential employee, and has therefore been there daily. Has seen none of the hatred on the news, has chatted with many protesters to get their perspectives, and has not been bothered once for wearing a mask or going about his day. I understand that’s during the week and not on weekends when the crowds certainly swell but I think there is a lot of exaggeration going on. Even in your own article you say Canada Flags everywhere then person says when they see nazi flags they feel scared. Where is evidence of nazi flags? Every news station saying it over and over and no evidence? And people saying they were scared but no actual stories of them being harassed. Just they “felt” scared. So many cameras. So many cellphones. And all we have is media “word” for it. No footage. And people don’t think that’s odd???|10159564499368904|Nicole LeBlanc|2022-02-16 22:41:04|0|0|10159558555078904|facebook
cancer city? Lol|10159559649713904|Bonnie Cull|2022-02-09 22:41:23|1|0|10159558555078904|facebook
Is that how you gauge if someone is being honest or not?|10159558737748904|Joe Dogenski|2022-02-09 22:41:26|1|0|10159558555078904|facebook
https:// www.cbc.ca/news/ politics/ friday-covid-vac cine-injury-com pensation-1.605 2222|10159558792383904|Joe Dogenski|2022-02-09 22:41:26|1|0|10159558555078904|facebook
if only you could tell the truth. Once a lier will always be a lier too late now we dknt believe anything you have to say. Tell the truth ten maybe we will start believe ahain|10159559873988904|Nellie Dinis|2022-02-09 22:41:04|0|0|10159558555078904|facebook
FIBBERS.... The businesses are prospering like they haven't in the previous two years. Thousands by the thousands walking through the streets spending money in their establishments after 2 years of Silence|10159560085553904|Stephanie Isak|2022-02-09 22:41:04|0|0|10159558555078904|facebook
They must be reporting on the fringe minority of the protestors and residents.|10159558641788904|Ryan Sharpe|2022-02-09 22:41:04|0|0|10159558555078904|facebook
Another Globe and Mail garbage article|10159558744928904|Richard Grenier|2022-02-09 22:41:04|0|0|10159558555078904|facebook
All working for the Global and mail.|10159563453228904|Roger Vincent|2022-02-16 22:41:04|0|0|10159558555078904|facebook
Gosh, what a balanced article 🙄🙄🙄|10159558812863904|Sarah S-p|2022-02-09 22:41:03|0|0|10159558555078904|facebook
Im the new prime minister!|10159559350968904|Yanic Ratkiewicz|2022-02-09 22:41:03|0|0|10159558555078904|facebook
you sound like a TruAnon🙄 how do you like your country now|10159564755608904|John Finch|2022-02-16 22:41:22|1|0|10159558555078904|facebook
I was in Ottawa and this article is pure propaganda.|10159559847143904|Johnny Apple Seed|2022-02-09 22:41:04|0|0|10159558555078904|facebook
😂 crime is down 90%!!!|10159558878273904|Kathy Atkin|2022-02-09 22:41:04|0|0|10159558555078904|facebook
I can comment on a post just as you can. Calling a story pathetic that is trying to spread hate and division is not a complaint! I’m bringing up a legitimate concern with media. I thought globe and mail was trustworthy but it turns out they aren’t. And because I call out a news source no would should dare call me an extremist and I know how this story is going to get flipped next, I’m a racist. I’m not standing for that. A disagreement leads to name calling and false accusations, I will not stand for my name to be diminished on social media by some clown called Bonnie period.|10159559739293904|Melissa More-Biding|2022-02-09 22:41:21|1|0|10159558555078904|facebook
hypocrite Go sit down|10159559912353904|Paderick Rose|2022-02-09 22:41:19|1|0|10159558555078904|facebook
I didn't insult you. Re-read if you have to. Just saying, sweetie, you have a choice but chose not to exercise it. Just complain about it. Don't flip the argument on me. Ive dealt with the best flippers. Doesn't work.|10159559730508904|Victoria Machina|2022-02-09 22:41:21|1|0|10159558555078904|facebook
What’s a few thousand megalomaniacs throwing a tantrum between friends, eh? The important thing to remember is that THEY are the real victims here.|10159558899163904|Dylan Norton|2022-02-09 22:41:01|0|0|10159558555078904|facebook
brilliant|10159563776328904|Timmy Bee|2022-02-16 22:41:10|1|0|10159558555078904|facebook
nice try not|10159559344338904|Paderick Rose|2022-02-09 22:41:11|1|0|10159558555078904|facebook
Ridiculous|10159559407458904|Stephen Dunbar-Edge|2022-02-09 22:41:11|1|0|10159558555078904|facebook
https:// www.tiktok.com/ @2getherwecan24/ video/ 7060827073086147 886?_t=8PmWlTtY lmg&_r=1|10159559579473904|Karl Murray|2022-02-09 22:41:11|1|0|10159558555078904|facebook
Only stories you want to broadcast.|10159558610273904|Bruce Patton|2022-02-09 22:41:01|0|0|10159558555078904|facebook
A view.|10159564836423904|Danielle Emond|2022-02-16 22:41:12|1|0|10159558555078904|facebook
Occupation of our streets, promoting hatred, and excruciating noise are violence.|10159560259003904|Danielle Emond|2022-02-09 22:41:13|1|0|10159558555078904|facebook
Have the day you deserve.|10159559574783904|Fern L. McCoy|2022-02-09 22:41:14|1|0|10159558555078904|facebook
The citizens of Ottawa are the bulwark for decency and sanity, I'm grateful they've shown restraint against the insurrectionist s that have terrorized their city for 2 terrible weeks. They have the support of Canadians across the country, and I hope their peace returns soon.|10159560554408904|Brian Bastien|2022-02-16 22:41:01|0|0|10159558555078904|facebook
Peaceful? Horns blowing all day and night isn't peaceful, unless perhaps you're hearing impaired.|10159564611788904|Cat Rymerson|2022-02-16 22:41:15|1|0|10159558555078904|facebook
Ironically ..the organizers have hundreds of affidavits signed by the locals loving what they are seeing in Ottawa ...they participate in the peaceful fun going on there , even dancing , can you just imagine that!|10159558933638904|Darlene Brooks|2022-02-09 22:41:01|0|0|10159558555078904|facebook
Awww Ottawa 95% government workers who have lost nothing|10159558809978904|Roxanne Mackenzie|2022-02-09 22:41:01|0|0|10159558555078904|facebook
We are all trapped with this stupid government 😒 2 years|10159560726043904|Natalia Binesh|2022-02-09 22:41:01|0|0|10159558555078904|facebook
There weren't any who 'love the movement'. Don't even bother.|10159558593728904|Chrys Kaloudis|2022-02-09 22:41:15|1|0|10159558555078904|facebook
what hope? Block and obstruct the capital because you don't want to get a vaccine. Hope is when you go home.|10159558601378904|Terry Hidichuk|2022-02-09 22:41:15|1|0|10159558555078904|facebook
Ah more irony, like the “fighting for freedom against tyranny” bristolboard and magicmarker project signs.|10159558740858904|Pete Bjerkelund|2022-02-09 22:41:15|1|0|10159558555078904|facebook
nice rhetoric. You all come back with the same thing. Congrats for not falling asleep in class.|10159558744388904|Pete Bjerkelund|2022-02-09 22:41:15|1|0|10159558555078904|facebook
ah i see i am in a debate with someone with pure raw intelligence, i surrender, u r too godly and smart|10159558783548904|Shadman Shakib|2022-02-09 22:41:15|1|0|10159558555078904|facebook
Research for a vaccine for HIV was a starting point for early Mrna in the 80s. I'm certain the amount of research needed to create the Covid vaccine will help accelerate a vaccine for HIV. The things this world can do when they work together is pretty incredible. Too bad humans have such frail egos.|10159560501663904|Debbie Sinclair McNair|2022-02-09 22:41:10|1|0|10159558555078904|facebook
I had pneumonia and I was treated right away.|10159560253923904|Danielle Emond|2022-02-09 22:41:10|1|0|10159558555078904|facebook
Anci Kovac Interesting comment , but somewhat twisted. I have been assigned a doctor two years ago. I had not had one for the previous ten years. My doctor is very good. And I can see her.|10159560252933904|Danielle Emond|2022-02-09 22:41:10|1|0|10159558555078904|facebook
I had pneumonia and was hospitalized right away and the common flu is not considered deadly disease|10159559676683904|Barb Craig|2022-02-09 22:41:10|1|0|10159558555078904|facebook
I’d like the videos. Do you have a link?|10159564737008904|Fred Thauberger|2022-02-16 22:41:07|1|0|10159558555078904|facebook
, does this mean we should add to the suffering?|10159558709583904|Martha Mcintosh|2022-02-09 22:41:08|1|0|10159558555078904|facebook
can we have your addess? We would like to join you at your home to blare our airhorn 24/7 or should I say 24/14|10159558876913904|Dave Smith|2022-02-09 22:41:08|1|0|10159558555078904|facebook
that doesn't make what the convoy has done ok, though.|10159559675538904|Nelson Guedes|2022-02-09 22:41:08|1|0|10159558555078904|facebook
winning combo ignorant to others and a high opinion of yourself eh?|10159559828673904|Chris Ruest|2022-02-09 22:41:08|1|0|10159558555078904|facebook
Protests are supposed to eb uncomfortable for everyone. Plus it is in the Nations Capitol so people need to get a grip and grow up.|10159561969048904|Joe Cote|2022-02-16 22:41:08|1|0|10159558555078904|facebook
typical response from a overpaid government hack!|10159561969648904|Joe Cote|2022-02-16 22:41:08|1|0|10159558555078904|facebook
What terrorism? a few horns? BLM protests were the ones that were truly terroristic in nature!|10159561970333904|Joe Cote|2022-02-16 22:41:08|1|0|10159558555078904|facebook
hey Joey. Fk U|10159562566283904|Bill Vail|2022-02-16 22:41:08|1|0|10159558555078904|facebook
, Wow little one! I see you have zero clue about everything!|10159563121418904|Joe Cote|2022-02-16 22:41:08|1|0|10159558555078904|facebook
exactly....but this really does say it all! They are missing one heck of great party!!!! I'd be there every day dancing if I lived there. Buch of downers.|10159563232258904|Theresa Beaulieu|2022-02-16 22:41:08|1|0|10159558555078904|facebook
Whataboutism|10159558870428904|Ribsy Ludwig|2022-02-09 22:41:08|1|0|10159558555078904|facebook
thats the sad part about it|10159559905493904|Andrew Crook|2022-02-09 22:41:08|1|0|10159558555078904|facebook
6 yrs. Not 2 yrs|4798596100257966|Rollins Ric|2022-02-09 22:41:08|1|0|10159558555078904|facebook
I am sick of the ignorant, selfish mob. This is not the country I loved. At least Quebec is still standing up. I admire them.|10159563186798904|Danielle Emond|2022-02-16 22:41:08|1|0|10159558555078904|facebook
it’s not just my life that’s been affected. Wake up. Do some research into what Trudeau is actually doing. Stop watching the fake news.|10159564521573904|Bailey Ettinger|2022-02-16 22:41:09|1|0|10159558555078904|facebook
Canada is not founded on Christian values.|10159563542368904|Kelly Garland|2022-02-16 22:41:09|1|0|10159558555078904|facebook
tired of Covid too. Covid does not care. I know lots of folks in health care exhausted and hoping for spring and sanity. You cannot protest away a virus or the health experts trying to keep you safe.|10159558899533904|Donna McCaw|2022-02-09 22:41:15|1|0|10159558555078904|facebook
I was going to say, when you watch Fox news you see peace and unity, you see space for people to get around, yet our news shows lies and deceit.|10159558790818904|Wendy Tuumanen Morgan|2022-02-09 22:41:16|1|0|10159558555078904|facebook
seriously go ahead and do it and laugh because I will be the one laughing when I win the civil suit|10159559723958904|Melissa More-Biding|2022-02-09 22:41:21|1|0|10159558555078904|facebook
Canadians veterans are lined up in front of police at Windsor bridge as we speak.|10159560030048904|Vickie Fleurant|2022-02-09 22:41:20|1|0|10159558555078904|facebook
You are free to be vaccinated or not. It’s your choice. What the heck are you talking about? Do you even live in Canada?|10159558752463904|Pete Bjerkelund|2022-02-09 22:41:20|1|0|10159558555078904|facebook
"I guess it depends whos giving the grants for the science and what the goal of the science is , all opposing literature is suppressed and that makes it even more worrying , also that the vast majority of the spokespeople for the scientific ""community"" as you call it are paid actors . Myself and millions of other Canadians will stand true to our bodily autonomy and freedom under our democratic law and constitution"|10159558861078904|Kieran O'Shea|2022-02-09 22:41:20|1|0|10159558555078904|facebook
Follow the money and|10159558878078904|Kieran O'Shea|2022-02-09 22:41:20|1|0|10159558555078904|facebook
https:// youtu.be/ ciuRLFLoLL0|10159559416838904|Vickie Fleurant|2022-02-09 22:41:20|1|0|10159558555078904|facebook
that's how far right fascists roll #LOCKTHEMUP|10159559645563904|Bonnie Cull|2022-02-09 22:41:20|1|0|10159558555078904|facebook
choices have consequences. DERP #NEVERCON|10159559645983904|Bonnie Cull|2022-02-09 22:41:20|1|0|10159558555078904|facebook
it certainly part of freedom - you had a choice and you took it. Fair enough.|10159559801613904|Ken Auldman|2022-02-09 22:41:20|1|0|10159558555078904|facebook
"Fair ? Ppl are pressured , put out of jobs and restricted, locked down in their homes because they said no not to a "" simple vaccination"". Theres nothing simple about this vaxx Health Canada has approved these vaccines based on the pharmaceutical compagnies data. Health Canada have not tested those vaccines. They relied on pharma that have a history filled with criminal fines.  You think these ppl had a choice ? When they want their family fed? It's not a question about believing in vaccination or not. Media is censuring a lot of info, doctors are censured as well yet this is a free country ? I kindly invite you to go see your fellow Canadians down the streets and chat with them. They are not afraid of needles, they are not anti vaxx in fact lots of them are 2x 3x vaxx."|10159560024253904|Vickie Fleurant|2022-02-09 22:41:20|1|0|10159558555078904|facebook
I need to block Globe and Mail, their news coverage is pathetic. Their stories are pathetic|10159558830088904|Melissa More-Biding|2022-02-09 22:41:01|0|0|10159558555078904|facebook
Go to Ottawa! You been there? Have you checked out?|10159558828798904|Jeremy Burningham|2022-02-09 22:41:16|1|0|10159558555078904|facebook
Maybe you should find something more useful.to.do.ot her than complaining on a site that you clearly can stop following. Too funny. Don't like it don't read. Keep.on scrolling.|10159559638263904|Victoria Machina|2022-02-09 22:41:21|1|0|10159558555078904|facebook
more crying from thec far right peanut gallery #LOCKTHEMUP|10159559646373904|Bonnie Cull|2022-02-09 22:41:21|1|0|10159558555078904|facebook
actually a whole lot of people care|10159559700878904|Melissa More-Biding|2022-02-09 22:41:21|1|0|10159558555078904|facebook
what’s with the insults Bonnie? My name is not Felicia|10159559702043904|Melissa More-Biding|2022-02-09 22:41:21|1|0|10159558555078904|facebook
far right? Who are you? I’m an extremist all of a sudden?|10159559704053904|Melissa More-Biding|2022-02-09 22:41:21|1|0|10159558555078904|facebook
left can’t handle anything so they lash out, call people names and then call them extremist! Wooowwww you guys have nothing else. Tell us a new story because we all heard this one. Next I’m a racist. Ok Victoria and Bonnie go ahead. Let’s hear the insults because Globe and Mail are spreading hate. Go ahead, take your pathetic shots, the floor is all yours|10159559709348904|Melissa More-Biding|2022-02-09 22:41:21|1|0|10159558555078904|facebook
lock me up then for wanting freedom! I should arrested for saying Globe and Mail are pathetic! Lock me up then Bonnie! Call the police, go ahead|10159559712983904|Melissa More-Biding|2022-02-09 22:41:21|1|0|10159558555078904|facebook
I dare both of you to call me extremist or racist. I dare you and I’ll get a lawyer, show them these posts and sue you for defamation of character|10159559720083904|Melissa More-Biding|2022-02-09 22:41:21|1|0|10159558555078904|facebook
I’m sure 😄 that’s why you made the extra effort to post in reply…|10159558672233904|Charles Crosby|2022-02-09 22:41:20|1|0|10159558555078904|facebook
considering how they treat visitors over the years looks good on them.|10159558668763904|Randy Gaunt|2022-02-09 22:41:20|1|0|10159558555078904|facebook
Every time I think globe and mail can not do worst. Yet every time I am wrong|10159558574688904|Vickie Fleurant|2022-02-09 22:41:01|0|0|10159558555078904|facebook
You'd need to think first|10159558819608904|Colin Richardson|2022-02-09 22:41:06|1|0|10159558555078904|facebook
What chaos?|10159558666513904|Brandon Bartlett|2022-02-09 22:41:01|0|0|10159558555078904|facebook
responding to ‘hey, can you keep it down we’re trying to sleep’ with ‘blame Justin Trudeau!’|10159559134183904|Logan Creed|2022-02-09 22:41:17|1|0|10159558555078904|facebook
Further proof that this is not about Freedom, but about hate of Trudeau. Stupid, the federal government does not police, the provinces do.|10159559415258904|Stephen Dunbar-Edge|2022-02-09 22:41:17|1|0|10159558555078904|facebook
what job did you loose?|10159559547118904|Shauna Burke|2022-02-09 22:41:17|1|0|10159558555078904|facebook
We have heard this nonsense enough. Read about the division of powers in Canada.|10159560260628904|Danielle Emond|2022-02-09 22:41:17|1|0|10159558555078904|facebook
Mandates are a provincial responsibility.|10159560261478904|Danielle Emond|2022-02-09 22:41:17|1|0|10159558555078904|facebook
you clearly haven’t been here or have only joined the weekend parties.  The abuses endured by my fellow Ottawa Citizens at the hands of convoy supporters have been horrendous.  Post your address here and I’m sure we can get a good number of our 1.02M Ottawa Citizens who are mad enough to make the trip to Windsor to camp out under your windows and help you and your family have the true illegal occupation experience. You’ll be horrified by what we’ve been through.  Don’t worry, we’ll draw the line at jamming your 911 and harassing your children outside of their schools like convoy supporters did to ours. No amount of anger could make us sink that low.|10159558978648904|Kerry Stewart|2022-02-09 22:41:17|1|0|10159558555078904|facebook
Granted, he has been a weiner. Our next PM won’t be any good either. None of them have been or will ever be. We are never happy no matter what.|10159558749063904|Pete Bjerkelund|2022-02-09 22:41:18|1|0|10159558555078904|facebook
"... and validating actions using compelling science. The alternative? Its playing out before our eyes. The majority of Canadians do NOT support this Trumpian approach to ""getting our way""."|10159558859018904|Jim Buckingham|2022-02-09 22:41:18|1|0|10159558555078904|facebook
Chris , did other world leaders call their citizens racist, misogynistic, homophobic etc for being opposed to the mandates?|10159559495328904|Jim Kavanagh|2022-02-09 22:41:18|1|0|10159558555078904|facebook
"Example? Maintaining a coalition to realize a minority government and still getting things done. Avoiding the temptation to intrude in policy areas that are provincial jurisdiction .. yet still encourage provinces to ""do the right thing"" (Covid related). Much of this is nuanced politics and thus above the head of the average bloke.  However, he has done a number of high profile Bozo moves that haven't done him any good either. SNC Lavelin ... and WE Charity being the most obvious."|10159559557678904|Jim Buckingham|2022-02-09 22:41:18|1|0|10159558555078904|facebook
Still wait for the bettetment ⁉️|10159559700893904|Fern L. McCoy|2022-02-09 22:41:18|1|0|10159558555078904|facebook
194 countries. 4 have dropped them. Math is hard, hu?|10159559726448904|Chrys Kaloudis|2022-02-09 22:41:18|1|0|10159558555078904|facebook
The mandates have worked very well and have saved many lives over the last two years. They are less effective now against the NEW Omicron variant such that politics, and pandemic fatigue, allows mandates to be reduced. So be it, we can all decide what kinds of people we want to associate with in future.|10159559792613904|Ken Auldman|2022-02-09 22:41:18|1|0|10159558555078904|facebook
I would suggest he walked out because thats what children do when they don’t have the mental capability to engage in meaningful debate - they take their ball and go home to sulk. That’s what his walking out demonstrated to me.|10159559997848904|Corey Wells|2022-02-16 22:41:18|1|0|10159558555078904|facebook
... because they are not working? Proof? More like political expedience .. even if the decision isn't supported by research or the advice of healthcare professionals. However, there is growing evidence that the tide has turned.... infection rates appear to be trending down ..  The wildcard? Possibility of yet another variant taking over .. and the chance that we're back to square one. Will people be willing to undergo yet another lockdown .. if and when that happens? I really wonder.|10159560806068904|Jim Buckingham|2022-02-16 22:41:18|1|0|10159558555078904|facebook
you responded with your biased opinion Stop gaslighting Understood to quote you Get off your high horse Acting like a Trumper|10159559911953904|Paderick Rose|2022-02-09 22:41:19|1|0|10159558555078904|facebook
Kick politik out of health kare!|10159559434693904|Richer Desalliers|2022-02-09 22:41:05|0|0|10159558555078904|facebook
