﻿comment|comment_ids|username|datetime|isreply|num_replies|post_id|label
think about it this way, if I’m not sick, should I be punished for putting people at risk?|10159554079228904|James Fox|2022-02-09 19:41:08|1|7|10159553718338904|facebook
How do you explain these Numbers on cases/ hospitalizations /ICU admissions per million reported in Ontario if vaccines are “bunk“? https:// covid19-sciencet able.ca/ ontario-dashboar d/ ?fbclid=IwAR0-W7 VRcP-TMefEPfNHm q9jX80O4bzv37pQ SoYpxmLSNJ1YrVb wZbQ4tUc#riskby vaccinationstat us|10159553959863904|Sean Ledwich|2022-02-09 19:41:08|1|6|10159553718338904|facebook
I am confused. You want the truckers to shut down the country in protest of... shutting down the country? Also, last time I checked, the truckers were not doing a good job of shutting down anything other than a few streets in downtown Ottawa.|10159554033858904|Kieran Petrasek|2022-02-09 19:41:14|1|6|10159553718338904|facebook
"it's the majority of Canadians not a ""street mob"""|10159553735233904|Andrew William Grieve|2022-02-09 19:41:04|0|5|10159553718338904|facebook
I never said screw the elections. But elections do not give you the authority to violate people's rights, Adolf Hitler and Benito Mussolini were elected democratically and so was Josef Stalin. It is exercising the right to protest that stops governments from becoming tyrannical, not elections.|10159554177773904|Bill Kaufmann|2022-02-09 19:41:14|1|3|10159553718338904|facebook
not sure where you got your figures but I would double check them if I was you.|10159555172963904|Barry MacLellan|2022-02-09 19:41:14|1|3|10159553718338904|facebook
End the mandates.|10159553749523904|Darren TB Keeler|2022-02-09 19:41:04|0|3|10159553718338904|facebook
Coyne never tires of carrying the Liberal's water.|10159553847848904|Linda Arseneault|2022-02-09 19:41:04|0|3|10159553718338904|facebook
Oops didn't realize I was reading a press release from N Korea...|10159553920768904|Chris Tognini|2022-02-09 19:41:04|0|3|10159553718338904|facebook
Yes majority of Canadians want these mandates but not because a mob of truckers say so. Funny that these truckers are attacking Trudeau yet the mandates are in lace by the Provinces. But you don’t hear them asking for Ford or Kenny or other Provincial Leader. This trucker protest a a farce. Funny that one of the organizers of this protest is a former Member of the Alberta Separatist Party. The lawyer for the convoy is from Alberta. Give me break this is not about mandates. And where are these Leaders of this Convoy? Why are they not saying that hat they want and put it in writing? They have their own agenda and these truckers are puppets and they are using them.|10159553779538904|Edward Ruberto|2022-02-09 19:41:25|1|2|10159553718338904|facebook
lol because they have to feed their families.|10159553968293904|Jerald Pitt|2022-02-09 19:41:10|1|2|10159553718338904|facebook
ok, but we don't elect by popular vote, the US doesn't either. We elect representatives and which e very party has the most, forms the government, the leader of that party becomes Prime Minister. You may not like it, but that's how our democracy works. If you want to change that, then you need to get the government to hang it. A bunch of disgruntled people arching in Ottawa or blocking the border crossings, is not going to do it. It requires a change in the Canadian Constitution.|10159555228698904|Barry MacLellan|2022-02-09 19:41:14|1|2|10159553718338904|facebook
The next election will be interesting. This situation will play very strongly in how people vote. I think the CPC made a very big misstep here by supporting this lawlessness. I don’t think it will play well except in the minds of voters they already have. I guess the people will decide.|10159553833443904|Andrew Karvonen|2022-02-09 19:41:06|0|2|10159553718338904|facebook
what am i wrong about and why should i be grateful?|10159553870638904|Will Bedford|2022-02-09 19:41:26|1|2|10159553718338904|facebook
so you are not a real trucker ??....gotcha!.. .😉|10159553915663904|Darlene Brooks|2022-02-09 19:41:09|1|2|10159553718338904|facebook
So who’s in charge? The people? Or the government?  Sorry, I want to be governed, not ruled.|10159554069803904|William Dowbush|2022-02-09 19:41:04|0|2|10159553718338904|facebook
Unless you live in a Conservative province. Kenney has just announced Alberta is open for extortion 😡.|10159553981463904|Trish Jagger|2022-02-09 19:41:04|0|2|10159553718338904|facebook
and that’s fine. I’m open to looking at such studies and reassessing my positions based on more and better info (which we didn’t have the benefit of for most of this pandemic). I’m open to asking whether the mandates (some or all of them) were helpful or not. But my reply was addressing the specific claim that the protest speaks for a majority of Canadians.|10159554750678904|Shawn Boadway|2022-02-09 19:41:10|1|2|10159553718338904|facebook
No, Andrew the truckers call the shots, not the government in Ottawa. The protests will stay and they will shut down this country until the measures are lifted. In every country in history when the people rise, they make the decisions not the governing authorities, and this situation is no different.|10159554026418904|Bill Kaufmann|2022-02-09 19:41:06|0|2|10159553718338904|facebook
Will not pay to read this. Used to love Andrew. No more.|10159554210353904|Ben Collins|2022-02-09 19:41:04|0|2|10159553718338904|facebook
Andrew Coyne - show us the data and studies to back up your claims. You cannot.|10159553932423904|Nel Grond|2022-02-09 19:41:04|0|2|10159553718338904|facebook
This government was duly elected,if you don't like it, then vote them out next election. Til then, grow up and wait. Canada is a democracy not a place where if your not happy with the outcome of an election, you think you can impose your will as an individual on everyone else and change the government.|10159554581148904|Barry MacLellan|2022-02-09 19:41:14|1|2|10159553718338904|facebook
get everyone vaccinated and they will|10159553854208904|Tommy Smith|2022-02-09 19:41:11|1|2|10159553718338904|facebook
If you choose not to get vaccinated, which you are free to do, then you can lose privileges while a society has taken lawful measures to stem the spread of a deadly infectious disease. That’s not a loss of freedom. Freedom does not mean being free to do anything you want even if it puts other people at risk.|10159553937663904|Sean Ledwich|2022-02-09 19:41:08|1|2|10159553718338904|facebook
O'Toole had 10% fewer votes than Scheer. The Conservatives are bleeding moderate conservative voters and if they take even a slight turn to the right, they will lose even more.|10159554450158904|Debra Yundt|2022-02-09 19:41:22|1|1|10159553718338904|facebook
screw the elections?|10159554168648904|Andrzej Nowacki|2022-02-09 19:41:14|1|1|10159553718338904|facebook
These are not just truckers, surely there are trucks in Ottawa, but there are millions of Canadians of all occupations and trades backing them, including Doctors and Lawyers. This is a freedom movement that has achieved critical mass sufficient to oust Trudeau from the :Prime Minister's office and it will do just that.|10159554156363904|Bill Kaufmann|2022-02-09 19:41:14|1|1|10159553718338904|facebook
so in other words- we will live in a country run by truckers. If they don’t like you, you are gone. And our democratically elected leaders are clowns because truckers say so. Oh, Canada|10159554128563904|Andrzej Nowacki|2022-02-09 19:41:14|1|1|10159553718338904|facebook
“Much effort has been spent exhorting the rest of us to understand the grievances of the protesters, as if the protesters all had the same agenda. They don’t. Some are upset, to be sure, by the federal vaccine mandate on cross-border truckers – to which they would have to submit regardless, the United States having imposed a similar requirement.  But many more object to any public-health measure of any kind – not just vaccine mandates, but vaccines, masks, the lot. And behind them all are the organizers and leaders of the event, including QAnon-style loons, white-replaceme nt theorists, and former members of the Soldiers of Odin, whose declared objective is to replace the current elected government with a committee made up of themselves, the Governor-Genera l and the Senate.  Their objectives are plainly absurd. Their tactics – taking downtown Ottawa hostage, effectively – are intolerable. Their followers – not all of them, maybe not many, but enough – have been occasionally violent, frequently menacing, almost routinely insulting. There are legitimate questions about how they were financed, and by whom.  They do not represent truckers, or the working class, or “the people,” whatever claims they might make. In their actual aims, rather than the broader discontent they have learned to exploit, they represent a small sliver of public opinion – frightened, angry and vastly uninformed.  That such an element exists in Canada is disturbing enough. Much more disturbing has been the willingness of some Conservative MPs, backed by their supporters online, to hitch their wagon to them. At best this is an instance of the fallacy of “mirroring,” that is of assuming other people’s motives are like your own.  More likely it is tactical: imputing positions to others that are politically convenient to you. Thus: “what the protesters are asking for is,” by a remarkable coincidence, what I am asking for. “Give me what I want” is made over as “give them what they want” or “at least meet with them.” In effect, you have hired them to make your argument for you. They take the hostages, but you get to issue the demands.  Even if the issue were only vaccine mandates, it would be wrong to give in to such pressure tactics; even if there were no such tactics, it would be wrong to abolish the mandates. But given the protesters’ actual demands and actual tactics, it is unthinkable that they should be given any concessions whatever.”|10159553853718904|Linda Jeaurond|2022-02-09 19:41:04|0|1|10159553718338904|facebook
the like for Tucker Carlson in your profile is all I need. If you are an America, leave us alone to deal with our issues. Your country is a dumpster fire. If you are a Canadian then go back to school and learn what a dictatorship is. This isn't one. North Korea is.|10159554810018904|Paul Nieuwland|2022-02-09 19:41:20|1|1|10159553718338904|facebook
📌 ANDREW COYNE.... THAT'S IMMATURE EGO, NOT LEADERSHIP 🙁|10159553838643904|Belinda Rodgers|2022-02-09 19:41:06|0|1|10159553718338904|facebook
The US border in Alberta and Ontario are now shut down. This will most likely bring the governments of Jason Kenney and Doug Ford down. Ottawa is completely occupied with large trucks, and Trudeau's inaction will cause his resignation as well. The MP leading the Quebec liberal caucus today criticized Trudeau for his inaction on lifting all health mandates. The dam is starting to crack, Erin O'Toole lost his job last week, Scott Moe and Jason Kenney ended the proof of vaccination today in their provinces. The truckers are winning. Trudeau and Doug Ford are next to fall. Canadians, as well as elected representatives will not put up with incompetent leadership. The truckers are showing the world that Canada is run by a bunch of clowns that must go and will go. Not to mention the tow truck companies are on the side of the people and are refusing to tow vehicles that participate in the protests, police officers are not showing up for work and refusing orders. The truckers are winning big time, and they are just getting started.|10159554039528904|Bill Kaufmann|2022-02-09 19:41:14|1|1|10159553718338904|facebook
we do have a dictator in charge|10159554561618904|Alain Martel|2022-02-09 19:41:14|1|1|10159553718338904|facebook
No, this article's view is not shared by me. It is fundamentally flawed in that the truckers and not the government dictate the timing on when the restrictions will be lifted. The truckers can shut down the entire country, and the notion that Canada can afford a long shutdown is ludicrous.|10159554028243904|Bill Kaufmann|2022-02-09 19:41:14|1|1|10159553718338904|facebook
My bad dude, didn't mean you, you're definitely a wolf.|10159553972058904|Kieran Petrasek|2022-02-09 19:41:14|1|1|10159553718338904|facebook
because in your infinite wisdom you say so? Try to disprove it. The author made a statement supported by medical research. Try to get arguments to say he is wrong.|10159554147143904|Andrzej Nowacki|2022-02-09 19:41:13|1|1|10159553718338904|facebook
There is no possible way to prove that headline. Zero. I could just as easily say that all covid deaths were caused by mandates. There is NO WAY to prove that that statement.|10159553808173904|Daniel Dawe|2022-02-09 19:41:04|0|1|10159553718338904|facebook
precisely my point. I also raised that approach got us the 60s scoop on another post. Especially given governments current efforts to get child services involved.|10159554913153904|Karl Raffelsieper|2022-02-09 19:41:12|1|1|10159553718338904|facebook
“we know best” got us residential schools.|10159554871543904|Andrew Dominowski|2022-02-09 19:41:12|1|1|10159553718338904|facebook
"This ""we are the only ones that get to decide"". Is exactly what countries like China do. The freedom to protest in a democracy is to allow opposing voices to be heard and ""considered"". Be it indigenous protests, trucker protest, BLM protests or pride protests. The standing government has an obligation to hear them and consider their requests/ demands. The over the top items are usually tossed off hand, until discussion distill the demands to the core important bits. Like every negotiation, ever. Intelligent governments, then look at the important bits and make adjustments to their policy to reflect the protesters concerns. And a more harmonious country is the result. This belligerent posturing by the Liberal government is more aligned with the CCP and other authoritarian governments than with a strong democracy. And it's ""we know best"" approach is a major problem."|10159554635673904|Karl Raffelsieper|2022-02-09 19:41:04|0|1|10159553718338904|facebook
we were told that would happen when 70% were vaccinated. Then they just moved the goal posts.|10159554584078904|David Hospers|2022-02-09 19:41:11|1|1|10159553718338904|facebook
So they are going against the majority of Canadians, like they have for years.|10159553753688904|Doug Richardson|2022-02-09 19:41:06|0|1|10159553718338904|facebook
so now we are being held hostage by 10% of the truckers and a bunch of right wing thugs. Guess you don't like democracy, would you rather have a king, or maybe a dictator in charge?|10159554443213904|Barry MacLellan|2022-02-09 19:41:14|1|1|10159553718338904|facebook
yep, and then prove it demonstrably in court before ever initiating a state of emergency and take away our freedoms. We must never forget, and never let the government get away with this again.|10159554417348904|Nolan Irwin|2022-02-09 19:41:18|1|1|10159553718338904|facebook
you don't know what a real dictator is. Go live in Russia or North Korea for a bit, then talk about dictators.|10159554567088904|Barry MacLellan|2022-02-09 19:41:14|1|1|10159553718338904|facebook
Jess Class lmao, not at all 🤷🏻‍♂️|10159553896628904|James Fox|2022-02-09 19:41:08|1|1|10159553718338904|facebook
where is you data to prove him otherwise|10159554386273904|Paderick Rose|2022-02-09 19:41:18|1|1|10159553718338904|facebook
that was a working paper by 3 economists out of Hopkins. Not even peer reviewed let alone done by medical staff|10159555135423904|Judy Thomson Daniel|2022-02-09 19:41:18|1|1|10159553718338904|facebook
Coyne is a woke idiot that lives in a fantasy land. He thinks the politicians control the people instead of the other way around. Typical Ottawa or Toronto intellectual that has never been close to working people. He thinks the government can boss them around and they will take it, they won't.|10159554145238904|Bill Kaufmann|2022-02-09 19:41:17|1|1|10159553718338904|facebook
Might want to listen to science and your electors.|10159553764973904|Vin Scott|2022-02-09 19:41:04|0|1|10159553718338904|facebook
This CBC guest sounds just like Justine and there is no respect to be had for that leadership|10159554180228904|Eileen Dougan|2022-02-09 19:41:04|0|1|10159553718338904|facebook
AB is lifting mandates at 12 midnight. Sask lifted mandates.|10159554060448904|Jane Rawluk|2022-02-09 19:41:04|0|1|10159553718338904|facebook
We're all tired of lockdowns and mandates. If they want them to end, they can help by getting vaccinated.|10159554120593904|Boffo McGurk|2022-02-09 19:41:06|0|1|10159553718338904|facebook
This idiot that lives in a bubble somewhere in Ottawa or Toronto does not get it that the people are the boss of the politicians and not the other way around.|10159554142448904|Bill Kaufmann|2022-02-09 19:41:16|1|1|10159553718338904|facebook
"Street mob? Millions of vaccinated and unvaccinated Canadians from across the political spectrum fully support the Freedom Convoy. Are they also part of the street mob? In his capacity as prime minister, his job is to treat all Canadians equally and to listen to the concerns of all Canadians whether or not, they agree with his policies. When our Indigenous people set up road blockades to protest pipelines, Trudeau listened to their concerns yet when our truckers set up road blockades, he dismissed them in his condescending way, as all being racist and refused to listen to them. Former Sergeant-at-Arm s Kevin Vickers is right that there should be respect when it comes to dialogue with the truckers’ convoy. As he advises, ""Respect actually means listening to something you’d rather not hear and listening must include the possibility of recognizing there may be a meaningful grievance on the other side.” If Trudeau can't do his job, he needs to step down."|10159555194518904|Marilyn Taylor|2022-02-09 19:41:04|0|1|10159553718338904|facebook
Prove that the measures government took worked. Show your data|10159554400353904|Connor Mackenzie|2022-02-09 19:41:04|0|1|10159553718338904|facebook
I think they are regaining some they've lost in the last few years. I also think Trudeau is losing support|10159553911943904|Vicki Baulch|2022-02-09 19:41:22|1|1|10159553718338904|facebook
Anyone who wants the government to have control over their own personal liberty needs therapy|10159553827708904|Dennis Douglas|2022-02-09 19:41:06|0|1|10159553718338904|facebook
in what way is the government controlling your liberty?|10159553920633904|Sean Ledwich|2022-02-09 19:41:22|1|1|10159553718338904|facebook
reread my statement. Did I say that? No.|10159553925758904|Dennis Douglas|2022-02-09 19:41:22|1|1|10159553718338904|facebook
yes you did personal liberty describe how government is stopping you from protesting in Ottawa|10159554389193904|Paderick Rose|2022-02-09 19:41:22|1|1|10159553718338904|facebook
where did I mention protesting or Ottawa? Stop putting words in peoples’ mouth to make your own point.|10159554788933904|Dennis Douglas|2022-02-09 19:41:22|1|1|10159553718338904|facebook
I did|10159555194648904|Robert Nicholson|2022-02-09 19:41:14|1|1|10159553718338904|facebook
They are maybe the elected government due to an election process requiring overhaul, but it should be clear by now this elected government does NOT speak or act on behalf of the majority of the country.|10159553998328904|Richard Notter|2022-02-09 19:41:04|0|1|10159553718338904|facebook
you are a stick|10159554593858904|Rod Port|2022-02-09 19:41:19|1|1|10159553718338904|facebook
A Johns Hopkins study found lockdowns did very little to limit Covid deaths.|10159554403623904|Chris Beck|2022-02-09 19:41:18|1|1|10159553718338904|facebook
with 30% of the vote|10159555091958904|Robert Nicholson|2022-02-09 19:41:14|1|1|10159553718338904|facebook
Guess which side of the political spectrum the laugh emojis belong to.|10159553819328904|Paul Weiss|2022-02-09 19:41:04|0|1|10159553718338904|facebook
your wrong that lawyers will solve it, the people have to. You should be grateful for the people are. Led by the truckers.|10159554213243904|Jay Labatte|2022-02-09 19:41:26|1|1|10159553718338904|facebook
we absolutely do ...|10159553918408904|Darlene Brooks|2022-02-09 19:41:26|1|1|10159553718338904|facebook
you did not lose “freedoms”. You lost some privileges. Why do you think you are not allowed to visit someone in a hospital? Because the government doesn’t like you? Think again, there may be a reason. Why do you have show some papers boarding a plane? Well, how do you think Covid got all over the world so fast? Travelling by horse? You can conduct business - don’t give this sh…t to us.|10159554143958904|Andrzej Nowacki|2022-02-09 19:41:08|1|1|10159553718338904|facebook
Yes real Canadians, doing real jobs are just street mobs to those empty headed self appointed so called useless “elites”, siting at home living of working people. Shame on them.|10159553826058904|Bogumila Siedlanowska|2022-02-09 19:41:06|0|1|10159553718338904|facebook
"i dont remember electing ""truckers"" into a decision making role in our government. got to have pretty big huevos to think that you have the right to make such a decision. like the mandates or not, these people do not have the right to make decisions like this. sure make your opinion heard, as they have a long time ago, but then go back and sit in your corner. you are not making the process go any faster."|10159553760948904|Will Bedford|2022-02-09 19:41:06|0|1|10159553718338904|facebook
Ok commie|10159553811138904|Ray Rousse|2022-02-09 19:41:26|1|1|10159553718338904|facebook
but your ok electing a PM that ignores the charter?|10159553824063904|Jay Labatte|2022-02-09 19:41:26|1|1|10159553718338904|facebook
people like you are the reason the movement cant be trusted.|10159553852243904|Will Bedford|2022-02-09 19:41:26|1|1|10159553718338904|facebook
you are wrong. You should be thanking them.|10159553855203904|Jay Labatte|2022-02-09 19:41:26|1|1|10159553718338904|facebook
Have you driven down the 401 this week? Many, many, many trucks are still on that road doing their job. What credible trucking company can afford to have a half million dollar rig parked on a street in Ottawa? Have you counted the number of farm tractors at the blockade? More tractors than trucks. You realize that farm tractors would not be working at ths time of year...so can be parked on streets blocking traffic! Are you a real trucker? I guess you're an independently wealthy trucker who can afford to park their 1/2 million dollar rig for several weeks. GTFOOH! Real truckers are working, making money and keeping our well governed country supplied.|10159553948543904|Paul Phillips|2022-02-09 19:41:10|1|1|10159553718338904|facebook
show me the legal structure that allows you to make decisions on behalf of the Canadian people on international and provincial matters. i will wait.|10159553922198904|Will Bedford|2022-02-09 19:41:26|1|1|10159553718338904|facebook
your view is very centrist which is okay coming from a conservative. The one thing that I find to be very revealing is the study done by John Hopkins on mandates and lock downs. The conclusion was that the poor public policy on all of it reduced deaths by .02%. The study concluded that the mandates just by themselves caused more death than they were able to save people from the pandenic. Covid 19 was/is very serious to elderly and the very sick however the vast majority of people recovered from the illness.|10159554711118904|Kennedy OBrien|2022-02-09 19:41:10|1|1|10159553718338904|facebook
oh so now truckers are the keepers of law in our country now? Great. What gives them the authority?|10159554862678904|Will Bedford|2022-02-09 19:41:26|1|1|10159553718338904|facebook
And yet seatbelts and airbags still cause injuries. Driving an automobile is a risk to one’s self and to others. No one deliberately crashes a car into another vehicle so if you really care about preventing accidental/ unintentional injuries and deaths then please fight to ban automobiles so that no more innocents die on our roads.|10159555236288904|John Appleseed|2022-02-09 19:41:08|1|1|10159553718338904|facebook
democracy, people have the power. It’s not just truckers. It’s the majority of us that have the same view as the truckers. Where is the Trudeau convoy ? I haven’t seen it?|10159554961593904|Jay Labatte|2022-02-09 19:41:26|1|1|10159553718338904|facebook
you honestly believe that these truckers are the majority? Don't get me wrong I agree with some of the things they represent but I don't agree with them.|10159554964128904|Will Bedford|2022-02-09 19:41:26|1|1|10159553718338904|facebook
I think the majority want freedom and want the mandates gone. I believe that’s what most polls are showing.|10159554967573904|Jay Labatte|2022-02-09 19:41:26|1|1|10159553718338904|facebook
I think mandates were on the verge of changing anyways. This latest variant of covid has only been around since November and it is a game changer. I just don't see the point of trying to pressure the federal government to change provincial regulations. Both America and Canada will have to work together, and they are, on border regulations. I also don't see the point of tormenting Ottawa citizens for the crimes of the government.|10159554971478904|Will Bedford|2022-02-09 19:41:26|1|1|10159553718338904|facebook
we were not on the verge of changing. The transport minister (can’t remember the commies name) literally tried to push interprovincial travel bans after the convoy started.|10159554981413904|Jay Labatte|2022-02-09 19:41:26|1|1|10159553718338904|facebook
I'm talking about with the virus. I think within the next few months regardless of protests there's going to be changes in regulations because of the nature of it.|10159554994718904|Will Bedford|2022-02-09 19:41:26|1|1|10159553718338904|facebook
Well I’m also part of the 35% that don’t believe in god so whatever the majority of people think is not necessarily so|10159554436093904|Kelly Zak|2022-02-09 19:41:10|1|1|10159553718338904|facebook
cool|10159554995873904|Jay Labatte|2022-02-09 19:41:26|1|1|10159553718338904|facebook
except none of that’s working so far, so guess what, freedoms back🤷🏻‍♂️|10159553916313904|James Fox|2022-02-09 19:41:08|1|1|10159553718338904|facebook
what “freedom“ has anyone tried to take away from you?|10159553919578904|Sean Ledwich|2022-02-09 19:41:08|1|1|10159553718338904|facebook
some people believe in God and some people don't. Does that make either group bad people. No. You have the right to choose what's good for you and governments in free countries should not be pushing people. Most people I talk to that are not vaccinated are not extremists but they have hesitation and fear. Be kind and understanding not demanding.|10159554764058904|Rob Bourelle|2022-02-09 19:41:10|1|1|10159553718338904|facebook
Sorry but I’ll do and say what’s right for myself, my friends, and my family|10159554769678904|Kelly Zak|2022-02-09 19:41:10|1|1|10159553718338904|facebook
"""I’m not giving up my freedoms for anyones fears.🤷🏻‍♂️"" Allowing other people to give up their freedoms willingly in order to protect YOUR health while refusing to do the same for your neighbours, your colleagues and, indeed, your own family is clearly a toxic blend of arrogance, irresponsibilit y, stupidity and an egocentric self-absorption that is more appropriate in children."|10159553915553904|Paul Weiss|2022-02-09 19:41:08|1|1|10159553718338904|facebook
yes you should. But not everyone will want to do it your way. They should be able to do and say what's right for themselves and their families as well. Governments that are elected with only 34% of the vote should be listening to everyone.|10159554777753904|Rob Bourelle|2022-02-09 19:41:10|1|1|10159553718338904|facebook
It’s not MY way, it’s THE way|10159554797753904|Kelly Zak|2022-02-09 19:41:10|1|1|10159553718338904|facebook
bro what? you quote the poll im talking about at 54% a clear majority, then say math is hard 42%? what exactly did 42 come from?|10159554899748904|Andrew William Grieve|2022-02-09 19:41:10|1|1|10159553718338904|facebook
well, you just did, so… But I assume you can’t articulate what freedom you have lost. The fact is, you haven’t lost any freedoms.|10159553921748904|Sean Ledwich|2022-02-09 19:41:08|1|1|10159553718338904|facebook
if you have to show papers to get on a plane, train or go to a movie etc, you have lost freedoms.🤷🏻‍♂️ when they don’t let you visit your dying family members in the hospital, you’ve lost some freedom. If you are required to “quarantine” by law when you aren’t sick in any way and forced to pay for a hotel room at a government rate, that’s some freedom lost. Wake up man and i forgot the most important one, freedom to conduct lawful business, if they are forcing you to close your lawful business then yes, you’ve lost some freedom.|10159553926368904|James Fox|2022-02-09 19:41:08|1|1|10159553718338904|facebook
why would I even begin to engage with you about this, your clearly a complete moron when it comes to this.|10159553920568904|James Fox|2022-02-09 19:41:08|1|1|10159553718338904|facebook
What if its the wrong way? Should we never question THE way?|10159554811028904|Rob Bourelle|2022-02-09 19:41:10|1|1|10159553718338904|facebook
Street mob = Canadian citizens with pride!|10159554076958904|Stevan Ellis|2022-02-09 19:41:04|0|0|10159553718338904|facebook
You saw where this attitude got Trudeau, down a rabbit hole for a week, good luck with that! 😉🙃|10159553817933904|Maggie Ann|2022-02-09 19:41:06|0|0|10159553718338904|facebook
No. We need our representatives to be responsive.|10159554579488904|David Hospers|2022-02-09 19:41:04|0|0|10159553718338904|facebook
I love when theoretical adults troll you to see if it can make them smarter first because they have no cognizant intelligent response otherwise ! LOL Swing for the bleachers Karen as ex pats say ! Apparently as our dirty little economic step child to the north you are our problem and cutting off the proverbial teet you feed from at the crossings should show that soon enough ! You have no clue how much you have given up all your freedoms ! 78 year old man beaten up for honking a horn. Grandmother arrested for carrying a gas can ! Truckers families frozen out of their cabs ! Yea, your free because tyranny is a great sign of freedom ! Better go turn on your government run CTV see if Castro Junior will let your out of your government owned housing today...|10159554888278904|Chris Tognini|2022-02-09 19:41:20|1|0|10159553718338904|facebook
It is good news. If anything the chaos that these protests are causing will prolong the misery. I agree with you that the Trudeau government is a farce.|10159554999303904|Will Bedford|2022-02-09 19:41:26|1|0|10159553718338904|facebook
0.2 percent yea good job|10159554086293904|Anthony Campbell|2022-02-09 19:41:06|0|0|10159553718338904|facebook
These selfish crazies have no clue they live in an alternative world|10159553740783904|Yves Bouchard|2022-02-09 19:41:06|0|0|10159553718338904|facebook
and where has that got you? ...a QR Code pass lmao|10159553917143904|Darlene Brooks|2022-02-09 19:41:20|1|0|10159553718338904|facebook
Yes the selfish don’t get it!|10159553817678904|Tracy Humphrey|2022-02-09 19:41:06|0|0|10159553718338904|facebook
Not in Alberta… We’ll do it when our spineless Premier thinks he can save a few votes.|10159554058213904|Ribsy Ludwig|2022-02-09 19:41:04|0|0|10159553718338904|facebook
There are people who actually want the mandates to continue? Lol|10159554353113904|Aaron Manikoth|2022-02-09 19:41:06|0|0|10159553718338904|facebook
CONTRARY TO LAW Andrew, CONTRARY to LAW, Grow Some⚽️⚾️🏀🏐🏈|10159553827658904|Dale Dutchak|2022-02-09 19:41:06|0|0|10159553718338904|facebook
Thanks for the voice of reason, Andrew Coyne.|10159553866418904|Penelope F. Cavers|2022-02-09 19:41:06|0|0|10159553718338904|facebook
Christos Xlenopobic Time for your meds....|10159553883018904|Shari Landry|2022-02-09 19:41:27|1|0|10159553718338904|facebook
Truth be told , it'll likely end when Mr. Biden makes a phone call .... And Trudeau does as he's told , as the Dems are getting nervous about a similar uprising south of the border.|10159555686928904|Hendrick Wingenroth|2022-02-09 19:41:06|0|0|10159553718338904|facebook
Your we does not include me. Lift the mandates.|10159554043893904|Raj Dhaliwal|2022-02-09 19:41:06|0|0|10159553718338904|facebook
"Yeah, well I didn't vote for truckers to be my government or make decisions for me. This is a mob holding a city hostage. Oh and when people start talking about ""real Canadians"", I know I listening to a fascist. smh"|10159554430808904|Debra Yundt|2022-02-09 19:41:27|1|0|10159553718338904|facebook
Canada has a very vaccination rate (I’m vaccinated and believe it a good thing). Now it is time to loosen up instead of perpetuating the fear|10159554585848904|David Hospers|2022-02-09 19:41:21|1|0|10159553718338904|facebook
destroyed many lives too..and families|10159553895753904|Olga Olga|2022-02-09 19:41:04|0|0|10159553718338904|facebook
Maybe that's a good thing.|10159553782833904|Doug Richardson|2022-02-09 19:41:25|1|0|10159553718338904|facebook
While that time is on the horizon, I don't think it's here quite yet. Remember how many times restrictions have been relaxed followed by a resurgence of infection rates. I don't view fear as a necessarily bad thing. My fear of catching Covid prompted me to get vaccinated toot suite.|10159554925433904|Boffo McGurk|2022-02-09 19:41:21|1|0|10159553718338904|facebook
The end doesn't justify the means. Easy for a journalist to say, you worked from home in your Muskoka cottage and a MacBook. We had some of the most stringent lockdowns because of our failing healthcare system. Fix the healthcare system - stop abusing Canadians!|10159559718358904|Annik Ve|2022-02-09 19:41:06|0|0|10159553718338904|facebook
so says the cousin of justin trudeaus half sister.|10159553864778904|Mitch Dineen|2022-02-09 19:41:06|0|0|10159553718338904|facebook
Canada's elected officials have endorsed political change by street mobs in many other countries. Why so selective when a mob is on our own soil?|10159554328463904|Wade A. Alexander|2022-02-09 19:41:06|0|0|10159553718338904|facebook
Our government is the biggest mob|10159554491063904|Rick Fulford|2022-02-09 19:41:06|0|0|10159553718338904|facebook
Yeah mob rule holding a city hostage versus a democratically elected government.|10159554427548904|Debra Yundt|2022-02-09 19:41:23|1|0|10159553718338904|facebook
the trucks do not call the shots don't see them passing bills in the chamber|10159554385853904|Paderick Rose|2022-02-09 19:41:23|1|0|10159553718338904|facebook
says the guy that says walk with God Pfft|10159554384633904|Paderick Rose|2022-02-09 19:41:20|1|0|10159553718338904|facebook
Note to Occupiers: don’t be a Rooster “Post hoc ergo propter hoc”.|10159557916743904|Stephen Duke|2022-02-09 19:41:06|0|0|10159553718338904|facebook
Saved thousands, ruined more.|10159555095123904|Clinton Pigeau|2022-02-09 19:41:06|0|0|10159553718338904|facebook
yes!|10159554503328904|Bejot Cat|2022-02-09 19:41:06|0|0|10159553718338904|facebook
Great column!|10159554679283904|Georgie Binks|2022-02-09 19:41:06|0|0|10159553718338904|facebook
Of course we are 40% lower than those developed nations. Those other nations also have a much higher population density.|10159554014863904|Larry Aelterman|2022-02-09 19:41:06|0|0|10159553718338904|facebook
How many lives did they break, Andrew, one way or another?|10159553951603904|John Skippy|2022-02-09 19:41:06|0|0|10159553718338904|facebook
moron stop interfering in Canadian politics.|10159553912148904|Maria CT|2022-02-09 19:41:23|1|0|10159553718338904|facebook
I think they will.gain. we will see|10159554585628904|Vicki Baulch|2022-02-09 19:41:22|1|0|10159553718338904|facebook
Not everything is supposed to be the subject matter of a vote. That's the whole purpose of the Charter. Where did people get this idea that everything was up to a vote? Where does it say that in any of our founding documents?|10159554573568904|Gerry Bourdeau|2022-02-09 19:41:06|0|0|10159553718338904|facebook
You mean the street mobs that elect government and whose taxes pay for the government. It is high time Trudeau et al remember they are servants of the public, we are not servants of the government.|10159554037198904|Real Sense|2022-02-09 19:41:06|0|0|10159553718338904|facebook
I love how dumb people are showing. Just comment about rights and freedoms and that Canada is turning to communism. Then say that we are becoming a dictatorship. Truly expose your non-existent knowledge about politics.  Trudeau is the prime minister of Canada with a minority government. He cannot overrule and enforce policy as he sees fit. He also has to tell the Governor General everything who then reports to Queen Elizabeth. Canada is a constitutional monarch. We are not a totalitarian government.|10159555051943904|Kris Hopson|2022-02-09 19:41:06|0|0|10159553718338904|facebook
Oh Gawd, bring on the angries!!|10159553735768904|David Clark|2022-02-09 19:41:06|0|0|10159553718338904|facebook
I am not sure he will run for a fourth term. It will depend on that and who the CPC choose to lead that party. They are a mess too.|10159553956403904|Andrew Karvonen|2022-02-09 19:41:22|1|0|10159553718338904|facebook
what makes you think i voted for him? i did not. i will leave the legalities with lawyers that know better. so far i have only seen proof that it is not against the charter. its not like it matters anyway, the Americans have a no vaccine no enter policy right now too, as do most countries, and the rest are all provincial matters. the freedumb convoy is just a waste of time and tax money.|10159553849533904|Will Bedford|2022-02-09 19:41:26|1|0|10159553718338904|facebook
right you are. Good chance they're busy burning down their own house, so to speak|10159553890513904|Janice Tremblay|2022-02-09 19:41:22|1|0|10159553718338904|facebook
well said.|10159553914758904|Maria CT|2022-02-09 19:41:26|1|0|10159553718338904|facebook
stop spewing your rhetoric to get your point across. You commented on a article about the Ottawa protests go figure how ironic|10159554790818904|Paderick Rose|2022-02-09 19:41:22|1|0|10159553718338904|facebook
they have said it loud and clear, you’re just not listening|10159553785553904|James Fox|2022-02-09 19:41:25|1|0|10159553718338904|facebook
Coyne wins the Height of Arrogance trophy for today.|10159553896608904|David Buder|2022-02-09 19:41:06|0|0|10159553718338904|facebook
How about we decide what’s best for ourselves, you can choose to live in a bubble that the government recommends, I choose to live free, I’m not giving up my freedoms for anyones fears.🤷🏻‍♂️|10159553784898904|James Fox|2022-02-09 19:41:04|0|0|10159553718338904|facebook
Exactly right. In fact if you extrapolate the 0.2% from the John Hopkins study, the actual number of lives saved from lockdowns in Canada is around 70. Far from thousands.|10159554588178904|John Doble|2022-02-09 19:41:14|1|0|10159553718338904|facebook
you better move there if that's what you think. Troll|10159554384363904|Paderick Rose|2022-02-09 19:41:20|1|0|10159553718338904|facebook
Ben needs confirmation bias.|10159554904723904|The Contrarian|2022-02-09 19:41:10|1|0|10159553718338904|facebook
mhmm I can’t wait for another election and the liberals win again …. Wonder what the truckers will throw a tantrum about then …|10159553914363904|Sean Wojcik|2022-02-09 19:41:09|1|0|10159553718338904|facebook
33% of popular vote does not make a majority.|10159553965813904|Jerald Pitt|2022-02-09 19:41:10|1|0|10159553718338904|facebook
bunch of idiots in their Tonka? Street mob.|10159554150718904|Andrzej Nowacki|2022-02-09 19:41:10|1|0|10159553718338904|facebook
did anybody get more?|10159554151273904|Andrzej Nowacki|2022-02-09 19:41:10|1|0|10159553718338904|facebook
Lucas Gillies BS|10159554380768904|Paderick Rose|2022-02-09 19:41:10|1|0|10159553718338904|facebook
but it makes you Government popular vote means nothing in Canada and the USA under both election systems.|10159554382918904|Paderick Rose|2022-02-09 19:41:10|1|0|10159553718338904|facebook
It’s not even the majority of truckers.|10159554422228904|Richard Joyce|2022-02-09 19:41:10|1|0|10159553718338904|facebook
Brigitte Richard Eventually. But most Canadians know that is already going to happen soon regardless. These measures were never going to be permanent.|10159554423228904|Richard Joyce|2022-02-09 19:41:10|1|0|10159553718338904|facebook
Lol ok doc|10159554430983904|Kelly Zak|2022-02-09 19:41:10|1|0|10159553718338904|facebook
In this case, both|10159554431753904|Kelly Zak|2022-02-09 19:41:10|1|0|10159553718338904|facebook
I know math is hard however I wasn't aware that 42% in considered the majority|10159554632673904|Kennedy OBrien|2022-02-09 19:41:10|1|0|10159553718338904|facebook
Only if you know more than the scientific and medical communities|10159554815623904|Kelly Zak|2022-02-09 19:41:10|1|0|10159553718338904|facebook
the polling done by ipsis last week found that 56% of Canadians were in favor of ending restrictions and of course that varies by province. Quebec being the lowest at 52% and Saskatchewan being at 68% in favor. I find the global and mail to be ideological alined with extreme far left views and have no tolerance for differing points of view. Depending on what part of the country you live will differ on support of the protest however if the ipsis poll is any indication on supporting the protest it would appear that most do infact support the movement. People need to get back to to understanding that the government works the Canadian public not the other way around. Quebec city Liberal MP Lightbound holding a press conference coming out against the PMs divisiveness and mandates was to say the least pretty shocking.|10159554831213904|Kennedy OBrien|2022-02-09 19:41:10|1|0|10159553718338904|facebook
the sooner we all get back to respecting differing view points the sooner the country will heal. The division needs to end between Canadians and it doesn't help when our federal government is the one dividing us and I don't care what political stripe that government is.|10159554862188904|Kennedy OBrien|2022-02-09 19:41:10|1|0|10159553718338904|facebook
True, latest figures say at least 14 million now protesting on the hill.|10159555585633904|Taras Pater|2022-02-09 19:41:10|1|0|10159553718338904|facebook
wishful thinking|10159557678983904|Wendy DeWolfe|2022-02-09 19:41:10|1|0|10159553718338904|facebook
grow up|10159554383928904|Paderick Rose|2022-02-09 19:41:10|1|0|10159553718338904|facebook
you are now part of the 46%|10159553914123904|Darlene Brooks|2022-02-09 19:41:09|1|0|10159553718338904|facebook
You mean the people have spoken and the government has done it's job and listened|10159555692098904|Cary Mackenzie|2022-02-09 19:41:09|1|0|10159553718338904|facebook
unlike Ottawa that only serves corruption|10159554077443904|Greg Waters|2022-02-09 19:41:09|1|0|10159553718338904|facebook
brave comment being the globalist and mail haha, this is where Trudeaus base gets all the up to date info on the world. However you are correct the government works for us not the other way around|10159554621943904|Kennedy OBrien|2022-02-09 19:41:08|1|0|10159553718338904|facebook
and when the vaccine turned out to be bunk, as in it’s not slowing the spread at all, you still think the vaxx pass is necessary?|10159553939958904|James Fox|2022-02-09 19:41:08|1|0|10159553718338904|facebook
and the most important part is, if your not sick, you aren’t passing it. It’s not right to be punished for something you have absolutely nothing to do with, free society doesn’t do that.|10159553942608904|James Fox|2022-02-09 19:41:08|1|0|10159553718338904|facebook
it’s actually comical at this point. Does the vaccine mean you won’t catch the virus and won’t spread it? Answer that simple question.|10159554076338904|James Fox|2022-02-09 19:41:08|1|0|10159553718338904|facebook
so we will have our glorious rights but no responsibilitie s. Lovely.|10159554138853904|Andrzej Nowacki|2022-02-09 19:41:08|1|0|10159553718338904|facebook
does the boot taste good Sean?|10159554218738904|Shane Jones|2022-02-09 19:41:08|1|0|10159553718338904|facebook
besides freedom of movement and freedom of association?|10159554222658904|Rob Thomas|2022-02-09 19:41:08|1|0|10159553718338904|facebook
its not just privileges being lost, its peoples jobs…. And the vax doesnt prevent transmission. So how is it that freedoms are being lost and the very thing they are being lost for isnt as a result of an unvaccinated person transmitting it. You are free to stay home and not go out. You are an adult. And you know your risks better than the government does. Stop acting like a child|10159554545738904|Bailey Roubos|2022-02-09 19:41:08|1|0|10159553718338904|facebook
section 6 of the charter of rights and freedoms or how about subsection 52 of the Canadian constitution? Just saying you lefist mut|10159554624773904|Kennedy OBrien|2022-02-09 19:41:08|1|0|10159553718338904|facebook
even if you are asymptomatic (that means that you do not show any signs of sickness) you can still be a carrier of the virus and pass it on to other people.|10159555508223904|Greg Parke|2022-02-09 19:41:08|1|0|10159553718338904|facebook
what exact freedoms are are pertaining to? We still have freedom of travel, can surf the net, attend protests, vote, meet up with people, worship, order on line, order in, grocery shop, etc. Our ancestors survived in worse situations. Sound more like you are a whining child without understanding.|10159554625663904|Ivana Islic|2022-02-09 19:41:08|1|0|10159553718338904|facebook
"are you not free to travel anywhere in Canada? Are you not free to purchase food and clothing? Hmmmm I am confused about HOW you are not free exactly! If you are unvaxed you are free to purchase food and other items and have them delivered or curb side pickup! I don't live in a ""bubble""... and quite happy! :)"|10159554626398904|David Gray|2022-02-09 19:41:08|1|0|10159553718338904|facebook
responsibility is on the individual|10159554629993904|Kennedy OBrien|2022-02-09 19:41:08|1|0|10159553718338904|facebook
back in 1987 70% of the people in Alberta were anti seat belts in vehicles... you can google that. And here we are in 2022 trying to protect everyone from Covid-19. https:// beta.ctvnews.ca/ national/ coronavirus/ 2022/1/23/ 1_5751439.html|10159554632068904|David Gray|2022-02-09 19:41:08|1|0|10159553718338904|facebook
so long as you understand you are NOT allowed to waltz into my store without a mask, to endanger my staff and other customers.  you do NOT have the freedom for that.|10159554905908904|The Contrarian|2022-02-09 19:41:08|1|0|10159553718338904|facebook
This isn't America , we trust and have strong government institutions. American wannabe agents have been trying to undermine our institutions for years, they won't get their said . In addition absolute freedom is ANARCHY|10159555052618904|Sebastian Alejandro Cortes|2022-02-09 19:41:08|1|0|10159553718338904|facebook
often many of these accidents are due to high speed, texting or under the influence, road conditions and poor attentiveness also can play a factor yet, overall many lives have been saved due to seat belt. It is put in place as a precaution. Just like restrictions to keep numbers low if possible and save lives. Not guaranteed but it helps.|10159555260378904|Ivana Islic|2022-02-09 19:41:08|1|0|10159553718338904|facebook
open it in incognito mode to read for free :)|10159554874898904|John Dodsworth|2022-02-09 19:41:10|1|0|10159553718338904|facebook
someday bud.|10159553810083904|Dave Smith|2022-02-09 19:41:11|1|0|10159553718338904|facebook
The messaging has been all over the map. But if First Nations or BLM had blockaded the capital and shuttered border crossings, while supporting this recently withdrawn MOU the right wing would be furious  Notice of Formal Withdrawal of MOU by Canada Unity  Ottawa February 8 2022 – For Immediate Release  It has come to the attention of Canada Unity that the Memorandum Of Understanding (herein referred to as MOU) does not reflect the spirit and intent of the Freedom Convoy Movement 2022  We represent the voice of many Canadians who desire to have the Charter of Rights and Freedoms upheld. We are everyday Canadians, not lawyers or politicians.  We are immediately withdrawing the MOU as we do not want any unintended interpretations to continue. Our sole desire with the MOU was to have a document where Canadians could peacefully express their displeasure with current C19 mandates, and express their desire to be free. Canada Unity does not support or encourage any acts which tarnish democratic values held by Canadians.  To the over 320,000 original signatories of the MOU; we appreciate your support and will continue to peacefully demonstrate until the Charter of Rights and Freedoms is upheld.  This document was created with the sole purpose of bringing the government of Canada and all Canadian citizens into agreement; that the Charter of Rights and Freedoms should be upheld for all  Canada Unity firmly supports the constitution and democratic process. We remain committed to following lawful process and upholding freedom of choice.  Canada Unity  James Bauder  Sandra Bauder|10159554842068904|Linda Jeaurond|2022-02-09 19:41:20|1|0|10159553718338904|facebook
Personally, thankful for the mandates and rules that were and are in place. Protection from those who just cannot comprehend reality.|10159553890888904|Shari Landry|2022-02-09 19:41:11|1|0|10159553718338904|facebook
You're not in a position to speak on what the government will do.|10159553741583904|Jack Massalski|2022-02-09 19:41:04|0|0|10159553718338904|facebook
you’re delusional. Of course most Canadians want this to end but when it’s safe to do so.|10159557917233904|Stephen Duke|2022-02-09 19:41:15|1|0|10159553718338904|facebook
so why didn’t you elect someone different?!|10159554153363904|Andrzej Nowacki|2022-02-09 19:41:16|1|0|10159553718338904|facebook
Government rules your life from birth to death|10159554383158904|Paderick Rose|2022-02-09 19:41:16|1|0|10159553718338904|facebook
They're claiming success as provinces reopen. They are now successfully closing the busiest border in NA. Someone must step up to the plate and move these fringe groups out.|10159554593873904|John Pri|2022-02-09 19:41:04|0|0|10159553718338904|facebook
You're calling them a street mob now? 🤣🤣🤣|10159554411863904|Philip Schwanz|2022-02-09 19:41:04|0|0|10159553718338904|facebook
Oh they will be sooner than later. Party’s over for the tyrannical leaders!!|10159554646138904|Janis Caldwell|2022-02-09 19:41:04|0|0|10159553718338904|facebook
Get ready for more pain, politicians egos are at stake!|10159554023958904|Sean Owen Carlson|2022-02-09 19:41:04|0|0|10159553718338904|facebook
its political not medical|10159554388308904|Paderick Rose|2022-02-09 19:41:16|1|0|10159553718338904|facebook
maybe learn how to spell to get respect|10159554386543904|Paderick Rose|2022-02-09 19:41:17|1|0|10159553718338904|facebook
He's been a Conservative all his life. Even worked for them. So just what are you talking about?|10159554063878904|Stephen Kennedy|2022-02-09 19:41:17|1|0|10159553718338904|facebook
you know the saying about opinions?|10159554152048904|Andrzej Nowacki|2022-02-09 19:41:17|1|0|10159553718338904|facebook
prove it|10159554385158904|Paderick Rose|2022-02-09 19:41:17|1|0|10159553718338904|facebook
Good thing you weren't around when we had the polio epidemic. Just imagine how many people would have polio today smh|10159554426143904|Debra Yundt|2022-02-09 19:41:18|1|0|10159553718338904|facebook
typical...they are cherry picking research that fits their narrative....|10159555269958904|Steven Parks|2022-02-09 19:41:18|1|0|10159553718338904|facebook
not sure what you mean but ok…|10159554601538904|Richard Notter|2022-02-09 19:41:19|1|0|10159553718338904|facebook
This protest would have been over a week ago if not for the false demonization of it by the media and politicians. If instead of trying to incite hate by exaggeration and lies they just acknowledged the concerns and said they were working to end ALL mandates the protest would be over. Nothing brings more people to a cause and creates more resolve than insults and lies against them|10159554656853904|Zane Grey|2022-02-09 19:41:19|1|0|10159553718338904|facebook
to be fair Kieran did say that this view is shared by “every rational Canadian” which explains why you don’t share it.|10159557673193904|Wendy DeWolfe|2022-02-09 19:41:14|1|0|10159553718338904|facebook
this is a fking democracy and a bunch of truckers and their brainwashed followers don't make federal or provincial laws. Gtfo and go home. We will not be held hostage much longer by this movements childish antics.|10159555703423904|Adrian Ayotte|2022-02-09 19:41:14|1|0|10159553718338904|facebook
Rational and liberals are an oxymoron.|10159555431623904|Jared Cole|2022-02-09 19:41:14|1|0|10159553718338904|facebook
You're clearly delusional. Skipped your medication today?|10159554046408904|Richard Husar|2022-02-09 19:41:14|1|0|10159553718338904|facebook
If you still think it has to do with vaccinations... . You seem to be missing crucial information... 😏|10159553898333904|Jesse Swope|2022-02-09 19:41:11|1|0|10159553718338904|facebook
that would be because it got more infectious. And people were already dragging their feet.|10159554946768904|Tommy Smith|2022-02-09 19:41:11|1|0|10159553718338904|facebook
Hope they’re ready soon😊|10159553815443904|Wanda Pavich Larson|2022-02-09 19:41:04|0|0|10159553718338904|facebook
the smart one?|10159553825793904|Ryan Boer|2022-02-09 19:41:12|1|0|10159553718338904|facebook
no one is saying that they shouldn't be allowed to protest. Just that the government is under no obligation to change policies because of protests.  What policies were changed because of BLM protests in Canada?|10159554954708904|Scott Verge|2022-02-09 19:41:12|1|0|10159553718338904|facebook
no infinite wisdom, just common sense. You can't go back to the start and do nothing to see the outcome. So all there is is conjecture. Which takes us back to where we started. CAN'T BE PROVEN.|10159554694388904|Daniel Dawe|2022-02-09 19:41:13|1|0|10159553718338904|facebook
Excellent article. This view is shared by almost all Canadians, and certainly every rational Canadian.|10159553932978904|Kieran Petrasek|2022-02-09 19:41:04|0|0|10159553718338904|facebook
you mean the brainwashed ones ? Gotcha lol|10159554054213904|Andrea Montanaro|2022-02-09 19:41:14|1|0|10159553718338904|facebook
Leger surveyed 1,546 people between Feb. 4 and Feb. 6 and found that, while 62 per cent of all respondents strongly or somewhat oppose the Freedom Convoy protest, 44 per cent of those who are fully vaccinated said they could sympathize with “the concerns and frustrations being voiced by people involved in the trucker protest in Ottawa.” One third (32 per cent) of Canadians support the protest, while seven per cent are undecided.|10159555234853904|Robert Nicholson|2022-02-09 19:41:14|1|0|10159553718338904|facebook
well, good old Jo Stalin was not elected quite democratically. Actually, there weren’t that many democratic Russian elections. Tsar did not like them (so to speak), Soviets even less, if I remember correctly. But, back to protests. I still can’t see how a protest could change the government if one lives in democracy. I have my full trust in elections. I think that if you don’t like governing party you throw your support (and support of a group you organize) behind the opposing party. And win the election. And govern happily ever after. Or is it better to send a bunch of truckers to the capital city?|10159554194633904|Andrzej Nowacki|2022-02-09 19:41:14|1|0|10159553718338904|facebook
dont need to just wait a couple years it will be the same|10159554575833904|Alain Martel|2022-02-09 19:41:14|1|0|10159553718338904|facebook
well id like to know the age of all these deaths old unfit sick YUP|10159554592578904|Rod Port|2022-02-09 19:41:14|1|0|10159553718338904|facebook
what are your thoughts on the liberals use of OIC to sidestep the parliamentary process? Democracy in action? Dictators are still bad right?|10159554869333904|Andrew Dominowski|2022-02-09 19:41:14|1|0|10159553718338904|facebook
https:// nationalpost.com /news/politics/ election-2019/ canadian-federal -election-2019- liberals-justin -trudeau-win/ wcm/ 909faeca-1edd-44 0c-9f4e-eab6d27 3f413/amp/|10159555192163904|Robert Nicholson|2022-02-09 19:41:14|1|0|10159553718338904|facebook
September 20, 2021 Party Leader % Liberal Justin Trudeau 32.6% Conservative Erin O'Toole 33.7% Bloc Québécois Yves-François Blanchet 7.6% New Democratic Party Jagmeet Singh 17.8%|10159555194308904|Robert Nicholson|2022-02-09 19:41:14|1|0|10159553718338904|facebook
well 32% support the truckers so if it gets liberals in I guess it will work for them|10159555231983904|Robert Nicholson|2022-02-09 19:41:14|1|0|10159553718338904|facebook
TRULY AGREE!|10159553794568904|Li Eron|2022-02-09 19:41:06|0|0|10159553718338904|facebook
