﻿comment|comment_ids|username|datetime|isreply|num_replies|post_id|label
…124,00 direct auto assembly jobs in On. For every assembly job, approximately 10 other jobs are created. The Ambassador Bridge is the main conduit for the integrated North American auto trade. It is a huge deal that this bridge is closed..|10159555207588904|Sylvia Watson|2022-02-09 22:55:42|1|4|10159555118463904|facebook
and many they have forcefully removed. Calling out the exception says we did one right thing in 50 wrong things.|10159555168083904|Lindsay Pinnegar-Fehr|2022-02-09 22:55:45|1|3|10159555118463904|facebook
Check under your bed tonight.|10159555631778904|Bruce R Collens|2022-02-09 22:55:48|1|2|10159555118463904|facebook
Michael Haughton what ? 😂|10159555248113904|Derek Mitchell|2022-02-09 22:55:44|1|2|10159555118463904|facebook
what do you call 300 000 out of work AB to 3000 out of work in Ontarios auto industry?|10159555193348904|Chris Nordness|2022-02-09 22:55:42|1|2|10159555118463904|facebook
And again. Why would we listen to a small minority and let them dictate how public health measures should be implemented?  Should we have handed over control of the police to BLM protesters?|10159555992823904|Scott Verge|2022-02-09 22:55:46|1|2|10159555118463904|facebook
Stop calling these losers “protestors”|10159555141333904|David Szy|2022-02-09 22:55:41|0|2|10159555118463904|facebook
They are making sure Conservatives will get the minimum number of votes in next elections. Do you think Liberal government would want to stop them too soon?😅|10159555392118904|Gordon Wong|2022-02-09 22:55:41|0|2|10159555118463904|facebook
Freedom fighters?….hmmm …How about job-destroyers? If factories and businesses can’t operate because essential equipment/ parts/ supplies are not delivered they will be forced to close; and if they are American-based they may just close up permanently. The Canadian auto industry is already dealing with issues around the manufacturing of electric cars and their potential status in the free trade agreement with the US…..With freedom comes responsibility….|10159555174988904|Sylvia Watson|2022-02-09 22:55:40|0|1|10159555118463904|facebook
Then I better not see and indigenous blockade removed by police.|10159555149318904|Lindsay Pinnegar-Fehr|2022-02-09 22:55:41|0|1|10159555118463904|facebook
uh-- the Indigenous blockaded Canada's entire rail system for months several years ago-- remember? No one force removed them.|10159555166963904|Ian Robinson|2022-02-09 22:55:45|1|1|10159555118463904|facebook
--- hardly the exception. I lived through Oka here in Quebec and others. So easy on your rhetoric|10159555170938904|Ian Robinson|2022-02-09 22:55:45|1|1|10159555118463904|facebook
not sure what planet your on buddy but conservatives are going to win by a landslide.|10159556125858904|Jackie Jean|2022-02-09 22:55:47|1|1|10159555118463904|facebook
lol.....it was not for months|10159555462668904|Walter Rodd|2022-02-09 22:55:45|1|1|10159555118463904|facebook
no double standard -- just facts which you seem to have difficulty grasping.|10159555466543904|Ian Robinson|2022-02-09 22:55:45|1|1|10159555118463904|facebook
Sue them all into oblivion for damages.|10159555189573904|James McDonald|2022-02-09 22:55:41|0|1|10159555118463904|facebook
sorry but more like you don't grasp it|10159555468513904|Walter Rodd|2022-02-09 22:55:45|1|1|10159555118463904|facebook
sorry but the dictator Trudeau did destroy the energy industry in the west with his insane destructive policies we lost way more than the auto industry sorry I am with the truckers|10159555188303904|Chris Nordness|2022-02-09 22:55:42|1|1|10159555118463904|facebook
"We can all thank Trudeau for this mess. In his capacity as prime minister, his job is to treat all Canadians equally and to listen to the concerns of all Canadians whether or not, they agree with his policies. When our Indigenous people set up road blockades to protest pipelines, Trudeau listened to their concerns yet when our truckers set up road blockades, he dismissed them in his condescending way, as all being racist and refused to listen to them. Former Sergeant-at-Arm s Kevin Vickers is right that there should be respect when it comes to dialogue with the truckers’ convoy. As he advises, ""Respect actually means listening to something you’d rather not hear and listening must include the possibility of recognizing there may be a meaningful grievance on the other side.” If Trudeau can't do his job, he needs to step down."|10159555168403904|Marilyn Taylor|2022-02-09 22:55:41|0|1|10159555118463904|facebook
their licenses should be revoke! using vehicles is obviously illegal!|10159555343848904|Li Eron|2022-02-09 22:55:41|0|1|10159555118463904|facebook
Simply end the mandates.|10159555893953904|Paul Bell|2022-02-09 22:55:41|0|1|10159555118463904|facebook
yes. Bow to pressure by a small group of people.|10159555964933904|Scott Verge|2022-02-09 22:55:46|1|1|10159555118463904|facebook
No. Follow the science and the Constitution. Do you think these mandates and controls are saving lives?|10159555965553904|Paul Bell|2022-02-09 22:55:46|1|1|10159555118463904|facebook
Canada has half the deaths per capita that the USA has had.  Yes.|10159555989713904|Scott Verge|2022-02-09 22:55:46|1|1|10159555118463904|facebook
Nothing to do with the mandates. Compare New York and California to Florida. Compare Canada to Sweden.|10159555991078904|Paul Bell|2022-02-09 22:55:46|1|1|10159555118463904|facebook
You're making a silly gaslight now. spare that nonsense. End the mandates for whatever reason suits your fancy. If you think it's because the Viking hat guy is coming to brainwash you, so be it.|10159555995358904|Paul Bell|2022-02-09 22:55:46|1|1|10159555118463904|facebook
Well you created two classes of citizens , time to accept the consequences as they say|10159555141398904|Derek Mitchell|2022-02-09 22:55:41|0|1|10159555118463904|facebook
Viking hat guy?|10159556031643904|Scott Verge|2022-02-09 22:55:46|1|1|10159555118463904|facebook
Can't wait to see what our people in the auto sector have to say...|10159555160498904|Mike Boulet|2022-02-09 22:55:41|0|1|10159555118463904|facebook
Its time for Trudeau to show leadership. His calling these truckers racists and terrorists is not working. There is too much video on social media which is disproving his accusations. Time for a new tactic. A real leader would call Biden and together work to eliminate the border quarantine requirements. A real leader would also meet with the Freedom Convoy leaders, even if you don't agree with what they are doing. Clearly Trudeau is not a leader - time to step away from the job and give it to someone to is up for the task.|10159556297063904|Doug Galan|2022-02-09 22:55:41|0|1|10159555118463904|facebook
Never collected a dime from CERB but I know plenty that have illegally stolen from it.|10159557443993904|Bruce R Collens|2022-02-09 22:55:48|1|1|10159555118463904|facebook
Michael Haughton and your not very good at taking a hint at I really dont give a F$&@&$ what you are saying or think|10159555248343904|Chris Nordness|2022-03-02 04:55:42|1|1|10159555118463904|facebook
enjoy CERB..send your thanks to Trudeau 🇨🇦|10159557252763904|Marina Presniakova|2022-02-09 22:55:48|1|1|10159555118463904|facebook
Domestic terrorists is more accurate.|10159555609158904|Colin Richardson|2022-02-09 22:55:48|1|1|10159555118463904|facebook
and many in the oil and. gas industry are affected directly whats your point? Ont does not rule the country the west is Natural Resouces which is what Canada is|10159555197818904|Chris Nordness|2022-02-09 22:55:42|1|1|10159555118463904|facebook
They should be called illegal occupiers and removed by whatever means is required.|10159555291918904|Patricia Dingle|2022-02-09 22:55:48|1|1|10159555118463904|facebook
You’re right. Freedom fighters is more apropos. 👍💪🇨🇦|10159555173388904|Bruce R Collens|2022-02-09 22:55:48|1|1|10159555118463904|facebook
..you don’t know the auto sector in Ontario. Many manufacturers supply parts to the assembly plants.|10159555194933904|Sylvia Watson|2022-02-09 22:55:42|1|1|10159555118463904|facebook
Nobody gave you or members of a Convoy a mandate to decide on behalf of the country on how to elect our leaders..or how to behave during the pandemia. You are minority, so go work on increasing your membership, instead of asking for funding your actions or using the trucks to terrorize those who goes to work and support vaccination. How the trucks are diffent from the tanks or any other military equipment?|10159557248493904|Marina Presniakova|2022-02-09 22:55:43|1|1|10159555118463904|facebook
the oil and gas industry is booming - its a commodity industry and its always boom bust boom bust|10159555193783904|David Mulcaster|2022-02-09 22:55:42|1|1|10159555118463904|facebook
you seem smart. 😅|10159555181783904|Mike Boulet|2022-02-09 22:55:47|1|1|10159555118463904|facebook
Here’s a quarter,,,|10159555175783904|Bruce R Collens|2022-02-09 22:55:47|1|1|10159555118463904|facebook
…I have family in Alberta…hyperbo le to use the word “destroy”.|10159555191678904|Sylvia Watson|2022-02-09 22:55:42|1|1|10159555118463904|facebook
BE CAREFUL NOW ,THAT bridge migth collapse, then we will fly supply to both our border ,|10159555293593904|Ernesto Agbuya|2022-02-09 22:55:41|0|0|10159555118463904|facebook
cut off the fuel|10159555731328904|Kenneth Hill|2022-02-09 22:55:41|0|0|10159555118463904|facebook
Domestic terrorists|10159556675533904|Charles Crosby|2022-02-09 22:55:41|0|0|10159555118463904|facebook
Blocking ports of entry is illegal. It is also illegal to aid and abet illegal actions. Remove the Windsor mayor by police, then arrest and remove the domestic terrorists blocking the bridge.|10159555608508904|Colin Richardson|2022-02-09 22:55:41|0|0|10159555118463904|facebook
Still not important enough for Trudeau to acknowledge there is a huge problem. Drop the mandates and resign!!|10159556263598904|Jeff Heisler|2022-02-09 22:55:41|0|0|10159555118463904|facebook
So excited to be the real human middle fingers they are.|10159555166428904|Lori Anne Stoute|2022-02-09 22:55:41|0|0|10159555118463904|facebook
Internal terrorists is correct definition.|10159555661398904|Anton Kritskiy|2022-02-09 22:55:48|1|0|10159555118463904|facebook
"I bet they are all on the band wagon, harassing the Government and the rest of us, who goes to work, demanding ""Freedom""..as if they know what does it mean."|10159557751523904|Marina Presniakova|2022-02-09 22:55:48|1|0|10159555118463904|facebook
Well then you will have to bear the economic consequences!|10159556471368904|Peter Spearman|2022-02-09 22:55:41|0|0|10159555118463904|facebook
they should be called karen snowflakes who want to speak to the manager?|10159555394138904|Green Bastard|2022-02-09 22:55:48|1|0|10159555118463904|facebook
The Conservative are be hind this 100%|10159555732733904|Kenneth Hill|2022-02-09 22:55:47|1|0|10159555118463904|facebook
And you seem like a douche finding it “hilarious” that someone has broken his ankle.|10159555193938904|Bruce R Collens|2022-02-09 22:55:47|1|0|10159555118463904|facebook
according the latest abacus poll, 87% of people in Ottawa do not support this convoy. You think Conservatives could win a seat in any big cities after this? They could win by landslide within extreme right only. You would wish your planet to get dominated by extreme right.|10159556209073904|Gordon Wong|2022-02-09 22:55:47|1|0|10159555118463904|facebook
Why? Public roads….public accesss. Case closed. Arrest anyone blocking passage th movement. It is not nor should ever be their right..|10159557232633904|Joseph Whitty|2022-02-09 22:55:41|0|0|10159555118463904|facebook
The police and children's aid need to go and check to see if any children are with these people. If there are children they need to remove them so they are not used as shields. Once that is done the police should then remove the protesters from these occupations as they are no longer protests.|10159556369098904|Mike Guerrisi|2022-02-09 22:55:41|0|0|10159555118463904|facebook
"""Fringe"". You're pushing a BS narrative. I was helping you along. You're probably eager to invoke Pearl Harbor before reading the John Hopkins report on lockdowns or learning about how PPE works. I will never deny you lockdowns, masks, vaccines, social distancing to your heart's content."|10159556033938904|Paul Bell|2022-02-09 22:55:46|1|0|10159555118463904|facebook
They are punishing farmers and truckers and taking away their freedom. What is the point of this??|10159556209423904|Philip Standard|2022-02-09 22:55:41|0|0|10159555118463904|facebook
read my comments again -- see if you can comprehend my diction.-- seek help if necessary.|10159555469858904|Ian Robinson|2022-02-09 22:55:45|1|0|10159555118463904|facebook
People who kept safe by wearing proper PPE or staying away from where outbreaks were as well as people's comorbidities were factors. The lockdowns actually made things worse according to John Hopkins. You should read their report.|10159555993468904|Paul Bell|2022-02-09 22:55:46|1|0|10159555118463904|facebook
They should be.|10159555356033904|Rena David|2022-02-09 22:55:40|0|0|10159555118463904|facebook
I was talking before the pandemic I know its booming and thank goodness now for LNG infrastructure to finally be online and make Canada a energy power house|10159555195578904|Chris Nordness|2022-02-09 22:55:42|1|0|10159555118463904|facebook
I have faith in the convoy they are doing what is best|10159555208683904|Chris Nordness|2022-02-09 22:55:42|1|0|10159555118463904|facebook
you wanna take other people’s job over vaccines, this is where they fight back? But why do we have to fight, just drop the mandates, peace|10159555225528904|Kevin Ho|2022-02-09 22:55:42|1|0|10159555118463904|facebook
Michael Haughton nope I am a Canada FREE CITIZEN|10159555234628904|Chris Nordness|2022-03-02 04:55:42|1|0|10159555118463904|facebook
Michael Haughton you have your opinion of what is happening the truckers are proud and doing this for Canadians not the extremists that are trying to do to the cause, Trudeau caused this to be worse by mandatong which he said would not happen yet look where we are at, and not to mention calling them minority what a joke hes an idiot|10159555245663904|Chris Nordness|2022-03-02 04:55:42|1|0|10159555118463904|facebook
Give is list of his missdeeds.|10159555249168904|Jack Hopkins|2022-02-09 22:55:42|1|0|10159555118463904|facebook
Michael Haughton poor babies in Ottowa whats wrong dont like it when the East loses|10159555250203904|Chris Nordness|2022-03-02 04:55:42|1|0|10159555118463904|facebook
"I think Trudeau and Tam hold the record for destroying jobs and small businesses when they shut down the national economy back in 2020 in a totally misguided attempt to ""flatten the curve"" dont you think?"|10159555459933904|Richard Prychitko|2022-02-09 22:55:42|1|0|10159555118463904|facebook
"exactly. They aren't about ""freedom"" for Canadians, they are just about themselves. They supposedly started out protesting not being able to cross the border without conditions, so now they're stopping people from crossing the border?? It's all just selfish BS."|10159555898063904|Ken Maynard|2022-02-09 22:55:42|1|0|10159555118463904|facebook
Very bad that mayor is not willing to use power to defend normal citizens from hooligans and “internal terrorists”! Lots of people in Windsor, including myself, need the bridge to go to work. Now everyone is forced to use the tunnel, and there is very bad traffic there. I was almost late to pick my kid from school today. These so called “protesters” violating my rights, and I expect government to take all necessary measures to defend me from these idlers.|10159555654743904|Anton Kritskiy|2022-02-09 22:55:40|0|0|10159555118463904|facebook
They aren't protesters. They are anarchists. Should be dealt with as such.|10159556341518904|Pat Kniginyzky|2022-02-09 22:55:40|0|0|10159555118463904|facebook
What did they think was going to happen ?. Epic fail on the police force for not foreseeing these protests.|10159556214668904|Adam Grant|2022-02-09 22:55:40|0|0|10159555118463904|facebook
Someone's got to call their bluff sooner or later.|10159555241828904|Stephen Humphrey|2022-02-09 22:55:40|0|0|10159555118463904|facebook
what do you propose is the explanation for the difference?|10159555992253904|Scott Verge|2022-02-09 22:55:46|1|0|10159555118463904|facebook
a totalitarian like Trudeau would not hesitate to institute the war measures act like his father did in the 1970s. Tanks will certainly roll, but it will be Trudeau that does so. I do support vaccination ( triple vaxed) but also support freedom. Trudeau has show a total lack of leadership and cowardice. Because he doesn't believe in their cause, he is demonizing them. He is the Prime Minister of all Canadians not just the ones he agrees with. Calling them racists and terrorists is right out of the American Democrats playbook and it doesn't wash. He needs to be a leader and if he is not prepared to do so, step down and let someone else do the jo .|10159557292823904|Doug Galan|2022-02-09 22:55:43|1|0|10159555118463904|facebook
"It is not up to you to decide when it is time for the PM to step down..you are listening to your own rhetoric, ignoring what I said. There is a democratic way for our country to decide who is going to be a leader and for how long. The country is us.. not You. You are the small minority with TUNK like machines, which are Terrorizing the country Right now! Police just tiptoeing around ""Freedom"" members, while they are acting out to provoke the harsher measures.. Who is Someone Else should do the better job, you are implying? The one of the truck bullies? The Trump -like ""money-money"" maker ? The anarchist? Are you blind enough to ignore what pandemic caused to the rest of the world? And you think there is a leader who knows it all, from the start, on how to protect the population during the pandemics, or you prefer a strong man, a ""mister Putin"" style? Give me a break, expand your horizon!"|10159557359638904|Marina Presniakova|2022-02-09 22:55:43|1|0|10159555118463904|facebook
There's one group that's been consistently overlooked during this whole blockade crisis: seniors. While they don't tend to take to the streets, they do turn out to vote, and in far greater numbers than young people.  The anti-vaxxers and anti-mandate crowds are basically asking society to leave behind the elderly and vulnerable to risk death from COVID-19. This blockade going to move the senior vote firmly into the Liberal camp.  Enjoy being in the opposition for the next hundred years, Tories.|10159555712113904|Gregory Beneteau|2022-02-09 22:55:41|0|0|10159555118463904|facebook
hey dumb dumb, you're supposed to complain to your MP and they move it up the chain|10159555205063904|Jam O'Sherry|2022-02-09 22:55:43|1|0|10159555118463904|facebook
They should be removed|10159555184318904|Angie Hauser Davies|2022-02-09 22:55:41|0|0|10159555118463904|facebook
exactly …. These are part of the “consequences” that word that Trudeau liked using so much last year … now it’s time for him to accept them too|10159555143538904|Andrea Montanaro|2022-02-09 22:55:44|1|0|10159555118463904|facebook
we have never been a classless country. Not sure of what you're saying.|10159555625248904|Robert James Drain|2022-02-09 22:55:44|1|0|10159555118463904|facebook
I did not!|10159555917608904|Donna McCaw|2022-02-09 22:55:44|1|0|10159555118463904|facebook
exactly|10159555273683904|Susan Mulholland|2022-02-09 22:55:45|1|0|10159555118463904|facebook
no kidding eh....real double standards there|10159555461883904|Walter Rodd|2022-02-09 22:55:45|1|0|10159555118463904|facebook
confiscate their trucks…absolute ly can be done legally due to being used in a crime.|10159555301603904|Andrew Karvonen|2022-02-09 22:55:45|1|0|10159555118463904|facebook
their licenses were revoked by the prime minister|10159555500923904|Darryl Lamb|2022-02-09 22:55:46|1|0|10159555118463904|facebook
Its so important to keep politics out of science and science into politics as all government policies should be based upon the best current understanding of facts as opposed to mere ideologies. Otherwise it will be a dark dangerous road we will travel upon. All the science says that their are too many unknowns and what is known doesn't look good. Just because the general public is bored with the pandemic and want to let loose and party and businesses want to make money NOW and live like they used to as we are all social creatures. Fact is, the Coronavirus is indifferent and will do what viruses do, mutate. Just because people with a poor understanding of science and statistics and push alternative facts and ideologies as if they were of equal value with the scientific method ,doesn't mean we can just do away with restrictions because we don't feel like it ,ISNT a valid counterargument . Critical thinking and evidence based medicine ISNT a democracy. If anything its a dictator and if we don't follow the laws of nature(physics) .We will pay for it dearly through health care and our economics and education from all the missed work and school people missed because of looking after sick spouses and siblings. If we aren't careful ,we may end up breaking our health care system to the point of failure as our hospitals are already at their limits. Too many people are losing their Canadian heritage and instead seem to be gravitating to the American style of politics of the individual rather then the community as a whole. Both the far right and the far left have lost touch with what it is to be a Canadian. Its really a balance of both and we have to get rid of this American style of Conservative politics and become Canadian again.|10159555490273904|Andrew Merritt|2022-02-09 22:55:41|0|0|10159555118463904|facebook
