﻿comment|comment_ids|username|datetime|isreply|num_replies|post_id|label
For the record, I do not condone that either.|10159569610268904|Margie McDougall|2022-02-16 18:07:44|1|8|10159569420223904|facebook
I think you are wrong on that. They knew that was unrealistic.|10159570197098904|Ed Gilpin|2022-02-16 18:07:41|1|6|10159569420223904|facebook
I agree…that’s all it is..|10159569615478904|John Williamson|2022-02-16 18:07:40|1|4|10159569420223904|facebook
Trudeau invokes the war measures act, banks seize our money so we can’t buy food, cops show up with tactical weapons. If I was a cynic, I would think these officials are trying to start a bigger uprising. See you fascists in court.|10159569844223904|Linda Brooks|2022-02-16 18:07:38|0|3|10159569420223904|facebook
"If social media platforms changed types text to a cursive writing style, a good portion of those 25 and under won't be able to read to be able to attend protests... I'm hearing from professionals 30+ that the younger people they work with prefer their bosses print notes, because ""I can't read cursive ""..."|10159569473568904|Jane D Nelson|2022-02-16 18:07:39|0|3|10159569420223904|facebook
All they had to do was go home, they had no business being there.|10159570613288904|Dave Lockie|2022-02-16 18:07:41|1|3|10159569420223904|facebook
The conservative provincial governments in Ontario and western Canada and the Ottawa police force refused to act and send provincial police and municipal police to do what was necessary (for 3 weeks) and refused to trilateral meetings to coordinate efforts until PM Trudeau started the process of activating the Emergency Measures Act. It hasn’t even really been fully authorized or vetted in parliament yet. But finally, the police are actually doing their jobs.  Before this, PM Trudeau promised all the assistance the provinces would need. They turned him down and did nothing.  Ford is facing an election in June and does what he always does, dither and hide until someone more responsible forces his hand.|10159570377433904|David White|2022-02-16 18:07:38|0|3|10159569420223904|facebook
"That violence was carried out by our PM's and media's chosen people so it will not be condemned. Much like the burning of a dozen churches which our PM called ""understandable """|10159569659093904|Zane Grey|2022-02-16 18:07:46|1|2|10159569420223904|facebook
This show of extreme force, (without even thinking about the cost involved), could have been avoided with mediators. Canada has many highly trained negotiators, skilled at their craft who could have easily solved this situation. Why did it not happen? Because that spoiled rich kid who is now our prime minister is super vindictive and has the attitude of an emperor (actually he is just an employee), no one is going to tell him what to do. What an embarrassment to Canada, what an embarrassment to democracy.|10159570077353904|Ed Gilpin|2022-02-16 18:07:38|0|2|10159569420223904|facebook
I mean if the police had enforced the law in the first place we wouldn't be in this mess.|10159570117093904|Ben Meggison|2022-02-16 18:07:38|0|2|10159569420223904|facebook
smart people would know the restrictions were being eased due to the fact the majority abided by the mandates. Smart people would also know the majority of people clogging up the health care system were the ones rebelling against mandates. Smart people would know vaccines have been mandated all of our lives. Smart people would know buzz words like fascism and tyranny were the buzz words used by insurrectionist s in the USA. Smart people would know tyranny was used against First Nations to take away their land and way of life. When you say “we” didn’t survive, are you including First Nations? Your argument sounds to nationalistic to me to be credible|10159569817338904|Gary Cole|2022-02-16 18:07:52|1|2|10159569420223904|facebook
BS!|10159572038958904|Janice Martin|2022-02-16 18:07:41|1|2|10159569420223904|facebook
Just the fact you ask the question instead of condemning outright this absurdity shows what side you're on. Anyway you've been pushing the mandates 'at all cost' since day one.|10159569444878904|Hugues Tremblay Manigouche|2022-02-16 18:07:38|0|2|10159569420223904|facebook
labelling people makes you part of the problem. I just posted data, that you don't like.|10159569864123904|Dave Buote|2022-02-16 18:07:52|1|2|10159569420223904|facebook
Perfect way to show the world that Tyranny has come to Canada. I am sure it will be reflected on the Canadian dollar and our Economy next!  Trudeau just put up a big sign.. DONT DO BUSINESS IN CANADA! We have descended into Tyranny!|10159569607278904|Dave Buote|2022-02-16 18:07:39|0|2|10159569420223904|facebook
Quit wasting time and money on a few peaceful truckers and deal with the violent protest that just occurred in B.C.|10159569555803904|Kerry Jackson|2022-02-16 18:07:38|0|2|10159569420223904|facebook
this folks is what the far left looks like in Canada,  is a great example.|10159569800168904|Chase Gaudenzi|2022-02-16 18:07:46|1|2|10159569420223904|facebook
lost the ideologic vote. Maybe one third of the country voted for conservative ideology. You seem to forget that point and seem to be trying to convince yourself the present administration lost to the conservatives. I guess you don't understand how elections are run in this country. The nation doesn't seem to want conservative views especially since they are so closely related to and get assistance from the GOP in the USA. We the people are not interested.|10159569672408904|Gary Cole|2022-02-16 18:07:52|1|2|10159569420223904|facebook
|10159569683388904|Dave Buote|2022-02-16 18:07:52|1|2|10159569420223904|facebook
and now the truckers are hiding behind their kids. Kind of hypocritical don't you think?|10159572619723904|Mary Ashton-Groulx|2022-02-16 18:07:42|1|2|10159569420223904|facebook
wow. Pretty much everything you just said is wrong.  Meanwhile real violence is taking place: https:// vancouversun.com /news/ local-news/ coastal-gaslink- site-attacked-o vernight-with-m illions-in-dama ge-to-equipment|10159569598218904|James Stuart Linnell|2022-02-16 18:07:44|1|2|10159569420223904|facebook
. Wow. Talk about seeing things through Liberal covered glasses. Just Wow. You forget Trudeau spent the first two weeks hiding from the big bad truckers.|10159570742538904|Chuck Audette|2022-02-16 18:07:42|1|2|10159569420223904|facebook
….Perhaps my sarcasm is a bit too subtle?|10159570641178904|John Williamson|2022-02-16 18:07:40|1|2|10159569420223904|facebook
BLM activist can burn cities and churches down, these guys blocked a road and set up bouncy castles|10159570112953904|David Macleod|2022-02-16 18:07:41|1|2|10159569420223904|facebook
link me to just 1|10159571523663904|Lance Brizard|2022-02-16 18:07:44|1|1|10159569420223904|facebook
I sent you two.|10159571526058904|Margie McDougall|2022-02-16 18:07:44|1|1|10159569420223904|facebook
It all came to this because of Trudeau's incompetence but the mess is so bad now that firm action is clearly required. But doing things like arbitrarily freezing peoples bank accounts without any legal process is simply going too far. The whole thing is a tragedy for Canada and should be the end of Trudeau|10159569876248904|Gary McCaig|2022-02-16 18:07:39|0|1|10159569420223904|facebook
1.WTF. 2. This website doesn't allow a photo to be posted 3. There are plenty of photos of many of the vandalized properties all over social media.|10159571434128904|Margie McDougall|2022-02-16 18:07:44|1|1|10159569420223904|facebook
"I love watching a bunch of crybabies snivel about ""the mandates."" It's a shot, a mask, and standing 6 feet from stangers. It's not hard... Stop being such a wimp!"|10159569677533904|Kenneth W. McDonald|2022-02-16 18:07:52|1|1|10159569420223904|facebook
basically all of that is either misconstrued or outright lies. Show proof of this vandalism. First I've heard of it. If you didn't want to be around protests, perhaps living in the city where our federal parliament resides was a poor choice. You are free to move still. Perhaps even that right will be stripped from us soon if we let the dictator keep getting away with his corruption|10159571014013904|Lance Brizard|2022-02-16 18:07:44|1|1|10159569420223904|facebook
The City of Ottawa and the Province of Ontario declared States of Emergency and still these occupiers would not move. They used their children as shields. They are funded by foreign sources. They have threatened the life of the PM on numerous occasions. They have urinated and defecated all over Ottawa. They have created noise pollution. They have created the need to shut down bridges in the National Capital. They have vandalized businesses - especially businesses owned by visible minorities. Furthermore, the Act itself already has checks and balances AND it was written by the Conservatives in 1988. I do not know who you are trying to pander to, but clearly you have not had to spend time in the Ottawa-Gatineau region.|10159569511598904|Margie McDougall|2022-02-16 18:07:38|0|1|10159569420223904|facebook
We already had blockades 2 years ago and the government did essentially nothing, proving that this was completely unnecessary.|10159571988818904|Spencer Evans|2022-02-16 18:07:38|0|1|10159569420223904|facebook
Science wins cons lose WOOHOO #NEVERCON #LOCKTHEMUP|10159569630203904|Bonnie Cull|2022-02-16 18:07:45|1|1|10159569420223904|facebook
and who do you suggest should be running our government? If you don't like who is in power, we have this thing in Canada called elections. I suggest you rally your troops to make sure the next election goes in your favour.|10159569685188904|Gary Cole|2022-02-16 18:07:52|1|1|10159569420223904|facebook
"what science? You mean the official narrative that keeps changing? That ""science""? #betterdeadthanr ed #fucktrudeau #WHOCorruption"|10159571930378904|Gabriel Perry|2022-02-16 18:07:45|1|1|10159569420223904|facebook
I think it a matter of national importance that we ensure that Ottawa drivers are able to navigate the roads by declaring martial law on all Canadians…|10159569577343904|John Williamson|2022-02-16 18:07:38|0|1|10159569420223904|facebook
There are individuals who support this emergencies act and the disturbing violence it has brought to our country- all because a group of truckers stood up and said, enough, it’s time to take our freedoms back. No violence for 3 weeks, until yesterday! This is what our county has come to, it’s truly heartbreaking and We have one man to blame! 🇨🇦❤️|10159571385133904|Erin Reiter|2022-02-16 18:07:50|1|1|10159569420223904|facebook
These insurrectionist s in Ottawa are top priorty, not some stupid pipeline lol|10159569748583904|Bonnie Cull|2022-02-16 18:07:46|1|1|10159569420223904|facebook
PM coming out to speak to ppl could have prevented a lot|10159570336058904|Grace Fox|2022-02-16 18:07:38|0|1|10159569420223904|facebook
My best answer is not from what I’ve seen on regular tv. The first hand accounts online vary by source, date and time. Conservative MPs are on board en masse leading an observer to expect some kind of action at the House of Commons to be the civilized solution.|10159569514313904|Michael Monticelli|2022-02-16 18:07:38|0|1|10159569420223904|facebook
This one was peaceful. the next one you figure it out. There was no reason for violence against this protest, they wanted to talk, not fight.|10159570783738904|Doug Richardson|2022-02-16 18:07:39|0|1|10159569420223904|facebook
make no mistake; you're the problem with this country|10159571015378904|Lance Brizard|2022-02-16 18:07:47|1|1|10159569420223904|facebook
Justin 7 more years.|10159570633663904|Dave Lockie|2022-02-16 18:07:47|1|1|10159569420223904|facebook
Not even close. In fact, it's probably going to encourage more of them. But Trudeau being the weak politician that he is thinks that if he gets the Trucks off the hill, this is over.|10159569925143904|Ryan Bennett|2022-02-16 18:07:38|0|1|10159569420223904|facebook
These protestors don't know the meaning of dialog. If we're honest, they aren't interested in a middle ground. They don't care about anything but their own needs and demands.|10159572686233904|Lisa Baisch|2022-02-23 18:07:49|1|1|10159569420223904|facebook
Well perhaps if Ontario premier had done his job and dealt with the situation in Ottawa, this would have been un-necessary. Just a thought.|10159570118863904|Debra Yundt|2022-02-16 18:07:38|0|1|10159569420223904|facebook
The demands were not out in left field. Now they are removing the mandates, This just showed all of Canada, the greed and power hunger of this Government. He doesn't work for Canada, he works for his own agenda that Canadians don't want.|10159573385953904|Doug Richardson|2022-02-23 18:07:49|1|1|10159569420223904|facebook
Dialogue? Peaceful?You didn’t spend much time in Ottawa during the occupation, did you?|10159574954713904|Tim Gorham|2022-02-23 18:07:49|1|1|10159569420223904|facebook
Sad that elected politicians only care about power and control and not the people’s lives that elected them. No government in history has ever given back rights peacefully that were taken away by force. Read your history. Wake up people|10159571987118904|Ron Walton|2022-02-16 18:07:38|0|1|10159569420223904|facebook
just like Germans were only toxic to the Jews.|10159573820228904|Chase Gaudenzi|2022-02-23 18:07:46|1|1|10159569420223904|facebook
toxic to only the Conservatives.|10159573807343904|Dave Lockie|2022-02-23 18:07:46|1|1|10159569420223904|facebook
no, they're toxic|10159573687998904|Chase Gaudenzi|2022-02-23 18:07:46|1|1|10159569420223904|facebook
Yes aren't they great. You go girl. ( Bonny)|10159573674308904|Dave Lockie|2022-02-23 18:07:46|1|1|10159569420223904|facebook
Oh, ya. That's all it is.|10159569613033904|Margie McDougall|2022-02-16 18:07:40|1|1|10159569420223904|facebook
THAT incident is PART of the narrative, these trucker blockades are impeding The RESET.|10159570838443904|Henry Grierson|2022-02-16 18:07:46|1|1|10159569420223904|facebook
How are people ok with what is happening?! This is NOT Canada, it’s time to wake up and take our country back!|10159571341398904|Erin Reiter|2022-02-16 18:07:39|0|1|10159569420223904|facebook
as Bonnie posts from a device made of oil bi-products 🙄|10159570164933904|Joan Foster|2022-02-16 18:07:46|1|1|10159569420223904|facebook
hindsight is 20/20. Nothing wrong with protesting, bring your little signs and march for freedom or whatever else those idiots want - leave your vehicles out of the downtown core.|10159572095013904|Christopher Kennedy|2022-02-16 18:07:43|1|1|10159569420223904|facebook
Exactly, he chose to go hide!!! At least he is showing the rest of the world his true dictator qualities!!|10159570780198904|Donna Blomme|2022-02-16 18:07:49|1|1|10159569420223904|facebook
the war measures act was changed to Emergency measures Act in 1985 which is the same thing.|10159573268488904|Bev Dunham|2022-02-23 18:07:41|1|1|10159569420223904|facebook
Ian MacDougall even better explains his reaction|10159570672418904|Nicole LeBlanc|2022-02-16 18:07:41|1|1|10159569420223904|facebook
you just won the joke of the year Dave..want to buy a bridge?|10159570636468904|Bill McCann|2022-02-16 18:07:41|1|1|10159569420223904|facebook
Fascists have a hard time understanding other peoples rights #LOCKTHEMUP|10159569750108904|Bonnie Cull|2022-02-16 18:07:40|1|1|10159569420223904|facebook
Here are some facts for you Gary. These facts are not like science.. They don't change depending on where you live or who you vote for.  Please explain when you have a minute.  Canada 81% Double Vaxxed Canada 3.19 Million Cases 35,470 Deaths 1.1% Canada Population 38.01 Million  Nigeria 2.7% Double Vaxxed Nigeria 254,000 Cases 3,141 Deaths 1.2% Nigeria Population 214,391,267  France 77.2% Double Vaxxed France 415 Million Cases 5.84 Million Deaths 1.4% France Population 67.39 Million  USA 64.7% Double Vaxxed USA 78 Million Cases 924,000 Deaths 1.18% USA Population 331,893,745  India 55% Double Vaxxed India 42.7M Cases 510,000 Deaths 1.19% India population 1.3 Billion  Sweden 73% Double Vaxxed (No Lockdown) Sweden 2.41 Million Cases 16,579 Deaths 0.6% Sweden Population 10.35 Million  ** End result - All countries have around a 1% death rate for all cases including the countries with little to no restrictions, no mandates, no vaccines and hardly any hospitals.  *** Sources NY Times & Google Data (WHO)|10159569823378904|Dave Buote|2022-02-16 18:07:52|1|1|10159569420223904|facebook
they may have known it was unrealistic but that was the aim. Listen to Pat King speeches. The mandates, most of which were Provincial, were never really the problem. Many of them probably collected CERB/CRB.|10159570199018904|Amie G. Guerin|2022-02-16 18:07:41|1|1|10159569420223904|facebook
"These bozos weren't planning on going anywhere until Trudeau stepped down, that was the ultimate goal of this ""protest."""|10159570195683904|Amie G. Guerin|2022-02-16 18:07:41|1|1|10159569420223904|facebook
Extreme force? This is the gentlest crackdown on a protest I've ever seen. Check out the G20.|10159570118603904|Ben Meggison|2022-02-16 18:07:41|1|1|10159569420223904|facebook
have you noticed how dead the streets have been ghost town since they started lockdowns 2 years ago, just like the car industry was practically dismantled because of chip shortages and are main shipping ports have been back up for a year now... This is not the truckers fault , that's why they are doing this ... Stop having such a closed mind and stop getting your info from mainstream and go and talk to your neighbors|10159570636463904|Melissa Rose|2022-02-16 18:07:40|1|1|10159569420223904|facebook
then go to one of those countries. Your science comment proves to me you’re way of thinking is just like the thinking of insurrectionist s. And they also use statistics to prove their point and to justify their selfish and bad behaviour. Your privilege is showing.|10159569844243904|Gary Cole|2022-02-16 18:07:52|1|1|10159569420223904|facebook
The facts are right there above.. I know.. Its hard to admit, all this time you bought into the kool aid.  But the good news is............. .  You can still stay home.. You can still take your shots every few months, you can still stay away from large crowds, you can still wear 3 masks, you can still lock yourself in your house! your free! free to choose whatever works for you!|10159569850308904|Dave Buote|2022-02-16 18:07:52|1|1|10159569420223904|facebook
Im certain that is well underway already. Until then unfortunately for you... we still live in a democracy. Someone will have to answer to all of this and its going to be VERY interesting.  Best of luck!|10159569690628904|Dave Buote|2022-02-16 18:07:52|1|1|10159569420223904|facebook
your brutal attempt to get me to capitulate to your nationalistic way of thinking will never happen.|10159569853323904|Gary Cole|2022-02-16 18:07:52|1|1|10159569420223904|facebook
"Are you watching the videos being made every day? An elderly woman using a walker seriously injured by a cop and his horse. A veteran kicked, punched, etc. and arrested. the cops are using wooden sticks to beat people, automatic weapons are present, pepper spray being used. Show me the difference between the laws if the ""emergency act"" allows all this."|10159571949978904|Linda Brooks|2022-02-16 18:07:41|1|1|10159569420223904|facebook
Time to put the conservative party on a terrorist watch list #LOCKTHEMUP|10159569752388904|Bonnie Cull|2022-02-16 18:07:53|1|1|10159569420223904|facebook
pretty sure losing control and security of our largest border closings did that quite effectively. The automotive business in definitely taking a long hard look at how to handle future trade. Thanks to the less than 1% of truckers having a tantrum.|10159572638753904|Mary Ashton-Groulx|2022-02-16 18:07:52|1|1|10159569420223904|facebook
We don't have a War Measures Act.|10159571293028904|Margie McDougall|2022-02-16 18:07:41|1|1|10159569420223904|facebook
No one is cheering for any insurrection. Canadians want an end to the mandates, restrictions and vaccine passports for good!|10159569757608904|Dave Buote|2022-02-16 18:07:52|1|1|10159569420223904|facebook
Seeing as we can't seem to find any smart Conservatives l think we should just go ahead and appoint Justin as King of Canada.|10159570626413904|Dave Lockie|2022-02-16 18:07:41|1|1|10159569420223904|facebook
'Trying to dictate others' is what this 3 week tailgate party is all about|10159569718923904|Andrew Autio|2022-02-16 18:07:40|1|1|10159569420223904|facebook
there running people down with horses in Ottawa as we speak!|10159570480383904|Cary Mackenzie|2022-02-16 18:07:42|1|1|10159569420223904|facebook
YOU LOST, WAHHHH #NEVERCON|10159569693623904|Bonnie Cull|2022-02-16 18:07:52|1|1|10159569420223904|facebook
"I love watching a bunch of crybabies snivel about ""the mandates."" It's a shot, a mask, and standing 6 feet from stangers. It's not hard... Stop being such a wimp!"|10159569677213904|Kenneth W. McDonald|2022-02-16 18:07:40|1|1|10159569420223904|facebook
I love watching a bunch of crybabies snivel and try to tell others what they need to do. Mind your own business... Ill decide what's best for me and your free to do the same. You wear your mask... you stand 6 feet away from strangers, you get as many shots as you think you need. Have at er! Stop trying to dictate to others!|10159569717038904|Dave Buote|2022-02-16 18:07:40|1|1|10159569420223904|facebook
Cry Fact denier! Science changes depending on where you live! Science seems to work better without mandates and restrictions or even vaccines!  Canada 81% Double Vaxxed Canada 3.19 Million Cases 35,470 Deaths 1.1% Canada Population 38.01 Million  Nigeria 2.7% Double Vaxxed Nigeria 254,000 Cases 3,141 Deaths 1.2% Nigeria Population 214,391,267  France 77.2% Double Vaxxed France 415 Million Cases 5.84 Million Deaths 1.4% France Population 67.39 Million  USA 64.7% Double Vaxxed USA 78 Million Cases 924,000 Deaths 1.18% USA Population 331,893,745  India 55% Double Vaxxed India 42.7M Cases 510,000 Deaths 1.19% India population 1.3 Billion  Sweden 73% Double Vaxxed (No Lockdown) Sweden 2.41 Million Cases 16,579 Deaths 0.6% Sweden Population 10.35 Million  ** End result - All countries have around a 1% death rate for all cases including the countries with little to no restrictions, no mandates, no vaccines and hardly any hospitals.  *** Sources NY Times & Google Data (WHO)|10159569696748904|Dave Buote|2022-02-16 18:07:52|1|1|10159569420223904|facebook
Yes they are watched the live feed earlier today Dave. It happened it's documented by many different angles by multiple witnesses. An elderly lady and others were ran down by Ottawa City Police Horses|10159570623613904|Cary Mackenzie|2022-02-16 18:07:42|1|1|10159569420223904|facebook
They are not. Please go home and cry.|10159570617908904|Dave Lockie|2022-02-16 18:07:42|1|1|10159569420223904|facebook
I love drinking insurrectionist tears in the morning #LOCKTHEMUP|10159569750813904|Bonnie Cull|2022-02-16 18:07:52|1|1|10159569420223904|facebook
No governmental party ever calls itself Fascist. They only call their retractors ANIFTA members. Take as long as you need to think about that.|10159569696588904|Andrew Merritt|2022-02-16 18:07:39|0|1|10159569420223904|facebook
so if it’s democracy, why are people supporting people that want to overthrow a democratically elected government? And in a democracy the majority rules. These protesters are a minority. If they get their way, what’s next? Overthrow the government because they don’t agree to wines rights like abortion? Deport people that don’t look like them? Red Rider was correct. The lunatic fringe, I know they’re out there.|10159569712178904|Gary Cole|2022-02-16 18:07:52|1|1|10159569420223904|facebook
Beyond the threshold.|10159571465133904|Nico Valerio|2022-02-16 18:07:38|0|0|10159569420223904|facebook
Fake News Globe and Mail now shows everyone that they are controlled opposition. They have been reduced to printing fervor over facts.|10159569800453904|Tom Ramanauskas|2022-02-16 18:07:38|0|0|10159569420223904|facebook
He has heart for the refugees but for the Canadians 😪|10159572009258904|Mary Ann A Raymundo|2022-02-16 18:07:38|0|0|10159569420223904|facebook
- I guess I'm not convinced that this protest has much to do with the under 30s. I can't recall seeing too many of the truckers who are under 30? Yes, they may have some sympathizers in that generation but that's to be expected.🤔|10159569554533904|John Steinsky|2022-02-16 18:07:53|1|0|10159569420223904|facebook
Seen elsewhere “We could cripple an entire generation with Rotary phones, manual transmissions AND cursive writing”🤔|10159569564423904|Joseph Kowtook|2022-02-16 18:07:53|1|0|10159569420223904|facebook
Most people's cursive is sloppy and illegible|10159569719993904|Andrew Autio|2022-02-16 18:07:53|1|0|10159569420223904|facebook
Just pissed off every tax paying citizen|10159572215723904|Tanis Lee Waller|2022-02-16 18:07:39|0|0|10159569420223904|facebook
ll|10159572037553904|Cam Barker|2022-02-16 18:07:53|1|0|10159569420223904|facebook
silence all dissenters right? Spoken like a true authoritarian. You make me sick|10159571022768904|Lance Brizard|2022-02-16 18:07:53|1|0|10159569420223904|facebook
I see you didn't either or you closed your sees sweet dreams|10159575288993904|Doug Richardson|2022-02-23 18:07:49|1|0|10159569420223904|facebook
Very simple request of his people... he can't comply🙏|10159572003393904|Mary Ann A Raymundo|2022-02-16 18:07:38|0|0|10159569420223904|facebook
Star Wars prequel vibes|10159571679638904|KeithKaile GriffinRomez|2022-02-16 18:07:39|0|0|10159569420223904|facebook
And now comes all the hindsight…..|10159575330473904|Barbara Sharp|2022-02-23 18:07:39|0|0|10159569420223904|facebook
Very inciteful indeed Mr. Trudeau.|10159570748713904|Benoit Robillard|2022-02-16 18:07:39|0|0|10159569420223904|facebook
Embarrassed to be a Canadian today.|10159570837658904|Darren Hoffman|2022-02-16 18:07:38|0|0|10159569420223904|facebook
Blah blah blah.. Mandates will be gone shortly. The people of the world are not going to stand with Corporations and Big Pharma.  My rights are not up for a vote or debate.|10159569686713904|Dave Buote|2022-02-16 18:07:52|1|0|10159569420223904|facebook
Didn’t discourage the terrorists in Northern BC|10159570102698904|Debra Bryson|2022-02-16 18:07:39|0|0|10159569420223904|facebook
You keep dreaming that its only 1%. These protests will continue and wont stop until the mandates and restrictions are gone.  The Canadian People have had enough.|10159573020553904|Dave Buote|2022-02-23 18:07:52|1|0|10159569420223904|facebook
Why are you so angry? lol.. I bet you dont even know.. Too funny.|10159569694598904|Dave Buote|2022-02-16 18:07:52|1|0|10159569420223904|facebook
Has your pro Con Editorial Board got a more effective way to kick life into Con Premiers who support sedition and block law enforcement? The inquiry cometh!|10159574419173904|Lloyd Sereda|2022-02-23 18:07:38|0|0|10159569420223904|facebook
Cry harder science denier. Science wins cons lose WOOHOO #NEVERCON|10159569695343904|Bonnie Cull|2022-02-16 18:07:52|1|0|10159569420223904|facebook
Canada 81% Double Vaxxed Canada 3.19 Million Cases 35,470 Deaths 1.1% Canada Population 38.01 Million  Nigeria 2.7% Double Vaxxed Nigeria 254,000 Cases 3,141 Deaths 1.2% Nigeria Population 214,391,267  France 77.2% Double Vaxxed France 415 Million Cases 5.84 Million Deaths 1.4% France Population 67.39 Million  USA 64.7% Double Vaxxed USA 78 Million Cases 924,000 Deaths 1.18% USA Population 331,893,745  India 55% Double Vaxxed India 42.7M Cases 510,000 Deaths 1.19% India population 1.3 Billion  Sweden 73% Double Vaxxed (No Lockdown) Sweden 2.41 Million Cases 16,579 Deaths 0.6% Sweden Population 10.35 Million  ** End result - All countries have around a 1% death rate for all cases including the countries with little to no restrictions, no mandates, no vaccines and hardly any hospitals.  *** Sources NY Times & Google Data (WHO)|10159569682273904|Dave Buote|2022-02-16 18:07:52|1|0|10159569420223904|facebook
Canada 81% Double Vaxxed Canada 3.19 Million Cases 35,470 Deaths 1.1% Canada Population 38.01 Million  Nigeria 2.7% Double Vaxxed Nigeria 254,000 Cases 3,141 Deaths 1.2% Nigeria Population 214,391,267  France 77.2% Double Vaxxed France 415 Million Cases 5.84 Million Deaths 1.4% France Population 67.39 Million  USA 64.7% Double Vaxxed USA 78 Million Cases 924,000 Deaths 1.18% USA Population 331,893,745  India 55% Double Vaxxed India 42.7M Cases 510,000 Deaths 1.19% India population 1.3 Billion  Sweden 73% Double Vaxxed (No Lockdown) Sweden 2.41 Million Cases 16,579 Deaths 0.6% Sweden Population 10.35 Million  ** End result - All countries have around a 1% death rate for all cases including the countries with little to no restrictions, no mandates, no vaccines and hardly any hospitals.  *** Sources NY Times & Google Data (WHO)|10159569680718904|Dave Buote|2022-02-16 18:07:52|1|0|10159569420223904|facebook
I love watching a bunch of crybabies snivel and try to tell others what they need to do. Mind your own business... Ill decide what's best for me and your free to do the same.  You wear your mask... you stand 6 feet away from strangers, you get as many shots as you think you need. Have at er!  Stop trying to dictate to others!|10159569680293904|Dave Buote|2022-02-16 18:07:52|1|0|10159569420223904|facebook
We shall see!  My guess is government overreach will soon be addressed by our supreme courts and will be a massive problem for the sitting government. Evidence showing all theses measures were critical to the survival of our nation will need to be presented. A virus with 1% death rate mainly in seniors, is not likely to meet that threshold.|10159569677868904|Dave Buote|2022-02-16 18:07:52|1|0|10159569420223904|facebook
you are terribly confused by our paid media. Sorry. We are just over 50% now in terms of support for dropping all restrictions and mandates. Smart people are catching on...  We didn't survive 155 years cheering for fascism and tyranny|10159569715738904|Dave Buote|2022-02-16 18:07:52|1|0|10159569420223904|facebook
Justin 7 more years.|10159570636778904|Dave Lockie|2022-02-16 18:07:51|1|0|10159569420223904|facebook
ok Karen! Go get em all!|10159569755018904|Dave Buote|2022-02-16 18:07:52|1|0|10159569420223904|facebook
Smart people would have read many of the recent studies that suggest exactly the opposite. Smart people would also have a look at the actual data vs what they hear on the TV. Smart people would know that 95% of Canadians are fully immunized and 98% of newborns. Smart people would know that Vaccines dont require 4 shots a year, every year and they actually prevent the illness and transmission. Smart people would know that when other very smart people start using the tyranny you should pay attention.  Your argument sounds like a CBC news clip. Lets talk facts now.|10159569821653904|Dave Buote|2022-02-16 18:07:52|1|0|10159569420223904|facebook
Freedom against fascism! Be on the right side of history!|10159571965463904|Ellen Cameron|2022-02-16 18:07:39|0|0|10159569420223904|facebook
@eric Whitelaw- here’s a thought, how about Canadians stand united and together for what we feel and know to be right! There is a clear divide; what is happening in our country now, is not Canada!|10159571883043904|Erin Reiter|2022-02-16 18:07:50|1|0|10159569420223904|facebook
take your country back from who? America funded a large part of the convoy, to do exactly what is happening destabilize are govermnet. Have people fighting among each other all forcing people to pick sides, and force an election. To put in a conservative govermnet in.|10159571862668904|Eric Whitelaw|2022-02-16 18:07:50|1|0|10159569420223904|facebook
I think government funded papers will write it was ok. I don’t think it was ok and was very disturbed watching the live tv CTV stream. Sad time in the history books for sure|10159571355213904|Karen Vanheuvel|2022-02-16 18:07:50|1|0|10159569420223904|facebook
It's totally cool when the other side does 2 weeks of railway blockades and even tries to derail a speeding train, right?|10159572032133904|Randy Lahey|2022-02-16 18:07:39|0|0|10159569420223904|facebook
and it seems you don’t like the data that vaccines save people. Your hypocrisy is showing. Big surprise.|10159570129723904|Gary Cole|2022-02-16 18:07:52|1|0|10159569420223904|facebook
Do you work for free con? DERP|10159569631758904|Bonnie Cull|2022-02-16 18:07:50|1|0|10159569420223904|facebook
why should one have to pay for these important texts to be able to read them ?|10159569559518904|Lelah Bender- Ferguson|2022-02-16 18:07:39|0|0|10159569420223904|facebook
you don't have to get a shot, wear a mask, or stand 6 feet away from your friends...just don't think you're going to be allowed on someone's private property if you refuse to do those things, or cross an international border when the border agencies in charge of it say you need those things to cross it. Simple. Stop whining. You have choices. Accept the consequences like an adult.|10159569684208904|Kenneth W. McDonald|2022-02-16 18:07:52|1|0|10159569420223904|facebook
Please...|10159572683323904|Lisa Baisch|2022-02-23 18:07:46|1|0|10159569420223904|facebook
might have been different if the protesters actually had made requests that were under the purview of the Prime Minister instead of asking the federal government to overrule the the powers of the premiers and asking the governor general to disregard the constitution and overthrow the government. First rule is that you don't negotiate with terrorists and that is how they presented themselves: meet our demands or we'll shut the country down. And then they started blocking borders. The police should have acted immediately instead of letting them take up residence in downtown Ottawa. Paris, for example, certainly learned from our mistakes.|10159572631063904|Mary Ashton-Groulx|2022-02-16 18:07:49|1|0|10159569420223904|facebook
Justin Trudeau doesn’t want it solved. That’s abundantly clear. His ego is hurt and like a toddler he is throwing a tantrum.|10159570486133904|Nicole LeBlanc|2022-02-16 18:07:41|1|0|10159569420223904|facebook
exactly.|10159574299168904|Pete Piperton|2022-02-23 18:07:43|1|0|10159569420223904|facebook
yeah? Which law? Had the PM not been a coward and actually met with his constituents, this could have been over long ago. He chose to hide and hurl insults at his own people instead 🙄|10159571008963904|Lance Brizard|2022-02-16 18:07:43|1|0|10159569420223904|facebook
well said!!!|10159574923158904|Jay Campbell|2022-02-23 18:07:42|1|0|10159569420223904|facebook
: Nothing was said when kids were front and centre of the BLM, KM blockade etc. Oh right, those are causes you believe in (as do I). Please be objective.|10159574145063904|Chuck Audette|2022-02-23 18:07:42|1|0|10159569420223904|facebook
I see both sides of this. Yes the amount of force being used is increasing, is it unreasonable? Or is it balanced by the fact that multiple opportunities to leave the area have not only been ignored but the offenders have openly taunted and dared the enforcers to move them. It's like a house party that's been going on for days and the homeowners have come home and kicked them out and they just won't leave. Remember the song, I fought the law and the law won...|10159572617748904|Mary Ashton-Groulx|2022-02-16 18:07:42|1|0|10159569420223904|facebook
January 31, 2022  “Trudeau revealed in a Twitter post that he received the positive test result Monday morning. He has been in isolation since last Wednesday, when he first revealed he’d had a positive contact.  He said two of his children have now contracted COVID-19.  He denounced the behaviour of some protesters involved in a large demonstration in Ottawa over the weekend against COVID-19 vaccination mandates for truckers. Canadians were “shocked and, frankly, disgusted by the behaviour displayed by some people protesting in our nation’s capital,” Trudeau said.  “I want to be very clear: we are not intimated by those who hurl abuse at small business workers and steal food from the homeless,” he said.  “We won’t give in to those who fly racist flags. We won’t cave to those who engage in vandalism, or dishonour the memory of our veterans.” Trudeau called for that behaviour to stop, and for “anyone who joined the convoy but is rightly uncomfortable with the symbols of hatred and division on display (to) join with your fellow Canadians, be courageous, and speak out. Do not stand for, or with, intolerance and hate.””  https:// www.thestar.com/ politics/ federal/2022/01/ 31/ prime-minister-j ustin-trudeau-s ays-hes-tested- positive-for-co vid-19.html|10159570889858904|David White|2022-02-16 18:07:42|1|0|10159569420223904|facebook
and the only use of force was in Trudeau's backyard....|10159570836613904|Henry Grierson|2022-02-16 18:07:42|1|0|10159569420223904|facebook
it is simple, no force is needed if they go home. The protesters made their point. It is regularly debated in Parliament. But they don't get to control government.|10159574921033904|Jay Campbell|2022-02-23 18:07:41|1|0|10159569420223904|facebook
you can't negotiate with STUPID.|10159574298253904|Pete Piperton|2022-02-23 18:07:41|1|0|10159569420223904|facebook
You’re right. If Trudeau was such a coward and didn’t want to talk to the truckers he could have sent in mediators. Instead he went into hiding.|10159571851628904|Roberta Hall|2022-02-16 18:07:41|1|0|10159569420223904|facebook
exactly. If he wanted this solved the libs wouldn't have voted down the motion to simply table a plan. Even a plan is too much for him. Infinity percent jabbed or slavery for all|10159570997138904|Lance Brizard|2022-02-16 18:07:41|1|0|10159569420223904|facebook
Bet that stung. 🤭|10159570639793904|Dave Lockie|2022-02-16 18:07:41|1|0|10159569420223904|facebook
You are correct.|10159570620828904|Dave Lockie|2022-02-16 18:07:41|1|0|10159569420223904|facebook
Justin for King.|10159570620168904|Dave Lockie|2022-02-16 18:07:41|1|0|10159569420223904|facebook
The War Measures Act is not the same thing as the Emergency Measures Act.|10159575246043904|Janice Martin|2022-02-23 18:07:41|1|0|10159569420223904|facebook
Well, actually, I wrote it, I didn't say it.|10159569599513904|Margie McDougall|2022-02-16 18:07:44|1|0|10159569420223904|facebook
Different name than when Trudeau’s father used it against Canadians..and it was so badly used against Canadians it had to be rewritten.. It still suspends our rights. Glad civil liberties groups are challenging his right to use it. Shame NDP is supporting Trudeau again.|10159575234848904|Jennifer Wilson|2022-02-23 18:07:41|1|0|10159569420223904|facebook
it is disgusting to see how many ignorant people still defeat this police movement ! Shame on them !|10159572020018904|Gaby Saucedo|2022-02-16 18:07:41|1|0|10159569420223904|facebook
Canada doesn’t have a War Measure Act. They haven’t for years.|10159571956758904|Janice Martin|2022-02-16 18:07:41|1|0|10159569420223904|facebook
The protestors want the politicians and their flunkies to obey the Charter of Rights and Freedoms.|10159571944143904|Linda Brooks|2022-02-16 18:07:41|1|0|10159569420223904|facebook
you're a bit of a free thinker, eh? HAHAHA|10159571555708904|Sarah Nicole|2022-02-16 18:07:41|1|0|10159569420223904|facebook
neither did the protesters who blockaded highways and railways for six weeks in 2020. The Emergencies Act was not invoked, police were told to stand down and court orders were not enforced. They cost the country millions in economic and property damage. Thousands were laid off and the supply chain was severely damaged. They in essence held the whole country hostage. They were tolerated and a settlement was negotiated. Why the kid glove treatment of one group by Trudeau and a sledgehammer with usual vitriolic rhetoric used on the other?|10159570946978904|Real Sense|2022-02-16 18:07:41|1|0|10159569420223904|facebook
I am amazed how quickly Canadians forget that in 2020 other protesters blockaded highways and railways for six weeks while the police were ordered to stand by and let it happen. Court orders were not enforced and counter protesters were arrested. There were millions of dollars in economic and property damage. The supply chain was damaged and thousands were laid off. The protesters fire bombed moving trains. We all remember the pictures. Yet the Emergencies Act was not invoked despite it being a violent protest and Justin negotiated an end with those protesters without using his vile rhetoric.|10159570938688904|Real Sense|2022-02-16 18:07:41|1|0|10159569420223904|facebook
wrong again|10159571736458904|Manny Ribeiro|2022-02-16 18:07:40|1|0|10159569420223904|facebook
sure like when natives blocked bridges and rail ways ill remember not to play so nice next time|10159571397963904|Rod Port|2022-02-16 18:07:40|1|0|10159569420223904|facebook
maybe I am just a bit sensitive and emotional at this moment I can't stand all the lies and misinformation coming out now I wonder how many other things I thought I knew but was just bias bs|10159570644313904|Melissa Rose|2022-02-16 18:07:40|1|0|10159569420223904|facebook
sarcasm noted.|10159570550773904|Chan Roberts|2022-02-16 18:07:40|1|0|10159569420223904|facebook
are you a drama teacher too?|10159570353083904|Wally H Salamanchuk|2022-02-16 18:07:40|1|0|10159569420223904|facebook
no point in comment|10159569924468904|Claire McDonald|2022-02-16 18:07:40|1|0|10159569420223904|facebook
Really|10159569921788904|Claire McDonald|2022-02-16 18:07:40|1|0|10159569420223904|facebook
did it last 3 weeks in downtown Ottawa with a manifesto to remove the government? Nope.|10159574297938904|Pete Piperton|2022-02-23 18:07:43|1|0|10159569420223904|facebook
The thing with governments is when they are allowed to do anything they will use it as justification and precedent to do it again and again and each time it will have a little less justification. Before you know it any protest against government policy will fall under its reach|10159569662523904|Zane Grey|2022-02-16 18:07:44|1|0|10159569420223904|facebook
agreed. Except that the if NDPs don't think for themselves there isn't even a chance for the act to be struck down, just based on the numbers.|10159570088828904|Shawna Lynn|2022-02-16 18:07:48|1|0|10159569420223904|facebook
So. Try making a phone from natural gas. 😂|10159573671888904|Dave Lockie|2022-02-23 18:07:46|1|0|10159569420223904|facebook
Well when people are clamouring for the police to act (and they don't) it really doesn't leave the PM a lot of other options to stop these clowns.|10159570243968904|Todd Fink|2022-02-16 18:07:38|0|0|10159569420223904|facebook
ya, all this is going to do is radicalize everyone against the government...|10159575383828904|Skyler Swaim|2022-02-23 18:07:38|0|0|10159569420223904|facebook
The only emergency is we have a Crime Minister instead of Prime Minister.|10159572423348904|Nick Spergula|2022-02-16 18:07:38|0|0|10159569420223904|facebook
Yes|10159571548303904|Jim Francis|2022-02-16 18:07:38|0|0|10159569420223904|facebook
I'm thinking tasers and rubber bullets, tear gas , water cannons, army tank recovering tow vehicles, and fire hoses to clean up.....human garbage and their waste. The Liberals want to hug them and send flowers to their mom's!|10159571252823904|Lowell Saunders|2022-02-16 18:07:38|0|0|10159569420223904|facebook
"Has Anyone ever Heard the phrase "" Saber Rattling"" . The Canadian Government passed it In Case things got Worse. Grow Up Globe and Mail, Report the News and Not Try to Make News. WTF are you American???"|10159571862458904|John Randle|2022-02-16 18:07:38|0|0|10159569420223904|facebook
"Don't waste your time this David Lockie clown blindly supports ""the coward in the cottage"" like he's supporting a hockey team."|10159571153903904|Colin Wills|2022-02-16 18:07:47|1|0|10159569420223904|facebook
Ford is a tool, but all Little Potatoes had to do was meet with them. Coward couldn't even do that|10159571016078904|Lance Brizard|2022-02-16 18:07:47|1|0|10159569420223904|facebook
Trudeau took war on his own people he needs to be in Prison.|10159574842713904|Lloyd Burton|2022-02-23 18:07:38|0|0|10159569420223904|facebook
I dunno. What do you think? Jesus. It’s an editorial. Pick a side.|10159570687838904|Peter Menzies|2022-02-16 18:07:38|0|0|10159569420223904|facebook
every fcking restriction and lockdown we've had has been rescinded when the number of cases go down - new variant and new restrictions and then again cancelled. We've had restrictions and cancelled at least 4 times that I've counted. We had a tough fall and winter and now provinces are easing restrictions again. Odd how the stupid don't realize this.|10159572104478904|Christopher Kennedy|2022-02-16 18:07:46|1|0|10159569420223904|facebook
it can now be invoked by any government that wants to stifle Canadians voices that don’t agree with the government of the day. Once we give away our rights..we agree to allow it happen at any time at the whim of a politician.|10159575231498904|Jennifer Wilson|2022-02-23 18:07:38|0|0|10159569420223904|facebook
The globe and mail is finally starting to ask the right questions|10159569592073904|Juan Gerardo Hernandez|2022-02-16 18:07:38|0|0|10159569420223904|facebook
Mallards.|10159574105468904|Dave Lockie|2022-02-23 18:07:46|1|0|10159569420223904|facebook
Triggerd con tears give me strength|10159573663823904|Bonnie Cull|2022-02-23 18:07:46|1|0|10159569420223904|facebook
"name one business owned by ""visible minorities"", that was vandalized.... I'll wait."|10159569797258904|Chase Gaudenzi|2022-02-16 18:07:44|1|0|10159569420223904|facebook
Oh FFS.|10159572100218904|Christopher Kennedy|2022-02-16 18:07:46|1|0|10159569420223904|facebook
Bull. go sit in the corner.|10159570631373904|Dave Lockie|2022-02-16 18:07:46|1|0|10159569420223904|facebook
These insurrectionist s in Ottawa are top priorty, not some stupid pipeline lol|10159569747943904|Bonnie Cull|2022-02-16 18:07:46|1|0|10159569420223904|facebook
Your provincial govt has to declare a state of emergency to get federal help.|10159569630953904|Bonnie Cull|2022-02-16 18:07:46|1|0|10159569420223904|facebook
I would friggin hope the science keeps changing as more information through research is learned. #fuckignorance #fuckthestupid #fuckKarenKonvoy Maybe read a book, a science book. Science changed, dumbfcks don't.|10159572093038904|Christopher Kennedy|2022-02-16 18:07:45|1|0|10159569420223904|facebook
So what side are you on? You didn't make yourself clear.|10159570610513904|Dave Lockie|2022-02-16 18:07:45|1|0|10159569420223904|facebook
next time I'm feeling ill which trucker should I go visit?|10159570201083904|Will Bedford|2022-02-16 18:07:45|1|0|10159569420223904|facebook
i agree- anyone who is rational knows this in Wrong. Undemocratic and anti- freedom|10159572909918904|Salvatore Dominelli|2022-02-23 18:07:44|1|0|10159569420223904|facebook
Yes lock the up.|10159570628823904|Dave Lockie|2022-02-16 18:07:44|1|0|10159569420223904|facebook
you need a serious reality check.|10159570412323904|Jay Labatte|2022-02-16 18:07:44|1|0|10159569420223904|facebook
They also cost our economy billions of dollars and the repercussions will last for years. We have, thanks to them, now become unreliable trading partners on the world stage… this could seriously further impact our industries and economy and our status in the world. And they did all of this under the leadership of far-right extremists.  https:// pressprogress.ca / meet-the-extremi sts-and-social- media-influence rs-at-the-centr e-of-the-far-ri ght-siege-of-ot tawa/|10159570196768904|Wendy Saunders|2022-02-16 18:07:44|1|0|10159569420223904|facebook
https:// m.youtube.com/ watch?fbclid=IwA R1s5Eu5CXwrDSKt sT4wgoCRgUtTSpM K8OwnpYelIXCjYD 0BmSQH2iINvzg&v =qfDGAvQhd6o&fe ature=youtu.be|10159570142688904|Meagan Lyons|2022-02-16 18:07:44|1|0|10159569420223904|facebook
you’re grossly misinformed|10159570076658904|Annik Ve|2022-02-16 18:07:44|1|0|10159569420223904|facebook
Connie Bruno LOL its being done you know and all of that is well documented.|10159570039943904|Alex Bunker|2022-02-16 18:07:44|1|0|10159569420223904|facebook
What it was designed for an actual threat to sovereignty|10159570664703904|Nathan Fry|2022-02-16 18:07:39|0|0|10159569420223904|facebook
