﻿comment|comment_ids|username|datetime|isreply|num_replies|post_id|label
ALL THE GOVERNMENT HAD TO DO IS WHAT WE THE PEOPLE WANT... bUT THEY RATHER HAVE THIS INSTEAD|10159558819223904|Rob Simpson|2022-02-09 22:37:01|0|8|10159558764118904|facebook
"after almost 3 years, and what we are witnessing ... You cant really believe this is about the""pandemic""?"|10159559395223904|Angie Watling|2022-02-09 22:37:05|1|3|10159558764118904|facebook
yes the mandates will be lifted here soon as well. So why bother blocking roads and bridges? If anything this could make the government more resistant to lifting them because they can't be seen bowing to pressure to a small percentage of the population.  What would it say to Canadians if they bow to this pressure and then they don't take any action when a different group occupies Ottawa or blocks bridges and streets? Why does this group get special treatment?|10159561918248904|Scott Verge|2022-02-16 22:37:04|1|2|10159558764118904|facebook
no what 90% of ppl want other then a few welfare liberals|10159559207403904|Justin Walters|2022-02-09 22:37:06|1|2|10159558764118904|facebook
Stop dating men paulie.|10159558836858904|Bob Sobie|2022-02-09 22:37:04|1|2|10159558764118904|facebook
…So in your view the last two years are not about public health trying to navigate the many waves of covid, but governments trying to control you? So you believe that a secret cabal somewhere is directing all governments?|10159559466218904|Sylvia Watson|2022-02-09 22:37:05|1|2|10159558764118904|facebook
I know, so was I am pretty sure they will.|10159559531773904|Manny O'Sullivan|2022-02-09 22:37:03|1|2|10159558764118904|facebook
just admit it. You're a terrible parent that raised brats aren't you?|10159558900458904|Scott Verge|2022-02-09 22:37:04|1|2|10159558764118904|facebook
it doesn't just effects the people that have been killed. It effects all black Canadians to varying degrees.|10159560248968904|Scott Verge|2022-02-09 22:37:04|1|2|10159558764118904|facebook
how many black unarmed Canadians are killed per year? That affects a couple of people, but these mandates affect millions. Big difference.|10159559947693904|Chase Gaudenzi|2022-02-09 22:37:04|1|1|10159558764118904|facebook
Ken Auldman Omicron does seem to be pretty mild. It doesn't set in the lungs so ventilators aren't an outcome. That was the worst of COVID-19/ Delta. Aspirin is treatment in many cases. Normal, sensible, Flu season protocols should suffice.|10159558867908904|Paul Bell|2022-02-09 22:37:04|1|1|10159558764118904|facebook
do you seriously think it will end there? But I agree - End the mandates and call their bluff.|10159558872843904|Dave Smith|2022-02-09 22:37:04|1|1|10159558764118904|facebook
I think it's about the passport/data infrastructure but they keep saying it's about the mandates so...|10159558877048904|Paul Bell|2022-02-09 22:37:04|1|1|10159558764118904|facebook
just give into toddlers throwing a tantrum. That totally won't backfire as a parent and lead to bratty children.|10159558896973904|Scott Verge|2022-02-09 22:37:04|1|1|10159558764118904|facebook
You started on like this last night and I indulged you. Not tonight.|10159558898153904|Paul Bell|2022-02-09 22:37:04|1|1|10159558764118904|facebook
what, you don't follow the science? It's been almost two year with these mandates, and we haven't slowed the spread of Covid. How can you be comfortable with our government keeping policies that go against the science?|10159559736748904|Chase Gaudenzi|2022-02-09 22:37:04|1|1|10159558764118904|facebook
While Trudeau idly stands by and does nothing about it. The border falls under Trudeau's jurisdiction.|10159559876028904|Marilyn Taylor|2022-02-09 22:37:01|0|1|10159558764118904|facebook
https:// www.theglobeandm ail.com/ politics/ article-changes- to-covid-19-bor der-measures-to -be-announced-n ext-week-health /|10159561707733904|Richard Sixton|2022-02-16 22:37:04|1|1|10159558764118904|facebook
"Goal? the vaccines don't stop the spread of infection. End the mandates. You aren't going to bore us all with the insurrection narrative or the Nazi paranoia are you? Seriously, those were peaceful Canadians like you crowding the overpasses to cheer the activism on. Please don't conflate. The mandates are useless and must end now. Egos and power games can resume once we have our peaceful Canadian way of life restored. That's the ""goal""."|10159558809088904|Paul Bell|2022-02-09 22:37:04|1|1|10159558764118904|facebook
Oh right , the govt only shut the economy down and bankrupted the businesses for almost 3 years now, before the blockade? 🖕|10159559187383904|Angie Watling|2022-02-09 22:37:01|0|1|10159558764118904|facebook
..so tell us, how you would have dealt with a worldwide pandemic?|10159559284373904|Sylvia Watson|2022-02-09 22:37:05|1|1|10159558764118904|facebook
These guys have managed to convince themselves that people in government are some Darth Vaders in a secret bunker. They clearly doesn't know they are real people who live among the general population and get affected by those lockdowns and health protocols.  In order to believe their own BS, they have to also convince themselves there was no pandemic at all, or that the pandemic is not as bad as it actually is.|10159559587868904|Kwaku Ametor|2022-02-09 22:37:05|1|1|10159558764118904|facebook
Yea and NOW truckers are PERSONALLY forcing business to close and workers to not ne able to work, while having a giant street party in the city core !! Tell me again how this is justified.|10159561075008904|Ashley Faller|2022-02-16 22:37:05|1|1|10159558764118904|facebook
"l know l mourn for our country... Heres the question Ashley... W In what direction does the prime minister intend to take our country? He will never give the honest answer... thats obvious! But the truth is... we will not like it! And its happening slowly ... Did you see the interviews his own brother gave? Did you see our leader smugly saying he was""insulted"" when folks say that the cbc caves to the left liberals...beca use, after all he paid them""600 million to cover for them"" Those are his words! And good people have lost so much...hard working , families... Theyre just being ""gas lighted"" Like theres not a thing amiss going on! I agree this in the end is not going to do much for us ... because they (govt) does not care for us , or the economy? I am not a conspiracy nut job... I wish we were wrong... But the heartbreaking truth is...this is our reality I dont want to live in an authoritarian state..like china...and people laugh. .but its not funny! Im terrified of whats coming to us Ashley! Please just ask yourself... with everything that were witnessing in real time... Is it really about a ""pandemic"""|10159561706523904|Angie Watling|2022-02-16 22:37:05|1|1|10159558764118904|facebook
you mean what 10-20% want.|10159558871988904|Dave Smith|2022-02-09 22:37:06|1|1|10159558764118904|facebook
Ken Auldman The vaccines, NOT the mandates. Don't conflate.|10159558819783904|Paul Bell|2022-02-09 22:37:04|1|1|10159558764118904|facebook
I agree that at this point in time the mandates likely aren't doing much with Omicron.  I suspect the government is already only a few months away from dropping them.  However that doesn't mean it's a good idea to give into a group of protesters that represent far less than 50% of the Canadians population.  Should BLM protest this summer and demand the defunding of all police? Should the government just roll over and agree?  Do you not see the precedent this would set?|10159559909718904|Scott Verge|2022-02-09 22:37:04|1|1|10159558764118904|facebook
still there|10159563829373904|Mrk Ess|2022-02-16 22:37:03|1|1|10159558764118904|facebook
which wish u referring to?|10159559524403904|Mrk Ess|2022-02-09 22:37:03|1|1|10159558764118904|facebook
we shall see I guess|10159559533153904|Mrk Ess|2022-02-09 22:37:03|1|1|10159558764118904|facebook
I was being sarcastic…. They probably won’t all be gone by today.|10159559529388904|Mrk Ess|2022-02-09 22:37:03|1|1|10159558764118904|facebook
they’re still there|10159560943448904|Mrk Ess|2022-02-16 22:37:03|1|1|10159558764118904|facebook
https:// twitter.com/ consumersos/ status/ 1492850611003478 024?s=21|10159560993963904|Manny O'Sullivan|2022-02-16 22:37:03|1|1|10159558764118904|facebook
they should all be gone by tomorrow, which is today.|10159559526548904|Manny O'Sullivan|2022-02-09 22:37:03|1|1|10159558764118904|facebook
lol but they’re still there… and they’ll probably still be there tomorrow!|10159561242683904|Mrk Ess|2022-02-16 22:37:03|1|1|10159558764118904|facebook
he said it may be time to drop the passports, which they are in the plans of doing right now.  They remain because hospitalization s are still fairly high  So again what's your goal? Biden dont want unvaxxed truckers in the country. U want to allow unvaxxed American Truckers in though? That only helps Americans.|10159558805368904|Lee King Snach|2022-02-09 22:37:04|1|1|10159558764118904|facebook
the bridge is open, I imagine they peaked this past week so they’ll saviour that for a few days, don’t imagine they have a job.  https:// twitter.com/ thomasdaigle/ status/ 1492501136770744 325?s=21|10159561424673904|Manny O'Sullivan|2022-02-16 22:37:03|1|1|10159558764118904|facebook
it's a global movement, it's been happening for months.|10159559742998904|Chase Gaudenzi|2022-02-09 22:37:03|1|1|10159558764118904|facebook
the Windsor police are granting your wish right now🤡|10159559521923904|Manny O'Sullivan|2022-02-09 22:37:03|1|1|10159558764118904|facebook
Just end the mandates.|10159558787328904|Paul Bell|2022-02-09 22:37:01|0|1|10159558764118904|facebook
they are slowly, ain't going to help the unvaxxed truckers though, Biden has a mandate where you have to be vaxxed to enter the country. So what's your goal?|10159558798398904|Lee King Snach|2022-02-09 22:37:04|1|1|10159558764118904|facebook
Fringe movement no biggie… they should all be gone by tomorrow… lol|10159558925108904|Mrk Ess|2022-02-09 22:37:01|0|1|10159558764118904|facebook
"""Slowly"". End the passports now. Dr. Moore said they were useless. Why do they remain?"|10159558799933904|Paul Bell|2022-02-09 22:37:04|1|1|10159558764118904|facebook
They are doing what we want, WHAT US SANE LIBS WHO DONT DENY SCIENCE WANT. DERP. WELCOME TO DEMOCRACY, MOBB RULES, #NEVERCON|10159559614643904|Bonnie Cull|2022-02-09 22:37:06|1|0|10159558764118904|facebook
Blockade was on provincial roads leading to bridge which is privately owned but don't let facts get in the way. The border is under control of Feds but that is it.|10159561354713904|Nancy Eaton|2022-02-16 22:37:02|1|0|10159558764118904|facebook
I DONT WANT TRUCKERS DECIDING FEDERAL OR PROVINCIAL HEALTH MATTERS. I LIKE YELLING!!|10159558913323904|Adrian Ayotte|2022-02-09 22:37:06|1|0|10159558764118904|facebook
the people don't want an end to the mandates.  What made truckers the decision makers in our democracy?|10159558897778904|Scott Verge|2022-02-09 22:37:06|1|0|10159558764118904|facebook
we will see.|10159559355853904|Dave Smith|2022-02-09 22:37:06|1|0|10159558764118904|facebook
they reduce the spread. Tell me what reduce means so I know you understand.  Peaceful protests stand on a sidewalk with a sign, they don't block borders of essentials holding civilians hostage over a temper tantrum like terrorists.  Canada is proof mandates work. We got through this in a lot better shape then most counties. You got a problem with mandates, talk to you premier. Trudeau cant fix the border without Biden.|10159558819633904|Lee King Snach|2022-02-09 22:37:04|1|0|10159558764118904|facebook
It will be nice to see a few of these protesters get fined and loose their trucks, not to mention a police arrest record...wonder how the US border patrol treats criminals?|10159559956558904|Robert Dauchapt|2022-02-09 22:37:06|1|0|10159558764118904|facebook
Us university educated libs never lost our jobs or needed cerb dear, keep crying lol A cbc article states that it was Alberta cons who took the most cerb payments in Canada. Us libs are saving thousands monthly by working from home for 2 yrs lol Did you work from home? Lol #NEVERCON|10159559616408904|Bonnie Cull|2022-02-09 22:37:06|1|0|10159558764118904|facebook
You know how unhinged they are when they use all caps lol I gave him back some of his own medicine too in my comment, though he probably wont pick up on it lol #NEVERCON|10159559618953904|Bonnie Cull|2022-02-09 22:37:06|1|0|10159558764118904|facebook
you the people....not WE, as the vast majority of Canadians think these protesters are nothing more than selfish idiots who have no concept of how society and commerce works. They are fighting for their own personal freedom, that's all they care about.|10159559953573904|Robert Dauchapt|2022-02-09 22:37:06|1|0|10159558764118904|facebook
"Amazes me that anyone would put their support toward/behind someting without 1) knowing who are the organizers/ leaders and the major influencers - Lich, Ditcher, Barber, Peckford, Hodkinson, Hillier, Alexander, Quiggin, Bulford, King, Denson, etc. - these are the organizers of the Canadian truckers/ protesters and they are not good people, nor good citizens - check them out on Google 2) knowing who are the trucker/ protester participants - truckers/ protesters participating are conspiracy theorists, people against immigation, racists, anti-semetics, Islamaphobes, seperatists, white nationalists, far-right wingers, etc. 3) knowing what the truckers/ protesters hope/aim to achieve - it's not just an end to vaccine mandates, the trucker/ protesters also want to end immigration, unrestricted oil & gas development including pipelines, western Canada seperation, end of transfer payments, end of all health measures, removal of the current government, etc.).  This is not name calling ---There's a big difference between ""name calling"" and what is an accurate charactization of people and what motivates/ drives them - knowing and understanding that the truckers/ protesters are anarchists and extremists and domestic terrorists is not name calling, it's identifying who these people really are based on their own words, behaviours and actions, both past and present."|10159560364538904|Gordon Earle|2022-02-09 22:37:01|0|0|10159558764118904|facebook
we the people want criminals arrested. We the people want democracy respected. We just had an election and the Liberals won. Get over it and vote in the next election. We the people will decide who governs based on our democratic process not based on the criminal behaviours of a few brainwashed individuals with misguided ideas of freedom and patriotism. My guess is based on the implosion of the CPC and their continued march to the political right, we will see another Liberal government and possibly a majority. The CPC’s support of this lawlessness can’t be described as anything but sedition and elected MPs supporting an attempted insurrection.|10159560462463904|Andrew Karvonen|2022-02-16 22:37:06|1|0|10159558764118904|facebook
Do the majority of the people want what you are referring to?|10159560606398904|Joseph Phillip|2022-02-09 22:37:06|1|0|10159558764118904|facebook
This is not how the people want this stopped. We all want the mandates to end but not by stepping on other Canadians to get it. What the hell is wrong with you if you think pulling this stunt and forcing Canadians to not be able to open their business and millions not be able to work and shutting down trade and stopping manufacturing which is putting millions of Canadians at risk who already there would support this stunt? How about not act like jerk.|10159561081103904|Ashley Faller|2022-02-16 22:37:06|1|0|10159558764118904|facebook
In this country change is brought about by winning elections. Find a candidate who agrees with you and get him elected. Protest all you want but b;ock fe;;ow citizens from working? You lost me at that point.|10159561919748904|Michael Patrick Marklevitz|2022-02-16 22:37:06|1|0|10159558764118904|facebook
That is why we are building a new bridge, the Gordie Howe should be done in a couple of years. It will be publicly run.|10159560275318904|Richard Millar|2022-02-09 22:37:01|0|0|10159558764118904|facebook
Not a only that there are calls from within the US to bring all manufacturing home and not rely on ‘foreign’ plants and supply chains.|10159559738038904|Peter Spearman|2022-02-09 22:37:01|0|0|10159558764118904|facebook
Polishing the democracy thanks truckers!|10159559457153904|Richer Desalliers|2022-02-09 22:37:01|0|0|10159558764118904|facebook
Not a supply chain problem. It is a law enforcement problem. Simple solution…..Don’ t let idiots illegally block critical infrastructure.|10159560460038904|Andrew Karvonen|2022-02-09 22:37:01|0|0|10159558764118904|facebook
I'm livid with Trudeau, he spent weeks waiting on the sidelines waiting for other people to man up to do something about the situation.|10159561983553904|Bik Dhaliwal|2022-02-16 22:37:02|1|0|10159558764118904|facebook
yea it’s about the pandemic and Ottawa didn’t shut down the economy. Lockdowns are provincial and exclusively their jurisdiction. It wasn’t Trudeau who issued an emergency order in Ontario, right?  What definitely happened in 3 years is a severe lack of understanding how Canada functions.|10159559432538904|Alexander David|2022-02-09 22:37:05|1|0|10159558764118904|facebook
Seems every time a politician mandates a sector, they lay claim that it won't have a negative impact on that very sector. Healthcare, mail delivery, supply chain, etc, etc, And each and every time, it seems to have a negative impact. 700 billion spent on a pandemic and healthcare capacity is at its lowest. Hmmm|10159559402738904|Vin Scott|2022-02-09 22:37:01|0|0|10159558764118904|facebook
I m no fan of Trudeau and if the Conservatives had a reasonable candidate then they would have won easily. The truckers have made this canadian vs Canadian not about the Government. You think people here in ottawa haven't? Yet these truckers act like they are justified in punishing the citizens here because we live here. This is not an authority state, this is not just happening in Canada this happened all over the world because we are in a global pandemic. We ALL want these mandates to end, I want my kids to go to school and do activities and not worry or have to wear a mask anymore but the reality is that THIS is not how it should be done and THIS is a dangerous precedent.|10159561728273904|Ashley Faller|2022-02-16 22:37:05|1|0|10159558764118904|facebook
Ken Auldman I stay out of the vaccine efficacy debate as far as who should get it or not. I'm no antivaxxer and I took some heat for believing these ones would come along as soon as they did. I don't participate in the passports because I won't utilize Rights denied others for reasons I think are unfair. I'm sure that some of the 80% (whatever) of truckers and all Canadians who detest the mandates who are vaccinated did so for their own reasons. No doubt, some felt coerced. No doubt, most were thrilled to be safer. I followed a truckers FB page about COVID since the first cases in 2020. No lack of awareness and suffering in that community. The mandates are the only problematic element. Bottom line is that they were intended to stop the spread and they don't.|10159558847828904|Paul Bell|2022-02-09 22:37:04|1|0|10159558764118904|facebook
Don't spread homophobia. Shame on you.|10159558849688904|Paul Bell|2022-02-09 22:37:04|1|0|10159558764118904|facebook
Ken Auldman The mandates don't stop the spread. Think about the variables. Proper PPE (respirators) can keep wearers safe. We can stop from getting infected. Proper PPE protocol can have 100% efficacy. The passports are likely worse than zero. Vaccinated people who are infected are less likely to feel symptoms and self-isolate, ‘super-spreader s’.|10159558856753904|Paul Bell|2022-02-09 22:37:04|1|0|10159558764118904|facebook
Ken Auldman What makes you assume I'm not vaccinated? I detest when people do that. If you and I meet and you have a phobia of unvaccinated people, I would ask that you treat me as unvaccinated. I know that a vaccinated person can spread the virus, even if you (or another individual doesn't). That doesn't mean I'm not vaccinated. It's a privacy issue. If you had a Right to know (employer as it stands), I would tell you.|10159558859528904|Paul Bell|2022-02-09 22:37:04|1|0|10159558764118904|facebook
Boy we’re getting exposed a lot|10159559032693904|Chris Runn|2022-02-09 22:37:01|0|0|10159558764118904|facebook
Bridge is open,that’s all that matters.|10159564165418904|Manny O'Sullivan|2022-02-16 22:37:03|1|0|10159558764118904|facebook
You're an awesome profiler Scott. Are you and  with the same firm?|10159558901968904|Paul Bell|2022-02-09 22:37:04|1|0|10159558764118904|facebook
And Polievre encourages them.|10159560503483904|Marc Cyr|2022-02-09 22:37:02|1|0|10159558764118904|facebook
this is bigger, it's global bud. The science changes and so should the policies.|10159560275338904|Chase Gaudenzi|2022-02-09 22:37:04|1|0|10159558764118904|facebook
"Is it really fair to call our elected officials ""toddlers"" ?  At any rate, three provices and a handful of countries have already lifted mandates so it will happen soon here.  What we know now is a LOT more poeple have had COVID than we thought (probably 10-100X as many as those who were symptomatic) and that gets you immunity as good as if not better than the shots.  The mRNA vaccines make antigens for S and P spikes, but an infection gets you more general antigens, not just spike proteins and are believed to protect from more variants than the mRNA shots do.  This has been big news in medical journals is is why the mandates are being relaxed now.  References:  Mandating vaccines for the naturally immune “actually creates problems because when people see that they are forced to take a vaccine that they don’t need because they already are immune, that causes a lot of distrust in public health https:// munkdebates.com/ podcast/ vaccine-mandates  Columbia: it is likely a highly significant majority of the unvaccinated now have natural immunity https:// www.publichealth .columbia.edu/ public-health-no w/news/ active-covid-cas es-may-be-ten-t imes-official-c ount-study  Cohen: “we don’t see virtually any difference … between people vaccinated and nonvaccinated,” adding “both get infected with the virus, more or less at the same pace.” https:// web.archive.org/ web/ 20220131140730/ https:// unherd.com/ thepost/ israeli-vaccine- chief-we-have-m ade-mistakes/  Salvatore: “clinicians and public health practitioners should consider vaccinated persons who become infected with SARS-CoV-2 to be no less infectious than unvaccinated persons.” https:// www.medrxiv.org/ content/10.1101/ 2021.11.12.21265 796v1  Needles: the original randomized clinical trials for Pfizer and Moderna did not test if the vaccines stop transmission https:// www.tabletmag.co m/sections/ science/ articles/ needle-points-va ccinations-chap ter-three"|10159561706988904|Richard Sixton|2022-02-16 22:37:04|1|0|10159558764118904|facebook
yes, I understand. I was being sarcastic.|10159559874603904|Mrk Ess|2022-02-09 22:37:03|1|0|10159558764118904|facebook
Nothing to do with who the group is. If anything, this is harsh treatment and rhetoric. Tamils broke through police barricades and took over the Gardiner in 2009. They wanted to direct Canada's foreign policy. Chief Blair advised Torontonians to prepare for weeks of such activism. Nobody was arrested or had their stuff taken. The mandates should nave already ended. we don't need eased back into our inherent Rights. It seems pretty clear that the Provincial monitoring system is intended to go national under the premise of vaccination passports. Unless the infrastructure is destroyed and not just the sanctions repealed, the distrust is valid.|10159561924588904|Paul Bell|2022-02-16 22:37:04|1|0|10159558764118904|facebook
They're doing what Ontario's top doctor said to do. The Truckers just make his point louder. It's not accurate to say they're giving in to the truckers any more than to say they're giving in to Ontario's top doc. There was widespread concern that things should be opened up a bit from scientists and the populous and the goverment is doing what is right now.   Ontario needs to 'reassess the value' of COVID-19 vaccine passport system, top doctor says https:// toronto.ctvnews. ca/ ontario-needs-to -reassess-the-v alue-of-covid-1 9-vaccine-passp ort-system-top- doctor-says-1.5 765973|10159563407068904|Richard Sixton|2022-02-16 22:37:04|1|0|10159558764118904|facebook
Better follow back in chain/money source/ planning info to see who’s really behind crippling USA thru Canada while USA is distracted by Ukraine... poor protesters are being played ...|10159559114983904|Keith Swazey|2022-02-09 22:37:01|0|0|10159558764118904|facebook
so, in human history, governments have never done anything heinous? People wgo blindly follow the government, slept through history class.|10159559742488904|Chase Gaudenzi|2022-02-09 22:37:05|1|0|10159558764118904|facebook
Like Sweden. spend all the money protecting the most vulnerable.|10159559858548904|Chris Michael|2022-02-09 22:37:05|1|0|10159558764118904|facebook
Our whole country is fragile, especially under these Liberals. Just wait to see the chaos which ensues if war breaks out in Europe!|10159560047233904|Colin Parent|2022-02-09 22:37:01|0|0|10159558764118904|facebook
A judge has ordered them to leave..their point has been made(last week)..go home…interferin g with our economy won’t win you any new friends..except for those at the head of this protest, who enjoy and welcome chaos..do not become one of their useful Fools.|10159559749853904|Alex Subotich|2022-02-09 22:37:01|0|0|10159558764118904|facebook
