﻿comment|comment_ids|username|datetime|isreply|num_replies|post_id|label
Protesting is one thing, blockades preventing the residents to live comfortably in their homes or have the ability to get groceries or get to doctor's appts or take their children to school or walk the streets of their community without fear of intimination and harassment, live without screaming, blaring horns is an infringement on their rights and freedoms and is illegal !|10159545902943904|Victoria Sedgwick|2022-02-02 23:53:43|0|8|10159545775268904|facebook
On behalf of the educated adults who have (perhaps regrettably) opted to take part in this little chat, allow me to applaud Mr. Baird's brilliant use of a non-sequitur.  Mr. Baird, may I suggest sticking to something more suited to your talents, like honking a horn?|10159546007853904|Michael Kelly|2022-02-02 23:53:59|1|6|10159545775268904|facebook
They should deploy a crew to find the PM and bring him to work.|10159545817768904|Joanne Guy Godin|2022-02-02 23:53:43|0|5|10159545775268904|facebook
A fringe group that according to polls is supported by over 32% of Canadians which is more than what voted for trio in the last election by the way he was elected with only 29% of a vote so anything over 29% he 29% is something he should listen to because it's more than the people that voted for The liberal party|10159545871298904|Spencer Ursini|2022-02-02 23:54:10|1|4|10159545775268904|facebook
It must be pure hell living in this area,I guess that doesn't matter! where is their freedom from this!|10159545933033904|Loretta J P Caissie|2022-02-02 23:53:43|0|4|10159545775268904|facebook
it’s unfortunate that these residents have been inconvenienced for a week but as you can see millions have been inconvenienced and have experienced extreme hardship in the past two years. Hopefully JT comes out of hiding soon and confronts the issues that Canadians have! Enough is enough!|10159545997018904|Heather Laing|2022-02-02 23:54:06|1|4|10159545775268904|facebook
A search party is also needed to locate the Prime Minister.|10159545833363904|Jack Massalski|2022-02-02 23:53:44|0|3|10159545775268904|facebook
Well, he was virtually there 🙂 Still, not exactly hiding. He's just uninterested in meeting with the truckers.|10159546260883904|Sean Ledwich|2022-02-02 23:53:50|1|3|10159545775268904|facebook
I'm an English professor. Most of your trucker friends can barely spell. They're the ones who need reading lessons.|10159546186283904|Peter Austin|2022-02-02 23:54:04|1|3|10159545775268904|facebook
So you don’t pay Canadian taxes but still expect Canadian health care. Aren’t you special? I guess ripping off the Canadian system is high on your agenda. Your broad statement regarding health care in some European countries is also completely erroneous. Should do some reading on that. Anyway, good luck with all that. Might be a great opportunity to get some facts straight. 😉|10159548080468904|Michael Vandale|2022-02-02 23:53:51|1|3|10159545775268904|facebook
don’t use vaccination numbers as a poll for people who support mandates I’m vaxxed and I don’t support this Most people I know are vaxxed and don’t support mandates|10159546069308904|Amy Elisa Boisjoli|2022-02-02 23:53:53|1|3|10159545775268904|facebook
CBC or CTV will just say it but will not show it.. Because there is nothing to show|10159548261433904|Brad Beaton|2022-02-02 23:53:47|1|3|10159545775268904|facebook
WHY would Trudeau bother to speak to these people? Speaking to them only gives them credibility…. They don’t deserve it. This protest is not about vaccine passports…. The REAL truckers who want to work to support their families and provide goods and services to Canadians are all vaccinated and working. These GRIFTERS will do nothing to make change. All mandates are at provincial levels… we have freedom. If they want to know what it’s like not to have freedom… let them go to Afghanistan!!!|10159546814593904|Gloria Dawe Bruce|2022-02-02 23:53:51|1|3|10159545775268904|facebook
FREEDOM protest! They.needed to call in extra police officers to help locate the P.M. The truckers are peaceful and respectful. 🚛🇨🇦|10159545837398904|Roberta Hall|2022-02-02 23:53:43|0|3|10159545775268904|facebook
- In the last election the NDP+Bloc+Greens +Liberals got a vote representing about 65% of the voting public. That's the vast majority. You're citing the minority. You aren't the majority by a long shot.|10159545924693904|Devon Kruggel|2022-02-02 23:54:10|1|2|10159545775268904|facebook
Yes I support the mandates, I wish the rules around the mandates were clearer and more consistent. But then again I believe in the greater good, what are charter a rights is based on!!!  I don’t think everyone should get the jab, it’s your right to choose, as it always will be. But like every choice we make in life, there’s consequences!|10159546962518904|Kevin Sampson|2022-02-02 23:53:50|1|2|10159545775268904|facebook
A lot of those guys are far from home and probably getting pretty lonely. You should go down with some beer and offer it to one of them, maybe make a friend.|10159546734118904|Carey Closs|2022-02-02 23:54:00|1|2|10159545775268904|facebook
Explain to me why people should lose their job or why they shouldn’t be allowed to go to a restaurant if they’re not vaccinated?|10159546968358904|Carey Closs|2022-02-02 23:53:50|1|2|10159545775268904|facebook
- When you are polling in the mid-30s you are clearly not fringe. 99% of truckers (actually more) are doing their jobs today. So this group protesting is by definition fringe.|10159546052578904|Devon Kruggel|2022-02-02 23:54:10|1|2|10159545775268904|facebook
Oh. Blow it out your ….|10159546244818904|Anthony Fornasier|2022-02-02 23:54:01|1|2|10159545775268904|facebook
Lock them all up.  I agree with the government on this one. You can’t make policy on the basis of intimidation. That’s bribery. And it’s no way to run a country.|10159545809588904|Anthony Fornasier|2022-02-02 23:53:43|0|2|10159545775268904|facebook
What is the Ottawa Police service afraid of? Why are they sitting by doing nothing? Do they support this illegal occupation? What if the protesters were Indigenous?|10159545847588904|Peter Austin|2022-02-02 23:53:43|0|2|10159545775268904|facebook
-- well-- thats a compliment. Trump versus Blackface-- or the man of many disguises-- tell me-- is it true he really is the son of Fidel Castro?|10159547112798904|Ian Robinson|2022-02-02 23:53:55|1|2|10159545775268904|facebook
I’d hang out with them, maybe even offer a trucker the spare bedroom or a couch to sleep on.|10159546622388904|Carey Closs|2022-02-02 23:54:00|1|2|10159545775268904|facebook
typical leftist lacking in intelligence -- you get past high school or maybe you took classes with Blackface?|10159547107078904|Ian Robinson|2022-02-02 23:53:55|1|2|10159545775268904|facebook
PS why don’t you go to Afghanistan and let the rest of us get our country and freedoms back?|10159547730658904|Michael Vandale|2022-02-02 23:53:51|1|2|10159545775268904|facebook
ah the truth shall be revealed. Got a problem with facts about your loser leader ?|10159547103473904|Ian Robinson|2022-02-02 23:53:55|1|2|10159545775268904|facebook
I don’t want to live in country ruled by thugs roaming the streets. That my dear … is a dictatorship.|10159546050538904|Anthony Fornasier|2022-02-02 23:54:01|1|2|10159545775268904|facebook
government intimidates us for 2 years. Let’s lock THEM up.|10159545909758904|Jana Roudny|2022-02-02 23:54:01|1|2|10159545775268904|facebook
Good point.|10159545988423904|Anthony Fornasier|2022-02-02 23:54:01|1|2|10159545775268904|facebook
You guys love the Globe when they are leaning right, as they mostly do, though, don't ya. I think the only media you'll find endorsing these idiots are Fox News. Ottawa Sun, nope. National Post, nope. Two major right wing publications. Could it be just that you are being seen as a bunch of bullies holdiing a city hostage? Making businesses shutter their doors when they finally get to open. Shame on everyone that is there, sincerely, from the children too afraid of the noise to sleep or have to walk by these screaming men on their way to school, the pets shivering in the corner , the elderly in care homes living with dementia also terrified of the noise. There is nothing peaceful about this protest.|10159548287128904|Janice Gougeon|2022-02-02 23:54:05|1|2|10159545775268904|facebook
"it's not terrorism. Its peaceful citizens standing up for their rights. Terrorism is what Trudeau gives money to, just ask Omar Khadr. And those ""vaccines"" are taking more lives than they're saving, so take your stupid mocking gif and go give your head a shake."|10159546776263904|Aaron T. Babcock|2022-02-02 23:53:55|1|2|10159545775268904|facebook
What if there is no mischief, hate or harassment? Independent media shows a polite, peaceful and diverse group of Canadians asking for their rights back.|10159546695583904|Nel Grond|2022-02-02 23:53:43|0|2|10159545775268904|facebook
Nope, bullies with trucks.  It's also a habit of bullies to deflect.|10159546273548904|Stephen Humphrey|2022-02-02 23:53:50|1|2|10159545775268904|facebook
: I remember when Mulroney tried to “de-index” the old age pension.|10159546949238904|Elaine Foxgord|2022-02-02 23:54:01|1|2|10159545775268904|facebook
Anyone know where to find video clips of the behaviour residents are saying is happening?|10159546403603904|Tina Knott|2022-02-02 23:53:42|0|2|10159545775268904|facebook
he is working you troglodyte. Why even say crap like that it's not like you're Robin Williams?|10159545883333904|C Burton Hannum|2022-02-02 23:53:56|1|1|10159545775268904|facebook
This is all on the PM Ottawa. Thank Trudeau|10159546540248904|Larry Aelterman|2022-02-02 23:53:44|0|1|10159545775268904|facebook
there should be negotiations.|10159545947273904|Peter Austin|2022-02-02 23:54:04|1|1|10159545775268904|facebook
this isn’t going to end well for all the morons. Pretty soon normal Canadians will rebel.|10159547106463904|Maria CT|2022-02-02 23:53:55|1|1|10159545775268904|facebook
If this turns violent, and police are forced to club some of these protesters over the head, one need not worry, because I don't think it's possible to make them any more stupid.|10159545876928904|Michael Kelly|2022-02-02 23:53:43|0|1|10159545775268904|facebook
from idiots like you.|10159547101568904|Maria CT|2022-02-02 23:53:55|1|1|10159545775268904|facebook
what are you- a bot? Why you hide your face on Facebook?|10159547097828904|Ian Robinson|2022-02-02 23:53:55|1|1|10159545775268904|facebook
what a moron you are.|10159547088268904|Maria CT|2022-02-02 23:53:55|1|1|10159545775268904|facebook
promoting violence?|10159545888853904|Ken Baird|2022-02-02 23:53:59|1|1|10159545775268904|facebook
pure hell? Your man Trudop had no problem attending BLM rallies that did billions in property destruction and cost many lives. Give it a break.|10159546263713904|Ian Robinson|2022-02-02 23:53:55|1|1|10159545775268904|facebook
", Actually, I'm speculating on the outcome of a hypothetical situation, and engaging in a bit of humorous hyperbole. But I should not forget that I'm replying to a supporter of the protests, so I should restrict my vocabulary to monosyllabic words, lest you feel left out.  So, for you, Ken, my response is ""No."""|10159545909958904|Michael Kelly|2022-02-02 23:53:59|1|1|10159545775268904|facebook
they are goof!|10159546698853904|Kyle Robertson|2022-02-02 23:54:04|1|1|10159545775268904|facebook
and why do you care about others? I for one do not feel that way. Stop putting words in other people’s mouth.|10159547214368904|Maria CT|2022-02-02 23:53:53|1|1|10159545775268904|facebook
And lets talk about the Airbus kickback scandal - could be here all night.|10159547082173904|Sue Ngary|2022-02-02 23:54:01|1|1|10159545775268904|facebook
the hospitals are not overflowing but they are full. Full of vaccinated covid patients.|10159548015758904|Laurie Ann|2022-02-02 23:53:58|1|1|10159545775268904|facebook
of course There are always going to be opposing sides That will never change|10159546548788904|Amy Elisa Boisjoli|2022-02-02 23:53:53|1|1|10159545775268904|facebook
Most people I know are vax’d and dont support this protest. There. We are even.|10159546546388904|Sue Ngary|2022-02-02 23:53:53|1|1|10159545775268904|facebook
there’s many tepee’s just got set up there this week , so there’s obviously some indigenous supporting the freedom convoy .|10159546490478904|Bertrand ST-Amand|2022-02-02 23:54:04|1|1|10159545775268904|facebook
So will they be dealing with mischief, hate, harassment, threats and other intimidating behaviours from both sides?|10159546088848904|Bill Roest|2022-02-02 23:53:43|0|1|10159545775268904|facebook
BTW have you thanked a veteran lately? I will wait!👍|10159546020813904|Ken Baird|2022-02-02 23:53:59|1|1|10159545775268904|facebook
I do support it Amy! I support it only because it is a public health crisis.|10159546071158904|Alina Stan|2022-02-02 23:53:53|1|1|10159545775268904|facebook
clearly it isn’t for 80%+ of Canadians who believe in science and who should be thanked for doing the right thing for themselves and society! Soon driving drunk will also be about personal freedom! Am over this!|10159546066488904|Alina Stan|2022-02-02 23:53:53|1|1|10159545775268904|facebook
Hate, harassment, threats and intimidation come not from the truckers, but from the liberal radicals infiltrated in the convoy.|10159546274563904|Anna Golodina|2022-02-02 23:53:44|0|1|10159545775268904|facebook
but forcing people to take vaccines that are not working like they promised or they lose their jobs isn’t intimidation and isn’t an infringement on their rights?|10159545949588904|Amy Elisa Boisjoli|2022-02-02 23:53:53|1|1|10159545775268904|facebook
No they are not full of vaccinated, it's the other way round. A high % of un-vaccinated|10159548308353904|Peter Louise Bates|2022-02-02 23:53:58|1|1|10159545775268904|facebook
Truckers get out of your cabs a minute and look around. Hospitals are overflowing with COVID patients WITH the mandates in force. What's it going to like without them?|10159547677233904|Peter Louise Bates|2022-02-02 23:53:43|0|1|10159545775268904|facebook
I wonder if The Globe and and Mail talked to any of the truck leaders or are you just reporting the same crap over and over. Where is Trudeau, why aren’t you reporting about that|10159546283333904|Frances Caputo|2022-02-02 23:53:44|0|1|10159545775268904|facebook
Hmmm... funding terrorism vs buying a life-saving vaccine...|10159546721508904|Rico Garcia|2022-02-02 23:53:55|1|1|10159545775268904|facebook
don’t be silly, he was at a press conference in Winnipeg yesterday. Life goes on, in spite of this illegal gathering.|10159545860443904|Sean Ledwich|2022-02-02 23:53:56|1|1|10159545775268904|facebook
I wonder what you'd do, if you lived down there, and semis had been running with their exhaust and horns honking for a week? Smile and hand out cookies? 🙄|10159546618468904|Christa Forsythe|2022-02-02 23:54:00|1|1|10159545775268904|facebook
Absolutley! Amazing that so many aren't calling for that. Why do we even have a PM if he can't do his job?|10159545823288904|Linda Nichol|2022-02-02 23:53:56|1|1|10159545775268904|facebook
what they are afraid of is going in, and the protesters becoming violent. This isn’t about mandated any more. It is about terrorists holding a downtown hostage and demanding negotiations.|10159545942023904|Matthew Smith|2022-02-02 23:54:04|1|1|10159545775268904|facebook
SURE|10159546728268904|Christa Forsythe|2022-02-02 23:54:00|1|1|10159545775268904|facebook
NOPE they will be lifted when the experts decide, not because of this lunacy you are trying to impose on the OTHER 90% of Canada.|10159546044423904|Judy Sayeau|2022-02-02 23:54:04|1|1|10159545775268904|facebook
His idea of working is taking multiple holidays|10159547002788904|Vicki Baulch|2022-02-02 23:53:56|1|1|10159545775268904|facebook
doesn't matter where a person is working from as long as they're still doing their job, and he is. Are you?|10159547833438904|Sarah Bartlett|2022-02-02 23:53:56|1|1|10159545775268904|facebook
Blah blah blah...|10159546821163904|Rico Garcia|2022-02-02 23:53:55|1|1|10159545775268904|facebook
"where do we ""look them up""?"|10159545943873904|Stephen Duke|2022-02-02 23:54:01|1|1|10159545775268904|facebook
yes, I work and still do my job well. Can't say the same for him|10159547840818904|Vicki Baulch|2022-02-02 23:53:56|1|1|10159545775268904|facebook
So, it's not okay for American money to support the trucker convoy but it's okay for millions of dollars to pour in through Pfizer lobbyists to bribe politicians to push their wares? Just so we're clear...|10159546368503904|Aaron T. Babcock|2022-02-02 23:53:43|0|1|10159545775268904|facebook
Yes it's true, some people are starting to harass the protesters by painting graffiti on their trucks and smashing the windows of the businesses that have opened their doors to them. They need additional police to deal with the hooligans.|10159545992508904|Carey Closs|2022-02-02 23:53:43|0|1|10159545775268904|facebook
well, we don't have proof for you, but he's still getting things done, so...|10159547841363904|Sarah Bartlett|2022-02-02 23:53:56|1|1|10159545775268904|facebook
There is nothing but love happening here. Shame on main stream media.|10159545859498904|Heather Laing|2022-02-02 23:53:44|0|1|10159545775268904|facebook
I saw no love for the residents that were on Somerset holding a sign telling protesters to go home. They were confronted by those that support the “freedom” convoy and wouldn’t let them speak.|10159545934823904|Matthew Smith|2022-02-02 23:54:06|1|1|10159545775268904|facebook
this country is so divided. Proof of poor leadership right there. He needs to start dealing with that particular issue|10159547843613904|Vicki Baulch|2022-02-02 23:53:56|1|1|10159545775268904|facebook
All major cities will be needing a “surge” until mandates are lifted.|10159545847503904|Bruce R Collens|2022-02-02 23:53:44|0|1|10159545775268904|facebook
they only care about themselves. Hence why they are doing it.|10159547219193904|Maria CT|2022-02-02 23:53:55|1|1|10159545775268904|facebook
, the racism among our police forces is incredible.  Indigenous groups protesting clear cutting forest will be shot with water cannons and arrested, but white supremacists waving Confederate flags, illegally blocking traffic, and leaning on their air horns get a free pass. The double standard is reprehensible.|10159545934958904|Edmond Dantès|2022-02-02 23:54:04|1|1|10159545775268904|facebook
maybe your kids are not yours either.|10159547137263904|Maria CT|2022-02-02 23:53:55|1|1|10159545775268904|facebook
Just ticket the truckers massively for road rule/noise violations! Massive fines that bankrupt them and leave them homeless begging for food will quiet them.|10159547775453904|Alex Bunker|2022-02-02 23:53:43|0|1|10159545775268904|facebook
They should have their trucking licenses taken away. They are nothing but a bunch of bullies in big rigs. These are the guys that like to drive on your tail if you don't go faster. I see them. Meanwhile the truckers that let you get in the lane, that stop if you are in trouble... they are the ones still working.|10159548260278904|Janice Gougeon|2022-02-02 23:53:57|1|1|10159545775268904|facebook
you wish you had my intelligence.|10159547109688904|Maria CT|2022-02-02 23:53:55|1|1|10159545775268904|facebook
I'm no fan of Trudeau, but no, it's all on a bunch of bullies who think they can take a city hostage to get their way. Mandates have come down from the provincial level. Maybe someone could give the truckers a map to Queens Park where the Toronto cops would love to get out the water cannon.|10159548296588904|Janice Gougeon|2022-02-02 23:54:07|1|1|10159545775268904|facebook
They're all out in the burbs working from home. Only people suffering are the small businesses, students, elderly etc.|10159549106418904|Dominic Richens|2022-02-02 23:53:51|1|1|10159545775268904|facebook
Ticket them constantly. They will be bankrupt if they don't leave.|10159548027368904|Jan Carmichael|2022-02-02 23:53:44|0|1|10159545775268904|facebook
- It should be obvious. All are left learning parties sharing a very similar policy profile. That represents the vast majority, 65% of Canadians.|10159546373843904|Devon Kruggel|2022-02-02 23:54:10|1|1|10159545775268904|facebook
U.S. Intelligence told Canada money and support were coming from the U.S. Now you know the Red Hats in the U.S. are behind this. That woman couldn't organize cars in a driveway let alone collect $10M in GFM on her own.|10159545807123904|Brent Whiteside|2022-02-02 23:53:44|0|1|10159545775268904|facebook
your FP page says you went to high school-- did you graduate?|10159546278813904|Ian Robinson|2022-02-02 23:53:50|1|1|10159545775268904|facebook
or you could just join the 84% of the population in Canada and take the vaccine! Honk honk|10159546331543904|Kevin Sampson|2022-02-02 23:53:50|1|1|10159545775268904|facebook
- You still keep missing the incredibly obvious point. Never mind.|10159546513328904|Devon Kruggel|2022-02-02 23:54:10|1|1|10159545775268904|facebook
Wrong. They couldn't stand Justin so they didnt vote for him they are part of the more than two thirds of Canada who did not vote Liberal|10159546509858904|Leslie Tee|2022-02-02 23:54:10|1|1|10159545775268904|facebook
How many got the jab because they were going to lose there job if they didn't? It's not hard to get those kind of percentages when you twist arms.  Please tell me why do I need to get the jab? if it doesn't stop or reduce the transmission of covid, what is the community benefit in getting it? Why do you care so much what choices other people make?|10159546423753904|Carey Closs|2022-02-02 23:53:50|1|1|10159545775268904|facebook
maybe the truckers and protesters should go in your neighborhood, blast their horns day and night. Thousand screaming and setting off fireworks Etc. Blocking traffic etc The old story it is ok as long as it is not I’m my backyard|10159546904333904|Teya Shearing|2022-02-02 23:53:50|1|1|10159545775268904|facebook
you poor thing. I feel sorry for you.|10159545811778904|Cheryl Allen|2022-02-02 23:54:11|1|1|10159545775268904|facebook
Do you support the mandates?|10159546906508904|Carey Closs|2022-02-02 23:53:50|1|1|10159545775268904|facebook
first, don’t be talking about our freedoms, you don’t speak for me and I don’t believe in what’s going on. In regards to sacrifice, why would anyone want to sacrifice anything if they don’t believe in it.|10159546941248904|Kevin Sampson|2022-02-02 23:53:50|1|1|10159545775268904|facebook
Do you support the mandates?  Why do you think everyone needs to get the jab?|10159546944558904|Carey Closs|2022-02-02 23:53:50|1|1|10159545775268904|facebook
Those parties voted AGAINST the lying Trudeau why are you including them?|10159546290668904|Leslie Tee|2022-02-02 23:54:10|1|1|10159545775268904|facebook
that's government for you|10159546995543904|Vicki Baulch|2022-02-02 23:53:50|1|1|10159545775268904|facebook
So you're donating anonymously, then?  Sorry you can't buy newspapers now.|10159546278713904|Stephen Humphrey|2022-02-02 23:54:02|1|1|10159545775268904|facebook
Let them make sure to concentrate on the Libs, because they're the ones intent on disrupting the protest and causing trouble. What they don't realize is, that this protest is a protest for the freedom for ALL CANADIANS !!|10159546307003904|Glenda Maduro Mansur|2022-02-02 23:53:43|0|1|10159545775268904|facebook
You guys need to clear the streets and restore order, that’s what your paid to do.|10159546436623904|Blaine McDonald|2022-02-02 23:53:43|0|1|10159545775268904|facebook
because you don’t understand what freedom is and you sure don’t understand what oppression is. I pity your children being raised with a moral compass that is actually an anchor.|10159548919278904|Mary Dale|2022-02-02 23:53:50|1|1|10159545775268904|facebook
You think Canadians were behind the $10M... give your head a shake, the only freedom fks donating up here were deadbeats with no job.|10159545849108904|Brent Whiteside|2022-02-02 23:54:11|1|1|10159545775268904|facebook
go to youtube - ask the right questions - they are out there.|10159548266588904|Janice Gougeon|2022-02-02 23:53:46|1|1|10159545775268904|facebook
Carolyn Dawn look at freedom convoy 2022 fb page and convoy to Ottawa You will see the things your media doesn’t want you to see Or just go talk to some of people who went there|10159546814548904|Amy Elisa Boisjoli|2022-02-02 23:54:01|1|1|10159545775268904|facebook
It would be nice if the party was 100% behind him, but it's actually quite divided. And a lot of Cons can't pronounce his name, so there's that.|10159546016138904|Stephen Duke|2022-02-02 23:54:11|1|1|10159545775268904|facebook
Spencer... to funny|10159545940728904|Brent Whiteside|2022-02-02 23:54:11|1|1|10159545775268904|facebook
Diane-Colette Daigneault-Feld stein You are the extremist|10159546848003904|Samuel Gagnon|2022-02-02 23:53:46|1|1|10159545775268904|facebook
but cbc said it was the Russians.😄 https:// spencerfernando. com/2022/01/29/ send-in-the-clow ns-cbc-tries-cl aiming-russia-i s-behind-freedo m-convoy/|10159545899468904|Darrell J Delorey|2022-02-02 23:54:11|1|1|10159545775268904|facebook
pretty sure they're there to see no paramedics get blocked from emergency lanes & no one else dies on account of the protesters|10159548054113904|Carrol Curtis Tracey|2022-02-02 23:53:47|1|1|10159545775268904|facebook
Parties over Cheryl 🤣|10159545817218904|Brent Whiteside|2022-02-02 23:54:11|1|1|10159545775268904|facebook
Is pretty sure you watch CBC or CTV|10159548181523904|Kevin George|2022-02-02 23:53:47|1|1|10159545775268904|facebook
Sure you're not just broke after giving cash to GoFundMe?|10159546050478904|Stephen Humphrey|2022-02-02 23:54:02|1|1|10159545775268904|facebook
I hope Pierre Poilievre is the new Conservative leader. Strong, direct, no drama needed and he's young.|10159545828113904|Brent Whiteside|2022-02-02 23:54:11|1|1|10159545775268904|facebook
Just cuz you dont like or agree with the gov’t doesnt mean its intimidation. Many of us had to sit through Mulroney and Harper as they pillaged their way through the PM office. That “lock them up” crap is way too “trump” for me. You prefer that? Move to Alabama.|10159546553963904|Sue Ngary|2022-02-02 23:54:01|1|1|10159545775268904|facebook
I hope your right|10159545820558904|Brent Whiteside|2022-02-02 23:54:11|1|1|10159545775268904|facebook
yes your PM isn’t going to be leading much longer.|10159545818953904|Cheryl Allen|2022-02-02 23:54:11|1|1|10159545775268904|facebook
Who's paying the bill when a bunch of cops are used to start riots. Time the city put a more understanding chief in charge that would use his force to fight crime thats apparently rearing its head all over the city.Don't let the cheesy media provoke our police forces into riot situations.Mayb e go look for the Prime Minister who started this debacle with his loose lips and arrogant style of governing.Perso nally I have no use for so called Canadians (most are french) who attach themselves to a city waiting for gov't handouts EG:Cash for life gov't positions.Get out in the real world and taste the misery this PM has caused.|10159548059953904|Brooks Matthews|2022-02-02 23:53:43|0|1|10159545775268904|facebook
The lying liberals are the real fringe group|10159546036898904|Leslie Tee|2022-02-02 23:54:10|1|1|10159545775268904|facebook
Why don’t you try to govern? You will see how difficult it is nowadays.|10159550187193904|Danielle Emond|2022-02-09 23:53:50|1|1|10159545775268904|facebook
oh my dear...you REALLY don't get it!! However, if you are worried about your cell phone, you should think about the Wifi in your home, the fact you are on FB, probably GPS in your car, banking on line....open your mind sir!! Have you had to pay ANYTHING out of pocket for health care in Canada. However your level of comprehension is summed up by referring to Covid as the flu! And I still maintain your idea of freedom is thwarted by the fact you have not traveled or lived outside of Canada to fully comprehend what not having freedom means. It's time for you to wake up!!|10159548063423904|Linda Sartor|2022-02-02 23:53:51|1|1|10159545775268904|facebook
I corrected my spelling corrector.|10159545946573904|Jana Roudny|2022-02-02 23:54:01|1|1|10159545775268904|facebook
You should be supporting your country not the government that is trying to destroy it covid is controlled|10159548069418904|Deborah Sylvester|2022-02-02 23:53:43|0|1|10159545775268904|facebook
You're cutting and pasting a series of emotionally driven statements in an attempt to convince me the free press is the enemy of the people because they're not pamphleteering for your side.  Nice try.  Have life or something.|10159546366878904|Stephen Humphrey|2022-02-02 23:54:02|1|1|10159545775268904|facebook
That’s the best you can do? No constructive argument? Just call what I say as “stupid” and think you have won ? Have to try a little harder than that to get my respect.|10159548818048904|Michael Vandale|2022-02-02 23:53:51|1|1|10159545775268904|facebook
"My Jewish Grandmother from Hungary who had a café, told me if you see a Uniformed Nazi sit at a table who is then joined by three uniformed men, then you have a table of four Nazis. Be careful of the company you keep. You wouldn't want the Fake News Media to be right about all the ""fringy"" hangers-on joining your bandwagon."|10159545954528904|Stephen Duke|2022-02-02 23:54:01|1|1|10159545775268904|facebook
Its open information. Do a little research and reading. You know, take a break from your usual behaviour and become , uh, informed.|10159548294038904|Michael Vandale|2022-02-02 23:53:51|1|1|10159545775268904|facebook
really… and you don’t!!! Believing that the government is tracking us on our cell phones. 😂🤣😂. My God…. You should be living in the in United States and join QAnon. You’d fit in well there. 🤣😄😂|10159548279443904|Gloria Dawe Bruce|2022-02-02 23:53:51|1|1|10159545775268904|facebook
You have some serious reality problems.|10159548275128904|Michael Vandale|2022-02-02 23:53:51|1|1|10159545775268904|facebook
truth hurts doesn’t it. Stay safe … it’s a bad bad world out there you’re living in. 🤣😂|10159548272998904|Gloria Dawe Bruce|2022-02-02 23:53:51|1|1|10159545775268904|facebook
“Go live in the woods if you don’t like living in the real world” regarding unwanted surveillance by our government? Listen to yourself!! Get a grip!!|10159548270723904|Michael Vandale|2022-02-02 23:53:51|1|1|10159545775268904|facebook
boy ... you do live in an alternate reality... tracking us by our cell phones... ohhhh wow... that is scary!!! Go and live in the woods if you don't like living in the real world. And by the way...... vaccines work... they have been proven to work. NO VACCINE is 100% effective.. none ever was. They prevent against serious illness and hospitalization . I have my freedom... I have the freedom of choice.. I chose to get vaccinated so I could enjoy my freedom to go to movies, restaurants, gyms, etc. YOU sir... just don't the choice you made and now can't live with the consequences of that choice... nobody wants you around ... therefore you are denied entry to movies, restaurants, gyms... and you hate it ... so you are trying to make life difficult for those of us who made the RIGHT CHOICE!!!|10159548268823904|Gloria Dawe Bruce|2022-02-02 23:53:51|1|1|10159545775268904|facebook
what a stupid thing to say.|10159548265108904|Janice Gougeon|2022-02-02 23:53:51|1|1|10159545775268904|facebook
gotta use the race card in your comment-- typical bs. White Priviledge. Your ignorance and bias is so obvious.|10159550190688904|Ian Robinson|2022-02-09 23:53:50|1|1|10159545775268904|facebook
do you prefer a dictatorship ... move to Cuba|10159546045403904|Roxanne Mackenzie|2022-02-02 23:54:01|1|1|10159545775268904|facebook
Peter apparently you can't read... go back to that article and comprehend what is written. Just a suggestion|10159546123713904|Dianne Melnychuk|2022-02-02 23:54:04|1|1|10159545775268904|facebook
there are still people who have to work crappy retail and grocery, garbage disposal and such, who live in the core. Just like you or me. What about them?|10159546677128904|Lee Christianson|2022-02-02 23:53:51|1|1|10159545775268904|facebook
Cell phone tracking is the least of my worries? Don’t you think that’s an imposition on our freedom? Pocketful of cash for a healthcare system? Our system has been exposed for how poor it really is. One flu with a death rate of under .25 % and no one can get an operation. People leave daily to go the US for surgeries. At least they do them down there. Our national debt is over 1 trillion and building at an astronomical rate. Time for YOU to wake up.|10159548032998904|Michael Vandale|2022-02-02 23:53:51|1|1|10159545775268904|facebook
my my ignorance really is bliss!!!! Lol|10159548015293904|Linda Sartor|2022-02-02 23:53:51|1|1|10159545775268904|facebook
Literally 99% of truckers are doing their jobs today. This isn't a protest by truckers. This is a protest by a fringe group of people on the far right. No one cares what they think.|10159545868568904|Devon Kruggel|2022-02-02 23:53:44|0|1|10159545775268904|facebook
Speaking like a true communist comrade! You would love living in China!|10159546062743904|James Valhalla|2022-02-02 23:54:01|1|1|10159545775268904|facebook
yes i am biased towards fairness, justice and equality. The race card only exists because of the racism. Don’t like being called on it, then do something to stop the racism. Please advise me as to what specifically I am ignorant about. I certainly am aware of the very different treatment of POC. How could anyone miss it?|10159550199448904|Mary Dale|2022-02-09 23:53:50|1|1|10159545775268904|facebook
: They wouldn’t listen to him anyway!|10159546927068904|Elaine Foxgord|2022-02-02 23:53:51|1|1|10159545775268904|facebook
Ask Trudeau. Don’t look at me. He is your saviour. Just have to go find him right now 😉|10159546715498904|Michael Vandale|2022-02-02 23:53:51|1|1|10159545775268904|facebook
I'm not rich enough to even qualify|10159550321753904|Vicki Baulch|2022-02-09 23:53:50|1|1|10159545775268904|facebook
Hard to feel sorry for anyone in Ottawa. Everyone else in the country suffered but not the government workers.|10159546456083904|Michael Vandale|2022-02-02 23:53:43|0|1|10159545775268904|facebook
Since you're against reading newspapers you clearly like to pick and choose your own facts.|10159546338538904|Stephen Humphrey|2022-02-02 23:54:02|1|1|10159545775268904|facebook
I don't have a truck, if that's what you mean.|10159546372468904|Stephen Humphrey|2022-02-02 23:54:02|1|0|10159545775268904|facebook
Dear Globe and Mail….here is what your “fearless” leader admittedly supported. I will never pay one cent towards your paper after today. #bunkerboy  https:// twitter.com/ pedrog18885948/ status/ 1488222489478148 096?s=21|10159545823568904|Cheryl Allen|2022-02-02 23:53:43|0|0|10159545775268904|facebook
like I said…right fighter. You must be a treat to be a friend with.|10159546371113904|Cheryl Allen|2022-02-02 23:54:02|1|0|10159545775268904|facebook
actually I read facts. I don’t read narrative. How about you taking a peek behind the curtain to find truth and not what has been spoon fed to you. You might be shocked.|10159546335378904|Cheryl Allen|2022-02-02 23:54:02|1|0|10159545775268904|facebook
oh hey “bud”…clearly no one has updated you. In Nova Scotia, if you supported this gofundme, you could be charged. This is where our world is. No wonder there was so many anonymous donations. By the way, if you did any research, the Humbolt gofundme had similar issues with “hold”. You people need to start thinking for yourselves|10159546123808904|Cheryl Allen|2022-02-02 23:54:02|1|0|10159545775268904|facebook
what would be negotiated? The protest is an amorphous group. It would playing whack a mole at best.|10159546123248904|Matthew Smith|2022-02-02 23:54:04|1|0|10159545775268904|facebook
interesting you use the word fact and newspaper in one sentence. Guess you’re reflecting on the good ole days.  Papers, which are submitted and vetted by peers are ones where facts are derived. These papers aren’t a headline or an opinion. They contain footnotes and research. These can be challenged and backed with other evidence to support the claim. That’s how science works.  Newspapers, edit and provide you with a cut and paste format in order to draw your attention and entice you to purchase. If challenged, you can be censored or blocked.  Maybe one day you’ll understand what they both represent, but given your present state of needing to be right, I’ll let you believe you are.  Have a great day. Stay healthy. Cheers!|10159546350003904|Cheryl Allen|2022-02-02 23:54:02|1|0|10159545775268904|facebook
many of them are apparently armed, as well. One man was there from NS, and days later local police went to his home and found many illegal weapons. This is who's in Ottawa.|10159545946768904|Peter Austin|2022-02-02 23:54:04|1|0|10159545775268904|facebook
Both sides? There is only one group of people out there protesting. If they leave....|10159548291878904|Janice Gougeon|2022-02-02 23:54:03|1|0|10159545775268904|facebook
i’m remembering that scene in JFK when the FBI feigned arresting far right militia members. we’ll see if this is serious or they’re just “going through the motions”|10159546146958904|Sean Horne|2022-02-02 23:53:43|0|0|10159545775268904|facebook
yeah bust those old ladies who stand in the middle of residential streets and block blaring big rigs, just like tank guy in Tien An Minh…|10159551039678904|Tim Gorham|2022-02-09 23:54:03|1|0|10159545775268904|facebook
These “news” article’s are intended to prevent Canadians from attending the protests over the weekend.  It’s likely going to have little to no impact on dissuading those already planing to attend, but will likely increase attendance through focusing national/ international attention.  The Legacy Media’s collective reputations in Canada are bottoming out nationally, by continuously presenting political spin as factual news they have created a reverse effect, actually calling Canadians to protest in Ottawa to prove them wrong.  Great work bringing Canadians together Legacy Media’s.|10159545926623904|Randy Joy|2022-02-02 23:53:42|0|0|10159545775268904|facebook
"""I'm an English professor. I'm entitled to cast lofty judgments from my overstuffed armchair view of the unwashed lower class. Banish those cretins who deliver my educational accoutrements and weekly supply of Viagra"". 🙄 😀"|10159546390603904|Laurie Ann|2022-02-02 23:54:04|1|0|10159545775268904|facebook
good comeback goof|10159546980138904|Marcel Layes|2022-02-02 23:54:04|1|0|10159545775268904|facebook
If there is hate and intimidation, it will be directed at the truckers not by the truckers.|10159545943723904|Jason Cisna|2022-02-02 23:53:44|0|0|10159545775268904|facebook
So itll be an easy overtime shift?|10159545835308904|Willhelm Van Wheeler|2022-02-02 23:53:44|0|0|10159545775268904|facebook
It's long past time these anarchists be arrested for mischief, harassment, civil misconduct and illegal blockades. The soft approach failed, time for tough love.|10159546367913904|Colin Richardson|2022-02-02 23:53:44|0|0|10159545775268904|facebook
This is a peaceful protest!! So what is the need of extra force, unless lberals are plotting a violent PROVOCATION which, no doudt Justice will arrange sooner rather than later.? Stay united! An enormous part of Canada backs you all the way!!!.|10159548211793904|Grazyna Petela|2022-02-02 23:53:44|0|0|10159545775268904|facebook
People. Get it together. They must be adding stupidity to the water everywhere. Enough.|10159548185418904|Tracy Campbell|2022-02-02 23:53:44|0|0|10159545775268904|facebook
When will the media quit giving these politicians that are filled with rage and hate Air Time. This freedom convoy of truckers and many more concerned citizens are a very Peaceful group that want all restrictions lifted, no more mandates this is what these Canadians of every different race want. Freedom and we support the Freedom Convoy for canadians freedoms|10159548315233904|John Norbert|2022-02-02 23:53:44|0|0|10159545775268904|facebook
- Source?|10159545874888904|Devon Kruggel|2022-02-02 23:54:10|1|0|10159545775268904|facebook
you do not seem to understand Canadian politics, or the parliamentary system. Even though the PM did not get a majority of votes or seats, he was able to form government, and rules with the consent of the majority. I prefer democracy over rule by intimidation by special interests.|10159545911133904|James Turner|2022-02-02 23:54:10|1|0|10159545775268904|facebook
Could it be the same 32% of Canadians still butthurt they lost the last election?|10159545920688904|Michael Fohr|2022-02-02 23:54:10|1|0|10159545775268904|facebook
👍👍👍|10159546018208904|Nancy Zettel|2022-02-02 23:54:10|1|0|10159545775268904|facebook
32% is not mid|10159546284733904|Leslie Tee|2022-02-02 23:54:10|1|0|10159545775268904|facebook
pretty big police force there for such a small fringe minority|10159552991268904|Isabel Sander|2022-02-09 23:54:10|1|0|10159545775268904|facebook
the US intelligence that said there was WMD in Iraq?? That took how many years to find Binladden??? Nice Try|10159545824908904|Randy Gaunt|2022-02-02 23:54:11|1|0|10159545775268904|facebook
who ever it is has a financial crisis to resolve. They also have to sever ties doling out money to media to do their dirty work.|10159545833568904|Cheryl Allen|2022-02-02 23:54:11|1|0|10159545775268904|facebook
I hope he gets it, watched him lots during Question Period and he's got it. He's direct and to the point without the drama that the Tool had.|10159546033193904|Brent Whiteside|2022-02-02 23:54:11|1|0|10159545775268904|facebook
Are they going to protect the truckers from government harrassment?|10159546900058904|David Neil Brown|2022-02-02 23:53:44|0|0|10159545775268904|facebook
Good Finally they will arrest Justin Trudeau for his hate speech a divisive behaviour, Refusing to meet with Canadians means you refuse to lead the country step down coward!|10159548133393904|Hadi Feltham|2022-02-02 23:53:44|0|0|10159545775268904|facebook
I think they should lose their trucking license. Take their livelihood away since they don't seem to want to work anyway. I mean, they are taking livelihoods away from hundreds of people by just being there.|10159548298393904|Janice Gougeon|2022-02-02 23:54:09|1|0|10159545775268904|facebook
Really? And you are in Ottawa are you?|10159548485208904|Janice Gougeon|2022-02-02 23:54:08|1|0|10159545775268904|facebook
he is playing the longest game of hide and go seek ever Lol|10159545950888904|Amy Elisa Boisjoli|2022-02-02 23:54:07|1|0|10159545775268904|facebook
So they will be getting paid for doing nothing 🤷🏻‍♂️|10159546414343904|Emil Harba|2022-02-02 23:53:44|0|0|10159545775268904|facebook
one or two is hardly many|10159546998153904|Vicki Baulch|2022-02-02 23:54:04|1|0|10159545775268904|facebook
Ahh, the English professor deleted his supercilious comment about being an English professor and therefore being able to read gooder than the dummy-dum truck drivers. 👏 😝|10159548018728904|Laurie Ann|2022-02-02 23:54:04|1|0|10159545775268904|facebook
some would show up because they hate the government. Period. The Algonquins of Pikwakanagan First Nation have given a press release condemning it. I'd paste it here for you to read, but the G&M won't allow it. But it is their unceded land and there are some ceremonies being done that have not been given permission for. Like them trying to pass a peace pipe to one of the organizers. It's like when we see a POC at a Trump rally, it doesn't mean that Trump is supported by the black community.|10159548283958904|Janice Gougeon|2022-02-02 23:54:04|1|0|10159545775268904|facebook
The majority of Canadians are done with mandates. ( Angus Ried Poll) Try to keep up.|10159546078883904|Bruce R Collens|2022-02-02 23:54:04|1|0|10159545775268904|facebook
Gee, these protesters sure sound nice.|10159546092443904|Holly Greenberg|2022-02-02 23:53:44|0|0|10159545775268904|facebook
the news that we have is one sided . Why aren’t you calling on Trudeau who is supposed to be the leader to come out of hiding|10159548365948904|Frances Caputo|2022-02-02 23:54:05|1|0|10159545775268904|facebook
|10159548373353904|Frances Caputo|2022-02-02 23:54:05|1|0|10159545775268904|facebook
why do the residents and businesses in the area say differently?|10159545998148904|Stephen Duke|2022-02-02 23:54:06|1|0|10159545775268904|facebook
Utter nonsense.|10159545876408904|William OW Perry|2022-02-02 23:54:07|1|0|10159545775268904|facebook
what are you smoking?|10159546011918904|Robin Logan|2022-02-02 23:54:06|1|0|10159545775268904|facebook
you do realize every mandate you seem to angry about is provincial. You also understand there was an election in September and the issues you raised were voted on then. So why are really supporting this?|10159546013193904|Matthew Smith|2022-02-02 23:54:06|1|0|10159545775268904|facebook
you do realize that the mandates are provincial. The feds were the ones that gave you CERB, that I am sure you took advantage of. Maybe someone could give the truckers a map to Queens Park. The Toronto cops would know how to handle them, that is for sure. Remember G7?|10159548270163904|Janice Gougeon|2022-02-02 23:54:06|1|0|10159545775268904|facebook
I thought the police chief said none of this was happening?|10159548085953904|Philip Standard|2022-02-02 23:53:44|0|0|10159545775268904|facebook
Wow. 150 officers surging to take care of four or five people good to know....that's a great ratio.....not🤦‍♂️|10159546374168904|Daniel O'Keefe|2022-02-02 23:53:44|0|0|10159545775268904|facebook
Provinces follow federal mandates. If they didn't the left would just lose it. The border mandate is federal. Perhaps Sparklesocks could poke his head out of his burrow and start a dialog. Show some leadership|10159548467568904|Larry Aelterman|2022-02-02 23:54:07|1|0|10159545775268904|facebook
Question Period yesterday said Harrington Lake.|10159545864938904|Gee Fore Allen|2022-02-02 23:54:07|1|0|10159545775268904|facebook
talk to Anthony then, he's the one you're responding to.|10159547100888904|Robin Hardement|2022-02-02 23:54:01|1|0|10159545775268904|facebook
So. Does this mean the officers are going to stop bringing them coffee?  Also, why don't they just ticket and tow them? They have no permit.|10159545892343904|Karen Jutzi|2022-02-02 23:53:43|0|0|10159545775268904|facebook
it just helps to see two sides is all I am saying but do whatever you would like I mean no disrespect at all|10159546959878904|Amy Elisa Boisjoli|2022-02-02 23:54:01|1|0|10159545775268904|facebook
: … and, of course, everything on the “Freedom Convoy 2022 page” is bound to be totally unbiased! 😵‍💫|10159546947028904|Elaine Foxgord|2022-02-02 23:54:01|1|0|10159545775268904|facebook
you specifically commented the people demonstrating in Ottawa was a symbol of White Priviledge. Since when is exercising your legal rt to assemble and protest a symbol of White Priviledge?|10159550204518904|Ian Robinson|2022-02-09 23:53:50|1|0|10159545775268904|facebook
This is a problem when people don’t know how to communicate without injecting anger into it. Doesn’t resolve anything and just creates more division.|10159550340723904|Roberta Hall|2022-02-09 23:53:50|1|0|10159545775268904|facebook
You don’t need to be rich. Be educated, very hard working , and have leadership qualities and a desire to work for the public good is all that is required.|10159550457103904|Danielle Emond|2022-02-09 23:53:50|1|0|10159545775268904|facebook
That’s not leadership.|10159547726868904|Michael Vandale|2022-02-02 23:53:51|1|0|10159545775268904|facebook
Tracking us by our cell phones? You don’t have a problem with that? Since when do the vaccines work? You can still get Covid . This has been all about control from the onset. Canada is not a free place anymore.|10159547728918904|Michael Vandale|2022-02-02 23:53:51|1|0|10159545775268904|facebook
Control??? Lol...oh honey you've been watched and controlled LONG before Covid !!! Cell phone tracking is the least of your worries!! Lol  If Canada is not a free place to live in anymore..1) you obviously have not traveled outside of Canada 2) you can leave and go find your Shangri-la. Make sure you have your pockets full of cash to pay for health care and other benefits!!!|10159548014038904|Linda Sartor|2022-02-02 23:53:51|1|0|10159545775268904|facebook
Stupid.|10159548027858904|Jan Carmichael|2022-02-02 23:53:51|1|0|10159545775268904|facebook
So being tracked by a multitude of other means makes it better? Pay out of my pocket for health care? It’s called TAXES! How do you think it’s paid? Obviously a Liberal shill . Look in the mirror. YOU are the provincial one, darling 😉|10159548067753904|Michael Vandale|2022-02-02 23:53:51|1|0|10159545775268904|facebook
No it's not better I am just adding to your being tracked by your cell phone. If you lived in any other country than Canada you WOULD pay taxes PLUS pay out of pocket for the free health care you are provided in Canada. I am a Canadian living in Europe for a period of time and as a Canadian we are very lucky to live in Canada. Every country has it's problems and Canada does too. However, freedom and Canada are synonymous. A Liberal shill....actual ly no I'm not but you can hold that thought if it helps.|10159548183298904|Linda Sartor|2022-02-02 23:53:51|1|0|10159545775268904|facebook
IF you think that YOU are informed with your craziness... then NO THANKS.... I would rather be uninformed from that kind of nonsense!!|10159548560983904|Gloria Dawe Bruce|2022-02-02 23:53:51|1|0|10159545775268904|facebook
Shea Doyle no he can’t think of them. The “protestors” and supporters think that their inconvenience outweighs people’s health, safety and financial security. Terrorizing private citizens over public health issues is hardly about freedom. Sad|10159548813003904|Mary Dale|2022-02-02 23:53:51|1|0|10159545775268904|facebook
At least the government workers have jobs. The Liberals destroyed small businesses.|10159549825398904|Michael Vandale|2022-02-09 23:53:51|1|0|10159545775268904|facebook
I wonder how many of these protesters enjoyed their CERB? The mandates are provincial, they should be at Queens Park.|10159548256363904|Janice Gougeon|2022-02-02 23:53:52|1|0|10159545775268904|facebook
your profile pic tells us everything we need to know about you 🙄|10159548525873904|Jill Pollard Field|2022-02-02 23:53:52|1|0|10159545775268904|facebook
I also thought people would need at least a building permit to construct a building on the street. I think there is a lot of illegal protesting going on.|10159545943013904|Vivian Moore|2022-02-02 23:53:53|1|0|10159545775268904|facebook
👍👍👍👍|10159546017483904|Nancy Zettel|2022-02-02 23:53:53|1|0|10159545775268904|facebook
phone JT|10159546055803904|Leanne Faye Torio|2022-02-02 23:53:53|1|0|10159545775268904|facebook
everytime one of you clowns ignorantly compares not being vaccinated to drunk driving is absolutely hilarious.|10159546228263904|Cory Whitehead|2022-02-02 23:53:53|1|0|10159545775268904|facebook
If this was a BLM protest you wouldn't utter a peep!|10159546258663904|Michael Carley|2022-02-02 23:53:53|1|0|10159545775268904|facebook
your sooo right , I’m also one .|10159546498098904|Bertrand ST-Amand|2022-02-02 23:53:53|1|0|10159545775268904|facebook
no clue what your talking about|10159547258783904|Amy Elisa Boisjoli|2022-02-02 23:53:53|1|0|10159545775268904|facebook
Stupid comment.|10159550186098904|Danielle Emond|2022-02-09 23:53:50|1|0|10159545775268904|facebook
freedom by holding citizens hostage? How are their freedoms more important than others? Mike Harris authorized use of force when indigenous protestors blocked a provincial park. And one was killed. Apparently provincial parks are more important than people’s health, safety and finances. These people are not protecting my freedom. That is for sure. They are an embarrassment. White privilege in action.|10159548827103904|Mary Dale|2022-02-02 23:53:50|1|0|10159545775268904|facebook
funny. I’ve lost work because of it. My work place is right in the middle of the protest area. You think I’m the only one? My client had a frozen pipe which burst. I couldn’t get there. They lost everything. Try again Friken dummy|10159548172758904|Bill Vail|2022-02-02 23:53:50|1|0|10159545775268904|facebook
ok it's one thing to say they a hospital thing setup but they can not get to people that are hurt. I no they have a skin ambulance thing but that even takes time to get through the people breaking the law. Yes breaking the law. You can have a protest but can not be blocking cars from moving|10159548825848904|Chris Weber|2022-02-02 23:53:47|1|0|10159545775268904|facebook
Time the police chief stepped down. He has shown himself to be completely incompetent when preparing for and dealing with the blockade. The residents of Ottawa deserve better!|10159546399013904|Peter Spearman|2022-02-02 23:53:42|0|0|10159545775268904|facebook
There is no limits to your lies.|10159545891688904|Jana Roudny|2022-02-02 23:53:42|0|0|10159545775268904|facebook
check out freedomconvoy on Instagram for live footage!|10159552988488904|Isabel Sander|2022-02-09 23:53:46|1|0|10159545775268904|facebook
will search again. Am happy it will go to court to sort out this mess of wildly conflicting claims|10159553014678904|Tina Knott|2022-02-09 23:53:46|1|0|10159545775268904|facebook
Not good enough, get them all out!|10159545893043904|Diane-Colette Daigneault-Feldstein|2022-02-02 23:53:42|0|0|10159545775268904|facebook
sure|10159547859158904|Diane-Colette Daigneault-Feldstein|2022-02-02 23:53:46|1|0|10159545775268904|facebook
What if it is not a protest at all? What if it is an unwelcome squatter, breaking silence the bylaws and ordinances, harassing and terrorizing neighbours and refusing to leave?|10159547714688904|Jaqutina Lynch|2022-02-02 23:53:47|1|0|10159545775268904|facebook
in Ottawa.. They set it up so that Emergency can get to the hospital safely.. You would know this if you watched the dozens of live steams that's showing how peaceful it actual is.|10159548260603904|Brad Beaton|2022-02-02 23:53:47|1|0|10159545775268904|facebook
but people who live there are being harassed, businesses closed down and workers harassed. You saying they are lying? If this was indigenous people actually peacefully protesting real human rights infringement, this would have been shut down long ago. Holding people hostage is a funny way to demonstrate a love of freedom. Individual rights never trump the collective good. That is called selfishness. I hate mandates but if that is what needs to be done, then I will do it. Any sympathy for this convoy is gone. No one person’s freedom is greater than another’s.|10159548820153904|Mary Dale|2022-02-02 23:53:47|1|0|10159545775268904|facebook
For the mob of gullible alarmists, just saying it is enough to send them into a lather.|10159549053398904|Brian J Anderson|2022-02-02 23:53:47|1|0|10159545775268904|facebook
i’ve been answering that pretty much in every response. Our charter of rights is all based on the idea of the greater good. All of our rights have rules and in this case public health rules for the greater good when it’s in the best interest of the majority and in this case 84%. The question is why shouldn’t you have to get the vaccine? Why should I have to pay for those that aren’t vaccinated healthcare cost, why should healthcare workers care for people that will not care for them selves, why should others be at risk for your choices, I Can go on if you like…..|10159546997043904|Kevin Sampson|2022-02-02 23:53:50|1|0|10159545775268904|facebook
except the person died, right? First hand, from the Paramedic though, eh?|10159549106463904|Carrol Curtis Tracey|2022-02-02 23:53:47|1|0|10159545775268904|facebook
Good !!! Because it won't be members of the Convoy they will be dealing with.|10159546141493904|Fern L. McCoy|2022-02-02 23:53:43|0|0|10159545775268904|facebook
they’re paid to stand up for rights of Canadians and do the right thing. Not blindly follow totalitarian orders. Get a grip|10159552989758904|Isabel Sander|2022-02-09 23:53:48|1|0|10159545775268904|facebook
Ridiculous.|10159550184643904|Danielle Emond|2022-02-09 23:53:49|1|0|10159545775268904|facebook
so in other words they will be doing nothing|10159545986353904|Chris Urban|2022-02-02 23:53:43|0|0|10159545775268904|facebook
Yes the troublemaking locals need to be disciplined.|10159546358698904|Laurie Ann|2022-02-02 23:53:50|1|0|10159545775268904|facebook
you have a great leader,maybe check out what the rest of the world news,they are telling it how it is.|10159546388218904|John Marche|2022-02-02 23:53:50|1|0|10159545775268904|facebook
I would not blame him for not meeting with the truckers. Unlike the new temporary conservative leader who supports them and says “there are good people there and some not so good”. Sound samiliar|10159546889963904|Teya Shearing|2022-02-09 23:53:50|1|0|10159545775268904|facebook
nice try. In other words you support people losing their jobs and being cut out of society if they don’t get it.|10159546964343904|Carey Closs|2022-02-02 23:53:50|1|0|10159545775268904|facebook
yes, and blocking an ambulance, from emergency lane, resulting in death|10159548055753904|Carrol Curtis Tracey|2022-02-02 23:53:53|1|0|10159545775268904|facebook
wow.. That sounds like a typical city.. I bet there is no such thing as traffic in Toronto|10159548266618904|Brad Beaton|2022-02-02 23:53:53|1|0|10159545775268904|facebook
OK KAREN..|10159548269858904|Theo Groenevelt|2022-02-02 23:53:53|1|0|10159545775268904|facebook
you are intimidated easily. What are you a snowflake?|10159545910268904|Stephen Duke|2022-02-02 23:54:01|1|0|10159545775268904|facebook
|10159546318413904|Bill McCann|2022-02-02 23:53:59|1|0|10159545775268904|facebook
that hate speach|10159546394273904|Aubrey Clay|2022-02-02 23:53:59|1|0|10159545775268904|facebook
Ya...dumbfucks have notoriously hard heads.|10159546672963904|Paul Fornasier|2022-02-02 23:53:59|1|0|10159545775268904|facebook
lenin,castro and mao would love you!|10159546907363904|David Neil Brown|2022-02-02 23:53:59|1|0|10159545775268904|facebook
Ya...that's the kind of response one uses when your head is stuck up your nether regions. That's a permanent disability, isn't it?|10159546675533904|Paul Fornasier|2022-02-02 23:54:00|1|0|10159545775268904|facebook
you're the one offering beds, bud. I'll leave it to you to get friendly.🙄|10159546736773904|Christa Forsythe|2022-02-02 23:54:00|1|0|10159545775268904|facebook
good. Maybe it is that regular citizens fight back. These morons did enough. Especially when a lot of them are stupid Trump and gun supporters.|10159547099458904|Maria CT|2022-02-02 23:54:00|1|0|10159545775268904|facebook
Ted S Ptak let me guess, you're a covidiot conspiracy theorist, holocaust denying, confederate flag flying freedom fighter? Have you ever served your country given all that bravado?|10159545904758904|Stephen Duke|2022-02-02 23:54:01|1|0|10159545775268904|facebook
Keith Bouwmeester or if we had better education so people could get the verb-tense agreement right.|10159545909413904|Stephen Duke|2022-02-02 23:54:01|1|0|10159545775268904|facebook
, we do all the time.🤷🏼‍♂️|10159545913683904|Chad Giroux|2022-02-02 23:54:01|1|0|10159545775268904|facebook
Promoting violence ? Looking for new clients for your funeral business?|10159546274913904|Ian Robinson|2022-02-02 23:53:59|1|0|10159545775268904|facebook
I looked them up and as far as I can see … they’re still the government. Elected by the people. Do you want to live in a country where people roaming the streets 24/7 making peoples lives hell … dictate policy? . Because be careful. Today it might be you and you go … hurray ! Tomorrow it might somebody completely different. And you won’t have a leg to stand on.|10159545918328904|Anthony Fornasier|2022-02-02 23:54:01|1|0|10159545775268904|facebook
Velma Ann prove it.|10159545929853904|Paul Nieuwland|2022-02-02 23:54:01|1|0|10159545775268904|facebook
If you meant LOCK them up, then you must realize this encourages sedition. A coup in a democratic country would be defended quite vigorously. And, coups are rarely sustainable in otherwise democratic countries.|10159545946813904|Stephen Duke|2022-02-02 23:54:01|1|0|10159545775268904|facebook
👍👍👍👍|10159546017063904|Nancy Zettel|2022-02-02 23:54:01|1|0|10159545775268904|facebook
there are no thugs roaming the streets in Ottawa let’s make that very clear my dear|10159546103128904|Roxanne Mackenzie|2022-02-02 23:54:01|1|0|10159545775268904|facebook
works both ways dude|10159546238038904|Manny Ribeiro|2022-02-02 23:54:01|1|0|10159545775268904|facebook
A true vaccine gives you a life long immunity from a virus. Something the Covid shots don't.|10159546270168904|Matt Miller|2022-02-02 23:54:01|1|0|10159545775268904|facebook
thats what true dope does|10159546395073904|Aubrey Clay|2022-02-02 23:54:01|1|0|10159545775268904|facebook
Carolyn Dawn exactly|10159546813423904|Amy Elisa Boisjoli|2022-02-02 23:54:01|1|0|10159545775268904|facebook
unglued, suggested you invest in a couple rolls of Ductape..|10159546312143904|Bill McCann|2022-02-02 23:53:59|1|0|10159545775268904|facebook
thats OK, I can see that hypocritically you are just as disappointed as Justin!|10159545978483904|Ken Baird|2022-02-02 23:53:59|1|0|10159545775268904|facebook
all baloney|10159546035138904|Leslie Tee|2022-02-02 23:53:54|1|0|10159545775268904|facebook
no it is only terrorism when indigenous people peacefully protest. Right? Then you bring the big guns in. White guys can conduct a siege and it’s hands off. 🤦‍♀️|10159548833858904|Mary Dale|2022-02-02 23:53:56|1|0|10159545775268904|facebook
i love my leader. You have problem screw you.|10159547104943904|Maria CT|2022-02-02 23:53:55|1|0|10159545775268904|facebook
maybe you took classes from Trump and gun supporters. No wonder your brain does not function. Typical white old fart mentality.|10159547108458904|Maria CT|2022-02-02 23:53:55|1|0|10159545775268904|facebook
you are simply jealous of him and all you are trying to do is spewing lies about him. Shame on you.|10159547122763904|Maria CT|2022-02-02 23:53:55|1|0|10159545775268904|facebook
haha-- love it. But explain what my kids have to do with Blackface?|10159547177283904|Ian Robinson|2022-02-02 23:53:55|1|0|10159545775268904|facebook
there is ZEERO Honking from 11:00 PM to 7:AM...Capisce. ??|10159548270873904|Theo Groenevelt|2022-02-02 23:53:55|1|0|10159545775268904|facebook
THAT is the most IGNORANT comment Ive yet seen on this issue.|10159548271238904|Theo Groenevelt|2022-02-02 23:53:55|1|0|10159545775268904|facebook
and they'll spend most of their time targeting counter protestors instead of the actual violence 🙄|10159549076513904|Brent Holmes|2022-02-02 23:53:43|0|0|10159545775268904|facebook
"""life-saving vaccines""... 😂🤣😅 from Pfizer...  https:// abcnews.go.com/ Business/ pfizer-fined-23- billion-illegal -marketing-off- label/ story?id=8477617"|10159546857938904|Danielle René|2022-02-02 23:53:56|1|0|10159545775268904|facebook
"If Pfizer was an individual, he'd be in jail for life or on death row in some states... When pharma kills, they just get ""fines"" that they recoup by selling you more crap that bring them outrageous profits regardless to what the science says... and when the word ""emergency use vaccine"" is written on the vials, it's the golden goose of liability-free profits for them, so no lawsuits from disgruntled human guinea pigs... a win-win-win for the vaccine makers..."|10159546870033904|Danielle René|2022-02-02 23:53:56|1|0|10159545775268904|facebook
or better yet don’t pass GO and directly to jail for his crimes against Canadians|10159545834068904|Mj Daggett|2022-02-02 23:53:56|1|0|10159545775268904|facebook
Gonna cry?|10159545947578904|Bonnie Cull|2022-02-02 23:53:59|1|0|10159545775268904|facebook
he's still working.  The people in this protest, however........ .|10159545875673904|Sarah Bartlett|2022-02-02 23:53:56|1|0|10159545775268904|facebook
Getting kinda cranky grandpa, maybe hit the bong and relax a little.|10159545995713904|Carey Closs|2022-02-02 23:53:56|1|0|10159545775268904|facebook
It's not that Amazing. Outside of this protest, Canadians are probably the most apathetic people on the planet.|10159546148878904|Mateusz Wesołowski|2022-02-02 23:53:56|1|0|10159545775268904|facebook
It was a virtual meeting. He wasn't there. He's still hiding out.|10159546166098904|Linda Nichol|2022-02-02 23:53:56|1|0|10159545775268904|facebook
sorry, did someone give you the mistaken impression you're allowed to talk to me? 🤨|10159547845388904|Sarah Bartlett|2022-02-02 23:53:56|1|0|10159545775268904|facebook
OK KAREN...|10159548273253904|Theo Groenevelt|2022-02-02 23:53:57|1|0|10159545775268904|facebook
Too bad they aren't so committed to protecting our freedoms.|10159546280303904|Dan Milo|2022-02-02 23:53:42|0|0|10159545775268904|facebook
they’re actually full of people who have been brainwashed to be so scared of Covid that they don’t even need to be there with their slight cough and runny nose. That’s the majority of them.|10159548392353904|Aaronius Maximus|2022-02-02 23:53:58|1|0|10159545775268904|facebook
Mace and tasers|10159545878853904|Bonnie Cull|2022-02-02 23:53:59|1|0|10159545775268904|facebook
Why don't you are the video he put out actually saying it's been quite peaceful?|10159546015868904|Connie Arruda|2022-02-02 23:53:44|0|0|10159545775268904|facebook
