﻿comment|comment_ids|username|datetime|isreply|num_replies|post_id|label
Just stop it Globe and Mail. Your corruption and political pandering are way too obvious. Give it up already with your elitist attempts to smear the Truckers. It's not a good look.|10159530571163904|Alex Baird|2022-02-02 21:30:31|0|9|10159530471933904|facebook
People have a right to protest. Unfortunately, in events like these, there are often troublemakers that get mixed up with those who wanted a peaceful demonstration. Hopefully that won't happen in that case...|10159530498988904|Nicole Pominville|2022-02-02 21:30:31|0|8|10159530471933904|facebook
Now the truckers will go to Ottawa, jam the traffic around Parliament Hill, and then what? Do they really expect the government to back down when the majority of Canadians agree with these mandates, and when 90% of the truckers has gotten the jab? It is hard to understand what is the end game here... also .wonder who is financing this, in particular the thousands of litres of gas and diesel used (they still will have to return home) and the lost wages|10159530537288904|Jorge José Neves|2022-02-02 21:30:35|0|7|10159530471933904|facebook
"also from a trucker:  -the convoy is a bunch of anti-vaxxers -the Canadian Trucking Alliance has all the facts and reports and did a bunch of surveys -vaccines=work, so get the vaccine -the convoy has every intention of blocking things and causing disruption -the event organizer has no formal plans with what to do with the money. That's why GoFundMe has not released the funds.  See? Get some real proof. It's easy to just type stuff and say it came from ""truckers"""|10159531108583904|Nick Adams|2022-02-02 21:30:44|1|5|10159530471933904|facebook
that is NOT what most of the serious truckers or their wives have been saying. Wake up.|10159530697263904|JP Petryshyn Holm|2022-02-02 21:30:42|1|5|10159530471933904|facebook
CBC does count because they are accredited. Nice try.|10159530641218904|Nick Adams|2022-02-02 21:30:44|1|5|10159530471933904|facebook
Watch JT and the gang infiltrate the Freedom convoy to start violence. JT keeps spewing hatred towards Canadians wanting a democratic country.|10159530526438904|Grace Siglos|2022-02-02 21:30:34|0|5|10159530471933904|facebook
As ambulances, funeral processions, people coming home from chemotherapy, all sit in line on the road behind them|10159531000603904|Gillian Slainte-Mhath|2022-02-02 21:30:34|0|4|10159530471933904|facebook
The truckers have said over and over they aren't going to be violent. Why would you make it sound like they are?|10159530569218904|Valorie York|2022-02-02 21:30:35|0|4|10159530471933904|facebook
trudope you are talking of|10159530623988904|Bill Stenner|2022-02-02 21:30:57|1|4|10159530471933904|facebook
Hard to predict. Two US based news agencies and not MSM ones have put the number to over a million headed to Ottawa.|10159530488618904|Dave Gattinger|2022-02-02 21:30:34|0|4|10159530471933904|facebook
Please don't be like the USA, peaceful protest please|10159530485828904|Sherry Saunders|2022-02-02 21:30:31|0|4|10159530471933904|facebook
Elysse Love Tutton LOL taking endless jab without knowing what's in it is call stupidity. Were anyone of you warned that the efficacy will fall off within months, were any of you warned that you'll still get covid, were any of you warned boosters shots will be needed within months. Were any of you asked to see the label it actually still says FOR EMERGENCY USES ONLY. If you are already protected and not afraid why are you forcing the rest to take them? Is like in a rainy day you are protected safe and dry inside but you worry the people outside will get you wet? And your life cannot move forward until the people outside get a jab? The vaccine sure make people more stupid.|10159530593858904|Sam Wong|2022-02-02 21:31:03|1|3|10159530471933904|facebook
where’s your sources? CBC doesn’t count.|10159530640398904|Carol Gammel|2022-02-02 21:30:44|1|3|10159530471933904|facebook
I am cheering no one, I just don't think this convoy will change anything besides being an opportunity for opportunistic failed politicians like Bernier|10159531066903904|Jorge José Neves|2022-02-02 21:31:03|1|3|10159530471933904|facebook
do you really believe he'll drop vaccine mandates at borders? also, the US has the same mandate, so even if he did, what would it help? I'm genuinely just trying to understand the desired outcome. what does success look like?|10159531206543904|Sagal Lina|2022-02-02 21:30:47|1|3|10159530471933904|facebook
Who else are you doing?|10159532318148904|Larry Aelterman|2022-02-02 21:30:38|1|3|10159530471933904|facebook
it may be 300 when the American trucks join|10159530529178904|Valia Petrov|2022-02-02 21:30:58|1|3|10159530471933904|facebook
maybe a few hundred. Million??? Delirious…..|10159530619273904|Craig Sandford|2022-02-02 21:30:39|1|3|10159530471933904|facebook
I can tell you’re In denial! Must be a liberal and not supportive of this movement! It’s ok you’re entitled to your opinion!|10159530623563904|Sharon Sharpe-Titus|2022-02-02 21:30:39|1|3|10159530471933904|facebook
"I could care less, I'm indigenous and you're all on Stolen Land😂 Where's my ""freedom""?"|10159530591363904|Robert Robinson|2022-02-02 21:30:56|1|3|10159530471933904|facebook
Just think what could have gone wrong if we had guns laws like the US|10159530645708904|Blaine McDonald|2022-02-02 21:30:34|0|3|10159530471933904|facebook
What a waste of resources!|10159530613758904|Jean Parrott Christie|2022-02-02 21:30:31|0|3|10159530471933904|facebook
What is the end game? They are going to drive to Ottawa, arrive on a weekend when no one is around (if you’ve been to Ottawa, you know what I mean) and just sit there while all government workers are at home? Sounds fairly anti-climactic to me. All they will be doing is wasting time and money and annoying the crap out of the citizens of Ottawa. Lmao, well thought out plan. Good job, truckers!|10159530576598904|Fi Glennanne|2022-02-02 21:30:34|0|3|10159530471933904|facebook
wake up!|10159531502808904|Valia Petrov|2022-02-02 21:30:58|1|3|10159530471933904|facebook
This convoy is supposed to be about the truckers who are not vaxxed which I can understand their point but then…the anti-vaxxers, anti-maskers jumped in for a fun time. One big excuse to party on the road.|10159530623458904|JP Petryshyn Holm|2022-02-02 21:30:31|0|2|10159530471933904|facebook
I guess you’re not paying attention but the convoy is to stop all mandates and freedom for the people|10159530694223904|Kathleen Baylis|2022-02-02 21:30:42|1|2|10159530471933904|facebook
any violence will instigated by the authorities|10159530569348904|John Theobald|2022-02-02 21:30:31|0|2|10159530471933904|facebook
No, the entire convoy is to end all mandates for all Canadians, truckers or not. That was always their mission.|10159530730513904|Justin Leigh|2022-02-02 21:30:42|1|2|10159530471933904|facebook
All the truckers who can’t get work in a boom market.|10159530584248904|Derek van Dassen|2022-02-02 21:30:31|0|2|10159530471933904|facebook
We are not violent. The things this government has done to our country is violent. They have made it so hard to pay our Bill's and Mortgages/ rent. Food has doubled in the last three yrs. The financial and emotional abuse I have faced from the Canadian government is criminal!!!! Why aren't you reporting that? I haven't watched the news in yrs because media is in cahoots with the government. Again we are not violent. We want our country back for the sake of future generations to come xoxo|10159531138523904|Hart Jodie|2022-02-02 21:30:31|0|2|10159530471933904|facebook
yes, it is. I didn't.|10159531506938904|Maureen Eede|2022-02-02 21:30:45|1|2|10159530471933904|facebook
1000$/ for fuel 1000$ for bail 1000 to get truck out of impound 1000$ to drive back hahaahahha|10159530581298904|Peter Kubusch|2022-02-02 21:30:34|0|2|10159530471933904|facebook
If the truckers just grew up and got vaccinated there would be no problem .|10159530618448904|Anthony Balogh|2022-02-02 21:30:46|1|2|10159530471933904|facebook
informed consent is part of Canadian law when it comes to medical treatment. There can be no consent when there is coercion.|10159531110478904|Alex Baird|2022-02-02 21:30:46|1|2|10159530471933904|facebook
asked trudeau to be accountable for billions of our money?|10159531089198904|Dave Thomas|2022-02-02 21:30:39|1|2|10159530471933904|facebook
the hope is that the senate arms committee will sign a cease and desist letter which would immediately halt vax passes, mask mandates, and vax mandates. With enough people there the pressure will force them into action!|10159531338648904|Ashley Ross|2022-02-02 21:30:47|1|2|10159530471933904|facebook
thank you for spelling that out. I disagree with you and don't think that will happen, but can understand where you're coming from.|10159531418078904|Sagal Lina|2022-02-02 21:30:47|1|2|10159530471933904|facebook
the truckers have said it will be peaceful ...it will be any of the opposition movements that may show up that they are concerned with meaning RCMP|10159530489688904|Darlene Brooks|2022-02-02 21:30:49|1|2|10159530471933904|facebook
it was in french only. Talking to his french base|10159530685353904|Kathleen Baylis|2022-02-02 21:30:59|1|2|10159530471933904|facebook
The PM spoke today. Sock puppets are finally out of the closet & the smear campaign has begun.|10159530490573904|John Hughes|2022-02-02 21:30:34|0|2|10159530471933904|facebook
70 km of trucks...maybe 100x70=7000...n ot 1 million.|10159531394728904|Brian David Lupton|2022-02-02 21:30:58|1|2|10159530471933904|facebook
you speaking from experience?|10159530636138904|Ian Robinson|2022-02-02 21:30:52|1|2|10159530471933904|facebook
Remember, if you storm parliament, make sure your phones are completely charged and you get lots of pics and videos! I would suggest live streaming all the action to your Facebook. I sure hope someone has a Buffalo hat 🤣|10159531000083904|Matt Vokey|2022-02-02 21:30:34|0|2|10159530471933904|facebook
The only violence is trudeau and his hate speech. No violence. Simply peaceful protest.|10159530535613904|Yann LeMadec|2022-02-02 21:30:34|0|2|10159530471933904|facebook
jeez, love the fear factor huh|10159530572353904|Ruth Meeker-Stamp|2022-02-02 21:30:56|1|2|10159530471933904|facebook
Trudo is self isolating know that convoy is on the way claiming he was exposed to Covid! He’s terrified|10159531234068904|Chris Urban|2022-02-02 21:30:31|0|2|10159530471933904|facebook
Keep cheering for your Liberal team. You will be on the wrong side of history!|10159530949028904|Mark Vasko|2022-02-02 21:30:55|1|2|10159530471933904|facebook
Antifa crawled out of the sewers dressed in black and proceeded to cause havoc.|10159530573468904|Kathy Atkin|2022-02-02 21:30:37|1|2|10159530471933904|facebook
stupid question.|10159530579673904|Kathy Atkin|2022-02-02 21:30:37|1|2|10159530471933904|facebook
roflmao|10159530591388904|Teya Shearing|2022-02-02 21:30:37|1|2|10159530471933904|facebook
TODAY IN THE USA OSHA HAS CANCELED MANDATES AFTER THE USA SUPREME COURT HAS RULED AGAINST PRESIDENT BIDEN'S MANDATES.|10159530738218904|Marilyn Templeton|2022-02-02 21:31:05|1|1|10159530471933904|facebook
Trudeau will look for anything they can use against them.|10159530488203904|Robert Bonnie|2022-02-02 21:30:31|0|1|10159530471933904|facebook
Antifa and BLM can send their criminal troublemakers to provoke and then blame the truckers.|10159531032173904|Anna Golodina|2022-02-02 21:30:37|1|1|10159530471933904|facebook
Bla bla bla get vaccinated instead|10159531085018904|Linda Morneau|2022-02-02 21:30:31|0|1|10159530471933904|facebook
So did the US government mandate you to get the shot or lose your job?|10159531577143904|Lyn Squires|2022-02-02 21:30:47|1|1|10159530471933904|facebook
This is a planned peaceful protest to oppose government mandates and get our freedom back. If any violence occurs, it would be from paid Antifa or BLM activists, not these peaceful truckers! Keep trucking for everyone’s freedom!|10159531425623904|Debbie Franklin|2022-02-02 21:30:31|0|1|10159530471933904|facebook
Heaven forbid one breaks ranks and escorts them thru town, cruiser lights flashing to make way…|10159530490063904|Joseph Kowtook|2022-02-02 21:30:34|0|1|10159530471933904|facebook
Happiness is achieved when your aim and desires in life are determined. Still doubting the efficiency of my word? Give it a try and have the satisfaction you can obtain for yourself. I gave it a try and I can boldly stand and tell everyone you are the best Phil Mathias|10159530532408904|Ruthty Love|2022-02-02 21:30:48|1|1|10159530471933904|facebook
your use of JT screams you can't spell Trudeau. Hahahaha|10159530568693904|Murray Purvis|2022-02-02 21:31:00|1|1|10159530471933904|facebook
you look like a great person but get off the crack or coke or whatever your on and speak like a. Normal person. Cheers and crack is bad.|10159530537918904|Robert Bonnie|2022-02-02 21:30:48|1|1|10159530471933904|facebook
He doesn’t really have to look. Lol|10159530573863904|Fi Glennanne|2022-02-02 21:30:48|1|1|10159530471933904|facebook
sometimes even agents-provocat eurs from the opposition. Still worth doing.|10159530638698904|Barbara Bout|2022-02-02 21:30:37|1|1|10159530471933904|facebook
he spoke today? Nothing came up on my feed|10159530562363904|Patricia Anne Hands|2022-02-02 21:30:59|1|1|10159530471933904|facebook
Can you please not equate anarchism with antifa. Definitely not the same|10159530625778904|Ian Etsell|2022-02-02 21:30:37|1|1|10159530471933904|facebook
roflmao no that is the trump republicans and his cult like followers that are fascist they want a fascist dictatorship you do know that there is not a group called antifa but just what the right wing have termed those who do not agree with them|10159530614353904|Teya Shearing|2022-02-02 21:30:37|1|1|10159530471933904|facebook
You are one paranoid puppy. There are already nut bars in this convoy who are going to start trouble. What a bunch of losers.|10159530550093904|Edward Ruberto|2022-02-02 21:31:00|1|1|10159530471933904|facebook
oh, is this a spelling bee 🐝|10159530597503904|Grace Siglos|2022-02-02 21:31:00|1|1|10159530471933904|facebook
The United States has the same policy at their borders. This is hardly a Canada-only policy.  Do these folks really think the Canadian government can have a different policy on this than the US within the framework of the USMCA Trade Treaty?|10159530582388904|Scott Hicks|2022-02-02 21:30:35|0|1|10159530471933904|facebook
well played :) ya got me there.|10159530602783904|Murray Purvis|2022-02-02 21:31:00|1|1|10159530471933904|facebook
“BuT tHe MaInStReAm MeDiA wOn’t RePoRt ThE tRuTh!!”|10159531109313904|Kay Em Jay|2022-02-02 21:30:46|1|1|10159530471933904|facebook
or the right wing troublemakers more than likely i have not heard of BLM in Canada or Antifa 😂😂 truckers cannot go to the USA if they are not vaccinated|10159531252378904|Teya Shearing|2022-02-02 21:30:37|1|1|10159530471933904|facebook
it’s facts|10159531138583904|Lisa Cole|2022-02-02 21:30:46|1|1|10159530471933904|facebook
"""It is facts""?? I think you meant to say ""they're facts"" - but actually, they're not."|10159531312683904|Alex Baird|2022-02-02 21:30:46|1|1|10159530471933904|facebook
you're a liberal|10159531323868904|Christine McCulloch|2022-02-02 21:30:46|1|1|10159530471933904|facebook
typically response, I don't agree so you call me a liberal.|10159531340878904|Kristen Dawn|2022-02-02 21:30:46|1|1|10159530471933904|facebook
oh you sound like a baby 🍼 That still cannot spell bee|10159530601993904|Grace Siglos|2022-02-02 21:31:00|1|1|10159530471933904|facebook
Preston Hawes You do know the opposite of freedom isn't partisan, right? Just because you don't like this freedom or consider it of value, doesn't make it partisan. If you removed everything regarding freedom from this, all you're left with is something the all federal parties aren't supporting, so to which political party is this partisan to? Which party is anti-mandate?|10159532579688904|Rusty Shackleford|2022-02-02 21:30:50|1|1|10159530471933904|facebook
Just like the government officials that attempt to run this country.|10159531525208904|Lyn Squires|2022-02-02 21:30:46|1|1|10159530471933904|facebook
no, but you do come across as a child so maybe a spelling be might be a good thing for you.|10159530598593904|Murray Purvis|2022-02-02 21:31:00|1|1|10159530471933904|facebook
Can someone tell me what they hope to achieve Saturday without just a rambling all caps rant? What is the goal? Yell at a building with no people in it?|10159531120508904|Sagal Lina|2022-02-02 21:30:31|0|1|10159530471933904|facebook
As much as Trudope wants to bury his head in the sand and tell his usual lies and deflections.... 100,000 plus trucks in Ottawa while the world watches cannot be ignored or dismissed they will be there till the illegal immoral mandates are ended......noth ing going in or out of ottawa, I give it 3 days tops.|10159531200103904|Jason Cisna|2022-02-02 21:30:47|1|1|10159530471933904|facebook
pretty childish response. Typical of trump supporters who can’t have a reasonable debate with someone. Just insults|10159530994663904|Matty Mac|2022-02-02 21:31:06|1|1|10159530471933904|facebook
what would you want to happen here......are you for the mandates continuing....t o what end exactly....|10159531263843904|Jason Cisna|2022-02-02 21:30:47|1|1|10159530471933904|facebook
antifa are in fact the new fascists....|10159530611003904|Blair Parker|2022-02-02 21:30:37|1|1|10159530471933904|facebook
sure!!! 🤦‍♀️|10159530595083904|Kathy Atkin|2022-02-02 21:30:37|1|1|10159530471933904|facebook
more like a hundred. Lol. Why not say a billion.|10159530538803904|John Snyder|2022-02-02 21:30:58|1|1|10159530471933904|facebook
If I was an RCMP at parliament, big trucks would be my first threat on the list, last year a guy crashed into the Manitoba legislature with a pickup.|10159530683543904|Robert Robinson|2022-02-02 21:30:56|1|1|10159530471933904|facebook
I think the police are on our side that is the side of Canadians maybe not all but police are but I think a good portion are|10159530560838904|Bob Maines|2022-02-02 21:30:34|0|1|10159530471933904|facebook
lol, you are very fortunate.|10159531275153904|Corey Gold|2022-02-02 21:30:56|1|1|10159530471933904|facebook
He's Not my Prime Minister|10159531194683904|Robert Robinson|2022-02-02 21:30:56|1|1|10159530471933904|facebook
including our own prime minister.|10159530994193904|Corey Gold|2022-02-02 21:30:56|1|1|10159530471933904|facebook
There's a nut in every pile..|10159530729248904|Robert Robinson|2022-02-02 21:30:56|1|1|10159530471933904|facebook
Well, you need to lighten up and look at these hard working folks in a different light, they are not a threat to anyone.|10159530687223904|David Crowley|2022-02-02 21:30:56|1|1|10159530471933904|facebook
Why do you promote fear of your fellow citizens? Does this serve you some purpose?|10159530643308904|David Crowley|2022-02-02 21:30:56|1|1|10159530471933904|facebook
the truckers don't need any help in that area. They seem to be doing a good job smearing their own name.|10159530721303904|Kristen Dawn|2022-02-02 21:30:46|1|1|10159530471933904|facebook
are you on the planning committee?|10159530578638904|Darren Tozer|2022-02-02 21:30:37|1|1|10159530471933904|facebook
"There's a bunch of social media posts from some of the people claiming to be in the convoy of a schedule that ends with them ""storming parliament,"" so there is legitimate reason for the police to be cautious, just in case."|10159530749313904|Brittany Trusler|2022-02-02 21:30:53|1|1|10159530471933904|facebook
Just like the far right did to some of the BLM protests.|10159530574338904|Will Bedford|2022-02-02 21:30:37|1|1|10159530471933904|facebook
folks have no idea.|10159530582833904|Ange Lynde|2022-02-02 21:30:56|1|1|10159530471933904|facebook
Literally no one said violence.|10159530694048904|Tasha Ariana|2022-02-02 21:30:35|0|1|10159530471933904|facebook
Semi's are big and unstoppable, lots of crazies in our world..|10159530497618904|Robert Robinson|2022-02-02 21:30:34|0|1|10159530471933904|facebook
what fo you think. They have families too and these stupid mandates are affecting them as well|10159530690398904|Kathleen Baylis|2022-02-02 21:30:56|1|1|10159530471933904|facebook
Point is, the history is there to warrant a certain level of preparation|10159530701423904|Jame White|2022-02-02 21:30:52|1|1|10159530471933904|facebook
They’re right to prepare. History has shown even the most rational people may give in to mob hysteria when surrounded by a certain energy and focus.|10159530620433904|Jame White|2022-02-02 21:30:31|0|1|10159530471933904|facebook
Ottawa is in trouble its such a tiny place..cant they stop them on national security grounds i mean if they shut down the capital.. imagine if they overrun security and invade the house of commons..who knows what to expect 😱|10159530588888904|Bill Stenner|2022-02-02 21:30:34|0|1|10159530471933904|facebook
relax. They are on a ☮️ ful protest.|10159530609038904|Jessica Mikolash|2022-02-02 21:30:57|1|1|10159530471933904|facebook
you know something no one else does?|10159530609703904|Bill Stenner|2022-02-02 21:30:57|1|1|10159530471933904|facebook
inhale more trudeau weed it will calm you.|10159530615388904|Sam Wong|2022-02-02 21:30:57|1|1|10159530471933904|facebook
"I've seen several people that claim to be part of the convoy posting a ""schedule"" on twitter and facebook that says they'll be meeting at Confederation Park before ""storming parliament"". I'm sure that our security agencies and police are well aware of that by now, and will be taking precautions... though it would be interesting to see their faces when they get to Parliament Hill and realize that they don't know how to get to the temporary legislature, and that there's a gaping hole in the lawn where they would normally protest 😛"|10159530747568904|Brittany Trusler|2022-02-02 21:30:57|1|1|10159530471933904|facebook
Preston Read (or listen to) the book! I dare you!!  I’ll check out anything you recommend.|10159534075883904|Ben Bliesner|2022-02-02 21:30:51|1|1|10159530471933904|facebook
"keep spreading the "" fear"" -- storming parliament? Truly you live in a cocoon. What you know about these truckers to make shut a blasphemous comment? You obviously a Trudop sheep."|10159531182988904|Ian Robinson|2022-02-02 21:30:57|1|1|10159530471933904|facebook
Preston Hawes check out Robert Kennedy Jr’s book.|10159534050608904|Ben Bliesner|2022-02-02 21:30:50|1|1|10159530471933904|facebook
exactly and Trudeau needs to be fired and removed so we can rebuild our country and make sure that Noone ever again has that much power|10159531333963904|James D Boutilier|2022-02-02 21:30:36|1|1|10159530471933904|facebook
Preston Hawes you are acting a fool believing this crazy narrative. You have to ignore all you see and feel, and believe only what someone is telling you. Who’s telling you? Do you know? You have to know mass censorship is going on? That’s not a secret. You are letting those that would censor tell you?? You ever read a history book? You are shilling for them?! That’s insane.|10159534020738904|Ben Bliesner|2022-02-02 21:30:50|1|1|10159530471933904|facebook
hey Bill …. Are you a disturber … this is a peaceful convey …|10159531400878904|Debbie Andruniak|2022-02-02 21:30:57|1|1|10159530471933904|facebook
these inflated numbers look like the prices at the grocery store 😂😂😂|10159530519608904|Marlene Pereira|2022-02-02 21:30:58|1|1|10159530471933904|facebook
70 km of trucks Is hardly “inflated”|10159530523068904|Valia Petrov|2022-02-02 21:30:58|1|1|10159530471933904|facebook
really!! I’ve heard it’s up to 300km now!|10159530523638904|Marlene Pereira|2022-02-02 21:30:58|1|1|10159530471933904|facebook
if the this minority of radical far right ‘truckers’ would grow up, not be punks looking to intimidate and just do the right thing for their communities, this wouldn’t even be an issue. But attention seeking fanatic rightists have no impulse control when it comes to their deviant ways.|10159530980258904|Matty Mac|2022-02-02 21:30:46|1|1|10159530471933904|facebook
At least these guys are getting some attention. Hope they make the politicians shake in their well polished shoes.|10159530582283904|Chris Spratt|2022-02-02 21:30:34|0|1|10159530471933904|facebook
ı wish ı could change that you call yourself a Canadian!|10159530785938904|Leanne Faye Torio|2022-02-02 21:31:06|1|1|10159530471933904|facebook
"So, an insurrection to overthrow an elected government? Thanks for letting us know the ""real plan"" for some"|10159535203743904|Richard Evans|2022-02-02 21:31:02|1|1|10159530471933904|facebook
well! You seem upset with me!  May I suggest you drive by my work and Toot-Toot your horn because apparently that solves things in your world. 😂|10159530787448904|Darren Öhrn|2022-02-02 21:31:06|1|1|10159530471933904|facebook
Don’t play into the media’s propaganda, stay calm, stay cool, no violence! Then what will they have to report? You got this!!! You know what it takes to get more support! Stay cool, stay calm and do not stoop to their level!|10159530567508904|Sharon Sharpe-Titus|2022-02-02 21:30:31|0|1|10159530471933904|facebook
From a trucker.  Facts that the media is not sharing:  - The trucking convoy is NOT anti vaccination. It is anti government mandates. Many of us are vaccinated. We simply believe that every Canadian should be free to choose and face no discrimination or restrictions on their freedom due to their choice.  - The Canadian Trucking Alliance is a spineless private organization that does not speak for us.  - No more lockdowns. No forced vaccination (and yes, it IS force when you choose between a shot you don’t want and your ability to feed yourself.)  - Truckers will NOT block emergency vehicles at any point, ever, and will even assist any person in need at any point in the convoy or protest. Safety plans are in place. Drivers have been briefed and signed documents at their respective checkpoints.  - The money raised (now over $4,000,000) will be distributed following a a strict procedure. Drivers must register, check in with their respective road captains and submit receipts in order to be reimbursed. All remaining funds will be donated to a Veterans Association in Canada. There is a lawyer and accountant overseeing this.  - This could be the single largest protest in Canadian history. People who oppose government mandates are not the tiny group that the media has tried to make us believe. We are significant in numbers, growing by the day and we will not back down.  See you all on the flip side. God bless everyone who is fighting for our freedom and our futures.|10159531031728904|Maureen Eede|2022-02-02 21:30:44|1|1|10159530471933904|facebook
when I said yelling I meant the truckers, not you... I have no reason to be hostile to you... my point is that the sum of those who voted in favour of the mandates far outnumber those who oppose|10159531292863904|Jorge José Neves|2022-02-02 21:31:03|1|1|10159530471933904|facebook
ndp and block 😂 seriously please leave and take the bloc w/ you oh and how’s Jagmeet’s BIL??? The liberals got 30% of the popular vote ... none of the parties represent Canadians & Canada  Yelling, I didn’t see my sentence in all caps 😂|10159531287603904|Kylana Rogers-Hambling|2022-02-02 21:31:03|1|1|10159530471933904|facebook
no we do not! Speak for yourself while you hide out forever|10159530568808904|Kylana Rogers-Hambling|2022-02-02 21:31:03|1|1|10159530471933904|facebook
most vaccinated are sick of mandates at this point|10159530574523904|Ruth Meeker-Stamp|2022-02-02 21:31:03|1|1|10159530471933904|facebook
dear truckers please show Nick some empty shelves so he understands what a nuisance really iş!|10159530674448904|Leanne Faye Torio|2022-02-02 21:30:44|1|1|10159530471933904|facebook
Well when there is no food on the shelved and you can't afford to buy food we will see what's fake|10159530642723904|Shirley Lavergne|2022-02-02 21:30:44|1|1|10159530471933904|facebook
hoping for peace|10159535250908904|Kats Eye|2022-02-02 21:30:39|1|1|10159530471933904|facebook
do you remember the last truck parade and tooting of horns in 2020?  The “We love Oil” Freedom trip set up by the same yellow vests. Where once they got there things looked pretty awkward ..and after a couple of days.. they left unceremoniously with absolutely nothing accomplished.. and the truck drivers got screwed on gas in many cases.  There maybe more hoopla this time around but you will not change one single thing.|10159530716758904|Darren Öhrn|2022-02-02 21:31:06|1|1|10159530471933904|facebook
"that's a convenient pre-deflection of any violence should it erupt. It's not the truckers, but their ""Fellow Travelers"" who are boasting about insurrection and overthrowing Trudeau. They Convoy members can't say ""Oops, once someone does something violent, we can disassociate""."|10159535217653904|Richard Evans|2022-02-02 21:30:39|1|1|10159530471933904|facebook
There will be no violence unless they plant fake freedom advocates. The convoys code is NON VIOLENT|10159531128098904|Kats Eye|2022-02-02 21:30:31|0|1|10159530471933904|facebook
if you check a bit of the news a GOo Fund me has collected over $ 5 million -- cover a lot of diesel expense for the convoy|10159530639238904|Ian Robinson|2022-02-02 21:31:03|1|1|10159530471933904|facebook
I want to know one thing…  What do they think they are going to accomplish?|10159530588883904|Darren Öhrn|2022-02-02 21:30:35|0|1|10159530471933904|facebook
"These ""protestors"" are just the tiny minority anti-vaxxers. They're blocking infrastructure. Nothing but a nuisance."|10159530555868904|Nick Adams|2022-02-02 21:30:31|0|1|10159530471933904|facebook
I work in a trucking company with 300+ drivers and only 2 were grounded because they were unvaxxed. Don't fall for these few hundred truckers backed by a organisation that wants Alberta to secede from Canada and want a Anglo Saxon supremacy in Canada|10159531194303904|Gurpreet Singh|2022-02-02 21:30:31|0|1|10159530471933904|facebook
keep cheering for your Liberals. You will be on the wrong side of history.|10159530951828904|Mark Vasko|2022-02-02 21:31:03|1|1|10159530471933904|facebook
It's a pro freedom convoy against unfair mandates not just against vaccines. Jeesh GlobeandMail get this right|10159531651743904|Joanne e Healy|2022-02-02 21:30:31|0|1|10159530471933904|facebook
truckers you have a lot of support and respect from millions of us.|10159530586758904|Dave Thomas|2022-02-02 21:30:39|1|1|10159530471933904|facebook
all the fake Canadians Who cant get food... You mean 🤡|10159530686258904|Leanne Faye Torio|2022-02-02 21:30:43|1|1|10159530471933904|facebook
?|10159531265863904|Barbara Bout|2022-02-02 21:30:38|1|1|10159530471933904|facebook
toot toot|10159530788388904|Leanne Faye Torio|2022-02-02 21:31:06|1|1|10159530471933904|facebook
Not!|10159531264383904|Cindy Sguazzin|2022-02-02 21:30:37|1|1|10159530471933904|facebook
Last I checked it's the Canadian people's country not dictator JTs. It's about alot more then just mandates!|10159531233533904|Cary Mackenzie|2022-02-02 21:30:45|1|1|10159530471933904|facebook
|10159532288643904|Clever Andi|2022-02-02 21:30:45|1|1|10159530471933904|facebook
The Canadian people are majority in favor of vaccines and mandates|10159532065363904|Nick Adams|2022-02-02 21:30:45|1|1|10159530471933904|facebook
He took off on his Luxury Vacation Jet|10159532136143904|Asre Lahey|2022-02-02 21:30:40|1|1|10159530471933904|facebook
on our tax dollar!|10159532167718904|Chris Urban|2022-02-02 21:30:40|1|1|10159530471933904|facebook
Tried to show empty shelves and fb took the post down.|10159531526923904|Lyn Squires|2022-02-02 21:30:45|1|1|10159530471933904|facebook
yes millions. Just look at how many trucks are in the 15 + mile long convoy and the people supporting them along the way.|10159530699528904|Randy Gaunt|2022-02-02 21:30:39|1|1|10159530471933904|facebook
I am triple vaccinated thankfully yet I support these truckers. My opinion is, this is more an anti Trudeau movement so good for them. He has to go.|10159531154528904|Dennis Paul|2022-02-02 21:30:34|0|1|10159530471933904|facebook
A couple thousand people?? 🙄That’s what they’re trying to get people to believe so they can uphold the false claim this is “a small fringe group”. If they’re expecting only a few thousand, they’re going to be in for a big surprise 😂|10159530578838904|Leanne Lowe|2022-02-02 21:30:35|0|1|10159530471933904|facebook
You again. You must get paid by the post.  Tell me Leanna Ivonovich, can you really prove that a lot of people are going to show up. EVERY single extremist I discuss this with on social media isn't going, so who exactly will show up?|10159531282718904|Lorne Warawa|2022-02-02 21:31:04|1|0|10159530471933904|facebook
huh|10159531211293904|Vaughan McQuade|2022-02-02 21:30:55|1|0|10159530471933904|facebook
make your math... 5 million won't cover the diesel, food, accommodation and lost wages, and that is after the go fund me people release the funds because it is not clear who is benefiting from these monies... remember Bannon stealing the monies he go funded for Trump's wall? They don't want that to happen here|10159531065603904|Jorge José Neves|2022-02-02 21:31:03|1|0|10159530471933904|facebook
DL McNhic Yes, but look at the last elections. The vast majority of Canadians voted for parties that support these mandates. Besides jamming traffic in Ottawa and violence from the extremists NOTHING is going to change... the convoy won't force the rest of Canada regardless of what people like Bernier say|10159531060893904|Jorge José Neves|2022-02-02 21:31:03|1|0|10159530471933904|facebook
They already are. lol|10159531576298904|Lyn Squires|2022-02-02 21:30:55|1|0|10159530471933904|facebook
"there are posters on this very page saying they will be glad when Trudeau's overthrown and a new government installed. Those might not be the truckers, but their supporters seem to be itching for a ""show"""|10159535211318904|Richard Evans|2022-02-02 21:31:07|1|0|10159530471933904|facebook
take a chill pill and roll one. You watching too much CNN|10159530636813904|Ian Robinson|2022-02-02 21:30:57|1|0|10159530471933904|facebook
troll?😂|10159530694583904|Kathleen Baylis|2022-02-02 21:30:57|1|0|10159530471933904|facebook
👍👍👍|10159531051508904|Nancy Zettel|2022-02-02 21:31:03|1|0|10159530471933904|facebook
sure, you and your buddies don't, but as per the last elections, the majority of Canadians (Liberal, NDP, Block and many Conservatives) showed they do support these mandates. Yelling louder does not mean you are right|10159531056043904|Jorge José Neves|2022-02-02 21:31:03|1|0|10159530471933904|facebook
That is NOT what the truckers and their supporters are saying. There is a wave of violent threats and assertions on social media. Can you explain this?  Just because their organizer says a thing doesn't make it true. That woman is lying about the money being frozen.|10159531278243904|Lorne Warawa|2022-02-02 21:31:04|1|0|10159530471933904|facebook
"I don't know where you are getting your ""stats"" from, because they are totally false. Hospitals ICU bed use is almost at its limit with unvaccinated people, this according to the medical science and not some YouTube video"|10159531053308904|Jorge José Neves|2022-02-02 21:31:03|1|0|10159530471933904|facebook
Some Racist groups have joined the convoy under a new skin!!!|10159530585753904|Zembla Ombrax|2022-02-02 21:30:35|0|0|10159530471933904|facebook
One guy tried that a while ago. They shot him. I believe that's why they are beefing up security. They also traditionally close roads down. This isn't the first time E they have had a convoy to Ottawa. Not as extreme however.|10159531124628904|Victoria Machina|2022-02-02 21:30:57|1|0|10159530471933904|facebook
I'm simply saying what's being spread over the past few days by people claiming to be in the convoy. It's a specific poster, that the police have likely seen by now, if I've managed to see it that many times (it's been retweeted to politicians, for example)|10159531335983904|Brittany Trusler|2022-02-02 21:30:57|1|0|10159530471933904|facebook
Fake profiles on here. Check and block.|10159530548118904|Jane Rawluk|2022-02-02 21:30:35|0|0|10159530471933904|facebook
look at the irrational anger and the rhetoric of some of these people.|10159530991688904|Matty Mac|2022-02-02 21:31:04|1|0|10159530471933904|facebook
-- Trump? Math? I never said the $5 million would cover ALL the expenses. As for Trump you need help for your Trump Derangement Syndrome.|10159531067933904|Ian Robinson|2022-02-02 21:31:03|1|0|10159530471933904|facebook
Social media chatter from people claiming to be in the convoy is trying to convince people otherwise. Whether they're trying to recruit people to their bs, or disseminate fear of violence, their intent is clearly not to maintain the peace.  While it's anyone's guess if they're actually in the convoy, none of them are pro-trudeau, based on the profiles I've seen them coming from, so it's not provocateuring from people against the protest.|10159531482373904|Brittany Trusler|2022-02-02 21:30:57|1|0|10159530471933904|facebook
lmao they said they would be but can you really trust them knowing what type of people they are?|10159530991253904|Matty Mac|2022-02-02 21:31:04|1|0|10159530471933904|facebook
… 😂 that decision was aimed at Biden’s attempt to extend the US Federal Government vaccine mandate to private businesses, and has nothing to do with the Border Mandate Regulations. 🤦‍♂️  https:// www.dhs.gov/ news/2022/01/20/ dhs-require-non- us-individual-t ravelers-enteri ng-united-state s-land-ports-en try-and|10159530740168904|Scott Hicks|2022-02-02 21:31:05|1|0|10159530471933904|facebook
because others have jumped on saying they will be. Tempers flair|10159530591753904|Paderick Rose|2022-02-02 21:31:04|1|0|10159530471933904|facebook
they also bring you stuff oooh those big bad trucks. Lol|10159530642223904|Carol Gammel|2022-02-02 21:30:56|1|0|10159530471933904|facebook
and you dont know what I am. So that's kinda hurty and mean. we are all on this blue ball whether we like it or not.|10159530599563904|Ange Lynde|2022-02-02 21:30:56|1|0|10159530471933904|facebook
I was in the convoy, there’s no yelling it was all love and unity best thing I’ve seen in 2 years; you should go out and support the movement, try to see the good! Well you’d be shocked that the polls are no longer on the side of mandates (even a recent CTV poll showed almost 80% support for the truckers) anyone who still wants to continue w/ mandates and restrictions needs to see a doctor|10159531295623904|Kylana Rogers-Hambling|2022-02-02 21:31:03|1|0|10159530471933904|facebook
100% of folks don't get it. Been going on since I've been here.|10159530597058904|Ange Lynde|2022-02-02 21:30:56|1|0|10159530471933904|facebook
Wow! What lies!|10159530580263904|Amanda Hill|2022-02-02 21:30:35|0|0|10159530471933904|facebook
Canada is stolen indigenous land.|10159531277218904|Robert Robinson|2022-02-02 21:30:56|1|0|10159530471933904|facebook
Thanks, professor. Do you think I don’t know that?|10159531281433904|Corey Gold|2022-02-02 21:30:56|1|0|10159530471933904|facebook
There is no violence from our Truckers. Please make yourself familiar with their mission. Thank you!|10159530563358904|Sophronia Earnest|2022-02-02 21:30:34|0|0|10159530471933904|facebook
It is a fad now for people to protest against anything good for humanity with their own rationale and arrogance.|10159530821733904|வெற்றி வேல்|2022-02-02 21:30:35|0|0|10159530471933904|facebook
I can quickly think of a more opportunistic failed political leader who is more prominent and has affected millions. Can you think of anyone like that?|10159531086038904|Mark Vasko|2022-02-02 21:31:03|1|0|10159530471933904|facebook
I was just saying most police don't need these mandates either and I think they are behind Canadians no matter what Trudeau says about a few Canadians are coming to Ottawa basically meaning they are nobodies and the mandates will stand . And if now they are just doing their jobs but as Canadians we have to stick together and realize the vaccines don't work and the vaccinated are spreading covid as bad as the people who are vaccine free.|10159531170853904|Bob Maines|2022-02-02 21:30:56|1|0|10159530471933904|facebook
Don’t forget to ditch the masks in support of the truckers|10159531234198904|Chris Urban|2022-02-02 21:30:34|0|0|10159530471933904|facebook
Well dang. A whole schwack of semis were crossing earlier.|10159530603883904|Jessica Mikolash|2022-02-02 21:30:58|1|0|10159530471933904|facebook
Let's Go Brandeau !|10159532023173904|Cora Wilson|2022-02-02 21:30:35|0|0|10159530471933904|facebook
❤️❤️❤️|10159530699643904|Kathleen Baylis|2022-02-02 21:31:03|1|0|10159530471933904|facebook
Bunch of turds - get working, stop this stupid stuff and a GoFundMe page - give me a break.|10159532275378904|Donna Blair|2022-02-02 21:30:35|0|0|10159530471933904|facebook
I was told every achievement begins with a decision to try. Ignorance destroy so many opportunities, I’m a victim but I was convinced by the right person Phil Mathias|10159530531643904|Ruthty Love|2022-02-02 21:30:59|1|0|10159530471933904|facebook
Everyone better be on their best behaviour, because if CBC does a re-enactment of some phony “attack” & airs it 8 months later my dad is gonna make me watch it 😕|10159530760193904|Seren Joti Chatterjee|2022-02-02 21:30:35|0|0|10159530471933904|facebook
Media hard at it ! Wish they would talk truths and not listen to Their boss Trudeau.|10159533999633904|Iain Brew|2022-02-02 21:30:34|0|0|10159530471933904|facebook
Tin foil on Rollback at Wal~Mart.|10159530545628904|John Currie|2022-02-02 21:31:00|1|0|10159530471933904|facebook
perhaps it's time.|10159535473128904|Dennis Paul|2022-02-02 21:31:02|1|0|10159530471933904|facebook
|10159530550818904|Ian Carroll|2022-02-02 21:31:00|1|0|10159530471933904|facebook
Bill Blair did it at the G20....|10159530575143904|Blair Parker|2022-02-02 21:31:00|1|0|10159530471933904|facebook
Law should be strictly implemented on any violations.|10159530822663904|வெற்றி வேல்|2022-02-02 21:30:35|0|0|10159530471933904|facebook
ı am a Canadian lol not a Trump supporter... So misguided 🤡|10159531017733904|Leanne Faye Torio|2022-02-02 21:31:06|1|0|10159530471933904|facebook
are you being funny? Go hide under your blanket!|10159530693453904|Kathleen Baylis|2022-02-02 21:31:02|1|0|10159530471933904|facebook
haha you are so funny. Would love to see you fake Canadians hungry and begging for some food!! Maybe, the hudderites will have some leftovers!|10159530683093904|Leanne Faye Torio|2022-02-02 21:31:02|1|0|10159530471933904|facebook
What a joke this is|10159531322153904|Annie Thomas Wall|2022-02-02 21:30:34|0|0|10159530471933904|facebook
And our PM cannot meet them he has to read a book...if he can read and sort out his sock drawer....what a leader...!!|10159531629318904|Mike Wayne|2022-02-02 21:30:34|0|0|10159530471933904|facebook
Sure wish globe and Mail would deal with their own problems and not Canada's go home|10159532318933904|Trevor Altman|2022-02-02 21:30:34|0|0|10159530471933904|facebook
thanks for playing, MP 😏|10159530615368904|Grace Siglos|2022-02-02 21:31:01|1|0|10159530471933904|facebook
They’ll send hired actors in there to cause problems so they can use force.|10159537348343904|Stephen Trauma|2022-02-02 21:30:34|0|0|10159530471933904|facebook
THE WORLD WILL BE WATCHING & SOOO MANY PEOPLE IN OTHER COUNTRIES ARE SO SUPPORTIVE TO THE FREEDOM CONVOY 2022 & LOOK AT OTTAWA'S ECONOMY WILL BE GETTING A BIG BOOST & THERE WILL BE LIVE FEED & YOU CAN ASKED THEM IF THEY GOT SCREWED ON THE GAS OR ASK THEM HOW PEOPLE / COMMUNITIES HAVE FED THE CONVOYS & 1 COMMUNITY, WHERE POLICE DIVERTED TRAFFIC FROM THE WELL ADVERTISE EVENT, SO THE COMMUNITY JUST PACKED UP THE FEAST & TRACKED THE CONVOY DOWN, HAD A GREET & MEET & SHARED THEIR FEAST (20 MILES DOWN THE HIGHWAY). YOU SAY THEY WILL NOT CHANGE A THING, BUT THEY HAVE CHANGED THEMSELVES, CHANGED CANADIANS ALL THE WAY FROM BC TO ONTARIO, CHANGED PEOPLES LIVES IN OTHER COUNTRIES & THE EAST COAST FREEDOM CONVOY OUR SOUTHERN NEIGHBOR TRUCKER CONVOY SHOULD BE MEETING UP WITH THE WESTERN CONVOY IN THE NEXT 2 DAYS......EVEN PROTESTERS IN THE THOUSANDS IN THE WESTERN PROVINCES HAVE A MORE PEACEFUL, RELAXING & UNIFIED ENERGY OF MEET & GREET, SHARING THEIR EXPERIENCES & COMMON INTERESTS, A SPARK HAS IGNITED A JOY, HOPE FOR A FUTURE & UNITED MOST OF CANADA & USA. AND NOT THROUGH CORRUPT POLITICIANS, BUT THROUGH THE COMMON WORKING PEOPLE THE RIGHT OF CHOICE, THE RIGHT TO WORK, THE RIGHT TO TRAVEL, THE RIGHT TO CELEBRATE, THE RIGHT TO BE WITH OUR LOVED ONES, SO THEY DON'T HAVE TO DIE ALONE, THE RIGHT MOURN OUR DEAD & CELEBRATE THEIR LIFE. THE RIGHT TO CONNECT WITH WORLD & HUMANITY.|10159530828858904|Marilyn Templeton|2022-02-02 21:31:06|1|0|10159530471933904|facebook
Can assure you that politicians couldn't care less about this lmao|10159532831513904|Ming-Hoa Chen|2022-02-02 21:31:01|1|0|10159530471933904|facebook
I thought it was about 'freedom ' not vaccinations lol|10159531611783904|Marilyn Stewart|2022-02-02 21:30:34|0|0|10159530471933904|facebook
👍👍👍|10159531051018904|Nancy Zettel|2022-02-02 21:30:55|1|0|10159530471933904|facebook
When 90% already have the jab why are they still afraid? Was there even a single outbreak from the unvaccinated truckers in the past two years? Latest stats show 5x more cases from the vaccinated, 3x more hospitalization from the vaccinated; but they are the one that is free to roam all premises spreading the germs. When 90% is still not enough back to normal as promised, what is the end game indeed. You know that your 2 jabs would be no good end of years without boosters shots. Are canucks stupid or what.|10159530565808904|Sam Wong|2022-02-02 21:31:03|1|0|10159530471933904|facebook
oh ok|10159531477158904|Patricia Anne Hands|2022-02-02 21:30:59|1|0|10159530471933904|facebook
Get ready ,you an expect some hooligans for sure irrespective of any so called code publicized|10159531458438904|Paul Nov|2022-02-02 21:30:35|0|0|10159530471933904|facebook
I hope those American truckers enjoy being permanently banned from Canada.|10159531391728904|Brian David Lupton|2022-02-02 21:30:58|1|0|10159530471933904|facebook
❤️❤️❤️❤️|10159530699213904|Kathleen Baylis|2022-02-02 21:31:03|1|0|10159530471933904|facebook
yes I’m vaxxed I’m double vaxxed actually and I’m fed up they told us that once we were vaxxed we would be going back to living normally but then they lied now they’re lying again now we need a third and fourth and fifth and sixth and seventh vaccination what the hell. Not only that but I caught the Covid so even though I’m vaccinated so what the hell did I get it for ? bunch of liars ! more to it than this and you people have not opened your eyes and figured it out ? what the hell is going on ? it’s more than the Covid much more how about the one world agenda?|10159530697283904|Kathleen Baylis|2022-02-02 21:31:03|1|0|10159530471933904|facebook
625 trucks from Georgia alone.|10159530560578904|Kathy Atkin|2022-02-02 21:30:58|1|0|10159530471933904|facebook
LOL. The convoy is 70 km long. Hundred? Sure 😂|10159530598413904|Richard Husar|2022-02-02 21:30:58|1|0|10159530471933904|facebook
https:// youtube.com/ watch?v=XoNZZJyR pUc&feature=sha re|10159530602888904|Jessica Mikolash|2022-02-02 21:30:58|1|0|10159530471933904|facebook
The truckers have more credibility than legacy media's 36%. Just like Brandon.|10159531627073904|Gerry Benanzo|2022-02-02 21:30:34|0|0|10159530471933904|facebook
FREEDOM CONVOY 2022....GUINESS WORLD RECORD OF 150 KM & WHAT A SIGHT IT WAS FOR CANADIANS.|10159530718358904|Marilyn Templeton|2022-02-02 21:30:58|1|0|10159530471933904|facebook
The convoy is now sixteen billion trucks. It wraps around the Earth three times. The lead rig is being driven by Jesus, and He brought CW McCall with Him to write a theme song just for the brave|10159531112843904|Kay Em Jay|2022-02-02 21:30:58|1|0|10159530471933904|facebook
I'm sure they will get tired of sitting in traffic if there are that many. They close most roads.|10159531126953904|Victoria Machina|2022-02-02 21:30:58|1|0|10159530471933904|facebook
no mandates or no food!|10159530690468904|Leanne Faye Torio|2022-02-02 21:31:06|1|0|10159530471933904|facebook
speaking in code|10159530949958904|Mark Vasko|2022-02-02 21:30:59|1|0|10159530471933904|facebook
you wish…|10159531502623904|Valia Petrov|2022-02-02 21:30:58|1|0|10159530471933904|facebook
i don’t think they thought that far ahead… like dogs chasing cars.|10159530577148904|Sean Horne|2022-02-02 21:31:03|1|0|10159530471933904|facebook
I'm awake. Now 🖕|10159531506598904|Brian David Lupton|2022-02-02 21:30:58|1|0|10159530471933904|facebook
if they can cross the border, you mean?|10159535194863904|Richard Evans|2022-02-02 21:30:58|1|0|10159530471933904|facebook
Downtown Ottawa is mostly narrow, one-way streets, with a canal running just east of it & a huge river north of it. Anything north of the Queensway will be too clogged for the vast majority to get anywhere close|10159535255478904|Richard Evans|2022-02-02 21:30:58|1|0|10159530471933904|facebook
70km of trucks is about 3000 trucks, bumper to bumper. So that maxes out at about 2000 when moving at a safe distance on a highway.|10159535262578904|Richard Evans|2022-02-02 21:30:58|1|0|10159530471933904|facebook
gee I thought Trudeau loved the fringe ,the minorities,the outcasts.Since he does not represent ALL Canadians he should resign.|10159530529753904|Louise Michelle|2022-02-02 21:30:59|1|0|10159530471933904|facebook
Supreme Court in the USA dropped the federal vaccination mandate. Britain and Denmark dropped all mandates. Brian Peckford, former Premier of Newfoundland states, “Trudeau’s Mandates against our truckers, along with all other C-19 Mandates of every Province of Canada are an assault on the rights and freedoms of the people of Canada. These Mandates are unlawful and unconstitutiona l, and further, there never has been, nor is there currently a ‘level of health emergency’ that justifies the suspension of entire sections of the Charter of Rights and Freedoms.” 92% vaccinated but they have no confidence in the vaccine until 100% compiled contrary to science. https:// youtu.be/ PYErLkO5lP0|10159530558823904|Sam Wong|2022-02-02 21:30:59|1|0|10159530471933904|facebook
The violence come from government not the people|10159531049038904|Vincent Boisseau|2022-02-02 21:30:35|0|0|10159530471933904|facebook
oi, there you go. Just as spiteful as Trudeau.|10159530597103904|Grace Siglos|2022-02-02 21:31:00|1|0|10159530471933904|facebook
your extraordinary claims require extraordinary proof.  Actual proof that not only supports your claim but also disproves the factual data-driven conclusions provided by actual experts.  Have at it…. We are waiting.|10159534036813904|Hawz Pton|2022-02-02 21:30:50|1|0|10159530471933904|facebook
a good thought out plan would help in your diet attempt and keep the shelves bare for you and your ilks!|10159530680148904|Leanne Faye Torio|2022-02-02 21:30:55|1|0|10159530471933904|facebook
yup, sheep like|10159531043573904|Terry Howatt|2022-02-02 21:30:42|1|0|10159530471933904|facebook
they are fanatic rightist trump supporters. Not even real truckers.|10159530980898904|Matty Mac|2022-02-02 21:30:44|1|0|10159530471933904|facebook
a massive number of the truckers are double-jabbed and pissed off because it wasn't right, it isn't right, and they are anti-mandate. Your very small minded and ignorant anti-vax narrative is an absolutely false argument. Congratulations|10159530732398904|Justin Leigh|2022-02-02 21:30:44|1|0|10159530471933904|facebook
“too many have got very sick from the injection…” for starters. Who asked you anyway?!|10159530704303904|Craig Sandford|2022-02-02 21:30:44|1|0|10159530471933904|facebook
ACTUALLY 90% ARE VACCINATED & SCIENCE SAYS BOTH VACCINATED & UN-VACCINATED CAN CATCH & SPREAD THE VIRUS. SCIENCE ALSO SAYS MORE VACCINATED IN HOSPITAL BECAUSE 80% OF CANADA ARE VACCINATED. SCIENCE & PROPAGANDA MEDIA HAS TOTALLY IGNORED THE VACCINATION DEATHS & THOSE SEVERE ADVERSE EFFECTS THAT HAVE MEDICALLY HARMED THE VACCINATED.THEY HAVE ALSO IGNORED SUICIDES / SEVERE DEPRESSION / ADDICTIONS / DEATHS BY DRUG OVERDOSING / MISSING CHILDREN - HUMAN TRAFFICKING / VICTIMS OF CRIME........REST RICTIONS....MAN DATES....ISOLAT ION...HAVE BEEN DAMAGING TO CANADIANS HEALTH & WELLNESS TO THE MAJORITY OF CANADA'S POPULATION, WHILE BIG BUSINESS, BIG PHARMA, BANKS, ELITES & POLITICIANS ........GREATLY PROFITED. BUT HAS ANY ONE SEEN THEM IN A VACCINATION LINE OR FINED FOR BREAKING THEIR OWN RESTRICTIONS & MANDATES....... ..|10159530697773904|Marilyn Templeton|2022-02-02 21:30:44|1|0|10159530471933904|facebook
I guess you’re not watching the videos of the truckers posting of the people that are forming all along the road way from the West Coast all the way to Ottawa I suggest that you look at the videos you might see that the people are fed up with all this nonsense and tired the government and their mandates they want their freedom back ! obviously you don’t goodbye|10159530679733904|Kathleen Baylis|2022-02-02 21:30:44|1|0|10159530471933904|facebook
90% are vaccinated.|10159530641003904|Leanna Inez Keyes|2022-02-02 21:30:44|1|0|10159530471933904|facebook
okay Karen|10159530640898904|Nick Adams|2022-02-02 21:30:44|1|0|10159530471933904|facebook
Dan Walker I am educated in this field I know exactly what I’m talking about it’s not belief it’s proven fact!!!!|10159530640443904|Tom Blashill|2022-02-02 21:30:44|1|0|10159530471933904|facebook
G&M...free and impartial journalism....? !?!?|10159530772683904|Helen Kefalas|2022-02-02 21:30:31|0|0|10159530471933904|facebook
Huh?|10159535568813904|Derek van Dassen|2022-02-02 21:30:43|1|0|10159530471933904|facebook
Pretty sure 80+% are still hauling nationally and internationally|10159535248403904|Richard Evans|2022-02-02 21:30:43|1|0|10159530471933904|facebook
Well said! And you are well informed.|10159535456233904|John Godfreyson|2022-02-02 21:30:43|1|0|10159530471933904|facebook
Get your head out of the sand.|10159531531848904|Lyn Squires|2022-02-02 21:30:42|1|0|10159530471933904|facebook
Some people do not know how to read. Where do they get the idea it is all about unvaxxed.|10159531530753904|Lyn Squires|2022-02-02 21:30:42|1|0|10159530471933904|facebook
get a clue!!|10159531183458904|Michelle Adams|2022-02-02 21:30:42|1|0|10159530471933904|facebook
paranoia! Fear mongering at its finest!|10159531070668904|Craig Sandford|2022-02-02 21:30:44|1|0|10159530471933904|facebook
Rob Closs True|10159531114698904|Ann Rupar|2022-02-02 21:30:44|1|0|10159530471933904|facebook
God be with you and protect you|10159531124608904|Ann Rupar|2022-02-02 21:30:44|1|0|10159530471933904|facebook
, this government will not stop freedom if speach even if they incite misinformation to start trouble against its own citizens. i whish that these people who have lost all their compassion to their fellow Canadian stop and real3 have a look at what is happening now we do not need anger|10159530583403904|Tom Gillis|2022-02-02 21:30:46|1|0|10159530471933904|facebook
if there is any Violence you can be sure TRUEDOPE’s bought Leftie media will stoke it. So far they win high marks for dividing Canada up to now !!! Fact|10159531265963904|Dave Reid|2022-02-02 21:30:46|1|0|10159530471933904|facebook
You should do your homework it's not all about vaccinations would you like to pay some more taxes more carbon tax|10159531012018904|Christine McCulloch|2022-02-02 21:30:46|1|0|10159530471933904|facebook
The March of the Ignorant  https:// health.mil/News/ Articles/2021/ 08/16/ Gen-George-Washi ngton-Ordered-S mallpox-Inocula tions-for-All-T roops|10159530748493904|Ren James Cassidy Moffat|2022-02-02 21:30:46|1|0|10159530471933904|facebook
It looks good for the G&M lib sheep readers!|10159530729053904|Grazyna Petela|2022-02-02 21:30:46|1|0|10159530471933904|facebook
why? What virus has it stopped? How many times do you have to take a failed product to get it through your head that it has gotten us nowhere|10159530635168904|Carol Gammel|2022-02-02 21:30:46|1|0|10159530471933904|facebook
Truckers are a dime a dozen|10159530629928904|Paul Forshaw|2022-02-02 21:30:46|1|0|10159530471933904|facebook
we are now friends.|10159530578773904|Ange Lynde|2022-02-02 21:30:46|1|0|10159530471933904|facebook
get a clue.|10159531182118904|Michelle Adams|2022-02-02 21:30:44|1|0|10159530471933904|facebook
|10159532353413904|Nick Adams|2022-02-02 21:30:45|1|0|10159530471933904|facebook
well said,thank you,🙂|10159532048588904|John Marche|2022-02-02 21:30:45|1|0|10159530471933904|facebook
they are also making it difficult for all of the truckers who want to work. It'll be harder for those men and women to put food on their tables with this circus in play.|10159531956093904|David J. MacNeil|2022-02-02 21:30:45|1|0|10159530471933904|facebook
Thank you for your post. Now if the ones commenting on this post can read. The media only reports what they think we want to hear. My father drove truck for 25 years and if he was here today he would be in Ottawa and I would be there with him.|10159531535683904|Lyn Squires|2022-02-02 21:30:45|1|0|10159530471933904|facebook
really|10159531530233904|Leanne Faye Torio|2022-02-02 21:30:45|1|0|10159530471933904|facebook
Over 90% of truckers are vaccinated. They are not anti-vaxxers. You should thank them for fighting against tyranny and for our freedom to choose.|10159531263533904|Judy Ann|2022-02-02 21:30:45|1|0|10159530471933904|facebook
👍👍👍|10159531048818904|Nancy Zettel|2022-02-02 21:30:42|1|0|10159530471933904|facebook
the entire convoy is full of fanatic rightists who are looking to ‘shut down ‘ Ottawa.|10159530981848904|Matty Mac|2022-02-02 21:30:42|1|0|10159530471933904|facebook
<<|10159531402513904|Bob Sobie|2022-02-02 21:30:46|1|0|10159530471933904|facebook
what mandates?|10159530799053904|Hawz Pton|2022-02-02 21:30:42|1|0|10159530471933904|facebook
|10159533036913904|Teya Shearing|2022-02-02 21:30:38|1|0|10159530471933904|facebook
10 s of thousands are protesting unconstitutiona l mandates. That’s what we’re doing.|10159532876443904|Barbara Bout|2022-02-02 21:30:38|1|0|10159530471933904|facebook
So you accuse the right wing with fascism? Lol, fascism starts with left wing governments.|10159532317168904|Larry Aelterman|2022-02-02 21:30:38|1|0|10159530471933904|facebook
Says who, and where do you get your information. These are working truckers and you have already branded them as criminals. Sad|10159531531643904|Violet Morag|2022-02-02 21:30:38|1|0|10159530471933904|facebook
wanna bet?|10159531263798904|Cindy Sguazzin|2022-02-02 21:30:37|1|0|10159530471933904|facebook
yes it is. This is not the anti fascist group of the past.|10159531199683904|Kathy Atkin|2022-02-02 21:30:37|1|0|10159530471933904|facebook
yup and generally its the police that cause this,|10159531073398904|Michael H Stenz|2022-02-02 21:30:37|1|0|10159530471933904|facebook
👍👍👍|10159531048508904|Nancy Zettel|2022-02-02 21:30:37|1|0|10159530471933904|facebook
these are your fellow citizens, who told you they are here to be violent?|10159530640983904|David Crowley|2022-02-02 21:30:37|1|0|10159530471933904|facebook
oh brother!|10159530630903904|Carol Gammel|2022-02-02 21:30:37|1|0|10159530471933904|facebook
what’s funny about a bunch of violent anarchists??? They’ve already threatened organizers. Please don’t tell me you are a sympathizer.|10159530593938904|Kathy Atkin|2022-02-02 21:30:37|1|0|10159530471933904|facebook
do you even know what antifa means my father fought against fascism but now it seems ok to have fascism with the right wing|10159530590983904|Teya Shearing|2022-02-02 21:30:37|1|0|10159530471933904|facebook
More like undercover operatives, in hong kong protests piles of bricks appeared suddenly along the streets the night before.|10159530579308904|Sam Wong|2022-02-02 21:30:37|1|0|10159530471933904|facebook
and replace Trudeau with what? He's in a minority position as it is!|10159535237443904|Richard Evans|2022-02-02 21:30:36|1|0|10159530471933904|facebook
WELL SAID. Edna|10159531402813904|Bill Davis|2022-02-02 21:30:36|1|0|10159530471933904|facebook
not so|10159533038768904|Teya Shearing|2022-02-02 21:30:38|1|0|10159530471933904|facebook
....while some of those trouble makers will be planted by CSIS or Canadian government agencies like this? : https:// ottawacitizen.co m/news/ national/ defence-watch/ military-leaders -saw-pandemic-a s-unique-opport unity-to-test-p ropaganda-techn iques-on-canadi ans-forces-repo rt-says|10159533412353904|Rich Knowles|2022-02-02 21:30:38|1|0|10159530471933904|facebook
all media has lost there objectivity! They do not fairly represent all sides.  They media has lost all credibility. They have discussion panels that are completely one narrative.|10159532749403904|Jennipher Booker|2022-02-02 21:30:38|1|0|10159530471933904|facebook
hes a coward|10159532320483904|Trevor Altman|2022-02-02 21:30:40|1|0|10159530471933904|facebook
oh such a big party you 🤡|10159530684863904|Leanne Faye Torio|2022-02-02 21:30:42|1|0|10159530471933904|facebook
huh|10159531209008904|Vaughan McQuade|2022-02-02 21:30:41|1|0|10159530471933904|facebook
OK, Qanon Buffalo Hat man.|10159531155623904|Alex Buchanan|2022-02-02 21:30:41|1|0|10159530471933904|facebook
and the billions for the pointless vax pass was money well spent ??? it has accomplished nothing positive|10159531685163904|Marty Macdonald|2022-02-02 21:30:41|1|0|10159530471933904|facebook
. If you think so? You should be thankful some Canadians are standing up for YOURS and other sheeple’s rights.|10159531586813904|Chuck Audette|2022-02-02 21:30:41|1|0|10159530471933904|facebook
OK if you say so.|10159531533033904|Lyn Squires|2022-02-02 21:30:41|1|0|10159530471933904|facebook
and he's vaxed..supposed ly. what a whinny coward.|10159531394908904|Mike Johnson|2022-02-02 21:30:40|1|0|10159530471933904|facebook
Me, too!|10159535264268904|Richard Evans|2022-02-02 21:30:39|1|0|10159530471933904|facebook
millions? Few hundred morons who do not understand the social contact and that rights are counter by responsibilitie s.|10159531134428904|Senia Ra|2022-02-02 21:30:39|1|0|10159530471933904|facebook
look how many millions are being wasted on the rcmp etc who are trying to secure Ottawa from the likely violent group . So the so called “freedom” group find it okay that taxpayers are on the hook for a massive security bill? Hypocrites. Maybe the convoy should pay the security invoice from their go fund me account? Would cover a bit of it|10159531106488904|Craig Sandford|2022-02-02 21:30:39|1|0|10159530471933904|facebook
am I?! You sound so sincere….|10159531093553904|Craig Sandford|2022-02-02 21:30:39|1|0|10159530471933904|facebook
not a lot of support when you look at the big picture. Looks like a repeat of the capital hill last January.|10159531091833904|Craig Sandford|2022-02-02 21:30:39|1|0|10159530471933904|facebook
The March of the Ignorant  https:// health.mil/News/ Articles/2021/ 08/16/ Gen-George-Washi ngton-Ordered-S mallpox-Inocula tions-for-All-T roops|10159530747603904|Ren James Cassidy Moffat|2022-02-02 21:30:39|1|0|10159530471933904|facebook
I thought this rally is not about the vaccine, it's about the division of Canadians vaccinated vs unvaccinated that the government is creating? Is this true?|10159530677928904|Eric Stephano|2022-02-02 21:30:39|1|0|10159530471933904|facebook
<<|10159531401893904|Bob Sobie|2022-02-02 21:30:46|1|0|10159530471933904|facebook
Yes, exactly all of them. The system in a whole is broken.|10159531536983904|Kristen Dawn|2022-02-02 21:30:46|1|0|10159530471933904|facebook
they only annoy the selfish and spineless.|10159530616328904|Sam Wong|2022-02-02 21:30:55|1|0|10159530471933904|facebook
Preston Hawes here's a collection of the talking heads saying just that, including Fauci and the CDC director..  https:// youtu.be/ 6d5U560szp4|10159533664793904|Rusty Shackleford|2022-02-02 21:30:50|1|0|10159530471933904|facebook
a great example is Woodstock or Frosh week- I doubt some of the people who attended Woodstock would have ever danced around topless had they not seen others doing it|10159531088378904|Michelle VanDamme|2022-02-02 21:30:52|1|0|10159530471933904|facebook
nope, just observation. Pick any massive gathering in Canada or the US in the last 10 years. Not all, but a sizable amount turned into uncontrolled mobs… whether it was a hockey game celebration or a political protest.|10159530700608904|Jame White|2022-02-02 21:30:52|1|0|10159530471933904|facebook
Try harder at journalism, seriously you’re going the way of the dodo 🦤|10159530569618904|Kylana Rogers-Hambling|2022-02-02 21:30:31|0|0|10159530471933904|facebook
Stop them at the edge of the city. Let them rally out in some field.|10159530822253904|Joel Scarf|2022-02-02 21:30:31|0|0|10159530471933904|facebook
"""Hard to predict"" Nice way of putting these people have no real prospects or anything to lose."|10159530719163904|Kristen Dawn|2022-02-02 21:30:31|0|0|10159530471933904|facebook
Just a show. Showing what who knows.|10159530537438904|John Snyder|2022-02-02 21:30:31|0|0|10159530471933904|facebook
Sure don’t rely on you or mainstream media to tell an unbiased story regarding this matter. I will only listen to livestream accounts from the truckers themselves. Media is why we are still in this pandemic spinning only one narrative.|10159531512193904|Rose Postalian|2022-02-02 21:30:31|0|0|10159530471933904|facebook
Stop making wrong headlines.|10159530562558904|ਜੱਬੋਵਾਲੀਆ ਇੰਦਰਜੀਤ ਸਿੰਘ|2022-02-02 21:30:31|0|0|10159530471933904|facebook
Preston shilling for the cdc 😢|10159534092623904|Ben Bliesner|2022-02-02 21:30:51|1|0|10159530471933904|facebook
- what makes you think I haven’t read it? My disagreement with you? That’s your own assumption to deal with.  I will recommend that you read in depth, with medically professional assistance, every report offered by the CDC that outlines the efficacy of vaccination.|10159534080828904|Hawz Pton|2022-02-02 21:30:51|1|0|10159530471933904|facebook
Ben,  Pharma, while not a beacon of empathy or perfection, does have expert advise when it comes to scientific research and medical knowledge.  I would pick that any day over a legacy politician.|10159534073493904|Hawz Pton|2022-02-02 21:30:51|1|0|10159530471933904|facebook
Preston Hawes no way, don’t believe a word that is written. Look up the people and stories that are cited. The books full of them. Call a naturopathic doctor to consult with. Your other choice is dictated by bug pharma and corrupt government.|10159534070658904|Ben Bliesner|2022-02-02 21:30:51|1|0|10159530471933904|facebook
- oh my lord.  Alright - so this comes down to whether or not I agree with an unhinged and unsourced partisan who throws around false equivalencies and conspiracy theories like Chocolate eggs at his uncle’s white house easter parties…|10159534060423904|Hawz Pton|2022-02-02 21:30:51|1|0|10159530471933904|facebook
Rusty - I’m not wrong about the transparency of the research scientists and health experts.  The CDC director said “our data SUGGESTS…” and she wasn’t wrong. It suggested it very strongly (95%) when that was recorded and they were up against only the Alpha variant. That was not a lie. This is how science speaks. Don’t blame the messenger when in service to partisanship you’ve read something between lines that is simply not there.|10159533746213904|Hawz Pton|2022-02-02 21:30:50|1|0|10159530471933904|facebook
"Preston Hawes If that makes you feel good. The vaccine has not stopped any transmission, they're not even pretending anymore. Isreal has topped, once again, historic cases. It's almost like it's irrelevant whether you're vaccinated or not. The vaccine is not preventing you from catching or spreading it. When the CDC director said the vaxxed ""don't carry the virus, don't get sick"" as per that video, that was a lie, a huge lie.  They've since moved on to hospitalization s, even then...lol. You'd be better off being fit, 30 and unvaxxed rather than 60 and vaxxed."|10159533730728904|Rusty Shackleford|2022-02-02 21:30:50|1|0|10159530471933904|facebook
The Quebec City protests at the Summit of the Americas in 2001 is another great example. About 100,000 peaceful protesters were undone by less than 100 people with a violent agenda breaking down a fence. The whole thing devolved into chaos. I had friends that had bused up their with our university. I'm so thankful I had to work instead, they were messed up for days from the tear gas, and were pretty shaken up by what happened.|10159531451338904|Brittany Trusler|2022-02-02 21:30:52|1|0|10159530471933904|facebook
Maybe restaurants and such should just identify themselves as NOT requiring a vaccine or masks. Then let the public decide if they wish to dine/shop/work out there.|10159535280273904|Richard Evans|2022-02-02 21:30:34|0|0|10159530471933904|facebook
Hope the army is on standby.|10159531198638904|Rodriguez Teresa|2022-02-02 21:30:34|0|0|10159530471933904|facebook
and when they go to jail they need a gluten free, non GMO organic diet.|10159531117433904|Kay Em Jay|2022-02-02 21:30:53|1|0|10159530471933904|facebook
You mean we'd be a lot safer, such as in New Hampshire? https:// mises.org/wire/ few-gun-laws-new -hampshire-safe r-canada#:~:tex t=In%20New%20Ha mpshire%2C%20th e%20homicide,of %20homicide)%20on%20planet %20earth.|10159530731368904|Justin Leigh|2022-02-02 21:30:54|1|0|10159530471933904|facebook
lmfao that's the dumbest thing I've ever heard. You libtard democrack heads need to get a new hobby.|10159530701073904|Joshua Morris Aaron Shlanger-Katz|2022-02-02 21:30:54|1|0|10159530471933904|facebook
another troll. All coming out of the woodwork. Lol.|10159530695338904|Kathleen Baylis|2022-02-02 21:30:54|1|0|10159530471933904|facebook
of Course Brittany…. It is the job of the police … to be aware and prepared … any issues arising in Ottawa …. Regardless of what is posted….|10159531405288904|Debbie Andruniak|2022-02-02 21:30:53|1|0|10159530471933904|facebook
exactly! Trudeau is wanting people to believe what he is say but he’s the idiot who thinks that the truckers are a minority|10159530618643904|Denise Anne Griese|2022-02-02 21:30:53|1|0|10159530471933904|facebook
And be sure to tell everyone that since you're White you won't be arrested or go to jail 😉|10159535249493904|Richard Evans|2022-02-02 21:30:53|1|0|10159530471933904|facebook
This is meant to be a peaceful protest I really hope people don't get crazy that will totaly screw everything up we all need to be on our best behaviour were trying to prove a point here not act like animals! People be smart please!|10159531245973904|Athelma Mary-Jane|2022-02-02 21:30:34|0|0|10159530471933904|facebook
Globe you’re so out of touch ... it’s about far far more than jab mandates|10159531327533904|Roxanne Mackenzie|2022-02-02 21:30:34|0|0|10159530471933904|facebook
and other supply chain things|10159531140288904|Lisa Cole|2022-02-02 21:30:52|1|0|10159530471933904|facebook
so you don't think with all the a warning they'll have made alternative Arrangements. You have no problem with these people waiting for treatment because of mandates?howeve r, a few hours of trucks going by is the problem? Get your head out of the sand.|10159531128468904|Connie Arruda|2022-02-02 21:30:52|1|0|10159530471933904|facebook
blame Trudeau|10159531106063904|Beavis Griffin|2022-02-02 21:30:52|1|0|10159530471933904|facebook
👍👍👍|10159531051913904|Nancy Zettel|2022-02-02 21:30:52|1|0|10159530471933904|facebook
Some road blocks would stop this convoy of misinformation.|10159531942878904|David J. MacNeil|2022-02-02 21:30:34|0|0|10159530471933904|facebook
Mainstream news didn't want to give this story the time of day in the beginning, now that this event has grown into something bigger than they can ignore, all coverage must try to spin a negative narrative! 😐|10159531069693904|Hendrick Wingenroth|2022-02-02 21:30:34|0|0|10159530471933904|facebook
Rusty - of the three actual medical experts featured in that video, not a single one said it was 100% effective.  Also, these optimistic clips were from early to mid 2021, before Delta and Omicron had really taken off.  My statement stands. Find a single respected medical expert or research scientist who claimed the vaccines would be 100% effective 100% of the time. You’re going to have a hard time, because they transparently showed us they were NOT going to be effective 100% of the time. As I previously stated, the best they ever got to was about 95% effective at preventing infection.  (Maddow did make a false claim, I’ll give you that, but like you said she’s a talking head…like that airhead Ann Coulter, just on the Left. If you are grounding your belief that research scientists and health experts lied about the vaccine efficacy based on things people like Maddow said, that’s on you.)|10159533675463904|Hawz Pton|2022-02-02 21:30:50|1|0|10159530471933904|facebook
Rusty - that is a broad and sweeping (and mostly untrue) statement.  Research scientists and health experts never once said you could and would never catch and spread it if you are vaccinated. They revealed the results of their studies transparently.  The vaccines ranged from 85-95% effective at preventing infection of Alpha. When Delta emerged from the unvaccinated population of India in Dec. 2020 the efficacy of the vaccines was updated to reflect the effect the mutations of the virus had on the efficacy. When Omicron emerged from an unvaccinated population in South Africa several months ago, research scientists immediately got to work updating their recommendations given the data they have and are still compiling.  I challenge you to find a single respected scientist who claimed the vaccines were 100% effective.  Post it here, and let’s talk about it.|10159533653003904|Hawz Pton|2022-02-02 21:30:50|1|0|10159530471933904|facebook
I know -- bunch of fools|10159531271208904|Judy Hawkins|2022-02-02 21:30:47|1|0|10159530471933904|facebook
Preston Hawes Those same experts that told us you couldn't catch and spread the virus if you were vaccinated? Yea, hard pass on the medical tyranny of your technocratic utopia. Maybe everyone should humble themselves.|10159533647133904|Rusty Shackleford|2022-02-02 21:30:50|1|0|10159530471933904|facebook
Yes Canada were the PM labels you a racist, terrorist, etc.|10159530561798904|Fitzroy Antdantilus|2022-02-02 21:30:49|1|0|10159530471933904|facebook
The only violence protests in the U.S. has been the BLM, actually setting up fires and burning building. But if you think a single spear can overthrow a government god help you.|10159530560573904|Sam Wong|2022-02-02 21:30:49|1|0|10159530471933904|facebook
peaceful protests or mostly peaceful protests?|10159530559908904|Darren Murtha|2022-02-02 21:30:49|1|0|10159530471933904|facebook
DL McNhic The river bank.|10159530547508904|John Currie|2022-02-02 21:30:49|1|0|10159530471933904|facebook
Lol as long as the fbi doesn't send anyone it'll be fine.|10159530497043904|Dan Carroll|2022-02-02 21:30:49|1|0|10159530471933904|facebook
no he doesn’t .Trudeau just makes crap up.|10159531298828904|Louise Michelle|2022-02-02 21:30:48|1|0|10159530471933904|facebook
Here come the goons!|10159531947498904|David J. MacNeil|2022-02-02 21:30:48|1|0|10159530471933904|facebook
lol you are funny. I am Canadian. I got my 2 shots in Montreal April and June.|10159531650108904|Linda Morneau|2022-02-02 21:30:47|1|0|10159530471933904|facebook
Mandate Freedom!👏🇨🇦🇨🇦|10159530719108904|George Perianu|2022-02-02 21:30:31|0|0|10159530471933904|facebook
Waste of resources. Come peacefully or go home.|10159530948068904|Celina Oliveira-Stipanic|2022-02-02 21:30:31|0|0|10159530471933904|facebook
Expect the worst...good place to start|10159530567678904|Ruth Meeker-Stamp|2022-02-02 21:30:31|0|0|10159530471933904|facebook
yes, I work in supply chain. Haven't seen that much driver impact compared some places especially in the U.S. right now with 15 % manpower off with Covid or in quarantine.|10159535672468904|Trish Robinson|2022-02-02 21:30:47|1|0|10159530471933904|facebook
I doubt the GG will bend to that whim.|10159535235378904|Richard Evans|2022-02-02 21:30:47|1|0|10159530471933904|facebook
100,000 trucks won't fit in Ottawa. And holding a city hostage to petulant demands isn't a very good bargaining chip. Not to mention an underground LRT system that allows everyone to come and go from the downtown core without using the streets.|10159535222858904|Richard Evans|2022-02-02 21:30:47|1|0|10159530471933904|facebook
There will be a lot of goons yelling at empty buildings. The silver lining, is that if they do try to breach our Parliament, there will be no one there to harm.|10159531949848904|David J. MacNeil|2022-02-02 21:30:47|1|0|10159530471933904|facebook
Funny. I guess you haven’t seen how many on team not-sheep have been calling for violence and suggesting civil war is the only way out of this lol.|10159530580713904|Josie Bradford|2022-02-02 21:30:49|1|0|10159530471933904|facebook
DL McNhic I feel the same, we have to peacefully stand up, Im sure JT is looking for or sent in a pastie to try and deflect from the truth, I hope folks don't just react.WE are gathering at the hill to end the passive-aggress ive tyranny, WE are the people. If they come with their guns look them in the eye and sit down, let them carry you away. This needs to end.|10159530590393904|Ange Lynde|2022-02-02 21:30:49|1|0|10159530471933904|facebook
DL McNhic - yes, take a line from Trump’s playbook and accuse the other side before it happens even while waving your flags in the air.|10159530805858904|Hawz Pton|2022-02-02 21:30:49|1|0|10159530471933904|facebook
you think Ottawa has been fostering liberty through this mess? That’s crazy talk. The US has its own big problems, that does not take away from the movement up north. In fact the US medical and pharma cabal are at the root of the tyranny. I’m happy to see and will throw my support to anyone fighting the global pandemic of tyranny.|10159532490368904|Ben Bliesner|2022-02-02 21:30:50|1|0|10159530471933904|facebook
Rusty - of course I realize that. I grew up around truckers, I have close family members who are truckers. I’m not speaking from a point of complete ignorance.  I also know that truckers have found innovative ways of moving product in the face of many other regulations they at first grumbled about.  That said, if the coordinated border response between US and Canada is influenced at all to be ended, I hope to god it’s based on recommendations that health experts and research scientists have developed using real life verifiable data, and not influenced by some riled up “Google warriors” who believe they’ve more perspective and information than the global predominance of actual expertise.|10159533555088904|Hawz Pton|2022-02-02 21:30:50|1|0|10159530471933904|facebook
Preston Hawes you realize that if a trucker has to quarantine for 14 days they wont be able to drop their load in time and thus, can't run that load, so saying that Canada isn't doing anything other than inconveniencing people is disingenuous.|10159533156743904|Rusty Shackleford|2022-02-02 21:30:50|1|0|10159530471933904|facebook
Preston Hawes Do you not understand that this vax mandate was a coordinated effort by both sides of the border and the governments on both side support this? They want our government to end this and to petition the US government to do the same, in as much a coordinated effort as they brought this in.|10159533142148904|Rusty Shackleford|2022-02-02 21:30:50|1|0|10159530471933904|facebook
Rusty - hot out of the barn with your loaded question fallacy guns blazing, but ignoring the factual questioning I posed above.  Typical move of those whose platform is emotionally built on ideology over logic.  Gitterdun, Ace. 🙄✌🏼|10159533123488904|Hawz Pton|2022-02-02 21:30:50|1|0|10159530471933904|facebook
Preston Hawes What is about liberty that bothers you the most? Is it the idea of being responsible for yourself or that you can't force other people to do what you want?|10159533102138904|Rusty Shackleford|2022-02-02 21:30:50|1|0|10159530471933904|facebook
- when freedom goes unrecognized, and inconvenience is equated with “loss of freedom”, it is pointless partisanship.  Again - I’ll ask; is it Canada that restricts its citizen from travel to the US?  It is not.|10159532583598904|Hawz Pton|2022-02-02 21:30:50|1|0|10159530471933904|facebook
Rusty - What freedom is being taken from Canadians by the Canadian government when by Canadian law Canadian truckers can freely move across the border, vaxxed or not?  None. That’s the answer. That’s why it’s partisan.|10159532428623904|Hawz Pton|2022-02-02 21:30:50|1|0|10159530471933904|facebook
if the fanatic rightists err I mean, ‘truckers’ say that it’s going to be peaceful, you trust them?! Lmao|10159530986293904|Matty Mac|2022-02-02 21:30:49|1|0|10159530471933904|facebook
Preston Hawes Oh? How is this more partisan than about freedom? What party does this convoy represent? Not the conservative party, definitely not the liberals.|10159532427353904|Rusty Shackleford|2022-02-02 21:30:50|1|0|10159530471933904|facebook
Preston Hawes it is partisan only because some do not understand. You shill for the worst of humanity if you do not appreciate the motivation of those demanding freedom.|10159532427318904|Ben Bliesner|2022-02-02 21:30:50|1|0|10159530471933904|facebook
Ben - again; answer me why they’re headed to Ottawa when it’s not Ottawa keeping Canadian truckers out of the US supply line…|10159532427238904|Hawz Pton|2022-02-02 21:30:50|1|0|10159530471933904|facebook
Rusty - because it entirely misses the mark of Freedom for partisanship.  How is that not obvious?|10159532425438904|Hawz Pton|2022-02-02 21:30:50|1|0|10159530471933904|facebook
Preston Hawes may lady liberty smack some sense into that thick skull eh?|10159532424178904|Ben Bliesner|2022-02-02 21:30:50|1|0|10159530471933904|facebook
🇺🇸 Hell ya truckers!! Let freedom ring!|10159530511503904|Ben Bliesner|2022-02-02 21:30:31|0|0|10159530471933904|facebook
Canadians waking up. Finally.|10159531262278904|Andrew Fisher|2022-02-02 21:30:35|0|0|10159530471933904|facebook
