﻿comment|comment_ids|username|datetime|isreply|num_replies|post_id|label
Media can't stand that this hasn't become a violent protest, but Canadians are good people (and people supporting abroad!) and we are seeing that from coast to coast. I support the truckers too, don't forget you have food on the table because of them and farmers.|10159548539073904|Mark Rubello|2022-02-02 21:44:17|0|6|10159548489138904|facebook
now you can read minds? That's awesome!|10159549930578904|Archie Shields|2022-02-09 21:44:29|1|3|10159548489138904|facebook
I finally get into a clinic at Mt Sinai from it being closed for 2 years. I’ve had a bronchial infection for 2 years. Of course all lung tests were cancelled as they couldn’t clean the machines that thoroughly. I’m finally in! Yaaaay! Then these guys come and University is closed. Because of these anti guys, I’m never going to get out of this bed. But hey, you have your selfish reasons, right? 🤦🏻‍♀️|10159548524598904|Lori Anne Stoute|2022-02-02 21:44:18|0|3|10159548489138904|facebook
I have and don't recall it being like the old west where everyone had a gun on their hip.|10159548628753904|Sandy Marr|2022-02-02 21:44:21|1|2|10159548489138904|facebook
except they have. Please post your address so we can come block your house while blasting horns. It will only last for awhile.|10159548584648904|Peter Ross|2022-02-02 21:44:21|1|2|10159548489138904|facebook
WOW!|10159548555173904|Archie Shields|2022-02-02 21:44:29|1|2|10159548489138904|facebook
the protest is a joke|10159548531733904|Josh Field|2022-02-02 21:44:23|1|2|10159548489138904|facebook
Ya cus a bunch of moms is so dangerous lmao  https:// www.nytimes.com/ 2020/07/27/ parenting/ wall-of-moms-pro tests.amp.html|10159548562418904|Matt Tingey|2022-02-02 21:44:26|1|2|10159548489138904|facebook
Justin has a minority government, all it takes is a vote of confidence similar to what just happened to the Conservative party. The only thing propping him up currently is the NDP and the Block Quebecoi. If there not happy this government will fall. There have been shorter term Canadian governments than current. Campbell and Marten come to mind.|10159548589898904|Archie Shields|2022-02-02 21:44:29|1|2|10159548489138904|facebook
We are good, no threats of violence from this group just threats from the media and establishment to be concerned about.|10159548533913904|Peter McGregor|2022-02-02 21:44:17|0|2|10159548489138904|facebook
Cancel their health benefits . Don’t give them jobs. Everyone will be back to where they belong. (Home)|10159548645998904|Prince Kathuria|2022-02-02 21:44:17|0|2|10159548489138904|facebook
you have your opinion and I along with the majority have ours.|10159548596083904|Archie Shields|2022-02-02 21:44:29|1|2|10159548489138904|facebook
Just because you're an incredibly selfish person and doesn't mean it shouldn't be.|10159549917988904|Will Bedford|2022-02-09 21:44:29|1|2|10159548489138904|facebook
Why don't you just moved to England if you are so unhappy and do us all a favor.|10159549938488904|Will Bedford|2022-02-09 21:44:29|1|1|10159548489138904|facebook
Really? Nice rebuttal though. Lol.|10159548542903904|Anthony Fornasier|2022-02-02 21:44:25|1|1|10159548489138904|facebook
ya not in poor peaceful Canada , where we look the other way while seniors ,disabled veterans struggle day by day .|10159548620588904|Angela Dawn Marrs|2022-02-02 21:44:25|1|1|10159548489138904|facebook
Interesting how they elites hate it when workers use a tiny portion of their power|10159548517073904|Chuck Seward|2022-02-02 21:44:17|0|1|10159548489138904|facebook
Listen to these people. Simply listen! You went all out when other groups actually DID go on rampages: looting, arson, destruction of property. These are husbands and wives, mothers and fathers, hardworking family units. Surely even the leftist media can spot the difference.|10159548525883904|Cathy Kotzé|2022-02-02 21:44:17|0|1|10159548489138904|facebook
Since you don't even live in Canada, your opinion means nothing.|10159548541383904|Matt Miller|2022-02-02 21:44:25|1|1|10159548489138904|facebook
No one in their right minds could think that government policy should be implemented because some guys are wandering the streets howling and honking horns Maybe in China or Russia. But not in Canada.|10159548537203904|Anthony Fornasier|2022-02-02 21:44:17|0|1|10159548489138904|facebook
Portland, PEI, right?|10159548956063904|Edward R Yatscoff|2022-02-02 21:44:26|1|1|10159548489138904|facebook
I mean we are watching the collapse of the Conservative party in real time so|10159548561208904|Matt Tingey|2022-02-02 21:44:31|1|1|10159548489138904|facebook
So tired of media narrative|10159548588768904|Sue Craig|2022-02-02 21:44:17|0|1|10159548489138904|facebook
We don’t trust media anymore,|10159549615218904|Jean English|2022-02-09 21:44:17|0|1|10159548489138904|facebook
|10159548560658904|Matt Tingey|2022-02-02 21:44:28|1|1|10159548489138904|facebook
this new variant has only been around since November. How fast do you expect the scientists to gather information and how fast do you expect the government's to react to it?|10159548556168904|Will Bedford|2022-02-02 21:44:29|1|1|10159548489138904|facebook
You are dead set on making this a horrible situation when its nothing but a massive peaceful protest. I went downtown with my kiddos this morning. Beautiful atmosphere. No danger. No fear. No hate. Stop lying, seriously!|10159548509918904|Daniel Lavigne|2022-02-02 21:44:17|0|1|10159548489138904|facebook
yeah we got it, you hate foreigners. You complain about .27% of the GDP going towards foreign, down from the previous conservative government, countries but have no problems with the billions being spent on subsidies to rich oil companies. Feed starving children Archie hates that stuff, feed Uber Rich Chinese oil company executives, where does Archie sign up?|10159549929298904|Will Bedford|2022-02-09 21:44:29|1|1|10159548489138904|facebook
Just because it's always been done doesn't mean it's the right thing to do.|10159549916853904|Archie Shields|2022-02-09 21:44:29|1|1|10159548489138904|facebook
every time a vote happens and the government changes parties|10159549922003904|Archie Shields|2022-02-09 21:44:29|1|1|10159548489138904|facebook
What I expect from the government at present isn't possible, that being honesty, integrity, respect and transparency.|10159548560813904|Archie Shields|2022-02-02 21:44:29|1|1|10159548489138904|facebook
in this case what you expected from the government is to do what you want them to do. Indeed it may be time to drop mandates however a bunch of people trying to bully the government with an illegal protest into doing it isn't going to help. This much I can guarantee you.|10159548564643904|Will Bedford|2022-02-02 21:44:29|1|1|10159548489138904|facebook
I guess we'll just have to wait an see the outcome. Note: The government is supposed to work for us and act accordingly. The majority of Canadians now are not happy with the current federal government.|10159548579768904|Archie Shields|2022-02-02 21:44:29|1|1|10159548489138904|facebook
Archie, when was the last time you saw a Canadian government step down because people were unhappy with them?|10159548583383904|Will Bedford|2022-02-02 21:44:29|1|1|10159548489138904|facebook
so you're asking for another federal election basically. How much do they cost again?|10159548592258904|Will Bedford|2022-02-02 21:44:29|1|1|10159548489138904|facebook
You seem to think that the majority of Canadian Citizens support your miss guided hateful group.|10159548593523904|Lida Currie|2022-02-02 21:44:29|1|1|10159548489138904|facebook
Under the Conservatives (2006-2015), Canada’s official development assistance (ODA) averaged 0.30% of gross national income (GNI), the standard measure used to compare aid levels. When the Liberals were first elected in 2015, ODA stood at 0.28% of GNI, a ratio that the Trudeau government has never surpassed. In fact, in 2019, that figure fell to 0.27%, down from 0.28% the previous year.|10159548598903904|Will Bedford|2022-02-02 21:44:29|1|1|10159548489138904|facebook
are you trying to convince me or yourself that Trudeau's the man for the job?|10159549538493904|Archie Shields|2022-02-09 21:44:29|1|1|10159548489138904|facebook
no I think he's an idiot. However as the stats show above your arguing point is ridiculous.|10159549903773904|Will Bedford|2022-02-09 21:44:29|1|1|10159548489138904|facebook
The stats that count are the overwhelming support for the convoys as they continue to grow and Provincial governments now to their demands like dominoes.|10159549909148904|Archie Shields|2022-02-09 21:44:29|1|1|10159548489138904|facebook
notice how protests are ok as long as it doesn't involve anyone with any actual power Kinda like how the railroad unions aren't allowed to.strike|10159548564253904|Chuck Seward|2022-02-02 21:44:31|1|1|10159548489138904|facebook
Well when people protest at work it’s called a strike|10159548565018904|Matt Tingey|2022-02-02 21:44:31|1|1|10159548489138904|facebook
Archie if you're going to keep flip flopping all over just go away. I prove you wrong in one direction and you just bring up more b******* in another place. It's time for your metamucil.|10159549914418904|Will Bedford|2022-02-09 21:44:29|1|1|10159548489138904|facebook
your ancestors would be ashamed of you after what they endured under the British. Or maybe you’re a descendant of traitors who aided and abetted them in the violence they perpetrated on the good people of India.|10159549001563904|Jeff Fuhrman|2022-02-02 21:44:32|1|1|10159548489138904|facebook
Honking horns all day and night (120 decibels) is violence.|10159548774748904|Eric Tompkins|2022-02-02 21:44:21|1|1|10159548489138904|facebook
"An interesting article appeared in a major US newspaper today entitled ""Covid is Less Deadly in Countries where there is trust."" The countries that are doing well; like the Nordic Countries such as Norway, Denmark, and Sweden have a high degree of confidence in their government. Something to think about Canada."|10159548740833904|Brian Hamilton|2022-02-02 21:44:17|0|1|10159548489138904|facebook
“Fringe Minority”|10159548512308904|Matt Wilson|2022-02-02 21:44:17|0|1|10159548489138904|facebook
Sorry freak. It’s all over the news, but you need to know how to read.|10159548710003904|Peter Ross|2022-02-02 21:44:21|1|1|10159548489138904|facebook
That’s because they stow them under their seats 😆|10159548645758904|Matt Tingey|2022-02-02 21:44:21|1|1|10159548489138904|facebook
You don’t think any of those big rigs have weapons lol Have you ever been to a truck rally? Lmao|10159548557168904|Matt Tingey|2022-02-02 21:44:21|1|1|10159548489138904|facebook
You got it. The libs and their paid for media are pissed that there isn't rioting, looting and destroying public property like other protests.|10159548547108904|Sandy Marr|2022-02-02 21:44:21|1|1|10159548489138904|facebook
Mary Ramos the news is a joke for sure!|10159548522583904|Jodi Fraser|2022-02-02 21:44:23|1|1|10159548489138904|facebook
That is your opinion|10159548543673904|Jodi Fraser|2022-02-02 21:44:23|1|1|10159548489138904|facebook
"If Trudeau was doing his job, we wouldn't be in this situation. In his capacity as prime minister, Trudeau's job is to treat all Canadians equally and to address the concerns of all Canadians whether or not, they agree with his policies. When our Indigenous people set up road blockades to protest pipelines, Trudeau listened to their concerns yet when our truckers set up road blockades, Trudeau instantly dismissed them as being racist and refused to listen to them. Former Sergeant-at-Arm s Kevin Vickers is right that there should be respect when it comes to dialogue with the truckers’ convoy. As he advises, ""Respect actually means listening to something you’d rather not hear and listening must include the possibility of recognizing there may be a meaningful grievance on the other side.” If Trudeau can't do his job, he needs to step down."|10159548639173904|Marilyn Taylor|2022-02-09 21:44:17|0|1|10159548489138904|facebook
you are a joke|10159548552913904|Hill RK|2022-02-02 21:44:23|1|1|10159548489138904|facebook
means nothing coming from the likes of you|10159548553833904|Josh Field|2022-02-02 21:44:23|1|1|10159548489138904|facebook
Mary Ramos ok|10159548557688904|Hill RK|2022-02-02 21:44:23|1|1|10159548489138904|facebook
whatever you say sweetheart|10159548559118904|Josh Field|2022-02-02 21:44:23|1|1|10159548489138904|facebook
Peaceful, it was never about that from the get go.|10159548647153904|Kevin Rurka|2022-02-02 21:44:18|0|1|10159548489138904|facebook
funny all Hospitals are open. University Health Network @UHN We are aware of the planned protests taking place at Queen's Park this weekend and it is likely that traffic will mean it will be harder for staff and patients to get to the hospital. UHN will go forward with care appointments. 1/7 4:46 PM · Feb 4, 2022·Twitter Web App|10159548554343904|Randy Gaunt|2022-02-02 21:44:35|1|0|10159548489138904|facebook
👍👍👍|10159548796348904|Nancy Zettel|2022-02-02 21:44:34|1|0|10159548489138904|facebook
JT's spending is out of control and there will come a time when it not only won't be sustainable but will be rejected by Canadians.|10159549920103904|Archie Shields|2022-02-09 21:44:29|1|0|10159548489138904|facebook
Why can’t you get out of bed even though the street is shut down?|10159548534243904|Rock|2022-02-02 21:44:35|1|0|10159548489138904|facebook
As long as powercorp dont get it we should stand!|10159548883113904|Richer Desalliers|2022-02-02 21:44:18|0|0|10159548489138904|facebook
❤️👍👍👍|10159548796988904|Nancy Zettel|2022-02-02 21:44:35|1|0|10159548489138904|facebook
Outright lie.|10159548550618904|Brent Iampen|2022-02-02 21:44:18|0|0|10159548489138904|facebook
Ain't been no violence ...|10159548546348904|Shane O'Hara|2022-02-02 21:44:18|0|0|10159548489138904|facebook
but then are ordered back to work, why, because the elites hate workers using their power|10159548565963904|Chuck Seward|2022-02-02 21:44:31|1|0|10159548489138904|facebook
They gonna taser some hockey players and skateboarders again?|10159548980003904|Kevin Delecto|2022-02-02 21:44:17|0|0|10159548489138904|facebook
Way to whip up the violence G&M.|10159549204803904|Steve Beinicke|2022-02-02 21:44:17|0|0|10159548489138904|facebook
Poor Archie the federal employee thinks too much money is being spent to help people because he never got any covid money.|10159549934188904|Will Bedford|2022-02-09 21:44:29|1|0|10159548489138904|facebook
“Diversity in the world is a basic characteristic of human society, and also the key condition for a lively and dynamic world as we see today.”—Jintao Hu|10159548538778904|Michelle Virdee|2022-02-02 21:44:17|0|0|10159548489138904|facebook
The one thing this epidemic made evident and which is frightening:  The surprisingly large number of people who have autocratic tendencies that live among us.|10159549388883904|Moigradeanu Alexandru|2022-02-02 21:44:17|0|0|10159548489138904|facebook
Well it's its pretty obvious that's what you were thinking when that's what you brought up.|10159549937238904|Will Bedford|2022-02-09 21:44:29|1|0|10159548489138904|facebook
That looks like an angry mob waiting to riot, burn buildings then attack the citizens and police......... .instead of the Winter Carnaval atmosphere that is pictured here with the citizens enjoying the day.|10159548542448904|Randy Joy|2022-02-02 21:44:17|0|0|10159548489138904|facebook
keep your opinion to yourself, not welcome.|10159549032938904|Prince Kathuria|2022-02-02 21:44:32|1|0|10159548489138904|facebook
Open your eyes / ears to what's happening. Read the comments to anything Justin posts or for that matter what the main stream media posts. Watch what's happening in Canada and around the world and read the comments posted with the videos. You don't like what I have to say then don't read my comments. You don't like what's happening in spite of your beliefs then turn off your computer. I have no problem with your right to speak your mind and would never wish you leave this country nore would I characterise you as unhappy. You have the right to your opinion as do I, like it or not.|10159550021278904|Archie Shields|2022-02-09 21:44:29|1|0|10159548489138904|facebook
Very peaceful, good to see Canadians gathering, loved all the speakers, amazing Doctors that spoke. Lots of financial revenue for the businesses after suffering financial hardships from lockdowns and mandates.|10159548805638904|Marie Sacco|2022-02-02 21:44:17|0|0|10159548489138904|facebook
The more they crack down on libery loving people the more they will come to join the protests. Its already to the point where the trucker part is just the central point but the mouvement is growing exponentially against our leftwing liberal despots|10159548523183904|Moigradeanu Alexandru|2022-02-02 21:44:17|0|0|10159548489138904|facebook
👍👍👍|10159548795953904|Nancy Zettel|2022-02-02 21:44:32|1|0|10159548489138904|facebook
you are right. That still seems like too many people. How about low IQ morons?|10159551188928904|DH Tremblett|2022-02-09 21:44:31|1|0|10159548489138904|facebook
It's time to start holding the anti vaxer's legally responsible for their lies and actions.|10159551731643904|Manfred Forest|2022-02-09 21:44:17|0|0|10159548489138904|facebook
What a joke the media has become ,you don’t report the good you love to spread fear for the $$$|10159548617213904|Angela Dawn Marrs|2022-02-02 21:44:17|0|0|10159548489138904|facebook
governments have always had a budget for international aid. You know this Archie.|10159548596138904|Will Bedford|2022-02-02 21:44:29|1|0|10159548489138904|facebook
sure by all means but what are you protesting for?|10159548983448904|Roy Keessar|2022-02-02 21:44:21|1|0|10159548489138904|facebook
Threats of violence 🤣 so many lies! I'm not sure how it is legal to write and broadcast lies and pass it if as real😡|10159548516663904|Jodi Fraser|2022-02-02 21:44:17|0|0|10159548489138904|facebook
Globe and Mail turns to crap, that’s what the headline should read!|10159548513728904|Doug Wilcox|2022-02-02 21:44:17|0|0|10159548489138904|facebook
What violence?|10159548555593904|Robbie Vaughnn|2022-02-02 21:44:17|0|0|10159548489138904|facebook
The Globe and Mail is concerned because they know their funding is coming to an end. No more taxpayer funded propaganda. Soon.|10159548629823904|Randy TeBokkel|2022-02-02 21:44:17|0|0|10159548489138904|facebook
political science.|10159550572168904|David Buder|2022-02-09 21:44:21|1|0|10159548489138904|facebook
violence? Wow are you serious? It’s noise pollution not violence. There’s no violence going on. Only in your head which seems to be in the sand…|10159555389428904|Joe Knight|2022-02-09 21:44:21|1|0|10159548489138904|facebook
evidence that media can't stand it has not become violent|10159549374783904|Paderick Rose|2022-02-02 21:44:21|1|0|10159548489138904|facebook
You’re right. The police, ministry of transportation and border guards would never think of looking there.|10159548817613904|Sandy Marr|2022-02-02 21:44:21|1|0|10159548489138904|facebook
a lot less than Justin's hemoraging of our tax monies all over the planet.|10159548594113904|Archie Shields|2022-02-02 21:44:29|1|0|10159548489138904|facebook
: The truckers busy working are the ones bringing food to my table. The ones honking downtown are useless.|10159548747118904|Miles Chandler|2022-02-02 21:44:21|1|0|10159548489138904|facebook
libtard|10159548686458904|Lisa Nick Van Veen|2022-02-02 21:44:21|1|0|10159548489138904|facebook
I'm sure you have video proof of mobs smashing windows and assaulting people or you wouldn't say they have. Please share. And if they were by my place I'd be bbqing burgers and hotdogs for them then join them. Now, let's see that video proof you have.|10159548625208904|Sandy Marr|2022-02-02 21:44:21|1|0|10159548489138904|facebook
So true!|10159548558778904|Zina LS|2022-02-02 21:44:21|1|0|10159548489138904|facebook
Time for an election! 🙏🏼🚛|10159550052323904|Emma Burns|2022-02-09 21:44:20|1|0|10159548489138904|facebook
prove it|10159549374923904|Paderick Rose|2022-02-02 21:44:19|1|0|10159548489138904|facebook
We all know that’s the bait|10159548562563904|Matt Tingey|2022-02-02 21:44:19|1|0|10159548489138904|facebook
Mary Ramos Sure|10159548542348904|Jodi Fraser|2022-02-02 21:44:23|1|0|10159548489138904|facebook
put that racism on display for everyone like a good liberal.|10159548555823904|Hill RK|2022-02-02 21:44:23|1|0|10159548489138904|facebook
Mary Ramos because its true|10159548556393904|Hill RK|2022-02-02 21:44:23|1|0|10159548489138904|facebook
Mary Ramos why did you say lol?|10159548556718904|Hill RK|2022-02-02 21:44:23|1|0|10159548489138904|facebook
🤮|10159548556603904|Matt Tingey|2022-02-02 21:44:29|1|0|10159548489138904|facebook
and as it mutated it becomes weaker. Masks don't work and the Vax doesn't work as advertised just ask Justin. The mandates are also not working. There is no argument here just a difference in opinion so I guess we'll have to agree to disagree then.|10159548553858904|Archie Shields|2022-02-02 21:44:29|1|0|10159548489138904|facebook
"Posts like this will open the eyes / ears of Canadians or validate what we already believe about the main stream media. As provincial governments comply, national parties turf ineffective leaders and the Canadian government holds a vote of confidence to do the same, all while the ""FRINGE"" becomes a supermajority across this nation showing the planet how to effect positive change. OH! CANADA!"|10159548509903904|Archie Shields|2022-02-02 21:44:17|0|0|10159548489138904|facebook
stay home 🤷🏻‍♂️|10159548700748904|Andrea Montanaro|2022-02-02 21:44:28|1|0|10159548489138904|facebook
Violence? Of course the media elites and people afraid of losing their power would say that.|10159548530503904|Michael Medeiros|2022-02-02 21:44:17|0|0|10159548489138904|facebook
Yet here you are of your own free will, reading the media. You're not tired of the media's narrative, your disappointed that reality doesn't fit your expectations.|10159548840263904|Chuck Bankes|2022-02-02 21:44:27|1|0|10159548489138904|facebook
Can you remind me where in CANADA was looted or burned down?|10159548963863904|Matt Tingey|2022-02-02 21:44:26|1|0|10159548489138904|facebook
Know your geography.|10159548587553904|Cathy Kotzé|2022-02-02 21:44:26|1|0|10159548489138904|facebook
It’s their right to loot n pillage on this land|10159549035238904|Donald Henderson|2022-02-02 21:44:17|0|0|10159548489138904|facebook
What have conservative governments done for those groups. And Trump? Lol. Don’t even get me started with that moron.|10159548621668904|Anthony Fornasier|2022-02-02 21:44:25|1|0|10159548489138904|facebook
we definitely don't trust the right or this shitshow|10159551190398904|DH Tremblett|2022-02-09 21:44:25|1|0|10159548489138904|facebook
Yes Globe and Mail, but will the Police protect us from the lying Media?|10159548544858904|Gad Foltys|2022-02-02 21:44:17|0|0|10159548489138904|facebook
Lovely narrative. We don't need the cops for that duty.|10159550995183904|Kim Glendonwyn Ruger|2022-02-09 21:44:17|0|0|10159548489138904|facebook
federal government has been doing that for a long time with no repercussions|10159550006888904|Harry Roberts|2022-02-09 21:44:23|1|0|10159548489138904|facebook
ok honey bun.|10159548560023904|Hill RK|2022-02-02 21:44:23|1|0|10159548489138904|facebook
Time for the politicos to stay in touch and not to be disconnected! Time to listen up!!!|10159548659573904|Zembla Ombrax|2022-02-02 21:44:18|0|0|10159548489138904|facebook
