﻿comment|comment_ids|username|datetime|isreply|num_replies|post_id|label
Let this be history today! Incredibly proud of Justin, their immaculate PM, whose only motivation is to keep Canadians safe and for people to get back to work. Let our PM have emergency powers, they really work...|10159568122943904|George Haiderali|2022-02-16 23:18:03|0|10|10159568106148904|facebook
I do not see anyone in the horizon!|10159568465753904|George Haiderali|2022-02-16 23:18:09|1|6|10159568106148904|facebook
Cancel their insurance & see what happens|10159568239373904|Kimberley Morton|2022-02-16 23:18:03|0|5|10159568106148904|facebook
All this time and money wasted on his stupid antics!! Just agree the vaccines don't work and let us go on with our lives! Then Resign!|10159568132878904|Jodi Fraser|2022-02-16 23:18:03|0|4|10159568106148904|facebook
they can apply for trudeaus 18 million for pardons.Or is that just for gun crimes?|10159568151948904|Louise Michelle|2022-02-16 23:18:19|1|3|10159568106148904|facebook
it might be taken away temporarily but you get your day in court. If the protesters are standing on the sidewalk the police have no good reason to even look at their drivers license. (Carding?) Impaired driving laws give the police extraordinary powers.|10159568222853904|George Thorburn|2022-02-16 23:18:14|1|3|10159568106148904|facebook
Time to take back our nation’s top city. Protesting is our right as Canadians but this stopped being about protesting from the very beginning. When your actions cause pain to those that you’re supposedly there to represent you really need to step back and question whose interests are you serving ?? There is a very dark undertone to this whole situation.|10159568302963904|Kam Chak|2022-02-16 23:18:03|0|3|10159568106148904|facebook
- Nope.|10159568154423904|Devon Kruggel|2022-02-16 23:18:19|1|3|10159568106148904|facebook
JT praised them in the midst of the pandemic and asked for us to thank a trucker and now, they are welfare bums? 🤦‍♂️|10159568174108904|Daniel O'Keefe|2022-02-16 23:18:15|1|2|10159568106148904|facebook
remember there's 300 million people down there that like these guys|10159568283678904|Scott Rwd|2022-02-16 23:18:11|1|2|10159568106148904|facebook
who cares? You think they will invade like Russia? lol!|10159568297693904|Alex Bunker|2022-02-16 23:18:11|1|2|10159568106148904|facebook
"Good start arresting these fake ""truckers"""|10159568239068904|Gail Nielsen|2022-02-16 23:18:03|0|2|10159568106148904|facebook
er okay whatever, but you do know that he's probably not winning the next election right ?|10159568414088904|Ken Hill|2022-02-16 23:18:09|1|2|10159568106148904|facebook
cry cry cry|10159568268473904|Bonnie Cull|2022-02-16 23:18:09|1|2|10159568106148904|facebook
unfortunately there's no vaccine for your problem.|10159568300128904|Roland Lacey|2022-02-16 23:18:13|1|2|10159568106148904|facebook
what does Ottawa have do with drivers licences? They are issued by provincial governments.|10159568146683904|George Thorburn|2022-02-16 23:18:03|0|2|10159568106148904|facebook
You just keep believing that. It's cute.|10159568268653904|David Fowler|2022-02-16 23:18:06|1|2|10159568106148904|facebook
Trudeau’s gespato under the Emergency Act. Disgusting. Trudeau should resign. He did absolutely nothing to mediate the situation. Nothing. All Trudeau says everyone who opposes him is rascist or get vaccinated Trudeau is a destructive egotistical wanna be dictator.|10159568288573904|Jamie Burak|2022-02-16 23:18:03|0|2|10159568106148904|facebook
cry harder hon. My super power is triggering cons lol I'm a pro!|10159568582653904|Bonnie Cull|2022-02-16 23:18:07|1|2|10159568106148904|facebook
She says this ridiculous stuff on her Facebook page and nobody likes it. She's her own biggest fan lol She hates hard working Canadians. If anything, LOCK TRUDEAU UP!|10159568500303904|Nofrendze Cleveland|2022-02-16 23:18:07|1|2|10159568106148904|facebook
Doing their job and following orders does not absolve authorities the immorality of it all.|10159568187928904|Bruce R Collens|2022-02-16 23:18:03|0|2|10159568106148904|facebook
Did Ottawa order a healthy supply of train cars. Lol|10159568155368904|Matt Wilson|2022-02-16 23:18:03|0|2|10159568106148904|facebook
He praised the 99 per cent of truckers who actually work and particularly the 90 per cent who are vaccinated. Get your facts straight.|10159568176618904|Anthony Fornasier|2022-02-16 23:18:15|1|1|10159568106148904|facebook
And I recall Nazi's saying they only did there job at Nuremberg. They all still met the hang man now didn't they|10159568248028904|Cary Mackenzie|2022-02-16 23:18:06|1|1|10159568106148904|facebook
Whataboutism. They did the right thing. This isn’t China or Russia. We don’t implement health policy because some bums in the street decide to start honking horns and blocking traffic. On top of that these people were itching for regime change. That’s sedition. We had an election during the pandemic. If they weren’t happy they should have voted. And if they did vote but lost anyway. That’s life. Deal with it. Emigrate if you hate the country that much. Buy a gun and a bunker and move south.|10159568440073904|Anthony Fornasier|2022-02-16 23:18:15|1|1|10159568106148904|facebook
"do you know how to use a dictionary? Look up the meaning of the word vaccine, and tell me what ""produces immunity"" means....with these crappy covid shots breakthough infections aren't rare, they're expected....."|551326775857702|Gordon Cawsey|2022-02-16 23:18:13|1|1|10159568106148904|facebook
wow! Vaccines don’t work? Where were you educated? And when?|10159568283713904|Lynn Hanson|2022-02-16 23:18:13|1|1|10159568106148904|facebook
and stroke, and pulmonary embolism, and blindness...|10159568279258904|Laurie Ann|2022-02-16 23:18:13|1|1|10159568106148904|facebook
"""Typically"" being the key word in there. In addition to there being a new variant of COVID since the vaccines, thanks in large part to unvaccinated people..."|10159568212878904|Simon A. James|2022-02-16 23:18:13|1|1|10159568106148904|facebook
Emergency war measures don’t give Trudeau the right to do this & he has no intention of quelling the protest.|10159568152943904|Seren Joti Chatterjee|2022-02-16 23:18:03|0|1|10159568106148904|facebook
"of course you would post a link to the CDC, since it won't let me post a screenshot of their website, here's some copied and pasted text from their page.....""It typically takes a few weeks after vaccination for the body to produce T- lymphocytes and B-lymphocytes. Therefore, it is possible that a person could be infected with the virus that causes COVID-19just before orjust after vaccination and then get sick because the vaccine did not have enough time to provide protection"". ...JT was jabbed months ago....again please explain to me HOW THESE VACCINES WORK!"|10159568206958904|Brad Foslett|2022-02-16 23:18:13|1|1|10159568106148904|facebook
https:// www.cdc.gov/ coronavirus/ 2019-ncov/ vaccines/ different-vaccin es/ how-they-work.ht ml#:~:text=mRNA %20vaccines%20(Pfizer%2DBioNT ech%20or,geneti c%20material%20 from%20the%20va ccine.|10159568192428904|Simon A. James|2022-02-16 23:18:13|1|1|10159568106148904|facebook
The pardons have to be issued by the USA. I'm not sure which branch of government, maybe border security which is under Homeland Security I believe. It cost around $2-3,000 to apply and that's no guarantee you will get a pardon.|10159568170238904|Mary Jo Welch|2022-02-16 23:18:19|1|1|10159568106148904|facebook
Science wins, cons lose, WOOHOO #NEVERCON|10159568170543904|Bonnie Cull|2022-02-16 23:18:13|1|1|10159568106148904|facebook
it looks like her only problem is being 💩 on by Internet 👹 like you. #troll|10159568437743904|Laurie Ann|2022-02-16 23:18:13|1|1|10159568106148904|facebook
if you have no criminal record here you have none in the states. Hussein years back had a meeting with the Somali community . he would not let reporters in but outside said he told them he would pardon Somali gun crimes.|10159568196203904|Louise Michelle|2022-02-16 23:18:19|1|1|10159568106148904|facebook
Oh wah is their party finally over? Dragged to jail kicking and screaming no doubt.|10159568893953904|Hillary Mackesy|2022-02-16 23:18:03|0|1|10159568106148904|facebook
the real truckers are still working. I support them.|10159569360273904|Kimberley Morton|2022-02-16 23:18:11|1|1|10159568106148904|facebook
...truckers go on strike ...see what happens...|10159568338008904|Alan Todd|2022-02-16 23:18:11|1|1|10159568106148904|facebook
ok fine, the trumpists will instantly stage a coup, overthrow the civilian Biden government and then will invade Canada like Russia invaded Ukraine because “truckers” right… lol!|10159568310868904|Alex Bunker|2022-02-16 23:18:11|1|1|10159568106148904|facebook
they already did years ago Brian Mulroney gave them rights over all Canada's resources|10159568299593904|Peter Hardy|2022-02-16 23:18:11|1|1|10159568106148904|facebook
This could’ve been handled SO much better|10159568401953904|Jim Peters|2022-02-16 23:18:03|0|1|10159568106148904|facebook
What is wrong with these law enforcement people? They are supposed to serve and protect. They are not paid to be Trudeau's private military. Do they not realize the people pay them, NOT Trudeau. These trucker are law abidding what the police are attempting to do is NOT. Only 1/3 of Canadians voted for this idiot, that leaves 2/3rds that are against him. Trudeau's day will come if not now but it will come. He will lose power, and then we need to go after him for crimes against his people.|10159568207963904|Marie A Perrin|2022-02-16 23:18:03|0|1|10159568106148904|facebook
They get paid to do what the government tells them to do. If you don't like it then vote them out of office. In this case the vast majority of Canadians agree with what is being done.|10159568224473904|Billy Black|2022-02-16 23:18:17|1|1|10159568106148904|facebook
I am in favor of upholding the Canadian Charter of Rights and Freedoms which is NOT contingent on your comfort and convenience and which these folks are upholding while the federal government abuses it, misuses it and worse, ignores it.  Tell me, why did the feds not invoke the emergency act when Quebecers we're without power, frozen power lines and dying while trying to heat their homes because the province didn't have the resources to manage the crisis?  Why wasn't the emergency act invoked in November when the Fraser Valley and BC was under water, people died and lost their life's work because the province didn't have the resources to deal with it?  And yet, a peaceful protest that is inconvenient and is pointed directly at the very government who DID NOTHING.....and it's invoked? That is TIN POT dictator stuff of lore right there....👎|10159568378708904|Daniel O'Keefe|2022-02-16 23:18:15|1|1|10159568106148904|facebook
I have direct first hand knowledge of 4 severe AEs post vaxx....2 heart attacks with one being fatal, a massive stroke and a massive anneurism, all after being injected and all between 45-55 years.....|4585303208247210|Gordon Cawsey|2022-02-16 23:18:13|1|1|10159568106148904|facebook
why? You seem to like lies|10159568202098904|Louise Michelle|2022-02-16 23:18:15|1|1|10159568106148904|facebook
"15 people in my circle of friends experienced issues. One died of an ""unexpected"" heart attack a few days after his second shot, his younger sister had a stroke and now can't work. My mother got a pulmonary embolism post ""booster"" and is now going to be on portable oxygen for the rest of her life. There is the guy I almost rented an apartment from who went permanently blind in one eye and develop tremors so severe he couldn't get up and down his basement stairs. Two with blood clot issues, one had to have open heart surgery The list goes on... I know no one who died of covid. I know no one who died ""with"" covid. I apparently had it in 2020 when a traveling businessman father infected our school, but to be honest, I couldn't differentiate it from the flu."|10159568462618904|Laurie Ann|2022-02-16 23:18:13|1|1|10159568106148904|facebook
No. Maybe after a month these welfare bums can find jobs and do something useful for the benefit of the country.|10159568169243904|Anthony Fornasier|2022-02-16 23:18:15|1|1|10159568106148904|facebook
What a shame.|10159568142838904|Daniel O'Keefe|2022-02-16 23:18:03|0|1|10159568106148904|facebook
Would you care to elaborate? I’m not sure what lie you’re referring to.|10159568213653904|Anthony Fornasier|2022-02-16 23:18:15|1|1|10159568106148904|facebook
I think you watch the wrong news channel|10159569313548904|Michael Marath|2022-02-16 23:18:14|1|1|10159568106148904|facebook
overthrowing the government|10159569312393904|June Anderson|2022-02-16 23:18:14|1|1|10159568106148904|facebook
If it stopped being about protesting then what is it about?|10159569308228904|Michael Marath|2022-02-16 23:18:14|1|1|10159568106148904|facebook
interesting, suddenly you can’t seem to address my comments about your vaccinations. This hasn’t anything to do with “ our rulers being upset”.|10159569120878904|Kam Chak|2022-02-16 23:18:14|1|1|10159568106148904|facebook
protest is just fine, as long as none of our rulers are upset or inconvenienced, right?|10159569046098904|Jim Peters|2022-02-16 23:18:14|1|1|10159568106148904|facebook
KAM as a grandmother of 11 grandchildren, please reconsider. I back truckers 100%, and I encourage you to do same. This is not just remove the mandates, this is for common sense.|10159569041998904|Jane Rawluk|2022-02-16 23:18:14|1|1|10159568106148904|facebook
"Very few truckers involved, Daniel....and especially at the other protests...wher e it was mostly farmers who are doing nothing during the winter. At this one, we have a handful of truckers....tha t were getting their expenses paid to do nothing. Yeah...that's what one calls ""freeloaders"". Living on someone else's dime."|10159568235278904|Paul Fornasier|2022-02-16 23:18:15|1|1|10159568106148904|facebook
you’re right, they can’t do that. Only arrest and charge them so they can’t ever cross the border again|10159568281553904|Matt MacDonell|2022-02-16 23:18:11|1|1|10159568106148904|facebook
when they don't fit your narrative, demonize and vilify. The trucker convoy are truckers. Fed up truckers. The same truckers the PM praised well before we had the vax. Who did their jobs, like other essential workers, despite what we all believed was an intense risk......that risk is GONE and of all the workers out there, truckers were among the lowest at risk and remain so today.  BTW, how many out breaks linked to all the protests?....ri ght, none....🤔|10159568369568904|Daniel O'Keefe|2022-02-16 23:18:15|1|1|10159568106148904|facebook
So you are saying that if I come to Saskatchewan and am pulled over for drunk driving, nothing will happen to my DL? Ok then. LOL|10159568214333904|Angela Mrotzek|2022-02-16 23:18:14|1|1|10159568106148904|facebook
Its about time we Canadians start taking these radicles in the anti vaxx cults a more hard line approach .The American style right winged insurrectionist literally borders on treasonous talk and actions. Even to the point of killing our Prime minister. (Even I have been threatened by people on the internet asking me not to post or respond to comments on these newspaper articles. I didn't report it to the police yet, but if they keep it up, I will. ) Fact is, I'm not even really into politics but this is truly a black eye on Canadas reputation as being kind ,tolerant ,people. I cant stand the fact its overshadowing the real issues that matter, like the environment, renewable green clean energy, First Nations issues, and human trafficking and many other real world problems. This antivaxx cultists have made a medical thing into a political thing. Its sickening really as when you listen to the various reason why they don't want to get vaxxed ,and its usually silly, dumb, or misinformed. One can not make any government policy based upon pseudo science as that defeats the whole purpose of having a government in the first place. The citizens health of Canada must come first. Hurry up people get your act together and quit wasting everybody's time as we have real issues to resolve. Quit crying and just get vaxxed and lets move on from this childish anti intellectual arguments. Your embarrassing everybody.|10159568414738904|Andrew Merritt|2022-02-16 23:18:03|0|1|10159568106148904|facebook
from what I know many of the protesters are not Ontario residents. Their licenses should be safe.|10159568210118904|George Thorburn|2022-02-16 23:18:14|1|1|10159568106148904|facebook
power grab.What do bank accounts of personal citizens have to do with this?|10159568201418904|Louise Michelle|2022-02-16 23:18:14|1|1|10159568106148904|facebook
In case you missed it, a State of Emergency has been declared at all 3 levels of government >>> Federal, Provincial (Ontario) and Municipal (Ottawa). This gives law enforcement broad powers.|10159568189813904|Angela Mrotzek|2022-02-16 23:18:14|1|1|10159568106148904|facebook
So what’s your point? Are you in favour of a handful of lazy bums keeping a city hostage Be careful of what you wish for. The next gang might do the same to your town and they be on the other side. And you won’t have a leg to stand on.|10159568369813904|Anthony Fornasier|2022-02-16 23:18:15|1|1|10159568106148904|facebook
what?! What does that mean? Of course they work. They work very, very well.|10159568693143904|Philip Standard|2022-02-16 23:18:13|1|1|10159568106148904|facebook
Folks the hammer is about to come down. Any trucker that gets arrested gets a criminal history and that means they cannot cross the US border again. The Americans rarely let anyone in with a criminal history.|10159568145278904|Devon Kruggel|2022-02-16 23:18:03|0|1|10159568106148904|facebook
hahahaha JT had 3 Jabs and still got Covid.....pleas e explain to me again how they work?|10159568186523904|Brad Foslett|2022-02-16 23:18:13|1|1|10159568106148904|facebook
cancel their insurance do you mean their private insurance...? The private insurance they paid for out of their own pocket are you a special kind of tyranny or the Hitler type of tyranny?|10159568246513904|Peter Hardy|2022-02-16 23:18:11|1|1|10159568106148904|facebook
but Railblockades were fine?|10159568282138904|Cary Mackenzie|2022-02-16 23:18:06|1|1|10159568106148904|facebook
Stay triggered Edo lol we drink your tears lol #NEVERCON|10159568172753904|Bonnie Cull|2022-02-16 23:18:09|1|1|10159568106148904|facebook
nope moronic|10159568199938904|Louise Michelle|2022-02-16 23:18:09|1|1|10159568106148904|facebook
Section 2 and 7 Charter Of Rights an Freedoms covers this protest perfectly as I said learn your actual rights man|10159568338983904|Cary Mackenzie|2022-02-16 23:18:06|1|1|10159568106148904|facebook
they aren’t my media and I don’t support destruction of property. But they are only peaceful because that have vehicles so large they can’t be marched off, take them away and have them on foot being pushed out and I would bet it’s different. Regardless, they are breaking the law and should be removed immediately. Also, the word is paid|10159568302608904|Matt MacDonell|2022-02-16 23:18:06|1|1|10159568106148904|facebook
Hope so #LOCKTHEMUP|10159568168983904|Bonnie Cull|2022-02-16 23:18:07|1|1|10159568106148904|facebook
The Holocaust isn't anything your idiot little anti-semitic mind should be using to excuse the bad behavior of a few of the hundreds of thousands of working truckers and people in this country. It's absolutely disgusting.|10159568172103904|Mary Jo Welch|2022-02-16 23:18:07|1|1|10159568106148904|facebook
but they were violent and caused property damage and the need for the Emergency Act was never even brought up. This is peaceful and we'll documented as peaceful in like your payed Media has been saying.|10159568298073904|Cary Mackenzie|2022-02-16 23:18:06|1|1|10159568106148904|facebook
you're being ironic, right?|10159568145613904|Rino del Vecchio|2022-02-16 23:18:09|1|1|10159568106148904|facebook
I’ve been to the rally 2 times. Donated over 500$. And brought food from my house for truckers it was a joke hence the “lol”. Sit down.|10159568187988904|Matt Wilson|2022-02-16 23:18:07|1|1|10159568106148904|facebook
did I say that? Nope|10159568282863904|Matt MacDonell|2022-02-16 23:18:06|1|1|10159568106148904|facebook
speak to text isn't perfect man. And it's vary clear ware your value of the Charter Of Rights an Freedoms,and respect for personal choice sits. Have a good day comrade try reading a little thing written call The Nuremberg Agreement followed by UN Human Rights all of witch have been broken|10159568315763904|Cary Mackenzie|2022-02-16 23:18:06|1|1|10159568106148904|facebook
Spoken like a good little obedient cultist.|10159568139853904|Edo Monty|2022-02-16 23:18:09|1|1|10159568106148904|facebook
You would!|10159568598533904|Nofrendze Cleveland|2022-02-16 23:18:07|1|1|10159568106148904|facebook
And with that dumb comment, you lose the internet for today, Thursday, February 17, 2022. Congratulations !|10159568265083904|David Fowler|2022-02-16 23:18:06|1|1|10159568106148904|facebook
You make for a great comedian 🤣|10159569363793904|Michael Marath|2022-02-16 23:18:09|1|1|10159568106148904|facebook
seems pretty easy 🤣🤣🤣|10159568586873904|Jared Gunn|2022-02-16 23:18:07|1|1|10159568106148904|facebook
first of all, do a spell check. Then, do some fact check.|10159568636593904|Anne Patterson|2022-02-16 23:18:08|1|1|10159568106148904|facebook
you know nothing about me. The only point here is the blockade is illegal and should be ended. Also, you should read your own suggestion, although I feel comprehension my be there issue at hand.|10159568319923904|Matt MacDonell|2022-02-16 23:18:06|1|1|10159568106148904|facebook
nope sorry David|10159568266558904|Cary Mackenzie|2022-02-16 23:18:06|1|1|10159568106148904|facebook
Why are you a face book fascist? Liberal propaganda or nothing right? How much you get paid to break CCC316?|10159568271198904|Cary Mackenzie|2022-02-16 23:18:06|1|1|10159568106148904|facebook
protesters are breaking the law and have been allowed to long enough. Time to enforce|10159568280303904|Matt MacDonell|2022-02-16 23:18:06|1|1|10159568106148904|facebook
the movies Escape from NY or LA , come to mind 😉😉😂|10159568180368904|James Milne|2022-02-16 23:18:07|1|0|10159568106148904|facebook
I think she’s wonderful!|10159568581553904|Jared Gunn|2022-02-16 23:18:07|1|0|10159568106148904|facebook
that’s a fact👍|10159568630618904|Jared Gunn|2022-02-16 23:18:07|1|0|10159568106148904|facebook
blocking roadways and trade routes is illegal. That’s why the courts have granted injunctions|10159568349048904|Matt MacDonell|2022-02-16 23:18:06|1|0|10159568106148904|facebook
No.|10159569122768904|Jane Rawluk|2022-02-16 23:18:14|1|0|10159568106148904|facebook
"he praised ALL Truckers. Well BEFORE we had vaccines. Get YOUR ""facts"" straight.🙄"|10159568365983904|Daniel O'Keefe|2022-02-16 23:18:15|1|0|10159568106148904|facebook
And CCC316 that's Canadian Criminal Code section 316 just so ya know learn your rights as a citizen and stop forcing what you think your rights are on others please|10159568335548904|Cary Mackenzie|2022-02-16 23:18:06|1|0|10159568106148904|facebook
you're demented|10159568895358904|Tonya Marier|2022-02-16 23:18:07|1|0|10159568106148904|facebook
over 90% of the truckers are vaccinated and have no problem doing so. Some have even spoken out about this fringe minority and their selfishness. I’m backing those vaccinated truckers 100% and so should you.|10159569119003904|Kam Chak|2022-02-16 23:18:14|1|0|10159568106148904|facebook
Oh I have and both clearly state that peaceful protest is a human right in all forms. As long as said form is peaceful. To disrupt or use of force to disband said peaceful protest is illegal. Nice section in the Geneva Convention about it as well but I don't currently have a copy I'm not as well read.|10159568331718904|Cary Mackenzie|2022-02-16 23:18:06|1|0|10159568106148904|facebook
I think you should read their manifesto since they wrote it.|10159569330948904|June Anderson|2022-02-16 23:18:14|1|0|10159568106148904|facebook
Tyranny.|10159568964603904|William Michael Brienza|2022-02-16 23:18:03|0|0|10159568106148904|facebook
what health policy?what exactly is the point now?there is ZERO data supporting the maintaining of the mandate. None. It is a personal health choice now. The vax neither prevents transmission nor infection. It is purely a possible reducer of symptoms. That's it. Since when have we EVER had a vax that doesn't prevent transmission or infection? ...never  There is NO science behind this now except political science.|10159568470738904|Daniel O'Keefe|2022-02-16 23:18:15|1|0|10159568106148904|facebook
You all that support Castro Jr are very dangerous tyrants!|10159569020788904|Bill Burton|2022-02-16 23:18:03|0|0|10159568106148904|facebook
As the first step I assume Trudeau is going to call them all a bunch of names to put them in a good mood -- worked so well in the past.|10159568273168904|Gary McCaig|2022-02-16 23:18:03|0|0|10159568106148904|facebook
If Trump doesn't go to prison, and somehow gets to be president again, he will say he will pardon the Canadian truckers, because he's smart like that. 🤣|10159568384763904|William Klassen|2022-02-16 23:18:19|1|0|10159568106148904|facebook
**IF** you have a criminal record, even if it's over 40 years old, in Canada, you can not get into the USA. It also goes for CANADA. I have friends from BOTH sides of the border with DUI who can't come to Canada or go to the USA because of it and for them? $3,000 is just to much money to pay for no guarantee of a pardon.  Hussein was murdered by the USA, so I have no idea what you are babbling about bring a dead man into the conversation.|10159568291973904|Mary Jo Welch|2022-02-16 23:18:19|1|0|10159568106148904|facebook
ya and murders under trudumb get let out all the time!|10159568282238904|Scott Rwd|2022-02-16 23:18:19|1|0|10159568106148904|facebook
Of what, exactly? Calling it immoral doesn't make it so.|10159568263263904|David Fowler|2022-02-16 23:18:06|1|0|10159568106148904|facebook
Hussein promised the Somali community they would get pardoned for their gun crimes. It is on video him confirming he said that.|10159568193988904|Louise Michelle|2022-02-16 23:18:19|1|0|10159568106148904|facebook
they can apply, doesn’t mean they will get one.|10159568170243904|Sheila Schaaf|2022-02-16 23:18:19|1|0|10159568106148904|facebook
Yes...Thank God that we are tolerant. The protesters have been heard and the insurrectionist s are being delt with accordingly|10159568530268904|Gordon Launchbury|2022-02-16 23:18:18|1|0|10159568106148904|facebook
It hasn't seemed very peaceful, this occupation, for those of us who live in Ottawa.|10159568659633904|Stephen Bolton|2022-02-16 23:18:17|1|0|10159568106148904|facebook
only in your drams|10159568655633904|Marie A Perrin|2022-02-16 23:18:17|1|0|10159568106148904|facebook
When you have a leader that has the morals of an alley cat (proven time and time again) and a minority who blindly follow him, it puts me in mind of 1930’s Germany.|10159568285958904|Bruce R Collens|2022-02-16 23:18:06|1|0|10159568106148904|facebook
Kick them out|10159569108653904|Ralph Morton|2022-02-16 23:18:03|0|0|10159568106148904|facebook
Yeh - they could have stayed home, or protested peacefully, or NOT make life miserable for innocent residents, or left earlier, or, JUST STAYED HOME.|10159568639683904|Anne Patterson|2022-02-16 23:18:17|1|0|10159568106148904|facebook
yay|10159570244628904|Jan Carmichael|2022-02-16 23:18:03|0|0|10159568106148904|facebook
that’s why it never should have been used, they had the right to remove them without it|10159568282513904|Matt MacDonell|2022-02-16 23:18:16|1|0|10159568106148904|facebook
says the corrupt mocking bird media. TELL THE TRUTH FOR ONCE|10159568243628904|Angie Spizzirri|2022-02-16 23:18:03|0|0|10159568106148904|facebook
Ouch , don’t forget you had some friends on the force lol|10159568707513904|Roberto Dondero|2022-02-16 23:18:03|0|0|10159568106148904|facebook
They were warned|10159568166123904|Heather Johnston|2022-02-16 23:18:03|0|0|10159568106148904|facebook
Drama queen journalism..at best|10159568419868904|Kevin Williams|2022-02-16 23:18:03|0|0|10159568106148904|facebook
and yall have the nerve to call the protesters nazi... not hard to see who the nazi is here 🙄|10159568897488904|Tonya Marier|2022-02-16 23:18:07|1|0|10159568106148904|facebook
Duck the police.|10159569038228904|Jane Rawluk|2022-02-16 23:18:03|0|0|10159568106148904|facebook
right. Out of touch corrupt bureaucrats forcing people to inject themselves with unknown chemicals in contravention of the laws of man and nature is very dark indeed|10159569004083904|Jim Peters|2022-02-16 23:18:14|1|0|10159568106148904|facebook
What happens is they just can't drive their truck. Then what?|10159570122303904|Perry Senior|2022-02-16 23:18:11|1|0|10159568106148904|facebook
Useful idiot.|10159568275868904|Laurie Ann|2022-02-16 23:18:09|1|0|10159568106148904|facebook
deleted all her comments so that she can gaslight everybody|10159568298188904|Peter Hardy|2022-02-16 23:18:09|1|0|10159568106148904|facebook
..like Trudope...like a rock...only dumber|10159568330698904|Alan Todd|2022-02-16 23:18:09|1|0|10159568106148904|facebook
The GTA will continue to ignore PM's idiocy|10159568448668904|Edward R Yatscoff|2022-02-16 23:18:09|1|0|10159568106148904|facebook
look, there are actually people who approve of what this moron is doing!|10159568453898904|Jim Peters|2022-02-16 23:18:09|1|0|10159568106148904|facebook
you sir do an excellent job at TROLLING|10159568633453904|Aaron Manikoth|2022-02-16 23:18:09|1|0|10159568106148904|facebook
spoken like a traitor|10159568883048904|Lloyd A Burton|2022-02-16 23:18:09|1|0|10159568106148904|facebook
I agree.|10159569218978904|Dave Lockie|2022-02-16 23:18:09|1|0|10159568106148904|facebook
better take another look downtown|10159569157333904|Jay Labatte|2022-02-16 23:18:11|1|0|10159568106148904|facebook
He is God.🤣|10159569219783904|Dave Lockie|2022-02-16 23:18:09|1|0|10159568106148904|facebook
What would happen to the government if we cancel their insurance?|10159569309978904|Michael Marath|2022-02-16 23:18:11|1|0|10159568106148904|facebook
he is not a wannabe dictator, he is one|10159568324383904|Leonardo Ronca|2022-02-16 23:18:08|1|0|10159568106148904|facebook
As a Canadian, I reject your comment. Please seek legal advice.|10159569043313904|Jane Rawluk|2022-02-16 23:18:11|1|0|10159568106148904|facebook
Kimberley Moron the communist Trudope lover|10159568885518904|Lloyd A Burton|2022-02-16 23:18:11|1|0|10159568106148904|facebook
Why? Who's side are you on!? Your fellow Canadians or the side of Trudeau's handlers!? Rhetorical. You've already made it clear. Shame on you.|10159568504668904|Nofrendze Cleveland|2022-02-16 23:18:11|1|0|10159568106148904|facebook
🤮🤡💉💉💉💉🤣💩|10159569417113904|Lesley Brooke|2022-02-16 23:18:09|1|0|10159568106148904|facebook
the last Canadian politician I voted for was Bob Ray in Ontario and he went and screwed up everything I haven't trusted a Canadian politician since...|10159568319568904|Peter Hardy|2022-02-16 23:18:11|1|0|10159568106148904|facebook
yeah he would s**k at that job as well lol|10159570026698904|Alan Smith|2022-02-16 23:18:09|1|0|10159568106148904|facebook
oh, Trudeau, please stop praising yourself!!|10159570193393904|Carol Gammel|2022-02-16 23:18:09|1|0|10159568106148904|facebook
lol|10159568299163904|Scott Rwd|2022-02-16 23:18:11|1|0|10159568106148904|facebook
fruckers|10159568352693904|Ralph Erdman|2022-02-16 23:18:10|1|0|10159568106148904|facebook
you’re delusional|10159568284238904|Matt MacDonell|2022-02-16 23:18:11|1|0|10159568106148904|facebook
meanwhile I got the bug and recovered in 4 days...meh.|499470485147121|Gordon Cawsey|2022-02-16 23:18:13|1|0|10159568106148904|facebook
at 54 years old I have no tears left for any of you I'd rather burn the whole thing down start again both sides make me wrech and vomit|10159568270953904|Peter Hardy|2022-02-16 23:18:09|1|0|10159568106148904|facebook
The same guy that fired his attorney general for not going along with his plans to interfere in a criminal court case|10159568263793904|Shawn Thompson|2022-02-16 23:18:09|1|0|10159568106148904|facebook
|10159568347658904|Manuka Canni|2022-02-16 23:18:13|1|0|10159568106148904|facebook
So what do you call someone who drives a transport truck if not truckers?|10159569311478904|Michael Marath|2022-02-16 23:18:10|1|0|10159568106148904|facebook
if people get hurt I mean truckers then Trudeau owns the injuries! Compromise is not a Liberal Trait! He wont speak to the grass roots becuase he is an ELITIST|10159568299563904|Larry Mchenry|2022-02-16 23:18:03|0|0|10159568106148904|facebook
we should be taking a look at hers. And Judas Trudeau's.|10159568280493904|Laurie Ann|2022-02-16 23:18:14|1|0|10159568106148904|facebook
so were most of the covid restrictions but that didn't stop the clueless clown car cabal of morons from protesting in the country's capital.|10159568264378904|Steve Bond|2022-02-16 23:18:14|1|0|10159568106148904|facebook
No one is suggesting they shouldn't have their day in court. But you made it sound like they can't get a DL suspension because they are from out of the province. Also, this is not about sidewalk protesters, but obstruction with vehicles.|10159568229383904|Angela Mrotzek|2022-02-16 23:18:14|1|0|10159568106148904|facebook
the bank accounts are just practice. Freeland (what an ironic name)has already made comments that some people have too much money in their savings accounts.|10159568215093904|George Thorburn|2022-02-16 23:18:14|1|0|10159568106148904|facebook
I’m sure you’re likely enthralled with covid aren’t you? The word endemic is foreign to you. Nevertheless, keep up the good fight against those people with “unacceptable views”, eventually you’ll be one of them…..we all will.|10159568682938904|Jeff Leafs|2022-02-16 23:18:08|1|0|10159568106148904|facebook
What does “immaculate “ mean? Free from brains?|10159568143973904|George Thorburn|2022-02-16 23:18:09|1|0|10159568106148904|facebook
"safe from what now? How? There is NO ""keeping us safe"" anymore. Vax can't do that, so what exactly IS he doing except blowing smoke?"|10159568144408904|Daniel O'Keefe|2022-02-16 23:18:09|1|0|10159568106148904|facebook
Lyle Karson pretending the past was great is pathetic. What is the greatness you're talking about? It was barely 100 years ago when women got vote and 60 years since the voting rights act was passed. What greatness my little troll bot|10159571731668904|John Meadows|2022-02-16 23:18:13|1|0|10159568106148904|facebook
Lyle Karson missing the good old days of before slavery got cancelled and lynching and segregation? Atta boy!! With luck your Tangerine Traitor might steal this election and then you can jail Democrats and have your slaves again.|10159571725508904|John Meadows|2022-02-16 23:18:13|1|0|10159568106148904|facebook
Lol.right wingers have a hard time understanding consequences, science and pandemics lol #LOCKTHEMUP|10159570205463904|Bonnie Cull|2022-02-16 23:18:13|1|0|10159568106148904|facebook
some do, some not so well.|10159570203543904|Carol Gammel|2022-02-16 23:18:13|1|0|10159568106148904|facebook
seek help! You are a true liberal. It’s never been about science or your health.|10159570202778904|Carol Gammel|2022-02-16 23:18:13|1|0|10159568106148904|facebook
Jerry Chong good thing the that this foreign funded minority government knows more then people that actually do it for a living. Trudeaues health minister for a couple of years had a degree in graphic design, that should silence all other actual scientists out there. Good thing the drama teacher knows what’s best!|10159570200378904|Carol Gammel|2022-02-16 23:18:13|1|0|10159568106148904|facebook
where did it work??? Did it stop it like a true vaccine like for polio? How many boosters are you going to need for this to really work like that?|10159570195293904|Carol Gammel|2022-02-16 23:18:13|1|0|10159568106148904|facebook
is Trudeau above your god|10159568148983904|Louise Michelle|2022-02-16 23:18:09|1|0|10159568106148904|facebook
Don't agree with you..!!!!|10159568523083904|Gordon Launchbury|2022-02-16 23:18:13|1|0|10159568106148904|facebook
EXACTLY|10159568521903904|Gordon Launchbury|2022-02-16 23:18:13|1|0|10159568106148904|facebook
I just got over it myself, 4 days and fully recovered on day 5.....bad cold or mild flu, now I can honestly say I'm immunized with the best immunization there is, natural infection.....n o toxic spike building juice hijacking my body.|479098807139128|Gordon Cawsey|2022-02-16 23:18:13|1|0|10159568106148904|facebook
You've almost spelled your last name correctly... Bonnie Cult|10159568249293904|Peter Hardy|2022-02-16 23:18:09|1|0|10159568106148904|facebook
GOOD.|10159569218038904|Dave Lockie|2022-02-16 23:18:03|0|0|10159568106148904|facebook
