﻿comment|comment_ids|username|datetime|isreply|num_replies|post_id|label
Actually Brenda, there are many fighting what you deem legal. Alberta Premier Jason Kenney filing legal challenge to end Trudeau's Emergencies Act. There is another group that want a court declaration that the federal government strayed beyond its jurisdiction in declaring a public order emergency earlier this week, saying the move was unconstitutiona l. So we shall see..|10159572247883904|Amani Soorma|2022-02-16 21:53:19|1|9|10159570625888904|facebook
Good lord, you are delusional.|10159571485513904|Ralph Ellis|2022-02-16 21:53:26|1|4|10159570625888904|facebook
Pat King is not a person to take note of or listen to|10159570687623904|Debra Bryson|2022-02-16 21:53:17|0|4|10159570625888904|facebook
That's your spin on things. I watched those tiktok videos too and saw ppl pleading with the police to stop. Showing them they have children with them. A bike being tossed after the police literally trampled an elderly woman with a horse. Please 🤚|10159571966883904|Amani Soorma|2022-02-16 21:53:19|1|3|10159570625888904|facebook
I notice you didn't show a video of someone throwing a bicycle at the feet of one of the horses. There were no protesters being trampled by horses. One protester fell, got up and walked away. Again, try watching it live instead of relying on YouTube and Facebook videos.|10159572017213904|Janice Martin|2022-02-16 21:53:19|1|3|10159570625888904|facebook
This guy sounds like a complete Moron...not a good look for their (cause?) In fact, after listening to the protesters on CTV, they would have been better to say nothing at all and just keep on singing if they wanted to maintain any credibility!!!|10159571656253904|Nancy Honey|2022-02-16 21:53:17|0|3|10159570625888904|facebook
where did the race card ever come into play ? I would like to see this info !!|10159571593073904|Glen Edwards|2022-02-16 21:53:31|1|3|10159570625888904|facebook
Trudeau’s disrespect for Canadians inspired this peaceful loving protest. Trudeau’s referred to many in this protests as labourers Pat King was born and raised in Ontario|10159571762183904|Trevor Gillie|2022-02-16 21:53:17|0|3|10159570625888904|facebook
It’s Martial Law which has not been implemented. Overreacted by Bozo. The courts will have no choice but to toss out every charge and award compensation to the victims|10159571483058904|Bryce Mugford|2022-02-16 21:53:26|1|3|10159570625888904|facebook
Under the Emergencies Act, the occupiers can be sued for the costs of their removal. What a wonderful idea.|10159570774973904|Ralph Ellis|2022-02-16 21:53:17|0|2|10159570625888904|facebook
aww sorry if I hurt your feelings.. #RamRanchResista nce those truckers weren't the brightest bulbs in the pack either.. so there's that too..|10159570757448904|Jane Burkart|2022-02-16 21:53:33|1|2|10159570625888904|facebook
that wouldn't surprise me when he gives an terrorist 10 mil for killing American soldiers|10159571952468904|Rod Fredrickson|2022-02-16 21:53:31|1|2|10159570625888904|facebook
....I have no Idea what you are getting at...I think Donald Trump is a complete degenerate and a disgusting human being, ..I also, think Justin Trudeau has shown himself to be the most undemocratic, divisive, corrupt PM in Canadian history....he is a narcissist and governs from a place of self interest....he is a laughingstock to other world leaders and has diminished Canada's place in the world!! Now, what's your point?|10159571774698904|Nancy Honey|2022-02-16 21:53:20|1|2|10159570625888904|facebook
. That precedent was set by the Harper government. BTW, confessions obtained by torture have no legal standing in Canada.|10159572039523904|Jerry Chong|2022-02-16 21:53:31|1|2|10159570625888904|facebook
"Yeah, apparently this group resembles the ""Patriots"" groups of the US in that the leaders make up their own laws and believe those laws are authentic. Kind of like magical thinking, if you will."|10159572014028904|Cynde Ross|2022-02-16 21:53:25|1|2|10159570625888904|facebook
so you talk about him being cavity searched? I repeat Stupidest Comment Ever much like the author.|10159570753788904|Zacharia David Rouse|2022-02-16 21:53:33|1|2|10159570625888904|facebook
It was a great day. It exposed all the corrupt police and politicians. The strut for Freedom has only begun|10159571478608904|Bryce Mugford|2022-02-16 21:53:17|0|2|10159570625888904|facebook
but you are?|10159570688908904|Zacharia David Rouse|2022-02-16 21:53:31|1|2|10159570625888904|facebook
Arrest for mischief...what a joke. That shows the police have nothing. But here's the GM fanning the hatred and division created by Trudeau. Disgusting article.|10159572041688904|Debbie Johnston|2022-02-16 21:53:17|0|2|10159570625888904|facebook
Pat king see hear much broke he his how we feel what this truck driver doing to us devide us put more madness|10159571864208904|Massia A Tracy|2022-02-16 21:53:22|1|1|10159570625888904|facebook
shall I forward your comment to your prime minister, who has been caught in blackface more times than he can remember? Let me know.|10159571915943904|Frederick Hollinger|2022-02-16 21:53:32|1|1|10159570625888904|facebook
we have freedom that’s why and how the protesters have been able to be in Ottawa. Now it’s time to go home before more economical damage is done. It’s a much bigger picture than protesters that the government is trying to protect now. If you looked at the bigger picture and who and why interest groups have been sending large sums of money you would understand|10159571685573904|Gayle Stevens|2022-02-16 21:53:23|1|1|10159570625888904|facebook
…good try at defection…your comment falls under ‘whataboutism’ and does not explain how Pat King could possibly be a leader of a group about ‘peace,love and freedom’ if we are to believe what Tamara Lich said about the Freedom Convoy objectives.|10159571921063904|Sylvia Watson|2022-02-16 21:53:32|1|1|10159570625888904|facebook
….is Pat King a hero?…himmm….Pa t posted a video where he talks of a coming “Anglo Saxon replacement” Most people would not be calling a white nationalist a hero…|10159571538723904|Sylvia Watson|2022-02-16 21:53:32|1|1|10159570625888904|facebook
we should all be more concerned about how somebody who has displayed racist tendencies multiple times can be a leader of a country.|10159571939728904|Frederick Hollinger|2022-02-16 21:53:32|1|1|10159570625888904|facebook
Heroes all!|10159571515383904|Frederick Hollinger|2022-02-16 21:53:17|0|1|10159570625888904|facebook
maintaining body autonomy - shocking! What an outrage!|10159571763333904|John A Metcalf|2022-02-16 21:53:27|1|1|10159570625888904|facebook
A very Canadian protest! No rocks thrown or windows broken! Police very patient! No tear gas, no rubber bullets! Lots of opportunities for people to leave.|10159572043358904|Douglas Gray|2022-02-16 21:53:17|0|1|10159570625888904|facebook
Nice deflection. Stay on topic.|10159572469728904|Dale Cole|2022-02-16 21:53:32|1|1|10159570625888904|facebook
I’m surprised he didn’t whip out the Harry Potter Cloak of Invisibility.|10159572016763904|John Blair|2022-02-16 21:53:25|1|1|10159570625888904|facebook
I don’t know anything about this guy but if his silly quote below is reflective of his level of awareness and intelligence, he is simply reinforcing the stereotype that so many Canadians unfairly hold about Albertans, not to mention the protesters. These folks need a better, more informed spokesperson.  “They cannot touch you if you’re holding a white flag,” he said, falsely. “It’s international law.”|10159571808188904|John Blair|2022-02-16 21:53:17|0|1|10159570625888904|facebook
your government is not going to protect you from your government lol|10159571709643904|John Gallant|2022-02-16 21:53:23|1|1|10159570625888904|facebook
I got a 300k check from Trudeau just to make 10 Facebook posts.|10159571914908904|Shahab Habibi|2022-02-16 21:53:31|1|1|10159570625888904|facebook
yep so globe and mail how much of the $1.2 billion that Trudeau bought the media out with taxpayers money did you get|10159571802433904|Rod Fredrickson|2022-02-16 21:53:17|0|1|10159570625888904|facebook
“Mr. King is prone to online boasts, threats and misinformation. He has built an online following of hundreds of thousands of people. Early this year, his anti-vaccine-ma ndate posts on social media helped kickstart the protests.” … yeah… I feel terrible for him and his buddies. As do the Ottawa residents and businesses that have had to tolerate his noise and obstruction for weeks. 🙄|10159572503828904|Catharina Mendonça|2022-02-16 21:53:17|0|1|10159570625888904|facebook
first of all I am not unvaxxed, second how many are you sacrificing in your selfish desire to “feel” safe? Covid Karens are the worst.|10159574164088904|Real Sense|2022-02-23 21:53:21|1|1|10159570625888904|facebook
yes they are the ones that want to take over the government check out the Maverick Party. Tamara left that party a few weeks ago.|10159572260663904|Brenda Leigh|2022-02-16 21:53:25|1|1|10159570625888904|facebook
, based on 's single comment up there, I'd vote yes, especially when compared against a white supremacist bully.|10159570823163904|Colin Spencely|2022-02-16 21:53:31|1|1|10159570625888904|facebook
what’s wonderful ? Trudeau implements a war measures act !!! You must love Communism !!!|10159571591433904|Glen Edwards|2022-02-16 21:53:26|1|1|10159570625888904|facebook
the best part is with what Trudope and the police did yesterday and comments like yours, people all over Canada are packing up and heading to Ottawa. Thanks for helping fuel the fire of freedom.|10159571629288904|Daniel Jackson|2022-02-16 21:53:26|1|1|10159570625888904|facebook
to be arrested ... 30 days|10159571651423904|Joanne Johnson-Meyers|2022-02-16 21:53:26|1|1|10159570625888904|facebook
can’t arrest everyone 😂😂. But you keep supporting communism. You probably laughed when the stormtroopers trampled the little old lady on horseback|10159571704073904|Daniel Jackson|2022-02-16 21:53:26|1|1|10159570625888904|facebook
So you support Pat King, white supremacist?|10159572468718904|Dale Cole|2022-02-16 21:53:30|1|1|10159570625888904|facebook
"but it's being used Illegaly and so War Crimes are being committed by Trudeau. If he can't stop some ""small fringe minority"" group and has to commit treason. Then what good is when a real threat arrives"|10159571914663904|Rollins Ric|2022-02-16 21:53:26|1|1|10159570625888904|facebook
So what is your solution, then? To have done nothing? Ignored the science and just gone about our daily business while millions were infected and died?|10159574972003904|Cat Rymerson|2022-02-23 21:53:21|1|1|10159570625888904|facebook
You and I were not watching the same Occupation then. Because the Occupation I saw threatened and bullied downtown workers, threatened business owners, threatened and attacked locals who live there, made threats against tow truck companies if they helped the police, shat and pissed all over national monuments and defaced those monuments.  They held an entire community in torturous hostage and abused them. They cost thousands of workers their livelihood.  Ya, it seems you and I didn't see the same event at all.|10159573398928904|Moe Seke|2022-02-23 21:53:21|1|1|10159570625888904|facebook
actually the unvaxxed caused all that delay. THEY flooded the ERs.  yes, lets not forget the people you unvaxxed killed. And lets not forget how many you WOULD sacrifice so you could have walked around without a mask.|10159574147283904|Moe Seke|2022-02-23 21:53:21|1|1|10159570625888904|facebook
lol the fact is, if it was trump acting this way you people would be melting down, but when its a liberal doing it you're indignant. Just goes to show you dont actually care about facism, you only care about your flavor of facism.|10159571729538904|Dean Whitford|2022-02-16 21:53:20|1|1|10159570625888904|facebook
more misguided soul. You don't even realize you've been conned into doing someone's dirty work. The people who organized this want to take over the Country. Nice to see you played along. Same types that follow Trump. Same reason american politicians from Texas donated to this occupation. Better watch what you wish for.|10159572210533904|Brenda Leigh|2022-02-16 21:53:19|1|1|10159570625888904|facebook
Lmao worry about your own soul buddy. You're the one standing on the wrong side of history ✌️|10159572220268904|Amani Soorma|2022-02-16 21:53:19|1|1|10159570625888904|facebook
Well Amani, the news media CBC, CTV are down in the trenches with the protesters, they are taking protester abuse like champs. They have people set up in different areas. They also have the feeds from the drones or the scouts on the rooftops. So, to call them fake news when they are right there, is someone that has been so conditioned by right wing media, you can't see they're doing the same as everyone with cell phones. Again.....illeg al protest, given multiple warnings to leave or go to jail, don't heed the warning, things don't favour the protester. The guy this morning that set off something in the drum who was taken down by police, was sitting up a few minutes later talking and smiling with the officers. Did you see that part? Remember Amani, CHOICES!!|10159572229383904|Brenda Leigh|2022-02-16 21:53:19|1|1|10159570625888904|facebook
Guys - common denominator is that we're Canadians🥺 don't let anything divide us. You wouldn't know how much I take pride in being a Canadian because it's a freedom ( I never had) majority of first world countries will never understand in true essence. Dont fight...it's okay to disagree but ❤🇨🇦❤|10159571488888904|Fatema Al|2022-02-16 21:53:33|1|1|10159570625888904|facebook
u jealous? Looking as rough as you do nobody dares do a cavity search on you for decades huh?|10159571429883904|Ivan Gc|2022-02-16 21:53:33|1|1|10159570625888904|facebook
If you think after 21 days of occupying a nation's capital, that this scene would be kinder or gentler in any other country, you are seriously naive. Protesters were politely and repeatedly asked to leave for days. Those who stayed were spoiling for a confrontation. These includes all those frail seniors you seem so concerned about.|10159572545588904|Patricia Finch|2022-02-16 21:53:19|1|1|10159570625888904|facebook
|10159570824958904|Colin Spencely|2022-02-16 21:53:33|1|1|10159570625888904|facebook
only dumb to you because it goes against your narrative.. He's the guy shouting hold up your tighty whities as a flag when arrested.. lol International law indeed..|10159570748918904|Jane Burkart|2022-02-16 21:53:33|1|1|10159570625888904|facebook
dumbest comment ever goes to.....|10159570746388904|Zacharia David Rouse|2022-02-16 21:53:33|1|1|10159570625888904|facebook
I wonder why he didn't live stream his booking into the jail.. where he had to take off those underpants and bend over ..|10159570650498904|Jane Burkart|2022-02-16 21:53:17|0|1|10159570625888904|facebook
that is the fear instilled in you. It is not other people’s stupid. You are tunnel visioned to Covid only. The mandates we had resulted in many tens of thousands of surgeries, tests, scans and procedures been delayed the last two year. The mandates we had delayed detection of cancers and cardiovascular disease at earlier more treatable stage. Let us not forget the cardiac patients who died because surgery was not available because of mandates. The mandates we had severely impacted people’s mental health. The mandates we had caused addiction and overdoses to increase. The mandates we had severely impacted children’s mental health and education. The mandates resulted in one in six small businesses being forced to close permanently. The mandates caused a division in society that may never be bridged. The success of mandates cannot be measured by number of cases and deaths. The repercussions of mandates will be felt economically, psychologically , medically, educationally, and politically for years to come.|10159574128883904|Real Sense|2022-02-23 21:53:21|1|1|10159570625888904|facebook
You can sure tell who is a liberal lover! Follows a China lover!|10159573313908904|Byron James|2022-02-23 21:53:19|1|1|10159570625888904|facebook
they are fighting for their freedom to be idiots imho.|10159571661263904|Caroline Castilloux|2022-02-16 21:53:20|1|1|10159570625888904|facebook
and voting multiple times for a guy in blackface makes you look good? Well, ok then....|10159573097313904|Frederick Hollinger|2022-02-23 21:53:32|1|1|10159570625888904|facebook
Agreed this this shame what do all of us devide more us make poeple more madness this has stop very sad conservative agreed with this|10159571688378904|Massia A Tracy|2022-02-16 21:53:17|0|1|10159570625888904|facebook
can tell who you voted, for hope your great grandchildren are not forced to work in sweat shops, you are of the age that i am sure you had family fight in the WWs to stop this from happening here|10159571811523904|Rod Fredrickson|2022-02-16 21:53:20|1|1|10159570625888904|facebook
Hilarious.|10159572587658904|Dale Cole|2022-02-16 21:53:32|1|1|10159570625888904|facebook
from PEI...ok, now I see where you're coming from. Don't worry, the Canadian voter is dumb enough to keep the maritime gravey train going! 😀|10159573053613904|Frederick Hollinger|2022-02-23 21:53:32|1|1|10159570625888904|facebook
keep drinking the kool aid.|10159572577083904|Frederick Hollinger|2022-02-16 21:53:32|1|1|10159570625888904|facebook
Don’t be like this. You don’t look good.|10159573073633904|Dale Cole|2022-02-23 21:53:32|1|1|10159570625888904|facebook
that's the trouble with a lot of people in your movement: drawing incorrect conclusions with little or no evidence.|10159571826303904|Caroline Castilloux|2022-02-16 21:53:20|1|1|10159570625888904|facebook
pretty much tell by your comments|10159571824488904|Rod Fredrickson|2022-02-16 21:53:20|1|1|10159570625888904|facebook
you have no idea who i voted for.|10159571823093904|Caroline Castilloux|2022-02-16 21:53:20|1|1|10159570625888904|facebook
"But what about all the fun? The partying? As one protester proclaimed ""it's like being at an all inclusive"". Every party has to end. The protesters made their point while costing the City of Ottawa and the country hundreds of millions of dollars. Plenty of people were already expressing dismay with medical health units and provincial governments over mandates. But make no mistake, we are still battling a world wide pandemic, with a determined virus that reinvents itself and attacks in waves. We hope it is becoming weaker, but that may be wishful thinking. In the meantime, someone should thank all those who got vacinnated and obeyed the protocols. This is how we have achieved a measure of stability over the illness, death and long covid that persists two years in."|10159572508708904|Patricia Finch|2022-02-16 21:53:17|0|1|10159570625888904|facebook
the rest of the world is dropping mandates. Some are not dropping them gradually but at once and some overnight. The rest of the world is moving on with life. What protocols helped? Wearing a cotton mask or surgical style mask that experts now say is not effective in preventing the virus? Or was it locking down society that a John Hopkins study shows was detrimental? Or was it coercing people to be vaccinated? The vaccine as we all are well aware now does not prevent infection, does not stop the spread, does not reduce viral load and it may lessen symptoms. Its efficacy wanes after 4 to 5 months. It is the protocols that have divided society. It is the fear instilled by government and media into Canadians to be afraid, very afraid. The fact is before and after the vaccine the overwhelming majority of those infected recovered at home without medical intervention. Canadians are now immersed into the Covid culture and not willing to give it up.|10159573253603904|Real Sense|2022-02-23 21:53:21|1|1|10159570625888904|facebook
I can't fix other people's stupid.  But hey, places like the United States and Brazil and Russia, that had marginal and ineffective mandates killed off one in 375 people (at least), so they must be right.|10159573411358904|Moe Seke|2022-02-23 21:53:21|1|1|10159570625888904|facebook
Wish there was this reaction 🙄|10159572632328904|Melissa Rose|2022-02-16 21:53:17|0|0|10159570625888904|facebook
You are so right. Where else wd a protest like this be tolerated? Some people just don't understand true freedom.|10159572601288904|PollyAnna Crumm|2022-02-16 21:53:33|1|0|10159570625888904|facebook
Did I say that? No. I support all the peaceful people there who are standing for our Rights|10159573607938904|Debbie Johnston|2022-02-23 21:53:30|1|0|10159570625888904|facebook
it depends on what level of mischief. Who are you talking about, joe protester or the ones running this charade?|10159572266723904|Brenda Leigh|2022-02-16 21:53:30|1|0|10159570625888904|facebook
They should soon later star on Letterkenney and The Trailer Park Boys.|10159571672298904|Mike Carroll|2022-02-16 21:53:17|0|0|10159570625888904|facebook
#RamRadResistanc e|10159571672913904|Jane Burkart|2022-02-16 21:53:33|1|0|10159570625888904|facebook
They are going home empty handed, if they leave on their own, or with a criminal record if the cops have to kick their butts. And like their hero Trump, Skippy the weasel Poilievre and Max Bernier are cowardly watching Ottawa on TV while their dimwit followers get in trouble|10159571847058904|Jorge José Neves|2022-02-16 21:53:17|0|0|10159570625888904|facebook
This is the “find out” part.|10159572354338904|Trevor Lavens|2022-02-16 21:53:17|0|0|10159570625888904|facebook
if I have to listen to one more person talk about “bodily autonomy” in this circumstance I am going to throw up. You were given a choice so don’t even bother. White guys - I don’t like consequences to my actions. Get over yourself.|10159572027418904|Mary Dale|2022-02-16 21:53:27|1|0|10159570625888904|facebook
yOuR MeMeS ArE SiCk MaN! Not enough brain power for a comment sit down little guy.|10159571455458904|Zacharia David Rouse|2022-02-16 21:53:33|1|0|10159570625888904|facebook
👍|10159571378008904|Nancy Zettel|2022-02-16 21:53:31|1|0|10159570625888904|facebook
Why don't you livestream yourself garrotting your cat with a lamp cord?|10159571309793904|Petar Ticinovic|2022-02-16 21:53:33|1|0|10159570625888904|facebook
what to hell are you talking Harper never bought out the media|10159572801833904|Rod Fredrickson|2022-02-16 21:53:31|1|0|10159570625888904|facebook
except he led a ton of people into this, who have now been abandoned by the leaders who weren’t arrested|10159571441953904|Christi Kropf|2022-02-16 21:53:31|1|0|10159570625888904|facebook
I'd give credence to just about anyone over a white nationalist pig.|10159571467158904|James Tucker|2022-02-16 21:53:31|1|0|10159570625888904|facebook
“do your research” 🤣|10159571652073904|Lynda Jean|2022-02-16 21:53:31|1|0|10159570625888904|facebook
If you find yourself inspired by Rat King then you’re truly a pos!|10159570872323904|Jimmy Voskakis|2022-02-16 21:53:17|0|0|10159570625888904|facebook
Visible now.tho ... Lol|10159571655933904|Joanne Johnson-Meyers|2022-02-16 21:53:31|1|0|10159570625888904|facebook
https:// mobile.twitter.c om/VestsCanada/ status/ 1312953785442951 171|10159571695688904|David Rochon|2022-02-16 21:53:31|1|0|10159570625888904|facebook
what torture? the only torture here is by the lunatic running this country|10159572805433904|Rod Fredrickson|2022-02-16 21:53:31|1|0|10159570625888904|facebook
Ah yes, my two favorite things for Saturday mornings - my cup of joe and reading state funded media.|10159571725933904|John A Metcalf|2022-02-16 21:53:17|0|0|10159570625888904|facebook
Pat Kings an idiot, even though we’re on the same side of this fight.|10159572032278904|Tim Cameron|2022-02-16 21:53:17|0|0|10159570625888904|facebook
Keep him in jail.|10159571982403904|Peter Ioannidis|2022-02-16 21:53:17|0|0|10159570625888904|facebook
He apologized. Move forward.|10159573101018904|Dale Cole|2022-02-23 21:53:32|1|0|10159570625888904|facebook
not bad for 20 min of work. I’m looking forward to getting more of that money. Good luck|10159571961258904|Shahab Habibi|2022-02-16 21:53:31|1|0|10159570625888904|facebook
well it was just everywhere ... Until they pissed on the grave of the Unknown Soldier then chit changed|10159571653933904|Joanne Johnson-Meyers|2022-02-16 21:53:31|1|0|10159570625888904|facebook
"It is now illegal to oppose Trudeau. There are dozens of videos showing police trampling an elderly lady and others. Other videos of protesters being arrested by brutal force. These ARE CANADIAN CITIZENS who are within their rights of peacefully protesting. And for over 100,000 ppl to collectively decide to protest together while holding hands and singing is a beautiful thing (and nearly impossible!), yet this has been demonized by our media outlets. Videos are popping up by media outlets in OTHER COUNTRIES showing the extreme measures taken by our government against its own ppl. Other countries are questioning the democracy in Canada. But ppl in Canada are being brainwashed into believing that the police are the ""heroes"" in this scenario. This is so very disheartening to observe"|10159571737358904|Amani Soorma|2022-02-16 21:53:17|0|0|10159570625888904|facebook
Do you read at all?|10159571921778904|Ralph Ellis|2022-02-16 21:53:26|1|0|10159570625888904|facebook
It isn't the war measures act, nor is it martial law. But keep on chanting akl this BS.|10159571796483904|Alex Buchanan|2022-02-16 21:53:26|1|0|10159570625888904|facebook
no injuries no property damage.|10159574066813904|Douglas Gray|2022-02-23 21:53:21|1|0|10159570625888904|facebook
or we could have adopted the measures in the Great Barrington Declaration. The tunnel vision to Covid has been detrimental to this country and its people. The overwhelming majority of cases before and after the vaccines have recovered at home without medical intervention. But you are immersed in the Covid culture so I understand your fear. It is relentless in Canada.|10159575097883904|Real Sense|2022-02-23 21:53:21|1|0|10159570625888904|facebook
omg I was watching CBC and the reporter was in the crowd, moving back with the crowd and he spots a woman in a funky, long red coat with a pigeon on her head....he was like...did you see that, she has a pigeon on her head. lol|10159572255548904|Brenda Leigh|2022-02-16 21:53:20|1|0|10159570625888904|facebook
3 weeks ago the actual organizers denounced him|10159572033628904|Tim Cameron|2022-02-16 21:53:20|1|0|10159570625888904|facebook
that, and turning a health issue into a political one. People making health decisions based on who they voted for is just stupid.|10159571845023904|Caroline Castilloux|2022-02-16 21:53:20|1|0|10159570625888904|facebook
oh and you draw yours on the bought out main stream media i assume|10159571828328904|Rod Fredrickson|2022-02-16 21:53:20|1|0|10159570625888904|facebook
pat king isn’t fighting for anything I believe in.|10159571697493904|David Rochon|2022-02-16 21:53:20|1|0|10159570625888904|facebook
you might want to look at the video, there was an officer between the bike and the horse, it was the officer that was pushing the bike with the man forcefully back. Look at the whole video not just a still picture.|10159575333203904|Michael H Stenz|2022-02-23 21:53:19|1|0|10159570625888904|facebook
Wow, so insightful. I bet you pondered that for a week before you posted.|10159574139968904|Moe Seke|2022-02-23 21:53:19|1|0|10159570625888904|facebook
Perhaps you should go to Ottawa and put your money where your mouth is.  Idiot|10159573687808904|Oliver Solaro|2022-02-23 21:53:19|1|0|10159570625888904|facebook
good reply!|10159573243828904|Anna-Jane Warren|2022-02-23 21:53:19|1|0|10159570625888904|facebook
Judy Metcalfe we used to......i know MANY down there and it was entirely peaceful until Trudeau sent In the good squad|10159573184373904|Helen Whyte|2022-02-23 21:53:19|1|0|10159570625888904|facebook
policemen are the heroes. They got everyone out. You wanted to stay there forever? Haha fooled you. Btw not peaceful if not everyone feels the peace. Disturbing the citizens of Ottawa what don’t you get???? It certainly not the truckers who are heros|10159573131433904|Lorraine Vezeau|2022-02-23 21:53:19|1|0|10159570625888904|facebook
, not to folks in Ottawa it hasn't|10159573055553904|Debra Dineen|2022-02-23 21:53:19|1|0|10159570625888904|facebook
As if|10159572752798904|Paderick Rose|2022-02-16 21:53:19|1|0|10159570625888904|facebook
Fox News reporting lies yet everyone bashes CTV|10159572752158904|Paderick Rose|2022-02-16 21:53:19|1|0|10159570625888904|facebook
and you don't seem to have a problem with these people taking the rights away from fellow Canadians. Seems more are on the side of the citizens of Ottawa. They were 'terrorists' as you call them, the minute they occupied Ottawa.|10159572414068904|Brenda Leigh|2022-02-16 21:53:19|1|0|10159570625888904|facebook
Hogwash.|10159572405568904|Penelope F. Cavers|2022-02-16 21:53:19|1|0|10159570625888904|facebook
maybe you could put money in Tamara Lich's canteen so she can make bail|10159572303918904|Brenda Leigh|2022-02-16 21:53:19|1|0|10159570625888904|facebook
there's no spinning unless it's the selective reporting of the right wing media and it's followers|10159572253553904|Brenda Leigh|2022-02-16 21:53:19|1|0|10159570625888904|facebook
care to invite the protesters to your house?|10159572252473904|Brenda Leigh|2022-02-16 21:53:19|1|0|10159570625888904|facebook
no one is denying anyone the right to protest, but they lost that right when they decided to illegally occupy the area. No one is denying getting rid of the mandates. lol Try harder.|10159572248753904|Brenda Leigh|2022-02-16 21:53:19|1|0|10159570625888904|facebook
right? Choices.....the y matter|10159572221953904|Brenda Leigh|2022-02-16 21:53:19|1|0|10159570625888904|facebook
I am embarrassed by the protestors behaviour. It’s our tax dollars paying all those police tons of OT, travel, etc. to deal with their bad behaviour. And they’ve sullied our flag to boot!|10159572051878904|Crystal Stewart|2022-02-16 21:53:19|1|0|10159570625888904|facebook
And still using children as a shield this afternoon. Such a scumbag tactic.|10159572018743904|Cynde Ross|2022-02-16 21:53:19|1|0|10159570625888904|facebook
respectful on Trudeau respectful this truck driver doing mess in canada destroy poeple life and respect time them go home get Ottawa back city|10159571859648904|Massia A Tracy|2022-02-16 21:53:22|1|0|10159570625888904|facebook
Pat King will do fine in jail, he bragged on one of his feeds about how many times he's been in jail and then proceeded to spew threats....yep. ..he's the man.|10159572256568904|Brenda Leigh|2022-02-16 21:53:22|1|0|10159570625888904|facebook
loving protest?! You can say that because you weren't one of the many Ottawans who were tormented by these goons for 3 bloody weeks! Give your head a shake!|10159572591428904|Nana Tirolese|2022-02-16 21:53:22|1|0|10159570625888904|facebook
And unfortunately there are a lot more supremest pukes like Pat King out there to round up.|10159571657128904|Pete Bjerkelund|2022-02-16 21:53:17|0|0|10159570625888904|facebook
This video shows CLEARLY AND WITHOUT A DOUBT that the horse that knocked the lady down stumbled because a protester shoved a bike at its front legs: https:// twitter.com/i/ status/ 1494802105147617 283|10159571795333904|Alex Buchanan|2022-02-16 21:53:26|1|0|10159570625888904|facebook
It isn't martial law - the military hasn't been called in. Educate yourself.|10159571795063904|Alex Buchanan|2022-02-16 21:53:26|1|0|10159570625888904|facebook
are you saying the emergency's act hasn't been invoked?|10159571715783904|Mike Allen|2022-02-16 21:53:26|1|0|10159570625888904|facebook
So, one day, when they finally get around to coming for you, who can we charge?|10159571517553904|Frederick Hollinger|2022-02-16 21:53:26|1|0|10159570625888904|facebook
👍👍👍|10159571377758904|Nancy Zettel|2022-02-16 21:53:26|1|0|10159570625888904|facebook
apparently people also think if they sit in the wet snow, this also makes them immune to arrest.....|10159572262308904|Brenda Leigh|2022-02-16 21:53:25|1|0|10159570625888904|facebook
|10159572261463904|Brenda Leigh|2022-02-16 21:53:25|1|0|10159570625888904|facebook
yes, that makes them immune from arrest and wards off werewolves and vampires too.|10159572260748904|John Blair|2022-02-16 21:53:25|1|0|10159570625888904|facebook
I seen someone today waving a white handkerchief, does that count?|10159572259343904|Brenda Leigh|2022-02-16 21:53:25|1|0|10159570625888904|facebook
Nico Valerio Try watching live footage instead of Facebook and YouTube videos.|10159571963273904|Janice Martin|2022-02-16 21:53:19|1|0|10159570625888904|facebook
Mike, if he was in for skin (his own words) there are also more like minds. https://t.co/ 4NzmkuffvQ|10159572278428904|Pete Bjerkelund|2022-02-16 21:53:25|1|0|10159570625888904|facebook
All the news is skewed towards anti convoy, Liberal New Networks lol 🤣|10159575480788904|Gary Journeay|2022-02-23 21:53:17|0|0|10159570625888904|facebook
Do you even read your posts?|10159572652618904|Dave Lockie|2022-02-16 21:53:22|1|0|10159570625888904|facebook
nobody cares what you think|10159574315173904|Gordie Allen|2022-02-23 21:53:24|1|0|10159570625888904|facebook
Pat King should be locked up with a chocolate key and the Police should eat the key. He is a racist and has people believing his lies.|10159573728473904|Zelia Poirier|2022-02-23 21:53:24|1|0|10159570625888904|facebook
Trudeau has undermined our faith in politicians.|10159572214213904|John Fox|2022-02-16 21:53:17|0|0|10159570625888904|facebook
I love how he was insisting for his right to call his lawyer while using his phone to live stream instead of using it to call his lawyer. Priceless.|10159572069043904|Jessica Knight|2022-02-16 21:53:17|0|0|10159570625888904|facebook
Doug Ford supported all the mandates, also 100% supported the federal government implementing the emergency act and he will cruise to and easy reelection in 10 weeks or so. If the majority oppose mandates emergency act he will be defeated. No chance of that|10159573048373904|David Eales|2022-02-23 21:53:17|0|0|10159570625888904|facebook
Don’t be like this.|10159572466943904|Dale Cole|2022-02-16 21:53:23|1|0|10159570625888904|facebook
those fcking stupid, ignorant protesters aren't either.|10159571737748904|Christopher Kennedy|2022-02-16 21:53:23|1|0|10159570625888904|facebook
Poor old Pat, thought he was at least 60! What has he done all his life?|10159572474833904|Mary Davidson|2022-02-16 21:53:17|0|0|10159570625888904|facebook
It’s sad what is happening to Canadians. A sad day to be Canadian|10159571931493904|Suzie Szmolyan Morrow|2022-02-16 21:53:17|0|0|10159570625888904|facebook
I suppose you call thieves and murderers gentle souls? 😝|10159573115683904|Nana Tirolese|2022-02-23 21:53:22|1|0|10159570625888904|facebook
Ready dont belive none protest need go back home|10159572666208904|Massia A Tracy|2022-02-16 21:53:22|1|0|10159570625888904|facebook
Crimes against humanity and the earth, hero’s sacrifice|10159572214918904|Joyula Reign-Himbert|2022-02-16 21:53:18|0|0|10159570625888904|facebook
