﻿comment|comment_ids|username|datetime|isreply|num_replies|post_id|label
The Conservative politicians who are falling all over this convoy should back away quickly.|10159531774118904|Donna Boyd|2022-02-02 20:55:16|0|12|10159531691873904|facebook
I talk about the truth, not conspiracy theories and lefty nonsensical rhetoric.|10159532005853904|Linda Nichol|2022-02-02 20:55:25|1|10|10159531691873904|facebook
I'll take my medical advice from Doctors before a trucker any day.|10159531760573904|Peter Cliff|2022-02-02 20:55:26|1|8|10159531691873904|facebook
This “group” does not seem very focused. What exactly are their concerns?  Crossing the border into Canada is certainly a federal issue, but vaccines, lockdowns and other COVID measures are under provincial jurisdiction. Of the provinces, Quebec’s measures appear to have been the most stringent but I’ve not heard their objections on that front.|10159531906618904|Andrew Dykstra|2022-02-02 20:55:16|0|5|10159531691873904|facebook
To the Globe and Mail editors: You almost got it right. Just take out “fringe views” and “ perceived” and you MIGHT have it closer to the truth. By the way, how much OF OUR MONEY did he give you for saying this statement?|10159531739048904|Hazel Neilson Shantz|2022-02-02 20:55:18|0|4|10159531691873904|facebook
and you know this how toots...the only peanuts are the ones who think everything is OK...go line up for your booster I hear there is pizza ;)|10159531903058904|Rose Burke|2022-02-02 20:55:50|1|3|10159531691873904|facebook
These folks don't realize 80% of the mandates are by their provincial government?|10159531839793904|Julie Bouvier|2022-02-02 20:55:16|0|3|10159531691873904|facebook
spoken like a true racist!|1237337110092066|Joe Cote|2022-02-02 20:55:34|1|3|10159531691873904|facebook
So what has he done to indicate he's going against the Charter?|10159531769668904|Jane Karen Sims|2022-02-02 20:55:26|1|3|10159531691873904|facebook
Jeremy Ostler His minions concern me.|10159531753458904|Peter Cliff|2022-02-02 20:55:26|1|3|10159531691873904|facebook
Oh stop it!! You know what is more dangerous, journalists who do not know how to do their jobs!!|10159531994413904|Clara Chol|2022-02-02 20:55:16|0|3|10159531691873904|facebook
If you believe that you should turn on the news and listen to these people attempt to articulate what their motivation for being at the riot is about.|301793178590642|Lorne Warawa|2022-02-02 20:55:29|1|2|10159531691873904|facebook
Only if you have a shot, that's ineffective against Omicron...that' s the only way you can leave.|10159531971898904|Livia KB|2022-02-02 20:55:31|1|2|10159531691873904|facebook
They have the freedom to choose but don’t like the consequences if their choice goes against the rules. We all have choices and consequences to live with. I can respect their right to choose without agreeing with the choice they make.|10159531797768904|Jim Nicole Dayman|2022-02-02 20:55:16|0|2|10159531691873904|facebook
Let me guess. Any time a group of people disagrees with something they will hop into their cars/trucks/ campers/etc and drive to Ottawa to demand their way. There will be one thousand to perhaps ten thousand of them (the rest doesn’t give a hoot). They will represent nobody but themselves. This process is supposed to replace our elected parliament and senate. Perhaps the courts as well, what the heck. Their leader will have shiniest truck and the loudest horn. The new system will be know as truckoracy and will replace democracy which obviously doesn’t work.|10159531925423904|Andrzej Nowacki|2022-02-02 20:55:16|0|2|10159531691873904|facebook
Another hit piece. The legacy media has got to go.|10159531816568904|Geordie Günther|2022-02-02 20:55:16|0|2|10159531691873904|facebook
You can slime these guys until you're black in the face, liberal bigot.|10159531961243904|Geordie Günther|2022-02-02 20:55:27|1|2|10159531691873904|facebook
Trumpism comes to Canada. Oh Canada.|10159531735448904|Peter Cliff|2022-02-02 20:55:16|0|2|10159531691873904|facebook
All is the correct choice of words.|10159531858938904|Joe Cote|2022-02-02 20:55:28|1|2|10159531691873904|facebook
Time to stand up for freedom|10159533730973904|Dale Robichaud|2022-02-02 20:55:32|1|2|10159531691873904|facebook
I know that these ladies and gentleman are brave, patriotic, loving Canadians and the outpouring of support on the trip all the way from all the amazing people is the greatest thing I’ve ever seen here in Canada in my lifetime.  I’ve never been so proud to be Canadian.  If you could check your political leanings at the door you and watch what is going on you would see just how awesome this whole thing is.|10159531964068904|Shawn Wayne Dubois|2022-02-02 20:55:45|1|2|10159531691873904|facebook
You are assuming you know my politics. Smart people don’t assume!|10159531986588904|Anne Harrison|2022-02-02 20:55:45|1|2|10159531691873904|facebook
China won the last election.|10159531928173904|Joe Cote|2022-02-02 20:55:32|1|2|10159531691873904|facebook
It was organized by Tamara Lich, who is affiliated with the Maverick Party. So what? Is Alberta not allowed to have a federal separatist party like Quebec?  Considering the amount of support that is coming in from across Canada, and even the world, I'd say she touched a nerve!|10159531947838904|Linda Nichol|2022-02-02 20:55:28|1|2|10159531691873904|facebook
I belive the liberals are the small fringe minority with unacceptable views!!|10159531815823904|Dale Robichaud|2022-02-02 20:55:16|0|2|10159531691873904|facebook
truth hurts the Newsmax audience. It's okay, I get it. You somehow know better than the rest of us.|1378553292576443|Johnny Cone|2022-02-02 20:55:46|1|2|10159531691873904|facebook
you can't get on international flights in/to the US either if you're not vaccinated. A lot of countries have this rule.|10159531981528904|Julie Bouvier|2022-02-02 20:55:31|1|2|10159531691873904|facebook
That’s so mean. Think about what you just said.  I would never say something so hateful to somebody.|10159531983938904|Shawn Wayne Dubois|2022-02-02 20:55:45|1|2|10159531691873904|facebook
“TRUCKERS DISTANCE FROM CONVOY  Over the last few days vaccinated truckers have been making their voices heard, condemning the convoy, pointing out that the vast majority of truckers are vaccinated and noting that while they have concerns about the cross-border vaccine rules, this is not the way they think it should be solved.  “When this thing started, it was a protest against the border vaccine mandate, it's kind of ballooned, quite a bit since then. Some people not even involved with the trucking industry have grabbed on and kind of become organizers and, and changed the message,” said Mike Millian, president of the Private Motor Truck Council of Canada, in an interview on CTV News Channel.  He said his organization has become concerned about the racist remarks and comparisons to Nazis and communism which he said is “not comparable” to what’s going on in Canada right now.  “There's a lot of good drivers in this convoy, who just want to peacefully protest and get the ear of the government and are worried about their jobs, and we encourage those people to stand up,” Millian said. “It's tarnishing the image of the entire industry. So if you're involved in it, and you don't agree with what's being said, you’ve got to speak up.””  https:// www.ctvnews.ca/ politics/ mps-warned-about -security-risks -related-to-con voy-o-toole-pla ns-to-meet-truc kers-1.5757134|10159532435798904|Linda Jeaurond|2022-02-02 20:55:29|1|2|10159531691873904|facebook
Completely false. Tons of people have got their vaccine and are ok with that. This is about freedom. Period. It's a simple concept that for some insane reason some people just can't grasp.|10159531869588904|Peter Bjornsen|2022-02-02 20:55:49|1|2|10159531691873904|facebook
You guys are really struggling with gymnastics to spin this. It’s honestly pathetic.|10159532110103904|Mindy Harley|2022-02-02 20:55:16|0|2|10159531691873904|facebook
https:// beta.ctvnews.ca/ national/ politics/ federal-election -2021/2021/9/ 10/ 1_5580592.html|10159531942198904|Brad Noel|2022-02-02 20:55:31|1|2|10159531691873904|facebook
As a fully vaccinated person, I support their struggle against vaccine coercion. Trudeau can shake in fear all he wants.|10159531848173904|Problematic Voice|2022-02-02 20:55:20|0|2|10159531691873904|facebook
your title says it all.|10159531956758904|Maria CT|2022-02-02 20:55:50|1|2|10159531691873904|facebook
The issue as I see it, is you can’t trust science only when it’s convenient for you. Any antivaxxer or antimandater, uses the medical system if they get hurt or sick. And now, when that same system and the people in it are pushed to the limit it’s a big F you? It doesn’t really make sense.|10159532100168904|Evan Kelly|2022-02-02 20:55:49|1|2|10159531691873904|facebook
The Canada Health Act can not force people to accept medical treatment.|10159532364733904|Kyle Nowosad|2022-02-02 20:55:29|1|2|10159531691873904|facebook
Evan, while it appears that the current mandates aren't a threat to the overall freedom (assuming that this will all end once the pandemic is over), there are many people who do not trust the neoliberal institutions and the people serving them. First Pfizer CEO said the pandemic will end in 2022, now they said 2024...meanwhil e Omicron is impacting most just like a flu. There has been media censorship and contradictions all this time...In the beginning, I supported the lockdowns fully...as well as the other measures. These mandates, the coercion, the restriction of movement and religious freedom...it's hard to get something back from authorities once you lose them.|10159532076948904|Livia KB|2022-02-02 20:55:49|1|2|10159531691873904|facebook
I don't disagree with your statement, but does that mean all the truckers protesting have been vaccinated? If so, why is there a problem?|10159532069483904|Evan Kelly|2022-02-02 20:55:49|1|2|10159531691873904|facebook
*Maverick Party.|1237335983425512|Michèlle Bradshaw|2022-02-02 20:55:34|1|2|10159531691873904|facebook
Who will win? The doctors or the suppliers of food. They should not send food to every house of medical professionals.|10159531740458904|Godian Godship|2022-02-02 20:55:18|0|2|10159531691873904|facebook
who won the last election?|10159531890733904|Lee Bailie|2022-02-02 20:55:32|1|1|10159531691873904|facebook
Umm...we're the only country in the world doesn't allow a segment of the population to LEAVE the country, even for essential reasons. North Korea, anyone?|10159531963558904|Livia KB|2022-02-02 20:55:31|1|1|10159531691873904|facebook
The general supporters of this are often foolish but there is only a hard-core group of extremist radicalized right wingers truly backing this.|10159532063293904|Lorne Warawa|2022-02-02 20:55:34|1|1|10159531691873904|facebook
google Linda Solomon Woods and Tides.|10159531989318904|John Skippy|2022-02-02 20:55:52|1|1|10159531691873904|facebook
https:// albertapolitics. ca/2022/01/ online-fund-rais ing-campaign-fo r-rolling-truck -blockades-to-p rotest-vaccine- mandates-linked -to-right-wing- separatist-grou ps/|10159532055523904|Michèlle Bradshaw|2022-02-02 20:55:34|1|1|10159531691873904|facebook
As was always intented. Don't for a second think that the truckers will see any money. Same thing happened last convoy of fools. They went broke getting here and then didn't get reimbursed.  The guy who shafted them was also a separatists Alberta politico. This must be the biggest scam going out West.|10159532014433904|Lorne Warawa|2022-02-02 20:55:34|1|1|10159531691873904|facebook
Well the Go Fund Me is going to the Wild Rose Party of AB and an RW Extremist.|10159531914918904|Michèlle Bradshaw|2022-02-02 20:55:16|0|1|10159531691873904|facebook
You are seriously misinformed.|10159531973228904|Dorothy Anne Knight|2022-02-02 20:55:31|1|1|10159531691873904|facebook
just to clarify, which part of the constitution are you referring to?|10159532920618904|Ming-Hoa Chen|2022-02-02 20:55:33|1|1|10159531691873904|facebook
what? Lol. I've left Canada six times since March 2020😂|10159531965088904|Julie Bouvier|2022-02-02 20:55:31|1|1|10159531691873904|facebook
Standing up for the Constitution of Canada is dangerous??? Who paid you off you sycophants?|10159531890573904|Donna King|2022-02-02 20:55:16|0|1|10159531691873904|facebook
You know nothing of freedom, having never in your limited life done anything to defend freedom, or support freedom, or create it. Nothing. You have never once in your life defended freedom. You've probably NEVER read our Constitution. What kind of person lives in a land of laws built upon a constitution they have never bothered to read?  IF you don't like the Liberal's governance, you can build a consensus of public support for a party that will win a democratic election to lawfully become the new government. You can do THAT. THIS convoy is demanding government action with no interest in democracy or freedom.  You have lost no freedoms at all. You are so deluded in your thinking that you can't even tell me what freedoms you've lost. That is how wrong you are.|301747785261848|Lorne Warawa|2022-02-02 20:55:33|1|1|10159531691873904|facebook
i know what freedom means and stands for. I am 100% behind the convoy fighting for your rights and freedoms and mine. So I don't know why you think that I am selfish with no respect? Because I don't think that Trudeau is doing a good job don't mean that I am selfish. I am out there fighting for your rights and freedoms.|301740315262595|Dianne Thompson|2022-02-02 20:55:33|1|1|10159531691873904|facebook
I defended freedom on three continents there sister. I literally defended your freedom for you, and saved the freedom of millions of others in places like Kabul and West Germany and Serejevo.  I think you have no idea what freedom means and how it is earned. I think that all your actions and your opinions are all about selfish self-interest with no respect for Canada or her citizens.|301737868596173|Lorne Warawa|2022-02-02 20:55:33|1|1|10159531691873904|facebook
oh I don't eat cake don't like it. So I think that its your hate for freedom. I don't hate the government don't like Trudeau and his liberals. So I think you are mad cuz you can't eat cake for breakfast lmfao|1378475975917508|Dianne Thompson|2022-02-02 20:55:33|1|1|10159531691873904|facebook
OH I know all about your hate of government and your rage at being told you can't have cake for breakfast.|1378441449254294|Lorne Warawa|2022-02-02 20:55:33|1|1|10159531691873904|facebook
no we don't side with this government that is why we are doing this and yes they are paid for media.|10159532908903904|Dianne Thompson|2022-02-02 20:55:33|1|1|10159531691873904|facebook
Globe and Mail didn't get $600 million. You might want to actually R.E.A.D. the article for the first time and see what that money achieves.  It's to insure local newspapers and news media in small markets survives. And if you think it 'buys' allegance to the Liberal Government, why is the Canadian news organization that gets the lion share of that money, Post Media, also the news papers with the greatest hate for the Liberals?  Oh, didn't think through this love-fest you got going with right wing propaganda did you? What would make you come off as smarter, as less gullible would be for you to understand the subjects you bring up and not swallow propaganda because it appeals to your horrible outlook on likfe.|10159532152633904|Lorne Warawa|2022-02-02 20:55:33|1|1|10159531691873904|facebook
Do you have even the tiniest shred of credible evidence from reputable sources to substantiate your comment?|10159531986043904|Dorothy Anne Knight|2022-02-02 20:55:52|1|1|10159531691873904|facebook
$600 million subsidy says they are paid. https:// nationalpost.com /news/politics/ 600m-in-federal- funding-for-med ia-a-turning-po int-in-the-plig ht-of-newspaper s-in-canada|10159532071838904|Edward R Yatscoff|2022-02-02 20:55:33|1|1|10159531691873904|facebook
confused people don't know when they're being used. You can't prove this is 'paid media', whatever that is, and therefore your opinion on this isn't rational. Most Canadians side with the vaccinated and the Government, not these clowns. Grow up.|10159532054998904|Lorne Warawa|2022-02-02 20:55:33|1|1|10159531691873904|facebook
Since November, 2021...look it up at the Travel Ministry site.|10159531965858904|Livia KB|2022-02-02 20:55:31|1|1|10159531691873904|facebook
Paid media tells lies. Canadian people are standing strong and free.|10159531977288904|Dianne Thompson|2022-02-02 20:55:16|0|1|10159531691873904|facebook
No...in other countries, you can quarantine, take the covid test, and other measures instead. Only in Canada this is the case. https:// travel.gc.ca/ travel-covid/ travel-restricti ons/ domestic-travel|10159532061673904|Livia KB|2022-02-02 20:55:31|1|1|10159531691873904|facebook
Awe little one, Can't stand the truth I see. maybe opening your eyes and mind to the truth would be helpful for you!|10159533786448904|Joe Cote|2022-02-02 20:55:32|1|1|10159531691873904|facebook
So? People can travel, but unvaccinated can’t. Tough boogies.|10159532070143904|Dorothy Anne Knight|2022-02-02 20:55:31|1|1|10159531691873904|facebook
Except the Liberalswon the election. And most Canadians are proven to support the mandates.|10159532095438904|Michael Suksi|2022-02-02 20:55:32|1|1|10159531691873904|facebook
Then join the rest of those dictators...tak e care of your soul 😉|10159532098678904|Livia KB|2022-02-02 20:55:31|1|1|10159531691873904|facebook
An the inane comment award goes to .|10159531978328904|Dorothy Anne Knight|2022-02-02 20:55:32|1|1|10159531691873904|facebook
Brought to you by Tides Foundation. Unbiased opinions, such as Pravda.|10159531959428904|John Skippy|2022-02-02 20:55:52|1|1|10159531691873904|facebook
people are leaving all the time . I've friends who are currently in Mexico and NYC. Canada only recommended against non essential travel - it did not forbid it.|10159531967063904|Julie Bouvier|2022-02-02 20:55:31|1|1|10159531691873904|facebook
thanks I know I’m amazing. no autographs plz|10159531905003904|Lee Bailie|2022-02-02 20:55:50|1|1|10159531691873904|facebook
Where did you go to University and receive your doctorate in journalism?|10159532145633904|Jamie Ruppel|2022-02-02 20:55:23|1|1|10159531691873904|facebook
Yes, that guy was a true racist. A lot of the Convoy is avowed racists and bigots.|1378488209249618|Lorne Warawa|2022-02-02 20:55:35|1|1|10159531691873904|facebook
I guess then you don’t have much to be proud about, if this makes you proud.|10159531981488904|Dorothy Anne Knight|2022-02-02 20:55:45|1|1|10159531691873904|facebook
I hope you can learn to be more tolerant of people.|10159531997548904|Shawn Wayne Dubois|2022-02-02 20:55:45|1|1|10159531691873904|facebook
Lol. Dude. You are are so out of touch. Tired of the use of the word “fringe”. Elon musk tweeted today in support. FYI. This is huge. Way beyond your petty paid off media propaganda|10159531814798904|Mark Rosner|2022-02-02 20:55:18|0|1|10159531691873904|facebook
self serving AF. Elon Musk, whose self driving semis will put more truckers out of work than all the mandates combined.|10159532126458904|Fabián Camilo|2022-02-02 20:55:45|1|1|10159531691873904|facebook
lol. Missing the point entirely.|10159532205488904|Mark Rosner|2022-02-02 20:55:45|1|1|10159531691873904|facebook
Elon Musk is a well known anti-vaxxer. He stated at one point that he and his family would not get the vaccine. And then he was caught getting the vaccine ... so then he did a turn around and started stating he's anti-mandate. If you actually followed the news, you'd know this.|10159533200713904|Léa Langelier|2022-02-02 20:55:45|1|1|10159531691873904|facebook
It was dangerous to begin with. It's a grift, started by separatists and white supremacists, who don't have any ties to trucking, but really want your money.|10159531847803904|Johnny Cone|2022-02-02 20:55:18|0|1|10159531691873904|facebook
bahahahahahaha. .... Deep breath.... bahahahahahahah ahahahahahahaha haha... Stop lying and repeating MSM propaganda it just makes you look even more crazy.. derp|301793635257263|Rich Tillett|2022-02-02 20:55:46|1|1|10159531691873904|facebook
oh one more thing.... The article you seem to believe is funded by the Canadian government.. I'm sure there isnt any conflicts... derp..|301804591922834|Rich Tillett|2022-02-02 20:55:46|1|1|10159531691873904|facebook
cool fantasy you're living in.|1378557359242703|Johnny Cone|2022-02-02 20:55:46|1|1|10159531691873904|facebook
only you cant refute any of it... So there is that.|1378558432575929|Rich Tillett|2022-02-02 20:55:46|1|1|10159531691873904|facebook
The only dangerous players in this game are the G&M and the rest of MSM trying to spin this into something it is not.|10159531774428904|Ken Erickson|2022-02-02 20:55:18|0|1|10159531691873904|facebook
this is an opinion piece, first of all, and secondly, the media is just describing it for what it is: a convoy of vaccine mandate protesters. It’s not the Media‘s job to pick up their mantle and repeat their claims as truth|10159531776773904|Sean Ledwich|2022-02-02 20:55:47|1|1|10159531691873904|facebook
you just as blind or dumb as the rest of the Sock Boy worshipping idiots with their head up their you know where being lead blindly down a road convinced the government has your best interests in mind.|10159531787648904|Ken Erickson|2022-02-02 20:55:47|1|1|10159531691873904|facebook
Thanks for pointing out the obvious. This has been the issue with antivaxxers from the beginning.|10159531842788904|Evan Kelly|2022-02-02 20:55:20|0|1|10159531691873904|facebook
what's conspiracy about wanting our freedom back you seriously are clueless....go get a booster I think yours in thinning out lmfao and dont forget to update your passport lol|10159531960843904|Rose Burke|2022-02-02 20:55:50|1|1|10159531691873904|facebook
https:// www.theglobeandm ail.com/canada/ article-quebec-t o-allow-some-he alth-care-staff -infected-with- covid-19-to-sta y/|10159532120323904|Livia KB|2022-02-02 20:55:49|1|1|10159531691873904|facebook
I doubt he’s even a tiny bit scared by this ragtag group of 1/6 wannabes|10159531892108904|Lee Bailie|2022-02-02 20:55:50|1|1|10159531691873904|facebook
you really are as stup!d as you look...keep it up you are doing great lmfao|10159531896433904|Rose Burke|2022-02-02 20:55:50|1|1|10159531691873904|facebook
I. Grew up in a trucking family. I don’t hate the truckers I really hate that they are being used by the right wing crazies. You should not assume that know everything…espe cially because in this case you know nothing!|10159531959608904|Anne Harrison|2022-02-02 20:55:45|1|1|10159531691873904|facebook
poor gullible truckers being used by the right wing crazies.|10159531949463904|Anne Harrison|2022-02-02 20:55:45|1|1|10159531691873904|facebook
This convoy is about love, freedom and family. Go truckers and supporters, love you all be safe. 🇨🇦 🇺🇸 🚛 ❤️|10159531909903904|Shawn Wayne Dubois|2022-02-02 20:55:18|0|1|10159531691873904|facebook
Chuck, you missed the quotations marks. It’s from the Globe and Mail article above.|463896675311124|Linda Jeaurond|2022-02-02 20:55:29|1|1|10159531691873904|facebook
There should be no consequences. They remove people's ability to choose by creating consequences. Consequences for not taking a v that offers no immunity or stop the spread. Truckers in general have little contact with people or with the products they haul. They don't load or unload the products. This is about control, not about health. This also about profits for big pharma.|10159531815923904|Rebecca Martin|2022-02-02 20:55:37|1|1|10159531691873904|facebook
there are no consequences for violating the Charter of Rights and Freedoms for the government, so your point is moot.|10159531880238904|Robin Hardement|2022-02-02 20:55:37|1|1|10159531691873904|facebook
This convoy is waking us up to the corrupt and blatantly lying, fear mongering media we have in this country!! Don’t let off the gas truckers! Keep on promoting unity for all Canadians! Lift the mandates ❤️❤️🇨🇦🇨🇦🇨🇦|10159532056768904|Nick Disiewich|2022-02-02 20:55:16|0|1|10159531691873904|facebook
Rose you are the one who has the brain of a peanut.|10159531900393904|Maria CT|2022-02-02 20:55:50|1|1|10159531691873904|facebook
"A convoy of anti-vaxxer truckers across Canada are threatening to shut down the country's supply chain if the government doesn't drop an impending vaccine mandate. Included in the truckers and their vocal supporters online are Proud Boys, and other outspoken white nationalists “The anti-vaccine movement has become a key vector for radicalization"" , national security experts warn, and they are concerned Canada could be facing its own Jan 6 moment. https:// www.nationalobse rver.com/2022/ 01/27/opinion/ anti-vaxxer-truc k-convoy-signal s-insidious-spr ead-trumpism-ca nada?fbclid=IwA R33RKIhi9zzhIzI E7iMszHQXgKzKed dD4YPHN7MOawvbQ QbPQ-yD7a-AHU"|10159531766703904|Andrew Merritt|2022-02-02 20:55:21|0|1|10159531691873904|facebook
The thing is you can only speak for yourself... there are enough supporters to say that this isn't just for themselves.|1378575662574206|Christina Von Adrian|2022-02-02 20:55:39|1|1|10159531691873904|facebook
A rebellion .. in this case a peaceful one ... is a group of people coming together. They have the support of thousands and thousands that came out along the journey across the country and the thousands who couldn't make it out ... so that should let you know they are speaking for those in Canada who can't.. so yes .. they've been elected.|1597924190546241|Christina Von Adrian|2022-02-02 20:55:39|1|1|10159531691873904|facebook
And it is a right to peacefully protest against unfair treatment... what people choose to do while they are there or who infiltrates to denounce their cause can't be helped unfortunately ... but nonetheless a very large group of vaxxed and unvaxxed are peacefully protesting end to these mandates.|976874329917800|Christina Von Adrian|2022-02-02 20:55:39|1|1|10159531691873904|facebook
Vaccines save lives!|10159531954023904|Barbara Thompson|2022-02-02 20:55:16|0|1|10159531691873904|facebook
Another copying USA attack parliamentary, like the guy that was shooting inside but he got killed, the security save New Democratic Party, Brave. PC party of Canada fueling this.|10159531727833904|Fredrick Morris|2022-02-02 20:55:18|0|1|10159531691873904|facebook
It's the right wing version of the Occupy movement. Doesn't matter what the intent was in the beginning, it's easily hijacked by fringe elements.|10159531779948904|Jason Godin|2022-02-02 20:55:20|0|1|10159531691873904|facebook
Since I read (from the Calgary Herald no less) that the convoy doesn’t have the National Trucker Association backing, I am relieved that it’s not real truckers that work for a living, but some trouble makes who just want attention, I’m relieved and will be quiet from henceforth.|10159531943938904|C.A. Cross|2022-02-02 20:55:18|0|1|10159531691873904|facebook
Deanne Mealey, why are nasty to me? I’m not on the toddlers’ side. Why take it out of me!|420734799839922|C.A. Cross|2022-02-02 20:55:41|1|1|10159531691873904|facebook
Deanne Mealey, it seemed that way to. I’ve heard different reports about how many.  Regardless the whole things upsets very much that I have take a break. They whole things just breaks my heart. I hate people right now. And you will probably laugh and jeer at me. I can’t stop if you or anyone else enjoy hurting me. But I can’t be here. I can’t take the nastiest any more.|487118052808146|C.A. Cross|2022-02-02 20:55:41|1|1|10159531691873904|facebook
And the MSM stooges quickly fight to delegitimize any attempts to stand up for people's rights. Not surprising|10159531977463904|Lance Brizard|2022-02-02 20:55:20|0|1|10159531691873904|facebook
Guess the G & M is a liberal supporter.|10159531722253904|Jenny Thomas|2022-02-02 20:55:18|0|1|10159531691873904|facebook
could be worse, they could be Conservatives 🤷🏼‍♂️🤮|10159531819363904|Steve Dyer|2022-02-02 20:55:42|1|1|10159531691873904|facebook
pulling out all stops to protect trudeau|10159531740328904|Mitch Dineen|2022-02-02 20:55:18|0|1|10159531691873904|facebook
Sarah Sparks you missed my point. The number of vehicles is mostly irrelevant. (However I very much doubt there will be many of them). Point is that you don’t replace democracy with voting by a diesel truck. Sorry I had to explain.|10159532157438904|Andrzej Nowacki|2022-02-02 20:55:39|1|1|10159531691873904|facebook
I can get behind that. Not what we’re discussing though.|1378487715916334|Michèlle Bradshaw|2022-02-02 20:55:35|1|1|10159531691873904|facebook
. You poor thing. The more you “learned about”?Well, yes the CBC, CTV, Globe and Mail, the Toronto Star (a sad joke), any and all of the gutless, brainwashed , bought-off employees who unabashedly claim to be reporters and journalists when they’ve entirely given up on integrity, honesty and fairness , is all you learn from well then your education is limited. Sorry.|10159533706323904|Chuck Audette|2022-02-02 20:55:29|1|1|10159531691873904|facebook
Need to rid canada of the actual racist meatheads of the liberals and NDP!|10159531926168904|Joe Cote|2022-02-02 20:55:27|1|1|10159531691873904|facebook
no one said that. But journalists should be objective.|10159532927203904|Clara Chol|2022-02-02 20:55:23|1|1|10159531691873904|facebook
What about all the medical people losing their jobs, the city workers, the federal government workers, even people working for contactors that must visit city, provincial or federal work sites? These mandates didn't give people time to find new careers that were not affected by the mandates. These workers are not having to enter a different country and they are out of work. How are they to feed their families? THIS is what the truckers are trying to portray to everyone else. It isn't just for them.|10159532110603904|Zelda Bogert Webber|2022-02-02 20:55:25|1|1|10159531691873904|facebook
probably too old for you. You're not my type anyway.|10159532037163904|Bernie Lightfoot|2022-02-02 20:55:25|1|1|10159531691873904|facebook
it’s planned by elements of the separatist maverick party….|10159531856043904|Cory Karp|2022-02-02 20:55:28|1|1|10159531691873904|facebook
**Any canadians|10159531844493904|Rich Sutherland|2022-02-02 20:55:28|1|1|10159531691873904|facebook
as should JT in the useless mandates that are not helping all Canadians!|10159531832723904|Joe Cote|2022-02-02 20:55:28|1|1|10159531691873904|facebook
another far right lie about journalists go watch tucker on fox you can really get truthful news from them it’s the old trump big lie on media while he was busy trying to do a coup|10159533084333904|Sandra Hunt|2022-02-02 20:55:23|1|1|10159531691873904|facebook
are you outing yourself?|10159531932063904|Lee Bailie|2022-02-02 20:55:27|1|1|10159531691873904|facebook
you first|10159531879728904|Lee Bailie|2022-02-02 20:55:27|1|1|10159531691873904|facebook
Do not coerce people into taking a medical intervention they do not want to. Seems pretty simple to me.|10159532255148904|Jeffrey Ferland|2022-02-02 20:55:25|1|1|10159531691873904|facebook
How old are you?|10159532015853904|Lorne Warawa|2022-02-02 20:55:25|1|1|10159531691873904|facebook
wow that's a stretch! All I ask for is for journalists to be OBJECTIVE. To report all sides and not just their personal opinion.|10159533090888904|Clara Chol|2022-02-02 20:55:23|1|1|10159531691873904|facebook
Fake account. Don't feed the paid trolls|1237328440092933|Viviane Schmidt Mumm|2022-02-02 20:55:23|1|1|10159531691873904|facebook
And some are just struggling with the English language|7615852235106813|Viviane Schmidt Mumm|2022-02-02 20:55:24|1|1|10159531691873904|facebook
Don Jr. is your biggest cheer leader.|10159533107328904|Peter Cliff|2022-02-02 20:55:26|1|1|10159531691873904|facebook
why are lefties making this comparison. There is no Trump equivalent here at all. Are all working class movements now to be derided?|10159533038203904|Alex Baird|2022-02-02 20:55:26|1|1|10159531691873904|facebook
you left out the part about the foreign influence coming from right wing white supremacy groups in the US.|10159532004448904|Bernie Lightfoot|2022-02-02 20:55:25|1|1|10159531691873904|facebook
Blake Kerr-Kaswurm , coming from a thing like you, it’s a compliment. It means that I’m on the right track. Thanks for confirming it. 🤦🏻‍♂️🙄|10159532010223904|Sylvain Pelletier|2022-02-02 20:55:25|1|1|10159531691873904|facebook
The kind of person who says that no long gets invited to family gatherings any more.  Is that your predicament right now? They will have nothing to do with QAnon believers eh?|10159532134583904|Lorne Warawa|2022-02-02 20:55:25|1|1|10159531691873904|facebook
Lol the staged events of January 6th lolol.|10159532026568904|Eric Lewis|2022-02-02 20:55:25|1|1|10159531691873904|facebook
who did they cherry pick for that dribble hahahaha. It started as a stop mandates protest, and continues to be just that. There is footage of CBC recording at the protest this morning, they had the camera at the end pointing away from the crowd of thousands to show a handful of people 🙄. Don't you get it yet? Mainstream media is manipulating the story.|10159532999923904|Jane Kevin Robertson|2022-02-02 20:55:29|1|1|10159531691873904|facebook
“Very quickly, this protest became something else entirely. It was founded on the lie that empty grocery shelves were the direct result of the vaccine mandate for truckers – a falsehood that was amplified and lent credence by members of the Conservative Party of Canada.  The more we learned about the intentions of the group behind the convoy – Canada Unity – the stranger and more disturbing the picture became. For instance, we now know the group is set to arrive in Ottawa with a manifesto of sorts, a “memorandum of understanding” it hopes the Governor-Genera l of Canada, Mary Simon, will sign.  The memo asks Ms. Simon and the Senate to reverse all vaccine mandates in the country – even though most of these mandates have been introduced by the provinces. Ottawa has no authority over the provinces in this regard.”|10159532017593904|Linda Jeaurond|2022-02-02 20:55:16|0|1|10159531691873904|facebook
https:// media.gab.com/ system/ media_attachment s/files/096/ 878/503/ original/ 774182330228c399 .mp4?fbclid=IwA R3eElM3MRJJA1BA g6Jbz96aIO9zSa- qFHIc9V5cUyZaHP IuU9PjO42DlKo|10159533105273904|Lisa Susin|2022-02-02 20:55:29|1|1|10159531691873904|facebook
Journalists should write delirious rah-rah propaganda for angry protest conveys instead of all this objective reporting. Don't they teach that in journalism school?|10159532233463904|Stephen Humphrey|2022-02-02 20:55:23|1|1|10159531691873904|facebook
oh get over yourself. You know these hyper partisan truckers are doing this to intimidate.|10159532676133904|Matty Mac|2022-02-02 20:55:23|1|1|10159531691873904|facebook
how is this Trumpism? It's a protest against the continuation of mandates that are being dropped all across the world.|10159531749693904|Graham Carter|2022-02-02 20:55:26|1|1|10159531691873904|facebook
actions speak louder than words. Which mean absolutely nothing coming out of his mouth.|10159531753558904|Daniel Dawe|2022-02-02 20:55:26|1|1|10159531691873904|facebook
I do not understand how people will try to justify that it is somehow okay in a free country to coerce others into a medical intervention they do not want?|10159532256923904|Jeffrey Ferland|2022-02-02 20:55:29|1|1|10159531691873904|facebook
The greater good has to be paramount.|10159533092293904|Lindsay Bryan|2022-02-02 20:55:25|1|1|10159531691873904|facebook
how much of that money has come from foreign influence groups south of the border?|10159532009798904|Bernie Lightfoot|2022-02-02 20:55:25|1|1|10159531691873904|facebook
also most truckers are fully vaccinated. 85% I think. So what exactly are they protesting about!?|10159533062683904|Gaille Musgrove|2022-02-02 20:55:25|1|1|10159531691873904|facebook
Who’s allowed to support and agree with the trucker convoy? It may sound stupid but I’ve been told by coworkers that me being Black I can’t support those guys cuz some of them are “conservative”|10159532115558904|Robson Ferreira|2022-02-02 20:55:18|0|0|10159531691873904|facebook
The Globe and Mail shame on you for fake news! You no longer qualify as journalists.|10159531860708904|Betty Panagiotas|2022-02-02 20:55:18|0|0|10159531691873904|facebook
wow targeted harassment. so peaceful and not threatening!|10159531879423904|Lee Bailie|2022-02-02 20:55:48|1|0|10159531691873904|facebook
It was only a matter of time.|10159531716968904|Jim Preyde|2022-02-02 20:55:18|0|0|10159531691873904|facebook
SAYS THIS LIBERAL RAG. GO TRUCKERS AND THANK YOU ALL. Edna|1511690102547554|Bill Davis|2022-02-02 20:55:18|0|0|10159531691873904|facebook
The people are getting tired of going backwards as a Country. Play safe You know how to vote next time the world is behind us. Don't need violence, JUST WANT TO BE HEARD. The government right now is not listening to the majority.|10159532023193904|Doug Richardson|2022-02-02 20:55:18|0|0|10159531691873904|facebook
Fredrick nope. Canadians.|10159531739593904|Shawn Wright|2022-02-02 20:55:44|1|0|10159531691873904|facebook
I'll take Terry Fox or the 2010 Olympics (especially the 2 Hockey Golds) as far more unifying.|10159532912278904|Richard Evans|2022-02-02 20:55:45|1|0|10159531691873904|facebook
ask Trudeau. I heard he spent 45 million to hire some sh** disturbers.|10159532155708904|Kate Mitchell|2022-02-02 20:55:18|0|0|10159531691873904|facebook
Mandate Freedom!🇨🇦🇨🇦🇨🇦|10159532029978904|George Perianu|2022-02-02 20:55:18|0|0|10159531691873904|facebook
Media Propaganda is destroying our country, yes.|10159532214973904|Samuel Gagnon|2022-02-02 20:55:18|0|0|10159531691873904|facebook
"How much were you paid for you ""free and impartial"" reporting Globe & Mail??"|10159532503588904|Helen Kefalas|2022-02-02 20:55:18|0|0|10159531691873904|facebook
It looks like we will have to go to Ottawa to actually see what’s happening, news will not say it 🙄|7615804895111547|Radmila Avlijas Raic|2022-02-02 20:55:18|0|0|10159531691873904|facebook
The only thing I found out from this article is that Globe and Mail is beyond pathetic. This so called media is participating in a brainwashing of the population on industrial scale. Very similar what was happening in Soviet Union. Scary!|10159532311528904|Richard Husar|2022-02-02 20:55:18|0|0|10159531691873904|facebook
The only thing dangerous is the Propaganda the G & M continues to push. They are just as bad as the PM and his Henchman.|10159532043953904|Mike Johnson|2022-02-02 20:55:18|0|0|10159531691873904|facebook
Leave it up to Gary to label such a large number of Canadians as off on the fringe. What can you expect when the leader of the country does the same. These fools will stop at nothing to keep pushing the divide amongst Canadians, but as the country has seen, it's not working.  Real people won't allow themselves to be sewn with division from their neighbours, friends, and families, and this protest has shown just that. As a slap in the face to the Canadian establishment, vaccinated and unvaccinated truckers have come together to protest something that they and many Canadians feel is wrong. Aren't there more vaccinated truckers in the convoy than unvaccinated? Keep that in mind while the media spins their web of lies, or publishes crackpot journalists whose only purpose is to push and agenda, and not give unbiased reporting.|10159532010668904|Casey FI|2022-02-02 20:55:18|0|0|10159531691873904|facebook
You invoked Godwin's Law. You lost the argument.|10159532375028904|Kyle Nowosad|2022-02-02 20:55:25|1|0|10159531691873904|facebook
So much more dangerous.|680057766485486|Lynn Robertson|2022-02-02 20:55:20|0|0|10159531691873904|facebook
Forcing people to inject drugs they don't want into their bodies IS a threat to their freedom. 100%.|10159533469053904|Joseph Breck|2022-02-02 20:55:20|0|0|10159531691873904|facebook
Didn't see that coming 🙄|10159532007598904|Lisa Fenerty|2022-02-02 20:55:20|0|0|10159531691873904|facebook
What?|10159531739523904|Andrew Tyler|2022-02-02 20:55:44|1|0|10159531691873904|facebook
are you actually serious? Get your head out of the sand. Wake up and smell the coffee! So tired of fake news/ conspiracy theorists seeking attention|10159531822903904|Craig Sandford|2022-02-02 20:55:48|1|0|10159531691873904|facebook
if that's what you think then I'm probably your type, but you're still not mine. Try the playground instead.|10159532136858904|Bernie Lightfoot|2022-02-02 20:55:25|1|0|10159531691873904|facebook
Perhaps it isn’t hate, more likely disgust.|10159531980398904|Dorothy Anne Knight|2022-02-02 20:55:45|1|0|10159531691873904|facebook
Ya, you're 14 all right.|10159532133818904|Lorne Warawa|2022-02-02 20:55:25|1|0|10159531691873904|facebook
I've seen and heard what you wrote before and it all comes from far right conspiracy theories and none of it's the truth. Most countries have excessive debts, and none of it will ever be paid back. As for broken promises, scandals, etc shall we look back at the previous Conservative Governments and see how pristine they were. Shall we ask Mr. Harper how well he treated our military & our veterans? Our military isn't decimated, we just don't have a war machine like the US that is constantly on guard.|10159532089363904|Amie Genevieve Guerin|2022-02-02 20:55:25|1|0|10159531691873904|facebook
my friend is a trucker and he's been very busy for two years. He thinks this is ridiculous. Wasting time and resources when you can just go to work.|10159532042043904|Lisa Kurytnik|2022-02-02 20:55:25|1|0|10159531691873904|facebook
lol @ your sad attempt to paint me with Newsmax... Truth cares not who tells it only that its told Johnny didnt your mamma tell ya that? Even CNN tells the truth occasionally.. As for knowing... I'm sure I know it better then you and that was the point of my post.. You're clever to have noticed. thx|301803828589577|Rich Tillett|2022-02-02 20:55:46|1|0|10159531691873904|facebook
maybe they should of stuck to the crossing and not wexits full list of bs truckers don’t dictate health measures and neither does wexit. I’ve heard some of them and their mouthing they can’t put a coherent sentence together. I especially was angered when the one trucker and some woman said they didn’t care about who died they said the deaths in Canada were a lie so you know what F you on what you think these truckers have a right to dictate ….some are saying they want to over throw the gov. They’ve watched to much trump bs and the capital insurrection. So if any good truckers are in this for the border mandate they beat stick to what they originally said they were going for. Good luck though crossing into USA when they have the same restriction|10159533092058904|Sandra Hunt|2022-02-02 20:55:25|1|0|10159531691873904|facebook
, not being able to consolidate and articulate your grievances doesn't make them disappear.|10159532031178904|Chad Giroux|2022-02-02 20:55:25|1|0|10159531691873904|facebook
Ya, it's not though. You can do whatever you want as long as you don't pose as a threat to someone else. Ya know, like every other rule or law. That said, I don't support mandates either, but it's not a threat to your overall freedom.|10159531879393904|Evan Kelly|2022-02-02 20:55:49|1|0|10159531691873904|facebook
Tamara Lich is the organizer. She is also the secretary for the Maverick Party. A Canadian Separatist Party. Pat King is another organizer, a know white supremacist. Other supporters include Jeremy MacKenzie and Derek Harrison of Diagolon/the Plaid Army. Must be hard to breathe with your head in the sand all of time. Enjoy your day.|1378570965908009|Johnny Cone|2022-02-02 20:55:46|1|0|10159531691873904|facebook
And I thought the vaccine rules were provincial jurisdiction? So why are they in Ottawa? I know , I know, within country holiday. Yea!|145959277872707|Jon Chevalier|2022-02-02 20:55:18|0|0|10159531691873904|facebook
sorry I guess it’s a good thing you are here to set everyone straight 😂|10159533211238904|Mark Rosner|2022-02-02 20:55:45|1|0|10159531691873904|facebook
wexit itinerary is what they are doing|10159533093068904|Sandra Hunt|2022-02-02 20:55:25|1|0|10159531691873904|facebook
end all government mandates and gives us our freedom back. It's a very simple message to understand. 2 years ago we were told 2 weeks to flatten the curve and things never went back to normal. Your stuck like the government and legacy media want you to be, confused about what it looked like before we flattened the curve. Before we flattened the curve, do you remember what that's like? That's what we are fighting for, it's easy to understand while legacy media and government will make you think it's complex. It is not. End all mandates and give us our freedom back.|7615875828437787|Shaun Hibbs|2022-02-02 20:55:25|1|0|10159531691873904|facebook
The Convoy and what it represents is nothing but a sham. Money being made from those that are gullible.|10159531854648904|John Snyder|2022-02-02 20:55:18|0|0|10159531691873904|facebook
so like Andrew said, not a very focused group.|10159532022273904|Nathan Greenlay|2022-02-02 20:55:25|1|0|10159531691873904|facebook
rising prices are worldwide. Gas prices are opec. The entire world suffered through this pandemic. The vaccine has been given to billions and works. Nothing is 100% sorry you've been inconvenienced. Talk to a vet or anyone who's lived through a war about freedoms.|10159532021278904|Lisa Kurytnik|2022-02-02 20:55:25|1|0|10159531691873904|facebook
so… what happens when they figure out that even if Canada drops the cross border restrictions that the US still has them?|10159532018388904|Logan Creed|2022-02-02 20:55:25|1|0|10159531691873904|facebook
They've had over a year to get vaccinated.|10159533092048904|Lindsay Bryan|2022-02-02 20:55:25|1|0|10159531691873904|facebook
Only you can figure out why you are spreading hate.|10159531995763904|Shawn Wayne Dubois|2022-02-02 20:55:45|1|0|10159531691873904|facebook
Take your hate somewhere else.|10159531951613904|Shawn Wayne Dubois|2022-02-02 20:55:45|1|0|10159531691873904|facebook
Maybe, but not as dumb as a bunch of folks expecting the federal government to overturn provincial health measures|10159531798398904|Sean Ledwich|2022-02-02 20:55:47|1|0|10159531691873904|facebook
Why didn’t the government make it mandatory then if people weren’t going to have a choice? What’s next? Mandatory boosters for life? How many are you willing to get especially if you’ve had and recovered from the disease?|10159533098063904|Zelda Bogert Webber|2022-02-02 20:55:25|1|0|10159531691873904|facebook
I thought about. It makes sense, and perhaps one day you will understand.|10159531987058904|Dorothy Anne Knight|2022-02-02 20:55:45|1|0|10159531691873904|facebook
Those surgeries require drugs developed by big pharma, so again, you can’t have it both ways. You can’t go to a naturopath for something serious, so again it’s when it’s convenient for the one who puts their faith in a naturopath. A lot of medications developed by big pharma are based on plants and things found in nature, but they have to be synthesized in a lab in order to meet the demand of a population. And yes big pharma is profit driven, it has to be. One pill with research and development could cost a billion dollars. They need to make that money back in order to develop more drugs.|10159532163568904|Evan Kelly|2022-02-02 20:55:49|1|0|10159531691873904|facebook
If this is about freedom then I’m the tooth fairy.|10159531983608904|Dorothy Anne Knight|2022-02-02 20:55:49|1|0|10159531691873904|facebook
Liars They are hero’s not villains|10159531846143904|Dawn Kuzio|2022-02-02 20:55:20|0|0|10159531691873904|facebook
Mercy sakes alive!|463892031978255|Bill Furney|2022-02-02 20:55:20|0|0|10159531691873904|facebook
The media sure loves to push its agenda of division.|1237313683427742|Cory Whitehead|2022-02-02 20:55:20|0|0|10159531691873904|facebook
Nothing is more dangerous than our own corrupt, bought & paid for government & health officials.|300307385458508|Sandy Thompson-Oschmann|2022-02-02 20:55:20|0|0|10159531691873904|facebook
The Globe is not msm.|10159531984203904|Dorothy Anne Knight|2022-02-02 20:55:51|1|0|10159531691873904|facebook
Dangerous??? What's dangerous is removing people's right to choose.|10159531812013904|Rebecca Martin|2022-02-02 20:55:20|0|0|10159531691873904|facebook
that is a ridiculous assertion.|10159532926618904|Clara Chol|2022-02-02 20:55:23|1|0|10159531691873904|facebook
I supported the Occupy movement and this one too 🙂|10159532082548904|Livia KB|2022-02-02 20:55:51|1|0|10159531691873904|facebook
It was all started by someone with fringe views who isn't a trucker...they' ve been duped|10159532024733904|Mike Corrigan|2022-02-02 20:55:20|0|0|10159531691873904|facebook
"This is why people are pretty much done with media. What a junk article. I see why you had to label it ""Opinion"""|10159531837923904|Don Young|2022-02-02 20:55:20|0|0|10159531691873904|facebook
Lying media - hope to see you in jail, corrupt journalists...|10159531974418904|Valia Petrov|2022-02-02 20:55:20|0|0|10159531691873904|facebook
Ordinary Canadians are fringe unless they support the King|10159531968568904|Garry Melnyk|2022-02-02 20:55:20|0|0|10159531691873904|facebook
Yes dangerous for Canadian liberal party.|10159532210598904|Bogumila Siedlanowska|2022-02-02 20:55:20|0|0|10159531691873904|facebook
As dangerous as freedom and body autonomy|10159531832383904|Citlalli Bustamante|2022-02-02 20:55:21|0|0|10159531691873904|facebook
Of course they did. Of course it did|10159531802373904|MizTracy Ann|2022-02-02 20:55:20|0|0|10159531691873904|facebook
The pity parade, government should start by taking all their licenses for life.|10159531858028904|Gunny Snow|2022-02-02 20:55:21|0|0|10159531691873904|facebook
I am glad that Gary Mason let us have his opinion.The more of these turncoats that come out to collaborate with Trudeau the better for us. Santa is not the only one making lists of the not nice ones.|10159531828068904|Louise Michelle|2022-02-02 20:55:21|0|0|10159531691873904|facebook
Henry needs to step down!!! Unscientific extension!!!|10159531946553904|Zembla Ombrax|2022-02-02 20:55:21|0|0|10159531691873904|facebook
The overwhelming support for it in the comments may indicate your headlines and agenda are incorrect.|337277831606313|Carlos Ramirez|2022-02-02 20:55:21|0|0|10159531691873904|facebook
Dangerous..?? Laughing my (_i_) off..!! Maybe to YOU Diseased ScumBags. To me and millions, Its AWESOME and re-affirms my belief that this is a great country...and one that could be SOoooo Much better without a single LIBERAL in it.|328884022459014|Theo Groenevelt|2022-02-02 20:55:21|0|0|10159531691873904|facebook
Let's go Truckers!!! Freedom is imminent!|10159531883108904|Dusty E. Hermanns|2022-02-02 20:55:21|0|0|10159531691873904|facebook
Exactly…. A useless fiasco that will accomplish nothing!!!|10159531898528904|Gloria Dawe Bruce|2022-02-02 20:55:21|0|0|10159531691873904|facebook
The Trudeau Globe and Mail|10159532289368904|Ray Smith|2022-02-02 20:55:21|0|0|10159531691873904|facebook
Liars from a corrupt media outlet.|10159531739968904|Tammy Robinson|2022-02-02 20:55:21|0|0|10159531691873904|facebook
that's the problem, they do the jobs the government ask them.|10159532673643904|Simon Savard|2022-02-02 20:55:23|1|0|10159531691873904|facebook
no t the same one you did, she got common sense|10159532352408904|Mary Fleming Faulkner|2022-02-02 20:55:23|1|0|10159531691873904|facebook
NO, Skippy, we think YOU will either supply some evidence or you're a liar.  So, liar, what will it be, empty air or some facts?|10159532076493904|Lorne Warawa|2022-02-02 20:55:52|1|0|10159531691873904|facebook
It almost seems like the Globe and Mail thinks the Right to Protest and assemble is another right you need the government to restrict and only allow people with QR codes to do. When was the last time you saw the Globe cheer this protest on Because people are rightfully concerned about their Freedom.|10159532974298904|Jeremy Burningham|2022-02-02 20:55:20|0|0|10159531691873904|facebook
Sounds like the media are trying to provoke something?|10159531973518904|Linda Nichol|2022-02-02 20:55:20|0|0|10159531691873904|facebook
Anti-mandates,n ot anti-vaxxers|10159532012318904|Livia KB|2022-02-02 20:55:49|1|0|10159531691873904|facebook
Don't believe the mainstream media. They are allied with the government!!!!|10159532820993904|Melody Brown|2022-02-02 20:55:20|0|0|10159531691873904|facebook
, and you realized that there a lot of people not supporting it. It will come back to normal eventually without that circus anyway. You should go and see who’s behind the fundraising. GFM freezes the money because there’s no plan to distribute it. Check my words, these infinite minority of truckers by the way, will never see that money. A lot of Jewish support the nazis but ends up at the same place the one who fight them. It’s not leadership that will get us out of a pandemic but the control and/or the elimination of that sanitary threatens. This is the responsable approach. 🤷🏻‍♂️🙄|10159532007698904|Sylvain Pelletier|2022-02-02 20:55:25|1|0|10159531691873904|facebook
No, some are and some aren't. Around 30% of Canadians who got the shot were coerced into it in order to feed their families...even if they were working from home, had an adverse reaction to the first shot, etc. Furthermore, this segment of the population isn't allowed to leave the country even for essential reasons. In other countries in Europe, you can enter places with a test, but not here. If you don't have a pass, you can enter a mall, touch everything, even not wear a mask, get a coffee...but you can't sit down in the food court to drink the coffee because there's a security guard checking for passes. That doesn't look like Canada to me...|10159532073023904|Livia KB|2022-02-02 20:55:49|1|0|10159531691873904|facebook
did you miss Dumb Dumb Junior on the news yesterday? They guy is such a fool he thought Ottawa was the state Capital of Ontario.|10159532007423904|Bernie Lightfoot|2022-02-02 20:55:25|1|0|10159531691873904|facebook
you understand that without a vaccine you could be carrying a heavier viral load with no symptoms? That virus then transmits to someone who hasn’t the ability to fight it. So this is ok? I don’t want mandates either, but I do want people to make the right decision.|10159532094783904|Evan Kelly|2022-02-02 20:55:49|1|0|10159531691873904|facebook
People can carry the virus and transmit it asymptomaticall y whether they got the shot or not. Also, the shots are for those who don't have the ability to fight the virus. I'm for the shots and boosters for a segment of the population that needs it....but also keep in mind a cost-benefit analysis. It's a virus with a nearly 99% survival rate on average. If people are constantly exposed to it, such as health care workers, I hope they make the right decision based on their medical history, creed, blood type, genetics, etc. We can't have a one-size-fits-a ll approach in a liberal democracy. Ah, if this was the bubonic plague and we had a shot to save lives, then those who didn't take it should stay at home until the pandemic ends with some support from the government given that they have been working, tax-paying citizens who counted on the government for a rainy day. However, with the new milder omicron virus, it's harder to justify such coercion. So many people lost their jobs, and they weren't entitled to even EI which they had paid for all the previous years out of their salary. Many injustices happened but people are blind to them if the shot worked for them. That's the problem with one-size-fits-a ll...that's why we need more empathy and understanding for the other for whom it doesn't work the same.|10159532108008904|Livia KB|2022-02-02 20:55:49|1|0|10159531691873904|facebook
"Science isn't God in which we can ""trust"". There are also many people who don't use the allopathic health care system unless it's for emergencies such as surgeries. They have the choice to go to a naturopathic doctor who has the same title, goes to 4 years of medical school and says the opposite from an allopathic doctor on a variety of topics. Science is not a religion nor politics, stemming down from neoliberal institutions such as big pharmaceutical companies looking for profit. In essence, it comes down to trust. Those who didn't trust the government (whether it be ""left"" or ""right"") were punished without a job, without the right to leave the country. Those who trusted the government got privileges, but even they weren't entirely free despite having gotten the shot because we still had lockdowns and health restrictions in place. Makes no sense to me to fire healthcare workers for not getting the shot and allowing asymptomatic health care workers with Covid to treat sick patients."|10159532119278904|Livia KB|2022-02-02 20:55:49|1|0|10159531691873904|facebook
your colours are showing.|316081743810692|Karen Ripley Congdon|2022-02-02 20:55:24|1|0|10159531691873904|facebook
Yup will end badly.. these guys want to fight.. and have right from the beginning|10159531967268904|Judy Hawkins|2022-02-02 20:55:18|0|0|10159531691873904|facebook
Central issue is mandates and government overreach. This is no small matter on the fringe!|10159532834238904|Shirley Paquette Blair|2022-02-02 20:55:20|0|0|10159531691873904|facebook
That's what they want people to think ... them and all the other news companies are earning their media blackout pay ...|1378564989241940|Christina Von Adrian|2022-02-02 20:55:20|0|0|10159531691873904|facebook
The Globe andMail is now as pathetic as cnn and are just as clueless|10159532165553904|Ted S Ptak|2022-02-02 20:55:20|0|0|10159531691873904|facebook
🤣 Freedom is so Dangerous 😂 Unity is so scary! Lol ! 😆|10159532173533904|Merlin Frey|2022-02-02 20:55:20|0|0|10159531691873904|facebook
"Is the Globe the one that started the rumour that one of the truckers has a ""GUN"". I heard it yesterday from a person who said she didn't catch the person that reported it."|10159532914303904|Brooks Matthews|2022-02-02 20:55:20|0|0|10159531691873904|facebook
It is not! Stop the lies.|10159531970508904|Darlene Ann Urness|2022-02-02 20:55:20|0|0|10159531691873904|facebook
Since two years, it is like that. Freedom of the press doesn't exist anymore|10159532217438904|Samuel Gagnon|2022-02-02 20:55:24|1|0|10159531691873904|facebook
Thats because they are earning their media blackout pay ...|1378564435908662|Christina Von Adrian|2022-02-02 20:55:23|1|0|10159531691873904|facebook
This is so old. Yell 'scam' whenever you see an opinion you disagree with!|1237353376757106|Clara Chol|2022-02-02 20:55:23|1|0|10159531691873904|facebook
pizza is your kind of food not mine. I do not eat fast foods.|10159531952973904|Maria CT|2022-02-02 20:55:50|1|0|10159531691873904|facebook
keep believing your conspiracy theories.|10159531956298904|Maria CT|2022-02-02 20:55:50|1|0|10159531691873904|facebook
thank you|10159531957088904|Problematic Voice|2022-02-02 20:55:50|1|0|10159531691873904|facebook
They are. They're reporting what's happening. I think some people's problem is the media are not enthusiastic partisans to their cause.|10159533045028904|Stephen Humphrey|2022-02-02 20:55:23|1|0|10159531691873904|facebook
and you? Go take a hike because I had enough of your stupidity.|10159531961533904|Maria CT|2022-02-02 20:55:50|1|0|10159531691873904|facebook
amazingly special you are ....lmfao and I do mean s.p.e.c.i.a.l lol|10159531961753904|Rose Burke|2022-02-02 20:55:50|1|0|10159531691873904|facebook
swamp thangs|10159532121858904|Sandra Welch-Peeke|2022-02-02 20:55:20|0|0|10159531691873904|facebook
Misleading is from media|10159532134933904|Ma Yi Lai|2022-02-02 20:55:20|0|0|10159531691873904|facebook
dangerous for the government!!!|10159532894448904|Chris Urban|2022-02-02 20:55:20|0|0|10159531691873904|facebook
please don't.|1263425394149844|Aimee Ruelle|2022-02-02 20:55:25|1|0|10159531691873904|facebook
Truckers were love and peace and did not block the highway.|10159531960973904|Jenny Thomas|2022-02-02 20:55:18|0|0|10159531691873904|facebook
citizens need protection from Trudeau, raised in a house of horrors and neglected just made him a hateful son of a bi-ch with a surrounding team of yes people clinging to his power. I would like his mental competency tested.|10159533293543904|Eileen Dougan|2022-02-02 20:55:43|1|0|10159531691873904|facebook
All of it.|10159533115203904|Donna King|2022-02-02 20:55:33|1|0|10159531691873904|facebook
why should they back off?|10159531869798904|Sandra Zezel|2022-02-02 20:55:28|1|0|10159531691873904|facebook
no any because there is no Canadian who benefits from this It raises prices inflation. Lack of public trust Who does it benefit? Those who feel they got benefits actually got a death sentence might not be today or tomorrow but a year five years. Who knows One thing I do know is none of it was needed And the agenda is COVID 19 the great reset So who benefits?  Those instituting this planned scamdemic|10159531863948904|Rich Sutherland|2022-02-02 20:55:28|1|0|10159531691873904|facebook
Your comments only reflect your bias or your very limited thinking skills.|10159533805953904|Dorothy Anne Knight|2022-02-02 20:55:32|1|0|10159531691873904|facebook
Freedom is relative, but I doubt if you are capable of understanding that.|10159533807638904|Dorothy Anne Knight|2022-02-02 20:55:32|1|0|10159531691873904|facebook
so sad.|1014897839239532|Michael Suksi|2022-02-02 20:55:32|1|0|10159531691873904|facebook
Joe is more than a little confused.|10159531967153904|Dorothy Anne Knight|2022-02-02 20:55:27|1|0|10159531691873904|facebook
hop in your clown car and join the rest of the circus, good luck getting reimbursed 😂😂😂|10159531965133904|Patrick Vogel|2022-02-02 20:55:27|1|0|10159531691873904|facebook
lmao, calm down grandpa|10159531961968904|Patrick Vogel|2022-02-02 20:55:27|1|0|10159531691873904|facebook
"""Patrick King is not and never has been affiliated with our movement nor has he been a part of our great team of volunteers. Patrick King only represents himself and does not represent any of us who started Freedom Convoy 2022 / Freedom Convoy Canada."""|10159531960918904|Geordie Günther|2022-02-02 20:55:27|1|0|10159531691873904|facebook
oh, so the leader of this movement isn't a firm believer of the white genocide myth?|10159531942558904|Patrick Vogel|2022-02-02 20:55:27|1|0|10159531691873904|facebook
you have no idea what I have or haven't read. So you know everything about me really. I don't say that you don't know about freedom or your limited life because I don't know you. So take your opinion and stick it were the sun don't shine. Have a great day. And go read the constitution. It is very interesting because I have read it.|301764521926841|Dianne Thompson|2022-02-02 20:55:33|1|0|10159531691873904|facebook
I'll be shocked if anyone in the circus can recite one single line of the constitution.|10159532243178904|Stephen Humphrey|2022-02-02 20:55:33|1|0|10159531691873904|facebook
This has SQUAT to do with TRUMP ya...?? Pah, what an ignorant comment. Typical Eastern Liberal infused Arrogance.|328885455792204|Theo Groenevelt|2022-02-02 20:55:26|1|0|10159531691873904|facebook
I was there on the 401. Was awesome. Peaceful and felt like for once something might be done. Enough of the bull g&m is sputtering|10159531963353904|Linda Healey-Kuypers|2022-02-02 20:55:16|0|0|10159531691873904|facebook
https:// youtu.be/ -MLoAjtZGdc  Right here Karen. He’s a communist, and if you can’t see that by now....Honestly there’s ZERO hope for you!|10159531955943904|Stephanie Mischuk|2022-02-02 20:55:26|1|0|10159531691873904|facebook
Filtered out and censored, you mean.|10159531723803904|Jenny Thomas|2022-02-02 20:55:16|0|0|10159531691873904|facebook
Far more dangerous is mainstream media inciting fear - creating a narrative that is literally poisoning the hearts and minds of Canadians. We are no longer interested in division and segregation- we are uniting in the name of freedom and love.|1738378719699730|Leesa McGregor|2022-02-02 20:55:16|0|0|10159531691873904|facebook
Well I guess if you finally have to acknowledge what's happening you might as well put a negative spin on it....SMH...|10159531841768904|Edward Barnes|2022-02-02 20:55:16|0|0|10159531691873904|facebook
Dangerous for who???? For the power holders and oppressors?|10159531861863904|Emilia Ivanova|2022-02-02 20:55:16|0|0|10159531691873904|facebook
I’m shocked by how many people are being duped by this. Especially when health care is provincial, they’ve had 3 month warning and the USA has the same policy.|10159532016083904|Michèlle Bradshaw|2022-02-02 20:55:34|1|0|10159531691873904|facebook
https:// peckford42.wordp ress.com/2022/ 01/27/ no-canadian-cbc- no-canadian-ctv -but-american-f ox-news-carried -my-lawsuit-sto ry/|10159532776388904|Lisa Susin|2022-02-02 20:55:26|1|0|10159531691873904|facebook
Peter, take off that hat till you learn how to man, women across the country have sammiches made and ready for you when you do. Men in Canada have long protected freedom not run in fear and revulsion from it. This nation needs real men, don't turn your back on us now or be like yriple vaxxed trudeau hiding in the basement in f4sr of covid over here or covid over there.  3 vaccines and still hiding, is that how you want to live your life,?  https:// youtu.be/ rwrhPmtmDzI|10159532523578904|Tracy Tristan|2022-02-02 20:55:26|1|0|10159531691873904|facebook
My rural and small Northwestern Ontario city is full of them. Someone told me today that Trudeau only won because of his hair, good looks & a good drama teacher. They were 100% serious.|10159532067683904|Michèlle Bradshaw|2022-02-02 20:55:34|1|0|10159531691873904|facebook
The White Supremacist has removed his name from the Go Fund Me Page. Excess funds will go to charities. It will be interesting to see which charities it gets given to and if they donate it back to the Maverick Party.|10159533065453904|Michèlle Bradshaw|2022-02-02 20:55:34|1|0|10159531691873904|facebook
Don Junior is talking up the convoy, so it's Trump-branded now.|10159532237513904|Stephen Humphrey|2022-02-02 20:55:26|1|0|10159531691873904|facebook
, No he won the election because of the Nut jobs of the PPC took votes away from the CPC. And the only racists in Canada are all from Quebec!|7615966785095358|Joe Cote|2022-02-02 20:55:34|1|0|10159531691873904|facebook
Ana Singh well he's got 3 ethics violations. Trying to force Canadians to accept a medical procedure they obviously don't want is against the charter, not allowing Canadians to freely travel from and too Canada, free speech, too many things to list I'm afraid.|10159532047233904|Daniel Dawe|2022-02-02 20:55:26|1|0|10159531691873904|facebook
I’m relaying facts. Read the Maverick ‘s manifesto and look up the Soldiers of Odin, which are now labeled as a terrorist organization in Canada. There’s your 2 organizers.|1378429075922198|Michèlle Bradshaw|2022-02-02 20:55:35|1|0|10159531691873904|facebook
keep listening to ctv cbc global and we will soon be like Venezuela Australia|10159533730468904|Dale Robichaud|2022-02-02 20:55:32|1|0|10159531691873904|facebook
we should all back away|10159531877243904|Lee Bailie|2022-02-02 20:55:28|1|0|10159531691873904|facebook
"You mean both of them? The party leadership certainly doesn't endorse the protest, but they are not calling the truckers ""racists"" and other nonsense like Trudeau is."|10159531883123904|Gary McCaig|2022-02-02 20:55:28|1|0|10159531691873904|facebook
lolz|10159531932733904|Lee Bailie|2022-02-02 20:55:32|1|0|10159531691873904|facebook
I don’t support this small minority of frustrated Canadians trying to undo our covid protections designed to minimize damage to our fragile health care system. In fact I’m very concerned this protest will make things even worse for our real heroes, the nurses and doctors who are falling like flies after two gruesome years in the healthcare trenches.|1378542199244219|Linda Jeaurond|2022-02-02 20:55:29|1|0|10159531691873904|facebook
hahaha trying searching the internet for live feed of the now millions estimated at the @[2286526026923 50:69:Convoy For Freedom 2022 🚚🚛🚚🚛🚚🚛🚚🚛] Global news even has one one YouTube . Time to pull your head out of the sand.|1378543989244040|Jane Kevin Robertson|2022-02-02 20:55:29|1|0|10159531691873904|facebook
Cities across the country have people gathering at legislature grounds and city halls in support of the @[2286526026923 50:69:Convoy For Freedom 2022 🚚🚛🚚🚛🚚🚛🚚🚛] MSM is very quite.|301795255257101|Jane Kevin Robertson|2022-02-02 20:55:29|1|0|10159531691873904|facebook
https:// fb.watch/ aRiTJT0xbJ/|1378545559243883|Jane Kevin Robertson|2022-01-29 13:35:00|1|0|10159531691873904|facebook
Yes, it's a massive conspiracy where ALL the nation's media and it's 10's of thousands of employees are all secretly conspiring to keep da trut from you.  Integrity and honesty don't depend on education. Just real facts.|301796371923656|Lorne Warawa|2022-02-02 20:55:29|1|0|10159531691873904|facebook
This protest has never turned into anything other than what it is ... a peaceful protest... the only danger is Antifa and the skids o bricks they are enticing people to use ... that ... the uninformed and counter protesters are the only danger here ...|301813561921937|Christina Von Adrian|2022-02-02 20:55:29|1|0|10159531691873904|facebook
that's heart wrenching...... and completely unacceptable... ...|120398207178551|Cora Breton|2022-02-02 20:55:30|1|0|10159531691873904|facebook
Unreal , Dangerous, not truthful G&M, this is uniting Canadians and giving alot of hope .|10159532091143904|Angelique Damaski|2022-02-02 20:55:16|0|0|10159531691873904|facebook
The globe and mail never ceases to amaze me of thier amazing grasp that people are pissed off.|10159532037398904|Matt Davidson|2022-02-02 20:55:16|0|0|10159531691873904|facebook
mandated by the Idiot in Ottawa.|10159531927298904|Joe Cote|2022-02-02 20:55:31|1|0|10159531691873904|facebook
the government is using coercion, people are loosing their jobs if they don’t comply and the government changed EI so they also can’t collect it!|10159532767538904|Lisa Susin|2022-02-02 20:55:29|1|0|10159531691873904|facebook
this has nothing to do with mandates.|10159531964643904|Julie Bouvier|2022-02-02 20:55:31|1|0|10159531691873904|facebook
too late there are photos of OToole and in his Air Force jacket chatting up the protesters. Suppose he is looking for a share if the left overs.|395099412372921|Karen Ripley Congdon|2022-02-02 20:55:28|1|0|10159531691873904|facebook
"You do know there is a difference between wexit and the Maverick Party, right? Wexit is just a movement with no political affiliation. It is ""talk"".  The Maverick Party is a registered federal separatist party, just like the Bloc in Quebec. Every province could have one if they wanted it. The Maverick party is pushing for fair treatment for Alberta.  Right now Premier Kenney is off to Washington to speak for 3 days at the Governors conference there. Many American truckers are not happy with the border mandates either and want them repealed. That is what Kenney is going to ask for.  It should be our PM doing this. Canada implemented the border restrictions on the15th and the US retaliated by imposing thier own on the 22 Jan. Not a good idea to be picking a fight with our biggest trading partner. 😟"|10159533103768904|Linda Nichol|2022-02-02 20:55:28|1|0|10159531691873904|facebook
I totally agree.|10159533061128904|Gaille Musgrove|2022-02-02 20:55:28|1|0|10159531691873904|facebook
Is requiring results a bad thing?|10159531972193904|Dorothy Anne Knight|2022-02-02 20:55:31|1|0|10159531691873904|facebook
definitely O'Toole|10159533037963904|Michelle Morrison|2022-02-02 20:55:28|1|0|10159531691873904|facebook
and you are?|10159532361688904|Mary Fleming Faulkner|2022-02-02 20:55:28|1|0|10159531691873904|facebook
yes it does lol. It’s a threat to either mandate or he withholds money lol|10159531998133904|Brad Noel|2022-02-02 20:55:31|1|0|10159531691873904|facebook
https:// travel.gc.ca/ travel-covid/ travel-restricti ons/ domestic-travel|10159532060968904|Livia KB|2022-02-02 20:55:31|1|0|10159531691873904|facebook
that will never happen this is what they want|10159532098683904|Charleen Gordey|2022-02-02 20:55:28|1|0|10159531691873904|facebook
the Wexit Party is a farce. It's another offshoot of the Conservative Reform Alliance Party.|10159532054273904|Amie Genevieve Guerin|2022-02-02 20:55:28|1|0|10159531691873904|facebook
how is getting vaccinated against a potentially deadly virus considered a useless mandate? You can easily move to a country that doesn't require you to be vaccinated against anything.|10159532045593904|Amie Genevieve Guerin|2022-02-02 20:55:28|1|0|10159531691873904|facebook
All is well with my soul. And Trudeau can hardly be a dictator as his is a minority government. You do, of course, have the option of getting vaccinated. Your body, your choice, your consequences. 80% of Canadians are vaccinated.|10159532112633904|Dorothy Anne Knight|2022-02-02 20:55:31|1|0|10159531691873904|facebook
affiliated? She’s the party’s secretary!  They are a extremist right wing separatist party known for their backward, bigoted and regressive beliefs.  She touched nerves all right, on one side you have ignorant selfish regressive and bigoted like minded people like her, a tiny minority of Canadians, on the other side the vast majority of responsible Canadians sick and tired of the wilfully ignorant and selfish dragging this pandemic out much longer than needed, and trying to politicize this pandemic continually.|10159532044463904|Cory Karp|2022-02-02 20:55:28|1|0|10159531691873904|facebook
ya like the jokers hillier and maxime|10159532018393904|Lisa Kurytnik|2022-02-02 20:55:28|1|0|10159531691873904|facebook
coming from a liberal who's all about taking people's rights away|10159531905578904|Peter Van Veggel|2022-02-02 20:55:28|1|0|10159531691873904|facebook
https:// www.salon.com/ 2022/01/29/ canadas-freedom- convoy-is-this- jan-6-for-the-g reat-north/ ?fbclid=IwAR3C_J 7uIaB4-r2_HbEVS slwJqhAoODz1Y2_ Wlu7vr48UK3RRMQ aQzPAUQQ|1378441729254266|Michèlle Bradshaw|2022-02-02 20:55:35|1|0|10159531691873904|facebook
Ya, the nation's Drama Teachers all banded together to vote as a block I guess.  You really can't talk sense to people like this.|1378487732582999|Lorne Warawa|2022-02-02 20:55:35|1|0|10159531691873904|facebook
Anyone have an answer to what I asked Lindsay? Anyone?|471783744432537|Zelda Bogert Webber|2022-02-02 20:55:25|1|0|10159531691873904|facebook
Canada 's media will turn these truckers into bigots and haters and misogynists, right wing extremists, Trumpers and anti-gay and everything else. They do what they are told. They've done this before at peaceful anti-carbon tax rallies.|10159532069598904|Edward R Yatscoff|2022-02-02 20:55:40|1|0|10159531691873904|facebook
remind me please, what unfair treatment people receive? Offer of a free vaccination?|490080122479239|Andrzej Nowacki|2022-02-02 20:55:39|1|0|10159531691873904|facebook
Oh I don't think I need to ... you are quite aware of what is going on! Lol .. you have your beliefs and I have mine ... just because something is legal ... doesn't make it right.|1045684175991118|Christina Von Adrian|2022-02-02 20:55:39|1|0|10159531691873904|facebook
"Sarah Sparks Been on the Hill for the past 3 days.. never had more than 45 000 people.. And that include the whole downtown part, the Hill and the streets... It also includes people stuck in that trafic who live in Ottawa..  That's pretty good grass you got there!! Wish I could put a picture to show you the ""gridlock"" I had to overcome to come to work today... Took me 3 extra minutes..  Gotta agree tho.. leaving work yesturday night was much longer... À whole 5 minutes more trying not to hit drunk dumbasses everywhere.."|120397617178610|Francisco Fontana|2022-02-02 20:55:39|1|0|10159531691873904|facebook
Sarah Sparks to give you an idea.. During Canada day... we completly pack the Hill.. completly.. And before the renovation of Center block, there was actually even more room.. you know how many we could fit in fully fully packed? About 40 to 45 thousands.. Hill wasn't even 1 third of capacity...|120398217178550|Francisco Fontana|2022-02-02 20:55:39|1|0|10159531691873904|facebook
Old relics like Gary Mason should retire if they can't report the truth.|973114116966688|Cora Breton|2022-02-02 20:55:16|0|0|10159531691873904|facebook
That's what you get when you push people to their limit. Enough with the vaccine nonsense. What harm can a guy sitting all day in is truck can do ??? NONE The Lib's used them as a symbol and now they pay the price.|1175584389646432|Robert Lemans|2022-02-02 20:55:16|0|0|10159531691873904|facebook
has Trump derangement syndrome.|10159531760548904|Bradley James Sweet|2022-02-02 20:55:26|1|0|10159531691873904|facebook
derp...|1378542402577532|Rich Tillett|2022-02-02 20:55:40|1|0|10159531691873904|facebook
liberal retardation concerns me|10159531759933904|Dan Ciurlia|2022-02-02 20:55:26|1|0|10159531691873904|facebook
Question for you: When you buy something at the grocery store, is it still your money when the owner puts that money in the bank?|10159531750373904|Jane Karen Sims|2022-02-02 20:55:40|1|0|10159531691873904|facebook
140 million divided by 3500 media outlets|10159531848038904|Rich Sutherland|2022-02-02 20:55:40|1|0|10159531691873904|facebook
I'm sure not all equal as some news media's are bigger and doing a better job at propagandizing things  Don't forget they also have the Canadian military doing propaganda also  That should make anyone think|10159531850653904|Rich Sutherland|2022-02-02 20:55:40|1|0|10159531691873904|facebook
another post that makes no sense. I sense a trend|10159531878188904|Lee Bailie|2022-02-02 20:55:40|1|0|10159531691873904|facebook
Hazel, 🎯👏🏻👏🏻👏🏻|10159532099208904|Magda Lena|2022-02-02 20:55:40|1|0|10159531691873904|facebook
trump living rent free in your head eh? Get a life|10159531944503904|Stephanie Mischuk|2022-02-02 20:55:26|1|0|10159531691873904|facebook
Canadians actually taking a stand against government, it's laudable and posterity will forever be kind to the Truckers, no matter what the media do|10159531978683904|Clara Jones|2022-02-02 20:55:18|0|0|10159531691873904|facebook
It’s like when the media referring to black protesters as thugs and white protesters peaceful. Read between the lines and know what people stand for without accusing extremism and know when to reference far left or right view people.|10159531755093904|Kevin Brown|2022-02-02 20:55:26|1|0|10159531691873904|facebook
4500 truckers are in that organization, not the majority. Just an fyi….|10159532229643904|Deanne Ledarney|2022-02-02 20:55:41|1|0|10159531691873904|facebook
There are many trucking associations... that Assc isn't the end all.|5034516773265285|Christina Von Adrian|2022-02-02 20:55:41|1|0|10159531691873904|facebook
About what the Canadian Trucking Alliance said re: they don't support the convoy, well, the BC Truckers association, The Alberta Motor Transport Association, The Atlantic Provinces Trucking Association, The Manitoba Trucking Association, The Ontario Trucking Association, The Quebec Trucking Association and the Saskatchewan Trucking Association all represent our trucker's, the Canadian Trucking Alliance works on behalf of the Government, not for the trucker's, they make the rules based on what the Government says and their recent comments represent the fact that they are working for JT. I am unsure of the rest, but, I do know our Trucking Association in BC is non profit. In other words, the Trucking Alliance is trying to bully our fellow Canadian's, just as Justin Trudeau has been doing to the Un v'd, it's obvious they are in bed together, JT pays them! They are no different than EI, WCB, Liquor inspectors, or health inspectors, the Alliance is the Gov't!!! #FreedomConvoy #PierrePoilievre #WorldWideAwaken ing|495277291985082|Christina Von Adrian|2022-02-02 20:55:41|1|0|10159531691873904|facebook
https:// twitter.com/ bluejaybat/ status/ 1472958983887458 306?s=21|10159531753978904|Joey Genovese|2022-02-02 20:55:26|1|0|10159531691873904|facebook
Please read my post again. I gave you an FYI of the number of members. Wasn’t nasty at all. 🇨🇦🇺🇸   4500 truckers are in that organization, not the majority. Just an fyi….|1116405612446607|Deanne Ledarney|2022-02-02 20:55:41|1|0|10159531691873904|facebook
I was never nasty to you. I wouldn’t laugh or jeer at you either. That’s not how I roll. 🤗|6961654943909712|Deanne Ledarney|2022-02-02 20:55:41|1|0|10159531691873904|facebook
bahahahahahaha. .... Deep breath.... bahahahahahahah ahahahahahahaha haha... Stop lying and repeating MSM propaganda it just makes you look even more crazy..|301792345257392|Rich Tillett|2022-02-02 20:55:29|1|0|10159531691873904|facebook
I believe you are suffering from covidism... it's even worse than covid itself.|10159531749898904|Thomas Duncan|2022-02-02 20:55:26|1|0|10159531691873904|facebook
there is no real politician. POLIVIERE is the only one that cares about Canada.|10159531862193904|Jenny Thomas|2022-02-02 20:55:42|1|0|10159531691873904|facebook
Not dangerous at all! Enjoying meeting everyone here!|10159531947103904|Alexandra Leigh|2022-02-02 20:55:18|0|0|10159531691873904|facebook
"I can't believe this is my country. The ""freedom"" rhetoric is an American import."|10159533080528904|Lindsay Bryan|2022-02-02 20:55:18|0|0|10159531691873904|facebook
go for the mental help of medical advise it might help|10159531763093904|Paul Sammut|2022-02-02 20:55:26|1|0|10159531691873904|facebook
This isn't the January 6 crowd ... even though the media would like to paint it so.|976872786584621|Christina Von Adrian|2022-02-02 20:55:39|1|0|10159531691873904|facebook
seems than that US January 6 crowd was elected too? A Métis rebellion, also elected?|440984191102986|Andrzej Nowacki|2022-02-02 20:55:39|1|0|10159531691873904|facebook
Ana Singh https:// cultmtl.com/ 2022/01/ the-canadian-tru cker-convoy-org anizer-is-an-is lamophobic-homo phobic-conspira cy-theorist/|10159531766313904|John Mackintosh|2022-02-02 20:55:26|1|0|10159531691873904|facebook
https:// twitter.com/ dalemanucdoc/ status/ 1486727855409037 323?s=21|1378488315916274|Michèlle Bradshaw|2022-02-02 20:55:35|1|0|10159531691873904|facebook
What about those socks!!! What’s funny is I have some. Dirt cheap on Amazon 😆 There’s never any mention of a degree in math or French either 😆|1378499632581809|Michèlle Bradshaw|2022-02-02 20:55:35|1|0|10159531691873904|facebook
Hope there’s no violence|10159532889103904|Terry Howatt|2022-02-02 20:55:16|0|0|10159531691873904|facebook
It's just a bloody waste of gas as far as I am concerned.... use that money to feed our homeless people !|10159532264668904|Louella Hess|2022-02-02 20:55:16|0|0|10159531691873904|facebook
And when they become homeless because they are let go from their livelihood because of coersion for these mandates ... who helps them? Trudope? He can't even get clean drinking water ( as promised) to natives let alone feed the homeless that he created.|301816598588300|Christina Von Adrian|2022-02-02 20:55:35|1|0|10159531691873904|facebook
85% of the vaccinated population and deaths only increase?|301805191922774|Valeria Dietrich|2022-02-02 20:55:16|0|0|10159531691873904|facebook
Actually, the majority of Canadians could care less about this convoy. It's really that simple.|10159532088338904|Shawn Rogers|2022-02-02 20:55:16|0|0|10159531691873904|facebook
It's too bad you can only speak for yourself ...|301818451921448|Christina Von Adrian|2022-02-02 20:55:36|1|0|10159531691873904|facebook
yah thanks America what a great neighbour you are 🙄|10159531876028904|Lee Bailie|2022-02-02 20:55:26|1|0|10159531691873904|facebook
definitely a case of trump derangement syndrome. Been seeing a lot of that lately. Better come up with a better argument.|10159531870048904|Matt Wilson|2022-02-02 20:55:26|1|0|10159531691873904|facebook
For a little context on everything that we are facing from someone who helped draft some of Canada’s most important legislation….  https:// youtu.be/ EdhFuMDLBDM|10159531859573904|Kris Fit|2022-02-02 20:55:26|1|0|10159531691873904|facebook
But this isn’t violating the Charter of Rights and Freedoms. Grow up.|10159531968233904|Dorothy Anne Knight|2022-02-02 20:55:37|1|0|10159531691873904|facebook
this is a global pandemic , translation … it affects the whole world , not normal times so get with the program . Truckers are great and we need them but they are not above what we have all had to do to support and get though this pandemic . No the vaccine doesn’t offer immunity and I have an issue with calling it a vaccine it is a flu shot basically and helps lessen the severity and hospitalization not a shield.|10159532208468904|Jodie Corrigan|2022-02-02 20:55:37|1|0|10159531691873904|facebook
Jodie people are still dying with the v. So no it doesn't lessen severity.. UK papers say that the duration the vs can help is 8 weeks. Then another booster,. What a joke. BTW, until CV came along, a pandemic was about the numbers dying. But they've since changed it to numbers infected.|10159532213548904|Rebecca Martin|2022-02-02 20:55:37|1|0|10159531691873904|facebook
consequences should be natural, not artificially punitive by power hungry authorities collaborating with Darwinian neoliberal institutions.|10159532527008904|Livia KB|2022-02-02 20:55:37|1|0|10159531691873904|facebook
Coersion to keep your livelihood is not a choice ...|1378569882574784|Christina Von Adrian|2022-02-02 20:55:37|1|0|10159531691873904|facebook
Regressed, not evolved|10159531810703904|Cass van H|2022-02-02 20:55:16|0|0|10159531691873904|facebook
That is all that he has done since 2015|10159531856703904|Joe Cote|2022-02-02 20:55:26|1|0|10159531691873904|facebook
you must be kidding! The blind promoting the ignorant , you are .|1881301695404661|Jacquelyn Poirier|2022-02-02 20:55:38|1|0|10159531691873904|facebook
the Flu Trux Klan|10159531839598904|Trevor Erik|2022-02-02 20:55:26|1|0|10159531691873904|facebook
Canada 's media will turn these truckers into bigots and haters and misogynists, right wing extremists, Trumpers and anti-gay and everything else. They do what they are told. They've done this before at peaceful anti-carbon tax rallies.|10159532069308904|Edward R Yatscoff|2022-02-02 20:55:39|1|0|10159531691873904|facebook
"🤣🤣🤣 ""a thousand"" people. 🤣🤣🤣 500,000 vehicles... 1.5 million people 🤷‍♀️"|10159532150018904|Sarah S-p|2022-02-02 20:55:39|1|0|10159531691873904|facebook
"""only the left is allowed to protest or riot"" - liberals and democrats"|10159531828453904|Randy Lahey|2022-02-02 20:55:26|1|0|10159531691873904|facebook
"pay attention. They REPRESENT a very large portion of the population. Despite video footage- cbc said there were ""dozens"" of trucks. Not true. Tens of thousands of trucks Hundreds of thousands of Canadians standing behind them. MILLIONS of dollars raised to support them by the rest of Canadians behind them.  Go back to sleep."|10159532175353904|Sarah S-p|2022-02-02 20:55:39|1|0|10159531691873904|facebook
Sarah Sparks you are mistaken. And you don’t read what I posted. Bye|10159532200978904|Andrzej Nowacki|2022-02-02 20:55:39|1|0|10159531691873904|facebook
they aren't giving medical advice 🤣 and many doctors across the world are saying we need to reclassify COVID as endemic. It's time to move on.|10159531767363904|Graham Carter|2022-02-02 20:55:26|1|0|10159531691873904|facebook
are they elected? If not, they speak for themselves.|1109024993180979|Andrzej Nowacki|2022-02-02 20:55:39|1|0|10159531691873904|facebook
NO, YOU. 🤣🤣🤣🤣 Are you high today or just an a-hole? Suspect the latter. Linda's brother, 24-year director of Tides USA. https:// joelsolomon.org/ about/ Linda runs Observers, financed by numerous outlets of her brother. Good night, a....|10159532189928904|John Skippy|2022-02-02 20:55:52|1|0|10159531691873904|facebook
