﻿comment|comment_ids|username|datetime|isreply|num_replies|post_id|label
Well most people believe in freedom unless your a liberal it seems 🤷‍♂️|10159565102773904|Matthew Leger|2022-02-16 21:42:30|0|3|10159565053358904|facebook
These protesters seem to think they are the majority because they see the people beside the highway and clogging the streets. They haven't quite figured out that 10% of 37 million is 370,000 people. So if 20% of the population disagree, it is 740,000 people and still not anywhere near a majority.|10159565159313904|Brenda Hartwell|2022-02-16 21:42:30|0|2|10159565053358904|facebook
Soon Mr Trudeau will realize who the fringe minority is. He looks around, there will be himself and a few Liberals MP against 38M+ Canadian. Pride normal contribute to a person's fall.|10159565128963904|Benjamin Pang|2022-02-16 21:42:30|0|2|10159565053358904|facebook
Nigeria 2.7% Double Vaxxed Canada 81% Double Vaxxed  Canada 3.19 Million Cases 35,470 Deaths 1.1% Canada Population 38.01 Million Nigeria 254,000 Cases 3,141 Deaths 1.2% Nigeria Population 214,391,267  still scratching my head on that one. Independent research!|10159565270153904|Dave Buote|2022-02-16 21:42:30|0|2|10159565053358904|facebook
citation needed.|10159565566718904|John Alan Jack|2022-02-16 21:42:39|1|2|10159565053358904|facebook
I replied to that dude, its just cherry picking, you can't compare Canada with Nigeria and get any sort of accuracy.|10159566345758904|Eric Whitelaw|2022-02-16 21:42:39|1|2|10159565053358904|facebook
Public health orders are in place to stop the spread of the virus and to prevent hospitals from being unable to cope. Is wearing a mask really the biggest problem in your life?|10159565160213904|Kristen Thomlinson|2022-02-16 21:42:34|1|2|10159565053358904|facebook
Well, What are the protesters doing in Ottawa? The Rideau Mall had to close. People that work there have no paycheck. Businesses in DT Ottawa have had to shutter their doors. Ottawa has lost millions. What about the residents who have been subject to noise and harassment.  What about Windsor? Car plants rolled back hours and cut shifts. What about those workers? They are out of work due to the bridge blockade. Billions in revenue have been lost.  What about Emerson? Coutts? BC?  I am not opposed to protest. I am opposed to illegal protest and thinking your rights trump the rights of others.|10159565172568904|Kristen Thomlinson|2022-02-16 21:42:34|1|1|10159565053358904|facebook
"""Don't believe everything you hear, but I've got these photos from Ottawa that I can't seem to post for some reason"" 🤣🤣"|10159566481443904|Simon A. James|2022-02-16 21:42:38|1|1|10159565053358904|facebook
Do you have photos? Did you get their names? Just because someone went in and stole food does not mean they were truckers. Don't believe everything you hear.|10159565197828904|Ed Gilpin|2022-02-16 21:42:38|1|1|10159565053358904|facebook
LOL That is an absolute lie. Your mother should wash your mouth out with soap. They had so much food they were giving it away, to anyone, homeless included. I have got photos from Ottawa but you cannot post them on this site. Don't believe everything the MSM tells you. They are bought and paid for by the government.|10159565141763904|Ed Gilpin|2022-02-16 21:42:38|1|1|10159565053358904|facebook
Those cretins stole food from the Shepards of Good Hope Shelter. You can believe it not believe it I don't care it's what happened. Are we supposed to congratulate them for cleaning up their feces and urine at the National War Memorial?|10159565179763904|Kristen Thomlinson|2022-02-16 21:42:38|1|1|10159565053358904|facebook
That's interesting but doesn't surprise me. I'm more interested in if there are organizations or big doners that are affiliated to specific affiliations.|10159565624813904|David Rochon|2022-02-16 21:42:30|0|1|10159565053358904|facebook
"Stealing food from the homeless is just about as low as you can go but that is what the so called ""protesters"" did."|10159565109883904|Kristen Thomlinson|2022-02-16 21:42:38|1|1|10159565053358904|facebook
Recent Globe and Mail poll suggests that 84% of Canadians support protesters in removing mandates. 84% pro, 16% against. This is a HUGE MAJORITY. Of course, my advice is to take any and all articles/ information manufactured by Globe and Mail with a grain of salt, as they are manufactured, not real.|10159565260143904|Robert Mielnik|2022-02-16 21:42:32|1|1|10159565053358904|facebook
No one believe the globe and mail. 💩💩|10159565117223904|Mark Whitney|2022-02-16 21:42:30|0|1|10159565053358904|facebook
Then why are you here literally s**tposting if nobody believes them? Seems like you think they do...|508201257331073|Jane Karen Sims|2022-02-16 21:42:36|1|1|10159565053358904|facebook
Every penny that came from out of Canada should be seized, and donated to food banks.|10159565103948904|Jerry Chong|2022-02-16 21:42:30|0|1|10159565053358904|facebook
it's lockdowns forcing people out of work that I was talking about.|10159565165083904|Kevin Pera|2022-02-16 21:42:34|1|1|10159565053358904|facebook
so why are mandates allowed then... they impinge on rights and freedoms pretty hard.|10159565127188904|Kevin Pera|2022-02-16 21:42:34|1|1|10159565053358904|facebook
"""Freedom"" does not entail impinging on the rights of others. It doesn't entail the freedom to break the law and create economic chaos."|10159565105418904|Kristen Thomlinson|2022-02-16 21:42:34|1|1|10159565053358904|facebook
people agreeing it's time to ease restrictions is not the same as siding with people blocking the border.|10159565604603904|Jayce Lavoie|2022-02-16 21:42:32|1|1|10159565053358904|facebook
what level of idiot are you??|10159565353238904|Susan Larocque|2022-02-16 21:42:34|1|1|10159565053358904|facebook
Thats wonderful the funds should be sent to where they were intended trudeau just seen the $$ and got jealous he could come close to that campaign fundraising over a much longer timeframe|10159565297393904|Earl Stewart|2022-02-16 21:42:30|0|1|10159565053358904|facebook
Whats your source for these numbers...?|10159566482553904|Simon A. James|2022-02-16 21:42:39|1|1|10159565053358904|facebook
How could that be? Were not they a fringe minority, with unacceptable views.|10159565093933904|Ed Gilpin|2022-02-16 21:42:30|0|1|10159565053358904|facebook
So to sum it up for those not smart enough to interpret the data.. 1% death rate.. regardless of restrictions or vaccines.. The dataset is large enough for Nigeria to assume the missing numbers are the same! BOOM!|10159566392483904|Dave Buote|2022-02-16 21:42:39|1|1|10159565053358904|facebook
One more reason to tax excessive wealth. How long to learn where it came/comes from?|10159565259268904|Lloyd Sereda|2022-02-16 21:42:30|0|0|10159565053358904|facebook
France 77.2% Double Vaxxed France 415 Million Cases 5.84 Million Deaths 1.4% France Population 67.39 Million  USA 64.7% Double Vaxxed USA 78 Million Cases 924,000 Deaths 1.18% USA Population 331,893,745  India 55% Double Vaxxed India 42.7M Cases 510,000 Deaths 1.19% population 1.3 billion  Sweeden 73% Double Vaxxed (No Lockdown) Sweeden 2.41 Million Cases 16,579 Deaths 0.6% Sweeden Population 10.35 Million|10159566390548904|Dave Buote|2022-02-16 21:42:39|1|0|10159565053358904|facebook
Those darn snowbirds ...|10159565701688904|Brian Weiss|2022-02-16 21:42:30|0|0|10159565053358904|facebook
Must be liberal analysists, the ones in the states it was 53% US funds, 28% Canadian and the rest came from around the world.|10159565553688904|Dave Gattinger|2022-02-16 21:42:30|0|0|10159565053358904|facebook
So to sum it up for those not smart enough to interpret the data.. 1% death rate.. regardless of restrictions or vaccines.. The dataset is large enough for Nigeria to assume the missing numbers are the same!  BOOM!|10159566392158904|Dave Buote|2022-02-16 21:42:39|1|0|10159565053358904|facebook
Conclusion Africa’s lower COVID-19 mortality rate is due to the lower population mean age, lower life expectancy, lower pre-COVID-19 era ‘65yr+ mortality rate’, and smaller pool of people surviving and living with cardiovascular  Cherry picking. Different demographics, climate, population density. Life expectancy is much lower because of malnutrition, higher crime rates ect...  You can stop scratching your head|10159566338608904|Eric Whitelaw|2022-02-16 21:42:39|1|0|10159565053358904|facebook
France 77.2% Double Vaxxed France 415 Million Cases 5.84 Million Deaths 1.4% France Population 67.39 Million  USA 64.7% Double Vaxxed USA 78 Million Cases 924,000 Deaths 1.18% USA Population 331,893,745  India 55% Double Vaxxed India 42.7M Cases 510,000 Deaths 1.19% population 1.3 billion  Sweeden 73% Double Vaxxed (No Lockdown) Sweeden 2.41 Million Cases 16,579 Deaths 0.6% Sweeden Population 10.35 Million|10159566389943904|Dave Buote|2022-02-16 21:42:39|1|0|10159565053358904|facebook
That's what it was all about. Americans know how tied they are to Canadian people it's natural they support them. Wait see the size of the American Convoy, get a grip people.|10159567274348904|Peter Van Veggel|2022-02-16 21:42:30|0|0|10159565053358904|facebook
type into Google Nigeria Covid, and see what happens...... Then do the same for Canada, and there's your citation.|10159565842538904|Chase Gaudenzi|2022-02-16 21:42:39|1|0|10159565053358904|facebook
Ask the Globe and Mail why I can't. I can send you a gif or a smiley face but they won't allow photos on their post. Are you new to FB or just unaware how MSM operates? If you are interested and promise not to be my friend I can send you a private message with the photos.|354928733154022|Ed Gilpin|2022-02-16 21:42:38|1|0|10159565053358904|facebook
The problem with the antivaxx cults is the things that they want are based on alternative facts and one cannot legally create international laws and or government policies on ideologies based upon aspects that literally reeks of THE LACK of basic scientific facts and the lack of personal responsibility of being citizens of Canada. I strongly feel that American Republicans have corrupted the Canadian Conservative party to the point of fracturing it into various splinter sects which are being financed by nefarious groups outside our country in order to destabilize our country economically and politically. Its not just about the antivaxx cults but other vested interests in getting rid of the liberal government so as they can reopen all the pipelines and forget about the renewable energy, the carbon tax, and shut down First Nations land claim issues. This is what it is really about. What its not about ,is the color of Justin Trudeaus socks(which says more about the critics then the Prime Minister. This whole protest thing is not at its heart a Canadian thing, if anything its anti Canadian and it ruins the reputation of Canadians on the world stage as being kind and polite friendly people.|10159566621293904|Andrew Merritt|2022-02-16 21:42:30|0|0|10159565053358904|facebook
Good job G&M, in dividing first Canadians, and now Americans as well!|10159566696838904|Grazyna Petela|2022-02-16 21:42:30|0|0|10159565053358904|facebook
So they got the information they wanted. I guess that shows who was responsible for the hack|10159565454833904|Donna Hamilton|2022-02-16 21:42:30|0|0|10159565053358904|facebook
Look at where JT’s election contributions came from.|10159566616663904|David Moore|2022-02-16 21:42:30|0|0|10159565053358904|facebook
This is why it's called donations...|10159567999278904|Benn Bodden|2022-02-16 21:42:30|0|0|10159565053358904|facebook
im smart enough to know our prime minister is a comunist tyrant how about yourself have you figured that out as yet?|10159565376438904|Earl Stewart|2022-02-16 21:42:34|1|0|10159565053358904|facebook
Ahhh liberal math… 370,000… that would be one percent. 10% is 3.7 million.|10159566154483904|Ricky Mihalyk|2022-02-16 21:42:32|1|0|10159565053358904|facebook
Yup and when the PM called them a minority they got upset. Simply because they do can't elementary school level math. Hahahahaha|10159566172698904|Murray Purvis|2022-02-16 21:42:32|1|0|10159565053358904|facebook
Liar. The latest polls say 72% want the military sent in on these terrorists #LOCKTHEMUP|10159566507123904|Bonnie Cull|2022-02-16 21:42:32|1|0|10159565053358904|facebook
Ottawa protest at its peak was 5000 people says Ottawa cops, these insurrectionist s said 2 million lol|10159566508308904|Bonnie Cull|2022-02-16 21:42:32|1|0|10159565053358904|facebook
Brenda the cognitive dissonance on your side is you really think that everyone who took a vaccine is pro mandates. Do you think the people who were forced to get a vaccine to keep their job are in support of these mandates? Do you think the people who were told life would go back to normal when vaccination numbers hit a threshold and they kept moving the goalposts like these mandates? Reality is you're actually looking at about 33% in support of mandates. Nobody young, nobody strong, nobody healthy wants this crap|10159567106458904|Shane Jones|2022-02-16 21:42:32|1|0|10159565053358904|facebook
not is the blocked border like to convoy with bouncy castles but you like to confuse those different protests.|10159567169108904|Louise Michelle|2022-02-16 21:42:32|1|0|10159565053358904|facebook
Whatever happened to privacy laws for data? Doesn’t it apply to stolen data too? Aren’t all of these news outlets accomplices in breaking the law?|10159566269408904|Greg Waters|2022-02-16 21:42:30|0|0|10159565053358904|facebook
Yeah you are.|10159565100393904|Kristen Thomlinson|2022-02-16 21:42:33|1|0|10159565053358904|facebook
Definately a Russian psyop|10159566609343904|Unnaceptable Views Labelle|2022-02-16 21:42:30|0|0|10159565053358904|facebook
Canadians are increasingly confident that Justin, our immaculate PM, will be able to turn this dire situation around quickly. In the process, people of this country will learn, how funds were transferred in guise of freedom convoy to hurt Canada and instill fear among its citizens. Thank you Mr. PM, keep up the good work....|10159565209913904|George Haiderali|2022-02-16 21:42:30|0|0|10159565053358904|facebook
unless your brainless moron like you|10159565113263904|John Meadows|2022-02-16 21:42:34|1|0|10159565053358904|facebook
Give it to the nurses|10159565112218904|John Meadows|2022-02-16 21:42:30|0|0|10159565053358904|facebook
TYRANNY rules. You said nothing when BLM destroyed, looted, burned and threw over statues in our country. Turdo went and took a knee but dares not go down to the level of the unwashed blue collar workers. GET OFF YOUR HIGH HORSE. These are working people and by the way OTTAWA is the Capital of Canada and if OTTAWA is upset about the truckers being there, well my tax dollars should not go to Ottawa as i live in toronto. WAKE UP TO WHAT IS HAPPENING. we are going to have DICTATOR TURDO.|10159565165408904|Angela Lawz|2022-02-16 21:42:34|1|0|10159565053358904|facebook
i guess they're fighting fire with fire.  Blocking the bridge is stupid.  These copy cat protests wouldn't have escalated if Trudeau didn't demean and demonize the original protest. That's half the reason more protests are popping up.|10159565174798904|Kevin Pera|2022-02-16 21:42:34|1|0|10159565053358904|facebook
stupid comment!!|10159565354063904|Susan Larocque|2022-02-16 21:42:34|1|0|10159565053358904|facebook
You're|10159566508653904|Bonnie Cull|2022-02-16 21:42:34|1|0|10159565053358904|facebook
Given that polls show almost 70% of Canadians are against the convoys, I'd say you're full of s**t.|2608154579314723|Jane Karen Sims|2022-02-16 21:42:35|1|0|10159565053358904|facebook
Yeesh, no. Polling shows that's not true at all.|10159565566263904|John Alan Jack|2022-02-16 21:42:35|1|0|10159565053358904|facebook
as far as I’ve heard no affiliations but a US billionaire|10159566442148904|Roxanne Mackenzie|2022-02-16 21:42:36|1|0|10159565053358904|facebook
Two great comments on this post Jane. I couldn't have said it better. Good grammar as well.|10159565203228904|Terry Hidichuk|2022-02-16 21:42:36|1|0|10159565053358904|facebook
So|10159565167078904|John Orr|2022-02-16 21:42:30|0|0|10159565053358904|facebook
Somebody is making good money here.|10159566338868904|David Hammar|2022-02-16 21:42:30|0|0|10159565053358904|facebook
NY Times for the Map Data and Google Data/ WHO for the latest covid stats and Google data for population numbers.|10159566588458904|Dave Buote|2022-02-16 21:42:39|1|0|10159565053358904|facebook
