﻿comment|comment_ids|username|datetime|isreply|num_replies|post_id|label
No one is going to trust GoFundMe for anything that isn't pre-approved by the Liberal party again.|10159547014288904|Robin Hardement|2022-02-02 22:03:04|0|6|10159546971898904|facebook
|10159547134373904|Claire Róisín|2022-02-02 22:03:10|1|5|10159546971898904|facebook
...define you people.|10159547759858904|Jeanne Lauck|2022-02-02 22:03:17|1|4|10159546971898904|facebook
tell us again how this vaccine has stopped the spread, even after your 3rd booster? Now you’ll need a booster for life as it is shown that the boosters do nothing to stop the latest variant, the best way to end this is just say enough and let nature takes its course, the more boosters you get the more it damages your natural immunity. They need to get people back to being healthy. When places like McDonald’s is cheaper to eat then buying fresh produce and real food there is a serious problem that will only lead to a bigger health crisis, then this that has a 99.9 percent survival rate.|10159550202818904|Carol Gammel|2022-02-09 22:03:05|1|4|10159546971898904|facebook
This is ingenious! Everyone who donated to the trucker cause through GoFundMe needs to dispute their transaction with their credit card company or with their bank so that go fund me has to pay a $15 dispute fee for every single chargeback. You will undoubtedly win the dispute because go fund me did not distribute the funds as they were required to do as the go-between for the fundraising and the donors. They are illegally holding the funds so everyone who donated has full Authority and cause to dispute the charge with your credit card company. You will immediately get your money back and go fund me will have to pay a $15 dispute fee and there's no way that they're going to take the time to contest the disputes because they know that they will lose every one.  This will either force them to finally release the funds to the truckers as they should have done from day one or it will make them regret their decision and cost them a fortune at the same time.  Pass it on!|10159547059103904|Stephen Summers|2022-02-02 22:03:02|0|4|10159546971898904|facebook
Half of Canada for The Health Care Counter Protest!!!!❤️|10159547074018904|Rising Phoenix Scheid|2022-02-02 22:03:02|0|3|10159546971898904|facebook
more than half, only 10 % of Canadians are unvaccinated it’s just that they are louder not only with the protest but also on social media|10159547083543904|Dan Attwood|2022-02-02 22:03:07|1|3|10159546971898904|facebook
Fascism is an economic and political system in which a free market is allowed to operate so long as it’s activity is in the national best interests as determined by the state. By pulling this fundraiser as per the “request” of government Go Fund Me is actually supporting fascism.|10159547900723904|Steven Hines|2022-02-02 22:03:02|0|3|10159546971898904|facebook
Given to charities like the Trudeau Foundation?|10159547065018904|Bruce R Collens|2022-02-02 22:03:02|0|3|10159546971898904|facebook
only white people can be racist... ahahaha|10159547585248904|Philip Slade|2022-02-02 22:03:10|1|3|10159546971898904|facebook
I totally get it. You LIKE it when a corrupt billion dollar corporation uses unethical business practices to steal from working class people 🥰|10159547495363904|Madeline Smith|2022-02-02 22:03:20|1|3|10159546971898904|facebook
Why aren't the refunds automatic, why put up a barrier. It's the right call to cancel it, but don't make the user take an extra step, just reverse it automatically, less whatever percentage the 1 million already handed out was of course.|10159547192853904|Steven Harris|2022-02-02 22:03:03|0|3|10159546971898904|facebook
define illegal, protest are a protected right, also if they have distributed funds in the past to other groups like BLM or ANTIFA they will be open to a discriminatory lawsuit|10159547773833904|Keith Davie|2022-02-02 22:03:08|1|2|10159546971898904|facebook
Shouldn't it go to the people of Ottawa who have had their livelihoods taken away?|10159547633583904|Eric Tompkins|2022-02-02 22:03:04|0|2|10159546971898904|facebook
Anyone who sent money to gofundme, for the truckers, should immediately contact their bank and initiate a charge back. In this way gofundme will not get to keep any of their money, and may even be charged by the bank.  There are still plenty of other ways to donate to the cause.|10159547715903904|Paul Kauffman|2022-02-02 22:03:03|0|2|10159546971898904|facebook
its probably not worth arguing - he builds counters... (also cabinets)|10159547697148904|Barbara Dolan|2022-02-02 22:03:10|1|2|10159546971898904|facebook
By the way I used to teach Grade 9 10 and 11 science|10159548046938904|Dan Van Minnen|2022-02-02 22:03:10|1|2|10159546971898904|facebook
they get the job done|10159547709613904|Hendrickson Keith|2022-02-02 22:03:19|1|2|10159546971898904|facebook
Just thought it would be kind of me to acknowledge your comment before reporting it for racism. But thanks for playing.|10159547769228904|Kristen A. Hardy|2022-02-02 22:03:22|1|2|10159546971898904|facebook
it is the people walking around that are causing problems a few of them most are quite respectful|10159548764848904|Barbara Harrod|2022-02-02 22:03:06|1|2|10159546971898904|facebook
They are refunding the money. How is that stealing from working class people?|10159547705873904|Debra Yundt|2022-02-02 22:03:20|1|2|10159546971898904|facebook
This is very sad. I saw another post that police provided evidence that showed violence and this is why GoFundMe does not want to support the protest. I hope everyone realizes that people are actually hired to go and cause chaos among the peaceful protesters. I would let GoFundMe CA know that we will no longer support anything that goes through their system, in the future, if this is actually the case.|10159547991908904|Monia Butler|2022-02-02 22:03:02|0|2|10159546971898904|facebook
It was pulled because it violated their terms of service by promoting violence and hatred. The big, bad government isn’t pulling strings. This shameful fundraiser was becoming a stain on the company’s reputation.|10159547962753904|Kristen A. Hardy|2022-02-02 22:03:22|1|2|10159546971898904|facebook
she looks like a fake profile. I wouldn’t even bother|10159556446023904|Sidney Davies|2022-02-09 22:03:05|1|2|10159546971898904|facebook
The party's over. Pick up your sh*t and go home!|10159547008843904|Margaret Wood|2022-02-02 22:03:02|0|2|10159546971898904|facebook
I don’t listen to MSM, never have actually. Presuming things about me makes you look foolish…it also sounds super arrogant. 🙄 If Pat King has nothing to do with it and was “just there”, he might want to sit down with Tamara and BJ as he is speaking for them all over the media. His words, not mine. He’s also listed as an organizer in the law suit that has just gone before the courts…because he is literally on the official paperwork. He’s gone back on a lot of what he has said because they must know he’s bad PR: he’s such an incredible nightmare so he was probably ‘spoken to’. Nobody else who was “just there” is speaking on behalf of the rally itself in media interviews or is listed in the lawsuit.  https:// nationalpost.com /news/ as-trucker-prote st-shifts-from- convoy-to-siege -on-parliament- a-struggle-for- hearts-minds-an d-message/wcm/ 5a4e22a9-f9ce-4f 6e-ba18-4af23bb 9860f/amp/|10159550325063904|Claire Róisín|2022-02-09 22:03:05|1|2|10159546971898904|facebook
are you saying the truckers are not a very bright group?|10159548266018904|Monia Butler|2022-02-02 22:03:15|1|2|10159546971898904|facebook
Their history shows that , 'they are racist bigots'.|10159548031783904|Gordon McCann|2022-02-02 22:03:15|1|2|10159546971898904|facebook
so, you're suggesting terrorist action?? Pathetic what you people think is acceptable...|10159547720408904|Ken Maynard|2022-02-02 22:03:17|1|2|10159546971898904|facebook
Shouldn't have to apply to get your own money back. F GOFUNDME|10159547548828904|Rebecca Martin|2022-02-02 22:03:04|0|2|10159546971898904|facebook
In all due respect...Canad ians across the land have had their lives halted for two years! Many have lost their hard earned careers, homes, businesses, loved ones! Not to mention the divide...displa yed here...between friends, families, co-workers for Freedom that we are all fighting for. East, West, North or South...We are All Canadians! Ottawa is owned by all and so if this is where we go to get things done in Parliment, then that is where this display of patriotic citizens must go to be heard! When the people of Ottawa elected to live there, they should be aware of its nature! By the way..Have you noticed how many people are heading to our City? And it is not a freedom fight...this is fighting for FREEDOM!|10159548529573904|Susan Girard|2022-02-02 22:03:05|1|2|10159546971898904|facebook
1. No one “owns” Ottawa but many people live there and they are citizens just like you.  2. The mandates are provincial, not federal. It’s shocking so many protestors don’t know this. The PM can’t tell Doug Ford what to do in Ontario regarding these mandates. There are also several provinces/ territories relaxing those restrictions currently and have been doing so in the past few weeks (including Ontario). They are doing this based on science not wingnuts like Pat King (as a spokesman) calling for ending this with bullets and civil war. If you read his quotes/videos (his own words) and are not terrified that he is one of the spokespeople for this ‘movement’, there is something fundamentally wrong.  3. If you want to affect real change Susan, work for the candidate of your choice and involve yourself in the politics of policy change. Facebook comments won’t get you there. (I would be fascinated to know how many of these protestors actually involve themselves in real political change as opposed to these gongshow displays).  4. Patriotic citizens are getting vaccinated to end this global pandemic and to also look after each other and the more vulnerable. Our health care workers are burnt out and now being openly harassed. In Toronto today, hospital workers were advised to not go to work in their scrubs/ uniforms for fear of being harassed by protesters downtown. You think that is a proud display of Canadian patriotism?  5. Of course it’s been an incredibly difficult two years, for everyone. No one disagrees on that fact. It’s just been made much worse for those business owners and residents dealing with these gongshow rallies. Just when they could reopen and get back to work, they now have to deal with this. Brutal. Not the best way to garner support.  We can agree to disagree and I’m certainly not going to debate mandates, including vaccines with you (unless you actually have medical/ scientific credentials in this area). I’m done discussing this with you. Enjoy the rest of your weekend.|10159548556398904|Claire Róisín|2022-02-02 22:03:05|1|2|10159546971898904|facebook
GoFundMe has more sense than the Ottawa police or the RCMP: this is just a US-based criminal organization that should have been stopped long ago.|10159547350898904|Derek van Dassen|2022-02-02 22:03:04|0|2|10159546971898904|facebook
Ppl were conned from day one and many of us called it. Pity 🙄they didn’t read the terms or understand WHO the organizers are|10159547540523904|Donna Marie|2022-02-02 22:03:03|0|2|10159546971898904|facebook
I wonder if this is because many of the donors were anonymous or used wrong names. Wouldn’t they still know where it came from?|10159547629633904|Jackie Smith|2022-02-02 22:03:14|1|1|10159546971898904|facebook
the rules and regulations that GoFundMe puts forward are very clear. The protesters broke these rules. You don't like this reality that's your problem. Private corporations do not have to change their rules because you think it's not fair.|10159548470923904|Will Bedford|2022-02-02 22:03:11|1|1|10159546971898904|facebook
"that's funny because if you look at the reason why GoFundMe is distancing themselves from the ""freedom convoy"" it is exactly what I said. So really not a very stupid argument at all is it. It's just one that you can't answer because you're wrong."|10159548423708904|Will Bedford|2022-02-02 22:03:11|1|1|10159546971898904|facebook
it’s called dirty political tricks. It will backfire on them. People are only doubling down on efforts and donations.|10159548468388904|Bruce R Collens|2022-02-02 22:03:11|1|1|10159546971898904|facebook
I don't have to believe in a conspiracy to read their explanation and realize that's exactly what's happening in reality. Have you even bothered to read why GoFundMe suspended their account?|10159548498608904|Will Bedford|2022-02-02 22:03:11|1|1|10159546971898904|facebook
You are free to believe the fake news surrounding this issue, that is your choice but to deny that politics aren’t involved is the height of naivety.|10159548496738904|Bruce R Collens|2022-02-02 22:03:11|1|1|10159546971898904|facebook
Because your ridiculous comment wasn’t worth delving into.|10159548416853904|Bruce R Collens|2022-02-02 22:03:11|1|1|10159546971898904|facebook
🥱|10159548499338904|Bruce R Collens|2022-02-02 22:03:11|1|1|10159546971898904|facebook
I will take that as a no.|10159548501633904|Will Bedford|2022-02-02 22:03:11|1|1|10159546971898904|facebook
I think truckers need to just go on strike...these cement dwellers will soon realize that food doesn't grow on grocery store shelves.|10159547251408904|Jeanne Lauck|2022-02-02 22:03:03|0|1|10159546971898904|facebook
Do you mean like BLM?|10159547894863904|Bruce R Collens|2022-02-02 22:03:11|1|1|10159546971898904|facebook
no, that's just you changing the topic.|10159548246363904|Will Bedford|2022-02-02 22:03:11|1|1|10159546971898904|facebook
no what’s left over should go to either the truck convoy or back to the donors|10159547187448904|Madeline Smith|2022-02-02 22:03:20|1|1|10159546971898904|facebook
Either that or GoFundMe doesn't want to be associated with illegal activities and these are the rules that they run by.|10159547661508904|Will Bedford|2022-02-02 22:03:11|1|1|10159546971898904|facebook
“what’s left over” is AFTER donors who file for refund get theirs. They do anticipate left over..,, the convoy organizers said they would donate to Vets from the beginning 🤷‍♀️|10159547320928904|Diane Willie|2022-02-02 22:03:20|1|1|10159546971898904|facebook
gofundme allowed an extremist organization that occupied several blocks of a city that had a lot of violence to raise money on their platform in 2020. Gofundme ALWAYS automatically sends back donors money if the fundraiser doesn’t work out. This corporation has unethical business practices and should be fined until they can’t afford to stay in business anymore|10159547335213904|Madeline Smith|2022-02-02 22:03:20|1|1|10159546971898904|facebook
I hope they do.|10159547537108904|Jeanne Lauck|2022-02-02 22:03:17|1|1|10159546971898904|facebook
grab your bag of popcorn and beer, sit back and watch the show 😉|10159547376683904|Diane Willie|2022-02-02 22:03:20|1|1|10159546971898904|facebook
"oh I'm informed Philip. I don't know what ""matis"" is but if you actually meant that Lich is Metis, I think that's pretty well known at this point. Thinking that she can't be racist because of this is naive, and the fact that she is makes her all the more sad, on many levels. Among MANY other indigenous groups across the country, the Manitoba Metis Federation has called out the protest (and their Metis symbols being used) as ""inappropriate and unacceptable"". If you are referring to Dichter in your comment, his Islamophobic views are well known, and he preaches conspiracy theories as well...because we need more of those. 🙄 If he is Jewish, I find that really strange; the other headliner he works with in this circus, Pat King, is incredibly antisemitic and believes that Jewish people are secretly in charge of the world, governance, media and finances. Why would he pal around with someone who doesn't believe the truth of the holocaust? It seems to me that these three stooges didn't get their way in life and are taking it out on everyone else. They seem like really sad, small people to me. Remember Philip, you can be Metis and still be a racist; it's not that complicated. These people are racists, and maybe it's time for you to become a bit more informed, at least about the definitions of words."|10159548216313904|Claire Róisín|2022-02-02 22:03:10|1|1|10159546971898904|facebook
protesting is terrorist action? Show me where it's against the law or TERRORISTIC|10159547737958904|John A Metcalf|2022-02-02 22:03:17|1|1|10159546971898904|facebook
of course you would! 😂|10159548518888904|Bruce R Collens|2022-02-02 22:03:11|1|1|10159546971898904|facebook
ha! The people on parliament hill are nothing but pure hate! Honking spreading pollution keeping people awake blocking roads|10159548079333904|Alex Bunker|2022-02-02 22:03:19|1|1|10159546971898904|facebook
Y’all feeling special kicking down a door that’s already open ?  Restrictions and mandates were (are) already phasing out before you joined the 100 metre race at the 90 m line so you could be lauded as heroes #lame|10159548095603904|Deborah Bakos|2022-02-02 22:03:03|0|1|10159546971898904|facebook
Go fund me has no business in this|10159547934783904|Marinella Gonzalez|2022-02-02 22:03:02|0|1|10159546971898904|facebook
Wouldn't it be considered theft if funds donated for one cause were arbitrarily redirected to another cause?|10159548531548904|Colleen Brown|2022-02-02 22:03:03|0|1|10159546971898904|facebook
drama queen|10159547694378904|Hendrickson Keith|2022-02-02 22:03:19|1|1|10159546971898904|facebook
well trudeau did it to WE so he'll do it to gofundme and get away with it|10159548813558904|Barbara Harrod|2022-02-02 22:03:15|1|1|10159546971898904|facebook
Yes those truckers sure are drama queens. Yeah everyone is yelling and screaming about how they have been robbed and yet all donors have to do is request a refund and they get their money back.|10159547707963904|Debra Yundt|2022-02-02 22:03:19|1|1|10159546971898904|facebook
What is really sad is that you yourself won’t go look, but take the word of skewed journalism...😞|10159548444823904|Susan Girard|2022-02-02 22:03:05|1|1|10159546971898904|facebook
such a shameful truth (on the part of our PM, not your post) you point out. The worst part is our PM doesn't know the meaning of the word shame, nor how to feel it.|10159549830988904|Colleen Brown|2022-02-09 22:03:15|1|1|10159546971898904|facebook
yes they have clearly said they would refund it if you request it. Why would they keep a cut of a refund THEY are doing? And charge backs aren’t that easy. A chargeback is a) you didn’t provide service I paid you for and b) refuse to do refund. You request a chargeback to your credit card company, all gofundme has to do is say “see we offered it and they refused to do it. They’re using you to try to make a statement”. Trust me said credit card companies will not look kindly on people wasting their company’s time and resources to “make a point”.|10159548522993904|Zahra Zahra|2022-02-02 22:03:14|1|1|10159546971898904|facebook
well, first gofundme said that they would not be giving refunds, and that they would decide on the ultimate recipients of the funds. Then, they said that donors could request a refund, but that could take 7 to 10 days. If gofundme processes a refund, do they keep their cut for processing? I don't know. Do you? If it is a charge back they get all of their money back. Finally, if it is done as a charge back, it is possible that the bank will charge gofundme an additional fee. That alone is worth the trouble.|10159548505038904|Paul Kauffman|2022-02-02 22:03:14|1|1|10159546971898904|facebook
uhhh what part of “request a refund and get your money back” is hard to understand?|10159548362283904|Zahra Zahra|2022-02-02 22:03:14|1|1|10159546971898904|facebook
conned by the Government, they were calling people to testify putting pressure on gofundme. There is nothing wrong with who organized it whatsoever.  If you're believing this JT narrative that they were a bunch of racist bigots, there is no hope for you whatsoever.|10159547717798904|John A Metcalf|2022-02-02 22:03:15|1|1|10159546971898904|facebook
they are not a very bright group.|10159547731503904|Kent Lavoie|2022-02-02 22:03:15|1|1|10159546971898904|facebook
put a pillow over your head for the long haul. I bet the homeless are happy to have the truckers take care if them since they have been there. bet your streets haven't been so clean since they have been there. Hold the line Truckers. Show the love. Don't hate like these ppl. pray for them. They need God in their lives.|10159548063723904|Becky Johnson Faust|2022-02-02 22:03:19|1|1|10159546971898904|facebook
Well tell that to the Ottawa residents the lawyers are deposing right now who have been threatened and harrassed by the protesters. Next you will tell me they are all lying and it's a Liberal plot. smh|10159548224913904|Debra Yundt|2022-02-02 22:03:19|1|1|10159546971898904|facebook
Eating THIER food is taking care of them. LMAO|10159548301083904|Christine Coll|2022-02-02 22:03:19|1|1|10159546971898904|facebook
Barbara. Waiting for the proof that the CRIMINAL organisation is based in the us. Is that too difficult too understand.|10159547686973904|Rebecca Martin|2022-02-02 22:03:17|1|1|10159546971898904|facebook
Now it’s time for the police to ticket the truckers! Just slap the tickets with massive fines on the windshields! Give them tickets big enough to bankrupt these evil people and leave them homeless on the street begging for food! Then they won’t be so brazen and aggressive any more!|10159547769873904|Alex Bunker|2022-02-02 22:03:04|0|1|10159546971898904|facebook
US base??? Explain.|10159547675313904|Rebecca Martin|2022-02-02 22:03:17|1|1|10159546971898904|facebook
put a pillow over your head for the long haul. I bet the homeless are happy to have the truckers take care if them since they have been there. bet your streets haven't been so clean since they have been there. Hold the line Truckers. Show the love. Don't hate like these ppl. pray for them. They need God in their lives.|10159548067128904|Becky Johnson Faust|2022-02-02 22:03:19|1|1|10159546971898904|facebook
I will never use GoFundMe ever again.|10159547216163904|Veronica Kuschel|2022-02-02 22:03:02|0|1|10159546971898904|facebook
So….people expect to be paid to protest for conviction and freedom?🧐 Truly fighting for Freedom is not done without sacrifice & risk. It is not about whining and moaning about how crisis capitalism did not serve your personal interests.|10159548221313904|Amanda AP|2022-02-02 22:03:04|0|1|10159546971898904|facebook
whats left over should go to the Veterans…. That’s the organization they originally planned to give to|10159547108913904|Diane Willie|2022-02-02 22:03:04|0|1|10159546971898904|facebook
😆😆😆 if u say so🤦‍♀️. And I get it…. you don’t like when others don’t share your views🤷‍♀️ You have a great day but don’t be surprised by the outcome|10159548118918904|Diane Willie|2022-02-02 22:03:20|1|1|10159546971898904|facebook
what violence? Please show us you proof. Everyone there has a phone. If there would have been violence it would have pictures all over the net.|10159548085498904|Michael H Stenz|2022-02-02 22:03:20|1|1|10159546971898904|facebook
Good, that will help the current $10 million lawsuit against them win without a problem!! 🤣|10159547724878904|Ken Maynard|2022-02-02 22:03:22|1|1|10159546971898904|facebook
Pat king is just there, he has nothing to do with being an organizer of this. Quit listening to MSM, they make you look foolish.|10159549802688904|Carol Gammel|2022-02-09 22:03:05|1|1|10159546971898904|facebook
another liberal fascist by the sounds of it|10159549281128904|Keith Davie|2022-02-02 22:03:08|1|1|10159546971898904|facebook
They ran a GoFundMe campaign that broke the terms of use of the GoFundMe platform. That is a breach of contract, which makes that fundraising campaign in contrast with the law. It has nothing to do with protesting.|10159548403128904|Ken Maynard|2022-02-02 22:03:08|1|1|10159546971898904|facebook
Thanks Karen.|10159548712773904|Craig W F Hamilton|2022-02-02 22:03:05|1|1|10159546971898904|facebook
Clearly you have zero clue how this works... The campaign violated the terms of use, liability is now on them. GoFundMe has no onus to distribute funds to an illegal campaign.|10159547723428904|Ken Maynard|2022-02-02 22:03:08|1|1|10159546971898904|facebook
Cranky are we?|10159549796948904|Carol Gammel|2022-02-09 22:03:05|1|1|10159546971898904|facebook
No....that was being nice....lol|10159549799023904|Walter Rodd|2022-02-09 22:03:05|1|1|10159546971898904|facebook
https:// ottawacitizen.co m/news/ local-news/ truck-convoy-pol ice-to-launch-s urge-and-contai n-strategy-this -weekend-city-c ouncillors-plan -centretown-pat rol|10159549924163904|Claire Róisín|2022-02-09 22:03:05|1|1|10159546971898904|facebook
After Lich's press conference yesterday evening GoFundMe couldn't handle the heat of a room full of lawyers precisely describing and ensuring the proper distribution of the funds and they caved anyways. All the i's dotted, all the t's crossed, all the distribution metrics laid out carefully with more oversight than any government budget meeting, and gofundme caved anyways.  This will not end. There's a mile long line of tractors in Toronto right now. Headed for Ottawa. BC cities tomorrow, Toronto, more in Ottawa tomorrow. This will not end until mandates and lockdowns do. We ride out at dawn|10159547007993904|Dan Van Minnen|2022-02-02 22:03:02|0|1|10159546971898904|facebook
I think this just guaranteed that the horns will be blaring 24/7 again instead of shutting down from 7pm-7am.|10159547116963904|Carey Closs|2022-02-02 22:03:04|0|1|10159546971898904|facebook
Maybe donate it to trudeau so he can buy a pair|10159548148443904|Michelle Lapierre|2022-02-02 22:03:02|0|1|10159546971898904|facebook
I’m pretty sure the people who built the wooden shack in downtown Ottawa, brought in bouncy castles, propane and saunas, took wheels off their illegally parked trucks and blared their horns all day are not hired.|10159548521293904|Cathy Smart|2022-02-02 22:03:06|1|1|10159546971898904|facebook
a laughing emoji is not an argument.|10159547962468904|Steven Hines|2022-02-02 22:03:22|1|1|10159546971898904|facebook
Anything or anyone they disagree with or don't like is fascism to these people. I doubt they know what it means because if they did they would realize they are the ones behaving in this way.|10159548424128904|Debra Yundt|2022-02-02 22:03:23|1|1|10159546971898904|facebook
Lovers of freedom are winning, the frightened supporters of fascism will applaud any heavy handed move.....there are alternative ways for Canadians to finance the movement to restore the primacy of the rule of law.|10159547570483904|Gordon Cawsey|2022-02-02 22:03:04|0|1|10159546971898904|facebook
Now watch people get mad|10159547012278904|Scotty Henderson|2022-02-02 22:03:02|0|1|10159546971898904|facebook
A little loose with the term fascism. Maybe compare apples to apples next time.|10159547707608904|Joshua George|2022-02-02 22:03:23|1|1|10159546971898904|facebook
A Hole.|10159548617628904|Brian Brownfield|2022-02-02 22:03:05|1|1|10159546971898904|facebook
My prediction that $ is not going to go to anyone that does not file for refund from GoFundMe, if there is extra it will go to charity (my suggestion Vets like Tamara first stated). And now I don’t have anymore time for a (go nowhere) debate with you, I have to go to work so they can “steal my $” b/c I am working class. Have a great day 😉|10159548375413904|Diane Willie|2022-02-02 22:03:20|1|1|10159546971898904|facebook
Only those who request it, and because of the large amount of people who donated most requests will come after the time runs out to get it back, the Liberal government is a criminal organization and is using illegal tactics to stop a lawful protest|10159547731308904|Kenneth Reimer|2022-02-02 22:03:10|1|1|10159546971898904|facebook
Well it's good he has a job.|10159547699428904|Debra Yundt|2022-02-02 22:03:10|1|1|10159546971898904|facebook
sounds a lot like projection coming from you 😳|10159548265393904|Madeline Smith|2022-02-02 22:03:20|1|1|10159546971898904|facebook
yeah and your point is what?|10159547579743904|Donna Marie|2022-02-02 22:03:10|1|1|10159546971898904|facebook
could be prediction too🤷‍♀️ time will tell 🍿|10159548358778904|Diane Willie|2022-02-02 22:03:20|1|1|10159546971898904|facebook
here is the whole press release from yesterday, for the freedom convoy. This will answer alot of your questions and prove you wrong on alot of your accusations. This is the full release, naturally the mom only showed bits and pieces. They love to create their own news stories.|10159547403318904|Philip Slade|2022-02-02 22:03:10|1|1|10159546971898904|facebook
the 2 organizers you're referring to as racists are actually a matis and a jew... get informed.... lmao.|10159547368398904|Philip Slade|2022-02-02 22:03:10|1|1|10159546971898904|facebook
prediction to what exactly|10159548360168904|Madeline Smith|2022-02-02 22:03:20|1|1|10159546971898904|facebook
such a joke, that you tell me to ‘take a stroll’ and not listen to skewed journalism. You think you can presume who and where I get my information and make these assumptions? That says a lot about you that you are so quick to judge so much about me. If you truly believe this is still about freedom, you need to be careful who you get your information from. The people of downtown Ottawa are not able to live their lives because of this ‘freedom fight’…it kind of seems hypocritical don’t you think? You assume so much about me and yet, you are literally across the country, listening to your own ‘skewed journalism’. I most certainly will not take any advice (mask or otherwise) from you unless you have some serious scientific/ medical credentials. Have a good day.|10159548503413904|Claire Róisín|2022-02-02 22:03:05|1|1|10159546971898904|facebook
I actually live in British Columbia....giv en here that everything is extremely expensive..ie Gas..makes a journey like this impossible really. That being said. I would absolutely be there in support for Freedom! Yes, I do have close friends that are there to represent those of us that are unable. Does it matter what part of Canada you are from, to be proud of our nation? Or is it just you folk out east? Take a walk and see for yourself if you are able. That is all! And enjoy the outside and inside without your mask! 🙂|10159548483068904|Susan Girard|2022-02-02 22:03:05|1|1|10159546971898904|facebook
telm that to countries in europe who are dropping all these mandates to to move on and live life|10159547129538904|Tom Gillis|2022-02-02 22:03:10|1|1|10159546971898904|facebook
I wouldn’t consider friends and neighbours “skewed journalism” 🙄. Do you personally want to talk to some of these kids, is that your goal? Do you even live in Ottawa or do you live out west? It seems pretty clear by your page you do not reside in the Nation's Capital.|10159548454283904|Claire Róisín|2022-02-02 22:03:05|1|1|10159546971898904|facebook
Go Fund Me can no longer be trusted.|10159548189973904|Patrick Viajero|2022-02-02 22:03:04|0|0|10159546971898904|facebook
Actually GoFundMe is directly linked to the CIA.:  A venture capital firm, Accel, and Technology Crossover Ventures, own the majority stake in GoFundMe.  The big infusion of cash that sent Mark Zuckerberg and his fledgling college enterprise on their way came from Accel, in 2004.  Jim Breyer, head of Accel, attached a $13 million rocket to Facebook, and nothing has ever been the same. (Breyer---billi onaire, CFR, World Economic Forum, major fund investor in China.)  Earlier in 2004, a man named Gilman Louie joined the board of the National Venture Capital Association of America (NVCA). The chairman of NVCA? Jim Breyer. Gilman Louie happened to be the first CEO of the important CIA start-up, In-Q-Tel.  In-Q-Tel was founded in 1999, with the express purpose of funding companies that could develop technology the CIA would use to “gather data.”  That’s not the only connection between Facebook funder and Accel’s Jim Breyer and the CIA’s man, Gilman Louie. In 2004, Louie went to work for BBN Technologies, headed up by Breyer. Dr. Anita Jones also joined BBN at that time. Jones had worked for the CIA’s In-Q-Tel and was an adviser to DARPA, the Pentagon’s technology department that helped develop the Internet.  With these CIA/DARPA connections, it’s no surprise that Jim Breyer’s jackpot investment in Facebook is not part of the popular mythology of Mark Zuckerberg. Better to omit it. Who can fail to realize that Facebook, with its endless stream of personal data, and its tracking capability, is an ideal CIA asset?  Accel co-owns the majority stake in GoFundMe. Accel has a history of rubbing shoulders with the CIA. Accel helped launch Facebook, the largest profiling and data-mining company in the world.  Given all this, it might be more surprising if GoFundMe DIDN’T cut off the Canadian truckers’ $9 million..Jon rappoport|10159553580538904|Rebecca Martin|2022-02-09 22:03:17|1|0|10159546971898904|facebook
To Alberta that seems to be the case at the U.S. border, at parliament none of that is happening.  If people don't want to work, you can't force them to.|10159548533973904|John A Metcalf|2022-02-02 22:03:17|1|0|10159546971898904|facebook
nobody was forced to donate to go fund me. It was a choice. You know, freedom of choice and all?|10159548405518904|Therrien Nicole|2022-02-02 22:03:18|1|0|10159546971898904|facebook
Will the money left over go to WE charity or Liberal campaign fund.?|10159548328048904|Vern Schaab|2022-02-02 22:03:04|0|0|10159546971898904|facebook
👍|10159548098938904|Luc Henry|2022-02-02 22:03:04|0|0|10159546971898904|facebook
yah I guarantee that they don't have a clue what fascism means. It's thrown around so loosely.|10159548425858904|Joshua George|2022-02-02 22:03:23|1|0|10159546971898904|facebook
This is kind of sad seeing the same illiberal logic play out time and time again. Some of these fascists are upset that people from outside of Canada donated. The same way they think only people form their country can comment on social media. As if there are no books, movies, news programs, products etc. from other countries. That there are no outside interests represented at constituency meetings.|10159547876298904|Paul Champagne|2022-02-02 22:03:04|0|0|10159546971898904|facebook
, so when they submit anonymously, how does gofundme know where to send the money back? When the credit card info is secured?|10159547714588904|Carmen Olivia|2022-02-02 22:03:24|1|0|10159546971898904|facebook
, have you actually listened to the Ottawa police chief? He has given several press conferences and is a very reasonable and professional person.|10159547710963904|Carmen Olivia|2022-02-02 22:03:17|1|0|10159546971898904|facebook
you shouldn’t post when you’ve been drinking all day. You’re babbling and people are noticing.|10159548133403904|Mark Vasko|2022-02-02 22:03:17|1|0|10159546971898904|facebook
Did you see the Deputy PM goading them today? It’s obviously the plan.|10159548008218904|Ian Tootill|2022-02-02 22:03:04|0|0|10159546971898904|facebook
Should read the terms of use before using a service... 🙄|10159547726508904|Ken Maynard|2022-02-02 22:03:24|1|0|10159546971898904|facebook
Hopefully to charities chosen by the convoy organizers|10159548190608904|Leah Maschke|2022-02-02 22:03:04|0|0|10159546971898904|facebook
Those who established the fund, had already declared any residue would be donated to veteran’s organizations.|10159547483228904|Peter Ioannidis|2022-02-02 22:03:04|0|0|10159546971898904|facebook
Proof???|10159547705463904|Rebecca Martin|2022-02-02 22:03:17|1|0|10159546971898904|facebook
not at all - I was just answering the question you asked|10159547699253904|Barbara Dolan|2022-02-02 22:03:17|1|0|10159546971898904|facebook
Go fund me does not support the rights of free people, they have done that to people here in New Zealand as well, they should be boycotted.|10159548488878904|David Ramsay|2022-02-02 22:03:04|0|0|10159546971898904|facebook
It's GoFundMe violating the terms. And not for the first time. it's the police & the cowardly Trudeau lying about the violence and protesters stealing food from the homeless.|10159548537988904|Rebecca Martin|2022-02-02 22:03:24|1|0|10159546971898904|facebook
US Base (sic) = originating from the US :)|10159547679488904|Barbara Dolan|2022-02-02 22:03:17|1|0|10159546971898904|facebook
Yay!|10159548245563904|La Kha|2022-02-02 22:03:04|0|0|10159546971898904|facebook
NOW they are automatically refunding the money after several attorney general’s threatened to look into their business practices.|10159548263998904|Madeline Smith|2022-02-02 22:03:20|1|0|10159546971898904|facebook
what violence or hate? Every one there has a phone so where is your proof.|10159548091038904|Michael H Stenz|2022-02-02 22:03:22|1|0|10159546971898904|facebook
"GoFundMe has rules. Did the ""truckers"" really think they'd be reimbursed?"|10159547287133904|Melvin Argue|2022-02-02 22:03:21|1|0|10159546971898904|facebook
No the ones working are doing well. A friends hubby is making a good chunk of change on a US run.|10159548300538904|Christine Coll|2022-02-02 22:03:17|1|0|10159546971898904|facebook
you don’t seem up to date. They are only refunding IF people put a request in and you only have until February 19 to do so it go fund me will donate your donation intended for the truckers to whatever charity they see fit. So let’s hope that everyone gets the memo to request their refund.|10159547750763904|Jodie Simon|2022-02-02 22:03:20|1|0|10159546971898904|facebook
sorry but gofundme has since updated their refund policy after being threatened by investigations from attorney generals so try again|10159548378393904|Madeline Smith|2022-02-02 22:03:20|1|0|10159546971898904|facebook
that i so wrong as it was the truckers who raised the money and gofundme gets a percentage|10159548495033904|Barbara Harrod|2022-02-02 22:03:04|0|0|10159546971898904|facebook
Wow, I wish they'd apply the to all who protest. During the pandemic we've seen a lot of protesting. Only the select few groups/ or privileged groups can do this in Canada 🇨🇦 😔😔😔|10159548032928904|Shane O'Hara|2022-02-02 22:03:04|0|0|10159546971898904|facebook
Can the funds be automatically refunded ?|10159548301253904|Shaun Lim|2022-02-02 22:03:04|0|0|10159546971898904|facebook
file a dispute claim instead as the funds aren’t being used as you had intended.|10159547927573904|Frank Riccio|2022-02-02 22:03:04|0|0|10159546971898904|facebook
You love to see it. Give that money to worth while causes!!|10159548031528904|Ericka Ashley|2022-02-02 22:03:04|0|0|10159546971898904|facebook
those ppl have no right to protest|10159549592198904|Pagan Tym|2022-02-09 22:03:04|0|0|10159546971898904|facebook
awww... sad|10159547039448904|JP Pellat|2022-02-02 22:03:21|1|0|10159546971898904|facebook
I feel sorry for you that you think that. I will pray for you. much love to you. hugs|10159548083103904|Becky Johnson Faust|2022-02-02 22:03:19|1|0|10159546971898904|facebook
bc kkkonservative fundamentalists are like this:|10159547199508904|Andres Ruiz|2022-02-02 22:03:21|1|0|10159546971898904|facebook
On the contrary...I trust them more than EVER now!!! Truckers go HOME!|10159547235368904|Anthony Peter|2022-02-02 22:03:21|1|0|10159546971898904|facebook
A lot of people will not use go fund me again|10159548809913904|Sue Craig|2022-02-02 22:03:04|0|0|10159546971898904|facebook
government and the media they subsidize have been publicly calling for this for a week. How can you say they had nothing to do with it?|10159547996058904|Steven Hines|2022-02-02 22:03:22|1|0|10159546971898904|facebook
the media would love to hear who donated it and no if it was from out of the country|10159548180403904|Stephen Harding|2022-02-02 22:03:04|0|0|10159546971898904|facebook
you have that wrong but of course you can believe what you want|10159548324403904|Becky Johnson Faust|2022-02-02 22:03:19|1|0|10159546971898904|facebook
until they decide that whatever you’re donating to is not worthy…then they just take your money!|10159547372603904|Dale Commet|2022-02-02 22:03:21|1|0|10159546971898904|facebook
The border blockers, city occupiers and town blockaders are threatening peace and tranquillity, it’s not surprising GoFundMe wants no part of it.|10159547485778904|Linda Jeaurond|2022-02-02 22:03:21|1|0|10159546971898904|facebook
if they had to ad 150 cops I’d say that’s gettn er done|10159548227233904|Hendrickson Keith|2022-02-02 22:03:19|1|0|10159546971898904|facebook
Fascism is an economic and political system in which a free market is allowed to operate so long as it’s activity is in the national best interests as determined by the state. By pulling this fundraiser as per the “request” of government Go Fund Me is actually supporting fascism.|10159547903908904|Steven Hines|2022-02-02 22:03:21|1|0|10159546971898904|facebook
You do realize that Ottawa downtown residents have filed a class action suit against the truckers for torment and harassment, kinda says it all. Hope you got deep pockets. I hear more lawsuits are in the works.|10159548065993904|Debra Yundt|2022-02-02 22:03:19|1|0|10159546971898904|facebook
disrespectful a-hole.|10159548031858904|Matty Mac|2022-02-02 22:03:19|1|0|10159546971898904|facebook
yeah they sure do. That's why the Ottawa police had to add another 150 police officers to patrol and protect people in the downtown residential area from truckers.|10159547741938904|Debra Yundt|2022-02-02 22:03:19|1|0|10159546971898904|facebook
what are you talking about??????|10159548264693904|Madeline Smith|2022-02-02 22:03:20|1|0|10159546971898904|facebook
Good luck with that.|10159547912383904|Carey Closs|2022-02-02 22:03:22|1|0|10159546971898904|facebook
So many charities could benefit from the leftovers. And we know how these people feel about charities that actually help those in need (not those in greed), so watching them fume about this will be icing on the cake. I think a huge donation to BLM would be a nice counter to their white-supremaci st QAnonsense.|10159547590918904|Kristen A. Hardy|2022-02-02 22:03:04|0|0|10159546971898904|facebook
Fascism is an economic and political system in which a free market is allowed to operate so long as it’s activity is in the national best interests as determined by the state. By pulling this fundraiser as per the “request” of government Go Fund Me is actually supporting fascism.|10159547905513904|Steven Hines|2022-02-02 22:03:22|1|0|10159546971898904|facebook
cutting off food and critical supplies to a population unless your demands are met is a terrorist action. Would it help you understand better if the truckers all wore turbans or something??|10159548398443904|Ken Maynard|2022-02-02 22:03:17|1|0|10159546971898904|facebook
"why would they keep a cut? As a processing fee. That is how they make their money. They keep a percentage of every dollar that they handle. They originally said that they were not doing refunds, that is why people started doing chargebacks. And, that is why gofundme changed their tune. They don't want to keep getting hit with the processing fees. Why should I, ""trust you""? If a person's bank has an issue with that person's transaction, isn't that between them and their bank?"|10159548537913904|Paul Kauffman|2022-02-02 22:03:14|1|0|10159546971898904|facebook
grocery shelves are fine. LOL Thanks to the ones working!!|10159548298893904|Christine Coll|2022-02-02 22:03:17|1|0|10159546971898904|facebook
You bunch of sheep. Pathetic. Maybe you should question what you see on TV for once. I guess that house hippo commerical didn't work.|10159547355043904|E.J. LåGräńgę|2022-02-02 22:03:07|1|0|10159546971898904|facebook
I really hope you’re not that naive to actually believe that because 90% are vaccinated that means 90% believe these mandates are ok. It’s called coercion|10159547753593904|Jodie Simon|2022-02-02 22:03:07|1|0|10159546971898904|facebook
yes, actual healthcare is showing the risks and complete ineffectiveness of the Covid regimen so far. We all know that majority in the medical community do not support the mandated vaccinations so they will not be cheering for further intrusion by government into peoples lives. Don’t delude yourself|10159548137503904|Mark Vasko|2022-02-02 22:03:07|1|0|10159546971898904|facebook
Gofundme is sad place. I will never donate here again.|10159548647838904|Bill Fahlman|2022-02-02 22:03:02|0|0|10159546971898904|facebook
I heard that our PM might be in a conflict of interest too. Apparently he is making a big profit as a share owners of our covid vaccines at https:// acuitastx.com/ He should return that money! They are not showing the partners online??|10159547829433904|Joanne Guy Godin|2022-02-02 22:03:08|1|0|10159546971898904|facebook
go fund me woke up and is doing an auto reversal for all donations.|10159547979268904|Melissa C-h|2022-02-02 22:03:08|1|0|10159546971898904|facebook
the banks are well aware that people have the option to request a refund. Chargebacks are not automatic. You may be required to show proof you requested a refund and did not get your money.|10159548513673904|Heather MacDonald|2022-02-02 22:03:08|1|0|10159546971898904|facebook
Blocking streets, vandalizing public property & causing noise pollution are not protected rights, they’re called crimes.|10159548720333904|Craig W F Hamilton|2022-02-02 22:03:08|1|0|10159546971898904|facebook
Prove vandalism, 👽|10159549280013904|Keith Davie|2022-02-02 22:03:08|1|0|10159546971898904|facebook
perhaps you should spend less time labelling people and more time being a useful citizen. Maybe you're better at that...|10159549283523904|Ken Maynard|2022-02-02 22:03:08|1|0|10159546971898904|facebook
of course they will look what trudeau is doing he wants the money as soon as it surpassed 1 million now up to 10 million|10159548496678904|Barbara Harrod|2022-02-02 22:03:09|1|0|10159546971898904|facebook
...omg...dramat ic much...🤣🤣🤣|10159547121528904|Darline Spragg|2022-02-02 22:03:10|1|0|10159546971898904|facebook
and you do show me your paper's o it sounds like where's your vax passport haha|10159547123993904|Tom Gillis|2022-02-02 22:03:10|1|0|10159546971898904|facebook
ok this isn’t the Spanish flu I don’t know where u are from but I’m from bc The numbers don’t support that vaccines are working like they promised double and triple vaxxed still getting sick and still going to hospital and of course still spreading it but unvaxxed still are targeted A Hopkins university study just came out and it said all the lockdowns and restrictions only prevent .2% deaths And half the mandates don’t make sense Truckers who are in their trucks by themselves and half little to no contact with people need to be vaxxed Makes no sense Plus Bonnie Henry just announced that 40% of people that have gone to hospital with covid went there for something else and then tested positive And they don’t tell you when these people end up in ICU if they are there for the reasons they came in or covid I’m guessing you are not in BC and when you start getting the info we have got you will start to see I mean absolutely no disrespect at all|10159547154398904|Amy Elisa Boisjoli|2022-02-02 22:03:10|1|0|10159546971898904|facebook
Lynn Hudson what mess? The drivers have been doing a better job of keeping the garbage cleaned, and the sidewalks cleared better then the city workers. Stop listening to the propaganda.|10159547321128904|Philip Slade|2022-02-02 22:03:10|1|0|10159546971898904|facebook
during the Spanish flu we did not have a charter either.|10159547338058904|Philip Slade|2022-02-02 22:03:10|1|0|10159546971898904|facebook
MSM is evil liars and people still haven’t woken to them yet sadly|10159547369938904|Amy Elisa Boisjoli|2022-02-02 22:03:10|1|0|10159546971898904|facebook
"Dale Cole yesssss ""fringe minority""🤪"|10159547537303904|Marta Jurekova Soupal|2022-02-02 22:03:10|1|0|10159546971898904|facebook
you know as well as I do - unless you didn’t read the info shared, they are wh nationalists with ties to white supremacy Catch up|10159547688408904|Donna Marie|2022-02-02 22:03:10|1|0|10159546971898904|facebook
Hey  I'm also postgraduate level educated! How about yourself? I'm glad to see that the unrelenting stupid head attacks didn't stop while I was sleeping|10159548046208904|Dan Van Minnen|2022-02-02 22:03:10|1|0|10159546971898904|facebook
there is also massive support for this protest from those who are vaccinated|10159547453458904|Jeanne Long|2022-02-02 22:03:07|1|0|10159546971898904|facebook
Exactly! 95% in Vancouver. These losers can’t handle the consequences of their bad decisions and think they can hold all of us hostage. Not happening!|10159547101923904|Pat McAuley|2022-02-02 22:03:07|1|0|10159546971898904|facebook
considering they aren't doing any hauling right now what difference would it make?  The vast majority of truckers are working, not parked in Ottawa.|10159548267058904|Scott Verge|2022-02-02 22:03:17|1|0|10159546971898904|facebook
No doubt😒 Criminal.|10159548617873904|Michelle Lapierre|2022-02-02 22:03:06|1|0|10159546971898904|facebook
Most truckers are in the shallow end of the gene pool so what else should we expect when the dumbest of the dumb show up and protest?|10159548708573904|Craig W F Hamilton|2022-02-02 22:03:05|1|0|10159546971898904|facebook
Susan Rankin none of these worthless layabouts are ‘saving our country’  If they were so ready to ‘save our country’ they would have joined the military.|10159548711638904|Logan Creed|2022-02-02 22:03:05|1|0|10159546971898904|facebook
who?|10159548740678904|Steve Cobblehoff|2022-02-02 22:03:05|1|0|10159546971898904|facebook
you don;t even live in Ottawa nd tellin them to gp home|10159548808973904|Barbara Harrod|2022-02-02 22:03:05|1|0|10159546971898904|facebook
good luck with that, why didn’t they launch lawsuits when Antifa, BLM or Palestinian protests happened? People got hurt in those, nobody has been hurt in all of this going on across the country, in fact it is reported by the police in Ottawa that the crime rate has dropped. I don’t think hurting ears or feelings counts as a crime to be sued over.|10159550178798904|Carol Gammel|2022-02-09 22:03:05|1|0|10159546971898904|facebook
good thing the “shallow end of the gene pool” worked throughout all this the last few years to keep you fed, brought items you may need from food to clothing to your cell phones , laptops, appliances, personal care items and whatever else you spent your money on or do you think it just magically appears in the stores. They work in all types of conditions which most people cannot even drive well to begin with especially in inclement weather conditions. Maybe you should learn to be a little more grateful for them being there for this. Come up on the curb with us low gene pool people, you might just learn something besides ignorance!|10159550186778904|Carol Gammel|2022-02-09 22:03:05|1|0|10159546971898904|facebook
Look it up on reputable sites with reputable authors. The problem with the misinformation campaign is that the final step is to convince us that the experts, those who are well educated on the subject, are liars or just plain stupid. Your post tells me that is what you have come to believe. What is your educational background that you have acquired the skills to interpret or even read the data properly, yet you believe you know more than the experts. No sense to giving you the answer we both know you won’t believe.|10159550217828904|Lynda Hookham|2022-02-09 22:03:05|1|0|10159546971898904|facebook
Don’t think this will be well received, but here is one piece of data.|10159550233508904|Lynda Hookham|2022-02-09 22:03:05|1|0|10159546971898904|facebook
I don’t need luck because I didn’t file the lawsuit. As for other protests Carol, I don’t know why law suits were not filed, and I'm not the person to ask. I have zero clue what this has to do with your original comment of Pat King who was “just there” as opposed to initially being one of the organizers. You seem to be completely changing the conversation and I have no interest in discussing other protests with you. 🙄|10159550271618904|Claire Róisín|2022-02-09 22:03:05|1|0|10159546971898904|facebook
far from over!|10159556439358904|Sidney Davies|2022-02-09 22:03:05|1|0|10159546971898904|facebook
the party just started. Buckle up.|10159556440723904|Sidney Davies|2022-02-09 22:03:05|1|0|10159546971898904|facebook
then you have no right to grocery shop or order online. Truckers do all that|10159556442988904|Sidney Davies|2022-02-09 22:03:05|1|0|10159546971898904|facebook
|10159556445383904|Sidney Davies|2022-02-09 22:03:05|1|0|10159546971898904|facebook
you sound likea Trumper....Cana da doesn't need those|10159556458123904|Walter Rodd|2022-02-09 22:03:05|1|0|10159546971898904|facebook
this isn’t about truckers and I didn’t say otherwise. Truckers are hard at work bringing in food and other necessities we need (and 9/10 are vaccinated). My comments to Carey were about the racist organizers; you can reread them if you need to.|10159556458223904|Claire Róisín|2022-02-09 22:03:05|1|0|10159546971898904|facebook
Oh yeah, it's always somebody else's fault. Your protest, your people, your responsibility. .|10159548207953904|Debra Yundt|2022-02-02 22:03:06|1|0|10159546971898904|facebook
no not true, many people I know are being harassed. What is happening is totally unacceptable and disgusting. A bunch of entitled idiots|10159548781128904|Cathy Smart|2022-02-02 22:03:06|1|0|10159546971898904|facebook
it is not respectful to hold the downtown hostage or to treat it like a big tailgate party or to make constant noise or to build a wooden shack or to use profanity on flags or to ignore parking regulations or to constantly emit exhaust into the air or to pee on the tomb of the unknown soldier or to stockpile propane and wood to make fires… I could go on. How on earth do these people propose to control a pandemic!? How on earth will we as a global community ever be able to make the sacrifices that are needed to control climate change and ensure a future for our children if we actually think our freedoms are being so infringed upon now??? There are a few peaceful people???? The whole premise behind this protest (now an occupation), is violent. It is violent to only think of yourself and refuse to assume the social and moral responsibility you have to your community and the impact your actions have on others. With rights come responsibilitie s! If people think their freedoms are in jeopardy, they need to take a good hard look at countries where their freedoms are truly violated. They are sorely misguided and uninformed.|10159548809603904|Cathy Smart|2022-02-02 22:03:06|1|0|10159546971898904|facebook
na he got the WE charity for that.|10159548152978904|Steve McDonald|2022-02-02 22:03:06|1|0|10159546971898904|facebook
a single MILE long? That's, what, 30-40 trucks?|10159548055778904|Richard Evans|2022-02-02 22:03:10|1|0|10159546971898904|facebook
Robert Boyd I'll agree with the Senate being wonky and unbalanced, but the HoC seems pretty fair--albeit with a bit of over Representation in the Maritimes|10159548058788904|Richard Evans|2022-02-02 22:03:10|1|0|10159546971898904|facebook
enjoy! Dan the Math man. Chilly one out there today. Bundle up.|10159548191538904|Mike Mazgay|2022-02-02 22:03:10|1|0|10159546971898904|facebook
|10159548192158904|Mike Mazgay|2022-02-02 22:03:10|1|0|10159546971898904|facebook
If this decision upsets you, request a refund, do it properly then file a charge back request with your bank. GO Fund Me will need to defend the charge backs at a considerable cost to them.|10159547906783904|Peter McGregor|2022-02-02 22:03:03|0|0|10159546971898904|facebook
GoFundMe has no legal right to do anything with the money other than return it or release it.  Hopefully everyone pulls their money out and donates to the Bitcoin fund.  Unlike fiat cash Bitcoin cannot be stolen or misappropriated by tyrranical governments and greedy anti-freedom corporations.|10159548281443904|Will Kalisz|2022-02-02 22:03:03|0|0|10159546971898904|facebook
that's exact what they are hoping for!!! They had a chance to stop the campaign and release money at any point.... but NO, get it up to 10 million and then LOCK!|10159547564928904|Marta Jurekova Soupal|2022-02-02 22:03:14|1|0|10159546971898904|facebook
money laundering scam|10159547788673904|Gail Kelly Meade|2022-02-02 22:03:14|1|0|10159546971898904|facebook
because they are carnivores who enjoy profiting through unethical shenanigans.|10159548130983904|Mark Vasko|2022-02-02 22:03:14|1|0|10159546971898904|facebook
How are these truckers funding themselves when they are not working? I wonder if they are accessing the covid supports that the government they are fighting is providing? As well what freedom do they want when they are blocking people's freedom in going around the city?|10159548667153904|John Romasanta|2022-02-02 22:03:03|0|0|10159546971898904|facebook
yes.|10159556447033904|Sidney Davies|2022-02-09 22:03:15|1|0|10159546971898904|facebook
btw, nothing will be given to charities, try telling the truth, btw mr. desantis is investigation trudeau and the go fund me page, you,re money will be no more|10159548837378904|Alan Skelhorne|2022-02-02 22:03:03|0|0|10159546971898904|facebook
Right...lets freeze these donations ($10 mill) and fine them $10 mill. for excessive noise. ?? Pure facism. If we don't fight back...we're in very big trouble folks. *freedom of speech is gone...the 1st clue...it's horrible ppl. Resembling China. And some except it? Worrysome.|10159548470663904|Dean Hammond|2022-02-02 22:03:03|0|0|10159546971898904|facebook
explain. Or where you just hopeful.|10159548081353904|Michael H Stenz|2022-02-02 22:03:15|1|0|10159546971898904|facebook
Are you saying the truckers are racist bigots?|10159548265418904|Monia Butler|2022-02-02 22:03:15|1|0|10159546971898904|facebook
No. Some of the protesters are, and at least one of the organizers.|10159548267708904|Gordon McCann|2022-02-02 22:03:15|1|0|10159546971898904|facebook
. Not at all. The overwhelming majority of truckers are hard at work right now. I’m talking about conspiracy theorists who are terrorizing the people of Ottawa and who are led by some very scary individuals.I’m talking about people that walk with Nazis, white supremacists, fascists. Please don’t ever confuse domestic terrorists with with normal people in the trucking industry|10159548302018904|Kent Lavoie|2022-02-02 22:03:15|1|0|10159546971898904|facebook
A lot of freedom hating communists in the comments|10159548419768904|Kenneth Reimer|2022-02-02 22:03:03|0|0|10159546971898904|facebook
Elon Musk is not going to be happy he’s getting a refund on his donation. 😂|10159548310648904|Michael Critchley|2022-02-02 22:03:03|0|0|10159546971898904|facebook
you’re such an i d i o t|10159548351308904|Ryan Scher|2022-02-02 22:03:16|1|0|10159546971898904|facebook
This is a windfall for every left wing socialist woke charity you can think of.|10159548675648904|Joseph Amendola|2022-02-02 22:03:03|0|0|10159546971898904|facebook
"If anything in this ""protest"" actually benefited truck drivers, they would go on strike."|10159547470378904|David Bloom|2022-02-02 22:03:17|1|0|10159546971898904|facebook
lol... majority of the truckers are vaccinated and busy making money hauling. These protestors are just misguided remnants.|10159548071478904|Tony Ribeiro|2022-02-02 22:03:17|1|0|10159546971898904|facebook
yes, directly into Tamara Lich’s bank account 🤣|10159548081028904|Lynda Jean|2022-02-02 22:03:14|1|0|10159546971898904|facebook
GiveSendGo has agreed to host the trucker Freedom Convoy donations. Lawyers representing our truckers are currently questioning GoFundMe.|10159548806093904|Marilyn Taylor|2022-02-02 22:03:03|0|0|10159546971898904|facebook
No, Steven, Gofundme, a private company based in LA, didn't refund the donations because a political party in Canada told them to.|10159549110433904|Danilo Jurisich|2022-02-09 22:03:13|1|0|10159546971898904|facebook
I think this is wrong. But, not surprised.|10159547426708904|Jane Boraas Friesen|2022-02-02 22:03:02|0|0|10159546971898904|facebook
dude, no press release here....|10159548193153904|Claire Róisín|2022-02-02 22:03:10|1|0|10159546971898904|facebook
What is the government doing to stop you. What illegal tactics are they using. Go Fund Me is an American company that has to abide by US and Canadian laws. Your people didn't abide by those rules and laws and they stopped hosting you. How is the that government's fault. Oh and I haven't seen the army or the security forces dragging the protesters off the streets of Ottawa, Quebec City, Toronto etc. or infringing your rights to gather and protest. So tell me Kenney, where did they hurt you. smh|10159548318993904|Debra Yundt|2022-02-02 22:03:10|1|0|10159546971898904|facebook
Read Go Fund Me update and you will see that ALL of those who contributed will be automatically refunded.|10159553290818904|Lyn Squires|2022-02-09 22:03:10|1|0|10159546971898904|facebook
or WE|10159547337363904|Donna Hamilton|2022-02-02 22:03:11|1|0|10159546971898904|facebook
yep... something lining the turds pockets|10159547592498904|Melissa Lovelace|2022-02-02 22:03:11|1|0|10159546971898904|facebook
that's because it's a blatant admission of ignorance.|10159548534823904|Will Bedford|2022-02-02 22:03:11|1|0|10159546971898904|facebook
They were brought into it.|10159548303698904|Christine Coll|2022-02-02 22:03:12|1|0|10159546971898904|facebook
Exactly, that was their point, they removed themselves from the business. 🤣|10159548399943904|Ken Maynard|2022-02-02 22:03:12|1|0|10159546971898904|facebook
never donating money again to own the libs|10159547597938904|Nick Iwanyshyn|2022-02-02 22:03:12|1|0|10159546971898904|facebook
|10159548362098904|Raj Sra|2022-02-02 22:03:13|1|0|10159546971898904|facebook
, how dare they have standards!! Have you actually seen the so-called 'detailed plan' of where this money is going?|10159547680228904|Carmen Olivia|2022-02-02 22:03:12|1|0|10159546971898904|facebook
Criminal.Me either I'll donate direct !|10159548044118904|Julia Bussey|2022-02-02 22:03:12|1|0|10159546971898904|facebook
The money should all go to supply N95 masks to all students!|10159547974843904|Paul G.Maher|2022-02-02 22:03:02|0|0|10159546971898904|facebook
do they not teach you to read the fine print in trucker school? what a shame|10159547613483904|Nick Iwanyshyn|2022-02-02 22:03:02|0|0|10159546971898904|facebook
this is in the nations best interest? Lol. 90% of truckers are vaccinated and pissed off at these clowns|10159548007493904|Jeff Kendell|2022-02-02 22:03:13|1|0|10159546971898904|facebook
I don’t believe this is in the best interest of the whole country. It is in the best internet for those who are most frustrated, and for those who want a conservative government.|10159548179448904|Christi Kropf|2022-02-02 22:03:13|1|0|10159546971898904|facebook
100% correct.|10159548282288904|Will Kalisz|2022-02-02 22:03:13|1|0|10159546971898904|facebook
How did you know that one lady or so was going to divy up the funds accurately. This is the only thing they could have done.|10159548296378904|Christine Coll|2022-02-02 22:03:13|1|0|10159546971898904|facebook
Theft|10159547038248904|Bogumila Siedlanowska|2022-02-02 22:03:04|0|0|10159546971898904|facebook
