﻿comment|comment_ids|username|datetime|isreply|num_replies|post_id|label
"First of all, I thought you didn't like reading the G&M, but here you are again. Why? Second, this is the view of one columnist, not the entire G&M. Do you often make logical mistakes like this? Third, it's well-documented that members of the Freedom Convoy carry swastika flags, Confederate flags and Trump flags, and are getting funding from far-right organizations around the world. This is established fact. That you don't LIKE columnists talking about it isn't my problem.  Lastly, as for your ""whatabboutism"" re: the ""far left,"" can YOU name a prominent individual on the far left in Canada? I can't."|10159553514478904|Jane Karen Sims|2022-02-09 19:19:35|1|5|10159553477153904|facebook
Oh I see.... Perhaps you have access to Ottawa Police records, has there been any evidence that determines who those individuals were?  Their names? Political affiliations? Intent?  Perhaps you'd care to share.  I'll wait 🙂|10159553570663904|Paul Reagan|2022-02-09 19:19:31|1|3|10159553477153904|facebook
Gary Mason needs to retire, a 67yr old man that has reverted to opinionated pieces rather than showing any neutrality. The list of the last 20-25 pieces he wrote are half sensational writing. I'm tired or google sending me news from those riding out their last several years of work.|10159553916488904|Jay Canning|2022-02-09 19:19:22|0|2|10159553477153904|facebook
boy oh boy If you compare this to 6 of January all I can tell you is that Justin did not do yet what democrats did to republicans And since I am not interested in US life let’s focus on our country The freedom of citizens is gradually take away by all kind of misinformation done by our politician starting with the PM and the globalization If you have enough money and can work remotely from home to pay your mortgage of about or more then 4000$ / month you are in good place and can continue typing 💬 whatever you feel and like Reality is that citizens on the street and thank god this monster trucks are taking the bullet for us the citizens of Canada 🇨🇦 is a occupation generated by our political system our “friend” Justin and Doug Ford handing out millions to everyone to stay home and now hunting them to pay back the CERB etc grants founds that they give to applicants Now they want the money back after they set the financial damage to every small business that they killed|10159554752183904|Dana Frum|2022-02-09 19:19:26|1|2|10159553477153904|facebook
why make really stupid comments when you could just be quiet?|10159553724128904|Victor Scarpia|2022-02-09 19:19:32|1|2|10159553477153904|facebook
, gee, I don't know, perhaps the swastikas and Confederate flags?|10159553565383904|Edmond Dantès|2022-02-09 19:19:31|1|2|10159553477153904|facebook
", ""you're""."|10159553679523904|Edmond Dantès|2022-02-09 19:19:31|1|2|10159553477153904|facebook
", I find it amusing how these ""freedom"" lovers who fly Confederate flags in Canada, never seem to acknowledge the dramatic increase to individual freedoms that occurred when Trudeau legalized cannabis.  That was huge, yet they don't even mention it. Almost as if white supremacy was actually more important to them than freedom."|10159553555793904|Edmond Dantès|2022-02-09 19:19:37|1|2|10159553477153904|facebook
"-- The occupation's activities should never have been ""tolerated"" in the first place, even if much the initial protests were entirely legitimate."|10159553710493904|Jeff Hamacher|2022-02-09 19:19:31|1|2|10159553477153904|facebook
notice the “Liberty” flags at the protest in Surrey have both Canada and the US shown.|10159554833098904|John Godfreyson|2022-02-09 19:19:26|1|2|10159553477153904|facebook
You think I believe a word you say?  It's always the same reverse blame switcheroo with you people.  You use words like trucks -- loud, obvious and senseless to drown other people out.|10159553678618904|Stephen Humphrey|2022-02-09 19:19:33|1|2|10159553477153904|facebook
"Yet that source you cited claims the G&M is ""right-center"". ..  Did you bother to read it at all?"|10159553605488904|Paul Reagan|2022-02-09 19:19:35|1|2|10159553477153904|facebook
Absolutely correct. Alt right groups have conned a small percentage of the population. BTW Where is the alt right money coming from? We saw what alt right did on Jan 6 in the US. We are headed the same way. Seems these truckers would rather have Trump for PM. The fact is that the truckers are in Ottawa so they have an excuse for not working when there are jobs. I suspect some of those trucks will end up repossessed. Tough luck.|10159553862338904|John Godfreyson|2022-02-09 19:19:22|0|2|10159553477153904|facebook
When a conservative leaning media outlet like the Globe and Mail makes a point like this, people should listen..|10159553507753904|James McDonald|2022-02-09 19:19:22|0|2|10159553477153904|facebook
, oh yes, the civil war that a bunch of inbred, toothless, hillbillies who haven't mastered either the arts of reading or personal hygiene. Literate people are just shaking in terror.|10159554573108904|Edmond Dantès|2022-02-09 19:19:31|1|1|10159553477153904|facebook
Time to stop tolerating.|10159553590558904|Stephen Humphrey|2022-02-09 19:19:31|1|1|10159553477153904|facebook
Sorry to have exported this craziness to Canada.|10159553496088904|James Wawrzewski|2022-02-09 19:19:22|0|1|10159553477153904|facebook
"so with a country that has one of the highest vaccinated rates in the world, we need to restrict people more?  You realize that all these mandates were implemented illegally according to our Constitution. The mandates required the approval of all 14 legislative bodies in Canada. JT is just a teacher acting as a PM and is not a true leader. His actions have consequences. We all have the right to protest the actions of the government and the protests going on show that the majority of Canadians, not a ""fringe"" minority, are saying enough is enough. If vaccines work how come vaccines are not working? If masks work, how come masks are not working? It is time to get Canada up and running and stop all this totalitarian BS."|10159555579913904|Jamie Bodo|2022-02-09 19:19:31|1|1|10159553477153904|facebook
why ask really dumb questions when you could just be quiet?|10159553638703904|Frank Ch Eigler|2022-02-09 19:19:32|1|1|10159553477153904|facebook
"Ahh yes, ""wHiTe SuPrEmAcIsTs"". The ultimate strawman of the left when all evidence and reason is beyond them 😃  Why do you think they are White supremacists?"|10159553556808904|Paul Reagan|2022-02-09 19:19:31|1|1|10159553477153904|facebook
"-- If not weaponized, definitely bastardized.  Too many in the right-of-center crowd defines ""freedom"" as a carte blanche to do anything, at any time, under any condition, without any regard for the consequences to others.  What the Ottawa occupation leadership has done is take advantage of the freedom that they had in order to set up a springboard to carrying out actions that are, objectively speaking, illegal.  The Paradox of Tolerance is all about having allowed that drift from legitimate to illegitimate to happen, at a cost to the majority who doesn't agree with their illegal acts."|10159555514453904|Jeff Hamacher|2022-02-09 19:19:31|1|1|10159553477153904|facebook
but saying Freedom has been weaponized by the right is a stretch.|10159555421433904|Jamie Bodo|2022-02-09 19:19:31|1|1|10159553477153904|facebook
is that why you drink and drive?|10159553586018904|Victor Scarpia|2022-02-09 19:19:32|1|1|10159553477153904|facebook
"""obligation to obey"" is tyranny"|10159553579593904|Frank Ch Eigler|2022-02-09 19:19:32|1|1|10159553477153904|facebook
I guess you support when Left wing terrorist run over Peaceful freedom protestors. Your a disgusting human being. https:// twitter.com/ dshrig/status/ 1489962518973976 577|10159553668243904|Jeremiah Devose|2022-02-09 19:19:31|1|1|10159553477153904|facebook
The Globe keeps referring individuals or groups as “far right” when they don't like what the individual/ groups stand for. I am still waiting for them to identify a person or a group as “far left” or does that exist for the Globe?|10159553505628904|Pierre G. Joly|2022-02-09 19:19:23|0|1|10159553477153904|facebook
So you do support running over peaceful protestors. Good to know for when the civil war starts.|10159554570633904|Jeremiah Devose|2022-02-09 19:19:31|1|1|10159553477153904|facebook
"-- ""The narrative"" is a disingenuous person's way of saying ""ideas with which I disagree"". Hell, *QAnon followers* have ""a narrative"".  Destruction of public monuments is investigated by police, as well it should be.  However, treating those actions as equivalent to harassment, assault, and threats of mortal violence is utterly false."|10159555419918904|Jeff Hamacher|2022-02-09 19:19:31|1|1|10159553477153904|facebook
taking down statues and similar actions. Anyone saying something that is not part of the narrative is considered hate speech etc.|10159555414178904|Jamie Bodo|2022-02-09 19:19:31|1|1|10159553477153904|facebook
"-- First, that's a straw-man argument.  Second, you're not clearly stating which ""violent actions"" (or which protests) you mean."|10159555411133904|Jeff Hamacher|2022-02-09 19:19:31|1|1|10159553477153904|facebook
but the violent actions from protests over the last 18 months should ignored? You cannot have it both ways.|10159555395178904|Jamie Bodo|2022-02-09 19:19:31|1|1|10159553477153904|facebook
What ? Please dont insult us|10159553505458904|Ana Maritza Cveljo Clinaz|2022-02-09 19:19:22|0|1|10159553477153904|facebook
"Please do. The politics of all the persons you've named can at best be considered ""central left."" But then again, most right-wingers think ""left"" automatically means ""socialist"" and socialist automatically means ""communist"" so with such ""deep thinking"" I'm honestly not surprised by your post."|10159553593143904|Jane Karen Sims|2022-02-09 19:19:35|1|1|10159553477153904|facebook
lol you have literally no idea what's coming.... its gonna be a blast I cant wait.|10159554574783904|Jeremiah Devose|2022-02-09 19:19:31|1|1|10159553477153904|facebook
Police should have been controlling the situation, like cities after Ottawa have done.  The convoy is gone from Toronto and Quebec City.  Poof.|10159553750503904|Stephen Humphrey|2022-02-09 19:19:31|1|1|10159553477153904|facebook
I did not say right-wing. I said a conservative leaning media outlet. Do not put words in my mouth and change the narrative. https:// mediabiasfactche ck.com/ the-globe-and-ma il/|10159553592563904|James McDonald|2022-02-09 19:19:35|1|1|10159553477153904|facebook
I guess ignorance is your mantra.|10159554999903904|John Godfreyson|2022-02-09 19:19:26|1|1|10159553477153904|facebook
The term “freedom” has always been a right wing buzzword and it doesn’t take much more than a trip to any other modern democracy to see that many nations have freedom and many have more freedoms than those with right wing influences.|10159553513898904|Kelly Zak|2022-02-09 19:19:23|0|1|10159553477153904|facebook
Alt-right then. Strangely enough how media became Trudeau's weapon.|10159553522633904|Grace Siglos|2022-02-09 19:19:22|0|1|10159553477153904|facebook
just took $600 million of tax payers money to bribe the media is all.|10159553688438904|Ian Robinson|2022-02-09 19:19:34|1|1|10159553477153904|facebook
No - they are using the word Freedom because that is what the government has taken from us with the collusion of corporate media that has been bought - just like you!|10159553955298904|Nel Grond|2022-02-09 19:19:22|0|1|10159553477153904|facebook
You made no sense.|10159554320348904|Claude Butland|2022-02-09 19:19:25|1|1|10159553477153904|facebook
He was talking about the fact that media is supporting the government not the citizens And they have selective posts to make citizens to focus on other things but not inform us about reality|10159554715778904|Dana Frum|2022-02-09 19:19:25|1|1|10159553477153904|facebook
define “alt right” please.  Because I think you’d call anyone to the right of Marx alt-right.|10159554704563904|Andrew Gustafson|2022-02-09 19:19:26|1|1|10159553477153904|facebook
To people like this guy, alt right is anyone who doesn't agree with everything they believe. It's just another label that guys like this use to try and gain traction for their left wing foolishness.|10159554722353904|Sandy Marr|2022-02-09 19:19:26|1|1|10159553477153904|facebook
I know. I just want to see if he can actually articulate it or if he needs to wait for the media to define it for him.|10159554734973904|Andrew Gustafson|2022-02-09 19:19:26|1|1|10159553477153904|facebook
I'm sure he's searching all the usual lib sites for a plausible explanation. Don't be surprised if you don't get a reply from him, libs tend to run and hide.|10159554752333904|Sandy Marr|2022-02-09 19:19:26|1|1|10159553477153904|facebook
"One has to be so far entrenched in the left to view the G&M as ""conservative"".   Inb4 ""The G&M receives ""right-leaning"" funding!!!"" There's virtually no clear, empirical evidence to suggest this media organization correlates their published articles with certain ideological leanings."|10159553568863904|Paul Reagan|2022-02-09 19:19:35|1|1|10159553477153904|facebook
Yeah, probably written by an alt left loon. I always laugh when people try to get us to believe the crap from left wing sites like ProgressPress and the rest.|10159554857433904|Sandy Marr|2022-02-09 19:19:26|1|1|10159553477153904|facebook
It's lost on   Her lack of awareness on her own narcissistic fascist rhetoric is very sad and alarming.  Check your disgusting narcissism and fascism   Those chickens you raise have a lot more integrity than you my dear  You're actually asking us to name a prominent far left person in Canada? I can name three  In no particular order of prominence.  Jagmeet Singh Justin Trudeau Rosemary Barton Evan Solomon I can go on and on all day|10159553542053904|Patrick Nowlan|2022-02-09 19:19:35|1|1|10159553477153904|facebook
please provide the facts for Gary Mason's opinion piece. He is a west coast reporter (not a journalist) that is regurgitating rhetoric from afar. It is the left leaning MSM and the PM bringing in to Canada American social issue and trying to make them ours.  So please provide info. All you have done is spout typical Ontario liberal crap that cannot be backed up with facts.|10159555734043904|Jamie Bodo|2022-02-09 19:19:31|1|1|10159553477153904|facebook
"The alt right steals words that don't belong to them.  They bellow ""freedom"" while undermining democracy.  They call themselves ""patriots"" while collaborating with foreigners.  They're masters of the BIG LIE. The bigger the better."|10159553555283904|Stephen Humphrey|2022-02-09 19:19:22|0|1|10159553477153904|facebook
This has to be the stupidest attempt at a mind-f#ck I have seen in a while. This is what passes for journalism?|10159553526023904|Tyler Popp|2022-02-09 19:19:23|0|1|10159553477153904|facebook
since when is the globe and fail a right wing media outlet?? Go back under your rock|10159553576173904|Jason Brinks|2022-02-09 19:19:35|1|1|10159553477153904|facebook
"I'm borrowing wise words from Bruce Pardy, a professor of law at Queen’s University and a Senior Fellow with the Fraser Institute:  ""Canada was in trouble as soon as COVID hit. “Crises are an ideal time for the state to advance into territory from which it will not wish to retreat,” I wrote in the Financial Post in April 2020. “In this new era, we will discover that leaders of all political stripes have more than a little Lenin in them.” It is 20 months since “two weeks to flatten the curve,” and Canadians’ liberties are under siege like never before.  It may not seem that way if you are double-vaccinat ed and going to restaurants and concerts again, but keeping your hall pass will require booster shots on schedule. The caring arms of the pharmaceutical industry and public health are now reaching out to protect kids from nonexistent risk. The purpose of vaccine passports, authorities have acknowledged, is not to control the spread of the virus, which vaccinated and unvaccinated both can do, but to pressure people to get jabbed. How much and for how long vaccines reduce the risk of infection are in dispute. Meanwhile, the Centers for Disease Control and Prevention has no record of any unvaccinated person spreading COVID after recovering from it.  No longer does the individual have the right to act without regard for “public good.” Instead, authorities will return the freedom to make your own choices only when it is safe to do so. While we were sleeping, the individual became subordinate to the collective. People are apt to believe that the law will save them when things go bad, but simply taking cases to court won’t fix this. The law is subject to cultural tides and currents, and when the culture goes askew, the law will provide little refuge."""|10159553612508904|Andrei Arkhanguelski|2022-02-09 19:19:22|0|1|10159553477153904|facebook
-- Not a surprising commentary at all from a Fraser Institute potentate. It's mostly hyperbole dressed up in bespoke, ideologically-d riven prose.  The real problem is the minority in Canada who think only of acting in complete freedom *without any* regard for the freedoms of others.|10159553771633904|Jeff Hamacher|2022-02-09 19:19:28|1|1|10159553477153904|facebook
Do you understand the meaning of “violation of civil liberties and freedoms”?  Do you understand that your fellow unvaccinated Canadians who made a medical decision our PM doesn’t approve of cannot leave the country (with limited exceptions) or even travel across the country by plane or train?  Students are being de-enrolled from online education for not being vaccinated.  Nurses, police officers, teachers and others have lost their jobs for choosing in favour of natural immunity.  Others were coerced into taking vaccines to be able to keep their jobs and continue feeding their families.  Do you understand the fuc***g gravity of the situation that we’re in?  It’s no longer about health. It’s about control and fear. Our PM and other officials are using scare tactics to coerce people into submission and compliance.  ENOUGH! Wake up!|10159553845488904|Andrei Arkhanguelski|2022-02-09 19:19:28|1|1|10159553477153904|facebook
Actually no. This is an opinion column. That is different from journalism.|10159553571828904|Dale Garraway|2022-02-09 19:19:36|1|1|10159553477153904|facebook
The protesting truckers need to be fired.|10159554501043904|Halina Crawford|2022-02-09 19:19:28|1|1|10159553477153904|facebook
Well considering they’ve endorsed the Cons in every election since Chrétien, I’d say that’s pretty empirical|10159553588703904|Kelly Zak|2022-02-09 19:19:35|1|1|10159553477153904|facebook
This is exactly why the media is not respected, supposed professional journalists twisting the narrative to cause mayhem and civil disobedience, they need to be defunded as this kind of reporting should be a criminal offence and he should lose his job|10159553586478904|Distasi Mich|2022-02-09 19:19:22|0|1|10159553477153904|facebook
and 500B$ for so called science project|10159553699043904|Grace Siglos|2022-02-09 19:19:34|1|0|10159553477153904|facebook
Too be fair Justin Trudeau is about as far left as Donald Trump is considered far right. JT is not a centrist or center left by no means. His policies out left the NDP and out green the Green Party.|10159553522628904|Matthew Dunning|2022-02-09 19:19:35|1|0|10159553477153904|facebook
Does yours? Like, if you are conservative supporter, would your own comments not be conservative leaning?|10159553605858904|Kelly Zak|2022-02-09 19:19:35|1|0|10159553477153904|facebook
"""conservative"""|10159553579078904|Frank Ch Eigler|2022-02-09 19:19:35|1|0|10159553477153904|facebook
This journey has crystallized my sense of how closely aligned the political class is with the media class…|10159553528408904|John Williamson|2022-02-09 19:19:22|0|0|10159553477153904|facebook
Your imagination is running wild Karen.|10159553522383904|Pierre G. Joly|2022-02-09 19:19:35|1|0|10159553477153904|facebook
Now people are saying that I implied that the G&M is receiving right-wing funding. This is a complete misrepresentati on of what I said..|10159553651433904|James McDonald|2022-02-09 19:19:35|1|0|10159553477153904|facebook
"Who is ""they"", precisely? The question stands, is there a correlation between the bias of the articles the G&M publishes and certain political leanings?"|10159553596953904|Paul Reagan|2022-02-09 19:19:35|1|0|10159553477153904|facebook
"wow you're really just going to ride this dumb idea into the ground eh? This is the left wing version of ""violent video games are going to lead to a complete degradation of our upright and moral society!""🤣"|10159553673473904|Graham Carter|2022-02-09 19:19:23|0|0|10159553477153904|facebook
show me the proof of the so called accusations your making please|10159553571468904|Roy Keessar|2022-02-09 19:19:35|1|0|10159553477153904|facebook
I’m calling it a resistance movement|10159554181698904|Eileen Dougan|2022-02-09 19:19:23|0|0|10159553477153904|facebook
The alt-right - what a joke.|10159553506593904|Patricia Olson|2022-02-09 19:19:23|0|0|10159553477153904|facebook
Should we count the number of comments made here just to whine about how much they hate the Globe and Mail?  I wonder if these people understand how pathetic they are?|10159553519688904|Edmond Dantès|2022-02-09 19:19:23|0|0|10159553477153904|facebook
What is alt right?|10159553522983904|Louise Michelle|2022-02-09 19:19:23|0|0|10159553477153904|facebook
This is his inspiration|10159556242658904|Paul Mc Gregor|2022-02-09 19:19:23|0|0|10159553477153904|facebook
Since the beginning, the truckers we’re used and instrumentalize d for political reasons that have nothing to do with the sanitary mesure. When they don’t use kids and families, the far right always find something to blur their real intentions. Typical dishonesty. 🤷🏻‍♂️🙄|10159553686763904|Sylvain Pelletier|2022-02-09 19:19:23|0|0|10159553477153904|facebook
Completely agree and I actually think our right to die with dignity is another big individual freedom, to die the way you want to should be a fundamental human right and I’m glad we have a PM that feels the same way.|10159553583963904|Kelly Zak|2022-02-09 19:19:37|1|0|10159553477153904|facebook
I'm so sorry you find weed an acceptable trade for civil rights.|10159553580473904|Frank Ch Eigler|2022-02-09 19:19:37|1|0|10159553477153904|facebook
true enough. Hard to tell these days. There is opinion on everything|10159553611378904|Tyler Popp|2022-02-09 19:19:36|1|0|10159553477153904|facebook
Lol!!!!|10159554035073904|Sean Owen Carlson|2022-02-09 19:19:23|0|0|10159553477153904|facebook
|10159553640933904|Juan Gerardo Hernandez|2022-02-09 19:19:23|0|0|10159553477153904|facebook
Get a life ...You sound totally ridiculous and completely hateful, racist and discriminatory! !|10159557604763904|Keith Godsalve|2022-02-09 19:19:23|0|0|10159553477153904|facebook
show the proof.|10159553589788904|Philip Slade|2022-02-09 19:19:35|1|0|10159553477153904|facebook
And that’s why nobody cares about Globe and Mail|10159553751788904|Chachi Bracamonte|2022-02-09 19:19:23|0|0|10159553477153904|facebook
the only reason i entertain the globe is because its like reading an unironic babylon bee and i find it hilarious|10159553500813904|Dennis Lang|2022-02-09 19:19:23|0|0|10159553477153904|facebook
This protest is a threat to our democracy - it's a threat to my freedom. PM don't give in!!|10159554905848904|Debera Perkins|2022-02-09 19:19:23|0|0|10159553477153904|facebook
Gary Mason is a great commentator.|10159553688198904|Pierre Filisetti|2022-02-09 19:19:23|0|0|10159553477153904|facebook
Lol, now any non liberal is classified as alt right and extremists. This paper is becoming more irrelevant every day|10159553952993904|Lee Jewers|2022-02-09 19:19:23|0|0|10159553477153904|facebook
What a crock…|10159554705933904|Kelly Kuzyk|2022-02-09 19:19:23|0|0|10159553477153904|facebook
No. The left has simply taken freedom away. We are trying to get back our freedoms that liberals hate.|10159554250633904|Gregory Chaucery|2022-02-09 19:19:23|0|0|10159553477153904|facebook
These arsebadgers need to go talk to sixties scoop survivors, residential school survivors about stolen rights.|10159553914113904|David Wale|2022-02-09 19:19:22|0|0|10159553477153904|facebook
Just ignore  the top fan  No one's a fan of hers I can assure you  Fake profile fake picture fake outrage And fake chickens I would know|10159553659658904|Patrick Nowlan|2022-02-09 19:19:35|1|0|10159553477153904|facebook
Surprised that a narcissistic person like you Jane is the only one here defending the government  As I told you Check your fascist narcissism|10159553602213904|Patrick Nowlan|2022-02-09 19:19:35|1|0|10159553477153904|facebook
This HAS to be a joke?!?|10159558887028904|Calvin Rosenthal|2022-02-09 19:19:22|0|0|10159553477153904|facebook
The religion of diversity, inclusion and equity that the left embrace only seems to be extended to people and causes that they support. The hypocrisy is staggering to say the least.|10159553679063904|Norm Gibson|2022-02-09 19:19:22|0|0|10159553477153904|facebook
'Waaaa this opinion article is false! This is the problem with mainstream media, presenting opinions as news'  - half of the comments missing the point that this is literally an OPINION piece, organized in the OPINION section of the bloody website. Pieces like this are something that's been a part of journalism for many many years now. Just too bad so many people lack understanding enough to tell the difference.|10159553700108904|Kevin Edward-Sage Beck|2022-02-09 19:19:22|0|0|10159553477153904|facebook
I believe truckers are truckers when they're actually trucking for a living, not chugging from gas cans and playing in bouncy castles.  How are we supposed to believe those grown children are standing up for anything other than noise and mischief?|10159553557058904|Stephen Humphrey|2022-02-09 19:19:27|1|0|10159553477153904|facebook
You'll be waiting a long time. Folks like Edmond just like to throw out accusations. You really can't expect them to actually back them up, can you? That would be asking for more than they can give. And who knows? Maybe they experienced it differently 🤔.|10159553579623904|Linda Nichol|2022-02-09 19:19:31|1|0|10159553477153904|facebook
The Paradox of Tolerance in action: people using their freedom to ultimately undermine the freedom of others.|10159553511598904|Jeff Hamacher|2022-02-09 19:19:22|0|0|10159553477153904|facebook
", we exported our garbage to you as well, I believe they refer to it as ""Ted Cruz"" in the US."|10159553522258904|Edmond Dantès|2022-02-09 19:19:30|1|0|10159553477153904|facebook
Absolutely. This is not a vaccine mandate issue at all.|10159553593793904|Murray Crawford|2022-02-09 19:19:22|0|0|10159553477153904|facebook
Then stop doing insulting things|10159553542788904|Colin Richardson|2022-02-09 19:19:29|1|0|10159553477153904|facebook
So let's censorship everything lmao|10159555400723904|Chuck Seward|2022-02-09 19:19:22|0|0|10159553477153904|facebook
no the msm with theirs lies deceit and fabricated manipulation of the facts need to be defunded|10159554555713904|Distasi Mich|2022-02-09 19:19:28|1|0|10159553477153904|facebook
Andrei: You are so misinformed it is hard to know where to begin. We get out of a WORLDWIDE pandemic by getting VACCINATED. That is why they call it a PANDEMIC. Narcissists who do not care about their fellow Canadians refuse to comply. So, no one has forced anyone to get vaccinated. There are consequences of not doing so and everyone knew those consequences. Certain people had the FREEDOM to choose not to get vaccinated. That comes with consequences. Airlines do not have to take you on their planes unvaccinated. Neither does a train. So, enjoy your house trailer and your GED education. The only fear you have is someone telling you what you cannot do. You put on a fuc***ing seatbelt when you drive. If you do not, there are consequences. It is to protect you. Surely you are not that stupid that this analogy means nothing. Or are you?|10159565145963904|Scott Anderson|2022-02-16 19:19:28|1|0|10159553477153904|facebook
-- The simple answer to your first question: yes.  Are you sure that *you* do?|10159553859053904|Jeff Hamacher|2022-02-09 19:19:28|1|0|10159553477153904|facebook
journalism profs will have months of 'how the globe hoared itself to the Ottawa madarins' teaching material after this|10159553522853904|Chris Carter|2022-02-09 19:19:22|0|0|10159553477153904|facebook
We are led to believe that truckers and farmers, characterized by their independent and self-reliant nature, working in occupations that require minimal constant close contact with others and therefore are among the jobs least affected by mandates, spontaneously awoke en masse over a period of a few days with the notion that Covid restrictions, from which they are mostly unaffected, must be ceased immediately for the benefit of all mankind.|10159553533498904|Jim Francis|2022-02-09 19:19:22|0|0|10159553477153904|facebook
Yeah because disrupting peoples lives because you’re too afraid to get a five second poke is the same thing as having restrictions in your life because you choose to believe you tube personalities instead of actual doctors and scientists.|10159553587413904|Kelly Zak|2022-02-09 19:19:31|1|0|10159553477153904|facebook
Keep spinning those tires, Gary. You might get some traction, eventually. This is democracy at its finest.|10159553587488904|Philip Slade|2022-02-09 19:19:22|0|0|10159553477153904|facebook
I noticed that you didn’t supply a link.|10159555007858904|Sandy Marr|2022-02-09 19:19:26|1|0|10159553477153904|facebook
please… define “alt-right” for us.|10159554936548904|Andrew Gustafson|2022-02-09 19:19:26|1|0|10159553477153904|facebook
“The Far Right in Canada” - a research brief report January 2019. Read it and then you will know how you are being conned. There are numerous other references.|10159554830268904|John Godfreyson|2022-02-09 19:19:26|1|0|10159553477153904|facebook
Look around the world and you will see the chaos being caused by right wing groups who represent a very small percentage. 10,000 protestors represent 0.03 percent of the population.|10159554818863904|John Godfreyson|2022-02-09 19:19:26|1|0|10159553477153904|facebook
Wow, Ad Hominem! I’m not Canadian because I said he made no sense. First off look at his profile ….it’s looks fake. Corporate owned media push corporate interest only, why would they push Canadian gov ones. Last year the right wing was pushing to close all travel into Canada, now it’s open up everything. I believe because I am vaccinated and take precautions I’m protecting my fellow Canadians. That should make me more Canadian that the cailloux convoy! Is being a sheep more patriotic than a freedom anarchist? You cockwombles need to make up your minds.|10159554768263904|Claude Butland|2022-02-09 19:19:25|1|0|10159553477153904|facebook
for you maybe but for the families out there protesting each day on the streets of each and every city it make a lot of sense Needless to say the money coming to support all of them were taken away by the government But they find another way to get few dollars from citizens that pass buy to support them or other citizens that donate them Like we Canadian are donating all the time at the store money for hospitals or many other causes So I come to the conclusion that maybe you are less Canadian Because a real Canadian is taking care of his citizens|10159554711028904|Dana Frum|2022-02-09 19:19:25|1|0|10159553477153904|facebook
Also, Jeff I do understand it was an opinion, however, most people take the opinions of journalism from a larger company as literal. One would like to align good journalists with their age, they are out there. I've just have not read a whole lot lately that has not been sensational, and it's sad, I have to search so hard. I know to many acquaintances that are well educated that don't take the time to dig into what they read. They take for granted that it is from a long serving news source so it is real. I agree the onus is on us all. It's just unfortunate that the news I have tried to read the last several years really has been leaning far right or left. And I have tried to dig into my Google suggestions and settings, I do the thumbs up or down and I do the suggestions, and lol for some reason I still get this stuff.|10159560399543904|Jay Canning|2022-02-09 19:19:25|1|0|10159553477153904|facebook
I agree, objective is a better way of putting it, I definitely jumped to neutral because I really only have seen polarizing article lastly from so many forms of reporting.|10159560386088904|Jay Canning|2022-02-09 19:19:25|1|0|10159553477153904|facebook
"-- If you don't understand the difference between ""article"" and ""opinion"" (or ""editorial""), you probably don't want to be trumpeting your ignorance of that distinction.  If you don't understand how to set up your tech to operate as you wish, you could always RTM."|10159555414113904|Jeff Hamacher|2022-02-09 19:19:25|1|0|10159553477153904|facebook
-- A swing and a miss, big shooter.|10159553585713904|Jeff Hamacher|2022-02-09 19:19:31|1|0|10159553477153904|facebook
I tolerate you getting as many Covid jabs as you like..My tolerance of that stupidity ends where you demand I be stupid too..Not complicated..🖕😆|10159553595133904|Graham Anderson|2022-02-09 19:19:31|1|0|10159553477153904|facebook
"Our grandfathers, dads and uncles, some whose final resting places are Europe's farm fields, where their bones, wedding rings, pictures of sweethearts, are still 75 years later, scattered and tilled with every spring planting, are looking at your views on freedom and shaking their heads. Those who were ""lucky"" to get through it, but couldn't ever speak of the actual hell they went through, read your article on Freedom this day and are lowering their heads wondering what it was all for. They knew what freedom was, they experienced what it was like in places where it was taken away from the people, always for their own safety and own good. They saw the results of people who disagreed with their government and the camps where these insurrectionist s were held prisoner. You're right about one thing, freedom can be a weapon, especially when an elected government forcibly removes freedom, until the people ""they work for"", submit to their demands. The Truckers are exercising our basic human rights, as written in the Canadian Charter. I recall the speech from Trudeau regarding Omar Khadr, something about respecting others rights, even when you may not agree with them. You have sided with tyranny and you're one sided writing is shameful in its lies, deceit and twisted facts. If the world has learned one thing from the Left, it's that you'll only be welcome until you speak your own mind, then you will be immediately attacked as a racist or misogynist or Nazi, etc, you know the weapon words better than me, these same words you now use as weapons, then you'll be canceled. Inevitably your useful idiocy will run its course and you'll be left wondering, what happened and the answer will be. You happened ! The world you help create by turning your fellow countrymen in to the Secret Police, has done exactly what you designed it to do and when you're sitting alone with no place to turn for justice, the faces of those whose bones and wedding rings and pictures of their sweethearts, who are still laying in those European fields, will appear and they will say, this was you, who thought that you could dictate the meaning of a word so precious that we and millions before us died for it, a word so special that you could ask every human being what it means to them and never twice get the same answer. You thought that you could tell other human beings what Freedom means and then force them to live by your ideal of it, your limited ideal. You never stopped to think of what Freedom really meant, you were only concerned of being right. You never asked what it meant to those you put in Covid Camps. You never stopped to ask them what made Freedom so important, that they were willing to go to prison for it, for if you had you would have discovered this eternal truth. Freedom only works, when you put others ideals of it, ahead of your own. God Bless World Freedom Patriots"|10159558612938904|Mooney Dave|2022-02-09 19:19:22|0|0|10159553477153904|facebook
As opposed to the powers that be who have weaponized ‘democracy’ to undermine freedom.|10159553568698904|Richard Sixton|2022-02-09 19:19:22|0|0|10159553477153904|facebook
The fact that this Pat King and similar types roam around the truckers is what invalidates the whole movement. You can’t escape it and you didn’t really let’s be honest .. you guys have not done a particularly good job of distancing yourselves from that eh?|10159554692033904|Edmond Engelbrecht|2022-02-09 19:19:22|0|0|10159553477153904|facebook
The right harasses, threatens people and stages a siege while claiming to be peaceful.  They try to overthrow an elected government while claiming to want democracy.  Everything you say is the opposite of truth.  You lie like you breathe. But truth doesn't matter to you. You think power is truth. And you're not powerful enough to make me believe anything you say.|10159555407343904|Stephen Humphrey|2022-02-09 19:19:33|1|0|10159553477153904|facebook
while the left collaborates with CCP and sells Canada out. You are definitely a useful idiot for the left.|10159555398138904|Jamie Bodo|2022-02-09 19:19:33|1|0|10159553477153904|facebook
the left use words they don't understand. You people use words such as violence, peaceful and democracy in scenarios that exhibit polar opposites to their intended meaning.|10159554249803904|Shamasha Alan George|2022-02-09 19:19:33|1|0|10159553477153904|facebook
“ If you repeat it often enough and loud enough, they will totally believe you”. Guess who said that.|10159553865993904|Jim Kavanagh|2022-02-09 19:19:33|1|0|10159553477153904|facebook
"where was the parliamentary oversight and debate over forced vaccines? The ONLY loser undermining our democracy is boy wonder as he leverages states of ""emergency"" to do things against the charter and to force people to comply to his ways or else.... and trust me, I spent YEARS bashing Harper and his mistakes......b ut this guy right here, takes the cake for being a tyrannical globalist!"|10159553675773904|Bradley Greening|2022-02-09 19:19:33|1|0|10159553477153904|facebook
Total crap. Their is no democracy in our country with the twisted little man-child in charge in Ottawa.|10159554703418904|Daniel Silcox|2022-02-09 19:19:22|0|0|10159553477153904|facebook
Nah. It's called gaslighting. The media are responsible for this division too.|10159553566813904|Jack Massalski|2022-02-09 19:19:22|0|0|10159553477153904|facebook
so the globe and mail do not support the trucker or get pay to wrote this, either way i dont care i dont buy the paper|10159554247978904|James Siple|2022-02-09 19:19:22|0|0|10159553477153904|facebook
"What i found funny is the fact that leftists want to save ""democracy"" by shutting down opposing views. Talk about being hypocrites"|10159553692993904|Moigradeanu Alexandru|2022-02-09 19:19:22|0|0|10159553477153904|facebook
true, except freedom, not 'freedom'.|10159554987843904|John Skippy|2022-02-09 19:19:32|1|0|10159553477153904|facebook
you are of course talking about Trudop and his party. He is the ultimate Blackface leader.|10159553690323904|Ian Robinson|2022-02-09 19:19:31|1|0|10159553477153904|facebook
your mom|10159553725893904|Frank Ch Eigler|2022-02-09 19:19:32|1|0|10159553477153904|facebook
Freedom without obligation is anarchy; freedom with obligation is democracy.|10159553561493904|Victor Scarpia|2022-02-09 19:19:22|0|0|10159553477153904|facebook
journalism isn't supposed to be neutral, its supposed to be objective. Those words aren't synonyms.|10159554017333904|Jay Gatsby|2022-02-09 19:19:25|1|0|10159553477153904|facebook
Yup, as most of the majority of smart people sees clearly that these groups are falling into the hands of their own destruction! And China, N Korea and Russia are sitting back watching and waiting, twirling their thumbs. Their opportunity is waiting for the fall of our Democracy! Keep it up stupid, you might get what you want! Lol|10159553524973904|Marie Bertini|2022-02-09 19:19:22|0|0|10159553477153904|facebook
Glenn Taylor -- You can look up resources on the Paradox of Tolerance at your leisure. I mean, you're not going to take my word for it, anyhow.|10159564694638904|Jeff Hamacher|2022-02-23 19:19:31|1|0|10159553477153904|facebook
"Correction, it's ""lunatic fringe minority"", just so you clearly understand."|10159556589308904|Stephen Rasmussen|2022-02-09 19:19:31|1|0|10159553477153904|facebook
No convoy in Toronto. All gone. I'd say come here and check yourself, but don't come here. Stay away.|10159555736748904|Stephen Humphrey|2022-02-09 19:19:31|1|0|10159553477153904|facebook
-- Your second straw-man argument.  Your open admission of hypocrisy, i.e., you support any sort of protest action which includes illegal activity as long as it aligns with your own views.  Your waste of your own energy typing that Gish Gallop.|10159555705083904|Jeff Hamacher|2022-02-09 19:19:31|1|0|10159553477153904|facebook
, yeah bring it on. Scientifically illiterate cowards are so scary. Maybe they'll pray to their magic sky-fairy for help.  Inbred people are so comical in their attempt to strike fear into people who can read.|10159554581738904|Edmond Dantès|2022-02-09 19:19:31|1|0|10159553477153904|facebook
True.|10159553850193904|John Godfreyson|2022-02-09 19:19:31|1|0|10159553477153904|facebook
It has shown the failure of our education system and objective critical thinking. Although the deep divide is actually the Conservative government itself divided, with a smidge of the far left. The far left and the far right tend to have more in common then they like to admit from a psychological perspective. The far right don't like authority telling them what to do(its why they don't like government up in their private business and the far left don't like government at all. Anarchists. So really we are dealing with dueling egos. This is why the anti vaxx cults tend to use emotional arguments based upon insecurities and misinformation rather then facts and figures. Its really about ones ego. I noticed not only is the antivaxxers have been repeatably shown to be wrong they debate about the right to be wrong under the guise of civil liberties even though its been demonstrated scientifically that by giving in to the anti vaxxers we may worsen the spread with even more mutant strains. Cutting of the nose to spite the face. Do we really want to go there? Pride before the fall? When will the government get back to science(evidenc e) based policies instead of all these silly egocentric arguments that have little to do with health measures for the safety of the general public. People before ideologies please. https:// www.skepticalrap tor.com/ skepticalraptorb log.php/ vaccine-science- why-i-do-resear ch-better-than- anti-vaxxers/ ?fbclid=IwAR1W6G PbJK7SdRbHTPfgb QBZcBWQ1qSMW2vr XXLrEy1UfjKoWnJ JYvAnaQA|10159553570918904|Andrew Merritt|2022-02-09 19:19:23|0|0|10159553477153904|facebook
