﻿comment|comment_ids|username|datetime|isreply|num_replies|post_id|label
The consequences you can't work, or travel in your own Country for shots that are unsafe and ineffective. Do you think this is fair. Many are taking the shots under duress. Do you think that is right? If you do be careful this doesn't happen to you. Open the door to tyrants....|10159541559843904|Darlene Dove|2022-02-02 22:25:05|1|7|10159541207923904|facebook
I prefer my government not negotiate with crackpots holding a city hostage.|10159541394898904|Jim Rutter|2022-02-02 22:24:56|0|7|10159541207923904|facebook
That one guy is the organizer of this nonsense. The Ontario organizer is the former leader of the Sons of Oden another racist group. It the shoe fits.|10159541560353904|Mike Brown|2022-02-02 22:25:11|1|4|10159541207923904|facebook
You guesses like typical liberal wrong!!!! I’m escape from USSR so I’m pretty sure what I’m talking about communism!!! But you have no clues or Knowledge about communism!!!! So just get boosters and make Trudeau proud!!!|10159541494223904|Ruslan Yakoviychuk|2022-02-02 22:24:58|1|4|10159541207923904|facebook
Why are they there? They don't want to be vaccinated in spite of all the science and statistical data that says they should be, They don't want to follow rules that protect themselves and others from the virus. They have no thought for the difficulties they impose on others, many of whom are as frustrated as they are. Everytime they try to explain why they are there, the expose the depth of their ignorance of what they are protesting. Let me be generous: they are, at best, naive, self-obsessed, and oblivious to personal responsibilitie s to their community.|10159541753848904|Bob Vincent|2022-02-02 22:24:56|0|4|10159541207923904|facebook
Michael Richards IK,R? https:// www.usnews.com/ info/blogs/ press-room/ articles/ 2021-04-13/ canada-is-the-no -1-country-in-t he-world-accord ing-to-2021-bes t-countries?fbc lid=IwAR1TV1bs8 NbUxVK2fne_gtsv kneYUSPbhI4mgvh F-QtUjYy1WWRaCT _vZ-U|10159541284593904|Joanne Ryan|2022-02-02 22:24:59|1|3|10159541207923904|facebook
He cares about the majority the way governments should. A handful of looney tunes should never get acknowledged.|10159541502288904|Mike Brown|2022-02-02 22:25:11|1|3|10159541207923904|facebook
"What's the argument with racists and neo nazis? What's the ""both sides "" of yelling at store clerks to remove masks. 2 years these protesters have ignored scientists and medical experts. They're angry because they know they're wrong but too invested to back down."|10159541501428904|Melvin Argue|2022-02-02 22:24:56|0|3|10159541207923904|facebook
just like a nutter I am not as you say a CON ...not even from your dung pile. God Queen and country|10159541394893904|Russell Terry Ryder|2022-02-02 22:25:13|1|2|10159541207923904|facebook
Conservatives support Viktor Orban of Hungary. Do you support Viktor Orban of Hungary.|10159541506618904|Don McLeod|2022-02-02 22:24:58|1|2|10159541207923904|facebook
that is a lie. These business are closed because they fear the bad behaviour of these truckers. Didn't you see on TV how they forced Rideau Centre to close, how the harassed a homeless shelter, how the desecrated the cenotaph and war memorial?|10159541538188904|Jorge José Neves|2022-02-02 22:25:06|1|2|10159541207923904|facebook
that's one guy. The majority of protestors are nprmal people who want an end to the mandates. Cherrypicking whackjobs out of a crowd of thousands of people doesn't change the validity of what the protest is about. You could do the same thing with any protest.|10159541532053904|Graham Carter|2022-02-02 22:25:11|1|2|10159541207923904|facebook
Top Totalitarian Country you mean?|10159541366683904|Richard Prychitko|2022-02-02 22:24:59|1|2|10159541207923904|facebook
you must mean our country, and trudeau is not my government nor 70% of Canadians. Freedom Convoy for canadians freedoms 👍and the majority of canadians agree with the truckers|10159541527463904|John Norbert|2022-02-02 22:25:12|1|2|10159541207923904|facebook
No actually they don't.|10159541528578904|Kristen Dawn|2022-02-02 22:25:12|1|2|10159541207923904|facebook
you I bet were born in Canada, judging by your last name spelling. But your ancestors are by the looks of it Ukrainean or Polish. Communism was the end goal, but socialism is already here, and the only way socialism progresses to communism(not to say that that will necessarily happen) is by forcefully (obviously) replacing freedoms with authoritarian rule. People that lived in former USSR or eastern bloc see many parallels with what is happening today|10159542368573904|Alexander R|2022-02-02 22:24:58|1|2|10159541207923904|facebook
the people on board aren’t interested in sharing ideas or debate. They came to abuse and insult.|10159541396013904|Patti Mypes|2022-02-02 22:24:56|0|2|10159541207923904|facebook
first off its 54% second of all that percentage isn't further broken down to say what part of that percentage is following the protocols put in place to end these mandates. Public health officials gave us the tools and information so we could do our part to get through this as quickly as possible. What happened? People who thought that they somehow were above these measures, decided they didn't have to follow them. Ironic now how these very same people are crying the mandates are still going on. There is a reason why a lawyer represents you in a court of law and not someone who has never cracked a law book. Please tell me I don't have to further explain why.|10159541736638904|Kristen Dawn|2022-02-02 22:25:12|1|2|10159541207923904|facebook
It’s hard for leftists liberals to see how communism taking over because they are brainwashed by Trudeau and media like cbc I call Pravda propaganda news! And I live under communism in Soviet Union!!! So get your booster shot and make Trudeau proud of you!!!|10159542172143904|Ruslan Yakoviychuk|2022-02-02 22:24:58|1|2|10159541207923904|facebook
The people of Canada are being blackmailed that they can't work or participate in society without the mRNA shots. Unfortunately this is the time to stand for Freedom or live in tyranny.|10159541544893904|Darlene Dove|2022-02-02 22:25:05|1|2|10159541207923904|facebook
The best idea to stop communism and tyranny in Canada 🇨🇦|10159541484473904|Ruslan Yakoviychuk|2022-02-02 22:24:56|0|2|10159541207923904|facebook
No posts available. At least say this as you out of the Shadows!|10159541511673904|Darlene Dove|2022-02-02 22:25:06|1|1|10159541207923904|facebook
development times get shorter and shorter. From stone wheel to wooden wheel - centuries. From solid wooden wheel to spokes - centuries again. From that to rubber? Much shorter. From solid rubber to pneumatic? A few years. And so on. During my time development of silicone semiconductors went from single transistor in 1948 (if I remember correctly) to very large scale of integration in the early eighties with lighting speed. Do you remember first cell phones? Police used them as batons in emergency. Why do you think similar development is not taking in medical field? It may not be visible to you but it is happening. Tests take time, for sure. But nobody approved untested vaccine blindly. And the proof is in the puddling- side effects of Covid vaccine are minuscule. Especially if you consider how many lives got saved.|10159542117453904|Andrzej Nowacki|2022-02-02 22:25:05|1|1|10159541207923904|facebook
maybe prior research I’ll agree to that but if the vaccines were 100% safe and effective during the emergency order don’t you think the FDA would have jumped on it sooner and accepted it as a proper vaccine??? It took them 7 months to agree. Also in the past most vaccines are licensed and ready to go but still governments took years before administering or pushing it on public. Your original comment mentioned Rubella. Licensed in 69 but not really pushed or given to public till 72. Polio vaccine 5 years to develop and before administered to the public. Point being all vaccines need time to look for side effects. All the past ones you mentioned had the time. These new ones didn’t|10159542010953904|Jansen Jhedward|2022-02-02 22:25:05|1|1|10159541207923904|facebook
i found that it was the police doing the abuse and insult by forcing businesses to close for the past two years and it's still ongoing|10159541516873904|Rami Diab Marzouk|2022-02-02 22:25:06|1|1|10159541207923904|facebook
"~*LOL*~ Well there Darlene, we know literally everything about these vaccine products; if you can't make an ""informed choice"" that just means you're too lazy or unskilled to look."|10159541618953904|Bill Ferguson|2022-02-02 22:25:05|1|1|10159541207923904|facebook
thank you, that’s very thoughtful. Now, do you really think the new vaccines have been developed from scratch a few months after pandemic began? Or perhaps used prior research to capitalize quickly on what’s known and available?|10159541993643904|Andrzej Nowacki|2022-02-02 22:25:05|1|1|10159541207923904|facebook
Capitalism, for shareholders, has employers firing unvaccinated employees because the unvaccinated are vectors of death.|10159541487973904|Don McLeod|2022-02-02 22:24:58|1|1|10159541207923904|facebook
But the Conservatives had about the same percentage of the vote and the majority voted left of center and would do the same thing the Liberals are doing. On top of this, the majority of the mandates are provincial, not federal. Anyway, the government is not going to be dissolved and then some members of this group put in to rule the country, along with whoever else they mentioned. Ridiculous.|10159541827353904|Alex Buchanan|2022-02-02 22:25:05|1|1|10159541207923904|facebook
this is NOT the people's choice - 21% of the vote.........so now people have learned a valuable lesson - go vote! Further - corrupt governments are often taken down all over the world - Canada has been far too polite - until now!! And I would suggest it is not being done by force, but is being done through hope, peace, unity and humour - I love Canadians 🇨🇦❤🥰|10159541644903904|Sue Childerley|2022-02-02 22:25:05|1|1|10159541207923904|facebook
Idiot headline. Most Canadians are behind it and feel they are great ideas. Why would other countries be so excited to do their own ?|10159541431173904|Mark Rosner|2022-02-02 22:24:56|0|1|10159541207923904|facebook
if you grew up in Alberta by grade 9 you’d be vaccinated 21 times according to AHS schedule of immunizations. Did you protest your tetanus vaccination? Rubella? Polio perhaps? Others put into your body lot of stuff. And it was perhaps more risky than Covid vaccination.|10159541602803904|Andrzej Nowacki|2022-02-02 22:25:05|1|1|10159541207923904|facebook
You have a choice. The vaccines are not mandatory. No one is holding you down and forcing a needle into your arm. You simply have to realize that choices have consequences. You can choose to rob a bank if you want, run red lights, jump out of a plane without a parachute, or whatever, but you also must face the consequences of those choices.|10159541555053904|Alex Buchanan|2022-02-02 22:25:05|1|1|10159541207923904|facebook
no. The 80-90% who have done the right thing are being blackmailed by the tiny minority that puts themselves before their fellow Canadians 9,300,000,000 doses have been given and we are not dropping like flies. No sympathy at all. Live with your choice that was freely made.  https:// www.statista.com /statistics/ 1257040/ number-covid-dea ths-canada-by-v accination-stat us/|10159541551138904|Christine Hamilton|2022-02-02 22:25:05|1|1|10159541207923904|facebook
no government will every give in to blackmail!! Holding a city hostage is the same as holding a person, plane etc hostage. Not once has a government paid the “random”|10159541539488904|Christine Hamilton|2022-02-02 22:25:05|1|1|10159541207923904|facebook
If you don't consider it a right to agree to what others put into your body especially if it is risky and ineffective, be careful what you wish for. Informed Choice and Consent, Personal Autonomy are Sacred Rights.|10159541507548904|Darlene Dove|2022-02-02 22:25:05|1|1|10159541207923904|facebook
The mandates are provincial and none of our rights have been violated.|10159541505478904|Mike Brown|2022-02-02 22:25:05|1|1|10159541207923904|facebook
For this to end Trudeau needs to speak to the Canadian people, stop the mandates and return Informed Choice and Consent which are ideals that Canada was built on. Let All of Canada and the work unite under Freedom of Choice, Care and Personal Sovereignty standing accounting for your own actions and responsible to Planet Earth. We have fallen far, but if we embrace human ideals and stand in Truth we can do this!|10159541478608904|Darlene Dove|2022-02-02 22:24:56|0|1|10159541207923904|facebook
Whoa!! Do I sense a hint of support for the Canadians that are there in solidarity over freedom of choice and the upholding of our rights?? The pressure being applied is working|10159541474213904|Geoff Joseph|2022-02-02 22:24:56|0|1|10159541207923904|facebook
just to help you out with your ignorant beliefs: https:// toronto.citynews .ca/2022/01/31/ majority-of-cana dians-want-covi d19-restriction s-to-end/|10159541519048904|Graham Carter|2022-02-02 22:25:11|1|1|10159541207923904|facebook
"No mention of ""ending vaccines"" from designated spokespeople of the convoy. But then latching on to an outlying idea and promoting it as if it was the main idea to denigrate others is a tried and true strategy being used."|10159541348628904|Tina Knott|2022-02-02 22:24:56|0|1|10159541207923904|facebook
I don’t think they’re denying one’s right to have the vaccine. They are in denial of being told they have to have one.|10159541367163904|Rock|2022-02-02 22:25:08|1|1|10159541207923904|facebook
What behavior? One person out of how many. If you recall your environmental minister is a convicted terrorist. But that's fine he's libral right? WTF|10159541567488904|Cary Mackenzie|2022-02-02 22:25:15|1|1|10159541207923904|facebook
The G & M comes up with another stupifying headline! The credibility of this birdcage liner has taken a serious nosedive in the last few years! The people in the protest were not 'declared' deplorable until their behaviour proved they were deplorable!|10159541482938904|Paul Phillips|2022-02-02 22:24:56|0|1|10159541207923904|facebook
"So the Globe advocates that our politicians should waste valuable time arguing with idiots who don't get it and who view the ""laughing"" emoji as an argument? What do they think we have the internet for?"|10159541549193904|Michael Morris|2022-02-02 22:24:56|0|1|10159541207923904|facebook
the 3/4 of a billion dollars Justin gave you propagandist does not make us believe what he is selling/or buying|10159541277968904|Russell Terry Ryder|2022-02-02 22:24:56|0|1|10159541207923904|facebook
The irony is 80% or more are vaccinated. The irony is they never objected to any of the Covid measures in the last 2 years. How’d they get a bee in their bonnet now? Fighting communism now are they?|10159542131238904|Chuck Cooper|2022-02-02 22:24:56|0|1|10159541207923904|facebook
yea they do. 53%.|10159541707208904|Graham Carter|2022-02-02 22:25:12|1|1|10159541207923904|facebook
that's barely over half.|10159541665213904|Kristen Dawn|2022-02-02 22:25:12|1|1|10159541207923904|facebook
yes they do 54% support the truckers|10159541663628904|John Norbert|2022-02-02 22:25:12|1|1|10159541207923904|facebook
Yes I do, it's basically the same group of Meth'd out racists that used to go to Bellamy Hill in the 70's and 80's looking for gay people to beat up with a bunch of low IQ narcissistic hangers on and people that don't have a problem looking the other way about it.|10159541519498904|Brian Ronnenberg|2022-02-02 22:25:12|1|1|10159541207923904|facebook
that isn't the vast majority of protestors. There are people of all races protesting. Do you really believe Trudeau that it's all a bunch of white nationalists? Confirmation bias is high on this one 🤣|10159541511303904|Graham Carter|2022-02-02 22:25:12|1|1|10159541207923904|facebook
https:// twitter.com/ VestsCanada/ status/ 1159997274900041 729?fbclid=IwAR 2ucFBuZ5ntWUT7o Ut_BRXyq3DKw0_l -TVFe6nAqIwHzg2 qs1phIqknt0Q|10159541508153904|Brian Ronnenberg|2022-02-02 22:25:12|1|1|10159541207923904|facebook
why do you think they're crackpots?|10159541432998904|Graham Carter|2022-02-02 22:25:12|1|1|10159541207923904|facebook
You sock puppets are geniuses. History says lunatics can get elected. Some of them even manage to do so by a majority. Something this 💩 will never achieve post legal weed.|10159541532963904|John Hughes|2022-02-02 22:25:11|1|1|10159541207923904|facebook
Right a just elected PM doesn't need to be replaced. Why because he was just elected.|10159541500633904|Mike Brown|2022-02-02 22:25:11|1|1|10159541207923904|facebook
Canada needs a new PM. Has for years but at this point , it’s pretty much an emergency. This lunatic has to stop.|10159541457063904|John Hughes|2022-02-02 22:24:56|0|1|10159541207923904|facebook
Only a Liberal can think 30% voting support is a majority and 54% (Angie Reid ) is a fringe minority. Liberal math huh? 🤪|10159541531958904|Bruce R Collens|2022-02-02 22:25:11|1|1|10159541207923904|facebook
here is pat king one of the protest organizers a real wack job. here is a link to his twitterpage and his crazy out look for canada. - https:// external-lga3-2. xx.fbcdn.net/ safe_image.php?d =AQGWM0CAIRiXRm dL&w=500&h=261& url=https%3A%2F %2Fpbs.twimg.co m%2Fext_tw_vide o_thumb%2F11599 97144532750336% 2Fpu%2Fimg%2FGQ JnDLZYzqJWgTkU. jpg&cfs=1&sx=0& sy=9&sw=640&sh= 334&ext=jpg&_nc _oe=6f812&_nc_s id=632586&ccb=3 -5&gt=1&_nc_has h=AQFsx3f4wGiQ3 Uz1|10159541529448904|Merle B Peter-paul|2022-02-02 22:25:11|1|1|10159541207923904|facebook
Oh globe and mail.....you didn't stay relevant - bye bye - we can't give your newspaper away in our store but it makes great fire starter!|10159541651993904|Sue Childerley|2022-02-02 22:25:03|1|1|10159541207923904|facebook
Trudeau doesn't care about people and their concerns, all he cares about is his legacy. It's going to ruin him in the end. Should have already franakly.|10159541432098904|Graham Carter|2022-02-02 22:24:56|0|1|10159541207923904|facebook
Where and when did the PM describe this so-called “ Freedom Convoy” a band of deplorables ?.|10159541589523904|Denis Casey|2022-02-02 22:24:56|0|1|10159541207923904|facebook
I didn't realize freedom of expression freedom to do what you want with your body and just freedom to exist and have a life was a bad idea globe and mail!!|10159545741928904|Spencer Ursini|2022-02-02 22:24:56|0|1|10159541207923904|facebook
Ohhhh - I think they provided an awakening on so many different levels!! Sock boy will go down in history as one of the biggest fools to grace this beautiful 🌎, being just one of them.......we as humans need to do better!|10159541691948904|Sue Childerley|2022-02-02 22:25:03|1|1|10159541207923904|facebook
all those vaccines you mentioned took years to develop and years more before they were given to the public. Even they were developed and licensed governments took years of research to make sure little or no side effects would occur. These Vaccines were developed and considered Emergecy use and the FDA didn’t want to accept it at first. Took another 7 months (after the emergency use) before the FDA accepted it. Nobody took years to consider the side effects of these vaccines. Doesn’t matter how good our technology is we still should be testing these vaccines for years before they’re mandated. All the vaccines you mentioned went through that process.|10159541973723904|Jansen Jhedward|2022-02-02 22:25:05|1|1|10159541207923904|facebook
The unvaccinated are vectors of death. I don’t want vectors of death canceled or punished. I want them barred from voting. Capitalism has barred them from being on the supply side of the economy. I want the vectors of death to get a guaranteed income to be useful by staying on the demand side of the economy.|10159545805833904|Don McLeod|2022-02-02 22:25:01|1|1|10159541207923904|facebook
"""vectors of death"" Good one ! I like that - I mean it's a good description of these misguided people."|10159541565703904|Steve Wilson|2022-02-02 22:24:58|1|1|10159541207923904|facebook
says the chick whose cause has been funded by both Russia and China. Lol.|10159544633608904|Colleen Lavallee|2022-02-02 22:24:58|1|1|10159541207923904|facebook
When the deplorable sins of the editorial board are revealed, are they absolved from democratic argument? Or has cancel culture become the new justice?|10159545784523904|Candace Hillier|2022-02-02 22:24:56|0|1|10159541207923904|facebook
I'm fully vaccinated and have covid now. I caught it from a vaccinated person. Technically I'm a vector of death as well. Even though I have complied with all the rules, should my rights be taken because I caught a virus?|10159545844818904|Candace Hillier|2022-02-02 22:25:01|1|1|10159541207923904|facebook
Why get a vax that's proven to NOT WORK. You still get sick, facts. You still can die. It's about controll. That's what your scientists and doctors say.|10159542049208904|Robbie Vaughnn|2022-02-02 22:25:02|1|1|10159541207923904|facebook
You can not win an argument with someone stupefied by our amygdala.  https:// www.rawstory.com / trump-supporters -2654459460/|10159541871003904|Don McLeod|2022-02-02 22:25:00|1|1|10159541207923904|facebook
yup thank you for further proving my point|10159542173123904|Andrew Danylewich|2022-02-02 22:24:58|1|1|10159541207923904|facebook
. move them out and move them on . enough is enough . ps: they are not worth arguing with .|10159541842693904|Rob Taylor|2022-02-02 22:24:56|0|1|10159541207923904|facebook
Wow look here. A different point of view from the GM and the protesters still disagree with it hahahahahaj|10159541545803904|Stephen Duke|2022-02-02 22:24:56|0|1|10159541207923904|facebook
you know when you start talking about communism in Canada and equating it to any political party that isn’t the communist party of Canada you sound like you don’t know what you are talking about and can be easily dismissed as hyperbolic|10159542146633904|Andrew Danylewich|2022-02-02 22:24:58|1|1|10159541207923904|facebook
Michael Richards Why is it CONs are greatly amused by childish things??|10159541338438904|Luke Locke|2022-02-02 22:24:59|1|1|10159541207923904|facebook
Glenn Taylor But the numbers are based on new hospitalization s, in a community where around 90% of the population are vaccinated! So obviously when the vast majority are vaccinated, they are going to outnumber the unvaccinated hospitalization s. Now imagine if nobody was vaccinated, and what the numbers would look like. As this article says “ Despite what some people may say to you, the recent hospitalization numbers do not prove that the vaccines are not useful. In fact, they confirm their benefit. Were no vaccines available, we would not be talking about thousands of people in hospital, but potentially tens of thousands needing hospitalization and an overwhelmed health-care system where people would not be able to get the care they needed. The situation would undeniably be worse.”  https:// www.mcgill.ca/ oss/article/ covid-19/ hospitalization- rates-confirm-c ovid-vaccines-b enefits|10159542259048904|Angela Mitchell|2022-02-16 22:25:02|1|1|10159541207923904|facebook
Time to return the city to the people of Ottawa. This has run its course and become objectionable|10159541639183904|Peter Spearman|2022-02-02 22:24:56|0|1|10159541207923904|facebook
I will say it over and over every chance I get. You are deplorable ones with your lies and half truths. You should be ashamed of yourself. Is it worth the money to soil your soul like this?|10159541473103904|Jana Roudny|2022-02-02 22:24:56|0|1|10159541207923904|facebook
Ok Tucker Carlson.|10159541540733904|Jason Godin|2022-02-02 22:25:03|1|1|10159541207923904|facebook
The ‘Karen Konvoy’!|10159541470793904|Eva McLaughlin|2022-02-02 22:24:59|1|1|10159541207923904|facebook
let me guess?? You have no idea what Communism is lol??|10159541489658904|James G Scott|2022-02-02 22:24:58|1|1|10159541207923904|facebook
the organizers are a Jewish guy and a Metis woman.|10159541567668904|Graham Carter|2022-02-02 22:25:11|1|0|10159541207923904|facebook
I'm not sure what you're saying here. My point is that there are a lot of protesters who believe the G&M is fake news controlled by the Government. The protesters believe they are being ignored. However, this article acknowledges some of their views. And yet, it seems lost on a lot of folks here, which I find sort of funny.|10159541714823904|Stephen Duke|2022-02-02 22:24:58|1|0|10159541207923904|facebook
Why is someone a crackpot standing up for Freedom of Choice and Consent and Personal Autonomy?|10159541509218904|Darlene Dove|2022-02-02 22:25:12|1|0|10159541207923904|facebook
Michael Richards you are kidding right? Trudeau couldnt get a job painting for a fly by night painting company if he didnt have that last name.Legends dont come with Fake Eyebrows and Teleprompters.|10159541363023904|Richard Prychitko|2022-02-02 22:24:59|1|0|10159541207923904|facebook
Where did these bad ideas come from. One bad idea is that Justin Trudeau must be slaughtered, like a heathen, so unprotected by God’s laws. Is that Post Media’s doing or is it the Globe and Mail’s doing.|10159541704618904|Don McLeod|2022-02-02 22:24:58|1|0|10159541207923904|facebook
Jim thinks he's on tv. His life is so dramatic right now. Luckily he happens to be one of the good guys.|10159541482248904|Dan Carroll|2022-02-02 22:25:12|1|0|10159541207923904|facebook
but follow crackpots holding a country hostage|10159541480728904|Peter Soltesz|2022-02-02 22:25:12|1|0|10159541207923904|facebook
there are more normal people to defend. - https:// www.google.com/ url?sa=t&rct=j&q &esrc=s&source= web&cd&cad=rja& uact=8&ved=2ahU KEwjftb6vqOH1Ah Xidd8KHeIvB_8QF noECAMQAQ&url=h ttps%3A%2F%2Fww w.readthemaple. com%2Fheres-wha t-you-need-to-k now-about-the-f ar-right-freedo m-convoy%2F&usg =AOvVaw0wLbZ8ed 4nuwLHQVRZl_Mn|10159541547658904|Merle B Peter-paul|2022-02-02 22:25:11|1|0|10159541207923904|facebook
you are a lost soul!!|10159541475533904|Roger Wieser|2022-02-02 22:25:12|1|0|10159541207923904|facebook
Legends in their own minds.|10159541278708904|Joanne Ryan|2022-02-02 22:24:56|0|0|10159541207923904|facebook
"think about it, why would white supremacists let FN people speak on stage at their event? Why wouldn't they be promoting white supremacy instead? Why would all these people from other races be there if they were surrounded by a bunch of people who hate them? Maybe none of this will get through to you because of your own personal biases, but this whole ""everything is white supremacy"" crap is just a way to delegitimize any sort of push back against left wing policies, but if you take 2 seconds to think for yourself and actually find things out for yourself, it's obvious that's not the case."|10159541651838904|Graham Carter|2022-02-02 22:25:11|1|0|10159541207923904|facebook
you'll get the chance to vote O'Toole or whomever in the next election. Just don't snivel about the outcomes if you don't.|10159541719493904|Stephen Duke|2022-02-02 22:25:11|1|0|10159541207923904|facebook
https:// nationalpost.com /news/politics/ canada-continues -disappointing- drop-in-watchdo gs-global-corru ption-index-rep ort|10159541305843904|Priyanka Canada|2022-02-02 22:24:59|1|0|10159541207923904|facebook
try using the UN instead of a newspaper|10159541314478904|Randy Gaunt|2022-02-02 22:24:59|1|0|10159541207923904|facebook
I am not a Liberal, never have been. It's about whats right not your feeling. These people are Nazi's and white supremacists' there are truly deplorable. The lowest form of life in this country.|10159541558443904|Mike Brown|2022-02-02 22:25:11|1|0|10159541207923904|facebook
"Why is it the Liberals who have implemented unprecedented anti democratic mass Censorship in Canada? Maybe too much worshiping at Klaus Schwab's feet? Since when is it ""liberal"" to have mass censorship of even contrary scientists in a democracy?"|10159541359043904|Richard Prychitko|2022-02-02 22:24:59|1|0|10159541207923904|facebook
the vast majority are not. There were FN drum circles and speakers over the weekend, a lot of Sikhs as well. You're getting fed a distorted view of the protest to try and delegitimize it. You may not be a liberal, but you're falling for Trudeau's propaganda.|10159541564028904|Graham Carter|2022-02-02 22:25:11|1|0|10159541207923904|facebook
Are you sure you’re not a Liberal because you sure think like one!!! 😂🤡|10159541565563904|Bruce R Collens|2022-02-02 22:25:11|1|0|10159541207923904|facebook
your government is made up of crackpots|10159541510738904|Manny Ribeiro|2022-02-02 22:25:12|1|0|10159541207923904|facebook
There will be no positive outcome from this. Just a waste of energy (human and fossil fuel)|10159541685123904|Peter Spearman|2022-02-02 22:25:03|1|0|10159541207923904|facebook
hows the cnn/cbc coolaid tasting ?|10159548471648904|Moigradeanu Alexandru|2022-02-02 22:24:58|1|0|10159541207923904|facebook
yea so you're just an ifnorant buffoon.|10159541520668904|Graham Carter|2022-02-02 22:25:12|1|0|10159541207923904|facebook
Meaning they were duped?|10159541230338904|John Currie|2022-02-02 22:24:56|0|0|10159541207923904|facebook
The environment minister has more integrity in his little finger than you have in your whole body, FFS!|10159541704548904|Paul Phillips|2022-02-02 22:25:15|1|0|10159541207923904|facebook
Than leave!!! Go to North Korea or Venezuela or even Russia! I left communist because I had No freedom nothing to Canada 🇨🇦! You be ashamed of yourself for openly support communism regime!!! You must be Liberal or NDP!|10159541491083904|Ruslan Yakoviychuk|2022-02-02 22:24:58|1|0|10159541207923904|facebook
all he has to do is listen. He doesn’t have to argue. Hiding is not the answer and just makes him look like an ineffective idiot.|10159541661123904|Jackie Weisgerber|2022-02-02 22:25:14|1|0|10159541207923904|facebook
I'm sorry, but when did the Libs try and ban private property.. when did Trudeau force farms into collectivism? And when have they even tried to nationalize all resources, and industries under government ownership??|10159541496473904|James G Scott|2022-02-02 22:24:58|1|0|10159541207923904|facebook
…or understand what you’re trying to say here.|10159541547948904|Stephen Duke|2022-02-02 22:25:14|1|0|10159541207923904|facebook
If you have to argue that you are not a nutter, then you may be a nutter.|10159541499318904|Mike Brown|2022-02-02 22:25:14|1|0|10159541207923904|facebook
…..is?|10159541545993904|Stephen Duke|2022-02-02 22:24:58|1|0|10159541207923904|facebook
Goodness, but CONs will believe anything, then keep regurgitating it. No wonder many of us consider you all know-nothings!|10159541340198904|Luke Locke|2022-02-02 22:25:13|1|0|10159541207923904|facebook
The virus changed.|10159542337083904|Don McLeod|2022-02-02 22:25:13|1|0|10159541207923904|facebook
"Trudeau more than willing to talk to terrorists - ""A Canadian is a Canadian is a Canadian."" Truck drivers with 'unacceptable views"" - not so much."|10159543544413904|Leslie Robertson|2022-02-02 22:25:12|1|0|10159541207923904|facebook
No actually they DO|10159542878793904|Richard Husar|2022-02-02 22:25:12|1|0|10159541207923904|facebook
you haven't explained anything. You just said a bunch of crap that has no bearing on reality whatsoever. The mandates are useless now, it's too infectious. That's why countries are lifting restrictions. Vaccines aren't stopping the spread because the new variant is just too contageous, it works for other less contageous viruses, but it's not working in this case. I want science based policy, not policy based on fear.|10159541746723904|Graham Carter|2022-02-02 22:25:12|1|0|10159541207923904|facebook
not sure if you are serious or sarcastic, but vectors of death 🤣. How did you make it to this age being that scared? Must have been like dodging bullets: those seasonal flues, driving a car, crossing a street… the horrors of life|10159542354373904|Alexander R|2022-02-02 22:24:58|1|0|10159541207923904|facebook
you mean to say rational, critical thinking majority. If you need to be guided constantly as an adult, thats more like a farm animal…|10159542357293904|Alexander R|2022-02-02 22:24:58|1|0|10159541207923904|facebook
The virus is deadly. The unvaccinated are more likely to spread the deadly virus compared to the vaccinated. So vector of death is not pejorative.|10159542370458904|Don McLeod|2022-02-02 22:24:58|1|0|10159541207923904|facebook
when people sit in an echo chamber they reinforce beliefs with affirmations. When people listen to each other’s concerns without judgement everyone expands knowledge. That’s when we all move forward. Canceling, name calling etc., agitates and divides.|10159541604433904|Evie Stevenson|2022-02-02 22:25:12|1|0|10159541207923904|facebook
So we forget Railblockade oh so quickly|10159541563128904|Cary Mackenzie|2022-02-02 22:25:12|1|0|10159541207923904|facebook
that is if 70% of canadians are following your wackadoodle idealism how did trudeau get elected|10159541532643904|Merle B Peter-paul|2022-02-02 22:25:12|1|0|10159541207923904|facebook
Here’s something a little more current and a consensus by the World Community. Let me know if Canada is in the top 20?  https:// www.numbeo.com/ quality-of-life/ rankings_by_coun try.jsp|10159541376628904|Rock|2022-02-02 22:24:59|1|0|10159541207923904|facebook
oh socialism is here? Really? The State has seized the means of production? That’s news to me. Enough with the hyperbole and silly rhetoric|10159542421603904|Andrew Danylewich|2022-02-02 22:24:58|1|0|10159541207923904|facebook
why is it the conservatives play perpetual victims?|10159541375848904|Darren Öhrn|2022-02-02 22:24:59|1|0|10159541207923904|facebook
"“They were directly in harm's way,"" said Rich Becker, general manager of the Steamship Grill and a Starbucks in the area, referring to his employees.  Becker says throughout the day his staff were subject to countless protesters refusing to wear masks inside.  On his day off, he drove downtown to help his management team, who he said were scared and intimidated cby anti-maskers storming the small shop and refusing to leave.  ""[A protester] said, 'I'm not leaving and I can get 100 other guys in here,'” Becker told CTV News.  Separating his staff from the aggressive protesters, Becker was able to get the men to leave.  He then locked the Starbucks location's doors and shut down early as he feared reprisal from the group.  The Starbucks situation was not a one-off.  Management at the Hotel Grand Pacific said their workers faced a challenging day as unmasked protesters demanded to use their washrooms.  ""It was definitely a fear knowing they were here without backup,” said Discovery Coffee assistant manager Esther Kennedy.  Discovery staff too faced intimidation and threats when asking some protesters to don masks, which is a B.C. COVID-19 regulation.  ""I don't think it's fair, especially when you have younger staff and older people coming in that should know better,"" said Kennedy. ""We're all in this together.""  Business owners also told CTV News they were concerned as they witnessed heavy public drinking and drug use within the crowd.  https:// vancouverisland. ctvnews.ca/ they-were-direct ly-in-harm-s-wa y-victoria-busi nesses-report-t hreats-amid-cov id-19-protest-1 .5762055"|10159541687318904|Linda Jeaurond|2022-02-02 22:25:10|1|0|10159541207923904|facebook
at every corner you play victim 😂  And what do we call someone who plays victims all of the time?|10159541380328904|Darren Öhrn|2022-02-02 22:24:59|1|0|10159541207923904|facebook
"Despite of all the ""science and statistical data"" 😂😂😂😂😂😂 Clearly you overwatched on CBC. Get a grip"|10159542865653904|Richard Husar|2022-02-02 22:25:02|1|0|10159541207923904|facebook
wow ok you seam to be intelligent. Thanks for replying. Can you explain the physical side effects we got when we invented the wheel (your example)???? Or the physical side effects from cell phone??? Or the side effects from your silicone semiconductor?? ?? I’d really appreciate knowing what side effects humans got from developing the wheel.  Now when you admit the side effects are minuscule. Can you pls enlighten me as to how minuscule or which percentages of people are willing to accept those side effects???  Being hit by lightning during a thunderstorm is also minuscule but in grade school I remember teachers warning us about not standing under a tree in case lightning strikes it.  Bottom line is not everyone is comfortable with minuscule side effects and we should be able to make that decision ourselves not be coerced into it by governments.|10159542159598904|Jansen Jhedward|2022-02-02 22:25:05|1|0|10159541207923904|facebook
Unless you are unique your symptoms should be mild.  You probably won’t end up in the hospital or the morgue.|10159545926023904|Don McLeod|2022-02-02 22:25:01|1|0|10159541207923904|facebook
your the Dumb one 3 shot n most of the World country say it doesn’t work.Go see Trudeau in is Fox Hole he probably has room for you.|10159542118998904|Rino Michaud|2022-02-02 22:25:02|1|0|10159541207923904|facebook
Glenn Taylor Show me the data that most people getting hospitalized with Covid are fully vaxxed.|10159542210573904|Angela Mitchell|2022-02-16 22:25:02|1|0|10159541207923904|facebook
Aziza Mamedova Unfortunately, mandates are usually for something that is taking advantage of people not doing the leg work.|10159541921478904|Darlene Dove|2022-02-02 22:25:05|1|0|10159541207923904|facebook
People have been told to trust the science and unfortunately too many do not know about the real risks and the the booster is ineffective against Omicron and BA-2 and take it anyway. Considering Omicron is the dominant variant at the moment it is a waste of time to take the booster and the shots for Omicron are not ready.|10159541919118904|Darlene Dove|2022-02-02 22:25:05|1|0|10159541207923904|facebook
most of the vox populi are too stupid, lazy, and selfish for informed anything. That's why we need mandates.|10159541904138904|Aziza Mamoru|2022-02-02 22:25:05|1|0|10159541207923904|facebook
or..he will be the last leader on earth insisting on mandates and restrictions while everyone laughs at him|10159541868668904|Tina Knott|2022-02-02 22:25:05|1|0|10159541207923904|facebook
hahaha - your right and I am in agreement with much of what you say......so that means stand up, fight and be counted. The truckers have no desire to run the country - they represent hope for change !!! I STAND WITH THEM - or I cannot make Comments!|10159541848298904|Sue Childerley|2022-02-02 22:25:05|1|0|10159541207923904|facebook
😂😂😂😂😂. It’s not the “People of Canada” !!! It’s just you guys🙄🙄. You know, the 10-15% that don’t believe in science. I have my freedom, can fly, cruise dine in whatever. These things are not a right they are options. Options, choices consequences  Good thing most Canadians put their family first conspiracy theories and internet medical advice|10159541736673904|Christine Hamilton|2022-02-02 22:25:05|1|0|10159541207923904|facebook
look up base rate fallacy. 🙄|10159544880413904|Norma Elgersma Caira|2022-02-02 22:25:02|1|0|10159541207923904|facebook
so you just have no idea what you're talking about 🤣 I guess Trudeau called it a fringe minority and that's good enough for you eh? No further research required? 🤣|10159541506543904|Graham Carter|2022-02-02 22:25:11|1|0|10159541207923904|facebook
Glenn Taylor Bob gets his “facts” from CBC and CTV|10159549126098904|Brian J Anderson|2022-02-16 22:25:02|1|0|10159541207923904|facebook
The shots are not unsafe, nor are they ineffective - they keep most people out of the hospital and from dying. You are simply parroting the anti-vaxxer propaganda. What you don't seem to realize is that we are not dealing with the same situation we had 2 years ago. The virus has mutated to become more transmissible and has reduced sensitivity to antibody neutralization so there are breakthrough infections. But as has been proven time and again the shots do keep most from hospitalization . The vaccines were developed using the original virus, not the current variant. Modified vaccines will address this. And if you don't want to take the vaccine without a valid medical reason, then live with the consequences. Again, it is your choice. Too bad that inconveniences you. That's life. Get over it or get vaccinated. I have zero sympathy for the likes of people who refuse to believe facts about the science of the virus and the vaccines. It's ignorance. And if that is what people choose to believe then so be it. That's not my problem.|10159541586628904|Alex Buchanan|2022-02-02 22:25:05|1|0|10159541207923904|facebook
The people of Canada overwhelmingly support the government actions. It's only the uneducated morons who don't.|10159541572883904|Mike Brown|2022-02-02 22:25:05|1|0|10159541207923904|facebook
You have a choice, if you choose wrong there are consequences.|10159541564968904|Mike Brown|2022-02-02 22:25:05|1|0|10159541207923904|facebook
Here’s some science: cancer rates in the vaccinated are skyrocketing due to compromised immunity. Scroll down to the article in www.rairfoundat ion.com. Turn off the TV|10159549128533904|Brian J Anderson|2022-02-02 22:25:02|1|0|10159541207923904|facebook
Uh-huh, fact is, the vaxes are poison and cancer rates among the vaccinated are skyrocketing. Check out www.rairfoundat ion.com (scroll down a little) and upgrade your knowledge. Each injection increasingly compromises your immune system which is why Omicron patients populate the hospitals. These people can’t even fend off a cold!|10159549134908904|Brian J Anderson|2022-02-02 22:25:02|1|0|10159541207923904|facebook
who you talkin at Willis?|10159541546733904|Stephen Duke|2022-02-02 22:25:03|1|0|10159541207923904|facebook
thank you for the compliment|10159541583423904|Jana Roudny|2022-02-02 22:25:03|1|0|10159541207923904|facebook
I just don't know WTF that all means...|10159541716038904|Stephen Duke|2022-02-02 22:25:03|1|0|10159541207923904|facebook
Well said!!!|10159542866948904|Richard Husar|2022-02-02 22:25:03|1|0|10159541207923904|facebook
Right wingers in action #NEVERCON|10159541401213904|Bonnie Cull|2022-02-02 22:25:06|1|0|10159541207923904|facebook
"Aziza Mamedova  The unvaccinated, vectors of death, are stupefied by our amygdala so easily exploited by Post Media, for its American Hedge fund owner and for David Thomson’s goal to turn Canada into a Neoliberal economy.  “Neoliberalism or ""gangster capitalism."" Every part of society is to be financialized and subjected to the forces of the market. There is no innate value to human life and human dignity. ""Democracy"" is but a tool for the market and the moneyed classes to gain more control over society through a process that superficially legitimizes their authority and rule. In this sociopathic worldview, there are ""makers and takers,"" ""productive"" people as compared to those deemed to be ""parasites"" and ""surplus"" human beings. Social democracy is to be destroyed and ultimately replaced by ""market forces"" and some version of ""managed democracy"" or ""competitive authoritarianis m"".”  https:// www.salon.com/ 2021/02/24/ the-gops-ayn-ran d-death-cult-tr umps-party-is-l iterally-killin g-the-american- people/"|10159541959148904|Don McLeod|2022-02-02 22:25:01|1|0|10159541207923904|facebook
I am referring to the lockdowns in 2020 and 2021, past two years. Idiot.|10159541539858904|Rami Diab Marzouk|2022-02-02 22:25:06|1|0|10159541207923904|facebook
obviously you're a paid troll who is not interested in having an educated debate.|10159541558843904|Rami Diab Marzouk|2022-02-02 22:25:06|1|0|10159541207923904|facebook
Biggest snowflakes in town #NEVERCON|10159541398823904|Bonnie Cull|2022-02-02 22:24:59|1|0|10159541207923904|facebook
thank you- for my much needed daily chuckle. Your satire is as amusing as MAD magazine.|10159541721283904|Mark Vasko|2022-02-02 22:25:10|1|0|10159541207923904|facebook
hahaha - did you vote for the dictator? Do you live in Ottawa? You reap what you sow - glad your uncomfortable - welcome to the other 70% of Canadians who are uncomfortable!!|10159541649748904|Sue Childerley|2022-02-02 22:25:03|1|0|10159541207923904|facebook
Show me video or it didn't happen cause all iv seen were Canadians of all walks of life standing up for the rights. Go talk to a trucker there nice normal people.|10159541572638904|Cary Mackenzie|2022-02-02 22:25:10|1|0|10159541207923904|facebook
try more pixels in your point of view|10159541555278904|Sean Eyre|2022-02-02 22:25:10|1|0|10159541207923904|facebook
You sound like an expert in being a Karen.|10159541578983904|Matt Miller|2022-02-02 22:24:59|1|0|10159541207923904|facebook
"Trudeau the blackface who tested positive for Coward - 19 called the freedom convoy a "" fringe minority with unacceptable views"". He probably skipped his medication and is delusional as MAJORITY of Canadians want the end of all mandates"|10159542872158904|Richard Husar|2022-02-02 22:25:09|1|0|10159541207923904|facebook
Reported|10159541708323904|Bonnie Cull|2022-02-02 22:24:59|1|0|10159541207923904|facebook
The unvaccinated are vectors of death.|10159545747828904|Don McLeod|2022-02-02 22:25:08|1|0|10159541207923904|facebook
Gee aren't there a large group of deplorables that were annointed south of the border, thank you hillary, proud to be one.|10159541637143904|Patrick Perrier|2022-02-02 22:24:56|0|0|10159541207923904|facebook
Agreed. I am pro Vax myself, but against mandated vaccinations.|10159541476318904|Tina Knott|2022-02-02 22:25:08|1|0|10159541207923904|facebook
. i am not trying to win an argument .|10159542308233904|Rob Taylor|2022-02-02 22:25:00|1|0|10159541207923904|facebook
The confirmation bias in your personal algorithm-manip ulated social media feed does not mean the majority of Canadians agree with this terrorism. Most Canadians are horrified by this convoy holding a city hostage for days on end and trying to blackmail the government into jeopardizing the health and safety of its people.|10159544261773904|Donette Kingyens|2022-02-02 22:25:07|1|0|10159541207923904|facebook
I'm tired of working out too, but I still do it for my health, among other measures.|10159541905163904|Aziza Mamoru|2022-02-02 22:25:07|1|0|10159541207923904|facebook
answer, everyone is tired of PHOs and Mandates - globally. Why is that a surprise? However, not everyone agrees it's time to let down our guard.|10159541718373904|Stephen Duke|2022-02-02 22:25:07|1|0|10159541207923904|facebook
No, most Canadians are not behind this idiocy.|10159541686963904|Angelina Balerinovska|2022-02-02 22:25:07|1|0|10159541207923904|facebook
LMFAO not even close.|10159541541268904|Jason Godin|2022-02-02 22:25:07|1|0|10159541207923904|facebook
Proud deplorable.|10159542046008904|Robbie Vaughnn|2022-02-02 22:24:56|0|0|10159541207923904|facebook
absolutely 💯 SUPPORT TRUCKERS 👏 🚛♥️🙏🇨🇦|10159541516713904|Michelle Morrison|2022-02-02 22:25:06|1|0|10159541207923904|facebook
The people on board are not the enemy? What populist garbage is this. Yes, they were. Yes they are. Lock up any of them caught in bad behaviour to teach the rest of them a lesson. This was hardly peaceful protest.|10159541903513904|Aziza Mamoru|2022-02-02 22:24:56|0|0|10159541207923904|facebook
Patti’s a Bot|10159541593528904|Evie Stevenson|2022-02-02 22:25:06|1|0|10159541207923904|facebook
Mainstream media the joke of the day the month and the year, brought to you since 2015.|10159541525153904|John Norbert|2022-02-02 22:24:56|0|0|10159541207923904|facebook
