﻿comment|comment_ids|username|datetime|isreply|num_replies|post_id|label
https:// www.huffpost.com /entry/ givesendgo-right -wing-christian -ottawa-trucker s-anti-vaccine_ n_6201c43be4b0b 69cfe932d2f…You and those like you are tools to be used by people who started out donating to a murderer, yet call themselves “Christians”; they are Christians by nobody’s definition ever. You are lying down with some seriously mange-ridden dogs, my friend.|10159552558443904|Melinda Mueller|2022-02-09 21:46:14|1|2|10159552449298904|facebook
he is a traitor.|10159552548038904|Jay Labatte|2022-02-09 21:46:14|1|2|10159552449298904|facebook
asking someone to step down is sedation? Please...|10159552853808904|John A Metcalf|2022-02-09 21:46:14|1|1|10159552449298904|facebook
Definitely needs to be investigated|10159552467563904|John Godfreyson|2022-02-09 21:46:11|0|1|10159552449298904|facebook
why? When BLM were tearing down statues, where was the investigation then? Oh, I see, double standards?|10159552476203904|Hannah Woods|2022-02-09 21:46:13|1|1|10159552449298904|facebook
…..He’s the duly elected Prime Minister. You don’t get to decide that - the voters of Canada get to decide that. And they already did, quite recently in fact. If you can’t live with it, and want to bring him down, then you are guilty of sedition. Go be a traitor somewhere else.|10159552533183904|Melinda Mueller|2022-02-09 21:46:14|1|1|10159552449298904|facebook
Trudeau needs to resign|10159552485658904|Jay Labatte|2022-02-09 21:46:11|0|1|10159552449298904|facebook
"Well, let's not act to quickly on your investigation of the Trucker convoy Funding as this just may set the ""wheels turning"" in the Capital for you to Investigate other ""Go Fund Me"" people. You don't like where the Funding is going so you Investigate and shut it down.??"|10159552985153904|Carol Leckie-Van Horne|2022-02-09 21:46:11|0|0|10159552449298904|facebook
"There are 2 kinds of truckers: 1) those who are socially responsible and caring about the health and safety of others; and, 2) a fringe minority who have co-opted the word ""freedom"" to guise bigotry, hatred, bullying and violence as liberty."|10159554011303904|Gordon Earle|2022-02-09 21:46:11|0|0|10159552449298904|facebook
What about a figure on on the budget the the government won’t release talk about lies.|10159553013538904|Roger Vincent|2022-02-09 21:46:11|0|0|10159552449298904|facebook
https:// www.theglobeandm ail.com/ politics/ article-how-did- ottawa-spend-mo re-than-600-bil lion-last-year/|10159553039518904|Kelly O'How|2022-02-09 21:46:14|1|0|10159552449298904|facebook
Where did those hundreds of millions if not billions disappear to and cause parliament to be shut down and investigations halted under this band of criminals|10159552478563904|Chuck Cooper|2022-02-09 21:46:11|0|0|10159552449298904|facebook
Yet, how many scandals did current Federal and brush under the rug??|10159553243568904|Shane O'Hara|2022-02-09 21:46:11|0|0|10159552449298904|facebook
Oh boy, now they're all of a sudden concerned about money flows. Let's face it, the libs are masters at corruption and they don't like it if someone is smarter than them. Bunch of hypocrits 🤡|10159553195218904|Jake Christensen|2022-02-09 21:46:11|0|0|10159552449298904|facebook
It's interesting to see how even the very smell of money mobilizes Liberals to action.|10159552473233904|Jack Massalski|2022-02-09 21:46:11|0|0|10159552449298904|facebook
How about we investigate Liberal funding and finances while we’re at it.... Wonder what we would find...🤔|10159553163018904|Roy Nobes|2022-02-09 21:46:11|0|0|10159552449298904|facebook
Nothing else to do ? You are one of the cause I was watching the discussion in the house So much none sense|10159553587778904|Dana Frum|2022-02-09 21:46:11|0|0|10159552449298904|facebook
There’s one solution to this entire problem|10159554975363904|Brandon Bartlett|2022-02-09 21:46:11|0|0|10159552449298904|facebook
Ottawa also has the ability to end all this nonsense.|10159553708168904|Robin Morgan|2022-02-09 21:46:11|0|0|10159552449298904|facebook
Then do it. Stop dithering.|10159553114173904|Chris Pompeo|2022-02-09 21:46:11|0|0|10159552449298904|facebook
Unless the money came from crime, it’s their money. It’s the political parties and their corporate and elite donors who have undermined democracy, and turned the system into a plutocracy, not the working class.|10159553506468904|Peter Ioannidis|2022-02-09 21:46:11|0|0|10159552449298904|facebook
🤣😂🤣😂🤣😂Parliament, that's Funny👍🇨🇦|10159552472613904|Dale Dutchak|2022-02-09 21:46:11|0|0|10159552449298904|facebook
How about investigating Trudeau and his coworker in the parliament|10159554447033904|Rachelle Carriere Lachance|2022-02-09 21:46:11|0|0|10159552449298904|facebook
"The government should have a conversation with these Canadians. That doesn't mean the freedom convoy get's what they are asking for, but they get their issues heard. That's how negotiated settlements work. Not ""Liberals know best"" and we would rather find a back door ways to escape the mess they created."|10159554923678904|Karl Raffelsieper|2022-02-09 21:46:11|0|0|10159552449298904|facebook
They just want the mandates dropped, if he resigns is just a cherry on top.|10159553028283904|John A Metcalf|2022-02-09 21:46:14|1|0|10159552449298904|facebook
…..No, but trying to force a duly elected leader out, is. “Asking” isn’t the convoy’s MO. “Incitement of resistance or insurrection against lawful authority” is the Webster’s definition; before scoffing at what I said you might have tried looking it up.|10159552996633904|Melinda Mueller|2022-02-09 21:46:14|1|0|10159552449298904|facebook
Ottawa investigating funding???? Start with taxes. Or the GDP. Or the WE organization. FAIL|10159552938828904|Vin Scott|2022-02-09 21:46:11|0|0|10159552449298904|facebook
you seem really nice|10159552560068904|Jay Labatte|2022-02-09 21:46:14|1|0|10159552449298904|facebook
….By whose definition? Yours? So now you are judge and jury, eh? You’re just another know-nothing with a big mouth. We elected him. If you don’t like it, vote for your choice in the next one. That’s how we do it here in Canada. Most of us choose not to be government by mobs with megaphones.|10159552552063904|Melinda Mueller|2022-02-09 21:46:14|1|0|10159552449298904|facebook
Go ahead it’s public unlike you sneaking lieberals|10159552491088904|Philip Hanna|2022-02-09 21:46:11|0|0|10159552449298904|facebook
WOW ! Investigate government funding by corporations this is the downfall of Canada !|10159552544743904|Christine Bruno|2022-02-09 21:46:11|0|0|10159552449298904|facebook
And they should. Some pretty shady money coming in.|10159552685873904|Jim Rutter|2022-02-09 21:46:11|0|0|10159552449298904|facebook
Can we investigate our government for all the tax dollars that have gone out of Canada to their rich friends|10159552870858904|Lennie Krause|2022-02-09 21:46:11|0|0|10159552449298904|facebook
Yea we should also check the Governments funding lots of money being spend in their own caucus🤔|10159553273648904|Steven Boudreau|2022-02-09 21:46:11|0|0|10159552449298904|facebook
Yeah Ok communist comrade.|10159552973273904|James Valhalla|2022-02-09 21:46:13|1|0|10159552449298904|facebook
it's racist to say anything about BLM, if this protest had just covered their signs with BLM, no one would say anything|10159552773833904|Aaron Manikoth|2022-02-09 21:46:13|1|0|10159552449298904|facebook
"Wish we could do the same for their ""donations""."|10159552505488904|Sean Owen Carlson|2022-02-09 21:46:11|0|0|10159552449298904|facebook
They couldn't close the gate when the herd approached with adequate warning , now they don't want to do what needs to be done to solve the crisis. Leadership like this doesn't inspire confidence.|10159554687123904|Adam Grant|2022-02-09 21:46:11|0|0|10159552449298904|facebook
https:// www.theglobeandm ail.com/ politics/ article-how-did- ottawa-spend-mo re-than-600-bil lion-last-year/|10159553039128904|Kelly O'How|2022-02-09 21:46:12|1|0|10159552449298904|facebook
It has shown the failure of our education system and objective critical thinking. Although the deep divide is actually the Conservative government itself divided, with a smidge of the far left. The far left and the far right tend to have more in common then they like to admit from a psychological perspective. The far right don't like authority telling them what to do(its why they don't like government up in their private business and the far left don't like government at all. Anarchists. So really we are dealing with dueling egos. This is why the anti vaxx cults tend to use emotional arguments based upon insecurities and misinformation rather then facts and figures. Its really about ones ego. I noticed not only is the antivaxxers have been repeatably shown to be wrong they debate about the right to be wrong under the guise of civil liberties even though its been demonstrated scientifically that by giving in to the anti vaxxers we may worsen the spread with even more mutant strains. Cutting of the nose to spite the face. Do we really want to go there? Pride before the fall? When will the government get back to science(based) based policies instead of all these silly egocentric arguments that have little to do with health measures for the safety of the general public. People before ideologies please.|10159553233718904|Andrew Merritt|2022-02-09 21:46:11|0|0|10159552449298904|facebook
