﻿comment|comment_ids|username|datetime|isreply|num_replies|post_id|label
Ottawa Residents should join in….|10159532068368904|Mark Tavares|2022-02-03 00:08:12|0|5|10159531940003904|facebook
👈 works for government as a troll|10159532114808904|Darlene Brooks|2022-02-03 00:08:17|1|4|10159531940003904|facebook
😄|10159532095528904|Nico Valerio|2022-02-03 00:08:15|1|3|10159531940003904|facebook
The extra costs for policing should come out of the gofundme slush fund.|10159532286698904|Jamie McCurrach|2022-02-03 00:08:12|0|3|10159531940003904|facebook
, did you tell the Herald this? They might want to update their facts.|10159532131123904|C.A. Cross|2022-02-03 00:08:17|1|2|10159531940003904|facebook
we don't associate with losers with no clue|10159532229083904|Rob Scott|2022-02-03 00:08:16|1|2|10159531940003904|facebook
And we're all paying for it.|10159532029463904|Fran Girling|2022-02-03 00:08:12|0|2|10159531940003904|facebook
This has grown to become an anti Trudeau movement opposed to vaccinations. People are finally realising how he's destroying our country.|10159532146578904|Dennis Paul|2022-02-03 00:08:12|0|2|10159531940003904|facebook
, your posts say it all. .and I'm not wasting my time on a foolish troll. ..|10159532120373904|Bernie Harding|2022-02-03 00:08:17|1|2|10159531940003904|facebook
Yeah but did anybody warn the truckers of a possible eight hour delay getting out of Toronto? 🤣|10159531963228904|James Carey|2022-02-03 00:08:12|0|2|10159531940003904|facebook
one look at your page shows what you are. .little leftist troll. ..😅😅|10159532101863904|Bernie Harding|2022-02-03 00:08:17|1|2|10159531940003904|facebook
From a little leftist troll. ..😅|10159532096763904|Bernie Harding|2022-02-03 00:08:17|1|1|10159531940003904|facebook
it's bums like you and the conservative party,ppc party and other fringe groups. The nutters|10159532230608904|Rob Scott|2022-02-03 00:08:19|1|1|10159531940003904|facebook
is that way I am? Because I’m fully vaccinated. Ok so you are saying essentially every person who is fully vaccinated is a lefty? Interesting. Please continue, you have my full attention now.|10159532105578904|C.A. Cross|2022-02-03 00:08:17|1|1|10159531940003904|facebook
turn up your hearing aids...it has not and is growing larger by the hour|10159532099413904|Cathy Harris|2022-02-03 00:08:17|1|1|10159531940003904|facebook
, do you enjoy labelling people you have never met? Makes you feel good and superior inside. Hey whatever works for, bless your heart.|10159532100603904|C.A. Cross|2022-02-03 00:08:17|1|1|10159531940003904|facebook
Karen Klan|10159532093493904|Anastasia Bee|2022-02-03 00:08:17|1|1|10159531940003904|facebook
, they will need it to go home. I hear the GoFundMe attempt went belly up.|10159532098603904|C.A. Cross|2022-02-03 00:08:17|1|1|10159531940003904|facebook
, ohhhh another judger who has never met me. Please elaborate. I’m so interested. Don’t stop there, continue on please.|10159532118208904|C.A. Cross|2022-02-03 00:08:17|1|1|10159531940003904|facebook
2/3 voted against him…that’s our system of voting|10159532152133904|Ron Closs|2022-02-03 00:08:19|1|1|10159531940003904|facebook
Settle down edge lord.|10159532340998904|Kyle Nowosad|2022-02-03 00:08:19|1|1|10159531940003904|facebook
, why are everyone is who so judgemental so afraid to continue on. So pathetic. Tsk..|10159532125393904|C.A. Cross|2022-02-03 00:08:17|1|1|10159531940003904|facebook
https:// www.ctvnews.ca/ canada/ gofundme-releasi ng-1-million-of -fundraising-mo ney-to-trucker- convoy-1.575750 2?cid=sm%3Atrue anthem%3Actvnew s%3Apost&utm_ca mpaign=trueAnth em%3A+New+Conte nt+%28Feed%29&u tm_medium=trueA nthem&utm_sourc e=facebook&fbcl id=IwAR2vjieKKB Ri-Ttj9-VQm-YQb mCdhlxaK_pwd4c6 nXYGRIqH9ErKyJH 5DsQ|10159532126123904|Randy Gaunt|2022-02-03 00:08:17|1|1|10159531940003904|facebook
, the one who has been shut down or have tried under a new name. Please enlighten me.|10159532126473904|C.A. Cross|2022-02-03 00:08:17|1|1|10159531940003904|facebook
read above.. https:// www.ctvnews.ca/ canada/ gofundme-releasi ng-1-million-of -fundraising-mo ney-to-trucker- convoy-1.575750 2?cid=sm%3Atrue anthem%3Actvnew s%3Apost&utm_ca mpaign=trueAnth em%3A+New+Conte nt+%28Feed%29&u tm_medium=trueA nthem&utm_sourc e=facebook&fbcl id=IwAR2vjieKKB Ri-Ttj9-VQm-YQb mCdhlxaK_pwd4c6 nXYGRIqH9ErKyJH 5DsQ|10159532129793904|Randy Gaunt|2022-02-03 00:08:17|1|1|10159531940003904|facebook
of course the troll does.|10159532133733904|Mike Joseph|2022-02-03 00:08:17|1|1|10159531940003904|facebook
they ae as bad as the globe and fail always penny short and A DAY LATE|10159532157353904|Randy Gaunt|2022-02-03 00:08:17|1|1|10159531940003904|facebook
Be truthful, they aren’t full time truckers, just part timers and wannabes. Once I heard the National Association won’t back them, they lost any understanding I had.|10159532078423904|C.A. Cross|2022-02-03 00:08:12|0|1|10159531940003904|facebook
if they don't agree why should they?|10159534935503904|Lisa Kurytnik|2022-02-03 00:08:16|1|1|10159531940003904|facebook
, really thanks for update.|10159532161208904|C.A. Cross|2022-02-03 00:08:17|1|1|10159531940003904|facebook
COWARD of a Prime Minister!!!|10159532098703904|Derek Steven Cunningham|2022-02-03 00:08:12|0|1|10159531940003904|facebook
Are they arranging the Antifa entrance and exit area too?|10159532050768904|John Camilleri|2022-02-03 00:08:12|0|1|10159531940003904|facebook
Trudeau is running the show and making hundred of Missions $$$ from Pfizer etc. pushing the vaccines that do NOT work. Shoveling Billions $$$ to the pockets of the provincial Premiers to push HIS mandates!!!!|10159532947098904|Derek Steven Cunningham|2022-02-03 00:08:21|1|1|10159531940003904|facebook
And Trudeau hiding like a little girl.|10159531962443904|Nico Valerio|2022-02-03 00:08:12|0|1|10159531940003904|facebook
he has the Cry-micron|10159532094018904|Anastasia Bee|2022-02-03 00:08:15|1|1|10159531940003904|facebook
If vaccine was actually somewhat working than the percentage of hospitalization s would go along the vaccination rate. If there was 90% unvaccinated clogging hospitals and only 10% vaccinated than we could conclude that its somewhat working. But as we know this is not the case.|10159532642118904|Richard Husar|2022-02-03 00:08:20|1|1|10159531940003904|facebook
it is when they make up a much larger contingent of the people hospitalized than they represent as the overall population.  If they were vaccinated they'd be less likely to end up in the hospital and therefore hospitals wouldn't be so busy.  This is simple math.|10159532623478904|Scott Verge|2022-02-03 00:08:20|1|1|10159531940003904|facebook
That tells me that unvaccinated are NOT overwhelming the hospitals|10159532529398904|Richard Husar|2022-02-03 00:08:20|1|1|10159531940003904|facebook
let me guess u voted for Turdumb or Singh ?|10159533186218904|Ted S Ptak|2022-02-03 00:08:13|1|1|10159531940003904|facebook
yet the vaccinated make up 85% of the population. What does that tell you?|10159532426318904|Scott Verge|2022-02-03 00:08:20|1|1|10159531940003904|facebook
50% of hospitalized are vaccinated. Stop smoking whatever you're smoking.|10159532307828904|Richard Husar|2022-02-03 00:08:20|1|1|10159531940003904|facebook
you may just find there is also counter protest .Ottawa is no wimpy city .|10159532145428904|David Barrett|2022-02-03 00:08:16|1|1|10159531940003904|facebook
, shhh don’t ruin his dreams.|10159532162003904|C.A. Cross|2022-02-03 00:08:16|1|1|10159531940003904|facebook
90% of Truckers are vaccinated! These idiots are complaining about their freedom and rights when hospitals are overwhelmed, surgeries and treatments postponed. They can all go to hell!!|10159532166883904|Susan Larocque|2022-02-03 00:08:12|0|1|10159531940003904|facebook
why would anyone willingly leave their home to sit in a traffic jam?|10159532425123904|Scott Verge|2022-02-03 00:08:16|1|1|10159531940003904|facebook
you do realize people are gathering at Parliament right? So why would Ottawa citizens sit in traffic….|10159533054893904|Mark Tavares|2022-02-03 00:08:16|1|1|10159531940003904|facebook
uh huh. Ok there, Derek. I have some tinfoil for you here.|10159533023238904|Philip Standard|2022-02-03 00:08:21|1|0|10159531940003904|facebook
Go truckers!|10159532080123904|Citlalli Bustamante|2022-02-03 00:08:12|0|0|10159531940003904|facebook
Mike J. Rowbear , kissy, kissy, Mikey. 😁|10159533716028904|C.A. Cross|2022-02-03 00:08:17|1|0|10159531940003904|facebook
what would you like him to do? This is a minority government. Do you even understand what that means?? Mandates are provincial. The people involved in this have to have zero education.|10159532233103904|Philip Standard|2022-02-03 00:08:21|1|0|10159531940003904|facebook
paid activists trying to destroy our country|10159533445723904|Lisa Kruckel|2022-02-03 00:08:17|1|0|10159531940003904|facebook
They will keep on trucking on to Ottawa!|10159532058283904|Carter Breeze|2022-02-03 00:08:18|1|0|10159531940003904|facebook
About 50% hospitalized are vaccinated. 35% differential shows this experimental vaccine never tested on humans before is somewhat working. Totally not worth the risk of unknown long term side effects for a healthy young person who has Covid survival rate of 99.998%. Good luck to you|10159535510188904|Richard Husar|2022-02-03 00:08:20|1|0|10159531940003904|facebook
, shhh they don’t understand logic. That takes thinking.|10159532079993904|C.A. Cross|2022-02-03 00:08:18|1|0|10159531940003904|facebook
yep. All these ‘truckers’ might as well put on their PPC shirts and red Maga hats because this is a political convoy. Doesn’t have anything to do with ‘fighting for freedom for all Canadians’. These people want a Canadian version of January 6th.|10159532670368904|Matty Mac|2022-02-03 00:08:19|1|0|10159531940003904|facebook
whatever , I didn't vote for him but the third party and glad we have it .|10159532154153904|David Barrett|2022-02-03 00:08:19|1|0|10159531940003904|facebook
"Sounds like ""the authorities"" and the media dramatists are juicing this up to be a Maple Leaf version of our neighbour's January 6 experience last year. I don't think it will happen - maybe a little more disruptive than the Ottawa Pride Parade, but still no biggie."|10159532121108904|Steve Wilson|2022-02-03 00:08:12|0|0|10159531940003904|facebook
he’s not wrong…|10159532671078904|Matty Mac|2022-02-03 00:08:19|1|0|10159531940003904|facebook
around 85% of people in Ontario are vaccinated. Until 85% of people hospitalized are vaccinated then the vaccines are working.|10159535454223904|Scott Verge|2022-02-03 00:08:20|1|0|10159531940003904|facebook
Oh come on , tell me your thoughts. I’m listening, you are so quick to judge someone you have never met, don’t stop there.|10159532116848904|C.A. Cross|2022-02-03 00:08:17|1|0|10159531940003904|facebook
Heavy glow for this sock puppet account.|10159532741313904|Mike Crowbear|2022-02-03 00:08:17|1|0|10159531940003904|facebook
I am hoping they do|10159532113298904|Darlene Brooks|2022-02-03 00:08:16|1|0|10159531940003904|facebook
dumbest take of the year award goes to…|10159532987513904|Chris Nichols|2022-02-03 00:08:13|1|0|10159531940003904|facebook
yes he cares alot about tax money haha|10159533296753904|Emil Harba|2022-02-03 00:08:13|1|0|10159531940003904|facebook
Delays is an understatement, try gridlock lol|10159532135103904|Melissa Lovelace|2022-02-03 00:08:12|0|0|10159531940003904|facebook
"CTV did an interview with Ottawa Police and they had received a call from ""Counter Protesters"" threatening them if they shown support for the convoy. They will be there but the protestors will not engage with them."|10159532058028904|Carter Breeze|2022-02-03 00:08:13|1|0|10159531940003904|facebook
Good!|10159532058488904|Carter Breeze|2022-02-03 00:08:14|1|0|10159531940003904|facebook
, sorry I’m not. My small town is ignoring the whole thing. Have fun.|10159532080858904|C.A. Cross|2022-02-03 00:08:14|1|0|10159531940003904|facebook
He's been infected with COWARD-19.|10159532342353904|Kyle Nowosad|2022-02-03 00:08:15|1|0|10159531940003904|facebook
Parliament doesn't sit at Saturdays. Why would he be there?|10159533264108904|Brian Hough|2022-02-03 00:08:15|1|0|10159531940003904|facebook
would you prefer he spoke? Would that end the hissy fit? What exactly do you believe will happen?|10159534938468904|Lisa Kurytnik|2022-02-03 00:08:15|1|0|10159531940003904|facebook
, right. When you attempting to close down the city. What are you smoking again? Must be good stuff.|10159532079468904|C.A. Cross|2022-02-03 00:08:16|1|0|10159531940003904|facebook
Friends from Ottawa are joining!|10159532079958904|Citlalli Bustamante|2022-02-03 00:08:16|1|0|10159531940003904|facebook
"yes as an Ottawa native bystanding in the ""riot"" on parliament hill in 1993 with the heritage front neo Nazis I known how fast Ottawa citizens can reacted to hate ."|10159532185463904|David Barrett|2022-02-03 00:08:16|1|0|10159531940003904|facebook
, oh you can prove this please do. I do people who hide behind their computers screens (my you are the brave ones aren’t you?) call stranger names and yet can’t back up their taunts. Rather boring aren’t you.  Well it’s almost bedtime here and I’m watching the Canadian team playing soccer. Enjoy insulting me. I mean you do need a past time don’t you. Poor wee things. You do have sympathy. Night all. Big kisses. 😘 😘 😘|10159532159993904|C.A. Cross|2022-02-03 00:08:17|1|0|10159531940003904|facebook
, instead of calling us names why don’t you tell why you are doing this . There are so many variations going around I can’t tell which a fact and which aren’t. The more I get insulted the more I won’t support you. Why would I support a group who insults and belittles me?|10159532605023904|C.A. Cross|2022-02-03 00:08:16|1|0|10159531940003904|facebook
oh no…I think I was insulted by some random person on the internet…my heart hurts…|10159533053868904|Mark Tavares|2022-02-03 00:08:16|1|0|10159531940003904|facebook
some do some don’t…|10159534943663904|Mark Tavares|2022-02-03 00:08:16|1|0|10159531940003904|facebook
Soviet-Russian T-34 Tanks have already destroyed Fascist mad run! ;)|10159532008263904|Jan Behrend|2022-02-03 00:08:12|0|0|10159531940003904|facebook
, is that your real name, Karen Klan is it? Then why don’t you use it? Too ashamed to name yourself. Your opinion matters zilch to me. Try harder, sweetie.|10159532097163904|C.A. Cross|2022-02-03 00:08:17|1|0|10159531940003904|facebook
, really? Hmm then every new source I read (across county- out west, east, central must be ignorant. Mane if I listened to a Maverick station or FOXNews, I’d get the truth. Will that work you think? Heaven forbid Calgary Herald would lie to me.|10159532103293904|C.A. Cross|2022-02-03 00:08:17|1|0|10159531940003904|facebook
why? Did BLM pay for cops and RC's in Ottawa when castro jr. took a knee on wellington street? Cry more or cope.|10159532740223904|Mike Crowbear|2022-02-03 00:08:13|1|0|10159531940003904|facebook
, won’t bite eh? Well that’s too bad because it would have made my day. See I’m awfully bored sitting in my house here in cold Ontario under Covid restrictions put upon us by an inept Tory govt. But alas I’m some other fool will take my bait. They are a dime a dozen you know. Thank you for the laugher and smiles.|10159532122178904|C.A. Cross|2022-02-03 00:08:17|1|0|10159531940003904|facebook
, I’m a troll? Have we ever met? Do I frighten you? Make you uncomfortable so you feel you must put me below you feet? Are you really that insecure. Gee I’m sorry for you. You have my sympathy.|10159532123503904|C.A. Cross|2022-02-03 00:08:17|1|0|10159531940003904|facebook
6.4 million and growing. Go Fund ME just released the first million. Nice try|10159532125408904|Randy Gaunt|2022-02-03 00:08:17|1|0|10159531940003904|facebook
After WE Charity money and BLM funds went to buying properties for founders it's actually a good thing to learn from it and double check; after that clears I am sure all 6 fundraised millions will be released.|10159532146433904|Lebioda Irena|2022-02-03 00:08:17|1|0|10159531940003904|facebook
They should move the capitol back to Kingston Ontario.. with the offices in downtown Toronto 🤔💪|10159532000953904|Andres Ruiz|2022-02-03 00:08:12|0|0|10159531940003904|facebook
