﻿comment|comment_ids|username|datetime|isreply|num_replies|post_id|label
It would like the dictatorship to use the military on its citizens. Sounds a lot like China or Russia.|10159552355818904|Jay Hiner|2022-02-09 22:31:12|1|4|10159552335618904|facebook
It's kind of hilarious the way you single out the oil industry while ignoring the numerous controversies in the pharmaceutical industry.  https:// en.wikipedia.org /wiki/ List_of_largest_ pharmaceutical_ settlements|10159553383033904|Carey Closs|2022-02-09 22:31:06|1|3|10159552335618904|facebook
you forget Oka and the FLQ crisis|10159552366928904|Jim Rutter|2022-02-09 22:31:12|1|2|10159552335618904|facebook
It's a common practice for the left to ostracize,and vilify all scientists who disagree with them and then cut their funding until they get their opponents to self censor. That's how you create your so called scientific consensuses.|10159553375343904|Carey Closs|2022-02-09 22:31:06|1|2|10159552335618904|facebook
"its basic probability and statistics, vaccination does not eliminate transition but reduces it so the more vaccinated the slower the transition, but non-scientists like you often have a difficult time comprehending probabilities. Sorry, if you walk like a duck and quack like a duck and swim and fly like a duck you are a duck; you speak exactly like a creationist or a climate denyer ""there is no settled science"" ""you should be open to debate"" real scientists roll their eyes at this naivetee..."|10159553348573904|Alex Bunker|2022-02-09 22:31:06|1|2|10159552335618904|facebook
Calling professors from Harvard and Oxford and Nobel laureates fringe is just a little absurd. Certainly there’s the possibility that they may be mistaken but it’s not fair to label them fringe. Scientists disagree all the time after all. It is the norm, it’s part of the process and it’s how we get better results. Disagreements among scientists generally don’t lead to them being labelled fringe unless the issue has been politicized and that is definitely true of Covid.  Peer review is a lengthy process. It can take more than a year. Public health officials have been making decisions on the fly since day one. They’re certainly not sitting around waiting for the latest peer reviews study to guide their decisions. Why are their critics held to that standard when they are not? Furthermore, a peer reviewed study doesn’t mean it’s certified true. The bottom line is we should be hearing a rigorous scientific debate instead of being told the science is whatever public health officials say.  You’re rally just going with the same old liberal talking points. Say the science is settled and that there’s a consensus. There’s only a few fringe scientists who are opposed. Vilify and question their ethics and credentials if they speak out. Repeat over and over.|10159553286093904|Carey Closs|2022-02-09 22:31:06|1|2|10159552335618904|facebook
like in all things there are always fringe elements. You see this in global warming deniers, evolution deniers, antivaxxers, and politics. If they want to be taken serious they need to bring forward their peer reviewed information and let it be assessed. That is how science works. Until that it is just hearsay and noise. This is actually one of the main problems we have in society. People think their opinions are just as valid as scientific evidence and peer reviewed data. Like I have always said on a topic I study. If someone has evidence against anthropogenic climate change. Bring it forward, let it be peer reviewed and collect your Nobel prize, fame, and multimillion dollar prize….the problem is they can’t. Same thing for those who deny vaccinations work and those who think life in the planet has not evolved from simple life forms to what we see today.|10159553264448904|Andrew Karvonen|2022-02-09 22:31:06|1|2|10159552335618904|facebook
I was correcting his error.  95% of the population is not in favor of vaccine mandates. Where are you getting that idea from? A recent Angus Reid poll showed that 54% of the population want ALL mandates to end. So if majority rule is the standard by which you judge the mandates legitimacy, then it's time to put an end to them.|10159552953648904|Carey Closs|2022-02-09 22:31:06|1|2|10159552335618904|facebook
the mandates were in full effect during the last election and one party…the wing nut PPC literally ran no mandates as pretty much their only platform and got single digit support from Canadians. I guess democracy doesn’t matter to the flu trucks clan.|10159552932128904|Andrew Karvonen|2022-02-09 22:31:06|1|2|10159552335618904|facebook
"On one day it's ""nothing to see here folks"" and the next it's, ""call in the military"". Neither is an accurate depiction of the situation."|10159552378678904|Carey Closs|2022-02-09 22:31:08|1|2|10159552335618904|facebook
Why not try sitting down and having a talk even if you chase them from Ottawa they will set up somewhere else even worse FJT|10159553253913904|Paul Sammut|2022-02-09 22:31:00|0|2|10159552335618904|facebook
Whether you agree with the cause of these protests or not these protests are demonstrating the best of Canada, Thousands marching in peace displaying our flag and their pride in our nation. It is sad that many who supported far more violent protests are now condemning a peaceful one. It is sad that burning a dozen churches got less condemnation than a few few pee stains in the snow. It is sad that draping a Canadian flag on a statue got more condemnation than the destruction of hundreds of other monuments. But it is joyous to see that there is a peaceful non destructive way to get your message out hopefully other protesters follow the lead of this protest|10159552949593904|Zane Grey|2022-02-09 22:31:04|1|2|10159552335618904|facebook
it's so absurd that it's borderline comical|10159552375383904|Darlene Brooks|2022-02-09 22:31:08|1|1|10159552335618904|facebook
I have no idea what you’re talking about.|10159553440573904|Carey Closs|2022-02-09 22:31:06|1|1|10159552335618904|facebook
Using vehicles for illegal activity their licenses should be suspended vehicles seized|10159552929013904|Donald Henderson|2022-02-09 22:31:00|0|1|10159552335618904|facebook
FK the mandates and the problem is over in a couple of hours...|10159553212088904|Rino del Vecchio|2022-02-09 22:31:01|0|1|10159552335618904|facebook
How can you say there's only a few hundred people the turn and ask for 1800 more officers when you have 1200 their? You need 3000 cops to handel 3-500 truckers?that's a small army!|10159552390193904|Josh Bos|2022-02-09 22:31:00|0|1|10159552335618904|facebook
They sure as hell will. Talk to them, settle this peacefully and lets all move on|10159553511508904|Ann Howard-Cherski|2022-02-09 22:31:14|1|1|10159552335618904|facebook
can't attack what they said, attack the person or how they said it.|10159553352518904|Sandra Salanki|2022-02-09 22:31:08|1|1|10159552335618904|facebook
that's because the media is lying... But eh.. If you don't believe me.. Watch the dozens of awesome live streamers 👍|10159554581208904|Brad Beaton|2022-02-09 22:31:08|1|1|10159552335618904|facebook
This sure went from a fringe minority, to a state of emergency to an insurrection really fast. The rhetoric and gas lighting surrounding this protest is absolutely unbelievable.|10159552372208904|Carey Closs|2022-02-09 22:31:00|0|1|10159552335618904|facebook
f you .. Sit down with them ... the good citizens of downtown Ottoawa have tried several times and then told disgusting things by these (peaceful protesters sarcasm all the way there)|10159553452048904|Joanne Johnson-Meyers|2022-02-09 22:31:14|1|1|10159552335618904|facebook
Sorry folks. The day we use the military on unarmed citizens exercising their charter rights is the day we have fallen into the same level as China or Russia. Next will be civil war. This is the only way that will end.|10159552375018904|Jay Hiner|2022-02-09 22:31:12|1|1|10159552335618904|facebook
let's hope JT and his band of marry clowns get there heads|10159552380723904|Cary Mackenzie|2022-02-09 22:31:12|1|1|10159552335618904|facebook
Buddy, I got news for ya, you're the gaslighter.|10159553001808904|Stephen Rasmussen|2022-02-09 22:31:08|1|1|10159552335618904|facebook
|10159553190168904|Carey Closs|2022-02-09 22:31:08|1|1|10159552335618904|facebook
because .... Like covid 19 ... It is changing ... Pretending to be something ... Your NOT ... Show us all we need ... Just lol the paper work in order ...|10159553442933904|Joanne Johnson-Meyers|2022-02-09 22:31:08|1|1|10159552335618904|facebook
Easier way to stop this is for Trudeau to sit with a few of the protesters and listen. This would end a lot faster.|10159552387458904|MaryAnn Desjardins Campbell|2022-02-09 22:31:00|0|1|10159552335618904|facebook
because ... It has been shared n shared ... Grow up ...|10159553437803904|Joanne Johnson-Meyers|2022-02-09 22:31:06|1|1|10159552335618904|facebook
Velma Ann I'm a trucker. They are morons.|10159552353433904|Lee King Snach|2022-02-09 22:31:13|1|1|10159552335618904|facebook
Are we still talking about the “small fringe” ?🤣🤣|10159552378343904|Andrea Montanaro|2022-02-09 22:31:00|0|1|10159552335618904|facebook
Small lunatic fringe you mean.|10159553522558904|Stephen Rasmussen|2022-02-09 22:31:10|1|1|10159552335618904|facebook
CFB Petawawa is not far away. All the mayor has to do is ask for their help|10159552351323904|Jim Rutter|2022-02-09 22:31:00|0|1|10159552335618904|facebook
Is Doug fine with this?|10159552368948904|Vladimir Novakovic|2022-02-09 22:31:00|0|1|10159552335618904|facebook
Street party at best but insurrection…no . 🤔😆|10159552393638904|Michelle Meinhardt|2022-02-09 22:31:00|0|1|10159552335618904|facebook
"thats precisely what is so inane about all this: everyone knows we are 2-3 weeks away from all restrictions being lifted. They just wanted a last tantrum so they can say ""we won"" when the experts give the advice it looks about 80% they will in a few weeks time. the priority of course is removing all restrictions on the responsible among us who got vaccinated, so the vaccine mandates can stay for a while when all the others are lifted."|10159552967853904|Alex Bunker|2022-02-09 22:31:06|1|1|10159552335618904|facebook
I am a scientist…..how about you? You clearly miss the point. Some science is absolutely settled by the way. The earth is round. We orbit the sun. Vaccines work. The data to show that COVID vaccines reduce the spread, limit likelihood of mutations, and reduce severity of infections is overwhelming. Send me a peer reviewed journal article that shows this is not the case. We have more data on this than probably any other I have ever seen. In this case we have a global dataset with billions of datapoints. The simple fact is you are wrong. You can think they don’t do anything but that isn’t supported by the data. Regardless….man dates will be down as they have been coming down for weeks. It will have nothing to do with uniformed truckers. Have a good day.|10159553305438904|Andrew Karvonen|2022-02-09 22:31:06|1|1|10159552335618904|facebook
Omg talk about waddling and quacking like a climate denyer/ cigarette company lobbyist/ creationist…|10159553381498904|Alex Bunker|2022-02-09 22:31:06|1|1|10159552335618904|facebook
Yes but because you live in an echo chamber, you assume that all experts agree with the mandates when in fact they do not. There's been numerous experts saying from day one that the mandates were a mistake but they've either been given very little attention in the media or have been vilified for speaking against the narrative.|10159553257503904|Carey Closs|2022-02-09 22:31:06|1|1|10159552335618904|facebook
The Ppc's vote was about 5% last election. That was a significant jump from the 2019 election and not a bad result for a a party that was barely 3 years old. They received more than double the votes of the Greens who have been around since 1983.|10159552945278904|Carey Closs|2022-02-09 22:31:06|1|1|10159552335618904|facebook
A political scientist lol?  If you're a scientist as claimed then you would know that disagreement and sometimes heated debate over issues is normal. When an issue is not politicized those disagreements do not usually lead to the vilification of ones peers. The topic covid is very much still being debated among scientists. The media does not give us the true picture.  Generally when science is said to be settled, debate ceases to happen because the evidence is so solid that no one challenges it. Even then the door is always open for revision should new evidence be discovered.  Your back handed insult about the earth being round is just a big straw man. I'm not a flat earther or anti-science. I never said vaccines don't work or that they are not providing any benefit whatsoever, what I have said is they are not reducing the spread of covid and the evidence post Omicron supports that. If they reduce the severity of symptoms then that definitely is a reason why some people who at a greater risk from covid should consider getting the jab. The facts are, vaccinated or not, young people are not very likely to be seriously ill from covid let alone end up in the icu. There's no reason to force them or anyone else to get the jab. As epidemiologist Martin Kulldorff has stated, it's foolish to think everyone needs to get vaccinated but it's equally foolish to think no one needs to.  What do you think is going to happen if we get 100% of the population vaccinated? Will the virus go away? Will it cease to mutate?|10159553344428904|Carey Closs|2022-02-09 22:31:06|1|1|10159552335618904|facebook
so what 5% of the population wants must be heeded, whatever the other 95% want? that sounds like oppression to me...|10159552947123904|Alex Bunker|2022-02-09 22:31:06|1|1|10159552335618904|facebook
This is beyond sick....THIS WILL END SHAME ON U ALL|10159552382823904|Gale Stewart|2022-02-09 22:31:00|0|1|10159552335618904|facebook
yes all of us want mandates lifted. Most of us want it done based on the advise of experts not petulant truckers.|10159552960493904|Andrew Karvonen|2022-02-09 22:31:06|1|1|10159552335618904|facebook
It's an insurrection now is it....?  Don't insurrections usually involve more...insurrec tioning..? 🤔|10159553026108904|Mark Leslie Smith|2022-02-09 22:31:00|0|0|10159552335618904|facebook
she said ... The major|10159553447553904|Joanne Johnson-Meyers|2022-02-09 22:31:12|1|0|10159552335618904|facebook
sure why not, daddy did it|10159552466488904|Shawna-Chad Ready|2022-02-09 22:31:12|1|0|10159552335618904|facebook
did I ever claim the pharmaceutical industry is without sin?|10159553391628904|Alex Bunker|2022-02-09 22:31:06|1|0|10159552335618904|facebook
do what u think is right...freedom|10159553159968904|Gale Stewart|2022-02-09 22:31:04|1|0|10159552335618904|facebook
"the best of Canada .... Is watch waiting ... For you all to finally be removed ... And Orgainizers "" freedom convoy"" should be charged with treason and trying to overthrow the government and rot in jail"|10159553449423904|Joanne Johnson-Meyers|2022-02-09 22:31:04|1|0|10159552335618904|facebook
There ya go. Throw money at it, it'll disappear. Smh|10159552881598904|Vin Scott|2022-02-09 22:31:00|0|0|10159552335618904|facebook
Canadians are trying to take back their country and FREEDOM. Politicians seem to have forgotten they work for the people!|10159552413903904|Angela Clarke|2022-02-09 22:31:00|0|0|10159552335618904|facebook
send in the military and they will defeat these neo nazis kkkonvoy terrorists. Like the Canadian military helped defeat the Nazis in 1945.|10159552366753904|Eugene Osudar|2022-02-09 22:31:12|1|0|10159552335618904|facebook
Then the UN would have to step in a minority government leader turning the Army on peaceful Canadians cause the world doesn't believe your BS and JTs. Sorry the world is watching and they don't believe the lie's.|10159552361218904|Cary Mackenzie|2022-02-09 22:31:12|1|0|10159552335618904|facebook
Other than the fact Canada is a democracy and a country of law and order, sure, I guess.|10159552359713904|Sean Ledwich|2022-02-09 22:31:12|1|0|10159552335618904|facebook
how would you stop the government if you felt it was more of a dictatorship than a democracy|10159552368433904|Louise Michelle|2022-02-09 22:31:12|1|0|10159552335618904|facebook
Ask the truckers! ❤🇨🇦|10159552353018904|Maggie Ann|2022-02-09 22:31:00|0|0|10159552335618904|facebook
Insurrection !! Give us a break from your nonsense.|10159552377883904|Natalie Raine|2022-02-09 22:31:00|0|0|10159552335618904|facebook
it was an issue that was discussed in the campaign two parties opposed vaccine mandates (Con and PPC) and four supported (green, bloc, lib, NDP) the mandate supporting parties won.|10159552830948904|Alex Bunker|2022-02-09 22:31:06|1|0|10159552335618904|facebook
you’re no more a trucker then I am. Want to be, maybe?|10159552373718904|Hannah Woods|2022-02-09 22:31:13|1|0|10159552335618904|facebook
Time for the army|10159553428533904|Terry Gelinas|2022-02-09 22:31:00|0|0|10159552335618904|facebook
Unable or unwilling?|10159552444998904|Graham Carter|2022-02-09 22:31:00|0|0|10159552335618904|facebook
How about he put pressure on the coward of the country to stop his spoiled child I am not getting my own way so I will continue my temper tantrum top politician to come out from hiding and having everyone else doing his job and meet with these people instead of calling them names and dividing the country, he is the racist full of hate|10159552834368904|Distasi Mich|2022-02-09 22:31:00|0|0|10159552335618904|facebook
I have to wonder at the mentality or lack of education perhaps of some of the people commenting on here about communism. It seems they absolutely no idea what they are talking about|10159553253448904|Roland Lacey|2022-02-09 22:31:00|0|0|10159552335618904|facebook
good go ... N try|10159553450798904|Joanne Johnson-Meyers|2022-02-09 22:31:14|1|0|10159552335618904|facebook
The best is yet to come. Reinforcements are coming.|10159552354778904|Jay Hiner|2022-02-09 22:31:00|0|0|10159552335618904|facebook
That would be JTs job FJT|10159553454083904|Paul Sammut|2022-02-09 22:31:14|1|0|10159552335618904|facebook
Get the RCMP from B.C. off CGL guard duty!|10159552355508904|Shirley D. Johnson|2022-02-09 22:31:00|0|0|10159552335618904|facebook
f off!|10159553531243904|Stephen Rasmussen|2022-02-09 22:31:14|1|0|10159552335618904|facebook
People just can’t see that Communism is taking over this country . This a freedom convoy for all of us our kids and grandkids . The great reset plan is moving on from the man made pandemic that slowly took away peoples rights believing they were and are doing the right thing. These truckers are standing up for our freedoms they would rather be working making money or home with their family’s not parked on some street or highway standing up for all our Canadians freedom .|10159552953823904|Ray Usher|2022-02-09 22:31:00|0|0|10159552335618904|facebook
it will be the people of Ottawa asking for it. They already are.|10159552357798904|Matt Spears|2022-02-09 22:31:12|1|0|10159552335618904|facebook
oh yes … it’s so small that it triggered a state of emergency in just a few days 🤣|10159553532438904|Andrea Montanaro|2022-02-09 22:31:10|1|0|10159552335618904|facebook
"""flu trucks clan"" ROFL! I have to warn you now that I totally intend to steal that!"|10159552935398904|Alex Bunker|2022-02-09 22:31:06|1|0|10159552335618904|facebook
maybe the mayor should ask Trudeau to end this, he caused it, he is the one keeping it going|10159553641723904|Tom Fagan|2022-02-09 22:31:00|0|0|10159552335618904|facebook
this is literally grade school math. Yes, there is always debate in science. Usually with people that have data and knowledge on the subject. The opinions of truckers (or politicians) is not equivalent to that of what would be close to the entirety of the medical community. I would never take the opinion of a doctor on how to handle an 18 wheeler either. I trust the experts in their field with data to back the claims. Regardless the restrictions will come down, the provincial governments that actually control the mandates have been doing so for awhile. We will have none is Saskatchewan come Sunday. We were already heading there in a staged rollback for weeks because of science…….not truckers.|10159553651923904|Andrew Karvonen|2022-02-09 22:31:06|1|0|10159552335618904|facebook
of course a 20 year old is very unlikely to die of it who says I deny that BUT you have stated an ABSOLUTE CONCRETE UNTRUTH: It is PROVEN and widely accepted that getting vaccinated reduces the probability you transmit Covid a large number of vaccinated get and transmit covid BUT the probability is still PROVEN to be lower: https:// theconversation. com/ no-vaccinated-pe ople-are-not-ju st-as-infectiou s-as-unvaccinat ed-people-if-th ey-get-covid-17 1302 https:// www.theatlantic. com/ideas/ archive/2021/09/ the-vaccinated-a rent-just-as-li kely-to-spread- covid/620161/ https:// www.healthline.c om/health-news/ vaccinated-peopl e-can-transmit- the-coronavirus -but-its-still- more-likely-if- youre-unvaccina ted And best of all Nature: https:// www.nature.com/ articles/ d41586-021-02689 -y|10159553378503904|Alex Bunker|2022-02-09 22:31:06|1|0|10159552335618904|facebook
exactly what they will / have ( i have read ) are doing .... Can not rush a crowd ... They will not ... Be laughing telling us how awesome it is .... Soon i hope very soon|10159553440943904|Joanne Johnson-Meyers|2022-02-09 22:31:07|1|0|10159552335618904|facebook
I understand probabilities quite well. The vaccines are not reducing the probability of getting and spreading Covid. That should be obvious given the number of people who are vaccinated but still got Omicron this winter. Make the choice that’s right for you. Since you brought up probabilities, what is the probability a young person under the age of 20 will die from Covid compared to someone over the age of 80?|10159553367373904|Carey Closs|2022-02-09 22:31:06|1|0|10159552335618904|facebook
you never saw what he said to me. MYOB|10159553357603904|Steve Cobblehoff|2022-02-09 22:31:08|1|0|10159552335618904|facebook
I am also a scientist. A pharmaceutical researcher in fact 😀. What you say is exactly what the oil companies said about global warming and the cigarette companies said about smoking before them. It’s the common pattern of the far right of the political spectrum find someone with some educational credential who can be bought, put him up and undermine the consensus. Science always has a consensus, consensus could be wrong but changing it is a slow process best is for policy makers to go with the current consensus, any alternative is corruption, shifting consensus takes decades, maybe next pandemic we do things different but there is no alternative that is not corrupt than going with consensus.|10159553316923904|Alex Bunker|2022-02-09 22:31:06|1|0|10159552335618904|facebook
I have and know people who have been their. Still insane how they feel they need 3000 cops|10159554620838904|Josh Bos|2022-02-09 22:31:08|1|0|10159552335618904|facebook
Pander pander and them pander some more. It never gets old for the folks at CTV|10159552373128904|Tyler Popp|2022-02-09 22:31:00|0|0|10159552335618904|facebook
An insurrection? Wtf? It’s nothing like that.|10159552656308904|John Osborne|2022-02-09 22:31:00|0|0|10159552335618904|facebook
yeah exactly like 10 years ago there was all this “here is 100 scientists who don’t believe in global warming/ evolution etc…” you can find 100 people who could loosely be referred to as “scientists” who believe in whatever nonsense you want. Off the top of my head I can think of Nobel laureates who believe in eugenics, ESP, races have different IQs, women are inherently less intelligent than men etc…|10159553271388904|Alex Bunker|2022-02-09 22:31:06|1|0|10159552335618904|facebook
right they want to keep that WOOL over your eyes .... Just dancing loving happy people .... That go home each night .... It is the hangers on ovcupying ottawa streets .. Where is chages ... Pawn|10159553444648904|Joanne Johnson-Meyers|2022-02-09 22:31:03|1|0|10159552335618904|facebook
it's honestly too funny seeing the media spin this! 🤣|10159552775558904|Aaron Manikoth|2022-02-09 22:31:08|1|0|10159552335618904|facebook
https:// torontosun.com/ news/national/ majority-of-cana dians-want-covi d-restrictions- lifted-poll|10159552971383904|Carey Closs|2022-02-09 22:31:06|1|0|10159552335618904|facebook
did your master JT tell you that|10159553250333904|Paul Sammut|2022-02-09 22:31:08|1|0|10159552335618904|facebook
Sorry but I don’t understand gibberish?|10159553444258904|Carey Closs|2022-02-09 22:31:08|1|0|10159552335618904|facebook
Get all 1800 of them to find Trudeau|10159555875848904|Dave Cromarty|2022-02-09 22:31:00|0|0|10159552335618904|facebook
How is this an insurrection?|10159553052573904|Connor Mackenzie|2022-02-09 22:31:00|0|0|10159552335618904|facebook
This mayor should learn vocabulary. The liberal right to dissent is not an “insurrection”.|10159552390513904|Peter Ioannidis|2022-02-09 22:31:00|0|0|10159552335618904|facebook
no ... This is Canada ....|10159553445398904|Joanne Johnson-Meyers|2022-02-09 22:31:09|1|0|10159552335618904|facebook
no about 2/3 of Canadians support vaccine mandates: https:// www.hilltimes.co m/2022/02/07/ truckers-protest -reflects-rise- in-disruption-p olitics-increas ing-polarizatio n-say-political -insiders/ 342272|10159552958543904|Alex Bunker|2022-02-09 22:31:06|1|0|10159552335618904|facebook
No help from Doug.|10159552941758904|Bill Mcpherson|2022-02-09 22:31:10|1|0|10159552335618904|facebook
The army won't come so he ask for 1800 more cops which is probably more than the army can muster . Time to put a real mayor in thats eperieced as this guy at the first sign of trouble is having a meltdown.|10159552976018904|Brooks Matthews|2022-02-09 22:31:00|0|0|10159552335618904|facebook
did I ever claim the pharmaceutical industry is without sin?|10159553391523904|Alex Bunker|2022-02-09 22:31:06|1|0|10159552335618904|facebook
Have as much respect for what the truckers are saying as anti-vaxxers had for healthcare professionals. My body. My choice and all that.|10159552359993904|Jess Class|2022-02-09 22:31:00|0|0|10159552335618904|facebook
And you'll believe anything the Internet tells you.|10159552397418904|Jason Godin|2022-02-09 22:31:11|1|0|10159552335618904|facebook
we do not give in to ... Demandes|10159553452498904|Joanne Johnson-Meyers|2022-02-09 22:31:15|1|0|10159552335618904|facebook
