﻿comment|comment_ids|username|datetime|isreply|num_replies|post_id|label
The children have been taken into a volatile situation. Why are they not in school? They are subjected to noise, gas emissions, dirt, strangers, health hazards, mask-less and unvaccinated people during a pandemic, incredible noise levels etc. is food getting to them on a regular basis? What about sleep and toilet accommodations? So, I think every truck should be checked and the safety of every child verified! Housing children in a truck is not a “normal” behavior.|10159553987298904|Joanne Bradley|2022-02-09 21:16:29|1|10|10159553743233904|facebook
Have you been? Please continue to tell me how the children playing in bouncy castles, learning in activity zones, eating to their hearts content and watching round the clock disney movies on a big screen are so endangered.|10159553897843904|Sandra Salanki|2022-02-09 21:16:30|1|9|10159553743233904|facebook
Sounds a lot to me like when government took the native children away from their parents and put them into residential schools and we all know how that’s working out. Leave those kids alone, you didn’t care about them when you stole their parents fuel so as putting them at risk of freezing.|10159553839343904|Joyce Harland|2022-02-09 21:16:26|0|8|10159553743233904|facebook
Adam SD why can’t you be in charge? You seem well thought out and reasonable.|10159553792668904|David Szy|2022-02-09 21:16:37|1|7|10159553743233904|facebook
So these big brave truck drivers are using their kids as human shields....|10159553814723904|Robert Prowse|2022-02-09 21:16:26|0|6|10159553743233904|facebook
Is that why you are stopping fuel and other supplies from getting in? Because you’re concerned for the children?|10159553761258904|Troy Middleton|2022-02-09 21:16:26|0|6|10159553743233904|facebook
there is no “character” present among the lot of these fringe extremists. They won’t be learning much here.|10159553875508904|Charles Crosby|2022-02-09 21:16:44|1|4|10159553743233904|facebook
Maria Celikoz sure they are...😏|10159553826083904|Haley Argen|2022-02-09 21:16:36|1|4|10159553743233904|facebook
perhaps you should read what I posted. I never said anything about kids being there as misguided. I pointed out to the OP that the paper are reporting that kids are there and the police have had discussions with CFS. Those are facts and are being reported by the media.|10159554017878904|Gavin Don|2022-02-09 21:16:30|1|3|10159553743233904|facebook
Human shields. Shame on their parents.|10159553802058904|Karam Lafi|2022-02-09 21:16:26|0|3|10159553743233904|facebook
Lots of children are not in school because of mandates and school closures I wasn’t aware that being subjected to noise was grounds for a social services visit? Wasnt aware that breathing city air was cause for a social services visit? Didnt realize kids were not aloud to touch dirt or meet new people when accompanied by their parents? Not exactly sure what health hazards you are referring to? Pretty confident that being near maskless or unvaccinated people is not against the law. Im definitely not aware that social services might visit if they are near someone unvaccinated? Didnt realize that being in a long haul truck with sleeping/ living accommodations meant that you might not have food? Also wasnt aware that long haul truckers dont use the toilet when traveling. That must be a hard skill to learn.. every point you makes seems very valid and justified for social services to be involved. If you cared to educate yourself past the very limited coverage you are seeing in the news you would learn that they are very well fed. There is no noise through the night, there are bathrooms, there are even bouncy castles set up for the kids and lastly a very large amount of the protesters are vaccinated|10159554049388904|Aaron Nickerson|2022-02-09 21:16:29|1|3|10159553743233904|facebook
Are you expecting Justin to order drone strikes on the Freedom Convoy?|10159554234948904|River Sutton|2022-02-09 21:16:42|1|2|10159553743233904|facebook
not saying they don't. Just that Residential school was immensely more horrifying than you can imagine, and it shouldn't be used in this context, appreciated.|10159553863453904|Ryan Beardy|2022-02-09 21:16:33|1|2|10159553743233904|facebook
I belong to an ethnic minority . The organizers are infamous white supremacists . That’s not a good idea. I find it terrifying that someone anti government and far right was a teacher .|10159554896283904|Lauren Blatt|2022-02-09 21:16:45|1|2|10159553743233904|facebook
I assure you, lots of great life lessons are learned when kids spend time with their parents. As a teacher of 25 years, these kids are right where they need to be! Parents will guide their minds and mold their characters by explaining the situation. There are many incredible significant adults who will influence them as well, I assure you.|10159553932438904|Tim Page|2022-02-09 21:16:44|1|2|10159553743233904|facebook
sorry, re-read, but this is still a horrible news platform as they are not reporting on what is actually going on in Ottawa. I have friends there and relatives that live there. If the Canadian people want to hear news on anything now they can not rely on any news on the mainstream now. Such a shame, they do not lie, they just omit ... a lie by omission is still a lie.|10159554028008904|Donna Swica Fairley|2022-02-09 21:16:30|1|2|10159553743233904|facebook
nice of them to be there in sleeper trucks.. we all know they have been well fed... and laughing and having fun... its out there the World is Watching and have been watching... the only threat that has been near them have been the Ottawa Police and other police from other citys around the province showing up in full tact knowing there are kids to steal the fuel that keep the heat on for them.... sickening display... very saddened.. 👎👎👎|10159553927268904|Roger Pilotte|2022-02-09 21:16:26|0|2|10159553743233904|facebook
Considering some of these trucks are designed to be lived in, unless there is harm to the children….there isn’t an issue. And before anyone whines about the kids should be on school, might wanna check yourself and see if it’s ok to take your kids out of school to go on a vacation…..|10159553982328904|Ian Andrew|2022-02-09 21:16:27|0|1|10159553743233904|facebook
and  No one Demanded that they be there.....!!! They should have stayed home ........|10159555447283904|Gordon Launchbury|2022-02-09 21:16:32|1|1|10159553743233904|facebook
these children belong in school or they’ll end up like their parents|10159554047258904|Denis Smith|2022-02-09 21:16:34|1|1|10159553743233904|facebook
you do realize kids are pretty bright, they recognize that they’ve been suffering as well over the last couple of years. They understand what they’re doing and why they’re there. It’s easy to simply believe ones personal ideas of what they think is going on, it’s harder to actually have a willingness to fully understand what’s going on. Perhaps try watching the numerous unedited live feeds. You may just learn something 😉|10159554035033904|Ashley Martin|2022-02-09 21:16:34|1|1|10159553743233904|facebook
they mean the kids that have been instrumentalize d to push their parent’s narrative|10159554030573904|Denis Smith|2022-02-09 21:16:34|1|1|10159553743233904|facebook
Oh you mean the kids (families) that have also been detrimentally impacted by divisive mandates. You mean the kids that got to see such much love, hope and well wishes from a country as they traveled across Canada with their parents? You mean kids that have been laughing and playing with the other kids who also joined their parents on their trek across Canada. Those same kids that got to play in bouncy castles and got to enjoy a Canadian game of hockey? The kids who’s futures will be forever shaped by learning what it means for standing up for you believe is right and just. You mean the kids that may just become our future leaders and willingly speak out when the marginalized are being oppressed! Ya, those kids will be just fine. Perhaps if the media would stop their gross mischaracteriza tion of the movement, people would have seen their happy smiling faces since day 1.|10159554018298904|Ashley Martin|2022-02-09 21:16:26|0|1|10159553743233904|facebook
They have more support that our PM does and not going anywhere.🇨🇦🇨🇦🇨🇦|10159555586628904|Tanya Kyssa|2022-02-09 21:16:32|1|1|10159553743233904|facebook
So what you're saying is, let people get away with what they want. Do you let you're kids do what they want?|10159556604038904|Hans Kaufeld|2022-02-09 21:16:42|1|1|10159553743233904|facebook
Yes... They are just family men wanting to spend time with their kids at an event where there are Nazis and Confederate flags and the possibility of violence and police raids...  I guess just a family barbecue in the backyard was not adventurous enough, right?  Like, there was no other place or no other way in which these family men could have spent time with their children?  Really?!?  The kids are being used as human shields.  Let's call a thing what it is.|10159554653818904|Douglas Connors|2022-02-09 21:16:33|1|1|10159553743233904|facebook
What about school ?|10159553795633904|Lauren Blatt|2022-02-09 21:16:28|0|1|10159553743233904|facebook
best education they will ever have. They are learning to actually do something of value with the people who know how to shape their character. Good parenting!|10159553859473904|Tim Page|2022-02-09 21:16:44|1|1|10159553743233904|facebook
sorry this aint Palestine. They are family men wanting to spend time with their kids.|10159553839558904|Ben Hill|2022-02-09 21:16:33|1|1|10159553743233904|facebook
Bad parenting. Imagine what they’re seeing and hearing. For example, Pat King’s foul mouth.|10159553874263904|Jo-Anne Douglas|2022-02-09 21:16:27|0|1|10159553743233904|facebook
Easy. Those kids belong to the trucker’s parents. Period. When you help with their welfare, you behave like our “we know what’s best for your kids” government of the past.|10159553856298904|Tim Page|2022-02-09 21:16:33|1|1|10159553743233904|facebook
How dare you try compare!|10159553850043904|Ryan Beardy|2022-02-09 21:16:33|1|1|10159553743233904|facebook
I’m not sure where you live but schooling has been online since December in my neck of the woods. Not to mention life experiences also provide opportunities for learning.|10159554104883904|Ashley Martin|2022-02-09 21:16:34|1|1|10159553743233904|facebook
You're being emotional, not logical.|10159556930838904|Hans Kaufeld|2022-02-09 21:16:43|1|1|10159553743233904|facebook
Those kids should be checked by Family Services.|10159553896233904|Joanne Bradley|2022-02-09 21:16:26|0|1|10159553743233904|facebook
NB schools have been back in person since the end of last month &much earlier elsewhere but ok.  If you dont see the problem in taking kids out of school to participate in an illegal siege, I am not surprised you are supporting a white supremacy safe space.|10159554124013904|Denis Smith|2022-02-09 21:16:34|1|1|10159553743233904|facebook
Just a question . When the top US medical advisors tell committees that vaxxed or non vaxxed almost everyone will catch and spread Covid why do we need mandates and restrictions passports at all ? Our science spewing PM certainly is a prime example of that truth 2 jabs and a booster oh my he caught Covid|10159553929978904|Thomas Ted Halley|2022-02-09 21:16:36|1|1|10159553743233904|facebook
That sounds like wilful endangerment!|10159553774768904|Michael Patterson|2022-02-09 21:16:26|0|1|10159553743233904|facebook
Why not let your kids be part of history? Plus there's bouncy castles.|10159553824598904|Ryan Boer|2022-02-09 21:16:26|0|1|10159553743233904|facebook
the parents are radicalized and using the kids as human shields against authorities.|10159553856618904|Steven Katona|2022-02-09 21:16:37|1|1|10159553743233904|facebook
These ‘incredible’ parents appear to using their children as collateral against any punitive actions to have this blockade removed. These are the kind of people I should have respect for???😳|10159553926913904|Brenda Szewc Bianchi|2022-02-09 21:16:26|0|1|10159553743233904|facebook
school was my first thought too! 🙈|10159554217743904|Amie Beaton|2022-02-09 21:16:36|1|1|10159553743233904|facebook
I as a scout leader had kids sleeping in tents -20 or colder , Lol they had to cook and clean camp ex , the only difference it was in the bush .We had no one calling the children authority.|10159554266403904|Jan Hall|2022-02-09 21:16:26|0|1|10159553743233904|facebook
You're simply taking it out of context. Any sensible person would know that's not a very good environment.|10159556598213904|Hans Kaufeld|2022-02-09 21:16:41|1|1|10159553743233904|facebook
If that is the case, it is totally disgusting. It's no different than ISIS using their children to avoid being hit by drones. They value their selfishness more than their children. That would be a sign of cowardice. Social Services should be getting involved.|10159553960923904|Hans Kaufeld|2022-02-09 21:16:26|0|1|10159553743233904|facebook
Ray Lo It's no different than the minds of the protesters.|10159554183398904|Hans Kaufeld|2022-02-09 21:16:42|1|1|10159553743233904|facebook
then we should all become Mayors as that would be one hell of a bill.|10159553851618904|Kathy Mccormack|2022-02-09 21:16:36|1|1|10159553743233904|facebook
do you have young children? If not, you have no right to speak.|10159554140013904|Mary La|2022-02-09 21:16:34|1|1|10159553743233904|facebook
Made no sense whatsoever why they took fuel in the first place, truckers sleep in their cabs all the time. Firewood in some cases. Freedom Convoy has the funds for hotel accommodations, all booked, no cars in the lots. It’s been speculated that the mayor bought all nearby accommodations, not sure if that’s true, but makes one wonder.|10159553832328904|Mary Lou Mandamin|2022-02-09 21:16:36|1|1|10159553743233904|facebook
yeah, someone did try to burn down an apartment. Now if they with you or not, you're creating an easily exploitable situation.|10159553768688904|Lee King Snach|2022-02-09 21:16:36|1|1|10159553743233904|facebook
Now the media is concerned about children .these people are fine with out the long arm of government intervention .|10159556066088904|Don Gelinas|2022-02-09 21:16:27|0|1|10159553743233904|facebook
do you want to have a civil dialog or would you rather continue demeaning people?|10159555358188904|Mary La|2022-02-09 21:16:34|1|1|10159553743233904|facebook
what|10159554640813904|Denis Smith|2022-02-09 21:16:34|1|1|10159553743233904|facebook
Just like Greta!|10159554639918904|Leslie Robertson|2022-02-09 21:16:34|1|1|10159553743233904|facebook
so no freedumb for you?|10159554615693904|Denis Smith|2022-02-09 21:16:34|1|1|10159553743233904|facebook
you're out to lunch 🤡🤡🤡🤡🤡🤡|10159554602723904|Mary La|2022-02-09 21:16:34|1|1|10159553743233904|facebook
Just another dirty tactic by our city and their hired goons to harass these peaceful truckers. Go find some real criminals to go after as these truckers aren’t going anywhere!|10159554720918904|Tanya Kyssa|2022-02-09 21:16:26|0|1|10159553743233904|facebook
arent you advocating for freedom of speech? 😂😂😂🤡|10159554146253904|Denis Smith|2022-02-09 21:16:34|1|1|10159553743233904|facebook
judging other parents and implying what is happening is a Justin liberal tactic, just flapping gums as you paint others as the problem.|10159553934908904|Sebas Ribeiro|2022-02-09 21:16:43|1|1|10159553743233904|facebook
Bad parenting|10159553814948904|Kenneth W. McDonald|2022-02-09 21:16:28|0|1|10159553743233904|facebook
It’s the best education they will ever have. They are learning to actually do something of value with the people who know how to shape their character. Good parenting!|10159553860548904|Tim Page|2022-02-09 21:16:45|1|1|10159553743233904|facebook
So if there was a bouncy house in a strip club, it would then be ok. Children's minds are very fragile and the environment plays a big part in their development. The actions of their parents is a great example.|10159554057718904|Hans Kaufeld|2022-02-09 21:16:30|1|1|10159553743233904|facebook
check the videos on line ... trucker convoy bouncy house and other videos that the lame media is not reporting on. I know several people that are in Ottawa and have lots of videos of the children ... smiling... no masks. The media is not reporting on the truth of what is actually happening. research ... Trucker convoy Canada and watch the thousands of videos that they will not show.|10159554010538904|Donna Swica Fairley|2022-02-09 21:16:30|1|1|10159553743233904|facebook
They could have friends or family looking after them.|10159554001178904|Hans Kaufeld|2022-02-09 21:16:30|1|1|10159553743233904|facebook
Why are they a horrible paper? They’re reporting that there are kids involved and that the police have spoken to CFS. Those are facts. I thought that’s what their supporters were all about.|10159553890938904|Gavin Don|2022-02-09 21:16:30|1|1|10159553743233904|facebook
You're a horrible paper. If they would have left their children at home you'd be calling abandonment. They are fine, they are entertained, warm, fed and most importantly with family. If you want to bring focus to child welfare call foul on how the poverty percentage has doubled for families with small children during the pandemic.|10159553881158904|Sandra Salanki|2022-02-09 21:16:26|0|1|10159553743233904|facebook
YES they are. But there is no arguing with stupid. If they would stop getting facts?? From Trump and fox news they might actually learn something. Some of them are even saying climate change is a lie...smh😣like I said you can't change or argue with stupid.|10159556492523904|Becky Bowditch|2022-02-09 21:16:29|1|1|10159553743233904|facebook
https:// www.theglobeandm ail.com/canada/ article-children s-aid-to-assess -sanitation-saf ety-of-kids-liv ing-in-trucks/ ?utm_campaign=so phi-pop&utm_med ium=post&utm_so urce=facebook&f bclid=IwAR2bLWL VQXwwNj4JTymzlU 7m49V_dDcNuIUvI aZA6pgDw-e_a3Y7 CZDODJI|10159555048473904|Joanne Bradley|2022-02-09 21:16:29|1|1|10159553743233904|facebook
good parenting would be teaching your kids to feed and shelter the homeless...not turning them into the homeless.|10159553864273904|Kenneth W. McDonald|2022-02-09 21:16:45|1|1|10159553743233904|facebook
https:// fb.watch/ b3KeAhffke/|10159554980128904|Tim Page|2022-02-06 18:06:00|1|1|10159553743233904|facebook
you people call those who believe in science and proper public health measures sheep, well you are surely an ostrich. Bury your head in the sand and ignore the truth looking you right in the eye.|10159554180138904|Scott Mills|2022-02-09 21:16:29|1|1|10159553743233904|facebook
Human shields.|10159553999608904|Lynda Jean|2022-02-09 21:16:28|0|1|10159553743233904|facebook
Yup there going to grow up to not obay the law just like there parents|10159554019053904|Kenneth Hill|2022-02-09 21:16:29|1|1|10159553743233904|facebook
wow|10159553909983904|Wendy Williams|2022-02-09 21:16:28|0|1|10159553743233904|facebook
no are you? Or better yet should there be a right to randomly check every family. Should social services be checking in on your family to make sure things are ok? Thats the whole point of this protest. Canadians should be treated equally. There shouldnt be different classes of citizens. If you want social services to randomly check familys without cause you should welcome them into every friend or family member of yours as well|10159553978078904|Aaron Nickerson|2022-02-09 21:16:29|1|1|10159553743233904|facebook
How would you know? You checking every truck?|10159553960693904|Joanne Bradley|2022-02-09 21:16:29|1|1|10159553743233904|facebook
on what grounds? Are they not being cared for? Are they not fed? Are they not with their parents? WTH is wrong with you 🤦‍♂️|10159553941023904|Aaron Nickerson|2022-02-09 21:16:29|1|1|10159553743233904|facebook
"the point he was making is that the newspaper is reporting the news. You calling them ""horrible"" for that unreasonable."|10159554091758904|Sean Ledwich|2022-02-09 21:16:30|1|1|10159553743233904|facebook
I don't know how you can say I'm entitled. Certainly the protesters are acting like they're entitled, disrupting everyone's lives, preventing people from getting to their jobs, polluting the environment. Oh, I guess you don't believe in pollution. Perhaps you should learn about it a bit more, find out what diesel fumes can do.|10159556736633904|Doris Dallaire|2022-02-09 21:16:38|1|1|10159553743233904|facebook
Ray Lo I think that you mean piece .|10159554623188904|Lauren Blatt|2022-02-09 21:16:44|1|1|10159553743233904|facebook
They also learn that democracy actually involves sacrifice, work, action and using your voice. It costs time, money and resources. Democracy pushes you out of your comfort zone and you do a lot of this together. I am bringing my eleven year old son up to Ottawa this weekend for three days again. I do this partly for his development. We enjoy the time together but make no mistake about it, I teach him that life is not always about fun.  He personally and respectfully engages with the police and tells them about how they may be breaking the Constitution with their unjust actions. He is being molded, as so many other children up there, to critically think and articulate his beliefs. That’s not having a temper tantrum. Blessings|10159554782303904|Tim Page|2022-02-09 21:16:44|1|1|10159553743233904|facebook
Are you going to give your son a Nazi or Confederate flag ? Will you show him how to urinate on the Tomb of the Unknown Soldier ? If you want to teach him about democracy , take him with you to the voting booth during the next election . We don’t have insurgencies to change government. We have elections . If you prefer insurgencies , there are countries in Central and South America to meet your needs .|10159554788173904|Lauren Blatt|2022-02-09 21:16:44|1|1|10159553743233904|facebook
why is that important?|10159555371978904|Ted Keller|2022-02-09 21:16:30|1|1|10159553743233904|facebook
Sorry Lauren, you obviously have not been to the protests and you’re speaking out of ignorance. I cannot help that. As a teacher of 25 years, I really feel bad when people are duped and refuse to get accurate information. Please go to the organizers interviews if you cannot get to Ottawa yourself. Best of luck.|10159554793468904|Tim Page|2022-02-09 21:16:45|1|1|10159553743233904|facebook
why is what important?|10159555459688904|Gavin Don|2022-02-09 21:16:30|1|1|10159553743233904|facebook
the fact that there are children there.|10159555605038904|Ted Keller|2022-02-09 21:16:30|1|1|10159553743233904|facebook
Common, Liberals. Where is the call to prosecute parents and forcefully placing children in foster care? You can do it!|10159554372278904|Oleg Kolenberg|2022-02-09 21:16:27|0|0|10159553743233904|facebook
Becky Randall INSANE! It just gets crazier and crazier by the day! Wtf|10159553765778904|Carly Lumsden|2022-02-09 21:16:26|0|0|10159553743233904|facebook
We are very saddened & frustrated by this action by the protestors. Prime minister Trudeau, please get this issue asap. China has spread the virus around the world & our fellow citizens have to pay the Price. This is unacceptable & Trudeau & the federal government must resolve this issue asap|10159553948893904|Suren Sivapalan|2022-02-09 21:16:26|0|0|10159553743233904|facebook
, why would you say or think that? Are you like the rest of the communists and demanding big government use Canadian troops on Canadian citizens?|6942234382513529|Doug Ramsay|2022-02-09 21:16:46|1|0|10159553743233904|facebook
i think h a no no sir...and what do you do?|10159553764583904|Li Eron|2022-02-09 21:16:26|0|0|10159553743233904|facebook
Good, Arrest all Public Office Holders, and Parliamentarian s|10159553822533904|Dale Dutchak|2022-02-09 21:16:28|0|0|10159553743233904|facebook
I don’t understand why the presence of children makes any difference to enforcing the law. Do laws not apply to adults who have families? Do banks foreclose on houses where children are living? Are drunk drivers given a pass if there are children in the car?|10159556374633904|Patti Myles|2022-02-09 21:16:28|0|0|10159553743233904|facebook
yeah your right my bad,lol|10159556677723904|Jan Hall|2022-02-09 21:16:41|1|0|10159553743233904|facebook
Yep, they're truckers. The kids are fine. Hey JT. ....Time to take the high road|10159553986603904|Daniel O'Keefe|2022-02-09 21:16:26|0|0|10159553743233904|facebook
please think before you spew venom.|10159554139083904|Mary La|2022-02-09 21:16:41|1|0|10159553743233904|facebook
Those are Canadians peacefully loving there lives. Making right what JT has done wrong. God bless ya all,and I'm far from religious|10159554274788904|Cary Mackenzie|2022-02-09 21:16:26|0|0|10159553743233904|facebook
These kids quite simply are being used as human shields by their parents. I pity these poor kids being led into this situation by their ignorant parents.|10159554182843904|Scott Mills|2022-02-09 21:16:27|0|0|10159553743233904|facebook
|10159553857848904|Tim Page|2022-02-09 21:16:40|1|0|10159553743233904|facebook
So what, have you never been camping in a truck. I took my kids camping in the woods at -45 c many a time in a rent. They get it, and now the powers that be refuse fuel and food, I think they got it backwards, parents will do more for their children than gov ever will|10159554196788904|Peter Van Veggel|2022-02-09 21:16:28|0|0|10159553743233904|facebook
Ray Lo I think that you mean piece .|10159554623183904|Lauren Blatt|2022-02-09 21:16:44|1|0|10159553743233904|facebook
Ray Lo lol. Fair enough|10159554146293904|Todd McGowan|2022-02-09 21:16:40|1|0|10159553743233904|facebook
lol. Get a grip on yourself. Who wouldn’t bring their kids?|10159553923538904|Todd McGowan|2022-02-09 21:16:40|1|0|10159553743233904|facebook
Those kids belong to the trucker’s parents. Period. When you help with their welfare, you behave like our “we know what’s best for your kids” government of the past.|10159553857418904|Tim Page|2022-02-09 21:16:40|1|0|10159553743233904|facebook
the kids are human shields against the authorities! something must be done!|10159553857318904|Steven Katona|2022-02-09 21:16:40|1|0|10159553743233904|facebook
Ray Lo why not ask the sociopaths who are occupying Ottawa to stop .|10159554168258904|Lauren Blatt|2022-02-09 21:16:44|1|0|10159553743233904|facebook
Adam SD yeah, yeah and the earth is flat and only 6000 years old.|10159554038753904|Michael Patterson|2022-02-09 21:16:39|1|0|10159553743233904|facebook
These peope do not care about Kids or anyone else there there from bad Trump Blood all for themself born that way & will die that way|10159554022813904|Kenneth Hill|2022-02-09 21:16:39|1|0|10159553743233904|facebook
its dangerous! authorities need to step in quickly! its cold outside and without fuel those kids are in real danger!|10159553858003904|Steven Katona|2022-02-09 21:16:39|1|0|10159553743233904|facebook
they learning to become selfish sociopaths.|10159554046943904|Lauren Blatt|2022-02-09 21:16:44|1|0|10159553743233904|facebook
using kids as human shields never before seen in Canada|10159554565498904|Lorraine Thomas|2022-02-09 21:16:26|0|0|10159553743233904|facebook
so nice of them to use little human shields... can't believe the length some degenerates will go.|10159555071063904|Ryan-Alexander McLeod|2022-02-09 21:16:28|0|0|10159553743233904|facebook
We help feed the unfortunate in Hamilton through Out-of-the-Cold . But when I go to Ottawa with my eleven year old son, we participate in many other valuable life events. As a retired teacher with 25 years experience, I attest that the greatest lessons are when kids are surrounded by articulate adults and parents. I assure you that many protesters in Ottawa are articulation valuable lessons that my son needs to hear. He is right where he needs to be: in Ottawa with me.|10159554789813904|Tim Page|2022-02-09 21:16:45|1|0|10159553743233904|facebook
yeah ok|10159554116783904|Brandon Bartlett|2022-02-09 21:16:42|1|0|10159553743233904|facebook
And the police are stealing their necessities of life from them.|10159554083443904|Brandon Bartlett|2022-02-09 21:16:27|0|0|10159553743233904|facebook
yes they do as I do.they have seen the corruption and destruction first hand that our family has suffered.|10159556613643904|Don Gelinas|2022-02-09 21:16:42|1|0|10159553743233904|facebook
https:// fb.watch/ b3KeAhffke/|10159554979938904|Tim Page|2022-02-06 18:06:00|1|0|10159553743233904|facebook
I’m sorry . I made the assumption because you are supporting the occupation of Ottawa by far right anti government thugs .|10159555064538904|Lauren Blatt|2022-02-09 21:16:45|1|0|10159553743233904|facebook
More like 100 kids CAMPING in the trucks! Stop trying to make it sound worse than what it really is.|10159554126058904|Lisa Tracey|2022-02-09 21:16:28|0|0|10159553743233904|facebook
Some terrible parents right there.|10159554562238904|Johnny Cone|2022-02-09 21:16:28|0|0|10159553743233904|facebook
https:// fb.watch/ b3KeAhffke/|10159554979788904|Tim Page|2022-02-06 18:06:00|1|0|10159553743233904|facebook
Far from it, but thanks!!|10159556931528904|Ian Andrew|2022-02-09 21:16:43|1|0|10159553743233904|facebook
Now all the parents with kids forced to wear masks in school can empathize.|10159553903158904|Michael Doherty|2022-02-09 21:16:28|0|0|10159553743233904|facebook
No one ever in 25 years of teaching ever said I was any of those things. Please be careful with your words. You do not even know anything about me. And I will be careful not to label you. Blessings|10159554937823904|Tim Page|2022-02-09 21:16:45|1|0|10159553743233904|facebook
What kind of pathetic parents would involve their children in a protest that could possibly put them in harms way 😡|10159553892583904|Susan Larocque|2022-02-09 21:16:28|0|0|10159553743233904|facebook
Why bring your kids|10159553961768904|Graham William Wood|2022-02-09 21:16:28|0|0|10159553743233904|facebook
Maybe they don’t have multimillion cottages founded by taxpayers to stow every their families, maybe they don’t have a nanny per child funded per taxpayers, or over 700 000 in child support, funded by taxpayers. Maybe that truck is their livelihood, maybe they rather stay together as family through difficult time. But would this removed from reality overgrown man-child understand any of this.|10159554272128904|Bogumila Siedlanowska|2022-02-09 21:16:28|0|0|10159553743233904|facebook
Awesome! ❤️❤️🇨🇦🇨🇦best learning experience they can get right now! 🇨🇦|10159553864268904|Doug Wilcox|2022-02-09 21:16:27|0|0|10159553743233904|facebook
so what ? These kid see this as an adventure. They are used to dad (or mom) being gone and not seeing them for weeks on end. What kid does not like to camp out with mom and dad...seeing all this action, and being part of history. Does this mean that kids living in a camper for a month on family vacations are being abused ? Living in a truck temporarily, especially those with sleepers, with their parents is by far better that what a lot of kids live in everyday...ther e are kids that live in ghettos and drug infested neighborhoods, there are kids that live in areas with drive by shootings all the time...I would venture to say, these kids are in a way better place than that. This is a FAMILY event ...leave them be.|10159554294673904|Luba Kalnins|2022-02-09 21:16:27|0|0|10159553743233904|facebook
Simple.. start apprehending the children, and charge the parents with child endangerment.  No sensible parent would bring there child to an event like this.  Unreal.|10159554388963904|Michael Snow|2022-02-09 21:16:28|0|0|10159553743233904|facebook
they are learning to throw a childless tantrum until they get what they want. They are learning to urinate on the tomb of the unknown soldier , wave Nazi flags , disturb the peace . Great - they are being taught to become selfish sociopaths.|10159554045683904|Lauren Blatt|2022-02-09 21:16:44|1|0|10159553743233904|facebook
Hope they are all investigating by child protection service.|10159553981818904|Joyce Rankin|2022-02-09 21:16:26|0|0|10159553743233904|facebook
God Bless Our Truckers and Families and Military Veterans Truckers ...|10159555181588904|Robert Lem|2022-02-09 21:16:26|0|0|10159553743233904|facebook
if you believe what your saying, cool food for the kids bring some extra blankets and go to Ottawa and bring them to the kids, brings stuff to them, talk is useless, if you really believe what you are saying go help them, if not quit wasting peoples time with opinions|10159558185158904|Lance Barber|2022-02-09 21:16:38|1|0|10159553743233904|facebook
You ARE the problem. Children should not be there with Nazi flags, confederate flags, drinking, peeing in the streets and right wing racists.|10159555790603904|Jo-Anne Douglas|2022-02-09 21:16:43|1|0|10159553743233904|facebook
"Ray Lo lol. You all keep saying that ... You should know ... The more people who join each platform ... Lol. That is what makes it ""mainstream""... almost sounds like its coming from my ""putter"" ... Numbnuts"|10159555815568904|Joanne Johnson-Meyers|2022-02-09 21:16:42|1|0|10159553743233904|facebook
If that's what you read, then you're the one with the warped mind. A person with an average aptitude would know exactly what I meant.|10159554904398904|Hans Kaufeld|2022-02-09 21:16:42|1|0|10159553743233904|facebook
Maybe those kids should be taken away and put somewhere safe, like residential schools hey? Brilliant!|10159554664438904|Rob Morris|2022-02-09 21:16:42|1|0|10159553743233904|facebook
I wouldn't put it past him, he he could find a sneaky way and then blame someone else.|10159554646568904|Leslie Robertson|2022-02-09 21:16:42|1|0|10159553743233904|facebook
I empathize with your situation, but we should not be held hostage because that's going to set a bad precedent for our children's future. Right now people are emotional, but once people are down from their emotional high and become more logical, they'll realize it has more negative consequences, which we will all pay for. If we don't like something we can always vote them out. No excuses. There is no such thing as no time.|10159556669613904|Hans Kaufeld|2022-02-09 21:16:42|1|0|10159553743233904|facebook
pfft.|10159553940138904|Shawn Rogers|2022-02-09 21:16:44|1|0|10159553743233904|facebook
Sad that they are being used as a shield for their parents' seditious behaviour. Why are they not in school???|10159553821293904|Haley Argen|2022-02-09 21:16:26|0|0|10159553743233904|facebook
and  No one Demanded that they be there.....!!! They should have stayed home ........|10159555448263904|Gordon Launchbury|2022-02-09 21:16:38|1|0|10159553743233904|facebook
we shall have to agree to disagree.. as I am well informed of the environment and not thru government owned and operated news media..|10159556639018904|Roger Pilotte|2022-02-09 21:16:31|1|0|10159553743233904|facebook
"Your post = AKA ""Tell me you are so misguided that you would advocate for abusing your own children to get back at your government without telling me you are so misguided that you would advocate for amusing your own children to get back at your government.""  Ick!  Eep!  Ugh!  Here's a tip: If you want the papers to stop printing things you think are horrible about you and the people you support, perhaps you and the people you support should stop doing horrible things?  This truly is a case of stop lying about the government/ media and the government/ media will stop telling the (inconvenient and unflattering) truth about you."|10159554611128904|Douglas Connors|2022-02-09 21:16:30|1|0|10159553743233904|facebook
They are being kept in a cell.|10159554618363904|Mike McCormick|2022-02-09 21:16:30|1|0|10159553743233904|facebook
", obviously, has never heard of a babysitter, or leaving a child with a trusted relative.  Notice how for her the only two options are bringing the kid into a potentially violent situation where there are weapons or abandon it.  There are no other options, none at all, anywhere along the spectrum for her.  And, then, after that display of extremely limited and uncreative thinking... She is going to hold herself up online as an authority on child welfare who has the final word on the matter?  Nah...  People who willingly reduce their lives to every choice necessarily being between only the two most extreme options, all the time, are deeply happy and very angry people for whom I have great pity.  Theirs is the last advice/take one should consider as being ""reality"".  They are already too far gone down the rabbit hole...  It is to pity, indeed.  Can you imagine going through life coming choosing to believe that everyone and everything is against you?  It must be an awful life; it certainly is, in my opinion, not a way to live."|10159554630628904|Douglas Connors|2022-02-09 21:16:30|1|0|10159553743233904|facebook
"What  meant to say (if you include all the inconvenient bits she deliberately cut out):  ""Have you seen the videos of the children (very few of whom are fully vaccinated; none of whom are vaccinated if they are 0 to 5 years of age) smiling without masks (while COVID is circulating in society at rates so high we can cannot even calculate the r factor) playing in bouncey castles (erected very close to places where was being stored a combination of gasses that could've gone 💥 at any moment) and helping (at an event at which when the Nazi flags, Confederate flags, and swastika showed up, their parents didn't know better than to leave).""  Fixed it for ya!  Please, please, please, do share online your videos of all of these people abusing their children; I'm sure it's going to make it much easier for the authorities to make their cases in family court, if you wish to be kind enough to just volunteer the evidence and sell ""your friends"" down the river...  To make a point on Facebook...  Sigh...  And you call the paper ""misguided"".  So many people who believe that adults in the room telling them: ""No. You can't / shouldn't do that"" are people trying to do them harm rather than trying to keep them alive.  SMH  I pity you.  How horrible life must be when you feel you need to fight against everyone who was just trying to help you..."|10159554640498904|Douglas Connors|2022-02-09 21:16:30|1|0|10159553743233904|facebook
No one Demanded that they be there.....!!! They should have stayed home ........|10159555445143904|Gordon Launchbury|2022-02-09 21:16:30|1|0|10159553743233904|facebook
Never said it was. The OP called the paper horrible. I simply pointed out that they were reporting the facts.|10159555806743904|Gavin Don|2022-02-09 21:16:30|1|0|10159553743233904|facebook
"as was stated ... Using your/ their own children ... To shield themselves. "" n others"" ... From the mean polic"|10159555812648904|Joanne Johnson-Meyers|2022-02-09 21:16:31|1|0|10159553743233904|facebook
They would have had fun in a strip club too, but is that the kind of environment kids should be in? No!|10159556592603904|Hans Kaufeld|2022-02-09 21:16:31|1|0|10159553743233904|facebook
good for the children to witness their own future starting with the lowest level of respect!|10159554808178904|Bejot Cat|2022-02-09 21:16:26|0|0|10159553743233904|facebook
go back into your parents basement and put on your Neil young albums|10159555132203904|Gord Nästy|2022-02-09 21:16:33|1|0|10159553743233904|facebook
And they are well cared for Children of History taught us to chose Freedom over Coercion|10159553998943904|Yann Bossel|2022-02-09 21:16:26|0|0|10159553743233904|facebook
Honestly!! I always think that Canadians are super sensible. We’ll, I guess the vast majority are. 🇨🇦|10159554394963904|Erica Marks|2022-02-09 21:16:26|0|0|10159553743233904|facebook
Adam SD and  No one Demanded that they be there.....!!! They should have stayed home ........|10159555446228904|Gordon Launchbury|2022-02-09 21:16:31|1|0|10159553743233904|facebook
They are now holding the country hostage and that is wrong. You may be backing them now, but you'll be singing a different tune when you're inconvenienced. In other words you're being selfish.|10159556583343904|Hans Kaufeld|2022-02-09 21:16:32|1|0|10159553743233904|facebook
remind me not to stay at your Inn. Go back to changing beds.|10159553835808904|Ian Robinson|2022-02-09 21:16:33|1|0|10159553743233904|facebook
Love how Trudeau blamed his covid on his kids but not surprised nothing is ever his fault ask the ones he has thrown under the bus|10159553922268904|Thomas Ted Halley|2022-02-09 21:16:33|1|0|10159553743233904|facebook
Folks like you and thoughts like this are why we are stuck here. There is NO heart in the comment. No logic. No fellow humans. No compassion. It smacks of privilege and probably a choice to not step out of your comfort zone and speak with, watch or engage with these folks, maybe because they are beneath you?  Heck, you might even be JT's speech writer....🤷|10159553990248904|Daniel O'Keefe|2022-02-09 21:16:33|1|0|10159553743233904|facebook
What a moronic comment|10159554058198904|Richard Husar|2022-02-09 21:16:33|1|0|10159553743233904|facebook
apparently if you don’t like what’s being reported or it doesn’t follow your agenda it’s a horrible paper.❄️|10159554508668904|Manny O'Sullivan|2022-02-09 21:16:30|1|0|10159553743233904|facebook
they’re only ‘all about the facts’ when their side are making claims like there’s eleventeenBilli ons of people coming to support the Omicrovoy.|10159554327073904|Logan Creed|2022-02-09 21:16:30|1|0|10159553743233904|facebook
I think you're trying to deflect. Nothing makes that neglect right. Horrible bullies.|10159554185688904|Craig Lindsay|2022-02-09 21:16:30|1|0|10159553743233904|facebook
You should cancel your subscription! Or better yet scroll by…|10159554139728904|Muffler High|2022-02-09 21:16:30|1|0|10159553743233904|facebook
Yet our so loving government makes it so their parents can not provide for them. Funny how control freaks missed that. So were is your child? Oh that's right out wandering the streets.|10159554002863904|Fitzroy Antdantilus|2022-02-09 21:16:29|1|0|10159553743233904|facebook
😳|10159554007043904|Heidi Rix|2022-02-09 21:16:29|1|0|10159553743233904|facebook
I realize in your entitled, privileged world it might not be considered normal in your eyes. If in the last two years with kids being forced to be homeschooled, locked down and people struggling to make a living/survive if some trucking family needed to make a living and wanted to stay together as a family and are now jobless because of a mandate that (who a liberal mp announced today) has no science behind it. Then why wouldnt they be there together trying to stand up for their rights|10159554021703904|Aaron Nickerson|2022-02-09 21:16:29|1|0|10159553743233904|facebook
Bingo👍|10159554057623904|Jennifer Salonen Otis|2022-02-09 21:16:29|1|0|10159553743233904|facebook
are you ok???? What kind of assinine comment is that???|10159554126418904|Mary La|2022-02-09 21:16:29|1|0|10159553743233904|facebook
Absolutely! A child having parents present with them for 10 days? Sleeping in a truck just like camping in a motorhome/ trailer in the old days? I bet they don't even have any Fortnites or TikToks!! Let alone re-education courtesy of the friendly neighbourhood newsman! Oh the humanity! /sarcasm|10159554126458904|Ryan Driegen|2022-02-09 21:16:29|1|0|10159553743233904|facebook
These kids might just be getting more family time than ever in their lives and learning morals and values|10159554157368904|Thomas Ted Halley|2022-02-09 21:16:29|1|0|10159553743233904|facebook
holy you are wildly out of touch with the world around you|10159554186758904|Todd McGowan|2022-02-09 21:16:29|1|0|10159553743233904|facebook
Let me ask you the same question?|10159554459613904|Dennis Jenings|2022-02-09 21:16:29|1|0|10159553743233904|facebook
, checked for what by family services???|680857496260496|Doug Ramsay|2022-02-09 21:16:29|1|0|10159553743233904|facebook
funny childrens aid don’t agree with you.|10159555210813904|Donna LaFirst|2022-02-09 21:16:29|1|0|10159553743233904|facebook
they are the entitled ones. They want to be able to make their own choices. Fine no problem but then they have to realize it is both ways. Their employers can also choose not to employ them.. Stores can choose not to serve them...After all we are ALL untitled to make our own choice. If you choose not to get vaccinated good on you but don't cry when you don't like position you are now in.|10159556486633904|Becky Bowditch|2022-02-09 21:16:29|1|0|10159553743233904|facebook
no employer wants to fire qualified people. Also no they cant fire them for a personal choice same as you can not fire someone based on color of skin or religion. Choice of vaccinations dont effect work performance|10159556528533904|Aaron Nickerson|2022-02-09 21:16:29|1|0|10159553743233904|facebook
Where was the anger when the kids missed two years of school home with there parents so if they are doing school online the kids are learning more history of government being a part of Canadian history|10159554983058904|Debbie Hopkinson|2022-02-09 21:16:26|0|0|10159553743233904|facebook
Have you seen the videos of the children smiling without masks, playing in the bouncy houses and helping. This is what is happening now what this misguided news platform is stating. I have videos from friends that are there if you are interested in seeing what The Globe and Mail and other news media platforms have been paid not to report on.|10159554006793904|Donna Swica Fairley|2022-02-09 21:16:30|1|0|10159553743233904|facebook
I never said they were endangered. If you read my comments as well as the article, you’d see I was simply asking why the OP stated that the G&M was a horrible paper when they are simply reporting the facts that there are kids at the protest and the police have spoken with CFS. Nobody said anything about them being endangered.|10159554016113904|Gavin Don|2022-02-09 21:16:30|1|0|10159553743233904|facebook
children should be there, learning to fight for their rights. All I’ve seen is a super positive and high energy attitudes down there.|10159554094943904|Brandon Bartlett|2022-02-09 21:16:30|1|0|10159553743233904|facebook
only if you are stupid enough to believe the what the media is trying to manipulate you with.|10159554757078904|Shawn Wayne Dubois|2022-02-09 21:16:33|1|0|10159553743233904|facebook
False Equivalency Olympics Finalist  You really need to think before you write comments.|10159553856408904|Kurt Ruetters|2022-02-09 21:16:33|1|0|10159553743233904|facebook
Wow! So healthy for the kids breathing in all those fumes and hearing all that noise for hours on end. They must love this! NOT.|10159553994843904|Doris Dallaire|2022-02-09 21:16:26|0|0|10159553743233904|facebook
best history lesson they will ever get.|10159553856053904|Jay Labatte|2022-02-09 21:16:37|1|0|10159553743233904|facebook
Oh calm down, Parents take kids out of school to go on trips all the time. Also the ones who are against the masks, and vaccines would not have the kids in school they would be online. Explain how are they being used as a shield? These kids have been able to experience a big homecoming for all Canadians from every province to enjoy the country capital, and experience the kindness, and generosity of strangers. Everyone happy and dancing. To a kid they are experiencing peace on earth. I think that is more important than a trip to Disney.|10159554156533904|Lisa Tracey|2022-02-09 21:16:36|1|0|10159553743233904|facebook
Like Greta right?|10159554390298904|Paul Bell|2022-02-09 21:16:36|1|0|10159553743233904|facebook
stop the virtue signalling.|10159555376718904|Ted Keller|2022-02-09 21:16:36|1|0|10159553743233904|facebook
Those lucky kids! I wonder if any of them had the “freedom” to chose whether to participate in the this travesty.|10159553765403904|David Szy|2022-02-09 21:16:26|0|0|10159553743233904|facebook
Unfortunately not, no freedom, the government imposed that they have to be vaccinated!! So..|10159553836673904|Simi Locacio|2022-02-09 21:16:37|1|0|10159553743233904|facebook
Adam SD yeah vaccine clearly doesn't work....unless you understand math and look at any other state that isn't working with vaccines and masks. Check Florida they suit your nonsense.|10159553839443904|Adrian Ayotte|2022-02-09 21:16:37|1|0|10159553743233904|facebook
I wonder if you have any kids and whether you spend time with them.|10159553841048904|Ben Hill|2022-02-09 21:16:37|1|0|10159553743233904|facebook
Best education they’re going to have!|10159553853818904|Tim Page|2022-02-09 21:16:37|1|0|10159553743233904|facebook
Adam SD  so·ci·o·path /ˈsōsēōˌpaTH/  a person with a personality disorder manifesting itself in extreme antisocial attitudes and behavior and a lack of conscience.|10159553872258904|Brad Armitage|2022-02-09 21:16:37|1|0|10159553743233904|facebook
I agree with your feelings there are certain so-called comparisons that should never be thrown out there but I’m supposing  meant no offence|10159553879503904|Debbie Kew|2022-02-09 21:16:33|1|0|10159553743233904|facebook
I bet your the kind of guy that would like to ban or cancel joe Rogan ? Those kids are part of history and will never forget it !|10159553882728904|Rick Wood|2022-02-09 21:16:37|1|0|10159553743233904|facebook
"Adam SD lmao you call others brainwashed by indoctrination through education but can't understand how vaccinated people could possibly get sick. Unvaccinated account for 30% of those with covid in the icu but 15% of ontarions are unvaccinated. So ""gasp"" vaccines actually working."|10159553915648904|Adrian Ayotte|2022-02-09 21:16:37|1|0|10159553743233904|facebook
Comrade Szy is a useful idiot.|10159553924843904|Kevin Anthony|2022-02-09 21:16:37|1|0|10159553743233904|facebook
Adam SD every fking conspiracy theory has the same basic fault. In order for that long nonsense you just posted, every country around the world would have to be working together. We have seen this since the dawn of the internet from 911 to flat earthers.|10159553926943904|Adrian Ayotte|2022-02-09 21:16:37|1|0|10159553743233904|facebook
so naïve and so asleep to whats at stake.|10159553929508904|Sebas Ribeiro|2022-02-09 21:16:37|1|0|10159553743233904|facebook
You obviously are both ignorant and uninformed of what is happening on the ground in Ottawa.|10159553934398904|Tim Page|2022-02-09 21:16:37|1|0|10159553743233904|facebook
we’ve been living in a travesty since 2015, and no, they didn’t have a choice. They can’t vote until they are adults.|10159554113063904|Brandon Bartlett|2022-02-09 21:16:37|1|0|10159553743233904|facebook
Adam SD even the common cold is seen less in last 2 years of masking up. People are healthier unless they got covid because they didn't wear a mask. Just think about it|10159556511423904|Becky Bowditch|2022-02-09 21:16:37|1|0|10159553743233904|facebook
Haley are you serious. Really. Go shelter your kids from the big bad truth of this world. I sure hope you dont have kids and had them vaccinated.|10159553933178904|Sebas Ribeiro|2022-02-09 21:16:36|1|0|10159553743233904|facebook
ever hear of on line learning??? Also just what age are the children?? A lot of independent trucker take their family with them|10159553836198904|Randy Gaunt|2022-02-09 21:16:36|1|0|10159553743233904|facebook
Joanne the PM should extract his skull from his colon|10159553918358904|Todd McGowan|2022-02-09 21:16:29|1|0|10159553743233904|facebook
Yes.  The more quickly these children's parents realize that living in a truck in an atmosphere where violence can erupt any moment is a bad idea for the children (if not themselves) and leave, the more these children, instantly, will be protected.  It's pretty basic, actually.  It is certainly not by enabling these parents to keep their kids living in trucks (say, by keeping the trucks fueled?) within a situation in which violence can erupt at any moment, that children are being protected.|10159554656768904|Douglas Connors|2022-02-09 21:16:36|1|0|10159553743233904|facebook
just like saying mask mandates are comparing Canada to Hitler and the Holocaust?! You are one messed up individual. Seek therapy now!|10159553945683904|Shawn Rogers|2022-02-09 21:16:33|1|0|10159553743233904|facebook
that is nothing like the children taken away and put in residential schools. Now that is said I do agree with you on leave those kids alone, any videos I’ve seen the kids are having fun and being part of history.|10159553987398904|Tim Luke|2022-02-09 21:16:33|1|0|10159553743233904|facebook
1000000% spot on ! <3|10159554295298904|Luba Kalnins|2022-02-09 21:16:33|1|0|10159553743233904|facebook
at least these kids are with their families and safe.|10159554295778904|Luba Kalnins|2022-02-09 21:16:33|1|0|10159553743233904|facebook
, you stopped thinking too soon  And why where their parents' fuels up to being seized and their kids put at risk for freezing?  What did these kids' parents do prior to this to contribute to this being the situation?|10159554651093904|Douglas Connors|2022-02-09 21:16:33|1|0|10159553743233904|facebook
Then take the kids home where there are no fumes from trucks. Noises to harm their ears and large numbers of strangers who are possibly unvaccinated and possibly covid infected. They always have choices. Shame on you for comparing a group of unruly protesters to the our First Nations people and their children.|10159554853358904|Karen Ripley Congdon|2022-02-09 21:16:33|1|0|10159553743233904|facebook
says the person who wanted to restrict my freedom of speech before any dialog started|10159555363948904|Denis Smith|2022-02-09 21:16:34|1|0|10159553743233904|facebook
Yes…they’re called ‘families’…..|10159553773743904|John Williamson|2022-02-09 21:16:26|0|0|10159553743233904|facebook
Adam SD then they best be homeschooled|10159553794458904|Peter McGregor|2022-02-09 21:16:35|1|0|10159553743233904|facebook
only way to put pressure on leaving... As if you're pivoting towards children... Never mind the fact that they're illegally parked on public Street. Also not to mention that having Jerry cans full of fuel is a public safety concern... And blocking an international border. It's a federal offense.. screw license suspension... take away there passport..|10159553772063904|Mat Grahame|2022-02-09 21:16:36|1|0|10159553743233904|facebook
Oh.... very bright one , here.....|10159553785203904|Suzanne Girard|2022-02-09 21:16:36|1|0|10159553743233904|facebook
Adam SD so now you absolute nutbags are turning to the American, made-up, super convenient all purpose boogeyman to excuse your worst behaviors. Please. Normal people see how you radicalized extremists roll and all the deflection in the world doesn’t make it disappear.|10159553872908904|Charles Crosby|2022-02-09 21:16:36|1|0|10159553743233904|facebook
Adam SD Yeah right.|10159553889558904|Amie Genevieve Guerin|2022-02-09 21:16:36|1|0|10159553743233904|facebook
to reduce deaths and stop our hospitals from being over whelmed.  You understand now after explaining it to you for the 5th time? Or you need me to explain it again?|10159553934713904|Lee King Snach|2022-02-09 21:16:36|1|0|10159553743233904|facebook
No place for children.|10159553954533904|Marie Gib|2022-02-09 21:16:36|1|0|10159553743233904|facebook
Watson declared the Emergency to unlock basically unlimited spending. He's not running again so he doesn't care about anything but looking good to those who can help him moving forwards.|10159554389823904|Paul Bell|2022-02-09 21:16:36|1|0|10159553743233904|facebook
I wonder how he going to scribble away these supposed hotel accommodations. He should be audited for misuse of taxpayers dollars if that’s the case.|10159554539758904|Mary Lou Mandamin|2022-02-09 21:16:36|1|0|10159553743233904|facebook
wow indeed!!|10159554831208904|Erica Marks|2022-02-09 21:16:46|1|0|10159553743233904|facebook
