﻿comment|comment_ids|username|datetime|isreply|num_replies|post_id|label
They aren’t there for the conservatives to support them or not. They are there to put an end to all mandates and restrictions. Myself as well as many Canadians are funding them to be there. Simple as that. More borders will be blocked one by one until this happens.|10159556842363904|Matt Wilson|2022-02-09 22:48:29|0|4|10159556783978904|facebook
just to be clear….any citizen has the right to advocate for the change in government or system….not by violence of course, but as a matter of social shaping….I may disagree with some of them but that has nothing to do with their right to speak….|10159556975563904|John Williamson|2022-02-09 22:48:34|1|4|10159556783978904|facebook
which means you admit that they're terrorists. Interesting.|10159556845833904|Rico Garcia|2022-02-09 22:48:37|1|3|10159556783978904|facebook
ter·ror·ism /ˈterəˌrizəm/  noun the unlawful use of violence and intimidation, especially against civilians, in the pursuit of political aims.|10159556978428904|Colin Richardson|2022-02-09 22:48:41|1|3|10159556783978904|facebook
I guess when you're far left, everyone else is far right.|10159556939973904|Defcon Brown|2022-02-09 22:48:32|1|3|10159556783978904|facebook
You're defending people who use kids as human shields and fly swastikas. You're in no position to lecture anyone about values.|10159556823288904|Rico Garcia|2022-02-09 22:48:37|1|2|10159556783978904|facebook
Conservatives received 33.7% of actual votes and Liberals 32.6% of votes last election.|10159557142253904|Michelle Sibbick|2022-02-09 22:48:32|1|2|10159556783978904|facebook
read the section I cited…terrorism doesn’t necessarily entail the things you’ve mentioned…see, this is what is wrong….people like you don’t like facts.|10159558336243904|Lynda Jean|2022-02-09 22:48:34|1|2|10159556783978904|facebook
they’re free to move about the city, it just may take them a little longer then they’re used to. Nobody is holding them hostage. Shops have been closed and packed with restrictions for two plus years now. Maybe they have stolkholm syndrome|10159557056643904|Carol Gammel|2022-02-09 22:48:33|1|2|10159556783978904|facebook
Sure, the border blockades shouldn't be there, but who gives a flying fig about Ottawa. They ought to stay forever.|10159556944928904|Joe Simpson|2022-02-09 22:48:29|0|2|10159556783978904|facebook
Why call for these domestic terrorists to end their blockades, as though they were being given the choice? End them yourself. Canada doesn't negotiate with terrorists.|10159556817753904|Colin Richardson|2022-02-09 22:48:29|0|2|10159556783978904|facebook
Unfortunately you’re on the wrong side of main stream Canadian sentiment… And likely history – this whole thing could’ve been avoided and could have been ended by accountable political response to legitimate concerns – our political leader ship are fearful, hiding and remarkably unified in their view that their entitlements shouldn’t be challenged and that the job of the peasants is to do is they’re told by their betters – that’s about to end.|10159556914258904|John Williamson|2022-02-09 22:48:34|1|2|10159556783978904|facebook
If Trudeau is a leader, he should speak-up, explain why the trucker mandate is necessary, hear the opposing view, debate and communicate. Instead, he's leaving Canadians to pit against one another on the street and online, forcing Canadian's to be further divided. If we end up with violence on the street, Trudeau is responsible because he is forcing people's emotions to stew and fester for so long by not engaging in dialogue in and outside of the parliament. So sad to see such coward actions by PM of Canada.|10159556951103904|Robert Won|2022-02-09 22:48:29|0|2|10159556783978904|facebook
They toss O'Toole for flip flopping then do the same thing.|10159557020103904|Nuala Bergwall|2022-02-09 22:48:29|0|2|10159556783978904|facebook
Doug Ford won the last provincial election with only 40% of the votes. There are way more left leaning voters. Quit splitting the vote between NDP and Liberal, sometimes you have to vote strategically, even if it is for your second choice, otherwise you have people like Doug Ford in charge. Do you really think he is going to do anything about the convoy? Arrest his daughter? You can vote him out in June. I think this far right convoy is going to backfire big time on Conservatives running in Canada. I think 80% of Canadians do not want roads blocked and people harassed.|10159556931028904|Rochelle Schwab|2022-02-09 22:48:29|0|2|10159556783978904|facebook
"why do you all keep saying that "" he needs to have a conversation with THESE citizens "" ..... Now how do you figure this .... Go ""talk"" to your own mp .... They have conversations with his constituents prime minister however has conversations with his MPS"|10159557877038904|Joanne Johnson-Meyers|2022-02-09 22:48:34|1|2|10159556783978904|facebook
How nice SD  Do you always speak like a fascist?  You're actually calling heroes monsters the ones that brought food and supplies to you all your life? Check your values SD You obviously don't have any|10159556829418904|Patrick Nowlan|2022-02-09 22:48:38|1|1|10159556783978904|facebook
That quite the Leader the other day she supported the trucks Now she saying time to go home to the truckers|10159556974468904|Kenneth Hill|2022-02-09 22:48:29|0|1|10159556783978904|facebook
Now that the CPC and Bergen have scored imaginary political points supporting the truckers they have asked them to pack up and go home. It will be interesting to see if they can get the genie back in the bottle... 😂|10159556885723904|Reinhard Lengsfeld|2022-02-09 22:48:29|0|1|10159556783978904|facebook
and you’re defending a hypocrite who paints his face black 3 times..|10159556829133904|Dan Ciurlia|2022-02-09 22:48:37|1|1|10159556783978904|facebook
your so mischaracterizi ng everything.  Let's start from the beginning sir  One man with a Nazi flag was in the first protest. You obviously missed the part where on video the crowd was yelling at him and threatening him.  Sorry that you just want to hold on to that January 6th narrative sir but it actually goes against you because it's on video.  Secondly sir you're in no position to say anything or lecture anyone as you give a pass to fascist rhetoric from a prime minister.  So I suggest you check your own values and look up the word fascism and hypocrisy  With regards to hiding behind children.  That is the most laughable argument I've seen in my life.  Why don't you show us how the authorities have not done a thing about those children because they are luckily being looked after by their parents who are truck drivers.  Come prepared to argue next time  because everything you say is very easily debunked  Either way Rico if you ever want to buy a car let me know you seem very very easily led by misinformation  Double check stories before you come here just an FYI  😉|10159556826483904|Patrick Nowlan|2022-02-09 22:48:37|1|1|10159556783978904|facebook
well ... I said ... You tell your mp .... He tells pm. What you said ... Understand .... Tick tock tick tock ... Times running out|10159558616983904|Joanne Johnson-Meyers|2022-02-09 22:48:34|1|1|10159556783978904|facebook
|10159557009433904|Dale Domshy|2022-02-09 22:48:28|0|1|10159556783978904|facebook
But not likely Tom  Do you really think Trudeau is very popular right now?  You obviously condone his fascist rhetoric sir.  Check your narcissism Tom and your values|10159556820828904|Patrick Nowlan|2022-02-09 22:48:37|1|1|10159556783978904|facebook
.. lol wtf are you blabbering about.. you support a Blackface hypocrite .. nuf said|10159556842108904|Dan Ciurlia|2022-02-09 22:48:37|1|1|10159556783978904|facebook
No Anthony you do what they did after the rail blockades and storm them and arrest them  Although I support them it still needs to be done just like you supported the natives|10159556824103904|Patrick Nowlan|2022-02-09 22:48:38|1|1|10159556783978904|facebook
Spoken like a true terrorist 👍🏻|10159556906998904|Stefanie Corporon|2022-02-09 22:48:35|1|1|10159556783978904|facebook
Spoken like a true Karenist|10159556925843904|Defcon Brown|2022-02-09 22:48:35|1|1|10159556783978904|facebook
I didn’t support anything.|10159556824658904|Anthony Fornasier|2022-02-09 22:48:38|1|1|10159556783978904|facebook
There's nothing heroic about them?  Well let's see what you say when you can't get food anymore sir because it looks like that's going to happen  Let's see what you say when you can't get anything anymore because that's what's going to happen  I hate to see who the people you look up to actually look like.  Check your fascism and narcissism Anthony  That's a disgusting comment  You obviously are very ungrateful individual and your parents should be ashamed of you  That's f****** gross dude|10159556839068904|Patrick Nowlan|2022-02-09 22:48:38|1|1|10159556783978904|facebook
This coming from the guy who's supported the same in Croatia. Yeah... I remember you. I have screenshots. We see you...|10159556840483904|Rico Garcia|2022-02-09 22:48:37|1|1|10159556783978904|facebook
No. But I do think they need to be more aggressive on choking them off. Logistics and finances. Declare it unlawful. An injunction or something similar. And then start towing.|10159556820638904|Anthony Fornasier|2022-02-09 22:48:38|1|1|10159556783978904|facebook
and you support terrorists, so there's that.|10159556843018904|Rico Garcia|2022-02-09 22:48:37|1|1|10159556783978904|facebook
I agree that mandates for nurses, doctors, people who work indoors are necessary. But Truck drivers don’t work indoors or with others. On what scientific basis can Trudeau claim that the few unvaccinated truckers are the problem? How does trucker’s mandate slow the already 10K daily new cases?|10159557349808904|Robert Won|2022-02-09 22:48:37|1|1|10159556783978904|facebook
If Trudeau take leadership, talk to truckers rather than call them racists, propose a sensible plan with stages and criteria to lift mandates and exist the pandemic, then truckers will begin to go home. These steps are what the opposition is asking Trudeau to do.|10159558547468904|Robert Won|2022-02-09 22:48:37|1|1|10159556783978904|facebook
again yes, a plan is good.  The truckers don't want a plan. They want all restrictions and mandates dropped immediately. Which is why it's useless to talk with them.|10159558542323904|Scott Verge|2022-02-09 22:48:37|1|1|10159556783978904|facebook
the whole nation including NDP and truckers are demanding a sensible plan to remove mandates and exit pandemic mode, not additional piece meal restrictions on specific groups. Counties and provinces are lifting their own mandates now while Trudeau is adding mandate without rational explanation.|10159558539253904|Robert Won|2022-02-09 22:48:37|1|1|10159556783978904|facebook
sure there's nothing wrong with having a plan. What does that have to do with the truckers and meeting with them?|10159558239623904|Scott Verge|2022-02-09 22:48:37|1|1|10159556783978904|facebook
Leaders do whatever is needed to solve the nation’s problems, not what minimally required by his job description according to his own interpretation. Even NDP is calling on Trudeau for a pandemic exit plan.|10159557474123904|Robert Won|2022-02-09 22:48:37|1|1|10159556783978904|facebook
Trudeau has already explained himself. He doesn't need to meet with truckers to do so if that's what you mean.|10159557467278904|Scott Verge|2022-02-09 22:48:37|1|1|10159556783978904|facebook
Kelly LeVann then let the truckers choose their own routes depending on their vaccinations status, rather than Trudeau imposing unnecessary mandates on all of them.|10159557435818904|Robert Won|2022-02-09 22:48:37|1|1|10159556783978904|facebook
when has Trudeau claimed that unvaccinated truckers are the problem?  The real problem is these FauxTruckers (real truckers are on the road right now moving goods) is that they make up stuff in their heads that didn’t happen in reality and attack that.|10159557366623904|Logan Creed|2022-02-09 22:48:37|1|1|10159556783978904|facebook
if they haven’t figured out why the mandate is necessary yet, they’re even dimmer than most people give them credit for.|10159557338773904|Logan Creed|2022-02-09 22:48:37|1|1|10159556783978904|facebook
then lobby Blackface to give me 10 million dollars please|10159556844978904|Dan Ciurlia|2022-02-09 22:48:37|1|1|10159556783978904|facebook
The conservatives should be ashamed of themselves. They were cheerleading these bums and then now for purely political reasons they change their mind. The good of the country means nothing to them.|10159556806678904|Anthony Fornasier|2022-02-09 22:48:29|0|1|10159556783978904|facebook
yea for the good of the country Trudeau needs to stop thinking this is a small group and start talking to them|10159556814923904|Randy Gaunt|2022-02-09 22:48:38|1|1|10159556783978904|facebook
oh sorry. I thought we were hurling unfounded insults at people. I must have misunderstood the rules of the game. Wait. Is this one of those games where you have one set of rules, and I have another? I always get suckered by those. Ok let me try again. They are all nazi racists and you are a great guy.|10159558484083904|Defcon Brown|2022-02-09 22:48:37|1|1|10159556783978904|facebook
"Stand by your words, coward. Show us your name and face, let's see how brave you are to call someone a ""paedophile"" for no reason."|10159558134118904|Rico Garcia|2022-02-09 22:48:37|1|1|10159556783978904|facebook
And you're a racist sympathiser. And a paedophile.|10159557374483904|Defcon Brown|2022-02-09 22:48:37|1|1|10159556783978904|facebook
Anthony  As I've told you all day  You need to be ashamed of yourself sir  Some in the Liberal party who you protect and defend seem to be agreeing with most of Canadians right now  Perhaps it's Trudeau's eyes and hair that make you narcissistic I don't know I've never met you  Nor would I want to unless you are buying a used car from me because you seem very naive sir|10159556819508904|Patrick Nowlan|2022-02-09 22:48:38|1|1|10159556783978904|facebook
Dan the guy is a troll dude Look at him🤣  Take a look at his face  Profile is fake|10159556854668904|Patrick Nowlan|2022-02-09 22:48:37|1|1|10159556783978904|facebook
You do know Ottawa and the ambassador bridge are under Trudeau's jurisdiction Ottawa is governed by the national capital council Look it up Jim Watson has no power to be honest  However he's doing absolutely nothing about this which shows his lack of leadership  Yet as long as he has supporters like you guys I'm sure he won't do anything for months 🤣|10159556822493904|Patrick Nowlan|2022-02-09 22:48:38|1|1|10159556783978904|facebook
….do you feel ‘terrorized?’ Frozen into incapacity by the sheet horror of your situation? Rendered inert and helpless by the sight of groups of trucks (shudder) honking their horns? Perhaps it may be the oppression of their demands?|10159558348883904|John Williamson|2022-02-09 22:48:34|1|1|10159556783978904|facebook
That’s pretty funny – I keep looking for the piles of bodies, the burning buildings and the assaults on the street… In the absence of real suffering or outrage, some people allow the tiny feature of dissent and inconvenience torture them….|10159558184718904|John Williamson|2022-02-09 22:48:34|1|1|10159556783978904|facebook
ridiculous|10159557156418904|Adrian Ayotte|2022-02-09 22:48:33|1|1|10159556783978904|facebook
waaa waaa waaa|10159557894073904|Joanne Johnson-Meyers|2022-02-09 22:48:32|1|1|10159556783978904|facebook
not till mandates are dropped what i hear is more people showing up|10159556921753904|Paul Sammut|2022-02-09 22:48:40|1|1|10159556783978904|facebook
when in the history of the world have we had to be coerced, threatened with your livelihood, shunned from society to take a jab that hasn’t stopped anything? You must be pro segregation then. Says a lot about your character.|10159557150433904|Carol Gammel|2022-02-09 22:48:33|1|1|10159556783978904|facebook
that's narrow minded. Tens of thousands of lives saved. The few that chose not to get the jab chose their fates when it came to employment.|10159557146168904|Adrian Ayotte|2022-02-09 22:48:33|1|1|10159556783978904|facebook
oh brother, those kids are learning a valuable lesson about democracy, nobody is under attack, bullets are not flying, quit listening to MSM.|10159557138433904|Carol Gammel|2022-02-09 22:48:33|1|1|10159556783978904|facebook
"nope ... Kenny bent ... And you all called to ""run to Edmonton to block the legislative buildings "" there .... TRUST as you say .... Lol works both ways .... Just saying ... He bent but you all want to break our democracy !!!! Time to go .... Lock them up"|10159557904973904|Joanne Johnson-Meyers|2022-02-09 22:48:40|1|1|10159556783978904|facebook
if none of this is illegal then why are they using kids as human shields? Fy|10159557108298904|Rico Garcia|2022-02-09 22:48:33|1|1|10159556783978904|facebook
empathy. You should try it.|10159557067888904|Adrian Ayotte|2022-02-09 22:48:33|1|1|10159556783978904|facebook
Sure, as long as the trucks go, they can protest like civilized dissenters. It's their right.  Blockading roads and holding the city hostage is not.|10159556957103904|Rico Garcia|2022-02-09 22:48:33|1|1|10159556783978904|facebook
? Waaa waaa ?? Just showing the results from the last Election.|10159558007213904|Michelle Sibbick|2022-02-09 22:48:32|1|1|10159556783978904|facebook
So weird. Your list didn't include the Canadian Nazi party, and yet there are thousands of them in Ottawa right now. Hmmmm|10159557390548904|Defcon Brown|2022-02-09 22:48:32|1|1|10159556783978904|facebook
Really? What has been accomplished? What restrictions have been removed? And what politician of any level or stripe has actually had the accountability to meet with and start a conversation with these citizens?|10159556829178904|John Williamson|2022-02-09 22:48:29|0|1|10159556783978904|facebook
Umm, they aren’t terrorists and they won’t be treated like them either regardless of how much of lather you work yourself into.|10159556838028904|Andrew Tyler|2022-02-09 22:48:41|1|1|10159556783978904|facebook
they are domestic terrorists, and they have been treated with gentle patience, but that patience is coming to an end.|10159556971553904|Colin Richardson|2022-02-09 22:48:41|1|1|10159556783978904|facebook
"I guess 65-70% of the country is ""far left"" then? 🤦‍♂️"|10159556958423904|Rico Garcia|2022-02-09 22:48:32|1|1|10159556783978904|facebook
They aren’t. Simple was that. You may not agree with them, which is fine. They also maybe criminals. But they aren’t terroristsz|10159556976728904|Andrew Tyler|2022-02-09 22:48:41|1|1|10159556783978904|facebook
Guess the “coalition” they thought they’d form won’t happen 🤣|10159556954328904|Lynda Jean|2022-02-09 22:48:28|0|1|10159556783978904|facebook
What force? Bylaw infractions? Please|10159557055323904|Andrew Tyler|2022-02-09 22:48:41|1|1|10159556783978904|facebook
you all don't so why should they?  🤡🌎|10159556942208904|Isaac Griffin|2022-02-09 22:48:30|1|1|10159556783978904|facebook
And the truckers will not see the irony.|10159556918913904|Joanne Ryan|2022-02-09 22:48:28|0|1|10159556783978904|facebook
Ya the Conservative can not run there own party.How in hell they thing they could ever run Canada|10159557189113904|Kenneth Hill|2022-02-09 22:48:30|1|1|10159556783978904|facebook
Yup coming down were just awaiting all mandates lifted in writing because theres zero trust, heck even the police are stealing peoples stuff. Hockey tomorrow anyone?|10159557138893904|Mj Daggett|2022-02-09 22:48:29|0|1|10159556783978904|facebook
they've stated over and over again they aren't leaving until all mandates are lifted.  It would be a waste of time. Everyone, including the liberals want to lift everything as soon as possible.|10159558554963904|Scott Verge|2022-02-09 22:48:37|1|1|10159556783978904|facebook
"the technical term for people who want to remove the democratically elected government and who want to install themselves as an unelected junta through force is called SEDITION.  The operative name for anti-vaxxxer far-right jerks who use children as human shields is either ""terrorist"" or ""traitor"".  In Harper's Canada, they'd have their citizenship revoked, so thank a Liberal that these idiots can still technically claim to be citizens."|10159556954453904|Rico Garcia|2022-02-09 22:48:34|1|1|10159556783978904|facebook
"Nah, you don't get to support the organizers and their tantrum and their MOU, and then get to say ""some are crazy"".  If the protest had been legit, and some people were crazy, ok.  These are the organizers. The organizers are far-right white supremacists, which makes their event a huge rally for their cause.  If all this came out and you STILL support them, then this isn't about ""some crazy people"". Non-seditionist s would have backed away from them the minute a piece of paper was submitted to make organizers an illegitimate government.  In other words, you made your bed, and you still haven't gotten off it..."|10159556962268904|Rico Garcia|2022-02-09 22:48:34|1|1|10159556783978904|facebook
, they have no obligations to talk with the far right trouble makers who are financed by the american far right and repuQlibans to destabilized the chain of supply and economy to blame Biden for it . 🤡🤦🏻‍♂️🙄|10159556857628904|Sylvain Pelletier|2022-02-09 22:48:34|1|1|10159556783978904|facebook
Really? The technical term for the people we’re discussing is “citizen” “ and they as ‘citizens’ have every right to attend in Ottawa (or anywhere else) and to raise their concerns and to have their concerns considered by accountable politicians. By the way this process is growing and not just in our country but in other countries inspired by our example…  https:// nationalpost.com /news/politics/ almost-half-of-c anadians-sympat hetic-to-concer ns-and-frustrat ions-of-ottawa- trucker-protest|10159556899158904|John Williamson|2022-02-09 22:48:34|1|1|10159556783978904|facebook
, sure the far right from all over the world will jump into the occasion to cause troubles to the economy and take away citizens freedom for political matters. That’s what the far right is doing the best. Doesn’t make it legitimate. When the truth will coming out, some people will be ashamed to support the illegal mascarade financed by american far right. It’s coming, even the Canadian regressive conservatives are backing up and realized that they’ve been used as well. 🤡🤦🏻‍♂️🙄|10159556906168904|Sylvain Pelletier|2022-02-09 22:48:34|1|1|10159556783978904|facebook
, sure! 🤡🤦🏻‍♂️🙄|10159556949833904|Sylvain Pelletier|2022-02-09 22:48:34|1|1|10159556783978904|facebook
no one should be negotiating with terrorists. In case you’re unclear about what constitutes terrorism, I suggest you refer to section 83.01 of the Crimean Code of Canada.|10159557996828904|Lynda Jean|2022-02-09 22:48:34|1|1|10159556783978904|facebook
I'm willing to talk with you, and you are a paedophile. You use the internet, and paedophiles use the internet, so that's what you are. I think its disgusting.|10159557364903904|Defcon Brown|2022-02-09 22:48:34|1|1|10159556783978904|facebook
what people are your referring to? I suspect in any crowd of thousands you will have nuts…buts that’s likely true of the general population…or politicians in Ottawa….|10159556956918904|John Williamson|2022-02-09 22:48:34|1|1|10159556783978904|facebook
"thats right .... The "" street partiers return"" .... Third friday ... Lol. Praying on are disconcern your inability to go to bars and party and mingle and do all the things that used to love to do we all want to do that to me still want to die for it"|10159557896368904|Joanne Johnson-Meyers|2022-02-09 22:48:40|1|1|10159556783978904|facebook
The politicians are proving that this is all about a political agenda and of course the $$$$$.|10159560283153904|Derek Steven Cunningham|2022-02-09 22:48:29|0|0|10159556783978904|facebook
Notice how she has changed her tune. No concern about what has been happening in Ottawa, but - oh no - the borders are blocked and your voters are angry. Making it Trudeau's problem won't fly when people can see your complicity.|10159556902903904|Sheila Willis|2022-02-09 22:48:29|0|0|10159556783978904|facebook
This Coronavirus period can be the best moment of your life to discover your purpose on earth, set goals, enjoy new experiences through cryptocurrency trading. Cryptocurrency are the fastest rising system of investment where you can also change your financial status in a matter of few days. For you to start quickly inbox Mr Obert for help through this link 👇👇👇👇👇👇👇👇👇👇👇👇👇👇👇👇👇  Mr Atchison Obert|10159557035773904|Martin Knapman|2022-02-09 22:48:39|1|0|10159556783978904|facebook
This whole F’ing Boondoggle lands right at Candice Bergans’ feet along with the wannabe extreme right Cons’ wheelhouse.|10159556838278904|Jan Schell|2022-02-09 22:48:29|0|0|10159556783978904|facebook
what|10159557899523904|Paul Sammut|2022-02-09 22:48:40|1|0|10159556783978904|facebook
Not hard to tell who own the globe and mail. 💩💩|10159559805278904|Mark Whitney|2022-02-09 22:48:29|0|0|10159556783978904|facebook
That's racist|10159557375988904|Defcon Brown|2022-02-09 22:48:41|1|0|10159556783978904|facebook
hear hear|10159557896783904|Joanne Johnson-Meyers|2022-02-09 22:48:41|1|0|10159556783978904|facebook
It's time to remove Trudeau for the safety of Canada, now|10159557617298904|Marinella Gonzalez|2022-02-09 22:48:29|0|0|10159556783978904|facebook
Are you telling me to grow up bro  Would you like my address sir I'd love to meet you|10159556840648904|Patrick Nowlan|2022-02-09 22:48:38|1|0|10159556783978904|facebook
Candice was reminded of how bad her original idea was. Once again showing that R W Candice doesn't have a clue what is best for Canadians.|10159557705148904|Halina Crawford|2022-02-09 22:48:29|0|0|10159556783978904|facebook
They probably won’t listen to her either!|10159560067808904|Peter Spearman|2022-02-09 22:48:29|0|0|10159556783978904|facebook
yes terrorists.. give them 10 million each. Oh wait..|10159556830128904|Dan Ciurlia|2022-02-09 22:48:41|1|0|10159556783978904|facebook
Certainly means nothing to you. Mandates must go.|10159556822808904|DG Roberts|2022-02-09 22:48:38|1|0|10159556783978904|facebook
Grow up.|10159556840253904|Anthony Fornasier|2022-02-09 22:48:38|1|0|10159556783978904|facebook
sorry no carrots of promissory gesture, we know what carrots lead to 2 year History of it. Two years of trust 2 week to flatten the curve. One province or three is not a Free Country but were getting there. Want to lock someone up start with all those whom has broken the Laws past two years behind parliament doors. No dictatorships here after all we are Canadian “strong and free” not like China 🇨🇳  Besides the science has spoken there no reason to delay it as there’s zero health benefit in doing so. Facts of Reality speak|10159557909843904|Mj Daggett|2022-02-09 22:48:40|1|0|10159556783978904|facebook
There’s nothing heroic about them. Nothing at all.|10159556832198904|Anthony Fornasier|2022-02-09 22:48:38|1|0|10159556783978904|facebook
there are many like him|10159556821373904|Linton Mckelvey|2022-02-09 22:48:38|1|0|10159556783978904|facebook
Exactly! They have to deal with their homegrown monsters now!|10159556824963904|S.d. Chakrabarti|2022-02-09 22:48:38|1|0|10159556783978904|facebook
Ok. So how would you end it? Give in to blackmail? Is that his you would lead the country?|10159556823473904|Anthony Fornasier|2022-02-09 22:48:38|1|0|10159556783978904|facebook
Carbon tax|10159557239253904|Peter Fuller|2022-02-09 22:48:29|0|0|10159556783978904|facebook
She supported it initially but I think we’ve entered an era of overkill. We need an ending.|10159557124903904|Lorraine Toews|2022-02-09 22:48:28|0|0|10159556783978904|facebook
lol.. everyone has a starting negotiation position. Trudeau should take leadership, listen, propose a plan. If truckers don’t budge after that, then you may be right. But now everyone including NDP and Conservatives are all asking Trudeau to do more.|10159558563133904|Robert Won|2022-02-09 22:48:37|1|0|10159556783978904|facebook
If I were Jewish, I'd be a little offended that you think so little of what real Nazis were like. I'm not Jewish, so I just think you are being hyperbolic.|10159558946623904|Defcon Brown|2022-02-09 22:48:32|1|0|10159556783978904|facebook
- when was the last time any liberal MP made a decision about anything? There’s only one decision maker in the liberal party….|10159557905728904|John Williamson|2022-02-09 22:48:34|1|0|10159556783978904|facebook
what made you think they're entitled to anything? They've protested, they've failed. Time to go home.|10159557465673904|Scott Verge|2022-02-09 22:48:34|1|0|10159556783978904|facebook
No kidding. It began with j.trudeau running away,as he does and trickled down to Ford, who appears to be|10159557340568904|Lynn Robertson|2022-02-09 22:48:34|1|0|10159556783978904|facebook
1) ‘sympathetic to’ and ‘agree with’ are two different things.  One can be sympathetic to the person wearing tinfoil on their head yelling about the Illuminati without actually agreeing with them.  2) they have a right to protest, but they don’t have a right to block roads.|10159557336733904|Logan Creed|2022-02-09 22:48:34|1|0|10159556783978904|facebook
We cannot expect any real leadership from Candace Bergan in this matter. She is definitely controlled opposition. We however do see that Maxime Bernier and Randy Hillier have been present.|10159557252183904|Tom Ramanauskas|2022-02-09 22:48:34|1|0|10159556783978904|facebook
you are a complete derriere|10159557873863904|Joanne Johnson-Meyers|2022-02-09 22:48:33|1|0|10159556783978904|facebook
is it?|10159557296473904|Carol Gammel|2022-02-09 22:48:33|1|0|10159556783978904|facebook
I do have empathy, for the kids the businesses that lost revenue or had to close completely, for those that lost their jobs, for all those that have had adverse reactions from the jab, for the seniors who haven’t had fresh air in over two years or allowed visitors, for all the Drs and nurses that have lost their jobs because of personal choices, for the truckers that will only be able to work a quarter of what they normally would, the people of Ottawa are just a little unconvenienced will others had their lively hoods ripped out from under them.|10159557126023904|Carol Gammel|2022-02-09 22:48:33|1|0|10159556783978904|facebook
sure ok, these people are nothing like Nazi’s give your head a shake|10159558005053904|Michelle Sibbick|2022-02-09 22:48:32|1|0|10159556783978904|facebook
lol|10159558610003904|Joanne Johnson-Meyers|2022-02-09 22:48:34|1|0|10159556783978904|facebook
Well I don't rationalise like you, so no. If I did, I'd consider you a child molester, because on occasion, children are molested by liberals. Or whatever affiliation you happen to be a part of.|10159557371388904|Defcon Brown|2022-02-09 22:48:32|1|0|10159556783978904|facebook
Party Leading (Electoral Districts) % of Votes Animal Protection Party 0 0.0% Bloc Québécois 32 7.60% Centrist 0 0.0% CFF - Canada's Fourth Front 0 0.0% Christian Heritage Party 0 0.10% Communist 0 0.0% Conservative 119 33.70% Free Party Canada 0 0.30% Green Party 2 2.30% Independent 0 0.20% Liberal 160 32.60% Libertarian 0 0.0% Marijuana Party 0 0.0% Marxist-Leninis t 0 0.0% Maverick Party 0 0.20% National Citizens Alliance 0 0.0% Nationalist 0 0.0% NDP-New Democratic Party 25 17.80% No Affiliation 0 0.0% Parti Patriote 0 0.0% Parti Rhinocéros Party 0 0.0% People's Party - PPC 0 4.90% Pour l'Indépendance du Québec 0 0.0% VCP 0 0.0% Total: 338|10159557137093904|Michelle Sibbick|2022-02-09 22:48:32|1|0|10159556783978904|facebook
You surfaced as a Liberal and I thought you were a deep sleeper and only would come out when your liberal party is in deep trouble so guess what ?|10159557083758904|Brooks Matthews|2022-02-09 22:48:32|1|0|10159556783978904|facebook
Love it or hate it, I actually respect when a political party changes course sometimes. It shows that they are willing to compromise which is what we want in a government.|10159557747063904|Jay Zigganos|2022-02-09 22:48:29|0|0|10159556783978904|facebook
the treasonous wastes of skin ( the ones who wanted to .... The Organizers, lock them up ) .....|10159557890568904|Joanne Johnson-Meyers|2022-02-09 22:48:31|1|0|10159556783978904|facebook
Cuz we educated Isaac. duh!|10159556945163904|Joanne Ryan|2022-02-09 22:48:30|1|0|10159556783978904|facebook
again ...|10159557883248904|Joanne Johnson-Meyers|2022-02-09 22:48:30|1|0|10159556783978904|facebook
This Coronavirus period can be the best moment of your life to discover your purpose on earth, set goals, enjoy new experiences through cryptocurrency trading. Cryptocurrency are the fastest rising system of investment where you can also change your financial status in a matter of few days. For you to start quickly inbox Mr Obert for help through this link 👇👇👇👇👇👇👇👇👇👇👇👇👇👇👇👇👇  Mr Atchison Obert|10159557035628904|Martin Knapman|2022-02-09 22:48:30|1|0|10159556783978904|facebook
, 🤡🤢🤮|10159558117298904|Sylvain Pelletier|2022-02-09 22:48:34|1|0|10159556783978904|facebook
true enough…but I don’t see my conservative MP getting the time of day with the PM….(I don’t think he takes advice from his own caucus…). :^)|10159558630253904|John Williamson|2022-02-09 22:48:34|1|0|10159556783978904|facebook
Kelly LeVann Trudeau doesn’t need to reciprocate the same US mandate if it doesn’t make sense and is unpopular..|10159557400888904|Robert Won|2022-02-09 22:48:37|1|0|10159556783978904|facebook
Good bye conservatives!|10159556807483904|Tom Ramanauskas|2022-02-09 22:48:29|0|0|10159556783978904|facebook
Why did Trudeau impose a trucker's vaccination mandate if they are not the problem?|10159557371613904|Robert Won|2022-02-09 22:48:37|1|0|10159556783978904|facebook
No Trudeau will stay out of the way and let the Conservative screw thing up she should of never made that comment, going to lose votes instead of being behind the convey.|10159557122363904|Roger Vincent|2022-02-09 22:48:37|1|0|10159556783978904|facebook
"What's unfounded about calling anyone trying to topple the democratically elected government a ""seditionist""? That's fact my man."|10159558543653904|Rico Garcia|2022-02-09 22:48:37|1|0|10159556783978904|facebook
🤣 leafs|10159556919643904|Patrick Nowlan|2022-02-09 22:48:37|1|0|10159556783978904|facebook
not only that he baits you to say something then tries to report you.. lol But worst of all .. he’s a leaf fan|10159556859028904|Dan Ciurlia|2022-02-09 22:48:37|1|0|10159556783978904|facebook
.. umm u called me a terrorist….. sheesh..get lost Rico .. you bore me..|10159556848283904|Dan Ciurlia|2022-02-09 22:48:37|1|0|10159556783978904|facebook
is calling truckers terrorists  Do you know the definition of a terrorist Rico?  A terrorist is one that destroys life and property in the name of an ideology IE religion politics whatever  So obviously you don't have much common Sense here and you're only trying to get a reaction from people  That says a lot about you sir|10159556846468904|Patrick Nowlan|2022-02-09 22:48:37|1|0|10159556783978904|facebook
"LMAO. This group brought forth a demand to make a junta government alongside other unelected people... that's SEDITION  You support seditionists.  So you'll forgive me if I discard any ""facts"" you post to ""debunk"" anything.  People who hide behind human shields... children as human shields, are nothing but terrorists."|10159556832358904|Rico Garcia|2022-02-09 22:48:37|1|0|10159556783978904|facebook
Reverse course? Calling for end of mandates what BS reporting|10159557077693904|Scotty Henderson|2022-02-09 22:48:29|0|0|10159556783978904|facebook
|10159556887703904|Rossitza Slavtcheva|2022-02-09 22:48:35|1|0|10159556783978904|facebook
RIGHT ...|10159557882478904|Joanne Johnson-Meyers|2022-02-09 22:48:35|1|0|10159556783978904|facebook
This Coronavirus period can be the best moment of your life to discover your purpose on earth, set goals, enjoy new experiences through cryptocurrency trading. Cryptocurrency are the fastest rising system of investment where you can also change your financial status in a matter of few days. For you to start quickly inbox Mr Obert for help through this link 👇👇👇👇👇👇👇👇👇👇👇👇👇👇👇👇👇  Mr Atchison Obert|10159557035453904|Martin Knapman|2022-02-09 22:48:35|1|0|10159556783978904|facebook
Candice MAGA-hat Bergen calls for end to blockades, having supported blockades up until now....hmmm.|10159557417498904|David Cubberley|2022-02-09 22:48:29|0|0|10159556783978904|facebook
"or .... Perhaps ... As peaceful as they want it .... Calling in the ""yahoos ready to FIGHT "" ... If you don't want US to know ... Stop telling us to go look. ( not on MSM ).... ( some of us do ) The TREASONOUS ORGANIZERS. Need to be arrested"|10159557882123904|Joanne Johnson-Meyers|2022-02-09 22:48:35|1|0|10159556783978904|facebook
next you'll complain about the effects to the economy 😆|10159557466123904|Scott Verge|2022-02-09 22:48:35|1|0|10159556783978904|facebook
The Karen Konvoy Kooks! 🤣|10159557012763904|Patrick J Morris|2022-02-09 22:48:35|1|0|10159556783978904|facebook
Karenist? Cute.|10159556931038904|Stefanie Corporon|2022-02-09 22:48:35|1|0|10159556783978904|facebook
agree|10159556914003904|Paul Sammut|2022-02-09 22:48:35|1|0|10159556783978904|facebook
oh well see .... When you have ... Angry ex military calling in their Brothers for the fight ... Shame on you all ... Push push push .... you know those f****** American supporting you guys want us good citizens that are at home to come out fight you in the street that's what they want their country to but we are Canadian|10159557899413904|Joanne Johnson-Meyers|2022-02-09 22:48:41|1|0|10159556783978904|facebook
