﻿comment|comment_ids|username|datetime|isreply|num_replies|post_id|label
🇨🇦♥️🇨🇦♥️😀Thank a Trucker 😊♥️🇨🇦🇨🇦♥️|10159532064223904|Debra Barker|2022-02-02 19:10:00|0|4|10159532001088904|facebook
I really don’t care if you believe me or not….|10159532243553904|Mark Tavares|2022-02-02 19:10:06|1|3|10159532001088904|facebook
Canada's Texas doing what they do best...Not much.|10159532058408904|Jeff Kemp|2022-02-02 19:09:59|0|3|10159532001088904|facebook
The UK did that because the PM is trying to save his skin with his own party and he';s basically sacrificing his own citizens to save his political career. So well done to YOU for picking this reprehensible example of what not to do and why not to do it.  The UK murdered it's people at 3 times the rate of people who died of Covid in Canada, and that tells you everything about who managed the pandemic better.  Not that you care about people.|10159532249623904|Lorne Warawa|2022-02-02 19:10:01|1|3|10159532001088904|facebook
Amanda Taillon You can't see oxygen in the atmosphere (that you can't often see either) but I can assure you that science has proven it is indeed there. So you understand that just because you can't see something, without looking very hard, you not seeing it doesn't disprove science.  Do you have any SCIENCE that proves mandates don't work ? Because I have tonnes of proof they do work. And you know something, people with proof are the people who win arguments.  And those without just go home and sulk.  Off you go.|10159532264338904|Lorne Warawa|2022-02-02 19:10:03|1|3|10159532001088904|facebook
also says you just need proof of vaccination to fly…no mention of QR codes.  https:// www.canada.ca/ en/ immigration-refu gees-citizenshi p/services/ canadian-covid-1 9-proof-vaccina tion/ how-to-use-to-tr avel.html|10159532267718904|Mark Tavares|2022-02-02 19:10:06|1|2|10159532001088904|facebook
thanks teach, either you are a troll who loves to fight with people and are into it or you ran out of other drugs. Feeling better now flurry typing. I could care less about you being vacced or unvacced but it’s you that does not care and you have accused people of killing others. What an angry unbalanced person you are. Stay on here and argue with everyone until you exhaust yourself. Bait and hook|10159533743188904|Eileen Dougan|2022-02-02 19:10:03|1|2|10159532001088904|facebook
Ya, facts are just not your strong suit. And you seem totally incapable of proving anything you say, so I guess you must be used to having nobody believe you.|10159532246653904|Lorne Warawa|2022-02-02 19:10:06|1|2|10159532001088904|facebook
if you travel that much, the world traveler you are, you would know they don’t ask for proof from everyone! It is random. That should scare …you! If you get caught you will be fined heavily, and you won’t fly. No refund! So…. You fly all the time you say? Just wait……..|10159532250543904|Craig Sandford|2022-02-02 19:10:06|1|2|10159532001088904|facebook
Sweden, the same place that has the worst death-rate for Covid of any of the Scandinavian Countries. Because they had Brazil-style covid controls.  Worst death Rate in Scandinavia - 915 deaths per million more than the next Scandinavian country.|10159533761933904|Lorne Warawa|2022-02-02 19:10:03|1|2|10159532001088904|facebook
, Cant beleive the sheeple can be this much brainwashed|10159532271553904|Vladimir Novakovic|2022-02-02 19:10:01|1|2|10159532001088904|facebook
Obviously the Russians don't pay you by the word.  What Oblast do you live in?|10159533771523904|Lorne Warawa|2022-02-02 19:10:01|1|2|10159532001088904|facebook
like I mentioned, it is a random check.|10159532269573904|Craig Sandford|2022-02-02 19:10:06|1|2|10159532001088904|facebook
Why was the program put in place, it didn't stop the spread, it didn't have any purpose, except to demean Canadians.|10159532168378904|Robert Hume|2022-02-02 19:09:59|0|1|10159532001088904|facebook
You're an antivaxxer because you support their cause. Du.  Try being the adult in the room. You'll see that people treat you with respect then.|10159534759693904|Lorne Warawa|2022-02-02 19:10:06|1|1|10159532001088904|facebook
When your convoy falls flat tomorrow, and the angry explosions of rage start, let me know how your movement is doing 😈|10159533997698904|Lorne Warawa|2022-02-02 19:10:03|1|1|10159532001088904|facebook
If you watched something aside from main stream media you would quickly realize this convoy in not going to flatten. Have you paid any attention, it's massive and has the support of most intelligent people. FYI, the World is watching with pride, you should learn to stand up!|10159534128233904|Victor J. Lang|2022-02-02 19:10:03|1|1|10159532001088904|facebook
"""If only bla bla bla..."" Don't offer me thoughtless talking points somebody ELSE forced into your head . .  Offer me facts. Is it THAT hard to do for you? It is NOT massive.  It is less than 200 full rig trucks, some 4,000 people and it's running out of fuel because its leaders can't get at it's online funding.  Tomorrow you will be embarrassed by your ignorance and you will refuse to address me.  And I am already prepared for that. You are not."|10159534162833904|Lorne Warawa|2022-02-02 19:10:03|1|1|10159532001088904|facebook
Because you are an antivaxx cultist, just about EVERY SCIENCE you have denied.  Sorry if you can't bother to defend your bs.|10159534166238904|Lorne Warawa|2022-02-02 19:10:06|1|1|10159532001088904|facebook
, Texas or Alabama. I’ve heard it called Albertabama. Which my Alberta BIL agrees it is and is embarrassed by it.,|10159532063928904|C.A. Cross|2022-02-02 19:10:04|1|1|10159532001088904|facebook
Spoken like the dude from the province with the worst drug problem in Canada. Glass houses bro, enjoy your lane.|10159532143908904|Michael Doherty|2022-02-02 19:10:04|1|1|10159532001088904|facebook
You mean Florida Lite|10159532171418904|Lyndsay Ann |2022-02-02 19:10:04|1|1|10159532001088904|facebook
Albertastan is the proffered nomenclature. They like the resemblance to a place of profound ignorance where the past is looked on as the only way forward.|10159532254653904|Lorne Warawa|2022-02-02 19:10:04|1|1|10159532001088904|facebook
Brydget Lynn-banks what do you think parliament will do for you? Planning to go to Washington next? Same mandate and you still can’t get there. 🤦‍♂️|10159532762908904|Alexander David|2022-02-02 19:10:05|1|1|10159532001088904|facebook
yeah…Ontario gives you a receipt with your name, date received, health card number, etc…..they email it to you after every dose….that’s what I’ve been using.|10159532237248904|Mark Tavares|2022-02-02 19:10:06|1|1|10159532001088904|facebook
that has been standard in Canada for ever! Are you serious?? Everyone gets that. You can’t travel… on an airline|10159532238888904|Craig Sandford|2022-02-02 19:10:06|1|1|10159532001088904|facebook
ha ha ha @ denier…. What science have I denied? The measures put in place by Gov’ts have been ineffective and have run their course….|10159534033928904|Mark Tavares|2022-02-02 19:10:06|1|1|10159532001088904|facebook
Why waiting so long? UK dropped them today|10159532021813904|Vladimir Novakovic|2022-02-02 19:09:59|0|1|10159532001088904|facebook
just wait till you get caught. You are full of it. Nice try though.|10159532241108904|Craig Sandford|2022-02-02 19:10:06|1|1|10159532001088904|facebook
get caught? They ask me for my proof of vaccination…I show them my receipt and my ID…I’m not hiding it…|10159532241923904|Mark Tavares|2022-02-02 19:10:06|1|1|10159532001088904|facebook
you are full of it|10159532242713904|Craig Sandford|2022-02-02 19:10:06|1|1|10159532001088904|facebook
So you finally admit that the science is always evolving....  that's a lot for a denier to admit. Normally your cult doctrine is to admit nothing about the facts of the virus.|10159534026788904|Lorne Warawa|2022-02-02 19:10:06|1|1|10159532001088904|facebook
well you are wrong. A paper copy does not suffice at any Canadian airport…|10159532245393904|Craig Sandford|2022-02-02 19:10:06|1|1|10159532001088904|facebook
"""There is a crack , a crack in everything . That's how the light gets in"". _Leonard Cohen"|10159532044328904|Sean Eyre|2022-02-02 19:09:59|0|1|10159532001088904|facebook
like I said they always asked me for it and I always showed them and always got through. Maybe that changes in the future…not really planning to fly out anywhere since I just moved.|10159532271178904|Mark Tavares|2022-02-02 19:10:06|1|1|10159532001088904|facebook
well it’s in PDF form…|10159532250163904|Mark Tavares|2022-02-02 19:10:06|1|1|10159532001088904|facebook
looks like I left Ontario before QR codes were mandatory….  https:// www.theglobeandm ail.com/amp/ canada/ article-ontario- qr-code-vaccine -passport/|10159532266788904|Mark Tavares|2022-02-02 19:10:06|1|1|10159532001088904|facebook
they should all be reported then. You need a QR code.|10159532267633904|Craig Sandford|2022-02-02 19:10:06|1|1|10159532001088904|facebook
well I’ve flown to the west coast and back to Ontario and moved out west recently, I flew out….shown my receipt and never downloaded a QR code….so far no problems.|10159532240318904|Mark Tavares|2022-02-02 19:10:06|1|1|10159532001088904|facebook
You gonna attend the freedom rally in Ottawa?|10159533900298904|Victor J. Lang|2022-02-02 19:10:03|1|1|10159532001088904|facebook
oh yeah an antivaxxer who is up to date on his vaccinations and did get my two shots of Covid vaccine…. Ha ha ha… maybe you should blame your local Gov’ts for being this miserable….|10159534756103904|Mark Tavares|2022-02-02 19:10:06|1|1|10159532001088904|facebook
your paranoid, the unvacced can’t travel on a plane, can’t go to a restaurant, sports venue, bar, so you just have prejudice. Be wary of those with vaccines who do whatever they want and live more freely but should not worry cause they have been jabbed. I think deep down you don’t feel that the vaccines have protected you and want to reserve a bed in a hospital over other people. But that would make you somehow a superior human being wouldn’t it? If you don’t trust then isolate like those unvaccinated do. Those vaccinated and are dying from covid are either immunity compromised or the vaccine has given them a side effect. Since covid I never hear about flu and pneumonia causing deaths, strange don’t you think?|10159533315573904|Eileen Dougan|2022-02-02 19:10:03|1|1|10159532001088904|facebook
OMG!! Kid aren’t dying first of all. Secondly, the older members are tripled jabbed! If that doesn’t protect them then plane and simple this is not working. Think about what you’re saying, it makes zero sense.|10159532269743904|Heidi Roth|2022-02-02 19:10:03|1|1|10159532001088904|facebook
It's pennies on the US dollar but please, explain to us how you plan to have a life after the Russians pay you.|10159534164688904|Lorne Warawa|2022-02-02 19:10:02|1|1|10159532001088904|facebook
, it's Rubles , educate yourself|10159534063408904|Vladimir Novakovic|2022-02-02 19:10:02|1|1|10159532001088904|facebook
Mad because I knew who you were? Stay mad. It will help you earn Rubels.|10159534019298904|Lorne Warawa|2022-02-02 19:10:02|1|1|10159532001088904|facebook
, i live in a pure blood Oblast, is ur Oblast fooly vaxed?|10159533791923904|Vladimir Novakovic|2022-02-02 19:10:01|1|1|10159532001088904|facebook
"If our Healthcare system was going to be crushed it would have been from continously cutting funding and poor management. The vaccines I was given as a child were NOT mandated BTW. Also the FOUR vaccines I received is miles away from the SIXTEEN kids get today, not including multiple untested covid vaccines and flu shots. I'm NOT an antivaxxer, however people that disagree with me would like to portray it. I am absolutely against government mandated ""healthcare"", masking children, and shutting down businesses. Where do you draw the line when you allow elected government to dictate what you put in your kids bodies? Informed choice is integral parts of our individual freedom."|10159533298408904|Amanda Unacceptable Taillon|2022-02-02 19:10:03|1|1|10159532001088904|facebook
"Which ""freedoms"" exactly have been trampled? I'm curious... They (the convoy) seem to be exercising their freedom of speech just fine... They also have clearly demonstrated the ability and freedom to move about within Canada without being impeded in any way. So which freedoms exactly are being trampled again?"|10159532318248904|Matthew Hales|2022-02-02 19:09:59|0|1|10159532001088904|facebook
Seems you have a second account. I suppose to deal with the fact you get bounced on month long suspensions quite frequently, but this double-team thing you got going is no doubt effective on people who are intimidated by the antivaxx cult. That isn't me.  How is it you got 4 vaccines> Are you an at-risk person? No, because people who have endangering complications are NOT antivaxx fools. They KNOW their at-risk community has been decimated by Covid and they certainly know what's keeping them alive. Restrictions and the vaccine.  So are you over 65? Doubt it, and Ontario isn't even giving out a 4th dose to just old people with no issues.  I call bullshite.|10159533515338904|Lorne Warawa|2022-02-02 19:10:03|1|1|10159532001088904|facebook
can you read? As a child I had four, that's how many were recommended. Not a second account either, just updated my name :) all these educated pro-mandators, anti-choicers sure are good at reading!|10159533537638904|Amanda Unacceptable Taillon|2022-02-02 19:10:03|1|1|10159532001088904|facebook
"UK murdered their ppl but the ppl in Canada just died. Right. Vaccine rate was higher in UK for a long time, they had lockdowns masks and everything we did. Just their politicians didn't believe in the nonsense so they didn't follow their own rules. So they were caught and not say ""yup this is all BS so we're ending this all asap""."|10159532791368904|Seane Madge|2022-02-02 19:10:01|1|1|10159532001088904|facebook
Yes, you antivaxxers say stuff all the time but since so little of it is true, you have to again answer, how exactly did YOU get a 4th vacciation? I call bullshite. You're lying.  And who changes the name of their account ? Seems you had issues with FB and this is you avoiding a ban.|10159533553198904|Lorne Warawa|2022-02-02 19:10:03|1|1|10159532001088904|facebook
We need to learn to live with this crap before we go crazy|10159532218888904|Dawn Kuzio|2022-02-02 19:10:00|0|0|10159532001088904|facebook
And we hope to continue massive protests until then|10159534765808904|Warren Craig Nunweiler|2022-02-02 19:10:00|0|0|10159532001088904|facebook
Good. Let’s see it here in Ontario.|10159532174263904|Michael Medeiros|2022-02-02 19:10:00|0|0|10159532001088904|facebook
I think in Ontario and Quebec they will find a way to keep at least the poor wearing masks and under other restrictions forever, this will be the new normal|10159532300108904|Robson Ferreira|2022-02-02 19:10:00|0|0|10159532001088904|facebook
I heard that before. 2 more weeks to flatten the curve. Now or never bud|10159532712168904|Yann LeMadec|2022-02-02 19:10:00|0|0|10159532001088904|facebook
Yes!!!|10159532041568904|Sally Start|2022-02-02 19:09:59|0|0|10159532001088904|facebook
Has THIS ever worked for the bungling premier before?  That would be a hard-no.  Personally I love that Kenney thinks that vulnerable Albertans and those Albertans with cancers or diabetes or who are just at fault for being too old are expendable on the altar of political expediency. After all, Albertans VOTED for this grifter, and if most of the at-risk Albertans are dead a year from now, so long as Kenney gets re-elected, everybody will be happy  Right?|10159532166518904|Lorne Warawa|2022-02-02 19:10:00|0|0|10159532001088904|facebook
Oh ya? And what are they going to replace it with?|10159532326628904|Julie Anne|2022-02-02 19:09:59|0|0|10159532001088904|facebook
Smart cities. They are for the digital smart cities agenda. Each city has a blueprint for them. They sound all lovely, but they are not. Strategic wording. Essentially, all smart cities are modeled after China's smart cities. 24 hour surveillance, digital identification, social credit systems and digital currency. It's all part of the build back better in the fourth industrial revolution aka the great reset of capitalism. Your behavior will determine how you will live. It's really messed up. The health passports were planned out long before the Coov pandemic.|10159532638513904|Mysty Noél|2022-02-02 19:10:07|1|0|10159532001088904|facebook
Why not right now?!🙄😒|10159533692448904|Jules Den|2022-02-02 19:10:00|0|0|10159532001088904|facebook
Yes, I'll thank the 90% who are vaccinated and keeping our shelves stocked. These other truckers are now just paid protestors, who need to get a job.|10159538271258904|Jerry Chong|2022-02-02 19:10:10|1|0|10159532001088904|facebook
Hope is good. Action is better.|10159532093423904|Jason Clancy|2022-02-02 19:10:00|0|0|10159532001088904|facebook
I’m not the one calling people names, making false accusations and wanting to deny peoples rights to protest and be heard.  Also the cause is not antivaxx…. It’s anti mandates and restrictions.  Oh and thank you for your service.|10159534762643904|Mark Tavares|2022-02-02 19:10:06|1|0|10159532001088904|facebook
Better late than never I suppose. Still unvaccinated lol|10159533508038904|Curtis Dean Doeve|2022-02-02 19:10:00|0|0|10159532001088904|facebook
"Of course they will. The lie has been uncovered. Politicians are scrambling to save face and their careers in power....I wonder how the ""free and impartial"" press will deal with this. What do you think the spin might be??"|10159532507603904|Helen Kefalas|2022-02-02 19:09:59|0|0|10159532001088904|facebook
thank the vaccinated ones still working.|10159532255128904|Jaqutina Lynch|2022-02-02 19:10:10|1|0|10159532001088904|facebook
He was confident with best summer ever and with everyone home for Christmas. He has got to hit a winner sometime. Just keep guessing.|10159535421753904|Gary Duguay|2022-02-02 19:09:59|0|0|10159532001088904|facebook
just wait till Mar 16th...and call it an even 2yr failed plan.|10159533545278904|Conrad Mugford|2022-02-02 19:09:59|0|0|10159532001088904|facebook
Just before his leadership review...|10159532429488904|Paul Tunstall|2022-02-02 19:09:59|0|0|10159532001088904|facebook
No it needs to stop all these mandates...crum bling agenda... back off out of my freedom|10159532133123904|Linda Lise Mertes|2022-02-02 19:09:59|0|0|10159532001088904|facebook
In all Alberta agencies?|10159532362853904|Sandy Diguer|2022-02-02 19:09:59|0|0|10159532001088904|facebook
Something like his best summer ever?|10159532117898904|Jan Schell|2022-02-02 19:09:59|0|0|10159532001088904|facebook
so far that is only words and then what happens when march comes ohoh another variant lol|10159536825488904|Shirley Wiebe|2022-02-02 19:09:59|0|0|10159532001088904|facebook
Let's Go! It's about time! Ford made a similar promise but then backtracked with Omicron and locked us down again despite more cases per capita in the fully vaccinated.|10159533668018904|JC Day|2022-02-02 19:09:59|0|0|10159532001088904|facebook
Like clown Kenney has been right about anything Covid related. He’s been wrong every time every wave. His handling has been a disaster from the beginning.|10159532422178904|Paul Van Elsberg|2022-02-02 19:09:59|0|0|10159532001088904|facebook
seriously what for. GRIFTING CANADIANS who were foolish enough go donate to a worthless convoy. 🤣😂. They will accomplish nothing…. our freedom is not in jeopardy. Our lives are in jeopardy because of a deadly virus that these joker refuse to take seriously !!|10159532132298904|Gloria Dawe Bruce|2022-02-02 19:10:10|1|0|10159532001088904|facebook
In two months and maybe!?!? Kenney's pathetic.|10159532252333904|Joe Simpson|2022-02-02 19:09:59|0|0|10159532001088904|facebook
NOW not March. 🤨 We have had enough of politicians talk|10159532316463904|Charlotte Lett|2022-02-02 19:09:59|0|0|10159532001088904|facebook
"""Confident:"" a word to dress up the fact you don't have a clue about what's coming, but you hope it'll be good."|10159533342018904|Bob Vincent|2022-02-02 19:09:59|0|0|10159532001088904|facebook
These comment threads are glorious as people living with masks on in their basements finally figure out eventually this will all go away and should have about a year and a half ago.|10159532146223904|Michael Doherty|2022-02-02 19:09:59|0|0|10159532001088904|facebook
was just listening to Leonard Cohen this mornig!|10159532055783904|Carter Breeze|2022-02-02 19:10:09|1|0|10159532001088904|facebook
thank them today curse them tommorow|10159532084873904|Pat Arenburg|2022-02-02 19:10:10|1|0|10159532001088904|facebook
Why end of March should be beginning of February!|10159532393328904|Mike Menane|2022-02-02 19:09:59|0|0|10159532001088904|facebook
pffft|10159532118323904|Jan Schell|2022-02-02 19:10:10|1|0|10159532001088904|facebook
Fantastic! A move in the right direction for sure!|10159532146953904|Sharon Sharpe-Titus|2022-02-02 19:09:59|0|0|10159532001088904|facebook
well if I fly out again…we shall see but never downloaded one and no one questioned it|10159532270068904|Mark Tavares|2022-02-02 19:10:06|1|0|10159532001088904|facebook
Why not now, what's the difference|10159532273418904|Patrick Perrier|2022-02-02 19:09:59|0|0|10159532001088904|facebook
so weres your proof that it works?|10159532362578904|Alain Martel|2022-02-02 19:10:03|1|0|10159532001088904|facebook
Amanda Taillon no she is not wrong. You proved her right.|10159532251648904|Jaqutina Lynch|2022-02-02 19:10:03|1|0|10159532001088904|facebook
"You're very wrong. I just don't see any evidence that mandates are working, and huge amounts of damage being done to children, mental health, and small business. Want vaccines? Get them! Want to wear masks, or stay out of restaurants? Do it! Those are your rights. I want my children's and mine. Also, face coverings and excessive control of individuals seems more ""cultist"" than just wanting to be left free to pursue my life with my family without interference."|10159532181208904|Amanda Unacceptable Taillon|2022-02-02 19:10:03|1|0|10159532001088904|facebook
Amanda Taillon You're a cultist.  And you don't care how many kids you kill, or if their families, with older members or members with health issues, die. You just don't care.|10159532170188904|Lorne Warawa|2022-02-02 19:10:03|1|0|10159532001088904|facebook
Too little, TOO late! Remove the REP program NOW! Get the masks off our children's faces!|10159532044453904|Amanda Unacceptable Taillon|2022-02-02 19:09:59|0|0|10159532001088904|facebook
the freedom to open the country because the rest of the world is|10159533984398904|Connie Bruno|2022-02-02 19:10:02|1|0|10159532001088904|facebook
Empty words.... He could scrap it now since it is useless, but he won't. He will not scrap it then either.|10159532140838904|Jack Massalski|2022-02-02 19:09:59|0|0|10159532001088904|facebook
How about now? What is a few weeks going to do, get rid of this|10159532185013904|Melanie Ide|2022-02-02 19:09:59|0|0|10159532001088904|facebook
ya you need a QR code. Guaranteed!|10159532268648904|Craig Sandford|2022-02-02 19:10:06|1|0|10159532001088904|facebook
How about by the end of this weekend. 🇨🇦|10159532241993904|James Fox|2022-02-02 19:09:59|0|0|10159532001088904|facebook
??|10159534193558904|Seane Madge|2022-02-02 19:10:02|1|0|10159532001088904|facebook
No response ? Why of course, no response.|10159534163983904|Lorne Warawa|2022-02-02 19:10:02|1|0|10159532001088904|facebook
racist|10159533982308904|Connie Bruno|2022-02-02 19:10:01|1|0|10159532001088904|facebook
the UK PM is being pushed out soon right? By endless scandals??? PM Johnson is desperate for affection.|10159532814093904|Carey DePass|2022-02-02 19:10:01|1|0|10159532001088904|facebook
Bravo.|10159532428948904|Ron Pohl|2022-02-02 19:10:01|1|0|10159532001088904|facebook
Or maybe they could pick a random country out of a hat and follow their healthcare policies instead. . .|10159532024713904|Andrew Lindsey|2022-02-02 19:10:01|1|0|10159532001088904|facebook
Amanda Taillon You don't seem to realize you are trying to prove a negative.... Which can't be done. In the flippity we know the mandates ARE working because our Health Care system wasn't entirely crushed in the first three months of the pandemic. Side note... YOU were vaccinated against measles, small pox, etc how exactly is this different? That was mandated. So is this.|10159532501768904|Matthew Hales|2022-02-02 19:10:03|1|0|10159532001088904|facebook
Amanda Taillon Sweden will no longer vaccinate children between ages 5-11, they say risks outweigh any benefits|10159533283488904|Eileen Dougan|2022-02-02 19:10:03|1|0|10159532001088904|facebook
You're just tossing individual and out of context points at me as if you saying them disproves a tonne of science that went behind those points to get us to where we are. Examples: - Kids aren't dying NOW., As Omicrom proved, the variant is out there waiting to do what the other variants didn't do. Did YOU see Omicrom coming? So our hospitals are not overflowing now? - And it's been well proven that kids spread Covid, so lessening the spreading by vaccinating is crucial. To anybody with a brain.  Denying the science because you just don't like it, is how civilizations disappeared. Just do the right thing for once.|10159533482223904|Lorne Warawa|2022-02-02 19:10:03|1|0|10159532001088904|facebook
"It's ""You Are"" or ""You're"" . . .  If you have some special insight into 'how I feel' you should offer that insight, but you just don't. So stop pretending you know something about me.  Now, I know something about you: like all antivaxxers, you're not interested in facts. Saying the vaccinated are dying of complications of the vaccine is total nonsense. Your own words label you as anti-science. So you can now either offer evidence that people are dying of the vaccines or you can retract that statement. But you won't do either, and I know this about you 😈"|10159533503328904|Lorne Warawa|2022-02-02 19:10:03|1|0|10159532001088904|facebook
there will always be new variants.  In fact there are probably thousands of mutations of the variants already.  Vaccinations don’t help that|10159532265953904|Mark Tavares|2022-02-02 19:10:06|1|0|10159532001088904|facebook
didn’t say a fly all the time. I said I flew out to the west coast using my PDF receipt…flew back to Ontario using my PDF receipt and then when I moved to the west coast a month ago I used my PDF receipt to fly back out….all the security people asked for my proof of vaccination and showed them my PDF receipt and they didn’t blink an eye and let me through.|10159532252928904|Mark Tavares|2022-02-02 19:10:06|1|0|10159532001088904|facebook
don’t know you…don’t care for your opinion….  I told the truth…if you don’t believe me I don’t care….  Enjoying my life out west now…|10159532249588904|Mark Tavares|2022-02-02 19:10:06|1|0|10159532001088904|facebook
New variant there brain.  New variant, that wouldn't be here if we had vaccinated everybody.  Your limited scope of understanding of this pandemic is matched only by the general ignorance of your posts.|10159532245418904|Lorne Warawa|2022-02-02 19:10:06|1|0|10159532001088904|facebook
By March? It’s not working now…..it’s useless  While the truckers are working on the Feds, people should be protesting to stop these mandates in their own communities….  The Freedom Convoy means nothing if we also don’t put pressure on the provincial Gov’ts|10159532067228904|Mark Tavares|2022-02-02 19:09:59|0|0|10159532001088904|facebook
Ssshhhhhhh, you're trying to talk facts to people who don't want to hear them.|10159533773948904|Lorne Warawa|2022-02-02 19:10:05|1|0|10159532001088904|facebook
Brydget Lynn-banks This is going to fizzle so bad.|10159533772318904|Lorne Warawa|2022-02-02 19:10:05|1|0|10159532001088904|facebook
We can’t wait till March, we are on the way to parliament now.|10159532225913904|Lynn Banks|2022-02-02 19:09:59|0|0|10159532001088904|facebook
, to that would Quebecstan|10159532668213904|C.A. Cross|2022-02-02 19:10:04|1|0|10159532001088904|facebook
florida is great, wish I was enjoying their sunshine and freedom of choice about now! Have a good day!|10159532245258904|James Fox|2022-02-02 19:10:04|1|0|10159532001088904|facebook
Bro, your province gives the homeless one way bus tickets to BC|10159532158058904|Cheryl McNutt|2022-02-02 19:10:04|1|0|10159532001088904|facebook
Tomorrow is here little fella and I am here formally addressing you. Are you ready? FYI, you won't get the truth from the gar bage media BS you have been eating for 2 years.|10159534528448904|Victor J. Lang|2022-02-02 19:10:03|1|0|10159532001088904|facebook
I think we discovered the real cultist! Have a look in the mirror for a hint!|10159533898368904|Victor J. Lang|2022-02-02 19:10:03|1|0|10159532001088904|facebook
I see some people can't play nice.  I suggest you gain some more knowledge of how social media works before coming on here and getting your little eqo bruised up. Evidently you just not cut out for this yet.|10159533753473904|Lorne Warawa|2022-02-02 19:10:03|1|0|10159532001088904|facebook
"4 childhood vaccines dear. Not covid vaccines. And I changed my name, never been banned, not that I have to explain myself to an ""anti-choicer"" lmao Also, there are MANY more posts on this article with my views. Maybe go bother them, I'm bored with you telling me what I am, who I am, how I think. Clearly you know me so well, we've said all we need to. Have a nice day!"|10159533563068904|Amanda Unacceptable Taillon|2022-02-02 19:10:03|1|0|10159532001088904|facebook
Premier McCheeseburgler should call an election. Immediately. It'd be the best referendum ever!|10159538274998904|Jerry Chong|2022-02-02 19:10:00|0|0|10159532001088904|facebook
