﻿comment|comment_ids|username|datetime|isreply|num_replies|post_id|label
"Interesting wording. Committing illegal acts during a protest is one thing, but characterizing a protest in its entirety as ""unlawful"" is a politicized characterizatio n that sets us on a slippery slope."|10159578773103904|Craig Stevenson|2022-02-23 23:21:42|0|5|10159578696408904|facebook
The divide and unhappiness with the current Gov't runs deep.|10159578963683904|Denise Collins Goldsack|2022-02-23 23:21:42|0|3|10159578696408904|facebook
"There are plenty of regimes that declare peaceful protests to be ""Unlawful"" - usually the ones who have dictators and wanna-bees in power.  I'm a professional. I live in Ottawa. I work downtown and walk to work form the edge of the ""Red Zone."" I spent many hours talking to protestors and recording events. What I see with my own eyes and hear with my own ears is that G&M (and CTV, CBC and local media) has fully participated in overt propaganda narratives designed to delegitimize and dehumanize protestors.  This would have been over before it started if JT hadn't insisted on insulting and invalidating the concerns of the ""Fringe minority"" which polls tell us is at 20% support nationally.  Donations to a protest group fighting against losses of constitutionall y guaranteed freedoms is legitimate political speech.  This was not an anti-vaxx protest driven by conspiracies. It was not white supremacists and wife-beaters and criminals. No, no truckers tried to burn down a building, no truckers overthrew a soup kitchen, no truckers smashed a window a km away"|10159578878308904|Shannon Douglas|2022-02-23 23:21:42|0|3|10159578696408904|facebook
The trucker convoy protest was not illegal when the police officers donated to it, so there should be no investigation. Freezing bank accounts is unprecedented in our history. This is political tyranny, not democracy.|10159578782568904|Frieda Anne Mayer|2022-02-23 23:21:42|0|3|10159578696408904|facebook
it's not illegal ..do some research|10159578917593904|Darlene Brooks|2022-02-23 23:21:49|1|3|10159578696408904|facebook
Again, using information illegally obtained to punish…|10159578739918904|Shels Shels|2022-02-23 23:21:42|0|2|10159578696408904|facebook
it was bloody clear what they were doing for any donations time-stamped after the first weekend.|10159579243348904|Trevor Gilbert|2022-02-23 00:00:00|1|2|10159578696408904|facebook
I always am nasty to fascists and Nazis and you should be too. You should be embarrassed.|10159578996273904|Peter Ross|2022-02-23 23:21:45|1|2|10159578696408904|facebook
|10159578967458904|Tyler Popp|2022-02-23 23:21:54|1|2|10159578696408904|facebook
What's with this unlawful protest talk? Unbelievable how the press twists things and are allowed to upset Canadians with such flagrant lies.|10159578765173904|Brian Benoit|2022-02-23 23:21:42|0|1|10159578696408904|facebook
"""A protest in its entirety""; you and the other legal scholar here seem to have missed that. It will be difficult to establish that contributors intended to fund a protest that was perfectly legitimate in some respects, ie that portion which occurred on Parliament Hill. Note also that other past protests have cluttered up the streets in front of Parliament, albeit briefly. How are we to conclude that contributors sent their money to the convoy specifically in the hope that it would prolong this event? It's difficult to come to that conclusion."|10159579226628904|Craig Stevenson|2022-02-23 00:00:00|1|1|10159578696408904|facebook
Perhaps you haven't heard, it has been ended.|10159579078113904|Brenda Lang|2022-02-23 23:21:54|1|1|10159578696408904|facebook
"needing to enact the Energencies Act isn't? I bet you lurved that! ""Yes please suspend the Charter every. Single. Time. I don't agree with a protest!"" Amirite?"|10159579047463904|Tyler Popp|2022-02-23 23:21:54|1|1|10159578696408904|facebook
A crime against humanity? Exaggerate much??|10159579045283904|Brenda Lang|2022-02-23 23:21:54|1|1|10159578696408904|facebook
you look silly because you believe everything you see on TV 🤷‍♂️🙏|10159579232368904|Taylan Knowles|2022-02-23 00:00:00|1|1|10159578696408904|facebook
learn how it works before you look silly..  https:// www.justice.gc.c a/eng/csj-sjc/ rfc-dlc/ ccrf-ccdl/check/ art2c.html  “Section 2(c) guarantees the right to peaceful assembly; it does not protect riots and gatherings that seriously disturb the peace: R. v. Lecompte, [2000] J.Q. No. 2452 (Que. C.A.). It has been stated that the right to freedom of assembly, along with freedom of expression, does not include the right to physically impede or blockade lawful activities: Guelph (City) v. Soltys, [2009] O.J. No. 3369 (Ont. Sup. Ct. Jus), at paragraph 26.”|10159578960463904|Edmond Engelbrecht|2022-02-23 23:21:47|1|1|10159578696408904|facebook
Trudeau will throw the good ones under the bus. And reward his followers.|10159578848713904|Mae Hibbs|2022-02-23 23:21:42|0|1|10159578696408904|facebook
No it’s pretty simple had you out a little effort rather than guessing.. I’ll help you do you are not wrong next time you post..  https:// www.justice.gc.c a/eng/csj-sjc/ rfc-dlc/ ccrf-ccdl/check/ art2c.html  “Section 2(c) guarantees the right to peaceful assembly; it does not protect riots and gatherings that seriously disturb the peace: R. v. Lecompte, [2000] J.Q. No. 2452 (Que. C.A.). It has been stated that the right to freedom of assembly, along with freedom of expression, does not include the right to physically impede or blockade lawful activities: Guelph (City) v. Soltys, [2009] O.J. No. 3369 (Ont. Sup. Ct. Jus), at paragraph 26.”|10159578964583904|Edmond Engelbrecht|2022-02-23 23:21:54|1|1|10159578696408904|facebook
No protest is unlawful if it is peaceful. It is counter to democracy to label it as such. If it does not incite violence or advocate violence or hate it is not unlawful, cannot be unlawful. To label it as unlawful is a crime against humanity, against democracy, a violation of human rights. It is authoritarian and should be treated with disdain.|10159578921393904|Tyler Popp|2022-02-23 23:21:42|0|1|10159578696408904|facebook
you too.|10159578923553904|Parm Parmar|2022-02-23 23:21:49|1|1|10159578696408904|facebook
How can one trust a cop who supports this illegal mob. Not very reassuring.|10159578864643904|Parm Parmar|2022-02-23 23:21:42|0|1|10159578696408904|facebook
"that's what blockading roads is. Unlawful. That's not a ""politicized characterizatio n"" - it's a plain and simple legal fact.  It's one thing for police to exercise professional discretion about how fast they move to breaking up a blockade, but paying for them to happen is quite another. It calls into question whether the decision about breaking up blockades is really a matter of professional discretion at all, or one colored by personal sympathies.  Unless their donations were made before the lawful moving convoy protest stopped and formed unlawful blockades, and in ignorance of the plan to do so, donating money to this fundraiser equals financing a crime.  If you want to talk about slippery slopes, turning a blind eye towards cops financing crimes committed in the name of politics - even while they're off duty - would be a pretty big one."|10159579156158904|Trevor Gilbert|2022-02-23 00:00:00|1|1|10159578696408904|facebook
do you prefer “illegal occupation” or “blockade”?|10159578772083904|Lynda Jean|2022-02-23 23:21:50|1|1|10159578696408904|facebook
Haha…I’m a professional. You don’t even have a job.|10159578935788904|Peter Ross|2022-02-23 23:21:45|1|1|10159578696408904|facebook
they were only supposed to be frozen for a short while- they were frozen, not seized|10159578762238904|Terri Vallance|2022-02-23 23:21:51|1|1|10159578696408904|facebook
This was a Freedom Rally. I can't believe there are Canadians against freedom. The only illegal acts were the violence from Trudeaus hired thugs. And disruption by a few at the Ambassador Bridge was quickly and peacefully dispersed. I suppose you're getting your news from CBC.|10159578826543904|Brian Benoit|2022-02-23 23:21:50|1|1|10159578696408904|facebook
no reason to be denigrating.|10159578970968904|Clara Chol|2022-02-23 23:21:45|1|1|10159578696408904|facebook
it’s the truth and the truth hurts. He probably copied it from his lover, Joe Rogan.|10159578972173904|Peter Ross|2022-02-23 23:21:45|1|1|10159578696408904|facebook
so hostile your comments. You can disagree with the protest and still be polite.|10159578973788904|Clara Chol|2022-02-23 23:21:45|1|1|10159578696408904|facebook
according to several materials that I have viewed this feels pretty revisionist (you know that cancel culture right wingers don't like). I saw one thing where the premiers did not want a charter and to be under the thumb of the federal government. They apparently thought controlling these things in their own domain to be good enough. That includes Mr Peckford. I'll have to dig that up. I am sure its not a cut and dry topic with regards to the interpretatoin of these events. .. but I can say for certain whatever gets bent and deformed by Rex Murphy and Jordan Peterson.. one could probably spend a solid day or 2 to find the real source info and some of it will not match.|10159579032078904|Edmond Engelbrecht|2022-02-23 23:21:46|1|1|10159578696408904|facebook
Gee……I wonder why the government decided to start unfreezing accounts. My guess is because far more donated than they’re willing to admit….|10159578729603904|Michael Quinn|2022-02-23 23:21:42|0|1|10159578696408904|facebook
We have a right to protest in this country and have the O.P.P. already forgotten that the escorted the protesters to the protest location.|10159578887668904|Brandon Bartlett|2022-02-23 23:21:42|0|1|10159578696408904|facebook
So did they freeze their bank accounts too?|10159578983013904|Dillon Brunet|2022-02-23 23:21:42|0|1|10159578696408904|facebook
-- squatting in the road for weeks on-end is not lawful|10159578893078904|David Bradley Muir|2022-02-23 23:21:46|1|1|10159578696408904|facebook
yes looks like a few people here have helped you understand ..  Here is some further reading so that you have all the info to be correct next time around..  https:// www.justice.gc.c a/eng/csj-sjc/ rfc-dlc/ ccrf-ccdl/check/ art2c.html  “Section 2(c) guarantees the right to peaceful assembly; it does not protect riots and gatherings that seriously disturb the peace: R. v. Lecompte, [2000] J.Q. No. 2452 (Que. C.A.). It has been stated that the right to freedom of assembly, along with freedom of expression, does not include the right to physically impede or blockade lawful activities: Guelph (City) v. Soltys, [2009] O.J. No. 3369 (Ont. Sup. Ct. Jus), at paragraph 26.”|10159578958328904|Edmond Engelbrecht|2022-02-23 23:21:46|1|1|10159578696408904|facebook
"you missed part 1CONSTITUTION ACT, 1982End note(81) PART I Canadian Charter of Rights and Freedoms Whereas Canada is founded upon principles that recognize the supremacy of God and the rule of law: Pierre Trudeau's charter was defeated in parliament. Half way through this table he left parliament. He wanted less involvement with the provinces as he saw them too difficult to deal with. He unilaterally passed his own bill to patriate the constitution. He also had his own version of the charter and went to his own friends in the supreme court and they turned him down. They stated what he was trying to do was seen as unconstitutiona l. In September of 81 his charter was amended to what we have today not Trudeau's charter it was the provinces. Section 6 Mobility Rights, Section 7 Legal Rights and lastly Section 15 Equality Rights. Review the Canadian Charter of Rights with the Honorable Brian Peckford who is the last remaining political leader alive that crafter the Charter of Rights and Freedoms. Rex Murphy and Jordan Peterson ""The Catastrophe of Canada."""|10159579010153904|Lyn Squires|2022-02-23 23:21:46|1|1|10159578696408904|facebook
yeah because he finally realised he looked exactly like a dictator when there was no need for the EMA to be used in the first place. However it is before the Senate. Once it passes the House, can it just be taken back?|10159579085098904|Tyler Popp|2022-02-23 23:21:54|1|1|10159578696408904|facebook
Given that Tamara was denied bail I hardly think that was the plan….I’d bet folding money the reason she was denied bail is because there is ability for her to pay it. Despite what she said. This is chess not checkers…..|10159578765008904|Michael Quinn|2022-02-23 23:21:51|1|0|10159578696408904|facebook
they just made the effort to “do the research”??  https:// www.justice.gc.c a/eng/csj-sjc/ rfc-dlc/ ccrf-ccdl/check/ art2c.html  “Section 2(c) guarantees the right to peaceful assembly; it does not protect riots and gatherings that seriously disturb the peace: R. v. Lecompte, [2000] J.Q. No. 2452 (Que. C.A.). It has been stated that the right to freedom of assembly, along with freedom of expression, does not include the right to physically impede or blockade lawful activities: Guelph (City) v. Soltys, [2009] O.J. No. 3369 (Ont. Sup. Ct. Jus), at paragraph 26.”|10159578963348904|Edmond Engelbrecht|2022-02-23 23:21:50|1|0|10159578696408904|facebook
this is the real question|10159579445543904|Matt Laprise|2022-02-23 00:00:00|1|0|10159578696408904|facebook
Ask everyone of them why and publish that.|10159578722238904|Lori Jean|2022-02-23 23:21:42|0|0|10159578696408904|facebook
"""Unlawful"" will be up to court to decide."|10159579191163904|Tina Knott|2022-02-23 00:00:00|0|0|10159578696408904|facebook
let’s hope Trudeau days are numbered It is just about the time few to go In his way out take Freeland and Marco etc|10159580001888904|Dana Frum|2022-02-24 00:00:00|1|0|10159578696408904|facebook
I thought that the whole point of go fund me was to be able to support a cause of choice, but it seems that that's not the case?|10159580050748904|Dina Petrov|2022-02-24 00:00:00|0|0|10159578696408904|facebook
That is frightening .|10159578878988904|Lauren Blatt|2022-02-23 23:21:42|0|0|10159578696408904|facebook
Shame on police and Ottawa for such a dirty trick shame shame .😥😥😥😥🚚🚚🚚🚚🚚🚚🚚🚚|10159578939853904|Chrystal Penney|2022-02-23 23:21:42|0|0|10159578696408904|facebook
You can bet their accounts do not get froze.|10159579238368904|Kelly J. Pledge|2022-02-23 00:00:00|0|0|10159578696408904|facebook
The measure itself was instituted by the Conservative government of the time, to replace the war measures act. It was used to facilitate the ending of the illegal occupation of Ottawa, it worked, and now it is over. It could be used again there were another emergency. It could be used by a government of any party if deemed necessary.|10159579093918904|Brenda Lang|2022-02-23 23:21:54|1|0|10159578696408904|facebook
🇨🇦❤️🇨🇦|10159578762178904|Jamie Deveau|2022-02-23 23:21:42|0|0|10159578696408904|facebook
Wrong think is now a crime in Canada|10159579062608904|Seane Madge|2022-02-23 23:21:42|0|0|10159578696408904|facebook
Why?, respect what each one want to do.|10159579288203904|Enrique Armenta|2022-02-23 00:00:00|0|0|10159578696408904|facebook
Police officers and soldiers and their superiors and bureaucrats have a tough moral dilemma, and so they should. When one looks at the big picture, they and their leaders must help advance the evil agenda of a pitiful communist narcissistic little man. So surreal, actions that detrimentally affect what veterans fought against through blood and tears throughout history and present families and children and future generations becoming victims of the same. The whole scene is nonsensical. The twit is insane. Wasn't he bringing terrorists in while soldiers were in Afghanistan... High Treason according to CCC 46 (1) (c), isn't it! 'It' carrying on with total impunity. Pretty sure many would like to chop off the head of the snake.  The rights, freedoms, and prosperity we've enjoyed before 2015 have been the results of the strenuous efforts of preceding generations. Countless sacrifices have been made. This was paid for in blood and tears. This legacy was given to all of us in trust. But, the world losing its mind; a sign of societal insanity and stream of ideological nonsense. The absence of shame is a problem, a serious problem. So, where are the people Canadians put in charge? Just what will you, political representatives , abstain from passing along to future generations? What an opportunity for lowly uninspired political puppet backbenchers to stand up for themselves!  “Liberty once lost is lost forever.” - John Adams, 1775... When the People once surrender their share in the Legislature, and their Right of defending the Limitations upon the Government, and of resisting every Encroachment upon them, they can never regain it.|10159578897268904|Richard Courtemanche|2022-02-23 23:21:42|0|0|10159578696408904|facebook
Bless those Police Officers!|10159578888483904|Stelios Agaliotis|2022-02-23 23:21:43|0|0|10159578696408904|facebook
Did those who donated know that some of those they supported would later commit a crime? This witch-hunt of Trudeau's is going too far.|10159583227438904|Gary McCaig|2022-02-25 00:00:00|0|0|10159578696408904|facebook
GOOD for them. cops of conscience.|10159578812513904|Gary Desjardins|2022-02-23 23:21:43|0|0|10159578696408904|facebook
my comments directly relate to yours. Had the truckers left the trucks and just piled onto a public lawn they would not be being removed like they were ..|10159578970913904|Edmond Engelbrecht|2022-02-23 23:21:54|1|0|10159578696408904|facebook
I just helped her if she doesn’t respond we know why eh??|10159578961873904|Edmond Engelbrecht|2022-02-23 23:21:49|1|0|10159578696408904|facebook
Maybe there were police that believed in freedom compared to some of their compatriots who are just looking for power trips.|10159579118758904|Brooks Matthews|2022-02-23 23:21:42|0|0|10159578696408904|facebook
Regardless of your employment, you are a voting citizen and taxpayer first!!!|10159579346143904|Derek Steven Cunningham|2022-02-23 00:00:00|0|0|10159578696408904|facebook
thank you!|10159578970323904|Clara Chol|2022-02-23 23:21:45|1|0|10159578696408904|facebook
how much are you paid to post his drivel?|10159579042978904|Brenda Lang|2022-02-23 23:21:45|1|0|10159578696408904|facebook
Copied..saw many diff similar posts from diff sources..|10159579166163904|Stan Riedel|2022-02-23 00:00:00|1|0|10159578696408904|facebook
says the American interfering in Canadian Political Events.|10159582461443904|Shannon Douglas|2022-02-25 00:00:00|1|0|10159578696408904|facebook
Sorry sad Russian man. I can comment on what I want. Now please enjoy your time with Putin.|10159582502248904|Peter Ross|2022-02-25 00:00:00|1|0|10159578696408904|facebook
Oh yes. Very deep and very dark.|10159582081768904|Lyn Squires|2022-02-25 00:00:00|1|0|10159578696408904|facebook
It became unlawful as soon as its actions became illegal, which there is beyond-ample evidence to support, right from the get-go. It became an illegal enterprise as soon as the city declared a state of emergency.  If you deny this, then we can't help you.|10159578814938904|Moe Seke|2022-02-23 23:21:46|1|0|10159578696408904|facebook
Well worth the listen....|10159579036943904|Lyn Squires|2022-02-23 23:21:46|1|0|10159578696408904|facebook
Yup... The G & M are doing the media for our tyrannical government|10159579149913904|Stan Riedel|2022-02-23 00:00:00|1|0|10159578696408904|facebook
"dont forget Pat King reminding the internets.. that JT might ""catch a bullet"".. yes an organiser that the protesters enjoy the company of likes to prance around saying a number of things that ensured the movement was DOA.. And that it was labelled in a negative way."|10159579269158904|Edmond Engelbrecht|2022-02-23 00:00:00|1|0|10159578696408904|facebook
did you have the same comment regarding squatting on our rails in 2020?|10159579969938904|Kyle Fingland|2022-02-24 00:00:00|1|0|10159578696408904|facebook
Road blocks, infrastructure destroyed, arson and violent threats, occupation has been going on for 17 years in Caledonia so don't cry to me about Ottawa. They only had to put up with it for 3 weeks.|10159583757533904|Larry Aelterman|2022-02-26 00:00:00|1|0|10159578696408904|facebook
only when some one disagrees with you. Sad the division is fuelled by opposition.|10159579652443904|Matthew Harper|2022-02-23 00:00:00|1|0|10159578696408904|facebook
do are you saying these actions that are stated to be illegal did not happen.|10159579264188904|Margo Harding|2022-02-23 00:00:00|1|0|10159578696408904|facebook
globe and mail is all liberal|10159579462133904|Mary Fleming Faulkner|2022-02-23 00:00:00|1|0|10159578696408904|facebook
true it was deemed unlawful by the court after they refused to follow conditions of a protest and allowed it to become an occupation.|10159579654733904|Matthew Harper|2022-02-23 00:00:00|1|0|10159578696408904|facebook
They'll say they;re concerned and looking into it and it will be quietly buried as it should be. the only people that care about this are wet wipes and moist towelettes and they will eventually dry out or soil themselves over some new perceived outrage.|10159578738908904|Mike Crowbear|2022-02-23 23:21:42|0|0|10159578696408904|facebook
Mike J. Rowbear Your characterizatio n of those who disagree with you shows you to have a mean, vulgar, nasty streak. I'm sure your mom would be proud.|10159579040788904|Brenda Lang|2022-02-23 23:21:47|1|0|10159578696408904|facebook
I thought Police Officer take a oath. They are suppose to protect the public, not promote anarchy.|10159582044758904|Lida Currie|2022-02-25 00:00:00|0|0|10159578696408904|facebook
And they are Canadian's as well as cops.|10159579047363904|Peter McGregor|2022-02-23 23:21:42|0|0|10159578696408904|facebook
Proof!|10159578773858904|John Currie|2022-02-23 23:21:48|1|0|10159578696408904|facebook
How was the information obtained illegally?|10159579005608904|Dawn Miles|2022-02-23 23:21:48|1|0|10159578696408904|facebook
Are you referring to the Ontario government? OPP are in Ontario, and yes, dissatisfaction with the government runs deep.|10159579037813904|Brenda Lang|2022-02-23 23:21:44|1|0|10159578696408904|facebook
let’s do that.. Did you manage to get this far???  https:// www.justice.gc.c a/eng/csj-sjc/ rfc-dlc/ ccrf-ccdl/check/ art2c.html  “Section 2(c) guarantees the right to peaceful assembly; it does not protect riots and gatherings that seriously disturb the peace: R. v. Lecompte, [2000] J.Q. No. 2452 (Que. C.A.). It has been stated that the right to freedom of assembly, along with freedom of expression, does not include the right to physically impede or blockade lawful activities: Guelph (City) v. Soltys, [2009] O.J. No. 3369 (Ont. Sup. Ct. Jus), at paragraph 26.”|10159578961193904|Edmond Engelbrecht|2022-02-23 23:21:49|1|0|10159578696408904|facebook
the occupation was illegal and was moved on.|10159579656043904|Matthew Harper|2022-02-23 00:00:00|1|0|10159578696408904|facebook
I thank them for doing it considering the erratic and irrational moves of governments in the past year, this was very brave.|10159578845633904|Tim Cameron|2022-02-23 23:21:42|0|0|10159578696408904|facebook
https:// www.justice.gc.c a/eng/csj-sjc/ rfc-dlc/ ccrf-ccdl/check/ art2c.html  “Section 2(c) guarantees the right to peaceful assembly; it does not protect riots and gatherings that seriously disturb the peace: R. v. Lecompte, [2000] J.Q. No. 2452 (Que. C.A.). It has been stated that the right to freedom of assembly, along with freedom of expression, does not include the right to physically impede or blockade lawful activities: Guelph (City) v. Soltys, [2009] O.J. No. 3369 (Ont. Sup. Ct. Jus), at paragraph 26.”|10159578962888904|Edmond Engelbrecht|2022-02-23 23:21:50|1|0|10159578696408904|facebook
was only the good, honest ones that serve their oath.|10159578800433904|Karl Murray|2022-02-23 23:21:42|0|0|10159578696408904|facebook
Why? Just to realized one more time one of these 3 1) how many sympathized, considering was enough oppression in Canada 🇨🇦 to start protesting 2) not only suspend them with no pay and force them to vaccinate, but now under a communist system and dictatorship principals remove or suction them ? 3) Replace them with citizens or newcomers that at any time will come and run over Canadians that dare to ask for their right ?|10159579997468904|Dana Frum|2022-02-24 00:00:00|0|0|10159578696408904|facebook
"Again, this is the ""find out"" phase of the performance."|10159578922983904|Trevor Lavens|2022-02-23 23:21:43|0|0|10159578696408904|facebook
