﻿comment|comment_ids|username|datetime|isreply|num_replies|post_id|label
Ah, I was poking fun at him. Clearly it is anything but.|10159533572368904|Tina Knott|2022-02-02 21:09:03|1|8|10159533430738904|facebook
10% unvaxed account for 50% of ICU occupancy, keeping seriously ill patients from receiving necessary care. This is truly the #killerkonvoy.|10159533559588904|Derek van Dassen|2022-02-02 21:08:59|0|7|10159533430738904|facebook
you have issues with the people in Parliament so be it, but to turn a flag upside down is disrespect and yes I know what it means. Makes you no better than the people you hate.|10159533613943904|Brenda Leigh|2022-02-02 21:08:59|0|4|10159533430738904|facebook
We as Canadians are blessed with freedoms and rights (even this right to protest) but this freedom convoy is all a bit embarrassing. We do not live under tyranny. All that was asked of citizens was to vaccinate and mask up. Truckers work under many other restrictions, licenses, road rules etc. A vaccine and a mask seem like a simple ask in order to protect your fellow Canadians.|10159534050968904|Jo-Anne Douglas|2022-02-02 21:08:59|0|4|10159533430738904|facebook
not the people commenting|10159533646713904|Sherry Cadieux Hambly|2022-02-02 21:09:01|1|4|10159533430738904|facebook
Troll? Bye...|10159533714963904|Daniel Malouin|2022-02-02 21:09:04|1|4|10159533430738904|facebook
the whole point of vaccinations is to stop the potentially deadly effects of the virus, if you’re vaccinated you will get mild effects if you get COVID. You are just as likely to get the virus if you’re vaxxed or not. The point of wearing a mask is that if YOU are sick then the chance of you spreading it to others minimizes.|10159533940753904|Runar J. G. Tuft|2022-02-02 21:09:01|1|3|10159533430738904|facebook
You got this wrong, 50% in the hospitals are fully vaccinated. Look up the numbers in the media.|10159533573563904|Anna Golodina|2022-02-02 21:09:10|1|3|10159533430738904|facebook
"I support the Freedom Convoy, the Charter also likely does. Exactly who are you calling a ""white supremacist""? You didn't clarify anything other than a few questions about your state-of-mind that nobody asked."|10159533515463904|Paul Bell|2022-02-02 21:09:06|1|3|10159533430738904|facebook
and what about the confederate flags on the trucks? Is that love?|10159533912898904|Wilde Brandy Orange|2022-02-02 21:09:11|1|3|10159533430738904|facebook
Surgical masks have zero efficacy against aerosols. They stopped spread by spit and sneeze but that's all. I was not vaxxed for COVID-19 as a kid because there was no vaccine in the 60's for the 2019 illness. I was vaccinated for Polio though and have not required 3 boosters a year or still be infected and spread it though. Please, go on with the childhood vaccinations analogy. I'm not an antivaxxer but you can call me one if you like. That's a Charter Right that you have.|10159533659218904|Paul Bell|2022-02-02 21:09:06|1|3|10159533430738904|facebook
"Does it? The Freedom convoy has written a letter asking the Governor General and Senate to overturn vaccine mandates, foregoing the governing party in the House of Commons. Since you think yourself an ""expert"" can you point out where in the Constitution, or Constitutional provisions, which allow for this to happen? As for your question about white supremacists, if you've been living under a log and/ or are too obtuse to pay attention, it's now well-documented extremist elements are now part of this convoy. That you choose not to disavow them is indicative of your mental state and character."|10159533521338904|Jane Karen Sims|2022-02-02 21:09:06|1|3|10159533430738904|facebook
I don’t mind you having a different opinion than me but I do mind you disparaging me for my opinion - pls remove this comment or I will report it to Facebook as harassment. When people can’t argue their case on facts they resort to personal slurs|10159533570833904|Sherry Cadieux Hambly|2022-02-02 21:09:01|1|3|10159533430738904|facebook
covid isn’t the only health crisis in the world and they’re putting way too much energy into and literally none into addressing the serious problems in mental health etc caused by the pandemic. Most countries are going to start dropping the restrictions soon so you will see that we can live life as normal and the sky won’t fall down soon|10159533830748904|Alison Farrell|2022-02-02 21:09:10|1|2|10159533430738904|facebook
if you think the G&M is lying, why are you here? Do you seriously have nothing better to do than to read a news source that you think is deceiving you? Go read The Rebel or something more in line with your views.|10159533524333904|Jane Karen Sims|2022-02-02 21:09:13|1|2|10159533430738904|facebook
no really Mark. We are telling you it’s disrespectful. You don’t do it without being disrespectful.|10159533832098904|Wendy Grier|2022-02-02 21:09:11|1|2|10159533430738904|facebook
I applaud you for putting a sentence together without using an emoji. I hear positive reinforcement works well.  Is it reasonable not to take action when a significant portion of the population are making choices based on misinformation? Is it reasonable to allow that misinformation to spread as a basis for a person’s decision making, especially if that decision has the potential to directly harm those around them?|10159533535903904|Monica Noij|2022-02-02 21:09:06|1|2|10159533430738904|facebook
Not since the Last Spike, nor the end of both world wars has a Country come together as a Nation, as One 👍|10159533558403904|George Falconer|2022-02-02 21:08:59|0|2|10159533430738904|facebook
we are tired of your “vaccine mandates” are no different then seatbelt laws.|10159533728533904|Elijah Cohen|2022-02-02 21:09:04|1|2|10159533430738904|facebook
I actually don’t go on first name bases with morons…|10159533668593904|Willard Hagen|2022-02-02 21:09:12|1|2|10159533430738904|facebook
it’s convenient to call me a troll, I get that. What I don’t get is how anyone could suggest a few hundred people driving to Ottawa are “saving our country,” and do it with a straight face (presuming your face is straight)|10159533721203904|Sean Ledwich|2022-02-02 21:09:04|1|2|10159533430738904|facebook
why are you FOR government mandates? Truckers or not If there were no mandates, you could still hide in your house, get groceries delivered, get vaccinated etc. 🤷‍♂️ why do you need the government to tell you to do it?|10159533583733904|Jay Zigganos|2022-02-02 21:09:01|1|2|10159533430738904|facebook
"But Trudeau said it was only a ""small fringe"" group"|10159533524178904|Tina Knott|2022-02-02 21:08:59|0|2|10159533430738904|facebook
it’s the governments job to increase healthcare spend for more beds and staff. 85% Canadian are vaxxed and they’ll only be immune for so long before the numerous jabs lower natural immunity or new variants appear. It’s time to get on with our lives again.|10159533584713904|Alison Farrell|2022-02-02 21:09:10|1|2|10159533430738904|facebook
already got your excuse rdy hey lol|10159533608103904|Dan Campbell|2022-02-02 21:09:07|1|2|10159533430738904|facebook
I'm guessing you're just angry at everything. Have a pleasant evening.|10159533749383904|Shari Landry|2022-02-02 21:09:13|1|2|10159533430738904|facebook
I see all the whiny Liberals have come to cry.|10159533553888904|Mike Johnson|2022-02-02 21:08:59|0|2|10159533430738904|facebook
will see..if this turns out to be one of the biggest, spontaneous protests in Canada then statistically you can infer what is going on in the larger general population|10159533984293904|Tina Knott|2022-02-02 21:09:03|1|2|10159533430738904|facebook
Mike Taras poor you|10159533551998904|Sherry Cadieux Hambly|2022-02-02 21:09:01|1|2|10159533430738904|facebook
how so?|10159533819188904|Chuck Cooper|2022-02-02 21:09:06|1|2|10159533430738904|facebook
I’ll be glad when this weekend is over. This is like watching NORAD tracking Santa Claus.|10159533562228904|David Sokol|2022-02-02 21:08:59|0|1|10159533430738904|facebook
an organizer went on CBC to say info on vaccine symptoms are being suppressed. There’s just no evidence of that at all, and in fact the reporting mechanisms in place appear very transparent and robust. Of course, if you point that out you get told to “open your eyes“ as if they can see something the rest of the world cannot.|10159534778843904|Sean Ledwich|2022-02-02 21:09:04|1|1|10159533430738904|facebook
In an open society, a person is allowed to do anything they want that doesn't directly harm others. That includes make choices for their own body and freely make comments about public policies.  As soon as you use the state to target and punish people for making medical choices that you disagree with, you've violated their human rights, no matter how many incomprehensibl e bromides you lay down about the supposed complexity of society|10159533519908904|Dave Kozak|2022-02-02 21:09:06|1|1|10159533430738904|facebook
are you a constitutional expert or just parroting something you read on a placard? Trudeau was referring to a fringe element among the convoy being “unacceptable” who were levelling obscenities at him, and calling for a committee of non-elected people to overtake Parliament in its “MOU”. I’m sure CSIS has a lot more undisclosed information on these individuals we will learn about eventually as they continue to embolden themselves publicly.|10159533519248904|Stephen Duke|2022-02-02 21:09:06|1|1|10159533430738904|facebook
- the flu shot is to only get you through the current flu season. So yes, you do lose immunity after about 6 months.|10159533809293904|Jen Smith Martell|2022-02-02 21:09:10|1|1|10159533430738904|facebook
OK, I’ll bite. What’s the punchline here? This is obviously a joke of some kind because of your style, so I would like to know the punchline.|10159533843233904|Mark Vasko|2022-02-02 21:09:11|1|1|10159533430738904|facebook
Daniel is a scab|10159533907863904|Mike Varv|2022-02-02 21:09:04|1|1|10159533430738904|facebook
punchline? I would not joke about such a thing and neither would you if you were at all patriotic.|10159534044423904|Wendy Grier|2022-02-02 21:09:11|1|1|10159533430738904|facebook
i hope they stay there forever and you starve since you rely on the government so much|10159533631188904|Natasha Ellwood|2022-02-02 21:09:08|1|1|10159533430738904|facebook
your should be you're (you are).|10159535265903904|Daniel Malouin|2022-02-02 21:09:04|1|1|10159533430738904|facebook
And the big signs that say FuKC Trudeau which children see. Immature.|10159534048648904|Jo-Anne Douglas|2022-02-02 21:09:11|1|1|10159533430738904|facebook
I don’t give a crap about these organizers who have an agenda because they are anti Vaxxers|10159534824578904|Sandra Hunt|2022-02-02 21:09:04|1|1|10159533430738904|facebook
good grief. All done until now has been to limit the extent of the impact of this virus. The undesired place is in all countries. And I doubt a convoy of truckers honking horns will do anything to rescue from this place, get real.|10159533577598904|Chuck Cooper|2022-02-02 21:09:06|1|1|10159533430738904|facebook
Stop giving this attention|10159533503743904|Tania Barr|2022-02-02 21:08:59|0|1|10159533430738904|facebook
not disrespectful, but this symbol indicates a nation under distress. A call out for help. If there was ever a time for it, this is it. I don’t think anyone would argue that.|10159533741113904|Mark Vasko|2022-02-02 21:09:11|1|1|10159533430738904|facebook
of course they are there. Don’t be so naïve.|10159533631693904|Bruce R Collens|2022-02-02 21:09:07|1|1|10159533430738904|facebook
gotta prepare those excuses ahead of time for when this goes sideways.  But tell us, if it doesn’t go sideways, were the plants ever really there?|10159533625703904|Logan Creed|2022-02-02 21:09:07|1|1|10159533430738904|facebook
"- ""Well you don't require it every 6 months"". I just explained the reason why. 🤦🏻‍♀️ Covid-19 is far more contagious than the flu and more deadly. Covid-19 did not stop during the summer of 2020 and 2021. The responsibility of Public Health is to assess the seriousness of an outbreak - mandates are not a new thing."|10159533828038904|Jen Smith Martell|2022-02-02 21:09:10|1|1|10159533430738904|facebook
it’s called reality. The world is wise the the leftist tactics.|10159533614183904|Bruce R Collens|2022-02-02 21:09:07|1|1|10159533430738904|facebook
If they can weed out the federal plants and the left wing instigators they should be just fine.|10159533580938904|Bruce R Collens|2022-02-02 21:08:59|0|1|10159533430738904|facebook
Peterson - the stupid man's smart person.|10159533829768904|Alex Buchanan|2022-02-02 21:09:06|1|1|10159533430738904|facebook
and so are you|10159533820268904|Daniel Tate|2022-02-02 21:09:06|1|1|10159533430738904|facebook
"You sure do ""follow the political science""."|10159533817868904|Paul Bell|2022-02-02 21:09:06|1|1|10159533430738904|facebook
oh please. He’s a disgrace.|10159533812793904|Chuck Cooper|2022-02-02 21:09:06|1|1|10159533430738904|facebook
that wasn’t the CBC, that was the Kingston police.|10159533643248904|Logan Creed|2022-02-02 21:09:07|1|1|10159533430738904|facebook
listen to Jordan Peterson latest podcast about Trudeau’s assault on democracy. It’s frightening|10159533666588904|Daniel Tate|2022-02-02 21:09:06|1|1|10159533430738904|facebook
do you think Kingston is the only place they are travelling through? Come on man!!|10159533649733904|Bruce R Collens|2022-02-02 21:09:07|1|1|10159533430738904|facebook
we are probably doing better than most countries. Masks, vaccines and lockdown mandates have likely saved a lot of folks despite so called infringements of freedoms. Were you vaxxed as a kid? Were your parents? Did they cry infringement? No they saw the common good. Sadly this freedom trucker rally doesn’t.|10159533654773904|Chuck Cooper|2022-02-02 21:09:06|1|1|10159533430738904|facebook
Yet, the measures don't limit the extent of the virus. Canada is doing worse than Sweden yet we have harsher measures (for example). We should unpack why that is.|10159533580673904|Paul Bell|2022-02-02 21:09:06|1|1|10159533430738904|facebook
ok, if you get a million I’ll be impressed. At this point it’s a few hundred.|10159533768258904|Sean Ledwich|2022-02-02 21:09:04|1|1|10159533430738904|facebook
But how will those hard-working lobbyists and activists ever make it from the Glebe up to Chelsea for their weekend ski and coffee? The natural order of things has truly been disrupted.|10159533619788904|Craig Stevenson|2022-02-02 21:08:59|0|1|10159533430738904|facebook
we’ll you don’t require it every 6 months and it’s not mandated so there’s a big difference|10159533812263904|Alison Farrell|2022-02-02 21:09:10|1|1|10159533430738904|facebook
When the SCC hears Charter challenges, that's when the dust is settled. Do you have legitimate comprehension latencies or are you just an obtuse person?|10159533539398904|Paul Bell|2022-02-02 21:09:06|1|1|10159533430738904|facebook
that's why the media wrote that, it's nothing but love and support for the end to mandates that I've seen or heard from the people that care about this...... Didn't see any up side down flags from Hamilton to Toronto|10159533740533904|Robert William|2022-02-02 21:09:11|1|1|10159533430738904|facebook
these idiots are in La LA land as if I want some trucker dictating anything to me when it comes to health strictions for a pandemic. Lots have said no masks no nothing. I heard one on global tell the reporter they don’t care about deaths one woman standing outside said it was a lie people have died. It’s mind boggling how a minority of Canadians got caught up in a big lie started in the states|10159533783653904|Sandra Hunt|2022-02-02 21:09:04|1|1|10159533430738904|facebook
they’re there in your mind sure, but right now there’s only about 100 trucks, so where will all these government infiltrators come from?|10159533637138904|Logan Creed|2022-02-02 21:09:07|1|1|10159533430738904|facebook
so what do you say to the many truck drivers who don't agree with this?|10159533743783904|Brenda Leigh|2022-02-02 21:09:04|1|1|10159533430738904|facebook
I guess this goes for your grand-parents too then! Who cares about these old losers right?! I feel sorry for self-centred narrow minded idiots who make this kind of ignorant comment! What a brilliant future you have ahead of you 👏🏻🙄|10159533609033904|M-c Tremblay|2022-02-02 21:09:10|1|1|10159533430738904|facebook
compare the population of the protests to the population of even Ottawa, and yes, surprising to no one who has passed grade 6 math, it’s small in comparison to the rest of Canada.|10159533594043904|Logan Creed|2022-02-02 21:09:03|1|1|10159533430738904|facebook
Thank you for your comment, Mr Greenpeace.|10159534811563904|George Falconer|2022-02-02 21:09:09|1|1|10159533430738904|facebook
Then, why is he in hiding, if it a “small fringe” group?|10159533570668904|Anna Golodina|2022-02-02 21:09:03|1|1|10159533430738904|facebook
Waitaminute Didn’t Trudeau assure is this was all a “small, fringe” group of “unacceptables “?? How did it all of a sudden become “significant”?? Who’s lying Globe & Mail? - You, the Police or Trudeau??|10159533484743904|Neil Bristol|2022-02-02 21:08:59|0|1|10159533430738904|facebook
Do you go by Jane or Karen? From your response I can only imagine, right Karen?|10159533527938904|Neil Bristol|2022-02-02 21:09:13|1|1|10159533430738904|facebook
Rebel News, True North, these are the go-to sources for the truth. We, the fringe group, come here to inform the people because we have done extensive research and know that this is not about health or the jab. This is about control. This much control in the hands of Trudeau is very, very dangerous. We are headed somewhere where no one wants to go.|10159533718013904|Daniel Malouin|2022-02-02 21:09:13|1|1|10159533430738904|facebook
Research where? Your local karaoke bar?|10159533735243904|Shari Landry|2022-02-02 21:09:13|1|1|10159533430738904|facebook
mandate do nothing to stop a virus, much like the cheesy little face masks and the so called vaccines. This has been a gong show since day one. By the way they say Over 85% vaxxed, yet the vaxxed are getting it in record numbers.|10159533913973904|Carol Gammel|2022-02-02 21:09:01|1|1|10159533430738904|facebook
if so, MUCH more reliable & truthful source than anything CBC broadcasts|10159533746918904|Neil Bristol|2022-02-02 21:09:13|1|1|10159533430738904|facebook
the only reason mandated are needed is because a large populace do not bother with getting vaccinated, social distance, etc. thereby endangering those who actually struggle/ potentially die if they get COVID. Mandates are there to stop the spread of the virus.|10159533858333904|Runar J. G. Tuft|2022-02-02 21:09:01|1|1|10159533430738904|facebook
it’s the weekend! They are off. I have no doubt they will be back on their runs next week.|10159533820513904|Philip Standard|2022-02-02 21:09:01|1|1|10159533430738904|facebook
I know truckers there that cross the border frequently. So you know truckers that won't miss a run, I know truckers that are there. Cool|10159533793253904|Kristi Allan|2022-02-02 21:09:01|1|1|10159533430738904|facebook
what are you talking about? I come from a family of truckers and I deal with 50 truckers a week at work. My grandfather is a proud retired trucker and he is ashamed. I have not talked to one trucker in the past two weeks who plan to miss even one run. We have not missed a shipment . Two of my cousins left my grandfathers place a couple of hours ago to leave for their runs. Everyone has bills to pay and can’t afford to take time off work and pay for that kind of gas for nothing. How many do you know???|10159533756453904|Philip Standard|2022-02-02 21:09:01|1|1|10159533430738904|facebook
how many truckers do you actually know? And then specifically, American truckers?|10159533752253904|Kristi Allan|2022-02-02 21:09:01|1|1|10159533430738904|facebook
I don’t know one active trucker who is not doing their runs.|10159533734703904|Philip Standard|2022-02-02 21:09:01|1|1|10159533430738904|facebook
you look them up! The ICU Covid patients are almost all unvaccinated|10159533580998904|Philip Standard|2022-02-02 21:09:10|1|1|10159533430738904|facebook
...didn't you just call them idiots???|10159533582498904|Madeleine Menard|2022-02-02 21:09:01|1|1|10159533430738904|facebook
you might have to start grocery shopping in the US pretty soon, so there's that 🤷‍♀️|10159533569308904|Kristi Allan|2022-02-02 21:09:01|1|1|10159533430738904|facebook
clearly hates Americans and that makes her a bad Canadian!|10159533558693904|Bradley James Sweet|2022-02-02 21:09:01|1|1|10159533430738904|facebook
In 2019 hundreds of thousands of Canadians came together to protest climate change. Hundreds of thousands in one day. That dwarfs this foolish little group in the convoy.|10159534809873904|Michael Suksi|2022-02-02 21:09:09|1|1|10159533430738904|facebook
compared to the overall population very small group|10159533619863904|Wayne Smith|2022-02-02 21:09:03|1|1|10159533430738904|facebook
Billard? Bill? Willy? Llard?|10159533820178904|Daniel Tate|2022-02-02 21:09:12|1|1|10159533430738904|facebook
They're dropouts.... just the concept of being accountable flies a mile above their heads, but yeah, let's leave them with the tab, that's the only thing that will make sense to them... and their supporters.|10159533717558904|David Ferland|2022-02-02 21:09:12|1|1|10159533430738904|facebook
lol I guess you haven’t seen the kids riddled in anxiety and depression? You’ve clearly lost touch of reality if you think telling someone to stay home if they need to is hatred. You have a great future ahead of you too, waiting to come out of lockdown 3 more years and thinking it was justified|10159533663263904|Alison Farrell|2022-02-02 21:09:10|1|1|10159533430738904|facebook
Saving our country? Hyperbole, much?|10159533714363904|Sean Ledwich|2022-02-02 21:09:04|1|1|10159533430738904|facebook
Every mainstream media source is headlining the negative possibilities of the convoy. Mainstream is planting ideas into the heads and hearts of people, inciting hate and rebellion towards the worthy cause of saving our country - saving our freedom! Kudos to the truckers and the hundreds of thousands of supporters! ❤️|10159533631398904|Daniel Malouin|2022-02-02 21:08:59|0|1|10159533430738904|facebook
100 huh? Apparently CBC can’t count! 😂😂🤡|10159533639703904|Bruce R Collens|2022-02-02 21:09:07|1|1|10159533430738904|facebook
you mean just like the flu shot?|10159533614688904|Brenda Leigh|2022-02-02 21:09:10|1|1|10159533430738904|facebook
false and fake news by another liberal troll|10159533613128904|John Norbert|2022-02-02 21:09:10|1|1|10159533430738904|facebook
Make them pay for all protests costs and vandalism that is sure to occur with this mob, from the millions,receiv ed from terrorists groups around the world..|10159533613413904|Willard Hagen|2022-02-02 21:08:59|0|1|10159533430738904|facebook
"There issue seems to be the Vaccine passports, especially when concerning travel outside of Canada, though they don't seem to realize such a document has existed for years with regards to traveling to certain countries with vaccine requirements (not covid related before some idiot tries to claim this is only because of covid).  The other thing they don't seem to realize, even if the mandate is rescinded, doesn't mean they can freely travel outside of Canada. The US has border restrictions in place similar to Canada, we remove the mandates all it means is the US truckers can get into Canada without the vaccine, Canadian truckers still can't go down without the vaccine.  There are still countries that have travel restrictions in place and will require visitors to be vaccinated, again Canada removing the mandate, how does that help with travel?  What they don't realize is that within the provinces it's up to the provincial governments, which are mostly conservatives, to mandate or end the mandate on vaccine passports, within that province.  They don't seem to realize their ""cause"" is moot. Our freedoms have not been infringed upon, our rights have not been taken away.  You still have the freedom to refuse the vaccine, you still have the right to the vaccine if you want as well."|10159534439903904|Matthew Daniel Sporich|2022-02-02 21:09:03|1|1|10159533430738904|facebook
"Byron Johnson Am curious...is everyone who chooses to exert their democratic right to assemble and protest a ""junior high school student"" or just ones you don't agree with?"|10159534737948904|Tina Knott|2022-02-02 21:09:03|1|1|10159533430738904|facebook
c’mon Billy support their right to protest. Be a pal Billy. Or do you go by the name “William.”|10159533667348904|Daniel Tate|2022-02-02 21:09:12|1|1|10159533430738904|facebook
if any of that occurs, the total would still be a pittance compared to the financial wreckage that JT has caused to the nation|10159533737913904|Mark Vasko|2022-02-02 21:09:12|1|1|10159533430738904|facebook
it really is - maybe not the truckers but the fringe extreme right wing parties that have invited themselves along for the ride. They are using it as a very profitable fundraiser.|10159534047493904|Jo-Anne Douglas|2022-02-02 21:09:03|1|1|10159533430738904|facebook
You're right: money doesn't mean a thing when push comes to shove.|10159533781158904|David Ferland|2022-02-02 21:09:12|1|1|10159533430738904|facebook
are you on glue?|10159533804548904|Wade Dawe|2022-02-02 21:09:12|1|1|10159533430738904|facebook
no but you are obviously off your meds, so go go back into mommies basement and chill..|10159533807133904|Willard Hagen|2022-02-02 21:09:12|1|1|10159533430738904|facebook
This is a very tiny fringe minority. 90% of Canadian truckers are vaccinated, and have no difficulty transporting their goods.|10159533724998904|David Watson|2022-02-02 21:09:03|1|1|10159533430738904|facebook
how is he in hiding? A family member has Covid and he’s isolating for five days, let’s be honest about that, at least.|10159533717503904|Sean Ledwich|2022-02-02 21:09:03|1|1|10159533430738904|facebook
Are you really that thick? If 50% are vaccinated, then who are the rest? Wait for it...the unvaccinated. There are a disproportionat e number of unvaxxed people in the hospitals/ ICUs as a percentage of those vaxxed and unvaxxed in the population. When 50% of the people in the ICU are vaxxed and the other half unvaxxed, it is the unvaxxed population that is disproportionately taking up critical space. The same number of a much, much smaller percentage of people in the population ( i.e. the 15% unvaxxed versus the 85% vaxxed or whatever it is now), is a much, much larger percentage of that group in the population. If everyone was vaxxed, there would ultimately be fewer people in the ICU/hospital.|10159533800478904|Alex Buchanan|2022-02-02 21:09:10|1|0|10159533430738904|facebook
correct. Soon when ICUs are at capacity the un vaxxed will be triaged to the hallways, and then the morgue. ERs will not waste further resources on those least likely to survive.|10159533816853904|Chuck Cooper|2022-02-02 21:09:10|1|0|10159533430738904|facebook
flutruxklan|10159533584878904|Sam Roop|2022-02-02 21:09:10|1|0|10159533430738904|facebook
yup 50% out of 11.8 million vaccinated and 50% out of 2.2 million unvaccinated.|10159533614083904|Deborah Carbone|2022-02-02 21:09:10|1|0|10159533430738904|facebook
we have ….that’s how we know! These vaccines are not designed to curb the illness…….on the Alberta AHS website more fully vaccinated individuals are being hospitalized.|10159533594318904|Sandy Diguer|2022-02-02 21:09:10|1|0|10159533430738904|facebook
Sorry Con troll, it is true. And do you think only Cons can comment here? Do you own this page?|10159533802648904|Alex Buchanan|2022-02-02 21:09:10|1|0|10159533430738904|facebook
we don’t lose immunity to a flu shot every 6 months or less and need to keep topping up. And we don’t get a flu shot with technology to fight last years flu. The booster isn’t even made to be affective for the alternated spike proteins of omicron. It’s not sustainable to live like this. The flu shot also doesn’t swell your heart and cause mycroditis|10159533630058904|Alison Farrell|2022-02-02 21:09:10|1|0|10159533430738904|facebook
American flags??? Move to the US then and stay there. See if you like it better than Canada.|10159533528488904|Sherry Cadieux Hambly|2022-02-02 21:08:59|0|0|10159533430738904|facebook
"- how do you suppose anyone with a serious mental health issue is going to get seen at a hospital, when the hospitals are getting jammed with Covid patients? . . . most of them unvaccinated. It's quite ignorant of you to dismiss the severity of this virus, all so you can move on and ""live life as normal""? How naive.🙄"|10159533901458904|Jen Smith Martell|2022-02-02 21:09:10|1|0|10159533430738904|facebook
why is it okay to tell our elderly people to stay home but not kids 🤔 don’t you think they feel lonely too?|10159533912933904|M-c Tremblay|2022-02-02 21:09:10|1|0|10159533430738904|facebook
Important!!!!! Don't get violent, stay Peaceful. If you see the piles of bricks/rocks, call the police to tell them to come get them(they've been planted there). The world is watching, this is to remain full of happiness, joy, love, respect and above all PEACE!!!!!!!!!|10159533557843904|Fred Allen|2022-02-02 21:08:59|0|0|10159533430738904|facebook
Be careful Canadian freedom seekers, your government is afraid of you and may hit back hard, like Nancy Pelosi is doing to American citizens|10159534036113904|Pamela Sue|2022-02-02 21:08:59|0|0|10159533430738904|facebook
these guys rarely go out.|10159533989058904|Bernie McCorry|2022-02-02 21:09:13|1|0|10159533430738904|facebook
nope, just when having to deal with the hypocrisy of the Left|10159533758658904|Neil Bristol|2022-02-02 21:09:13|1|0|10159533430738904|facebook
It became a significant following of the disillusioned folks on far right side of the spectrum. People who are suddenly angry at the media, at everything the Trump dingbats disliked. (They don't know they're in Canada!) Thank goodness many respectable truckers did not get involved with this gong show.|10159533733923904|Shari Landry|2022-02-02 21:09:13|1|0|10159533430738904|facebook
There are stupid people everywhere...|10159534412188904|Peter Vickery|2022-02-02 21:08:59|0|0|10159533430738904|facebook
I do not see how some can justify criticizing those who are defending our right to choose. Take as many mRNA injections as you want but where do people get off thinking it is right to coerce others into taking it? It does not make you safer.  If you are someone who thinks all this is justified what is your plan. Are you planning on taking whatever medical intervention the government “mandates” for the rest of your life so you can keep your job, freedom, and rights? Is this what you want for your kids?|10159534626238904|Jeffrey Ferland|2022-02-02 21:09:12|1|0|10159533430738904|facebook
Any thoughts of a coerced medical intervention needs to meet a very, very, very, high standard if justifiable at all and this isn't close!|10159534623993904|Jeffrey Ferland|2022-02-02 21:09:12|1|0|10159533430738904|facebook
I rest my case on the moron analogy…|10159533842538904|Willard Hagen|2022-02-02 21:09:12|1|0|10159533430738904|facebook
if any of that occurs, the total would still be a pittance compared to the financial wreckage that JT has caused to the nation|10159533735983904|Mark Vasko|2022-02-02 21:09:12|1|0|10159533430738904|facebook
yes, I suppose, but more like a symbol of unison and autonomy from gov power mandates. 🤷🏼‍♀️|10159535196953904|Emese Ung|2022-02-02 21:09:11|1|0|10159533430738904|facebook
Bahahaha Wendy is batshit.|10159535187438904|Pugsley DeCat|2022-02-02 21:09:11|1|0|10159533430738904|facebook
Or an attack. You should've kept reading when you looked it up. I did not call you ignorant or relay such in my comment. The fact that you have to stoop to such a level to do so, says a lot. As I said in my original statement, I know what it means. It wasn't accepted when they did in on Jan. 6th either.|10159534533013904|Brenda Leigh|2022-02-02 21:09:11|1|0|10159533430738904|facebook
the turning of a flag upside down is an old way to symbolize the nation, boat, building or castle flying it was in distress. It's a known historic symbol, just because you're ignorant and believe it's a malicious act... doesn't make it so.|10159534518928904|Sandra Salanki|2022-02-02 21:09:11|1|0|10159533430738904|facebook
OK then, get a large portrait of GT to hang in your home, and send a donation to the Liberals and you’ll feel better|10159534505498904|Mark Vasko|2022-02-02 21:09:11|1|0|10159533430738904|facebook
Cause they believe the confederates won 🤣|10159534450018904|Matthew Daniel Sporich|2022-02-02 21:09:11|1|0|10159533430738904|facebook
pretty sure your children have heard that before.|10159534079008904|Emese Ung|2022-02-02 21:09:11|1|0|10159533430738904|facebook
Mark, exactly your words. Clarity.|10159534073828904|Emese Ung|2022-02-02 21:09:11|1|0|10159533430738904|facebook
check your baggage. Also brush up on American history. If you think the “southern” flag is a divider, you likely need more history lessons on why.|10159534072633904|Emese Ung|2022-02-02 21:09:11|1|0|10159533430738904|facebook
he’s actually right. He’s not being disrespectful|10159533838573904|Jansen Jhedward|2022-02-02 21:09:11|1|0|10159533430738904|facebook
A convoy of independent truckers is what we have.|10159537805613904|June Anderson|2022-02-02 21:08:59|0|0|10159533430738904|facebook
One of the trucks part right in front of the Hill says in huge letters F**** Trudeau. I'm sorry but regardless of your views..when people see that you discredit this entire movement....peo ple won't take you seriously, people will brand the entire movement on that.... people will see this as a sign of hooliganism and it does nothing but reinforce stereotypes of Truckers. If I were the organizer...I would disassociate your movement with such messaging.|10159534096773904|Gavin Pollard|2022-02-02 21:08:59|0|0|10159533430738904|facebook
It’s usually fat people clogging up th hospitals. This is a breath of fresh air|10159535185378904|Pugsley DeCat|2022-02-02 21:09:10|1|0|10159533430738904|facebook
they don’t care.|10159533580088904|Philip Standard|2022-02-02 21:09:10|1|0|10159533430738904|facebook
"Trashing Jordan Peterson as ""a disgrace"" is a political stance, not an intellectual one."|10159533823733904|Paul Bell|2022-02-02 21:09:06|1|0|10159533430738904|facebook
to bad we all pay the same taxes and have the rights to all the same things eh 😅|10159533572883904|Curtis Parish|2022-02-02 21:09:10|1|0|10159533430738904|facebook
They are. 90% of truckers are vaccinated. Separate point: a lot of Canada's truckers are from India. I wonder what percentage of these guys are. I say it's zero. Judging by the racist slogans on a lot of the trucks.|10159534774433904|Matt Stevenson|2022-02-02 21:09:03|1|0|10159533430738904|facebook
here’s a good article  https:// apple.news/ A_VBi9YIRRxK5ZQS G8YYnzA|10159533779848904|Sandra Hunt|2022-02-02 21:09:03|1|0|10159533430738904|facebook
oh you are|10159533902063904|Mike Varv|2022-02-02 21:09:03|1|0|10159533430738904|facebook
how is driving across the country and bilking people out of millions ‘spontaneous’?  Also for people who didn’t want to leave until things have changed the Parliament Hill live feed seems strangely free of people.|10159534023738904|Logan Creed|2022-02-02 21:09:03|1|0|10159533430738904|facebook
Ted Kim No, I was joking. Are you wearing a tin hat by any chance?|10159534470773904|Tina Knott|2022-02-02 21:09:03|1|0|10159533430738904|facebook
Current medical advice is that self-isolating is not required for those who may have been exposed but have no symptoms.|10159534733148904|Tina Knott|2022-02-02 21:09:03|1|0|10159533430738904|facebook
Are you familiar with statistics and how properties of populations can be inferred from subsets?|10159534734318904|Tina Knott|2022-02-02 21:09:03|1|0|10159533430738904|facebook
Their funds are still being held by GoFundMe until they outline what they actually plan to do with it.|10159534778348904|Matt Stevenson|2022-02-02 21:09:03|1|0|10159533430738904|facebook
https:// i.redd.it/ 8u0m0kdkcne81.jp g|10159534872908904|Matt Stevenson|2022-02-02 21:09:09|1|0|10159533430738904|facebook
the protests are against mandates. You can’t live in a state of emergency for 2 years. This is about the freedoms and rights every Canadian should have! This convoy is FOR YOU! Idiot.|10159534514258904|Isabel Sander|2022-02-02 21:09:03|1|0|10159533430738904|facebook
they’ve literally denied unvaccinated individuals entrance to supermarkets in Quebec. Is that the Canada you’re a proud citizen of? Because I’m so embarrassed. This is not what our country is about.|10159534515998904|Isabel Sander|2022-02-02 21:09:03|1|0|10159533430738904|facebook
👍|10159534853348904|Susan Mullan|2022-02-02 21:09:03|1|0|10159533430738904|facebook
👍|10159534856398904|Susan Mullan|2022-02-02 21:09:03|1|0|10159533430738904|facebook
It’s racist to mandate ID to vote but not racist to show ID to eat?  Seems like you white people want society all to yourselves|10159535183613904|Pugsley DeCat|2022-02-02 21:09:03|1|0|10159533430738904|facebook
a few hundred? Try a million people being in Ottawa when this is all set and done|10159533724668904|Elijah Cohen|2022-02-02 21:09:04|1|0|10159533430738904|facebook
it is a small fringe group led by a wexit, yellow vest separatist whack job. Oh but Donald Trump Jr supports them LOL!|10159533681273904|Kent Lavoie|2022-02-02 21:09:03|1|0|10159533430738904|facebook
it is. It's a few hundred people.|10159533640548904|Jim McAllister|2022-02-02 21:09:03|1|0|10159533430738904|facebook
it is. A few thousand?|10159533604008904|Andrzej Nowacki|2022-02-02 21:09:03|1|0|10159533430738904|facebook
it is|10159533591118904|Craig Sandford|2022-02-02 21:09:03|1|0|10159533430738904|facebook
he was talking about who has not been vaccinated.|10159533550703904|Sharon Robinson|2022-02-02 21:09:03|1|0|10159533430738904|facebook
I mean I’m just curious about average drivers who find themselves sharing the road briefly 😜👌🏼|10159533716683904|Danielle Hernandez|2022-02-02 21:08:59|0|0|10159533430738904|facebook
« Significant »… is that the same kind of language as « fringe minority » Asking for a friend|10159533618128904|Ellem Chaud|2022-02-02 21:08:59|0|0|10159533430738904|facebook
then if that's true ,why is it that the fully vaxed make up the majority of ICU admissions and deaths|10159535745288904|Patrick Perrier|2022-02-02 21:09:01|1|0|10159533430738904|facebook
how have all those lockdowns and mandates worked so far? 3 years in and we're right back where we started, so much for your logic|10159535744293904|Patrick Perrier|2022-02-02 21:09:01|1|0|10159533430738904|facebook
do you realize how many items we get from our neighbors to the south? Also if there were ever to be a war over here, who do you think would be our ally? We don’t have a military that is well equipped to do much if we were ever invaded. Be nice to your neighbors|10159534088653904|Carol Gammel|2022-02-02 21:09:01|1|0|10159533430738904|facebook
key word is if you are sick. Why should healthy people have to muzzle up then?|10159534086368904|Carol Gammel|2022-02-02 21:09:01|1|0|10159533430738904|facebook
our flag stands for neutrality always want to carry it better know what it stands for .|10159533901663904|Mike Varv|2022-02-02 21:09:01|1|0|10159533430738904|facebook
it's been a very long weekend. What's your point btw? You like being locked up? You like your job threatened? What? I'm proud of Canadians standing together against destructive and divisive and useless mandates. It's the first time I have felt hope as a Canadian in a long time|10159533823103904|Kristi Allan|2022-02-02 21:09:01|1|0|10159533430738904|facebook
brain dead sheep|10159533810583904|Brendan Mahrt|2022-02-02 21:09:01|1|0|10159533430738904|facebook
it's a protest why we're there White's protesting with BLM. How about the donations they are not all truckers expand your thoughts.|10159533782863904|Trevor Altman|2022-02-02 21:09:01|1|0|10159533430738904|facebook
haha. That's not what they signify|10159533733743904|Vicki Baulch|2022-02-02 21:09:01|1|0|10159533430738904|facebook
and they have Trump 2024 flags as well! So embarrassing|10159533579058904|Philip Standard|2022-02-02 21:09:01|1|0|10159533430738904|facebook
no comparison|10159533732938904|Vicki Baulch|2022-02-02 21:09:04|1|0|10159533430738904|facebook
your a scab broker|10159533907418904|Mike Varv|2022-02-02 21:09:04|1|0|10159533430738904|facebook
enticing =/= inciting|10159534861563904|Matt Stevenson|2022-02-02 21:09:04|1|0|10159533430738904|facebook
so do the ones protesting.|10159533618153904|Brenda Leigh|2022-02-02 21:09:07|1|0|10159533430738904|facebook
Funny, that's what all the truckers in the convoy are doing. You know what a protest is, right?|10159534870208904|Matt Stevenson|2022-02-02 21:09:09|1|0|10159533430738904|facebook
Funny, that's what we see of the alt-right.|10159534440028904|Matthew Daniel Sporich|2022-02-02 21:09:09|1|0|10159533430738904|facebook
My Greenpeace affiliation, which I am proud of, is irrelevant to this discussion. The point is that you implied something about the size and importance of this convoy that is simply not true. And your comment is not unique. We see a lot of misinformation from this convoy and it's supporters. Truth does matter.|10159535019443904|Michael Suksi|2022-02-02 21:09:09|1|0|10159533430738904|facebook
Terry Fox? Vancouver Olympics?|10159534563913904|Richard Evans|2022-02-02 21:09:09|1|0|10159533430738904|facebook
Demand for diesel, ivermectin and street walker service will peak in Ottawa over the weekend.|10159533558298904|Jim Francis|2022-02-02 21:08:59|0|0|10159533430738904|facebook
Account many poeple be sick spread each other|10159533524653904|Massia A Tracy|2022-02-02 21:08:59|0|0|10159533430738904|facebook
Dont why usa own countries gourvement|10159533541358904|Massia A Tracy|2022-02-02 21:08:59|0|0|10159533430738904|facebook
Trump support coming Canada|10159533541728904|Massia A Tracy|2022-02-02 21:08:59|0|0|10159533430738904|facebook
I keep thinking back to the farmers' protest decades ago when Wellington was clogged with tractors and other farm vehicles. As I recall, they dumped some foul-smelling stuff here and there, too. Does anyone remember the outcome of that protest? I don't.|10159535125823904|Bob Vincent|2022-02-02 21:08:59|0|0|10159533430738904|facebook
Looks impressive but this picture has 11 trucks. 11 people is a small group.|10159535126958904|Melvin Argue|2022-02-02 21:08:59|0|0|10159533430738904|facebook
Now I know the inspiration for zombie apocalypse fiction… if this pandemic has taught me one thing it is that it has shown me that subhumans are real! Horrifying…|10159534144613904|Alex Bunker|2022-02-02 21:08:59|0|0|10159533430738904|facebook
you seem like a nice person|10159533814748904|Ryan Puritt|2022-02-02 21:09:08|1|0|10159533430738904|facebook
helicopters? 😉|10159534568098904|Richard Evans|2022-02-02 21:09:07|1|0|10159533430738904|facebook
that’s the main group.|10159533651063904|Logan Creed|2022-02-02 21:09:07|1|0|10159533430738904|facebook
lol. And who’s a smart man’s smart person besides you?|10159533880953904|David Buder|2022-02-02 21:09:06|1|0|10159533430738904|facebook
what is an anti-vaxxer? Someone that doesn't want an experimental undertested gene therapy that has proven to have failed drastically, damages the immune system, and actually causes people to be more vulnerable and catch covid along with a slew of other illnesses?|10159535260343904|Daniel Malouin|2022-02-02 21:09:04|1|0|10159533430738904|facebook
“the charter likely does” Oh Paul. You’re terrible. No one is going to elect you you’re a disaster.|10159533694103904|Jon Szucs|2022-02-02 21:09:06|1|0|10159533430738904|facebook
well carry on, you don’t see the point.|10159533665653904|Chuck Cooper|2022-02-02 21:09:06|1|0|10159533430738904|facebook
Brynn Julia hmmm. where is the GFY button when you need it? Idiot|10159533663743904|Angela Reid|2022-02-02 21:09:06|1|0|10159533430738904|facebook
You’re worried about separatists while Liberals use a separatist party to prop up their regime? Hmm,,,|10159533576523904|Bruce R Collens|2022-02-02 21:09:06|1|0|10159533430738904|facebook
No irrational 👆paranoia here! 😂|10159533558748904|Bruce R Collens|2022-02-02 21:09:06|1|0|10159533430738904|facebook
Misinformation is just information that policymakers disagree with. If we censored information that policymakers disagree with, we would never have the kinds of reforms and investigations that we've had over the last 50 years. We would not know about residential schools, we would not know about the internment of Japanese and Ukrainian Canadians, we would not know about the sixties scoop, we would not know about the government giving a free pass to various corporations, and we definitely would not know about drug reform.  Information, whether or not policymakers agree with it, has to be allowed to flow freely despite any higher order effects to public health or crime. The results of censoring information that policymakers disagree with retards the social discovery process and political reform. It is a catastrophe for the country.  Better to have some people thinking the vaccine doesn't work that well, which it really doesn't|10159533542398904|Dave Kozak|2022-02-02 21:09:06|1|0|10159533430738904|facebook
lol CSIS too busy playing hide the sausage, but you may be right that they may well emerge from their dank sweat soaked cavern of cubicles and put out some kind of inflammatory and unsubstantiated claims that will later be the source of lawsuits|10159533535988904|Dave Kozak|2022-02-02 21:09:06|1|0|10159533430738904|facebook
Cut and pasted from my response to an almost identical attack on this very thread: My mother is a Constitutional law lawyer. I never pretend to be one myself but I've turned to the Constitution to help make policies many times. You may remember when, after the tragic shootings at the Eaton Centre, Toronto Council considered a proposed Motion to ban he sale, storage and use of ammunition in the GTA. It was a well-intentione d initiative but it was not authorized under the Constitution. Mayor Ford didn't know this. The Councillor (Vaughn) didn't seem concerned and most of Council was initially in support. I went to the DOJ to confirm my worries. Then, after a lot of phone calls to Councillors, the City's lawyers (not Constitutional Law lawyers) and Mayor Ford, the jurisdiction was preserved, the Motion voted down by Vaughn himself and a constitutional crisis was averted. You're welcome. I saved Toronto taxpayers about $3 mil in massive, divisive litigation in 2011.|10159533534423904|Paul Bell|2022-02-02 21:09:06|1|0|10159533430738904|facebook
My mother is a Constitutional law lawyer. I never pretend to be one myself but I've turned to the Constitution to help make policies many times. You may remember when, after the tragic shootings at the Eaton Centre, Toronto Council considered a proposed Motion to ban he sale, storage and use of ammunition in the GTA. It was a well-intentione d initiative but it was not authorized under the Constitution. Mayor Ford didn't know this. The Councillor (Vaughn) didn't seem concerned and most of Council was initially in support. I went to the DOJ to confirm my worries. Then, after a lot of phone calls to Councillors, the City's lawyers (not Constitutional Law lawyers) and Mayor Ford, the jurisdiction was preserved, the Motion voted down by Vaughn himself and a constitutional crisis was averted. You're welcome. I saved Toronto taxpayers about $3 mil in massive, divisive litigation in 2011.|10159533528133904|Paul Bell|2022-02-02 21:09:06|1|0|10159533430738904|facebook
You think I’m god-like and aggressive? That’s sweet, but really just tells me you haven’t thought very deeply about anything you’re saying.  What exactly does ‘when the dust settles’ mean? You do know that society doesn’t stand still while you wait to see what shakes out. Seriously, you think all research, planning and policy making just stops? Do you think there’ll be some sort of spontaneous justice for the willingly unvaxxed who are literally causing all the “freedom” losses the keep railing against?|10159533523868904|Monica Noij|2022-02-02 21:09:06|1|0|10159533430738904|facebook
"The Government is violating Canadians' Charter Rights and calling opposition views ""unacceptable"". This is a Constitutional crisis and while perhaps somewhat melodramatic, flying our flag indicating National distress is appropriate. It's very unfortunate that Justin Trudeau drove Canada to this undesired place. The truckers are trying to pull us out."|10159533487728904|Paul Bell|2022-02-02 21:08:59|0|0|10159533430738904|facebook
norad tracking bozo|10159533661493904|Denis Lassaline|2022-02-02 21:09:05|1|0|10159533430738904|facebook
what are going to do get all your yellow jacket friends and burn a cross on my lawn|10159535292348904|Mike Varv|2022-02-02 21:09:04|1|0|10159533430738904|facebook
Sorry Mr Irrelevant didn't use my spell check ,btw don't cross a picket line keep walking .|10159535281573904|Mike Varv|2022-02-02 21:09:04|1|0|10159533430738904|facebook
https:// respectfulinsole nce.com/2022/ 01/28/ why-is-there-now -such-an-affini ty-between-anti vaxxers-and-fas cism/ ?fbclid=IwAR0PTl SwHSu4lcb6b04Kj Sn6Bk7ayGKpxGAd uQw97YBCiOUAGBb JP0eSd4g|10159533734593904|Andrew Merritt|2022-02-02 21:08:59|0|0|10159533430738904|facebook
