﻿comment|comment_ids|username|datetime|isreply|num_replies|post_id|label
Oh you were “allowed” to report this? Shocking.|10159528647523904|Steve Ritchie|2022-02-02 21:02:29|0|7|10159528534493904|facebook
if only I could get paid to be one!|10159528779828904|Jeff Smith|2022-02-02 21:02:50|1|6|10159528534493904|facebook
More incoherant BS supported by a fringe party from Alberta.|10159528696453904|Bill Smith|2022-02-02 21:02:29|0|5|10159528534493904|facebook
Well it’s kinda futile now considering the US has just implemented the same mandate|10159528820348904|Dan Attwood|2022-02-02 21:02:30|0|5|10159528534493904|facebook
Question - what do they expect to achieve?|10159528573418904|Sue Nixon|2022-02-02 21:02:31|0|5|10159528534493904|facebook
- well that's the real me - so be it|10159528654668904|Eric Shields|2022-02-02 21:02:45|1|4|10159528534493904|facebook
that's why we have to call them out on it.|10159528568533904|Daniel Lavigne|2022-02-02 21:02:39|1|4|10159528534493904|facebook
Why? Because instead of getting vaccinated or getting another job, they're going to drive empty trucks across the country to go honk at an empty building, in hopes of getting one government to drop its mandate while the government on the other side of the border keeps theirs. 🙄|10159528756908904|Jamie McCurrach|2022-02-02 21:02:30|0|4|10159528534493904|facebook
they're going there to represent all Canadians to have the vaccine passports and vaccine mandates removed for all of Canada|10159528665853904|Jennifer Przada|2022-02-02 21:02:54|1|4|10159528534493904|facebook
heard it with my own ears unless they changed the story|10159528650148904|Linda Bishop|2022-02-02 21:02:57|1|4|10159528534493904|facebook
90% are fully vaccinated. Lying media. Typical Globe and mail news.|10159528700623904|Margaret Walker|2022-02-02 21:02:30|0|3|10159528534493904|facebook
The selfishness is astounding. This is nothing to do with freedom and everything to do with entitlement. Nothing will come if this stunt.|10159528731318904|Jim Rutter|2022-02-02 21:02:30|0|3|10159528534493904|facebook
the only ones pouting are the ones suckered into experimental jabs...|10159528789148904|Leanne Faye Torio|2022-02-02 21:02:52|1|3|10159528534493904|facebook
you don't even know what my choices are 🤦|10159528670583904|Eric Ferrier|2022-02-02 21:02:46|1|3|10159528534493904|facebook
I am fully vaccinated but I am so against of vaccine passport or vaccine mandate. The government needs to understand we are the People not the army soldiers following orders.|10159528637888904|Shirin Parsi|2022-02-02 21:02:31|0|3|10159528534493904|facebook
Really? Which rights have you lost?|10159529623008904|Karen E. Valli|2022-02-02 21:02:48|1|2|10159528534493904|facebook
https:// www.ctvnews.ca/ canada/ so-many-angry-pe ople-experts-sa y-online-conver sation-around-t rucker-convoy-v eering-into-dan gerous-territor y-1.5754580?cid =sm%3Atrueanthe m%3Actvnews%3At wittermanualpos t&taid=61f0a0fd dfb48e000110e83 a&utm_campaign= trueAnthem%3A+N ew+Content+%28F eed%29&utm_medi um=trueAnthem&u tm_source=twitt er|10159528856763904|Adrian Colton|2022-02-02 21:02:47|1|2|10159528534493904|facebook
Please change the title of this article to read “Big PPC Rally”. The truckers played right into their hands!|10159528662208904|Philip Standard|2022-02-02 21:02:31|0|2|10159528534493904|facebook
Freedom does not have stipulations tied to it.... That's what it means to be Free|10159528814358904|Xristos Dimitriou|2022-02-02 21:02:46|1|2|10159528534493904|facebook
Border mandates are Federal all other mandates are Provincial|10159532929928904|Diane Cormier Ferri|2022-02-02 21:02:46|1|2|10159528534493904|facebook
exactly!! My buddy sent me a clip of a live stream in one of the cars and the passengers are drunk, missing a lot of teeth and definitely are not truckers of any kind.|10159528713103904|Philip Standard|2022-02-02 21:02:59|1|2|10159528534493904|facebook
This is a useless waste of time and a far right attack on our government and the sensible people who have joined together to lesson the impact of this pandemic.|10159528777808904|Donald Campbell|2022-02-02 21:02:31|0|2|10159528534493904|facebook
One is in the ditch... rolled over.. pile up 10 of the cars... mainly pickups and cars... and few large trucks.. roughly 200 and they are drinking !|10159528618373904|Judy Hawkins|2022-02-02 21:02:31|0|2|10159528534493904|facebook
don’t get me wrong I don’t think vaccinating the final 10% is going to save that many more lives. I mean every life matters but the harshness of these restrictions affect us in other ways so I feel it’s time to rip the Band-Aid off and just move on with things. But I think it’s disingenuous to call this a patriotic act when it’s clearly a selfish act of desperation that only began once a small group of truckers were directly affected. Where were they when my colleagues in the hospital were fired for refusing to be vaccinated? That’s OK it is part of human nature to be selfish just don’t pretend it’s otherwise that’s all I’m asking.|10159528787853904|Tom Blashill|2022-02-02 21:02:42|1|2|10159528534493904|facebook
: It’s not 90%.|10159528851833904|Elaine Foxgord|2022-02-02 21:02:47|1|2|10159528534493904|facebook
imagine if our grandparents refused to take the polio or TB vaccine? Those would still be around I bet.|10159528778513904|Craig Lindsay|2022-02-02 21:02:50|1|2|10159528534493904|facebook
I really hope you know, this isn’t about a vaccine mandate . It’s about the freedom of choice & so many more freedoms that are being stripped away from Canadians .|10159528829953904|Christine Keman|2022-02-02 21:02:43|1|2|10159528534493904|facebook
yep. I’m wondering if we will see a few Maga hats and Trump flags at this PPC rally.|10159528663693904|Philip Standard|2022-02-02 21:02:45|1|2|10159528534493904|facebook
https:// www.thebeaverton .com/2022/01/ unvaccinated-tru ckers-demand-ca nadas-governmen t-change-us-gov ernments-rules- on-unvaccinated -truckers/ ?fbclid=IwAR36vI OaQK4952L_50f-I zOTQLZWkMnhPuYO bP-t3Hm4Y-1rbFc 47pk7tQM|10159529638273904|Adrian Colton|2022-02-02 21:02:47|1|2|10159528534493904|facebook
it’s true!! So embarrassing. The real truckers are out feeding their families while these losers participate in a PPC rally run by low lifes.|10159528691938904|Philip Standard|2022-02-02 21:03:00|1|2|10159528534493904|facebook
I guess drinking and driving is a right! Not drinking and driving disturbs my comfort on some level. It's my body my choice if I drink and drive! It's nobody else's business!! Yeah! Keep the shelves bare and the booze cruise long boys!! Weeeehaw! FREEDOM!!!!|10159528745263904|Matt Spears|2022-02-02 21:03:00|1|2|10159528534493904|facebook
Show me concret proofs that the health officials are not health professionals.  But we both know you can't. 😘|10159528884298904|Matthieu Gilbert|2022-02-02 21:03:01|1|2|10159528534493904|facebook
have you talked to any of them ? Lots of them are fully vaccinated . Have you been to a convoy support gathering & talked to them ? Lots of us are fully vaccinated . I have been out there , I have talked with them . It’s all about Canadians freedoms . It’s all about the charter of rights. It’s all about the freedom of choice . It’s about smaller government, & bigger people . I know, that’s something we can all unite with . That’s what a free country is built on . The people 🙂|10159528846113904|Christine Keman|2022-02-02 21:02:43|1|2|10159528534493904|facebook
Anti mandates. You would think journalists could get it right|10159528562068904|Daniel Lavigne|2022-02-02 21:02:29|0|2|10159528534493904|facebook
not misinformed . I talked to the people 🙂 I understand what’s happening 🙂|10159528871753904|Christine Keman|2022-02-02 21:02:43|1|2|10159528534493904|facebook
I doubt you deal with them.|10159528873008904|Craig Sandford|2022-02-02 21:02:43|1|2|10159528534493904|facebook
sure do|10159528875233904|Christine Keman|2022-02-02 21:02:43|1|2|10159528534493904|facebook
lol ! Trust me , I deal with sea cans .|10159528878358904|Christine Keman|2022-02-02 21:02:43|1|2|10159528534493904|facebook
Mélanie Martel having hate towards another is like drinking poison and hoping that the other people will get sick. 🤷‍♂️|10159528655888904|Peter Pasieka|2022-02-02 21:02:49|1|2|10159528534493904|facebook
You have freedom of choice, but you aren't mature enough to deal with the consequences of your choice.  Instead, you play the poor little victim...|10159528668293904|Matthieu Gilbert|2022-02-02 21:02:46|1|2|10159528534493904|facebook
Oh Gloria. You believe too much of the vomit coming out of your TV. 🙄 The mandates are there simply because the government wants to exert more surveillance and control over people's behavior and body rights, and the law says they can't, so they mandate the idiocy instead.|10159529455398904|Laurie Ann|2022-02-02 21:02:36|1|2|10159528534493904|facebook
What a waste of gas. Pffft.|10159528572018904|Lori Anne Stoute|2022-02-02 21:02:33|0|2|10159528534493904|facebook
Then why has CBC been saying that it is about unsafe road conditions all this time?|10159528625778904|Linda Bishop|2022-02-02 21:02:31|0|2|10159528534493904|facebook
No worries the citizens of Canada will pay be paying for their fuel! https:// www.gofundme.com /f/ taking-back-our- freedom-convoy- 2022 🇨🇦🇨🇦|10159528673783904|Betty Bloom-Smith|2022-02-02 21:02:54|1|2|10159528534493904|facebook
Anti mandate not anti vaccine|10159528663713904|Greg Dean|2022-02-02 21:02:29|0|2|10159528534493904|facebook
CBC has not been saying it's about unsafe roads.|10159528647943904|Pat Carlson|2022-02-02 21:02:57|1|2|10159528534493904|facebook
there were two separate convoys out of BC- one was about unsafe road conditions on BC highways and one was about vaccine mandates. Both were reported on separately, but the anti-CBC conspiracy theorists are losing their minds over it. Two convoys. Admittedly confusing, but not a conspiracy.|10159528775113904|Jennifer Wiebe|2022-02-02 21:02:57|1|2|10159528534493904|facebook
tell me more about Trudeau’s private jet! I wouldn’t call the government jet the PM flies in a “private jet.”|10159528605753904|Jeff Smith|2022-02-02 21:03:04|1|2|10159528534493904|facebook
Just think this has been news for over 2 weeks and Global is just picking it up and most stories are fighting against the truckers. The first protest to the mandate was in Manitoba where the truckers blocked the roads to and from the US. This was totally ignored by MSM.|10159528562738904|Dave Gattinger|2022-02-02 21:02:31|0|2|10159528534493904|facebook
Policy for what? It is a peaceful even to get end mandates that don't work!|10159528748968904|Betty Bloom-Smith|2022-02-02 21:02:54|1|2|10159528534493904|facebook
All mandates. Get it right.|10159528564438904|James Fox|2022-02-02 21:02:29|0|2|10159528534493904|facebook
so the donations pay for it...even better. Thank you for clarifying.|10159528687308904|Jean Ward|2022-02-02 21:02:54|1|2|10159528534493904|facebook
Actually I’m quite happy to be vaccinated and boosted. But I hope if you have chosen not to get any protection you won’t go to emergency when you get this, which you will. Your body, your choice, your consequences.|10159528925058904|Dorothy Anne Knight|2022-02-02 21:02:52|1|2|10159528534493904|facebook
I don't believe in politics left or right but you keep doing what you're doing and believing what you believe. I'm glad I made you happy.|10159528872178904|Eddie Davidson|2022-02-02 21:02:56|1|2|10159528534493904|facebook
Well we know who you voted for comrade|10159529574233904|Cary Mackenzie|2022-02-02 21:02:48|1|1|10159528534493904|facebook
and what?|10159529957313904|Leith Waldrum|2022-02-02 21:02:48|1|1|10159528534493904|facebook
Says the non health professional. Thank you for your useless input... 🤦|10159528728353904|Matthieu Gilbert|2022-02-02 21:03:01|1|1|10159528534493904|facebook
then you would realize the vaccines are useless|10159528720058904|Leanne Faye Torio|2022-02-02 21:03:01|1|1|10159528534493904|facebook
They're wasting their own money and it's hilarious.|10159528697668904|Zac Corindia|2022-02-02 21:02:54|1|1|10159528534493904|facebook
you have a childhood vaccine card which your parents needed to show the school to enrol you! What’s the diff? So we have a new vaccine to add to our cards 🤦‍♀️|10159533614658904|Jackie Linke|2022-02-02 21:02:55|1|1|10159528534493904|facebook
U got investments in the cabal, Rutter? U batting for team S0R0S? Or u got a crush on Trudy and his technicolored boi toy twinkle toes socks? 😜|10159528992408904|Jan Rivard|2022-02-02 21:02:48|1|1|10159528534493904|facebook
"I don't ""believe"" in anything, I educate myself through statistics and data researched by the hundreds of scientists who specialize in this field. ""Believers"" are dangerous to all."|10159528877348904|Jeff Mitchell|2022-02-02 21:02:56|1|1|10159528534493904|facebook
and...|10159529956583904|Vaughan McQuade|2022-02-02 21:02:48|1|1|10159528534493904|facebook
WOW, ENTITLEMENT...R EALLY?? THEY ARE FIGHTING TO FEED THEIR FAMILIES.... & THE FAMILIES OF CANADIANS...... FAMILIES OF AMERICANS....|10159529871163904|Marilyn Templeton|2022-02-02 21:02:48|1|1|10159528534493904|facebook
There is no more curfew here, so I do not get your point.|10159528701508904|Matthieu Gilbert|2022-02-02 21:03:01|1|1|10159528534493904|facebook
what about the choices of those that want the mandates to stay in place for safety?|10159532856883904|Diane Cormier Ferri|2022-02-02 21:02:46|1|1|10159528534493904|facebook
Matthieu enjoy your curfew, it's not about the vaccine|10159528680178904|Kyle Mills|2022-02-02 21:03:01|1|1|10159528534493904|facebook
Oh you're one of those....The tinfoil hat rhetoric failed because the theories became fact so now anyone who disagrees with the narrative is a flat earther....I saw that coming about three or four years ago long before co vid. I even commented about it....I think that's what frustrates me the most, how predictably people's minds can be manipulated. Thank you for validating my beliefs.|10159528835413904|Eddie Davidson|2022-02-02 21:02:56|1|1|10159528534493904|facebook
"Equality for all Canadians! No mandates, not anti-vax. Your ""journalism"" is junk."|10159528728113904|Rhiann Heather|2022-02-02 21:02:31|0|1|10159528534493904|facebook
that's cute, a right wing believer. Love ending my day with a laugh, thank you.|10159528855948904|Jeff Mitchell|2022-02-02 21:02:56|1|1|10159528534493904|facebook
|10159529955873904|Leith Waldrum|2022-02-02 21:02:48|1|1|10159528534493904|facebook
yes I was referring to the truckers. The last article I read said that between 85-90% of them were vaxxed.|10159528912908904|Catharina Mendonça|2022-02-02 21:02:47|1|1|10159528534493904|facebook
pretty sure it’s not the vaccinated ones going on tour… those ones are still working.|10159528748603904|Adrian Colton|2022-02-02 21:02:47|1|1|10159528534493904|facebook
huh|10159529925093904|Vaughan McQuade|2022-02-02 21:02:48|1|1|10159528534493904|facebook
if ı was stup. D enough to take an experimental jab ı would be pissed too... Sucks to be you!|10159528732803904|Leanne Faye Torio|2022-02-02 21:03:01|1|1|10159528534493904|facebook
"Says the stupid who commented ""if i was stup. D enough""!  Clearly, you are! 🤣🤣🤣🤣🤣"|10159528740243904|Matthieu Gilbert|2022-02-02 21:03:01|1|1|10159528534493904|facebook
irrelevant. Anyones rights are my right. Everyone’s rights are my rights. You’re going to tell me no one’s rights are at risk? Please, take that Chinese brand freedom somewhere else.|10159529660273904|Leith Waldrum|2022-02-02 21:02:48|1|1|10159528534493904|facebook
fake news , it’s anti all mandates not ( anti-vacc ) 🤦‍♂️|10159528587773904|Nathanyel Girard|2022-02-02 21:02:30|0|1|10159528534493904|facebook
ı didnt take the experimental jabs... Ding dong!|10159528752533904|Leanne Faye Torio|2022-02-02 21:03:01|1|1|10159528534493904|facebook
Well, your cult will be proud of you!|10159528869543904|Matthieu Gilbert|2022-02-02 21:03:01|1|1|10159528534493904|facebook
"If you're talking about bureaucrats standing at podiums on a government payroll with fancy ""health official"" labels, my god you are going to win some award for being incredibly naive."|10159528877643904|Justin Leigh|2022-02-02 21:03:01|1|1|10159528534493904|facebook
unless gofundme decides it’s against their policy. Dont cry if it’s how it pans out|10159528713468904|Edmond Engelbrecht|2022-02-02 21:02:54|1|1|10159528534493904|facebook
You've spent so much time in echo chambers that any facts presented to you are brushed off and labeled as fake, which is the most telling sign you're in a cult. Keep demonizing the Media, it's adorable watching you do so on Facebook of all places 🤣🤣🤣|10159528751593904|Zac Corindia|2022-02-02 21:02:54|1|1|10159528534493904|facebook
"there are plenty of vaccinated truckers involved in the convoy. Why don't you seek out some first hand info? It's not hard. They have been sharing info in Facebook groups for months. They have a schedule of all their stops posted, and you can literally go speak to them face to face. They have an app that has either launched or is launching to speak with them also, I believe.  The fact that the news either ignored it or was willfully ignorant to it for months. Then they start their coverage by posting a video of four extremist bigots that ""support"" the convoy and say they want a Jan 6th event. Just to equate the convoy with those types of people in the minds of general public that have no clue, and won't seek out the info, but will lap up whatever the news tells them. That's the same reason they are calling it an antivaxxer convoy. This isn't news, it's a smear campaign."|10159528855683904|Marie Deschamps|2022-02-02 21:02:47|1|1|10159528534493904|facebook
Uve been wrong before and your wrong again  People stick together for things like that some may be working yes but there are many who arnt in support of their brothers and sisters  Man our world has fallen What happened to love your neighbor as yourself..... Do good  Awake people ....  If you don't where we are headed is a terrible terrible place. #TheGreatReset #covid19thegreat reset #justsayno|10159529440678904|Rich Sutherland|2022-02-02 21:02:47|1|1|10159528534493904|facebook
"""experts"" - it's very clear that the news is not showing any integrity while reporting on this convoy. Like I sad. You have the ability to speak to these truckers if you want and get first hand information. The list of stops is publicly avaible. You can easily join groups they are part of on Facebook, and see the things they are posting first hand. They have been nothing but peaceful and non violent. But you choose to only listen to the warped story that the news presents to you.  News stations could have been covering this for months...but they only decided to once it was clear that that couldn't ignore it. One, because it is the biggest convoy ever according to guinness, and two, because it raised soo much money.  Instead of having integrity and interviewing the convoy, and calling it the freedom convoy. News outlets looked for anything they could to paint the convoy in a bad light for people that are unwilling to seek out truth, and will only lap up and regurgitate what the news tell them to. News Outlets decided to call them an antivax convoy to paint them in a poor light. Any one that says anything outside of ""vaccines save lives,"" ""mandates save lives,"" ""just get vaccinated,"" etc and painted antivax.  News outlets chose to show four extremist men that are in no way affiliated with the convoy and call them ""fellow travellers to Ottawa."" Men that said they were ""thinking of going to Ottawa"" and that they wanted to see a January 6th even, and to see truckers drive though the wall. These sentiments were never shared by anyone associated with the convoy, and it's clear in the video that those loud mouth morons were not actually going to Ottawa. The news used these men, along with naming the convoy the ""antivax convoy"" to paint the convoy as extremists antivaxxers, when that is not the truth. That speaks volumes. It's really sad that year are people like you so willfully ignorant to the truth, and ready to believe what your told."|10159528914353904|Marie Deschamps|2022-02-02 21:02:47|1|1|10159528534493904|facebook
do we reward children when they scream and pout?|10159528772353904|Kenton Mills|2022-02-02 21:02:52|1|1|10159528534493904|facebook
but Ottawa has no control over each province individual province mandates? 🤷‍♂️|10159528632538904|Peter Pasieka|2022-02-02 21:02:49|1|1|10159528534493904|facebook
so they are driving across the country to Ottawa because they don't like each individual province mandates?|10159528618248904|Peter Pasieka|2022-02-02 21:02:49|1|1|10159528534493904|facebook
because this is not a convoy. My grandfather is embarrassed to be associated with this at all and so are the other truckers I know. This is a PPC rally and nothing else|10159528668198904|Philip Standard|2022-02-02 21:02:58|1|1|10159528534493904|facebook
silly comment|10159529935073904|Violet Morag|2022-02-02 21:02:35|1|1|10159528534493904|facebook
block the surrounding area, they should easily be able to gridlock a 10sq/km of ottawa.|10159528742063904|Kyle Robertson|2022-02-02 21:02:51|1|1|10159528534493904|facebook
And they claim to be fighting for our freedom? Creating gridlock?|10159528927478904|Dorothy Anne Knight|2022-02-02 21:02:51|1|1|10159528534493904|facebook
If you want to attack people's human rights, you deserve to be punished.|10159529419508904|Dave Kozak|2022-02-02 21:02:51|1|1|10159528534493904|facebook
That sounds like a threat.|10159529485328904|Dorothy Anne Knight|2022-02-02 21:02:51|1|1|10159528534493904|facebook
better straighten up and fly right then|10159529486108904|Dave Kozak|2022-02-02 21:02:51|1|1|10159528534493904|facebook
Don’t try bullying me.|10159529492833904|Dorothy Anne Knight|2022-02-02 21:02:51|1|1|10159528534493904|facebook
There are more important issues to deal with nationally and internationally . This isn’t news!|10159528721788904|Peter Spearman|2022-02-02 21:02:58|1|1|10159528534493904|facebook
yes i think but i am not sure 🤷‍♂️|10159528627013904|Nathanyel Girard|2022-02-02 21:02:49|1|1|10159528534493904|facebook
also spot checks of comments from people that support this you find many PPC profile pics from about the time they lost incredibly.. don’t worry at least Maxine will meet them in Ottawa|10159528706313904|Edmond Engelbrecht|2022-02-02 21:02:59|1|1|10159528534493904|facebook
just look up the people who are running it! There will probably be Trump flags!|10159528694338904|Philip Standard|2022-02-02 21:02:59|1|1|10159528534493904|facebook
Had no idea they were promoting anti-vax. I really wasn’t paying attention to the matter.|10159529522413904|Shane A. Ducharme|2022-02-02 21:02:51|1|1|10159528534493904|facebook
Ummm ok you show actual proof of that!|10159528670053904|Betty Bloom-Smith|2022-02-02 21:02:59|1|1|10159528534493904|facebook
"Who cares what your grandfather is embarrassed about. The trucks are coming from all over Canada and the US. ""PPC rally""? Sure dear. 🙄 Whatever keeps your cognitive dissonance alive and well."|10159529582098904|Laurie Ann|2022-02-02 21:02:58|1|1|10159528534493904|facebook
Adult temper tantrum with big trucks. Just makes it look more ridiculous 😂|10159528700733904|Kenton Mills|2022-02-02 21:02:30|0|1|10159528534493904|facebook
you still think it’s experimental? Please enlighten me on your experience in epidemiology. I’m sure you carry a doctorate from Google university 🙄|10159528843888904|Kenton Mills|2022-02-02 21:02:52|1|1|10159528534493904|facebook
If I had to guess, OPP or the OPS will be restricting traffic into Ottawa. There’s literally a hand full of ways truckers can get to parliament, or anywhere near the core. Those routes will likely be blocked.|10159528586403904|Mike Arsenaultorum|2022-02-02 21:02:30|0|1|10159528534493904|facebook
The woman behind all this is part of the Maverick Party..|10159529631273904|Karen E. Valli|2022-02-02 21:02:59|1|1|10159528534493904|facebook
"they didn't have to be re-injected every few months in the past because they actually got a durable, sterilising, immunizing vaccine back in the day. These symptom alleviation products that Big Pharma was given permission to call ""covid vaccines"" under the EUA, are none of those."|10159529419333904|Laurie Ann|2022-02-02 21:02:50|1|1|10159528534493904|facebook
This convoy is against ALL mandates and FOR freedom of choice!|10159528663053904|Eric Ferrier|2022-02-02 21:02:30|0|1|10159528534493904|facebook
when the stores are empty lets see th adult temper tantrum lol|10159528712133904|Leanne Faye Torio|2022-02-02 21:02:52|1|1|10159528534493904|facebook
over 2 million dollars is raised by white nationalist for this cruise to freedom. Pretty disturbing 😳|10159529458898904|Matt Spears|2022-02-02 21:03:00|1|1|10159528534493904|facebook
Congratulations ..not sure how many participants there are..but the average vehicle just gave their hated leaders $184.00 in HST on fuel alone..to prove a point.|10159528607853904|Jean Ward|2022-02-02 21:02:31|0|1|10159528534493904|facebook
how do you convince USA to drop the required documentation and Mexican authority? who mandated this 1st|10159528701993904|Kent Douglas|2022-02-02 21:02:54|1|1|10159528534493904|facebook
No, they're representing a small minority of truckers who are going to get the jab or give up their routes. Cute of you to think they'll accomplish anything other than wasting a collosal amount of fuel.|10159528675673904|Zac Corindia|2022-02-02 21:02:54|1|1|10159528534493904|facebook
I hope they all enjoy their grown up temper tantrum. Privilege and entitlement has been mistaken for freedom.  Oh, and doesn’t the US have a similar rule for its truckers?|10159528568033904|Jeff Smith|2022-02-02 21:02:30|0|1|10159528534493904|facebook
That’s exactly what they are trying to stop .|10159528774963904|Christine Keman|2022-02-02 21:02:50|1|1|10159528534493904|facebook
puppet liberal|10159528778278904|Rod Port|2022-02-02 21:02:50|1|1|10159528534493904|facebook
Amazing with staff shortages all over these have decided to waste time in this convoy.|10159528824028904|Andruchiw Andy|2022-02-02 21:02:31|0|1|10159528534493904|facebook
Really... are you there with them right now and have pictures to prove that? Or do you just enjoy spreading misinformation?|10159528682913904|Betty Bloom-Smith|2022-02-02 21:03:00|1|1|10159528534493904|facebook
THEY WOULD LIKE TO WORK TO FEED THEIR FAMILIES.|10159529903648904|Marilyn Templeton|2022-02-02 21:02:58|1|1|10159528534493904|facebook
you should read the charter of rights, it's clear people that make statements like yours haven't.|10159528872853904|Marie Deschamps|2022-02-02 21:02:50|1|1|10159528534493904|facebook
They haven’t said take this medical treatment or you can’t feed your family. They could drive truck in Canada. Instead they are acting like out of control teenagers.|10159528918538904|Dorothy Anne Knight|2022-02-02 21:02:50|1|1|10159528534493904|facebook
🤣 zinger. So you have nothing of value to say, but think that spewing insults is proving a point? A++ 😷|10159528930783904|Marie Deschamps|2022-02-02 21:02:50|1|1|10159528534493904|facebook
What about you , are you vaccinated? how many times now?|10159529495003904|Editha Nichols|2022-02-02 21:02:52|1|1|10159528534493904|facebook
how many TB and polio vaccines did your grandparents take Craig? 4? 6? Did they get a booster every 6 months? No? That’s the point.|10159529231458904|Isabel Sander|2022-02-02 21:02:50|1|1|10159528534493904|facebook
Pravda news working hard to please the boss Trudeau and divide Canadians!|10159529695723904|Ruslan Yakoviychuk|2022-02-02 21:02:29|0|1|10159528534493904|facebook
Hoping they reach the edge of their flat earth and keep going.|10159528716203904|Jeff Mitchell|2022-02-02 21:02:31|0|1|10159528534493904|facebook
It doesn’t matter if you support the truckers or not , they are still fighting for YOUR FREEDOM of choice as well !! You will thank them when you wake up !!!|10159528701973904|Christine Keman|2022-02-02 21:02:29|0|1|10159528534493904|facebook
I am sure only allowed to cover it to misrepresent it ...|10159528759938904|Jack Bucholtz|2022-02-02 21:02:38|1|1|10159528534493904|facebook
vulnerable people*, even that is a stretch. We were all given a brain for a reason...it doesn't make sense to vaccinate healthy people, u need them to weaken and/or eliminate variants. Mass vaccination is how superbugs are created.|10159528941403904|Amanda Peltier|2022-02-02 21:02:43|1|1|10159528534493904|facebook
It is not unconstitutiona l.|10159528940848904|Dorothy Anne Knight|2022-02-02 21:02:43|1|1|10159528534493904|facebook
reasonable? Unconstitutiona l and illogical may be the words you are looking for...|10159528933788904|Amanda Peltier|2022-02-02 21:02:43|1|1|10159528534493904|facebook
nope...it's not frozen. It has been resolved and will continue to grow|10159529286313904|Cathy Harris|2022-02-02 21:02:40|1|1|10159528534493904|facebook
you mean the leader of a first world country has a jet provided by the government? Wow, I'm sure he must be the only one.|10159528660873904|Zac Corindia|2022-02-02 21:03:04|1|1|10159528534493904|facebook
any jet you can fly in without sitting next to peasants as Trudeau would say would be considered private. You missed the point lib..|10159528621048904|Thomas Duncan|2022-02-02 21:03:04|1|1|10159528534493904|facebook
bs|10159528878123904|Craig Sandford|2022-02-02 21:02:43|1|1|10159528534493904|facebook
no more of a waste of fuel then Trudeau flying places in his private jet.|10159528581773904|Thomas Duncan|2022-02-02 21:03:04|1|1|10159528534493904|facebook
that’s garbage. Misinformed. Delirious also comes to mind. Best you put a sock in it|10159528856918904|Craig Sandford|2022-02-02 21:02:43|1|1|10159528534493904|facebook
The batteries in your tinfoil body suit need changing.|10159529434638904|Justin McLeod|2022-02-02 21:02:38|1|1|10159528534493904|facebook
huge scuba goggles…..|10159528843723904|Craig Sandford|2022-02-02 21:02:43|1|1|10159528534493904|facebook
😂 Just go back to not reporting on the convoy, would be your best bet to keep the money from Trudeau coming, the majority are clearly not buying the MSM propaganda anymore. ‘Anti-vaccine trucker convoy’ 🙄😂|10159528699653904|Kathy Sarich|2022-02-02 21:02:29|0|1|10159528534493904|facebook
it’s only 12 % of the population that is unvaccinated and can call it fighting for Freedom|10159528823733904|Dan Attwood|2022-02-02 21:02:43|1|1|10159528534493904|facebook
And a big chunk of that 87% is behind the wheel of a truck in that convoy right now because they are not happy about it, and they are fighting for the freedom of choice for all.|10159528879978904|Justin Leigh|2022-02-02 21:03:03|1|1|10159528534493904|facebook
If only they had done this at the beginning. The government should extend the mandate to include everyone who works facing the public and every person attending a school for any purpose.|10159529370518904|Irv Robson|2022-02-02 21:02:30|0|1|10159528534493904|facebook
the answer was great until you got to the selfish part. I can't even|10159528837483904|Christine MacLaren|2022-02-02 21:02:42|1|1|10159528534493904|facebook
they know but don’t want to publish the real story.|10159528567718904|Robert Bonnie|2022-02-02 21:02:39|1|1|10159528534493904|facebook
ok we are going to disagree to disagree|10159528781113904|Christine MacLaren|2022-02-02 21:02:42|1|1|10159528534493904|facebook
I agree|10159528569073904|Robert Bonnie|2022-02-02 21:02:39|1|1|10159528534493904|facebook
That is awesome and I really respect those that did. Now once all the holdouts get vaxxed I’ll really be impressed. That would show true solidarity with the majority of Canadians, truckers included! It’s silly to preach for a united front when those most vocal and most affected are but a tiny minority.|10159528780008904|Tom Blashill|2022-02-02 21:02:42|1|1|10159528534493904|facebook
People forget how to read a dictionary under this government?!? Look up the definition of mandate, it’s what 87% of truckers are vaccinated.|10159528751068904|Shayne Nowosad|2022-02-02 21:02:33|0|1|10159528534493904|facebook
90% of them are|10159528751693904|Christine MacLaren|2022-02-02 21:02:42|1|1|10159528534493904|facebook
then let them get the vaccine first then protest I’ll be 100% supportive then!|10159528702343904|Tom Blashill|2022-02-02 21:02:42|1|1|10159528534493904|facebook
Not anti vaxx!!! Anti mandates!!|10159528666323904|Christine MacLaren|2022-02-02 21:02:29|0|1|10159528534493904|facebook
Time for autonomous driving trucks.|10159528697433904|Joe Sumbang|2022-02-02 21:02:33|0|1|10159528534493904|facebook
Canadian Unity in the making. Where in the history books will you be remembered? Those that stood up or those that cowered?|10159528737408904|Deep Woods|2022-02-02 21:02:33|0|1|10159528534493904|facebook
Bigot|10159528707128904|Bill Hanley|2022-02-02 21:02:40|1|1|10159528534493904|facebook
doesn’t matter where it started , Canadians on both end of the country supports it . Vaccinate or not . Good news …..GoFundMe just reach 5 millions and still growing .|10159528752298904|Bertrand ST-Amand|2022-02-02 21:02:40|1|1|10159528534493904|facebook
Go fund me frozen because of questionable system to allocate the money. Whose pockets are being filled?|10159528920753904|Dorothy Anne Knight|2022-02-02 21:02:40|1|1|10159528534493904|facebook
If all of this ends up with only exposing your lying, hateful, freedom hating, censored trudeau bought slimy media, it was worth it. Canada has awakened the world and your words mean nothing.|10159528723688904|Marie Langenhan|2022-02-02 21:02:29|0|1|10159528534493904|facebook
They are not fighting for freedom. They are fighting against reasonable regulations.|10159528913638904|Dorothy Anne Knight|2022-02-02 21:02:43|1|1|10159528534493904|facebook
U got investments in the cabal, Smith? U batting for team S0R0S? Or u got a crush on Trudy and his technicolored boi toy twinkle toes socks? 😜 inquiring minds wanna know.|10159528996733904|Jan Rivard|2022-02-02 21:02:40|1|1|10159528534493904|facebook
freedom of choice comes with consequences beyond your control.|10159528744378904|Stephen Duke|2022-02-02 21:02:37|1|1|10159528534493904|facebook
You too. Do better. It has nothing to do with Trump or Maga. This is a made in Canada protest with genuine concerns underlying it. Truckers have a long history of protests (see 1983.) They don't simply give up their livelihood for weeks for no reason.|10159529934628904|Violet Morag|2022-02-02 21:02:45|1|1|10159528534493904|facebook
and oh Laurie... you believe far to much of all the lies and conspiracy theories that you are being fed by God only know who!!! Its science and health care professionals who are TRYING HARD to make the non believers do the right thing to protect everyone. There is no big conspiracy by the Govt. take away our rights or control us..... that's fairy tales that you have chosen to believe. There is a deadly virus out there ... killing millions of people whether you want to believe that or not.. and WE ALL have to try and make it safer for everyone. We do live in this world together you see..... so until everyone is safe.... no one is safe.|10159529543873904|Gloria Dawe Bruce|2022-02-02 21:02:36|1|1|10159528534493904|facebook
so true, maybe they should make vaccination a condition to have a driver's license, same as anyone with a class 3 or 1 must have a medical done, anyone under 65 every 5 years anyone over 65 years old evey year. As we we all know a driver's license isn't a right , it's a privilege. The joke of it all they have to be vaccinated to cross over to the USA , if you look who headed up the GoFundMe page it isn't a truck drive, just a new political party started out west , just wants to stir the pot. Very selfish to protest against the health and well-being of others, while the government is doing everything that is on the advice of the top doctors in the world to protect everyone's safety against more spreading of Covid .|10159532416263904|Rick MacMillan|2022-02-02 21:02:36|1|1|10159528534493904|facebook
is Globe new boss George Soros?|10159530193183904|Duong Ton|2022-02-02 21:02:35|1|1|10159528534493904|facebook
Not anymore it’s obviously 🙄|10159530150303904|Ruslan Yakoviychuk|2022-02-02 21:02:35|1|1|10159528534493904|facebook
many people see as both.|10159528739908904|Stephen Duke|2022-02-02 21:02:37|1|1|10159528534493904|facebook
I know, they are incorrect. I am vaxxed myself but believe in freedom of choice.|10159528740833904|Greg Dean|2022-02-02 21:02:37|1|1|10159528534493904|facebook
The mandates are in place simply because there are people who refuse to get vaccinated !!!|10159528674143904|Gloria Dawe Bruce|2022-02-02 21:02:36|1|1|10159528534493904|facebook
The Globe & Mail has ALWAYS been a Conservative rag.|10159530133203904|Tim Gorham|2022-02-02 21:02:35|1|1|10159528534493904|facebook
Now, I've completely lost patience with the anti-vaxxers!|10159529555118904|Gabriela Byron|2022-02-02 21:02:32|0|1|10159528534493904|facebook
IT'S ABOUT ABOLISHING THE MANDATES.... FREEDOM OF CHOICE ....90% OF THE TRUCKERS ARE VACCINATED..... .SORRY YOU LOST YOUR PATIENCE OVER NOTHING........ .. BUT THE RIGHT OF CHOICE.|10159529924813904|Marilyn Templeton|2022-02-02 21:03:01|1|1|10159528534493904|facebook
Eric...dude...y ou look pretty trollish yourself...|10159528645548904|Lynn Randall Foster|2022-02-02 21:02:45|1|1|10159528534493904|facebook
Silly for who? For leftists? Sure!!!|10159529938433904|Ruslan Yakoviychuk|2022-02-02 21:02:35|1|1|10159528534493904|facebook
- real commentators are proud to show actual pictures of themselves, else wise you are just another internet troll !|10159528605898904|Eric Shields|2022-02-02 21:02:45|1|1|10159528534493904|facebook
better than what’s drifting to Canada from communist regimes.|10159528601533904|Bogumila Siedlanowska|2022-02-02 21:02:45|1|1|10159528534493904|facebook
Freedom Convoy sounds like some muck drifting up from the good ole USA !|10159528584878904|Eric Shields|2022-02-02 21:02:30|0|1|10159528534493904|facebook
I agree but not for the same reason. Most truckers are vaccinated and aren’t participating in this convoy. No, instead we need autonomous for better fuel efficiency and safer roads.|10159528700473904|Tom Blashill|2022-02-02 21:03:03|1|0|10159528534493904|facebook
G&M is quickly slipping int CBC territory, the regressive left is crapping their pants and if they are not its cause they are too low IQ to understand the reprocussions of this movement|10159528739338904|Kyle Robertson|2022-02-02 21:02:33|0|0|10159528534493904|facebook
Just do the job you get paid to do|10159528784318904|Clyde Chamberlain|2022-02-02 21:02:33|0|0|10159528534493904|facebook
"If you've done your 'self-education ' through ""statistics and data researched by hundreds of scientists who specialize in this field"", then you know that these mandated pharmaceuticals are covid symptom alleviation products and not durable, immunizing vaccines. You will also know they do not confer symptom mitigation protection past three to four months, nor do they protect against developing serious disease or death. You would also know, thanks to those ""researchers specializing in this field"", that they are interfering with the immune system's natural ability to produce normal amounts of B & T cells and are leaving the recipient with reduced immune system capability and vulnerable to future viral and bacterial infections.  You're also then aware of the multitude of detrimental health problems, deaths and long-term medical issues associated with them. It pays to research things and be well-informed before taking any pharma product.  If you're following the stats, then you would see that vaccinated patients are being hospitalized at the rate of 3x that of vaccine-free patients and are occupying approximately 55% of covid admissions in ICU. Since you're aware of the stats, you must therefore also be aware of those coming out of Quebec, where 71% of the most vulnerable age groups, told to get vaccinated to prevent illness and death, were actually ""fully vaccinated"".  More people should do their ""personal research"" through science publications such as The Lancet, BMJ, Oxford Medical to know all these devastating things. Unfortunately personal research generally consists of Google keyword inputs which prioritizes slanted news articles and clickbait headlines over specialized scientific research."|10159529490903904|Laurie Ann|2022-02-02 21:02:56|1|0|10159528534493904|facebook
Only ONE option,eh? Trudeau says,''GET VAXXED--my way or the hwy.'' Well buddy-boy, you obviously didn't know to whom you were speaking! The PEOPLE have accepted the challenge and the CALVARY is ROLLING to his front door.|10159529583423904|Soleil Sava|2022-02-02 21:02:33|0|0|10159528534493904|facebook
this is a rally run by White Nationalists. Do some research! It is amazing how ignorant people are.|10159529616053904|Philip Standard|2022-02-02 21:02:58|1|0|10159528534493904|facebook
I live in Ottawa. I want to see when these guys get here.|10159528873943904|Robson Ferreira|2022-02-02 21:02:33|0|0|10159528534493904|facebook
Obviously you'd rather have goulags than freedom.|10159528667123904|Hugues Tremblay Manigouche|2022-02-02 21:02:59|1|0|10159528534493904|facebook
I am greatfull for these strong men and women standing up for our freedoms. This should have happened months ago.|10159528756468904|Austin Mitchell Conboy|2022-02-02 21:02:33|0|0|10159528534493904|facebook
Most of the truckers have said they are vaccinated. They are just against the insanity and abuse it has reached.  Why would anyone pay for the globe when they can't even report the story right.|10159529452648904|Jeremy Burningham|2022-02-02 21:02:33|0|0|10159528534493904|facebook
"Took you and long time to address this. Waiting for your talking points from your ""MR Global""?"|10159530385078904|Katherine Skorupan|2022-02-02 21:02:33|0|0|10159528534493904|facebook
you are even brave enough to use your own name or picture but yet you talk about unity.|10159528786448904|James Whitman|2022-02-02 21:03:02|1|0|10159528534493904|facebook
The anti vaxx right has brought human sacrifice to Canada !!!|10159529507878904|Dana McConkey|2022-02-02 21:02:33|0|0|10159528534493904|facebook
Stupid is as stupid does?|10159528653678904|Johnny Cone|2022-02-02 21:02:33|0|0|10159528534493904|facebook
Mainly conservative who are whiners|10159529526723904|Dianne Williams|2022-02-02 21:02:56|1|0|10159528534493904|facebook
About 400M in our Taxpayers dollars to keep them afloat and hire ideologically driven leaders who push out the good unbiased reporters.|10159528686753904|Matthew Southall|2022-02-02 21:02:57|1|0|10159528534493904|facebook
Anti mandates. Intentional mischaracteriza tion creates more and more resentment between the peoples and the media moguls.|10159528678553904|Matthew Southall|2022-02-02 21:02:31|0|0|10159528534493904|facebook
Nobody stopping them from working. Most Canadian truckers are vaxed|10159530285798904|Andruchiw Andy|2022-02-02 21:02:58|1|0|10159528534493904|facebook
VICTORIA BC & VANCOUVER BC SEES WAY TOO MUCH OF TRUDEAU'S EASILY RECOGNIZABLE PRIVATE JET, HIS 8 SECURITY GUARDS & 4 BLACK SECURITY VEHICALS THAT ARE HARD TO HIDE IN BC FROM THE PUBLIC'S VIEW.|10159529975688904|Marilyn Templeton|2022-02-02 21:03:04|1|0|10159528534493904|facebook
the op is about gas/fuel No? Ahahaha get with the program|10159528697133904|Thomas Duncan|2022-02-02 21:03:04|1|0|10159528534493904|facebook
thank you Jennifer for your informative and civil answer. I was not aware of this. I appreciate that. Nice to see that there are still intelligent people that can still play nice.|10159528783223904|Linda Bishop|2022-02-02 21:02:57|1|0|10159528534493904|facebook
Oh you mean as an attempt to steal the convoys thunder....mmm didn't work but nice try.|10159528819578904|Eddie Davidson|2022-02-02 21:02:57|1|0|10159528534493904|facebook
Yes they did and so did Global News in an attempt to try and not bring the Convoy on MSM. Too big now! 🇨🇦|10159528677298904|Betty Bloom-Smith|2022-02-02 21:02:57|1|0|10159528534493904|facebook
I love seeing which media posts false information about the convoy. Everyone paying attn. should not watch, read, listen, or click on, any of these people who lie to you for a living. Lets make them irrelevant.|10159528705448904|Beverley Nadiger|2022-02-02 21:02:31|0|0|10159528534493904|facebook
they are worried that this big PPC rally disguised as a convoy will mean that emergency vehicles can’t get through, hospital and health care workers won’t be able to get their jobs, people going to medical appointments etc….this ridiculous PPC rally is going to put public safety at risk.|10159528666583904|Philip Standard|2022-02-02 21:02:57|1|0|10159528534493904|facebook
Says the hypochondriac who loves her mask mandate so much she has one on in her PROFILE pic. 🤦‍♂️🤣  🤪😷💉🤡|10159528588158904|Ryan Weaver|2022-02-02 21:03:04|1|0|10159528534493904|facebook
because JT told them to run that spin.|10159528633288904|Chaz Hall|2022-02-02 21:02:57|1|0|10159528534493904|facebook
I like freedom. Shame on Canadians who are offended by freedom.|10159528913518904|Jim James|2022-02-02 21:02:33|0|0|10159528534493904|facebook
Hmmm. Seems like a fair and non-judgmental article, with just facts. I'm pleasantly surprised. Good job, G&M.|10159530610908904|Eileen Gour|2022-02-02 21:02:33|0|0|10159528534493904|facebook
It has to do with pretty boy trying to be a dictator and the Media like you follow him like sheep|10159528827858904|Brian Weiss|2022-02-02 21:02:33|0|0|10159528534493904|facebook
Some idiots recently told me that there are still some honest journalists in Canada...:) Where are they???? Another Bllsht artile and bllsht name.... Shame|10159529909343904|Tatiana Tisser|2022-02-02 21:02:33|0|0|10159528534493904|facebook
How about a real headline. Convoy of truckers protesting our Idiot PM’s mandates that cause thousands to lose their jobs.|10159528582528904|Lauren Stoyanowski|2022-02-02 21:02:33|0|0|10159528534493904|facebook
It's called FREEDOM CONVOY 2022. Do some actual journalism.  But I'm sure you won't. Global has zero credibility.|10159528704478904|Jesse Swope|2022-02-02 21:02:33|0|0|10159528534493904|facebook
only thing they talk about is covid, nothing on our freedoms being taken away. When the trucks get to Ottawa and block everything going in, it will really be news worth|10159528915338904|Dave Gattinger|2022-02-02 21:02:58|1|0|10159528534493904|facebook
you are foolish enough to follow the CBC! Dumb runs deep in Vancouver|10159528745358904|Kyle Robertson|2022-02-02 21:02:57|1|0|10159528534493904|facebook
Yup well covid is with the world forever now, humans have to figure this out eventually, this is not the first pathogen mankind has had to deal with can’t run scared forever we have immune systems for a reason otherwise we be an extinct species.|10159528888838904|Shayne Nowosad|2022-02-02 21:03:03|1|0|10159528534493904|facebook
"""I had a vision that the elders of our Indigenous community were standing with their drum and song in Ottawa with the rest if the convoy.. I strongly believe that we need the guidance of something greater to get us through this. As we fight for the freedom and future of the nation, perhaps we can honour the people of the land through humbly allowing them to lead us back home in prayer. Unite, rise up 🙌🏽❤️‍🔥"""|10159528802723904|Ann Diamond|2022-02-02 21:02:33|0|0|10159528534493904|facebook
I still don't understand the difference between immunisation in order to let your kid go to school, or shots for your dog to cavort with other dogs, and receiving immunisation for Covid and its' variants. And the term 'vaccine passport' was a disaster waiting to happen. It should have been called an 'update to one's immunisation card'. But nooooo, and now everyone's got their knickers in a twist, prattling on about truths and rights. Sheesh.|10159530588128904|Charlotte Briedé|2022-02-02 21:02:32|0|0|10159528534493904|facebook
There is also vaccinated who joined them so stop splitting people apart. Just shame.|10159528692918904|Juliette Karam-Ibrahim|2022-02-02 21:02:33|0|0|10159528534493904|facebook
so not truckers but live in trailers? I guess I can see some sort of relationship there. Send in Burt Reynolds with the sports bow..|10159528718823904|Edmond Engelbrecht|2022-02-02 21:02:59|1|0|10159528534493904|facebook
They aren't antivaxxers, they are anti BS.|10159529624898904|Lillian McGonigal|2022-02-02 21:02:32|0|0|10159528534493904|facebook
Clog up the roads, drive around, accomplish absolutely nothing.|10159529719673904|Fred Brussé|2022-02-02 21:02:32|0|0|10159528534493904|facebook
It’s not the road conditions anymore?|10159528717148904|Kay Dee Kay|2022-02-02 21:02:32|0|0|10159528534493904|facebook
Opinion journalists repeating govt talking points will explain it all to you|10159528960253904|Jody Squires|2022-02-02 21:02:32|0|0|10159528534493904|facebook
They still have the right to choose not to get vaccinated. However, there are consequences to choosing not to get vaccinated against a highly contagious virus, including limits to cross border truck driving! Unvaccinated people are the source of new variants that still may emerge, and they are also responsible for a vastly disproportionat e number of hospitalization s and ICU beds - limiting the treatment of people with conditions other than covid. Any choice has consequences - grow up and stop whining!|10159529984618904|Gabriela Byron|2022-02-02 21:03:01|1|0|10159528534493904|facebook
All the mandates not just crossing boards|10159528823083904|Lee Zubert|2022-02-02 21:02:32|0|0|10159528534493904|facebook
. You mean, like politicians?|10159528894023904|Pat Welsh Ottenbreit|2022-02-02 21:03:01|1|0|10159528534493904|facebook
For Freedom Tired of this government not listening to Canadians and following his own agenda, He thinks he doesn't have to listen.|10159528823538904|Doug Richardson|2022-02-02 21:02:32|0|0|10159528534493904|facebook
thankyou|10159528919948904|Leanne Faye Torio|2022-02-02 21:03:01|1|0|10159528534493904|facebook
this will be an excellent test of the nationwide EV charging infrastructure|10159528732588904|Christopher Fanning|2022-02-02 21:02:32|0|0|10159528534493904|facebook
When the liberal government give an apology to the rest of the canadians as to how the truckers have caused the problems they encounter with prices of goods increases and or the lack of them they will blame the truckers…….then what?|10159528599698904|Michael MacDonald|2022-02-02 21:02:31|0|0|10159528534493904|facebook
Justin Trudeau's inhumane decision is the soul problem!!|10159530029938904|John Marche|2022-02-02 21:02:32|0|0|10159528534493904|facebook
It’s not just anti jab ... it’s about discrimination loss of freedom of choice ... Rights and Freedoms Our fathers and grandfathers fought and died for this !!!|10159529802458904|Roxanne Mackenzie|2022-02-02 21:02:32|0|0|10159528534493904|facebook
Thank you for standing up for our FREEDOM of choice.|10159528895628904|Marinella Gonzalez|2022-02-02 21:02:31|0|0|10159528534493904|facebook
I wish I could as a fly on the wall when Ottawa comes grinding to a (traffic) halt! Would not want to be the person driving to Ottawa from BC behind this caravan!!|10159529397683904|Cathy Beaton|2022-02-02 21:02:32|0|0|10159528534493904|facebook
If they are all about freedom, they should also fight with all their trucking power against human trafficking. These people lack freedom times 1 million.|10159529899173904|Miry Galas|2022-02-02 21:02:32|0|0|10159528534493904|facebook
Seems like a waste of time. Do not want to be forced to vaccinated. Probably can get a job in Antarctica. Just is the way it is. At least we are not suffering the crisis of, 1978 was a dark year for beer drinkers in the province as the three major breweries in B.C. (Molson, Labatt and Carling O'Keefe) locked out their workers in June, resulting in a four-month shortage of beer. 😉|10159529549463904|Ramona Roden|2022-02-02 21:02:32|0|0|10159528534493904|facebook
Hundreds? More like thousands 😂 And Gofundme assets were released a while ago. You might want to get some up to date facts before publishing a news story 🙄|10159528713813904|Christina Serena|2022-02-02 21:02:31|0|0|10159528534493904|facebook
I support the truckers 💯|10159528839513904|Rick Fulford|2022-02-02 21:02:31|0|0|10159528534493904|facebook
This is about all mandates.. no more passports their only purpose is to track private people. Some people do not want Government spying on them|10159529379628904|Karen Dworkin|2022-02-02 21:02:31|0|0|10159528534493904|facebook
Freedom for us all , not just truckers|10159528850358904|Mikki Lawrence|2022-02-02 21:02:32|0|0|10159528534493904|facebook
90% pickup trucks trying to block me crossing the Ambassador Bridge both ways. Finally you appear big, wow. Disrupt the supply chain. Brilliant strategy lol.|10159529183333904|Ralph Erdman|2022-02-02 21:02:31|0|0|10159528534493904|facebook
Hopefully this stays peaceful … they storm parliament good luck to them|10159528836373904|Sean Wojcik|2022-02-02 21:02:32|0|0|10159528534493904|facebook
So funny. Media feels THEY have to explain this. THEY want to control the messaging. 😆🤣|10159529147783904|Peter Neilson|2022-02-02 21:02:31|0|0|10159528534493904|facebook
This is far bigger than just truckers. It's for all Canadians who are fed up with stupid mandates that take away our liberties.|10159529897793904|Dan Milo|2022-02-02 21:02:31|0|0|10159528534493904|facebook
I wish they would use their time, energy, and money to help someone who is suffering. This protest looks like a party in May with a slogan saying “WE Demand Spring to come soon”|10159530202678904|Aleksandra Sadowicz|2022-02-02 21:02:32|0|0|10159528534493904|facebook
Seems such a waste of fuel and resources, not to mention the pollution it creates!|10159529622548904|Bitten Acherman-Olofsen|2022-02-02 21:02:31|0|0|10159528534493904|facebook
Cue the people saying that they should just get vaccinated not realizing most of the truckers are vaccinated and are protesting against mandates.  By pushing mandates your showing you don’t believe in freedom of choice.|10159529827573904|Candace Boucher|2022-02-02 21:02:31|0|0|10159528534493904|facebook
I am seeing several posts on this feed from people so against anyone who chooses to not take the jab, so against the Freedom Convoy, so against the need to take back our rights and freedoms. Some of these comments are downright mean and hateful, blaming and shaming, name calling. This convoy is so full of love and support that is being generated by Canadians, Americans and also from other people from other countries. The world is watching Canada. It is emotional and humbling to take in. Now is the time for healing. There is a terrific opportunity here for those making mean and hateful comments to set aside those feeling and choose to let LOVE and LIGHT into their lives. It is one thing to give LOVE. It is another matter to be able to RECEIVE it with an open Heart.❤❤❤ 🇨🇦 🇨🇦 🇨🇦|10159529901483904|Lucille Steele|2022-02-02 21:02:31|0|0|10159528534493904|facebook
Not many big rigs there it looks more like an any vehicle can take part. The real truckers are out there delivering our food and other essentials because that's what dedicated truckers do.|10159530256503904|Barbara Garvey|2022-02-02 21:02:32|0|0|10159528534493904|facebook
And you all will be the ones complaining about shortages of goods at stores.. Grow Up|10159528781758904|Clyde Chamberlain|2022-02-02 21:02:32|0|0|10159528534493904|facebook
I'll take the advices of professionals who actually have health qualifications over those of truck drivers and non-health professionals, thank you very much.|10159528677273904|Matthieu Gilbert|2022-02-02 21:02:31|0|0|10159528534493904|facebook
A lot of them are jabbed, just doesn't want the tyranny to tell them what to do, that's all! YEAH!!! TRUCKERS!!! It's your time to shine! 💪🚛🚛🚛|10159528699823904|Lulu Chan|2022-02-02 21:02:31|0|0|10159528534493904|facebook
Leftists envy the rich but they despise anyone they think is poor.|10159528741563904|Dan Carroll|2022-02-02 21:02:59|1|0|10159528534493904|facebook
Keep voting liberal!|10159528741838904|Betty Bloom-Smith|2022-02-02 21:02:59|1|0|10159528534493904|facebook
This is just a bunch of specialized self-obsessed anti-vaxers who are afraid of needles having a tantrum.|10159529987273904|Bob Vincent|2022-02-02 21:02:33|0|0|10159528534493904|facebook
they are trying to deny it now. This is nothing but a Trump rally with the potential to turn into another January 6th “insurrection”. Most people participating are not truckers and have nothing to lose.|10159529641548904|Philip Standard|2022-02-02 21:02:59|1|0|10159528534493904|facebook
I call that idiocy across Canada! :)|10159530975958904|Anne St-Gelais|2022-02-02 21:02:32|0|0|10159528534493904|facebook
https:// www.maverickpart y.ca/ tamara-lich?fbcl id=IwAR3X7MlYkA q0Q9POd7YLzuJPB fH2SRbv2NGzzM_a SRhcfIG6vARW2Gw TcB4|10159529642758904|Karen E. Valli|2022-02-02 21:02:59|1|0|10159528534493904|facebook
Dan, you misspelled 'conservatives' ..|10159529644473904|Karen E. Valli|2022-02-02 21:02:59|1|0|10159528534493904|facebook
Only Trump flags there will be carried by left wing nuts like you. What time are you showing up??|10159529851293904|Peter Morel|2022-02-02 21:02:59|1|0|10159528534493904|facebook
Why? Because we have an over abundance of entitled, ideologically driven folks that don’t understand economics or politics? Just a guess…|10159528732838904|Maureen Huot|2022-02-02 21:02:31|0|0|10159528534493904|facebook
Just think of all the food and other much needed supplies they could be hauling to the empty shelves in our stores. And all those millions of dollars that could buy vaccines for countries without so we can get these emerging variants under control.|10159529598693904|Lynne Magee|2022-02-02 21:02:32|0|0|10159528534493904|facebook
this is why you’re still single.|10159529052918904|Alison Farrell|2022-02-02 21:03:00|1|0|10159528534493904|facebook
"by ""sensible people"" you're obviously not referring to anyone sitting in government..."|10159529457228904|Laurie Ann|2022-02-02 21:03:00|1|0|10159528534493904|facebook
The real question for the Globe and Mail is how a once focused and reliable media source could descend to a one trick media pony. To assert this rally is confined to anti-vaccine proponents is a media mis-judgement of shocking proportion.|10159528815643904|Fred McInnis|2022-02-02 21:02:31|0|0|10159528534493904|facebook
It ain’t a question about the vaccination … ITS ABOUT OUR FREEDOM. And I support the truck drivers….|10159528666993904|Marc Michaud|2022-02-02 21:02:31|0|0|10159528534493904|facebook
It's not anti vaxx, it's anti mandate. Get it right people!|10159528699898904|Caroline Poirier|2022-02-02 21:02:31|0|0|10159528534493904|facebook
🤦🏻‍♂️|10159528624908904|Shaun Lawless|2022-02-02 21:03:00|1|0|10159528534493904|facebook
Get your facts straight or don’t report. Stop inciting bullying and separation.|10159530185883904|Bailey Ettinger|2022-02-02 21:02:32|0|0|10159528534493904|facebook
isn't it mostly comprised of vaccinated truckers who are standing up for their colleagues which is exactly what all the unions decided not to do? Bunch of bum unions and bum journalists at the Globe.|10159530585328904|Casey FI|2022-02-02 21:02:32|0|0|10159528534493904|facebook
What a loaded with bias headline, very poor quality journalism here.|10159528670518904|Robin Hardement|2022-02-02 21:02:32|0|0|10159528534493904|facebook
Correction: anti-mandate.|10159529800518904|Daniel Malouin|2022-02-02 21:02:32|0|0|10159528534493904|facebook
Keep voting Liberal and NDP! Watch our economy flourish. If you were right 90% of the truckers would be online voicing their concerns!! Lol 😆 sooooo many vaxxed coming. I am vaxxed too! Wakey wakey!|10159528760508904|Betty Bloom-Smith|2022-02-02 21:03:00|1|0|10159528534493904|facebook
These hard working Canadians have my 100% support!|10159530221328904|Brad Peterson|2022-02-02 21:02:32|0|0|10159528534493904|facebook
Cause the vaccines are working so well 😬😬😬😬 Government controlling your life for something that does not work yet you have your eyes closed to it all!|10159528767143904|Betty Bloom-Smith|2022-02-02 21:03:00|1|0|10159528534493904|facebook
Go to whatever reputable site you want and get the ACTUAL numbers! Then do the math!  Canada Here are the flu mortality rates (100,000/yr) for 5 years: 2019 - 18.4 2018 - 23 2017- 20.2 2016 - 17.2 2015 - 21.3  Mortality rate of Covid is 20.5 based on the incidental numbers. It is quite similar to the flu mortality rate.  The mortality rate for cancer is 191!!! Our government has cancelled cancer screenings and postponed cancer surgeries and procedures because of Covid. So many dying due to lack of healthcare in the last 2 years! Suicides?|10159528769458904|Betty Bloom-Smith|2022-02-02 21:03:00|1|0|10159528534493904|facebook
The idiocy of it. Start training replacement drivers.|10159529467673904|Rena David|2022-02-02 21:02:32|0|0|10159528534493904|facebook
Spoiled bunch of highschool dropout truckers, only care about their selfish selves.|10159529580393904|Jim Mac Kinnon|2022-02-02 21:02:32|0|0|10159528534493904|facebook
I have said my comments over and over, now all I have to say is drive careful|10159528862833904|Lynne Meacock|2022-02-02 21:02:32|0|0|10159528534493904|facebook
I know. My grandfather is so embarrassed.|10159529462783904|Philip Standard|2022-02-02 21:03:00|1|0|10159528534493904|facebook
oh the pollution and waste of gas...|10159529344578904|Daisy Lam|2022-02-02 21:02:32|0|0|10159528534493904|facebook
They'll just play smokey and the bandit with them, no problem|10159528619073904|Dave Kozak|2022-02-02 21:02:51|1|0|10159528534493904|facebook
fighting for all Cdns when they state they hope people starve 😂|10159529494743904|Todd Langevin|2022-02-02 21:02:56|1|0|10159528534493904|facebook
click on the cute truck and swipe you’ll see photos lol|10159528697038904|Tom Blashill|2022-02-02 21:02:45|1|0|10159528534493904|facebook
What repulses you all about those who advocate for freedom?|10159528682018904|Matthew Southall|2022-02-02 21:02:45|1|0|10159528534493904|facebook
find it hilarious that any organization that relies solely on people READING , can't read themselves ! Completely false reporting . Everything I've read explains what this Convoy is about !|10159529199063904|Brian Blake|2022-02-02 21:02:30|0|0|10159528534493904|facebook
Govts have left it up to school boards and private business to do the tough work and they are just sitting back, in my opinion.|10159530373053904|Sue Ngary|2022-02-02 21:02:44|1|0|10159528534493904|facebook
"yet again...🤦‍♀️ another Globe and FAIL. Bet Journalist Freeland is connected here somewhere...bet she's in charge of the ""propo's"" in Canada's hunger games...bet she was instructed how to achieve this. (her PERSONAL TUTOR: was George S0R0S. Look it up folks.)"|10159528752133904|Jan Rivard|2022-02-02 21:02:29|0|0|10159528534493904|facebook
💯💯|10159528849538904|Marie Deschamps|2022-02-02 21:02:43|1|0|10159528534493904|facebook
Why would 20000 US truckers go to Ottawa to protest? Where are you getting thus stuff? Fake profile?|10159529088148904|Gary Duguay|2022-02-02 21:02:43|1|0|10159528534493904|facebook
Rick Timmerman No, but the vaccine provides some protection.|10159528945613904|Dorothy Anne Knight|2022-02-02 21:02:43|1|0|10159528534493904|facebook
Meaningless comment. But you are good at those.|10159528944508904|Dorothy Anne Knight|2022-02-02 21:02:43|1|0|10159528534493904|facebook
Rick Timmerman Actually people who are vaccinated stand a better chance of not being hospitalized with this new variant .|10159528940503904|Dorothy Anne Knight|2022-02-02 21:02:43|1|0|10159528534493904|facebook
bs|10159528878758904|Craig Sandford|2022-02-02 21:02:43|1|0|10159528534493904|facebook
no I’m not talking about your little courier truck that makes your little deliveries!! Get real. I’m talking a warehouse with tractor trailers. Put a sock in it.|10159528877603904|Craig Sandford|2022-02-02 21:02:43|1|0|10159528534493904|facebook
I’m an entrepreneur 🙂 small business owner , I deal with shipments local & international on a daily basis .|10159528874493904|Christine Keman|2022-02-02 21:02:43|1|0|10159528534493904|facebook
I deal with trucks/ drivers daily at the warehouse….. what about you?|10159528872388904|Craig Sandford|2022-02-02 21:02:43|1|0|10159528534493904|facebook
some will never wake up . Too bad !|10159528852498904|Mikki Lawrence|2022-02-02 21:02:43|1|0|10159528534493904|facebook
their problem that they are losing their jobs as they refuse the vaccine. Not very Canadian of them. To bad … but no sympathy from the vast majority of Canadians.|10159528837448904|Craig Sandford|2022-02-02 21:02:43|1|0|10159528534493904|facebook
I love when people give us free advertising.|10159528689193904|Matthew Southall|2022-02-02 21:02:45|1|0|10159528534493904|facebook
Imagine having Donald Trump stuck in your head lmao|10159528736373904|Dan Carroll|2022-02-02 21:02:45|1|0|10159528534493904|facebook
Conservatives!!|10159529527063904|Dianne Williams|2022-02-02 21:02:42|1|0|10159528534493904|facebook
Freedom is as Canadian as maple syrup and if you don't understand that, I'd suggest moving to North Korea. And yes, our brothers and sisters from south of the border are on the way up to support our fully justified convoy. Without freedom, NOTHING else matters. 🇨🇦🇺🇲🚛♥️💪  https:// youtu.be/ iQK1SVEYi-o|10159528874963904|Justin Leigh|2022-02-02 21:02:45|1|0|10159528534493904|facebook
for sure! It needs to be across the board.|10159532943193904|Eric Ferrier|2022-02-02 21:02:46|1|0|10159528534493904|facebook
I absolutely can appreciate how real the fear is because it has been drilled into us for two years, however, it has been two years, and when we compare different regions with barely any mandates to others with strict mandates we see similar rates of infection which would suggest mandates do little to nothing, and they certainly aren't worth the destruction to mental health small business etc... Not to mention large regions that are having great success with early treatments, but you can't push a vaccine for a virus that already has working treatments.|10159532904573904|Eric Ferrier|2022-02-02 21:02:46|1|0|10159528534493904|facebook
: There isn't such a thing as freedom to cross an international border. So silly.  Besides, those border crossing rules have been set jointly by the United States and Canada. Ignorance is bliss among that tiny group of truckers. :)|10159530979583904|Anne St-Gelais|2022-02-02 21:02:46|1|0|10159528534493904|facebook
Hum, yes it does. How do you not know this? Still in your teenage rebellious years? Time to grow up, kiddo!|10159528866303904|Matthieu Gilbert|2022-02-02 21:02:46|1|0|10159528534493904|facebook
does that matter?|10159528750948904|Stephen Duke|2022-02-02 21:02:46|1|0|10159528534493904|facebook
freedom to choose your position against mandates but this comes with consequences as part of that equation whether you agree with it or not. You are in the minority on that one.|10159528743523904|Stephen Duke|2022-02-02 21:02:46|1|0|10159528534493904|facebook
"If you want ""Freedom"", step out of society, buy some land in the bush, feed and doctor yourself, and enjoy being free."|10159528694618904|Ribsy Ludwig|2022-02-02 21:02:46|1|0|10159528534493904|facebook
exactly. You can’t reason with these goons.|10159529863053904|Travis Bourque|2022-02-02 21:02:45|1|0|10159528534493904|facebook
- back to a liberal page for you or do you prefer your basement|10159529601403904|Don Duggan|2022-02-02 21:02:45|1|0|10159528534493904|facebook
you are kidding okay so lay down and die because the US is doing it? Wow 😯|10159529576753904|Kathleen Baylis|2022-02-02 21:02:45|1|0|10159528534493904|facebook
Exactly!!!|10159529530853904|Andrée Gosselin|2022-02-02 21:02:45|1|0|10159528534493904|facebook
Truckers are rising up in the US. Enough is Enough|10159529527653904|Bryce Mugford|2022-02-02 21:02:45|1|0|10159528534493904|facebook
the issue is that it is a very small amount of truckers and a large amount of PPC party members driving their cars and pickups.|10159529958568904|Philip Standard|2022-02-02 21:02:45|1|0|10159528534493904|facebook
do better. You don't have to agree with them, but don't throw insults. 150 mile long truck convoy (Guinness Record) means that a lot of people are angry, frustrated and unhappy. Are you simply going to dismiss this? Again, you don't have to agree, but don't dismiss people or simply cancel them with rotton insults.|10159529832143904|Violet Morag|2022-02-02 21:02:45|1|0|10159528534493904|facebook
guaranteed|10159529544083904|Jim Castillo-Henriquez Bravo|2022-02-02 21:02:45|1|0|10159528534493904|facebook
They are fighting the same restrictions in the U.S . There are over 20 000 truckers coming up from the U.S 🙂 And , the Supreme Court of the U.S just ruled against the mandate in the U.S . It goes against the Charter of rights . NY state courts just ruled against mask mandates bc they go against the charter . The movement for freedom has started 💪|10159528823773904|Christine Keman|2022-02-02 21:02:43|1|0|10159528534493904|facebook
a whole ton of them are, you're not paying attention. The convoy is absolutely full of double jabbed truck drivers that were coerced or threatened into it and are not happy about it, and now are fighting for the freedom of choice for all.|10159528873858904|Justin Leigh|2022-02-02 21:02:42|1|0|10159528534493904|facebook
Diff? U don't get boosted every 6mons for each of those vaccine.|10159533855948904|Shirin Parsi|2022-02-02 21:02:55|1|0|10159528534493904|facebook
troll 😈|10159529573858904|Kathleen Baylis|2022-02-02 21:02:38|1|0|10159528534493904|facebook
they’ve been reporting on it for days, just because you don’t pay attention, doesn’t mean it isn’t happening.|10159528956163904|Logan Creed|2022-02-02 21:02:38|1|0|10159528534493904|facebook
A lot of whiners on this comment thread. Poor us, but these yahoos in their trucks are fighting for our freedom. Sad.|10159528912823904|Dorothy Anne Knight|2022-02-02 21:02:38|1|0|10159528534493904|facebook
exactly!!|10159528862313904|Marie Deschamps|2022-02-02 21:02:38|1|0|10159528534493904|facebook
not shocking. They are reporting lies, and running a smear campaign. They are equating the convoy to antivax extremists, when they are men and women vaxxed and not, doing what they belive is right.|10159528861478904|Marie Deschamps|2022-02-02 21:02:38|1|0|10159528534493904|facebook
"It's because it's the Big Elephant in the room so to speak, so they can't ""hide it"" anymore like they used to do :)"|10159528760338904|Jean-Guy Chauvin|2022-02-02 21:02:38|1|0|10159528534493904|facebook
Paige Megale Howat tag Maryanne|10159528675398904|Travis Tee|2022-02-02 21:02:38|1|0|10159528534493904|facebook
and a price to be paid if your freedom of personal autonomy is taken.|10159528750303904|Greg Dean|2022-02-02 21:02:37|1|0|10159528534493904|facebook
Thank you. The headline has been updated.|10159528766053904|The Globe and Mail|2022-02-02 21:02:29|1|0|10159528534493904|facebook
people sure got sucked into this SCAM. Unbelievable!!! !|10159532875203904|Gloria Dawe Bruce|2022-02-02 21:02:36|1|0|10159528534493904|facebook
seems like you are listening to the vomit coming out of YOUR TV too.|10159532855968904|Diane Cormier Ferri|2022-02-02 21:02:36|1|0|10159528534493904|facebook
and it’s the USs vaccine mandate. Shouldn’t they be going to DC?|10159528686283904|Trevor Erik|2022-02-02 21:02:36|1|0|10159528534493904|facebook
so all provincial mandates? That's why they are going to Ottawa?|10159528619553904|Peter Pasieka|2022-02-02 21:02:36|1|0|10159528534493904|facebook
People should ask them !!!|10159530194088904|Ruslan Yakoviychuk|2022-02-02 21:02:35|1|0|10159528534493904|facebook
what is a leftist by the way. I don't really get what your point is.|10159529962948904|Violet Morag|2022-02-02 21:02:35|1|0|10159528534493904|facebook
Silly comment for anyone. This is not left, right. This is a much more complex argument - probably not something you would like to entertain. Stick with your commie vs capitalist rhetoric - stay in the 1950's, where you belong.|10159529940198904|Violet Morag|2022-02-02 21:02:35|1|0|10159528534493904|facebook
Controlled opposition vs operation mockingbird  #covid19thegreat reset|10159529436718904|Rich Sutherland|2022-02-02 21:02:38|1|0|10159528534493904|facebook
slow your tears|10159529709983904|Michael Black|2022-02-02 21:02:38|1|0|10159528534493904|facebook
Sure ... paid Liberal schmuck|10159534153763904|Edward Loucks|2022-02-02 21:02:40|1|0|10159528534493904|facebook
Purposely misrepresenting the news again huh G&M?|10159528579308904|Bruce R Collens|2022-02-02 21:02:29|0|0|10159528534493904|facebook
Ah! There we go! I knew someone would be anit-semitic and out themselve!! BRAVO on being the first I've seen on THIS thread because god knows there are more than enough over on TWITTER.|10159530199298904|Mary Jo Welch|2022-02-02 21:02:40|1|0|10159528534493904|facebook
"NO. She is correct. It is called ""frozen"" because the funds will not be released until Tamara Lich is investigate for belonging to anti-government hate groups (Yellow Vests and Maverich Party) and until GoFundMe is satisfied that she will not be the person distributing the funds. People (aka fools) are still entitled to throw their money away on Tamara Lich's little get rich scheme though."|10159530196688904|Mary Jo Welch|2022-02-02 21:02:40|1|0|10159528534493904|facebook
James Nilsson and from the USA as well. Vaxxed truckers coming up to support the right of choice. Small minds like Bill's are not capable of seeing the bigger picture.|10159529405993904|Laurie Ann|2022-02-02 21:02:40|1|0|10159528534493904|facebook
you're not smart enough to comment...bette r not. What happening seems to be way over your head. ps...the mask is not about virus.|10159528823253904|Dean Hammond|2022-02-02 21:02:40|1|0|10159528534493904|facebook
Sales associate eh, enjoy your pain and suffering over the next couple weeks.|10159528735903904|Kyle Robertson|2022-02-02 21:02:40|1|0|10159528534493904|facebook
"This is the first in 2 hellish and freakish years that enough people have collectively said ""Done."" We are done. It's over. The message is unraveling all over the world and it's obvious that the actions taken by government(s) have nothing to do with the health and well-being of Canadians. Believe the story if you want but enough have seen it for what it really is."|10159528718748904|Tina Laursen|2022-02-02 21:02:40|1|0|10159528534493904|facebook
he's probably misogynistic too🙄|10159528710883904|Tina Laursen|2022-02-02 21:02:40|1|0|10159528534493904|facebook
yea overall it was written not bad!|10159528756778904|Austin Mitchell Conboy|2022-02-02 21:02:39|1|0|10159528534493904|facebook
they don’t want too get it right. Does make News|10159528751718904|Harry John Ehlebracht|2022-02-02 21:02:39|1|0|10159528534493904|facebook
Daniel, their message is brought to us by PFIZER and Liberal Sales Team|10159528686968904|Magda Lena|2022-02-02 21:02:39|1|0|10159528534493904|facebook
it’s why news broadcasts are losing ratings …….. their isn’t real reputable news stations anymore …… all left or right wing propaganda…….be tter news on streaming sites|10159528609303904|Dan Peever|2022-02-02 21:02:39|1|0|10159528534493904|facebook
nonsense|10159528586288904|Sean Ledwich|2022-02-02 21:02:39|1|0|10159528534493904|facebook
media is bought and paid for!|10159528569498904|Doug Wilcox|2022-02-02 21:02:39|1|0|10159528534493904|facebook
Thank you. That headline has been updated.|10159528757748904|The Globe and Mail|2022-02-02 21:02:29|1|0|10159528534493904|facebook
|10159529431748904|Justin McLeod|2022-02-02 21:02:38|1|0|10159528534493904|facebook
Safety from what exactly? I thought that the Jabs are protecting you? If they are not, why do you keep taking them? If someone is afraid of something.... THEY can stay home to protect themselves and let us who are not afraid to live our lives, not the other way around. I got ALL my vaccinations as a baby and child... but I never had to get any boosters and we even ate with dirty hands and some dirt on the farm... I am more healthy than most people. Did you forget how you grew up?|10159533291688904|Xristos Dimitriou|2022-02-02 21:02:46|1|0|10159528534493904|facebook
yes it is. They’ve estimated 85-90% are vaxxed. And it really doesn’t matter whether we have mandates or not. You do realize that as of Jan.22 the US requires Cdn truckers to be vaxxed to cross the border right? So it really doesn’t matter what Trudeau or Cdn truckers think about Cdn mandates.|10159528899538904|Catharina Mendonça|2022-02-02 21:02:47|1|0|10159528534493904|facebook
if you read that statisticin a news article, throw it away. Use it as toilet paper, or a fire starter. It's about as good and as real as Monopoly money.|10159529392213904|Laurie Ann|2022-02-02 21:02:47|1|0|10159528534493904|facebook
Wow. Real journalism. Lol. At this point how are you not embarrassed by what you publish?|10159528660413904|Madalina Ungureanu|2022-02-02 21:02:30|0|0|10159528534493904|facebook
"This was in Winnipeg. ""Thousands of people lined up along the highway, all bundled in their -30 clothes. Cars and trucks, and people and kids. The sun was brilliant! And then the RCMP directed the convoy away from the their stop for a dinner made by the Hutterites! They butchered 6 pigs, for the occasion, and then the truckers missed it!! So the Hutterites drove 3 hr. To Kenora to feed the truckers. I am so glad to be Canadian. There are so many people of every type, vaxxed or unvaxxed. We are all in the same boat. No More Mandates!!! People are sick of this."" What an incredibly exciting time to be on the right side of history. 💕"|10159528965168904|Dianne Lindal|2022-02-02 21:02:30|0|0|10159528534493904|facebook
Thank you truckers and supporters across the country. Thousands of Canadians were lined up along the highway around Winnipeg in -35, showing their love and support. The support is coming in from all over the country and the world , the U.S., Sweden, Denmark, Italy, Pakistan, Holland, Ireland, Trinidad and Tobago, Czech Republic, Netherlands, Australia, New Zealand, France, Spain, Liberia, Costa Rica like everywhere. It’s so amazing. You are united this country, First Nations and thousands of people from every province, political stripe, religion.  Keep ‘er rolling boys and gals. You are a shining beacon of hope and love to all of us.|10159528951033904|Shawn Wayne Dubois|2022-02-02 21:02:30|0|0|10159528534493904|facebook
just got my booster 👍|10159529716498904|Kenton Mills|2022-02-02 21:02:52|1|0|10159528534493904|facebook
"""I hope you won't go to emergency when you get this, which you will""?? 🙄 Did your tarot cards and crystal ball tell you all that, Dorothy? By the looks of it numbers coming out of Alberta and Ontario, where 3x the number of ""vaccinated"" people are currently in hospital than the vaccine-free, it appears statistically that you're the one that it is most likely to show up in the ER. Fact vs opinion. Medical reality over your 🔮."|10159529449118904|Laurie Ann|2022-02-02 21:02:52|1|0|10159528534493904|facebook
oh dorothy the only öne in there are the vaccinated with their poor damaged immune system... Pity!|10159529031603904|Leanne Faye Torio|2022-02-02 21:02:52|1|0|10159528534493904|facebook
Trudeau would know all about temper tantrums. I think I saw a video of him throwing one....Can you imagine how that privileged little mind of his would react to someone telling him no...😆|10159528811828904|Eddie Davidson|2022-02-02 21:02:52|1|0|10159528534493904|facebook
I support the truckers. Let them speak and be heard.|10159528973393904|Sara Fehr|2022-02-02 21:02:30|0|0|10159528534493904|facebook
with gas prices at an all time high no less 😂|10159533525763904|Emma Victoria Thomas|2022-02-02 21:02:51|1|0|10159528534493904|facebook
GOVERNMENTS ALLOWED THEM TO WORK 2 YEARS UNVACCINATED DURING THE PANDEMIC & THEY WERE CLASSED AS ESSENTIAL. ABOUT 80 % OF TRUCKERS HAVE BEEN VACCINATED 1 TO 3 TIMES. YOU CAN STILL GET THE VIRUS VACCINATED. THEIR WORK IS MOSTLY ALL DONE IN ISOLATION. THEY RARELY COME INTO CONTACT INTO CONTACT WITH PEOPLE WITH THE EXCEPTION OF THE PAPER WORK /INVOICES THAT THEY PICKUP SHIPPERS / RECEIVERS IN PICKING UP FREIGHT & DELIVERING FREIGHT.CANADA'S HAS A SHORTAGE OF TRUCKERS BEFORE THE PANDEMIC ....... DURING THE PANDEMIC.....NO W THE PANDEMIC IN EUROPE IS OVER. NO MORE MANDATES. AND SOME GOVERNMENTS LEADERS HAVE BEEN CHANGED..... SOME HAVE BEEN ARRESTED, CHARGED & ARE BEING PROSECUTED. THE TRUCKER'S ARE PROTESTING THE VACCINE MANDATES , VACCINE PASSPORTS MANDATES, WHO DICTATES WHO GETS TO WORK & WHO DOESN'T.....WHO HAS THE RIGHT TO NOT PUT FOREIGN SUBSTANCES IN OUR OWN BODIES, WHO HAS THE RIGHT TO FORCE, BULLY, BRIBE, USE FEAR OR THREATEN LOSE OF JOB OR THE PROMISE OF GOVERNMENT COMPENSATION THAT YOU NEED TO PROVE..??? & WHAT DRIVES INFLATION UP... WHO CONTROLS THE FOOD SUPPLY....... WHO CONTROLS THE TRAVEL.... WHO CONTROLS THE EMPLOYMENT OF HEALTH, EDUCATION, COURT-JUSTICE, RCMP, CRIME-DEMIC?? AND HOW MANY CANADIAN POLITICIANS ARE ACTUALLY VACCINATED??? OR HOW MANY TIMES VACCINATED??? OR SHOW OF PROOF OF VACCINATION PASSPORTS.|10159529862088904|Marilyn Templeton|2022-02-02 21:02:51|1|0|10159528534493904|facebook
🤡🤡🤡🤡🤡🤡🤡🤡🤡🤡🤡🤡🤡🤡🤡🤡🤡🤡🤡🤡🤡🤡🤡🤡🤡🤡🤡🤡🤡🤡🤡🤡🤡🤡🤡🤡🤡🤡🤡🤡🤡🤡🤡🤡🤡🤡🤡🤡🤡🤡|10159529654588904|Craig English|2022-02-02 21:02:51|1|0|10159528534493904|facebook
forgot what freedom is aye??|10159529577188904|Kathleen Baylis|2022-02-02 21:02:51|1|0|10159528534493904|facebook
Yep. You pretty much summed it up.|10159529409918904|Paula Jarrett|2022-02-02 21:02:51|1|0|10159528534493904|facebook
- touché|10159529376323904|Jocelyne Koepke|2022-02-02 21:02:51|1|0|10159528534493904|facebook
did you get your panties in a knot when Indigenous shut down Caledonia for 1-2 years?|10159529842568904|Peter Morel|2022-02-02 21:02:51|1|0|10159528534493904|facebook
“ Sterilizing vaccines?” Really?|10159529609818904|Dorothy Anne Knight|2022-02-02 21:02:50|1|0|10159528534493904|facebook
Nice head line no one is anti vax they are sick of mandates|10159528729428904|Christine Deitz Feicht|2022-02-02 21:02:30|0|0|10159528534493904|facebook
- exactly!|10159528640993904|Eric Shields|2022-02-02 21:02:54|1|0|10159528534493904|facebook
https:// www.thebeaverton .com/2022/01/ unvaccinated-tru ckers-demand-ca nadas-governmen t-change-us-gov ernments-rules- on-unvaccinated -truckers/ ?fbclid=IwAR36vI OaQK4952L_50f-I zOTQLZWkMnhPuYO bP-t3Hm4Y-1rbFc 47pk7tQM|10159529637663904|Adrian Colton|2022-02-02 21:02:47|1|0|10159528534493904|facebook
|10159528658863904|Kris Olafson|2022-02-02 21:02:54|1|0|10159528534493904|facebook
The government has a responsibility to protect the public from a highly contagious and dangerous virus. That trumps an individual's feeling that s/he can go anywhere and do anything even when they pose a threat to public health.|10159529991523904|Gabriela Byron|2022-02-02 21:02:55|1|0|10159528534493904|facebook
With you, and in support of the convoy.|10159528893618904|Arlene Dykstra|2022-02-02 21:02:55|1|0|10159528534493904|facebook
I’m the same and I fully support this convoy .|10159528742553904|Bertrand ST-Amand|2022-02-02 21:02:55|1|0|10159528534493904|facebook
You must sleep under your bed at night!|10159528755363904|Betty Bloom-Smith|2022-02-02 21:02:54|1|0|10159528534493904|facebook
If you don't believe the website that literally controls the funds then you have serious problems in general and have clearly had your tin foil hat on for too long. Global didn't invent the company making a statement regarding this you lunatic 🤣🤣🤣|10159528749283904|Zac Corindia|2022-02-02 21:02:54|1|0|10159528534493904|facebook
ummm if you actually believe what MSM is reporting on this then you have serious problems understanding life.|10159528747638904|Betty Bloom-Smith|2022-02-02 21:02:54|1|0|10159528534493904|facebook
https:// globalnews.ca/ news/8536937/ trucker-freedom- convoy-gofundme -update/ Well this is awkward|10159528696623904|Zac Corindia|2022-02-02 21:02:54|1|0|10159528534493904|facebook
Aren’t these the same idiots who hate virtue signalling? Yet, here they are.|10159530533428904|Crissy Klein|2022-02-02 21:02:54|1|0|10159528534493904|facebook
They are achieving what they set out to show that Trudeau as the hypocritical coward that is gutless and runs away when going gets tough.|10159529848398904|Peter Morel|2022-02-02 21:02:54|1|0|10159528534493904|facebook
they don't represent this Canadian|10159528724563904|James Whitman|2022-02-02 21:02:54|1|0|10159528534493904|facebook
it's a glorified PPC rally and I can't wait to watch the pitiful rally in Ottawa when they get there 🤣🤣🤣|10159528703223904|Zac Corindia|2022-02-02 21:02:54|1|0|10159528534493904|facebook
no long-haul professional drivers here... they dont even have the proper plates or U.S. DOT Number.. most of the trucks I have seen have been pick-up trucks with Alberta plates, did see one aggregate trailer, a daycab ... few Kias|10159528698388904|Kent Douglas|2022-02-02 21:02:54|1|0|10159528534493904|facebook
they don’t want to be forced to be vaccinated to ship to the US. The irony is the US has a vaccine mandate so they are going to be forced regardless.|10159528694693904|Jason Ford|2022-02-02 21:02:54|1|0|10159528534493904|facebook
they do not represent my family or the truckers in it. They are fully vaccinated to protect themselves and their families.|10159528693133904|Philip Standard|2022-02-02 21:02:54|1|0|10159528534493904|facebook
They want to be treated like big boys by throwing tantrums like children.|10159528659078904|Zac Corindia|2022-02-02 21:02:54|1|0|10159528534493904|facebook
The US wants to push the world inflation higher|10159529591368904|Ken Lee|2022-02-02 21:02:50|1|0|10159528534493904|facebook
Welcome to Chinada|10159529589988904|Ken Lee|2022-02-02 21:02:50|1|0|10159528534493904|facebook
Yes just like the Native grandchildren learn about the unified Canada.|10159529482603904|Fitzroy Antdantilus|2022-02-02 21:02:50|1|0|10159528534493904|facebook
Us truckers can't come up to Canada where do you your fruit comes from.  Man are people that far gone  And besides what happened to bodily autonomy , freedom of choice when did this world become the natzi era 2.0  It's when you people stopped caring and started just following orders.., despite what they were ... Believing every media lie.... Stopped caring for your brothers and sisters ...  Not just what it means to be a Canadian but a human being with a soul.|10159529444213904|Rich Sutherland|2022-02-02 21:02:50|1|0|10159528534493904|facebook
no that’s true , but i think they wan’t give a big message for all province|10159528644803904|Nathanyel Girard|2022-02-02 21:02:49|1|0|10159528534493904|facebook
Rutter he is not allowed in many countries because of his ethics and monopolies and literal destroying and take down of nations. That's fact. Go watch his old interviews on utube, dude. Do you not read or are you just under studied? Common Rutter, you can manage a few clicks to educate yourself. His own country of origin has permanently banned him. He has destroyed countries. DO YOUR RESEARCH. Then you can talk like you actually KNOW what you are talking about. Unless you are a crumb catcher sent to obfuscate and and distract. 😑 Then, by all means, dance like a minion and distract til your hearts content.|10159530613728904|Jan Rivard|2022-02-02 21:02:48|1|0|10159528534493904|facebook
They made their choice. Let them live with the consequences. I have no sympathy|10159530261683904|Jim Rutter|2022-02-02 21:02:48|1|0|10159528534493904|facebook
No, you don’t. Lol|10159530260513904|Jim Rutter|2022-02-02 21:02:48|1|0|10159528534493904|facebook
lol, if George Soros paid for everything people accuse him of he would be the richest man in the world.|10159530259868904|Jim Rutter|2022-02-02 21:02:48|1|0|10159528534493904|facebook
|10159530253513904|Russ Bohanon|2022-02-02 21:02:48|1|0|10159528534493904|facebook
You’re right. And driving trucks across the country ought to show them!|10159530532743904|Crissy Klein|2022-02-02 21:02:48|1|0|10159528534493904|facebook
and ..... again|10159529958078904|Vaughan McQuade|2022-02-02 21:02:48|1|0|10159528534493904|facebook
And yet no one has answered it.. go figure..|10159529761163904|Karen E. Valli|2022-02-02 21:02:48|1|0|10159528534493904|facebook
What a dumb question! 😱|10159529674093904|Emilia Dimitrova|2022-02-02 21:02:48|1|0|10159528534493904|facebook
There’s a lot more to it than “anti-vax”. Its definitely pro freedom, anti Trudeau.|10159528713393904|Leith Waldrum|2022-02-02 21:02:30|0|0|10159528534493904|facebook
You’re right. It’s closer to 95%.|10159530531953904|Crissy Klein|2022-02-02 21:02:47|1|0|10159528534493904|facebook
lots are vaccinated, but have zero desire to live in a world where they are at risk of losing their livelihoods or be cast out of society every time Pfizer's CEO announces a new booster|10159530256243904|Josée Labelle|2022-02-02 21:02:47|1|0|10159528534493904|facebook
Propaganda|10159529802088904|Rich Sutherland|2022-02-02 21:02:47|1|0|10159528534493904|facebook
|10159529710193904|Michael Black|2022-02-02 21:02:47|1|0|10159528534493904|facebook
Mélanie Martel i am in qc too 🤦‍♂️|10159528647118904|Nathanyel Girard|2022-02-02 21:02:49|1|0|10159528534493904|facebook
Mélanie Martel legault it’s a dictator ....|10159528651703904|Nathanyel Girard|2022-02-02 21:02:49|1|0|10159528534493904|facebook
Mélanie Martel me too , one of my dream is go away from here , i love my city but i hate my gouvernment|10159528658133904|Nathanyel Girard|2022-02-02 21:02:49|1|0|10159528534493904|facebook
Gene therapy, call it what it is.|10159528949283904|Amanda Peltier|2022-02-02 21:02:50|1|0|10159528534493904|facebook
Aline Lanteigne So truckers should have no mandates and our borders should be open to travel. This is a universal risk and we all live with it. Vaccinated people can spread it just as fine as those not vaccinated. These vaccination passports have no purpose whatsoever but to track your movements|10159529414208904|Karen Dworkin|2022-02-02 21:02:50|1|0|10159528534493904|facebook
Aline Lanteigne Stupid move by stupid people. They should have paid attention to the U.S. Supreme Court ruling. COVID-19 is not an occupational hazard but a 'universal risk'|10159529408118904|Karen Dworkin|2022-02-02 21:02:50|1|0|10159528534493904|facebook
No actually the US Supreme struck all mandates with the exception of health care workers. They ruled them illegal like we should do. US Supreme court just ruled to end the mandates!!! Court ruled that COVID-19 is not an occupational hazard but a 'universal risk' https:// www.foxbusiness. com/politics/ supreme-court-bi den-vaccine-man dates-osha-heal th-care-workers ?fbclid=IwAR12z 1cCoUVtkXRoPsEp 16JZKZpIOsXq0dx phBToNiEpWOgphT FRxSAObEs|10159529407358904|Karen Dworkin|2022-02-02 21:02:50|1|0|10159528534493904|facebook
Robert Smith the Supreme Court struck down the mandate for companies over 100 people, but allowed those companies to decide for themselves, and also mandated it to cross the US/Canada border. That court case was not about the border and only focused on mandating it to companies. It's not a one size fits all. https:// www.google.com/ amp/s/ globalnews.ca/ news/8396863/ us-border-covid- vaccine-require ment/amp/|10159529335193904|Nicholas David Balys Smatavicius|2022-02-02 21:02:50|1|0|10159528534493904|facebook
if you think being the one who decides what to put in your body is an entitlement, you’re not even mentally fit to be in this conversation. That’s a basic human right. If you willing to give that up you’re as weak as a man gets. Zero integrity, just a lump of clay willing to walk around neutered waiting for further instructions|10159529159073904|Chad Welder|2022-02-02 21:02:50|1|0|10159528534493904|facebook
"temper tantrum privilege and entitlement you say.  First of all, the data that's in for the relevance of this vaccine created for alpha, it has almost no relevance at this point for omicron. So any ""temper tantrum"" that I can fathom, would be from the denial of that fact and continued aggressive rhetoric and policy measures that deny that truth.  Privilege. I'm not clear what you think a Privilege is? To willingly resist all aggressive political policy measures that take away rights, universal ones even, through pseudoscience, to resist that is ""Privilege""?  It's my opinion you got that one backwards. The government is privileged in being able to abuse its base without proportional blowback.  Entitlement?  I don't believe it's accurate to call someone entitled for choosing his or her health decisions in life.  What are you going to call meat eaters ""entitled"" next because meat had carcinogens? Overweight people are entitled too? Taking advantage of other people's money in a closed loop Public health system. Then where? Smokers? Sugar? Lazy people?"|10159529015513904|Jesse McCallum|2022-02-02 21:02:50|1|0|10159528534493904|facebook
It is just an observation of how pathetic your comments are. And ill informed.|10159528935313904|Dorothy Anne Knight|2022-02-02 21:02:50|1|0|10159528534493904|facebook
🤔 interesting|10159528660118904|Nathanyel Girard|2022-02-02 21:02:49|1|0|10159528534493904|facebook
You should maybe study basic grammar and sentence structure.|10159528915913904|Dorothy Anne Knight|2022-02-02 21:02:50|1|0|10159528534493904|facebook
yeah and the US has a convoy as well.  Funny that Trudeau himself has admitted that these mandates are against the charter of rights. He says the not withstanding clause allows the government to get around that, but admits the fact that the notwithstanding ot being used previously sets a precedence that it shouldn't. He also said that a notwithstanding isn't a God thing to have in a constitution. The point is that allowing a precedent be set to rights to be overruled paves the way for other rights to be overuled as well. This is how China has gotten away with throwing people in jail, and worse, for anti government statements. We are cutting it way to close to that line.|10159528868848904|Marie Deschamps|2022-02-02 21:02:50|1|0|10159528534493904|facebook
covid is not even close to being as deadly as those other 2 diseases|10159528861628904|Farzam Mohajeri|2022-02-02 21:02:50|1|0|10159528534493904|facebook
Tee Sobeleone block the access|10159528846083904|Trudie Carlesso|2022-02-02 21:02:50|1|0|10159528534493904|facebook
Tee Sobeleone Read above comment.|10159528784043904|Sandra Corrado|2022-02-02 21:02:50|1|0|10159528534493904|facebook
they control the border|10159528752293904|Nikki Friesen|2022-02-02 21:02:49|1|0|10159528534493904|facebook
Mandate Freedom!🇨🇦🇨🇦|10159528718033904|George Perianu|2022-02-02 21:02:33|0|0|10159528534493904|facebook
