﻿comment|comment_ids|username|datetime|isreply|num_replies|post_id|label
Good to see this group of fanatics loss their funding.|10159557103933904|Manfred Forest|2022-02-09 22:32:49|0|10|10159557061143904|facebook
perfect, THANK YOU!!! I was trying to do that!!! Freedom!!!|10159557202563904|Philippe Gallant|2022-02-09 22:33:00|1|4|10159557061143904|facebook
Ford may have just written his own political epitaph.|10159557106928904|Bruce R Collens|2022-02-09 22:32:49|0|4|10159557061143904|facebook
, nope, the yellow strip runs down your back|10159559828743904|Tom Edwards|2022-02-09 22:32:55|1|4|10159557061143904|facebook
How can support somebody that won't show up in Ottawa to talk to the truckers and then try to steal and or block there legitament donated money from the people of Canada. It looks like Ottawa is not part of Ontario ( No don't answer that question lets look at what he has allowed the once beautiful city of Toronto to turn into Yes gangs galore and immigrants stacked on top of each other.I guess because of the length of their stay in Queens park the liberals have contaminated every working surface and he has picked up the liberal traite Then again he might have been warned off by the Quebec Premier that thinks Ottawa is subdvision of Hull.|10159557878993904|Brooks Matthews|2022-02-09 22:33:00|1|3|10159557061143904|facebook
Not at all. He needs to crush them and will let Justin bring in the military this weekend…deputiz ing the military under sections 275 and 277…Aid of the Civil Power provisions. Jason is the one who’s afraid of requesting this from Ottawa.|10159557152523904|David Balcon|2022-02-09 22:32:54|1|3|10159557061143904|facebook
I could never imagine a time that I would feel the shame and embarrassment that Americans often do. But here we are. It is mind numbing to realize these are our country men. It horrifies me that they actually don't understand the damage they are doing.|10159557181018904|Mary Louise|2022-02-09 22:32:49|0|3|10159557061143904|facebook
Use the funds from both sites to begin paying the police bill. Invoice the occupation force for the rest.|10159557870948904|Bob McInnis|2022-02-09 22:32:49|0|2|10159557061143904|facebook
, you wanna play stupid games ?? Where is there any proof that truckers are carrying tire irons, police reports ??? Video ???|10159559628058904|Tom Edwards|2022-02-09 22:32:55|1|2|10159557061143904|facebook
I hope that it works for you. Oh did you hear about Ontario issuing a state of emergency for the protest’s?|10159558063273904|Garry Dean|2022-02-09 22:32:55|1|2|10159557061143904|facebook
This is the straw that broke Ford's chances for reelection.|10159557138628904|Brooks Matthews|2022-02-09 22:32:49|0|2|10159557061143904|facebook
|10159557192683904|Philippe Gallant|2022-02-09 22:33:00|1|2|10159557061143904|facebook
, you really think the actual soldiers will move against unarmed Canadian protestors ?? Pipe dream buddy !!|10159557173628904|Tom Edwards|2022-02-09 22:32:54|1|2|10159557061143904|facebook
The politics elites think this is something that can be fixed by injunctions…the other shoe is about to drop….|10159557082943904|John Williamson|2022-02-09 22:32:49|0|2|10159557061143904|facebook
"""honest people"". Unfortunately the truckers are led by dishonest people. Give your gullible head a shake and follow the law....if you have the ability to even comprehend it."|10159557834943904|Geoff Kerr|2022-02-09 22:32:53|1|2|10159557061143904|facebook
The Canadian government has no jurisdiction lol|10159557224423904|Matt Wilson|2022-02-09 22:32:49|0|2|10159557061143904|facebook
good comeback Potsie.|10159557750228904|Geoff Kerr|2022-02-09 22:32:53|1|2|10159557061143904|facebook
Note that one of the big contributors is Elon Musk. Thought the Tesla owners would like to know.|10159557127528904|John Godfreyson|2022-02-09 22:32:50|0|2|10159557061143904|facebook
where’s your proof|10159557139748904|Mike Skopp|2022-02-09 22:33:03|1|2|10159557061143904|facebook
you're the dreamer. And the minority.|10159557414043904|Geoff Kerr|2022-02-09 22:32:53|1|2|10159557061143904|facebook
They have jurisdiction over the borders and anything crossing the border including money.|10159557504108904|Mike Brown|2022-02-09 22:32:55|1|1|10159557061143904|facebook
paint your head yellow yet?|10159559827853904|Geoff Kerr|2022-02-09 22:32:55|1|1|10159557061143904|facebook
they do over Canadian banks.|10159557925098904|Garry Dean|2022-02-09 22:32:55|1|1|10159557061143904|facebook
, done with you, if you still consider Canada's legacy media truthful, you are the fool !!|10159559827748904|Tom Edwards|2022-02-09 22:32:55|1|1|10159557061143904|facebook
I hate to break it to you but I have already contacted them for a refund when I heard and was reassured that the money will flow to the truckers so. Sit down.|10159557928688904|Matt Wilson|2022-02-09 22:32:55|1|1|10159557061143904|facebook
it's a quote. Shared on national media. If it wasn't true, the mayor's office would have jumped on it. There are no traffic cameras on residential streets. Body cameras are only released when a complaint is made or to defend an action. It was diffused peacefully. Try using your head. You're only embarrassing yourself.|10159559815728904|Geoff Kerr|2022-02-09 22:32:55|1|1|10159557061143904|facebook
, Ottawa police have no cameras, traffic surveillance, it is the capital of Canada ??? Just another unsubstantiated claim, not like CBC is known for telling the truth|10159559806468904|Tom Edwards|2022-02-09 22:32:55|1|1|10159557061143904|facebook
it's a direct quote from the mayor. You do know what a quote is, right? Words that can't be altered right? You actually think protesters with tire irons are going to actually film themselves surrounding police at a school? Thanks for the laugh.|10159559787933904|Geoff Kerr|2022-02-09 22:32:55|1|1|10159557061143904|facebook
we have been in a state of emergency for the better part of 2 years. I’m used to it.|10159558065453904|Matt Wilson|2022-02-09 22:32:55|1|1|10159557061143904|facebook
, is that true or did you read that on CBC ?? LMFAO, where's the video proof, or pics, or police report ??? Really, tell me there are no cameras around Ottawa. Thanks for the laugh !!|10159559779448904|Tom Edwards|2022-02-09 22:32:55|1|1|10159557061143904|facebook
by inciting and discrediting truckers he is hoping to sell his self-driving trucks and make 💵💵💵|10159557139893904|Maria Novalen|2022-02-09 22:32:49|0|1|10159557061143904|facebook
there are so many ways to get by the government and get the money sent to who it belongs to. Dont you worry they will figure it out. We as Canadians have every right to give money to who we want to and the government trying to stop that is so wrong. That is our right!|10159559787733904|Nancy Forsyth Creagh|2022-02-09 22:32:59|1|1|10159557061143904|facebook
Les Deplorables without American $$?|10159557109213904|Michael Mackin|2022-02-09 22:32:49|0|1|10159557061143904|facebook
More control! Shame on Ontario!|10159557113743904|Jane Boraas Friesen|2022-02-09 22:32:49|0|1|10159557061143904|facebook
This whole end mandate protest is just a front for the far right wing extremists and if you don't like this piece just start googling their names and history https:// pressprogress.ca / meet-the-extremi sts-and-social- media-influence rs-at-the-centr e-of-the-far-ri ght-siege-of-ot tawa/ ?fbclid=IwAR31zo 36J3D2LrTCijOWU ZxXZVsECH-GNwvk luU25hqKfZ6ckS6 VmlfsKQs|10159557552213904|Brent Whiteside|2022-02-09 22:33:05|1|1|10159557061143904|facebook
🤔🧐 Do explain…|10159557545083904|Scott Ben David|2022-02-09 22:33:05|1|1|10159557061143904|facebook
The freedom deniers are under the disguise of freedom fighters.|10159557447108904|Brent Whiteside|2022-02-09 22:32:51|0|1|10159557061143904|facebook
"""Render unto Caesar the things that are Caesar's, and unto God the things that are God's""  Matthew 22:21"|10159557368738904|Matthew Miles|2022-02-09 22:33:03|1|1|10159557061143904|facebook
Keep the mandate of the Lord, your God, following his ways and observing his statutes, commands, ordinances, and decrees.  1 Kings 2:1-4|10159557109183904|Eric Lee Lemmons|2022-02-09 22:32:50|0|1|10159557061143904|facebook
are we sure? Maybe check out their twitter feed cause they are saying youre full of it. jus sayin|10159557108023904|Jon Gustafson|2022-02-09 22:32:50|0|1|10159557061143904|facebook
The damage 2 years of unjustified mandates has done to us!|10159557187633904|Cary Mackenzie|2022-02-09 22:33:01|1|1|10159557061143904|facebook
how are they going to disburse it? By cash? It has to go thru a Canadian bank. And guess what happens then? The feds will freeze it|10159557929298904|Garry Dean|2022-02-09 22:33:00|1|1|10159557061143904|facebook
"📌 FAKE NEWS ABOUT TRUCKERS ""GiveSendGo"" FUND BEING CLOSED DOWN??? GiveSendGo FREEDOM CONVOY 2022 DONATE FUND / STILL ACTIVE https:// givesendgo.com/ FreedomConvoy202 2"|10159557201618904|Belinda Rodgers|2022-02-09 22:33:00|1|1|10159557061143904|facebook
Terrorism Financing laws absolutely gives the govt jurisdiction to stop the money. Same laws that are used to stop money from reaching Al Qaeda and ISIS|10159557195798904|Dan Roach|2022-02-09 22:33:00|1|1|10159557061143904|facebook
Fake|10159557191028904|Jennifer Krzyzanowski|2022-02-09 22:33:00|1|1|10159557061143904|facebook
not true|10159557186743904|Jennifer Krzyzanowski|2022-02-09 22:33:00|1|1|10159557061143904|facebook
Completely false!!! GiveSendGo just made a public announcement on their site about 45 minutes ago saying that Canada has no jurisdiction on how they disburse their funds and reassured donors that the Freedom Convoy is getting the funds!!! Nice try!!!|10159557173128904|Philippe Gallant|2022-02-09 22:32:49|0|1|10159557061143904|facebook
, good, hope to see another party in power. I do support him in this instance.|10159557860633904|Rena David|2022-02-09 22:33:00|1|1|10159557061143904|facebook
are you in a illegal kind of way? Over international lines that is a federal crime in the USA and Canada. I really hope they try it.|10159559817858904|Garry Dean|2022-02-09 22:32:59|1|1|10159557061143904|facebook
the money has to go thru a Canadian bank. The company will not come up and deliver it in cash.|10159557927078904|Garry Dean|2022-02-09 22:32:59|1|1|10159557061143904|facebook
Ontario has NO JURISDICTION over an American company who's entire business is in the US. Man you people are dense|10159557678573904|Leonardo Ronca|2022-02-09 22:32:49|0|1|10159557061143904|facebook
once again with the stupid yellow face. Do you like being proven wrong continually? You do it so well. As for stupid yellow faces, go paint your face yellow. It would be very representative.|10159559762558904|Geoff Kerr|2022-02-09 22:32:55|1|1|10159557061143904|facebook
Give the money directly to truckers if you are there. Do not trust digital currency to do that job.|10159557267308904|Tom Ramanauskas|2022-02-09 22:32:49|0|1|10159557061143904|facebook
they are not dishonest how dare you say they are who do you think you are judge and jury. You should read the manifesto of the maverick party before you spout any more liberal lies|10159557892643904|Philip Hanna|2022-02-09 22:32:53|1|1|10159557061143904|facebook
stupid yellow faces just show your desperation and the fact that you got nuthin'. Thanks for playing.|10159559574268904|Geoff Kerr|2022-02-09 22:32:55|1|1|10159557061143904|facebook
I said the leaders are dishonest. Canada United at one point published a manifesto demanding the duly elected government resign and be replaced by themselves, the Senate and Governor General. One of the other organizers is from a western separatist party. They are dishonest. How dare you say they aren't.|10159557878208904|Geoff Kerr|2022-02-09 22:32:53|1|1|10159557061143904|facebook
how dare you call our fellow Canadians dishonest a page right out of your PMs book calling Canadians misogynists and racists. Unless you haven’t noticed or heard there are people there from all over Canada and all walks of life there|10159557846573904|Philip Hanna|2022-02-09 22:32:53|1|1|10159557061143904|facebook
|10159557479973904|Steven Boudreau|2022-02-09 22:32:53|1|1|10159557061143904|facebook
Robin Kerns https:// nationalpost.com /news/politics/ chris-selley-pub lic-health-advi sors-are-tellin g-liberals-what -they-dont-want -to-hear|10159559779858904|Nancy Forsyth Creagh|2022-02-09 22:32:53|1|1|10159557061143904|facebook
he military already told them to pound sand.|10159557604483904|Kevin Delecto|2022-02-09 22:32:54|1|1|10159557061143904|facebook
we shall see who the fool is unless you are part of turdeau elite you may be alright. Which I suspect you must be.there are always ways for honest people to help other honest people. The working class will see this through|10159557830778904|Philip Hanna|2022-02-09 22:32:53|1|1|10159557061143904|facebook
biggest minority I’ve ever seen 🤷🏼‍♀️|620818952550099|Isabel Sander|2022-02-09 22:32:53|1|1|10159557061143904|facebook
a very small but noisy number.|10159557745758904|Geoff Kerr|2022-02-09 22:32:53|1|0|10159557061143904|facebook
Just cancel the CVORs of the truckers who won’t leave and never issue one to them ever again.|10159558170253904|Peter Ioannidis|2022-02-09 22:32:49|0|0|10159557061143904|facebook
Bring them gaz card|10159557192613904|Simon Savard|2022-02-09 22:32:49|0|0|10159557061143904|facebook
Freedom is something you can't take for granted. There will always be somebody who wants to take it away.|10159559107023904|Mike Johnson|2022-02-09 22:32:49|0|0|10159557061143904|facebook
yeah, the Damage Trudeau and his supporters have done and heaped on Canada and Canadians is hard to fathom!|10159557543508904|Scott Ben David|2022-02-09 22:33:01|1|0|10159557061143904|facebook
and if this was common, the pictures of this would be all over the news, isolated incidences happen, 10,000 people, and no violent rioting.|10159557698528904|Michael H Stenz|2022-02-09 22:32:53|1|0|10159557061143904|facebook
What a joke. Thinking they can end this with court rulings. BRO, THIS IS A MAJOR REVOLT!!!|10159557560953904|Marco Paul Resendes DeMelo|2022-02-09 22:32:49|0|0|10159557061143904|facebook
It's called public safety. They are following the science. The greater good needs to be taken into account.|10159557759528904|Omar Montoya|2022-02-09 22:33:01|1|0|10159557061143904|facebook
R|10159557858778904|Rena David|2022-02-09 22:33:01|1|0|10159557061143904|facebook
Our economy is already hurting good Idea trucker's let's just hurt it more let's let China and Russia just let everybody know how crazy and how out of control we really are and vulnerable to them I can see them just laughing at us|10159557692508904|CG GAllegos|2022-02-09 22:32:49|0|0|10159557061143904|facebook
You do realize these truckers cross the boarder and can open an account in the states and get their money right|10159560446998904|Nancy Forsyth Creagh|2022-02-09 22:33:00|1|0|10159557061143904|facebook
Yes if they don’t get their passports revoked because if anyone of them gets charged with an offence they lose their passport lol|10159560451423904|Garry Dean|2022-02-09 22:33:00|1|0|10159557061143904|facebook
|10159558893413904|Steven Evans|2022-02-09 22:33:01|1|0|10159557061143904|facebook
|10159557830728904|Steven Boudreau|2022-02-09 22:32:53|1|0|10159557061143904|facebook
the article talks about that.|10159557656593904|Jill Krzyzanowski|2022-02-09 22:33:00|1|0|10159557061143904|facebook
first they'd have to prove these lovely, non violent protestors are terrorists which of course is LUDICROUS.|10159557587688904|David Guthrie|2022-02-09 22:33:00|1|0|10159557061143904|facebook
yup! Givesendgo on Twitter!|10159557583923904|David Guthrie|2022-02-09 22:33:00|1|0|10159557061143904|facebook
really good likenes of you.|10159557204153904|Jennifer Krzyzanowski|2022-02-09 22:33:00|1|0|10159557061143904|facebook
you poor brainwashed soul|10159557835228904|Patrycja Yu|2022-02-09 22:32:53|1|0|10159557061143904|facebook
follow the law maybe you should tell that to your PM typical lieberal response you think because you said it that’s the law. When it suits the lieberals protests are lawful unless it is against a made up law if theirs|10159557843233904|Philip Hanna|2022-02-09 22:32:53|1|0|10159557061143904|facebook
Matthew Birch So you're a racist just like Trudeau then. Ok.|10159557845683904|Polly Brown|2022-02-09 22:32:53|1|0|10159557061143904|facebook
look on their website. It's there.|10159557190088904|Philippe Gallant|2022-02-09 22:33:00|1|0|10159557061143904|facebook
or ... That they really do not care ... They just wanta go out n party ...and Hook up on plenty of fish ! Shameful ...|10159558275083904|Joanne Johnson-Meyers|2022-02-09 22:33:01|1|0|10159557061143904|facebook
"Stupid games? You lose.  ""Dilkens said he worried about tensions rising further, citing an altercation that took place between protesters and police trying to move a car blocking Assumption College Catholic High School — a school in the heart of the protest area. He said a ""group with tire irons swarmed the police,"" who were ultimately able to de-escalate that situation.""  https:// www.cbc.ca/news/ canada/windsor/ windsor-ambassad or-bridge-block ade-fifth-day-1 .6347766"|10159559642083904|Geoff Kerr|2022-02-09 22:32:55|1|0|10159557061143904|facebook
the mandates are quite justified. And legal.|10159558914603904|Geoff Kerr|2022-02-09 22:33:01|1|0|10159557061143904|facebook
Disgraceful|10159558620063904|Roxanne Mackenzie|2022-02-09 22:32:50|0|0|10159557061143904|facebook
Top fan for g and m is a tattoo saying you're an idiot, lying media idiot supporter. You go Manfried|10159558041248904|Matt Piesse|2022-02-09 22:32:51|0|0|10159557061143904|facebook
#FOOLMEONCESHAME ONYOU #FOOLMETWICESHAM EONME|10159557130988904|Brent Whiteside|2022-02-09 22:32:51|0|0|10159557061143904|facebook
And if 5 people are extreme and 100M just disagree with mandates? No mandates. No required shots, no vac cards, no more shut downs. If that is extreme, and these extremists support that? Guess we are all “extremists”? The true extremists do not allow opposing view points. Not wearing a Mask or representation of fear. The whole mask and shot regime is Proven scientifically to be BS. The Wuhan lab hasnt stopped studying dangerous viruses… maybe start there. I could care less about their history. Sun Tzu: the enemy of my enemy is my ally! That doesnt change the efficacy issue or the overreach issue or the liberty issue. A Front? Fauci was a front man. Emails prove he knew this was engineered and came from the lab and he participated… that should upset the average person more than what you allege. A front for extremists? To accomplish what? Medical freedom? An open economy? Ending the mandate is a Right wing conspiracy? Thats ur argument? Okay dokie. Good luck.|10159557559418904|Scott Ben David|2022-02-09 22:33:05|1|0|10159557061143904|facebook
Robert Hume Trudeau, et al!|10159557489623904|Graham Jarvis|2022-02-09 22:32:53|1|0|10159557061143904|facebook
https:// www.rebelnews.co m/ givesendgo_says_ it_will_ignore_ ontario_court_o rder_to_freeze_ freedom_convoy_ funds|10159557500008904|Christopher C Little|2022-02-09 22:32:53|1|0|10159557061143904|facebook
A Small group of truckers are settling in at parliament. Does the Rest of Canada really Care? The answer is No! Recently they were hero’s for stocking our stores and keeping us in supplies. They Still Are! Only a few idiots in Ottawa trying to gain attention seems to get the News. Let’s not forget about all the many other truckers still out there day after day doing their job! Despite the blockages etc. We should remember and document those idiots in Ottawa and shut down any business with them in future so they know there are consequences. I’m all for free speech but their occupation is intolerable! Goodbye Freedom Convoy!|10159557163358904|Brian Warren|2022-02-09 22:32:51|0|0|10159557061143904|facebook
Where is the Infuriated emoticon?|10159570383188904|Jim Peters|2022-02-16 22:32:51|0|0|10159557061143904|facebook
👏🏻👏🏻👏🏻|10159557781388904|Kleber Junior|2022-02-09 22:32:50|0|0|10159557061143904|facebook
Shameful overreach. If they do this now, imagine what they’ll do once they’ve managed to eliminate non-digital transactions. ZERO transactions they don’t like|10159557901623904|Jim Peters|2022-02-09 22:32:50|0|0|10159557061143904|facebook
what a fkn bunch of leaches.|10159557096648904|Sarah Galvin|2022-02-09 22:32:50|0|0|10159557061143904|facebook
Are all these people dirty?|10159557350518904|Lee Choui|2022-02-09 22:32:50|0|0|10159557061143904|facebook
Nice one Ontario. Well done. Now just watch for the next scam the truckers start and shut that one down too.|10159557253883904|Jack Reacher|2022-02-09 22:32:50|0|0|10159557061143904|facebook
not shocked by your statement BC is the home of the dummy and power people from British Columbia aren't too smart anyway just like the people of Seattle can't get much more dumb and inbred than that|10159557696518904|Andrew Brown|2022-02-09 22:32:53|1|0|10159557061143904|facebook
Govt aggravated the problem!|10159557911943904|Richer Desalliers|2022-02-09 22:32:50|0|0|10159557061143904|facebook
Responsorial Psalm 119:9, 10, 11, 12, 13, 14 R. (12b) Lord, teach me your statutes. How shall a young man be faultless in his way? By keeping to your words. R. Lord, teach me your statutes. With all my heart I seek you; let me not stray from your commands. R. Lord, teach me your statutes. Within my heart I treasure your promise, that I may not sin against you. R. Lord, teach me your statutes. Blessed are you, O LORD; teach me your statutes. R. Lord, teach me your statutes. With my lips I declare all the ordinances of your mouth. R. Lord, teach me your statutes. In the way of your decrees I rejoice, as much as in all riches. R. Lord, teach me your statutes.  Alleluia Jn 10:27 R. Alleluia, alleluia. My sheep hear my voice, says the Lord; I know them, and they follow me. R. Alleluia, alleluia.|10159557597603904|Eric Lee Lemmons|2022-02-09 22:33:03|1|0|10159557061143904|facebook
please share with us your wisdom on antifa and Black lives matter And you illustrious leaders support of those idiots vs the peaceful Trucker protests in Ottawa … we are all waiting on pins and needles. 😝 Manfred… is that a Marxist name? Lol|10159557541963904|Scott Ben David|2022-02-09 22:32:53|1|0|10159557061143904|facebook
, a “top fan” of The Globe and Mail , everyone drop what they’re doing and listen to this man !|10159557588543904|John Shaw|2022-02-09 22:32:53|1|0|10159557061143904|facebook
Real news|10159557867548904|John Godfreyson|2022-02-09 22:33:03|1|0|10159557061143904|facebook
, don't know what a fact is ??|10159557779478904|Tom Edwards|2022-02-09 22:33:03|1|0|10159557061143904|facebook
and very Proud of Elons support for liberty!|10159557543943904|Scott Ben David|2022-02-09 22:33:03|1|0|10159557061143904|facebook
, look under fact !|10159557175033904|Tom Edwards|2022-02-09 22:33:03|1|0|10159557061143904|facebook
If Elon is a contributor, then he is obviously an alright guy who sees right through the politics and media garbage!!|10159557158423904|Shelley Owchar|2022-02-09 22:33:03|1|0|10159557061143904|facebook
still up and running moron…Ontario has no jurisdiction outside Ontario.|10159557603838904|Kevin Delecto|2022-02-09 22:32:53|1|0|10159557061143904|facebook
ya check their Twitter. Those whiners are having a blast|10159557146598904|Jay Jerkin|2022-02-09 22:33:02|1|0|10159557061143904|facebook
Every tyrannical tactic being used to not come to the table with their own citizens|10159561796138904|Lance Brizard|2022-02-16 22:32:50|0|0|10159557061143904|facebook
wow. Your views are ridiculous and your spelling terrible.|10159558913928904|Geoff Kerr|2022-02-09 22:33:00|1|0|10159557061143904|facebook
hilarious. He will get more votes because of this. He just guaranteed himself a majority.|10159558912908904|Geoff Kerr|2022-02-09 22:33:00|1|0|10159557061143904|facebook
spoken like a true authoritarian. Opposition must be crushed and not granted dialog|10159561798463904|Lance Brizard|2022-02-16 22:32:55|1|0|10159557061143904|facebook
not your money buddy|10159560262758904|Rod Fredrickson|2022-02-09 22:32:56|1|0|10159557061143904|facebook
The shoe that says the fools at this convoy are getting stuck with their own bills.|10159557317708904|Sue Barclay|2022-02-09 22:32:54|1|0|10159557061143904|facebook
I hate to break it to you but as soon as it is transferred into Canada it is seized. They can't ensure anything. They only think they can. Sit down.  https:// beta.ctvnews.ca/ local/toronto/ 2022/2/11/ 1_5778435.html|10159558917828904|Geoff Kerr|2022-02-09 22:32:55|1|0|10159557061143904|facebook
Sing Loud !!! we are the world so keep on living !! Spread lot's of Love and peace as the truckers are doing !! Tune into Ron Clark live downtown Ottawa !!|10159558684893904|Dwight Lamont|2022-02-09 22:32:55|1|0|10159557061143904|facebook
You seem to believe that the people are on your side.....|10159557346133904|David Fowler|2022-02-09 22:32:54|1|0|10159557061143904|facebook
The irony in this is astounding! These guys are protesting govco overreach and then govco pulls this? You’ve only served to strengthen their resolve.|10159557881438904|Bill Buffalo|2022-02-09 22:32:49|0|0|10159557061143904|facebook
What a move. The Sicilians are taking notes.|10159557146133904|Jack Massalski|2022-02-09 22:32:49|0|0|10159557061143904|facebook
Lol what a shock this is. Perhaps they will also ban stocking stuffers at Christmas time.|10159557170943904|Brad Salzberg|2022-02-09 22:32:49|0|0|10159557061143904|facebook
"they have control based on law. Unless the designate the truckers as a terrorist organization, and register them with Interpol as such, their hand would be tied. But this news has gone international, a few of the American state are already investigating ""Gofundme"", for violations. France and Brussels have already ban truckers protest, but that may be futile. Protests have already started. "" Anti-vaccine protesters rally in France, Germany, Austria, Italy More than 100,000 people marched across France against government’s plans to introduce a COVID-19 vaccine pass."" https:// www.aljazeera.co m/news/2022/1/ 9/ more-than-100000 -rally-in-franc e-against-covid -vaccine-rules"|10159557711953904|Michael H Stenz|2022-02-09 22:32:55|1|0|10159557061143904|facebook
He likely gained votes for his party.|10159557345383904|David Fowler|2022-02-09 22:32:54|1|0|10159557061143904|facebook
FORD IS FINISHED!|10159557561583904|Marco Paul Resendes DeMelo|2022-02-09 22:32:54|1|0|10159557061143904|facebook
Guess not. Just a coward with nothing heard but crickets. Hardly surprising. Ladies and Gentlemen, the coward has left the building.|10159559955988904|Geoff Kerr|2022-02-09 22:32:55|1|0|10159557061143904|facebook
And they have stated they will ignore the order.|10159557616993904|Peter McGregor|2022-02-09 22:32:49|0|0|10159557061143904|facebook
Hey coward....come on now....don't give up...tell me how CBC made up the mayor's quote...then tell me the Windsor Star did the same....then tell me how Newsweek also did the same. And how CNN used a voice altering device to have it seem like the mayor talked about tire irons on international television...co me on now...don't give up clown....or are you man enough to admit you were wrong?|10159559859143904|Geoff Kerr|2022-02-09 22:32:55|1|0|10159557061143904|facebook
"Newsweek, stupid. International media: ""It's very frustrating because people just want us to go in and flush everyone out, and there's a real threat of violence here,"" Windsor Mayor Drew Dilkens told CNN's Kate Bolduan. ""We've seen protestors come out with tire irons when the police attempted to tow a car. It could escalate very, very quickly.""  https:// www.newsweek.com / windsor-mayor-sa ys-blockade-not -cleared-due-re al-threat-viole nce-1678132  Need more, stupid?"|10159559840743904|Geoff Kerr|2022-02-09 22:32:55|1|0|10159557061143904|facebook
nope. You're the coward. Run and hide, coward.|10159559833998904|Geoff Kerr|2022-02-09 22:32:55|1|0|10159557061143904|facebook
"Windsor Star; ""The mayor, who is also chairman of the police services board, cited ohttps:// www.newsweek.com / windsor-mayor-sa ys-blockade-not -cleared-due-re al-threat-viole nce-1678132ne example of a protest vehicle attempting to park at the Assumption high school lot on Monday night and tow trucks were called in.  “The tow truck operator attempted to take the car away and then a bunch of these protesters went and got tire irons from the vehicles surrounding the vehicle,” Dilkens said. “Police had to de-escalate that situation. They had to negotiate to allow the car11 to leave as long as they agreed not to come1 back11 (to the Assumption lot).""  https:// windsorstar.com/ news/local-news/ police-doing-the ir-best-to-dees calate-protest- without-leading -to-violence-ma yor-says"|10159559832553904|Geoff Kerr|2022-02-09 22:32:55|1|0|10159557061143904|facebook
correction: you're done because you can't refute any points and you're trying to run and hide.|10159559829468904|Geoff Kerr|2022-02-09 22:32:55|1|0|10159557061143904|facebook
Unfortunately, the alternatives to vote for are far far worse.|10159558442463904|John Smith|2022-02-09 22:32:55|1|0|10159557061143904|facebook
Sing Loud !!! we are the world so keep on living !! Spread lot's of Love and peace as the truckers are doing !! Tune into Ron Clark live downtown Ottawa !!|10159558683073904|Dwight Lamont|2022-02-09 22:32:55|1|0|10159557061143904|facebook
actually it's the truckers that are cutting their own throats.|10159558900883904|Geoff Kerr|2022-02-09 22:32:55|1|0|10159557061143904|facebook
first of all, some already have been carrying tire irons. 2ndly, the mass of their numbers would overwhelm the protesters even unarmed. I don't think it will happen, but if you think they wouldn't obey orders, the pipe dream is yours.|10159558903118904|Geoff Kerr|2022-02-09 22:32:55|1|0|10159557061143904|facebook
"no, they did not. That was fake news. They have no ability to do that. Better look again. ""A spokesperson for the Minister of Defence told the Wall Street Journal on Thursday, “The Canadian Armed Forces are not involved in law enforcement in this situation, and there are no plans for such CAF involvement.” The Minister said that, not the army. Nice try and keep up that wishful thinking."|10159558910913904|Geoff Kerr|2022-02-09 22:32:55|1|0|10159557061143904|facebook
good, we'd love to see Ford gone in Ontario.|10159559016048904|Scott Verge|2022-02-09 22:32:55|1|0|10159557061143904|facebook
thief!|10159561798823904|Lance Brizard|2022-02-16 22:32:56|1|0|10159557061143904|facebook
What other shoe is that?|10159557276368904|Craig Elias|2022-02-09 22:32:54|1|0|10159557061143904|facebook
, what the devil are you talking about. Toronto is great. Both my adult children live minutes from downtown. I am a short distance from Toronto and like any big city it has a criminal element, but certainly does not affect the average Torontonian. I am not a Ford fan, as far as I am concerned he needs to say enough is enough to this utter nonsense happening. BTW, in case you are not aware, most of the money donated in support comes from the USA. Not difficult to check.|10159557900858904|Rena David|2022-02-09 22:33:00|1|0|10159557061143904|facebook
i listen to B.C.'s information ... You only got this one !!!|10159559847858904|Joanne Johnson-Meyers|2022-02-09 22:32:53|1|0|10159557061143904|facebook
they are dishonest. Deal with it. The protest was originally about the cross border unvaccinated trucker exemption being rescinded. The protest was organized within 2 weeks of the date it was repealed. Then it was labelled a protest regarding all mandates. If it was a protest against all mandates for the benefit of all Canadians, why didn't it happen 2 years ago when people started losing their jobs? The protest is a SHAM about losing rights THAT WERE NEVER LOST, DIMINISHED, OR IN DANGER. You're a pawn in a dishonest, misdirected hijacked protest.|10159557921498904|Geoff Kerr|2022-02-09 22:32:53|1|0|10159557061143904|facebook
Y’es so good to see👍|10159557941333904|Lori Carnegie Evans|2022-02-09 22:32:53|1|0|10159557061143904|facebook
That's cute.|10159557346923904|David Fowler|2022-02-09 22:33:00|1|0|10159557061143904|facebook
You deal with it was never about just truckers I’m a pawn we’ll that is what the liberal government has made us into. What do you are and have been all along. THE EMPORER HAS NO CLOTHES. Another one that suits you propaganda pushers the pot calling the kettle black.|10159557972633904|Philip Hanna|2022-02-09 22:32:53|1|0|10159557061143904|facebook
This is a call for all American Truckers! Please stop and block whatever state line you are near too. If all the Interstates are blocked, change will be forced on the Government! God bless America, and God bless Canada!🇺🇸|10159558244703904|Standridge Samuel|2022-02-09 22:32:49|0|0|10159557061143904|facebook
I really hope they do. They will need it for their lawyers.|10159559827433904|Garry Dean|2022-02-09 22:32:59|1|0|10159557061143904|facebook
it will happen.|10159559821453904|Nancy Forsyth Creagh|2022-02-09 22:32:59|1|0|10159557061143904|facebook
Robin Kerns certainly no one ... Parked in ottawa bud ....|10159558267578904|Joanne Johnson-Meyers|2022-02-09 22:32:53|1|0|10159557061143904|facebook
Ha ha Manny, we have it secured once again 😃 maybe the 3rd time you Commies can try and Fail hard all over again 😃 HONK HONK !|10159558295943904|John Macdonald|2022-02-09 22:32:53|1|0|10159557061143904|facebook
obviously you are the lunatic.They are trying to keep Canada a free country.We let this government get away with controlling us who knows what else they’ll do.Stop being a whimp and stand up for what’s right or else go to a communist country.People like you have no place here|10159559295593904|Emma Vaneck|2022-02-09 22:32:53|1|0|10159557061143904|facebook
Shane Doug Ford mandate vaccine|10159557235743904|Massia A Tracy|2022-02-09 22:32:58|1|0|10159557061143904|facebook
Cut off all financial aid to this Convoy and send money to worthwhile causes like clean water for the Indigenous and other groups who|10159563118138904|Pauline Loughton|2022-02-16 22:32:49|0|0|10159557061143904|facebook
The truckers are patsies for extreme right wingers who have used them as a front for validation. Useful idiots is what Stalin called these types. And remember, no truckers union or association has endorsed this, in fact all oppose what’s happening.|10159557155618904|David Balcon|2022-02-09 22:32:57|1|0|10159557061143904|facebook
Is this satire?|10159557821763904|Ray Williams|2022-02-09 22:32:49|0|0|10159557061143904|facebook
Twitter: “GiveSendGo. Know this! Canada has absolutely ZERO jurisdiction over how we manage our funds here at GiveSendGo. All funds for EVERY campaign on GiveSendGo flow directly to the recipients of those campaigns, not least of which is The Freedom Convoy campaign. 8:01 PM • Feb 10, 2022”|10159559768888904|Donald Mark Adams|2022-02-09 22:32:49|0|0|10159557061143904|facebook
what American dollars|10159557205543904|Philip Hanna|2022-02-09 22:32:58|1|0|10159557061143904|facebook
Desperate times call for desperate measures...|10159557120383904|SteveR Hunter|2022-02-09 22:32:49|0|0|10159557061143904|facebook
Democracy without protest is Dictatorship.|10159560460053904|Whistler Borrelia|2022-02-09 22:32:49|0|0|10159557061143904|facebook
All these media posts are attempts to reframe people's perception of these protests and to normalize standing up for freedoms and human rights as a negative thing. Their new normal! Go truckers|10159560145428904|Ivan Nicholas|2022-02-09 22:32:49|0|0|10159557061143904|facebook
I'm surprised it took them this long. The people spoke in the last federal election, September 20th 2021, less than 5 months ago. Unless the opposition decides to bring down the government we are looking at being lead by Liberals and Trudeau until the fall of 2025, I believe. This folks is anarchy, not democracy, on display here.|10159561389593904|John Miles|2022-02-16 22:32:49|0|0|10159557061143904|facebook
In fact, a really good idea.|10159558652608904|Martha Mcintosh|2022-02-09 22:32:57|1|0|10159557061143904|facebook
Carolyn, good idea.|10159558651188904|Martha Mcintosh|2022-02-09 22:32:57|1|0|10159557061143904|facebook
if I see a real (working) trucker … I will definitely buy him or her lunch ✔️|10159558627883904|Carolyn Harvey|2022-02-09 22:32:57|1|0|10159557061143904|facebook
🤣🤣🤣  https:// youtu.be/ Z0YIJQ1jgEI|10159557151428904|Jason Godin|2022-02-09 22:32:54|1|0|10159557061143904|facebook
Good job COURT|10159558129613904|Guzman Juan|2022-02-09 22:32:51|0|0|10159557061143904|facebook
