﻿comment|comment_ids|username|datetime|isreply|num_replies|post_id|label
Remember that time they arrested 10 Indigenous protesters for setting up a teepee? Unreal the kid gloves these guys are being treated with. I am fine with the right to protest. The right to not abide by any city ordinances (noise, idling, blocking main roads) is an issue. There is a guy with a literal train horn blowing it at all hours. How is that person not arrested? Because these protestors are scary? Well if they are 'scary' then all the more reason to deal with them.|10159542046238904|Scott Downer|2022-02-02 23:31:37|0|7|10159541983803904|facebook
I think if Justin Trudeau would lose the hateful rhetoric and meet with representatives , this would go a long way to solving this.|10159542112048904|Pat Welsh Ottenbreit|2022-02-02 23:31:37|0|6|10159541983803904|facebook
Its upto the mayor but start ticketing and towing.|10159542028443904|David Wale|2022-02-02 23:31:37|0|6|10159541983803904|facebook
This is so embarrassing for the Country, it’s an insult to call this a protest|10159542289533904|David Szy|2022-02-02 23:31:37|0|5|10159541983803904|facebook
that doesn’t make sense|10159542043443904|Jackie Jean|2022-02-02 23:31:40|1|4|10159541983803904|facebook
Why would there be violence? They are being asked to leave, if they won't do so then the police have every right to remove them. The only violence would be caused by them resisting arrest.|10159542604053904|Scott Downer|2022-02-02 23:31:39|1|4|10159541983803904|facebook
As soon as the mandates are lifted|10159542044528904|Rami Diab Marzouk|2022-02-02 23:31:45|1|3|10159541983803904|facebook
Anyone but Trudeau.|10159542073588904|Michael Curry|2022-02-02 23:31:45|1|3|10159541983803904|facebook
arresting the driver first is a good start. No more honking and no more idling.|10159542281383904|Scott Downer|2022-02-02 23:31:39|1|2|10159541983803904|facebook
stop spreading misinformation https:// atlantic.ctvnews .ca/ new-poll-suggest s-majority-of-c anadians-want-c ovid-19-restric tions-to-end-1. 5765223|10159542205838904|Cory Whitehead|2022-02-02 23:31:44|1|2|10159541983803904|facebook
The police chief forgets that he commands the larger gang and should flex his muscle. Enough go home or to jail.|10159542095633904|William OW Perry|2022-02-02 23:31:38|1|2|10159541983803904|facebook
https:// www.google.com/ url?sa=t&source= web&rct=j&url=h ttps%3A%2F%2Fth econversation.c om%2Famp%2Fmajo rity-of-canadia ns-disagree-wit h-freedom-convo y-on-vaccine-ma ndates-and-lock downs-176323&ve d=2ahUKEwjMvPi7 4uv1AhXQJjQIHfi wDwwQFnoECCoQAQ &usg=AOvVaw3oON XL-MSrR2bz_znPC GPp|10159550200878904|Jim Preyde|2022-02-09 23:31:44|1|2|10159541983803904|facebook
They need to go.|10159542036858904|Ashley Faller|2022-02-02 23:31:37|0|2|10159541983803904|facebook
Hey I hope they stay for weeks on end if not months. They will lose tons of money and possibly not be hired by any company to haul their merchandise. Ticket these fools for horn blowing. In fact ticket everyone of them if they continue to. 100.00 a day should do the trick. Also they have to pay that fine before they leave or else have their rig impounded. The city should sue the truckers and businesses who have had to close their businesses because of this protest should sue the truckers also. Aldo the go fund me organization should be sued also. I will wait now for the crazies to attack.. lol|10159542104543904|Edward Ruberto|2022-02-02 23:31:37|0|2|10159541983803904|facebook
They should be running out of gas/fuel soon. Good luck finding a gas station in centertown.|10159542059648904|Pat Courtenay|2022-02-02 23:31:37|0|2|10159541983803904|facebook
My prayers and sincere condolences to the residents within earshot of these misguided truckers and their horns. If they cared so much about personal freedoms being violated, why are they impinging on the freedom (and sanity) of those innocent families who are at the mercy of this occupation?|10159542110613904|Brenda Szewc Bianchi|2022-02-02 23:31:37|0|2|10159541983803904|facebook
Answer to the Canadian people that have asked for Freedom of Choice and this would be over. Informed Choice and Consent is a WinWin.|10159542079463904|Darlene Dove|2022-02-02 23:31:37|0|2|10159541983803904|facebook
The army had Big toe trucks.|10159542103143904|William OW Perry|2022-02-02 23:31:51|1|2|10159541983803904|facebook
, Can't believe how many people think this country is being run by a incapable leader. 🤦🏻‍♂️🙄🤷🏻‍♂️|10159543074828904|Sylvain Pelletier|2022-02-02 23:31:44|1|1|10159541983803904|facebook
but businesses are already closed due to lockdowns|10159542115038904|Lefko Mike|2022-02-02 23:31:42|1|1|10159541983803904|facebook
Boy...must be nice to be disconnected from reality..|10159544273748904|Tony Papa|2022-02-02 23:31:52|1|1|10159541983803904|facebook
better than antifa and blm if they were there. there would be riots, destruction|10159542644908904|Tom Gillis|2022-02-02 23:31:43|1|1|10159541983803904|facebook
however they aren't there,|10159543554998904|Peter Van Veggel|2022-02-02 23:31:43|1|1|10159541983803904|facebook
have the coward of the country come out of hiding under the rock he chose ? and face the problems he has created . including the hi cost of fuel that results in the high cost of groceries and cost of living.|10159542173658904|Peter Mesi|2022-02-02 23:31:37|0|1|10159541983803904|facebook
That would be true only if these protesters were rational and reasonable.|10159542139163904|Michael Suksi|2022-02-02 23:31:44|1|1|10159541983803904|facebook
I hate to tell you but no one cares except for you legends in your own minds. Far more Canadians side with PM Trudeau's mandates. Tant pis. C'est la vie.|10159542183123904|Joanne Ryan|2022-02-02 23:31:44|1|1|10159541983803904|facebook
Trudeau needs to be oust from his party, parliament members wake up|10159542189873904|Marinella Gonzalez|2022-02-02 23:31:37|0|1|10159541983803904|facebook
Can't believe how many people think this country is being run by a capable leader|10159542590398904|Vicki Baulch|2022-02-02 23:31:44|1|1|10159541983803904|facebook
Is the organizer actually there? Because let's face it - she seriously played the truckers.|10159542036958904|Chrys Kaloudis|2022-02-02 23:31:37|0|1|10159541983803904|facebook
you are barking up the wrong tree!|10159542099218904|William OW Perry|2022-02-02 23:31:45|1|1|10159541983803904|facebook
Seems like he doesn’t want this resolved. He is such an embarrassment.|10159543934618904|Roberta Hall|2022-02-02 23:31:44|1|1|10159541983803904|facebook
What about the 2020 pipeline protests? Many politicians were saying it was their right to close down the railways throughout Canada for months. And now against this. Picking and choosing your protesters? Doesn't work that way.|10159542133613904|Daniel Lavigne|2022-02-02 23:31:37|0|1|10159541983803904|facebook
the article I posted even acknowledged that the support for ending mandates had risen 15% in just 2 weeks from 39% to 54%.|10159550209518904|Cory Whitehead|2022-02-09 23:31:44|1|1|10159541983803904|facebook
Let me get this straight. We now no longer enforce laws because it might be risky and irritate criminals. Yet this nonsense is supported by the Conservatives. I guess they are the law and order party unless the criminals are their voters.|10159542222453904|Andrew Karvonen|2022-02-02 23:31:37|0|1|10159541983803904|facebook
You have informed choice and consent. Choices come with consequences. Live with it. Enough of this nonsense of pretending you can dissolve the government and take over ruling the country. Ridiculous.|10159542179943904|Alex Buchanan|2022-02-02 23:31:47|1|1|10159541983803904|facebook
Trudeau needs to go!|10159542058303904|Michael Curry|2022-02-02 23:31:45|1|1|10159541983803904|facebook
Let them rot in their own excrement!! They love listening to their BS freedom protest anyway!!|10159542116303904|Susan Larocque|2022-02-02 23:31:37|0|1|10159541983803904|facebook
well do tell…. Where does one protest federal mandates?|10159542065828904|Michael Curry|2022-02-02 23:31:45|1|1|10159541983803904|facebook
Even if Trudeau lifted these federal mandates the US would require Canadian truckers to have covid passports to enter the US.|10159542073303904|Ashley Faller|2022-02-02 23:31:45|1|1|10159541983803904|facebook
Ya and who is going to replace him?|10159542059083904|Ashley Faller|2022-02-02 23:31:45|1|1|10159541983803904|facebook
|10159543077178904|Vicki Baulch|2022-02-02 23:31:44|1|1|10159541983803904|facebook
well said, because predominantly white it’s okay. Give me a break, if these were native the law would be in all guns blazing|10159542286653904|Carl Anthony Martinez|2022-02-02 23:31:39|1|1|10159541983803904|facebook
They have arrested 3 so far, still more investigations ongoing.|10159542147488904|Pat Courtenay|2022-02-02 23:31:39|1|1|10159541983803904|facebook
Enforcement now!|10159542101668904|Jeanette Durzi|2022-02-02 23:31:37|0|1|10159541983803904|facebook
go on big guy, are you trying to initiate some violence, the police in Ottawa have publicly stayed there has been no confrontation due to truckers and protestors, just a couple goofs who live in Ottawa, they had no home to go to and neither held a job. Not like those truckers who are mostly paying from their own pocket not like you who probably either work for or get from or possibly have the couch job of staying at home working give it a break mr hypocrites 🙄|10159542599798904|Peter Van Veggel|2022-02-02 23:31:39|1|1|10159541983803904|facebook
i dont think they are from the convoy ?????|10159542163183904|Rino Michaud|2022-02-02 23:31:39|1|1|10159541983803904|facebook
Stay the course hold the line!!!!!!|10159542040023904|Jackie Jean|2022-02-02 23:31:37|0|1|10159541983803904|facebook
it is 100% Canadian. Every race, religion and Ethnicity is represented there. I suggest you stop with hate speech.|10159543579448904|Jon Boot|2022-02-02 23:31:39|1|1|10159541983803904|facebook
They just repeat things the media tells them too… she doesn’t know what it means and doesn’t care.|10159542064833904|Michael Curry|2022-02-02 23:31:40|1|1|10159541983803904|facebook
They also don’t understand that large trucks are powerful and not as easy to tow as a car|10159542143118904|Samuel Gagnon|2022-02-02 23:31:38|1|1|10159541983803904|facebook
great dog whistle|10159542042293904|Ashley Faller|2022-02-02 23:31:40|1|1|10159541983803904|facebook
Apparently Trudeau already choked in his own excrement. His mistake. He didnt get vaccinated against Coward - 19|10159542948618904|Richard Husar|2022-02-02 23:31:41|1|0|10159541983803904|facebook
Exactly. Not understanding that Freedom is not doing what you want, when you want, how you want with no consideration to how that might affect others (or not caring); and then demanding that their be no consequences to you for your decisions. This is NOT freedom. It is Adolescence. Freedom includes accepting your obligations and responsibilitie s for your actions and decisions. Freedom includes understanding and accepting that sometimes you can't always have / do what you want.|10159542243053904|Kathy Geiger|2022-02-02 23:31:47|1|0|10159541983803904|facebook
This is brutal|10159544150538904|Maria Barnes|2022-02-02 23:31:37|0|0|10159541983803904|facebook
Exactly! Those criminals in the government should have been removed long time ago|10159542944493904|Richard Husar|2022-02-02 23:31:48|1|0|10159541983803904|facebook
No negotiating with terrorists|10159544270038904|Tony Papa|2022-02-02 23:31:47|1|0|10159541983803904|facebook
The Liberals have to leave and their leader Trudope.|10159544253153904|Ian Sim|2022-02-02 23:31:37|0|0|10159541983803904|facebook
you should go help deal with them go tell the protesters what you think of them Ill be there Saturday look me up or will you hide like the other coward JT|10159542167353904|Paul Sammut|2022-02-02 23:31:39|1|0|10159541983803904|facebook
although they allow First Nations railroad blockades to go on for weeks.|10159542226713904|Mark Just|2022-02-02 23:31:39|1|0|10159541983803904|facebook
The Ottawa police are an embarrassment|10159542656858904|Peter Spearman|2022-02-02 23:31:37|0|0|10159541983803904|facebook
"those residents have a ""choice"" to stay there. They can go rent a hotel room on the other side of Ottawa if they are that concerned. Being temporarily displaced is a better ""choice"" than having to choose between your job and an experimental injection."|10159543582848904|Jon Boot|2022-02-02 23:31:47|1|0|10159541983803904|facebook
Next time they should think twice before electing totalitarian lunatic. Truckers will stay until mandates are down I guarantee you that.|10159542941723904|Richard Husar|2022-02-02 23:31:47|1|0|10159541983803904|facebook
I guess we no longer enforce laws because the criminals might get upset.|10159542228848904|Andrew Karvonen|2022-02-02 23:31:39|1|0|10159541983803904|facebook
So for 2 years it was okay, now it’s not? What changed? And 80% are vaxxed. Seems they are okay with Covid measures so far. But now it’s about freedom, and mandates.|10159542190753904|Chuck Cooper|2022-02-02 23:31:37|0|0|10159541983803904|facebook
You can start with giving us our rights back as is supposed to be protected under our constitution and The Canadian Charter of rights and freedoms.|10159542571348904|Shawn Wayne Dubois|2022-02-02 23:31:37|0|0|10159541983803904|facebook
And not for the first time!|10159550365338904|Kathy Parsons|2022-02-09 23:31:46|1|0|10159541983803904|facebook
"Admitting the double standards would require the ""most tolerant and educated"" side to admit they're wrong."|10159542149063904|Lukasz Suckiel|2022-02-02 23:31:49|1|0|10159541983803904|facebook
They will get the supplies. Dont you worry|10159542945468904|Richard Husar|2022-02-02 23:31:49|1|0|10159541983803904|facebook
They are being supplied by the Wexit Party.|10159542063408904|John Currie|2022-02-02 23:31:49|1|0|10159541983803904|facebook
They have a village with all equipments they need corner Vanier parway and Conventry beside the Hotel and baseball stade. So if you could cut that spot maybe.|10159542089883904|Jacques Marengere|2022-02-02 23:31:49|1|0|10159541983803904|facebook
We don't nedotiate with deluded terrorists|10159544280173904|Tony Papa|2022-02-02 23:31:52|1|0|10159541983803904|facebook
you must be reffering to JT|10159544278633904|Peter Mesi|2022-02-02 23:31:52|1|0|10159541983803904|facebook
totally agree with you! Well said.|10159542107843904|Philip Standard|2022-02-02 23:31:38|1|0|10159541983803904|facebook
Johnny Hanson why were people from India blocking tracks?|10159542108338904|Philip Standard|2022-02-02 23:31:38|1|0|10159541983803904|facebook
you need a wake up call . that is the last thing needed is that side of the coin being dropped ,then our what is left of our Canada is gone for ever .|10159542175888904|Peter Mesi|2022-02-02 23:31:51|1|0|10159541983803904|facebook
a tuck also can tow a tow truck. Sooo… it is totally useless|10159542151683904|Samuel Gagnon|2022-02-02 23:31:51|1|0|10159541983803904|facebook
they tried to get the trucks towed in Alberta and it didn’t go to well. The tow truck companies sided with the protestors|10159542142463904|Ron Closs|2022-02-02 23:31:51|1|0|10159541983803904|facebook
You mean that the they blockaded the railway and blocked the fairy terminal? Oh but that fits the Libral Agenda so it's fine right?|10159542128863904|Cary Mackenzie|2022-02-02 23:31:38|1|0|10159541983803904|facebook
Yes. He has the larger and better equipped gang. Enough is enough.|10159542101308904|William OW Perry|2022-02-02 23:31:51|1|0|10159541983803904|facebook
too bad all major tow truck operators have covid|10159542069788904|Randy Gaunt|2022-02-02 23:31:51|1|0|10159541983803904|facebook
NO, it is the function of the Police.|10159542062663904|John Currie|2022-02-02 23:31:51|1|0|10159541983803904|facebook
David would like to be locked down and wear a mask forever… he needs more instructions from government. Don’t be like David. 🐑|10159542061773904|Michael Curry|2022-02-02 23:31:51|1|0|10159541983803904|facebook
He won't cause he can't win sorry you got the wrong Canadians shows of force will not scare us away.|10159542130213904|Cary Mackenzie|2022-02-02 23:31:38|1|0|10159541983803904|facebook
Police were recorded bringing boxes upon boxes of chems to a building on Spark street. Should make for an eventful weekend 🤷🏻‍♀️|10159542190513904|Josée Labelle|2022-02-02 23:31:37|0|0|10159541983803904|facebook
This is outrageous, and now the convoys want to wreck our lives in downtown Toronto, too. Enough is enough. They've been heard, it's time to go home.|10159542467623904|Jennifer Palin|2022-02-02 23:31:37|0|0|10159541983803904|facebook
What a failure Ottawa police you should have take precautions before and stop these trucks before entering The Hill.|10159542615943904|Yves Bouchard|2022-02-02 23:31:37|0|0|10159541983803904|facebook
No negotiating with terrorists. Trudeau and the Premieres will never yield to violent attackers and terrorists.|10159544272348904|Tony Papa|2022-02-02 23:31:50|1|0|10159541983803904|facebook
You must one of Trudeau Castro Body|10159542133003904|Rino Michaud|2022-02-02 23:31:38|1|0|10159541983803904|facebook
Don't know, the police haven't said yet.|10159542229668904|Pat Courtenay|2022-02-02 23:31:39|1|0|10159541983803904|facebook
I agree 💯.|10159542493408904|Ken Horzempa|2022-02-02 23:31:46|1|0|10159541983803904|facebook
hopefully not Freeland. Her close ties to Soros are troubling. At least JT is an idiot and easy to read.|10159542092568904|Kyle Fingland|2022-02-02 23:31:45|1|0|10159541983803904|facebook
Unfortunately that's what the police is, violence against citizens. Covid has been with us for more than 2 years so move on with your life.|10159542196828904|Rami Diab Marzouk|2022-02-02 23:31:45|1|0|10159541983803904|facebook
Yup. The double standard is quite evident. In KKKanada there is only one white way to protest.|10159544439288904|Jay Man|2022-02-02 23:31:39|1|0|10159541983803904|facebook
Yes. Enforcement needs to take down that totalitarian lunatic Trudeau the blackface|10159542942913904|Richard Husar|2022-02-02 23:31:39|1|0|10159541983803904|facebook
Why would anyone waste their time meeting with these people? MP's have better things to do.|10159542188813904|Ryan Moss|2022-02-02 23:31:44|1|0|10159541983803904|facebook
I guess we will never know since Trudeau remains hidden.|10159542182298904|Luisa Digennaro|2022-02-02 23:31:44|1|0|10159541983803904|facebook
if you don't know what I m saying then you shouldn't be using this term.|10159542045998904|Ashley Faller|2022-02-02 23:31:40|1|0|10159541983803904|facebook
Just let their wee porta-potties fill up. LOL I'm kind of wondering about their definition of 'tyranny' but doubt they get the irony.|10159542154878904|Joanne Ryan|2022-02-02 23:31:37|0|0|10159541983803904|facebook
Just need Trudeau to come out of hiding and try to negotiate with the truckers. He’s not helping anything by avoiding the people who are there to discuss dropping all mandates. I would love to know who he is really working for.|10159543963373904|Roberta Hall|2022-02-02 23:31:43|1|0|10159541983803904|facebook
just a comparison to show the difference from idiots to true canadians and how lucky they are|10159543852103904|Tom Gillis|2022-02-02 23:31:43|1|0|10159541983803904|facebook
It's an insult that you think you are a Canadian. Canadians love freedom. Move to China.|10159543113093904|Angie Smith|2022-02-02 23:31:43|1|0|10159541983803904|facebook
I was thinking it's an insult to support a prime minister who is demonizing their own citizens .Thats a dictator and you're obviously complacent with it so that looks really good on you sir Supporting Trudeau is embarrassing Don't you think it's odd that he tried to help a protest in India by truckers and then he runs away from his own truckers. Define embarrassing David?|10159542957523904|Patrick Nowlan|2022-02-02 23:31:43|1|0|10159541983803904|facebook
Or its a white supremacy term used by right wing extremist like proud boys, and was used at times like when they attacked the Capital Building on Jan 6 th, but you know that don't you.|10159542079623904|Ashley Faller|2022-02-02 23:31:40|1|0|10159541983803904|facebook
I feel it a great thing when you get 50% or more canadins on side. Did you know less than 10% of the Canadian vote voted JT in .  He's the frindge and so ate you. . Time to wake t f up|10159542590183904|Peter Van Veggel|2022-02-02 23:31:43|1|0|10159541983803904|facebook
not at all embarrassing.|10159542577308904|Vicki Baulch|2022-02-02 23:31:42|1|0|10159541983803904|facebook
Interesting to see all the laughing emojis...|10159542157323904|Ashley Faller|2022-02-02 23:31:40|1|0|10159541983803904|facebook
Fighting for freedom and your taking freedom away from people in ottawa|10159542154503904|Gale Stewart|2022-02-02 23:31:37|0|0|10159541983803904|facebook
Not all businesses. Yes bars were closed and restaurants were take out or delivery only and of course hair salons. But most businesses were open. So actually these truckers are causing businesses to stay closed because people can’t drive downtown the City streets are blocked. That by the way is against the law. You cannot block a public street or ride. The people running the city of Ottawa and the Premier are being to nice. Enough is enough move these people out.|10159542154893904|Edward Ruberto|2022-02-02 23:31:42|1|0|10159541983803904|facebook
in an alternative reality. It is possible|10159542145948904|Samuel Gagnon|2022-02-02 23:31:42|1|0|10159541983803904|facebook
so do you want your applause now or later for being the sole reason 100% of this society have had to live with restrictions?  When?|10159542160608904|Darren Öhrn|2022-02-02 23:31:40|1|0|10159541983803904|facebook
Now that's a really silly argument Co-Co. Of course people want the restrictions to end. Doesn't mean they don't feel they're important. Sometimes I just gotta shake my head........|10159542552713904|Joanne Ryan|2022-02-02 23:31:44|1|0|10159541983803904|facebook
After 2 years of lock-downs, limiting freedom of movement of the Canadian people for what are proving to be ineffective and harmful shots, this unfortunately is what it is taking to get Canadians to wake-up and see they have deceived, the real plan is to limit democracy and the Freedom of Choice. That the WinWin here is to drop the mandates, put public health first, release early treatments, known this is an endemic flu-like virus that can be treated at home. End the fear-mongering. Stop calling people that stand for true Canadian values as a Far Right Hate Group. It is laughable if this were not being pushed by our PM. The PM has under-estimated the people of Canada.|10159544327233904|Darlene Dove|2022-02-02 23:31:39|1|0|10159541983803904|facebook
Oh Rami get a life. The police have the bigger gang and should exercise their muscle|10159542098213904|William OW Perry|2022-02-02 23:31:45|1|0|10159541983803904|facebook
what a bunch of punks. These ‘truckers’ are the ones with the hateful rhetoric. Gtfo you deviant troll.|10159543186218904|Matty Mac|2022-02-02 23:31:44|1|0|10159541983803904|facebook
what line. What I see is a bunch of malcontents that should go home. Wait they have no money....sad|10159543650393904|William OW Perry|2022-02-02 23:31:40|1|0|10159541983803904|facebook
but who? Who would you pick?|10159542081508904|Ashley Faller|2022-02-02 23:31:45|1|0|10159541983803904|facebook
the police have clearly stated that this protest is within the law and is non violent.|10159543566478904|Peter Van Veggel|2022-02-02 23:31:39|1|0|10159541983803904|facebook
"the police chief does not command the larger gang. He is smart enough to realize he will be the one responsible for starting a civil war and that half of his ""gang"" will switch sides."|10159543577368904|Jon Boot|2022-02-02 23:31:39|1|0|10159541983803904|facebook
hey good marksman scared of needles|10159542059433904|Merle B Peter-paul|2022-02-02 23:31:45|1|0|10159541983803904|facebook
If this was actually about the mandates you would not be protesting at the Parliament Building.|10159542058863904|Ashley Faller|2022-02-02 23:31:45|1|0|10159541983803904|facebook
hate speech ? Look at yourself When native people blocked road access Cops were straight in removing them|10159543600768904|Carl Anthony Martinez|2022-02-02 23:31:39|1|0|10159541983803904|facebook
https:// indiancountrytod ay.com/.amp/ news/ police-move-in-o n-wetsuweten-te rritory|10159543601013904|Carl Anthony Martinez|2022-02-02 23:31:39|1|0|10159541983803904|facebook
Just one sample|10159543601278904|Carl Anthony Martinez|2022-02-02 23:31:39|1|0|10159541983803904|facebook
"Cory we ALL want to see mandates ended. Just not prematurely. The article I posted deals with a ""protest"" that sends a mob to ottawa to threaten, intimidate and harass an elected government to bend to its own agenda. There's a word for that, Cory."|10159550214868904|Jim Preyde|2022-02-09 23:31:44|1|0|10159541983803904|facebook
Will you be part of it..,?|10159543645658904|William OW Perry|2022-02-02 23:31:39|1|0|10159541983803904|facebook
lol Jan4-10th is when your articles sample was taken. That predates the convoy by a month but nice article presenting misinformation.|10159550204478904|Cory Whitehead|2022-02-09 23:31:44|1|0|10159541983803904|facebook
Ernie Scar they are not from India. The are our Indigenous people. They were called “Indians” because early explorers thought they had landed in India. The term “Indian” for our native Indigenous people is very outdated. Indians come from India.|10159543715393904|Philip Standard|2022-02-02 23:31:39|1|0|10159541983803904|facebook
Actually, the new Conservative interim leader was quoted this week as saying the Conservatives don’t want it to end… so they can make Trudeau look bad. She wrote it in an email. That’s playing politics with this very important issue.|10159544400628904|Michael Suksi|2022-02-02 23:31:44|1|0|10159541983803904|facebook
who is their leader ? Patrick King, Ben Richter or Kurt Philips maybe ???|10159544035083904|Dana McConkey|2022-02-02 23:31:44|1|0|10159541983803904|facebook
No negotiating with terrorists|10159544269193904|Tony Papa|2022-02-02 23:31:39|1|0|10159541983803904|facebook
Res ipsa loquitor darlin'...... https:// www.usnews.com/ info/blogs/ press-room/ articles/ 2021-04-13/ canada-is-the-no -1-country-in-t he-world-accord ing-to-2021-bes t-countries?fbc lid=IwAR1TV1bs8 NbUxVK2fne_gtsv kneYUSPbhI4mgvh F-QtUjYy1WWRaCT _vZ-U|10159543204058904|Joanne Ryan|2022-02-02 23:31:44|1|0|10159541983803904|facebook
Must be nice to never have to work again.|10159542061628904|John Currie|2022-02-02 23:31:37|0|0|10159541983803904|facebook
