﻿comment|comment_ids|username|datetime|isreply|num_replies|post_id|label
"Except these aren't a legitimate form of ""protest"" To refer to them as protests bestows a legitimacy on them they do not deserve. These ""protests"" are neither legal or legitimate. What we have is a foreign influenced, well funded insurrection with the aim of removing the government and creating instability. Covid mandates and public health orders were used as a cover to conceal what these protests are really about. They are the last gasp of white nationalists and racists tossing a temper tantrum over the election result. This insurrection has the full support of Her Majesty's Loyal Opposition whose only loyalty is to their party. This action wouldn't have been necessary if incompetent conservative premiers had just done their job."|10159565286863904|Kristen Thomlinson|2022-02-16 18:59:47|0|10|10159565229473904|facebook
Nigeria 2.7% Double Vaxxed Canada 81% Double Vaxxed  Canada 3.19 Million Cases 35,470 Deaths 1.1% Canada Population 38.01 Million Nigeria 254,000 Cases 3,141 Deaths 1.2% Nigeria Population 214,391,267  still scratching my head on that one. Independent research!|10159565268983904|Dave Buote|2022-02-16 18:59:47|0|3|10159565229473904|facebook
do you have the same stance for the pipeline protests?.... asking for a friend|10159565295338904|Michael Hunter|2022-02-16 18:59:51|1|2|10159565229473904|facebook
so people must be dying in the streets? Hospitals full? Graves everywhere?|10159566196218904|Dave Buote|2022-02-16 18:59:57|1|2|10159565229473904|facebook
THIS IS NOT JUSTIFIED, IF THE TYRANT HAD JUST GONE AND TALKED WITH THEM FROM THE BEGINNING INSTEAD OF ACTING LIKE A SPOILED CHILD RUNNING , HIDING AND POUTING THIS WOULD NEVER HAVE GOTTEN THIS FAR, HE IS A NARCICISTIC DISASTER AND SHOULD RESIGN AND OR REMOVED FROM POWER, THERE ARE SERIOUS PSYCOLOGICAL PROBLEMS EVIDENT HERE|10159566256838904|Distasi Mich|2022-02-16 18:59:47|0|2|10159565229473904|facebook
so why is the death rate the same in Nigeria? With 2.7% double Vax genius?|10159566180083904|Dave Buote|2022-02-16 18:59:57|1|1|10159565229473904|facebook
So Here are 3 more countries.. Its becoming pretty clear.. The death rate is similar across the globe. Regardless of vax status! What a shocker!!! My second part of this exercise will be to compare global death rates and previous influenza outbreaks!  Spin Spin Spin!  France 54.8% Double Vaxxed France 415 Million Cases 5.84 Million Deaths 1.4% France Population 67.39 Million  USA 64.7% Double Vaxxed USA 78 Million Cases 924,000 Deaths 1.18% USA Population 331,893,745  India 54.8% Double Vaxxed India 42.7M Cases 510,000 Deaths 1.19% population 1.3 billion|10159566154653904|Dave Buote|2022-02-16 18:59:57|1|1|10159565229473904|facebook
Yup! Time to change the laws around protests! But we need to change the PM, reality he's the problem|10159565527223904|Richard Brown|2022-02-16 18:59:47|0|1|10159565229473904|facebook
Justified? Hilarious. Trudeau walked out while the House in session. Now, he thinks the EA will help? The world is laughing.|10159565268248904|Grace Siglos|2022-02-16 18:59:47|0|1|10159565229473904|facebook
active use of hydroxy chloroquine across the continent... could be anything. But to look at our year end death tallies not being released for 2 years and the totals deaths did not increase the 2.2% projected year over year without covid let alone with and think we have all the information or nothing is being hidden is naive|10159565672693904|Sandra Salanki|2022-02-16 18:59:57|1|1|10159565229473904|facebook
maybe you should move to a country that has a dictatorship. Where you have zero rights. And people get thrown in prison for saying things against the government. Then you will realize how easy you do have it here.|10159565498423904|Garry Dean|2022-02-16 18:59:52|1|1|10159565229473904|facebook
Act of desperation from the dictator!|10159565482393904|Derek Steven Cunningham|2022-02-16 18:59:47|0|1|10159565229473904|facebook
Graham, well, to be fair most people who suffer from addiction issues have been vaccinated.  And don’t even get me started on the milk! Every single person on earth who died started out life drinking milk. It’s outrageous no one has made the connection.  Why is nobody talking about that??!!|10159565397458904|Martha Mcintosh|2022-02-16 18:59:57|1|1|10159565229473904|facebook
He has 7 days until a vote. Until it is active.|10159565619148904|David Rochon|2022-02-16 18:59:56|1|1|10159565229473904|facebook
He is tweeting about the Olympics today. If he is doing that, there is no national emergency. Stop trying to get more tax money from him.|10159565254218904|Tyler Popp|2022-02-16 18:59:47|0|1|10159565229473904|facebook
: That's some interesting logic, there.|10159565300973904|Miles Chandler|2022-02-16 18:59:54|1|1|10159565229473904|facebook
I am scratching my head that you use Nigeria as an example|10159565499763904|Garry Dean|2022-02-16 18:59:57|1|1|10159565229473904|facebook
death rate varies by country the highest being Peru at 6% Canada is at 1.1% but the global average is closer to 2.8%. The US deaths is closing in on a million which mean almost 1 in 440 Americans have died due to Covid. But you go ahead and keep spin spin spinning lol|10159566177863904|Andrew Danylewich|2022-02-16 18:59:57|1|1|10159565229473904|facebook
he has no idea|10159565454213904|Richard Dale|2022-02-16 18:59:57|1|1|10159565229473904|facebook
But the data is the same in every country! 1% death rate.. Even in countries without vaccinations..  How about Sweeden? No lockdown? No masks? 0.6% death rate?  Sweeden 73% Double Vaxxed (No Lockdown) Sweeden 2.41 Million Cases 16,579 Deaths 0.6% Sweeden Population 10.35 Million  What variables?|10159566186858904|Dave Buote|2022-02-16 18:59:57|1|1|10159565229473904|facebook
https:// www.tandfonline. com/doi/full/ 10.1080/ 16549716.2020.18 11476 Only a small percentage of deaths are ever recorded in Nigeria…this has been happening forever so there ya go.|10159566194693904|Andrew Danylewich|2022-02-16 18:59:57|1|1|10159565229473904|facebook
Elvis Presley - poster child for the polio vaccine…look at how that panned out for him - but MSM don’t talk about Elvis Presley right now, do they?|10159565392203904|Graham McGowan|2022-02-16 18:59:57|1|1|10159565229473904|facebook
did you even read that only 10% of deaths were recorded in 2017 and it also showed that the trend of unreported deaths was getting worse? No off course not…at this rate I’m questioning the level of your reading comprehension|10159566206433904|Andrew Danylewich|2022-02-16 18:59:57|1|1|10159565229473904|facebook
It hasn't passed, quit making it a done deal.|10159565329668904|Peter Van Veggel|2022-02-16 18:59:47|0|1|10159565229473904|facebook
LOL! I can tell this makes dumb people angry. All good bro.. Come back in a few months when the cream floats to the top and read my comments.  TOLD YA!@|10159566208848904|Dave Buote|2022-02-16 18:59:57|1|1|10159565229473904|facebook
ok run away now. Lol|10159566213143904|Andrew Danylewich|2022-02-16 18:59:57|1|1|10159565229473904|facebook
I think you should stick to making jewelry. Stats are not your game.|10159566215263904|Dave Buote|2022-02-16 18:59:57|1|1|10159565229473904|facebook
, I cannot say your math is bad cause I never double checked it. So we will postulate your math is correct for the sake of argument.  My point is to get a real perspective is we need to look at the variables.  There are a large number of variables to consider.  If you don’t want to take them into account then there is no point in this conversation.  What point are you trying to make here?|10159565393283904|Martha Mcintosh|2022-02-16 18:59:57|1|0|10159565229473904|facebook
I have spent a lot of time in Africa. The Nigerian cases are way under reported.|10159565451518904|Richard Dale|2022-02-16 18:59:57|1|0|10159565229473904|facebook
Not even close. A desperate move by an inept “leader”. Time for the grownups in the Liberal Party to take Justin out for that long walk in the snow that freed Canada from his father.|10159566334108904|Peter Neilson|2022-02-16 18:59:47|0|0|10159565229473904|facebook
So Here are 3 more countries.. Its becoming pretty clear.. The death rate is similar across the globe. Regardless of vax status! What a shocker!!! My second part of this exercise will be to compare global death rates and previous influenza outbreaks!  Spin Spin Spin!  France 54.8% Double Vaxxed France 415 Million Cases 5.84 Million Deaths 1.4% France Population 67.39 Million  USA 64.7% Double Vaxxed USA 78 Million Cases 924,000 Deaths 1.18% USA Population 331,893,745  India 54.8% Double Vaxxed India 42.7M Cases 510,000 Deaths 1.19% population 1.3 billion|10159566153613904|Dave Buote|2022-02-16 18:59:57|1|0|10159565229473904|facebook
Richard, exactly. We can not measure everything by our standards.  I have also spent time in Africa. We can not compare, there are so many differences.|10159565485728904|Martha Mcintosh|2022-02-16 18:59:57|1|0|10159565229473904|facebook
I wanted a nation with a low vax rate.. Ill do a few more tomorrow from different regions to see what I come up with!|10159565508988904|Dave Buote|2022-02-16 18:59:57|1|0|10159565229473904|facebook
https:// globalnews.ca/ news/8358919/ canada-excess-de aths-covid-pand emic/amp/|10159566106733904|Andrew Danylewich|2022-02-16 18:59:57|1|0|10159565229473904|facebook
So Here are 3 more countries.. Its becoming pretty clear.. The death rate is similar across the globe. Regardless of vax status! What a shocker!!! My second part of this exercise will be to compare global death rates and previous influenza outbreaks! Spin Spin Spin! France 54.8% Double Vaxxed France 415 Million Cases 5.84 Million Deaths 1.4% France Population 67.39 Million USA 64.7% Double Vaxxed USA 78 Million Cases 924,000 Deaths 1.18% USA Population 331,893,745 India 54.8% Double Vaxxed India 42.7M Cases 510,000 Deaths 1.19% population 1.3 billion|10159566153858904|Dave Buote|2022-02-16 18:59:57|1|0|10159565229473904|facebook
So Here are 3 more countries.. Its becoming pretty clear.. The death rate is similar across the globe. Regardless of vax status! What a shocker!!! My second part of this exercise will be to compare global death rates and previous influenza outbreaks! Spin Spin Spin! France 54.8% Double Vaxxed France 415 Million Cases 5.84 Million Deaths 1.4% France Population 67.39 Million USA 64.7% Double Vaxxed USA 78 Million Cases 924,000 Deaths 1.18% USA Population 331,893,745 India 54.8% Double Vaxxed India 42.7M Cases 510,000 Deaths 1.19% population 1.3 billion|10159566154008904|Dave Buote|2022-02-16 18:59:57|1|0|10159565229473904|facebook
So Here are 3 more countries.. Its becoming pretty clear.. The death rate is similar across the globe. Regardless of vax status! What a shocker!!! My second part of this exercise will be to compare global death rates and previous influenza outbreaks!  Spin Spin Spin!  France 54.8% Double Vaxxed France 415 Million Cases 5.84 Million Deaths 1.4% France Population 67.39 Million USA 64.7% Double Vaxxed USA 78 Million Cases 924,000 Deaths 1.18% USA Population 331,893,745 India 54.8% Double Vaxxed India 42.7M Cases 510,000 Deaths 1.19% population 1.3 billion|10159566154268904|Dave Buote|2022-02-16 18:59:57|1|0|10159565229473904|facebook
because of variables you can’t seem to grasp, that Canada and Nigeria are different places.|10159566182623904|Andrew Danylewich|2022-02-16 18:59:57|1|0|10159565229473904|facebook
"ahahh your such an idiot... My numbers use percentages. Even if its considered ""sample data"" with 250k confirmed cases they did at least a million tests..  Your dreaming buddy."|10159566195523904|Dave Buote|2022-02-16 18:59:57|1|0|10159565229473904|facebook
lol your self research is lacking. You have been shown reasons for the discrepancy yet you continue to try and push a faulty narrative.|10159566203298904|Andrew Danylewich|2022-02-16 18:59:57|1|0|10159565229473904|facebook
Yah those vaccines you didnt need 4 a year! HAHAHHHAHAHA|10159566207768904|Dave Buote|2022-02-16 18:59:57|1|0|10159565229473904|facebook
if the MPs voted yes for this we are all doomed, it'should be up for a popular vote by the people, let's see who still supports him.|10159565684278904|Peter Van Veggel|2022-02-16 18:59:56|1|0|10159565229473904|facebook
Andy knows how to spot the lint on someone’s sweater, but that’s about it. The only way to stop “paralyzing” is with force. That’s Police force, not service.|10159565721938904|Peter Ioannidis|2022-02-16 18:59:47|0|0|10159565229473904|facebook
True, but if passed there should be a large concern for all Canadians. The measures are far too broad, even though we haven't seen the final draft.|10159565468663904|Mike Johnson|2022-02-16 18:59:56|1|0|10159565229473904|facebook
you've totally wrong and have too much faith in the corrupt lieing manipulative bought and paid for msm. Do some research on rumble, listen to Jordan Peterson, watch fox news, tune into media from countries outside of canada, they all see and are reporting the real truth|10159567731388904|Distasi Mich|2022-02-16 18:59:51|1|0|10159565229473904|facebook
: Sure. If Trudeau had just come out for a chat and told them he wasn't doing what they wanted, they would have all gone home peacefully right away. :)|10159566309133904|Miles Chandler|2022-02-16 18:59:50|1|0|10159565229473904|facebook
THERE SURE IS|10159566634228904|Brenda Schwab|2022-02-16 18:59:50|1|0|10159565229473904|facebook
when you can't bring logic to a debate you insert words like racist/right wing/ white nationalists. Did you know the protest was very diverse. There is a large portion of the trucking community that are of Indian decent and they were at the protest.|10159565324903904|Patrick Remillard|2022-02-16 18:59:51|1|0|10159565229473904|facebook
And the rail blockades|10159565403063904|Edward R Yatscoff|2022-02-16 18:59:51|1|0|10159565229473904|facebook
are you a conspiracy theorist, you got to be kidding, 75 percent of people in Canada support this, most funding can from Canadians, you're a spike protein|10159565403353904|Peter Van Veggel|2022-02-16 18:59:51|1|0|10159565229473904|facebook
preaching the majesty, she just helped her son cover up for being a pedo....Justin Trudeau also settled out of courts for 2.5million when he had a relationship with a 15 year old girl well he was a teacher....🤷‍♂️🤷‍♂️ gross ideology|10159565451373904|Taylan Knowles|2022-02-16 18:59:51|1|0|10159565229473904|facebook
it's totally cool when foreign donations fund Canadian climate activists, right?  If the Feds drop mandates and restore all freedoms taken in the last 6 years, the trucks will leave. So why doesn't Trudeau try that instead of going to war with his citizens, like his biological dad|10159565512428904|Randy Lahey|2022-02-16 18:59:51|1|0|10159565229473904|facebook
hmmm, there have countless protest where foreign entities have financed protest in Canada for yesrs! Protests against the seal hunts that have devastated the economies of indigenous communities the north, environmental blockade, are to name a few that come to mind! What we have here is a complete failure of leadership in Canada. A PM who created divisiveness because of his narcissistic ego!|10159565590668904|Adrian Cornelissen|2022-02-16 18:59:51|1|0|10159565229473904|facebook
HAHAHA! Alex Jones wana be right here.|10159566118933904|William Huffman|2022-02-16 18:59:51|1|0|10159565229473904|facebook
Just wait till its your paycheque on the line.. Then im guessing you will be screaming for your rights...HHAHAH HAHA|10159566156853904|Dave Buote|2022-02-16 18:59:51|1|0|10159565229473904|facebook
🤦‍♂️ these most certainly are legal protests and very peaceful. Trudeau invokes emergency act for bouncy castles and hugs. 1914 it was invoked for WW1. 1939 for WW2, 1970 for the October crisis and in 2022 invoked for bouncy castles and freedom loving Canadians. This is the furthest thing from an insurrection, there isn’t any violence or damage done to any property. But if this were a BLM protest and everything were to be destroyed, you’d support that. Crawl back into your cave and keep watching MSM.|10159566356248904|Ryan Clarke|2022-02-16 18:59:51|1|0|10159565229473904|facebook
Cut the crap. We are not under Martial Law due to some terrorist uprising. When 27 churches were burnt Trudeau applauded the move. When the social terrorist BLM descended on Ottawa and toppled and desecrated monuments and littered the streets with thrash Trudeau took a knee and blamed everything on white supremacy not a murmur was raised. Give your head a shake. You are now under Martial Law to appease the ego of a failed Pm|10159566387508904|Bryce Mugford|2022-02-16 18:59:51|1|0|10159565229473904|facebook
Time to put the conservative party on a terrorist watch list #LOCKTHEMUP|10159566500243904|Bonnie Cull|2022-02-16 18:59:51|1|0|10159565229473904|facebook
"""It should be clear, however, that we have a serious problem on our hands. Twice in the space of two years this country has been nearly brought to its knees by protesters using blockades to advance a political cause."" And this is a vital issue, because the police response tactics are not designed for long-term occupations, massive organized groups, and convoys blocking arteries, border crossings, and downtown cores. Our (recently resigned) police chief showed how easily the law can be outmanoeuvred and outnumbered (and how reluctant they are to act against certain groups). So the questions are complex: is it acceptable to let protesters do this? Indefinitely? No matter what the financial or social impact is? Are we willing to arrest people to restore a blocked road or train track? Bring in the army? Kill people? How much does the location matter? Where is the balance between the rights of protesters, and the reasonable limits on the disruption they are allowed to cause? These aren't abstract or extreme questions: we need to figure out the answers immediately. The right to peaceful protest is important, but also very poorly defined legally, and that's being exploited carefully here. The limits of that charter right must be decided very clearly, the appropriate measures to deal with groups exceeding those limits, and whose responsibility it is to implement and oversee such responses."|10159566309858904|Miles Chandler|2022-02-16 18:59:47|0|0|10159565229473904|facebook
because Cad needs become like cuba urgent|10159565256933904|Undress Vlz|2022-02-16 18:59:47|0|0|10159565229473904|facebook
Both the Government and Andrew Coyne are wrong. There is no justification when the obvious and simple solution is to lift the obsolete mandates.|10159565945358904|Ray Williams|2022-02-16 18:59:47|0|0|10159565229473904|facebook
Most of what he has said legal scholars today disagreed with on one point. They have not seen what will be presented in parliament. If what they have said is what they present the only additional power they will have over the Ontario government state of emergency is going out your bank account.|10159565439838904|Jerald Pitt|2022-02-16 18:59:47|0|0|10159565229473904|facebook
There is no justification for it coast to coast. Are you working for the Russians!?|10159565478228904|Darlene Dove|2022-02-16 18:59:47|0|0|10159565229473904|facebook
just follow through and remove them.|10159565580083904|Li Eron|2022-02-16 18:59:47|0|0|10159565229473904|facebook
"love the rhetoric you people spew , ""try going to a far more oppressive and authoritarian and you will see that our type of authoritarian government isnt that bad"" just makes you seem foolish at best"|10159566222103904|Kieran O'Shea|2022-02-16 18:59:52|1|0|10159565229473904|facebook
The world isn’t laughing. They think we are gullible and stupid.|10159565494158904|Garry Dean|2022-02-16 18:59:53|1|0|10159565229473904|facebook
You are probably right laws should be clarified to establish what a legal protest is, what is allowed and what is legal there should be no grey areas and all laws should be enforced the same way regardless of who is protesting or what the cause is. Personally I believe they will not do this because governments LOVE grey areas as it allows them to do what they want and not to be forced to act according to the law|10159566092018904|Zane Grey|2022-02-16 18:59:54|1|0|10159565229473904|facebook
He wasn’t justified!|10159565683723904|Brandon Bartlett|2022-02-16 18:59:47|0|0|10159565229473904|facebook
Just ending mandates was far to simple, Just-n-idjut had to make it a war.|10159565518533904|Keith Williams|2022-02-16 18:59:47|0|0|10159565229473904|facebook
They were NOT justified!!!|10159567375173904|Joshua Modello|2022-02-16 18:59:47|0|0|10159565229473904|facebook
No justification for Emergency Act.|10159565444003904|Michael Vandale|2022-02-16 18:59:47|0|0|10159565229473904|facebook
in case you missed it, they have all been kissing up to him since he handed out 600 million tax dollars to the media in Canada and 1.4 billion to the CBC. That is what I was referring to|10159565309583904|Tyler Popp|2022-02-16 18:59:54|1|0|10159565229473904|facebook
So when do we freeze the bank accounts of the fools who tear down statutes? What a double standard.|10159565460388904|Chase Gaudenzi|2022-02-16 18:59:47|0|0|10159565229473904|facebook
don’t come up with “theories” when you’re high|10159566216643904|Andrew Danylewich|2022-02-16 18:59:57|1|0|10159565229473904|facebook
