﻿comment|comment_ids|username|datetime|isreply|num_replies|post_id|label
Truckers are far right now, ok.. Legacy media wonders why they have credibility issues..|10159564935738904|John Latreille|2022-02-16 19:05:39|0|8|10159564909723904|facebook
you referring to the science that the vaccine is not effective? If it was omicron wouldn’t be a thing|10159564972623904|Lucas Scheffelmaier|2022-02-16 19:05:58|1|4|10159564909723904|facebook
that's what data means, facts, dear boy|10159565107998904|Sarah Galvin|2022-02-16 19:06:06|1|3|10159564909723904|facebook
"The convoy wasn't an ""extreme group"". Nice try."|10159564974948904|Geordie Günther|2022-02-16 19:05:39|0|3|10159564909723904|facebook
Begin by understanding that they are not far right - it is a worker's movement.|10159565297728904|Teresa Longobardi|2022-02-16 19:05:38|0|3|10159564909723904|facebook
Tell me more, were they reptilians too?|10159565122413904|Dwllm Dore|2022-02-16 19:05:58|1|2|10159564909723904|facebook
Calm down there Andres.|10159565250113904|Mary Louise|2022-02-16 19:06:02|1|2|10159564909723904|facebook
You’re kidding right? Domestic terrorists have bbq’s bouncey castles?|10159566547993904|Teresa Longobardi|2022-02-16 19:05:49|1|2|10159564909723904|facebook
https:// m.youtube.com/ watch?fbclid=IwA R3haHqvS03rkD51 oa0dDu1Igtolw-T 85L7snzcCl5aHB7 hqw6YG8lGj--g&v =P8tzXazvyHQ&fe ature=youtu.be|10159566431663904|Teresa Longobardi|2022-02-16 19:05:49|1|2|10159564909723904|facebook
https:// www.cbc.ca/news/ canada/toronto/ convoy-protests- ignoring-real-h ardships-trucke rs-face-peel-dr ivers-warn-1.63 40263|10159565522263904|Nelson Guedes|2022-02-16 19:05:49|1|2|10159564909723904|facebook
So the communist rag the globe and mail Is calling all Canadians extremists ? Did I read that correctly ?|10159564958738904|Ted S Ptak|2022-02-16 19:05:41|0|2|10159564909723904|facebook
Putting them in prison would make it less palatable to the ordinary person.|10159564937188904|Brian David Lupton|2022-02-16 19:05:38|0|2|10159564909723904|facebook
If YOU say so. But the rational critical thinkers would not agree with you. Back under your rock… oh! And get booster number 4 because the first 3 are not protecting you now.|10159565126243904|Janis McNamara|2022-02-16 19:05:59|1|2|10159564909723904|facebook
I've been called right wing a lot during my life. I was always pro-small government, low taxes, and I was most definitely open to having the private sector play a larger role in health care. I believed we needed to strengthen out military and equip it properly. I still believe those things.  In the last two years, because I actually understand science, I've found myself not part of the right as it is today.  The right today, what used to be called the far right years early, is completely bonkers. Many of the people in it are irrational, illogical, and delusional. There has always been a fringe in the right and left. You just had to ignore them. Today the fringe in the right is literally calling the shots. They refuse science. They refuse compromise. They refuse to employ manners.  Today I'm considered a centrist.  We all need to deal with far right movements. They are dangerous.|10159564961448904|Devon Kruggel|2022-02-16 19:05:38|0|2|10159564909723904|facebook
I'm dying over here.|10159565282778904|Alan Burchett|2022-02-16 19:06:21|1|2|10159564909723904|facebook
"Please define extreme because some are calling not wanting deficits of over $100 billion ""extreme."""|10159565033828904|Ben Tomlinson|2022-02-16 19:05:40|0|2|10159564909723904|facebook
Lol 😂 Poor Globe&Mail….no one reads you anymore!!! Give it up! 😝|10159564968743904|Roberta Villeneuve|2022-02-16 19:05:40|0|2|10159564909723904|facebook
You do. 🤣🤣🤣|10159565026918904|Melanie B-Kingston|2022-02-16 19:06:08|1|2|10159564909723904|facebook
What like these guys? https:// mobile.twitter.c om/carymarules/ status/ 1493425461229203 457|10159564966068904|Karl Wiklund|2022-02-16 19:05:45|1|2|10159564909723904|facebook
Does this apply to far left groups too? I don’t think so. They will have free reign and Trudeau will be taking knees all over the place.|10159564987243904|Peter Morel|2022-02-16 19:05:38|0|2|10159564909723904|facebook
Can someone explain in simple terms and proofs (without labeling) how all of the sudden, the truckers became far-right?|10159565249583904|Alex|2022-02-16 19:05:41|0|2|10159564909723904|facebook
It most certainly is effective. If you actually are interested in knowing how effective vaccines are, look at statistics for deaths, hospitalization s, and ICU occupancies for vaxxed vs. unvaxxed people.|10159564977518904|Janet MacMartin Carkner|2022-02-16 19:05:58|1|2|10159564909723904|facebook
maybe impressed with the writer's skill. But, more proud of you for being such a staunch agent of chaos. 😆|10159565871678904|Rob Rush|2022-02-16 19:06:21|1|1|10159564909723904|facebook
Hmm have they tried listening to the people and drop mandates?? No. I guess the liberals not interested in a resolution|10159564948878904|Lucas Scheffelmaier|2022-02-16 19:05:38|0|1|10159564909723904|facebook
truckers work, not protest .. 95% are vaccinated also ! truckers also have nothing to do with this stupid protest|10159564984453904|Kent Douglas|2022-02-16 19:06:02|1|1|10159564909723904|facebook
Truckers are serial killers|10159564950578904|Andres Ruiz|2022-02-16 19:06:02|1|1|10159564909723904|facebook
|10159565998998904|Alan Burchett|2022-02-16 19:06:21|1|1|10159564909723904|facebook
not even intelligent enough to spell his name right. That's why the far right is such an easy target for dummies|10159566132188904|Rob Scott|2022-02-16 19:06:21|1|1|10159564909723904|facebook
maybe the PM & Ontario premier are more interested in listening to the science, than a bunch of anti-vaxxers. The resolution isn't to give in to bullies, thank goodness.|10159564966173904|Janet MacMartin Carkner|2022-02-16 19:05:58|1|1|10159564909723904|facebook
Tam does not support the status quo. Ireland, England, Scotland, Wales , Denmark, Sweden most of the US as well. Same virus. The super bowl vs empty arenas in Canada is proof that these decisions are not about science ( the same the world over) or health but rather control. Open your eyes. Attendance at the Super Bowl and every US hockey game makes us look STUPID that we are NOT following the science but we are being lead by a despot or fool.|10159565079808904|Janis McNamara|2022-02-16 19:05:58|1|1|10159564909723904|facebook
traitors using our national anthem. Shameful|10159566134363904|Rob Scott|2022-02-16 19:06:01|1|1|10159564909723904|facebook
You know what looks stupid? Almost a million dead Americans|10159565115793904|Dwllm Dore|2022-02-16 19:05:58|1|1|10159564909723904|facebook
😂 I was appropriating a tongue in cheek comedian with my comment.  I take it you were appropriating a crack head with yours? Or are you actually a user?|10159565084393904|Anthony Bachert|2022-02-16 19:06:23|1|1|10159564909723904|facebook
yup, appropriated, just like our 🇨🇦 😡|10159565050628904|Deborah Bakos|2022-02-16 19:06:23|1|1|10159564909723904|facebook
Antixaxxers need to be deported|10159564971463904|Ayan Soulekha|2022-02-16 19:05:39|0|1|10159564909723904|facebook
Lol City. No one is more responsible for the far right than the FAR LEFT|10159565002683904|Brad Salzberg|2022-02-16 19:05:41|0|1|10159564909723904|facebook
These are media created hot button terms. To use both is to negate the meaning of both|10159565054158904|Brad Salzberg|2022-02-16 19:06:23|1|1|10159564909723904|facebook
Let's not forget the dangerous gazpacho police|10159565279063904|Sharon Taylor|2022-02-16 19:06:21|1|1|10159564909723904|facebook
so you can’t explain what the far left is?|10159565089538904|David Rochon|2022-02-16 19:06:23|1|1|10159564909723904|facebook
The Globe and Mail: “Bodily autonomy!” —The new battle cry of the KKK!|10159565037618904|Anthony Bachert|2022-02-16 19:05:41|0|1|10159564909723904|facebook
you know what else looks stupid? Early intervention treatments withheld to push a vax!|10159565120338904|Janis McNamara|2022-02-16 19:05:58|1|1|10159564909723904|facebook
But zero coverage of police and protesters hugging it out in coutts and singing oh canada, arms entwined.|10159565593828904|Clara Chol|2022-02-16 19:05:39|0|1|10159564909723904|facebook
the world's best prosecutors the FBI keeps tabs on truckers|10159565252698904|Andres Ruiz|2022-02-16 19:06:02|1|1|10159564909723904|facebook
, hahahahahaha Oh, auto correct got me. It's supposed to say Goebbels. I would edit the correct spelling, but it's just too funny now.|10159565218538904|Alan Burchett|2022-02-16 19:06:21|1|1|10159564909723904|facebook
you would be the first to cry, after your house got broken into and the cops did nothing, because you voted to defund them....|10159565117283904|Taylan Knowles|2022-02-16 19:06:06|1|1|10159564909723904|facebook
Call the few that are awake and pacifist extremists 😂🙈|10159565175568904|Laurent Cornic|2022-02-16 19:05:41|0|1|10159564909723904|facebook
we could go through them one by one. Let’s start with the military grade hardware.|10159565351678904|Jon Birch|2022-02-16 19:06:10|1|1|10159564909723904|facebook
that's what you got hung up on eh?|10159565334948904|Wilde Brandy Orange|2022-02-16 19:06:10|1|1|10159564909723904|facebook
military grade?|10159565088388904|Jon Birch|2022-02-16 19:06:10|1|1|10159564909723904|facebook
When the leadershipnof a group issues an MOU stating they want to take the place of a duly elected government and also call forvthe assassination of the PM, it looks extrême. Also when military grade weapons are seized, most of the money is American and noose images are shown.|10159565050313904|Marc Cyr|2022-02-16 19:06:10|1|1|10159564909723904|facebook
The alt-right think they're destined to take over and the opposition are weaklings for giving them an inch.  Stop all the hand-wringing and get real about the threat.|10159565061303904|Stephen Humphrey|2022-02-16 19:05:40|0|1|10159564909723904|facebook
they are not truckers. Real truckers are trying to work.|10159565391053904|Mags Coward|2022-02-16 19:06:12|1|1|10159564909723904|facebook
, I'd like to believe so, but unfortunately I am not sure we know that for sure.|10159565609908904|Alex|2022-02-16 19:06:12|1|1|10159564909723904|facebook
hell yes, deport all right wing traitors to Canada|10159566513148904|Bonnie Cull|2022-02-16 19:06:13|1|1|10159564909723904|facebook
The PC's have gone so far right. They have fallen off the cliff.|10159565280318904|Dave Beaudoin|2022-02-16 19:05:40|0|1|10159564909723904|facebook
I live in Canada as well, and if you think guidance councilors are going to protect your family and property, you truly are oblivious to what is going on in the world....🤣|10159565120913904|Taylan Knowles|2022-02-16 19:06:06|1|1|10159564909723904|facebook
you truly don't understand the concept.|10159565119068904|Sarah Galvin|2022-02-16 19:06:06|1|1|10159564909723904|facebook
"I wonder if Rita Abrahamsen and Michael C. Williams actually spoke to any protesters in Ottawa before labeling them as ""extreme groups."""|10159564939598904|Andrei Arkhanguelski|2022-02-16 19:05:38|0|1|10159564909723904|facebook
Gobbles???|10159565215608904|Barry MacLellan|2022-02-16 19:06:21|1|1|10159564909723904|facebook
facts sorry life gets in the way of bs points|10159565106008904|Chris Ruest|2022-02-16 19:06:06|1|1|10159564909723904|facebook
data, Chris, data.|10159565104833904|Sarah Galvin|2022-02-16 19:06:06|1|1|10159564909723904|facebook
every place in America that tried that is franticly reversing the movement after sky rocketing crime rates. Its good to know that people who have no fkn clue about life and politics still give opinions|10159565102963904|Chris Ruest|2022-02-16 19:06:06|1|1|10159564909723904|facebook
it's called defunding the police.|10159564983353904|Sarah Galvin|2022-02-16 19:05:39|0|1|10159564909723904|facebook
It is almost like if you are not left, then you are unacceptable nowadays…. If that is Liberal’s world view, then of course we are never going away and will fight you every step of the way|10159565325498904|Kevin Ho|2022-02-16 19:05:39|0|1|10159564909723904|facebook
So you’d rather Biden like policy with BLM,Antifa, eco-terrorists and Native blockades that shutdown Canadian Energy.|10159564993483904|Peter Morel|2022-02-16 19:06:19|1|1|10159564909723904|facebook
, where did you hear that ?? I heard that stash came from 2, nearby houses, not any protestor. Have not heard of any specific charges, could it be staged??|10159565073543904|Tom Edwards|2022-02-16 19:06:04|1|1|10159564909723904|facebook
And military grade weapons seized? And leaders whose stated goal is the overthrow of a newly elected government. Most people would call that pretty mainstream I suppose.|10159565054673904|Marc Cyr|2022-02-16 19:06:04|1|1|10159564909723904|facebook
Doubt it.|10159565053028904|Jerry Young|2022-02-16 19:06:03|1|1|10159564909723904|facebook
This isn't extreme right. This is Canadians having enough!|10159565046483904|Michael Marath|2022-02-16 19:05:39|0|1|10159564909723904|facebook
"How come their is no ""centrist"" anymore. Back in the 80s there were ""pink Conservatives"" and ""blue Liberals"". Now it's all if you are not Liberal you are ""alt right"". Positively Orwellian control of language."|10159565284633904|Tina Knott|2022-02-16 19:05:43|0|1|10159564909723904|facebook
This is straight up propaganda. Gobbles would be proud of you.|10159565202268904|Alan Burchett|2022-02-16 19:05:41|0|1|10159564909723904|facebook
lol, quotes random dude with no context, expects everyone to laugh  try using your own words and ditch the ad hominem, genius.|10159565154243904|Deborah Bakos|2022-02-16 19:06:23|1|1|10159564909723904|facebook
Gay pride parades are far left for them|10159565111273904|Dwllm Dore|2022-02-16 19:06:23|1|1|10159564909723904|facebook
Stand on guard for thee! Appeal to all free and democratic people in Canada! The corrupt seditionist illegitimate Son of Castro has declared war on good and peaceful people! Stand on guard for thee, hold the line! Sic semper tyrannis!  The grassroots Convoy is uniting people of all provinces, parties, and ethnicities and the MSM, Big Banks, Big Government will do anything to discredit or disempower them, including threats of violence, freezing bank accounts, and censorship!. 1 out of 4 Canadians are so brainwashed they beleive everything the Frankenstein corporate totalitarian magic light box in their living room tells them - to the point that they would consider imprisoning other Canadians who are questioning the 'safety and effectiveness' of experimental products forced on them from notoriously criminal organizations that have infiltrated the halls of power. Our efforts to create a just, reasonable, free, and democratic society over the past several centuries hangs in the balance. This is the greatest moment in Canadian history, and possibly Western civilization.|10159565249028904|Luke Anthony Greatrex|2022-02-16 19:05:43|0|1|10159564909723904|facebook
Don't worry Patrick, these lunatics that make these types of comments against their own citizens are part of the 16% of Trudeau's approval rating.|10159564965308904|Lukasz Suckiel|2022-02-16 19:05:52|1|1|10159564909723904|facebook
why out people in prison when the servival rate is almost 100 percent for the unvaxed|10159564961418904|Patrick Remillard|2022-02-16 19:05:52|1|1|10159564909723904|facebook
See my reply to Jane|10159565155973904|Rod Arrau|2022-02-16 19:05:47|1|1|10159564909723904|facebook
My FIL (who died recently) used to talk about this stuff - how everybody has a bond taken out against them by the US government and how everyone has a secret serial number on them. Nutso stuff. But some people obviously believe this stuff and are associated with this convoy...|363708838920376|Jane Karen Sims|2022-02-16 19:05:45|1|1|10159564909723904|facebook
While I support the truckers in Ottawa, personally, I happen to subscribe to the views espoused in the Free North Declaration signed by 607 Canadian lawyers - https:// freenorthdeclara tion.ca/ #declaration|10159565151233904|Andrei Arkhanguelski|2022-02-16 19:05:45|1|1|10159564909723904|facebook
add a private option to shorten the lines would be a good start|10159565154138904|John Orr|2022-02-16 19:05:47|1|1|10159564909723904|facebook
"That ""declaration"" is filled with half-truths, outright lies and inaccuracies. I question the integrity of any lawyer who signs that document. Did they read it first? Thanks for sharing - I'll pass this along to my friends and family and if they need legal advise, to avoid hiring these ones. Also, is 607 lawyers supposed to impress me? There are 130,000 lawyers (estimated) in Canada. So 607 is 0.4%. Are you someone who thinks COVID is inconsequential because it only kills 1% of people? If so, I guess you'd agree 0.4% of lawyers - a much lower number - is equally inconsequential right?"|519651956142066|Jane Karen Sims|2022-02-16 19:05:45|1|1|10159564909723904|facebook
A worker's movement that stops people from working? Are GM workers elites? Are small business owners in Ottawa elites? Are Mom and Pop grocery stores that need goods to sell elites? Are nurses and hospital workers who these people protest and scream at not workers too? What real worker in Canada can take three weeks off to party in Ottawa?|10159566444508904|Glenn Christie|2022-02-16 19:05:49|1|1|10159564909723904|facebook
As long as the same applies to those protesting pipelines, railways and of course those precious BLM types who rage through the nights...|10159565085623904|Grayson May|2022-02-16 19:05:38|0|1|10159564909723904|facebook
Are you on crack?|10159565447338904|Cheslyn Amber Helmus|2022-02-16 19:06:32|1|1|10159564909723904|facebook
"I am not a health administrator/ manager. That said, per capita, Canada is one of the most expensive healthcare systems in the world. I imagine there is a lot of fat to be trimmed and funds to be reallocated and prioritized, systems improved, etc. There are some 'fat cats' in our health bureaucracy too, and the entire system needs to be examined and re-evaluated carefully. Not sure if any governments want to take this on, however, as it inevitably points to the need for some sort of privatized healthcare (perish the thought!). Simply raising taxes and throwing more money at it should be a last resort. BTW, there will always be selfish people. Don't believe in the benevolence/ altruism of mankind. We were never ""all in this together"", just collectively scared shitless (for a while). Expect some selfishness and build it into the system."|10159565147273904|Rod Arrau|2022-02-16 19:05:47|1|1|10159564909723904|facebook
Lmao I love it how some folks on here are triggered about being called far right. That’s exactly what this ‘protest’ is. A far right trolling operation. Maybe those far right politicians in the states should have kept their mouth shut.|10159565163993904|Matty Mac|2022-02-16 19:05:43|0|1|10159564909723904|facebook
wow do you really not know what a strike is? Yes workers” movements that stop everything until demands are discussed and terms are negotiated. The unions have failed to do their jobs and have been rendered defunct, much like our current governments at all levels. A general strike is what is in order.|10159566502378904|Teresa Longobardi|2022-02-16 19:05:49|1|1|10159564909723904|facebook
I am triple-vaxxed, but I think in this day and age we need to accept that mandatory vaccinations, via restrictions and exclusions, cannot and should no longer be an option. Our healthcare system needs to be better prepared. An early warning system to prevent the viruses getting in, in the first place, would help but we've seen it only delays the inevitable. Even the most tightly controlled societies get hit with it sooner or later. Vaccination helps immensely, but there will always be collateral damage to those that don't, or simply don't respond or have negative effects from the vaccines.|10159564966038904|Rod Arrau|2022-02-16 19:05:38|0|1|10159564909723904|facebook
This is not a strike, general or otherwise. Strikes don't have barbeques, bouncey castles, hot tubs and public defecation. Strikes don't take hostages. These are domestic terrorists.|10159566511413904|Glenn Christie|2022-02-16 19:05:49|1|1|10159564909723904|facebook
Definitely try going more hard left. Go bigger on propaganda, and ignoring their concerns and questions, while shaming people for raising them. Take the zero dialogue and questioning, and make it less somehow. And double down on gas lighting, lying and heavy politically driven bias. That will help. A more middle ground approach, that takes a broader range of perspectives and questions into an actual conversation, that might appeal to a broader range of Canadians and make them feel that their concerns aren't being outright rejected, would be a very bad approach to appealing to peoples sense of reason. Smear them, shame them, hate them, strip rights and freedoms, segregate them from society until they agree. That's the best way. Honest journalism and transparent government is bad. Real bad.|10159565333008904|Nathan Poole|2022-02-16 19:05:38|0|1|10159564909723904|facebook
and the far left entities such as Antifa and BLM are none violent? Ok|10159566230608904|John Lee|2022-02-16 19:06:31|1|1|10159564909723904|facebook
"We do need to do something, seems to me that we have the ""far right"", we have the "" far left"". The far right and the far left, want power. They BOTH will do or say whatever they have to to gain followers. My problem is that the far right has a tendency to move toward violence, not good. They gain followers by doing exactly what the accuse the left of doing, spreading fear and distrust. They say the government is corrupt, that they try to control people. Well I don't know, I've never met an honest politician on either side. Unfortunately that seems to be the way of politics, no matter which side or what form of government. I still think democracy is the best way. But if we are going to scream at the government about being crooks or making rules, (mandates), to control people, then maybe we should also look atother organizations that do the same thing. Organized religion is one. They demand money from people, the set up rules that you must follow, sounds like control. Now some will say that you are free to leave the religious group if you don't agree, absolutely. You also have the right to leave a country if you don't agree how it's run, or try to change things through reasonable dialog, not through doing things which hurt fellow citizens. This makes you as bad as the government you don't like. Both the far left and far right will say whatever or do whatever they have to to gain supporters. It's not about what is good for the average person, it's about getting power by getting supporters. Our system of government is far from perfect, but it's still better than some around the world. I think as Canadians, we need to ignore the far right and the far left. Meet in the middle. I only hope we can get there before it's too late."|10159566160548904|Barry MacLellan|2022-02-16 19:05:43|0|1|10159564909723904|facebook
Domestic terrorists use these quite often, however. https:// youtu.be/ DSX4zPtL3MA|10159566719128904|Glenn Christie|2022-02-16 19:05:49|1|1|10159564909723904|facebook
Angry?|10159566761128904|Teresa Longobardi|2022-02-16 19:05:49|1|1|10159564909723904|facebook
they're, not there, is the appropriate spelling.|10159565051273904|Christine LeBlanc|2022-02-16 19:06:27|1|1|10159564909723904|facebook
Lock them up. This is domestic terrorism.|10159565068743904|Heather Johnston|2022-02-16 19:05:43|0|1|10159564909723904|facebook
Why?|10159565406223904|Teresa Longobardi|2022-02-16 19:05:49|1|1|10159564909723904|facebook
- I had to listen to that twice... holy smokes that guy talking is 100% certifiable!!!|10159564991838904|Devon Kruggel|2022-02-16 19:05:45|1|1|10159564909723904|facebook
lol what far left groups? 😂|10159565071243904|Kay Em Jay|2022-02-16 19:05:56|1|1|10159564909723904|facebook
Or a Communist! 🙄|10159565377818904|Richard Evans|2022-02-16 19:06:25|1|1|10159564909723904|facebook
Just play Pat Kings videos on the 6 o'clock news and watch support evaporate.|10159565052123904|Marc Cyr|2022-02-16 19:05:52|1|1|10159564909723904|facebook
a worker's movement... that couldn't care less about the workers. Right. 😒|10159565328353904|Nelson Guedes|2022-02-16 19:05:49|1|1|10159564909723904|facebook
Pat King is not the organizer. The organizers are James Bauder, Tamara Lich, Benjamin Dichter, and Chris Barber. It isn't exactly clear where he stands in the hierarchy of the convoy’s organizers. Some of his views are extreme and repelling. That's why a lot of people don't find him representative of the Freedom Convoy. The majority of protesters in Ottawa are truckers and regular citizens who're fed up with JT's medical tyranny, restrictions, and vaccine mandates.|10159564968993904|Andrei Arkhanguelski|2022-02-16 19:05:45|1|1|10159564909723904|facebook
Far right movement? You mean the domestic terrorist who ran over 4 peaceful protesters at the truck convoy in Winnipeg.  Will Trudeau's hate speech be investigated for inciting violence as per Trump in the US?|10159564940728904|Joy Joy|2022-02-16 19:05:43|0|1|10159564909723904|facebook
I didn't see the Blob&Fail publishing articles like this when BLM and Antifa were actually burning cars and businesses...|10159565041563904|Frederick Hollinger|2022-02-16 19:05:38|0|1|10159564909723904|facebook
"For one thing, a government that stops pandering to the richest pricks and taxes them their fair share, to actually address its citizens' needs in response to predatory economic paradigms, would position those citizens to be less desperate, less inclined to look for someone to blame, and less prone to fascist demagogues promising to ""restore"" their dignity. They can't weaponize people disaffected by exploitation if you don't abandon people to feel exploited.  Then, with their pool of recruits undercut, go after the truly ideological bigots by whatever means are necessary."|10159565631418904|Ken Spragg|2022-02-16 19:05:43|0|1|10159564909723904|facebook
Yet the far left riot and destroy? Hmmmmm everyday people stand up for there freedom and now there Right-wing extremist please show me the violence the extremist actions? Cause I saw honest Canadians of all walks of life, religion and creed asking for honest answers. Handing out food and coffee singing and dancing and JT wouldn't even talk to them.|10159564944828904|Cary Mackenzie|2022-02-16 19:05:43|0|1|10159564909723904|facebook
thank you for posting. I’ve been saying the same thing for a number of years. Although I am not a conservative I always had spirited and respectful debates with my conservative friends, in the past. Over the last several years I have noticed I cannot have a debate with them anymore. I was labeled a troll by someone I had known for 20 years for trying to continue a dialogue. Needless to say we are no longer friends. So sad that this world has become so polarized that the art of debate has fallen by the wayside.|10159565208548904|Sheila Fee|2022-02-16 19:05:48|1|1|10159564909723904|facebook
Look at organizer Pat King's tiktok videos for starters.|10159564959398904|Pat Courtenay|2022-02-16 19:05:45|1|1|10159564909723904|facebook
nope, just stoic civic virtue.|10159565451083904|Luke Anthony Greatrex|2022-02-16 19:06:32|1|0|10159564909723904|facebook
Defund the subsidized media.|10159565007088904|Jeff Durham|2022-02-16 19:05:41|0|0|10159564909723904|facebook
Do better and have better ideas. Thank me later.|10159565068573904|Adrian AB|2022-02-16 19:05:41|0|0|10159564909723904|facebook
Government approved media|10159565106383904|Doug Wilcox|2022-02-16 19:05:41|0|0|10159564909723904|facebook
New approach? Governments everywhere need to restrain themselves.|10159566141568904|William Michael Brienza|2022-02-16 19:05:41|0|0|10159564909723904|facebook
Trump Sr and Jr support the convoy and the chaos and anarchy here.|10159565054228904|Donna McCaw|2022-02-16 19:06:33|1|0|10159564909723904|facebook
We are not far right, we are “Peoplekind “ to quote, Mr. Trudeau.|10159566616443904|Leon Bouvier|2022-02-16 19:05:41|0|0|10159564909723904|facebook
Tu peux sortir mais tu ne peux entrer ...ça va finir un jour.|10159564998428904|Benoit Harvey|2022-02-16 19:05:43|0|0|10159564909723904|facebook
"And? That wasn't my question.  Actually I'm shocked Trudeau & Trump didn't get along better, they have so much in common. Hate speech, groping, ethics violations & paying their family members to ""work"" with them. Maybe Trump's standards are even too high to want to hang out with someone who's done blackface four times."|10159565066313904|Joy Joy|2022-02-16 19:06:33|1|0|10159564909723904|facebook
What can you say about the far-left movements? They are as bad.|10159566101723904|Anna Golodina|2022-02-16 19:05:41|0|0|10159564909723904|facebook
Freedom is far right?????? How far left have we gone?|10159571889483904|Jeffery Wenzowski|2022-02-16 19:05:40|0|0|10159564909723904|facebook
"""awake"" 😂"|10159565326393904|Nelson Guedes|2022-02-16 19:06:11|1|0|10159564909723904|facebook
"Well.....I guess people on the left are now ""FAR RIGHT"" LMAO"|10159565389038904|Simon Richardson|2022-02-16 19:05:41|0|0|10159564909723904|facebook
https:// tnc.news/2022/ 02/16/ trudeau-condemne d-around-the-wo rld-for-moving- to-crush-protes ts/ ?fbclid=IwAR3DhN Xj2ND5_lP8dq5eD kU3PA-vriumPMVu FWZabAfAnN9H8O6 ymZ33jIc|10159566920578904|Derek Steven Cunningham|2022-02-16 19:05:43|0|0|10159564909723904|facebook
Freedom!  Nigeria 2.7% Double Vaxxed Canada 81% Double Vaxxed  Canada 3.19 Million Cases 35,470 Deaths 1.1% Canada Population 38.01 Million Nigeria 254,000 Cases 3,141 Deaths 1.2% Nigeria Population 214,391,267  still scratching my head on that one. Independent research!|10159565271348904|Dave Buote|2022-02-16 19:05:43|0|0|10159564909723904|facebook
Same with the crazy far left idiots!|10159566477133904|Chris Boswell|2022-02-16 19:05:43|0|0|10159564909723904|facebook
Intelligence? Oh right, that doesn't work on the right-wing-nuts !|10159565315553904|Michael Patterson|2022-02-16 19:05:41|0|0|10159564909723904|facebook
Imagine looking at this picture and concluding “far right”.|10159565272418904|Brock Hanly|2022-02-16 19:05:41|0|0|10159564909723904|facebook
whatever hellhole province they are from. Deport them.all|10159566551608904|Bonnie Cull|2022-02-16 19:06:13|1|0|10159564909723904|facebook
well they drive trucks rather than ride bikes or take transit. D'uh...|10159565277668904|Rob Thomas|2022-02-16 19:06:12|1|0|10159564909723904|facebook
The truckers had what they wanted to do hijacked be extremists|10159565283088904|Sharon Taylor|2022-02-16 19:06:12|1|0|10159564909723904|facebook
You mean your fascist tactics aren't working? :D So what's the next step, loading up boxcars and gas chambers? Socialist tyrants are still tyrants and people are going to naturally resist tyrants.|10159565136108904|Prentice Crawford|2022-02-16 19:05:43|0|0|10159564909723904|facebook
truckers aren’t necessarily far-right. In fact most of them are out working right now. This is a far-right rally and some of the people there are truckers. Unfortunately those that are there have been duped by some very wealthy people in the U.S. and Canada. Why is Elon Musk supporting this? Not known for his philanthropy.|10159567369003904|Mary Dale|2022-02-16 19:06:12|1|0|10159564909723904|facebook
g&m is leftist organization... ...|10159565220573904|Marcos Aero|2022-02-16 19:05:41|0|0|10159564909723904|facebook
Could we offer them a financial incentive to emigrate to the USA?|10159564971323904|Paul Weiss|2022-02-16 19:05:41|0|0|10159564909723904|facebook
from?|10159566546523904|Paul Weiss|2022-02-16 19:06:13|1|0|10159564909723904|facebook
Globe and Mail, you’re a disgrace!|10159565096438904|Anna Milillo|2022-02-16 19:05:43|0|0|10159564909723904|facebook
No one wants to address the BLM looting,burning ,rioting and killing.|10159564996788904|Louise Michelle|2022-02-16 19:05:41|0|0|10159564909723904|facebook
Far right extreme group now ?!|10159565047773904|Stuart Brennan|2022-02-16 19:05:41|0|0|10159564909723904|facebook
, if you would have actually taken the time to read, you would note that I got slapped in the face by not double checking auto correct before I posted. And to comedic ends, might I add.|10159566136073904|Alan Burchett|2022-02-16 19:06:21|1|0|10159564909723904|facebook
What far -right ????|10159565091308904|Robert Laing|2022-02-16 19:05:41|0|0|10159564909723904|facebook
This has really opened my eyes to the fact that Canadians are not the nice, kind and inclusive people the rest of the world thinks we are. What I have seen the past three weeks makes me sick.|10159566968628904|Philip Standard|2022-02-16 19:05:43|0|0|10159564909723904|facebook
This is a blue collar movement of working class Canadians. It's reasonable to say it's about time white wo/ men rise up to have their voices heard. Canada has been had, sold out to the highest bidder. It's would be helpful if social action groups came together also to out the ChiComs imbedded in all levels of Canadian Government and society....what's up with that why remain silent?|10159565907523904|Kim Rice|2022-02-16 19:05:43|0|0|10159564909723904|facebook
That will make a good speech for protesters to tell each other while they sit on the couch smoking pot and drinking beer and collecting pogey for the rest of their lives. Would you hire them knowing that they'll set up hot tubs and bouncey castles outside your house and terrorize your family everytime they want a raise?|10159566159873904|Glenn Christie|2022-02-16 19:06:28|1|0|10159564909723904|facebook
nope. You did not read that correctly.|10159565056363904|David Rochon|2022-02-16 19:06:22|1|0|10159564909723904|facebook
funny I thought the same|10159565276403904|Trish Gingerich|2022-02-16 19:06:22|1|0|10159564909723904|facebook
Far right? Hahahaha|10159566291018904|Terry Elliott|2022-02-16 19:05:41|0|0|10159564909723904|facebook
explain to me what the far left is.|10159565052543904|David Rochon|2022-02-16 19:06:23|1|0|10159564909723904|facebook
Time to put the conservative party on a terrorist watch list #LOCKTHEMUP|10159566510178904|Bonnie Cull|2022-02-16 19:05:43|0|0|10159564909723904|facebook
A firing squad. Isn't that how they used to deal with traitors?|10159566130068904|Rob Scott|2022-02-16 19:05:40|0|0|10159564909723904|facebook
Antifa is far left and very dangerous . They burn they loot they destroy .|10159565150733904|Edward Dolhan|2022-02-16 19:06:23|1|0|10159564909723904|facebook
Common sense might work!|10159565160098904|Doris Dallaire|2022-02-16 19:05:43|0|0|10159564909723904|facebook
Commies|10159570532578904|Eddie Davidson|2022-02-16 19:05:43|0|0|10159564909723904|facebook
spell Nazi is your only rebuttal?|10159565183128904|Cary Mackenzie|2022-02-16 19:06:27|1|0|10159564909723904|facebook
The undersigned hereby submits the following letter to the Governor General's office of Canada. https:// docs.google.com/ document/u/0/d/ 1sJ2Yyv_4BtLUGcF V0Rq6ghZBmxbc2W a79cQ3hN8B9Ps/ mobilebasic?fbcl id=IwAR3f_cZkLz byGbRtboKGmM-C4 iIhcDkmOFNcjPFW l9YaLHyydpL85Ew 38Og|10159565316743904|Dan Robert|2022-02-16 19:05:43|0|0|10159564909723904|facebook
🙄|10159565153883904|Ron Morel|2022-02-16 19:06:26|1|0|10159564909723904|facebook
True. We watched the US become more polarized, and now it is here|10159565381518904|Tina Knott|2022-02-16 19:06:25|1|0|10159564909723904|facebook
And AB wonders why the rest of the country want nothing to do with them. Time to build a wall at the MB border. AB are not sending their best #LOCKTHEMUP|10159566514673904|Bonnie Cull|2022-02-16 19:05:41|0|0|10159564909723904|facebook
"G+M has become a rag of ""news"" provider Absolute garbage"|10159565390643904|Manny Ribeiro|2022-02-16 19:05:43|0|0|10159564909723904|facebook
Right is right. Nothing far about it. Only Trudeau is way out there.|10159564997593904|Grace Siglos|2022-02-16 19:05:41|0|0|10159564909723904|facebook
"Especially when you plan to do what they ask anyway.  As mentioned in another Globe article:  ""Ontario is the latest province to accelerate its plans to end public health rules such as proof-of-vaccin ation policies in businesses. Others including Alberta and Saskatchewan are moving even faster to end their own policies – a domino effect that began not long after protests against vaccination rules and government shutdowns started disrupting cities and border points across the country."""|10159564991208904|Richard Sixton|2022-02-16 19:05:43|0|0|10159564909723904|facebook
More Trudeau propaganda!!!|10159566920193904|Derek Steven Cunningham|2022-02-16 19:05:41|0|0|10159564909723904|facebook
Make the Conservative Party realize their future is not with Trump like policy would be a start|10159564957768904|John Butterill|2022-02-16 19:05:41|0|0|10159564909723904|facebook
yes, anti racist, pro equal justice. Anti fascist, care for this planet because is the only one we have and First Nations fighting for their land. Yes I would prefer that|10159565103558904|Paz Carmen Humaña|2022-02-16 19:06:19|1|0|10159564909723904|facebook
they have to be dealt wiith.. legally.. but enough of these morons causing havoc with innocent citizens..|10159565241858904|Douglas Woods|2022-02-16 19:05:43|0|0|10159564909723904|facebook
Like the globe and mail. Very extreme group . 🤣🤣💩💩|10159564984298904|Mark Whitney|2022-02-16 19:05:41|0|0|10159564909723904|facebook
That’s one spicy matzah ball!|10159565936398904|Dr. Red Pill's Analogue Library|2022-02-16 19:05:41|0|0|10159564909723904|facebook
oh the quote was mine. I was just using your buzz word for effect, in order to sound as as “appropriately” stupid as the Globe. Your acute sense of sarcasm is a stalwart attribute of the people who want to control others voices and actions. Good on ya. Hold the line… 😏|10159565220513904|Anthony Bachert|2022-02-16 19:06:23|1|0|10159564909723904|facebook
The far left is the true threat they thrive on hate and division.|10159565186888904|Zane Grey|2022-02-16 19:05:41|0|0|10159564909723904|facebook
Show us what's extreme? GFYs|10159566452688904|Larry T Warde|2022-02-16 19:05:41|0|0|10159564909723904|facebook
you missed my point. Its the extremes of both sides that cause problems. All I'm saying is that we need to get to the middle, not far right or left.|10159566257018904|Barry MacLellan|2022-02-16 19:06:31|1|0|10159564909723904|facebook
Too late.|10159565418083904|Dennis Paul|2022-02-16 19:05:41|0|0|10159564909723904|facebook
how Freudian.|10159565220103904|Trevor Lavens|2022-02-16 19:06:21|1|0|10159564909723904|facebook
https:// m.youtube.com/ watch?v=JFsFvPMS x2Q|10159565034303904|Amanda AP|2022-02-16 19:05:43|0|0|10159564909723904|facebook
leave it the way it is for sure 👍|10159565394298904|John Blair|2022-02-16 19:06:21|1|0|10159564909723904|facebook
🤦‍♂️|10159565068858904|Daniel O'Keefe|2022-02-16 19:05:43|0|0|10159564909723904|facebook
, only leftist cowards have to hide their face on Facebook. I see by your info that you're homeless, jobless and have no education. You need some Jordan Peterson in your life, son.|10159565191548904|Mark Ashley|2022-02-16 19:06:29|1|0|10159564909723904|facebook
they are called Canadians from all races, ages, backgrounds, genders|10159565042773904|Peter Soltesz|2022-02-16 19:05:43|0|0|10159564909723904|facebook
Education. Period.|10159565351608904|Joanne Ryan|2022-02-16 19:05:40|0|0|10159564909723904|facebook
EXTREME!!!! FAR RIGHT!!! My oh my, the desperation against people who maintain the peace during a huge protest you disagree with is a hard pill to swallow isn't it😂😂|10159565672003904|John Gallant|2022-02-16 19:05:38|0|0|10159564909723904|facebook
The same can be said for the far left. G & M is a far left propaganda outlet|10159566225693904|John Lee|2022-02-16 19:05:40|0|0|10159564909723904|facebook
When is this animal Trudeau going to be arrested for his ethic violations?and money laundry that send to Ukraine.|10159566536388904|Bill Gogos|2022-02-16 19:05:40|0|0|10159564909723904|facebook
Yep, because people in jail have never, ever became symbols of resistance to anyone.|10159564967853904|Andrew Tyler|2022-02-16 19:05:52|1|0|10159564909723904|facebook
you mean like the BLM terror group or maybe the FN groups who attacked the Cdn rails? Those radical groups? I see you're blind in one eye and can't see out the other. How convenient|10159565091893904|Grayson May|2022-02-16 19:05:52|1|0|10159564909723904|facebook
There is nothing you can. Some people will be attracted to far right whatever. Can't save them|10159565121008904|Karen Ripley Congdon|2022-02-16 19:05:38|0|0|10159564909723904|facebook
This isn't a far right movement it's a Canadian movement all walks of life have joined ... And ironic media ignores the left that has been toppling monuments and statues..|10159565066253904|Justin Shovin|2022-02-16 19:05:38|0|0|10159564909723904|facebook
you want to use the US as an example instead of Canadians?|10159565053768904|David Rochon|2022-02-16 19:05:55|1|0|10159564909723904|facebook
Is it just me, or if you think a freedom movement is far right, then you are a probably a communist.|10159566703798904|Philly Brick|2022-02-16 19:05:38|0|0|10159564909723904|facebook
Huh, no windows being smashed, no looting, no rioting, no arson, no shootings. Those things happened at BLM protests. Blunt that.|10159565275238904|Cathy Bowslaugh|2022-02-16 19:05:38|0|0|10159564909723904|facebook
Proud member of the far right fringe minority over here. Oh, yeah, Im also an anti science (2 bachelors of science and a post grad lol) and a Canadian who holds unacceptable views because lately freedom is extreme. 🤡|10159565708613904|Edyta Magdalena|2022-02-16 19:05:38|0|0|10159564909723904|facebook
People like her are exhausting. Just because they protest or you don’t agree with them. Does not make them far right.  I mean BLM literally burned down cities lol|10159565093048904|Chris Caprio|2022-02-16 19:05:38|0|0|10159564909723904|facebook
“Appeal”? I’m actually appalled, probably because I paid attention in history class.|10159565151993904|Elena Jones|2022-02-16 19:05:38|0|0|10159564909723904|facebook
Oh boy, would taking a knee ever disrupt things.|10159565063073904|Michael Rohaly|2022-02-16 19:05:56|1|0|10159564909723904|facebook
People protesting for climate action, I guess|10159565108003904|Dwllm Dore|2022-02-16 19:05:56|1|0|10159564909723904|facebook
Same media bias you people says doesn’t exist but three just proved it. 😏😏|10159565122633904|Peter Morel|2022-02-16 19:05:56|1|0|10159564909723904|facebook
Well get rid of the woke left and all will be happy!|10159565087518904|Curtis Fink|2022-02-16 19:05:38|0|0|10159564909723904|facebook
Anti vaccine mandate is not a right-wing thing. Certainly in Europe many on the left are opposed to vaccine mandates and vaccine passports.|10159565029188904|Richard Colvin|2022-02-16 19:05:38|0|0|10159564909723904|facebook
- They'll read memes and videos from Rumble and Bitchute. Facts are not their friends.|10159564995413904|Devon Kruggel|2022-02-16 19:05:58|1|0|10159564909723904|facebook
logical fallacy|10159565046798904|Deborah Bakos|2022-02-16 19:05:58|1|0|10159564909723904|facebook
The vaccines may not prevent transmission like they once did for the original virus (Hint: that's the genetic sequence they were developed from), but they still prevent the majority of people from getting seriously ill or dying. But leave it to someone without any scientific knowledge to sum it up in 1-dimensional thought. 🤡Thinking in black and white isn't t the top of the intelligence chain.|10159565140418904|Alex Buchanan|2022-02-16 19:05:59|1|0|10159564909723904|facebook
What is your point? You do realize the US has a low vaccination rate? Only 64% are fully vaxxed and much less with boosters. That leaves a hell of a lot of vulnerable people.|10159565146713904|Alex Buchanan|2022-02-16 19:05:59|1|0|10159564909723904|facebook
good one telling them to go get a fourth booster, you really ‘owned the libs’ on that one.|10159565168703904|Matty Mac|2022-02-16 19:05:59|1|0|10159564909723904|facebook
Does it really make us look stupid or does it make them look stupid? Almost a million deaths from covid in the US and around 195,000 deaths in the UK. Even factoring the difference of population, our numbers are way better here. at just over 35,000. Think we look way smarter by comparison.|10159565246523904|Mary Louise|2022-02-16 19:05:59|1|0|10159564909723904|facebook
errrrmagawd I have to follow speed limits.....muh freedumbs|10159566133163904|Rob Scott|2022-02-16 19:05:59|1|0|10159564909723904|facebook
Is this rag trying to tell us that everyone in the freedom convoy are all conservatives?? Seen a lot of Quebec flags in Ottawa|279952170890546|Doug Ramsay|2022-02-16 19:05:38|0|0|10159564909723904|facebook
amen brother|10159564966873904|Patrick Remillard|2022-02-16 19:05:52|1|0|10159564909723904|facebook
This isn't a far-right idea. Labelling it as such is exactly the type of demonizing you're talking about. Yes far-right groups are anti-mandate, but now given new data and mutations it's a common idea.|10159565100833904|Graham Carter|2022-02-16 19:05:38|0|0|10159564909723904|facebook
I’m all for ignoring them. Why should I do otherwise? Let them camp out in the cold and protest…. BUT when it’s illegal move them out and charge them. If it’s not illegal let them do it. Simple|10159566705198904|Steve Cobblehoff|2022-02-16 19:05:38|0|0|10159564909723904|facebook
it's a bowel movement!|10159565316103904|Michael Patterson|2022-02-16 19:05:49|1|0|10159564909723904|facebook
Have you read the MOU? The document is a joke but the intent was to get rid of parliament & they would set up a committee to run the country. Not too democratic. It's just an absolute mess.|10159564973068904|Pat Courtenay|2022-02-16 19:05:45|1|0|10159564909723904|facebook
- Oh the crazy ranting of the guys on the ground.|10159564973663904|Devon Kruggel|2022-02-16 19:05:45|1|0|10159564909723904|facebook
"James Bauder is one of the co-authors of the ""memorandum of understanding"" about having the governor general and Senate dissolve parliament, and allow a select committee of citizens to take over government. In other words a Committee of Public Safety. Why not look up that phrase and see whether that sort of group is ""extremist"" or not. Also, Tamara Lich was a Maverick Party secretary - a group looking to split up Canada. Seems extremist to me.  Dichter put this on his Twitter, which one can easily read as a call for violence: ""“Justin Trudeau must be stopped … no matter the cost.” What cost is he talking about, Andrei? Dichter has also spouted Islamophobic nonsense.  So 3 out of 4 identified organizers have espoused extremist views. Care to revise your comment?"|688626212146963|Jane Karen Sims|2022-02-16 19:05:45|1|0|10159564909723904|facebook
I think the measures taken against a virus with an extremely high recovery rate, as it pertains to the vast majority of healthy Canadians, were wrong. The Liberals are not getting my vote in the next election. We clearly disagree on the truckers and on the public policy response to COVID taken by our government, and that's ok. You go on with your day and I'll go on with mine. Your angry emojis have no impact on me, for I prefer to rise above duality by recognizing that you live in your reality and I live in mine. Cheers ✌|10159565172338904|Andrei Arkhanguelski|2022-02-16 19:05:45|1|0|10159564909723904|facebook
agree, but good luck on that!|10159565395808904|John Blair|2022-02-16 19:05:46|1|0|10159564909723904|facebook
Well, we can agree on one thing: healthcare needs to be improved. Although, how would you suggest we do so? Are you OK with an increase in funding - which could mean a tax increase? Because health authorities didn't have that money so they called on governments to do something to help save the system: restrictions to lower the burden on the system, and mandates to force selfish people to do the right thing. If you were in their shoes, what would you do?|1932004500315392|Jane Karen Sims|2022-02-16 19:05:47|1|0|10159564909723904|facebook
you have it right with “vaccination helps immensely”. The only reason the hospitals aren’t overextended (which is the sole legitimate purpose of the mandates and restrictions) is that the unvaccinated population causing the problem are now a small minority (like people who believe in Santa and a flat earth or who don’t believe in evolution).|10159565399743904|John Blair|2022-02-16 19:05:47|1|0|10159564909723904|facebook
won't be long until you are considered an extremist.|10159565168003904|Curtis Bebek|2022-02-16 19:05:48|1|0|10159564909723904|facebook
- Social media doesn't help either. People seem to be comfortable adopting extreme positions and then publicly stating them. Fake news makes it worse too.|10159565211603904|Devon Kruggel|2022-02-16 19:05:48|1|0|10159564909723904|facebook
one would think the left would be supportive of workers' movements.|10159565315418904|Chan Roberts|2022-02-16 19:05:49|1|0|10159564909723904|facebook
Why don’t you go out and talk to the truckers to find out what they are really standing for rather than relying on tertiary information?|10159566335658904|Teresa Longobardi|2022-02-16 19:05:49|1|0|10159564909723904|facebook
A new approach to blunt far-right groups: honest journalism and transparent governments.|10159565316288904|Daniel Tate|2022-02-16 19:05:38|0|0|10159564909723904|facebook
you mean talking with a very specific minority of truckers? 🙄|10159566499258904|Nelson Guedes|2022-02-16 19:05:49|1|0|10159564909723904|facebook
Yes. And Q-Anon Shamans. I never said they were clever or successful domestic terrorists. Workers strikes aren't angry at 16 year old girls speaking about climate change. https:// youtu.be/ rfvupdSozvo|10159566659963904|Glenn Christie|2022-02-16 19:05:49|1|0|10159564909723904|facebook
No. Afraid.|10159567041918904|Glenn Christie|2022-02-16 19:05:49|1|0|10159564909723904|facebook
lay of the kool-aid fella, go green.|10159565872883904|Rob Rush|2022-02-16 19:05:50|1|0|10159564909723904|facebook
Ryan Silverthorn I agree with some of it but rules aren’t freedoms and governance will always exist in a democratic society (and we did just have an election). The mandates were going to go away regardless of honking - they were gone mostly in Nov. so broader conversation yes, empathy of course, but extremism in all forms will be terrible for most people most of the time (vs the extremely loud ten percent on either end of the right and left spectrums)|10159566215753904|Leigh Himel|2022-02-16 19:05:50|1|0|10159564909723904|facebook
Bouncy castles and happy peaceful Canadians all over not seeing anything extreme outside extreme fake politically funded Media.|10159565244813904|Mj Daggett|2022-02-16 19:05:38|0|0|10159564909723904|facebook
Defund their places of worship obviously|10159564948353904|Andres Ruiz|2022-02-16 19:05:38|0|0|10159564909723904|facebook
Educating them is pretty much impossible too .... they'll believe any crazy thing that justifies their fear & bias no matter how much information you put in front of them or how gently you put it there.|10159567757638904|Bill Ferguson|2022-02-16 19:05:38|0|0|10159564909723904|facebook
The only opinion that seems extreme is this article and the fringe minority that agree with it.|232764088975605|Isabel Sander|2022-02-16 19:05:38|0|0|10159564909723904|facebook
Freedom isn’t far right . It’s for everyone.|10159565347368904|Jay Labatte|2022-02-16 19:05:38|0|0|10159564909723904|facebook
far right your a joke liberal media|10159564944453904|Garry Charron|2022-02-16 19:05:38|0|0|10159564909723904|facebook
Suggestion 1) Do NOT label groups like the Ottawa protesters as “Far Right” What evidence besides 2 or 3 nut jobs waving obscene flags do you have of the protesters holding “Far Right” views? What evidence do you have other than timing that those nut jobs were even associated with the protest?|10159565190163904|Neil Bristol|2022-02-16 19:05:39|0|0|10159564909723904|facebook
what about fat people? They are far more taxing on our healthcare system than unvaccinated people|10159565167318904|Curtis Bebek|2022-02-16 19:05:59|1|0|10159564909723904|facebook
The globe wouldn’t know the truth if it punched them right in the fkin kisser. Lying jackasses|10159565306458904|Bruce Stairs|2022-02-16 19:05:40|0|0|10159564909723904|facebook
get some and get back to chicago , new york seattle the state of california im sure they can tell you what to do with your made up data|10159565109653904|Chris Ruest|2022-02-16 19:06:06|1|0|10159564909723904|facebook
nah we need to defund politicians|10159565115078904|Taylan Knowles|2022-02-16 19:06:06|1|0|10159564909723904|facebook
dear boy, I live in Canada. And you?|10159565118668904|Sarah Galvin|2022-02-16 19:06:06|1|0|10159564909723904|facebook
its staggering how dense people can be when it all happened last year and we can see the results right now. Must be something in the water or a complete media blackout???|10159565670493904|Chris Ruest|2022-02-16 19:06:06|1|0|10159564909723904|facebook
So pleased to have started such a rational measured discussion, quite entertaining.|10159566208453904|John Butterill|2022-02-16 19:05:40|0|0|10159564909723904|facebook
no they have fallen off the right hand side of their flat earth.|10159567364948904|Mary Dale|2022-02-16 19:06:07|1|0|10159564909723904|facebook
And please tell us global, what’s needed for far left movements.|10159565558133904|Doreen Kulcsar|2022-02-16 19:05:40|0|0|10159564909723904|facebook
If force is all they respect, then show them force.|10159565232413904|Colin Richardson|2022-02-16 19:05:40|0|0|10159564909723904|facebook
"Lol, way to triple their appeal and recruitment, and given the ""early life"" background of Abrahamsen there, you'll only be vindicating their views vis a vis certain antisemitic tropes."|10159564990813904|Jose Alvaro Hernandez II|2022-02-16 19:05:40|0|0|10159564909723904|facebook
Giving them visibility either!|10159567065068904|Michaud Martin|2022-02-16 19:05:40|0|0|10159564909723904|facebook
Psalms 37:10 For yet a little while, and the wicked shall not be: yea, thou shalt diligently consider his place, and it shall not be. Psalms 37:11 But the meek shall inherit the earth; and shall delight themselves in the abundance of peace. Psalms 37:12 The wicked plotteth against the just, and gnasheth upon him with his teeth. Psalms 37:13 The Lord shall laugh at him: for he seeth that his day is coming. Psalms 37:14 The wicked have drawn out the sword, and have bent their bow, to cast down the poor and needy, and to slay such as be of upright conversation. Psalms 37:15 Their sword shall enter into their own heart, and their bows shall be broken. Psalms 37:16 A little that a righteous man hath is better than the riches of many wicked.|10159570533008904|Eddie Davidson|2022-02-16 19:05:40|0|0|10159564909723904|facebook
"Ordinary Canadians have experienced far more disruption to their employment and their lives from self proclaimed environmentalis ts and others on the left than they ever have from ""far right movements""."|10159569053808904|Gary McCaig|2022-02-16 19:05:39|0|0|10159564909723904|facebook
nope can't not a member. Not worth the money|10159565034983904|Debbie Mitchell|2022-02-16 19:06:08|1|0|10159564909723904|facebook
"Thanks for posting my favourite comment of the day: ""Poor Globe and Mail nobody reads you, except me because I had to in order to write this comment!"""|271351151805357|Jane Karen Sims|2022-02-16 19:06:08|1|0|10159564909723904|facebook
Read just the headlines and laugh!😂|10159565044293904|Roberta Villeneuve|2022-02-16 19:06:08|1|0|10159564909723904|facebook
No! I think you mean the far left the Corrupted ones|10159566440183904|Mary Fleming Faulkner|2022-02-16 19:05:40|0|0|10159564909723904|facebook
What is ALT RIGHT ? People who want a failed experiment with vaccine passports dropped ?|10159565192433904|Kevin Goodwin|2022-02-16 19:06:09|1|0|10159564909723904|facebook
Reactionaries who want to overthrow the government, willing to latch onto any white middle class grievance they think will get them there, whether it's vaccines, immigration or gay muppets.|10159565194418904|Stephen Humphrey|2022-02-16 19:06:09|1|0|10159564909723904|facebook
How about exterminating the Far Left Propaganda produced by Canada's Mainstream Media like the Globe and Mail.|10159565955198904|Lawrence Tierney|2022-02-16 19:05:40|0|0|10159564909723904|facebook
. I have never seen any of this gear used for white tail. What were they planning to do with this? https:// www.cbc.ca/news/ canada/calgary/ coutts-protest-c harges-laid-cou rt-appearance-b ail-1.6352482|10159565357233904|Marc Cyr|2022-02-16 19:06:10|1|0|10159564909723904|facebook
nevermind just $100 billion deficits, Freeland has $100 billion that she can't account for 🤔🤔🤔🤫🤫🤫|10159565674563904|John Gallant|2022-02-16 19:06:10|1|0|10159564909723904|facebook
whiners got a whine|10159566133833904|Rob Scott|2022-02-16 19:06:10|1|0|10159564909723904|facebook
Liberals are right wing.|10159565329368904|Nelson Guedes|2022-02-16 19:06:05|1|0|10159564909723904|facebook
Try reading news dear, not Fox|10159566514253904|Bonnie Cull|2022-02-16 19:06:04|1|0|10159564909723904|facebook
Yeah, like if you didn't violate peoples human rights that would totally take the wind out of their sails.|10159565072918904|Robin Hardement|2022-02-16 19:05:39|0|0|10159564909723904|facebook
"No, the entire ""event"" was highjacked by alt-right white extremists. Once that stench has settled in there is no getting rid of it."|10159565148683904|Alex Buchanan|2022-02-16 19:06:02|1|0|10159564909723904|facebook
Education in elementary schools would be a start Slavery,native abuses,the genocide ,must be taught in a responsible way.|10159565160298904|Sharon Taylor|2022-02-16 19:05:39|0|0|10159564909723904|facebook
Stating the obvious here but they aren't traitors. Looks like you've picked up trudeau's divisive language. He's done a 180. A canadian is a canadian is a canadian... remember?|10159566252313904|Clara Chol|2022-02-16 19:06:01|1|0|10159564909723904|facebook
That makes the cops TRAITORS #LOCKTHEMUP|10159566510533904|Bonnie Cull|2022-02-16 19:06:01|1|0|10159564909723904|facebook
Canadians who want their freedom back are not far-right. This ridiculous way of thinking is exactly why the protest has lasted 3 weeks.|10159564962233904|Michael Curry|2022-02-16 19:05:39|0|0|10159564909723904|facebook
bingo!!!|10159564940408904|John Williamson|2022-02-16 19:06:02|1|0|10159564909723904|facebook
no, truckers are just people doing their part to keep the economy going and keeping products on store shelves. Canada goose mob members who desecrate national monuments and harass innocent people do the exact opposite.  https:// www.google.com/ url?sa=t&source= web&rct=j&url=h ttps%3A%2F%2Fpr essprogress.ca% 2Fmeet-the-extr emists-and-soci al-media-influe ncers-at-the-ce ntre-of-the-far -right-siege-of -ottawa%2F&ved= 2ahUKEwjG98OPtI L2AhU5kWoFHXyOD gQQFnoECDAQAQ&u sg=AOvVaw0yIwy8 p8eWCl6Xo-nIC0z k|10159564943868904|Jim Preyde|2022-02-16 19:06:02|1|0|10159564909723904|facebook
- 99% of truckers are out working. That says everything.|10159564993138904|Devon Kruggel|2022-02-16 19:06:02|1|0|10159564909723904|facebook
no the fuckwads on the streets of Ottawa & at the borders are. Truckers are trying to do their jobs & this handful of idiots is preventing that.|10159565050203904|Brian David Lupton|2022-02-16 19:06:02|1|0|10159564909723904|facebook
Read Canada Unity's Bearhug 2.0 page... numerous far-right groups there including Action 4 Canada, Strong & Free Canada, Stand Up Canada, No Retreat No Surrender... the list goes on. Organizers are linked to the Maverick Party and one is even linked to Soldiers of Odin. They aren't hiding their far-right politics, you're choosing to ignore them.|10159565082548904|Aaron Hawryluk|2022-02-16 19:06:02|1|0|10159564909723904|facebook
Oh you think this is a trucker Convoy do you? I have some swamp land... interested?|10159565091133904|Kay Em Jay|2022-02-16 19:06:02|1|0|10159564909723904|facebook
Once the Nazis showed up everyone who wasn't a Nazi should have left.|10159565152963904|Brian David Lupton|2022-02-16 19:06:02|1|0|10159564909723904|facebook
https:// www.cbc.ca/news/ canada/calgary/ coutts-protest-c harges-laid-cou rt-appearance-b ail-1.6352482|10159565370388904|Marc Cyr|2022-02-16 19:06:04|1|0|10159564909723904|facebook
90% of truckers are beautiful, wonderful blue-collar workers keeping the economy flowing. These fringe extremist temper-tantrum babies are far right, and deserve the be thrown in prison. We do not negotiate with terrorists.|10159565234043904|Colin Richardson|2022-02-16 19:06:02|1|0|10159564909723904|facebook
look it up|10159565252053904|Andres Ruiz|2022-02-16 19:06:02|1|0|10159564909723904|facebook
As much as I disagree with this protest, I can't imagine they are all serial killers maybe they have a larger proportion than the general public but I am reasonably sure they are not all killers|10159565255458904|Mary Louise|2022-02-16 19:06:02|1|0|10159564909723904|facebook
Doubt what that they are Canadians|10159565169513904|Michael Marath|2022-02-16 19:06:03|1|0|10159564909723904|facebook
…Tamara Lich, Pat King, D. J. Dichter, Chris Barber and James Bauder, organizers and defenders of the so-called Freedom Convoy, are not political innocents spreading ‘peace and love’…|10159565000758904|Sylvia Watson|2022-02-16 19:06:04|1|0|10159564909723904|facebook
…and don’t forget the MOU that James Bauder was to present to the GG. It has has been withdrawn conveniently as it could easily be seen as an attempt to overthrow an elected government….|10159565020978904|Sylvia Watson|2022-02-16 19:06:04|1|0|10159564909723904|facebook
One extreme group was all member of the “fake news” media that were there.|10159565021973904|Pierre G. Joly|2022-02-16 19:06:04|1|0|10159564909723904|facebook
Pat King? Do you support his calls for the assassination of the PM?|10159565041893904|Marc Cyr|2022-02-16 19:06:04|1|0|10159564909723904|facebook
Lol yeah it's just a heartwarming redneck lovefest. 😂|10159565076918904|Kay Em Jay|2022-02-16 19:06:04|1|0|10159564909723904|facebook
Lol where do you guys get your fake news? Try harder.|10159565079493904|Kay Em Jay|2022-02-16 19:06:04|1|0|10159564909723904|facebook
Powerful Herbal treatment is 100% guarantee for HSV cure, the reason why most people are finding it difficult to cure HSV 1 or 2 is because they believe on medical report, drugs and medical treatments which is not helpful to cure HSV and hasnít proved any sign of helping. Natural roots/ herbs are the best remedy which can easily eradicate herpes forever. I never believed it until I was helped and cured of my 5 months genital herpes with natural herbal medicines from Dr maduka . Where other medical prescribed drugs and treatments failed, Dr maduka natural herbs helped saved me from Genital herpes permanently and i am so grateful for this. You can also get help from this great and powerful  African DR you can contact him or whatsapp +2348073960685  You can message him true his page  👇👇👇👇  Dr maduka herbal home|10159565269673904|Soft Alex Cool|2022-02-16 19:05:43|0|0|10159564909723904|facebook
