﻿comment|comment_ids|username|datetime|isreply|num_replies|post_id|label
Not even remotely the same bias and you know that don’t you? Defund all media.|10159568154748904|Jeff Durham|2022-02-16 18:56:01|1|5|10159568046068904|facebook
"With more than a bit of Trumpism and some ""country and western"" flavour 😆"|10159568350838904|S.d. Chakrabarti|2022-02-16 18:55:57|0|2|10159568046068904|facebook
it does prevent spread .. in that terrified vaccinated people seeing the irresponsibilit y in many shops in Florida just decided to stay at home all the time except for emergencies.. but many catch the viorus from the unmasked and unvaxxed as they carry a much higher load of the virus than the vaccinated|10159569554313904|Lelah Bender- Ferguson|2022-02-16 18:56:04|1|2|10159568046068904|facebook
It’s very important and that is exactly why it must be defunded.|10159568110153904|Jeff Durham|2022-02-16 18:56:01|1|1|10159568046068904|facebook
What a weak journalist , learn how to report facts instead of liberal propaganda|10159568081758904|Patrick Remillard|2022-02-16 18:55:57|0|1|10159568046068904|facebook
No I'd say pure canadian spirit. Lots of love, free food, bouncy castles amd hot tubs and spontaneous bursts of oh canada. Not to mention hugs and handshakes with police as the last protesters left coutts.|10159568697958904|Clara Chol|2022-02-16 18:56:02|1|1|10159568046068904|facebook
A weak copy that shutdown border trade lmao|10159568075628904|Chuck Seward|2022-02-16 18:55:57|0|1|10159568046068904|facebook
these are strong copies unfortunately of what is happening in far right Texas or Florida .. sadly .. alot of American influence|10159568395813904|Lelah Bender- Ferguson|2022-02-16 18:55:57|0|1|10159568046068904|facebook
Liberals are flat out lying about the protests, saying the War Memorial is being attacked. Trudeau father dodged the WWII draft. Our fallen troops paid for our freedoms, and now Trudeau son is taking them away.|10159568073163904|Adam Slater|2022-02-16 18:55:58|0|1|10159568046068904|facebook
You have no clue. There's no trucker Convoy in Florida. You know why?? Because Florida didn't do lockdowns, emergency powers, mandates, restrictions, etc. They lived on like normal and provided vaccines for those who wanted them. None of the other crap, so their people are happy with the covid response, thus no protest. Florida did things the way everyone should have. Nothing's getting rid of the virus. It's here to stay. We should've learned to live with it FROM DAY ONE. Like Florida. Hard for some to swallow their pride though and admit it.|10159568573258904|Nofrendze Cleveland|2022-02-16 18:56:04|1|1|10159568046068904|facebook
how come Florida and the States are an example of what should’ve been done and they are nearing a million deaths but other countries like Brazil and India that followed the American way aren’t shown as an example of anything? I’ll answer that: because in America most deaths have happened outside of the white community so it doesn’t matter.|10159569538188904|Robson Ferreira|2022-02-16 18:56:04|1|1|10159568046068904|facebook
Most deaths happen among the unvaccinated. So a lot of people made their choice there. At the the end of the day Florida, who did none of the measures, had less deaths than 18 other states who had them.|10159569539948904|Nofrendze Cleveland|2022-02-16 18:56:04|1|1|10159568046068904|facebook
they dont even read articles, just memes lol|10159568177028904|Bonnie Cull|2022-02-16 18:56:01|1|1|10159568046068904|facebook
where is your proof of that .. far too many unvaccinated died .. and it is utterly irrespoinsible to run around unmasked in Home Hardware etc .. with many other people who you might accidently kill by passing your virus on to others. we do NOT have the freedom to damage the health of others . .. or even cause an early death taht is PREVENTABLE WITH the Vaccines|10159569546048904|Lelah Bender- Ferguson|2022-02-16 18:56:04|1|1|10159568046068904|facebook
Bias is bias. Explain how they aren't the same, in your opinion.|10159568155993904|Simon A. James|2022-02-16 18:56:01|1|1|10159568046068904|facebook
But with what alternative to fund it? Corporate advertising just introduces bias of its own. At least the government grant is transparent.|10159568113873904|Simon A. James|2022-02-16 18:56:01|1|1|10159568046068904|facebook
domestic terrorism at its finest! I hope there are lots of hugs left when the next group decides they don’t like something happening in our country.|10159569003588904|Philip Standard|2022-02-16 18:56:02|1|1|10159568046068904|facebook
Journalism is important, and keeping it out of the hands of corporate overlords even moreso. How do you see a better way to keep media independent?|10159568105623904|Simon A. James|2022-02-16 18:56:01|1|1|10159568046068904|facebook
None of them should. Not a single one.|10159568104133904|Jeff Durham|2022-02-16 18:56:01|1|1|10159568046068904|facebook
Just about every Canadian media outlets benefits from that grant though.|10159568097353904|Simon A. James|2022-02-16 18:56:01|1|1|10159568046068904|facebook
No. Just those being paid by the government.|10159568093728904|Jeff Durham|2022-02-16 18:56:01|1|1|10159568046068904|facebook
So... Pretty much all media outlets, you mean...?|10159568089558904|Simon A. James|2022-02-16 18:56:01|1|1|10159568046068904|facebook
Defund all subsidized Canadian media.|10159568083303904|Jeff Durham|2022-02-16 18:55:57|0|1|10159568046068904|facebook
vaccine helps the individual, it helps you not die, so I encourage it, but it doesn't affect the people in home hardware. It doesn't prevent spread. Also, you talk about going around unmasked in home hardware... Listen, this virus is here to stay, like colds, flus, etc we've always seen. We're not running around wearing masks forever. Those worried can get vaccinated.|10159569551448904|Nofrendze Cleveland|2022-02-16 18:56:04|1|1|10159568046068904|facebook
My super power is triggering cons lol|10159568588168904|Bonnie Cull|2022-02-16 18:56:00|1|1|10159568046068904|facebook
the DERP is the top level of her education.|10159568587528904|Patrick Remillard|2022-02-16 18:56:00|1|1|10159568046068904|facebook
You bring the DERP wherever you go.|10159568568998904|Nofrendze Cleveland|2022-02-16 18:56:00|1|1|10159568046068904|facebook
Globe is a con rag, not lib, DERP #NEVERCON|10159568175428904|Bonnie Cull|2022-02-16 18:56:00|1|1|10159568046068904|facebook
And trudeau should learn the exemplaire responsable from monsieur legault in Québec city 2 week endos ago..|10159568158258904|Pascal Briand|2022-02-16 18:55:57|0|0|10159568046068904|facebook
and the globe and mail is a weak copy of a news site - so what?|10159568135828904|Rob Allan|2022-02-16 18:55:57|0|0|10159568046068904|facebook
The Globe and Mail what a piece of garbage.|10159568141363904|Grace Siglos|2022-02-16 18:55:57|0|0|10159568046068904|facebook
Yes the gilet jaunes protested in a similar fashion here in France in 2018/19 but for very different reasons. Their gripes were mainly about carbon tax and money coming out of people’s pockets. Macron’s response of backing down was the right one, as the type of policy change he was trying to implement was far too ambitious for the time period allowed. You can’t really compare that with a pandemic response or whatever you were trying to say there - they are two very different things.|10159568215693904|Eileen M-Catherine|2022-02-16 18:55:57|0|0|10159568046068904|facebook
So we should tear gas the workers and billy club children?|10159568085338904|SteveR Hunter|2022-02-16 18:55:58|0|0|10159568046068904|facebook
And yet ours inspired the world! Nice try globe and mail!|10159568696088904|Clara Chol|2022-02-16 18:55:57|0|0|10159568046068904|facebook
You know the Canadian protest started first!|10159570619898904|Hadi Feltham|2022-02-16 18:55:57|0|0|10159568046068904|facebook
Just more crap from G n M...|10159568460348904|Stan Riedel|2022-02-16 18:55:57|0|0|10159568046068904|facebook
Stop pooping on it, then 🤷‍♂️|10159568091473904|Simon A. James|2022-02-16 18:56:05|1|0|10159568046068904|facebook
Oddly, other newspapers say Canadian protests spread to Europe.  https:// nationalpost.com /news/ trucker-protests -what-started-i n-ottawa-could- roll-round-the- world|10159568493548904|Richard Sixton|2022-02-16 18:55:58|0|0|10159568046068904|facebook
i thought it was the other way around|10159569577663904|Lelah Bender- Ferguson|2022-02-16 18:55:57|0|0|10159568046068904|facebook
"1) Doug Ford: ""God bless 'em. I understand their frustration."" 2) Arsonists caught in the act of trying to burn down a building & it's residents #DomesticTerrori sm #FluTrucksKlan #FordFailedThePe ople https:// twitter.com/ TiMunoz/status/ 1490473045965815 812 https:// twitter.com/ CBCQueensPark/ status/ 1489708072645926 912"|10159568117758904|Lombardo Montana|2022-02-16 18:55:58|0|0|10159568046068904|facebook
PAID FOR PROPAGANDA|10159568141648904|Kevin R Marr|2022-02-16 18:55:58|0|0|10159568046068904|facebook
Lol the globe and fail.|10159568067943904|Michael Curry|2022-02-16 18:55:58|0|0|10159568046068904|facebook
Doug Saunders is a knock off of a real journalist. Fake News 🤡|10159568332968904|Daniel Joseph|2022-02-16 18:55:58|0|0|10159568046068904|facebook
Hahahah good one|10159568096973904|Derek Sampson|2022-02-16 18:55:58|0|0|10159568046068904|facebook
LMAO|10159568081173904|Jason Robichaud|2022-02-16 18:55:57|0|0|10159568046068904|facebook
check out houston bc, that is horrific and still doesn't require the war measures act...|10159569107173904|Clara Chol|2022-02-16 18:56:02|1|0|10159568046068904|facebook
Show us on the doll where the big bad media hurt you con lol And the cons call us libs weak snowflakes LMAO #NEVERCON|10159568177518904|Bonnie Cull|2022-02-16 18:56:04|1|0|10159568046068904|facebook
The Globe and Mail is a weak copy of Pravda.|10159568110488904|Randy TeBokkel|2022-02-16 18:55:57|0|0|10159568046068904|facebook
"""lern"" lmfao 🤣🤣"|10159568090563904|Simon A. James|2022-02-16 18:56:00|1|0|10159568046068904|facebook
That's better, good boy 👍|10159568107433904|Simon A. James|2022-02-16 18:56:00|1|0|10159568046068904|facebook
Typical liberal, always patting themselves on the back while performing poorly.|10159568591763904|Nofrendze Cleveland|2022-02-16 18:56:00|1|0|10159568046068904|facebook
ignore, she's not well.|10159568701918904|John Skippy|2022-02-16 18:56:00|1|0|10159568046068904|facebook
Show us on the doll where the big bad media hurt you con lol And the cons call us libs weak snowflakes LMAO #NEVERCON|10159568176133904|Bonnie Cull|2022-02-16 18:56:01|1|0|10159568046068904|facebook
Did you name your 12 cats after Trudope and his cabinet?|10159568341068904|Matt Miller|2022-02-16 18:56:01|1|0|10159568046068904|facebook
Hitler paid his media. Heil Trudeau/|10159568368593904|Ken Hass|2022-02-16 18:56:01|1|0|10159568046068904|facebook
god no .. and then watch FOX rise :(|10159568591668904|Lelah Bender- Ferguson|2022-02-16 18:56:01|1|0|10159568046068904|facebook
Crime Minister Justin Trudeau is a treasonous, anti-Canadian, globalist puppet that we will get to vote OUT next October. No vote splitting. Pierre for PM!  *We do need to end the subsidization I think. It would allow for some vigor and competition, and in turn would add more credibility to journalism as a whole, as you'd end up with more sources to corroborate details of ongoing stories and circumstances. Fully privatized media.|10159568599978904|Nofrendze Cleveland|2022-02-16 18:56:01|1|0|10159568046068904|facebook
let me guess, you watch Fox News??|10159568666733904|Philip Standard|2022-02-16 18:56:01|1|0|10159568046068904|facebook
no this is the difficulty CBC and some newspapers need more money . otherwise fox news will become our Brave New World of Newspeak|10159569547203904|Lelah Bender- Ferguson|2022-02-16 18:56:01|1|0|10159568046068904|facebook
yes!! Perfect description|10159568667338904|Philip Standard|2022-02-16 18:56:02|1|0|10159568046068904|facebook
Only because our cops didn't want a bloodbath. Next time might not be do lucky 😜|10159568892963904|S.d. Chakrabarti|2022-02-16 18:56:03|1|0|10159568046068904|facebook
Well deal with it. Virus is here to stay and we're done with masks. Wear two if you're terrified|10159569595468904|Nofrendze Cleveland|2022-02-16 18:56:04|1|0|10159568046068904|facebook
I think you the far left. They burn buildings and raid stores|10159578819783904|Fern Sharp|2022-02-23 00:00:00|1|0|10159568046068904|facebook
"Hold the line! Bear witness to ""inverted totalitarianism ""! Stand on guard for thee! True patriot love, true north strong and free! It's always been about up vs down, in between the left and right wing is an angel. The tyrant Son of Castro and the Frankenstein corporate elite are enemies to all free and democratic people. ❤🇨🇦💪"|10159568477663904|Luke Anthony Greatrex|2022-02-16 18:55:58|0|0|10159568046068904|facebook
