﻿comment|comment_ids|username|datetime|isreply|num_replies|post_id|label
"All of those Auschwitz guards who used, "" only following orders"", as an excuse, found out it does not stand. Let's remind all politicians p who support Trudeau that this too will not stand, and we electorate will not give them a pass."|10159575593443904|Jack White|2022-02-23 23:39:32|0|6|10159575343388904|facebook
the woman was in her 40s and jumped right up after she went down.|10159575531593904|Kathi Maskell|2022-02-23 23:39:53|1|6|10159575343388904|facebook
Why would anyone listen to a small group of truckers instead of the majority of immunologists when it comes to dealing with a pandemic. Let's not vote for politicians who would!|10159575459273904|Manfred Forest|2022-02-23 23:39:32|0|5|10159575343388904|facebook
You sound bright. Maybe a kind RCMP officer will use his baton to knock some sense into you some time in the future.|10159575556998904|Ryan Bennett|2022-02-23 23:39:58|1|4|10159575343388904|facebook
50$ or 500 they’re all in this together - stay safe! Don’t Donate to a poor cause.|10159575501378904|Dave Anderson|2022-02-23 23:39:32|0|4|10159575343388904|facebook
"""...And tHEN aFTer TruDEau frOzE hER BaNk AcCOuNT, tHE rcmP raN ovER heR wiTh A HorsE!"" - MP Mark Strahl on FOX ""News"", at some point in the future"|10159575522298904|Suresh Singaratnam|2022-02-23 23:39:33|0|4|10159575343388904|facebook
There is only 2 words i have for you. BANK RUN If you really want to protest and do actual damage to the system then pull your money out and keep it safe. For evry dollar you have in there they are loaning 10|10159575515748904|Moigradeanu Alexandru|2022-02-23 23:39:32|0|4|10159575343388904|facebook
Dean Dude, sarcasm/ mocking font! 🤣❤️ (I suspect we’re on the same side of this issue)|10159575884668904|Suresh Singaratnam|2022-02-23 23:39:58|1|3|10159575343388904|facebook
"I saw that post... it was a ""screen"" shot making the claim.  The fact that so many in the CPC and PPC are just outright lying these days I sure don't trust them anymore."|10159575396933904|Devon Kruggel|2022-02-23 23:39:33|0|3|10159575343388904|facebook
there are fuel cards which most drivers use. That is ok so now all the drivers can claim bankruptcy and the banks will lose the money owing on the trucks anyways considering the damage done by the police to the trucks.|10159575962668904|Dave Seaward|2022-02-23 23:39:37|1|2|10159575343388904|facebook
- I know... they don't read threads, they just react on emotion.|10159575976403904|Devon Kruggel|2022-02-23 23:39:57|1|2|10159575343388904|facebook
a tucker Carlson fan...enough said|10159575794503904|Mike Heffernan|2022-02-23 23:39:39|1|2|10159575343388904|facebook
oh but you trust a guy that has actually been caught in multiple ethics violations? And who has been caught lying about it? And can’t answer a question to save his life? 🤔|10159575459413904|Dianne Ianniello|2022-02-23 23:39:57|1|2|10159575343388904|facebook
exactly the globe put it out there and I'm calling them out , right or wrong|10159575728283904|Patrick Perrier|2022-02-23 23:39:40|1|2|10159575343388904|facebook
do you really think he cares ?? More money than brains...but in saying that, if he decided to build a plant in Canada, the government would really have to sit down and think about it just my opinion|10159575440113904|James Milne|2022-02-23 23:39:56|1|2|10159575343388904|facebook
On the assumption that you are referring to PM Trudeau, I trust him and his team infinitely more than anyone in the opposition, especially the odious Polievre.|10159575612323904|Richard Gregson|2022-02-23 23:39:55|1|2|10159575343388904|facebook
seriously??? You know you can't trust the mini Trump we have in Prime Minister's office and his government.|10159575544458904|Leroy Forrester|2022-02-23 23:39:55|1|2|10159575343388904|facebook
Yes it does. It's so true and sad that people like you have to resort to hackneyed Conservative tropes because you haven't got anything substantive to add to the discussion. You just just keep parotting the same old thing over and over again ad nauseum and no one takes you or your posts seriously.|10159575744128904|Debra Yundt|2022-02-23 23:39:48|1|2|10159575343388904|facebook
Complete bunk, and right-wing propaganda. Banks don't do that they are private business with strict rules. A Bank would require a court order to freeze anyone's account.|10159575499363904|Peter Muller|2022-02-23 23:39:32|0|2|10159575343388904|facebook
do you live under a rock? The government literally passed this a few days ago and clearly said no court orders are required.|10159575504708904|Jay Labatte|2022-02-23 23:39:49|1|2|10159575343388904|facebook
Google “ War Measures Act” then “Marshall Law” then the Emergency Act just established - look for words pertaining “ freezing assets or financial accounts contributing to a unlawful act. Should cover your question.|10159575512108904|Dave Anderson|2022-02-23 23:39:49|1|2|10159575343388904|facebook
The emergency act as outlined by Freeland includes freezing the accounts of those who donate, how is this unsubstantiated , and how do you expect to reasonably substantiate the claim seeing as it lines up with what the government stated they would do and they are not providing whos accounts have and haven't been frozen?|10159575540598904|Drew Douglas|2022-02-23 23:39:40|1|2|10159575343388904|facebook
I believe I saw enough to know what happened|10159575579518904|Vern Schaab|2022-02-23 23:39:53|1|2|10159575343388904|facebook
That's right Mike. All lies and nothing but lies from me|10159575800553904|Dan Van Minnen|2022-02-23 23:39:41|1|1|10159575343388904|facebook
and now Trudeau is threatening to overthrow the government.|10159575742523904|Leroy Forrester|2022-02-23 23:39:55|1|1|10159575343388904|facebook
Nice fail at deflection. ..|10159575732413904|Debra Yundt|2022-02-23 23:39:48|1|1|10159575343388904|facebook
Freeland has stated many times on camera that if you donated your bank account WILL be frozen as per the state run CBC.|10159575377643904|Dave Seaward|2022-02-23 23:39:33|0|1|10159575343388904|facebook
really one word blackface|10159575385673904|Cary Mackenzie|2022-02-23 23:39:48|1|1|10159575343388904|facebook
Conservatives have no problem straight up lying. Just like their Republican buddies. 🤮|10159575376093904|Melanie B-Kingston|2022-02-23 23:39:32|0|1|10159575343388904|facebook
Only after the emergency regulations were passed - not retrospectively|10159575520888904|Richard Gregson|2022-02-23 23:39:55|1|1|10159575343388904|facebook
well I'm glad you can laugh yourself like the rest of the world is doing as they read this|10159575619418904|Rollins Ric|2022-02-23 23:39:35|1|1|10159575343388904|facebook
More con gaslighting.|10159575366818904|Paul Van Elsberg|2022-02-23 23:39:32|0|1|10159575343388904|facebook
The Cons owe the country a huge apology after flouting the single mother who works for minimum wage who had account frozen ... OMG ..,,, She tweeted today it was all a big mistake , She had just used the wrong PIN number for her account !! THE CONS SHOULD REALLY GET ALL THE FACTS FIRST !!!!!!! 🤣😅😆🤣😅😆|10159577317413904|Ted Wismer|2022-02-23 23:39:32|0|1|10159575343388904|facebook
I have no doubt that Polievre is not much better than Trudeau. But Trudeau hates Canadians. He has shown that he hates the poor, the minorities (especially indigenous Canadians), the common workers, the truckers, the nurses, the veterans, all of those involved in the protests.|10159575677703904|Leroy Forrester|2022-02-23 23:39:55|1|1|10159575343388904|facebook
- And conservatives have made misinformation into an art form.|10159575499248904|Ken Erickson|2022-02-23 23:39:45|1|1|10159575343388904|facebook
Misinformation spreads so fast these days|10159575450673904|Jim Rutter|2022-02-23 23:39:32|0|1|10159575343388904|facebook
"Don't make it sound like a small minority of people from each of those categories represents a whole. Nearly all truckers, nurses and veterans stayed away from the protests and kept ""hero-ing"" away from this sideshow. And it wasn't so long ago that some people were on here claiming that CERB and other financial support programs throughout COVID would make poor people lazy and destroy their work ethic 🙄"|10159575685018904|Richard Evans|2022-02-23 23:39:55|1|1|10159575343388904|facebook
This tweet is what I’m referencing  “ British Columbia MP Mark Strahl tweeted Sunday that “a single mom from Chilliwack working a minimum wage job” named Briane made the donation “when it was 100% legal,” and had not otherwise taken part in convoy-related activities. He provided neither her last name nor her financial institution, but said “her bank account has now been frozen.”  Mr. Strahl did not respond to a comment request, and tweeted that he refused to share any further details of the case with media, citing privacy reasons. But a widely circulated leaked list of donors searched by The Globe and Mail does not contain anyone named Briane.”|10159575639028904|Linda Jeaurond|2022-02-23 23:39:43|1|1|10159575343388904|facebook
Sweetheart, that's not how reality works.  When you make an accusation, you need to back it up. You don't get to blindly throw it out there and expect others to disprove something that was just made up on the spot.|10159575715923904|Jason Godin|2022-02-23 23:39:40|1|1|10159575343388904|facebook
I wonder how many frightened/ irate customers contacted their bank because of this tax funded mp’s unsubstantiated claims.|10159575533353904|Linda Jeaurond|2022-02-23 23:39:32|0|1|10159575343388904|facebook
Conservative MPs have a record of lying in the House of Commons. Note that Strahl hasn't provided a shred of evidence that what he's claiming is true.|10159577083838904|Stephen Best|2022-02-23 23:39:32|0|1|10159575343388904|facebook
The government isn't going after Jack and Jill for a few hundred dollars, they want the big players|10159575390133904|James Milne|2022-02-23 23:39:33|0|1|10159575343388904|facebook
international too?|10159575415233904|Janis McNamara|2022-02-23 23:39:56|1|1|10159575343388904|facebook
they don't have any jurisdiction outside of Canada, but those who donated will be blacklisted|10159575417433904|James Milne|2022-02-23 23:39:56|1|1|10159575343388904|facebook
if Elon Musk DID donate… I wonder if his travel or trade would be blacklisted?|10159575436948904|Janis McNamara|2022-02-23 23:39:56|1|1|10159575343388904|facebook
This is false. She wrote on Twitter there was a misunderstandin g. She was using the wrong pin for her card. And then Mark Strahl prematurely and inaccurately blamed the government for targeting her…whoopsie!|10159576059973904|Crystal Anne Allarie|2022-02-23 23:39:32|0|1|10159575343388904|facebook
NOT what Freeland said|10159575476248904|Gordie Allen|2022-02-23 23:39:56|1|1|10159575343388904|facebook
still following me around the internet Debra? Go away|10159575736548904|Dan Van Minnen|2022-02-23 23:39:41|1|1|10159575343388904|facebook
What RCMP did was called one of the farmer who had his truck there, they called his parents and said 'we're going to revoke the insurance and freeze the bank accounts of your farm if you don't tell your son to go home.' So he posted a video saying 'I give up I need to go farm this year and not go under.' So of course you can stroll into Parliament and say you're not freezing bank accounts. Most people give up with a gun to their temple.|10159575703063904|Dan Van Minnen|2022-02-23 23:39:32|0|1|10159575343388904|facebook
so you believe everything they print, what a piece of work you are|10159575742398904|Patrick Perrier|2022-02-23 23:39:40|1|1|10159575343388904|facebook
what?!? They didn’t make this ridiculous claim! Why would they research it? Are you kidding me?|10159575731598904|Philip Standard|2022-02-23 23:39:40|1|1|10159575343388904|facebook
truth hurts sorry|10159575735598904|Cary Mackenzie|2022-02-23 23:39:48|1|1|10159575343388904|facebook
your hysterical, thanks for the laugh|10159575617243904|Thomas Burnside|2022-02-23 23:39:35|1|1|10159575343388904|facebook
a lady in Ottawa had her business n bank frozen|10159575517038904|Rollins Ric|2022-02-23 23:39:35|1|1|10159575343388904|facebook
hahaha. You're concerned about words I use. Yet Trudeau does nothing besides throwing words around in a childish tantrum. But hey. Go ahead and cover for him. I have the rest of the world on my side cause only the little few like you are blinded.|10159575612153904|Rollins Ric|2022-02-23 23:39:35|1|1|10159575343388904|facebook
the woman with a walker right? Just want to make sure we are talking about the same woman trampled by the horses.|10159575583098904|John W Berezinski|2022-02-23 23:39:53|1|1|10159575343388904|facebook
so you know her? you were there? quit acting like you know exactly what happened unless you were there upfront an personal. . you arent her. you dont know anything. so mind your mouth.|10159575543143904|Kylie Kelm|2022-02-23 23:39:53|1|1|10159575343388904|facebook
awesome, obviously a supporter of the illegal occupation. Hopefully the business will be gone soon|10159575523603904|Thomas Burnside|2022-02-23 23:39:35|1|1|10159575343388904|facebook
The police also lied that their horses didn’t trample an old lady.we do not believe any police officer|10159575523908904|Vern Schaab|2022-02-23 23:39:32|0|1|10159575343388904|facebook
of course! Basic human freedoms are unacceptable if our magnificent Prime Minister and his billionaire masters say so.|10159575569268904|Eric Novak|2022-02-23 23:39:51|1|1|10159575343388904|facebook
are you serious??? Basic human freedoms is a poor cause!|10159575543188904|Leroy Forrester|2022-02-23 23:39:51|1|1|10159575343388904|facebook
yes. That's exactly how communism worx. I'm glad you're on trudeaus side.|10159575524768904|Rollins Ric|2022-02-23 23:39:35|1|1|10159575343388904|facebook
there is no way that old woman with grey hair and a mobility scooter who was preaching about being there for the future of her grandchildren is in her 40s. Also there are lots of photos and videos of her in the hospital.|10159575742473904|Aaron Nickerson|2022-02-23 23:39:53|1|1|10159575343388904|facebook
49, according to Fox news’ reporting on SIU investigation.  https:// www.foxnews.com/ world/ ontario-police-w atchdog-opens-i nvestigation-wo man-reportedly- trampled-mounte d-officer.amp  Putting a mobility-impair ed person on the front line with police clearing the area (exactly as they informed them the day before they would be) was a super brave move. Kids must’ve been unavailable? I guess they were in the bouncy castle?|10159575770798904|Nicholas Dyson|2022-02-23 23:39:53|1|1|10159575343388904|facebook
there were two women trampled. Most are focused on the elderly woman with the mobility scooter. The other woman may very well been in her 40s|10159575782113904|Aaron Nickerson|2022-02-23 23:39:53|1|1|10159575343388904|facebook
And it turned out the police horse did not trample the lady.|10159576065863904|Leigh Anderson|2022-02-23 23:39:53|1|1|10159575343388904|facebook
, yes they did and another man as well. There is an investigation into the matter by the Ontario police. They put out a statement|10159576794393904|Tanis Robinson|2022-02-23 23:39:53|1|1|10159575343388904|facebook
What if you only donate 250 ,00 When trudeau violated the roles ,He Got a 250,00 fine ,,Why should you be any different ,Because he is the son of Margaret ,|10159575551548904|Ernesto Agbuya|2022-02-23 23:39:32|0|1|10159575343388904|facebook
"where were your calls for enacting the emergencies act back in 2019/2020 when the ""Stand still"" protests/ blockades blocked railways, harbors, city intersections. They were violent dangerous protests, there's even footage of some of them trying to derail a train. The freedom convoy was funded MAJORLY by Canadians where in comparison the ""Stand Still"" movement was mostly funded by foreign groups. Just because you don't agree with their cause doesn't mean you enact the emergency act to deal with it. The P.M created this mess with his divisive speeches and remarks and complete disregard for those who don't share his views. He called Canadians who were hesitant to get the vaccine racist, often misogynistic, anti vaxxers. And seeing as the protest/ occupation was peaceful and has since been cleared away there is no need for the emergencies act. The government should never be able to freeze Canadian bank accounts without a court order. This is a power grab!!"|10159575657063904|Dawn-Marie Archer|2022-02-23 23:39:49|1|1|10159575343388904|facebook
The CONs are clearly now in full panic mode, and rightfully so. The Emergencies Act will enable the full exposure of the CONs’ (scheer, poilievre, bergen, kenney, cooper, gladu, moe, gallant, patzer, ferreri, rood, genuis, rempel, o’toole, et al) seditious incitement and full support for the failed MAGA-funded redneck coup attempt in Ottawa and the ongoing protests/ blockades throughout Canada. More importantly, the Emergencies Act will ensure appropriate charges and penalties are laid. Tick tock CON party of Canada. 🚔🚔🚔👍|10159575367913904|Todd Keough|2022-02-23 23:39:32|0|1|10159575343388904|facebook
The fact that he won’t even address it speaks volumes.|10159575495858904|Alice Tu|2022-02-23 23:39:33|0|1|10159575343388904|facebook
Canada does not negotiate with unlawful protesters.|10159575693263904|Danny Bogan|2022-02-23 23:39:53|1|1|10159575343388904|facebook
MPs answer to their constituents.|10159575694753904|Alice Tu|2022-02-23 23:39:53|1|1|10159575343388904|facebook
Overwhelmingly Canadians are against the protesters.|10159575697768904|Danny Bogan|2022-02-23 23:39:53|1|1|10159575343388904|facebook
You're forgetting that almost all the of the donations to the protests were made by donors outside of Canada.|10159576915158904|Peter Muller|2022-02-23 23:39:49|1|1|10159575343388904|facebook
as an American I will give you some slack. The truck blockades we’re over prior to the EA. As for the freezing of accounts, as of today 287 accounts totalling more than $4.5 million have been frozen. The finance minister has stated that more accounts plus any crypto currency will also be frozen. Please get your facts straight. And BTW stop with ‘right wing’ conspiracy rhetoric it shows you have little to no understanding. Thank you|10159576886448904|Randy Reiffenstein|2022-02-23 23:39:49|1|1|10159575343388904|facebook
Let me help you with this. The gov't had to enact the EA because the Truck blockade started to destroy the economy. The freezing of bank accounts was never acted on, it is pure right-wing propaganda.|10159576825138904|Peter Muller|2022-02-23 23:39:49|1|1|10159575343388904|facebook
they did! Read the Emergency Act. It’s overreach, but they now have the power, I’ve read the act|10159576579743904|Randy Reiffenstein|2022-02-23 23:39:49|1|1|10159575343388904|facebook
Complet hogwash, you are a pathetic troll!! Do you moron like believe the government can suspend the constitution on a whim? It does not fact check!!!!!|10159575512713904|Peter Muller|2022-02-23 23:39:49|1|1|10159575343388904|facebook
Maybe learn what communism means , before tossing the word around|10159575526433904|Thomas Burnside|2022-02-23 23:39:35|1|1|10159575343388904|facebook
That's why she has a dislocated shoulder and bruising in the shape of big hoof prints?.|10159575582298904|Ryan Bennett|2022-02-23 23:39:53|1|1|10159575343388904|facebook
Conservatives love to lie...but really the people in the protest are Conservatives, so I am sure some people will have their accounts frozen for real 🤣🤣🤣🤣🤣🤣|10159575386703904|Thomas Burnside|2022-02-23 23:39:32|0|1|10159575343388904|facebook
Great job holding the Opposition to account for unsubstantiated allegations. Someone’s got to do it.|10159575477828904|Peter Menzies|2022-02-23 23:39:32|0|1|10159575343388904|facebook
I dunno they’ve made a series of so-far unsubstantiated allegations about a far-right, internationally -orchestrated coup d’état in order to suspend due process and bankrupt people but, hey, Braine . . .|10159575528388904|Peter Menzies|2022-02-23 23:39:40|1|1|10159575343388904|facebook
- I have never voted for nor do I support Trudeau. You have a very black vs. white way of thinking.|10159575829043904|Devon Kruggel|2022-02-23 23:39:57|1|1|10159575343388904|facebook
: A large group of truckers and their supporters.|10159578486988904|James Cyr|2022-02-23 23:39:39|1|1|10159575343388904|facebook
"no it wasn't just a "" small group of truckers "", that is a true statement for sure. I wonder what would be a more factual statement then..."|10159578472958904|Jack Bergin|2022-02-23 23:39:39|1|1|10159575343388904|facebook
"Maybe Meta should devise a special ""Liar Badge"" for people like this. Getting so sick of the Conservative party which is more interested in playing juvenile political games than in coming up with constructive ideas to move Canadan and its people forward."|10159576849548904|Pauline Dalby|2022-02-23 23:39:33|0|1|10159575343388904|facebook
Invoking the Hitler or Nazi argument is always a sure sign that the person doing so has nothing useful to say and has already lost their argument.|10159575680408904|Brian Avery|2022-02-23 23:39:37|1|1|10159575343388904|facebook
hey Mark, we are all pissed, but most wouldnt crush other people's rights and domestically terrorise other Canadians just to prove they are pissed off|10159575661168904|Mike Heffernan|2022-02-23 23:39:39|1|1|10159575343388904|facebook
": It wasn't a ""small group of truckers"". And the reason for the protest was for the removal of the border mandates, which, by the way, have no scientific backing."|10159576023533904|James Cyr|2022-02-23 23:39:39|1|1|10159575343388904|facebook
every protest annoys someone. Trudeau is highly annoying he is the one crushing Canadians rights. So I would say the peaceful protest in Ottawa was justified. Emergency measures Act not so much. Running folks over with horses, a bit much.|10159575674183904|Mark Piercey|2022-02-23 23:39:39|1|1|10159575343388904|facebook
Yeah and Comrade Trudeau is telling the truth.|10159575553728904|Ryan Bennett|2022-02-23 23:39:57|1|1|10159575343388904|facebook
You dont know me, yet you assume...I didnt ...but I'm aware of the dangers imposed on the govt at the moment...and any drinking the right/ tucker Carlson koolaid is an unethical and uneducated individual|10159575803503904|Mike Heffernan|2022-02-23 23:39:39|1|1|10159575343388904|facebook
You only trust Liberals|10159575569583904|Bryce Mugford|2022-02-23 23:39:57|1|1|10159575343388904|facebook
So globe, prove that this did not occur as your written words do not carry any weight anymore, you're just another bought and paid for media outlet|10159575499423904|Patrick Perrier|2022-02-23 23:39:32|0|1|10159575343388904|facebook
after you having to respond to basically the same question shows no one actually reads anything before posting! LoL|10159575974633904|Nathan Peardon|2022-02-23 23:39:57|1|1|10159575343388904|facebook
, it wasnt peaceful...my daughter lives near metcalfe and Elgin...dt Ottawa...spit at for wearing a mask...attempte d and successful arson at apartment complexes....24 /7 train horns, truck horns and fireworks....|10159575700063904|Mike Heffernan|2022-02-23 23:39:39|1|1|10159575343388904|facebook
overall it was peaceful morso than Oka, and most of the pipeline protests. There were bouncy castles and free food.|10159575709798904|Mark Piercey|2022-02-23 23:39:39|1|1|10159575343388904|facebook
, bouncy castles and right wing white supremacist...I think you got it|10159575713333904|Mike Heffernan|2022-02-23 23:39:39|1|1|10159575343388904|facebook
More false equivalence and hyperbole from the right to make up for the lack of facts and a real argument. When in doubt invoke the Third Reich. smh|10159575770858904|Debra Yundt|2022-02-23 23:39:39|1|1|10159575343388904|facebook
you watch and beleive mainstream media and probably voted liberal.|10159575715068904|Mark Piercey|2022-02-23 23:39:39|1|1|10159575343388904|facebook
"I lived in Ottawa during the FLQ crisis. My late father was a reporter on Parliament Hill at the time you would be surprised how equipped I am. Many of today's journalists would be fired for how they present the ""news"""|10159575766313904|Mark Piercey|2022-02-23 23:39:39|1|1|10159575343388904|facebook
the liberal government warned about a fake group called Diagalon, anyone call them out for falling for obvious satire?|10159575520958904|Drew Douglas|2022-02-23 23:39:40|1|1|10159575343388904|facebook
, funny how it goes that way...I was presenting facts and my family's experiences...i t appears your quite daft to actual fact...have a nice day...but I doubt your equipped to do that.😊|10159575758758904|Mike Heffernan|2022-02-23 23:39:39|1|1|10159575343388904|facebook
ok, now let’s say you are one of the “truckers” who were supposedly at the center of this. You think they want to carry enough cash to fuel their trucks, food, and accommodations on long haul (cross border) runs? Oh, wait, multiple currencies on those. Way to make yourself a target for robbery.|10159575856503904|Michael Szeller|2022-02-23 23:39:37|1|1|10159575343388904|facebook
I think you missed my point.|10159575542093904|Peter Menzies|2022-02-23 23:39:40|1|1|10159575343388904|facebook
Too bad you don't understand how government works. Just because he doesn';t do what you want him to do, doesn't mean he isn't doing his job.|10159575950743904|Debra Yundt|2022-02-23 23:39:40|1|1|10159575343388904|facebook
Singhs a hero for not siding with the criminal insurrectionist con party. CRY #NEVERCON|10159576675103904|Bonnie Cull|2022-02-23 23:39:40|1|1|10159575343388904|facebook
Too bad lowlife Singh wouldn't do his job.|10159575592578904|Ana Singh|2022-02-23 23:39:40|1|1|10159575343388904|facebook
my point is that jumped on this as unsubstantiated (Globe columnist Gary Mason was even making fun of her on Twitter) but there doesn’t seem to have been a reciprocal application of skepticism. The story itself is actually seeking clarity on the situation. The headline writer gave us his/her point of view rather than reflecting the content of the story|10159575603558904|Peter Menzies|2022-02-23 23:39:40|1|1|10159575343388904|facebook
banks have tools to prevent bank runs. That you don’t know what they are tells me that you don’t understand the modern banking system. Also quite frankly there are no where near enough people who would follow such a protest to remotely endanger and major bank. Most people realize that they need banks, badly. They have mortgages, credit cards, etc. which they depend on.|10159575664133904|Michael Szeller|2022-02-23 23:39:37|1|1|10159575343388904|facebook
clearly we know how to withdraw our money. Banking institutions no longer are reliable. Please do explain how banks and the rich were the only ones to make more (200%) more during a pandemic and All small business and Canadian citizens actually lost money....hmmm|10159575589778904|Dave Seaward|2022-02-23 23:39:37|1|1|10159575343388904|facebook
clearly you have no idea how banking works.|10159575538428904|Michael Szeller|2022-02-23 23:39:37|1|1|10159575343388904|facebook
I'm mortgage free. Credit cards can be canceled and should be with the interest rates they charge.|10159575727193904|Dave Seaward|2022-02-23 23:39:37|1|1|10159575343388904|facebook
Is that how you got your brain injury?|10159575689308904|Waldemar Friedrich|2022-02-23 23:39:58|1|0|10159575343388904|facebook
Yep, in her forties. I did read she had a broken collarbone|10159575681068904|Richard Evans|2022-02-23 23:39:53|1|0|10159575343388904|facebook
this is how urban|10159575607558904|Robert Low|2022-02-23 23:39:53|1|0|10159575343388904|facebook
you could see her getting up in another video|10159575624368904|Jim Arnold|2022-02-23 23:39:53|1|0|10159575343388904|facebook
her family and the lady herself confirmed it didn't happen.|10159575659613904|Cathy Bullerwell|2022-02-23 23:39:53|1|0|10159575343388904|facebook
Time to turn off Fox tv, loosen the tinfoil hat and stop binging on conspiracy theories.|10159575718793904|Alex Buchanan|2022-02-23 23:39:58|1|0|10159575343388904|facebook
trying to avert a massive Bank run?|10159575518693904|Gary Desjardins|2022-02-23 23:39:33|0|0|10159575343388904|facebook
Its such a shame that they are resorting to this type of bs. If they can't win on their own merit, they don;t deserve to win at all.|10159576863713904|Marilyn Thompson|2022-02-23 23:39:57|1|0|10159575343388904|facebook
there’s only one being investigated by SIU, and the ‘elderly’ woman video is linked in the story I posted to you. If she was injured so badly, wouldn’t you expect that hers would be the trampling being investigated? Why so against the idea of just admitting you made a mistake when you claimed there was ‘no way’ she was in her 40s? Totally reasonable (although I’m sure a significant minority) for a 49-yo woman to be a grandmother. What’s not reasonable is the part of my earlier message that you ignored - that a 49-yo mobility-impair ed person was allowed on the front line against a police line in the first place.|10159575808238904|Nicholas Dyson|2022-02-23 23:39:53|1|0|10159575343388904|facebook
well you didn’t do your research. The only police mounted horses where from Toronto, so you have no clue what your talking about . Also the woman shouldn’t have been there . Thats what the horses are brought in for , going into crowds . So what about the idiot that got arrested for injuring one of the horse , you don’t have anything to say about that , eh !!!|10159575883448904|Dean Selby|2022-02-23 23:39:58|1|0|10159575343388904|facebook
He must got of fox news|10159576046688904|Clayton Muirhead|2022-02-23 23:39:33|0|0|10159575343388904|facebook
she was also dead according to the Con jobs but she arose from the dead on the second day...|10159575792183904|Jim Boudreau|2022-02-23 23:39:58|1|0|10159575343388904|facebook
Yeh Vern..get facts straight... hihi...I believe in the police..they work hard and put their lives in harm's way|10159578002243904|John P. Gilbert|2022-02-23 23:39:53|1|0|10159575343388904|facebook
As you said, an investigation is underway, wait for that. In the meantime, the old lady's age seems to have come down from 62 to 49.|10159576944238904|Leigh Anderson|2022-02-23 23:39:53|1|0|10159575343388904|facebook
exactly! I've been doing the same thing for weeks now.|10159575977518904|Nathan Peardon|2022-02-23 23:39:57|1|0|10159575343388904|facebook
Yah cause libs arent criminal LIARS|10159576684788904|Bonnie Cull|2022-02-23 23:39:57|1|0|10159575343388904|facebook
I received a cheque from.the Prince of Nigeria as well|10159575778968904|Jeff Scott Warren|2022-02-23 23:39:33|0|0|10159575343388904|facebook
where did you see that ? More lies I guess ?|10159576149813904|Shahab Habibi|2022-02-23 23:39:53|1|0|10159575343388904|facebook
All Cons do is lie...|10159575581688904|Dan Begg|2022-02-23 23:39:33|0|0|10159575343388904|facebook
- Wrong. Try again.|10159575827648904|Devon Kruggel|2022-02-23 23:39:57|1|0|10159575343388904|facebook
as am I. I think we’re talking about different things. I’m talking about the BC not addressing his unsubstantiated claim that a single mom had her bank account frozen for donating $50. RCMP says they didn’t free accounts for donations.|10159575702043904|Alice Tu|2022-02-23 23:39:53|1|0|10159575343388904|facebook
That's ridiculous. Anyone else thought the money send to GoFindMe are going to be used locating our missing and desperately needed PM?|10159575798203904|Lebioda Irena|2022-02-23 23:39:33|0|0|10159575343388904|facebook
We should believe government why?|10159575364603904|Dave Cromarty|2022-02-23 23:39:33|0|0|10159575343388904|facebook
Oh Canada! When are we going to listen to trucker’s demands to end 5G signals, immigrants, vaccines, carbon tax, abortion, bike lanes colorful socks, and women who work outside the home?|10159576933993904|Peter Muller|2022-02-23 23:39:33|0|0|10159575343388904|facebook
How do you know a Conservative is lying...his or her lips are moving|10159575790268904|Jim Boudreau|2022-02-23 23:39:33|0|0|10159575343388904|facebook
Go crypto!|10159577449433904|Serarose Berte Sabordo|2022-02-23 23:39:33|0|0|10159575343388904|facebook
So what’s the limit 100 dollars 500? I don’t understand they said anyone that donate or help fund this Protest?|10159575387288904|Tanis Lee Waller|2022-02-23 23:39:33|0|0|10159575343388904|facebook
What?!?? You mean a conservstive posted a misleading viral tweet?!?!?? I do not believe it!|10159580114808904|Mark Anderson|2022-02-24 00:00:00|0|0|10159575343388904|facebook
I seen in the news last week TD freeze acct|10159575369923904|Edds Tacangski|2022-02-23 23:39:33|0|0|10159575343388904|facebook
208 accounts frozen so far cry baby lol #LOCKTHEMUP|10159576681493904|Bonnie Cull|2022-02-23 23:39:56|1|0|10159575343388904|facebook
He should not have made the statement,if he did not know what the facts where He should only make false accusations on Facebook|10159575958508904|Sharon Taylor|2022-02-23 23:39:33|0|0|10159575343388904|facebook
since when do people listen to her ?? Do you think, do you actually think the government is going to freeze tens of thousands of bank accounts ?? Seriously, give it some thought,|10159575479683904|James Milne|2022-02-23 23:39:56|1|0|10159575343388904|facebook
No no no...they threw a horse at her, and THEN ran her over with a bicycle! 😉|10159575676373904|Richard Evans|2022-02-23 23:39:58|1|0|10159575343388904|facebook
Thinking and being proactive is not their forte.|10159575442913904|Janis McNamara|2022-02-23 23:39:56|1|0|10159575343388904|facebook
Bs|10159575502888904|Chris Urban|2022-02-23 23:39:33|0|0|10159575343388904|facebook
Alex, its sarcasm lol hes on our side|10159576667683904|Bonnie Cull|2022-02-23 23:39:58|1|0|10159575343388904|facebook
I think the lady has hoodwinked you. They are not after small donors (and how would she afford this anyway). They published how many accounts were actually frozen and it would not include small donors, just looking at the numbers.|10159575837028904|Marilyn Thompson|2022-02-23 23:39:33|0|0|10159575343388904|facebook
Abother con who cant deal with reality and loves the fake news lying to her lol|10159576669438904|Bonnie Cull|2022-02-23 23:39:58|1|0|10159575343388904|facebook
I think you need a new tinfoil hat and a serious reality check.|10159575781223904|Debra Yundt|2022-02-23 23:39:55|1|0|10159575343388904|facebook
Nothing like this government strikes fear into its citizens|10159575968123904|Thomas A Hillier|2022-02-23 23:39:33|0|0|10159575343388904|facebook
you are correct. Majority of people stayed home and worked. That's why we must honour and be thankful for those who made the sacrifices for us, to go out and protest. All this over a relatively harmless virus. But the billionaire establishment must push their agenda.|10159575728463904|Leroy Forrester|2022-02-23 23:39:55|1|0|10159575343388904|facebook
You are right|10159576864068904|Marilyn Thompson|2022-02-23 23:39:56|1|0|10159575343388904|facebook
Uhhh. The finance minister literally said this would happen. And said “ if you want them u frozen stop supporting them”  Trudeau said the same thing.  Sorry we are not buying the crap anymore|10159575818223904|Chris Caprio|2022-02-23 23:39:33|0|0|10159575343388904|facebook
ITS called sarcasm. DERP|10159576668573904|Bonnie Cull|2022-02-23 23:39:58|1|0|10159575343388904|facebook
oh so you think it's all fake eh, well one of your own just sided with his corrupt buddy Trudeau to get this passed so when your freedoms disappear, which they eventually will you can thank him, stop watching the cbc sheep!|10159576174158904|Mi Amore|2022-02-23 23:39:58|1|0|10159575343388904|facebook
fortunately we have a minority govt and all decisions are audited publicly, and the act itself is upheld by parliament.|10159575581498904|Steve Martin|2022-02-23 23:39:55|1|0|10159575343388904|facebook
good one Ryan, very good one|10159575919283904|Ryszard Lewy|2022-02-23 23:39:58|1|0|10159575343388904|facebook
lol.. you can’t fix STUPID.. that guy is Trudeau’s puppet|10159575481523904|Marielle St-Aubin Andrews|2022-02-23 23:39:57|1|0|10159575343388904|facebook
- I don't believe what Trudeau is saying either.|10159575827793904|Devon Kruggel|2022-02-23 23:39:57|1|0|10159575343388904|facebook
Hasn't this politician by now learnt that lies and disinformation doesn't work! His father tried that for years and it didn't work then and doesn't work now! If he is so sure about this woman's claim, then why doesn't he announce the full details. Coming from a politician who doesn't believe in law and order, I find this comical.|10159575611723904|Marie Bertini|2022-02-23 23:39:33|0|0|10159575343388904|facebook
let’s hope|10159575885083904|Dean Selby|2022-02-23 23:39:58|1|0|10159575343388904|facebook
Conservative Party is a gong show. Leader doesn’t know how to do anything other than rant over and over.|10159575612748904|John Godfreyson|2022-02-23 23:39:33|0|0|10159575343388904|facebook
maybe the troll police will come get you.|10159575609043904|Al B Smith|2022-02-23 23:39:58|1|0|10159575343388904|facebook
it was a joke by the way but it's the Librals that are the real joke to the world 🤣|10159575774743904|Cary Mackenzie|2022-02-23 23:39:48|1|0|10159575343388904|facebook
good video from protestors also shows the horse stepping over her...which they are trained to do.|10159575562748904|Kathleen Leach|2022-02-23 23:39:53|1|0|10159575343388904|facebook
you mean don’t donate to anything you or Trudeau don’t believe in|10159575904208904|Suzie Szmolyan Morrow|2022-02-23 23:39:51|1|0|10159575343388904|facebook
anti-Semitism will get you nowhere in this argument. Shameful|10159575730328904|Philip Standard|2022-02-23 23:39:39|1|0|10159575343388904|facebook
liberal voter enough said.|10159575796658904|Mark Piercey|2022-02-23 23:39:39|1|0|10159575343388904|facebook
liberal voter...enough said.|10159575797298904|Mark Piercey|2022-02-23 23:39:39|1|0|10159575343388904|facebook
Which scientists were these? Please send credible links to credible scientists.|10159575803173904|Mark Beland|2022-02-23 23:39:39|1|0|10159575343388904|facebook
really? Do you want to do there? BecUse so many immunologists don’t agree with your politicized doctors… do you want a list?  And all your doctors have been wrong! So wrong that we are up to 3 and potential 4 boosters.  So sit down and be quiet|10159575820933904|Chris Caprio|2022-02-23 23:39:39|1|0|10159575343388904|facebook
"what did "" the scientists"" have to say in 1933 that triggered the end result being the holocaust?."|10159575839178904|Jack Bergin|2022-02-23 23:39:39|1|0|10159575343388904|facebook
Jan Zonq imagine setting up a hot tub, a bouncy castle me a karaoke stage in the middle of the Capitol city for 3 weeks and cry about not having freedom.|10159576114113904|Shahab Habibi|2022-02-23 23:39:39|1|0|10159575343388904|facebook
then you know the area, there is a CAF recruiting office at 240 Sparks St. 50 of our young men and women get sworn in to join our military daily. They give up their civic rights to fight for the freedom and democracy of our country. After the ceremony they come back thru the doors and stand on the steps a different person willing to die for our freedom. If you look straight ahead you would have saw those goons sitting in a hot tub under a Canadian flag 🇨🇦 upside down demanding their freedom. I wonder how many goons stumbled across the steps while our newly enlisted waits for them to move so they could walk thru the doors and start their careers of fighting for the freedom for these goons. I know, I was there.|10159576232378904|Narda Lynn|2022-02-23 23:39:39|1|0|10159575343388904|facebook
hmmmm, instead of using ‘they’ and ‘their’, please insert the correct noun, Trudeau. Then it makes more factual sense|10159576570598904|Randy Reiffenstein|2022-02-23 23:39:39|1|0|10159575343388904|facebook
If people knew the history of the third Reich, they would know that it was the Nazis who instigated protests against the democratic Weimer Republic, and overthrew the government. The neo Nazis have been using these tactics consistently for years to overthrow existing governments. Unfortunately truckers are caught in the middle of this.|10159576651238904|Gina Lay|2022-02-23 23:39:39|1|0|10159575343388904|facebook
😊|10159576861533904|Marilyn Thompson|2022-02-23 23:39:39|1|0|10159575343388904|facebook
think Alberta separatists.,.|10159578526638904|Jack Bergin|2022-02-23 23:39:39|1|0|10159575343388904|facebook
unmm… freehand literally said this would happen.  And if you were this person would you come forward with the nut job Trudeau and the way things have played out?  Think about it|10159575821943904|Chris Caprio|2022-02-23 23:39:40|1|0|10159575343388904|facebook
yellow card for assuming because some shares a different point of view they are less well informed|10159576439978904|Peter Menzies|2022-02-23 23:39:40|1|0|10159575343388904|facebook
The con party lies, ALWAYS #LOCKTHEMUP|10159576674438904|Bonnie Cull|2022-02-23 23:39:40|1|0|10159575343388904|facebook
oh dear and a straight red for you|10159576680848904|Peter Menzies|2022-02-23 23:39:40|1|0|10159575343388904|facebook
Triggered|10159576685133904|Bonnie Cull|2022-02-23 23:39:40|1|0|10159575343388904|facebook
there does not appear to be a name that matches on the list of donors that the site’s horrible security leaked. I would have to say the MP is telling porkies.|10159575540918904|Michael Szeller|2022-02-23 23:39:40|1|0|10159575343388904|facebook
yea, I’m sure The Globe and Mail is really concerned with your feedback.|10159575732718904|Mike MacLeod|2022-02-23 23:39:40|1|0|10159575343388904|facebook
why is it the majority of European countries are now starting to roll back restrictions?  Why is it that Trudeau is so determined to implement a vaccine mandate now considering all the evidence shows that vaccines are not stopping transmission of Omicron?  You don't have to be a politician to think for yourself.|10159575680898904|Kurtis Pealo|2022-02-23 23:39:39|1|0|10159575343388904|facebook
A bank run is a wonderful idea. You can then bring the money to me and exchange it for ...well I have not thought up the rest of the scam, uh delete that, the wonderful investment I have for you. Or you could get walmart cards and pay the back taxes I need to collect from you. Naturally enough this bank run will hurt the system but not any real people.|10159578721418904|Leigh Anderson|2022-02-23 23:39:38|1|0|10159575343388904|facebook
It's called a university degree. Choices have consequences|10159576671823904|Bonnie Cull|2022-02-23 23:39:38|1|0|10159575343388904|facebook
Have you ever stopped to consider how offensive and disrepectful these comparisons are to people who actually lived through this or lost family in the camps.|10159575766473904|Debra Yundt|2022-02-23 23:39:37|1|0|10159575343388904|facebook
"Given the amount of hysteria and obtuse hyperboles about ""oCcUpAtIoN, wHiTe SuPrEmAcIsTs, etc"", leftist and ""progressives"" have surrendered any right to accuse anyone else of lying."|10159575582613904|Paul Reagan|2022-02-23 23:39:35|1|0|10159575343388904|facebook
omg stop your to funny 🤣🤣🤣🤣🤣|10159575620838904|Thomas Burnside|2022-02-23 23:39:35|1|0|10159575343388904|facebook
Thank you for telling us. So many times lately incorrect info is spread without the truth being told.|10159576860783904|Marilyn Thompson|2022-02-23 23:39:36|1|0|10159575343388904|facebook
If neither side of the government is actually going to function in any kind of reality then what hope do we have?|10159577544548904|Cristos Kalangis|2022-02-23 23:39:32|0|0|10159575343388904|facebook
the electorate already has! 3 elections Trudeau has won. Conservatives 0|10159575614823904|Marie Bertini|2022-02-23 23:39:37|1|0|10159575343388904|facebook
sadly, lots of people complicit in Nazi atrocities got off scott free using exactly that excuse. That being said, any comparison between what happened in the Third Reich over 12 years, and the Ottawa occupation and it's aftermath, is false equivalence.|10159575615568904|Patricia Finch|2022-02-23 23:39:37|1|0|10159575343388904|facebook
Stop with the Nazi allusions that have no relevance here. This “demonstration” was an act of sedition using a tiny minority of “truckers” as a front of Useful Idiots for more extreme politicos whose beliefs were soundly repudiated by over 99% of voters who didn’t support the People’s Party.  Hard to accept arguments from Conservatives who know better but can’t afford to lose their softer extreme right supporters…and can’t stomach their own legislation.|10159575617743904|David Balcon|2022-02-23 23:39:37|1|0|10159575343388904|facebook
been told to get out of downtown Ottawa after 3 weeks of shenanigans is not even on the same scale as getting transported to Auschwitz in a cattle car, taking a gas shower, and then being burned. And then having to answer for it as a Nazi.  Wtf is wrong with you?|10159575622438904|Christa Forsythe|2022-02-23 23:39:37|1|0|10159575343388904|facebook
Havaara agreement Look it up.|10159575947403904|Dylan Swann|2022-02-23 23:39:37|1|0|10159575343388904|facebook
Lay off Fox news Trumper|10159576671153904|Bonnie Cull|2022-02-23 23:39:38|1|0|10159575343388904|facebook
so, Trudeau insinuating the same Nazi theory is ok though? But go ahead and trust a black face racist. ( careful when you use references)|10159576563823904|Randy Reiffenstein|2022-02-23 23:39:37|1|0|10159575343388904|facebook
Just like Trudeau said pointing at a Jewish descendant of a holocaust survivor she was a Nazi supporter,and he never apologized now spin that.|10159577076438904|Alan Armstrong|2022-02-23 23:39:37|1|0|10159575343388904|facebook
Auschwitz guards and comparing them to Justin Trudeau is like a brutal attack by you on Jewish folks who've had a horrible and brutal attack on their race which included millions of murders . The Prime Minister has never done anything but tried to get control of our country inflicted by a bunch of truly ignorant people who believed they could take our country under control by simply occupying it . And to top it off there's Daystar out of Texas , praising God and these freaks all in the same breath . I doubt if even one member of that Lamb family has ever set foot in our country . And yet Ms. Lamb the top far right guru is so sure , like you, that Justin Trudeau is wrong for us . This is. for you sir , we, the Canadian people voted Justin Trudeau in power because he's a centrist . Not left and certainly not far right where freedom doesn't exist|10159578596243904|Joyce Hawthorn|2022-02-23 23:39:37|1|0|10159575343388904|facebook
, you are a moron!|10159575622383904|Jim Arnold|2022-02-23 23:39:37|1|0|10159575343388904|facebook
That won't work with mortgages, loans or major investments. Do you think ALL these truckers own their rigs or houses outright?|10159575679103904|Richard Evans|2022-02-23 23:39:37|1|0|10159575343388904|facebook
|10159575691673904|Michael Bradley|2022-02-23 23:39:37|1|0|10159575343388904|facebook
how do they pay the balance on those fuel cards? ETransfer, check? Doubt they’ll do cash for that. Oh and if they can’t make payments, it called repossession, and the truck gets resold. Given the shortages in the auto sector, doubt they’ll sell it at a loss. Damage to the trucks was pretty much limited to those who did not cooperate when asked to leave and wouldn’t open up. Not that many; and that was mostly a broken window so they could reach in and unlock the door. Pretty minimal.|10159575968938904|Michael Szeller|2022-02-23 23:39:37|1|0|10159575343388904|facebook
found a new song that sums the convoy up  https:// twitter.com/ ItsSamG/status/ 1495159594536030 216?ref_src=tws rc%5Etfw%7Ctwca mp%5Etweetembed %7Ctwterm%5E149 515959453603021 6%7Ctwgr%5E%7Ct wcon%5Es1_c10&r ef_url=https%3A %2F%2Fwww.ajour nalofmusicalthi ngs.com%2Fcanad as-new-hit-sing le-convoy-by-ky le-rock%2F|10159575970893904|Michael Szeller|2022-02-23 23:39:38|1|0|10159575343388904|facebook
They should be worried about staying in business|10159575733938904|Patrick Perrier|2022-02-23 23:39:40|1|0|10159575343388904|facebook
I believe that this man made a claim that he heard somewhere and not one person has been able to back it up. He looks like a fool.|10159575754353904|Philip Standard|2022-02-23 23:39:40|1|0|10159575343388904|facebook
Another con who cant deal with reality #LOCKTHEMUP|10159576681988904|Bonnie Cull|2022-02-23 23:39:40|1|0|10159575343388904|facebook
While Trudeau definitely has some things to answer for, he has never supported the illegal take over of the government. False equivalence.|10159578888113904|Heidi Anne Tee|2022-02-23 23:39:50|1|0|10159575343388904|facebook
well, the War Measures Act no longer exists. Martial Law is not in effect, so just look at the Emergency Measures Act (to give it its proper name) and save some time.|10159575545228904|Michael Szeller|2022-02-23 23:39:49|1|0|10159575343388904|facebook
50% is half, not almost all. I say to you, so what? There is no proof any money was given for nefarious reasons. I will end by asking you , “Do you know that over 65% of money going into the Trudeau Foundation are foreign?” There’s no proof any money was given for nefarious reasons. See how that works?|10159576925823904|Randy Reiffenstein|2022-02-23 23:39:49|1|0|10159575343388904|facebook
Freeland acknowledged that funds are and will be frozen. Some of these people will believe only what they want. It’s over $4.5 million and counting.|10159576928958904|Randy Reiffenstein|2022-02-23 23:39:49|1|0|10159575343388904|facebook
sadly these people will only believe what bias msm will feed them. I’d tell them to simply google Chrystal Freeland’s news conference ( but they’d probably figure it’s been edited). Stupid is as stupid does|10159576933128904|Randy Reiffenstein|2022-02-23 23:39:49|1|0|10159575343388904|facebook
"So can we now safely assume that ""Brianne from Chilliwack"" is officialy ""Mark's girlfriend from Canada""? Of course he's only a CPC MP, why should we expect him to ever check facts. Inuendo, gossip and rumour are their stock in trade.🤬"|10159577422953904|Eric Storey|2022-02-23 23:39:32|0|0|10159575343388904|facebook
It’s true the party needs deregistered|10159575485163904|Linda Jeaurond|2022-02-23 23:39:49|1|0|10159575343388904|facebook
^^^LMFAO at ‘dawn-marie archer’ 😂😂😂^^^. Blank/fake profile gaslighting idiot CON ‘war room’ snowflakes are so easy to flush out! The truth hurts. 😂👎|10159575748968904|Todd Keough|2022-02-23 23:39:50|1|0|10159575343388904|facebook
Lmao!|10159575846218904|Effi Michelle Kapoulis|2022-02-23 23:39:50|1|0|10159575343388904|facebook
A couple across the road from me in Yuma, which is an American and donated money to the truckers in Canada through go fund me. He is wondering if their bank account could be frozen. I said I didn’t know.|10159577406233904|Shirley Blize Stenger|2022-02-23 23:39:32|0|0|10159575343388904|facebook
at least I don't saport a rascist, bigot. Oh sorry that anyone that doesn't agree with him right. His words not mine|10159575766898904|Cary Mackenzie|2022-02-23 23:39:48|1|0|10159575343388904|facebook
Not true. People who have donated have had their accounts frozen, i know two of such cases/|10159576524538904|Richard Prychitko|2022-02-23 23:39:32|0|0|10159575343388904|facebook
Good|10159576682953904|Bonnie Cull|2022-02-23 23:39:51|1|0|10159575343388904|facebook
Why give traction to unsubstantiated claims? Investigate.|10159575578788904|Shirley Golder|2022-02-23 23:39:32|0|0|10159575343388904|facebook
thats the dictators orders|10159575528103904|Alan Skelhorne|2022-02-23 23:39:32|0|0|10159575343388904|facebook
Any accounts frozen before Monday Feb 21st when the actual act was voted on, were illegal and the banks should have never participated and all of them should be restored with written apologies from the bank|10159576172373904|Mi Amore|2022-02-23 23:39:32|0|0|10159575343388904|facebook
BLM .|10159575520133904|Gary Desjardins|2022-02-23 23:39:51|1|0|10159575343388904|facebook
Yup don’t donate to the Liberal Party|10159575570738904|Bryce Mugford|2022-02-23 23:39:51|1|0|10159575343388904|facebook
it aint him, its kalus|10159575871288904|Curtis Dean Doeve|2022-02-23 23:39:51|1|0|10159575343388904|facebook
Do you notice his posturing ? You would think they were saying we were all going to have our accounts frozen . Just relax Mr. if all he had in his account was 50 bucks he can easily get that from your wallet . Just relax and stop blowing it out of proportion|10159575575798904|Joyce Hawthorn|2022-02-23 23:39:32|0|0|10159575343388904|facebook
Not many people think the black face was acceptable, but constantly bringing this up as though he has been promoting racism all through his political career is ludicrous. It was immature, insensitive and it happened a long time ago. Now, if you can find legitimate examples of racism that are prevalent in his governing today, please, let the world know. Talk about his policies. Not his hair, his childish behavior from years ago, his privileged upbringing, whatever. I am sure you have more intelligent arguments against him. It's like listening to 5 year olds name calling sometimes.|10159575439708904|Geri Horsford|2022-02-23 23:39:48|1|0|10159575343388904|facebook
Citation please.|10159575735158904|Debra Yundt|2022-02-23 23:39:41|1|0|10159575343388904|facebook
Should be investigated. Please be reminded that there are many sorts of normal situations (I assume) that can get aspects of your financial affairs apparently 'frozen'. My credit card companies do this when they see 'suspicious' transactions. My bank flagged a 'suspicious' bank withdrawal transaction many years ago which was fraud.|10159576524268904|Bob Mingie|2022-02-23 23:39:32|0|0|10159575343388904|facebook
so what you’re saying is this didn’t happen, and you just made it up. Gotcha!!|10159575773773904|Mike Arsenaultorum|2022-02-23 23:39:41|1|0|10159575343388904|facebook
Nice fail at deflection and still no citation.|10159575878743904|Debra Yundt|2022-02-23 23:39:41|1|0|10159575343388904|facebook
Debra you two are proving bias toward buried info perfectly. It did get 54K views though and the guy is quite popular relatively speaking though not in the Convoy leadership. He has a black beard, and makes a lot of updates from the front lines.|10159575926483904|Dan Van Minnen|2022-02-23 23:39:41|1|0|10159575343388904|facebook
Now what you need to do is go and show me you can find it, and don't forget to tell me how hard it was. Because it's not easy because no news sources will cover it. Just Facebook|10159575927233904|Dan Van Minnen|2022-02-23 23:39:41|1|0|10159575343388904|facebook
"if your research skills are still inadequate and/or you like to lazily fire ""citation please"" at people, then I'll do it for you and get you the link. I predict I'll be doing it for you and getting you the link."|10159575929483904|Dan Van Minnen|2022-02-23 23:39:41|1|0|10159575343388904|facebook
You know what this is a waste of my time to even talk to you to embarass you for laziness Debra. Your democracy is at stake and I need to go to work tomorrow. The Crackpot Farmer, Feb 17. Don't waste my time carefully deconstructing why it's not real or that serious etc. It is. I'm off to work|10159575952213904|Dan Van Minnen|2022-02-23 23:39:41|1|0|10159575343388904|facebook
Democracy was almost lost, but Ottawa fought those fascist insurrectionist s and won #LOCKTHEMUP|10159576676543904|Bonnie Cull|2022-02-23 23:39:41|1|0|10159575343388904|facebook
Which people Bonnie? The Mohawk grandma in the scooter who is legally exempt from the Emergenices act? Anyone who said hi to a trucker, like I did but didnt actually protest? The 92000 who gave money? Who Bonnie?|10159576860203904|Dan Van Minnen|2022-02-23 23:39:41|1|0|10159575343388904|facebook
, when is the RCMP going to investigate Trudeau for his conflicts of interests ?|10159581945183904|Joyce Fenez-Reynolds|2022-02-25 00:00:00|1|0|10159575343388904|facebook
They have already done frozen some of them.|10159575446443904|Josh Bos|2022-02-23 23:39:47|1|0|10159575343388904|facebook
It was Freeland who said on live tv that if you donated to the convoy your account was in danger. Now they're trying to walk it back.|10159575590163904|Ana Singh|2022-02-23 23:39:43|1|0|10159575343388904|facebook
so you realize that you can donate under alternate names lol.  Of course the person is not saying anything. Would you? Think about it|10159575819518904|Chris Caprio|2022-02-23 23:39:43|1|0|10159575343388904|facebook
Yeah right.. Politician's spouting garbage does not help. No name of course..|10159575378718904|Bonna Haldenby|2022-02-23 23:39:32|0|0|10159575343388904|facebook
RCMP, banks and Ottawa say convoy protest donors won’t have accounts frozen after viral [con] tweet said otherwise - The Globe and Mail  “The RCMP, banking sector and federal government said Monday that account-freezin g powers bestowed by the Emergencies Act to deal with convoy protesters do not affect donors, despite unsubstantiated claims by a Conservative MP that a constituent had their bank account frozen for a $50 protest contribution.  “Police officers have shared with financial institutions the names of the leaders of the blockades … and the names of truckers,” Finance Minister Chrystia Freeland said at a news conference Monday. Bank accounts, she said in French, “can be frozen for a number of reasons that have no connection with the occupation.”  The RCMP issued a statement soon after, clarifying the extent of law enforcement’s financial tracking since the Emergencies Act was invoked on Feb. 14. “At no time, did we provide a list of donors to financial institutions,” the statement read. “We are now working with the banks to build a process to address the accounts that were frozen.”  British Columbia MP Mark Strahl tweeted Sunday that “a single mom from Chilliwack working a minimum wage job” named Briane made the donation “when it was 100% legal,” and had not otherwise taken part in convoy-related activities. He provided neither her last name nor her financial institution, but said “her bank account has now been frozen.”  Mr. Strahl did not respond to a comment request, and tweeted that he refused to share any further details of the case with media, citing privacy reasons. But a widely circulated leaked list of donors searched by The Globe and Mail does not contain anyone named Briane.”  https:// www.theglobeandm ail.com/canada/ article-rcmp-ban ks-and-ottawa-s ay-convoy-prote st-donors-wont- have-accounts/|10159575482133904|Linda Jeaurond|2022-02-23 23:39:44|1|0|10159575343388904|facebook
All sides use it but it does seem more prevalent on the conservative side|10159575756448904|Jim Rutter|2022-02-23 23:39:45|1|0|10159575343388904|facebook
, bank accounts are frozen. Trudeau is a dictator who loves China.|10159581944088904|Joyce Fenez-Reynolds|2022-02-25 00:00:00|1|0|10159575343388904|facebook
Hi dear friend 👋, Hope my message doesn't come as any form of privacy invasion? If so I'm sorry. I tried adding you up on this fb but it's say add only people you know maybe it's because I'm new here and judging from your profile, you seem like a nice kind hearted man. Well I love your face page most especially your charming smile and pretty face but it's inappropriate to send you friend request without your permission would you mind sending me a friend request? and message me just want to be friends if you don't mind...|10159575437968904|Linda Argent|2022-02-23 23:39:46|1|0|10159575343388904|facebook
What!!? A Conservative stretch the truth? Naaah!|10159575425308904|Gordon-Karen Weighill|2022-02-23 23:39:32|0|0|10159575343388904|facebook
BS that was a made up story posted by Fox News that was debunked|10159576671883904|Paderick Rose|2022-02-23 23:39:58|1|0|10159575343388904|facebook
