﻿comment|comment_ids|username|datetime|isreply|num_replies|post_id|label
Probably planted by RCMP|10159563226828904|Robin Hardement|2022-02-16 23:25:39|0|4|10159563171873904|facebook
interesting. You just did what I accused you of being willing to do. You stated that I said this element is part of all protests. When in fact what I said is there will always be people who find their way in and cause trouble. I challenge you to look at any protest including the BLM protest and any other protest that's happened in Canada and show me that there weren't people who cause trouble.  There are often arrests. In fact it's unusual to have protests anymore without arrest. Now, if you want to focus on one protest that had no negative outcomes fine, find one. It's not the majority in almost all if not all cases there's vandalism, there's assault, there's disruption, there are arrests, and yes there are vile unacceptable expressions of hate and intolerance and not necessarily from one side or the other.  So if your goal here is somehow to suggest the purity of one protest of over another. Good luck.  These protests in Ottawa Coutts and Milk River and elsewhere have been largely uneventful except when LE has entered the scene.  All that said. If you can't accept that this group (which has been present it seems for many days) is a fringe in and of itself. Not part of the larger organization despite those words directly from the RCMP, that's on you.  Additionally the Alberta protests at the border are not part of the trucker convoy and its organization for what it's worth. You can also choose to believe that or not. If you're curious enough you'll find out and learn about the leaders of the trucker convoy and how the Coutts and Milk River ones sympathized but we're not part of the same organization any more than the convoys in Australia and the US and France and England and Brazil and many other places are..... A common feeling shared and expressed in a common way by a huge majority.... peaceful, like we've never seen peaceful protest before.... And then you get these yahoos.... The exception, not the rule.|10159563406678904|Daniel O'Keefe|2022-02-16 23:25:45|1|4|10159563171873904|facebook
Not sure where you get that idea, but the vast majority of guns do not have high capacity magazines. Most people are responsible and there are no reasons why someone would carry such gun.|10159563271508904|Pierre G. Joly|2022-02-16 23:25:45|1|4|10159563171873904|facebook
So, if the RCMP stops all cars on an Alberta highway, on any day, they would likely find some guns the drivers have with them for a variety of good, valid and legal reasons. Same would apply in all other provinces, let's not jump to conclusions.|10159563211633904|Pierre G. Joly|2022-02-16 23:25:39|0|3|10159563171873904|facebook
They just found it a hour before the prime minister invoque the war mesure act. Just a coincidence like that…|10159563344083904|Samuel Gagnon|2022-02-16 23:25:42|1|2|10159563171873904|facebook
Body armour and high-capacity magazines. Totally not terrorists.|10159563228478904|Ben Meggison|2022-02-16 23:25:39|0|2|10159563171873904|facebook
I don't doubt it. But maybe they are leaving out details which clarify that truth....🤔...so I ask for that..|10159563335398904|Daniel O'Keefe|2022-02-16 23:25:44|1|2|10159563171873904|facebook
don’t drink too much of the juice - don’t go conspiracy theory….|10159563429048904|Pina Boragina Hayes|2022-02-16 23:25:43|1|2|10159563171873904|facebook
|10159563353813904|Joe Keefhaver|2022-02-16 23:25:42|1|2|10159563171873904|facebook
No you are a boot licking culture|10159563351068904|Troy Cooper|2022-02-16 23:25:42|1|2|10159563171873904|facebook
"How many Canadians does this guy think just drive around on the highway with handguns and body armour ""for a variety of good, valid and legal reasons""?? What a ridiculous strawman argument 🙄🙄"|10159563236638904|Simon A. James|2022-02-16 23:25:45|1|2|10159563171873904|facebook
Yah the body armor protects when the deer start shooting back.|10159563451193904|Ben Meggison|2022-02-16 23:25:47|1|2|10159563171873904|facebook
Thought the Karen konvoy was a peaceful protest.|10159563333073904|Steve Doherty|2022-02-16 23:25:39|0|2|10159563171873904|facebook
probably hunters🤔|10159563380293904|Wayne Smith|2022-02-16 23:25:47|1|1|10159563171873904|facebook
..no proof, fake news... you made this up...|10159565199908904|Jim Dietz|2022-02-16 23:25:45|1|1|10159563171873904|facebook
So bring your guns and children.|10159563365898904|Patrick Boyer|2022-02-16 23:25:40|0|1|10159563171873904|facebook
why do any of your questions matter? They were there. They were armed. A better question is what attracts these people to this protest?|10159563358553904|David Rochon|2022-02-16 23:25:44|1|1|10159563171873904|facebook
they were NOT armed. That's why. The RCMP raided locations KNOWN to be associated with a small group at the protest. Those things were found at 3 locations.  They don't wear t-shirts that announce that they are not with the greater protest.  Just like all of the other protests, ever, there will always be people who find their way in and cause trouble. It is the bane of legitimate protest.|10159563362803904|Daniel O'Keefe|2022-02-16 23:25:44|1|1|10159563171873904|facebook
funny, I didn’t hear about racist flags and guns associated with the BLM protests in Canada.|10159563380678904|David Rochon|2022-02-16 23:25:44|1|1|10159563171873904|facebook
🤦‍♂️...listen. You've decided the outcome you desire and what it all means.  That the RCMP has been investigating for DAYS. That they were made aware BEFORE this SMALL GROUP independent from the protest (all their words) arrived.....doe sn't appear to matter, you will parrot words into dialogue and hope it blends to form a narrative.....t hat's a shame really, when folks are willing to massage pieces of truth into a narrative which says something totally different.  Oh, this was live presser from the RCMP before you dismiss it because it's YouTube....  https:// youtu.be/ S64j7NmihY4|10159563386003904|Daniel O'Keefe|2022-02-16 23:25:45|1|1|10159563171873904|facebook
you stated this element is part of all protests. It’s not. And so my question is, what is drawing this element to the trucker protest? Why are people being arrested now?|10159563397658904|David Rochon|2022-02-16 23:25:45|1|1|10159563171873904|facebook
They're bringing arms to a peaceful protest? How does that work? Clearly this is an insurrection and needs to be put down.|10159563345858904|Neil Horner|2022-02-16 23:25:40|0|1|10159563171873904|facebook
Your tax dollars at work.|10159563341678904|Dan Carroll|2022-02-16 23:25:48|1|1|10159563171873904|facebook
"Sounds like a setup to me after watching what has been going on with a ""leader"" calling them terrorists before they even arrived in Ottawa! Trudeau has done nothing but divide people in the last couple of years! Stop and think a little bit....how darn stupid do u think protesters are??? Go and block a border and bring 5 shipments of guns with them, knowing cowardly Trudeau is going to send in the big guns to oust them??? Ridiculous... for the love of god stop listening to the idiots in government, and watch what really is happening in Ottawa. They are spreading love, compassion for the homeless, 90 percent less crime...yet Trudeau has done nothing other then cause hate and division. Sure, they steal food from the homeless, terrorize the neighbors so they are terrified to leave their houses, big time terrorists!! Just hilarious if it wasn't so sad, I am ashamed to call myself Canadian. For the love of god, stop listening to the news who are in the liberals pockets. The CBC especially, print what they are told to print, after all they get millions of our tax dollars! If ur rag magazines /so called journalists have nothing better to print then lies and prompting hate/closing your eyes to the real truth, then there is something terribly wrong with this scenario!! Bet you will delete my comment here too as Justin does with anyone who speaks the truth! Go to the hill and open your eyes! Hats off to the truckers and scientists who are speaking out!! They opened my eyes! Guess over one third of Canada now will be called terrorists!"|10159563763718904|Bell Miche Ofly|2022-02-16 23:25:39|0|1|10159563171873904|facebook
Totally not protesters either|10159563236203904|Debbie Moore|2022-02-16 23:25:47|1|1|10159563171873904|facebook
What's the good, valid, and legal reason to have high capacity magazines...?|10159563225463904|Simon A. James|2022-02-16 23:25:45|1|1|10159563171873904|facebook
That's quite a worldwide conspiracy you believe in!|10159563322178904|Joe Keefhaver|2022-02-16 23:25:42|1|1|10159563171873904|facebook
also confiscated were numerous handguns and body armour so I'm sure it was a jovial moose hunting trip.  🙄|10159563229488904|Jim Preyde|2022-02-16 23:25:45|1|1|10159563171873904|facebook
in a press release in Ottawa with the organizers , lawyers etc ..media asked them about this and they a responded that this is an absolute lie|10159563387613904|Darlene Brooks|2022-02-16 23:25:47|1|1|10159563171873904|facebook
"This should stand out...  ""became aware of a small organized group WITHIN the larger Coutts protest” who had access to firearms and “was said to have a willingness to use force against police”  More info is needed. Were other protesters aware? What was the dynamic which made the RCMP look in the first place?  Were they already watching any of these people or this organization BEFORE and allowed them to participate?... .🤔  This changes how the law can handle the protest, not saying it is or isn't, but what if it was let alone long enough so that they COULD change the game through this ""became aware"" situation🤷...just sayin'"|10159563311748904|Daniel O'Keefe|2022-02-16 23:25:39|0|1|10159563171873904|facebook
"That's what was found at this ""protest"", so your comparison is futile."|10159563273453904|Simon A. James|2022-02-16 23:25:45|1|1|10159563171873904|facebook
Maybe the RCMP is telling the truth.|10159563325093904|Joe Keefhaver|2022-02-16 23:25:44|1|1|10159563171873904|facebook
... at a protest?|10159563227303904|Jim Preyde|2022-02-16 23:25:45|1|1|10159563171873904|facebook
correction. We are not ALLOWED to be a gun loving culture by our masters.|10159563380288904|Shane Gallinger|2022-02-16 23:25:42|1|1|10159563171873904|facebook
... Canada is full of hunters.... it is a way of life... get over yourself... maybe city dwellers think like you, but 90% of Canada is hunting country..... deal with it...|10159564747048904|Jim Dietz|2022-02-16 23:25:43|1|1|10159563171873904|facebook
Good - it’s not the Canadian way! We are NOT a gun loving culture….|10159563339323904|Pina Boragina Hayes|2022-02-16 23:25:39|0|1|10159563171873904|facebook
trust me, you don’t want to go that route - careful what you wish for, trust me I know what I’m talking about…|10159563417728904|Pina Boragina Hayes|2022-02-16 23:25:42|1|1|10159563171873904|facebook
I've seen how governments treat an unarmed populace. I think that's a whole lot worse.|10159563426368904|Shane Gallinger|2022-02-16 23:25:42|1|1|10159563171873904|facebook
The indigenous people of Canada sure could use some guns to protect themselves from Canadians!|10159563456718904|Troy Cooper|2022-02-16 23:25:43|1|1|10159563171873904|facebook
lol... it wasn't the war measures act... honestly... if you don't know what you're talking about... don't bother|10159565426103904|Peter Stuart|2022-02-16 23:25:42|1|1|10159563171873904|facebook
that’s different - growing up many of my friends dads were hunters - that’s NOT what I’m referring to, I think you know what I’m getting at, that whole US gun mentality - you get a gun, you get a gun, you get a gun…like Oprah giving out cars!|10159565189718904|Pina Boragina Hayes|2022-02-16 23:25:43|1|1|10159563171873904|facebook
They should do this more often.|10159563461868904|Jane Langille|2022-02-16 23:25:39|0|0|10159563171873904|facebook
This screams of being an set-up by the RCMP, the timing is too convenient, and it wouldn't be the first time they've played dirty games when the war measures act was invoked.|10159567660813904|Shamus McMillin|2022-02-16 23:25:39|0|0|10159563171873904|facebook
Just everyday folks fighting for freedom. Stickin up for the little guy and all that.|10159563446503904|David Clark|2022-02-16 23:25:39|0|0|10159563171873904|facebook
"I guess that isn't considered ""fringe"" in Alberta?"|10159563201358904|Stephen Duke|2022-02-16 23:25:39|0|0|10159563171873904|facebook
Media fearmongering. as normal for them|10159563344058904|Doug Richardson|2022-02-16 23:25:39|0|0|10159563171873904|facebook
we need to build a wall|10159563366848904|Jeff Hunter|2022-02-16 23:25:39|0|0|10159563171873904|facebook
RCMP vandalized and destroyed machinery and then just happen to stumble across some guns.|10159563388023904|Shea Kellogg|2022-02-16 23:25:39|0|0|10159563171873904|facebook
good|10159563341223904|Carol-Gerry Taylor|2022-02-16 23:25:39|0|0|10159563171873904|facebook
To absolutely no one's surprise.|10159563325478904|Darryl Goossen|2022-02-16 23:25:39|0|0|10159563171873904|facebook
I mean, a simple Google search would prove hes quite correct. Unless the cbc is too fringe for your tastes? Start with Wiebo Ludwigs history with the rcmp.|10159563364663904|Dan Carroll|2022-02-16 23:25:42|1|0|10159563171873904|facebook
keeping the peace is one of the reasons I'm willing to pay the taxes we do.  Now, the organizers of the #flutruzklan should be billed for the costs of the extra security.|10159563714468904|Darryl Goossen|2022-02-16 23:25:48|1|0|10159563171873904|facebook
Where is the videoing of this happening?? ...you think mainstream media wouldn't report this with live feed?? C'mon ppl ...|10159563384788904|Darlene Brooks|2022-02-16 23:25:39|0|0|10159563171873904|facebook
😂 sure! This doesn’t pass the smell test.|10159563358798904|Kathy Atkin|2022-02-16 23:25:39|0|0|10159563171873904|facebook
has anyone ever had police frame them with planted evidence?|10159565387188904|Trevor Holsworth|2022-02-16 23:25:39|0|0|10159563171873904|facebook
Were these seized guns coming into Canada or an infiltration of the peaceful protest blocking border crossing to the US? Inquiring minds want to know.|10159563348848904|Ann Howard-Cherski|2022-02-16 23:25:39|0|0|10159563171873904|facebook
...... .. given Trudeau's past behaviour and arrogance and that of his associates..... ..........why should anyone believe him? Another one of his smear campaigns?|10159563359693904|Ann Howard-Cherski|2022-02-16 23:25:42|1|0|10159563171873904|facebook
false flag|10159563858613904|Mike Joseph|2022-02-16 23:25:47|1|0|10159563171873904|facebook
one third? lmfao|10159563771678904|Brian David Lupton|2022-02-16 23:25:49|1|0|10159563171873904|facebook
Good. What are they doing with guns over there anyway.|10159564808648904|Lynn Stratton|2022-02-16 23:25:39|0|0|10159563171873904|facebook
Now go to Jail !|10159563398778904|Basil Bourdeau|2022-02-16 23:25:40|0|0|10159563171873904|facebook
"Exactly! I mean what's next? The RCMP are sabotaging heavy equipment and vehicles? As if!! 🙄 Just another ""Crazy Conspiracy Theory!"" They would NEVER do that! (Oozing Sarcasm in case you couldn't tell.)"|10159563356553904|Jeff Heisler|2022-02-16 23:25:42|1|0|10159563171873904|facebook
quit being so naive|10159563385863904|Darlene Brooks|2022-02-16 23:25:49|1|0|10159563171873904|facebook
you’ve convinced me  Evian water backwards is naive|10159563388133904|Patrick Boyer|2022-02-16 23:25:49|1|0|10159563171873904|facebook
The main thing that I learned about conspiracy theory, is that conspiracy theorists believe in a conspiracy because that is more comforting. The truth of the world is that it is actually chaotic. The truth is that it is not The Iluminati, or The Jewish Banking Conspiracy, or the Gray Alien Theory.  The truth is far more frightening - Nobody is in control.  The world is rudderless.  Alan Moore author|10159563391738904|Patrick Boyer|2022-02-16 23:25:49|1|0|10159563171873904|facebook
"the "" No Compromise "" fringe AR-15 crazy lovers pro-guns .. shame on you"|10159563351113904|Benoit Paquette|2022-02-16 23:25:40|0|0|10159563171873904|facebook
FFS, it WAS NOT AT THE BORDER BLOCKADE|10159565509888904|Tim Cameron|2022-02-16 23:25:40|0|0|10159563171873904|facebook
Yeah… what a coincidence that they find it, just a hour before Trudeau invoque the war mesures act|10159563342518904|Samuel Gagnon|2022-02-16 23:25:42|1|0|10159563171873904|facebook
let's me guess your rcmp|10159565598618904|Greg Novik|2022-02-16 23:25:50|1|0|10159563171873904|facebook
... and how many riots, city burnings and police killed have you heard of with the truckers protest.. None, because this is peaceful, look to your own Antifa and BLM groups for that... you are really brainwashed....|10159564433208904|Jim Dietz|2022-02-16 23:25:47|1|0|10159563171873904|facebook
for sure that must be it.|10159563465363904|Wayne Smith|2022-02-16 23:25:47|1|0|10159563171873904|facebook
OMGosh Give it UP!! Go Home And Listen to Your Right Wing Preachers from The States|10159563373313904|Ileen Macdonald|2022-02-16 23:25:42|1|0|10159563171873904|facebook
100%|10159563414118904|Jeremiah Devose|2022-02-16 23:25:42|1|0|10159563171873904|facebook
tin foil hat wearing mofo|10159563341258904|Colin Young|2022-02-16 23:25:44|1|0|10159563171873904|facebook
This was a set up from the rcmp, shame on them|10159565481248904|Distasi Mich|2022-02-16 23:25:39|0|0|10159563171873904|facebook
i am.|10159566096453904|Christine Ploeg|2022-02-16 23:25:43|1|0|10159563171873904|facebook
most have them. You clearly don’t have a clue about Canada. Many hunt and fish for food.|10159563527748904|Michael Szeller|2022-02-16 23:25:43|1|0|10159563171873904|facebook
show me one shot of a Canadian BLM protester waving a Nazi flag.|10159563409123904|David Rochon|2022-02-16 23:25:45|1|0|10159563171873904|facebook
so you only consider those you approve of as part of the protest? They’re all claiming to be part of the trucker protest and all calling for an end to mandated. As well people are being arrested at the Ottawa occupation. You know, the official protest.|10159563412118904|David Rochon|2022-02-16 23:25:45|1|0|10159563171873904|facebook
I wonder who was leading this “small group” and if their names and photos will be released to the public, or would that involve something as nefarious as blowing the cover off our brave men and women in CSIS|10159564392143904|Problematic Voice|2022-02-16 23:25:45|1|0|10159563171873904|facebook
"the term ""conspiracy theory"" means nothing anymore.  I need only look around the world today and consider the events of history. Therefore, it is no theory. It is reality."|10159563432808904|Shane Gallinger|2022-02-16 23:25:43|1|0|10159563171873904|facebook
made what up? Nothing to make up. What I wrote were words right out of the RCMP's spokespersons mouth yesterday and the transcript of that, hence the quotes. My questions? Yeah, I made those up, that's why they are called questions.....|10159565203613904|Daniel O'Keefe|2022-02-16 23:25:45|1|0|10159563171873904|facebook
- Canadians are not paranoid that everyone is packing and are coming to get you…typically we can go to the mall, school, church, etc …walk down any street and not feel like someone may shoot us…that’s who Canadians are…|10159563416448904|Pina Boragina Hayes|2022-02-16 23:25:42|1|0|10159563171873904|facebook
Exactly|10159563227733904|Simon A. James|2022-02-16 23:25:45|1|0|10159563171873904|facebook
try to nice Troy. You can do it.|10159563375128904|Donna McCaw|2022-02-16 23:25:42|1|0|10159563171873904|facebook
Question? How bad a shot are you as a hunter that you need body armor and high capacity mags lmao|10159563244628904|Adrian Ayotte|2022-02-16 23:25:45|1|0|10159563171873904|facebook
Bears are scary!!!|10159563252758904|Barry Martin|2022-02-16 23:25:45|1|0|10159563171873904|facebook
Troy oh, cupcake..who hurt you?|10159563354608904|Matt Foley|2022-02-16 23:25:42|1|0|10159563171873904|facebook
|10159563287098904|Wally H Salamanchuk|2022-02-16 23:25:45|1|0|10159563171873904|facebook
Or body armor|10159563300813904|Jason Stephenson|2022-02-16 23:25:46|1|0|10159563171873904|facebook
Wow, that is some Olympic-level mental gymnastics you're doing, buddy. Absolutely panicked at the revelations that they're literally domestic terrorists and desperately trying to brush it under the rug with flimsy excuses. Absolutely shameful|10159563393543904|Colin Richardson|2022-02-16 23:25:46|1|0|10159563171873904|facebook
The Russian judge gives you a 10 for those mental gymnastics.|10159563416218904|Darren Tozer|2022-02-16 23:25:46|1|0|10159563171873904|facebook
they rebranded it and expanded its application but trust me it’s the war measures act. Dont be naive.|10159566094953904|Christine Ploeg|2022-02-16 23:25:42|1|0|10159563171873904|facebook
Google rcmp officer Robert sampson too. What a character!!!|10159565443603904|Dan Carroll|2022-02-16 23:25:42|1|0|10159563171873904|facebook
you can be a protester and a terrorist.|10159563414788904|Darren Tozer|2022-02-16 23:25:47|1|0|10159563171873904|facebook
|10159563730388904|Chris Ruest|2022-02-16 23:25:42|1|0|10159563171873904|facebook
Peaceful protesters..... .ya right|10159563406523904|Dale Domshy|2022-02-16 23:25:39|0|0|10159563171873904|facebook
I wouldn’t engage these people. Mental capacity is… nvm|10159563973418904|Cory Vernon Davis|2022-02-16 23:25:47|1|0|10159563171873904|facebook
"""high capacity magazines?"" you mean more than 5 rounds?"|10159563379038904|Shane Gallinger|2022-02-16 23:25:40|0|0|10159563171873904|facebook
