﻿comment|comment_ids|username|datetime|isreply|num_replies|post_id|label
Why not tell the truth for a change - you'd be surprised how well it work!|10159565149373904|Tom Ramanauskas|2022-02-16 19:03:27|0|4|10159565124068904|facebook
, at this point I am going to have bow out of this stimulating discourse, since I have obviously been outmatched, both intellectually and morally.|10159565398168904|Michael Kelly|2022-02-16 19:03:59|1|4|10159565124068904|facebook
"""Media is the virus"" is the best message ever."|10159565157718904|Renato B Figueiredo|2022-02-16 19:03:27|0|3|10159565124068904|facebook
"I have yet to meet anyone yelling about ""mainstream media bias"" who isn't also a happy follower of wildly more obviously biased and misleading/ false fringe sources."|10159565393928904|Miles Chandler|2022-02-16 19:03:26|0|3|10159565124068904|facebook
Globe reporters, you do good work. Sorry you have to face abuse|10159565230248904|Dawn Miles|2022-02-16 19:03:26|0|3|10159565124068904|facebook
Yeah what I see in that video is the reporter and cameraman being harassed and interfered with and pursued the whole time they were trying to do their job, which I've seen repeatedly before this-- it's a recurring theme with these people who've convinced themselves no normal media outlet can be trusted and therefore shouldn't be allowed to report at all. How long were they forced *by protestors* to move around, looking for somewhere they could stand and point the camera and film their segment before that particular opportunistic dude started filming them, hm?|10159566348548904|Ken Spragg|2022-02-16 19:03:32|1|3|10159565124068904|facebook
you are actually the great divider. The very fact of blocking a main artery is violent. No one else gets to do that. It may be that your white friends who support this see it as all good while my friends who are POC are being harassed, physically pushed around, threatened, receiving racist and misogynist epithets, are unable to sleep for the constant noise and if they are health care workers they dare not wear their scrubs. But when indigenous people block a provincial park or a golf course, both on land belonging to them and interfering with no one, people are shot. You cannot pick and chose what incidents you would like reported. I agree that not all the people there are white but the vast majority are. But in their heads, all the people there are white. If I came and blocked your driveway, preventing you from going to work, you would consider that peaceful. Threatening behaviour is violence.  You are certainly correct though when you say there is no attempt by the protestors to entertain civil discourses. Their bullying tactics and their clear statement that they will not move until they get exactly what they want is most definitely not an invitation to discuss anything.|10159565765953904|Mary Dale|2022-02-16 19:03:59|1|2|10159565124068904|facebook
Al Jazeera is not quite in the middle. More towards the left.|10159565391443904|Janet Snell|2022-02-16 19:03:36|1|2|10159565124068904|facebook
: Your FB page is a sea of idiocy. :)|10159573618033904|Miles Chandler|2022-02-23 19:03:35|1|2|10159565124068904|facebook
we probably don’t want their brains, given that any of them even have one....|10159565303648904|Karen MacPherson|2022-02-16 19:03:42|1|2|10159565124068904|facebook
what hand? The only news agency in Canada that is funded is the CBC. ALL THE REST are privately owned.|10159566895163904|Dave Beaudoin|2022-02-16 19:03:30|1|2|10159565124068904|facebook
Pretty much what I said. There’s media that accepts money from the government. Apparently they only publish “fake news” when the funding comes from the liberals though. There’s privately owned media, there you can select the channels you watch that support your biases or there’s media that accepts donations like rebel. What’s your solution to the problem?|10159566295993904|Leslie Kruger|2022-02-16 19:03:53|1|2|10159565124068904|facebook
As do I. I still wouldn’t call our media state run. That term applies to North Korea, China and Russia.|10159565426473904|Leslie Kruger|2022-02-16 19:03:53|1|2|10159565124068904|facebook
"Google ""fox Canadian dictatorship tucker carlson"" and feast your eyes. They're going for mainstream ""entertainment"" ."|10159565374673904|Christa Forsythe|2022-02-16 19:03:51|1|2|10159565124068904|facebook
"An Open Letter to Those Who Support the Blockades and Siege of Ottawa: Maybe you have forgotten, but we live in a Democracy, we recently had an Election, and the people of Canada elected Trudeau and the Liberals as our government. (We the people also chose to NOT elect a single member of the so-called People's Party). That's called Democracy. But leaders of this Ottawa occupation say Trudeau must resign, that they (the leaders of the protest) should form the government, that their right to protest over-rides the rights of Ottawa citizens to live in peace. That’s not how democracy works. It's painful to watch these people wrap themselves in the Canadian flag while insulting the basic democratic values that flag represents: democratic elections, respect for the rights of others, non-violence. And now we learn that their main financial backers are Americans. You wave banners saying Freedom but you deprive the people of Ottawa their own freedom to live and work in peace. So to the protesters and their supporters, I’d ask you to have some respect for Canada's democracy; if you don't like the leaders or policies of the government that ""we the people"" of Canada elected, then you'll get another chance to elect your own choice of government at the next election. But you and the truckers and people who are depriving the citizens of Ottawa of their rights, you don't represent ""the people,"" a loud noisy mob of thousands in a country of millions doesn't represent the people. If you want to get rid of Trudeau, then run for office or help your own party get elected in the next election. It's called Democracy. Show some respect to ""the people"" of Canada who elected this government. You’ll get your turn in the next election."|10159565301468904|Roger Fisher|2022-02-16 19:03:27|0|2|10159565124068904|facebook
Things that make you go 🤔...  - When you watch hours of unedited live streamed videos and notice that what’s being reported by MSM is not representative of what you’re seeing. 🤔  - When you’ve listened to first hand accounts from people actually there, including numerous Ottawa residents, but yet it’s still contrary to what is being reported by MSM. 🤔  - When you hear and see the experiences from friends and family members who are/were there but the MSM media continues to portray a narrative counter to what everyone’s reporting. 🤔  - When even politicians do live streamed events, while in the epicentre of the protest, but you still see the MSM mischaracterizi ng the events. 🤔  - When there’s numerous videos from officers in the midst of the protest, talking about how the event is and has been peaceful, but you still only see sensational reporting by MSM. 🤔  - When you realize that people from all kinds of socioeconomic statuses, races, political followings, religions etc. are supportive of and are participants in this movement but yet the MSN tries to classify all protesters as extreme white nationalists. 🤔  - When only half facts are being used in the reporting when knowing that all the facts would change a readers perspective. 🤔  - When even MSM journalists or those working within the MSM industry begin to speak publicly about the censoring within their own organizations. 🤔  When your only goal is to produce biased sensational media type reporting. Where everyday more people are being exposed to information that contradicts the narrative, it begins to make sense as to why people loose trust in you. Journalistic integrity is missing so people see you for who you really are and will react on that basis. Do I think the harsh approach towards journalists and MSM is right? Not at all, but I do understand how we’ve gotten here.|10159565334463904|Ashley Martin|2022-02-16 19:03:27|0|2|10159565124068904|facebook
"You ignore the entire context media operates in-- whereby capitalist content distributors (who, believe me, I have serious issues with) place immediacy-as-re levance first, and they exploit sensationalism, all for the sake of ratings to appeal to advertisers, and they cut staffing and resources in the name of ""efficiency"" and cost-cutting, overtaxing the workers they have left-- and then you conflate errors that predictably result with ""lies."""|10159565906768904|Ken Spragg|2022-02-16 19:03:32|1|2|10159565124068904|facebook
That’s quite the mischaracteriza tion. I would like to understand what examples you’re using when stipulating that I am “actually the great divider”. Can you please elaborate on this comment and provide the facts that lead you to assume this about me?  I’d like to make something very clear, I’m a liberal supporter. I have always supported the foundational principals of what Liberals stood for, which included freedom of choice and upholding our Charter of Rights and Freedoms. Unfortunately, over the last two years, foundational liberal principles have been tossed to the wayside. Now it’s normalized to segregate and discriminate against others based ones personal choice to maintain their own bodily autonomy.  I’d like to point out that I’ve not once mentioned that I supported any blockades, regardless of the type of protest. And btw, yes, I did support other past protests, including BLM and a number of those with our indigenous communities. I can’t say that I particularly agreed with blockades then either, though I do understand the reason for them. Let’s also not forget past protests also included violence, theft, burning of buildings and vehicles, rioting and even death. When others feel like they have no voice, when they feel marginalized and like they’re not being heard, they sometimes resort to questionable actions. These actions however do not nullify the concerns being raised. There is no “this for that” from my perspective and trying to use one to discredit the other is quite distasteful. They all have their merits even if shrouded in controversy. To not see the commonality, a marginalized group of people not being considered of value, is a big piece of the problem here. I would suggest you fully take in your own comment around not being able to “pick and choose what incidents you would like reported”. You cannot simply listen to one side and disregard the merits of the other.  I’d like to mention that there are some interesting facts missing from your response, such as the police were well aware for days in advance that the convoy was on their way to Ottawa. They were in constant communication with each other the whole time. The plan had always included leaving emergency lanes open and having truckers parking in truck zones. Unfortunately, even though the police were well aware of what to expect (it’s not like there weren’t already videos everywhere prior to them arriving) they did not plan or prepare adequately in advance which attributed to a lot of public confusion and mismanagement of the placing of vehicles. Blockades, which are completely separate from the convoy in Ottawa btw, did not even exist during the first week of the protest.  The truckers had been requesting open dialogue since day one. What did our PM do, did he react in good faith as he had for any other past protest? No, he instead ignored them and threw fuel on the fire by trying to mischaracterize them. If I were you, I’d be asking yourself why all other protests consisted of open dialogue and why the PM instead chose to fuel a fire with this particular protest? I’d ask yourself why the PM has been trying so hard to try to discredit a movement simply because he disagrees with it. You only have to look at the actions of other countries to realize it’s not about the science.  In regards to “the violence” you mention, there’s a few interesting things to consider here too. The first being that you’re going to find extremists trying to attach themselves to any protest, this is nothing new. These extreme positions do not account for the thousands of other voices. But I’m thinking you must have missed the videos of protesters telling these individuals to leave. How about the videos of the protesters cleaning up after these few bad characters and taking care of the monuments and the city? I bet you didn’t know that the crime rates in Ottawa have dropped considerably since the protesters arrived. It’s awfully convenient that this along with the care that has been taken towards the city has not been represented in the MSM. Second, there are numerous voices from those living in the heart of the protest zone, many who have had very different experiences then what’s being portrayed by MSM, have you ever asked yourself why this is? Have you ever exposed yourself to what any of them are saying? Are you aware that this includes BIPOC community members? Have you ever asked yourself why women, children and even lone female political leaders (including BIPOC community members) feel completely safe walking alone around the protest areas? Have you ever asked yourself why people feel completely safe bringing their children to this event, I mean they all can’t be horrible parents choosing to expose their children to such violence as racism could they? When we forget to use our voice of reason we intentionally choose to remain ignorant.  I find it interesting that you assume that all of my friends are white or that larger groups of POC can’t possibly support this movement. Perhaps you should think about that statement and where your perception seems to be coming from. Not to mention should you have videos of what you’re describing I’d be happy to see them and would encourage you to post them below.  In regards to medical staff, I think you may fail to recognize that there are also numerous doctors and nurses who have been participating in the protests. Perhaps you should ask yourself why this is and why you’re not hearing of these participants through MSM.  There’s a lot to unpack with your response and though I could write novels on the missing pieces of the puzzle, I highly encourage you to look for yourself. There’s always more than one side to a story.|10159565894748904|Ashley Martin|2022-02-16 19:03:59|1|2|10159565124068904|facebook
So death threats are all right?|10159565456938904|Stephen Humphrey|2022-02-16 19:03:32|1|2|10159565124068904|facebook
I guess our ideas of stimulating discourse greatly differs. I think a lot of people would see it as an attempt to insult and bully rather than an attempt at civil discourse.|10159565440903904|Ashley Martin|2022-02-16 19:03:59|1|2|10159565124068904|facebook
but it's not correct, it's the lies of a death cult and Canada woke up.|10159566242893904|Will Live|2022-02-16 19:03:40|1|1|10159565124068904|facebook
IKR? I'm always astonished by people who claim it has a left-wing bias.|10159566130363904|Dawn Miles|2022-02-16 19:03:41|1|1|10159565124068904|facebook
Deanna Le Vavasour Did trump and tucker tell you that?|10159565250618904|Leslie Kruger|2022-02-16 19:04:01|1|1|10159565124068904|facebook
There was SUN TV and I recall Brian Lilley on another form of media was on that network. It was the idea from Pierre Paladeau and it was a network for Conservatives. Imagine a Quebec nationalist owning SUN TV with Conservative points of view. But we do need a conservative news network. CTV and CBC are all Liberal. More voices are needed.|10159565265068904|Mike Carroll|2022-02-16 19:03:52|1|1|10159565124068904|facebook
Spreading lies, narcissistic gaslighting and corruption as normal when it's evil incarnate masquerading as good. They'll never be trusted again.|10159566242443904|Will Live|2022-02-16 19:03:41|1|1|10159565124068904|facebook
Perhaps. My point remains that the national papers endorse the CPC every election. The only exception might be The Star.|10159565370253904|Richard Evans|2022-02-16 19:03:58|1|1|10159565124068904|facebook
I think their subscribers disagree with you there.|10159566307963904|Dawn Miles|2022-02-16 19:03:41|1|1|10159565124068904|facebook
well that is silly. The Liberal party doesn’t pay the Globe and Mail. The government does whether it is Liberal or Conservative. You would think at least, that if the Liberals were paying the Globe and Mail that it wouldn’t be such a conservative rag.|10159565749708904|Mary Dale|2022-02-16 19:03:41|1|1|10159565124068904|facebook
Even if we were to stipulate, for the sake of argument, that what's being produced in the mainstream media is incorrect, I'm a little hard-pressed to understand how that justifies death threats and harassment.|10159565220233904|Melinda Shore|2022-02-16 19:03:26|0|1|10159565124068904|facebook
But, see, you are not a paranoid, delusional, loser...you sound perfectly sane. Your kind are increasingly in the minority, it seems. ;-)|10159565244758904|Jack Steadman|2022-02-16 19:03:40|1|1|10159565124068904|facebook
Hold the line , they are way the minority and believe it or not they take their orders from Fox, you wanna hear full of sh t news whew. They will be gone in a few days true story.|1691626477878601|Steven Laing|2022-02-16 19:03:27|0|1|10159565124068904|facebook
paid by the lib party lol|10159565569133904|Scott Rwd|2022-02-16 19:03:41|1|1|10159565124068904|facebook
unfortunately you can watch it here, Trumps vision of normal and truth. He effed up that country and most of the world with his short stint as President. He brained washed many of the weak minded in both countries, very sad , but he lost out in the end.|456762406159743|Steven Laing|2022-02-16 19:03:52|1|1|10159565124068904|facebook
Can you imagine if there was a Canadian version of FOX News?|10159565240403904|Mike Carroll|2022-02-16 19:03:52|1|1|10159565124068904|facebook
Forget about the School yard. Lol|10159565478648904|Edward Barnes|2022-02-16 19:04:00|1|1|10159565124068904|facebook
You should see what they're doing to the poor Canadian Blood Services social media. People are revoking their future organ donations, because of vaccines.|10159565263648904|Terry Nichols|2022-02-16 19:03:26|0|1|10159565124068904|facebook
I would beg to differ that if you were in need of an organ in real life you would be ecstatic to get one from an unvaxxed donor or otherwise. Comments like that don't make anyone sound like a very nice or reasonable person.|10159565344683904|Jason Merritt|2022-02-16 19:03:42|1|1|10159565124068904|facebook
Cry me a river. Main stream journalists did this to themselves. If they would have told the truth from the beginning they wouldn't be in this situation.|10159565407688904|Ryan De Sousa|2022-02-16 19:03:27|0|1|10159565124068904|facebook
Great divider? 😂 Wow. Obviously you have difficulties reading English. That comment was 100% spot on. Media in Canada are controlled and biased. It cant more obvious. What's dividing about that statement?|10159565955863904|Richard Husar|2022-02-16 19:03:59|1|1|10159565124068904|facebook
I am responsible for my own conduct. Regardless of what the media says, I can make my own decisions. Calling people whose opinions differ from yours “nut jobs with super inflated ego completely out of touch with reality like you actually vote in our elections” is not exactly an understanding, inclusive comment that will bring us together. As you say they are “our elections”. I could say the exact same thing about you but I won’t because that is divisive. You chose to hate your fellow Canadians who you don’t agree with. I chose to respect your opinion and respect you. I refuse to try and bully you into agreeing with me. That only widens the divide. Have a good day.|10159566535448904|Mary Dale|2022-02-16 19:03:59|1|1|10159565124068904|facebook
Him pointing out spelling in the comment instead of acknowledging or proving it's wrong was a very cheap shot.. It was hilarious how morally superior he feels. His virtue signaling is beyond pathetic. These are the people who divide us.|10159566553138904|Richard Husar|2022-02-16 19:03:59|1|1|10159565124068904|facebook
but it’s okay for you to insult my reading skills. Not sure if pointing out typos is virtue signaling but no one who attacks people the way people are doing on this and other threads, is in no position to accuse anyone of being divisive. It really is time for all of us to grow up. I have said things I shouldn’t and there is no excuse for that. I can say I have been very frustrated by the hate but that doesn’t justify some of the things I have said. I want to be better than that and I am really going to work on that. I am not going to change your mind and you are not going to change mine. People need to stop bullying each other and then accusing each other of being divisive. Each of us needs to stop the hate.|10159566573208904|Mary Dale|2022-02-16 19:03:59|1|1|10159565124068904|facebook
You just don't like facts that don't suit your narrative, the 'Rump syndrome. Don't like it scream FAKE NEWS. And you have to realize there is news and there are opinion pieces. Many don't seem to understand the difference.|10159565242773904|Alex Buchanan|2022-02-16 19:03:43|1|1|10159565124068904|facebook
It's true. People respond so poorly to endless lies and censorship. Really don't know what's wrong with this country. 🙄|10159565205178904|Michael Budd|2022-02-16 19:03:26|0|1|10159565124068904|facebook
you sir, have just portrayed exactly what’s wrong in today’s society and why there are great divides between us all.|10159565395098904|Ashley Martin|2022-02-16 19:03:59|1|1|10159565124068904|facebook
"So if all you commenters who don't read ""MAinsTrEAm MeDiA 😳"" know so much, where the hell are you getting your misinformation? ! Fringey social media sites and meme generators🏆"|10159565260493904|Christa Forsythe|2022-02-16 19:03:27|0|1|10159565124068904|facebook
Fact-based disagreement with something a journalist reports or with an opinion piece is totally fine. Death threats and abuse are inexcusable. Do you agree?|10159566450843904|Dawn Miles|2022-02-16 19:03:43|1|1|10159565124068904|facebook
"No, the ""bought off"" journalist have brought ""vitriol"" comments onto themselves. They no longer have the exclusive privileged to say whatever they want without pushback."|10159565952318904|Helen Kefalas|2022-02-16 19:03:26|0|1|10159565124068904|facebook
join some of those “free-dumb” sites and they are more than guilty of what they claim MSM is. I’ve seen so much misinformation and lies to portray the complete opposite of what is going on in some areas. Even ridiculous meme’s taken from “history” to align with their ever changing stance, that has absolutely nothing to do with current state of affairs. But instead of fact checking, a cropped picture with a new story narrative and VOILA! Right wing propaganda at its finest. 🙄🤦‍♀️|10159565370908904|Natasha Alita|2022-02-16 19:03:51|1|1|10159565124068904|facebook
, it's difficult to take you seriously when you have trouble using proper spelling and punctuation. If you are unable to grasp the concepts in the article, maybe leave this conversation to the adults.|10159565386913904|Michael Kelly|2022-02-16 19:03:59|1|1|10159565124068904|facebook
https:// www.blacklocks.c a/|10159565411528904|Edward R Yatscoff|2022-02-16 19:03:51|1|1|10159565124068904|facebook
ohhh, you're flirting with her! 🤭|10159565477453904|Terry Nichols|2022-02-16 19:03:42|1|1|10159565124068904|facebook
Terry use your own imagination ;)|10159565471673904|Jason Merritt|2022-02-16 19:03:42|1|1|10159565124068904|facebook
Proving the headline|10159565319068904|Taras Pater|2022-02-16 19:04:01|1|1|10159565124068904|facebook
"I do have to say, Globe and Mail, that you have participated in some of the worst scapegoating and ""othering"" or people, over the past year, particularly in relation to the unvaccinated. I read many editorials and opinion columns that fomented hatred, division and suspension of basic human rights. Add to this, biased coverage of the entire pandemic debacle, and a suppression of points of view that didn't fit your desired corporatist narrative. I don't condone ill treatment of anyone, but I'm not surprised that people are lashing out, and that the fourth estate is losing the respect of the people."|10159566490088904|Louise Mussio|2022-02-16 19:03:26|0|1|10159565124068904|facebook
"You shouldn't be threatened. That's not appropriate. But it is easy to understand why this is the case, given the approach of ""journalism"" these days. It might help to tell a lot more of the truth, the whole story, and show the bigger picture. But that would be biting the hand that feeds, wouldn't it?"|10159565271863904|Nathan Poole|2022-02-16 19:03:26|0|1|10159565124068904|facebook
not really !!! Look at the blackface scandal it was released by a USA media out let not Canadian even when the media knew|10159565351283904|Glen Edwards|2022-02-16 19:03:58|1|1|10159565124068904|facebook
I guess you want a slice of the 600 million buy off sad but true!!!|10159565340028904|Glen Edwards|2022-02-16 19:03:27|0|1|10159565124068904|facebook
you are blind or liberal|10159566038858904|Rod Port|2022-02-16 19:03:35|1|1|10159565124068904|facebook
Harassing journalists implies that MSM actually does journalism.|10159565281538904|Daniel Tate|2022-02-16 19:03:26|0|1|10159565124068904|facebook
"fair enough; I was just responding to the protesters' signs and comments about being the ""people"". Like you say, we are all the people of Canadas, and we the people of Canada choose our leaders and policies through elections. If we like what they do, we re-elect them. If we don't like it, we throw the bums out. But we do it through the ballot box. Period. That's what Democracy is."|10159565404993904|Roger Fisher|2022-02-16 19:03:57|1|1|10159565124068904|facebook
I was just stating a fact that we the people is false,|10159565401933904|Kevin Welder|2022-02-16 19:03:57|1|1|10159565124068904|facebook
wonder why|10159566038273904|Rod Port|2022-02-16 19:03:33|1|1|10159565124068904|facebook
Hate toward doctors, nurses, scientsts teachers, journalist, environmentalis ts, politicians ... some people just hate everyone. So much anger.|10159565590328904|Shauna Burke|2022-02-16 19:03:26|0|1|10159565124068904|facebook
It's called Democracy; the party that gets the most votes in an election represents the people of Canada. If you don't like it, run for government or support your party in the next election. What is your definition of Democracy? Clogging up a Canadian city and depriving those people of their peace and livelihoods?|10159565394988904|Roger Fisher|2022-02-16 19:03:57|1|1|10159565124068904|facebook
"I see, so can I assume you agree that journalism should be a publicly funded, public service?  Because otherwise, run as a private business, like most of them are now under increasingly consolidated control by corporations lusting after monopoly, it IS going to remain beholden to ratings and advertisers, in order to make profits, which is what drives most of the sensationalism/ clickbait and the sometimes reckless haste to ""break the story first."""|10159566481608904|Ken Spragg|2022-02-16 19:03:32|1|1|10159565124068904|facebook
let the Hollywood rags exploit sensationalism and create clickbait headlines. Journalists are supposed to provide us with verifiable facts and rational checks and balances, not rush to be first to press and publish information that has not been fact-checked and may be false. Administrative errors are one problem, then there are personal opinion pieces disguised as empirical truth, and lies of omission. Deliberately leaving out certain relevant facts from an event will create a different story in the minds of the readers, and that manipulation is a form of lying.|10159566447703904|Laurie Ann|2022-02-16 19:03:32|1|1|10159565124068904|facebook
here is a perfect example. Showing a particular perspective that is different than reality. Other examples are showing the best or worst of an event only rather than the masses or the average. https:// twitter.com/ SilasADavid/ status/ 1486770426583785 472?s=20&t=c8LW yiJ8WgnA5R-HYA6 lcA|10159566312993904|Chris Milosek|2022-02-16 19:03:32|1|1|10159565124068904|facebook
"The media has been lying, repeatedly, both here in Canada as well as the USA. Some of the ""fake news"" seems to have been handed over to them in prepared statements by the government and they just repeat the information verbatim without fact-checking or doing background interviews. (i.e. the lie that a 12 yr old Alberta boy became the youngest victim of covid last year, when he actually died from terminal brain cancer) It would have been easy to call up the family for an interview but they blindly and unquestioningly printed what they were told straight out of Deena Hinshaw's office. The young lad's teenaged sibling is the one who exposed the lie.  They don't appear to be doing rigorous fact-checking or investigative reporting anymore. I believe it was the New York Times that ran a lengthy human interest piece about a.young emergency room doctor who had ""tragically"" died of covid in 2020, only to have the doctor himself call them up demanding they retract it. 🤔😆 Just two examples of the many untruths and exaggerations that have been printed over the last couple of years. That convoluted ""demagogue"" theory is a far stretch."|10159565858773904|Laurie Ann|2022-02-16 19:03:32|1|1|10159565124068904|facebook
When the media narrative is different than raw YouTube video of the same event one becomes suspicious|10159565741848904|Chris Milosek|2022-02-16 19:03:32|1|1|10159565124068904|facebook
"Nice try at sleight-of-hand but you can't just wave away how much of that ""loss of trust"" is merely and exactly this: demagogues who want to advance their dishonest alternate reality, telling followers who don't like the real world that ""the media is lying"" because it doesn't uncritically repeat their lies, and then those followers believing that instead of the facts because they *want* to believe that instead of the facts."|10159565729753904|Ken Spragg|2022-02-16 19:03:32|1|1|10159565124068904|facebook
obviously no|10159565470943904|Chris Milosek|2022-02-16 19:03:32|1|1|10159565124068904|facebook
there is bias in everything. Readers need to read critically - the so-called mainstream media and the fringe crap. Everyone has a bias.|10159565276293904|Joanne Drew|2022-02-16 19:03:32|1|1|10159565124068904|facebook
Legacy media have lost the trust of much of the population as a result of biased reporting.|10159565245373904|Chris Milosek|2022-02-16 19:03:26|0|1|10159565124068904|facebook
People are tired of lies|10159565168263904|Filipe Melo Sousa|2022-02-16 19:03:27|0|1|10159565124068904|facebook
The root problem of media monopolization and the messages they manipulate is is mostly out of our control IMO. But I invite you to turn your question back at yourself, and provide a solution if you think a layperson can provide one.|10159566422368904|Laurie Ann|2022-02-16 19:03:53|1|1|10159565124068904|facebook
Are they really journalists if they work for privately funded media like Fox News or CNN?|10159565258523904|Leslie Kruger|2022-02-16 19:03:53|1|1|10159565124068904|facebook
Did the CBC tell you that?  My wife’s whole family lives in the UK where it is still acceptable to make your own health choices and not OK to vilify and dehumanize your fellow citizens.  Is the BBC biased and “fringe”?  The problem is you are so brainwashed and you don’t even realize it; because the Canadian media has formed a formidable iron curtain of stupidity to somehow envelope the country.|10159566751823904|Anthony Bachert|2022-02-16 19:03:35|1|1|10159565124068904|facebook
I'd argue that is hard to define. Is the Sun more biased than the Star? Or is bias simply what we disagree with?|10159565346323904|Richard Evans|2022-02-16 19:03:36|1|1|10159565124068904|facebook
"If the organization these ""journalists"" work for collects funds from the Government. They should ask themselves this question, Do I really need to work for State-run media??"|10159565243218904|John DeJong|2022-02-16 19:03:27|0|1|10159565124068904|facebook
I wasn't referring to him specifically.|10159565546623904|Judy Booth|2022-02-16 19:03:37|1|1|10159565124068904|facebook
Not a good, honest journalist.|10159565289173904|Judy Booth|2022-02-16 19:03:26|0|1|10159565124068904|facebook
wrong country.|10159565316268904|John DeJong|2022-02-16 19:03:53|1|1|10159565124068904|facebook
At least you know that. You obviously don’t support “state run” journalists. That leaves very few options. Privately owned media, then you can watch which ever channel that supports your biases, or media that depends solely on donations like Rebel. What would you suggest?|10159565402563904|Leslie Kruger|2022-02-16 19:03:53|1|1|10159565124068904|facebook
I read/watch it all.left, right center , all of it.|10159565406493904|John DeJong|2022-02-16 19:03:53|1|1|10159565124068904|facebook
or Al Jazeera|10159565374223904|Richard Evans|2022-02-16 19:03:36|1|1|10159565124068904|facebook
journalists should say the facts, they should not put their interpretation into the reporting. They shouldn't showcase one side of the coin. If you focus on one thing you can find it everywhere. Reuters is probably the closest to the middle. Tell the facts and let people take what they want from it.|10159565361343904|Janet Snell|2022-02-16 19:03:36|1|1|10159565124068904|facebook
Maybe if you told an unbiased version of the news people would be happier 🤷🏻‍♀️|10159565233538904|Janet Snell|2022-02-16 19:03:26|0|1|10159565124068904|facebook
The master of vitriol and misinformation is complaining about strong language and a lack of respect. 😂|10159565426923904|Robert Meynell|2022-02-16 19:03:26|0|1|10159565124068904|facebook
And yet those very papers support the CPC at every election!|10159565348918904|Richard Evans|2022-02-16 19:03:58|1|1|10159565124068904|facebook
Almost 20% of newspapers in Canada were independently owned and run in the 70s and 80s, now a mere 5 or 6% of them are. Media ownership has become very concentrated with just a few corporations running the entire show and controlling what gets published. There have been many buyouts and mergers over the years. New Brunswick has zero competing interests, the Irving family owns every media outlet. Not too difficult to monopolize the news when you have a monopoly on it.|10159565873888904|Laurie Ann|2022-02-16 19:03:53|1|1|10159565124068904|facebook
ps …that is your cue to list your degrees|10159573750758904|Anthony Bachert|2022-02-23 19:03:35|1|1|10159565124068904|facebook
You are poorly informed, you know nothing about me. Hagd|10159573611683904|Leon Bouvier|2022-02-23 19:03:35|1|1|10159565124068904|facebook
"you really shouldn't say ""We The People "", 18% of the 58% that voted does not constitute the people"|10159565388943904|Kevin Welder|2022-02-16 19:03:57|1|0|10159565124068904|facebook
you really think with Trudeau using the war measure S act on its own citizens is smart, he is losing power and grasping at anything to remain in power, should this go through it would mean he doesn’t have to allow elections. Permanent power to him. These people have every right to peacefully protest at the way the country is being run and the media has lost its focus which should be to keep the government held to account, but instead they are paid handsomely to spew the governments narrative. They don’t do research anymore, they just gossip and twist stories to get them a sensational headline. Journalism is dead.|10159565351713904|Carol Gammel|2022-02-16 19:03:57|1|0|10159565124068904|facebook
Try telling the truth.|10159566906228904|Barbara MacKenzie|2022-02-16 19:03:27|0|0|10159565124068904|facebook
May be a lot better if they were to tell both sides of the story perhaps? 🤷‍♂️|10159565168318904|Earl Stewart|2022-02-16 19:03:27|0|0|10159565124068904|facebook
Because you do not report the truth. You only report what you are allowed to and that gets edited and twisted.|10159566153558904|Kelly J. Pledge|2022-02-16 19:03:27|0|0|10159565124068904|facebook
vary well written 👍|10159565346663904|Glen Edwards|2022-02-16 19:03:59|1|0|10159565124068904|facebook
Why are Canadians acting like Trump?|10159565574048904|Denise Michaud McCallum|2022-02-16 19:03:27|0|0|10159565124068904|facebook
CBC doesn’t support them that’s for sure|10159565484128904|Glen Edwards|2022-02-16 19:03:58|1|0|10159565124068904|facebook
These occupiers need to be charged and jailed appropriately. Plain and simple|10159565566518904|Steve Cobblehoff|2022-02-16 19:03:27|0|0|10159565124068904|facebook
Hitler was elected...|10159570713018904|Edo Monty|2022-02-16 19:03:57|1|0|10159565124068904|facebook
If only they were reporting the truth of what's going on there, not just biased opinions...|10159565469583904|Eric Briceno|2022-02-16 19:03:28|0|0|10159565124068904|facebook
that’s ok Michael we all have freedom of speech until your party passes bill C-10|10159565509433904|Glen Edwards|2022-02-16 19:03:59|1|0|10159565124068904|facebook
I live in Alberta too! Maybe we should have coffee some time? Take a nice deep breath and calm down, it helps better with a mask off. Just breath...|10159565453643904|Deanna Lexey|2022-02-16 19:04:01|1|0|10159565124068904|facebook
“Trust is down, particularly when it comes to more traditional sources of news media like broadcast TV, print newspapers and talk radio.” Agar, Toronto Sun. Now I am a lefty, but read news of all different political leanings. Really, the problem is that *news* should not have a political leaning. It should be facts only. No speculation, no spin. Opinion pieces should always be labeled as such. No opinions should enter news.  This is the source of the vitriol.|10159565594928904|Tyler Popp|2022-02-16 19:03:28|0|0|10159565124068904|facebook
So called “journalists”…|10159565323113904|Robert Won|2022-02-16 19:03:28|0|0|10159565124068904|facebook
If you tell the truth it mite help??? It’s simple|10159565487613904|Rino Michaud|2022-02-16 19:03:28|0|0|10159565124068904|facebook
I believe less than 1% that comes from this birdcage liner|453378333181166|Doug Ramsay|2022-02-16 19:03:28|0|0|10159565124068904|facebook
Lmfao..reporter s? For the majority of this..you've copied and pasted lol|10159565341808904|Tina Doucette|2022-02-16 19:03:28|0|0|10159565124068904|facebook
Another BS write up courtesy of the Globe and Smell!|10159566332493904|Dean Yuzik|2022-02-16 19:03:28|0|0|10159565124068904|facebook
Unsafe reporting environment, bahahaha, first off, when was the last time they did any reporting, its all phoney opinion writers doing creative pieces and spinning stories. This gang of reporters is sooo soft, I guess they will have to hire freelancers next time theres a story to report on in a war zone.|10159565549813904|Hackerman Uncappski|2022-02-16 19:03:28|0|0|10159565124068904|facebook
"Unfortunate, and a bi product of bad activism in this case. The 'protesters' never did establish an ""A"" Team of skilled Spokes-People backed by a proper team of researchers. They failed utterly at getting a clear message out by refusing to talk professionally to the Medea or anybody else."|10159566203738904|Bill Ferguson|2022-02-16 19:03:28|0|0|10159565124068904|facebook
Reporters use to worry about their life reporting on actual news, now they complain about people tired of their lies.|10159565342588904|Regan Welder|2022-02-16 19:03:28|0|0|10159565124068904|facebook
No good can come from the fox guarding the henhouse.|10159565287468904|Ben Silverman|2022-02-16 19:03:28|0|0|10159565124068904|facebook
Probably not journaliste but treaters paid to destroy life as we know it …… and threat’s off justice. We want the truth.|10159566247598904|Simon Guay|2022-02-16 19:03:28|0|0|10159565124068904|facebook
Maybe if they reported the truth 🤔 🤷|10159566091668904|Ken Grix|2022-02-16 19:03:28|0|0|10159565124068904|facebook
Be honest, it will get easier|10159565951283904|Nathan Fry|2022-02-16 19:03:28|0|0|10159565124068904|facebook
You had a choice now deal with the consequences|10159566683963904|Codie Montreuil|2022-02-16 19:03:28|0|0|10159565124068904|facebook
Try telling the truth and see how that works.|10159566080623904|Mitch Yourchek|2022-02-16 19:03:28|0|0|10159565124068904|facebook
Reality check on journalist hardships:  https:// www.nbcnews.com/ news/amp/ rcna14196|10159565638143904|Lockwood Luca|2022-02-16 19:03:28|0|0|10159565124068904|facebook
Liars thats why.. Why no stories on this?  Nigeria 2.7% Double Vaxxed Canada 81% Double Vaxxed  Canada 3.19 Million Cases 35,470 Deaths 1.1% Canada Population 38.01 Million Nigeria 254,000 Cases 3,141 Deaths 1.2% Nigeria Population 214,391,267  still scratching my head on that one. Independent research!|10159565269508904|Dave Buote|2022-02-16 19:03:28|0|0|10159565124068904|facebook
More fake news|10159566372193904|Chad Gardiner|2022-02-16 19:03:28|0|0|10159565124068904|facebook
Defund - the - media.|10159565273788904|Jeff Durham|2022-02-16 19:03:28|0|0|10159565124068904|facebook
yes Taras but if you mistreat a dog , that's what happens when you stand in front of it poking it with a stick...may be a poor analogy , but play nice|1980730408766831|Claus Damsbaek|2022-02-16 19:04:01|1|0|10159565124068904|facebook
Deanna Le Vavasour That’s hilarious. I live in a part of Alberta where masks may have been mandated but in all actuality, have been optional for months. But I’ll make sure to tell the doctors and nurses that they should stop wearing masks because you’re concerned about them.|10159565445833904|Leslie Kruger|2022-02-16 19:04:01|1|0|10159565124068904|facebook
💥 You're so bang on! I have been walking EVERYDAY throughout this Ottawa protest/global movement, sometimes 4 hours a day! It’s only been positive vibes from the thousands of supporters that drive across this country of all of ours, to unite in a peaceful protest, voicing their opinion on having the constitutional right to medical freedom. Trudeau single handedly brought this onto himself by choosing to spew hate and divisive words towards those who have every right to bodily autonomy! @  - you’re a disgrace, shame on you.|10159565768518904|Jupiter Quest|2022-02-16 19:03:59|1|0|10159565124068904|facebook
Keep wearing your muzzle love that lack of oxygen is screwing with your brain. 😊|10159565437488904|Deanna Lexey|2022-02-16 19:04:01|1|0|10159565124068904|facebook
So this is what you are going to point out from this comment which is SPOT ON? Spelling??? Really??? Scary thought that nutjobs with super inflated ego completely out of touch with reality like you actually vote in our elections.|10159565951658904|Richard Husar|2022-02-16 19:03:59|1|0|10159565124068904|facebook
Nothing in the comment from  was dividing. She pointed out a very real thing happening in main stream media. Calling other people divisive is by itself divisive. Other than that I apologize for insulting you.|10159566622598904|Richard Husar|2022-02-16 19:03:59|1|0|10159565124068904|facebook
it is simple. I can assure you that we in the indigenous community are shocked at how this one group can get away with this.  You seem to think that I have no first hand knowledge of what is happening there.  I have heard from medical workers that they have been harassed.  The missing piece of this puzzle is why are no other groups allowed to peacefully protest but this particular group gets to hold people hostage. Are you denying the people who have had to close their businesses, who have been called racist epithets, who can’t sleep at night because of the noise? I can assure you that BIPOC community members are not feeling completely safe walking in the “protest” areas. Why do you think they have organized walking groups to get people safely through this. Or are you saying that these people only think that they are doing that. You may feel comfortable there but I can assure you not all of us do.  I have participated in numerous protests. We didn’t allow this type of conduct and if someone did pull out a swastika for example, we would immediately have shut it down. We don’t deny it.  I have read their manifesto. Unpack that. They are explicit about their goals and their goals are nothing to do with anyone’s freedom. There are two sides to every story. Please have some regard for those who are being punished for something they didn’t do.  I have no problem with anyone protesting anything. This is not how you protest. Have a little thought for others.  This hate needs to stop. Have a good day.|10159566846128904|Mary Dale|2022-02-16 19:03:59|1|0|10159565124068904|facebook
Lol  Too long, didnt read|10159565244448904|Jade Ethier|2022-02-16 19:03:27|0|0|10159565124068904|facebook
Serve you right if you post false news.|10159565353008904|Roger Vincent|2022-02-16 19:03:28|0|0|10159565124068904|facebook
We are all tired of watching the Big Liars subvert the truth...please go after them and expose the harrassers, this is not free speech.|10159565456168904|Nancy Kaye|2022-02-16 19:03:28|0|0|10159565124068904|facebook
I would be more shocked to discover today’s journalists DON’T have a shrine to Jospeh Goebbels in their homes.  Unbiased facts have been replaced with opinion pieces penned by the most useless people within our society.|10159567295483904|Mike Owen|2022-02-16 19:03:28|0|0|10159565124068904|facebook
"Use your ""brain"" and the facts before you post.... You will be fine. Lol"|10159565477628904|Edward Barnes|2022-02-16 19:03:28|0|0|10159565124068904|facebook
"It's cute that you put ""brain"" in quotation marks, as if the concept is foreign to you. Which seems to be the case."|10159565532558904|Colin Hunter|2022-02-16 19:04:00|1|0|10159565124068904|facebook
This is really sad. These people don't understand what media is and does to the stabilization of our country. Go ahead, travel to Afghanistan, North Korea, China, Iran etc. See how far you get with getting ANY information about the government.|10159566765668904|Carmen Olivia|2022-02-16 19:03:28|0|0|10159565124068904|facebook
actually, ignorant ridiculous people are the virus.|10159565270493904|Rena David|2022-02-16 19:03:55|1|0|10159565124068904|facebook
Then do your job and present the news and quit giving us opinion pieces. It’s your choice. I don’t feel one bit of sympathy|10159565579588904|Debbie Moore|2022-02-16 19:03:28|0|0|10159565124068904|facebook
It wasn't amped by truckers. It was amped by the media lying. Ive noticed a few times pre covid of things not being truthful.|10159565561713904|Everett Parker|2022-02-16 19:03:28|0|0|10159565124068904|facebook
I wouldn’t ever threaten journalists, even if most of them are professional liars working for corporate media outlets. I definitely however intend to always ignore them from now on, and respond to any attempt at an interview or comment with “no thank you. I don’t talk to the media”.|10159565625883904|Problematic Voice|2022-02-16 19:03:28|0|0|10159565124068904|facebook
Trud Media that can’t be flushed down toilet … journalist not in my book … more like dictated story tellers|10159565505743904|Brian Weiss|2022-02-16 19:03:28|0|0|10159565124068904|facebook
Maybe the media should tell the truth. Until then shut the hell up.|10159565214168904|Deanna Lexey|2022-02-16 19:03:28|0|0|10159565124068904|facebook
The fake profile 🤡s are telling journalists to tell the truth 🤣|10159565250488904|Ryan Woods|2022-02-16 19:04:01|1|0|10159565124068904|facebook
no the media you believe in showed me. Actions speak louder than words, your country is standing up to corruption, wait! The WHOLE WORLD is standing up to this tyranny and you're sitting down.. well done, you can thank us later. I'm not a Trump supporter by any means, but I think I would vote him in over your drama teacher. Any day .|10159565320233904|Deanna Lexey|2022-02-16 19:04:01|1|0|10159565124068904|facebook
Deanna Le Vavasour I didn’t vote for him either, but he is still the PM of our country. How do you know what media I believe in? I can tell you I don’t get my information from rumble or bitchute. The whole world lol, 66% of Canada doesn’t agree with you anymore. I won’t be thanking any of you later or ever. I stopped supporting that convoy after I read their manifesto, sorry MOU.|10159565422288904|Leslie Kruger|2022-02-16 19:04:01|1|0|10159565124068904|facebook
Trudeau is the virus, and media is the delivery system.|10159565874823904|Laurie Ann|2022-02-16 19:03:55|1|0|10159565124068904|facebook
Can always tell the ones that live life behind a screen. None of you have been there to see the vibe and are casting stones blindly. I guess our misinformation comes from being there and witnessing it first hand. Then we watch blatant lies ooze from the government subsidised media and people subsequently creating stupid conspiracy theories. I don't need media to tell me what to believe, my eyes are 20/20, and I see bias where it lies...|10159565559938904|Geoff Joseph|2022-02-16 19:03:51|1|0|10159565124068904|facebook
Actually I think Trump is the virus that has moved north.|10159565230478904|Mary Louise|2022-02-16 19:03:55|1|0|10159565124068904|facebook
Try telling the unbiased truth. Like media is supposed to. You should be trouble free. It’s pretty amazing what honesty will do for a news station.|10159566542868904|Ryan Cutler|2022-02-16 19:03:26|0|0|10159565124068904|facebook
"Yeah, MSM, stop with the ""bias"" and stop telling people-- people who delight in bigotry, people who lick the boots of authoritarians, people who look the other way from rapacious greed and exploitation, people who don't understand facts and cope by denying them, and people who lie and cheat and steal-- stop telling them they're ""bad."" Who are these ""journalists,"" or anybody else for that matter, to judge *anything?*  The grotesque irony of course is that right-wingers also claim to be the upholders of ""cold, hard truth"" and ""values"" and ""righteousness. """|10159565736593904|Ken Spragg|2022-02-16 19:03:36|1|0|10159565124068904|facebook
Also: helping dox the give send go contributors and calling them up to ask why they gave money, while reporting on every 'symbol of hate' you can find (3 in a million), the life of a journalist|10159565598793904|Dan Van Minnen|2022-02-16 19:03:26|0|0|10159565124068904|facebook
Explain. What errors or deliberate falsities has he made? If you're going to throw around accusations like that, back them up.|10159565524933904|Colin Hunter|2022-02-16 19:03:37|1|0|10159565124068904|facebook
Which one were you referring to? And why?|10159566344763904|Colin Hunter|2022-02-16 19:03:37|1|0|10159565124068904|facebook
Reporting about the harassment is journalism. They're reporting on the downfall of civil society, when conspiracy-addl ed wingnuts scream at reporters for doing their job.|10159565529558904|Colin Hunter|2022-02-16 19:03:38|1|0|10159565124068904|facebook
Fear is the mind killer. Take a good look in the mirror!|10159565523843904|Darlene Dove|2022-02-16 19:03:26|0|0|10159565124068904|facebook
blah blah blah. Get a grip.|10159569160678904|Anthony Matthews|2022-02-16 19:03:39|1|0|10159565124068904|facebook
nah, sites like Facebook have just inflamed the confirmation bias in people like you. You belong to a really small minority in Canada.|10159565415348904|Jam O'Sherry|2022-02-16 19:03:40|1|0|10159565124068904|facebook
IKR ..🤣😂|10159565914458904|Darlene Brooks|2022-02-16 19:03:36|1|0|10159565124068904|facebook
good job reading for content, there.|10159566476593904|Melinda Shore|2022-02-16 19:03:40|1|0|10159565124068904|facebook
nobody is allowed to be abused. The people who take it upon themselves to abuse others will be held accountable in any legitimate workplace. Abuse is not tolerated|10159565587363904|Steve Cobblehoff|2022-02-16 19:03:41|1|0|10159565124068904|facebook
it's the readers that are facing propaganda abuse ...get it right!|10159565915533904|Darlene Brooks|2022-02-16 19:03:41|1|0|10159565124068904|facebook
good propaganda ya mean lol|10159567390153904|Sonia Rodrigues|2022-02-16 19:03:41|1|0|10159565124068904|facebook
You’re biased reporting is causing and fueling the temperament of a large proportion of our population and it’s growing by the minute, hours and days.|10159566551228904|Leon Bouvier|2022-02-16 19:03:26|0|0|10159565124068904|facebook
Haven’t nothing at all, try Mexican journalism and the meddle east as a correspondent! Than we can talk! UNBIASED!|10159565371563904|Josh Scarborough|2022-02-16 19:03:26|0|0|10159565124068904|facebook
lol, true|10159565309688904|Terry Nichols|2022-02-16 19:03:42|1|0|10159565124068904|facebook
you already did. Fake news….|10159565591298904|Steve Cobblehoff|2022-02-16 19:03:36|1|0|10159565124068904|facebook
": Knowing nothing about you makes me ""poorly informed""?"|10159573919958904|Miles Chandler|2022-02-23 19:03:35|1|0|10159565124068904|facebook
what lies?|10159565337023904|David Rochon|2022-02-16 19:03:54|1|0|10159565124068904|facebook
if it was a one off I'd agree with you. But it's not.|10159566373268904|Chris Milosek|2022-02-16 19:03:32|1|0|10159565124068904|facebook
ya ever hear about bribe?|10159567389878904|Sonia Rodrigues|2022-02-16 19:03:30|1|0|10159565124068904|facebook
wow...are you ever misinformed....|10159574570578904|Peter Staves|2022-02-23 19:03:30|1|0|10159565124068904|facebook
To be expected. The profession has abandoned truth and fact in favour of spouting government lies, relying on heresay and innuendo, partial or misleading facts (if used) and shallow opinion. Listening to the talking heads over the past few days of the protest removal, the number if times they misstated facts, gave incorrect information and were never corrected or questioned by the ‘journalistic’ interviewer was phenomenal.|10159572180128904|Roger K Sashaw|2022-02-16 19:03:26|0|0|10159565124068904|facebook
used to be more reporting and less opinion/spin to suit a narrative. I stopped watching most.|10159565383043904|Chris Milosek|2022-02-16 19:03:32|1|0|10159565124068904|facebook
nailed it!|10159565916618904|Darlene Brooks|2022-02-16 19:03:32|1|0|10159565124068904|facebook
huh?|10159565917638904|Darlene Brooks|2022-02-16 19:03:32|1|0|10159565124068904|facebook
"i would say they are mostly a product of the all ""left"" you know the feckless losers that cheer on goverment intervention in peoples lives."|10159566179913904|Skip Carleton|2022-02-16 19:03:32|1|0|10159565124068904|facebook
https:// torontosun.com/ opinion/ columnists/ agar-its-no-wond er-trust-in-med ia-is-declining|10159566428618904|Chris Milosek|2022-02-16 19:03:32|1|0|10159565124068904|facebook
: I have four, actually, including a doctorate. Is that germane to the discussion somehow?|10159573827938904|Miles Chandler|2022-02-23 19:03:35|1|0|10159565124068904|facebook
The worse ly!ing so called journalists are from the C(rap) B(ullsh!t) C(reators) who are burning through our tax dollars.|10159572017408904|Lynn Henderson|2022-02-16 19:03:32|1|0|10159565124068904|facebook
me too.|10159566442093904|Shauna Burke|2022-02-16 19:03:33|1|0|10159565124068904|facebook
Cry me a river. Seek out the truth, not that which merely confirms a narrow narrative.|10159566568118904|Barbara Bout|2022-02-16 19:03:26|0|0|10159565124068904|facebook
"When someone says, ""Mainstream media bias,"" they usually seem to mean, ""Why don't you write hysterical propaganda that agrees with me?""  They're never after sober, well-researched factuality."|10159565460218904|Stephen Humphrey|2022-02-23 19:03:35|1|0|10159565124068904|facebook
found one.|10159566285323904|Jack Bergin|2022-02-16 19:03:35|1|0|10159565124068904|facebook
Iv always figured they are a little bias but till this protest started i never knew how much they are only now reporting thing i seen 10 days ago live and they still got to find away to put a spin on it We dont have a news outlet that is 100% none bias|10159566348958904|Paul Sammut|2022-02-16 19:03:35|1|0|10159565124068904|facebook
😏 I’m not sure how old you are, but perhaps spend less time playing paddy cakes with your Red Guard pals and read some of those books in your cover photo, rather than wasting your time attempting to diminish people online with feigned intellect, and mockery. Let me guess the books in your photo tell a very different version of the 20th century or are they mostly comics, sci-fi and stratego theory?|10159573739763904|Anthony Bachert|2022-02-23 19:03:35|1|0|10159565124068904|facebook
hey, strawman. Are you talking about Karen in this comment thread, or the ridiculous anti-vaxx people revoking organ donation via the social media team of the Canadian Blood Services?|10159565468923904|Terry Nichols|2022-02-16 19:03:42|1|0|10159565124068904|facebook
mmhmm|10159565480118904|Jason Merritt|2022-02-16 19:03:42|1|0|10159565124068904|facebook
So the anti-freedom protesters who threaten harm and yell insults are making msm, except msm portrays it coming from the freedom protesters... nice continued twisting the story...|10159565270478904|Dianne Melnychuk|2022-02-16 19:03:26|0|0|10159565124068904|facebook
Journalists are the real victims in all this.|483529503389181|Andrew Boardman|2022-02-16 19:03:27|0|0|10159565124068904|facebook
Ironic graffiti considering all those people believe everything they hear from media on YouTube and the rebel|10159565695508904|Lincoln Flanagan|2022-02-16 19:03:27|0|0|10159565124068904|facebook
Go figure that consistently spreading lies would turn people against you.|10159566731023904|Nicole LeBlanc|2022-02-16 19:03:27|0|0|10159565124068904|facebook
Maybe cause the MSM lied about Nick Sandman, Kyle Rittenhouse, and Jussie Smollett.|10159565818278904|Patrick O'Donnell|2022-02-16 19:03:27|0|0|10159565124068904|facebook
touche|1110062116442034|Steven Laing|2022-02-16 19:03:52|1|0|10159565124068904|facebook
m'eh|10159565427028904|John DeJong|2022-02-16 19:03:53|1|0|10159565124068904|facebook
"You know whether ""state-run"" or privately owned, the fewer competing media outlets we have, the more biased and misleading the message can be based on the monopolizing owners' personal leanings. I'm not just referring to political slant i.e. holding conservative or liberal world views. Private owners have their own political interests, financial interests, family connections, investors' demands, whatever the case may be. ""He who controls the media, controls the message"" and he who controls the message, controls the people. A privately owned outlet whose members are rubbing shoulders with members of the current ruling political party are likely not going to publish anything that paints that party in an unflattering light, and can create unfavorable press around people or ideas their friends oppose. I rarely see a full fact-gathering journalistic report presenting all sides of a story anymore, written using objective language. That goes for MSM as well as alternative media. They're all pumped up on self-important juice. Newspapers have become annoyingly National Enquirer-esque. Full of opinion, provocative language, hyperbole and speculation. They frequently examine a story from only one perspective and ignore competing or contradictory viewpoints. That is not investigative, nor objective.  When I pick up a paper or watch TV news I want straight facts unhampered by button-pushing language, dire predictions with no foundation, extremes in tone of voice and facial expressions, all the lexical and psychological tools designed to sway opinion rather than allowing me, the viewer, to form one without prejudice."|10159566418183904|Laurie Ann|2022-02-16 19:03:53|1|0|10159565124068904|facebook
I subscribe to the theory that there is 2 sides to every story and somewhere in the middle usually lies the truth. My solution is I don’t watch the news much anymore and I research and read all sides of things that are important to me. You can’t let your biases lead you. The immense amount of media, information and misinformation we are exposed to every day compared to 10 years ago is staggering. I miss the days when the 6 and 11 o’clock news actually reported news.|10159566544378904|Leslie Kruger|2022-02-16 19:03:53|1|0|10159565124068904|facebook
And beggars belief are those trashing the media yet salivating over the likes of erza L,the rebel, post millennial, YouTube Drs, and other garbage But no accredited journo should be subject to harassment. And the label accredited is something that rwnjs seem to steal…|10159565228223904|Donna Marie|2022-02-16 19:03:27|0|0|10159565124068904|facebook
Guess that's a byproduct of marginalizing people for two years and counting🤷‍♂️. Boo hoo. I think journalists at globe and mail should be paid less for lack of integrity.|10159565695028904|Rodge Brune|2022-02-16 19:03:26|0|0|10159565124068904|facebook
The Truth shall set you Free :D|10159566709008904|Gwen V Avery|2022-02-16 19:03:27|0|0|10159565124068904|facebook
I’m sure it would be different if you were known to tell the truth. Obviously you have a problem here.|10159565440558904|Bob English|2022-02-16 19:03:27|0|0|10159565124068904|facebook
Terribly sad|10159565489423904|Janny Venhuis|2022-02-16 19:03:27|0|0|10159565124068904|facebook
You're free to become a janitor instead|10159565262293904|Agnieszka Maria De Medeiros|2022-02-16 19:03:27|0|0|10159565124068904|facebook
Get back to work!|10159565392413904|Nathan Peter|2022-02-16 19:03:27|0|0|10159565124068904|facebook
Report truth and you would be good to go|10159568458998904|Kevin Williams|2022-02-16 19:03:27|0|0|10159565124068904|facebook
Maybe stop being biased!|10159565583813904|Brandon Bartlett|2022-02-16 19:03:27|0|0|10159565124068904|facebook
Do your job!! Investigate!! Here both sides!! Report the news not an opinion!!|10159565725158904|Yann Bossel|2022-02-16 19:03:27|0|0|10159565124068904|facebook
I'll check it out!|10159565469723904|Christa Forsythe|2022-02-16 19:03:51|1|0|10159565124068904|facebook
I’m so glad he learned how to pronounce Ottawa correctly now 😂🤣 🤦‍♀️|10159565391723904|Natasha Alita|2022-02-16 19:03:51|1|0|10159565124068904|facebook
Agreed 😂😂😂|10159565501438904|Shannon Felix|2022-02-16 19:03:49|1|0|10159565124068904|facebook
I hate that the hard right posters seem to think that the media is in the back pocket of the liberal left. Really nothing true in that as all print and electronic journalists love to get newsworthy scoops. They don't spike stories that embarrass the left at all. South of the border the right wing news sources seem to bend over backwards to make their newsmakers look good though.|10159565297258904|Steve Ames|2022-02-16 19:03:26|0|0|10159565124068904|facebook
well maybe journalist and the Corps. they work for should clean up their act and start producing truthful news and not activism. But, I guess the lure of 600 million is to much of an apple not to take a bite from.|10159565328588904|Mike Johnson|2022-02-16 19:03:26|0|0|10159565124068904|facebook
totally agree.|10159567783303904|Helen Kefalas|2022-02-16 19:03:43|1|0|10159565124068904|facebook
These threats that reporters or journalists are receiving has nothing to do with this Freedom Convoy. It is the journalists and reporters themselves that have caused their own demise. If reporters and journalists want to continue printing or putting out lies. Then you will suffer the consequences. Simple truthful logic|10159565725918904|John Marche|2022-02-16 19:03:26|0|0|10159565124068904|facebook
oh I get the difference. Just can't remember the last time I saw a news piece....  Also... give me a break.  This surely seems ok to you:  https:// www.poynter.org/ fact-checking/ 2022/ justin-trudeau-6 00-million-doll ar-media-bribe/|10159565250513904|Michael Budd|2022-02-16 19:03:43|1|0|10159565124068904|facebook
Not certain but I think employees and workers of all sorts should be free from death threats, harassment and abuse- whether you agree with them or not. In the media realm, that goes for progressives and how they treat National Post reporters and right wingers and how they treat CBC reporters.|10159565172313904|David Clark|2022-02-16 19:03:26|0|0|10159565124068904|facebook
Stop reporting fake news then and lies. We all know media was bailed out by Trudeau in the millions if not billions, so you don't bite the hands that feed you right. I don't believe hardly anything anymore that's reported, it's disgusting how bias it is with legacy media|10159565331333904|Jennifer Leonard|2022-02-16 19:03:26|0|0|10159565124068904|facebook
We can thank Trump for the abuse of real journalists. It is sad to see it spill over to Canada|10159565392178904|Pauline Loughton|2022-02-16 19:03:26|0|0|10159565124068904|facebook
There are no journalists in Canada just paid flunkies of the government|10159565325083904|Les Christensen|2022-02-16 19:03:26|0|0|10159565124068904|facebook
Those far right conspiracy theorists only live to hate others . It’s a tragedy .|10159565212133904|Lauren Blatt|2022-02-16 19:03:27|0|0|10159565124068904|facebook
🤡..🙄|10159565245898904|Graham Anderson|2022-02-16 19:03:45|1|0|10159565124068904|facebook
Would love to know all the verifiably false facts you found that were stated in this op-ed.|10159565165188904|Dave Smith-Hayes|2022-02-16 19:03:46|1|0|10159565124068904|facebook
just because you don’t like it doesn’t mean it’s not true.|10159565240188904|Lee Bowman|2022-02-16 19:03:46|1|0|10159565124068904|facebook
"Which, ""Truth"", the actual truth or your truth?"|10159565248793904|John Currie|2022-02-16 19:03:46|1|0|10159565124068904|facebook
Go ahead, please cite all the factual inaccuracies in his writing. We'll wait.|10159565522878904|Colin Hunter|2022-02-16 19:03:46|1|0|10159565124068904|facebook
The audacity of Globe and Mail to vomit lies non stop every day|10159565945263904|Richard Husar|2022-02-16 19:03:29|0|0|10159565124068904|facebook
