﻿comment|comment_ids|username|datetime|isreply|num_replies|post_id|label
So, the biggest public myth of the Convoy is that they were about mandates & turned bad. They were organized by anti-government extremists, who use extremist tactics & are attracting more extremists. Even if they succeeded in framing it around an issue that attracted wider support. it was still a right wing FIASCO!!! Sadly far to many Canadians fell down the rabbit hole of misinformation and lies!!!|10159574724593904|Gloria Dawe Bruce|2022-02-23 21:40:37|0|7|10159574626783904|facebook
Too soon, they need to apologize, right now they are reorganizing on a farm and spreading out their infection across the nation... they are not ready to be deprogrammed from their cult.|10159574677203904|Carol Anne Knapp|2022-02-23 21:40:38|0|6|10159574626783904|facebook
you leftist dimwit|10159574725173904|Ted S Ptak|2022-02-23 21:40:49|1|5|10159574626783904|facebook
written by a friend .. A simple civics lesson for the unknowing, the confused, the delusional, or those lusting for anarchy and the destruction of Canada’s constitutional democracy.  1. The Constitution Act, 1982 is the supreme law of Canada. It is a collection of foundational documents such as the BNA Act, 1867, which created this new nation, and the Charter of Rights and Freedoms (1982). 2. All Canadians and every level of our government are legally bound to adhere to the constitution, for it states what the rules and responsibilitie s are here, which all must/shall obey or face penalty. 3. The ultimate power to determine what is constitutional/ legal in Canada was granted to the Supreme Court, as designed by the nation’s builders, led by Sir John A. Macdonald, and as authorized by Queen Victoria. 4. The constitution grants our federal government control over matters such as national defence, international affairs, and issues related to our borders/ coastlines/ waterways. 5. The constitution grants provincial governments control over matters such as health and education. 6. The Charter of Rights and Freedoms grants Canadian citizens many privileges and protections. 7. Section 1 of the Charter – placed at the start for emphasis – clearly states that precisely none of our rights and freedoms is absolute; rather all may be restricted in accordance with “reasonable limits prescribed by law.” 8. The Supreme Court has constitutional authority and final say on what is considered within “reasonable limits.” 9. Unless you are a Supreme Court Justice, your “opinion” or “feelings” on matters of constitutional law are, in the end, completely irrelevant; fit for toilet paper or philosophy, perhaps, but of no real consequence.|10159575000118904|Andrew Fuller|2022-02-23 21:40:45|1|4|10159574626783904|facebook
The trauma and divide is in the Conservative Party they're leaderless and exposed. The country is very united except a few loud raging people are given too much air.|10159575081228904|Melvin Argue|2022-02-23 21:40:37|0|4|10159574626783904|facebook
The Prime Minister having once worn an unfortunate costume doesn't give extremists any free pass to racism or hate.|10159574851118904|Nassim Giancurussu|2022-02-23 00:00:00|1|4|10159574626783904|facebook
"from CBC, Dwayne Lich questions legality of Emergencies Act He also questioned whether the Emergencies Act — which was debated Saturday in the House of Commons — was implemented legally, at times confusing the numbered amendments found in the U.S. Constitution with Canada's Charter of Rights and Freedoms. ""Honestly? I thought it was a peaceful protest and based on my first amendment, I thought that was part of our rights,"" he told the court.  ""What do you mean, first amendment? What's that?"" Judge Julie Bourgeois asked him.  ""I don't know. I don't know politics. I don't know,"" he said. ""I wasn't supportive of the blockade or the whatever, but I didn't realize that it was criminal to do what they were doing. I thought it was part of our freedoms to be able to do stuff like that.""  He also began asking the court about whether the Liberal government was legally allowed to implement the Emergencies Act.  Dwayne Lich Feb. 9/2022 A courtroom sketch of Dwayne Lich, who testified at his wife's bail hearing about his ability to act as her surety. (Laurie Foster-MacLeod/ CBC) ""Can you tell me if what they did is really legal? If this is something that they can be doing or is it against everything that is good and holy? I don't know,"" he said.  While the Crown argued his comments showed he might not recognize the law, Magas asked him if he understood that any restrictions set by the court would need to be followed, to which he said he did.  The Crown is arguing against bail for Tamara Lich, saying she's already proven she has no respect for the law and that her husband's testimony shows they have rich friends and could fundraise more money.  The judge is expected to make a decision Tuesday."|10159574834223904|Patrick J Morris|2022-02-23 21:40:52|1|4|10159574626783904|facebook
Maybe you should listen to the last surviving author and signatory of the Charter, Premier Brian Peckford. https:// rumble.com/ vu2nzq-premier-b rian-peckford-i s-suing-canada- over-covid-19-v accine-travel-m andate.html|10159574902398904|Kathy Sarich|2022-02-23 21:40:43|1|3|10159574626783904|facebook
"we also see which political party emboldened the resolved of this illegal street occupants and addressed them ""our friends in parliament..."""|10159574844853904|Li Eron|2022-02-23 21:40:37|0|3|10159574626783904|facebook
Calgary is still protesting|10159574669338904|Lori Welch|2022-02-23 21:40:38|0|3|10159574626783904|facebook
There's a divider in the house that had no interest in calming this situation. He is the problem.|10159574747398904|Cathy Bowslaugh|2022-02-23 21:40:37|0|3|10159574626783904|facebook
This Country will never heal .....|10159574651413904|Augustus Churchill|2022-02-23 21:40:37|0|3|10159574626783904|facebook
no it's not that far. Just outside of mainstream media.Use Google maybe. Just have to open your eyes.|10159574896458904|Matthew Quehe|2022-02-23 21:40:47|1|3|10159574626783904|facebook
I didn't think you would be reading this biased liberal crap. But we all should try to see opposing views.|10159574808488904|Matthew Quehe|2022-02-23 21:40:47|1|2|10159574626783904|facebook
Anything right of extreme left is considered far right. Freedom is now considered far right.|10159574787463904|Fitzroy Antdantilus|2022-02-23 21:40:49|1|2|10159574626783904|facebook
That is why every challenge to the Charter ends up in Supreme Court. In order to go to court there has to be people on both sides of the argument. One side will always be the winner, one way or the other. It won't stop me from putting my two cents in though, and if I think the judge is wrong, I will say that also lol.|10159575392828904|Ed Gilpin|2022-02-23 21:40:45|1|2|10159574626783904|facebook
We all have the right to protest, we all pick our own causes. Your anger seems justified. Start your protest. Best time ever, while the government is overwhelmed with the truckers.|10159574993233904|Ed Gilpin|2022-02-23 21:40:45|1|2|10159574626783904|facebook
Tamara Lich, one of the organizers had a bail hearing the other day. Her husband spoke of her 1st Ammendment rights being violated. You would think being part of a group hoping to take over a country that they would know what country they are railing against.|10159574669243904|Patrick J Morris|2022-02-23 21:40:38|0|2|10159574626783904|facebook
Yeah probably the last thing we need is a left wing American getting involved in Canadian politics. After all, they have their own political issues to worry about.|10159574995968904|Ed Gilpin|2022-02-23 21:40:40|1|2|10159574626783904|facebook
I have made my protests and the government came in and took us out in less than one day and many people were physically harmed. Why? Because we were protesting as Black peoples to be recognized as humans and not be murdered by police. This three day illegal occupation that was allowed to go on for so long and broken up with what I hear are two injuries and one was allegedly committed by a protestor to a non-white protestor tells, no shows me, there is only one yt way to protest in this country. It was a clear example of systemic racism and white supremacy. Period.|10159574997938904|Jay Man|2022-02-23 21:40:45|1|2|10159574626783904|facebook
I mean in their manifesto they did make demands that a government made up of convoy protestors be appointed and that the current government step down lol|10159575365623904|Kurt Ruetters|2022-02-23 21:40:41|1|2|10159574626783904|facebook
Brian Peckford, former premier and the last living person to actually sign the Constitution is now suing the federal government for violations against the Charter. I guess however it is like the warranty on your car, you do not find out exactly what the words mean until something breaks.|10159575105668904|Ed Gilpin|2022-02-23 21:40:45|1|1|10159574626783904|facebook
Are you referring to the liberals or the truckers?|10159574753753904|Larry Aelterman|2022-02-23 21:40:52|1|1|10159574626783904|facebook
And how many have protested for their rights after having them limited for decades and generations? Where were the freedom protestors then? They only care about freedom when it inconveniences them versus when you are fighting to have control over your own body, your own land, or not to be regularly and legally murdered by police.|10159574984523904|Jay Man|2022-02-23 21:40:45|1|1|10159574626783904|facebook
Decent , knowledgeable, proud Canadians WILL stand up for Canada. Degraders of Canada HAVE been around for many years.|10159574754378904|Bonna Haldenby|2022-02-23 21:40:37|0|1|10159574626783904|facebook
After two years all some people want are they rights under our Charter.|10159574830538904|Ed Gilpin|2022-02-23 21:40:37|0|1|10159574626783904|facebook
Charlie Angus the only guy worthy of being there|10159574656928904|Lorraine Thomas|2022-02-23 21:40:37|0|1|10159574626783904|facebook
Reading the comments posted here confirms that this has polarized peoples opinions to the point that finding a solution to this has become harder with each passing day|10159574871133904|Randy Mcleod|2022-02-23 21:40:38|0|1|10159574626783904|facebook
these domestic terrorist should be jailed, truck operating license suspended and never renewed. They should also be put on the no fly list.|10159575072698904|Penny Jackman|2022-02-23 21:40:43|1|1|10159574626783904|facebook
The trauma was caused by the government and the police. The only way to heal is with mass resignations and terminations.|10159574837918904|Jon Boot|2022-02-23 21:40:37|0|1|10159574626783904|facebook
"so are you speaking about section 1 then? You are missing the key phrase like reasonable limits prescribedby law or ""demonstrably"" justified in a free and democratic society. Just curious to which part you are ""specifically"" referring to when it comes to public health measures ? Maybe I missed something 🤔 prehaps it's in the Canadian bill of rights more specifically the constitution act of 1982........ Oh yeah thats right public health measures aren't prescribed by law they are prescribed by edict or mandate."|10159577849963904|Kennedy OBrien|2022-02-23 21:40:43|1|1|10159574626783904|facebook
😂😂😂 OMG..seriously. You obviously didn’t go to Ottawa to see for yourself..you are reading the CBC version of events..otherwi se you would have seen blacks, Jews, Sikhs, whites, mothers, fathers, grandparents, indigenous, all individuals ..regardless of their religion, skin colour they all stood together, united Canadians..as it should be every time..sadly Trudeau prefers division, hate, rhetoric and hates Canadians uniting. PS the only protesters injured..were injured by police.|10159579206478904|Jennifer Wilson|2022-02-23 00:00:00|1|1|10159574626783904|facebook
the divider in the House of Commons is the Conservative Party of Canada.|10159575485333904|Stephen Best|2022-02-23 21:40:44|1|1|10159574626783904|facebook
guess we should start then, so we can shut the degrades that went to Ottawa to “protest” down once and for all….|10159575113723904|Ryan Gerald|2022-02-23 21:40:46|1|1|10159574626783904|facebook
and what metric did you use to come to that conclusion?|10159575039733904|David Rochon|2022-02-23 21:40:48|1|1|10159574626783904|facebook
try 60% that supported the Convoy and its the 40% that need to stop and listen. But that time has past, within 20 years there will be no Canada|10159574677943904|Randy Gaunt|2022-02-23 21:40:50|1|1|10159574626783904|facebook
The part of it supporting the Convoy & their atrocious behavior - they will never heal bc they are so badly damaged & know so little - they will stay angry, hateful, resentful & ignorant. The quiet Majority of 80% will continue doing out best.|10159574665823904|Hope Ludlow Aldridge|2022-02-23 21:40:50|1|1|10159574626783904|facebook
or ... Re elected ... Cause that is how it works here in Canada|10159574909633904|Joanne Johnson-Meyers|2022-02-23 21:40:50|1|1|10159574626783904|facebook
You should replace the word convoy with Trudope. ...|10159574926338904|Samuele Langeli|2022-02-23 21:40:37|0|1|10159574626783904|facebook
The police failed as did municipal leaders as this should never have gotten to where it did|10159574719088904|Michelle Cleary Haire|2022-02-23 21:40:37|0|1|10159574626783904|facebook
It was not a protest or a trucking dispute it was the far right,and I never voted Liberal I do vote though|10159574663923904|Art Graham|2022-02-23 21:40:37|0|1|10159574626783904|facebook
If protests were right or wrong we will see in next election when the conservatives are in third place|10159574888458904|John Craft|2022-02-23 21:40:37|0|1|10159574626783904|facebook
color of my toilet paper.|10159575176593904|Georges Sauriol|2022-02-23 21:40:48|1|1|10159574626783904|facebook
History shows the mood of a country is often a reflection of the leader’s style. Canada currently has the most divisive PM in its history. The longer this guy stays at the helm, the deeper the rifts will become.|10159574920003904|James Valhalla|2022-02-23 21:40:37|0|1|10159574626783904|facebook
I've read the 68 comments on liberal leaning globe and mail. Have any of you read another news source? Typically thousands of comments on media not bought and paid by government. You all seem to be painting hundreds of thousands of people with the same brush. I don't think you are all racist because you fallow black face Trudeau who has posed with multiple people holding swastika flags and other hate symbols. Can probably find more evidence of Trudeau being racist then protesters Look at your neighbors and try to see their point of view. Yes you think the working class is below you but give it a try.|10159574797873904|Matthew Quehe|2022-02-23 21:40:37|0|1|10159574626783904|facebook
People who have abandonned fact based media because reality didn't fit their beliefs, and the gleefuly plunged into the rabbit hole of fantasy media, and in turn were misled to think the fantasy news gave them a right to hijack Canada's main trade route, vandalise the nation's capital and take the rest of the country hostage, those people. They take extreme actions and that makes them extremists.|10159576403978904|Nassim Giancurussu|2022-02-23 21:40:47|1|1|10159574626783904|facebook
If we had a real prime minister this could have all ended in about a week. I saw a segment of the population with grievance. Trudeau saw terrorists, racists, white supremacists, misogynists, and four or five other choice words he has for people that question his authority.|10159574828823904|Ed Gilpin|2022-02-23 21:40:37|0|1|10159574626783904|facebook
The only takeover of this country is the foreign takeover by the foreign authority Justin Trudeau allowed to takeover this country by any means.|10159574701948904|Eddie Davidson|2022-02-23 21:40:52|1|1|10159574626783904|facebook
omg ... You are way way out there|10159574893628904|Joanne Johnson-Meyers|2022-02-23 21:40:47|1|1|10159574626783904|facebook
please provide your justification for calling your neighbors extremists. We are all waiting|10159574859028904|Matthew Quehe|2022-02-23 21:40:47|1|1|10159574626783904|facebook
funny, her Bail hearing is set for tomorrow (Tuesday). So can you please provide a link, or where you got this information? I am actually curious about it.|10159574805933904|Brjann Henwood|2022-02-23 21:40:52|1|1|10159574626783904|facebook
Christopher Lirette Hitler didn't have a supreme court.|10159575144933904|Chrys Kaloudis|2022-02-23 21:40:43|1|1|10159574626783904|facebook
well said buddy|10159574803378904|Caron Michel|2022-02-23 21:40:47|1|1|10159574626783904|facebook
Maybe you should actually read the charter of rights and freedoms. Specifically the part regarding public health measures and what the government has full rights to do. Here is a hint; it's right near the beginning. Surely your attention span can't be that terrible, or maybe the words were too big? 🤔 Maybe have a dictionary handy.|10159576113613904|Kristen Dawn|2022-02-23 21:40:43|1|1|10159574626783904|facebook
once Trudeau is gone the healing will begin, if he stays in power yes Canada will never heal|10159574746933904|Donna Lee|2022-02-23 21:40:50|1|1|10159574626783904|facebook
get over it chrys. Your teams been running this ship for half a decade already. Running it right into the ground.|10159575265118904|Jason Merritt|2022-02-23 21:40:55|1|1|10159574626783904|facebook
Just recognize who caused the rift. It wasn't the people it was Justin Trudeau. When a leader calls citizens that don't agree with him misogynistic racists and do we tolerate them it's time for that leader to go. If you fail to see this as a citizen then wait until you don't agree with Trudeau.|10159574831773904|Jeremy Burningham|2022-02-23 21:40:38|0|1|10159574626783904|facebook
different mandate which was struck down by the Supreme Court.|10159575287148904|Kurtis Pealo|2022-02-23 21:40:41|1|1|10159574626783904|facebook
no I'm just saying that it's another avenue for spread if we get things under control here. Just like other countries that have lower infection rates have banned Canadian travelers|10159575377743904|Kurt Ruetters|2022-02-23 21:40:41|1|1|10159574626783904|facebook
wait so you're moving the goal posts now and saying that 12,000 truckers who aren't vaccinated are going to overwhelm the Canadian healthcare system?  ICU's in Canada are well below capacities because Omicron is much milder than the other variants and original strain of COVID-19.|10159575375233904|Kurtis Pealo|2022-02-23 21:40:41|1|1|10159574626783904|facebook
That makes no sense. Considering that 'leftist' ideology is equality for all, that makes your claim of domination an oxymoron or at the very least a logical fallacy. O'Toole has only met resistance from his own party. You know - the Cons on the right. Say what you want, but Darwinism doesn't work so well for humans. Get back to normalcy? Is that like 'make America great again'?|10159575486913904|Chrys Kaloudis|2022-02-23 21:40:55|1|1|10159574626783904|facebook
division is mostly the fault of the fact that leftists have lost their minds and gone full extremist. There is no middle ground in fact its basically a crime to try and meet in the middle now. Just ask otoole. Lol but seriously. Thank the libs for the need for total global dominance with their opinions and ideologies. It's a cult thats swept the globe and I honestly don't think we as humans will ever get back to any normalcy in our lives because of these types who need the govt to parent them thru life.|10159575431378904|Jason Merritt|2022-02-23 21:40:55|1|1|10159574626783904|facebook
Ashley Martin so go it|10159575363283904|Lorraine Vezeau|2022-02-23 21:40:41|1|1|10159574626783904|facebook
The rift was caused by the most divisive federal govt in Canadian history, long before the protest began. 🙄|10159575240253904|Jason Merritt|2022-02-23 21:40:38|0|1|10159574626783904|facebook
Harper's tentacles reach far, don't they?|10159575252988904|Chrys Kaloudis|2022-02-23 21:40:55|1|1|10159574626783904|facebook
Yup, we're such a third world country now. Divisiveness can be traced back to the emergence of splinter parties out of (mostly) Alberta - remember the Reform, Canadian Alliance, etc.? You don't have to like the party in power right now - but they are not 'the most divisive'.|10159575275413904|Chrys Kaloudis|2022-02-23 21:40:55|1|1|10159574626783904|facebook
you mean international trucking companies don't have over 100 employees? Given the corporate nature of trade in north america I highly doubt there's many truckers that wouldn't have been affected by that policy if it made it through.  Speculation aside the fact that they're being shown to still reduce hospitalization in high risk groups?  So when you have a large demographic of people in your country in that high risk group refusing to get vaccinated and burdening the healthcare system that tax payers pay into you want to mitigate the burden on it? Hospital stays in the ICU costing tens of thousands per person per day and resulting in other procedures being delayed?|10159575349133904|Kurt Ruetters|2022-02-23 21:40:41|1|1|10159574626783904|facebook
the point I'm making is that the US mandate likely doesn't exist at all without lobbying from Trudeau. The mandate Biden tried implementing was completely separate from this one.  Regardless, based on the current set of circumstances and the evidence around vaccine effectiveness in relation to Omicron, the policy is absurd. These decisions aren't being made with medical science in mind but rather political science.|10159575283063904|Kurtis Pealo|2022-02-23 21:40:41|1|1|10159574626783904|facebook
Governments are terrible people, taxes, laws, rules, regulations, mandates. One has to think of where we would be without them though. I've seen Mad Max movie and personally I'd like to have the freedoms I have now not ruled by the gangs with the biggest guns. We in the free world have had everything given to use all our lives, freedoms no other countries in the the world have had and now because of social media its like so many have been brainwashed into thinking this is some kind of terrible life. It's not.|10159575344998904|Steven Laing|2022-02-23 21:40:41|1|1|10159574626783904|facebook
the vaccination mandate was for companies with 100 or more employees, not a cross border mandate.  But what's the point now of a cross border mandate when vaccines aren't stopping transmission of Omicron?|10159575342383904|Kurtis Pealo|2022-02-23 21:40:41|1|1|10159574626783904|facebook
you can make dumb comments about stuff that had no bearing on what I'm talking about. Time will tell if I'm right. I'm pretty sure I am.|10159575292383904|Carl Bufalino|2022-02-23 21:40:41|1|1|10159574626783904|facebook
reread what you just said. In one breath you say that the US mandate wouldn't exist without lobbying from our PM despite the US motioning mandates for this a month ahead of us and then you say the mandate which is identical in scope is separate... It still has the same effect.|10159575285933904|Kurt Ruetters|2022-02-23 21:40:41|1|1|10159574626783904|facebook
Alberta will ALWAYS be protesting!!!|10159574717338904|Gloria Dawe Bruce|2022-02-23 21:40:54|1|1|10159574626783904|facebook
is America great again rite.now? Seems to me was a whole Lotta bs in the divide and conquer. New guy hasn't turned anything into sunny ways any more than up north here. So what was your point exactly other than you just gonna insist everything goes back to the right? Even when your team is in charge on both sides of the border as everything falls apart? 😆|10159575503533904|Jason Merritt|2022-02-23 21:40:55|1|1|10159574626783904|facebook
the scope is still the same international travel/ transport of goods|10159575288608904|Kurt Ruetters|2022-02-23 21:40:41|1|1|10159574626783904|facebook
https:// dailyhive.com/ toronto/ the-daily-show-j ordan-klepper-f reedom-convoy?f bclid=IwAR01KaB aqa7wvO8r9Kpn5K 851e4ysu6z0XRnP ALrb-b5iwFFlxM4 yO5awIQ|10159574957278904|David Riabov|2022-02-23 21:40:40|1|1|10159574626783904|facebook
what were the specifics that the Supreme Court disagreed with? Courts are not infallible.  Superior Court in Ontario has ruled several times that firing or sending an employee home without pay because they did not acquiesce to taking the covid symptom relief injection went against labor codes and was deemed constructive dismissal, giving those employees the right to sue for compensation.  Courts are not infallible. Some Southern US Supreme Courts supported Jim Crow laws that allowed citizens of those states to legally segregate blacks and whites. Slavery was condoned by the courts at one point in history. Law does not equal = justice. They have been historically written by the elitist/ wealthy ruling class to protect their own interests and maintain power over the masses.|10159575104833904|Laurie Ann|2022-02-23 21:40:43|1|1|10159574626783904|facebook
The Supreme Court disagrees with you. And has several times.|10159574923743904|Chrys Kaloudis|2022-02-23 21:40:43|1|1|10159574626783904|facebook
perhaps ... You should read it and know ... It is within their powers as elected officials|10159574892663904|Joanne Johnson-Meyers|2022-02-23 21:40:43|1|1|10159574626783904|facebook
Maybe the government should stop violating the Charter of Rights and Freedoms. 🤷‍♀️ The convoy didn’t open rifts, just revealed more of the government overreach, and MSM bias.|10159574875688904|Kathy Sarich|2022-02-23 21:40:37|0|1|10159574626783904|facebook
If he needed to go, the way a democracy works is that the opposition would vote him out, based on non confidence. Has not happened and won’t. Terrorizing citizens is not how things work in a democracy. Nor does spewing stupid opinions online. I suggest you take some time to get educated. You are doing nothing to help Canadians to understand your position. Rather, what is becoming clearer is that this cult is filled with people who are not very well read.|10159574726548904|Hannah Acuarela|2022-02-23 21:40:55|1|1|10159574626783904|facebook
The unfortunate reality|10159577106853904|Luis Filipe|2022-02-23 21:40:38|0|0|10159574626783904|facebook
you are so wrong|10159574968468904|Philip Schwanz|2022-02-23 21:40:55|1|0|10159574626783904|facebook
Trudeau needs to go|10159574690143904|Philip Schwanz|2022-02-23 21:40:38|0|0|10159574626783904|facebook
https:// dailyhive.com/ toronto/ the-daily-show-j ordan-klepper-f reedom-convoy?f bclid=IwAR01KaB aqa7wvO8r9Kpn5K 851e4ysu6z0XRnP ALrb-b5iwFFlxM4 yO5awIQ|10159574970548904|David Riabov|2022-02-23 21:40:50|1|0|10159574626783904|facebook
the ‘trucker convoy’ far right crisis actors are extreme narcissists, so of course they’ll never heal. Full of so much irrational hate.|10159575031318904|Matty Mac|2022-02-23 21:40:50|1|0|10159574626783904|facebook
yes as I stated, if he stays in power yes Canada will never heal..|10159575149273904|Donna Lee|2022-02-23 21:40:50|1|0|10159574626783904|facebook
There's already been an elitist corporate coup d'etat, the Convoy is attempting to reclaim some basic structures of liberal democracy.  Thanks to the wildly corrupt PM and the elitist Regressive Left (real lefties don't have a mental illness), legions of useful brainwashed ding dongs are clamouring for hate, division, and totalitarianism . Bear witness the final nail in the coffin of liberal democracy and the naked birth of inverted corporate totalitarianism in Canada. No one is safe in Canada until we radically reorganize and set up direct democratic citizen's assemblies to take back our bodies, privacy, institutions, biosphere, and future.  Phones are being tracked and monitored in the entire country, bank accounts are frozen, insurance and licences stripped, people are being threatened with violence and imprisonment for exercising God given right to peaceful assembly, the Government and media is deliberately spreading lies and hate, censorship is rampant, dangerous and ineffective experimental injections are being forced on people by threatening their ability to shelter and feed their children, millions of people are not working and food insecure, inflation is rampant and deliberately and nefariously misreported, our political institutions are crumbling, travel is restricted, our Constitution and rights are suspended - Canada is on the precipice of total disaster, some honking horns keeping sanctimonious, privileged bureaucrats on edge is not the problem, their utter indignation and corruption is.  Our efforts to create a just, reasonable, free, and democratic society over the past several centuries hangs in the balance. This is the greatest moment in Canadian history, and possibly Western civilization.  Anyone supporting the PM is an enemy to all free and democratic people.|10159574992778904|Luke Anthony Greatrex|2022-02-23 21:40:38|0|0|10159574626783904|facebook
That makes even less sense. I find myself engaging in a battle of wits with an unarmed opponent. Come back after you've cracked a poli sci text.|10159575508493904|Chrys Kaloudis|2022-02-23 21:40:55|1|0|10159574626783904|facebook
Justin still hasn't said a single word to quell this. LMFAO|10159575153838904|Brent Iampen|2022-02-23 21:40:38|0|0|10159574626783904|facebook
Watching the debate last night and one liberal MP said the protest had nothing to do with the mandates but was a plot to over throw the government??? Can't believe the liberals can twist it to that!! Brain dead!!|10159574922408904|Gary Bresky|2022-02-23 21:40:38|0|0|10159574626783904|facebook
One of the main reasons the re-emergent far-right was able to gain political legitimacy was the mass media’s refusal to call it by its name, preferring more benign labels like ‘conservative/ populist’ even though it’s neither, helping to conceal what it actually represents and the threat it poses.  The far-right can’t be called populist because it does nothing to empower the disenfranchised and, white the opposite, redirects their anger and fear away from the policies, organizations, parties and politicians responsible for their plight and onto the usual scapegoats, to perpetuate an increasingly untenable status quo.  Removing them from power should be a national security imperative.  Time to stop tolerating such politicians, parties, pundits, and policies, as they only breed ignorance and leave devastation in their wake. Without exception.  The far-right is never ‘the other side’ of any discussion.  What happened at the Capitol only reinforced the warnings from the intelligence community, CSIS, US Homeland Security, and the FBI have all warned that the re-emergent far-right emboldened and empowered by Trump and his ilk, and their normalization of hate, currently poses the greatest terrorist threat.  Warnings which largely escaped the attention of our mass media.  Should finally establish a regulatory body overseeing the conduct of print journalism in Canada, like broadcast and the CRTC, to eliminate outlets like Postmedia and the Sun chain, or at least prevent them from disseminating dangerous and often hateful lies.  Our own far-right ‘conservatives’ and organizations like the Fraser Institute are aligned with and funded by US far-right organizations, ‘think tanks’, and ideologues like Koch.  Look into what Harper, and now John Baird as well, has been up to, coordinating far-right groups and policies across borders and arguably agents of foreign extremists.  This must become part of any honest discussion about foreign meddling in our democracy.  https:// www.thestar.com/ opinion/ contributors/ 2021/09/26/ the-election-sho wed-we-dont-kno w-how-to-cover- the-far-right.h tml  What is it with the right wing and conspiracy theories? https:// medium.com/ politically-spea king/ what-is-it-with- the-right-wing- and-conspiracy- theories-264969 ae04e5|10159575040583904|Jordan Thornton|2022-02-23 21:40:38|0|0|10159574626783904|facebook
"The country was already divided with Trudeau only having 31% of the popular vote. Also... Jagmeet Singh seems to believe that white working class Canadians are a collection of ""bigots"" and ""racist"". Woke ideology has divided the nation like never before... probably too late now."|10159577713923904|Kevin Goodwin|2022-02-23 21:40:38|0|0|10159574626783904|facebook
If Campbell Clark thinks that the convoys are what instigated the issues, he needs to find a career.|10159575175883904|Tim Cameron|2022-02-23 21:40:38|0|0|10159574626783904|facebook
What trauma?? Every night the government people the NDP LIBERAL CONSERVATIVES and even the House of Commons go home and sleep in their super cozy beds eat their hot meals. Take a bath wear nice coats. While these people these Canadians who pay their taxes every year. Live pay checks to pay checks sleep under cold weather outside sitting asleep in their trucks. No idea what's gonna happen next? All they know is they want rule of law, freedom, to be heard and praying that PM Treadeau go out and speak to them.. isn't that hard to do?|10159576837773904|Mary Ann A Raymundo|2022-02-23 21:40:38|0|0|10159574626783904|facebook
Stop it Globe! The headline triggers are laughable like some standup comedy.  This is serious stuff that we are going through and you guys continue with my the manipulation game.|10159574956993904|Keith Hesse|2022-02-23 21:40:37|0|0|10159574626783904|facebook
Yes Liberal NDP government !|10159575356348904|Dwight Lamont|2022-02-23 21:40:37|0|0|10159574626783904|facebook
well ... They could not stop it ... As a protest ... It had to become ... What it did ... And ... Enough asked for the feds ( including ... Kenny , a lot of flip flopping in that party indeed ....) To assist with the removal ... Of the ... Occupation ....|10159574897543904|Joanne Johnson-Meyers|2022-02-23 21:40:51|1|0|10159574626783904|facebook
What trauma seriously grow up|10159574801723904|Justin Shovin|2022-02-23 21:40:38|0|0|10159574626783904|facebook
It's up to us...not our leaders... let's get back on track..|10159574828973904|Carmene Hampe|2022-02-23 21:40:37|0|0|10159574626783904|facebook
should replace it with ‘far right crisis actors get arrested’ haha|10159575028893904|Matty Mac|2022-02-23 21:40:50|1|0|10159574626783904|facebook
no leader can, they have their chance, and justin trudeau say negative statement toward them|10159575499398904|James Siple|2022-02-23 21:40:38|0|0|10159574626783904|facebook
LMFAO|10159574733618904|Dave Spencer|2022-02-23 21:40:52|1|0|10159574626783904|facebook
The Wexit party organizers took a page out of the book of Bannon. We should have learned from him and Jan. 6th. Canada is not immune 🙁|10159574920833904|Chrys Kaloudis|2022-02-23 21:40:38|0|0|10159574626783904|facebook
Talk about healing. The residents of Ottawa will have a lot to say about that.|10159574754218904|Kleber Junior|2022-02-23 21:40:38|0|0|10159574626783904|facebook
assuming that comments on here reflect the wider public|10159575015203904|Steve Hewitt|2022-02-23 21:40:53|1|0|10159574626783904|facebook
I am looking forward to an in-depth investigation into this.|10159574986138904|Ailina Coraline|2022-02-23 21:40:38|0|0|10159574626783904|facebook
that’s exactly right, the liberals need to stop spreading they’re infection all over Canada! It’s disgusting and disturbing how they can act and treat people like they do.|10159580349528904|Amy Pickford|2022-02-24 00:00:00|1|0|10159574626783904|facebook
yes because of compliant cowardly people like Hope, that only value thr needs to survive on what the government gives her!|10159574809978904|Tom White|2022-02-23 21:40:50|1|0|10159574626783904|facebook
We can see now how easy it is for far right extremists to fool and radicalize people to blindly follow them.|10159576707638904|Gayle Lavigne|2022-02-23 21:40:52|1|0|10159574626783904|facebook
Okay bootlicker|10159575231308904|Ryan Bennett|2022-02-23 21:40:52|1|0|10159574626783904|facebook
Can't heal before more clarification about what happened.|10159574748813904|Jennifer Palin|2022-02-23 21:40:38|0|0|10159574626783904|facebook
Beat me to it.|10159574813963904|Adam Slater|2022-02-23 21:40:52|1|0|10159574626783904|facebook
, you know what infection they should spread? All of them turn off their trucks in support so you dont get your latte! Karen!|10159574805953904|Tom White|2022-02-23 21:40:52|1|0|10159574626783904|facebook
what's wrong with you|10159574803048904|Justin Shovin|2022-02-23 21:40:52|1|0|10159574626783904|facebook
cry me a river if they can mot sacrifice a little for the fight to stop communism|10159575591448904|Rod Fredrickson|2022-02-23 21:40:38|0|0|10159574626783904|facebook
"no he called that group .... "" freedon convoy "" with a fringe minority .... But lol."|10159574904788904|Joanne Johnson-Meyers|2022-02-23 21:40:53|1|0|10159574626783904|facebook
go go mr T|10159574741783904|Dave Spencer|2022-02-23 21:40:52|1|0|10159574626783904|facebook
Oh Canada! When are we going to listen to trucker’s demands to end 5G signals, immigrants, vaccines, carbon tax, abortion, bike lanes colorful socks, and women who work outside the home?|10159576956778904|Peter Muller|2022-02-23 21:40:38|0|0|10159574626783904|facebook
Rightfully so.|10159574741043904|Doug Young|2022-02-23 21:40:54|1|0|10159574626783904|facebook
Calgary is always protesting.|10159575012858904|Dwight Osbaldeston|2022-02-23 21:40:54|1|0|10159574626783904|facebook
my god the stupidity in your comment.|10159575032653904|Matty Mac|2022-02-23 21:40:52|1|0|10159574626783904|facebook
Some things just write themselves, don't they? :D|10159574928898904|Chrys Kaloudis|2022-02-23 21:40:52|1|0|10159574626783904|facebook
no, Calgary is still revolting...|10159575060863904|Patrick J Morris|2022-02-23 21:40:54|1|0|10159574626783904|facebook
Easy solution, next election vote out all those liberals and ndpers who chose tyranny and violence instead of humanity. Let's be thankful to the Bloc and some of the Liberals who chose Canadians over the madness of a narcissist sociopath and his followers. Thanks to the Senate, our voice of reason between absolute tyranny from the monster taking up space in Parliament, he shouldn't be tolerated.|10159580322748904|Anne Kora|2022-02-24 00:00:00|0|0|10159574626783904|facebook
oh dear .... Hear hear ... Almost funny .. Indeed sad|10159574898813904|Joanne Johnson-Meyers|2022-02-23 21:40:52|1|0|10159574626783904|facebook
sorry missed the CBC at the top. Thank you.|10159574838123904|Brjann Henwood|2022-02-23 21:40:52|1|0|10159574626783904|facebook
ok, but WHERE did you get this? What is the link? I would like to read directly myself not a copy from you.|10159574836543904|Brjann Henwood|2022-02-23 21:40:52|1|0|10159574626783904|facebook
What trauma? There was no trauma at all|10159580342658904|Amy Pickford|2022-02-24 00:00:00|0|0|10159574626783904|facebook
No healers in the house from what I saw of the debate on the emergency act.|10159574707423904|June Anderson|2022-02-23 21:40:38|0|0|10159574626783904|facebook
You mean the trauma the government has imposed on Canadians? That’ll take generations to heal. May god have mercy on their souls|10159575379093904|Heidi Marie|2022-02-23 21:40:37|0|0|10159574626783904|facebook
just curious. Where is that liberal leaning globe and Mail you talk about? The only g & m I am aware of is this one that regularly endorses the conservatives.|10159576271163904|Mary Dale|2022-02-23 21:40:47|1|0|10159574626783904|facebook
So , is there still a pandemic? Why aren't there tons of people sick with no social distancing, no masks... the whole protest should be infected... but they are fine. It's amazing the short attention span of alot of people.|10159576865008904|Andre Charrette|2022-02-23 21:40:37|0|0|10159574626783904|facebook
please share your review of Singh and Trudeau while you’re critiquing parties and leaders|10159575178203904|Tim Cameron|2022-02-23 21:40:42|1|0|10159574626783904|facebook
Dennis Hodder I believe you mean you're. Come on, this is getting ridiculous. How can it be expected that you know what you're talking about when you can't even use the right you're? Do you understand why people can not take convoy supporters seriously? They can't grasp basic subjects taught in grade school, yet somehow found a loophole every other scientist missed. 😒|10159576108698904|Kristen Dawn|2022-02-23 21:40:41|1|0|10159574626783904|facebook
you are delusional this is about freedom and if you don't see that something is wrong all because of a news media that trudeau admits to paying 600 million dollars too it doesn't take a genius to figure our what side the media is on when they are compromised by that PM... Wake up!!! beyond me how people don't care about their children's future let alone the generations after that and only care about themselves|10159576539383904|Gayle Grass|2022-02-23 21:40:41|1|0|10159574626783904|facebook
yes YOU did fall for misinformation and lies!|10159576540633904|Lesley Brooke|2022-02-23 21:40:41|1|0|10159574626783904|facebook
you're in la la land.|10159576544548904|Nico Valerio|2022-02-23 21:40:41|1|0|10159574626783904|facebook
has any of that been proved in a court of law who they are or just local news channels?🤔|10159580268078904|Chrystal Penney|2022-02-24 00:00:00|1|0|10159574626783904|facebook
It seems you're the one who fell down the rabbit hole of the govt sponsored msm. Too funny. Turn off your TV, you're delusional|10159580335833904|Anne Kora|2022-02-24 00:00:00|1|0|10159574626783904|facebook
Like those in the Liberal party that spew hot air and empty promises. We all breathe the same air except when it comes to a difference of opinion other than the PM. The air above the clouds is very thin if you believe that the country can be healed after this fiasco. Get your head out of the clouds.|10159575339683904|Lyn Squires|2022-02-23 21:40:42|1|0|10159574626783904|facebook
another avenue for spread? Vaccination status has virtually no bearing on whether you get or transmit Omicron to others.|10159575417293904|Kurtis Pealo|2022-02-23 21:40:41|1|0|10159574626783904|facebook
what planet are you from|10159576186478904|Catherine Gaudet|2022-02-23 21:40:42|1|0|10159574626783904|facebook
if you agree with what’s going on right now YOU are part of the problem|10159576666843904|Lesley Hansen|2022-02-23 21:40:42|1|0|10159574626783904|facebook
he’s not suing Canada, he’s leading a court challenge regarding a ban on flying for the unvaccinated. Rebel sure likes to stir you guys up…|10159575109913904|Ryan Gerald|2022-02-23 21:40:43|1|0|10159574626783904|facebook
The Canadian supreme court smacked down a number of challenges to a number of covid regulations. Introducing Jim Crow and describing the vaccine as 'symptom relief' underscores your lack of credibility. One is a logical fallacy and the other is fiction.|10159575130003904|Chrys Kaloudis|2022-02-23 21:40:43|1|0|10159574626783904|facebook
both are fact. You've got your own little conspiracies going on.|10159576052193904|Laurie Ann|2022-02-23 21:40:43|1|0|10159574626783904|facebook
I sure am! It is clearly laid out that when public matters are at play, the government has the power to make certain assessments, which may override your rights and freedoms. It literally says that. If you're not a doctor or scientist, you do not get the right to participate in decisions regarding what a government should or shouldn't do to help the situation. In this case, the situation was a virus that could potentially harm a large number of people. Do you understand what potentially means? Can you comprehend how detrimental that could be to our healthcare system? There are so many contributing factors to why a government would enact mandates, I don't think any of the decisions were unjust or unreasonable. I feel sorry for the people throwing temper tantrums. They're this angry about not being able to get drunk at boston pizza with their friends? If that was the highlight of your existence, that doesn't sound like a great existence to begin with.|10159577927253904|Kristen Dawn|2022-02-23 21:40:43|1|0|10159574626783904|facebook
you are too stupid for words|10159575515378904|Chad Welder|2022-02-23 21:40:41|1|0|10159574626783904|facebook
check it out on Google MOU convoy|10159575368303904|Lorraine Vezeau|2022-02-23 21:40:41|1|0|10159574626783904|facebook
The right caused it and the right needs to pay for it. You cannot believe how healing that would be and how reassuring. Progressive taxes, here we go!|10159575141018904|Lloyd Sereda|2022-02-23 21:40:37|0|0|10159574626783904|facebook
yes. It was worse than Pearl Harbor or 911. Agreed!!|10159575165803904|Randy TeBokkel|2022-02-23 21:40:40|1|0|10159574626783904|facebook
Ever download the the donor list for the convoy … it’s primarily of US based groups of a specific political view … Trudeau is an idiot and loves division but these people are just cannon fodder for another agenda|10159575008703904|David Riabov|2022-02-23 21:40:40|1|0|10159574626783904|facebook
They unattainable goals and made demands that were impossible. It wasn't peaceful protest but extortion|10159575565303904|Rick Myer|2022-02-23 21:40:40|1|0|10159574626783904|facebook
Oh Canada! When are we going to listen to trucker’s demands to end 5G signals, immigrants, vaccines, carbon tax, abortion, bike lanes colorful socks, and women who work outside the home?|10159576960683904|Peter Muller|2022-02-23 21:40:40|1|0|10159574626783904|facebook
If we had a real prime minister this whole thing wouldn't have happened. He caused the entire situation when he demonized people for their medical choices. He was warned this convoy was coming and he should stop unnecessary mandates imposed on them. He caused it all and then went into hiding leaving the premiers to handle it. World's biggest coward award goes to.....|10159580331033904|Anne Kora|2022-02-24 00:00:00|1|0|10159574626783904|facebook
After the trauma of the protests??? After?? Far from over yet. There was a good protest at the War Museum and in multiple provinces yesterday as well. Numbers are growing in other places and for every frown face we see, there are 5 supporting us. Tons of honks and love. Many are regrouping for phase 2 but others are still out holding the line. There are just some angry people out there that love control and handouts. Can't think everyone is gonna come around. The fact that these news outlets have dropped in ratings and viewers drastically is pretty telling alone. LOVE AND GOD BLESS!!|10159574853743904|Geoff Joseph|2022-02-23 21:40:37|0|0|10159574626783904|facebook
it was an eye opener to see how angry they are with the Government and they are a bit bullies. Maybe I am wrong but I noticed that!!!|10159574910203904|Alba Nubia Garcia|2022-02-23 21:40:40|1|0|10159574626783904|facebook
too bad one of those want to be leaders..couldn ’t get the coward of the cottage to meet with unhappy truckers before they created a mess. Trudeau had no problem meeting with the terrorists that shut down our rail lines for a full month, costing jobs, damaging infrastructure in 2020..but the hero’s of the pandemic? Nope..and he refused to provide evidence that there is any science to back up his useless not applied for two years mandate. So how to change the channel..nice Job Trudeau well played.😂|10159575224693904|Jennifer Wilson|2022-02-23 21:40:40|1|0|10159574626783904|facebook
they didn’t want that They clearly don’t want to work. What they want and still want is to overturn the government. Take over with their own workers. That is called dictatorship. Dam those truckers.|10159575360153904|Lorraine Vezeau|2022-02-23 21:40:41|1|0|10159574626783904|facebook
Lorne Osborne So peaceful that there will now be a few hundred more cases in our courts.|10159575249888904|Chrys Kaloudis|2022-02-23 21:40:41|1|0|10159574626783904|facebook
Can you explain why Lich, Barber and King are now in custody? What charges are they facing and why? That has nothing to do with any media - it's the courts.|10159575251568904|Chrys Kaloudis|2022-02-23 21:40:41|1|0|10159574626783904|facebook
What do you call someone with a swastika?|10159575252683904|Chrys Kaloudis|2022-02-23 21:40:41|1|0|10159574626783904|facebook
Peter Ross 🤦‍♂️|10159575263183904|Daniel O'Keefe|2022-02-23 21:40:41|1|0|10159574626783904|facebook
not terrible. Slowly going in the wrong direction.|10159575349643904|Carl Bufalino|2022-02-23 21:40:41|1|0|10159574626783904|facebook
Fascism is what you're living right now. Little reading to clear up your staggering ignorance.  https:// chipublib.biblio commons.com/ list/share/ 204842963/ 1292628717|10159575351893904|Paul Sander|2022-02-23 21:40:41|1|0|10159574626783904|facebook
OK fascist|10159580346818904|Anne Kora|2022-02-24 00:00:00|1|0|10159574626783904|facebook
* she One of the first things the new Conservative interim leader did was try to prolong the protest to try to hurt the government.|10159574845988904|Michael Szeller|2022-02-23 21:40:44|1|0|10159574626783904|facebook
you mean Murphy Brownshirt? 🤣|10159574941588904|Kay Em Jay|2022-02-23 21:40:44|1|0|10159574626783904|facebook
The horns rang loud because the human voice for months was ignored as well as the science. Some finally heard the message behind the horns, not the Prime Minister though.|10159574847143904|Vin Scott|2022-02-23 21:40:37|0|0|10159574626783904|facebook
apparently|10159575189138904|David Rochon|2022-02-23 21:40:48|1|0|10159574626783904|facebook
I think there is a jail in Kingston|10159575710228904|Jopa Jopa|2022-02-23 21:40:37|0|0|10159574626783904|facebook
Until the left grows up and stops calling Canadians Nazis White Supremacists Occupiers we will never and i mean ever that Trudeau is a human being !|10159577057528904|Alan Armstrong|2022-02-23 21:40:37|0|0|10159574626783904|facebook
Middle ground is now an elusive dream. Watching parliamentary debate is a simple shouting match, and nothing will ever get done.|10159574732088904|John Pri|2022-02-23 21:40:37|0|0|10159574626783904|facebook
Thank your prime minister for dividing the country|10159577144478904|Antone Dos Santos|2022-02-23 21:40:37|0|0|10159574626783904|facebook
How about the rifts politicians and the media created!|10159575178808904|Shawn Storer-Dekker|2022-02-23 21:40:37|0|0|10159574626783904|facebook
Ya Hitler was also an elected president, some people really buy into govt sponsored propaganda machine which is msm. SUCKAS|10159580345898904|Anne Kora|2022-02-24 00:00:00|1|0|10159574626783904|facebook
https:// ottawasun.com/ opinion/ columnists/ lilley-pm-urges- healing-while-i ssuing-threats- over-emergencie s-act/wcm/ ab730a98-e363-43 7b-89a5-5081586 640f6?utm_mediu m=Social&utm_so urce=Facebook&f bclid=IwAR2P__7 xKcmpFKdXjRqbbH 0IXPFbEE-n79WkD cllbvp9d9qQcKTT hprqZk8#Echobox =1645474371|10159575488898904|Cathy Bowslaugh|2022-02-23 21:40:44|1|0|10159574626783904|facebook
"this is the dummy you follow, the followers are dumber... Dwayne Lich questions legality of Emergencies Act He also questioned whether the Emergencies Act — which was debated Saturday in the House of Commons — was implemented legally, at times confusing the numbered amendments found in the U.S. Constitution with Canada's Charter of Rights and Freedoms. ""Honestly? I thought it was a peaceful protest and based on my first amendment, I thought that was part of our rights,"" he told the court.  ""What do you mean, first amendment? What's that?"" Judge Julie Bourgeois asked him.  ""I don't know. I don't know politics. I don't know,"" he said. ""I wasn't supportive of the blockade or the whatever, but I didn't realize that it was criminal to do what they were doing. I thought it was part of our freedoms to be able to do stuff like that.""  He also began asking the court about whether the Liberal government was legally allowed to implement the Emergencies Act.  Dwayne Lich Feb. 9/2022 A courtroom sketch of Dwayne Lich, who testified at his wife's bail hearing about his ability to act as her surety. (Laurie Foster-MacLeod/ CBC) ""Can you tell me if what they did is really legal? If this is something that they can be doing or is it against everything that is good and holy? I don't know,"" he said.  While the Crown argued his comments showed he might not recognize the law, Magas asked him if he understood that any restrictions set by the court would need to be followed, to which he said he did.  The Crown is arguing against bail for Tamara Lich, saying she's already proven she has no respect for the law and that her husband's testimony shows they have rich friends and could fundraise more money.  The judge is expected to make a decision Tuesday.  CBC's Journalistic Standards and Practices Report Typo or Error RELATED STORIES Ottawa police charge convoy protest"|10159574849413904|Patrick J Morris|2022-02-23 21:40:49|1|0|10159574626783904|facebook
lol the snowflakes on the far right complaining bitterly about name calling when they are much worse.|10159575023223904|Matty Mac|2022-02-23 21:40:49|1|0|10159574626783904|facebook
and anyone who isn’t ultra far right is automatically far left, isn’t that right?|10159575023943904|Matty Mac|2022-02-23 21:40:49|1|0|10159574626783904|facebook
the whole ‘trucker convoy’ was a far right trolling operation of virtue signalling weirdos who don’t even know what they’re protesting for anymore.|10159575026578904|Matty Mac|2022-02-23 21:40:49|1|0|10159574626783904|facebook
fanatic rightist imbecile|10159575027713904|Matty Mac|2022-02-23 21:40:49|1|0|10159574626783904|facebook
I have yet to meet someone who is ultra right, but radical lefts believe they are everywhere.|10159575297998904|Fitzroy Antdantilus|2022-02-23 21:40:49|1|0|10159574626783904|facebook
He has worn Blackface as a teen and again multiple times as an adult..even as a teacher. He has insulted in the HOC..Jews. He is the most visible face of racism and hypocrisy in Canada.|10159579213298904|Jennifer Wilson|2022-02-23 00:00:00|1|0|10159574626783904|facebook
it wasn’t once.|10159575068018904|Savannah Eide|2022-02-23 21:40:47|1|0|10159574626783904|facebook
nice gaslighting|10159575021933904|Matty Mac|2022-02-23 21:40:47|1|0|10159574626783904|facebook
who are these extremists you speak of?|10159574856418904|Carol Gammel|2022-02-23 21:40:47|1|0|10159574626783904|facebook
Once? You mean Dr Dress-up. You dont think all those costumes are better than blackface. And what makes them extremist and racist? We seem to be using the same criteria for this assumption. I believe Trudeau is an extremists and a racist. Difrence of opinions I suppose.|10159574855158904|Matthew Quehe|2022-02-23 21:40:47|1|0|10159574626783904|facebook
i just read your comment lol never read the add but what you wrote describe the add am sure|10159574820788904|Caron Michel|2022-02-23 21:40:47|1|0|10159574626783904|facebook
degrades? How can we shut down the tens of thousands from coast to coast that supported them? Oh degrade..you mean Trudeau the degrader of our unity, rule of law, and charter rights.|10159579210078904|Jennifer Wilson|2022-02-23 00:00:00|1|0|10159574626783904|facebook
I am not surprised most folks don’t see racism or white supremacy or misogyny or homophobia and other forms of oppression beyond the overt. If one is paying attention just look at how the police have been handling these protests versus when indigenous or Black peoples protest foe things like regularly being murdered for generations legally by the government versus having to wear a mask for two years to protect society from spreading a deadly plague.  I used to never see my contributions to the patriarchy until five years ago. In fact I use to suffer from internalized racism and internalized homophobia due to the society that we live it. One day you will wake up. We are all on our own journeys.|10159579391018904|Jay Man|2022-02-23 00:00:00|1|0|10159574626783904|facebook
The two leaders of this protest, Pat King & Tamara Lich, are known white supremacists. The convoy’s stated goal was to replace the government with their own representatives . As white supremacists that won’t do well for all Canadians.  Just because racialized folks were there doesn’t mean that this protest wasn’t about racism. The messaging changed. It was being financially supported by foreign interests with ties to Donald Trump and his flock of white supremacists.  History will remember. Oh wait they want to ban the teaching of history.|10159579359318904|Jay Man|2022-02-23 00:00:00|1|0|10159574626783904|facebook
You lost me at racism and white supremacy. Sorry.|10159575373793904|Ed Gilpin|2022-02-23 21:40:45|1|0|10159574626783904|facebook
Thank you. So many make crazy claims, but never read the laws, acts, etc that lay out clearly what rights we have.|10159575236348904|Christine Jackman|2022-02-23 21:40:45|1|0|10159574626783904|facebook
he is concerned about air travel for unvaccinated people so he can go from Vancouver Island back to Newfoundland to visit or fly south.|10159575174983904|Donna McCaw|2022-02-23 21:40:45|1|0|10159574626783904|facebook
Maybe we need to just forget the Charter and go under permanent Emergency Act. I am sure that would suit some people.|10159575050773904|Ed Gilpin|2022-02-23 21:40:45|1|0|10159574626783904|facebook
Does he support the LPC?|10159575037713904|Art Neufeld|2022-02-23 21:40:45|1|0|10159574626783904|facebook
see how he votes could he be a honest politician|10159574837183904|Georges Sauriol|2022-02-23 21:40:45|1|0|10159574626783904|facebook
Only problem with angus is hes an NDP|10159574836163904|Georges Sauriol|2022-02-23 21:40:45|1|0|10159574626783904|facebook
"Do they go around shouting ""racist"", ""bigot"" and ""misogynist"" at people ? Woke ideology is the great divider."|10159577715923904|Kevin Goodwin|2022-02-23 21:40:44|1|0|10159574626783904|facebook
No spewing Rosie baby. Try re-reading. I know that is a big ask for a hillbilly, but you can do it. You can always use an online dictionary.|10159575011048904|Hannah Acuarela|2022-02-23 21:40:55|1|0|10159574626783904|facebook
