﻿comment|comment_ids|username|datetime|isreply|num_replies|post_id|label
It's one thing to protest, it's another to bring down our economy. Stop it now!|10159557271223904|Kevin Marquette|2022-02-09 22:07:02|0|6|10159557225503904|facebook
the army has the capacity to move these trucks|10159557275048904|Yves Bouchard|2022-02-09 22:07:18|1|6|10159557225503904|facebook
Seize all the trucks. Auction them off to pay for some of the damage these Karens have caused.|10159557317348904|Neil Horner|2022-02-09 22:07:03|0|4|10159557225503904|facebook
Exactly. Then sue them for damages. Jail those that can't pay. They had a chance to make their point. They got an incredible amount of press for their cause. They had some support from MP's then because they just aren't that bright they grossly overstayed their 'welcome '. They went from protesters to economic terrorists. Lock 'em up.|10159557313343904|Steve Bond|2022-02-09 22:07:03|0|3|10159557225503904|facebook
hopefully you get a better leader one that will work for the people|10159557274078904|Christine Deitz Feicht|2022-02-09 22:07:28|1|3|10159557225503904|facebook
Ok, thanks for letting everyone know you've part of the Borg Cube. Good luck with that!|10159557554758904|Dave Bellemare Gosselin|2022-02-09 22:07:11|1|3|10159557225503904|facebook
Exactly!!! End the mandates period. How hard is it.... so many other countries have 2 weeks ago. delays delays ..... How hard is it???I If the federal gov't hadn't have put the stipulation about the crossing border ( for 10% of truckers) We wouldn't have had this mess... That broke the camel's back!!!! Not meeting with the truckers and keeping intune with Canadians,blata nt disregard, for fellow Canadians has pushed this to the limit!!!|10159557962003904|Deborah Lynn Shoniker|2022-02-09 22:07:00|0|2|10159557225503904|facebook
just get big dozers and clear the road. Push anyone and anything. No mercy, no quarter.|10159557359893904|Peter Ioannidis|2022-02-09 22:07:06|1|2|10159557225503904|facebook
I have been to China, Venezuelan, Japan and Europe. I know ignorance when I hear it. Tossing out idiotic talking points instead of educating yourself|10159558614208904|Brian Haick|2022-02-09 22:07:05|1|2|10159557225503904|facebook
No I’d be blaming the government.|10159558051138904|Shawn Wayne Dubois|2022-02-09 22:07:21|1|2|10159557225503904|facebook
Rob is rolling in his grave|10159557251523904|Vladimir Novakovic|2022-02-09 22:07:00|0|2|10159557225503904|facebook
Confiscated trucks, canceled licenses and registrations, criminal charges, fines up to $100,000.00. it all looks like a good start. Time in jail and a criminal record that denies entry to the US underline the fact that decisions have consequences. This all about sheep in denial of reality.|10159558307008904|Bob Vincent|2022-02-09 22:07:01|0|2|10159557225503904|facebook
We all have different opinions and that is what’s great about this country.|10159557917828904|Roberta Hall|2022-02-09 22:07:06|1|2|10159557225503904|facebook
I would have 1000% more respect for the protests if they backed away now, on their own terms, and then said to Trudeau “look at what we are capable of doing - your move Mr PM.”|10159557348458904|Dave Smith|2022-02-09 22:07:02|0|2|10159557225503904|facebook
And arrest them for criminal offenses so they have criminal records and can’t cross borders enough is enough the mod rules|10159557239148904|Yves Bouchard|2022-02-09 22:07:02|0|2|10159557225503904|facebook
Wouldnt it be easier to just meet with the organisers and find a solution ?|10159557600388904|Mike Demers|2022-02-09 22:07:01|0|2|10159557225503904|facebook
Come get us Derek. A slight breeze should take care of you. I will pick you back up and put you back into your walker though, so you can try again.|10159557914473904|Winston Smith|2022-02-09 22:07:12|1|2|10159557225503904|facebook
Denis Fournier - not at all. I feel as though you are likely projecting.|10159558254023904|Rob Scholefield|2022-03-02 16:07:05|1|2|10159557225503904|facebook
they should move the blockade protest......to a new location|10159557425463904|Rick Short|2022-02-09 22:07:01|0|2|10159557225503904|facebook
if care would have been given? What are you talking about? I know people and have family in healthcare. They are exhausted and disgusted with homegrown doctors second guessing them snd being disrespecting when caregivers wear themselves out caring for patients who would likely not be as sick or sick at all if they had followed public health recommendations .  This mess is going to affect us for a generation. Many have left healthcare because of the strain and disrespect which will cause a shortage in the future. And many thousands who survived Covid will have lifetime after effects causing them pain and expense and shortening their life. You obviously have no idea what you’re saying.|10159558084023904|Bob Williams|2022-02-09 22:07:05|1|2|10159557225503904|facebook
wheres your poll on that ?|10159557317623904|Kieran O'Shea|2022-02-09 22:07:28|1|2|10159557225503904|facebook
Good.|10159557245733904|Rob Wilson|2022-02-09 22:07:03|0|2|10159557225503904|facebook
"360,000 signatures collected on that bs "" freedom convoy"" petition ... How about from that"|10159557409138904|Joanne Johnson-Meyers|2022-02-09 22:07:28|1|2|10159557225503904|facebook
Go Dougie Go|10159557860968904|William OW Perry|2022-02-09 22:07:23|1|1|10159557225503904|facebook
so adorable. It’s okay little dude, you don’t have to shout “no homo,” no one is going to judge you for what’s inside. You don’t need to overcompensate quite so hard.|10159557363363904|Charles Crosby|2022-02-09 22:07:18|1|1|10159557225503904|facebook
he’s not. At all. I loathe the pissant but in now way shape or form is he violating any section of the charter. But please do elucidate - which section of the charter is being violated?|10159557286743904|Charles Crosby|2022-02-09 22:07:18|1|1|10159557225503904|facebook
what do you think happens if he resigns?|10159557273548904|Chuck Levere|2022-02-09 22:07:28|1|1|10159557225503904|facebook
lol, aw the overcompensatin g insecurity you reveal in that one little post is ADORABLE. 😂|10159557346378904|Charles Crosby|2022-02-09 22:07:18|1|1|10159557225503904|facebook
My advice to you is to try lifting something heavy, And definitely go overboard on the Testosterone supplements, you need them, badly.|10159557350983904|Winston Smith|2022-02-09 22:07:18|1|1|10159557225503904|facebook
and that will help our supply chain issues how? Remember that the government is fighting for nothing, the mandates have no purpose anymore|10159557619033904|Dan Pearson|2022-02-09 22:07:18|1|1|10159557225503904|facebook
You can rest assured that the Department of Homeland Security is already putting some of these people on the list to deny entry. Good luck with a trucking career when you can't cross the border.|10159557524943904|Vicky Vaughan|2022-02-09 22:07:18|1|1|10159557225503904|facebook
As much as I'm not a Ford fan, he is working for the people. The majority of Canadians don't support the protest even if they agree with the initial stated reason. Sasha.|10159557304368904|Gerry Sasha|2022-02-09 22:07:28|1|1|10159557225503904|facebook
they can be replaced. The Truckers Union is opposed to this.|10159557875918904|Richard Millar|2022-02-09 22:07:18|1|1|10159557225503904|facebook
Anyone thought of forcing our leader out of hiding. This would be over if he would just negotiate with the truckers. He’s a coward.|10159557904688904|Roberta Hall|2022-02-09 22:07:18|1|1|10159557225503904|facebook
you don’t negotiate with terrorists and selfish anarchists you arrest them and dismantle their hateful network|10159557932613904|Yves Bouchard|2022-02-09 22:07:18|1|1|10159557225503904|facebook
, good luck, creating more shortages of truck drivers means empty shelves, gotta love the karma !!|10159558637333904|Tom Edwards|2022-02-09 22:07:18|1|1|10159557225503904|facebook
In a world where self driving vehicles are being rapidly developed. Yeah, there is Karma.|10159558644193904|Vicky Vaughan|2022-02-09 22:07:18|1|1|10159557225503904|facebook
the army already said no.|10159557275628904|Jay Labatte|2022-02-09 22:07:18|1|1|10159557225503904|facebook
after they arrest them they seize the trucks and move them|10159557270528904|Yves Bouchard|2022-02-09 22:07:18|1|1|10159557225503904|facebook
they don’t have tow trucks. There are 418 trucks on one road with their wheels locked. 50,000 more are camping around the city. Good luck 👍 too bad there wasn’t a blatantly obvious win-win solution 🤷🏼|10159557273073904|Jay Labatte|2022-02-09 22:07:18|1|1|10159557225503904|facebook
, yeah, great, an experimental self driving bus in Whitby crashed into a pole last month, yes, there were injuries|10159558657328904|Tom Edwards|2022-02-09 22:07:18|1|1|10159557225503904|facebook
arresting them doesn’t move the trucks|10159557266828904|Jay Labatte|2022-02-09 22:07:18|1|1|10159557225503904|facebook
Truckers are not hero’s.|10159557831753904|Mabel Moskal|2022-02-09 22:07:02|0|1|10159557225503904|facebook
You guys make no sense . You clearly are missing the point of this blockade judging by your response to my question. Im willing to bet if they sat down with Doug Ford and had a meaningful conversation this would be over in a day or two . But you two fanboys clearly just want to throw ppl in jail for organizing a protest|10159558334813904|Mike Demers|2022-02-09 22:07:16|1|1|10159557225503904|facebook
If the organizers want to talk they first have to end the illegal blockade. Then go and talk to the premier.  Or get prosecuted.|10159557975543904|Kwaku Ametor|2022-02-09 22:07:16|1|1|10159557225503904|facebook
No|10159557859898904|William OW Perry|2022-02-09 22:07:16|1|1|10159557225503904|facebook
1% of the population gets to decide for the rest of us?  Don’t think so.|10159557487118904|Craig Elias|2022-02-09 22:07:28|1|1|10159557225503904|facebook
^^^LMFAO at ‘trevor altman 😂😂😂^^^. The CON bot farm is working overtime tonight! Give it up, it’s over. 🤡🤪😂👎|10159558613548904|Todd Keough|2022-02-09 22:07:14|1|1|10159557225503904|facebook
^^^LMFAO at ‘iliya kireta 😂😂😂^^^. The CON bot farm is clearly getting desperate. Absolutely hilarious! 🤡🤪😂👎|10159558446543904|Todd Keough|2022-02-09 22:07:14|1|1|10159557225503904|facebook
^^^LMFAO at ‘ryan bennett’ 😂😂😂^^^. Blank/fake profile gaslighting idiot CON snowflakes are so easy to flush out! The truth hurts. 😂👍|10159557433218904|Todd Keough|2022-02-09 22:07:14|1|1|10159557225503904|facebook
Sit down and shut it|10159557425183904|Ryan Bennett|2022-02-09 22:07:14|1|1|10159557225503904|facebook
Arrest-incarcer ate-prosecute-s entence-impriso n. Start with the perfidious CONs who incited this seditious mob (scheer,poiliev re, bergen, cooper et al). 🚔 🚔👎|10159557267578904|Todd Keough|2022-02-09 22:07:01|0|1|10159557225503904|facebook
Doug Ford needs to resign|10159557248298904|Christine Deitz Feicht|2022-02-09 22:07:03|0|1|10159557225503904|facebook
..and the billionaire owners of the private Ambassador bridge is missing out on their tolls of $6.50CAD/ $5.00US per vehicle every day. 10,000 vehicles a day crossed their bridge. Watch the stock market lol|10159557242988904|Gail Kelly Meade|2022-02-09 22:07:02|0|1|10159557225503904|facebook
Proving to the world he's a tyrant again and again #ThugFordResign|10159557754068904|Lance Brizard|2022-02-09 22:07:02|0|1|10159557225503904|facebook
I’ve had 3 shots but I also like freedom of choice. In the future, don’t make assumptions.|10159557920333904|Roberta Hall|2022-02-09 22:07:20|1|1|10159557225503904|facebook
So most of the money is coming from the US? And you’re ok with them interfering in Canadian politics?|10159557604928904|Joan Hurren|2022-02-09 22:07:23|1|1|10159557225503904|facebook
there is zero chance of it happening! Go check their Twitter page for yourself, it’s very clear lol!|10159557513373904|Randy Darocy|2022-02-09 22:07:23|1|1|10159557225503904|facebook
… we’ll wait and see on that one 🤣|10159557420663904|Donna Marie|2022-02-09 22:07:23|1|1|10159557225503904|facebook
No money was seized, that’s a complete lie, the money is flowing freely and givesendgo put out a statement that Canada has no ruling power in the United States, nice try with the lies in our mainstream media!|10159557340128904|Randy Darocy|2022-02-09 22:07:02|0|1|10159557225503904|facebook
The sooner the better. Do the same in Ottawa and Alberta. New Zealand knows how to deal with these protesters|10159557398433904|John Godfreyson|2022-02-09 22:07:02|0|1|10159557225503904|facebook
just want to say even though you’re cheering for Elon Musk, he is the guy is looking to replace all truckers with autonomous trucks. If any this is going to make it worse for truckers.|10159558075278904|Eesh Moore|2022-02-09 22:07:21|1|1|10159557225503904|facebook
liberals say the darnest things!|10159557332563904|LordHenry Wotton|2022-02-09 22:07:24|1|1|10159557225503904|facebook
Easy way to make the trucks leave:  Restore all liberties removed in the last 2 years.|10159557418103904|Randy Lahey|2022-02-09 22:07:03|0|1|10159557225503904|facebook
would you be blaming corporations though when you walk into the store and the shelves are empty?|10159558004218904|Kwaku Ametor|2022-02-09 22:07:21|1|1|10159557225503904|facebook
We know who Doug Ford serves, the corporations not Canadians.|10159557336378904|Shawn Wayne Dubois|2022-02-09 22:07:02|0|1|10159557225503904|facebook
seize the trucks arrest the jerks.|10159557862603904|William OW Perry|2022-02-09 22:07:26|1|1|10159557225503904|facebook
"Tomorrow's headline >>> ""Truckers shut down key Port affecting 25% of US trade, Cops raid wood pile, ticket kids for bouncing"" .. seems pretty clear to me who's winning!"|10159557397788904|Steve Merrill|2022-02-09 22:07:03|0|1|10159557225503904|facebook
You clearly are being confrontational , and I’m not about to engage any further in this conversation. We can agree to disagree.|10159557927243904|Roberta Hall|2022-02-09 22:07:20|1|1|10159557225503904|facebook
did I say you read the comment|10159557923043904|Sandra Hunt|2022-02-09 22:07:20|1|1|10159557225503904|facebook
how about get fn vaccinated|10159557917638904|Sandra Hunt|2022-02-09 22:07:20|1|1|10159557225503904|facebook
it's American anyways.|10159557244323904|Lee King Snach|2022-02-09 22:07:19|1|1|10159557225503904|facebook
How about the thousands that lost their jobs due to these mandates.|10159557909773904|Roberta Hall|2022-02-09 22:07:20|1|1|10159557225503904|facebook
yes but until then how much damage is being done not only the ones directly affected i.e. the ones losing their jobs because of the blockades but more importantly the division that is it’s creating and the ultimate destruction to our social fabric of our country!|10159557823903904|Kevin Sampson|2022-02-09 22:07:20|1|1|10159557225503904|facebook
then that will be revealed and public opinion will turn - perhaps even for the truckers.|10159557777883904|Dave Smith|2022-02-09 22:07:20|1|1|10159557225503904|facebook
Unfortunately that’s never gonna happen, this isn’t about mandates anymore, this is about Destabilizing the Canadian government! I’m sure there’s lots of good people in this cause but it’s not hard to see what the organizers are trying to do here. Just need to be open to looking at the truth!|10159557617723904|Kevin Sampson|2022-02-09 22:07:20|1|1|10159557225503904|facebook
humourous! However I think it will be more serious then that.|10159557864968904|William OW Perry|2022-02-09 22:07:26|1|1|10159557225503904|facebook
he did listen to the people. . https:// www.google.com/ url?sa=t&source= web&rct=j&url=h ttps%3A%2F%2Fbe ta.cp24.com%2Fn ews%2F2022%2F2% 2F8%2F1_5772347 .html&ved=2ahUK Ewjyq5Tj1ff1AhV _nGoFHavTCgUQyM 8BKAB6BAgEEAI&u sg=AOvVaw3V3wa7 Y-2ins62GzQU_IP e|10159557707158904|Jim Preyde|2022-02-09 22:07:13|1|1|10159557225503904|facebook
no, YOU don't get it. You have no clue what a dangerous game this is.|10159557572613904|Ashley Faller|2022-02-09 22:07:20|1|1|10159557225503904|facebook
you just don’t get it|10159557570578904|Vince Lamberti|2022-02-09 22:07:20|1|1|10159557225503904|facebook
last hope for what? Not having mob rule in Canada dictate our Government ?|10159557562918904|Ashley Faller|2022-02-09 22:07:20|1|1|10159557225503904|facebook
ummmmm ok??|10159557415968904|Vince Lamberti|2022-02-09 22:07:20|1|1|10159557225503904|facebook
ok skippy|10159557410423904|Joanne Johnson-Meyers|2022-02-09 22:07:20|1|1|10159557225503904|facebook
great comment …. But how can we rely on JT? These truckers may be our last hope|10159557402548904|Vince Lamberti|2022-02-09 22:07:20|1|1|10159557225503904|facebook
Finally. Teach these domestic terrorists that their crimes will not go unpunished.|10159557337738904|Colin Richardson|2022-02-09 22:07:03|0|1|10159557225503904|facebook
all traffic pays|10159557250998904|Gail Kelly Meade|2022-02-09 22:07:19|1|1|10159557225503904|facebook
and people losing their jobs for not wanting an experimental jab isn’t dangerous??? Jabbing kids for no reason isn’t dangerous ??? Wakey wakey sunshine|10159557573968904|Vince Lamberti|2022-02-09 22:07:20|1|1|10159557225503904|facebook
What are you going to do about it tough guy?|10159557263048904|Winston Smith|2022-02-09 22:07:18|1|1|10159557225503904|facebook
Doug Ford wake up, this is not what is on your agenda, listen to the people of Toronto/ Ontario and all of Canada. Join the movement and tell the truth 🇨🇦🇨🇦🇨🇦🇨🇦🇨🇦🇨🇦|10159557640818904|Marinella Gonzalez|2022-02-09 22:07:01|0|1|10159557225503904|facebook
sir your God complex is showing . Nobody can stop the spread, this is an airborne virus . The only thing that will get us back to normal is saying enough is enough and a few thousand trucks|10159558038998904|Lee Bourdon|2022-02-09 22:07:05|1|1|10159557225503904|facebook
for starters your assumptions are baseless. And for another, I won't get baited into defending a position I never claimed. My position is Trudeau is a terrible leader and a coward for not facing his people. YOU brought King into this, not me, then you carry one with it. If you want to put words in my mouth and argue with yourself do it to a mirror and leave me out of it|10159557855428904|Lance Brizard|2022-02-09 22:07:11|1|1|10159557225503904|facebook
what is criminal about insisting on common sense public health precautions? People have been taking vaccinations, etc, for decades and it has all but eliminated many diseases. Yet, proven as it is, somehow shots for preventing or at least alleviating a deadly disease that has killed almost a million people in the US alone is some kind of conspiracy? Really? The people profiting through most off of people refusing to follow scientifically verified common sense measures is a conspiracy? Grow up. I think the real reason is that all those whiny truckers are afraid to get a shot.|10159558065213904|Bob Williams|2022-02-09 22:07:05|1|1|10159557225503904|facebook
The problems we face can only be solved from the spiritual dimension and Canada is a great divinely inspired superpower leading the world in the war against evil globalist leaders forces that drew the line in the sand against ALL citizens. Defiance to Tyranny is Obedience to God! If you can't see what's going on you've got to be dead asleep and hypnotized. It's unity pal. You've been oppressed into thinking it's normal.|10159557854228904|Will Live|2022-02-09 22:07:11|1|1|10159557225503904|facebook
you know what ? Doctors in the States are coming out and saying that only 60k Americans would have died if care would have been given … fact|10159558071458904|Lee Bourdon|2022-02-09 22:07:05|1|1|10159557225503904|facebook
he hijacked it before it started? 🤣🥴|10159557844953904|Denis Smith|2022-02-09 22:07:11|1|1|10159557225503904|facebook
what do I care about Pat King for? He just hijacked this movement. Your assumptions are idiotic|10159557843583904|Lance Brizard|2022-02-09 22:07:11|1|1|10159557225503904|facebook
please show me the results of Pat King’s election.  Oh wait, he is an illegitimate leader nvm.|10159557823388904|Denis Smith|2022-02-09 22:07:11|1|1|10159557225503904|facebook
you might like it better in China , as you clearly don’t appreciate what our society has to offer|10159558596788904|Lee Bourdon|2022-02-09 22:07:05|1|1|10159557225503904|facebook
try not to take your imaginary world for reality next time|10159557555928904|Denis Smith|2022-02-09 22:07:11|1|1|10159557225503904|facebook
the majority of canadiens are definitely NOT “united against trudeau“  Leave your echo chambers because the vast majority of canadiens believe in democracy|10159557554058904|Denis Smith|2022-02-09 22:07:11|1|1|10159557225503904|facebook
I guess you haven't been following current events recently... The Borgs are very unintelligent and completely underestimated what honest everyday citizens are capable of. The majority of Canadians are now united against Trudeau, and everyone knows that. It's obvious.|10159557551313904|Dave Bellemare Gosselin|2022-02-09 22:07:11|1|1|10159557225503904|facebook
trudeau was re-elected five months ago 🤦🏽‍♂️🤦🏽‍♂️🤦🏽‍♂️|10159557545583904|Denis Smith|2022-02-09 22:07:11|1|1|10159557225503904|facebook
Their hold on power.  https:// canadianpatriot. org/2022/02/01/ is-humanity-read y-to-leave-the- liberal-borg-cu be/|10159557545033904|Dave Bellemare Gosselin|2022-02-09 22:07:11|1|1|10159557225503904|facebook
lost what?|10159557508428904|Denis Smith|2022-02-09 22:07:11|1|1|10159557225503904|facebook
All of this shows everyone how clueless and unintelligent these Borg Cube bureaucrats and politicians are. They just can't compute the idea that they lost.|10159557449938904|Dave Bellemare Gosselin|2022-02-09 22:07:01|0|1|10159557225503904|facebook
blame the mad scientists who created it . Not the people just trying to make a living|10159558119603904|Lee Bourdon|2022-02-09 22:07:05|1|1|10159557225503904|facebook
if their rig is blocking the flow if traffic for over a week, they aren’t trying very hard to make a living. They could get a couple of shots snd maybe a mask snd go in about their business. THAT is “trying to make a living.” Not illegally blocking traffic and interfering in international affairs.|10159558244188904|Bob Williams|2022-02-09 22:07:05|1|1|10159557225503904|facebook
About time!! I am not crazy about Ford's party but he did a good job with this speach and it's delivery,|10159558066088904|Barbara Kevany Do Forno|2022-02-09 22:07:00|0|1|10159557225503904|facebook
I live with someone who is immune deficient and it’s selfish people who wouldn’t wear a little mask and get vaccinated who are keeping this darn virus circulating and infecting everyone|10159558069003904|Jackie Smith|2022-02-09 22:07:07|1|1|10159557225503904|facebook
for the mandates to end. You seem to like oppression. Stay home then.|10159557864233904|Will Live|2022-02-09 22:07:07|1|1|10159557225503904|facebook
About bloody time|10159557451783904|Jackie Smith|2022-02-09 22:07:00|0|1|10159557225503904|facebook
the only thing interfering in international affairs is the WEF and their mandates|10159558269573904|Lee Bourdon|2022-02-09 22:07:05|1|1|10159557225503904|facebook
It's a good start.|10159557338723904|Don Precosky|2022-02-09 22:07:00|0|1|10159557225503904|facebook
No, goodbye to the extremists.|10159557914228904|Nick Adams|2022-02-09 22:07:06|1|1|10159557225503904|facebook
And say goodbye to your freedom.|10159557902293904|Roberta Hall|2022-02-09 22:07:06|1|1|10159557225503904|facebook
About time. Never thought I'd say it, but Go Ford Go.|10159557375723904|Nick Adams|2022-02-09 22:07:00|0|1|10159557225503904|facebook
my point exactly, be careful.|10159557437743904|Peter Ioannidis|2022-02-09 22:07:06|1|1|10159557225503904|facebook
be careful,the people push back...|10159557365728904|John Marche|2022-02-09 22:07:06|1|1|10159557225503904|facebook
stop your whining. Nobody is trying to change your immature beliefs.|10159558594843904|Brian Haick|2022-02-09 22:07:05|1|1|10159557225503904|facebook
seriously dude? Vaccines work, mask work that is why we vaccinate our kids before starting school.|10159558043313904|Brian Haick|2022-02-09 22:07:05|1|1|10159557225503904|facebook
lost the popular vote and barely clung to a minority even with all his imported votes|10159557756623904|Lance Brizard|2022-02-09 22:07:11|1|1|10159557225503904|facebook
Ford, Trudeau, Kenney, and public ‘health’ officials like Tam are the criminals.|10159558025488904|Rob Scholefield|2022-02-09 22:07:05|1|1|10159557225503904|facebook
losing to a handful of thugs is succumbing to terrorism. Blocking our borders with trucks is theft.|10159557873853904|Richard Millar|2022-02-09 22:07:11|1|1|10159557225503904|facebook
I would be curious how far he would go. Either way his time in office is will be done soon enough. Wish it could be sooner. The government went to far, pushed nice Canadian around for two years. Those truckers are heroes!!! Wish I could be there with them.  A message for #trudeau and #dougford this is easy to end. Drop the mandates, pho’s and let Canadians get back to their lives like they all had in 2019.|10159557348983904|Rob Scholefield|2022-02-09 22:07:00|0|1|10159557225503904|facebook
Arrests. A country that doesn’t enforce its laws is in anarchy.|10159557744593904|Derek van Dassen|2022-02-09 22:07:01|0|1|10159557225503904|facebook
Gee! You're so helpful. What are the truckers going to do now that all of their funds have been frozen? Send more bitcoin to Tamara Lich who has no responsibility to report how much she got and will keep it all? Or will you donate to her personal eTransfer account? That she also will keep all of the donations to that fund? What will they do?|10159557894173904|Mary Jo Welch|2022-02-09 22:07:05|1|1|10159557225503904|facebook
- actually their funds haven’t been frozen. Givesendgo told the Ontario government to shove it. They are incorporated now as a NPO. And Ms. Lich is doing a fantastic job.|10159557900923904|Rob Scholefield|2022-02-09 22:07:05|1|1|10159557225503904|facebook
nobody is hiding. We are getting pissed at the immature spoiled among us that don’t realize that stopping the spread means we can return to normal sooner.|10159558016923904|Brian Haick|2022-02-09 22:07:05|1|1|10159557225503904|facebook
they are practicing Nazis methods. Hmm, Trudeau created a worldwide virus? He really is powerful. Funny, all I’ve heard from truckers is me me me and I I I. Whereas from Trudeau I hear we together, even in his imperfections. Get the vaccine so we and I can get our freedom back from the VIRUS.|10159558003903904|Keith Carlson|2022-02-09 22:07:05|1|1|10159557225503904|facebook
It must be done. When you find that there is no gas in Gas stations or groceries at super stores, it is already late.|10159558192948904|Ignacio Echavarria|2022-02-09 22:07:02|0|0|10159557225503904|facebook
he's doing amazingly well for the 90% of people who do not and never did support this illegal move by the truckers, well not truckers holigans the Truckers Union wants nothing to do with these people!!|10159558526408904|Barbara Kevany Do Forno|2022-02-09 22:07:28|1|0|10159557225503904|facebook
About friggin time.|10159557321758904|Craig Lindsay|2022-02-09 22:07:02|0|0|10159557225503904|facebook
Good luck Ford lol|10159557326293904|Darlene Brooks|2022-02-09 22:07:02|0|0|10159557225503904|facebook
100% agree!|10159558160128904|Mark-Mary Nagle|2022-02-09 22:07:02|0|0|10159557225503904|facebook
GET TO IT.|10159557595503904|David Newman|2022-02-09 22:07:02|0|0|10159557225503904|facebook
So, now D. FORD stands up and Trudeau is still in hiding?!|10159557616973904|Shane O'Hara|2022-02-09 22:07:02|0|0|10159557225503904|facebook
Russia nvolved???|10159558351263904|Ron Scherby|2022-02-09 22:07:23|1|0|10159557225503904|facebook
it’s extremists groups and people donating that money|10159557919008904|Sandra Hunt|2022-02-09 22:07:23|1|0|10159557225503904|facebook
- clearly you are not listening. Enjoy your boosters.|10159558253128904|Rob Scholefield|2022-02-09 22:07:05|1|0|10159557225503904|facebook
David Mark I suggest you contact  Elitest  He will make you soup with bread as long as you wear a mask and do a rapid test every 20 minutes at his front door  In the springtime you can go outside for maybe half an hour  You see covid is a lifestyle now for him  Pay no attention to the maskless racist walking around outside he's just enjoying that nasty racist freedom thing  Don't forget to put a picture of Trudeau on the wall  Try not to put a Hitler mustache on that fascist picture of Trudeau without checking with Craig first  If you look at Craig's wall you can certainly see the tolerance he has for these protesters  He reminds me of a jail guard from 1934 Germany  So make sure you agree with almost everything he says because he might get you in trouble and he won't talk to you again  You see Craig suffers from narcissism and fascism  Pray for him|10159557530803904|Patrick Nowlan|2022-02-09 22:07:28|1|0|10159557225503904|facebook
Finally! Now all the backwards rubes that thought he was gonna go to the mat for their fascist cause will turn on him. Couldn’t happen to a better guy!|10159557334523904|Joshua Burston|2022-02-09 22:07:02|0|0|10159557225503904|facebook
DO IT GET IT OVER|10159557243763904|Gale Stewart|2022-02-09 22:07:03|0|0|10159557225503904|facebook
|10159558147653904|Kieran O'Shea|2022-02-09 22:07:28|1|0|10159557225503904|facebook
right ... Oh snap ....|10159557412128904|Joanne Johnson-Meyers|2022-02-09 22:07:21|1|0|10159557225503904|facebook
About freakin’ time!!!!|10159557323783904|Paul Cowan|2022-02-09 22:07:03|0|0|10159557225503904|facebook
Now!|10159557583788904|Diane Pelich|2022-02-09 22:07:03|0|0|10159557225503904|facebook
and what do you plan to do about the fact that nobody unvaxxed is allowed to enter the USA in the first place? Honkhonk.|10159558312463904|Robert James Drain|2022-02-09 22:07:04|1|0|10159557225503904|facebook
The next government will be either the NDP or Liberals, and they would have move faster and probably gone further.|10159558311593904|Robert James Drain|2022-02-09 22:07:05|1|0|10159557225503904|facebook
and you are listening to?…|10159558345823904|Keith Carlson|2022-02-09 22:07:05|1|0|10159557225503904|facebook
Finally!! Hopefully they auction them off and a few good truckers can get a deal.|10159557784083904|Philip Standard|2022-02-09 22:07:02|0|0|10159557225503904|facebook
not. Let’s see how he’ll do that. Army and tow-trucks not doing his dirty work.|10159557345073904|Valia Petrov|2022-02-09 22:07:29|1|0|10159557225503904|facebook
Pretty straight forward.|10159557869393904|William OW Perry|2022-02-09 22:07:29|1|0|10159557225503904|facebook
Well, Ford is done.|10159562737528904|Leslie Robertson|2022-02-16 22:07:02|0|0|10159557225503904|facebook
Tiananmen Square.|10159557844068904|William Michael Brienza|2022-02-09 22:07:03|0|0|10159557225503904|facebook
Oh com on, it's just hozers ruining the economy and being paid in crypto currency to do it....|10159557894688904|Herb Hornig|2022-02-09 22:07:02|0|0|10159557225503904|facebook
did they ever really put the crack down?|10159557265793904|Jason Robichaud|2022-02-09 22:07:22|1|0|10159557225503904|facebook
ford crackdown... haven't heard ford and crack in the same sentence for a minute|10159557265283904|Jason Robichaud|2022-02-09 22:07:02|0|0|10159557225503904|facebook
Go Dougie|10159557714248904|John Noel|2022-02-09 22:07:03|0|0|10159557225503904|facebook
Good. It is time for them to move on.|10159561947428904|Lynn Stratton|2022-02-16 22:07:02|0|0|10159557225503904|facebook
The Premiere was so passive these past couple of weeks.|10159557714268904|Steven Ma Goo|2022-02-09 22:07:02|0|0|10159557225503904|facebook
No you get whorvath and that's worse|10159557371243904|Shane Jones|2022-02-09 22:07:28|1|0|10159557225503904|facebook
Political suicide? :O|10159557251343904|Jack Massalski|2022-02-09 22:07:02|0|0|10159557225503904|facebook
“vaids is a thing because I spiritually feel it”  Do you realize how d*mb you sound? 🤣|10159557871433904|Denis Smith|2022-02-09 22:07:05|1|0|10159557225503904|facebook
my guess most cops are going to lower their face diapers and resign before attempting to break through a human barrier, scale up a truck, smash a window, and somehow drag a 250 lb man in handcuffs? the snowflakes and bureaucrats are seemingly clueless to the fact that the many of the people in those cabs and in the streets have lost jobs, livelihoods, and loved ones (to the vaxx). an enemy with nothing to lose is a tough one to stare down. more tickets aint going to cut it not even close ..|10159558142643904|Steve Merrill|2022-02-09 22:07:26|1|0|10159557225503904|facebook
"To quote porky pig ""that's all folks"" Ford, with these actions, is now done. waddle off into the sunset with the knowledge you've ruined your family's legacy."|10159557631208904|Mike Crowbear|2022-02-09 22:07:03|0|0|10159557225503904|facebook
good for you. Everyone is free to believe what they like. That’s the beauty of a free society. Cultural Marxism won’t work on me so please don’t go there|10159558045838904|Lee Bourdon|2022-02-09 22:07:05|1|0|10159557225503904|facebook
lock them up !|10159557412883904|Joanne Johnson-Meyers|2022-02-09 22:07:25|1|0|10159557225503904|facebook
Come get us tough guy|10159557348318904|Winston Smith|2022-02-09 22:07:25|1|0|10159557225503904|facebook
|10159557319373904|Kieran O'Shea|2022-02-09 22:07:25|1|0|10159557225503904|facebook
Ford would make a better Prime Minister than the useless coward in Ottawa...!!!|10159558307708904|Nancy Honey|2022-02-09 22:07:03|0|0|10159557225503904|facebook
👏🏻👏🏻👏🏻|10159558608753904|Kleber Junior|2022-02-09 22:07:03|0|0|10159557225503904|facebook
hear hear|10159557411863904|Joanne Johnson-Meyers|2022-02-09 22:07:24|1|0|10159557225503904|facebook
Is this mental illness ever going to be solved|10159557372188904|Shane Jones|2022-02-09 22:07:24|1|0|10159557225503904|facebook
Get rid of all the fkg mandates! That's how you solve the problem!|10159557494338904|Rino del Vecchio|2022-02-09 22:07:03|0|0|10159557225503904|facebook
Come get them Mr. T-Rex arms :D|10159557347548904|Winston Smith|2022-02-09 22:07:24|1|0|10159557225503904|facebook
|10159557318733904|Kieran O'Shea|2022-02-09 22:07:24|1|0|10159557225503904|facebook
Let’s see how he’ll do that. Army and tow-trucks not doing his dirty work.|10159557345618904|Valia Petrov|2022-02-09 22:07:27|1|0|10159557225503904|facebook
good and suspend their licenses for three months.|10159562361168904|Dave Lockie|2022-02-16 22:07:03|0|0|10159557225503904|facebook
- you’re right - common sense health protections are good idea. Shutting down business, wearing masks, not being allowed to go to church or visit a loved one or see a doctor are not common sense. Yes vaccines have been taken for years I have had MANY vaccines over the years. When the benifit of having a vaccine out weighs the risks of taking it then it makes sense. Yellow fever example - yellow fever is nasty and OFTEN fatal. The vaccine prevents you from catching it and works. There have been very few adverse reactions to the yellow fever vaccine and no deaths. I have had several of these over the years. Not let’s look at the Pfizer shot. It does not prentice you from catching Covid. At best is lessons sever out come supposedly, although severe outcome FROM Covid (not with) is rare. So it’s a treatment - not a vaccine. In addition the millions of reports of adverse reactions. Myocarditis rates have increased 500% in 2020. But it’s not the shot. Cancer rates have skyrocketed. Neurological disorder rates have sky rocketed. There have been THOUSANDS of reports of DEATH within 48 hours of taking the shot or a booster - but it’s not the shot. Any other vaccine with this sort of suspicion would be YANKED off the market and many have been for far less questionable side effects . But yet they MANDATE and require people to take this one?  The companies that make this stuff are indemnified against legal action of any kind. Government has BILLIONS of dollars guaranteed in long term contracts with them. It’s about money. Not public health.  There really isn’t much of conspiracy any more. The facts are all out there. Mind you they are being actively suppressed and anyone who speaks about it is labeled, canceled etc.  The reaction of the government have been overreaching and far too heavy handed. Many would argue it is criminal what they have done. It may have rooted in science as an effort to prevent harm. But the science has changed. We know more now. Covid is not a deadly disease (despite what the fear propaganda tells you). 90% of who died from/with Covid were one the age 70 and had several other issues - and would likely have died ANYWAYS. The death rates demographics are identical to that of the flu. In fact the flu is more dangerous statistically. This has been proven and if you dig a little you can this on government and CDC websites. It has been proven that lockdowns did NOTHING to prevent the transmission and have devastated people’s lives and the economy. Make have been proven time again to be INEFFECTIVE. They just don’t work. The SCIENCE says so. There literally is not ONE credible study that shows that masks can stop a virus.  Yet despite the pleas to trust the science all of these things are being mandated? It does not make sense. If it WAS common sense then there would not be an issue.|10159558085498904|Rob Scholefield|2022-02-09 22:07:05|1|0|10159557225503904|facebook
Stand your ground…..fringe minority is behind 😉|10159557902008904|Cliff Bishop|2022-02-09 22:07:03|0|0|10159557225503904|facebook
If only it were about the mandates. You can fool some of the people some of the time, but you can't fool all of the people, all of the time. Which side of history do you want to be on?|10159557964048904|Kimberley Ann|2022-02-09 22:07:05|1|0|10159557225503904|facebook
Time to take them to the train station…..|10159557750398904|Jim Francis|2022-02-09 22:07:03|0|0|10159557225503904|facebook
Where's the gopher.|10159557251178904|Doug Richardson|2022-02-09 22:07:03|0|0|10159557225503904|facebook
For what?  That's kind of a weird statement without any backup  What is it Christine that you want Ford to do here?  He can't control anything on the border|10159557296613904|Patrick Nowlan|2022-02-09 22:07:28|1|0|10159557225503904|facebook
Make it so ASAP!! Revoke licenses!!|10159557282028904|R CM Peterson|2022-02-09 22:07:03|0|0|10159557225503904|facebook
Wrong move...|10159557862013904|Eric Briceno|2022-02-09 22:07:02|0|0|10159557225503904|facebook
ok gwyneth paltrow, I’ll let you go back discute with your crystals, you clearly don’t have the capability to understand and use logical arguments|10159557882818904|Denis Smith|2022-02-09 22:07:05|1|0|10159557225503904|facebook
Go for it, get rid of the crybabies|10159557808123904|David Wale|2022-02-09 22:07:02|0|0|10159557225503904|facebook
https:// leger360.com/ surveys/ legers-north-ame rican-tracker-f ebruary-8-2022/|10159557351613904|Todd Fink|2022-02-09 22:07:28|1|0|10159557225503904|facebook
No|10159557680268904|Sally Pomfret|2022-02-09 22:07:02|0|0|10159557225503904|facebook
doesn't even have the support of his own daughter. Supporting a tyrant is tyranny itself|10159557863528904|Lance Brizard|2022-02-09 22:07:23|1|0|10159557225503904|facebook
funny how the otherside is allowed to block highways|10159558522968904|Randy Lahey|2022-02-09 22:07:26|1|0|10159557225503904|facebook
they are going to blame government that too. These guys love billionaires so much they never even realize they are being played for fools.|10159558115383904|Kwaku Ametor|2022-02-09 22:07:21|1|0|10159557225503904|facebook
good place for him.|10159558600738904|Trevor Altman|2022-02-09 22:07:06|1|0|10159557225503904|facebook
I rest my case!|10159558065613904|Kwaku Ametor|2022-02-09 22:07:21|1|0|10159557225503904|facebook
God forbid you bite the hand that feeds you by telling the truth.|10159558305668904|Karl Murray|2022-02-09 22:07:01|0|0|10159557225503904|facebook
Agreed, this should have happened a week ago.|10159558313158904|Robert James Drain|2022-02-09 22:07:15|1|0|10159557225503904|facebook
We the truckers voted for him ,,,|10159559643493904|Arruda Paulo|2022-02-09 22:07:01|0|0|10159557225503904|facebook
taking our country by communist will be your cry.. you think God brought them this far with the whole world convoying, this plan had to be God’s plan working through the truckers, no government can overthrow God or his plan, to bring down world corrupted politicians|10159558072243904|Mary Fleming Faulkner|2022-02-09 22:07:11|1|0|10159557225503904|facebook
Time to end this.|10159557926353904|Rena David|2022-02-09 22:07:11|1|0|10159557225503904|facebook
|10159557865873904|Denis Smith|2022-02-09 22:07:11|1|0|10159557225503904|facebook
what do you not understand about an illegal blockade? Just because you don't understand doesn't mean it doesn't make sense.  Keep up.|10159558338623904|Kwaku Ametor|2022-02-09 22:07:16|1|0|10159557225503904|facebook
No one got prosecuted during the illegal rail line blockades Maybe move to the rail lines. Or just go home enough damage has been done.|10159558356933904|Ron Scherby|2022-02-09 22:07:16|1|0|10159557225503904|facebook
Still a great deal of clueless people.|10159557539843904|Soren Nazarko|2022-02-09 22:07:01|0|0|10159557225503904|facebook
So, you’re opposed to demonstrations and multi-party political systems! Imagine that.|10159561626683904|Alan MacDonald|2022-02-16 22:07:14|1|0|10159557225503904|facebook
you are the one who came here to allude to our current government illegitimacy.|10159557861188904|Denis Smith|2022-02-09 22:07:11|1|0|10159557225503904|facebook
yes they are, the 92% that are vaxd and on the job. These aren't truckers just anarchists|10159557953858904|Brian Hennessey|2022-02-09 22:07:16|1|0|10159557225503904|facebook
I misspoke I agree with you|10159558185523904|Mabel Moskal|2022-02-09 22:07:16|1|0|10159557225503904|facebook
our government should have a conversation with the people and create a plan, that’s all they asking for, what’s wrong with people!|10159557275598904|Sharon Sharpe-Titus|2022-02-09 22:07:17|1|0|10159557225503904|facebook
when the government is afraid of its citizens that's called democracy.  When the citizens are afraid of the government that's called tyranny.  It's time for the government to run tail tucked for a while. Looks good on em.|10159557285903904|Ken Erickson|2022-02-09 22:07:17|1|0|10159557225503904|facebook
Covid measures bring down the economy|10159557300413904|Vladimir Novakovic|2022-02-09 22:07:17|1|0|10159557225503904|facebook
it was crumbling down all around you prior to this movement ..you just didn't notice it|10159557330063904|Darlene Brooks|2022-02-09 22:07:17|1|0|10159557225503904|facebook
Wrong way to handle this Ford. Not how a leader should act|10159557248568904|Grant Meredith|2022-02-09 22:07:01|0|0|10159557225503904|facebook
Oh my Communists, you do know all those Canadian Trucker heroes have Provincial health care cards and their kids can go to highly subsidized university. Do you really thing G_d the creator of the universe has chosen them to save us. Canada has one third the death rate from COVID than the US. We have one of the lowest rates in western world. WHY because nearly 90% of us are vaccinated.|10159558079018904|Richard Millar|2022-02-09 22:07:11|1|0|10159557225503904|facebook
"I would never have believed that Ontario ppl would support any of this tyranny "" Hamilton is my hometown , I was raised to stand up , never kneel down to government BS! No one expected this or seen it coming but we have a globalist tyrant running this country and from the comments in here that I have seen ...this is not the same province that taught me to stand up ! All I am seeing is cheerleaders for tyranny ..WOW!"|10159557336373904|Darlene Brooks|2022-02-09 22:07:17|1|0|10159557225503904|facebook
Yes sieze their vehicles.|10159557287648904|John Snyder|2022-02-09 22:07:01|0|0|10159557225503904|facebook
About time .it will end this week end .Then lots of law suit will start against the leader of this thug group. as Business & Company will seek damages|10159558023263904|Kenneth Hill|2022-02-09 22:07:01|0|0|10159557225503904|facebook
I agree. To a Walmart parking lot to give the little guys a break?|10159557435993904|Brian James Garvin|2022-02-09 22:07:13|1|0|10159557225503904|facebook
- to your community perhaps?|10159557848038904|Jocelyne Koepke|2022-02-09 22:07:13|1|0|10159557225503904|facebook
Federal border mandate was the fuse that lit the protest. It took a provincial premier to end it! Ford did this without absurd labels. Called instead for healing the divide that is fracturing society! Bless him for setting the right tone!|10159558205628904|Shirley Paquette Blair|2022-02-09 22:07:01|0|0|10159557225503904|facebook
Good for Ford. Those bridges are vital to the Ontario economy and keep the supply chain open.|10159557700893904|Christel Schindler|2022-02-09 22:07:01|0|0|10159557225503904|facebook
I think that, if he follows through on this, it'll be the first time I've agreed with something he's done.|10159557878688904|Steven Abra|2022-02-09 22:07:01|0|0|10159557225503904|facebook
How about they end the crazy mandates!|10159557813608904|Brandon Bartlett|2022-02-09 22:07:01|0|0|10159557225503904|facebook
The sooner the better.  Then let’s do the same thing for the other two locations.|10159557485768904|Craig Elias|2022-02-09 22:07:01|0|0|10159557225503904|facebook
you are quite a peice of work especially wearing a army uniform a real sign of a back bone for Freedom|10159558607423904|Trevor Altman|2022-02-09 22:07:14|1|0|10159557225503904|facebook
Who’s gonna tow them. Lol|10159557240328904|Matt Wilson|2022-02-09 22:07:01|0|0|10159557225503904|facebook
Good!!!!!!|10159557722013904|Diane-Colette Daigneault-Feldstein|2022-02-09 22:07:01|0|0|10159557225503904|facebook
This should be done by the federal government. Ford supports the vaccine agenda introduced by the liberals ( which I support 100%) and he looks bad for doing so. They should have put the boots to these guys the moment they started.|10159558664603904|Ed Thornton|2022-02-09 22:07:01|0|0|10159557225503904|facebook
you are very kind|10159558117883904|Steve Cobblehoff|2022-02-09 22:07:12|1|0|10159557225503904|facebook
If you represent the protesters…… be gone. No profile??? What country are you posting from?|10159558048023904|Lynda Hookham|2022-02-09 22:07:12|1|0|10159557225503904|facebook
You’re a Karen.|10159557731703904|Gordon McCann|2022-02-09 22:07:14|1|0|10159557225503904|facebook
🤡🤡🤡|10159558440218904|Iliya Kireta|2022-02-09 22:07:14|1|0|10159557225503904|facebook
Realistically, truckers could just park their trucks at hone and have a similar effect on the economy.  What is strange is this is exactly how employment strikes work as well. Should they also be banned? 🤦‍♂️|10159557331958904|Jason Schurman|2022-02-09 22:07:17|1|0|10159557225503904|facebook
ah ha got your attention now. Good let's hope it gets our fearless leaders attention as well to come out an chat with the people|10159557347683904|Mike Joseph|2022-02-09 22:07:17|1|0|10159557225503904|facebook
since you are so smart , why is Klaus Schwabb bragging about how he controls Trudeau ? In public|10159558620318904|Lee Bourdon|2022-02-09 22:07:05|1|0|10159557225503904|facebook
so very true Jim!!|10159558517858904|Barbara Kevany Do Forno|2022-02-09 22:07:13|1|0|10159557225503904|facebook
the same speech they all repeated, yeah bravo 🥴|10159559747058904|Jenny Stevens|2022-02-09 22:07:08|1|0|10159557225503904|facebook
that is why we are finally building a second bridge, the Gordie Howe will be highway ro highway. Paid for almost exclusively be Canada and publicly owned|10159557884363904|Richard Millar|2022-02-09 22:07:19|1|0|10159557225503904|facebook
Ford ..big cowardly mistake ..your going to need a bigger shovel.|10159557424758904|Carla Baganha|2022-02-09 22:07:02|0|0|10159557225503904|facebook
Your IQ doesn't reach the point of the pencil eraser.|10159558631243904|Pete Swiatkowski|2022-02-09 22:07:07|1|0|10159557225503904|facebook
At the beginning of the pandemic, before anyone was vaccinated and seniors in LTC homes were like sitting ducks, the pandemic was given a good start — when people were encouraged to go on their March break vaccinations, at a time when we also didn’t know how bad Cov-2 was going to be!|10159561633843904|Alan MacDonald|2022-02-16 22:07:07|1|0|10159557225503904|facebook
True! I love that our constitution gives us freedom until that freedom infringes on others' well-being, and then the government can restrict the freedoms of those who harm others.|10159558208208904|Nick Adams|2022-02-09 22:07:06|1|0|10159557225503904|facebook
But your opinion gives you no right to break the law. Nor to extort a change of gov’t in a democracy.|10159558050358904|Lynda Hookham|2022-02-09 22:07:06|1|0|10159557225503904|facebook
your comment does make any sense! You said,get big dozers and clear the road! That will only cause the blockade to fight back harder,burn dozers,etc. So are saying you want people to die? No mercy,no quarter,lol🤣 You do not look like soldier,you look more like a guy that was sitting on the couch to long with a bag of potatoe chips.🙄|10159557460393904|John Marche|2022-02-09 22:07:06|1|0|10159557225503904|facebook
The truckers will not move|10159558066438904|Mary Fleming Faulkner|2022-02-09 22:07:02|0|0|10159557225503904|facebook
Lmao tell me you're okay with the Tiananmen square massacre without saying you're cool with the Tiananmen square massacre|10159557370663904|Shane Jones|2022-02-09 22:07:06|1|0|10159557225503904|facebook
yes I am I’m sick of This crap as is many others we don’t all bow to mindless truckers and extreme hate groups which is what those organizers are …they are trying to economically shut down a country and that was always their intent|10159557960363904|Sandra Hunt|2022-02-09 22:07:20|1|0|10159557225503904|facebook
last hope for what ? Give me a break ..if your looking to these guys to do something for your life I feel sad for you. Have you seen them ? Lol|10159557964003904|Sandra Hunt|2022-02-09 22:07:20|1|0|10159557225503904|facebook
Can’t believe I actually agree with Doug Ford, for once.|10159563185143904|James MacGregor|2022-02-16 22:07:02|0|0|10159557225503904|facebook
They are not above the law|10159557901823904|Shelley Brown|2022-02-09 22:07:02|0|0|10159557225503904|facebook
A laugh emoji shows where the immaturity lies|10159558631228904|Lee Bourdon|2022-02-09 22:07:05|1|0|10159557225503904|facebook
you don’t have to answer because I already know the answer , just trying to see if you are capable of adult conversation|10159558621403904|Lee Bourdon|2022-02-09 22:07:05|1|0|10159557225503904|facebook
Everything would settle down and be over with if Trudeau would step down|10159557817063904|Rachelle Carriere Lachance|2022-02-09 22:07:01|0|0|10159557225503904|facebook
There were also injuries when man created the airplane. People laughed at that and there was a heck of a lot less technology back then. If they want to make it happen it will. Things change.|10159558718618904|Vicky Vaughan|2022-02-09 22:07:18|1|0|10159557225503904|facebook
There are many like you that have a lot of nerve to use businesses as an excuse. How dare the people that cheered on lockdowns now all of a sudden pretend to care.|10159557633553904|Mike Crowbear|2022-02-09 22:07:17|1|0|10159557225503904|facebook
BS|10159557562743904|Betty Weir|2022-02-09 22:07:18|1|0|10159557225503904|facebook
Why stop there? We should obviously be putting them into Concentration Camps as a Final Solution to the Trucker problem.|10159557253148904|Winston Smith|2022-02-09 22:07:18|1|0|10159557225503904|facebook
🤣😂🤣😂🤣😂|10159557253603904|Dale Dutchak|2022-02-09 22:07:18|1|0|10159557225503904|facebook
Trudeau has absolutely no obligation to meet with occupiers. Time for all of them to go home.|10159558120563904|Steve Cobblehoff|2022-02-09 22:07:04|1|0|10159557225503904|facebook
borg cube? what is a borg cube is it a squared up bio sphere?|10159557708508904|David Mulcaster|2022-02-09 22:07:11|1|0|10159557225503904|facebook
the irony of that. 😂|10159557286673904|Darren Öhrn|2022-02-09 22:07:18|1|0|10159557225503904|facebook
he is declaring a state of emergency to restrict travel. It’s been 2 years. He needs to get to work, bring some peer reviewed data and research that proves we are in a state of emergency .|10159557288113904|Jay Labatte|2022-02-09 22:07:18|1|0|10159557225503904|facebook
it’s adorable when someone thinks they’re more clever than they are: “with impunity” Without fear or risk of punishment; while being immune to or exempt from negative consequences.  These domestic terrorists should be punished severely without worry about the consequences of negative feedback or hurt feelings from the giant babies and their fringe right wing backers.|10159557345983904|Charles Crosby|2022-02-09 22:07:18|1|0|10159557225503904|facebook
Ok|10159557566213904|Betty Weir|2022-02-09 22:07:18|1|0|10159557225503904|facebook
Sure….a democratically elected leader should step down because a bunch of fascist truckers are having a temper tantrum. They’ve weaponized their trucks and should lose both their licences and the vehicles. You don’t give a damm about my family or the rights of all Canadians. This is about Trudeau bashing…pure and simple! Grow up!|10159557940323904|Linda Rose|2022-02-09 22:07:09|1|0|10159557225503904|facebook
awww muffin, you just reiterated my point but tried to sound like you put me in my place. very entertaining. i look forward to your next attempt.|10159557836473904|Dan Mcgruff|2022-02-09 22:07:18|1|0|10159557225503904|facebook
He should just call another state of emergency (if required), declare a lockdown and stay at home order. Then enforce it. 🤷‍♂️ lol|10159557711068904|Jay Zigganos|2022-02-09 22:07:01|0|0|10159557225503904|facebook
It is about sheep. Quit bleating now.|10159562738078904|Leslie Robertson|2022-02-16 22:07:10|1|0|10159557225503904|facebook
There’s a peaceful thought.|10159557934648904|Roberta Hall|2022-02-09 22:07:18|1|0|10159557225503904|facebook
you are way out of touch. There has been a severe driver shortage for about 10 years. It is a job that few want to do and one that many leave. Global news ran a story in november where they said the shortfall of drivers would be about 18000 in Canada by March and as high as 55000 short by 2023 mostly due to aging drivers I left the industry because I never got enough home time.|10159558059678904|Dan Pearson|2022-02-09 22:07:18|1|0|10159557225503904|facebook
this is such a disgrace being in the military and retired and such a weak backbone to stand up for Canadians Freedom. I guess your pension is alright. It's pretty bad when Trudeau wants to use Canadian Forces on Canadian people. When we pay for them. But natives can burn Churches and desicrate monuments, stop the whole Damm railway. And not once he would use are Forces. Send them over to Iraq and some don't return to their families for another countries stupid disagreement and their freedom. You sir are a disgrace. Along with Trudeau on Veterans Day. I hope you can comprehend this. This is Freedom of speech so who is a sheep in denial of reality|10159558713188904|Trevor Altman|2022-02-09 22:07:10|1|0|10159557225503904|facebook
up yours|10159558598758904|Trevor Altman|2022-02-09 22:07:10|1|0|10159557225503904|facebook
GO!!!|10159557250318904|Suzanne Girard|2022-02-09 22:07:03|0|0|10159557225503904|facebook
