﻿comment|comment_ids|username|datetime|isreply|num_replies|post_id|label
"“I can’t imagine that anyone who votes no tonight is doing anything other than indicating that they don’t trust the government to make incredibly momentous and important decisions at a very difficult time,” Mr. Trudeau said.  Of course we don’t trust this Prime Minister. He simply poured oil on the fire.  He called the truckers racists. A popular Instagram account called ""poc4freedomcon voy"" (shorthand for People of Color for Freedom Convoy) with over 60,000 followers showed an outpouring of support from members of Black communities across Canada.  He called them thieves despite the fact that the truckers handed out free food.  He claimed they flew racist flags. The one or two controversial flags were vastly outnumbered by Canadian flags.  He claimed they were vandalizing the cenotaph, despite videos showing Truckers and veterans clearing the snow around it and protecting it."|10159575305053904|Cathy Kotzé|2022-02-23 21:47:49|0|4|10159575268533904|facebook
This Act will come back on the people who are voting for it. Just watch. It will be used to their disadvantage when the tables turn. It can be used whoever will be voted to power.|10159575297263904|Margaret Walker|2022-02-23 21:47:49|0|4|10159575268533904|facebook
Trudeau and his administration has gone full on authoritarian.  Don’t agree with protestor’s most of the demands but they have a right to protest no matter how inconvenient it is for some folks.|10159575304683904|Hassaan Ahmed|2022-02-23 21:47:49|0|4|10159575268533904|facebook
I try to limit my responses to stupidity.|10159575342118904|Laurie Bell|2022-02-23 21:47:53|1|4|10159575268533904|facebook
The Act is only being used to support Trudeau's dictatorship, as he does not care for dialogue and democracy!!! As we have witnessed over the last several days!!!!|10159575322028904|Derek Steven Cunningham|2022-02-23 21:47:49|0|4|10159575268533904|facebook
follow the money. Info published but you probably don't believe mainstream media either.|10159575571838904|Laurie Bell|2022-02-23 21:47:53|1|4|10159575268533904|facebook
going extreme by invoking this act and not doing so in any other protest including the one past thurs in houston bc. He tried nothing except belittle, mock and name call. Egregious behaviour.|10159575357808904|Clara Chol|2022-02-23 21:47:54|1|3|10159575268533904|facebook
what is a right wing extremist flag ? The maple leaf?|10159575618308904|Louise Michelle|2022-02-23 21:47:51|1|3|10159575268533904|facebook
Bull. You can not punish people for something that has not happened and you can prevent happening.|10159575294603904|Louise Michelle|2022-02-23 21:47:49|0|2|10159575268533904|facebook
oh please LOL 😆|10159575487678904|Laurie Bell|2022-02-23 21:47:54|1|2|10159575268533904|facebook
"That would make a great children's book-""Justin and the Scary Trucks.""🤣"|10159575348158904|Petar Ticinovic|2022-02-23 21:47:49|0|2|10159575268533904|facebook
actually when the inconvenience involves blocking major trade routes and shuts down a city's commercial core then, I dunno, maybe then it's more of a hostage situation.|10159575311983904|John Meadows|2022-02-23 21:47:54|1|2|10159575268533904|facebook
it just happened. They blocked our border shutting down the entire auto industry in 2 days. Cost billions in lost economic revenue. But you're the hero freedom fighter, stopping ppl from providing for there families 🙄.|10159575328918904|Ryan Duncan|2022-02-23 21:47:59|1|2|10159575268533904|facebook
it shut down the commercial core of Ottawa. The truckers should have been cleared by the local and provincial police at the 10 day mark. What's happened since then is standoff between a bunch of idiot racists and a moronic indecisive federal government left to deal with these idiots.|10159575352343904|John Meadows|2022-02-23 21:47:54|1|2|10159575268533904|facebook
too bad.|10159575452278904|Laurie Bell|2022-02-23 21:47:54|1|2|10159575268533904|facebook
These are time limited and responsible measures. Those who are not involved in supporting illegal occupations and blockades needn't worry.|10159575310903904|Laurie Bell|2022-02-23 21:47:49|0|2|10159575268533904|facebook
that’s a very simplistic argument.  Protesters were out there demanding and raising their grievances (it is not a debate how valid the demands were). Nonetheless, it is their right to do what they did and the government should’ve listened to them and make substantive efforts to resolve their grievances. That’s how democracies work.  I’m sure if rights organizations sue the government, they’re actions will be found either unjustified or nmarrited if not unconstitutiona l.|10159575787573904|Hassaan Ahmed|2022-02-23 21:47:54|1|2|10159575268533904|facebook
We might have to endure WWIII but dictators never win.|10159575616903904|Eddie Davidson|2022-02-23 21:47:49|0|2|10159575268533904|facebook
I disagree, but trying to understand why you feel there was no emergency.|10159576773198904|Mary Vallee|2022-02-23 21:47:59|1|2|10159575268533904|facebook
that's part of the joke for the rest of us 🙃|10159575326513904|John Meadows|2022-02-23 21:47:52|1|2|10159575268533904|facebook
blockades that ended without the Emergency Act… so don’t use that excuse for your joy for crack down on political opponents…. And what’s your proof these were funded by “far right” groups?|10159575548558904|Quinten January|2022-02-23 21:47:53|1|1|10159575268533904|facebook
fantasist.|10159575850013904|David More|2022-02-23 21:47:57|1|1|10159575268533904|facebook
Pretty Boy will just keep invoking EA when ever he feels like it ... there was no emergency|10159575608328904|Roxanne Mackenzie|2022-02-23 21:47:49|0|1|10159575268533904|facebook
lmfao please tell me how exactly a minority government that did what it had to in order to facilitate the city to do what it needed to get the occupiers out is authoritarian.  I'm interested to hear this|10159575325098904|Kurt Ruetters|2022-02-23 21:47:54|1|1|10159575268533904|facebook
listen till the end https:// youtu.be/ rFTVCJr8-qg|10159575858688904|Mike Johnson|2022-02-23 21:47:57|1|1|10159575268533904|facebook
The trade routes were cleared before act invoked. This is an egregious overreach. And in the past when it was done, and it has during Trudeau's reign, he never invoked this act.|10159575345818904|Clara Chol|2022-02-23 21:47:54|1|1|10159575268533904|facebook
, in his mind he is protecting Canadians.|10159575298873904|Mark Bourgeault|2022-02-23 21:47:59|1|1|10159575268533904|facebook
Milton Williams anyone with an ounce of understanding of the context who actually cares about Canada's values would have done the same. Might want to look into the transportation act. Also the scope of this context was significantly larger and more complex than most other protests. The act allowed the local police and RCMP to have access to the resources and avenues necessary to address the context|10159575362733904|Kurt Ruetters|2022-02-23 21:47:54|1|1|10159575268533904|facebook
keep thinking you're safe and we'll see who is laughing at the end of the day, perhaps you'd enjoy ,North Korea, Venezuela, or Cuba because that's what we are getting right now|10159575491238904|Patrick Perrier|2022-02-23 21:47:54|1|1|10159575268533904|facebook
we have been held hostage for 2 years , what's a couple of weeks to get back our freedoms?|10159575409738904|Patrick Perrier|2022-02-23 21:47:54|1|1|10159575268533904|facebook
that will take too long|10159575443988904|Patrick Perrier|2022-02-23 21:47:54|1|1|10159575268533904|facebook
UN And WEO puppet|10159575619403904|Mike Johnson|2022-02-23 21:47:57|1|1|10159575268533904|facebook
siege? Yiu leftist are so dramatic.|10159575481398904|Louise Michelle|2022-02-23 21:47:54|1|1|10159575268533904|facebook
it was a protest not a riot ... there was an attack on a pipeline in BC last millions in damages and a vehicle set on fire with someone in it !!! That’s terrorism and Trudeau did not utter a word zero nothing so a protest where only noise and inconvenience happened is far from the radical right|10159576853168904|Roxanne Mackenzie|2022-02-23 21:47:59|1|1|10159575268533904|facebook
for us? Unless we can get him into court or if there is a non confidence vote|10159575486153904|Patrick Perrier|2022-02-23 21:47:54|1|1|10159575268533904|facebook
then make your thoughts heard at the ballot box. We still have a democracy in Canada.|10159575439853904|Laurie Bell|2022-02-23 21:47:54|1|1|10159575268533904|facebook
Laurie no, not all. Freeland slipped in a few permanent laws for FINTRAC. ;)|10159575318668904|Vin Scott|2022-02-23 21:47:53|1|1|10159575268533904|facebook
"Ok first the poc4freedomconv oy on instagram does not have the backing of black communities in Canada it has several black people making videos but nothing about poplar black communities endorsing this.  The first night truckers attacked a woman who worked at a homeless soup kitchen downtown, threatened her and stole food. There is also incidents at the Rideau Center where not only was things stolen but the business had protestors outside many stores with signs, harassed and bullied the staff which is why the Rideau Center closed. The only time it ever close is at Christmas. There was also incidents at groceries stores downtown and other small tourist stores. Them handing out ""free food"" didn't mean there intention were good.  Flying more Canadian flags, doesn't change the fact that some of these flags also had swastikas on them or that there was TONS of right wing extremist flags of all kinds, slogans and Confederate flags while they chanted white nationalist slogans like ""hold the line and pure blood"" or that this use of the our flag and anthem was USED to support this ideology which is AGAINST EVERYTHING Canada truly stands for... I m ashamed they used our flag and anthem because it was NOT about Canadians freedoms or rights.  Guess you missed the part when parked on it, danced and climbed, peed and threw garbage all over the tomb of the unknown solider. Oh well they cleared the snow, well give them a prize... Its not like the city has workers who were unable to clear the streets, sidewalks and monuments because there was giant truckers blocking all routes into the city core or anything and that these truckers first filled it with garbage all around it and that the Legion of Canadian Veterans denounced the actions of these truckers... Or anything..."|10159575521763904|Ashley Faller|2022-02-23 21:47:51|1|1|10159575268533904|facebook
Anyone who disagrees is an enemy of the state. It’s happened before. Ever read Mein Kampf?|10159575453388904|Janis McNamara|2022-02-23 21:47:52|1|1|10159575268533904|facebook
Jan Zonq ACTUALLY everything I said is true what Cathy said is not.|10159575628448904|Ashley Faller|2022-02-23 21:47:51|1|1|10159575268533904|facebook
Laurie now that we know you like the permanent measures, can you tell me what they are specifically?|10159575337403904|Vin Scott|2022-02-23 21:47:53|1|1|10159575268533904|facebook
good point Maybe Trudeau should declare the conservative party a terrorist organization, then arrest them all and their supporters, , shovel them through a kangaroo court where the penalty is always a life sentence to solitary confinement? Or maybe it's just the hyper hyperbole that's overtaken everyone's common sense.|10159575316933904|John Meadows|2022-02-23 21:47:52|1|1|10159575268533904|facebook
don't use big words they won't understand it|10159575325753904|Kurt Ruetters|2022-02-23 21:47:52|1|1|10159575268533904|facebook
go get your 5th dose Karen. Truckers bring your Latte!|10159575317193904|Tom White|2022-02-23 21:47:53|1|1|10159575268533904|facebook
define dictator. I will wait.|10159575758643904|Philip Standard|2022-02-23 21:47:57|1|0|10159575268533904|facebook
yeah but its going to be too late then… people better start opening their eyes before that happens…|10159575313628904|Andrea Montanaro|2022-02-23 21:47:52|1|0|10159575268533904|facebook
the whole group of organizers are known white nationalists!! They had podcasts dedicated to white supremacy. People blindly followed them!|10159575756713904|Philip Standard|2022-02-23 21:47:51|1|0|10159575268533904|facebook
har. Impotence is not pretty, brother. When the vote comes, you and your allies the Bloc separatists (as always) will find out what voting means.|10159575577468904|David More|2022-02-23 21:47:57|1|0|10159575268533904|facebook
There were assaults - some on police officers. There was interruption to businesses, small businesses that were closed for over three weeks. There was an abuse of noise in residential neighbourhoods - to say nothing of the diesel fumes. And what I am having trouble understanding was the defecation on the tomb of the unknown soldier. I don't know about you, but for me as a Canadian, that is sacred ground. We all saw what happened with the attack on the pipeline and it is a big deal for all of us. There were arrests, but it did not close off links to trade, organizers did not receive funding from the US and on site signage that supported Donald Trump.|10159578650088904|Mary Vallee|2022-02-23 21:47:59|1|0|10159575268533904|facebook
Fantasist|10159575866698904|David More|2022-02-23 21:47:57|1|0|10159575268533904|facebook
what do you expect from commie Castro|10159575949498904|D.j. Johansen|2022-02-23 21:47:57|1|0|10159575268533904|facebook
Something China would do to crush government critics, now in Canada.Liberal poor negotiation skills.|10159576683163904|Ron Scherby|2022-02-23 21:47:49|0|0|10159575268533904|facebook
https:// charlatan.ca/ 2022/02/ opinion-the-truc ker-convoy-demo nstrates-canadi ans-tolerance-o f-white-suprema cy/|10159575636303904|Ashley Faller|2022-02-23 21:47:51|1|0|10159575268533904|facebook
https:// www.cbc.ca/news/ canada/ convoy-protest-f lags-extremism- 1.6351336|10159575636238904|Ashley Faller|2022-02-23 21:47:51|1|0|10159575268533904|facebook
, not a shot fired, not a single weapon used by protestors, not a single window broken, not a single building burned, not a single business looted, no surge in covid admissions, not like a liberal protest at all ??? So why does Trudeau not support this protest ????|10159576844773904|Tom Edwards|2022-02-23 21:47:59|1|0|10159575268533904|facebook
nope the Confederate flag, upsidedown Canadian flag, canadian flag with swastika on it and many others.|10159575629643904|Ashley Faller|2022-02-23 21:47:51|1|0|10159575268533904|facebook
You think? Give them an inch and they will take a mile. Tradeau just took 100 miles.|10159575366243904|Phyllis Tisdale|2022-02-23 21:47:53|1|0|10159575268533904|facebook
They don't end up well, if you mean that. https:// www.independent. co.uk/ independentpremi um/long-reads/ ceausescu-romani a-bucharest-com munism-politics -history-a92348 06.html|10159575809818904|Lebioda Irena|2022-02-23 21:47:55|1|0|10159575268533904|facebook
to avoid that happening .all jt has to do is have a meeting .and admit he is in the wrong as he made a wrong call on the science of the bug|10159575587618904|Peter Mesi|2022-02-23 21:47:49|0|0|10159575268533904|facebook
Tyrant among spineless crooks.|10159575570838904|Quinten January|2022-02-23 21:47:49|0|0|10159575268533904|facebook
Herbies just off 417 at 34 had 50 rigs.|10159575572043904|David More|2022-02-23 21:47:49|0|0|10159575268533904|facebook
He is getting pretty desperate lol|10159575366313904|Dave Cromarty|2022-02-23 21:47:49|0|0|10159575268533904|facebook
Trucastro does not have the backing of the senate, it also does not have the backing of the banks. People when accounts started getting frozen took their money out and it hurt the banks. The people started investing heavy into crypto because it does not have to follow banking rules and it is impossible for the government to freeze because all you need is an e-mail and no social insurance number.|10159580499108904|Dave Gattinger|2022-02-24 00:00:00|0|0|10159575268533904|facebook
Trudeau will be saying this a year from now.|10159576832208904|James Cyr|2022-02-23 21:47:49|0|0|10159575268533904|facebook
sorry Karen, guess you missed the part where the mainstream media has been lying to you and EVERYTHING you just said is inaccurate|10159575629588904|Robert William|2022-02-23 21:47:51|1|0|10159575268533904|facebook
exactly!|10159575440983904|Laurie Bell|2022-02-23 21:47:59|1|0|10159575268533904|facebook
who will protect Canada from Trudeau. Trudeau who is not in his right mind.|10159575464753904|Louise Michelle|2022-02-23 21:47:59|1|0|10159575268533904|facebook
how would that be different from the wetsuweten debacle where they got paid off not arrested?|10159575465748904|Louise Michelle|2022-02-23 21:47:59|1|0|10159575268533904|facebook
So did the rail blockade in 2020. No emergency. Same liberal government.|10159576691878904|Ron Scherby|2022-02-23 21:47:59|1|0|10159575268533904|facebook
by that merit the violent police and the police bragging about the violence online represent ALL police.|10159575480048904|Louise Michelle|2022-02-23 21:47:51|1|0|10159575268533904|facebook
and the sock puppets|10159575409293904|Peter Mesi|2022-02-23 21:48:00|1|0|10159575268533904|facebook
Castro is toast.|10159575615943904|Eddie Davidson|2022-02-23 21:47:49|0|0|10159575268533904|facebook
Abolish all trucks lol😅|10159575408208904|Patrick Perrier|2022-02-23 21:47:49|0|0|10159575268533904|facebook
have you ever even looked up that word? JT is a lot of things but a dictator is not one of them|10159575758013904|Philip Standard|2022-02-23 21:47:55|1|0|10159575268533904|facebook
haha I know|10159575326823904|Kurt Ruetters|2022-02-23 21:47:52|1|0|10159575268533904|facebook
You have no clue at all.|10159575594498904|Ana Singh|2022-02-23 21:47:53|1|0|10159575268533904|facebook
one could hope you are right but I don't believe it for a second buckle up it's going to get interesting|10159575813978904|Dave Cromarty|2022-02-23 21:47:53|1|0|10159575268533904|facebook
, not a fan of history ??|10159576832718904|Tom Edwards|2022-02-23 21:47:53|1|0|10159575268533904|facebook
Certain people who are involved in blockades don't have to worry, either.🤣https:// nationalpost.com /news/canada/ indigenous-rail- blockades-cause -chaos-for-onta rio-travellers- commuters|10159575358388904|Petar Ticinovic|2022-02-23 21:47:53|1|0|10159575268533904|facebook
your ignorance is dangerous to the freedom and livelihoods of all Canadians.|10159575357748904|LordHenry Wotton|2022-02-23 21:47:53|1|0|10159575268533904|facebook
exactly!|10159575322218904|Laurie Bell|2022-02-23 21:47:54|1|0|10159575268533904|facebook
🤡|10159575351708904|Mk Vie|2022-02-23 21:47:53|1|0|10159575268533904|facebook
Milton Williams the Government was responding to illegal blockades and occupations, not legal protests. These were being in part funded by far right organizations interested in overthrowing the democratically elected Government.|10159575341193904|Laurie Bell|2022-02-23 21:47:53|1|0|10159575268533904|facebook
and the “funny” thing is that she is still going to be restricted after the 5th shot … but you know it’s “time limited “ according to her …🤣|10159575322458904|Andrea Montanaro|2022-02-23 21:47:53|1|0|10159575268533904|facebook
because the other protests were much smaller in scale and were able to be handled by local police/RCMP?  There was no protest in Houston BC, there was vandalism overnight and it's been investigated since it was discovered the morning after by RCMP...  It's called context and scope.|10159575360928904|Kurt Ruetters|2022-02-23 21:47:54|1|0|10159575268533904|facebook
Laurie I believe you. Smh|10159575321928904|Vin Scott|2022-02-23 21:47:53|1|0|10159575268533904|facebook
I am guessing that you are not a resident of Ottawa. That city spent 22 days under seige.|10159575388528904|Laurie Bell|2022-02-23 21:47:54|1|0|10159575268533904|facebook
and I have no issues with that either.|10159575320723904|Laurie Bell|2022-02-23 21:47:53|1|0|10159575268533904|facebook
- he called them thieves, yet it is the government confiscating their trucks and funding. Ironic isn't it?|10159575419288904|Bill Roest|2022-02-23 21:47:51|1|0|10159575268533904|facebook
Or rail lines. Or Caledonia. Or BLM in Montreal. Guess HE decides what’s allowed to be protested.|10159575441783904|Janis McNamara|2022-02-23 21:47:54|1|0|10159575268533904|facebook
"The border blockades were illegal as was the legal ""protest"" that turned into an illegal occupation for 3 weeks. This has been nothing but an opportunistic far-right group using truckers as pawns to destabilize a democratically elected government, and a bunch of gullible people deluded by the misinformation they get on Facebook and YouTube. Their cries of “freedom” rang false as what they were calling for was in fact anarchy."|10159575463303904|Alex Buchanan|2022-02-23 21:47:54|1|0|10159575268533904|facebook
not for the wetsuweten debacle . They non wetsuweten were not arrested. Their funding came from out of country.|10159575476243904|Louise Michelle|2022-02-23 21:47:54|1|0|10159575268533904|facebook
"You mean the ""demands"" that EVERY Province lifted like vaccine and passport mandates so what EXACT freedoms and rights are the truckers ""fighting"" for."|10159575480313904|Ashley Faller|2022-02-23 21:47:54|1|0|10159575268533904|facebook
time limited like the “two weeks” to flatten the curve … 🤣 pleeease|10159575314758904|Andrea Montanaro|2022-02-23 21:47:53|1|0|10159575268533904|facebook
The CONS sponsored it originally.|10159575851198904|David More|2022-02-23 21:47:52|1|0|10159575268533904|facebook
read it several times Try to ground yourself. It's a work day tomorrow.|10159575459383904|John Meadows|2022-02-23 21:47:52|1|0|10159575268533904|facebook
Not from Ottawa, (used to live there) but my area where I now live, almost closed down due to all the business closures, suicides, other mental health issues, job losses, domestic violence etc.. we were inconvenienced for over two years, and some families will never recover.|10159575488643904|Roberta Hall|2022-02-23 21:47:54|1|0|10159575268533904|facebook
you are a fool.|10159575496198904|Laurie Bell|2022-02-23 21:47:54|1|0|10159575268533904|facebook
and so did the protesters opps terrorists|10159575605518904|Roxanne Mackenzie|2022-02-23 21:47:54|1|0|10159575268533904|facebook
- Which is why I'm going to keep voting liberal.|10159575357603904|Ken Erickson|2022-02-23 21:47:52|1|0|10159575268533904|facebook
No, see this is where you're wrong and you're illustrating that you don't understand what their demands/ complaints were nor how policy is made across the various levels of government in Canada.  Most of their complaints were about policy that isn't federal government responsibility. Only international mandates surrounding travel are federal jurisdiction along with some forms of national travel. The rest is all provincial.|10159575907698904|Kurt Ruetters|2022-02-23 21:47:54|1|0|10159575268533904|facebook
Just like the rail blockades?|10159576684173904|Ron Scherby|2022-02-23 21:47:54|1|0|10159575268533904|facebook
Sorry. Not to that degree. Not to the point where they harm people's lives and ability to make a living. Vaccine mandates was part of the election platform. Why did they not voice opinions then?|10159576772613904|Mary Vallee|2022-02-23 21:47:54|1|0|10159575268533904|facebook
you mean to 20 dollars from a single mother or 100 dollars from small business? Why should I trust institutions that have been wrong constantly? Majority of the donations were from Canadians….|10159575580918904|Quinten January|2022-02-23 21:47:53|1|0|10159575268533904|facebook
love it Hahaa. Perfect|10159575688908904|Lauren Stoyanowski|2022-02-23 21:48:00|1|0|10159575268533904|facebook
