﻿comment|comment_ids|username|datetime|isreply|num_replies|post_id|label
so when patients who have had their own doctors tell them not to get vaccinated due to health risks but the government starts forcing them to get them anyhow or they loose their jobs, that is ok? You are ok when they start taking children from unvaccinated parents and put them into the system calling it unfit parenting? And vaccinated people are still able to contract and spread it too so why all the fear mongering about those who aren't vaxxed? If you are vaccinated are you not protected? Why is an unvaccinated person so scary to you then? Do you not see the divide that has been created here? The judgement against those who do not even affect you personally?|10159561206098904|Amber Perkins|2022-02-16 23:52:19|1|11|10159557579398904|facebook
who installs saunas so folks can warm up and relax? Who brings in bouncy Castles for the kids to play on?  If you're not aware of these things then I urge you to go down there and check it out with your own eyes|10159558664723904|Nick Kitchener|2022-02-09 23:52:26|1|4|10159557579398904|facebook
it’s not science. Natural immunities from getting the virus will get us out. Why don’t you look up history of pandemics. This is an endemic. But stay scared that’s what this government wants. The 🐑 will follow.|10159559640113904|Kelly Prosser|2022-02-09 23:52:22|1|3|10159557579398904|facebook
Higher risk of what ? There has been a significant larger number of hospitalization s of vxd people including in ICU. I follow the data every day but the numbers coincidently started going down the past few days. How convenient ! You say I can't handle the truth. Numbers don't lie, politicians and health officials do ! Vxd people are more likely to contract and spread the vrs according to government data, the numbers prove that. https:// covid-19.ontario .ca/data|10159561001703904|Ted Cassar|2022-02-16 23:52:18|1|3|10159557579398904|facebook
Sherri Aube you're using that word and I don't think you know what that means. Going to restaurants, gyms, movies are luxuries. They aren't freedoms.|10159558917868904|Kirk Lewis|2022-02-09 23:52:25|1|3|10159557579398904|facebook
our hospital system has been and continues to be a victim of underfunding since the 90s. This is due to the negligence of successive corrupt governments. The pandemic has only showed how inadequate it really is.|10159559713103904|Steve MacDearmid|2022-02-09 23:52:22|1|3|10159557579398904|facebook
The article states she lives a few blocks away, guess the lawyer couldn't find anyone that lived closer to the protest,|10159558614118904|Robert McMullen|2022-02-09 23:52:14|0|3|10159557579398904|facebook
Yes, underfunded since the ‘90s and the pandemic illustrates this. Not due to corrupt government, but due to people electing governments who favour lower taxes because that benefits their voting base.  If we want a better health care system, we’ll need to vote for parties willing to tax the rich and eliminate tax loopholes.|10159559730853904|Don Butcher|2022-02-09 23:52:22|1|3|10159557579398904|facebook
doubt all you want, doesn't change the facts. People I know have died, and you're effectively spitting on their graves.  How very Christian of you.|10159559367563904|Glenn Olson|2022-02-09 23:52:24|1|2|10159557579398904|facebook
…you’re just pissed off because you can’t creep. Boohoo. Thats what people do when they are bereft of intelligent debate. They resort to insults and laughy memes. Don’t care. Don’t bother to respond. It’s insignificant.|10159559800293904|Loretta Jeffers|2022-02-09 23:52:22|1|2|10159557579398904|facebook
the mandates are Federal and..they are against the charter of rights..ask Brian Peckford!!|10159560629438904|Debbie Ross-Fisher|2022-02-09 23:52:22|1|2|10159557579398904|facebook
so there aren't other ways to work out other than a gym? I'm confused here...|10159561104818904|Matt Bedard|2022-02-16 23:52:25|1|2|10159557579398904|facebook
me too. This is why choice matters. And listening to the actual science, not just rhetoric. And, while all life is valuable, you would be lying if you didn't think that some lives are worth more effort and measures than others. The gains are not outweighing the costs here, not anymore. That's the real truth|10159559594433904|Jennifer Shields|2022-02-09 23:52:30|1|2|10159557579398904|facebook
Oh, and no divide, 90% of Canadians are vaccinated, 80% of Canadians are against the criminals and their blockades. We are quite united against your weaponized ignorance.|10159561213748904|Oliver Gross|2022-02-16 23:52:19|1|2|10159557579398904|facebook
keep flying your commie flag during counter protests.|10159561291978904|Darrell Ingram|2022-02-16 23:52:19|1|2|10159557579398904|facebook
I think you should grow common sense|10159557935188904|Mary Fleming Faulkner|2022-02-09 23:52:24|1|2|10159557579398904|facebook
oh dear... you are some kind of indoctrinated.|10159557933158904|Marlene Apic Pape|2022-02-09 23:52:24|1|2|10159557579398904|facebook
"You don't have to listen to the "" H**nks if you don't want to, that is your choice...but remember with every decision there is consequences. Also remember, by not protecting other Canadians you are posing a risk to their Freedom. Sound familiar?"|10159558413543904|Vicki Stefanek Jackson|2022-02-09 23:52:16|0|2|10159557579398904|facebook
How does one silence a media outlet that spews more and more garbage by the hour ?|10159559150313904|Ted S Ptak|2022-02-09 23:52:16|0|2|10159557579398904|facebook
What fully functioning adult brings children to a protest? Why would you use your kids as human shields? Why expose them to people breaking the law all? (And laws are undeniably being broken) Bad life choices all around. Saunas and bouncy castles are exactly why this is not a protest but an occupation, disguised as a trucker keg party.|10159558694163904|Andreas Paulisch|2022-02-09 23:52:26|1|2|10159557579398904|facebook
What a surprise that a local government worker would be against the protests. No bias whatsoever -_-|10159558321588904|Matt Bentley|2022-02-09 23:52:14|0|2|10159557579398904|facebook
outperformed Mayor Watson, outperformed City Council, outperformed City legal staff, outperformed Police Chief Sloly...somebod y give this courageous young woman the keys to the city and a medal for bravery under threats|10159557608323904|Lorraine Thomas|2022-02-09 23:52:14|0|2|10159557579398904|facebook
Well the government has already used media like CBC to go after their funding directly via media pressure. So I wouldn't put it past them to use a government worker to sue them to hurt them financially too. Especially when most of Ottawa residents are comprised of government workers. Just seems like a weird coincidence as well that as soon as she does this. Government run CBC runs stories on her propping her up. There's already been so many lies told about this protest.|10159560064358904|Matt Bentley|2022-02-09 23:52:26|1|2|10159557579398904|facebook
if the courts fail or deny to recognize the facts and data that prove those who are allowed to travel because they are vxd are still able of contacting and spreading the vrs just as the unvxd who are restricted from travelling, then we don't have a functioning rule of law, because it's obvious the restrictions are therefore not based on science or health and safety but discrimination. Since both groups equally impose the same risks on society. That's classic discrimination and segrigation in the best sense of the words. And the prevention of overwhelming our hospitals and health system excuse because of the unvxd no longer works either for obvious reason. It's all falling apart on them and the truth is gradually coming to the surface. Only some of us recognized the truth a long time ago.|10159560476268904|Ted Cassar|2022-02-09 23:52:18|1|2|10159557579398904|facebook
Typical, when you don't have a legitimate defense revert to offend. You sound just like him 😉 you know, the fool on the hill !|10159560151553904|Ted Cassar|2022-02-09 23:52:18|1|2|10159557579398904|facebook
are you even a real person? 😂😂😂. Fake account.|10159559786238904|Kelly Prosser|2022-02-09 23:52:22|1|1|10159557579398904|facebook
maybe you should really wake up|10159557878533904|Mary Fleming Faulkner|2022-02-09 23:52:24|1|1|10159557579398904|facebook
You support the rightwing hate groups who orchestrated this cowboy circus? “Freedom” is only for those who agree with them. Evolve.|10159559659778904|Gerri Thorsteinson|2022-02-09 23:52:22|1|1|10159557579398904|facebook
evolve into what? Communism!!!|10159559662993904|Steve MacDearmid|2022-02-09 23:52:22|1|1|10159557579398904|facebook
getting paid by government to make sure their employees got the vaccine or let go. Please it’s old news|10159557905433904|Mary Fleming Faulkner|2022-02-09 23:52:24|1|1|10159557579398904|facebook
What federal govt lockdown? The requirement to be vaccinated when arriving in Canada? The requirement for federal govt workers to be vaccinated if they work in a govt building? All others are provincial, over which the PM has zero authority.|10159557885888904|Tim Gorham|2022-02-09 23:52:24|1|1|10159557579398904|facebook
Yes they must end. They will when our hospital system has recovered enough to resume “non-urgent” surgeries and health-care workers aren’t quitting from burnout. Soon, Steve, soon. Just hang in there for a few more weeks.  As for the election, that’s the way our system works, seats not popular vote. Feel free to lobby for ranked ballots or other models. We don’t govern by votes on independent measures.  Non-confidence motion: I doubt the Opposition wants an election right now, with the CPC with an interim leader (you’d have no way to know who you are voting for).|10159559706183904|Don Butcher|2022-02-09 23:52:22|1|1|10159557579398904|facebook
I think your bias is showing too!|10159559998138904|Dave Dean|2022-02-09 23:52:26|1|1|10159557579398904|facebook
|10159557877523904|Marlene Apic Pape|2022-02-09 23:52:24|1|1|10159557579398904|facebook
don't be threatening people that is not what this is all about remarks like that make everyone look bad|10159560117488904|Howard Vaughan|2022-02-09 23:52:29|1|1|10159557579398904|facebook
Justin Trudeau can change it by coming out of hiding and talk to them.. we all know where the problem stands, in Justin’s hands, that poor soul who has to put up with a few horns.. ask her what all the people had to go through with lockdowns, people died alone from senior homes to hospitals, young people who have committed suicide, family and friends so divided by government.. children stuffing, people never got the help they needed for cancer, could go on and on there is no excuse for all the lives that was taken by lockdowns way more then anyone died from Covid more people died because of Covid then of Covid. It’s been over two years I still don’t know one person that died from Covid. Government world propaganda for a one world order. People should be more concerned where the government was doing to our country and it’s people. I feel so sad for people in that comfort zone the government put them in, they just don’t want to come out. Thank you God for working through our truckers, who would have ever guess. Now world wide, really upsets the government plan for a one world order.|10159557728878904|Mary Fleming Faulkner|2022-02-09 23:52:14|0|1|10159557579398904|facebook
Pretty sure she works for the liberal cabinet as a few other posts have shown.|10159558757323904|Jeff Buchanan|2022-02-09 23:52:14|0|1|10159557579398904|facebook
I hope she remembers where she gets everything she needs and wants. How these items get to the store. I hope she is reminded everytime she shops that she is suing the very people who sacrifice time with their families everyday to deliver those very goods. They sacrifice everyday for years.|10159561695243904|Sarah Cullum|2022-02-16 23:52:14|0|1|10159557579398904|facebook
she should move 😂|10159558339508904|Mel Magnuson|2022-02-09 23:52:16|0|1|10159557579398904|facebook
We (the unclean) cannot fly anywhere in our country!! So Can we check out that Charter again? Do not believe for an instance the Federal government under Turdface can argue in court with one of those who wrote the darn thing. If Brian says it goes against it..well..it does!!|10159561227723904|Debbie Ross-Fisher|2022-02-16 23:52:22|1|1|10159557579398904|facebook
….Debbie. One more time.  Brian Peckford CANNOT fly to Timbuktu….if Timbuktu will NOT let him enter their country without being vaccinated. That has NOTHING to do with Canadian’s rights as declared by you or Mr Peckford.|10159561054848904|Loretta Jeffers|2022-02-16 23:52:22|1|1|10159557579398904|facebook
are the 'New World Order' reptilians gonna come get me?|10159557918198904|Marlene Apic Pape|2022-02-09 23:52:24|1|1|10159557579398904|facebook
….War Measures Act. And yes….the US will assist with military. I don’t think you get the seriousness of what is going on. This is no longer about lifting a vaccine mandate.|10159559780423904|Loretta Jeffers|2022-02-09 23:52:22|1|1|10159557579398904|facebook
I wish I could sue the government and health officials for disrupting my life for the past two years just as I'm certain those who were injured or lost a family member by the medical procedure without their informed consent would like to sue big pharma. But big pharma have the government's protection from liability. Hmmm !|10159558349013904|Ted Cassar|2022-02-09 23:52:14|0|1|10159557579398904|facebook
I *do* know several people who have died from Covid. I also know even more people who survived, but were left with what (so far) appear to be permanent injuries from covid.  Conversely, I don't know a single person who died from the 'lockdown.' If I followed your logic, I'd jump to the conclusion that this means it's a fake story made up to serve some other kind of agenda; an attempt to derail measures aimed at mitigating the pandemic in order to keep it going perpetually, perhaps in hopes of seeing the end-days foretold by Revelations come to pass?|10159558851408904|Glenn Olson|2022-02-09 23:52:24|1|1|10159557579398904|facebook
you have been sleeping to long girl you may as will go back|10159557931053904|Mary Fleming Faulkner|2022-02-09 23:52:24|1|1|10159557579398904|facebook
the confusing part is, why can't you work out at home. Or run...OUTSIDE! What a concept, eh bud. It's a luxury to be able to USE a gym, not to work out.|10159561357883904|Matt Bedard|2022-02-16 23:52:25|1|1|10159557579398904|facebook
Well I'm usually against the government or any worker of the government who has a vested interest in breaking up this protest to retain their power. Suing claiming their doing it simply as a resident, it brings into question how genuine the class action is. And not simply the government weaponizing the justice system to cripple them financially over matters being blown out of proportion (like their claims of noise complaints even though they stop by 10pm for the most part)|10159560005383904|Matt Bentley|2022-02-09 23:52:26|1|1|10159557579398904|facebook
Well Matt, I cannot say that I agree with you, the thought that the claimant is a front for the government seems like a dark conspiracy theory. But I do appreciate your thoughtful and respectful response|10159560048183904|Dave Dean|2022-02-09 23:52:26|1|1|10159557579398904|facebook
sued for what? You really have no idea how our legal system works.. Have you been watching too many crime dramas on TV, or perhaps you are adopting the Trump playbook?|10159558607548904|Andreas Paulisch|2022-02-09 23:52:26|1|1|10159557579398904|facebook
Anyone here actually live in Ottawa? Anyone here know that these truckers are so well organized that they are hosting a free pancake breakfasts this weekend for everyone who would like to attend?|10159558525213904|Nick Kitchener|2022-02-09 23:52:26|1|1|10159557579398904|facebook
, Are you going to pay her court costs when she is sued by the truckers ?|10159558493283904|John Lawrence|2022-02-09 23:52:26|1|1|10159557579398904|facebook
The court supported her, that's is all that matters. But you brought up her nationality, I did not.|10159558442743904|Robert James Drain|2022-02-09 23:52:26|1|1|10159557579398904|facebook
ah sorry, you support her. that changes everything.|10159558440188904|Nick Kitchener|2022-02-09 23:52:26|1|1|10159557579398904|facebook
Her ethnicity has nothing to do with it. I am a full blooded WASP and I support her.|10159558422263904|Robert James Drain|2022-02-09 23:52:26|1|1|10159557579398904|facebook
It turns out she is a Chinese national who works for the federal government.  I don't know what is funnier, that her cover was so poorly constructed, or that so many Canadians fell for that fake propaganda :-D|10159558337748904|Nick Kitchener|2022-02-09 23:52:26|1|1|10159557579398904|facebook
if you have to ask that question, you have zero idea and you should stop talking before you make yourself look like a tool.|10159561470828904|Gordie MacDonald|2022-02-16 23:52:25|1|1|10159557579398904|facebook
if working out at a gym confuses you, there’s no point in talking with you.|10159561331183904|Gordie MacDonald|2022-02-16 23:52:25|1|1|10159557579398904|facebook
"Listen its never too late for people to realize, and open their eyes. All the evidence is right infront of you if you want to see it. Just do some research. I mean Klaus Schwab is a real man, who runs the WEF which is a real organization. They openly support globalism, transhumanism, one world government and so much more. Justin learned from him at a young age, he attends the Davos meeting in Switzerland every year(WEF). And both he and Klaus Schwab are on video boasting about their plans.. It also talks about it in Klaus Schwabs book "" COVID 19 The Great Reset"""|10159558135733904|Erik Es|2022-02-09 23:52:24|1|1|10159557579398904|facebook
going to the gym is not a luxury. Lots of people need to exercise for their physical and mental health.  Restaurants and movies are A luxury as there are other ways to socialize with people. They are still good for peoples mental health though.  All these restrictions have quite possibly caused more harm than good and it’s time for them to end.|10159558984523904|Gordie MacDonald|2022-02-09 23:52:25|1|1|10159557579398904|facebook
She's a true hero of the CCP.|10159557817008904|Tom Ramanauskas|2022-02-09 23:52:14|0|1|10159557579398904|facebook
Sherri Aube i sleep fine at night, and you numbers are still lower , your the minority. but thats your choice,|10159558949263904|Tony Roe|2022-02-09 23:52:25|1|1|10159557579398904|facebook
Sherri Aube what your prepared to do is your way of thinking. hers maybe different. i got no luxuries to sacrifice but i already feel i have freedom. these truckers arent talking for me. and i have to say they only have a low percentage of canadians on there side. and  is right on definition of freedom. nobody wants to fight two sides to every coin people just have to realize the coin exists.|10159558942703904|Tony Roe|2022-02-09 23:52:25|1|1|10159557579398904|facebook
Sherri Aube So you are willing to sacrifice luxuries? Luxuries like eating in a restaurant? Luxuries like going to the gym? Luxuries like not having to wear a mask? I think the truckers are against having to make any sacrifice of any luxuries.|10159558912478904|Kirk Lewis|2022-02-09 23:52:25|1|1|10159557579398904|facebook
Sherri Aube why the insult all she did was disagree with you.. there are people for the truckers and people against.|10159558864093904|Tony Roe|2022-02-09 23:52:25|1|1|10159557579398904|facebook
As opposed to the Whiner Convoy?|10159558816983904|Kelsie Beasley|2022-02-09 23:52:25|1|1|10159557579398904|facebook
Sherri Aube and a payday|10159558804268904|Kris Wahlstrom|2022-02-09 23:52:25|1|1|10159557579398904|facebook
liberal BS if it’s not working now with two vaccines many boosters after a hundred years later you are telling me they were smarter then when they got it right with one vaccine then they are now I would call that backwards.. l do not know one person who died with Covid you may lie it’s what liberals know best but I do not lie, people die or not die is not something a person should lie about I have my doubt if you know even one person, I live in Toronto I do not know one. Who died from Covid I had Pneumonia four days after hospital called me said I had Covid as well at 72 I am back to normal.. it amazes me that Covid hits in spring and fall flu season in spring Pneumonia weather with hay fever then summer allergies. The government know when to place Covid, if you think lockdowns with people losing jobs not able to care for their family’s is not stress and suicide then you live on Mars.. worse suicide rate ever among teenagers, little children suffering because no school, inside no friends seniors allowed not even love ones to visit, our economy gone Beyond repair liberal plan for the great big reset nothing great about it just one more word for communist. People like you need to wake up.|10159559317448904|Mary Fleming Faulkner|2022-02-09 23:52:24|1|1|10159557579398904|facebook
maybe you should stay off mushrooms and go back to school and become a real critical thinker, not a conspiracy theory thinker?|10159558800568904|Marc Dupuis|2022-02-09 23:52:24|1|1|10159557579398904|facebook
like all emergency measures they must end. The new variants are weaker and we have better treatments. We have to learn to live with the virus. As far as a fair election. You do realize the liberals only garnered 30 percent of the popular vote. They have a minority government. Not only is liberal support waning for the pandemic but they now only have the support of a minority of Canadians. I would like to see a vote of non confidence with an added question on the ballot asking people to chose on freedom or emergency measures. That would the democratic thing to do in a deeply divided country.|10159559650298904|Steve MacDearmid|2022-02-09 23:52:22|1|1|10159557579398904|facebook
but they can do it to is?🤔 I’ve been told several times “if you don’t like it, you can move out”|10159561044998904|Amber Carde|2022-02-16 23:52:29|1|1|10159557579398904|facebook
We had a fair election in October, so yes, we have a democracy. Public health measures have long been considered justified in a free and democratic society ... there’s nothing new about the measures related to Covid.  People seem to forget why we have public health measures related to Covid. It has nothing to do with mortality per se. Without measures, our hospital system would have collapsed, and people would have been dying in makeshift hospital tents in parking lots (like our American friends, BTW). There would not have been enough beds, staff or therapeutics. As it is, we’ve cancelled tens of thousands of “non-urgent” surgeries for everything from hip replacement to cancer. Yes, cancer surgeries have been postponed so that Covid patients could be treated! It’s not just the Covid mortality rate.  We restricted ourselves so that the hospital system wasn’t as overwhelmed as it could have been, and so we would have fewer long-term effects from Covid.  No one likes mandates. They were a necessary evil to get us to this point where we can see the light at the end of the tunnel. IMHO, we’re not there yet ... let’s give the current Covid patients in hospital a chance to recover to free up beds, staff and therapeutics so that the patients who have waited for their surgeries and treatments can get them; and so that the overworked staff can recover and not quit. Just a few more weeks ... we can do this!|10159559639898904|Don Butcher|2022-02-09 23:52:22|1|1|10159557579398904|facebook
On its face, this says more about the decent, reasonable Truckers than anything else|10159557937298904|DG Roberts|2022-02-09 23:52:16|0|1|10159557579398904|facebook
Everyone from now on should pull into truck stops and rest areas late at night and lay on their horns until every single trucker is awake......then come back every 1/2 hour afterwards|10159558551998904|Dawnjim Cards|2022-02-09 23:52:16|0|1|10159557579398904|facebook
|10159561303913904|Oliver Gross|2022-02-16 23:52:19|1|1|10159557579398904|facebook
Mandates for vaccines have existed longer than you've been alive. They are not in any way a violation of any freedom. The only ones who are selfish are those who refuse to take a perfectly safe and effective vaccine for no good reason and the criminals who are hurting the people of Ottawa.  As you cheer all that you tell us exactly who you are.|10159561159888904|Oliver Gross|2022-02-16 23:52:19|1|1|10159557579398904|facebook
lol I am vaccinated so before you go talking more crap about things you don't know, what I am against isn't the vaccines it's the mandates but yup you sound like you know and see it all so I must be wrong. All this is shown is how selfish people are and it isn't the ones the government are attacking. Boost up or else, ya that sounds like freedom. Keep drinking the Kool aid|10159561156058904|Amber Perkins|2022-02-16 23:52:19|1|1|10159557579398904|facebook
all she had to do was put in ear plugs but I guess that would have been too easy 😂|10159558598093904|Scott Clark|2022-02-09 23:52:16|0|1|10159557579398904|facebook
criminals eh? Lots of looting and rioting happening? Or is that what the media told you to call them?|10159561131023904|Amber Perkins|2022-02-16 23:52:19|1|1|10159557579398904|facebook
"""Baseless"".... you're a comedian."|10159561835588904|Санта Клаус|2022-02-16 23:52:18|1|1|10159557579398904|facebook
"Look up ""base rate fallacy"" and you will understand why you are wrong."|10159561766283904|Randall Wilson|2022-02-16 23:52:18|1|1|10159557579398904|facebook
What an idiot . You`re lost in the Fog of Alternative Facts .|10159561071188904|Carol Holms|2022-02-16 23:52:18|1|1|10159557579398904|facebook
and you're a tool.|10159560582208904|Ben Funk|2022-02-09 23:52:18|1|1|10159557579398904|facebook
Except that is not what the data indicates.  The unvaxxed still present a significantly higher risk.|10159560521118904|Randall Wilson|2022-02-09 23:52:18|1|1|10159557579398904|facebook
"- Peckford is clearly wrong as the law is contrary to what he says. How do I know? That is due to the fact that my area of legal expertise is constitutional and administrative law.  I know that Section 1 of the Charter applies to all situations where government is alleged to breach a Charter right including COVID-19 pandemic measures contrary to Peckford's baseless claim.  BTW Peckford had no involvement in drafting the Charter itself and was one of the major roadblocks to enshrining property rights. The Charter was principally drafted by Barry Strayer with input from Walter Tarnopolsky. https:// www.gg.ca/en/ honours/ recipients/ 146-8630  Peckford's claim that Section 1 is not applicable to the pandemic is laughable as court cases from the outset have been clear that Section 1 applies in any situation when it is alleged Charter Rights and Freedoms have been infringed. And all the courts who have dealt with this issue have been singularly unified in their judgment of the seriousness of this threat to public health.  The alleged breach can be express or implied in any statute or regulation per and it is not limited by subject matter. R. v. Therens, [1985] 1 S.C.R. 613  As the SCOC has said “Most modern constitutions recognize that rights are not absolute and can be limited if this is necessary to achieve an important objective and if the limit is appropriately tailored, or proportionate.” (Canada (Attorney General) v. JTI-Macdonald Corp., [2007] 2 S.C.R. 610.  The other indication of his cluelessness is counsel in the case is the legally inept Justice Centre for Constitutional Freedoms.  The Justice Centre for Constitutional Freedoms has continued its unbroken string of court losses challenging COVID-19 pandemic PHO's, regulations and federal and provincial mandates as well as related matters. Recently Ontario Superior Court Justice Hugh McLean has granted a 10-day injunction to prevent truckers parked on city streets in downtown Ottawa from honking their horns incessantly.  Remember these are the same doofuses (doofii??) representing a group of churches in Manitoba challenging COVID-19 public health orders who stalked a judge. John Carpay stepped away as president after admitting in court to hiring a private investigator to follow the judge presiding over the case. This group are on par with Trump's sterling legal minds.  As reported:  ""Carpay’s admission that he hired someone to watch a judge overseeing a casein Manitoba has been widely condemned and prompted formal complaints of misconduct.  Chief Justice Glenn Joyal held a special hearing Monday after learning that a private investigator was contracted to find any embarrassing information about Joyal breaking public health regulations. Joyal said he realized he was being followed when he left the courthouse. A person, who appeared to be a teenage boy, also went to his home and spoke with his daughter.  Joyal has yet to rule on the case involving seven Manitoba churches, represented by the Justice Centre, who are challenging public health orders. He said his decision would not be influenced by his experience of being followed by the private investigator.  He admonished Carpay for interfering in the administration of justice.  “If we are now in an era where a sitting judge, in the middle of a case, can have his or her privacy compromised as part of an attempt to gather information intended to embarrass him or her, and perhaps even attempt to influence or shape a legal outcome, then we are, indeed, in unchartered waters,” Joyal said Monday.”  Oh yeah and the Justice Centre lost that case like all those before it challenging COVID-19 orders and regulations in superior courts across Canada.  Manitoba Court of Queen’s Bench Chief Justice Glenn Joyal ruled the province’s public health orders were neither unconstitutiona l nor an undemocratic delegation of power and held the restrictions were a reasonable response to COVID-19 based on credible science.  The Justice Centre for Constitutional Freedoms also lost the challenge in Federal Court to the quarantine provisions in Spencer v. Canada (Health) 2021 FC 621, they lost the challenge to the Newfoundland and Labrador’s Non-Essential Travel Restrictions per the decision by Newfoundland and Labrador Supreme Court Justice Donald Burrage (Taylor v Newfoundland and Labrador, 2020 NLSC 125) and the challenge to the Gathering and Event PHO in BC prohibiting gathering for religious worship by Chief Justice Hinkson of the BC Supreme Court Beaudoin v. British Columbia, 2021 BCSC 512.  I expect that based on past performance and court precedents Peckford's baseless case will be shortly punted by the courts on solid case precedent."|10159560198438904|Randall Wilson|2022-02-09 23:52:18|1|1|10159557579398904|facebook
https:// nationalpost.com /news/canada/ former-n-l-premi er-suing-federa l-government-ov er-vaccine-mand ates-for-air-tr avel|10159560190413904|Ted Cassar|2022-02-09 23:52:18|1|1|10159557579398904|facebook
- Apparently you cannot handle the truth.  The courts have been clear than the PHOs and other regulations related to the pandemic are properly enacted, constitutional and supportable by science and expert public health authorities. I have set out the case precedents in detail in numerous past posts.  I leave the fool on the hill function in your more than capable hands.|10159560167223904|Randall Wilson|2022-02-09 23:52:18|1|1|10159557579398904|facebook
"- ""massless people"" ??? If people have no mass do they actually exist?  All that proves is that there are a lot of stupid people in the world as that great philosopher the late George Carlin noted.  'Think of how stupid the average person is, and realize half of them are stupider than that.'  And:  'Never underestimate the power of stupid people in large groups.'"|10159560122203904|Randall Wilson|2022-02-09 23:52:18|1|1|10159557579398904|facebook
Perhaps you can verify the validity of mask wearing and social distancing while you are at it. Hundreds of thousands of massless people hugging each other.|10159560117578904|Ted Cassar|2022-02-09 23:52:18|1|1|10159557579398904|facebook
I leave the trolling in your more than capable hands.  Unlike you I can actually back up my posts with verifiable citations and sources.|10159560099918904|Randall Wilson|2022-02-09 23:52:18|1|1|10159557579398904|facebook
keep trolling, just switch bait.|10159560091093904|Ted Cassar|2022-02-09 23:52:18|1|1|10159557579398904|facebook
- how can one choose to “not listen” to honking?|10159559121343904|Hélène Coté|2022-02-09 23:52:33|1|1|10159557579398904|facebook
The courts disagree with you.|10159560078943904|Randall Wilson|2022-02-09 23:52:18|1|1|10159557579398904|facebook
What is baseless is the draconian illogic mandates. They say they are following the science but the science they are referring to is fiction, science fiction, because the scientific evidence contradicts their mandates.|10159560016013904|Ted Cassar|2022-02-09 23:52:18|1|1|10159557579398904|facebook
. You mean the 90% of them that are already vaccinated and keeping our shelves stocked? Yes, I support those decent, reasonable truckers. These right wing foreign funded protestors are a different story.|10159558136583904|Jerry Chong|2022-02-09 23:52:31|1|1|10159557579398904|facebook
I guess you don't know much about what you're talking about but there are more crimes than looting and rioting and since I've witnessed them first hand I don't need the media.  What you mean is you support these criminals because you don't understand what a virus and a vaccine are and why they are needed.  Thank you for letting us know, that has been one of the good things about this.|10159561138573904|Oliver Gross|2022-02-16 23:52:19|1|1|10159557579398904|facebook
The man who helped write the charter of rights is suing.|10159561675073904|Sarah Cullum|2022-02-16 23:52:19|1|1|10159557579398904|facebook
why should she have too?|10159558901578904|Heather Luckhurst|2022-02-09 23:52:30|1|1|10159557579398904|facebook
I'm sorry for their loss. As well as for the loss of 35k+ lives lost in Canada due to covid.|10159559550783904|Heather Luckhurst|2022-02-09 23:52:30|1|1|10159557579398904|facebook
So if someone wants to be unemployed, the government should provide them with enough money that they can live a comfortable life, right?|10159561575888904|Brónagh Tadhg O'Shea|2022-02-16 23:52:30|1|1|10159557579398904|facebook
this poor girl is just being used by the government and its going to ruin her life. 😞|10159563024383904|Mike Zlole|2022-02-16 23:52:20|1|1|10159557579398904|facebook
or agree with this spoiled little girl whose paid by the federal government!|10159569619193904|Star Forge|2022-02-16 23:52:19|1|1|10159557579398904|facebook
her choice is not potentially life threatening.|10159559485528904|Heather Luckhurst|2022-02-09 23:52:30|1|1|10159557579398904|facebook
"Zexi Li , Federal government employee, should apologize to 78 year old grandfather, Gerry Charlebois, arrested and fined ( $118.00 ) by three Ottawa Police Officers in two SUV polluting vehicles. He is 4'10"" and taken down by these big cops injurying his arm and bruises all over for honking his horn at a person to show his patriotism because he was carrying a Canadian flag. What a victory Zexi."|10159559609533904|Stuart Busat|2022-02-09 23:52:14|0|1|10159557579398904|facebook
did you actually just ask why she should have to put ear plugs in, suggesting that she has a right to what goes 'in' her body? And she shouldn't have to if she doesn't want to? Ear plugs are not mandated you must know. So this is entirely her choice ... Unlike some other things. Why should she have too...smh|10159559296663904|Jennifer Shields|2022-02-09 23:52:30|1|1|10159557579398904|facebook
This is what a real hero looks like! She already achieved what Ottawa's municipal politicians and incompetent police chief could not manage. Wishing her all the best in the class action suit against the organizers of this gong show!|10159557702278904|S.d. Chakrabarti|2022-02-09 23:52:14|0|1|10159557579398904|facebook
Enjoy your delusional echo chamber.|10159562804708904|Gerri Thorsteinson|2022-02-16 23:52:19|1|1|10159557579398904|facebook
ooooh right... You should come say that to the parents we know that lost a child post vaccine.|10159559539483904|Jennifer Shields|2022-02-09 23:52:30|1|1|10159557579398904|facebook
"A ""hero"", who works for government."|10159572422053904|Lilya Ru|2022-02-16 23:52:14|0|0|10159557579398904|facebook
Must be nice for people to sue for big money hope she has an amazing life with all that .|10159561379403904|Ivy Beaupit|2022-02-16 23:52:14|0|0|10159557579398904|facebook
Annd And i know that they sometimes end up in the ditches. Peeps who work to pay the rent dont want to hear from you.|10159563828898904|Margaret Zebarth|2022-02-16 23:52:14|0|0|10159557579398904|facebook
Who?  Never heard of her, sounds like a trained avatar for the anti workers movement.|10159558673998904|IW Palmer|2022-02-09 23:52:16|0|0|10159557579398904|facebook
She should be more concerned about what they are doing for her.|10159558708203904|Todd Nicoll|2022-02-09 23:52:16|0|0|10159557579398904|facebook
Now she will get a well paid job in liberal government. From now on she is “rich and famous”.|10159559148048904|Anna Golodina|2022-02-09 23:52:16|0|0|10159557579398904|facebook
Someone who collected a pay cheque during the entire lockdown period, probably working from home? Wouldn't surprise me in the least.|10159562672568904|Susan Hedges|2022-02-16 23:52:26|1|0|10159557579398904|facebook
She's my hero too|10159562112023904|Boris Shabash|2022-02-16 23:52:27|1|0|10159557579398904|facebook
Exactly. My body my choice. the covid mandate and vaccine is a scam. It may protect ONLY the person who gets the shot  Everyone’s getting covid no matter what even if your vaxxed or not  It has nothing to do with getting a shot to “protect everyone at work” as we know ANYONE can pass it and get it  So the mandates should be gone. Zero point except government overeach|10159561747698904|Scott Clark|2022-02-16 23:52:30|1|0|10159557579398904|facebook
who brings kids to this shitshow, no matter what side you are on, it is horrible to have kids cooped up in a tractor trailer with no bathing facilities etc exposed to all that diesel pollution noise etc. I guess a bouncy castle makes it ok|10159561357873904|Karen Mcdonald|2022-02-16 23:52:26|1|0|10159557579398904|facebook
Did they get rid of the QR codes too?|10159557928853904|Marilyn Thomson|2022-02-09 23:52:14|0|0|10159557579398904|facebook
Should google Iraqi sound torture used by the US. The decibels in truck horns are on a similar level - shown to have traumatizing effects.  You claim to be all about freedom, yet fail to realize this has the potential to destroy people's ears and mental health. Oh, but the vaccine is damaging your mental health? This is a real threat.  Also, the organizers are all white supremacists. Good to know you support unironic modern Nazism. What a smart whyte lady you are.|10159558729688904|Alexandra Hawk|2022-02-09 23:52:33|1|0|10159557579398904|facebook
that is unfortunate there are idiots on both sides|10159561108768904|Howard Vaughan|2022-02-16 23:52:29|1|0|10159557579398904|facebook
there is no question the last few years have been tough and everyone is tired. I've read lots of posts claiming the government is taking away rights. I've read posts claiming the far right is being manipulated by a misinformation campaign. The only truth is that almost nobody is listening anymore, we all need to stop falling down the rabbit holes! Have a great night|10159560128113904|Dave Dean|2022-02-09 23:52:26|1|0|10159557579398904|facebook
This is BS news people quit buying the lies|10159559426753904|Matt Mar|2022-02-09 23:52:16|0|0|10159557579398904|facebook
So sad this is what you report|10159561205948904|James Mulholland|2022-02-16 23:52:16|0|0|10159557579398904|facebook
"Ear Plugs... Pretend they're a flock of huge Canada Geese... convince yourself they are ""h**king"" in the the name of Freedom and that everyday is Canada Day...ask Trudeau if you and others who are affected by the h**king can stay at Harrington Lake, which shouldn't be a problem seeing it is owned by the Taxpayers. How can one P.M. choose to "" not listen "" to the Truckers? When you can answer this riddle Grasshopper, you may leave the Gates of Harrington Lake. Hope this helps."|10159559174133904|Vicki Stefanek Jackson|2022-02-09 23:52:33|1|0|10159557579398904|facebook
|10159559193163904|Hélène Coté|2022-02-09 23:52:33|1|0|10159557579398904|facebook
Didn’t the same judge rule that the protests were completely legal ? Kinda seems like it back fires on them 🤷🏼‍♂️|10159559463073904|Jeff Farquhar|2022-02-09 23:52:16|0|0|10159557579398904|facebook
Lol. He deleted a comment|10159560377238904|Robert James Drain|2022-02-09 23:52:26|1|0|10159557579398904|facebook
"The people calling this girl a hero have set the bar so low to be a ""hero"".  Not sure how much of the charter she has read but im sure the counter suit will be spicy."|10159559244888904|Nathan Canning|2022-02-09 23:52:14|0|0|10159557579398904|facebook
Oh a Federal employee complaining about something that her boss couldn't handle. Wonder who pushed her. Most 21 year Olds would stand for Freedom.|10159558767953904|Lee Getzinger|2022-02-09 23:52:14|0|0|10159557579398904|facebook
Anyone who deals with fascist s are not Canadian and she is definitely not|10159560258918904|Dave Sanders|2022-02-09 23:52:16|0|0|10159557579398904|facebook
Oh well , If you`re pretty sure .|10159561072173904|Carol Holms|2022-02-16 23:52:28|1|0|10159557579398904|facebook
Yes, most of those protesting have taken the clot shot and are now protesting the ongoing mandates. What isn't clear about this ... you have to be obtuse.|10159558147448904|DG Roberts|2022-02-09 23:52:31|1|0|10159557579398904|facebook
Maybe you should read some more…memes don’t count.|10159561281373904|Matt Barbeau|2022-02-16 23:52:28|1|0|10159557579398904|facebook
I guess you forgot where you got everything you own, and how it got to the store you purchased it from. They sacrifice time with their families everyday so that you and I can have all that we need and want. Some of them for 40+years.|10159561689923904|Sarah Cullum|2022-02-16 23:52:32|1|0|10159557579398904|facebook
I understand the sentiment, but no. Most truckers are vaccinated, and the trucker association something something of Canada distanced itself from this protest. To do what you are offering is like torching every church because of the KKK.|10159562112933904|Boris Shabash|2022-02-16 23:52:32|1|0|10159557579398904|facebook
Total admiration for a courageous, intelligent and eloquent human being.|10159561124113904|Tony Wakelin|2022-02-16 23:52:16|0|0|10159557579398904|facebook
trying to follow your line of thinking. I want to be employed. I just want the expectations of my job to be in line with the job itself and be reasonable. I'm a teacher. If it was mandatory that I have a red bull every morning I would say that's unreasonable and unrelated to my ability to do my job, and again, what I put in my body is my choice. Especially when it doesn't impact my ability to do my job.|10159561743218904|Jennifer Shields|2022-02-16 23:52:30|1|0|10159557579398904|facebook
Don’t read it…|10159560895998904|Jan Morava|2022-02-16 23:52:32|1|0|10159557579398904|facebook
"News flash. Just in. Greta is paddling her way back across the Atlantic. Sailors are reporting hearing mysterious chants out of the fog. "" How Dare you"" . Nothing has been confirmed yet. Stay tuned for further reports."|10159560482503904|Galen Street|2022-02-09 23:52:14|0|0|10159557579398904|facebook
Move|10159562113388904|Boris Shabash|2022-02-16 23:52:32|1|0|10159557579398904|facebook
All I can say AGAIN is if anyone is offended by the convoy they need to contact their MPs to 'nudge' our 'fearless leader' to start CONFLICT RESOLUTION...he is the one who is causing the problem!|10159562191593904|Linda Helm|2022-02-16 23:52:14|0|0|10159557579398904|facebook
Wonder how much she got paid by the liberal government. Foreign student from China. Hmmm where she had no freedom. A foreign national who works for the liberal government out of university. Stayed in Canada because she liked freedom? 21 years old who is hiring a lawyer for a huge lawsuit. How much is she getting paid to work for the government? On record with legacy media that she doesn’t think that Trudeau should negotiate with “these” people. Seriously? Not a Canadian citizen, from a communist country, enjoying all the pleasures of a democracy and she can’t handle horns honking for freedom. Any one else see the irony in this?|10159561197733904|Cheryl Miller|2022-02-16 23:52:14|0|0|10159557579398904|facebook
said for her she doesn’t see what Trudeau is trying taking away her freedom|10159561598293904|Silverio Medeiros|2022-02-16 23:52:14|0|0|10159557579398904|facebook
Stop watching faux news|10159562666753904|Keynan Pratt|2022-02-16 23:52:32|1|0|10159557579398904|facebook
all Around that area are just government buildings. There are no people living close for many blocks. But the media won’t say that|10159559981533904|Phil Leger|2022-02-09 23:52:28|1|0|10159557579398904|facebook
I suggest that she go to HER elected representative in Ottawa and tell them to do THEIR job and meet with these protesters. It could’ve been over in a day.|10159561185468904|Brad Jones|2022-02-16 23:52:14|0|0|10159557579398904|facebook
It’s political issue now not freedom. More like conservatives voters doing the mess and Conservatives watch dogs police unit are lining the parade 😂|10159558911008904|Shaun Bear|2022-02-09 23:52:14|0|0|10159557579398904|facebook
And the convoy lawyers have a hundred witnesses on their side that live around the area and will be giving testimony.|10159558866703904|Ted Cassar|2022-02-09 23:52:28|1|0|10159557579398904|facebook
the closer are at the ptotest|10159558748333904|Brad Pratt|2022-02-09 23:52:28|1|0|10159557579398904|facebook
bull.|10159559599438904|Heather Luckhurst|2022-02-09 23:52:30|1|0|10159557579398904|facebook
Your journalism is why we are all here today. You do not offer unbiased information. All you offer are objective conclusions, yours'.|10159558752623904|Mark Hatchette|2022-02-09 23:52:14|0|0|10159557579398904|facebook
She destroyed her life at a very young age. She will have to leave Canada after this I am sure.|10159570462598904|Karianne Newton|2022-02-16 23:52:16|0|0|10159557579398904|facebook
Canadian hero, that is what she is.|10159558462943904|Dan Rudka|2022-02-09 23:52:14|0|0|10159557579398904|facebook
Even the Canadian geese can’t honk in Ottawa|10159558801863904|Colin Golightly|2022-02-09 23:52:16|0|0|10159557579398904|facebook
Love this young hero. I want to help. Please go ahead. Do not stop.|10159558660528904|Pina Chirico|2022-02-09 23:52:14|0|0|10159557579398904|facebook
All the impotent rage from these clowns in the comment section are hilarious. Seethe more.|10159559718593904|Abraham Shekelstein|2022-02-09 23:52:16|0|0|10159557579398904|facebook
Lol this leftist junk speaks about this goof like she’s some sort of hero|10159558037523904|Chris Klimsiak|2022-02-09 23:52:14|0|0|10159557579398904|facebook
the same adults that show up to pride/BLM/ trans/other lgbtq marches. They bring kids ALL the time.|10159560000778904|Matt Bentley|2022-02-09 23:52:26|1|0|10159557579398904|facebook
I am a Christian fighting for the truckers that God is working through.. give up your freedom I will help take Canada’s freedom back|10159559383668904|Mary Fleming Faulkner|2022-02-09 23:52:24|1|0|10159557579398904|facebook
if laws are being broken, strangely there is no evidence or videos circulating. Makes you think it may all be made up.....huh.|10159558923973904|Renee Umezuki|2022-02-09 23:52:26|1|0|10159557579398904|facebook
yup who was the judge?? How in good judgement against the peaceful protest do this.|10159561311298904|Carol McPherson|2022-02-16 23:52:19|1|0|10159557579398904|facebook
…so Amber…You still haven’t given out your address for a party. No rioting or looting…just the same thing these innocuous Kenmore cowboys are doing…but on your block. Only for a few weeks or so. Canned air horns and fireworks will give it a great atmosphere. WooHoo! Please have your water hose hooked up so we can fill the hot tubs. BYW…the koolaid jug is empty…you drank it all. And we will even let FOX join the other media so you can have your balanced reporting.|10159561431963904|Loretta Jeffers|2022-02-16 23:52:19|1|0|10159557579398904|facebook
…so dramatic. Very few patients have had their own doctors tell them that the health risks of the vaccine outweigh the risks of getting Covid. No person is forced to get the vaccine. They lose their jobs only because of a choice they have made to not be vaccinated.  You want to talk about unfit parenting? How about exposing kids to weeks in a protest with horns honking, loud music at all hours, no decent bath or shower facilities, dope and booze, flouting the law and goading police officers. But bouncy castles are the great deception. See? We Are great parents….all angels of sweetness and light 😇|10159561456108904|Loretta Jeffers|2022-02-16 23:52:19|1|0|10159557579398904|facebook
Amber forgot to mention the divide was far from equal.|10159561461858904|Loretta Jeffers|2022-02-16 23:52:19|1|0|10159557579398904|facebook
Or she sued to protect her rights|10159561475758904|Allan Mackenzie|2022-02-16 23:52:19|1|0|10159557579398904|facebook
"potential hearing damage or total hearing loss, that could be permanent, is a bit more than an ""inconvenience"" . Dealing with a few public restrictions and following some guidelines for a couple of years is an inconvenience. Name the part of the Charter that has been violated."|10159561566558904|Brónagh Tadhg O'Shea|2022-02-16 23:52:19|1|0|10159557579398904|facebook
"THe flip side of that is to just get a dam vaccine. The courts of EVERY province and the supreme court have upheld the terminations because the peopel who work there have the right to not worry about people not vaccinated.  What you are actually saying is that ""I'm veryinterested in SOME people's rights, but not others"". And mandates are mostly PROVINCIAL. ANd MOST provinces had almost no mandates all summer long, and didn't actually have mandates until Omicron hit.  I would agree that mandates should be discussed more and SOME of them were idiotic, but to say 'my right to be able to spread my germs in any way I think' is not what the charter is about. In China the police never let people leave their house. In Cuba that basically told people they COULDN""T protest."|10159561651053904|Mike Archibald|2022-02-16 23:52:19|1|0|10159557579398904|facebook
Great, let's see where that goes.|10159561695918904|Matthew Bains|2022-02-16 23:52:19|1|0|10159557579398904|facebook
Biggest award will go to all you people hurting ordinary law-abiding citizens and some of you will get 14-year sentences for sedition against my country Canada. Quit breaking the law and violating our rights. What are you going to do when they come for you?😷|10159561752273904|Kevin Parr|2022-02-16 23:52:19|1|0|10159557579398904|facebook
“Charter of human rights violated.” Maybe if you lived in a country where human rights are really being violated this would be correct. Ending a pandemic does require some sacrifices as a united society. But these come nowhere close to human rights violations. Vaccines slow the spread, which slows the development of variants and thus allows a society to develop some type of herd immunity. Anyone has a choice not to get on this wagon but by the same token can not complain because the pandemic continues.|10159562690368904|Deborah Carbone|2022-02-16 23:52:19|1|0|10159557579398904|facebook
Right wing nuts can’t handle the truth. “Freedom” is only for those who agree with them.|10159569980498904|Gerri Thorsteinson|2022-02-16 23:52:19|1|0|10159557579398904|facebook
"Remember this next time those other ""mostly peaceful protesters"" show up to disrupt your lives!😉😉😉 Lawyer up Canada!😉😉 Setting the precedent!!😉😉"|10159572622563904|Tracey Hargreaves|2022-02-16 23:52:14|0|0|10159557579398904|facebook
Or just the job of mayor|10159562109253904|Boris Shabash|2022-02-16 23:52:20|1|0|10159557579398904|facebook
But who is using you?|10159575476908904|Tracy Pytlowany|2022-02-23 23:52:20|1|0|10159557579398904|facebook
why would she ,he was doing something he was told not to do by the courts,I don’t care how old he was,go Lexi go,back to court if he hasn’t learned his lesson.|10159561202048904|Nancy Rafuse|2022-02-16 23:52:21|1|0|10159557579398904|facebook
Stuart, the cops should not have used excessive force (I hope you remember that the next time you read a story about cops using excessive force). However, the choice by the cops to use excessive force has nothing to do with Lexi. She simply went to court to defend her rights (which were being violated by the protesters). The judge heard the evidence, and agreed with her position.  Let Gerry take the three cops to court and make his case. Let the judge decide whether excessive force was used.|10159561368428904|Janice Andrews|2022-02-16 23:52:21|1|0|10159557579398904|facebook
are you that immature??????? ?? Stop pulling a Trudeau and grow up! Your name calling does nothing. The truckers are not leaving so deal with it.|10159561372063904|Derek J Williams|2022-02-16 23:52:19|1|0|10159557579398904|facebook
yup|10159561309278904|Carol McPherson|2022-02-16 23:52:19|1|0|10159557579398904|facebook
Sharyn Haw Dan is obviously a terrified individual. Probably a germaphobe. Or maybe he is even worse like collecting a paycheck by staying home. We know he has his reasons and we must respect his opinion. Right or wrong this is a free country|10159559661973904|Steve MacDearmid|2022-02-09 23:52:22|1|0|10159557579398904|facebook
|10159561301518904|Oliver Gross|2022-02-16 23:52:19|1|0|10159557579398904|facebook
it won't be his country for sure|10159559741583904|Keith Schmidt|2022-02-09 23:52:18|1|0|10159557579398904|facebook
yes... FOR MY DAD!|10159559892713904|Ashley Karalash|2022-02-09 23:52:18|1|0|10159557579398904|facebook
you are a Supreme liberal douche and your rhetoric for the man ain't cutting it here. F off please you commie|10159559896613904|Ashley Karalash|2022-02-09 23:52:18|1|0|10159557579398904|facebook
ANDREAS A  ANDREAS another loon on the loose. Feel sorry for his mother. 9 months of pain and such a failure has been using our precious oxygen.|311189777718291|Chris Stanecki|2022-02-09 23:52:18|1|0|10159557579398904|facebook
You can, dumb-dumb.|10159560190073904|Matthew Bains|2022-02-09 23:52:18|1|0|10159557579398904|facebook
you are blessed that you have not been touched by this horrible death.|10159560993603904|Kim McNamara|2022-02-16 23:52:18|1|0|10159557579398904|facebook
You want to sue the government because they tried to protect you from a virus.  Good luck with that.|10159561132303904|Oliver Gross|2022-02-16 23:52:18|1|0|10159557579398904|facebook
what makes me a tool?|10159561254448904|Shannon Mould|2022-02-16 23:52:18|1|0|10159557579398904|facebook
alternative facts? So, who controls the facts? CTV, Global, CBC? You know the Canadian govt is funding those outlets? How do you expect to get any kind of truth from a mouthpiece of the head criminal? 600 million $ in bribe money is not going to yield any truth. It might yields some “facts” that aren’t true, but no truth.|10159561260253904|Shannon Mould|2022-02-16 23:52:18|1|0|10159557579398904|facebook
Nope a legal expert.|10159561838848904|Randall Wilson|2022-02-16 23:52:18|1|0|10159557579398904|facebook
I wish we could sue the government as well this zexi we or whatever her name is is NO HERO lol just a whiny selfish entitled crybaby|10159569607928904|Julie Skaragos|2022-02-16 23:52:18|1|0|10159557579398904|facebook
I guess old people who are tired of the lock downs don't count in your world... I am one of the malcontents who needed health care, but had to get in line... I am still waiting for the virus to go away and leave us alone... I got my shots, so that we could all have our lives back... as much as is possible... that I would be able to meet with friends at my favourite coffee shops, or search out the goods and services that bring me joy.. Thugs that are currently threatening everyone need to end their stupidity.|10159560137893904|Margaret Zebarth|2022-02-09 23:52:14|0|0|10159557579398904|facebook
Biggest ❄ award goes to. Nice to see people can have their charter of human rights violated but this whiner can sue over an inconvenience|10159559421463904|Amber Perkins|2022-02-09 23:52:14|0|0|10159557579398904|facebook
That is about 0.000001% of the population and obviously exceptions there are made.  Yes, I am for bad parents not doing right by their children having those kids removed to a safer place. You're not?  And yes, you don't understand vaccines and vaccinations all of those questions were answered again and again a year ago as the vaccines were rolled out.  The fact that you refuse to accept those answers again shows us exactly who and what you are.  Keep it up.|10159561212543904|Oliver Gross|2022-02-16 23:52:19|1|0|10159557579398904|facebook
lol your numbers are all lies and propaganda. Hey if you don't like living free No one is stopping you from moving to China or north korea.if you want to live under a boot go move there.|10159561242668904|Darrell Ingram|2022-02-16 23:52:19|1|0|10159557579398904|facebook
I am vaccinated. But this government to away my freedom to choose. Like many people who are vaccinated I did it because I needed to feed my family. But I will fight these mandates and government EVERY step of the way!|10159559629533904|Kelly Prosser|2022-02-09 23:52:22|1|0|10159557579398904|facebook
….oh Kelly. Don’t tell me to look up the history of pandemics. You think you understand but you don’t. Just like my cousin who overestimated his immunity and underestimated the virus. He spent 3 weeks on a ventilator in the ICU. He died 2 months ago before Christmas and his wife and 5 kids are in a state of unending reality.  It’s still a pandemic…as in pan…world wide. Almost 6 million have died and it’s not done yet. Vaccinated people are what’s getting you out. …not natural immunity. The funeral homes have never been busier. I’m not scared Kelly. I’m responsible. You do you. Your attempt to insult with the worn out sheep trope is textbook juvenile behaviour. Grow up. We’re done.|10159559686448904|Loretta Jeffers|2022-02-09 23:52:22|1|0|10159557579398904|facebook
She must be a Liberal pawn, hired to complain. Maybe she is the same person who ran in front of the CBC cameras with the swastika flag?|10159558809973904|Craig Hamilton Schindler|2022-02-09 23:52:26|1|0|10159557579398904|facebook
Mary, we’ve all been through the lockdowns. I’ve lost people during that time, and not had a chance to say goodbye. I know friends who’ve struggled to get treatment for cancer. But this isn’t the fault of the government. It’s covid causing this.  Just because you don’t personally know people who have died from covid doesn’t mean that people haven’t died, and it doesn’t mean this is a conspiracy. I know many people who have had covid. I know people whose eyesight was affected by covid. I know people who are suffering from long covid. I know someone who is waiting for the pandemic to be over, so he can get surgery to fix his diaphragm, which was damaged by covid.  And I respectfully ask you, in the name of our Lord and saviour, not to invoke the name of God in your post. God taught us, through the actions of his Son, to do better by each other. These truckers are NOT following the example set by Christ.|10159561382508904|Janice Andrews|2022-02-16 23:52:24|1|0|10159557579398904|facebook
yep.|10159558811618904|Unacceptable Sherri Aube|2022-02-09 23:52:25|1|0|10159557579398904|facebook
you're so blind to the real world around you. Sad really.|10159558860768904|Unacceptable Sherri Aube|2022-02-09 23:52:25|1|0|10159557579398904|facebook
no insult. Just telling her it seems she needs to broaden her horizons and educate herself more. Real life isnt rainbows and unicorns, its hardship and having to stand for principle sometimes, for the greater good. Im prepared to sacrifice luxuries for freedom.|10159558883483904|Unacceptable Sherri Aube|2022-02-09 23:52:25|1|0|10159557579398904|facebook
no, those are called FREEDOMS.|10159558913328904|Unacceptable Sherri Aube|2022-02-09 23:52:25|1|0|10159557579398904|facebook
society is so weak and pathetic now that standing up for yourself and your natural rights makes you a bad person. Whatever. You guys enjoy life on your knees, we will stand. And we even stand for you. 🇨🇦|10159558939313904|Unacceptable Sherri Aube|2022-02-09 23:52:25|1|0|10159557579398904|facebook
we are far more in number than you think. But believe what you want. Its your choice. Whatever helps you sleep at night. ✌️🇨🇦❤|10159558944038904|Unacceptable Sherri Aube|2022-02-09 23:52:25|1|0|10159557579398904|facebook
"I know that making health decisions for yourself is scary. The government gives ZERO f**ks about you. Seriously. You are a number. Your health is NOT government's responsibility, its yours. I wouldn't trust them to watch my dogs for a day. Anyone who profits off the sick are not to be trusted touting a ""cure"". The smart ones realize this."|10159558952808904|Unacceptable Sherri Aube|2022-02-09 23:52:25|1|0|10159557579398904|facebook
Here is some food for thought. Go on Google and type Canada and the Chinese Social Credit System (CSCS). Its on the government of Canada website, they endorse it and plan to implement it! If thats not a red flag I dont know what is!!|10159559510293904|Erik Es|2022-02-09 23:52:25|1|0|10159557579398904|facebook
Sherri Aube the irony you present is laughable at best...|10159561102648904|Matt Bedard|2022-02-16 23:52:25|1|0|10159557579398904|facebook
😘|10159561106533904|Unacceptable Sherri Aube|2022-02-16 23:52:25|1|0|10159557579398904|facebook
says the tool|10159561536798904|Matt Bedard|2022-02-16 23:52:25|1|0|10159557579398904|facebook
Sherri Aube|10159561539263904|Trevor Hartless|2022-02-16 23:52:25|1|0|10159557579398904|facebook
tinfoil hat a little tight? Do you make sure there are no 'commies' hiding under the bed ?|10159558606288904|Andreas Paulisch|2022-02-09 23:52:26|1|0|10159557579398904|facebook
Ya and you can bet they will only then be on their best behavior. Keep defending the criminals 😂|10159558683878904|Doug Terry|2022-02-09 23:52:26|1|0|10159557579398904|facebook
, I live in Ottawa , been down to the VERY PEACEFUL protest twice. Im going to get some of those pancakes with hopefully maple syrup|10159558685353904|John Lawrence|2022-02-09 23:52:26|1|0|10159557579398904|facebook
Meet the Whiner of the Century who somehow gets headline news 🙄|10159558770318904|Unacceptable Sherri Aube|2022-02-09 23:52:14|0|0|10159557579398904|facebook
\|10159559591443904|Ewa Scheer|2022-02-09 23:52:18|1|0|10159557579398904|facebook
You seem to be missing the point. Canadian voters elected Trudeau and Canadian voters will remove him from office if they so desire. That is how our democracy works. Anything else is just noise.|10159559722973904|Rian Jones|2022-02-09 23:52:22|1|0|10159557579398904|facebook
lies!|10159559381698904|Mary Fleming Faulkner|2022-02-09 23:52:24|1|0|10159557579398904|facebook
…. Steve you have a misconception about me infringing on your rights. You don’t have a right to ignore public safety during a period of high infectiousness. I’m doing everything I am asked to protect me, my family, friends, coworkers and the public at large….. including you if you’re around my space. Because the majority of Canadians have done what was recommended…the virus is waning and health restrictions are gradually being lifted. Again…it’s health experts…not politicians, truckers and junk science who we are listening to. It’s been an interesting exchange. At the end of this hopefully we are both still alive. All the best.|10159559726353904|Loretta Jeffers|2022-02-09 23:52:22|1|0|10159557579398904|facebook
so your saying John Chrétien and Paul Martin are neo conservative??? ?|10159559752058904|Steve MacDearmid|2022-02-09 23:52:22|1|0|10159557579398904|facebook
you do really need to check up on your history|10159559752948904|Steve MacDearmid|2022-02-09 23:52:22|1|0|10159557579398904|facebook
…I really don’t care whether you buy a thing I’m saying. You mistakingly think I value that opinion. See how you’ve been sucked into the conspiracy tube saying Covid numbers are exaggerated and media is propaganda.  Think about it Kelly. Why a government would exaggerate numbers. They’ve lost billions in sales and income tax revenue, they’ve provided billions in wage bridging for workers affected and wage and rent subsidies for business and industry. Hospitals are overwhelmed. Nurses and doctors are exhausted. More people have died in the last few months than previously in the pandemic. Surgeries, medical diagnostics and treatments have been sidelined because Covid patients are monopolizing hospital beds. Maybe you can’t imagine how much worse it could have been without vaccines. At one point they actually had to close 75% of children’s hospital in Alberta. This democratically elected government won’t collapse. There is trained military…both in Canada and the United States. Hopefully it doesn’t come to that because people will get hurt. If you don’t get it now….you never will.|10159559762918904|Loretta Jeffers|2022-02-09 23:52:22|1|0|10159557579398904|facebook
Maybe you should listen to one of the folks who actually wrote it? He doesn't agree with you.|10159560627593904|Debbie Ross-Fisher|2022-02-09 23:52:22|1|0|10159557579398904|facebook
is just s Government troll so quit wasting your time arguing. Look at the profile. Large amounts of them popping up full of pro government, pro COVID propaganda.|10159560795738904|Nelson Wilson|2022-02-09 23:52:22|1|0|10159557579398904|facebook
Don is one of those people who likes mandates and loss of freedom. I find it quite unnerving|10159561030573904|Steve MacDearmid|2022-02-16 23:52:22|1|0|10159557579398904|facebook
…if people want to test it in court…fly at it. If it’s open to interpretation… it needs to be made perfectly clear. Perhaps it’s time for some amendments so public health measures are even clearer. Freedom is not absolute.|10159561343233904|Loretta Jeffers|2022-02-16 23:52:22|1|0|10159557579398904|facebook
your definition of Hero is so low, this entitled excuse to speak for Ottawa residents is pretty sad!|10159569618528904|Star Forge|2022-02-16 23:52:22|1|0|10159557579398904|facebook
?For which they are well paid... but oh. you don\thave to worry much longer... Homeland security now has you on file.. and I'm not sure who would insure you or bond you... so you don't need to cross any borders...|10159562073558904|Margaret Zebarth|2022-02-16 23:52:23|1|0|10159557579398904|facebook
Shiny side out, Mary. It works even better if you fill the seams with aluminum from the vaccine!|10159558134798904|Jerry Chong|2022-02-09 23:52:24|1|0|10159557579398904|facebook
you can't help her kind. She has a crush on Ezra.|10159558289283904|Amie Genevieve Guerin|2022-02-09 23:52:24|1|0|10159557579398904|facebook
it's funny how absolutely none of you cared about suicide statistics before mandated lock downs, but suddenly it's your main concern and talking points.|10159558337823904|Cody Kenneth James Winstone|2022-02-09 23:52:24|1|0|10159557579398904|facebook
The only reset you will experience is when the western ultra conservatives showing up to the party.. If you think Trudeau us nuts (I really don't like him either), just watch the clown show when they arrive..|10159558699203904|Andreas Paulisch|2022-02-09 23:52:24|1|0|10159557579398904|facebook
only conspiracy theory is what liberals used to brainwash their voters with.|10159558835933904|Mary Fleming Faulkner|2022-02-09 23:52:24|1|0|10159557579398904|facebook
Zexi Li is a deep fake that's only ever been seen on the news|10159579286858904|Rizon FE|2022-02-23 00:00:00|0|0|10159557579398904|facebook
