﻿comment|comment_ids|username|datetime|isreply|num_replies|post_id|label
These aren’t truckers. These rigs need to be pulling loads 24/7 to pay for their operational costs.  These were US-based white supremacists who happened to drive trucks.  The upcoming three years of investigations will reveal they were foreign insurgents.|10159552386168904|Derek van Dassen|2022-02-09 21:12:38|0|8|10159552360323904|facebook
Actually refusing to discuss policy alternatives with constituents, is right wing. The people are exercising their liberal right to dissent, that’s what gives our society plurality and differentiates us from totalitarian China, the host of the Olympics. The representative modality of trustees, is right wing, the representative modality of delegates is pluralism, true populist and liberal-democra tic.|10159552394988904|Peter Ioannidis|2022-02-09 21:12:38|0|4|10159552360323904|facebook
Wish they wouldn't give them the honour of calling them truckers. Actual PROFESSIONAL CANADIAN TRUCKERS are all out on the road, doing something about the way things are. This clown show 10% in Ottawa, are just PARKERS.|10159552457553904|Pete Bjerkelund|2022-02-09 21:12:38|0|3|10159552360323904|facebook
OMG Panzer columns have broken through the border, SS stormtroopers are in command of the truckers. Every thing I don't agree with it literally white supremist. What a bunch of Drama queens the Globe is now. The media has pulled this card so much no one believes them now|10159552397833904|David Macleod|2022-02-09 21:12:38|0|2|10159552360323904|facebook
you're talking to a liberal dude they don't leave the house|10159552471078904|Shane Jones|2022-02-09 21:12:44|1|2|10159552360323904|facebook
don't forget the some of the founders have ties with white supremacy groups as well|10159552443003904|Greg Parke|2022-02-09 21:12:46|1|2|10159552360323904|facebook
fool|10159552624158904|Anastacia Bee|2022-02-09 21:12:40|1|2|10159552360323904|facebook
Why is everyone labelled as a wing. So stupid. People are upset with heavy handed government that is doing more harm than good. People|10159552471748904|Rick Fulford|2022-02-09 21:12:38|0|2|10159552360323904|facebook
Because the left decided that labeling people was the best way so they came up with nonsense like alt right, far right and when that didn't catch on they dropped everything but the right wing part. Yes, there's a right wing and left wing ideology, but the libs took it to a whole new level.|10159553536993904|Sandy Marr|2022-02-09 21:12:43|1|2|10159552360323904|facebook
meaning what exactly? You do the same thing and associate with people of your beliefs|10159553512128904|Oleg Kolenberg|2022-02-09 21:12:43|1|1|10159552360323904|facebook
well anyway, it pains me to say it but Canada is a white country at the end of the day and I wasn’t born here anyway so I have no say either way.|10159552450133904|Robson Ferreira|2022-02-09 21:12:46|1|1|10159552360323904|facebook
are any of these truckers from Justin Trudeau’s riding?|10159552615393904|Logan Creed|2022-02-09 21:12:42|1|1|10159552360323904|facebook
it's was never a people's protest, from the beginning it was organized by right wing western separatist groups / white supremist|10159552438913904|Mark Barnes|2022-02-09 21:12:46|1|1|10159552360323904|facebook
since people involved where asked what kind of protest this is|10159552416738904|Robson Ferreira|2022-02-09 21:12:46|1|1|10159552360323904|facebook
cause ... Birds of a feather flock together ....|10159553157023904|Joanne Johnson-Meyers|2022-02-09 21:12:43|1|1|10159552360323904|facebook
Really, seems everyone is out and about where I live. Everyone is working, going to restaurants, out shopping. Nobody is staying at home here.|10159553068433904|Debra Yundt|2022-02-09 21:12:44|1|1|10159552360323904|facebook
since when|10159552414683904|Mark Barnes|2022-02-09 21:12:46|1|1|10159552360323904|facebook
Funny because when you read the mission statements from these groups they aren't racist at all|10159552473023904|Shane Jones|2022-02-09 21:12:46|1|1|10159552360323904|facebook
What a load of pants, it's diverse protest as Canada is as a country, get over it already.|10159552410648904|Robert Hume|2022-02-09 21:12:38|0|1|10159552360323904|facebook
|10159552427208904|Raj Sra|2022-02-09 21:12:44|1|1|10159552360323904|facebook
go down and see for yourself|10159552435548904|Robert Hume|2022-02-09 21:12:44|1|1|10159552360323904|facebook
lol even before covid we were dealing with whiney mentally ill buttholes nice try though|10159553415478904|Shane Jones|2022-02-09 21:12:44|1|1|10159552360323904|facebook
Why is always right wing? Hard working people who like freedom are always painted with this denigrating brush.|10159553076298904|Jake Christensen|2022-02-09 21:12:38|0|1|10159552360323904|facebook
Yeah, those darn white supremacists. It seems like we can't swing a dead cat by the tail without hitting one in Ottawa these days.|10159552395833904|Sandy Marr|2022-02-09 21:12:45|1|1|10159552360323904|facebook
I thought this was a people’s protest, not a right wing one.|10159552403313904|Robson Ferreira|2022-02-09 21:12:38|0|1|10159552360323904|facebook
oh yeah I meant to say that|10159552444663904|Mark Barnes|2022-02-09 21:12:46|1|1|10159552360323904|facebook
What's do funny Debrah Yundt? Please explain? Your response to me is very juvenile, selfish and uncaring|10159552569233904|Anastacia Bee|2022-02-09 21:12:40|1|1|10159552360323904|facebook
I’m not that “right-wing” , but I agree with the protesters that it’s time to dial back the mandates.|10159552779723904|John Shaw|2022-02-09 21:12:38|0|1|10159552360323904|facebook
Putin funding these neo nazis as nato pressures Putin over Ukraine and Balkan states.|10159552398838904|Eugene Osudar|2022-02-09 21:12:38|0|1|10159552360323904|facebook
"Any perspective that departs from the media's narrative they call ""right-wing"". That narrative is now very visibly falling apart... Finally! And therein lies the threat to government funded media like the Globe and Mail. Restore integrity to journalism. Defund the media."|10159552512068904|Jeff Durham|2022-02-09 21:12:38|0|1|10159552360323904|facebook
, right wing and racist.|10159553654998904|John Shaw|2022-02-09 21:12:47|1|1|10159552360323904|facebook
"yes you are. Basically, everyone who does not support official propaganda is ""right wing"". 🤣🤣🤣"|10159553653428904|John Skippy|2022-02-09 21:12:47|1|1|10159552360323904|facebook
he lost everything? If only there was something he could do…|10159552614438904|Logan Creed|2022-02-09 21:12:40|1|1|10159552360323904|facebook
maybe that’s the point you plonker. They’re out of work due to the vaccine mandate. Try to keep up.|10159552414778904|Hannah Woods|2022-02-09 21:12:45|1|1|10159552360323904|facebook
Just beware of Tiananmen Square.|10159552961683904|William Michael Brienza|2022-02-09 21:12:38|0|1|10159552360323904|facebook
The fight for freedom inspires the extreme left globally. The extreme left need to control, spread fear, cencertise, divide, and spread their hate towards those who have a difference of opinion.|10159553583468904|Fitzroy Antdantilus|2022-02-09 21:12:38|0|1|10159552360323904|facebook
yeah and the Masons and KKK aren't racist either.|10159552485368904|Mark Barnes|2022-02-09 21:12:46|1|1|10159552360323904|facebook
And what is wrong with “right-wing activism”? It is an absolute right. Nobody promotes looting, burning and race riots. Nobody is advocating looting someone else’s property. If you don’t like it, you’re welcome to debate them. No physical harm will come to you|10159553510478904|Oleg Kolenberg|2022-02-09 21:12:38|0|1|10159552360323904|facebook
ok boomer 👌|10159552582753904|Shane Jones|2022-02-09 21:12:46|1|1|10159552360323904|facebook
hide in your basement|10159554409563904|Steve Cobblehoff|2022-02-09 21:12:46|1|0|10159552360323904|facebook
and ‘anti vaxxers’ are the conspiracy theorists 😂😂 get a load of this guy|10159552883863904|Isabel Sander|2022-02-09 21:12:45|1|0|10159552360323904|facebook
if they end up forcing the government to end the repressive vaccine mandates then regardless of who they are, I applaud them.|10159552517613904|Daniel Tate|2022-02-09 21:12:45|1|0|10159552360323904|facebook
How far right wing do you have to be to believe most newspapers are left wing. Do you not know who owns the majority of the media?|10159552584658904|Alyson Macdonald|2022-02-09 21:12:45|1|0|10159552360323904|facebook
|10159552867558904|John A Metcalf|2022-02-09 21:12:48|1|0|10159552360323904|facebook
Derek you forgot something|10159552866608904|John A Metcalf|2022-02-09 21:12:45|1|0|10159552360323904|facebook
https:// twitter.com/ jbradshaw01/ status/ 1488521020004777 987?s=21|10159553241068904|Donna Marie|2022-02-09 21:12:45|1|0|10159552360323904|facebook
I'm not an antivaxxer but these clowns keep insisting I am just because I don't want the stupid passports. From now on, I'll be getting all my shots from a guy in the Walmart parking lot I suppose. 😉|10159554394393904|Paul Bell|2022-02-09 21:12:47|1|0|10159552360323904|facebook
So it’s “right wing” to believe in Section 7 of the charter now?|10159552409693904|Michael Quinn|2022-02-09 21:12:38|0|0|10159552360323904|facebook
and when those three years (why three?) of investigation (if any) will not reveal any insurgency, will you eat your hat?|10159553651368904|John Skippy|2022-02-09 21:12:45|1|0|10159552360323904|facebook
lol what's it got to do with being a boomer?|10159552989658904|Mark Barnes|2022-02-09 21:12:46|1|0|10159552360323904|facebook
nobody is this senile are you real?|10159552471578904|Shane Jones|2022-02-09 21:12:45|1|0|10159552360323904|facebook
not true. You know that.|10159554396433904|Steve Cobblehoff|2022-02-09 21:12:45|1|0|10159552360323904|facebook
They are not trucker they are domestic terrorists and insurgents.|10159553253178904|Karen Ripley Congdon|2022-02-09 21:12:38|0|0|10159552360323904|facebook
Canada is a multi cultural country and therre is no room for white supremist|10159552483983904|Mark Barnes|2022-02-09 21:12:46|1|0|10159552360323904|facebook
"Just another ""fringe movement"" unacceptable movement that most do not support."|10159555003778904|Lyn Squires|2022-02-09 21:12:38|0|0|10159552360323904|facebook
I herd Joachim Piper is spearheading a panzer Colum coming our way.|10159552417593904|David Macleod|2022-02-09 21:12:45|1|0|10159552360323904|facebook
This is what a $600 million pay off buys.|10159552472483904|Brian J Anderson|2022-02-09 21:12:42|1|0|10159552360323904|facebook
Smh You can pick off the people who haven’t been paying attention … or have their heads into rebel, Tor. Sun, true North, post millennial garbage.|10159553245718904|Donna Marie|2022-02-09 21:12:38|0|0|10159552360323904|facebook
Stupidity is contagious|10159552462578904|John Godfreyson|2022-02-09 21:12:38|0|0|10159552360323904|facebook
you really are clueless with regards of RW politics. Pay attention. Learn about IDU and the major money from republicans into that gofundme. Smdh|10159553239318904|Donna Marie|2022-02-09 21:12:39|1|0|10159552360323904|facebook
Great news!❤️❤️❤️❤️Hug a Trucker!|10159552585693904|Doug Wilcox|2022-02-09 21:12:38|0|0|10159552360323904|facebook
Tell that to the trucker interviewed stating he has lost everything. Or the 400 000 people that cannot work. I'm sure glad your comfortable in your bubble mate. But 80 percent of the populus are hurting.|10159552466708904|Anastacia Bee|2022-02-09 21:12:40|1|0|10159552360323904|facebook
You name call and get nasty with people who disagree with you and you wonder why I laugh at what you have to say..|10159552875433904|Debra Yundt|2022-02-09 21:12:40|1|0|10159552360323904|facebook
you folks really love to over exaggerate claims. Nice projection Anastasia. You’re the one being juvenile, selfish and uncaring.|10159552899383904|Matty Mac|2022-02-09 21:12:40|1|0|10159552360323904|facebook
because .... Very few of them are .....|10159553157898904|Joanne Johnson-Meyers|2022-02-09 21:12:40|1|0|10159552360323904|facebook
Also interesting listening and hearing the jackasses blocking the ambassador bridge actually stating they know the long haul truckers are mad at them…|10159553237378904|Donna Marie|2022-02-09 21:12:40|1|0|10159552360323904|facebook
Right-wing activists. Such a dirty word.|10159552592103904|William Dowbush|2022-02-09 21:12:38|0|0|10159552360323904|facebook
quite the opposite. But nice fairytale!|10159554408663904|Steve Cobblehoff|2022-02-09 21:12:40|1|0|10159552360323904|facebook
oh for sure. As welcoming as going to ma and pa kettles summer cabin for the weekend I bet?|10159554400038904|Steve Cobblehoff|2022-02-09 21:12:41|1|0|10159552360323904|facebook
Too bad FB doesn’t have an idiot button|10159552466083904|John Godfreyson|2022-02-09 21:12:42|1|0|10159552360323904|facebook
|10159552426838904|Raj Sra|2022-02-09 21:12:42|1|0|10159552360323904|facebook
Lol. This coming from the guy that was posting pictures of Barbie dolls just 3 hours ago|10159552398053904|Jade Ethier|2022-02-09 21:12:45|1|0|10159552360323904|facebook
lolwut|10159552470163904|Shane Jones|2022-02-09 21:12:42|1|0|10159552360323904|facebook
unfortunately the left and their media servants are not interested in policy discussion. They are too busy manufacturing narratives that truckers are foreign-funded insurrectionist s.|10159552515953904|Daniel Tate|2022-02-09 21:12:42|1|0|10159552360323904|facebook
Jr’s riding is the entire country, hence the title PM.|10159553075868904|Peter Ioannidis|2022-02-09 21:12:42|1|0|10159552360323904|facebook
copycats, thats all you have globe n mail.|10159553026853904|Alan Skelhorne|2022-02-09 21:12:38|0|0|10159552360323904|facebook
This is terrible. What a disgrace.|10159553023178904|Maria Barnes|2022-02-09 21:12:38|0|0|10159552360323904|facebook
"yes .. Yes i do ... Not "" those people """|10159553577213904|Joanne Johnson-Meyers|2022-02-09 21:12:43|1|0|10159552360323904|facebook
I played left wing in hockey 👍|10159554000293904|Rick Fulford|2022-02-09 21:12:43|1|0|10159552360323904|facebook
le boo hoo|10159554393803904|Steve Cobblehoff|2022-02-09 21:12:43|1|0|10159552360323904|facebook
Yet they decisively did not align with a political group, try again!|10159552457483904|Shawna-Chad Ready|2022-02-09 21:12:38|0|0|10159552360323904|facebook
|10159553079688904|Raj Sra|2022-02-09 21:12:44|1|0|10159552360323904|facebook
Well you certainly would know all about those, one only has to look at your posts.|10159553461393904|Debra Yundt|2022-02-09 21:12:44|1|0|10159552360323904|facebook
This is not fighting for freedom. This is anarchy. Big difference.|10159554627808904|Emelle Mybell|2022-02-09 21:12:44|1|0|10159552360323904|facebook
They’ve paid for permits which renders them truckers, genius. Wooden shoes, wooden head, wouldn’t listen.|10159552396758904|Peter Ioannidis|2022-02-09 21:12:45|1|0|10159552360323904|facebook
It has shown the failure of our education system and objective critical thinking. Although the deep divide is actually the Conservative government itself divided, with a smidge of the far left. The far left and the far right tend to have more in common then they like to admit from a psychological perspective. The far right don't like authority telling them what to do(its why they don't like government up in their private business and the far left don't like government at all. Anarchists. So really we are dealing with dueling egos. This is why the anti vaxx cults tend to use emotional arguments based upon insecurities and misinformation rather then facts and figures. Its really about ones ego. I noticed not only is the antivaxxers have been repeatably shown to be wrong they debate about the right to be wrong under the guise of civil liberties even though its been demonstrated scientifically that by giving in to the anti vaxxers we may worsen the spread with even more mutant strains. Cutting of the nose to spite the face. Do we really want to go there? Pride before the fall? When will the government get back to science(based) based policies instead of all these silly egocentric arguments that have little to do with health measures for the safety of the general public. People before ideologies please.|10159553221438904|Andrew Merritt|2022-02-09 21:12:38|0|0|10159552360323904|facebook
