﻿comment|comment_ids|username|datetime|isreply|num_replies|post_id|label
I guess the Emergencies Act stays around for a while yet.  Go home and and effect change the democratic way..|10159576026898904|Judith Guy|2022-02-23 21:10:50|0|5|10159575984668904|facebook
Perhaps a new political force should have Quebexit as one of it's objectives. It should find significant support in Quebec and resolve the fiction of the great anglophone Canadian national pretense that Quebec is actually a part of Canada. The achievement of Quebexit would eliminate the power of the Quebec based federal and provincial politicians that have for generations manipulated Canadian politics to Quebec's great economic advantage and domination of the Federal civil service, alienated Ontario culturally from the rest of Canada and encouraged in Quebec the vilification of the West. Quebexit could only bring a better balance to East-West politics and strengthen Canada.|10159576066363904|Frank Kozmet|2022-02-23 21:10:50|0|5|10159575984668904|facebook
The Electoral areas are larger. And we could install an elected senate. One area might have more than one MP|10159577307298904|Blake Newton|2022-02-23 21:11:03|1|4|10159575984668904|facebook
"I am concerned by the level of fear that is being manipulated l had the not so pleasant experience of trying to explain to my conservative American cousin that we are not in the grips of a dictator,,whils t one of my right wing acquaintances blew up my page with propaganda and dubious news links. My cousin was struggling to understand why l wasn't ""terrified"" and pre Nazi Germany was mentioned. I stated three or four times that l supported the right to protest and direct action (including this demonstration in the early stages) Today l am reading things like: ""I am so afraid of what is going to happen next"" (with a string of comments about fighting to the death and never complying) another post accompanied by CTV coverage of the RCMP clearing the protest: ""Unfriend me now if you agree with this so l know EXACTLY who you are"" Apparently l am just like Trudeau because l deleted a thread on my page that exploded after l mentioned Restorative Justice for people in the protest charged with minor crimes. I am also like those who went along with Hitler and a sheep for vaccinating my kid. All very pleasant."|10159576703918904|Michelle Corbett|2022-02-23 21:10:50|0|3|10159575984668904|facebook
They were all there for those reasons… nobody was listening. They had their jobs, and livelihoods mandated away. This is just the beginning. It will grow.|10159576735958904|Ricky Mihalyk|2022-02-23 21:10:54|1|3|10159575984668904|facebook
"And I was referring to the way politics is done. Not Covid. Trudeau ran away from Electoral reform blaming it on "" extremist groups possibly getting seats."" It's a good indication of how delusional he is"|10159576196333904|Blake Newton|2022-02-23 21:10:58|1|3|10159575984668904|facebook
"your something 😀 I would probably have chosen ""gullible"" tho. Since I have more class than most people who let their life revolve around whether other people are getting away with having a difference of opinion 🙃"|10159577008213904|Jason Merritt|2022-02-23 21:10:51|1|3|10159575984668904|facebook
Stupidity isn't a political force.|10159576433863904|Ralph Ellis|2022-02-23 21:10:51|0|2|10159575984668904|facebook
He doesn't have a choice. That's how it's set up. IF he tries to push this as a permanent action, he won't like the results. I doubt that the opposition parties would back him then. Singh has no spine to speak of, but there would be a party wide revolt ( remember O Toole?). In any case, it won't matter by spring. There's a reason why popular uprisings take place in spring and summer. That's when the discontent will be highest. And the vaccine issue? It's going to blow away when when all the Covid mandates fall. And he won't have a choice. Not when European countries ( again) show us how to do it.|10159576050433904|Blake Newton|2022-02-23 21:10:58|1|2|10159575984668904|facebook
you really think that Trudeau will revoke the emergency in 30 days, wow you are so naive. This is permanent|10159576044633904|Richard Grenier|2022-02-23 21:10:58|1|2|10159575984668904|facebook
Right now conservatives don't know what conservatives want..five leaders in 6 1/2 years?? And no assurance the next one will please a significant portion of the party.|10159576040563904|Ron Pohl|2022-02-23 21:11:02|1|2|10159575984668904|facebook
, the majority of OECD countries use PR. So yes. It works. And a Hell of a lot better than FPTP does.|10159576112693904|Blake Newton|2022-02-23 21:11:02|1|2|10159575984668904|facebook
Again.... Proportional representation works. It's obvious that it does because all of Europe is ( primarily) dependent on it. In stark contrast, North America has decided to stick with an archaic idea of what a few ossified duopolies believe is best for us. Nothing like having 30% of the electorate ram through their agendas using fear as a primary motivator|10159577103713904|Blake Newton|2022-02-23 21:11:03|1|2|10159575984668904|facebook
there are some excellent docs on Netflix about the rise of the Reich. I don't think we have a valid comparison here. The Nazis were focused on creating a master state and race by first disenfranchisin g then later destroying an entire ethnic group. Others were on the hit list as well Roma, those declared to be mentally deficient, writers and thinkers who spoke out against what was happening. (Hint you want a healthy media with a variety of perspectives.) During times of crisis, things look different. Imagine if you had a ration book suddenly with all kinds of basic ingredients you couldn't access for however long, or if the letters from your lover were blacked out? Point is freedom isn't this static, etched in stone kind of thing, it is going to shift in extraordinary circumstances. We have been called to do some uncomfortable and very inconvenient things for the sake of the Greater Good, maybe some things will prove to have been an overreach looking back. I don't know. I am just as exhausted as everyone else but l am troubled by the fear l see and hope that it calms down. Fearful, distrustful people who have lost faith in everything are particularly and maybe even dangerously vulnerable. You know what makes me upset enough to March? The housing crisis. We are in a disaster where many, many people cannot afford to rent let alone even began to think about owning even a modest home. THAT keeps me up at night. Stagflation.|10159577569343904|Michelle Corbett|2022-02-23 21:10:51|1|2|10159575984668904|facebook
I can relate. So what's your point. Or better yet. A solution to the stalemate here? Wouldn't the obvious answer be to drop the mandates and let people have their freedom of choice again?|10159577608753904|Jason Merritt|2022-02-23 21:10:51|1|1|10159575984668904|facebook
What resolution? The overthrow of the government? Go back to Cousinlove Alberta and wait for the next election like everyone else.|10159576579783904|Ben Meggison|2022-02-23 21:10:50|0|1|10159575984668904|facebook
both the libs and cons (but especially the Cons) fear this system because the NDP that finishes close second or thirds in many ridings would gain a huge amount of representation. Proportional representation would correctly represent most Canadians wishes for a centre to centre left government.|10159576818388904|Kent Lavoie|2022-02-23 21:11:03|1|1|10159575984668904|facebook
The Battle of Wellington is over. CANADA 🇨🇦 WON ❤️.|10159576375328904|Gloria Dawe Bruce|2022-02-23 21:10:50|0|1|10159575984668904|facebook
l thought that a good idea would have been engagement on that precise issue, which would also highlight how crucial the work of trucking was during the pandemic, as well as how demanding and difficult it must have been to comply with public health orders the rest of us all really have no clue about, maybe walking the mandate back was an olive branch delivered specifically to the truckers, it would have been interesting to see what would have happened. As for those who wanted to overthrow the government, no responsibility to engage that whatsoever. I would have liked to have seen that before next steps, during the many days of protest, mounting pressures and understandable frustration from local residents. I do think the vast majority would have left, not sure about the others but at least it could be said that people were spoken with or listened to. It would have maybe separated the rational from the irrational, now it's kind of all mixed up. We are also seeing everything surging forward with the lessening of restrictions so, again, l think there was room for some talk there. But there has also been some really dark and shady activity where l think the trucker mandate was used to force ahead with a possible coup or some kind of accelerationist plot and these things may be still ongoing.|10159577715603904|Michelle Corbett|2022-02-23 21:10:51|1|1|10159575984668904|facebook
and that’s a GOOD thing isn’t it!|10159576401783904|Gloria Dawe Bruce|2022-02-23 21:10:56|1|1|10159575984668904|facebook
Kevin definitely a win. Exposed many flaws in the system, in the powers GRANTED TO the prime minister and showed what the media won't. Even just tieing a confidence vote to anything sways an elected officials decision to party over principle. Needs to change. HUGE win for Canada.|10159576462873904|Vin Scott|2022-02-23 21:10:56|1|1|10159575984668904|facebook
"I said absolutely nothing to suggest l am not concerned but then you've assumed l am on a ""side"" so l guess your mind is made up. I am struggling to keep mine open. But l won't give up."|10159577539468904|Michelle Corbett|2022-02-23 21:10:51|1|1|10159575984668904|facebook
PR assures that Bernier gets around 18 seats right now. Is that really a world you want to live in?|10159576069783904|Jason Godin|2022-02-23 21:11:02|1|1|10159575984668904|facebook
I don't care who is in favour. It's how most democracies actually work. Canada hasn't and neither has the US. By the way it's the only way that the Conservatives will see any power in the future so they better understand. It's not like there's no history of them working with other parties ( albeit reluctantly). Harper had to work with Jack Layton so that MIGHT work. In any case, what we have now clearly doesn't|10159576037738904|Blake Newton|2022-02-23 21:11:02|1|1|10159575984668904|facebook
, thirty days. Then it's over. I enjoyed protesting in front of Christy Clark's office. Did the same in front of MCFD offices ( like your CPS). Would I do it again? in a heartbeat.|10159576039628904|Blake Newton|2022-02-23 21:10:58|1|1|10159575984668904|facebook
you clearly slept through history class if what Trudeau just did doesn't concern you. 25 point program, Google it.|10159577483063904|Chase Gaudenzi|2022-02-23 21:10:51|1|1|10159575984668904|facebook
Mandates are lifting. They can go home..or was this just an Anti Trudeau protest all along?..|10159576561048904|Alex Subotich|2022-02-23 21:10:51|0|1|10159575984668904|facebook
, we need Proportional Representation.|10159576029453904|Blake Newton|2022-02-23 21:11:02|1|1|10159575984668904|facebook
Excellent idea!! A new political party!! Subdivide the conservatives even more! Go for it!!|10159576022153904|Ron Pohl|2022-02-23 21:10:51|0|1|10159575984668904|facebook
Maybe start with proper hygiene. From there, knuckle down and work on their elementary school diplomas …|10159576473283904|Pearce Bannon|2022-02-23 21:10:51|0|1|10159575984668904|facebook
nazi flags, confederate flags, literal white supremacist groups at the protests… yeah, no idea how people assumed racist attendance at the blockades. But that’s okay, I’m either a commie, a sheep or just an idiot for disagreeing with you right?|10159577005403904|Karim Bouslama|2022-02-23 21:10:51|1|1|10159575984668904|facebook
There's ALL KINDS of Canadian routes Peter. There's lots of drivers on them with FAST Cards who'd be thrilled to take the more lucrative cross-border & international routes.|10159576689383904|Bill Ferguson|2022-02-23 21:11:00|1|1|10159575984668904|facebook
"That's exactly what most ""vaccine hesitant"" drivers did Peter. Only a tiny handful took no action or Personal Responsibility for 5 months, then when the deadline came, they whined and DEMANDED special treatment."|10159576631098904|Bill Ferguson|2022-02-23 21:11:00|1|1|10159575984668904|facebook
we could say the same about your side slinging terms like racist,bigots, swastika wavers etc. Coincidentally. All of those derogatory terms were labeled to the protestors before they even arrived in Ottawa to be heard by your illustrious leader ;) look in the mirror b4 defending this govt.|10159576911618904|Jason Merritt|2022-02-23 21:10:51|1|1|10159575984668904|facebook
, PR forces everyone to work together. Look at Germany now. The same right of centre party has to work with others. Again it's not like that's something that hasn't happened even here. Harper was forced to align with Layton. It comes down to willingness to compromise. If a party is then in the long run they will be a player. If not they will be on the outside looking in. Germanys AfD has seats but it's not a player in the Reichstag|10159576938013904|Blake Newton|2022-02-23 21:11:03|1|1|10159575984668904|facebook
a battle with no shots fired. 🤡🥴🙄|10159576387308904|Kevin Snow|2022-02-23 21:10:56|1|1|10159575984668904|facebook
I agree with the housing crisis. You know how many house we could have built if Trudeau just had some dialogue with the truckers, instead of disenfranchisin g them and their supporters.|10159577601848904|Chase Gaudenzi|2022-02-23 21:10:51|1|1|10159575984668904|facebook
fair enough. But Germans kept an open mind to Hitler, and look what happened. Just saying|10159577542658904|Chase Gaudenzi|2022-02-23 21:10:51|1|1|10159575984668904|facebook
they might as well. Keep the right wing wackos as fragmented as possible id say.|10159577002278904|Karim Bouslama|2022-02-23 21:10:52|1|1|10159575984668904|facebook
, I'm good with that.|10159577004833904|Colin Spencely|2022-02-23 21:10:52|1|1|10159575984668904|facebook
Joe, that's not true. The percentage of people who voted that way finally get their democratic rights validated|10159577938428904|Blake Newton|2022-02-23 21:11:03|1|1|10159575984668904|facebook
There already is a party representing their views - the Peoples party of Canada , and the Conservative party|10159576106833904|Maxine Newbold|2022-02-23 21:10:50|0|1|10159575984668904|facebook
What's not true?  I'm not arguing the percentages. What I'm arguing is the PR MP in a multi-member riding is arbitrarily assigned and not necessarily reflective of votes received in that riding. So in a particular riding, the democratic rights are not necessarily reflected at all. On a national basis, yes. But in a particular riding, not necessarily (and likely not).|10159578889658904|Joe Brehm|2022-02-23 21:11:03|1|1|10159575984668904|facebook
This happened a hundred years ago. But back then it was; communists, socialists, traitors and foreign agitators. It was these people that the government, media, and general population despised, who went on to create the largest labour movement in Canadian history, and gave birth to the NDP.|10159576726633904|Ricky Mihalyk|2022-02-23 21:10:50|0|1|10159575984668904|facebook
... yep, their crackpot views are already represented. Do they feel that they need a more wacky version of the PPC?|10159576259193904|Colin Spencely|2022-02-23 21:10:52|1|1|10159575984668904|facebook
Ron. PR elects a number of representatives based on vote totals. Ie if 31% vote Liberal that's how many of the total representation they get. If 32% vote Conservative then that's their vote share. Beyond that the other parties have their representation. That's how PR works. And right now is there a difference in political fragmentation? No. And in fact it's far worse. The Conservatives and the NDP got screwed over by what we have. As well political divisions have fragmented the country. Separatist sentiment will blossom as long as there's a culture of ignoring cultural and regional differences. That goes both ways.|10159577285193904|Blake Newton|2022-02-23 21:11:03|1|1|10159575984668904|facebook
If PR had been enacted it wouldn't have been Trudeau as the government in charge. It's likely that O Toole would have been given that the vote counts were the same- which I doubt. In fact both the Liberals and the Conservatives would have less support|10159577281358904|Blake Newton|2022-02-23 21:11:03|1|1|10159575984668904|facebook
you had your chance to be reasonable about our discussion. But I see you cannot do so without an essay of excusing all actions of your side while embellishing on any and all negativity you can drum up one more time about the protest. Whether it's true or outright mainstream media lies that your repeating. You can't expect anyone to bother if you can't let it go. 😉|10159577741723904|Jason Merritt|2022-02-23 21:10:51|1|1|10159575984668904|facebook
They all need an education in Canadian civics|10159576804978904|Sharon Taylor|2022-02-23 21:10:51|0|0|10159575984668904|facebook
there are only so many Canadian routes , but that is another issue .|10159576674443904|Peter Mesi|2022-02-23 21:11:00|1|0|10159575984668904|facebook
", that's a reason why I included the concept of an elected Senate. That gives the individual regions a bit more say. It also brings in a way to balance out the power being given. Right now, the problem is that the PM (our ""executive""), is in complete control of the party ( which also includes the various MP's with that affiliation). And he appoints the Senators. The idea that democracy is a finished concept is to my mind, inaccurate. It's why many of my core beliefs run counter to most ( if not all) political parties. There has to be a willingness to talk. Right now, the dialogue is at an all time low. That's a fact"|10159578939593904|Blake Newton|2022-02-23 21:11:03|1|0|10159575984668904|facebook
You could teach keyboard skills|10159576556478904|Bryce Mugford|2022-02-23 21:11:01|1|0|10159575984668904|facebook
truckers are babies and lonely they wanted attention and a party 🎈 boohoo|10159576800233904|Lorraine Vezeau|2022-02-23 21:11:00|1|0|10159575984668904|facebook
Don'tvote for Liberals or NDP, very simple people.|10159578174888904|Marinella Gonzalez|2022-02-23 21:10:51|0|0|10159575984668904|facebook
take on Canada only routes .|10159576022548904|Peter Mesi|2022-02-23 21:10:51|0|0|10159575984668904|facebook
No uncertainty, you're just not in the loop. ;)|10159576458058904|Vin Scott|2022-02-23 21:10:51|0|0|10159575984668904|facebook
The World Series, batter up – Lost leader, Pitcher—Billion aire, Catcher-Lawyer, LF – Reds, RF--Blues, CF – orange, baseman- Civil liberties, short stop – The Supreme Court, Ump-The World Court, Batter, Batter, Batter, Batter, Swing.|10159576007248904|Susan Cole|2022-02-23 21:10:51|0|0|10159575984668904|facebook
Maybe Ontario should separate from the rest of the country and join New York.|10159576808293904|Sharon Taylor|2022-02-23 21:10:51|0|0|10159575984668904|facebook
No hon, it's the insurrectionist con party now that is complicit. Time to put the conservative party on a terrorist watch list #LOCKTHEMUP|10159576648488904|Bonnie Cull|2022-02-23 21:11:00|1|0|10159575984668904|facebook
Just Join the PPC. That’s were all the nut jobs are.|10159576513928904|Chris Pompeo|2022-02-23 21:10:51|0|0|10159575984668904|facebook
Do you want to be like Europe?  And do you consider it coincidence that you can almost measure the degree of liberty and opportunity among European countries by the degree to which they use FPTP?|10159577262133904|Joe Brehm|2022-02-23 21:11:03|1|0|10159575984668904|facebook
we all know how PR works. We are just trying to explain that whether it's first past the post or proportional representation it is still majority rule whether that happens with a minority government (like minded parties working together), majority government or PR where like minded parties are the majority and work together to govern. That is democracy.|10159577935163904|Kent Lavoie|2022-02-23 21:11:03|1|0|10159575984668904|facebook
...but endless whining from the right when the. NDP supports the government... the NDP and liberals both centre-left parties... that together do have a real majority of seats AND voters. If cons have an issue with this, they're REALLY not going to like proportional representation|10159577151293904|Ron Pohl|2022-02-23 21:11:03|1|0|10159575984668904|facebook
Well, if they're as-bad at politicking as they were at activism, it'll be funny to watch!|10159576529668904|Bill Ferguson|2022-02-23 21:10:51|0|0|10159575984668904|facebook
I'd be in favour... but it wouldn't work like most conservatives think it would|10159576031583904|Ron Pohl|2022-02-23 21:11:02|1|0|10159575984668904|facebook
With the 1st MP designated via FPTP and the 2nd arbitrarily assigned to fill PR slots and nothing to do with that electoral district voter's wishes.|10159577320958904|Joe Brehm|2022-02-23 21:11:03|1|0|10159575984668904|facebook
Half price car flags anyone|10159577375368904|Manny O'Sullivan|2022-02-23 21:10:51|0|0|10159575984668904|facebook
conservatives know that we need to weed the liberals out of the Conservative party, we know we need to weed all politicians that are graduates of the Klaus Straubs school of the WEF. Pronto!!|10159576107538904|Carol Gammel|2022-02-23 21:11:02|1|0|10159575984668904|facebook
The conservatives might have been provided the first opportunity to form a coalition but they would've needed the ndp, which would not have happened.  The liberals and ndp would've formed a coalition precisely as the ndp and greens did here in BC. There can be absolutely no question about that.  Precisely the same would've happened both in 2019 and 2015.  I disagree entirely Trudeau would not have been in charge.  In any event and regardless of the final vote tallies, we would've ended up with far more eastern MPs.|10159577312888904|Joe Brehm|2022-02-23 21:11:03|1|0|10159575984668904|facebook
liberals already divided and called them NDP|10159576172883904|Jim Riberdy|2022-02-23 21:11:02|1|0|10159575984668904|facebook
your notion simply won't fly. Notice, in three consecutive elections, not one syllable on the CPC platforms about revising the electoral process. Not a single word.|10159577310518904|Ron Pohl|2022-02-23 21:11:03|1|0|10159575984668904|facebook
And how are 'regional differences ' addressed by votes in one area electing MP's in another?|10159577302288904|Ron Pohl|2022-02-23 21:11:03|1|0|10159575984668904|facebook
Actually no. The party most against proportional representation would be the Cons. The NDP would greatly increase their representation and would be the biggest winners by far in this system. Most Canadians are centre or centre left and in proportional representation this would show much much much more than now.|10159576809008904|Kent Lavoie|2022-02-23 21:11:02|1|0|10159575984668904|facebook
Wrong. PR works regionally, heavy CPC votes in Alberta doesn't elect conservatives in PEI|10159577283713904|Ron Pohl|2022-02-23 21:11:03|1|0|10159575984668904|facebook
In the present system they can work together as well. In a minority government, the NDP supporting some Liberal policies at the present but also proposing some of their own ideas. This is exactly how proportional representation would work. You still will have like minded parties that will form alliances to govern. In other circumstances, the Libs might work with the Cons again exactly how a minority government works. The biggest difference would be a huge increase in representation of the NDP and even the green party I do feel it's a moot point because neither the Libs nor Cons (especially the Cons) want this as it will result in a potential loss of power. The Libs did propose a preferential ballot which would have greatly helped them because the Libs were the second choice for NDP and Con supporters. The big loser was the Cons because they were not the second choice for any party. There is no way around the fact that most people are centre to centre left.|10159577076768904|Kent Lavoie|2022-02-23 21:11:03|1|0|10159575984668904|facebook
Crowbar hotel. Tick tock. 🚔🚔🚔👍|10159576058653904|Todd Keough|2022-02-23 21:10:51|0|0|10159575984668904|facebook
Yeah they aren’t sure if they’ll wait till March 15 In Embrun or go where they came from. There home is there truck so anywhere goes. They have direct deposit for their CERB|10159576688378904|Lorraine Vezeau|2022-02-23 21:10:51|0|0|10159575984668904|facebook
... https:// www.webmd.com/ lung/news/ 20220217/ covid-rates-jump -denmark-no-res trictions|10159576189433904|Darline Spragg|2022-02-23 21:10:58|1|0|10159575984668904|facebook
Trudeau seems to be doing alright for himself|10159577504663904|Matthew Smart|2022-02-23 21:10:59|1|0|10159575984668904|facebook
Nice thought, but unfortunately there's the PPC and the new Con party|10159577297333904|Gayle Lavigne|2022-02-23 21:10:59|1|0|10159575984668904|facebook
Can we sue Alberta for sedition now?|10159576650618904|Bonnie Cull|2022-02-23 21:10:55|1|0|10159575984668904|facebook
"""Nothing is more permanent than a temporary solution."" old russian proverb"|10159576524723904|Tina Knott|2022-02-23 21:10:50|0|0|10159575984668904|facebook
"Time the ""silent majority"" makes their voices heard! Make our country PROUD ! Display our flag on our homes! Don't let loud mouths take over what our dad, brother, sons, moms and daughters have fought for. ALL politicians need to take a deep breath and reconsider how and why these protesters have so much power."|10159576646948904|Bonna Haldenby|2022-02-23 21:10:50|0|0|10159575984668904|facebook
We already got 3 or 4 parties doing that. You're late to the party.|10159577156013904|Moe Seke|2022-02-23 21:10:55|1|0|10159575984668904|facebook
Excellent gasslighting sir.|10159576572483904|Jeff Pozin|2022-02-23 21:10:55|1|0|10159575984668904|facebook
"Interesting. But if Quebec is already benefitting above their weight, then why would they look to separate and lose that? Personally, I'm pretty certain the days of ""real potential"" Quebec separation are over."|10159576504878904|Benjamin Shapiro|2022-02-23 21:10:55|1|0|10159575984668904|facebook
|10159576213063904|Guy Laurin|2022-02-23 21:10:55|1|0|10159575984668904|facebook
- So, you want them to be absorbed in another divisive waste of time?|10159576191733904|Stan Duptall|2022-02-23 21:10:55|1|0|10159575984668904|facebook
Now the NDP are Trudeau's lapdogs.|10159577156653904|Shannon Fox|2022-02-23 21:10:54|1|0|10159575984668904|facebook
https:// twitter.com/ CCryptonaire/ status/ 1495862654677794 820?t=NJhr7wLCJ 4a3ekYUtl_jww&s =07&fbclid=IwAR 0xQWyyWb20AOP0o sVKmj0TxW_lsRzY p9BOzg3DAron62f a3fNpv-MIFrg|10159577052748904|Karl Murray|2022-02-23 21:10:54|1|0|10159575984668904|facebook
Huh? Mandated away? I think you intentionally blame it all on COVID precautions. Maybe take a few courses on political economics and you may understand the above post.|10159576805943904|Lynda Hookham|2022-02-23 21:10:54|1|0|10159575984668904|facebook
l really wish the protest was similar to that. We have wage stagnation income inequality, an out of control housing crisis leading to homelessness, there are some really legitimate issues which affect the vast majority of Canadians but l don't think anyone was in Ottawa for those reasons. Too bad.|10159576734328904|Michelle Corbett|2022-02-23 21:10:54|1|0|10159575984668904|facebook
Everyone needs see the absolute irresponsible behavior of the ConservAtives and legal minds need determine if their behavior crosses any legal parameters|10159577281993904|Jopa Jopa|2022-02-23 21:10:50|0|0|10159575984668904|facebook
"It already was linked to nefarious, extremist, racist, separatist political causes with over 50% of $14 million funding from more concerning 🇺🇸 ""patriots"""|10159577811268904|Kar Mo|2022-02-23 21:10:50|0|0|10159575984668904|facebook
lol yep|10159577005753904|Karim Bouslama|2022-02-23 21:10:52|1|0|10159575984668904|facebook
One of the men who organized the protest is a known white supremacists He is now awaiting bail Part of the Sons of Oden They are neo Nazis|10159578431748904|Sharon Taylor|2022-02-23 21:10:51|1|0|10159575984668904|facebook
he should have engaged the truckers and discussed the mandates.|10159577756103904|Michelle Corbett|2022-02-23 21:10:51|1|0|10159575984668904|facebook
Now l am confused. I just made an argument for discussion with the truckers which of course did not happen, while musing about some of the other concerns. Sorry about the length but your response does not make sense to me. What am l supposed to let go exactly? And the winkey emoji?|10159577754003904|Michelle Corbett|2022-02-23 21:10:51|1|0|10159575984668904|facebook
"Funny how much l have been getting attacked for my ""difference of opinion"" lately."|10159577535318904|Michelle Corbett|2022-02-23 21:10:51|1|0|10159575984668904|facebook
l am not on a side, l am not affiliated with any political group, not a journalist, just a regular Canadian who also didn't vote for Trudeau. I am still trying to figure out the specific grievances people have that align with charges and treason and leaving office immediately among other things, but it is all kind of vague, with more than a tinge of hysteria. Also l am concerned about the use of the Emergency Act and its implications for future protests and social action. Why wouldn't l be? I participated in demonstrations myself when l was younger which is why l have defended the rights of the protestors to demonstrate all through this. Funny, you say l slept through history class, l feel as though having some grasp on history is what has given me some sanity and solace through the past two years.|10159577533578904|Michelle Corbett|2022-02-23 21:10:51|1|0|10159575984668904|facebook
yeah, sure gullible. Stay classy fella|10159577021308904|Karim Bouslama|2022-02-23 21:10:51|1|0|10159575984668904|facebook
Jan Zonq Google MOU convoy|10159576790298904|Lorraine Vezeau|2022-02-23 21:10:55|1|0|10159575984668904|facebook
BOOM. Well articulated.|10159577156883904|Moe Seke|2022-02-23 21:10:55|1|0|10159575984668904|facebook
|10159576430983904|Kevin Snow|2022-02-23 21:10:56|1|0|10159575984668904|facebook
They won't. It's too late. It's endemic and nothing can be done.|10159576189503904|Blake Newton|2022-02-23 21:10:58|1|0|10159575984668904|facebook
what did they think, that governments would change their decisions because a bunch of hooligans clog up city streets?? Idiots!|10159577101028904|Jeff Hunter|2022-02-23 21:10:50|0|0|10159575984668904|facebook
And obviously you have no idea how Proportional Representation actually works. Certainly there are other parties but the power isn't held by extremists. Look at Angela Merkel in Germany. She's held power for over a decade. And only a fool believes that the style of government in Germany during that time hasn't helped it be the central power in Europe|10159576947478904|Blake Newton|2022-02-23 21:10:58|1|0|10159575984668904|facebook
Take a seat . PR has only worked in the best countries.|10159576928513904|Blake Newton|2022-02-23 21:10:58|1|0|10159575984668904|facebook
...oh really? Look who the organizers of the sedition were from...Alberta (and now Sask) has enough nutters to vote some fringe party such as the Maverick party in so they'd have a seat...no thanks...|10159576812238904|Darline Spragg|2022-02-23 21:10:58|1|0|10159575984668904|facebook
...ok Dr Newton...🤣🤣🤣|10159576801863904|Darline Spragg|2022-02-23 21:10:58|1|0|10159575984668904|facebook
on foot? Or blockage?|10159576792243904|Lorraine Vezeau|2022-02-23 21:10:58|1|0|10159575984668904|facebook
https:// www.livescience. com/ 16153-10-signifi cant-political- protests.html|10159576775643904|Zane Grey|2022-02-23 21:10:58|1|0|10159575984668904|facebook
You do understand that peaceful protests is the democratic way of effecting change. This is how POC gained equal rights ,women got the right to vote and unions got the right to form https:// www.rd.com/ article/ international-wo rkers-day/|10159576774138904|Zane Grey|2022-02-23 21:10:58|1|0|10159575984668904|facebook
|10159576261153904|Colin Spencely|2022-02-23 21:10:58|1|0|10159575984668904|facebook
These days, if they don’t like your opinion, you are obviously a socialist or a communist or a fascist…. They don’t know what the dictionary meanings of these are, so you could be any of them.|10159576803923904|Lynda Hookham|2022-02-23 21:10:51|1|0|10159575984668904|facebook
delusional but believe in the fantasy 👍🏻|10159576465418904|Kevin Snow|2022-02-23 21:10:56|1|0|10159575984668904|facebook
...sure..check out Denmark...cases at 39% positivity rate, 34,000+ per day and hospitalization and deaths are up too...so it's working just great....bet they'll have to bring back mandates...|10159576186548904|Darline Spragg|2022-02-23 21:10:58|1|0|10159575984668904|facebook
...oh puhlease...more conspiracy crap....|10159576182703904|Darline Spragg|2022-02-23 21:10:58|1|0|10159575984668904|facebook
LOL|10159576164203904|Gary Desjardins|2022-02-23 21:10:58|1|0|10159575984668904|facebook
Would you dispense that same advice to Indigenous activists?|10159576068218904|Petar Ticinovic|2022-02-23 21:10:58|1|0|10159575984668904|facebook
Truckers should not deliver any supply to Globe and Mail.|10159578925778904|SERP Reputation|2022-02-23 21:10:50|0|0|10159575984668904|facebook
Another right wing fringe party like the you see pee !|10159576437063904|William Taylor|2022-02-23 21:10:50|0|0|10159575984668904|facebook
Their future is JAIL AND BANKRUPTCY. BAHAHAHA #LOCKTHEMUP|10159576647988904|Bonnie Cull|2022-02-23 21:10:57|1|0|10159575984668904|facebook
Legends in their own minds.|10159576424823904|Joanne Ryan|2022-02-23 21:10:50|0|0|10159575984668904|facebook
Kevin has to start somewhere. Exposure was the first step. Many eyes have opened to what a government controlled media can do. ;)|10159576493593904|Vin Scott|2022-02-23 21:10:56|1|0|10159575984668904|facebook
yep 😢 they don’t know how democracy works. Maybe the real Pat King should run for government 🤣 that’s what they wanted all along. They had their own agenda their own positions filed out in government offices. Check it out MOU convoy 😂|10159576810793904|Lorraine Vezeau|2022-02-23 21:11:03|1|0|10159575984668904|facebook
