﻿comment|comment_ids|username|datetime|isreply|num_replies|post_id|label
Sean Cousins Did I say that? You may think they are, but I prefer to wait for the court case to complete.|10159565595693904|Julia Courtenay|2022-02-16 22:13:22|1|6|10159565569628904|facebook
Wow TV media takes information and twists the hell out of it doesn't it . This is the most twisted version I've seen|10159565680748904|Valorie York|2022-02-16 22:13:21|0|4|10159565569628904|facebook
🥱I Knew some wingnut would come up with that conspiracy 🤮🤦‍♀️|10159566516803904|Brenda Schwab|2022-02-16 22:13:24|1|4|10159565569628904|facebook
Rcmp no longer can be trusted. Criminal in parliament and no arrest.|10159565676793904|Donna Kresse|2022-02-16 22:13:20|0|4|10159565569628904|facebook
So it was in Coutt’s residence’s not from blockade vehicles hmmmm.|10159565652383904|Cory Moylan|2022-02-16 22:13:20|0|3|10159565569628904|facebook
|10159566452033904|Steve Lam|2022-02-16 22:13:22|1|3|10159565569628904|facebook
And so the accusations begin! 🤮😡|10159565658858904|Maggie Ann|2022-02-16 22:13:20|0|2|10159565569628904|facebook
Who is laughing at domestic terrorism? Proof that us Canadians aren't all that more intelligent than our right wing neighbors that are playing us . Shut the convoy down, impound their vehicles if they can't protest peacefully|10159567240468904|Anthony Balogh|2022-02-16 22:13:20|0|2|10159565569628904|facebook
Hey white lady, I’m a brown coloured person who you’re throwing accusations at being a wingnut. Don’t be like Trudeau/Castro Jr and start calling people names and throwing all sort of accusations. Some White people like to ridicule small minorities, especially the white Liberal people who are standing up for Trudeau/Castro Jr.  It’s not a conspiracy, here’s the video/audio proof of the RCMP confirming that they did do the Damaging/ disabling and trespassing onto private property before the supposedly Gun confiscation news came to be.  I support the Truckers and Farmers for FREEDOM 2022.  I was discriminated and denied medical services at a walk-in clinic and was told to leave a tim hortons dining area due to my medical Vax Status. Is this what some white people are supporting these days? Especially after all the BLM protesting that went on the summer of 2020 for equality. https:// youtu.be/ Ex9TILmLTT0|10159566534713904|Arodi J. Blanco|2022-02-16 22:13:24|1|2|10159565569628904|facebook
Keep denying reality buddy, it's not going to help you in life.|10159565658938904|Stephen Rasmussen|2022-02-16 22:13:29|1|2|10159565569628904|facebook
It's past your bedtime young lady.|10159565670028904|Stephen Rasmussen|2022-02-16 22:13:29|1|2|10159565569628904|facebook
I know exactly what his views are, we’ve talked about them. He’s on the extreme right|10159565688513904|Kathleen Morton|2022-02-16 22:13:24|1|2|10159565569628904|facebook
https:// fb.watch/ bd0HqsEo6P/|10159566653848904|Arodi J. Blanco|2022-02-16 13:00:00|1|2|10159565569628904|facebook
it is, we all joked he was capable of it something like this. I didn’t think he would but when you find like minded people to radicalize you even further I guess anything is possible|10159565679618904|Kathleen Morton|2022-02-16 22:13:24|1|2|10159565569628904|facebook
are you from Russia? Just askin?|10159565723888904|Keith Williams|2022-02-16 22:13:28|1|2|10159565569628904|facebook
oh now you're spouting law and order after weeks of support for criminals. That tracks with the level of delusion within your ranks.|10159565624658904|Michael Patterson|2022-02-16 22:13:22|1|2|10159565569628904|facebook
Innocent until proven guilty. Evidence is needed, then a trial, a prosecution and defense, you know..law and order lol|10159565612728904|Lukasz Suckiel|2022-02-16 22:13:22|1|2|10159565569628904|facebook
also the no change to the electoral system was a big one too. Masks don't seem to bad next to that gem of disapproval. I liked the part though on how he single handedly got rid of Harper.......bu t that's old.|10159566615793904|Mark Bernemann|2022-02-16 22:13:24|1|1|10159565569628904|facebook
what type of political views do you think he has?|10159565684163904|Edmond Engelbrecht|2022-02-16 22:13:24|1|1|10159565569628904|facebook
RCMP needs to be investigated for going on private properly and disabled/ damaged farmer equipment and they admitted it prior to this event reported. I wouldn’t be surprised if the RCMP planted these weapons.|10159566255478904|Arodi J. Blanco|2022-02-16 22:13:20|0|1|10159565569628904|facebook
10-4 rubber ducky|10159565666683904|Darlene Brooks|2022-02-16 22:13:29|1|1|10159565569628904|facebook
okily dokily mr flanders..|10159565661498904|Jason Robichaud|2022-02-16 22:13:29|1|1|10159565569628904|facebook
Alvina Bacelon awesome, thanks for spaming Globe and mail, thats all they are good for|10159565641448904|Jason Robichaud|2022-02-16 22:13:29|1|1|10159565569628904|facebook
yes a change certainly would be welcome. Not sure how to manage it within a multi party system, with more coming it is conceivable to have a leader with even less of the popular vote. Not to mention poor choices all around. It makes for a tough decision if you want to make your vote count towards a change.|10159566645068904|Tom Ryan|2022-02-16 22:13:24|1|1|10159565569628904|facebook
I went to high school with one of them and he’s a lunatic and has been since we were kids. Killing the neighborhood cats kind of dangerous.|10159565598833904|Kathleen Morton|2022-02-16 22:13:20|0|1|10159565569628904|facebook
Sean Cousins So what? You're against law and order?|10159565602513904|John Meadows|2022-02-16 22:13:22|1|1|10159565569628904|facebook
oh cut the crap! It seems those in favor of lockdowns, mandates, big government telling them how they must obey, are the most intolerant, if this story is truthful, then I’m glad they were arrested as nobody needs violence, yet the left leaning members of society seem to be all for violence, slander, and I’ll will upon their fellow Canadians. Why is that?|10159567403118904|Carol Gammel|2022-02-16 22:13:29|1|1|10159565569628904|facebook
It's a thing in AB #LOCKTHEMUP|10159566483548904|Bonnie Cull|2022-02-16 22:13:29|1|1|10159565569628904|facebook
Thats really stretching the truth when you same guys or your brothers can put snipers on roof tops that aim down on innocent families because you want to intimate and taunt people. Who are you to say one of your brothers doesn't suffer from phychosis.|10159566483068904|Brooks Matthews|2022-02-16 22:13:20|0|1|10159565569628904|facebook
what?!?|10159568056683904|Philip Standard|2022-02-16 22:13:27|1|1|10159565569628904|facebook
Is it the RCMP or the media who is making this fight for freedom about criminals?|10159565719888904|Keith Williams|2022-02-16 22:13:20|0|1|10159565569628904|facebook
nope, criminals themselves.|10159565723263904|Andrzej Nowacki|2022-02-16 22:13:28|1|1|10159565569628904|facebook
that’s really disturbing.|10159565675628904|Debra Bryson|2022-02-16 22:13:24|1|1|10159565569628904|facebook
hes an Albertan con of course lol #LOCKTHEMUP|10159566488028904|Bonnie Cull|2022-02-16 22:13:24|1|1|10159565569628904|facebook
They are called..G n M..cbc..ctv..ms m..the star..global..s irius 167 Cantalk..etc..A LL CORRUPT LYING TURDEAU LIB PAID MEDIA..NEVER THE TRUTH. .OR TWISTED !!!!|10159565753048904|Stan Riedel|2022-02-16 22:13:31|1|1|10159565569628904|facebook
I’m surprised, that it took this long for the RCMP to plant those weapons. RCMP are working for the government not the people. Not serving the people.|10159566259023904|Arodi J. Blanco|2022-02-16 22:13:22|1|1|10159565569628904|facebook
Fire every single traitor anti vaxer cop #LOCKTHEMUP|10159566465578904|Bonnie Cull|2022-02-16 22:13:22|1|1|10159565569628904|facebook
Lol 😂 believe that at your foolishness 😂😆|10159565589883904|Marshal Justin|2022-02-16 22:13:20|0|1|10159565569628904|facebook
sounds like you might be plotting something too|10159565681933904|Edmond Engelbrecht|2022-02-16 22:13:23|1|1|10159565569628904|facebook
are you serious right now?!? How are you not horrified by this? What is wrong with you?|10159568062288904|Philip Standard|2022-02-16 22:13:30|1|1|10159565569628904|facebook
these people are at every protest and blockade! You are standing behind something organized by actual known, white nationalists! What is wrong with you people?!? You KNOW who they are but you still stand with them.|10159568095418904|Philip Standard|2022-02-16 22:13:30|1|1|10159565569628904|facebook
yes I am serious, it was for in a Coutts residence they were part of the protest but were told about to the police BY people in the blockade but that only was reported initially, now its are being made to look like that was the main idea of the blockade. This is the stuff that has been simmer and growing in Canada for awhile but many refuse to accept it. When the so called “Leader” of this country starts off the first interview about the blockades calling them a small fringe minority, un-Canadian, thus alienating them what did you think was going to happen? That isn’t leadership by any stretch of the imagination that is simply throwing more fuel on the fire. Now Lametti is saying anyone with Trump like views can have their bank accounts frozen possibly lives ruined that isn’t going to help. The division in this nation has been growing and deepening even back bench Liberals called t out last week in their own party. Canada used to promote discussion and diplomacy abroad and at home but not any more. You reap what you sow.|10159568085268904|Cory Moylan|2022-02-16 22:13:30|1|1|10159565569628904|facebook
Fake peaceful protesters come on|10159566290268904|Jennifer Giergon|2022-02-16 22:13:20|0|0|10159565569628904|facebook
I don’t know anybody who likes lockdowns, mandates or big government. You want to live in a lawless land, feel free. I bet you complained about indigenous protests. You have no idea about government abuse. You have always benefitted from it but if you are a little inconvenienced, suddenly you are a victim. People who refuse to follow public health guidelines, by definition have ill will. I started wearing a mask before the mandates and will continue to after they are lifted. Bet you I get threats, slander and ill will and not from the left.|10159568045733904|Mary Dale|2022-02-16 22:13:29|1|0|10159565569628904|facebook
Us libs dont deny science like you cons lol #LOCKTHEMUP|10159567902608904|Bonnie Cull|2022-02-16 22:13:29|1|0|10159565569628904|facebook
bet if we could check the serials.. would find they were previously logged into the rcmp system.|10159565598128904|Jason Robichaud|2022-02-16 22:13:30|1|0|10159565569628904|facebook
tried reading every article about this and they haven't disclosed the exact location. I do not believe it was at the blockade.|10159566669728904|Lyn Squires|2022-02-16 22:13:30|1|0|10159565569628904|facebook
'Freedom' to kill police officers. I did not know that was a thing? Hmmmm? 🤨😑|10159565698093904|Jane Addie|2022-02-16 22:13:20|0|0|10159565569628904|facebook
"can we see the serials numbers and the RCMP system to see if they were ""previously logged"" .."|10159565597423904|Jason Robichaud|2022-02-16 22:13:20|0|0|10159565569628904|facebook
this meets all of the criteria for terrorism in Canada.|10159568057278904|Philip Standard|2022-02-16 22:13:28|1|0|10159565569628904|facebook
Well done to the police|10159565684478904|Ralph Morton|2022-02-16 22:13:21|0|0|10159565569628904|facebook
"I very much doubt the validity of this ""fake news story"""|10159566347128904|Daniel Wade Williams|2022-02-16 22:13:20|0|0|10159565569628904|facebook
Time to build a wall at the MB border. AB are not sending their best #LOCKTHEMUP|10159566485853904|Bonnie Cull|2022-02-16 22:13:28|1|0|10159565569628904|facebook
you mean, you saw the original and it is different than this twisted version? Please, do share!|10159565726123904|Andrzej Nowacki|2022-02-16 22:13:31|1|0|10159565569628904|facebook
"In Canada, section 83.01 of the Criminal Code[1] defines terrorism as an act committed ""in whole or in part for a political, religious or ideological purpose, objective or cause"" with the intention of intimidating the public ""…with regard to its security, including its economic security, or compelling a person, a government or a domestic or an international organization to do or to refrain from doing any act."""|10159568059758904|Philip Standard|2022-02-16 22:13:28|1|0|10159565569628904|facebook
yes they are and they are being called out and distance from, but hey thanks for proving my point, keep thinking that’s all this is about and paint the entire movement with the same brush instead of getting to the root cause.|10159568111268904|Cory Moylan|2022-02-16 22:13:30|1|0|10159565569628904|facebook
These people had a stated goal of the overthrow of the government. Seize the vehicles. End their licenses. End their insurance.|10159566661533904|Ralph Ellis|2022-02-16 22:13:20|0|0|10159565569628904|facebook
, so the police is part of the conspiracy now? Gee! It’s a lot of people involved and no one leeks the « plan » yet? 🤡🤦🏻‍♂️🙄|10159565878678904|Sylvain Pelletier|2022-02-16 22:13:28|1|0|10159565569628904|facebook
Oh come off it|10159567081713904|Ted S Ptak|2022-02-16 22:13:21|0|0|10159565569628904|facebook
oh ffs. 🙄|10159565814373904|Christa Forsythe|2022-02-16 22:13:31|1|0|10159565569628904|facebook
Time to build a wall at the MB border. AB are not sending their best #LOCKTHEMUP|10159566489063904|Bonnie Cull|2022-02-16 22:13:31|1|0|10159565569628904|facebook
Nice comeback doofus, what are you, like 12 yrs old?|10159565667778904|Stephen Rasmussen|2022-02-16 22:13:29|1|0|10159565569628904|facebook
oh and keep putting in that overtime.. i'm sure your top fans badge is just a few comments away.,|10159565669323904|Jason Robichaud|2022-02-16 22:13:29|1|0|10159565569628904|facebook
https:// fb.watch/ bcjl7AGa7b/|10159565747233904|Elle Advincula|2022-02-14 21:13:00|0|0|10159565569628904|facebook
i have to apologize ..i been doing this with ignorant people all day and it just surprises me how many people do not understand what is going on in their own country, today.  so sir, take this for what it is worth to you. but if you would indulge me..  Look up the georgia guidestones. then lookup world economic forum and klaus schwab, this is justin trudos mentor(along with a few other young leaders) and look up the global reset. read klaus's book specifically the part that aligns with the guidestones. and you decide where you stand.. either way Stephen cheers and have a great day.|10159565687718904|Jason Robichaud|2022-02-16 22:13:29|1|0|10159565569628904|facebook
I mean he does support the FauxTruckers so reality and he have been divorced for awhile.|10159565858378904|Logan Creed|2022-02-16 22:13:29|1|0|10159565569628904|facebook
Time to build a wall at the MB border. AB are not sending their best #LOCKTHEMUP|10159566487028904|Bonnie Cull|2022-02-16 22:13:29|1|0|10159565569628904|facebook
. And what is your absolue true version of it? Can’t wait to read it. 🤡🤡🤡|10159565880358904|Sylvain Pelletier|2022-02-16 22:13:31|1|0|10159565569628904|facebook
doesn’t take a rocket scientist to figure out who they were supporting….|10159566942588904|Steve Cobblehoff|2022-02-16 22:13:30|1|0|10159565569628904|facebook
so 4 haven't been charged with plotting to kill RCMP officers?|10159565836513904|Steve Hewitt|2022-02-16 22:13:31|1|0|10159565569628904|facebook
I have not heard of anything|10159565667193904|Darlene Brooks|2022-02-16 22:13:21|0|0|10159565569628904|facebook
Anyone surprised ... anyone?|10159565587423904|Julia Courtenay|2022-02-16 22:13:20|0|0|10159565569628904|facebook
from Alberta.|10159565728263904|Andrzej Nowacki|2022-02-16 22:13:28|1|0|10159565569628904|facebook
how could you even type those words here??|10159568027888904|Philip Standard|2022-02-16 22:13:23|1|0|10159565569628904|facebook
move along, nothing to see here, folks.|10159565727263904|Andrzej Nowacki|2022-02-16 22:13:23|1|0|10159565569628904|facebook
she doesn’t even know what a reverse flag means, lol|10159565694563904|Narda Lynn|2022-02-16 22:13:23|1|0|10159565569628904|facebook
please give us your address so we can set up some support in front of your home. Honkity honk!|10159568030193904|Philip Standard|2022-02-16 22:13:22|1|0|10159565569628904|facebook
seriously?|10159568028773904|Philip Standard|2022-02-16 22:13:22|1|0|10159565569628904|facebook
spoken like a true communist. Look at u go!|10159566537848904|Michael Curry|2022-02-16 22:13:22|1|0|10159565569628904|facebook
https:// youtu.be/ 6i72czkSUsM|10159566521733904|Arodi J. Blanco|2022-02-16 22:13:22|1|0|10159565569628904|facebook
I believe what I’ve experienced. As a person of colours I’m surprised that the Canadian white society has allowed and is continuing to allow discrimination and segregation and shaming and bullying of a certain group of people due to their medical status. I was denied medical services at a wall in clinic due to my medical vax status. That is wrong. I hope you’re not one of the people who would vote in a poll to imprison the unvaccinated people. Trudeau/Castro jr is the real problem and Tyrant. G7 countries are opening up and lifting restrictions Marion wide. Even Canada’s mother land England has moved in the direction of giving their people back their freedoms. Why is Trudeau/Castro JR not following the science as the G7 countries doing? The media has become very obviously biased towards people and defending Trudeau/Castro Jr.|10159566520308904|Arodi J. Blanco|2022-02-16 22:13:22|1|0|10159565569628904|facebook
Let’s go Truckers and Farmers for FREEDOM 2022!  Trudeau/ Castro Jr tyrant has crossed the line by trying to steal money from protestors by using emergency powers.|10159566513178904|Arodi J. Blanco|2022-02-16 22:13:22|1|0|10159565569628904|facebook
If the media reports are true, how, pray tell, did 7 members of an armed, 11 man terrorist cell, that made specific threats, of a specific and defined nature get bail?|10159566189678904|James Francis|2022-02-16 22:13:22|1|0|10159565569628904|facebook
Sean Cousins I think RCMP may have their opinion after finding a large stash of weapons, don’t you think? Or were these guys only preparing for duck hunting?|10159565722453904|Andrzej Nowacki|2022-02-16 22:13:22|1|0|10159565569628904|facebook
nope|10159565682048904|Edmond Engelbrecht|2022-02-16 22:13:22|1|0|10159565569628904|facebook
exactly|10159565669878904|Craig Sabasch|2022-02-16 22:13:22|1|0|10159565569628904|facebook
set up|10159565667623904|Gary Desjardins|2022-02-16 22:13:22|1|0|10159565569628904|facebook
have been wondering what's coming down the pipe! A sad state of affairs! Trudeau has to go!|10159565659903904|Maggie Ann|2022-02-16 22:13:22|1|0|10159565569628904|facebook
Alvina Bacelon what?|10159565659113904|Vincent McLean|2022-02-16 22:13:22|1|0|10159565569628904|facebook
Peaceful protest isn't criminal. Honking horns is a form of peaceful protest.  And blocking bridges, which is also non violent, then being blamed for shutting down the economy when that's what the government has been doing on and off for 2 years is ironic.  If the mandates were ended like have been in many countries now our economy would be much better off as every sector and person could go back to work.|10159565630113904|Lukasz Suckiel|2022-02-16 22:13:22|1|0|10159565569628904|facebook
sorry. Couldn't resist trolling.|10159565614573904|John Meadows|2022-02-16 22:13:22|1|0|10159565569628904|facebook
https:// nationalpost.com /news/canada/ police-hug-prote sters-as-they-r oll-out-from-co utts-alberta-bo rder-crossing|10159565604288904|Michael Curry|2022-02-16 22:13:22|1|0|10159565569628904|facebook
Sean Cousins no. But I think your comment means you have no real argument. Next!|10159565601073904|John Meadows|2022-02-16 22:13:22|1|0|10159565569628904|facebook
|10159565875323904|Sylvain Pelletier|2022-02-16 22:13:23|1|0|10159565569628904|facebook
They would need evidence to charge people, with this gaggle of ideology driven loons I am not surprised.|10159566356793904|John Rolls|2022-02-16 22:13:20|0|0|10159565569628904|facebook
Phychosis When your mind thinks you are the enemy.|10159568291893904|Brooks Matthews|2022-02-16 22:13:27|1|0|10159565569628904|facebook
sometimes there’s a very good reason school kids stay way from others|10159565683078904|Debra Bryson|2022-02-16 22:13:24|1|0|10159565569628904|facebook
They are cops and know more than you lol|10159566484808904|Bonnie Cull|2022-02-16 22:13:26|1|0|10159565569628904|facebook
How did they know to investigate? 🤔|10159566274733904|Lisa Miller|2022-02-16 22:13:20|0|0|10159565569628904|facebook
Time to build a wall at the MB border. AB are not sending their best #LOCKTHEMUP|10159566484288904|Bonnie Cull|2022-02-16 22:13:26|1|0|10159565569628904|facebook
Well we all know it was antifa...|10159565891593904|Will Bedford|2022-02-16 22:13:26|1|0|10159565569628904|facebook
And so the simping for domestic terrorism begins.|10159565774803904|Jason Godin|2022-02-16 22:13:26|1|0|10159565569628904|facebook
you mean, poor, misguided hunters got falsely accused? Honestly?|10159565723968904|Andrzej Nowacki|2022-02-16 22:13:26|1|0|10159565569628904|facebook
This is supposed to be a peaceful movement. Not sure if these allegations are true. Just saying|10159569852133904|Stan Lescom|2022-02-16 22:13:20|0|0|10159565569628904|facebook
disgusting post. Be quiet|10159566935428904|Steve Cobblehoff|2022-02-16 22:13:24|1|0|10159565569628904|facebook
liberal change.. put in mark carney|10159566724803904|Mark Bernemann|2022-02-16 22:13:24|1|0|10159565569628904|facebook
"nice job,.. read what you wrote slowley.. ""Don’t be like Trudeau/Castro Jr and start calling people names"" you called Trudeau a name in same sentence as saying not to call people names.. well most people laughed at those Castro memes then spent the 10-15mins looking at pics of Pierre and realised how little you guys think .. meme at face value.. anyone surpised??"|10159566582513904|Edmond Engelbrecht|2022-02-16 22:13:24|1|0|10159565569628904|facebook
https:// youtu.be/ 6i72czkSUsM|10159566525003904|Arodi J. Blanco|2022-02-16 22:13:24|1|0|10159565569628904|facebook
https:// youtu.be/ IBz2cLX-NMM|10159566524213904|Arodi J. Blanco|2022-02-16 22:13:24|1|0|10159565569628904|facebook
https:// youtu.be/ Ex9TILmLTT0|10159566523413904|Arodi J. Blanco|2022-02-16 22:13:24|1|0|10159565569628904|facebook
Time to build a wall at the MB border. AB are not sending their best #LOCKTHEMUP|10159566484108904|Bonnie Cull|2022-02-16 22:13:24|1|0|10159565569628904|facebook
Im.a lib not a con so completely different lol|10159566587518904|Bonnie Cull|2022-02-16 22:13:24|1|0|10159565569628904|facebook
how are you different? Not by much.|10159566583043904|Debra Bryson|2022-02-16 22:13:24|1|0|10159565569628904|facebook
That's a serious red flag.|10159566144748904|Ryan Woods|2022-02-16 22:13:24|1|0|10159565569628904|facebook
it's illegal to hurt pets you should report him for cruelty to animals, if you're accusations are true|10159565914778904|Brad Sinclair|2022-02-16 22:13:24|1|0|10159565569628904|facebook
well good that he talked too much and got removed.|10159565689733904|Edmond Engelbrecht|2022-02-16 22:13:24|1|0|10159565569628904|facebook
Bs|10159565860528904|Peter Van Veggel|2022-02-16 22:13:21|0|0|10159565569628904|facebook
