﻿comment|comment_ids|username|datetime|isreply|num_replies|post_id|label
The protest should not end until mandates do.|10159552063168904|Gary Wells|2022-02-09 22:26:48|0|1|10159551881208904|facebook
has the health department done a contact tracing to find out where these .new strains are coming in from ? is it by truck or by air passengers returning from vacations ?|10159551930748904|Peter Mesi|2022-02-09 22:26:48|0|1|10159551881208904|facebook
Maybe all those barristas and personal trainers can apply|10159551965788904|Edward R Yatscoff|2022-02-09 22:26:52|1|1|10159551881208904|facebook
Get a trucking job.  https:// www.trucknews.co m/ transportation/ canadian-truck-d river-vacancies -surge-to-recor d-levels-report /1003156228/|10159551922338904|Anthony Fornasier|2022-02-09 22:26:52|1|1|10159551881208904|facebook
It is well past time to end the pointless and destructive mandates.|10159551919863904|Geordie Günther|2022-02-09 22:26:48|0|1|10159551881208904|facebook
The truckers stand for me!|10159552499918904|Nel Grond|2022-02-09 22:26:48|0|0|10159551881208904|facebook
Lol. Good point Edward.|10159551968283904|Anthony Fornasier|2022-02-09 22:26:52|1|0|10159551881208904|facebook
It's not theirs , they can't have it.|10159552926793904|Ken Erickson|2022-02-09 22:26:48|0|0|10159551881208904|facebook
It is well past time for Trudeau to stop hiding and start a dialogue!|10159552077038904|Anne Hay|2022-02-09 22:26:48|0|0|10159551881208904|facebook
REPLACE THE CHIEF|10159551973968904|Li Eron|2022-02-09 22:26:48|0|0|10159551881208904|facebook
Blair talks. Nobody cares. Like a drunk talking to you from a bar stool|10159553262133904|Hounds Pal|2022-02-09 22:26:50|1|0|10159551881208904|facebook
FUDDLE DUDDLE, Canadians are showing their resilient. Trudeau should act like a leader.|10159552111443904|Louise Butterfield|2022-02-09 22:26:48|0|0|10159551881208904|facebook
It’s well past the time to also end these useless mandates!|10159552232053904|Andrea Montanaro|2022-02-09 22:26:48|0|0|10159551881208904|facebook
Scott Rwd it seam like our ghost of a prime minister does . .such a sad person he has become .|10159552022703904|Peter Mesi|2022-02-09 22:26:51|1|0|10159551881208904|facebook
From the Ottawa PD ONly 84% vaxxed https:// ottawa.ctvnews.c a/ fewer-than-10-ot tawa-police-off icers-suspended -for-refusing-c ovid-19-vaccine -1.5766462|10159551965338904|Edward R Yatscoff|2022-02-09 22:26:51|1|0|10159551881208904|facebook
Billy, Billy, Billy. Quick run and tell the King. It isn't what you think, it is what the king thinks.... or are you just setting the stage? Crummy job you have either way.|10159553587838904|Laurie Blake|2022-02-09 22:26:48|0|0|10159551881208904|facebook
Urges Ottawa Police to do their job.|10159552540593904|Jeff Poole|2022-02-09 22:26:48|0|0|10159551881208904|facebook
