﻿comment|comment_ids|username|datetime|isreply|num_replies|post_id|label
About time. This is absolutely necessary because this is not a legal protest. It is blackmail, intimidation and the use of force by a minority of the population to try and get what they want. And they are hurting and scaring many, many others in the process. Also, this protest is being led by people who are well known to be far right extremists and who would like to topple our government and our democracy. Shameful. Peaceful, objective and science based discussion of mandate policy is fine, but this protest is unacceptable.|10159558076948904|Michael Suksi|2022-02-09 22:43:03|0|7|10159557978538904|facebook
you are free to choose. My two children (adults) have just tested positive (one today and the second, Wednesday) but I am not worried about the long COVID as they received their third dose in January.|10159558446138904|Francine Turgeon|2022-02-09 22:43:18|1|5|10159557978538904|facebook
By definition, the Ontario government just declared it illegal.|10159558469208904|Michael Suksi|2022-02-09 22:43:10|1|3|10159557978538904|facebook
Rats are still rats. Easily crushed under foot. - Me|10159558250128904|Ryan Aaron Dawson|2022-02-09 22:43:21|1|3|10159557978538904|facebook
2 years of lock downs by the government did they care then?|10159558207028904|Lee Choui|2022-02-09 22:43:03|0|3|10159557978538904|facebook
👍🏻It was urgent! Poor workers losing income, held hostage by these blockades and the siege in the city of Ottawa. We were starting to get out of it and they are slowing down our freedom.|10159558005563904|Francine Turgeon|2022-02-09 22:43:03|0|2|10159557978538904|facebook
Its about fn time|10159558005383904|Todd Milne|2022-02-09 22:43:03|0|2|10159557978538904|facebook
Any protest by any group should be subject to severe penalty if they are creating a shutdown and obstructing lives|10159558485868904|Debra Bryson|2022-02-09 22:43:03|0|2|10159557978538904|facebook
|10159558265223904|Joey Genovese|2022-02-09 22:43:21|1|2|10159557978538904|facebook
What law is broken? I agree with the protest, I don't agree with blocking the bridge, they should have just let one row flow like they were.|10159558365223904|Mike Johnson|2022-02-09 22:43:03|0|2|10159557978538904|facebook
Finally we know what to do with Doug Ford‼️😎|10159558028733904|Sally Pomfret|2022-02-09 22:43:03|0|2|10159557978538904|facebook
How much jail compacity does Ontario have? Does it compare to their ICU and hospital capacity?|10159558157903904|Verna DeMerchant|2022-02-09 22:43:03|0|2|10159557978538904|facebook
How was it not already illegal?|10159558095348904|Karl Wiklund|2022-02-09 22:43:03|0|2|10159557978538904|facebook
🇨🇦💯❤|10159558987373904|Toni Butcher|2022-02-09 22:43:18|1|2|10159557978538904|facebook
Confiscate all trucks involved. Put them up for auction and impose the maximum fine on all involved in this rediculously damaging behavior. It was never going to accomplish anything and the vast majority of rational thinking Canadians are suffering because of it.|10159558452443904|Roland Lacey|2022-02-09 22:43:03|0|2|10159557978538904|facebook
, yes! I know. I would be curious to know exactly who are those people who block the bridge and occupy downtown Ottawa. Many american people?|10159558411233904|Francine Turgeon|2022-02-09 22:43:18|1|1|10159557978538904|facebook
2 years of lock downs, what country do you live in.|10159558295628904|Gordon Molnar|2022-02-09 22:43:16|1|1|10159557978538904|facebook
who is going to suffer the consequences other than himself? His right to choose in this country still or have they changed the Charter of rights ? Did I miss something? How does his choice affect you ? If your vaccinated probs x3 by now, why worry? Are you worried about overburdening our hospitals? Legitimate I guess....no news of that here so far or ever. I know they have reported worries of the possibility but still....no.... .no evidence of that yet.|10159558978463904|Toni Butcher|2022-02-09 22:43:18|1|1|10159557978538904|facebook
So NOW the governments are concerned about business and job losses all of a sudden? Wow, that's rich!|10159558515723904|Frederick Hollinger|2022-02-09 22:43:03|0|1|10159557978538904|facebook
Beware of driving men to desperation. Even cornered rats can be dangerous. - Winston Churchill|10159558096728904|Joey Genovese|2022-02-09 22:43:03|0|1|10159557978538904|facebook
obstructing lives.......... ..🤔 how has your life been obstructed? Last two years of mandates? Just askin for a friend.|10159558957933904|Toni Butcher|2022-02-09 22:43:14|1|1|10159557978538904|facebook
cattle aren't moving at Coutts, guess who's going to pay for that? You probably complained about the pipelines but your protest is ok?|10159559450963904|Debra Bryson|2022-02-09 22:43:14|1|1|10159557978538904|facebook
Fingers crossed.|10159558527513904|Craig W F Hamilton|2022-02-09 22:43:19|1|1|10159557978538904|facebook
nope Wrong|10159558435488904|Jay Labatte|2022-02-09 22:43:18|1|1|10159557978538904|facebook
make him Prime Minister|1122932861807367|Steven Laing|2022-02-09 22:43:20|1|1|10159557978538904|facebook
, oups! Certainly not 1 million because in Ottawa, over 400 trucks. And I saw Many american flags. But I don’t care anymore… several large fines and arrests soon! It ends|10159558422688904|Francine Turgeon|2022-02-09 22:43:18|1|1|10159557978538904|facebook
who's they?|10159558302843904|Eric Stephano|2022-02-09 22:43:16|1|1|10159557978538904|facebook
I have had 2 shots and that’s it for me and my whole family|10159558410823904|Patricia Anne Hands|2022-02-09 22:43:18|1|1|10159557978538904|facebook
wow .. please read the charter of rights and freedoms|10159558421678904|Jay Labatte|2022-02-09 22:43:18|1|1|10159557978538904|facebook
What the hell are you talking about? It just common sense prevails, but like l said some of our uneducated citizens need guidance. It sounds to me you might be one of those.|10159558419193904|Dave Lockie|2022-02-09 22:43:18|1|1|10159557978538904|facebook
"The ""protestors"" are about to find out"|10159558351938904|Colin Richardson|2022-02-09 22:43:17|1|1|10159557978538904|facebook
For what does it profit a man to gain the whole world and forfeit his soul?|10159558004573904|Tom Ramanauskas|2022-02-09 22:43:03|0|1|10159557978538904|facebook
a million Americans with Canadian flags. Makes total sense.|10159558414743904|Jay Labatte|2022-02-09 22:43:18|1|1|10159557978538904|facebook
People supporting the end of mandates are from all backgrounds and all of them are strong people.  Now the people that follow every order/ instruction from the government/ mainstream media like a literal puppet whether it makes sense or not...that's weakness.|10159558170903904|Lukasz Suckiel|2022-02-09 22:43:21|1|1|10159557978538904|facebook
can you leave now? Lol|10159558192803904|Sherry Cadieux Hambly|2022-02-09 22:43:18|1|1|10159557978538904|facebook
most of the truckers have had theirvaccines|10159558304418904|Mollie McGonigle|2022-02-09 22:43:18|1|1|10159557978538904|facebook
He hasn't taken away anyone's freedom, We are one of the freest country's in the world.|10159558324488904|Dave Lockie|2022-02-09 22:43:18|1|1|10159557978538904|facebook
freedom to travel anywhere in the country and leave the country anytime and return anytime. Yes he has . Facts .|10159558333933904|Jay Labatte|2022-02-09 22:43:18|1|1|10159557978538904|facebook
That's not a loss of freedom. It definitely shows that you have no idea of what the difference between freedom and common sense. There are thousands of things we are not allowed to do that have nothing to do with the government. And many that are , is just for your own good. Many of of our uneducated need guidance.|10159558363973904|Dave Lockie|2022-02-09 22:43:18|1|1|10159557978538904|facebook
if they cant handle wearing a mask to the grocery store they're in for a world of hurt if they dont back down lol|10159558167488904|Jam O'Sherry|2022-02-09 22:43:21|1|1|10159557978538904|facebook
It would be better if they didn't fight at all, not one fist thrown, just stand in defiance.  They might get the receiving end of tear gas or whatnot but it'd show they are truly not there for violence and only to end the mandates and the ones teargassing them will look just like what they are. Tyrants.|10159558121928904|Lukasz Suckiel|2022-02-09 22:43:21|1|1|10159557978538904|facebook
okay bub|10159558172628904|Jam O'Sherry|2022-02-09 22:43:21|1|1|10159557978538904|facebook
I had no idea Doug Ford would be like this when he got elected.... I guess you could say we did Naht-Zee that coming!|10159558449283904|Jeff Heisler|2022-02-09 22:43:03|0|1|10159557978538904|facebook
because it’s written in our charter of rights and freedoms.|10159558274568904|Brandon Bartlett|2022-02-09 22:43:07|1|1|10159557978538904|facebook
Ford is putting forth legislation to make marching on a public road illegal.|10159558280998904|Daniel Tate|2022-02-09 22:43:03|0|1|10159557978538904|facebook
, the article is about the Premier of Ontario, Doug Ford. Please try to pay attention.|10159558161858904|Rick Clace|2022-02-09 22:43:22|1|1|10159557978538904|facebook
They talk about Putin,King Jon Un,hahaha here is a real comunist country not another guys.F.ck Trudeu!!|10159558134428904|Romeo Si Gina Buzica|2022-02-09 22:43:03|0|1|10159557978538904|facebook
Anybody seen the prime minister Trudeau? What an embarrassment to be told by the US government to clean up the mess. Ontario could have done this weeks ago and not wait to be humiliated by the United States and can please someone wake up Justin Trudeau?|10159558180918904|Alan Ibrahim|2022-02-09 22:43:03|0|1|10159557978538904|facebook
It is far more 'legal' and peaceful than the fascists you cheered on (BLM, Antifa, Extinction Rebellion, Anthony Fauci).  Anyways, the solution is so simple ... follow the science, end the mandates. Only a petty wannabe dictator would do otherwise.|10159558143833904|DG Roberts|2022-02-09 22:43:10|1|1|10159557978538904|facebook
go wear a mask and keep showing your qr code|10159558172643904|Garry Charron|2022-02-09 22:43:10|1|1|10159557978538904|facebook
another person dehumanizing others you disagree with by calling them names. You're I think the ninth person in the posts to do that. I haven't even been through a 1/4 of them yet. You guys are setting a trend. Now......when did we see this type of behaviour before??🤔🤔🤔|10159558937868904|Toni Butcher|2022-02-09 22:43:22|1|1|10159557978538904|facebook
Great move premier Ford. These wankers need to go.|10159558174323904|David Wale|2022-02-09 22:43:03|0|1|10159557978538904|facebook
Wholeheartedly agree , unfortunately the not so silent minority doesn't get it . They respond by name calling and sulking just like any 12 year old|10159558344038904|Dale Domshy|2022-02-09 22:43:10|1|1|10159557978538904|facebook
"Tell me you don't know what Antifa stands for without telling me you don't know what Antifa stands for! (Hint, Antifa = ""Anti Fascist"", yet you just made them Fascist 😄)  And keep in mind there are a lot of people who don't agree with either. Some of us didn't support highway and train track blockages then, and we don't believe in this now. I'm all for the freedom to protest, but as soon as it infringes on others you've lost all my respect."|10159558440328904|Neil Murray|2022-02-09 22:43:10|1|1|10159557978538904|facebook
Yeah because that’s what this is all about. Tool|10159558199938904|Joey Genovese|2022-02-09 22:43:21|1|1|10159557978538904|facebook
Truck drivers aren’t the smartest bunch to begin with.|10159558521673904|Craig W F Hamilton|2022-02-09 22:43:10|1|1|10159557978538904|facebook
"All protests are ""legal"""|10159558460718904|Ashley Haskins|2022-02-09 22:43:10|1|1|10159557978538904|facebook
🇨🇦❤️|10159558979618904|Jay Labatte|2022-02-09 22:43:18|1|1|10159557978538904|facebook
Ford is dragging his feet, not to lose right-wing support|10159558114048904|Jo Hasan|2022-02-09 22:43:03|0|1|10159557978538904|facebook
about two years ago|10159558637698904|Brandon Bartlett|2022-02-09 22:43:12|1|1|10159557978538904|facebook
Although keeping our borders secure is Trudeau's job, he passed the buck to Ford to do it. Not only did Trudeau cause the escalation of the protest by quickly dismissing the protesters and the millions of Canadians who support them as being racist then refusing to listen to their concerns, but he now has our premiers doing his job at the border. Trudeau obviously can't do his job and needs to resign.|10159558418418904|Marilyn Taylor|2022-02-09 22:43:03|0|1|10159557978538904|facebook
When did that happen???|10159558518068904|AL Wright|2022-02-09 22:43:12|1|1|10159557978538904|facebook
you nailed it, the freedom convoy does remind me of rats|10159558297113904|Gordon Molnar|2022-02-09 22:43:21|1|1|10159557978538904|facebook
he has no right wing support. He lost that when he switched sides.|10159558274108904|Brandon Bartlett|2022-02-09 22:43:12|1|1|10159557978538904|facebook
yes it must be the Americans! But wait.....It must be true because I saw on TV that the Russians are involved too. It must be a worldwide take over of Canada! By the grace of God save us!|10159558984063904|Toni Butcher|2022-02-09 22:43:18|1|0|10159557978538904|facebook
you are wrong. I was there. Did you see that on TV? It must be true then!! I will believe your word that you seen it on TV instead of believing what I witnessed with my own eyes.🥸|10159558985658904|Toni Butcher|2022-02-09 22:43:18|1|0|10159557978538904|facebook
lol wat|10159558273998904|Jason Godin|2022-02-09 22:43:22|1|0|10159557978538904|facebook
I agree, tell that to those who work for minimum wage or oue elderly.|10159559190043904|Barry MacLellan|2022-02-09 22:43:18|1|0|10159557978538904|facebook
, just because you haven't seen the american flag doesn't mean I haven't seen them.|10159559395838904|Francine Turgeon|2022-02-09 22:43:18|1|0|10159557978538904|facebook
they are Trudeau marionettes|10159558162998904|Romeo Si Gina Buzica|2022-02-09 22:43:22|1|0|10159557978538904|facebook
Re-elect him with another majority for demonstrating leadership where nobody else would?|10159558273703904|Jason Godin|2022-02-09 22:43:20|1|0|10159557978538904|facebook
👍|10159558191583904|Susan Larocque|2022-02-09 22:43:03|0|0|10159557978538904|facebook
Jfc|10159558840058904|Tiffany P. Fox|2022-02-09 22:43:03|0|0|10159557978538904|facebook
wow. You're dehumanizing people you don't agree with. Kinda having a deja vu moment.....why do I feel like we've been here before?🤔🤔|10159558931568904|Toni Butcher|2022-02-09 22:43:21|1|0|10159557978538904|facebook
i recommend Mrs Joan parnell's trading platform to everyone, earn extra income from the comfort of your home, 100% reliable and trustworthy. Click on the name to contact Mrs joan parnell and earn weekly 👇👇👇 Joan Parnell|10159558739148904|Diane Ferri|2022-02-09 22:43:19|1|0|10159557978538904|facebook
other than the one on your head , what's your point?|10159559379318904|David Wale|2022-02-09 22:43:22|1|0|10159557978538904|facebook
i recommend Mrs Joan parnell's trading platform to everyone, earn extra income from the comfort of your home, 100% reliable and trustworthy. Click on the name to contact Mrs joan parnell and earn weekly 👇👇👇 Joan Parnell|10159558742398904|Diane Ferri|2022-02-09 22:43:19|1|0|10159557978538904|facebook
Do unto others as you would have done unto you 💕🇨🇦‼️|10159558154443904|Sally Pomfret|2022-02-09 22:43:20|1|0|10159557978538904|facebook
What?|10159558106668904|Sheila Willis|2022-02-09 22:43:20|1|0|10159557978538904|facebook
lickin your lips in anticipation? 🤨 not a good look. Just sayin'😒|10159558993703904|Toni Butcher|2022-02-09 22:43:19|1|0|10159557978538904|facebook
Are you sure you didn't take that quote from Hitler or Mussolini?|10159558308373904|Rob Bourelle|2022-02-09 22:43:21|1|0|10159557978538904|facebook
😔 Could be the right thing......!|10159558430378904|Annick Aubert|2022-02-09 22:43:03|0|0|10159557978538904|facebook
you're referring to the protesters as rats?|10159558929408904|Toni Butcher|2022-02-09 22:43:21|1|0|10159557978538904|facebook
Ecclesiastes 3:18 “I said in mine heart concerning the estate of the sons of men, that God might manifest them, and that they might see that they themselves are beasts.”|10159558016778904|Robert Robinson|2022-02-09 22:43:19|1|0|10159557978538904|facebook
this trucker protest is the revenge of society for all the past unnecessary mandates|10159559496998904|Frank Hauzer|2022-02-09 22:43:03|0|0|10159557978538904|facebook
wow you too? Dehumanizing others who you disagree with? Getting a real Nazi vibe here buuuuuuudďy. Not a good look🙄|10159558932503904|Toni Butcher|2022-02-09 22:43:21|1|0|10159557978538904|facebook
PM of the Snowmobile Club in Muskoka!|10159558201983904|Gee Fore Allen|2022-02-09 22:43:20|1|0|10159557978538904|facebook
You say it like it's a good thing for the country to lose hard working, strong, healthy Canadians who have a lot of years still left on this earth. Give your head a shake.|10159558201608904|Lukasz Suckiel|2022-02-09 22:43:18|1|0|10159557978538904|facebook
🤣😂 YOU go live off of that. Don't be ridiculous. Nowadays!?? Lmaooooooo OK BOOMER|10159558980548904|Toni Butcher|2022-02-09 22:43:18|1|0|10159557978538904|facebook
Oh dear, please stop exposing yourself|10159558494088904|DG Roberts|2022-02-09 22:43:10|1|0|10159557978538904|facebook
Wouldn’t keeping the border open and goods moving be the responsibility of the federal government? Where are they? How are we supposed to help fellow NATO countries if we can’t even keep our roads open?|10159558945333904|Julien Mercier|2022-02-09 22:43:03|0|0|10159557978538904|facebook
It’s interesting that so many are upset because a minority is using intimidation and force to get what they want. Although there hasn’t been any force used by the current protestors, I do recall that over the entire summer of 2020 a minority did use force to get what they wanted. Traffic blocked, monuments desecrated or destroyed, people intimidated and entire neighborhoods burned to the ground by an extremist Marxist group trying to affect a political outcome. And while those cities were being burned down, PM Trudeau, who abhors violence, gave them his full endorsement. I’m sure many of the people here that are upset with the current protestors fully support BLM and agree with them when they say that you have to disrupt peoples lives in order to be heard and taken seriously. Trudeau says that he’s heard them and it’s time to go home now. Meaning “go away so I can continue to ignore you just like before”. As an aside, although I don’t know his background, it’s interesting who was chosen for the interview and cover photo of this story, considering we’re told that the protestors are a bunch of racist White supremacists.|10159559499948904|Ed Schiebler|2022-02-09 22:43:03|0|0|10159557978538904|facebook
take a civic’s class.|10159558721858904|Lynda Jean|2022-02-09 22:43:11|1|0|10159557978538904|facebook
These protesters are FASCISTS #LOCKTHEMUP|10159559677908904|Bonnie Cull|2022-02-09 22:43:10|1|0|10159557978538904|facebook
i recommend Mrs Joan parnell's trading platform to everyone, earn extra income from the comfort of your home, 100% reliable and trustworthy. Click on the name to contact Mrs joan parnell and earn weekly 👇👇👇 Joan Parnell|10159558742058904|Diane Ferri|2022-02-09 22:43:10|1|0|10159557978538904|facebook
more name calling. 🤣😂 last resort of a juvenile|10159558925438904|Toni Butcher|2022-02-09 22:43:10|1|0|10159557978538904|facebook
the demonstrators weren't hurling insults,  is. And the Prime Minister.|10159558925058904|Toni Butcher|2022-02-09 22:43:10|1|0|10159557978538904|facebook
blackmail? Haaaaa Intimidation? Who is being intimidated? Use of force? By whom? It is peaceful. Hurting and scaring? Who is being hurt and scared ? You?? Why? By who you call Extremists? Who are these extremists you speak of? I have seen no evidence of that. Hurling insults now are you? Being educated by Trudeau and his henchmen?|10159558923263904|Toni Butcher|2022-02-09 22:43:10|1|0|10159557978538904|facebook
nice try|10159558272703904|Brandon Bartlett|2022-02-09 22:43:10|1|0|10159557978538904|facebook
👍👍👍|10159558097363904|Nancy Zettel|2022-02-09 22:43:13|1|0|10159557978538904|facebook
My word. Your fear is so tremendous you ought to cower inside your domicile for the rest of your days.|10159558219728904|John Macdonald|2022-02-09 22:43:10|1|0|10159557978538904|facebook
That and keep lining up to get poked with “heaven knows what”.|10159558211968904|Diana Akyurek|2022-02-09 22:43:10|1|0|10159557978538904|facebook
👍👍👍|10159558097223904|Nancy Zettel|2022-02-09 22:43:10|1|0|10159557978538904|facebook
Actually, waiting for Dougie to get back from snow mobiling at the cottage in Muskoka while Carolyn Mulroney was refusing to act since Monday. What's the US going to do? LOL|10159558225203904|Gee Fore Allen|2022-02-09 22:43:09|1|0|10159557978538904|facebook
The Government of Ontario only got involved when the Ambassador Bridge became blocked. Queen's Park couldn't give 2 ****s about the previous 15 days when it was just Ottawa that was occupied. Keep up the great work, Dufus Doug!|10159558343538904|Art Stevens|2022-02-09 22:43:03|0|0|10159557978538904|facebook
what a shock. Make new laws to suit their agenda.|10159558933368904|Toni Butcher|2022-02-09 22:43:08|1|0|10159557978538904|facebook
i recommend Mrs Joan parnell's trading platform to everyone, earn extra income from the comfort of your home, 100% reliable and trustworthy. Click on the name to contact Mrs joan parnell and earn weekly 👇👇👇 Joan Parnell|10159558738108904|Diane Ferri|2022-02-09 22:43:07|1|0|10159557978538904|facebook
There's a freedom to protest, but not a freedom to block critical infrastructure. Huge difference.|10159558442413904|Neil Murray|2022-02-09 22:43:07|1|0|10159557978538904|facebook
You're telling me Doug Ford is now left-wing. LOL|10159558648683904|AL Wright|2022-02-09 22:43:12|1|0|10159557978538904|facebook
i recommend Mrs Joan parnell's trading platform to everyone, earn extra income from the comfort of your home, 100% reliable and trustworthy. Click on the name to contact Mrs joan parnell and earn weekly 👇👇👇 Joan Parnell|10159558741873904|Diane Ferri|2022-02-09 22:43:13|1|0|10159557978538904|facebook
Kristen Thomlinson 1. It's worldwide. U.S is following suit. 2.Its all a domino effect.|10159558971593904|Toni Butcher|2022-02-09 22:43:18|1|0|10159557978538904|facebook
i recommend Mrs Joan parnell's trading platform to everyone, earn extra income from the comfort of your home, 100% reliable and trustworthy. Click on the name to contact Mrs joan parnell and earn weekly 👇👇👇 Joan Parnell|10159558737608904|Diane Ferri|2022-02-09 22:43:17|1|0|10159557978538904|facebook
don't let Kristen Thomlinson bully you. You are right and you have every right to feel as you do.|10159558969838904|Toni Butcher|2022-02-09 22:43:18|1|0|10159557978538904|facebook
oh and there's no siege in Ottawa. I was there this past week. Filmed everything. Nope....no siege.|10159558966608904|Toni Butcher|2022-02-09 22:43:18|1|0|10159557978538904|facebook
Kristen Thomlinson the car companies have already been shutting down these past two years and many years before that. Don't blame a five day protest on car industry problems. These auto workers are very used to the ups and downs of the business. And don't fret for their monetary welfare. It's very sweet of you to worry so but they recieve 80% of their wage when laid off. They get paid much better than the average Joe so they can wait it out. They are better off than many.|10159558964953904|Toni Butcher|2022-02-09 22:43:18|1|0|10159557978538904|facebook
perhaps people would rather keep their jobs and careers instead of wait for a paltry government handout ? ?🤔|10159558960018904|Toni Butcher|2022-02-09 22:43:18|1|0|10159557978538904|facebook
All these idiots think they have a 'right' to dictate the terms of their entry to a foreign and sovereign country, and that the hapless idiots in Ottawa have any control over the matter.  Putin is having a good laugh at all of you willing stooges subverting our democracy.|10159558664963904|Richard T McKay|2022-02-09 22:43:18|1|0|10159557978538904|facebook
wtf are you taking about. Those things are in the charter. The government is getting sued over it by one of the original writers (Brian Peckford) You need to do some studying my friend.|10159558367733904|Jay Labatte|2022-02-09 22:43:18|1|0|10159557978538904|facebook
It is, but they prefer to handle these things without violence, which tends to happen when you rush in with weapons and tactical gear.|10159558272663904|Jason Godin|2022-02-09 22:43:07|1|0|10159557978538904|facebook
lickin your lips in anticipation? Nice look 👌|10159558953978904|Toni Butcher|2022-02-09 22:43:17|1|0|10159557978538904|facebook
you know what he meant. So much bully behaviours in the comment section..|10159558953003904|Toni Butcher|2022-02-09 22:43:16|1|0|10159557978538904|facebook
Such a dangerous state of emergency, Ford had to leave the city to go snowmobiling.|10159558489668904|River Sutton|2022-02-09 22:43:03|0|0|10159557978538904|facebook
"I believe  is referring to ""they"" as in those who oppose the protesters. Very obvious."|10159558951103904|Toni Butcher|2022-02-09 22:43:16|1|0|10159557978538904|facebook
the police blocked the lane they left open. Why would they do that when two were already blocked?🤔 Kinda made a rough situation worse eh?|10159558926738904|Toni Butcher|2022-02-09 22:43:15|1|0|10159557978538904|facebook
i recommend Mrs Joan parnell's trading platform to everyone, earn extra income from the comfort of your home, 100% reliable and trustworthy. Click on the name to contact Mrs joan parnell and earn weekly 👇👇👇 Joan Parnell|10159558737418904|Diane Ferri|2022-02-09 22:43:15|1|0|10159557978538904|facebook
Nope didn't. Nice of you to assume tho. And calling me a complainer.. I have noticed many people with your opinion resort to name calling. 🤔 good look!🤣😅|10159559772223904|Toni Butcher|2022-02-09 22:43:14|1|0|10159557978538904|facebook
Does that include BLM?|10159559504603904|Ed Schiebler|2022-02-09 22:43:14|1|0|10159557978538904|facebook
i recommend Mrs Joan parnell's trading platform to everyone, earn extra income from the comfort of your home, 100% reliable and trustworthy. Click on the name to contact Mrs joan parnell and earn weekly 👇👇👇 Joan Parnell|10159558739988904|Diane Ferri|2022-02-09 22:43:14|1|0|10159557978538904|facebook
Asking for a plan isn’t asking too much - plans can add in different variants. Plans can be changed but asking for a plan to return to normal isn’t asking too much. The problem is (and too many Canadians are alright with this) some Govt leaders don’t want to admit they have cut health care so badly they need us locked down, some leaders don’t want to give up the power a health emergency gives them and some don’t want to admit they really have no plan of reopening. Ford should hang his head for calling this an emergency when all he has to do is sit at the table with a plan. He doesn’t have to give in, just present a plan.|10159558356863904|Karen Tress Jones|2022-02-09 22:43:03|0|0|10159557978538904|facebook
i recommend Mrs Joan parnell's trading platform to everyone, earn extra income from the comfort of your home, 100% reliable and trustworthy. Click on the name to contact Mrs joan parnell and earn weekly 👇👇👇 Joan Parnell|10159558739788904|Diane Ferri|2022-02-09 22:43:13|1|0|10159557978538904|facebook
About time, should have been brought in after first week in Ottawa.|10159558317123904|John Currie|2022-02-09 22:43:03|0|0|10159557978538904|facebook
