﻿comment|comment_ids|username|datetime|isreply|num_replies|post_id|label
WTF,...we are re-opening,...d ropping vaccine passport in a few days in Ontario,....WTF ,...e-nuff,...g o back home NOW !!!|10159570560078904|Luc Henry|2022-02-16 23:16:43|0|10|10159570536208904|facebook
No, now it’s unrest due to Trudeau police brutality against old veterans, trampling citizens with horses, police watching a heart attack victim die without helping, cops trampling grandma who fell from her walker. Happy Family Day go celebrate your communism.|10159571132618904|Greg Waters|2022-02-16 23:16:42|0|5|10159570536208904|facebook
When you have to resort to name calling and belittling other commenters you have lost the argument and what ever credibility you might have had.|10159570621258904|Debra Yundt|2022-02-16 23:16:53|1|5|10159570536208904|facebook
Do they think they won in otawa ? The unrest and division is slowly growing. Using force agains peaceful protester instead of talking to them kinda made a lot of former passive canadians to wake up to who the liberals really are. The mouvement has just began|10159571511458904|Moigradeanu Alexandru|2022-02-16 23:16:42|0|3|10159570536208904|facebook
he is power hungry|10159571260163904|Praveen Aggarwal|2022-02-16 23:16:56|1|3|10159570536208904|facebook
Oh my God, true to form, anybody who disagrees with you is a communist or is it a fascist. People like you can't seem to make up your minds which. And you wonder why nobody takes you seriously.|10159570593548904|Debra Yundt|2022-02-16 23:16:53|1|3|10159570536208904|facebook
Somebody should tell them that safety measures are already being removed. How’d they miss it?|10159571432253904|Mike McCormick|2022-02-16 23:16:42|0|3|10159570536208904|facebook
Protesting for the sake of protesting , Ontario has already announced its lifting of mandates and no respect for the citizens that are not like minded , not very democratic.|10159570926128904|Dan Attwood|2022-02-16 23:16:42|0|3|10159570536208904|facebook
I know that the 3 organizers who were arrested are all members of western separatist parties. I know that naive people were duped and used. I know that claiming the protest was about vaccine mandates was stupid from the get-go given the restrictions and the US border. I know that there has never been a clear, consolidated purpose to all this - that every time the protesters were called out for ignorance, the message changed.|10159570635898904|Chrys Kaloudis|2022-02-16 23:16:52|1|3|10159570536208904|facebook
so what did You like better, since you seem to be a fan of human oppression? Probably the old lady getting stomped on by the horse. You probably don’t care about peaceful veterans getting beat up. Maybe you shoemaker a special request…firing squad? Tear gas?|10159571863288904|Greg Waters|2022-02-16 23:16:45|1|3|10159570536208904|facebook
Sure Deb, keep telling yourself that.|10159570581248904|Debra Yundt|2022-02-16 23:16:53|1|2|10159570536208904|facebook
Good for you. Even the alt-right sites admit this thing is past its best before date.|10159570600893904|Chrys Kaloudis|2022-02-16 23:16:52|1|2|10159570536208904|facebook
don't be so lazy. It's a real eye opener.|10159571776998904|Mike McCormick|2022-02-16 23:16:49|1|2|10159570536208904|facebook
and whatever the terrorist leaders want at any given time. I'm surprised the truckers were co-opted so easily.|10159571561883904|Mike McCormick|2022-02-16 23:16:49|1|2|10159570536208904|facebook
my point justin is out of control . odds being this is about power and control and back door revenues .|10159571239938904|Peter Mesi|2022-02-16 23:16:56|1|2|10159570536208904|facebook
Sooner or later, someone plays the communism card. Congratulations .|10159571550888904|Dale Cole|2022-02-16 23:16:45|1|2|10159570536208904|facebook
that is the general consensus .|10159571274543904|Peter Mesi|2022-02-16 23:16:56|1|2|10159570536208904|facebook
Oh you meant the parties that get two thirds of the vote in this country as opposed to the Conservatives who keep losing.|10159570564858904|Debra Yundt|2022-02-16 23:16:53|1|2|10159570536208904|facebook
go bow to Trudeau.|10159570591873904|Russ Bohanon|2022-02-16 23:16:52|1|2|10159570536208904|facebook
Check your Canadian History, Rebellion in Upper (Ontario) and Lower Canada (Quebec) 1837, Red River (Reil) Rebellion 1868(?), NorthWest Rebellion 1885.|10159571791288904|David Murray|2022-02-16 23:16:56|1|2|10159570536208904|facebook
that is why it is so surprising that the truckers were had. I know these people are good at indoctrination but this is really bad.|10159571610503904|Mike McCormick|2022-02-16 23:16:49|1|2|10159570536208904|facebook
maybe your friend was too caught up raging against public health measures last fall to have noticed when they announced things would wind down in March. 🤔|10159570632568904|Melanie Alexander|2022-02-16 23:16:56|1|2|10159570536208904|facebook
We can all see the images now. While it appears from a specific angle that people are trampled, other angles show they are not. We also see demonstrators who are stupid enough to mess with a horse. We also see the bicycle thrown at one of them. Animal abuse? But hey, don't let reality get in the way of good fiction.|10159571523903904|Chrys Kaloudis|2022-02-16 23:16:52|1|2|10159570536208904|facebook
they just trampled a women with a walker using a horse. But you probably love that|10159570602673904|Jason Crane|2022-02-16 23:16:52|1|1|10159570536208904|facebook
once they are removed at federal level then it can't happen at provincial level. Otherwise they will keep going back and forth towards vaccine passports and face masks|10159571166248904|Praveen Aggarwal|2022-02-16 23:16:56|1|1|10159570536208904|facebook
Insane support? Well, you're not wrong about the insane part!|10159571516428904|Chrys Kaloudis|2022-02-16 23:16:52|1|1|10159570536208904|facebook
vaccine passports is local . the must have at the border still needed . .sad state thhat justi could not have a sit down .|10159571151683904|Peter Mesi|2022-02-16 23:16:56|1|1|10159570536208904|facebook
check the dates on those announcements.. ...they started being lifted after the protest started and they are not in every province....BC is still upholding the mandates....sho uld be unanimous for all provinces.|10159572231083904|Jodi Harper|2022-02-16 23:16:49|1|1|10159570536208904|facebook
The last time I checked, Kenney had dropped most restrictions to appease his base.|10159570672058904|Colin Spencely|2022-02-16 23:16:42|0|1|10159570536208904|facebook
The woman had a walker. A different person further down the line had a bicycle. If I were a con/republican I might question if these were crisis actors - that's what they do now, isn't it?|10159571745408904|Chrys Kaloudis|2022-02-16 23:16:52|1|1|10159570536208904|facebook
in case you didn't notice these protests have had insane support lol the only heat is coming from the far left|10159571317963904|Justin Shovin|2022-02-16 23:16:52|1|1|10159570536208904|facebook
it's her walker. And it was holding her up. But I guess you need rationalize the trampling of a handicap native women.|10159571572013904|Jason Crane|2022-02-16 23:16:52|1|1|10159570536208904|facebook
Christopher Lirette globalist don't care what political spectrum you are on. They want the WEF in charge|10159571135313904|Jason Crane|2022-02-16 23:16:52|1|1|10159570536208904|facebook
Guy the picture is not doing ti right. The tin-foil hat needs to next to your skull to block out the conformist thinking rays that come from satellites. Your toque goes over top.|10159570570203904|Jeremy Phillips|2022-02-16 23:16:42|0|1|10159570536208904|facebook
who’s the alt right? Anyone that disagrees with you?|10159570637413904|Hannah Woods|2022-02-16 23:16:52|1|1|10159570536208904|facebook
ouch it actually hurt trying to get past your grammar and structure .|10159570758598904|Mikey Surla|2022-02-16 23:16:51|1|1|10159570536208904|facebook
I did? Thanks for speaking for me. Makes me more in favour of protests that I can actually think for myself.|10159570597983904|Hannah Woods|2022-02-16 23:16:52|1|1|10159570536208904|facebook
.Well come on, everyone knows your toque has to go over your tin foil hat. Duh.|10159570906498904|Kristen Dawn|2022-02-16 23:16:51|1|1|10159570536208904|facebook
perhaps read the comment . It may help .|10159570919168904|Mikey Surla|2022-02-16 23:16:51|1|1|10159570536208904|facebook
... truck around and find out...|10159571292008904|Colin Spencely|2022-02-16 23:16:45|1|1|10159570536208904|facebook
no bubble here my friend, just reality.|10159570705878904|Hannah Woods|2022-02-16 23:16:56|1|1|10159570536208904|facebook
actually you are wrong. Provincial government always said their goal was March but you tell yourself what ever you need to, so you can stay in your delusional bubble 🤦|10159570703678904|Saundra Kitchen|2022-02-16 23:16:56|1|1|10159570536208904|facebook
if it's common knowledge, you should be able to type it easily.|10159571616043904|Chase Gaudenzi|2022-02-16 23:16:49|1|1|10159570536208904|facebook
Making themselves more hated and thought more stupid every day.|10159570564063904|Chrys Kaloudis|2022-02-16 23:16:43|0|1|10159570536208904|facebook
I don’t think so? Maybe you were caught up with tyranny?|10159570635078904|Hannah Woods|2022-02-16 23:16:56|1|1|10159570536208904|facebook
Non sequitur much?|10159570593133904|Chrys Kaloudis|2022-02-16 23:16:52|1|1|10159570536208904|facebook
by who?|10159570593993904|Hannah Woods|2022-02-16 23:16:52|1|1|10159570536208904|facebook
The majority of the country, and the residents in the areas around the protests especially. But you knew that.|10159570595403904|Chrys Kaloudis|2022-02-16 23:16:52|1|1|10159570536208904|facebook
what does alt right have to do with this? You’re asleep if you don’t know what this is really about? Your lack of sensibility astounds me.|10159570603893904|Hannah Woods|2022-02-16 23:16:52|1|1|10159570536208904|facebook
not 75% of this country. The 2 Provinces hold a large number of seats to win a Federal Election (Minority Government btw, lost the popular vote, screwed up a Majority Government 🙄). Ontario and Quebec hold a large number of seats. Basically a influx of population in those Provinces determines this ... And we know why now ... NDP Coalition with the Liberals and the Bloc props them up too. But in the end taxpayers money is wasted ....|10159570613968904|Shane O'Hara|2022-02-16 23:16:53|1|1|10159570536208904|facebook
Pat King and Tamara Lich are not truckers. Let’s marinate on that.|10159571572703904|Dale Cole|2022-02-16 23:16:49|1|1|10159570536208904|facebook
the border mandates of must have the jab , are ludicris . have there been any drivers that have gotten the covid ? from the reports the covids are related to air travelers ,|10159571171318904|Peter Mesi|2022-02-16 23:16:56|1|1|10159570536208904|facebook
over 6yrs years we've never had these extreme problems. Our deficit prior to the pandemic was already too high. Truck drivers never protested like this, straight to Ottawa. Obviously, people that voted for him ... 🙄 In this country or ..., well I really ...hmm. I want say but I might offend 😕 So, this what we have and pretty sure there will be more problems/ protesting.|10159570584773904|Shane O'Hara|2022-02-16 23:16:53|1|1|10159570536208904|facebook
we're here to fight for your freedom as well stephany.. won't you take of your blinders and join us??|10159571141173904|Omar Dadli Alvarez|2022-02-16 23:16:57|1|1|10159570536208904|facebook
Bull|10159572290003904|Brad Butcher|2022-02-16 23:16:45|1|1|10159570536208904|facebook
|10159572433793904|Matthieu Gilbert|2022-02-16 23:16:45|1|1|10159570536208904|facebook
So be prepared for a noisy group of Hypocrite toddlers throwing a Tantrum in a city near You.|10159571137773904|Stephany Blahey|2022-02-16 23:16:43|0|1|10159570536208904|facebook
Aren’t you as good Liberal going to call anyone who doesn’t worship Justin a racist or fringe?  Just like the great Blackface does?|10159570613373904|Andrew Tyler|2022-02-16 23:16:53|1|1|10159570536208904|facebook
I seeing 4 and 10 and about 54% disagree and 46% agree. Popularity rising too, more and more people jumping on against the Federal Government. Federal Government is becoming joke around the world and Parliament shut down today because of the overreaching/ power grab by the Federal Government.|10159570633823904|Shane O'Hara|2022-02-16 23:16:53|1|1|10159570536208904|facebook
where are these results As it is odd that the polls I saw o. I heart radio we’re at 79 % in support and 21% against and would post the pic showing this but no photo comments By the way can you send me some verification And whose poll it was I’m open minded and would like to confirm this then in Mexico 🇲🇽|10159570763423904|Mikey Surla|2022-02-16 23:16:53|1|1|10159570536208904|facebook
okay comrade.|10159570590838904|Russ Bohanon|2022-02-16 23:16:53|1|1|10159570536208904|facebook
": Canadians are waking up to the fact that an American-funded movement tried to overthrow our democratically elected government and replace it with a bunch or white replacement conspiracy theorists. The main organizers of this protest were white nationalists, Republican sympathizers and anti-authority radicals. Canadians aren't fooled by their cries of ""freedom""."|10159572669028904|Gregory Beneteau|2022-02-16 23:16:46|1|1|10159570536208904|facebook
so basically if understand your point is that if you revolt in the face of having to choose between your career being ruined or being forcefully injected with some experimental substance, then you are either an american conspirationist or white supremacist ? You either self hating too much or drank too muck liberal propaganda. Wake up, woke is loosing its shine and more and more people are realising that is all about shaming your competition when you have no arguments.|10159572719128904|Moigradeanu Alexandru|2022-02-16 23:16:46|1|1|10159570536208904|facebook
Well 75% of this country doesn't want this kind of politics in our country so what does that tell you.|10159570590053904|Debra Yundt|2022-02-16 23:16:53|1|1|10159570536208904|facebook
Trudeau hypocrisy rally!|10159570565543904|Robert Won|2022-02-16 23:16:42|0|1|10159570536208904|facebook
Cute post. What do you mean?|10159570766113904|David Rochon|2022-02-16 23:16:47|1|1|10159570536208904|facebook
Trudeau is a hypocrite for labeling Ottawa protesters as “terrorists” and freeze their supporters’ bank accounts while making it lawful for Canadians to support statue destroying, church burning and railway blocking protests in 2020 & 2021.|10159570785883904|Robert Won|2022-02-16 23:16:47|1|1|10159570536208904|facebook
The response was disgusting tackling an elderly vet who fought for our freedom and trampling a lady using a walker with police horses. Having a pm who wont even talk to people|10159571722453904|Brenda Methorst|2022-02-16 23:16:42|0|1|10159570536208904|facebook
that would Liberals and the NDP parties...|10159570563413904|Shane O'Hara|2022-02-16 23:16:53|1|1|10159570536208904|facebook
hahaha, it's you who doesn't know what the protests are about. So, who are these 4 terrorists and what have they done to break Canadian law?|10159571567793904|Chase Gaudenzi|2022-02-16 23:16:49|1|1|10159570536208904|facebook
those protesters have been in Ottawa for three weeks and none got covid.|10159571176123904|Praveen Aggarwal|2022-02-16 23:16:56|1|1|10159570536208904|facebook
Yes. It’s been an anti-Trudeau rally all along.|10159571553163904|Dale Cole|2022-02-16 23:16:49|1|1|10159570536208904|facebook
the federal mandates have been removed? Nope, not yet.... They're protesting federal mandates, not provincial.|10159571520268904|Chase Gaudenzi|2022-02-16 23:16:49|1|1|10159570536208904|facebook
Call it what it is, an anti Trudeau rally. I'm all in for that.|10159570555083904|Dennis Paul|2022-02-16 23:16:43|0|1|10159570536208904|facebook
wait you don't think there's been a huge amount of support for this? Are you blind lol|10159571517918904|Justin Shovin|2022-02-16 23:16:52|1|1|10159570536208904|facebook
don't you mean the paid voters where the seat counts are more? Population in these places to give himself the votes. People voting because ..., they really don't know any better. Lets go around the ... and vote the Turds in and screw up the country too. Then complain when we see more protesting like this too.|10159570570343904|Shane O'Hara|2022-02-16 23:16:53|1|1|10159570536208904|facebook
Libs got 33% Cons 34% NDP roared in at 15%. You can’t lump them together. Elections don’t work that way. First past the gate does. Both the Libs & NDP lost compared to previous election. Research is good 👍|10159570572138904|Debra Bryson|2022-02-16 23:16:53|1|1|10159570536208904|facebook
The so Called protesters do not understand freedom. Freedom demands respect for others.|10159570930438904|Lida Currie|2022-02-16 23:16:48|1|1|10159570536208904|facebook
guess what sweetheart both Andrew Scheer and Erin O'Toole both got more votes than the blackface enthusiast so he definitely didn't win the popular vote|10159572081078904|Ryan Jon|2022-02-16 23:16:53|1|1|10159570536208904|facebook
they’re usually trolls in training, not smart enough to come up the good stuff.|10159571559988904|Jasper Jay|2022-02-16 23:16:45|1|0|10159570536208904|facebook
Oh, so the same as Justin. You know he won’t sleep with you right?|10159570624783904|Andrew Tyler|2022-02-16 23:16:53|1|0|10159570536208904|facebook
30% of popular vote is winning? 16% approval rating is leadership? Might want to reconsider your very very dim view.|10159570989363904|Tim Caughill|2022-02-16 23:16:53|1|0|10159570536208904|facebook
https:// nationalpost.com /news/politics/ two-thirds-of-ca nadians-support -use-of-emergen cies-act-and-wa nt-freedom-conv oy-cleared-out- poll|10159572576143904|Debra Yundt|2022-02-16 23:16:53|1|0|10159570536208904|facebook
Well in the last election the Cons got 33% of the popular vote as opposed to the Lib's 32%. And Scheer and O'Toole still lost the elections and got fired by their own party as leaders so what's your point. I mean if their own party has no confidence in them why do you think Canadian voters would.|10159572639243904|Debra Yundt|2022-02-16 23:16:53|1|0|10159570536208904|facebook
https:// nationalpost.com /news/politics/ two-thirds-of-ca nadians-support -use-of-emergen cies-act-and-wa nt-freedom-conv oy-cleared-out- poll|10159572579678904|Debra Yundt|2022-02-16 23:16:53|1|0|10159570536208904|facebook
, depends on your definition of peaceful and how you see those that stand with white nationalists. The residents of Ottawa probably don't think that Redneck Coachella was very peaceful at all...  I do not love the police and support the right to peaceful protest, but this is an occupation. I'm saddened that it came down to this use of force, amd sorely wish that the city and province had headed this off, but someone had to do something.  Cripes, I hate defending the police, but the folks on the really wrong side of this are unreliable narrators and I won't automatically believe their reports about injuries and fatalities.|10159571881223904|Colin Spencely|2022-02-16 23:16:45|1|0|10159570536208904|facebook
I'm thinking people don't believe any level of gov't anymore.|10159570603998904|Ruth Figueira|2022-02-16 23:16:56|1|0|10159570536208904|facebook
it was never about the mandates….and that is frightening|10159570740658904|Rob Fisher|2022-02-16 23:16:56|1|0|10159570536208904|facebook
Way to go hero’s!|10159573094843904|Joyula Reign-Himbert|2022-02-23 23:16:43|0|0|10159570536208904|facebook
Thank you, convoy 2022 hold the line|10159572871563904|Brian Goodwin|2022-02-16 23:16:43|0|0|10159570536208904|facebook
And not a leader in sight. Just the Trudeau's Richt|10159571719898904|Keith Ray|2022-02-16 23:16:43|0|0|10159570536208904|facebook
odds these events now will be swept under the carpet . and not taught in history classes of what not to do . very little Canadian history was taught back in the 6os|10159571800483904|Peter Mesi|2022-02-16 23:16:56|1|0|10159570536208904|facebook
i mean modern time i am aware of the louis rell up rising and the cajon expulsion.|10159571794868904|Peter Mesi|2022-02-16 23:16:56|1|0|10159570536208904|facebook
That's a real knee-slapper. Thanks.|10159571793338904|Mike McCormick|2022-02-16 23:16:56|1|0|10159570536208904|facebook
so many good laughs on here. Thanks for that one.|10159571783623904|Mike McCormick|2022-02-16 23:16:56|1|0|10159570536208904|facebook
so they say, until they do, and make it law that these draconian measures are never to be used again on its people. Using words like may,if,possible , a few weeks, is not a definitive answer. They’ve all changed their minds over and over again with no rhyme or reason.|10159571730373904|Carol Gammel|2022-02-16 23:16:56|1|0|10159570536208904|facebook
You sound racist maybe the truckers are irregular refugees looking to move to Ottawa and the racist citiots dislike the inconvenience.|10159571659708904|Fitzroy Antdantilus|2022-02-16 23:16:56|1|0|10159570536208904|facebook
I don’t Believe they ever intend to lift the passport. A lot of what they are saying employers and places of business are disagreeing claiming they will keep most measures.|10159571386273904|Cathy Zruna-Cudney|2022-02-16 23:16:56|1|0|10159570536208904|facebook
It is no longer about mandates. G&M spinning the narrative again|10159571349138904|Bryce Mugford|2022-02-16 23:16:56|1|0|10159570536208904|facebook
probably right ✅|10159571346543904|Mark MacCallum|2022-02-16 23:16:56|1|0|10159570536208904|facebook
not all mandates are gone or even have a Time... Still mask mandates and still going to have masks kids in schools|10159571316303904|Justin Shovin|2022-02-16 23:16:56|1|0|10159570536208904|facebook
these action have never ever happened in the building of Canada .|10159571274083904|Peter Mesi|2022-02-16 23:16:56|1|0|10159570536208904|facebook
it is very bad whats happening in ottawa on Friday. Basically tredeau thinks he has control of everything we own even our banks. I have never seen this happening in canada ever😪😪😪😪😪😪😪😪😪😪😪😪😪😪😪|10159571259018904|Praveen Aggarwal|2022-02-16 23:16:56|1|0|10159570536208904|facebook
ok cap locks warrior 🙄|10159571138233904|Omar Dadli Alvarez|2022-02-16 23:16:56|1|0|10159570536208904|facebook
once they go home those restrictions will be back. You will be locked up for Easter.|10159571009878904|Praveen Aggarwal|2022-02-16 23:16:56|1|0|10159570536208904|facebook
|10159571655708904|Manny O'Sullivan|2022-02-16 23:16:45|1|0|10159570536208904|facebook
Because the PM is brutal... fair does not exist... he will do whatever to win. They don't stand a chance and people are getting hurt.This is not a war.|10159570815308904|Leanna Inez Keyes|2022-02-16 23:16:56|1|0|10159570536208904|facebook
like the last what 6 times they said it and back pedalled? Yeah ok.|10159570987393904|Tim Caughill|2022-02-16 23:16:56|1|0|10159570536208904|facebook
Got anything better than predictable feckless troll responses? Your protesters are losing the game. Deal with it.|10159571509188904|Chrys Kaloudis|2022-02-16 23:16:52|1|0|10159570536208904|facebook
I am referring to the recent polling as to how many Canadians are against the truckers' occupation and blockades and this type of politics, not to voting percentages and seats in federal elections.|10159570619693904|Debra Yundt|2022-02-16 23:16:53|1|0|10159570536208904|facebook
the hypocrisy is this so-called freedom rally is taking freedom from Ottawa residents and businesses.|10159571556298904|Mike McCormick|2022-02-16 23:16:47|1|0|10159570536208904|facebook
This is better than Rick Mercer's videos of him interviewing clueless Americans.|10159571790838904|Mike McCormick|2022-02-16 23:16:45|1|0|10159570536208904|facebook
Love the guys hat, if more people had worn those we might have avoided this situation, seems government supporters needed them the most.|10159571625203904|Matt Piesse|2022-02-16 23:16:42|0|0|10159570536208904|facebook
This sound like Canada at war and it is not the government and media is at war with citizen of Canada it been going on for two year|10159571616953904|James Siple|2022-02-16 23:16:42|0|0|10159570536208904|facebook
There might be some organization from overseas that sparks protest with any excuse, to put democracy in risk or under questioning. They work by social media and many people buy their message and go outside. The same happened in Chile and Colombia but there was rioting and destruction there.|10159571456948904|Ignacio Echavarria|2022-02-16 23:16:42|0|0|10159570536208904|facebook
they’re the only ones who understand freedom. Freedom from government overreach is critical. No one is advocating for lawlessness, just the right to bodily autonomy.|10159571859458904|Barbara Bout|2022-02-16 23:16:48|1|0|10159570536208904|facebook
Protesting for Freedom You are now living under Martial Law fool|10159571347158904|Bryce Mugford|2022-02-16 23:16:48|1|0|10159570536208904|facebook
what you said is extremely disturbing for one not all mandates are lifted and the point of a protest is to show you disagree but because other people don't agree it's not democratic what kind of world do you live in|10159571315598904|Justin Shovin|2022-02-16 23:16:48|1|0|10159570536208904|facebook
fake news|10159576917788904|Todd Langevin|2022-02-23 23:16:47|1|0|10159570536208904|facebook
Julian Christopher educate yourself. As if the illegal occupation didn't impact freedom in Ottawa. Where have you been?|10159572874748904|Mike McCormick|2022-02-16 23:16:47|1|0|10159570536208904|facebook
The big one is not a provincial mandate. It’s the federal blanket ban on boarding any plane or train in Canada unvaxxd.  That’s the last domino we need to fall.|10159571022463904|XDean Ashx|2022-02-16 23:16:42|0|0|10159570536208904|facebook
that's what PM POS made it. Best protest recruiter in Canadian history|10159570609633904|Chris Milosek|2022-02-16 23:16:53|1|0|10159570536208904|facebook
It.will not stop. Could of been dealt with weeks ago if PM dropped all his bs.|10159571466283904|Nico Valerio|2022-02-16 23:16:42|0|0|10159570536208904|facebook
https:// thepostmillennia l.com/ leadership-trude au-went-skiing- ford-went-snowm obiling-amidst- ongoing-freedom -protests LEADERSHIP AT IT'S WORST:VOTES AND THEIR ENJOYMENT (ALWAYS ON VACATION) ARE MORE IMPORTANT THAN THE INHUMANE TREATMENT ,LOSS OF ASSETS AND LIVELIHOODS OF CITIZENS IN OTTAWA...WE DONT MATTER JUST THEY AND THEIR FAMILIES...FRIE NDS AND FINANCIERS ...MEANWHILE TRUDEAU IS ASSOCIATED WITH A BLM GROUP AND DID BLACKFACE THREE TIMES BUT NO ACCOUNTS / ASSETS SEIZED ,HE WASN'T JAILED BUT HERE WE HAVE PEACEFUL PROTESTORS (CITIZENS ) ....JAGMEETS' BROTHER SAID F*** U TO THE POLICE AND HE ISN'T TARNISHED,MANHAND LED , BUT JAGMEET ASSISTED IN PROPELLING HIS CAREER VIA A GOVERNMENT ROUTE|10159573094338904|Priyanka Canada|2022-02-23 23:16:46|1|0|10159570536208904|facebook
They clearly said early during the siege that they would not move until all madates were withdrawn.  They never had the intention to talk or negociate; it was their way or nothing. They thought they had higher ground.  But now, after being removed by the police, they whine no one wanted to talk to them?  F***ing hypocrites!|10159572432713904|Matthieu Gilbert|2022-02-16 23:16:46|1|0|10159570536208904|facebook
what is there to talk about?|10159572389138904|Scott Verge|2022-02-16 23:16:46|1|0|10159570536208904|facebook
Julian Christopher you obviously have a misunderstandin g of the Charter.|10159571864363904|Jasper Jay|2022-02-16 23:16:45|1|0|10159570536208904|facebook
Is this the peaceful 🍁 the world 🌎 things wee a crazy in this Beautiful land Canada 🇨🇦|10159571447323904|Maria Mueller|2022-02-16 23:16:42|0|0|10159570536208904|facebook
https:// fb.watch/ bhTmZ7jaYf/|10159572965058904|Greg Waters|2022-02-19 19:28:00|1|0|10159570536208904|facebook
https:// m.youtube.com/ watch?v=AsN-5EFM 2FU|10159572953443904|Greg Waters|2022-02-16 23:16:45|1|0|10159570536208904|facebook
Julian Christopher It’s not what you say it is.|10159572081828904|Dale Cole|2022-02-16 23:16:45|1|0|10159570536208904|facebook
they aren't smart.|10159571446913904|Steve Bond|2022-02-16 23:16:49|1|0|10159570536208904|facebook
they have no idea what they are protesting given they are being led around by 4 terrorists with many motives although that number is declining with arrests.|10159571559848904|Mike McCormick|2022-02-16 23:16:49|1|0|10159570536208904|facebook
Surely you jest. It's common knowledge. You might also want to check as to why they were criminally charged.|10159571607203904|Mike McCormick|2022-02-16 23:16:49|1|0|10159570536208904|facebook
They we’re desperate and pissed off. Easy prey.|10159571624148904|Dale Cole|2022-02-16 23:16:49|1|0|10159570536208904|facebook
|10159570597293904|Shane O'Hara|2022-02-16 23:16:53|1|0|10159570536208904|facebook
Trudeau was right there on the front lines. It was on TicToc.|10159571781888904|Mike McCormick|2022-02-16 23:16:45|1|0|10159570536208904|facebook
seriously?? https:// en.m.wikipedia.o rg/wiki/ 2019_Canadian_fe deral_election|10159570587478904|Debra Bryson|2022-02-16 23:16:53|1|0|10159570536208904|facebook
Seriously. Oh so everyone who doesn't vote your way are bought and paid for and don't know any better. And this in Canada, a country with the highest rate of post secondary education in the world . Keep telling yourself that and keep losing elections. No wonder the Conservatives have become the party of the right wing nut low information voters.|10159570575598904|Debra Yundt|2022-02-16 23:16:53|1|0|10159570536208904|facebook
i think you really need to figure out that our government has been inflitrated by foreign powers. They have their teeth in all political spectrums. And klaus schwab admits to having control over Trudeau and several of his cabinet members. Once you figure that out, we should all be on the same page.|10159571752633904|Jason Crane|2022-02-16 23:16:52|1|0|10159570536208904|facebook
it wasn't a bicycle you fool.|10159571567933904|Jason Crane|2022-02-16 23:16:52|1|0|10159570536208904|facebook
don’t forget your MAGA knee pads when to see Pat King.|10159571562888904|Jasper Jay|2022-02-16 23:16:52|1|0|10159570536208904|facebook
I'm still giggling about the 'insane' part. There's been big money from a small percentage of donors - most of which is being returned. As for actual boots on the ground, no.|10159571519238904|Chrys Kaloudis|2022-02-16 23:16:52|1|0|10159570536208904|facebook
that card was played by Justin|10159572055253904|Ryan Jon|2022-02-16 23:16:45|1|0|10159570536208904|facebook
id love to, but its on my wall|10159570636023904|Jason Crane|2022-02-16 23:16:52|1|0|10159570536208904|facebook
Post the video.|10159570632658904|Chrys Kaloudis|2022-02-16 23:16:52|1|0|10159570536208904|facebook
There's no point, stupid really.|10159571774043904|Randall Cook|2022-02-16 23:16:43|0|0|10159570536208904|facebook
Trudeau should have been removed or imprisoned long ago|10159571626953904|Matt Piesse|2022-02-16 23:16:42|0|0|10159570536208904|facebook
True, I got a typo and a missing auxiliary verb. But it's deliberate. I was trying to replicate the style of anti-vax rants. It's meta. I also have capital letters and punctuation with proper spacing. So you might want to notice.|10159570929078904|Jeremy Phillips|2022-02-16 23:16:51|1|0|10159570536208904|facebook
I was just watching for awhile ..... can you please get those fake soldiers out of there ..... they are a disgrace.|10159571557778904|Kathleen Lindsey|2022-02-16 23:16:42|0|0|10159570536208904|facebook
We will not allow to show our kids that the answer is VIOLENCE, SHAME|10159572099443904|Marinella Gonzalez|2022-02-16 23:16:42|0|0|10159570536208904|facebook
yeah they should go to where they won|10159570771678904|Merle B Peter-paul|2022-02-16 23:16:50|1|0|10159570536208904|facebook
the safety measures are gradually being removed in large part because of those who acted for the common good.|10159572473583904|Mike McCormick|2022-02-16 23:16:49|1|0|10159570536208904|facebook
I have, can't find anything. Go on....... Link|10159571778848904|Chase Gaudenzi|2022-02-16 23:16:49|1|0|10159570536208904|facebook
|10159571149398904|Stephany Blahey|2022-02-16 23:16:57|1|0|10159570536208904|facebook
