﻿comment|comment_ids|username|datetime|isreply|num_replies|post_id|label
This is leadership at its best. Justin, our immaculate PM, has kept his word, not a single day more, as he promised Canadians in lifting emergency. So proud to be led by this man despite the challenges...|10159579070168904|George Haiderali|2022-02-23 00:00:00|0|6|10159579048088904|facebook
well the videos posted day after day, the lack of violence, bloodshed, destruction, say otherwise. But you believe whatever you want. I just used some common sense, simple observation, and believe that the charter of rights and freedoms allows for peaceful protest. But that doesn’t fit your hate filled tirade so have a fantastic day|10159580123693904|Tim Caughill|2022-02-24 00:00:00|1|4|10159579048088904|facebook
It probably won't amount to anything. The libs need the NPD to govern, and the NPD isn't about to allow them to do whatever the hell they want. They can pull their support at any moment.|10159579113763904|Jonathan Langlois|2022-02-23 00:00:00|0|3|10159579048088904|facebook
- You're going back to 1988 to try to justify your argument? It was a Conservative government at the time. They just sadly made the assumption that no PM in Canada would be so arrogant as to invoke the act without justification. The next Conservative government will close that loophole.|10159579479943904|Dave Carter|2022-02-23 00:00:00|1|3|10159579048088904|facebook
Tempest in a teapot is what it was. In the end the protestors left with a whimper instead of a bang.|10159579210433904|Jim Rutter|2022-02-23 00:00:00|0|3|10159579048088904|facebook
Quite the biased article Mr. Coyne.....thoug ht better of you.|10159579244398904|Kerry Jackson|2022-02-23 00:00:00|0|3|10159579048088904|facebook
the NDP made one fatal error. They propped up Trudeau’s Liberals to invoke the Emergencies Act when they knew it was wrong and unjustified. They could have voted against and stopped this charade and brought down the Liberals while they were at it. Poor chess players I must say! You could have done the right thing Singh and saved your party, but alas, you’re determined to fall on your own sword every single time. They could have been HEROES but are back to being ZEROES. And you did it to yourself.|10159579195223904|Al Nelson|2022-02-23 00:00:00|1|3|10159579048088904|facebook
sorry sweetie. We got to see how Prime minister dumb dumb responds to protests he disagrees with. These protests were calm compared to blm, antifa, and pipeline protesters whom he empathized with and actually were violent.|10159579289833904|Daniel Dawe|2022-02-23 00:00:00|1|2|10159579048088904|facebook
You want Trudeau out? Get a membership for the CPC and vote for a leader that will not take the party back to the 50’s. That is the only way you will get him out of power. Give us a credible opposition.|10159579298508904|Lynda Hookham|2022-02-23 00:00:00|1|2|10159579048088904|facebook
sadly the conservatives allowed for the act to be used. It was passed as is, in parliament and senate. I'd have to research the votes for and against at the time. Unless MSM helps me out 😉|10159579471173904|Matthew Harper|2022-02-23 00:00:00|1|2|10159579048088904|facebook
which is the objective. That way it will be easier to impose Agenda 2030.|10159579166933904|Leslie Robertson|2022-02-23 00:00:00|1|2|10159579048088904|facebook
- No, they aren't. The act is in force as soon as it is invoked. Giving the government 10 or more days of cart blanche. Even when the vote does come, there is no judicial review to determine if the situation reached the high threshold of the act. The government itself couldn't come up with a valid justification and got the motion passed by threating the NDP with a confidence vote. The only reason he dropped it now if because it was likely to be struck down by the Senate.|10159579448478904|Dave Carter|2022-02-23 00:00:00|1|2|10159579048088904|facebook
yeah. International trade doesn't affect Canadians at all 🙄|10159579172413904|Lance Brizard|2022-02-23 00:00:00|1|2|10159579048088904|facebook
Somehow the divisiveness has to end. We're Canadians. Compromise and respect are what we're all about. We can do this|10159579270768904|Gord Johnson|2022-02-23 00:00:00|0|2|10159579048088904|facebook
then where are the sedition charges? Maybe quit spreading lies?|10159579294728904|Lance Brizard|2022-02-23 00:00:00|1|2|10159579048088904|facebook
, it would've been nice if OPS and the OPP had cleaned this up the second it became an occupation, but they let it spiral out of control. I don't love the use of the EA here, but someone had to do something...|10159579514363904|Colin Spencely|2022-02-23 00:00:00|1|2|10159579048088904|facebook
The precedent of such a low bar to invoke the act will be haunting Canadians for generations. Unless the next government moves to fix this loophole to prevent future PMs from this kind of overreach.|10159579164823904|Dave Carter|2022-02-23 00:00:00|0|2|10159579048088904|facebook
Trudeau would be truly stupid to abuse that power. Unless something notable happens, the likelihood is that absolutely no one will remember next electoral cycle. The truckers protest and the way that they were removed is much more memorable. Everybody saw it live on TV. It makes for a much better and easily digestible political arguments.|10159579262358904|Jonathan Langlois|2022-02-23 00:00:00|1|2|10159579048088904|facebook
"that's because the ""laws in place"" were not used by a spineless Ford. Had Ford done anything other than shift issue by declaring a Ontario emergency. There has to be political will. The mayor can order police to intervene.  Most seem to miss the amount of support police and the experience gained for their cities. Does no one remember the world conference riots in Toronto, Vancouver, or Montreal that didn't happen in Calgary."|10159579662783904|Matthew Harper|2022-02-23 00:00:00|1|2|10159579048088904|facebook
Yes but it pissed off a lot of Canadians!!|10159579187558904|Rudy Beckman|2022-02-23 00:00:00|0|2|10159579048088904|facebook
Word on the street is that the fragmented conservative party may become united under Trump as Trump and most of the conservatives feel sympathetic to their buddy Putin. They getting lessons from Putin on how to overthrow a government.Just as it was planned by the republicans when Biden got elected and now when they tried to overthrow Trudeau. These arent your grandmothers conservatives nowadays!|10159579104068904|Andrew Merritt|2022-02-23 00:00:00|0|2|10159579048088904|facebook
The ndp has been hanging onto trudeaus skirt since 2015 , jagmeet talks tough but bows down to Trudeau every time|10159579146393904|Jim Kavanagh|2022-02-23 00:00:00|1|2|10159579048088904|facebook
Andrew Coyne has never had a correct opinion.|10159579976398904|Ryan Claude|2022-02-24 00:00:00|0|1|10159579048088904|facebook
the economic damage caused by this protest will resonate for years. The US is arguing we are an unreliable market that damaged both their and our industries.|10159585123688904|Gary Duguay|2022-02-26 00:00:00|1|1|10159579048088904|facebook
they’ve said that Trudeau defrauded the election by donating to the non-existent Hilary Clinton Foundation.  It was found that foreign money was spent on social media campaigns that supported Trudeau but the problem is social media advertising is difficult to control who spends to promote what.  What’s to stop someone from paying for ads to support anything they want, especially since they’re in a foreign country.  To avoid this abuse, Facebook turned off the ability to run political ads close to the election. That’s why you’re citing 2 elections ago. Not the recent 2 elections.  Stop spreading misinformation|10159580288628904|Alice Tu|2022-02-24 00:00:00|1|1|10159579048088904|facebook
lol someone watches tv.|10159580228743904|Marc McCarthy|2022-02-24 00:00:00|1|1|10159579048088904|facebook
The problem is that whenever governments are allowed to do ANYTHING they will use it as precedent and justification to do it again and again with each time having less justification. The justification bar was set extremely low this time which should scare the hell out of us since the next time the bar will likely be lowered again|10159579913768904|Zane Grey|2022-02-24 00:00:00|1|1|10159579048088904|facebook
So far, arguments have been made that The First Amendment gives them the right (though what the recognition of Manitoba as a province has to do with it is unclear), and have denied their own arrests because their Miranda Rights were not read to them.  All of which is … not Canada.|10159579457393904|Andrew Aulenback|2022-02-23 00:00:00|1|1|10159579048088904|facebook
"Boring is definitely better because life in canada isn't a blockbuster film. The courts will deliberate on those charged and fines of jail will be handed out to those who broke the law. I wonder how many will argue in court that they had their white flags waving to use ""international law"" to prevent arrest. #bestadviceevern ot"|10159579373273904|Peter Hughes|2022-02-23 00:00:00|1|1|10159579048088904|facebook
bias isn't a case just because you disagree.|10159579347063904|Matthew Harper|2022-02-23 00:00:00|1|1|10159579048088904|facebook
it isn’t non existent. How is that misinformation? It happened. Elections Canada is still working on it. What matters what you say after the foul deed is done. How long before you blame Harper?|10159580323088904|Leslie Robertson|2022-02-24 00:00:00|1|1|10159579048088904|facebook
, why don’t you write the Governor General about it.|10159579262908904|Alice Tu|2022-02-23 00:00:00|1|1|10159579048088904|facebook
first please check your facts and provide sources.  second, those things are unrelated and do not change the fact that even if true, we have an independent Elections Canada that monitors all elections.  three, if you truly believe these lies, why bother having an election at all.  Respecting the vote is about respecting everyone’s vote including your own.  Our PM currently has a minority government, not like true election manipulators like Putin that give themselves 77%.  If you’re truly about freedom and democracy you’ll stop spreading lies but I suspect you’re just a fake account.|10159580240203904|Alice Tu|2022-02-24 00:00:00|1|1|10159579048088904|facebook
Good Lord! He rescinded the Emergencies Act because he is facing federal law suits for activating it. End of story.|10159579707328904|Doreen Kulcsar|2022-02-24 00:00:00|0|1|10159579048088904|facebook
Everything has been out of control The level of hatred some people express is upsetting|10159579210173904|Sharon Taylor|2022-02-23 00:00:00|0|1|10159579048088904|facebook
chaos and the breakdown of civil order is the simple definition. I saw neither of those playing out in the protests. As far as narcissist goes, prime minister dufus is the textbook definition of it. Unfortunately Putin is too and look how that's going.|10159580556313904|Daniel Dawe|2022-02-24 00:00:00|1|1|10159579048088904|facebook
you invited me to go and read a book, but do not know yourself the meaning of anarchy. Every job is sacred, and I love pizza, but since you were lecturing me about the definition of anarchy and invited to research, well I invited you to do the same, detracting from your current occupation. And I love how you label me as “leftie” as if it were an insult. Given where the “right” is, being left to that is an absolute compliment.|10159580538543904|Senia Ra|2022-02-24 00:00:00|1|1|10159579048088904|facebook
"wonder why it is only lefties that worry about my current occupation? Sure didn't seem too condescending while I was military or union leader. Protests can last as long as they are required. You do realize that ""those people"" were also representing part of the population."|10159580433423904|Daniel Dawe|2022-02-24 00:00:00|1|1|10159579048088904|facebook
hmmm, I guess you were too busy delivering pizza to google it yourself. An unelected group that is trying to make a decision taken by a democratic elected parliament occupying a city for three weeks is the definition of anarchists. As to damages, I guess this lawsuit will determine the amount. https:// ottawa.citynews. ca/local-news/ all-of-us-suffer ed-ottawa-lawsu it-going-ahead- against-protest ers-5092327|10159580367508904|Senia Ra|2022-02-24 00:00:00|1|1|10159579048088904|facebook
anarchy? How many injured again? Total bill for destroyed property? Answers to both are none of course. Perhaps you should read a book and look up the word anarchy.|10159580356273904|Daniel Dawe|2022-02-24 00:00:00|1|1|10159579048088904|facebook
three weeks of anarchy and occupation? Ontario Premier and Ottawa Police sitting on their backsides while decent, ordinary citizens were trying to sleep, breath and work? Too many books in self help and word narcissism thrown around. Please.|10159579728548904|Senia Ra|2022-02-24 00:00:00|1|1|10159579048088904|facebook
Elections Canada is the source. This is what they’ve said.|10159580262113904|Leslie Robertson|2022-02-24 00:00:00|1|1|10159579048088904|facebook
foreign money played a major role in the 2015 election as per Elections Canada. The lying liar who lies did what he always does and lied his lying head off to unrightfully usurp the role of PM. His helpers such as LEADnow cynically manipulated our electoral system. Shortly after his “win” he “donated” 200 million dollars of Canadian taxpayers’ hard-earned money to the Hillary Clinton Foundation. Payoff? Worth looking into.|10159580233528904|Leslie Robertson|2022-02-24 00:00:00|1|1|10159579048088904|facebook
I have|10159579265343904|Leslie Robertson|2022-02-23 00:00:00|1|1|10159579048088904|facebook
Laughing stock around the world|10159579076793904|Paul Fredenburg|2022-02-23 00:00:00|1|1|10159579048088904|facebook
Martial law involves the temporary substitution of military authority for civilian rule and is usually invoked in time of war, rebellion, or natural disaster. When martial law is in effect, the military commander of an area or country has unlimited authority to make and enforce laws... 🤦🏻‍♀️|10159579162888904|Alice Tu|2022-02-23 00:00:00|1|1|10159579048088904|facebook
Wow ! Let’s normalize martial law cause that way we can get the great reset!|10159579119693904|Leslie Robertson|2022-02-23 00:00:00|0|1|10159579048088904|facebook
He strong armed them into a confidence vote and then when the senate didn’t want any of it, he backed off so politically he could save himself 😂|10159579235133904|Bailey Roubos|2022-02-23 00:00:00|0|1|10159579048088904|facebook
Fair but the Conservatives arent making themselves any more attractive to centrist voters by crawling into bed with a working class riddled with conspiracy theorists, white supremacists, and hillbilly militias. They may get the PPC voters back, but thats not enough to win an election. And it drives NDP voters into the LPC’s waiting arms as strategic voters.|10159579198068904|Jamie Karr|2022-02-23 00:00:00|1|1|10159579048088904|facebook
Oh I don't know, Liberal arrogance brought them to under 19% not so long ago. As we've just seen, this is a very arrogant government that can't seem to stop themselves from putting their foot in it.|10159579188638904|Adam Slater|2022-02-23 00:00:00|1|1|10159579048088904|facebook
you’ll be waiting a while. The CPC tops out at 33% assuming the PPC doesnt pick up the rightwing nutjob vote. The LPC can run minorities into perpetuity at 30% of the popular vote becauuuuse… the CPC is a regional grievance party, and the only perform well in prairies, and even there they are shaky in the cities.|10159579166898904|Jamie Karr|2022-02-23 00:00:00|1|1|10159579048088904|facebook
Obviously there were enough Liberal Senators willing to humiliate the PM who didn't think the same. Can't wait for Canadians to give this abusive PM the middle finger he deserves at the ballot box.|10159579090558904|Adam Slater|2022-02-23 00:00:00|0|1|10159579048088904|facebook
but what are their charges and why are they not related to misinterpretati on you keep pushing? If they committed sedition they would be charged with it. They weren't so your while argument is based on a lie Where in that writing did it call for the dissolving of government?|10159579972033904|Lance Brizard|2022-02-24 00:00:00|1|1|10159579048088904|facebook
, the purpose of the convoy is not in question. They stated it in writing. I've supplied you with the link elsewhere - Canada Unity's Memorandum of Understanding.  As for holding up, in court...  Ya far-right leaders are mostly in jail right now. TamTam and Patty King are in jail. Dichter is on the run. Barber is out on bail, but has subsequently been caught on tape in SK violating his bail conditions (https:// mobile.twitter.c om/ biancathebrave/ status/ 1496598525529837 570), so we'll have to see if he goes back in. Little Patty King's bail trial resumes tomorrow, so we'll see if he even gets to get out before he faces the consequences of his actions.  OPS has already stated that more consequences will follow all those that chose to participate.  We'll have to wait and see where the pieces land, but I expect the organizers to be hit hard with criminal charges and civil cases. The charges on them are indictable and I expect the Crown will seek heavy penalties against them. Given that the organizers have livestreamed or otherwise broadcasted all the evidence required to find them guilty, they are probably cooked.|10159579902138904|Colin Spencely|2022-02-24 00:00:00|1|1|10159579048088904|facebook
https:// www.google.ca/ amp/s/ www.cbc.ca/amp/ 1.6360883 😂|10159579266968904|Alice Tu|2022-02-23 00:00:00|1|1|10159579048088904|facebook
well all he had to do was speak to them instead of running away to hurl insults. Why are we blaming everyone else because Trudeau refuses to speak to the peasants?|10159579768608904|Lance Brizard|2022-02-24 00:00:00|1|1|10159579048088904|facebook
It? Well, the overthrow of the elected government and installation in its place of a committee chosen from and by the protest organizers is a pretty big “it.”|10159579471078904|Andrew Aulenback|2022-02-23 00:00:00|1|1|10159579048088904|facebook
"don't totally agree/disagree however this occupation certainly had elements of the Capital last January.  Question is how did this ""Freedom Convoy"" end up different then the previous ones to Ottawa! ? There have been several"|10159579467388904|Matthew Harper|2022-02-23 00:00:00|1|1|10159579048088904|facebook
... https:// www.google.com/ url?sa=t&source= web&rct=j&url=h ttps%3A%2F%2Fca nada-unity.com% 2Fwp-content%2F uploads%2F2022% 2F01%2FCombined -MOU-Dec03.pdf% 3F&ved=2ahUKEwj 15PTlmZf2AhV6LD QIHUiXCQAQFnoEC AQQAQ&usg=AOvVa w3o05Gv5HzI438B LTRUj1jg|10159579311848904|Colin Spencely|2022-02-23 00:00:00|1|1|10159579048088904|facebook
yes I know. I messaged the NDP party and Singh.|10159579388178904|Leslie Robertson|2022-02-23 00:00:00|1|1|10159579048088904|facebook
, of note here... The stated aim of this mess was a coup of Canada's elected government and members involved in this bowel movement have made nunerous threats against the PM's life.  Why meet with a bunch of criminals and give them even the tiniest bit of validation?|10159579275083904|Colin Spencely|2022-02-23 00:00:00|1|1|10159579048088904|facebook
not respecting the results of a free and fair election is the fastest way to end democracy because if you don’t respect others vote, why should they respect yours when the leader you want is in power.  It’s sad to see the freedom convoy understands so little about what it takes to truly live in a free society.|10159579415833904|Alice Tu|2022-02-23 00:00:00|1|1|10159579048088904|facebook
Who cares. They don't vote in our elections.|10159579109348904|Debra Yundt|2022-02-23 00:00:00|1|1|10159579048088904|facebook
Leadership at its best from the Senators willing to humiliate the worst PM in Canadian history.|10159579097898904|Adam Slater|2022-02-23 00:00:00|1|1|10159579048088904|facebook
okay, so they're telling the Gov't to follow the rules of the constitution under which they were elected to follow the rules or resign? And in your mind that's attempting to overthrow the Gov't? Interesting view.|10159579473858904|Daniel Dawe|2022-02-23 00:00:00|1|1|10159579048088904|facebook
, which is good. Boring is good when it comes to evicting potentially armed insurrectionist s from Ottawa..|10159579273023904|Colin Spencely|2022-02-23 00:00:00|1|1|10159579048088904|facebook
Have you even read how the act operates? It is not the War Measures Act. and is filled with checks and post use parliamentary review requirements. Politicians will have to answer for their decisions and that's how a parliamentary democracy works. Stop scare mongering.|10159579365083904|Peter Hughes|2022-02-23 00:00:00|1|1|10159579048088904|facebook
no bias is the case when personal liberties were walked over because peaceful protesters did not do as the government instructed. That’s called tyranny and totalitarian rule. You don’t need the globe and mail to spoon feed that to you. But if you feel safer being under the eye of the state I hear there are a few countries that would take you|10159579756068904|Tim Caughill|2022-02-24 00:00:00|1|1|10159579048088904|facebook
See what I mean by hate|10159579211773904|Sharon Taylor|2022-02-23 00:00:00|1|1|10159579048088904|facebook
that is a joke. The NDP are the liberals b*tch|10159579163578904|Tyler Popp|2022-02-23 00:00:00|1|1|10159579048088904|facebook
no oversite? Parliament vote and Senate aren't oversight?? Just like most issues and bills sometimes you can't wait for conservative debate that will result in a no vote. Thank god money went out to support Canadians and not dependent on CPC approval.  As for having read the emergency act where exactly is the abuse? What section?|10159579441943904|Matthew Harper|2022-02-23 00:00:00|1|1|10159579048088904|facebook
- Yes I have read it. That is why the abuse of it surprised and worries me. Saying there is a hi threshold for invoking the act is meaningless when there is no way to enforce that. It is a power that the PM has proven he can wield at will with no oversite.|10159579417783904|Dave Carter|2022-02-23 00:00:00|1|1|10159579048088904|facebook
we haven’t even taken on oil and gas subsidies that handed an inefficient industry to AB yet|10159579398013904|Edmond Engelbrecht|2022-02-23 00:00:00|1|1|10159579048088904|facebook
that never happened!?!?!? According to conservatives. Harper never tried to reassess the abortion or gay marriage issues?!?!? Harper never tried to give General Dynamics $45 billion for a plane that wouldn't work in cold weather (or give GD 90% of all Canadian contracts). Trudeau is an amateur over $900 million 😄 that was never paid out. GD cost $2 billion to end those contracts.|10159579394458904|Matthew Harper|2022-02-23 00:00:00|1|1|10159579048088904|facebook
times are so changing. Guess it was different when Layton kept CPC in power?|10159579338948904|Matthew Harper|2022-02-23 00:00:00|1|1|10159579048088904|facebook
Canadians got to see what happens when protests are out-of-bounds. Good on our Prime Minister!|10159579229278904|Tricia Peachey|2022-02-23 00:00:00|1|1|10159579048088904|facebook
Bias is actually believing the nonsense you posted. Also delusional. The so-called protestors were anything but peaceful. You don’t have to take my word for it, ask the residents of those are areas that were blockaded. It is not tyrannical to tell the so-called protestors to end their illegal activities. However, what is tyrannical is an angry mob of misinformed people,represen ting a small minority of the population, trying to overthrow a democratically elected government.|10159580118448904|Christine Campbell|2022-02-24 00:00:00|1|1|10159579048088904|facebook
yeah forget muzzling scientists during Harper ..|10159579391043904|Edmond Engelbrecht|2022-02-23 00:00:00|1|1|10159579048088904|facebook
…so tell us about the MOU and how that was informing the convoy leaders rather than the line they preached of “peace, love and freedom”….if you want to talk about power…|10159579294598904|Sylvia Watson|2022-02-23 00:00:00|1|1|10159579048088904|facebook
🤣🤣🤣🤣o-m-g if one more person lays out the legacy media excuse, my brain is literally gonna ooze out my nose. IMHO, “legacy media” = they aren’t telling my preferred narrative so they are dumb and I am right.|10159579242888904|Tricia Peachey|2022-02-23 00:00:00|1|1|10159579048088904|facebook
Sad when they talk and prove they have no understanding how the government and use CPC talking points as their entire position.|10159579387843904|Matthew Harper|2022-02-23 00:00:00|1|1|10159579048088904|facebook
Did I tell you how to get elected? You might want to reread my post. I was trying to tell you how you could get rid of Trudeau. Give Canadians an opposition party they can vote for. You hatred of “lefties” must keep you up at night?|10159579371138904|Lynda Hookham|2022-02-23 00:00:00|1|1|10159579048088904|facebook
They published their OFFICIAL goals, from the start, on their OWN website and made no bones about it either. Well, until their lawyers probably pointed out they were, essentially, admitting to sedition.  Here: https:// web.archive.org/ web/ 20220201001209/ https:// canada-unity.com /mou/  NOTHING goes away on the Web. THAT is their MOU as it was stated for the first week or so. They removed it when it became too well known that their stated goal was, in effect, the overthrow of the democratically elected gov't of Canada.  Their MOU states:  “The Senate of Canada and the Governor General, combined referred to as the Federal Government are to uphold and enforce all Canadian and International Human Rights Laws that are clearly laid out in the MOU or RESIGN their lawful positions of authority Immediately.”  It then goes on to say they will form a committee (Citizens of Canada Committee (CCC)(section 3a)) and, essentially take over the gov't with the approval of the Senate and the GG to:  “SCGGC will effective as of midnight on this , day of ________, 2021 instruct all levels of the Federal, Provincial, Territorial, and Municipal governments to immediately cease and desist all unconstitutiona l human rights, discriminatory and segregated actions, and not limited to, immediately instruct all levels of the Federal, Provincial, Territorial and Municipal governments to not only stop, but furthermore waive all SARS-CoV-2 (and not limited to SARS-CoV-2 subsequent variations) fines that have been issued and imposed upon its citizens, institutions, and private enterprises.”|10159579454658904|Andrew Aulenback|2022-02-23 00:00:00|1|1|10159579048088904|facebook
cons can still get on and reach around like before|10159579361108904|Edmond Engelbrecht|2022-02-23 00:00:00|1|1|10159579048088904|facebook
MOU ?|10159579311128904|Daniel Dawe|2022-02-23 00:00:00|1|1|10159579048088904|facebook
..Memorandum of Understanding that was conveniently removed from the Canada Unity website…|10159579313043904|Sylvia Watson|2022-02-23 00:00:00|1|1|10159579048088904|facebook
"""over reach"" seems to be a popular catch phrase over the last few years but conservatives.  Do you agree with Polievre that the only reason emergency act invoked was Trudeau's failure on inflation?"|10159579346288904|Matthew Harper|2022-02-23 00:00:00|1|1|10159579048088904|facebook
He was forced to back down after International money forces + Canada’s bankers forced him to. Do you not get that the Libs are foreign-control led by the World Economic Forum! Wake up.|10159580037898904|Brian J Anderson|2022-02-24 00:00:00|1|0|10159579048088904|facebook
According to gov't shill-apologist Andrew Coyne it was no problem! It always is until the arbitrary measures turn back on you!|10159579209383904|Tom Ramanauskas|2022-02-23 00:00:00|0|0|10159579048088904|facebook
Not silly at all. It was refreshing to hear the Senate members discuss at length how the government had wildly overreacted.|10159579086748904|Tyler Popp|2022-02-23 00:00:00|0|0|10159579048088904|facebook
the damage is done. Like a desperado trying to make his final stand with a gun and no bullets. Albeit very much in vain..|10159579286743904|Jeffery Ruller|2022-02-23 00:00:00|1|0|10159579048088904|facebook
you seen to have forgotten that Layton propped up Harper thru 4 non confidence votes.|10159579337613904|Matthew Harper|2022-02-23 00:00:00|1|0|10159579048088904|facebook
the toriies rammed thru C51. they dont care about your freedoms either|10159579275733904|نعيم صد|2022-02-23 00:00:00|1|0|10159579048088904|facebook
https:// ipolitics.ca/ 2015/03/19/ how-dangerous-is -c-51-you-might -be-surprised/|10159579276158904|نعيم صد|2022-02-23 00:00:00|1|0|10159579048088904|facebook
The problem is that whenever governments are allowed to do ANYTHING they will use it as precedent and justification to do it again and again with each time having less justification. The justification bar was set extremely low this time which should scare the hell out of us since the next time the bar will likely be lowered again|10159579904273904|Zane Grey|2022-02-24 00:00:00|0|0|10159579048088904|facebook
He doesn't have to give them anything. They've shown they're too broke for an election by turning their back on all their values.|10159579368663904|Adam Slater|2022-02-23 00:00:00|1|0|10159579048088904|facebook
The Tories in the UK have managed to take over the Labour strongholds outside of large urban centres. The NDP as kinder gentler Liberals, might go both ways. Anyways, the NDP are broke and will want a lot of time to live this down, so lots can happen in the next few years.|10159579225013904|Adam Slater|2022-02-23 00:00:00|1|0|10159579048088904|facebook
Did I mention the one to avoid a Senate report on Harper's abuse of power??|10159579445213904|Matthew Harper|2022-02-23 00:00:00|1|0|10159579048088904|facebook
Layton would be appalled with the current state of affairs. What happened then has zero connection to now.|10159579340508904|Tyler Popp|2022-02-23 00:00:00|1|0|10159579048088904|facebook
.. for real. A large majority of Canadians disapprove of the nonsense we just witnessed and they aren't likely to change allegiances to support a party that thought Redneck Coachella was a great idea as long as it fell on Trudeau...|10159579271803904|Colin Spencely|2022-02-23 00:00:00|1|0|10159579048088904|facebook
yeah... all of you screaming about an unnecessary election in September suddenly want one now? With a temporary leader??😅😅😅|10159579274073904|Ron Pohl|2022-02-23 00:00:00|1|0|10159579048088904|facebook
they can’t pull their support unless jagmeet pulls his lips off Justin’s 🍆|10159579145628904|Be Rad|2022-02-23 00:00:00|1|0|10159579048088904|facebook
Agreed. Trudeau hates real Canadians. Only dim fools admire him.|10159579234603904|Daniel Joseph|2022-02-23 00:00:00|1|0|10159579048088904|facebook
go back to reading True North, Post Millennial, or Rebel News if you don't like G&M....|10159579360073904|Matthew Harper|2022-02-23 00:00:00|1|0|10159579048088904|facebook
Only if one believes that reality is a purely social construct.|10159579618948904|Hiro Kawabata|2022-02-23 00:00:00|0|0|10159579048088904|facebook
Everything this guy says is silly.|10159579070853904|Nofrendze Cleveland|2022-02-23 00:00:00|0|0|10159579048088904|facebook
if I were planning an invasion of Ukraine, I’d definitely want western democracies preoccupied with domestic dissent. I hear a convoy is supposedly on its way to DC, when mandates are by state and most are lifting.  A bit weird that many protesters here confused US laws for Canadian ones. I guess someone forgot to update the playbook.|10159579165898904|Alice Tu|2022-02-23 00:00:00|1|0|10159579048088904|facebook
keep that tin foil hat on tight there big guy|10159579134133904|Michael Hunter|2022-02-23 00:00:00|1|0|10159579048088904|facebook
Why? This scumbag has been writing pro fascist agitprop for months now...A real POS...🙄|10159579448103904|Graham Anderson|2022-02-23 00:00:00|1|0|10159579048088904|facebook
Agree. Much ado about nothing...|10159579155628904|Joe Bellmore|2022-02-23 00:00:00|0|0|10159579048088904|facebook
Yes, everybody - get a grip!!!|10159579169378904|Donna Blair|2022-02-23 00:00:00|0|0|10159579048088904|facebook
that’s from our PM starting the hatred. And dividing Canadians 🤮🤦‍♂️🤷‍♂️|10159580168618904|Jeff D Shular|2022-02-24 00:00:00|1|0|10159579048088904|facebook
Andrew Coyne reminds me of the Monty Python skit about a dead parrot and Coyne is playing the John Cleese part, saying the parrot is not dead it’s just stunned.|10159579437428904|Eileen Dougan|2022-02-23 00:00:00|0|0|10159579048088904|facebook
"not waiting for the opinion polls? Made a lot of Canadians happy to see action to end an occupation. Sad ""Freedom Convoy"" elected to use occupy tactics."|10159579363493904|Matthew Harper|2022-02-23 00:00:00|1|0|10159579048088904|facebook
Sure, it won't be overused in the future now. Horrible precedent.|10159579440718904|Christopher Marc Andrew|2022-02-23 00:00:00|0|0|10159579048088904|facebook
yes, sure Trudeau get along so well with the Canadian military. 🙄|10159579168313904|Alice Tu|2022-02-23 00:00:00|1|0|10159579048088904|facebook
Wow! …..more baloney from the Globe&Mail…|10159579197583904|Roberta Villeneuve|2022-02-23 00:00:00|0|0|10159579048088904|facebook
I don’t need to blame Harper. I blame your misinformation. You take a small truth, foreign money was spent in favour of Trudeau on social media ads. The money was never managed by Trudeau’s campaign 2 elections ago and there are now measures in place to prevent it.  Then you exaggerate it to say Trudeau knew and then made a pay off. That is misinformation and I will call it out. That’s my “freedom”|10159580355163904|Alice Tu|2022-02-24 00:00:00|1|0|10159579048088904|facebook
By a definition, if the aim is the overthrow of a democratically elected government, it is NOT peaceful.|10159580197458904|Christine Campbell|2022-02-24 00:00:00|1|0|10159579048088904|facebook
"excellent article by Mr. Coyne. The problem with the protesters and many more who were not in Ottawa but elsewhere have a problem... like Trump and his henchmen, they love the slogan "" Fake News"". Because they do not want to hear the truth.. And the way some media were roughed up in Ottawa, it simple does not represent freedom, it is called tyranny...dito for those who tried or did rip off the masks of local residents"|10159580370763904|Jean-pierre Traendlin|2022-02-24 00:00:00|1|0|10159579048088904|facebook
go to Russia to experience real tyranny and totalitarian rule. Stop being a drama queen, you were free to protest sitting in your hot tub and bouncy castles yelling freedom. Try doing that in China, Russia Korea where you have real personal liberties taken and real totalitarian rule. Nice try gaslighting Troll Educate yourself on the words you love to spew|10159583381293904|Paderick Rose|2022-02-26 00:00:00|1|0|10159579048088904|facebook
"go to the Ukraine and then you can talk about how your personal liberties are walked over!!!  Guess you protested and whined about Speed limits Mandatory seat belts Required drivers licence Required registration and insurance  To say this protest was ""peaceful"" then the response was ""mild"".  I'll ask but not likely to get an answer. How did this ""Freedom Convoy"" differ from other convoys over the past few years?"|10159584144213904|Matthew Harper|2022-02-26 00:00:00|1|0|10159579048088904|facebook
"well the videos posted day after day show restrained response.  I'd rather trust the court to determine the protest was an occupation and illegal then listen to your opinion. The convoy crosses the line. Did you argue freedoms were lost when occupy movement tents were torn down? Likely not because you disagreed with them and demanded the government act.  Guess you don't have concerns over the rights and freedoms that the ""Freedom Convoy"" trampled on innocent residents of Ottawa. Your rights are lost if you don't respect the rights of other."|10159584155183904|Matthew Harper|2022-02-26 00:00:00|1|0|10159579048088904|facebook
I thought better of him as well. He has been ‘woked|10159585409228904|Ian Charles|2022-02-27 00:00:00|1|0|10159579048088904|facebook
I read it and rhe only part that came close was the committee formed with the senate to end covid mandates|10159580013663904|Lance Brizard|2022-02-24 00:00:00|1|0|10159579048088904|facebook
NDP = Orange Lieberals|10159579152783904|Robert Yatkowsky|2022-02-23 00:00:00|1|0|10159579048088904|facebook
Did he delete all his misinformation because he was wrong or did he block me because he was wrong?|10159580020523904|Lance Brizard|2022-02-24 00:00:00|1|0|10159579048088904|facebook
that's it?|10159579469333904|Daniel Dawe|2022-02-23 00:00:00|1|0|10159579048088904|facebook
", did you actually read the MOU? Go and read it, junior. I can't read it for you or I would.  There's a bit about the elected government being dissolved only to be replaced by a citizens committee which would rule along with the unelected members of government. It's in there and they published it themselves.  Does that sound like democracy to you? This was an extended far-right temper tantrum wearing a ""freedom"" costume, thrown by those who didn't like the results of the last election."|10159580012833904|Colin Spencely|2022-02-24 00:00:00|1|0|10159579048088904|facebook
“low bar”? They published their OFFICIAL goals, from the start, on their OWN website and made no bones about it either. Well, until their lawyers probably pointed out they were, essentially, admitting to sedition…  https:// web.archive.org/ web/ 20220201001209/ https:// canada-unity.com /mou/|10159579577383904|Stefan Martin|2022-02-23 00:00:00|1|0|10159579048088904|facebook
The problem is that whenever governments are allowed to do ANYTHING they will use it as precedent and justification to do it again and again with each time having less justification. The justification bar was set extremely low this time which should scare the hell out of us since the next time the bar will likely be lowered again|10159579905673904|Zane Grey|2022-02-24 00:00:00|1|0|10159579048088904|facebook
No, really, M. Martin.  We don’t have a First Constitutional Amendment that protects Free Speech. That’s the American constitution, not the Canadian.  We don’t have “Miranda Rights” to be read during arrest to remind us not to incriminate ourselves. That too is American law, not Canadian.  That isn’t “my imagined Canada.” That’s the real one.|10159579866553904|Andrew Aulenback|2022-02-24 00:00:00|1|0|10159579048088904|facebook
it’s not your “imagined” Canada, you mean.|10159579579393904|Stefan Martin|2022-02-23 00:00:00|1|0|10159579048088904|facebook
"never been a Trudeau supporter, never voted for him...but his move when it comes to the so called Freedom Convoy"" was a good one. The freedom convoy IS the low bar here. In the name of Freedom they stole the Freedom of the Ottawa residents. Disgusting. The authorities did a commendable job removing the trouble makers...."|10159580359108904|Jean-pierre Traendlin|2022-02-24 00:00:00|1|0|10159579048088904|facebook
So you get your rock's off watching Trudeau thugs, isn't that nice|10159579388588904|Ron Harris|2022-02-23 00:00:00|1|0|10159579048088904|facebook
Maybe not, but, and this is a big BUT. Canadians got to see first hand what happens when you openly criticize a narcissist. It ain't pretty and if they happen to be in a position of power, it's actually rather scary. I hope they remember.|10159579159533904|Daniel Dawe|2022-02-23 00:00:00|0|0|10159579048088904|facebook
Canadians got to see what a dimwit narcissist with an admiration for China's basic dictatorship is willing to do to it's citizens. The dullards who believe the legacy media are credible sources are the real saps. Take a bow.|10159579239993904|Daniel Joseph|2022-02-23 00:00:00|1|0|10159579048088904|facebook
that's true.|10159581246503904|Vilma Villamor|2022-02-24 00:00:00|1|0|10159579048088904|facebook
It taught the voter to not splinter votes. It taught the voter that even politicians can get into frenzy from too much Canadian media.|10159580037838904|Robert Boyd|2022-02-24 00:00:00|0|0|10159579048088904|facebook
plus the Senate trashed him in debate alone. He knew they wouldn't pass it.|10159579749978904|Barbara MacKenzie|2022-02-24 00:00:00|1|0|10159579048088904|facebook
You are naive. The BIG goal of the Libs and their owners, the WEF, is full blown control & slavery via digital ID, digital currency and a social credit system - just like China! Trudeau and his script writer Freeland will lead the charge and you will walk into the trap, blind.|10159580032863904|Brian J Anderson|2022-02-24 00:00:00|1|0|10159579048088904|facebook
Our PM lives for division not unity. From day one of this protest his strategy was to demonize protesters with lies and exaggerations. Insinuating that thousands of Canadians were racists because of one confederate flag in a sea of thousands of Canadian flags and calling draping a Canadian over a statue desecration is about as low as any Canadian politician has ever gone let alone a PM|10159579911553904|Zane Grey|2022-02-24 00:00:00|1|0|10159579048088904|facebook
always amazes me that a leftie tells ppl on the right how to get elected. We don't believe in your lunatic values and don't want to cater to the leftist insanity.  The way we get someone in that is sane is by showing the ridiculousness of the left.  Leftism...find a cure|10159579308373904|Seane Madge|2022-02-23 00:00:00|1|0|10159579048088904|facebook
What Canadians got to see was a group of unruly, disrespectful, I'll mannered, destructive, people. Who did not even know how to communicate what their issue was. The message kept changing, was emboldened by excitement, raw emotion, that of a mob. The mention of freedom was a insult to the people who fought in the first and second world wars. The only thing that became clear was that this group operates on unruly emotion, allowing themselves to be highjacked by some very questionable individuals. Stop trying to take away our Democratic rights..|10159581632643904|Lida Currie|2022-02-25 00:00:00|1|0|10159579048088904|facebook
Polievre.|10159579308748904|Daniel Dawe|2022-02-23 00:00:00|1|0|10159579048088904|facebook
I do know what the acronym stands for, I would like to see this document.|10159579316443904|Daniel Dawe|2022-02-23 00:00:00|1|0|10159579048088904|facebook
I already vote CPC. Federal and provincial. Sorry I voted for Ford though. I embarrassingly voted for O'toole too. I honestly think Polievre is the way to go. He really does connect with actual Canadians. I was a leftie for most of my life. Until the reality of their ideas became obvious to all of us.|10159579411053904|Daniel Dawe|2022-02-23 00:00:00|1|0|10159579048088904|facebook
No, they are telling the government to do what the protesters say or resign - “dropping all health mandates” isn’t the Canadian Constitution. They are also telling the Senate and the Governor General to eject the House, and install the “committee” of protest organizers in its place.  Not the laws laid out in the Constitution, the “laws” laid out in this MOU.|10159579483753904|Andrew Aulenback|2022-02-23 00:00:00|1|0|10159579048088904|facebook
Buy a membership and vote for the person who Canadians can live with. Not sure if that would be Polievre. But you do you. “All of us”?|10159579431173904|Lynda Hookham|2022-02-23 00:00:00|1|0|10159579048088904|facebook
does that mean all the government officials are going down for their crimes ?! I sure hope so.|10159580157328904|Jeff D Shular|2022-02-24 00:00:00|1|0|10159579048088904|facebook
, nope. My opinion on the Ivermectin Insurrection were strictly drawn by the nonsense they themselves put on the Internet.|10159580261398904|Colin Spencely|2022-02-24 00:00:00|1|0|10159579048088904|facebook
Hahaha. The NDP has been allowing every move Trudeau has made and protecting him from non confidence votes twice but you go ahead and believe they aren’t if that makes you sleep better. My gosh !|10159579690643904|Doreen Kulcsar|2022-02-24 00:00:00|1|0|10159579048088904|facebook
- The review is within a year of the act, so of now effect on the actually invoking of it. Most people would understand that right away. The Emergencies Act is not stepped. Ottawa didn't have to declare an emergency, and nether did Ontario for Trudeau to invoke the act. Again, you need to read the Emergencies Act. There is no restriction on where or to what it applies when invoked.|10159579471453904|Dave Carter|2022-02-23 00:00:00|1|0|10159579048088904|facebook
"Great article. Puts it all in perspective. If you want to look at a real authoritarian regime, check out Russia bombing Ukrainian territory. These ""protesters""in Canada need to get a grip on reality and stop wanting to listen to the hot air coming out of their own mouths - nothing but attention getting."|10159580078433904|Pat Kniginyzky|2022-02-24 00:00:00|0|0|10159579048088904|facebook
if this holds up in court, where are the sedition charges?|10159579767133904|Lance Brizard|2022-02-24 00:00:00|1|0|10159579048088904|facebook
please point out where i supported Thug Ford.|10159579766503904|Lance Brizard|2022-02-24 00:00:00|1|0|10159579048088904|facebook
"so no issues with Ottawa not taking action? No issues with Ford ignoring the issue? Too political for Ford? As stated in the article various levels failed. But please continue only blame Trudeau. Don't blame MP's that told truckers to ignore lawful court orders as it ""makes Trudeau look weak."""|10159579351328904|Matthew Harper|2022-02-23 00:00:00|1|0|10159579048088904|facebook
your so funny.|10159579304503904|Mae Hibbs|2022-02-23 00:00:00|1|0|10159579048088904|facebook
"Never mind that the Great Polievre once quoted the OECD of ""Canada being the WORST..."" and now would never mention that Canada's inflation is below the G7 average and well below G20. Guess Trudeau is responsible for all the global woes."|10159579391208904|Matthew Harper|2022-02-23 00:00:00|1|0|10159579048088904|facebook
bingo|10159579235973904|Daniel Joseph|2022-02-23 00:00:00|1|0|10159579048088904|facebook
Are you really going pin your comment on that. smh|10159579186908904|Debra Yundt|2022-02-23 00:00:00|1|0|10159579048088904|facebook
"if he had spoke with his people and not ran away to hurl insults, this could have been resolved weeks ago. Leaders lead, they don't run away from a ""fringe minority"" of truckers"|10159579171828904|Lance Brizard|2022-02-23 00:00:00|1|0|10159579048088904|facebook
perhaps but Alberta did accept $ 22 Billion in equalization pays. $2 Billion more they they contributed in the previous decade.  So glad when Kenney only waited a year to give out the Fed money for front line workers (less tax of course).|10159579438273904|Matthew Harper|2022-02-23 00:00:00|1|0|10159579048088904|facebook
he has been exposed for exactly what he is - a power grabbing divisive POS who has no business being in the driver's seat of Canada.|10159579094013904|Tyler Popp|2022-02-23 00:00:00|1|0|10159579048088904|facebook
dude he's not inviting you over for dinner🙂|10159579074848904|Nathan Corey|2022-02-23 00:00:00|1|0|10159579048088904|facebook
Seriously find another hobby.|10159579072133904|Andrew Tyler|2022-02-23 00:00:00|1|0|10159579048088904|facebook
"wow. The act requires a review automatically and will be refined. A conservative initiative btw.  So now your complaining that Trudeau removed the emergency act? You understand that 1) Ottawa had to declare emergency 2) Ontario had to declare an emergency  No where is the federal government allowed to send resources or help to a province without a request. With war measures act it was because Quebec requested help.  Without Ontario's failure (please read Ford) there was no way for Trudeau to invoke the emergency act. Just like Singh wanted army to go into help Alberta and Ontario. It was IMPOSSIBLE without provincial request regardless the conservative rhetoric of ""over reach""."|10159579458498904|Matthew Harper|2022-02-23 00:00:00|1|0|10159579048088904|facebook
Some people's world it did.|10159579255383904|Dyann LeBreton|2022-02-23 00:00:00|0|0|10159579048088904|facebook
Defund. Defund. Defund.|10159579137063904|Jeff Durham|2022-02-23 00:00:00|0|0|10159579048088904|facebook
Nothing to see here. Just working class people|10159579407538904|Peter Menzies|2022-02-23 00:00:00|0|0|10159579048088904|facebook
This guy is insufferable.|10159579597443904|Daniel Tate|2022-02-23 00:00:00|0|0|10159579048088904|facebook
The floods in BC disrupted far more trade for many times as long as did FN rail blockades. The 2 days of one border crossing being blocked was such a minor event that it is already forgotten in the US. PS the Windsor blockade ended before the emergency measures started and the Ottawa protest had no effect on trade|10159585921268904|Zane Grey|2022-02-27 00:00:00|1|0|10159579048088904|facebook
So not much of an emergency. It was obvious to everyone.|10159579221163904|Jason Clancy|2022-02-23 00:00:00|0|0|10159579048088904|facebook
