﻿comment|comment_ids|username|datetime|isreply|num_replies|post_id|label
haha, somebody who still believes Sock Boys 🐴💩.|10159553692718904|Ken Erickson|2022-02-09 23:05:04|1|2|10159553607183904|facebook
the government closed the borders to them. They are just returning the favor.|10159553691443904|Ken Erickson|2022-02-09 23:05:06|1|2|10159553607183904|facebook
"Remember "" Stay home save lives"" ken?"|10159553718083904|Dave Smith|2022-02-09 23:05:04|1|1|10159553607183904|facebook
This is a siege conducted by a radical element - nothing more.|10159553675458904|Dave Smith|2022-02-09 23:05:01|0|1|10159553607183904|facebook
Doug Ford needs to step up or he will be out of a job shortly. He has been silent like Trudeau, other than some words that it is time for protestors to go home there has been no action. Both Trudeau's and Ford's jobs are at stake. If I was them I would lift the mandates, but that's me, but these two do not seem to care about being unemployed soon as a result of their inaction.|10159554032388904|Bill Kaufmann|2022-02-09 23:05:01|0|1|10159553607183904|facebook
Wow, they're shooting themselves in the foot. Defeating their own purpose.|10159553686823904|Luc Henry|2022-02-09 23:05:01|0|1|10159553607183904|facebook
End the Mandates then!🤔|10159553966513904|Michael Smith|2022-02-09 23:05:01|0|1|10159553607183904|facebook
0.2% I think that's been disproved.|10159553720018904|Ken Erickson|2022-02-09 23:05:04|1|1|10159553607183904|facebook
they don’t need to do anything as far as I’m concerned. People have a right to protest|10159554841463904|Joe Knight|2022-02-09 23:05:03|1|1|10159553607183904|facebook
Ya? you had better look back to your profile pictures - April 2020|10159553722553904|Dave Smith|2022-02-09 23:05:04|1|1|10159553607183904|facebook
the protest will remain until the mandates and passports are gone. If you have a problem with that then get over it|10159554787573904|Joe Knight|2022-02-09 23:05:03|1|1|10159553607183904|facebook
Highly unlikely. Ontarians haven't wizend in Ford, and the federal NDP aren't going to trigger another election.|10159554063553904|Rocco De Giacomo|2022-02-09 23:05:03|1|1|10159553607183904|facebook
Elected governments who represent the wl of the citizenry are allowed to. Rioting mobs are not.  See the difference?  https:// www.google.com/ url?sa=t&source= web&rct=j&url=h ttps%3A%2F%2Fto ronto.citynews. ca%2F2021%2F12% 2F07%2Fcanada-b order-measures- omicron-poll%2F amp%2F&ved=2ahU KEwiSuLDumfH1Ah XIjIkEHREQBrgQF noECA0QAQ&usg=A OvVaw1GeX4DReYO H7JRTZ19fzy8|10159553720463904|Jim Preyde|2022-02-09 23:05:06|1|1|10159553607183904|facebook
Where the heck is Doug Ford? Most of what is happening in Windsor and Ottawa fall under his jurisdiction. Feds and municipalities are getting flack in the media about this crisis but no one is holding the provincial Cons to account. When is he going to step up and do something?|10159553878583904|Rocco De Giacomo|2022-02-09 23:05:01|0|1|10159553607183904|facebook
City , CBC , Global .... might as well be reading tea leaves.|10159553723523904|Ken Erickson|2022-02-09 23:05:06|1|1|10159553607183904|facebook
Ford will be taken out by his caucus. He will be replaced by somebody similar to a Pierre Poilievre. I do not follow Ontario politics closely, but there are plenty of good people that can step in the leadership role, way better than Doug Ford who is an authoritarian liberal.|10159554909133904|Bill Kaufmann|2022-02-09 23:05:02|1|1|10159553607183904|facebook
who is going to replace Ford? The other candidates are clowns especially Del Duca. Things could be worse. Enjoy the protesting in Ottawa and everywhere else. It won’t end until mandates and passports are gone|10159554789868904|Joe Knight|2022-02-09 23:05:02|1|1|10159553607183904|facebook
They don't effect me in the slightest. However, those complaining or making hey of it should direct their complaints against the administration that has the mechanisms to stop/solve the problems: the Ontario PCs.|10159554838973904|Rocco De Giacomo|2022-02-09 23:05:03|1|1|10159553607183904|facebook
Give it up, G&M. It’s just not supporting the truckers in Ottawa, it’s about keeping freedom of choice for Canadians without government overreach.. keep on truckin.|10159553890103904|Philip Slade|2022-02-09 23:05:01|0|0|10159553607183904|facebook
Just a bunch of idiots. So immature.|10159553722303904|John Snyder|2022-02-09 23:05:01|0|0|10159553607183904|facebook
yeah 2 years ago before all the data was collected. Your point?|10159553749953904|Ken Erickson|2022-02-09 23:05:04|1|0|10159553607183904|facebook
Take it up with Biden. Even if Trudeau changes our mandates what makes you think Biden will?|10159553698468904|Leslie Kruger|2022-02-09 23:05:06|1|0|10159553607183904|facebook
"There are 2 kinds of truckers: 1) those who are socially responsible and caring about the health and safety of others; and, 2) a fringe minority who have co-opted the word ""freedom"" to guise bigotry, hatred, bullying and violence as liberty."|10159553990013904|Gordon Earle|2022-02-09 23:05:01|0|0|10159553607183904|facebook
Do you have ice in your Koolaid?|10159553700263904|John Currie|2022-02-09 23:05:04|1|0|10159553607183904|facebook
Eff off then|10159555065978904|Emelle Mybell|2022-02-09 23:05:04|1|0|10159553607183904|facebook
Be open tomorrow boys we won|10159553851013904|Cary Mackenzie|2022-02-09 23:05:01|0|0|10159553607183904|facebook
They will remain until people are so fed up the military is called and I for one wish Trudeau and Ford would do so soon. Bunch of idiots|10159555065413904|Emelle Mybell|2022-02-09 23:05:03|1|0|10159553607183904|facebook
Good question, Doug Ford is a do nothing good for nothing politician like Justin Trudeau. Both will be unemployed shortly.|10159554033563904|Bill Kaufmann|2022-02-09 23:05:03|1|0|10159553607183904|facebook
I would never lift the mandates for this rabble. I would not engage with criminals in any way.|10159555069023904|Emelle Mybell|2022-02-09 23:05:02|1|0|10159553607183904|facebook
or you can stick with Rebel, Faux, Rumble, Bitchute . . .might as well be reading used toilet paper! 😂🤣😀😆|10159553780323904|Jim Preyde|2022-02-09 23:05:06|1|0|10159553607183904|facebook
