﻿comment|comment_ids|username|datetime|isreply|num_replies|post_id|label
Trudumb has blockaded canadians with his mandates by directing them thru the provinces for 2 years and has destroyed canada, families, businesses, our children's education, our economy and industries, our mental health , our ltc residents elected surgeries and health departments, this narcicistic tyrant needs to be removed from power, he has now become a serious threat and danger to canada and canadians|10159564350988904|Distasi Mich|2022-02-16 18:12:59|0|9|10159564316063904|facebook
This freedom circus run by a bunch of naive simpletons who probably believe in doing more than thinking needs to end that's for sure, emergency or no emergency.|10159564483953904|Jawad Malik|2022-02-16 18:12:59|0|6|10159564316063904|facebook
they aren’t going to end all of them at once. The rest of the world hasn’t either. But they will end. I, like everyone else is done with ALL the non- sense from both sides! It feels like 2 3year olds fighting for a toy they don’t even want! Yes end the mandates, but it needs to be done carefully. We don’t want to go backwards once again. I don’t want to fight/argue with anyone. I have respect for your point of you and I do understand (my husband owns a small business). Just wish my point would be understood as well. Instead of being called names and being told to die.(by others) That’s not very Canadian. The earth seems to have fallen off its axle! Have a wonderful Tuesday and take care.|10159564556793904|Nicole Chaumont Legallez|2022-02-16 18:13:03|1|5|10159564316063904|facebook
"Let me explain please: Simpleton (1) They didn't think that individual freedom ends where collective harm begins. So it's not even a question of freedom. (2) They didn't realize that they don't know anything about a medical matter like this one, and thus have no say in it (however much they don't like it). I'll retract my statement if they start practicing medicine and treat people's diabetes and cancers too. (3) They didn't mention the reason for their silence for so long on the infant immunization already in place in Canada, where kids have to show certificates to get admitted to schools or alternatively to isolate themselves if they are not vaccinated in case of an outbreak (same as covid rules). (4) They failed to realize that they are acting on their feelings, like the feeling of their ""freedom"" being taken away, instead of doing the hard work of thinking and figuring rational and workable solutions, like defining the role of experts and making them answerable for their decisions through appropriate forums like the parliament. But this is a lot less fun than a cross-country road trip with buddies. This by itself qualifies for being categorized as simplistic. Naive (1) They don't realize that this ""government"" and these ""private corporations"" that upset them for their malevolence are nothing but formations from amongst them, and represent their own character. Who works for this government? People. Who works for and holds shares in and earns dividends from these diabolical pharma companies? People. So they are basically protesting against themselves. They are indicting the plaintiff (2) They forget while talking about the ""tyrannies"" of the government, the tyranny they are moving towards by this type of half-cooked activism; the tyranny of the mob; Ottawans can tell better about it (the road to hell is paved with good intentions). (3) It'll take only one deadly wave and a personal tragedy, to stamp all the heroism of freedom fighting out. Tragedy is a terrible teacher."|10159565817813904|Jawad Malik|2022-02-16 18:13:05|1|4|10159564316063904|facebook
"Trudeau is pretending there is an emergency so that he can get his coveted ""basic dictatorship"" powers."|10159564370873904|Dave Carter|2022-02-16 18:12:59|0|4|10159564316063904|facebook
they 2 and a lot of us were and are front line workers ppl forget that and this tyrant inhumane liberal government should be in jail for crimes against humanity you would know that if you were paying attention to what’s really going on and not what liberal paid CBC and CTV lies the pumps in your brain daily|10159564518703904|Justin Walters|2022-02-16 18:13:10|1|3|10159564316063904|facebook
Dave most are too busy with useless talking points to listen to any form of reasoning, what is it called in the house of commons when the libtarts spew nonsince instead of answering the question, oh ya I remember fruit salad, the same as the media throws at us 24/7|10159564662793904|Bev Rose|2022-02-16 18:13:04|1|3|10159564316063904|facebook
maybe in Alberta!|10159564729553904|Adam German|2022-02-16 18:13:07|1|2|10159564316063904|facebook
no why would you even say that. I support front line workers, being one of them.....but not these truckers( acting and paid by zip code thugs)|10159564499888904|Denise Michaud McCallum|2022-02-16 18:13:10|1|2|10159564316063904|facebook
the COVID policy mandates that shut businesses down. Where have you been, under a rock.|10159564655923904|Devin Lawrie|2022-02-16 18:13:08|1|2|10159564316063904|facebook
Police state. No getting around it.|10159564391783904|Michael Vandale|2022-02-16 18:13:00|0|2|10159564316063904|facebook
Why not . You have blockaded our lives since 2019 . When you knew all about the covid 19 virus .|10159564342188904|Adwina Whitsitt|2022-02-16 18:13:00|0|2|10159564316063904|facebook
Martial Law is a little extreme. What happened to the First Minister’s Conference?|10159564444013904|Bryce Mugford|2022-02-16 18:13:00|0|2|10159564316063904|facebook
First he incites by names calling and hateful rhetoric, then he goes into hiding, finally he overreacts...wi th Trudeau this power grab is more than a slippery slope!!|10159564404988904|Nancy Honey|2022-02-16 18:12:59|0|2|10159564316063904|facebook
He needs to resign - zero confidence in his leadership|10159564493258904|Aaron Gordon|2022-02-16 18:12:59|0|2|10159564316063904|facebook
Ontario's lifting of restrictions is being done, 'in spite', of it's citizens, that is what is being said by the premier....ther e is a multi cultural, multigeneration al protest wanting restrictions lifted because mandates are temporary and we harming canadians at this point!|10159564497793904|Kirtan Jester|2022-02-16 18:13:03|1|2|10159564316063904|facebook
which ones the Government's or the truckers?|10159564649618904|Freddy Fresh|2022-02-16 18:12:59|0|2|10159564316063904|facebook
I also read that it was 16% somewhere.|10159564650253904|Kenny Smith|2022-02-16 18:13:07|1|1|10159564316063904|facebook
Cops ignored setting up trucks, bouncing castles and hot tubs.....proble m right there!|10159564421883904|Denise Michaud McCallum|2022-02-16 18:13:00|0|1|10159564316063904|facebook
He could have made an attempt to talk with truckers of concerns. They are citizens after all not a terrorist group. Take away the vaccine mandates and truckers leave. Trudeau is such a dictator and not for the people. None of this makes any sense and we the people are diminished as citizens with any voice.|10159565282178904|Suzanne Smith|2022-02-16 18:12:59|0|1|10159564316063904|facebook
and what source says Trudeau’s approval rating is 16%? The angus Reid institute has Trudeau sitting at a 40% approval rating…|10159564598993904|Adam German|2022-02-16 18:13:07|1|1|10159564316063904|facebook
don't worry his approval rate has now dropped to 16 % ......sock boy will soon be out|10159564518188904|John Turnbull|2022-02-16 18:13:07|1|1|10159564316063904|facebook
This was not about mandates. Mandates was an excuse used. Otherwise it wouldn’t have happened a month before mandates were lifted. This was about the liberal government changing the status quo of the way things have been done. Giving more equality to marginalized minorities.|10159564708598904|Gayle Stevens|2022-02-16 18:12:59|0|1|10159564316063904|facebook
Not an emergency Trudeau your just putting in place because your father did in the 80’s only 2 prime ministers ever in Canada envolked these measures and there both Trudeau’s makes you wonder|10159564477898904|Buffie Aldridge Vanlieshout|2022-02-16 18:12:59|0|1|10159564316063904|facebook
The fact that Canada is now in jeopardy of losing thousands of car manufacturing jobs because American politicians are now questioning why the auto parts industry does business in Canada if a few hundred people can block a boarder crossing in the USA causing $billions$ in lost revenues. The fact the RCMP found a cache of guns, machete’s and other weapons at one of the boarder protests isn’t an emergency? The fact that Canada’s capital city is being held hostage trying to overthrow a democratically elected government and they won’t leave until their political demands are met?|10159564614593904|Adam German|2022-02-16 18:13:08|1|1|10159564316063904|facebook
what mandates did Trudeau make that lost 200,000 jobs?|10159564654658904|Adam German|2022-02-16 18:13:08|1|1|10159564316063904|facebook
they are representing freedom of choice. Freedom is one of Canada’s fundamental principals and they are trying to take it way. The in in acting of the wars act is a complete over-reacher. This is not first ‘illegal’ blockade in recent Canadian history. The problem is Trudeau has no respect for blue collar works. I totally support the truckers and their bravery|10159565623278904|Candace Serduk|2022-02-16 18:13:05|1|1|10159564316063904|facebook
Such a little band of amateurs....... it's embarassing to have this kid in charge.|10159564522608904|Daniel Silcox|2022-02-16 18:12:59|0|1|10159564316063904|facebook
brave, smart. they know that government overreach is much more dangerous than a virus.|10159565489928904|Barbara Bout|2022-02-16 18:13:05|1|1|10159564316063904|facebook
I have friends living in that insane area ...so yes it is mad!|10159564540798904|Denise Michaud McCallum|2022-02-16 18:13:10|1|1|10159564316063904|facebook
nope you actually are part of the problem|10159564478078904|Justin Walters|2022-02-16 18:13:10|1|1|10159564316063904|facebook
, been three weeks of diplomacy asking them to leave. Counter protests are starting to pop up because the citizens of Ottawa have had enough. Only a matter of time before the two sides get face to face, time to end the occupation before it comes to this.|10159564386403904|Troy Coish|2022-02-16 18:13:13|1|1|10159564316063904|facebook
ya sure it’s ppl like you who voted for this disgrace of a human being and cause this mess|10159564482268904|Justin Walters|2022-02-16 18:13:16|1|1|10159564316063904|facebook
Exactly. Poilievre would be lost without something to be angry and sassy about.|10159564426663904|Richard Evans|2022-02-16 18:13:16|1|1|10159564316063904|facebook
"please no....Poilivre is originally from Harper's stomping grounds........ never did anything in life but lucky at ,"" talking""....."|10159564423403904|Denise Michaud McCallum|2022-02-16 18:13:16|1|1|10159564316063904|facebook
2022 has been predicted this clown’s last full year in office. It’s either Pierre Poilievre and back to normal.  Or those crazy lunatics Freeland and Anand|10159564406608904|Chris Battel|2022-02-16 18:13:02|0|1|10159564316063904|facebook
It's not martial law, as they are not bringing the military into it.|10159564673358904|Alex Buchanan|2022-02-16 18:13:15|1|1|10159564316063904|facebook
Two years of bragging about his great pandemic leadership and he needs martial law to retain controls that don't save lives. Justin's an all-star for sure.|10159564640513904|Paul Bell|2022-02-16 18:13:01|0|1|10159564316063904|facebook
It's about time.|10159564480433904|Jan Carmichael|2022-02-16 18:13:01|0|1|10159564316063904|facebook
Too many borderline communist MPs that think they play the role of 'god' for the people.|10159564539643904|Colin Kenny|2022-02-16 18:13:01|0|1|10159564316063904|facebook
Should we not try diplomacy before war?|10159564349638904|Yann Bossel|2022-02-16 18:13:00|0|1|10159564316063904|facebook
How do you know that they aren't bringing in the military? Have you spoken with the PM?|10159564673693904|Kenny Smith|2022-02-16 18:13:05|1|1|10159564316063904|facebook
no, the emergency mandates can't be allowed to continue.|10159564475888904|Kirtan Jester|2022-02-16 18:13:00|0|1|10159564316063904|facebook
No, its a left wing lunatic problem. In the history of Canada only the Liberals have invoked the War Measures/ Emergencies Act. Check your history, all star.|10159564755258904|Michael Vandale|2022-02-16 18:13:10|1|1|10159564316063904|facebook
No, really it's a right wing lunatic problem, don't try to minimize it, no one's buying it.|10159564656778904|Stephen Rasmussen|2022-02-16 18:13:10|1|1|10159564316063904|facebook
It’s called martial law. Look it up. See any differences from Emergencies Act? All over a parking problem.|10159564450753904|Michael Vandale|2022-02-16 18:13:10|1|1|10159564316063904|facebook
how so?|10159564432423904|Mike McCormick|2022-02-16 18:13:10|1|1|10159564316063904|facebook
This divide right here is exactly what they want it’s the goverment not all of us workers|10159564594398904|Justin Walters|2022-02-16 18:13:10|1|1|10159564316063904|facebook
I am not a tru💩, and definitely not Dougie.|10159564564293904|Denise Michaud McCallum|2022-02-16 18:13:10|1|1|10159564316063904|facebook
again you haven’t been paying attention so there is no argument with u keep on being a Trudeau supporter|10159564551693904|Justin Walters|2022-02-16 18:13:10|1|1|10159564316063904|facebook
Hold the insults people.. this is provocative rhetoric and is exactly how our so called leader is running this country. <3 trust me it is hard for me not to go off on this individual. xo|10159564764583904|Caroline Marshall|2022-02-16 18:13:05|1|1|10159564316063904|facebook
Canada lost over 200k jobs in January alone because of Trudeau’s mandates and now you think losing a thousand more is an “emergency”? You’re a joke and so is he.|10159564653803904|Devin Lawrie|2022-02-16 18:13:08|1|1|10159564316063904|facebook
"Maggie Unger OMG, do you even know what ""martial law"" is? Clearly, you don't. They are not bringing the military in to rule civilian law. Just more parroting FB nonsense."|10159564672108904|Alex Buchanan|2022-02-16 18:13:05|1|1|10159564316063904|facebook
you agree with the War Measures Act? You obviously value your and fellow freedoms low. The power this grants Trudop is similar to a police state. All.he had to do was meet the protestors. Were you there? Think not. Threat to security? Racists? Misogynist? White Supremacists? Hardly. Read a little more to understand the immense powers he has over your bank accounts and investments. Horrible.|10159564780128904|Ian Robinson|2022-02-16 18:13:03|1|1|10159564316063904|facebook
*But they were planning on lifting the mandates in March.* Ontario will do that but Trudeau wants to grab power with his emergency Act and keep things going|10159564582403904|Edward R Yatscoff|2022-02-16 18:13:03|1|1|10159564316063904|facebook
"Ford has already announced it. It isn't a ""rumour"". https:// toronto.ctvnews. ca/ ontario-to-lift- vaccine-passpor t-in-march-next -phase-of-covid -19-reopening-t o-begin-early-1 .5780257"|10159564667728904|Alex Buchanan|2022-02-16 18:13:03|1|1|10159564316063904|facebook
the federal government had nothing to do with provincial lockdowns and mandates. In fact in many provinces across Canada it was conservative governments that set the mandates and restrictions in place..|10159564592098904|Adam German|2022-02-16 18:13:03|1|1|10159564316063904|facebook
I am told that we will hear about this lifting, but it is not true. It’s just a rumour.|10159564593738904|Lynn Delaurier|2022-02-16 18:13:03|1|1|10159564316063904|facebook
Ray Lo Why would we want to burden ourselves with the Cons? They have done enough damage...have sold off enough of Canada already!|10159564674238904|Veronika Jose|2022-02-16 18:13:03|1|1|10159564316063904|facebook
Those of yu laughing must be libtards|10159564573898904|Bev Rose|2022-02-16 18:13:04|1|1|10159564316063904|facebook
Maybe he wants to be like King Trump?|10159564767103904|Mark McKaig|2022-02-16 18:13:04|1|1|10159564316063904|facebook
Liberals have done the most damage to Canada. It will take a few generations to fix the mess they created.|10159564972908904|Anna Golodina|2022-02-16 18:13:03|1|1|10159564316063904|facebook
This isn't martial law. There are no troops on the streets|10159564451113904|Richard Evans|2022-02-16 18:13:12|1|0|10159564316063904|facebook
"This has nothing to do with ""power"". It's about stopping these ridiculous protests, especially the illegal ones blockading the border."|10159564664598904|Alex Buchanan|2022-02-16 18:13:03|1|0|10159564316063904|facebook
How about talking instead of acting like a tyrant|10159564433888904|Ana Maritza Cveljo Clinaz|2022-02-16 18:13:00|0|0|10159564316063904|facebook
Msm is complicit.|10159564447733904|Robin Morgan|2022-02-16 18:13:00|0|0|10159564316063904|facebook
thanks ;)|10159565521828904|Kirtan Jester|2022-02-16 18:13:12|1|0|10159564316063904|facebook
Unless they mobilize the military, which they aren't, it isn't martial law.|10159564678378904|Alex Buchanan|2022-02-16 18:13:12|1|0|10159564316063904|facebook
Well, I guess you told them, eh?🙄|10159564669148904|Alex Buchanan|2022-02-16 18:13:12|1|0|10159564316063904|facebook
What was Trudeau in charge of before he was in charge of Canada? The answer? A class of Children. And it shows|10159564897313904|Derek Mitchell|2022-02-16 18:13:00|0|0|10159564316063904|facebook
Jordan Rooley So have we. It's not like we are locked up in our homes, windows boarded, with the military walking around with machine guns ready to take us down if we venture out of the house. Restrictions are lifting. Even Tam said. before the trucker's little party started, we would need to reevaluate our protocols. My god, you'd think we were being whipped and tortured the way some people think. The entire world has had its lockdowns and mandates over the last two years.|10159564661988904|Alex Buchanan|2022-02-16 18:13:03|1|0|10159564316063904|facebook
YES time to control the money|10159564513148904|Antonia Butler|2022-02-16 18:13:00|0|0|10159564316063904|facebook
Duh, you people elected him, it’s your fault he’s still the leader.|10159564497033904|Xway'Waat Deanna Daniels|2022-02-16 18:13:00|0|0|10159564316063904|facebook
right wing likes anarchy and lawlessness only when they do it|10159566332218904|نعيم صد|2022-02-16 18:13:00|0|0|10159564316063904|facebook
They don't want to end it. https:// ipolitics.ca/ 2022/02/14/ liberals-ndp-rej ect-tory-motion -requesting-cov id-exit-plan/|10159564422268904|Edward R Yatscoff|2022-02-16 18:13:13|1|0|10159564316063904|facebook
had we done nothing we'd have a death toll like America|10159564346363904|James G Scott|2022-02-16 18:13:11|1|0|10159564316063904|facebook
your right and most are lifted !!!|10159564828168904|Glen Edwards|2022-02-16 18:13:03|1|0|10159564316063904|facebook
and neither are they it’s not only truckers protesting it a lot of other workers who were force vaccinated and it stands for way more then that all the fake news lies that’s been exposed here the list goes on with this government|10159564593118904|Justin Walters|2022-02-16 18:13:10|1|0|10159564316063904|facebook
Tell us you don't understand what actual tyranny is without telling us|10159564787323904|Erin Johnson|2022-02-16 18:13:03|1|0|10159564316063904|facebook
because many of them did not vote nor are for us Canadian....jus t thugs. Would you want a stranger part in front of where you live/ sleep and honk all the time? On the pretense of fighting mandates?|10159564787813904|Denise Michaud McCallum|2022-02-16 18:13:10|1|0|10159564316063904|facebook
Nether can the mandates. It’s all a simple fix|10159564994938904|Brandon Bartlett|2022-02-16 18:13:00|0|0|10159564316063904|facebook
Wow. Funny how the Globe is always defending the Liberals but will whine and complain about NDP and the Conservatives. Owned by the Liberals are they?|10159564603088904|Rick Price|2022-02-16 18:13:00|0|0|10159564316063904|facebook
So the border blockades should continue unhindered?|10159564427418904|Richard Evans|2022-02-16 18:13:10|1|0|10159564316063904|facebook
It has EVERYTHING to do with power. Fringe group turdeau wouldn't give the time of day to has rattled him, and he's gone nuclear. Now he's passing law to restrict protest funding unless approved by the gov't. Insidious and his cover ploy for his power play. This is exactly how totalitarian gov'ts begin to squelch dissent. Read your history. This gives the federal government enormous powers to quell the disturbances, shut down crowdfunding and freeze the bank accounts of anyone assessed to be aiding the demonstrators. ANY demonstrators they don't like. https:// www.politico.com /news/2022/02/ 14/ canada-emergency -measures-polit ical-firestorm- 00008896|10159564736043904|Edward R Yatscoff|2022-02-16 18:13:03|1|0|10159564316063904|facebook
Jordan Rooley Liberals and NDP voted down a motion to find a 'path forward' to get out of mandates. Why?|10159564734793904|Edward R Yatscoff|2022-02-16 18:13:03|1|0|10159564316063904|facebook
not to mention how he bought media to serve his agenda with strings attached grants|10159564707843904|Daniel Tate|2022-02-16 18:13:03|1|0|10159564316063904|facebook
Ok Mikey, but everyone realizes what's going on, hence the gov't has acted.|10159564763553904|Stephen Rasmussen|2022-02-16 18:13:10|1|0|10159564316063904|facebook
Peaceful protests are a Right!!|10159565484998904|Derek Steven Cunningham|2022-02-16 18:13:00|0|0|10159564316063904|facebook
…”we end up with a minority ruling by force.” That sounds familiar!|10159564853838904|Brad Peavoy|2022-02-16 18:13:00|0|0|10159564316063904|facebook
uhhh no. Health is provincial. Has nothing to do with Trudeau.|10159564671523904|Linda Freeman|2022-02-16 18:13:03|1|0|10159564316063904|facebook
not the same|10159564345933904|Brennan Tan|2022-02-16 18:13:11|1|0|10159564316063904|facebook
idiots from the trailer parks are a much bigger danger. As well, none of what you state in your comment was helped with closing commercial arteries. Claiming to be patriots they have no regard that Canada was established by an act of Parliament, legal action within the representative structure not by bringing down the representative structure.|10159564651178904|Peter Ioannidis|2022-02-16 18:13:03|1|0|10159564316063904|facebook
end the mandates then|10159566937943904|Skyler Swaim|2022-02-16 18:13:00|0|0|10159564316063904|facebook
Oh I never heard what the defined end of the pandemic was. Does anyone else have a federal link to it?|10159564532568904|Yann Bossel|2022-02-16 18:13:13|1|0|10159564316063904|facebook
2 wrongs don't make it right|10159564515063904|Effi Michelle Kapoulis|2022-02-16 18:13:03|1|0|10159564316063904|facebook
Meh, remember the meeting Jody Wilson-Raybould had with Katie Telford of the PMO in which Katie offered to have op-eds printed to support Jody if she changed her decision about SNC-Lavalin. How do we tell what is true opinion from those bought and paid for by the government?|10159564616548904|Real Sense|2022-02-16 18:13:01|0|0|10159564316063904|facebook
End the mandates and give us our God given rights back and then it will be... We need to talk about a few things with our government and we want answers! We can't afford anymore it's time we fix this financial crises and you have some explaining to do about you're spending especially in the last 2 year! 800 billion to 1,2 trillion 💰💵 woo 🧐🧐 on what we were stuck at home no bed were added they just did this, where is the money coming from us! So We deserve to know it's time we get some answers|10159566288913904|Melissa Rose|2022-02-16 18:13:02|0|0|10159564316063904|facebook
Giving another tool to the authorities when they failed to use existing tools ,will not curtail the blockades any sooner. There is obviously a leadership problem here that is allowing this to continue.|10159564588958904|Adam Grant|2022-02-16 18:13:02|0|0|10159564316063904|facebook
yes, and now its truckers who are targeting canadians with their blockades and closures of roads, bridges, cities forcing business to close and workers to not work and harassing and threatening residents while they enjoy a three week street party of BBQing, hot tubing and saunas in the street, drinking beer, bouncy castles, fireworks all while pretending this is FOR canadian workers and business rights and freedoms.|10159564570623904|Ashley Faller|2022-02-16 18:13:03|1|0|10159564316063904|facebook
planning to lift mandates in March. Carrot before the endless running horse and buggy never reaching its destination, run a horse too long the horse dies of cruelty and the buggy stops anyway. Two weeks to flatten the curve..,|10159564570358904|Mj Daggett|2022-02-16 18:13:03|1|0|10159564316063904|facebook
most restrictions were under provincial domain.|10159564547838904|Steve Bond|2022-02-16 18:13:03|1|0|10159564316063904|facebook
Nah. O'Toole would have been fine. Mackay or Charest in the future. Disliking one candidate does not mean the rejection of an entire party once it gets its act together.|10159564489598904|Richard Evans|2022-02-16 18:13:16|1|0|10159564316063904|facebook
"""Targeted, measured emergency."" Brought to you by the same folks who brought you ""two weeks to flatten the curve."""|10159564456688904|Colin Pye|2022-02-16 18:13:01|0|0|10159564316063904|facebook
Ray Lo I never voted for tru💩|10159564498148904|Denise Michaud McCallum|2022-02-16 18:13:16|1|0|10159564316063904|facebook
No debate, this is a power grab by a want to be dictator. Pathetic... and media have been accomplices.|10159565987778904|Nathan Fry|2022-02-16 18:13:02|0|0|10159564316063904|facebook
But government blockades are totally cool and hip|10159565528693904|Randy Lahey|2022-02-16 18:13:02|0|0|10159564316063904|facebook
The police were doing a better job at keeping the blockade going. They put up all the cement barriers and blocked every possible entry to the bridge. People still had access to the bridge but the police blocked those points of entry to keep more protesters from joining in the blockade.|10159564781048904|Paul Chauvin|2022-02-16 18:13:02|0|0|10159564316063904|facebook
Mandates can’t be allowed to continue * fixed it for ya 😙|688745085454237|Isabel Sander|2022-02-16 18:13:02|0|0|10159564316063904|facebook
The overbearing government mandates can’t be allowed to continue.|695963851411460|Doug Ramsay|2022-02-16 18:13:02|0|0|10159564316063904|facebook
The oil and gas industry|10159564570688904|Sam Watson|2022-02-16 18:13:01|0|0|10159564316063904|facebook
What kind of emergency, is it a war time?|10159564969478904|Anna Golodina|2022-02-16 18:13:01|0|0|10159564316063904|facebook
Get juatin out if hiding from.under his mother bed!|10159565263508904|Richard Brown|2022-02-16 18:13:00|0|0|10159564316063904|facebook
As long as Justin is getting his kickback,, he could care less,,, just like the housing problem with money launders.|10159564398283904|Julie Dawson|2022-02-16 18:13:01|0|0|10159564316063904|facebook
The bought and paid for G&M is on board...🙄😆|10159564550928904|Graham Anderson|2022-02-16 18:13:00|0|0|10159564316063904|facebook
Yeah, but......very leadership like...|10159565093093904|Daniel O'Keefe|2022-02-16 18:13:00|0|0|10159564316063904|facebook
this is an OPINION piece..... means nothing|10159564606053904|Ryan Jon|2022-02-16 18:13:00|0|0|10159564316063904|facebook
"When was the situation in Ottawa declared ""illegal"" ?"|10159564653913904|Steph Breton|2022-02-16 18:13:01|0|0|10159564316063904|facebook
JUST shut the hell up. Edna|10159564673893904|Bill Davis|2022-02-16 18:13:01|0|0|10159564316063904|facebook
Justin and his periods...|10159564468583904|Mike Feshter|2022-02-16 18:13:01|0|0|10159564316063904|facebook
Un peu tard, mais vaut mieux tard que jamais!  C’est agréable de constater que le Canada (anglais) et le Québec (les anglophones…) constatent enfin l’amateurisme, l’immaturité, l’incompétence, la mollesse, l’incapacité chronique de prendre des décisions par ce premier ministre qui aurait dû rester dans son métier de base: le théâtre (excuse-moi pour tous les professionnels en théâtre. Vous n’avez rien en commun avec cet amateur peu crédible).|10159566738233904|Christian Groulx|2022-02-16 18:13:01|0|0|10159564316063904|facebook
Bad leadership is all this is. And it shows. Quit defending the wannabe tyrant.|10159564380423904|Keith Ray|2022-02-16 18:13:01|0|0|10159564316063904|facebook
Not surprised, the average lib expects the government to hold their hand all through life. So naturally the lib mps will promise to pay for everything and the rubes fall for it.|10159564731963904|Sandy Marr|2022-02-16 18:13:13|1|0|10159564316063904|facebook
awe you would love communist china|10159564785703904|Rod Port|2022-02-16 18:13:14|1|0|10159564316063904|facebook
, doesn’t make it right|1560426414323172|Doug Ramsay|2022-02-16 18:13:03|1|0|10159564316063904|facebook
Read The Act. What they say they intend it for is irrelevant. Pierre used War Measures to raid his political opponents' homes and offices from coast to coast over the crisis in Quebec. Justin has new powers to grab their cash and their stuff. He's going to go for massive overreach. The martial law, he'll try that in a couple of weeks when he's done raiding but he won't get the violence he's aiming for.|10159564678458904|Paul Bell|2022-02-16 18:13:15|1|0|10159564316063904|facebook
The blockades will continue because this is going to court because it does not meet the criteria to invoke emergency powers.|10159564760918904|Dave Gattinger|2022-02-16 18:13:01|0|0|10159564316063904|facebook
According to the CCLA the government does not meet the threshold required to invoke the act. And according to the Canadian Justice Review Board, government is invoking the act in the name of GG. And the GG has been flooded with requests for a non confidence vote.|10159564455968904|Kathy Atkin|2022-02-16 18:13:01|0|0|10159564316063904|facebook
i never said I was a Trudeau supporter! I live here in Ottawa. I know exactly what is going on. Please don’t assume anything about me. You have no clue! Just like I have no clue about you. I said the organizer not the rest of the protesters that are being used by the organizers. Everyone is frustrated and done with both sides. Take care.|10159564869133904|Nicole Chaumont Legallez|2022-02-16 18:13:03|1|0|10159564316063904|facebook
Ford played a bill 124 for us health care workers.....no one helped us protest this...so f$$$$ off. All gov that most people protesting in trucks. .probably never voted....and are not really protesting anything other than being thugs.|10159564539503904|Denise Michaud McCallum|2022-02-16 18:13:10|1|0|10159564316063904|facebook
"""Trudeau stressed that the Act will not be used to call in the military.  He added: “We are not suspending fundamental rights or overriding the Charter of Rights and Freedoms. We are not limiting people’s freedom of speech. We are not limiting freedom of peaceful assembly. We are not preventing people from exercising their right to protest legally.”  Take it or leave it. Until they do, this is not martial law. And if they do, they will sink themselves even further."|10159564685748904|Alex Buchanan|2022-02-16 18:13:05|1|0|10159564316063904|facebook
But Trudeau supported the farmers in India shutting down hiways for a year lol|10159564518278904|Chuck Seward|2022-02-16 18:12:59|0|0|10159564316063904|facebook
Nothing else will do right now....He has to go !|10159564966978904|Glenda Maduro Mansur|2022-02-16 18:13:06|1|0|10159564316063904|facebook
Trudeau could just end the mandates...  Imagine all the crazy people trying to do mental gymnastics to justify a state of emergency for a guy like Trudeau instead of the obvious solution.|10159564560188904|Dave Bellemare Gosselin|2022-02-16 18:12:59|0|0|10159564316063904|facebook
Why didn’t he try to talk to them first, maybe|10159570936153904|Caroline Rouben|2022-02-16 18:12:59|0|0|10159564316063904|facebook
Your daily reminder that the corporate press is the enemy of the people.|10159564949833904|Alexandre Valois|2022-02-16 18:12:59|0|0|10159564316063904|facebook
is that your best?|10159566406268904|Steve Cobblehoff|2022-02-16 18:13:04|1|0|10159564316063904|facebook
paranoia|10159566375208904|Steve Cobblehoff|2022-02-16 18:13:04|1|0|10159564316063904|facebook
of couse not . Who would want to be like him.|10159564796763904|Christina Boshaw|2022-02-16 18:13:04|1|0|10159564316063904|facebook
"they all sound like a bunch of spoiled kids the way they carry on. It""s time they conducted the House of Commons like adults we are not British."|10159564796083904|Christina Boshaw|2022-02-16 18:13:04|1|0|10159564316063904|facebook
"I""m not a liberal and have never voted for them. I don""t believe he is following Trumps playbook ."|10159564792393904|Christina Boshaw|2022-02-16 18:13:04|1|0|10159564316063904|facebook
Hard to have a 40% approval rating, when only 21% of Canadians voted for Trudope in the first place.|10159564772388904|Matt Miller|2022-02-16 18:13:07|1|0|10159564316063904|facebook
ha ha Angus Reid....every other poll says 16 % but there is good old Angus at 40 % ....|10159564968173904|John Turnbull|2022-02-16 18:13:07|1|0|10159564316063904|facebook
anybody who doesn't agree with him is racist that's because he can't call us stupid that's reserved solely for him|10159564971198904|Glenda Maduro Mansur|2022-02-16 18:13:07|1|0|10159564316063904|facebook
Why did it not occur to me Trudeau to go and talk with truckers May work at a plan like other premieres Instead go to this level of response … makes no sense Where are mp’s in liberal party who understand mediation|10159565254993904|Sue Craig|2022-02-16 18:12:59|0|0|10159564316063904|facebook
You'll never see a nation come together faster than if it's government moves against its own people.|10159564421563904|Sandra Salanki|2022-02-16 18:12:59|0|0|10159564316063904|facebook
He blocked all traffic through the border by land for over a year!|10159564928463904|Iris Heckhausen|2022-02-16 18:12:59|0|0|10159564316063904|facebook
same goes for Jason Kenney. Complete incompetence.|10159564585198904|Paul Van Elsberg|2022-02-16 18:13:06|1|0|10159564316063904|facebook
These guys haven't had a targeted or measured anything this whole pandemic. That is why we are here, they pushed waaay to far and people broke.|10159564646273904|Kenny Smith|2022-02-16 18:12:59|0|0|10159564316063904|facebook
"""Simpeltons"" caused a state of emergency?  You are a snob."|10159566351173904|Teresa M MB|2022-02-16 18:13:05|1|0|10159564316063904|facebook
really, you calling us naive simpletons? This is not Venezuela or China and we are intelligent enough to see what your idols are intent on doing on doing with our country......If you don't like.....you have a choice.......No rth Korea would be nice for you and take Singh and Trudeaau with you......Please we want a free country !|10159564965048904|Glenda Maduro Mansur|2022-02-16 18:13:05|1|0|10159564316063904|facebook
how dare you. Blatant ignorance on your part to categorize your fellow Canadians with such a judgmental and putrid blanket statement. You should be ashamed of yourself.|10159564733078904|Caroline Marshall|2022-02-16 18:13:05|1|0|10159564316063904|facebook
Yea, do you also admire China's basic dictatorship?|10159564646908904|Kenny Smith|2022-02-16 18:13:05|1|0|10159564316063904|facebook
Maggie Unger so you really want to waste your time debating what if??|10159564788108904|Dawn Scott-connolly|2022-02-16 18:13:05|1|0|10159564316063904|facebook
"Maggie Unger wow such a hyperbole! And ya""ll wonder why we think ya""ll flew over the cuckoo nest."|10159564837958904|Dawn Scott-connolly|2022-02-16 18:13:05|1|0|10159564316063904|facebook
Maggie Unger I would tell you to enjoy your conspiracy theories, but you already seem to be 🙂|10159564868223904|Dawn Scott-connolly|2022-02-16 18:13:05|1|0|10159564316063904|facebook
Maggie Unger lmao ya you don't live in reality 🤣 martial law 🤣|10159564895728904|Dawn Scott-connolly|2022-02-16 18:13:05|1|0|10159564316063904|facebook
SiMpLeToNs|10159564643723904|Iliya Kireta|2022-02-16 18:13:05|1|0|10159564316063904|facebook
Do you have any idea what they’re sacrificing by going to Ottawa? this isn’t a party. There is nothing rational about forcing a vaccine on people especially one that’s as ineffective as this. and where were the cost benefit analyses of lockdowns before the subjecting these inhumane restrictions on the population. millions more will have suffered from these lockdowns than anyone who might have been saved. We had perfectly effective pandemic preparedness plans that were pushed aside in favour of china-style lockdowns.|10159566187708904|Barbara Bout|2022-02-16 18:13:05|1|0|10159564316063904|facebook
Of course it's an emergency. They tried to retake the embassador bridge again, and in sure they will try and go back once they get released from jail.|10159567301028904|Dave Beaudoin|2022-02-16 18:12:59|0|0|10159564316063904|facebook
"I respect your opinion, But I think conjectures like the one you quoted do not even remotely capture the complexity of matters in question. ""Government overreach"" and ""a virus"" are complicated terms that need careful consideration. For example, questions, like govts. have to protect people from others' harmful acts, even if it means forcefully. So where and how to draw the line? Or in case of a very complicated and highly technical matter like a pandemic, how to set the role of experts most optimally? It's easy to hop into a truck and join one's buddies on a road trip across the country and do some feel-good, so-called activism, but much harder to develop rational and workable opinions. For these and a variety of other reasons that it would be even longer to discuss here, I see no bravery or astuteness in all this."|10159565719153904|Jawad Malik|2022-02-16 18:13:05|1|0|10159564316063904|facebook
"beg to disagree. Individual freedom ends where collective harm begins. I have no freedom to falsely yell ""fire! run!"" in a crowded mall because it'll harm others. I have no freedom to insist on turning the lights on to watch my favorite tv program when the govt. has ordered a blackout on the night of an air invasion be the enemy, because others will suffer because of me. Similarly, I have no freedom to chose to get a vaccine if the experts think it'll risk others' health. Admittedly, experts are wrong over and over again, but what's the alternative than to listen to people who in theory know the most? It's a human limitation that we pretty much don't know anything about our world, and this facts escapes our understanding. But what we can really do is to very carefully determine the role and authority of expert opinion. But this and many other consequential questions are contemplatively hard, so opting for the easier alternative that gives a rush of feel-good emotions of going on a cross-country convoy with buddies to win ""freedom"", is not smart or brave in my opinion."|10159565730823904|Jawad Malik|2022-02-16 18:13:05|1|0|10159564316063904|facebook
It was his vanity and narcissism which he couldn’t suppress and be a real leader. This crisis just shows how incompetent he is to be a leader.|10159564456428904|Vlad Rybicka|2022-02-16 18:12:59|0|0|10159564316063904|facebook
you just made my point and that was one of the former beauties of this country. You are supposed to able to have youre own opinion. I haven’t seen an once of violence, who’s getting hurt? Pls send me a picture or video. I have seen lots of pics and video of polite Canadian singing the national anthem, hugging police, leaving ‘ I love you’ messages on windshields, saying ‘god bless you’, picking up garage, shovelling snow, playing hockey, etc.  Freedom of expression is one of the essential foundations of a democratic society.  The MSM’s handling of trucker convoy is one-sided, inflammatory and shameful. These people are not racist, homophobic or misogynists. They are hard working and hard hit blue collar workers who want their voices herd. Last year they were hero’s …..|10159565864308904|Candace Serduk|2022-02-16 18:13:05|1|0|10159564316063904|facebook
these ladies articulate things perfectly and eloquently https:// fb.watch/ bcpOBYqLjW/|10159565887403904|Candace Serduk|2022-02-15 15:24:00|1|0|10159564316063904|facebook
: Because health mandates aren't decided by irate truckers.|10159566819668904|Miles Chandler|2022-02-16 18:13:07|1|0|10159564316063904|facebook
Great article!!|10159564925203904|Sarah Hermsen|2022-02-16 18:12:59|0|0|10159564316063904|facebook
yes I do know. If employers paid a sustainable living wage, and paid sick time......pande mic might not have killed as many of us.....lucky vaccine was discovered to alleviate severity and fatal covid ....no liberties were lost, mandates were to save lives.... Eventually pandemic will run its course, and these covid mandates will pass.|10159564534658904|Denise Michaud McCallum|2022-02-16 18:13:10|1|0|10159564316063904|facebook
This is the end of the democracy and the beginning of the dictatorship.|10159564600958904|Renato B Figueiredo|2022-02-16 18:12:59|0|0|10159564316063904|facebook
The Government didn't care about the blockades a few years back. They turned a blind eye. Do some research and remind yourself of how people were negatively affected??? This is another smokescreen by Trudeau.|10159566449843904|Sonia A Milley|2022-02-16 18:12:59|0|0|10159564316063904|facebook
Very easy......Justi n Trudeau must save the country and resign.....very easy don't you think? He was never any good to begin with !|10159564951668904|Glenda Maduro Mansur|2022-02-16 18:13:00|0|0|10159564316063904|facebook
You sir are not worthy nor capable to run anything..pleas e step down...your not wanted !|10159564582123904|Brenda Turcotte|2022-02-16 18:13:00|0|0|10159564316063904|facebook
Will Trudeau find his “Weapons of Mass destruction” and go from zero to hero? Lol|10159566176838904|Rick Shore|2022-02-16 18:13:00|0|0|10159564316063904|facebook
This man is despicable not right in the head why can’t his followers see it .|10159564641898904|Ray Usher|2022-02-16 18:13:00|0|0|10159564316063904|facebook
I was listening to a news staion in the states and they seem to know more about what an emergency act is more than Canadian's. It is our turn that the world points at Justin Trudeau and calls him a hypocritical moron with his obvious overreach. F..k.n embarrassing... .|10159565547178904|John Marche|2022-02-16 18:13:00|0|0|10159564316063904|facebook
Neither can the mandates.|10159564944963904|Lyn Squires|2022-02-16 18:13:00|0|0|10159564316063904|facebook
And now this is a new bar for invoking the Emergency Act. It’s not FLQ, war or any other danger to the integrity of the State. Now it’s to stop a protest. From now on it will be even easier to justify it. You can applaud, but one day it will be your protest. This is guaranteed like death and taxes.|10159564639718904|Oleg Kolenberg|2022-02-16 18:13:00|0|0|10159564316063904|facebook
If you have to debate whether it’s an emergency, it isn’t an emergency…it’s a dictatorial takeover.|10159564976643904|Kevin Delecto|2022-02-16 18:13:00|0|0|10159564316063904|facebook
"Let him try it's gonna be his last ""legacy""."|10159565024008904|Tom Bandy|2022-02-16 18:13:00|0|0|10159564316063904|facebook
It was never about mandates.resear ch the organizers. They used truckers and the mandates to further their goal!  Ppl were conned None of the organizers are truckers!|10159566374093904|Donna Marie|2022-02-16 18:13:03|1|0|10159564316063904|facebook
quit with the fake news|10159566374078904|Steve Cobblehoff|2022-02-16 18:13:03|1|0|10159564316063904|facebook
pressured by the federal government .. it all stems down to the hand that feeds them.. whos going to say no to a billion dollars to implement a vaccine QR code that is easy to make and distibute|10159565106673904|Kieran O'Shea|2022-02-16 18:13:03|1|0|10159564316063904|facebook
then you know very little what’s really going on here front line workers wouldn’t get very far of it’s wasn’t for everyone else working behind the scenes and don’t you forget that|10159564515498904|Justin Walters|2022-02-16 18:13:10|1|0|10159564316063904|facebook
NOT TRUE! Think of the many many misdeeds of the Harper Conservatives!|10159564975933904|Veronika Jose|2022-02-16 18:13:03|1|0|10159564316063904|facebook
It’s even more embarrassing that Moronto still loves that fool.|10159564728123904|Sandy Marr|2022-02-16 18:13:09|1|0|10159564316063904|facebook
wild guess.. truckers are not corrupt but peaceful|10159564799868904|Mary Fleming Faulkner|2022-02-16 18:13:04|1|0|10159564316063904|facebook
How much money do you the globe and mail get from the liberals. Must be a lot. 💩💩|10159564428223904|Mark Whitney|2022-02-16 18:12:59|0|0|10159564316063904|facebook
there is no need for this over reach!1 He needs to be removed from office by his own party NOW!|10159564503463904|Rob Simpson|2022-02-16 18:12:59|0|0|10159564316063904|facebook
An emergency he creates.|10159564518348904|Jan O'Brien|2022-02-16 18:12:59|0|0|10159564316063904|facebook
I don't know if people realize,do you have any clue what an emergency act is and consists of??|10159565543648904|John Marche|2022-02-16 18:12:59|0|0|10159564316063904|facebook
Read the article.|10159564606933904|RoseEllen Ghiz|2022-02-16 18:13:04|1|0|10159564316063904|facebook
Cool consiracy theory, do u also follow qanon?|10159566356158904|Teresa M MB|2022-02-16 18:13:08|1|0|10159564316063904|facebook
i found it amazing that during Covid we found out canada had 1000’s of doctors hidden away using social media and YouTube and now we seem to have 1000’s of intel and people who know exactly what’s going on security wise  Give yourselves a pat on the back. Do you all work out of your basement offices this time too?|10159566369298904|Donna Marie|2022-02-16 18:12:59|0|0|10159564316063904|facebook
2 days ago — Now that the motion is tabled, debate will begin Thursday and will continue, according to the Act, “without interruption” until the vote is ...The debate has now been suspended in Ottawa due to police action.|10159570337123904|Susan Cole|2022-02-16 18:12:59|0|0|10159564316063904|facebook
They don't read history and see how slowly and insidiously Communism starts|10159564583218904|Edward R Yatscoff|2022-02-16 18:13:04|1|0|10159564316063904|facebook
And the cause of it all should not be allowed to continue. When will his party step up & do the right thing & OUST him already.|10159564408288904|John Hughes|2022-02-16 18:12:59|0|0|10159564316063904|facebook
Jordan Rooley I do not disagree with your comment. But they were planning on lifting the mandates in March. It was announced by Ford a month ago. Yes everyone is sick and tired of this yo-yo game. For me, I still thought we were the most free country but after this (my husband owns a small business). I think it has backfired. That’s not good for any of us (whatever side you’re on) I do agree that Canada was not organized in this matter for sure but I think these occupants are a little over the top and this needs to be done with. Feeling very sad for our beautiful country. Take care.|10159564425093904|Nicole Chaumont Legallez|2022-02-16 18:13:03|1|0|10159564316063904|facebook
You are right on Dave, it was his chance to take over the country and make himself dictator, and the NDP help him do it.|10159564427593904|Bev Rose|2022-02-16 18:13:04|1|0|10159564316063904|facebook
.. I reckon the whole world's government's need a totally new overhaul which should include the ordinary working person and not just the rich corrupt twats that infest it all 😉👍|10159565839333904|Andy Twin|2022-02-16 18:13:04|1|0|10159564316063904|facebook
if you are referring to this news article that would be provincial mandates not federal https:// globalnews.ca/ news/8594594/ canada-jobs-janu ary-omicron-loc kdowns/amp/|10159564657578904|Adam German|2022-02-16 18:13:09|1|0|10159564316063904|facebook
François Legault and Doug Ford are the provincial leaders of Quebec and Ontario where the majority of the jobs were lost in Canada due to PROVINCIAL mandates and lockdowns…not FEDERAL The federal government does not interfere in provincial policies|10159564665448904|Adam German|2022-02-16 18:13:09|1|0|10159564316063904|facebook
https:// www.cbc.ca/news/ canada/calgary/ coutts-protest-b lockade-arrests -rcmp-monday-1. 6351112?fbclid= IwAR17Kwn5x9OkX gSoLJwlOPWrL7y8 zIX70_MqI5dzweg HoPZyFqRZDZW9Bf A|10159564668498904|Adam German|2022-02-16 18:13:09|1|0|10159564316063904|facebook
Stand your ground Truckers 👍|10159564611963904|Rino Michaud|2022-02-16 18:13:02|0|0|10159564316063904|facebook
