﻿comment|comment_ids|username|datetime|isreply|num_replies|post_id|label
well I’ve watched it happen. It’s illegal, but they have used it as a threat before and will again.|10159553252063904|Brent Ingberg|2022-02-09 23:09:25|1|8|10159553142023904|facebook
"What these ""protesters"" fail to comprehend is that mask and vaccine mandates are NOT designed to stop or prevent anyone from contracting Covid-19. Eventually, everyone will contract Covid-19! The mandates are only to slow the virus down so we collectively do not overwhelm our health care system. There are only so many ICU beds and ventilators to go around. Once all those are in use, anyone showing up at the hospital with sever covid will have no where to go but back home. And deal with it. If you are not part of the solution then you are part of the problem!"|10159553656443904|David Gray|2022-02-09 23:09:03|0|7|10159553142023904|facebook
Right, it's just a ruse to make trouble. Truckers are being exploited by the right wingers, probably funded in the US. So very shameful.|10159553282188904|Hanny Rentel|2022-02-09 23:09:03|0|6|10159553142023904|facebook
a plan that would see restrictions, passports, and mandates lifted based on % of population vaccinated and number of total hospital bed occupied. We need to see a plan instead of being in a constant state of uncertainty and fear|10159553680718904|Daniel Tate|2022-02-09 23:09:21|1|5|10159553142023904|facebook
If you haven't figured out this is much bigger than the Truckers who are standing for Freedom of choice for Canadians and ALL people around the world. The G&M are standing for a small life, not a free one.|10159553172988904|Darlene Dove|2022-02-09 23:09:04|0|5|10159553142023904|facebook
I’m guessing most trucking companies would think twice about hiring people involved in this. They are looking for good workers, not good whiners.|10159553265363904|Jane Webb Katz|2022-02-09 23:09:03|0|5|10159553142023904|facebook
there’s a word called. Empathy. If the government just destroyed your livelihood because you beleive in your right to choose. You’d be thinking about you too|10159553260538904|Donald Chamberlain|2022-02-09 23:09:28|1|4|10159553142023904|facebook
Free Country go for! Right ? Please do whatever you like with your body and your personal decision . Everyone can do the same Nobody stop you to get vaccinated if you like and want and need|10159554088233904|Dana Frum|2022-02-09 23:09:16|1|4|10159553142023904|facebook
And why would you not do it voluntarily?  It’s free, world leading healthcare.  Or would you prefer to have third world country healthcare? That’s also free and voluntary|10159553873478904|Dev McBain|2022-02-09 23:09:14|1|4|10159553142023904|facebook
the Trudeau government was the ones that lobbied the US to implement a cross border vaccine mandate. The US never had any intention of implementing one.|10159553438293904|Ashley Martin|2022-02-09 23:09:26|1|3|10159553142023904|facebook
until the government can offer clear criteria for ending them, we should all protest their existence.|10159553591823904|Daniel Tate|2022-02-09 23:09:21|1|3|10159553142023904|facebook
They just can’t cross the border without quarantine without getting vaxxed. They can still haul domestic. If they aren’t working, They chose it 🤷‍♀️|10159553324203904|Sana Hil|2022-02-09 23:09:26|1|3|10159553142023904|facebook
"No problem with people questioning their own party. I think it's a good thing that people speak their minds. We all see ""sheep"" in others - I see it in the lockstep of the trucker movement who are not challenging the swastika carriers or the incessant noise. Most people understand the frustration - are all tired of Covid. We don't all agree with truckers laying siege through noise and pollution for weeks on end, threatening the PM, carrying around signs with F Trudeau in a place where children are watching, etc. etc. - just another form of inappropriate aggressive behaviour from protesters that I'm sure you wouldn't tolerate in any cause that wasn't your own. Have a peaceful march (nothing peaceful about trucks honking and blocking the area for days on end), let the government see the dissent, and then go home. As a CEO, I wouldn't hire someone who thought this kind of behaviour was okay."|10159553534453904|Jane Webb Katz|2022-02-09 23:09:18|1|3|10159553142023904|facebook
I love how G&M never addresses the fact that vaccine mandates and Covid passports were always meant to be temporary. Address the crux of the issue: Canadians want these gone!|10159553295218904|Daniel Tate|2022-02-09 23:09:03|0|3|10159553142023904|facebook
really? What part of it isn’t true.|10159553235898904|Brent Ingberg|2022-02-09 23:09:25|1|3|10159553142023904|facebook
yea just like that …..just as I shouldn’t get something injected into my body that I don’t want just to be able to work …. Get rid of the mandates and all this will work itself out … it’s really just that simple actually|10159553302003904|Andrea Montanaro|2022-02-09 23:09:30|1|3|10159553142023904|facebook
I thought it was available now for self -employed but stand corrected. I know owner operators were entitled to CERB so I assumed this too.|10159554007838904|Jane Webb Katz|2022-02-09 23:09:18|1|3|10159553142023904|facebook
enough talk, freedom to harm others is unacceptable; if they don't follow guidelines stay home. The people would be safer without them unfortunately there are many others following them.|10159553195378904|Sam Saunders|2022-02-09 23:09:03|0|3|10159553142023904|facebook
So...you like empty shelves. Everything in Canada moves by truck at some point. I really enjoy the fresh veggies from the US and Mexico this time of year, having grown up on cannned or frozen.|10159553248453904|James Nilsson|2022-02-09 23:09:22|1|2|10159553142023904|facebook
so for the last 2 years well these men and women kept on rolling well you hid in your house. Now that the main threat is over now let’s ruin their livelihood …. And to directly answer your question. FREEDOM. Of CHOICE|10159553424563904|Donald Chamberlain|2022-02-09 23:09:28|1|2|10159553142023904|facebook
yes I was referring to your question” what was that we should have done that was the pandemic start?” That was two years ago so whatever the approach was back then doesn’t apply to now …. The whole thing has changed. The truckers were not protesting 2 years ago and ppl were banging their pots and pans on the balconies….that was two years ago !! Now the situation is different but our PM still wants you at home all masked up ….yeah I know that the game was yesterday ….|10159553279443904|Andrea Montanaro|2022-02-09 23:09:30|1|2|10159553142023904|facebook
as i said you want to fight that. that is your right and if you believe in it fine. But dont effect others doing it.|10159553312408904|Graham William Wood|2022-02-09 23:09:30|1|2|10159553142023904|facebook
it’s not 2020. A significant portion of our population is either immune from omicron infection or protected via vaccination. There is no scientific reason to keep these draconian mandates.|10159555153128904|Daniel Tate|2022-02-09 23:09:21|1|2|10159553142023904|facebook
you hit the nail on the head. No symptoms, yet test positive.someon e has to tell you you’re sick. Look, if you want to live in fear, you have the right to do that, if wearing a hazmat suit makes you feel safe, fill your boots. But give us the right to get back to socializing and a normal life. I have my vaccines, and was told at 70% vaccinated we would be back to normal, we hit that mark and the powers to be moved the goalpost to 75%, then 80%. We are at 90% vaccinated. We don’t need 100% vaccinated. Open the country back up.|10159553434173904|Philip Slade|2022-02-09 23:09:22|1|2|10159553142023904|facebook
genuine question here. If Trudeau goes, who should replace him? And do you not think any other government would have had these restrictions too?|10159553284458904|Paul Leo Clark|2022-02-09 23:09:30|1|2|10159553142023904|facebook
So then you know that the facts show vaccine mandates don't stop COVID. That it's too transmissible so it can't be stopped through vaccination. Even in the countries with the highest vaccination rates COVID is still prevalent.|10159553878318904|Graham Carter|2022-02-09 23:09:31|1|2|10159553142023904|facebook
"Today it's a trucking CEO. Yesterday it was the former head of the Bank of Canada. The more they defer to these ""elites"" the more this starts to look like class struggle rather then just mandates. This is getting out of control."|10159553175918904|Jeff A Kauffeldt|2022-02-09 23:09:05|0|2|10159553142023904|facebook
"LOLOL if that doesnt ice the cake. its about profit not people stupid! The people have to do what we say, because they work for us. talk about corruption. go truckers ... spirit of ""Idle no more."" it starts rough, but gets better. peaceful. a voice. getting harder and harder to ignore, harder to suppress. People"|10159554370153904|Jim LeBlanc|2022-02-09 23:09:03|0|2|10159553142023904|facebook
"Hint: People funded by American Republicans aren't ""patriots"" in Canada."|10159553243293904|Aaron Hawryluk|2022-02-09 23:09:36|1|2|10159553142023904|facebook
well I’m not sure you really understand what I said …. Truckers are not scientists and nobody is saying that here …. What I said is that the biggest “peer review” is having lived thru this for two years …. Again … Are we back to normal? YES OR NO ….. the answer is no so it’s pretty evident that these things haven’t worked … you are not a doctor yourself but you would know if you are still sick after getting the same medication for two years just because it was suggested to you by a doctor …. Or you would be just fine with that …. I don’t think so ! It’s the same thing|10159553421068904|Andrea Montanaro|2022-02-09 23:09:30|1|2|10159553142023904|facebook
Wait, so they DIDN’T lose their jobs?|10159553228528904|Sean Ledwich|2022-02-09 23:09:03|0|2|10159553142023904|facebook
Covid is never going away as of now - but it can only get better if we all work together - there are methods that are proven and until something better comes along it’s all the science community has to go on. So the goal is to minimize the damage and save as many as possible|10159553912318904|Brenda Maclean|2022-02-09 23:09:31|1|2|10159553142023904|facebook
The inevitable deflection. I don’t support unacceptable behaviour in any protest. 🤦‍♀️|10159553678303904|Jane Webb Katz|2022-02-09 23:09:18|1|2|10159553142023904|facebook
might you have any proof of your statements?.|10159554875303904|Jack Bergin|2022-02-09 23:09:19|1|2|10159553142023904|facebook
What a stupid article … a company with thousands upon thousands of trucks of course they were better equipped to handle the impact. …. What’s the impact on the small family trucking firms. That’s where it hurt people|10159553222698904|Donald Chamberlain|2022-02-09 23:09:04|0|2|10159553142023904|facebook
how are they able to predict that? A crystal ball?|10159553640943904|Ivana Islic|2022-02-09 23:09:21|1|2|10159553142023904|facebook
Truckers have to be reliable, level headed people. Not like those right wing ,USA funded hate mongers.|10159553951538904|Carola Muller|2022-02-09 23:09:03|0|2|10159553142023904|facebook
Hmmm. Every media outlet dropped it? Really? I’m sure if it happened it’s out there somewhere.|10159553647728904|Jane Webb Katz|2022-02-09 23:09:18|1|2|10159553142023904|facebook
What were your assumptions about the pandemic initially? I doubt that many people including myself forecast the way it played out. The idea that you put a finite deadline in place while the pandemic is very much in play seems a bit short sighted.|10159553649038904|Michael Patrick Marklevitz|2022-02-09 23:09:21|1|2|10159553142023904|facebook
wtf is wrong with you?|10159554055913904|Devan Schultz|2022-02-09 23:09:14|1|2|10159553142023904|facebook
Have any government employees lost their jobs due to not taking the shot ?|10159553439163904|Wanda Campbell|2022-02-09 23:09:03|0|2|10159553142023904|facebook
then you do not believe in Government - all governments are run by people that specialize in their respective portfolios. They in fact are the experts - the ones in the offices that are hired not appointed. These are the people that advise and recommend actions based on statistical facts and science.|10159553704443904|Brenda Maclean|2022-02-09 23:09:31|1|2|10159553142023904|facebook
you apparently are no smarter at guessing ages than you are in political choices. A lot of people don’t deserve this country.|10159553595308904|Anne Harrison|2022-02-09 23:09:21|1|1|10159553142023904|facebook
why do you care anyways you got what like 5 years left topa|10159553592493904|Kieran O'Shea|2022-02-09 23:09:21|1|1|10159553142023904|facebook
|10159553597753904|Kieran O'Shea|2022-02-09 23:09:21|1|1|10159553142023904|facebook
We need more of the majority to speak up.|10159553838663904|Joe Naszady|2022-02-09 23:09:03|0|1|10159553142023904|facebook
they are temporary. We have not even had them a year. 🙄|10159553577418904|Ivana Islic|2022-02-09 23:09:21|1|1|10159553142023904|facebook
the hell we should! Their mission was to overthrow the government from the get go, now one of their idiot leaders said he is willing to sit down with Cons, NDP,the Peoples party the GG and run the country. Really? A bunch of Trump truckers think they could run a country. They have no idea?|10159553534673904|Anne Harrison|2022-02-09 23:09:21|1|1|10159553142023904|facebook
"""tnc news"" is your source?."|10159555451758904|Jack Bergin|2022-02-09 23:09:19|1|1|10159553142023904|facebook
we have a minority government. Regardless of who else people voted for, they would like to see their guy in power instead.|10159555387988904|Graham Carter|2022-02-09 23:09:19|1|1|10159553142023904|facebook
most? Where are you getting that data and replaced with who?|10159555309323904|Scott Verge|2022-02-09 23:09:19|1|1|10159553142023904|facebook
most of the country would like him to resign, what's your point?|10159555278858904|Graham Carter|2022-02-09 23:09:19|1|1|10159553142023904|facebook
i tried to screen shot it and share it but this page doesn’t allow that.|10159554919588904|Kg Lea|2022-02-09 23:09:19|1|1|10159553142023904|facebook
which is exactly why we are fighting against these mandates …. It’s so ppl can be free to choose what’s best for themselves … that’s the only way to bring back peace across the country and stop the division|10159553327788904|Andrea Montanaro|2022-02-09 23:09:30|1|1|10159553142023904|facebook
I thought liberals were about inclusiveness Your speaking of generalities|10159554884633904|Saad Otarsultanov|2022-02-09 23:09:19|1|1|10159553142023904|facebook
you mean this paper? The one that hasn't been peer reviewed or published? It sounds to me you're stuck in the 11th century when it comes to science. https:// www.medpagetoday .com/ special-reports/ exclusives/97056|10159553351718904|Kenneth W. McDonald|2022-02-09 23:09:30|1|1|10159553142023904|facebook
it’s been “peer reviewed” by millions of ppl around the world that after two long years haven’t been able to go back to the normal lives…. No matter how many times their government have forced lockdowns and restrictions on them ! What other proof do you exactly need to see that we aren’t back to normal? Or you live on a different planet where things are hunky dory? You tell me …..|10159553357098904|Andrea Montanaro|2022-02-09 23:09:30|1|1|10159553142023904|facebook
"would you feel safe flying on a plane whose design was only ""peer reviewed"" (as you call it) by truckers on social media?"|10159553379273904|Kenneth W. McDonald|2022-02-09 23:09:30|1|1|10159553142023904|facebook
is this your wife? Shame on you!|10159553599443904|Anne Harrison|2022-02-09 23:09:21|1|1|10159553142023904|facebook
your missing the point. Livelihoods don’t get destroyed if you skip the dentist. These mandates are not based in science and are highly destructive.|10159555011378904|Daniel Tate|2022-02-09 23:09:21|1|1|10159553142023904|facebook
"You can stop throwing ""freedumb"" around, real Canadians don't buy American-style jingoistic propganda."|10159553300488904|Aaron Hawryluk|2022-02-09 23:09:30|1|1|10159553142023904|facebook
and you know that because the media told you I’m guessing|10159553851243904|Donald Chamberlain|2022-02-09 23:09:28|1|1|10159553142023904|facebook
They are independent truckers who own their own truck and are not tied to a specific company. They take loads on an individual basis.|10159553244763904|James Nilsson|2022-02-09 23:09:26|1|1|10159553142023904|facebook
that affects everybody else as well. You don't see 34 million Canadians blocking each others streets in protest, just the ones who think themselves so superior, that the greater good is of no import to them.|10159553339193904|Hanny Rentel|2022-02-09 23:09:26|1|1|10159553142023904|facebook
How about the Carbon tax increases, food, rent ...etc. That effect them too. A living wage the reflects employees living situations.|10159553201278904|Shane O'Hara|2022-02-09 23:09:03|0|1|10159553142023904|facebook
Sure. The bridge between Detroit and Windsor is blocked, a quarter of all US/Canada trade is going through it... Not an issue. Not at all.|10159553307923904|Ollie Sha|2022-02-09 23:09:04|0|1|10159553142023904|facebook
Do you have any Idea how temporary work permit works. If not go educate yourself.|10159553240943904|Arshdeep Singh Kang|2022-02-09 23:09:25|1|1|10159553142023904|facebook
What a ignorant comment you made about deportation.|10159553229308904|Arshdeep Singh Kang|2022-02-09 23:09:25|1|1|10159553142023904|facebook
One thing people don’t realize about these big trucking companies is. A large part of there employees are working under visa’s, trying to become Canadian citizens. If they lose their employment they risk deportation. So these big companies told them to get it or lose their jobs, which is a terrible amount of power to have over an employee. So ya, it didn’t effect them, but you have to wonder why.|10159553191828904|Brent Ingberg|2022-02-09 23:09:03|0|1|10159553142023904|facebook
A blocked border is what will also hurt a small trucking firm or an independent trucker.|10159553251473904|Sue Ngary|2022-02-09 23:09:28|1|1|10159553142023904|facebook
the protesters do not care about anyone but themselves. They have their own agenda. As Canadians we care about each other and about OUR COUNTRY !|10159553254658904|Dave Saban|2022-02-09 23:09:28|1|1|10159553142023904|facebook
🤔 - perhaps - and is that funny or sad?|10159553340418904|Brenda Maclean|2022-02-09 23:09:24|1|1|10159553142023904|facebook
why do the truckers think they should have an exemption from a US law that every other border crosser must follow? 🤷‍♀️|10159553289718904|Lynn Marie|2022-02-09 23:09:28|1|1|10159553142023904|facebook
First of all, I didnt hide in my house. Second of all, 90% of truckers are vax’ and still truckin’. If you exaggerate, you lose credibility. If you care.|10159553833388904|Sue Ngary|2022-02-09 23:09:28|1|1|10159553142023904|facebook
by the way not once did anyone say 70% vaccine rate would put as back to “normal”. Fake news yet again to suit your comments. I also find it interesting that there seems to be a lot of claims about being vaccinated. An observation.|10159553441608904|Steve Cobblehoff|2022-02-09 23:09:22|1|1|10159553142023904|facebook
im in the prime of my life im good , definetly not listening to old bags that lick the government boots|10159553601103904|Kieran O'Shea|2022-02-09 23:09:21|1|1|10159553142023904|facebook
Perhaps he doesnt do his own grocery shopping, and is rich enough to not notice the inflation!!!!|10159553418013904|Derek Steven Cunningham|2022-02-09 23:09:04|0|1|10159553142023904|facebook
how do you know who has it now and who doesn’t? Laughable|10159553418418904|Steve Cobblehoff|2022-02-09 23:09:22|1|1|10159553142023904|facebook
hmmmm, funny how for the past 11 days 1000s of people have gathered hugged, and partied, without masks, and no Covid outbreak. Hmmm makes you think, don’t it? Maybe the mandates should be lifted so you could have the freedom to wear your mask, and we have the freedom to live life normally.|10159553361933904|Philip Slade|2022-02-09 23:09:22|1|1|10159553142023904|facebook
"""freedom to harm others"" what on earth are you going on about"|10159553304878904|Frank Ch Eigler|2022-02-09 23:09:22|1|1|10159553142023904|facebook
It was yesterday (the hockey game). And freedom means we can choose to wear our masks (yes we pretty much all know now that its n95 or kn95) without getting hassled by anyone.|10159553264313904|Sue Ngary|2022-02-09 23:09:30|1|1|10159553142023904|facebook
how do you stand up for rights and such while taking way the rights freedoms of average people living in ottawa downtown|10159553276828904|Graham William Wood|2022-02-09 23:09:30|1|1|10159553142023904|facebook
livelihoods get destroyed when you have significant portion of the population sick. That doesn’t take into account dead people. Either you want this to end or not. Spreading dis/ misinformation and a virus is not going to work. The mandates didn’t put truckers out of work. They protest mandates (though that is not what this abouts) but didn’t say boo about the elderly being left to die alone and in filth because conservative governments privatized old age homes. What do you think are happening to livelihoods because of this protest. Protests don’t mean punishing your fellow citizens unless you really don’t care about them. I have participated in protests, on parliament hill and road blockades. The road blockades weren’t noisy and we simply gave drivers pamphlets and let them go on their merry way. We didn’t make noise, we didn’t insult people and we didn’t carry the flags of dictators. I may be a sheep but you are a puppet being played by rich Americans who want to overthrow democracy. There is nothing democratic or free about what these protestors are doing. And truckers are only a small part of this. They are disposable cannon fodder for people who would really like to control you. If you think being controlled by the likes of Elon Musk is better than a democratically elected government, than you are in for a ride. Go live in Russia if you like oligarchies.|10159555054798904|Mary Dale|2022-02-09 23:09:21|1|1|10159553142023904|facebook
the truckers are pawns in a political game and they, like you, don't realize it. When you do, let us know.|10159553587138904|Amie Genevieve Guerin|2022-02-09 23:09:19|1|1|10159553142023904|facebook
there are plans and there has already been a gradual lifting of mandates. I cannot believe the people that are complaining about continued vigilance. No one likes mandates. So what? I don’t like going to the dentist but at least if I don’t, I don’t affect others.|10159554985848904|Mary Dale|2022-02-09 23:09:21|1|1|10159553142023904|facebook
…re your reference to John Hopkins: this was was an unpublished, non-peer reviewed anti-lockdown study written by an economist with no epidemiology experience. (Steve Hanke, PhD, a professor of Applied Economics) The other two authors aren’t even from JH. And the authors called it a “working paper”. Interestingly it was, of course, promoted by Fox News…|10159553282863904|Sylvia Watson|2022-02-09 23:09:30|1|1|10159553142023904|facebook
sure and what has the real life experience told you now after two years? Are we back to normal! NO …. So they haven’t worked …. Simple as that You don’t need a study to be able to see that|10159553291293904|Andrea Montanaro|2022-02-09 23:09:30|1|1|10159553142023904|facebook
could been worse could have been otool :P|10159553293643904|Graham William Wood|2022-02-09 23:09:30|1|1|10159553142023904|facebook
and thats why the protests are happening dont get yourself on the list pal|10159553589618904|Kieran O'Shea|2022-02-09 23:09:19|1|1|10159553142023904|facebook
all the same people! Mainstream or should I say Trudeau’s personal photographer took pictures of the guy at different locations to make it seem like there were more. True North News has a 6500 reward to anyone who can identify the guy with the flag. That reward has now been matched by others who want to identify him.|10159554530198904|Kg Lea|2022-02-09 23:09:19|1|1|10159553142023904|facebook
they can't cross the border because the Biden administration has brought in a vaccination mandate. The Trudeau administration should have done nothing and the Americans would have been the bad guys....|10159553397363904|Mike Gowing|2022-02-09 23:09:26|1|1|10159553142023904|facebook
Right wing kooks have used this as an excuse to try to overthrow a democratic government.|10159553197423904|Heather Johnston|2022-02-09 23:09:03|0|1|10159553142023904|facebook
try a nearby mirror 😊|10159553280318904|Mj Daggett|2022-02-09 23:09:18|1|1|10159553142023904|facebook
it’s all about education and seeing the facts - health choices cannot be emotional they have to be pragmatic -  I’ve adopted this motto for 2022 -  “It’s just that simple”|10159553875638904|Brenda Maclean|2022-02-09 23:09:31|1|1|10159553142023904|facebook
Ya but their not from Canada they are some of those companies that come here and are part of the modern day slavery some of them have two drivers and they have a hole cut in cab floor so they don't have to stop to have a leak or poo most garages refuses to work work on them because if they to work at sewer they would gotten a job with the city working in the underground sewer systems|10159553605693904|Ray Smith|2022-02-09 23:09:03|0|1|10159553142023904|facebook
sorry no pressure here, I educated myself using scientific journals …. It made sense to vax!|10159553844033904|Mia Algarvio|2022-02-09 23:09:16|1|1|10159553142023904|facebook
So lift it for EVERYONE So many got vaccinated under the pressure they will be suspended without pay 💰and fired|10159553352988904|Dana Frum|2022-02-09 23:09:03|0|1|10159553142023904|facebook
OH NOO You mean its all about their politics . Pat King. Tamara Lich .|10159553433878904|Diane Maksoud|2022-02-09 23:09:03|0|1|10159553142023904|facebook
Do your research on hospital numbers and deaths over the last five years!! Or is that beyond your abilities? 1🤔|10159554216123904|Sue Childerley|2022-02-09 23:09:08|1|1|10159553142023904|facebook
And that is why they are looking for 26000 new employees, because they aren't short handed by the mandate lol|10159553406193904|Mel Smith|2022-02-09 23:09:04|0|1|10159553142023904|facebook
Oh please you overloaded people …. You have no idea what the third world is… the very people you hate and despise  Your problem is lack of education. Surprising given how much I used to respect Canada… I guess I was wrong|10159554180338904|Dev McBain|2022-02-09 23:09:14|1|1|10159553142023904|facebook
If you have gmail address you can earn $5000 weekly without investing or sending money to anyone ask how for info|10159554044763904|Cynthia Johnson|2022-02-09 23:09:14|1|1|10159553142023904|facebook
Ted Cruz isn't broke, and I'm betting he and lots of his rich buddies donated to the convoy. Which is why he got so upset when GoFundMe decided not to allow the donations.|10159553293758904|Aaron Hawryluk|2022-02-09 23:09:36|1|1|10159553142023904|facebook
dead serious|10159554034633904|Devan Schultz|2022-02-09 23:09:14|1|1|10159553142023904|facebook
the 300,000 Canadians sitting in Florida right now aren't American Patriots either, but they're sure making it a point to be in a Red State every winter aren't they?|10159553256658904|Lori Welch|2022-02-09 23:09:36|1|1|10159553142023904|facebook
Well this citizens are wealthy citizens not scared rats 🐀 like you They are here to fight for a cause But your brain 🧠 is in sleeping mode|10159553464893904|Dana Frum|2022-02-09 23:09:18|1|1|10159553142023904|facebook
Way to go Global and Mail anything to make the News again.🤮|10159553195023904|Rino Michaud|2022-02-09 23:09:05|0|1|10159553142023904|facebook
um this is the globe and mail not global, you really should read before you comment...|10159553198008904|Damon Nomad-Roth|2022-02-09 23:09:33|1|1|10159553142023904|facebook
9 outta 10 people that it comes up in convo with were bullied in some fashion|10159553935093904|Devan Schultz|2022-02-09 23:09:14|1|1|10159553142023904|facebook
I’ll correct that I mean Global and mail|10159553207313904|Rino Michaud|2022-02-09 23:09:33|1|1|10159553142023904|facebook
Perhaps we could do a survey of drivers who work for large companies and ask them if their employer told them to get vaccinated to keep their job. Or did they all do it voluntarily? I think that's a fair question.|10159553485278904|Rob Bourelle|2022-02-09 23:09:03|0|1|10159553142023904|facebook
Then I guess there are no lefty truckers. Everyone knows the lefties are loony and depend on handouts to survive in their safe space.|10159553988573904|Fitzroy Antdantilus|2022-02-09 23:09:09|1|1|10159553142023904|facebook
or how to say I randomly post without research|10159553211463904|Damon Nomad-Roth|2022-02-09 23:09:33|1|1|10159553142023904|facebook
Research I don’t see you in Ottawa whit the freedom convoy repotting all the positive things there are doing .They are asking for Freedom for Everyone not just You on Me it’s EVERYONE.|10159553550353904|Rino Michaud|2022-02-09 23:09:33|1|1|10159553142023904|facebook
don't think that word means what you think it means...|10159553554763904|Damon Nomad-Roth|2022-02-09 23:09:33|1|1|10159553142023904|facebook
Say whatever the Government tells them the Media wants to lie about.|10159553172253904|Lori Welch|2022-02-09 23:09:05|0|1|10159553142023904|facebook
Revoke their licences to drive a truck. A good solution.|10159553181918904|Anthony Fornasier|2022-02-09 23:09:35|1|1|10159553142023904|facebook
, sadly, you are very right. All sides can call it what they want- 'harm to others', 'freedom', etc- at its core, this will end up being a class struggle. I break 'class' ranks on this issue with my very lucky, well off, and largely immune from pandemic stressors fellow upper middlers. We are tone deaf at our peril.|10159553216438904|Kelly Anthony|2022-02-09 23:09:35|1|1|10159553142023904|facebook
...you are the second person I saw on Facebook today that has common sense...bravo for you! I was going to quit fb but I know there's still hope...I guess I'll stay for the long haul...lol|10159553856183904|Laurie Dennis|2022-02-09 23:09:31|1|1|10159553142023904|facebook
He needs to listen. They are saying now another booster and a fourth and then what? Most of them had 2 and some 3 shots and still mandates. They are questioning it as what he is doing is cutting out the small business. No more middle class. The rich get richer the poor get poorer and next thing you just like China|10159553506758904|Ann Weyrich|2022-02-09 23:09:03|0|1|10159553142023904|facebook
I'm well aware of the facts. They're being acted on in countries around the world. You may have faith that the government always acts in your best interest, I do not.|10159553552478904|Graham Carter|2022-02-09 23:09:31|1|1|10159553142023904|facebook
yes they are hurt by it, but at some point people can't just sit around and take this. It's short term pains for long term gains, which was what they said about 2 weeks to flatten the curve. New data points to mandates don't work anymore, it's just become too transmissible. Protect the vulnerable, and move on.|10159553269233904|Graham Carter|2022-02-09 23:09:31|1|1|10159553142023904|facebook
yes I agree - and the most vulnerable are the aging and the students now - with reports coming out that Omicron may cause dementia and diabetes and let’s not forget ED -  If people don’t see that the vaccine protects our society long term than they are short sighted and have given no thought beyond themselves.  Listening and watching men get on FB about what’s going on in OTTAWA while smoking a cigarette and being so care free about their own health makes one wonder - who’s smarter?  “An ounce of prevention is worth more than a pound of cure”  But hey we all meet our karma on our deathbeds|10159553352978904|Brenda Maclean|2022-02-09 23:09:31|1|1|10159553142023904|facebook
well said|10159554019868904|Joshua Thein|2022-02-09 23:09:08|1|1|10159553142023904|facebook
So let people make that choice. We do that already.|10159553356258904|Graham Carter|2022-02-09 23:09:31|1|1|10159553142023904|facebook
to a degree I agree let the survival of the fittest take effect - but having taken care of several dying family members I know human nature and on that deathbed they want a cure to live another day.|10159553360893904|Brenda Maclean|2022-02-09 23:09:31|1|1|10159553142023904|facebook
So ‘little guys’ arent hurt by border closures and the inability to move their truck and actually work? You are blind as well as tone deaf.|10159553260218904|Sue Ngary|2022-02-09 23:09:31|1|1|10159553142023904|facebook
There was a video showing truckers confronting a man with a swastika... the media dropped it quickly... as it doesn't fit in with the smear campaign.|10159553642263904|Kevin Goodwin|2022-02-09 23:09:18|1|1|10159553142023904|facebook
Of course it's not a problem for them, that's the point, big corporations have done fine throughout this pandemic, it's the little guys who have been hurting. This is so tone deaf it's unbelievable.|10159553234328904|Graham Carter|2022-02-09 23:09:04|0|1|10159553142023904|facebook
If you were there and witnessed that response to swastikas etc I will happily stand corrected and applaud those people. Doesn’t address the noise, pollution, f signs or unacceptable length of siege however. Someone I know who lives there has sent me audio of the noise they are dealing with - wasn’t the news.|10159553637768904|Jane Webb Katz|2022-02-09 23:09:18|1|1|10159553142023904|facebook
I’m sure BLM was getting these same posts from you in the summer|10159553634088904|Brian Mullin|2022-02-09 23:09:18|1|1|10159553142023904|facebook
not at all. There's a shortage of drivers. They need them|10159553612738904|Vicki Baulch|2022-02-09 23:09:18|1|1|10159553142023904|facebook
"There were only one or two swastika carriers... and they were INDEED CHALLENGED by the truckers... one was a leftist activist trying to swear the truckers... he was driven off. The other one had a childish sign of Trudeau attached to a swastika... he was not supporting fascism. There were no Confederate flags.  The idea in the media was to smear the trickers as ""racists"" and ""bigots"" and of course you took the bait. We no longer have any legitimate media in Canada."|10159553589953904|Kevin Goodwin|2022-02-09 23:09:18|1|1|10159553142023904|facebook
And, the actual hero truckers, the ones who got vaccinated and are still on the job keeping our shelves full (rather than the unvaccinated ones who have quit their jobs and are acting criminally to make sure our shelves can't be stocked)...  Yawned.  That's just how irrelevant the slow gazelles who tapped out early because COVID got too hard (but who are yet cosplaying tough guy) are...|10159554677313904|Douglas Connors|2022-02-09 23:09:03|0|1|10159553142023904|facebook
yea but if you try and force them before hand they will fight you tooth and nail. My grandma died with fluid in her lungs and a cigarette in her hand a week before. You can't mandate people make smart choices.|10159553364083904|Graham Carter|2022-02-09 23:09:31|1|1|10159553142023904|facebook
https:// www.ctvnews.ca/ mobile/politics/ liberal-mp-break s-ranks-over-pa ndemic-policies -1.5772722|10159553487663904|Mark Tavares|2022-02-09 23:09:18|1|1|10159553142023904|facebook
that doesn’t mean it’s right. And Emergency Measures Act has been in place in our laws for decades - we have very smart people involved in the operating of this country and they check and balance all decisions made on behalf of the people of this country we have to let them do their jobs - especially when we don’t know all the facts because you and I don’t and neither do the truckers or the LPNs or the ‘old ladies’ down the street - all we have is opinions until we see the scientific facts|10159553519048904|Brenda Maclean|2022-02-09 23:09:31|1|1|10159553142023904|facebook
you sure don’t know much about how trucking operates. It shows. Most of these drivers own their trucks and are self employed. EI isn’t applicable. They are owner operators not company drivers 🤦🏻‍♀️|10159554001288904|Charlene Zenkawich Doell|2022-02-09 23:09:18|1|1|10159553142023904|facebook
no need for a border when you have no drivers left and the government just destroyed your business|10159553259153904|Donald Chamberlain|2022-02-09 23:09:28|1|0|10159553142023904|facebook
$$$$$|10159553309378904|Marc-André Leduc|2022-02-09 23:09:05|0|0|10159553142023904|facebook
It has shown the failure of our education system and objective critical thinking. Although the deep divide is actually the Conservative government itself divided, with a smidge of the far left. The far left and the far right tend to have more in common then they like to admit from a psychological perspective. The far right don't like authority telling them what to do(its why they don't like government up in their private business and the far left don't like government at all. Anarchists. So really we are dealing with dueling egos. This is why the anti vaxx cults tend to use emotional arguments based upon insecurities and misinformation rather then facts and figures. Its really about ones ego. I noticed not only is the antivaxxers have been repeatably shown to be wrong they debate about the right to be wrong under the guise of civil liberties even though its been demonstrated scientifically that by giving in to the anti vaxxers we may worsen the spread with even more mutant strains. Cutting of the nose to spite the face. Do we really want to go there? Pride before the fall? When will the government get back to science(evidenc e) based policies instead of all these silly egocentric arguments that have little to do with health measures for the safety of the general public. People before ideologies please.|10159553226498904|Andrew Merritt|2022-02-09 23:09:05|0|0|10159553142023904|facebook
🚛 🚚🚛🚚❤🇨🇦💪|10159553650003904|Luke Anthony Greatrex|2022-02-09 23:09:05|0|0|10159553142023904|facebook
Because lots are still hauling the goods .. that’s the plan UNITED|10159553308608904|Dawn Kuzio|2022-02-09 23:09:05|0|0|10159553142023904|facebook
They can get vaccinated if they are crossing the border or do without work.|10159553285098904|Donna Boyd|2022-02-09 23:09:28|1|0|10159553142023904|facebook
Class 1 licenses are provincial not federal.|10159553250723904|James Nilsson|2022-02-09 23:09:35|1|0|10159553142023904|facebook
so explain to a family that relies on cross border trucking how they’re going to support themselves on Canadian routes that pay less, are much more dangerous due to road the conditions of our roads and are more expensive to run (the prevalence of accidents for truckers in Canada is substantially greater than the US). So their families deserve to see their income, that they rely on to survive, cut in half because they are trying to protect their right to bodily autonomy? It might be advisable to actually listen to the concerns rather than simply passing misguided judgment.|10159553434143904|Ashley Martin|2022-02-09 23:09:26|1|0|10159553142023904|facebook
Exactly, Jeff.|10159553242483904|Kelly Anthony|2022-02-09 23:09:35|1|0|10159553142023904|facebook
please post the news source regarding this.|10159553440418904|Mike Gowing|2022-02-09 23:09:26|1|0|10159553142023904|facebook
American Republicans are broke AF. You're confused with Conservatives in Canada.|10159553247563904|Lori Welch|2022-02-09 23:09:36|1|0|10159553142023904|facebook
So glad that the rich CEOs that are the product of crony capitalism are toeing the line with the governments message. So altruistic of him.|10159553292793904|Damian Monroe|2022-02-09 23:09:03|0|0|10159553142023904|facebook
they still can't cross the US border cause the state won't let them unless the vaccinated|10159553580708904|Carol McCann|2022-02-09 23:09:26|1|0|10159553142023904|facebook
I don't care. You're assuming I do though because you're a Fedbook fisherman and horrible at your job.|10159553322853904|Lori Welch|2022-02-09 23:09:36|1|0|10159553142023904|facebook
Good for them. Therefore they have no reason to speak on the matter|10159556865223904|Lance Brizard|2022-02-09 23:09:05|0|0|10159553142023904|facebook
is that the bridge ready to collapse hmmmm|10159553353498904|Marilyn Stewart|2022-02-09 23:09:27|1|0|10159553142023904|facebook
👏🏻👏🏻👏🏻|10159553780453904|Kleber Junior|2022-02-09 23:09:05|0|0|10159553142023904|facebook
Independent truckers make up 80% of the industry. In other words - who cares what they have to say|10159553221458904|Tyler Popp|2022-02-09 23:09:05|0|0|10159553142023904|facebook
They as in globe and mail, still don’t get it, this is no longer about the trucking industry….|10159553236013904|Kevin Ho|2022-02-09 23:09:04|0|0|10159553142023904|facebook
can you show me where you heard this from|10159553581873904|Carol McCann|2022-02-09 23:09:26|1|0|10159553142023904|facebook
i understand what you are saying. My position is yes my right to choose, follow the experts and do what they recommend. If you are not part of the solution , you maybe part of the problem. Canadians take care of Canadians. The government is trying to satisfy everyone, i do not agree with the government all the time. Spending tax payers money on issues that should have been resolved !|10159553301053904|Dave Saban|2022-02-09 23:09:28|1|0|10159553142023904|facebook
My question is how many lawyers and doctors are involved in these trucker demonstrations?|10159553335663904|Brenda Maclean|2022-02-09 23:09:03|0|0|10159553142023904|facebook
has the US not implemented the same policy? in fact first?|10159553707253904|Brenda Maclean|2022-02-09 23:09:27|1|0|10159553142023904|facebook
Lol, turns out to be a non-issue… Go home truckers and get your shots! Or not, seems that it doesn’t matter !|10159553238768904|Jan Pitman|2022-02-09 23:09:04|0|0|10159553142023904|facebook
O Canada Glorious and Free! We Stand on Guard for Thee.|10159558705133904|Darlene Dove|2022-02-09 23:09:30|1|0|10159553142023904|facebook
, it doesn't help that the media will only talk to people in a certain socio-economic bracket.|10159553230853904|Jeff A Kauffeldt|2022-02-09 23:09:35|1|0|10159553142023904|facebook
"the loser ""protestors"" are the only ones causing problems. The ones who are afraid of needles can drive domestically and the smart ones can drive across the border without issues. I don't understand what people are whining about."|10159553346983904|Darryl Goossen|2022-02-09 23:09:28|1|0|10159553142023904|facebook
Good so why all the concern over nothing?|10159553876313904|Karen Dworkin|2022-02-09 23:09:04|0|0|10159553142023904|facebook
, are you kidding? This has nothing to do with freedom, and there is nothing good about these truckers or their supporters. They are further damaging businesses that are trying to recover, they are blowing air-horns all through the night, making it impossible for people to sleep (think about those nurses who have just cared for a gazillion very sick unvaccinated people, probably working double shifts because they are so short staffed - they are getting no sleep thanks to these yahoos). They are climbing and urinating on the Tomb of the Unknown Soldier, and taking food away from the homeless, for goodness sake. You are all far too enamoured with the flagrant disregard for decency that has sadly started oozing its way north from Trump's America. These same truckers who guzzle down energy drinks to stay awake without a care in the world about what is in it, are whining and refusing to take a vaccine that could have ended this pandemic much earlier. They need to stop acting like childish Trump supporters, and they need to go home. Disgusting.|10159553722793904|Karen Johnston Kirkconnell|2022-02-09 23:09:30|1|0|10159553142023904|facebook
"The ""Freedom Convoy"" standing for freedom around the world? In your (and their) dreams."|10159553612988904|Michael Patrick Marklevitz|2022-02-09 23:09:30|1|0|10159553142023904|facebook
they can work they just can't cross the border if they are not vaccinated USA won't let them|10159553585333904|Carol McCann|2022-02-09 23:09:30|1|0|10159553142023904|facebook
""" it’s about the mandates and restrictions …. Is it clear now ?"" Then why the heck are they in Ottawa? This is what I still don't get. Yes, border restrictions are federal, but that's it. How many people protesting in Ottawa are really talking about that. Very few care about border restrictions coming into Canada. They're all going on about vaccination mandates (provincial), mask mandates (provincial), lockdowns (provincial), etc etc. They're essentially going to McDonald's to complain about their Whopper. Time to pack up and go whine in front of your PROVINCIAL government buildings."|10159553423648904|Neil Murray|2022-02-09 23:09:30|1|0|10159553142023904|facebook
quite a few smaller to mid sized companies had to ignore these mandates or they'd be screwed. No workers|10159553347098904|Vicki Baulch|2022-02-09 23:09:26|1|0|10159553142023904|facebook
All people around the world? Such hubris!|10159553341443904|Hanny Rentel|2022-02-09 23:09:30|1|0|10159553142023904|facebook
funnily enough I thought he was actually one of the more respectable ones. We deserve a strong opposition party and without him I don’t think the Conservatives can provide that.|10159553324923904|Paul Leo Clark|2022-02-09 23:09:30|1|0|10159553142023904|facebook
I agree that it’s time to move forward. The virus isn’t going anywhere so we need to live with it sustainably.  It just seems like one of the goals now is to remove Trudeau from power but I’m not sure what that ultimately helps to achieve. He did just achieve the largest share of the vote which would suggest he commands more support than people would give him credit for.|10159553323378904|Paul Leo Clark|2022-02-09 23:09:30|1|0|10159553142023904|facebook
so much bigger.|10159553305758904|Lucille Dray|2022-02-09 23:09:30|1|0|10159553142023904|facebook
how many times have you had to say the same thing over and over again before you believed it.|10159553303513904|Saundra Kitchen|2022-02-09 23:09:30|1|0|10159553142023904|facebook
I would love to live in your world where there is one right opinion on things, and that's the one shared by government officials, unfortunately I don't.|10159553870888904|Graham Carter|2022-02-09 23:09:31|1|0|10159553142023904|facebook
I don’t believe that there is just one right opinion but at some point a decision has to be made and it’s the governments responsibility to make it for the greater good.  I look at the US when Trump was still in power and had no regulations in place and half a million people died in that first year. Mostly low income black people. And I thought to myself how lucky I am to live in Canada it could be so much worse here - we have not suffered like other countries - we have had food and shelter and access to medical as needed - we really haven’t been isolated as much as people like to complain about - we have endless internet and had access to money if needed.  It’s a no win situation for our governments because if we let the virus run free than our elderly die from it. And then people would be angry and upset about that…  This isn’t easy but it’s not nazi camp either -  And to make it easier for you to understand me - my back ground is working indirectly with the government with people that have disabilities - my husband dedicated his entire life to lobbying for the disadvantaged to the point that he met with our premier 4 times a year - he now at 48 lays in a nursing home and has been in quarantine most of the last 3 years and my daughter that is studying science at McGill and researching the impacts of this virus video chats with him and I everyday. Yes we are all in separate cities.  But I know from my life experience that nothing lasts forever and this too shall pass- And most all of us will survive if we take heed of the proven science.|10159553903813904|Brenda Maclean|2022-02-09 23:09:31|1|0|10159553142023904|facebook
...how can anyone possibly argue with that?|10159553949558904|Laurie Dennis|2022-02-09 23:09:31|1|0|10159553142023904|facebook
unfortunately I’m not sure about that …. But other countries have already moved on and they are using a different approach to Covid now Trudeau is the inky one that every time he coke out if his hiding hole all he has to say it’s “get vaccinated” he sounds like a broken record…. Not even being sick with Covid stopped him from saying that which is comical ….. he is so stuck on that that he seems like a big pharma sales rep not a PM ….. that’s the problem|10159553300113904|Andrea Montanaro|2022-02-09 23:09:30|1|0|10159553142023904|facebook
People dying in the US is purely based on states wtf are you talking about? No one saying just let the virus run free they're saying let's make fact based policy.|10159553965743904|Graham Carter|2022-02-09 23:09:31|1|0|10159553142023904|facebook
you mean the fact people cant get ambliance in when need easily. they cant get there product in so they have products to sell. The fact i should not need ear plug to go to bed. The fact i cant get to work or school because the bus are not moving. those are right and freedoms. i love how we blam trudeau and im not saying he great but the provinces are the ones in charge. Fight for what u believe yes but never hurt some one for your freedoms.|10159553291853904|Graham William Wood|2022-02-09 23:09:30|1|0|10159553142023904|facebook
Everything you're saying is emotional and not factual 🤣|10159553972223904|Graham Carter|2022-02-09 23:09:31|1|0|10159553142023904|facebook
I would just respond to that with the typical “what rights have been taken away exactly? They can just use earplugs or move somewhere else!” Which is what ppl have been saying to the “anti-vaxxers” for two years….. how does it feels when it hits home Eh? But I’m nicer than that and I would just say by the same metric used by our PM ….”desperate times call for desperate measures” …..|10159553285548904|Andrea Montanaro|2022-02-09 23:09:30|1|0|10159553142023904|facebook
Hello. I'm new on Facebook and not a technical person please send me a friend request 🌹|10159582842288904|Thomas Andersson|2022-02-25 00:00:00|1|0|10159553142023904|facebook
Excellent. So lift the mandates then.|10159553278343904|Mike Crowbear|2022-02-09 23:09:04|0|0|10159553142023904|facebook
Mike J. Rowbear If you have gmail address you can earn $5000 weekly without investing or sending money to anyone ask how for info|10159554046798904|Cynthia Johnson|2022-02-09 23:09:32|1|0|10159553142023904|facebook
What else is he allowed to say, think about it...|10159553983848904|Marinella Gonzalez|2022-02-09 23:09:05|0|0|10159553142023904|facebook
how do you stand up for rights and such while taking way the rights freedoms of average people living in ottawa downtown|10159553261828904|Graham William Wood|2022-02-09 23:09:30|1|0|10159553142023904|facebook
hi|10159555228623904|Michael Kate|2022-02-09 23:09:29|1|0|10159553142023904|facebook
You’re right. You are guessing. Must be bored, just talking back to me and not actually moving the conversation forward. Adios.|10159553956453904|Sue Ngary|2022-02-09 23:09:28|1|0|10159553142023904|facebook
which word is that ??!|10159553561118904|Rino Michaud|2022-02-09 23:09:33|1|0|10159553142023904|facebook
😒|10159553186873904|Brenda Turcotte|2022-02-09 23:09:35|1|0|10159553142023904|facebook
Exaggerating much ? nahhhh couldnt possibly . . .|10159553832068904|Sue Ngary|2022-02-09 23:09:28|1|0|10159553142023904|facebook
I just love Globalist News :v|10159554898573904|Dan Milo|2022-02-09 23:09:05|0|0|10159553142023904|facebook
I actually never said that at all! You said that about no symptoms. Nice try though at putting words in others mouths. Seems to be the norm……… Good bye. Mandates need to be followed|10159553439638904|Steve Cobblehoff|2022-02-09 23:09:22|1|0|10159553142023904|facebook
and let’s face it as the pandemic subsides over the next few months that restriction will be slowly lifted…|10159553345183904|Brenda Maclean|2022-02-09 23:09:26|1|0|10159553142023904|facebook
Scott Moe must be unacceptable, fringe minority and a racist, pawns in their political games and stuff…. Meanwhile, if you are not willing to participate in this experiment on experimental vaccines, that is outdated and inefficient against omicron, the government can take away everything you have…. Amie? You are a pawn for that? 😅|10159553592728904|Kevin Ho|2022-02-09 23:09:19|1|0|10159553142023904|facebook
I’ve rarely met a person who wasn’t bullied into it.|10159553952838904|Devan Schultz|2022-02-09 23:09:14|1|0|10159553142023904|facebook
If you have gmail address you can earn $5000 weekly without investing or sending money to anyone ask how for info|10159554044488904|Cynthia Johnson|2022-02-09 23:09:14|1|0|10159553142023904|facebook
inbox me|10159554059843904|Cynthia Johnson|2022-02-09 23:09:14|1|0|10159553142023904|facebook
yes I agree we don't have enough first hand experience.|10159554166488904|Rob Bourelle|2022-02-09 23:09:14|1|0|10159553142023904|facebook
ok this is where I end the conversation. If it's not intelligent and it's inflammatory I'm not interested. Tx|10159554185073904|Rob Bourelle|2022-02-09 23:09:14|1|0|10159553142023904|facebook
Oh please you overloaded people …. You have no idea what the third world is… the very people you hate and despise  Your problem is lack of education. Surprising given how well you had done in the the 1950s Then the “boomers” came 🙄|10159554273538904|Dev McBain|2022-02-09 23:09:14|1|0|10159553142023904|facebook
Hello. I'm new on Facebook and not a technical person please send me a friend request 🌹|10159582842828904|Thomas Andersson|2022-02-25 00:00:00|1|0|10159553142023904|facebook
and even after the mandates are lifted, the US still requires vaccination. What then?|10159554705003904|Xavier Bordeaux|2022-02-09 23:09:16|1|0|10159553142023904|facebook
no pressure. Some of us are capable of making rational decisions. As an employer I have a responsibility to provide a safe, healthy work environment. Fortunately my employees are all smart and responsible and got vaxxed without me even knowing. But if one hadn’t, I really am not going to punish those who acted responsibly because someone who has to be told to wash their hands aren’t prepared to do the right thing. Your choice but leave others out if it. The truckers could work in vaxxed, they just could not go to the U.S. which wouldn’t have let them in anyways.|10159554978448904|Mary Dale|2022-02-09 23:09:16|1|0|10159553142023904|facebook
free choice doesn't mean you don't have to deal with the consequences of your choice/actions.|10159554982503904|Xavier Bordeaux|2022-02-09 23:09:16|1|0|10159553142023904|facebook
Hello. I'm new on Facebook and not a technical person please send me a friend request 🌹|10159582840978904|Thomas Andersson|2022-02-25 00:00:00|1|0|10159553142023904|facebook
If you have gmail address you can earn $5000 weekly without investing or sending money to anyone ask how for info|10159554047518904|Cynthia Johnson|2022-02-09 23:09:16|1|0|10159553142023904|facebook
|10159553340493904|Robert James Drain|2022-02-09 23:09:18|1|0|10159553142023904|facebook
yet you are still commenting|10159553413808904|Dan Peever|2022-02-09 23:09:18|1|0|10159553142023904|facebook
aka good sheep that stay in the herd?|10159553451783904|James Hemsworth|2022-02-09 23:09:18|1|0|10159553142023904|facebook
great advice , should probably take a second and third look,|10159553475193904|Bill McCann|2022-02-09 23:09:18|1|0|10159553142023904|facebook
wealthy? Who stole food from the homeless shelter?|10159553478698904|Steve Cobblehoff|2022-02-09 23:09:18|1|0|10159553142023904|facebook
They are good workers... standing up for individual rights is a good thing... especially when we can see that the vaccine passport system has NOT prevented transmission. The hospitals are currently full of elderly fully vaccinated people.|10159553581493904|Kevin Goodwin|2022-02-09 23:09:18|1|0|10159553142023904|facebook
Then they should be working instead of saying they can’t get jobs or relying on go fund me or EI. No government mandate to be a trucker in Canada.|10159553645128904|Jane Webb Katz|2022-02-09 23:09:18|1|0|10159553142023904|facebook
I think they are pretty busy fighting for a cause. And it's working. Gotta commend them|10159553648628904|Vicki Baulch|2022-02-09 23:09:18|1|0|10159553142023904|facebook
They are not on EI. Private donations are not a problem... no one is forced to donate.|10159553651058904|Kevin Goodwin|2022-02-09 23:09:18|1|0|10159553142023904|facebook
it’s almost as if they believe what they’re protesting means more in the long term than a couple weeks pay 🤔🤔🤔 novel concept I know.|10159553730343904|Damian Monroe|2022-02-09 23:09:18|1|0|10159553142023904|facebook
spoken like someone who knows less than zero about this industry .|10159554505863904|Carolyn Dawn|2022-02-09 23:09:18|1|0|10159553142023904|facebook
Hello. I'm new on Facebook and not a technical person please send me a friend request 🌹|10159582840173904|Thomas Andersson|2022-02-25 00:00:00|1|0|10159553142023904|facebook
Hello. I'm new on Facebook and not a technical person please send me a friend request 🌹|10159582840678904|Thomas Andersson|2022-02-25 00:00:00|1|0|10159553142023904|facebook
Agreed. Not saying my encounters are accurate on a nation wide scale, but it’s what I’m seeing first hand. Which is totally different than what the news tells me to think.|10159553951793904|Devan Schultz|2022-02-09 23:09:14|1|0|10159553142023904|facebook
it would be interesting to know the real number.|10159553942268904|Rob Bourelle|2022-02-09 23:09:14|1|0|10159553142023904|facebook
we basically have third world health care in Canada. Who are you kidding!|10159553941228904|Rob Bourelle|2022-02-09 23:09:14|1|0|10159553142023904|facebook
good.. smart business man.. good company. law abiding and protecting themselves and families..|10159555469748904|Douglas Woods|2022-02-09 23:09:03|0|0|10159553142023904|facebook
Somebody doesn’t understand how that works….|10159554925743904|Brandon Bushman|2022-02-09 23:09:07|1|0|10159553142023904|facebook
wow|10159555228513904|Michael Kate|2022-02-09 23:09:07|1|0|10159553142023904|facebook
doesn’t matter how many times we say it 😞|10159553750978904|Shelley Brown|2022-02-09 23:09:08|1|0|10159553142023904|facebook
|10159554001358904|Earl Jovanowski|2022-02-09 23:09:08|1|0|10159553142023904|facebook
If you have gmail address you can earn $5000 weekly without investing or sending money to anyone ask how for info|10159554041618904|Cynthia Johnson|2022-02-09 23:09:08|1|0|10159553142023904|facebook
If you have gmail address you can earn $5000 weekly without investing or sending money to anyone ask how for info|10159554042718904|Cynthia Johnson|2022-02-09 23:09:08|1|0|10159553142023904|facebook
Yeah but you are late 2 years now, every of that have been done|10159554220068904|Samuel Gagnon|2022-02-09 23:09:08|1|0|10159553142023904|facebook
Top fan |10159554271233904|Raj Sra|2022-02-09 23:09:08|1|0|10159553142023904|facebook
seems that they also have the effect of putting people out of work, and from exercising their rights. None of which pass the reasonable test.  The Healthcare system is the government's responsibility, why do citizens have to be penalized for govt failures?|10159554588048904|Johnny Crash|2022-02-09 23:09:08|1|0|10159553142023904|facebook
peoples body peoples choice im vaxxed but stand 100% with anyone who chooses not to get it thats what canada is about .|10159554632778904|Rod Port|2022-02-09 23:09:08|1|0|10159553142023904|facebook
if you don’t believe in information that was given why you are wasting your time doing research on the issues. You will still use the information that you said you don’t trust. I don’t think you believe in any information that came out. And still you want to do research? Where are you going to get the data? Create your own?|10159555257703904|Joshua Thein|2022-02-09 23:09:08|1|0|10159553142023904|facebook
Well said 👍|10159554934423904|Diane-Colette Daigneault-Feldstein|2022-02-09 23:09:09|1|0|10159553142023904|facebook
so true.|10159553886148904|Elaine Wade|2022-02-09 23:09:14|1|0|10159553142023904|facebook
actually, they are working while these puppets are fighting for rich Americans who want to be able to run everything without any regulation or oversight.|10159554966698904|Mary Dale|2022-02-09 23:09:09|1|0|10159553142023904|facebook
"The protesters make these guys look like the real heros - though they'd probably say ""...just doing our jobs""."|10159553853813904|Stephen Duke|2022-02-09 23:09:03|0|0|10159553142023904|facebook
Hello. I'm new on Facebook and not a technical person please send me a friend request 🌹|10159582839718904|Thomas Andersson|2022-02-25 00:00:00|1|0|10159553142023904|facebook
Good|10159555228153904|Michael Kate|2022-02-09 23:09:11|1|0|10159553142023904|facebook
https://t.me/ +FUgKY0howbdhZjU 0|10159568845848904|Spi CE|2022-02-16 23:09:11|1|0|10159553142023904|facebook
This from none of those sources: The chief executive of TFI International says the conglomerate’s operations have been virtually untouched by the COVID-19 vaccine mandate for truckers.|10159554092413904|Mark Sweazey|2022-02-09 23:09:03|0|0|10159553142023904|facebook
We are lead to believe that truckers and farmers, characterized by their independent and self-reliant nature, working in occupations that require minimal constant close contact with others and therefore are among the jobs least affected by Covid restrictions, spontaneously awoke en masse over a period of a few days with the notion that Covid restrictions, from which they are mostly unaffected, must be ceased immediately for the benefit of all mankind.|10159553472703904|Jim Francis|2022-02-09 23:09:03|0|0|10159553142023904|facebook
lol anything to try and slander those you oppose.|10159553713003904|Andrew William Grieve|2022-02-09 23:09:03|0|0|10159553142023904|facebook
I do not believe this article and even if it is true - So what!|10159553679163904|William Michael Brienza|2022-02-09 23:09:03|0|0|10159553142023904|facebook
Yes, we know it's not the main issue. Just the straw that broke the camels back. Working on much more important things|10159553343798904|Vicki Baulch|2022-02-09 23:09:03|0|0|10159553142023904|facebook
These are the real truckers throughout Canada, thank you to them.|10159553222278904|Kevin Rurka|2022-02-09 23:09:03|0|0|10159553142023904|facebook
I never said Covid is fake. It has an over 99% survival rate. It’s so mild now that most people don’t even know they have it. Most of the people in ICU have other conditions. It is no longer an emergency. And even if it is, the government should have to prove it with proper debate and democratic process.|10159553578063904|Jay Labatte|2022-02-09 23:09:19|1|0|10159553142023904|facebook
agree|10159553680058904|Marie Bertini|2022-02-09 23:09:19|1|0|10159553142023904|facebook
but will big companies employ them again as independents - 🤔  Being from the trucking capital of Canada I should bet it would be as the last resort.  And everyone likes to be that last pick!|10159553343778904|Brenda Maclean|2022-02-09 23:09:26|1|0|10159553142023904|facebook
list? Is that some sort of threat?|10159553712778904|Steve Cobblehoff|2022-02-09 23:09:19|1|0|10159553142023904|facebook
If you have gmail address you can earn $5000 weekly without investing or sending money to anyone ask how for info|10159554043803904|Cynthia Johnson|2022-02-09 23:09:06|1|0|10159553142023904|facebook
it was sarcasm. 👋|10159553455863904|Philip Slade|2022-02-09 23:09:22|1|0|10159553142023904|facebook
lmao. Living in a cave ??? That argument went dead when everyone vaccinated still got COVID. It was the vaccinated that were spreading it lol|10159553724113904|Donald Chamberlain|2022-02-09 23:09:22|1|0|10159553142023904|facebook
This rally has nothing to do with vaccine mandate. It's for their political agenda and people who follows these groups are not too smart as they are falling right into their own trap.|10159553531448904|Marie Bertini|2022-02-09 23:09:03|0|0|10159553142023904|facebook
Yes Freedom from Tyranical government!|10159558704503904|Troy Cooper|2022-02-09 23:09:22|1|0|10159553142023904|facebook
Ya better to stay home and hide in the closet and hope someone else will fix it|10159559930118904|Ray Smith|2022-02-09 23:09:22|1|0|10159553142023904|facebook
many|10159553475778904|Mel Cy|2022-02-09 23:09:23|1|0|10159553142023904|facebook
Are you kidding me?! How far have you had your head in the sand the last 4months?!|10159553898378904|Perry Senior|2022-02-09 23:09:23|1|0|10159553142023904|facebook
is this way of calling truckers dumb rubes?|10159553423423904|Frank Ch Eigler|2022-02-09 23:09:24|1|0|10159553142023904|facebook
do you actually believe there are no people Canada wide that disagree with you? That they need to be coming from somewhere else because Canadians couldn't possibly disagree with YOU.|10159553477333904|Sandra Salanki|2022-02-09 23:09:24|1|0|10159553142023904|facebook
Yet the Loony left are doing all the cencertizing and name calling to gain control.|10159553990233904|Fitzroy Antdantilus|2022-02-09 23:09:24|1|0|10159553142023904|facebook
hi|10159555229213904|Michael Kate|2022-02-09 23:09:24|1|0|10159553142023904|facebook
Hello. I'm new on Facebook and not a technical person please send me a friend request 🌹|10159582841443904|Thomas Andersson|2022-02-25 00:00:00|1|0|10159553142023904|facebook
Hello. I'm new on Facebook and not a technical person please send me a friend request 🌹|10159582841623904|Thomas Andersson|2022-02-25 00:00:00|1|0|10159553142023904|facebook
all|10159553240018904|Bogumil Pacak-Gamalski|2022-02-09 23:09:25|1|0|10159553142023904|facebook
👍👍👍|10159553251703904|Ljubica Puric Oparnica|2022-02-09 23:09:25|1|0|10159553142023904|facebook
So, you dont actually know, then.|10159553255838904|Sue Ngary|2022-02-09 23:09:25|1|0|10159553142023904|facebook
thats why I said just get yourself educated how it works?|10159553266863904|Arshdeep Singh Kang|2022-02-09 23:09:25|1|0|10159553142023904|facebook
that's hear-say!|10159553283798904|Linda Smart|2022-02-09 23:09:25|1|0|10159553142023904|facebook
exactly|10159553291528904|John MacLean|2022-02-09 23:09:25|1|0|10159553142023904|facebook
I work in software, many too are new Canadians with visas. They're in demand, so we won't fire them.|10159553334408904|Robert James Drain|2022-02-09 23:09:25|1|0|10159553142023904|facebook
welcome to capitalism where your employer is a dictator. This has always been true.|10159553393768904|Scott Verge|2022-02-09 23:09:25|1|0|10159553142023904|facebook
or they are just good natured immigrants trying to do their part by getting vaccinated.|10159553473863904|Tony Ribeiro|2022-02-09 23:09:25|1|0|10159553142023904|facebook
According to the reports I've been seeing from a variety of sources truckers are in short supply. Plus I would assume that close to 80 or 90% of them got the vaccine as per the numbers of people across Canada irrespective of being truckers. So it doesn't appear to be simply the big pressure from the companies that you presume.|10159553641828904|Michael Patrick Marklevitz|2022-02-09 23:09:25|1|0|10159553142023904|facebook
right ..., and with that attitude 🙄 the Liberals and NDP Coalition gonna make us a 3rd world sh*t hole 🕳.|10159553412738904|Shane O'Hara|2022-02-09 23:09:26|1|0|10159553142023904|facebook
All well and good until the truckers close the borders. The Ambassador bridge and Coutts are closed. It doesn't take much to empty the shelves. Flooding in BC emptied the shelves of all fresh produce in just a few days. If it can happen here, it can happen to you.|10159553427853904|James Nilsson|2022-02-09 23:09:22|1|0|10159553142023904|facebook
they don’t have any data or evidence to support them anymore so they just make up random self righteous garbage about how they’re saving others lol.|10159553412378904|Adam Donnelly|2022-02-09 23:09:22|1|0|10159553142023904|facebook
There are no empty shelves. I have been in many stores and it's business as usual. i think you will find just a small pocket in the Ottawa downtown core have been affected.|10159553279003904|Roxanne Fournier|2022-02-09 23:09:22|1|0|10159553142023904|facebook
NOW is the right time to stop hurting people THEN they can start apologizing to the people they hurt|10159553481283904|Frank Ch Eigler|2022-02-09 23:09:21|1|0|10159553142023904|facebook
Shauna Burke yeah three flags! Really? Does that make thousands racist? Especially when those people were sent packing by the truckers? Honestly watch videos from Bridge City News. The reporters are there on the ground documenting everything. The mainstream news media is twisted to fit Trudeau’s narrative!|10159554507448904|Kg Lea|2022-02-09 23:09:19|1|0|10159553142023904|facebook
Ray Lo you’re dillusional|10159554628833904|Steven Estey|2022-02-09 23:09:19|1|0|10159553142023904|facebook
Sorry ray that was for heather😡|10159554631478904|Steven Estey|2022-02-09 23:09:19|1|0|10159553142023904|facebook
you may want to look into the organizers then. The maverick/wexit party.|10159554866193904|Jack Bergin|2022-02-09 23:09:19|1|0|10159553142023904|facebook
maverick/wexit party, alt white, conservative, christian seperatist party. Kinda way right wing, so yeah I'd say that.|10159554873003904|Jack Bergin|2022-02-09 23:09:19|1|0|10159553142023904|facebook
What a generalization Immigrants can’t be conservative I guess I know many Muslim families who are|10159554882658904|Saad Otarsultanov|2022-02-09 23:09:19|1|0|10159553142023904|facebook
Apparently doesn’t believe in science. Will he stay, will he go|10159554887668904|Terry Howatt|2022-02-09 23:09:19|1|0|10159553142023904|facebook
here’s one. Looking for the other  https:// tnc.news/2022/ 01/30/ everything-we-kn ow-so-far-about -the-nazi-flag- guy2/ ?fbclid=IwAR2uT4 MktEFfXF6HSTSeM WPuNvhg4yI1VpVo mvzayFs_avH4Zu_ oGHOMeSQ|10159554914408904|Kg Lea|2022-02-09 23:09:19|1|0|10159553142023904|facebook
"did you Google the ""maverick/ wexit party"" yet?. Maybe other people should then. Chris Barber, Tamara Lich, Pat King, Jason LaFace. Bonus Google topic is Michael Kempa from the University of Ottawa, he has some very relevant insight into this movement."|10159554928838904|Jack Bergin|2022-02-09 23:09:19|1|0|10159553142023904|facebook
sure, but that doesn't mean he shouldn't be in power. The election was run and we live with those results. Unless you want to change our voting system. Which I fully support.  Not sure it would work in your favor if you prefer conservatives though.|10159555494093904|Scott Verge|2022-02-09 23:09:19|1|0|10159553142023904|facebook
one of several, yes! Beats CBC|10159555736048904|Kg Lea|2022-02-09 23:09:19|1|0|10159553142023904|facebook
no they are not,lol.|10159553530018904|Marlene Apic Pape|2022-02-09 23:09:21|1|0|10159553142023904|facebook
Shelves arent empty where I live. In fact, more stuff than there was a year ago. Anything I cant find its because its made in China and they arent making it or arent shipping it or its held up at a port somewhere. Wanna protest somewhere? Go to China. See how far you get.|10159553257473904|Sue Ngary|2022-02-09 23:09:22|1|0|10159553142023904|facebook
hopefully they are discussing how to to Increase mandates for the participants. Because at this point, they are just a bunch of whining yahoo bullies making fools of themselves causing chaos.|10159553599743904|Ivana Islic|2022-02-09 23:09:21|1|0|10159553142023904|facebook
clearly articulated metrics on % of population that is vaccinated and hospital beds taken up. We need to see an exit plan!|10159553679088904|Daniel Tate|2022-02-09 23:09:21|1|0|10159553142023904|facebook
posting % to anti-vaxers that don't believe the numbers. yeah great plan.|10159553697318904|Eric Stephano|2022-02-09 23:09:21|1|0|10159553142023904|facebook
why?|10159553709278904|Scott Verge|2022-02-09 23:09:21|1|0|10159553142023904|facebook
under your plan. What would happen when beds occupied starts going back up?|10159553718238904|Scott Verge|2022-02-09 23:09:21|1|0|10159553142023904|facebook
He not asking WHEN to meet the criteria! He is asking WHAT the criteria are!|10159553896778904|Perry Senior|2022-02-09 23:09:21|1|0|10159553142023904|facebook
you aren’t smart enough to listen. To full of BS yourself your ignorance shows with every word you try to write. Good night cry baby.|10159553945808904|Anne Harrison|2022-02-09 23:09:21|1|0|10159553142023904|facebook
If you have gmail address you can earn $5000 weekly without investing or sending money to anyone ask how for info|10159554045398904|Cynthia Johnson|2022-02-09 23:09:21|1|0|10159553142023904|facebook
If you have gmail address you can earn $5000 weekly without investing or sending money to anyone ask how for info|10159554045803904|Cynthia Johnson|2022-02-09 23:09:21|1|0|10159553142023904|facebook
thanks Doc. Where would we be without you?|10159555176538904|Mary Dale|2022-02-09 23:09:21|1|0|10159553142023904|facebook
https://t.me/ +eWjY56ID7OQwOTJ k|10159582534623904|Jackson Mark|2022-02-25 00:00:00|1|0|10159553142023904|facebook
How's the weather in Billy's Puddle? Still no job?|10159553253443904|James Nilsson|2022-02-09 23:09:37|1|0|10159553142023904|facebook
