{
    "data": {
        "me": null,
        "asset": {
            "__typename": "Asset",
            "id": "TLRPSJHXRVHKZICNGJB6PCIWL4",
            "closedAt": null,
            "isClosed": false,
            "settings": {
                "moderation": "POST",
                "premodLinksEnable": null,
                "questionBoxEnable": false,
                "questionBoxIcon": "default",
                "questionBoxContent": "",
                "__typename": "Settings",
                "infoBoxEnable": false,
                "infoBoxContent": "",
                "closedTimeout": 1209600,
                "closedMessage": "This article is no longer accepting new comments.",
                "disableCommenting": false,
                "disableCommentingMessage": "",
                "charCountEnable": true,
                "charCount": 1200,
                "requireEmailConfirmation": false
            },
            "title": "Police arson unit probes Ottawa fire allegation in heat of anti-mandate protest",
            "url": "https://www.theglobeandmail.com/canada/article-police-arson-unit-probes-ottawa-fire-allegation-in-heat-of-anti/",
            "created_at": "2022-02-08T00:36:15.020Z",
            "totalCommentCount": 11,
            "comments": {
                "nodes": [
                    {
                        "id": "905f7e4a-9245-435e-8a8d-207fc2c5e92e",
                        "status": "ACCEPTED",
                        "user": {
                            "id": "C650A7DFD424F9FEACA7734D1FB020A99523CA1A77AB0E3DB0BC7B533584B67F",
                            "__typename": "User",
                            "username": "CognitiveDisonnance",
                            "created_at": "2018-04-26T14:37:13.094Z"
                        },
                        "body": "Why do these protestors feel that they can get away with anything?\n\nBecause they have been permitted to get away with anything?",
                        "created_at": "2022-02-08T02:01:53.768Z",
                        "replyCount": 0,
                        "tags": [],
                        "status_history": null,
                        "action_summaries": [
                            {
                                "__typename": "DefaultActionSummary",
                                "count": 1,
                                "current_user": null
                            },
                            {
                                "__typename": "RespectActionSummary",
                                "count": 13,
                                "current_user": null
                            }
                        ],
                        "editing": {
                            "edited": false,
                            "editableUntil": "2022-02-08T02:31:53.768Z",
                            "__typename": "EditInfo"
                        },
                        "__typename": "Comment",
                        "replies": {
                            "nodes": [],
                            "hasNextPage": false,
                            "startCursor": null,
                            "endCursor": null,
                            "__typename": "CommentConnection"
                        }
                    },
                    {
                        "id": "184b9ff3-3062-4dda-a6c9-bebcb5cd8332",
                        "status": "ACCEPTED",
                        "user": {
                            "id": "C650A7DFD424F9FED0F427B328332ED44F9E894CC40396BD42982C20CB9FF7B2",
                            "__typename": "User",
                            "username": "ThinkAboutIt42",
                            "created_at": "2018-04-26T14:31:30.890Z"
                        },
                        "body": "Disgraceful that authorities have allowed this occupation to go this far.\nThe abusive occupation must end  - tomorrow.\n\nWhy would G&M print the full names of the tenants and the location of the woman's apartment?  This article contains information that could put the tenants at risk.",
                        "created_at": "2022-02-08T02:39:05.110Z",
                        "replyCount": 0,
                        "tags": [],
                        "status_history": null,
                        "action_summaries": [
                            {
                                "__typename": "DefaultActionSummary",
                                "count": 1,
                                "current_user": null
                            },
                            {
                                "__typename": "RespectActionSummary",
                                "count": 4,
                                "current_user": null
                            }
                        ],
                        "editing": {
                            "edited": false,
                            "editableUntil": "2022-02-08T03:09:05.110Z",
                            "__typename": "EditInfo"
                        },
                        "__typename": "Comment",
                        "replies": {
                            "nodes": [],
                            "hasNextPage": false,
                            "startCursor": null,
                            "endCursor": null,
                            "__typename": "CommentConnection"
                        }
                    },
                    {
                        "id": "f7d29f40-a006-4d1b-948c-fca095bbb984",
                        "status": "ACCEPTED",
                        "user": {
                            "id": "C650A7DFD424F9FE0892B070F4A252C832ADA5BBAAC381CB598DC4A8C6F233D8",
                            "__typename": "User",
                            "username": "Super Mittens",
                            "created_at": "2018-04-26T14:36:46.930Z"
                        },
                        "body": "Check Jon Kay or Andy Lee on Twitter.  \n\nSome sort or incident happened, but the person who reported it isn’t credible, and the story makes very little sense at the detail level.  This seems like a “false flag” operation.\n\nThe police have posted clear photos of the two arsonists, who you might be able to identify.",
                        "created_at": "2022-02-08T03:01:49.597Z",
                        "replyCount": 2,
                        "tags": [],
                        "status_history": null,
                        "action_summaries": [
                            {
                                "__typename": "DefaultActionSummary",
                                "count": 1,
                                "current_user": null
                            },
                            {
                                "__typename": "RespectActionSummary",
                                "count": 2,
                                "current_user": null
                            }
                        ],
                        "editing": {
                            "edited": false,
                            "editableUntil": "2022-02-08T03:31:49.597Z",
                            "__typename": "EditInfo"
                        },
                        "__typename": "Comment",
                        "replies": {
                            "nodes": [
                                {
                                    "id": "8f0de2ef-b279-4f6f-be6e-7114e5d88763",
                                    "body": "you left out alt left\n",
                                    "created_at": "2022-02-08T06:12:29.547Z",
                                    "status": "ACCEPTED",
                                    "replyCount": 0,
                                    "tags": [],
                                    "user": {
                                        "id": "C650A7DFD424F9FECB0B5256E6C314F3EB6FF6D062D382E59F77AF22EDB14329",
                                        "username": "dirtyduck",
                                        "__typename": "User",
                                        "created_at": "2018-04-26T14:58:35.043Z"
                                    },
                                    "status_history": null,
                                    "action_summaries": [
                                        {
                                            "__typename": "FlagActionSummary",
                                            "count": 1,
                                            "current_user": null
                                        },
                                        {
                                            "__typename": "RespectActionSummary",
                                            "count": 1,
                                            "current_user": null
                                        }
                                    ],
                                    "editing": {
                                        "edited": false,
                                        "editableUntil": "2022-02-08T06:42:29.547Z",
                                        "__typename": "EditInfo"
                                    },
                                    "__typename": "Comment",
                                    "replies": {
                                        "nodes": [],
                                        "hasNextPage": false,
                                        "startCursor": null,
                                        "endCursor": null,
                                        "__typename": "CommentConnection"
                                    }
                                }
                            ],
                            "hasNextPage": false,
                            "startCursor": "2022-02-08T06:12:29.547Z",
                            "endCursor": "2022-02-08T06:12:29.547Z",
                            "__typename": "CommentConnection"
                        }
                    },
                    {
                        "id": "1c720eab-14fd-45fc-8e54-a816610cd79a",
                        "status": "ACCEPTED",
                        "user": {
                            "id": "C650A7DFD424F9FE2AB315A858CA118ECE3BE8A8A59636305EE5CF779444F221",
                            "__typename": "User",
                            "username": "theobservant1",
                            "created_at": "2018-04-26T14:31:36.813Z"
                        },
                        "body": "Google Jonathan Kay Twitter for a more revealing account of what went down. \n\nAlt left disinformation campaign attempting to defame the Ottawa protestors. \n\nCheck out the faked anti-Semitic flyer while you are browsing. \n\nShame on the Globe for publishing this story, but looking forward to the retraction. ",
                        "created_at": "2022-02-08T03:05:00.462Z",
                        "replyCount": 4,
                        "tags": [],
                        "status_history": null,
                        "action_summaries": [
                            {
                                "__typename": "FlagActionSummary",
                                "count": 1,
                                "current_user": null
                            },
                            {
                                "__typename": "RespectActionSummary",
                                "count": 2,
                                "current_user": null
                            }
                        ],
                        "editing": {
                            "edited": false,
                            "editableUntil": "2022-02-08T03:35:00.462Z",
                            "__typename": "EditInfo"
                        },
                        "__typename": "Comment",
                        "replies": {
                            "nodes": [
                                {
                                    "id": "f75f62c5-b8d6-426d-924d-5f612b067740",
                                    "body": "always the alt left for some people.  never the protesters.   Then they point you to another alt left subscriber and their twitter account. Unbelievable. \n",
                                    "created_at": "2022-02-08T06:11:54.935Z",
                                    "status": "ACCEPTED",
                                    "replyCount": 0,
                                    "tags": [],
                                    "user": {
                                        "id": "C650A7DFD424F9FECB0B5256E6C314F3EB6FF6D062D382E59F77AF22EDB14329",
                                        "username": "dirtyduck",
                                        "__typename": "User",
                                        "created_at": "2018-04-26T14:58:35.043Z"
                                    },
                                    "status_history": null,
                                    "action_summaries": [
                                        {
                                            "__typename": "DefaultActionSummary",
                                            "count": 1,
                                            "current_user": null
                                        },
                                        {
                                            "__typename": "RespectActionSummary",
                                            "count": 3,
                                            "current_user": null
                                        }
                                    ],
                                    "editing": {
                                        "edited": false,
                                        "editableUntil": "2022-02-08T06:41:54.935Z",
                                        "__typename": "EditInfo"
                                    },
                                    "__typename": "Comment",
                                    "replies": {
                                        "nodes": [],
                                        "hasNextPage": false,
                                        "startCursor": null,
                                        "endCursor": null,
                                        "__typename": "CommentConnection"
                                    }
                                },
                                {
                                    "id": "333431f4-077b-46b9-9ffd-9df9febdff98",
                                    "body": "Truckers Go Home!",
                                    "created_at": "2022-02-08T06:45:29.944Z",
                                    "status": "ACCEPTED",
                                    "replyCount": 0,
                                    "tags": [],
                                    "user": {
                                        "id": "C650A7DFD424F9FEACA7734D1FB020A99523CA1A77AB0E3DB0BC7B533584B67F",
                                        "username": "CognitiveDisonnance",
                                        "__typename": "User",
                                        "created_at": "2018-04-26T14:37:13.094Z"
                                    },
                                    "status_history": null,
                                    "action_summaries": [
                                        {
                                            "__typename": "DefaultActionSummary",
                                            "count": 1,
                                            "current_user": null
                                        },
                                        {
                                            "__typename": "RespectActionSummary",
                                            "count": 3,
                                            "current_user": null
                                        }
                                    ],
                                    "editing": {
                                        "edited": false,
                                        "editableUntil": "2022-02-08T07:15:29.944Z",
                                        "__typename": "EditInfo"
                                    },
                                    "__typename": "Comment",
                                    "replies": {
                                        "nodes": [],
                                        "hasNextPage": false,
                                        "startCursor": null,
                                        "endCursor": null,
                                        "__typename": "CommentConnection"
                                    }
                                }
                            ],
                            "hasNextPage": false,
                            "startCursor": "2022-02-08T06:11:54.935Z",
                            "endCursor": "2022-02-08T06:45:29.944Z",
                            "__typename": "CommentConnection"
                        }
                    },
                    {
                        "id": "3a778bce-9d2d-4bfe-a2d7-65ba20d8e4ae",
                        "status": "NONE",
                        "user": {
                            "id": "C650A7DFD424F9FE2AB315A858CA118E42A5680A4515BFCECEACB58805496821",
                            "__typename": "User",
                            "username": "Arcot",
                            "created_at": "2018-04-26T14:56:04.976Z"
                        },
                        "body": "Investigate the funding.....",
                        "created_at": "2022-02-08T04:39:15.398Z",
                        "replyCount": 0,
                        "tags": [],
                        "status_history": null,
                        "action_summaries": [],
                        "editing": {
                            "edited": false,
                            "editableUntil": "2022-02-08T05:09:15.398Z",
                            "__typename": "EditInfo"
                        },
                        "__typename": "Comment",
                        "replies": {
                            "nodes": [],
                            "hasNextPage": false,
                            "startCursor": null,
                            "endCursor": null,
                            "__typename": "CommentConnection"
                        }
                    },
                    {
                        "id": "88958b95-00c9-49cc-80cb-eb72e7aa4852",
                        "status": "ACCEPTED",
                        "user": {
                            "id": "C650A7DFD424F9FED0F427B328332ED451B46552883B48F1C45B16D8700A0CAB",
                            "__typename": "User",
                            "username": "oldestsailor",
                            "created_at": "2018-04-26T14:31:35.778Z"
                        },
                        "body": "There maybe a few truckers in Ottawa who were originally protesters, but this is no longer a protest, it is TERRORISM, and needs to stop.",
                        "created_at": "2022-02-08T11:58:44.555Z",
                        "replyCount": 2,
                        "tags": [],
                        "status_history": null,
                        "action_summaries": [
                            {
                                "__typename": "DefaultActionSummary",
                                "count": 1,
                                "current_user": null
                            },
                            {
                                "__typename": "RespectActionSummary",
                                "count": 1,
                                "current_user": null
                            }
                        ],
                        "editing": {
                            "edited": false,
                            "editableUntil": "2022-02-08T12:28:44.555Z",
                            "__typename": "EditInfo"
                        },
                        "__typename": "Comment",
                        "replies": {
                            "nodes": [
                                {
                                    "id": "be49cb7a-f0d0-4330-8ccd-68b53ebf032d",
                                    "body": "I think that a better word might be hysteria. ",
                                    "created_at": "2022-02-08T14:12:30.374Z",
                                    "status": "ACCEPTED",
                                    "replyCount": 0,
                                    "tags": [],
                                    "user": {
                                        "id": "C650A7DFD424F9FED0F427B328332ED44D382361C02BA2233B80AF60D0166289",
                                        "username": "BC Thoughts",
                                        "__typename": "User",
                                        "created_at": "2018-04-26T14:31:23.307Z"
                                    },
                                    "status_history": null,
                                    "action_summaries": [
                                        {
                                            "__typename": "DefaultActionSummary",
                                            "count": 1,
                                            "current_user": null
                                        },
                                        {
                                            "__typename": "RespectActionSummary",
                                            "count": 1,
                                            "current_user": null
                                        }
                                    ],
                                    "editing": {
                                        "edited": false,
                                        "editableUntil": "2022-02-08T14:42:30.374Z",
                                        "__typename": "EditInfo"
                                    },
                                    "__typename": "Comment",
                                    "replies": {
                                        "nodes": [],
                                        "hasNextPage": false,
                                        "startCursor": null,
                                        "endCursor": null,
                                        "__typename": "CommentConnection"
                                    }
                                }
                            ],
                            "hasNextPage": false,
                            "startCursor": "2022-02-08T14:12:30.374Z",
                            "endCursor": "2022-02-08T14:12:30.374Z",
                            "__typename": "CommentConnection"
                        }
                    },
                    {
                        "id": "475e5f0b-e9d5-4686-9ff9-0dab6abf0f88",
                        "status": "ACCEPTED",
                        "user": {
                            "id": "C650A7DFD424F9FED0F427B328332ED44D382361C02BA2233B80AF60D0166289",
                            "__typename": "User",
                            "username": "BC Thoughts",
                            "created_at": "2018-04-26T14:31:23.307Z"
                        },
                        "body": "So the truckers are going to be prime suspects in any crime that now happens in Ottawa? \n\nThis article is an inflammatory piece of propaganda that reflects badly on the Globe for publishing it.\n\n\n",
                        "created_at": "2022-02-08T14:11:52.077Z",
                        "replyCount": 0,
                        "tags": [],
                        "status_history": null,
                        "action_summaries": [
                            {
                                "__typename": "DefaultActionSummary",
                                "count": 1,
                                "current_user": null
                            },
                            {
                                "__typename": "RespectActionSummary",
                                "count": 2,
                                "current_user": null
                            }
                        ],
                        "editing": {
                            "edited": false,
                            "editableUntil": "2022-02-08T14:41:52.077Z",
                            "__typename": "EditInfo"
                        },
                        "__typename": "Comment",
                        "replies": {
                            "nodes": [],
                            "hasNextPage": false,
                            "startCursor": null,
                            "endCursor": null,
                            "__typename": "CommentConnection"
                        }
                    }
                ],
                "hasNextPage": false,
                "startCursor": "2022-02-08T02:01:53.768Z",
                "endCursor": "2022-02-08T14:11:52.077Z",
                "__typename": "CommentConnection"
            },
            "featuredCommentsCount": 0,
            "featuredComments": {
                "nodes": [],
                "hasNextPage": false,
                "startCursor": null,
                "endCursor": null,
                "__typename": "CommentConnection"
            }
        },
        "settings": {
            "organizationName": "The Globe and Mail",
            "__typename": "Settings"
        },
        "__typename": "RootQuery"
    }
}