{
    "data": {
        "me": null,
        "asset": {
            "__typename": "Asset",
            "id": "QG6RQ3KCZRHCDLU5GH2GBGMEJA",
            "closedAt": null,
            "isClosed": false,
            "settings": {
                "moderation": "POST",
                "premodLinksEnable": null,
                "questionBoxEnable": false,
                "questionBoxIcon": "default",
                "questionBoxContent": "",
                "__typename": "Settings",
                "infoBoxEnable": false,
                "infoBoxContent": "",
                "closedTimeout": 1209600,
                "closedMessage": "This article is no longer accepting new comments.",
                "disableCommenting": false,
                "disableCommentingMessage": "",
                "charCountEnable": true,
                "charCount": 1200,
                "requireEmailConfirmation": false
            },
            "title": "Evening Update: Injunction granted against convoy honking in Ottawa",
            "url": "https://www.theglobeandmail.com/canada/article-evening-update-injunction-granted-against-convoy-honking-in-ottawa/",
            "created_at": "2022-02-07T22:28:15.118Z",
            "totalCommentCount": 2,
            "comments": {
                "nodes": [
                    {
                        "id": "a5252b18-c85e-44ce-98fa-263770134aea",
                        "status": "ACCEPTED",
                        "user": {
                            "id": "C650A7DFD424F9FE13A48E08581A9BE35A95378F861ED60AC14795BC2BCEFB31",
                            "__typename": "User",
                            "username": "Iamjustme",
                            "created_at": "2021-11-08T04:29:57.240Z"
                        },
                        "body": "2 hours ago the CONvoy closed all traffic on the Ambassador Bridge both ways, the busiest border crossing between Canada and the US. Now the US will be involved. ",
                        "created_at": "2022-02-07T23:14:45.068Z",
                        "replyCount": 2,
                        "tags": [],
                        "status_history": null,
                        "action_summaries": [
                            {
                                "__typename": "DefaultActionSummary",
                                "count": 1,
                                "current_user": null
                            },
                            {
                                "__typename": "RespectActionSummary",
                                "count": 1,
                                "current_user": null
                            }
                        ],
                        "editing": {
                            "edited": false,
                            "editableUntil": "2022-02-07T23:44:45.068Z",
                            "__typename": "EditInfo"
                        },
                        "__typename": "Comment",
                        "replies": {
                            "nodes": [
                                {
                                    "id": "462c208a-3c5c-4a7c-b12a-ad53c344dd37",
                                    "body": "This will do real damage to the economy.\n",
                                    "created_at": "2022-02-08T12:47:10.327Z",
                                    "status": "ACCEPTED",
                                    "replyCount": 0,
                                    "tags": [],
                                    "user": {
                                        "id": "C650A7DFD424F9FECB0B5256E6C314F3576D0124510C4022A309F6D4ECE38E11",
                                        "username": "canadian patriot 55",
                                        "__typename": "User",
                                        "created_at": "2018-04-26T14:54:45.547Z"
                                    },
                                    "status_history": null,
                                    "action_summaries": [
                                        {
                                            "__typename": "DefaultActionSummary",
                                            "count": 1,
                                            "current_user": null
                                        }
                                    ],
                                    "editing": {
                                        "edited": false,
                                        "editableUntil": "2022-02-08T13:17:10.327Z",
                                        "__typename": "EditInfo"
                                    },
                                    "__typename": "Comment",
                                    "replies": {
                                        "nodes": [],
                                        "hasNextPage": false,
                                        "startCursor": null,
                                        "endCursor": null,
                                        "__typename": "CommentConnection"
                                    }
                                }
                            ],
                            "hasNextPage": false,
                            "startCursor": "2022-02-08T12:47:10.327Z",
                            "endCursor": "2022-02-08T12:47:10.327Z",
                            "__typename": "CommentConnection"
                        }
                    }
                ],
                "hasNextPage": false,
                "startCursor": "2022-02-07T23:14:45.068Z",
                "endCursor": "2022-02-07T23:14:45.068Z",
                "__typename": "CommentConnection"
            },
            "featuredCommentsCount": 0,
            "featuredComments": {
                "nodes": [],
                "hasNextPage": false,
                "startCursor": null,
                "endCursor": null,
                "__typename": "CommentConnection"
            }
        },
        "settings": {
            "organizationName": "The Globe and Mail",
            "__typename": "Settings"
        },
        "__typename": "RootQuery"
    }
}