{
    "data": {
        "me": null,
        "asset": {
            "__typename": "Asset",
            "id": "27KMT5KWVVHFVFMGTC7FGWSJOM",
            "closedAt": null,
            "isClosed": false,
            "settings": {
                "moderation": "POST",
                "premodLinksEnable": null,
                "questionBoxEnable": false,
                "questionBoxIcon": "default",
                "questionBoxContent": "",
                "__typename": "Settings",
                "infoBoxEnable": false,
                "infoBoxContent": "",
                "closedTimeout": 1209600,
                "closedMessage": "This article is no longer accepting new comments.",
                "disableCommenting": false,
                "disableCommentingMessage": "",
                "charCountEnable": true,
                "charCount": 1200,
                "requireEmailConfirmation": false
            },
            "title": "Evening Update: Trudeau invokes Federal Emergencies Act for the first time",
            "url": "https://www.theglobeandmail.com/canada/article-evening-update-trudeau-invokes-federal-emergencies-act-for-the-first/",
            "created_at": "2022-02-14T22:45:46.895Z",
            "totalCommentCount": 2,
            "comments": {
                "nodes": [
                    {
                        "id": "9f16a4e1-8d65-4535-9dd9-a2347f561abd",
                        "status": "ACCEPTED",
                        "user": {
                            "id": "C650A7DFD424F9FEACA7734D1FB020A9D73E2403A9E911E7E661AD2F1DC0384D",
                            "__typename": "User",
                            "username": "bwana4swahili",
                            "created_at": "2018-04-26T14:31:59.668Z"
                        },
                        "body": "Past time for the 'Convoy of Fools' to go back to work!  They've had more than their useless 15 minutes of fame and wasted enough diesel fuel.  Now they're simply an annoyance to Canadians.  Good riddance!!\n",
                        "created_at": "2022-02-14T23:15:10.133Z",
                        "replyCount": 1,
                        "tags": [],
                        "status_history": null,
                        "action_summaries": [
                            {
                                "__typename": "DefaultActionSummary",
                                "count": 1,
                                "current_user": null
                            }
                        ],
                        "editing": {
                            "edited": false,
                            "editableUntil": "2022-02-14T23:45:10.133Z",
                            "__typename": "EditInfo"
                        },
                        "__typename": "Comment",
                        "replies": {
                            "nodes": [],
                            "hasNextPage": false,
                            "startCursor": null,
                            "endCursor": null,
                            "__typename": "CommentConnection"
                        }
                    },
                    {
                        "id": "b4e52747-c9f8-4373-8882-58badd7ac125",
                        "status": "ACCEPTED",
                        "user": {
                            "id": "C650A7DFD424F9FECB0B5256E6C314F3DD298DC48BFB6DBF468DEE5BAF7022AA",
                            "__typename": "User",
                            "username": "Jim-dandy",
                            "created_at": "2018-04-26T14:33:31.521Z"
                        },
                        "body": "Our Drama teacher is THE WORLDS NEWEST DICTATOR club! HOW DARE HE TURN HIS MILITARY ON THE CITIZENS. THE RCMP HAVE TO PHYSICALLY REMOVE THIS PUNK FROM OFFICE . where on earth is the “official opposition “? ",
                        "created_at": "2022-02-14T23:42:03.294Z",
                        "replyCount": 0,
                        "tags": [],
                        "status_history": null,
                        "action_summaries": [
                            {
                                "__typename": "DefaultActionSummary",
                                "count": 1,
                                "current_user": null
                            }
                        ],
                        "editing": {
                            "edited": false,
                            "editableUntil": "2022-02-15T00:12:03.294Z",
                            "__typename": "EditInfo"
                        },
                        "__typename": "Comment",
                        "replies": {
                            "nodes": [],
                            "hasNextPage": false,
                            "startCursor": null,
                            "endCursor": null,
                            "__typename": "CommentConnection"
                        }
                    }
                ],
                "hasNextPage": false,
                "startCursor": "2022-02-14T23:15:10.133Z",
                "endCursor": "2022-02-14T23:42:03.294Z",
                "__typename": "CommentConnection"
            },
            "featuredCommentsCount": 0,
            "featuredComments": {
                "nodes": [],
                "hasNextPage": false,
                "startCursor": null,
                "endCursor": null,
                "__typename": "CommentConnection"
            }
        },
        "settings": {
            "organizationName": "The Globe and Mail",
            "__typename": "Settings"
        },
        "__typename": "RootQuery"
    }
}