{
    "data": {
        "me": null,
        "asset": {
            "__typename": "Asset",
            "id": "E4GE3A63KRBVRMSRFT2XSS5XYA",
            "closedAt": null,
            "isClosed": false,
            "settings": {
                "moderation": "POST",
                "premodLinksEnable": null,
                "questionBoxEnable": false,
                "questionBoxIcon": "default",
                "questionBoxContent": "",
                "__typename": "Settings",
                "infoBoxEnable": false,
                "infoBoxContent": "",
                "closedTimeout": 1209600,
                "closedMessage": "This article is no longer accepting new comments.",
                "disableCommenting": false,
                "disableCommentingMessage": "",
                "charCountEnable": true,
                "charCount": 1200,
                "requireEmailConfirmation": false
            },
            "title": "Windsor’s Ambassador Bridge is open, but industries say it will take time to recover",
            "url": "https://www.theglobeandmail.com/business/article-windsors-ambassador-bridge-is-open-but-industries-say-it-will-take/",
            "created_at": "2022-02-14T22:47:29.592Z",
            "totalCommentCount": 9,
            "comments": {
                "nodes": [
                    {
                        "id": "72c9796a-3a8c-4600-bcb6-bf5e9ab12447",
                        "status": "NONE",
                        "user": {
                            "id": "C650A7DFD424F9FEFF8525843F03F3F46ECDF66E28F7BF88B154DCEBE6144DA0",
                            "__typename": "User",
                            "username": "StuporDuck",
                            "created_at": "2022-01-24T12:01:09.656Z"
                        },
                        "body": "It is minor but the opinion piece written by Mr. Alden pegs the damage at $400 million instead of $300 million.  And of course that doesn't include the hardships experienced by those who have been laid off because shipments never arrived.\n\nThe PM has invoked the Emergency Measures Act and that is great.  Although it appears that the federal government can supply RCMP officers to the Provinces even without it.  Some provinces are complaining however because it confers other sweeping powers to the federal government.  It implies a lack of trust in the federal government.\n\nI guess it is water under the bridge now(no pun intended) but why did it take so long to do this?  It should have been done the moment the protesters blocked the Alberta crossing as well as this one.  With all due respect to Canada's responses to date, it seems they are continually beaten to the punch.",
                        "created_at": "2022-02-14T22:55:56.562Z",
                        "replyCount": 1,
                        "tags": [],
                        "status_history": null,
                        "action_summaries": [
                            {
                                "__typename": "RespectActionSummary",
                                "count": 2,
                                "current_user": null
                            }
                        ],
                        "editing": {
                            "edited": false,
                            "editableUntil": "2022-02-14T23:25:56.562Z",
                            "__typename": "EditInfo"
                        },
                        "__typename": "Comment",
                        "replies": {
                            "nodes": [
                                {
                                    "id": "21a83cd2-a2b3-487d-bd64-d17970be4958",
                                    "body": "I suppose it's better late then never.",
                                    "created_at": "2022-02-15T03:03:19.771Z",
                                    "status": "NONE",
                                    "replyCount": 0,
                                    "tags": [],
                                    "user": {
                                        "id": "C650A7DFD424F9FECB0B5256E6C314F35ABC3C498E26F8EE75B27FF1BE618711",
                                        "username": "Bikerman",
                                        "__typename": "User",
                                        "created_at": "2018-04-26T14:31:27.669Z"
                                    },
                                    "status_history": null,
                                    "action_summaries": [],
                                    "editing": {
                                        "edited": false,
                                        "editableUntil": "2022-02-15T03:33:19.771Z",
                                        "__typename": "EditInfo"
                                    },
                                    "__typename": "Comment",
                                    "replies": {
                                        "nodes": [],
                                        "hasNextPage": false,
                                        "startCursor": null,
                                        "endCursor": null,
                                        "__typename": "CommentConnection"
                                    }
                                }
                            ],
                            "hasNextPage": false,
                            "startCursor": "2022-02-15T03:03:19.771Z",
                            "endCursor": "2022-02-15T03:03:19.771Z",
                            "__typename": "CommentConnection"
                        }
                    },
                    {
                        "id": "0a7fa1d6-de3b-47fe-ae82-03dca8a0c889",
                        "status": "ACCEPTED",
                        "user": {
                            "id": "C650A7DFD424F9FE2AB315A858CA118E3A8A539C0FC6DD2AE1CB93704388DB4C",
                            "__typename": "User",
                            "username": "HW01",
                            "created_at": "2018-04-26T14:56:16.967Z"
                        },
                        "body": "Oh, I'm sure they will come up with new and innovative ways to rip off the consumers and taxpayers of Canada.",
                        "created_at": "2022-02-14T23:53:06.740Z",
                        "replyCount": 1,
                        "tags": [],
                        "status_history": null,
                        "action_summaries": [
                            {
                                "__typename": "DefaultActionSummary",
                                "count": 1,
                                "current_user": null
                            },
                            {
                                "__typename": "RespectActionSummary",
                                "count": 3,
                                "current_user": null
                            }
                        ],
                        "editing": {
                            "edited": false,
                            "editableUntil": "2022-02-15T00:23:06.740Z",
                            "__typename": "EditInfo"
                        },
                        "__typename": "Comment",
                        "replies": {
                            "nodes": [],
                            "hasNextPage": false,
                            "startCursor": null,
                            "endCursor": null,
                            "__typename": "CommentConnection"
                        }
                    },
                    {
                        "id": "0bbabaa2-4354-4b3d-9029-84e2ac977382",
                        "status": "NONE",
                        "user": {
                            "id": "C650A7DFD424F9FED0F427B328332ED498315C9E899C2B846C191BDA0E367454",
                            "__typename": "User",
                            "username": "Was up 2",
                            "created_at": "2018-04-26T14:31:37.230Z"
                        },
                        "body": "Covid lockdown did a lot more damage than this ever will. Woke up everybody!",
                        "created_at": "2022-02-15T00:36:35.528Z",
                        "replyCount": 3,
                        "tags": [],
                        "status_history": null,
                        "action_summaries": [
                            {
                                "__typename": "RespectActionSummary",
                                "count": 4,
                                "current_user": null
                            }
                        ],
                        "editing": {
                            "edited": false,
                            "editableUntil": "2022-02-15T01:06:35.528Z",
                            "__typename": "EditInfo"
                        },
                        "__typename": "Comment",
                        "replies": {
                            "nodes": [
                                {
                                    "id": "836eed9b-56d5-4fa9-be2e-10c7a7a6b4ed",
                                    "body": "I guess you mean wake up ???",
                                    "created_at": "2022-02-15T03:02:38.440Z",
                                    "status": "ACCEPTED",
                                    "replyCount": 0,
                                    "tags": [],
                                    "user": {
                                        "id": "C650A7DFD424F9FECB0B5256E6C314F35ABC3C498E26F8EE75B27FF1BE618711",
                                        "username": "Bikerman",
                                        "__typename": "User",
                                        "created_at": "2018-04-26T14:31:27.669Z"
                                    },
                                    "status_history": null,
                                    "action_summaries": [
                                        {
                                            "__typename": "DefaultActionSummary",
                                            "count": 1,
                                            "current_user": null
                                        }
                                    ],
                                    "editing": {
                                        "edited": false,
                                        "editableUntil": "2022-02-15T03:32:38.440Z",
                                        "__typename": "EditInfo"
                                    },
                                    "__typename": "Comment",
                                    "replies": {
                                        "nodes": [],
                                        "hasNextPage": false,
                                        "startCursor": null,
                                        "endCursor": null,
                                        "__typename": "CommentConnection"
                                    }
                                }
                            ],
                            "hasNextPage": false,
                            "startCursor": "2022-02-15T03:02:38.440Z",
                            "endCursor": "2022-02-15T03:02:38.440Z",
                            "__typename": "CommentConnection"
                        }
                    },
                    {
                        "id": "d829a015-d2cc-49be-85fd-a75315293dc5",
                        "status": "ACCEPTED",
                        "user": {
                            "id": "C650A7DFD424F9FECB0B5256E6C314F35ABC3C498E26F8EE75B27FF1BE618711",
                            "__typename": "User",
                            "username": "Bikerman",
                            "created_at": "2018-04-26T14:31:27.669Z"
                        },
                        "body": "Like during WW2, one victory started the tide turning so the Emergency Measure should continue to defeat the far right threat facing the country.",
                        "created_at": "2022-02-15T03:02:12.643Z",
                        "replyCount": 0,
                        "tags": [],
                        "status_history": null,
                        "action_summaries": [
                            {
                                "__typename": "DefaultActionSummary",
                                "count": 1,
                                "current_user": null
                            },
                            {
                                "__typename": "RespectActionSummary",
                                "count": 1,
                                "current_user": null
                            }
                        ],
                        "editing": {
                            "edited": false,
                            "editableUntil": "2022-02-15T03:32:12.643Z",
                            "__typename": "EditInfo"
                        },
                        "__typename": "Comment",
                        "replies": {
                            "nodes": [],
                            "hasNextPage": false,
                            "startCursor": null,
                            "endCursor": null,
                            "__typename": "CommentConnection"
                        }
                    },
                    {
                        "id": "e8bfce95-a7c5-4145-a589-34b249484b05",
                        "status": "ACCEPTED",
                        "user": {
                            "id": "C650A7DFD424F9FE2AB315A858CA118E88963DD855770C3FA845AC2732B72542",
                            "__typename": "User",
                            "username": "Weatherman4",
                            "created_at": "2018-05-03T11:36:26.461Z"
                        },
                        "body": "$300-million a day! Not including the impact of the blockades at the other sites!\n\nthe Armed Forced should have been deployed and encouraged to their jobs earlier in this circus \n",
                        "created_at": "2022-02-15T09:58:27.750Z",
                        "replyCount": 0,
                        "tags": [],
                        "status_history": null,
                        "action_summaries": [
                            {
                                "__typename": "DefaultActionSummary",
                                "count": 1,
                                "current_user": null
                            }
                        ],
                        "editing": {
                            "edited": false,
                            "editableUntil": "2022-02-15T10:28:27.750Z",
                            "__typename": "EditInfo"
                        },
                        "__typename": "Comment",
                        "replies": {
                            "nodes": [],
                            "hasNextPage": false,
                            "startCursor": null,
                            "endCursor": null,
                            "__typename": "CommentConnection"
                        }
                    },
                    {
                        "id": "045814e4-5a5b-4cdf-99e1-be2445f70950",
                        "status": "ACCEPTED",
                        "user": {
                            "id": "C650A7DFD424F9FEBFAFF7B89DC24CEAD38094D32913C5F214AB7EA51B529DB0",
                            "__typename": "User",
                            "username": "john l gee",
                            "created_at": "2019-12-11T18:49:29.166Z"
                        },
                        "body": "I'm sure there will be requests for a few 100 $million...just to get them back on their feet.\nWhich justin will be granting.....to buy more votes.",
                        "created_at": "2022-02-15T11:56:18.684Z",
                        "replyCount": 0,
                        "tags": [],
                        "status_history": null,
                        "action_summaries": [
                            {
                                "__typename": "DefaultActionSummary",
                                "count": 1,
                                "current_user": null
                            },
                            {
                                "__typename": "RespectActionSummary",
                                "count": 1,
                                "current_user": null
                            }
                        ],
                        "editing": {
                            "edited": false,
                            "editableUntil": "2022-02-15T12:26:18.684Z",
                            "__typename": "EditInfo"
                        },
                        "__typename": "Comment",
                        "replies": {
                            "nodes": [],
                            "hasNextPage": false,
                            "startCursor": null,
                            "endCursor": null,
                            "__typename": "CommentConnection"
                        }
                    },
                    {
                        "id": "ecbe1bf8-3d32-48ea-8e44-9d820eda4e63",
                        "status": "NONE",
                        "user": {
                            "id": "C650A7DFD424F9FEA263F04ABBC2E2BA148E1F9847A3C828BF284D5DF530350D",
                            "__typename": "User",
                            "username": "rgo29",
                            "created_at": "2018-04-26T14:33:16.188Z"
                        },
                        "body": "Ya and the average Canadian is going to take years to recover from Trudeau's lockdown policies that existed before the bridge incident. There is no context from the legacy media.",
                        "created_at": "2022-02-16T12:49:44.639Z",
                        "replyCount": 0,
                        "tags": [],
                        "status_history": null,
                        "action_summaries": [
                            {
                                "__typename": "RespectActionSummary",
                                "count": 1,
                                "current_user": null
                            }
                        ],
                        "editing": {
                            "edited": false,
                            "editableUntil": "2022-02-16T13:19:44.639Z",
                            "__typename": "EditInfo"
                        },
                        "__typename": "Comment",
                        "replies": {
                            "nodes": [],
                            "hasNextPage": false,
                            "startCursor": null,
                            "endCursor": null,
                            "__typename": "CommentConnection"
                        }
                    }
                ],
                "hasNextPage": false,
                "startCursor": "2022-02-14T22:55:56.562Z",
                "endCursor": "2022-02-16T12:49:44.639Z",
                "__typename": "CommentConnection"
            },
            "featuredCommentsCount": 0,
            "featuredComments": {
                "nodes": [],
                "hasNextPage": false,
                "startCursor": null,
                "endCursor": null,
                "__typename": "CommentConnection"
            }
        },
        "settings": {
            "organizationName": "The Globe and Mail",
            "__typename": "Settings"
        },
        "__typename": "RootQuery"
    }
}