{
    "data": {
        "me": null,
        "asset": {
            "__typename": "Asset",
            "id": "IUZIPZZSWJDLXJTSPNMMKJTTBY",
            "closedAt": null,
            "isClosed": false,
            "settings": {
                "moderation": "POST",
                "premodLinksEnable": null,
                "questionBoxEnable": false,
                "questionBoxIcon": "default",
                "questionBoxContent": "",
                "__typename": "Settings",
                "infoBoxEnable": false,
                "infoBoxContent": "",
                "closedTimeout": 1209600,
                "closedMessage": "This article is no longer accepting new comments.",
                "disableCommenting": false,
                "disableCommentingMessage": "",
                "charCountEnable": true,
                "charCount": 1200,
                "requireEmailConfirmation": false
            },
            "title": "Politics Briefing: Chief Sloly says Ottawa police looking at impounding remaining trucks, calls for more resources",
            "url": "https://www.theglobeandmail.com/politics/article-politics-briefing-chief-sloly-says-ottawa-police-looking-at-impounding/",
            "created_at": "2022-02-07T18:47:44.107Z",
            "totalCommentCount": 13,
            "comments": {
                "nodes": [
                    {
                        "id": "aefbd714-b16f-4baf-b334-6f8fdd44b2ce",
                        "status": "ACCEPTED",
                        "user": {
                            "id": "C650A7DFD424F9FEACA7734D1FB020A99D51322960CAC72CB73538C476957815",
                            "__typename": "User",
                            "username": "yvre",
                            "created_at": "2018-04-26T14:36:21.287Z"
                        },
                        "body": "It’s about time",
                        "created_at": "2022-02-07T19:21:20.688Z",
                        "replyCount": 0,
                        "tags": [],
                        "status_history": null,
                        "action_summaries": [
                            {
                                "__typename": "DefaultActionSummary",
                                "count": 1,
                                "current_user": null
                            },
                            {
                                "__typename": "RespectActionSummary",
                                "count": 4,
                                "current_user": null
                            }
                        ],
                        "editing": {
                            "edited": false,
                            "editableUntil": "2022-02-07T19:51:20.688Z",
                            "__typename": "EditInfo"
                        },
                        "__typename": "Comment",
                        "replies": {
                            "nodes": [],
                            "hasNextPage": false,
                            "startCursor": null,
                            "endCursor": null,
                            "__typename": "CommentConnection"
                        }
                    },
                    {
                        "id": "4f0eaeee-7c86-49f0-96c3-50d7fd8377ad",
                        "status": "ACCEPTED",
                        "user": {
                            "id": "C650A7DFD424F9FE2AB315A858CA118E9A5D620286E46B553BC9078C02C04106",
                            "__typename": "User",
                            "username": "kws6000",
                            "created_at": "2019-09-22T03:22:21.839Z"
                        },
                        "body": "Slowly is clueless.   \n\nHe has no practical way to impound \nthe trucks.\n\nNo towing companies will take the job.",
                        "created_at": "2022-02-07T20:40:40.266Z",
                        "replyCount": 5,
                        "tags": [],
                        "status_history": null,
                        "action_summaries": [
                            {
                                "__typename": "DefaultActionSummary",
                                "count": 1,
                                "current_user": null
                            },
                            {
                                "__typename": "RespectActionSummary",
                                "count": 2,
                                "current_user": null
                            }
                        ],
                        "editing": {
                            "edited": false,
                            "editableUntil": "2022-02-07T21:10:40.266Z",
                            "__typename": "EditInfo"
                        },
                        "__typename": "Comment",
                        "replies": {
                            "nodes": [
                                {
                                    "id": "0dea35b1-d9cc-4f27-a7bc-a77a90b26075",
                                    "body": "I agree with you.  He has to cut off all supplies to the truckers:  food, water, fuel.  This can be done by not allowing people access to the streets where they are parked.  I am quite sure Ottawa residents would be happy to comply.  When they get cold enough or hungry enough or thirsty enough and are unable to honk any more, give them enough gas to get them to a gas station at the end of town and escort each truck out one by one.  Expensive yes.  Peaceful yes.  Doable yes.",
                                    "created_at": "2022-02-07T22:22:27.773Z",
                                    "status": "NONE",
                                    "replyCount": 0,
                                    "tags": [],
                                    "user": {
                                        "id": "C650A7DFD424F9FEACA7734D1FB020A9902598D861CC5C8CA5ECB355F5122155",
                                        "username": "dubdubu",
                                        "__typename": "User",
                                        "created_at": "2018-04-26T14:41:58.447Z"
                                    },
                                    "status_history": null,
                                    "action_summaries": [
                                        {
                                            "__typename": "RespectActionSummary",
                                            "count": 4,
                                            "current_user": null
                                        }
                                    ],
                                    "editing": {
                                        "edited": false,
                                        "editableUntil": "2022-02-07T22:52:27.773Z",
                                        "__typename": "EditInfo"
                                    },
                                    "__typename": "Comment",
                                    "replies": {
                                        "nodes": [],
                                        "hasNextPage": false,
                                        "startCursor": null,
                                        "endCursor": null,
                                        "__typename": "CommentConnection"
                                    }
                                },
                                {
                                    "id": "fb9f2aed-19ee-4906-95bc-adda4724fc4f",
                                    "body": "A well paying job offer always talks ",
                                    "created_at": "2022-02-07T22:43:01.589Z",
                                    "status": "ACCEPTED",
                                    "replyCount": 0,
                                    "tags": [],
                                    "user": {
                                        "id": "C650A7DFD424F9FE2AB315A858CA118E0650BF79D60BEC20EBE169F10DEED764",
                                        "username": "Ken77777",
                                        "__typename": "User",
                                        "created_at": "2020-10-25T03:32:45.105Z"
                                    },
                                    "status_history": null,
                                    "action_summaries": [
                                        {
                                            "__typename": "DefaultActionSummary",
                                            "count": 1,
                                            "current_user": null
                                        }
                                    ],
                                    "editing": {
                                        "edited": false,
                                        "editableUntil": "2022-02-07T23:13:01.589Z",
                                        "__typename": "EditInfo"
                                    },
                                    "__typename": "Comment",
                                    "replies": {
                                        "nodes": [],
                                        "hasNextPage": false,
                                        "startCursor": null,
                                        "endCursor": null,
                                        "__typename": "CommentConnection"
                                    }
                                },
                                {
                                    "id": "ed01e43e-c533-435f-8aa1-eed800f5b191",
                                    "body": "Just drive them away. Easy peasy.",
                                    "created_at": "2022-02-08T03:38:29.347Z",
                                    "status": "ACCEPTED",
                                    "replyCount": 0,
                                    "tags": [],
                                    "user": {
                                        "id": "C650A7DFD424F9FEF5FA5FE51D8F70326B6A8F95247FDB6A6C814714D6B3C486",
                                        "username": "Ian_TO",
                                        "__typename": "User",
                                        "created_at": "2020-04-24T15:22:29.447Z"
                                    },
                                    "status_history": null,
                                    "action_summaries": [
                                        {
                                            "__typename": "DefaultActionSummary",
                                            "count": 1,
                                            "current_user": null
                                        },
                                        {
                                            "__typename": "RespectActionSummary",
                                            "count": 1,
                                            "current_user": null
                                        }
                                    ],
                                    "editing": {
                                        "edited": false,
                                        "editableUntil": "2022-02-08T04:08:29.347Z",
                                        "__typename": "EditInfo"
                                    },
                                    "__typename": "Comment",
                                    "replies": {
                                        "nodes": [],
                                        "hasNextPage": false,
                                        "startCursor": null,
                                        "endCursor": null,
                                        "__typename": "CommentConnection"
                                    }
                                }
                            ],
                            "hasNextPage": false,
                            "startCursor": "2022-02-07T22:22:27.773Z",
                            "endCursor": "2022-02-08T03:38:29.347Z",
                            "__typename": "CommentConnection"
                        }
                    },
                    {
                        "id": "fbafcc08-a339-4af9-8e12-ab8c67426df8",
                        "status": "ACCEPTED",
                        "user": {
                            "id": "C650A7DFD424F9FED0F427B328332ED44D382361C02BA2233B80AF60D0166289",
                            "__typename": "User",
                            "username": "BC Thoughts",
                            "created_at": "2018-04-26T14:31:23.307Z"
                        },
                        "body": "Removing trucks could be almost 'impossible,' say heavy towing experts\n\nIncredibly difficult without co-operation from drivers, say those in the field\n\nMichelle Allan · CBC News · Posted: Feb 07, 2022 4:00 AM ET |\n\nHeavy-duty towing experts say it will be difficult or impossible to remove the hundreds of heavy trucks entrenched in Ottawa's downtown — unless the drivers allow it.\n\n\nTrucker Lloyd Crowe from Picton, Ont., has been parked just a couple of blocks away from Parliament Hill since last weekend, but he's not worried about being towed.\n\n\"If you know anything about truck air brakes, once you pull that button, all 18 wheels are locked,\" Crowe told CBC on Wednesday.",
                        "created_at": "2022-02-07T21:25:46.590Z",
                        "replyCount": 0,
                        "tags": [],
                        "status_history": null,
                        "action_summaries": [
                            {
                                "__typename": "DefaultActionSummary",
                                "count": 1,
                                "current_user": null
                            },
                            {
                                "__typename": "RespectActionSummary",
                                "count": 1,
                                "current_user": null
                            }
                        ],
                        "editing": {
                            "edited": false,
                            "editableUntil": "2022-02-07T21:55:46.590Z",
                            "__typename": "EditInfo"
                        },
                        "__typename": "Comment",
                        "replies": {
                            "nodes": [],
                            "hasNextPage": false,
                            "startCursor": null,
                            "endCursor": null,
                            "__typename": "CommentConnection"
                        }
                    },
                    {
                        "id": "477d678a-6971-4ea6-860d-1d852863a47c",
                        "status": "ACCEPTED",
                        "user": {
                            "id": "C650A7DFD424F9FE2AB315A858CA118E401BD16ED695526D8FEFE983112A13BA",
                            "__typename": "User",
                            "username": "BTrue1",
                            "created_at": "2018-09-14T18:40:52.625Z"
                        },
                        "body": "If you can't tow the trucks, dismantle them - carelessly.",
                        "created_at": "2022-02-07T21:39:11.111Z",
                        "replyCount": 0,
                        "tags": [],
                        "status_history": null,
                        "action_summaries": [
                            {
                                "__typename": "DefaultActionSummary",
                                "count": 1,
                                "current_user": null
                            },
                            {
                                "__typename": "RespectActionSummary",
                                "count": 6,
                                "current_user": null
                            }
                        ],
                        "editing": {
                            "edited": false,
                            "editableUntil": "2022-02-07T22:09:11.111Z",
                            "__typename": "EditInfo"
                        },
                        "__typename": "Comment",
                        "replies": {
                            "nodes": [],
                            "hasNextPage": false,
                            "startCursor": null,
                            "endCursor": null,
                            "__typename": "CommentConnection"
                        }
                    },
                    {
                        "id": "8d262c5f-cc79-4584-8c86-9c97f312d64e",
                        "status": "ACCEPTED",
                        "user": {
                            "id": "C650A7DFD424F9FE2AB315A858CA118E0650BF79D60BEC20EBE169F10DEED764",
                            "__typename": "User",
                            "username": "Ken77777",
                            "created_at": "2020-10-25T03:32:45.105Z"
                        },
                        "body": "Sounds like an excellent idea .",
                        "created_at": "2022-02-07T22:41:21.291Z",
                        "replyCount": 0,
                        "tags": [],
                        "status_history": null,
                        "action_summaries": [
                            {
                                "__typename": "DefaultActionSummary",
                                "count": 1,
                                "current_user": null
                            },
                            {
                                "__typename": "RespectActionSummary",
                                "count": 3,
                                "current_user": null
                            }
                        ],
                        "editing": {
                            "edited": false,
                            "editableUntil": "2022-02-07T23:11:21.291Z",
                            "__typename": "EditInfo"
                        },
                        "__typename": "Comment",
                        "replies": {
                            "nodes": [],
                            "hasNextPage": false,
                            "startCursor": null,
                            "endCursor": null,
                            "__typename": "CommentConnection"
                        }
                    },
                    {
                        "id": "2f55258f-d4d7-43f6-a33d-677814972d85",
                        "status": "ACCEPTED",
                        "user": {
                            "id": "C650A7DFD424F9FE2629F3C5B8AAD445D05DEE18F245C593BD2B22FEB42AD6E4",
                            "__typename": "User",
                            "username": "app_72272881",
                            "created_at": "2021-08-27T01:03:45.865Z"
                        },
                        "body": "If towing is a challenge, simply removing the driver, should be quite easy, and then put an appointed driver behind the wheel.\nThen just drive - not tow - the truck away to the impound yard.\nMany qualified City and other personnel, to do this. T\noo many excuses, not enough solutions and action, IMHO.\nHow do you eat an elephant? One bite at a time.",
                        "created_at": "2022-02-07T22:41:35.387Z",
                        "replyCount": 0,
                        "tags": [],
                        "status_history": null,
                        "action_summaries": [
                            {
                                "__typename": "DefaultActionSummary",
                                "count": 1,
                                "current_user": null
                            },
                            {
                                "__typename": "RespectActionSummary",
                                "count": 5,
                                "current_user": null
                            }
                        ],
                        "editing": {
                            "edited": false,
                            "editableUntil": "2022-02-07T23:11:35.387Z",
                            "__typename": "EditInfo"
                        },
                        "__typename": "Comment",
                        "replies": {
                            "nodes": [],
                            "hasNextPage": false,
                            "startCursor": null,
                            "endCursor": null,
                            "__typename": "CommentConnection"
                        }
                    },
                    {
                        "id": "338f4393-aed6-496f-918d-db240b52fae6",
                        "status": "ACCEPTED",
                        "user": {
                            "id": "C650A7DFD424F9FEBFAFF7B89DC24CEA668CE800222551507C0F82CA92ECEE0E",
                            "__typename": "User",
                            "username": "Westerlies44",
                            "created_at": "2019-10-02T01:47:18.210Z"
                        },
                        "body": "Bravo. This sounds like the best solution as truckers are unlikely to remain their vehicles will be seized, and it makes them unlikely to come back.\n\nWhat`s needed is a fast procedure for all provinces to act quickly should any future occupation be threatened with vehicles. Canadians need to know that vehicles will be seized and held until all fines are paid and that hooligans will have to foot the bill for any occupation. If needed, vehicles should be sold, preferably within 30 days.\n\nHowever, it cannot be the case that police only seize vehicles. These occupiers need to face trial and jail or their appalling and lawless conduct. They should also have to compensate all of their victims. Also, we need to ask whether anyone who uses a truck in this fashion should be permitted to be a licensed driver of trucking rigs anywhere in Canada.",
                        "created_at": "2022-02-08T11:00:08.271Z",
                        "replyCount": 0,
                        "tags": [],
                        "status_history": null,
                        "action_summaries": [
                            {
                                "__typename": "DefaultActionSummary",
                                "count": 1,
                                "current_user": null
                            },
                            {
                                "__typename": "RespectActionSummary",
                                "count": 1,
                                "current_user": null
                            }
                        ],
                        "editing": {
                            "edited": false,
                            "editableUntil": "2022-02-08T11:30:08.271Z",
                            "__typename": "EditInfo"
                        },
                        "__typename": "Comment",
                        "replies": {
                            "nodes": [],
                            "hasNextPage": false,
                            "startCursor": null,
                            "endCursor": null,
                            "__typename": "CommentConnection"
                        }
                    },
                    {
                        "id": "2ddff7e6-6dfe-4289-b0e9-72f16d86057b",
                        "status": "ACCEPTED",
                        "user": {
                            "id": "C650A7DFD424F9FED0F427B328332ED46444856E986987B6774CAE397F3A1B6B",
                            "__typename": "User",
                            "username": "Peter Woodward1952",
                            "created_at": "2018-04-26T15:01:42.954Z"
                        },
                        "body": "Police Chief Sloly is going to write a letter to the Mayor asking for more resources.  Well, be sure to put the right stamp on it and let’s hope it gets across town in the next week.\n\nHere’s the thing, Chief:  Alexander Graham Bell has invented a device called the telephone.  You can pick it up and talk to anybody.  You should try it some time.\n\nThe fact that he even uttered the word “letter” tells you Chief Sloly is not up to his job.",
                        "created_at": "2022-02-08T15:23:33.416Z",
                        "replyCount": 1,
                        "tags": [],
                        "status_history": null,
                        "action_summaries": [
                            {
                                "__typename": "FlagActionSummary",
                                "count": 1,
                                "current_user": null
                            }
                        ],
                        "editing": {
                            "edited": false,
                            "editableUntil": "2022-02-08T15:53:33.416Z",
                            "__typename": "EditInfo"
                        },
                        "__typename": "Comment",
                        "replies": {
                            "nodes": [
                                {
                                    "id": "32265abd-a656-4db8-94d8-f26c52227800",
                                    "body": "Not up to the job indeed....but he is not th eonly one...SADLY",
                                    "created_at": "2022-02-08T21:43:57.721Z",
                                    "status": "NONE",
                                    "replyCount": 0,
                                    "tags": [],
                                    "user": {
                                        "id": "C650A7DFD424F9FED0F427B328332ED4DCCF45F1CFDE679E7731A88E8B8E7714",
                                        "username": "Aldo16",
                                        "__typename": "User",
                                        "created_at": "2018-04-26T15:00:01.199Z"
                                    },
                                    "status_history": null,
                                    "action_summaries": [],
                                    "editing": {
                                        "edited": false,
                                        "editableUntil": "2022-02-08T22:13:57.721Z",
                                        "__typename": "EditInfo"
                                    },
                                    "__typename": "Comment",
                                    "replies": {
                                        "nodes": [],
                                        "hasNextPage": false,
                                        "startCursor": null,
                                        "endCursor": null,
                                        "__typename": "CommentConnection"
                                    }
                                }
                            ],
                            "hasNextPage": false,
                            "startCursor": "2022-02-08T21:43:57.721Z",
                            "endCursor": "2022-02-08T21:43:57.721Z",
                            "__typename": "CommentConnection"
                        }
                    },
                    {
                        "id": "c8b670b6-4e7b-4361-87c8-59a37890c48a",
                        "status": "ACCEPTED",
                        "user": {
                            "id": "C650A7DFD424F9FE2629F3C5B8AAD4451CFB350AFDA57B4A137278C640CFF0BF",
                            "__typename": "User",
                            "username": "app_72746711",
                            "created_at": "2021-11-03T22:29:04.963Z"
                        },
                        "body": "Amidst all the reports and Opinion articles there is NOTHING on Doug Ford and his mandate around the Administration of Justice in Ontario.\n\nit’s almost like the MSM is protecting him.",
                        "created_at": "2022-02-08T22:40:54.588Z",
                        "replyCount": 0,
                        "tags": [],
                        "status_history": null,
                        "action_summaries": [
                            {
                                "__typename": "DefaultActionSummary",
                                "count": 1,
                                "current_user": null
                            }
                        ],
                        "editing": {
                            "edited": false,
                            "editableUntil": "2022-02-08T23:10:54.588Z",
                            "__typename": "EditInfo"
                        },
                        "__typename": "Comment",
                        "replies": {
                            "nodes": [],
                            "hasNextPage": false,
                            "startCursor": null,
                            "endCursor": null,
                            "__typename": "CommentConnection"
                        }
                    }
                ],
                "hasNextPage": false,
                "startCursor": "2022-02-07T19:21:20.688Z",
                "endCursor": "2022-02-08T22:40:54.588Z",
                "__typename": "CommentConnection"
            },
            "featuredCommentsCount": 0,
            "featuredComments": {
                "nodes": [],
                "hasNextPage": false,
                "startCursor": null,
                "endCursor": null,
                "__typename": "CommentConnection"
            }
        },
        "settings": {
            "organizationName": "The Globe and Mail",
            "__typename": "Settings"
        },
        "__typename": "RootQuery"
    }
}