{
    "data": {
        "me": null,
        "asset": {
            "__typename": "Asset",
            "id": "647KD33GKBB43JQK7HE5TS6IXQ",
            "closedAt": null,
            "isClosed": false,
            "settings": {
                "moderation": "POST",
                "premodLinksEnable": null,
                "questionBoxEnable": false,
                "questionBoxIcon": "default",
                "questionBoxContent": "",
                "__typename": "Settings",
                "infoBoxEnable": false,
                "infoBoxContent": "",
                "closedTimeout": 1209600,
                "closedMessage": "This article is no longer accepting new comments.",
                "disableCommenting": false,
                "disableCommentingMessage": "",
                "charCountEnable": true,
                "charCount": 1200,
                "requireEmailConfirmation": false
            },
            "title": "OPP investigating reports police officers donated to trucker convoy protests",
            "url": "https://www.theglobeandmail.com/canada/article-opp-investigating-reports-police-officers-donated-to-trucker-convoy/",
            "created_at": "2022-02-23T17:35:36.239Z",
            "totalCommentCount": 23,
            "comments": {
                "nodes": [
                    {
                        "id": "1f4f964e-f606-436d-a200-5160911f472a",
                        "status": "ACCEPTED",
                        "user": {
                            "id": "C650A7DFD424F9FEBFAFF7B89DC24CEAD38094D32913C5F214AB7EA51B529DB0",
                            "__typename": "User",
                            "username": "john l gee",
                            "created_at": "2019-12-11T18:49:29.166Z"
                        },
                        "body": "Next time check the liberal approved donations and protest site.\nLife gets so much simpler with justin in charge.",
                        "created_at": "2022-02-23T18:18:11.809Z",
                        "replyCount": 3,
                        "tags": [],
                        "status_history": null,
                        "action_summaries": [
                            {
                                "__typename": "DefaultActionSummary",
                                "count": 1,
                                "current_user": null
                            },
                            {
                                "__typename": "RespectActionSummary",
                                "count": 3,
                                "current_user": null
                            }
                        ],
                        "editing": {
                            "edited": false,
                            "editableUntil": "2022-02-23T18:48:11.809Z",
                            "__typename": "EditInfo"
                        },
                        "__typename": "Comment",
                        "replies": {
                            "nodes": [
                                {
                                    "id": "8ba2bcc0-f9c3-45ac-bf0e-e48f6b9cfaaa",
                                    "body": "Then I don't understand why you always sound so confused.",
                                    "created_at": "2022-02-23T21:09:31.645Z",
                                    "status": "ACCEPTED",
                                    "replyCount": 0,
                                    "tags": [],
                                    "user": {
                                        "id": "C650A7DFD424F9FED0F427B328332ED40A5375E7D7F3F4FF4566BDA34F194E85",
                                        "username": "Malcolm09",
                                        "__typename": "User",
                                        "created_at": "2018-04-26T14:31:27.277Z"
                                    },
                                    "status_history": null,
                                    "action_summaries": [
                                        {
                                            "__typename": "DefaultActionSummary",
                                            "count": 1,
                                            "current_user": null
                                        },
                                        {
                                            "__typename": "RespectActionSummary",
                                            "count": 6,
                                            "current_user": null
                                        }
                                    ],
                                    "editing": {
                                        "edited": false,
                                        "editableUntil": "2022-02-23T21:39:31.645Z",
                                        "__typename": "EditInfo"
                                    },
                                    "__typename": "Comment",
                                    "replies": {
                                        "nodes": [],
                                        "hasNextPage": false,
                                        "startCursor": null,
                                        "endCursor": null,
                                        "__typename": "CommentConnection"
                                    }
                                },
                                {
                                    "id": "1e03e604-eea9-4016-acea-ec9bd6abb2f9",
                                    "body": "So you think it is ok for armed police officers to donate to a group dedicated to ousting the elected government?  I would not fire these people but would put a note on their personnel files with this information.  ",
                                    "created_at": "2022-02-25T15:11:13.350Z",
                                    "status": "NONE",
                                    "replyCount": 0,
                                    "tags": [],
                                    "user": {
                                        "id": "C650A7DFD424F9FED0F427B328332ED49889498BC2EA4A22378243A4A738BB09",
                                        "username": "Sceptical1",
                                        "__typename": "User",
                                        "created_at": "2018-04-26T14:31:27.433Z"
                                    },
                                    "status_history": null,
                                    "action_summaries": [
                                        {
                                            "__typename": "RespectActionSummary",
                                            "count": 1,
                                            "current_user": null
                                        }
                                    ],
                                    "editing": {
                                        "edited": false,
                                        "editableUntil": "2022-02-25T15:41:13.350Z",
                                        "__typename": "EditInfo"
                                    },
                                    "__typename": "Comment",
                                    "replies": {
                                        "nodes": [],
                                        "hasNextPage": false,
                                        "startCursor": null,
                                        "endCursor": null,
                                        "__typename": "CommentConnection"
                                    }
                                }
                            ],
                            "hasNextPage": false,
                            "startCursor": "2022-02-23T21:09:31.645Z",
                            "endCursor": "2022-02-25T15:11:13.350Z",
                            "__typename": "CommentConnection"
                        }
                    },
                    {
                        "id": "52606cb6-466c-4413-a726-1e23fb09e946",
                        "status": "ACCEPTED",
                        "user": {
                            "id": "C650A7DFD424F9FE0D7BA75DC1A8277E8C726833FEAE88E5781D87BDCDF53976",
                            "__typename": "User",
                            "username": "Cincinnatus Model",
                            "created_at": "2019-01-06T16:08:18.856Z"
                        },
                        "body": "Breach of public trust.  These officers need to find another job.  ",
                        "created_at": "2022-02-23T18:29:20.439Z",
                        "replyCount": 2,
                        "tags": [],
                        "status_history": null,
                        "action_summaries": [
                            {
                                "__typename": "DefaultActionSummary",
                                "count": 1,
                                "current_user": null
                            },
                            {
                                "__typename": "RespectActionSummary",
                                "count": 8,
                                "current_user": null
                            }
                        ],
                        "editing": {
                            "edited": false,
                            "editableUntil": "2022-02-23T18:59:20.439Z",
                            "__typename": "EditInfo"
                        },
                        "__typename": "Comment",
                        "replies": {
                            "nodes": [
                                {
                                    "id": "86f98aa4-7f5c-4434-b0a1-f35982daf75b",
                                    "body": "Cough cough...can you say WE Charity?\n",
                                    "created_at": "2022-02-23T22:44:40.545Z",
                                    "status": "ACCEPTED",
                                    "replyCount": 2,
                                    "tags": [],
                                    "user": {
                                        "id": "C650A7DFD424F9FED2EEEE6B405DEED035E3586A9C2E4F45753D2464F783A519",
                                        "username": "Fabulous Fabs",
                                        "__typename": "User",
                                        "created_at": "2020-12-12T19:44:11.151Z"
                                    },
                                    "status_history": null,
                                    "action_summaries": [
                                        {
                                            "__typename": "DefaultActionSummary",
                                            "count": 1,
                                            "current_user": null
                                        },
                                        {
                                            "__typename": "RespectActionSummary",
                                            "count": 3,
                                            "current_user": null
                                        }
                                    ],
                                    "editing": {
                                        "edited": false,
                                        "editableUntil": "2022-02-23T23:14:40.545Z",
                                        "__typename": "EditInfo"
                                    },
                                    "__typename": "Comment",
                                    "replies": {
                                        "nodes": [
                                            {
                                                "id": "8ad01ee2-a7f5-46aa-bf10-e095df8c4c8e",
                                                "body": "Best get that Covid cough checked out.",
                                                "created_at": "2022-02-24T13:46:57.172Z",
                                                "status": "ACCEPTED",
                                                "replyCount": 2,
                                                "tags": [],
                                                "user": {
                                                    "id": "C650A7DFD424F9FE2629F3C5B8AAD4451CFB350AFDA57B4A137278C640CFF0BF",
                                                    "username": "app_72746711",
                                                    "__typename": "User",
                                                    "created_at": "2021-11-03T22:29:04.963Z"
                                                },
                                                "status_history": null,
                                                "action_summaries": [
                                                    {
                                                        "__typename": "DefaultActionSummary",
                                                        "count": 1,
                                                        "current_user": null
                                                    },
                                                    {
                                                        "__typename": "RespectActionSummary",
                                                        "count": 1,
                                                        "current_user": null
                                                    }
                                                ],
                                                "editing": {
                                                    "edited": false,
                                                    "editableUntil": "2022-02-24T14:16:57.172Z",
                                                    "__typename": "EditInfo"
                                                },
                                                "__typename": "Comment",
                                                "replies": {
                                                    "nodes": [
                                                        {
                                                            "id": "c4c1fa50-e0ed-448f-8d53-4757c9ad9657",
                                                            "body": "If only he had got vaccinated.",
                                                            "created_at": "2022-02-25T00:03:11.335Z",
                                                            "status": "ACCEPTED",
                                                            "replyCount": 0,
                                                            "tags": [],
                                                            "user": {
                                                                "id": "C650A7DFD424F9FEC2222CDF9CFC7593DB1CEA111AC11C06586FB5459E1C3706",
                                                                "username": "app_69680838",
                                                                "__typename": "User",
                                                                "created_at": "2020-09-23T23:24:32.946Z"
                                                            },
                                                            "status_history": null,
                                                            "action_summaries": [
                                                                {
                                                                    "__typename": "DefaultActionSummary",
                                                                    "count": 1,
                                                                    "current_user": null
                                                                },
                                                                {
                                                                    "__typename": "RespectActionSummary",
                                                                    "count": 2,
                                                                    "current_user": null
                                                                }
                                                            ],
                                                            "editing": {
                                                                "edited": false,
                                                                "editableUntil": "2022-02-25T00:33:11.335Z",
                                                                "__typename": "EditInfo"
                                                            },
                                                            "__typename": "Comment",
                                                            "replies": {
                                                                "nodes": [],
                                                                "hasNextPage": false,
                                                                "startCursor": null,
                                                                "endCursor": null,
                                                                "__typename": "CommentConnection"
                                                            }
                                                        }
                                                    ],
                                                    "hasNextPage": false,
                                                    "startCursor": "2022-02-25T00:03:11.335Z",
                                                    "endCursor": "2022-02-25T00:03:11.335Z",
                                                    "__typename": "CommentConnection"
                                                }
                                            }
                                        ],
                                        "hasNextPage": false,
                                        "startCursor": "2022-02-24T13:46:57.172Z",
                                        "endCursor": "2022-02-24T13:46:57.172Z",
                                        "__typename": "CommentConnection"
                                    }
                                }
                            ],
                            "hasNextPage": false,
                            "startCursor": "2022-02-23T22:44:40.545Z",
                            "endCursor": "2022-02-23T22:44:40.545Z",
                            "__typename": "CommentConnection"
                        }
                    },
                    {
                        "id": "aa47deb9-e261-44ce-9b28-d217089bebf6",
                        "status": "ACCEPTED",
                        "user": {
                            "id": "C650A7DFD424F9FEFF8525843F03F3F46ECDF66E28F7BF88B154DCEBE6144DA0",
                            "__typename": "User",
                            "username": "StuporDuck",
                            "created_at": "2022-01-24T12:01:09.656Z"
                        },
                        "body": "If any officers did, it would be important to find out WHEN the donation was made.  If the donation was made before the convoy arrived in Ottawa, then maybe the individual believed it would be a peaceful demonstration.  I didn't make any donation but believed that was the purpose of the demonstration.\n\nIf the donation was made after the demonstration started and the problems became known, then I guess some sort of disciplinary action is required.  Certainly the money would not be returned.  Nothing really rigid though such as dismissal; maybe a days suspension or written reprimand..  ",
                        "created_at": "2022-02-23T18:35:55.879Z",
                        "replyCount": 3,
                        "tags": [],
                        "status_history": null,
                        "action_summaries": [
                            {
                                "__typename": "DefaultActionSummary",
                                "count": 1,
                                "current_user": null
                            },
                            {
                                "__typename": "RespectActionSummary",
                                "count": 5,
                                "current_user": null
                            }
                        ],
                        "editing": {
                            "edited": false,
                            "editableUntil": "2022-02-23T19:05:55.879Z",
                            "__typename": "EditInfo"
                        },
                        "__typename": "Comment",
                        "replies": {
                            "nodes": [
                                {
                                    "id": "4163727a-a2fb-49dc-9a3e-d52f573b68ee",
                                    "body": "Please see the comment from Malcolm09 above with a link to The Toronto Star article stating the donations were made after February 5.",
                                    "created_at": "2022-02-26T14:41:41.779Z",
                                    "status": "ACCEPTED",
                                    "replyCount": 0,
                                    "tags": [],
                                    "user": {
                                        "id": "C650A7DFD424F9FED0F427B328332ED484B673DD6655FB8D3184A0ADEB63192A",
                                        "username": "Rod Sheridan",
                                        "__typename": "User",
                                        "created_at": "2018-04-26T14:31:27.290Z"
                                    },
                                    "status_history": null,
                                    "action_summaries": [
                                        {
                                            "__typename": "DefaultActionSummary",
                                            "count": 1,
                                            "current_user": null
                                        },
                                        {
                                            "__typename": "RespectActionSummary",
                                            "count": 1,
                                            "current_user": null
                                        }
                                    ],
                                    "editing": {
                                        "edited": false,
                                        "editableUntil": "2022-02-26T15:11:41.779Z",
                                        "__typename": "EditInfo"
                                    },
                                    "__typename": "Comment",
                                    "replies": {
                                        "nodes": [],
                                        "hasNextPage": false,
                                        "startCursor": null,
                                        "endCursor": null,
                                        "__typename": "CommentConnection"
                                    }
                                }
                            ],
                            "hasNextPage": false,
                            "startCursor": "2022-02-26T14:41:41.779Z",
                            "endCursor": "2022-02-26T14:41:41.779Z",
                            "__typename": "CommentConnection"
                        }
                    },
                    {
                        "id": "2005eeed-f9c5-4665-bcf6-9248ac9fa5be",
                        "status": "ACCEPTED",
                        "user": {
                            "id": "C650A7DFD424F9FEA263F04ABBC2E2BAD8C7388B6D9EBA46602DE975C014F747",
                            "__typename": "User",
                            "username": "chondo",
                            "created_at": "2018-04-26T14:31:51.335Z"
                        },
                        "body": "I’m not surprised. There are some very right wing thinkers in the police force. But, if they donated while the convoy was moving towards Ottawa, then it was a perfectly legal protest. ",
                        "created_at": "2022-02-23T18:38:55.060Z",
                        "replyCount": 2,
                        "tags": [],
                        "status_history": null,
                        "action_summaries": [
                            {
                                "__typename": "DefaultActionSummary",
                                "count": 1,
                                "current_user": null
                            },
                            {
                                "__typename": "RespectActionSummary",
                                "count": 9,
                                "current_user": null
                            }
                        ],
                        "editing": {
                            "edited": false,
                            "editableUntil": "2022-02-23T19:08:55.060Z",
                            "__typename": "EditInfo"
                        },
                        "__typename": "Comment",
                        "replies": {
                            "nodes": [
                                {
                                    "id": "af0abce0-a209-475a-bb04-9a8b117bbeae",
                                    "body": "The intent was never peaceful - doesn’t matter when they donated.",
                                    "created_at": "2022-02-24T12:06:17.633Z",
                                    "status": "ACCEPTED",
                                    "replyCount": 2,
                                    "tags": [],
                                    "user": {
                                        "id": "C650A7DFD424F9FEA263F04ABBC2E2BA7EB85AAB6967E60F42AD66D08E83E58D",
                                        "username": "BWF2",
                                        "__typename": "User",
                                        "created_at": "2018-04-26T14:32:01.838Z"
                                    },
                                    "status_history": null,
                                    "action_summaries": [
                                        {
                                            "__typename": "DefaultActionSummary",
                                            "count": 1,
                                            "current_user": null
                                        },
                                        {
                                            "__typename": "RespectActionSummary",
                                            "count": 1,
                                            "current_user": null
                                        }
                                    ],
                                    "editing": {
                                        "edited": false,
                                        "editableUntil": "2022-02-24T12:36:17.633Z",
                                        "__typename": "EditInfo"
                                    },
                                    "__typename": "Comment",
                                    "replies": {
                                        "nodes": [
                                            {
                                                "id": "7b359d54-1537-4a40-bdf7-008f88f3686e",
                                                "body": "It was lawful enough that the cops could plead ignorance.\n\n",
                                                "created_at": "2022-02-26T01:36:06.864Z",
                                                "status": "ACCEPTED",
                                                "replyCount": 0,
                                                "tags": [],
                                                "user": {
                                                    "id": "C650A7DFD424F9FEF5FA5FE51D8F703287BE93E98D82220BC57096901FC3137C",
                                                    "username": "The Last Honest Conservative",
                                                    "__typename": "User",
                                                    "created_at": "2018-04-26T14:31:28.881Z"
                                                },
                                                "status_history": null,
                                                "action_summaries": [
                                                    {
                                                        "__typename": "FlagActionSummary",
                                                        "count": 1,
                                                        "current_user": null
                                                    }
                                                ],
                                                "editing": {
                                                    "edited": false,
                                                    "editableUntil": "2022-02-26T02:06:06.864Z",
                                                    "__typename": "EditInfo"
                                                },
                                                "__typename": "Comment",
                                                "replies": {
                                                    "nodes": [],
                                                    "hasNextPage": false,
                                                    "startCursor": null,
                                                    "endCursor": null,
                                                    "__typename": "CommentConnection"
                                                }
                                            }
                                        ],
                                        "hasNextPage": false,
                                        "startCursor": "2022-02-26T01:36:06.864Z",
                                        "endCursor": "2022-02-26T01:36:06.864Z",
                                        "__typename": "CommentConnection"
                                    }
                                }
                            ],
                            "hasNextPage": false,
                            "startCursor": "2022-02-24T12:06:17.633Z",
                            "endCursor": "2022-02-24T12:06:17.633Z",
                            "__typename": "CommentConnection"
                        }
                    },
                    {
                        "id": "f2f01d35-d6af-45cc-ad3a-62cf46fe4daf",
                        "status": "ACCEPTED",
                        "user": {
                            "id": "C650A7DFD424F9FED0F427B328332ED4138BDE7596F2A631D80022C1CDE45E6F",
                            "__typename": "User",
                            "username": "plrowan",
                            "created_at": "2018-04-26T14:33:06.034Z"
                        },
                        "body": "Police officers or current Canadian armed forces’ members who donated to the violators of civil rights and the overthrow of the govt should be fired from their posts and jobs. There is no nice when it comes to the overthrow of the govt.  ",
                        "created_at": "2022-02-23T19:29:54.550Z",
                        "replyCount": 0,
                        "tags": [],
                        "status_history": null,
                        "action_summaries": [
                            {
                                "__typename": "FlagActionSummary",
                                "count": 1,
                                "current_user": null
                            },
                            {
                                "__typename": "RespectActionSummary",
                                "count": 12,
                                "current_user": null
                            }
                        ],
                        "editing": {
                            "edited": false,
                            "editableUntil": "2022-02-23T19:59:54.550Z",
                            "__typename": "EditInfo"
                        },
                        "__typename": "Comment",
                        "replies": {
                            "nodes": [],
                            "hasNextPage": false,
                            "startCursor": null,
                            "endCursor": null,
                            "__typename": "CommentConnection"
                        }
                    },
                    {
                        "id": "b71993bc-6ce2-46d4-9b88-f27c2ea36271",
                        "status": "ACCEPTED",
                        "user": {
                            "id": "C650A7DFD424F9FEA263F04ABBC2E2BA0C145656E9C5CE77487D83D49666A297",
                            "__typename": "User",
                            "username": "Mac45",
                            "created_at": "2018-04-26T14:49:30.685Z"
                        },
                        "body": "Is that why the police sat around and did nothing?",
                        "created_at": "2022-02-23T20:19:21.806Z",
                        "replyCount": 2,
                        "tags": [],
                        "status_history": null,
                        "action_summaries": [
                            {
                                "__typename": "DefaultActionSummary",
                                "count": 1,
                                "current_user": null
                            },
                            {
                                "__typename": "RespectActionSummary",
                                "count": 8,
                                "current_user": null
                            }
                        ],
                        "editing": {
                            "edited": false,
                            "editableUntil": "2022-02-23T20:49:21.806Z",
                            "__typename": "EditInfo"
                        },
                        "__typename": "Comment",
                        "replies": {
                            "nodes": [
                                {
                                    "id": "3ed62a95-12d5-4a81-b65f-82d887538fd1",
                                    "body": "You mean like waiting 14 days to even write a parking ticket ?",
                                    "created_at": "2022-02-26T01:33:58.095Z",
                                    "status": "ACCEPTED",
                                    "replyCount": 0,
                                    "tags": [],
                                    "user": {
                                        "id": "C650A7DFD424F9FEF5FA5FE51D8F703287BE93E98D82220BC57096901FC3137C",
                                        "username": "The Last Honest Conservative",
                                        "__typename": "User",
                                        "created_at": "2018-04-26T14:31:28.881Z"
                                    },
                                    "status_history": null,
                                    "action_summaries": [
                                        {
                                            "__typename": "DefaultActionSummary",
                                            "count": 1,
                                            "current_user": null
                                        },
                                        {
                                            "__typename": "RespectActionSummary",
                                            "count": 2,
                                            "current_user": null
                                        }
                                    ],
                                    "editing": {
                                        "edited": false,
                                        "editableUntil": "2022-02-26T02:03:58.095Z",
                                        "__typename": "EditInfo"
                                    },
                                    "__typename": "Comment",
                                    "replies": {
                                        "nodes": [],
                                        "hasNextPage": false,
                                        "startCursor": null,
                                        "endCursor": null,
                                        "__typename": "CommentConnection"
                                    }
                                }
                            ],
                            "hasNextPage": false,
                            "startCursor": "2022-02-26T01:33:58.095Z",
                            "endCursor": "2022-02-26T01:33:58.095Z",
                            "__typename": "CommentConnection"
                        }
                    },
                    {
                        "id": "1cac4bcf-5c20-4cf7-bb51-2200add3f3ab",
                        "status": "NONE",
                        "user": {
                            "id": "C650A7DFD424F9FED0F427B328332ED40A5375E7D7F3F4FF4566BDA34F194E85",
                            "__typename": "User",
                            "username": "Malcolm09",
                            "created_at": "2018-04-26T14:31:27.277Z"
                        },
                        "body": "\" A Toronto Star investigation published Tuesday revealed that 15 Ontario police officers were named in a leaked list of donors to the so-called “freedom” convoy-turned-occupation of Ottawa.\n\nThe Star explained: “The police donations were small, ranging from $20 to $200, and all were made on or after Feb. 5 — by which time the prime minister and Ottawa’s police chief had declared the protests “illegal” or “unlawful.””\n\nThe Star did not name the officers, but said they were on the payroll of the Ontario Provincial Police, the Toronto Police Service and the Ottawa Police Service as of 2020.\"\n\nhttps://www.thestar.com/news/investigations/2022/02/22/ontario-police-officers-are-named-in-leaked-list-of-donors-to-the-freedom-convoy.html?\n\nSo yup, these donations weren't made innocently, they knew full well the implications.",
                        "created_at": "2022-02-23T21:13:20.562Z",
                        "replyCount": 0,
                        "tags": [],
                        "status_history": null,
                        "action_summaries": [
                            {
                                "__typename": "RespectActionSummary",
                                "count": 8,
                                "current_user": null
                            }
                        ],
                        "editing": {
                            "edited": false,
                            "editableUntil": "2022-02-23T21:43:20.562Z",
                            "__typename": "EditInfo"
                        },
                        "__typename": "Comment",
                        "replies": {
                            "nodes": [],
                            "hasNextPage": false,
                            "startCursor": null,
                            "endCursor": null,
                            "__typename": "CommentConnection"
                        }
                    },
                    {
                        "id": "22837be6-b10c-4314-a408-44a0b3f16ecf",
                        "status": "ACCEPTED",
                        "user": {
                            "id": "C650A7DFD424F9FED0F427B328332ED4FBE59D668ED9A4BB7A2DFE5404481FE0",
                            "__typename": "User",
                            "username": "Nevyn42",
                            "created_at": "2018-04-26T14:58:01.375Z"
                        },
                        "body": "Police officers were paid thousands of dollars a day to police the occupation. Seems like a real conflict of interest.",
                        "created_at": "2022-02-23T22:16:29.779Z",
                        "replyCount": 0,
                        "tags": [],
                        "status_history": null,
                        "action_summaries": [
                            {
                                "__typename": "DefaultActionSummary",
                                "count": 1,
                                "current_user": null
                            },
                            {
                                "__typename": "RespectActionSummary",
                                "count": 8,
                                "current_user": null
                            }
                        ],
                        "editing": {
                            "edited": false,
                            "editableUntil": "2022-02-23T22:46:29.779Z",
                            "__typename": "EditInfo"
                        },
                        "__typename": "Comment",
                        "replies": {
                            "nodes": [],
                            "hasNextPage": false,
                            "startCursor": null,
                            "endCursor": null,
                            "__typename": "CommentConnection"
                        }
                    },
                    {
                        "id": "fd910893-ed94-4bbd-b192-f0821d9ba1e9",
                        "status": "ACCEPTED",
                        "user": {
                            "id": "C650A7DFD424F9FEA263F04ABBC2E2BA7EB85AAB6967E60F42AD66D08E83E58D",
                            "__typename": "User",
                            "username": "BWF2",
                            "created_at": "2018-04-26T14:32:01.838Z"
                        },
                        "body": "Fire them.",
                        "created_at": "2022-02-24T12:05:20.390Z",
                        "replyCount": 0,
                        "tags": [],
                        "status_history": null,
                        "action_summaries": [
                            {
                                "__typename": "DefaultActionSummary",
                                "count": 1,
                                "current_user": null
                            },
                            {
                                "__typename": "RespectActionSummary",
                                "count": 4,
                                "current_user": null
                            }
                        ],
                        "editing": {
                            "edited": false,
                            "editableUntil": "2022-02-24T12:35:20.390Z",
                            "__typename": "EditInfo"
                        },
                        "__typename": "Comment",
                        "replies": {
                            "nodes": [],
                            "hasNextPage": false,
                            "startCursor": null,
                            "endCursor": null,
                            "__typename": "CommentConnection"
                        }
                    },
                    {
                        "id": "d72e0697-dbc5-47a9-b7a5-22ff75847dcf",
                        "status": "NONE",
                        "user": {
                            "id": "C650A7DFD424F9FE2629F3C5B8AAD4451CFB350AFDA57B4A137278C640CFF0BF",
                            "__typename": "User",
                            "username": "app_72746711",
                            "created_at": "2021-11-03T22:29:04.963Z"
                        },
                        "body": "If you read the news, you shouldn’t be surprised.\n\nhttps://globalnews.ca/news/8128463/extremist-groups-military-recruitment-report/\n\nWhen the Harper Cabinet sent Admiral Norman to Dave Shipyards with “secret” insider information, the RCMP failed to even interview them.\n\nhttps://globalnews.ca/news/5267667/peter-mackay-mark-norman/\n\nThe RCMP definitely appears to play favourites.",
                        "created_at": "2022-02-24T17:51:31.316Z",
                        "replyCount": 0,
                        "tags": [],
                        "status_history": null,
                        "action_summaries": [
                            {
                                "__typename": "RespectActionSummary",
                                "count": 1,
                                "current_user": null
                            }
                        ],
                        "editing": {
                            "edited": false,
                            "editableUntil": "2022-02-24T18:21:31.316Z",
                            "__typename": "EditInfo"
                        },
                        "__typename": "Comment",
                        "replies": {
                            "nodes": [],
                            "hasNextPage": false,
                            "startCursor": null,
                            "endCursor": null,
                            "__typename": "CommentConnection"
                        }
                    },
                    {
                        "id": "7c90000a-2b95-4675-9159-3003df808669",
                        "status": "NONE",
                        "user": {
                            "id": "C650A7DFD424F9FED0F427B328332ED49889498BC2EA4A22378243A4A738BB09",
                            "__typename": "User",
                            "username": "Sceptical1",
                            "created_at": "2018-04-26T14:31:27.433Z"
                        },
                        "body": "Big surprise that some Ottawa police supported the occupiers.  Three weeks of shaking hands with the occupiers and big smiles in photo ops.  We need an inquiry regarding Ottawa Police and OPP and Ontario Government actions to go along with the Emergencies Act inquiry.  ",
                        "created_at": "2022-02-25T15:15:14.519Z",
                        "replyCount": 0,
                        "tags": [],
                        "status_history": null,
                        "action_summaries": [
                            {
                                "__typename": "RespectActionSummary",
                                "count": 2,
                                "current_user": null
                            }
                        ],
                        "editing": {
                            "edited": true,
                            "editableUntil": "2022-02-25T15:45:14.519Z",
                            "__typename": "EditInfo"
                        },
                        "__typename": "Comment",
                        "replies": {
                            "nodes": [],
                            "hasNextPage": false,
                            "startCursor": null,
                            "endCursor": null,
                            "__typename": "CommentConnection"
                        }
                    },
                    {
                        "id": "ce77364c-9028-42e3-8282-3d426c0f3b0b",
                        "status": "ACCEPTED",
                        "user": {
                            "id": "C650A7DFD424F9FE2AB315A858CA118EE2242A6BE408228961D0CFB425A4C2AE",
                            "__typename": "User",
                            "username": "dave1405",
                            "created_at": "2018-04-26T14:34:25.084Z"
                        },
                        "body": "I'm not that comfortable with focusing on the donations. But unprofessional behaviour should be dealt with. The alleged OPP officer who told a protester he pulled over for a traffic violation that he supported the protest would be a good place to start. Fire him.",
                        "created_at": "2022-02-25T21:37:29.815Z",
                        "replyCount": 0,
                        "tags": [],
                        "status_history": null,
                        "action_summaries": [
                            {
                                "__typename": "DefaultActionSummary",
                                "count": 1,
                                "current_user": null
                            },
                            {
                                "__typename": "RespectActionSummary",
                                "count": 2,
                                "current_user": null
                            }
                        ],
                        "editing": {
                            "edited": false,
                            "editableUntil": "2022-02-25T22:07:29.815Z",
                            "__typename": "EditInfo"
                        },
                        "__typename": "Comment",
                        "replies": {
                            "nodes": [],
                            "hasNextPage": false,
                            "startCursor": null,
                            "endCursor": null,
                            "__typename": "CommentConnection"
                        }
                    },
                    {
                        "id": "d9a3b6b7-966b-4ccb-b50c-2af5f3cfc83b",
                        "status": "ACCEPTED",
                        "user": {
                            "id": "C650A7DFD424F9FEACA7734D1FB020A97B525E50A86147EE68CCBF103F7DD4D5",
                            "__typename": "User",
                            "username": "Nellis1",
                            "created_at": "2018-04-26T14:34:47.737Z"
                        },
                        "body": "Many platforms have been reporting on the list of donors for the protest.\n\nSeeing that the information was obtained illegally, there is some gray area about these platforms becoming an accomplice to a crime if they publish the illegally obtained names.\n\nThe fact that repercussions for donating to a cause are even being discussed is a disturbing new precedent.\n",
                        "created_at": "2022-02-27T18:13:42.072Z",
                        "replyCount": 0,
                        "tags": [],
                        "status_history": null,
                        "action_summaries": [
                            {
                                "__typename": "DefaultActionSummary",
                                "count": 1,
                                "current_user": null
                            },
                            {
                                "__typename": "RespectActionSummary",
                                "count": 1,
                                "current_user": null
                            }
                        ],
                        "editing": {
                            "edited": false,
                            "editableUntil": "2022-02-27T18:43:42.072Z",
                            "__typename": "EditInfo"
                        },
                        "__typename": "Comment",
                        "replies": {
                            "nodes": [],
                            "hasNextPage": false,
                            "startCursor": null,
                            "endCursor": null,
                            "__typename": "CommentConnection"
                        }
                    },
                    {
                        "id": "ae29791b-a215-4e20-ac1d-0fa94cd6c717",
                        "status": "ACCEPTED",
                        "user": {
                            "id": "C650A7DFD424F9FEE9446956B365AB965B3D6E81349CD2A257F7FA7636D84A63",
                            "__typename": "User",
                            "username": "kramnot",
                            "created_at": "2018-04-26T14:31:28.476Z"
                        },
                        "body": "Why is the Canadian Media not investigating the actions behind this blockade?  A group besieged Ottawa for 3 weeks and did not even receive a ticket.  No police action for 3 weeks.  No cooperation between the 3 levels of government that controlled the police.  We have NO answers for why this happened and I am sure Trudeau, Ford, Mayor Watson, and the police would want us to never get any answers.  The press needs to investigate, because our governments will not do it.",
                        "created_at": "2022-03-01T00:52:54.400Z",
                        "replyCount": 0,
                        "tags": [],
                        "status_history": null,
                        "action_summaries": [
                            {
                                "__typename": "DefaultActionSummary",
                                "count": 1,
                                "current_user": null
                            }
                        ],
                        "editing": {
                            "edited": false,
                            "editableUntil": "2022-03-01T01:22:54.400Z",
                            "__typename": "EditInfo"
                        },
                        "__typename": "Comment",
                        "replies": {
                            "nodes": [],
                            "hasNextPage": false,
                            "startCursor": null,
                            "endCursor": null,
                            "__typename": "CommentConnection"
                        }
                    }
                ],
                "hasNextPage": false,
                "startCursor": "2022-02-23T18:18:11.809Z",
                "endCursor": "2022-03-01T00:52:54.400Z",
                "__typename": "CommentConnection"
            },
            "featuredCommentsCount": 0,
            "featuredComments": {
                "nodes": [],
                "hasNextPage": false,
                "startCursor": null,
                "endCursor": null,
                "__typename": "CommentConnection"
            }
        },
        "settings": {
            "organizationName": "The Globe and Mail",
            "__typename": "Settings"
        },
        "__typename": "RootQuery"
    }
}