{
    "data": {
        "me": null,
        "asset": {
            "__typename": "Asset",
            "id": "ZDLMZDOM2FEDXJKP6XA25CXCYU",
            "closedAt": null,
            "isClosed": false,
            "settings": {
                "moderation": "POST",
                "premodLinksEnable": null,
                "questionBoxEnable": false,
                "questionBoxIcon": "default",
                "questionBoxContent": "",
                "__typename": "Settings",
                "infoBoxEnable": false,
                "infoBoxContent": "",
                "closedTimeout": 1209600,
                "closedMessage": "This article is no longer accepting new comments.",
                "disableCommenting": false,
                "disableCommentingMessage": "",
                "charCountEnable": true,
                "charCount": 1200,
                "requireEmailConfirmation": false
            },
            "title": "U.S. truckers plan pandemic demonstrations, inspired by Canadian convoys",
            "url": "https://www.theglobeandmail.com/world/us-politics/article-us-truckers-plan-pandemic-demonstrations-inspired-by-canadian-convoys/",
            "created_at": "2022-02-23T14:01:13.456Z",
            "totalCommentCount": 42,
            "comments": {
                "nodes": [
                    {
                        "id": "b6ae9d23-339b-4f59-95e5-0af3defec244",
                        "status": "ACCEPTED",
                        "user": {
                            "id": "C650A7DFD424F9FEFF8525843F03F3F4655920D699C534F4C7802956F42BF5B0",
                            "__typename": "User",
                            "username": "app_73631106",
                            "created_at": "2022-02-18T17:42:04.771Z"
                        },
                        "body": "Several years ago a singer by the name of Merle Haggard had a great hit song that included lines of \"it you don't love it - leave it\"\n\nThe truckers from the Duck Dynasty convoy can sing along to it on their way to Washington.\n\n\n",
                        "created_at": "2022-02-23T16:10:26.086Z",
                        "replyCount": 1,
                        "tags": [],
                        "status_history": null,
                        "action_summaries": [
                            {
                                "__typename": "DefaultActionSummary",
                                "count": 1,
                                "current_user": null
                            },
                            {
                                "__typename": "RespectActionSummary",
                                "count": 5,
                                "current_user": null
                            }
                        ],
                        "editing": {
                            "edited": false,
                            "editableUntil": "2022-02-23T16:40:26.086Z",
                            "__typename": "EditInfo"
                        },
                        "__typename": "Comment",
                        "replies": {
                            "nodes": [
                                {
                                    "id": "7d50ef30-d261-4b3b-afb5-8c9025e01b7d",
                                    "body": "Actually 50+ years ago, but still true.",
                                    "created_at": "2022-02-23T19:55:28.037Z",
                                    "status": "NONE",
                                    "replyCount": 0,
                                    "tags": [],
                                    "user": {
                                        "id": "C650A7DFD424F9FEA263F04ABBC2E2BAD65AB51AA252A779076DEBBA9C557F16",
                                        "username": "dougiedorite",
                                        "__typename": "User",
                                        "created_at": "2018-04-26T14:43:38.417Z"
                                    },
                                    "status_history": null,
                                    "action_summaries": [
                                        {
                                            "__typename": "RespectActionSummary",
                                            "count": 2,
                                            "current_user": null
                                        }
                                    ],
                                    "editing": {
                                        "edited": false,
                                        "editableUntil": "2022-02-23T20:25:28.037Z",
                                        "__typename": "EditInfo"
                                    },
                                    "__typename": "Comment",
                                    "replies": {
                                        "nodes": [],
                                        "hasNextPage": false,
                                        "startCursor": null,
                                        "endCursor": null,
                                        "__typename": "CommentConnection"
                                    }
                                }
                            ],
                            "hasNextPage": false,
                            "startCursor": "2022-02-23T19:55:28.037Z",
                            "endCursor": "2022-02-23T19:55:28.037Z",
                            "__typename": "CommentConnection"
                        }
                    },
                    {
                        "id": "238cd1ad-9ff4-4293-a278-3114a26e1a5f",
                        "status": "ACCEPTED",
                        "user": {
                            "id": "C650A7DFD424F9FEE9446956B365AB966A074CE22F69FF9B40E78860DD3BE434",
                            "__typename": "User",
                            "username": "curiousgeorge",
                            "created_at": "2018-04-26T14:31:23.017Z"
                        },
                        "body": "There are still 2000 people a day dying in the US? Incredible. Seems like its become normal.",
                        "created_at": "2022-02-23T16:27:13.437Z",
                        "replyCount": 2,
                        "tags": [],
                        "status_history": null,
                        "action_summaries": [
                            {
                                "__typename": "DefaultActionSummary",
                                "count": 1,
                                "current_user": null
                            },
                            {
                                "__typename": "RespectActionSummary",
                                "count": 10,
                                "current_user": null
                            }
                        ],
                        "editing": {
                            "edited": false,
                            "editableUntil": "2022-02-23T16:57:13.437Z",
                            "__typename": "EditInfo"
                        },
                        "__typename": "Comment",
                        "replies": {
                            "nodes": [
                                {
                                    "id": "b606fe93-d1a2-4610-85e5-a14ff6536712",
                                    "body": "The true figures are higher and family plead not to report the deaths as COVID related. I still have a long-standing wager on 1 million Americans dead by the end of this (official (low) count). ",
                                    "created_at": "2022-02-23T21:38:56.443Z",
                                    "status": "ACCEPTED",
                                    "replyCount": 0,
                                    "tags": [],
                                    "user": {
                                        "id": "C650A7DFD424F9FEBFAFF7B89DC24CEA53C0229E3CF534A8F49AF1D6144D4DEE",
                                        "username": "Fobar Too",
                                        "__typename": "User",
                                        "created_at": "2020-01-08T14:57:50.853Z"
                                    },
                                    "status_history": null,
                                    "action_summaries": [
                                        {
                                            "__typename": "DefaultActionSummary",
                                            "count": 1,
                                            "current_user": null
                                        },
                                        {
                                            "__typename": "RespectActionSummary",
                                            "count": 3,
                                            "current_user": null
                                        }
                                    ],
                                    "editing": {
                                        "edited": false,
                                        "editableUntil": "2022-02-23T22:08:56.443Z",
                                        "__typename": "EditInfo"
                                    },
                                    "__typename": "Comment",
                                    "replies": {
                                        "nodes": [],
                                        "hasNextPage": false,
                                        "startCursor": null,
                                        "endCursor": null,
                                        "__typename": "CommentConnection"
                                    }
                                }
                            ],
                            "hasNextPage": false,
                            "startCursor": "2022-02-23T21:38:56.443Z",
                            "endCursor": "2022-02-23T21:38:56.443Z",
                            "__typename": "CommentConnection"
                        }
                    },
                    {
                        "id": "032c1aac-32f7-46ac-b4de-cdfdf14d10c4",
                        "status": "NONE",
                        "user": {
                            "id": "C650A7DFD424F9FE2AB315A858CA118E88963DD855770C3FA845AC2732B72542",
                            "__typename": "User",
                            "username": "Weatherman4",
                            "created_at": "2018-05-03T11:36:26.461Z"
                        },
                        "body": "“We plan to stay a while and hope they don’t escalate it the way Trudeau did with his disgusting government overreach,” Brase\n\nThey hope that the government just passively sits around while the convoy illegally makes other people’s lives miserable.\n\nIts not “overreach”. It’s the government spanking a tiny fraction of individuals throwing a tantrum, on behalf of we the people  ",
                        "created_at": "2022-02-23T18:45:25.560Z",
                        "replyCount": 0,
                        "tags": [],
                        "status_history": null,
                        "action_summaries": [
                            {
                                "__typename": "RespectActionSummary",
                                "count": 10,
                                "current_user": null
                            }
                        ],
                        "editing": {
                            "edited": false,
                            "editableUntil": "2022-02-23T19:15:25.560Z",
                            "__typename": "EditInfo"
                        },
                        "__typename": "Comment",
                        "replies": {
                            "nodes": [],
                            "hasNextPage": false,
                            "startCursor": null,
                            "endCursor": null,
                            "__typename": "CommentConnection"
                        }
                    },
                    {
                        "id": "e8448cf6-da17-407f-aa43-fac10a8e50be",
                        "status": "NONE",
                        "user": {
                            "id": "C650A7DFD424F9FECB0B5256E6C314F33A263805914351A446A6E97E1FCBA6E1",
                            "__typename": "User",
                            "username": "Redmaple",
                            "created_at": "2018-04-26T14:31:31.939Z"
                        },
                        "body": "Opening the economy without massive stimulus is important. We will know nothing about the real direction of the economy until stimulus measures have ended.\n\nLooks like the Americans have plenty of capacity to handle things if they get out of hand. No playing Goldilocks down there.\n",
                        "created_at": "2022-02-23T19:12:48.366Z",
                        "replyCount": 0,
                        "tags": [],
                        "status_history": null,
                        "action_summaries": [],
                        "editing": {
                            "edited": false,
                            "editableUntil": "2022-02-23T19:42:48.366Z",
                            "__typename": "EditInfo"
                        },
                        "__typename": "Comment",
                        "replies": {
                            "nodes": [],
                            "hasNextPage": false,
                            "startCursor": null,
                            "endCursor": null,
                            "__typename": "CommentConnection"
                        }
                    },
                    {
                        "id": "970e3afe-72b3-4dd0-b2ce-5c4440d9a09b",
                        "status": "NONE",
                        "user": {
                            "id": "C650A7DFD424F9FECB0B5256E6C314F349FCDAE5F609B15CFE765AFF246255AF",
                            "__typename": "User",
                            "username": "mugsmagoon0l1g5",
                            "created_at": "2018-04-26T14:36:21.047Z"
                        },
                        "body": "truckers plan....covid laughs",
                        "created_at": "2022-02-23T19:23:10.572Z",
                        "replyCount": 2,
                        "tags": [],
                        "status_history": null,
                        "action_summaries": [
                            {
                                "__typename": "RespectActionSummary",
                                "count": 7,
                                "current_user": null
                            }
                        ],
                        "editing": {
                            "edited": false,
                            "editableUntil": "2022-02-23T19:53:10.572Z",
                            "__typename": "EditInfo"
                        },
                        "__typename": "Comment",
                        "replies": {
                            "nodes": [
                                {
                                    "id": "6c007e08-94d8-45a3-805e-5ed846d08f9a",
                                    "body": "Key Board warrior - laugh 😆 ",
                                    "created_at": "2022-02-23T19:26:05.214Z",
                                    "status": "ACCEPTED",
                                    "replyCount": 2,
                                    "tags": [],
                                    "user": {
                                        "id": "C650A7DFD424F9FEACA7734D1FB020A9F1C78BBFE33349FE16A954EAFC84EE8A",
                                        "username": "Rochdale68",
                                        "__typename": "User",
                                        "created_at": "2018-04-26T14:31:24.581Z"
                                    },
                                    "status_history": null,
                                    "action_summaries": [
                                        {
                                            "__typename": "DefaultActionSummary",
                                            "count": 1,
                                            "current_user": null
                                        },
                                        {
                                            "__typename": "RespectActionSummary",
                                            "count": 1,
                                            "current_user": null
                                        }
                                    ],
                                    "editing": {
                                        "edited": false,
                                        "editableUntil": "2022-02-23T19:56:05.214Z",
                                        "__typename": "EditInfo"
                                    },
                                    "__typename": "Comment",
                                    "replies": {
                                        "nodes": [
                                            {
                                                "id": "a421552a-b8f3-4a1d-8b9c-a5bb3e335553",
                                                "body": "Takes one to know one. ",
                                                "created_at": "2022-02-23T21:06:54.207Z",
                                                "status": "ACCEPTED",
                                                "replyCount": 0,
                                                "tags": [],
                                                "user": {
                                                    "id": "C650A7DFD424F9FEACA7734D1FB020A95A1C84DB364F20E7E8451BF7B4CE3A09",
                                                    "username": "Laugher",
                                                    "__typename": "User",
                                                    "created_at": "2018-04-26T14:31:24.390Z"
                                                },
                                                "status_history": null,
                                                "action_summaries": [
                                                    {
                                                        "__typename": "DefaultActionSummary",
                                                        "count": 1,
                                                        "current_user": null
                                                    },
                                                    {
                                                        "__typename": "RespectActionSummary",
                                                        "count": 1,
                                                        "current_user": null
                                                    }
                                                ],
                                                "editing": {
                                                    "edited": false,
                                                    "editableUntil": "2022-02-23T21:36:54.207Z",
                                                    "__typename": "EditInfo"
                                                },
                                                "__typename": "Comment",
                                                "replies": {
                                                    "nodes": [],
                                                    "hasNextPage": false,
                                                    "startCursor": null,
                                                    "endCursor": null,
                                                    "__typename": "CommentConnection"
                                                }
                                            }
                                        ],
                                        "hasNextPage": false,
                                        "startCursor": "2022-02-23T21:06:54.207Z",
                                        "endCursor": "2022-02-23T21:06:54.207Z",
                                        "__typename": "CommentConnection"
                                    }
                                }
                            ],
                            "hasNextPage": false,
                            "startCursor": "2022-02-23T19:26:05.214Z",
                            "endCursor": "2022-02-23T19:26:05.214Z",
                            "__typename": "CommentConnection"
                        }
                    },
                    {
                        "id": "69347bca-ca74-4f24-bd72-b16b747562cb",
                        "status": "ACCEPTED",
                        "user": {
                            "id": "C650A7DFD424F9FEACA7734D1FB020A9F1C78BBFE33349FE16A954EAFC84EE8A",
                            "__typename": "User",
                            "username": "Rochdale68",
                            "created_at": "2018-04-26T14:31:24.581Z"
                        },
                        "body": "No no no no !!\n\nLittle Putin stated it’s a “ Fringe Group “\n\nThis isn’t supposed to be happening…",
                        "created_at": "2022-02-23T19:25:41.082Z",
                        "replyCount": 4,
                        "tags": [],
                        "status_history": null,
                        "action_summaries": [
                            {
                                "__typename": "DefaultActionSummary",
                                "count": 1,
                                "current_user": null
                            },
                            {
                                "__typename": "RespectActionSummary",
                                "count": 1,
                                "current_user": null
                            }
                        ],
                        "editing": {
                            "edited": false,
                            "editableUntil": "2022-02-23T19:55:41.082Z",
                            "__typename": "EditInfo"
                        },
                        "__typename": "Comment",
                        "replies": {
                            "nodes": [
                                {
                                    "id": "9ca20dec-f7ba-4c2e-9a7f-cfcaacd8b8ed",
                                    "body": "It’ a fringe group.",
                                    "created_at": "2022-02-23T20:02:05.287Z",
                                    "status": "ACCEPTED",
                                    "replyCount": 0,
                                    "tags": [],
                                    "user": {
                                        "id": "C650A7DFD424F9FEACA7734D1FB020A95A5D8404B774BFE086C80394C9B9B353",
                                        "username": "roger432",
                                        "__typename": "User",
                                        "created_at": "2018-04-26T14:31:36.934Z"
                                    },
                                    "status_history": null,
                                    "action_summaries": [
                                        {
                                            "__typename": "DefaultActionSummary",
                                            "count": 1,
                                            "current_user": null
                                        },
                                        {
                                            "__typename": "RespectActionSummary",
                                            "count": 6,
                                            "current_user": null
                                        }
                                    ],
                                    "editing": {
                                        "edited": false,
                                        "editableUntil": "2022-02-23T20:32:05.287Z",
                                        "__typename": "EditInfo"
                                    },
                                    "__typename": "Comment",
                                    "replies": {
                                        "nodes": [],
                                        "hasNextPage": false,
                                        "startCursor": null,
                                        "endCursor": null,
                                        "__typename": "CommentConnection"
                                    }
                                },
                                {
                                    "id": "7655c310-3f94-4978-a286-e6c9b6484db0",
                                    "body": "Qanon/Republican/Conservative/Poorboys.... Those are your friends.....   Losers. ",
                                    "created_at": "2022-02-23T20:10:52.826Z",
                                    "status": "ACCEPTED",
                                    "replyCount": 0,
                                    "tags": [],
                                    "user": {
                                        "id": "C650A7DFD424F9FEACA7734D1FB020A95A1C84DB364F20E7E8451BF7B4CE3A09",
                                        "username": "Laugher",
                                        "__typename": "User",
                                        "created_at": "2018-04-26T14:31:24.390Z"
                                    },
                                    "status_history": null,
                                    "action_summaries": [
                                        {
                                            "__typename": "DefaultActionSummary",
                                            "count": 1,
                                            "current_user": null
                                        },
                                        {
                                            "__typename": "RespectActionSummary",
                                            "count": 9,
                                            "current_user": null
                                        }
                                    ],
                                    "editing": {
                                        "edited": false,
                                        "editableUntil": "2022-02-23T20:40:52.826Z",
                                        "__typename": "EditInfo"
                                    },
                                    "__typename": "Comment",
                                    "replies": {
                                        "nodes": [],
                                        "hasNextPage": false,
                                        "startCursor": null,
                                        "endCursor": null,
                                        "__typename": "CommentConnection"
                                    }
                                }
                            ],
                            "hasNextPage": false,
                            "startCursor": "2022-02-23T20:02:05.287Z",
                            "endCursor": "2022-02-23T20:10:52.826Z",
                            "__typename": "CommentConnection"
                        }
                    },
                    {
                        "id": "43924eff-36d3-4da7-ac3b-8b7f44552c1e",
                        "status": "ACCEPTED",
                        "user": {
                            "id": "C650A7DFD424F9FE120D3129C104FF7046F7584CD0458429CEC10B5F148AF7E4",
                            "__typename": "User",
                            "username": "EdmontonGuy",
                            "created_at": "2018-04-26T14:33:29.280Z"
                        },
                        "body": "If US truckers think that they will get better treatment from US riot police than Canadian truckers got from Canadian police they are dreaming in technicolor.\nThe US has been arming its police forced with military weaponry for decades, so a big response from them could be very uncomfortable.\nAnd after the fiasco of the January 6 attack on the US Congress and Senate the D.C> and Capitol police have been planning and tooling up so they can respond \"vigorously\" if something like that happens again.\nSo, maybe not such a good idea?\n",
                        "created_at": "2022-02-23T19:38:34.419Z",
                        "replyCount": 6,
                        "tags": [],
                        "status_history": null,
                        "action_summaries": [
                            {
                                "__typename": "DefaultActionSummary",
                                "count": 1,
                                "current_user": null
                            },
                            {
                                "__typename": "RespectActionSummary",
                                "count": 7,
                                "current_user": null
                            }
                        ],
                        "editing": {
                            "edited": false,
                            "editableUntil": "2022-02-23T20:08:34.419Z",
                            "__typename": "EditInfo"
                        },
                        "__typename": "Comment",
                        "replies": {
                            "nodes": [
                                {
                                    "id": "c2e81f72-a0b8-47fc-a6f0-6dcc7ed8bb2f",
                                    "body": "The existence of the National Guard puts a different spin on it compared to Canada.",
                                    "created_at": "2022-02-23T19:54:40.424Z",
                                    "status": "ACCEPTED",
                                    "replyCount": 0,
                                    "tags": [],
                                    "user": {
                                        "id": "C650A7DFD424F9FEACA7734D1FB020A95A5D8404B774BFE086C80394C9B9B353",
                                        "username": "roger432",
                                        "__typename": "User",
                                        "created_at": "2018-04-26T14:31:36.934Z"
                                    },
                                    "status_history": null,
                                    "action_summaries": [
                                        {
                                            "__typename": "DefaultActionSummary",
                                            "count": 1,
                                            "current_user": null
                                        },
                                        {
                                            "__typename": "RespectActionSummary",
                                            "count": 2,
                                            "current_user": null
                                        }
                                    ],
                                    "editing": {
                                        "edited": false,
                                        "editableUntil": "2022-02-23T20:24:40.424Z",
                                        "__typename": "EditInfo"
                                    },
                                    "__typename": "Comment",
                                    "replies": {
                                        "nodes": [],
                                        "hasNextPage": false,
                                        "startCursor": null,
                                        "endCursor": null,
                                        "__typename": "CommentConnection"
                                    }
                                },
                                {
                                    "id": "dbd2d2e7-b6dc-4ca6-b972-3207a4e3b7ce",
                                    "body": "Rocket launcher will pretty much destroy your Kenworth.",
                                    "created_at": "2022-02-23T19:57:14.257Z",
                                    "status": "ACCEPTED",
                                    "replyCount": 0,
                                    "tags": [],
                                    "user": {
                                        "id": "C650A7DFD424F9FEA263F04ABBC2E2BAD65AB51AA252A779076DEBBA9C557F16",
                                        "username": "dougiedorite",
                                        "__typename": "User",
                                        "created_at": "2018-04-26T14:43:38.417Z"
                                    },
                                    "status_history": null,
                                    "action_summaries": [
                                        {
                                            "__typename": "DefaultActionSummary",
                                            "count": 1,
                                            "current_user": null
                                        },
                                        {
                                            "__typename": "RespectActionSummary",
                                            "count": 3,
                                            "current_user": null
                                        }
                                    ],
                                    "editing": {
                                        "edited": false,
                                        "editableUntil": "2022-02-23T20:27:14.257Z",
                                        "__typename": "EditInfo"
                                    },
                                    "__typename": "Comment",
                                    "replies": {
                                        "nodes": [],
                                        "hasNextPage": false,
                                        "startCursor": null,
                                        "endCursor": null,
                                        "__typename": "CommentConnection"
                                    }
                                },
                                {
                                    "id": "71cb74ee-a140-4408-a7e5-8a4d14c8a458",
                                    "body": "The police around the Capitol are very adept and gunning down Black motorists. They are confused as to what they should do when the drivers or protesters are white. ",
                                    "created_at": "2022-02-23T21:35:49.339Z",
                                    "status": "ACCEPTED",
                                    "replyCount": 0,
                                    "tags": [],
                                    "user": {
                                        "id": "C650A7DFD424F9FEBFAFF7B89DC24CEA53C0229E3CF534A8F49AF1D6144D4DEE",
                                        "username": "Fobar Too",
                                        "__typename": "User",
                                        "created_at": "2020-01-08T14:57:50.853Z"
                                    },
                                    "status_history": null,
                                    "action_summaries": [
                                        {
                                            "__typename": "FlagActionSummary",
                                            "count": 1,
                                            "current_user": null
                                        },
                                        {
                                            "__typename": "RespectActionSummary",
                                            "count": 1,
                                            "current_user": null
                                        }
                                    ],
                                    "editing": {
                                        "edited": false,
                                        "editableUntil": "2022-02-23T22:05:49.339Z",
                                        "__typename": "EditInfo"
                                    },
                                    "__typename": "Comment",
                                    "replies": {
                                        "nodes": [],
                                        "hasNextPage": false,
                                        "startCursor": null,
                                        "endCursor": null,
                                        "__typename": "CommentConnection"
                                    }
                                }
                            ],
                            "hasNextPage": false,
                            "startCursor": "2022-02-23T19:54:40.424Z",
                            "endCursor": "2022-02-23T21:35:49.339Z",
                            "__typename": "CommentConnection"
                        }
                    },
                    {
                        "id": "d6479cbb-c945-47d1-ac28-78e858152b05",
                        "status": "NONE",
                        "user": {
                            "id": "C650A7DFD424F9FED0F427B328332ED40297143ABB34EB2BB0E1404973B6A420",
                            "__typename": "User",
                            "username": "ramblinpaul",
                            "created_at": "2018-04-26T14:31:26.734Z"
                        },
                        "body": "Well at least in the US it's their first amendment right...",
                        "created_at": "2022-02-23T19:48:23.687Z",
                        "replyCount": 0,
                        "tags": [],
                        "status_history": null,
                        "action_summaries": [
                            {
                                "__typename": "RespectActionSummary",
                                "count": 2,
                                "current_user": null
                            }
                        ],
                        "editing": {
                            "edited": false,
                            "editableUntil": "2022-02-23T20:18:23.687Z",
                            "__typename": "EditInfo"
                        },
                        "__typename": "Comment",
                        "replies": {
                            "nodes": [],
                            "hasNextPage": false,
                            "startCursor": null,
                            "endCursor": null,
                            "__typename": "CommentConnection"
                        }
                    },
                    {
                        "id": "37b238c3-b4cf-4acb-bfc7-ab3d4ed0cf95",
                        "status": "NONE",
                        "user": {
                            "id": "C650A7DFD424F9FECB0B5256E6C314F3FB4A2905B24AC5807EB546FBEB896C70",
                            "__typename": "User",
                            "username": "Milamarc",
                            "created_at": "2018-04-26T14:31:26.681Z"
                        },
                        "body": "Replace those truckers by trains. Better for the environment in any case.",
                        "created_at": "2022-02-23T19:48:50.101Z",
                        "replyCount": 0,
                        "tags": [],
                        "status_history": null,
                        "action_summaries": [
                            {
                                "__typename": "RespectActionSummary",
                                "count": 4,
                                "current_user": null
                            }
                        ],
                        "editing": {
                            "edited": false,
                            "editableUntil": "2022-02-23T20:18:50.101Z",
                            "__typename": "EditInfo"
                        },
                        "__typename": "Comment",
                        "replies": {
                            "nodes": [],
                            "hasNextPage": false,
                            "startCursor": null,
                            "endCursor": null,
                            "__typename": "CommentConnection"
                        }
                    },
                    {
                        "id": "999695e9-8acb-4d28-aea6-4ba2e10eb056",
                        "status": "NONE",
                        "user": {
                            "id": "C650A7DFD424F9FEACA7734D1FB020A97D8F671010F10D76DA2AFEA17FCB23FB",
                            "__typename": "User",
                            "username": "JeffSpooner",
                            "created_at": "2018-04-26T14:31:30.180Z"
                        },
                        "body": "A trucker convoy advocating freedom, is yesterday's news. Come up with something original.\n",
                        "created_at": "2022-02-23T19:50:34.364Z",
                        "replyCount": 2,
                        "tags": [],
                        "status_history": null,
                        "action_summaries": [
                            {
                                "__typename": "RespectActionSummary",
                                "count": 4,
                                "current_user": null
                            }
                        ],
                        "editing": {
                            "edited": false,
                            "editableUntil": "2022-02-23T20:20:34.364Z",
                            "__typename": "EditInfo"
                        },
                        "__typename": "Comment",
                        "replies": {
                            "nodes": [
                                {
                                    "id": "17c3df10-c9aa-433a-b926-a22bc029441a",
                                    "body": "They are not able to.",
                                    "created_at": "2022-02-23T21:46:12.061Z",
                                    "status": "ACCEPTED",
                                    "replyCount": 0,
                                    "tags": [],
                                    "user": {
                                        "id": "C650A7DFD424F9FECB0B5256E6C314F3F46E3C1DACAD8494BD9A0F97E945EB68",
                                        "username": "Sanity in Insanity",
                                        "__typename": "User",
                                        "created_at": "2018-04-26T14:34:28.027Z"
                                    },
                                    "status_history": null,
                                    "action_summaries": [
                                        {
                                            "__typename": "DefaultActionSummary",
                                            "count": 1,
                                            "current_user": null
                                        },
                                        {
                                            "__typename": "RespectActionSummary",
                                            "count": 1,
                                            "current_user": null
                                        }
                                    ],
                                    "editing": {
                                        "edited": false,
                                        "editableUntil": "2022-02-23T22:16:12.061Z",
                                        "__typename": "EditInfo"
                                    },
                                    "__typename": "Comment",
                                    "replies": {
                                        "nodes": [],
                                        "hasNextPage": false,
                                        "startCursor": null,
                                        "endCursor": null,
                                        "__typename": "CommentConnection"
                                    }
                                }
                            ],
                            "hasNextPage": false,
                            "startCursor": "2022-02-23T21:46:12.061Z",
                            "endCursor": "2022-02-23T21:46:12.061Z",
                            "__typename": "CommentConnection"
                        }
                    },
                    {
                        "id": "dc57047a-e7d8-4121-9ed8-7be87ffe2d2e",
                        "status": "ACCEPTED",
                        "user": {
                            "id": "C650A7DFD424F9FEA263F04ABBC2E2BAD65AB51AA252A779076DEBBA9C557F16",
                            "__typename": "User",
                            "username": "dougiedorite",
                            "created_at": "2018-04-26T14:43:38.417Z"
                        },
                        "body": "I imagine that these people are among those who were so against highways being blocked by protesters in the past.Remember those memes asking if you agreed that people blocking highways should be arrested? Guess it depends on who's protesting.",
                        "created_at": "2022-02-23T19:54:09.763Z",
                        "replyCount": 2,
                        "tags": [],
                        "status_history": null,
                        "action_summaries": [
                            {
                                "__typename": "DefaultActionSummary",
                                "count": 1,
                                "current_user": null
                            },
                            {
                                "__typename": "RespectActionSummary",
                                "count": 2,
                                "current_user": null
                            }
                        ],
                        "editing": {
                            "edited": false,
                            "editableUntil": "2022-02-23T20:24:09.763Z",
                            "__typename": "EditInfo"
                        },
                        "__typename": "Comment",
                        "replies": {
                            "nodes": [
                                {
                                    "id": "d5a95435-bcb3-4292-ba77-d9534d7cfa62",
                                    "body": "Any of them lost there lively hood and \n$250 000 trucks ?\n\nJustin cult followers don’t even have the courage to put on “ I Love Trudeau “ bumper stickers.\n\nYes key board warriors - sacral indeed 🤪",
                                    "created_at": "2022-02-23T20:39:10.401Z",
                                    "status": "ACCEPTED",
                                    "replyCount": 4,
                                    "tags": [],
                                    "user": {
                                        "id": "C650A7DFD424F9FEACA7734D1FB020A9F1C78BBFE33349FE16A954EAFC84EE8A",
                                        "username": "Rochdale68",
                                        "__typename": "User",
                                        "created_at": "2018-04-26T14:31:24.581Z"
                                    },
                                    "status_history": null,
                                    "action_summaries": [
                                        {
                                            "__typename": "DefaultActionSummary",
                                            "count": 1,
                                            "current_user": null
                                        },
                                        {
                                            "__typename": "RespectActionSummary",
                                            "count": 2,
                                            "current_user": null
                                        }
                                    ],
                                    "editing": {
                                        "edited": false,
                                        "editableUntil": "2022-02-23T21:09:10.401Z",
                                        "__typename": "EditInfo"
                                    },
                                    "__typename": "Comment",
                                    "replies": {
                                        "nodes": [
                                            {
                                                "id": "88b47fc2-3372-4898-9adf-cb960374c98b",
                                                "body": "I am a Canadian.   Any trucker that lost his job and truck,  I feel nothing for.   Same as the above poster",
                                                "created_at": "2022-02-23T21:06:10.261Z",
                                                "status": "ACCEPTED",
                                                "replyCount": 0,
                                                "tags": [],
                                                "user": {
                                                    "id": "C650A7DFD424F9FEACA7734D1FB020A95A1C84DB364F20E7E8451BF7B4CE3A09",
                                                    "username": "Laugher",
                                                    "__typename": "User",
                                                    "created_at": "2018-04-26T14:31:24.390Z"
                                                },
                                                "status_history": null,
                                                "action_summaries": [
                                                    {
                                                        "__typename": "FlagActionSummary",
                                                        "count": 1,
                                                        "current_user": null
                                                    },
                                                    {
                                                        "__typename": "RespectActionSummary",
                                                        "count": 6,
                                                        "current_user": null
                                                    }
                                                ],
                                                "editing": {
                                                    "edited": false,
                                                    "editableUntil": "2022-02-23T21:36:10.261Z",
                                                    "__typename": "EditInfo"
                                                },
                                                "__typename": "Comment",
                                                "replies": {
                                                    "nodes": [],
                                                    "hasNextPage": false,
                                                    "startCursor": null,
                                                    "endCursor": null,
                                                    "__typename": "CommentConnection"
                                                }
                                            },
                                            {
                                                "id": "0a93a485-6504-41fd-bbd9-b16f2bebbad4",
                                                "body": "That's because they are not cult followers, unlike Trumpsters, who need to show how tough they are (not).  Besides, most Canadians recognize the stupidity of such a slogan.  They prefer to examine politicians' policies and vote accordingly.  Love has nothing to do with their decisions.",
                                                "created_at": "2022-02-23T21:45:37.625Z",
                                                "status": "NONE",
                                                "replyCount": 0,
                                                "tags": [],
                                                "user": {
                                                    "id": "C650A7DFD424F9FECB0B5256E6C314F3F46E3C1DACAD8494BD9A0F97E945EB68",
                                                    "username": "Sanity in Insanity",
                                                    "__typename": "User",
                                                    "created_at": "2018-04-26T14:34:28.027Z"
                                                },
                                                "status_history": null,
                                                "action_summaries": [
                                                    {
                                                        "__typename": "RespectActionSummary",
                                                        "count": 3,
                                                        "current_user": null
                                                    }
                                                ],
                                                "editing": {
                                                    "edited": false,
                                                    "editableUntil": "2022-02-23T22:15:37.625Z",
                                                    "__typename": "EditInfo"
                                                },
                                                "__typename": "Comment",
                                                "replies": {
                                                    "nodes": [],
                                                    "hasNextPage": false,
                                                    "startCursor": null,
                                                    "endCursor": null,
                                                    "__typename": "CommentConnection"
                                                }
                                            },
                                            {
                                                "id": "e2f07d60-9454-4f86-b689-bae7038f6dae",
                                                "body": "That's rich calling them keyboard warriors from your tindonimium in Florida. If you supported them that much you would have joined them.",
                                                "created_at": "2022-02-23T22:43:04.306Z",
                                                "status": "NONE",
                                                "replyCount": 0,
                                                "tags": [],
                                                "user": {
                                                    "id": "C650A7DFD424F9FEA263F04ABBC2E2BA211A5E09DDA4BD35C2E3B1621BAAFCD8",
                                                    "username": "northerncrank",
                                                    "__typename": "User",
                                                    "created_at": "2018-04-26T14:31:28.902Z"
                                                },
                                                "status_history": null,
                                                "action_summaries": [
                                                    {
                                                        "__typename": "RespectActionSummary",
                                                        "count": 1,
                                                        "current_user": null
                                                    }
                                                ],
                                                "editing": {
                                                    "edited": false,
                                                    "editableUntil": "2022-02-23T23:13:04.306Z",
                                                    "__typename": "EditInfo"
                                                },
                                                "__typename": "Comment",
                                                "replies": {
                                                    "nodes": [],
                                                    "hasNextPage": false,
                                                    "startCursor": null,
                                                    "endCursor": null,
                                                    "__typename": "CommentConnection"
                                                }
                                            }
                                        ],
                                        "hasNextPage": false,
                                        "startCursor": "2022-02-23T21:06:10.261Z",
                                        "endCursor": "2022-02-23T22:43:04.306Z",
                                        "__typename": "CommentConnection"
                                    }
                                }
                            ],
                            "hasNextPage": false,
                            "startCursor": "2022-02-23T20:39:10.401Z",
                            "endCursor": "2022-02-23T20:39:10.401Z",
                            "__typename": "CommentConnection"
                        }
                    },
                    {
                        "id": "7ca58b78-86ec-41b3-8c4b-560425ebaa23",
                        "status": "ACCEPTED",
                        "user": {
                            "id": "C650A7DFD424F9FEACA7734D1FB020A95A5D8404B774BFE086C80394C9B9B353",
                            "__typename": "User",
                            "username": "roger432",
                            "created_at": "2018-04-26T14:31:36.934Z"
                        },
                        "body": "As in Canada, this protest will be hijacked by malcontents with a wide variety of unrelated complaints. Always happens. ( anybody remember “ occupy Wall St “) ?",
                        "created_at": "2022-02-23T20:01:19.309Z",
                        "replyCount": 0,
                        "tags": [],
                        "status_history": null,
                        "action_summaries": [
                            {
                                "__typename": "DefaultActionSummary",
                                "count": 1,
                                "current_user": null
                            },
                            {
                                "__typename": "RespectActionSummary",
                                "count": 1,
                                "current_user": null
                            }
                        ],
                        "editing": {
                            "edited": false,
                            "editableUntil": "2022-02-23T20:31:19.309Z",
                            "__typename": "EditInfo"
                        },
                        "__typename": "Comment",
                        "replies": {
                            "nodes": [],
                            "hasNextPage": false,
                            "startCursor": null,
                            "endCursor": null,
                            "__typename": "CommentConnection"
                        }
                    },
                    {
                        "id": "7cede69e-aacb-4eb8-a6d8-e7423c5856f4",
                        "status": "ACCEPTED",
                        "user": {
                            "id": "C650A7DFD424F9FED0F427B328332ED40A1066D7E8817C8EA7B27846613DDDB7",
                            "__typename": "User",
                            "username": "Observance",
                            "created_at": "2018-04-26T14:31:32.215Z"
                        },
                        "body": "I feel REAL pride.\n\nMost new US productions: we generate “_______CANADA” without capacity to be original.\n\nEven the nonsense/drivel, and lack of American originality:\n\n“ This is for our freedoms, our human rights. Enough is enough,” said Ron Coleman, 61, a trucker from Reno, Nevada, as he prepared to make the 2,500-mile (4,000-km) journey. “\n\nEven Pennsylvania must almost lack originality: one lonely ‘Trucker’ joining the ‘fun’ in DC?\n\nWe have created something NEW and originally Canadian: PRIDE!!\n\n\n",
                        "created_at": "2022-02-23T20:28:33.026Z",
                        "replyCount": 0,
                        "tags": [],
                        "status_history": null,
                        "action_summaries": [
                            {
                                "__typename": "DefaultActionSummary",
                                "count": 1,
                                "current_user": null
                            }
                        ],
                        "editing": {
                            "edited": false,
                            "editableUntil": "2022-02-23T20:58:33.026Z",
                            "__typename": "EditInfo"
                        },
                        "__typename": "Comment",
                        "replies": {
                            "nodes": [],
                            "hasNextPage": false,
                            "startCursor": null,
                            "endCursor": null,
                            "__typename": "CommentConnection"
                        }
                    },
                    {
                        "id": "b09c3d6f-6974-45e4-8bf6-b47a199c24ae",
                        "status": "ACCEPTED",
                        "user": {
                            "id": "C650A7DFD424F9FEC4139829A2A4B83F939F78BEE1C08B26ECB8AB2624550DB5",
                            "__typename": "User",
                            "username": "Donald Gagne05",
                            "created_at": "2018-04-26T15:00:49.543Z"
                        },
                        "body": "This is perfect timing for those who were upset with all of the contributions from the American right for the Canadian trucker occupation in Ottawa. Where do we send money to give them a bit of their own medicine? Even better,  let’s get some high profile Canadians to declare that they support the truckers!",
                        "created_at": "2022-02-23T20:42:06.051Z",
                        "replyCount": 0,
                        "tags": [],
                        "status_history": null,
                        "action_summaries": [
                            {
                                "__typename": "DefaultActionSummary",
                                "count": 1,
                                "current_user": null
                            },
                            {
                                "__typename": "RespectActionSummary",
                                "count": 2,
                                "current_user": null
                            }
                        ],
                        "editing": {
                            "edited": false,
                            "editableUntil": "2022-02-23T21:12:06.051Z",
                            "__typename": "EditInfo"
                        },
                        "__typename": "Comment",
                        "replies": {
                            "nodes": [],
                            "hasNextPage": false,
                            "startCursor": null,
                            "endCursor": null,
                            "__typename": "CommentConnection"
                        }
                    },
                    {
                        "id": "ef21a38b-5a51-4f33-b84c-51f568d2f9e3",
                        "status": "ACCEPTED",
                        "user": {
                            "id": "C650A7DFD424F9FEE9446956B365AB96D34DAB8D480CD57452E83879EA8224AA",
                            "__typename": "User",
                            "username": "bob adamson",
                            "created_at": "2018-04-26T14:31:23.347Z"
                        },
                        "body": "An important difference in this saga will be the different status of the 2 national capitals.\n\nThe District of Columbia is governed under Federal jurisdiction. The City of Ottawa is governed under Ontario's jurisdiction.\n\nWashington, DC, has been the site for many angry demonstrations, the January 6th riot being only the latest example.  One assumes the US Government will be ready to control this new 'Convoy' & doesn't need to seek or force the cooperation of State Governments to get the police it will need.  On the other hand, given the squirrelly & confrontational mindset of many GOP Representatives & Senators, theirs an outside chance for a disunited Federal response.\n\nInterestingly, the Federal & State Governments use the National Guard for policing.  Hopefully, the National Guards called upon to control demonstrations are trained to do police work & understand the difference of police work & acting as soldiers.",
                        "created_at": "2022-02-23T20:55:20.166Z",
                        "replyCount": 0,
                        "tags": [],
                        "status_history": null,
                        "action_summaries": [
                            {
                                "__typename": "DefaultActionSummary",
                                "count": 1,
                                "current_user": null
                            },
                            {
                                "__typename": "RespectActionSummary",
                                "count": 1,
                                "current_user": null
                            }
                        ],
                        "editing": {
                            "edited": false,
                            "editableUntil": "2022-02-23T21:25:20.166Z",
                            "__typename": "EditInfo"
                        },
                        "__typename": "Comment",
                        "replies": {
                            "nodes": [],
                            "hasNextPage": false,
                            "startCursor": null,
                            "endCursor": null,
                            "__typename": "CommentConnection"
                        }
                    },
                    {
                        "id": "6fab68b0-bb2c-4129-8404-d41760813d4d",
                        "status": "ACCEPTED",
                        "user": {
                            "id": "C650A7DFD424F9FED0F427B328332ED43401D3BBFB0B0C9FA7000B9021534E19",
                            "__typename": "User",
                            "username": "doug's a slug",
                            "created_at": "2018-04-26T14:31:51.219Z"
                        },
                        "body": "If these so-called truckers were really as concerned about ‘Freedom’ as they claim to be then they’d be heading to Ukraine to offer their expertise and assistance.\n\nThose citizens are far more likely to lose their freedom in the coming weeks than anyone in the US - or Canada for that matter.",
                        "created_at": "2022-02-23T21:07:56.615Z",
                        "replyCount": 2,
                        "tags": [],
                        "status_history": null,
                        "action_summaries": [
                            {
                                "__typename": "DefaultActionSummary",
                                "count": 1,
                                "current_user": null
                            },
                            {
                                "__typename": "RespectActionSummary",
                                "count": 10,
                                "current_user": null
                            }
                        ],
                        "editing": {
                            "edited": false,
                            "editableUntil": "2022-02-23T21:37:56.615Z",
                            "__typename": "EditInfo"
                        },
                        "__typename": "Comment",
                        "replies": {
                            "nodes": [
                                {
                                    "id": "d8570f18-7df6-42e9-90c4-f798a8200bf6",
                                    "body": "Most of them follow FOXNEWS and tRump and love Putin.",
                                    "created_at": "2022-02-25T03:51:39.081Z",
                                    "status": "ACCEPTED",
                                    "replyCount": 0,
                                    "tags": [],
                                    "user": {
                                        "id": "C650A7DFD424F9FEE9446956B365AB96B2B45040327105DC07561690835567FD",
                                        "username": "RonWilliams",
                                        "__typename": "User",
                                        "created_at": "2018-04-26T14:35:10.780Z"
                                    },
                                    "status_history": null,
                                    "action_summaries": [
                                        {
                                            "__typename": "DefaultActionSummary",
                                            "count": 1,
                                            "current_user": null
                                        }
                                    ],
                                    "editing": {
                                        "edited": false,
                                        "editableUntil": "2022-02-25T04:21:39.081Z",
                                        "__typename": "EditInfo"
                                    },
                                    "__typename": "Comment",
                                    "replies": {
                                        "nodes": [],
                                        "hasNextPage": false,
                                        "startCursor": null,
                                        "endCursor": null,
                                        "__typename": "CommentConnection"
                                    }
                                }
                            ],
                            "hasNextPage": false,
                            "startCursor": "2022-02-25T03:51:39.081Z",
                            "endCursor": "2022-02-25T03:51:39.081Z",
                            "__typename": "CommentConnection"
                        }
                    },
                    {
                        "id": "2427de6f-6590-4432-81ec-f626cf48b958",
                        "status": "ACCEPTED",
                        "user": {
                            "id": "C650A7DFD424F9FE120D3129C104FF704A8BFA35E17CF30E4A880935DC10F986",
                            "__typename": "User",
                            "username": "haddon",
                            "created_at": "2021-11-08T17:48:11.493Z"
                        },
                        "body": "Vaccine mandates and the cost of fuel lumped together as the reason for a convoy of ragamuffins. Undoubtedly, they pick up a few other issues along the way ... maybe the length of handmaidens skirts....  Good luck dudes.\n",
                        "created_at": "2022-02-23T21:15:00.048Z",
                        "replyCount": 0,
                        "tags": [],
                        "status_history": null,
                        "action_summaries": [
                            {
                                "__typename": "DefaultActionSummary",
                                "count": 1,
                                "current_user": null
                            },
                            {
                                "__typename": "RespectActionSummary",
                                "count": 4,
                                "current_user": null
                            }
                        ],
                        "editing": {
                            "edited": false,
                            "editableUntil": "2022-02-23T21:45:00.048Z",
                            "__typename": "EditInfo"
                        },
                        "__typename": "Comment",
                        "replies": {
                            "nodes": [],
                            "hasNextPage": false,
                            "startCursor": null,
                            "endCursor": null,
                            "__typename": "CommentConnection"
                        }
                    },
                    {
                        "id": "93b957f2-078e-43f7-8bc5-a097ba15bc2b",
                        "status": "ACCEPTED",
                        "user": {
                            "id": "C650A7DFD424F9FE2AB315A858CA118E51FC0DFD07C09899FBF2E103E86B2E29",
                            "__typename": "User",
                            "username": "mmaser",
                            "created_at": "2020-02-21T20:07:26.000Z"
                        },
                        "body": "Remember to pack the Bouncy Castles, hot tubs and sports gear. Oh, and you'll have to bring your own poutine. But this could be a non-starter if they don't have a Timmies on every block. ",
                        "created_at": "2022-02-23T21:32:17.973Z",
                        "replyCount": 1,
                        "tags": [],
                        "status_history": null,
                        "action_summaries": [
                            {
                                "__typename": "DefaultActionSummary",
                                "count": 1,
                                "current_user": null
                            },
                            {
                                "__typename": "RespectActionSummary",
                                "count": 4,
                                "current_user": null
                            }
                        ],
                        "editing": {
                            "edited": false,
                            "editableUntil": "2022-02-23T22:02:17.973Z",
                            "__typename": "EditInfo"
                        },
                        "__typename": "Comment",
                        "replies": {
                            "nodes": [
                                {
                                    "id": "358037e3-6106-40a0-8327-fee0c61436b3",
                                    "body": "...or the Mcdonald's at the Ambassador Bridge blockade.",
                                    "created_at": "2022-02-23T21:52:10.711Z",
                                    "status": "NONE",
                                    "replyCount": 0,
                                    "tags": [],
                                    "user": {
                                        "id": "C650A7DFD424F9FEE9446956B365AB96E182F1B14D2DE26BE3B3015B9F37D231",
                                        "username": "Jimbo5",
                                        "__typename": "User",
                                        "created_at": "2018-04-26T14:31:23.835Z"
                                    },
                                    "status_history": null,
                                    "action_summaries": [
                                        {
                                            "__typename": "RespectActionSummary",
                                            "count": 2,
                                            "current_user": null
                                        }
                                    ],
                                    "editing": {
                                        "edited": false,
                                        "editableUntil": "2022-02-23T22:22:10.711Z",
                                        "__typename": "EditInfo"
                                    },
                                    "__typename": "Comment",
                                    "replies": {
                                        "nodes": [],
                                        "hasNextPage": false,
                                        "startCursor": null,
                                        "endCursor": null,
                                        "__typename": "CommentConnection"
                                    }
                                }
                            ],
                            "hasNextPage": false,
                            "startCursor": "2022-02-23T21:52:10.711Z",
                            "endCursor": "2022-02-23T21:52:10.711Z",
                            "__typename": "CommentConnection"
                        }
                    },
                    {
                        "id": "83f6b051-bb0d-4571-89cf-982daac23521",
                        "status": "ACCEPTED",
                        "user": {
                            "id": "C650A7DFD424F9FEBFAFF7B89DC24CEA53C0229E3CF534A8F49AF1D6144D4DEE",
                            "__typename": "User",
                            "username": "Fobar Too",
                            "created_at": "2020-01-08T14:57:50.853Z"
                        },
                        "body": "The truckers keep promising that they won't go anywhere until they get what they demand. I'd like to see someone follow up on these broken promises and pledges to give their lives before yielding their piece of the roadway. 'All hat, no cattle'. ",
                        "created_at": "2022-02-23T21:32:43.278Z",
                        "replyCount": 0,
                        "tags": [],
                        "status_history": null,
                        "action_summaries": [
                            {
                                "__typename": "DefaultActionSummary",
                                "count": 1,
                                "current_user": null
                            },
                            {
                                "__typename": "RespectActionSummary",
                                "count": 5,
                                "current_user": null
                            }
                        ],
                        "editing": {
                            "edited": false,
                            "editableUntil": "2022-02-23T22:02:43.278Z",
                            "__typename": "EditInfo"
                        },
                        "__typename": "Comment",
                        "replies": {
                            "nodes": [],
                            "hasNextPage": false,
                            "startCursor": null,
                            "endCursor": null,
                            "__typename": "CommentConnection"
                        }
                    },
                    {
                        "id": "3fb48c4b-b510-488b-bc3e-4cd02406003c",
                        "status": "ACCEPTED",
                        "user": {
                            "id": "C650A7DFD424F9FED0F427B328332ED48E09F21EC4588E4EC5D586572A48F024",
                            "__typename": "User",
                            "username": "Fred8888",
                            "created_at": "2018-04-26T14:35:11.838Z"
                        },
                        "body": "do a slow roll past Trucker Carlson's office and remind him how much he likes air horns\n\n\n",
                        "created_at": "2022-02-23T21:35:39.246Z",
                        "replyCount": 2,
                        "tags": [],
                        "status_history": null,
                        "action_summaries": [
                            {
                                "__typename": "DefaultActionSummary",
                                "count": 1,
                                "current_user": null
                            },
                            {
                                "__typename": "RespectActionSummary",
                                "count": 12,
                                "current_user": null
                            }
                        ],
                        "editing": {
                            "edited": false,
                            "editableUntil": "2022-02-23T22:05:39.246Z",
                            "__typename": "EditInfo"
                        },
                        "__typename": "Comment",
                        "replies": {
                            "nodes": [
                                {
                                    "id": "81f43aa4-a9ef-48f6-a77a-21d55274c83c",
                                    "body": "That's the one with the Russia flag in the window.",
                                    "created_at": "2022-02-25T03:50:37.469Z",
                                    "status": "ACCEPTED",
                                    "replyCount": 0,
                                    "tags": [],
                                    "user": {
                                        "id": "C650A7DFD424F9FEE9446956B365AB96B2B45040327105DC07561690835567FD",
                                        "username": "RonWilliams",
                                        "__typename": "User",
                                        "created_at": "2018-04-26T14:35:10.780Z"
                                    },
                                    "status_history": null,
                                    "action_summaries": [
                                        {
                                            "__typename": "DefaultActionSummary",
                                            "count": 1,
                                            "current_user": null
                                        }
                                    ],
                                    "editing": {
                                        "edited": false,
                                        "editableUntil": "2022-02-25T04:20:37.469Z",
                                        "__typename": "EditInfo"
                                    },
                                    "__typename": "Comment",
                                    "replies": {
                                        "nodes": [],
                                        "hasNextPage": false,
                                        "startCursor": null,
                                        "endCursor": null,
                                        "__typename": "CommentConnection"
                                    }
                                }
                            ],
                            "hasNextPage": false,
                            "startCursor": "2022-02-25T03:50:37.469Z",
                            "endCursor": "2022-02-25T03:50:37.469Z",
                            "__typename": "CommentConnection"
                        }
                    },
                    {
                        "id": "52e04e1c-a61c-42d3-bd60-cfc15bfdb9fc",
                        "status": "NONE",
                        "user": {
                            "id": "C650A7DFD424F9FEE9446956B365AB96E182F1B14D2DE26BE3B3015B9F37D231",
                            "__typename": "User",
                            "username": "Jimbo5",
                            "created_at": "2018-04-26T14:31:23.835Z"
                        },
                        "body": "Oh good. Another export opportunity to make the world love us.",
                        "created_at": "2022-02-23T21:50:00.515Z",
                        "replyCount": 0,
                        "tags": [],
                        "status_history": null,
                        "action_summaries": [
                            {
                                "__typename": "RespectActionSummary",
                                "count": 1,
                                "current_user": null
                            }
                        ],
                        "editing": {
                            "edited": false,
                            "editableUntil": "2022-02-23T22:20:00.515Z",
                            "__typename": "EditInfo"
                        },
                        "__typename": "Comment",
                        "replies": {
                            "nodes": [],
                            "hasNextPage": false,
                            "startCursor": null,
                            "endCursor": null,
                            "__typename": "CommentConnection"
                        }
                    },
                    {
                        "id": "32a1cfe2-0d09-4e59-8c66-18466b508f07",
                        "status": "ACCEPTED",
                        "user": {
                            "id": "C650A7DFD424F9FEA263F04ABBC2E2BA211A5E09DDA4BD35C2E3B1621BAAFCD8",
                            "__typename": "User",
                            "username": "northerncrank",
                            "created_at": "2018-04-26T14:31:28.902Z"
                        },
                        "body": "I wonder how many of them will be saying their Charter rights are being abused",
                        "created_at": "2022-02-23T22:44:50.462Z",
                        "replyCount": 0,
                        "tags": [],
                        "status_history": null,
                        "action_summaries": [
                            {
                                "__typename": "DefaultActionSummary",
                                "count": 1,
                                "current_user": null
                            }
                        ],
                        "editing": {
                            "edited": false,
                            "editableUntil": "2022-02-23T23:14:50.462Z",
                            "__typename": "EditInfo"
                        },
                        "__typename": "Comment",
                        "replies": {
                            "nodes": [],
                            "hasNextPage": false,
                            "startCursor": null,
                            "endCursor": null,
                            "__typename": "CommentConnection"
                        }
                    },
                    {
                        "id": "1e7114bb-7996-497a-9a95-bd94262fd62f",
                        "status": "NONE",
                        "user": {
                            "id": "C650A7DFD424F9FED0F427B328332ED4C17B0ACA41CAD79125C1A68A78FFEA5F",
                            "__typename": "User",
                            "username": "Leroy1234",
                            "created_at": "2018-04-26T14:32:41.192Z"
                        },
                        "body": "Penultimate paragraph:  “Prime Minister Justin Trudeau invoked never before used emergency powers to end the protests, and Canadian police restored a sense of normalcy in Ottawa over the weekend.  However those emergency powers were repealed effective 5:00 pm on February 23rd when it became clear that the drastic government overreach would not likely pass in the Senate, a requirement to keep the state of emergency in place”.  There, fixed it for you.",
                        "created_at": "2022-02-23T22:48:03.362Z",
                        "replyCount": 2,
                        "tags": [],
                        "status_history": null,
                        "action_summaries": [],
                        "editing": {
                            "edited": false,
                            "editableUntil": "2022-02-23T23:18:03.362Z",
                            "__typename": "EditInfo"
                        },
                        "__typename": "Comment",
                        "replies": {
                            "nodes": [
                                {
                                    "id": "4458c1da-4d9c-4bce-82be-bd27ac557259",
                                    "body": "When were you appointed to the Senate or did the voices in your head tell you that?",
                                    "created_at": "2022-02-25T03:49:47.954Z",
                                    "status": "ACCEPTED",
                                    "replyCount": 0,
                                    "tags": [],
                                    "user": {
                                        "id": "C650A7DFD424F9FEE9446956B365AB96B2B45040327105DC07561690835567FD",
                                        "username": "RonWilliams",
                                        "__typename": "User",
                                        "created_at": "2018-04-26T14:35:10.780Z"
                                    },
                                    "status_history": null,
                                    "action_summaries": [
                                        {
                                            "__typename": "DefaultActionSummary",
                                            "count": 1,
                                            "current_user": null
                                        }
                                    ],
                                    "editing": {
                                        "edited": false,
                                        "editableUntil": "2022-02-25T04:19:47.954Z",
                                        "__typename": "EditInfo"
                                    },
                                    "__typename": "Comment",
                                    "replies": {
                                        "nodes": [],
                                        "hasNextPage": false,
                                        "startCursor": null,
                                        "endCursor": null,
                                        "__typename": "CommentConnection"
                                    }
                                }
                            ],
                            "hasNextPage": false,
                            "startCursor": "2022-02-25T03:49:47.954Z",
                            "endCursor": "2022-02-25T03:49:47.954Z",
                            "__typename": "CommentConnection"
                        }
                    },
                    {
                        "id": "f4d27a85-d7c4-4a46-8abd-794a743f63cf",
                        "status": "ACCEPTED",
                        "user": {
                            "id": "C650A7DFD424F9FEE9446956B365AB96B2B45040327105DC07561690835567FD",
                            "__typename": "User",
                            "username": "RonWilliams",
                            "created_at": "2018-04-26T14:35:10.780Z"
                        },
                        "body": "A trucker convoy from Pennsylvania (consisting of one tRumper truck and a few cars) got lost in DC, never found the White House  and, at last report, was looking for the right freeway exit to get back to PA.\ntRumpers are even dumber in America than in Canada",
                        "created_at": "2022-02-25T03:47:25.814Z",
                        "replyCount": 0,
                        "tags": [],
                        "status_history": null,
                        "action_summaries": [
                            {
                                "__typename": "DefaultActionSummary",
                                "count": 1,
                                "current_user": null
                            }
                        ],
                        "editing": {
                            "edited": false,
                            "editableUntil": "2022-02-25T04:17:25.814Z",
                            "__typename": "EditInfo"
                        },
                        "__typename": "Comment",
                        "replies": {
                            "nodes": [],
                            "hasNextPage": false,
                            "startCursor": null,
                            "endCursor": null,
                            "__typename": "CommentConnection"
                        }
                    }
                ],
                "hasNextPage": false,
                "startCursor": "2022-02-23T16:10:26.086Z",
                "endCursor": "2022-02-25T03:47:25.814Z",
                "__typename": "CommentConnection"
            },
            "featuredCommentsCount": 0,
            "featuredComments": {
                "nodes": [],
                "hasNextPage": false,
                "startCursor": null,
                "endCursor": null,
                "__typename": "CommentConnection"
            }
        },
        "settings": {
            "organizationName": "The Globe and Mail",
            "__typename": "Settings"
        },
        "__typename": "RootQuery"
    }
}