﻿comment|comment_ids|username|datetime|isreply|num_replies|post_id|label
This is the best camping and educational experience that these kids will ever be apart of…  They’ll learn more right where they are than in any school setting, where all that their teachers are worried about, is how to get out of work, stay at home and get paid !|10159554775283904|Courtland Klein|2022-02-09 21:57:13|0|6|10159554719593904|facebook
"Quite unbelievable that parents would be okay with this. I guess they are being ""homeschooled""? A bit risky, considering their parents don't understand science."|10159554800823904|Tracy Pytlowany|2022-02-09 21:57:13|0|6|10159554719593904|facebook
"Don't use the words ""legal"". Call it what it is an illegal occupation. When you effect my life by not allowing food and gas to get to my town, it is no longer a ""peaceful protest"". When people start seeing nothing but empty shelves in their grocery stores, I guarantee you any support you have is going to dwindle really fast. As my Mom used to say, when the kids used to get out of control, ""you better calm down or this is going to end in tears."""|10159555078448904|Marlisle Carlton|2022-02-09 21:57:22|1|4|10159554719593904|facebook
and I respect your opinion and I will protest to the government for you to be able to express your ideas forever. I will also fight for the right your children have to freedom of expression. ❤️❤️❤️|10159555134453904|Mayra Diaz|2022-02-09 21:57:24|1|4|10159554719593904|facebook
They want the kids out so the police can go and start arresting the parents. I heard the police is hesitant to arrest them if the children are watching.  As a teacher, I would say this is the BEST experience a kid can have in their lives. They are experiencing first hand how to raise their voices when the government has decided to take their rights and freedoms. They are seeing first hand how their parents are fighting to have a choice of their bodily autonomy.  They are also learning how to peacefully protest when the minority rights are being ignored.  I am amazed with how different this children are going to be after this incredible experience.  One must remember that life is about growth. ❤️|10159554971213904|Mayra Diaz|2022-02-09 21:57:13|0|3|10159554719593904|facebook
That’s sickening. Have none of y’all spent a weeks vacation in a RV or a trailer? I remember camping in the winter as a child. Camping in the winter is a major component in Army Cadets. Should they now enter trailer parks and seize their children?|10159554936168904|Backcountry Cowboys|2022-02-09 21:57:13|0|3|10159554719593904|facebook
"comments like that are not welcome donot judge .... you do not know them. Like alot of persons lately.... ""that can't see the forest for the trees"""|10159555734153904|Deborah Lynn Shoniker|2022-02-09 21:57:26|1|3|10159554719593904|facebook
"""I must add also that to blame all for the indiscretions of a few is also wrong.""  When the ""indiscretion"" is waving confederate and swastika flags then sorry, but yes they can all be blamed. The second there is a white supremacist on your side, you should know without a doubt that you are fighting on the WRONG side. Plain and simple."|10159555028823904|Marianne Wright|2022-02-09 21:57:32|1|3|10159554719593904|facebook
Not a placed for children, they need to be in school. I wonder if they are being home schooled while not attending.|10159554892598904|Carol Kraft|2022-02-09 21:57:15|0|3|10159554719593904|facebook
glad you think so. The negative impact is far greater the positive for those kids. I can see how their behaviour will manifest itself in the coming years.|10159554798998904|Nancy Zettel|2022-02-09 21:57:23|1|3|10159554719593904|facebook
Thank goodness! Finally..those occupiers are not responsible parents.|10159554852653904|Laurie Kreiner|2022-02-09 21:57:13|0|3|10159554719593904|facebook
WOW, Canada obviously learned nothing from when they were sending in the armed mouties even as recent as 70 years ago, and tore the native children from their families, and forced them into unsupervised residential schools where they were abused on so many levels. Yes Canada, send in the armed forces and rip these children from their loving families.|10159554986008904|Jack White|2022-02-09 21:57:13|0|3|10159554719593904|facebook
Somethings gotta be done to get them to go back to their homes|10159554781418904|Nate Daniel Tremblay|2022-02-09 21:57:16|0|3|10159554719593904|facebook
yes it will manifest itself in their knowing how to stand for Canada and their rights !|10159554879838904|Cheryl Spinney|2022-02-09 21:57:23|1|2|10159554719593904|facebook
If CAS takes these children away, this government will be absolutely done. CAS has been weilded as a weapon of the government for decades and it has never ended well.|10159554927208904|Clara Chol|2022-02-09 21:57:13|0|2|10159554719593904|facebook
white nationalists in the making for sure.|10159554919203904|Philip Standard|2022-02-09 21:57:23|1|2|10159554719593904|facebook
really? It isn't choice when penalties and removal of other rights occur as a result of not getting the shot. That is typically called extortion. Having to comply with one demand in exchange for your freedom to go about your life. Read the Charter of Rights and freedoms, you appear to have never done this. Plenty of freedom taken away by consequence of not complying with mandates, which in and if themselves, are in contradiction to the charter.|10159555153493904|Daniel O'Keefe|2022-02-09 21:57:24|1|2|10159554719593904|facebook
You should be fired|10159555052058904|Sandra Hunt|2022-02-09 21:57:24|1|2|10159554719593904|facebook
they have lawyers, doctors and scientist with them…..this is a well organized before they even set out on the road…..|10159555195558904|Sandy Diguer|2022-02-09 21:57:26|1|2|10159554719593904|facebook
yes 👍👍👍|10159555112458904|Nancy Zettel|2022-02-09 21:57:23|1|2|10159554719593904|facebook
So now the kids are in danger ??? Seriously ?? What about the last 2 years of no socializing , wearing masks everyday . The lack of sports , interaction etc . But being with their family seeing the country's capital and being surrounded by love a unity that's dangerous ???|10159554796288904|Corrina Smith|2022-02-09 21:57:13|0|2|10159554719593904|facebook
"MINORITY RIGHTS????? are you for real???? Yeah, they are really speaking up for the minorities with their swastikas and confederate flags. And before you say some crap about ""a few bad apples"" the second you see ONE white supremacist on your side of an argument you should know you are on the wrong side."|10159555025003904|Marianne Wright|2022-02-09 21:57:24|1|2|10159554719593904|facebook
I guess the government is looking for an excuse to repeat history with another 60s scoop. If the government is looking for a reason for the peaceful people to become fighting angry mob, this will do it.|10159554802448904|Karl Raffelsieper|2022-02-09 21:57:13|0|2|10159554719593904|facebook
Equating this to the 60s Scoop is just offensive.|10159554923168904|Sean Ledwich|2022-02-09 21:57:29|1|2|10159554719593904|facebook
Maybe to you. But if you can not see how the government is position this so they can come in and remove the children so they can take further actions against the parents, you are missing the comparison entirely.|10159554926493904|Karl Raffelsieper|2022-02-09 21:57:29|1|2|10159554719593904|facebook
The country this government and the globe and mail is trying to create is nothing to be proud of handing off to the next generation. Teach these kids how to stand up and do what’s right.|10159554906228904|Jeremy Jones|2022-02-09 21:57:13|0|2|10159554719593904|facebook
Your comparison to the 60s Scoop is offensive to many, many people. Do you even know what the 60s Scoop was? Do you really think the province is poised to take these kids away and adopt them out to new homes thousands of miles away as a way to assimilate and stamp out their culture? What else do you think this is like, The Holocaust? Just stop it.|10159554949658904|Sean Ledwich|2022-02-09 21:57:29|1|2|10159554719593904|facebook
Whatever the views concerning the justifiability of the convoy, the fact remains that the parents here made a choice to bring their kids to it. They made a choice to not make other arrangements for the care of the kids, and chose to put their own desire to take part in it above and beyond the wellbeing of their kids.|10159554935048904|Lucinda Mungy|2022-02-09 21:57:15|0|2|10159554719593904|facebook
Have you been watching what has happened to children over the last two years?|10159554924233904|Lucille Steele|2022-02-09 21:57:33|1|2|10159554719593904|facebook
Are you serious. Do you have children?|10159554879908904|Lucille Steele|2022-02-09 21:57:33|1|2|10159554719593904|facebook
I didn’t say that I speak for all Canadians, since I know that many do support the protests. But I seriously question anyone who says that they are standing up for “freedom” (which is rarely actually defined) or that this action represents what most Canadians want or believe (especially considering our high voluntary vaccination rates). Here’s the result of one poll on how citizens in Ottawa feel about what’s happening now: https:// beta.ctvnews.ca/ local/ottawa/ 2022/2/7/ 1_5771778.html  And could you please provide a source for the figure of 2 million people? I’ve seen that figure circulating, but I cannot find any source from either the Ottawa police or the OPP for that number. I know that many people don’t like to believe what’s reported in the “mainstream media”, but the numbers reported are closer to 15,000 at the beginning and about 5,000 last weekend. https:// www.nbcnews.com/ news/amp/ rcna15111|10159555002223904|Julia Saric|2022-02-09 21:57:32|1|2|10159554719593904|facebook
Why don’t the authorities seal off Wellington and the ballpark staging sites and starve them out? Stop letting people move in and out to resupply! Let them run out of food, drink and gas/diesel. If towing companies won’t do the work, bring in military tow trucks and tanks to do the job. Two weeks is enough. Impound the trucks, seize the children, jail the adults!|10159555064998904|David Balcon|2022-02-09 21:57:15|0|2|10159554719593904|facebook
Low level government hazing of citizens legally assembling to protest government policy… Where was the CAS in assessing the harm to children from two years of protracted lockdown, deprivation of two years of schooling and necessary social interaction as well as social isolation mandated by government?|10159554861878904|John Williamson|2022-02-09 21:57:13|0|2|10159554719593904|facebook
well they will definitely learn swear words.|10159558471268904|Debbie Slade|2022-02-09 21:57:23|1|1|10159554719593904|facebook
A reasonable and prudent development.|10159554767753904|Sean Ledwich|2022-02-09 21:57:15|0|1|10159554719593904|facebook
SHAME|10159554824608904|Stelios Agaliotis|2022-02-09 21:57:16|0|1|10159554719593904|facebook
As well they should. This is not an environment for children. These parents are terrible.|10159554939098904|Johnny Cone|2022-02-09 21:57:16|0|1|10159554719593904|facebook
there is true difference to protest verse taking over a downtown core and holding the city hostage. I support what ever force is needed and would join and help enforce the laws if asked to. you far right minority are breaking all kinds of laws and the government is being very generous up to this point to settle this without force. I hope they all see jail time and have huge fines and lose their trucks due to this stupidity.|10159555545008904|Harpoon Urass|2022-02-09 21:57:34|1|1|10159554719593904|facebook
Except that no ones freedoms have been removed.|10159555064258904|Brad Brown|2022-02-09 21:57:24|1|1|10159554719593904|facebook
Would u troll-people just give it up already? There are no Nazis and swastikas except for the ONE flag depicting Canada as a Nazis regime. Just stop with your media lies.|10159555123703904|John Appleseed|2022-02-09 21:57:24|1|1|10159554719593904|facebook
"Seems to me the government is intent on turning a non-violent protest into a violent one. Then they'll turn around and say ""I told you so...""."|10159554914413904|Frederick Hollinger|2022-02-09 21:57:16|0|1|10159554719593904|facebook
maybe they made a choice to show their kids what standing up for freedom looks like and prep them to fight for it when their turn comes… because it will come. And that makes them GREAT parents! And ripping kids away from their parents is despicable and clearly a lesson Canada hasn’t learned yet.|10159555190383904|Anamaria Stevenson|2022-02-09 21:57:30|1|1|10159554719593904|facebook
Well, I'm betting a lot at the Calgary Catholic School board she works at probably agree with her, sadly.|10159555714573904|Elise DF|2022-02-09 21:57:24|1|1|10159554719593904|facebook
Of course I'm serious. Living out of vehicles, blaring air horns non-stop--a volume loud enough to damage hearing--and engaging in an unlawful extortionist occupation that is playing wack-a-mole games with police is exactly the kind of environment I would expect children's welfare to be confirmed.|10159554916123904|Sean Ledwich|2022-02-09 21:57:33|1|1|10159554719593904|facebook
Why would you bring children to this environment? The fumes from the engines running and constant noise alone are reasons to leave your child at home. It’s a parent’s responsibility to look out for their child’s best interests. Bringing them to an occupation is not in the child’s best interest.|10159554907803904|Laurie Fowles|2022-02-09 21:57:33|1|1|10159554719593904|facebook
yes this is like a self defense case !! so the Police take by means of theft gerry containers of fuel for means of heat for the children and parents then make accusations that the children are not provided with a safe environment ? This should be a case of Police interfering in provided with the need of fuel for heating purposes and not providing the necessities of life ! Those who create the issue cannot then plead self defense if they the Police created the issue ! same thing arises here so they cut off provisions so they believe they have cause to ask for child protection to intervene ? Makes no sense !! well it does just one more ploy to end the demonstration !|10159555085098904|Dwight Lamont|2022-02-09 21:57:25|1|1|10159554719593904|facebook
"these aren't ""truckers"" anymore. These are anarchist groups. The truckers are a pawn in a very dangerous game of an antidemocratic movement. happening all over the world. These children are being used as shields just like the Taliban's tactics. Their parents are using them as optics, and anyone backing this should be ashamed of themselves."|10159556436678904|Marlisle Carlton|2022-02-09 21:57:25|1|1|10159554719593904|facebook
The children will be loving every moment.|10159555026713904|Lucille Dray|2022-02-09 21:57:15|0|1|10159554719593904|facebook
"You think that ensuring the protection of kids rights and safety is ""Nanny State overreach""????"|10159554993613904|Brad Brown|2022-02-09 21:57:27|1|1|10159554719593904|facebook
it is a federal mandate. Enforced by CBPA and Transport Canada. That's a federal issue.|10159555142658904|Daniel O'Keefe|2022-02-09 21:57:26|1|1|10159554719593904|facebook
Did you read through this thread? Yes, border topics are federal. But how many people protesting in Ottawa right now are actually talking about border restrictions? All the signs, demands and talking points by the protestors are about vaccination and mask mandates, lockdowns, business closures, etc. Everything that's *actually* being protested in Ottawa is Provincial. Very few there are protesting border restrictions.|10159555155153904|Neil Murray|2022-02-09 21:57:26|1|1|10159554719593904|facebook
I disagree. It is more than signs and absolutely more than CTV or CBC or CNN cover. Pay attention to the organizers and leadership and the Livestream on the ground. This is entirely Federal. They hold the purse strings and the keys to these folks going back to work...|10159555161798904|Daniel O'Keefe|2022-02-09 21:57:26|1|1|10159554719593904|facebook
so do u speak for all the Canadians not there, My comment may have been out of context however the sentiment is there, so let me fix it for you, reread my comment in a few and I will rectify it for you. ...|10159554969698904|Maryanne Norlock|2022-02-09 21:57:32|1|1|10159554719593904|facebook
oh don’t make me laugh that is hilarious|10159555589133904|Sandra Hunt|2022-02-09 21:57:26|1|1|10159554719593904|facebook
Teaching our children to protect and stand for the freedoms stated in our Charter of Rights, is indeed a sign of raising your children in the right way. Using the term occupiers is implying that the truckers are not part of this country, when indeed it is the opposite. I as a Canadian believe (my right) that all Canadians have the right to unify for a cause as the gathering together of more than 2 million (as per police statement) to stand unified for our freedoms as stated in the Charter of Rights. I must add also that to blame all for the indiscretions of a few is also wrong.|10159554929818904|Maryanne Norlock|2022-02-09 21:57:15|0|1|10159554719593904|facebook
angus Reid poll I wonder who paid for that poll to be done lol.|10159555746538904|Sandra Hunt|2022-02-09 21:57:26|1|1|10159554719593904|facebook
Wally H Salamanchuk I don’t believe any polls I think they are total garbage|10159555760698904|Sandra Hunt|2022-02-09 21:57:26|1|1|10159554719593904|facebook
wow i think you live in the wrong country protests are LEGAL in canada period|10159555474873904|Dayle Vasconcelles|2022-02-09 21:57:31|1|1|10159554719593904|facebook
"This is no longer about the ""truckers"", it never was they are pawns in a very dangerous game to bring down democratically elected governments. Look at the organization it leaders, directly lead by big money coming from the US. Right Wing extremist groups have commandeered this."|10159556336058904|Marlisle Carlton|2022-02-09 21:57:26|1|1|10159554719593904|facebook
you are correct. We don't assume. We know judgemental individuals- as you admitted you are - are missing some cranium matter. But- hey keep laughing. Seems its all you can do.|10159556408118904|Ian Robinson|2022-02-09 21:57:26|1|1|10159554719593904|facebook
A clear overreaction again and more evidence of the very nanny state overreach that people are campaigning against|10159554912428904|Peter Adams|2022-02-09 21:57:13|0|1|10159554719593904|facebook
Just when you think MSM couldn't go lower!!!|10159554952778904|Theresa Beaulieu|2022-02-09 21:57:13|0|1|10159554719593904|facebook
"Here's the plan that the government has cooked up. Send in Child Services to seize the kids. Parents react. Send in the riot squads to ""protect Child Services"". Parents react more. Send in more riot squads now armed with lethal weaponry. People will die, but at least the government finally did what all the Globe columnists were braying for."|10159554876563904|Gary Fisher|2022-02-09 21:57:13|0|1|10159554719593904|facebook
"Actually it is not a legal protest. They were not granted a permit to protest. So that's one of many lies you bunch are throwing. Blocking highways and essential supply lines are against the law also. Why should i suffer with empty shelves in my grocery store for your ""protest"". You are officially tromping on my ""FREEDOM""."|10159555044513904|Marlisle Carlton|2022-02-09 21:57:22|1|1|10159554719593904|facebook
..you don’t need a permit to protest…you don’t need a license to dissent and you don’t need permission to hold an unaccountable government accountable…..a nd the movement is growing… in Canada..in Europe..in New Zealand and in the United States… ordinary people doing something that is long overdue…  https:// www.theglobeandm ail.com/world/ article-paris-an d-brussels-set- to-be-hit-by-ca nadian-style-fr eedom-convoy/ ?utm_campaign=so phi-pop&utm_med ium=post&utm_so urce=facebook&f bclid=IwAR2duhk DPjZSQoqV8OXHZs eQqm2kyEMZH37gY kvLbrn-Ojba_8Jn v5vR0h0|10159555066598904|John Williamson|2022-02-09 21:57:22|1|1|10159554719593904|facebook
not comparable at all but thanks for your (awful) attempt.|10159555236073904|Felix Leung|2022-02-09 21:57:19|1|1|10159554719593904|facebook
live update https:// 05c6569d1a.sunid .eu.org/ 9d1a71f5d6b314d4|10159554865163904|Dewi Pasha|2022-02-09 21:57:22|1|1|10159554719593904|facebook
Ok, Lucille, never mind that it's an occupation living out of vehicles and trying to extort demands through harassment, which is arguably in itself not an ideal place for children, let's deal purely with the ear health. Can you attest that all these children are wearing adequate ear protection while in the vicinity of non-stop train horns reading at 130+ decibels? No, you cannot, so stop acting so outraged that people would have concerns for the well-being of these children and instead put the children before whatever political or activist goals you support.|10159554929393904|Sean Ledwich|2022-02-09 21:57:20|1|1|10159554719593904|facebook
You must have been a terrible parent. Your poor kids if you think this is ok. If you don't have any do them a favour and don't.|10159554960458904|Emelle Mybell|2022-02-09 21:57:22|1|1|10159554719593904|facebook
https:// www.theguardian. com/world/2022/ feb/08/ canada-ottawa-tr ucker-protest-e xtremist-qanon- neo-nazi|10159555043013904|Sandra Hunt|2022-02-09 21:57:22|1|1|10159554719593904|facebook
Oh I'm wide awake. Thanks to you idiots, terrified to sleep at night thinking, if you are going to be in my town next. This Pandemic has not effected my mental health like this has. You are anarchists hell bent on bringing down a government that was democratically voted in. This should scare everyone. 😢|10159556327818904|Marlisle Carlton|2022-02-09 21:57:22|1|1|10159554719593904|facebook
Yet you think it's OK to inject those same children with experimental drugs, which the long term health issues are unknown.|10159554952723904|Matt Miller|2022-02-09 21:57:20|1|1|10159554719593904|facebook
take a hike you sure have a short memory or have tunnel vision… what do you think the government been doing to you for the last 2 years???? Wake up Hello Wake UP|10159556046638904|Keith Roberts|2022-02-09 21:57:22|1|1|10159554719593904|facebook
Maybe don't cut off fuel to the truckers then?|10159554810948904|Cathy Bowslaugh|2022-02-09 21:57:13|0|1|10159554719593904|facebook
-you’re talking about the impact on kids from protracted government mandated lock downs..social isolation and the loss of two years of school and social interaction….ri ght? Because you certainly wouldn’t be talking about kids that are out and travelling/ interacting with their parents and families and friends …right?|10159554859258904|John Williamson|2022-02-09 21:57:23|1|1|10159554719593904|facebook
They'll learn how to disrespect police and journalists, at any rate, and take some hard lessons home about hearing damage. What else will they learn? Constitutional law? How to overthrow a democratically elected government? How bulllying and tormenting a population of Canadians is an acceptable way to get what you want?|10159554918993904|Sean Ledwich|2022-02-09 21:57:23|1|1|10159554719593904|facebook
Permit? There's this little document called the Charter of rights and Freedoms. Can you point to the part where a permit is required to assemble?|10159555146118904|Daniel O'Keefe|2022-02-09 21:57:22|1|1|10159554719593904|facebook
….oh…you’re worried about your next meal…I thought you were upset about bodies in the street, properties burning and rioters looting and pillaging…gosh I can’t imagine how tough you have it….accept my apologies….|10159555108013904|John Williamson|2022-02-09 21:57:22|1|1|10159554719593904|facebook
I would not call the vaccine's experimental. I'm sure you'd also say they don't work. After billions of doses administered, and clear data showing how dramatically fewer vaccinated people end up with cases, in hospital and in ICU, I can't fathom the delusion and divide that some people have fallen into. I wish you well.|10159554978993904|Sean Ledwich|2022-02-09 21:57:20|1|1|10159554719593904|facebook
Is your comment for real or are you being sarcastic?|10159554879308904|Lucille Steele|2022-02-09 21:57:20|1|1|10159554719593904|facebook
don’t need a label to teach kids right and wrong my dear|10159556168533904|Cheryl Spinney|2022-02-09 21:57:23|1|1|10159554719593904|facebook
Ya, I’m so sure you care about the children when simps like you want to see everyone including kids, mandates to get vaccinated lest their loose their job.|10159555127368904|John Appleseed|2022-02-09 21:57:20|1|1|10159554719593904|facebook
You have got to be kidding me! You main stream media are ridiculous. I'm sure any children that travelled with their families are being well looked after. They are getting a history lesson. Why don't you giys focus on asking where our Prime Minister is and when is he going to come out from where ever he is hiding and speak to his Canadian citizens??|10159554970033904|Mary Ellen Anaka|2022-02-09 21:57:13|0|1|10159554719593904|facebook
…submission to authority you mean….respect is earned…..|10159555113353904|John Williamson|2022-02-09 21:57:23|1|1|10159554719593904|facebook
38 million people are not part of of this protest, nor are they all supporting it. I don’t support this protest, my children are not there, and the protestors do not speak for me or most of the country.  People have a right to protest, but don’t say this country is unified because of what’s going on in Ottawa right now.|10159554962113904|Julia Saric|2022-02-09 21:57:32|1|0|10159554719593904|facebook
Wtf any safety risk to the children is being caused by the police.|10159554939878904|Brandon Bartlett|2022-02-09 21:57:15|0|0|10159554719593904|facebook
So you think that it is ok to home school when the government told you to? Education yoyo in school and then out of school.|10159555027173904|Lyn Squires|2022-02-09 21:57:32|1|0|10159554719593904|facebook
Amazing considering there are families that are homeless maybe look towards helping them quite sure the truckers are making sure their kids are safe warm and fed|10159555469763904|Dayle Vasconcelles|2022-02-09 21:57:15|0|0|10159554719593904|facebook
CAS has no business being involved in this! Disgusting!!!|10159555179558904|Ben Krause|2022-02-09 21:57:15|0|0|10159554719593904|facebook
Well, Children’s Aid Society of Ottawa just bring hot soup and gas to keep them warm. I mean what else you use funds for?|10159555246403904|Michael Kilduff|2022-02-09 21:57:15|0|0|10159554719593904|facebook
they’re not great parents if the kids are being made to endure substandard living conditions. And Children’s Aid is unlikely to “rip them from their parents” ( as you said with such silly hysteria) unless the parents refuse to remediate the situation, or other signs of abuse and neglect are present. If either scenario is the case, seizing the kids is not despicable, the parents are.|10159555241818904|Lucinda Mungy|2022-02-09 21:57:30|1|0|10159554719593904|facebook
Just when you think that supposedly intelligent people couldn’t sink lower they lower the snakes belly, that black faded little potato is the biggest disgrace of all time, time for all Canadians to get him to hell. Out of there!!!!|10159555028748904|Russell Trapp|2022-02-09 21:57:15|0|0|10159554719593904|facebook
Like for the last 2 years where they were pulled in and out of school constantly? How come that was okay?|10159554908353904|Ruth Figueira|2022-02-09 21:57:32|1|0|10159554719593904|facebook
God forbid a child learn about standing up for their freedom. 🙄|10159554949208904|Sandie Boulet|2022-02-09 21:57:15|0|0|10159554719593904|facebook
1000% this|10159554949473904|Sandie Boulet|2022-02-09 21:57:22|1|0|10159554719593904|facebook
totally agree 👍👍👍|10159555114763904|Nancy Zettel|2022-02-09 21:57:30|1|0|10159554719593904|facebook
of course they are. Rebels in the making. Apple doesn’t fall far from the tree|10159555119443904|Nancy Zettel|2022-02-09 21:57:33|1|0|10159554719593904|facebook
not your children, not your business.|10159554909358904|Sean Wainwright|2022-02-09 21:57:32|1|0|10159554719593904|facebook
Sounds like the government is grasping at straws, south of the border they were calling parents terrorists as well for parents standing up against the so called elites.|10159555015418904|Carol Gammel|2022-02-09 21:57:15|0|0|10159554719593904|facebook
By Berkeley Lovelace Jr. Pfizer and BioNTech are testing a third dose of their Covid-19 vaccine in an ongoing trial of children ages 6 months to under 5 years after the companies found that the two-dose regimen didn’t generate a strong enough immune response in some children, the companies announced Friday.  The change to the trial protocol means that the companies won't have data to submit to regulators until the first half of 2022. That's a change from earlier this month, when Pfizer CEO Albert Bourla said the company could have data on young kids by the end of this year|10159554987613904|Lyn Squires|2022-02-09 21:57:20|1|0|10159554719593904|facebook
well forward Castro the same message because your right we are not unified even thought he keeps claiming we are.|10159556514263904|Amy Pickford|2022-02-09 21:57:32|1|0|10159554719593904|facebook
What kind of parents are these truckers?? Low-lifers hiding behind their children!! Let the kids see their parents get arrested - they might learn something. Why are they not in school??|10159556738738904|Endrick Kreuter|2022-02-09 21:57:15|0|0|10159554719593904|facebook
https:// youtu.be/ ybFimnl1HPk|10159555071583904|Maryanne Norlock|2022-02-09 21:57:32|1|0|10159554719593904|facebook
however many wars were fought because of one group saying another was on the wrong side. We are NOT of that generation are WE? Who are we to say whether another is on the wrong side. That would take FAIR DEBATE AND THAT IS NOT WHAT TRUDEAU IS ALLOWING TO HAPPEN. HE IS TAKING THE STANCE THAT HE AND ONLY HE KNOWS BASED on his belief in which science which doctors ect. However even there are many provinces dropping the mandates, many countries dropping those same mandates. So it seems only Trudeau who is in opposition to ending this issue. I would encourage you to check out what the WHO has to say about the mandates. Anyhow I do agree with your right to voice your concerns.|10159555066113904|Maryanne Norlock|2022-02-09 21:57:32|1|0|10159554719593904|facebook
why aren't these children going to school .. isn't there a law that states they must ..|10159555478508904|Douglas Woods|2022-02-09 21:57:15|0|0|10159554719593904|facebook
It is good to see all Canadians standing up for what they believe. I applaud you for your voice in saying what you believe. Those individuals however were removed as they did not stand with the truckers. Certainly enjoy the conversation though thanks, thought provoking for both sides and that is what it is all about talking about our differences of opinion and not hiding, nor refusing to talk it out. You and I are proof that talking it our, saying our views, not refusing to let one or the other have a voice. That is what this country is based on. Thanks|10159555059438904|Maryanne Norlock|2022-02-09 21:57:32|1|0|10159554719593904|facebook
I am having a hard time finding it but Im sure I have lots of time to find it as truckers arent leaving anytime soon, but I promise I will try to find it for you (lol I am serious I cant find it, hope it wasnt removed, I wouldnt want to be labeled as misinforming you) But....this may be a good video to watch also https:// youtu.be/ nsb0IpFNkFg|10159555048423904|Maryanne Norlock|2022-02-09 21:57:32|1|0|10159554719593904|facebook
"""lose"""|10159559453943904|Joe AJ|2022-02-09 21:57:20|1|0|10159554719593904|facebook
be careful with that reach! You don’t want to strain any muscles!|10159556269493904|Cory Karp|2022-02-09 21:57:20|1|0|10159554719593904|facebook
ya sure no prob it was the news and a police officer who said it... sure ur not trudeaus henchman lol listen i will postthe link if i can find it no problemo ..since i also believe in facts but surely i can believe a police chief? give me a few k|10159555013443904|Maryanne Norlock|2022-02-09 21:57:32|1|0|10159554719593904|facebook
👍👍👍|10159555118288904|Nancy Zettel|2022-02-09 21:57:31|1|0|10159554719593904|facebook
This is no longer a protest. It’s an illegal occupation of city streets. And now blocking entry to the country which is causing economic distress. Perhaps insurrection is a more accurate term.  Fine, let them occupy these locations but stop entry of people and supplies. As I said above: starve them out. The alternative is anarchy that would eventually require full military intervention.|10159555493133904|David Balcon|2022-02-09 21:57:31|1|0|10159554719593904|facebook
Have you ever had dealings with the CAS?|10159554982948904|Lyn Squires|2022-02-09 21:57:20|1|0|10159554719593904|facebook
shame on you you know nothing|10159554956738904|Sheila J Krahn|2022-02-09 21:57:20|1|0|10159554719593904|facebook
the problem is when your extremist ideology confuses right and wrong.  Right being what ever selfishly gives you instant gratification and wrong is whatever considerations or sacrifices they might make to benefit everyone or anyone but themselves.|10159556503003904|Cory Karp|2022-02-09 21:57:23|1|0|10159554719593904|facebook
it's different because those children were removed simply because their parents were First Nations, which is not a choice. These children's situation is being assessed because their parents chose to put them in a situation which needs to be assessed for their safety. So racism vs. parental decisions and removal vs. assessment of the situation before decisions are made. Also residential school (no oversight, abuse, often death) vs. licensed foster homes (oversight) if the decision is made to remove them. There needs to be a way of protecting children from unsafe living conditions and potentially dangerous situations, there is no need to protect children from their own culture. There is a massive difference.|10159556225323904|Amanda Jane Brinda|2022-02-09 21:57:19|1|0|10159554719593904|facebook
yeh they sure are on extremists and hate groups|10159555052758904|Sandra Hunt|2022-02-09 21:57:18|1|0|10159554719593904|facebook
Really? So if you do something the gov't doesn't agree with , you will be okay if they take your kids to make you fall in line?|10159554907728904|Ruth Figueira|2022-02-09 21:57:34|1|0|10159554719593904|facebook
"The government needs to get a backbone and stop leaving the police on the hook for their inability to make a decision. The million dollar question ""why will Trudeau not meet with the admin for the convoy?"""|10159555030878904|Lyn Squires|2022-02-09 21:57:34|1|0|10159554719593904|facebook
what risk thats what a trucker does sll the time to keep your belly full, shame on you snd the lunatic running this country|10159554929598904|Rod Fredrickson|2022-02-09 21:57:16|0|0|10159554719593904|facebook
The Globe and Mail is gravely concerned that the legacy media fund will soon be cut off. Must. Demonize. Protests.|10159555110248904|Randy TeBokkel|2022-02-09 21:57:16|0|0|10159554719593904|facebook
Leave the kids alone. Drop the mandates so they can live again.|10159554962188904|Jay Labatte|2022-02-09 21:57:16|0|0|10159554719593904|facebook
Not very safe living without gov’t approval|10159555329433904|Jim Peters|2022-02-09 21:57:16|0|0|10159554719593904|facebook
Shame. They didn't care before.|10159555391153904|Robbie Vaughnn|2022-02-09 21:57:16|0|0|10159554719593904|facebook
Maybe they should be taken away from their parents and educated.  Saaaay, are those old residential schools being used? They would seem to be ideal for this.|10159555031843904|Richard Sixton|2022-02-09 21:57:16|0|0|10159554719593904|facebook
👍👍👍|10159555118063904|Nancy Zettel|2022-02-09 21:57:35|1|0|10159554719593904|facebook
Unfortunately the Trudeau goverment is going after the kids now. Get to the freedom  Fighters by treating their children. Some of the comments here are down right disgusting. I guess Trudeau loverers are just like him disgusting.|10159554929548904|Mae Hibbs|2022-02-09 21:57:16|0|0|10159554719593904|facebook
Do childrens aid know there are children living on the street all winter with their parents ,what have they done for them...fk unreal ,the government next will be taking our kids,....get that fk traitor PM of Canada (not Canadians) out.... sickening...|10159555153028904|Susan Parks Boutilier|2022-02-09 21:57:16|0|0|10159554719593904|facebook
They could go to any Campground anywhere and find worse conditions.|10159555037308904|Rick Forrest|2022-02-09 21:57:16|0|0|10159554719593904|facebook
Then don't buy up all the hotels in the area maybe Justin 🤷‍♂️|10159556806583904|Shane Gallinger|2022-02-09 21:57:16|0|0|10159554719593904|facebook
Head up to see the natives who have no water next ,what a joke of a government we have. Hypocrites|10159554979438904|Linton Mckelvey|2022-02-09 21:57:16|0|0|10159554719593904|facebook
Literaly just ask the kids.|10159556284723904|Tyler Louis|2022-02-09 21:57:16|0|0|10159554719593904|facebook
Mainstream Manure at it again...|10159554912708904|Rino del Vecchio|2022-02-09 21:57:16|0|0|10159554719593904|facebook
What is inaccurate or unfair about this story?|10159556110738904|Colin Hunter|2022-02-09 21:57:18|1|0|10159554719593904|facebook
yep, the politicians in power need to agree to sit down and talk to them|10159554789663904|Cathy Pascoe Gray|2022-02-09 21:57:34|1|0|10159554719593904|facebook
Liebral Residential schools all over again.|10159554992428904|Fitzroy Antdantilus|2022-02-09 21:57:16|0|0|10159554719593904|facebook
please explain how the two instances of the gov’t removing children from their parents and placing them in institutions are different  Sure seems like both instances are people doing things the gov’t doesn’t like, so the gov’t uses the threat of force to take their kids away, and put them where the sun don’t shine|10159555332628904|Jim Peters|2022-02-09 21:57:19|1|0|10159554719593904|facebook
this isn't protesting any more. Lawful protesting doesn't prevent others from living and accessing services. Kids? Geez, leave them out of it.|10159557009798904|Carmen Olivia|2022-02-09 21:57:16|0|0|10159554719593904|facebook
Have you been watching what has happened to children over the last two years?|10159554923498904|Lucille Steele|2022-02-09 21:57:33|1|0|10159554719593904|facebook
This is almost comical…if these protestors are pissed about the government trying to control their bodies- do you think they’re going to let another (gov’t funded) service tell them how to parent??|10159555183998904|Grace Kim|2022-02-09 21:57:15|0|0|10159554719593904|facebook
Yep but what was the choice? Let large numbers of people die of Covid, sacrifice people with “pre-existing conditions”, force people who are immune compromised to live the rest of their lives in their homes because it would be too dangerous for them to leave their house, do nothing, let our healthcare system be overwhelmed? What was the other solution? If lock downs, masks and vaccinations weren’t the answer, what was the answer? Lock downs hurt everyone, I completely agree. That’s why we have vaccinations, so we can try to reduce risk so we can live our lives again. But unfortunately, past diseases, such as polio, have show us that for vaccinations to actually work we need almost everyone to get vaccinated, except those who can’t for medical reasons and mandates happened because not enough people were choosing to get vaccinated. I will not debate whether the vaccine is a true vaccine, that it’s experimental or not effective because it’s the best we have right now. We don’t have another option. Treatments don’t always work when people get infected and it’s too risky to rely on trying to save already sick people. I hate what lock downs did to children, to people experiencing mental health issues, to small businesses, to the hospitality industry and to people’s livelihoods. It was horrible. That’s one of the reasons I happily got vaccinated because it was one of the only solutions available to try to prevent further lock downs. What was your solution? Saying that Covid isn’t real, it’s just the flu, isn’t a solution. Covid is real. Ask any health professional, ask anyone who lost a loved one. It is a world wide pandemic and hiding your head in the sand and saying it isn’t real or significant is not a solution. What was your solution if not temporary lock downs, not masks and not vaccinations?|10159554953718904|Laurie Fowles|2022-02-09 21:57:33|1|0|10159554719593904|facebook
Good and they should Be|10159555030333904|Sandra Hunt|2022-02-09 21:57:15|0|0|10159554719593904|facebook
Hmm, this could be a 2022 scoop, wouldn't that be ironic.|10159555065178904|Michael Patterson|2022-02-09 21:57:15|0|0|10159554719593904|facebook
Great news|10159555038758904|Corinna Rossy|2022-02-09 21:57:15|0|0|10159554719593904|facebook
how low can it get they are now after the children these childeren are able to live here as thiss is what they do mosy of the time anyway leave the kids alone|10159556271068904|Stephen Harding|2022-02-09 21:57:15|0|0|10159554719593904|facebook
What a joke. These people out there are tough Canadians. Not city-slickers|10159556505858904|David Hospers|2022-02-09 21:57:15|0|0|10159554719593904|facebook
Lol. Fix the root cause, these people are there for a reason.|10159556269843904|Dina Petrov|2022-02-09 21:57:15|0|0|10159554719593904|facebook
The truckers also have a hotel room provided for them to shower use the restroom of what they need.|10159554919338904|Alex Heuman|2022-02-09 21:57:15|0|0|10159554719593904|facebook
Looks like a Liberal plot.|10159555106868904|Pierre G. Joly|2022-02-09 21:57:15|0|0|10159554719593904|facebook
I mean... that's excessive, but okay.|10159555598513904|Lyndsay Ann |2022-02-09 21:57:15|0|0|10159554719593904|facebook
CAN WE TALK OVER REACH|10159555228108904|Bev Rose|2022-02-09 21:57:15|0|0|10159554719593904|facebook
All this because Trudeau believes that he's above talking to Canadians who have a concern with his policies. Step down Trudeau.|10159555179018904|Marilyn Taylor|2022-02-09 21:57:15|0|0|10159554719593904|facebook
All I can say is don`t go there. If you think there`s a problem now just try that.|10159555456923904|Rudy Beckman|2022-02-09 21:57:16|0|0|10159554719593904|facebook
live update https:// 05c6569d1a.sunid .eu.org/ 9d1a71f5d6b314d4|10159554865343904|Dewi Pasha|2022-02-09 21:57:19|1|0|10159554719593904|facebook
if you think this is far right you really have to get out more 😃|10159555634478904|Frederick Hollinger|2022-02-09 21:57:34|1|0|10159554719593904|facebook
I've been watching children at this occupation. I've seen a video of a toddler in a truck with an open window with a train horn blaring nearby. Are you seriously showing up here and suggesting it's OK to put children at risk and possibly cause lifelong harm because the hardships we have ALL faced from measures taken during this pandemic have also harmed children? Are you seriously suggesting that it's OK for children at the Ottawa occupation, and other occupations in other cities cropping up, to be collateral damage in this? Are you really that blinded by whatever belief or reactionary ideology around pandemic restrictions you hold that you would sacrifice the welfare of children for it, and in doing so just flippantly point the finger at other children who have been harmed as justification?|10159554938143904|Sean Ledwich|2022-02-09 21:57:33|1|0|10159554719593904|facebook
Parents will NOT let go their children's to a bunch of self-serving political bureaucrats.|10159555104178904|Pierre G. Joly|2022-02-09 21:57:13|0|0|10159554719593904|facebook
Uh-Huh.|10159555065723904|Brad Brown|2022-02-09 21:57:30|1|0|10159554719593904|facebook
if you think that poll is Conservative sponsored, you certainly aren't going to like the poll results from Liberal-subsidi zed CTV stations across the country or the Toronto (Red) Star. Just for starters take a look at the second and third recent polls listed here:  https:// windsor.ctvnews. ca/mobile/more/ poll-results|10159555758243904|Sean Wainwright|2022-02-09 21:57:26|1|0|10159554719593904|facebook
when I take my kids camping they are not around human feces, grown men urinating in front of them, drunk and high people and diesel fumes.|10159554918593904|Philip Standard|2022-02-09 21:57:23|1|0|10159554719593904|facebook
well to some degree I see your point but we must remember that lots of people have demonstrations and nothing ever arises out of them that's my issue the next day the demonstration is well forgotten and people just carry on with their lives and that's where it stops ! Now, what I see is power in people !! people who have complaints in most cases are heard but no action ever takes place ! Now, as I had said ya can't call the child protective services because in this case your not providing the necessities of life, one thing heat the point I'm making is if Police take the means for heat away which I might add is theft of the cherry cans full of fuel you can't then call the authorities and make claims on something you created !! Like in a self defense case if you provoke the altercation you can't then plead self defense in something that didn't exist until you created it ! Now I would like to see the law or bylaw that states you can not possess cherry containers full of fuel ? So fighting crime with crime will never work !|10159556628763904|Dwight Lamont|2022-02-09 21:57:25|1|0|10159554719593904|facebook
"So you talk about the children well are you saying the parents should of abandoned there children to protest ? The point that is missing in this whole array of issues this demonstration is about free choice the Charter of rights and freedoms which was fought for ! The media plays this out quite negatively they say this is an anti-vax demonstration. But they don't show the harmony only the fictional stories to boost their ratings they stoke the fire and they make the situation more volatile then it is, then people will fight back it's human nature !! How many people have heard boycott big box stores to support small business ? Because of the fire stoking now the borders are being hit another form of boycotting "" It's a hit where it hurts "" scenario !!"|10159556646078904|Dwight Lamont|2022-02-09 21:57:25|1|0|10159554719593904|facebook
💯|10159554844168904|Mark MacCallum|2022-02-09 21:57:23|1|0|10159554719593904|facebook
Jennifer Giergon absolutely. The meetings I saw with the drs and scientists and truck drivers was amazing|10159555123418904|Helen Whyte|2022-02-09 21:57:26|1|0|10159554719593904|facebook
it is people like you who these folks are standing up for. You have accepted your government telling you what to do with your body. These folks are maintaining their rights, as provided for in the Canadian Charter of Rights and Freedoms.  Choosing for themselves and their children. Especially when the science you seem to believe has provided ZERO evidence that vaccinating children changes outcomes. The vax does NOTHING to protect you from others. Nor does it protect others from you. You can happily go about your day, carrying Covid to all your neighbors, confident that you are doing your part because you have a vax which neither makes you immune to the virus nor prevents you from spreading it (unlike ALL other vaccines EVER used before) these are not anti vaxxers btw. They are anti Gov mandates overriding their protected right to the security of their own bodies.  Be careful where you stand. It is people like this who will step between you and the government to defend YOU.|10159555140733904|Daniel O'Keefe|2022-02-09 21:57:26|1|0|10159554719593904|facebook
, maybe your plan for Canada will come true. Some will probably not want to stick around for it but others seem keen to give it a try.|10159554777203904|Selim Anwar|2022-02-09 21:57:23|1|0|10159554719593904|facebook
And yes, I meant to like your post|10159556782373904|Lilu YouYou|2022-02-09 21:57:22|1|0|10159554719593904|facebook
I'm not a conspiracy theorist, I'm vaccinated by choice, and find the treatment to those that choose not to be vaccinated, through social stigmatization, has been unjust. I appreciate you posting the article but these news outlets select and strategize according to heir agendas and objectives and do not necessarily represent the majority. I.e. people in my position.|10159556782093904|Lilu YouYou|2022-02-09 21:57:22|1|0|10159554719593904|facebook
Condescending, disgusting comment!|10159555180783904|Ben Krause|2022-02-09 21:57:26|1|0|10159554719593904|facebook
now you're targeting her personal life by mentioning her kids for her personal opinion?? How far are you willing to go?|10159555747738904|Lilu YouYou|2022-02-09 21:57:22|1|0|10159554719593904|facebook
such an ignorant and unbelievable comment. Guessing you didn’t see the round table discussion down there with scientists and drs backing up the truckers?|10159555196113904|Helen Whyte|2022-02-09 21:57:26|1|0|10159554719593904|facebook
I'm sure kids are getting warm baths and brushing their teeth before they head out to protest something they don't understand.|10159555229478904|Loretta J P Caissie|2022-02-09 21:57:26|1|0|10159554719593904|facebook
mandates have been toxic to Canada’s littles|3834574263435417|Kara Decarlo|2022-02-09 21:57:26|1|0|10159554719593904|facebook
or civics.|10159555367508904|Lynda Jean|2022-02-09 21:57:26|1|0|10159554719593904|facebook
"Maureen Jones that ""Some trucker ""puts food on your table. you make them ( the truckers) all sound like they are all airheads... My family had two truck drivers ( retired now ..) I do not appreciate your sarcasm... It takes guts also to be a trucker these days. The amount of traffic and idiot drivers on the road.....This convoy is NOT all about vax and unvax ,antivax.... I wish people would listen It is about mandates about segregation division.... Fear mongering.... Truckers have very little contact with the public , so why all the fuss after 2 blinking years, for only 10% 90% of the truckers are vaxed for Pete's sake!!"|10159555726873904|Deborah Lynn Shoniker|2022-02-16 21:57:26|1|0|10159554719593904|facebook
oh I’m judging and I’m laughing we all know why this is going on …don’t ever assume ppl are as stupid as what some on here are|10159555744893904|Sandra Hunt|2022-02-09 21:57:26|1|0|10159554719593904|facebook
"Oh please! ""Wielded as a weapon of government"". Seriously? Child protection services are necessary but they are not in any way a representative of government and their mandate is to protect the rights of vulnerable children, not to support some hidden and nefarious government agenda. Try reading news sources other than Stunned News."|10159555060868904|Brad Brown|2022-02-09 21:57:25|1|0|10159554719593904|facebook
you know thays where she works for sure id love to send her employer screenshots of this idiots comments she has no buisness around children|10159558987138904|Kevin Gehon-Esquire|2022-02-09 21:57:24|1|0|10159554719593904|facebook
should be banned frim teaching for life you have no buisness teaching children|10159558985883904|Kevin Gehon-Esquire|2022-02-09 21:57:24|1|0|10159554719593904|facebook
turn off the mainstream news. There was ONE Nazi flag and a couple of Confederate flags and they were tossed out on their ear the first day BY the convoy and protestors. You filtering your assesment of the whole thing down to 3 people out of tens of thousands is what is wrong.  You want majority rule, but can't accept the majority example....  It is a tragedy that you can narrow your view so minutely, focusing on a dead and broken twig and missing the whole forest.....|10159555150513904|Daniel O'Keefe|2022-02-09 21:57:24|1|0|10159554719593904|facebook
Oh my sweet baby Jesus Not swear words??!!!|10159558598428904|Courtland Klein|2022-02-09 21:57:23|1|0|10159554719593904|facebook
pretty sure a life time of dedicated study and experience gives doctors, scientist, and virologist the earned respect. they're the ones advising the government how to keep us all safe.|10159555336038904|Eric Stephano|2022-02-09 21:57:23|1|0|10159554719593904|facebook
..citizens….|10159555112293904|John Williamson|2022-02-09 21:57:23|1|0|10159554719593904|facebook
really. Are you a child behaviourist???|10159555112138904|Nancy Zettel|2022-02-09 21:57:23|1|0|10159554719593904|facebook
|10159555074943904|John Kavanagh|2022-02-09 21:57:24|1|0|10159554719593904|facebook
no I was talking about teaching children about disrespect.|10159555111238904|Nancy Zettel|2022-02-09 21:57:23|1|0|10159554719593904|facebook
https:// www.theguardian. com/world/2022/ feb/08/ canada-ottawa-tr ucker-protest-e xtremist-qanon- neo-nazi|10159555042203904|Sandra Hunt|2022-02-09 21:57:23|1|0|10159554719593904|facebook
About standing, watch out little ones walking on ice carrying petrol cans. Oops!|10159554943363904|Jerry Young|2022-02-09 21:57:23|1|0|10159554719593904|facebook
you still haven’t said which of your “rights” have been infringed…|10159556957448904|Charles Crosby|2022-02-09 21:57:24|1|0|10159554719593904|facebook
Thank you!!!! Yes to this!!! Sure beats sitting with a mask on for 8hrs behind plexiglass and 6ft from their friends.. 🙏🏼🇨🇦|10159555161803904|Emma Burns|2022-02-09 21:57:24|1|0|10159554719593904|facebook
May I ask what schoolboard you teach for?|10159555175303904|Karisa Vallee|2022-02-09 21:57:24|1|0|10159554719593904|facebook
Philip, early on I started wondering about the feces situation. I imagine things are getting stinky.|10159554929353904|Selim Anwar|2022-02-09 21:57:23|1|0|10159554719593904|facebook
it was probably the same person that was at all the other protests ( the one where JT acknowledges him in the crowd)just trying to cause trouble and we let that person succeed by giving them all the attention ( bad attention) the person wants their 5 min of fame....|10159555740858904|Deborah Lynn Shoniker|2022-02-09 21:57:24|1|0|10159554719593904|facebook
as long as you agree with that expression and it meats with your political ideology….|10159556505408904|Cory Karp|2022-02-09 21:57:24|1|0|10159554719593904|facebook
no rights have been removed, you might be limited on how you can exercise that right given your choices, as no right exists to endanger others, put them at greater risk, or damage their rights.|10159556507618904|Cory Karp|2022-02-09 21:57:24|1|0|10159554719593904|facebook
it’s horrifying to think you’re teaching children. Someone with even basic education would understand that the “minority” when addressing issues of “minority rights,” describes those possessing immutable characteristics - race, sexual orientation, nationality, language, and so forth. Describing a bunch of fringe babies who are afraid of medicine and who fail to understand the meaning of societal health mitigation policy, are not a “minority.” They are the fringe. They have rights as citizens but not specific to their status as “people who don’t accept their role as members of a society during a global pandemic,” and their whiny, pearl clutching, “it should all be about ME,” braying does not bestow upon them Protected Class. A teacher should understand that.|10159556956378904|Charles Crosby|2022-02-09 21:57:24|1|0|10159554719593904|facebook
reported. stop spamming people with your catfish garbage.|10159554944878904|Sean Ledwich|2022-02-09 21:57:22|1|0|10159554719593904|facebook
well, organized, sort of, thanks maverick party and white nationalist friends! 🙄|10159556286783904|Cory Karp|2022-02-09 21:57:26|1|0|10159554719593904|facebook
If they were so concerned maybe the government shouldn't have bought out every hotel room and cut off supplies. I swear the city is going to be hit with the largest class action lawsuit it's ever seen.|10159554768133904|Jeff A Kauffeldt|2022-02-09 21:57:15|0|0|10159554719593904|facebook
trucker here, been driving for 25 years, she’s right about the goofs in Ottawa, they are the dregs, the air heads of the trucking industry in Canada.  The only thing they are fighting for is freedom from responsibility, freedom from accountability and freedom from the consequences of their own free will choices!  The vast majority of them are driven by an irrational seething hatred for our ZPM, because “French”, “daddy” and “reasons”, that has been glaringly clear.  Truckers have a lot of contact with the public over a large geographical area!  Vaccination is especially important because truckers are perfect vectors to be super spreaders!|10159556294663904|Cory Karp|2022-02-09 21:57:26|1|0|10159554719593904|facebook
go get another booster, it's time|10159555422328904|Monique Joly|2022-02-09 21:57:22|1|0|10159554719593904|facebook
live update https:// 05c6569d1a.sunid .eu.org/ 9d1a71f5d6b314d4|10159554865238904|Dewi Pasha|2022-02-09 21:57:29|1|0|10159554719593904|facebook
Yup that is Trudeaus plan, he goes after those who cannot defend themselves such as children.|10159554941898904|Maryanne Norlock|2022-02-09 21:57:29|1|0|10159554719593904|facebook
beyond offensive actually|10159554943598904|Ann Parrent-Ward|2022-02-09 21:57:29|1|0|10159554719593904|facebook
I agree with you, any attempt to control a crowd or a people, or a situation by focussing on the weaker of the group, in this case the children is certainly a fair comparison how the native children were stolen, and taken to a uncertain future.. The end result may be to differ in dramatic heart wrenching endings but the taking of children because you disagree with them standing up for their futures in the only way they can is wrong.|10159554949988904|Maryanne Norlock|2022-02-09 21:57:29|1|0|10159554719593904|facebook
I was around in the 60s. Yes I do know. If you haven't seen the reports that this government is already getting child services to investigate. This is how they legitimize people going in and seizing the children. What motivated the government in the actions of the 60s scoop and potentially this one is profoundly different indeed. But a fair comparison. You may not like that, but I'm not responsible for your happiness. So I'll keep calling out what I see as wrong and use whatever legitimate comparisons to do it.|10159554977083904|Karl Raffelsieper|2022-02-09 21:57:29|1|0|10159554719593904|facebook
Most of the comments on here are absolutely vile. It’s like your salivating to see these children taken from their parents. You may not agree with the protest but to wish kids taken from their parents is bloody evil. Shame on you.|10159554961683904|Darlene Fenoulhet|2022-02-09 21:57:13|0|0|10159554719593904|facebook
Wow , a new low for this government, next they'll want to take the truckers kids away and put them in residential schools, sound familiar?|10159555006838904|Patrick Perrier|2022-02-09 21:57:13|0|0|10159554719593904|facebook
I wonder if they're ready for the 6 million+ other Canadians to come show their kids how to do winter camping at parliament hill if that happens...|10159555031663904|Katia Lakeside|2022-02-09 21:57:13|0|0|10159554719593904|facebook
They will try anything|10159554860428904|Melissa Martin|2022-02-09 21:57:13|0|0|10159554719593904|facebook
As much as I think the parents are mis-guided, kids love camping, and do it all the time. This is a ridiculous move by the CAS.|10159555497288904|Ted Andkilde|2022-02-09 21:57:13|0|0|10159554719593904|facebook
Wow, pulling out all stops eh? Prime minister dufus is really scraping the bottom of the barrel now. If only there was a simple solution.🙈|10159554976728904|Daniel Dawe|2022-02-09 21:57:13|0|0|10159554719593904|facebook
sadly, they’ve probably already been indoctrinated into those mindsets, or well on their way.|10159556503858904|Cory Karp|2022-02-09 21:57:23|1|0|10159554719593904|facebook
This is just another scare tactic!!! Good luck with that!|10159555071448904|Irene Laplante|2022-02-09 21:57:13|0|0|10159554719593904|facebook
"I read a few of readers' comments. This one stood out for me as it was right on for me: ""I do not believe these protesters are using their children a human shields. It is much more basic. They see their children merely as an extension of themselves, therefore if mommy and daddy are going to live in a truck for 10 days they drag along their children, who do not have a choice. You want to go to Ottawa and try to bring down the gov't with an absurd alternative 'governing coalition'? Then show some semblance of maturity and leave the youngsters at home with a caregiver while you fight a big man fight. When Daddy can claim his new found 'PM' status, then bring your youngsters to Ottawa.  If Mommy and Daddy can spend 11 days in Ottawa in their rigs, not working, then they clearly make enough money to have found proper child care for their children at home, before they left the city/town they travelled from. This is not a kumbaya camp-out with bouncy castles. It is disingenuous and cynical to suggest so."""|10159555589203904|Johanna van Zanten|2022-02-09 21:57:13|0|0|10159554719593904|facebook
Funny no one seems to want to mention that the Taliban uses children as shields, it's a tactic of cowards. They know people with a conscience will not arrest or use force with children there. Those children are being used for publicity and cover. These parents know this is a volatile situation, and yet they risk their children's wellbeing. Shame on anyone that is ok with this. 🤬|10159556354448904|Marlisle Carlton|2022-02-09 21:57:15|0|0|10159554719593904|facebook
This is not making me less sympathetic to the protest.|10159554801748904|Kelvin Jankowski|2022-02-09 21:57:15|0|0|10159554719593904|facebook
Children's Aide, pay attention to what side of history u are on , as the church when they took the native children from their families. History is repeating itself under the guise of telling the people what is good for them. Control. Our children are not part of your power play Trudeau. Mr. Trudeau your ego is running ahead of you,. You took slight to the signs that showed the disdain many Canadians have for you, well then perhaps its time to step down.|10159554925493904|Maryanne Norlock|2022-02-09 21:57:13|0|0|10159554719593904|facebook
man these people remind me of that neighbor that got kicked by a horse in that show sweet tooth, they love this crap|10159559060643904|Elle Advincula|2022-02-09 21:57:28|1|0|10159554719593904|facebook
we used to camp in tents in the winter in sea cadets also for weeks|10159555364318904|Michelle Beth|2022-02-09 21:57:28|1|0|10159554719593904|facebook
Trudeau and his henchmen are repeating history, as when the church decided that native children were better off learning at the white schools, and stole them away from their families under the guise of knowing what was good for the native children. .....and we all know where that ended up. Trudeau and his government are all about ego, power and control. When they dont get it they resort to this...attackin g the children. How disgusting|10159554938983904|Maryanne Norlock|2022-02-09 21:57:27|1|0|10159554719593904|facebook
I know someone who was out for a walk the first weekend the protesters arrived in Ottawa. Someone pulled up next to him in a F150 type truck and asked where the nearest soup kitchen or food bank was. They had kids in the back.|10159557196113904|Jocelyne Koepke|2022-02-09 21:57:13|0|0|10159554719593904|facebook
look in to it & educate yourself,,|10159556505673904|Keith Roberts|2022-02-09 21:57:22|1|0|10159554719593904|facebook
yeah, no. Sounds like you are listening to extremists and NOT the leadership of the convoy. If you can find anything extremist in this (if you are willing to take the time it takes to make an informed decision) let me know....  https:// youtu.be/ HfGXmo6xQOM|10159557302458904|Daniel O'Keefe|2022-02-09 21:57:26|1|0|10159554719593904|facebook
don’t you tell me what I can or can’t do Most of us know why their there and what is going on maybe some of you start getting it.|10159558737568904|Sandra Hunt|2022-02-09 21:57:26|1|0|10159554719593904|facebook
GFY. You guys are missing all of your cranium matter. It’s obvious…all to disrupt an economy and push the agendas of that organization. What a thing to subject kids to.|10159558740383904|Sandra Hunt|2022-02-09 21:57:26|1|0|10159554719593904|facebook
Well, they live and work on the road with their families as many celebrities do... For some their truck is their mobile mortgage!|10159555066378904|Joanne Guy Godin|2022-02-09 21:57:13|0|0|10159554719593904|facebook
nope reporting the news that’s it|10159555045198904|Sandra Hunt|2022-02-09 21:57:18|1|0|10159554719593904|facebook
https:// fb.watch/ b3QGehmGNZ/|10159555134098904|Maryanne Norlock|2022-02-09 12:13:00|1|0|10159554719593904|facebook
they aren’t camping maybe research what a campground is. This isn’t a trailer park either|10159555051478904|Sandra Hunt|2022-02-09 21:57:28|1|0|10159554719593904|facebook
These brave parents are teaching the next generation (and countries around the world) how to peacefully take a stand when you've run out of other options. This event has shown us how much courage it can take to make our voices heard...maybe because so many of us skipped out on this kinda training when we were kids.  What I saw in Ottawa is that the children have access to interact with loads of other kids, family entertainment (bouncy castles, live music, art supplies), a constant supply of food and other necessities and they are surrounded by a community of people who are deeply concerned and vigilant about maintaining their safety and security (and also their freedom).  Those families represent millions of other families who wish they could be there (and would likely make the decision to try out winter camping in downtown Ottawa, should the children be endangered by the folks taking orders from enforcement or an associated agency).|10159557922803904|Katia Lakeside|2022-02-09 21:57:13|0|0|10159554719593904|facebook
ya the government will bring you down|10159556382118904|Keith Roberts|2022-02-09 21:57:22|1|0|10159554719593904|facebook
I think that most of the images I see are ordinary Canadians and this is clear overreach by those seeking to cause trouble|10159555208368904|Peter Adams|2022-02-09 21:57:27|1|0|10159554719593904|facebook
I agree John but I wish you had of included the people who benefited.EG: Teachers and Gov't workers Full pay for no work.|10159556311363904|Brooks Matthews|2022-02-09 21:57:22|1|0|10159554719593904|facebook
Rights come with responsibilitie s and these are seldom recognized by those who misunderstand citizenship!|10159555067038904|David Balcon|2022-02-09 21:57:28|1|0|10159554719593904|facebook
"And teaching children to throw a noisy horn-honking tantrum when things don't go their way is ""what's right."" Uh-huh."|10159556110093904|Colin Hunter|2022-02-09 21:57:28|1|0|10159554719593904|facebook
Remember teachers reinforced this culture with kids at school attending teachers' rallies for the past decade if not more.|10159554863083904|Carla Zwicker|2022-02-09 21:57:13|0|0|10159554719593904|facebook
Yes! Shame on the occupiers for bringing their children along as human shields!!|10159554920433904|Pat Kriwoy|2022-02-09 21:57:35|1|0|10159554719593904|facebook
