﻿comment|comment_ids|username|datetime|isreply|num_replies|post_id|label
who said I was a Trudeau supporter dingbat, this mayhem is not what the people of Ottawa should have to go through, it’s one thing to protest but this is now an occupation and illegal. What about their freedom not able to feel safe where they live or go to work and open their businesses. And yelling freedom, freedom, omg lol you bunch of Neanderthals crack me up aimlessly wondering around yelling freedom freedom. Omg seen one women wondering around with a pigeon on her head 😂|10159572013873904|Tracy D'Amour|2022-02-16 23:19:25|1|4|10159571710628904|facebook
is the woman in rainbow attire with a bird on her head part of the freedom trucker convoy? baffling|10159571919898904|Lorraine Thomas|2022-02-16 23:19:22|0|3|10159571710628904|facebook
Diane Hackman Yes your right ; I have become to realize that this past while. At least in the US, the citizens have a choice. I find out more from their news than ours.|10159571985728904|Lorrenda Lorri|2022-02-16 23:19:25|1|3|10159571710628904|facebook
there is only yours . so did you see the horse brigade clip ?|10159572012078904|Peter Mesi|2022-02-16 23:19:28|1|2|10159571710628904|facebook
these people had 3 weeks to express their views and go home. They stayed because they wanted to give an ultimatum.  Truckers already have distanced themselves from this.  38 million Canadians all have an equal voice and voice our concerns in elections.  All Canadians deserve respect if they follow the law and respect other Canadian. 3 weeks of shitting on the streets, honking horns, and creating chaos is not respectful of other Canadians. You reap what you sow.|10159572132448904|Alice Tu|2022-02-16 23:19:30|1|2|10159571710628904|facebook
Good. I hope these charges stick! They caused a lot of mayhem especially to the citizens of Ottawa. I wouldn’t wish this on any city or town!|10159571836753904|Tracy D'Amour|2022-02-16 23:19:22|0|2|10159571710628904|facebook
Don’t bother Justin she’s just an awful human being.. she supports a racist Prime Minister who’s done black face on multiple occasions she supports a Prime Minister who has caused more damage to Canada than any other Prime Minister in the last 50 years…|10159571996353904|Rolf Lemmor|2022-02-16 23:19:25|1|2|10159571710628904|facebook
and here you are #NEVERCON|10159571854293904|Bonnie Cull|2022-02-16 23:19:26|1|2|10159571710628904|facebook
Love it when stupid people actually show how stupid they are!!!|10159571853538904|Jim Wright|2022-02-16 23:19:26|1|2|10159571710628904|facebook
This should have never come to this. Trudeau’s insulting dismissiveness of the truckers began well before they reached Ottawa. We need a Prime Minister that treats all Canadians with respect.|10159572001548904|Brad Peterson|2022-02-16 23:19:22|0|2|10159571710628904|facebook
Vote of non confidence is with out question legal Alice and can remove him from his dictatorship|10159572320833904|Cary Mackenzie|2022-02-16 23:19:30|1|2|10159571710628904|facebook
hope you feel the same when the communist come for you and they will come, if trudope has his say. I pray for you|10159572318498904|Gale Roossien|2022-02-16 23:19:31|1|1|10159571710628904|facebook
you should probably consult a lawyer on that cause you’re way off the mark.|10159572314983904|Alice Tu|2022-02-16 23:19:30|1|1|10159571710628904|facebook
"Kurt, I agree. I have watched several videos and the people who got caught up by these horses did not make any attempt to get out of their way even though several protesters were chanting ""here come the horses"". Watching protesters close to the trucks that are leaving was a bit scary too.....too many close to the trucks as they are turning corners on their way out of the city. Police were having a heck of a time holding them back to what could be considered a safe distance. If they keep this up it is just a matter of time before one of these big rigs runs over someone that has slipped and fallen on the snow/ice. It is no wonder the police asked protesters to take their children away from these protests. Frankly most of them look drunk on their own perceived ""glorious moments"". That's when people get hurt by their own stupidity."|10159571909038904|Pat Kniginyzky|2022-02-16 23:19:28|1|1|10159571710628904|facebook
well .. our lakes have the bluest freshwater no acid rain less pollution … 😁|10159572076303904|Rolf Lemmor|2022-02-16 23:19:25|1|1|10159571710628904|facebook
Freeze their cash, seize their assets and jail their assess|10159572166573904|Gordon Earle|2022-02-16 23:19:22|0|1|10159571710628904|facebook
A sad day for your country. 😢|10159571787428904|Anna Lenzi|2022-02-16 23:19:22|0|1|10159571710628904|facebook
Actually if an elected official commits a crime or breach of trust. You know like the Section 2 or The Charter Of Rights an Freedoms being breached right now.|10159572295668904|Cary Mackenzie|2022-02-16 23:19:30|1|1|10159571710628904|facebook
that’s why it’s a minority government that needs the support of one other party.  Also didn’t realize you know what all Canadians think.  The reason we have elected officials and not referendums on every decision is because it takes a lot of time and understanding to look at complex situations and not all citizens will have that time to look at all factors and hear all citizens.  Our government needs to weigh all considerations and debate them in the house and come to decisions that best fits society on the whole, even if some people don’t agree.  It’s not his way or you’re a terrorist but if you use terrorizing people through intimidation, unlawful behaviour, blocking roads and nuisance to try to push agendas like forcing a democratically elected official to resign then you’re actually a terrorist.  There’s only one way to lawfully change government in Canada and that’s through elections. If you try to do it by occupation then yeah it’s terrorism.|10159572286223904|Alice Tu|2022-02-16 23:19:30|1|1|10159571710628904|facebook
no way Jose …|10159572048188904|Rolf Lemmor|2022-02-16 23:19:25|1|1|10159571710628904|facebook
Best day ever 😍🤩🥰😘 #LOCKTHEMUP|10159571794028904|Bonnie Cull|2022-02-16 23:19:26|1|1|10159571710628904|facebook
except 67% of the population didn't vote for him. He doesn't care what the people think. It's his way or your a terrorist, racist bigot.|10159572253888904|Cary Mackenzie|2022-02-16 23:19:30|1|1|10159571710628904|facebook
I believe in a minority government to keep everyone in check and if you believe in “freedom” as protesters say they do, you should respect that all Canadians have a right to vote for who they wish.|10159572192958904|Alice Tu|2022-02-16 23:19:30|1|1|10159571710628904|facebook
the belligerent mob needed to go, the vast majority of Canadians do not support them.|10159572679153904|Cheryl Lorraine|2022-02-16 23:19:26|1|1|10159571710628904|facebook
“These people”? You sound like a Trudeau groupie.|10159572187698904|Diana Akyurek|2022-02-16 23:19:30|1|1|10159571710628904|facebook
there's no comparison sorry to break it to you lol hard to compete with these great lakes and rediculous amounts of little lakes 🤣|10159572051033904|Justin Shovin|2022-02-16 23:19:25|1|1|10159571710628904|facebook
I have no doubt especially when she tries to paint the last 3 weeks like that|10159572014078904|Justin Shovin|2022-02-16 23:19:25|1|1|10159571710628904|facebook
no they aren't lol that's one of the few things Alberta looses on is fishing|10159572046443904|Justin Shovin|2022-02-16 23:19:25|1|1|10159571710628904|facebook
Ps …come visit Alberta the fish are bigger 😁|10159572043878904|Rolf Lemmor|2022-02-16 23:19:25|1|1|10159571710628904|facebook
you must have missed the comments above|10159571986758904|Kurt Ruetters|2022-02-16 23:19:28|1|1|10159571710628904|facebook
LOCK THEM UP!|10159571747378904|Dan George|2022-02-16 23:19:22|0|1|10159571710628904|facebook
you must have missed the horse brigade ?|10159571966498904|Peter Mesi|2022-02-16 23:19:28|1|1|10159571710628904|facebook
I think that the people responsible should be arrested and charged. Those who break the law should be arrested and charged, regardless of “ideology”.|10159571930883904|Laurie Fowles|2022-02-16 23:19:25|1|1|10159571710628904|facebook
"That's not the question I asked. The question I asked was what should be done about the ideology that fuels it?  You will arrest these 20 axe wielding maniacal protestors and 20 more will be created because of the left wing ideology.  Every day in our schools more minds capable of that type of protest are being created. This ideology invented ""micro aggression"" which is where they pretend words are equivalent to violence and therefore can be retaliated with violence. It's terrorist."|10159571939948904|Lukasz Suckiel|2022-02-16 23:19:25|1|1|10159571710628904|facebook
You don’t have all the information. This did not happen because of “left wing” ideology. Look up who they think did this. It was not environmentalis ts or left wing groups and not an ideology. I do not have an answer for how to deal with the issues behind this attack in BC because the issues are extremely complex and span generations. Other than arresting those responsible because the attack was violent and illegal I don’t know what can be done at this point. There are many very sad, unsolvable issues in our country but breaking the law and violence are never the right answer from my perspective.|10159571948428904|Laurie Fowles|2022-02-16 23:19:25|1|1|10159571710628904|facebook
You're lying to me and yourself.  My last reply explains exactly what's happening and who the culprit is.  According to a new Manu poll only 16% of people would vote for Trudeau and his Liberal/NDP/ Green agenda again. Everyone now knows those 3 parties are working together in Parliament to override the people they're supposed to serve.  Are you part of that 16%?|10159571952608904|Lukasz Suckiel|2022-02-16 23:19:25|1|1|10159571710628904|facebook
No, I don’t see indigenous activity as “left wing” and that is what happened in BC. I have a family member who works in that camp. It was not environmentalis ts.|10159571954723904|Laurie Fowles|2022-02-16 23:19:25|1|1|10159571710628904|facebook
there was no mayhem there is literally the opposite of mayhem you should just be happy it's not a leftist cause in Ottawa because it would be destroyed instead it was CLEANED|10159571955843904|Justin Shovin|2022-02-16 23:19:25|1|1|10159571710628904|facebook
"Yeah sure you do. Just forget it. I'm sick of fake ""liberals"" poisoning the minds of good people. It's created more violence than I have ever witnessed in my lifetime.  I am going to keep waking up people to the actual ideology that's causing the division and creating the radicals in our society."|10159571957158904|Lukasz Suckiel|2022-02-16 23:19:25|1|1|10159571710628904|facebook
indeed even on the live coverage you can see police helping clean up and console a protestor who was pepper sprayed and arrested|10159571912188904|Kurt Ruetters|2022-02-16 23:19:28|1|1|10159571710628904|facebook
you can’t appeal to liberal leftist Looneys … she would rather stand with a guy like Justin Trudeau who’s a real racist who belittled people of colour with his black face incident on multiple occasions then support people who want freedom of choice…|10159571986103904|Rolf Lemmor|2022-02-16 23:19:25|1|1|10159571710628904|facebook
go pound sand toddler Neanderthals|10159571992028904|Tracy D'Amour|2022-02-16 23:19:25|1|1|10159571710628904|facebook
love you Gordon.|10159572440523904|Gale Roossien|2022-02-16 23:19:31|1|1|10159571710628904|facebook
Thank you for proving that the so-called protesters are a bunch of crazy conspiracy theorists, anarchists and far-right extremists of low intelligence and little education aiming to over-throw the elected government and replace it with an illegimate government. However, it was unnecessary because there was already so much proof before you added more.|10159572435553904|Gordon Earle|2022-02-16 23:19:31|1|1|10159571710628904|facebook
likewise, the federal government had three weeks to open dialogue. Trudeau is the only politician globally, that imposes things like mandates and never talks about their eventual end. When you impose on the rights of Canadians, it is important to reflect that this is not permanent. Until now, Trudeau has benefited from this pandemic, gaining political advantage by squandering the financial resources of future generations. He wants it to continue, it’s all about power for him. Just look at the growing dissent inside the Liberal Party. He’s desperately trying to hold onto power now.|10159572156293904|Brad Peterson|2022-02-16 23:19:30|1|1|10159571710628904|facebook
Godspeed and safety to Ottawa police.|10159571809018904|Joanne Ryan|2022-02-16 23:19:22|0|1|10159571710628904|facebook
yup...this one truly hates Canadians, he's nothing but an arrogant POS|10159572039578904|Cathy Harris|2022-02-16 23:19:30|1|0|10159571710628904|facebook
I guess when you can't defend your position any other way you turn to agression.|10159572032593904|Eddie Davidson|2022-02-16 23:19:22|0|0|10159571710628904|facebook
Thank you for standing against this toxic dictator government who’s so hateful and divisive it’s an embarrassment to Canada. Who uses force instead of lead and who must be defeated in the next election or have a non confidence vote asap!!!|10159571786633904|Rita Cugini-Giacomelli|2022-02-16 23:19:22|0|0|10159571710628904|facebook
1. You don’t discuss mandates with protesters, you discuss them with public health professionals which he did. And you debate them in the house, which we did. People forget that at the start of the pandemic all parties were unified.  Not to mention most mandates are provincial. Nothing to do with Trudeau and many provinces exercised different mandates with different results.  You don’t debate public health with protesters because:  1. No clear leader, they say they speak for truckers but the truckers association said they don’t.  2. No clear demands. Some said no vaccine mandate for truckers, some said no mandates period (that would be provincial), some said PM resign. That would be undemocratic to disrespect the vote because 10k people wanted it. Some said get rid of the government health app, that was a voluntary app.  3. You don’t override the voice of 38 million people with whoever shows up in Ottawa with a truck honking. Even if 19 million and 1 person showed up, it would still be an undemocratic process. We vote for representatives and they represent us.  As for Trudeau and power.  1. All politicians are trying to maintain power. Trudeau is no different than any other politician in that regard.  2. He has a minority government which means that power is already checked by both his party and his need to get the support of another party to pass anything in the house.  In that regard, this has been a far more controlled government than most governments in history.  You’re making wild accusations based on a feeling while ignoring facts.|10159572191153904|Alice Tu|2022-02-16 23:19:30|1|0|10159571710628904|facebook
yep and if the conservatives really supported the protesters then they would have tried to ally with the other parties to do that but really they won’t because they know that if they support a less than 10k people protest, in a population of 38 million changing a government then it can happen to them.  These protesters have been played for fools. Organizers telling them what they were doing was lawful when anyone not drinking the kool aid could see it wasn’t. The organizers collected $20 million while protesters slept on the streets in the cold. Conservatives saying they support the cause while doing nothing to further it.  I feel sorry for them, they were told they were special when really all Canadians get an equal voice. And now they’ll have their trucks confiscated, bank accounts frozen, and arrest records because they couldn’t see the truth.|10159572326098904|Alice Tu|2022-02-16 23:19:30|1|0|10159571710628904|facebook
He’s actually the racist bigot. Blackface wearing anti semite.|10159573717303904|Brad Peterson|2022-02-23 23:19:30|1|0|10159571710628904|facebook
Time get back ottawa ottawa back city|10159571895613904|Massia A Tracy|2022-02-16 23:19:22|0|0|10159571710628904|facebook
- Look at the crazy conspiracy theorists with their tinfoil hats ... and the organizers/ leaders who conspired to kill police and overthrow government as evidenced by the high calibre rifles, hand guns, ammunition, knives, machettes, body armour, maltia insigna and communications intercepted ... undemocratic, deplorable and dispictable acts of insurrection and sedition - and they are also cowards who brought their children to act as human shileds while the parents hid behind their own children as police advanced on them https:// www.theglobeandm ail.com/ politics/ article-police-a dvance-on-main- demonstration-o n-parliament-hi ll-in-ottawa/|10159572457068904|Gordon Earle|2022-02-16 23:19:31|1|0|10159571710628904|facebook
The occupation has been broken/ crushed and dismantled|10159572369898904|James Milne|2022-02-16 23:19:22|0|0|10159571710628904|facebook
How have they not swept them away already. They should get rid of them all in time for Family Day|10159573467198904|Aziza Mamoru|2022-02-23 23:19:22|0|0|10159571710628904|facebook
Hell yeah|10159571754543904|Bonnie Cull|2022-02-16 23:19:33|1|0|10159571710628904|facebook
karma Grandpa.|10159571759028904|Gary Desjardins|2022-02-16 23:19:33|1|0|10159571710628904|facebook
I heard protesters proclaim they were prepared to die for their freedoms, in the end, fortunately for all involved they weren’t.|10159572533658904|Carsten Sorensen|2022-02-16 23:19:22|0|0|10159571710628904|facebook
like duck dynasty types quote the charter but don’t read any of the associated fine details?|10159572195698904|Edmond Engelbrecht|2022-02-16 23:19:26|1|0|10159571710628904|facebook
Some POS threw a bicycle at a horse further and caused the horse to trip.|10159572078663904|Alex Buchanan|2022-02-16 23:19:28|1|0|10159571710628904|facebook
you need to watch it again from multiple angles to see that the person was not stepped on by the horse and thus not trampled?  The police moved the horses to that area after protestors got aggressive towards police that were there on foot yesterday.|10159572074843904|Kurt Ruetters|2022-02-16 23:19:28|1|0|10159571710628904|facebook
Rita Cugini-Giacomel li do you know the key characteristics of a dictatorship and can you please explain to me how anything in Canada is a dictatorship given we have a minority government?  I'm intrigued and I'm sure plenty of poli-sci professors would be too|10159571914688904|Kurt Ruetters|2022-02-16 23:19:23|1|0|10159571710628904|facebook
I, too, was curious as to her role.|10159572042918904|Kate Plant|2022-02-16 23:19:24|1|0|10159571710628904|facebook
Canada's very own QAnon Shaman, female version?|10159572079988904|Kay Em Jay|2022-02-16 23:19:24|1|0|10159571710628904|facebook
All hail the Rainbow Pigeon Lady|10159572370943904|Richard Evans|2022-02-16 23:19:24|1|0|10159571710628904|facebook
Man, I am proud of you. Keep telling it like it is. Never mind how they want to see it or interpret it. But you are a young man and you can only work down effective to change the minds of younger people. These PeopleKind are lost and you can’t change the slower thought process. Work to toward the future not the passed….|10159571911758904|Keith LaRiviere|2022-02-16 23:19:25|1|0|10159571710628904|facebook
whatever you say you Marxist communist Trudeau Lover, As you’re a black face racist supporter how can any person of integrity stand with a Prime Minister who has belittled people of colour not to mention the scandals that he has caused and damage certain charities or organizations .. birds of a feather will flock together !!|10159571970628904|Rolf Lemmor|2022-02-16 23:19:25|1|0|10159571710628904|facebook
You’re an awful being of some type…|10159571993918904|Rolf Lemmor|2022-02-16 23:19:25|1|0|10159571710628904|facebook
lol..I'll let you know when I need a bunch rednecks to defend my freedumbs. 😂|10159571999348904|Kay Em Jay|2022-02-16 23:19:25|1|0|10159571710628904|facebook
. You should read the letters to the editor on the Ottawa Sun, if you want to know what the citizens of Ottawa really think, instead expressing your hate like Trudeau and a lot of mainstream media does. They have way more support than you think, especially in your province|10159572071368904|Michael W Wilde|2022-02-16 23:19:25|1|0|10159571710628904|facebook
"that's not true either you get some nasty toxic algea growth lol ""I lived there a few years "" great lakes are actually really clean now we'll atleast compared to the 80s lol"|10159572090573904|Justin Shovin|2022-02-16 23:19:25|1|0|10159571710628904|facebook
You actually have no idea how I vote. Look up what happened at the camp in BC and I do have a family member who was unable to work because of the attack. All I said is violence isn’t the answer to any problem. I’m not sure how that qualifies me as “fake liberal”, whatever that means.|10159572114468904|Laurie Fowles|2022-02-16 23:19:25|1|0|10159571710628904|facebook
yeah tell us how exactly the peaceful protest by the Truckers ruined your life? So you had some ol your downtown blocked off and horns honking - big deal!!! How about the mayhem of millions made unemployed by Trudeau's ill conceived ineffective measures?|10159572221593904|Richard Prychitko|2022-02-16 23:19:25|1|0|10159571710628904|facebook
Trudeau had no problem wishing it on India via the farmers protest a few yrs ago|10159572222678904|Richard Prychitko|2022-02-16 23:19:25|1|0|10159571710628904|facebook
- what an inane comment. These idiots do not understand that with rights come responsibilitie s. They are doing absolutely nothing for me except make me question how our education system failed them.|10159572409733904|Marilyn Wood|2022-02-16 23:19:25|1|0|10159571710628904|facebook
your name calling as an answer shows you are either Liberal orNDP, why is it your type always resorts to name calling, wishing I’ll will on those that don’t have the same mentality as you?|10159573395178904|Carol Gammel|2022-02-23 23:19:25|1|0|10159571710628904|facebook
You’re generation sucked all the wealth and freedom from everyone else shame on you.|10159576508538904|Jason Noble|2022-02-23 23:19:25|1|0|10159571710628904|facebook
you really need to lay off the kool-aid sunshine|10159572037318904|Cathy Harris|2022-02-16 23:19:26|1|0|10159571710628904|facebook
You could have run a concentration camp with that attitude.|10159572041783904|Raj Dhaliwal|2022-02-16 23:19:26|1|0|10159571710628904|facebook
Since when do regular folks wear body armour? Time to put the conservative party on a terrorist watch list. I've been saying it since 2010. I knew this day was coming form the.western separatist terrorist movement. #LOCKTHEMUP  https:// globalnews.ca/ news/8632832/ ottawa-police-fr eedom-convoy-bl ockade/|10159571884318904|Bonnie Cull|2022-02-16 23:19:23|1|0|10159571710628904|facebook
Ok but not this way. Today they, tomorrow.....? Sorry if I don't speak English properly. By from Italy 👋|10159572713533904|Anna Lenzi|2022-02-16 23:19:26|1|0|10159571710628904|facebook
wow, are you kidding|10159572062043904|Michael W Wilde|2022-02-16 23:19:27|1|0|10159571710628904|facebook
The restraint shown by the police in the uncut live footage has been outstanding|10159571829193904|Kurt Ruetters|2022-02-16 23:19:22|0|0|10159571710628904|facebook
Mark Rubello ah yes ad hominem fallacy as an opener, a great marker of intelligence.|10159571835808904|Kurt Ruetters|2022-02-16 23:19:28|1|0|10159571710628904|facebook
"Mark Rubello Trampling is to ""tread on and crush"" correct?  If you watch any of the angles of the video the two protestors who were knocked over you can see that the horse didn't step on either.  Secondly there are no confirmed reports of either persons death and the only place anything like that shows up is bogus web page links with no evidence.  I guess they don't teach you observation skills or logic and reasoning nevermind understanding what words like trample mean at Canada's best school.  https:// mobile.twitter.c om/VigilantFox/ status/ 1494808224008179 714?ref_src=tws rc%5Etfw%7Ctwca mp%5Etweetembed %7Ctwterm%5E149 480822400817971 4%7Ctwgr%5E%7Ct wcon%5Es1_&ref_ url=https%3A%2F %2Fen.memesrand om.com%2Fwho-is -roberta-paulse n-is-dead-woman -trampled-by-po lice-horse-otta wa%2F"|10159571861513904|Kurt Ruetters|2022-02-16 23:19:28|1|0|10159571710628904|facebook
yeah whatever you say Liberal Plant … but funny how you probably weren’t saying that when BLM or Antifa was destroying some of Ottawa and tearing down statues and burning churches throughout Canada huh .. you’re fake|10159571979488904|Rolf Lemmor|2022-02-16 23:19:28|1|0|10159571710628904|facebook
the World is watching.|10159572091748904|Gary Desjardins|2022-02-16 23:19:22|0|0|10159571710628904|facebook
