﻿comment|comment_ids|username|datetime|isreply|num_replies|post_id|label
So why is our Government not talking to the people, it's you Mr Trudeau that is perpetuating this problem and causing a heartache in Ottawa!!! Stop hiding and face the issue, this is your job, we employed you to stand for ALL PEOPLE!!!|10159545387703904|Marinella Gonzalez|2022-02-03 23:57:59|0|7|10159545350343904|facebook
and thus the protesters don't need to leave either|10159545665203904|Robin Hardement|2022-02-03 23:58:29|1|5|10159545350343904|facebook
I was going to post the same thing as you just did but thought what is the point as they will just argue as they are so one sided but thanks 😊 . Watch the changes coming even Tam said today covid is with us forever so we will have to learn to live with it and penalizing/ segregating people is redundant when the vaxxed can get it and spread it as well.|10159546350983904|Steve Tagg|2022-02-03 23:58:16|1|4|10159545350343904|facebook
Wendy Mack okay then. Can't fix stupid.|10159545780023904|Kris Hopson|2022-02-03 23:58:06|1|4|10159545350343904|facebook
Protectors blocked the railroad for 3 weeks. Protestors have been blocking logging roads in BX for months, protestors occupied a city park in Regina for a whole year. So what's the rush here?|10159545443598904|David Horton|2022-02-03 23:58:00|0|4|10159545350343904|facebook
For comparative purposes, the 2020 Tyendinaga rail blockade went on for close to a month. There was little discussion of using force to end it, and federal politicians spoke and negotiated regularly with the protesters. Maybe Trudeau should try that in this situation.|10159545549318904|Craig Stevenson|2022-02-03 23:57:59|0|4|10159545350343904|facebook
who's starving because they didn't get vaccinated? There's no domestic loads those truckers could be hauling right now? I find that hard to believe.  And they couldn't find another job?  You're telling me any time someone is laid off or fired they're facing certain starvation?|10159545626868904|Scott Verge|2022-02-03 23:58:29|1|4|10159545350343904|facebook
what would the situation be if there were no restrictions? The doctors In hospitals would have been making decisions on who got a ventilator and who did not.  It’s oh so easy to armchair quarterback how to manage the first real pandemic in a century …  Without mandates far more businesses would have gone under and more people would have died.  A few limitations on our lifestyle was a pretty small ask.  Insisting it should be life as normal for those who want that during this time is mind boggling.|10159546060208904|Sherryl Yeager|2022-02-03 23:58:16|1|3|10159545350343904|facebook
wow. It clearly shows that you haven’t actually read too many history books. Maybe look at what fascism is and get back to us. I’d say when a convoy over 100km long with 10’s of thousands of people and millions of supporters is a majority. Especially when it’s happening in other countries around the world. Trudeau is the true face of facism.|10159546229478904|Chris Nelson|2022-02-03 23:58:22|1|3|10159545350343904|facebook
Actually, Ottawa police are doing an excellent job of maintaining access for emergency vehicles. It might be a good idea to actually enact a law before claiming something is illegal.|10159545461788904|Tina Knott|2022-02-03 23:57:59|0|3|10159545350343904|facebook
that will be up to the police to decide. No one is entitled to meet with the prime minister just because they demand it.|10159545675598904|Scott Verge|2022-02-03 23:58:29|1|3|10159545350343904|facebook
Our own government is breaking the basics of the most important part of our country’s law and that is our Charter of Rights and Freedoms so don’t try to feed me any crap about what truckers are doing!|10159545667403904|Steve Tagg|2022-02-03 23:57:59|0|3|10159545350343904|facebook
can’t read I see|10159545655918904|Micheal Bisaillon|2022-02-03 23:58:21|1|2|10159545350343904|facebook
Exactly, blockading roads and highways (without permits) is illegal. Blasting horns 24/7 is a violation of noise bylaws in Ottawa. Protesting has always come with limits, just look at the recent police actions at fairy creek and wet'suwet'en blockades.|10159546094153904|Elliot Martin|2022-02-03 23:58:06|1|2|10159545350343904|facebook
I knew it was only a matter of time before a right-wing doofus stepped up to the plate and proved the point by using the laugh emoji and failing to leave behind a credible contribution to the conversation.|10159546061568904|Paul Weiss|2022-02-03 23:58:12|1|2|10159545350343904|facebook
you are brainwashed|10159545873673904|Micheal Bisaillon|2022-02-03 23:58:21|1|2|10159545350343904|facebook
no anger here, dismay , hope,but not anger|10159545670023904|Micheal Bisaillon|2022-02-03 23:58:21|1|2|10159545350343904|facebook
What is one freedom that has been interrupted?|10159545629263904|Jack Bird|2022-02-03 23:58:21|1|2|10159545350343904|facebook
he’s not hiding, he was at a press event in Winnipeg yesterday. He’s not going to meet with a group of people who are breaking the law and flying Nazi and confederate flags, obviously.|10159545507673904|Sean Ledwich|2022-02-03 23:58:14|1|2|10159545350343904|facebook
"The BC government has already decided to begin lifting restrictions and now admits that there has been an ongoing campaign to pad the stats of those in hospital with Covid19... of all those admitted to hospital ""WITH"" the virus ... about 60% merely tested positive after being admitted for other reasons.  The term ""alt right"" is just a phrase used to smear people.  https:// vancouversun.com /news/ local-news/ covid-19-update- for-feb-1-4075- new-cases-19-de aths-people-in- hospital-with-t he-virus-breaks -1000-for-first -time-health-of ficials-hint-at -ending-restric tions?utm_mediu m=Social&utm_so urce=Facebook&f bclid=IwAR1qIv4 5l_cjkleICiwrlZ GPGXXxB6rXWWXuw y13fDV1IFurh1kZ JIJlPcI#Echobox =1643763268"|10159546831123904|Kevin Goodwin|2022-02-03 23:58:16|1|2|10159545350343904|facebook
this is beyond protesting. This is blatant interrupting of local freedoms|10159545570283904|Micheal Bisaillon|2022-02-03 23:58:21|1|2|10159545350343904|facebook
vaccination isn't a requirement for getting into a grocery store...|10159546060383904|Elliot Martin|2022-02-03 23:58:06|1|2|10159545350343904|facebook
Why so angry Karen Arps? Is the media making a mockery of real news?|10159545568748904|Nicole Crausen|2022-02-03 23:58:11|1|2|10159545350343904|facebook
he's refusing to negotiate. Just rediculous. Well finally he has opposition in place who is demanding we hear something from him and a plan|10159545690393904|Julie Anne|2022-02-03 23:58:10|1|2|10159545350343904|facebook
and who cares about seniors? Is that your message?  Young people catch and spread Covid. Even if YOU don’t care about seniors, others do. Stopping the spread to children, young people who need to work, gosh, all of society, means taking a vaccine. It’s really easy, the risks are minimal, and that is going to open the economy back up - when we stop the spread of the virus.  Not some bullies behind trucks with US cash in their pockets.|10159548628153904|Sherryl Yeager|2022-02-03 23:58:16|1|2|10159545350343904|facebook
actually no we have the right to demonstrate|10159545662023904|Chris Urban|2022-02-03 23:58:18|1|2|10159545350343904|facebook
What about our own government blockading the non vaccinated|10159545654258904|Brandon Bartlett|2022-02-03 23:57:58|0|2|10159545350343904|facebook
"from your Third link (which is preprint and therefore not peer reviewed).  ""The patient is the corresponding author of this case report. He hopes that this report will incentivize investigations to clarify the possible impact of anti-SARS-CoV-2 mRNA vaccination on the course of AITL. He remains convinced that mRNA vaccines represent very efficient products with a favorable benefit-risk ratio.""  That last sentence again.  ""He remains convinced that mRNA vaccines represent very efficient products with a favorable benefit-risk ratio."""|10159545723688904|Scott Verge|2022-02-03 23:58:29|1|2|10159545350343904|facebook
https:// www.frontiersin. org/articles/ 10.3389/ fmed.2021.798095 / full?s=09&fbclid =IwAR0PgRGGMG54 Q_3y4q20VpPTfql jZMOV5chZ0rTYIC TfTa876tbq5Xt99 5Y|10159545694728904|Patrick Collins|2022-02-03 23:58:29|1|2|10159545350343904|facebook
what famine? You're completely out to lunch. People such as yourself are seeing conspiracies everywhere.|10159545874538904|Scott Verge|2022-02-03 23:58:30|1|2|10159545350343904|facebook
So where was your outrage last year when rail lines were blockaded?|10159545442078904|Paul Fredenburg|2022-02-03 23:58:01|0|2|10159545350343904|facebook
https:// brightlightnews. com/ main-bulk-of-dea ths-is-from-vac cine-injury-int erview-with-joh n-olooney-uk-fu neral-director/ ?fbclid=IwAR3xuM GQGk2tJI7mxhRV0 5uz_vqsJ5PZpPvL Wg-vzn1nEgeO9rS JBGHmd5A|10159545898293904|Patrick Collins|2022-02-03 23:58:30|1|2|10159545350343904|facebook
I’m not interested in taking a cancer jab|10159545641383904|Patrick Collins|2022-02-03 23:58:29|1|2|10159545350343904|facebook
"Let the govt do your thinking for you! Get the "" clotshot""! No thanks"|10159545537903904|Matthew Sajdak|2022-02-03 23:58:32|1|2|10159545350343904|facebook
Maybe they should stop all of these foolish vaccines & mandates. Maybe people won't be so pissed off. Ever think of that??|10159545456708904|Matthew Sajdak|2022-02-03 23:58:01|0|2|10159545350343904|facebook
“ outrage from the media “ and “ bad national media coverage “ are not the same thing. The media was very favourable to those protest|10159545870178904|Jim Kavanagh|2022-02-03 23:58:31|1|1|10159545350343904|facebook
“padding”? What for? Do you think governments are gaining from this? Have you looked at the economic impact or were too busy at spelling “my freedom”, in a narcissistic delirium. Tell that to the families of people who died of Covid, or died to other illnesses and missed on life-saving procedures because the hospitals were too full. Have you been in a hospital lately and looked in the eyes of doctors and nurses? Do you know how many people are required to take care of one person sick with Covid in ICU? 8 or 10. And yes, when the money comes from Tamara and her deplorables, it is the alt-right you are hanging with. An interesting article from a truck drivers magazine about how the truck drivers were duped and used. https:// www.trucknews.co m/blogs/ the-so-called-fr eedom-convoy-wa s-never-about-t ruckers-or-bord er-mandates/|10159547929018904|Senia Ra|2022-02-03 23:58:16|1|1|10159545350343904|facebook
maybe the cry baby protesters should get the vaccine like 90% of the rest of canada|10159545468238904|Merle B Peter-paul|2022-02-03 23:58:32|1|1|10159545350343904|facebook
ha ha. Private sector all the way, baby. And in a thriving tech sector. Paying gazillion of taxes for you to indulge in those middle age convoy fantasies of “freedom”, a pathetic substitute to some other deficiencies and disappointment, I suspect. It is not only an an older people disease. Long term Covid is devastating for young and middle aged alike. Are we all tired of restrictions ? Yes. Is this convoy occupying Ottawa a good thing? Absolutely not. Idiots being taken advantage by dangerous groups. Look left, a confederate flag, look right Tamara Lynch. This is not the company you want and if you do, you are the alt right.|10159548953403904|Senia Ra|2022-02-03 23:58:16|1|1|10159545350343904|facebook
"Nice try... but almost everyone is vaccinated ( 85% of adults ) and young people RARELY get sick unless they have some other health problem to begin with...Sweden has opted NOT to recommend vaccinating children > no need. Why waste vaccines on those who will not benefit from them, as each shot is over $100. It would have made little difference if people under 40 were excluded form the vaccine passport system. Greece has made the vaccine mandatory only for those over 50.  We have never had such a high percentage of the population vaccinated for any illness... even Polio or Smallpox vaccination programs never reached 85% of adults vaccinated.  Sure, protect the elderly... but the economy needs to get going. The vaccine mandates discriminate against young healthy people who do not need the vaccines. The vaccines do NOT stop transmission anyway.  Your position is poorly thought out... precisely because the vaccines DO NOT STOP TRANSMISSION... smug fully vaccinated people, waving their vaccine passports around, have infected each other. The vast majority in hospital are now fully vaccinated elderly people... that will continue because the vaccines are becoming obsolete... they are formulated to fight the virus as it existed in spring of 2020. The virus has evolved.  It is not possible to vaccinate Covid19 away just as it is impossible to vaccinate influenza away. The virus mutates too often and can survive in animals in some cases. Unlike Polio which was much less contagious and lives in humans only.  The vaccines served a purpose and helped protect seniors for a while... it is the vulnerable that need to be protected... leave healthy youth alone. Give seniors 3 or 4 shots a year if necessary. Hopefully with a better vaccine.  Also... the BC government now admits that the hospitalization stats have been artificially fudged just as they have elsewhere. About 60% of those considered hospitalized ""with"" Covid19 actually were admitted to hospital for OTHER REASONS but tested positive after admission... but they were not sick with Covid19. So far fewer people were in hospital sick with Covid19 than the officials stated.  Time to open up.  https:// vancouversun.com /news/ local-news/ covid-19-update- for-feb-1-4075- new-cases-19-de aths-people-in- hospital-with-t he-virus-breaks -1000-for-first -time-health-of ficials-hint-at -ending-restric tions?utm_mediu m=Social&utm_so urce=Facebook&f bclid=IwAR2dU2e lIc3j1HlRN24Jtw fqVijaqFMPbIqZs 2uGc7aLZ2-0J1Nf 6HgxPL8#Echobox =1643763268"|10159548904433904|Kevin Goodwin|2022-02-03 23:58:16|1|1|10159545350343904|facebook
"Oh & possibly die of a cardiac arrest? Brought on bye whatever they feel like putting in these vaccines! I'll take my chances with getting covid! All set on your "" clotshot""!!! Whatever happened to natural immunity? Never was like this before! Just another way to scare the public into doing things that benefits their pockets."|10159545476693904|Matthew Sajdak|2022-02-03 23:58:32|1|1|10159545350343904|facebook
A confederate flag... where ? Also... it is an elderly person's disease... data clearly supports that.|10159548982233904|Kevin Goodwin|2022-02-03 23:58:16|1|1|10159545350343904|facebook
nobody is blockading anything. They have the freedom to not get vaccinated.|10159546935088904|André Nier|2022-02-03 23:58:03|1|1|10159545350343904|facebook
So there are armed terrorists in Ottawa then.|10159546085498904|Stephen Humphrey|2022-02-03 23:58:17|1|1|10159545350343904|facebook
Trudeau says he won’t be calling in the military to clear them out. Hopefully he has another tool in the toolbox. These anti-government protests have gone too far.|10159545956663904|Holly Greenberg|2022-02-03 23:58:00|0|1|10159545350343904|facebook
they will continue until this corrupt government is gone|10159545977548904|Sue Childerley|2022-02-03 23:58:17|1|1|10159545350343904|facebook
which part? Which right? Which freedom? Exactly which section and subsection, please! I taught this piece of legislation for some 20 plus years. So, please, exactly, with citations from the appropriate sections, which rights and freedoms are being infringed upon?|10159546957128904|Frank van Doorn|2022-02-03 23:58:16|1|1|10159545350343904|facebook
The Globe and Mail has supported the Conservatives in every federal and provincial election for the last 20 years|10159545637828904|Shawn Hill|2022-02-03 23:58:27|1|1|10159545350343904|facebook
the provinces are not giving a toss about the truckers. They will lift the mandate if and when the medical situation is conducive to do so. They are idiots who cannot eve even tell the different between provincial and federal jurisdiction and are being used by the alt right and funded by people none of us want anything to do with.|10159546813593904|Senia Ra|2022-02-03 23:58:16|1|1|10159545350343904|facebook
The majority of Canadians have a brain in their head and recognize that the vaccines work, keeping people out of hospitals and ICU, and the majority of people do not support the illegal hostagetaking of a city by an angry fringe group|10159545516078904|Sean Ledwich|2022-02-03 23:58:32|1|1|10159545350343904|facebook
The government just needs to comply and they can have their city back along with their peace and quite, it's really not that hard, it's really not that much of an imposition and nobody's rights are being taken away. Nobody is forcing them to make the right choice, they obviously have a choice but choices have consequences 😏|10159545467843904|Rusty Shackleford|2022-02-03 23:58:01|0|1|10159545350343904|facebook
talking to people? About what? We literally just had an election. 🙄 Of course there is also the massive majority in this country who are vaccinated. If you feel this strongly, go work for the candidate of your choice in the next election and do the work. Facebook won’t get you there.|10159545431348904|Claire Róisín|2022-02-03 23:58:14|1|1|10159545350343904|facebook
or go get Covid, which is exponentially more likely to result in a blood clot. No thanks. You should get down on your knees and thank God for the vaccines. They were a gift from Him.|10159545543533904|Sean Ledwich|2022-02-03 23:58:32|1|1|10159545350343904|facebook
Umar Khan first of all you don’t know me, have never met me, so don’t assume I have a “thich” head 😆 Don’t assume any of my other beliefs; it’s both presumptuous and wrong. Making sweeping generalized statements about strangers makes your argument, and opinions look incredibly weak.|10159545538473904|Claire Róisín|2022-02-03 23:58:14|1|1|10159545350343904|facebook
Umar Khan you are assuming…again. Don’t speak for me or anyone I know. We went to get the vaccine willingly, so please just stop speaking for others. It’s not your place.|10159545570908904|Claire Róisín|2022-02-03 23:58:14|1|1|10159545350343904|facebook
No amount of words can help people like you understand|10159546049733904|Travis Poel|2022-02-03 23:58:16|1|1|10159545350343904|facebook
Linda Sam Have you ever heard of the civil rights movement. Rosa parks fought for the privilege to sit where she wanted on the bus. Because she fought for this we now recognize it as a right.|10159546057263904|Travis Poel|2022-02-03 23:58:16|1|1|10159545350343904|facebook
maybe we just need disillusioned Canadians to get off their laurels and vote - the problem as I see it, is we have been left to choose between leaders across the spectrum that do not represent true Canadians so than we are left with picking a leader who will do the least amount of damage to this beautiful country🇨🇦❤! It is time for a complete re-think of how we do governance in this country! I like to think of it as a different kind of reset, which is desperately needed. TRUDOH has provided the awakening that all of us Canadians needed!!|10159548329983904|Sue Childerley|2022-02-03 23:58:17|1|1|10159545350343904|facebook
Time to get your booster shot!!|10159545480518904|Matthew Sajdak|2022-02-03 23:58:32|1|1|10159545350343904|facebook
What does the Charter of Rights and Freedoms day to do about keeping people as healthy as possible.|10159546137438904|Karen Ripley Congdon|2022-02-03 23:58:16|1|1|10159545350343904|facebook
"New Johns Hopkins study:  ""An analysis of each of these three groups support the conclusion that lockdowns have had little to no effect on COVID-19 mortality. More specifically, stringency index studies find that lockdowns in Europe and the United States only reduced COVID-19 mortality by 0.2% on average.""  https:// sites.krieger.jh u.edu/iae/ files/2022/01/ A-Literature-Rev iew-and-Meta-An alysis-of-the-E ffects-of-Lockd owns-on-COVID-1 9-Mortality.pdf ?modtag=djemBes tOfTheWeb"|10159546236423904|Jennesa Plaine|2022-02-03 23:58:16|1|1|10159545350343904|facebook
9 months not a problem not even injection site pain. and i hate needles|10159545479273904|Merle B Peter-paul|2022-02-03 23:58:32|1|1|10159545350343904|facebook
yeah, the famous “right to go to the restaurant” for which millions of people have sacrificed their lives…. Come on, a bit of self respect and focus on responsibility as citizens, not rights of spoilt toddlers.|10159546502953904|Senia Ra|2022-02-03 23:58:16|1|1|10159545350343904|facebook
Linda Sam About 85% of the adult population is vaccinated anyway... but seniors can still get sick. Most of those in hospital are elderly people. Vaccinated people can still spread the virus to each other.  The truckers have said that they are not against the vaccines ... they just want the vaccine passports to be abolished ... the provinces actually agree and are going to drop the vaccine passports in the next few months.|10159546803613904|Kevin Goodwin|2022-02-03 23:58:16|1|1|10159545350343904|facebook
I doubt we will have to put up with it for that long. Maybe a better idea would be for all you conservatives to actually find a candidate who can win elections since that is how the transfer of power happens in Canada—peaceful ly, with votes.|10159548314853904|Holly Greenberg|2022-02-03 23:58:17|1|1|10159545350343904|facebook
Yes it is as long as its non violent !|10159545397383904|Chris Urban|2022-02-03 23:58:00|0|1|10159545350343904|facebook
these are the protesters that you seemingly approve of: “Since the protest began a week ago, protesters have been spotted brandishing swastikas and Confederate flags. Some urinated on the tomb of the unknown soldier and defaced a Terry Fox statue. Protesters have been sounding truck horns late into the evening and blocking roads. There have been multiple reports of protesters threatening and intimidating local residents for wearing masks.”|10159548335088904|Holly Greenberg|2022-02-03 23:58:17|1|1|10159545350343904|facebook
Trudeau cannot win elections either... he only has 31% of the popular vote, finished in second place, and needs to invite Jagmeet Singh to sit his knee.  Anyway the truckers are already winning in a way... the provinces are beginning to admit that they must lift restrictions... young people should not be struggling as they are with mandates ... when the virus barely affects them at all. Currently fully vaccinated elderly people are the clear majority in hospital. That will continue.  Everything else you have said about desecrating monuments is TOTAL NONSENSE...a smear campaign... there has been remarkably little damage and the truckers are well behaved.  There were two Nazi flags... one was referring to Trudeau as a Nazi in a juvenile way and is gone... the other one was sported by leftist activist trying to start trouble... I don't recall any confederate flag. No one damaged the Terry Fox statue... it was draped in a Canadian flag... hardy a desecration.  Do you still believe the legacy media these days ? We are seeing one of the worst media driven smear campings in recent history.|10159548647103904|Kevin Goodwin|2022-02-03 23:58:17|1|1|10159545350343904|facebook
Anyone notice the Globe and Mail and the Toronto Star are letting all of us read their articles for free? Not hiding behind a pay wall? Talk about liberal controlled media!|10159545457053904|Larry Aelterman|2022-02-03 23:58:00|0|1|10159545350343904|facebook
, I'm looking at it. The fact remains last year the short Squeezes instigated by WallStreet bets brought down major investment firms.|10159545465018904|Jeff A Kauffeldt|2022-02-03 23:58:26|1|1|10159545350343904|facebook
....nobody show this guy AMC's most recent stock trends. It might upset him.|10159545463173904|Jason Godin|2022-02-03 23:58:26|1|1|10159545350343904|facebook
I stand by it, but you go ahead and reread yours.😆|10159545518278904|Rodriguez Teresa|2022-02-03 23:58:25|1|1|10159545350343904|facebook
reread your own comment again!... People have lost their buisnesses their jobs, the right to work if they choose not to be vaccinated at the cost of others... Others who fear people who choose not be vaccinated..... a vaccine that doesn't even protect yourself!...|10159545513003904|Marylu D'Onofrio|2022-02-03 23:58:25|1|1|10159545350343904|facebook
At the expense of others.|10159545474388904|Rodriguez Teresa|2022-02-03 23:58:25|1|1|10159545350343904|facebook
We are talking about rights now by criticising those who are asking for their rights!! 🤦🏻‍♂️🤦🏻‍♂️|10159545426148904|Emil Harba|2022-02-03 23:58:00|0|1|10159545350343904|facebook
The Federal Government has how many Lawyers (including Constitutional) in their employ?|10159545499233904|Randy Joy|2022-02-03 23:58:00|0|1|10159545350343904|facebook
it was posted in a poll 2 thirds of the country are not in support of the protest|10159548938308904|Carol McCann|2022-02-03 23:58:22|1|1|10159545350343904|facebook
except actual FASCISTS were AGAINST vaccine mandates and public health measures!!! Contrary to claims about “fascist” vaccine mandates currently circulating on the Right, the Nazis actually relaxed German vaccine mandates — and hoped doing the same for people they conquered would kill them faster. https:// www.jacobinmag.c om/2021/09/ vaccine-mandates -covid-pandemic -german-nazi-in oculation-polic y|10159546251248904|Louise E.V. Owen|2022-02-03 23:58:22|1|1|10159545350343904|facebook
please post your address so we can get people to block access to your home for a few weeks. Also, we will make sure to blast horns so you can’t sleep. Seems only fair.|10159545644498904|Peter Ross|2022-02-03 23:58:29|1|1|10159545350343904|facebook
The Canadian Human Rights Act of 1985, the Canadian Charter of Rights and even the UN's Declaration of Human Rights state that a person has the right to refuse a medical procedure. If you knew anything about human rights instead of spreading disinformation about history, you would see the Fascism in the policies.|10159546219743904|Scotty Mills|2022-02-03 23:58:22|1|1|10159545350343904|facebook
no we DO NOT!! The majority of Canadians DO NOT SUPPORT this fascist CONvoy. And if you actually knew any history you'd know that fascists were AGAINST vaccine mandates and public health measures just like YOU and the right wing today!! 🤬|10159546208668904|Louise E.V. Owen|2022-02-03 23:58:22|1|1|10159545350343904|facebook
The majority of Canadians support these protests and demand an end to the fascist restrictions by a PM who is clearly corrupt and destroying Canada. Any decent politician would not be creating division and spinning false narratives. As the media stop being his puppets.|10159545896438904|Chris Nelson|2022-02-03 23:58:00|0|1|10159545350343904|facebook
if you really knew what was going on you would be thanking them. Thanking the for your children. Thanking them for your children’s children and beyond.|10159545832333904|Jay Labatte|2022-02-03 23:58:21|1|1|10159545350343904|facebook
welcome to democratic society, while you are angry about that others are angry about the last 2 years.|10159545661633904|Robin Hardement|2022-02-03 23:58:21|1|1|10159545350343904|facebook
The government has starved the reservations in Canada very well. Without it, the treaty negotiations would be much more difficult.|10159545759563904|Patrick Collins|2022-02-03 23:58:30|1|1|10159545350343904|facebook
You are right - it is no longer a protest. What it is is a massive fight for our freedom and a severed cord from the elite class!!!!|10159545967348904|Sue Childerley|2022-02-03 23:57:59|0|1|10159545350343904|facebook
Then you're part of the problem.|10159545643203904|Peter Bjornsen|2022-02-03 23:58:21|1|1|10159545350343904|facebook
protesting has always been part of balancing a very corrupt system.|10159545564198904|Robin Hardement|2022-02-03 23:58:21|1|1|10159545350343904|facebook
Our elections decide what party is in. I did not vote libs but I’m not going to terrorize Ottawa and stomp my feet because I don’t get my way|10159545434933904|Micheal Bisaillon|2022-02-03 23:58:00|0|1|10159545350343904|facebook
downtown of Canada's capitol city is equivalent to a logging road and a city park?  Most people wouldn't have much of an issue or argument if these people were occupying capital hill rather than the streets.|10159545646923904|Scott Verge|2022-02-03 23:58:20|1|1|10159545350343904|facebook
Just keep it safe.|10159545460808904|William OW Perry|2022-02-03 23:58:20|1|1|10159545350343904|facebook
These nut bars are just an embarrassment to Canadians. They don't deserve to wave our flag.|10159547570933904|Peter Cliff|2022-02-03 23:58:00|0|1|10159545350343904|facebook
Funny...I don't recall that from the Globe when trains were being blocked...|10159546346293904|Bill Steedman|2022-02-03 23:58:00|0|1|10159545350343904|facebook
Yeah, but this isn’t legal. They’re breaking laws. Someone on here said they’ve stopped blaring their horns after 7 PM, but I just heard in Ottawa resident on the radio saying that’s not true. But of course, that resident is probably lying, right? Regardless, they’re parked illegally and blaring their horns. Even if they did stop blaring their horns after 7 PM, which I’m very sure they are not, it’s still illegal. They’re bullies and they’ve taken a city hostage. That’s not a peaceful protest by any stretch of the imagination.|10159545726273904|Sean Ledwich|2022-02-03 23:58:18|1|1|10159545350343904|facebook
it can be against the law and be non-violent.|10159545509493904|Sean Ledwich|2022-02-03 23:58:18|1|1|10159545350343904|facebook
Sorry but it’s legal and it is supposed to make you uncomfortable that’s the only way to get heard and move forward|10159545453523904|Jackie Jean|2022-02-03 23:58:00|0|1|10159545350343904|facebook
There was no outrage from the media over the rail blockade, and it went on for weeks, and the media certainly didn’t dig up every negative interaction in order to demonize it.|10159545561888904|Jim Kavanagh|2022-02-03 23:58:31|1|1|10159545350343904|facebook
they never can answer that question|10159545654513904|Jeff Leachman|2022-02-03 23:58:21|1|1|10159545350343904|facebook
Trucks are weapons.  You just said it.|10159546068388904|Stephen Humphrey|2022-02-03 23:58:17|1|1|10159545350343904|facebook
I'm not stuck at home. Plenty of things to do. I can go shopping, dine at a restaurant with family and friends, go to the movies, the gym, visit a museum, attend a live performance at the theater, maybe play bingo or go the casino. Life is normal (and thankful no invitations to large scale weddings in the mail). What exactly is it that I can't do?|10159545779093904|Jaqutina Lynch|2022-02-03 23:58:09|1|1|10159545350343904|facebook
yeah lots of fascists in Canada apparently including cops. MASSIVE WHITE PRIVILEGE ON DISPLAY|10159546191903904|Louise E.V. Owen|2022-02-03 23:58:11|1|1|10159545350343904|facebook
we don't negotiate with nazis here|10159546202663904|Louise E.V. Owen|2022-02-03 23:58:08|1|1|10159545350343904|facebook
My boss isn’t free to keep me as a employee. The grocery store is not free to choose to let me in. Are you really that ignorant|10159545942248904|Travis Poel|2022-02-03 23:58:06|1|1|10159545350343904|facebook
Oh yah? What were the settlements negotiated at those protests? Do tell (and provide documented evidence of such).|10159546051058904|John Lymer|2022-02-03 23:58:10|1|1|10159545350343904|facebook
great, now move on out and allow all residents access to their neighborhoods and businesses to reopen and people to walk safely down the streets wearing their masks and going about their daily living. Stop with the horn blowing, and the train horns, and the endless exhaust fumes that are torturing the residents that live in the neighborhoods that have been occupied. Stop the fireworks and bringing and storing contsiners of fuel dangerously close to residents. Stop parking and sleeping in the limited parking and in illegal parking, and blocking access to families and businesses. Stop camping and building structures where not legally allowed. It might be a good idea to actually look at a city's bylaws and ordinances as well as what a reasonable expression of opinion is before occupying, harrassing and holding a city hostage. It is unfortunste for the truckers that they didn't stick to a protest against the mandate for the border and go home after the weekend. That would have been an impactful statement. Probably would have been addressed by Trudeau.|10159545711058904|Jaqutina Lynch|2022-02-03 23:58:09|1|1|10159545350343904|facebook
What they are really trying to say, like the Prime Minister, Freedom is an unacceptable and fringe view and it illegal, gotcha.|10159545629378904|Shawn Wayne Dubois|2022-02-03 23:57:58|0|1|10159545350343904|facebook
You generally don't negotiate with people breaking the law the try to get what they want. Conservatives used to understand this.|10159545918913904|John Lymer|2022-02-03 23:58:10|1|1|10159545350343904|facebook
Nobody is being held down and vaccinated. You are free to not get vaccinated. Your boss is free to replace you with someone who is vaccinated. Freedom for all is what you want, right?|10159545889133904|Jerry Chong|2022-02-03 23:58:06|1|1|10159545350343904|facebook
And we have a PM that is not running our country in a legal way so HONK HONK HONK!|10159545495978904|Christine Bonnett|2022-02-03 23:57:58|0|1|10159545350343904|facebook
well O'Toole is out and we shall see which of the worse will happen from either side|10159545783838904|Julie Anne|2022-02-03 23:58:10|1|1|10159545350343904|facebook
hmmm you mean the opposition party that wanted to put forth a bill… ah right! Yeah the hypocritical opposition party  https:// thenarwhal.ca/ federal-election -2021-conservat ives-pipeline-p rotests/|10159545742413904|Donna Marie|2022-02-03 23:58:10|1|1|10159545350343904|facebook
the rail blockaders did not call for the death of the prime minister. They did not carry hateful symbols, occupy a city and threaten its inhabitants.|10159545732663904|Kevin Lewis|2022-02-03 23:58:10|1|1|10159545350343904|facebook
Come on FB - showing 2 comments? There are 20 likes and 4 angry. Do your job right!!|10159545763943904|Christine Bonnett|2022-02-03 23:58:08|1|1|10159545350343904|facebook
open up all comments, no one is being censored|10159545807303904|Cam Rourke|2022-02-03 23:58:08|1|1|10159545350343904|facebook
Sorry I meant the likes and angry faces etc. They were only showing that there were 2. Now they fixed it.|10159545818313904|Christine Bonnett|2022-02-03 23:58:08|1|1|10159545350343904|facebook
they are. They are harrassing those who live and work in the area and you know that full well. They are blockading access. Our Rideau Shopping Center has been closed as well as other businesses, and when open no one is willing to travel into the area to give them any business due to this circus show occupying the downtown core. If we pulled up and parked a camper on the street, slept there, bbq'd, held a party all night, blared horns, set off for works and began building a structure to hold petrol etc, do you think that would be allowed? Hell no! Enough is enough. This occupation and the conduct of so many involved is unlawful. Playing hockey on a street is not a sign of anything peaceful, it showcases how our streets arent accessible for residents to go about our activities of daily living. You have impeded on our rights. Move the occupation to your house! If not, there are many Canadians who support removal actions.|10159545819848904|Jaqutina Lynch|2022-02-03 23:58:09|1|1|10159545350343904|facebook
so the trucks aren’t really a problem then.|10159545785578904|Philip Slade|2022-02-03 23:58:09|1|1|10159545350343904|facebook
But forced vaccination is….|10159545504433904|Melissa Beauregard|2022-02-03 23:57:58|0|1|10159545350343904|facebook
I guess you’re stuck at home for a while.|10159545764158904|Philip Slade|2022-02-03 23:58:09|1|1|10159545350343904|facebook
hope he never does! They do not deserve an audience.|10159545761913904|Jaqutina Lynch|2022-02-03 23:58:09|1|1|10159545350343904|facebook
Why is the govt not negotiating with their electrote in a democratic manner|10159545875308904|Jane Donald|2022-02-03 23:57:58|0|1|10159545350343904|facebook
"except Trudeau has negotiated every time when it was a woke or indigenous ""protest"" go back under your rock"|10159546033728904|Jason Brinks|2022-02-03 23:58:10|1|1|10159545350343904|facebook
maybe Justin should have a sit down with them. I think your anger is aimed in the wrong direction.|10159545741693904|Philip Slade|2022-02-03 23:58:09|1|1|10159545350343904|facebook
Citizen over reach is a good response to govt over reach|10159546029378904|Chris Watt|2022-02-03 23:57:58|0|1|10159545350343904|facebook
If your vaccine and your mask work to protect you. Why is it even an argument about what I choose to do to protect myself.|10159546080123904|Travis Poel|2022-02-03 23:58:06|1|1|10159545350343904|facebook
How long did the First Nations blockade roads and the railways accross Canada? Started Feb 6 and went until March 4 (or Feb 4 to Mar 6). That blockade protest stopped commerce across Canada and cost CP & CN rail millions! No one called those blockades illegal. It's a double standard don't you think? I'm don't agree with this trucker's protest, but I don't agree with the double standard either.|10159546141683904|Sharon Baum|2022-02-03 23:57:58|0|1|10159545350343904|facebook
. Can you show me the science that says your mask only stops the virus from being exhaled, but does not stop it when you inhale.|10159546284143904|Travis Poel|2022-02-03 23:58:07|1|1|10159545350343904|facebook
If those actions are not inherently illegal or criminal. There were, throughout history, consequences for trying to use the right of protest. That's the difficulty - once you start putting rules and mandates on the protests themselves, then that right is diluted and innefective|10159546067868904|Violet Morag|2022-02-03 23:58:06|1|1|10159545350343904|facebook
you do understand how capitalism works, right? Some people can’t just not work|10159547697298904|Aaron Bradley|2022-02-03 23:58:07|1|1|10159545350343904|facebook
The laugh emoji ... the unfailing response of the brain dead, witless, right-wing who have nothing intelligent or useful to add to a debate but who wish to convey the impression to onlooking non-participant s that the opinions being expressed against them are somehow ridiculous or laughable.|10159545689728904|Paul Weiss|2022-02-03 23:57:59|0|1|10159545350343904|facebook
Wow what a way to spin things.|10159546051558904|Travis Poel|2022-02-03 23:58:06|1|1|10159545350343904|facebook
The best protection for you would be to stay home. You don’t have to choose to keep you job, got to pubs, concerts etc. nobody is forcing you. That is your choice|10159546091418904|Travis Poel|2022-02-03 23:58:06|1|1|10159545350343904|facebook
honestly was that a thought out reply? 🤣|10159546259213904|Melissa Beauregard|2022-02-03 23:58:07|1|1|10159545350343904|facebook
Wendy Mack false, this statement has been proven false over & over.|10159545799123904|Gunny Snow|2022-02-03 23:58:06|1|0|10159545350343904|facebook
How many genocides also included famine in history again?|10159545750303904|Patrick Collins|2022-02-03 23:58:29|1|0|10159545350343904|facebook
if you stand by your comment that those who protest is an inconvenience to you.... I can't imagine what ww2 would have been like for you.... Its an inconvenience to those who still have jobs....and have actually finacially benefited from this plandemic.... When the mandates are lifted you can keep your mask on... Noone will yell at you to take it off your face because its your choice... You can still choose to stay home... You can still choose to dine at home no one will force you to have to do or not do... That what this end all mandates is about... Choice!|10159545533118904|Marylu D'Onofrio|2022-02-03 23:58:25|1|0|10159545350343904|facebook
Why would the PM give them the time of day? 🤦🏼‍♀️😂 Hilarious that anyone thinks he should.|10159545730968904|Fi Glennanne|2022-02-03 23:58:29|1|0|10159545350343904|facebook
Famine is a powerful tool if a tyrant is willing|10159545747808904|Patrick Collins|2022-02-03 23:58:29|1|0|10159545350343904|facebook
If you say so.😂|10159545536353904|Rodriguez Teresa|2022-02-03 23:58:25|1|0|10159545350343904|facebook
, We should do that to the organizers, what's good for the goose is good for the gander.|10159545813083904|Cam Rourke|2022-02-03 23:58:30|1|0|10159545350343904|facebook
Wendy Mack sounds like you need some fresh air. And maybe a hug.|10159545790613904|Natalie Curwin|2022-02-03 23:58:06|1|0|10159545350343904|facebook
Mandates have interfered with my rights. Apparently the government thinks that they are ok|10159545927903904|Travis Poel|2022-02-03 23:58:00|0|0|10159545350343904|facebook
have you heard of Polio? Vaccinations have been part of modernity for a long long time . 🙏🏼  Do you know that over 800,000 Americans - 40,000 Canadians have died mostly preventable deaths from CoViD . Mostly preventable deaths because they didn’t Vaccinate .  If you went to School in Canada 🇨🇦 you have been vaccinated . So why the anti Science crap now ? Anti vaxrs anti maskrs propaganda has resulted in the deaths of hundreds of thousands people . Vaccinations work .  Anti vaxrs anti maskrs propaganda is politically motivated disinformation . Disinformation about CoViD that ends up killing people . Not only do people die but many survivors experience long term health complications . Heart and liver issues for example . Brain fog and a variety of other serious complications. . 90 percent of Canadians have done the right thing . ❗️ Get vaccinated and boosted; wear masks 😷 and avoid unnecessary social gatherings .  Canadian values ! Doing the right thing . Being a responsible citizen .|10159545774688904|Zigismunds Franckevics|2022-02-03 23:58:06|1|0|10159545350343904|facebook
Seems like a controlled famine that happened in the long term care facilities. Dying from malnutrition is a hell of a thing to happen in a developed world|10159545896123904|Patrick Collins|2022-02-03 23:58:30|1|0|10159545350343904|facebook
these protections are not yes or no, they're matter of degrees, and the more people that are vaccinated and follow public health guidelines the more everyone is protected.|10159546090128904|Elliot Martin|2022-02-03 23:58:06|1|0|10159545350343904|facebook
Why should he waste his breath talking to them.|10159546033278904|Jack Hopkins|2022-02-03 23:58:30|1|0|10159545350343904|facebook
I support Wet'suet'en completely and sometimes, to be heard, you have to make some noise. Sorry about the horns, but if you live near the Parliament buildings, it shouldn't be surprising - What was the G& (8) like. Must have been noisy|10159546115403904|Violet Morag|2022-02-03 23:58:06|1|0|10159545350343904|facebook
what happened to cries of starvation? Realized you'd lost that argument?|10159545715633904|Scott Verge|2022-02-03 23:58:29|1|0|10159545350343904|facebook
the prime minister is under no obligation to talk with them.|10159545623203904|Scott Verge|2022-02-03 23:58:29|1|0|10159545350343904|facebook
Written by the liberal paid media|10159548871488904|Russell Eigner|2022-02-03 23:58:00|0|0|10159545350343904|facebook
it didn't bring anyone down. It presented a momentary inconvenience that is currently about 75% of the way to correcting itself.  Which is likely a better metaphor for this protest situation.|10159545466803904|Jason Godin|2022-02-03 23:58:26|1|0|10159545350343904|facebook
Shan Ali that's not what blackmail is...|10159546048023904|Elliot Martin|2022-02-03 23:58:06|1|0|10159545350343904|facebook
Are you missing the point?|10159545654408904|Larry Aelterman|2022-02-03 23:58:27|1|0|10159545350343904|facebook
The impoverished will be the first to feel the burden. The inflation from the panic printing will help distort the power of regaining what has been lost. The lockdowns have already pushed many homes to the breaking point|10159545634628904|Patrick Collins|2022-02-03 23:58:29|1|0|10159545350343904|facebook
https:// www.cbc.ca/news/ canada/toronto/ ontario-long-ter m-care-death-1. 5604030|10159545636953904|Patrick Collins|2022-02-03 23:58:29|1|0|10159545350343904|facebook
The long term care facilities starved out a bunch of elders. Seems fitting to take their successes and apply it to the wider public|10159545638643904|Patrick Collins|2022-02-03 23:58:29|1|0|10159545350343904|facebook
There should not be consequences.|10159545939478904|Travis Poel|2022-02-03 23:58:06|1|0|10159545350343904|facebook
A mask is. And that’s another bs mandate that needs to go. If you want to where a mask go ahead. That protects you. Don’t worry about me|10159546071718904|Travis Poel|2022-02-03 23:58:06|1|0|10159545350343904|facebook
Wendy Mack I can’t tell you what you need. 🤷🏼‍♀️|10159545823753904|Fi Glennanne|2022-02-03 23:58:06|1|0|10159545350343904|facebook
This is alot like last year when a bunch of redditors bought up AMC stock and held it down beyond the shorts. The working man is discovering that holding your ground works.|10159545398008904|Jeff A Kauffeldt|2022-02-03 23:58:00|0|0|10159545350343904|facebook
that case has nothing to do with not being able to afford food because you lost your job because you didn't want to get vaccinated.  Neither does inflation or lockdowns.|10159545667688904|Scott Verge|2022-02-03 23:58:29|1|0|10159545350343904|facebook
they're still working on cancer treatments based on mRNA. Your safe for now 😆  https:// www.cancer.gov/ news-events/ cancer-currents- blog/2022/ mrna-vaccines-to -treat-cancer|10159545673663904|Scott Verge|2022-02-03 23:58:29|1|0|10159545350343904|facebook
not anymore pal|10159545829698904|Jay Labatte|2022-02-03 23:58:06|1|0|10159545350343904|facebook
Mechanistically , we found that the spike protein localizes in the nucleus and inhibits DNA damage repair by impeding key DNA repair protein BRCA1 and 53BP1 recruitment to the damage site. Our findings reveal a potential molecular mechanism by which the spike protein might impede adaptive immunity and underscore the potential side effects of full-length spike-based vaccines.  https:// www.medrxiv.org/ content/10.1101/ 2021.08.24.21262 415v1|10159545680738904|Patrick Collins|2022-02-03 23:58:29|1|0|10159545350343904|facebook
you really want to live in a society where people's actions are free from consequences? 🙄|10159546049003904|Elliot Martin|2022-02-03 23:58:06|1|0|10159545350343904|facebook
https:// pubmed.ncbi.nlm. nih.gov/ 21739672/ #:~:text=T%20cel l%20exhaustion% 20is%20a,effect or%20or%20memor y%20T%20cells|10159545685533904|Patrick Collins|2022-02-03 23:58:29|1|0|10159545350343904|facebook
Please stop with the right wing stuff. We all know this is a working people’s protest. I get that elitist style people don’t like it, but pretending that this is a right wing or left wing issue is tone deaf. There are vaccinated and unvaccinated at these protests. There are people at that protest because they are vaccine injured and they were treated as if they were liars by a corrupt system, there are people who lost their businesses and jobs, but most of them are people who understand that freedom matters and are smart enough to understand that our country is in huge financial trouble. So many people have felt unheard during this pandemic. We don’t need a government to be our daddy. They are supposed to work for us. We don’t want the tyrannical place that Canada has become. I want Canada to be free for my kids and grandkids and I don’t understand the people who don’t care about what little future their children will have in Canada if this does not stop|10159548353293904|Eva Irwin|2022-02-03 23:58:12|1|0|10159545350343904|facebook
it seems like it because you're looking for any evidence to support your conclusion. LTC homes were completely overwhelmed. They didn't have enough workers to care for everyone properly. The system completely collapsed. This is the exact thing everyone is worried about when people suggest the virus should run free. Completely overwhelmed hospitals that can't care for everyone properly.|10159546044408904|Scott Verge|2022-02-03 23:58:30|1|0|10159545350343904|facebook
done dudette|10159545540663904|Merle B Peter-paul|2022-02-03 23:58:32|1|0|10159545350343904|facebook
Maskwasis Boysis lmao this guy trying to say there was no bad national coverage of the Wet'suwet'en protests in Canada.|10159545784463904|Cody Kenneth James Winstone|2022-02-03 23:58:31|1|0|10159545350343904|facebook
Meh, violence begets violence, and the Trudeau government seems to believe they hold a monopoly on force so everything is on the table. We don’t need protection of Canadian law if we have the protection of common law.|10159547676888904|FedoЯR Johnny|2022-02-03 23:57:58|0|0|10159545350343904|facebook
I went back and checked it out, you're right in the aspect that the protest itself wasn't condemned, but the blockaids were a completely different story, there was a lot of outrage over them.|10159545927508904|Cody Kenneth James Winstone|2022-02-03 23:58:31|1|0|10159545350343904|facebook
There was public outrage over the blockades, but trudeaus tone was decidedly different. The media also ignored the elected chiefs and the band members in favour of the pipeline.|10159546012978904|Jim Kavanagh|2022-02-03 23:58:31|1|0|10159545350343904|facebook
Agreed whether it’s downtown Ottawa, a pipeline or a RR, it’s all the same|10159546351418904|Carsten Sorensen|2022-02-03 23:57:58|0|0|10159545350343904|facebook
"You obviously haven't suffered a covid death in your family. He said ""if I knew it would have been like this, I would've had the shot"" and died in incubation."|10159545468218904|Fran Girling|2022-02-03 23:58:32|1|0|10159545350343904|facebook
When you have a PM who don't we t to talk to its people concern things like this happens ,, my friend was asking me why they are only protesting about the vaccine,,,and not for his resignation ,In England, they are after The PM to resign for lying about a party he attended during a lockdown ,,not only the people but among members of the parliament,,,I think if you do this ,you will be a Hero ,andeople won't complain about the inconvenience ,,moving around ,|10159545550743904|Ernesto Agbuya|2022-02-03 23:57:58|0|0|10159545350343904|facebook
Silly me! I always thought that the ballot box might be a sensible way to defeat government overreach. I even thought that relying on the ballot box might be a way of determining if it was MY opinion that was out of line with the rest of my fellow citizens.|10159546300648904|Paul Weiss|2022-02-03 23:58:04|1|0|10159545350343904|facebook
amen|10159552526608904|Jan O'Brien|2022-02-10 23:58:04|1|0|10159545350343904|facebook
Let us tell you what is or is not legal. Enough is enough. If you don’t want to listen to the MAJORITY of the people in OUR country, this is what happens.|10159548693608904|Erin Roncato|2022-02-03 23:57:58|0|0|10159545350343904|facebook
90% of Canadians are vaccinated. 90% of truckers are vaccinated. Biden has mandated that ALL truckers need to be vaccinated in order to enter the USA. He's mandated everyone entering the USA must be double vaccinated. Australia has opened up travel into AU now, but the government says, ALL travellers must be double vaccinated before they will be allowed into AU and they are not backing down. I understand people's frustrations, and believe that shutdowns are wrong. But I believe wearing a mask, social distancing, sanitizing were inconveniences that people can live with a little longer. So what part of the trucker's protest are you supporting? That they don't need to be vaccinated, despite the majority of people have been vaccinated?|10159553241508904|Sharon Baum|2022-02-10 23:58:03|1|0|10159545350343904|facebook
the same guy who ended up hospitalized with covid and admits it's real?  How does he explain all the deaths before vaccines existed? https:// ca.news.yahoo.co m/ john-o-looney-pi ers-corbyn-anti -vaxxer-covid-v accine-coronavi rus-162233353.h tml?guccounter= 1&guce_referrer =aHR0cHM6Ly93d3 cuZ29vZ2xlLmNvb S8&guce_referre r_sig=AQAAAFNZN 4IWvhG2Zj89h6z1 pgQ-qNEvklep9SV b2UXfSHpxa_TzfN vAoGOWiClbnBey0 FNqU25CCfpZdZMa DwFcI2a63rv9I31 oY92LY4mq5xsORf C7j1GbzPZyJoTYi pZR0Mj_AL92SgNk akSMvBR72Ve5Dwz TCup4dqYwMNEbJm ii|10159546066583904|Scott Verge|2022-02-03 23:58:30|1|0|10159545350343904|facebook
"I've been exposed twice to people who have had it. I havnt caught it yet. Thank god. But im willing to catch it, rather than taking the "" clotshot""! I'll take my chances on natural immunity, thank you."|10159545546253904|Matthew Sajdak|2022-02-03 23:58:32|1|0|10159545350343904|facebook
These vaccines don't make people immune from covid and they are not stopping the spread of it. Even if 100% the population gets the jab, the virus is still going to be here. I don't understand why anyone cares what the next person does. Make the choice that is best for you. The mandates need to end. They're political and not about safety at all.|10159545548638904|Carey Closs|2022-02-03 23:58:32|1|0|10159545350343904|facebook
“A time is coming when men will go mad, and when they see someone who is not mad, they will attack him, saying, 'You are mad; you are not like us.” ― St. Antony the Great|10159545387113904|Jason Clancy|2022-02-03 23:58:01|0|0|10159545350343904|facebook
These truckers are a joke. A bunch of mental midgets with little knowledge of law, science, etc... beyond 10th grade, generally speaking, that much is clear. With that said, whether a blockade is legal or not seems to be on uncertain ground. Blockades have been used as a form of expression in other circumstances: Fairy Creek, Oka, Enbridge, etc... were all not cut and dry and still aren't settled law. This becomes even more prescient when we look at the issue through the lens of colonialism and Indigenous rights. I think the Mohawk people had every right to protest, blockade and defend their land in Oka. Ultimately, the desecration of their land in the name of a golf course was prevented. So blockades can work and should be protected to an extent under the law in the face of corporate influence over individual rights, and rights of protected classes of people.  With that said, these truckers are idiots but I begrudgingly feel they should be able to protest, blockade and ultimately be seen as the fools they are. Now, if they commit actual crimes, off to jail you go! Hopefully, they get tired, move on and go back to hiding in their holes in shame.|10159546145773904|Hamud Mirza|2022-02-03 23:58:01|0|0|10159545350343904|facebook
1/2 true.|10159551401798904|Mike Roch|2022-02-10 23:58:03|1|0|10159545350343904|facebook
No you are lying people are being fired and the governemnt is encouraging that. Trudeau sai if you implement the mandate,m we will back hence the protest will carry on. Remember civil disobidience is best way to stand up against tyranny|10159545475768904|Umar Khan Niazi|2022-02-03 23:58:33|1|0|10159545350343904|facebook
MSM is pissed they arent allowed in on the action. Go Rebel Media! Go Truckers!!!🇨🇦👊🇨🇦|10159545616028904|Kyle Robertson|2022-02-03 23:58:01|0|0|10159545350343904|facebook
Yet blockades on rr's lasted for weeks and months with not a disparaging word from any politician or cop - you cant have it both ways and retain credibility - pfft|10159545743698904|Jill Beach|2022-02-03 23:58:01|0|0|10159545350343904|facebook
Now everyone is breaking out their thinking caps about what’s right or not . Wearing a crappy mask to defeat the deadliest disease ever yeah makes sense ! Ordering food with a mask but sitting and eating in the same place yup another brilliant idea 💡|10159546387023904|Faraz Qureshi|2022-02-03 23:58:01|0|0|10159545350343904|facebook
Just exploring the outer boundaries of the law|10159545714308904|Hendrickson Keith|2022-02-03 23:58:01|0|0|10159545350343904|facebook
Cody, national media , globe , global, CTV , CBC .|10159545602798904|Jim Kavanagh|2022-02-03 23:58:31|1|0|10159545350343904|facebook
you obviously didn't read any news from BC, Alberta, Manitoba, or Saskatchewan then lol|10159545565478904|Cody Kenneth James Winstone|2022-02-03 23:58:31|1|0|10159545350343904|facebook
Nothing the government has done in the last 2 years is legal. This is peaceful assembly and that is our god given right!|10159550434158904|Tracy Vachon-Stubbington|2022-02-03 23:57:58|0|0|10159545350343904|facebook
are you kidding? Lmao there was massive outrage! Pretty much everyone supporting this convoy was calling those people terrorists and calling for the RCMP to arrest them all.|10159545517423904|Cody Kenneth James Winstone|2022-02-03 23:58:31|1|0|10159545350343904|facebook
why would he need to speak with them? About what? No one needs to cater to this type of behaviour and what exactly do you think would happen? We literally just had an election...duri ng the pandemic, no less! People have literally voted on these issues and if you are unhappy with it, well, welcome to democracy. Tantrums make the cause look laughable. Jesus. It's ironic they are complaining federally about provincial mandates that are being reduced (as we speak) across the country and yet they are infringing on the very freedoms of fellow citizens. What an absolute joke, and a disgrace.|10159546470493904|Claire Róisín|2022-02-03 23:58:30|1|0|10159545350343904|facebook
I wouldn't talk to these babies either|10159546515023904|Emelle Mybell|2022-02-03 23:58:30|1|0|10159545350343904|facebook
I suggest that they block all of their local Tim Hortons drive thrus and maybe local hockey arena parking lots. They'll really like that and support them. News at 11.|10159546535718904|Ralph Erdman|2022-02-03 23:58:00|0|0|10159545350343904|facebook
Tell that to the tough-only-when -it-suits-them cops.|10159546888553904|Pierre Dubuc|2022-02-03 23:58:00|0|0|10159545350343904|facebook
"Sick of hearing how ""badly you have it "".! The whole WORLD is dealing with covid! And you are whining about your life! What are you trying to prove???"|10159545773813904|Bonna Haldenby|2022-02-03 23:58:00|0|0|10159545350343904|facebook
What is it you people don't understand about Freedom? Unreal.|10159546527593904|Emelle Mybell|2022-02-03 23:58:05|1|0|10159545350343904|facebook
Enjoying the smear campaign ?|10159548655463904|Kevin Goodwin|2022-02-03 23:58:30|1|0|10159545350343904|facebook
And what is with the American flags? Tear them down and tell the trumpers to f off.|10159551574983904|Robert Bob Berg|2022-02-10 23:58:00|0|0|10159545350343904|facebook
They made their point, now move on! This is doing nothing but hurting your fellow Canadians.|10159546654003904|Bill Graham|2022-02-03 23:58:00|0|0|10159545350343904|facebook
The Globe and Mail should stop hiding and come out of the closet and declare themselves liberal mouth pieces.|10159549943053904|Brooks Matthews|2022-02-03 23:58:00|0|0|10159545350343904|facebook
Truckers rules Canada. Trudeau don't own Canada.|10159547058623904|Charles McDermott|2022-02-03 23:58:00|0|0|10159545350343904|facebook
Go Canooks were pulling for you folks !!!!|10159546458243904|Christopher Leeds|2022-02-03 23:58:00|0|0|10159545350343904|facebook
Good ol' G&M, towing the LPC line! LOL|10159545399588904|Frederick Hollinger|2022-02-03 23:58:00|0|0|10159545350343904|facebook
Still, these children need to go home|10159545602748904|David Wale|2022-02-03 23:58:00|0|0|10159545350343904|facebook
"All of the coverage shows ""PEACEFUL, PEACEFUL, PEACEFUL"" assembly .... supported financially, morally, with a continuing showing of support, food and funds by most locals. The blocades are by the police, mayor and police chief who threaten continually when all they had to do was meet and request trudeau to meet and act .... but Canada has no leader, no pm, and no MP's doing their jobs other than a few Conservatives ( who did not take sides ... just met and listened)."|10159548231283904|Donald Miller|2022-02-03 23:58:01|0|0|10159545350343904|facebook
It is actually criminal mischief|10159548094258904|Rich Sutherland|2022-02-03 23:58:01|0|0|10159545350343904|facebook
Clear them out|10159545755078904|Alexis Delray|2022-02-03 23:58:01|0|0|10159545350343904|facebook
Then move them out!|10159546698663904|Deb Kitchener|2022-02-03 23:58:01|0|0|10159545350343904|facebook
Well the government needs to drop all restrictions, mandates, and lockdowns going forward.|10159550242463904|Nofrendze Cleveland|2022-02-03 23:58:01|0|0|10159545350343904|facebook
🎯|10159545884938904|Phyllis Legatos|2022-02-03 23:58:01|0|0|10159545350343904|facebook
don't worry they were arrested. same thing would of happened in ottawa if these were native protesters' and we protested for clean drinking water for all of canada|10159545467048904|Merle B Peter-paul|2022-02-03 23:58:31|1|0|10159545350343904|facebook
Shan Ali maybe think it of as civic responsibility, your vaccination status is your choice. But with choice comes responsibly. If your not vaccinated you should not expect to be able to do certain things. If you don’t want to get a drivers license you can’t drive. Not the best example.|10159546133313904|Blair King|2022-02-03 23:58:07|1|0|10159545350343904|facebook
a) consequence like losing your job. Truckers were given notice of the vaccine. Chose not to get it. Throwing a temper tantrum like a child doesn't change a thing. To cross over, get vaccinated. Don't and face the consequences of not being allowed. B) never said it was a law broken.|10159546364713904|Kris Hopson|2022-02-03 23:58:07|1|0|10159545350343904|facebook
I heard Trudeau uses 12! I guess he needs that many lol|10159547902508904|Julie Anne|2022-02-03 23:58:23|1|0|10159545350343904|facebook
The situation may not change much if there were fewer restrictions as most of the adult population > including the truckers are fully vaccinated < ... the truckers just want the economy to open up.  The vaccine mandate passport system failed as fully vaccinated people spread the virus to each other anyway. The majority in hospital currently are fully vaccinated elderly people ... very few young adults, teens or kids get seriously sick with Covid19. It is still mostly an elderly person's illness... vaccinated or not. Elderly people may have been helped by the vaccines initially but the vaccines are becoming obsolete by now anyway.  The BC government now admits that about 60% of those hospitalized WITH Covid19 were actually admitted for other reasons but just tested positive after admission. We have been lied to all along. They used hospitalized people, who had other problems but tested positive after admission, to pad the stats and elevate the level of fear.  https:// www.statista.com /statistics/ 1228632/ number-covid-dea ths-canada-by-a ge/|10159546820033904|Kevin Goodwin|2022-02-03 23:58:16|1|0|10159545350343904|facebook
'what the truckers are doing' is perfectly clear: they are attacking a lawfully constituted government.|10159546061858904|Ron Pohl|2022-02-03 23:58:16|1|0|10159545350343904|facebook
Linda Sam this time it t has been two years. I have followed the rules for to long already and I’m done. My entire family has had covid. Some have had it twice. We are all fine|10159546064208904|Travis Poel|2022-02-03 23:58:16|1|0|10159545350343904|facebook
and yet Trudeau did during the railroad blockade that cost Canadians more money than this protest ever will.|10159548802623904|Curtis Lein|2022-02-03 23:58:10|1|0|10159545350343904|facebook
way to tell the world you have NO understanding of our Charter without telling the world you don't understand our charter 🤣🤪|10159546186128904|Louise E.V. Owen|2022-02-03 23:58:16|1|0|10159545350343904|facebook
well said!|10159546462203904|Claire Róisín|2022-02-03 23:58:16|1|0|10159545350343904|facebook
that is one of the most ridiculous, and yet simplistic and unrelated analogies I can think of. 🧐|10159546464443904|Claire Róisín|2022-02-03 23:58:16|1|0|10159545350343904|facebook
Responsibility means getting this mandate in the rear view mirror so that young people can have a future. The provinces are already taking the truckers view point into account and are going to lift mandates. Most of the truckers are vaccinated... they are NOT against vaccines ... they want the mandate passport system lifted... that is it.|10159546790538904|Kevin Goodwin|2022-02-03 23:58:16|1|0|10159545350343904|facebook
Dumping the vaccine passport system will not interfere in the health of the population. The mandates discriminate against healthy young people who do not need the vaccines. Almost everyone is vaccinated ... about 85% of adults. It is still an illness that affects mostly seniors anyway.  https:// www.statista.com /statistics/ 1228632/ number-covid-dea ths-canada-by-a ge/|10159546796453904|Kevin Goodwin|2022-02-03 23:58:16|1|0|10159545350343904|facebook
also a just cause as apposed to conspiracy fueled..|10159545772028904|Edmond Engelbrecht|2022-02-03 23:58:10|1|0|10159545350343904|facebook
Maybe he should treat them like the indigenous. Let’s see some arrests.  https:// www.google.ca/ amp/s/ www.bbc.com/ news/ world-us-canada- 51452217.amp|10159545761133904|Bruce Irwin|2022-02-03 23:58:10|1|0|10159545350343904|facebook
Just watched a video of the police escorting the fuel truck's to the front lines of the protest *  Its public on my page *|10159545487888904|Nicole Crausen|2022-02-03 23:57:59|0|0|10159545350343904|facebook
Who would negotiate with those idiots?! 🤦🏼‍♀️|10159545734943904|Fi Glennanne|2022-02-03 23:58:10|1|0|10159545350343904|facebook
While the govt is doing this yes technically the truckers are doing criminal mischief|10159548095558904|Rich Sutherland|2022-02-03 23:58:16|1|0|10159545350343904|facebook
exactly,!|10159548842253904|Karen Ripley Congdon|2022-02-03 23:58:16|1|0|10159545350343904|facebook
The right to walk into a business and be served without having to show a passcode. The vaccine passport system failed to protect seniors who spread the virus amongst themselves... they now fill the hospitals and most are fully vaccinated.|10159548875428904|Kevin Goodwin|2022-02-03 23:58:16|1|0|10159545350343904|facebook
A fake article produced by sucks. Sure, lots of people have died and almost all of them are over 60... the rest of the world is preparing to open up... we should too. Covid19 is still mostly an elderly person's illness... and the trucker convoy is NOT producing hospital patients. Young people need to live.  Once you begin using terms such as Alt Right I know I am dealing with a woke left wing juvenile imbecile... probably a PUBLIC SECTOR WORKER.|10159548877823904|Kevin Goodwin|2022-02-03 23:58:16|1|0|10159545350343904|facebook
the thing is USA won't let them cross if they are not vaccinated|10159548940343904|Carol McCann|2022-02-03 23:58:09|1|0|10159545350343904|facebook
Oh good she's angry! Well we have been angry for 2 years and you are upset about 1 week. Looks good on you!|10159548859393904|Christine Bonnett|2022-02-03 23:58:09|1|0|10159545350343904|facebook
plenty of confederate flags in the convoy, just google images. It is not an elderly person disease: death rate is higher among older people, big difference. And your point is?|10159549052668904|Senia Ra|2022-02-03 23:58:16|1|0|10159545350343904|facebook
So there’s no law that stops a protest( theoretically) Both sides will dispute unlawful? Let’s look far to the east and determine we’re this stops? Your choice media?|10159548778108904|Brian Jobbitt|2022-02-03 23:57:59|0|0|10159545350343904|facebook
amen|10159552524818904|Jan O'Brien|2022-02-10 23:58:10|1|0|10159545350343904|facebook
says the guy with the tRump banner .. head meet desk ..|10159546052313904|Jane Burkart|2022-02-03 23:58:16|1|0|10159545350343904|facebook
who are you to determine if I should get consequences, I haven’t broken the law. IT’S MY BODY!|10159546253663904|Melissa Beauregard|2022-02-03 23:58:07|1|0|10159545350343904|facebook
Sean Horne there is a vaccine mandate the government required a passport issued by the government to eat go to gym and other things why are you lying. I am fully vaccinated I’m against the Mandate I don’t like the second class citizen ship and stripping of rights because somebody chooses not to get the vaccine. This is not Communist China where you just mandate stuff|10159545542908904|Umar Khan Niazi|2022-02-03 23:58:14|1|0|10159545350343904|facebook
more like a MASSIVE DISPLAY OF WHITE PRIVILEGE 🤬|10159546204218904|Louise E.V. Owen|2022-02-03 23:58:13|1|0|10159545350343904|facebook
it's a way to show contempt without swearing.  They're announcing they can't be reasoned with.  They're also cowardly little twerps. So if you're a cowardly little twerps, by all means laugh emoji this comment.|10159546077438904|Stephen Humphrey|2022-02-03 23:58:12|1|0|10159545350343904|facebook
that's funny, I don't see him driving a truck.|10159545406258904|Sarah Bartlett|2022-02-03 23:58:14|1|0|10159545350343904|facebook
It's a step up. Before they were scribbling responses in crayon on their screens in all caps.|10159545740583904|Michael Fohr|2022-02-03 23:58:12|1|0|10159545350343904|facebook
or try to run in the next election yourself|10159545463048904|Merle B Peter-paul|2022-02-03 23:58:14|1|0|10159545350343904|facebook
who votes for these incompetent negligent criminal conservatives?|10159545478223904|Eugene Osudar|2022-02-03 23:58:14|1|0|10159545350343904|facebook
Get this through your thich head. THhis is anti mandates not anti vax. Many peole at the protest are vaccinated this is against mandates. You must me anti abortion mysagonist who thinks people should control bodies.|10159545479593904|Umar Khan Niazi|2022-02-03 23:58:14|1|0|10159545350343904|facebook
Emporer Trudeau has no clothes.|10159545498653904|Pierre-Louis Leclerc|2022-02-03 23:58:14|1|0|10159545350343904|facebook
What about the government blockading our lives....|10159548533413904|Wade Dawe|2022-02-03 23:57:59|0|0|10159545350343904|facebook
you are the one who is assuming that just because somebody is vaccinated means they support these mandates nobody supports these mandates most people took the vaccine under coersion|10159545548143904|Umar Khan Niazi|2022-02-03 23:58:14|1|0|10159545350343904|facebook
"Ha ha nice attempt to join the smear campaign... a ""fascist"" wants centralized control just as a communist does... the truckers want LESS government control... shouting ""racist"" and ""white supremacy"" is juvenile and inaccurate in this case.  It is interesting that the left wing are now bourgeois public sector employees for they most part... the left have abandoned the private sector working class... hence they smear the truckers."|10159548865818904|Kevin Goodwin|2022-02-03 23:58:11|1|0|10159545350343904|facebook
was it removed? I can’t find it.|10159552751343904|Kg Lea|2022-02-10 23:58:11|1|0|10159545350343904|facebook
Sean Horne What are the risks are you talking about both people whether vaccinated was on vaccination spread the virus and there is no risk and it’s not reasonable. I have a question if unvaccinated people are not allowed to travel how are all these variants coming into the country|10159545612378904|Umar Khan Niazi|2022-02-03 23:58:14|1|0|10159545350343904|facebook
no you are the one who sing 85% or vaccinated so you are speaking for me I’m not speaking for you I only speak for myself it’s not your place to speak for other people|10159545613308904|Umar Khan Niazi|2022-02-03 23:58:14|1|0|10159545350343904|facebook
Umar Khan Jesus, that sentence makes zero sense. Umar, I didn’t actually get the vaccine for 85% of the population…they did. I’m not speaking for anyone but myself and your comment is nonsense. I’m out. Have a good day.|10159545641698904|Claire Róisín|2022-02-03 23:58:14|1|0|10159545350343904|facebook
Sean Horne No the constitution doesn’t say anything about people being children this is dictatorial language that you were using who the hell meet you the arbiter of fools a child who is an adult as far as I know the constitution is very clear did anybody over the age of 18 is an adult. You don’t get to decide who is a child or not only thing is the left is getting authoritarian and it is about time they realize that the rest of the country is not going to tolerate it|10159545641943904|Umar Khan Niazi|2022-02-03 23:58:14|1|0|10159545350343904|facebook
most of this country disagrees with you. Most Canadians understand the dangers of this virus, and though they hate the hiding as much as you do, they don’t want to get others sick. They don’t want to collapse the healthcare system under the weight of infected cases needing medical interventions. In other words, they care more about doctors and nurses well-being and the lives of vulnerable Canadians than they do about their freedom to not wear a mask, or not get a perfectly safe inoculation, or not gather in groups, etc.  That’s the majority of Canadians. And that’s a little bit of heroism from each person willing to give up those freedoms for the health of others.  You know what’s not heroism?  Driving a truck to the capital to complain about losing those freedoms at a symbol that is only in part connected with them. The entire act is futile, so it’s really just an expression of frustration with no clear goal. We call that a “tantrum” when children do it.|10159545786058904|Aaron Ignacio-Deines|2022-02-03 23:58:14|1|0|10159545350343904|facebook
|10159546413678904|Robert Desmarais|2022-02-03 23:58:14|1|0|10159545350343904|facebook
I quess ur the crime minister s friend Get a life|10159546416313904|Robert Desmarais|2022-02-03 23:58:14|1|0|10159545350343904|facebook
typical brain washed|10159546419403904|Robert Desmarais|2022-02-03 23:58:14|1|0|10159545350343904|facebook
Nobody's pushing for a blockade but the editors of G&B are blockheads so there's that!|10159545683653904|Joey Marra|2022-02-03 23:57:59|0|0|10159545350343904|facebook
If anyone uses anything as a weapon, that should be illegal if it isn't already. A very small percentage of truck drivers are using their vehicles as a weapon, that should be illegal.|10159545755558904|Peter Tyrrell|2022-02-03 23:58:00|0|0|10159545350343904|facebook
They can be.|10159546071738904|Peter Tyrrell|2022-02-03 23:58:17|1|0|10159545350343904|facebook
🤣|10159545971873904|Sue Childerley|2022-02-03 23:58:21|1|0|10159545350343904|facebook
who are the nazis.... Confused|10159546286693904|Jane Donald|2022-02-03 23:58:08|1|0|10159545350343904|facebook
open your eyes. Businesses are being interrupted. People are being kept from resting in hotels occupied by load mouthed protesters. They are out there if you are observing|10159545652308904|Micheal Bisaillon|2022-02-03 23:58:21|1|0|10159545350343904|facebook
well if you say so it must be true🙄|10159545653493904|Micheal Bisaillon|2022-02-03 23:58:21|1|0|10159545350343904|facebook
exactly.....|10159545657458904|Jeff Leachman|2022-02-03 23:58:21|1|0|10159545350343904|facebook
The Prime Minister has more than temporary affected the rights of others in this country and I think he’s the one that needs to be taken away and some level of custody|10159548808573904|Dave Reid|2022-02-03 23:57:58|0|0|10159545350343904|facebook
so NOW??? blockading isn't legal?? probably more legal for some groups than others eh|10159545827718904|Jane Eliz|2022-02-03 23:57:58|0|0|10159545350343904|facebook
"""People are being kept from resting in hotels by loud mouthed protestors"" 😺 Quick, call in the army!"|10159545718693904|Jack Bird|2022-02-03 23:58:21|1|0|10159545350343904|facebook
Yes I do understand that is not an option. I was being sarcastic. If you read farther up the post you will see the comments that say nobody is forcing you to get vaccinated . There are consequences if you choose not to. If you have to choose between your career and getting vaccinated . That is force.|10159548120328904|Travis Poel|2022-02-03 23:58:07|1|0|10159545350343904|facebook
✌️🇨🇦❤️|10159545874823904|Jay Labatte|2022-02-03 23:58:21|1|0|10159545350343904|facebook
Noise bylaw is not a crime. It would be mischief under criminal code. But no cops are charging anyone with that when no one in Ottawa is complaining for it.|10159546368813904|Kris Hopson|2022-02-03 23:58:07|1|0|10159545350343904|facebook
I have no idea. If you're out and about with something that you're going to use as a weapon, you could be charged but that doesn't make you a terrorist unless there is evidence that suggests you are one.|10159546297613904|Peter Tyrrell|2022-02-03 23:58:17|1|0|10159545350343904|facebook
Funny, I’m pretty sure I see plenty of intelligent “right wing” responses on this post.|10159547667053904|FedoЯR Johnny|2022-02-03 23:58:12|1|0|10159545350343904|facebook
...a myth.|10159546306048904|Stephen Humphrey|2022-02-03 23:58:07|1|0|10159545350343904|facebook
WRONG !! Contrary to claims about “fascist” vaccine mandates currently circulating on the Right, the Nazis actually relaxed German vaccine mandates — and hoped doing the same for people they conquered would kill them faster.https:// www.jacobinmag.c om/2021/09/ vaccine-mandates -covid-pandemic -german-nazi-in oculation-polic y|10159546245293904|Louise E.V. Owen|2022-02-03 23:58:22|1|0|10159545350343904|facebook
and this CONvoy is not 100km long ffs and the majority of Canadians DONOTSUPPORT IT. You've been CONNED.|10159546248123904|Louise E.V. Owen|2022-02-03 23:58:22|1|0|10159545350343904|facebook
it's actually the other way around. My mask protects you. Your lack of mask makes you a risk to others|10159546280753904|Dave Thomson|2022-02-03 23:58:07|1|0|10159545350343904|facebook
Lockdowns are under Provincial not Federal jurisdiction.|10159547741323904|Sharona Plakidas|2022-02-03 23:58:22|1|0|10159545350343904|facebook
so 2/3 of the country aren’t for free speech? Even if it’s just 1/3 (which I highly question) thats a large group.|10159548940148904|Chris Nelson|2022-02-03 23:58:22|1|0|10159545350343904|facebook
"""A"" for effort, but your deflection is a fail. Ignoring both constitutional and human rights is a sign you might be a fascist."|10159551693758904|Scotty Mills|2022-02-10 23:58:22|1|0|10159545350343904|facebook
Time for the army!!!|10159548133683904|Judy Miller|2022-02-03 23:58:00|0|0|10159545350343904|facebook
OH now you're worried about rights!! What a coincidence, That's exactly what they are fighting for!!|10159548679703904|Mary Jane Jones|2022-02-03 23:57:58|0|0|10159545350343904|facebook
But when the government interferes and strips rights from the citizens do they cease to enjoy the protection of the law??? Or??|10159552255368904|Katie Marie|2022-02-10 23:57:58|0|0|10159545350343904|facebook
People have the right to Public Peaceful Protest… Truck’s are not peoples so why are they thought o have those same rights!|10159550518633904|Barbara Blower|2022-02-03 23:57:58|0|0|10159545350343904|facebook
yes it is|10159552527878904|Jan O'Brien|2022-02-10 23:58:20|1|0|10159545350343904|facebook
Pull a Quebec an call in the military to clear them out|10159552410618904|Fern Francoeur|2022-02-10 23:58:00|0|0|10159545350343904|facebook
Oh. So Fairy Creek protesters, pipeline protesters should all go home and rail protesters should have only been a few days. Hmm.|10159552524208904|Jan O'Brien|2022-02-10 23:58:00|0|0|10159545350343904|facebook
"Maybe they're doing so under the ""Emergenct Act""🤔"|10159546590673904|Janet QueenEsther Lewis|2022-02-03 23:58:00|0|0|10159545350343904|facebook
Truckers are maintaining access for emergency vehicles. It was always in the plans.|10159545675898904|Frank Ch Eigler|2022-02-03 23:58:09|1|0|10159545350343904|facebook
Alberta however does have laws against blockades and we got truckers interfering with a high traffic border crossing.|10159545669708904|Casey Beaudette|2022-02-03 23:58:09|1|0|10159545350343904|facebook
I believe western countries are under attack and that the same people exploiting the fault lines between people in the US are now doing so in Canada. This is not an organic protest that bubbled up from average Canadians. This has been organized by people who want to sow division. To answer your question about which media I consume and trust, I like to read a variety of newspapers that you would call “legacy” media. I do not watch news on TV.|10159548725088904|Holly Greenberg|2022-02-03 23:58:17|1|0|10159545350343904|facebook
How about lockdown and mandates interfering with the rights of Canadians? I guess they are not legal either.|10159546093328904|Nel Grond|2022-02-03 23:58:00|0|0|10159545350343904|facebook
Ridiculous. They are there for EVERYONE. This is a democratic society where different views must be heard and not silenced or immediately canceled. Grow up and realize that your views aren’t the only ones that exist.|10159546428303904|Bailey Ettinger|2022-02-03 23:57:58|0|0|10159545350343904|facebook
The more you try to point out how radical, illegal, destructive, fascist ... these people are the more people are seeing how absurd your claims really are. I'm sure everyone knows someone who is there positng pictures and videos that show the exact opposite. The duplicity of how you are treating these individuals is not going unnoticed. Quit before you fall further|10159545760603904|Sandra Salanki|2022-02-03 23:57:58|0|0|10159545350343904|facebook
So, people have the right to protest, but all protest activities are illegal... So, what people have one more time?!?!|10159545973618904|Theodora Yanakieva|2022-02-03 23:57:58|0|0|10159545350343904|facebook
** legally….**|10159545684568904|Steve Cobblehoff|2022-02-03 23:58:18|1|0|10159545350343904|facebook
clown|10159548813983904|Rob Scott|2022-02-03 23:58:08|1|0|10159545350343904|facebook
I beg to differ with you it’s perfectly legal I’ve been down there many times and they’re not blowing the horn‘s past 11 PM or before 7 AM which is within City Of Ottawa noise bylaw. Parking on the street is perfectly legal because they are demonstrating and that is also legal in Canada these people have done nothing wrong and if anything our heroes! They’ve been suffering for two years with no help from Trudo he’s been a complete waste of space. When restrictions all over the world are coming down he wants to increase them here ridiculous|10159546093108904|Chris Urban|2022-02-03 23:58:18|1|0|10159545350343904|facebook
exactly, or any other leftist protest where the law was ignored.|10159546415063904|Gregory Willis|2022-02-03 23:58:19|1|0|10159545350343904|facebook
loud and obnoxious truck horns and people on the street being harrassed for wearing a mask|10159545470333904|Merle B Peter-paul|2022-02-03 23:58:20|1|0|10159545350343904|facebook
Yes, if the G&M and their loyal subscribers were a little more consistent in their outrage I might be inclined to agree with them about this protest. Because of their double standards though, I have no real sympathy for the people in Ottawa who are having to endure the constant blare of horns. They've stayed silent or supported their ideological brethren whenever they've done much worse.|10159545484118904|Carey Closs|2022-02-03 23:58:20|1|0|10159545350343904|facebook
The only person harassed for wearing a mask was the fake protester carrying the rebel flag.|10159545490828904|Carey Closs|2022-02-03 23:58:20|1|0|10159545350343904|facebook
and they never asked where the money came from like now maybe back then trudeau supported them|10159545537273904|Stephen Harding|2022-02-03 23:58:20|1|0|10159545350343904|facebook
This comment is the epitome of the entire Karen Convoy. 😂 #whineyassbitche s|10159545737303904|Fi Glennanne|2022-02-03 23:58:08|1|0|10159545350343904|facebook
What refutes science? Better science. Not your ideology ,not your politician or your church. Not some radio talk show host or some individual doctor or nurse but evidence based science. Saw this coming a mile away! Thanks anti vaxxers for fighting for the right to make the wrong decision based upon alternative facts. That's why all government policies regardless of politics has to be legally bound to our collective current understanding of sound evidence based science and not some silly private ideology that cherry picks data. As that will lead us into a false sense of security and lead us into a dangerous path that are far reaching from economics to the well being of future generations https:// www.msn.com/ en-ca/money/ topstories/ workers-calling- in-sick-in-reco rd-numbers-amid -omicron-wave/ ar-AATtBXO?ocid= msedgdhp&pc=U53 1|10159546324718904|Andrew Merritt|2022-02-03 23:58:01|0|0|10159545350343904|facebook
