﻿comment|comment_ids|username|datetime|isreply|num_replies|post_id|label
Why not just meet with the truckers?|10159553474713904|Cathy Bowslaugh|2022-02-09 23:07:40|0|6|10159553405398904|facebook
Yeah ok. Hey, on a completely unrelated story, next time I want to lower my city property taxes, I'll go complain to the post office. Think that will work? It'll be just as effective as the feds repealing mandates in the provinces/ mandates in other countries.|10159553442358904|Jane Karen Sims|2022-02-09 23:07:56|1|4|10159553405398904|facebook
why should he meet with them! Occupiers|10159554029763904|Steve Cobblehoff|2022-02-09 23:07:47|1|4|10159553405398904|facebook
Why are police officers wearing masks outside when they are not sick?|10159553837553904|Darlene Dove|2022-02-09 23:07:40|0|3|10159553405398904|facebook
has dumb has some Trudeau’s crew is that be next move bringing in Chinese to drive these trucks!!|10159554574583904|Terry Wilson|2022-02-09 23:07:47|1|3|10159553405398904|facebook
bums are more useful then some Canadian Politicians these days. 😄|10159553470908904|Mel Smith|2022-02-09 23:07:48|1|3|10159553405398904|facebook
aren't you precious|10159553806863904|Jo-Ann Milchak|2022-02-09 23:07:50|1|2|10159553405398904|facebook
they are too fearful to engage with friendly working class people. I mean what might they do.|10159553510628904|Patricia Olson|2022-02-09 23:07:46|1|2|10159553405398904|facebook
there is no particular source you trust? Googled the police returning the fuel they seized....no coverage from media outlets. I get better updates from the thousands of protesters posting their first hand experiences.|10159553494188904|Mel Smith|2022-02-09 23:07:48|1|2|10159553405398904|facebook
nope 62 % oppose the demonstrations|10159556688718904|Cheryl Suszek-Marmara|2022-02-09 23:07:44|1|2|10159553405398904|facebook
Read the Ottawa Citizen. Use google. It’s free.|10159553488823904|Anthony Fornasier|2022-02-09 23:07:48|1|2|10159553405398904|facebook
The protesters are bums. They have met with them.|10159553442023904|Anthony Fornasier|2022-02-09 23:07:48|1|2|10159553405398904|facebook
Ooh, great response. Very insulting. I'm so hurt! Coming from... someone from Saskatoon? Yikes. No wonder - when someone comes from one of the worst cities in Canada, from one of its worst provinces, what should I expect?|10159553496643904|Jane Karen Sims|2022-02-09 23:07:56|1|2|10159553405398904|facebook
you really think they should meet with white supremacist Pat King?? He definitely does not speak for me or the majority of Canadians.|10159553471628904|Philip Standard|2022-02-09 23:07:48|1|2|10159553405398904|facebook
Do they know that they can not catch covid when they are outside in the fresh air. That is the science. IF they want to do so that is their choice but there is not any science to support them doing so.|10159556676963904|Darlene Dove|2022-02-09 23:07:41|1|2|10159553405398904|facebook
oh! So you are upset about the consequences of your actions. I get it.|10159553535428904|Philip Standard|2022-02-09 23:07:56|1|2|10159553405398904|facebook
TALK TO THE PROTESTORS OR ORGANIZERS , that's all they want and will go back home!|10159553510858904|Marinella Gonzalez|2022-02-09 23:07:40|0|2|10159553405398904|facebook
again when did this happen in Ottawa. Heard of negotiations in Alberta but only whining in Ottawa.|10159553479078904|Mel Smith|2022-02-09 23:07:48|1|2|10159553405398904|facebook
I know you've official graduated to that special file of I'm trying to prove I graduated from University,. However my credentials are missing! Then Eric had a moment and printed a graduated certificate of incredible honors of receiving a degree in absolutely absurdity|10159553827043904|Jo-Ann Milchak|2022-02-09 23:07:53|1|1|10159553405398904|facebook
The cops and the city have met with them.|10159553472343904|Anthony Fornasier|2022-02-09 23:07:48|1|1|10159553405398904|facebook
wow! It's not about hate, it's about good governing, leadership is about bringing people together,.findi ng common ground and to reach decisions that are acceptable to most. Leadership isn't about dismissing people and frankly telling them, your fringe, your racist, your homophobic, you don't respect women, etc. We Canadians come from all walks of life, different heritage, different cultures, with different traditions which makes Canada so wonderful. This man tries and tries to break the heart of Canada and us Canadians. It's selfish, it's destructive and frankly it's just not healthy for all of us. It doesn't matter what your political leanings are but he's type of leadership isn't right|10159553793543904|Jo-Ann Milchak|2022-02-09 23:07:53|1|1|10159553405398904|facebook
watch the videos of him!!! The hateful words come right out of his mouth!! Are you kidding me?|10159553481533904|Philip Standard|2022-02-09 23:07:48|1|1|10159553405398904|facebook
Research.|10159553485048904|Anthony Fornasier|2022-02-09 23:07:48|1|1|10159553405398904|facebook
got a link for me since information is being censored left right and centre. Please share your fountain of knowledge.|10159553487918904|Mel Smith|2022-02-09 23:07:48|1|1|10159553405398904|facebook
are you and  little little trolls having fun? It's tag team night|10159553817053904|Jo-Ann Milchak|2022-02-09 23:07:53|1|1|10159553405398904|facebook
"it's hate. and don't try to school me on ""leadership"". again if he's so bad what are the opposing parties doing? and since you like to veer off topic, a second question, why would Justin's goal as leader of Canada to break Canadians and Canadian's hearts? to what end? why would someone work so hard to get Canadians to vote for him only to break them?"|10159553812953904|Eric Stephano|2022-02-09 23:07:53|1|1|10159553405398904|facebook
the bums are sitting IN the H.O.C not out in the trucks.|10159553462603904|Ben Hill|2022-02-09 23:07:48|1|1|10159553405398904|facebook
look up Tamara Lich as well as the PPC party and the Maverick party. They are the organizers. Horrible people who do not represent the people of Canada at all.|10159553494948904|Philip Standard|2022-02-09 23:07:48|1|1|10159553405398904|facebook
Keep digging.|10159553495643904|Anthony Fornasier|2022-02-09 23:07:48|1|1|10159553405398904|facebook
would rather end this pointless discussion 😄|10159553497843904|Mel Smith|2022-02-09 23:07:48|1|1|10159553405398904|facebook
and you are hiding under a truck?|10159553805918904|Maria CT|2022-02-09 23:07:50|1|1|10159553405398904|facebook
Marinella, that’s not what they want at all.  Why on Earth does everyone in this occupation keep saying this?  The organizers have specifically stated that they want to deal with the Governor General and the Senate. They have drawn up a contract for the Governor General and the Senate Speaker to sign, agreeing to form a new coalition government with the organizers of the protest, who will from then on, represent Canadian’s, where the GG and SS will follow the rules laid out in the MOU they’ve provided (which includes the removal of all mandates) or they will resign. If the GG and SS sign this agreement they state in the agreement that they will stop the occupation.  They are attempting to replace our current government. It’s black mail.  I’m getting the sense that people who support this group haven’t actually gone to their website and read their material or the intentions behind it. You really, REALLY, should.|10159553690918904|Amanda Kelley|2022-02-09 23:07:50|1|1|10159553405398904|facebook
Bill Blair is s bought politician. Just says whatever liberals want him to|10159553522013904|Chris Urban|2022-02-09 23:07:40|0|1|10159553405398904|facebook
well talk to your family and friends, by the way what nationality is CT?|10159553814093904|Jo-Ann Milchak|2022-02-09 23:07:50|1|1|10159553405398904|facebook
I am not hiding under false inf. I do not have to report to stupid people on facebook. My page is only available to my family and friends.|10159553811918904|Maria CT|2022-02-09 23:07:50|1|1|10159553405398904|facebook
Well who knows, when someone hides under false info! You knows you might be Canadian or someone with not so nice intentions towards Canada|10159553810443904|Jo-Ann Milchak|2022-02-09 23:07:50|1|1|10159553405398904|facebook
Big boys trying to where big boy pants,. Maybe conversation with the truckers might help!|10159553517883904|Jo-Ann Milchak|2022-02-09 23:07:40|0|1|10159553405398904|facebook
"""wear"" and I thought this wasn't about the truckers anymore?"|10159553684338904|Eric Stephano|2022-02-09 23:07:53|1|1|10159553405398904|facebook
private Justin supporter! whoo hoo! Congratulations ! hiding in Tuffino|10159553805228904|Jo-Ann Milchak|2022-02-09 23:07:50|1|1|10159553405398904|facebook
Waiting to hear about a meeting with the protesters. Meetings amongst themselves won't solve the demonstrates|10159553433398904|Mel Smith|2022-02-09 23:07:40|0|1|10159553405398904|facebook
omg are you stupid or something? My facebook page is private. Yes, I am a Trudeau supporter and will continue to be until there is an alternative. And not hiding. I am not stupid to have my page open to the world. Why are you hiding behind sunglasses?|10159553803673904|Maria CT|2022-02-09 23:07:50|1|1|10159553405398904|facebook
are you a whispering troll for omg Justin,. No information on Facebook! Omg hiding out like Justin|10159553800293904|Jo-Ann Milchak|2022-02-09 23:07:50|1|1|10159553405398904|facebook
and so they should. They are nothing more than low lives trying to take over a democratically elected government.|10159553796053904|Maria CT|2022-02-09 23:07:40|0|1|10159553405398904|facebook
darn autocorrect on Facebook, yes it's about the whole mismanagement by liberals,. Since Justin's appearance in politics it's been about dividing Canadians. Since the pandemic it's been a power trip towards the elites, friends of friends getting contracts with really no results but money. Then the special boy wonder sent money out to assist Canadians which was absolutely correct to do because of lockdowns, the problem was there were really no parameters and it's became a free for all. Can't wait to see the books. Now the little boy pants comments well when these wonderful people who've been delivering goods prior to vaccines where heroes now because Justin changed the rules there outcasts. Instead of having conversations they've been demonized|10159553770923904|Jo-Ann Milchak|2022-02-09 23:07:53|1|1|10159553405398904|facebook
Speaking among themselves is how we got into this mess in the first place. Will they ever learn??|10159553459443904|Bruce R Collens|2022-02-09 23:07:40|0|1|10159553405398904|facebook
as they should. they are children throwing tantrums crying freedom while taking cities hostage. you're hate to Justin is clear. Remember one thing, Justin and the Libs only have a thin minority rule. How is he able to commit all these atrocities as you described and the opposing parties not able to do a thing about it? Is Justin that much smarter than the opposing parties or are Cons really that dumb? Which is it?|10159553778778904|Eric Stephano|2022-02-09 23:07:53|1|1|10159553405398904|facebook
at least we can agree on one thing lol|10159553510668904|Mel Smith|2022-02-09 23:07:48|1|1|10159553405398904|facebook
Sometimes good things take longer than 40 seconds.  Lol.|10159553498948904|Anthony Fornasier|2022-02-09 23:07:48|1|1|10159553405398904|facebook
we already have one|10159554113368904|Rick Shore|2022-02-09 23:07:50|1|1|10159553405398904|facebook
they go home when the mandates are gone.|10159553438098904|Ben Hill|2022-02-09 23:07:56|1|1|10159553405398904|facebook
It has shown the failure of our education system and objective critical thinking. Although the deep divide is actually the Conservative government itself divided, with a smidge of the far left. The far left and the far right tend to have more in common then they like to admit from a psychological perspective. The far right don't like authority telling them what to do(its why they don't like government up in their private business and the far left don't like government at all. Anarchists. So really we are dealing with dueling egos. This is why the anti vaxx cults tend to use emotional arguments based upon insecurities and misinformation rather then facts and figures. Its really about ones ego. I noticed not only is the antivaxxers have been repeatably shown to be wrong they debate about the right to be wrong under the guise of civil liberties even though its been demonstrated scientifically that by giving in to the anti vaxxers we may worsen the spread with even more mutant strains. Cutting of the nose to spite the face. Do we really want to go there? Pride before the fall? When will the government get back to science(evidenc e) based policies instead of all these silly egocentric arguments that have little to do with health measures for the safety of the general public. People before ideologies please. https:// www.skepticalrap tor.com/ skepticalraptorb log.php/ vaccine-science- why-i-do-resear ch-better-than- anti-vaxxers/ ?fbclid=IwAR1W6G PbJK7SdRbHTPfgb QBZcBWQ1qSMW2vr XXLrEy1UfjKoWnJ JYvAnaQA|10159553431613904|Andrew Merritt|2022-02-09 23:07:40|0|1|10159553405398904|facebook
call in the war measures act|10159556680023904|Cheryl Suszek-Marmara|2022-02-09 23:07:44|1|1|10159553405398904|facebook
yea I am sure Justin Trudeau is at war against his citizens 🤣|10159556684128904|Kevin Ho|2022-02-09 23:07:44|1|1|10159553405398904|facebook
they are there for the federal Mandates as well. You are aware of those right?|10159553451338904|Robert Bonnie|2022-02-09 23:07:56|1|1|10159553405398904|facebook
you dont even live in Ottawa so stop crying Karen.|10159553443053904|Ben Hill|2022-02-09 23:07:56|1|1|10159553405398904|facebook
perfect analogy! They look like fools sitting at a federal building where no one has worked for two years.|10159553473488904|Philip Standard|2022-02-09 23:07:56|1|1|10159553405398904|facebook
The ones targeting federal employees? Since when do Insurrection-li te types care about bureaucrats and federal employees. If you're talking about the truck mandate, even if Canada repealed theirs, the US still has one. So all those horn honkers, threat-makers and porch poopers in Ottawa can do all they want but they won't change that one.|10159553482773904|Jane Karen Sims|2022-02-09 23:07:56|1|1|10159553405398904|facebook
The truckers have made their point - and given the direction from top public health officials in the provinces, some of the restrictions are already starting to be relaxed. Time to go home and stop bothering the residents of Ottawa.|10159553433073904|Jane Karen Sims|2022-02-09 23:07:40|0|1|10159553405398904|facebook
Because the right to protest is legal in Canada. You have to commit a crime that is punishable by arrest before they can arrest you.|10159553510513904|Zane Grey|2022-02-09 23:07:44|1|1|10159553405398904|facebook
offer a bbq and a beer, and invite their kids to the bouncy castles THE HORROR|10159553512068904|Frank Ch Eigler|2022-02-09 23:07:46|1|1|10159553405398904|facebook
or how about calling in the military to get the yahoos out|10159553571898904|Josh Field|2022-02-09 23:07:46|1|1|10159553405398904|facebook
|10159553582213904|Frank Ch Eigler|2022-02-09 23:07:46|1|1|10159553405398904|facebook
you'd think the tow trucks would be making a killing by now.|10159553486133904|Jim Bedell|2022-02-09 23:07:44|1|1|10159553405398904|facebook
Why won't the cops arrest the blockaders?|10159553462658904|Gerry Gibeault|2022-02-09 23:07:40|0|1|10159553405398904|facebook
you should probably just stay hiding in your house or wherever. That’s the safest place for you. Honk Honk. 😁😁|10159553493443904|Robert Bonnie|2022-02-09 23:07:56|1|1|10159553405398904|facebook
fascist|10159553935893904|Patricia Olson|2022-02-09 23:07:46|1|1|10159553405398904|facebook
anarchist|10159553961458904|Josh Field|2022-02-09 23:07:46|1|1|10159553405398904|facebook
"MAYBE THEY CAN PLAN OUT THEIR NEXT PLANT, WITH A ""CONFEDERATE FLAG"".......WHA T A JOKE!!!"|10159553490293904|Beverley LaBrosse|2022-02-09 23:07:40|0|1|10159553405398904|facebook
They were free to go to Ottawa to protest freedom|10159553454198904|Brendan Tsetso|2022-02-09 23:07:40|0|1|10159553405398904|facebook
It’s time that this so called mayor along with that parasite leader we have for a prime minister meets with the truckers- but Trudeau will have use honesty for answers and might be too much for the likes of him!!!|10159553501423904|Terry Wilson|2022-02-09 23:07:40|0|1|10159553405398904|facebook
the U.S. truckers want the mandates gone and are planning their own protest.HONK HONK 🚛|10159553509728904|Ben Hill|2022-02-09 23:07:56|1|1|10159553405398904|facebook
why do you care? Freedom of choice….|10159554030323904|Steve Cobblehoff|2022-02-09 23:07:41|1|1|10159553405398904|facebook
Whatever that is happening in Ottawa is just a symbol, although the way you deal with it certainly have consequences…. However, the key is, this is going on everywhere, and it is becoming a political issue…. This quickly goes from whatever 💩 Justin Trudeau called it, to a state of emergency, to a national political crisis! This is not something that you can deal with, with a few ministers and a Mayor, wake up Liberals, you guys are losing it!|10159553461008904|Kevin Ho|2022-02-09 23:07:40|0|1|10159553405398904|facebook
what mandates? I am free to do anything I want right now.|10159553472578904|Philip Standard|2022-02-09 23:07:56|1|0|10159553405398904|facebook
Honk Honk Baby. If you ever get brave and want to leave home stop in we will have coffee on for you. 😂😂|10159553503863904|Robert Bonnie|2022-02-09 23:07:56|1|0|10159553405398904|facebook
bs.Are you FREE to travel withou a vax passort? Are you FREE to go to a gym,a bar ,a restaurant without a vax passport? Can you freely have as many friends and family over for dinner as you want? No I didnt think so!|10159553507728904|Ben Hill|2022-02-09 23:07:56|1|0|10159553405398904|facebook
not|10159556677768904|Cheryl Suszek-Marmara|2022-02-09 23:07:52|1|0|10159553405398904|facebook
my actions? Sorry Bud I am in Costa Rica drinking beer on a beach lol.Nice try at shaming😂🤣😂🤣|10159553643743904|Ben Hill|2022-02-09 23:07:56|1|0|10159553405398904|facebook
ha ha are they nuts|10159556681678904|Cheryl Suszek-Marmara|2022-02-09 23:07:50|1|0|10159553405398904|facebook
Simple solution; end the lockdowns and Mandates. If the Liberals are holding out for 100% vaccination we will never move beyond the social control.|10159556604388904|Kg Lea|2022-02-09 23:07:40|0|0|10159553405398904|facebook
“Pfizer is expecting to produce 4 billion doses of its COVID-19 vaccine in 2022, up from 3 billion the year before.” Enjoy the ride! 🤞|10159553442393904|Ro Sy|2022-02-09 23:07:56|1|0|10159553405398904|facebook
this site sucks too much censorship|10159553530363904|Peter Smith|2022-02-09 23:07:40|0|0|10159553405398904|facebook
🚛🇨🇦🚛🇨🇦honk honk|10159553475418904|Mitchell J Gagnon|2022-02-09 23:07:55|1|0|10159553405398904|facebook
Delusional bs!|10159553439093904|Ben Hill|2022-02-09 23:07:55|1|0|10159553405398904|facebook
backed by Confederate loving Americans Tom Cruise and Trump wake up honey wake up cuz we all are we can all see it but its diplomatic how you have to handle it ... Oh i know if the Prime Minister steps down and your people take over the world is going to be happy and full of love hello and happening|10159553597143904|Joanne Johnson-Meyers|2022-02-09 23:07:54|1|0|10159553405398904|facebook
no it's exposing stup1d time. and yes it's fun. now try to answer at least one question.|10159553818608904|Eric Stephano|2022-02-09 23:07:53|1|0|10159553405398904|facebook
No talking or compromise there ,they will say to just get them out ..stay strong truckers ,we are behind you all the way !!|10159553533263904|Pam Parker|2022-02-09 23:07:40|0|0|10159553405398904|facebook
spoiled brats who can't have their way. This is a democracy|10159556678628904|Cheryl Suszek-Marmara|2022-02-09 23:07:53|1|0|10159553405398904|facebook
Please Mr Blair put an end to this insurrection. You have our support!!!!|10159556675313904|Cheryl Suszek-Marmara|2022-02-09 23:07:40|0|0|10159553405398904|facebook
These politicians down there doing what they are doing today show how far they will go to hold onto their power. Disgusting individuals no tolerance, no moral compass. We see them.|10159554771743904|Shawn Wayne Dubois|2022-02-09 23:07:40|0|0|10159553405398904|facebook
He should be discussing dropping the mandates.|10159553666963904|Jack Massalski|2022-02-09 23:07:40|0|0|10159553405398904|facebook
Why don't these ministers sit down and talk to the protestors? Have a dialog and gain an understanding of their issue to come to a resolution. Keep the coward Trudeau out of it. He is a divisive force and won't be helpful.|10159555089888904|Doug Galan|2022-02-09 23:07:40|0|0|10159553405398904|facebook
Just pile on the tickets and let them whine when they are register the trucks again. Or, even better, it would seem the vehicles have been abandoned, auction them on site!|10159553765933904|Michael Patterson|2022-02-09 23:07:40|0|0|10159553405398904|facebook
no its their way are no way. Not going to happen|10159556680858904|Cheryl Suszek-Marmara|2022-02-09 23:07:50|1|0|10159553405398904|facebook
Strong people to meet with.|10159553486798904|Jane Rawluk|2022-02-09 23:07:40|0|0|10159553405398904|facebook
Why don't people talk about you clogging the government . Edna|10159553709978904|Bill Davis|2022-02-09 23:07:40|0|0|10159553405398904|facebook
you have absolutely no idea what a dictator is. So sad you think you do.|10159554116378904|Steve Cobblehoff|2022-02-09 23:07:50|1|0|10159553405398904|facebook
anarchist? Based on what? Baseless comments unlike mine which is based on your fascists comment that you removed. Even your little truck in the circle is laughable.|10159554031473904|Patricia Olson|2022-02-09 23:07:46|1|0|10159553405398904|facebook
for what?|10159553789398904|Maria CT|2022-02-09 23:07:46|1|0|10159553405398904|facebook
yes ... That you think that's ok ... Is whats horrifying ... We get it ... You all want peace n love ... Now ... Go home ...|10159553594888904|Joanne Johnson-Meyers|2022-02-09 23:07:46|1|0|10159553405398904|facebook
Which ones? The Trump supporters or the Nazis?|10159553497543904|Jane Karen Sims|2022-02-09 23:07:46|1|0|10159553405398904|facebook
why would they, the flutruxclan has ridiculous demands.|10159553488963904|Frank DeJong|2022-02-09 23:07:46|1|0|10159553405398904|facebook
for what exactly?|10159553486733904|Jim Bedell|2022-02-09 23:07:46|1|0|10159553405398904|facebook
Liar!|10159557578818904|River Sutton|2022-02-09 23:07:45|1|0|10159553405398904|facebook
"There are 2 kinds of truckers: 1) those who are socially responsible and caring about the health and safety of others; and, 2) a fringe minority who have co-opted the word ""freedom"" to guise bigotry, hatred, bullying and violence as liberty."|10159553942368904|Gordon Earle|2022-02-09 23:07:40|0|0|10159553405398904|facebook
believe it or not, let say you kill the 10% unvaccinated, omicron is still beating you, cuz the vaccine has been outdated, but governments all over the globe is making mandate on this outdated experimental vaccine 🤣|10159556696253904|Kevin Ho|2022-02-09 23:07:44|1|0|10159553405398904|facebook
So the war measure act suddenly becomes the civil war measure act 🤣 according to you|10159556693383904|Kevin Ho|2022-02-09 23:07:44|1|0|10159553405398904|facebook
Truckers go to the Source= J T's safe, quiet place.....his home, his hideout. Don't punish the good citizens of Ottawa. THEY or the majority of them want the mandates gone too. 🤔🙄|10159553693513904|Carol Leckie-Van Horne|2022-02-09 23:07:40|0|0|10159553405398904|facebook
they support protestors and have been refusing to help|10159554315748904|LordHenry Wotton|2022-02-09 23:07:44|1|0|10159553405398904|facebook
oh i bet the ink is dryi g on the draft|10159553590713904|Joanne Johnson-Meyers|2022-02-09 23:07:44|1|0|10159553405398904|facebook
emergency preparedness?|10159553484103904|Li Eron|2022-02-09 23:07:40|0|0|10159553405398904|facebook
and they have. time to go home.|10159553685393904|Eric Stephano|2022-02-09 23:07:42|1|0|10159553405398904|facebook
Interesting to see if they leave now most of the mandates have been taken off. Doubt that will happen.|10159553915903904|John Ellis|2022-02-09 23:07:40|0|0|10159553405398904|facebook
actually science proves you can. Truth.|10159556753433904|Steve Cobblehoff|2022-02-09 23:07:42|1|0|10159553405398904|facebook
huh? Okay then…….|10159556708678904|Steve Cobblehoff|2022-02-09 23:07:42|1|0|10159553405398904|facebook
cause they don't want covid from truckers|10159556675958904|Cheryl Suszek-Marmara|2022-02-09 23:07:41|1|0|10159553405398904|facebook
they don’t want to catch anything from the “carriers”|10159554400493904|Sean Horne|2022-02-09 23:07:41|1|0|10159553405398904|facebook
you call these morons peaceful? Give me a break.|10159553799608904|Maria CT|2022-02-09 23:07:46|1|0|10159553405398904|facebook
read the MOU. they’re insurrectionist s. criminals.|10159554401153904|Sean Horne|2022-02-09 23:07:46|1|0|10159553405398904|facebook
really? they're not demanding an end to ALL mandates? do any of the even know what they want?|10159553683468904|Eric Stephano|2022-02-09 23:07:50|1|0|10159553405398904|facebook
always one in the crowd that’s not with anything that’s going on with our parasite leader and his bandits- truckers are there in Ottawa for reasons that Trudeau started against them and he’s not man enough to apologize to them|10159554076363904|Terry Wilson|2022-02-09 23:07:47|1|0|10159553405398904|facebook
And??? Your solution + NDP Green Block input? Don't ask the P. C. as they support this noisy protest. Remember this at election time.|10159553987778904|Paul Rodger|2022-02-09 23:07:40|0|0|10159553405398904|facebook
and what nationality are you. I am Canadian.|10159553816843904|Maria CT|2022-02-09 23:07:50|1|0|10159553405398904|facebook
well you are more than me since you have a problem with a democratic elected leader.|10159553807823904|Maria CT|2022-02-09 23:07:50|1|0|10159553405398904|facebook
no I am not Justin Trudeau’s private person neither have I ever met the man. How do you know that I am not NDP?|10159553807083904|Maria CT|2022-02-09 23:07:50|1|0|10159553405398904|facebook
learn what? That you have zero input? Looks like they already know.|10159553485538904|Jim Bedell|2022-02-09 23:07:49|1|0|10159553405398904|facebook
Absolutely|10159553511183904|Anthony Fornasier|2022-02-09 23:07:48|1|0|10159553405398904|facebook
Again another INDIVIDUAL to research, but since 1982 freedom of association is an entrenched right.|10159553496543904|Mel Smith|2022-02-09 23:07:48|1|0|10159553405398904|facebook
you keep commenting saying they’re all bums like it gets old but calling you a clown will never get old 🤡🤡🤡|10159553492373904|Joe Knight|2022-02-09 23:07:48|1|0|10159553405398904|facebook
Which ones? The ones waving Confederate flags? those with Nazi flags? Maybe the ones hanging Trudeau in effigy? Oh, I know, the ones who say their goal is to overthrow the government and replace it with the Senate, Governor General and a Committee of Public Safety? Savory bunch, these guys!|10159553491993904|Jane Karen Sims|2022-02-09 23:07:48|1|0|10159553405398904|facebook
I will have to do more research on that ONE person. But would never universally generalize as you have.|10159553486138904|Mel Smith|2022-02-09 23:07:48|1|0|10159553405398904|facebook
I heard Pat King is not what he seems. No I think they should meet with the protesters and not government plants there to agitate the situation. Does the rhetoric taste good? I refuse to be spoon feed by the media and politicians notorious for manipulating facts.|10159553475413904|Mel Smith|2022-02-09 23:07:48|1|0|10159553405398904|facebook
you really think the liberals should support a PM that wore blackface so many times he has trouble remembering it.You know thats racism?|10159553474648904|Ben Hill|2022-02-09 23:07:48|1|0|10159553405398904|facebook
indeed!|10159553473303904|Ben Hill|2022-02-09 23:07:48|1|0|10159553405398904|facebook
when did they do that? And without the name calling please. Try to be an adult here.|10159553462088904|Mel Smith|2022-02-09 23:07:48|1|0|10159553405398904|facebook
you don't talk to radicals|10159556676718904|Cheryl Suszek-Marmara|2022-02-09 23:07:47|1|0|10159553405398904|facebook
Trudeau started this?? Laughable|10159556396683904|Steve Cobblehoff|2022-02-09 23:07:47|1|0|10159553405398904|facebook
huh?|10159556393398904|Steve Cobblehoff|2022-02-09 23:07:47|1|0|10159553405398904|facebook
it’s our parasite leader Trudeau has started all this crap and even some of his staff saying he’s went too far with it-and l still say this is supposed be a free country where you are allowed your own opinions but around Trudeau and his corrupt gang it’s limited!!|10159554572128904|Terry Wilson|2022-02-09 23:07:47|1|0|10159553405398904|facebook
these truckers have worked hard and deserve better than Trudeau will do for them|10159554078683904|Terry Wilson|2022-02-09 23:07:47|1|0|10159553405398904|facebook
baaaaaa|10159553644208904|Ben Hill|2022-02-09 23:07:56|1|0|10159553405398904|facebook
