﻿comment|comment_ids|username|datetime|isreply|num_replies|post_id|label
child endangerment using them as human shields, cowards offering up their kids to be teargased or trampled in a policing operation; old people in walkers tempting fate need to re-think their inner protester inclinations|10159571259188904|Lorraine Thomas|2022-02-16 21:36:42|0|6|10159570566803904|facebook
I cannot believe these parents subjecting their children to this craziness never mind the chaos, the noise, the fumes...do these children go to school ? How is this happening when you live in a semi for 21 days??|10159571141063904|Joanne Creamer|2022-02-16 21:36:41|0|6|10159570566803904|facebook
I don't watch MSM thats an American channel we don't get that sorry. I am not ashamed of myself. I don't support racism,I am not anti immigration. I don't believe in putting my foot on the neck of a city and its citizens, country and its economic stability. This reaction by the government and hence the police was provoked 21 days, constant air horns harrassment,shi tting on doorsteps because of a rainbow flag. Assaulting people because they wear a mask. Totalitarian government! These people thought they could kick the PM and the Parliament (legally elected)out and appoint 3 people to run the country. What! Don't tell me to be ashamed while you condone a racist, separatists using foreign money to overthrow our government.|10159571430943904|Karen Ripley Congdon|2022-02-16 21:36:49|1|5|10159570566803904|facebook
the people with tear gas, pepper spray, horses, guns and batons aren’t harming anyone ?|10159571990713904|Jay Labatte|2022-02-16 21:36:43|1|3|10159570566803904|facebook
This is Canada: only a coward would hide behind their kids!|10159571710423904|Rick Moffet|2022-02-16 21:36:52|1|3|10159570566803904|facebook
they were not trampled. No one was hurt except for a horse who had a bike thrown under its hoofs. They charge the man. Did you see anyone trampled? It was live feed and no one was trampled,I did see a horse react to something it was likely the bike. Please don’t quote the Bible verses. These people are not Christian,they are causing distress to others. I live by the Golden Rule.|10159571334593904|Karen Ripley Congdon|2022-02-16 21:36:49|1|3|10159570566803904|facebook
Why were they there is the first place??? Complete lack of parenting skills.|10159570813333904|Donna Blair|2022-02-16 21:36:42|0|3|10159570566803904|facebook
The cops are the only safety concern there. For 3 weeks it was safe and peaceful. 0 injuries, 0 violence. They show up and trample old ladies and pepper spray news reporters. Absolutely sickening.|10159571567598904|Jay Labatte|2022-02-16 21:36:42|0|2|10159570566803904|facebook
Disgusting, people hiding behind their children, putting them in danger, using them to try to avoid arrest and prosecution. Seriously making them live for weeks in cramped quarters without proper bathroom facilities.|10159572155468904|Miracle Emery|2022-02-16 21:36:42|0|2|10159570566803904|facebook
What were children doing there in the first place except to use them to protect this illegal protest!!!! Not a protest an alt right wing group of wannabe Trump politics|10159572214538904|Pauline Loughton|2022-02-16 21:36:42|0|2|10159570566803904|facebook
I guess you didn't realize that schools and the mask mandates in schools were the provincial government and municipalities, not federal. 🙄|10159572702908904|Debbie-Peter Robinson|2022-02-16 21:36:43|1|2|10159570566803904|facebook
I can’t Believe that Trudeau could be so cruel to children and to make them be home every day away from their friends and the only known social interaction for many. How cruel to cause Such mental anguish on children. How cruel to make them breathe in what their body is expelling for a reason day after day hour after hour. Can you imagine the panic some children must feel when they feel that they’re not breathing properly. Mental anguish must be hell.|10159572393578904|Debbie Moore|2022-02-16 21:36:43|1|2|10159570566803904|facebook
or living in the cab of a semi. You missed the point and the point you are making is ridiculous.|10159571761673904|Karen Ripley Congdon|2022-02-16 21:36:49|1|2|10159570566803904|facebook
This is how video gets warped. There’s literally other video of this on Twitter showing the crowd pushing those people into the horses. Did the officers try to trample the people, or did people behind push forward at the wring time, or were there malicious people behind pushing them to use them for propaganda? Who knows? But after the multiple warnings to these people to move, it can’t be claimed that the police moved without warning.|10159571867813904|Karen Ripley Congdon|2022-02-16 21:36:49|1|2|10159570566803904|facebook
Poor kids having stupid parents who bring them and keep them at a protest like this when they've been warned to make arrangements for them to be elsewhere or the parents and kids to leave. It's cruel and extremely selfish of parents to subject their children to this.|10159571882838904|Doris Dallaire|2022-02-16 21:36:41|0|2|10159570566803904|facebook
if they want to be there, why can’t they be there?|10159571662023904|Jay Labatte|2022-02-16 21:36:43|1|2|10159570566803904|facebook
Peaceful protesters do not disrupt residential neighbourhoods and businesses with loud horns and large intimidating vehicles and harrass homeless shelters. If they want to protest peacefully as is their right, get out of the scary machines and do so. Sasha.|10159571393688904|Gerry Sasha|2022-02-16 21:36:52|1|2|10159570566803904|facebook
No the government and police should not endanger children.|10159572508028904|Bogumila Siedlanowska|2022-02-16 21:36:42|0|2|10159570566803904|facebook
Ya it was soooo peaceful.|10159572432358904|Donna Blair|2022-02-16 21:36:52|1|2|10159570566803904|facebook
nobody is using their kids as shields you idiot. That’s something you lemmings make up in your heads. Watch the videos, when the cops were kicking, beating, trampling and tear gassing people, there were no children around|10159571750108904|Chad Welder|2022-02-16 21:36:52|1|2|10159570566803904|facebook
unless you were wearing a mask, trying to go to work, gay,or a healthcare worker.|10159571764013904|Karen Ripley Congdon|2022-02-16 21:36:51|1|2|10159570566803904|facebook
it's called child endangerment, you got kids, if you do they should be taken away from you.|10159571576238904|Brendon Mcaskill|2022-02-16 21:36:43|1|2|10159570566803904|facebook
Who's creating the dangerous situation? Peaceful protestors or government thugs? Funny how people can twist the truth to suit their needs.|10159572057113904|Eddie Davidson|2022-02-16 21:36:45|1|2|10159570566803904|facebook
what I sent you must be fake.|10159571363373904|Kevin Phinney|2022-02-16 21:36:49|1|1|10159570566803904|facebook
those trucks are made to live in. As for horses trampling peaceful protesters, that's ok? 2Thessalonians 2:11.|10159571098023904|Kevin Phinney|2022-02-16 21:36:49|1|1|10159570566803904|facebook
did you honestly think this was going to go your way that the government is going to give in. Really.To bring their children was asinine. I can't stand Trudeau either but blocking a major road and blowing their horns , was ridiuclous, especially when he wasn't even there.The only people you angered were the people that lived around there and worked around there.|10159572077123904|Brigitte Tavani|2022-02-16 21:36:45|1|1|10159570566803904|facebook
I have participated in protests and the first rule is no children. If you have to stand behind children to prove your point, you may want to reconsider your priorities. Disgusting.|10159572102208904|Mary Dale|2022-02-16 21:36:45|1|1|10159570566803904|facebook
to bring police there was wrong!|10159573222643904|Brandon Bartlett|2022-02-23 21:36:45|1|1|10159570566803904|facebook
there was no choice. They wouldn't move . It was the protesters choice. This whole protest was wrong in how they did it. protest yes. but do not block a major road where people cannot get through and can't go to work. They were disrupting thier lives. Do you wonder really what thier agenda was. I wonder how many of them voted Trudeau in ,and now they regret it.|10159573303903904|Brigitte Tavani|2022-02-23 21:36:45|1|1|10159570566803904|facebook
There was lots of choice. The entire thing could have been resolved simply by meeting and talking...who refused? Why, the paranoid wannabe dictator, of course.|10159575949023904|Edo Monty|2022-02-23 21:36:45|1|1|10159570566803904|facebook
I agree the chicken should of came and talked , but two wrongs do not make it right.|10159576776133904|Brigitte Tavani|2022-02-23 21:36:45|1|1|10159570566803904|facebook
Parents should be ashamed having kids live in the city were there is gang violence, homelessness, fumes, noise, etc.|10159571665278904|Fitzroy Antdantilus|2022-02-16 21:36:49|1|1|10159570566803904|facebook
Unbelievable! CFS should take these children away—- no questions asked|10159572506493904|Eddie Calisto-Tavares|2022-02-16 21:36:42|0|1|10159570566803904|facebook
you should be ashamed for judging families for their choices.|10159571571908904|Jay Labatte|2022-02-16 21:36:49|1|1|10159570566803904|facebook
Time to parent shame. Enough is enough.|10159571964318904|Fiona M Hamilton|2022-02-16 21:36:42|0|1|10159570566803904|facebook
lol.|10159571452648904|Kevin Phinney|2022-02-16 21:36:49|1|1|10159570566803904|facebook
The only reason children shouldn’t be there is because the police brought violence to an otherwise peaceful protest!|10159573226978904|Brandon Bartlett|2022-02-23 21:36:42|0|1|10159570566803904|facebook
this is Canada, we are not supposed to be worried about uniformed thugs using violence to break up a peaceful protest|10159571262623904|Chad Welder|2022-02-16 21:36:51|1|1|10159570566803904|facebook
Canada does not deal with terrorists|10159575771978904|Philip Standard|2022-02-23 21:36:48|1|1|10159570566803904|facebook
Parents should be ashamed of themselves. Subjecting kids to living in a truck for 21 days,fumes from truck, and the noise level. Holding hands across a street to stop police. Shameful|10159570783288904|Karen Ripley Congdon|2022-02-16 21:36:42|0|1|10159570566803904|facebook
disruption is the entire point of a protest. Instead of any diplomacy the PM decided to let it fester and sew even more division in this country. I don’t blame citizens of Ottawa for being put out by all of this, but I think no matter what colour your political stripe is the blame should go to the leaders of this country. I think the conservatives and NDP can take some blame too|10159571407363904|Chad Welder|2022-02-16 21:36:52|1|1|10159570566803904|facebook
to bring children there was wrong. I knew this was not going to end well. and now you put your children in danger.|10159571850163904|Brigitte Tavani|2022-02-16 21:36:42|0|1|10159570566803904|facebook
again all this conflict could have been avoided in a sit down fact finding meeting with the PM .but that does not suit a agenda .by justin !|10159572136343904|Peter Mesi|2022-02-16 21:36:42|0|1|10159570566803904|facebook
Time to shame the politics that's created this situation but oh that's too far out of people's peripheral vision to conceive.|10159572062213904|Eddie Davidson|2022-02-16 21:36:46|1|1|10159570566803904|facebook
you don't take kids to a volatile situation. There are other ways to teach them|10159571719503904|Wilde Brandy Orange|2022-02-16 21:36:43|1|1|10159570566803904|facebook
they were told to go home. Given lots of warning. Once that happens, take your kids and go. Adults stay, I don't care...you are responsible for your own actions, but remaining with kids is just stupid and very sad.|10159571735843904|Wilde Brandy Orange|2022-02-16 21:36:43|1|1|10159570566803904|facebook
but the cops endangering them are no concern to you?|10159571645418904|Jay Labatte|2022-02-16 21:36:43|1|1|10159570566803904|facebook
those will be the bullies in the yard. The ones who think they are above the laws. The ones with ties to racists and neo nazis sympathizers. Those will be the selfish kids who don't think they have a responsibility to take care of the health and well being of their neighbours if it's a tad inconvenient to them.|10159572907888904|Wilde Brandy Orange|2022-02-23 21:36:43|1|1|10159570566803904|facebook
These children will be stronger for it and be more wise to the lies, manipulation and corruption that is our government and these children will be advocates for freedom from big tyrannical governments.|10159571529693904|Chris Killeleagh|2022-02-16 21:36:43|1|1|10159570566803904|facebook
this is Canada, not North Korea. Parents should never have to worry about armed thugs using violence and chemical weapons on peaceful protesters|10159571264863904|Chad Welder|2022-02-16 21:36:44|1|1|10159570566803904|facebook
those will be the strongest kids in the country.|10159571737818904|Jay Labatte|2022-02-16 21:36:43|1|1|10159570566803904|facebook
People taking their kids out of school for three weeks and making them live in a truck in the middle of an Ottawa winter in order to use them as a shield are very likely bad parents. Any very regrettable consequences to these poor vulnerable children are clearly the fault of these idiots who brought them in the first place, not the police trying to restore order. Sasha.|10159571377823904|Gerry Sasha|2022-02-16 21:36:44|1|1|10159570566803904|facebook
restoring order?? There was no disorder until armed thugs in uniform showed up and started being violent|10159571381888904|Chad Welder|2022-02-16 21:36:44|1|1|10159570566803904|facebook
, did they make an informed decision to be there or did their parents just bring them? The cops aren’t endangering the them, their parents are. They obviously weren’t thinking about the consequences of their actions, whatever happens is on them|10159571943353904|Janet Mosher|2022-02-16 21:36:43|1|1|10159570566803904|facebook
Well, I think residents and businesses in the downtown core of Ottawa as well as the homeless shelter that was harrassed by members of the protest might disagree with you on that point. Sasha.|10159571386313904|Gerry Sasha|2022-02-16 21:36:44|1|1|10159570566803904|facebook
I guess that depends on your province. BC is not doing too badly for keeping kids in schools. Sasha.|10159571489748904|Gerry Sasha|2022-02-16 21:36:44|1|1|10159570566803904|facebook
it wasn’t volatile until the pigs got there|10159571730178904|Jay Labatte|2022-02-16 21:36:43|1|1|10159570566803904|facebook
the protest is non violent. One way to keep it non violent is to bring your children. The non violent gathering is garinteed under the charter of rites and freedom.  Hitler's germany would be proud of the Canadian government. Hitler vilified jews, and non conformist. Hitler stole there money. See any parallel with what the liberals are doing. I do. Hitlers germany would be proud of the gastapo tactics used by the police and army to brake up a peaceful legal demonstration garintee by our constitution. (Copy and Share this far and wide)|10159573065503904|Gordon Jarvis|2022-02-23 21:36:42|1|1|10159570566803904|facebook
what school, it’s been a joke for two years|10159571432013904|Dave Thomas|2022-02-16 21:36:44|1|1|10159570566803904|facebook
they shouldn't be there to begin with.|10159571660103904|Brendon Mcaskill|2022-02-16 21:36:43|1|1|10159570566803904|facebook
Gay? What are even talking about?|10159571834973904|Ed Gilpin|2022-02-16 21:36:51|1|0|10159570566803904|facebook
|10159572239003904|Kieran O'Shea|2022-02-16 21:36:49|1|0|10159570566803904|facebook
I love how Globe twist thing around people if you don't know the facts why comment.|10159571697108904|Bruce Patton|2022-02-16 21:36:42|0|0|10159570566803904|facebook
Children's Aid and Child Protective Services need to do a sweep|10159572505928904|Aziza Mamoru|2022-02-16 21:36:42|0|0|10159570566803904|facebook
, like I said, we think differently.|10159571887158904|Kevin Phinney|2022-02-16 21:36:49|1|0|10159570566803904|facebook
Aziza Mamedova Wrong.|10159575973213904|Edo Monty|2022-02-23 21:36:50|1|0|10159570566803904|facebook
shame on the police for doing that, and the government and those is doing that, you talk about children safety, strange you never did before with this health issue,|10159571863778904|James Siple|2022-02-16 21:36:42|0|0|10159570566803904|facebook
Oh you mean the entire reason why they brought their kids with them?|10159572808413904|Jesse Astle|2022-02-16 21:36:42|0|0|10159570566803904|facebook
Yeah, you can't blame the police who gave lots of warning that they were going to clear out the occupiers.|10159573194893904|Christine Astle|2022-02-23 21:36:50|1|0|10159570566803904|facebook
buddy there is no hope for you. Your job as a parent is to protect your children at all costs, not put them in the line of fire in front of you.|10159571666118904|Brendon Mcaskill|2022-02-16 21:36:43|1|0|10159570566803904|facebook
Not to mention the freezing conditions!|10159571860348904|Joan Hurren|2022-02-16 21:36:49|1|0|10159570566803904|facebook
You mean the chaos, fumes, noise, etc. of everyday city living?|10159571662793904|Fitzroy Antdantilus|2022-02-16 21:36:43|1|0|10159570566803904|facebook
your so full of hate, seeing a old lady in a walker getting trampled for most people of the world is a horrible thing irregardless of what she's done, but for people like you joy, maybe it's You that needs to rethink your inner inclinations|10159571848318904|Ken Hill|2022-02-16 21:36:44|1|0|10159570566803904|facebook
exactly|10159572508848904|Bogumila Siedlanowska|2022-02-16 21:36:51|1|0|10159570566803904|facebook
that is so disgusting, I think you should move to Russia|10159572430923904|Donna Blair|2022-02-16 21:36:52|1|0|10159570566803904|facebook
Did the government force these foreign funded yeehawdists to bring their kids along?|10159573608983904|Jerry Chong|2022-02-23 21:36:52|1|0|10159570566803904|facebook
But it's okay for their parents to bring them to a protest and endanger them. smh|10159572545403904|Debra Yundt|2022-02-23 21:36:52|1|0|10159570566803904|facebook
Way too many people are angry at the wrong group. You should be worried that police can be set on peaceful protesters to beat them up for exercising their rights.|10159574801813904|Alicia Stacey|2022-02-23 21:36:42|0|0|10159570566803904|facebook
Bahaha...are you claiming to have 'parenting skills'? A fascist, enjoying the armed occupation of the capital?|10159575974148904|Edo Monty|2022-02-23 21:36:52|1|0|10159570566803904|facebook
I should move to Russia?? You dingbat, you’re the one standing up with totalitarians! People like me are trying to keep this country free, how can you be so stupid?? Someone throws a bike and that’s all you have?? BLM and Antifa actually murdered 12 people in their demonstrations and you think throwing a bike is bad? It’s scary to think idiots like you walk among us and vote|10159572553488904|Chad Welder|2022-02-16 21:36:52|1|0|10159570566803904|facebook
if you are comparing Canada and Trudeau to Germany and Holter you have to right to be out anyway along. You are a sick sad little man.|10159573339923904|Karen Ripley Congdon|2022-02-23 21:36:42|1|0|10159570566803904|facebook
You mean the lady that threw her bike at them.|10159572431553904|Donna Blair|2022-02-16 21:36:52|1|0|10159570566803904|facebook
This is Canada. How disgusting of the police to ride their horses over top of an old woman with a walker. Is this your Canada? It is not mine.|10159571829933904|Ed Gilpin|2022-02-16 21:36:52|1|0|10159570566803904|facebook
healthcare workers on parliament hill? Prove these people you say were harassed, where’s the media coverage and photos or videos showing these acts you speak of??|10159572590093904|Carol Gammel|2022-02-16 21:36:51|1|0|10159570566803904|facebook
👍👍👍|10159571376543904|Nancy Zettel|2022-02-16 21:36:43|1|0|10159570566803904|facebook
OH poor baby can't handle a little inconvenience. It's affecting his life so it must be important. How selfish of you.|10159571671453904|Fitzroy Antdantilus|2022-02-16 21:36:52|1|0|10159570566803904|facebook
best history lesson they will ever get. Teach them how to fight back now so they never end up in a mess like this again.|10159571574513904|Jay Labatte|2022-02-16 21:36:52|1|0|10159570566803904|facebook
some people don’t want their kids to live in the world that would result from losing this battle. Might as well teach them how to fight back now. Maybe they won’t end up in this mess again.|10159571569643904|Jay Labatte|2022-02-16 21:36:43|1|0|10159570566803904|facebook
your opinion but children should see how corrupt and tyrannical the system is and why we need to fight back, sadly we have to many people living in some illusion that government is good and the cops are your friends, they serve the same masters which is the almighty dollar, power and control.|10159571582108904|Chris Killeleagh|2022-02-16 21:36:43|1|0|10159570566803904|facebook
those vicious horns|10159571763448904|Jay Labatte|2022-02-16 21:36:49|1|0|10159570566803904|facebook
90|10159571659648904|Madelyn Hayes|2022-02-16 21:36:43|1|0|10159570566803904|facebook
👍👍👍|10159571376933904|Nancy Zettel|2022-02-16 21:36:52|1|0|10159570566803904|facebook
OMG Karen, quit drinking the Tru-anon Kool-aid girl. You sound absolutely ridiculous. #trudeauisacowar d #TrudeauFailedCa nada #TrudeauNotFitFo rOffice #TrudeauCorrupti on #TrudeauMustResi gn|10159571496573904|Christine McCulloch|2022-02-16 21:36:49|1|0|10159570566803904|facebook
I feel no shame in thinking children should not be subjected to fumes from trucks,air horns.|10159571759813904|Karen Ripley Congdon|2022-02-16 21:36:49|1|0|10159570566803904|facebook
The mRNA technology is dangerous. Research it and start advocating that these shots never be given to children.|10159573064358904|Darlene Dove|2022-02-23 21:36:45|1|0|10159570566803904|facebook
everyone on social media is doing that.|10159572092173904|Fiona M Hamilton|2022-02-16 21:36:46|1|0|10159570566803904|facebook
The mRNA shots are risky and ineffective. They shouldn't be given to children. If you really cared you would look in the reality of the shots, the effect of masking on children and start advocating to end the mandates.|10159573063463904|Darlene Dove|2022-02-23 21:36:42|1|0|10159570566803904|facebook
what laws?|10159573361198904|Jay Labatte|2022-02-23 21:36:43|1|0|10159570566803904|facebook
You're such a good little fascist.|10159575946733904|Edo Monty|2022-02-23 21:36:46|1|0|10159570566803904|facebook
Hmmm...separati ng children by parents by force...where have I heard of that before? Germany, sometime in the 40's? Canada in residential schools? Trump's Mexican border separations? What short memories (and appalling behavior) these people demanding that gestapo kidnap children from their loving parents...|10159575946333904|Edo Monty|2022-02-23 21:36:45|1|0|10159570566803904|facebook
the protest is non violent. One way to keep it non violent is to bring your children. The non violent gathering is garinteed under the charter of rites and freedom.  Hitler's germany would be proud of the Canadian government. Hitler vilified jews, and non conformist. Hitler stole there money. See any parallel with what the liberals are doing. I do. Hitlers germany would be proud of the gastapo tactics used by the police and army to brake up a peaceful legal demonstration garintee by our constitution. (Copy and Share this far and wide)|10159573068068904|Gordon Jarvis|2022-02-23 21:36:45|1|0|10159570566803904|facebook
👍👍👍|10159571376618904|Nancy Zettel|2022-02-16 21:36:44|1|0|10159570566803904|facebook
|10159572236378904|Kieran O'Shea|2022-02-16 21:36:47|1|0|10159570566803904|facebook
Speaking of wrong... https:// fb.watch/ bkLQktAL8q/|10159576779103904|Edo Monty|2022-02-22 09:19:00|1|0|10159570566803904|facebook
Speaking of disgusting, look in a mirror. Or in the PMO. Hmmm...separati ng children by parents by force...where have I heard of that before? Germany, sometime in the 40's? Canada in residential schools? Trump's Mexican border separations? What short memories (and appalling behavior) these people demanding that gestapo kidnap children from their loving parents...|10159575948013904|Edo Monty|2022-02-23 21:36:45|1|0|10159570566803904|facebook
what’s the difference between that and trudeau using his children to hide at home? Would have been nice to see his positive test.|10159571431038904|Dave Thomas|2022-02-16 21:36:44|1|0|10159570566803904|facebook
the cops could just not trampled and spray people 🤷‍♂️ how do you people twist your minds to blame the victims?|10159571571173904|Jay Labatte|2022-02-16 21:36:44|1|0|10159570566803904|facebook
Interesting that you can only refer to one event right at the start, not even sure the 2 people involved were actually with the convoy but videos of the protesters show that they are peaceful people. Lots of kids are homeschooled for all of the naysayers|10159571659593904|Murray Phillips|2022-02-16 21:36:44|1|0|10159570566803904|facebook
the protest is non violent. One way to keep it non violent is to bring your children. The non violent gathering is garinteed under the charter of rites and freedom.  Hitler's germany would be proud of the Canadian government. Hitler vilified jews, and non conformist. Hitler stole there money. See any parallel with what the liberals are doing. I do. Hitlers germany would be proud of the gastapo tactics used by the police and army to brake up a peaceful legal demonstration garintee by our constitution. (Copy and Share this far and wide)|10159573068708904|Gordon Jarvis|2022-02-23 21:36:44|1|0|10159570566803904|facebook
Trudeau Trudeau can't you come up with another line. Parents choices have repercussions. All choices have consequences. Grow up.|10159573327568904|Karen Ripley Congdon|2022-02-23 21:36:43|1|0|10159570566803904|facebook
Hmmm...separati ng children by parents by force...where have I heard of that before? Germany, sometime in the 40's? Canada in residential schools? Trump's Mexican border separations? They're still looking for some of those children, who were bought and sold, thanks to trumpenfuhrer. What short memories (and appalling behavior) these people demanding that gestapo kidnap children from their loving parents...|10159575979443904|Edo Monty|2022-02-23 21:36:47|1|0|10159570566803904|facebook
no video of alleged bike incident?|10159571721103904|Arlene Wright|2022-02-16 21:36:49|1|0|10159570566803904|facebook
, it's mind boggling really.|10159572715223904|Debra Dineen|2022-02-16 21:36:43|1|0|10159570566803904|facebook
I saw the photo with the toddler with gas jerrycan backpack. That says it all.|10159572541013904|Debra Yundt|2022-02-16 21:36:44|1|0|10159570566803904|facebook
👍👍👍|10159571376743904|Nancy Zettel|2022-02-16 21:36:49|1|0|10159570566803904|facebook
yes they did trample people, just because msm didn’t cover it doesn’t mean it didn’t happen. I watched it and it’s absolutely disgusting. You should be ashamed of yourself supporting unprovoked violence. When you start denying or making excuses for totalitarian garbage like this, you’ve lost the plot and your humanity|10159571370388904|Chad Welder|2022-02-16 21:36:49|1|0|10159570566803904|facebook
, it’s funny how you were screaming “blue lives matter” months ago and now that they aren’t doing exactly what you want, they are the bad guys🤦‍♀️. The police are suppose to have pepper spray, guns etc, that’s what they always do during protests🤦‍♀️. And please do me a favour and don’t compare this to Nazi Germany because no one is being tortured or murdered, if you can’t tell the difference then read a history book|10159571996028904|Janet Mosher|2022-02-16 21:36:43|1|0|10159570566803904|facebook
have you heard that the police have harmed the children that the neglectful parents brought with them for this illegal action?|10159572073873904|Bob Williams|2022-02-16 21:36:43|1|0|10159570566803904|facebook
these are the same parents fighting to get their children back in school during the pandemic. These are the same people who said that children wearing BLM shirt were being brainwashed. I have participated in many protests and not bringing children is the first rule.|10159572099218904|Mary Dale|2022-02-16 21:36:43|1|0|10159570566803904|facebook
then you must be dancing in the streets now !|10159575804393904|Peter Mesi|2022-02-23 21:36:48|1|0|10159570566803904|facebook
your mindless|10159573135848904|Jennifer Leonard|2022-02-23 21:36:43|1|0|10159570566803904|facebook
Bs. The truckers MOU includes overthrowing our duly elected government. Fxck these foreign funded yeehawdists. Hard.|10159573606923904|Jerry Chong|2022-02-23 21:36:48|1|0|10159570566803904|facebook
the protest is non violent. One way to keep it non violent is to bring your children. The non violent gathering is garinteed under the charter of rites and freedom.  Hitler's germany would be proud of the Canadian government. Hitler vilified jews, and non conformist. Hitler stole there money. See any parallel with what the liberals are doing. I do. Hitlers germany would be proud of the gastapo tactics used by the police and army to brake up a peaceful legal demonstration garintee by our constitution. (Copy and Share this far and wide|10159573067478904|Gordon Jarvis|2022-02-23 21:36:43|1|0|10159570566803904|facebook
Should be. That's why LE should stand down. No threat to children before LE had to comply with their orders.  Would have been amazing had they instead, taken a knee. It would have turned amazingly positive. But the threats loom Large against an already exhausted and understaffed LE.  Add to that Canadians have one of the highest debt to income ratios in the world, not alot of people are prepared to stand up for what is right when they might lose it all as a consequence.|10159572110403904|Daniel O'Keefe|2022-02-16 21:36:42|0|0|10159570566803904|facebook
There were no children...ffs watch a live feed once in awhile.|10159576312318904|Mike Armes|2022-02-23 21:36:42|0|0|10159570566803904|facebook
https:// ca.movies.yahoo. com/amphtml/ fox-news-contrib utor-admits-cre ating-003133239 .html|10159573783188904|Fidelia Fidelia|2022-02-23 21:36:48|1|0|10159570566803904|facebook
The truckers MOU includes overthrowing our duly elected government. They are in violation of several laws. It's not peaceful. Any other country would have had the water cannons and dogs out within a day or two.|10159573605508904|Jerry Chong|2022-02-23 21:36:48|1|0|10159570566803904|facebook
Rule number one for protests, you never bring your kids. Rule number two you do not put jerrycan backpacks on toddlers. Rule number three you do not use your children as human shields.|10159573623698904|Debra Yundt|2022-02-23 21:36:52|1|0|10159570566803904|facebook
