﻿comment|comment_ids|username|datetime|isreply|num_replies|post_id|label
makes sense, we have third of the US population, now take into consideration the hospitals correcting the number of covid cases, 60% were not covid admissions, now we have the real numbers and apparently this adjustment is worldwide, so how serious is this pandemic which is now being fueled by the fully vaxed because of the failure of these shots|10159562073673904|Patrick Perrier|2022-02-16 21:20:43|1|8|10159561785178904|facebook
Why are you negotiating with terrorists?|10159561801508904|Lynda Jean|2022-02-16 21:20:37|0|7|10159561785178904|facebook
Government force people to follow the rules and laws and the protester force theirs will and let all the others to accept it. What is the differences. If you have TB and walk around without wearing a mask or quarantine your self, you will spread the disease to other people. What if I said my freedoms to live as I wish, will you accept it? Make your own judgement. If you only experience the horrible diseases you will know . People learn from experience only.|10159561918428904|Joshua Thein|2022-02-16 21:20:37|0|6|10159561785178904|facebook
please refer to section 83.01 of the Criminal Code.|10159562734823904|Lynda Jean|2022-02-16 21:20:42|1|4|10159561785178904|facebook
|10159561901953904|Robert Bonnie|2022-02-16 21:20:46|1|4|10159561785178904|facebook
Fringe you mean nuts who wanted to overthrow Canadian democracy|10159561889268904|Sharon Taylor|2022-02-16 21:20:46|1|4|10159561785178904|facebook
When you attack the person instead of discussing or even arguing the point, you lose by committing the fallacy of ad hominem: (Attacking the person): This fallacy occurs when, instead of addressing someone's argument or position, you irrelevantly attack the person or some aspect of the person who is making the argument.|10159562966473904|Joanne Bradley|2022-02-16 21:20:43|1|4|10159561785178904|facebook
Canadians should not have to negotiate with anyone who holds a city and it’s residents hostage in the name of a BS Freedom Protest😡|10159561929388904|Susan Larocque|2022-02-16 21:20:37|0|3|10159561785178904|facebook
Poor babies inconvenienced for 14 days while the whole country has been held in continual fear, lockdowns and covid protocols for 2 years. What do we have to show for the 2 years thousands of businesses either bankrupt or forced to shut down, mental heath issues, suicides, and more division than I've ever seen in a democracy.|10159561823183904|Patrick Perrier|2022-02-16 21:20:37|0|3|10159561785178904|facebook
Yes, that was because Harper screwed up everything and the courts mandated CANADA as a country give him the money. Trudeau didn't do it because he wanted to, he had to because of Harper's big screw-up. Read up on it why doncha instead of parroting fools?|10159561940073904|Mary Jo Welch|2022-02-16 21:20:42|1|3|10159561785178904|facebook
so you want more?|10159561947063904|Patrick Perrier|2022-02-16 21:20:43|1|3|10159561785178904|facebook
I live in Ottawa and work downtown. There have been no signs of life in downtown Ottawa for two years.  Lucky the truckers are there to blame. It wasn’t shopify and their hundreds of nouveau riche, nor the many thousands of highly paid government and NGO executives that evacuated the downtown economy because of covid.  Two years of starvation for D/T businesses… and its the trucker’s fault.|10159562115973904|Shannon Douglas|2022-02-16 21:20:37|0|2|10159561785178904|facebook
I’m sorry, I will rephrase it to make it clearer: An idiot with a Canadian flag is still an idiot.|10159561900728904|Andrzej Nowacki|2022-02-16 21:20:43|1|2|10159561785178904|facebook
Or not! You do not make a deal with these domestic terrorists that are stealing freedom away from Ottawa citizens!|10159562117518904|Joanne Bradley|2022-02-16 21:20:37|0|2|10159561785178904|facebook
Right, because your hurt feels entitle you to prevent people who don't even have anything to do with what you're whining about from accessing essential services or sleep.  Get down on your knees and thank God you live in a place that still doesn't open up the teargas on people even when they have that selfish of a worldview.|10159561920748904|Jason Godin|2022-02-16 21:20:43|1|2|10159561785178904|facebook
as more people are vaccinated, it is only logical that the number of vaccinated who catch it and who will be hospitalized will increase. As you can see from the numbers you have provided the percentage of vaccinated who get sick and who are hospitalized is a smaller percentage than the percentage of the general population who are vaccinated, while the percentage of unvaccinated who are hospitalized is higher than the percentage in the general population. If 100% of the population was vaccinated then obviously 100% of the hospitalized are going to be vaccinated. 80% of the general population are vaccinated therefor if vaccinations didn’t work, 80% of the hospitalized should be vaccinated but consistently that is not the trend.  Also the graph shows a huge drop in illnesses after vaccinations.|10159564588308904|Mary Dale|2022-02-16 21:20:44|1|2|10159561785178904|facebook
Its a step forward well done. Mayor of Ottawa. You have done more than any other level of government has.|10159561901438904|Brant Danard|2022-02-16 21:20:37|0|2|10159561785178904|facebook
I’ll give you an example - the MOU the organizers developed as their overarching purpose when organizing the convoy. It was on their webpage front and centre, and then they took it down when they caught flak for it. In case you didn’t see it, it called for the removal of all elected government representatives and said they would install their own hand-picked reps who would make decisions for all Canadians. Sounds like far right extremists and terrorists to me 🤷🏻‍♀️ Attempting to force the toppling of our duly elected government 🤬  I bet more than half of the people protesting aren’t aware of who their leaders truly are. Slimy right wing extremists sitting in their nice warm hotel rooms laughing it up while they squirrel all the fundraising money away for future tyrannical events.|10159562029763904|Dawn Lessard Busch|2022-02-16 21:20:42|1|2|10159561785178904|facebook
so you admit you were wrong. All i need to hear. The rest is all Trudop bs spin and trying to justify your inane comment. Go back to your basement and amuse yourself on line.|10159563055828904|Ian Robinson|2022-02-16 21:20:44|1|2|10159561785178904|facebook
Governments have Disrupted Lives since the Imposed their Lockdowns and Restrictions|10159562626088904|Bob Wolski|2022-02-16 21:20:37|0|2|10159561785178904|facebook
you might also notice icu and hospitalization s are in the fully vaccinated more than unvaccinated so I’m not sure what you mean?|754579028848799|Isabel Sander|2022-02-16 21:20:44|1|1|10159561785178904|facebook
wow I didn’t know that. Downtown Ottawa was basically dead before the truckers showed up? The media hid that important info. Mind blowing. Idk what or whom to believe in anymore. 🤔|10159562139813904|Anny Chicuelo|2022-02-16 21:20:40|1|1|10159561785178904|facebook
he did not, but all of the people in Parliament were voted in.  Also, Trudeau won more votes in his home riding, thus he is in Parliament. From there Parliament had the speech from the throne.  If you don’t like that Justin Trudeau is Prime Minister that’s your problem.  Tell us, did you cry when the new leader of the Cons told the protesters to go home?|10159562146763904|Logan Creed|2022-02-16 21:20:44|1|1|10159561785178904|facebook
hey genius-- check.your facts Trudop lover. Trudop did not win the popular vote. Guess you were deprived at birth.|10159562128403904|Ian Robinson|2022-02-16 21:20:44|1|1|10159561785178904|facebook
it's been dying for a decade. I used to live there and worked downtown also before I moved to different city. When I went back for a visit several years ago, I was shocked at the lack of foot traffic on Sparks Street and the number of businesses closed up. All this pre-covid. Can't imagine what it looks like now.|10159562301903904|Laurie Ann|2022-02-16 21:20:40|1|1|10159561785178904|facebook
more people didn’t vote for the people in Parliament?  That’s a lie. But you support the FauxTruckers so lying is nearly second nature at this point.|10159562104328904|Logan Creed|2022-02-16 21:20:44|1|1|10159561785178904|facebook
maybe YOU voted for the people in power but more did not. Remember?|10159562087173904|Ian Robinson|2022-02-16 21:20:44|1|1|10159561785178904|facebook
the difference is we voted for the people in power.  Nobody voted for the FauxTruckers|10159562080093904|Logan Creed|2022-02-16 21:20:44|1|1|10159561785178904|facebook
And you are??? Hahaha!|10159566315068904|Joanne Bradley|2022-02-16 21:20:43|1|1|10159561785178904|facebook
How about just get them the hell out of there? Didn't think we negotiated with terrorists.|10159561831328904|Johnny Cone|2022-02-16 21:20:37|0|1|10159561785178904|facebook
you mean government, the terrorists? Lol|10159562116918904|Anny Chicuelo|2022-02-16 21:20:51|1|1|10159561785178904|facebook
"The political terrorists are currently sitting in Parliament or partying it up at their ""vacation home"" somewhere else in the world. Woman, you wouldn't know a domestic terrorist from a McDonald's burger flipper if it weren't for the fact the the burger flipper has the golden arches stitched on his uniform."|10159562930493904|Laurie Ann|2022-02-16 21:20:43|1|1|10159561785178904|facebook
yes, the right wing politicians from out west are domestic terrorists! They organized this so called “freedom” convey of racists , bullies, thugs, white supremacists that are stealing the freedom of Ottawa citizens.|10159562854538904|Joanne Bradley|2022-02-16 21:20:43|1|1|10159561785178904|facebook
"""Domestic terrorists"". 🤔  Oh right,! You mean the politicians"|10159562305253904|Laurie Ann|2022-02-16 21:20:43|1|1|10159561785178904|facebook
Oh Joanne, you are not a serious person.|10159562181398904|Jason Clancy|2022-02-16 21:20:43|1|1|10159561785178904|facebook
And these businesses were just getting back on their feet when the QAnonvoy rolled into town.|10159562182438904|Michael Fohr|2022-02-16 21:20:40|1|1|10159561785178904|facebook
are the residents being held inside with a gun to their head? Can they not leave their home freely? Has a ransom been demanded yet?|10159562320273904|Laurie Ann|2022-02-16 21:20:52|1|1|10159561785178904|facebook
you do realize Trudeau is the one responsible for all of this? Get mad at the right people!|666155131478105|Isabel Sander|2022-02-16 21:20:52|1|1|10159561785178904|facebook
hospitalization s have gone down despite the protests.|651846712752726|Isabel Sander|2022-02-16 21:20:44|1|1|10159561785178904|facebook
Nobody voted for the truckers, and all parties agree support the provinces for in acting mandates.|10159563343718904|Penny Jackman|2022-02-16 21:20:44|1|1|10159561785178904|facebook
the protesters just want to speak with him and he’s refusing to. Please explain to me how that’s on anyone other than him?|678047713343616|Isabel Sander|2022-02-16 21:20:52|1|1|10159561785178904|facebook
Could have been over already. All they are asking for is what the government is already hinting is going to happen anyways… or is that simply another lie?|10159562510993904|Patricia Macri|2022-02-16 21:20:37|0|1|10159561785178904|facebook
when he bribed the premiers with a billion dollars to impose them, yes|10159563511518904|Cathy Harris|2022-02-16 21:20:46|1|1|10159561785178904|facebook
Their drivers license should be taken and not reissued|10159563337093904|Penny Jackman|2022-02-16 21:20:37|0|1|10159561785178904|facebook
All of the comments. All of the whining and crying. All of the name calling, hate memes etc etc etc could have been avoided. I don’t care what side your on but that is a fact. Our so called PM just needed to come out and talk too that fringe minority. Pretty simple. End the Mandates that are ending anyway. Everyone goes home happy. Now we have a world wide movement that everyday grows. Just remember Canada s PM could have ended this worldwide movement weeks ago. But he chose to be a stubborn immature teenager and run and hide and throw blame elsewhere. His ratings as well as the liberal party of Canada are in the tanks. How will the liberal party dig themselves out of this one. Could it be more lies. No. Maybe throwing JT under the bus. Maybe. But the longer this goes on in the WORLD the more the World will look at JUSTIN TRUDEAU|10159561860908904|Robert Bonnie|2022-02-16 21:20:37|0|1|10159561785178904|facebook
Totally unacceptable. Arrest-incarcer ate-prosecute-s entence-impriso n. Start with the CONs who incited and fully support this mob (scheer,poiliev re, bergen, cooper et al). 🚔 🚔👎|10159561868548904|Todd Keough|2022-02-16 21:20:37|0|1|10159561785178904|facebook
^^^LMFAO at ‘ norm gibson’ 😂😂😂^^^. Blank/fake profile gaslighting idiot CON ‘war room’ snowflakes are so easy to flush out! The truth hurts. 🤡👎|10159562008628904|Todd Keough|2022-02-16 21:20:48|1|1|10159561785178904|facebook
the graph follows the expected ‘wave’ of corona infections. It is not at all correlated to the vaccination, nor is it that stated in the description of the graph. Simply not true!|962346238008236|Isabel Sander|2022-02-16 21:20:44|1|1|10159561785178904|facebook
look at the graph and you can see the impact of vaccinations.|10159564888743904|Mary Dale|2022-02-16 21:20:44|1|1|10159561785178904|facebook
there is no graph showing the vaccination has reduced all around illness. I’m not trying to be nasty, just wanted to understand your perspective better!|950432135596134|Isabel Sander|2022-02-16 21:20:44|1|1|10159561785178904|facebook
on your site. Not sure why you are being nasty. It is there and quite obvious. You posted it. I would have thought you knew what was on it. Enough. Clearly you just are trying to prove something. I have no idea what.|10159564732968904|Mary Dale|2022-02-16 21:20:44|1|1|10159561785178904|facebook
I don’t see any graph claiming the covid vaccination has led to a drop in illnesses? Where did you find that? 🙂|666410787843497|Isabel Sander|2022-02-16 21:20:44|1|1|10159561785178904|facebook
fair enough. Clearly the protest had little or no impact on the number of hospitalization but the mandates did and the vaccinations really did. Let’s just hope that the numbers don’t go up where there have been these protests.|10159564146413904|Mary Dale|2022-02-16 21:20:44|1|1|10159561785178904|facebook
https:// covid-19.ontario .ca/data/ hospitalizations|1345799892514984|Isabel Sander|2022-02-16 21:20:44|1|1|10159561785178904|facebook
where have hospitalization s gone down? I am seriously asking because I have heard otherwise. Certainly cases are dropping and doctors have said that they expect to see hospitalization s drop shortly. This is due to vaccinations, masking and social distancing. Hopefully this protest does not set this all back.|10159564139613904|Mary Dale|2022-02-16 21:20:44|1|1|10159561785178904|facebook
These peeps have no idea what freedom is all about|10159562055008904|Barbara Moustafa|2022-02-16 21:20:37|0|1|10159561785178904|facebook
"because there's only one kind of ""real"" freedom and you're going to be the latest expert to tell us what you think it's all about, right?  We're listening."|10159562308783904|Laurie Ann|2022-02-16 21:20:49|1|1|10159561785178904|facebook
I don't like Trudeau, so it must be all, somehow, his fault! 🙄|10159562557043904|Richard Evans|2022-02-16 21:20:52|1|1|10159561785178904|facebook
Domestic terrorism. Arrest them.|10159562875803904|Heather Johnston|2022-02-16 21:20:37|0|1|10159561785178904|facebook
ummm the people of Ottawa also endured 2 years of Covid…|10159561858638904|Andrew Danylewich|2022-02-16 21:20:43|1|1|10159561785178904|facebook
a Canadian is a Canadian is a Canadian|10159561904518904|Patrick Perrier|2022-02-16 21:20:43|1|1|10159561785178904|facebook
https:// geneticliteracyp roject.org/ 2021/09/10/ its-not-going-aw ay-we-need-a-re al-non-politica l-debate-about- the-best-way-to -live-with-covi d-or-countries- will-fracture/ ?utm_term=Autofe ed&utm_medium=S ocial&utm_sourc e=Facebook&fbcl id=IwAR0Zn5UFg9 4hLAufkNUeEYw18 yIzDLknxrp_UM8y Y4W1eYizG42B8yJ ohAA#Echobox=16 44658893|10159561807728904|Andrew Merritt|2022-02-16 21:20:56|1|1|10159561785178904|facebook
You are an absolute fool if you believe they are terrorists|10159562071108904|Gabriel Perry|2022-02-16 21:20:42|1|1|10159561785178904|facebook
Bull.|10159561913998904|Sharon Taylor|2022-02-16 21:20:55|1|1|10159561785178904|facebook
They shouldn't talk to the Government?|10159561928023904|Bob Henderson|2022-02-16 21:20:42|1|1|10159561785178904|facebook
They all need to be arrested now|10159561890148904|Sharon Taylor|2022-02-16 21:20:54|1|1|10159561785178904|facebook
Convoy organizers Chris Barber, Benjamin Dichter, Tamara Lich, Patrick King , they're all crooks|10159561829893904|Benoit Paquette|2022-02-16 21:20:38|0|1|10159561785178904|facebook
Thank goodness but their whole protest was an attempted coup|10159561813218904|Sharon Taylor|2022-02-16 21:20:38|0|1|10159561785178904|facebook
what terrorists are you talking about exactly? Be specific.. protesters aren't terrorists they've been overwhelmingly peaceful if you can prove otherwise we'd love to see it and I'm sure CBC would definitely want to know lol|10159561913743904|Justin Shovin|2022-02-16 21:20:42|1|1|10159561785178904|facebook
Your 'we have third of the US population' statement indicates a complete lack of understanding of comparisons and stats... good luck with those arguments... 🤣|10159562101673904|Reinhard Lengsfeld|2022-02-16 21:20:43|1|1|10159561785178904|facebook
who votes for these incompetent negligent criminal conservatives?|10159561874678904|Eugene Osudar|2022-02-16 21:20:43|1|1|10159561785178904|facebook
you know, a Canadian idiot with a flag is still an idiot.|10159561892728904|Andrzej Nowacki|2022-02-16 21:20:43|1|1|10159561785178904|facebook
what does that make you?, if you're so unhappy with Canadians, MOVE!|10159561896353904|Patrick Perrier|2022-02-16 21:20:43|1|1|10159561785178904|facebook
ask the crime minister that $10,000,000 question. Remember Omar? Probably not.|10159561905413904|Travis Chahley|2022-02-16 21:20:42|1|1|10159561785178904|facebook
Reposted from another G&M thread…  I read the CTV news release and will assume this article references same… This is coming late but better late than never… Maintain a peaceful demonstration while respecting local interests to go about their daily activities with minimal impact. This is the Canadian way. Blocking border crossings and holding a small community hostage is not in the spirit of peaceful demonstration afforded to Canadians under the constitution… Good on both for coming to a reasonable agreement… now, execute it.|10159561877923904|Richard Notter|2022-02-16 21:20:38|0|1|10159561785178904|facebook
How was the Prime Minister supposed to change provincial regulations?|10159561984923904|Will Bedford|2022-02-16 21:20:46|1|1|10159561785178904|facebook
The World is watching.|10159561881238904|Grace Siglos|2022-02-16 21:20:37|0|1|10159561785178904|facebook
Agree Trudeau should be in jail|10159563358478904|Bob Wolski|2022-02-16 21:20:41|1|1|10159561785178904|facebook
you must be one of those continually living Covid fear. 99% of those who had Covid survived including myself. Life your life.|10159562088933904|Ian Robinson|2022-02-16 21:20:43|1|1|10159561785178904|facebook
you have a third the death rate of the USA, for starters.|10159562056063904|Bob Craycraft|2022-02-16 21:20:43|1|1|10159561785178904|facebook
completely incorrect.|10159566131138904|Jan Carmichael|2022-02-16 21:20:50|1|0|10159561785178904|facebook
Ottawa has disrupted life for the rest of Canada since this started.|10159564518953904|Tyler Louis|2022-02-16 21:20:37|0|0|10159561785178904|facebook
Nobody trusts the truckers leaders .. They're all crooks.|10159561826493904|Benoit Paquette|2022-02-16 21:20:38|0|0|10159561785178904|facebook
Well Trudeau is playing us against each other.|10159561899148904|Dan Herder|2022-02-16 21:20:55|1|0|10159561785178904|facebook
https:// www.antihate.ca/ the_freedom_conv oy_is_nothing_b ut_a_vehicle_fo r_the_far_right|10159562107058904|Reinhard Lengsfeld|2022-02-16 21:20:55|1|0|10159561785178904|facebook
https:// geneticliteracyp roject.org/ 2021/09/10/ its-not-going-aw ay-we-need-a-re al-non-politica l-debate-about- the-best-way-to -live-with-covi d-or-countries- will-fracture/ ?utm_term=Autofe ed&utm_medium=S ocial&utm_sourc e=Facebook&fbcl id=IwAR0Zn5UFg9 4hLAufkNUeEYw18 yIzDLknxrp_UM8y Y4W1eYizG42B8yJ ohAA#Echobox=16 44658893|10159561802318904|Andrew Merritt|2022-02-16 21:20:38|0|0|10159561785178904|facebook
The large amount of butthurt coming from you is simply breathtaking.|10159562004468904|Norm Gibson|2022-02-16 21:20:48|1|0|10159561785178904|facebook
No deals. Arrest them and seize their vehicles.|10159563093293904|Neil Horner|2022-02-16 21:20:38|0|0|10159561785178904|facebook
Did YOU have a gun to YOUR head? All you are doing is pitching a tantrum, making things WORSE for everyone and making the Country look like a bunch of idiots. Go drool on your shirt elsewhere. We gave you your space to show you're a crybaby, now get lost.|10159562470938904|Vicky Vaughan|2022-02-16 21:20:52|1|0|10159561785178904|facebook
https:// truthout.org/ articles/ convoy-movement- isnt-a-struggle -over-freedom-i ts-an-attempt-t o-kill-democrac y/ ?fbclid=IwAR3irq FOAte8T5QQ7_kr0 7_mhTnqm9JGslfo 9cnbd3ufdHcuN5n CtdlNgEM|10159561800903904|Andrew Merritt|2022-02-16 21:20:38|0|0|10159561785178904|facebook
and they should be getting a criminal record and names on a terrorist list|10159563612888904|Don Purchase|2022-02-16 21:20:48|1|0|10159561785178904|facebook
absolutely|10159563613473904|Don Purchase|2022-02-16 21:20:52|1|0|10159561785178904|facebook
"you talking about the money he gave them to keep things afloat through the pandemic? i can only imagine your howling if he had not propped up the Canadian businesses and people. even so, tell us how you feel about conservative premiers he ""bribed""."|10159563583583904|Will Bedford|2022-02-16 21:20:46|1|0|10159561785178904|facebook
|10159561813808904|Joey Genovese|2022-02-16 21:20:56|1|0|10159561785178904|facebook
Canada doesn’t negotiate with terrorists. And every person knowledgeable in white extremists that I have heard speak, says he shouldn’t negotiate with them. Tell me, if someone was in the driveway of your house yelling and screaming they want to kill you (and yes, some have said this) and want to overtake your house and throw you out, even though you got that house legitimately, would you go out and negotiate with them or call the cops? The terrorists that are leading this want nothing more than to create mayhem, violence and destroy our democracy. Hopefully the police can handle this without the military because, as the experts in domestic terrorism have said (and I know, a lot of you don’t like to listen to experts and learn from their knowledge) would just feed the violence they want.|10159562465408904|Brenda Daniels|2022-02-16 21:20:46|1|0|10159561785178904|facebook
Two thirds of Candians want the army called in to end the protests.|10159562184043904|Michael Fohr|2022-02-16 21:20:46|1|0|10159561785178904|facebook
You REALLY believe that ANDREW SCHEER of all people would organize something like this????|10159562082943904|Gabriel Perry|2022-02-16 21:20:48|1|0|10159561785178904|facebook
Well then, they should run for political office. They'd fit in seamlessly.|10159562311218904|Laurie Ann|2022-02-16 21:20:54|1|0|10159561785178904|facebook
^^^LMFAO at ‘gabriel perry’ 😂😂😂^^^. So many blank/fake profile gaslighting idiot CON ‘war room’ snowflakes, so little substance! Absolutely hilarious. 🤡🤪😂👎|10159562103743904|Todd Keough|2022-02-16 21:20:48|1|0|10159561785178904|facebook
He got No deal.|10159563499078904|Ian Sim|2022-02-16 21:20:38|0|0|10159561785178904|facebook
agreed|10159563608243904|Don Purchase|2022-02-16 21:20:50|1|0|10159561785178904|facebook
fake news|10159561959283904|Debbie Franklin|2022-02-16 21:20:50|1|0|10159561785178904|facebook
How ridiculous! Negotiating with terrorists is never a good idea. Let the Feds handle it.|10159566129763904|Jan Carmichael|2022-02-16 21:20:37|0|0|10159561785178904|facebook
The world has now changed for ever. Any country hosting the Olympics could have the event derailed by anarchists like this . Any event, Canada Day, Remembrance Day etc could be ruined from another initiative like this.|10159563619313904|Don Purchase|2022-02-16 21:20:37|0|0|10159561785178904|facebook
It is starting to happen and the vehicles were being moved to Wellington Street|10159561911618904|Lynn Stratton|2022-02-16 21:20:38|0|0|10159561785178904|facebook
Sad we lost family over this lost friends over this so devide we stadge so devide it's sad world never saw coming to us very sad|10159561814098904|Massia A Tracy|2022-02-16 21:20:38|0|0|10159561785178904|facebook
I heard that Tamara Lich has already denied that she has agreed to anything…|10159562116903904|Penny Irwin|2022-02-16 21:20:53|1|0|10159561785178904|facebook
End the mandates.|10159562695938904|William Michael Brienza|2022-02-16 21:20:38|0|0|10159561785178904|facebook
unfortunately the world is laughing because the Feds have done nothing|10159563609323904|Don Purchase|2022-02-16 21:20:52|1|0|10159561785178904|facebook
just watch, once the mandates are lifted they’ll stay where they are because actually they’re anarchists|10159563611348904|Don Purchase|2022-02-16 21:20:50|1|0|10159561785178904|facebook
best comment. 100% correct. Agree|10159562120933904|Anny Chicuelo|2022-02-16 21:20:46|1|0|10159561785178904|facebook
you have a wonderful sense of humor 🤣🤣|10159563679373904|Barbara Moustafa|2022-02-16 21:20:49|1|0|10159561785178904|facebook
You should rquest a refund from the online school you got your 1-day political science degree from.|10159562343238904|Laurie Ann|2022-02-16 21:20:53|1|0|10159561785178904|facebook
oh summer child, aren't you precious?|10159562118173904|Johnny Cone|2022-02-16 21:20:51|1|0|10159561785178904|facebook
Liberal troll|10159562172063904|Doug Richardson|2022-02-16 21:20:54|1|0|10159561785178904|facebook
They're asking for things that are primarily Provincial or American-based. I could only imagine the pearl-clutching in the West if Trudeau ordered Moe or Kenney to do something that was their prerogative as Premier.|10159562852128904|Richard Evans|2022-02-16 21:20:52|1|0|10159561785178904|facebook
Something wrong with you.|10159561941433904|Travis Chahley|2022-02-16 21:20:42|1|0|10159561785178904|facebook
100%|10159561950778904|Chris Pelican|2022-02-16 21:20:46|1|0|10159561785178904|facebook
agreed!!!|10159563599498904|Don Purchase|2022-02-16 21:20:42|1|0|10159561785178904|facebook
As they should.|10159562170688904|Michael Fohr|2022-02-16 21:20:43|1|0|10159561785178904|facebook
I have 3 dead friends so not sure what your point is..|10159562099778904|Jane Burkart|2022-02-16 21:20:43|1|0|10159561785178904|facebook
never mind 🪕 🦌 🐿 🪕 😂|10159562077618904|Bob Craycraft|2022-02-16 21:20:43|1|0|10159561785178904|facebook
no I want the idiots to leave Ottawa, things were opening up anyway and this display of childishness isn’t really going to accomplish anything that wasn’t already happening.|10159561966093904|Andrew Danylewich|2022-02-16 21:20:43|1|0|10159561785178904|facebook
domestic terrorism|10159561953263904|Chris Pelican|2022-02-16 21:20:43|1|0|10159561785178904|facebook
that is a useless statement. I don’t even like Trudeau but what crime has he committed?|10159564140053904|Mary Dale|2022-02-16 21:20:41|1|0|10159561785178904|facebook
we are 1 step away from the authorities using force|10159561944493904|Patrick Perrier|2022-02-16 21:20:43|1|0|10159561785178904|facebook
The cowardly thugs are harassing citizens in the surrounding area to the point they cannot move freely in their own neighbourhoods, so they are effectively being held hostage.|10159561904913904|Stephen Rasmussen|2022-02-16 21:20:42|1|0|10159561785178904|facebook
I guess you don’t live downtown Ottawa|10159561916783904|Garry Dean|2022-02-16 21:20:43|1|0|10159561785178904|facebook
again what does that make you?|10159561901848904|Patrick Perrier|2022-02-16 21:20:43|1|0|10159561785178904|facebook
you mean lieberals, right? since they are the ones in power pushing this covid narrative and yes the cons are just as guilty by getting into bed with the libs for the $$$$ and it's all about the money, just follow the trail|10159561894328904|Patrick Perrier|2022-02-16 21:20:43|1|0|10159561785178904|facebook
because a precedent was set in 2020 when for 6 weeks indigenous anti pipeline protestors blocked highways, railways, damaged public and private property and stopped the supply chain across Canada. Justin had to leave his buying votes for a UN Security Council seat tour to return to Canada to deal with it. Did Justin invoke the Emergency Measures Act to deal with these domestic terrorists? Did Justin threaten to freeze the bank accounts of US anti pipeline organizations and citizens funding the blockades? Did the police enforce court orders to end the blockades? Did we listen to weeks of vitriolic rhetoric from Justin that only enflames the issues? Was Russian collusion mentioned once? Justin negotiated an ending, so why the difference now?|10159566096168904|Real Sense|2022-02-16 21:20:42|1|0|10159561785178904|facebook
why are you talking like a communist?|10159563577983904|Les Christensen|2022-02-16 21:20:42|1|0|10159561785178904|facebook
like a ghost town before 8 a.m. and after 5 p.m..|10159563191958904|All Riled Up Riley|2022-02-16 21:20:40|1|0|10159561785178904|facebook
Lyle Karson Of course it does. That still doesn't mean they have to meet with every group of loud malcontents that arrive with bouncy castles, hot tubs and droning horns.|10159562998653904|Richard Evans|2022-02-16 21:20:42|1|0|10159561785178904|facebook
But, but but Harper. LMAO.|10159562846533904|Matt Miller|2022-02-16 21:20:42|1|0|10159561785178904|facebook
OK Karen.|10159562844878904|Matt Miller|2022-02-16 21:20:42|1|0|10159561785178904|facebook
yeah, and? You really think anyone's gonna be convicted of terrorism for parking on the road and honking their horns? Give your head a shake, lady|10159562784338904|Gabriel Perry|2022-02-16 21:20:42|1|0|10159561785178904|facebook
Right, just give them all $10 million like Omar Kadar|10159562717483904|Bob Wolski|2022-02-16 21:20:42|1|0|10159561785178904|facebook
They can try. The point is the government doesn't have to grant them legitimacy and an audience|10159562555288904|Richard Evans|2022-02-16 21:20:42|1|0|10159561785178904|facebook
|10159562303953904|Laurie Ann|2022-02-16 21:20:42|1|0|10159561785178904|facebook
ooo your talking about Canada unity that has nothing to do with the protest or convoy ... In other words your spreading fake news good job|10159562195373904|Justin Shovin|2022-02-16 21:20:42|1|0|10159561785178904|facebook
actually I seen it it was to be part of negotiations to end mandates ... LoL  This protests is about ending mandates the organizers don't change that your desperate exaggerations are hilarious|10159562188428904|Justin Shovin|2022-02-16 21:20:42|1|0|10159561785178904|facebook
you mean the liberal Terrorist in parliament I presume. You know the dictator of the new world CHINA 🇨🇳|10159562066453904|Mj Daggett|2022-02-16 21:20:42|1|0|10159561785178904|facebook
I thought this had to do with mandates not the government? Oh, no! That's right, the mandate thingie was a scam to get fools involved with a bunch of right-wing fascists who WANT to overthrow the government. That's what this is all about, overthrowing P:m Trudeau.|10159561939208904|Mary Jo Welch|2022-02-16 21:20:42|1|0|10159561785178904|facebook
then you will reap the benefits and thank them|10159562026393904|Marinella Gonzalez|2022-02-16 21:20:42|1|0|10159561785178904|facebook
not to mention truth and reality. Not a discussion worth having, I should have known better.|10159562605563904|Bob Craycraft|2022-02-16 21:20:43|1|0|10159561785178904|facebook
death rate is per million, so the total population is considered for comparison purposes. Here is a current look at the death rate per million people attributed to Covid in major English-speakin g countries:  274-United Kingdom 251-Ireland 234-United States 115-Australia 85-Canada 44-New Zealand  Given that Australia and New Zealand are islands and that Canada has a very infectious neighbor to the south, I think it's a good argument your government kept you safe. Was the cost too high? That's a different discussion that I think will take up to 10 years to answer as we watch mental health issues and the impact of delayed medical check-ups and procedures. Some scientists are concerned, for example, about a major increase in cancers that would have been caught earlier if screenings and checkups had occurred at their pre-Covid pattern, but it will take years to know that.|10159562616038904|Bob Craycraft|2022-02-16 21:20:43|1|0|10159561785178904|facebook
We saved a bunch of lives.|10159562774233904|Ellie Mcintosh-Barber|2022-02-16 21:20:43|1|0|10159561785178904|facebook
the whole planet has been in lockdown not just Canada. And for good reason. Nobody likes it. We do it to protect others and ourselves. The protestors are the whiners duped by seditious bad actors. It will be spring soon, hang on, we can do this.|10159563004568904|Laurie Bennett Jenkins|2022-02-16 21:20:43|1|0|10159561785178904|facebook
|10159561901448904|Robert Bonnie|2022-02-16 21:20:46|1|0|10159561785178904|facebook
Honk Honk.|10159561890798904|Robert Bonnie|2022-02-16 21:20:46|1|0|10159561785178904|facebook
"all our restaurants were mandated closed until AFTER the truckers showed up. There was no ""Getting back on their feet"" before the truckers. There's no-one downtown.  The truckers might have been a welcome boost to the economy if local officials hadn't kept all the businesses closed, and the anti-truckers hadn't bullied and shamed and black-listed businesses that stayed open to serve people with money who wanted to buy things. Ie the tens of thousands of visitors downtown because of the truckers.  Again: I work downtown Ottawa. Shopify, Canadian Internet titan with billions in real estate was an anchor tenant downtown Ottawa. They went permanently remote a month into the pandemic. Government of Canada workers, remote until at least the end of this year. DT law-firms, accounting firms and NGOs all on work-from-home. Those are Ottawa downtown workers who spend money. they're not there and there is no plan to bring them back.  You make fun of ""QAnonvoy"" while you're in a fully delusional reality.  The truckers didn't kill businesses downtown and there was no ""Getting back on their feet"" happening."|10159565150863904|Shannon Douglas|2022-02-16 21:20:40|1|0|10159561785178904|facebook
who votes for these incompetent negligent criminal conservatives?|10159561875493904|Eugene Osudar|2022-02-16 21:20:46|1|0|10159561785178904|facebook
The wimp rocks But they kicked Erin out as leader|10159561913438904|Sharon Taylor|2022-02-16 21:20:46|1|0|10159561785178904|facebook
are you voting for this wimp?|10159561837023904|Li Eron|2022-02-16 21:20:37|0|0|10159561785178904|facebook
what is your problem? You can definitely see the pattern. It is kind of like adding two plus two. Give it up. I simply pointed out the relation. Maybe coincidence but unlikely. Is this because you don’t believe in science or just that you haven’t looked at the graph and compared it to dates. I wasn’t giving you a hard time, just pointing out the obvious. Wow. Anti-vaxxed have so much hâte. Although I do care if people are vaccinated, it is none of my business unless they want to come to my business or my home or go where I would like to go. Vaccinate or dont vaccinate. No one is forcing anyone. We just want the choice not to have to be exposed to people who do nothing to mitigate. Feel very bad for people who can’t be vaccinated though. They are the ones who are being forced out. Sad.|10159565187773904|Mary Dale|2022-02-16 21:20:44|1|0|10159561785178904|facebook
I thought the point of getting vaccinated was so that you have a lower chance of ending up in the hospital because of covid at all. If half the hospitalization s are people who are fully vaccinated maybe the vaccine isn’t as effective as we originally thought, it’s also clear that the unvaccinated are not solely responsible for taking up beds since vaccinated people still need to be hospitalized because of covid.|674107363774054|Isabel Sander|2022-02-16 21:20:44|1|0|10159561785178904|facebook
Feel free to pick which one works for you, at the end of the day Trudeau and Co need to simply go away.|10159562011613904|Richard Notter|2022-02-16 21:20:42|1|0|10159561785178904|facebook
the difference is that the government was elected and can be turfed. These thugs have no accountability. I didn’t vote for Trudeau and I don’t like mandates but that is completely and totally irrelevant. This “protest” has nothing to do with mandates. If it did they would not have waited until the government started ending the mandates. I would love someone to explain to me why so much American money and support has gone in to this. Nothing to do with the exemption for truckers crossing the border being lifted because unvaccinated truckers can’t get into the U.S. it is not even the majority of truckers. There are as many trucks on the road as ever. Only difference is that a bunch of agent provocateurs are impeding the border crossings. You don’t harm fellow citizens who are under the same mandates when you protest.|10159564132908904|Mary Dale|2022-02-16 21:20:44|1|0|10159561785178904|facebook
they are self absorbed simpletons who need to be charged with sedition|10159563607233904|Don Purchase|2022-02-16 21:20:44|1|0|10159561785178904|facebook
Ill informed, but if you wish to wear your mask be my guest. Wear 3 or 4 if you want to|10159563364438904|Bob Wolski|2022-02-16 21:20:44|1|0|10159561785178904|facebook
you a little behind the times? We got 6 provinces now backing off the vaccine mandates and ridiculous restrictions. Coincidentally timed with truckers? Think not.|10159563350403904|Ian Robinson|2022-02-16 21:20:44|1|0|10159561785178904|facebook
yeah, no.  Only a FauxTruckers supporter would attempt to read what I wrote as me saying I was wrong.|10159563085323904|Logan Creed|2022-02-16 21:20:44|1|0|10159561785178904|facebook
drones LOVE approval from their masters|10159562114498904|Jim Peters|2022-02-16 21:20:44|1|0|10159561785178904|facebook
Conservative tradition is to prevent The Ministry of Transportation of Ontario’s laws, regulations or penalties be used to aid The Ottawa Police clear Ottawa of unvaccinated truckers, vectors of death. This is to teach Canadians to be Conservative voters, so be vectors of death.|10159562668223904|Don McLeod|2022-02-16 21:20:40|1|0|10159561785178904|facebook
many of the truck convoy supporters are veterans who have experience with actual terrorists. Your mischaracteriza tion of them is noted.|10159566518918904|Scarlette Shannon|2022-02-16 21:20:43|1|0|10159561785178904|facebook
lol wake up u blind fool!!|10159566287213904|Bryon Holiday|2022-02-16 21:20:43|1|0|10159561785178904|facebook
agreed|10159563600983904|Don Purchase|2022-02-16 21:20:43|1|0|10159561785178904|facebook
You can not talk with Trudeau, it is ONLY his way|10159563360688904|Bob Wolski|2022-02-16 21:20:43|1|0|10159561785178904|facebook
"Oh right, you mean like you attacked people you've never met and called them ""racist, white supremacists, thugs and bullies""?  Sweetheart, congratulations for rushing to Google the "" ad hominem"" argument and being able to successfully copy and paste it into your Facebook post 🙄  Now stop vilifying and slandering people with your ignorant pejorative comments ."|10159563007553904|Laurie Ann|2022-02-16 21:20:43|1|0|10159561785178904|facebook
right. Because Covid had nothing to do with it. 🤦‍♀️|10159564140773904|Mary Dale|2022-02-16 21:20:40|1|0|10159561785178904|facebook
they sell ear plugs|10159563848698904|Trevor Altman|2022-02-16 21:20:43|1|0|10159561785178904|facebook
they are anarchists and should be put into military jail!!|10159563603378904|Don Purchase|2022-02-16 21:20:43|1|0|10159561785178904|facebook
This is not about Health, it is now Political and Money talks|10159563362513904|Bob Wolski|2022-02-16 21:20:43|1|0|10159561785178904|facebook
course they’re going to negotiate , nobody is listening to soy boy jr castro|10159562092553904|Steve Mahdesian|2022-02-16 21:20:38|0|0|10159561785178904|facebook
