﻿comment|comment_ids|username|datetime|isreply|num_replies|post_id|label
You are a very weird person. Are you a truck dwelling, man child?|10159557234328904|Tracy Pytlowany|2022-02-09 22:44:58|1|5|10159557179363904|facebook
Our country is under attack.|10159557200703904|Neil Horner|2022-02-09 22:44:57|0|4|10159557179363904|facebook
I've met Peckford. He lives in my town, or at least he used to. He struck me as a wingnut.|10159557304363904|Neil Horner|2022-02-09 22:45:05|1|4|10159557179363904|facebook
Is anyone starting to think that even if the government totally caves in to the truckers’ demands and drops all restrictions, that this “movement” is far from over?? Think they will stop there? This is a just the beginning.|10159557209018904|Rod Arrau|2022-02-09 22:44:56|0|3|10159557179363904|facebook
I am not afraid of the government.|10159557214063904|Tracy Pytlowany|2022-02-09 22:45:05|1|3|10159557179363904|facebook
approaching?|10159558361663904|Gilles LeBlanc|2022-02-09 22:45:00|1|3|10159557179363904|facebook
This is pure mass formation psychosis (per Prof Matthias Desmet) … deranged and dangerous. Very sad.|10159557312873904|DG Roberts|2022-02-09 22:44:58|1|2|10159557179363904|facebook
Right wing extremists who want to see democracy fail in Canada. We're hanging on by a thread.|10159557363238904|Melissa St.Louis|2022-02-09 22:44:57|0|2|10159557179363904|facebook
awwwwwww Peckford can take a boat and train or drive. The charter challenge is crap and he will be laughed right out of court|10159557276388904|Donna Marie|2022-02-09 22:44:57|0|2|10159557179363904|facebook
So perhaps we need the military?|10159557210838904|Tracy Pytlowany|2022-02-09 22:45:05|1|1|10159557179363904|facebook
how many citizens have been blown up by the truckers? I grew up in Europe in the era of ETA and IRA. There is no comparison!|10159557696163904|David Hospers|2022-02-09 22:45:00|1|1|10159557179363904|facebook
This is verging on terrorism|10159557296648904|Gilles LeBlanc|2022-02-09 22:44:56|0|1|10159557179363904|facebook
Yes they should be defending us from the Government.|10159557212898904|Winston Smith|2022-02-09 22:45:05|1|1|10159557179363904|facebook
thanks for your words 💚|10159558091008904|Jo-Anne Hamilton|2022-02-09 22:44:59|1|1|10159557179363904|facebook
Why are White women like this ^? Its like some kind of brain sickness that they swallow the marxist propaganda so easily.|10159557869948904|Winston Smith|2022-02-09 22:44:59|1|1|10159557179363904|facebook
I am disappointed that Jan 6 didn't pan out? Sorry, you are not my type of human. Love over hate Jesse. Peace 💚|10159557845788904|Jo-Anne Hamilton|2022-02-09 22:44:59|1|1|10159557179363904|facebook
verging?|10159558230403904|Jesse Zimmerman|2022-02-09 22:45:00|1|1|10159557179363904|facebook
Canada’s own Isis. Great timing for this crap.|10159558008113904|Frances White|2022-02-09 22:44:57|0|1|10159557179363904|facebook
wake up already. This was always a peaceful protest, quit listening to MSM. Nothing going on. They're not there for violence they and most of Canada are quite aware of the fact that this is a plandemic, shots are killing people, injuring young people's hearts with permanent damage, causing thousands of miscarriages and stillborns, strokes, heart attacks, bloodclots seizures, paralysis. Get your head out of the toilet and wake up before you drop dead from your next booster. Trudeau ows shares in vaccine makers. Go do some research|10159558783823904|Monique Joly|2022-02-09 22:45:00|1|1|10159557179363904|facebook
I'm curious how many people responding to this story are Americans.|10159557309983904|Neil Horner|2022-02-09 22:44:57|0|1|10159557179363904|facebook
|10159557347128904|Jesse Zimmerman|2022-02-09 22:44:59|1|1|10159557179363904|facebook
So it wasn't the Russians, like the CBC and CNN said it was.|10159557283553904|Richard Colvin|2022-02-09 22:44:57|0|1|10159557179363904|facebook
Somehow I don’t believe that. Unlike BLM they aren’t violent, they aren’t destructive and haven’t endangered or injured anyone. They’re just annoying and confounding the ruling government.  They are a grassroots populist protest and that terrifies the powers that be. Sounds more like an information operations campaign to shift sympathy from the truckers to the “ besieged” and incompetent government. Flood 911 with calls then blame the truckers.  It might work if the people weren’t so angry and the government so inept.  I’m calling BS on this one…  Listening to the people isn’t an option so I’m sure they’ll try again.|10159557339378904|John Mahaffey|2022-02-09 22:44:57|0|1|10159557179363904|facebook
what about the fire started in the apartment building with the main exit doors duck taped close to stop people from an escape or the horn honking throughout the day & night, the urinating everywhere, gas fumes etc. And it’s against the law to block roads that’s a criminal act and they will be charged! It is a big deal. How would you like to be living in that environment? Or how about the loss of your job because trucks cannot get through. The majority of truck drivers in Canada don’t agree with this, they are vaccinated! This is a bunch of extremists & a bunch of sheep just following along.😕|10159557935838904|Lori Carnegie Evans|2022-02-09 22:45:01|1|1|10159557179363904|facebook
you are gross|10159557278713904|Jay Labatte|2022-02-09 22:45:02|1|1|10159557179363904|facebook
How out of touch with reality can one be?|10159557462663904|Dizi Luschund|2022-02-09 22:45:03|1|1|10159557179363904|facebook
When you can't bring logic to a conversation you add words like right wing, racist, phobic and ECT.|10159557634428904|Patrick Remillard|2022-02-09 22:45:03|1|1|10159557179363904|facebook
apparently, not as out of touch as you. https:// twitter.com/ Peterlad21/ status/ 1489600404681756 672?t=1jAgsT78U bfBcgZRtDzH3Q&s =19|10159557848188904|Melissa St.Louis|2022-02-09 22:45:03|1|1|10159557179363904|facebook
Cutting edge analysis ^ from all the way up in the Yukon 😃 lol so pathetic, these fools will believe anything the controlled media tells them.|10159557873468904|Winston Smith|2022-02-09 22:45:03|1|1|10159557179363904|facebook
you have nothing of substance to say ➡️ personal attack. Fringe minority 101.|10159557895978904|Melissa St.Louis|2022-02-09 22:45:03|1|1|10159557179363904|facebook
yes it is, from a well organized, well funded group of insolent children|10159557221498904|Paddy Juniper|2022-02-09 22:45:05|1|1|10159557179363904|facebook
Interesting how high IQ Brad who follows everything Trudeau says and does  Is calling people low IQ who are protesting  Am I missing something here Brad?|10159557925313904|Patrick Nowlan|2022-02-09 22:44:59|1|1|10159557179363904|facebook
You should be. Former Premier of Newfoundland, Brian Peckford, one of the authors of the Canadian Charter, has initiated a lawsuit against your Liberal party : https:// www.timescolonis t.com/ local-news/ former-newfoundl and-premier-sue s-feds-over-vac cine-mandate-fo r-travel-502320 2|10159557229013904|Winston Smith|2022-02-09 22:45:05|1|1|10159557179363904|facebook
Baby Zoomer perhaps! A coseted life, detached from history … contempt for the brave … who needs ‘em?|10159557234203904|DG Roberts|2022-02-09 22:44:58|1|1|10159557179363904|facebook
Jfc wake up. The convoy was hi jacked by 5 idiots who had you guys believe it was for mandates. Good god keep up. What’s sad and pathetic is how they have you bouncing like trained seals or puppets. The injection from outside influence and funding and the comments from insurgents from the US is right in your face.  The real truckers are now enraged at you. Even with mandates lifted do you honestly think this ends? Look at the 5 white nationalists for your answer sparky|10159557267593904|Donna Marie|2022-02-09 22:44:58|1|1|10159557179363904|facebook
Yup, this was not just a convoy about mandates.. https:// mrsbrittanybeste d.com/2022/02/ 03/ rotten-to-the-co re/ ?fbclid=IwAR0CGL Jb_LXAfvaJ-hrSh t6_73v-qdqqS72Z 8fG2IVcLg8hGSBB DBxWV0K8|10159557207583904|Jo-Anne Hamilton|2022-02-09 22:44:56|0|1|10159557179363904|facebook
I think her description is quite accurate. How do you call a bunch of people who barge into your neighbourhood, publish unreasonable demands and refuse to leave until their demands are met? And they bring big and noisy vehicles to intimidate inhabitants and make their life miserable. Litter streets, endanger everybody and have fun because they are “free.” Peaceful? Inclusive? Try again….|10159557315243904|Andrzej Nowacki|2022-02-09 22:44:58|1|1|10159557179363904|facebook
Right bubbs And you’ve missed a few hundred memos|10159557315448904|Donna Marie|2022-02-09 22:44:58|1|1|10159557179363904|facebook
oh look a white woman who voted for Trudeau because of his nicely coiffed hair 😃|10159557320668904|Winston Smith|2022-02-09 22:44:58|1|1|10159557179363904|facebook
well bubbs you do reek of troll… or maybe you’re an American… or a pissed off protestor… 🤷🏼‍♀️ Doesn’t matter, you’re now fkn history|10159557324543904|Donna Marie|2022-02-09 22:44:58|1|1|10159557179363904|facebook
correct. Step one-do not vote them in.|10159557335098904|Irina Woolsey|2022-02-09 22:44:58|1|1|10159557179363904|facebook
Christos Xlenopobic Based ^|10159557247778904|Winston Smith|2022-02-09 22:44:58|1|1|10159557179363904|facebook
The Mandates are just a front and the far right wing extremists are using the low IQ protestors like pawns and they don't even know it. 🤣|10159557420208904|Brent Whiteside|2022-02-09 22:44:58|1|1|10159557179363904|facebook
Opened the trap and you just jumped on in, thanks :D|10159557230673904|Winston Smith|2022-02-09 22:44:58|1|1|10159557179363904|facebook
Have you been to the Occupation in Ottawa? I will answer for you because your above screed ^ made it obvious....and your answer is no. Dude, you don't know what you are talking about. I'm in Ottawa right now and have been here since the start. You have been spoon fed propaganda and lies from evil politicians and the controlled media. Wake up.|10159557865303904|Winston Smith|2022-02-09 22:44:58|1|1|10159557179363904|facebook
Majority are vaxxed .. they have been since March of last yr when it came out.. Forced coerced medical injections are crimes against humanity.. that’s what theyre fighting for.. put your zoot suit on and mind your own business|10159557229453904|Dan Ciurlia|2022-02-09 22:44:58|1|1|10159557179363904|facebook
by our prime minister.|10159557932193904|Brandon Bartlett|2022-02-09 22:45:05|1|0|10159557179363904|facebook
So start a Communist militia and try to do something about it. Go ahead....make our day.|10159557882748904|Winston Smith|2022-02-09 22:45:05|1|0|10159557179363904|facebook
So, smart Canadians? You took their fuel away? Threaten to take their kids away.|10159557380998904|Lee Choui|2022-02-09 22:44:57|0|0|10159557179363904|facebook
there is only a grain of humanity left....|10159557860903904|Bejot Cat|2022-02-09 22:44:57|0|0|10159557179363904|facebook
it is the duty of all Canadians to oppose the fascist dictatorship of Justin Castro|10159564764483904|Rory Sharp|2022-02-16 22:45:03|1|0|10159557179363904|facebook
This is based on what your intelligent level.|10159558251083904|Brooks Matthews|2022-02-09 22:44:57|0|0|10159557179363904|facebook
https:// youtu.be/ 9LShjR36WUw|10159557897333904|DG Roberts|2022-02-09 22:45:05|1|0|10159557179363904|facebook
More sophisticated than our glorious Prime minister?|10159557332923904|Irina Woolsey|2022-02-09 22:44:57|0|0|10159557179363904|facebook
Christos Xlenopobic Oh but he was also a part time ski instructor too.|10159557883933904|Winston Smith|2022-02-09 22:45:05|1|0|10159557179363904|facebook
Chief Sloly we’ve known this for 2 weeks|10159558448723904|Peter Spearman|2022-02-09 22:44:57|0|0|10159557179363904|facebook
pull out the Hydra-heads - you'll find a charge.|10159558428933904|Endrick Kreuter|2022-02-09 22:44:57|0|0|10159557179363904|facebook
You voted for Trudeau? If you don't see Wokey MacBlackface as an extremely dangerous wingnut then there's no hope for you.|10159557878718904|Winston Smith|2022-02-09 22:45:05|1|0|10159557179363904|facebook
The lowest of low do this.|10159558697258904|Alex Buchanan|2022-02-09 22:44:57|0|0|10159557179363904|facebook
And the so called greens didn`t have U.S support?|10159557245303904|Rudy Beckman|2022-02-09 22:44:57|0|0|10159557179363904|facebook
chief sloly is obviously a principalled man and takes his oath as his guide along with the charter of Canadians rights and freedoms , the fascist dictatorship of Justin Castro will be deposed it will just take a bit more time for Canadians to realize what has transpired|10159564762863904|Rory Sharp|2022-02-16 22:44:57|0|0|10159557179363904|facebook
I was a P.Eng in Alberta … had to move south … your petulant child PM killed the industry.|10159557754573904|DG Roberts|2022-02-09 22:45:04|1|0|10159557179363904|facebook
I'm curious how many Liberals are sympathetic to Marxism.|10159557884993904|Winston Smith|2022-02-09 22:45:04|1|0|10159557179363904|facebook
A great question ... does he dare venture to answer?|10159557898723904|DG Roberts|2022-02-09 22:45:04|1|0|10159557179363904|facebook
https:// youtu.be/ ou5A8Glngr8|10159557755003904|DG Roberts|2022-02-09 22:45:05|1|0|10159557179363904|facebook
yes by the establishment and corruption.|10159557204133904|Simon Savard|2022-02-09 22:45:05|1|0|10159557179363904|facebook
the truckers aren’t either.|10159557698098904|David Hospers|2022-02-09 22:45:05|1|0|10159557179363904|facebook
From Justin Trudeau and his supporters.|10159557210418904|Winston Smith|2022-02-09 22:45:05|1|0|10159557179363904|facebook
yeah, especially after the last elections.|10159557336133904|Irina Woolsey|2022-02-09 22:45:05|1|0|10159557179363904|facebook
Why don’t you just sign up for never ending, immune system destroying clot shots, wear a surgically fitted mask 😷 on your muzzle for the rest of your life and agree to lift the mandates? You get your Pfizer security blanket, the heroic Truckers haul out … and we all get our lives back.|10159557320033904|DG Roberts|2022-02-09 22:45:05|1|0|10159557179363904|facebook
"""Fringe Minority"" ... besides being the name for a new band ... it's a very revealing elitist comment."|10159557902033904|DG Roberts|2022-02-09 22:45:03|1|0|10159557179363904|facebook
Well so far Paddy is the only one who has had something cogent to say. However, I would suggest that the foreign money - much of it from right-wing Americans = is being used to destabilize our government. People who utilize that funding are textbook definitions of traitors. I'm looking at you, Karen Konvoy!|10159557301488904|Neil Horner|2022-02-09 22:45:05|1|0|10159557179363904|facebook
doesn’t look like your afraid of donuts either.|10159557274798904|Robert Bonnie|2022-02-09 22:45:05|1|0|10159557179363904|facebook
Yawn. Boring. Im in Ottawa, you might as well be on the Moon. You are completely ignorant and just regurgitate the script the controlled media have programmed you with.|10159557905868904|Winston Smith|2022-02-09 22:45:03|1|0|10159557179363904|facebook
Was this in doubt. Vaccine mandates were not the sole object.|10159557949628904|Rena David|2022-02-09 22:44:56|0|0|10159557179363904|facebook
https:// youtu.be/ 9LShjR36WUw|10159557899433904|DG Roberts|2022-02-09 22:45:03|1|0|10159557179363904|facebook
I'm sure you know of this guy... https:// twitter.com/ Peterlad21/ status/ 1489600404681756 672?t=1jAgsT78U bfBcgZRtDzH3Q&s =19|10159557846893904|Melissa St.Louis|2022-02-09 22:45:03|1|0|10159557179363904|facebook
The Mandates are just a front and the low IQ protestor is being used like a pawn and he doesn't even know it. 🤣|10159557422703904|Brent Whiteside|2022-02-09 22:44:59|1|0|10159557179363904|facebook
"Yep it was and you're just pissed off January 6th didn't pan out for you  Is it lost on you that you're still going on about two flags in a group of 20,000 people 🤣  You do know that false narrative has been debunked and common Sense and videos show those ""two guys"" you have been obsessing about since day one were assaulted and abused at that protest  I know it's so hard Jo anne  But no one's buying it ☺️  Next time you see a truck driver delivering groceries maybe you should tell him what a racist he is 🤣  You really need to check your narcissism Obviously have a low opinion of blue collar people  Maybe you need to practice what you preach ""Love""? Only for those who agree with you right Jo Anne?  That's narcissism"|10159557341323904|Patrick Nowlan|2022-02-09 22:44:59|1|0|10159557179363904|facebook
you gave me some generals statements and assumptions but never answer the question why those are not terrorists.  And here is a comment I got this morning from an Ottawan. I leave it anonymous ynonymous because I did not ask permission to use it:  as someone living in ottawa its impossible. The truckers and their supporters claim they are peaceful, but we are seeing increased violent acts by them everyday from breaking windows of Businesses, to physically attacking students that the University had to release a statement suggesting they walk in groups to racist and homophobic signs, setting off fireworks on the street and in buildings causing fires, to now harassing and threatening students outside Elementary Schools about mask mandates.|10159557965093904|Andrzej Nowacki|2022-02-09 22:44:58|1|0|10159557179363904|facebook
One way to find out.|10159557744363904|John Lela|2022-02-09 22:44:58|1|0|10159557179363904|facebook
you really think these protestors are terrorists?|10159557692673904|David Hospers|2022-02-09 22:44:58|1|0|10159557179363904|facebook
yeah we don't want MAGA hat wearing flipfloppers, that's for sure.|10159557674293904|Debra Yundt|2022-02-09 22:44:58|1|0|10159557179363904|facebook
what|10159557448173904|Jay Labatte|2022-02-09 22:44:58|1|0|10159557179363904|facebook
‘Terrorists” https:// twitter.com/ PapiTrumpo/ status/ 1491964132987392 002?s=20&t=Y3Zc 23SpPTcUY2jIPY2 mNA  I know they’re not as chummy and friendly as your BLM and Antifa crowd, and their camp fires are not nearly as warm and fiery as theirs, but you gotta give them some credit.|10159557335923904|DG Roberts|2022-02-09 22:44:58|1|0|10159557179363904|facebook
ooooo Macho!|10159557326063904|Winston Smith|2022-02-09 22:44:58|1|0|10159557179363904|facebook
we just want the charter back.. settle down|10159557278143904|Jay Labatte|2022-02-09 22:44:58|1|0|10159557179363904|facebook
you vote them out !|10159557271858904|Peter Mesi|2022-02-09 22:44:58|1|0|10159557179363904|facebook
oh look a trucker troll 🤣|10159557263783904|Donna Marie|2022-02-09 22:44:58|1|0|10159557179363904|facebook
.. heard of Rocco Gallati? You will soon enough.. he’s not a basement dweller vomiting media puke He’s a top Constitutional lawyer.. keep slithering while others walk tall|10159557251508904|Dan Ciurlia|2022-02-09 22:44:58|1|0|10159557179363904|facebook
Negative, I'm a Russian Bot doing the bidding of Vladimir Putin.|10159557244078904|Winston Smith|2022-02-09 22:44:58|1|0|10159557179363904|facebook
sorry, I disagree. Most of that is BS.|10159557233458904|Tracy Pytlowany|2022-02-09 22:44:58|1|0|10159557179363904|facebook
"It's so funny how Joanne is so easily swayed by false news and she doesn't seem to want to dig it deeper and watch the evidence about those ""Two guys with flags"" How could You label people as haters when they were attacking those guys with those flags?  Interesting how you see what you only want to see Joanne Hamilton  Check your humanity lady you are not better than anybody  However you just basically let everybody know how ignorant you are to the facts  Looks good on you"|10159557922323904|Patrick Nowlan|2022-02-09 22:44:59|1|0|10159557179363904|facebook
it's not just white women. There are so many of us men/women who innately believe differently and it has nothing to do with marxism. We are not all the same, thank goodness, but peace and a more loving, compassionate society is something many of us thrive for. 💚|10159558090418904|Jo-Anne Hamilton|2022-02-09 22:44:59|1|0|10159557179363904|facebook
It has everything to do with Marxism you're in denial|10159558091083904|Patrick Nowlan|2022-02-09 22:44:59|1|0|10159557179363904|facebook
Police intelligence = oxymoron|10159557252658904|Art Stevens|2022-02-09 22:44:56|0|0|10159557179363904|facebook
https:// twitter.com/ PapiTrumpo/ status/ 1491964132987392 002?s=20&t=BMjQ UXlHQhMewY03gk0 CQg|10159557750998904|DG Roberts|2022-02-09 22:45:03|1|0|10159557179363904|facebook
says the dude that follows Canada Proud? 🤣🙄🤣|10159557896203904|Donna Marie|2022-02-09 22:45:02|1|0|10159557179363904|facebook
Take a deep breath, then hold it for the rest of the day, while standing on a cliff looking out over the Pacific Ocean. Thank you.|10159557889233904|Winston Smith|2022-02-09 22:45:02|1|0|10159557179363904|facebook
yeah I felt the same way about BLM, and they did a lot more damage… people died in those fires… but they were treated as “mostly peaceful,” just trying to get everyone’s attention. Shouldn’t the truckers get the same benefit of the doubt? I mean it’s mostly peaceful with a few bad apples right?  How can one group be protesters rightfully expressing their frustration and the other be terrorists bent on bringing civilization to its knees?  Can’t have it both ways… especially in this environment.|10159558019813904|John Mahaffey|2022-02-09 22:45:02|1|0|10159557179363904|facebook
https:// twitter.com/ CCryptonaire/ status/ 1491419501984108 546?s=20&t=7hpE 8H4fRdOpu6lzuHS lMA|10159557750173904|DG Roberts|2022-02-09 22:45:01|1|0|10159557179363904|facebook
lol drunken hyperbole ^|10159558310028904|John Macdonald|2022-02-09 22:45:01|1|0|10159557179363904|facebook
OH my god I thought he was in bed with China.😉|10159557346583904|Rudy Beckman|2022-02-09 22:45:00|1|0|10159557179363904|facebook
Did you cast a ballot for Trudeau?|10159558308793904|John Macdonald|2022-02-09 22:44:59|1|0|10159557179363904|facebook
So does Slick Sloly, the globalist|10159557221083904|DG Roberts|2022-02-09 22:44:57|0|0|10159557179363904|facebook
you are finding your information in your echo chamber. Talk the doctors and nurses that have been on the front line and you will find that the alt right trolls have lied to you. Vaccines are why we may even bring this to an end. Beware of false facts research your information talk to your family physician. It’s sad that Facebook algorithm has caused this do yourself a favour and look up camping 5 or 6 times on Facebook and keep clicking on the links in no time at all your Facebook will have tons of camping information automatically fill your pages. So be careful on who you listen to. The alt right is full of groups that would love to see our country fail as a democracy. Good luck|10159558835723904|Gilles LeBlanc|2022-02-09 22:45:00|1|0|10159557179363904|facebook
go get another booster sound like you need more|10159558777773904|Monique Joly|2022-02-09 22:45:00|1|0|10159557179363904|facebook
good point.|10159558513893904|Jesse Zimmerman|2022-02-09 22:45:00|1|0|10159557179363904|facebook
no that is just based on historical data on movements such as these. FLQ…….|10159557895443904|Gilles LeBlanc|2022-02-09 22:45:00|1|0|10159557179363904|facebook
did you ever think that prior to it become violent there was a transition from peaceful protest. I fear that this may be a transition point for some of them. Usually they are preceded by demands that government resign. Read up on it be it either the IRA or the FLQ. They were all peaceful and when they started asking for governments to resign they began being violent. They also were seen as populist movements|10159557892778904|Gilles LeBlanc|2022-02-09 22:45:00|1|0|10159557179363904|facebook
"It's not ""sophisticated. "" It just requires many participants with no sense of decency."|10159557380568904|Jason Godin|2022-02-09 22:44:57|0|0|10159557179363904|facebook
