﻿comment|comment_ids|username|datetime|isreply|num_replies|post_id|label
They are not moving no matter what anyone does. It’s your choice to hear the horns.|10159556779153904|Matt Wilson|2022-02-09 19:17:29|0|5|10159556752378904|facebook
Here’s a novel idea. Justin Trudeau agrees to sit down with them *respectfully*, with no cameras, no photo ops, and no opportunities to strut and preen for his fawning media soulmates, to actually *listen*, and to commit to a reasonable and timely *compromise*. That’s the Canadian way. “We win, you lose”, seems to be all I am hearing from media and government. And if that’s all that’s forthcoming, then my response would be, “ ‘til Hell freezes over”!|10159557809298904|Peter Neilson|2022-02-09 19:17:29|0|4|10159556752378904|facebook
Since no one wants/needs/ expects a federal election this year, time is on the government's side. Let the vermin outlive their appeal, let the CPC eat their words, and stay strong. We will win.|10159556827083904|S.d. Chakrabarti|2022-02-09 19:17:29|0|3|10159556752378904|facebook
We are the silent majority.|10159556842123904|Frances White|2022-02-09 19:17:36|1|3|10159556752378904|facebook
step on snake and find out|10159556943828904|Isaac Griffin|2022-02-09 19:17:43|1|3|10159556752378904|facebook
If you can't get tow trucks to clear our highways and cities bring in the bulldozers that should let them know enough is enough. Protest all you want but quit stopping those who want to work from going to work.|10159557930798904|Janet Vair|2022-02-09 19:17:29|0|3|10159556752378904|facebook
Unless you have some empirical data on that you are just making false claims. Nothing in the local news. And they are all over it. Right now every time someone breaks wind in Ottawa, they blame the convoy.|10159557714358904|Karl Raffelsieper|2022-02-09 19:17:32|1|2|10159556752378904|facebook
Not like this one you haven’t.|10159556787318904|Bruce R Collens|2022-02-09 19:17:35|1|2|10159556752378904|facebook
Liberals don't have a leader either.|10159563166228904|Chris Milosek|2022-02-16 19:17:36|1|2|10159556752378904|facebook
they are there because Canadians patience has grown thin. A few days of noise never hurt nobody but two weeks to flatten the curve and here we are 700 days later??|10159557288213904|Carol Gammel|2022-02-09 19:17:35|1|2|10159556752378904|facebook
Trudeau does https:// www.theglobeandm ail.com/news/ national/ trudeau-defends- apology-and-105 -million-paymen t-to-omar-khadr / article35623594/|10159557070433904|Robert Won|2022-02-09 19:17:39|1|2|10159556752378904|facebook
WoW, what leadership... lets look the other way and hope the go away, what degree do you have to hold to come up that that stupidity. Can everyone please point their big boy and girl pants on and work this out? Trudeau you can't ignore them. Truckers, you're not forming government. Get over it, and figure out how to clear the streets so people can get back to a semi-normal life.|10159556831098904|Karl Raffelsieper|2022-02-09 19:17:29|0|2|10159556752378904|facebook
Watch how New Zealand is handling this and just follow suit.|10159556981293904|Kleber Junior|2022-02-09 19:17:29|0|2|10159556752378904|facebook
the courts! Looooooooooll|10159557088083904|Tyler Popp|2022-02-09 19:17:32|1|2|10159556752378904|facebook
so you are pro segregation of society then? We know which side of history you would have been on with.|10159557291983904|Carol Gammel|2022-02-09 19:17:41|1|1|10159556752378904|facebook
This protest is costing us millions of dollars a day when we are already in crisis. Just wait and see what plays out. I’m so aggressive. Are you afraid?|10159558070313904|Frances White|2022-02-09 19:17:36|1|1|10159556752378904|facebook
Who is we?|10159556840458904|Gerald Hood|2022-02-09 19:17:36|1|1|10159556752378904|facebook
Absolutely not. Patience only emboldens them, makes them feel like we're too scared to do anything. Send in the police (or if they won't do their jobs, the military) to clear them out with extreme prejudice, throw them in prison and make it clear that this sort of behaviour DOES NOT result in meaningful political change.|10159556983063904|Colin Richardson|2022-02-09 19:17:30|0|1|10159556752378904|facebook
best time to call a election is now the CPC don't have a leader to become PM|10159557896348904|Paderick Rose|2022-02-09 19:17:36|1|1|10159556752378904|facebook
What do the silent majority stand for?|10159557909453904|Perry Senior|2022-02-09 19:17:36|1|1|10159556752378904|facebook
Majority rights. We don’t kowtow to tantrums from uninformed, misguided fringe elements that try to bully us.|10159558001643904|Frances White|2022-02-09 19:17:36|1|1|10159556752378904|facebook
when people parrot MSM almost word for word I worry for them.|10159558007773904|Perry Senior|2022-02-09 19:17:36|1|1|10159556752378904|facebook
Worry mofo. And prove what you accuse. Arrogant little boy.|10159558020573904|Frances White|2022-02-09 19:17:36|1|1|10159556752378904|facebook
Does anyone else think it would be entertaining to let the vehicle stripping crowd know how much truck parts are worth?|10159557131108904|Darryl Goossen|2022-02-09 19:17:29|0|1|10159556752378904|facebook
"I will continue to worry. The only aggression I can see is coming from you. You seem way more angry than the truckers. Why are you bothered by a ""fringe"" movement. Surely you could easily ignore such a pesky convoy and go about your day? It will surely just fizzle out of its own accord once they see there is no support for it?"|10159558064708904|Perry Senior|2022-02-09 19:17:36|1|1|10159556752378904|facebook
"It's just crazy how the radical left is referring to the children as ""human shields"". They know no low."|10159556907753904|Larry Aelterman|2022-02-09 19:17:29|0|1|10159556752378904|facebook
"Have you been turning a blind eye to the fact that the more they get away with, the bolder they become? Things are escalating. You can't afford to ignore this, it's already more than what local police authorities can handle on their own.  ""Boredom""? The fires of their Rebellion are burning brighter because they are feeling successful. Not least of which because of the actions of the weak premiers in Alberta and Saskatchewan."|10159556935763904|Carlos E. Robinson|2022-02-09 19:17:29|0|1|10159556752378904|facebook
I'm afraid for you, not of you. You also resorted to name calling. That's quite aggressive. Or maybe it's not. I can never keep up. The science is always changing!|10159558074988904|Perry Senior|2022-02-09 19:17:36|1|1|10159556752378904|facebook
If Dad (Pierre) was in power he would have given them the finger and sent in the troops. That would have been the right thing to do. Theses people are terrorists. This is civil disobedience. The truckers need to lose their licences.|10159557117713904|John Godfreyson|2022-02-09 19:17:29|0|1|10159556752378904|facebook
What border do New Zealand trucker cross?|10159557605223904|William Michael Brienza|2022-02-09 19:17:42|1|1|10159556752378904|facebook
Some truth to this. A toddler can only hold their breath for so long.|10159556940243904|Dorie Kavan|2022-02-09 19:17:29|0|1|10159556752378904|facebook
so Trudeau should come up for air pretty soon then?|10159557289223904|Carol Gammel|2022-02-09 19:17:37|1|1|10159556752378904|facebook
Makes you wonder why they are all deputizing themselves to enforce the law. Who do you think they plan to arrest? Everyone keeps underestimating this group so far. Basically put out the red carpet and continue to treat them as welcomed guests. I can't but see signs of nefarious plans. Ever think they are allowing us to become complacent as they move forward with their bigger plan? The trucker mandate was a front imo. What's with this white flag warning the Qanon have posted about? All their talk about international trials of treason against JT and anyone with opposing opinions are immediately called Nazis and Communists. One founder unhinges online and spouts off about this ending in bloodshed as they call in reinforcements and move to other vantage points surrounding the city; with the OPS permission. They were talking about baricading Ottawa off from anything coming in or out but then they moved to the bridges. But whose to say they won't try to follow through! The real plan behind this all obviously has nothing to do with vaccines or mandates but everything to do with bringing down democracy, and our economy with it, and they really would like it to end with themselves in power. I personally think the Canadian faction are but pawns for the US alt-right. I wouldn't trust in this group one iota. I hate feeling like I'm a victim of conspiracy theories myself but there's so much happening you can't just look at the downtown and watch their YouTube videos trying to show some peaceful protest. Gaslighting at its best.|10159557226178904|Jaqutina Lynch|2022-02-09 19:17:29|0|1|10159556752378904|facebook
Banksy profile pic and advocating for mass arrest of protestors. You can't write this kind of comedy 👨‍🍳|10159557061578904|Drew Douglas|2022-02-09 19:17:42|1|1|10159556752378904|facebook
Canada does not negotiate with terrorists|10159556984188904|Colin Richardson|2022-02-09 19:17:39|1|1|10159556752378904|facebook
https:// nationalpost.com /news/politics/ chris-selley-pub lic-health-advi sors-are-tellin g-liberals-what -they-dont-want -to-hear|10159559827728904|Nancy Forsyth Creagh|2022-02-09 19:17:39|1|1|10159556752378904|facebook
There’s an even quicker way out.  Have Singh bring down the Trudeau minority government.|10159557158083904|Steve Del Brocco|2022-02-09 19:17:29|0|1|10159556752378904|facebook
Oh there going .very soon|10159556791063904|Gale Stewart|2022-02-09 19:17:29|0|1|10159556752378904|facebook
If Trudeau is a leader, he should speak-up, explain why the trucker mandate is necessary, hear the opposing view, debate and communicate. Instead, he's leaving Canadians to pit against one another on the street and online, forcing Canadian's to be further divided. If we end up with violence on the street, Trudeau is responsible because he is forcing people's emotions to stew and fester for so long by not engaging in dialogue in and outside of the parliament. So sad to see such coward actions by PM of Canada.|10159556950083904|Robert Won|2022-02-09 19:17:29|0|1|10159556752378904|facebook
Don’t be afraid for me Perry. I’m cool. Frightening times. I hope science is able to disable this virus. Ignoring it certainly won’t make it better. Have a good day. I apologize for calling you a little boy. I don’t parrot. I’m old enough to have my own, strong thoughts.|10159558083628904|Frances White|2022-02-09 19:17:36|1|1|10159556752378904|facebook
It is interesting to see growing support for paid protesters, and for those funds to come from other countries.|10159556801738904|Andrew Lindsey|2022-02-09 19:17:35|1|1|10159556752378904|facebook
you will starve by then|10159557076373904|Tyler Popp|2022-02-09 19:17:32|1|1|10159556752378904|facebook
what you think they also don't have guns? They are from the west. Do you think their trucks won't run down people who attack them? They are not being violent. Now. Slash their tires? The heavy duty rigs required to move them are unable to get in. It would be one by one. Weeeeks before they are all gone.|10159557081888904|Tyler Popp|2022-02-09 19:17:32|1|1|10159556752378904|facebook
Yes, we've heard the same from many protest blockades over the years.|10159556785193904|Andrew Lindsey|2022-02-09 19:17:35|1|1|10159556752378904|facebook
well, you have noticed involvement of courts now? One little injunction pronounced in face of great freedom fighters made them pack up their lawn chairs, bbqs and sent them home. Little injunctions are usually supported by penalties imposed by governments, by the way.$100,000 fine is difficult to ignore. Especially backed by a promise to revoke business licence.|10159560227883904|Andrzej Nowacki|2022-02-09 19:17:32|1|1|10159556752378904|facebook
I really, really do not think so. Nobody lost patience with truckers yet. But they may finish not very gloriously if this continues.|10159557079598904|Andrzej Nowacki|2022-02-09 19:17:32|1|1|10159556752378904|facebook
yes, yes, each and every protest is unique like a precious snowflake.|10159556788168904|Andrew Lindsey|2022-02-09 19:17:35|1|1|10159556752378904|facebook
Patrick, it's amusing that you think I ever supported blockades, paid protesters, or foreign financing of protest groups. Perhaps you'd care to link where I gave this support...|10159556864943904|Andrew Lindsey|2022-02-09 19:17:35|1|1|10159556752378904|facebook
as someone living in ottawa its impossible. The truckers and their supporters claim they are peaceful, but we are seeing increased violent acts by them everyday from breaking windows of Businesses, to physically attacking students that the University had to release a statement suggesting they walk in groups to racist and homophobic signs, setting off fireworks on the street and in buildings causing fires, to now harassing and threatening students outside Elementary Schools about mask mandates.|10159557541933904|Ashley Faller|2022-02-09 19:17:32|1|1|10159556752378904|facebook
never underestimate 500lb gorilla.|10159557128983904|Andrzej Nowacki|2022-02-09 19:17:32|1|1|10159556752378904|facebook
you know, as much as I feel sorry for Ottawans I’d let the convoy participants stew too. In Ottawa they are a nuisance but sort of leper colony approach may work. When there are just a few dozen of diehards it would be time to move in and arrest them.|10159556963408904|Andrzej Nowacki|2022-02-09 19:17:32|1|1|10159556752378904|facebook
The only reason they stay is because they are being allowed to stay. It isn't their strength, but our patience. When our patience wears out, they will be moved so hard they bounce twice.|10159556983768904|Colin Richardson|2022-02-09 19:17:35|1|1|10159556752378904|facebook
wait for the heavier involvement of Courts. Nothing better than hefty fines. Only idiots pull out guns when there are more subtle ways to inflict pain.|10159557087743904|Andrzej Nowacki|2022-02-09 19:17:32|1|1|10159556752378904|facebook
https:// ottawacitizen.co m/news/ local-news/ rideau-centre-cl oses-after-mask less-protesters -are-seen-confr onting-staff|10159558798188904|Ashley Faller|2022-02-09 19:17:32|1|0|10159556752378904|facebook
You forget that PET is the reason we have the Charter of a Rights and Freedoms. Study your history.|10159557396193904|John Godfreyson|2022-02-09 19:17:41|1|0|10159556752378904|facebook
Trudeau to the Trailer Parked Boys (and Girls)|10159562601848904|Richard Evans|2022-02-16 19:17:29|0|0|10159556752378904|facebook
Wait. I thought we were FOR lockdowns?! No? Do we care if they are government mandated, or trucker mandated? They still save lives by limiting exposure to everyday life. Ottawa and the US border are experiencing a week of imposed lockdowns. Hello pot? I have kettle on the line.|10159556928788904|Defcon Brown|2022-02-09 19:17:29|0|0|10159556752378904|facebook
Well said.|10159557361593904|Paul Cowan|2022-02-09 19:17:29|0|0|10159556752378904|facebook
stupid comment|10159557104703904|John Godfreyson|2022-02-09 19:17:35|1|0|10159556752378904|facebook
Or you could lift the mandate.  Yeah!|10159557445338904|Gregory Chaucery|2022-02-09 19:17:29|0|0|10159556752378904|facebook
Way out? Ignore them. No press. They thrive on attention. Leave them be.|10159557353223904|Steve Cobblehoff|2022-02-09 19:17:29|0|0|10159556752378904|facebook
learn some grammar Gale|621608165581087|Isabel Sander|2022-02-09 19:17:40|1|0|10159556752378904|facebook
there going. Right...|10159557482963904|Rino del Vecchio|2022-02-09 19:17:40|1|0|10159556752378904|facebook
https:// ottawacitizen.co m/news/ local-news/ university-of-ot tawa-students-u nion-calls-for- pause-of-in-per son-classes-due -to-convoy-prot est|10159558798433904|Ashley Faller|2022-02-09 19:17:32|1|0|10159556752378904|facebook
Sing is part of the WEF|10159563359133904|Peter Schimanski|2022-02-16 19:17:39|1|0|10159556752378904|facebook
now that is the funniest idea yet. Lol.|10159559829888904|Nancy Forsyth Creagh|2022-02-09 19:17:39|1|0|10159556752378904|facebook
https:// ottawa.citynews. ca/local-news/ convoy-protester s-sought-food-f rom-ottawa-home less-shelters-s oup-kitchen-500 8615|10159558798483904|Ashley Faller|2022-02-09 19:17:32|1|0|10159556752378904|facebook
Or just get rid of the mandates you have to get rid of anyways….|10159557946783904|Kevin Delecto|2022-02-09 19:17:29|0|0|10159556752378904|facebook
Like this is the issue here. 🙄|10159557777183904|Kleber Junior|2022-02-09 19:17:42|1|0|10159556752378904|facebook
Too much word buzz. End the mandates and stop analyzing.|10159557602673904|William Michael Brienza|2022-02-09 19:17:29|0|0|10159556752378904|facebook
I feel for people like you - something stuck in your craw, something indigestible, now striking out against the larger world that obliges authority by going along with what public health authorities want, even if it lowers harm to themselves, and death rates in the country, they are acquiescing in what government wants them to do, and it makes you angry. Maybe you could go stand in the corner, face the wall, and have your little temper tantrum, poor dear.|10159557291508904|David Cubberley|2022-02-09 19:17:32|1|0|10159556752378904|facebook
PM cant change provincial regulations and even if he did drop the mandate at the boarder the truckers still could cross so what is it you would have him do? stroke their ego and legitimize their protest?|10159557182138904|Will Bedford|2022-02-09 19:17:32|1|0|10159556752378904|facebook
Sure Mr touble-maker. 😅|10159557776028904|Kleber Junior|2022-02-09 19:17:42|1|0|10159556752378904|facebook
"... Wrong .. We are listening to it all !!!! And reasonably and logically ... Hoping for EVERYTHING to open up. .... See it is the SAFETY .... Of the aging and of the already ill ( one which whom lives on my home ) .... Because ... We REMEMBER .... "" the best summer ever "" turned into death. N. Misery for many ... but you think anarchists should have their way"|10159559845168904|Joanne Johnson-Meyers|2022-02-09 19:17:39|1|0|10159556752378904|facebook
Not on the borders though.|10159557148808904|Donna McCaw|2022-02-09 19:17:29|0|0|10159556752378904|facebook
Were lucky we got truckers!|10159558306498904|Richer Desalliers|2022-02-09 19:17:29|0|0|10159556752378904|facebook
I'm not afraid of less than 2% of the population. If the lawlessness continues, a force bigger than you is going to step up, and you won't be able to withstand it.  I have heard a couple of people talk about sleeping giants. But THEY haven't yet woken the sleeping giant. If they do, they will rue it quickly. Not regret it possibly, but their tails will be tucked between their legs, and the resentment that you are seeing them express right now will grow. But they will go back to resenting it in general silence.|10159556949303904|Carlos E. Robinson|2022-02-09 19:17:43|1|0|10159556752378904|facebook
treats. ... Peaceful. ...right ...|10159556953198904|Joanne Johnson-Meyers|2022-02-09 19:17:43|1|0|10159556752378904|facebook
also, did you just refer to yourselves as snakes?|10159556961738904|Carlos E. Robinson|2022-02-09 19:17:43|1|0|10159556752378904|facebook
One of the leaders publicly urge demonstrators to bring their kids to prevent them from being ousted from their honking party. So yes, they're using kids -- if not as shields literally, as props. Poor kids.|10159557513348904|Colin Hunter|2022-02-09 19:17:44|1|0|10159556752378904|facebook
seems that crime in the city is down alot. Probably will not be a problem.|10159557298733904|Neil T Fenske|2022-02-09 19:17:44|1|0|10159556752378904|facebook
*if* the rruckers only walked away with their keys it would still take weeks to move their trucks. Say they leave Ottawa and the provincial capitals, and just went and parked their trucks on the border, Canada would starve before they could move all the trucks. I don't think people grasp how much we rely on truckers, or that 80+% are independents. This won't go away in the way you think.|10159557079773904|Tyler Popp|2022-02-09 19:17:30|0|0|10159556752378904|facebook
throw them in prison for what exactly, no laws have been broken or it would have been dealt with by now.|10159557293458904|Carol Gammel|2022-02-09 19:17:45|1|0|10159556752378904|facebook
Noise violations, lack of permits, public disturbance, public indecency/ defecation/ urination, breach of the peace, tortious interference, criminal mischief, illegal blockading, threats of violence, harassment, hate crimes (flying nazi flags), and attempted arson. I'm no lawyer, and I'm sure there are plenty more laws that they've broken, but they haven't been dealt with by now because of the supreme patience and tolerance shown by the government to allow their freedom of expression (which they have completely abused). Perhaps that is the reason the police haven't dealt with them yet, but otherwise it might necessitate a federal investigation into police services to find out exactly why they have failed to keep the peace.|10159557301578904|Colin Richardson|2022-02-09 19:17:45|1|0|10159556752378904|facebook
This is a catastrophic failure of the Ottawa police. It should never have gotten this bad. The Conservative Party has been reckless and irresponsible encouraging this mayhem.|10159557876158904|Melvin Argue|2022-02-09 19:17:29|0|0|10159556752378904|facebook
https:// www.nationalobse rver.com/2022/ 02/04/opinion/ startling-trump- interference-po ints-gofundme-c onvoy-campaign- manipulation|10159558798668904|Ashley Faller|2022-02-09 19:17:32|1|0|10159556752378904|facebook
"which was ... HARPER ""s. Deal ... Geeze"|10159559837128904|Joanne Johnson-Meyers|2022-02-09 19:17:39|1|0|10159556752378904|facebook
... Wishing for peacefully ... But ready for this to end ... Go home|10159556949243904|Joanne Johnson-Meyers|2022-02-09 19:17:36|1|0|10159556752378904|facebook
I think we're doing a fine job of ignoring them.|10159556949393904|Joanne Ryan|2022-02-09 19:17:32|1|0|10159556752378904|facebook
why? Why would the PM meet with a bunch of terrorists? Bring in the army. Drag them to jail & sell their vehicles to reimburse Ottawa for costs.|10159563268273904|Brian David Lupton|2022-02-16 19:17:33|1|0|10159556752378904|facebook
Trudeau has no obligation to sit down with illegal occupiers.|10159572770428904|Steve Cobblehoff|2022-02-23 19:17:33|1|0|10159556752378904|facebook
lol is comedy your second job?|10159556797023904|Sue Barclay|2022-02-09 19:17:35|1|0|10159556752378904|facebook
Is this an attempt at metaphor or passive aggression? Either way I will give you a “C” for your clumsy effort.|10159556798843904|Bruce R Collens|2022-02-09 19:17:35|1|0|10159556752378904|facebook
No, I'm agreeing. Each and every protest gives a new message, and it's not like the others.|10159556800728904|Andrew Lindsey|2022-02-09 19:17:35|1|0|10159556752378904|facebook
absolutely...LE T THEM ROT.. #karenconvoy|10159557183823904|Randy Lanigan|2022-02-09 19:17:36|1|0|10159556752378904|facebook
A non-answer.|10159556846553904|Gerald Hood|2022-02-09 19:17:36|1|0|10159556752378904|facebook
Nah, the protestors are the ones desperate for the spotlight and the chance to preen. They'd never deny themselves the chance for a photo op|10159562595713904|Richard Evans|2022-02-16 19:17:33|1|0|10159556752378904|facebook
Interesting   The exact same thing went on two years ago and you supported it  You should look up the word hypocrisy Andrew  Maybe you should also check your values  We don't see any outrage on the rhetoric from Trudeau that's very similar to Donald Trump's  How come?  Um um um  Not enough fires burning and people looting for you ?|10159556810923904|Patrick Nowlan|2022-02-09 19:17:35|1|0|10159556752378904|facebook
.. and all become a footnote in our history.|10159556969358904|Andrzej Nowacki|2022-02-09 19:17:35|1|0|10159556752378904|facebook
it is actually the opposite. How can you be so much out of touch with reality and still write an article on a G &M|10159558990508904|Samuele Langeli|2022-02-09 19:17:29|0|0|10159556752378904|facebook
its not a few days and its incredibly loud and completely unnecessary.b|10159557544673904|Ashley Faller|2022-02-09 19:17:35|1|0|10159556752378904|facebook
"ignoring the fact that the majority of people living in the ottawa core are in fact working middle class families, students, elderly, young families, immigrants, elderly and low income families ALL the people these ""protestors"" are supposedly doing this for."|10159557543518904|Ashley Faller|2022-02-09 19:17:35|1|0|10159556752378904|facebook
Hearing horns is not a choice. The horns create soundwaves that vibrate the eardrum.|10159557511138904|Colin Hunter|2022-02-09 19:17:35|1|0|10159556752378904|facebook
"90% of Canadians and truckers are vaccinated. You do not speak for ""Canadians"". You are the fringe. The mandates will end, but only when doctors and scientists decide it is safe to do so. We do not negotiate with terrorists."|10159557293523904|Colin Richardson|2022-02-09 19:17:35|1|0|10159556752378904|facebook
thank you for apologising. That is something people find hard to do and I respect you for that. We all want this virus to end. We are all stressed. But we can't turn on each other. I just like to know opposing points of view.|10159558090978904|Perry Senior|2022-02-09 19:17:36|1|0|10159556752378904|facebook
Nice try projecting|10159563287253904|Paderick Rose|2022-02-16 19:17:36|1|0|10159556752378904|facebook
https:// ottawa.citynews. ca/police-beat/ ottawa-police-ar son-unit-probes -apartment-fire -allegation-in- heat-of-anti-ma ndate-protest-5 036630|10159558798573904|Ashley Faller|2022-02-09 19:17:32|1|0|10159556752378904|facebook
blah blah. Still there. And now guess what? Blocked on the other side of the bridges by US truckers. Now it is international.|10159560251283904|Tyler Popp|2022-02-09 19:17:32|1|0|10159556752378904|facebook
You are really mixing things up.|10159558784773904|Danielle Emond|2022-02-09 19:17:39|1|0|10159556752378904|facebook
obviously you left your brains somewhere|10159557105993904|John Godfreyson|2022-02-09 19:17:35|1|0|10159556752378904|facebook
https:// www.theglobeandm ail.com/ business/ small-business/ article-ottawa-b usinesses-say-p rotests-over-co vid-19-restrict ions-have/|10159558798748904|Ashley Faller|2022-02-09 19:17:32|1|0|10159556752378904|facebook
https:// news.yahoo.com/ just-don-t-feel- safe-093628681. html|10159558798893904|Ashley Faller|2022-02-09 19:17:32|1|0|10159556752378904|facebook
nailed it|10159557899223904|Paderick Rose|2022-02-09 19:17:38|1|0|10159556752378904|facebook
Martial law > dialog. Ok? Sunny ways?|10159563165378904|Chris Milosek|2022-02-16 19:17:29|0|0|10159556752378904|facebook
Mean.|10159558789413904|Danielle Emond|2022-02-09 19:17:37|1|0|10159556752378904|facebook
when are they ever gonna finish whatever is behind that wall?|10159563280553904|Becky BigCanoe|2022-02-16 19:17:29|0|0|10159556752378904|facebook
they have one just not a great one|10159563287848904|Paderick Rose|2022-02-16 19:17:36|1|0|10159556752378904|facebook
Remove the oxygen, slowly but steadily. And watch them wither on the vine.|10159557287208904|David Cubberley|2022-02-09 19:17:29|0|0|10159556752378904|facebook
No one is stopping you from going to work,, no one except the government taking away your freedom and bullying you into taking a poisonous jab so you can take another,,then a booster to make sure you took the previous two,, but wait Trudeau has already approved another 140.000,000,00 for the next years of jabs,, all proven to be ineffective as a treatment, yet cause death! Hmm you can’t go to work,,become a sheeple and go,,, Remember your charter of rights,, the law states our bodies ,,our choice,, no one has the right to demand you to take my freedom of choice to enforce your beliefs. Freedom of choice,,never forget otherwise World War Two was in vain.|10159563328548904|Peter Schimanski|2022-02-16 19:17:37|1|0|10159556752378904|facebook
Try and find someone to operate than.|10159558710348904|Roger Vincent|2022-02-09 19:17:37|1|0|10159556752378904|facebook
tow trucks and truckers , hmmm|10159558662488904|S M BRyan|2022-02-09 19:17:37|1|0|10159556752378904|facebook
, were you out complaining, protesting, or cheering, the firing of doctors and nurses, etc, for not getting the jab ?? How about preventing these people from even collecting UI ??|10159557977253904|Tom Edwards|2022-02-09 19:17:37|1|0|10159556752378904|facebook
After he and his government have been bullied by a mob invading Canada’s streets, scaring people with their huge metal engines, and thinking their can replace elected governments in making policies for the nation. No way. Why don’t they leave, write to the Prime minister and Premiers, apologize, and present their case with factual arguments?|10159558777583904|Danielle Emond|2022-02-09 19:17:33|1|0|10159556752378904|facebook
And make them in their minds martyrs …. Which I assume is what they are going for at this point…|10159556969008904|Scott Willows|2022-02-09 19:17:29|0|0|10159556752378904|facebook
It’s past time for the cops to start busting heads. Enough is enough.|10159557663953904|Wendy DeWolfe|2022-02-09 19:17:30|0|0|10159556752378904|facebook
