﻿comment|comment_ids|username|datetime|isreply|num_replies|post_id|label
Now do alcohol, tobacco, marijuana, gambling and fast food. Why hasn't the government shut down these outlets and filled them with exercise equipment?|10159543726373904|Dan Carroll|2022-02-02 23:29:24|1|1|10159543563418904|facebook
The people opened a lane as a sign of good faith. The government chose to disregard this and the lane has now been closed again. Mr kenney is free to do his job or quit at any time.|10159543596288904|Dan Carroll|2022-02-02 23:29:23|0|1|10159543563418904|facebook
Justin isn't reading the comments, big guy.|10159543604043904|Dan Carroll|2022-02-02 23:29:24|1|1|10159543563418904|facebook
Can you describe how the spread of covid by vaccinated people is protecting the community?|10159543681063904|Dan Carroll|2022-02-02 23:29:24|1|1|10159543563418904|facebook
I would recommend you do some reading. Turn off the TV. There's no good guys and bad guys in real life.|10159543787298904|Dan Carroll|2022-02-02 23:29:24|1|1|10159543563418904|facebook
Polio had been almost eliminated along with cholera and dysentery by modern plumbing. The polio outbreaks in the 50s were from government operated community swimming pools.|10159543735873904|Dan Carroll|2022-02-02 23:29:24|1|1|10159543563418904|facebook
Lol imagine seeing me point out the hypocrisy of government profiting from tobacco sales and deciding I support smoking somehow.|10159543734198904|Dan Carroll|2022-02-02 23:29:24|1|0|10159543563418904|facebook
Children need to go home ffs|10159543620328904|David Wale|2022-02-02 23:29:23|0|0|10159543563418904|facebook
Well, that's progress. Instead of blockade, they've been moved to a slowdown.|10159543635793904|Bill Ferguson|2022-02-02 23:29:23|0|0|10159543563418904|facebook
The truckers and their supporters will never, ever be able to say natives don't have a right to blockade a road now. If you can do it, so can they.|10159543644263904|Devon Kruggel|2022-02-02 23:29:23|0|0|10159543563418904|facebook
Does it cover little crows war? Thats my favourite Lincoln story.|10159543871528904|Dan Carroll|2022-02-02 23:29:24|1|0|10159543563418904|facebook
Ok. I’m reading A biography of Abraham Lincoln.|10159543864753904|Anthony Fornasier|2022-02-02 23:29:24|1|0|10159543563418904|facebook
You struggle to follow basic logic. . Anyway ….. lol. Have a good day. And be kind to anyone you meet.|10159543742813904|Anthony Fornasier|2022-02-02 23:29:24|1|0|10159543563418904|facebook
The protest ers are trying to assume sway over the policies of national and provincial governments of Canada. They, LIKE ALL OF US, are tired of the restrictions put in place to protect us and to limit the spread of the Covid virus. These include vaccines, masking, separation in public, gathering sizes, immunization passports, border restrictions, travel requirements and a few other things. All of these are in place specifically to protect Canadians from the Covid virus that is STILL OUT THERE and is STILL SERIOUSLY INFECTIOUS and is SATURATING HOSPITAL CAPACITY. It is killing Canadians. We have to keep in mind that the virus is really the root cause of all of the fatigue and protest, and the necessary precautions are only a scape goat. Those restrictions cannot be lifted until the virus causing them to be imposed is eliminated. Protesters demanding they be eliminated before the virus threat is substantially reduced are asking to submit all of us to the virus and to let it devastate the population and the capacity to treat the sick. That is not an exaggeration. Doing nothing to cope with the virus is not an option worthy of consideration. The fact protesters cannot or will not cope with restrictions does not mean the virus has disappeared. The restrictions, therefore, cannot be lifted, and this makes the protest moot. The protest does not matter. The protest is misguided. The protesters need to be educated on the virus if they cannot understand the value of the imposed restrictions, because the protest is just wrong... on so many levels.|10159544083143904|Bob Vincent|2022-02-02 23:29:23|0|0|10159543563418904|facebook
So you want your kids to have polio. Fine. And you must be against all no smoking regulations. Ok. Sounds like you’re also against common sense.|10159543730428904|Anthony Fornasier|2022-02-02 23:29:24|1|0|10159543563418904|facebook
Guess G&M forgot to mention that the truckers did open a lane in good faith and the government decided to go against their word. So the truckers closed it down again.|10159544010348904|Dave Gattinger|2022-02-02 23:29:23|0|0|10159543563418904|facebook
Read the statistics about transmission, severity and hospitalisation rates between vaccinated and unvaccinated. And then move on to tell me how upset you are that diseases like polio aren’t ravaging your family and community. Like in the good old days.|10159543699683904|Anthony Fornasier|2022-02-02 23:29:24|1|0|10159543563418904|facebook
I notice the vaccine doesn't stop infection.|10159543679958904|Dan Carroll|2022-02-02 23:29:24|1|0|10159543563418904|facebook
Justin has nothing to do with it. These protestors need to respect the law. It’s very simple. The government can’t give it this type of blackmail whether you agree with it or not. It’s not happened before and not likely to happen now.  Besides it’s not just the Canadian government with these vaccine rules. It’s the American one as well. Simple solution. Get vaccinated to protect yourself your family and community. Problem solved. End of discussion.|10159543621918904|Anthony Fornasier|2022-02-02 23:29:24|1|0|10159543563418904|facebook
They’re breaking the law. The police should be able to do their job and clear them out.|10159543597743904|Anthony Fornasier|2022-02-02 23:29:24|1|0|10159543563418904|facebook
It must be nice to have enough money to buy an expensive truck and then park it for days impeding other people going about their business. Where does the money come from - their own pockets? I don't think so.|10159543830863904|Sandra Flood|2022-02-02 23:29:23|0|0|10159543563418904|facebook
You can drive an hour west and cross the border at Del Bonita.|10159543712433904|Travis Heggie|2022-02-02 23:29:23|0|0|10159543563418904|facebook
The only thing that will perish.. is patience , there’s more than one crossing . What little it takes to really f things up. Who knew|10159543849523904|Hendrickson Keith|2022-02-02 23:29:23|0|0|10159543563418904|facebook
