﻿comment|comment_ids|username|datetime|isreply|num_replies|post_id|label
HEY THE TRUCKERS & THE PUBLIC WERE PEACEFULLY & STILL ARE IT IS THE GOV. HAVING THE PRESS PRINTING FALSE THINGS ABOUT PEACEFULLY FREEDOM 2022 & THE PEOPLE THEY ARE DANCING IN THE STREETS IS THAT A CRIME CAUSE YOU DO NOT WANT THE PEOPLE COME TOGETHER FOR THIS REASON SO THEY WILL STAND UP AS ONE .. YOU THINKS THAT WE LIVE IN ( RUSSIA ) BUT THIS WAS CANADA LAST TIME I HEARD🙏 . SO TRUDEAU JUST GIVE WHAT WE ALL WANT & THAT IS FREEDOM TO CHOOSE IF THE PEOPLE WANT THE SHOT OR NOT PLUS IF THEY WANT TO STILL WEAR THE MASK OR NOT A Dr. SAID THEY DO NOT HELP AT ALL SO LET THE PEOPLE OF THIS COUNTRY ( CANADA ) DO WHAT THEY FEEL BEST FOR THIER FAMILIES . YOU GO LIVE IN ( RUSSIA ) YOU WILL RIGHT AT HOME..CAUSE WILL BIT YOU RIGHT IN THE A__.. 💃🕺|10159565342158904|Linda McIntosh|2022-02-16 19:01:32|0|8|10159565282588904|facebook
"Good. Protesters have many obligations beyond being ""peaceful."""|10159565311663904|Miles Chandler|2022-02-16 19:01:32|0|4|10159565282588904|facebook
and yet when the farmers in India blocked roads nobody complained|10159565408298904|Chuck Seward|2022-02-16 19:01:48|1|3|10159565282588904|facebook
You are deflecting. Good night.|10159565631308904|Paul Bell|2022-02-16 19:01:42|1|3|10159565282588904|facebook
All Canadians who love their Country need to take to the streets with Canadian flags and show our Prime Minister that he will never destroy the Spirit of the Canadian people - glorious and free. Trudeau is not a Canadian!|10159565476328904|Darlene Dove|2022-02-16 19:01:32|0|3|10159565282588904|facebook
I hope it doesn’t become normalized but this isn’t a normal situation.|10159565303323904|Jim Rutter|2022-02-16 19:01:32|0|3|10159565282588904|facebook
throw them all in jail and let them protest there.|10159565619788904|Paul Black|2022-02-16 19:01:34|1|2|10159565282588904|facebook
“Nuclear option” would have been the army, which it should have.|10159565313098904|Peter Ioannidis|2022-02-16 19:01:32|0|2|10159565282588904|facebook
"The folks who lined the overpasses, the farmers, those who went to Ottawa for the weekends... yeah, you're right. ""fringe"". 😉"|10159565571938904|Paul Bell|2022-02-16 19:01:42|1|2|10159565282588904|facebook
we will see.. this is kind of unprecedented in Canada. I don’t believe that most soldiers are going to listen to Trudeau. I would expect most of them hate him.|10159565563813904|Jay Labatte|2022-02-16 19:01:46|1|2|10159565282588904|facebook
baaaa|10159565325753904|Jason Robichaud|2022-02-16 19:01:34|1|2|10159565282588904|facebook
lol, when your PM takes a knee with his stamp of approval, I’m sure no one is looking into any foreign donations or foreign influences that might be part of a movement imported from outside Canada.|10159566375438904|Robert Won|2022-02-16 19:01:39|1|2|10159565282588904|facebook
it's okay to be a flooish angry old man! I'll still pray for you and your grandkids their grandpa legend! 🙏|10159566259613904|Taylan Knowles|2022-02-16 19:01:36|1|2|10159565282588904|facebook
You really believe the junta conspiracy theories? You understand that Canada's Government could not be overthrown in that manner right? Not to mention that it's highly unlikely that a violent insurrection would stop for a few weeks of fun and bouncy castles on the front lawn before surprising Justin. Silly.|10159565587578904|Paul Bell|2022-02-16 19:01:42|1|2|10159565282588904|facebook
baaaaaa|10159565327163904|Jason Robichaud|2022-02-16 19:01:46|1|2|10159565282588904|facebook
and what's the rest of the planet been doing? Having a good freedom loving, maskless dining and traveling experience? Vaccine mandate -- get vaxxed or not but if not then restrictions apply Global response to a global pandemic. Sorry truckers for the inconvenience.|10159565451398904|John Meadows|2022-02-16 19:01:45|1|2|10159565282588904|facebook
oh I thought of something else ... Uh ... Go back to your mom's basement. There ... Ha!|10159565330918904|John Meadows|2022-02-16 19:01:45|1|1|10159565282588904|facebook
The cops never did their job. The province never did it's job. The last option was nuclear. The protest was meaningless. It degraded into a MAGA we lost but can't deal with it. It's time they go back to work like the rest of us.|10159565324078904|John Meadows|2022-02-16 19:01:32|0|1|10159565282588904|facebook
The problem is that it was invoked against peaceful protesters for political reasons, not safety reasons.|10159565302148904|Geordie Günther|2022-02-16 19:01:32|0|1|10159565282588904|facebook
kinda like your opinion.. baaaaaa|10159565326548904|Jason Robichaud|2022-02-16 19:01:45|1|1|10159565282588904|facebook
you’re hailing them as a good example. Their death rate speaks differently.|10159565630213904|David Rochon|2022-02-16 19:01:42|1|1|10159565282588904|facebook
now get back in line your master needs you... baaaaa|10159565329003904|Jason Robichaud|2022-02-16 19:01:45|1|1|10159565282588904|facebook
Florida has a much higher death rate than Canada. As does Sweden.|10159565622038904|David Rochon|2022-02-16 19:01:42|1|1|10159565282588904|facebook
Since Omicron? The pandemic has evolved. We aren't dying from Omicron in Canada. We are not in a genuine pandemic by any standard I thought when this started. Maybe try to be a bit happy?|10159565628543904|Paul Bell|2022-02-16 19:01:42|1|1|10159565282588904|facebook
again. More dead.|10159565626428904|David Rochon|2022-02-16 19:01:42|1|1|10159565282588904|facebook
They are on with their lives and no masks or vaccine segregation. Their pandemic is over. Sweden's universal healthcare never failed like most in Canada. Nobody there was calling to triage unvaccinated people out of ERs. Now it's all about Trudeau raiding bank accounts anyways. He didn't mention safety from COVID once today.|10159565624723904|Paul Bell|2022-02-16 19:01:42|1|1|10159565282588904|facebook
"nice!! I'm a single dude, two daughters, three grandkids, was alive when John, Bobby and Martin were killed by lunatics, heard PET say ""Just watch me"" when dealing with the FLQ, saw the Berlin Wall come down, worked for the National Research Council in their Institute of Microstructural Sciences and currently work for a military contractor in their electronic warfare section. But yeah ... You got me there."|10159565337643904|John Meadows|2022-02-16 19:01:45|1|1|10159565282588904|facebook
there is too much undisputable proof available to show that mandates and lockdowns, especially early on, saved many lives all around the world! You don't need me to provide you with it though......jus t as easy for you to research the information!  I do apologize tho for my first comment or at least clarify.....I don't think you are completely delusional by any means. You very well could be a wise man in many aspects of life.....just not in regards to the Pandemic !!|10159565615623904|Michael Collins|2022-02-16 19:01:42|1|1|10159565282588904|facebook
You can provide proof for your statements about masks, vaccines and madates. The literature is out there. So go ahead and provide evidence for your claims that those things don't work. I'm sure I have research papers that I can find to refute what you provide.|10159565587373904|David Rochon|2022-02-16 19:01:42|1|1|10159565282588904|facebook
How does one go about proving a negative? Vaccines don't stop the spread of infections so mandates can't possibly. Surgical masks and face coverings don't have any efficacy against aerosols so they did squat except against spit, spray and sneeze (proper PPE keeps wearers safe). Prove to me that the mandates saved lives.|10159565584168904|Paul Bell|2022-02-16 19:01:42|1|1|10159565282588904|facebook
you seriously need a deep think process of your life and beliefs. I took the time to read your last post.....how delusional your ending is....no lives saved?! Any proof of that?!|10159565578043904|Michael Collins|2022-02-16 19:01:42|1|1|10159565282588904|facebook
sorry dude, single dad.. 2 boys with more brains than you... and a 146 IQ.. tata sheeple!|10159565332438904|Jason Robichaud|2022-02-16 19:01:45|1|1|10159565282588904|facebook
you’re tap-dancing all around throwing out blame EXCEPT to the main guy that deserves it -Trudeau|10159565421883904|Neil Bristol|2022-02-16 19:01:45|1|1|10159565282588904|facebook
you also lived through Tiananmen Square right?|10159565397173904|David Horton|2022-02-16 19:01:45|1|1|10159565282588904|facebook
They can be based on the Emergency Act. Talk to an actual soldier and ask them what happens if they decide to disregard an order. If it's legal, they do what they're told. It's their job.|10159565562308904|David Rochon|2022-02-16 19:01:46|1|1|10159565282588904|facebook
He resembles his biological father more than ever right now. Castro would be proud.|10159565639783904|Randy Lahey|2022-02-16 19:01:32|0|1|10159565282588904|facebook
No they have to be all Conservative|10159565689943904|Kenneth Hill|2022-02-16 19:01:48|1|1|10159565282588904|facebook
The law must be up helled.the only ones like to see the HWY closed are Conservative|10159565406503904|Kenneth Hill|2022-02-16 19:01:48|1|1|10159565282588904|facebook
All of a sudden the left hates hiways being blocked lmao|10159565384443904|Chuck Seward|2022-02-16 19:01:32|0|1|10159565282588904|facebook
🙄 just different Shepard's|10159565328443904|Mark Eerkes|2022-02-16 19:01:46|1|1|10159565282588904|facebook
Good. Arrest. Tow. Finished.|10159565315133904|Mark Eerkes|2022-02-16 19:01:32|0|1|10159565282588904|facebook
after you lose your running rights for Ontario. No Party has betrayed Canada more than the Conservative and the strokers: Preston Manning, Stockwell Day, Steve Harper, and the idiots that follow.|10159567393473904|Peter Ioannidis|2022-02-16 19:01:46|1|1|10159565282588904|facebook
name a movement in Canadian history that has had this much support.. when’s the last time a political party raised 10 mill in a couple weeks without corporate support? You’re wrong and will soon see the real story .|10159567373143904|Jay Labatte|2022-02-16 19:01:46|1|1|10159565282588904|facebook
you don’t have a side.|10159567365938904|Peter Ioannidis|2022-02-16 19:01:46|1|1|10159565282588904|facebook
not against their own citizens|10159565560653904|Jay Labatte|2022-02-16 19:01:46|1|1|10159565282588904|facebook
I was alive and saw it and understood the significance. How about you? The McRib sandwich was a watershed moment in your life? McPizza? New Coke?|10159565415488904|John Meadows|2022-02-16 19:01:45|1|1|10159565282588904|facebook
The army does what the government says. Period.|10159565551438904|David Rochon|2022-02-16 19:01:46|1|1|10159565282588904|facebook
the army is on our side, not trudeaus cult|10159565315923904|Jay Labatte|2022-02-16 19:01:46|1|1|10159565282588904|facebook
better check your sources again, they have consistently stated it had nothing to do with vax vs un-vax only Government over-reach 2 years into a pandemic (that was supposed to be “2 weeks to flatten the curve” - remember that?) See attached headline  https:// globalnews.ca/ video/8533296/ freedom-convoy-o f-truckers-oppo sing-vaccine-ma ndate-leaves-me tro-vancouver-f or-ottawa|10159565448658904|Neil Bristol|2022-02-16 19:01:45|1|1|10159565282588904|facebook
pretty sure the truckers themselves have said it was about quarantines. I'm not arguing for Trudeau. I'm arguing against MAGA wankers bringing the idiocy south of the border up here. Restrictions are easing not because of the brilliant truckers but because of the science.|10159565441463904|John Meadows|2022-02-16 19:01:45|1|1|10159565282588904|facebook
you’ve been listening to Trudeau & MSM too much The protest was NEVER about vax vs un-vaxed, it was entirely about a petulant 🤡 Prince PM wanna-be Dictator throwing mandates around claiming “The only way to less restrictions is MORE restrictions” C’mon man, if that isn’t the most Orwellian course of action, I don’t know what is|10159565437523904|Neil Bristol|2022-02-16 19:01:45|1|1|10159565282588904|facebook
see that's where we disagree. The protest was pointless. If you're honest you'll admit it. The original point was quarantine for unvaxxed truckers returning from the US. But the US doesn't allow unvaxxed truckers to enter. Then the MAGA wankers slapped good old FREEDOM and a flag on their bumpers and who doesn't love freedom and flags?? Liberals!!! And they rode in for all Canadians to dance on the grave of the unknown soldier, force local businesses to close, danced and honked and that was going to get Canadians their freedom and flags and make us all proud. I didn't want Trudeau in power because he's like a marshmallow but he's far better than a MAGA nutjob.|10159565428708904|John Meadows|2022-02-16 19:01:45|1|1|10159565282588904|facebook
Only Justin Trudeau would ever have done this and only to abuse working-class Canadians, who he obviously detests.|10159565502668904|Paul Bell|2022-02-16 19:01:32|0|1|10159565282588904|facebook
there's no comparison. The cops and province abdicated their responsibilitie s. I'm not a fan of what's happening.|10159565420283904|John Meadows|2022-02-16 19:01:45|1|1|10159565282588904|facebook
Trudeau SR: “Terrorists & Murderers? Just watch me!” Trudeau Jr: “Bouncy castles & face-painting? Just watch me!”|10159565418358904|Neil Bristol|2022-02-16 19:01:45|1|1|10159565282588904|facebook
But I thought that it was the out of work truckers protesting. You know, the out of work class.|10159565553123904|David Rochon|2022-02-16 19:01:42|1|1|10159565282588904|facebook
"What proof? Explain why Sweden doesn't need mandates and didn't blame ""antivaxxers"" (now truckers) for ICU overcrowding, because they had none. Explain why Florida isn't more devastated but California is."|10159565620703904|Paul Bell|2022-02-16 19:01:42|1|1|10159565282588904|facebook
Just what are masks destroying, and pray for yourself.|10159566247283904|John Currie|2022-02-16 19:01:36|1|1|10159565282588904|facebook
Don't break the Law and you will not be targeted, it is as simple as that.|10159566253103904|John Currie|2022-02-16 19:01:39|1|1|10159565282588904|facebook
it’s almost time for you to put your jammies on while mommy gets your milk and cookies for you before you go to bed. Have a good day at school tomorrow.|10159565669643904|Paul Black|2022-02-16 19:01:36|1|1|10159565282588904|facebook
oh your one of those who is blaming the economy on 2 weeks of blockades and not the 2.5 years of ridiculous restrictions the government has implemented for a virus they created and have stock in companies with the vaccine! 🤣🤣🙄🙄🐑🐑|10159565651138904|Taylan Knowles|2022-02-16 19:01:36|1|1|10159565282588904|facebook
maybe you don’t deserve to live in Canada or call yourself a Canadian. There are other countries such as North Korea, China, Iran, Saudi Arabia etc you may want to defect to and see how good we Canadians have it compared to other countries.  Crybaby protesters are making a circus because they are inconvenienced. They are causing other Canadian people not to go to work to feed their family or pay their bills and damaging our economy let alone breaking laws.  Majority of the protesters I see on the news are halfwits dancing on the streets, running around with Canadian flags wrapped around them , bouncy castles etc etc crying for FREEDOM.  Most of us Canadians want our FREEDOM back that the protesters have taken away from us by blocking our border with the USA, disrupting neighborhoods, costing our economy millions upon millions of dollars a day and the list goes on. They have done much more harm than good because they are selfish and care about themselves and how selfish they are.  I could go on, but the government, police and RCMP are doing a good job getting our borders open again and the next step is to remove those goof protesters from Ottawa, then we will be a FREE country again.|10159565617913904|Paul Black|2022-02-16 19:01:36|1|1|10159565282588904|facebook
"I am proud of my country. I'm not so proud that I drape the flag on everything and pretend that we can do no wrong and that platitudes take the place of actual work and understanding. I support free expression so far that it promotes public discussion. I also support the regulation of expression when it gets to the point of public danger and causes harm. Draping a flag on a cause and labelling it ""freedom"" does not in itself make it either valid or free from legal reprecussions."|10159565574833904|David Rochon|2022-02-16 19:01:36|1|1|10159565282588904|facebook
: Your cap locks is on. And yes, dancing in the street is a crime, actually. Especially for two solid weeks.|10159565361693904|Miles Chandler|2022-02-16 19:01:37|1|1|10159565282588904|facebook
I love Canada, it is just the agitators and anarchists that I will never abide.|10159565570148904|John Currie|2022-02-16 19:01:36|1|1|10159565282588904|facebook
Would you please come and speak at my Garden Party this spring. It will save me a fortune in fertilizer. Let me know if you are available and I will send you a route map.|10159566250608904|John Currie|2022-02-16 19:01:37|1|1|10159565282588904|facebook
The Canadian flag stands for democracy. The organizers of the convoy advocate the overthrow of a democratically elected government. If you don't like the government's policies, complain directly to your MP, and make sure you vote during the next election.|10159565732463904|Chris Reeve|2022-02-16 19:01:36|1|1|10159565282588904|facebook
it’s a large part of protesters that needs help. Most of the protesters you see on the news talk and act like they have the mentality level of a half wit. A bunch of crybabies because they are inconvenienced. Are they upset because they spent the CERB payments they received?|10159566668158904|Paul Black|2022-02-16 19:01:34|1|1|10159565282588904|facebook
you are a poor poor person. Seek some help!!|10159566647833904|Roger Wieser|2022-02-16 19:01:34|1|1|10159565282588904|facebook
If the Liberals can freeze bank accounts and transactions without warrants or court orders, I have zero confidence that my funds in any Canadian Banks would be safe if the government targets me for any others reasons in the future.|10159566028823904|Robert Won|2022-02-16 19:01:32|0|1|10159565282588904|facebook
It should require that the Prime Minister who uses it resign immediately afterward, so it is not used lightly.|10159566367373904|Robin Hardement|2022-02-16 19:01:32|0|1|10159565282588904|facebook
laws that are retroactively enacted too?|10159566354433904|Robert Won|2022-02-16 19:01:39|1|1|10159565282588904|facebook
What are the Funds that were donated to and when?|10159566366033904|John Currie|2022-02-16 19:01:39|1|1|10159565282588904|facebook
“terrorists” are defined when your PM declares them so. But apparently it’s lawful for Canadians to donate to status destroying, church burning and railway blocking protests..|10159566397318904|Robert Won|2022-02-16 19:01:39|1|1|10159565282588904|facebook
don't fund terrorists, don't fund blockades, then your bank accounts won't be frozen.|10159566392068904|Chris Reeve|2022-02-16 19:01:39|1|1|10159565282588904|facebook
Just what Laws would they be?|10159566360078904|John Currie|2022-02-16 19:01:39|1|1|10159565282588904|facebook
I probably make more money then you bro, sit down move over, it's time for the future to drive.|10159565670643904|Taylan Knowles|2022-02-16 19:01:36|1|1|10159565282588904|facebook
apparently it’s lawful to for Canadians to donate to status destroying, church burning and railway blocking protests..|10159566364318904|Robert Won|2022-02-16 19:01:39|1|1|10159565282588904|facebook
Nuclear? It's not like he blew them the hell off the planet in a giant mushroom cloud.  🙄|10159566335343904|Christa Forsythe|2022-02-16 19:01:32|0|0|10159565282588904|facebook
I've worked in countries where the government calls in the military to deal with protestors. Believe me, you don't want to live in a country like that.|10159565395388904|David Horton|2022-02-16 19:01:46|1|0|10159565282588904|facebook
The alt right always have such engaging information to share...|10159565565928904|David Rochon|2022-02-16 19:01:34|1|0|10159565282588904|facebook
Like a little fascist... if he followed the science, he would just agree with them and end the situation. Schwab's objectives are too important to him though.|10159566041458904|Nathan Fry|2022-02-16 19:01:32|0|0|10159565282588904|facebook
masks are destroying alot. If you still believe the narrative that this came from bat soup, and the biggest pharmaceutical companies are in business to cure you I Pray for you!❤|10159565649128904|Taylan Knowles|2022-02-16 19:01:36|1|0|10159565282588904|facebook
The Globe and Mail You helped create this world we are living in, by having your funding trickle in from the federal government to spew your narrative. Truth will always prevail and the people will come together to overcome the hate, division and corruption of our political leaders and corporations! We pray for your souls❤|10159565647378904|Taylan Knowles|2022-02-16 19:01:32|0|0|10159565282588904|facebook
Well there are soldiers like Patric Mathew's that would agree with you I guess.|10159565566778904|David Rochon|2022-02-16 19:01:46|1|0|10159565282588904|facebook
They told trudope no, last time I checked|3127920217468736|Andrew Boardman|2022-02-16 19:01:46|1|0|10159565282588904|facebook
The government should have acted with more resolve two weeks ago|10159566309543904|Jennifer Palin|2022-02-16 19:01:32|0|0|10159565282588904|facebook
"what ""obligations""?"|10159566042773904|Nathan Fry|2022-02-16 19:01:34|1|0|10159565282588904|facebook
That wear ALL the Conservative should go.quiker the better for Canada|10159565412613904|Kenneth Hill|2022-02-16 19:01:48|1|0|10159565282588904|facebook
Most Canadians don't drape themselves in our flag, protest public health precautions and pretend that masks are destroying society.|10159565554363904|David Rochon|2022-02-16 19:01:36|1|0|10159565282588904|facebook
hey man.. I never said any of them are angels. I hated all of them. But what’s happening now needs to be stopped no matter what.|10159567413463904|Jay Labatte|2022-02-16 19:01:46|1|0|10159565282588904|facebook
Ironic that the protesters shouting Freedom are happy to infringe on fellow citizens' freedoms.|10159566396248904|Chris Reeve|2022-02-16 19:01:48|1|0|10159565282588904|facebook
like a true fascist|10159566042948904|Nathan Fry|2022-02-16 19:01:34|1|0|10159565282588904|facebook
Might want see where the tow trucks have gone. Remember, this only applies in Ottawa…..|10159565318328904|Andrew Tyler|2022-02-16 19:01:46|1|0|10159565282588904|facebook
so why no emergency act over the wetsuweten blockades.|10159567165063904|Louise Michelle|2022-02-16 19:01:34|1|0|10159565282588904|facebook
you must be out of this world 😂😂|10159566703883904|Roger Wieser|2022-02-16 19:01:34|1|0|10159565282588904|facebook
sorry, Jason, I don't speak sheep. What is it you're trying to say?  🤔|10159565455198904|Jim Preyde|2022-02-16 19:01:46|1|0|10159565282588904|facebook
just disable the trucks they will be almost impossible to move and watch  type folks have tantrums.|10159565480538904|Gary Desjardins|2022-02-16 19:01:46|1|0|10159565282588904|facebook
"I think they call it jumpling in with both feet trying to be first to the 'Post""but usually fails because there is no plan."|10159566252488904|Brooks Matthews|2022-02-16 19:01:32|0|0|10159565282588904|facebook
there is no real left in Canada, haven't you noticed..?|10159566179093904|Eric Briceno|2022-02-16 19:01:48|1|0|10159565282588904|facebook
The irony of that is technically you would be considered the sheep. So baaaa away.|10159567955658904|Ashley Faller|2022-02-16 19:01:34|1|0|10159565282588904|facebook
Sorry but protests are normal part of any democracy the only thing different about this protest is the amount of support it has.|10159566109308904|Zane Grey|2022-02-16 19:01:40|1|0|10159565282588904|facebook
Bravo Canada! The only western country to actively confront organized hate groups in Canada. Well past due. I hope the GOC breaks the back of hate groups in Canada.|10159566977468904|Andrew Davis|2022-02-16 19:01:32|0|0|10159565282588904|facebook
everyday..|10159565328788904|Jason Robichaud|2022-02-16 19:01:45|1|0|10159565282588904|facebook
Why would anyone think that of Justin. I mean only asked to spend with a budget only a few months ago….so you can trust him, right?|10159565320373904|Andrew Tyler|2022-02-16 19:01:40|1|0|10159565282588904|facebook
Where did I see this before?|10159566519373904|John Currie|2022-02-16 19:01:39|1|0|10159565282588904|facebook
We have a poplulation of 37 million people. Yes, a fringe of a few thousand or a few tens of thousands are a fringe group. That's without taking into account the vague ideals of this protest that aimed to engage people while making very few assertions known. Such as the demand for the federal government to step down so that the organizers could take power. The plan to block the borders. The plan to continue to protest well beyond a few days. The ties to White Nationalism and Western Seperation.|10159565583993904|David Rochon|2022-02-16 19:01:42|1|0|10159565282588904|facebook
Not simple for right wingers|10159566495463904|Bonnie Cull|2022-02-16 19:01:39|1|0|10159565282588904|facebook
So you have no evidence to back up your claims. Just deflection. Got it.|10159565612403904|David Rochon|2022-02-16 19:01:42|1|0|10159565282588904|facebook
I guess that I must adjust my thinking on this matter. I Have:•••• You really are not worth my time so I will no longer cast pearls before swine. May you live in interesting times.|10159566384643904|John Currie|2022-02-16 19:01:39|1|0|10159565282588904|facebook
For what crime? Beating you cons 3x in a row lol. Keep those con tears coming, nom nom.nom|10159566496213904|Bonnie Cull|2022-02-16 19:01:38|1|0|10159565282588904|facebook
The mandates are being lifted, hopefully based on models created by health professionals. Sweden didn't do that. As a result people died. But here we are, Ontario is opening slowly based on a plan. And all in complete absance of the protests.|10159565632968904|David Rochon|2022-02-16 19:01:42|1|0|10159565282588904|facebook
I’m using your evidence. I think I can call you a coward.|10159565634343904|David Rochon|2022-02-16 19:01:42|1|0|10159565282588904|facebook
you also know that Sweden is now recommending people over 40 get their 4th covid vaccine shot?!|10159565689373904|Michael Collins|2022-02-16 19:01:42|1|0|10159565282588904|facebook
nice try tho lol. Vote!|10159566379203904|Joanne Johnson-Meyers|2022-02-16 19:01:38|1|0|10159565282588904|facebook
They were engaged in illegal action.|10159565549698904|David Rochon|2022-02-16 19:01:43|1|0|10159565282588904|facebook
Love this.|10159566923698904|Alex Buchanan|2022-02-16 19:01:37|1|0|10159565282588904|facebook
owns the internet today!|10159565328293904|John Meadows|2022-02-16 19:01:45|1|0|10159565282588904|facebook
Scream that inane blather bit louder, why don't cha'?|10159566922663904|Alex Buchanan|2022-02-16 19:01:37|1|0|10159565282588904|facebook
Pretty sad hope it backfires on Trudeau|10159566672073904|Ron Walton|2022-02-16 19:01:32|0|0|10159565282588904|facebook
It isn't legal to explode fireworks in the middle of the night, disturbing residents' sleep, and it isn't legal to set up a hot tub or a portable kitchen in the middle of a residential street. Protesters cannot occupy roads & bridges for weeks. Blockades are NOT legal.|10159566375173904|Chris Reeve|2022-02-16 19:01:37|1|0|10159565282588904|facebook
Fox News is a lying to you. Check the daily reports on the Ottawa Police Service's website for number of arrests and daily tickets issued for bylaw infringements and traffic violations.|10159566369688904|Chris Reeve|2022-02-16 19:01:37|1|0|10159565282588904|facebook
your grammar bot is broken.|10159566335938904|Christa Forsythe|2022-02-16 19:01:37|1|0|10159565282588904|facebook
No one wants to listen to shouting.|10159565712178904|Eric Tompkins|2022-02-16 19:01:37|1|0|10159565282588904|facebook
first thing is you really didn’t do well in English grammar in school. I agree everyone should have the right to wear or not wear a mask. Also everyone has the right to be safe. So if I want to wear a mask I shouldn’t have someone yelling at me because I wear a mask|10159565504668904|Garry Dean|2022-02-16 19:01:37|1|0|10159565282588904|facebook
not only is their caps lock on, they also committed a war crime against Grammar.|10159565407493904|Logan Creed|2022-02-16 19:01:37|1|0|10159565282588904|facebook
Time to build a wall at the MB border. AB are not sending their best #LOCKTHEMUP|10159566494368904|Bonnie Cull|2022-02-16 19:01:36|1|0|10159565282588904|facebook
hear hear|10159566376158904|Joanne Johnson-Meyers|2022-02-16 19:01:36|1|0|10159565282588904|facebook
So, exploiting the masses, do you?|10159566263638904|John Currie|2022-02-16 19:01:36|1|0|10159565282588904|facebook
Your God has not helped you much yet so pray to mine, Dionysus, it will do more good.|10159566261858904|John Currie|2022-02-16 19:01:36|1|0|10159565282588904|facebook
baaaaa|10159565325963904|Jason Robichaud|2022-02-16 19:01:40|1|0|10159565282588904|facebook
actually, pretty much Did you watch the Super Bowl last weekend? See many masked, socially distanced people there? Mandates dropping all over the Globe, EXCEPT for Canada & our spoiled brat “leader” who responded to the trucker convoy protests by threatening to impose “inter-provinci al vaccine mandates” (How he can do this when Provinces are in charge of their own health restrictions just proves how power-mad Trudeau truly is) Hell, so far Ontario, Quebec, NS, Manitoba, Sasketchewan & Alberta have already announced all mandates will be dropped by March & most of them want NO involvement with his power hungry “Emergencies Act”|10159565464853904|Neil Bristol|2022-02-16 19:01:45|1|0|10159565282588904|facebook
maybe hear it from the protesters themselves?  https:// youtu.be/ P8tzXazvyHQ|10159565526918904|Neil Bristol|2022-02-16 19:01:45|1|0|10159565282588904|facebook
It was organized by the MAGA politicians and as much as they tried to keep the alt right rhetoric to a minimum it started to creep in.|10159565549273904|David Rochon|2022-02-16 19:01:45|1|0|10159565282588904|facebook
Is yours of you? If you know who he is.|10159566257273904|John Currie|2022-02-16 19:01:49|1|0|10159565282588904|facebook
