﻿comment|comment_ids|username|datetime|isreply|num_replies|post_id|label
Those journalists got what they deserved, if they would report the truth there would be no problem.|10159574297738904|Marie A Perrin|2022-02-23 21:55:09|0|4|10159574025628904|facebook
Hey G&M, I'm assuming you are referring the police officer that beat the reporter a couple days ago? Or have you failed to cover that little gem of a story. Or does that video get ignored G&M because it not in justys favor? Asking for millions and millions of canadians.|10159574225413904|Ron Kuehn|2022-02-23 21:55:09|0|4|10159574025628904|facebook
And you watch too much social media propaganda!|10159575096988904|Doris Dallaire|2022-02-23 21:55:20|1|4|10159574025628904|facebook
nope….every conservative now believes the MSM is fake because it doesn’t fit their narrative. It all started with Trump calling the media the enemy of the people.|10159574064163904|Andrew Karvonen|2022-02-23 21:55:31|1|3|10159574025628904|facebook
Social media is our downfall. People attack, accuse and hate just because they are bored or have no voice in real life. Hiding behind a Facebook account and yelling at others makes you feel tough, your 1 minute of spotlight. The media was never the problem, just a narrative from the Trump campaign 2016 - picked up and spewed around whenever the story told doesn’t fit the own agenda.|10159574244783904|Jan Pitman|2022-02-23 21:55:09|0|3|10159574025628904|facebook
Bad behavior usually occurs when there's a group to back them up. On their own, they usually back off. It's a mob mentality.|10159574178343904|Maureen Jones|2022-02-23 21:55:09|0|3|10159574025628904|facebook
bla bla bla ignore what you want. Read what you want. Take it as you want.|10159574328343904|Lauren Stoyanowski|2022-02-23 21:55:25|1|3|10159574025628904|facebook
"That's your perspective. I watched extensive footage of a particularly good live streamer who provided days' worth of coverage. There was little evidence of ""regular"" media on the scene at all and most of the protest seemed more party-like than politically heated."|10159574875413904|Craig Stevenson|2022-02-23 21:55:14|1|3|10159574025628904|facebook
,yes millions... quit watching cbc and ctv and will see alot more than justy's propaganda. Try it.|10159575445063904|Ron Kuehn|2022-02-23 21:55:23|1|3|10159574025628904|facebook
", if she was among that mob, how dumb to play an alibi for them. Police did 2 weeks nothing against -at least partly violent- ""protest"" blockading economy and people to visit their buddies. At least one case of people blockaded from last visit to dying relative ..."|10159574140128904|Jan Behrend|2022-02-23 21:55:29|1|3|10159574025628904|facebook
The deference once shown to journalists as purveyors of the honest story is vanishing rapidly. As for this event, the best footage by far was provided by live streamers without media affiliation.|10159574095538904|Craig Stevenson|2022-02-23 21:55:09|0|2|10159574025628904|facebook
you mean the Globe and Mail wants to get paid like a business. What a crazy and novel concept.|10159574156118904|Andrew Karvonen|2022-02-23 21:55:31|1|2|10159574025628904|facebook
Also Kudos to demonstrators for showing restraint !! CTV NEWS just aired that there is only one SIU investigation underway regarding a horse trampling ! $4000.00 a day per officer and expenses and luxury hotel to do it ! The Mayor says 1 mil a day !|10159574116083904|Dwight Lamont|2022-02-23 21:55:31|1|2|10159574025628904|facebook
"- you believe a live feed from a completely unvetted source showing a perspective that happens to agree with your predetermined worldview but claim that action caught on film during the protests by professional journalists is somehow not what ""really happened"". You managed hit every branch on the way out of the partisan tree."|10159575296138904|Gabriel Higham|2022-02-23 21:55:19|1|2|10159574025628904|facebook
It’s so obvious that protesters don’t want the world to see the truth. They only want their points of view heard and seen. It’s shouldn’t be like being in a war zone for a journalist to be able to his/her job In our country. Covering a protest that is supposedly about freedom!|10159574899593904|Doris Dallaire|2022-02-23 21:55:09|0|2|10159574025628904|facebook
She wasn't killed. She had suffered a dislocated shoulder. Was she knocked over by the police on horseback and injured? Yes. Did the Ottawa Police Chief mention that incident? No. He claimed a bike was thrown at a horse and the horse was uninjured. The chief claimed that no protesters have been injured, that is a blatant lie. So CNN, CBC, CTV etc have never been sued for the same multiple times? I use source materials, not opinion pieces of any media.|10159575463133904|Ryan Whiteford|2022-02-23 21:55:21|1|2|10159574025628904|facebook
When the Prime Minister of Canada goes to the media, calling Canadians all level of vile names, and not even worth space, just because of exercing free will, and disagreeing with him, could very well be identified as the triggering device for hate speech.|10159575001313904|Jack White|2022-02-23 21:55:09|0|2|10159574025628904|facebook
Geezer alert...the old Righties are clutching their shriveled pearls again. They need a distraction... look over there: Greta! 😂|10159574107343904|Kay Em Jay|2022-02-23 21:55:11|0|2|10159574025628904|facebook
"its amusing when someone takes a statistic from someones else's post like "" 90% of "" and then tosses it in their argument like its quantifiable and they are informed. stay in your lane, your not bright enough to make online arguments."|10159575166123904|David Macleod|2022-02-23 21:55:17|1|2|10159574025628904|facebook
"The very opening of the article is filled with fabrications and misleading information. The media cannot be trusted for reporting facts anymore. When a reporter arrives at the scene to vilify the subjects of the report don't expect a warm fuzzy reaction to you lying about them. For example, when a reporter arrived on scene to find veterans taking down the fences that were erected around the Tomb of the Unknown Soldier he was yelled at by a veteran and told to leave. Why? What was the vet covering up and doing so illegally that he would harass and assault the crew? According to Trudeau and the media he and others were violently tearing down the fencing that the police erected to keep the disorderly, disrespectful, illegal conduct of the protesters from desecration and destruction of the war memorial. Was that true? The incident was filmed...as other vets were orderly and neatly removing the fences and stacking them ready to be shipped back to the company he and others were clearing the snow and ice from the steps. What kicked off all this? A woman stood on the monument and ""danced"" on it for a moment? Disrespectful? Absolutely! Defacing? No. Do her actions represent those of the Freedom Convoy? Absolutely not! According to the media and the government though they do. That was covered extensively by the media. Did they cover the cleaning of the memorial, the laying of the flowers, the prayer around it, the honoring of it, the indigenous paying respects for it? Nope. It didn't fit the vilification of the truckers and company. When CBC covers the protests why do they stay on the edge and turn their cameras away from the bulk of people and capture the film of a few on the outskirts rather than the masses? A reporter in Edmonton was called out for that after he finished filming. He was caught filming a few blocks away from the main group at the Legislature claiming that they were a small group of angry people. This leads to their targeted audience leaving comments and spreading information like the protesters are only a few stupid people that don't even know where the Legislature Building is. Fox News, the Rebel and other sources of news have filmed what is happening. They are not harassed but welcomed. Sure some people have a distrust for all media but for the most part if you TELL THE TRUTH you will not be told to leave. Stop making enemies of your friends, neighbors and fellow citizens and you will find you aren't considered an enemy. You did it to yourselves, don't blame the people. As the media likes to say about others...""It isn't 'cancel culture' but 'consequence culture'."""|10159575028758904|Ryan Whiteford|2022-02-23 21:55:09|0|2|10159574025628904|facebook
I even looked at “stuffImadeup.co m” and couldn’t find anything.|10159574801468904|Marc Johnson|2022-02-23 21:55:23|1|2|10159574025628904|facebook
, funny that I heard someone was hurt. Rebel News and Fox News, you have got to be kidding if you consider them reliable, truthful News. I had to laugh when I read this. But then anything and anyone that justifies your thinking must be truthful.|10159575835008904|Rena David|2022-02-23 21:55:21|1|2|10159574025628904|facebook
nowhere because it is made up.|10159574752583904|Andrew Karvonen|2022-02-23 21:55:23|1|2|10159574025628904|facebook
There were lots of independent media and just normal people with live streams of the convoy going, what the MSM reported was basically the opposite of what you could plainly see on the live-streams and videos. There’s also been a few now, just like this lady, that have lost their jobs for questioning the narrative. https:// youtu.be/ W0VzK9InDEE|10159574973073904|Kathy Sarich|2022-02-23 21:55:16|1|2|10159574025628904|facebook
If you just stopped for a moment to think. You would notice that you are parroting the dangerous Trumpian BS.|10159574120268904|Art Ofgjon|2022-02-23 21:55:25|1|2|10159574025628904|facebook
What is trumpian? How do you define that? It seems very ambiguous. Is there a synonym for ‘trumpian’ that you could think of?|10159574131348904|Ryan Doherty|2022-02-23 21:55:25|1|2|10159574025628904|facebook
try sobering up a bit.|10159574136748904|Lauren Stoyanowski|2022-02-23 21:55:25|1|2|10159574025628904|facebook
I know we have same folks here in Germany ... And know, that majority of Canadian truckers work for their country and contribute to pandemic protection -instead of blockading for irresponsibilit y or fascism. Mob must be called mob.|10159574070193904|Jan Behrend|2022-02-23 21:55:29|1|2|10159574025628904|facebook
The whole story is that it is an already known small egoistic to racist minority, without any shame or resistance against those Confed flag drivers. And the whole story is that mass media belittle it.|10159574066698904|Jan Behrend|2022-02-23 21:55:29|1|2|10159574025628904|facebook
"You mean Fox ""News"" and Brietbart. That's who created the hate by telling lies for profit."|10159574833523904|Brenda Hartwell|2022-02-23 21:55:25|1|2|10159574025628904|facebook
Please look for another boogie man as tired of the Trump/Harper blame|10159574302768904|Verna DeMerchant|2022-02-23 21:55:26|1|2|10159574025628904|facebook
ya so sorry buddy I have the video and he whole world seen it and as result a police investigation is under way !|10159574440293904|Dwight Lamont|2022-02-23 21:55:28|1|2|10159574025628904|facebook
And i what part of the last seven years have you the media ever championed the working class, you have labeled them deplorable first in the usa and now the fringe in Canada, and you are shocked that they reject your bias, or more perhaps you are shocked this segment is holding you actually accountable for your appalling bias. shocking isn't it, not to have immunity.|10159574262328904|David Macleod|2022-02-23 21:55:09|0|2|10159574025628904|facebook
i would love to see where you got that info?|10159574146158904|Garry Dean|2022-02-23 21:55:28|1|2|10159574025628904|facebook
, that is absolutely not true. I watched on Saturday journalists trying to do their job. The unprovoked hateful comments thrown at them were totally disgusting and exposed the mentality of people involved.|10159574844038904|Rena David|2022-02-23 21:55:14|1|2|10159574025628904|facebook
Try reporting the truth, instead of spinning everything to fit the government narrative, and they would find more support from the people. 🤷‍♀️ Independent media that isn’t government funded, had no problem covering the event.|10159574883768904|Kathy Sarich|2022-02-23 21:55:09|0|1|10159574025628904|facebook
you mean like this one? Regardless which side or who they are representing, i agree ANY reporter should not be trashed. But let me guess it's OK because this reporter was for rebel news so many are probably have no remorse for her.  https:// m.youtube.com/ watch?v=7Sf-Otuu 7vU&feature=sha re|10159575779958904|Ron Kuehn|2022-02-23 21:55:23|1|1|10159574025628904|facebook
I have no concern if someone doesn’t want to talk to the press. I draw the line at actively interfering with the press, e.g., through intimidation and harassment.|10159575766638904|Gregg Horne|2022-02-23 21:55:23|1|1|10159574025628904|facebook
, well Linda, I guess we will have to agree to disagree on everything with politics. Nice to talk to you. Speak to you again around election time. Thank you.|10159575730128904|Ron Kuehn|2022-02-23 21:55:23|1|1|10159574025628904|facebook
i never said you were stupid. i was referring to people who didn't stand back when the horses came through. that was stupid.|10159575691808904|Linda Lovegrove|2022-02-23 21:55:23|1|1|10159574025628904|facebook
, they don't even need to go there. They have been doing it all from their offices. No one would talk to them... amazing isn't. Weird that no one would want to talk to our MSM. Ever wonder that?|10159575679843904|Ron Kuehn|2022-02-23 21:55:23|1|1|10159574025628904|facebook
was the elderly Mohawk woman run over by a police horse a racist?|10159574110953904|Sophie Gunn|2022-02-23 21:55:29|1|1|10159574025628904|facebook
no one was “stomped down” or “beaten”. if you are stupid enough to stand near a police horse controlling a crowd, i have zero sympathy for you, no matter what side you are on…but that situation is under investigation.|10159575544028904|Linda Lovegrove|2022-02-23 21:55:23|1|1|10159574025628904|facebook
seemed the CBC and CTV journos had no trouble staying back from the line, even commenting on it in their coverage.|10159575541583904|Gregg Horne|2022-02-23 21:55:23|1|1|10159574025628904|facebook
The only journalist assaulted is in Ottawa by the servants of dictatorship……. .|10159574256318904|Simon Guay|2022-02-23 21:55:12|0|1|10159574025628904|facebook
, total BS|10159575349153904|Rena David|2022-02-23 21:55:14|1|1|10159574025628904|facebook
millions and millions? Get serious.|10159575387618904|David Winter|2022-02-23 21:55:23|1|1|10159574025628904|facebook
, fair enough, let me put it this way, if it was a cbc or ctv journalist that was hit several times, what would have been said? First of all the outcry would have been over the top touching one of justy's First hand people. Second I do NOT condone anyone that is trying to do journalistic work to be harmed. Just because you are ok with people being stomped down and beaten doesn't mean everyone is.|10159575159483904|Ron Kuehn|2022-02-23 21:55:23|1|1|10159574025628904|facebook
"she did not get ""beaten"". she was pushed back with the stick the same as anyone else that wouldn't move. you'd think he stabbed her, with the theatrical reaction she had. previously, whoever was filming was showing only a line of police officers standing firm, claiming that protestors were being beat up, presumably off camera. when you are breaking a law and are told to move by an army of officers, you take your chances."|10159574966558904|Linda Lovegrove|2022-02-23 21:55:23|1|1|10159574025628904|facebook
YCFS applies to you as well.|10159575264658904|Endrick Kreuter|2022-02-23 21:55:14|1|1|10159574025628904|facebook
please provide said footage. I have only seen a person participating in a protest that got pepper sprayed. Unlike most people I actually like to see both sides of the story. So far nobody has been able to produce any footage of a journalist being targeted. Participating in a protest no longer makes you a journalist….in this case it makes you a participant in an illegal protest. Also is the Rebel News even considered media? It’s owner in court has even said it isn’t in defence of lawsuits against him.|10159574881103904|Andrew Karvonen|2022-02-23 21:55:23|1|1|10159574025628904|facebook
so a) was he identifying himself as a journalist? b) is he credible? Because, as a failed PC candidate with a well-documented history of making bad decisions, I call it in to question. https:// pressprogress.ca / here-are-pc-cand idate-andrew-la wtons-worst-mom ents-so-far/|10159574838453904|Marc Johnson|2022-02-23 21:55:23|1|1|10159574025628904|facebook
raw footage unedited proves you wrong.|10159574837583904|Dave Seaward|2022-02-23 21:55:23|1|1|10159574025628904|facebook
There, I've changed it.|10159574804603904|Mitch Alexander|2022-02-23 21:55:23|1|1|10159574025628904|facebook
rebel news isn't spinning to fit a protestor narrative? media is in no way controlled by government in this country...they report news, and take an editorial position in opinion pieces which are easily identifiable. claiming news is fake does not make it so...and leads to harassment of people just doing their jobs.|10159574956653904|Linda Lovegrove|2022-02-23 21:55:16|1|1|10159574025628904|facebook
I’d like to read that story. Where can I find it?|10159574665438904|Marc Johnson|2022-02-23 21:55:23|1|1|10159574025628904|facebook
They conveniently forgot to mention the Rebel News reporter that was pepper sprayed.|10159574664113904|Mitch Alexander|2022-02-23 21:55:23|1|1|10159574025628904|facebook
police hater|10159574531443904|Matty Mac|2022-02-23 21:55:23|1|1|10159574025628904|facebook
clearly you don’t know what journalism is. Just because they don’t side with your lies doesn’t make the inaccurate.|10159574541918904|Matty Mac|2022-02-23 21:55:34|1|1|10159574025628904|facebook
Cary, what proof can YOU provide that (actual) journalists were lying and misrepresenting events?|10159579186088904|Randy Faust|2022-02-23 00:00:00|0|1|10159574025628904|facebook
"CBC, CTV, CNN, etc? Bastions of moral fortitude and truth? I'm sorry you don't grasp the basic foundations of understanding. What you seem to miss is the information often given by Fox or Rebel is declared misinformation by the liberal media. They often mock those outlets as conspiracy theorists or fabricators. These stories are often proven accurate months later but by then the other media outlets seemingly 'forget' the old stories and the lies they told. Shall we talk about Russia-gate, the Biden laptop, the origins of the coronavirus, inflation, Afghanistan withdrawal, Kyle Rittenhouse, Nick Sandmann, vaccine efficacy, Trump ""good people"", BLM peaceful protests, etc? I know you are confused and probably laughing right now because you assume these stories were all reported accurately by your go-to media...I suggest you look at these stories again. See what your hated media said at the time and compare that to what your chosen media said. Now look at the most recent information about these stories and look at the source materials. You will eventually find the truth.  When I look at news I watch/read stories from both sides. I find several stories from both sides. I ignore the opinions of the journalists and look up the sources. If the article references a speech or event I listen to it or watch videos showing the event. If it references a study I read the study. If the study references secondary sources I will read those too. I sometimes will even read tertiary studies. I don't take my opinions from Tucker, Lemon, Cuomo or Levant but I form my own based upon the sources. This is what critical thinking is all about. Don't just read a headline but dig deeper. Connect the dots, it isn't just for toddlers. A big hint for these days... follow the money."|10159575896218904|Ryan Whiteford|2022-02-23 21:55:21|1|1|10159574025628904|facebook
How can this be? I thought they were just peaceful, loving, Christian truckers.|10159574052313904|Andrew Karvonen|2022-02-23 21:55:11|0|1|10159574025628904|facebook
Not surprising considering the mainstream media’s creation of hate.|10159574074868904|Lauren Stoyanowski|2022-02-23 21:55:09|0|1|10159574025628904|facebook
so when they showed up 3 weeks later, after the protest was smeared intentionally by them and they didn’t like being called names ? The msm is complicit with attacks on the charter of rights.|10159575114843904|Richard Coombes|2022-02-23 21:55:14|1|1|10159574025628904|facebook
Also Kudos to demonstrators for showing restraint !! CTV NEWS just aired that there is only one SIU investigation underway regarding a horse trampling ! $4000.00 a day per officer and expenses and luxury hotel to do it ! The Mayor says 1 mil a day !|10159574116783904|Dwight Lamont|2022-02-23 21:55:09|0|1|10159574025628904|facebook
do what they have to do to collect a pay check?!? that’s what’s wrong with that industry. Reporting Covid ICU numbers with a mannequin hooked up to a ventilator 😂😂😂|10159575082038904|Jason Gardiner|2022-02-23 21:55:14|1|1|10159574025628904|facebook
CTV !! But you should watch LIVE streaming !! wow !|10159574177163904|Dwight Lamont|2022-02-23 21:55:28|1|1|10159574025628904|facebook
, I watched journalists doing their job. The unprovoked hate thrown at them was disgusting.|10159574845953904|Rena David|2022-02-23 21:55:27|1|1|10159574025628904|facebook
what horse trampling? You might want to look at the video before you make a fool of yourself. Even Fox News had to retract their statements about this once they saw what really happened. Those amazing horses used their training and hopped right over those losers. She was up posing for pictures right after it happened. You can see them all over! I promise you if she had been “trampled” she would not have gotten back up.|10159574257428904|Philip Standard|2022-02-23 21:55:28|1|1|10159574025628904|facebook
wow seems like you’re the one full of lies and hate. What.. you expect the media to side with these far right crisis actors and THEIR lies?!|10159574536598904|Matty Mac|2022-02-23 21:55:27|1|1|10159574025628904|facebook
I agree! No media company would put out such an obvious hack job.  And here's the thing - even if there actually was an elderly woman knocked down by the horses (which there was not, no matter how badly you want to believe your steady diet of vloggers who tell you what you want to hear), that is what you get when you ignore WEEKS of warnings to remove yourself from the premises, and literally DAYS of being told there are no more warnings.  But thankfully, it didn't happen in the first place.  Any other make believe stories you want to cover? Maybe use Pat King as a reference point, just pretend all the white supremacist rants he used to do on his own page didn't happen. 🤣|10159574419808904|Jason Godin|2022-02-23 21:55:14|1|1|10159574025628904|facebook
I'll mention Harper, look up the International Democratic Union.|10159574871623904|Kurt Ruetters|2022-02-23 21:55:26|1|1|10159574025628904|facebook
get over yourself Trump commented on it 2x tines at his rally of lies. No one mentioned Harper nice fantasy land you live in|10159574571023904|Paderick Rose|2022-02-23 21:55:26|1|1|10159574025628904|facebook
The CBC national tonight called the protesters “people who live in a feedback loop who rely on self styled news sites feeding off their own insecurities and anger.” More elitist and gross crap coming from the CBC. #defundthecbc|10159574346328904|Daniel Tate|2022-02-23 21:55:09|0|1|10159574025628904|facebook
you are confusing funding with editorial control|10159575273593904|Linda Lovegrove|2022-02-23 21:55:25|1|1|10159574025628904|facebook
When mob cries insult for being labeled mob? In reality those folks are very politely named. So, as mostly used appeasement does not protect media from harassment, media should stop being ultra careful.|10159574058373904|Jan Behrend|2022-02-23 21:55:11|0|1|10159574025628904|facebook
you are obviously unaware of who funds the CBC and the like. Speak up again when you are fully informed or else you sound silly.|10159575064708904|Oliver Kockendorfer|2022-02-23 21:55:25|1|1|10159574025628904|facebook
Another con who cant deal.with reality #LOCKTHEMUP|10159575050278904|Bonnie Cull|2022-02-23 21:55:25|1|1|10159574025628904|facebook
there isn't hate in the articles ... it's all in the comments|10159574969148904|Linda Lovegrove|2022-02-23 21:55:25|1|1|10159574025628904|facebook
you could say the exact same for those radical far right crisis actors … er excuse me, ‘truckers’|10159574542723904|Matty Mac|2022-02-23 21:55:35|1|1|10159574025628904|facebook
"you mean the 600m subsidy that was spread out to all media outlets not just left leaning papers?  An amount when you break it up even into the amount of 10s of millions to a single media outlet it's a fraction of what these corporate entities make in a year. It would be like you getting 3-5% of your income as extra cash at the end of the year.  So yeah sure it's a chunk of money but nowhere near what these corporations make from advertising even from a single other entity in a year.  Secondly again if you're a corporation you're going to be pro big business and anything that allows you to operate with as little government oversight as possible - which is not at all something inherent of left wing governments compared to right wing.  So yes sure you can look at things through a very simple view of ""liberals gave money to media, all media bad"" but the reality is that most governments give subsidies to corporations in some way or another. Corporate tax reductions that right leaning governments love to hand out like candy would go a lot further than a 10-20million to these corporations ever would."|10159574315838904|Kurt Ruetters|2022-02-23 21:55:25|1|1|10159574025628904|facebook
I guess you never heard about the liberal Govt payouts. Not sure where you think I said they own them. Give it up.|10159574310763904|Lauren Stoyanowski|2022-02-23 21:55:25|1|1|10159574025628904|facebook
so globe and mail is a left leaning paper? 🤔 You do realize that the Liberal government doesn't own any papers right? You may want to look up who the actual media conglomerates are. Even the CBC has a board of directors that is right leaning.  Again left wing governments are pro big government where right wing governments are pro big business, the latter benefits media corporations more than the liberal subsidy ever has or will - these corporations don't just own media entities and certainty in the interest of profits would never be left leaning|10159574301628904|Kurt Ruetters|2022-02-23 21:55:25|1|1|10159574025628904|facebook
every major Liberal paid paper in Canada is fueling hate with slight twists and misleading statements. Use your head.|10159574290828904|Lauren Stoyanowski|2022-02-23 21:55:25|1|1|10159574025628904|facebook
Right wing misinformation SOCIAL media is fueling hate, not the actual media. Might want to look into what the US congress is talking to Zuckerberg about regarding facebooks knowledge of fake overseas accounts in various countries.  The actual media is mostly owned by large corporate entities and if anything those entities are more interested in right wing policy for small government and big business. Use your head.|10159574277638904|Kurt Ruetters|2022-02-23 21:55:25|1|1|10159574025628904|facebook
Some members of the press should look themselves in a mirror and reconsider their career choices.|10159574404443904|Pierre-Louis Leclerc|2022-02-23 21:55:12|0|1|10159574025628904|facebook
Hahaa you sounded genuinely shocked and a bit hurt. Much offense taken by Art. Just handing back some of the weirdness you handed out.|10159574234008904|Lauren Stoyanowski|2022-02-23 21:55:25|1|1|10159574025628904|facebook
Bullying? Are you Trump himself in disguise? That's interesting. If you think that I would be offended with your attack on Trudeau? You are wrong. I don't care about him at all. You go ahead say whatever you like.|10159574173483904|Art Ofgjon|2022-02-23 21:55:25|1|1|10159574025628904|facebook
“gasp”. Art, that’s bullying, but that goes right along with the dangerous Trudeauian BS you’re spouting.|10159574166008904|Lauren Stoyanowski|2022-02-23 21:55:25|1|1|10159574025628904|facebook
You just think of a BS and that's what Trumpian is.|10159574165238904|Art Ofgjon|2022-02-23 21:55:25|1|1|10159574025628904|facebook
how about Goebbelesque|10159574142183904|D Magnus C Smith|2022-02-23 21:55:25|1|1|10159574025628904|facebook
because CTV, CBC ETC. wasn't on their cameras. The reporters weren't recognizable either.|10159575418598904|Marilyn Mckercher|2022-02-23 21:55:14|1|1|10159574025628904|facebook
nice, typical response of someone with their head stuck in the sand. I assume you side with dear leader and don’t feel the need to be ethical as well 😂😂|10159575354713904|Richard Coombes|2022-02-23 21:55:14|1|1|10159574025628904|facebook
you've offered some thoughts...but where is the basis in fact for your suppositions? Just the credible links. I'll wait.|10159575439928904|Mark Beland|2022-02-23 21:55:14|1|1|10159574025628904|facebook
You think the classic jerks who willingly interfered with thousands of normal WORKING people by forming an illegal block partly in the street deserved anyone's respect? Respect is earned one small deed after another. The self styled truckers showed no respect and earned none. The prime minister called it like it was.|10159575271873904|David Winter|2022-02-23 21:55:18|1|1|10159574025628904|facebook
. Major news doesn't need monetization. Youre thinking Hollywood where they need ticket sales to tell you stories|10159574158178904|Adam Worden|2022-02-23 21:55:31|1|1|10159574025628904|facebook
there’s tons of live stream videos for you to watch on social media. Journalist lie and manipulate the facts so why would the protesters welcome them with open arms? Why aren’t you asking the cops why they assaulted a female journalist and pepper sprayed another?|10159574988968904|Angela Gill|2022-02-23 21:55:20|1|1|10159574025628904|facebook
you watch mainstream media and the lies they spread obviously.|10159574954618904|Chris Kruger|2022-02-23 21:55:20|1|1|10159574025628904|facebook
, oh and the 6 figure salary was in the 90s and was very sweet by the time I retired 12 years ago. A fantastic pension since.|10159575636888904|Henry F. Drystek|2022-02-23 21:55:14|1|1|10159574025628904|facebook
really….how do you think they pay the journalists? All businesses need money.|10159574159533904|Andrew Karvonen|2022-02-23 21:55:31|1|1|10159574025628904|facebook
, I did not miss the live feeds at all, I am of the sincere opinion one needs to look at all sides. And if you think that the live feeds do not show a bias and show you what they mostly want you to see, than you are very naive or have very little critical thinking skills. I bet the live feeds did not show a woman with a very small child in the crowd, yelling slurs, and then being surprised that police were advancing. At least she had a modicum of brains and retreated. Anyone having small children at a protest should have a serious review by CAS.|10159576605638904|Rena David|2022-02-23 21:55:19|1|1|10159574025628904|facebook
"I want you to read what you wrote again and answer your question for yourself lol. Keep in mind, LIVE FEEDS mean no editing and showing everything AS IT HAPPENS. The ""professional journalism"" is the only one that falls under predetermined world views and Meeting the requirements for the narrative of the government. But, I'm glad you brought these points to everyone's attention. Just food for thought, try turning off the news and following independent journalism through all this, you will be amazed to see how misinformed you truly are."|10159575966923904|Oskar Pula|2022-02-23 21:55:19|1|1|10159574025628904|facebook
...sure...so you've got nothing to bolster your assertions? I'd call that a swing and a miss.|10159575662083904|Mark Beland|2022-02-23 21:55:14|1|1|10159574025628904|facebook
you obviously missed the live feeds showing what really happened|10159574990283904|Angela Gill|2022-02-23 21:55:19|1|1|10159574025628904|facebook
I watched on various sources and the language and hate thrown at journalists was disgusting. The mentality of those protestors was telling.|10159574848453904|Rena David|2022-02-23 21:55:09|0|1|10159574025628904|facebook
Fox news, truth? Like the woman who was killed by horses? Rebel media which has been successfully sued for slander and lies multiple times? Are you blind or just prefer to see what you want?|10159575443093904|Marilyn Mckercher|2022-02-23 21:55:21|1|1|10159574025628904|facebook
Unfortunately journalists seem to always concentrate on reporting on the most extreme events and people they can find. If there is one truck flying a swastika you can be sure that is the one on the news. Recently I read an articlle by a journailist trying to defend this and he was quite aggressive in pointing out that if it was not extreme behaviour it was not news. And no, I am not a protestor and did not support them but I did not like to see Trudeau and Company trashing them the way they did. These people may be misinformed and they may be wrong but that doesn't mean they have no rights.|10159574096778904|Gary McCaig|2022-02-23 21:55:11|0|1|10159574025628904|facebook
how about you try watching both sides? You might learn a thing or two. 😉|10159575117418904|Don Whiteford|2022-02-23 21:55:20|1|1|10159574025628904|facebook
The working class are working, along with the 90% of vaccinated truckers. Or trying to work, if this bunch would stop blocking the borders and allowing the goods in to sell and make things with. I find your bias glaring.|10159574709328904|Christine Abrams|2022-02-23 21:55:17|1|1|10159574025628904|facebook
", it is my privilege setting ""obtuse"" people straight. The end."|10159576681983904|Rena David|2022-02-23 21:55:17|1|1|10159574025628904|facebook
yeah ok🤣🤣🤣🤣|10159576652578904|Dwayne Steve|2022-02-23 21:55:17|1|1|10159574025628904|facebook
, for one I am a woman, and two, I have grandsons older than this, and no, I don't consider myself elderly. Lol|10159576647763904|Rena David|2022-02-23 21:55:17|1|1|10159574025628904|facebook
pretty complex word for a 12 year old living in its mother's basement.|10159576643538904|Dwayne Steve|2022-02-23 21:55:17|1|1|10159574025628904|facebook
, obtuse comments welcome.|10159576593598904|Rena David|2022-02-23 21:55:17|1|1|10159574025628904|facebook
nah I wouldn't call yourself an expert🤣🤣🤣|10159576104728904|Dwayne Steve|2022-02-23 21:55:17|1|1|10159574025628904|facebook
, ah the expert has spoken.|10159575823833904|Rena David|2022-02-23 21:55:17|1|1|10159574025628904|facebook
I cant believe you have the nerve to call yourselves journalists 😂|10159574213798904|Krista McPhee|2022-02-23 21:55:09|0|1|10159574025628904|facebook
because protesters believe they are the media. completely disrespectful to reporters. the aggression was glaring. noted conspiracy theorists wants to assert the mainstream media as fake news copied by the loser ober there. journalists should not allow these people to override true and professional journalism.|10159574424783904|Li Eron|2022-02-23 21:55:11|0|1|10159574025628904|facebook
Isn’t this article by the President of the Journalist Association which includes all media?|10159575212233904|Susan Laker O'Sullivan|2022-02-23 21:55:16|1|1|10159574025628904|facebook
...send me the link...to your published work....I'll be happy to review your work. Let's see if it can stand up to genuinely critical analysis.|10159575619468904|Mark Beland|2022-02-23 21:55:14|1|1|10159574025628904|facebook
. There should be lots of footage of reporters being harrased. They are the media.|10159574055458904|Adam Worden|2022-02-23 21:55:31|1|1|10159574025628904|facebook
, I have offered an opinion. I also did an academic study which was peer reviewed. But you are entitled to a differing opinion.|10159575593508904|Henry F. Drystek|2022-02-23 21:55:14|1|1|10159574025628904|facebook
You forgot what a journalism is. You became just paid advertisers of government policies.|10159574406808904|Grazyna Petela|2022-02-23 21:55:12|0|1|10159574025628904|facebook
yes unfortunate, but maybe she should have listened the 15 times they were warned this was going to happen if they didn’t leave. Everyone knew this was going to happen, including the lady that got hit by the horse. I saw the footage….trampl ing is a bit of a stretch. Sometimes when you break the law you get hurt. The old saying goes you pay stupid games you win stupid prizes.|10159574153383904|Andrew Karvonen|2022-02-23 21:55:31|1|1|10159574025628904|facebook
, a Masters thesis at Carleton University.|10159575617263904|Henry F. Drystek|2022-02-23 21:55:14|1|1|10159574025628904|facebook
yep…..I have seen a bunch. Doesn’t take much of a search to find them. Or are you saying this is “fake news”?|10159574059053904|Andrew Karvonen|2022-02-23 21:55:31|1|1|10159574025628904|facebook
peer reviewed? Seriously? You did an academic study? Share those credible links...you're entitled to your own opinions not your own facts.|10159575611253904|Mark Beland|2022-02-23 21:55:14|1|1|10159574025628904|facebook
Dee bee I’m not sure how you think that’s funny but your either a paid croonie or just a heartless person either way that’s sad|10159574102103904|Brodie Thomas|2022-02-23 21:55:31|1|1|10159574025628904|facebook
Nikita Jasper why are you paying attention to it if you don’t agree with it. Canadians are fed up with the lie that is this ‘freedom convoy’.|10159574532618904|Matty Mac|2022-02-23 21:55:20|1|1|10159574025628904|facebook
. Haha. How do you think Trump got elected. People were upset at the swamps lies. You're really not going to question why the footage isn't on nightly news right now and instead they put it behind a paywall. And you just blame conservatives and Trump when asked a simple question. Too funny|10159574067298904|Adam Worden|2022-02-23 21:55:31|1|1|10159574025628904|facebook
. You'd think the globe and mail would be running the footage 24/7 instead of hiding this article behind a paywall. You dont think that's fishy?|10159574060133904|Adam Worden|2022-02-23 21:55:31|1|1|10159574025628904|facebook
Business was booming to whom wanted to stay open for business ! But the government needs to show the opposite to reflect part of the emergency act enactment wow !|10159574255088904|Dwight Lamont|2022-02-23 21:55:11|0|0|10159574025628904|facebook
So we only hear one side of the economy devastation n the Downtown Ottawa area This is another one !|10159574253183904|Dwight Lamont|2022-02-23 21:55:11|0|0|10159574025628904|facebook
what journalist are they talking about ?|10159574093418904|Samuele Langeli|2022-02-23 21:55:11|0|0|10159574025628904|facebook
The protesters' did not want us to see what was really happening.|10159575221198904|Hubert Oates|2022-02-23 21:55:11|0|0|10159574025628904|facebook
Good, you're not welcome anymore. we don't need the msm spinning stories and making up lies. Anyone with a cellphone can report from the streets and we can see the truth for ourselves.|10159574696533904|River Sutton|2022-02-23 21:55:11|0|0|10159574025628904|facebook
The truckers are essential workers. They helped all of us by preserving the distribution lines during the pandemic. Members of the press try very hard to make us believe they are essential workers, but they are not. Are YOU an essential worker, stupid?|10159574814458904|Pierre-Louis Leclerc|2022-02-23 21:55:35|1|0|10159574025628904|facebook
SHAME SHAME SHAME !!|10159574344488904|Dwight Lamont|2022-02-23 21:55:11|0|0|10159574025628904|facebook
The Globe and Mail has betrayed the Canadian people with their steady stream of lies.|10159575032038904|Tom Ramanauskas|2022-02-23 21:55:11|0|0|10159574025628904|facebook
you really need to ask yourself WHY this is happening to the reporters people don't change their views over night on such matters they THE PEOPLE have really noticed a real difference in the news and how it has been reported on|10159574660898904|Randy Calhoun|2022-02-23 21:55:11|0|0|10159574025628904|facebook
Hate!!! Did you listen to the Prime Minister's mouth talking?!?! 😮|10159574193393904|Eddie Davidson|2022-02-23 21:55:11|0|0|10159574025628904|facebook
And we feel the hate from the mainstream media, so wahhh!|10159575748628904|Bill Fahlman|2022-02-23 21:55:09|0|0|10159574025628904|facebook
The police were OK with letting their actions be streamed live and unfiltered on TV networks for two days straight. Strangely, many of the protestors hated being televised. It spoke volumes about the policing strategy, and the protestors.|10159574324603904|Brian Lambie|2022-02-23 21:55:09|0|0|10159574025628904|facebook
"🤦‍♂️...show us.....SCALE, suggests it's measurable against something else. So let's see it. Please share the pics and quotes of this ""scale of hate"" ""on display"""|10159574242653904|Daniel O'Keefe|2022-02-23 21:55:12|0|0|10159574025628904|facebook
Tell the truth. Problem solved.|10159574789023904|Alan Brandon|2022-02-23 21:55:11|0|0|10159574025628904|facebook
gullible idiot.|10159574539308904|Matty Mac|2022-02-23 21:55:28|1|0|10159574025628904|facebook
lmao ‘restraint’. You mean the police showed restraint. My god your far right crisis actors are hysterical lunatics with your projection.|10159574538343904|Matty Mac|2022-02-23 21:55:28|1|0|10159574025628904|facebook
This is a joke rite? 😐|10159574242743904|Jason Merritt|2022-02-23 21:55:12|0|0|10159574025628904|facebook
But they're a peaceful non violent group right? Full on sarcasm.|10159575414593904|Marilyn Mckercher|2022-02-23 21:55:11|0|0|10159574025628904|facebook
https:// www.google.com/ amp/s/ ca.movies.yahoo. com/amphtml/ fox-news-contrib utor-admits-cre ating-003133239 .html|10159574437618904|Jason Godin|2022-02-23 21:55:28|1|0|10159574025628904|facebook
disrespect to the reporters?? Respect is earned, all the media of the day has earned is large sums of Trudeau bucks, credibility doesn’t stand for much anymore.|10159574894518904|Carol Gammel|2022-02-23 21:55:32|1|0|10159574025628904|facebook
where is the retracted statement from fox?|10159574305543904|Amy Elisa Boisjoli|2022-02-23 21:55:28|1|0|10159574025628904|facebook
This is all becoming beyond ridiculous. Zero trust in government and mainstream media. Go JT!! Divide the people. Wreck our country. And lie, lie, lie. You’re a disgrace to this country and a disgrace to freedom. ♥️🇨🇦✌🏻|10159577076783904|Michael Peroni|2022-02-23 21:55:11|0|0|10159574025628904|facebook
Unfortunately well deserved.|10159579334248904|Bogumila Siedlanowska|2022-02-23 00:00:00|0|0|10159574025628904|facebook
They deserve it , report the truth and maybe they will earn back respect. Trudeau's facts thats what they are.|10159575480468904|Mae Hibbs|2022-02-23 21:55:11|0|0|10159574025628904|facebook
Same place they get the stories of the UN troops and planes...|10159574161738904|Bob Spencer|2022-02-23 21:55:28|1|0|10159574025628904|facebook
Because these journalist stand with the thug in power and not with the people. After all it's the free money they get from us to screw us over.|10159575091983904|Agustin Klerk|2022-02-23 21:55:11|0|0|10159574025628904|facebook
telling someone to leave because you feel there views are unacceptable and bringing In cops from across seas is sad the gestapo were following orders but they also got held for war crimes and those officers committing crimes against innocent human beings are already being investigated because no laws are being broken just an overreach of the government trying to keep there power|10159574157763904|Brodie Thomas|2022-02-23 21:55:31|1|0|10159574025628904|facebook
Hate by the government?|10159574235858904|Sean Owen Carlson|2022-02-23 21:55:11|0|0|10159574025628904|facebook
do some critical thinking and see stuff with your own eyes before labeling millions of people across this nation and the workd|10159574069993904|Brodie Thomas|2022-02-23 21:55:29|1|0|10159574025628904|facebook
peaceful protesting is part of our rights under charter or rights and freedoms peaceful people regardless of how a dictator feel there views are, well that’s legal In this country we don’t live in China|10159574155538904|Brodie Thomas|2022-02-23 21:55:31|1|0|10159574025628904|facebook
we’ll see sad thing is there more to play then that and seeing you won’t respond to me I couldn’t go see my dying father I. Hospital last year because of covid but it’s alright for the liberal government to let In 184 thousand immigrants let that sink in and do some critical thinking before you judge peaceful people and as for the blockades of the border do t agree with that but what else do you do when your So called leader of your country won’t listen and decides to turn to nazi tactics I know your from Germany and i know this may seem like a personal attack but it’s really not but the fact of the matter is my grandfathers risked there lives and fought against the nazi regime so we could live in a free country not to see the gestapo come in and beat innocent free people that is a disgrace and is exactly what my grandfathers fought against|10159574212508904|Brodie Thomas|2022-02-23 21:55:29|1|0|10159574025628904|facebook
free Canadians will always stand against tyranny and dictatorship who wants over reach when it doesn’t make sense if we don’t well history repeats itself and a dark one for your country rather not see that here|10159574214663904|Brodie Thomas|2022-02-23 21:55:29|1|0|10159574025628904|facebook
try 2 https:// www.siu.on.ca/ en/ news_template.ph p?nrid=7495|10159574131803904|Randy Gaunt|2022-02-23 21:55:31|1|0|10159574025628904|facebook
Funny they don't seem to care when the police are denying press freedoms. https:// twitter.com/ olsongetty/ status/ 1495431223161724 932|10159574126728904|Adam Slater|2022-02-23 21:55:31|1|0|10159574025628904|facebook
Exactly. Real news is something you never have to validate or pay for - if someone puts it on your Facebook wall, that's the truth!|10159574125893904|Jason Godin|2022-02-23 21:55:31|1|0|10159574025628904|facebook
well you should be on freedoms side more then anyone unless your pro nazi but here in Canada we are for equality and choice for all people no matter religion race or political view well we were up until the past month or so anyhow|10159574072233904|Brodie Thomas|2022-02-23 21:55:29|1|0|10159574025628904|facebook
. 600 million from the government. I still see adds on every page. Whats a cable package worth these days?|10159574161883904|Adam Worden|2022-02-23 21:55:31|1|0|10159574025628904|facebook
so should the protesters|10159574571383904|Paderick Rose|2022-02-23 21:55:29|1|0|10159574025628904|facebook
Because hate, harassment, and assault are laughable, right? 22 people thought this heading funny. Just like they find the dead-from-COVID headlines funny. Freaks me out what mindset that has to come from.|10159574703853904|Christine Abrams|2022-02-23 21:55:11|0|0|10159574025628904|facebook
the City and the Feds have the authority to confiscate any property used in a crime or illegal protest to pay for costs of the extra police. I anticipate there will be a lot fewer truck owners soon.|10159574745498904|Andrew Karvonen|2022-02-23 21:55:31|1|0|10159574025628904|facebook
sounds like you’re the type of person to harass reporters.|10159574540868904|Matty Mac|2022-02-23 21:55:34|1|0|10159574025628904|facebook
and obviously you havnt been there and seen it with your own eyes??|10159574068908904|Brodie Thomas|2022-02-23 21:55:29|1|0|10159574025628904|facebook
From the violence of the police.|10159574397518904|Brian Benoit|2022-02-23 21:55:11|0|0|10159574025628904|facebook
"Dear troll, you are so ""brave and resolute"" ... and so liberal... from the safety of your fake profile...lol.."|10159574664543904|Grazyna Petela|2022-02-23 21:55:34|1|0|10159574025628904|facebook
Except for journalists from Fox News or Rebel news|10159574690348904|Samuel Gagnon|2022-02-23 21:55:11|0|0|10159574025628904|facebook
Some propagandists face harassment, assault while reporting. There, I fixed it for you.|10159574684688904|Paul Fredenburg|2022-02-23 21:55:11|0|0|10159574025628904|facebook
You deserve every bit of it.|10159576493168904|Frederick Hollinger|2022-02-23 21:55:11|0|0|10159574025628904|facebook
Wow!! Puppets. What convoy ? Was it in another country?|10159574860033904|Matthew Amero|2022-02-23 21:55:11|0|0|10159574025628904|facebook
Keep trying Gary, keep trying.|10159574157808904|Bob Sobie|2022-02-23 21:55:33|1|0|10159574025628904|facebook
Greta is banned under the Emergency Act, human shield or something like that. ;)|10159574127883904|Adam Slater|2022-02-23 21:55:32|1|0|10159574025628904|facebook
"Little kid or leftoid type ""assault""?"" Johhny said I embellish things, am A cheater, a doo doo head and to leave""? LMFAO. (Sounds like silly little kids talk) They also ""harassed"" or ""assaulted"" a balaclava dude who tried to sneak on to the grounds with his professional photographer and a confederate hate flag. They told him to ""Please get bent and leave with that flag, EH?"". It was SOOO Canadian. THEN, they played road hockey, Played Journey songs and ""Honked"". LMFAO.. Haaaaahahhaaaah hhaaaaahahahaha hahaaaaaaa. ""They said WURDS, Race Assault!!"" LMFAO. Silly talk."|10159574307413904|Brent Iampen|2022-02-23 21:55:11|0|0|10159574025628904|facebook
you're clutching your|10159574143168904|Daniel Joseph|2022-02-23 21:55:32|1|0|10159574025628904|facebook
main stream media should report the whole story and stop hacking stuff out of context so it fits the narrative of the government who bales them out and pays there paycheque that’s not journalism or reporting that’s called propaganda|10159574064243904|Brodie Thomas|2022-02-23 21:55:29|1|0|10159574025628904|facebook
wow meanwhile cops trample old lady’s in walkers just trying to voice there right|10159574065418904|Brodie Thomas|2022-02-23 21:55:31|1|0|10159574025628904|facebook
still looking for that bike that was thrown there Randy 12 different video and pics from how many angles no bike. Oh sorry your right the Ottawa Police said there was a bike. But still looking for those hate flags waivers went to plenty of these protest never seen a one. Seen alot of Honest Canadians looking for honest answers didn't see any violence. But MSM said it was there so it had to be. Infact I was at one protest they claimed it happened I was there all day didn't see it. And if there was he or she was asked to leave at once as with any other trouble maker. Try going to one and see for yourself. Fact over hear say bro. News will and does say what ever there agenda dictates.|10159579202788904|Cary Mackenzie|2022-02-23 00:00:00|1|0|10159574025628904|facebook
That alone should be a wakeup call for the damage they have done and continue to do.|10159576047618904|Larry Aelterman|2022-02-23 21:55:11|0|0|10159574025628904|facebook
Believe me I am sober, you an the other hand have drank all the Kool-Aide that there is.|10159574149963904|Art Ofgjon|2022-02-23 21:55:25|1|0|10159574025628904|facebook
They complain that the MSM doesn't cover them and tell their story, but then we hear this ... they are not clear on the concept!|10159575176918904|Penelope Hedges|2022-02-23 21:55:09|0|0|10159574025628904|facebook
Quid est veritas?|10159575252063904|Robert James Drain|2022-02-23 21:55:27|1|0|10159574025628904|facebook
Christopher Lirette You expect me to follow the economic theories of a convicted felon that is into magic number patterns? Can't you tell by the way I put my words together that I'm educated and intelligent?|10159575470248904|Robert James Drain|2022-02-23 21:55:17|1|0|10159574025628904|facebook
Oooooh! Condescending. Gotta love that as an attempt at intelligent argument! Come on sweet cheeks, you can do better than that!|10159575523263904|Christine Abrams|2022-02-23 21:55:17|1|0|10159574025628904|facebook
who is Schwab?|10159575423848904|Marilyn Mckercher|2022-02-23 21:55:18|1|0|10159574025628904|facebook
The presstitutes know what they must do to earn their salaries and keep their jobs. So they bend a knee to power and justify cowardice and lying..|10159576754338904|Vangel Vesovski|2022-02-23 21:55:18|1|0|10159574025628904|facebook
I said live feeds, plural. I guess boots on the ground in the thick of things showing unedited videos wouldn’t be even close to the truth compared to what a set up a “journalist” would show. There’s 3 sides to every story but to blatantly believe only one because they’re deemed professional by the same organization that earns an income by sensationalizin g situations for ratings and is paid out by the govt with our tax dollars is crazy.|10159575445648904|Angela Gill|2022-02-23 21:55:19|1|0|10159574025628904|facebook
plenty of critical thinking skills here, so don't worry about that. I view from all perspectives as well and through looking at live feeds and reading MSM, you can easily see how MSM is very targeted on setup locations, who they interview, etc. Of course live stream has som bias to it because it is only the perspective of said live streamer, but again, it is unedited and there isn't really much room for manipulation of what's shown in a live feed, you get the good and the bad from them, which is what we need. MSM only tends to focus on whatever they are pushing, which with the convoys seemed to be only the bad. I mean, consider 3-4 weeks ago, the convoy was all about white supremacy, confederate flags, and nazis. The people of the convoy removed those people from the group and you don't see photos of them anymore, but yet some articles continued to highlight this narrative. Or the Coutts border blockade, yes, I agree it was an illegal blockade but the news pushed so much negativity and not once did they show how RCMP and protestors were hugging as the groups dispersed from the blockade. Honestly, MSM in Canada is pushing a single narrative and that's whatever Trudeau is currently spitting out. The only ounce of truth might come from an opinion piece, but that's not representative of the views from the organization that posts it. So, I pass the torch of lack of critical thinking back to you because there is a lot more occurring on the ground than MSM shares and its FAR from a national emergency 🤣😂|10159576622388904|Oskar Pula|2022-02-23 21:55:19|1|0|10159574025628904|facebook
and you think that everything the protesters say it God's truth? Wake up darlin'!~|10159575096608904|Doris Dallaire|2022-02-23 21:55:20|1|0|10159574025628904|facebook
strange , there were no videos of any violence until the police brought the violence. The protesters stayed so the world could see the truth of a tyrannical leader using force to dispel a protest because he “doesn’t agree”.|10159575124528904|Richard Coombes|2022-02-23 21:55:20|1|0|10159574025628904|facebook
Amen to that Don.|10159575126328904|Peter Walls|2022-02-23 21:55:20|1|0|10159574025628904|facebook
and you think what the media the govt pays our tax dollars to is telling the entire truth? 🤣🤣🤣|10159575129443904|Angela Gill|2022-02-23 21:55:20|1|0|10159574025628904|facebook
we do sparky That’s why millions of us see what the RWNJ’s push|10159575151648904|Donna Marie|2022-02-23 21:55:20|1|0|10159574025628904|facebook
no I watch unedited video of what is actually happening not doctored liberal agendas|10159575817798904|Chris Kruger|2022-02-23 21:55:20|1|0|10159574025628904|facebook
If media constantly tells lies and twist or hide things I can see why people would be upset|10159574178338904|Aurora Jasper|2022-02-23 21:55:09|0|0|10159574025628904|facebook
"Well, they get upset because they latch onto make believe stories and treat aggressively worded memes as factual news reports, all while repeating in their heads that ""anything that doesn't tell me what I want to hear is fake news."""|10159574421953904|Jason Godin|2022-02-23 21:55:20|1|0|10159574025628904|facebook
I'm a Canadian and you don't speak for me, so please refrain from doing so.|10159574840208904|Dave Seaward|2022-02-23 21:55:20|1|0|10159574025628904|facebook
Nikita Jasper please provide what media and what lies you are referring to.|10159574944203904|Julie Lloyd|2022-02-23 21:55:20|1|0|10159574025628904|facebook
Nikita Jasper what lies is Media telling, or what twisting or hiding are they doing? We keep hearing this “stop lying“ but there’s no specifics given, ever. There’s just spitting and swearing and physical attacks. It looks unhinged, completely detached from reality.|10159575032673904|Sean Ledwich|2022-02-23 21:55:20|1|0|10159574025628904|facebook
Nikita Jasper to be fair it’s the government telling the lies and the media latching onto those lies for the same reason people run septic trucks. 💵|10159575133748904|Richard Coombes|2022-02-23 21:55:20|1|0|10159574025628904|facebook
Watch some independent news and people on the ground and you will see the truth. My ndp supporting parents always believed mainstream media. They are even calling them liars now. The mainstream media are the ones spreading misinformation.|10159575138893904|Aurora Jasper|2022-02-23 21:55:20|1|0|10159574025628904|facebook
This protest was not setup to help the working class (who by definition, are working because they have to work or starve), this protest had a stated goal to toss out the current government that was recently elected and replace it with something they liked. If you look at the outcomes of this protest it was to watch 5000 unionized autoworkers get temporary layoffs, making their life hard. It also added to the current pile of issues with food costs, increasing the costs of fresh goods, and that hits the working class hard. The working class are generally supported by socialist ideals, and supported by socialist parties. I didn't see that. This was a small group of people that are watching Canada change around them and they don't like it. Some politicians will play this lot like a fiddle, and pretend to care, and pretend that they can make it 1972 again. My advice to these folks, and this is the same advice I gave myself in high school back in the early 1980s is simple, the world is changing fast and that change will either crush you or benefit you. That outcome depends on if you get in front of the change or wait for it.|10159575250303904|Robert James Drain|2022-02-23 21:55:17|1|0|10159574025628904|facebook
aww poor victimized bully trump supporters have had it so rough being name called. I mean it’s like trump nor any of his supporters are never like that right?! Lmao|10159574531078904|Matty Mac|2022-02-23 21:55:17|1|0|10159574025628904|facebook
what did you do, look in the mirror?|10159576704103904|Dwayne Steve|2022-02-23 21:55:17|1|0|10159574025628904|facebook
works both ways though right?|10159575416008904|Marilyn Mckercher|2022-02-23 21:55:14|1|0|10159574025628904|facebook
your term “top fans “ says everything, all ANYone , the media AND all the hundreds streaming care about is ratings and fame… nothing about truth…. Sad state!|10159574605828904|Gordon Curren|2022-02-23 21:55:14|1|0|10159574025628904|facebook
watched both and after watching the BS freedom protesters I have come to the conclusion purveyors of intelligence and decency is vanishing rapidly!!|10159574714948904|Susan Larocque|2022-02-23 21:55:14|1|0|10159574025628904|facebook
I watched a bunch. What I saw were people with a very misguided idea of patriotism. You can wrap a pig in a Canadian flag and it is still a pig.|10159574748308904|Andrew Karvonen|2022-02-23 21:55:14|1|0|10159574025628904|facebook
Canadians watched it all live, from feeds that were within 5 feet from the lines. Global TV, CBC, CTV, etc. Hours and hours of live interviews with people facing the line.|10159574868703904|Brian Lambie|2022-02-23 21:55:14|1|0|10159574025628904|facebook
, so they showed you “the happy go lucky people”, not the ones screaming and throwing fits. I support the right to protest but this behaviour I will never support|10159575010273904|Janet Mosher|2022-02-23 21:55:14|1|0|10159574025628904|facebook
It’s vanishing mainly in the minds of partisan zealots and conspiracy theists.|10159575025608904|Sean Ledwich|2022-02-23 21:55:14|1|0|10159574025628904|facebook
what the eff does that mean?|10159575337673904|Jason Gardiner|2022-02-23 21:55:14|1|0|10159574025628904|facebook
you may assume anything you wish.|10159575355678904|Rena David|2022-02-23 21:55:14|1|0|10159574025628904|facebook
, yes absolutely, but most newspapers for example are getting funding from the government, and the CBC gets 1.5 billion a year.|10159575616273904|Henry F. Drystek|2022-02-23 21:55:14|1|0|10159574025628904|facebook
Not if you were a journalist of integrity True North …|10159574835038904|Kats Eye|2022-02-23 21:55:09|0|0|10159574025628904|facebook
, enjoying my cuba libre.|10159575709783904|Henry F. Drystek|2022-02-23 21:55:14|1|0|10159574025628904|facebook
that what the press gets for lying .|10159574293898904|Gordie Allen|2022-02-23 21:55:15|1|0|10159574025628904|facebook
Things don't become lies just because you get the sads.|10159574433208904|Jason Godin|2022-02-23 21:55:15|1|0|10159574025628904|facebook
kind of like how the msm manipulates the facts and invalidates any news or that doesn’t go along with the collective agenda?|10159574991593904|Angela Gill|2022-02-23 21:55:15|1|0|10159574025628904|facebook
True. It took a mob of weak people to take away liberty from Canadians and justify government tyranny.|10159576751488904|Vangel Vesovski|2022-02-23 21:55:15|1|0|10159574025628904|facebook
, talk about spinning. Wow. I watched some independent also, looked at Canada Proud, and let me tell you, it is so partisan and so much Bullc..p it is pathetic. Give me a mainstream journalist any day and I will sift through the information.|10159575354538904|Rena David|2022-02-23 21:55:16|1|0|10159574025628904|facebook
The Convoy supporters/ Trump-lovers are renowned for their ability to be completely immune to facts. They also never read the article, as far as I can tell from the comments section. Let them idolize American-style alt-right ignorance, they don't deserve the time of day.|10159575384678904|Jessica Knight|2022-02-23 21:55:16|1|0|10159574025628904|facebook
she is highly opinionated and her information is based on anti-vaxxer misinformation. I wouldn't trust her as a journalist.|10159578823733904|Tom Z. Bodor|2022-02-23 21:55:16|1|0|10159574025628904|facebook
well said, Ryan. Sadly, it will fall on deaf ears for those on the Left, who prefer propaganda over reality.|10159575115173904|Don Whiteford|2022-02-23 21:55:21|1|0|10159574025628904|facebook
No - it's your disregard for the facts and perchance for creating your own reality that is the propaganda.|10159575299668904|Gabriel Higham|2022-02-23 21:55:21|1|0|10159574025628904|facebook
, let me count the ways I disagree with this. The first point....no one, including a vet, had any right to remove an erected fence. This was an act of vandalism and illegal. I could go on........|10159575828718904|Rena David|2022-02-23 21:55:21|1|0|10159574025628904|facebook
Indeed and tons of fake accounts and fake news sites and stories being shared around.|10159574278038904|Kurt Ruetters|2022-02-23 21:55:26|1|0|10159574025628904|facebook
media needs to supply their reporters with better equipment to leave their hands free to protect themselves and add more security around them, was pathetic to leave them at risk|10159574661738904|Lorraine Thomas|2022-02-23 21:55:09|0|0|10159574025628904|facebook
That is awful …. Liberal Gov must pay attention to freedom of speech & peoples’ major problems… housing crisis… Gas prices.., food cost… that has created chaos.. and they have NOT #protests|10159575146783904|Javad Asadi|2022-02-23 21:55:09|0|0|10159574025628904|facebook
Ditto the FreeDummies.|10159575088928904|Larry English|2022-02-23 21:55:26|1|0|10159574025628904|facebook
If journalists would report rather than create propaganda for the LPC, then perhaps they would gain a little more respect. Unfortunately, Canadian workers are way beyond believing anything released by MSM.|10159575008258904|Art Neufeld|2022-02-23 21:55:09|0|0|10159574025628904|facebook
Some were assaulted by police too|10159574740403904|Cathy Bowslaugh|2022-02-23 21:55:09|0|0|10159574025628904|facebook
This was never a protest. It was an occupation that demanded that our democratic process be disrespected, that our laws be ignored, that made fellow citizens feel under siege and a platform to spread misinformation. Let’s be clear that those camped out in Ottawa were not representing Canadians. Thank goodness we still have good journalists and reporters to deliver current events.|10159575129673904|Kitty Bardsley|2022-02-23 21:55:09|0|0|10159574025628904|facebook
I guess Brent was never in Afghanistan. Or Bosnia. Or OKA|10159574252968904|Peter Menzies|2022-02-23 21:55:09|0|0|10159574025628904|facebook
Sad that people act so horribly to their fellow human beings.|10159574725953904|Sheryl Ananny|2022-02-23 21:55:09|0|0|10159574025628904|facebook
- kind of like the b.s. boogie man of the “lamestream media”, “media bias”, “the press is the enemy of the people” people like you parrot because you get on YouTube and Facebook and believe anything these Russian trolls feed you.|10159574330583904|Gabriel Higham|2022-02-23 21:55:26|1|0|10159574025628904|facebook
yup. Just look at ’s.|10159575243453904|Lauren Stoyanowski|2022-02-23 21:55:25|1|0|10159574025628904|facebook
"These ""convoy worshippers"" have bought into so much destabilizing foreign propaganda that in some cases, they're actually salivating at the prospect of Ukrainian civilians getting shelled.  I don't agree with censoring the Internet, but if people are going to be this bloody ridiculous, maybe we need to start revoking some computer privileges."|10159574436178904|Jason Godin|2022-02-23 21:55:26|1|0|10159574025628904|facebook
"nailed it get tired everyone using the Trump made up expression "" Fake News "" for anything they don't agree with. More like a fake cry baby President Trump"|10159574568208904|Paderick Rose|2022-02-23 21:55:26|1|0|10159574025628904|facebook
nailed it|10159574570208904|Paderick Rose|2022-02-23 21:55:26|1|0|10159574025628904|facebook
so what the Global Alliance of the right what does that have to do with Vernas comment|10159574880213904|Paderick Rose|2022-02-23 21:55:26|1|0|10159574025628904|facebook
Time to get off the internet, grams.|10159574424868904|Jason Godin|2022-02-23 21:55:27|1|0|10159574025628904|facebook
The first thing a fascist leaning movement does is silence the press, often with violence, and apparently you’re on board with that.|10159574755053904|Joan Hurren|2022-02-23 21:55:27|1|0|10159574025628904|facebook
those journalists are not suppose to side with anyone. They are to report in a neutral basis. Not report a narrative with bias.|10159574902563904|Philip Slade|2022-02-23 21:55:27|1|0|10159574025628904|facebook
I’ve watched the media lie and ruin people’s lives for as long as I can remember and atleast they wernt targeted with tear gas or assaulted by the cops like every individual or private news person was|10159575137408904|Brodie Thomas|2022-02-23 21:55:27|1|0|10159574025628904|facebook
obviously you've never seen Trudeau speak on how he controls the media and what they can say. Thank you and have a nice day. Try again later if you like and I will embarrass you some more.|10159575277088904|Oliver Kockendorfer|2022-02-23 21:55:25|1|0|10159574025628904|facebook
don’t watch American news lol but the few times I have they certainly outdo themselves when it comes to drama.|10159575241708904|Lauren Stoyanowski|2022-02-23 21:55:25|1|0|10159574025628904|facebook
Vandalism is covered under criminal code 430 with the charge of mischief.  Mischief  430 (1) Every one commits mischief who wilfully (a) destroys or damages property; (b) renders property dangerous, useless, inoperative or ineffective; (c) obstructs, interrupts or interferes with the lawful use, enjoyment or operation of property; or (d) obstructs, interrupts or interferes with any person in the lawful use, enjoyment or operation of property.  Further in 430 under Section 4.11 this covers war memorials for additional charges but in accordance to section 1.  None of these apply to the removal of the fence by the veterans.  There is nothing in the act of removing the fence by the veterans that is illegal.  But do, go on, what is the next thing on your list?|10159575860918904|Ryan Whiteford|2022-02-23 21:55:21|1|0|10159574025628904|facebook
True North. Sorry, it was a Rebel news guy and TN is taking them to court. https:// www.rebelnews.co m/ journalist_andre w_lawton_pepper _sprayed_by_ott awa_police|10159574803358904|Mitch Alexander|2022-02-23 21:55:23|1|0|10159574025628904|facebook
Fox reporter tweeted a woman died by being trampled by horses. Left it up for almost a day after knowing the truth. Real honesty there.|10159575912368904|Marilyn Mckercher|2022-02-23 21:55:22|1|0|10159574025628904|facebook
her own niece reported a bruised shoulder not dislocated so are you lying or were you lied to? The police chief said no injuries were reported to them not that none had been injured. Opinion pieces are everywhere especially social media where there are no consequences.|10159575917548904|Marilyn Mckercher|2022-02-23 21:55:22|1|0|10159574025628904|facebook
How much money has the Globe received from the Canadian Government?? Just wanna know but then again they don't look at comments|10159574302368904|Garry Melnyk|2022-02-23 21:55:09|0|0|10159574025628904|facebook
"About as much money as the City of Ottawa is about to make reselling all these lovely seized rigs to new immigrant workers who don't whine about ""FreEDuMb"" over every minor inconvenience.  Everyone (with a lick of common sense and decency) wins!  🤣🤣🤣🤣🤣🤣🤣🤣🤣🤣🤣🤣🤣🤣🤣🤣🤣🤣🤣🤣🤣🤣🤣🤣🤣🤣🤣🤣🤣🤣"|10159574431523904|Jason Godin|2022-02-23 21:55:22|1|0|10159574025628904|facebook
I never condone violence of any sort. I do hope though that media starts reporting just the facts and stops trying to change the narrative to their view. There is presently a lot of anger towards the media in general and its their own doing. Report the facts.....all of the facts.....watch your words that can change the whole story. When you start reporting just the facts you will find the anger towards the media will go away.|10159574993198904|Denise Collins Goldsack|2022-02-23 21:55:09|0|0|10159574025628904|facebook
Brent Jolly, that's because the scale of professional decline displayed by the media during the recent protests was unprecedented.|10159578338063904|Ray Williams|2022-02-23 21:55:09|0|0|10159574025628904|facebook
pig lover!|10159574699118904|Mike Armes|2022-02-23 21:55:23|1|0|10159574025628904|facebook
TN?|10159574799663904|Marc Johnson|2022-02-23 21:55:23|1|0|10159574025628904|facebook
look it up. It is very easy|10159574924028904|Dave Seaward|2022-02-23 21:55:23|1|0|10159574025628904|facebook
"the fact you have no rebuttal to any point I made and keep evading them by ignoring them or resorting to feed herring fallacy tells me all I need to know.  See the thing is I'm more than happy to have civil conversations and share facets that it's clear people don't consider based on their comments but unfortunately many people who support movements and yell ""evil media"" all the time has so much invested in sunken cost fallacy that they can't ever say "" man I never thought about that facet to this situation maybe I was looking at things in a way that wasn't the full picture"""|10159574330808904|Kurt Ruetters|2022-02-23 21:55:25|1|0|10159574025628904|facebook
they play from the same book as Fox. “We are legitimate journalists!” When taken to task about false reporting: “We’re entertainment!”|10159574933673904|Marc Johnson|2022-02-23 21:55:23|1|0|10159574025628904|facebook
cbc and ctv were there and actively filming, moving when requested. they weren’t standing in the front of the crowd taunting police or streaming them out with a false narrative. accredited media know how to behave.|10159575541313904|Linda Lovegrove|2022-02-23 21:55:23|1|0|10159574025628904|facebook
, keep believing cbc, ctv. They will steer you in the right direction. I appreciate you calling me stupid. That's what leftists do when they don't want to here other sides. Thank you|10159575678058904|Ron Kuehn|2022-02-23 21:55:23|1|0|10159574025628904|facebook
it should be looked into, like other incidents. Reporters know quite well where they should or shouldn’t be - they aren’t exempt from lawful action.|10159575799188904|Gregg Horne|2022-02-23 21:55:23|1|0|10159574025628904|facebook
tds|10159574146568904|Gary Desjardins|2022-02-23 21:55:25|1|0|10159574025628904|facebook
I watched that video 3 times frame by frame and no she didn't that horse sideswiped her the office was controlling the horse, the rider was tense the horse was tense, it was too crowded to bring a horse into, yes they are trained, but it is still an animal, and the horse kicked out from behind, any horse handler will tell you this. they are used for crowd control, not intimidation, they are trained to kick out and move forward.|10159574392683904|Bev Rose|2022-02-23 21:55:14|1|0|10159574025628904|facebook
""" mainstream media’s creation of hate."" That's the funniest thing I've read in ages. 🤣"|10159574156898904|Bob Sobie|2022-02-23 21:55:25|1|0|10159574025628904|facebook
maybe we are talking about different people. The guy I would know as Goebbels is the bad guy who lived in Germany and encouraged the media to give the German government only positive coverage. They called it propaganda. That sounds more like Trudeau than trump. Maybe I’m thinking of the wrong guy? I would have guessed ‘trumpian’ to mean a salmon that swims against the current. Doesn’t go-with-the-flo w.|10159574248958904|Ryan Doherty|2022-02-23 21:55:25|1|0|10159574025628904|facebook
Tell the Truth|10159575138843904|Roberta Hall|2022-02-23 21:55:12|0|0|10159574025628904|facebook
