﻿comment|comment_ids|username|datetime|isreply|num_replies|post_id|label
Yes, they’ve made their point. If you look overseas, restrictions are being lifted as the wave subsides. Australia just opened up to international flights. Other countries have eliminated all restrictions. Restrictions will be lifted here as well but we are a few weeks behind in the wave. I doubt truckers will influence the public health guidance.|10159551673353904|Murray Crawford|2022-02-09 19:24:56|0|10|10159551635548904|facebook
the state of emergency for the city of Ottawa blocked and harassed by those big trucks, not state of emergency for the country. Most of the the major Canadian political parties besides the radical right wing of the Conservatives, including the ND, , the Green and the Bloc do not support this masquerade same with the majority of unions and even of First Nations leadership. They have zero democratic credential.|10159551729943904|Philippe Batini|2022-02-09 19:25:06|1|5|10159551635548904|facebook
Democracy??? Rule of Law???..the government represents those ideals??..|10159551722323904|Helen Kefalas|2022-02-09 19:24:56|0|4|10159551635548904|facebook
Once the American funding got involved it becomes more than just a protest , it's the undermine of Canadian institutions for a populist agenda.|10159551702303904|Sebastian Alejandro Cortes|2022-02-09 19:24:57|0|4|10159551635548904|facebook
But how do they get rid of Trudeau??|10159551661878904|Beatrice Hamel|2022-02-09 19:24:56|0|4|10159551635548904|facebook
The so-called Freedom Convoy was never about truckers, or border mandates - Truck News  “Canada Unity, another of the organizers, posted a ludicrous Memorandum of Understanding/ Manifesto on its website, which it plans to present to the Governor General of Canada. It essentially calls for the resignation of everyone within the federal government, the formation of a new government comprised of the Governor General, Senate, and members of Canada Unity, and the removal of all Covid-related measures – even those put into place at the provincial level. The trucks will remain until the document is signed, organizers said, dubbing its mission Bearhug.”  https:// www.trucknews.co m/blogs/ the-so-called-fr eedom-convoy-wa s-never-about-t ruckers-or-bord er-mandates/|10159551740258904|Linda Jeaurond|2022-02-09 19:25:13|1|4|10159551635548904|facebook
I actually AM fully vaccinated.  I just don’t understand how an otherwise civilized country can turn on its citizens expecting that they should be forced into being homeless. Losing their jobs, livelihoods and ability to provide for their families.  Are you Justin Trudeau’s followers okay with forcing babies to live on the streets just because their not doing what their told.  This dehumanizing of people who don’t share your views is Not okay.|10159551757943904|Matthew Birch|2022-02-09 19:25:03|1|4|10159551635548904|facebook
much lower probability.|10159551736148904|Richard Boileau|2022-02-09 19:25:20|1|3|10159551635548904|facebook
Our Charter of Rights and Freedoms allows the government to temporarily supercede individual rights if 4 conditions are met. Have they? It's going to court to be sorted out. You are making terribly inaccurate statements with based on no supporting information.|10159551736553904|Tina Knott|2022-02-09 19:25:15|1|3|10159551635548904|facebook
"What ""American funding""? Do you count $20 from some guy in Idaho?"|10159551733773904|Tina Knott|2022-02-09 19:25:15|1|3|10159551635548904|facebook
Things the government won't do: arrest accuse, and jail those responsible for the Residential Schools abuses and deaths.|10159551681643904|Juan Gonzalez|2022-02-09 19:24:57|0|3|10159551635548904|facebook
you mean the usa mandate that won't let them in which kinda makes the Canadian one irrelevant. Truckers can work (90% ish are)all they want....they just cant leave the country.|10159552077238904|Dan Berry|2022-02-09 19:25:04|1|3|10159551635548904|facebook
no one is forced. You can always opt out of jobs that risk the lives of others.|10159551717658904|Richard Boileau|2022-02-09 19:25:20|1|3|10159551635548904|facebook
email the governor general and say you want a non confidence vote against Trudeau. If they receive enough letters and emails they have to look into it|10159551672788904|Jaclyn Nernberg|2022-02-09 19:25:09|1|3|10159551635548904|facebook
That's not how vaccines work. They introduce damaged or dead versions of the virus to your immune system so it can fight the infection better. It doesn't prevent you from getting the virus, just makes the symptoms less severe and quicker to eliminate. The quickness of the elimination is vital to giving the virus less time to mutate into new strains. Mask-wearing and social distancing, limiting close contact is what reduces transmission|10159551699758904|Colin Richardson|2022-02-09 19:25:22|1|3|10159551635548904|facebook
everything these guys are doing is breaking laws, just the police have decided not to ticket and tow the trucks because they think that would not help the situation roughly saying “yes normally reasonable people would be dissuaded by ticketing and impounding their trucks but these are not reasonable people, doing this would make the situation worse” being associated with this insurrection is reason for dismissal, if anyone who worked for me was identified as being there I would fire them right away. As to “feeding the hopeless” a tiny scale PR stunt, they are making the lives of all downtown Ottawa residents hell, it seems Canada does not have proper riot police with rubber bullets shields, stun batons tear gas and APC mounted water cannons to give these disgusting bullies what they deserve.|10159551858303904|Alex Bunker|2022-02-09 19:25:25|1|3|10159551635548904|facebook
if you really want to follow the science as you are saying you should know that the CDC has admitted a while back now that vaccines DO NOT STOP the spread and especially with omicron even boosted ppl can get infected. That’s what the CDC is saying not Facebook 🤷🏻‍♂️ and it perfectly mirrors my real life experience: every person I know that has got omicron was either double vaccinated if not boosted,myself included ….. so I think it’s time to change the narrative after a year and a half since real data has shown us everyday how things really are and stop regurgitating what you have heard on tv back in sept/oct of 2020….. none of those actually happened. Are we out of the pandemic? NO could we ever eradicate the virus? NO Are our life back to normal? NO THATS THE REALITY! I guess you are the one that is following FB instead of science and how things have evolved|10159551697358904|Andrea Montanaro|2022-02-09 19:25:22|1|2|10159551635548904|facebook
The people of Ottawa will have had enough and won’t be bullied by you subhuman thugs any more! You really think there would be no price to pay?|10159551786553904|Alex Bunker|2022-02-09 19:25:24|1|2|10159551635548904|facebook
"""Fifty-seven per cent thought the convoy was not about vaccine mandates but “an opportunity for right-wing supremacist groups to rally and voice their frustrations about society.”"|10159553135078904|Alex Bunker|2022-02-09 19:25:25|1|2|10159551635548904|facebook
first of all you are wrong. Canadians support the ending of mandates. Second you are just a very hate filled person. Third, we are all Canadian citizens. Any minority still needs to be treated with respect and kindness. First Nations, blacks, East Indian, Asian etc are all minorities in this country. You must hate them though because they are a minority.|10159553093188904|Heather Rabin|2022-02-09 19:25:25|1|2|10159551635548904|facebook
"Richard- The fully vaccinated can get, carry and pass on the virus. How is that "" protecting others?"""|10159551731983904|Curt Harvey|2022-02-09 19:25:20|1|2|10159551635548904|facebook
you are the disgusting bully. Please, proudly tell me what company it is that you own/run/manage that you are in charge of hiring and firing. I think everyone should have the opportunity to boycott you. And by the way they will have a hard time towing the vehicles since every towing company in the vicinity has refused to do it.|10159551876798904|Heather Rabin|2022-02-09 19:25:25|1|2|10159551635548904|facebook
your brainwashed in worried about your mental state|10159551757883904|Jackie Jean|2022-02-09 19:25:12|1|2|10159551635548904|facebook
the last living author of the Canadian Charter of Rights and Freedoms Brian Peckford 3 days ago launched a lawsuit against the federal government for using this crisis to strip away the Freedoms of Canadians.  Are you suggesting that he doesn’t understand the document he helped to write?|10159551723063904|Matthew Birch|2022-02-09 19:25:20|1|2|10159551635548904|facebook
...it never really was about mandates, it was about anarchists/ separatists from day one, truckers were their vehicle....|10159551708573904|Darline Spragg|2022-02-09 19:25:12|1|2|10159551635548904|facebook
Miserable for residents? Absolutely. A threat to democracy? Complete nonsense, considering that the government and bureaucracy have been functioning virtually throughout the pandemic.|10159551683428904|Craig Stevenson|2022-02-09 19:24:56|0|2|10159551635548904|facebook
How do mRNA vaccines work?|10159551790928904|Chrys Kaloudis|2022-02-09 19:25:22|1|2|10159551635548904|facebook
Is this the same Carney that has been caught illegally lobbying the government to fill his own pockets. Yes, lets enforce the law and follow the money.|10159551685058904|Dave Carter|2022-02-09 19:24:58|0|2|10159551635548904|facebook
Lol. You not understanding something doesn’t not automatically make something false. I don’t understand how a plane gets off the ground. But it gets off the ground anyway. This us why we have scientists and engineers.|10159551701653904|Anthony Fornasier|2022-02-09 19:25:22|1|2|10159551635548904|facebook
this isn't that. It's not dead virus vaccine.  How many hospitalized for small pox or instances of small pox infection were recorded in vaccinated individuals?  Do measles, any of the previous vaccines, you'll find that the vaccination did indeed prevent infection, and transmission in vaccinated subjects.  That isn't happening now.|10159551700123904|Johnny Crash|2022-02-09 19:25:22|1|2|10159551635548904|facebook
To protect you, the recipient|10159551731678904|Colin Richardson|2022-02-09 19:25:22|1|2|10159551635548904|facebook
WOW!! Tough and bullying while they meekly beg for food??? You really have your panties in a knot.|10159551779568904|Paul Allen|2022-02-09 19:25:24|1|2|10159551635548904|facebook
CHOICES!!!!!! We all had choices nobody is turning on anyone. The government has to do a job .. and its protect the people the majority of Canadians did get vaccinated... why should those who chose not to .... and chose not to protect themselves and those around them be alloted the same rights as we who have. I don't get you..... . If you choose not to and put other people's lives at risk, it is completely within any business' and govt. justification to restrict access. The unvaccinated made the choice not to vaccinate ... now they don't want to live with the consequences IT IS NOT business who caused them to lose their jobs... its of their own doing. Business has a right to protect ALL their employees ... and they have that right to get rid of anyone who does not want to comply. Those people have brought it all on themselves its not anyone elses fault and I take NO responsibility for it. NONE!!!|10159551768993904|Gloria Dawe Bruce|2022-02-09 19:25:03|1|2|10159551635548904|facebook
yes there are provincial mandates. Have you not noticed that every provincial capital has their own protests right now too?  Also, there are federal mandates, like the one attacking the truckers right to earn a living. And the ones restricting travel for those who are not fully vaccinated.|10159551748658904|Matthew Birch|2022-02-09 19:25:03|1|2|10159551635548904|facebook
Just like every leader/country in the world. BTW, they are provincial mandates and the feds cannot change them|10159551740028904|Dan Berry|2022-02-09 19:25:03|1|2|10159551635548904|facebook
Well if I lived in the states that would matter but I don’t. And if you will recall Mr. Harper created that position when he was in office to keep politicians in-line. The max fine is 500.00 so this ethics commissioner really hasn’t much teeth.|10159552377173904|Edward Ruberto|2022-02-09 19:25:02|1|2|10159551635548904|facebook
They are a threat to democracy not because they will physically take over. It is Because they are spreading lies and misinformation that are like a disease which infects our society and our democratic ideals. Just look at what is happening in the U.S.|10159552172633904|Michael Suksi|2022-02-09 19:25:13|1|1|10159551635548904|facebook
it is arbitrary, the metric isn't infection, it's a vaccine status. Which having the vaccine doesn't prevent or preclude one from being infected or from infecting others. Which makes the whole thing moot.|10159551757363904|Johnny Crash|2022-02-09 19:25:22|1|1|10159551635548904|facebook
you know they don't represent the Truckers right. This rag ends up on the floor of the Drivers Room|10159552073613904|Laurie Merrell|2022-02-09 19:25:13|1|1|10159551635548904|facebook
Interesting that you are actually laughing at the real science….. isn’t that what you are following? Or yours is the “fear science” good luck… 🤷🏻‍♂️|10159551734138904|Andrea Montanaro|2022-02-09 19:25:22|1|1|10159551635548904|facebook
these people went there with demands to dissolve the government under threat of occupation.  That's literally threatening democracy.|10159552161533904|Stephen Humphrey|2022-02-09 19:25:13|1|1|10159551635548904|facebook
I bet there is a lot of US Republican $$ involved, that's why Cruz and DeSanis were supporting the Truckers.|10159551822623904|Donna Blair|2022-02-09 19:24:59|0|1|10159551635548904|facebook
If spreading lies were a criminal act, there would be a long line of elected officials due for incarceration ahead of the truck gang.|10159552218288904|Craig Stevenson|2022-02-09 19:25:13|1|1|10159551635548904|facebook
No laws were broken sorry. So his family got paid to speak at these events so what. His brother and his mother are private citizens. Are you saying that because he is PM his family cant make a living?|10159552329013904|Edward Ruberto|2022-02-09 19:25:02|1|1|10159551635548904|facebook
it's written in plain English. Cannot prevent transmission. Which means the only benefactor of the vaccine is the recipient.  Which, means logically, that your vaccine doesn't protect anyone but you.  So why do I need to get one?|10159551729488904|Johnny Crash|2022-02-09 19:25:22|1|1|10159551635548904|facebook
Really??? You have heard of the WE scandal? And if you do not believe there were laws broken there...you are a big part of Canada's problem of credibility.|10159552166423904|Paul Allen|2022-02-09 19:25:02|1|1|10159551635548904|facebook
"""oh I understand everything you fool"" said the man who understood nothing. 😂😂😂Guy pretends he knows what he's talking about, ignores scientists and then quotes scientists (w/out understanding what they're saying) to ""prove"" his point. Lord, what clowns."|10159551726278904|Colin Richardson|2022-02-09 19:25:22|1|1|10159551635548904|facebook
no we actually follow “the science” 🤷🏻‍♂️  https:// www.audacy.com/ kmox/news/ national/ cdc-director-say s-vaccines-are- not-preventing- transmission|10159551711408904|Andrea Montanaro|2022-02-09 19:25:22|1|1|10159551635548904|facebook
Are you really that naïve????  https:// www.ncsl.org/ research/ethics/ 50-state-chart-c riminal-penalti es-for-public-c orr.aspx  You are trying so hard to make this crook look innocent.|10159552359613904|Paul Allen|2022-02-09 19:25:02|1|1|10159551635548904|facebook
so if you are not even believing what the head of the CDC has to say what is this science that you are following exactly ? The one you made up in your own head maybe ? 🤔|10159551807503904|Andrea Montanaro|2022-02-09 19:25:22|1|1|10159551635548904|facebook
And another voice heard from the peanut gallery.|10159552096288904|Edward Ruberto|2022-02-09 19:25:02|1|1|10159551635548904|facebook
I believe what the CDC is saying but, much more importantly and unlike you, I actually *understand* what the CDC is saying. Keep Honk Honking, clown|10159551811068904|Colin Richardson|2022-02-09 19:25:22|1|1|10159551635548904|facebook
do you ? Cuz if you did you should know by now that the vaccine only protects the recipient…. Which is why vaccine mandates have no reason to exist …..do we have chemotherapy mandates? No right ! Cuz we don’t all have to undergo treatment unless we are sick with cancer…. It’s the same with Covid at this point. Vaccine mandated would have been understandable if the vaccine stopped the spread which unfortunately is not the case 🤷🏻‍♂️|10159551816953904|Andrea Montanaro|2022-02-09 19:25:22|1|1|10159551635548904|facebook
The organizers aren't anarchists|10159552006088904|Ian Etsell|2022-02-09 19:25:12|1|1|10159551635548904|facebook
...I'm talking about organizers...an d not all in Ottawa are carrying flags and singing Kumbaya...|10159552005433904|Darline Spragg|2022-02-09 19:25:12|1|1|10159551635548904|facebook
- My pleasure.|10159552000083904|Curt Harvey|2022-02-09 19:25:12|1|1|10159551635548904|facebook
you really did swallow the koolaid. You need to look beyond what the government and MSM keeps telling you and start looking for the proof. At the end of the day, if I don’t feel it is safe to put something in my body I should not be forced or coerced to do so. You sound like a drug dealer on the playground. It is proven that these vaccines do not prevent you from getting COVID nor prevent you from spreading it. You need to keep up with the science. There is no scientific, or humanitarian, reason that makes it ok for you to discriminate. It just makes you a bigoted unkind person.|10159551813383904|Heather Rabin|2022-02-09 19:25:03|1|1|10159551635548904|facebook
Agreed. But to lump anarchism into this makes absolutely no sense. Anarchists don't run around waving Canadian flags, protesting government.|10159551986233904|Ian Etsell|2022-02-09 19:25:12|1|1|10159551635548904|facebook
...there's more than one ideology at work here....|10159551983458904|Darline Spragg|2022-02-09 19:25:12|1|1|10159551635548904|facebook
- Wrong...that only happens with bullshite left wing-nuts.|10159551978063904|Curt Harvey|2022-02-09 19:25:12|1|1|10159551635548904|facebook
You clearly have zero clue as to what anarchism is, if you lump it with separatism.|10159551950713904|Ian Etsell|2022-02-09 19:25:12|1|1|10159551635548904|facebook
Let’s just let everyone go bankrupt and keep people locked in their homes! Oh , too late , they already did that.|10159551718223904|Peter Kitching|2022-02-09 19:24:59|0|1|10159551635548904|facebook
Remember not everyone gets that, just like cancer, ALS and many other diseases.|10159551746463904|James Arsenault|2022-02-09 19:25:12|1|1|10159551635548904|facebook
Ottawa residents should start photographing these monsters and posting on the internet and then crowdsourcing their mass doxxing, let’s see how many we can get to lose their jobs or licenses then they won’t be so tough and bullying when we pass them homeless on the street meekly begging or food.|10159551769598904|Alex Bunker|2022-02-09 19:24:59|0|1|10159551635548904|facebook
yes they represent those ideals because they were elected democratically.   Trying to depose them with a truck convoy is undemocratic.|10159552160013904|Stephen Humphrey|2022-02-09 19:25:02|1|1|10159551635548904|facebook
idiotic comparison|10159551702773904|Johnny Crash|2022-02-09 19:25:22|1|1|10159551635548904|facebook
NO!! How many times has our dear PM been guilty of his breaches of the law????|10159551777178904|Paul Allen|2022-02-09 19:25:02|1|1|10159551635548904|facebook
from the far right and from the evangelical fund me page that the proud boys use. Yes, it does need to be investigated|10159551966498904|Barbara DuMoulin|2022-02-09 19:24:57|0|1|10159551635548904|facebook
we haven’t had journalism for several years.  Journalism is supposed to be unbiased. That’s not what we have today.|10159551760133904|Matthew Birch|2022-02-09 19:25:20|1|1|10159551635548904|facebook
it’s never been unbiased. Show me anyone who is. It’s the rigour and tone that enable intelligent discourse. Virulent rhetoric is a problem on either side of a debate.|10159551761503904|Richard Boileau|2022-02-09 19:25:20|1|1|10159551635548904|facebook
we have a leader who has been proven as a racist making sweeping remarks about a group before they even arrived.  That group was typecast simply because Trudeau declare to so. No media outlet questioned his racist past. They just accepted what he told them.  That is the very definition of bias.|10159551768018904|Matthew Birch|2022-02-09 19:25:20|1|1|10159551635548904|facebook
None ethic laws are not in the Criminal Code.|10159551837268904|Edward Ruberto|2022-02-09 19:25:02|1|1|10159551635548904|facebook
wow. Have a nice day.|10159551770913904|Richard Boileau|2022-02-09 19:25:20|1|1|10159551635548904|facebook
Fine,,,we will just nail Trudeau in the more important Crimes Against Humanity trials opening in the Hague right now.|10159551842718904|Richard Prychitko|2022-02-09 19:25:02|1|1|10159551635548904|facebook
Crimes against humanity? What crimes would those be enlightened me please?|10159551852438904|Edward Ruberto|2022-02-09 19:25:02|1|1|10159551635548904|facebook
you are right? In a democracy people are not forced into a medical treatment without against their will. works both ways 😉|10159551715713904|Andrea Montanaro|2022-02-09 19:25:20|1|1|10159551635548904|facebook
I’ll bet that people who call this freedom don’t own a dictionary. If they did, they might also want to check out the meaning of civilization and democracy.|10159551708903904|Richard Boileau|2022-02-09 19:24:58|0|1|10159551635548904|facebook
"I assume you mean because you're ""vaccinated"", in which case it sucks that you're under the misguided impression that you're not the ones responsible for spreading covid far more than the unvaxxed at this point."|10159551722263904|Frederick Hollinger|2022-02-09 19:25:19|1|1|10159551635548904|facebook
ya it sucks that I can drive my car just about anywhere , it sucks that I can go to the grocery store, it sucks that I can go out for dinner, it sucks that I can go for a beer, it sucks that my kids can go to school!|10159551698513904|Linda Smart|2022-02-09 19:25:19|1|1|10159551635548904|facebook
Unnecessary government lockdowns have made many more residents' lives hell over two years, also undermining our democracy and rule of law. Hang in, truckers!|10159551687828904|Frederick Hollinger|2022-02-09 19:24:58|0|1|10159551635548904|facebook
Caught by whom....and doing what?|10159551819693904|Paul Phillips|2022-02-09 19:25:21|1|1|10159551635548904|facebook
Does this guy really think his opinion is important what world is he living in|10159551966243904|David Noonan|2022-02-09 19:24:57|0|1|10159551635548904|facebook
Not enough for Canada and must end ALL mandates.|10159551717308904|James Arsenault|2022-02-09 19:25:12|1|1|10159551635548904|facebook
choice and rights. Based on your idea of choice, a company, or the govt could restrict access to anything based on any arbitrary metric.  Abortion, medical status, etc.|10159551697223904|Johnny Crash|2022-02-09 19:25:22|1|1|10159551635548904|facebook
"Tired of ""democracy"" and ""rule of law"" used as a club to bludgeon protest... that is how democracy works, folks"|10159551734628904|Chris Howell|2022-02-09 19:24:57|0|1|10159551635548904|facebook
it would take a truck to enlighten you, if you haven't figured it out yet|10159552065318904|Laurie Merrell|2022-02-09 19:25:02|1|1|10159551635548904|facebook
Mark Carnry for prime Minister👍|10159551897308904|David MacDougall|2022-02-09 19:24:57|0|1|10159551635548904|facebook
Well if you are so smart please explain the crimes?|10159552067308904|Edward Ruberto|2022-02-09 19:25:02|1|1|10159551635548904|facebook
I have better things to do than to hold your hand. Get a grip 🤣|10159552078658904|Laurie Merrell|2022-02-09 19:25:02|1|1|10159551635548904|facebook
The issue is public health. So no, it's not abitrary.|10159551701338904|Chrys Kaloudis|2022-02-09 19:25:22|1|1|10159551635548904|facebook
In others word you have no idea. Just like the majority of these truckers who don’t realize politicians are using them for their own gains. Yes they support you alright. Now that is funny.|10159552088353904|Edward Ruberto|2022-02-09 19:25:02|1|1|10159551635548904|facebook
For them, that’s not necessarily a bad thing: the vast majority of them adhere to some school of either neoliberalism or right-wing authoritarianis m, none of which view democracy as a moral good in and of itself. That is, for either economic or philosophical reasons, a non-democratic state that does not impose public health restrictions and hinder the interests of property and/or business owners is far preferable to the current system.|10159551665888904|Dylan Norton|2022-02-09 19:24:57|0|1|10159551635548904|facebook
they are right wing parrots. that gets it guidance from the extreme right wing fascist|10159551701478904|Merle B Peter-paul|2022-02-09 19:25:22|1|1|10159551635548904|facebook
So? I don't remember being asked when it comes to being able to speed in school zones.|10159551701588904|Will Bedford|2022-02-09 19:25:22|1|1|10159551635548904|facebook
f@ck did you get others to write your tests for you on school too? Ypu can drag a horse to water, butnyou can't kake them drink|10159552093723904|Laurie Merrell|2022-02-09 19:25:02|1|1|10159551635548904|facebook
"maybe some canadian ""institutions"" warrant ""undermining""?"|10159551904783904|Richard Prychitko|2022-02-09 19:25:15|1|1|10159551635548904|facebook
sure, let's do that so people can start dropping like flies from this virus. And hospitals will be overloaded and more life threatening procedures get cancelled. Sounds like a great idea....not.|10159551725578904|Brian Komlance|2022-02-09 19:25:12|1|1|10159551635548904|facebook
Thanks for your input. I'll keep that in mind.|10159551997093904|Elizabeth Griffiths|2022-02-09 19:25:12|1|1|10159551635548904|facebook
Law shall be enforced to end up this nonsense|10159551748873904|Hazim Muhssin|2022-02-09 19:24:56|0|1|10159551635548904|facebook
Fully agree with Carney’s assessment!|10159551659208904|Dietrich Look|2022-02-09 19:24:56|0|1|10159551635548904|facebook
I hope the 10M suit against you wins then you will see…|10159551916028904|Alex Bunker|2022-02-09 19:25:25|1|1|10159551635548904|facebook
no mess where the truckers are. Ottawa downtown has never been so clean. You are so filled with hate. It’s too bad. Maybe if you actually spent some time with the truckers you would learn what love and peace are all about. ✌️❤️.|10159551918718904|Heather Rabin|2022-02-09 19:25:25|1|1|10159551635548904|facebook
the truckers who have made personal threats of violence to me and many who agree with me yeah right.|10159551923138904|Alex Bunker|2022-02-09 19:25:25|1|1|10159551635548904|facebook
well you must have recorded that right! That is after all what you are telling everyone else to do so you must be doing it yourself.|10159551968203904|Heather Rabin|2022-02-09 19:25:25|1|1|10159551635548904|facebook
oh yes I have… and reported them|10159551969743904|Alex Bunker|2022-02-09 19:25:25|1|1|10159551635548904|facebook
None are|10159551891638904|Hazim Muhssin|2022-02-09 19:25:06|1|1|10159551635548904|facebook
the left’s inciting of violence. Be glad you are dealing with right wingers. https:// youtu.be/ dETtAESp7uM|10159552534573904|Heather Rabin|2022-02-09 19:25:25|1|1|10159551635548904|facebook
What do you call bullying healthcare professionals and masked vigilant Canadians ?|10159551882568904|Hazim Muhssin|2022-02-09 19:25:06|1|1|10159551635548904|facebook
they had mass popular support you don’t, check the opinion polls. 2/3 of Canadians hate you and support vaccine mandates, we had an election over it, we won.|10159552547983904|Alex Bunker|2022-02-09 19:25:25|1|1|10159551635548904|facebook
I'm sure the narrative will be that the protest got the mandates lifted.|10159551702753904|Elizabeth Griffiths|2022-02-09 19:25:12|1|1|10159551635548904|facebook
What is wrong with you people... you made the choice NOT to vaccinate... now live with the consequences while all of us who got vaccinated go out to restaurants, movie theatres and gyms and enjoy ourselves.|10159551753213904|Gloria Dawe Bruce|2022-02-09 19:25:03|1|1|10159551635548904|facebook
cuz they are all in cahoots…. That’s why…. Maybe one day you’ll wake up to what’s happening 🤷🏻‍♂️|10159551732758904|Andrea Montanaro|2022-02-09 19:25:06|1|1|10159551635548904|facebook
What meds are you on? No country has gone through anything like this. The dark web seems to have all the answers.|10159551755348904|Joseph Whitty|2022-02-09 19:25:03|1|1|10159551635548904|facebook
oh right ! That small minority that triggered the state of emergency in just a few days ? Is it the same minority ? 🤣🤣 turn off your tv! It’s time 😂|10159551723073904|Andrea Montanaro|2022-02-09 19:25:06|1|1|10159551635548904|facebook
This protest is about a minority of radical right wingers supported by Trump to topple our duly elected democratic government and parliament. It's a disgrace and they should peacefully go home now.|10159551720743904|Philippe Batini|2022-02-09 19:25:06|1|1|10159551635548904|facebook
that’s the only scope of the protest in case you didn’t know lol|10159551716343904|Andrea Montanaro|2022-02-09 19:25:06|1|1|10159551635548904|facebook
Excellent analysis, right to the point, democracy needs to be protected. 👍|10159551684733904|Philippe Batini|2022-02-09 19:24:56|0|1|10159551635548904|facebook
I am canadian and it doesnt matter where the BLM protests took place that did all that damage - Trudeau said he supports BLM & made no exclusion for BLM USA.....it is a marxist organization up in Canada just like it is down in the USA and Trudeau never once spoke out against the violent BLM riots in the USA did he? Nope.|10159551867233904|Richard Prychitko|2022-02-09 19:25:05|1|1|10159551635548904|facebook
-- And those events took place where *in Canada*, exactly?  The dumpster fire of a body politic that you folks have in the USA right now is your own problem.|10159551864588904|Jeff Hamacher|2022-02-09 19:25:05|1|1|10159551635548904|facebook
"""veered into illegal or criminal activity""? oh you mean like the marxist BLM protests that PM BlackFace supports that burned down entire city blocks, injured hundreds of police officers, and left 44 dead in 2020? And which now has 60 million dollars in donations missing while its directors buy up mansions? But that type of ""criminal activity"" Trudeau agrees wtih according to his own words! https:// www.bizpacreview .com/2022/01/ 31/ black-lives-matt er-transfers-mi llions-to-canad ian-charity-run -by-co-founders -spouse-to-buy- mansion-1195142 /"|10159551861508904|Richard Prychitko|2022-02-09 19:25:05|1|1|10159551635548904|facebook
"Simply put, yes, enforce the law in the same way that it has been in face of many other protest actions that veered into illegal or criminal activity. Doing otherwise is admitting to the acceptance of a double standard: ""G20-style"" crackdowns when police have the upper hand, kid-gloves picking around edges when the police feel outnumbered."|10159551740803904|Jeff Hamacher|2022-02-09 19:24:56|0|1|10159551635548904|facebook
"I am not dehumanizing anyone. ""Freedom"" goes both ways. These protesters are committing all sorts of criminal acts. As I told a person I know, who is always marching about and flapping her beak about vaccines, ""don't get vaccinated, I actually don't care. But could you just leave the rest of us alone so we can go about business peacefully. """|10159552956213904|David Mulcaster|2022-02-09 19:25:04|1|1|10159551635548904|facebook
dehumanizing your fellow Canadians just because they don’t agree with you is what the left cried about forever. Remember the word “Intolerance”.  By the way, I am fully vaccinated. I just don’t feel it’s right to treat others like 2nd class citizens just be user they’re different than me.|10159552139433904|Matthew Birch|2022-02-09 19:25:04|1|1|10159551635548904|facebook
whine, whine, whine. get a vaccination and go back to work|10159552088488904|David Mulcaster|2022-02-09 19:25:04|1|1|10159551635548904|facebook
are you trying to say that the feds never stick their noses in provincial affairs?|10159551858053904|Andrew Dominowski|2022-02-09 19:25:04|1|1|10159551635548904|facebook
Hahaha.....you want us to look beyond the science and because of your inability to undertand the science you like to blame the govt and MSM. We are smart enough not to do it. You are the one on the partisan koolaid. Gloria is right....anyone who lost a job because they wouldn't get vaccinated made the choice, wilfully! THAT is their right...just quit whining about the consequences of your own choice.|10159551834303904|Paul Phillips|2022-02-09 19:25:04|1|1|10159551635548904|facebook
other way around oh brainwashed one|10159551825408904|Jennifer Hammond|2022-02-09 19:25:04|1|1|10159551635548904|facebook
"""monsters"" - Sorry to break it to you Herr Bunker but you are the ""monster"" with thinking like that! Its called a political protest pal , these things happen in a democracy. If such things upset you so much consider a nice apartment in North Korea? I hear its very quiet there!"|10159551914628904|Richard Prychitko|2022-02-09 19:25:25|1|1|10159551635548904|facebook
this protest is not being reported accurately. Look at video of people on the ground. It tells an extremely different story.  When I’m history has a corrupt government ever reported the truth.  First they establish a state run media (ie. Trudeau’s $600million handout to his favourite news agencies) then they impose their choices on the citizens.  This is all extremely well documented.  When I’m Canadian history has a protest involving millions of Canadians occurred. Either we have had the largest ever group of people go nuts (like by 1,000,000% which is statistically incapable of happening) or we have corruption so bad that finally the millions of oppressed people whose very existence is being threaten by this racist leader are finally standing up for themselves.  This kind of protest is not normal. So we ALL need to be asking ourselves, what happened to cause this?|10159551746498904|Matthew Birch|2022-02-09 19:25:20|1|1|10159551635548904|facebook
what? You are bullying us with your honking and fireworks and making a mess go away! We hate you!|10159551912603904|Alex Bunker|2022-02-09 19:25:25|1|1|10159551635548904|facebook
oh .. I am sure .. They have a lot of pics from each n everyday ... Into the night .....CSIC. Lol|10159551877378904|Joanne Johnson-Meyers|2022-02-09 19:25:25|1|1|10159551635548904|facebook
I respect your right to think and write whatever you wish. Journalism is actually my field. I’ve heard all the myths and facts over the years.|10159551759143904|Richard Boileau|2022-02-09 19:25:20|1|1|10159551635548904|facebook
first of all there are cameras all over down there. If there was something to catch, it would be caught. The fact that nothing is getting caught on film should tell you it isn’t happening. Second, at least the truckers are feeding the homeless while they are there. Obviously more than you are willing to do.|10159551847218904|Heather Rabin|2022-02-09 19:25:24|1|1|10159551635548904|facebook
there is no difference|10159552091878904|David Mulcaster|2022-02-09 19:25:10|1|1|10159551635548904|facebook
Cruz and desantis are idiots.|10159552500828904|Arthur McCrorie|2022-02-09 19:25:26|1|1|10159551635548904|facebook
I’m sure there was a lot of Democrat’s money involved with the BLM protests. What’s your point?|10159551854113904|Heather Rabin|2022-02-09 19:25:25|1|1|10159551635548904|facebook
The rule of law or our constitution ?|10159551659688904|Michael H Stenz|2022-02-09 19:24:56|0|1|10159551635548904|facebook
The leader of the Liberal party has made millions of Canadians lives hell and is currently undermining our democracy and the rule of law.|10159551695293904|Matthew Birch|2022-02-09 19:24:56|0|1|10159551635548904|facebook
Boy were you ever born in the wrong era....you would have made a perfect informant for the Gestapo back in the 1930/40s in Germany. Maybe a Time Machine will be invented yet for a person like you.|10159551909458904|Richard Prychitko|2022-02-09 19:25:25|1|0|10159551635548904|facebook
"and that did not do anything virus wise either! How can a person be pro restrictions when all of those restrictions have failed? I guess that is how a ""Liberal"" in Canada thinks : "" It is not if the restrictions work or not that is important it is our self awarded right to restrict you when we want to restrict you and we want 5 years more of emergency powers to restrict you until 2028 when we take away all your property and rights with the fascist Great Reset that will make us even more powerful and wealthy to keep you restricted forever...but dont you dare protest against us in the meantime or we will invoke ""Democracy"" against you!""....what a bunch of deceitful psychopaths the Liberals are!"|10159551885883904|Richard Prychitko|2022-02-09 19:25:23|1|0|10159551635548904|facebook
Mandates and lockdowns have been shown, worldwide, to have no benefit. Carney is Deep State.|10159552203793904|Nel Grond|2022-02-09 19:24:58|0|0|10159551635548904|facebook
can you read, use Google and look it up.|10159552076088904|Laurie Merrell|2022-02-09 19:25:21|1|0|10159551635548904|facebook
Lots of lies in this statement.|10159552421428904|Tina Knott|2022-02-09 19:24:59|0|0|10159551635548904|facebook
I am sure he meant follow the money governments have spent.....|10159551740468904|Randy Mcleod|2022-02-09 19:24:59|0|0|10159551635548904|facebook
🎯|10159551716063904|Kelvin Dunlop|2022-02-09 19:25:21|1|0|10159551635548904|facebook
Mark Carney? Let's have someone who is unbiased.|10159551729148904|Bill Roest|2022-02-09 19:24:59|0|0|10159551635548904|facebook
And those who have to follow corona virus restrictions - are their lives not hell?|10159552341298904|William Michael Brienza|2022-02-09 19:24:59|0|0|10159551635548904|facebook
this is the left ladies and gentlemen. What’s good for the goose is good for the gander. https:// youtu.be/ dETtAESp7uM|10159552529978904|Heather Rabin|2022-02-09 19:25:26|1|0|10159551635548904|facebook
Good advice Mark...maybe you can convince your buddy, the cottage coward, to come out of hiding and act like a Prime Minister!!|10159552120943904|Nancy Honey|2022-02-09 19:24:59|0|0|10159551635548904|facebook
the police and csis wont publish all their identities on an open webpage that all potential employers can access and easily cross reference any name. Let’s make these monsters always wonder when they apply for a job and have everyone know their shame for the rest of their lives.|10159551911968904|Alex Bunker|2022-02-09 19:25:25|1|0|10159551635548904|facebook
They are simply trying to get the rule of law enforced where did you get your education|10159551693763904|Philip Hanna|2022-02-09 19:24:59|0|0|10159551635548904|facebook
and G&M and Carney remain completely oblivious to the irony.|10159551668973904|Joe Simpson|2022-02-09 19:24:58|0|0|10159551635548904|facebook
"I wonder if the so-called ""Freedom"" movement will ever learn that freedom is not free. It comes with obligations and responsibilitie s to one's fellow citizens and to the country as a whole. Using extortion to get what they want, which is what is happening in Ottawa, is not the path to follow. On the other side of the coin is a key point which is being missed by all the federal political parties and some of the provincial parties. It is called Leadership. Instead of fighting against each other and politicizing crisis situations to gain political advantage, they should be working together with a common aim and common purpose to resolve crisis situations. To draw an analogy and put it bluntly, Canada is in the middle of a biological war, fighting an enemy which is insidious and can change its form and strength ""on a dime"". If we don't start working together against this common enemy and, if our political parties are incapable of providing leadership and continue to play political games, we’ll be in this state for a long time. We are all tired of the disruptions Covid has caused us, but if we all work together we have a better chance of beating it sooner rather than later."|10159551817198904|Geoff Erving|2022-02-09 19:24:58|0|0|10159551635548904|facebook
"Maybe you should read up on what Klaus Schwab's Great Reset is all about - while keeping in mind that Trudeau and over half his cabinet are pro Great Resetters...and then come back and tell us how the Trudeau Government is all about ""civilization"", ""freedom"" and ""democracy"" again?"|10159551925808904|Richard Prychitko|2022-02-09 19:25:20|1|0|10159551635548904|facebook
Time to end woke liberal totalitarian lunacy in Canadian government by enforcing the constitution and common sense. Yesterday was too late.|10159552748978904|Richard Husar|2022-02-09 19:24:59|0|0|10159551635548904|facebook
It's weird how sometimes politics can impact the Capital City you chose to live in and profit from.|10159551875298904|Robin Hardement|2022-02-09 19:24:59|0|0|10159551635548904|facebook
Those people need help. It is time to stop ignoring these losers. Most of them are unemployed, collecting government cheques and have never even sat in a rig!|10159553803273904|Philip Standard|2022-02-09 19:24:59|0|0|10159551635548904|facebook
Lol…. Who cares what Carney says … Another Liberal defending his party’s decisions … yawn! 🥱|10159552212388904|Chris Topher|2022-02-09 19:24:59|0|0|10159551635548904|facebook
Follow the money? For everything?|10159551718748904|Jason Clancy|2022-02-09 19:25:00|0|0|10159551635548904|facebook
Amen. Thank you Globe and Mail for giving him this platform. I share his views. Get on with this. Enough excuses. Time for solutions.|10159552103233904|Ivan Toski|2022-02-09 19:24:59|0|0|10159551635548904|facebook
I think Canada is coming together and coming alive.|10159554200923904|Doug Richardson|2022-02-09 19:24:59|0|0|10159551635548904|facebook
🙃|10159551796998904|Melissa Rose|2022-02-09 19:25:24|1|0|10159551635548904|facebook
I think it would be an excellent idea to follow the money behind the government mandates.|10159551814193904|Heather Rabin|2022-02-09 19:24:58|0|0|10159551635548904|facebook
no, you thinking that you have the right to be asked what rules you want and which you don't want to is idiotic. These are emergency measures. If people like you weren't dragging your feet so hard they probably be lifted by now. Every argument people like you make is completely based on selfishness.|10159551713138904|Will Bedford|2022-02-09 19:25:22|1|0|10159551635548904|facebook
I don't recall having a say in all the measures and mandates that are affecting my life and ability to make a living, or participate in society.|10159551663113904|Johnny Crash|2022-02-09 19:24:58|0|0|10159551635548904|facebook
not very well.|10159551806513904|Johnny Crash|2022-02-09 19:25:22|1|0|10159551635548904|facebook
and this is what your beloved scientists are saying Get with the times  https:// www.audacy.com/ kmox/news/ national/ cdc-director-say s-vaccines-are- not-preventing- transmission|10159551709938904|Andrea Montanaro|2022-02-09 19:25:22|1|0|10159551635548904|facebook
Yes, that is correct. You claim above, that getting vaccinated (and wearing a msk) don't work. How does mRNA technology fail to work wrt vaccines?|10159551817103904|Chrys Kaloudis|2022-02-09 19:25:23|1|0|10159551635548904|facebook
"Bunker ln spite of the fact that you may send "" weight loss product "" ads again, you are the poster boy for the typical white, woman hating, white guilted Canadian man, who embraces the ""progressive "" way forward, but dont know why your hatred runs so deep! Get some help before you find yourself having a hard time resisting hurting some vunerable person on the street! Youre very svarey"|10159552981773904|Angie Watling|2022-02-09 19:25:25|1|0|10159551635548904|facebook
oh I understand everything you fool …. I guess someone is not even able to read 🤣|10159551705783904|Andrea Montanaro|2022-02-09 19:25:22|1|0|10159551635548904|facebook
SCARY!|10159552982233904|Angie Watling|2022-02-09 19:25:25|1|0|10159551635548904|facebook
"treated with respect yes, automatically getting their way when they tantrum no. a new poll just came out: 2/3 oppose you. Of course Canadians support ""ending the mandates"" we all want them to end! but end in a way under the advice of experts and not because a few thousand babies threw a tantrum. https:// torontosun.com/ news/national/ two-thirds-oppos e-ottawa-protes t-but-many-symp athize-with-fru stration-survey"|10159553119338904|Alex Bunker|2022-02-09 19:25:25|1|0|10159551635548904|facebook
wrong again! MRNA vaccines don’t even work like that. Cloth masks and medical masks don’t even work. Only n95 masks work if worn properly. You are really spreading a bunch of misinformation for someone so committed to following “the science” 🤣🤣🤣|10159551702348904|Andrea Montanaro|2022-02-09 19:25:22|1|0|10159551635548904|facebook
Were laws not being enforced?|10159552041983904|Patti Mypes|2022-02-09 19:24:58|0|0|10159551635548904|facebook
Angus Reid poll: “It’s time to end restrictions and let people self-isolate if they’re at risk” 32% strongly agree, 22% agree.|10159553359088904|Heather Rabin|2022-02-09 19:25:25|1|0|10159551635548904|facebook
People receiving grants or working as marketing consultants for Pfizer being in charge of mandates? Following the money is long overdue. Brought to you by Pfizer.|10159552417418904|Lebioda Irena|2022-02-09 19:24:58|0|0|10159551635548904|facebook
Nobody wants is opinion on anything but wait is he looking to be one of Trudeau's lackeys? He sure fits the mould.|10159552006133904|Brooks Matthews|2022-02-09 19:24:58|0|0|10159551635548904|facebook
It’s unbelievable that Trudeau and Ford are both so useless.|10159552352513904|Tony Da|2022-02-09 19:24:59|0|0|10159551635548904|facebook
frustrating situation ... On all sides ...|10159551875933904|Joanne Johnson-Meyers|2022-02-09 19:25:25|1|0|10159551635548904|facebook
oh hun ... Leave dat to the police ... They are and have been ... Collecting data on each one ... Who looked at a camera ... And. Made easier ... Because .. No masks .... Just pointing that out ... Canadian Army intelligence. ( csis )|10159551874913904|Joanne Johnson-Meyers|2022-02-09 19:25:25|1|0|10159551635548904|facebook
they do work on the spike protein… there’s no viral load in the MRNA vaccines. They have been saying that for close to two years now 🤷🏻‍♂️|10159551802083904|Andrea Montanaro|2022-02-09 19:25:22|1|0|10159551635548904|facebook
so i guess you did not vote because that's where you get your say in a democracy|10159551698293904|Merle B Peter-paul|2022-02-09 19:25:22|1|0|10159551635548904|facebook
I can throw countless web polls at you that show majority support for the truckers. At the end of the day, if nobody wants to value freedoms including the ability to protest, how can you possible tell the First Nations, Blacks, LGBTQ etc that their freedoms will matter in this country? Are they next on the liberal hit list of who to hate and silence?|10159553368628904|Heather Rabin|2022-02-09 19:25:25|1|0|10159551635548904|facebook
no one did that’s the problem the system needs overhauled|10159551758643904|Jackie Jean|2022-02-09 19:25:22|1|0|10159551635548904|facebook
If that's the case let's start with the liberals|10159551687623904|Patrick Remillard|2022-02-09 19:24:59|0|0|10159551635548904|facebook
from what? I don't need it.|10159551732098904|Johnny Crash|2022-02-09 19:25:22|1|0|10159551635548904|facebook
What law?|10159551690498904|Jim Peters|2022-02-09 19:24:59|0|0|10159551635548904|facebook
Enough to make Ron DeathSantis want an investigation into why Gofundme was giving back the money.|10159551785783904|Chrys Kaloudis|2022-02-09 19:25:15|1|0|10159551635548904|facebook
- When you have 10,000 of them in an arena how is that a lower probability than 1 truckdriver hauling a load across the border, dropping their trailer, hooking into another and heading home? I'll wait for your reply.|10159551748093904|Curt Harvey|2022-02-09 19:25:20|1|0|10159551635548904|facebook
"The truckers convoy is Democracy in Action. Trudeau's job as PM is to meet and hear the concerns of ALL canadians - not just the ones he agrees with. He doesnt have to agree with them but he has an obligation to meet and hear them out - and what they are asking is simply what many european countries have already done - lift all restrictions and vax mandates- hardly ""radical"" stuff here! The problem is that Trudeau does not respect democracy - what rich Marxist who fawns over Klaus Schwab does respect democracy?? If you are pro Great Reset like Trudeau is you are by default an Enemy of Democracy."|10159551878948904|Richard Prychitko|2022-02-09 19:25:06|1|0|10159551635548904|facebook
the nonsense of mandates you mean.|10159551852508904|Heather Rabin|2022-02-09 19:25:06|1|0|10159551635548904|facebook
government pawns.|10159551887498904|Heather Rabin|2022-02-09 19:25:06|1|0|10159551635548904|facebook
all are.|10159551899848904|Heather Rabin|2022-02-09 19:25:06|1|0|10159551635548904|facebook
Towing the Liberal lines|10159551886053904|Cathy Bowslaugh|2022-02-09 19:24:56|0|0|10159551635548904|facebook
Rule of law.....hmmm. that's a phrase worth disecting|10159551659008904|Vin Scott|2022-02-09 19:24:56|0|0|10159551635548904|facebook
https:// fb.watch/ b1evSSnyzI/|10159551937178904|Vin Scott|2022-02-06 20:36:00|1|0|10159551635548904|facebook
What would be your approach Mark?|10159551664383904|Laurie Blake|2022-02-09 19:24:56|0|0|10159551635548904|facebook
agree|10159551697533904|Clement Luc Levasseur|2022-02-09 19:24:56|0|0|10159551635548904|facebook
okay comrade!|10159552046533904|Kathy Atkin|2022-02-09 19:25:08|1|0|10159551635548904|facebook
You had your chance last year when jt called an election.|10159551666153904|Bob Sobie|2022-02-09 19:25:09|1|0|10159551635548904|facebook
That's not how it works, The GG has no say in the matter unless it is referred to them by parliament.|10159551687323904|Mike Brown|2022-02-09 19:25:09|1|0|10159551635548904|facebook
Read this Jaci  https:// www.ourcommons.c a/About/ OurProcedure/ ParliamentaryFra mework/ c_g_parliamentar yframework-e.ht m|10159551727813904|Bob Sobie|2022-02-09 19:25:09|1|0|10159551635548904|facebook
Trudeau has a minority govt. Lobby your opposition parties to vote against it next confidence motion in the House. Voila! Election time. Then vote him out. Simple, democracy at work.|10159551754498904|David Mulcaster|2022-02-09 19:25:09|1|0|10159551635548904|facebook
nitwit|10159551867438904|Joanne Johnson-Meyers|2022-02-09 19:25:09|1|0|10159551635548904|facebook
hide all of his fake eyebrows - that might do it?|10159551897128904|Richard Prychitko|2022-02-09 19:25:09|1|0|10159551635548904|facebook
Big $$$$$ not happy when their investments become threatened by the peasants.|10159551737793904|Darrell J Delorey|2022-02-09 19:24:56|0|0|10159551635548904|facebook
"big difference. Laws are enacted by parliament the constitution wasn't. If it was then their would not be constant challenges at the SCC and no need for a ""Not Withstanding"" clause within our Constitution."|10159552368628904|Michael H Stenz|2022-02-09 19:25:10|1|0|10159551635548904|facebook
Yes it would be easier for the bureaucrats if there wasn’t a pesky Charter|10159551731963904|Yann Bossel|2022-02-09 19:24:56|0|0|10159551635548904|facebook
This guy has lost his mind|10159551719178904|Darryl Lamb|2022-02-09 19:24:56|0|0|10159551635548904|facebook
The government’s unconstitutiona l,unscientific, unwarranted mandates have made lives hell for the last two years!!!Tough luck if a few pampered government workers have been inconvenienced for 10 days or so. 😡😡😡|10159551743718904|Louis Tsitsos|2022-02-09 19:24:56|0|0|10159551635548904|facebook
Murray- WRONG...AGAIN.🙄 A LOT of those countries that have tossed all restrictions or lifted a ton of them are facing the biggest wave yet and having vaccinated more citizens than Canada ever will have made the LOGICAL decision to protect the vulnerable and open up the country to everyone else. EXACTLY what should have been done from the very start. The biggest problem here is that Trudeau...and his lieberal minions will NEVER admit they were wrong.|10159551729523904|Curt Harvey|2022-02-09 19:25:12|1|0|10159551635548904|facebook
If a system needs to use force for all to comply, is it really a good system?|10159551955623904|Ian Etsell|2022-02-09 19:25:06|1|0|10159551635548904|facebook
hear hear ... They are .. I am sure ... Building that data base , all about the base .... And good time ... We all heard you|10159551857403904|Joanne Johnson-Meyers|2022-02-09 19:25:06|1|0|10159551635548904|facebook
are you sure? All the people that I know who have got omicron were fully vaxxed if not boosted….. myself included Also that’s not even what the CDC is saying anymore Get with the times… it’s time  https:// www.audacy.com/ kmox/news/ national/ cdc-director-say s-vaccines-are- not-preventing- transmission|10159551742133904|Andrea Montanaro|2022-02-09 19:25:20|1|0|10159551635548904|facebook
do you have any prof to back up your claims?|10159551819003904|Heather Rabin|2022-02-09 19:25:06|1|0|10159551635548904|facebook
Sorry to break the news to you but he really hasn’t broken any laws. Now he may have broken some ethics rules but they aren’t in the Criminal Code of Canada.|10159551835703904|Edward Ruberto|2022-02-09 19:25:02|1|0|10159551635548904|facebook
yup you just don’t like that they don’t always work in your favour|10159551902108904|Sean Horne|2022-02-09 19:25:02|1|0|10159551635548904|facebook
Ethical laws yes criminal laws no. I love that conservatives get their panties in a knot about ethics in politics. Give your head a shake. I bet if we investigated all the politicians right now in the house we would find a hell of a lot more violations not crimes violations.?I am not naive not by a long shot.|10159552366778904|Edward Ruberto|2022-02-09 19:25:02|1|0|10159551635548904|facebook
Check out our bill of Rights...|10159553053093904|Helen Kefalas|2022-02-09 19:25:02|1|0|10159551635548904|facebook
"you can only ""depose"" a monarch.... Governments can be overthrown."|10159553054503904|Helen Kefalas|2022-02-09 19:25:02|1|0|10159551635548904|facebook
I do not belong to political parties... Please do not lable me.|10159553056608904|Helen Kefalas|2022-02-09 19:25:02|1|0|10159551635548904|facebook
However you want to brand that kind of treason.|10159553064018904|Stephen Humphrey|2022-02-09 19:25:02|1|0|10159551635548904|facebook
Willing stooge for terrorists.|10159553333803904|Stephen Humphrey|2022-02-09 19:25:02|1|0|10159551635548904|facebook
Look in the mirror...|10159553343028904|Helen Kefalas|2022-02-09 19:25:02|1|0|10159551635548904|facebook
Truckers have always been able to work in Canada without the vaccine. It's required by the US to cross the border.|10159551778003904|Chrys Kaloudis|2022-02-09 19:25:03|1|0|10159551635548904|facebook
… stay safe out there…. It’s a bad bad world with people trying to do their best to keep you safe… even when you don’t want it.|10159551839628904|Gloria Dawe Bruce|2022-02-09 19:25:04|1|0|10159551635548904|facebook
so you admit you believe everything government and MSM tell you without actually looking for the information yourself. How gullible of you.|10159551860433904|Heather Rabin|2022-02-09 19:25:04|1|0|10159551635548904|facebook
no, I am saying that Kenney, Moe and Ford et all are not pushovers and do as little as possible to please the feds. Feds can pressure but not legally change them. Thanks for asking.|10159552072788904|Dan Berry|2022-02-09 19:25:04|1|0|10159551635548904|facebook
agreed. What I’m saying is that the feds hold the purse strings for some pretty big ticket items. Healthcare funding for instance. Lots of potential “pressure” there.|10159552088423904|Andrew Dominowski|2022-02-09 19:25:04|1|0|10159551635548904|facebook
The federal hate speech sets a tone|10159552974828904|Janis McNamara|2022-02-09 19:25:04|1|0|10159551635548904|facebook
dehumanizing refers to the general co census of those opposed to the convoy indicating that they are okay with a family being left jobless, destitute and homeless because they felt afraid to take a vaccine.  To be clear I’m fully vaccinated, but many who are not simply lots trust in the government who have taken an approach of, “get the vaccine because we tell you to” (ie. which vaccine? “The first one available” which turned out to be terrible advice given the issues with Astra Zenica)  If you’re okay with a family having trouble choices (1) get vaccinated, or (2) lose your job, your home, your ability to provide for your family, etc then you’re acknowledging that there is in fact No Choice, because what individual would choose Not to provide for his family.  This issue needs to be reconciled. We are a civilized society. We can’t be okay with families left homeless because they don’t share our opinions. That’s intolerance, plain and simple.|10159553008543904|Matthew Birch|2022-02-09 19:25:04|1|0|10159551635548904|facebook
lmfao. Where have you been for the last 2 years? Living on Mars? How blind are you to think that no country has had it like this. Fkn' hilarious.|10159553237453904|Alex Buchanan|2022-02-09 19:25:04|1|0|10159551635548904|facebook
nailed it|10159557442478904|Paderick Rose|2022-02-09 19:25:04|1|0|10159551635548904|facebook
-- No, it's a red herring as long as we're talking about *Canada* and what *Canadian* law enforcement does in response to illegal or criminal activity.  Even Poilievre, when speaking about the railroad blockades two years ago, specifically mentioned the limits of protest to that which does not impinge on the freedoms of others.  And now he's insisting on a double standard because he sees an opportunity to benefit politically from doing so.|10159551876153904|Jeff Hamacher|2022-02-09 19:25:05|1|0|10159551635548904|facebook
democracy must be protected from protest unanimity is what democracy is all about|10159551752983904|Frank Ch Eigler|2022-02-09 19:25:06|1|0|10159551635548904|facebook
"""Maybe one day you’ll wake up to what’s happening"" So what is happening?"|10159551771293904|Chrys Kaloudis|2022-02-09 19:25:06|1|0|10159551635548904|facebook
get busy with your provincial govt then.|10159551755378904|David Mulcaster|2022-02-09 19:25:12|1|0|10159551635548904|facebook
"just "" holds up a mirror "" .... I can pretend i am 12 to ..."|10159551833893904|Joanne Johnson-Meyers|2022-02-09 19:25:12|1|0|10159551635548904|facebook
Science backed the european countries' decision to lift all restrictions, unfortunately we have a real shortage of real Science in Canada these days.|10159551899918904|Richard Prychitko|2022-02-09 19:25:12|1|0|10159551635548904|facebook
they were closed for two years.|10159552131143904|Maria CT|2022-02-09 19:25:12|1|0|10159551635548904|facebook
How are you going to keep the American dollar out of any thing? It may not be as strong as it once was but it is still desired and it travels well.|10159552344048904|William Michael Brienza|2022-02-09 19:25:15|1|0|10159551635548904|facebook
You mean like Americans funding anti pipeline protests? And anti logging?|10159552990018904|Leslie Tee|2022-02-09 19:25:15|1|0|10159551635548904|facebook
I’m not really sure what you’re talking about. My comment about the views of the protesters is based on their own self-descriptio ns, so unless they were lying about it, I don’t understand how what I said is “inaccurate.”|10159551774963904|Dylan Norton|2022-02-09 19:25:15|1|0|10159551635548904|facebook
hear hear|10159551859223904|Joanne Johnson-Meyers|2022-02-09 19:25:15|1|0|10159551635548904|facebook
The supportive information is the huge amount of time and money spent fight a health risk that is not going to tamed.|10159552346023904|William Michael Brienza|2022-02-09 19:25:15|1|0|10159551635548904|facebook
In all of this,where is the fearless leader of Canada. Just simply end mandates at the end of the month or now if possible....|10159552441318904|John Marche|2022-02-09 19:24:57|0|0|10159551635548904|facebook
another liberal hack|10159552474483904|D.j. Johansen|2022-02-09 19:25:16|1|0|10159551635548904|facebook
No this is how a totalitarian country with a national media turned into the state propaganda ministry works|10159551856433904|Richard Prychitko|2022-02-09 19:25:17|1|0|10159551635548904|facebook
What will be hell is if this guy is our next PM.|10159553035743904|Chuck Audette|2022-02-09 19:24:57|0|0|10159551635548904|facebook
The voice of reason. We understand that your priority is to lead Canada towards a greener economy i.e. saving the planet, over getting bogged down in mucky day-to-day politics...but come on, Mark Carney, step up to the plate: Canada needs you - become our next Liberal Prime Minister|10159553461913904|Sydney Sharpe|2022-02-09 19:24:57|0|0|10159551635548904|facebook
Hasn't democracy failed?|10159555763413904|Dave Cromarty|2022-02-09 19:24:57|0|0|10159551635548904|facebook
it's sad when you are not aware of your own irrelevance|10159558691398904|Ray Williams|2022-02-09 19:25:18|1|0|10159551635548904|facebook
I hope Mr. Carney does not have political hopes and dreams.|10159552431518904|Ken Wheeler|2022-02-09 19:24:57|0|0|10159551635548904|facebook
give me a break!!! They didn’t give two hoots about the real criminals!!! 🤦‍♀️ https:// www.dailymail.co .uk/news/ article-10457275 / BLM-transferred- millions-Canadi an-charity-run- wife-founder-To ronto-mansion.h tml?fbclid=IwAR 0eTt1KmAeAr7MZW gWWQ7f8qzfHyGqs KYFcBM4JkQfAzej _NyNM78IM51Y|10159552045353904|Kathy Atkin|2022-02-09 19:25:18|1|0|10159551635548904|facebook
Following the governments money?|10159551951463904|Sean Owen Carlson|2022-02-09 19:24:58|0|0|10159551635548904|facebook
"Dont forget that Trudeau's lockdowns also created the greatest transfer of wealth in History making the uber rich and big corporations even richer while the rest of us got poorer and small businesses by the 1000s were killed off - yeah those Lockdowns sure scored a victory for ""democracy"" didnt they? https:// www.aier.org/ article/ zoom-privilege-h ow-lockdowns-ma de-the-rich-ric her/"|10159551933938904|Richard Prychitko|2022-02-09 19:25:19|1|0|10159551635548904|facebook
you are right … I’m sure you will welcome everyone to your home then …. Everyone that isn’t allowed to work anymore can just eat off your fridge … how would you feel about that? Would you be opposed to that? Who said I can’t be free to just crash at your place? Works both ways buddy 😉|10159551721123904|Andrea Montanaro|2022-02-09 19:25:20|1|0|10159551635548904|facebook
civility also|10159551721268904|Merle B Peter-paul|2022-02-09 19:25:20|1|0|10159551635548904|facebook
there’s a world of difference between a lawsuit and hooliganism. Opposing public policy by legal means is everyone’s right.|10159551731253904|Richard Boileau|2022-02-09 19:25:20|1|0|10159551635548904|facebook
they aren’t even listing to the science anymore… just old rhetoric that have got used to regurgitate for almost two years ……|10159551735948904|Andrea Montanaro|2022-02-09 19:25:20|1|0|10159551635548904|facebook
possibly either of us know guess we'll have to wait it out till the judge rules onit|10159551739808904|Merle B Peter-paul|2022-02-09 19:25:20|1|0|10159551635548904|facebook
you seriously need to do research before posting these comments. I see you doing this on this site often and it’s exhausting. There are a ton of independent articles with facts about it but here you go…🙄  https:// www.independent. co.uk/news/ world/americas/ ottawa-freedom-c onvoy-funds-b20 06496.html?amp|10159552183708904|Claire Róisín|2022-02-09 19:25:15|1|0|10159551635548904|facebook
like a democratically elected Parliament?|10159552087348904|David Mulcaster|2022-02-09 19:25:15|1|0|10159551635548904|facebook
laughable ... Why would Trump ... Or cruz care ... If they didn't ! ( cause they both , did call on their supporters. To give financal support to the canadian freedom convoy ) ... Yes indeed .... Go get em ... I am Canadian|10159551852753904|Joanne Johnson-Meyers|2022-02-09 19:25:15|1|0|10159551635548904|facebook
the health care system was broken long before COVID. And after 2 years of this they have still done nothing to try and fix it.|10159551840563904|Heather Rabin|2022-02-09 19:25:13|1|0|10159551635548904|facebook
yes. Thank goodness the truckers are forcing the lifting of mandates throughout the world /sarcasm|10159552270043904|Steve McKenna|2022-02-09 19:25:12|1|0|10159551635548904|facebook
as long as vaccines passports are required, mandates are not lifted.|10159552954398904|Dave Thomas|2022-02-09 19:25:12|1|0|10159551635548904|facebook
"Have they released their citizens from ""covid safe spaces"" yet?"|10159552957368904|Angie Watling|2022-02-09 19:25:12|1|0|10159551635548904|facebook
Sure it does|10159553145223904|Emelle Mybell|2022-02-09 19:25:12|1|0|10159551635548904|facebook
I'm sure we are all worried about anyone who supports this crap\|10159553145863904|Emelle Mybell|2022-02-09 19:25:12|1|0|10159551635548904|facebook
What do you think they are doing here? They are trying to over throw a legally voted in government. Wake up|10159553149303904|Emelle Mybell|2022-02-09 19:25:12|1|0|10159551635548904|facebook
Exactly.|10159553235393904|Alex Buchanan|2022-02-09 19:25:12|1|0|10159551635548904|facebook
the truckers aren't stupid the moment they leave the government goes back to doing what they did before otherwise they would be announcing the end of these covid policies and mandates|10159553742028904|Patrick Perrier|2022-02-09 19:25:12|1|0|10159551635548904|facebook
Inside a Toronto hospital during the Omicron wave of COVID-19  “The job is so demanding that finding time to drink water in the break room is difficult. She says they aren’t allowed water or cups near working stations during the pandemic  “A lot of us have had problems with having chronic bladder infections because we don’t have time to drink, to pee, to hydrate ourselves,” Bourque says.  Many are also living with the trauma of the pandemic, she says.  “You can’t prepare yourself for watching people suffocate to death,” Bourque says.  “We’ve seen very young people gasping for air until their last breath and we’re the only ones there because family can’t be.”“  https:// www.theglobeandm ail.com/canada/ article-inside-a -toronto-hospit al-during-the-o micron-wave-of- covid-19/|10159551738498904|Linda Jeaurond|2022-02-09 19:25:13|1|0|10159551635548904|facebook
why don’t the doctors treat people before they get too far gone. They send the positives home and they come back to hospitals when it is too late.|10159551962053904|Barb Craig|2022-02-09 19:25:13|1|0|10159551635548904|facebook
🥱|10159551799633904|Melissa Rose|2022-02-09 19:25:15|1|0|10159551635548904|facebook
funny they're laying off nurses here. What a load of BS|10159552070268904|Laurie Merrell|2022-02-09 19:25:13|1|0|10159551635548904|facebook
Heather, no doubt it was fragile but after two years of vaccine resisters clogging ICU’s, it’s gasping for breath. Nurses are tired of watching preventable deaths  U.S. nurse says dying COVID-19 patients spent last minutes insisting virus isn't real: “They call you names and ask why you have to wear all that ‘stuff’ because they don’t have COVID because it’s not real,... “These people really think this isn’t going to happen to them. And then they stop yelling at you when they get intubated.”“  https:// www.ctvnews.ca/ health/ coronavirus/ u-s-nurse-says-d ying-covid-19-p atients-spent-l ast-minutes-ins isting-virus-is n-t-real-1.5191 235|10159552127828904|Linda Jeaurond|2022-02-09 19:25:13|1|0|10159551635548904|facebook
With absolutely no realistic power to do so. Threatening democracy is not at all the same as being an actual, existential threat to democracy; Carney should know this.|10159552217333904|Craig Stevenson|2022-02-09 19:25:13|1|0|10159551635548904|facebook
It's just some residents. The court cases will be interesting.|10159552423038904|Tina Knott|2022-02-09 19:25:13|1|0|10159551635548904|facebook
As if the Gand M or anyone else cares'|10159552882513904|Debra Yundt|2022-02-09 19:25:13|1|0|10159551635548904|facebook
Because most of them are...Liberals?|10159551905503904|Richard Prychitko|2022-02-09 19:25:14|1|0|10159551635548904|facebook
thank you! How true right|10159552074423904|Laurie Merrell|2022-02-09 19:25:14|1|0|10159551635548904|facebook
True, but the truck convoy isn't fixing any of that.  How many of those protesters are the same people who were in the last convoy, demanding a pipeline through native territory?|10159552162383904|Stephen Humphrey|2022-02-09 19:25:14|1|0|10159551635548904|facebook
Well JTs Dad was one of the ringleaders of that act. Funny hey|10159552349988904|Cary Mackenzie|2022-02-09 19:25:14|1|0|10159551635548904|facebook
"""Democracy""😂"|10159551680678904|Robert Robinson|2022-02-09 19:25:00|0|0|10159551635548904|facebook
