﻿comment|comment_ids|username|datetime|isreply|num_replies|post_id|label
no insult meant.... I apologize if you took it as an insult. Your world view is smaller than mine I guess... that is what I meant.|10159540197783904|Gloria Dawe Bruce|2022-02-02 23:41:15|1|8|10159540050998904|facebook
Charge them all with economic sabotage!|10159540167938904|Victoria Dayondon|2022-02-02 23:41:06|0|6|10159540050998904|facebook
Freedom-loving folks blocking the free movement of people and goods. Yep, that makes sense. 🤨|10159540115888904|Paul Lidgate|2022-02-02 23:41:06|0|5|10159540050998904|facebook
They are supposed to be exceptional circumstances and demonstrably justified using reason. That has not happened. The actual science has been censored by the government, big tech and the media. If the mandates continue forever then we don't have freedoms.|10159540397873904|Paul Tunstall|2022-02-02 23:41:08|1|5|10159540050998904|facebook
only heavy tow trucks will be able to tow these. Ottawa mayor called for tow companies to clear his streets, but every company he called had COVID.....imagi ne that|10159540095818904|Randy Mcleod|2022-02-02 23:41:26|1|4|10159540050998904|facebook
Why are the RCMP moving on the convoy when they didn’t move on anything Trudeau was guilty of ? He and his whole band of puppets should be in prison !|10159540152123904|Marg Bowes|2022-02-02 23:41:06|0|4|10159540050998904|facebook
The only embarrassing thing making a fool of Canada is the fool who is running it.|10159540139918904|Theresa Leclair|2022-02-02 23:41:19|1|3|10159540050998904|facebook
Yes, you and your fellow trolls don’t want me here - not surprising. Tough luck.|10159540200043904|Hussam Abdelrahman|2022-02-02 23:41:15|1|3|10159540050998904|facebook
yup! Gross!|10159540237548904|Amanda Rae|2022-02-02 23:41:19|1|3|10159540050998904|facebook
And the government doesn't get to dictate people's lives. You may want it but the majority of us DON'T. Edna|10159540118448904|Bill Davis|2022-02-02 23:41:27|1|3|10159540050998904|facebook
Banning the truckers who are blocking the border won't have that much of an impact. The Truckers' Alliance says 85% of truckers are vaccinated ....they're working!|10159540368158904|Cathy Weyman|2022-02-02 23:41:13|1|2|10159540050998904|facebook
Most trucker in Ottawa and at the border are jabbed. This is about charter rights not whether the jab is a good choice or not.|10159540372978904|Paul Tunstall|2022-02-02 23:41:13|1|2|10159540050998904|facebook
- City of Ottawa announcing that they're going after the fund, and the participants for damages. Should drain the fund and keep those goofs indebted for the rest of their lives... Riot THAT!|10159540231963904|Bruce Marshall|2022-02-02 23:41:29|1|2|10159540050998904|facebook
Absolutely arrest every one of them. They don't get to break the law any more than the rest of us. The same is true for truckers in Ottawa blockading roads.|10159540113113904|Colin Richardson|2022-02-02 23:41:07|0|2|10159540050998904|facebook
There's no reason to meet with protesting truck drivers who Trudeau called heroes last year and now David doesn't think they're worthy enough to have an audience with our wonderful narcissistic prime minister who looks down on people in the working class. Your kind of guy I guess eh David ? narcissistic and elite and privileged let's not forget that.SAD However David we all know and I'm sure you definitely know how much better you are than everybody else. We all know how very proud you are of yourself|10159540619643904|Patrick Nowlan|2022-02-02 23:41:18|1|2|10159540050998904|facebook
"He has no need to meet with them Krista. He & others have made it clear, they're not going to dissolve the government or do something so ridiculous as to ""scrap all mandates"" - they're the tiny minority that won't get in the INTERNATIONAL game with the other 500,000 drivers still out there working .... so .... screw 'em."|10159540349718904|Bill Ferguson|2022-02-02 23:41:18|1|2|10159540050998904|facebook
exactly|10159540185763904|Jennifer Lowe|2022-02-02 23:41:18|1|2|10159540050998904|facebook
I was talking about the Canadian experience. I’m sure large amounts of money were spent but not widely reported.|10159540124818904|George Thorburn|2022-02-02 23:41:29|1|2|10159540050998904|facebook
Protesting .... for FREEDOM and yet here they all are taking away other peoples freedom to move about and do their jobs. #IDIOTS Where has common sense gone in todays world I have to wonder. #LOCKTHEMUP|10159540122798904|Gloria Dawe Bruce|2022-02-02 23:41:06|0|2|10159540050998904|facebook
Why arent they harassing the cause of this. Trudeau. Should be an investigation opened snd charges laid!! Treason!!|10159540148253904|Chris Urban|2022-02-02 23:41:06|0|2|10159540050998904|facebook
really then why is Castreau insisting on them? Genius|10159540574718904|Chris Urban|2022-02-02 23:41:11|1|2|10159540050998904|facebook
"Yes, I heard. ""Freedom""."|10159540399063904|Cathy Weyman|2022-02-02 23:41:13|1|2|10159540050998904|facebook
I’m not the one whining like a bit*h😂😂🖕|10159540501553904|William R Hurl|2022-02-02 23:41:16|1|2|10159540050998904|facebook
was thinking same about you working for the liberals. only an employee would support a group trying to bring even more socialism to Canada|10159540729528904|Chris Urban|2022-02-02 23:41:11|1|2|10159540050998904|facebook
call a heavy tow company and ask|10159540138443904|Randy Mcleod|2022-02-02 23:41:26|1|2|10159540050998904|facebook
the majority of truckers are working; these ones are animals|10159540391513904|Thomas Burnside|2022-02-02 23:41:16|1|2|10159540050998904|facebook
troll|10159540184713904|Hussam Abdelrahman|2022-02-02 23:41:15|1|2|10159540050998904|facebook
5 million??!!! Who are the 5 million?? The truckers mentioned a large following but you must know ( since you read every daily newspaper in the world, that number is just not true! Not accurate at all. They have a following of several thousand. A faaaaarrrrr cry from 5 million!!!! But you gave me a good laugh!|10159540278403904|Craig Sandford|2022-02-02 23:41:10|1|2|10159540050998904|facebook
just a question.. what colour of crayon is the tastiest?|10159540178948904|Lloyd Holland|2022-02-02 23:41:16|1|2|10159540050998904|facebook
You’re right the law must prevail and in a democratic system we have the right to demonstrate peacefully which is what’s happening! When the gay pride parade goes rolling down the street I’m sure you don’t protest you probably even participate! The truckers are staying and they’re doing a great job|10159541542038904|Chris Urban|2022-02-02 23:41:11|1|2|10159540050998904|facebook
I think this is Randy's way of telling the world he doesn't work in that industry.|10159540155813904|Bill Ferguson|2022-02-02 23:41:26|1|2|10159540050998904|facebook
The government is violating the charter of rights and freedoms for all Canadians. These truckers are fighting for those freedoms. Your sacrifice will be a change in diet until Trudeau drops the mandates that a majority of Canadians oppose.|10159540363398904|Paul Tunstall|2022-02-02 23:41:15|1|2|10159540050998904|facebook
Good. Treat criminals like criminals.|10159540136783904|La Kha|2022-02-02 23:41:06|0|2|10159540050998904|facebook
if the unvaccinated can’t cross the border then nobody should|10159540378748904|Brandon Bartlett|2022-02-02 23:41:13|1|2|10159540050998904|facebook
Even more trucks and people will show up right after. Is the Canadian government going to arrest the majority of the country?|10159540366548904|Paul Tunstall|2022-02-02 23:41:16|1|2|10159540050998904|facebook
“The small fringe minority of people who are on their way to Ottawa who are holding unacceptable views” - the boy idiot  https:// www.ctvnews.ca/ politics/ trudeau-decries- fringe-views-of -some-in-trucke r-convoy-as-pol ice-prepare-for -its-arrival-in -ottawa-1.57556 74|10159540378058904|Jim Peters|2022-02-02 23:41:10|1|2|10159540050998904|facebook
railways are confined to rails and other ways are able to deliver foods and goods. If truckers are going to block boarders, cities and towns and other truckers from delivering good what do you think is going to happen?|10159540190458904|Ashley Faller|2022-02-02 23:41:31|1|2|10159540050998904|facebook
- Protesters are delusional dimwits. Protesters protesting against health measures claim that they are defenders of freedom but this is simply not true. The Canadian Charter of Rights and Freedoms guarantees individual rights and freedoms only so long as those rights and freedom does not pose a harm to others. In addition, the Charter allows for the limiting of individual rights and freedoms for the common good. Protesters want a society that gives citizens limitless freedom. However, consider speed limits, smoking bans, drink & driving laws - each of these rules/laws limits freedoms because to not limit speed, smoking and drinking would not be in the common interests of society. The protesters would do away with speed limits, smoking bans, drink & driving laws, vaccine mandates, mask wearing, social distancing, etc. because, as they claim, such rules/laws limit their individual rights and freedoms -- however, society must limit individual rights and freedoms for the common good because without such limitations a society ceases to be a society (could not exist/ function) -- there is no society, either in the past or in the future, that can exist/function without limitiations on individual rights and freedoms because limiting individual rights and freedoms is necessary in the interests of the common good, preventing one person's rights and freedoms from harming another person's rights and freedoms. Hence, protesters protesting health measures, while claiming that they are freedom defenders, are delusional dimwits, ignorant of how limiting rights and freedoms is necessary to the functioning of society.|10159540642188904|Gordon Earle|2022-02-02 23:41:09|1|2|10159540050998904|facebook
because Trudeau didn't commit any crimes.|10159540213788904|Brian David Lupton|2022-02-02 23:41:21|1|2|10159540050998904|facebook
truckers defending our Charter of rights? That is a good one!|10159540425928904|Chantal Pilon|2022-02-02 23:41:08|1|2|10159540050998904|facebook
Yet blockades on railroads were allowed for weeks even though under the criminal code of Canada it comes with a mandatory minimum of 25 years in jail - thats when we first started experiencing shortages * and government and our judiciary allowed it to go on and on ..seems some people are more equal then others when it comes to our judiciary system - what a bunch of hipocrites !|10159540081638904|Jill Beach|2022-02-02 23:41:07|0|2|10159540050998904|facebook
big rigs require special trucks to tow. Those tow trucks also may not agree to tow them. Good luck.|10159540112458904|Mark Rubello|2022-02-02 23:41:07|0|2|10159540050998904|facebook
so agree! Imagine truckers taking food from homeless shelter, do they not know how to order pizza online? Oh wait, delivery blocked.|10159540220163904|Cindy Moynan|2022-02-02 23:41:19|1|1|10159540050998904|facebook
Not the same issue.|10159541471788904|Dale Cole|2022-02-02 23:41:15|1|1|10159540050998904|facebook
just arrest them throw them in jail their truck could sit there and rot push them off the road who cares.|10159540137103904|Lisa Noland|2022-02-02 23:41:24|1|1|10159540050998904|facebook
The vaccine mandates come from provincial governments. As for countries requiring vaccinations for entry into their territories, that has been going on for decades and they certainly aren't going to change that policy. And as for mandates. the majority of Canadians do support them. You don't like it, run for office and change them.|10159540395653904|Debra Yundt|2022-02-02 23:41:15|1|1|10159540050998904|facebook
Do you not support our indigenous people when they do the same?|10159540456128904|Aaron Chusing|2022-02-02 23:41:15|1|1|10159540050998904|facebook
Um ... a heavy wrecker charges big money; they'll be there to tow a few hundred trucks with bells & bows on!|10159540157053904|Bill Ferguson|2022-02-02 23:41:24|1|1|10159540050998904|facebook
you want to ask jody that?🤣🤡|10159540487078904|Connie Bruno|2022-02-02 23:41:21|1|1|10159540050998904|facebook
You are saying that if a tow trucker driver gets a call from the RCMP he`s just going to ignore it........I really doubt that.|10159540141118904|Elaine Cawson Bushman|2022-02-02 23:41:26|1|1|10159540050998904|facebook
I'm looking forward to seeing arrests and the trucks towed away. However, they should impound them indefinitely. They should do that too in Ottawa|10159540164893904|Thomas Burnside|2022-02-02 23:41:06|0|1|10159540050998904|facebook
The military has a whole fleet. Auction the trucks to pay the expense.|10159540858213904|Peter Cliff|2022-02-02 23:41:26|1|1|10159540050998904|facebook
Do you mean the heavy wreckers the rcmp tried to dispatch yesterday that refused to go? Or different ones?|10159540177743904|Dan Carroll|2022-02-02 23:41:24|1|1|10159540050998904|facebook
oh come on you can do better that 🤣🤣🤣🤣🤣🤣|10159540180423904|Thomas Burnside|2022-02-02 23:41:16|1|1|10159540050998904|facebook
Lol yes, I'm certain rural Montana is ready to help out the federal government.|10159540221798904|Dan Carroll|2022-02-02 23:41:24|1|1|10159540050998904|facebook
Yes aaron, charge anyone now or moving forward who block critical infrastructure with domestic terrorism reguardless of cause race or political affiliation.|10159540834853904|Rich Richardson|2022-02-02 23:41:20|1|1|10159540050998904|facebook
dream on|10159540458498904|Randy Mcleod|2022-02-02 23:41:26|1|1|10159540050998904|facebook
great idea....look around your home.....everyt hing came by truck. If only 10% of the truckers are involved.....wh at 10% of your possessions can you do without ?|10159541497518904|Randy Mcleod|2022-02-02 23:41:26|1|1|10159540050998904|facebook
We dont negotiate with terrorists #LOCKTHEMUP|10159541494113904|Bonnie Cull|2022-02-02 23:41:26|1|1|10159540050998904|facebook
Awe! Waiting for some feminine hygiene products? 😂😂🖕|10159540499503904|William R Hurl|2022-02-02 23:41:16|1|1|10159540050998904|facebook
And that is just wrong!|10159540228358904|Jeanette Durzi|2022-02-02 23:41:22|1|1|10159540050998904|facebook
the trucks coming from US to deliver products have been stuck in the line up for 40 hours, they opened a side road so the trucks can return to the US. The trucks returning are full|10159540224353904|Cindy Moynan|2022-02-02 23:41:22|1|1|10159540050998904|facebook
SO THE TRUCKERS ARE BLOCKING THE BORDER FROM ACTUAL TRUCKERS THAT ARE WORKING TO DELIVER GOODS TO MARKET?? YES....PATRIOTS !!! NOT|10159540186953904|Jeanette Durzi|2022-02-02 23:41:07|0|1|10159540050998904|facebook
You have no logical response, so your only option is to insult me.|10159540175928904|Hussam Abdelrahman|2022-02-02 23:41:15|1|1|10159540050998904|facebook
what a bizarre view. Let’s say I get jumped on the street. Give up my wallet or get shanked. I say no and get shanked. In you’re view that would be. consequence to my action?|10159540177198904|Andrew Dominowski|2022-02-02 23:41:15|1|1|10159540050998904|facebook
snowflake|10159540177668904|Sean Horne|2022-02-02 23:41:15|1|1|10159540050998904|facebook
Since when is the rcmp in charge of running the country have they taken over Parliament and this has become a police state.|10159540287103904|Roger Vincent|2022-02-02 23:41:07|0|1|10159540050998904|facebook
guess you actually don’t know the legislation and the law in this country!?|10159541279453904|William Taylor|2022-02-02 23:41:23|1|1|10159540050998904|facebook
The RCMP is there to keep peace among the people, the legislator is there to govern the country.|10159541522913904|Roger Vincent|2022-02-02 23:41:23|1|1|10159540050998904|facebook
which is what is happening|10159541525968904|William Taylor|2022-02-02 23:41:23|1|1|10159540050998904|facebook
There is no violence being committed with his freedom convoy the police are only there because that's the law.|10159541532858904|Roger Vincent|2022-02-02 23:41:23|1|1|10159540050998904|facebook
no one is coming after your free will. Reciprocation would be appreciated. 🙂|10159540217478904|Andrew Dominowski|2022-02-02 23:41:15|1|1|10159540050998904|facebook
Apples and oranges. In your scenario only the one person is in danger. I’m amazed at how many people are either ignorant of how viruses work, or are stirring the pot. People are dying ffs.|10159540223738904|Bruce Irwin|2022-02-02 23:41:15|1|1|10159540050998904|facebook
disagree. It’s an example of one being forced against their will. Quite applicable. Admittedly, I chose an extreme example for effect. Nonetheless, it’s Apple vs Apple. Who’s in danger. If you want the vax great, get it. If you don’t want to go to a restaurant great, don’t. This may boil your noodle but people die everyday. It’s what we do. If we shut down every time that happened… oh brother. I see a lot of folks uncomfortable with the inevitable. It’s kinda sad|10159540248463904|Andrew Dominowski|2022-02-02 23:41:15|1|1|10159540050998904|facebook
Again, amazing how many people don’t understand how viruses work. Thanks for proving my point mate. 👍|10159540258958904|Bruce Irwin|2022-02-02 23:41:15|1|1|10159540050998904|facebook
sit down and let the adults save your freedoms|10159540410218904|Darlene Brooks|2022-02-02 23:41:16|1|1|10159540050998904|facebook
Connie come live here then say that|10159540494173904|Lisa Noland|2022-02-02 23:41:24|1|1|10159540050998904|facebook
more bs as usual from the nation's nut jobs|10159540183213904|Amanda Rae|2022-02-02 23:41:19|1|1|10159540050998904|facebook
Any tow truck that tows a truck from the protest will never get another call from a trucker.....did the bright lights not know that ?|10159540085743904|Randy Mcleod|2022-02-02 23:41:07|0|1|10159540050998904|facebook
They were not blocking boarders, or blocking ciries and impacting not only cargo but also citizens. These truckers are not only not delivering food and supplies they are blocking other truckers from doing it.|10159540095628904|Ashley Faller|2022-02-02 23:41:25|1|1|10159540050998904|facebook
I guess you only read what you want to read Andrew and I guess you Google what you want to Google. I understand denial is a b**** Don't feel bad Andrew I was a liberal when I was 12 years old then I grew up and read and researched various views to make an informed opinion.|10159540140098904|Patrick Nowlan|2022-02-02 23:41:25|1|1|10159540050998904|facebook
Kid Rock you might want to get in this pit. 🇨🇦|10159540756848904|Krista MacLeod|2022-02-02 23:41:18|1|1|10159540050998904|facebook
the most inept and corrupt PM ever. That’s what he is.|10159540303768904|Valia Petrov|2022-02-02 23:41:19|1|1|10159540050998904|facebook
all the ones they called in Ottawa got covid weird how that happens|10159540124543904|Paul Sammut|2022-02-02 23:41:25|1|1|10159540050998904|facebook
I remember that blockade Andrew our country was at a standstill because of that one rail line. Interesting how you saw nothing wrong with that Hmmmmmmm Hypocrite?|10159540112113904|Patrick Nowlan|2022-02-02 23:41:25|1|1|10159540050998904|facebook
I notice there's no evidence of your claim that ems and fire service had been obstructed.|10159540104323904|Dan Carroll|2022-02-02 23:41:25|1|1|10159540050998904|facebook
Trudeau is correct. You don’t need a comma.|10159540299388904|Cindy Moynan|2022-02-02 23:41:19|1|1|10159540050998904|facebook
and all other traffic, including EMS and firefighters. Remember the wailing and gnashing of teeth when it was just a rail line that was blocked by protesters?|10159540100323904|Andrew Lindsey|2022-02-02 23:41:25|1|1|10159540050998904|facebook
What an embarrassment to Canada and Canadians.|10159540125778904|Amanda Rae|2022-02-02 23:41:06|0|1|10159540050998904|facebook
Trudeau is, correct.|10159540280093904|Valia Petrov|2022-02-02 23:41:19|1|1|10159540050998904|facebook
|10159540157588904|Amanda Rae|2022-02-02 23:41:19|1|1|10159540050998904|facebook
🤡PM|10159540167763904|Mike Harlow|2022-02-02 23:41:19|1|1|10159540050998904|facebook
yeah totally but what those people did in Ottawa was gross and embarrassing|10159540170453904|Amanda Rae|2022-02-02 23:41:19|1|1|10159540050998904|facebook
a micro liberal hard core group did their thing!|10159540177813904|Mike Harlow|2022-02-02 23:41:19|1|1|10159540050998904|facebook
There is no reason to meet them.|10159540609923904|David Mulcaster|2022-02-02 23:41:18|1|1|10159540050998904|facebook
What are they then? Genuinely curious.|10159540093258904|Dan Carroll|2022-02-02 23:41:25|1|1|10159540050998904|facebook
I think you could use those sweetheart 😉|10159540500773904|Thomas Burnside|2022-02-02 23:41:16|1|1|10159540050998904|facebook
Lynda thinks Justin is going to read the comments lol|10159540088303904|Dan Carroll|2022-02-02 23:41:25|1|1|10159540050998904|facebook
more like they'll pick up, because governments give steady business and their bills never bounce.|10159540135693904|Andrew Lindsey|2022-02-02 23:41:26|1|1|10159540050998904|facebook
if the truckers calls for a tow, a towing company will respond. If the call originates from a government agency, the tow company will be just too busy to respond.|10159540133358904|Randy Mcleod|2022-02-02 23:41:26|1|1|10159540050998904|facebook
why?|10159540122598904|Tom Oakes|2022-02-02 23:41:26|1|1|10159540050998904|facebook
Clint Baskier oh honey you can do better than that 🤣|10159540761113904|Thomas Burnside|2022-02-02 23:41:16|1|1|10159540050998904|facebook
So a trucker is going to sit at the side of the road broken down forever then ?|10159540113713904|Elaine Cawson Bushman|2022-02-02 23:41:26|1|1|10159540050998904|facebook
The tow trucks must be shaking in their boots|10159540100433904|Terry Howatt|2022-02-02 23:41:26|1|1|10159540050998904|facebook
That was a legitimate protest, THIS AINT #LOCKTHEMUP|10159541489088904|Bonnie Cull|2022-02-02 23:41:17|1|1|10159540050998904|facebook
"""Resources are in place"". They tried to get tow trucks out, apparently not realizing tow trucks require truck drivers."|10159540077318904|Dan Carroll|2022-02-02 23:41:07|0|1|10159540050998904|facebook
imagine thinking all truck drivers support your terrorist actions.|10159540081378904|Lynda Morris|2022-02-02 23:41:25|1|1|10159540050998904|facebook
lol that’s a silly comment cammon Randy|10159540089353904|Dylan Gordon Frizzell|2022-02-02 23:41:26|1|1|10159540050998904|facebook
All Trudeau has to do is agree to meet with them instead of hiding. He had no issue meeting with other protest groups about their concerns.|10159540147698904|Krista MacLeod|2022-02-02 23:41:06|0|1|10159540050998904|facebook
only protest groups that follow his agenda, he has stated that himself.|10159540182308904|Jennifer Lowe|2022-02-02 23:41:18|1|1|10159540050998904|facebook
Which is messed up AF.|10159540183948904|Krista MacLeod|2022-02-02 23:41:18|1|1|10159540050998904|facebook
yet blockades on our railroads were allowed to go on for weeks and weeks creating shortages - a crime that under the criminal code of Canada comes with an automatic 25 years in jail sentence - and they werent called terrorists either - your hipocracey is stunning !|10159540086428904|Jill Beach|2022-02-02 23:41:25|1|1|10159540050998904|facebook
Didn't Kenney approve a law that would deal with this sorts of things ? Hmm I guess he can't go after his based, also the wrong color so they'll be allowed to do as the suit....|10159540153883904|Sebastian Alejandro Cortes|2022-02-02 23:41:06|0|1|10159540050998904|facebook
We the fringe hate Kenney|10159540191188904|Lucius Cincinnatus|2022-02-02 23:41:14|1|1|10159540050998904|facebook
interloper|10159540192823904|Sean Horne|2022-02-02 23:41:15|1|1|10159540050998904|facebook
these mandates have never impacted myself at all. So I’m not cheering for myself.. but for the rest of the country including yourself. I was saving a lot of money..however|10159540304798904|Hendrickson Keith|2022-02-02 23:41:10|1|1|10159540050998904|facebook
are you sure you even know what trason means?|10159540572408904|Steve Cobblehoff|2022-02-02 23:41:11|1|1|10159540050998904|facebook
actually it seems more like something you made up. AKA fake news/ conspiracy theory. Making garbage statements up and trying to pass them off as reality!! Laughable|10159540372168904|Craig Sandford|2022-02-02 23:41:10|1|1|10159540050998904|facebook
….and in other news the Conservatives looking to punt o’toole tomorrow! Who will replace him? Just another clone like the last 10?!! All good as at least Canadians have no fear of the conservatives getting in power in the foreseeable future|10159540389988904|Craig Sandford|2022-02-02 23:41:11|1|1|10159540050998904|facebook
- Here's what I remember about those: We didn't have to mount 2 million dollar a day security operations for those, because of the terrorist intent of some of their members. The U.S. experience showed that most of the violence in the wake of BLM marches in the U.S., was perpetrated by those who threatened to do so for 30 years - White supremacists groups. That's who got arrested, by and large. Few BLM people were arrested. The marched and protested peacefully.|10159540118943904|Bruce Marshall|2022-02-02 23:41:29|1|1|10159540050998904|facebook
"-- The way I see it:  (1) A large number of participants who could be described as ""average citizens"" and who simply bought the ""anti-mandate"" story attended the protest *without* contributing to unlawful or morally questionable behaviour. However ...  (2) The much smaller leadership of the convoy and their like-minded supporters are actually invested in both unacceptable and wild-eyed visions of an authoritarian future where whatever they want from government, they receive on demand.  The second group are the worrisome core of extremists. The first group are, in many respects, the unwitting dupes to the second."|10159540403183904|Jeff Hamacher|2022-02-02 23:41:11|1|1|10159540050998904|facebook
of course, the question arises if people are willing to accept such a template of reason when it comes to negative incidents at protests as a whole, or if they only apply it to protests around their personal beliefs.|10159540406258904|Andrew Lindsey|2022-02-02 23:41:11|1|1|10159540050998904|facebook
we started coddling protest groups way before Friday. Remember BLM protests with JT kneeling in the street. Remember all the rail blockades. And so it goes.|10159540091063904|George Thorburn|2022-02-02 23:41:29|1|1|10159540050998904|facebook
Except for the border, mandates are provincial brainiac.|10159540561078904|Alexis Delray|2022-02-02 23:41:11|1|1|10159540050998904|facebook
-- Because disputes with government over territorial sovereignty and disputes with government over getting a simple vaccination (or wearing a mask in public) are entirely equivalent, right? Gimme a break.|10159540127238904|Jeff Hamacher|2022-02-02 23:41:31|1|1|10159540050998904|facebook
is that what you believe?? Shocking…|10159540363518904|Craig Sandford|2022-02-02 23:41:10|1|1|10159540050998904|facebook
Good show, RCMP! Let's restore Law and Order! Canada is a fully functioning Democracy, with fully functioning RULE OF LAW... Well, we did til last Friday, when we started coddling entitled toddlers.|10159540087118904|Bruce Marshall|2022-02-02 23:41:07|0|1|10159540050998904|facebook
to protect rights and freedoms. No.no.no.|10159540597518904|Donna McCaw|2022-02-02 23:41:08|1|1|10159540050998904|facebook
just hard to take anyone seriously about science, medicine or social affairs that didn’t bother finishing sixth grade English.|10159540668553904|Steve Eaton|2022-02-02 23:41:11|1|1|10159540050998904|facebook
quite a sentence. We will have to disagree on knowledge. I think it’s a good thing.|10159540687523904|Steve Eaton|2022-02-02 23:41:11|1|1|10159540050998904|facebook
try obtaining some|10159540693183904|Chris Urban|2022-02-02 23:41:11|1|1|10159540050998904|facebook
nobody can deny you are the right guy to be employed by the conservatives to spend all your time bashing the government that keeps winning elections. Enjoy.|10159540726663904|Steve Eaton|2022-02-02 23:41:11|1|1|10159540050998904|facebook
all 2 million people are fake? Are you saying you want to pay carbon tax?|10159540800993904|Mark A Dmyterko|2022-02-02 23:41:11|1|1|10159540050998904|facebook
no, but it seems to be what the boy idiot and many of his sycophant followers believe|10159540366193904|Jim Peters|2022-02-02 23:41:10|1|1|10159540050998904|facebook
I think what many people do not realize is the standing up to government over reach is very important. If this is allowed to continue as it is today, more and more freedoms will be taken . What is going on now may not matter to some but what will happen when government tries to take something away from you that you care about? The government works for us, all of us.|10159540620323904|Colleen Sigurdson|2022-02-02 23:41:09|1|1|10159540050998904|facebook
yes I am more than willing to pay the CARBON TAX because i know the science behind it!|10159540819838904|Dana McConkey|2022-02-02 23:41:11|1|1|10159540050998904|facebook
you sound quite illiterate. Did they let you into law school being unable to express yourself? No idea what you're even trying to say.|10159540291438904|Steve Eaton|2022-02-02 23:41:10|1|1|10159540050998904|facebook
how many unvaccinated individuals in Canada ? 18%. You can bet each n every one on board with this not to mention the hundreds of thousands of vaccinated on board. It’s a fair estimation , if I’m over it’s by very little ..|10159540281008904|Hendrickson Keith|2022-02-02 23:41:10|1|1|10159540050998904|facebook
and when they do, will you admit you were wrong?|10159540281308904|Steve Eaton|2022-02-02 23:41:10|1|1|10159540050998904|facebook
when they do ?? What? are we talkn about|10159540282688904|Hendrickson Keith|2022-02-02 23:41:10|1|1|10159540050998904|facebook
Pretty much|10159540283648904|Peter Pialis|2022-02-02 23:41:10|1|1|10159540050998904|facebook
your highly educated view of the legal system.|10159540283753904|Steve Eaton|2022-02-02 23:41:10|1|1|10159540050998904|facebook
It's mystifying really. There's all manner of fiddly-bits of paper one needs to have a heavy truck and driver compliant in 2 (or more) countries; what's one more?  ANY border-crossing , the people manning it know more about you than your mother with a couple taps on a keyboard.|10159540149433904|Bill Ferguson|2022-02-02 23:41:07|0|1|10159540050998904|facebook
we ain’t making it here we’re breaking it and if you know anything about anything. Breaking the law takes no brains. No consideration of the law. No knowledge required .. lawyers need not apply . Just Look at our society and the crimes. No brains! We’re talking about blocking a road here . There’s another crossing ffs . Let’s not make mountains out of mole hills here.|10159540288178904|Hendrickson Keith|2022-02-02 23:41:10|1|1|10159540050998904|facebook
right? 30 million should be able to do ANYTHING they want to 5M, right? And 10M? And 15M? Right?|10159540292363904|Jim Peters|2022-02-02 23:41:10|1|1|10159540050998904|facebook
I’m retired and haven’t been effected much. However, I also realize how much suffering could have been avoided if people weren’t so selfish and ignorant.|10159540306483904|Steve Eaton|2022-02-02 23:41:10|1|1|10159540050998904|facebook
Saskatchewan just dropped all restrictions|10159540295158904|Hendrickson Keith|2022-02-02 23:41:10|1|1|10159540050998904|facebook
That's what should happen when the time is right. The determination of exactly when should be decided by epidemiologists and doctors, not failed truckers that never even finished high school.|10159540297863904|Steve Eaton|2022-02-02 23:41:10|1|1|10159540050998904|facebook
it’s happening , deserving so|10159540299513904|Hendrickson Keith|2022-02-02 23:41:10|1|1|10159540050998904|facebook
as long the medical community decides and not the Covid caravan.|10159540302908904|Steve Eaton|2022-02-02 23:41:10|1|1|10159540050998904|facebook
This group is whining about their freedom being taken away? Then they illegally block an international border. In countries that are not free… they would have just been shot and removed. They need to get lost. Let everyone else get on with their life. They should have their class 1 licenses revoked|10159540301803904|Craig Sandford|2022-02-02 23:41:07|0|1|10159540050998904|facebook
Blocking the railway is not the same as blocking whole city centers and blocking boarders and bot allowing other truckers to deliver food and goods.|10159540103928904|Ashley Faller|2022-02-02 23:41:31|1|1|10159540050998904|facebook
what a maroon!|10159541529778904|Steve Eaton|2022-02-02 23:41:13|1|1|10159540050998904|facebook
You'll want to fact check that Bradley. a 'protest' does have a time limit. a flexible one at that.|10159540154583904|Bill Ferguson|2022-02-02 23:41:28|1|1|10159540050998904|facebook
yes i feel the same way about know it alls that think they’re better than others yet really know squat|10159540679928904|Chris Urban|2022-02-02 23:41:11|1|1|10159540050998904|facebook
|10159540280613904|Eric Juzwishyn|2022-02-02 23:41:10|1|1|10159540050998904|facebook
There’s only one possibility today for a good leader. And that’s Pierre Pollivierre. I met him personally on the number of occasions very smart man very motivated a very patriotic. Pierre has held the liberals to account countless times over the last six years in the house of commons and it’s not afraid to stand up to them!|10159541862253904|Chris Urban|2022-02-02 23:41:12|1|1|10159540050998904|facebook
The US truckers are blocking the border also and are planning what will likely be a larger convoy to DC. Ban them all and we'll see how the supply chain does.|10159540356878904|Paul Tunstall|2022-02-02 23:41:13|1|1|10159540050998904|facebook
there’s a thought|10159540214603904|Cindy Moynan|2022-02-02 23:41:13|1|1|10159540050998904|facebook
you afraid you won't get your toilet paper?|10159540474918904|Connie Bruno|2022-02-02 23:41:08|1|1|10159540050998904|facebook
Let US immigration threaten to ban them from crossing the border forever. That will give them something to think about.|10159540113613904|Cathy Weyman|2022-02-02 23:41:06|0|1|10159540050998904|facebook
and if you dont like that , youre really not going to like mariners threatening to block off major shipping rhoutes in canadas ports either -which is next * search marinersforfree dom2022 -|10159540206768904|Jill Beach|2022-02-02 23:41:31|1|1|10159540050998904|facebook
maybe the next leader of the cpc will listen to your rambling about jt?|10159540824203904|Dana McConkey|2022-02-02 23:41:11|1|1|10159540050998904|facebook
https:// beta.ctvnews.ca/ national/ coronavirus/ 2021/9/1/ 1_5569971.html|10159540409238904|Janice Kirkeby|2022-02-02 23:41:08|1|1|10159540050998904|facebook
You're telling me like it's my decision. *lol*|10159540529528904|Cathy Weyman|2022-02-02 23:41:13|1|1|10159540050998904|facebook
Science wins, cons lose WOOHOO #NEVERCON|10159541500378904|Bonnie Cull|2022-02-02 23:41:27|1|1|10159540050998904|facebook
how many dead before exceptional, do you think?|10159540406073904|Donna McCaw|2022-02-02 23:41:08|1|1|10159540050998904|facebook
Did some reading.. he seems reasonable.. pro-choice, gay marriage, etc;|10159542208503904|Dale Cole|2022-02-02 23:41:12|1|1|10159540050998904|facebook
thank you same to you. Yes you will he pleasantly surprised by Pierre! He id a bull dog. Canada needs him right now|10159542197498904|Chris Urban|2022-02-02 23:41:12|1|1|10159540050998904|facebook
Heard his name. Will check it out. Thanks. Hope he isn’t like Andrew Scheer. If I may say, when I hear the name patriot, I think of the Trump crowd which has bastardized the term. I think we are all patriots. Stay safe sir.|10159541926233904|Dale Cole|2022-02-02 23:41:12|1|1|10159540050998904|facebook
That's what they are doing.|10159540490748904|Paul Tunstall|2022-02-02 23:41:08|1|1|10159540050998904|facebook
That’s how it works. Good luck. Not his biggest fan here and he has had 6-7 years which is long enough. But, who is out there? It’s not Maxime Bernier.|10159541647173904|Dale Cole|2022-02-02 23:41:12|1|1|10159540050998904|facebook
I don’t like him and that’s exactly what we intend to do|10159541605788904|Chris Urban|2022-02-02 23:41:12|1|1|10159540050998904|facebook
Silly. The law must prevail. These truckers must move.|10159541470893904|Dale Cole|2022-02-02 23:41:11|1|1|10159540050998904|facebook
, you seems to know at lot about feminine hygiene products. Typical homophobic, insignificant and stupid comment from iIIiterate far righ st👀ges. 🙄 Homophobes are well known for their huge homosexual pulsions. They just repress them. 🤷🏻‍♂️|10159540504878904|Sylvain Pelletier|2022-02-02 23:41:08|1|1|10159540050998904|facebook
Awe! Did I hit a nerve sweetie?😂🖕|10159540506538904|William R Hurl|2022-02-02 23:41:08|1|1|10159540050998904|facebook
My points are valid. You don’t like him? Then defeat him through the ballot box. Stay safe. Hopefully, the mandates are over soon. Take care, sir.|10159541602848904|Dale Cole|2022-02-02 23:41:12|1|1|10159540050998904|facebook
yes let’s call it what it is an anti-Trudeau rally nothing wrong with that because he’s been a terrible Prime Minister from the get-go that doesn’t make me or anyone that believes me I white suprematist. there are people from all races creeds and colours down at the hill protesting the same way! Typical liberal trying to grab at anything to make a point|10159541595458904|Chris Urban|2022-02-02 23:41:11|1|1|10159540050998904|facebook
Don’t worry you’ll eventually get your feminine hygiene products! 😂😂🖕|10159540496733904|William R Hurl|2022-02-02 23:41:08|1|1|10159540050998904|facebook
Not sure how relevant the gay pride parade or my participation in it is to your argument. I suspect you have some insecurities about that. No doubt, the gay pride parade would have a permit. If you don’t like JT, like many of the protesters, there is nothing to say to you that makes sense. They are free to demonstrate. But let’s call it for what it is. It’s an anti-Trudeau rally. Mix in your white supremacists like Pat King, and the idea of a fight for freedom is lost.|10159541573678904|Dale Cole|2022-02-02 23:41:11|1|1|10159540050998904|facebook
, nope. You don’t have that power. Deflate your narcissistic white supremacist ego. 🤷🏻‍♂️🙄|10159540509333904|Sylvain Pelletier|2022-02-02 23:41:08|1|1|10159540050998904|facebook
except its not a traditional vaccination without any knowledge of what the longterm affects are - go to the Canadian health website and look for the weekly report on covid vaccine injuries - theyre in the thousands - which is never publicly acknowledged for some reason * why is that ?|10159540188903904|Jill Beach|2022-02-02 23:41:31|1|1|10159540050998904|facebook
So peaceful. Go truckers go. Love you all.|10159540965448904|Mary Fleming Faulkner|2022-02-02 23:41:07|0|0|10159540050998904|facebook
Where do you believe these 26000 drivers with their $10000 licenses will come from?|10159540181903904|Dan Carroll|2022-02-02 23:41:30|1|0|10159540050998904|facebook
Cameron Whitehead The jab is being used to control the border. That is not supported by the science. It used to be in the early days, but not now. The government has violated the charter long enough. Please watch the video. The government is playing Canadian's for fools. The indigenous protestors would have been ignored if they did not block the rail lines. Weren't the traditional chief funded by environmental group who are in turn funded by the elites of the WEF? These truckers are funded by nothing more than the average working class Canadian fighting the blaring violations of charter rights. They appear to be ready to go to jail to fight an unjust law.|10159540596448904|Paul Tunstall|2022-02-02 23:41:22|1|0|10159540050998904|facebook
True Paul, US drivers are getting a few more Canadian runs, and the CTA is calling for 26,000 new drivers - indicating they plan to take the unvaxxed drivers off the roster that carrier's dispatchers get.|10159540162373904|Bill Ferguson|2022-02-02 23:41:30|1|0|10159540050998904|facebook
They are out of step with the vast majority of vaccinated Canadians do I'm just going to nickname them all KAREN!!|10159540500708904|Jeanette Durzi|2022-02-02 23:41:07|0|0|10159540050998904|facebook
plenty of truck drivers aside from the ones at the protest. The country has about 230,000 of them.|10159540096483904|Andrew Lindsey|2022-02-02 23:41:25|1|0|10159540050998904|facebook
"There have been reports that trucking hasn't decreased at all from Canada to the US. This whole thing is really politically motivated, rather than having anything much to do with reality for the trucking industry. Lots of people wanting to cause trouble...over this ""freedumb"" thing....while actually blocking truckers from doing their work and earning money."|10159540155213904|Paul Fornasier|2022-02-02 23:41:30|1|0|10159540050998904|facebook
What are they going to tow all of them with? Takes a Semi to tow a Semi. People are real geniuses aren't they?|10159540575263904|Lori Welch|2022-02-02 23:41:07|0|0|10159540050998904|facebook
SHOULD Be Doing This in Mexico...|10159541136228904|John Honan|2022-02-02 23:41:07|0|0|10159540050998904|facebook
they blocked railways over indigenous rights. Good plan, cut off all food and supplies that will make Canadians support them.|10159540217878904|Ashley Faller|2022-02-02 23:41:31|1|0|10159540050998904|facebook
I understand every heavy tow truck driver has cvd now and can't go out and tow trucks. Oh well.... JT can't show up to work either.|10159540405278904|Peter Van Veggel|2022-02-02 23:41:07|0|0|10159540050998904|facebook
pretty sure the US border has a back up plan Just saying|10159540216958904|Cindy Moynan|2022-02-02 23:41:24|1|0|10159540050998904|facebook
LOL. Give your head a shake. The truck drivers are not heavy wrecker drivers.|10159540092263904|John Currie|2022-02-02 23:41:25|1|0|10159540050998904|facebook
10k is pocket change|10159541505258904|Bonnie Cull|2022-02-02 23:41:30|1|0|10159540050998904|facebook
Thats all cons #NEVERCON|10159541488723904|Bonnie Cull|2022-02-02 23:41:23|1|0|10159540050998904|facebook
- Protesters are delusional dimwits. Protesters protesting against health measures claim that they are defenders of freedom but this is simply not true. The Canadian Charter of Rights and Freedoms guarantees individual rights and freedoms only so long as those rights and freedom does not pose a harm to others. In addition, the Charter allows for the limiting of individual rights and freedoms for the common good. Protesters want a society that gives citizens limitless freedom. However, consider speed limits, smoking bans, drink & driving laws - each of these rules/laws limits freedoms because to not limit speed, smoking and drinking would not be in the common interests of society. The protesters would do away with speed limits, smoking bans, drink & driving laws, vaccine mandates, mask wearing, social distancing, etc. because, as they claim, such rules/laws limit their individual rights and freedoms -- however, society must limit individual rights and freedoms for the common good because without such limitations a society ceases to be a society (could not exist/ function) -- there is no society, either in the past or in the future, that can exist/function without limitiations on individual rights and freedoms because limiting individual rights and freedoms is necessary in the interests of the common good, preventing one person's rights and freedoms from harming another person's rights and freedoms. Hence, protesters protesting health measures, while claiming that they are freedom defenders, are delusional dimwits, ignorant of how limiting rights and freedoms is necessary to the functioning of society.|10159540644053904|Gordon Earle|2022-02-02 23:41:30|1|0|10159540050998904|facebook
It’s already working - no tax for unvaccinated in Quebec and no pass requirements for Saskatchewan. Keep fighting!|10159540277753904|Valia Petrov|2022-02-02 23:41:07|0|0|10159540050998904|facebook
No they won't. Because they will be boycotted layer if they do. Not stupid.|10159540786953904|Henry Pelland|2022-02-02 23:41:24|1|0|10159540050998904|facebook
we have been locked down for two years and thousands lost their businesses; were you complaining then?|10159540497503904|Connie Bruno|2022-02-02 23:41:24|1|0|10159540050998904|facebook
well no one seemed to care in authority when railroads were blocked - and by the way rr's carry goods right from port too - so why the hell should they care about this ? Freedom is not free ..democracy is messy - and its time to shake the tree of confederation - dont like it ? Too bad - THATS the downside to democracy -|10159540201638904|Jill Beach|2022-02-02 23:41:31|1|0|10159540050998904|facebook
yes there is… in Coutts they are swarming, attempting to ram and assaulting RCMP officers|10159541539998904|William Taylor|2022-02-02 23:41:23|1|0|10159540050998904|facebook
Good.|10159540140583904|Matt Foley|2022-02-02 23:41:07|0|0|10159540050998904|facebook
aww buttercup|10159540490548904|Connie Bruno|2022-02-02 23:41:24|1|0|10159540050998904|facebook
not all tow truck drivers are idiots, but some. They'll always follow the money.|10159540293508904|Steve Eaton|2022-02-02 23:41:24|1|0|10159540050998904|facebook
Do your job. There’s laws. Use them.|10159540380673904|Sylvain Pelletier|2022-02-02 23:41:07|0|0|10159540050998904|facebook
it created shortages * it is exactly the same ..except our judiciary seems to be biased about which is worthy of persecution or not - under the criminal code of Canada it is a manditory 25 year life sentence for blockading railroads - we live in a lawless society where judiciary is biased instead of upholding the laws under our constitution -|10159540184623904|Jill Beach|2022-02-02 23:41:31|1|0|10159540050998904|facebook
Military has a whole fleet.|10159540856763904|Peter Cliff|2022-02-02 23:41:24|1|0|10159540050998904|facebook
Sorry ain't going no where|10159540137318904|Theresa Leclair|2022-02-02 23:41:27|1|0|10159540050998904|facebook
terrorist intent??? Far as I know we had 70 kilometers of Trucker Convoy protesting the Mandate......an d a few hijackers. Show me the terrorist or terrorist intent.|10159540569668904|Ken Knight|2022-02-02 23:41:29|1|0|10159540050998904|facebook
We note Quebec called for emergency shipments of heating fuel due to the rail blockade. Could you point us to a similar circumstance today?|10159540097948904|Dan Carroll|2022-02-02 23:41:25|1|0|10159540050998904|facebook
replying to Randy|10159540174163904|Terry Howatt|2022-02-02 23:41:26|1|0|10159540050998904|facebook
either are the people who organized the #FreeDumbConvoy in the trucking industry. 😄|10159540345878904|Wally H Salamanchuk|2022-02-02 23:41:26|1|0|10159540050998904|facebook
there are not a lot of tow trucks capable of towing these trucks. The smaller trucks do not have an air system to release the spring brakes. They rely on each other, break the trust.....|10159540453533904|Randy Mcleod|2022-02-02 23:41:26|1|0|10159540050998904|facebook
military is federal control, there is already growing support for western separation, that would only inflame tensions. Had Justin met with them virtually, Heard there voices, it would have gone a long way to settle things down. Some times you need to loose the battle to win the war. Do not forget the American truckers are sympathetic.|10159541463143904|Randy Mcleod|2022-02-02 23:41:26|1|0|10159540050998904|facebook
RCMP Starting to ARREST participants and impound vehicles. Hopefully, these Hostage Takers will never see those vehicles again. They shouldn't be on the road, anyway. Mental cases behind the wheel are never a good thing.|10159540312668904|Bruce Marshall|2022-02-02 23:41:07|0|0|10159540050998904|facebook
Brings me so much joy. Couldn't happen to a more deserving bunch. #LOCKTHEMUP|10159541498218904|Bonnie Cull|2022-02-02 23:41:27|1|0|10159540050998904|facebook
... and in case you haven't seen the news in the last hour Dan, the RCMP (in numbers) is moving in right now and strongly recommending people move out - and many are.|10159540332313904|Bill Ferguson|2022-02-02 23:41:27|1|0|10159540050998904|facebook
Um .... children aren't abandoned if their with their parents Dan ... you could look that up.|10159540234553904|Bill Ferguson|2022-02-02 23:41:27|1|0|10159540050998904|facebook
Only a few in Alberta are the only only whining about separating. There is no sense in trying to reason with a bunch of trumpsters waving flags and there is nothing stopping us throwing American truckers in jail if they choose to break our laws.|10159541709158904|Peter Cliff|2022-02-02 23:41:26|1|0|10159540050998904|facebook
Looking forward to the arrests! Lock them up! Lock them up!|10159540752073904|Matty Mac|2022-02-02 23:41:07|0|0|10159540050998904|facebook
Cameron Whitehead Trudeau is blocking the border based on a jab coerced on the population without informed consent. He is blocking the true data from getting out. I recommend that you a least look at the evidence. This is not just another protein vaccine. The border should not be controlled based on this jab.  People need to get informed! Change the y to u in the following link: https:// rymble.com/ vqx3kb-the-pfize r-inoculations- do-more-harm-th an-good.html|10159540554328904|Paul Tunstall|2022-02-02 23:41:22|1|0|10159540050998904|facebook
Protests are fine, if you have a permit. Been there done that. They are currently breaking the law and people are getting impatient. I empathize with the people of downtown Ottawa who are losing sleep due to the noise. Inconsiderate does not get support.|10159540458658904|Carol Haneberry|2022-02-02 23:41:07|0|0|10159540050998904|facebook
Could you provide evidence of this claim? Surely there's police and cps reports if there's been children abandoned.|10159540180578904|Dan Carroll|2022-02-02 23:41:27|1|0|10159540050998904|facebook
Word is Western Convoy trucks and drivers have been abandoned on the Sir John A - no food, fuel, or porta-potties - several have little kids with them. That Tamara woman with the cheque book has been MIA since Sunday at least.|10159540152168904|Bill Ferguson|2022-02-02 23:41:07|0|0|10159540050998904|facebook
Thanks for the laugh. Edna|10159541691418904|Bill Davis|2022-02-02 23:41:27|1|0|10159540050998904|facebook
Looks like some cheap truck parts will be at the police auction this summer.|10159540216323904|Jason Godin|2022-02-02 23:41:07|0|0|10159540050998904|facebook
then why does the majority of people have the vaccine? Why is this such a small protest?|10159540178773904|Brandon Potter|2022-02-02 23:41:27|1|0|10159540050998904|facebook
there was one party last election that ran on a no-mandate platform. They got slightly under 5 percent of the vote...|10159540152733904|Alex Hartwig|2022-02-02 23:41:27|1|0|10159540050998904|facebook
Nope not yet|10159540136563904|Theresa Leclair|2022-02-02 23:41:27|1|0|10159540050998904|facebook
same deal and same lack of concern. It's business to them. And I guess the truckers we're seeing at the protest have the luxury of not needing to conduct business at this time.|10159540140993904|Andrew Lindsey|2022-02-02 23:41:26|1|0|10159540050998904|facebook
I’d support arrests. This isn’t part of free speech, it’s terrorism.|10159540199313904|Steve Eaton|2022-02-02 23:41:07|0|0|10159540050998904|facebook
Protesting is a legal right as long as peaceful, stay strong we need this Canada needs this freedom convoy for canadians freedoms|10159540792663904|John Norbert|2022-02-02 23:41:07|0|0|10159540050998904|facebook
Right now I have to be your Google okay give me a minute|10159540136053904|Patrick Nowlan|2022-02-02 23:41:25|1|0|10159540050998904|facebook
Andrew, why aren't they hopping in tow trucks to move this minority at the border?|10159540099398904|Dan Carroll|2022-02-02 23:41:25|1|0|10159540050998904|facebook
good luck with that. How much is Ottawa willing to spend on lawyers?|10159540306393904|George Thorburn|2022-02-02 23:41:29|1|0|10159540050998904|facebook
https:// www.narcity.com/ toronto/ opp-says-freedom -convoy-is-maki ng-it-hard-for- first-responder s-to-get-to-cal ls-video|10159540107773904|Ashley Faller|2022-02-02 23:41:25|1|0|10159540050998904|facebook
Yeah...thats the city failing to be prepared, once again, for anything.|10159540111018904|Dan Carroll|2022-02-02 23:41:25|1|0|10159540050998904|facebook
could you reference reports as to how the entire country came to a standstill? I seem to have missed that.|10159540126298904|Andrew Lindsey|2022-02-02 23:41:25|1|0|10159540050998904|facebook
what's even weirder is that these truckers don't realize that the US also has a vaccine mandate for truckers entering.|10159540128808904|Andrew Lindsey|2022-02-02 23:41:25|1|0|10159540050998904|facebook
Andrew, the weird thing is the Americans are protesting too and its working.|10159540132903904|Dan Carroll|2022-02-02 23:41:25|1|0|10159540050998904|facebook
You appear to be arguing that protests are pointless when there's a law in place? Are you sure you understand what a protest is?|10159540135298904|Dan Carroll|2022-02-02 23:41:25|1|0|10159540050998904|facebook
https:// www-theglobeandm ail-com.cdn.amp project.org/v/ s/ www.theglobeandm ail.com/amp/ business/ article-impact-o f-rail-blockade s-starts-to-dam age-canadian-bu sinesses/ ?amp_js_v=a6&amp _gsa=1&usqp=mq3 31AQKKAFQArABII ACAw%3D%3D#aoh= 16437443362866& amp_ct=16437443 62740&referrer= https%3A%2F%2Fw ww.google.com&a mp_tf=From%20%2 51%24s&ampshare =https%3A%2F%2F www.theglobeand mail.com%2Fbusi ness%2Farticle- impact-of-rail- blockades-start s-to-damage-can adian-businesse s%2F|10159540138998904|Patrick Nowlan|2022-02-02 23:41:25|1|0|10159540050998904|facebook
"Protests are protected and there is no limit to how long they ""are supposed to go on for"" any cop that interferes is breaking their oath and the charter!"|10159540139598904|Bradley Greening|2022-02-02 23:41:07|0|0|10159540050998904|facebook
- because the big ol' bad world is stacked against right wing terrorists, like the ones who assaulted Ottawa?|10159540137108904|Bruce Marshall|2022-02-02 23:41:29|1|0|10159540050998904|facebook
"so, 'concerns' but predictions that ""the blockades’ overall impact is likely to be muted."" After the third week. Let's see how well this current protest is doing after three weeks."|10159540152368904|Andrew Lindsey|2022-02-02 23:41:25|1|0|10159540050998904|facebook
https:// financialpost.co m/news/economy/ critical-propane -shortage-in-qu ebec-forces-com panies-to-ratio n-supplies|10159540184028904|Dan Carroll|2022-02-02 23:41:25|1|0|10159540050998904|facebook
All tow truck companies have Covid, they are in quarantine|10159540453238904|Coleen Mclean|2022-02-02 23:41:07|0|0|10159540050998904|facebook
"I'm sure they're just as concerned as when they tow a car. ""Uh oh! If I tow this car I'll never get another call from a car driver. . ."""|10159540087838904|Andrew Lindsey|2022-02-02 23:41:26|1|0|10159540050998904|facebook
Do you really know, 'bright'?|10159540104548904|John Currie|2022-02-02 23:41:26|1|0|10159540050998904|facebook
well fill us in, please provide the link to the Charter of Rights that states what the time limit is to a protest. I'm sure 75% of Canadians want to know!👍|10159540165993904|Ken Baird|2022-02-02 23:41:28|1|0|10159540050998904|facebook
no worries, they only represent 10% of the truckers so there will be plenty of business for them.|10159540119033904|Jan Vallillee|2022-02-02 23:41:26|1|0|10159540050998904|facebook
Cameron Whitehead All laws have to be able to survive a charter challenge. All actions have to survive a charter challenge. Isn't the charter of rights and freedoms being violated by the governments of this country? Infringements are to be exceptional and justified using reason. This has gone on for almost 2 years without true accountability to the science. The science is showing more and more the injustice of the mandates. With their present standards as to what justifies an emergency, how did we ever have freedom in the past? Influenza has been roughly an equivalent killer for hundreds and thousands of years.|10159540567598904|Paul Tunstall|2022-02-02 23:41:22|1|0|10159540050998904|facebook
No sense trying to reason with a bunch of trumpsters.|10159540859978904|Peter Cliff|2022-02-02 23:41:18|1|0|10159540050998904|facebook
Cameron Whitehead When the government is deliberately blocking the actual science and true debate, it has gone too far. When did the government block extinction rebellion apologetics?|10159540543083904|Paul Tunstall|2022-02-02 23:41:22|1|0|10159540050998904|facebook
Except he isn't right|10159540396923904|Lucius Cincinnatus|2022-02-02 23:41:14|1|0|10159540050998904|facebook
as a far right disciple did you watch, enjoy and learn from the Jan 6, 2021 Washington inserection?|10159541547693904|Dana McConkey|2022-02-02 23:41:11|1|0|10159540050998904|facebook
sure do you. Nice texting with you|10159542229308904|Chris Urban|2022-02-02 23:41:12|1|0|10159540050998904|facebook
Nuremberg ring a bell?|10159540367818904|Paul Tunstall|2022-02-02 23:41:12|1|0|10159540050998904|facebook
Your tampons will eventually arrive! 😂😂🖕|10159540500758904|William R Hurl|2022-02-02 23:41:12|1|0|10159540050998904|facebook
Yup, poor racist, sexist, truckers—living in a society, with other people, and rules, and all those pesky laws. So, so, sad.|10159541524743904|La Kha|2022-02-02 23:41:12|1|0|10159540050998904|facebook
And they then don't understand The Charter|10159540392278904|Janice Kirkeby|2022-02-02 23:41:13|1|0|10159540050998904|facebook
telling yourself that over and over won't make it happen|10159540477743904|Connie Bruno|2022-02-02 23:41:13|1|0|10159540050998904|facebook
😂🖕|10159540497828904|William R Hurl|2022-02-02 23:41:13|1|0|10159540050998904|facebook
Revoke their class 1 liscences|10159540828953904|Rich Richardson|2022-02-02 23:41:13|1|0|10159540050998904|facebook
They should be on the terrorist list by now.|10159540849803904|Peter Cliff|2022-02-02 23:41:13|1|0|10159540050998904|facebook
Anti vaxers belong in jail #LOCKTHEMUP|10159541484588904|Bonnie Cull|2022-02-02 23:41:13|1|0|10159540050998904|facebook
oh, I like that colour!|10159541540143904|Brandon Bartlett|2022-02-02 23:41:13|1|0|10159540050998904|facebook
, many of the fringe voted for him. They just don't like that even Kenney had to acknowledge that the pandemic couldn't be allowed to run free without any attempts at mitigation. Even a very broken clock is right twice a day...|10159540295483904|Colin Spencely|2022-02-02 23:41:14|1|0|10159540050998904|facebook
why no army ,swat ,snipers,or tear gas yet eh?|10159540974683904|Rene Genaille|2022-02-02 23:41:14|1|0|10159540050998904|facebook
well you probably don’t work anyways so why try explaining to you how it works|10159540821178904|Mark A Dmyterko|2022-02-02 23:41:11|1|0|10159540050998904|facebook
The far right can get away with anything #LOCKTHEMUP|10159541485493904|Bonnie Cull|2022-02-02 23:41:14|1|0|10159540050998904|facebook
"talk about bizarre!! That is a bizarre comparison... but if you want to go with that ... than yea... you made the choice to ""get shanked"" didn't you!! You had a choice to give up your wallet and you chose not to... knowing full well what the consequences would be. So as I said... you live or die by your choices don't you. These folks ... IF they should get sick... will rush to the hospital right.... they will then get FILLED with all kinds of drugs that they won't know what's in them... because they want to get well. BUT yet they are refusing a vaccine that has been proven to prevent severe illness an hospitalization in healthy individuals ... but they have chosen to take their chances with the virus... so yea .. they made a choice. No vaccine ... no public access to many places..... WHY should those of us who took the vaccine have to tolerate their selfish behaviour. I say well done for any govt. Federal or Provincial... for taking care of all citizens."|10159540188488904|Gloria Dawe Bruce|2022-02-02 23:41:15|1|0|10159540050998904|facebook
the air is never completely clean.|10159540201523904|Sean Horne|2022-02-02 23:41:15|1|0|10159540050998904|facebook
agree|10159540214513904|Maria Barnes|2022-02-02 23:41:15|1|0|10159540050998904|facebook
no one is coming after your free will. Reciprocation would be appreciated. 🙂|10159540261763904|Andrew Dominowski|2022-02-02 23:41:15|1|0|10159540050998904|facebook
🤦‍♂️|10159540261878904|Andrew Dominowski|2022-02-02 23:41:15|1|0|10159540050998904|facebook
"yes, u r right, the same right as nazi sympathizers in 1939 telling all to join nazi party or if not, the ""wrong choosers"" will be penalized by sending them to labor camps. the nazi sympathizers were claiming exactly the same: ""We all live together in this country and we need to do everything we can go to protect each other from non-confirming"" . open ur eyes."|10159540282638904|Robert Mielnik|2022-02-02 23:41:15|1|0|10159540050998904|facebook
, their real motive is the removal of the government if you've been paying attention. This is just a more Canadian version of the US insurrection attempt. #ivermectininsur rection|10159540296813904|Colin Spencely|2022-02-02 23:41:15|1|0|10159540050998904|facebook
...what's wrong with being in charge with our own bodies? Is it the work or social activities like restaurants so on that your b*thing about not having?|10159540315128904|Brenda Turcotte|2022-02-02 23:41:15|1|0|10159540050998904|facebook
"sit down"" ..you have no critical thinking skills"|10159540408908904|Darlene Brooks|2022-02-02 23:41:15|1|0|10159540050998904|facebook
give it up they come from the top|10159540483458904|Connie Bruno|2022-02-02 23:41:15|1|0|10159540050998904|facebook
🖕😂|10159540497343904|William R Hurl|2022-02-02 23:41:15|1|0|10159540050998904|facebook
Nonsense. At least do some basic research before commenting.🙄  https:// laws-lois.justic e.gc.ca/eng/ const/ page-12.html|10159540502703904|Bruce Irwin|2022-02-02 23:41:15|1|0|10159540050998904|facebook
Sure why not everybody else is interested as well except for lefties like you|10159541541118904|Chris Urban|2022-02-02 23:41:11|1|0|10159540050998904|facebook
She is off dreaming of how to spend all that money and how much of it she will need to run as a separate Alberta from Canada candidate in Alberta.|10159540815928904|Mary Jo Welch|2022-02-02 23:41:11|1|0|10159540050998904|facebook
When the needs of the many outweigh the views of a few!|10159540354733904|Cyril Wayne Delorey|2022-02-02 23:41:06|0|0|10159540050998904|facebook
it does so long as you have a brain with enough cells to see what the liberals are doing to Canada and canadians freedoms but then again ur probably just another liberal troll|10159541522583904|John Norbert|2022-02-02 23:41:09|1|0|10159540050998904|facebook
- the government, the nebulous “big tech” and “media”, are censoring and withholding data.  My my, that is an extraordinary claim.  I presume you have equally extraordinary evidence to back it up.|10159540406768904|Hawz Pton|2022-02-02 23:41:08|1|0|10159540050998904|facebook
NO!|10159540464868904|Paul Phillips|2022-02-02 23:41:08|1|0|10159540050998904|facebook
The definition of vaccine has been changed. Are these traditional protein based vaccine or something different? Don't they do more harm than good? https:// rymble.com/ vqx3kb-the-pfize r-inoculations- do-more-harm-th an-good.html (change the y to a u)|10159540469453904|Paul Tunstall|2022-02-02 23:41:08|1|0|10159540050998904|facebook
Did you take a jab voluntarily or were you coerced without informed consent? Has Pfizer given you all information that you needed to make a decision? Didn't they ask to have their reports on safety hidden until 2075? Here is a summary of the information available (change the one y to a u). https:// rymble.com/ vqx3kb-the-pfize r-inoculations- do-more-harm-th an-good.html|10159540477598904|Paul Tunstall|2022-02-02 23:41:08|1|0|10159540050998904|facebook
Why have we ever had charter rights? Doesn't Influenza have arguably the equivalent infection fatality rate? Hasn't it killed more young people? Didn't more young people start to die after taking the jab?|10159540486438904|Paul Tunstall|2022-02-02 23:41:08|1|0|10159540050998904|facebook
Waiting for some tampons from Amazon? 😂😂😂|10159540491718904|William R Hurl|2022-02-02 23:41:08|1|0|10159540050998904|facebook
Clearly! No you’re not upset at all! 😂😂😂🖕|10159540512973904|William R Hurl|2022-02-02 23:41:08|1|0|10159540050998904|facebook
or you can stay in lock down for another 2 to 10 years|10159540558878904|Zlati Georgiev|2022-02-02 23:41:08|1|0|10159540050998904|facebook
We could go over the data, but it would take too long and FB would never let me articulate the facts. Aren't they part of the agenda of censorship?|10159540603718904|Paul Tunstall|2022-02-02 23:41:08|1|0|10159540050998904|facebook
You have some good points there. I have not seen convoys to Ottawa protesting smoking bans or speed limits. I believe that is because even smokers, or people with a lead foot realize that those choices they made for themselves can harm others. In this case, there has been too much indecisiveness by the leaders. Too much changing the rules. The death rates in all countries have not changed in the past few years from the norm.  I think if this virus had a 20% Death rate or even 15% you would not have the blow back that we are seeing now. I pray we never have to face that. Another thing worries me is that if or when society faces a high death rate virus , there will be many that doubt it . They have cried wolf too many times now 😞|10159540661553904|Colleen Sigurdson|2022-02-02 23:41:09|1|0|10159540050998904|facebook
LOL. The reason and necessity has been proven a thousand times over, regardless of how you've opted to self-identify with it.|10159540798923904|Jason Godin|2022-02-02 23:41:09|1|0|10159540050998904|facebook
stupid comment|10159540862853904|Paderick Rose|2022-02-02 23:41:09|1|0|10159540050998904|facebook
They arent very bright lol|10159541483578904|Bonnie Cull|2022-02-02 23:41:09|1|0|10159540050998904|facebook
https:// www.nationalrevi ew.com/corner/ johns-hopkins-an alysis-lockdown s-should-be-rej ected-out-of-ha nd/|10159541793098904|Deep Woods|2022-02-02 23:41:09|1|0|10159540050998904|facebook
absolutely. I don’t believe you follow|10159540659333904|Steve Cobblehoff|2022-02-02 23:41:11|1|0|10159540050998904|facebook
https:// www.zerohedge.co m/covid-19/ lockdowns-impose d-enormous-econ omic-social-cos ts-had-little-n o-public-health -effects-new|10159541793753904|Deep Woods|2022-02-02 23:41:09|1|0|10159540050998904|facebook
https:// www.aier.org/ article/ masking-children -tragic-unscien tific-and-damag ing/|10159541794233904|Deep Woods|2022-02-02 23:41:09|1|0|10159540050998904|facebook
I bet many of those trucks are not paid for.|10159540104988904|Margaret Eisler|2022-02-02 23:41:06|0|0|10159540050998904|facebook
Mark Howard Go 🐟🐟🐟🐟|10159540783823904|Henry Pelland|2022-02-02 23:41:09|1|0|10159540050998904|facebook
I would be getting a hefty fine if I block a back alley. So why can they get away with just waving and thank-you officer kind of gestures after all the fact? RCMP should make sure each offenses at the border are being treated as such and make sure that the justice is being served. Just saying.|10159540350863904|Lego Boom|2022-02-02 23:41:06|0|0|10159540050998904|facebook
Good. They can continue to make their point, if they wish, while adhering to the law. They shouldn't expect to get a pass if they continue to break it.|10159540092648904|Jeff Hamacher|2022-02-02 23:41:06|0|0|10159540050998904|facebook
just like the rail blockades... Oh wait those weren't peaceful|10159540291933904|Eric Juzwishyn|2022-02-02 23:41:10|1|0|10159540050998904|facebook
Saskatchewan just dropped all restriction passports|10159540292003904|Hendrickson Keith|2022-02-02 23:41:10|1|0|10159540050998904|facebook
right! If our government would have released alternative medication , was proven to work for a year.. could have avoided a lot. But all mighty vaccine , greed selfishness . Not just society|10159540314443904|Hendrickson Keith|2022-02-02 23:41:10|1|0|10159540050998904|facebook
good points|10159540384848904|Craig Sandford|2022-02-02 23:41:10|1|0|10159540050998904|facebook
Otoole , I stuck my neck out for that guy and he chopped it off lol|10159540399478904|Hendrickson Keith|2022-02-02 23:41:11|1|0|10159540050998904|facebook
-- All unlawful behaviour should be met with equally applied enforcement ... in theory. In practice, it rarely works out that way and for a variety of reasons tactical or political.|10159540440328904|Jeff Hamacher|2022-02-02 23:41:11|1|0|10159540050998904|facebook
yes do you?|10159540573828904|Chris Urban|2022-02-02 23:41:11|1|0|10159540050998904|facebook
Exactly the same issue. Rights are rights no matter who's rights they are The one thing they both have in common is this government stepping on them. Solidarity|10159541473253904|Aaron Chusing|2022-02-02 23:41:15|1|0|10159540050998904|facebook
Not only are the majority of truckers working, the majority of Canadians aren't supporting these truckers who are disrupting the lives of their fellow Canadians. Their antics in Ottawa were a PR nightmare and what little support they had quickly evaporated. Conservative politicians and premiers are falling over themselves to condemn their actions and tactics .|10159540403823904|Debra Yundt|2022-02-02 23:41:16|1|0|10159540050998904|facebook
Cameron Whitehead Martin Luther King had once remarked, “An individual who breaks a law that conscience tells him is unjust, and who willingly accepts the penalty of imprisonment in order to arouse the conscience of the community over its injustice, is in reality expressing the highest respect for the law.”|10159540535693904|Paul Tunstall|2022-02-02 23:41:22|1|0|10159540050998904|facebook
she already said he didn't.|10159540550928904|Brian David Lupton|2022-02-02 23:41:21|1|0|10159540050998904|facebook
you mean the canadians actually standing up for there freedoms instead of the ones kneeling down to tranny ...gotcha! Freedom Convoy 2022|10159540414308904|Darlene Brooks|2022-02-02 23:41:19|1|0|10159540050998904|facebook
"Dr Amanda and Dr Cindy have left the hospital and are now bringing lunch to those nice truckers How very kind of them LOL It's nice to see you practice what you preach doctor Amanda!! ""Be Kind"" 🤣"|10159540599488904|Patrick Nowlan|2022-02-02 23:41:19|1|0|10159540050998904|facebook
This is about human Autonomy. Our most precious asset to choose in an informed and responsible manner. Be careful what you choose now.|10159540397493904|Darlene Dove|2022-02-02 23:41:06|0|0|10159540050998904|facebook
It may be the 2 years that I have listened and followed the rules, but I am sickened to see this happening. I feel kinda radical today. Lets get the military to remove them from Ottawa and also from Alberta. End of. Trump is stirring the pot, I think. We should not have to just sit back and wait for these people to go away, because they are prepared to be there for a long tim.|10159542062783904|Judy Sayeau|2022-02-02 23:41:06|0|0|10159540050998904|facebook
Let's do it, in chronological order though, governants first, then the rest.|10159540240718904|Kris Kris|2022-02-02 23:41:20|1|0|10159540050998904|facebook
Trudeau is the master of economic sabotage!! Point your blame where it belongs.|10159540338933904|Andy Voros|2022-02-02 23:41:20|1|0|10159540050998904|facebook
same should be done to anyone requiring someone be Vaxed in order to keep their jobs or cross a border.|10159540386528904|Brandon Bartlett|2022-02-02 23:41:20|1|0|10159540050998904|facebook
why havnt you charged your PM for destroying ppls businesses ??|10159540411723904|Darlene Brooks|2022-02-02 23:41:20|1|0|10159540050998904|facebook
Would you have the indigenous people who do the same charged ,who are fighting for their freedom when they do the same?|10159540457873904|Aaron Chusing|2022-02-02 23:41:20|1|0|10159540050998904|facebook
Good luck with that. Both groups Have Had their rights stepped on. Because the offender is the government who enforces the law doesn't make it right. That's why we are here today Trudeau should be the one up on charges.|10159540852318904|Aaron Chusing|2022-02-02 23:41:20|1|0|10159540050998904|facebook
You'd think CISIS would have their plate numbers and added them to their terrorist list by now.|10159540855428904|Peter Cliff|2022-02-02 23:41:20|1|0|10159540050998904|facebook
Start towing or the shelves will really be bare|10159540536053904|Andruchiw Andy|2022-02-02 23:41:06|0|0|10159540050998904|facebook
yeah ok!|10159540381908904|Brandon Bartlett|2022-02-02 23:41:21|1|0|10159540050998904|facebook
for what describe|10159540864493904|Paderick Rose|2022-02-02 23:41:21|1|0|10159540050998904|facebook
Truckers didn't take food from homeless shelters unvaccinated people did .why don't you get the story straight and why don't you go hug a truck driver while they deliver your food how ungrateful are you? Weren't you calling them heroes not a year ago? I guess whatever Trudeau thinks you think, that's really interesting Check your narcissism Amanda and Cindy Is it lost on you both that you're the only two people here defending the most divisive racist prime minister in history? Perhaps maybe you guys should go paint your faces black and walk around in support of him, I guess you just think you're so Superior 🤣 Nut jobs indeed. I guess hypocrisy is misunderstood with the both of you? I would think when your hero's a bully and a coward . You both are no different than Trump supporters😉|10159540360288904|Patrick Nowlan|2022-02-02 23:41:19|1|0|10159540050998904|facebook
Not much of an argument I'm afraid.|10159541473658904|Dale Cole|2022-02-02 23:41:21|1|0|10159540050998904|facebook
you need to find another news source. The current one make you look foolish.|10159541530438904|Steve Eaton|2022-02-02 23:41:21|1|0|10159540050998904|facebook
Globe spreading fear mongering hate again.|10159540095278904|Shannon Fox|2022-02-02 23:41:06|0|0|10159540050998904|facebook
. move them out and move them on . enough is enough . open the border . arrest the tuck #nutbars if required .|10159540450443904|Rob Taylor|2022-02-02 23:41:06|0|0|10159540050998904|facebook
Let's go! I read this article 8 hours ago!|10159540080573904|Lynda Morris|2022-02-02 23:41:06|0|0|10159540050998904|facebook
More fake news|10159540296948904|Lloyd A Burton|2022-02-02 23:41:06|0|0|10159540050998904|facebook
Good old T 34 from former times of Canadian/ American-Soviet- Russian friendship might help ...|10159540169898904|Jan Behrend|2022-02-02 23:41:06|0|0|10159540050998904|facebook
Time to move on truckers, you have made your point.|10159540258923904|Elaine Nystrom|2022-02-02 23:41:06|0|0|10159540050998904|facebook
Holding our country hostage.You can't get away with that.Get vaxxed.Drive domestic or find another profession.|10159540297573904|Mark McKaig|2022-02-02 23:41:06|0|0|10159540050998904|facebook
I guess the RCMP better bring in their own equipment. I doubt other drivers will be willing to touch any of the truck.  Too bad Trudeau didn’t close borders as requested by medical experts in Dec2019 before Covid entered Canada.|10159542266533904|Nancy Howard|2022-02-02 23:41:06|0|0|10159540050998904|facebook
In defence of our charter rights, that have violated for the last year or two.|10159540370173904|Paul Tunstall|2022-02-02 23:41:22|1|0|10159540050998904|facebook
Cameron Whitehead The government never started to remove the rail blockades in Alberta. It started with the people.|10159540507938904|Paul Tunstall|2022-02-02 23:41:22|1|0|10159540050998904|facebook
Cameron Whitehead Was Gandhi justified to break the British laws to free India from the tyranny? What would have happened to India if he hadn't?|10159540531183904|Paul Tunstall|2022-02-02 23:41:22|1|0|10159540050998904|facebook
your talking about Trudeau right?|10159540387233904|Brandon Bartlett|2022-02-02 23:41:19|1|0|10159540050998904|facebook
Right. And Andy Scheer and Erin O'Toole would have been great leaders!|10159540307803904|Steve Eaton|2022-02-02 23:41:19|1|0|10159540050998904|facebook
Saving our freedoms. A small fringe minority dictating to and attempting to extort the majority, Honey, that ain't freedom, that's tyranny. smh.|10159540504988904|Debra Yundt|2022-02-02 23:41:16|1|0|10159540050998904|facebook
Aight.|10159540700773904|Krista MacLeod|2022-02-02 23:41:18|1|0|10159540050998904|facebook
Could have fooled me.|10159540509618904|Debra Yundt|2022-02-02 23:41:16|1|0|10159540050998904|facebook
sure you are sweetie 🤣🤣🤣 you are doing it right now 🤣🤣🤣|10159540522728904|Thomas Burnside|2022-02-02 23:41:16|1|0|10159540050998904|facebook
good its a protest thats trying to force there rights on people. I tough thats wat they were protesting getting something forced on them. Move on dont get vacancyed its your right. But your right doesn't affect my rights|10159540599143904|Scott Butler|2022-02-02 23:41:16|1|0|10159540050998904|facebook
🤣 the tow trucks are refusing to help the rcmp 🇨🇦|10159540803368904|Mark A Dmyterko|2022-02-02 23:41:16|1|0|10159540050998904|facebook
Curious to know why RCMP/ Governments acted on this so quickly and yet they allowed First Nations to block a major railway for months|10159540251253904|Rob Carter|2022-02-02 23:41:06|0|0|10159540050998904|facebook
After the first nations blockade we passed bill 1, time to put it to use.|10159540831793904|Rich Richardson|2022-02-02 23:41:17|1|0|10159540050998904|facebook
Throwing burning items onto the rail tracks is legit?|10159541589893904|Rob Carter|2022-02-02 23:41:17|1|0|10159540050998904|facebook
Lovepreet Singh said he arrived in Edmonton on Tuesday after waiting in Montana with 150 other trucks and a full load of fruit and vegetables for more than two days.  Singh said it was a frustrating wait that put the health of some truckers at risk  Really sounds like they’re ‘fighting’ for truckers freedoms..|10159540441753904|Tia Mason|2022-02-02 23:41:06|0|0|10159540050998904|facebook
I think at this point they need to shift gears and see if any of the other party leaders will have a discussion with them. Trudeau may be Prime Minister but he’s acting like a petulant child. They need to see if any of the other leaders will at least sit and listen to their voices. More than one way to skin a cat.|10159540201313904|Krista MacLeod|2022-02-02 23:41:18|1|0|10159540050998904|facebook
Yeah Bill screw those protesters I remember you said the same thing two years ago about protesters screw them good stuff brother|10159540358583904|Patrick Nowlan|2022-02-02 23:41:18|1|0|10159540050998904|facebook
They’re not asking for that. They’re asking to be heard. Lots of indigenous flags flying .|10159540529343904|Krista MacLeod|2022-02-02 23:41:18|1|0|10159540050998904|facebook
|10159540531483904|Krista MacLeod|2022-02-02 23:41:18|1|0|10159540050998904|facebook
Bill doesn't notice those First Nation flags he is still concerned about that one lone agitator walking around with a cameraman and a Confederate flag , However as someone with common sense would notice. Not one person there knew him or hugged him. As the video shows they were telling him off but that's not good enough for guys like Bill because he's so warmed up in his own ideology and love of Trudeau to even care about the facts and reality How extremely sad Bill you should write an article about protests and behavior|10159540603988904|Patrick Nowlan|2022-02-02 23:41:18|1|0|10159540050998904|facebook
Trudeau needs to talk to the truckers. Or one.|10159540701748904|Krista MacLeod|2022-02-02 23:41:18|1|0|10159540050998904|facebook
you just contradicted yourself.|10159540306573904|Cindy Moynan|2022-02-02 23:41:19|1|0|10159540050998904|facebook
|10159540702978904|Krista MacLeod|2022-02-02 23:41:18|1|0|10159540050998904|facebook
🇨🇦 🇨🇦 🇨🇦|10159540705003904|Krista MacLeod|2022-02-02 23:41:18|1|0|10159540050998904|facebook
Lots of reason for him to listen.  🦙|10159540709403904|Krista MacLeod|2022-02-02 23:41:18|1|0|10159540050998904|facebook
that's an opinion|10159540781413904|Jennifer Lowe|2022-02-02 23:41:18|1|0|10159540050998904|facebook
A bunch of trumpsters says Peter cliff who looks down on people with different opinions. Tell us Peter how can you vote for a man who pranced around in black face and then call yourself not racist or even better call Trump racist LOL Check your narcissism sir. The Trump things kind of old now considering you voted for blackface a white privileged prime minister who dressed up as a black person . Think about that sir. You have no credibility whatsoever ☺️ Enjoy your evening in denial Are you watching Al Jolson movies? 🤣|10159540890283904|Patrick Nowlan|2022-02-02 23:41:18|1|0|10159540050998904|facebook
We dont negotiate with terrorists #LOCKTHEMUP|10159541490638904|Bonnie Cull|2022-02-02 23:41:18|1|0|10159540050998904|facebook
We don't negotiate with terrorists #LOCKTHEMUP|10159541491333904|Bonnie Cull|2022-02-02 23:41:18|1|0|10159540050998904|facebook
These truckers are acting like children not our beautiful PM #LOCKTHEMUP|10159541491723904|Bonnie Cull|2022-02-02 23:41:18|1|0|10159540050998904|facebook
We dont negotiate with terrorists #LOCKTHEMUP|10159541492248904|Bonnie Cull|2022-02-02 23:41:18|1|0|10159540050998904|facebook
Excellent. Now do the same in Ottawa.|10159540178683904|Todd Keough|2022-02-02 23:41:06|0|0|10159540050998904|facebook
Good,big fine and arrests that may work.|10159540192153904|Carlos Delgado|2022-02-02 23:41:06|0|0|10159540050998904|facebook
I know eh. Leave them alone They are fighting for our Freedom.|10159540138798904|Theresa Leclair|2022-02-02 23:41:19|1|0|10159540050998904|facebook
nice photo of the angel above the trucks you 🤡 cheesiest thing ive ever seen.|10159540156573904|Amanda Rae|2022-02-02 23:41:19|1|0|10159540050998904|facebook
Looking forward to the arrests! Lock them up! Lock them up!|10159540753038904|Matty Mac|2022-02-02 23:41:07|0|0|10159540050998904|facebook
