﻿comment|comment_ids|username|datetime|isreply|num_replies|post_id|label
And the media wants it to turn violent to sell news. KEEP IT PEACEFUL show them truckers are amazing and caring.|10159534852958904|Cheryl Parliament|2022-02-02 20:58:39|0|6|10159534783068904|facebook
it's literally words out of one of the horse's mouth, that he's doubled down on since. Unless we shouldn't be believing word from one of the literal organizers?|10159534913023904|Kevin Edward-Sage Beck|2022-02-02 20:58:47|1|5|10159534783068904|facebook
It's not just about truckers. It’s the cancelled surgery’s. It’s the family and friends we haven’t been allowed to see. The elderly parents passing away alone. It’s the funerals of loved ones we haven’t been allowed to attend, and the limit to how many can celebrate their death or even attend at all. It’s the kids cancelled birthday parties. The 2+ year olds that have never had a birthday party yet, nor attended one. It’s the sharp decline in mental health. Because the worst thing for depression is being lonely. It’s the cancelled vacations, work trips, festivals, concerts, parties, reunions, and weddings. It’s telling us how many people are allowed to attend our weddings. It’s masking our children while they sit in class, run during gym, and play outside. It’s having to choose between a vaccine that’s given your neighbour heart problems, or your mother Bell’s Palsy or losing your job. It’s our health care workers, our hero’s, losing their jobs. Our public servants losing their jobs. It’s the parents that have been forced to leave work to homeschooling their kids. It’s missing work and defaulting on mortgages and bills. It’s creating it to be so easy to choose to stay home instead of work and being rewarded with “free” money. It’s that money, that “free” money that we’re all going to have to pay back through taxes eventually. It’s the isolation, the separation. It’s telling us how many can come over for Christmas. It’s the hours spent listening to our government officials dictate every inch of our lives. It’s the fear mongering that’s been instilled upon us by our leaders and every single news outlet. It’s the vacationers that have been stranded on cruise ships, resorts and in airports. It’s been the excuse for nearly every single business to jack it’s prices up, “because Covid”. It’s the reason many were no longer able to build their dream homes, or move provinces away to their newly bought homes. It’s the dads not being able to be present for their unborn babies ultrasound. It’s the mothers giving birth and being told both our husbands and mother can’t be there unless both vaccinated, yet an unvaccinated doula can be. It’s the hugs we’ve missed out on. It’s the pro sports cancelled. Kids sports cancelled. Gym classes cancelled. Rec classes cancelled. Competitions cancelled. Hair appointment cancelled. Photography sessions cancelled. Everything. Cancelled. It’s not being able to take your kid to their hockey game. It’s the 10 year old that’s choosing a needled in her arm just so she can attend her dance competition. It’s trying to explain to our 2 year olds who are now 4 year olds why they have to wear a mask. It’s the burnt out teachers. Burnt outdoctors. Burnt out nurses. Burnt out fast food workers. Burnt out moms. Burnt out grocery workers. Burnt out gas station attendants. It’s the constant contradiction and changing of rules. Our leaders, now dictators. Dividing us. Separating us even more. I could go on, and on, and on. But it’s really been our freedom that’s been impacted the most. The freedom of choice. So whether you agree with this Convoy or not, I think the majority of us are ready to have that back now please. This is why I stand with the truckers. (I didn’t write this, but I agree with it all ❤️) #freedomconvoy20 22 #unity #freecanada #freetheworld #freedom|10159534878053904|Darrell J Delorey|2022-02-02 20:58:39|0|4|10159534783068904|facebook
I support the truckers who are quietly going to work every day, vaccinated. Struggling through the detours and storm ravaged highways of BC. Sitting for hours, and days waiting for closed highways to reopen without a whimper. Not the idiots who chose to follow the conspiracy nuts and now can't work because of their own choices.|10159534903058904|Gordon-Karen Weighill|2022-02-02 20:58:39|0|4|10159534783068904|facebook
oh look, I love when people have to resort to juvenile insults and name calling over civil conversation. It means I win.|10159535500338904|Gordon-Karen Weighill|2022-02-02 20:58:43|1|4|10159534783068904|facebook
Priyanka Singh the whole concept is to be Canadian & show Canadian spirit.. we shouldn’t be fighting one another, we shouldn’t be at odds with each other.. the saddest portion is the division and separation of individualism when diverse is what we are as a nation, he should be concerning himself with Canada yes.. but as a peace keeping and unbiased country I have no issue with the support of Ukraine.. he just needs to address his own country’s emergency as well without belittling the citizens …|10159534919383904|Jen McMullin|2022-02-02 20:58:45|1|4|10159534783068904|facebook
They, did not block all traffic and endanger those who need EMT. There is no comparison. I will never accept an authoritarian government developed on the basis of this childish action. You might as well let 12 year olds run the country.|10159535369008904|Bruce B. Craig|2022-02-02 20:58:49|1|3|10159534783068904|facebook
Johnny Hanson I'm a clown for what, actually looking into the organizers and their history & being disgusted by the blatant and repeat history of racism & bigotry by them all? Guess I just don't like to side with people who would literally be calling for my head and ignorantly telling the people in my life to 'get out of their country' on any other day for no other reason than not being straight white cisgendered or male.|10159534874013904|Kevin Edward-Sage Beck|2022-02-02 20:58:48|1|3|10159534783068904|facebook
Priyanka Singh you do realize most mandates are Provincial right??|10159534916013904|Jennifer Hamilton|2022-02-02 20:58:52|1|3|10159534783068904|facebook
like I said I was there for about 5 hours today didn’t see any thing like that. I was at the war memorial for a time didn’t see anything. Didn’t see a single swastika and certainly didn’t see any violence or anger. We’re there? Did you see any of this stuff first hand?|10159535576818904|Steven Hines|2022-02-02 20:58:46|1|3|10159534783068904|facebook
So proud of the working class. No more abuse!|10159534876418904|Willhelm Van Wheeler|2022-02-02 20:58:39|0|3|10159534783068904|facebook
Go back to your bong...|10159535685618904|Bruce B. Craig|2022-02-02 20:58:49|1|3|10159534783068904|facebook
difficult time is made by corrupt politicians.|10159535505883904|Leszek Dobosz|2022-02-02 20:58:49|1|2|10159534783068904|facebook
as do some of the organizers & main mouthpieces - Patrick King has literally said that it'll only end in bullets & already has a violent record, and Tamara Lich, who organized the GoFundMe to begin with is a very strong anti-immigrant voice, not to mention having a document to try and literally replace the government. Already some pretty violent and volatile elements leading the charge there.|10159534862033904|Kevin Edward-Sage Beck|2022-02-02 20:58:47|1|2|10159534783068904|facebook
yeah but the ones on their way they’re claiming it’s for “freedom”, they could find stay at home jobs if they don’t want to be vaccinated to work or move out of the country or get vaccinated, they have choices|10159535235368904|Cheyenne Bignell|2022-02-02 20:58:45|1|2|10159534783068904|facebook
90% of truckers are vaccinated and do not want to be associated with this right wing fringe group.|10159535021883904|Marilyn Smith|2022-02-02 20:58:45|1|2|10159534783068904|facebook
look into the history (social media records of them aren't exactly and follow the money and you'll see where people really stand.|10159534884438904|Kevin Edward-Sage Beck|2022-02-02 20:58:45|1|2|10159534783068904|facebook
And here is the organizer of the freedom convoy threatening violence...  https:// twitter.com/ JaneQCitizen/ status/ 1483008554298605 568?t=4tUkPXNWN Mj260nAgRjWNQ&s =19|10159534869698904|Julia Marie|2022-02-02 20:58:45|1|2|10159534783068904|facebook
we should banish idiots, who make this difficult time, more difficult with protests|10159535469753904|Bruce B. Craig|2022-02-02 20:58:49|1|2|10159534783068904|facebook
he doesn't need to meet with every group of idiots who pull up on Parliaments doorstep. We had our say when we elected him...again. Go home & get to work.|10159535224528904|Brian David Lupton|2022-02-02 20:58:51|1|2|10159534783068904|facebook
Sure, as soon as the government stops limiting my ability to make a living.|10159535234373904|Jack Massalski|2022-02-02 20:58:51|1|2|10159534783068904|facebook
you must have been hiding in your basement if u missed it|10159534876408904|Jennifer Hamilton|2022-02-02 20:58:52|1|2|10159534783068904|facebook
maybe I was, but please detail this a little|10159534877938904|Mark Vasko|2022-02-02 20:58:52|1|2|10159534783068904|facebook
i’m open to listen. Please enlighten me and I will be glad to read about it.|10159534905778904|Mark Vasko|2022-02-02 20:58:52|1|2|10159534783068904|facebook
Thanks. That’s what I was relating to the original writer also. This was not a situation like during the bubonic plague where carts were used to haul the dead to some mass burial sites daily. Most of the bottleneck was created by restrictions on funeral homes for some type of apparent Covid safety protocols. The bottleneck was self-inflicted and not caused because hordes of people were dying simultaneously. That was one of those cute little gems that MSM ran with at the behest of the Feds to continue fear-mongering.|10159535025163904|Mark Vasko|2022-02-02 20:58:52|1|2|10159534783068904|facebook
👈👉🤦‍♀️|10159535601228904|Cindy Glen Quinton|2022-02-02 20:58:52|1|2|10159534783068904|facebook
The voters are backing the Government on this one . Don't let this bunch determine anything . WE are the ones who follow science . They are the ones who follow made-up fanciful stories from the far right liars|10159534858028904|Joyce Hawthorn|2022-02-02 20:58:39|0|2|10159534783068904|facebook
They are peacefully protesting government overreach. I am fully vaccinated and I applaud them for exercising their rights.|10159534874418904|James Valhalla|2022-02-02 20:58:55|1|2|10159534783068904|facebook
obviously ur a liberal mad filled with hate what's wrong with you, if the people want to have a peaceful protest legally just to ask for there freedoms and an end to all mandates then that's fine, so get over urself, it's about them not you.|10159534924023904|John Norbert|2022-02-02 20:58:55|1|2|10159534783068904|facebook
And government forcing someone to take a vaccine against their wish sure is an overreach to me.|10159535012698904|James Valhalla|2022-02-02 20:58:55|1|2|10159534783068904|facebook
Come on , Andrew , in my world Trudeau better do his job and protect us from those who would infect us . There's nothing mild about Covid and breakthrough cases . The long time sufferers will tell you that and Doctor's X-rays about their damaged lungs . Nope , that crowd is not bringing that to me or my loved ones . Please everyone get safe vaccinate|10159535045393904|Joyce Hawthorn|2022-02-02 20:58:55|1|2|10159534783068904|facebook
As for you not seeing government forcing people to take a brand new vaccine (mRNA technology had never been used in human vaccines prior to Covid vaccines) as government overreach, I can tell you that we are so, so far apart on that.|10159535068613904|James Valhalla|2022-02-02 20:58:55|1|2|10159534783068904|facebook
Y'know, funny thing about being anti-vaccine mandate, unless you were 100% a natural birth, you still got vaccinations when you were younger - for DTap, for measles, rubella, literally all kinds of things. Seems like those have been working out just fine... >_>|10159534914028904|Kevin Edward-Sage Beck|2022-02-02 20:58:39|0|2|10159534783068904|facebook
How are we going to pay for the $1.2 trillion in debt that child Trudeau, good for nothing leader did?!!|10159535175188904|Simi Locacio|2022-02-02 20:58:43|1|2|10159534783068904|facebook
"Ray Purchase ""gets its share"" it was literally started by said group. There wasn't talk about the convoy UNTIL these people stepped in to organize things. Hell one of the main mouthpieces Patrick King has literally said that it'll only end in bullets, and Tamara Lich who organized the GoFundMe that got the momentum rolling has been a strong wexit/ anti-immigrant politician for a while."|10159534865973904|Kevin Edward-Sage Beck|2022-02-02 20:58:48|1|2|10159534783068904|facebook
no , because youcan still spread it and die from it even if your vaxxed. But ya think your bullet proof. I'm carful all the time. Never been sick only once way before it started and doc said it was the c so I'm alive. You guys. Got to quit thinking that if you get Covid you will die|10159535547728904|Lee Zubert|2022-02-02 20:58:41|1|2|10159534783068904|facebook
unfortunately healthcare is not allowed to protest as millions would die. As much as the struggle is there, our compassionate drive keeps dwindling that's why numerous healthcare staff have called it quits.|10159535603743904|John Romasanta|2022-02-02 20:58:41|1|2|10159534783068904|facebook
You and all your ilk are patently ridiculous. That you are oblivious to that is painful. Do you people ever take more than 45 seconds to think sth out? Because I sincerely doubt that you do. It's depressing. Please learn.|10159535539023904|GK Andros|2022-02-02 20:58:42|1|2|10159534783068904|facebook
I support ALL the truckers -- the ones still delivering us our supplies and the ones that are supporting our individual rights to choose what is best based on each individual's best efforts to properly inform themselves to make the best decision they can make at the time, and this can change with new information over time.  Having said that, you can't presume that these people demonstrating are not properly informed or endangering other people's lives based on what you know.|10159535659078904|Jean-Guy Chauvin|2022-02-02 20:58:42|1|1|10159534783068904|facebook
so naive|10159534889318904|Lisa Kurytnik|2022-02-02 20:58:47|1|1|10159534783068904|facebook
that's what they are telling u|10159535685448904|Lee Zubert|2022-02-02 20:58:41|1|1|10159534783068904|facebook
no we don’t.|10159535835803904|Holly Greenberg|2022-02-02 20:58:53|1|1|10159534783068904|facebook
what do you call it then?|10159536543153904|Tracy Humphrey|2022-02-02 20:58:53|1|1|10159534783068904|facebook
I call it Canada, which is not that American psycho’s land. I do think this was bankrolled by the same people bankrolling the destruction of the US though.|10159536589973904|Holly Greenberg|2022-02-02 20:58:53|1|1|10159534783068904|facebook
so you support it?|10159536747578904|Tracy Humphrey|2022-02-02 20:58:53|1|1|10159534783068904|facebook
James Nilsson's fake account uttered an emoji|10159535523773904|Wayne Dickson|2022-02-02 20:58:54|1|1|10159534783068904|facebook
polluting the earth to have a tantrum is a week excuse for democracy.|10159535072218904|Julia Marie|2022-02-02 20:58:47|1|1|10159534783068904|facebook
you should reported to the authorities and give them the proof and they will take care of it I’m sure .|10159534954363904|Bertrand ST-Amand|2022-02-02 20:58:47|1|1|10159534783068904|facebook
why won't you admit that there's hundreds of truckers who think this is an exercise in futility? They can protest its their right in a democratic country. It doesn't mean they're right or have everyone's support. Love 🇨🇦|10159534928698904|Lisa Kurytnik|2022-02-02 20:58:47|1|1|10159534783068904|facebook
Yes, it is convenient to ignore facts that don’t support your opinion, isn’t it. No need to continue with this conversation.|10159535690468904|Lynda Hookham|2022-02-02 20:58:41|1|1|10159534783068904|facebook
Priyanka Singh how many times are you going to copy and paste the same comment? 😂|10159534964868904|Tanya Mullen|2022-02-02 20:58:55|1|1|10159534783068904|facebook
they were calling for the reduction of police which results in more crime. Where have you heard a leader of the convoy advocate for the execution of a leader? Where have you heard that at all actually. Exceptional to maintain bodily autonomy? Besides blm thinks they're exceptional... the Toronto leader even admitted saying white people are inferior.|10159535488098904|Kevin Pera|2022-02-02 20:58:41|1|1|10159534783068904|facebook
Not wanting to waste my time on this which sounds like a personal tirade on me , Please read what I told Priyanka Singh and that's my response to you as well|10159534989413904|Joyce Hawthorn|2022-02-02 20:58:55|1|1|10159534783068904|facebook
Priyanka Singh can you please explain all the freedoms that have been taken away?|10159534968393904|Ken Knoflook|2022-02-02 20:58:48|1|1|10159534783068904|facebook
and the Ottawa voters who voted for the libs, can now deal with the truckers there, that Trudeau just couldn't leave alone. enjoy.|10159535014453904|Andrew Boardman|2022-02-02 20:58:55|1|1|10159534783068904|facebook
NAZIs calling for more freedom and less government control? You need to do some reading.|10159536322628904|Steven Hines|2022-02-02 20:58:46|1|1|10159534783068904|facebook
there are Nazis in your movement, and you are excusing them.|10159536177888904|Wilde Brandy Orange|2022-02-02 20:58:46|1|1|10159534783068904|facebook
sad. Where have you been? Honestly cults are dangerous|10159534891018904|Lisa Kurytnik|2022-02-02 20:58:52|1|1|10159534783068904|facebook
BLM was not calling for the destruction of our democracy, the execution of our leaders, nor the demands of those who deem themselves exceptional, but are not|10159535479093904|Bruce B. Craig|2022-02-02 20:58:41|1|1|10159534783068904|facebook
let’s label a any whole society/ culture/ religion bad because a few bad apples within. Just because there is a small amount of a big moment that are there for the wrong reasons doesn’t make the premise of the movement wrong.|10159536149638904|Wesley Found|2022-02-02 20:58:46|1|1|10159534783068904|facebook
I saw the confederate flags and upside down Canada flags first hand. Yesterday and today. I have friends that work at the Rideau Center and they shared photos they took of the swastika flag they saw parading around Major Hills Park. Along with some Trump 2024 swag. They were one of two different groups who shared the delightful feces story. The other references I saw on Twitter and FB. But I guess if you didn't see it it didn't happen. Just like if you didn't die from covid it's not that bad.|10159535595853904|Wilde Brandy Orange|2022-02-02 20:58:46|1|1|10159534783068904|facebook
dude....there were confederate flags and swastika. Canadian flags upside down (one on Terry Fox monument even). People parked on all around the unknown soldier and monument. The Rideau Center had to be closed because of harrassment to retail workers. People fist fighting and throwing bags of feces.|10159535560258904|Wilde Brandy Orange|2022-02-02 20:58:46|1|1|10159534783068904|facebook
I was down there all day and you know what I didn’t see? Not one sign of white supremacy, extremists, etc… the G&M has been telling me all week it was going to be a bunch if hooded racists burning crosses. I guess they lied. Again.|10159535318243904|Steven Hines|2022-02-02 20:58:39|0|1|10159534783068904|facebook
so what was the point of blm if a democratic government isn't going to bend to disgruntled groups who protest|10159535461183904|Kevin Pera|2022-02-02 20:58:41|1|1|10159534783068904|facebook
Remember that time a group of people followed every word hiter said... Remember the time the government said slaves were alright... Remember the time beating your children was alright.... Remember the time the government killed the natives off their own land with nothing in return they had to walk the trail of tears! All of this was what we had to do because the government said so! And they were wrong everytime! Why do you blindly believe them with this cold.|10159535073013904|Amanda Zwicker|2022-02-02 20:58:55|1|1|10159534783068904|facebook
We now live on Trump land! If you don’t like who was voted in you go and protest to change government! 🙇‍♀️|10159535396273904|Tracy Humphrey|2022-02-02 20:58:39|0|1|10159534783068904|facebook
well, bars are opening on Monday and I'm fully vaccinated, so I can go in ... I guess you will have to sit out in your car. But, please, take a moment and just see if you can organize your deep thoughts and put them into a coherent, accurate, and fully explanatory response here. I'll even have a beer while I read it.|10159535282033904|Ken Knoflook|2022-02-02 20:58:48|1|1|10159534783068904|facebook
I can easily explain that over a beer. I’ll pay so no worries. Let’s meet at the local bar around 8 tonight,,,,,,, oh haha wait my mistake ALL THE BARS ARE CLOSED BECAUSE OUR IDIOT LEADERS. And I forgot we need to be vaccinated to enter.|10159535270443904|Jansen Jhedward|2022-02-02 20:58:48|1|1|10159534783068904|facebook
https:// cantruck.ca/ canadian-truckin g-alliance-stat ement-to-those- engaged-in-road -border-protest s/ ?fbclid=IwAR3H6W zZwc2cbzvYmAOqB vF24tBouNrTsnc5 yFsvxelTghc0G9a ujU4jgsU|10159535020328904|Marilyn Smith|2022-02-02 20:58:52|1|1|10159534783068904|facebook
well there's always fundraising for hospitals and nursing homes. Not to mention some hospitals are practically hiring anyone with even some small experience. Some hospitals have even used cooking staff to help in the floors, 4000 nurses were lost in community alone. Instead of protesting against mandates why not rally to support those who are too busy working hard to keep people alive?|10159535597728904|John Romasanta|2022-02-02 20:58:41|1|1|10159534783068904|facebook
how would one volunteer? I've thought of doing that myself.|10159535591003904|Kevin Pera|2022-02-02 20:58:41|1|1|10159534783068904|facebook
i don't know. I just think they have the right to protest. I don't think it's going to go anywhere. With all the donations they got... maybe they'd be better off lobbying the government. Wonder what would have happened in nurses protested.|10159535598838904|Kevin Pera|2022-02-02 20:58:41|1|1|10159534783068904|facebook
when and where did this ever happen?|10159534873968904|Mark Vasko|2022-02-02 20:58:52|1|1|10159534783068904|facebook
How fast we forget the bodies piling up and being put into refrigerated trucks,bodies lining hospital wards and people dying alone.|10159534862693904|Jennifer Hamilton|2022-02-02 20:58:39|0|1|10159534783068904|facebook
Oh you mean people in Toronto and Montreal elected them because last I quite remember Justin Trudeau's a minority government twice as a minority government he fought this snap election would get a majority vote but it didn't because a lot of Canadians still don't like them the only people that like them live in the southern half of Ontario and in parts of Quebec a good portion of northern part of Ontario we don't like them most of the western provinces hate them and even the northern part of BC don't like them the guy's a freaking douchebag multiple ethics violations to corruption scandals with the snc lavalin preferred prosecution agreement that former minister of Justice Jody wilson-raybould an actual honest indigenous liberal Cabinet member was demoted and then kicked out of the party and don't forget about the we charity Scandal during the middle of the pandemic so I don't know what you liberal supporter seeing this guy but he's a freaking joke if Justin Trudeau wasn't ahead of the liberal party the Liberal Party would need to be noticed because back in the 2000s write up the 2015 the two parties at stat at the top of parliament with the conservatives in the NDP and that's when Palma care who is head of the NDP that's when the NDP was a Workman party the union party now jagmeet Singh has dragged that party right to the left|10159535583343904|Kris Payne|2022-02-02 20:58:51|1|1|10159534783068904|facebook
there's more people in ICU because of healthcare backlog. People's surgeries are pushed back as well as treatments. Healthcare is broken. It's true that vaccinated people are less likely to be hospitalized but due to backlog, strained staff, and lack of community support, people are ending in ICU and hospitals. Unvaccinated are among the most affected. I've seen people as young as 40 who had to intubated as well as get lung transplant because they did not want the needle. We in healthcare are fed up and burnt out, yet we have no voice. Instead of these truckers using their time and energy to go coast to coast why don't they volunteer in the healthcare instead? We could surely use the hands.|10159535589538904|John Romasanta|2022-02-02 20:58:41|1|1|10159534783068904|facebook
they still have the right to protest and are allowed to do so.|10159535606923904|Kevin Pera|2022-02-02 20:58:41|1|1|10159534783068904|facebook
Why is the Prime Minister in hiding? Initially the reason given was Trudeau's alleged exposure to COVID-19, even though he tested negative and did not have to self-isolate. Has the reason changed since? This lack of willingness to meet does not look good on him.|10159535129208904|Jack Massalski|2022-02-02 20:58:39|0|1|10159534783068904|facebook
it happened in London , Ontario last year because they have way outdated morgue space there. For decades it’s been an issue so they sometimes use a reefer truck for overspill that was used to “ store under ten bodies last year “ mostly cdue to slower processing due to Covid protocols . Not because they were PILLING THE BODIES! This is very easy to research .|10159535007568904|JennDave Price-Kuntz|2022-02-02 20:58:52|1|1|10159534783068904|facebook
wow, we really need to improve our health care system, you would think it would be better, but seems to constantly be overwhelmed, even before this pandemic.|10159535016568904|Andrew Boardman|2022-02-02 20:58:52|1|1|10159534783068904|facebook
Message from a Canadian trucker for y'all. Anyone else tired of hearing how important truck drivers are and all these posts about thanking a truck driver? As a long distance truck driver, here's my perspective on this. Sure, the trucking industry is important to the supply chain and a lot of truck drivers are hard-working people that put in long hours, but let me be clear on this. A truck driver is NOT more important then the person working in the warehouse making sure product is ready to ship. Not more important then the person ordering the product that goes into the warehouse or store. Not more important than the person manufacturing or growing the products. Not more important than the dispatcher, the planner at the trucking industry coordinating the loads with the seller or buyer. Not more important than the person who keeps the computer systems in the supply chain going. Not more important than the mechanic in the shop making sure those truck and trailers are safe and ready to go up and down the road. Not more important than the person at the oil refinery making sure there's enough fuel with the right conditioners for winter or summer. Not more important than the highway construction employees and maintenance crews, the engineers the designers the planners, architects that keep our highway system functional. Not more important than the person who stocks the shelves in the grocery store or department store. Not more important than the waitress or cook at the restaurant. Not more important than cashier. not more important than the store owner. The truck driver is certainly not more important than the fireman, the policeman the nurse, the doctor the electrician the plumber, the carpenter, the janitor the cleaning staff, the teachers the daycare workers, the railway worker the ship operators and all the other people in all kinds of Industries and line of work that I can't think of right now, and yes even politicians. The truck driver is not more important or less important than any of these men and woman that keep the world going round and round. Everybody is important.|10159534875838904|Joanne Ryan|2022-02-02 20:58:39|0|1|10159534783068904|facebook
you've noticed vaccinated people end up in the ICU still right? There are a greater total number of vaccinated in the ICU. Even if everyone was vaccinated it wouldn't keep people out of the ICU. Also you've noticed the vaccinated greatly outnumber the unvaccinated and cases are still happening. Do you really think it's only the unvaccinated spreading covid?|10159535569708904|Kevin Pera|2022-02-02 20:58:41|1|1|10159534783068904|facebook
You’re entitled to your opinion, I do not agree with you|10159535250438904|Jen McMullin|2022-02-02 20:58:45|1|1|10159534783068904|facebook
you don't science well do you?|10159535562318904|Wilde Brandy Orange|2022-02-02 20:58:41|1|1|10159534783068904|facebook
|10159535553323904|Kris Payne|2022-02-02 20:58:49|1|1|10159534783068904|facebook
looks like, Mark. is pointing a finger at some lady|10159535638053904|Mark Vasko|2022-02-02 20:58:52|1|1|10159534783068904|facebook
It happened in New York early in the pandemic.|10159535662408904|Dorothy Anne Knight|2022-02-02 20:58:52|1|1|10159534783068904|facebook
1000 deaths in Ontario this month.|10159535672768904|Lynda Hookham|2022-02-02 20:58:41|1|1|10159534783068904|facebook
I think I remember that. I don’t know what the cause of it was at that time. I’m sure there were factors such as closure of funeral homes or something which led up to that.|10159535666908904|Mark Vasko|2022-02-02 20:58:52|1|1|10159534783068904|facebook
I think it was the sheer volume, the number of deaths overwhelmed the funeral homes.|10159535680998904|Dorothy Anne Knight|2022-02-02 20:58:52|1|1|10159534783068904|facebook
we should sue liberals for wasting so much of our money. Bruce open your eyes!|10159535441443904|Leszek Dobosz|2022-02-02 20:58:49|1|1|10159534783068904|facebook
guess they made bucks off the BLM protests am I right?!?!?! 👊🏼|10159535365718904|Leith Waldrum|2022-02-02 20:58:49|1|1|10159534783068904|facebook
Ottawa and the provincial government should sue the organizers for the cost of extra policing.|10159535256898904|Bruce B. Craig|2022-02-02 20:58:39|0|1|10159534783068904|facebook
It's about so much more than the vaccine mandates. Listen to them when they say...FREEDOM.|10159536349943904|Debbie Johnston|2022-02-02 20:58:39|0|1|10159534783068904|facebook
open Monday but how long they were forced to close ????? I know your too close minded to actually understand exactly my point because your assuming your free and when that happens your actually more enslaved then the rest of us. Also your assumptions I’m not vaccinated is laughable at best. If you look my Facebook I’m a traveller so 100% I’m vaccinated so I guess I’m able to enjoy a beer inside not in my car also. My point (sorry if it went over your head). Is not everyone is entitled to sit and enjoy a beer unless you were coerced by our loving government. I unfortunately am considered a sell out because I got vaccinated so I can freely travel. But I still agree with freedom of choice.|10159535293688904|Jansen Jhedward|2022-02-02 20:58:48|1|1|10159534783068904|facebook
It is about freedom! The freedom to choose!! Get it?! Take 10 vaccine uf you like, don't force it on others because that you believe in!|10159535178858904|Simi Locacio|2022-02-02 20:58:55|1|1|10159534783068904|facebook
Wow your smart🤡I guess that cancels out the mass burials as well.Bye bye|10159534881078904|Jennifer Hamilton|2022-02-02 20:58:52|1|1|10159534783068904|facebook
well not sure where your information comes from. But every time I google the small pox vaccine I get the same answer. Your right about the guy who developed it but it 100% says wasn’t implemented or used properly till 1950s. As for your information about the new vaccines if they been working on it since sars why did it take the FDA 7 months after the emergency order to actually accept or agree it was safe to use ???? We did the emergency use in December 2020 and wasn’t accepted by the FDA untill august. So why the delay??? Obviously they’re not sure about the vaccines|10159535533413904|Jansen Jhedward|2022-02-02 20:58:56|1|1|10159534783068904|facebook
haha not miss information but thanks for playing. You just admitted that 1950s the WHO was committed to the vaccines when before that they didn’t want nothing to do with it. So my first comment is correct when I say it took 150 years for the world commitment to start using the small pox vaccine. The fact a few countries or organizations used it doesn’t prove it’s legitimacies unless we accepted it as a world organization. My research isn’t lacking your just splitting hairs to prove your point when in fact the WHO didn’t accept it till the 1950s which is my original comment. Thanks for playing along|10159535685633904|Jansen Jhedward|2022-02-02 20:58:56|1|1|10159534783068904|facebook
Imagine Wanting to be Oppressed This Badly|10159535709968904|Erin Johnson|2022-02-02 20:58:44|1|1|10159534783068904|facebook
oh look. Another ignorant work lefty moron. Keep hiding under your bed|10159535390443904|Jason Brinks|2022-02-02 20:58:43|1|1|10159534783068904|facebook
I’ve been following everything from day one, there’s no violence threats, there’s no negative agenda, no intent what so ever of being forceful or aggressive. Follow the feed not the story and you’ll get a better view of how peaceful this is|10159534876693904|Jen McMullin|2022-02-02 20:58:45|1|1|10159534783068904|facebook
Unlike you, I support freedom of the individual.  How many twists and turns in logic are you prepared to accept from failures, like Fauci?|10159535529928904|Gregory Chaucery|2022-02-02 20:58:42|1|1|10159534783068904|facebook
, I guess I'm a better researcher than you because the information is readily there. Start reading the scientific papers instead of the shortened version used on popular websites. As for government bureaucracy on getting something approved is beyond logic. You're reading something sinister into the slow moving cogs of government. I actual read each of the trial data from the main players that were readily available and made my decision that way as to which vaccine I wanted.|10159535591943904|Sandi Eaves|2022-02-02 20:58:56|1|1|10159534783068904|facebook
I have no idea what that means. But I can guess. And you're ridiculous.|10159535489068904|GK Andros|2022-02-02 20:58:42|1|1|10159534783068904|facebook
You should be ashamed of how poorly and obscured you’re reporting a completely peaceful and Canadian rightful protest right now.|10159534857948904|Jen McMullin|2022-02-02 20:58:39|0|1|10159534783068904|facebook
your a better researcher or your trying to hide the fact that most vaccines take years to develop and that doesn’t change the fact the FDA wouldn’t accept the new vaccines until 7 months after the emergency order (you’ll deny that also???). Stop trying so hard to deny my research even 100% small pox vaccine wasn’t 100% used till 1950s (your own comment mentioned that). You know small pox wasn’t accepted worldwide till 1950s but your blindly pushing your hairsplitting.|10159535599088904|Jansen Jhedward|2022-02-02 20:58:56|1|1|10159534783068904|facebook
, you've obviously have your own agenda to spread misinformation. But here's a few more facts. In 1803, Spain launched an expedition that delivered live vaccine to Spanish America and then across the Pacific to Manila and Macao. By 1805, at the height of the Napoleonic Wars, people were already being vaccinated all around the world for smallpox. By 1815, several million people, half of them outside Europe, had been vaccinated. The Vaccination Act of 1853 introduced mandatory smallpox vaccination in England and Wales for infants up to three months old. Your research is sorely lacking. You even misrepresent the 1950s program by the WHO when it committed itself to the global eradication of smallpox.|10159535644318904|Sandi Eaves|2022-02-02 20:58:56|1|1|10159534783068904|facebook
So indigenous people and environment activists can’t protest or road block. But these jerks(?) can clog up a whole highway and city and make a lot of extra pollution? How nice for them to take the time off and have enough money to drive all the way across Canada. Privilege, anyone? The amazing amount of tax dollars that would be spent bringing home one person who get very sick across the border is not what I want to spend my tax dollars on.|10159534826968904|Lindsay Pinnegar-Fehr|2022-02-02 20:58:39|0|1|10159534783068904|facebook
, I'm not splitting hairs at all. Small pox vaccinations began as soon as it was discovered in 1799. No waiting. No long trial periods. They got the vaccine into as many arms as they could given their limited resources. Research continued into the disease whilst the vaccination progressed. So that's over 100 years of giving out the vaccine and making alterations. Then in the 1950s the decision was made to vaccinate the world and not just the rich countries. Of course times were a heck of a lot different back when things traveled by ship and people wrote letters. Besides this covid vaccine has been in the making for decades. It was first produced for the SARS outbreak. That's why scientists were able to bring it to market quickly.|10159535526988904|Sandi Eaves|2022-02-02 20:58:56|1|1|10159534783068904|facebook
remember that time when privileged and entitled people compared public health measures to the atrocities of the Holocaust? Oh wait. They're still doing that 🤦‍♀️ How embarrassingly disrespectful|10159535678603904|Erin Johnson|2022-02-02 20:58:44|1|1|10159534783068904|facebook
👍|10159535741498904|Amanda Zwicker|2022-02-02 20:58:44|1|1|10159534783068904|facebook
🤣 All I'm saying is that the government hasn't always been right. It should be pro choice not forced. If you take the time and go to the vaccine makers websites and read instead of blindly following the government you will see the vaccine is not fda approved and is still in testing until 2023. It was granted use because the government called a state of emergency. Sorry im not willing to be a guinea pig because once again the government told me to do something. If you are willing 👍 someone has to do it.|10159535690888904|Amanda Zwicker|2022-02-02 20:58:44|1|1|10159534783068904|facebook
but it does because I have the peer reviewed science to back me up|10159535741288904|Erin Johnson|2022-02-02 20:58:44|1|1|10159534783068904|facebook
diddo|10159535740453904|Amanda Zwicker|2022-02-02 20:58:44|1|1|10159534783068904|facebook
you can disagree all you want. That doesn't mean you're right|10159535740293904|Erin Johnson|2022-02-02 20:58:44|1|1|10159534783068904|facebook
yes, you shouldn’t be deciding where tax dollars are spent. Leave it to JT and his cronies who know best how do use that money.|10159534874928904|Mark Vasko|2022-02-02 20:58:57|1|1|10159534783068904|facebook
👍 agree to disagree which is okay too.|10159535736743904|Amanda Zwicker|2022-02-02 20:58:44|1|1|10159534783068904|facebook
no it didn't. It got approved because the trials were complete and the vaccine was proven to be be safe and effective. These vaccines are the most tested vaccines in history. Because we were in the midst of a global pandemic of a novel virus that was killing people without discrimination, every resource available went into to them. Thousands of scientists all over the world worked tirelessly to develop them because the vaccine was our only hope of getting a hold of Covid SARS Cov2. A medical miracle happened. We had a vaccine in record time that help to prevent hundreds of thousands of deaths No steps were skipped. mRNA technology has been researched since the 80's. This is not new and because of all the research that has gone into these vaccines, scientists, immunologists and epidemiologists are closer then we have ever been to creating vaccines for HIV and cancer. We are truly blessed and it is sad to see people make comparisons such as the ones you made. No one is being forced to take them. No rights have lost but some privileges have been restricted for the time being for those who choose not to be vaccinated. Please. Stop spreading misinformation.|10159535732563904|Erin Johnson|2022-02-02 20:58:44|1|1|10159534783068904|facebook
Tony Deyes I’ve got nothing left to say to you, I know what the convoy stands for, I know what the true story is. All the best !|10159534882573904|Jen McMullin|2022-02-02 20:58:45|1|1|10159534783068904|facebook
only got approval because of the state of emergency. If no state of emergency no approval. It won't let me screen shot https:// www.fda.gov/ consumers/ consumer-updates / learn-more-about -covid-19-vacci nes-fda  If we were not listed as a state of emergency the vaccine would still be in testing stage only.|10159535723068904|Amanda Zwicker|2022-02-02 20:58:44|1|1|10159534783068904|facebook
ok not sure how I’m wrong. Your own comment mentioned 1799 and wasn’t implemented till 1950s (world wide push). Your splitting hairs on what I already said but still they had 150 years or so to look for side effects.|10159535512143904|Jansen Jhedward|2022-02-02 20:58:56|1|1|10159534783068904|facebook
, you're incorrect on your timeline for the smallpox vaccine. Vaccinations began in 1799 before Edward Jenner even published his treatise in 1801. In fact the word of Jenner's vaccine spread like wildfire throughout the medical community that it made it to Harvard University by 1800 and vaccinations began in the US. It was late in the 19th century that it was found out that revaccination was needed because life long immunity wasn't reached with a single jab. The mortality from smallpox had declined, but the epidemics showed that the disease was still not under control. It was in the 1950s that a worldwide push was made to vaccinate everyone and try to eradicate smallpox. It took almost 30 years to achieve it.|10159535508008904|Sandi Eaves|2022-02-02 20:58:56|1|1|10159534783068904|facebook
yeah you can. It's called science. Look it up Fair warning, it's not for gullible people.|10159537855658904|DH Tremblett|2022-02-02 20:58:42|1|1|10159534783068904|facebook
"That's correct, science is not for the gullible people, but be forewarned of the dangers of Big Pharma's $cience that want us all ""vaccinated"" with their poison 🙂"|10159537880348904|Jean-Guy Chauvin|2022-02-02 20:58:42|1|1|10159534783068904|facebook
yawn. Get off the conspiracy boat. It makes you look dumb, anyone actually.|10159537885743904|DH Tremblett|2022-02-02 20:58:42|1|1|10159534783068904|facebook
I've had two years of being locked in my home to think about it. How about you?  Are you informed beyond what you get told on tv?|10159535605733904|Gregory Chaucery|2022-02-02 20:58:42|1|1|10159534783068904|facebook
"Nothing rightful about an illegal protest that did not bother to file a permit. Besides, they are ""free"" to leave, and find other employment. Even the US has banned the un-vaxxed truckers from entering their country! 😆"|10159534982983904|S.d. Chakrabarti|2022-02-02 20:58:45|1|1|10159534783068904|facebook
it’s literally a convoy of karen’s on their way to “speak to the manager of Canada”|10159534970538904|Cheyenne Bignell|2022-02-02 20:58:45|1|1|10159534783068904|facebook
I support the other 90% of truckers who aren't endangering others for their own selfish reasons that have zero basis in science.|10159535133623904|GK Andros|2022-02-02 20:58:39|0|1|10159534783068904|facebook
Fee Geo I don’t rely on articles written to provide accurate information, I review the videos live and follow the actual events, you should take notes & do the same, educate yourself before you condemn something you’re getting information on via third party.|10159534895718904|Jen McMullin|2022-02-02 20:58:45|1|1|10159534783068904|facebook
https:// youtu.be/ Bo2ktvhnpEo|10159534905753904|Jen McMullin|2022-02-02 20:58:45|1|1|10159534783068904|facebook
you do realize all those vaccines you mentioned as well as small pox and polio vaccines ( you forgot to mention those) all took years to develop and years to see if any side effects would appear. Small pox vaccine actually took over 150 years before they decided to administer it to everyone. These vaccines started as emergency and even the FDA took 7 months after the emergency order just to accept it (sounds like political push to accept it). No body know how fine these vaccines will be. Only time knows that.|10159535262668904|Jansen Jhedward|2022-02-02 20:58:56|1|1|10159534783068904|facebook
The pandemic has exposed the progressive laptop class’ sheer contempt for the working class whose labours have allowed them to live the high life in their bunkers.  And now I find myself despising half of my Facebook “friends” list, a class traitor sickened of what they have become. Or perhaps, what they always were underneath.|10159534981408904|Colin Pye|2022-02-02 20:58:58|1|1|10159534783068904|facebook
this statement doesn’t warrant a response of any capacity. Have a good day 🙂|10159534901063904|Jen McMullin|2022-02-02 20:58:45|1|1|10159534783068904|facebook
because we actually looked into the organizers and we're disgusted by the continuous bigoted behaviour of them? Sorry not all of us are as simple-minded and easily brainwashed as you are, and don't just simply accept the narrative being pushed.|10159534899508904|Kevin Edward-Sage Beck|2022-02-02 20:58:45|1|1|10159534783068904|facebook
But the vaccinated are there(in Ottawa) also..wow ..u guys do push great propaganda !!|10159535045823904|Priyanka Canada|2022-02-02 20:58:52|1|0|10159534783068904|facebook
they don't believe it - 90% of truckers are vaccinated and do not wan to be associated with this right wing fringe group that has other motives|10159535020083904|Marilyn Smith|2022-02-02 20:58:52|1|0|10159534783068904|facebook
That is what they were PAID TO SAY..they will never answer our questions on how many boosters and vaccines they plan to give their kid because they are blind / and or PAID loyalist|10159534979073904|Priyanka Canada|2022-02-02 20:58:52|1|0|10159534783068904|facebook
Not likely to be violence. The type that tends towards this mischief are soft enough to prefer warmer seasons for their handiwork.|10159535170218904|Jim Francis|2022-02-02 20:58:39|0|0|10159534783068904|facebook
I bet your Facebook friends feel the same about you.|10159535836513904|Holly Greenberg|2022-02-02 20:58:58|1|0|10159534783068904|facebook
huh???? How does one sector of the working class making a total mess for many of the other working class sectors, a good thing. Oh ya. Real heros. Ha ha ha|10159535052998904|Jane Addie|2022-02-02 20:58:58|1|0|10159534783068904|facebook
So while citizens are here fighting each other Trudeau is sitting at home forcing vaccine(multipl e with boosters ) mandates or stand to lose your jobs and make your families starve while his prosper ..how many more vaccines and boosters can your family and your body take ??He is taking away freedoms and sending you out to work hard ,pay taxes so that he can have his perks ,tax free benefits,,best medical ,pay his salary and more thanks to you the taxpayers once again...and will not fix the hospital problems since he doesnt go to them but redirects the money in the form of a loan yes $120 million of taxpayers dollars to Ukraine with whom we do not have a war...WELL DONE CANADIANS!!|10159534914668904|Priyanka Canada|2022-02-02 20:58:52|1|0|10159534783068904|facebook
Priyanka Singh absolutely. For someone to state that they are concerned where the funding for the convoy is going, while they sit comfortably knowing how much is being wasted by the Feds daily, is just completely biased|10159535099628904|Mark Vasko|2022-02-02 20:58:57|1|0|10159534783068904|facebook
I can't be bothered to read your coverage, why don't you follow someone or thing that true Canadian respect and support.|10159537308368904|Donna Blair|2022-02-02 20:58:39|0|0|10159534783068904|facebook
I don’t know what that means|10159535637633904|Mark Vasko|2022-02-02 20:58:52|1|0|10159534783068904|facebook
you're definitely not wrong, Andrew!|10159535046693904|Jim Preyde|2022-02-02 20:58:52|1|0|10159534783068904|facebook
https:// cantruck.ca/ canadian-truckin g-alliance-stat ement-to-those- engaged-in-road -border-protest s/ ?fbclid=IwAR3H6W zZwc2cbzvYmAOqB vF24tBouNrTsnc5 yFsvxelTghc0G9a ujU4jgsU|10159535018348904|Marilyn Smith|2022-02-02 20:58:58|1|0|10159534783068904|facebook
Ray Purchase they were protesting on their own land not clogging up a city!|10159535047683904|Janet Haycock-Millikin|2022-02-02 20:58:57|1|0|10159534783068904|facebook
For sure .|10159535054108904|JennDave Price-Kuntz|2022-02-02 20:58:52|1|0|10159534783068904|facebook
"You do realize governments are back tracking on vaccines and opening everywhere now in certain parts of the world right right since vaccines worked ""so well ""hence the reason we still wear masks and have more vaccines and boosters showing up?How much are you willing to give your children and how well did your government protect you or are you just a sheep who does not question anything ."|10159534918393904|Priyanka Canada|2022-02-02 20:58:52|1|0|10159534783068904|facebook
what truckers were harassing health care workers|10159535459833904|Kevin Pera|2022-02-02 20:58:41|1|0|10159534783068904|facebook
And they are using it on PERKS,TAX FREE EVERYTHING ,DONT FORGET THE $120 MILLION LOAN TO UKRAINE WHILE PEOPLE R SUFFERING AT HOSPITALS BUT HE DOESNT GO THERE SO WHO CARES WHAT STATE OUR HOSPITALS ARE IN..|10159535061018904|Priyanka Canada|2022-02-02 20:58:57|1|0|10159534783068904|facebook
Nope , I'm saying I have zero confidence in the unvaccinated|10159535484903904|Joyce Hawthorn|2022-02-02 20:58:55|1|0|10159534783068904|facebook
, tell me when to stop laughing. 😂😂😂😂😂|10159535920053904|Sandi Eaves|2022-02-02 20:58:56|1|0|10159534783068904|facebook
I don’t know, and it was a very isolated incident. I know the media ran with it as if we had entered the bubonic plague era or something, but I think there was some cause for this|10159535699623904|Mark Vasko|2022-02-02 20:58:52|1|0|10159534783068904|facebook
You have freedom. You're just entitled and clueless|10159537017193904|Linda Freeman|2022-02-02 20:58:53|1|0|10159534783068904|facebook
The polio vaccine was brand new when they developed it and it saved people's lives . So was the 1918 flu vaccine that killed many , many folks until the vaccine and it was mandated stopped it in it's tracks. Please stop following made up science by folks who barely can read|10159535488593904|Joyce Hawthorn|2022-02-02 20:58:55|1|0|10159534783068904|facebook
Good point. Likely a bot and well chosen username to appear diverse. I think that some are infiltrated to mess with people ... Sigh.|10159535495243904|Jennifer Ng Gemmell|2022-02-02 20:58:55|1|0|10159534783068904|facebook
Freedom of choice! A government should not and must not force a new vaccine on people against their wish! I took the vaccine by CHOICE to protect myself and my family, and I don’t wish to impose that same vaccine on ANYONE!|10159535526153904|James Valhalla|2022-02-02 20:58:55|1|0|10159534783068904|facebook
aOh, Amanda, are you posting that bs again?|10159535664158904|Dorothy Anne Knight|2022-02-02 20:58:55|1|0|10159534783068904|facebook
They have the freedom to choose, but with that comes consequences.|10159535664783904|Dorothy Anne Knight|2022-02-02 20:58:55|1|0|10159534783068904|facebook
, are you saying that you have no confidence in the vaccines, that you’re sacred to be close to others? Did you know that vaccinated people can still transmit the virus to others? This country, after all, is shared by 38 million people, you can’t expect to have an 8ft radius around you all the time, but you can try.|10159535061013904|James Valhalla|2022-02-02 20:58:55|1|0|10159534783068904|facebook
you can act like you got vaccinated for everyone else but I know you did it for yourself|10159535460398904|Kevin Pera|2022-02-02 20:58:41|1|0|10159534783068904|facebook
Not to me , I just wonder why it isn't mandated for everyone . Like we all say , good health can't be bought and I'm not willing to let the crowd without a glimmer of truth on the vaccines or what belongs under rights in the first place .|10159535036873904|Joyce Hawthorn|2022-02-02 20:58:55|1|0|10159534783068904|facebook
Clearly you have no clue whatsoever how different vaccines work. Educate yourself first before commenting BS online|10159535010003904|Richard Husar|2022-02-02 20:58:56|1|0|10159534783068904|facebook
Joyce, you’re more than welcome to stay healthy by getting the vaccine (I did it by my own choice) and to be “free” from them by staying home or keeping distance from them. I am sure they won’t wish to intrude in your personal space either.|10159535008638904|James Valhalla|2022-02-02 20:58:55|1|0|10159534783068904|facebook
Priyanka Singh so if conservatives were in you’d be fine with their motto of Canadian jobs for Canadians and all that?|10159534974358904|Cheyenne Bignell|2022-02-02 20:58:55|1|0|10159534783068904|facebook
It's not Government outreach when they try to keep their citizens safe . We are in a raging health pandemic which has nothing to do with THEIR supposed rights , we are all in this together . They are stomping on our rights to be healthy which is something that no amount of money can buy back ! You say you are vaccinated James then you should understand OUR rights to be free from those who don't follow science and made-up lies from the far right|10159534970433904|Joyce Hawthorn|2022-02-02 20:58:55|1|0|10159534783068904|facebook
if these stupid folks wanted to end all mandates they'd simply have gone to their provincial legislatures as 95% of mandates have been put in place by their Premiers.|10159534942183904|Marty McDuff|2022-02-02 20:58:55|1|0|10159534783068904|facebook
Duncan Morris Duncan, Duncan, Duncan …|10159535520688904|David Buder|2022-02-02 20:58:41|1|0|10159534783068904|facebook
I’m also fully vaccinated, it was MY CHOICE … I stand for freedom of choice !!|10159534923908904|Carol Whieldon|2022-02-02 20:58:55|1|0|10159534783068904|facebook
So while citizens are here fighting each other Trudeau is sitting at home forcing vaccine(multipl e with boosters ) mandates or stand to lose your jobs and make your families starve while his prosper ..how many more vaccines and boosters can your family and your body take ??He is taking away freedoms and sending you out to work hard ,pay taxes so that he can have his perks ,tax free benefits,,best medical ,pay his salary and more thanks to you the taxpayers once again...and will not fix the hospital problems since he doesnt go to them but redirects the money in the form of a loan yes $120 million of taxpayers dollars to Ukraine with whom we do not have a war...WELL DONE CANADIANS!!|10159534910173904|Priyanka Canada|2022-02-02 20:58:55|1|0|10159534783068904|facebook
I hug my grandkids and so does my mom. It's you that's stopping yourself. Called fear|10159535545903904|Lee Zubert|2022-02-02 20:58:41|1|0|10159534783068904|facebook
sounds a lot like the asshats who tried to keep Dump in power after he lost his bid for re-election. I wonder if they were funded by the same people?|10159535834143904|Holly Greenberg|2022-02-02 20:58:54|1|0|10159534783068904|facebook
Desecrating the War Memorial, dancing on the Tomb of the Unknown Soldier. Just like the protesters paint everyone else with same brush, now they shall be defined by their basest acts.|10159535415998904|Wayne Dickson|2022-02-02 20:58:39|0|0|10159534783068904|facebook
Well at least parliament is not in session so everyone will be safe.|10159535525588904|Scott Anderson|2022-02-02 20:58:39|0|0|10159534783068904|facebook
no, I do not support it. I don’t support any of the agitation intended purely to weaken western democracies.|10159537114948904|Holly Greenberg|2022-02-02 20:58:53|1|0|10159534783068904|facebook
Not me! I vote for Best public health practice.|10159535185793904|Ton Kanisur|2022-02-02 20:58:55|1|0|10159534783068904|facebook
also these « protesters » are stealing from the homeless by going to the shepherd of good hope, harassing volunteers and demanding meals. just heard this on CBC. Talk about privilege.|10159536162598904|Sean Horne|2022-02-02 20:58:39|0|0|10159534783068904|facebook
Ray Purchase so when a court order comes for these trucks to move, it seems you’re more than OK with it.|10159534835988904|Brad Armitage|2022-02-02 20:58:57|1|0|10159534783068904|facebook
Ray Purchase of course not. But they’ll most likely move out before the snow flies later this week in Ottawa.|10159534845923904|Brad Armitage|2022-02-02 20:58:57|1|0|10159534783068904|facebook
They may not want to be close to me but the truth is we have to get groceries , shop for any of a number of things that aren't in my store , have our cars repaired so staying home is out of the question just to satisfy a Bunch who made no efforts to even keep themselves safe No , we must all tell them about OUR rights which have to account for something . Otherwise, we're letting people lead us who would rather believe in made-up lies than the truth !|10159535027438904|Joyce Hawthorn|2022-02-02 20:58:55|1|0|10159534783068904|facebook
they just gathered en masse without social distancing by the thousands and sometimes ten thousands right as the pandemic hit but you support that eh|10159535458053904|Kevin Pera|2022-02-02 20:58:49|1|0|10159534783068904|facebook
if there were any bodies piled up in freezer trucks, it was because funeral homes were closed by edict and unable to process the normal flow of the dead, as families waited for permission to hold their ceremony|10159534877053904|Mark Vasko|2022-02-02 20:58:52|1|0|10159534783068904|facebook
Its called a pandemic. Grow up|10159537012718904|Linda Freeman|2022-02-02 20:58:41|1|0|10159534783068904|facebook
oh, like actually hearing the words right from the source? Or actually remembering something that happened literally two years ago with Lich threatening violence? Or that Patrick King was literally charged for threats in my home town?|10159534901883904|Kevin Edward-Sage Beck|2022-02-02 20:58:45|1|0|10159534783068904|facebook
This is what they want....So while citizens are here fighting each other Trudeau is sitting at home forcing vaccine mandates or stand to lose your jobs and make your families starve while his prosper ..taking away freedoms and sending you out to work hard ,pay taxes so that he can have his perks ,tax free benefits,,best medical ,pay his salary and more thanks to you the taxpayers once again...and will not fix the hospital problems since he doesnt go to them but redirects the money in the form of a loan yes $120 million of taxpayers dollars to Ukraine with whom we do not have a war...WELL DONE CANADIANS!!|10159534908548904|Priyanka Canada|2022-02-02 20:58:45|1|0|10159534783068904|facebook
Thank you...he needs to deal with the problems of his COUNTRY FIRST AND FOREMOST...|10159534922733904|Priyanka Canada|2022-02-02 20:58:45|1|0|10159534783068904|facebook
https:// cantruck.ca/ canadian-truckin g-alliance-stat ement-to-those- engaged-in-road -border-protest s/ ?fbclid=IwAR3H6W zZwc2cbzvYmAOqB vF24tBouNrTsnc5 yFsvxelTghc0G9a ujU4jgsU|10159535020813904|Marilyn Smith|2022-02-02 20:58:45|1|0|10159534783068904|facebook
"Sorry dude, you are waaaaay off. I hope that by re-reading your ""copy and paste"" that you will learn how incredibly wrong it is."|10159537156138904|Janice Heagle-Stiglick|2022-02-02 20:58:41|1|0|10159534783068904|facebook
aka 'I have nothing intelligent to say and don't want to keep proving my ignorance while thinking I'm smarter than facts'|10159535084378904|Kevin Edward-Sage Beck|2022-02-02 20:58:45|1|0|10159534783068904|facebook
🤦🏻‍♀️ again, inaccurate information|10159535153963904|Jen McMullin|2022-02-02 20:58:45|1|0|10159534783068904|facebook
🤦🏻‍♀️Seriously? “Illegal”?! Do you understand what is legal or illegal?! If it was illegal we’d literally have no law enforcement directing PEACEFULLY across Canada.. again inaccurate information..|10159535160198904|Jen McMullin|2022-02-02 20:58:45|1|0|10159534783068904|facebook
and they have the right to protest...|10159535463073904|Kevin Pera|2022-02-02 20:58:45|1|0|10159534783068904|facebook
endangering others lol being vaccinated endangers others then right? Cause you can still spread covid after you've been vaccinated.|10159535462478904|Kevin Pera|2022-02-02 20:58:42|1|0|10159534783068904|facebook
yeah the biggest Karen of them all Justin Trudeau call Lynn a good portion of Canadians a small Fringe minority yeah and then he takes off from Parliament Hill like the little coward he is a strong leader would stand up to the people not Justin Trudeau I hope one day in the not-so-distant future Peter Trudeau has to step down and some kind of corruption Scandal or there's a bell of no-confidence pushed through Parliament and Justin Trudeau's for set up are the proper way|10159535555123904|Kris Payne|2022-02-02 20:58:45|1|0|10159534783068904|facebook
also these « protesters » are stealing from the homeless by going to the shepherd of good hope, harassing volunteers and demanding meals. just heard this on CBC. Talk about privilege.|10159536164008904|Sean Horne|2022-02-02 20:58:45|1|0|10159534783068904|facebook
Peaceful they have killed a man by blocking an ambulance on purpose!!! The man died because they couldn't get him to a hospital. Ya real peaceful people.|10159536596918904|Dave Beaudoin|2022-02-02 20:58:45|1|0|10159534783068904|facebook
Remember that time 2,000 people drove across the country to protest federal vaccine and health measures, only to find out all almost every single vaccine and health order is imposed and enacted provincially... Ooooooooooooo, so close. 😬😬😄😄|10159535511893904|Derek McDougall|2022-02-02 20:58:39|0|0|10159534783068904|facebook
I s ee the copy and paste all over, and guess what. Have a young child getting bounced from surgery do to covid infections in the children's wings delaying everything. Vaccine mandates are not delaying my kids surgery, it's idiots that won't comply and make the numbers worse. So thanks about only caring about yourself and how hard done by you are. Allow me to get out the world's smallest violin for your cause.|10159536740388904|Matt Spears|2022-02-02 20:58:41|1|0|10159534783068904|facebook
also these « protesters » are stealing from the homeless by going to the shepherd of good hope, harassing volunteers and demanding meals. just heard this on CBC. Talk about privilege.|10159536162888904|Sean Horne|2022-02-02 20:58:46|1|0|10159534783068904|facebook
there are photos. do you beveive in airline crashes? ever seen one first hand? SMH|10159536163558904|Sean Horne|2022-02-02 20:58:46|1|0|10159534783068904|facebook
Millions of people across the country are coming out to protest the government and their action and it is all discredited because the position of a few people. Would you hold the Liberal party to the same standard? What if a member of the Liberal party had dressed up in black face and proudly posed for pictures. Would you hold that as proof that every single person who supports the Liberal party is racist?|10159536174153904|Steven Hines|2022-02-02 20:58:46|1|0|10159534783068904|facebook
😂 the lengths you all will go to is almost inspiring, if only it were directed toward the proper cause… Good Bye.|10159534884773904|Jen McMullin|2022-02-02 20:58:45|1|0|10159534783068904|facebook
https:// twitter.com/ JaneQCitizen/ status/ 1483008554298605 568?t=YaN68Czto nXFC2FELrsGDg&s =19  Literally one of the organizers, Patrick King, threatening violence. And Tamara Lich was one of the yellow vests threatening violence back in 2019.|10159534882178904|Kevin Edward-Sage Beck|2022-02-02 20:58:45|1|0|10159534783068904|facebook
They have now killed a man who couldn't be taken to the hospital because a truck intentionally blocked the ambulance. The also blocked another ambulance with a man in need of dialysis. Not so peaceful now is it.|10159536601713904|Dave Beaudoin|2022-02-02 20:58:39|0|0|10159534783068904|facebook
had your weekly dose of “ vaccine” cause it sure sounds like your the conspiracy nut The rest of us have see what is happening around the planet maybe if u bothered educating yourself from sources other than the media Trudeau bought and paid for u might realize it’s not about vaccines alone but our freedom from communism|10159535552508904|Ted S Ptak|2022-02-02 20:58:43|1|0|10159534783068904|facebook
It sounds to me like you're just simply describing yourself 🙂 Good luck following your $cience 🙂|10159537890883904|Jean-Guy Chauvin|2022-02-02 20:58:42|1|0|10159534783068904|facebook
I support truckers and their work. I don't support this. They want freedom in one of the freeer country in the world ...|10159535459148904|Doris Daigle|2022-02-02 20:58:39|0|0|10159534783068904|facebook
I could not say it any better.|10159535151853904|Alex Reyes|2022-02-02 20:58:43|1|0|10159534783068904|facebook
What conspiracy are you talking about?! This is about freedom of choice!! Get it?! Freedom of choice!! It's a free country not communism? Or is it?! With ppl like you...|10159535173963904|Simi Locacio|2022-02-02 20:58:43|1|0|10159534783068904|facebook
Vicki Baulch then all these far right ‘truckers’ can stay unvaccinated. You see how many conservatives have died needless deaths just to own the libs? Pretty pathetic and sad.|10159535246063904|Matty Mac|2022-02-02 20:58:43|1|0|10159534783068904|facebook
it is a waste of time to read your post Please align for the next shot Pas with care citizens like you !|10159535321648904|Dana Frum|2022-02-02 20:58:43|1|0|10159534783068904|facebook
just because you have freedoms doesn't mean you have to exercise it without responsibility, restraint and respect... When someone exercises their freedoms as if their freedoms some how trump the freedoms and rights of others, well then we all have problems... Your rights and freedoms are not so exclusive that it's okay if they infringe on the rights and freedoms of everyone in this great country.|10159535331418904|Fred Harris|2022-02-02 20:58:43|1|0|10159534783068904|facebook
so do I. I support the rest of the truckers too. You can do both.|10159535363773904|Leith Waldrum|2022-02-02 20:58:43|1|0|10159534783068904|facebook
I love when clowns promote hatred and lies.|10159535641518904|Jason Brinks|2022-02-02 20:58:43|1|0|10159534783068904|facebook
fake information, it’s everyone regardless of race, stance, culture, background, beliefs, sexuality ..your response has no ammo .. this isn’t about dividing people and situations, it’s about everyone Canadian today and taking a stance on their rights and freedoms.. wake up, and take your negative view elsewhere…|10159534873473904|Jen McMullin|2022-02-02 20:58:45|1|0|10159534783068904|facebook
it's absolutely not comparable to the Holocaust. This isn't a medical experiment. You're not a guinea pig. The vaccines have full Health Canada and FDA approval. All clinical trials are complete. Stop spreading misinformation. You have just summed up every anti person ever. I won't get it because I don't wanna be told what to do. You're supposed to be an adult, not a child throwing a temper tantrum. 10 billion doses have been given worldwide. There are children out there who are braver than you are. Grow up. Get vaccinated or don't but don't pitch a fit because your choice not to has consequences. And don't disrespect the victims and survivors of the Holocaust like this. It's gross|10159535708463904|Erin Johnson|2022-02-02 20:58:44|1|0|10159534783068904|facebook
Vaccine Talk: An Evidence Based Discussion Forum Lots of actual experts here from doctors to scientists and everyone in between.|10159535741893904|Erin Johnson|2022-02-02 20:58:44|1|0|10159534783068904|facebook
"who's hiter? But on serious note, what a completely nonsensical comment. The essence of your argument is ""government had done bad, why you trust em?"" Your lack of nuance astounds me"|10159535829863904|Ward Mercer|2022-02-02 20:58:44|1|0|10159534783068904|facebook
DL McNhic Amen!|10159536337238904|Roberta Hall|2022-02-02 20:58:44|1|0|10159534783068904|facebook
as you continue to inject yourself with a drug that isn’t working . Haha who’s the conspiracy nut ???|10159536453788904|Rolyat Nagemsit|2022-02-02 20:58:44|1|0|10159534783068904|facebook
we are one of the people who live in the centre of all that flooding. Our truck was locked in for a week and could not leave because all roads were closed. Our area was cut off and we had 1,000's trapped in the area. We spent days sandbagging and watch flood levels. I was on evacuation alert for 3 weeks. It was like Vietnam war zone with helicopters flying over nonstop. So what support did we get? Bonnie Henry disappointed that this inconvenience would slow down the vaccine rollout. The only reason you are saying this about vaccinated truckers is because you want to seem like you care or even understand. You don't. And we know it.|10159536468803904|Tina Laursen|2022-02-02 20:58:44|1|0|10159534783068904|facebook
why didn't you ask that when the Cons racked up most of the debt previous to covid? Probably because it wasn't convenient.|10159537858858904|DH Tremblett|2022-02-02 20:58:44|1|0|10159534783068904|facebook
So here we are 5 days into the blockade at the Coutts Alberta border crossing. Many, vaccinated truckers just trying to do their jobs, going south with Alberta beef, coming north with California produce. The produce will have rotted by now, how long can the beef stay viable? The best before dates are rapidly expiring at least even if it isn't rotting as well. Meanwhile, did real rebel truckers instigate this? The news coverage appears to show tractors with large bales blocking the road.|10159539857883904|Gordon-Karen Weighill|2022-02-02 20:58:44|1|0|10159534783068904|facebook
Never trust the G & M. They have been luring about this all week.|10159536339728904|Roberta Hall|2022-02-02 20:58:46|1|0|10159534783068904|facebook
and it’s about the unvaccinated who are prolonging all this through their selfishness and self-centrednes s.|10159536151193904|John Patte|2022-02-02 20:58:41|1|0|10159534783068904|facebook
🖕|10159536337908904|Brian David Lupton|2022-02-02 20:58:51|1|0|10159534783068904|facebook
in and out of thing you need to quit watching the CBC it's locked in your mind even smoke a marijuana wouldn't f somebody's mind up as bad as that|10159535696398904|Kris Payne|2022-02-02 20:58:49|1|0|10159534783068904|facebook
We are bringing more police to contain your bunch|10159535683753904|Bruce B. Craig|2022-02-02 20:58:41|1|0|10159534783068904|facebook
they destroyed so many businesses…|10159535444578904|Ryan Ross|2022-02-02 20:58:49|1|0|10159534783068904|facebook
"he's another elitist. He feels sorry for you. You and the fringe minority are just plebes who know nothing especially science. We don't deserve our freedoms because we'll get reckless and they can't have that. So we must stay in line.  Just give him his straight arm salute and say ""jawohl"""|10159536547323904|Seane Madge|2022-02-02 20:58:42|1|0|10159534783068904|facebook
The bulk of the people in Ontario ICU were admitted with Covid. That is not the result of the healthcare backlog, it is the cause of the backlog.|10159535659488904|Dorothy Anne Knight|2022-02-02 20:58:41|1|0|10159534783068904|facebook
yeah like recognize groups like antifa as domestic terrorists I think that would be a good idea you know antifa the anti-fascist pro-communist group that are violent remember the summer love in early 2001 when antifa was running around burning American cities to the ground with some members of BLM and Tifa with the white folks dressed in all black with their faces covered so nobody would recognize them and just to add that we have factions of antifa here in Canada not this the United States they're all over the world actually they're just a bunch of white spoiled privileged rich Millennials that don't work that live in their mommy and daddy's basement and they think violent protesting is there job|10159535550758904|Kris Payne|2022-02-02 20:58:49|1|0|10159534783068904|facebook
|10159535553148904|Kris Payne|2022-02-02 20:58:49|1|0|10159534783068904|facebook
not at all. My choice, your choice.|10159535647638904|Carol Haneberry|2022-02-02 20:58:41|1|0|10159534783068904|facebook
well that small Fringe minority protest ended up to be pretty peaceful and it was amazing there were people there from all different religions in minorities so I guess prime minister Justin Trudeau can't call them racist|10159535695068904|Kris Payne|2022-02-02 20:58:49|1|0|10159534783068904|facebook
you know that's the smartest thing I heard on this whole page I agree 100%|10159535700283904|Kris Payne|2022-02-02 20:58:49|1|0|10159534783068904|facebook
perhaps you should then enlighten yourself on what it means to be a responsible citizen in Canada, taking action to look after others instead of taking a selfish self-centered approach to existing at the expense of others. Freedom of choice, when it impacts others in society (I'm speaking of the antivaxxers clowns) and also then impacts the limited resources within our medical system to the point that those who have been responsible are kept from surgical procedures or other medical needs like cancer screening because of shortages in staff, equipment, ICU's, etc., is wholly irresponsible and unbecoming of a caring citizen. I choose to care about others and do my part. It's not being a sellout to take an active role in the greater society. I truly don't care about missing a bit of time in a restaurant or whatever, for however long is needed in order to get this under control. I travel freely too.|10159535367278904|Ken Knoflook|2022-02-02 20:58:48|1|0|10159534783068904|facebook
|10159535700668904|Kris Payne|2022-02-02 20:58:49|1|0|10159534783068904|facebook
2,700 trucks? Thought they were claiming there would be 50,000 trucks in the convoy.|10159535063798904|Jo-Anne Douglas|2022-02-02 20:58:39|0|0|10159534783068904|facebook
well said. Thanks|10159535036858904|Judy Schreinert|2022-02-02 20:58:50|1|0|10159534783068904|facebook
There are four idiots laughing at this sensible comment.|10159535311633904|Jan Carmichael|2022-02-02 20:58:50|1|0|10159534783068904|facebook
Britain drops most COVID-19 restrictions, including masks and vaccine passports. Canada needs to do the same|10159537942178904|Rick Shore|2022-02-02 20:58:39|0|0|10159534783068904|facebook
What a world to live in that so many can turn inconveniences for the safety of others into oppression. To have the freedom to protest that we dont care how many others die, we should get to drive where we want. Clearly oppressed.|10159534861148904|Toby Merker|2022-02-02 20:58:39|0|0|10159534783068904|facebook
he is following the protocol.|10159535245523904|Kim Maguire|2022-02-02 20:58:51|1|0|10159534783068904|facebook
not decide they've rushed prime minister Justin Trudeau to a different residence do not only prime minister Justin Trudeau is a liar but he's also a coward he brought these mandates in him and his government so he should have to face the backlash by dealing with the public|10159535579203904|Kris Payne|2022-02-02 20:58:51|1|0|10159534783068904|facebook
did not attack happen in Montreal different city on the Quebec|10159535555973904|Kris Payne|2022-02-02 20:58:48|1|0|10159534783068904|facebook
our country was founded with genocide of the aboriginal people but that doesn't mean people who love Canada are racist murders....|10159534932613904|Janet Snell|2022-02-02 20:58:48|1|0|10159534783068904|facebook
that's right facts u see on tv|10159535737608904|Lee Zubert|2022-02-02 20:58:41|1|0|10159534783068904|facebook
can you provide proof? Appreciated.|10159535408223904|Mike Brennan|2022-02-02 20:58:47|1|0|10159534783068904|facebook
Ummm it's not the media hon. Here is the organizer of the convoy, Pat King 👍🏼 maybe actually look into what you're saying first...  https:// twitter.com/ JaneQCitizen/ status/ 1483008554298605 568?t=4tUkPXNWN Mj260nAgRjWNQ&s =19|10159534868458904|Julia Marie|2022-02-02 20:58:47|1|0|10159534783068904|facebook
Yes!!!! THANK YOU!|10159534869163904|Julia Marie|2022-02-02 20:58:47|1|0|10159534783068904|facebook
So while citizens are here fighting each other Trudeau is sitting at home forcing vaccine mandates or stand to lose your jobs and make your families starve while his prosper ..taking away freedoms and sending you out to work hard ,pay taxes so that he can have his perks ,tax free benefits,,best medical ,pay his salary and more thanks to you the taxpayers once again...and will not fix the hospital problems since he doesnt go to them but redirects the money in the form of a loan yes $120 million of taxpayers dollars to Ukraine with whom we do not have a war...WELL DONE CANADIANS!!|10159534907618904|Priyanka Canada|2022-02-02 20:58:47|1|0|10159534783068904|facebook
They love SPREADING PROPAGANDA..BUT THIS MOVEMENT HAS ALREADY GONE VIRAL..|10159534974118904|Priyanka Canada|2022-02-02 20:58:47|1|0|10159534783068904|facebook
Ya. This is way past a few truckers voicing their disagreement with vaccine mandates. It's been taken over by the crazies who don't want YOU to have the power, but they want all the power for themselves, which eliminates many,many Canadians. Sad.|10159535041328904|Jane Addie|2022-02-02 20:58:47|1|0|10159534783068904|facebook
definitely|10159535087283904|Lisa Kurytnik|2022-02-02 20:58:47|1|0|10159534783068904|facebook
I know right. The media is disgusting!!!|10159535102183904|Marinella Gonzalez|2022-02-02 20:58:47|1|0|10159534783068904|facebook
Priyanka Singh speaking of propaganda.|10159535216278904|Brian David Lupton|2022-02-02 20:58:47|1|0|10159534783068904|facebook
Too late|10159535416413904|Wayne Dickson|2022-02-02 20:58:47|1|0|10159534783068904|facebook
So while citizens are here fighting each other Trudeau is sitting at home forcing vaccine(multipl e with boosters ) mandates or stand to lose your jobs and make your families starve while his prosper ..how many more vaccines and boosters can your family and your body take ??He is taking away freedoms and sending you out to work hard ,pay taxes so that he can have his perks ,tax free benefits,,best medical ,pay his salary and more thanks to you the taxpayers once again...and will not fix the hospital problems since he doesnt go to them but redirects the money in the form of a loan yes $120 million of taxpayers dollars to Ukraine with whom we do not have a war...WELL DONE CANADIANS!!|10159534913078904|Priyanka Canada|2022-02-02 20:58:48|1|0|10159534783068904|facebook
Patrick King and Tamara Lich don't represent everybody. They may have started this idea and they may have some personal issues, but it's grown to be a peaceful Canadian Freedom movement in case you haven't noticed yet.|10159535675958904|Jean-Guy Chauvin|2022-02-02 20:58:47|1|0|10159534783068904|facebook
what a load of 🐴💩. This is a political stunt paid for by anonymous donors and foreigners.|10159535831593904|Holly Greenberg|2022-02-02 20:58:47|1|0|10159534783068904|facebook
"""The group now says it will be holding a virtual vigil because of the truckers’ protest in downtown Ottawa and threats of violence emanating from some attendees.""  Aww, such a nice peaceful group for the rights and freedoms of all Canadians. I mean, except obviously for the Muslims who were targeted for the color of their skin and suffered a tragic loss. But the convoy isn't racist or anything..."|10159534847343904|Kevin Edward-Sage Beck|2022-02-02 20:58:39|0|0|10159534783068904|facebook
Ray Purchase I can't imagine the mental gymnastics it takes to see something organized by literal holocaust deniers & racists and somehow thinking that they're actually for the freedom of all Canadians.  The convoy was still organized by a group of holocaust deniers, white supremacists and literal neo-Nazis, so I feel sorry for the brainwashing and lack of understanding she has to think they think of her as anything but another number before getting tossed aside and unfortunately back to being harassed by the people she's associating with.|10159534855668904|Kevin Edward-Sage Beck|2022-02-02 20:58:48|1|0|10159534783068904|facebook
if everyone got vaccinated then everyone would get covid easier and that would inevitably result in people going to the ICU|10159535459298904|Kevin Pera|2022-02-02 20:58:41|1|0|10159534783068904|facebook
Ray Purchase Oof, these are the ppl that ORGANIZED IT.|10159534871588904|Julia Marie|2022-02-02 20:58:48|1|0|10159534783068904|facebook
👏🏼👏🏼👏🏼👏🏼|10159534872163904|Julia Marie|2022-02-02 20:58:48|1|0|10159534783068904|facebook
you need to go sing Kumbaya and light a candle under your portrait of Che Guevara|10159534873208904|Mark Vasko|2022-02-02 20:58:48|1|0|10159534783068904|facebook
Find the latest lies and fearmongering here. Keep going after that bribe money|10159535389853904|Jason Brinks|2022-02-02 20:58:39|0|0|10159534783068904|facebook
