﻿comment|comment_ids|username|datetime|isreply|num_replies|post_id|label
We have a trucker palooza going on now, biggest party this country has ever seen, and it's not ending anytime soon ...|10159566114648904|Robert Smith|2022-02-16 18:58:01|1|7|10159566066593904|facebook
That's the problem, it isn't a national emergency. It could have been handled by a competent local police chief. The PM is using this as another power grab. He's been at it since his first term.|10159566286403904|Karl Raffelsieper|2022-02-16 18:57:41|0|5|10159566066593904|facebook
Karen Riley Congdon the protestors are your neighbours and far from terrorists.|10159566482433904|Robert Boyd|2022-02-16 18:57:49|1|3|10159566066593904|facebook
It’ll be something like - but,but,but Harper ! 🤣🤣|10159566231103904|Angela Best|2022-02-16 18:57:45|1|3|10159566066593904|facebook
indidnt saying was the government, I said certain rich individuals. Maybe you should try to keep up.|10159566437503904|Rob Moulton|2022-02-16 18:57:55|1|3|10159566066593904|facebook
This is just another power grab. Ceasing a protestors’ property is as authoritarian as it can get.|10159566101093904|Hassaan Ahmed|2022-02-16 18:57:41|0|3|10159566066593904|facebook
That was on Unceded Land, thereby harder to control and access|10159566275498904|Richard Evans|2022-02-16 18:57:45|1|3|10159566066593904|facebook
https:// www.google.com/ url?sa=t&source= web&rct=j&url=h ttps%3A%2F%2Fan gusreid.org%2Ft rudeau-convoy-t rucker-protest- vaccine-mandate s-covid-19%2F&v ed=2ahUKEwi005X vvoT2AhUDCjQIHT c2D-sQFnoECC0QA Q&usg=AOvVaw04T BabBl8MRz_gcBRQ 9ius|10159566327498904|Jim Preyde|2022-02-16 18:58:02|1|3|10159566066593904|facebook
"ok, fair enough, stick your fingers in your ears and go ""LA LA LA I can't hear you"", that won't change reality.  😉  Here's one more....  https:// www.google.com/ url?sa=t&source= web&rct=j&url=h ttps%3A%2F%2Fva ncouver.citynew s.ca%2F2022%2F0 2%2F12%2Ftwo-th irds-of-canadia ns-support-mili tary-force-to-e nd-ottawa-prote sts-poll%2Famp% 2F&ved=2ahUKEwj FyZrYr4T2AhXipF sKHVfmDW0QFnoEC BsQAQ&usg=AOvVa w2v0qBTAeutYWGg 4bfqBCfr"|10159566250063904|Jim Preyde|2022-02-16 18:58:02|1|3|10159566066593904|facebook
he's not hoping anywhere. In case you missed the news we just elected him 6 months ago.|10159566291618904|Brian David Lupton|2022-02-16 18:57:46|1|3|10159566066593904|facebook
I can't imagine that further government mandates and overreach is going to calm people protesting government mandates and overreach. If Trudeau thinks invoking martial law is the answer, he's delusional. This isn't the end of the protests, it's the beginning.|10159566259648904|Darren TB Keeler|2022-02-16 18:57:41|0|3|10159566066593904|facebook
The regime is weak and falling. They’re going for broke. Totally desperate.|10159566283928904|Dave Bellemare Gosselin|2022-02-16 18:57:41|0|3|10159566066593904|facebook
It’s not an occupation. It’s a circus. Brought to you by the incompetent Trudeau.  Whom just declared war on citizens refusing to bend to his will.  The entire country should be demanding the dissolution of the Trudeau minority government now.|10159566472973904|Steve Del Brocco|2022-02-16 18:57:58|1|2|10159566066593904|facebook
yeah right they were. It went on and on and with something called violence. Btw, only one lane of the Ambassador Bridge was closed. I'm in Ottawa and surrounded by folks in the government. The blockade was a play on words. Bet you don't know anyone in the CBSA yes? CN sued for $275 million in damages but ask yourself why the lawsuit was quietly dropped. You're not too good at this now are you? You have to expect this from someone who proudly shows the world he supports the CBC. Well done there bub.|10159566318198904|Grayson May|2022-02-16 18:58:02|1|2|10159566066593904|facebook
i suppose you support him giving money to convicted terrorists also?|10159566265998904|Earl Stewart|2022-02-16 18:58:02|1|2|10159566066593904|facebook
No? But Trudeau gave a real terrorist $10.5 million and an apology, supports B.L.M and says he admires the government structure of China.|10159566506278904|Ian Kimm|2022-02-16 18:57:49|1|2|10159566066593904|facebook
In 2010, the Supreme Court found the treatment of Khadr offended 'the most basic Canadian standards' These basic standards don't apply to Canadians then? Just real terrorists.|10159566529458904|Ian Kimm|2022-02-16 18:57:49|1|2|10159566066593904|facebook
Our leadership is brutal. They can’t even sit down and have a conversation. This whole situation is a result of people trying to communicate their needs to a Prime Minister who has been using communication limiting tactics towards the population. Minimizing peoples voices. Obstructing conversation. Avoiding discussion. Closing parliamentary forums. Just brutal.|10159566380508904|Robert Boyd|2022-02-16 18:57:41|0|2|10159566066593904|facebook
do you maybe think the Lich was one of the people who wrote the MOU? Were the 250k signatures Canadian and if so that's really not alot considering it involved the four western provinces.|10159566558753904|Karen Ripley Congdon|2022-02-16 18:57:49|1|2|10159566066593904|facebook
it’s the biggest tailgate party in the world and our moron leaders called them terrorists.|10159566617508904|Robert Boyd|2022-02-16 18:57:49|1|2|10159566066593904|facebook
we don't negotiate with terrorists.|10159566458068904|Jim Preyde|2022-02-16 18:57:49|1|2|10159566066593904|facebook
I have never heard of a union trying to overthrow a legitimately elected government . I have never heard of a union trying to shut down the nation's economy.|10159566629553904|Jim Preyde|2022-02-16 18:57:49|1|2|10159566066593904|facebook
Let me correct your sentence. You don’t know how to read.|10159566347208904|Peter Ross|2022-02-16 18:58:02|1|2|10159566066593904|facebook
Can also be stated as a trudeau suporter if you wish|10159566355598904|Earl Stewart|2022-02-16 18:58:03|1|2|10159566066593904|facebook
What is more worrisome is the foreign far right money and organizers behind all this.|10159566301603904|Jennifer Palin|2022-02-16 18:57:41|0|2|10159566066593904|facebook
Oh, my, sorry for my inappropriate timing, Sir! 🤣 As a good Canadian citizen I promise you, it will never happen again. My apologies. 🙏 Please, don't mention about my bad behavior to our beloved teacher, I don't deserve any more detentions. Again, my apologies. 🤣|10159566279338904|Sophie Buzora|2022-02-16 18:57:46|1|2|10159566066593904|facebook
Your fb page says you think it's important to care for the weakest people among us. Without vaccine mandates more vulnerable people will get sick and die. How do you feel about that?|10159566514358904|Jennifer Palin|2022-02-16 18:58:04|1|2|10159566066593904|facebook
this is not marshal law.|10159566282408904|Geri Horsford|2022-02-16 18:57:51|1|2|10159566066593904|facebook
Thanks to all who got vaccinated and followed mandates❣️|10159566236888904|Susan Larocque|2022-02-16 18:57:41|0|2|10159566066593904|facebook
"Depends on who has infiltrated the group and has other intentions. Why is it that American billionaires are funding a blockadenof Canadian assets, rather than protestingnthei rnown laws? Answer: its not about the mandates, it's about trying to install an oil friendly regime. Note that the convoy play I'd an exact repeat ofbthe last ""protest"", and it's largely the same groups of people?"|10159566260788904|Rob Moulton|2022-02-16 18:57:41|0|2|10159566066593904|facebook
now THATS a conspiracy theory 😂|667115791085959|Isabel Sander|2022-02-16 18:57:55|1|1|10159566066593904|facebook
well you should admit you are wrong right now. I disagree with Trudeau. Always have but he got this right. Where he was wrong was in waiting so long. Ironic that you are opposed to BLM who are fighting real injustices but you support American interlopers. Funny how two weeks before this started, BLM blockaded one corner of a side street and were allowing traffic through after stoping them and giving pamphlets, yet they were arrested less than two hours later. Why should the citizenry support people who are punishing them for something they didn’t do? Funny how they waited until the government announced that they were rolling back the mandates. I will give you that the organizers are very sly. At least I can vote Trudeau out. These people have no accountability.|10159567391308904|Mary Dale|2022-02-16 18:57:54|1|1|10159566066593904|facebook
who wants to go near this infectious diseases convoy anyways?|10159566106033904|Andres Ruiz|2022-02-16 18:58:00|1|1|10159566066593904|facebook
hilarious, I triggered you because you're answer came back like you smashed on the keyboard with communicate and the misspelled memes. Take a Xanax lmao|10159566849553904|Grayson May|2022-02-16 18:57:53|1|1|10159566066593904|facebook
nah, was multitasking. Triggered? Xanax? Are you projecting?|10159566851898904|Senia Ra|2022-02-16 18:57:53|1|1|10159566066593904|facebook
"Literally sending in tanks to ""evict"" kids from bouncy castles, is not the kind of Canada I imagined I would come to live in."|10159566093298904|Robert Smith|2022-02-16 18:57:41|0|1|10159566066593904|facebook
Had Trudeau arranged a civil meeting with the demonstrators when they arrived, this matter would have been over in hours/days. They only wanted to live without government abuse of power, diktats, and unscientific mandates. Instead they got more abuse of power, more diktats, more threats and everyone who disagrees with Trudeau is now branded as a terrorist. Ironic that he supports B.L.M Both houses must approve these measures before they become law. Contact your m.p. before the vote. I have. An incorrect statement regarding a $10.5 million payment has been edited out. Unlike Trudeau, I can admit when I am wrong!|10159566507423904|Ian Kimm|2022-02-16 18:57:41|0|1|10159566066593904|facebook
Tamara who? Why would he just because she is the mouth piece for party that wants to separate Canada and replace Trudeau with a triad. Just because she is Pat King co chair. So you want pour legally elected PM to sit down with a racist and a separatist. What a joke!|10159566489393904|Karen Ripley Congdon|2022-02-16 18:57:59|1|1|10159566066593904|facebook
"Rita Furletti-Stansa How can oyu say ""talking to these people is pointless""??? Hw can you know that since no one has tried to talk to ""these people""!!😡"|10159566374728904|Linda Nichol|2022-02-16 18:57:59|1|1|10159566066593904|facebook
Strange that you support an organization that rioted, burnt down black owned shopping malls and destroyed the livelihoods of the local citizens who worked there. Portland had over 100 nights of riots in Portland recently. But you say that is o.k. Canadians however who are having bbq's bouncy castles etc are worthy of the E.P.A Had Trudeau met with them, which is all they asked for, the protest would have been over is a few days. Remember that poem that ends Then they came for me And there was no one left To speak out for me|10159567447528904|Ian Kimm|2022-02-16 18:57:54|1|1|10159566066593904|facebook
Rita Furletti-Stansa And you have seen that personally, have you? Amazing how I have not seen any actual physical footage of what you claim.  Trudeua could have sat down with Tamara Lich and the two others that helped organize the Freedom Convoy 2022. I have watched them in press conferences and they seem reasonable and calm. Instead he has insulted and inflamed the situation.|10159566433333904|Linda Nichol|2022-02-16 18:57:59|1|1|10159566066593904|facebook
Seems a lot more people support the convoy and the party atmosphere that ensue, than voted for the PM ...|10159566108363904|Robert Smith|2022-02-16 18:58:00|1|1|10159566066593904|facebook
BINGO let’s see what the libtards got to say about this|10159566225768904|Justin Walters|2022-02-16 18:57:45|1|1|10159566066593904|facebook
the occupation of the counties capital is a national concern. Even if the occupation are white christian nationalists.|10159566274358904|Janice Gougeon|2022-02-16 18:57:58|1|1|10159566066593904|facebook
If it’s localized then it’s not national now is it?|10159566258983904|Steve Del Brocco|2022-02-16 18:57:41|0|1|10159566066593904|facebook
Trying to install an oil friendly regime? Are you nuts? The US has been funding the smear campaign against our oil industry. Try to make sense please.|10159566371223904|Linda Nichol|2022-02-16 18:57:55|1|1|10159566066593904|facebook
why would American billionaires want more oil production in another country?|10159570682363904|Jim Peters|2022-02-16 18:57:55|1|1|10159566066593904|facebook
maybe you should join them and give your opinion 🤔 https:// www.angusreidfor um.com/en-ca/ Landing/ New-male-ROC?src =ari-0420|10159566268933904|Janet Snell|2022-02-16 18:58:02|1|1|10159566066593904|facebook
maybe, if your a trucker. Why not start a trucker-palooza once a year to channel that energy, maybe it's the talk radio they tune into.. could be worse than violent video games|10159566112783904|Andres Ruiz|2022-02-16 18:58:00|1|1|10159566066593904|facebook
loserpalooza|10159566126923904|Rob Scott|2022-02-16 18:58:01|1|1|10159566066593904|facebook
You'll want to read my post again Kerry. They have to go; they lost about 10 days ago, and haven't figured it out yet - because they're REALLY bad at activism.|10159566272643904|Bill Ferguson|2022-02-16 18:58:11|1|1|10159566066593904|facebook
Well no, that action specifically isn't, but border blockages are. These people lost around 11 days ago and still haven't figured it out. They're basically the head & symbol of the Silly Revolt of Delusion, so they have to go.|10159566241998904|Bill Ferguson|2022-02-16 18:57:43|0|1|10159566066593904|facebook
This was just the Groper's way of finally getting that unlimited power he unsuccessfully tried for last year.|10159566195798904|Frederick Hollinger|2022-02-16 18:57:43|0|1|10159566066593904|facebook
but they aren't, and they have been given precedence. They actually think they won and that is why mandates are ending. Just wait till they want something else.|10159566494183904|Janice Gougeon|2022-02-16 18:58:07|1|1|10159566066593904|facebook
Thats how fascists roll #LOCKTHEMUP|10159566455078904|Bonnie Cull|2022-02-16 18:58:07|1|1|10159566066593904|facebook
so blocking hiways is ok when you want them blocked lol|10159566296763904|Chuck Seward|2022-02-16 18:58:07|1|1|10159566066593904|facebook
The farmers in India deserved Canada's support. These freedumb fighters do not.|10159566285023904|Janice Gougeon|2022-02-16 18:58:07|1|1|10159566066593904|facebook
how long do you think Trudeau should let these idiots disrupt the nations capital? I mean really? How long? I'm sure if it was left wing protest on your doorstep you'd be singing a much different tune.|10159566281803904|Janice Gougeon|2022-02-16 18:58:07|1|1|10159566066593904|facebook
Odd that Trudeau supported the farmers in India blocking hiways but hates when hiways in canada get blocked lol|10159566190908904|Chuck Seward|2022-02-16 18:57:41|0|1|10159566066593904|facebook
You have my sympathy. Must be hard living with all those alt-right ghosts in your head every day! How much rent are you charging Trump for living there?🤣|10159566455793904|Linda Nichol|2022-02-16 18:58:04|1|1|10159566066593904|facebook
"They won't be giving food and gas and any supplies for long. That can get them a fine and/or arrested. I'm all for that. This lunatic fringe must be told to stop harassing and terrorizing people who live in the area and work there. The Rideau Center, the downtown mall, has been closed this entire time. How many hundreds of people lost their jobs? How many businesses will close because of these selfish, entitled bullies? They don't want to ""discuss"" anything. They want their demands met or they would rather burn the country down. That is UNACCEPTABLE."|10159566512353904|Mary Jo Welch|2022-02-16 18:58:03|1|1|10159566066593904|facebook
|10159566344363904|Earl Stewart|2022-02-16 18:58:02|1|1|10159566066593904|facebook
you post dumb meaningless polls? As a seasoned global analyst and economist of 40 years, this is what is really going to rip Canada a new one thanks to the pre-COVID mismanagement of Canada by Trudy and crew plus the crap he layered on since. Let's pick this up in a few years as our standard of living which has already declined nicely on a relative scale is down even more : https:// www.ft.com/ content/ 7ddd7ae4-f310-4c 8e-a3f3-054ed6e 51250?fbclid=Iw AR03Cl54WaxlxgD a2UPF59Cjqg5vOk gHpQ1qvPaIJzOLg gMYR6lW7yX9_M0|10159566341323904|Grayson May|2022-02-16 18:58:02|1|1|10159566066593904|facebook
yes, Canadians were this upset and the authorities moved in to stop them. Bouncy castles and hot tubs aren't a big problem.  This is (and I'm not sure why any sane person thinks it's a good idea)....  https:// www.google.com/ url?sa=t&source= web&rct=j&url=h ttps%3A%2F%2Ffi nancialpost.com %2Fnews%2Fhow-t he-ambassador-b ridge-blockade- hit-canadas-eco nomy-and-our-re putation%2Fwcm% 2Fb1607bc3-c5e0 -45a4-a2b8-b2db 56997ff7%2Famp% 2F&ved=2ahUKEwj 1-vLVu4T2AhVEHj QIHVc0DhAQFnoEC CsQAQ&usg=AOvVa w3lihqQb3Gqttjw IzDCYRXc|10159566310023904|Jim Preyde|2022-02-16 18:58:02|1|1|10159566066593904|facebook
were the Cdn people this upset about the FN when the cost jobs, businesses to close, supply chains in and out of Canada to be disrupted, rail lines to be burned, crossings to be blocked and destroyed, locomotives to be attacked and container cars to have fires set ablaze beside them when they contained volatile chemicals and oil two years ago? Hmm, a nation of hypocrites yes? This was a violent protest, bouncy castles, hot tubs and some honking horns, not so much.|10159566305513904|Grayson May|2022-02-16 18:58:02|1|1|10159566066593904|facebook
a poll? Lololol|10159566301023904|Peter Ross|2022-02-16 18:58:02|1|1|10159566066593904|facebook
I think a lot of people are disappointed with Trudeau because he has not cracked down soon enough.|10159566289078904|Jim Preyde|2022-02-16 18:58:02|1|1|10159566066593904|facebook
some polls (Mora) say 20% fully support the Truckers and 58% want them removed/fined. Not looking promising. That said, the same poll shows 16% fully approve of Trudeau's handling of the Convoy|10159566268968904|Richard Evans|2022-02-16 18:58:02|1|1|10159566066593904|facebook
Top fan |10159566576423904|Grayson May|2022-02-16 18:57:53|1|1|10159566066593904|facebook
sorry jim i don't have time to read fake news articles paid for by trudeaus tyrannical regime I'd rather read something that is truthful like most peoples opinions i have seen that seem a more honest read than a one sided reporter to me|10159566244463904|Earl Stewart|2022-02-16 18:58:02|1|1|10159566066593904|facebook
well of COURSE, Janet! Any poll that doesn't back your agenda can't POSSIBLY be real, right?  😂🤣🤣😅  That might be a comforting tactic, just don't expect to be taken seriously!  😉|10159566240063904|Jim Preyde|2022-02-16 18:58:02|1|1|10159566066593904|facebook
is that you? People that com,municate through memmes usually have anxiety issues. Get help.|10159566578833904|Senia Ra|2022-02-16 18:57:53|1|1|10159566066593904|facebook
Remember… Two years ago.  Six weeks of blockaded rail lines, 60+ ships awaiting unloading at both East & West coasts, Quebec in dire need of propane which couldn't be shipped via rail due to blockades.  Sabotage, fires, thousands laid off, food/ necessities shortages, CN sued for $270M (was dropped), property damaged.  And not once was an Emergencies Act even suggested. !!!  #TrudeauMustGo|10159566220088904|Angela Best|2022-02-16 18:57:41|0|1|10159566066593904|facebook
only because they were telling everyone what their plan was. A racist and a separatist telling us how to live in our country. Nope not going to happen.|10159566509833904|Karen Ripley Congdon|2022-02-16 18:57:49|1|1|10159566066593904|facebook
Supports China? Wow, you make him sound almost as bad as this guy.  Nice try though.  https:// www.google.com/ url?sa=t&source= web&rct=j&url=h ttps%3A%2F%2Fre zel.ca%2F2020%2 F12%2Fharper-no t-trudeau-invit ed-chinas-peopl e-liberation-ar my-troops-to-ca nada%2F&ved=2ah UKEwiNmurl3oT2A hVMGDQIHYQvD00Q FnoECAQQAQ&usg= AOvVaw3npBSTtR2 l83_ty7gvacXC|10159566526563904|Jim Preyde|2022-02-16 18:57:49|1|1|10159566066593904|facebook
no it's because they're all evil and that will never prosper. Anyone supporting evil tyranny is in for a toxic wake-up to how extensively they're allowed themselves to be manipulated. It has unified Canada and the World. Anyone arguing for these leaders is arguing for their own demise.|10159566350363904|Will Live|2022-02-16 18:57:50|1|1|10159566066593904|facebook
the Alberta teachers union invested over $50k dollars of members dues, without ratification, into David Suzuki and Zeporah Burman to aid in destabilization conservative politics in Alberta. To destabilize the leader source of revenue for our nation. These people think it’s ok to support terrorist activity. To bomb infrastructure in the name of the environment. That’s what I call unions supporting political overthrow.|10159566662208904|Robert Boyd|2022-02-16 18:57:49|1|1|10159566066593904|facebook
I think it's a beautiful celebration of Trudeau's leaving...|10159566244643904|Sophie Buzora|2022-02-16 18:57:41|0|1|10159566066593904|facebook
oh please don’t get me excited it’s still too early in the day|10159566265483904|Mikey Surla|2022-02-16 18:57:46|1|1|10159566066593904|facebook
really a bunch of people with bouncy castles BBQ and hot tubs !!!|10159566610823904|Glen Edwards|2022-02-16 18:57:49|1|1|10159566066593904|facebook
That is horrifying. Omicron wearing down and ppl want to impose more restrictions. All i can see in my mind is unvaxxed; forbidden entry, over and over again. I will not stand for this. This is evil. It is how evil begins and continues.|10159566385923904|Clara Chol|2022-02-16 18:57:50|1|1|10159566066593904|facebook
BOT/ TROLL|10159566470843904|Karen Ripley Congdon|2022-02-16 18:57:50|1|1|10159566066593904|facebook
🙏 I'm still dreaming, but I know, I'll wake up in one minute... 🙁|10159566296453904|Sophie Buzora|2022-02-16 18:57:46|1|1|10159566066593904|facebook
Telling everyone what their plan was? It was a public on-line petition! Lol! With over 250k signatures.  Anyway I was glad to reas that they withdrew the MOU. I did not support that. As much as I dislike our totally useless federal government ... I do not believe in overthrowing it. We are a country with the rule of law.  And folks like you are truly showing your hypocrisy with the way you speak about Tamara Lich. You do know that every province could have its own federally registered separatist party -like Quebec has had for decades? I have yet to see any of you insulting Blanchet the way you do Lich.|10159566552343904|Linda Nichol|2022-02-16 18:57:49|1|1|10159566066593904|facebook
remember in the pandemic when Trudeau tried to sneak into a bill that he would have control for two years.|10159567157818904|Louise Michelle|2022-02-16 18:57:50|1|1|10159566066593904|facebook
I don't know Karen but if her neighbors want to overthrow a legitimately elected government and grind the economy to a halt she may want to consider moving.|10159566584513904|Jim Preyde|2022-02-16 18:57:49|1|1|10159566066593904|facebook
actually, no the PM I'd acting on behalf of the people.  https:// www.google.com/ url?sa=t&source= web&rct=j&url=h ttps%3A%2F%2Fgl obalnews.ca%2Fn ews%2F8532791%2 Fcovid-unvaccin ated-restrictio ns-tax-poll%2Fa mp%2F&ved=2ahUK EwjR4ZXOvIT2AhX 1CjQIHR29BdEQFn oECAQQAQ&usg=AO vVaw3JMhbORZbzE twJLwvBYEqY|10159566317733904|Jim Preyde|2022-02-16 18:57:50|1|1|10159566066593904|facebook
is a consequence of an illegal act|10159566270343904|Paz Carmen Humaña|2022-02-16 18:57:53|1|1|10159566066593904|facebook
Isee you completely ignored the link that Marilyn gave you. The MOU has been withdrawn.|10159566507693904|Linda Nichol|2022-02-16 18:57:49|1|1|10159566066593904|facebook
“seizing” and it is not a protest anymore , it is an occupation using trucks as weapons, polluting and disturbing.|10159566236883904|Senia Ra|2022-02-16 18:57:53|1|1|10159566066593904|facebook
Source?|10159566103373904|Andres Ruiz|2022-02-16 18:57:53|1|1|10159566066593904|facebook
read the MOU!|10159566494878904|Karen Ripley Congdon|2022-02-16 18:57:49|1|1|10159566066593904|facebook
100%|10159566231978904|Justin Walters|2022-02-16 18:57:45|1|1|10159566066593904|facebook
you do know his margin of victory Was less then the 200,000 uncounted votes that were in the mail system You may have missed that little tidbit a few weeks ago Funny how this stuff happens 😂|10159566344543904|Mikey Surla|2022-02-16 18:57:46|1|1|10159566066593904|facebook
Typical Globe and Mail. The crisis is over when big companies can get supplies. But normal citizens assailed by thugs in a besieged city? Nah! who cares?|10159566707023904|Peach Akerhielm|2022-02-16 18:57:41|0|0|10159566066593904|facebook
You fascists are freaking hilarious. Post your address and we can send a bunch of people to block off your neighborhood.|10159566346288904|Peter Ross|2022-02-16 18:58:02|1|0|10159566066593904|facebook
Are you for real the vax is killing people like flies....Wake up!|10159567373653904|Eddie Davidson|2022-02-16 18:58:04|1|0|10159566066593904|facebook
Where did I say I was against vaccination? I am fully vaxxed, as are most of my friends. A lot of people across Canada who support this protest are vaccinated. That is not the issue.  Two issues  Why did our government put this mandate on truckers now, after two years and with a country that has a 90% vaccination rate (which he is always bragging about). No one cared about their vaccination status for those two years. The vaccine has proven to not be the panacea we all hoped it would be. Vaccinated people can still get the virus. So, as far as I am concerned the damage done to peoples mental health and livelihood from lockdowns... is now becoming worse than the threat of getting sick.  Secondly... even though I believe in the vaccine and have encouraged people to get it ... I still believe in free choice. It is a slippery slope when you start mandating what people should do with their own bodies.|10159566581638904|Linda Nichol|2022-02-16 18:58:04|1|0|10159566066593904|facebook
You lost, WAHHHH #NEVERCON|10159566452378904|Bonnie Cull|2022-02-16 18:57:46|1|0|10159566066593904|facebook
Christopher Cole, FDA executive officer of counter measures initiative  https:// youtu.be/ 6nSXHrmOy8o|10159566482713904|Jane Rawluk|2022-02-16 18:58:04|1|0|10159566066593904|facebook
is your street blocked?|10159566350088904|Earl Stewart|2022-02-16 18:58:03|1|0|10159566066593904|facebook
it’s perfectly alright But as a male it doesn’t take much to get us excited in the morning 😂 May you Have a blessed day And let’s hope your right on this one Or I may have to give you a couple of my social credits|10159566282293904|Mikey Surla|2022-02-16 18:57:46|1|0|10159566066593904|facebook
Umm we’re you the one waving the Nazi signs?|10159566409618904|Peter Ross|2022-02-16 18:58:03|1|0|10159566066593904|facebook
I agree Fred! Gawd bless the about 85% of cross-border 'truckers' who simply took 30 seconds and linked their QR to their FAST Card and carried on like grown-up professionals used to ever shifting rules and bureaucracy at the border.  Most who chose not to get vaccinated simply called their dispatchers and told them they'd only be available for domestic runs.  A VERY few did nothing to protect their livelihoods and families for 5 months, then when the deadline came, whined and DEMANDED Special Treatment ... no Personal Responsibility, no pulling themselves up by their bootstraps ... so ... screw those guys.|10159566720388904|Bill Ferguson|2022-02-16 18:58:03|1|0|10159566066593904|facebook
Good bless the truckers|10159566414043904|Fred Augustyniak|2022-02-16 18:57:41|0|0|10159566066593904|facebook
If this goes through this will be a crime against humanity and the Block and the NDP will be held responsible for siding with this corrupt government. because the people will not go easy into the night, I will not be a slave to a communist government.|10159566622058904|Roger Vincent|2022-02-16 18:57:41|0|0|10159566066593904|facebook
It is far far more than a localized inconvenience when: 1) the seige/ occupation/ blockade in Ottawa is directly linked to, and part of, coordinated domestic terrorism committed on Canadian businesses and citizens via other seiges, occupations and blockades elsewhere 2) the seige/ occupation/ blockade in Ottawa is led/organized and majorly influenced by criminals, anarchists and far-right extremists whose collective goal is to remove Canada's democratically elected government and replace it with an illegitimate government 3) participants commit numerous criminal acts including threats, intimidation, bullying, assualts and other forms of violence 4) participants terrorize local businesses and residents, causing them to feel threatened and scared 5) participants prevent local infrastructure from operating including hospitals and other critically needed supports 6) participants prevent already fincially stressed local businesses from operating 7) participants weaponized their vehicles against police and residents, 8 ) participants carry guns, knives and body armour for the purposes of doing harm to police forces 9) participants use their own children as human shields against possible police use of dispersal tactics, such as tear gas bombs, to break-up the illegal and unlawful seiges, occupations and blockades 10) illegal and unlawful seiges/ occupations/ blockades on Canadian soil are being funded by foreign powers whose goal is the interference in Canadian politics and the removal of Canada's democratically elected Canadian government to replace it with an illegitimate government 11) particiapnts openly and shamelessly carry signs and symbols of hatred, bigotry, racism, anti-semitism, neo-Nazism and violence 12) etc. etc. etc. etc.|10159567427303904|Gordon Earle|2022-02-16 18:57:41|0|0|10159566066593904|facebook
The stopping of border traffic is an existential threat, however. The are the same kind of guys. Throw the book at them!|10159567022878904|Daniel W. Ostler|2022-02-16 18:57:41|0|0|10159566066593904|facebook
I’m a downtown Ottawa resident (Laurier ave.), have lived in Ottawa my entire life (31 years). I support the freedom movement, in fact I know more for it. I actually don’t know anyone personally that’s against the movement/ protest.|10159566423553904|William O'Brey|2022-02-16 18:57:41|0|0|10159566066593904|facebook
Globe and mail. Bought and paid for by the liberal party of Canada.|10159566712803904|Mark Whitney|2022-02-16 18:57:41|0|0|10159566066593904|facebook
"sorry dear but everyday they walk right past the cops who have actually just stood there and let them bring gas cans, food and water. Even today while they handed out leaflets warning of arrests. You're simply too far away and dreaming. A few food trucks have been making a mint. One guy who is usually outside our office tower moved closer. He told us he's made more money in a month than a whole summer tourist season!! Good on him after two years of lockdowns. Btw, the Rideau Centre was a ""voluntary"" shutdown. My jeweler has a second store in the west end and he's pissed off he was MADE to shutdown. He's rotating staff in the west end store so they have some income. No one has lost anything. The managers of the mall made the decision and not the realtors. Sorry lady but you are so ignorant. Hell, I may even go out and feed some truckers now thanks to you. Woo Hoo!"|10159566558698904|Grayson May|2022-02-16 18:58:03|1|0|10159566066593904|facebook
https:// www.merriam-webs ter.com/ dictionary/ fascism#:~:text= 1%20often%20cap italized%20%3A% 20a%20political ,and%20forcible %20suppression% 20of%20oppositi on|10159566355198904|Earl Stewart|2022-02-16 18:58:03|1|0|10159566066593904|facebook
you do know his margin of victory Was less then the 200,000 uncounted votes that were in the mail system You may have missed that little tidbit a few weeks ago Funny how this stuff happens 😂|10159566342848904|Mikey Surla|2022-02-16 18:57:46|1|0|10159566066593904|facebook
Not a prime minister...a pretend minister...|10159566509673904|Stan Riedel|2022-02-16 18:58:03|1|0|10159566066593904|facebook
you have no earthly idea what living under an autocratic regime is like. You should do some reseat before posting your uniformed opinions.|10159566411963904|Peter Ross|2022-02-16 18:58:03|1|0|10159566066593904|facebook
These people had a stated goal of the overthrow of the government. Seize the vehicles. End their licenses. End their insurance.|10159566659948904|Ralph Ellis|2022-02-16 18:57:41|0|0|10159566066593904|facebook
that's exactly what they said it would be.|10159567817443904|Jan Carmichael|2022-02-16 18:57:41|0|0|10159566066593904|facebook
Those people in the hot tubs and parked on the street are pawns in someone else agenda. Come G&M do a little research. What about the MOU what about the group in the parking lot. They have a separate agenda. Your journalist can't be that stupid.|10159566467608904|Karen Ripley Congdon|2022-02-16 18:57:41|0|0|10159566066593904|facebook
They do deserve our thanks for volunteering to test this experimental drug.|10159566380678904|Gary Larivee|2022-02-16 18:58:08|1|0|10159566066593904|facebook
Listen to the PMs first address about this. If you don’t have working ear drums, read it. It explains this. Laughable.|10159566464768904|T Andrew Burnett|2022-02-16 18:57:43|0|0|10159566066593904|facebook
But, you are correct Richard. Most 'truckers' simply took 30 seconds and linked their QR to their FAST Card. They're used to constantly shifting rules & bureaucracy at the border, and adapt like grown-up professionals.  Some who didn't WANT to get vaccinated, simply called their dispatcher and told them they'd take domestic runs (and there's LOTS of those)  .... a few others did nothing to protect their jobs and families for 5 months, then when the deadline came, whined and demanded 'Special Treatment' ... so .... no Personal Responsibility, no pulling themselves up by the bootstraps .... screw those guys.|10159566294103904|Bill Ferguson|2022-02-16 18:58:11|1|0|10159566066593904|facebook
"True Richard. Aside from 'protesting' something that was happening anyway, there's other bad activism;  bringing nothing to the table - no medical/ scientific justification for ""ending all mandates"" - no Risk Assessment - No Cost/Benefit Analysis - not plan to ""end all Mandates"" in each province - no plan to ""end all Mandates"" at the border without giving the US a HUGE market advantage just if freight carrier contracts ... and no idea there's two sides to the border, and 3 countries involved:  There will be no ""plan"" for border restrictions that's arbitrary with fixed dates, or created in a vacuum in one country. There'll be a trilateral agreement within the North American Trading Block, it'll be based on benchmarks like death & infection rates, DPP values and other REAL information - not on the emotions of scientific illiterates."|10159566283088904|Bill Ferguson|2022-02-16 18:58:11|1|0|10159566066593904|facebook
Exactly. Using big rigs as flex rather than actual people in huge numbers was a mistake. Didn't help that the vast majority of truckers, well, kept on truckin'|10159566277318904|Richard Evans|2022-02-16 18:58:11|1|0|10159566066593904|facebook
...the Freedom Convoy 2022 (in Ottawa) did not block the bridge.|10159566245963904|Kerry Jackson|2022-02-16 18:58:11|1|0|10159566066593904|facebook
"yah, you right, but that wasn't so ""noisy"" and didn't involve all the ""terrorists"" from left and right... And!! At that time, there was no bouncy castle endanger either, with happy kids playing freely without masks...! But now!... How on Earth any prime minister could've handle this unacceptable racist vandalism better than our PM did?! ...🤣"|10159566259373904|Sophie Buzora|2022-02-16 18:57:45|1|0|10159566066593904|facebook
Love the truckers, and stand with these heroes. Trudeau is where your anger should be.|10159566924653904|Jim Schultz|2022-02-16 18:57:43|0|0|10159566066593904|facebook
With a vote in Parliament that he has to win? Right...unlimit ed power|10159566274923904|Richard Evans|2022-02-16 18:58:09|1|0|10159566066593904|facebook
ha ha excuses|10159566280513904|Justin Walters|2022-02-16 18:57:45|1|0|10159566066593904|facebook
Don’t worry just 2 ? weeks To flatten the bank accounts Or something along those lines|10159566235858904|Mikey Surla|2022-02-16 18:57:43|0|0|10159566066593904|facebook
Is this a redemption piece for poor reporting for 3 weeks?|10159566087638904|Vin Scott|2022-02-16 18:57:43|0|0|10159566066593904|facebook
Now that's a balanced headline...|10159566838913904|Joan H O Connor|2022-02-16 18:57:43|0|0|10159566066593904|facebook
The Mop and Pail is an existential threat to the news business.|10159566637763904|Don Peterson|2022-02-16 18:57:43|0|0|10159566066593904|facebook
Clear the obstruction at the borders and in our capital. Enough is enough.|10159566339628904|Zachary Gibb|2022-02-16 18:57:43|0|0|10159566066593904|facebook
Lots of people who have done just that support this protest.|10159566375443904|Linda Nichol|2022-02-16 18:58:08|1|0|10159566066593904|facebook
All things are connected Karen; there's a water shortage in their camp, unshowered people are in & out of that hot tube's week old water all the time, it's kept at 100 degrees, and is a bio-hazard at this point. They have a Pink Eye outbreak, some sort of flu outbreak, (possibly Covid) a weird foot fungus outbreak, and for some reason, a disentary outbreak with lots of peeing out the bum.|10159566711058904|Bill Ferguson|2022-02-16 18:58:06|1|0|10159566066593904|facebook
"CN rail lines are NOT on unceded lands chump. Also many FN nations are drooling to get their hands on oil and gas revenues and welcome the chance. These were ""radically motivated outliers"" who broke the law but once again different rules for what was an obvious real and severe situation. Nice try."|10159566313068904|Grayson May|2022-02-16 18:57:45|1|0|10159566066593904|facebook
Yes it is an emergency. It is not a protest.|10159566787308904|John Snyder|2022-02-16 18:57:41|0|0|10159566066593904|facebook
if what happens in India doesn't matter then Trudeau should have stayed quiet instead of looking like a hypocrite to the India government|10159566501218904|Chuck Seward|2022-02-16 18:58:07|1|0|10159566066593904|facebook
Absolutely false.|10159566451633904|Linda Nichol|2022-02-16 18:57:45|1|0|10159566066593904|facebook
are we in India? Deflect much?|10159566492443904|Janice Gougeon|2022-02-16 18:58:07|1|0|10159566066593904|facebook
Multiple international borders closed, capital of the entire country blockaded for weeks- still ongoing. Tow truck drivers threatened. Weapons at the AB border. seems justified to me|10159566526218904|Linda Jeaurond|2022-02-16 18:57:45|1|0|10159566066593904|facebook
BEST PM EVER. We are never going to let these terrorists get away with this. And they are running scared. #LOCKTHEMUP|10159566454428904|Bonnie Cull|2022-02-16 18:58:07|1|0|10159566066593904|facebook
maybe lessons learned. Time to move forward. Next election vote him out. They took care of otoole. Whining and stimping your feet dpes not bring about change|10159566539878904|Rita FS|2022-02-16 18:57:45|1|0|10159566066593904|facebook
Rita Furletti-Stansa No it just invokes the Emergencies Act|10159566632958904|Lyn Squires|2022-02-16 18:57:45|1|0|10159566066593904|facebook
the farmers in India went a year and Trudeau supported them|10159566283248904|Chuck Seward|2022-02-16 18:58:07|1|0|10159566066593904|facebook
Rita Furletti-Stansa No it doesn't and just like a spoiled child invokes the Emergencies Act.|10159566634193904|Lyn Squires|2022-02-16 18:57:45|1|0|10159566066593904|facebook
exactly! Let's take a step back and look at what he says about other country's discontent. I'm sure the audio and video of all.of it !|10159566194003904|Mark MacCallum|2022-02-16 18:58:07|1|0|10159566066593904|facebook
Funny for sure when you have three parties. Maybe you right wingers should start your own party. Oh right you already have the Cons|10159566469333904|Mary Louise|2022-02-16 18:57:46|1|0|10159566066593904|facebook
Just give up the excessive requirements at the border crossings.|10159566669328904|William Michael Brienza|2022-02-16 18:57:41|0|0|10159566066593904|facebook
enjoy...  https:// www.google.com/ url?sa=t&source= web&rct=j&url=h ttps%3A%2F%2Fam p.cnn.com%2Fcnn %2F2022%2F02%2F 15%2Fpolitics%2 Ffact-check-can adian-protests- polls-trudeau-s upport-oppose-t ruckers-mandate s%2Findex.html& ved=2ahUKEwiN1M Oo04T2AhXvGDQIH dPZAK8QyM8BKAB6 BAgFEAI&usg=AOv Vaw3QSOgOazJ4mt xKfYclnxPq|10159566459928904|Jim Preyde|2022-02-16 18:57:46|1|0|10159566066593904|facebook
"do live here in Ottawa? Work in the core? How has any truck been used as a weapon and let's compare it to the FN's use of buring rail crossings, rail lines, rail cars in neighbourhoods that contained volatile chemicals and oil two years ago in February while everyone sat on their hands. How about attacking those locomotives while they slowly tried to moved supply and product across Canada and into the U.S while supply chains in and out of the country were paralyzed costing us our reputation and billions in GDP? Pollution? Those trucks are not even idling but parked blocking ""one four way"" at Parliament Hill 3 blocks from my business/ office and hasn't affected me/us in any way yet. Hilarious these comments from afar."|10159566298143904|Grayson May|2022-02-16 18:57:53|1|0|10159566066593904|facebook
https:// www.lifesitenews .com/news/ canadian-civil-l iberties-associ ation-condemns- trudeaus-use-of -emergencies-ac t/ here you go Commie.|10159566334443904|Grayson May|2022-02-16 18:58:02|1|0|10159566066593904|facebook
Why is it, that when simple minded people get overwhelmed by honest comments, they always yell Troll?|10159566590728904|Matt Miller|2022-02-16 18:57:50|1|0|10159566066593904|facebook
it's not local, it's across the country. https:// www.cbc.ca/news/ canada/calgary/ coutts-protest-c harges-laid-cou rt-appearance-b ail-1.6352482|10159566505203904|Bryan Cathers|2022-02-16 18:57:58|1|0|10159566066593904|facebook
How stupid can you be? Do you not realize the they block our international trade routes. Or are you just refusing to acknowledge those facts?|10159566478793904|Karen Ripley Congdon|2022-02-16 18:57:58|1|0|10159566066593904|facebook
ummm, Clara?  https:// www.google.com/ url?sa=t&source= web&rct=j&url=h ttps%3A%2F%2Fam p.usatoday.com% 2Famp%2F9308759 002&ved=2ahUKEw jZ3e7Wy4T2AhXcH zQIHdbVBS84ChDI zwEoAHoECAUQAg& usg=AOvVaw2OB4s NIV0iKT_hbbq6Y5 77|10159566415353904|Jim Preyde|2022-02-16 18:57:50|1|0|10159566066593904|facebook
Perhaps there's more going on behind the scenes than the average Joe Blow knows.|10159566449803904|Maureen Jones|2022-02-16 18:57:41|0|0|10159566066593904|facebook
~*LOL*~ Help me out here Will. What are the HoC Procedural and Constitutional mechanics that'd allow a PM to be a dictator and tyrant in a Westminster multi-party Parliamentary system in a minority scenario? I think you're just saying words with no idea of what the mean frankly.|10159566774278904|Bill Ferguson|2022-02-16 18:57:56|1|0|10159566066593904|facebook
~*LOL*~ We can tell the Trudeau regime is falling Dave - because they have the support of the majority of the House, the support of effected provincial governments, the support of effected cities and mayors - AND - the fake truckers have gained nothing, not even a meeting, received no concessions, and all 3 levels of government are legislating against them ... plus the support of the majority of the general population falls to the Feds.|10159566728483904|Bill Ferguson|2022-02-16 18:57:56|1|0|10159566066593904|facebook
https:// www.google.com/ url?sa=t&source= web&rct=j&url=h ttps%3A%2F%2Fam p.cnn.com%2Fcnn %2F2022%2F02%2F 15%2Fpolitics%2 Ffact-check-can adian-protests- polls-trudeau-s upport-oppose-t ruckers-mandate s%2Findex.html& ved=2ahUKEwiN1M Oo04T2AhXvGDQIH dPZAK8QyM8BKAB6 BAgFEAI&usg=AOv Vaw3QSOgOazJ4mt xKfYclnxPq|10159566462603904|Jim Preyde|2022-02-16 18:57:56|1|0|10159566066593904|facebook
https:// www.google.com/ url?sa=t&source= web&rct=j&url=h ttps%3A%2F%2Fgl obalnews.ca%2Fn ews%2F8532791%2 Fcovid-unvaccin ated-restrictio ns-tax-poll%2Fa mp%2F&ved=2ahUK EwjR4ZXOvIT2AhX 1CjQIHR29BdEQFn oECAQQAQ&usg=AO vVaw3JMhbORZbzE twJLwvBYEqY|10159566318058904|Jim Preyde|2022-02-16 18:57:56|1|0|10159566066593904|facebook
Hardly. 58%+ want the truckers removed and possibly charged/fined. Average Canadians are tired of this indulgent sideshow|10159566286458904|Richard Evans|2022-02-16 18:57:56|1|0|10159566066593904|facebook
occupiers should go home. Not welcomed|10159566500528904|Steve Cobblehoff|2022-02-16 18:57:50|1|0|10159566066593904|facebook
Christopher Lirette no, this was an attempted coup to undo an election that just took place. The organizers are all western separatists, and this was their third or fourth attempt at the same thing. That shows that the motivations were not about the mandates, but they were a handy scapegoat this time.|10159573428113904|Rob Moulton|2022-02-23 18:57:55|1|0|10159566066593904|facebook
Christopher Lirette not even comparable. Those were heinous crimes instituted by the British Crown, carried out by the church, and allowed to happen after the Government of Canada got the right to make our own laws (until the first Trudeau, we had to get British Parliament to sign off on anything.) If you think clearing an illegal blockade of grown toddlers having a temper tantrum is anywhere near the same, you need help.|10159573031343904|Rob Moulton|2022-02-23 18:57:55|1|0|10159566066593904|facebook
because rhey own the companies that do the extraction and transportation here as well. Canada doesn't own ANY of the oil anymore, thats the whole problem. Oilseed workers love to talk about taking in oil from other countries, when the reality is, we don't really have oil anymore either. The workers are all working for American and Chinese companies, or for contractors working for Americans or Chinese.|10159570906993904|Rob Moulton|2022-02-16 18:57:55|1|0|10159566066593904|facebook
actually it is a fact. We know many of the people funding this. Elon Musk has been very open about his support for this. You people have no idea what either the word conspiracy or theory means. Very wealthy Americans have contributed and supported this. Pretty well known. I don’t think it is because they support workers.|10159567376093904|Mary Dale|2022-02-16 18:57:55|1|0|10159566066593904|facebook
You should be in downtown Ottawa. My business is three blocks from the Hill and folks are buying them water, sandwiches, baked goods, supplying gas and even giving them cash. It's quite festive. It would burn your hemorrhoids.|10159566332988904|Grayson May|2022-02-16 18:58:02|1|0|10159566066593904|facebook
Maybe you should make sense then.|10159566453183904|Linda Nichol|2022-02-16 18:57:55|1|0|10159566066593904|facebook
how does one sneak in a bill with a minority government? And if he was sneaking why do you know about it? Maybe you need to take a breath.|10159567373333904|Mary Dale|2022-02-16 18:57:50|1|0|10159566066593904|facebook
"These people are so poorly informed, they don't even know what 'mandates' they're protesting Darren. The border 'mandates' have been in place since late August when they started opening up the borders - we knew then, freight carrier's drivers would be the last group phased in .... PLUS ....  There will be no ""plan"" for border restrictions that's arbitrary with fixed dates, or created in a vacuum in one country. There'll be a trilateral agreement within the North American Trading Block, it'll be based on benchmarks like death & infection rates, DPP values and other REAL information - not on the emotions of scientific illiterates."|10159566276468904|Bill Ferguson|2022-02-16 18:57:51|1|0|10159566066593904|facebook
Stop with the conspiracy theories|10159566303668904|Samuel Gagnon|2022-02-16 18:57:55|1|0|10159566066593904|facebook
- The distinction might be semantic.|10159566313193904|Dave Carter|2022-02-16 18:57:51|1|0|10159566066593904|facebook
yes. I am well aware of that poem. That is why I have dedicated my life to standing up for the oppressed. If you believe that BLM was the cause of that disruption there is nothing I can say. I am so used to the systemic discrimination and demonization of people who are not the same as you. I just would like the hate to stop. Though I did not vote for Trudeau, these “protestors did not ask to meet with Trudeau. Their demands are available on line. Go to the Maverick Party site. They are one of the organizers of this protest. Their manifesto is right on there. They specifically say that they want Trudeau to step down and let the Senate govern. Their words not mine. These people have no desire to talk. They said so themselves. The party in Ottawa looks disturbingly like the KKK parties of yore. I am sorry, but I can not support this division of the country. It is a shame but I cannot make you care. Good night.|10159567531483904|Mary Dale|2022-02-16 18:57:54|1|0|10159566066593904|facebook
might want to learn what the emergency act is bub|10159566342968904|Kurt Ruetters|2022-02-16 18:57:51|1|0|10159566066593904|facebook
https:// www.google.com/ url?sa=t&source= web&rct=j&url=h ttps%3A%2F%2Fam p.cnn.com%2Fcnn %2F2022%2F02%2F 15%2Fpolitics%2 Ffact-check-can adian-protests- polls-trudeau-s upport-oppose-t ruckers-mandate s%2Findex.html& ved=2ahUKEwiN1M Oo04T2AhXvGDQIH dPZAK8QyM8BKAB6 BAgFEAI&usg=AOv Vaw3QSOgOazJ4mt xKfYclnxPq|10159566461458904|Jim Preyde|2022-02-16 18:57:51|1|0|10159566066593904|facebook
We totally do need a great reset Will. Every country went into deep debt, and all kinds of systems failed all at once all over the world ... so yeah, a major tune up is in order .... despite your fear themed meme about world domination and taking all your bought at Wal-Mart stuff.|10159566722963904|Bill Ferguson|2022-02-16 18:57:51|1|0|10159566066593904|facebook
likely excuse. Although anxious people can confuse multitasking with the inability to focus and concentrate. Nice try. Straight jacket Senia lol|10159566876508904|Grayson May|2022-02-16 18:57:53|1|0|10159566066593904|facebook
The problem of Trudeau Sr enacting the War Measures Act is that it gave Carte Blanche for various law agencies to sweep up perceived national threats, even though they were not remotely engaged with the FLQ, because all Civil Rights were suspended. My fear is that this might reoccur, so what safeguards do we have against this happening?|10159567170228904|Tim Roberts|2022-02-16 18:57:51|1|0|10159566066593904|facebook
https:// www.lifesitenews .com/news/ canadian-civil-l iberties-associ ation-condemns- trudeaus-use-of -emergencies-ac t/|10159566562813904|Grayson May|2022-02-16 18:57:53|1|0|10159566066593904|facebook
Many friends downtown (and their kids and pets) tormented by the exhaust fumes, the honking (torture), the intimidation with many people entering condo’s hallways to get warmer, using abusive language (especially against women) and making people unable to go to work or out of the house. They should be arrested for trespassing, disturbing peace and their trucks ticketed every day.|10159566323318904|Senia Ra|2022-02-16 18:57:53|1|0|10159566066593904|facebook
Trudeau Castro is one step closer to becoming Canada's first dictator|10159566481188904|Tracey B. Dufault|2022-02-16 18:57:41|0|0|10159566066593904|facebook
Agreed but it needs to be done. The radicals do not have any kind of respect for law and order. Easy to judge this decision. Terrorism takes many forms just like abuse. Talking to these people is pointless. I believe in the right to protest . I am with all if the people in Ottawa who have been affected. From the disruption and abuse of the others. Time to get out.|10159566260438904|Rita FS|2022-02-16 18:57:41|0|0|10159566066593904|facebook
Rita Furletti-Stansa Remove the trucks and vehicles and come back on foot. All good.|10159566287608904|Richard Evans|2022-02-16 18:57:59|1|0|10159566066593904|facebook
NO NO NO It could have been handled if only ONE man did his job. Instead he meddled and created most of the chaos. It had to have been deliberate because even our National Coward is not this incompetent.|10159566378393904|Gary Larivee|2022-02-16 18:57:50|1|0|10159566066593904|facebook
They communicated in their MOU. Terrorists trying to overthrow our legally elected government.|10159566472928904|Karen Ripley Congdon|2022-02-16 18:57:49|1|0|10159566066593904|facebook
https:// www.google.com/ url?sa=t&source= web&rct=j&url=h ttps%3A%2F%2Fww w.vox.com%2Fpla tform%2Famp%2Fp olicy-and-polit ics%2F22926134% 2Fcanada-trucke r-freedom-convo y-protest-ottaw a&ved=2ahUKEwi0 05XvvoT2AhUDCjQ IHTc2D-sQFnoECC wQAQ&usg=AOvVaw 3OFA9qYgLmt4Ar5 yGWEIM1|10159566327308904|Jim Preyde|2022-02-16 18:58:02|1|0|10159566066593904|facebook
they are your neighbors. Far from terrorists.|10159566481328904|Robert Boyd|2022-02-16 18:57:49|1|0|10159566066593904|facebook
like the BLM folk and what the FN did two years ago to the national economy when they blocked Cdn rails yes?|10159566298858904|Grayson May|2022-02-16 18:57:53|1|0|10159566066593904|facebook
that wasn't Teudeau that gave Kahdr the money, that was the Supreme Court.  Nice try though.  https:// www.google.com/ url?sa=t&source= web&rct=j&url=h ttps%3A%2F%2Fww w.cbc.ca%2Famp% 2F1.4189472&ved =2ahUKEwjvtvSO3 oT2AhW0KX0KHbyC DG4QyM8BKAB6BAg HEAI&usg=AOvVaw 0ikHPrYXHwTSF1h JeznSMl|10159566524223904|Jim Preyde|2022-02-16 18:57:49|1|0|10159566066593904|facebook
what makes you think I haven't?  😂😂|10159566275503904|Jim Preyde|2022-02-16 18:58:02|1|0|10159566066593904|facebook
oh and this may come as a shock, but black lives DO matter. (unless you're a white supremacist of course)|10159566529848904|Jim Preyde|2022-02-16 18:57:49|1|0|10159566066593904|facebook
maybe you should learn to read the actual survey and not the medias interpretation of the survey 🤣 https:// angusreid.org/ trudeau-convoy-t rucker-protest- vaccine-mandate s-covid-19/|10159566266138904|Janet Snell|2022-02-16 18:58:02|1|0|10159566066593904|facebook
huh? How many other Canadians have been held for ten years in a torture chamber??? And where are you getting this idea he was a terrorist?|10159566535113904|Jim Preyde|2022-02-16 18:57:49|1|0|10159566066593904|facebook
none of my neighbors are trying to overthrow a legitimately elected government or grind the economy to a halt.|10159566548278904|Jim Preyde|2022-02-16 18:57:49|1|0|10159566066593904|facebook
It is definitely not an emergency but rather a play by a scared prime minister to get his own way rather than to talk to his own people and work things through as he should why doesn't the globe and mail do something constructive like a poll to see who supports his tyranny|10159566129888904|Earl Stewart|2022-02-16 18:57:41|0|0|10159566066593904|facebook
Bobs a bot/troll|10159566481058904|Karen Ripley Congdon|2022-02-16 18:58:01|1|0|10159566066593904|facebook
BEST PM EVER. We are never going to let these terrorists get away with this. And they are running scared. #LOCKTHEMUP|10159566453603904|Bonnie Cull|2022-02-16 18:58:01|1|0|10159566066593904|facebook
‘Follow the money’ seems a less violent approach.  Is it possible that trucker families have enough money to loll around Ottawa for weeks, lose wages, and pay for gas for travel there? Cut off the support!|10159566419458904|Judith Guy|2022-02-16 18:58:01|1|0|10159566066593904|facebook
Who had ever said anything about sending in tanks.. a little delusional are you?|10159566227898904|Bob Spencer|2022-02-16 18:58:01|1|0|10159566066593904|facebook
Trudeau did.|10159566190558904|Tom Ramanauskas|2022-02-16 18:58:01|1|0|10159566066593904|facebook
literally, tanks are not approaching the kid's bouncy castles.|10159566170363904|Jim Preyde|2022-02-16 18:58:01|1|0|10159566066593904|facebook
is this you guys:|10159566136653904|Andres Ruiz|2022-02-16 18:58:01|1|0|10159566066593904|facebook
if it’s ok for a union to picket public assets and not be arrested then it’s ok for citizens too. Unions picket private contractors closing businesses. They picket schools libraries arenas garbage collection industrial facilities rail lines etc etc etc. When it’s politics for the people you don’t have to be a left leaning union to be heard.|10159566602448904|Robert Boyd|2022-02-16 18:57:49|1|0|10159566066593904|facebook
imagine using children as a shield for your immaturity. Indoctrination|10159566126078904|Rob Scott|2022-02-16 18:58:01|1|0|10159566066593904|facebook
just the mandates given to us from all partys|10159566628783904|Paul Sammut|2022-02-16 18:57:49|1|0|10159566066593904|facebook
tell  its against all partys that have put mandates on the Canadian people he seems to have blocked me from commenting truth hurts his feelings|10159566631793904|Paul Sammut|2022-02-16 18:57:49|1|0|10159566066593904|facebook
unions cannot close down public access. They are even limited as to how they can picket the workplaces they are striking against. Picketing is protected under the Charter but numerous court cases have confirmed that they may not interfere with public. I was a union member and I can assure you that they are left leaning, right leaning, middle of the road or completely apolitical. Unions are made up of citizens and protect workers from abuse. No one else has ever gotten away with what these so-called protestors are doing.|10159567384528904|Mary Dale|2022-02-16 18:57:49|1|0|10159566066593904|facebook
Your response is the joke here.  Tamara Lich was the organizer for the Freedom Convoy 2022. The fact that she was part of a separatist party is irrelevant. Blanchet is also leader of a separatist party. Guess he shouldn't be allowed in parliament either, right?  The Freedon Convoy was only asking to have the mandates removed. You'd know that if you actually informed yourself instead of jumping on a bandwagon of hate.  Pat King is leader of Unity Canada and I did not support him because of the MOU. Today I find out that was withrawn last Tues!  So yes, Trudeau could have met with these people to hear their concerns. He met with Joshua Boyle. He invited Jaspal Atwal to his dinner in India, had his picture taken with his wife. I'm sure he could spare a few minutes for his own citizens.|10159566564768904|Linda Nichol|2022-02-16 18:57:59|1|0|10159566066593904|facebook
Rita Furletti-Stansa Rita the hired plant from the Liberal elite. Who supports massive amounts of kickback money going to Trudeau and Biden. Christopher Cole, FDA executive officer of counter measures initiative  https:// youtu.be/ 6nSXHrmOy8o|10159566481208904|Jane Rawluk|2022-02-16 18:57:59|1|0|10159566066593904|facebook
"Rita Furletti-Stansa FFS Rita. Do some research. ""There are two US patents related to that type of bioengineering, “Methods and Compositions for Chimeric Coronavirus Spike Proteins” and “Insertion of Furin Protease Cleavage Sites in Membrane Proteins and Uses Thereof,” patent numbers US9884895B2 and US7223390, respectively.""  May 4, 2020 · In 2015, Ralph Baric from the University of North Carolina, co-patent holder of US9884895B2, and Zheng-Li Shi, the “bat woman” from the ..."|10159566477258904|Jane Rawluk|2022-02-16 18:57:59|1|0|10159566066593904|facebook
well... have you been in ottawa . Having slurs yelled at yiu going to the point of having your mask taken off your face seeing them congregate at the mall with no masks harassing others with... yes those are the people I speak of.|10159566428913904|Rita FS|2022-02-16 18:57:59|1|0|10159566066593904|facebook
. Isn’t it laughable that even when he plainly says something, People still don’t understand. Comprehension is a lost form of understanding that a lot of the 15%ers and their cohorts don’t have.|10159566729633904|T Andrew Burnett|2022-02-16 18:58:12|1|0|10159566066593904|facebook
