﻿comment|comment_ids|username|datetime|isreply|num_replies|post_id|label
- I have no doubt it is a different life. That was my point. We have a government who's only interest is to placate their elitist base in eastern Canada.|10159578542268904|Dave Carter|2022-02-23 21:49:47|1|6|10159578466593904|facebook
Texas North|10159578573008904|Heather Johnston|2022-02-23 21:49:37|0|5|10159578466593904|facebook
Globe and Mail you have become just as ridiculous as CBC|10159578516138904|Frances Caputo|2022-02-23 21:49:40|0|5|10159578466593904|facebook
"Actually no...the US is starting their own convoy protest though. The tactics to which I am referring are to create ""enemies"" out of your neighbors, then demonize them to justify whatever power grab you want. Using inflammatory language. Totally the same style as Trump."|10159578595393904|Tina Knott|2022-02-23 21:49:49|1|5|10159578466593904|facebook
Just like Quebec during the FLQ crisis? Is it really surprising that disenfranchised western provinces are not happy with how this country it being run?|10159578493563904|Dave Carter|2022-02-23 21:49:37|0|3|10159578466593904|facebook
Dan I understand what the breakdown is, but it is unfair and I really don't care what the origins are. It should be equal across the country. 1 MP per every say 100,000 people. Some areas will lose an MP more will gain. This would make Parliament more representationa l of the population.|10159578872673904|Steve Morrison|2022-02-23 21:49:45|1|3|10159578466593904|facebook
-- Simple answer: the 2021 federal election, as I wrote in my original comment. The convoy wanted to obtain through intimidation what its participants couldn't obtain at the ballot box.|10159579210338904|Jeff Hamacher|2022-02-23 00:00:00|1|3|10159578466593904|facebook
yes 11 years of Mr. Harper, who ran a fairly good right of middle government. How many years of Conservative government in Canada vs Liberal? All I'm saying is we need to look at what the underlying issues are. Do we need to look at a equal electoral model, where each vote carries the same weight vs the system we have now? I don't know, but maybe it's time to truly start looking into this?|10159578623658904|Steve Morrison|2022-02-23 21:49:45|1|3|10159578466593904|facebook
Sad they could upset the whole country as they did|10159578549973904|Jennifer Palin|2022-02-23 21:49:39|0|2|10159578466593904|facebook
Harper sold Atomic Energy and the Wheat Board to the Saudis. He is the second worst PM ever...after Mulroney...who sold us out to the Americans.  Scott Morrison....|10159579309603904|Dan Calda|2022-02-23 00:00:00|1|2|10159578466593904|facebook
Are you denying the overwhelming majority of participants were white? Are you able to understand English since I said nothing about creating an all white Canada? You certainly aren’t logical|10159578683393904|Jeffrey Paul|2022-02-23 21:49:51|1|2|10159578466593904|facebook
"Western Canadians are not ""disenfranchise d"" they have the same right to cast a ballot as any other Canadian eligible to vote. Because you do not like the election result does not make you disenfranchised . Those residing in AB/SK voted for the representation they wanted."|10159578512063904|Kristen Thomlinson|2022-02-23 21:49:47|1|2|10159578466593904|facebook
A very very small minority dont need or what them .but a very big minority what them for now|10159578593368904|Kenneth Hill|2022-02-23 21:49:44|1|2|10159578466593904|facebook
I'm not even talking about PR, a system I don't like any ways, I'm talking about the same representation based on population. Why dose Quebec and Atlantic Canada have more political representation per population then Ontario and the west?|10159578723873904|Steve Morrison|2022-02-23 21:49:45|1|2|10159578466593904|facebook
No kidding. You needed an expert to figure out where these folks come from?? Maverick party, Wexit, and other extreme Nationalist nonsense.|10159578495653904|William Klassen|2022-02-23 21:49:39|0|2|10159578466593904|facebook
It’s much deeper than truckers protesting.|10159578510163904|Tom Hill|2022-02-23 21:49:37|0|2|10159578466593904|facebook
"Have you been there? Everyone I know who ever lived in Ottawa and moved west is talking about an ""eye opening experience"". It is a different life here, we are all Canadians and most of us want basically the same things. peace and quiet and opportunity to make a living. That should be priority of every leader."|10159578532663904|Lebioda Irena|2022-02-23 21:49:47|1|2|10159578466593904|facebook
"I think there're larger and deeper issues here. Too many want to brush this off as an ""atl right"" or ""racism"" issue. I think this stems from a feeling of disenfranchisem ent within a large group across the country. As this group has seen it for many years they are ignored by what they see as the power brokers of the country. To pass this off as a completely ""White supermasist"" or ""fascist"" movement, completely invalidates their entire base. Are there elements of this fringe involved, absolutely there is and both sides must be aware of that. However as much as some don't want to see it there may be some truth to their base feelings. If the general feel that this is all about ""Mandates"" is able to preval I think we are setting our selves up for future troubles in order to satisfy current political goals."|10159578562148904|Steve Morrison|2022-02-23 21:49:37|0|2|10159578466593904|facebook
You found an Albertan? That was an amazing job... well done.|10159578642473904|Rick Jesse|2022-02-23 21:49:46|1|2|10159578466593904|facebook
You sound like a Liberal from Toronto.|10159578950833904|Brian Benoit|2022-02-23 21:50:01|1|2|10159578466593904|facebook
Fine then punish us by kicking us out!|10159578533073904|Rick Jesse|2022-02-23 21:49:37|0|2|10159578466593904|facebook
Dennis Listerellie If you don't understand the joke, then ask an adult to explain it to you.|10159578584978904|Stephen Whiteside|2022-02-23 21:49:44|1|2|10159578466593904|facebook
Lost what? Canadian Rights and Freedoms? Oh no, we didn't lose. I just heard Trudeau revoked the Emergencies Measures Act. No confirmation. Maybe he was afraid the Senate was going to block it? I'm sure he had them polled.|10159579152308904|Brian Benoit|2022-02-23 00:00:00|1|2|10159578466593904|facebook
Didn't take long to scapegoat Alberta. Again.|10159578574558904|Tina Knott|2022-02-23 21:49:37|0|2|10159578466593904|facebook
this started when the feds imposed a vax mandate at the end of a 2 year pandemic, when the rest of the world was lifting mandates. Many joined in support of all that lost jobs because of mandates not only truckers. I’m vaxxed but support everyone’s choice. Trudeau praised truckers at first then vilified them. Heroes to zeros relatively quickly.|10159579054278904|Cheryl Leitch|2022-02-23 00:00:00|1|2|10159578466593904|facebook
Oh. Time to arrest all those Albertans. Do nothing but make equalization payments…|10159578536028904|Jonathan Calderwood|2022-02-23 21:49:37|0|2|10159578466593904|facebook
They don't need them.|10159578516458904|Lebioda Irena|2022-02-23 21:49:44|1|2|10159578466593904|facebook
-- You're free to trust your anecdotal evidence. You're free to believe what you like. That doesn't change the basic facts: (1) the convoy leadership was trying to bring down the federal government through intimidation (2) they dressed themselves up in the trucker convoy for cover (3) a great many mandates across the country were already scheduled to be removed anyway.|10159579524303904|Jeff Hamacher|2022-02-23 00:00:00|1|2|10159578466593904|facebook
🎣|10159579072748904|Jeff Hamacher|2022-02-23 00:00:00|1|2|10159578466593904|facebook
Does that include the ones that sprung up in the heart of Liberal territory, aka Quebec...? 🤔|10159579113133904|Mark Leslie Smith|2022-02-23 00:00:00|1|2|10159578466593904|facebook
you must be a young liberal no it all if your worried about spelling and sentences go and teach English I speak four languages ran three successful buisness for Over 40 years what have you accomplished probably nothing So go rag on some one else|10159579412033904|Richard Lortie|2022-02-23 00:00:00|1|2|10159578466593904|facebook
Just a bunch of whiners upset because Trudeau won election|10159579333378904|Tish Heaven Desjardin|2022-02-23 00:00:00|0|1|10159578466593904|facebook
This is how situations like this get out of hand. For years, Alberta, has been the largest economic engine of the country and continually is vilified by media and politicians who cannot see through their privileged bubble and referred to as an uneducated and wasteful population. The problem didn’t begin in Alberta, no, this problem is initiated by those governing elites who rarely venture outside their sanction of Ottawa except for those annoying visits to their constituents to get elected. There is unrest in Alberta and Saskatchewan for that matter for being unappreciated for their contribution to the equalization. If you ignore that fact, you are part of the problem. Add to that, by destroying the energy sector for no other reason than to satisfy an ecological group who themselves don’t really understand the impact of cancelling fossil fuel without knowledge of how much is still required to fulfill an unrealistic goal of carbon neutrality. No, the heart of this unrest is in Ottawa, Albertans are reacting to this disrespect.|10159578724583904|Randy Reiffenstein|2022-02-23 21:49:38|0|1|10159578466593904|facebook
actually you are incorrect. The funding is extensively for exploration and is not a tax grab. Your taxes aren’t paying for it and unfortunately no one reads the whole issue. I can understand cause it’s wordy and long. The oil sands were not built off the backs of Canadians but were built with the hard work of scientists and oil companies. Good try… 4 points for effort|10159579036753904|Randy Reiffenstein|2022-02-23 00:00:00|1|1|10159578466593904|facebook
actually Alberta oil sands project is built off the back of all tax paying Canadians.. makes sense they’d want some back. I certainly don’t want my tax $ spent on this.  There is no free lunch.  Read the following links .. these are small sample and if you wanted to be really shocked you’d keep looking and find articles like this over a considerably long period.  https:// amp.theguardian. com/ environment/ true-north/2015/ aug/11/ canadian-governm ent-spent-milli ons-on-secret-t ar-sands-advoca cy  https:// www.cbc.ca/amp/ 1.5987392  https:// www.ctvnews.ca/ mobile/ canada-s-oilpatc h-subsidies-sai d-to-total-2-8b -1.570200  https:// www.thestar.com/ amp/business/ 2015/11/11/ canadian-fossil- fuel-industry-g ets-274b-handou t-report.html  https:// thenarwhal.ca/ brief-history-pu blic-money-prop ping-alberta-oi lsands/|10159578939978904|Edmond Engelbrecht|2022-02-23 21:49:53|1|1|10159578466593904|facebook
I remember the old days before politicians used to demonize one group of Canadians to score points with their base. Trudeau uses Trumps tactics. Tell me how Alberta made Quebecers join the protest again?|10159578584003904|Tina Knott|2022-02-23 21:49:49|1|1|10159578466593904|facebook
The term subsedize is frequently used. I have read enough to know the Alberta oil sands is not a self made story. By any stretch.|10159579047358904|Edmond Engelbrecht|2022-02-23 00:00:00|1|1|10159578466593904|facebook
do you have any idea how much was invested by oil companies on their own? Not likely, no the oil sands were developed with cooperative efforts. No one is disputing that. My point is the discrepancy between , say, Alberta vs Quebec in Equalization. This is not equal or fair or just|10159579069223904|Randy Reiffenstein|2022-02-23 00:00:00|1|1|10159578466593904|facebook
We all knew this...nice to have it confirmed...bun ch a troublemakers for Canada|10159578579643904|Nancy MacDonald|2022-02-23 21:49:49|1|1|10159578466593904|facebook
look to your own government for these problems...not the feds...oh my...right far out now...lol!|10159578592463904|Nancy MacDonald|2022-02-23 21:49:49|1|1|10159578466593904|facebook
What old days are you referring? These days do not exist...there are plenty of groups in Canada to remind up of that. No, Albertians are and have been spoiled, getting their own way for way too long and don't like having to be accountable to all of us in Canada. How long have Indigenous peoples been second class citizens, can't even get clean water and you want me to listen to your opinions of Trudeau...consp iracy theories your leaders make up as they go!|10159578587598904|Nancy MacDonald|2022-02-23 21:49:49|1|1|10159578466593904|facebook
"I am referring to pre Trudeau days. How has Alberta been ""spoiled "" exactly? But foreclosures, suicides and dying cities?"|10159578589778904|Tina Knott|2022-02-23 21:49:49|1|1|10159578466593904|facebook
if the shoe fits but I am not a journalist! I don’t do the reporting! Ask your questions to news but not Fox News! lol|10159578639808904|Nancy MacDonald|2022-02-23 21:49:49|1|1|10159578466593904|facebook
yup it was secretly really just an attempt to create an all white Canada. Sounds logical.|10159578676508904|Aaronius Maximus|2022-02-23 21:49:51|1|1|10159578466593904|facebook
Texas believes in Freedom. It’s a shame so many Canadians now don’t|10159578598393904|Brad Noel|2022-02-23 21:49:42|1|1|10159578466593904|facebook
it sad you see you making this about Trudeau...this is what the far alt right are doing so no credibility whatsoever...ye s...the far alt right are copying (or thinking about it) in the US too but it won't go anywhere...Trum p be going to jail soon and the war is on now! lol! The fizzle is gone!|10159578602303904|Nancy MacDonald|2022-02-23 21:49:49|1|1|10159578466593904|facebook
Big surprise. It is the province that has been mismanaged by it's politicians for decades. I lived there for ten years, 76 to 86, and they were not thinking into the future then or since. So much lost potential. Disgusting.|10159578894108904|Jane Addie|2022-02-23 21:49:37|0|1|10159578466593904|facebook
who was in Windsor ? A bunch of elderly vets , are they trouble makers ? Manitoba it was mostly farmers are they trouble makers ?|10159578632278904|Glen Edwards|2022-02-23 21:49:49|1|1|10159578466593904|facebook
Don’t feel like you need to reply.. I can tell by your wall you are here to waste everyone’s time|10159579350538904|Edmond Engelbrecht|2022-02-23 00:00:00|1|1|10159578466593904|facebook
Tell us something we don’t know! Many of them are still angry that they couldn’t make WEXIT fly 🙄|10159579252363904|Brenda Szewc Bianchi|2022-02-23 00:00:00|0|1|10159578466593904|facebook
Kenney provoked the madness!|10159579265363904|Karen Jones|2022-02-23 00:00:00|0|1|10159578466593904|facebook
No surprise. Alberta the hot bed of ignorance & intolerance.|10159578685288904|Chris Pompeo|2022-02-23 21:49:39|0|1|10159578466593904|facebook
Don’t think so, that distinction belongs to, Trudeau, his cabinet and caucus. Full stop.|10159578598773904|Leon Bouvier|2022-02-23 21:49:39|0|1|10159578466593904|facebook
And Trudeau is beholden to identity politics.|10159578581573904|Sophie Gunn|2022-02-23 21:49:54|1|1|10159578466593904|facebook
We are with them 100% The only criminal element here is Trudeau and his Emergency Act 🤬 It will soon be illegal to eat ice cream, because he doesn't like it. Shame on the Globe and Mail.|10159578624793904|Fern L. McCoy|2022-02-23 21:49:40|0|1|10159578466593904|facebook
I believe most of those who stayed home still supported these people who came from all across Canada from all walks of life to put their money where their mouths are... Did you see the videos of the cheering overpasses filled with people.. real grassroots support against mandates which need to be removed. Everyone knows that vaccinated or not we all spread the virus equally so the mandates don't do a thing.|10159579511208904|William Los|2022-02-23 00:00:00|1|1|10159578466593904|facebook
"-- The majority of ""real salt-of-the-ear th Canadians"" who didn't want anything to do with the protest, such as the truckers who stayed on the road to haul loads, count for a lot more than the minority who bought the Canada Unity bill of goods."|10159579481653904|Jeff Hamacher|2022-02-23 00:00:00|1|1|10159578466593904|facebook
nope. The wool is over your eyes buddy.. these were blue collar workers farmers, truckers, union workers.. real salt of the earth Canadians... Trudeau insulted them and they replied in kind...|10159579466768904|William Los|2022-02-23 00:00:00|1|1|10159578466593904|facebook
"-- ""These people"" were mostly not truckers. US rules bar any unvaccinated truckers from crossing the border in the first place. Canada Unity, Tamara Lich, Patrick King, and the rest of the convoy leadership have simply pulled the wool over your eyes about the real goals of the protest."|10159579436018904|Jeff Hamacher|2022-02-23 00:00:00|1|1|10159578466593904|facebook
not really but I can see the parallels. Sockboy really didn't like these people much so he hung them out to dry causing this whole mess by imposing very punitive testing and 2week isolation for unvaccinated truckers crossing the border.|10159579239838904|William Los|2022-02-23 00:00:00|1|1|10159578466593904|facebook
it has to do with a dictatorship named Justin Trudeau, and the liberals. Remember that one you voted in after he is on record saying he dressed up as black face multiple times? The same Trudeau that paid 2.5million in hush money to a 15 year old girl and her family when he was a teacher in BC?|10159579238883904|Taylan Knowles|2022-02-23 00:00:00|1|1|10159578466593904|facebook
The Liberals took the most seats in Quebec in the last Federal election and let's not kid ourselves, Quebec is as Liberal as Alberta is Conservative.  Your statement also ignores the ripple effect this has caused around the globe.  Are the truckers protesting in New Zealand upset with the last Federal election....? What the hell has Trudeau done now to upset the kiwis??|10159579226528904|Mark Leslie Smith|2022-02-23 00:00:00|1|1|10159578466593904|facebook
exactly. And all the hillbillys with pitchforks couldnt handle losing again|10159579097438904|Tamara Ogie|2022-02-23 00:00:00|1|1|10159578466593904|facebook
But only the sucky tit drivers.|10159579064928904|Dave Lockie|2022-02-23 00:00:00|1|1|10159578466593904|facebook
Jeff kind of like the emergency act had little do with a confidence vote or FINTRAC. You've been dooped bud|10159579031328904|Vin Scott|2022-02-23 21:50:01|1|1|10159578466593904|facebook
-- A swing and a miss.|10159578969623904|Jeff Hamacher|2022-02-23 21:50:01|1|1|10159578466593904|facebook
"Because at its heart, the convoy had little to do with ""freedom"" and much to do with participants being unhappy with the results of the last federal election."|10159578654293904|Jeff Hamacher|2022-02-23 21:49:40|0|1|10159578466593904|facebook
so you are stating that the main stream media does not verify or cite sources for there reporting?.|10159578885798904|Jack Bergin|2022-02-23 21:50:00|1|1|10159578466593904|facebook
right. I will follow the MSM who don't provide verifiable facts and links. But if you challenge them? ...you had better have verifiable facts and links. 🤦‍♂️|10159578834953904|Daniel O'Keefe|2022-02-23 21:50:00|1|1|10159578466593904|facebook
The NY Times? The ones who attack JK Rowling? They are leftist BS as well|10159578819813904|Anne Kora|2022-02-23 21:50:00|1|1|10159578466593904|facebook
are you stating that the report is not truthful?. Might you give the verifiable facts ( with links ) to back such an accusation.|10159578583353904|Jack Bergin|2022-02-23 21:50:00|1|1|10159578466593904|facebook
*sticking, not attacking|10159578577293904|Tina Knott|2022-02-23 21:50:00|1|1|10159578466593904|facebook
Thought that the Protest was a Canadian Protest. Is not Alberta still part of Canada?|10159578907208904|Bob Wolski|2022-02-23 21:49:39|0|1|10159578466593904|facebook
As an Albertan, I don’t deny I hate being part of Canada. Maybe the PM could just punish us by booting us out of Canada?|10159578680013904|Aaronius Maximus|2022-02-23 21:49:39|0|1|10159578466593904|facebook
speak for yourself|10159578686473904|Elle Evans|2022-02-23 21:49:58|1|1|10159578466593904|facebook
"No one ""makes"" equalization payments. We all pay federal income tax and those who make the same wages are subject to the same taxes. So tired of this ridiculous nonsense."|10159578561628904|Alex Buchanan|2022-02-23 21:49:48|1|1|10159578466593904|facebook
"less a trucker protest and more a ""Joe The Plumber"" type political stunt."|10159578581648904|Darrell Davies|2022-02-23 21:49:39|0|1|10159578466593904|facebook
Most Conservative driven|10159578690998904|Kenneth Hill|2022-02-23 21:49:55|1|1|10159578466593904|facebook
what side of politics is the one that destroys cities and tears down monuments??? Look in the mirror before you point fingers trying to project your garbage on everybody else|10159578651983904|Justin Shovin|2022-02-23 21:49:55|1|1|10159578466593904|facebook
I do love it when progressives express hate for people based on where they live and don’t see the irony…|10159578580203904|Sophie Gunn|2022-02-23 21:49:55|1|1|10159578466593904|facebook
you forgot the Conservative Party # 1 extremest|10159578543883904|Kenneth Hill|2022-02-23 21:49:55|1|1|10159578466593904|facebook
Per capita Alberta pays more to the federal government than any other province… best to not bite the hand that feeds you.|10159578680898904|Ricky Mihalyk|2022-02-23 21:49:48|1|1|10159578466593904|facebook
Correct. White truckers specifically|10159578642363904|Jeffrey Paul|2022-02-23 21:49:51|1|1|10159578466593904|facebook
What? It has absolutely no similarity to the FLQ crisis. None.|10159578499738904|Jan Carmichael|2022-02-23 21:49:47|1|1|10159578466593904|facebook
found one.|10159578579653904|Jack Bergin|2022-02-23 21:49:46|1|1|10159578466593904|facebook
the ones in the bouncy castles?|10159579146253904|Brad Noel|2022-02-23 00:00:00|1|1|10159578466593904|facebook
"I can't believe all these truckers from Alberta are scared of ""Man Dates""."|10159578498173904|Stephen Whiteside|2022-02-23 21:49:37|0|1|10159578466593904|facebook
"Nonsense. It is your perception. What has this government given to ""the east""? Whatever the hell that means - anyone outside of those who vote Conservative in Alberta and Saskatchewan??? It's been bad for everyone. Just look at the dismal popular vote for this government. People in ""the east"" are just as dissatisfied, and it is primarily the large urban regions that vote Liberal (GTA, Montreal, Ottawa, Calgary, Vancouver). Many for lack of a better opposition party. And, it just so happens that the largest populations of the country are in ""the east"". Apart from the ineptitude of Trudeau, the other problem we have is the CPC filled with Reform/SoCons who simply do not resonate with most of the country. It's a pitiful situation we are all in."|10159578558528904|Alex Buchanan|2022-02-23 21:49:47|1|1|10159578466593904|facebook
Except that for 11 years under Mr. Harper, Alberta was the dominant power base in Canada. Revisionism is wrong.|10159578589643904|Dan Calda|2022-02-23 21:49:45|1|1|10159578466593904|facebook
No arguments there. Electoral reform is a seperate issue. As it is now, the NDP and the Greens are grossly underrepresente d...and the Bloc is over represented.  Please remember tho...Trudeau tried this, he rightfully asked for an all-Party buy in. Conservatives killed it in Committee. The irony is Conservatives would probably be leading a coalition Gov't if we had some form of PR.  Look, bottom line...unless the Conservatives tack more to the center, ditch their evangelical base and join ROC, they will remain a prairies based, rural Party.  Everything else is moot.|10159578719693904|Dan Calda|2022-02-23 21:49:45|1|1|10159578466593904|facebook
https:// theline.substack .com/p/ michelle-rempel- garner-i-went-t o?utm_campaign= post&utm_medium =web&utm_source =direct&fbclid= IwAR3-TO3PTot1G 9UZR9yHMhmwZIGG BrafsHbOsE9kjhA vj-tNq_mJsDU-Vh 0|10159583086158904|Ailina Coraline|2022-02-25 00:00:00|1|1|10159578466593904|facebook
I think your all off your rockets if you think Alberta started the trucking protest for mandates and you guys are playing right in to Trudesu sock boy and what he started Division of Canadians|10159579395983904|Richard Lortie|2022-02-23 00:00:00|0|1|10159578466593904|facebook
HELLO, Chinada is controlled by the WEF. What good will electoral reform do?|10159578723483904|Brian J Anderson|2022-02-23 21:49:45|1|1|10159578466593904|facebook
Texas used to believe in freedom. The GOP trampled that under trump and Ted Cruz. Us Canadians are one of the freest countries in the world. But their is a limit to what you do. These people stepped over the line.|10159579024533904|Dave Lockie|2022-02-23 00:00:00|1|1|10159578466593904|facebook
what an absolute mess of a sentence. 🤦‍♂️ *you’re *off your “rockers” *Alberta didn’t start it, it was started IN Alberta *Trudeau|10159579399168904|Stefan Martin|2022-02-23 00:00:00|1|1|10159578466593904|facebook
- On the contrary, it does bother me. It bothers me that eastern Canada neither understands, nor cares to understand the other half of the country. It bothers me that we have a PM that views his duty to Canadians as limited to the electoral districts they come from. It bothers me that countless rules, conventions, and laws have been tossed to the wayside in a relentless drive to reform Canada into the limited image a few elites.|10159578525543904|Dave Carter|2022-02-23 21:49:47|1|1|10159578466593904|facebook
"The media tried to smear the truckers from day one... a flag draped over a statue is now called a ""desecration"". Come on !! The media in Canada are now so out of touch that is laughable. You are just throwing another log on the fire.  For the last few years the population watched as monuments were torn down, churches burnt ( most of which had nothing to do with native schools ) and the country was presented as a ""racist"", ""bigoted"" ""colonial"" nightmare populated by ""settlers"" and ""migrants"". Now some people have finally responded.... the truckers and their allies.  The woke crowd have tried to drag everything about Canada through the mud... every negative past event magnified... yet millions around the world line up to immigrate to Canada... people don't normally gravitate towards ""oppression"". So we cannot be as ""bigoted"", ""racist"", ""homophobic"", ""Islamophobic"", ""transphobic"" and as ""misogynistic"" as Trudeau and his minion Jagmeet seem to state day in and day out.  The truckers did us a favour... the vaccine mandate passcode systems failed to work well anyway... about 85% of those in hospital are fully vaccinated people over 60... back to square one... it is still primarily an elderly person's disease... vaccinated or not. The mandates forced healthy young people to be vaccinated when they are extremely unlikely to get seriously sick with Covid19 anyway.  Compared to Trudeau Harper was dull, and stodgy... he was actually well represented in southern Ontario and even the Toronto suburbs by the way. Compared to dull but competent Harper, Trudeau is a national embarrassment. The federal Liberal Party is beset by extreme cowardice... is that lying groping black-faced drama teacher the best leader that they can come up with ?  I voted for Trudeau in 2015... big disappointment. .. then I could vote for Jody Wilson Raybould as an Independent, relief... but now we have some dim Real Estate agent representing my riding. Sad. I will never vote Liberal again.  We can see that the Toronto media has already dropped the story of real violence and vandalism in northern BC... with pipeline workers threatened and millions of dollars of equipment damaged... just recently. Barely a peep from Trudeau.  https:// financialpost.co m/commodities/ energy/oil-gas/ this-has-gone-wa y-too-far-inves tigators-begin- probing-violent -attack-on-coas tal-gaslink-sit e"|10159581074288904|Kevin Goodwin|2022-02-24 00:00:00|1|1|10159578466593904|facebook
your assumptions, like your spelling and grammar, are all wrong. 😢|10159579415418904|Stefan Martin|2022-02-23 00:00:00|1|1|10159578466593904|facebook
"I don't believe anyone with critical rational thought thinks everyone in this group is alt-right or a white supremacist. The problem is that this has been nothing but an opportunistic far-right group using truckers as pawns to destabilize a democratically elected government. The protest is now ""stained"" with the scent of these people and that stench will stay with it. Disenfranchised ? Yes, as a product of their own minds. Do these people think that everyone in this country is happy with Trudeau? About the mandates? About all of what he has done over the last 6 years? Think again. The dissatisfaction is spread across the country which is clear when he hasn't won the popular vote for the last 2 elections. And no, everyone east of Manitoba doesn't vote Liberal. That is pure fantasy. It is the large urban centers where they've been winning the elections - GTA, Ottawa, Montreal, Calgary, Vancouver - in the large population centers. And prior to Trudeau? How do these people think those who didn't reside in ""the west"" feel about that with Harper in charge? It goes both ways. Lots of people are miserable, not just those in Alberta and Saskatchewan."|10159580247503904|Alex Buchanan|2022-02-24 00:00:00|1|1|10159578466593904|facebook
Agreed and well said!|10159579451963904|Ruth Figueira|2022-02-23 00:00:00|1|1|10159578466593904|facebook
Im sure the rest of Canada would welcome that.|10159578739038904|Clorice Fontaine|2022-02-23 21:49:46|1|1|10159578466593904|facebook
Harper was a sellout. Froze old age and stole money from the CPP fund to balance his over spending. Sold the Canadian Wheat board to the Saudi's as well as our Atomic energy to them as well. the tar sands are ours only in name. The tax payers only get pennies on the dollar for our oil. Thanks Mr. Harper. Mulroney must be so proud of you.|10159579729793904|Dave Lockie|2022-02-24 00:00:00|1|1|10159578466593904|facebook
wait, how many seats did the liberals win in the maritimes? Almost every single one?|10159578644368904|Darren Hoffman|2022-02-23 21:49:47|1|1|10159578466593904|facebook
why don't you articulate what you mean to say. Are you suggesting it is appropriate to make inferences about people character based on where they live? Isn't that prejudice?|10159578949428904|Sophie Gunn|2022-02-23 21:49:42|1|1|10159578466593904|facebook
"The bulk of the Liberal seats come from larger urban centers. The seats in ""the west"" (west of Ontario if that's what you're thinking) = 104, the seats in the ""Maritimes"" = 25 and NFLD&Lab = 7, so east of Quebec a total of 32 - less than a third of 104. And have a look at the election map for 2021. In Nova Scotia the CPC won 3 seats unseating 2 Liberals, and Ontario where most everything except in the far north (NDP/Lib with a scant # of seats) outside of the GTA/Ottawa votes Conservative, and Quebec half are Bloc seats. It is primarily because of the rural-urban divide that the Liberals end up winning elections. This idea that the entire east votes Liberal is absolute insanity and it seems this east-west divide issue always comes from ""the west"" - primarily Alberta and Saskatchewan where almost all seats are Conservative without any thought of having an honest look at how people actually vote. Moreover, just because a seat is won by a LIberal, doesn't mean all the people in that riding voted Liberal. And all you have to do is look at the popular vote to understand this. If ""everyone east of Manitoba was voting liberal, they would have a majority government and win with a popular vote of almost 70% - every single time. My god wake up and stop trying to make the division even worse than what this twit Trudeau has done, and Harpo before him. They are equally guilty of contributing to this divide."|10159580229508904|Alex Buchanan|2022-02-24 00:00:00|1|1|10159578466593904|facebook
To start with harper did not run a down the middle government. he sold us down the river including the tar sands to the States. And all with a big smirk on his face. He and Mulroney were traitors.|10159579008858904|Dave Lockie|2022-02-23 00:00:00|1|1|10159578466593904|facebook
And that would be OK with you because it doesn't concern you why part of your country is unhappy about a current status quo?|10159578513108904|Lebioda Irena|2022-02-23 21:49:47|1|1|10159578466593904|facebook
"For people who need or want vaccine it's available. Not unlike a flu vaccine. Travel, LTC facility, hospitals should have their own rules. I was responding that ""Man Date"" quip."|10159578623313904|Lebioda Irena|2022-02-23 21:49:44|1|0|10159578466593904|facebook
You lost and just like trump you can't stop crying about it.We but up with 8 years of harper and never started a insurrection.|10159578997678904|Dave Lockie|2022-02-23 21:50:01|1|0|10159578466593904|facebook
Small minority and a group of foreigners behind this protest.|10159578608888904|Ted Luu|2022-02-23 21:49:44|1|0|10159578466593904|facebook
Shannon Fox you have no idea what freedom is. Please feel free to leave and move to a GOP led state.|10159578990278904|Dave Lockie|2022-02-23 00:00:00|1|0|10159578466593904|facebook
not enough crayons to explain it to some people. Funny though.|10159578629868904|Janice Munro|2022-02-23 21:49:44|1|0|10159578466593904|facebook
mmm this person is referencing the following in their profile pic.. Beest leave them to their own sort  https:// www.thedailybeas t.com/ how-qanon-became -obsessed-with- adrenochrome-an -imaginary-drug -hollywood-is-h arvesting-from- kids|10159578907283904|Edmond Engelbrecht|2022-02-23 21:49:44|1|0|10159578466593904|facebook
Of course, Alberta is Canada's Florida.|10159578682728904|Eric Stephano|2022-02-23 21:49:40|0|0|10159578466593904|facebook
Shannon Fox 🎣|10159578968958904|Jeff Hamacher|2022-02-23 21:50:01|1|0|10159578466593904|facebook
absolutely this, it’s the same way that Trump got elected. There are huge numbers of people who feel like their voices aren’t being heard and inevitably a handful will turn to more extremist views. It’s in no way a justification for some of the things being said, but those in power would do well to be aware of this.|10159578587693904|Paul Leo Clark|2022-02-23 21:49:45|1|0|10159578466593904|facebook
"If you click on the three dots there's an option that says ""Unfollow the Globe and Mail."" If you do that, everyone will be happier."|10159579085513904|David Brooks|2022-02-23 00:00:00|1|0|10159578466593904|facebook
"Hey... Look, I don't want to get into a back and forth political argument with you...but what you said is mainly false. As for Quebec, it's still pretty in line. But them too, as with the Maritimes...dat e back to Confederation.  So...if you assume the Prairies are ""the west"", fine. They are not, but for the sake of argument, sure.  The west...116, 346 per 1 MP Ontario...121, 487 per 1 MP Quebec...108, 846 per 1 MP Maritimes incl Nfld...78, 125 per 1 MP  2020 population and Federal riding numbers.  Cheers"|10159578761998904|Dan Calda|2022-02-23 21:49:45|1|0|10159578466593904|facebook
They didn’t upset the entire country. ( evidence provided daily by the media of tens of thousands of everyday Canadian supporters standing with them from coast to coast) They had a right to see the EVIDENCE…the SCIENCE..the PROOF of the necessity of the Trudeau vaccine mandate for the hero’s of the pandemic who for two years while Trudeau avoided work and hid as much as he could..did their jobs, delivered everything we needed to live. Instead they got..insults, lies, shaming, hate, from the same man who when the entire country was shut down, far worse damage was done in 2020..negotiate d with the people holding our entire country hostage..all because he couldn’t deliver evidence, had no science and refused to meet with them even when they announced they were coming to be heard. ALL CANADIANS MATTER.|10159579419858904|Jennifer Wilson|2022-02-23 00:00:00|1|0|10159578466593904|facebook
Albertans? Unhappy? Never….. 😉🙄|10159578720773904|Joanna McCallum|2022-02-23 21:49:39|0|0|10159578466593904|facebook
Wexit didn't work.|10159581640883904|June Anderson|2022-02-25 00:00:00|0|0|10159578466593904|facebook
Alberta is one of the clowns in America's crazy town.|10159579197688904|Timothy Brett|2022-02-23 00:00:00|0|0|10159578466593904|facebook
Without knowing, I knew that, also their extreme Red-Neck neighbours in Saskatchewan are just as bad, if not worse!|10159580445318904|Joe D Norht|2022-02-24 00:00:00|0|0|10159578466593904|facebook
unhappily married|10159578848753904|Andres Ruiz|2022-02-23 21:49:45|1|0|10159578466593904|facebook
I'm not an Albertan, but considering the multi-billions in equalization payments provided to other provinces, they deserve to be treated with respect; sadly, that seems to have turned into contempt since 2015.|10159578818388904|Frieda Anne Mayer|2022-02-23 21:49:58|1|0|10159578466593904|facebook
we would be better off without Alberta in this country...|10159580148703904|Jean-pierre Traendlin|2022-02-24 00:00:00|1|0|10159578466593904|facebook
Yep. So when even they call out Trudeau its hard to say it's because they are right wing.|10159579054108904|Tina Knott|2022-02-23 00:00:00|1|0|10159578466593904|facebook
funny tho, no sigh of Ghislaine Maxwell's customers, but we gotta lotta investigating to do here folks.|10159579453843904|Chris Howell|2022-02-23 00:00:00|0|0|10159578466593904|facebook
not as ridiculously backwards and selfish as AB.|10159578571468904|Greg Joiner|2022-02-23 21:50:00|1|0|10159578466593904|facebook
Agreed. I cancelled my subscription and am attacking with the New York Times for better, balanced journalism.|10159578576568904|Tina Knott|2022-02-23 21:50:00|1|0|10159578466593904|facebook
well said.|10159578722308904|Ignatius Nash|2022-02-23 21:49:45|1|0|10159578466593904|facebook
Both are paid off shills|10159578726048904|Brian J Anderson|2022-02-23 21:50:00|1|0|10159578466593904|facebook
Dennis Listerellie it's just a fake account|10159578911353904|Stephen Whiteside|2022-02-23 21:49:44|1|0|10159578466593904|facebook
"first off, we know they don't always. Second, verifying the data and publishing it correctly are two very different things. The last two weeks should confirm this. The lady was trampled by a horse, but she wasn't.....🤔  They were ""waving Nazi symbols""....but only one person had a placard and it was a ln expression of how he felt Trudeau was behaving, NOT of what he favored. Either way, he was swiftly booted BY the protesters as was the only rebel flag holder....but the MSM? ""Nazi symbols"" pluralized. Waving rebel flags...plurali zed.  ""Cases of Arson""...that is a plural. There was ONE and it was a local homeless person. Verified by Ottawa police.  ""Harassing homeless shelter and stealing food""  They showed up and asked to use the restroom a, there were many of them. The next day and every day after they ADDED food, volunteers AND set up feeding stations for the homeless.....  That is only the last few weeks....so, so much that they might verify, but choose bits and pieces to spin and yet, can declare ""this info is verified"" but what they are really saying is ""the words we are using to write this story we're words which were also contained in the actual event, but we've rearranged them for effect""....🤦‍♂️"|10159578901408904|Daniel O'Keefe|2022-02-23 21:50:00|1|0|10159578466593904|facebook
they also love Justin's hair|10159578583463904|Charleen Gordey|2022-02-23 21:49:44|1|0|10159578466593904|facebook
exactly.. it’s tedious|10159578589288904|Craig Sabasch|2022-02-23 21:49:48|1|0|10159578466593904|facebook
🎣|10159579069878904|Jeff Hamacher|2022-02-23 00:00:00|1|0|10159578466593904|facebook
Where's the criminal Anthropologist doing the investigation in Parliament?|10159578560348904|Tracy Allen|2022-02-23 21:49:40|0|0|10159578466593904|facebook
What a surprise... Said nobody|10159578496858904|Kurt Ruetters|2022-02-23 21:49:40|0|0|10159578466593904|facebook
BS I'm not in Aberta ! People are pissed from coast to coast at that privileged silver spoon punk.|10159578699243904|Dennis Paul|2022-02-23 21:49:40|0|0|10159578466593904|facebook
Kick them out.|10159578818018904|Dory Glover|2022-02-23 21:49:40|0|0|10159578466593904|facebook
|10159578699533904|Gerald Lax|2022-02-23 21:49:40|0|0|10159578466593904|facebook
Millions of Canadians across the entire country have been protesting this government overreach, the mandates, the taxes, the vax, the covid pass, the lockdowns, the curfews, for months thousands in every city every town every weekend . Wake up. This was the thing that lit the flame of hope. Flags on front lawns across Canada . Huge crowds not one violent act until the police started beating vets and gramas.|10159578918448904|Elle Evans|2022-02-23 21:49:40|0|0|10159578466593904|facebook
Oh the globe and mail says it it must be true 👍. Funny though the entire country every city town and village had massive multiple protests every week for the past two months if not longer. .|10159578685058904|Elle Evans|2022-02-23 21:49:40|0|0|10159578466593904|facebook
Once again smearing , besmiching , dehumanizing, villianizing a whole group of people a whole province|10159578962268904|Iliya Kireta|2022-02-23 21:49:40|0|0|10159578466593904|facebook
Here in Québec w E are flabergasté from Alberta..?|10159578533703904|Pascal Briand|2022-02-23 21:49:40|0|0|10159578466593904|facebook
That wouldn't surprise me a bit . Alberta is also the epicentre of far right evangelism in Canada . There has to be a shutting down of these pretend they are doing it for God but they are busy trying to undo democracies and think they know better than scientists and leading doctors on Covid . You won't find a deep thinker among them these are people who believe their church leaders and assorted other mixed nuts|10159578773358904|Joyce Hawthorn|2022-02-23 21:49:40|0|0|10159578466593904|facebook
In other news, water is wet.|10159578531988904|Jason Godin|2022-02-23 21:49:40|0|0|10159578466593904|facebook
We all knew that.|10159578980068904|Dave Lockie|2022-02-23 21:49:40|0|0|10159578466593904|facebook
Globe you are Pathetic|10159578599728904|Mary Fleming Faulkner|2022-02-23 21:49:40|0|0|10159578466593904|facebook
Senators disagree with you GLOBAL. How about doing some real journalism for Canadians since we are your funders|10159579582903904|Debbie Mitchell|2022-02-23 00:00:00|0|0|10159578466593904|facebook
No sh#t, Sherlock.|10159579570693904|Jan O'Brien|2022-02-23 00:00:00|0|0|10159578466593904|facebook
NO! 😮|10159578954128904|Hillary Mackesy|2022-02-23 21:49:40|0|0|10159578466593904|facebook
dah!|10159578852773904|Gayle Lavigne|2022-02-23 21:49:40|0|0|10159578466593904|facebook
Oh look the media is after Alberta, shocking 😂|10159578609933904|Kylana Rogers-Hambling|2022-02-23 21:49:40|0|0|10159578466593904|facebook
“Men seldom, or rather never for a length of time and deliberately, rebel against anything that does not deserve rebelling against.” - Carlyle|10159578745768904|John Gayder|2022-02-23 21:49:40|0|0|10159578466593904|facebook
the first word is his name, and it is capitalized, just as in this sentence. ✅ Whereas, your sentence is missing a comma. Do you know where it should be placed? 🤔|10159579462513904|Stefan Martin|2022-02-23 00:00:00|1|0|10159578466593904|facebook
You haven’t actually rebutted my second point above about the presence of citizens opposed to the LPC even in places where they hold the seat.  You seem to conflate capital-L Liberal affiliation with small-l liberal ideological leanings.  You’re almost certainly mistaking the superficial events of the convoy and its so-called ripple effects in other countries for its heart, which is what I wrote about.|10159579421133904|Jeff Hamacher|2022-02-23 00:00:00|1|0|10159578466593904|facebook
If you are going to be the grammar Police, perhaps you should learn to capitalize the first word of your sentences. smfh.|10159579450608904|Ruth Figueira|2022-02-23 00:00:00|1|0|10159578466593904|facebook
many Ottawa residents as well.|10159579127663904|Cheryl Leitch|2022-02-23 00:00:00|1|0|10159578466593904|facebook
"-- (1) Québec = ""Liberal territory""? Not sure that the BQ or an objective reading of their electoral success would support that assessment.  (2) Your question incorrectly assumes that opponents of the LPC couldn't possibly live in areas where the LPC holds the riding."|10159579135038904|Jeff Hamacher|2022-02-23 00:00:00|1|0|10159578466593904|facebook
but if you start up that nonsense again guess what?|10159579156603904|Dave Lockie|2022-02-23 00:00:00|1|0|10159578466593904|facebook
do you mean the ones who own businesses, make payroll, negotiate transport contracts, service massive debts for equipment, broker trade for cross border shipments and repair their own equipment break downs? Are those the ones your talking about? Tell me about how you know better.|10159579224978904|Ted Friesen|2022-02-23 00:00:00|1|0|10159578466593904|facebook
have you ever been to Texas?|10159582345248904|Lucille Dray|2022-02-25 00:00:00|1|0|10159578466593904|facebook
We have all the freedom we need thanks Justin.|10159581256218904|Dave Lockie|2022-02-24 00:00:00|1|0|10159578466593904|facebook
-- You're just proving my point. And making badly-informed assumptions about how I vote.|10159579430723904|Jeff Hamacher|2022-02-23 00:00:00|1|0|10159578466593904|facebook
“We”?... you and your cat?|10159578660768904|Stéfan Breton|2022-02-23 21:50:02|1|0|10159578466593904|facebook
apparently Debra thinks making fun of others based on where they live is 👌|10159579298568904|Andrew Isosceles Radke|2022-02-23 00:00:00|1|0|10159578466593904|facebook
And we are proud of that.|10159578612903904|Debbie Moore|2022-02-23 21:49:42|1|0|10159578466593904|facebook
lol bring down the government... Lol with bouncy castle and feeding street people and porta potty in front of the prime minister's office. LOL I love satire... You won|10159579571618904|William Los|2022-02-23 00:00:00|1|0|10159578466593904|facebook
Just to clarify, you're complaining about my assumption on opponents of the LPC living in ridings that the Liberals hold and have historically held more often than not when your whole statement is based on assumptions. I doubt you personally took a census of why everyone was there|10159579882573904|Mark Leslie Smith|2022-02-24 00:00:00|1|0|10159578466593904|facebook
Globe and mail, another out of touch liberal/ leftist based psychotic government cheerleader organization, supporting the agenda of our leadership, who are also criminally complicit in the downfall of this country. Pretty straight forward , supporting government is an automatic admission of absolute servitude combined with an incredibly low intelligence and quite likely serious brain damage|10159578716943904|Matt Piesse|2022-02-23 21:49:40|0|0|10159578466593904|facebook
I am a proud Albertan ❤️ thank you truckers!!|10159578594003904|Debbie Moore|2022-02-23 21:49:40|0|0|10159578466593904|facebook
and?|10159578611423904|Kylana Rogers-Hambling|2022-02-23 21:49:42|1|0|10159578466593904|facebook
No she is speaking for the other 98% of us real Canadians.|10159579015248904|Dave Lockie|2022-02-23 21:49:58|1|0|10159578466593904|facebook
but don’t underestimate the power of a large group of dumb people!! (George Carlin)|10159578728903904|Peter Koeleman|2022-02-23 21:49:56|1|0|10159578466593904|facebook
I totally agree.|10159579717533904|Dave Lockie|2022-02-24 00:00:00|1|0|10159578466593904|facebook
The entire country of Canada is at unrest!!!!|10159578690568904|Heather Nicholson|2022-02-23 21:49:37|0|0|10159578466593904|facebook
More inflammatory reporting. There was cross- country support for this spurred by implementing an idiotic mandate for cross border truckers after two years of no problems.|10159579968088904|Barbara Bout|2022-02-24 00:00:00|0|0|10159578466593904|facebook
for sure, I mean he is a threat to the country...I pray that he looses the next election...he has done a horrible job as Premier.|10159580146343904|Jean-pierre Traendlin|2022-02-24 00:00:00|1|0|10159578466593904|facebook
All over canada mandates being relaxed why now all the protests I believe the haters or alot of them are con|10159580585468904|John Craft|2022-02-24 00:00:00|0|0|10159578466593904|facebook
Right wing unrest starts in right wing fortress.. Go figure..|10159578685078904|Karen E. Valli|2022-02-23 21:49:37|0|0|10159578466593904|facebook
Well atleast Parliament remembers Alberta exists now!|10159578686978904|Rachele B Marchesi|2022-02-23 21:49:37|0|0|10159578466593904|facebook
Put together a platform. Run it in the next election.|10159579219288904|Robert James Drain|2022-02-23 00:00:00|0|0|10159578466593904|facebook
Alberta, it’s always Alberta.|10159579161703904|Jim Rutter|2022-02-23 00:00:00|0|0|10159578466593904|facebook
No surprise here. Right wing getting too much misinformation because they don’t trust regular media. Listening to Trump and Fox News doesn’t help any.|10159585182838904|Cory Vernon Davis|2022-02-26 00:00:00|0|0|10159578466593904|facebook
why were their elected officials not progressing their concerns in the house?|10159578583488904|Darrell Davies|2022-02-23 21:49:47|1|0|10159578466593904|facebook
It's a long time coming. Most of us knew AB and the reformers were initiators and the Republicans joined in with a potlatch of help. Here we go: The minority come up with misanthropic crud and all of us are painted with the same brush.|10159578838803904|Lloyd Sereda|2022-02-23 21:49:37|0|0|10159578466593904|facebook
- Cultural group in Canada protests their marginalization . Extreme measures are taken by a small part of the group that garners national attention. An autocratic PM grabs power in an attempt to distract from his failings and quiet his detractors.|10159578534178904|Dave Carter|2022-02-23 21:49:47|1|0|10159578466593904|facebook
yes why do their politicians transfer so much to Ottawa that never comes back. Total mismanagement!!|10159579321103904|Jerald Pitt|2022-02-23 00:00:00|1|0|10159578466593904|facebook
So the US required truckers to have vaccines for entry into THEIR country So makes sense to bring their fight to Ottawa who doesn’t even control lockdowns/ vac mandates in individual provinces?|10159578883683904|Sven Reitav|2022-02-23 21:49:37|0|0|10159578466593904|facebook
Something in the air? Something in the water? Too much America. Not enough Canada?More oriented to US (north south) than rest of Canada? (East west). Weaken North south ties and strengthen east west ties and relationships?|10159578895403904|Michael Morris|2022-02-23 21:49:37|0|0|10159578466593904|facebook
an Adjunct Assistant Professor sets herself up as an authority??? Of course there is the biased media that goes for that. Criminal - doesn't even understand basic civil rights. If people are unhappy and they have a commonality of an issue that they believe is interfering with their rights, then yes they have a right to protest.  Any and all places that have been affected by required covid19 closures will have people upset with making mandates more restrictive when 90% of people are now vaccinated and numbers of infections are going down. Herd immunity is getting achieved. So the population of people who are on the brink of poverty because of necessary covid19 closures, either their job or business is suffering - they see more added restrictions being proposed that don't seem to make sense to them in light that most people are now vaccinated.  We have lots of immigrants coming to this country, likely more than 10% don't have one or the other of these vaccinations either: polio, pertussus, diptheria, measles, mumps, rubella, meningitis, hepatitis, HPV, etc. In fact older native born Canadians also are not likely to have all the hepatitis vaccines, nor HPV, nor some of the meningitis ones.  We are much more civil and polite about that- though likely there isn't more than 90% of them vaccinated with ALL of those vaccines. Those are every bit as deadly to people that can't get vaccines either.  It is a very sick world when people who have suffered, and want a discussion as to the logistics behind ADDED harsher mandates that affect their commerce., are made out to be misogynists', violent, racist and all sorts of other nonsense simply because they wanted to question the decision making behind the new proposed added mandates. Those that can be brainwashed by all the drivel just remember, all the democratic countries outside of Canada are really shaking their heads at the mistreatment of people from this last protest. Canadian Civil Liberties Association is still going to launch a lawsuit. Furthermore, International Civil Liberties Group recognizes the right to protest as well.  https:// www.inclo.net/ issues/ protest-rights-a nd-policing/|10159580881903904|Lej Sherst|2022-02-24 00:00:00|0|0|10159578466593904|facebook
Initially the reports said this was the brainchild of Maxime Bernier, Tamara Lietch was his cover. He's the front man of Wexit, out of Alberta. They like to complain when oil is doing well. Don't hear them complaining when it's down and they go work in other provinces.|10159578904308904|Cathy Bullerwell|2022-02-23 21:49:37|0|0|10159578466593904|facebook
never will, either|10159584332553904|Heather Halpenny|2022-02-26 00:00:00|1|0|10159578466593904|facebook
It's true though. I'm from Alberta, it is coming from here, we have a huge extremism problem.|10159582435323904|Dylan Darling|2022-02-25 00:00:00|1|0|10159578466593904|facebook
left vs right only my side matters paranoia and outrage|10159578516958904|Eddy Smith|2022-02-23 21:49:51|1|0|10159578466593904|facebook
Trump tactics is used by Freedumb Convoy, not Trudeau...he had to get peace for innocent people back in they own homes! Trump tactics are the Freedumb Convoy tactics!|10159578590483904|Nancy MacDonald|2022-02-23 21:49:49|1|0|10159578466593904|facebook
BS!|10159580143338904|Jean-pierre Traendlin|2022-02-24 00:00:00|1|0|10159578466593904|facebook
Sorry no BS. https:// lop.parl.ca/ sites/ PublicWebsite/ default/en_CA/ ResearchPublicat ions/201701E|10159580165578904|Ricky Mihalyk|2022-02-24 00:00:00|1|0|10159578466593904|facebook
Noise but no violence. Dangerous bouncy castles.|10159582346678904|Lucille Dray|2022-02-25 00:00:00|0|0|10159578466593904|facebook
if all the seats in the maritimes didn’t go to Trudeau. Who would be in power?|10159581047688904|Darren Hoffman|2022-02-24 00:00:00|1|0|10159578466593904|facebook
If the shoe fits…|10159578582578904|Fi Glennanne|2022-02-23 21:49:49|1|0|10159578466593904|facebook
disenfranchised ? No, just spoiled, selfish and an exaggerated sense of entitlement.|10159580450443904|Cory Karp|2022-02-24 00:00:00|1|0|10159578466593904|facebook
they are a threat to the country, including their Premier...|10159580137383904|Jean-pierre Traendlin|2022-02-24 00:00:00|1|0|10159578466593904|facebook
sounds quite familiar|10159578641448904|Darren Hoffman|2022-02-23 21:49:47|1|0|10159578466593904|facebook
Albertans are a threat to this country, they are just reprehensible. I mean a minority of them, but a large minority.. it is hard to like those people...|10159580142428904|Jean-pierre Traendlin|2022-02-24 00:00:00|1|0|10159578466593904|facebook
Alberta has voted the same way for 60 years, with very few exceptions.|10159578598858904|John Rolls|2022-02-23 21:49:47|1|0|10159578466593904|facebook
it's horrible that so many people in Alberta and Saskatchewan vote Conservative and then they are mad at the Liberals when they have Conservatives in their provinces screwing everyone|10159578590673904|Charleen Gordey|2022-02-23 21:49:47|1|0|10159578466593904|facebook
I believe the term you’re looking for is “assign responsibility to”|10159578636883904|Jeffrey Paul|2022-02-23 21:49:49|1|0|10159578466593904|facebook
As opposed to the elitist base in Alberta?  Democracy 101... More folks live in GTA then Alberta and Sask combined.  Stop with the elitist nonsense. Jason Kenney, who has never had a job outside of politics is the epitome of an elite.  C'mon man!|10159578587373904|Dan Calda|2022-02-23 21:49:47|1|0|10159578466593904|facebook
you must believe what the msm reports or you wouldn’t have posted right ?|10159578657523904|Glen Edwards|2022-02-23 21:49:49|1|0|10159578466593904|facebook
from where are all the leaders... I'll wait.|10159579092068904|Rob Moulton|2022-02-23 00:00:00|1|0|10159578466593904|facebook
if the shoe fits, wear it!(as my grandmother used to say)|10159579152473904|Naomi Macey|2022-02-23 00:00:00|1|0|10159578466593904|facebook
Come on, this can’t be about just vaccines. Reasonable people understand that value. So what is it? Freedom? Freedom to be non compliant with protocols that keep our hospitals running, that’s a bit selfish don’t you think? Reasonable people see the importance to keep the virus at bay.  And when it’s kept at bay, then it’s reasonable to open up, drop the masks and drop the restrictions. I prefer to have the medical community determine that. Not angry honkers, but we hear you loud and clear and want the same.|10159579306838904|Chuck Cooper|2022-02-23 00:00:00|0|0|10159578466593904|facebook
- You are proving the point.|10159578513313904|Dave Carter|2022-02-23 21:49:47|1|0|10159578466593904|facebook
Shocking, said no one ever!|10159578558958904|James MacGregor|2022-02-23 21:49:39|0|0|10159578466593904|facebook
Do you just make things up as you go along ?|10159581046328904|Kevin Goodwin|2022-02-24 00:00:00|1|0|10159578466593904|facebook
What a croc. Protesters in Ottawa were from everywhere in Canada and from ALL ethnicities and races. Of course, what would the G and Mail know about this. It’s not part of the Liberal talking points.|10159584752983904|Chuck Audette|2022-02-26 00:00:00|0|0|10159578466593904|facebook
If anyone actually did their homework, this should not surprise anyone! Ulterior motives from the beginning. And the government knows many things and not because they are commies.|10159579136223904|Shawn Rogers|2022-02-23 00:00:00|0|0|10159578466593904|facebook
Nobody does it better than a hurt’en albert’en - being a radical. LoL|10159578927688904|Dave Anderson|2022-02-23 21:49:39|0|0|10159578466593904|facebook
l agree.|10159582378488904|Dave Lockie|2022-02-25 00:00:00|1|0|10159578466593904|facebook
true story.|10159581252888904|Dave Lockie|2022-02-24 00:00:00|1|0|10159578466593904|facebook
They are so predictable aren’t they lol it’s laughable really|10159578610398904|Debbie Moore|2022-02-23 21:49:55|1|0|10159578466593904|facebook
what's nonsense exactly being sick and tired of your country treating you like garbage despite the fact you pay for the rest of the country you only nonsense is from you|10159578650333904|Justin Shovin|2022-02-23 21:49:55|1|0|10159578466593904|facebook
no all far leftist and ironically they are never charged|10159578705443904|Justin Shovin|2022-02-23 21:49:55|1|0|10159578466593904|facebook
West needs to end mandates to survive. I somehow missed Quebec's reasons for unhappiness, but I am sure they have one. It would be easier for everyone to sit and benefit from a status quo.|10159578509633904|Lebioda Irena|2022-02-23 21:49:39|0|0|10159578466593904|facebook
How many years of book learning does this genius have 😂|10159578954603904|Joanne e Healy|2022-02-23 21:49:39|0|0|10159578466593904|facebook
That’s the most shocking thing I’ve ever read.|10159579114383904|Jim Bob|2022-02-23 00:00:00|0|0|10159578466593904|facebook
Trudeau is at the heart of it!|10159578627838904|Brandon Bartlett|2022-02-23 21:49:39|0|0|10159578466593904|facebook
Didn’t need a degree in Anthropology to come to that conclusion.|10159578516803904|Alexander David|2022-02-23 21:49:39|0|0|10159578466593904|facebook
haha try it|10159578559363904|Kieran O'Shea|2022-02-23 21:49:48|1|0|10159578466593904|facebook
But keep the rent extortion hight :)|10159578555998904|Serge Kaz|2022-02-23 21:49:39|0|0|10159578466593904|facebook
wow! Moron|10159580628813904|Lynn Hanson|2022-02-24 00:00:00|1|0|10159578466593904|facebook
Tell that to the judge in charge of Tamaras bail. ;)|10159579030118904|Vin Scott|2022-02-23 21:49:39|0|0|10159578466593904|facebook
And yet he is an international joke. The world looks at Justin Trudeau the same way as the west looks at Ontario.|10159578611808904|Debbie Moore|2022-02-23 21:49:54|1|0|10159578466593904|facebook
the media has been trying to convince everyone it’s really just an attempt at exactly that and most mainstream media followers actually believe it.|10159578685208904|Aaronius Maximus|2022-02-23 21:49:52|1|0|10159578466593904|facebook
We wish.|10159578583473904|Fi Glennanne|2022-02-23 21:49:46|1|0|10159578466593904|facebook
still filled with hate are we Jeffrey|10159578687698904|Ken Hill|2022-02-23 21:49:52|1|0|10159578466593904|facebook
We can analyze that but not the actual lead up to the problem that alone tells you why we have a problem|10159578489128904|Dave Cromarty|2022-02-23 21:49:38|0|0|10159578466593904|facebook
I lived most of my life in Ontario and now Alberta. People are no different here except more polite. A Canadian is a Canadian ......|10159584341078904|Lucille Dray|2022-02-26 00:00:00|0|0|10159578466593904|facebook
haha! You are onto sth! Totally agree... they are such unique breed! .unlawfully take over downtown Ottawa in the name of freedom, only to take the good citizen of Ottawa hostage... there apparently to overthrow the Trudeau government. Really dear rednecks? I mean I am no Trudeau fan, he needs to be replace, he will resign with 18 months I think.|10159580156843904|Jean-pierre Traendlin|2022-02-24 00:00:00|1|0|10159578466593904|facebook
Not at all surprised|10159578883843904|Judy Metcalfe|2022-02-23 21:49:37|0|0|10159578466593904|facebook
Until they had to pay their bills.|10159579107518904|Rick Jesse|2022-02-23 00:00:00|1|0|10159578466593904|facebook
thank you, I do have to admit it was easy considering the posts content though.|10159579106793904|Jack Bergin|2022-02-23 00:00:00|1|0|10159578466593904|facebook
there appears to be a lot material supporting what I’m saying. Plus 20+ years ago my dad was telling me the same thing as he worked in Oil (real offshore rig oil not duck dynasty oil) and he explained to me with his Canadian colleagues about the oil sands and the immense work to make it viable.. which I understand when oil price drops we have to pay people to take it due to cost of production.. that may have changed lately but for certain that was not the case in recent history.  So you can think what you like.. the tide will change even more on oil ..  “For many decades, the fossil fuel industries have benefited from billions of dollars in public subsidies for technology development intended to allow them access to new reserves and lower their costs of production.”  https:// calgaryherald.co m/opinion/ columnists/ adkin-alberta-sh ould-hold-inqui ry-into-oilsand s-subsidies/ wcm/ 41dc9de9-ff4f-40 4a-8ed1-b7b89a7 2ac9c/amp/|10159579348023904|Edmond Engelbrecht|2022-02-23 00:00:00|1|0|10159578466593904|facebook
I call b.s. on that article. Try doing some real research. The WEF has a depopulation Agenda, among others (that fact is in Schwab’s book), wants to make the fictitious climate change concept into government policy, and chip everyone. There’s a plethora of info on YouTube and Twitter + Gab on the WEF’s plans for the world. Garner’s article is a puff piece of propaganda suitable for CBC viewers and lame stream media consumers. It’s objective: “Remain asleep everyone, nothing to see here.”|10159583315728904|Brian J Anderson|2022-02-25 00:00:00|1|0|10159578466593904|facebook
I worked there. I know the story, didn’t need anyone to tell me the story. Yes extraction is expensive, getting cheaper daily. I don’t mean to demean you in any way. My assertion is that Alberta has contributed a greater percentage to the equality equation more than the other provinces. All provinces receive development funds so there’s no issue there. If you do research, you’ll see that the net benefit to the rest of Canada comes from ( mainly) Alberta. This includes oil, agriculture etc. the automotive industry benefits from the residuals of oil and gas. Canadian CO2 levels are less than 2.4% of the worlds emissions, so I have concerns where more efficient fuels come from. And, no we will never rid ourselves of fossil fuels at least for the next 100-150 years when we both will no longer draw breath|10159579358523904|Randy Reiffenstein|2022-02-23 00:00:00|1|0|10159578466593904|facebook
Don’t they know that the US also mandated the same thing?|10159578887563904|Penelope Hedges|2022-02-23 21:49:39|0|0|10159578466593904|facebook
Shocking. I'm bewildered. Alberta, a hotbed of white supremacy and nationalism? Never!|10159579053258904|Jacqueline Marie|2022-02-23 00:00:00|0|0|10159578466593904|facebook
Gee I wonder if all the uS transplants who came to work in the oil fields were part of that.|10159585592773904|Patricia Fuchs|2022-02-27 00:00:00|0|0|10159578466593904|facebook
Unstop. This is Alberta firewall syndrome. Full stop with a blockade|10159578641548904|Jeffrey Paul|2022-02-23 21:49:54|1|0|10159578466593904|facebook
Lol you needed a criminologist to state the obvious.|10159578582593904|Sandra Zezel|2022-02-23 21:49:39|0|0|10159578466593904|facebook
Doesn't come as a surprise Premier Kenny is beholden to the USA.|10159578512618904|Richard Halback|2022-02-23 21:49:39|0|0|10159578466593904|facebook
Well thank you to the Albertans!!|10159578514113904|Nofrendze Cleveland|2022-02-23 21:49:40|0|0|10159578466593904|facebook
