﻿comment|comment_ids|username|datetime|isreply|num_replies|post_id|label
I wonder how many loved ones, be they friends or family members, would be dead today if not for the precautions and mandates. I wonder.|10159562784698904|Wallis Georgia Garbotz|2022-02-16 23:42:39|0|11|10159562732488904|facebook
The restrictions are ending because people are figuring out that they never worked, and that they did incalculable damage to our society and economy.|10159562793393904|Geordie Günther|2022-02-16 23:42:37|0|6|10159562732488904|facebook
"I see you did your ""research"".😁 Do some more. YouTube ""experts"" seem to believe they know everything.🤬"|10159563231288904|Cathy Kotzé|2022-02-16 23:42:47|1|6|10159562732488904|facebook
I just have to say I appreciate the truckers! I never realized until they started the convoy how much of an OVERREACH our government has INFLICTED on us during the last two years. We have rights. I found out Justin has invested money into the vaccines and that's why he was pushing so hard. I would have never known how corrupt our system is from top right to the bottom. I will never look at our government the same ever again. Corruption runs so deep! I hope that we have an opportunity to get Justin in jail for all his crimes!|10159563096813904|Hart Jodie|2022-02-16 23:42:37|0|4|10159562732488904|facebook
If the passports worked then why did they close vaccine passport required places. Seems very illogical to close down places and hurt businesses again if the passport did its job. 🙃|10159562892423904|Janet Snell|2022-02-16 23:42:37|0|3|10159562732488904|facebook
France, UK, Italy, Belgium|10159563163288904|Richard Colvin|2022-02-16 23:42:51|1|3|10159562732488904|facebook
Mandates were very successfully but not as people understand. They showed the people how broken our health care system through decades of underfunding it has become. It has shown the public how vulnerable our seniors in nursing care became from privatization. It has shown how governments would rater protect corporation over that of small businesses and citizens. Mandates may have been ineffective the way it was administered but the failure has shown corporate fascism under neoliberal ideologies are central to the makeup of our political parties.|10159562831263904|Michael H Stenz|2022-02-16 23:42:37|0|3|10159562732488904|facebook
People assuming they know all the answers, without having a dialogue with those they disagree, is how we got into this mess. To my perspective, our health are has been in tatters for years, well before covid. The lockdowns (which a John Hopkins study recently pegged as basically useless for preventing covid deaths at 0.2%) were supposed to increase capacity in healthcare. That did not happen. Our government did not invest in it. Instead they fired healthy HCWs and then asked cv+ workers to return. Instead they blamed the very small percentage of people who didn't get the shots (and data does not support them as being more likely a vector of transmission or infection.) They were deliberately scapegoated instead of actually addressing the root cause.|10159564093823904|Bernadette Wycks|2022-02-16 23:42:45|1|3|10159562732488904|facebook
Just compare the stats from the US and GB were mandates were less restrictive and shorter. The deaths per million were more than double Canada's|10159562785948904|Paul Thompson|2022-02-16 23:42:39|0|3|10159562732488904|facebook
Restrictions are being lifted because of the protests. Trudeau would have dragged it out as long as he could.|10159562904398904|Frances Caputo|2022-02-16 23:42:37|0|3|10159562732488904|facebook
For the billionth time, the vaccines were not designed to prevent anyone from catching the virus, but rather to provide your body's immune system with the information to readily identify and attack the virus if it was contracted. It never created a magic bubble around the person in which they couldn't catch it. When Omicron came around, it was a game-changer in terms of how much more transmissible it was, so everyone was more likely to catch it. The vaccines still proved effective in preventing severe symptoms and the need for hospitalization . In limiting the possible symptoms, there was also a decreased risk of transmissibilit y to others. They were not full-proof and never claimed to be 100% effective, but definitely worth the possible consequences without it.|10159563195333904|James McDonald|2022-02-16 23:42:47|1|2|10159562732488904|facebook
https:// www.google.ca/ amp/s/ mynbc15.com/amp/ news/local/ study-from-johns -hopkins-univ-f inds-lockdowns- had-little-to-n o-effect-on-cov id-mortality|10159563201758904|Josh Adshead|2022-02-16 23:43:07|1|2|10159562732488904|facebook
Sniff some more glue G&M..... Mandates did far more harm than anything|10159562761338904|Roy Nobes|2022-02-16 23:42:37|0|2|10159562732488904|facebook
I must caution you on this. There had been data indicating that vaccinated people who contracted Covid-19 could possibly transmit it to others. The difference is in terms of the degree of transmissibilit y. If you are not coughing, sneezing, etc as much or at all, logically there will be less of a chance that you can pass it on to others.|10159563221843904|James McDonald|2022-02-16 23:42:47|1|2|10159562732488904|facebook
I did not, do you have a link to it?|10159562942638904|Patrick Remillard|2022-02-16 23:43:06|1|2|10159562732488904|facebook
then you should provide research study evidence that shows lockdowns were actually effective.|10159563910273904|Laurie Ann|2022-02-16 23:43:07|1|2|10159562732488904|facebook
"Is the government honestly trying to take credit for this.... Or is the media just going to hand it to them to get more funding? I predict a new variant on the way... ""Another-Con"""|10159562888093904|Jeff Heisler|2022-02-16 23:42:37|0|2|10159562732488904|facebook
https:// youtu.be/ ZBz_WklO8SU|10159563278258904|Hart Jodie|2022-02-16 23:42:54|1|2|10159562732488904|facebook
they had a higher death rate than Canada.|10159563182683904|David Rochon|2022-02-16 23:42:51|1|2|10159562732488904|facebook
He did implement a change on Jan 15 by removing the vaccine exemption for cross border truckers.|10159563012748904|Tina Knott|2022-02-16 23:42:51|1|2|10159562732488904|facebook
I was mainly referring to vaccine mandates and vaccine passports. Some countries never adopted those. Many or all other restrictions are being lifted, too, in many countries.|10159562770988904|Richard Colvin|2022-02-16 23:42:51|1|2|10159562732488904|facebook
when you cant bring logic to a debate you insert words like right wing /racist/ trumpet and ext.|10159562908278904|Patrick Remillard|2022-02-16 23:43:05|1|2|10159562732488904|facebook
Are you guys doing ok over there at the Globe and Mail? Sounds like you maybe need a vacation or something. Starting to sound a little crazy.|10159563110483904|Darrin Absolam Gosse|2022-02-16 23:42:37|0|1|10159562732488904|facebook
whatever you assume 🤷🏻‍♀️name caller. That’s all ya got; sticks and stones 😂|10159565130338904|Debera Perkins|2022-02-16 23:43:00|1|1|10159562732488904|facebook
I don't think they had less restrictions than Canada. In France you had to wear a mask outdoors. France has seen more deaths per capita than Canada. In Sweden the school's never closed, the bars and restaurants never closed, they don't wear masks, and Sweden had significantly fewer deaths per million than most European countries.|10159563178698904|Richard Colvin|2022-02-16 23:42:51|1|1|10159562732488904|facebook
government bootlicker|10159564404678904|Norton Nathan|2022-02-16 23:43:00|1|1|10159562732488904|facebook
exactly. I'm well aware of the stats. Canada has seen less deaths per million than Europe. I'm not saying they haven't. But Canada did not have have more restrictions than Europe.|10159563492888904|Richard Colvin|2022-02-16 23:42:51|1|1|10159562732488904|facebook
Give credit where credit is deserved. Not because of a freedom convoy. - they don’t have a scientific piece of intelligence. It’s winding down folks - in due time.|10159562926158904|Debera Perkins|2022-02-16 23:42:37|0|1|10159562732488904|facebook
The mandates did not expose the vulnerabilities of our health-care system, the pandemic itself did. Your analogy is a shell game in which your narrative is pointing at the wrong source to the problem. It was not the mandates that killed seniors in nursing homes, nor was it the mandates that led to the overcrowding of emergency and intensive care units. The Covid-19 deaths were not attributable to the mandates, but rather the virus itself.|10159564639398904|James McDonald|2022-02-16 23:42:59|1|1|10159562732488904|facebook
the information is easy to find|10159564342243904|David Rochon|2022-02-16 23:43:07|1|1|10159562732488904|facebook
Bs, there ending the mandates because people are finally opening there eyes to all the lies and crimes that the crimeminister is responsible for|10159563133208904|Dean Ladouceur|2022-02-16 23:42:37|0|1|10159562732488904|facebook
Show us proof that it's a con.|10159563349198904|Hans Kaufeld|2022-02-16 23:42:54|1|1|10159562732488904|facebook
, that’s because teamsters is concerned about how many truckers will quit🤦‍♀️🤦‍♀️🤦‍♀️|10159563400093904|Freda Schneider|2022-02-16 23:42:58|1|1|10159562732488904|facebook
why even bother with this guy he's obviously a Nazi Liberal Trudeau worshipper|10159563381058904|Ryan Jon|2022-02-16 23:42:54|1|1|10159562732488904|facebook
"Restrictions were already being gradually lifted around the world. You appear to be blind to that fact, thinking that somehow this ""Freedom"" Convoy started the whole process. This is not all about Trudeau, as you seem to be making your narrative about. Most mandates are provincial and not federal to begin with in Canada. The vaccine mandate for truckers is an agreement between Canada, the US and Mexico, so stop trying to make it all about Trudeau. Even Teamsters denounced the Freedom Convoy. As for the mandate for truckers to be vaccinated, 90% of Canadian truckers are already vaccinated anyway, so your ""cause"" is a moot point and the product of a fringe antigovernmenta l movement typical of right-wing, populist, antigovernmenta l movements that have been occurring around the world for years. They are not virtuous. They are a malaise. https:// teamsters.ca/en/ blog/2022/02/07/ the-real-enemy-f or-truckers-is- covid-19/ ?fbclid=IwAR2Qh5 ydm3u8k0JeNcDa1 4zb1Lt-r_i36wHu k4xexCE4yJyD7H5 33NBqoag"|10159563317033904|James McDonald|2022-02-16 23:42:58|1|1|10159562732488904|facebook
Wonder if the mandates would remain if there wasn’t a protest.|10159563115078904|Mark Giourmetakis|2022-02-16 23:42:37|0|1|10159562732488904|facebook
Are you sure they worked ? Seems like all other countries with less mandates and passeports aswell as less vaccinations have fared allot better|10159563211578904|Moigradeanu Alexandru|2022-02-16 23:42:37|0|1|10159562732488904|facebook
seeing as the plans were already in place before the protests yes.|10159563118273904|David Rochon|2022-02-16 23:42:54|1|1|10159562732488904|facebook
funny I don’t see any Nazi flags around my house. You know where I did see some? At the trucker protest in Ottawa.|10159563407553904|David Rochon|2022-02-16 23:42:54|1|1|10159562732488904|facebook
their plan? Oh please provide some evidence of this plan you refer to.|10159563263943904|David Rochon|2022-02-16 23:42:54|1|1|10159562732488904|facebook
Countries with no mandates had the exact same outcome so they did nothing|10159563110793904|Christine Bruno|2022-02-16 23:42:41|0|1|10159562732488904|facebook
a fictional court case on YouTube. Compelling evidence.|10159563296768904|David Rochon|2022-02-16 23:42:54|1|1|10159562732488904|facebook
https:// youtu.be/ ZBz_WklO8SU|10159563397683904|Hart Jodie|2022-02-16 23:42:54|1|1|10159562732488904|facebook
the study was conducted by economists and is biased to economic impact. It was not a research study and it was not published in a scientific journal.|10159563227783904|David Rochon|2022-02-16 23:43:07|1|1|10159562732488904|facebook
Exactly. Florida ran with no mandates for most of the past 2 years, and achieved FREEDOM with only 6.5x the death rate per capita. SMART!  #ThinkBigly.|10159562933868904|Jason Godin|2022-02-16 23:42:44|1|1|10159562732488904|facebook
do your homework.|10159562914553904|Philly Brick|2022-02-16 23:43:04|1|1|10159562732488904|facebook
People really need a refresher science course|10159563083198904|Paz Carmen Humaña|2022-02-16 23:42:39|0|1|10159562732488904|facebook
Others just need brush up on their spelling.😎|10159563105478904|Kevin Sawtelle|2022-02-16 23:43:03|1|1|10159562732488904|facebook
lmfao. Nope. They were never protocol-free until the past year, and lots of deaths, just like the rest of the US. 3135 deaths/M - higher than many countries in the world. In fact, when you look at that metric for all the countries in the entire world they come in 13th - the entire world. So much to be proud of. 🙄|10159562934203904|Alex Buchanan|2022-02-16 23:43:06|1|1|10159562732488904|facebook
Justin just announced he is using the war measures act against these insurrectionist s WOOHOOO|10159562909443904|Bonnie Cull|2022-02-16 23:43:06|1|1|10159562732488904|facebook
The Mandates did not work. Stop lying already. Ohh what a tangled web we weave, once we practice to deceive.|10159562816998904|Kelly J. Pledge|2022-02-16 23:42:39|0|1|10159562732488904|facebook
Explain how it's a lie|10159562880528904|Simon A. James|2022-02-16 23:43:04|1|1|10159562732488904|facebook
Another anti science right winger. I have a science degree hon.|10159562893683904|Bonnie Cull|2022-02-16 23:43:05|1|1|10159562732488904|facebook
The Johns Hopkins paper was a Meta-analysis study that is already widely criticized as having not been conducted properly, using limited data that excluded significant study results from Europe that proved otherwise. There are plenty of study results that can be quoted, yet they need to be peer-reviewed for credibility based upon their actual methodology and, yes, even papers released by Johns Hopkins can be susceptible to this problem. As such, your citation is not a good one.|10159563265818904|James McDonald|2022-02-16 23:43:07|1|1|10159562732488904|facebook
I self-exiled in September 2020 to Texas from New Brunswick. There were few mandates in Texas, although some businesses decided to reduce their incomes by requiring masks. Now almost no one is wearing a mask. What shocks me is the number of hospitalization s among the vaccinated.|10159562999488904|William Michael Brienza|2022-02-16 23:43:05|1|1|10159562732488904|facebook
For your information, the State of Texas disagrees with your narrative. https:// www.dshs.texas.g ov/immunize/ covid19/data/ vaccination-stat us/|10159563346783904|James McDonald|2022-02-16 23:43:05|1|1|10159562732488904|facebook
It is a game of chance and I like my chances in Texas better.|10159563465353904|William Michael Brienza|2022-02-16 23:43:05|1|1|10159562732488904|facebook
Hey William. Go F yourself. If you will not accept the credible feedback from world-wide specialists in virology and even the conservative State of Texas, I consider you truly a lost cause. Your opinion means absolutely nothing to me, as it should to anyone who employs a modicum of critical thinking. Honestly, you're really not worth responding to and I'm surprised that I'm doing so this late in the game. You're a lost cause.|10159563973708904|James McDonald|2022-02-16 23:43:05|1|1|10159562732488904|facebook
Hey, you do realize what a pandemic is? The world has been in turmoil for the last 2 years, not just Canada. So your solution would have been to carry on as usual and pretend there was no virus? Let 1000's more people die, totally decimate our health care systems, ask doctors to decide who would live and who would die? Society and our economy would have sputtered to a complete stop without protocols. Yes, in a perfect world none of this would happen, but it did. It's amazing how few people seem to be able to think critically anymore.|10159562877483904|Alex Buchanan|2022-02-16 23:43:05|1|1|10159562732488904|facebook
How about we blame the mandates for destroying our society|10159562776083904|Patrick Remillard|2022-02-16 23:42:39|0|1|10159562732488904|facebook
I don’t think it was the mandates - it was suspicious minds. Did you see the cartoon the New Yorker posted? It says it all!|10159562935903904|Debera Perkins|2022-02-16 23:43:06|1|1|10159562732488904|facebook
|10159562998503904|Debera Perkins|2022-02-16 23:43:06|1|1|10159562732488904|facebook
why aren't you leading way then Karen? With all your super power knowledge that the people who have dedicated their lives to learning and working must have missed...wow. please enlighten us all. Who knew Karen had alllll the answers all along. They should have you on speed dial! All praise praise Karen|10159563209903904|Wilde Brandy Orange|2022-02-16 23:43:02|1|1|10159562732488904|facebook
I will thank you|10159562999158904|Patrick Remillard|2022-02-16 23:43:06|1|1|10159562732488904|facebook
you refused to let your mother see medical professions because you think you’re more qualified. You are not a hero|10159563124258904|David Rochon|2022-02-16 23:43:02|1|1|10159562732488904|facebook
mandates did not stop anyone from contracting it! My mother who is Not vaccinated got omicron at the beginning of December. She has lung cancer and only has a portion of one lung. She desperately wanted to go to the hospital. I would not let her! I gave her vitamin c. I got her a puffer and I feed her. I was so worried if she went to the hospital she would die because of the mistreatment of covid patients. My mom is now covid free and o.k. All I can tell you is I've lost trust in our health care system and all the people who run it! I think I saved my moms life! So I cant say I agree with you. Alot of people are so unaware of the curruption and believe everything they hear on the news.|10159563110278904|Hart Jodie|2022-02-16 23:43:02|1|1|10159562732488904|facebook
a lot more would be alive if we did not block good early treatments that I know|10159563074483904|Karen Dworkin|2022-02-16 23:43:02|1|1|10159562732488904|facebook
Provincial|10159563040818904|Bonnie Cull|2022-02-16 23:43:06|1|1|10159562732488904|facebook
“The sero-survey data show that immunity against severe Covid in the country has largely evolved through natural infection over the course of the first three waves and prior to the advent of vaccination. This has, however, come at the massive cost of 268, 813 deaths based on excess mortality attributable to Covid-19.”  “The drive to ensure higher uptake of vaccines, including booster doses for high risk groups, needs to continue”  https:// theconversation. com/amp/ south-africa-has -changed-tack-o n-tackling-covi d-why-it-makes- sense-174243|10159562909158904|Giovanni Smaldino|2022-02-16 23:43:02|1|1|10159562732488904|facebook
there are other treatments. Ventilators are a last resort. Countries in Africa with very low vaccination rates focused on treatments and they have done much better than us|10159562900148904|Brad Noel|2022-02-16 23:43:02|1|1|10159562732488904|facebook
huh? the “treatment” available was to be ventilated in hospitals. Exactly what people were avoiding.|10159562887653904|Giovanni Smaldino|2022-02-16 23:43:02|1|1|10159562732488904|facebook
I wonder how many people would’ve survived if our government placed more importance on treatments instead of only relying on jabs and killing the economy|10159562878353904|Brad Noel|2022-02-16 23:43:02|1|1|10159562732488904|facebook
John Hopkins study’s would tell a different story.|10159563056598904|Josh Adshead|2022-02-16 23:42:39|0|1|10159562732488904|facebook
The Truckers and Citizens won. The stupid mandates didn't win. GO POUND SAND G&M. Edna|10159562937048904|Bill Davis|2022-02-16 23:42:39|0|1|10159562732488904|facebook
go ahead and provide a link.|10159563135963904|David Rochon|2022-02-16 23:43:07|1|1|10159562732488904|facebook
stop whining -|10159562930368904|Debera Perkins|2022-02-16 23:43:00|1|1|10159562732488904|facebook
So we’re lifting mandates now because they worked, but imposed new mandates just 2 weeks ago on truckers? Thanks for the insight …|10159562809348904|Dom Hurley|2022-02-16 23:42:39|0|1|10159562732488904|facebook
https:// www.worldometers .info/ coronavirus/|10159563166713904|David Rochon|2022-02-16 23:42:51|1|1|10159562732488904|facebook
do some research we are in for lockdowns until all small businesses are abolished. Hard to believe but we still have some small businesses that have survived the last two years! Well that does not fit into their plan. So giddy up and get ready to be locked down again in 6 mths, right before school goes back! This is so far from over! Until Justin and his gang are arrested! Canadians are in for some really tough times before things get better!|10159563261918904|Hart Jodie|2022-02-16 23:42:54|1|1|10159562732488904|facebook
oh please share a source for that.|10159563145823904|David Rochon|2022-02-16 23:42:51|1|1|10159562732488904|facebook
many became very sick because you were given snake oil|10159563009343904|Colin Young|2022-02-16 23:42:47|1|1|10159562732488904|facebook
"my reply refers to the fact this all came down to choices . Those that want to create "" chaos and acrimony "" had a choice to something they didn't want to make . It's ones choice to assume entitlement issues when a nation as a whole chose to follow the only way out of a global pandemic . You chose to promote more acrimony with your comment is all I was saying . Arguing with people living on a surface level intellect of "" freedom "" is tiresome ."|10159563915378904|David Barrett|2022-02-16 23:42:45|1|1|10159562732488904|facebook
"These mandates did not stop transmission or infection. Many countries did not use mandates and they have already dropped restrictions. Even the WHO came out against mandates in Dec. The mandates clearly were not the only ""way out""."|10159564072043904|Bernadette Wycks|2022-02-16 23:42:45|1|1|10159562732488904|facebook
Canada beat out many many countries for mortality rates. Saved our health care systems. Continue to make a difference . I’m not arguing more with uninformed. Thanks|10159564074703904|David Barrett|2022-02-16 23:42:45|1|1|10159562732488904|facebook
which is ridiculous and it needs to end|10159562893038904|Jay Labatte|2022-02-16 23:43:10|1|1|10159562732488904|facebook
You know yourself that blame will be placed for allowing the virus to infect people. Nice try.|10159562889428904|John Currie|2022-02-16 23:43:10|1|1|10159562732488904|facebook
no one, it’s a virus|10159562886493904|Jay Labatte|2022-02-16 23:43:10|1|1|10159562732488904|facebook
Vaccine mandates used to work and for that we are very thankful.  But then Omicron came along and suddenly no one was safe. Vaccines could not prevent anyone from getting sick.  It is believed that Omicron’s symptoms were milder, but I suffered weeks after first contracting it. We became very sick despite being fully vaccinated.|10159562996178904|Cathy Kotzé|2022-02-16 23:42:37|0|1|10159562732488904|facebook
really? I’d love to see your evidence|10159563121298904|David Rochon|2022-02-16 23:42:47|1|1|10159562732488904|facebook
I agree but, humans will be humans, and want to further their own agenda.|10159562894988904|John Currie|2022-02-16 23:43:10|1|1|10159562732488904|facebook
why? You only believe what you've been spoon fed anyway|10159563126798904|Colin Young|2022-02-16 23:42:47|1|1|10159562732488904|facebook
so no evidence.|10159563138978904|David Rochon|2022-02-16 23:42:47|1|1|10159562732488904|facebook
not arguing with idiots today, bye Felicia|10159563152028904|Colin Young|2022-02-16 23:42:47|1|1|10159562732488904|facebook
Most uninformed remark I have read so far.|10159563182218904|Cathy Kotzé|2022-02-16 23:42:47|1|1|10159562732488904|facebook
When cases increase, hospital admissions go up, ICU beds are full and deaths increase, who will be the one to blame?|10159562872683904|John Currie|2022-02-16 23:42:42|0|1|10159562732488904|facebook
https:// fb.watch/ baqT-VfWIK/|10159563204353904|Colin Young|2022-01-09 20:59:00|1|1|10159562732488904|facebook
watch the video I posted. You'll understand why so many fully believes different|10159563227418904|Colin Young|2022-02-16 23:42:47|1|1|10159562732488904|facebook
your reply makes absolutely no sense.|10159563899008904|Laurie Ann|2022-02-16 23:42:45|1|1|10159562732488904|facebook
the people that didn’t take care of their bodies their whole lives will be to blame.  The amount of really healthy fit people that died from Covid is infinitesimal.|10159562917173904|Philly Brick|2022-02-16 23:43:10|1|1|10159562732488904|facebook
"Our whole family is double vaccinated and all of us received our booster shots. This goes for everyone that I know who became sick with Omicron. It also includes our Prime Minister, that ""champion"" of mandates."|10159564571678904|Cathy Kotzé|2022-02-16 23:42:47|1|1|10159562732488904|facebook
Try to find the courage to look up from the dangerous and deadly circle jerk of outrageous Republican propaganda. Hiding behind bully boys never ends well.|10159563134408904|Joyce Montrose|2022-02-16 23:42:44|1|1|10159562732488904|facebook
Satire or just another sad victim of Republican USA populist propaganda? The USA is #1 in the world for citizens dead from Covid.|10159563002753904|Joyce Montrose|2022-02-16 23:42:44|1|1|10159562732488904|facebook
I get it now. You're trying to be Samantha Bee. I have to admit that your comments are definitely funnier than her|10159563007238904|Colin Young|2022-02-16 23:42:44|1|1|10159562732488904|facebook
Apparently you get nothing. Hiding behind bully boys never ends well buddy. Try to find the courage to look up unless you are just making a few extra rubles, then carry on! 🤣|10159563056293904|Joyce Montrose|2022-02-16 23:42:44|1|1|10159562732488904|facebook
dead with Covid. From? We don’t know.|10159563097783904|Leslie Robertson|2022-02-16 23:42:44|1|1|10159562732488904|facebook
Dead, deceased. Grandparents, mothers, fathers, children, real human beings. Why so misanthropic? 😥 https:// www.statista.com /statistics/ 1093256/ novel-coronaviru s-2019ncov-deat hs-worldwide-by -country/|10159563104088904|Joyce Montrose|2022-02-16 23:42:44|1|1|10159562732488904|facebook
what is the average age of their population compared to other areas?|10159563111503904|Philip Slade|2022-02-16 23:42:44|1|1|10159562732488904|facebook
we know that hospitals have inflated coronavirus statistics. I personally know a woman who’s 97 year old mother’s cause of death was listed as Covid and her husband on hospice care from cancer listed as Covid. That’s just one person. How many more? Well, we know it was many.|10159563121598904|Leslie Robertson|2022-02-16 23:42:44|1|1|10159562732488904|facebook
you couldn't be more wrong your tin foil hats a bit tight|10159563255168904|Penny Jackman|2022-02-16 23:42:44|1|1|10159562732488904|facebook
How many?|10159562918803904|John Currie|2022-02-16 23:43:10|1|1|10159562732488904|facebook
if you're gonna call names, perhaps you can post your sources showing the mandates worked. Johns Hopkins meta-analysis seems to indicate otherwise|10159563347443904|Lance Brizard|2022-02-16 23:42:44|1|1|10159562732488904|facebook
John-Hopkins was a big supporter of mandates. They had better statistics than the CDC and are independent. If you are going to use something as proof, make sure it is accurate first.|10159563394978904|Mary Dale|2022-02-16 23:42:44|1|1|10159562732488904|facebook
The government! I know some people are so ignorant to the health care system! We would not have taken such a hit if we were prepared, if the hospitals were properly funded, if the government would stop mismanaging our tax dollars, we have the money to have an amazing heath care system but we Dont! And nobody asks why?|10159563120408904|Hart Jodie|2022-02-16 23:43:10|1|1|10159562732488904|facebook
So, you are saying that if these people did not get COVID, they would have lived longer than they did?|10159562963108904|John Currie|2022-02-16 23:43:10|1|1|10159562732488904|facebook
well 75% of deaths were among the obese.  95% of the deaths were among people that each had an average of 4 previous medical conditions.  80% of the deaths were among people that were already at their respective nations average life expectancy.  Another tip... Cardio vascular exercise produces superoxide dismutase in the body, there are also natural supplements that contain superoxide dismutase.  Superoxide dismutase is also the best thing to prevent Acute respiratory distress syndrome (ARDS) associated with Covid.  Studies have shown that people who do 3 hours of intense cardio exercise per week almost never end up in the hospital with Covid.  Lots of information out there if you care to look into it.|10159562925788904|Philly Brick|2022-02-16 23:43:10|1|1|10159562732488904|facebook
But you know who will take the credit.|10159562756718904|John Burman|2022-02-16 23:42:37|0|1|10159562732488904|facebook
not the convoy. Science wins - mandates will drop, in due time. Thank you researchers, and medical field for all your hard work!!|10159562929093904|Debera Perkins|2022-02-16 23:42:45|1|1|10159562732488904|facebook
vaccine stop you from being hospitalized and death|10159563259783904|Penny Jackman|2022-02-16 23:42:47|1|1|10159562732488904|facebook
The mandates were always abhorrent.  History will not be so kind on the people that advocated and supported them.  This post will age very well.|10159562912148904|Philly Brick|2022-02-16 23:42:41|0|1|10159562732488904|facebook
Anti vaxers did that #LOCKTHEMUP|10159562844453904|Bonnie Cull|2022-02-16 23:43:05|1|1|10159562732488904|facebook
He is trying to get a national State of Emergency declared later today I believe. And they are trying to expand the vaccine mandate for truckers crossing provincial borders within Canada. Not supported by what our top doctors currently recommend. https:// ipolitics.ca/ 2022/01/12/ no-date-yet-for- mandatory-vacci nation-of-inter provincial-truc kers/|10159563001923904|Tina Knott|2022-02-16 23:42:51|1|1|10159562732488904|facebook
#clueless|10159563108858904|Matt MacDonell|2022-02-16 23:42:50|1|1|10159562732488904|facebook
All these other headlines... truckers, protests, or mandates... I haven't heard much on the virus or which strain/variant we're currently in|10159562946563904|Chuck Dunn|2022-02-16 23:42:41|0|1|10159562732488904|facebook
yes I. Have read this and it is TRUE|10159563136363904|Angie Duguay|2022-02-16 23:42:49|1|1|10159562732488904|facebook
Restrictions are being lifted in many countries where there were no mandates. In other countries mandates/ passports are being lifted only 2-3 months after they were adopted. The situation has changed with Omicron and vaccinations - not because the mandates worked.|10159562754438904|Richard Colvin|2022-02-16 23:42:37|0|1|10159562732488904|facebook
if there were no mandates, what are they lifting?|10159562766898904|Chuck Levere|2022-02-16 23:42:51|1|1|10159562732488904|facebook
That is exactly why it was very odd for Trudeau to add MORE restrictions in January. Top doctors were recommending rollbacks.|10159562877668904|Tina Knott|2022-02-16 23:42:51|1|1|10159562732488904|facebook
the only thing that was added, literally one thing, announced with lots of advance notice was the border mandate for truckers. Exactly the same requirements USA was asking for.  When you paint “everything” under Trudeau when he literally hasn’t put any restrictions beyond border issues, because he has zero jurisdiction to do that, it’s provincial exclusively. A comment like yours further adds noise toward misinformation.  If you want the army involved the calls for what is communism will become the reality of communism. You actually don’t want Trudeau involved at all. It wasn’t Trudeau that called an emergency order last week.|10159562997583904|Alexander David|2022-02-16 23:42:51|1|1|10159562732488904|facebook
many countries with the strictest mandates were hit hardest.|10159563139048904|Richard Colvin|2022-02-16 23:42:51|1|1|10159562732488904|facebook
the link doesn’t contain any mention of doctors.|10159563116918904|David Rochon|2022-02-16 23:42:51|1|1|10159562732488904|facebook
is that what happen to Florida....... That's what i thought|10159562905338904|Patrick Remillard|2022-02-16 23:43:05|1|0|10159562732488904|facebook
Thank you for allowing God to finish mowing Her lawn and clean up Her Garden of Eden. Our job is to choose to be the grass or the weed, in God's eyes.|10159568965808904|Eddie Sung|2022-02-16 23:42:42|0|0|10159562732488904|facebook
This newspaper is a disgrace!|10159564141673904|Johnny Apple Seed|2022-02-16 23:42:41|0|0|10159562732488904|facebook
you have a science degree? They give those to anyone huh?|10159563781408904|Brad Noel|2022-02-16 23:43:06|1|0|10159562732488904|facebook
Funny headline|10159563373428904|Barbara Bout|2022-02-16 23:42:42|0|0|10159562732488904|facebook
Also Patrick, are your mandates state/ municipal? or federal?|10159563004483904|Debera Perkins|2022-02-16 23:43:06|1|0|10159562732488904|facebook
it’s the one with the towers buildings and the truck flying thru the sky|10159563000693904|Debera Perkins|2022-02-16 23:43:06|1|0|10159562732488904|facebook
omicron is winding down. We’re likely to have a strain that went through Denmark soon. That has been shown to be very low risk to the vaccinated population and likely won’t require mandates for public safety.|10159563132338904|David Rochon|2022-02-16 23:43:09|1|0|10159562732488904|facebook
They are not lifting. What a joke. Ban the so-called vax pass and rescind the emergency powers. That would be the first step to rebuilding broken trust.|10159563155448904|Jack Massalski|2022-02-16 23:42:41|0|0|10159562732488904|facebook
A coaster bike doesn’t have the “back peddle” option. #governmentfunde dpropoganda|10159563318383904|Anthony Bachert|2022-02-16 23:42:41|0|0|10159562732488904|facebook
you sound like a terrorist|10159562875548904|Brad Noel|2022-02-16 23:43:05|1|0|10159562732488904|facebook
Yes, what a headline, that would have never happened so soon without.|10159563923868904|Everett Parker|2022-02-16 23:42:41|0|0|10159562732488904|facebook
I tried to post it - 🤷🏻‍♀️check out FB The New Yorker. It’s a cartoon.|10159562990098904|Debera Perkins|2022-02-16 23:43:06|1|0|10159562732488904|facebook
BREAKING NEWS!!! Official Statement from Justin Trudeau: I am sorry. After some self reflection I have come to the realization that in actuality I am the racist, misogynist, white supremecist fringe minority with unacceptable views. The fact of the matter is that I really hate you. I detest the working class. You are beneath me. We have nothing in common. I know I will not be getting your vote so I call you names and accuse you of the very things I am guilty of. I am deeply sorry for this behavior and want to make things right.  As of Monday, February 14, 2022, I will be lifting all the ridiculous vaccine mandates in Canada as well as all the federal government restrictions that are currently in place. I am doing this because the science and doctors were telling me to do so for over a month now. I ignored their advice because I used the mandates as a political football. I will also be encouraging all the premiers, who have not already done so, to do the same.  I will also be resigning as Prime Minister of Canada because I have come to the realization that I am not really qualified for this job and that I am really bad at this. I only have this position because I'm really good looking, have great hair and have a famous last name.  I have done irreprable social and economic damage to the fabric of Canada that will take generations to heal and for that, I am deeply sorry. I hope you can forgive me one day many decades from now.|10159563376178904|Jennifer Leonard|2022-02-16 23:42:41|0|0|10159562732488904|facebook
how many death happen because of missed surgeries/ missed cancer diagnosis, suicides loss of business all for a global disease of almost a 100 percent servival rate|10159562941173904|Patrick Remillard|2022-02-16 23:43:06|1|0|10159562732488904|facebook
he has to. He's been widely exposed. Trying to back track and make amends..too late. Sorry justin..voters aren't stupid.|10159562936043904|Tina Doucette|2022-02-16 23:43:06|1|0|10159562732488904|facebook
nope. Areas with no mandates has higher death rates than Canada.|10159563133428904|David Rochon|2022-02-16 23:43:07|1|0|10159562732488904|facebook
Lol that's a joke|10159563031988904|Dave Cromarty|2022-02-16 23:42:41|0|0|10159562732488904|facebook
Since Health is a Provincial responsibility and our Premier cut Health Funding, I guess he is to blame, right?|10159563310068904|John Currie|2022-02-16 23:43:10|1|0|10159562732488904|facebook
Poor investment. Woulda been much better to focus on the relatively small at risk groups and use all of those savings to expand our inefficient, top-heavy healthcare|10159563343583904|Lance Brizard|2022-02-16 23:42:41|0|0|10159562732488904|facebook
They were going to lift eventually due to the mandates. They are lifting now due to the truckers|10159563001028904|Vicki Baulch|2022-02-16 23:42:41|0|0|10159562732488904|facebook
This reminds me of George Bush for some reason. Can't quite put my finger on why. Oh! Right! Because he declared victory in Afghanistan, and what did it look like when the allied forces finally pulled out? Yep. That would be why.|10159562934238904|Tyler Popp|2022-02-16 23:42:41|0|0|10159562732488904|facebook
We should hold mandates for everyone blockading Ottawa downtown and lift mandates for everyone else.|10159563035828904|Émile Larouche Tremblay|2022-02-16 23:42:42|0|0|10159562732488904|facebook
This headline is something I'd expect from the Onion. Nothing could be further from the truth, but keep telling yourself that, Globe and Mail. 🤣|10159563063448904|Justin Leigh|2022-02-16 23:42:41|0|0|10159562732488904|facebook
Let see what happens with the Emergency Act in place … then … we’ll talk|10159563794368904|Carlos Reyes|2022-02-16 23:42:41|0|0|10159562732488904|facebook
This is sick|10159563067203904|Chris Fischer|2022-02-16 23:42:41|0|0|10159562732488904|facebook
Lmaoooooo the timing of them ending is astoundingly coincidental. 😂|10159568990133904|Ryan Claude|2022-02-16 23:42:39|0|0|10159562732488904|facebook
The mandates were a f******g joke!!!!|487571559640293|Rik MacDonald|2022-02-16 23:42:39|0|0|10159562732488904|facebook
just to us smart people who earn it|10159564373073904|Bonnie Cull|2022-02-16 23:43:06|1|0|10159562732488904|facebook
🤣🤣🤣🤣🤣|10159563790863904|Jerry Scheenaard|2022-02-16 23:42:41|0|0|10159562732488904|facebook
Yes it is, actually. I I immediately found 35 studies refuting the usefulness of lockdowns. I'm sure there are more.  https:// www.pnas.org/ content/118/15/ e2019706118|10159564416553904|Laurie Ann|2022-02-16 23:43:07|1|0|10159562732488904|facebook
🤪😭🤣😆😓|10159563944013904|Angie Watling|2022-02-16 23:42:41|0|0|10159562732488904|facebook
https:// www.nature.com/ articles/ s41586-020-3025- y|10159564418968904|Laurie Ann|2022-02-16 23:43:07|1|0|10159562732488904|facebook
The studies and statistical analysis showing but lockdowns are not that beneficial can be easily found.  https:// papers.ssrn.com/ sol3/ papers.cfm?abstr act_id=3764553|10159564421293904|Laurie Ann|2022-02-16 23:43:07|1|0|10159562732488904|facebook
If mandates s work why are the numbers so high? I'm lost on this one.|10159565026118904|Sarah Nicole|2022-02-16 23:42:39|0|0|10159562732488904|facebook
Use whatever excuse you want just lift the mandates and emergency measures|10159562881513904|Philip Hanna|2022-02-16 23:42:39|0|0|10159562732488904|facebook
LOL They aren't being lifted because of the protest that's for sure, but your conclusion on why they are being lifted is incorrect too.|10159563683458904|Wade A. Alexander|2022-02-16 23:42:39|0|0|10159562732488904|facebook
Remember we don't work for the government the government works for us I think it's time we revamp the government they're getting too cocky spending our money and coming out with ridiculous laws after all money was invented to enslave us  God never meant it to be like this he already chased the bankers out of the city he will come again to judge of living in the dead...|10159565102978904|Delbert St. Louis|2022-02-16 23:42:39|0|0|10159562732488904|facebook
The liberal and NDP gov't , has just blocked a motion to consider having a plan in the next 2 weeks, going against the advise of the Top Doctors in Canada, Dr. Tam, Dr. Bogosh ,and Dr. Moore, to put together a plan to revisit ending Federal Mandates.  Not only are they not prepared to consider a plan, they are going to invoke the Never Before Used Federal Emergencies act, which means bring in more Guns Happy Valentines Day.|10159563357393904|Susan Cole|2022-02-16 23:42:39|0|0|10159562732488904|facebook
This is funny.|10159562962453904|Thorin Gault|2022-02-16 23:42:39|0|0|10159562732488904|facebook
Gilbert here- Do these people not understand that what they are doing is giving up their Freedom they already have?? If you join a group you are giving up your freedom to that group!!🤨😎|10159563843168904|Maryta Klem|2022-02-16 23:42:39|0|0|10159562732488904|facebook
Yeah right lol vscines don't work but Truckers do quit the bs|10159562886738904|Amanda M Loucks|2022-02-16 23:42:39|0|0|10159562732488904|facebook
😆😆😆|10159563135858904|Graham Anderson|2022-02-16 23:42:41|0|0|10159562732488904|facebook
F**k the f***ing truckers who were part of this anyway!|10159563507193904|Michaud Martin|2022-02-16 23:42:41|0|0|10159562732488904|facebook
Thank you freedom truckers!!!!|10159563355648904|Jimmy Felix|2022-02-16 23:42:41|0|0|10159562732488904|facebook
https:// www.thelancet.co m/journals/ eclinm/article/ PIIS2589-5370(21 )00315-1/ fulltext|10159564341323904|David Rochon|2022-02-16 23:43:07|1|0|10159562732488904|facebook
ya because during the spanish flu era those mandates didn't work either lol|10159569672023904|Ryan Formy|2022-02-16 23:43:09|1|0|10159562732488904|facebook
Shhhh…….Don’t tell the protesters that😇|10159563498923904|Dennis James Dubinsky|2022-02-16 23:42:41|0|0|10159562732488904|facebook
Mandates are like wild elephant repellent powder.  “But there are no wild elephants in this country!”  “See, it works!”|10159563071543904|Colin Pye|2022-02-16 23:42:41|0|0|10159562732488904|facebook
Another propaganda article from G&M. I used to trust this newspaper 🤔|10159563173703904|Annik Ve|2022-02-16 23:42:39|0|0|10159562732488904|facebook
But the Karen convoy right wing organizers will claim victory...😂😅🤣.|10159563813788904|Jeff Mitchell|2022-02-16 23:42:39|0|0|10159562732488904|facebook
Wouldn't trust this so called news|10159562926818904|Doug Richardson|2022-02-16 23:42:41|0|0|10159562732488904|facebook
This is a joke right.. Lol please tell me ur kidding|10159565506483904|Justin Widdifield|2022-02-16 23:42:41|0|0|10159562732488904|facebook
2 weeks to flat the curve over 2 years later|10159565095913904|Delbert St. Louis|2022-02-16 23:42:41|0|0|10159562732488904|facebook
I call BS. Just look at Florida|10159563445748904|William Huffman|2022-02-16 23:42:41|0|0|10159562732488904|facebook
The idiots won't see it that way.|10159562819883904|Wayne Anderson|2022-02-16 23:42:41|0|0|10159562732488904|facebook
How do you prove they worked?|10159562994853904|William Michael Brienza|2022-02-16 23:42:41|0|0|10159562732488904|facebook
Is this a new religion or something ?|10159563749538904|Mouhcine Aitounejjar|2022-02-16 23:42:41|0|0|10159562732488904|facebook
Define vaccine. Then think before you write.|10159568454738904|Robert Boyd|2022-02-16 23:42:39|0|0|10159562732488904|facebook
it would be great then if you could provide research studies, using all the criteria you listed, that shows lockdowns were actually effective.|10159563909868904|Laurie Ann|2022-02-16 23:43:07|1|0|10159562732488904|facebook
Wow, the timing is just a coincidence, right? 🤦‍♂️🙄🤦‍♂️|10159562911438904|Neil Bristol|2022-02-16 23:42:42|0|0|10159562732488904|facebook
And what about some acknowledgment of those it significantly harmed, some of who did not even make it through…|10159564835918904|Nicole Penner|2022-02-16 23:42:39|0|0|10159562732488904|facebook
Ya check out Canada because of them. Sorry but if you're for Mandates you literally are saying you will let the state put drugs in your body so you can be free. I didn't read that in the Charter of Rights.  I read security of person is the right of the individual.  If you think mandates are a good Idea than you don't think freedom is a good one.|10159567196718904|Jeremy Burningham|2022-02-16 23:42:41|0|0|10159562732488904|facebook
The rest of the world started to open so it was inevitable that Canada would.|10159563768253904|Andruchiw Andy|2022-02-16 23:42:39|0|0|10159562732488904|facebook
Lost cause? You bet.|10159564627103904|William Michael Brienza|2022-02-16 23:43:05|1|0|10159562732488904|facebook
https:// www.worldometers .info/ coronavirus/|10159563165673904|David Rochon|2022-02-16 23:42:51|1|0|10159562732488904|facebook
I think you have Covid Fog.|10159563389483904|Mark McKaig|2022-02-16 23:42:49|1|0|10159562732488904|facebook
wow so diluted. Any other fairytale's you want to tell.|10159563394618904|Dave Beaudoin|2022-02-16 23:42:49|1|0|10159562732488904|facebook
Read it from where? That was my question.|10159564630403904|James McDonald|2022-02-16 23:42:49|1|0|10159562732488904|facebook
word|10159563130863904|Katrina Winchester|2022-02-16 23:42:50|1|0|10159562732488904|facebook
#troll|10159563168263904|All Riled Up Riley|2022-02-16 23:42:50|1|0|10159562732488904|facebook
it's just something yo say🤣 to make them look right!!!|10159564833108904|Mary Ann A Raymundo|2022-02-16 23:42:50|1|0|10159562732488904|facebook
you started saying he implemented things and he didn’t. Now because of political indecision and everyone screaming to come to the table you get that wish come true and complain about it more.  If the provinces won’t/ can’t then yes the Feds are going to move. Army’s do not confront their own citizens but in my opinion citizens have a degree of responsibility toward freedom. Creating a blockade is a failure of that responsibility. Calling for his resignation just months after an election is not very democratic.  We’ll see what rolls out and when we do keep in mind it’s with a consensus by each Premier.|10159563010933904|Alexander David|2022-02-16 23:42:51|1|0|10159562732488904|facebook
true and many counties were hit harder by Covid as a result.|10159563113358904|David Rochon|2022-02-16 23:42:51|1|0|10159562732488904|facebook
all had less restrictions than Canada and have had higher death rates.|10159563164443904|David Rochon|2022-02-16 23:42:51|1|0|10159562732488904|facebook
he himself didn’t do that and the removal was in error. It was put back in place within a day.  The mandate is moot anyway. As stated literally just reciprocating what truckers would have to do from stateside regardless. He could have done nothing at all.  It was good politics to work with our major trading partner to do so.  Trudeau = border. Everything is everyone else  Trudeau having to call a national emergency is a safeguard and part failure of our confederate to work in unison. Mostly in messaging.|10159563212323904|Alexander David|2022-02-16 23:42:51|1|0|10159562732488904|facebook
take your tin foil hat off|10159563257413904|Penny Jackman|2022-02-16 23:42:55|1|0|10159562732488904|facebook
Canada had less restrictions than most European countries.|10159563221443904|Richard Colvin|2022-02-16 23:42:51|1|0|10159562732488904|facebook
except those facts were based off memes|10159563522158904|Brendan Tsetso|2022-02-16 23:42:51|1|0|10159562732488904|facebook
no it's because of science but hey to bad you can't understand that.|10159563395453904|Dave Beaudoin|2022-02-16 23:42:52|1|0|10159562732488904|facebook
The Globe and Mail is really out here with their propaganda so bold these last few days. Wow. Who writes this stuff with a straight face?|10159564669308904|Abigail Gray|2022-02-16 23:42:37|0|0|10159562732488904|facebook
honk, honk😂😂|10159563395713904|Freda Schneider|2022-02-16 23:42:53|1|0|10159562732488904|facebook
clearly very close minded. I've taken the time to listen to hours of evidence I've listen to science, to doctors, to nurses, Nothing our government has done has made sense none of it. Maybe not you but many understand that our P.M is triple vaccinated and still got covid means they cant stop it with the vaccine. It's all been a con to kill small business and the economy. Instead of properly funding our hospitals so that they are capable to deal with a pandemic, they spend our money overseas or investing in a vaccine when if they just put all that money into healthcare we would be ahead of the game. We are not prepared still! So spend our money on covid agenda and not where its need most. So either our government is the biggest group of highly educated idiots or their corrupt. I understand you dont want to believe that, but it's TRUE to the point its sick. Crimes against humanity committed by our very own government!|10159563395803904|Hart Jodie|2022-02-16 23:42:54|1|0|10159562732488904|facebook
wow you just went full qanon there. What health information are you having a hard time understanding? That vaccinations on mass don’t prevent some people from being infected? No vaccine in history has done that.|10159563401883904|David Rochon|2022-02-16 23:42:54|1|0|10159562732488904|facebook
oh yeah??..... were you there or did Justin's media buddies tell you that??|10159563414543904|Ryan Jon|2022-02-16 23:42:54|1|0|10159562732488904|facebook
Doesn’t matter. It was well covered. Saw lots of confederate flags and racist signs at a local trucker protest if you need me to provide a first hand account.|10159563417863904|David Rochon|2022-02-16 23:42:54|1|0|10159562732488904|facebook
"""I found out Justin has invested money into the vaccines and that's why he was pushing so hard. "" Please provide a CREDIBLE reference for this claim."|10159563345018904|James McDonald|2022-02-16 23:42:49|1|0|10159562732488904|facebook
Imagine how much worse it would have been if you weren't vaccinated. You could have ended up in the hospital.|10159566636878904|Enoch Tse|2022-02-16 23:42:47|1|0|10159562732488904|facebook
I'm sorry you got so sick. I hope you're feeling better now.|10159564543208904|Tanya Maria|2022-02-16 23:42:47|1|0|10159562732488904|facebook
omicron is milder. For some reason, vaccinated people are dropping like flies though. I've read two research studies and saw an.interview excerpt with a researcher from Stanford or John Hopkins university, stating that each of these covid shots is compromising the body's natural immune system's ability to produce b & t cells and fight off all viral infections. You might want to do a search and keep an eye on that research, mainstream media is not talking about it.|10159563904468904|Laurie Ann|2022-02-16 23:42:47|1|0|10159562732488904|facebook
Dream on! The mandates were starting to end Globally. That's why you all look like a joke. Next you will be out demanding that the Sun goes down tonight. 🤣😂 #covididiot|10159562937678904|Vicky Vaughan|2022-02-16 23:42:44|1|0|10159562732488904|facebook
Florida average is 42, Ontario is 40.7|10159563118223904|Martin Riley|2022-02-16 23:42:44|1|0|10159562732488904|facebook
seek help|10159563163873904|Leslie Robertson|2022-02-16 23:42:44|1|0|10159562732488904|facebook
they straight up state lockdowns had minimal affect in the conclusions section of the analysis. But ok there. 🙄|10159563432413904|Lance Brizard|2022-02-16 23:42:44|1|0|10159562732488904|facebook
you are right...people never worked, collect the CERB illegally and raised money to overthrow the country..  I'll bet you are proud?|10159563926318904|Shawn Buis|2022-02-16 23:42:44|1|0|10159562732488904|facebook
Canada's covid death rate per capita (approx. 900 per million) is less than half of the European average (2,100) and a third of the US (2,700). That's pretty good evidence of success to me!|10159564237428904|Gabriela Byron|2022-02-16 23:42:44|1|0|10159562732488904|facebook
people who were willing to give in for 2+ years don’t even DESERVE to stand up now.|10159565537618904|Corey Thiessen|2022-02-16 23:42:44|1|0|10159562732488904|facebook
I believe you, but millions don't.|10159563375403904|Chris Dewsbury|2022-02-16 23:42:45|1|0|10159562732488904|facebook
I think we have to acknowledge the middle ground in all of this.. though some measures have helped and were necessary in a lot of ways, there has also been a lot of unwanted fallout, and some disproportionat e impacts for many folks, can we admit that much? I think everyone coming through this completely unscathed or without some suffering and sacrifice was never going to realistically happen, sadly, but it's hard to argue the merits and downfalls of mandates etc when so many refuse to honestly look at the facts and decisions and outcomes involved as part of a whole and ever-changing situation.. context is very important and I think to many people have lost the plot there.|10159563016603904|Jess Taylor|2022-02-16 23:42:37|0|0|10159562732488904|facebook
These mandates worked if the desired outcome was chaos and acrimony.|10159563481278904|Bernadette Wycks|2022-02-16 23:42:37|0|0|10159562732488904|facebook
ya we’ve all heard your logic time and time again. It’s tiresome. Goodnight|10159564096748904|David Barrett|2022-02-16 23:42:45|1|0|10159562732488904|facebook
oh my god. Stop it! It’s a WORKING paper not a study!! This is why bs is being spread. “A Working Paper, Not Peer-Reviewed Published Study The first thing we noticed when we examined the actual study, not the media reports covering the study, was that this was a “working paper” by a group of economists, not epidemiologists . A working paper typically refers to a pre-publication study that has not yet undergone a scientific peer-review process. The authors state as much in a brief description at the top of the study:”  https:// www.snopes.com/ news/2022/02/03/ johns-hopkins-st udy-on-lockdown s/|10159564552188904|Donna Marie|2022-02-16 23:42:45|1|0|10159562732488904|facebook
well said! ❤️|10159566752618904|Mary Leskiw|2022-02-16 23:42:45|1|0|10159562732488904|facebook
there is reason many are having trouble understanding this. When it was first released they did claim it was 95% at not catching it to begin with. As time went on and many still got it after their shots the narrative changed to what you just explained.|10159563200383904|Colin Young|2022-02-16 23:42:47|1|0|10159562732488904|facebook
For the billionth time; I don’t disagree with you.  Vaccines kept us safe from the deadly effects of COVID. We willing supported all the mandates that were put in place.  Unfortunately it didn’t prevent anyone from getting Omicron, and I do know people (including a family member) who became really sick, despite being fully vaccinated.  Omicron IS causing havoc. On the plus side, those who were vaccinated and had Omicron now have - at least temporarily - natural immunity.|10159563225503904|Cathy Kotzé|2022-02-16 23:42:47|1|0|10159562732488904|facebook
"Don't worry you're going to hear "" nobody forced you"" a lot in the next few months"|10159563267948904|Colin Young|2022-02-16 23:42:47|1|0|10159562732488904|facebook
everyone will get omnicron…….. The thing I’ve noticed and it might just be coincidence but vaccinated seem to have moderate symptoms while unvaccinated seem to have mild to no symptoms and I believe it has to do with spike proteins found in omnicron as the vaccines that we’re forced to take weren’t developed to fight omnicron but the earlier variants|10159563383653904|Dan Peever|2022-02-16 23:42:47|1|0|10159562732488904|facebook
So why the restrictions? Vaccines don't work, you can pass it on and you can still get sick. Makes no sense,|10159563384958904|Christine Bonnett|2022-02-16 23:42:47|1|0|10159562732488904|facebook
did you know every single respiratory related death was marked as a “covid” death without further investigation when covid started?|10159563558028904|Richard Michael|2022-02-16 23:42:47|1|0|10159562732488904|facebook
thank you.|10159562912538904|Philly Brick|2022-02-16 23:42:55|1|0|10159562732488904|facebook
which ones?|10159563342083904|Marnie Gibson|2022-02-16 23:42:55|1|0|10159562732488904|facebook
John Hopkins has some excellent evidence based articles on the effectiveness of lockdowns and mask mandates if you want some information from a source which is less biased than The Globe and Mail|302029328576255|Isabel Sander|2022-02-16 23:43:05|1|0|10159562732488904|facebook
"I'd have two friends still on the planet today if it weren't for vaccine mandates. Both had ""surprise"" heart attacks less than a week after their ""precaution"" second shot."|10159563171453904|All Riled Up Riley|2022-02-16 23:43:02|1|0|10159562732488904|facebook
stop whining about him whining. 😆|10159563172883904|All Riled Up Riley|2022-02-16 23:43:00|1|0|10159562732488904|facebook
the plans to reduce restrictions were in place before the protests. Try again.|10159563126108904|David Rochon|2022-02-16 23:43:01|1|0|10159562732488904|facebook
I used to be a G&M fan thought it was relatively balanced , this truck convoy has brought to light your lack of balance. Too bad hope you find your way back.|4253827521385361|Brent Mohrbutter|2022-02-16 23:42:39|0|0|10159562732488904|facebook
So many factors are at play a small percentage chose not to get vaccinated I don’t really believe that made much of a difference|10159566843248904|Sean Bolan|2022-02-16 23:42:39|0|0|10159562732488904|facebook
Look at countries that didn't lock down at all. That is, if you're really open minded enough to do that.|10159562830848904|Bill Kiechle|2022-02-16 23:43:02|1|0|10159562732488904|facebook
that’s South Africa. They are much more vaccinated than most other African countries. They have money that others dont|10159562911913904|Brad Noel|2022-02-16 23:43:02|1|0|10159562732488904|facebook
what about the pandemic of adolescent and teen suicide because of the restrictions and mandates?  Or don’t they count?|10159562913748904|Philly Brick|2022-02-16 23:43:02|1|0|10159562732488904|facebook
less|10159563009958904|Colin Young|2022-02-16 23:43:02|1|0|10159562732488904|facebook
not many.  https:// www.washingtonti mes.com/news/ 2022/jan/31/ lockdowns-had-li ttle-or-no-impa ct-covid-19-dea ths-/|10159563065973904|John Lela|2022-02-16 23:43:02|1|0|10159562732488904|facebook
none|10159563231733904|Kevin McCauley|2022-02-16 23:43:02|1|0|10159562732488904|facebook
Finally, a sane response.  Bravo!!|10159563691263904|Trent Spriggs|2022-02-16 23:42:37|0|0|10159562732488904|facebook
, there were people/ scientists that had answers! But they weren’t listened too!! Big pharma had another way🤦‍♀️🤦‍♀️🤦‍♀️|10159563402623904|Freda Schneider|2022-02-16 23:43:02|1|0|10159562732488904|facebook
Go back to the beginning of the pandemic when there were no vaccines. Then remove all mandates. You would have had rates of death in the double digits. People forget so fast that LTCHs were wiped out with 90 to 100 percent of the residents dying. In Italy at the beginning before the pandemic there was a rate of death at 13% and that was with lockdowns. One can only imagine what it would have been whiteout those lockdowns.|10159563402653904|Dave Beaudoin|2022-02-16 23:43:02|1|0|10159562732488904|facebook
No I dont think I'm more qualified! I dont trust the system anymore 3 yrs ago I would have drove her there myself! All I know is my mom is still with me!|10159564888228904|Hart Jodie|2022-02-16 23:43:02|1|0|10159562732488904|facebook
John Hopkins recent report was the mandates saved .2% of deaths due to COVID. Nothing to brag about. One big fail.|10159565233463904|Marion Hill|2022-02-16 23:43:02|1|0|10159562732488904|facebook
This one takes the cake Globe and Mail. I'll miss you guys when you lose your subsidies and the public can finally ignore you completely.|10159562922208904|Tanya Maria|2022-02-16 23:42:39|0|0|10159562732488904|facebook
yes just noted the missing letter|10159563111828904|Paz Carmen Humaña|2022-02-16 23:43:03|1|0|10159562732488904|facebook
Article 2031 supporting everything the Govt does by the Globe and Mail. It's amazing what tens of millions of advertising money will do|10159563486963904|Jody Squires|2022-02-16 23:42:39|0|0|10159562732488904|facebook
Onus of evidence is on the one making a claim. How's that for homework, Brick?|10159562915768904|Simon A. James|2022-02-16 23:43:04|1|0|10159562732488904|facebook
careful! there’s actually a warning on statista saying that ‘data is difficult to compare’ because countries use different methods to count fatalities. https:// www.statista.com /statistics/ 1104709/ coronavirus-deat hs-worldwide-pe r-million-inhab itants/|5339080636158812|Isabel Sander|2022-02-16 23:43:05|1|0|10159562732488904|facebook
Almost as if the United States has some control over their own borders... 🤔|10159562937543904|Jason Godin|2022-02-16 23:43:00|1|0|10159562732488904|facebook
Thank the Truckers !!!!!! If it wasn’t for the Truckers initiating the Convoynothing would have changed|10159563103998904|Lori Ellis|2022-02-16 23:42:39|0|0|10159562732488904|facebook
Starting in March 2020, the Globe and its op-ed writers have been all-in for the most restrictive, short-sighted and damaging lockdowns and mandates. No surprise we have more apologia for restrictions here.|10159563490393904|David Winch|2022-02-16 23:42:39|0|0|10159562732488904|facebook
All the mandates did is devided people, it created hatred from all parties from buttom going up, it created superheroes and a##holes( vax and non vax ), it created hardships, bankruptcies, depression, suicide, drug abuse, divorce, power trippers, abuse, loneliness, fatigue, fear, debts, finger pointing, nothing is never enough, we also learned or remember that we are not self-sufficient in many aspect, could go on and on but I will finish this by saying that after all this the health care system is still not fix so let's put the blame somewhere. Agree to desagree! Would be nice.|10159563248453904|Brigitte Richard|2022-02-16 23:42:39|0|0|10159562732488904|facebook
They haven't worked since day one.|10159563062323904|Garrett Stenlund|2022-02-16 23:42:37|0|0|10159562732488904|facebook
Johns Hopkins disagrees. Johns Hopkins finds no evidence that lockdowns, school closures, border closures and limiting gatherings had any noticeable affect on COVID mortality (at best 0.2%). Give the devastating effects lockdowns have caused, they recommend that lockdowns and mandates be rejected out of hand as a pandemic policy instrument.|10159563983658904|Calvin Rosenthal|2022-02-16 23:42:37|0|0|10159562732488904|facebook
Sorry lockdowns do not work not matter what you say|10159563054493904|Karen Dworkin|2022-02-16 23:42:37|0|0|10159562732488904|facebook
since the Ontario mandates had an end date before the protests I’d say no.|10159563134853904|David Rochon|2022-02-16 23:42:57|1|0|10159562732488904|facebook
he has a plan to do it again. This is not the end my friends.|10159563102363904|Hart Jodie|2022-02-16 23:42:58|1|0|10159562732488904|facebook
I guess it couldn't possibly be because 90% of Canadian truckers are already vaccinated and they just happen to be representing the vast majority of their membership. No, that couldn't possibly be the case. The only possible is yours ... of course.|10159563407188904|James McDonald|2022-02-16 23:42:58|1|0|10159562732488904|facebook
restrictions are provincial|10159569672708904|Ryan Formy|2022-02-16 23:42:58|1|0|10159562732488904|facebook
The amount of cope in this headline. Just wow.|10159563027358904|Edward Norquay|2022-02-16 23:42:37|0|0|10159562732488904|facebook
Because the mandates worked?!?! LMFAO|10159563091673904|Wade Dawe|2022-02-16 23:42:37|0|0|10159562732488904|facebook
LOL! Fake news Globe and Mail always back the losing side!|10159562955953904|Tom Ramanauskas|2022-02-16 23:42:37|0|0|10159562732488904|facebook
Yup all 90% of us did this|10159562815218904|Debra Bryson|2022-02-16 23:42:37|0|0|10159562732488904|facebook
Not enough restrictions lifted. No praise warranted.|10159563086733904|Christine Bonnett|2022-02-16 23:42:37|0|0|10159562732488904|facebook
Worked in what way?|10159562966593904|Tanis Lee Waller|2022-02-16 23:42:37|0|0|10159562732488904|facebook
To be clear, what lit the fuse of rebellion was FEDERAL border mandates and nasty PM rhetoric! Provinces left to clean up his mess!!|10159563600673904|Shirley Paquette Blair|2022-02-16 23:42:37|0|0|10159562732488904|facebook
Fake news|10159562910983904|رضا نادری|2022-02-16 23:42:37|0|0|10159562732488904|facebook
agree Covid put an explanation point on how broken our health care system is !|1413468642403018|Brent Mohrbutter|2022-02-16 23:42:59|1|0|10159562732488904|facebook
Excellent comment ! I Couldn’t put it into better words than that. A suitable and fair eulogy.|10159563555413904|Brent Genoe|2022-02-16 23:42:59|1|0|10159562732488904|facebook
You have a good argument, but like a tree being chopped down, its not first blow that brings down the tree but the last blow,. Mandates showed politicians as to what they can get away with, Are surgical masks effective? maybe? Are vaccines safe? Maybe? If these questions are not answered, yes, then its political, and now we are under an Emergency Act. The Emergency Act was designed just like the old War Measures Act, a way to circumvent constitutional laws of the Chartered Rights. From Civil Forfeitures of assets, and imprisonment without criminal charges, to name just a few. This is always the beginning of a Fascist state. The tree is still not dead, and can grow if not cut into little pieces. I could be wrong, I should believe in the government, that they are doing this in the best interest of the people. (there is that under funding of the health care system though!) The pharmaceutical industry and their ethic's, (Largest fine in US history 2.8 billion for faults advertising, bribing doctors, misleading and falsifying data to the FDA, and of course, loss of life.) Medical Association, their information comes directly from the Pharma. One thing is a truth though, the answers are in the future. Hopefully we will all be their. If I am wrong to question, then Ill apologies, If I was right, I'll say Im sorry that I failed to have people question, not only the reported stories, but also the intentions of those in power.|10159565578823904|Michael H Stenz|2022-02-16 23:42:59|1|0|10159562732488904|facebook
stunning and brave|10159565202543904|Norton Nathan|2022-02-16 23:43:00|1|0|10159562732488904|facebook
https:// geneticliteracyp roject.org/ 2021/09/10/ its-not-going-aw ay-we-need-a-re al-non-politica l-debate-about- the-best-way-to -live-with-covi d-or-countries- will-fracture/ ?utm_term=Autofe ed&utm_medium=S ocial&utm_sourc e=Facebook&fbcl id=IwAR2I2qcpT7 4fHHATMXTo34i1N R-EtHaErnmB9yIC _2v4iLW5a0qdvlN qF7A#Echobox=16 44658893|10159563348878904|Andrew Merritt|2022-02-16 23:42:42|0|0|10159562732488904|facebook
