﻿comment|comment_ids|username|datetime|isreply|num_replies|post_id|label
The vast majority of Canadians are with our PM on this one. Tant pis. C'est la vie.|10159580186153904|Joanne Ryan|2022-02-24 00:00:00|0|9|10159580032943904|facebook
It is interesting to note that the Emergencies Act went from a situation where it was so critically important that it gets passed that the vote in the House of Commons was deemed to be a confidence vote to being discontinued in less than 48 hours.|10159580267393904|Bill Roest|2022-02-24 00:00:00|0|5|10159580032943904|facebook
Those terrorists will rot in jail for decades nahahahahaha|10159580419698904|Bonnie Cull|2022-02-24 00:00:00|1|3|10159580032943904|facebook
Watch the courts disappoint you.|10159580481908904|William Michael Brienza|2022-02-24 00:00:00|1|2|10159580032943904|facebook
how in the world could you honestly believe that? Most Canadians didn’t even vote for the Prime Sinister|10159580349028904|LordHenry Wotton|2022-02-24 00:00:00|1|2|10159580032943904|facebook
Hate to break it to ya Stephie but the vast majority of Canadians are with our PM on this one.|10159580187528904|Joanne Ryan|2022-02-24 00:00:00|1|2|10159580032943904|facebook
The blockades and protesters’ intimidation were far more troubling. Then there’s that little thing about overthrowing the government.|10159580792633904|Rob Wilson|2022-02-24 00:00:00|0|2|10159580032943904|facebook
"""The Ambassador Bridge blockade? Ended by police, using existing laws, before the federal state of emergency.""  Ford invoked a state of emergency to get that done.  Who writes this shlt anyhow I wonder."|10159580119178904|Drew Bedson|2022-02-24 00:00:00|0|2|10159580032943904|facebook
"It also went from a ""fringe minority"" to "" I need emergency powers now!"""|10159580350758904|Tom Ramanauskas|2022-02-24 00:00:00|1|2|10159580032943904|facebook
JT is the best Crime Minister Canada has ever had...|10159580409163904|Rino del Vecchio|2022-02-24 00:00:00|0|1|10159580032943904|facebook
they stopped another January 6th.|10159580680498904|Philip Standard|2022-02-24 00:00:00|1|1|10159580032943904|facebook
team Conjob lost. Bye...|10159580494348904|Jan Vallillee|2022-02-24 00:00:00|1|1|10159580032943904|facebook
The CONs and their shills are clearly in full panic mode, and rightfully so. The Emergencies Act will enable the full exposure of the CONs’ (scheer, poilievre, bergen, kenney, cooper, gladu, moe, gallant, patzer, ferreri, rood, genuis, rempel, o’toole, et al) seditious incitement and full support for the failed MAGA-funded redneck coup attempt in Ottawa and the ongoing protests/ blockades throughout Canada. More importantly, the Emergencies Act will ensure appropriate charges and penalties are laid. Tick tock CON party of Canada. 🚔🚔🚔👍|10159580063128904|Todd Keough|2022-02-24 00:00:00|0|1|10159580032943904|facebook
Do not hold your breath.|10159583617583904|Lida Currie|2022-02-26 00:00:00|1|1|10159580032943904|facebook
their money? Bank accounts are being unfrozen. Except for a few who will be facing charges. If you mean the crowd funding maybe the world’s worst secured funding site will be good enough to return it to the donators like the first one did.|10159580622303904|Michael Szeller|2022-02-24 00:00:00|1|1|10159580032943904|facebook
Funny how Trudeau folded before the Senate would shut him down :)|10159580120168904|Eleonore Dawn|2022-02-24 00:00:00|1|1|10159580032943904|facebook
because Trudeau is weak That's why he ended it (folded) before the Senate would shut him down|10159580120973904|Stephanie Hims|2022-02-24 00:00:00|1|1|10159580032943904|facebook
More con tears so delicious. Time to put the conservative party on a terrorist watch list #LOCKTHEMUP|10159580419058904|Bonnie Cull|2022-02-24 00:00:00|1|1|10159580032943904|facebook
hate to break it to you but you're obviously delusional|10159580216973904|Eleonore Ensley|2022-02-24 00:00:00|1|1|10159580032943904|facebook
LOL! Fake news Globe and Mail: It's the choice of dilettantes everywhere!|10159580063618904|Tom Ramanauskas|2022-02-24 00:00:00|0|1|10159580032943904|facebook
A great platform that can make everyone smile, for my first time hearing about making money online, I thought it was all fake but when I try it I realise that is real so I won't keep silent I need everyone to smile like me, i'm here to notify you all that Mr Anderson Bouchard is real and legit, i have made my withdraw from is trading platform without any stress or delay. If you're interested and want to start making amazing figures weekly. Click on the name below and start earning massively on weekly basis. 👉Anderson Bouchard|10159580071933904|Randy Walker|2022-02-24 00:00:00|1|0|10159580032943904|facebook
true, their terms of disservice do not require the return of funds. People should really read those things.|10159583647023904|Michael Szeller|2022-02-26 00:00:00|1|0|10159580032943904|facebook
- God I hope so. The World needs a sane Canada.|10159580903073904|Timothy W Vantran|2022-02-24 00:00:00|1|0|10159580032943904|facebook
If Trudeau had done right by his citizens he would have listened to them|10159583482383904|Lance Brizard|2022-02-26 00:00:00|0|0|10159580032943904|facebook
"Gee Fore Allen funny how people with a common sense of survival would ""fold"" when guns and other ""instruments of lethal power"" are pointed at them You see this as a victory? Think again"|10159580112333904|Stephanie Hims|2022-02-24 00:00:00|1|0|10159580032943904|facebook
Thinking the senate denouced the actions.|10159580837643904|Debbie Mitchell|2022-02-24 00:00:00|0|0|10159580032943904|facebook
It’s the Editorial Board again! 😂 Yes but, no but, but but but… Tricky things, those constitutions.|10159580848713904|Erin Wall|2022-02-24 00:00:00|0|0|10159580032943904|facebook
So G & M 'Editorial Board, you can't even think of original words for your headline - how low and pathetic can you fools get?|10159580970603904|Ash Nagrani|2022-02-24 00:00:00|0|0|10159580032943904|facebook
"Of course it ended with a whimper Because the end was declared by a ""man"" who does nothing but whimper"|10159580069663904|Stephanie Hims|2022-02-24 00:00:00|0|0|10159580032943904|facebook
Gee Fore Allen i bet you they're doing anything BUT whimpering Plus them being behind bars is no proof of their wrong doing. It's proof of government's wrongdoing and overreach|10159580097683904|Stephanie Hims|2022-02-24 00:00:00|1|0|10159580032943904|facebook
you took the words out of my mouth! Lmao|10159580218153904|Stephanie Hims|2022-02-24 00:00:00|1|0|10159580032943904|facebook
do you know how a bell curve works? Lets play a fun game. Place canadians on the top of our graph and underline it. Thats your title. Now put intelligence at the bottom. Thats what we will be studying today. You can underline that now too, if youre so inclined and haven’t bitten the tip off of your crayon yet. *hint* regardless of colour, they all taste like wax. (Youre welcome) Draw your bell. (This is fun isnt it.) Now, let’s smack a bunch of ascending numbers under that funny little bell, perhaps pertaining to iq, some sort of test score, gpa…? Doesnt matter. You pick. Now look at that pretty little graph and realize that when you say “most canadians” that assuredly most canadians are f@cking stupid.  Cheers.|10159581139238904|Michael Thomas|2022-02-24 00:00:00|1|0|10159580032943904|facebook
Take your head out of the hole you have it in. LOL Edna|10159580816033904|Bill Davis|2022-02-24 00:00:00|1|0|10159580032943904|facebook
good point|10159580139463904|Jennifer Palin|2022-02-24 00:00:00|1|0|10159580032943904|facebook
“terrorists”? Do you mean the thugs in uniforms who pepper sprayed non-violent protesters and ride horses over them?|10159583626533904|Problematic Voice|2022-02-26 00:00:00|1|0|10159580032943904|facebook
Now release everyone who was arrested and give them back their money.|10159580143778904|William Michael Brienza|2022-02-24 00:00:00|0|0|10159580032943904|facebook
not really !! Department of Defense Dictionary of Military Terms defines terrorism as: The calculated use of unlawful violence or threat of unlawful violence to inculcate fear; intended to coerce or to intimidate governments or societies in the pursuit of goals that are generally political, religious, or ideological.|10159580781108904|Glen Edwards|2022-02-24 00:00:00|1|0|10159580032943904|facebook
not even close. He screwed up. Again|10159580311553904|Vicki Baulch|2022-02-24 00:00:00|1|0|10159580032943904|facebook
Trudeau's Tyrant card is there to be used in the future .|10159580385938904|Michel Grenier|2022-02-24 00:00:00|1|0|10159580032943904|facebook
You don't understand proportion do you lol|10159580429918904|Bryan Cathers|2022-02-24 00:00:00|1|0|10159580032943904|facebook
because it worked?|10159580616038904|Michael Szeller|2022-02-24 00:00:00|1|0|10159580032943904|facebook
it did what it was meant to do. Excellent job by the Canadian government.|10159580679703904|Philip Standard|2022-02-24 00:00:00|1|0|10159580032943904|facebook
oh it just set a very dangerous president|10159581221143904|Peter Mesi|2022-02-24 00:00:00|1|0|10159580032943904|facebook
Time to cull you’re fake profile, you bot trolls all show up conveniently to prop up your “ malignant narcissistic divisive failure of a P.M . Bot and bought and paid for, you are so transparent we see right through you, kindly “ phoque off as they say in Quebec, hagd , check your in box for your e-transfer.|10159581843548904|Leon Bouvier|2022-02-25 00:00:00|1|0|10159580032943904|facebook
Cry cry cry|10159581861713904|Bonnie Cull|2022-02-25 00:00:00|1|0|10159580032943904|facebook
worst part is the main issue at hand remains un resolved|10159581222108904|Peter Mesi|2022-02-24 00:00:00|1|0|10159580032943904|facebook
if that were true, where are the associated sedition charges? The law disagrees with you. Stop spreading lies|10159583483103904|Lance Brizard|2022-02-26 00:00:00|1|0|10159580032943904|facebook
Right. Overthrowing the government with your wife and kids in the truck.|10159583785868904|William Michael Brienza|2022-02-26 00:00:00|1|0|10159580032943904|facebook
You lost, WAHHHH #NEVERCON|10159580418343904|Bonnie Cull|2022-02-24 00:00:00|1|0|10159580032943904|facebook
not a chance!!! Domestic terrorists belong behind bars|10159580682398904|Philip Standard|2022-02-24 00:00:00|1|0|10159580032943904|facebook
yep. Not a big JT fan but he finally put on his big boy pants and lead our country even though it would mean he wasn’t popular.|10159580681678904|Philip Standard|2022-02-24 00:00:00|1|0|10159580032943904|facebook
are you on weed? Seek a doctor!!|10159580682588904|Roger Wieser|2022-02-24 00:00:00|1|0|10159580032943904|facebook
you post this on most web sites are you trying to convince your self or others Joanne ?|10159580776218904|Glen Edwards|2022-02-24 00:00:00|1|0|10159580032943904|facebook
67% didn't in fact|10159580783928904|Cary Mackenzie|2022-02-24 00:00:00|1|0|10159580032943904|facebook
, are you ever going to be surprised, when you see the polls.|10159580892633904|Gordon James|2022-02-24 00:00:00|1|0|10159580032943904|facebook
the same PM who paid 2.5million in hush money to a 15 yr old girl and her family when he was a teacher in BC? Or the one who is on record stating he dressed up as black face multiple times and thought it was funny? Just asking for a friend...|10159580921963904|Taylan Knowles|2022-02-24 00:00:00|1|0|10159580032943904|facebook
so you think that if someone gets 30% of votes, barely enough to form a minority government, that gives them total power over the other 70%? This is why people hate liberals. No common-sense, logic, compromise or decency.|10159580964463904|LordHenry Wotton|2022-02-24 00:00:00|1|0|10159580032943904|facebook
it sure looks like a vast majority of Canadians are with our EXCUSE of a PM by all the 😆 emoji you got on this comment! Turdeau is a 🤡 we are the joke of the world!|10159581106468904|Maggie Ann|2022-02-24 00:00:00|1|0|10159580032943904|facebook
I dont think so..The Whole Word isnt. Watch something other than CBC or CTV.|10159582841123904|Howard Mitchell|2022-02-25 00:00:00|1|0|10159580032943904|facebook
my take on that vote as ndp was not able to afford another election ,that was the root cause for the switch to a confidence vote . and the do as i say mantra came into play .so that the bench warmers were able to keep their jobs|10159580277188904|Peter Mesi|2022-02-24 00:00:00|1|0|10159580032943904|facebook
Why the Editorial BORED of course!|10159580214933904|Tom Ramanauskas|2022-02-24 00:00:00|1|0|10159580032943904|facebook
