﻿comment|comment_ids|username|datetime|isreply|num_replies|post_id|label
considering we were in the midst of a pandemic - something none of us has ever lived through- I feel the government has done an excellent job of keeping us safe during the unknown.  My opinion....|10159554188863904|Traci Thomas|2022-02-09 19:21:35|1|6|10159553087993904|facebook
"Meet your Canadian trucker convoy organizers:  James Bauder - Shares QAnon hashtag ""#WWG1WGA""  Benjamin Dicher - Claims the Liberal Party is ""infested with Islamists.""  Jason LaFace - Linked to racist Soldiers of Odin  Tamara Lich - Alberta separatist, member of Yellow Vests & racist Clarion Project Pat King - Alberta separatist who warns of ""Anglo-Saxon replacement""  Sources; CTV News, Global News, PostMedia, Vice"|10159553221558904|Philippe Batini|2022-02-09 19:21:34|1|5|10159553087993904|facebook
the military is called in for many reasons: floods, fires, crowd dispersal They have better organization than the police, obviously, and can herd the right wrong lunatics out of the city.|10159553557508904|Traci Thomas|2022-02-09 19:21:35|1|4|10159553087993904|facebook
"""The new fundraiser is hosted by GiveSendGo, a similar online service that describes itself as the “#1 Free Christian Crowdfunding Site” and was used to raise money for groups including the far-right Proud Boys that participated in the 2021 insurrection on the U.S. Capitol, according to a data breach from the site reported on by the U.K.’s Guardian newspaper in April."" I guess the likes of Elon Musk is involved in movements such as this, along with George Soros or whomever else you may want to bring up. https:// www.thestar.com/ politics/ federal/2022/02/ 05/ heres-how-the-so -called-freedom -convoy-is-stil l-raising-thous ands-of-dollars -per-minute-eve n-without-gofun dme.html"|10159553319218904|James McDonald|2022-02-09 19:21:30|1|4|10159553087993904|facebook
o want them to be made to go away one way or another, it’s time for them to take their trucks and go home they are blocking the streets and we want them gone. It’s the worst emergency I. Ottawa in living memory these disgusting monsters just won’t go!|10159553525653904|Alex Bunker|2022-02-09 19:21:35|1|4|10159553087993904|facebook
This is nothing like the FLQ crisis, and painting it that way is akin to comparing mask mandates to the holocaust. I think Justin dropped the ball in not acknowledging the deep frustration many people feel with pandemic restrictions when the Convoy was still on the road to Ottawa, but he is right to not negotiate with a mob.|10159553152018904|Keith Reid|2022-02-09 19:21:14|0|4|10159553087993904|facebook
One has to wonder just how sheltered a life the author has lead to be able to equate a widespread protest by the working class, who have had it with the income-destroyi ng diktats, with the FLQ crisis involving a small group of left-wing extremists who perpetrated over 160 violent incidents including bombings and kidnappings, murdered eight people, and injured many more.|10159553589663904|Audrius Stundzia|2022-02-09 19:21:14|0|4|10159553087993904|facebook
that sounds aout right (wing)|10159553156408904|Merle B Peter-paul|2022-02-09 19:21:32|1|3|10159553087993904|facebook
I understand full well. I also understand that we can't keep hiding out, and shutting down. You said it yourself ... you are fully vaxxed and still caught the virus. The mental health toll is now as bad, or worse than the virus.  Maybe you can explain to me why it was important to put the cross border mandate in now... nearly 2 years after the start of the pandemic? When 80% of the country is vaccinated? No one seemed to care what the truckers were doing before.  I also wonder -because I dislike this government so much now - if the States would have put in thier mandate ... if Canada hadn't done it first. For two lefty governments .... they sure don't seem able to get along and support each other!|10159553197633904|Linda Nichol|2022-02-09 19:21:30|1|3|10159553087993904|facebook
He faces different threats and challenges than his father faced. He rid Canada of the GOP wannabe Harper, didn't he! Mind you, Harper is still working behind the scenes trying to undermine our current government.|10159553154448904|Gee Fore Allen|2022-02-09 19:21:14|0|3|10159553087993904|facebook
You do realize that this is 2022 people can work from home just as effectively as working from an office.|10159553165053904|Mike Brown|2022-02-09 19:21:31|1|3|10159553087993904|facebook
They are not fighting for OUR rights. They are demonstrating and DEMANDING their PRIVILEGES. Big difference.|10159553191653904|Mary Jo Welch|2022-02-09 19:21:34|1|3|10159553087993904|facebook
nice twist on my words|10159553354418904|Traci Thomas|2022-02-09 19:21:35|1|3|10159553087993904|facebook
It is not peaceful at all, days blocking streets and people's movements, honking non stop, making a hell of people's lives (though now the people got an injonction against that), flying racist, nazi and pro slavery flags, the list goes on and on. Time to quit and go home.|10159553214738904|Philippe Batini|2022-02-09 19:21:34|1|3|10159553087993904|facebook
Can you prove to me that it was genuine members of the protest who put out these hateful symbols? I doubt that any rational, decent Canadian supports these symbols.  Unfortunately protests do bring out the extreme left and right. Two opposite coins of the same misguided humans. Rebels without a real clue or cause.  Everything I've read and seen, from many different sources, paint the protesters as pretty decent people. It is a shame our own PM seems to want to vilify them.|10159553149183904|Linda Nichol|2022-02-09 19:21:30|1|3|10159553087993904|facebook
Well seeing as there’s no terrorist no justification of force. Unless you’re saying anyone that protest is a terrorist then JT’s already set precedent for meeting terrorist|10159554940488904|Lorene Atkinson|2022-02-09 19:21:17|1|3|10159553087993904|facebook
"No ""you're"" missing the point! You have zero proof that there were ""nefarious"" groups that were contributing to the original GoFundMe. It is simply what you want to believe. Unless of course you consider Elon Musk as far right!  And had they left it alone...the people who contributed would not have had to get refunds and go another route. That is the simple truth.  The rest of your post is just insulting and I can't be bothered responding to it."|10159553307933904|Linda Nichol|2022-02-09 19:21:30|1|3|10159553087993904|facebook
Well first of all Justin has to show up for work. They managed to drag him out last night for an emergency debate. I looked at his itinerary and it says he mght even show up for Question Period today. Wow! Two days in a row!|10159553143228904|Linda Nichol|2022-02-09 19:21:14|0|2|10159553087993904|facebook
I am in favor of minority rights of course but this has nothing to do with having a constitutionzl monarchy, France Germany, are republicd and also have protected minority rights.|10159553388403904|Philippe Batini|2022-02-09 19:21:34|1|2|10159553087993904|facebook
We already know he’s not half the man his daddy was. His father would’ve met & spoken with the people not insult/incite them then run & hide. As for comparing it to October crisis not even in same category|10159553762253904|Lorene Atkinson|2022-02-09 19:21:14|0|2|10159553087993904|facebook
Bring in the military and end this please. Don’t teach the 2 year olds they get what they want when they camp out in Ottawa|10159553215008904|Traci Thomas|2022-02-09 19:21:14|0|2|10159553087993904|facebook
Your missing the point. The original GoFundMe fund was being financed by these same people. The financing sources haven't changed. They simply established a new means of channeling funds; however, it better reveals how a lot of the financing for such movements is coming from dark money from foreign influences, whose mandate is to create civil unrest and disunity within democratic States. Your comment simply indicates your approval for such anarchistic measures. You claim to come from military; however, that does not necessarily mean that your beliefs are in the country's best interests. There are a significant number of ex-military in the Oath-Keepers membership, who are now being charged with Seditious Conspiracy. Unfortunately, our militaries have their fair share of fascist leaning members that has recently become a focus of concern in several NATO countries. I am not implying that you are such a person; however, I can see your sympathetic leanings towards it.|10159553275663904|James McDonald|2022-02-09 19:21:30|1|2|10159553087993904|facebook
why go all the way to the military, REAL riot police with body shields stun batons rubber bullets, water canons mounted on armoured personell carriers and tear gas would do the job fine, somehow, shockingly, these police units that I see in the rest of the world when these events occur, like we used to see all the time in Northern Ireland, don't seem to exist in canada.|10159553344158904|Alex Bunker|2022-02-09 19:21:35|1|2|10159553087993904|facebook
Stop with the insurrection rhetoric. It is pure garbage. There is NO takeover, or extortion or anything. There is a demand for the restoration of freedom; nobody is asking for more.|10159553151368904|Jeb Galbraith|2022-02-09 19:21:14|0|2|10159553087993904|facebook
could it be because northern ireland was a violent place, whereas downtown ottawa is a party with bouncy castles and dancing?|10159553428403904|Frank Ch Eigler|2022-02-09 19:21:35|1|2|10159553087993904|facebook
Oh I'm pretty aware we had an election. I live in Canada and have been voting since the days of Brian Mulroney. Lol|10159553258073904|Colin Parent|2022-02-09 19:21:29|1|2|10159553087993904|facebook
No, the group that put out the MOU had Tamara Lich and Pat King on their list of organizers. When people started sending that info to GoFundMe, they removed their names and all organizer names from the MOU after GoFundMe froze their funds and said they were investigating for legal reasons. Unity CANADA and the Freedom Convoy, who stated in their MOU, that they want all elected officials to resign, put their three chosen people in to negotiate with the Senate and Governor General, are one and the same group.|10159553199803904|Mary Jo Welch|2022-02-09 19:21:30|1|2|10159553087993904|facebook
Canadians had a chance to vote Trudeau out in the fall. They didn't. So your post is basically sour grapes and complaining about it. Also, autocratic? Please. The histrionics are unnecessary and quite frankly sad. If Trudeau was TRULY the autocrat you claim, the protest would have been crushed within days. By the military.|10159553431038904|Jane Karen Sims|2022-02-09 19:21:29|1|2|10159553087993904|facebook
#StopLyingForPro fit|10159553122483904|Whitey Somers|2022-02-09 19:21:14|0|2|10159553087993904|facebook
where does it say that?|10159553183008904|Louise Michelle|2022-02-09 19:21:32|1|2|10159553087993904|facebook
Maybe you should review your political classes. All parties (Libs, NDP, Bloc and the Greens) are denouncing this charade except the radical wing of the conservative party, that's is not only right wing but extreme right wing as supported by Trump, Fox nexs anchors and the likes.|10159553196963904|Philippe Batini|2022-02-09 19:21:34|1|2|10159553087993904|facebook
how can fighting for our rights be anti democratic. Hopefully others follow Joel Lightbound|10159553182568904|Louise Michelle|2022-02-09 19:21:34|1|2|10159553087993904|facebook
Nothing ever but LIES and Division from Trudeau!!|10159553476628904|Derek Steven Cunningham|2022-02-09 19:21:14|0|2|10159553087993904|facebook
Restoration of what freedom, exactly?|10159553214153904|Gee Fore Allen|2022-02-09 19:21:32|1|2|10159553087993904|facebook
Ridiculous comparison by fake news. During the October Crisis there were kidnappings, murders and mailbox bombings, this is not even in the same universe as that.|10159553781543904|Adrian AB|2022-02-09 19:21:14|0|2|10159553087993904|facebook
but your stupid party is better? They fire their own leader. They can’t even manage their own party never mind a country.|10159554221003904|Maria CT|2022-02-09 19:21:29|1|1|10159553087993904|facebook
You are wrong. It’s an anti- Trudeau rally. The stupid MOU is evidence of that.|10159553152153904|Dale Cole|2022-02-09 19:21:30|1|1|10159553087993904|facebook
I would be very wary of nay-sayers such as  and . There are fake profiles and trolls who respond to commentary such as mine simply to advance antigovernmenta l ideology.|10159553152003904|James McDonald|2022-02-09 19:21:30|1|1|10159553087993904|facebook
Democracy is the will of the majority of people in our society who just voted for a new parliament and government and the mandates. . A minority can demonstafe their displeasure but cannot try to force their will on others by by occupying the streets and demanding a change of government that's a seditious insurrection and if aided by foreign powers it can be interpreted as treason.|10159553192523904|Philippe Batini|2022-02-09 19:21:34|1|1|10159553087993904|facebook
protesting yes but within limits, not taking a city hostage, blocking streets, making life miserable for residents, harassing people who wear masks and and trying to topple a democratically elected government and parliament.|10159553204623904|Philippe Batini|2022-02-09 19:21:34|1|1|10159553087993904|facebook
got anything better than that?🤣|10159553164863904|Jeb Galbraith|2022-02-09 19:21:32|1|1|10159553087993904|facebook
He walked out of Parliament today. He's brutal!|10159554062588904|Colin Parent|2022-02-09 19:21:29|1|1|10159553087993904|facebook
Yet more right-wing conspiracy theory propaganda that is founded upon unproven speculation.|10159553159428904|James McDonald|2022-02-09 19:21:30|1|1|10159553087993904|facebook
why would you say that? According to Trudeau himself, truckers are “essential”. 🤦‍♀️ He was fine with them for two whole years, now he tries to vilify them???|10159553195813904|Kathy Atkin|2022-02-09 19:21:34|1|1|10159553087993904|facebook
: Yes, and that's how our system works. Trudeau didn't cheat, he just won more seats (if he'd cheated, he would have made sure he had a majority). :)|10159553493903904|Miles Chandler|2022-02-09 19:21:29|1|1|10159553087993904|facebook
hear hear .....|10159553476498904|Joanne Johnson-Meyers|2022-02-09 19:21:29|1|1|10159553087993904|facebook
More Canadians voted against Trudeau than voted for him. Furthermore, more Canadians voted Conservative than voted Liberal in the past 2 elections.|10159553463198904|Colin Parent|2022-02-09 19:21:29|1|1|10159553087993904|facebook
get a grip! https:// fb.watch/ b2lfZRhaE6/|10159553202788904|Kathy Atkin|2022-02-08 11:04:00|1|1|10159553087993904|facebook
"""It’s the worst emergency in Ottawa in living memory these disgusting monsters just won’t go!""  dear god you're right  https:// twitter.com/ JCCFCanada/ status/ 1490422366840803 334"|10159553570368904|Frank Ch Eigler|2022-02-09 19:21:35|1|1|10159553087993904|facebook
2000 Mules|10159553155223904|Jeb Galbraith|2022-02-09 19:21:30|1|1|10159553087993904|facebook
Unfortunately you are correct on that. The Canada Unity group jumped on board and put out their ridiculous MOU. These people don't understand politics or how a country is run. They are letting thier emotions get the better of them. I do not support them.  They are separate from the Freedom Convoy 2022.|10159553172938904|Linda Nichol|2022-02-09 19:21:30|1|1|10159553087993904|facebook
Good article 👍 and Justin our Prime Minister made an excellent speech in Parliament, the wheels are in motion. Let's preserve and defend democracy against the antidémocratic forces of right wing tin hatters!|10159553149598904|Philippe Batini|2022-02-09 19:21:14|0|1|10159553087993904|facebook
best read up ...|10159553359623904|Joanne Johnson-Meyers|2022-02-09 19:21:32|1|1|10159553087993904|facebook
What is better than the truth.|10159553166498904|Mike Brown|2022-02-09 19:21:32|1|1|10159553087993904|facebook
it was just one of many claims made during the Emergency Debate. A bunch of politicians speaking as leaders of parties rather than leaders of a nation. The lengths they are going to simply to avoid a conversation is abhorrent.|10159553191768904|Jeb Galbraith|2022-02-09 19:21:32|1|1|10159553087993904|facebook
except we’re not a direct democracy we’re a constitutional monarchy. Thats why we have a charter. That’s how we protect minority rights. You’re not in favour of that?|10159553383858904|Andrew Dominowski|2022-02-09 19:21:34|1|1|10159553087993904|facebook
Why are you making an inference that I'm crying. I'm merely pointing out the follies of an incompetent autocratic fool!|10159553417368904|Colin Parent|2022-02-09 19:21:29|1|1|10159553087993904|facebook
typical TruAnon!!!|10159553217258904|Kathy Atkin|2022-02-09 19:21:34|1|1|10159553087993904|facebook
the MOU is one group calling themselves, Canada Unity. Jagmeet and others perverted what is outlined in the MOU and the media has smeared the bs for all to hear. Is there somethings unlawful about the MOU (if so, it will be dealt with accordingly). You just don’t like it yourself. Patience my friend! The Truth chases the lie.|10159553304573904|Jeb Galbraith|2022-02-09 19:21:32|1|1|10159553087993904|facebook
Well maybe if the CBC and Ottawa police had left the original GoFundMe alone they wouldn't have had to go this route.|10159553260928904|Linda Nichol|2022-02-09 19:21:30|1|1|10159553087993904|facebook
If you are are prime minister of 37 million Canadians, then you should be expected to show up for work.|10159553273098904|Matt Miller|2022-02-09 19:21:31|1|1|10159553087993904|facebook
you want soldiers to do what to the children at the trucker protest?|10159553302683904|Frank Ch Eigler|2022-02-09 19:21:35|1|1|10159553087993904|facebook
https:// www.theglobeandm ail.com/ business/ article-ceo-of-c anadas-largest- trucking-compan y-says-covid-19 -vaccine-mandat e/ ?utm_campaign=so phi-pop&utm_med ium=post&utm_so urce=facebook&f bclid=IwAR0xHlO OWrhS8XSOCwkcbS Qkajbvhh9Ks8tDk zLu31vzq2fqGe9M MvJ3X7U|10159553251033904|James McDonald|2022-02-09 19:21:30|1|1|10159553087993904|facebook
you must be able to do better than this. I’m weak😵‍💫|10159553361338904|Jeb Galbraith|2022-02-09 19:21:32|1|1|10159553087993904|facebook
try to fly to other countries such as Bermuda for example. These mandates are all over the world. This is not unique to Canada.|10159554225088904|Maria CT|2022-02-09 19:21:32|1|1|10159553087993904|facebook
This is probably the most peaceful protest to date. Did you have this perspective when all other protests were more volatile?|10159553209323904|Rock|2022-02-09 19:21:34|1|1|10159553087993904|facebook
"Btw, the vaccine mandate for truckers is a North American agreement between Canada, the US and Mexico. The fact that people are required to be vaccinated for Covid-19 does not infringe upon people's liberties any more than the vaccines that are required for other infectious diseases, which most people had already received. The type of solution you are expecting is the ""none"" in an ""all or none"" proposal, so the argument becomes a moot debate from the start. The pandemic is tiresome for everyone, but even more life-threatenin g for those who are either immunocompromis ed or unable to receive the vaccine due to age or health limitations. For those people, it can still be a death sentence and there are still people dying from this. I am a health-care worker and have received three vaccines already. I had already caught Covid despite my precautions; however, that does not make either the vaccine or safety protocols any less necessary. The greatest impact has been to the service industry and activities requiring large social gatherings. For the ""convenience"" of reinstating all of that, how many lives lost as a consequence would be too many in your mind? One, five, twenty, a thousand or more than that? That is what it will come down to. Whenever skeptics and detractors to Covid safety measures comment, I always think that they should have to spend a week working in a Covid red zone ER or ICU. It may provide a dose of reality that could change their perspective. In this particular case, it would not have affected truckers' freedoms to simple receive the necessary vaccines. Life would have gone on as usual. As for shutdowns, governments are now easing restrictions while still encouraging safety measures. That is unfortunately our new norm. If we were to compare our ""hardships"" with people who had lived through the Blitz on a daily basis, it would be laughable. For someone in the Armed forces, that might be a comparison they may be able to understand."|10159553190298904|James McDonald|2022-02-09 19:21:30|1|1|10159553087993904|facebook
I doubt the US mandate was influenced by Canada. Most Americans ignore Canada. Sadly.|10159553431193904|Michael Czarnomski|2022-02-09 19:21:30|1|1|10159553087993904|facebook
Demonstrator?? The trucker convoy is unprecedented in Canadian history!|10159553461083904|Colin Parent|2022-02-09 19:21:29|1|1|10159553087993904|facebook
Remember when he called that old lady racist in Quebec asking about where the money would come for the refugees - then hired a goon squad to dox her public life.  This is the same thing except he's branded a huge group of people who just want medical freedom as racist bigot idiots.  That's how delusional this twat Trudeau is.|10159553389588904|John A Metcalf|2022-02-09 19:21:29|1|1|10159553087993904|facebook
then go out and join them, the only way this will end is for Trudeau to come out of hiding and speak to these people, not by calling them names. His true colours are showing, the whole world is watching and other countries leaders are laughing at him. He needs to man up and face the music. You want it to end peacefully, or be a very dark stain on Canadian history. Don’t be part of the problem be part of the peaceful solution.|10159555094123904|Carol Gammel|2022-02-09 19:21:35|1|1|10159553087993904|facebook
Both terrible Prime Minister's|10159553330868904|Chad McNulty|2022-02-09 19:21:14|0|1|10159553087993904|facebook
They are a mob. Don't fool yourself.|10159553654793904|Robert James Drain|2022-02-09 19:21:24|1|1|10159553087993904|facebook
😂 how typical! You throw shade and then don’t provide anything to support your position. How TruAnon of you.|10159553382188904|Kathy Atkin|2022-02-09 19:21:24|1|1|10159553087993904|facebook
I see. So you don't like the results of the election have decided to cry about it. That's OK. That's your right. Just so you recognize how sad it appears.|10159553380148904|Jane Karen Sims|2022-02-09 19:21:29|1|1|10159553087993904|facebook
good one!!! 😂|10159553257188904|Kathy Atkin|2022-02-09 19:21:24|1|1|10159553087993904|facebook
Fuddle-duddle|10159553240293904|Michele Caron|2022-02-09 19:21:24|1|1|10159553087993904|facebook
what mob??? These are everyday Canadians. These are the people who Trudeau said were “essential”. Now he’s trying to vilify them. The “mob” would be the Antifa members trying to cause trouble and run people over. The “mob” would the endless “mostly peaceful” protesters we had to endure. The ones who caused real damage, destruction and arson. Even his own party members are speaking out against his tyranny. 🤦‍♀️ https:// fb.watch/ b2lfZRhaE6/|10159553192153904|Kathy Atkin|2022-02-08 11:04:00|1|1|10159553087993904|facebook
It isn’t an occupation it’s a resistance, it’s what word you choose to use. One word is aggressive and one is not.|10159554190533904|Eileen Dougan|2022-02-09 19:21:14|0|1|10159553087993904|facebook
“This is no longer about vaccine mandates, the faux right of dissent and woolly-minded expressions of flag-draped freedom. It’s about democracy, the integrity of the state, the preservation of order, and freedom from this noisy caravan of anarchy, prejudice and harassment.”|10159553525188904|Linda Jeaurond|2022-02-09 19:21:14|0|1|10159553087993904|facebook
you such a looser. You have no clue what his knowledge and credentials are. And what degree do you have? Oh wait, a degree in stupidity.|10159554234088904|Maria CT|2022-02-09 19:21:22|1|1|10159553087993904|facebook
This is what you elected : a cute boy who went to comedy classes and now trying to personify a prime minister.|10159553765858904|Michel Filion|2022-02-09 19:21:14|0|1|10159553087993904|facebook
About 24 months ago when the trains were being blocked for over a week in the cold winter I said we need to bring out the fire hoses and just end it. I am saying the same thing now, bring out the fire hoses and let them soak everything then let the cold solve the problem. Also, blockade the street, no food, no water, no fuel. If they tap into the street power then you have people stealing power and move in. The Ottawa police are mice, I'm happy that in Toronto people know you can only push our police so far because it goes very bad for you.|10159553415858904|Robert James Drain|2022-02-09 19:21:14|0|1|10159553087993904|facebook
Tell that to the welfare bums lying around honking horns.|10159553147638904|Anthony Fornasier|2022-02-09 19:21:20|1|1|10159553087993904|facebook
I fully expect that Trudeau has just received his non-confidence vote. His party would be wise to replace a man/boy hiding in a cottage ASAP. Let an adult in the room for once.|10159553510788904|Jane Rawluk|2022-02-09 19:21:14|0|1|10159553087993904|facebook
Hiding in the cottage & only coming out to name call like a petulant 3rd Grader is NOT my idea of “bold”|10159553160963904|Neil Bristol|2022-02-09 19:21:15|0|1|10159553087993904|facebook
risk taking and bad decision making are signs of illness|10159553221163904|Eileen Dougan|2022-02-09 19:21:39|1|1|10159553087993904|facebook
as are cowardice & lack of leadership|10159553230293904|Neil Bristol|2022-02-09 19:21:39|1|1|10159553087993904|facebook
You don't speak to terrorists, the only option is force.|10159554881563904|Joseph Penn|2022-02-09 19:21:17|1|1|10159553087993904|facebook
your mouth is drooling with nonsense. Go get it clean.|10159554238008904|Maria CT|2022-02-09 19:21:39|1|1|10159553087993904|facebook
You mean fix our Government. Jesus christ man. You enjoying doubling our national debt and our leader crying wolf?|10159553262968904|John A Metcalf|2022-02-09 19:21:25|1|1|10159553087993904|facebook
no ... No they are not ...|10159553354668904|Joanne Johnson-Meyers|2022-02-09 19:21:24|1|1|10159553087993904|facebook
If you think protesting isn’t part of the democratic process, think again.|10159553200463904|Rock|2022-02-09 19:21:34|1|1|10159553087993904|facebook
oh ok so ... You just ... Can't accept it .....???|10159553353578904|Joanne Johnson-Meyers|2022-02-09 19:21:29|1|1|10159553087993904|facebook
So why the heck do you think he would resign? Did Harper resign after he got a minority, or after a certain number of demonstrators showed up?|10159553259558904|Miles Chandler|2022-02-09 19:21:29|1|1|10159553087993904|facebook
: We just had an election. So yes, he's unlikely to resign because of irritated truckers.|10159553253473904|Miles Chandler|2022-02-09 19:21:29|1|1|10159553087993904|facebook
No, Justin must resign! He's unfit to govern our country! He's ruling it! None of this Liberal government is fit to run our country and we'll be stuck with Trudeau until things get so dire that Canadians vote him out. I fully expect Justin to dig his heels in and double down on the Canadian populace! That's just how he rolls!|10159553243283904|Colin Parent|2022-02-09 19:21:14|0|1|10159553087993904|facebook
He should consider making a meeting with the leaders contigent upon the departure of all protesters.|10159553300718904|Heather Purdy|2022-02-09 19:21:14|0|1|10159553087993904|facebook
"This is how people remember those who stand up for what is right and persist despite when the Government ""brings in the military and end this"" mentality.  77 days that lasted BECAUSE the Government WOULD NOT come to the table....  https:// en.m.wikipedia.o rg/wiki/ Ellen_Gabriel"|10159554156663904|Daniel O'Keefe|2022-02-09 19:21:35|1|1|10159553087993904|facebook
if anything Liberals are prone to exaggeration and drama.|10159553909713904|Louise Michelle|2022-02-09 19:21:28|1|1|10159553087993904|facebook
and I forgot most Labour Unions and First Nations leaders have condemned that masquerade. I am sure you are informed who the protest organizers are, white supremaciwrd, racists and QAnon people.|10159553212063904|Philippe Batini|2022-02-09 19:21:34|1|0|10159553087993904|facebook
"yep, it was that kind of thinking that started shooting at OKA.  ...""we'll teach them to stand together and ask for a seat at the table!....just who do they think they are""!???"|10159554144088904|Daniel O'Keefe|2022-02-09 19:21:35|1|0|10159553087993904|facebook
Our ineptitude leader Justin Trudeau has been in hiding for a couple weeks and it's absolutely digusting that he doesn't talk to these people. All they want is their jobs back and to go home. No more mandates, restrictions, or passports.|10159553219533904|Trevor Hildebrandt|2022-02-09 19:21:34|1|0|10159553087993904|facebook
Which Father? lmao|10159553334228904|Mike Johnson|2022-02-09 19:21:15|0|0|10159553087993904|facebook
They already said no. HONK HONK!|10159553501883904|Andrew Boardman|2022-02-09 19:21:35|1|0|10159553087993904|facebook
Haven't read more crap in an article in days. And with the state of current affairs in Canada that is an achievement.|10159553261153904|Juri Bonic|2022-02-09 19:21:15|0|0|10159553087993904|facebook
I really have no faith at all in the leadership of Justin Trudeau.|10159553306843904|Shawn Wayne Dubois|2022-02-09 19:21:15|0|0|10159553087993904|facebook
""" Let's Go Justin """|10159554785423904|Walt Jakeway|2022-02-09 19:21:15|0|0|10159553087993904|facebook
lol will be the same results as his daddy and hopefully worse|10159553747053904|Rod Fredrickson|2022-02-09 19:21:15|0|0|10159553087993904|facebook
October Crisis? Pass the bong, pal!|10159557045368904|Michael Vandale|2022-02-09 19:21:15|0|0|10159553087993904|facebook
Nice profile,the anonymous . Bot & bought.|10159553892053904|Leon Bouvier|2022-02-09 19:21:35|1|0|10159553087993904|facebook
The downtown residents of Ottawa are fully bloated with every kind of govt and civil servants and sadly they are awakening to how inept their leaders are, they should be upset but they are also learning the common ground of bad governance shared with (those people) but without the insults levied at them of course. They need not have suffered any of it but again their govt does not give one thought of them other than their exploitation. We all will have to do our part to suffer while our leader plays out his drama Queen performance. If it’s not a performance then I suggest health and science experts test him for any hereditary presence of mental illness such as bi polar that runs genetically.|10159555678733904|Eileen Dougan|2022-02-09 19:21:37|1|0|10159553087993904|facebook
To compare this w the October crisis is streching facks alot. Justin is definately no Pierre. He is actually just plain dumb.|10159553219543904|Erik Nielsen|2022-02-09 19:21:15|0|0|10159553087993904|facebook
Justin will never be Castro?|10159553488738904|Christopher George|2022-02-09 19:21:15|0|0|10159553087993904|facebook
Aww the good old days! Calm down Hitler! 😂|10159553638778904|Bruce R Collens|2022-02-09 19:21:35|1|0|10159553087993904|facebook
It has shown the failure of our education system and objective critical thinking. Although the deep divide is actually the Conservative government itself divided, with a smidge of the far left. The far left and the far right tend to have more in common then they like to admit from a psychological perspective. The far right don't like authority telling them what to do(its why they don't like government up in their private business and the far left don't like government at all. Anarchists. So really we are dealing with dueling egos. This is why the anti vaxx cults tend to use emotional arguments based upon insecurities and misinformation rather then facts and figures. Its really about ones ego. I noticed not only is the antivaxxers have been repeatably shown to be wrong they debate about the right to be wrong under the guise of civil liberties even though its been demonstrated scientifically that by giving in to the anti vaxxers we may worsen the spread with even more mutant strains. Cutting of the nose to spite the face. Do we really want to go there? Pride before the fall? When will the government get back to science(based) based policies instead of all these silly egocentric arguments that have little to do with health measures for the safety of the general public. People before ideologies please.|10159553220403904|Andrew Merritt|2022-02-09 19:21:15|0|0|10159553087993904|facebook
That's kind of an opposite of what it used to be, the far right is usually more authoritarian historically. Conservative minded people usually don't care of criminals are a little to fairly mistreated by authorities where as Left leaning do.  Though this should be a cause where both sides unite. Vaccines we inject ourselves with dont even apply and offer very little spill over assistance with new and changing strains - to the point not getting the vaccine is actually sound logic.  I say this an a voluntary double vaccinated citizen who has gotten covid.|10159553530338904|John A Metcalf|2022-02-09 19:21:38|1|0|10159553087993904|facebook
even his own party members are speaking out against this tyranny. Wake up! https:// fb.watch/ b2lfZRhaE6/|10159553201853904|Kathy Atkin|2022-02-08 11:04:00|1|0|10159553087993904|facebook
🤦‍♂️|10159554144808904|Daniel O'Keefe|2022-02-09 19:21:35|1|0|10159553087993904|facebook
like in China you mean.  . You live in the wrong country.|10159554763868904|Alexie Texierazov|2022-02-09 19:21:35|1|0|10159553087993904|facebook
do you mean the night sneaking into parliament emergency meeting called when citizens were sleeping? That one? He is acting crazy|10159553219988904|Eileen Dougan|2022-02-09 19:21:34|1|0|10159553087993904|facebook
true. I just want it to end rather than being drawn out another 2 weeks|10159553353858904|Traci Thomas|2022-02-09 19:21:35|1|0|10159553087993904|facebook
We do not negotiate with terrorists. Trudeau will never speak to you.|10159555105533904|Alex Bunker|2022-02-09 19:21:35|1|0|10159553087993904|facebook
sitting on your couch it’s pretty easy for you to say that.|10159554762028904|Alexie Texierazov|2022-02-09 19:21:35|1|0|10159553087993904|facebook
The military does NOT answer to Trudeau who only has 31% of the popular vote.|10159557424433904|Kevin Goodwin|2022-02-09 19:21:35|1|0|10159553087993904|facebook
Why is the government trying to pressure parents to vaccinate kids... when healthy kids do NOT need the vaccines ?|10159557425013904|Kevin Goodwin|2022-02-09 19:21:35|1|0|10159553087993904|facebook
are you talking about the kids in the bouncy castles? You want to use the military on children and women?|10159554367433904|LordHenry Wotton|2022-02-09 19:21:35|1|0|10159553087993904|facebook
they were and are the best PMs|10159554236618904|Maria CT|2022-02-09 19:21:36|1|0|10159553087993904|facebook
His father? He will never be as communist as Fidel, we won’t let that happen.|10159553395383904|James Fox|2022-02-09 19:21:14|0|0|10159553087993904|facebook
has done....past tense. They are hanging onto something for un identifiable reasons now. The math doesn't work and the science doesn't work. It isn't about protection of anyone other than the individual now. Mamdating others to vax for who? For themselves?  I can sign a DNR form. Does the Government overide that? My CHOICE?  In many Canadian Provinces I can chose to end my life with medication ...but for Covid, I am denied the right to NOT take a substance? AND lose my livelyhood and freedom of movement because I myself might get sick (it can't stop you from getting sick if I'm vaxed or not🤷) so what exactly is the demand right now? Control....pure and simple. There is no math. No stats left now to justify the demand for the mandate. It's over.  So this is where GOOD leadership steps up. JT is willing to meet with those he agrees with, he said this...well whoopdy doo...how hard is it to meet with folks you agree with🤦‍♂️.....good leadership means you can meet with those you DONT agree with and find a path forward......  He has got to find his way to the table. He's losing ground and credibility. He's almost at the point of complete disconnection with Canadians. He has pledged his allegiance to a Caricature of a Canadian and not a real human, flesh and bone, right outside his office....|10159554248463904|Daniel O'Keefe|2022-02-09 19:21:35|1|0|10159553087993904|facebook
Western Canada is not Quebec... the truckers are not murderers such as the FLQ. Justin Trudeau has only 31% of the popular vote and is quite rightly hated in much of the country. Push the West around and Canada is finished as a nation.|10159557426323904|Kevin Goodwin|2022-02-09 19:21:14|0|0|10159553087993904|facebook
what are your thoughts on the liberals use of OIC? Democracy in action? Respect for the parliamentary process? Come on already|10159553396753904|Andrew Dominowski|2022-02-09 19:21:34|1|0|10159553087993904|facebook
clearly not considering your last comment. Yes, France and Germany have their own version of a constitution/ charter. Point being?|10159553395148904|Andrew Dominowski|2022-02-09 19:21:34|1|0|10159553087993904|facebook
answer the question  you want soldiers there there are children there what do you want to happen|10159553359658904|Frank Ch Eigler|2022-02-09 19:21:35|1|0|10159553087993904|facebook
He is Not his Father!|10159553151978904|Joe Radwanski|2022-02-09 19:21:14|0|0|10159553087993904|facebook
right, not.|10159554216773904|Maria CT|2022-02-09 19:21:35|1|0|10159553087993904|facebook
-- sedition , foreign powers and treason. -- a truckers protest . Are you on meds man? You gotta stop watching CBC and CNN. Another Trudop sheep.|10159553280583904|Ian Robinson|2022-02-09 19:21:34|1|0|10159553087993904|facebook
Yes he needs to be declared mentally fit by science because it’s in his family hereditary and he is displaying the characteristics of the disease|10159553255373904|Eileen Dougan|2022-02-09 19:21:34|1|0|10159553087993904|facebook
sounds kinda fascist|10159553377868904|Andrew Dominowski|2022-02-09 19:21:35|1|0|10159553087993904|facebook
One Nazi flag & one Confederate flag. Where did you rage when police were shot at? I’d love to see your consternation over that.|10159553232628904|Rock|2022-02-09 19:21:34|1|0|10159553087993904|facebook
😂 Trudeau tried to school the government of India on opening a “dialogue” on their farmer’s truck protest. Now they are mocking and ridiculing him. How embarrassing! https:// m.youtube.com/ watch?v=t3qvCvKE qVs|10159553232568904|Kathy Atkin|2022-02-09 19:21:34|1|0|10159553087993904|facebook
oh you poor dear! Try some foreign news where they are mocking and ridiculing our PM. 😂|10159553223613904|Kathy Atkin|2022-02-09 19:21:34|1|0|10159553087993904|facebook
The residents of Ottawa are not resisting, they are being held hostage by dimwits who have no clue how Canada’s federal democracy works.|10159555660463904|Tim Gorham|2022-02-09 19:21:37|1|0|10159553087993904|facebook
how you and others here can even think that way is beyond me. It's 2022 and there are so many ways to resolve this without cracking skulls.  Is our memory really that short....🤦‍♂️  https:// en.m.wikipedia.o rg/wiki/ Oka_Crisis|10159554151403904|Daniel O'Keefe|2022-02-09 19:21:35|1|0|10159553087993904|facebook
"Try reading up on the differences between ""why Trudeau Senior called in the army"" and ""what is happening in Ottawa at the moment""...TWO very different situations!!! One - people were kidnapped and killed...the other one is a peaceful protest that has made crime in Ottawa go down, they are cleaning sidewalks and feeding the homeless. If you are going to write an article about something, make sure to fact check in person before!"|10159565347433904|Sophie Lalonde|2022-02-16 19:21:14|0|0|10159553087993904|facebook
"the ""privileges"" of not taking medical treatments against their will  what sort of clown world do you live in"|10159553196738904|Frank Ch Eigler|2022-02-09 19:21:34|1|0|10159553087993904|facebook
But, but but Harper. LMAO.|10159553268268904|Matt Miller|2022-02-09 19:21:25|1|0|10159553087993904|facebook
It goes well beyond the mask mandates.|10159553307713904|Patrick Collins|2022-02-09 19:21:24|1|0|10159553087993904|facebook
😂 that’s not what boots on the ground say! https:// maybury.ca/ the-reformed-phy sicist/2022/02/ 03/ a-night-with-the -untouchables/ ?fbclid=IwAR2Yr3 mJjmct0l_W8aNIE W7oYqAYOx_3Yscc VFloAuaOQHo37sE JtrNOwWU|10159553656623904|Kathy Atkin|2022-02-09 19:21:24|1|0|10159553087993904|facebook
If they are not a mob, then the police can simply ask them to leave and they will leave (in which case they were a crowd). They've been asked, gave a list of demands (extortion) so they're a mob. I'd fire hose the lot, blockade anyone else getting in so as people leave then mob is thinned down. I'd probably set off the fire hoses 5 or 6 times a day, and 10 times a night to ensure no sleep.|10159553662858904|Robert James Drain|2022-02-09 19:21:24|1|0|10159553087993904|facebook
Why'd I do this is too fold; firstly, this has gone on long enough. Secondly, I do not want others picking up ideas. End this now.|10159553664108904|Robert James Drain|2022-02-09 19:21:24|1|0|10159553087993904|facebook
Agree. This “journalist” cannot contain his personal emotions and obvious disdain for the working class. He’s very much out of touch.  The fact that he can freely spew such baseless and inflammatory rhetoric, which is funded by the “state”, is appalling, and it’s the reason why we’re in this mess.|10159554758608904|Alexie Texierazov|2022-02-09 19:21:24|1|0|10159553087993904|facebook
"The ""mob"" seems rather well behaved... how many people have been murdered or bombs set off ? None.  The comparisons to the FLQ will go nowhere... and I know that western Canada would rise up to defend the truckers should the sleazy Ontario Liberal elite get uppity... as they should. Toronto does not rule Canada."|10159557431008904|Kevin Goodwin|2022-02-09 19:21:24|1|0|10159553087993904|facebook
up your meds man. Consider psych help. Unreal.|10159553274513904|Ian Robinson|2022-02-09 19:21:25|1|0|10159553087993904|facebook
he’s a full on Liberal who uses his position to further the Liberal narrative. It’s disgusting.|10159554759743904|Alexie Texierazov|2022-02-09 19:21:28|1|0|10159553087993904|facebook
|10159553355968904|Joanne Johnson-Meyers|2022-02-09 19:21:25|1|0|10159553087993904|facebook
Canada faces a lot of challenges, I don't think JT is what we need right now, but he is what we deserve.|10159553411573904|Robert James Drain|2022-02-09 19:21:25|1|0|10159553087993904|facebook
|10159554545028904|John Turnbull|2022-02-09 19:21:25|1|0|10159553087993904|facebook
Too Late.|10159554787223904|Walt Jakeway|2022-02-09 19:21:27|1|0|10159553087993904|facebook
Trudeau needs to listen and learn from his backbencher Joel Lightbound. Instead, he'll likely give him the boot.|10159553331063904|Chris Dick|2022-02-09 19:21:14|0|0|10159553087993904|facebook
Appropriate jurisdiction challenges. Federal government was asked for support by province in 70s|10159557999778904|Dee Vance|2022-02-09 19:21:14|0|0|10159553087993904|facebook
Lots of attempted backpedaling going on with this portion.  https:// canada-unity.com /mou/ NEWS RELEASE  Notice of Formal Withdrawal of MOU by Canada Unity  Ottawa February 8 2022 – For Immediate Release  It has come to the attention of Canada Unity that the Memorandum Of Understanding (herein referred to as MOU) does not reflect the spirit and intent of the Freedom Convoy Movement 2022  We represent the voice of many Canadians who desire to have the Charter of Rights and Freedoms upheld. We are everyday Canadians, not lawyers or politicians.  We are immediately withdrawing the MOU as we do not want any unintended interpretations to continue. Our sole desire with the MOU was to have a document where Canadians could peacefully express their displeasure with current C19 mandates, and express their desire to be free. Canada Unity does not support or encourage any acts which tarnish democratic values held by Canadians.  To the over 320,000 original signatories of the MOU; we appreciate your support and will continue to peacefully demonstrate until the Charter of Rights and Freedoms is upheld.  This document was created with the sole purpose of bringing the government of Canada and all Canadian citizens into agreement; that the Charter of Rights and Freedoms should be upheld for all  Canada Unity firmly supports the constitution and democratic process. We remain committed to following lawful process and upholding freedom of choice.  Canada Unity  James Bauder  Sandra Bauder|10159554804353904|Linda Jeaurond|2022-02-09 19:21:23|1|0|10159553087993904|facebook
all 7 million of them.|10159554760713904|Alexie Texierazov|2022-02-09 19:21:23|1|0|10159553087993904|facebook
Trudeau's village called : their idiot is missing|10159554557513904|Michel Filion|2022-02-09 19:21:22|1|0|10159553087993904|facebook
"At least your way is not hypocritical like the politicians and media that gave soft support to the rail blockades but were quick to condemn and demonize this protest. Our PM's response to the burning of a dozen churches was "" its understandable"" meanwhile he calls this peaceful protest an act of terrorism"|10159553783103904|Zane Grey|2022-02-09 19:21:22|1|0|10159553087993904|facebook
"It's time for Justin's ""Just watch me"" moment."|10159555410643904|Bob Vincent|2022-02-09 19:21:14|0|0|10159553087993904|facebook
"There are 2 kinds of Canadian truckers: 1) those who are socially responsible and caring about the health and safety of others; and, 2) a fringe minority who have co-opted the word ""freedom"" to guise bigotry, hatred, bullying and violence as liberty."|10159553940593904|Gordon Earle|2022-02-09 19:21:14|0|0|10159553087993904|facebook
lol it’s not even for profit. It’s just for more government subsidies.|10159554365893904|LordHenry Wotton|2022-02-09 19:21:20|1|0|10159553087993904|facebook
Stop talking from Peru. If you actually lived in Canada, your words would mean more.|10159553276893904|Matt Miller|2022-02-09 19:21:20|1|0|10159553087993904|facebook
enough with the made up Trump expression fake news it's gets tiring|10159558799173904|Paderick Rose|2022-02-09 19:21:19|1|0|10159553087993904|facebook
A late relative of mine was a high level Government bureaucrat back in the day when Pierre Elliott was Prime Minister. He unaffectionatel y referred to the Globe and Mail as the: Mop and Pail! He would always chuckle to himself when he said it. He never went into detail about his opinion but I got the general idea that he never planned on getting a subscription. You are precisely correct with your post!  There’s only so much that we can do about the pandemic, but the media should be capable of doing much better!|10159554881998904|Alan MacDonald|2022-02-09 19:21:19|1|0|10159553087993904|facebook
stop spewing lies. He is working like all party members. Get your facts straight moron.|10159554219023904|Maria CT|2022-02-09 19:21:19|1|0|10159553087993904|facebook
blah, blah, blah.|10159554216118904|Maria CT|2022-02-09 19:21:18|1|0|10159553087993904|facebook
yes. And lazy yet arrogant leadership from an entitled spoiled man child. Mr snazzy socks and photo ops punctuated with shrugs and smirks needs to let us go. Find another sandbox Justin. Let us rebuild and try to fix what you broke.|10159553845448904|Kathy Young|2022-02-09 19:21:18|1|0|10159553087993904|facebook
no his dad would of given them the finger from a train and enacted the war measures act.|10159558798068904|Paderick Rose|2022-02-09 19:21:17|1|0|10159553087993904|facebook
lol, Pierre would not have stooped to speak to the convoy. No leader would. If the Cons were in power during this, they wouldn’t, either. The ones who claim that they would are disingenuous af.|10159555271498904|Lucinda Mungy|2022-02-09 19:21:17|1|0|10159553087993904|facebook
He looks weak if not capable to clean the roads of the blockades, when the finality of the protesters is to remove an elected government by stopping the traffic of goods is terrorism..|10159554953273904|Joseph Penn|2022-02-09 19:21:17|1|0|10159553087993904|facebook
which one. Real daddy or adopted?|10159554399738904|Yann LeMadec|2022-02-09 19:21:17|1|0|10159553087993904|facebook
speak for yourself.|10159554214273904|Maria CT|2022-02-09 19:21:28|1|0|10159553087993904|facebook
"I don’t know about the author but the paper is owned by the Thompson family and I do know that the Trudeau govt paid almost 600 million dollars to media in 2020. He topped it up about six weeks before his surprise snap covid election. You won’t get much critical thinking articles in any of our media or news broadcasts. How I miss Christie Blachford, here is one of her quotes that has come to be true, In June 2018, Blatchford said of a press subsidy: ""God forbid Ottawa should start to subsidize newspapers too. As a journalist, the thought gives me the shudders.""[16]"|10159555706688904|Eileen Dougan|2022-02-09 19:21:28|1|0|10159553087993904|facebook
😂 bouncy castles and dance parties! Right wing. Sure! 🤦‍♀️|10159553194178904|Kathy Atkin|2022-02-09 19:21:34|1|0|10159553087993904|facebook
wow more stupid comments from you. I am sure that he shares his itinerary with you.|10159554222143904|Maria CT|2022-02-09 19:21:31|1|0|10159553087993904|facebook
it’s payback for the maple leaf flag prominently displayed by one of the January 6th mob.|10159553427743904|Michael Czarnomski|2022-02-09 19:21:30|1|0|10159553087993904|facebook
Well that may be but it still isn't a good enough reason for our PM to not try and work something out with them.|10159553491333904|Linda Nichol|2022-02-09 19:21:30|1|0|10159553087993904|facebook
Dumb and dumber, this is 'salt of the earth' Canadians, in a grassroots movement against mandates, that drove small businesses to bankruptcies and ruined Canada, while paying 6 figure salaries while not working and staying at home.|10159553514353904|Jane Rawluk|2022-02-09 19:21:30|1|0|10159553087993904|facebook
you conveniently omitted one detail about Soviet Intelligence. They were backing up minority and Marxist anti-government movements. I.e. BLM, which is backed up by CCP nowadays. And who is a big fan of BLM in our government?|10159553533528904|John Skippy|2022-02-09 19:21:30|1|0|10159553087993904|facebook
So her can do nothing from home too. After all the budget balancing itself has worked so well|10159553281213904|Louise Michelle|2022-02-09 19:21:31|1|0|10159553087993904|facebook
Fake profile. Bot & bought $|10159553902473904|Leon Bouvier|2022-02-09 19:21:31|1|0|10159553087993904|facebook
and he does.|10159554222743904|Maria CT|2022-02-09 19:21:31|1|0|10159553087993904|facebook
this is not a wide spread protest by the working class. Many of the protestors might even believe that. This is a well orchestrated attempt to disrupt democracy. Since when is mob rule a sign of freedom? I have participated in many protests and you do not punish your fellow citizens.  Forgot to add, Andrew Coyne is as far from left or a liberal as anyone. Never thought I would agree with him.|10159557620453904|Mary Dale|2022-02-09 19:21:28|1|0|10159553087993904|facebook
they want him to step down and be replaced with some one of their choosing. did you read the mou|10159553154933904|Merle B Peter-paul|2022-02-09 19:21:32|1|0|10159553087993904|facebook
an understanding that the Truth will always chase the Lie. That’s what’s even better than the truth itself. It requires a patience that you lack!|10159553169733904|Jeb Galbraith|2022-02-09 19:21:32|1|0|10159553087993904|facebook
you allow the number 90% to fool you. Over 4 million Canadians have been wrongly punished and ostracized from society for their individual choice. They are restricted to essentials only. They are furloughed, laid-off, dismissed from work places. They cannot participate in any social aspects of life. They are not permitted to fly or travel by train. How many people are allowed to be in your house? Imagine it’s 2018: your government warns you of a possible threat. The threat is death. The risk is 0.2%. The governments ability to reasonably limit any of our freedoms MUST meet a greater threshold than that. I’m sorry, but the majority of Canada would not have agreed and it would need to face the democratic process of debate. The government did not so much as make a demonstrably provable case. JT’s claim that this was settled by the ballot is NOT even close to being justification. They completely side-stepped our constitution. JT’s common-good argument is flawed because it allows moral arbitration to invade the rule of law and our Individual Rights come first anyways.|10159553233063904|Jeb Galbraith|2022-02-09 19:21:32|1|0|10159553087993904|facebook
I missed something obvious. The argument is about how “reasonable” the limits are. There are a few people that think along the same lines as you but I hope this makes it make more sense.|10159553237708904|Jeb Galbraith|2022-02-09 19:21:32|1|0|10159553087993904|facebook
, do your research|10159553241398904|Michele Caron|2022-02-09 19:21:32|1|0|10159553087993904|facebook
what is your point? Im not going to Bermuda. I want to go to work and a restaurant with fellow Canadians sans restrictions!|10159554789048904|Jeb Galbraith|2022-02-09 19:21:32|1|0|10159553087993904|facebook
Hey now, there were easily a couple dozen hate symbols flying amongst the 18,000 protestors.  That's easily like 0.64% of them!!!!!  If the majority don't distance themselves from the hate, then they're just as evil.  And now that we've established that the group as a whole is responsible for the actions of any individual associated with them, I'd like to propose that anyone associating with this man is guilty of hate and bigotry.|10159553414568904|Mark Leslie Smith|2022-02-09 19:21:30|1|0|10159553087993904|facebook
"""...It is more of a mini-insurrecti on...""  A few thousand truckers blocking downtown Ottawa is a mini insurrection... ? With the Russians involved you say....  😀😃😄😁😆😅🤣😂🤣😅🤣😂  What brand of tinfoil do you use for your hats?"|10159553403538904|Mark Leslie Smith|2022-02-09 19:21:30|1|0|10159553087993904|facebook
hear hear|10159553358673904|Joanne Johnson-Meyers|2022-02-09 19:21:30|1|0|10159553087993904|facebook
protesting is an insurrection to you.Get a grip|10159553281963904|Louise Michelle|2022-02-09 19:21:30|1|0|10159553087993904|facebook
No, you are wrong. Tamara Lich and her guys are the Freedom Convoy 2022 leaders. Their original intent was to get the cross border mandate removed. They are not asking to have the government overthrown. I have watched a couple of thier press conferences and Pat King is not with them. They sound reasonable.  They have with them ... a lawyer, a retired RCMP officer and a retired military officer who worked security and terrorism units in his career.  The original GoFundMe was for the Freedom Convoy 2022. Have you ever gone to thier site and read up on them? They were overwhelmed by the amount of support they were receiving and originally had to put a hold o thier funding until they hired some accountants to help them.  It has been proven that the Ottawa police...likely with aid from the CBC and who knows who else... were the ones who went to GoFundMe to get it stopped. I read a CBC article where they claimed they had people going through the GoFundMe every hour since Jan. 24th trying to investigate all the names of people funding the movement. I really thought they were a news agency?🤔  It is the Canada Unity group that put out the MOU, and petition. I disagree with them, and do not support them.|10159553259613904|Linda Nichol|2022-02-09 19:21:30|1|0|10159553087993904|facebook
The GoFundMe account that had been frozen was very quickly replaced by a US-based, right-wing, Christian organization fund that, at last count a couple of days ago had already raised 4$4 million for the movement. Don't tell me that this movement isn't being funded by right-wing antigovernmenta l forces because it is. It is sadly amzing to see how many Canadians are just as blinded to this as Americans are and just as easily indoctrinated by such destructive ideology.|10159553216583904|James McDonald|2022-02-09 19:21:30|1|0|10159553087993904|facebook
You don't need Trudeau to vilify the Freedom Convoy protesters. Ottawa citizens themselves are doing that, rightfully so, all on their own and demanding that action be taken.|10159553198513904|James McDonald|2022-02-09 19:21:30|1|0|10159553087993904|facebook
"I see Trump still lives rent free in your mind, lol.  Well I don't follow American politics. What is happening right here, right now .... is people are tired of the mandates etc and just want to get back to a normal life.  With 80% vaccinated... we are still not able to stop the virus. The vax helps but is not the panacea some thought it would be. And until every single person in the world gets vaccinated, or has had covid and gained some immunity, we'll still have to deal with it.  The original Freedom Convoy 2022 started in reaction to the cross border federal mandate that this government somehow seemed was necessary now. It obviously touched a deep vein of frustration and anger across the country for it to take off as well as it did.  Trudeau isn't helping the matter by vilifying the protesters and refusing to meet with them. The leader of a country in crisis should have the diplomacy and care to try and find a solution.  P.s. this ""fake"" profile belongs to a Veteran who served this country proudly in uniform for 23 years. Daughter of a man who served 30 and married to a man who served 42. Have a lovely day!"|10159553162583904|Linda Nichol|2022-02-09 19:21:30|1|0|10159553087993904|facebook
there are photos and firsthand accounts all over the place. Keep reading.|10159553152973904|Sean Ledwich|2022-02-09 19:21:30|1|0|10159553087993904|facebook
It is more of a mini-insurrecti on that has been promoted by the same right-wing, populist groups that have divided the US. The financing has come from there and there were Americans who came to Canada to participate in what has been an antigovernmenta l siege of the city. This is an anarchistic movement that has its foundations in authoritarianis m and has been a growing movement for many years throughout Europe and North America. Russian Intelligence has also promoted such movements in NATO countries to divide them from within.|10159553128198904|James McDonald|2022-02-09 19:21:14|0|0|10159553087993904|facebook
The CPC is united again. Happened fast. And with real principled Conservatives too! But I could never follow a man who doesn't compromise with other adults,, has no regard for cooperative federalism, no regard for the Nations finances, lectures and name calls Canadians he doesn't know by falsely calling them extremists, misogynists and racists, made a costumed mockery of himself while in my father's ancestral homeland of Inda, and wore racist Blackface as an adult more times than he can count. He is a very juvenile, foolish and dull man! He's an imbecile! I'm just an average Joe Canadian. It's quite nauseating watching that man! I could go on. Insult me all you wish. I'm an average working class Canadian.|10159554310168904|Colin Parent|2022-02-09 19:21:29|1|0|10159553087993904|facebook
Medical freedom=anti-va xxer|10159553501168904|Michael Fohr|2022-02-09 19:21:29|1|0|10159553087993904|facebook
"Too bad he didn't abolish ""first-past-the -post"" like he committed to do back in 2015 eh?! Lol"|10159553497473904|Colin Parent|2022-02-09 19:21:29|1|0|10159553087993904|facebook
so then ... Your all staying til then?|10159553461828904|Joanne Johnson-Meyers|2022-02-09 19:21:29|1|0|10159553087993904|facebook
"Which part of the word ""vote"" did you miss?"|10159553460243904|Colin Parent|2022-02-09 19:21:29|1|0|10159553087993904|facebook
These groups are falling right into their own destruction and the dodo PM is nowhere to be heard about a concrete plan. 😕 😂|10159553533148904|Marie Bertini|2022-02-09 19:21:14|0|0|10159553087993904|facebook
What a freaking clown. Trudeau Sr was no better. Edna|10159556973098904|Bill Davis|2022-02-09 19:21:14|0|0|10159553087993904|facebook
so you’re an expert at drooling, are you? (Likely what you do everytime you see our Clown Prince PM, right?)|10159554594123904|Neil Bristol|2022-02-09 19:21:39|1|0|10159553087993904|facebook
