﻿comment|comment_ids|username|datetime|isreply|num_replies|post_id|label
Yes I do remember the UPC investigating the foreign donations to environmental groups, it was well publicized by the media. This is the same media that is now complaining about foreign entities giving to the truckers fund.|10159556903878904|Pierre G. Joly|2022-02-09 19:15:45|1|5|10159556694478904|facebook
I hear that a lot of people and the media complaining about foreign donations to the convoy. I don't remember the same people complaining when foreign entities gave money to various radical environmental groups trying to stop oil production in Western Canada.|10159556750138904|Pierre G. Joly|2022-02-09 19:15:41|0|5|10159556694478904|facebook
These crybabies need to pack it in and fkn go home|10159556713818904|David Wale|2022-02-09 19:15:42|0|4|10159556694478904|facebook
In Canada, the rights of protesters are protected by the Charter. The length of the protest only looks bad on the government who is unwilling to listen to its constituents.|10159556905758904|Jack Massalski|2022-02-09 19:15:47|1|2|10159556694478904|facebook
They want the freedom to take away hospital beds from cancer patients. Nice.|10159556759008904|Jerry Chong|2022-02-09 19:15:49|1|2|10159556694478904|facebook
PEACEFUL is the operative word. This is no longer peaceful or legal.|10159556842148904|Mary Jo Welch|2022-02-09 19:15:47|1|2|10159556694478904|facebook
this was part of a conversation that I personally had with him, not hearsay. And I have watched livestreams of the protest in Ottawa out of curiosity, even saw swastika armbands on a few people.Hmmmm. The protesters have every right to protest, but the need to watch who shows up, and where all this money comes from. Coddling up to extremist groups here and getting money from extremists in the USA, only serves to anger the vast majority of Canadians.|10159556742848904|Barry MacLellan|2022-02-09 19:15:51|1|2|10159556694478904|facebook
no sense getting into a battle of wits with an unarmed person so I will end this one.|10159557631108904|Barry MacLellan|2022-02-09 19:15:51|1|2|10159556694478904|facebook
Even if Canada was 100% vaccinated, Delta and Omicron would have happened. Canadians cant vaccinate ourselves enough to stop variants from places with lower vaccination rates. Focus on helping other countries gain vaccine availability, and let Canadians choose if they want to continue taking them|10159559050408904|Tyler Louis|2022-02-09 19:15:41|0|1|10159556694478904|facebook
Living wages pegged to productivity, dignity at work and the possibility of social mobility, or gtfo poverty exploiters!  Mass mobilization, general strikes and direct action!  No war but class war!  You want a future? Deserve it.|10159556725048904|Josh Lehr|2022-02-09 19:15:41|0|1|10159556694478904|facebook
There is nothing honest in the trucker protests. The call for freedom is just BS.|10159556721498904|Dave Robb|2022-02-09 19:15:41|0|1|10159556694478904|facebook
Considering how irrational you are, that’s a compliment old man.|10159557151008904|Ashley Aaron Taylor|2022-02-09 19:15:51|1|1|10159556694478904|facebook
Politician, bureaucrat, academic, or journalist?|10159556737958904|Ashley Aaron Taylor|2022-02-09 19:15:49|1|1|10159556694478904|facebook
pffffft|10159556806073904|Sue Barclay|2022-02-09 19:15:51|1|1|10159556694478904|facebook
or troll|10159556767143904|Johnny Tschetter|2022-02-09 19:15:49|1|1|10159556694478904|facebook
The trolls normally hide their identities. This guy lives a life of privilege, not hard to tell.|10159556768688904|Ashley Aaron Taylor|2022-02-09 19:15:49|1|1|10159556694478904|facebook
he probably has a job something that would confound you.|10159556803618904|Sue Barclay|2022-02-09 19:15:49|1|1|10159556694478904|facebook
Not at all. Stop watching CP24.|10159556817648904|Josh Graham|2022-02-09 19:15:49|1|1|10159556694478904|facebook
Actually it’s a pandemic of stupidity on the part of these so-called freedom protestors who are taking away other people‘s freedom!|10159559781218904|Doris Dallaire|2022-02-09 19:15:41|0|1|10159556694478904|facebook
well I certainly won't mistake you for rational.|10159557132388904|Barry MacLellan|2022-02-09 19:15:51|1|1|10159556694478904|facebook
Are you a constitutional lawyer? What is the charge?|10159556859823904|Jack Massalski|2022-02-09 19:15:47|1|1|10159556694478904|facebook
You obviously don’t understand that diplomacy can still be used, that is to sit down and listen then respond with I disagree and here’s why.  You people are blindly supporting a government that received the weakest mandate in our history and is pretending they have the strongest.|10159557030253904|Ashley Aaron Taylor|2022-02-09 19:15:51|1|1|10159556694478904|facebook
You obviously didn't read their manifesto. smh|10159557025038904|Debra Yundt|2022-02-09 19:15:51|1|1|10159556694478904|facebook
Heil Pfizer! Good little German!|10159556943073904|Ashley Aaron Taylor|2022-02-09 19:15:51|1|1|10159556694478904|facebook
I dunno, I think we all need to be better at examining our own biases so that we can better understand those we don’t agree with instead of thinking they are stupid or crazy for feeling things and get along. Maybe then we’d all be able to see who the real enemy is.|10159556852648904|Shawn Wayne Dubois|2022-02-09 19:15:41|0|1|10159556694478904|facebook
the “real enemy” is misinformation and lack of concern for our fellow human beings.|10159557790428904|Bob Williams|2022-02-09 19:15:50|1|1|10159556694478904|facebook
totally, that’s Trudeau’s government|10159557909248904|Shawn Wayne Dubois|2022-02-09 19:15:50|1|1|10159556694478904|facebook
and where did you get your education in epidemiology and public health? Do you have access to experts not including Rogan or other misfits?|10159557980358904|Bob Williams|2022-02-09 19:15:50|1|1|10159556694478904|facebook
I don’t listen to Joe Rogan or misfits. I just want to see Canadas experts and professionals being included into the decisions the government is making for us not just the ones being employed by the government.  I don’t trust them|10159558058003904|Shawn Wayne Dubois|2022-02-09 19:15:50|1|1|10159556694478904|facebook
do you travel on airlines, highways, bridges, sidewalks, etc, etc? They are in so many ways the responsibility of the government. Healthcare is as well and they want to keep down the chronic illnesses snd deaths from a deadly disease. Unless you have a scientifically proven better solution, let them.|10159558069878904|Bob Williams|2022-02-09 19:15:50|1|1|10159556694478904|facebook
I watched the press conference where the protest leaders said the same thing. It is no longer about mandates, vaccines or masks. I find it so sad when I see what level this country has dropped to.|10159556832593904|Julie Crouse|2022-02-09 19:15:51|1|1|10159556694478904|facebook
Saw a comment on another post by a Bill Kaufmann, he is a protest supporter and came right out and said the protest is about overthrowing the government. I posted it on my fb page for all to read. Wow.|10159556727558904|Barry MacLellan|2022-02-09 19:15:41|0|1|10159556694478904|facebook
HEARSAY BS. There’s multiple livestreams going right now from the protest, they’ve been going every single day. How many have you watched? I’m guessing the only forage you’ve seen has been as mainstream news media.|10159556734208904|Ashley Aaron Taylor|2022-02-09 19:15:51|1|1|10159556694478904|facebook
Josh, some of us actually have friends and family who work in hospital ICU’s. Some of us even have family who’s cancer surges have been postponed until further notice because of the toll COVID has taken on our system.  Why do you think this info is coming from, whatever CO24 is?|10159557580198904|Amanda Kelley|2022-02-09 19:15:49|1|1|10159556694478904|facebook
Dear friend... the brazilian truck drivers´ protest took too long... lack of food, gas and other supply were hurting all the citizens, including hospitals... so their right should stop when the right of others citizens begin... isn´t it?|10159556897833904|João José da Costa|2022-02-09 19:15:47|1|1|10159556694478904|facebook
This is not Brazil. We have the Charter which protects peaceful protests.|10159556795833904|Jack Massalski|2022-02-09 19:15:47|1|1|10159556694478904|facebook
Exactly get the fricken shot. My 7 year old is tougher.|10159556815523904|Dave Smith|2022-02-09 19:15:53|1|1|10159556694478904|facebook
If it is just a, 'cold', nothing will happen.|10159556762813904|John Currie|2022-02-09 19:15:54|1|1|10159556694478904|facebook
Yeah, it really sucks that vaccinated people are getting sick and dying, eh? Perhaps a better strategy is to just not wish death on anyone? I mean, that’s not fanatical in the slightest!|10159556737033904|Ashley Aaron Taylor|2022-02-09 19:15:54|1|1|10159556694478904|facebook
. Huh. All I heard for years was the ucp crying about environmental groups. We spent millions to find out what was up with that. Turned out to be much ado about nothing. Especially when compared to the foreign money influencing Canadian politics in favor of oil and gas companies. Capp calls itself Canadian, but 90% of these corporations are foreign owned. Anyhow, good to know you're OK with foreign funded protestors now!|10159556756973904|Jerry Chong|2022-02-09 19:15:45|1|1|10159556694478904|facebook
Those foreign donations amounted to one-half of 1%--more Liberal disinformation.|10159556767768904|Phillip Wooster|2022-02-09 19:15:45|1|1|10159556694478904|facebook
if only a virus were willing to be so selective.|10159556726968904|Rick Jemmett|2022-02-09 19:15:54|1|1|10159556694478904|facebook
10 million is a lot of money - anyway you look at it.|10159556814168904|Dave Smith|2022-02-09 19:15:45|1|1|10159556694478904|facebook
The intelligent people have taken care of themselves and their loved ones so let COVID take care of the rest.|10159556720238904|John Currie|2022-02-09 19:15:42|0|1|10159556694478904|facebook
I seem seem to remember the Alberta government passing into law anti-protest legislation that they are conveniently ignoring right now. https:// beta.ctvnews.ca/ local/edmonton/ 2020/6/17/ 1_4988429.html|10159557069558904|Will Bedford|2022-02-09 19:15:45|1|1|10159556694478904|facebook
It is but the data I've read suggests $9.95 million has come from Canadians.|10159557095818904|Phillip Wooster|2022-02-09 19:15:45|1|1|10159556694478904|facebook
How is this the most relevant comment when it has nothing to do with the article?  FAKE NEWS!!!|10159557554898904|Amanda Kelley|2022-02-09 19:15:45|1|1|10159556694478904|facebook
Nice try, Randy. I know a Liberal funded bot when I see one.|10159557569788904|Amanda Kelley|2022-02-09 19:15:45|1|1|10159556694478904|facebook
In Brazil something similar happened... and the protest only ended when the Government considered this protest an act of war and gave truck drivers a deadline... after this deadline, short term, the trucks would be towed by tanks and expropriated. .. in addition to daily fine...|10159556770338904|João José da Costa|2022-02-09 19:15:41|0|1|10159556694478904|facebook
no they don't talk to fools and crybabies, that would be a waste of time these insurrectionist s can't even settle on who speaks for them. Might have something to do with costs they will face in their future.|10159556817183904|Sue Barclay|2022-02-09 19:15:53|1|1|10159556694478904|facebook
1) I truly doubt you had anything close to a conversation with an actual protester, your comments make clear why I have SERIOUS doubts. 2) Well, you’re the FIRST individual that I have seen make the claim that NAZI ARMBANDS were present. Kind of odd considering the man with the Nazi flag was confronted and shamed by protesters…henc e why it only appeared on a single day. 3) So where you concerned about the cash flow from the states during the 2020 BLM protests, which resulted in statues being torn down and other damage to public and private infrastructure? How about the recent $6.3 million purchase made by BLM in Toronto? How much of that money came from the states? 4) Funny, I don’t think the vast majority of Canadians are represented by the Ottawa Whiners that tend to be politicians, bureaucrats, journalists, or academics. I also don’t think the 32.6% of voters that supported the Trudeau Liberals represents a “vast majority of Canadians.”  Keep clinging to unsubstantiated facts, and in your case just make it up as you go along! There’s a reason no rational person would believe you.|10159556750978904|Ashley Aaron Taylor|2022-02-09 19:15:51|1|1|10159556694478904|facebook
yea people walking is so like idiots in trucks running their motors 24/7 and honking horns. Plus the fools put their own families in danger with diesel fumes. Lack of respect for families is obnoxious just them.|10159556811438904|Sue Barclay|2022-02-09 19:15:45|1|1|10159556694478904|facebook
your welcome to your opinions. Pretty sure the protesters disagree 🙄 Name calling and insults of others doesn't help you either. Doesn't make you too bright either.|10159556897278904|Shane O'Hara|2022-02-09 19:15:45|1|1|10159556694478904|facebook
Messier when others protesting during the pandemic and the Federal Government acted the same way.  The select groups can protest with the Federal Government support.|10159556716093904|Shane O'Hara|2022-02-09 19:15:41|0|1|10159556694478904|facebook
well that's fine but anyone who supports this behavior, their opinion mean BS to me.|10159558321348904|Sue Barclay|2022-02-09 19:15:45|1|1|10159556694478904|facebook
Funny, it seems the actual crybabies are the politicians, bureaucrats, journalists, academics, and a bunch of people that lack the conviction to stand by what they say publicly…keep hiding!|10159556736143904|Ashley Aaron Taylor|2022-02-09 19:15:53|1|1|10159556694478904|facebook
No politik in health care!|10159559431033904|Richer Desalliers|2022-02-09 19:15:41|0|0|10159556694478904|facebook
The only dishonesty comes from the p.m. and his news media.|10159557402358904|Rudy Beckman|2022-02-09 19:15:41|0|0|10159556694478904|facebook
I agree|10159558692458904|Lynn Stratton|2022-02-09 19:15:41|0|0|10159556694478904|facebook
Location: Lincoln, Nebraska, United States|10159556821078904|Sue Barclay|2022-02-09 19:15:51|1|0|10159556694478904|facebook
🤡🤡🤡🤡🤡🤡🤡🤡🤡🤡🤡🤡🤡🤡|10159557644763904|Frank Ward|2022-02-09 19:15:42|0|0|10159556694478904|facebook
With a minority government it is common for opposition parties to overthrow the government and even more common for individuals and groups to pressure the opposition party to this. Non confidence votes are a part of having a minority government and the only wow here is the fact that you did not know this|10159558236338904|Zane Grey|2022-02-09 19:15:51|1|0|10159556694478904|facebook
Recent university graduate with a 4.0 GPA, majored in poli sci (honours) with a minor in Canadian Studies.  Thanks for exemplifying the weakness of the left.|10159557637293904|Ashley Aaron Taylor|2022-02-09 19:15:51|1|0|10159556694478904|facebook
Gary Mason is an old school reporter. His ideas are completely out of date in todays Canada. If this sort of irresponsible reporting is supported both on TV and in writing - it’s time we stopped reading and subscribing to the Globe And Mail.|10159561225328904|Dean Fernandez|2022-02-16 19:15:42|0|0|10159556694478904|facebook
Check your privilege, lady. Nobody in this country cares to hear from you.|10159556942613904|Ashley Aaron Taylor|2022-02-09 19:15:51|1|0|10159556694478904|facebook
It’s past time that Canadians sat down and clearly looked at what governments like Trudeau and Doug Ford’s are doing to honest hardworking true blue Canadians. If we don’t wake up - we are done as a beacon of freedom, good government and happiness as a nation.  Make sure Doug Ford goes now. And hope that there is a no confidence vote for the Liberal government real soon.|10159561232538904|Dean Fernandez|2022-02-16 19:15:42|0|0|10159556694478904|facebook
get back to us a little later on about your health status after many more shots.|10159558661453904|Sheena Bee|2022-02-09 19:15:53|1|0|10159556694478904|facebook
These assists don't get it. All ottawa can do us issue mandates fir federally regulated business. So, is wslmart federally regulated? No. Is that restaurant federally regulated? No. As far as truckers go, um a truck driver not a trucker , these duckhead don't get it no vaccine? Denied entry into the u.s. you can protest but when you hold any city/town hostsge you can all just fk off.|10159556720038904|David Wale|2022-02-09 19:15:42|0|0|10159556694478904|facebook
Did you support Black Lives Matter? Just curious what your thoughts are on the additional 2,429 Black homicide victims of 2020, a year that saw 574 BLM riots…that made for a total of 9,913 Black homicide victims in 365 days 🙂  Ya see, ya’ll can’t claim the moral high ground. You’re moral relativists, which means you’re lower than dirt.  Last time I checked, they have over $8 million raised on platform that’s reliable, unlike GoFraudMe.  Insurrectionist s 🤣 Just lookin’ at ya, I know you lead a life of absolute privilege. Let me guess, Politician, Bureaucrat, Journalist, or Academic? Which one are you?|10159556941428904|Ashley Aaron Taylor|2022-02-09 19:15:53|1|0|10159556694478904|facebook
This paper is crying|10159556730678904|Ron Morel|2022-02-09 19:15:53|1|0|10159556694478904|facebook
No|10159556818103904|Josh Graham|2022-02-09 19:15:53|1|0|10159556694478904|facebook
LMAO I actually have a very good job, and unlike the Ottawa Whiners, I consider it an absolute privilege to have secure and consistent work during these times. The LAST thing I’d be complaining about in a metropolitan area would be honking horns and protesters, especially when you’re in the Political Capitol of this Nation.  For Christ sake, I’ve seen more heated protests in the streets of NYC. I’ve also heard far more honking in NYC than any Canadian city. The crying over 100 decibels outside is ridiculous.  You people condoned the most horrid violence during 2020, and now you’re upset because you don’t agree with the protesters…well sorry they’re not burning down cities, tearing down statues, attacking cops, and pushing violent crime rates to historic highs!|10159556947788904|Ashley Aaron Taylor|2022-02-09 19:15:49|1|0|10159556694478904|facebook
our best and brightest experts and professionals are being excluded. When they are saying things like effective treatments are out there and available which could have saved many lives, I think they need to be a part of the conversation.  Let me say it again I don’t trust the governments health experts because they are paid by the governments. I don’t trust the government or legacy media and the longer this stuff has gone on they are showing who the serve the cracks are starting to show.  Now is time for national and international discourse with ALL experts so we can have real scientific debate and not political science.  That would go a long way gaining back public trust in our institutions.  Them blabbing on about statics every day means nothing to me without this.|10159558108028904|Shawn Wayne Dubois|2022-02-09 19:15:50|1|0|10159556694478904|facebook
If that’s the case, Sylvia, everyone should start getting comfortable with the idea that the government doesn’t have a money tree in the back room.  Our provincial taxes are going to have to skyrocket because overhauling a healthcare system costs a helluva lotta money - which means, you’re going to have to stop voting Conservative and stop complaining about high taxes. 🤷‍♀️|10159558434858904|Amanda Kelley|2022-02-09 19:15:49|1|0|10159556694478904|facebook
How much of the $6.3 Million used by BLM to buy a building in Toronto came from the states? We are facing the biggest hypocrites on this planet, and they have absolutely no shame.|10159556754133904|Ashley Aaron Taylor|2022-02-09 19:15:45|1|0|10159556694478904|facebook
CNN has just said the Department of Homeland Security warns if allowed to continue to Los Angeles, it WILL affect the Super Bowl😬🤭😷|10159556756023904|Joseph Kowtook|2022-02-09 19:15:45|1|0|10159556694478904|facebook
I did|10159556813263904|Dave Smith|2022-02-09 19:15:45|1|0|10159556694478904|facebook
Alberta set up a whole public inquiry into it, and it was something the UCP campaigned heavily on...  https:// open.alberta.ca/ publications/ public-inquiry-i nto-anti-albert a-energy-campai gns-report|10159556948858904|Elliot Martin|2022-02-09 19:15:45|1|0|10159556694478904|facebook
data from where?|10159557511903904|Logan Creed|2022-02-09 19:15:45|1|0|10159556694478904|facebook
oooofffff I bet that stings!|10159557513253904|Logan Creed|2022-02-09 19:15:45|1|0|10159556694478904|facebook
exposing double standards.|10159557566088904|Randy Lahey|2022-02-09 19:15:45|1|0|10159556694478904|facebook
I'm a liberal funded bot? I said the original commenter is exposing the double standard held by the media...|10159557579893904|Randy Lahey|2022-02-09 19:15:45|1|0|10159556694478904|facebook
"""which foreign entities""gave money to which ""radical environmental groups"","|10159558895413904|Jack Bergin|2022-02-09 19:15:45|1|0|10159556694478904|facebook
"""radical environmental groups"""|10159558896363904|Jack Bergin|2022-02-09 19:15:45|1|0|10159556694478904|facebook
it's alberta , not western Canada.|10159558897438904|Jack Bergin|2022-02-09 19:15:45|1|0|10159556694478904|facebook
you have all the catch phrases, yet no substance, way to be a sheeplet pierre g. Joly...|10159558899593904|Jack Bergin|2022-02-09 19:15:45|1|0|10159556694478904|facebook
Thats probably due to police chief Peter Sloly a reject from toronto police who quit because he didn't get the Toronto's Chief of police job. According to his resume he should have a lot going for him but being Jamacian I have to question his athenticiy|10159557057758904|Brooks Matthews|2022-02-09 19:15:41|0|0|10159556694478904|facebook
"""Dishonesty and confusion"" ...all thanks to the likes of legacy media like the Globe and Mail."|10159556766618904|Tom Ramanauskas|2022-02-09 19:15:41|0|0|10159556694478904|facebook
Critical mass, so to say🤔|10159556747603904|Joseph Kowtook|2022-02-09 19:15:41|0|0|10159556694478904|facebook
well, vice-versa too. :)|10159558336068904|Shane O'Hara|2022-02-09 19:15:45|1|0|10159556694478904|facebook
they are listening. Your idiot protesters are the minority. You've over stayed your welcome. Go back wherever the fk you came from.|10159557048293904|Adrian Ayotte|2022-02-09 19:15:47|1|0|10159556694478904|facebook
it’s pretty peaceful if you exclude the cops.|10159557099763904|Darren Tozer|2022-02-09 19:15:47|1|0|10159556694478904|facebook
read the charter.|10159558582358904|Carol Haneberry|2022-02-09 19:15:47|1|0|10159556694478904|facebook
Meanwhile Justin Trudeau looks himself in the mirror to pratice his best theatrical move.|10159557697218904|Michel Filion|2022-02-09 19:15:41|0|0|10159556694478904|facebook
someone with a brain in the comments section? Incredible!|10159561785538904|Perry Senior|2022-02-16 19:15:48|1|0|10159556694478904|facebook
This is a completely tone deaf article. Sounds like someone who spent the last 2 years working from their Muskoka cottage with their MacBook.|10159559343378904|Annik Ve|2022-02-09 19:15:41|0|0|10159556694478904|facebook
🤦 🤡 🌎|10159556945128904|Isaac Griffin|2022-02-09 19:15:49|1|0|10159556694478904|facebook
yes. And it shows in you.|10159561227578904|Dean Fernandez|2022-02-16 19:15:43|1|0|10159556694478904|facebook
Oh yes very true.|10159557022398904|Debra Yundt|2022-02-09 19:15:49|1|0|10159556694478904|facebook
Ashley, just out of curiosity, what makes you think people in Ottawa don’t consider it an absolute privilege to have secure and consistent work during these times? So many people in Ottawa haven’t had this privilege with the restrictions that have been in place.  …and what horrid violence did “us people” condone during 2020, exactly?  I’m intrigued by your perspective here.|10159557577868904|Amanda Kelley|2022-02-09 19:15:49|1|0|10159556694478904|facebook
1) I clearly spoke about the Ottawa Whiners, I’ve seen many NORMAL people that live in Ottawa and SUPPORT the protest. Show me one person upset with the protest that doesn’t earn six figures. All I’ve seen is outraged politicians, bureaucrats, journalists, academics, ohh and blank profiles of people that lack the conviction to stand by what they say! 2) 2020 was the year of BLM, there was 574 riots in America, and Canada also had “protests” that featured the toppling of statues and the damaging of public and private infrastructure. I don’t expect you to remember anything, you people are moral relativists. One day you’ll condone, either silently or outright, political violence, and the next day merely having an offensive flag is violence!  You people are lower than dirt, keep hiding Amanda!|10159557593848904|Ashley Aaron Taylor|2022-02-09 19:15:49|1|0|10159556694478904|facebook
maybe our health care system needs a major overhaul. Trucker vaccine mandates won’t solve our lack of hospital bed and shortage of family doctors|10159557712203904|Sylvia Carol|2022-02-09 19:15:49|1|0|10159556694478904|facebook
You don’t think mandates preventing unvaccinated American truckers from coming into Canada could reduce the spread of a highly contagious virus, Sylvia?  What if it was Ebola? Would you then? …because people eff’n freaked out about border crossings when Ebola was a concern and there was a much smaller chance of that ever affecting our hospitals.|10159558230083904|Amanda Kelley|2022-02-09 19:15:49|1|0|10159556694478904|facebook
Basically…hell, if Donald Trump can handle it then so can most people. There’s a reason over 95% of deaths have had FOUR comorbidities, according to the CDC.  In other words, when overweight Democrat Stacey Abrams visits a school…it makes no sense for all the children to be masked while she walks around without.|10159556767823904|Ashley Aaron Taylor|2022-02-09 19:15:54|1|0|10159556694478904|facebook
