﻿comment|comment_ids|username|datetime|isreply|num_replies|post_id|label
Michael Mackin what a completely irrelevant comment. Mortality (in SK) is 0.86% since the beginning and 0.64% since June 2021 (2nd doses for the masses). Looking only at under 60, it drops to 0.11%. All these numbers are based on infections not population. I only show the age thing to highlight risk factors. It's not a comment on the importance of anyone's life.|10159543910278904|Joe Simpson|2022-02-02 21:28:44|1|8|10159543846788904|facebook
Everyone has the right to protest but not take a city hostage or in the case of Alberta, shutting down access to the US/Canadian border. These so called Freedumb fighters, actually anti-vax bullies in big rigs, want all covid mandates and our Prime Minister removed. Sorry this is not going to happen. These covid restrictions, done at the provincial level, are put there simply because our hospital's are overwhelmed with people dying from covid. To now demand all restrictions to be removed, well this is not going to happen. So to all you anti-vax truckers, join the 90% already vaxxed, working, and hauling goods across this great country of ours.|10159543992628904|John Vant Erve|2022-02-02 21:28:21|0|5|10159543846788904|facebook
OMG, you actually believe this? I mean, nano particles required to make the vaccines made in BC and Trudeau getting a cut. And you think I'm stuck in a basement. I think perhaps you need to stop reading QAnon posts.|10159544427093904|John Vant Erve|2022-02-02 21:28:36|1|5|10159543846788904|facebook
you watch to much TV|10159544025678904|Keith Roberts|2022-02-02 21:28:32|1|5|10159543846788904|facebook
Canadians across the country have also cheered their efforts on, not to mention the $10M raised. Please G&M, share both sides, not just one opinion / narrative.|10159543947528904|Karl Raffelsieper|2022-02-02 21:28:23|0|4|10159543846788904|facebook
How long did the First Nations have their roadblocks up and shutting down rail traffic? They had a right to protest in disagreement with the government so what’s the difference here? Just because you may not agree with them does not mean they are doing anything that others have not done to have their voices heard. Don’t be hypocrites|10159544055243904|Troy Middleton|2022-02-02 21:28:23|0|4|10159543846788904|facebook
"yes, and let's not forget how these same people who are calling themselves ""freedom fighters"" acted through that protest! The intimidation was the same as they showed up with their counter protests."|10159544083713904|Janice Gougeon|2022-02-02 21:28:45|1|3|10159543846788904|facebook
Do 80% of Canadians have their booster? Because that’s what’s next and is already being forced in other countries. A lot of fully vaccinated people support this protest and want to see an end to these authoritarian mandates.|10159544410043904|Adam Donnelly|2022-02-02 21:28:52|1|3|10159543846788904|facebook
Truth hurts sometimes|10159545082833904|Richard Husar|2022-02-02 21:28:27|1|3|10159543846788904|facebook
Are they? Because here in ottawa they are blocking our roads, buses and bridges, they forced business to close and workers to not work, they are harassing residents and honking horns at all hours of the day and night and there has been tons of individual incidents like throwing rocks at first responders, harassing church food kitchen staff and stole food, vandalized and parked on war monuments and so many things which shows they don't mind stepping on the backs of other Canadians to get what they want.|10159544019883904|Ashley Faller|2022-02-02 21:28:32|1|3|10159543846788904|facebook
you forgot about the part where they wanna take over the government.|10159544486118904|Shannon Feehan|2022-02-02 21:28:40|1|2|10159543846788904|facebook
A lot more could have been done before the convoy arrived to block of streets and divert trucks. An ounce of prevention …..|10159544042293904|Peter Spearman|2022-02-02 21:28:21|0|2|10159543846788904|facebook
What would you like to see done? Violence on our truckers? Is that what all you leftist media are waiting for? Meanwhile, your adored Featherweight leader in hiding, is afraid to do his job, the job he was elected to do and never once did. Stop covering up for him.....Let him become a man if only for the good of his his family, because his reign in Canada is over whatever you leftist media do or say......Justin Trudeau dug his own hole and doesn't know how to save face now.|10159544332493904|Glenda Maduro Mansur|2022-02-02 21:28:21|0|2|10159543846788904|facebook
I understand your perspective. I believe this gathering is caused by many Canadians are feeling threatened. By their government and it’s supporters. Globally the sentiment seems to be similar although I do agree that in front of an average Canadians nose is a “ look at me” type of message so when one sees a “look at we” type of message it can seem uncomfortable.|10159546087338904|Robert Boyd|2022-02-02 21:28:48|1|2|10159543846788904|facebook
Was not a rule to employment when they were hired. It was mandated!|10159544041473904|Mike Lavoie|2022-02-02 21:28:33|1|2|10159543846788904|facebook
Trudeau is hiding at his cottage warm in front of his fireplace, he's not inconvenienced whatsoever, RCMP is MIA, Watson and Sloly keep repeating the same lame speaking points while city bylaw keeps ticketing cars in residential areas...the funds from those tickets will surely be applied toward the $800,000. per day cost of policing this event|10159544068823904|Lorraine Thomas|2022-02-02 21:28:21|0|2|10159543846788904|facebook
not when residents of the affected neighborhoods are afraid. The protesters are swearing at them and making fun of them for wearing masks.|10159544016903904|Gaille Musgrove|2022-02-02 21:28:33|1|2|10159543846788904|facebook
truck drivers require proof of vaccination coming into Canada from the US and the US requires the same.|10159544358368904|Lisa Kurytnik|2022-02-02 21:28:36|1|2|10159543846788904|facebook
I and most of the people I know don't support them. Most of the truckers don't even support them, since most of them are vaccinated and this is making them look bad by being associated with it.|10159544936918904|Elliot Martin|2022-02-02 21:28:26|1|2|10159543846788904|facebook
Does one negotiate with bullies? There is nothing to negociate. Over 80 % of Canadians are vaccinated.|10159544317998904|Danielle Emond|2022-02-02 21:28:52|1|2|10159543846788904|facebook
"Do you really want to create the precedent for governments to reverse their policies just because a bunch of people occupy streets and honk their horns excessively? What about when someone does the same for a cause that you do not support?  Also, section 1 of the Charter allows governments to place reasonable limits on the application of other Charter rights. Its why prison inmates can be denied their mobility rights. Whether a limit is ""reasonable"" becomes a question for the courts, but in the face of a pandemic I doubt any Charter challenge would succeed."|10159544333028904|Alex Hartwig|2022-02-02 21:28:52|1|2|10159543846788904|facebook
I believe most of the cross border truckers are already vaccinated in order to cross into the US. I think it's the testing requirements and isolation coming back that is the problem.|10159544249213904|Dids Gilbert|2022-02-02 21:28:36|1|2|10159543846788904|facebook
Peaceful to ignorant hillbillies anyways..|10159543913618904|Jayson Simpson|2022-02-02 21:28:33|1|2|10159543846788904|facebook
easy, end All Mandates, make federal and provincial government stop violating the Charter.|10159544301203904|Nolan Irwin|2022-02-02 21:28:52|1|2|10159543846788904|facebook
they haven’t lost their jobs! They are protesting in Vehicles that probably cost 2 or 4 hundred thousand dollars. They can work in Canada or get vaxxed. The Americans have the same vaccination rules.|10159544033348904|Gaille Musgrove|2022-02-02 21:28:33|1|2|10159543846788904|facebook
link please|10159544099983904|Chuck Seward|2022-02-02 21:28:46|1|2|10159543846788904|facebook
we will.....it'll be something to see.....just you wait 😂|10159544805888904|Glenda Maduro Mansur|2022-02-02 21:28:25|1|2|10159543846788904|facebook
Next time you are Ill don’t bother with doctors. Just ask a trucker for advice|10159544053308904|John Godfreyson|2022-02-02 21:28:44|1|2|10159543846788904|facebook
Seems to me that the media are the only ones not on board with the truckers. Hearing about the truckers delivering a trailer full of food to the homeless shelter downtown sure doesn’t sound like they are hurting the shelters. The businesses, wasn’t it the mayor of Ottawa that told them not to open during the rally? If they were to open, wouldn’t they flourish with the amount of visitors there to spend money in their shops. I read something from a business owner in the downtown saying he has had nothing but positive interactions, and his drive around the downtown core added 1-2 extra minutes to his travel! I think it’s time people shut off the MSM and let them fend for themselves. They are of no use to me with the lies and fiction they spread!|10159544531188904|Hallie Hamilton|2022-02-02 21:28:21|0|2|10159543846788904|facebook
job....what job? 🤣🤣Acting Mr dressup ? Hiding from his obligations, going on vacation when he's put everyone else in lockdown? Sending all our PPE's to China and left us scrambling without protection? Letting the Natives down while he goes skiing in Tofino? Elbowing a female M.P in Parliament then call us all racist and misogynist. Forcing our A.G. to lie for him?? Remember SNC Lavalin? Remember WE??? All corruption by your leader. Oh Maria, we can write a book of your leader's total incompetence and disregard for his people and his country. He's become the laughing stock of world leaders, they even shun him, but you wouldn't know, cause you live with your head buried in the sands and only believe what Justin Trudeau wants you to believe no matter how big the lie is or how bad it is for the whole country and our future generations.|10159546275198904|Glenda Maduro Mansur|2022-02-02 21:28:25|1|2|10159543846788904|facebook
Nothing is being done because dictators never listens to the people!|10159544082423904|Matthew Leger|2022-02-02 21:28:21|0|2|10159543846788904|facebook
ha ha exactly that’s the part of this that is so laughable that truckers think they know better …I haven’t seen many that were interviewed who could put together a coherent remark|10159544127108904|Sandra Hunt|2022-02-02 21:28:44|1|1|10159543846788904|facebook
not your call. I will let our science table and the broader medical community decide when it is time.|10159544047998904|Steven Reid|2022-02-02 21:28:44|1|1|10159543846788904|facebook
I think it’s great this is happening because now whenever Black Lives Matter, the leftists, Immigrants, or anyone else wants to protest they will use the same recipe and neither the government nor the people or police will be able to do anything since they’ve all allowed those folks here to shut everything down.|10159544250278904|Robson Ferreira|2022-02-02 21:28:45|1|1|10159543846788904|facebook
no I don’t. I’m a dual citizen. Any green card or citizen does not require that in either direction.|10159544341918904|Sharon Ann|2022-02-02 21:28:36|1|1|10159543846788904|facebook
When leaders don't lead an impasse is created. We need to find a bridge and as soon as possible. These truckers have a genuine concern and have the support of many . The City has a genuine concern. Someone needs to step up and be the concilliator between these truckers and all the decision making parties, federal provincial and city..|10159544082633904|Sue Child|2022-02-02 21:28:23|0|1|10159543846788904|facebook
catch up! You still need to be vaccinated to cross the border.|10159544324383904|Lisa Kurytnik|2022-02-02 21:28:36|1|1|10159543846788904|facebook
that is on the government for not listening to what they have to say. This government claims they are for all the people but they show a poor track record on listening and addressing the issues for certain groups. Protests will keep happening until real dialogue happens.|10159544239503904|Troy Middleton|2022-02-02 21:28:45|1|1|10159543846788904|facebook
the courts there took care of Biden. Yes people brought pressure on him and his mandates failed.|10159544318248904|Sharon Ann|2022-02-02 21:28:36|1|1|10159543846788904|facebook
still someone has to take the first step and soon|10159544304328904|Sue Child|2022-02-02 21:28:52|1|1|10159543846788904|facebook
a hospital where I live is maxed out in the icu's. Staff are sick. It's a huge strain and more stress for all employees and patients. Have you been jn a icu? Do you realize how many people it takes for one patient? Probably not|10159544293313904|Lisa Kurytnik|2022-02-02 21:28:36|1|1|10159543846788904|facebook
BS. It's been over reported. Ontario finally came out and admitted such as has several of the American states and the CDC.|10159544372383904|Laurie Ann|2022-02-02 21:28:44|1|1|10159543846788904|facebook
"Prison inmates have committed crimes against fellow citizens, you are equating restrictions placed on committed offenders to restricting ordinary Canadians being held prisoner to and by these mandates? Hmmm  There are also provisions of the UNESCO agreement and the UN Declaration of Human Rights that are being violated. The definition of ""reasonable"" is nebulous."|10159544365038904|Laurie Ann|2022-02-02 21:28:52|1|1|10159543846788904|facebook
I gather you are still stuck in your basement and don't know what this is all about. It's about Charter of Rights violations with these mandates including a prime minister feeding everyone a bunch of lies in order to line his own pockets. The nano particles required to make the vaccines are made in BC and Trudeau gets a cut from that. He has made millions of dollars by forcing Canadians to take this. The government has paid the news millions of dollars to scare everyone when there is a 99.7% chance of survival. This is not a pandemic. The death stats have not changed over the last 5 years. This is only used to scare you into compliance. When enough sheep comply then they can do anything to you. Chrystia Freeland is on the World Economic Forum's board which is a major conflict because her real boss is Klaus Schwabb and not the Canadian people.|10159544368578904|Francine Carriere|2022-02-02 21:28:36|1|1|10159543846788904|facebook
The hospitals are overwhelmed due to lack of funding|10159544184128904|Renee Van Dieen|2022-02-02 21:28:36|1|1|10159543846788904|facebook
every time First Nations people protest the RCMP and / or the military show up and remove them and nothing gets down in their favor.|10159544219713904|Robson Ferreira|2022-02-02 21:28:45|1|1|10159543846788904|facebook
increase in fuel is that part Of the convoy also …what isn’t in there for grievances ? Tell them to add in women want men getting vasectomies so women don’t have to take birth control anymore when they decide no more babies. Anyone else want to add to this wonder list of demands lol|10159544609028904|Sandra Hunt|2022-02-02 21:28:44|1|1|10159543846788904|facebook
Mandates are unconstitutiona l. Stop the abuse! You must make money from the suffering of others? How much are you getting paid to spread misinformation?|10159544376118904|Mike Lavoie|2022-02-02 21:28:33|1|1|10159543846788904|facebook
People who write lols everywhere do not have an extensive vocabulary and they have cracks in their reasoning. The US requires truckers who cross the border to be vaccinated. It is their right. My employer requires me to be vaccinated. If I do not want to I can look for another job. It is their right to do it. I had to have a number of vaccines to go to school. Did schools threaten my education? No. They protected all children. And you should get the numbers you are talking about. I suspect they are low. Unless young people want to gang up with their friends.|10159544550223904|Danielle Emond|2022-02-02 21:28:52|1|1|10159543846788904|facebook
they aren’t low. Dropping mandates is being widely supported all over the world look at the news. And you’re the one with flaws in your reasoning, fully vaccinated people all over the world don’t support mandates. Enjoy the past, wear a mask and get as many boosters as you want. But stop forcing others too, the rest of the world is moving on.|10159548188078904|Adam Donnelly|2022-02-02 21:28:52|1|1|10159543846788904|facebook
their blockades lasted literally hours before the pepper spray, batons, tasers and arrests started 🤷🏼‍♂️|10159544176753904|Greg Smith|2022-02-02 21:28:45|1|1|10159543846788904|facebook
The “world” is not moving on. Those who are move in the wrong direction. If you cannot wear a mask,you are utterly weak.|10159548409083904|Danielle Emond|2022-02-02 21:28:52|1|1|10159543846788904|facebook
Better still, they should ask Pat King, the Lunatic organizer.|10159546091343904|Maria CT|2022-02-02 21:28:44|1|1|10159543846788904|facebook
they are citizens of one of the countries so going one way they don’t and many are dual/gc holders as well so it doesn’t.|10159544362448904|Sharon Ann|2022-02-02 21:28:36|1|1|10159543846788904|facebook
Funds are held, because it violates the law. That's not raised. That's dirty money, being washed from the States into our political system, and caught red handed.|10159544040983904|Kathryn Paton|2022-02-02 21:28:46|1|1|10159543846788904|facebook
American environmental groups pour cash into Canadian environmental causes all the time.|10159544230523904|Adrian AB|2022-02-02 21:28:46|1|1|10159543846788904|facebook
Another Great work of fiction by the Globe and Mail! Bravo. Maybe the Ottawa Police should ask JT to stop gaslighting the situation.|10159544290578904|Ken Jensen|2022-02-02 21:28:21|0|1|10159543846788904|facebook
"It appears to be an example of systemic racism and priviledge. When the one's considered ""the other"" demonstrate, there appears to be much less patience."|10159544124963904|Steven Ma Goo|2022-02-02 21:28:23|0|1|10159543846788904|facebook
nobody said anything about taking over the government. Trudeau resigning would be a good start though.|10159544513823904|Rob Scholefield|2022-02-02 21:28:40|1|1|10159543846788904|facebook
Real truckers don't stand with these clowns..|10159543912278904|Jayson Simpson|2022-02-02 21:28:44|1|1|10159543846788904|facebook
sure and lot could have been done to not have them there in the first place. But here they are. It’s pretty simple for Trudope and PHO officials. Drop the mandates - they go home. Easy Peasy Lemon Squeezy!!|10159544156598904|Rob Scholefield|2022-02-02 21:28:40|1|1|10159543846788904|facebook
how do you stand for the increase in fuel cost brought on by the theft carbon tax ?|10159543922388904|Peter Mesi|2022-02-02 21:28:44|1|1|10159543846788904|facebook
And what the big fleet owners are considering....  https:// www.fleetowner.c om/technology/ article/ 21213982/ as-excitement-of -selfdriving-tr ucks-grows-flee ts-will-soon-ha ve-products-to- choose-from|10159543893378904|Rick Clace|2022-02-02 21:28:23|0|1|10159543846788904|facebook
- Why do you get to assume the risk for the immunocompromis ed? Ending restrictions now is premature despite what some fools in Europe have done to appease voters. Can they be relaxed? Okay, let's ask the experts to come up with a reasonable schedule and timeline and how the conditions work. We don't and cannot be putting so many at risk just because some don't like wearing a mask at McDonalds.|10159543925113904|Devon Kruggel|2022-02-02 21:28:44|1|1|10159543846788904|facebook
You can’t discriminate against the truckers. If it’s ok to block pipelines and railways to protest why isn’t this ok to occupy with little obstruction?|10159543916063904|Robert Boyd|2022-02-02 21:28:23|0|1|10159543846788904|facebook
little obstruction? What does one of those trucks weigh? They are using them as weapons to threaten.|10159546077468904|Jean Samuel|2022-02-02 21:28:48|1|1|10159543846788904|facebook
I’ve seen/read both sides|10159544080818904|Terry Howatt|2022-02-02 21:28:46|1|1|10159543846788904|facebook
No Trudeau does not have to meet with Trump supporters or lunatics like Pat King. They are using mandates to smear the current government. Most people can see right through you.|10159546086593904|Maria CT|2022-02-02 21:28:38|1|1|10159543846788904|facebook
"Quoting a friend: ""Protest? Protesters? Or Delinquents/ Hooligans? News agencies should assign their mobile crews to seek out genuine bona fide protesters who can tell them what it is they are protesting. Otherwise, what we see and hear in the news clips looks like gangs of juvenile delinquents and hooligans, not there to protest anything - but to make life miserable for people in Ottawa. With local police saying there is no police solution to the mayhem/misery/ uncivilized disorder, Canada should simply call the best of the best of their head-bonking, bullet-proof vest-wearing, sniper-unit equipped RCMP squads they've unleashed upon Indigenous protesters. Indigenous protesters behaving this way would have been cleared out toward the afternoon of Day 1. I'm not ranting. I'm just making a clinical observation of what's going on there."""|10159546828113904|Gordon Launchbury|2022-02-02 21:28:48|1|1|10159543846788904|facebook
Yes. And the hospitals and medical system were overburdened before Covid. Blaming all the problems on unvaccinated is completely wrong.|10159544482633904|Renee Van Dieen|2022-02-02 21:28:36|1|1|10159543846788904|facebook
So even you agree then!|10159544030568904|Mike Lavoie|2022-02-02 21:28:33|1|1|10159543846788904|facebook
not this one. Don't speak for me. They are thugs.|10159551742138904|Jean Samuel|2022-02-09 21:28:37|1|1|10159543846788904|facebook
Canadians across the country are supporting the truckers|10159546107308904|Roxanne Mackenzie|2022-02-02 21:28:21|0|1|10159543846788904|facebook
this occupation by an alt right circle jerk was never about mandates. Shame on you|10159544092818904|Chris Pelican|2022-02-02 21:28:50|1|1|10159543846788904|facebook
what does that have to do with no tow trucks lmao|10159544094063904|Chuck Seward|2022-02-02 21:28:50|1|1|10159543846788904|facebook
They are using the trucks as weapons. Protesting is fine. But they need to do so without the massive threatening weight of metal.|10159546073248904|Jean Samuel|2022-02-02 21:28:36|1|1|10159543846788904|facebook
Ottawa is the home of Canada's democracy. In a democracy you can protest.|10159544141458904|Jerald Pitt|2022-02-02 21:28:23|0|1|10159543846788904|facebook
Peacefully and without disrupting others.|10159544480953904|Mary Jo Welch|2022-02-02 21:28:51|1|1|10159543846788904|facebook
peaceful I agree. Nothing in law about disturbing. Justin needs to deal with this. This group are no more or less a problem than BLM or 1st nations. Just they went to the heart of our democracy.|10159544487408904|Jerald Pitt|2022-02-02 21:28:51|1|1|10159543846788904|facebook
correct....prot est peacefully....n ot occupy with hate|10159547076253904|Patrick Moffat|2022-02-02 21:28:51|1|1|10159543846788904|facebook
. No testing requirements. Vax passport.|10159544494458904|Ken Theriault|2022-02-02 21:28:36|1|1|10159543846788904|facebook
Well when you call the towing companies and they are short staffed because of covid regulations all you can is wait|10159544079638904|Chuck Seward|2022-02-02 21:28:23|0|1|10159543846788904|facebook
What is the number of fully vaccinated who are are at the protest? If you do not know, do not bring the argument. I have seen a couple. Canadians are still in the process of getting their booster. There is no authoritarian mandate. The majority of Canadians support it and people are not forced do get vaccinated. They only have to live with some limitations. Many at the protest do not want to be inconvenienced by wearing a mask. People should get a grip and stop bullying citizens with their huge metal engines. I knew people could protest. I did not know that trucks had the right to protest. Truckers could have left their engines out of town.|10159544444208904|Danielle Emond|2022-02-02 21:28:52|1|1|10159543846788904|facebook
you sure about that? Alberta and Saskatchewan dropping all mandates by the end of the month, UK dropping mandates, Switzerland considering dropping all mandates. I could go on. Anyone can wear a mask, the fact is they haven’t succeeded in stopping the spread which is why they’re being dropped all around the world. Again do whatever you want, but the rest of the world is moving. Strange how attached people are to a virus with a death rate well below 1% before there were even vaccines.|10159548415713904|Adam Donnelly|2022-02-02 21:28:52|1|1|10159543846788904|facebook
In this situation, the police cannot summarily act alone. This is a lack of political will to ask for the help needed. The police are asked for the tactical situation assessment by the municipality. Based on that assessment the politicians ask for the help of higher governments to bring this to an end. Don't blame the cops. They are the agents of the municipality, NOT the other way around!|10159544213688904|Wayne Anderson|2022-02-02 21:28:21|0|1|10159543846788904|facebook
Well this would be a bad time for the Ford conservatives to step up and have the protestors removed as there is an election coming. But will he do anything when they start protesting in Toronto.|10159544033353904|Douglas Gray|2022-02-02 21:28:21|0|1|10159543846788904|facebook
Police maybe in favour of what the protest is after. Which means will only go after the worst violations and as long as it’s peaceful no need to intervene|10159544062798904|Les Kauffeldt|2022-02-02 21:28:23|0|1|10159543846788904|facebook
FFS. 1. The shots don’t work. 2. Mortality hasn’t changed in 5 years. 3. Hospital capacities haven’t changed in 5 years.  Covid is no more dangerous than the flu. Look it up.  The shots don’t work. Look it up.  Masks don’t work. Look it up.  Enough.  If you wan to hide out at home under a blanket wearing a mask with you 14 booster shots then that is your choice. The rest of us aren’t afraid of the sniffles and have had enough. Time to get back to living.|10159544154263904|Rob Scholefield|2022-02-02 21:28:28|1|1|10159543846788904|facebook
The protest ers are trying to assume sway over the policies of national and provincial governments of Canada. They, LIKE ALL OF US, are tired of the restrictions put in place to protect us and to limit the spread of the Covid virus. These include vaccines, masking, separation in public, gathering sizes, immunization passports, border restrictions, travel requirements and a few other things. All of these are in place specifically to protect Canadians from the Covid virus that is STILL OUT THERE and is STILL SERIOUSLY INFECTIOUS and is SATURATING HOSPITAL CAPACITY. It is killing Canadians. We have to keep in mind that the virus is really the root cause of all of the fatigue and protest, and the necessary precautions are only a scape goat. Those restrictions cannot be lifted until the virus causing them to be imposed is eliminated. Protesters demanding they be eliminated before the virus threat is substantially reduced are asking to submit all of us to the virus and to let it devastate the population and the capacity to treat the sick. That is not an exaggeration. Doing nothing to cope with the virus is not an option worthy of consideration. The fact protesters cannot or will not cope with restrictions does not mean the virus has disappeared. The restrictions, therefore, cannot be lifted, and this makes the protest moot. The protest does not matter. The protest is misguided. The protesters need to be educated on the virus if they cannot understand the value of the imposed restrictions, because the protest is just wrong... on so many levels.|10159544020788904|Bob Vincent|2022-02-02 21:28:21|0|1|10159543846788904|facebook
I can see you are reading challenged. That does explain a lot.|10159551945468904|Jim Bedell|2022-02-09 21:28:27|1|1|10159543846788904|facebook
No YOU dont want things go back to normal|10159551943358904|Richard Husar|2022-02-09 21:28:27|1|1|10159543846788904|facebook
then they should have adhered to their rules of employment|10159544026263904|Carol Coles|2022-02-02 21:28:33|1|1|10159543846788904|facebook
"no kidding? Of course we all want things to go back to normal. But that fact and the statement ""most Canadians agree with the truckers"" are two completely different things. And you have no way of qualifying the second."|10159545990183904|Jim Bedell|2022-02-02 21:28:27|1|1|10159543846788904|facebook
Most Canadians want mandates to end. What are your numbers? https:// toronto.citynews .ca/2022/01/31/ majority-of-cana dians-want-covi d19-restriction s-to-end/|10159545838378904|Richard Husar|2022-02-02 21:28:27|1|1|10159543846788904|facebook
also burning down churches. Not a word out of our prime Minister or RCM P investigating.|10159544125918904|Audrey Jukes|2022-02-02 21:28:55|1|1|10159543846788904|facebook
it doesn't matter what the police think. They are not paid for their opinion.|10159545609833904|Jean Samuel|2022-02-02 21:28:27|1|1|10159543846788904|facebook
the truth? You're speaking on behalf of MOST police? Just like the convoy represents most Canadians. Right? What numbers do you have?|10159545398193904|Jim Bedell|2022-02-02 21:28:27|1|1|10159543846788904|facebook
So so sad that you actually believe that. Delirious|10159544497143904|Steve Cobblehoff|2022-02-02 21:28:27|1|1|10159543846788904|facebook
Most police agree with protesters. Sorry to bring it to you. Go truckers 🇨🇦🇨🇦🇨🇦|10159544316828904|Richard Husar|2022-02-02 21:28:21|0|1|10159543846788904|facebook
I think you need to do a little research! Quit spreading fake statments|10159544282973904|Steve Cobblehoff|2022-02-02 21:28:55|1|1|10159543846788904|facebook
I don't support them. Real Truckers are the on that are actually are working and performing their job. our city shelter do not need your food or anything from truckers.|10159549811948904|Shirin E.G|2022-02-09 21:28:26|1|1|10159543846788904|facebook
have I missed someone has been arrested for burning the churches?|10159544678823904|Audrey Jukes|2022-02-02 21:28:55|1|1|10159543846788904|facebook
is that why they have had one of the largest gatherings in Canadian history, that has spread around the world? Did you notice that nearly every major city in our great country had thousands of trucks and an even bigger number of supporters gather Jan 29? You’re right though, most are vaxxed, so why do you think those vaxxed drivers are there along side the unvaxxed? Because they support the idea that everyone, including you, has a right to choose! Do you think the millions of people who slowly gave up their rights, were told that if they do this then things would go back to normal, then told that wasn’t enough, they had to do more, then arrested and sent to camps, separated from family members, most who they would never see again? Do you think they wished they had stood up and said enough is enough before it got to the point of no return? Are we living in the 1930’s, no, but I sure as hell don’t want to find out if that’s what the end game is. History repeats itself, always has, and always will……but I sure as hell hope that people wake the hell up and see what’s happening. These hard working Canadians are hoping to keep the right to have our own opinions, just like you and I have different opinions on this! We likely have different opinions on hockey teams, does that mean either of us are terrible people? Can I ask how you think they are making themselves look bad? There is every background, religion, nationality there joining together and smiling, singing, feeding the homeless, and the best part, playing hockey! Hell, people from Alberta and Quebec are laughing and mingling and agreeing on something……that never happens!|10159545008628904|Hallie Hamilton|2022-02-02 21:28:26|1|1|10159543846788904|facebook
There's a lot of companies looking for drivers if they want to get off their horns.|10159544873523904|Peter Cliff|2022-02-02 21:28:26|1|1|10159543846788904|facebook
ok, this is getting embarrassing! They want to work! The insane mandates have left them unemployed!!|10159544840118904|Katherine Skorupan|2022-02-02 21:28:26|1|1|10159543846788904|facebook
The pandemic affected everyone. They've made their stink. Time to get back to work before they need to increase the carbon tax to offset all this pollution.|10159544828808904|Peter Cliff|2022-02-02 21:28:26|1|1|10159543846788904|facebook
and you were not negatively impacted by the mandates? You still have your job?|10159544769748904|Katherine Skorupan|2022-02-02 21:28:26|1|1|10159543846788904|facebook
I don't support them.|10159544639193904|Peter Cliff|2022-02-02 21:28:26|1|1|10159543846788904|facebook
dude come out your rock and look at all the foreign media laughing at Canadians supporting this China wanna be Bla**k face Sparklesocks dictator.|10159545947963904|Bryan Downing|2022-02-02 21:28:26|1|1|10159543846788904|facebook
There's no sense trying to reason with a bunch of trump minions.|10159544642418904|Peter Cliff|2022-02-02 21:28:26|1|1|10159543846788904|facebook
…do you seriously think that any responsible government would negotiate because a vocal minority is laying siege to the seat of power! Would you recommend negotiating with a hostage taker?? The convoy has made its point, time to move on and look to unseat this government at the next election!|10159544506758904|Jesus Dominguez|2022-02-02 21:28:26|1|1|10159543846788904|facebook
What kind of nonsense are you talking about? Are you doing his job? Why should he meet with Lunatics like Pat King, one of your organizers?|10159546123048904|Maria CT|2022-02-02 21:28:25|1|1|10159543846788904|facebook
Go home trumpster.|10159544640098904|Peter Cliff|2022-02-02 21:28:25|1|1|10159543846788904|facebook
... AGAIN ... If you want him out ! VOTE ! HIM ! OUT ! ... Thats how it is done ... Here in CANADA|10159544590663904|Joanne Johnson-Meyers|2022-02-02 21:28:25|1|1|10159543846788904|facebook
that is going to happen this weekend. MASSIVE protest planned this weekend. Should make last weekend actually look a fringe minority.|10159544159228904|Rob Scholefield|2022-02-02 21:28:29|1|1|10159543846788904|facebook
The Globe didn't seem to mind when left-wing rioters were tearing down statues and vandalizing businesses not so long ago. In fact, the media seemed to love it. I wonder what changed.|10159544077873904|Geordie Günther|2022-02-02 21:28:23|0|1|10159543846788904|facebook
was that before and after they screamed that Trudeau should die or were holding signs with Trudeau head with swastika?|10159544090698904|Ashley Faller|2022-02-02 21:28:32|1|1|10159543846788904|facebook
yep Trudeau should have spoke to them the first day they were there|10159544032378904|Kevin Pera|2022-02-02 21:28:32|1|1|10159543846788904|facebook
regardless it's not support for the Nazi regime and Trudeau is forcing people to choose between their bodies autonomy and a living wage. Pretty tyrannical if you ask me and my grandma was in a concentration camp because of the nazis. Vaccine mandates should never interfere with someone's livelihood.|10159544115773904|Kevin Pera|2022-02-02 21:28:32|1|1|10159543846788904|facebook
Comparing Trudeau actions to the Nazi regime is not only despicable to the memory of the people involved but grossly misleading and inaccurate. The Nazi flag should NEVER be used this way.|10159544112078904|Ashley Faller|2022-02-02 21:28:32|1|1|10159543846788904|facebook
right away nincompoop If you paid attention to these so called bad guys you'd know the Nazi flag is there in comparison to how Trudeau is acting and not in support of the Nazi regime qsshole.|10159544100393904|Kevin Pera|2022-02-02 21:28:32|1|1|10159543846788904|facebook
people die from all sorts of causes every day. It’s unfortunate when people die from covid but they are a tiny percentage of covid cases, vaccinated or not. The Spanish flu had a much higher death rate than covid it has nothing to do with masks. Texas and Florida have dropped all mandates in April and yet have the same or lower death rates than California and New York that do have mandates, that shouldn’t be possible if mandates are working. It’s not selfish to not worry about a disease that doesn’t affect you, it’s selfish to demand everyone shut down their lives and lose their jobs to protect the small percentage of people with weak immune systems. 80% of deaths were in people over 70, a more focused approach on protecting them would have likely had a much larger impact in mortality than the measures we took. You’re not selfless for supporting the government locking people in their homes and threatening their jobs, you’re the opposite.|10159548493563904|Adam Donnelly|2022-02-02 21:28:52|1|1|10159543846788904|facebook
many people are against vaccine mandates. If Trudeau didn't act like Hitler it wouldn't be used. Your anger should be directed at why it's being used and not the misdirected logic of the people using it. Remember it was Trudeau's idea to bring this mandate into effect. He's messing with people's lives and that should be taken seriously.|10159544121363904|Kevin Pera|2022-02-02 21:28:33|1|1|10159543846788904|facebook
Time for Ottawa residents to have an egg and tomato party. Truckers might look a little different then.|10159544058183904|John Godfreyson|2022-02-02 21:28:23|0|1|10159543846788904|facebook
its using hateful and despicable symbols for a cause that attracts the people who support these symbols.|10159544119068904|Ashley Faller|2022-02-02 21:28:33|1|1|10159543846788904|facebook
A peaceful protest!|10159543883063904|Mike Lavoie|2022-02-02 21:28:21|0|1|10159543846788904|facebook
Why have the mandates and vaccine passport not been removed|10159544602858904|Joanne e Healy|2022-02-02 21:28:23|0|1|10159543846788904|facebook
they are fighting for your freedom, lol but you probably love to reap the benefits of it after they do all of the ground work? Shame On You|10159544005378904|Keith Roberts|2022-02-02 21:28:32|1|1|10159543846788904|facebook
Yup. These truckers should have been gone yesterday.|10159543969473904|Ashley Faller|2022-02-02 21:28:21|0|1|10159543846788904|facebook
If someone close to you, unvaccinated, had died from COVID, you may have more empathy. Masks do protect. Let’s go back to the days of the Spanish flu when there were no protective measures and no vaccine and tens of millions of people died. Some people do not learn and many are utterly selfish. Alberta and Saskatchewan can do what they want. Let’s see. Last time I checked, they are not the world. Quebec, France and others are more determined. You cannot generalize. Ever. Yesterday I heard that PHAC ie recommending to rely on the vaccine. We cannot convince the pig headed.|10159548489678904|Danielle Emond|2022-02-02 21:28:52|1|1|10159543846788904|facebook
The protesters are also afraid, they lost their jobs!|10159544019203904|Mike Lavoie|2022-02-02 21:28:33|1|1|10159543846788904|facebook
Who? What? When? Are we comparing 1960s civil rights struggles in the U.S. to what is happening now, and if we are, are we assuming that burning down buildings specifically is what got African Americans the vote?|10159544435273904|Alex Hartwig|2022-02-02 21:28:52|1|0|10159543846788904|facebook
Enough already! Nothing will change, go back to wherever you came from!|10159545558513904|Wendy Mckeraghan-Comeau|2022-02-02 21:28:23|0|0|10159543846788904|facebook
Jacquelyn Poirier the vaccination thing is done..stubbornn ess gets us nowhere. Enough with the fear and let's get on with life...everyone|10159550319148904|Sue Child|2022-02-09 21:28:52|1|0|10159543846788904|facebook
No I have missed yours.|10159544819258904|Audrey Jukes|2022-02-02 21:28:55|1|0|10159543846788904|facebook
"No, I used prison inmates as an example to explain how the Charter works. This was not an equivocation between two groups. And yes what is ""reasonable"" is nebulous but a public health crisis that is killing thousands of people is going to give government a lot of leeway."|10159544433513904|Alex Hartwig|2022-02-02 21:28:52|1|0|10159543846788904|facebook
It’s crazy how not a single paper is reporting it through an honest lens! And yet look at the support of the people, even in these comments! MSM will go belly-up fast unless they change their narrative. 🚛🇨🇦👏🏼|10159544045303904|Emma Burns|2022-02-02 21:28:46|1|0|10159543846788904|facebook
Ignore this idiot Audrey. Your point was that few cared when churches were being burned, which is true.  But drape a flag on a statue and these guys lose their alleged minds.|10159544822813904|Geordie Günther|2022-02-02 21:28:55|1|0|10159543846788904|facebook
Canadians are looking on in support as these brave patriots stand up for the rights some people forgot they even lost.|10159544356998904|Lance Brizard|2022-02-02 21:28:23|0|0|10159543846788904|facebook
I think they are doing the right thing !|10159544118813904|Robert Laing|2022-02-02 21:28:23|0|0|10159543846788904|facebook
what lol? Do you know the answer to that? I am a fully vaccinated person who supports them and I know numerous others I don’t need to know exact numbers to argue that lol. Yes people are forced to get their vaccines. If you need to blackmail and coerce people by threatening their jobs and livelihoods to do something, you’re forcing them to do something. You’re just playing semantics with words.|10159544449663904|Adam Donnelly|2022-02-02 21:28:52|1|0|10159543846788904|facebook
Ask a medical professional not a bunch of noisy truckers.|10159544649858904|Peter Cliff|2022-02-02 21:28:53|1|0|10159543846788904|facebook
Really? Which of them specifically, since you claim to know so much.|10159544374778904|Laurie Ann|2022-02-02 21:28:45|1|0|10159543846788904|facebook
Nothing is getting done from this #karenkonvoy either, so at least they have that in common.|10159544313198904|Tia Mason|2022-02-02 21:28:45|1|0|10159543846788904|facebook
Nobody is locked in their home and nobody should be fired for not having the vaccine where the employer requires it. You do not live in a concentration camp. Many many deaths have been avoided through the measures taken. You have just shown your total ignorance of what the Spanish flu was and how it spread. Get educated.|10159548510073904|Danielle Emond|2022-02-02 21:28:52|1|0|10159543846788904|facebook
$10M grifted|10159544106793904|Lee Bowman|2022-02-02 21:28:46|1|0|10159543846788904|facebook
they lasted a little longer then that. It wasn’t till after a court injunction was issued before the jackboots went in.|10159544232098904|Troy Middleton|2022-02-02 21:28:45|1|0|10159543846788904|facebook
I’m shocked ! the media is in such denial, on the defence , you blew it for Canadians..|10159543942508904|Hendrickson Keith|2022-02-02 21:28:23|0|0|10159543846788904|facebook
a few incidents does not paint them all with the same brush. The ones rioting and looting during the BLM protests did not represent the core of the movement.|10159544229623904|Troy Middleton|2022-02-02 21:28:45|1|0|10159543846788904|facebook
Awe Globe and Mail You're so cute when you're trying so hard to divide and spread false news|10159544066813904|Stephanie Hims|2022-02-02 21:28:23|0|0|10159543846788904|facebook
It's a disgrace and gives policing a really bad look. These cops have the courage to push harmless, poor homeless people out of the only shelter they have while these lawbreakers get away with flaunting municipal laws.|10159544257233904|Paul Phillips|2022-02-02 21:28:23|0|0|10159543846788904|facebook
"why a double standard,still no swat,snipers ,pepper pray, or army . I guess First Nations get ""special treatment "" eh ?"|10159544185353904|Rene Genaille|2022-02-02 21:28:45|1|0|10159543846788904|facebook
What are you saying the truckers were upset that they blocked railways forcing people to use trucks to deliver the products|10159544178378904|Paul Sammut|2022-02-02 21:28:45|1|0|10159543846788904|facebook
So what does the funds raised from this convoy go towards ? Who makes the decision for the funds ? How is money gonna help ease the mandates ?|10159544219853904|Shahab Habibi|2022-02-02 21:28:23|0|0|10159543846788904|facebook
That's in the USA so it has nothing to do with CANADA. Get it?|10159544431983904|Mary Jo Welch|2022-02-02 21:28:52|1|0|10159543846788904|facebook
and they are transparent about it. And they're not trying to create social political chaos.|10159544706288904|Camille Chabas|2022-02-02 21:28:46|1|0|10159543846788904|facebook
Nope, nope, nope.|10159544118018904|Ann A. Dekker|2022-02-02 21:28:46|1|0|10159543846788904|facebook
Try reading the news about blocking pipelines.....! Right, different story altogether!!!!|10159546823133904|Gordon Launchbury|2022-02-02 21:28:48|1|0|10159543846788904|facebook
A pandemic does not last 2 years I'm sorry but wars last 2 years a s thins is a war on our freedom and rights as Canadian s if you don't see that the your one of the politicians|10159545483428904|Jason Campbell|2022-02-02 21:28:23|0|0|10159543846788904|facebook
"""Ottawa Police deliver a master class in how to deal with people and avoid the protest turning violent, despite the Liberal Party and MSM's best efforts"". Fixed it for you."|10159544533233904|Jay Carruthers|2022-02-02 21:28:23|0|0|10159543846788904|facebook
You must be deaf and blind??? Try standing next to a Truck horn....Maybe you have and are now deaf!!!!! Lol|10159546816638904|Gordon Launchbury|2022-02-02 21:28:54|1|0|10159543846788904|facebook
❤️|10159544098203904|Chris Pelican|2022-02-02 21:28:50|1|0|10159543846788904|facebook
Mason would have been cheering for the tanks in Tiananmen Square.|10159548601403904|Jarret Makrugin|2022-02-02 21:28:23|0|0|10159543846788904|facebook
Not sure where you get your info from i dont know any Canadians like your refering to|10159553283053904|Brenda Methorst|2022-02-09 21:28:23|0|0|10159543846788904|facebook
The residents of Ottawa are good and tired, they need to ban together and do their own protest|10159544080023904|Terry Howatt|2022-02-02 21:28:23|0|0|10159543846788904|facebook
Are you yolking....Lol|10159546820078904|Gordon Launchbury|2022-02-02 21:28:52|1|0|10159543846788904|facebook
Jacquelyn Poirier silence doesn’t solve anything. The truckers need to be heard. Right or wrong.|10159550595528904|Robert Boyd|2022-02-09 21:28:48|1|0|10159543846788904|facebook
thank goodness politics can take a backseat to the everyday Canadians who have taken the time to be heard around the world. You and I are stuck on crackbook while others are making a difference.|10159547003613904|Robert Boyd|2022-02-02 21:28:48|1|0|10159543846788904|facebook
"The police handled it just fine, as soon as you see that they are more on the side of the ""truckers""."|10159545086718904|Darryl Green|2022-02-02 21:28:23|0|0|10159543846788904|facebook
Jacquelyn Poirier|10159550378668904|Sue Child|2022-02-09 21:28:52|1|0|10159543846788904|facebook
it’s being investigate right now|10159544118643904|Sandra Hunt|2022-02-02 21:28:46|1|0|10159543846788904|facebook
"who are the bullies exactly. These people for the most are making a stand for what they believe is an example of excessive use of power by our elected members and multitudinous ""experts"". It is time to ease up ..80 percent of of have been a le to make the decision to vaccinate. Some cannot and some will not but society must start up again to a semblance of normalcy. We can do this."|10159544366263904|Sue Child|2022-02-02 21:28:52|1|0|10159543846788904|facebook
They should work well in Canada in the winter months for sure . I know they are trying haul trucks in some of the mines now but there won't be any light duty trucks in there with people in them . Should be lots of fun on the 401 in Toronto for sure|10159544866148904|Ray Smith|2022-02-02 21:28:47|1|0|10159543846788904|facebook
"Well, the PMO (Gerald Butts) did say that burning churches was ""understandable "". In Canada."|10159544128083904|Geordie Günther|2022-02-02 21:28:55|1|0|10159543846788904|facebook
they changed a bunch of policy when people protested by burning down buildings and looting stores so why is this worse?|10159544407658904|Adam Donnelly|2022-02-02 21:28:52|1|0|10159543846788904|facebook
nailed it. I've said this several times by now...I the protestors were Indigenous elders or tree hugging grandma's they'd have the RCMP in full riot gear out there, tear gas and all. Funny, cuz I just can't place my finger on the difference between this full hostage situation of our nation's capital and the Wetsuweten blocking access to a corporation on THEIR OWN land....hmmmm.. ..what could be the difference? 🤔🤔🤔🤔|10159545804208904|Sarah Hermsen|2022-02-02 21:28:47|1|0|10159543846788904|facebook
Jacquelyn Poirier yup, vaxed or unvaxed you can carry the virus and pass it on with equal efficiency. Masking protects the wearer , masking slows down the transmission from someone else.|10159550350013904|Sue Child|2022-02-09 21:28:52|1|0|10159543846788904|facebook
I do t know? Have you? Maybe you miss a lot of things? Not my problem. Are you trying to justify something? Did we all miss your point? Again?|10159544788798904|Steve Cobblehoff|2022-02-02 21:28:55|1|0|10159543846788904|facebook
yes hate is not needed. Hear about protester on way to Red Deer being hit in Sylvan. Paraplegic in a wheelchair driving to the rally in convoy. Police are saying it was intentional.|10159547169298904|Jerald Pitt|2022-02-02 21:28:51|1|0|10159543846788904|facebook
the fund is frozen for legal review. https:// www.gofundme.com /f/ taking-back-our- freedom-convoy- 2022|10159544304788904|Kathryn Paton|2022-02-02 21:28:46|1|0|10159543846788904|facebook
Jacquelyn Poirier strangely masking is probably the most affective way to protect anyone from transmission. Those of us with reasons to not wish to get it should be masking whenever in doubt.|10159550330863904|Sue Child|2022-02-09 21:28:52|1|0|10159543846788904|facebook
so have I|10159544119543904|Sandra Hunt|2022-02-02 21:28:46|1|0|10159543846788904|facebook
Now we know how our First Nation and Inuit friends felt when the settlers came with their wagons and set up on their land. Unwanted, but in the name of peace accommodated!|10159545259078904|Tom Hill|2022-02-02 21:28:21|0|0|10159543846788904|facebook
A peaceful protest and you say they did it wrong? 🙄🙄🙄 🤦‍♀️🤦‍♀️🤦‍♀️|10159544012073904|Greg Waters|2022-02-02 21:28:21|0|0|10159543846788904|facebook
Agreed|10159546115113904|John Godfreyson|2022-02-02 21:28:44|1|0|10159543846788904|facebook
this is the part that did it for me. When those organizers said no masks this should of been something the truckers were against and they aren’t. Total Disregard for any of the 1000’s who have immune compromised systems like kids with this or adults…seniors in care homes on and on …this is what should wake ppl up this is more than Covid restrictions …|10159545253053904|Sandra Hunt|2022-02-02 21:28:44|1|0|10159543846788904|facebook
No I live in ottawa.|10159544087323904|Ashley Faller|2022-02-02 21:28:32|1|0|10159543846788904|facebook
don’t presume they are fighting for me, I am a Canadian. Don’t speak for me. I don’t support this protest.|10159544092398904|Paddy Juniper|2022-02-02 21:28:32|1|0|10159543846788904|facebook
Connie Bruno if you believe that go right ahead|10159544163213904|Sandra Tucker|2022-02-02 21:28:33|1|0|10159543846788904|facebook
yes so many can’t see that, they think that person Is a nazi lol very narrow minded|10159544249103904|Keith Roberts|2022-02-02 21:28:33|1|0|10159543846788904|facebook
Connie Bruno and ottawa was suppose to open on monday, which alot of businesses were unable to do because of this stunt.|10159544468603904|Ashley Faller|2022-02-02 21:28:33|1|0|10159543846788904|facebook
Connie Bruno really? Tell me what you think I said that was hateful.|10159544473043904|Ashley Faller|2022-02-02 21:28:33|1|0|10159543846788904|facebook
Connie Bruno wow that's beyond delusional.|10159544506073904|Ashley Faller|2022-02-02 21:28:33|1|0|10159543846788904|facebook
You seem to be an expert in being an ignorant hillbilly.|10159543944108904|Matt Miller|2022-02-02 21:28:33|1|0|10159543846788904|facebook
It's a challenging time for everyone! The government just has to stop the mandates and the trucks leave. Call J. Trudeau!|10159544026768904|Mike Lavoie|2022-02-02 21:28:33|1|0|10159543846788904|facebook
that explains why they can waste so much time doing nothing but disrupting the city... wonder how long their money will last since the go fund me account has been frozen.. we shall see|10159544083748904|Sandra Tucker|2022-02-02 21:28:33|1|0|10159543846788904|facebook
...by their company. Companies change rules of employment all the time. It's a free country, remember?|10159544125583904|Carol Coles|2022-02-02 21:28:33|1|0|10159543846788904|facebook
at least they are not burning down the city like all those peaceful protests in the US.|10159544137858904|Cory Whitehead|2022-02-02 21:28:33|1|0|10159543846788904|facebook
I think they should barricade all the downtown streets in Ottawa. Trucks will be allowed to stay....no choice actually. Maybe take the barricades down in a year or so....|10159544500848904|Steve Cobblehoff|2022-02-02 21:28:33|1|0|10159543846788904|facebook
Actually you forgot the main emotion we are feeling which is HOPE|10159543976848904|Sandie Boulet|2022-02-02 21:28:21|0|0|10159543846788904|facebook
Please don't include my families in!|10159544120388904|Duong Ton|2022-02-02 21:28:21|0|0|10159543846788904|facebook
You think he should walk on Wellington street?|10159544314003904|Danielle Emond|2022-02-02 21:28:34|1|0|10159543846788904|facebook
Only if the traffic is moving quickly...😆😆😆|10159544418233904|Graham Anderson|2022-02-02 21:28:34|1|0|10159543846788904|facebook
That is unfair. Our PM is suffering from triple Pfizer shot, now probably topped by Deltacron complications, yet he has to do his hair every day and make video calls, because the nation needs him. What do you people want from him?|10159544996558904|Lebioda Irena|2022-02-02 21:28:34|1|0|10159543846788904|facebook
the travel restrictions are federal|10159544184448904|Jay Labatte|2022-02-02 21:28:36|1|0|10159543846788904|facebook
Funny when my town is taken hostage at various times for various periods of time, not a whimper from anyone outside of the town. Sounds to me like the citiods can handle a little inconvenience. Oh what muffins.|10159544260323904|Fitzroy Antdantilus|2022-02-02 21:28:36|1|0|10159543846788904|facebook
I’m going to steal a version of this - that is “Big Rig Bullies!”|10159544284443904|Linda Virio|2022-02-02 21:28:36|1|0|10159543846788904|facebook
I’ve seen it and I don’t live in Ottawa|10159544083158904|Terry Howatt|2022-02-02 21:28:32|1|0|10159543846788904|facebook
they do not speak for me.. they only have a mixed up agenda mixed with racist,and white supremacy supported.|10159544080013904|Sandra Tucker|2022-02-02 21:28:32|1|0|10159543846788904|facebook
thanks but the majority of intelligent people can protest for themselves when actually freedoms are taken away. In the meantime go protest in front of big banks and large corporations ... The real freedom destroyers|10159544039563904|Sean de Fazio|2022-02-02 21:28:32|1|0|10159543846788904|facebook
you sound like a liberal. Real dumb|10159547910493904|JS Clark|2022-02-02 21:28:26|1|0|10159543846788904|facebook
stay strong Glenda. You know what you are seeing and thinking and even though others will do the gaslighting trick I can assure that you are absolutely not alone. In fact thousands have seen through the façade too which is why Ottawa has has so many 'guests.' 😁|10159544934318904|Tina Laursen|2022-02-02 21:28:25|1|0|10159543846788904|facebook
stupid comment name calling grow up|10159545997033904|Dayle Vasconcelles|2022-02-02 21:28:25|1|0|10159543846788904|facebook
you are so misinformed and pathetic that is not even funny. Keep living in a delusional world and continue to listen to Rebel media.|10159546326763904|Maria CT|2022-02-02 21:28:25|1|0|10159543846788904|facebook
stope throwing tantrums like 2 year olds. Use the democratic tools provided to you. You don't like, VOTE|10159549814648904|Shirin E.G|2022-02-09 21:28:25|1|0|10159543846788904|facebook
Actually it is the other way around. These protesters are being laughed at/ridiculed by most late night shows. Watch Stephen Colbert's show last night. It really made my day. You are nothing more than a Trudeau hater. Get a life looser instead of advertising lies on google and twitter. Everyone can see through you. You are using vaccine mandates to suit your agenda of advertising lies about the current government.|10159546071233904|Maria CT|2022-02-02 21:28:26|1|0|10159543846788904|facebook
I could not say it better myself. Most of these protesters are either Trump supporters or wanna be. Some are not even Canadian. I checked their profiles.|10159546081358904|Maria CT|2022-02-02 21:28:26|1|0|10159543846788904|facebook
It's time for them to go home|10159544564363904|Fern Francoeur|2022-02-02 21:28:21|0|0|10159543846788904|facebook
Globe and mail. Completely out to lunch. Again. Kangaroo news.|10159544095243904|Scott Kutcy|2022-02-02 21:28:21|0|0|10159543846788904|facebook
and I don't like you because you're dumb af.|10159547910173904|JS Clark|2022-02-02 21:28:26|1|0|10159543846788904|facebook
real truckers? You my friend sound like part of the problem as to why we are even on this situation. Your PM won’t step up to resolve this because he knows he is wrong and he is finished! I won’t tell you to stop watching the main stream media, because I hope you see what they are reporting on, but I will say, follow some of the convoy organizers, sone small unfounded media, and see what they are reporting! Take a look at what is happening from the eyes of people who are actually out among the people! If what the convoy is doing is do wrong then why has there been millions of people there in support and millions more across the country showing their support? Ask yourself why the PM has called the protest violent when reports for crime have dropped in the area. Ask yourself why the good buddy of the PM, the ndp leader has called the dictator Castro a great leader? There were nearly 30 other countries holding rallies in support of these hard working people in Ottawa! Even our military has said no to removing anyone, they know the powers trying to silence and cancel our given right to gather and protest our beliefs!|10159550320898904|Hallie Hamilton|2022-02-09 21:28:26|1|0|10159543846788904|facebook
|10159544028553904|Tina Doucette|2022-02-02 21:28:32|1|0|10159543846788904|facebook
‘Elitists have looked at…’|10159543984183904|Scotty Henderson|2022-02-02 21:28:21|0|0|10159543846788904|facebook
but fake news doesn’t…|10159545634348904|Steve Cobblehoff|2022-02-02 21:28:27|1|0|10159543846788904|facebook
exactly! And who polled them?! I call BS|10159546003358904|Steve Cobblehoff|2022-02-02 21:28:27|1|0|10159543846788904|facebook
I can read hypocrites like you|10159551947208904|Richard Husar|2022-02-09 21:28:27|1|0|10159543846788904|facebook
I still think they are all just secretly afraid of needles|10159544825898904|Adam Muise|2022-02-02 21:28:21|0|0|10159543846788904|facebook
The medical opinion of a trucker certainly won't save us.|10159544645773904|Peter Cliff|2022-02-02 21:28:28|1|0|10159543846788904|facebook
Nobody is offering a medical opinion. Freedom is freedom. If you don’t want it. Then thats your choice.|10159545827723904|Rob Scholefield|2022-02-02 21:28:28|1|0|10159543846788904|facebook
the mayor of Toronto and the police will be ready this time!|10159544615638904|Douglas Gray|2022-02-02 21:28:29|1|0|10159543846788904|facebook
why can't they? There are a ton of laws being broken, and enforcing them is pretty much their whole deal...|10159544944788904|Elliot Martin|2022-02-02 21:28:29|1|0|10159543846788904|facebook
yes and other countries also have mandates like our neighbours who also require proof if vaccination. Are you going their to demand Biden do something?|10159544287778904|Lisa Kurytnik|2022-02-02 21:28:36|1|0|10159543846788904|facebook
so just the government has the “right” to do that.  I would think the people have more of a right to enact change than civil SERVANTS.|10159544288348904|Damian Monroe|2022-02-02 21:28:36|1|0|10159543846788904|facebook
Federal workers mostly complied.|10159544300863904|Danielle Emond|2022-02-02 21:28:36|1|0|10159543846788904|facebook
any health professionals in your family? If so, I bet they have a different opinion. I know the ones in my family are exhausted and defend the restrictions. Even though they are as put out as all the rest of us because of them.|10159544050053904|Janice Gougeon|2022-02-02 21:28:44|1|0|10159543846788904|facebook
Why are we blaming the police? It's not like our main political figurehead is doing anything to confront or deal with the problem directly. All he has done to my knowledge is hide and name call.|10159544472978904|Mathew Lawrence|2022-02-02 21:28:21|0|0|10159543846788904|facebook
Just watching the news right now and Ottawa police are starting to get tougher on the demonstrators, enforcing bylaw infractions|10159545642748904|Dan Byrne|2022-02-02 21:28:21|0|0|10159543846788904|facebook
Cheering on the truckers! They are representing me!|10159544845963904|Nel Grond|2022-02-02 21:28:21|0|0|10159543846788904|facebook
On the other hand, I think the Police are handling the control factor well here. I say that because the protest is not getting anymore out of control than what it is. If it escalates, those big rigs are going to do quite some damage. Maybe that's why the officers are holding back using anymore force than they are.|10159544763088904|Catherine Piccone|2022-02-02 21:28:21|0|0|10159543846788904|facebook
"""Why has nothing been done?"" I'll only speak for myself here. I'm happily vaxxed and boosted and I still support these truckers and oppose all restrictions. It's way past time to open up. Even if it means assuming some risk, life has to go on."|10159543882993904|Joe Simpson|2022-02-02 21:28:23|0|0|10159543846788904|facebook
Michael Mackin The mortality rate isn't 35%. This conversation is about what is, not what it should be to make my argument look better.|10159543906463904|Paul Reagan|2022-02-02 21:28:44|1|0|10159543846788904|facebook
Wait for it to rain and kettle them|10159543930773904|Rory Bruce|2022-02-02 21:28:44|1|0|10159543846788904|facebook
"When you assume needless risk out of misguided ""principles"" and health care resources are overtaxed so people's cancer treatments and diagnostics get cancelled, it's not just a personal decision.  Or should we just start pinning Medals of Freedom on people who end up on a ventilator out of hubris?"|10159543984548904|Jason Godin|2022-02-02 21:28:44|1|0|10159543846788904|facebook
Brjann Henwood So you agree that all the disinformation about the vaccines is fear mongering. Exactly|10159544008943904|Mary Louise|2022-02-02 21:28:44|1|0|10159543846788904|facebook
"Brjann Henwood I support their right to peaceful protest. And I even agree that it is a minority of the group brandishing Nazi/ Confederate flags or other hateful slogans, and causing destruction.  The problem is, that minority is not called out by anyone within this rally, nor is anyone stopping them from desecrating property. It may be a minority, but there is a large group within that protest who've taken it upon themselves to harass or downright terrorize locals. Instead of taking some ownership and shutting them down, the people who've convinced themselves they stand for ""freedom"" either pretend this isn't happening or downplay it as if it doesn't matter.  As long as that's the case, you'll never get approval from anyone outside your own echo chamber."|10159544089748904|Jason Godin|2022-02-02 21:28:44|1|0|10159543846788904|facebook
you best be .. Checking ... Whom you are in support of ... Silly|10159544593753904|Joanne Johnson-Meyers|2022-02-02 21:28:40|1|0|10159543846788904|facebook
well then you’re just a bum|10159544102258904|Benoît Zetier|2022-02-02 21:28:44|1|0|10159543846788904|facebook
who will the risk be for your ok with seniors and the vulnerable ? Oh right I forgot they are disposable in a conservatives opinion|10159544120993904|Sandra Hunt|2022-02-02 21:28:44|1|0|10159543846788904|facebook
can’t base anything on sk numbers aren’t correct most agree it’s been under reported the deaths|10159544123398904|Sandra Hunt|2022-02-02 21:28:44|1|0|10159543846788904|facebook
same here|10159544123888904|Sandra Hunt|2022-02-02 21:28:44|1|0|10159543846788904|facebook
troll|10159544280938904|Steve Cobblehoff|2022-02-02 21:28:44|1|0|10159543846788904|facebook
oh Republican states. You can’t base any study on anywhere that didn’t do a lock down properly that’s what is BS|10159544603863904|Sandra Hunt|2022-02-02 21:28:44|1|0|10159543846788904|facebook
How high up do you figure that cloud your on is ??????|10159544738683904|Ray Smith|2022-02-02 21:28:44|1|0|10159543846788904|facebook
it should be|10159544798328904|Peter Mesi|2022-02-02 21:28:44|1|0|10159543846788904|facebook
I am a senior and I have had 2 shots and a booster and a flu shot and now those bundles of brains you are running of your mouth about tell that me that I am no better off I was than before I took the first shot and by the way I'm a conservative too and you can't blame me I lived threw Trudeau SR's times and this country was just getting out of hole from his spending and along comes another fool|10159544833443904|Ray Smith|2022-02-02 21:28:44|1|0|10159543846788904|facebook
Are you joking. I support the freedom convoy 2022 for standing up for all Canadian citizens right to make private and personal medical decisions without coercion or discrimination. The anger and incredulity goes towards media complacency and politicians for trying to take our freedoms that they have no right to take.|10159544299278904|Nolan Irwin|2022-02-02 21:28:21|0|0|10159543846788904|facebook
exactly|10159544592798904|Joanne Johnson-Meyers|2022-02-02 21:28:40|1|0|10159543846788904|facebook
The new rules are federal, not provincial. Plus why now after 2 years of no problems?? Have you read the new report that stated lockdowns and mandates only reduced deaths by .02 % ??? Wake up.|10159544324108904|Sheldon Saunders|2022-02-02 21:28:36|1|0|10159543846788904|facebook
Sorry Renee....that's not true|10159547079308904|Patrick Moffat|2022-02-02 21:28:36|1|0|10159543846788904|facebook
and I don’t disagree, but when they make the rally based on vaccine mandates and don’t identify in their press releases that it is for isolation measures/PCR testing to continue to work. Maybe protest for better access/support from the government for those needing to cross the boarder! Rather than asking all public health and safety measures be dropped full stop|10159544341188904|Pam Sanderson|2022-02-02 21:28:36|1|0|10159543846788904|facebook
I bet you would say different things if it was blm|10159544386338904|Mikey Lirón|2022-02-02 21:28:36|1|0|10159543846788904|facebook
...because tRump stacked the courts with right wing judges...duh...|10159544427873904|Darline Spragg|2022-02-02 21:28:36|1|0|10159543846788904|facebook
what were the blockades of trains about. The first demands were to give back all claimed land. Government negotiated with them and there was resolution. This government refuses needing to talk to them and is dragging it out in the process. I don't think we need to blame the truckers. We have a government that doesn't listen to the concerns of minorities.|10159544496073904|Jerald Pitt|2022-02-02 21:28:36|1|0|10159543846788904|facebook
"I believe they are subject to ""random"" testing like Canadians returning from any country by air."|10159544498533904|Dids Gilbert|2022-02-02 21:28:36|1|0|10159543846788904|facebook
so what you are saying is protest so long as it doesn't inconvenience anyone. So you can ignore it and go back to whatever it was you were doing before. Am I close?|10159544511318904|Tyler Popp|2022-02-02 21:28:36|1|0|10159543846788904|facebook
blocking public access is not protesting it a provocation!! Jail these so-called truckers !!l|10159544730678904|Dana McConkey|2022-02-02 21:28:36|1|0|10159543846788904|facebook
Lots of countries are dropping all the restrictions because they DONT work. The narrative is falling apart. Only m.o.r.o.n.s like you still believe this BS|10159545085223904|Richard Husar|2022-02-02 21:28:36|1|0|10159543846788904|facebook
weapons can you show where police have said this. Weapon is a very strong term or are you just gas lighting same as media. Did you support BLM.|10159546637488904|Jerald Pitt|2022-02-02 21:28:36|1|0|10159543846788904|facebook
thugs give your head a shake|10159551796713904|Roxanne Mackenzie|2022-02-09 21:28:37|1|0|10159543846788904|facebook
“Easy Peasy Lemon Squeezy” If the kind of idiotic rhetoric doesn’t mobilize the masses to your cause I don’t know what will. A fine spokesman for the hoodlums on Wellington St|10159544203813904|Paul Turner|2022-02-02 21:28:40|1|0|10159543846788904|facebook
The fascism runs strong with this writer.|10159544032788904|Robin Hardement|2022-02-02 21:28:21|0|0|10159543846788904|facebook
So if as they are saying on the news, many of the protesters have come from the US and they are, one assumes anti vaxxers, HOW did they get across the boarder without a vaccine certificate???? Who let them in??? and more to come?!|10159544075188904|Jean Samuel|2022-02-02 21:28:21|0|0|10159543846788904|facebook
the question is how did they get across the boarder? The US/Canada border.|10159545604523904|Jean Samuel|2022-02-02 21:28:37|1|0|10159543846788904|facebook
I don't listen to a word anymore from these evil doers the truth shall prevail and there all going to begging for there sins!!!!|10159546592778904|Sharon Bradley|2022-02-02 21:28:21|0|0|10159543846788904|facebook
Has nothing to do with Trump supporters??? This is Canada- trying and keep up!!! I has to do with personal freedoms being removed one by one and control. People have the right to protest in this country peacefully and that is what they are doing. When the Prime minister pops out from under his bed in hiding somewhere and throw gas on the fire does not help anyone.|10159546097198904|Ken Jensen|2022-02-02 21:28:38|1|0|10159543846788904|facebook
Has nothing to do with Trump supporters??? This is Canada- trying and keep up!!! I has to do with personal freedoms being removed one by one and control. People have the right to protest in this country peacefully and that is what they are doing. When the Prime minister pops out from under his bed in hiding somewhere and throw gas on the fire does not help anyone. Nice job hiding behind your fake profile.|10159546102003904|Ken Jensen|2022-02-02 21:28:38|1|0|10159543846788904|facebook
For your information, my profile is completely private. I do not have to share my personal life with anyone other than my friends. And as far as freedoms are concerned, you are paranoid and live in a delusional world. Stop listening to Rebel media and idiots like Pat King. Spend your time doing things that actually will benefit you. The PM does not have to meet with these unlawful protesters who are simply promoting hate.|10159546110968904|Maria CT|2022-02-02 21:28:38|1|0|10159543846788904|facebook
Yes, on two counts.  Lawful protests are registered events, and this wasn't, and also blocked access by emergency vehicles.  Lawful fundraising questions have also seized the majority of funds.|10159544051103904|Kathryn Paton|2022-02-02 21:28:39|1|0|10159543846788904|facebook
/they are using those trucks as weapons to intimidate.|10159546081203904|Jean Samuel|2022-02-02 21:28:39|1|0|10159543846788904|facebook
If your bored of this topic,heres some good news that actually relates to truckers https:// pv-magazine-usa. com/2022/01/31/ daimler-nextera- and-blackrock-t o-deploy-nation wide-us-electri c-trucking-netw ork/ ?fbclid=IwAR1iEO XzwvLyqeX81r9BI AnfDZqmsVSl8EGy _v0Z00FbmyE_zcc NPmwl-Y4|10159543871953904|Andrew Merritt|2022-02-02 21:28:23|0|0|10159543846788904|facebook
