﻿comment|comment_ids|username|datetime|isreply|num_replies|post_id|label
We should do a Go Fund Me for exhausted medical staff.|10159528202113904|Margaret Wood|2022-02-02 22:05:01|0|13|10159528104878904|facebook
Gofundme knows there is a grift happening on their platform|10159528140158904|Martin Ward|2022-02-02 22:05:01|0|11|10159528104878904|facebook
Sorry to break it to you, my friend, but they ARE reporting on this story all around the world. If you don't support Canadian heroes, you're in the minority. Lastly, I love that you have now publicly spoken against the convoy and it is documented for posterity's sake. Your comment may not age well as history is written. 😉|10159528345178904|Tamara Rusque|2022-02-02 22:05:05|1|7|10159528104878904|facebook
Wtf do they need this money for!!?? Might as well give directly to hospital staff, for the extra care they will require...|10159528255303904|June Beasley|2022-02-02 22:05:01|0|4|10159528104878904|facebook
in crisis and underfunded for pandemic.|10159528180103904|Donna McCaw|2022-02-02 22:05:09|1|4|10159528104878904|facebook
They are very well paid, thank you.|10159528350868904|Pierre G. Joly|2022-02-02 22:05:07|1|3|10159528104878904|facebook
The news media isnt properly reporting data so Im trying to get the point across,although lately the news media has gotten better at reporting actual data instead of politicians opinions. https:// www.medpagetoday .com/ infectiousdiseas e/covid19/ 90500?fbclid=IwA R1jTmC9NbUe_XJd HRKhofk7fv4bCHI QER34yOVaS7QitB Th9bJWx-HM7Z4|10159528170708904|Andrew Merritt|2022-02-02 22:05:19|1|3|10159528104878904|facebook
I doubt it'll stay peaceful with that many red necks gathered in one spot, especially once the beer starts flowing... Though they may turn on each other at that point, not good either way...|10159528994958904|Matthew Daniel Sporich|2022-02-02 22:05:08|1|3|10159528104878904|facebook
why? Because the msm refuses to cover it doesn't make it untrue🙄|10159530472328904|Lance Brizard|2022-02-02 22:05:06|1|3|10159528104878904|facebook
it's terrorism financing & it's illegal in Canada. Kkkonservatives have only 3 options in Canada: death, jail.. or assimilate|10159528185028904|Andres Ruiz|2022-02-02 22:05:11|1|3|10159528104878904|facebook
I wonder how/why the truckers think this “protest” will accomplish anything. The US has the same vaccination mandate so crossing into the States is forbidden as well.|10159529897168904|Patricia Dingle|2022-02-02 22:05:01|0|2|10159528104878904|facebook
- I’m very worried! How dare I agree with the medical and scientific communities and listen to the government! I’m atrocious!!|10159528354858904|Ryan Grigg|2022-02-02 22:05:05|1|2|10159528104878904|facebook
- yes 100%!! I’m so embarrassed! How will I ever get to be a member of your BC Wexit Facebook group? Oh no!! Life is over.|10159528601543904|Ryan Grigg|2022-02-02 22:05:05|1|2|10159528104878904|facebook
I read the article that was stating how the funds will be distributed by the woman in charge. All expenses that will be out of truckers pockets need dated receipts and will only be accepted if they are driving an actual rig. Any other people driving personal vehicles ie: pickups/cars will not be eligible for any compensation and are responsible for their own expenses.|10159529917248904|Elaine Cawson Bushman|2022-02-02 22:05:08|1|2|10159528104878904|facebook
To the mainstream media not once have you supported these truckers but spreading lies n division Dam dirty people. Your crumbling so your grasping at nothing but your own selfish gains. Your crumbling. Many have awaken. Scared eh...should be. We said No n also get out.|10159528191633904|Linda Lise Mertes|2022-02-02 22:05:01|0|2|10159528104878904|facebook
Can we do a Fund me for the hospitals Too?|10159528164033904|Donna McCaw|2022-02-02 22:05:01|0|2|10159528104878904|facebook
Don’t anyone believe Tamara Lich she is part of a extreme right group she was tied to extremism and she will provoke this like trump did by the words that she says.  Trust this she wants nothing more than violence it would make her day  Who ever wrote this to go fund me good on them more need to do this.  https:// theseeker.ca/ 2022/01/ lte-a-letter-to- gofundme/|10159528714803904|Sandra Hunt|2022-02-02 22:05:10|1|2|10159528104878904|facebook
Wow you really don't know.. lolol|10159528193348904|Linda Lise Mertes|2022-02-02 22:05:15|1|2|10159528104878904|facebook
Our healthcare has sucked for years! I sat in in emerg for over 7 hours with my 84 year old father before he was seen and sent him home at 2:00 a.m.in the morning!|10159528419398904|Judy Burnett|2022-02-02 22:05:07|1|2|10159528104878904|facebook
look at what they are doing.|10159528255708904|Andres Ruiz|2022-02-02 22:05:04|1|2|10159528104878904|facebook
they are allowing blatant terrorism|10159528162003904|Andres Ruiz|2022-02-02 22:05:04|1|2|10159528104878904|facebook
it amazes me when some protest it is their right. Others protest and they are terrorists? Those “terrorists” were called hero’s 2 years ago!|10159528241513904|Lisa Marie|2022-02-02 22:05:04|1|2|10159528104878904|facebook
Vaxxers feel entitled to this money! They are pissed because they feel they are entitled to special privileges now, as they have been promised months ago!|10159528341103904|Jeff Heisler|2022-02-02 22:05:01|0|2|10159528104878904|facebook
nope it won’t stay peaceful…I saw Stuff on that pat king for example from ab that Lich is trying to remove any association from now she has an agenda and it’s her wexit agenda she doesn’t care one iota about these truckers. If there’s lots of these yellow vests in this convoy there will be trouble I watched a video someone posted of him today punching a guy out and threw a woman to the ground and hit her. So yep we really want these type of people advocating anything for Canadians …go fund me isn’t there to create political divide and to cause havoc. So they better really watch where this money goes and it better be to the truckers that are doing this for reasons not wexit or yellow vest or racism or anti Semitic reasons …anyone that says I’m making it up go research it yourself|10159529844828904|Sandra Hunt|2022-02-02 22:05:08|1|1|10159528104878904|facebook
Francois Morin what does vaccination have to do with the left complaining about a peaceful protest|10159529751768904|Chuck Seward|2022-02-02 22:05:08|1|1|10159528104878904|facebook
taxes?|10159528172628904|Vanessa Carter|2022-02-02 22:05:09|1|1|10159528104878904|facebook
racist|10159530018383904|Lance Brizard|2022-02-02 22:05:08|1|1|10159528104878904|facebook
Chucky hasn't been listening to the news or didn't read the story. There are factions within the Flu Trucks Klan protest who are seeking to do violence, hence why GoFundMe is holding onto the funds|10159528446798904|Keith Dalton|2022-02-02 22:05:08|1|1|10159528104878904|facebook
link please|10159529905648904|Chuck Seward|2022-02-02 22:05:08|1|1|10159528104878904|facebook
if it's peaceful it is fine|10159528443073904|Chuck Seward|2022-02-02 22:05:08|1|1|10159528104878904|facebook
who is stopping you ?|10159528211728904|Attila Elek|2022-02-02 22:05:09|1|1|10159528104878904|facebook
they don’t have the time, they are mandated to work overtime & have been doing this for 2+ years.|10159528282948904|Ruth Howatt Somerville|2022-02-02 22:05:09|1|1|10159528104878904|facebook
yawn|10159529957093904|Chuck Seward|2022-02-02 22:05:08|1|1|10159528104878904|facebook
Yet if they were protesting BLM something tells me you would have a different narrative.|10159528441138904|Kristen Dawn|2022-02-02 22:05:08|1|1|10159528104878904|facebook
Alexandra MosKad sorry, trying to follow common sense by restricting my contacts so the hospitals are not overloaded and emergent cancer, heart & numerous other operations are not put on the back burner, like they have been for the last 2+ yrs.|10159528377443904|Ruth Howatt Somerville|2022-02-02 22:05:09|1|1|10159528104878904|facebook
There are people in that group threatening violence and spouting death threats for when they get to Ottawa. Some of these people are hoping for a Jan6 type of free for all. It is all on social media.....so not a peaceful protest. It has been organised by a western separatist group including the yellow shirts group. These people have an agenda that has nothing to do with vaccines. I feel for the truckers that have innocently been caught up in this, and are being used.|10159529900128904|Elaine Cawson Bushman|2022-02-02 22:05:08|1|1|10159528104878904|facebook
This is common practice for GoFundMe when a cause reaches a certain amount. There were some high profile scams a number of years ago that burned them a bit. It's an audit to confirm it's not just a grift for money.|10159528156273904|Jeff A Kauffeldt|2022-02-02 22:05:01|0|1|10159528104878904|facebook
Francois Morin so people are annoyed by a peaceful protest, lol|10159529919388904|Chuck Seward|2022-02-02 22:05:08|1|1|10159528104878904|facebook
Must be hard to see all of your Heroes lying dying in the ICU.|10159529937953904|Will Bedford|2022-02-02 22:05:11|1|1|10159528104878904|facebook
ı would be pissed if ı was conned into an experimental jab too... Sucks to be them!|10159528738468904|Leanne Faye Torio|2022-02-02 22:05:11|1|1|10159528104878904|facebook
Wow, bet you guys both graduated at the top of your FB medical classes. lmfao. Hard to believe the level of ignorance out there these days.|10159529769508904|Alex Buchanan|2022-02-02 22:05:11|1|1|10159528104878904|facebook
do you post this everywhere?|10159528164578904|Riley Colbourne|2022-02-02 22:05:19|1|1|10159528104878904|facebook
The big concern is that Covid 19 seems to lower I.Q. which may promote more Trump style evangelistical Christians and foaming in the mouth far right Conservatards(n ot to be confused with the Conservatism of days of old for that party no longer really exist but in name only. Damage to brain cells and cognitive dysfunction can occur even with “mild” cases of Covid-19, according to a new study. https:// trib.al/hT9zSdi Even Mild Covid-19 Can Cause Brain Dysfunction And Cognitive Issues FORBES.COM Even Mild Covid-19 Can Cause Brain Dysfunction And Cognitive Issues|10159528139693904|Andrew Merritt|2022-02-02 22:05:01|0|1|10159528104878904|facebook
Ha, the woke folk are so jealous, there is no way they could organize a rally this large and bring in that amount of funds in such a short period of time. Go Truckers go!|10159528280788904|Elaine Murray|2022-02-02 22:05:01|0|1|10159528104878904|facebook
wow! A special kinda DERP!!!|10159529577593904|June Beasley|2022-02-02 22:05:17|1|1|10159528104878904|facebook
"why? To support hospitals who fire thousands of good Drs. and nurses for not getting experimental jabs? Hospitals are the ones getting paid bonuses to check mark ""Covid death"" and $40,000 if thrown on a ventilator, and Death check mark for $3000. They have been making a Killing. Literally."|10159528651553904|Raven Patel|2022-02-02 22:05:17|1|1|10159528104878904|facebook
"Small world? So Chris, do you really believe that nothing is amiss in the feds? I know its the whole world, but l dont understand how by now people still think this about virus? Oh and CBC just announced another ""varient"" ? Russia being provoked , be cause last Mother land to invade before the new world order upon us! Oh and China!"|10159529389573904|Angie Watling|2022-02-02 22:05:16|1|1|10159528104878904|facebook
""" Why does ""GTA"" vote in this government? I did know a ""Lou "" Burch in the So"" Here our problem is Doug Ford and his minions who are determined to use their power to fight the federal government instead of running the province. My grandpa (who died b4 I was born) went by 'Lou'. My cousin up there is Shawn."|10159529359693904|Chris Burch|2022-02-02 22:05:16|1|1|10159528104878904|facebook
I meant Sault St Marie|10159529352708904|Angie Watling|2022-02-02 22:05:16|1|1|10159528104878904|facebook
Omg! Do you know my cousin?|10159529339463904|Chris Burch|2022-02-02 22:05:16|1|1|10159528104878904|facebook
Just more GTA jibber!|10159529337323904|Angie Watling|2022-02-02 22:05:16|1|1|10159528104878904|facebook
So Russia is poised to invade the Ukraine. Instead of joining our country to assist an alli some of you have joined Putin by demanding trucking stop over rules that are a kin to lines in a parking lot. Congratulations 🎊|10159529329853904|Chris Burch|2022-02-02 22:05:01|0|1|10159528104878904|facebook
Nice. I hope we have still something to eat after 30 days. Then the government soldiers should do the deliveries, not go to Ukraine.|10159528196628904|Godian Godship|2022-02-02 22:05:01|0|1|10159528104878904|facebook
Jealous lol governments want there pocket in this also n mainstream media can't mind there business...that money isn't for either of you lololol back off. 👍|10159528187893904|Linda Lise Mertes|2022-02-02 22:05:01|0|1|10159528104878904|facebook
Population of Canada 38,270,000. Therefore .0015 of the population supported this! Less than 1%|10159528990638904|Peter Spearman|2022-02-02 22:05:01|0|1|10159528104878904|facebook
actually jail is not free, you are charged for your stay.|10159528273268904|Ej Bauer|2022-02-02 22:05:13|1|1|10159528104878904|facebook
well I mean, you could not pay taxes and live for free in jail. So I’ve only really found out how to just die.|10159528267548904|Brett Douglas Holland|2022-02-02 22:05:13|1|1|10159528104878904|facebook
Death & Taxes…you know something, we don’t???|10159528261163904|Ej Bauer|2022-02-02 22:05:13|1|1|10159528104878904|facebook
So this money isn’t being donated for any cause other than feeding and fueling these truckers. It will get taxed once spent and a portion of it will go right to the government. A fool and their money are soon parted.|10159528215718904|Brett Douglas Holland|2022-02-02 22:05:01|0|1|10159528104878904|facebook
show some proof instead of your spreading of misinformation. And how can that be when only about 10 percent are not jabbed? I wouldnt judge ctitical thinking skills if ı was you!!|10159532227723904|Leanne Faye Torio|2022-02-02 22:05:11|1|1|10159528104878904|facebook
"watching all of your Heroes one by one succumbing to this ""common cold"". Performers, celebrities, talk show hosts, politicians, qanon leaders all dropping from your ""common cold"". The majority of people that are dying from covid are unvaccinated. Pretty bizarre that vaccine that is supposedly so dangerous you don't hear about any celebrities that have been dying even though the mass vast majority of them are vaccinated. Somehow though a very small portion of the population that refuses to get vaccine has the majority of the celebrity fatalities. Reality means nothing to you people though. The only thing sicker than all of you guys plugging up the ICUs are your critical thinking skills."|10159532224793904|Will Bedford|2022-02-02 22:05:11|1|1|10159528104878904|facebook
what from the common cold?|10159532213173904|Leanne Faye Torio|2022-02-02 22:05:11|1|1|10159528104878904|facebook
your missing The point|10159528663498904|Rino Michaud|2022-02-02 22:05:07|1|1|10159528104878904|facebook
its ok Alex My FB medical class says you are due for a booster!! Or the big scary omicron might have you sneezing!|10159529786438904|Leanne Faye Torio|2022-02-02 22:05:11|1|1|10159528104878904|facebook
Watching the left get upset over peaceful protesting is the gift that keeps on giving|10159528289623904|Chuck Seward|2022-02-02 22:05:01|0|1|10159528104878904|facebook
I found them and did not bookmark the links because I did not need to, If you put out a teeney bit of effort on your part you will find them. I am not you personal secretary, do your own work.|10159529956383904|Elaine Cawson Bushman|2022-02-02 22:05:08|1|1|10159528104878904|facebook
how embarrassing to even admit that on social media 😂|10159528524998904|Darlene Brooks|2022-02-02 22:05:05|1|1|10159528104878904|facebook
i find it hilarious the people supporting this on my feed, have zero education and subsequently no job. Yet they can't equate that those two things are directly related, and continue to blame Trudeau on their lack of education and job. Like, what?!|10159528445883904|Kristen Dawn|2022-02-02 22:05:05|1|1|10159528104878904|facebook
Tell Trudeau to increase federal transfers to the provinces and not wait until after the pandemic is over.|10159528205903904|Josh Robero|2022-02-02 22:05:07|1|1|10159528104878904|facebook
there is nothing terrorist about a peaceful protest, you Trudeau bag licker|10159528202358904|Josh Robero|2022-02-02 22:05:04|1|1|10159528104878904|facebook
thousands of American truckers are joining in support.|10159530018923904|Lance Brizard|2022-02-02 22:05:06|1|1|10159528104878904|facebook
https:// support.tgwhf.ca /site/ TR?px=1025063&fr _id=1060&pg=per sonal if you donate $2 I'll request a receipt & buy you a coffee maybe medium size or less what you think 🤔🧐|10159528363533904|Andres Ruiz|2022-02-02 22:05:04|1|1|10159528104878904|facebook
Saturday January 29th is the day! Can't get to Ottawa? Get out to your provincial capital. The world is watching, Canada. Let's get 'er done! 🇨🇦|10159528289178904|Tamara Rusque|2022-02-02 22:05:01|0|1|10159528104878904|facebook
how about tell Dougie to spend the money that Trudeau already gave him.|10159528217368904|Frank DeJong|2022-02-02 22:05:07|1|1|10159528104878904|facebook
fake news|10159530465188904|Craig Sandford|2022-02-02 22:05:06|1|1|10159528104878904|facebook
Sounds like you are worried.  STDs are easy to avoid, even for progressives.  COVID, again, same thing.|10159528342893904|Andrew Tyler|2022-02-02 22:05:04|1|1|10159528104878904|facebook
I do too... So would any sensible homosapien who would like to remain STD/covid/ infectious disease free 💪|10159528341518904|Andres Ruiz|2022-02-02 22:05:04|1|1|10159528104878904|facebook
Driving across the country to deliver demands to the government?  Only Liberals see this as an actual threat.|10159528340183904|Andrew Tyler|2022-02-02 22:05:04|1|1|10159528104878904|facebook
I hear you they where overwhelmed before COVID|10159528661603904|Rino Michaud|2022-02-02 22:05:07|1|0|10159528104878904|facebook
where’s your proof? Back up what you say.|10159528624768904|Kathy Atkin|2022-02-02 22:05:04|1|0|10159528104878904|facebook
then please explain and prove that go fund me is part of the government|10159528198688904|Cheyenne Bignell|2022-02-02 22:05:15|1|0|10159528104878904|facebook
since when was go fund me part of the government?|10159528189578904|Cheyenne Bignell|2022-02-02 22:05:15|1|0|10159528104878904|facebook
Except for the fact it's NOT a grift. The group already submitted the paperwork to GoFundMe|10159528605223904|Pat Desrosiers|2022-02-02 22:05:04|1|0|10159528104878904|facebook
|10159528206148904|Jim Preyde|2022-02-02 22:05:15|1|0|10159528104878904|facebook
plenty of people support the cause without directly donating|10159530025403904|Lance Brizard|2022-02-02 22:05:14|1|0|10159528104878904|facebook
so, if I want to give you some money, it’s a grift? Wel done, boy!|10159529470498904|Ivaylo Ninushev|2022-02-02 22:05:04|1|0|10159528104878904|facebook
oh pooh pooh little şad sack|10159528734773904|Leanne Faye Torio|2022-02-02 22:05:04|1|0|10159528104878904|facebook
well they aren’t getting a tip that’s for sure.|10159528274243904|Brett Douglas Holland|2022-02-02 22:05:13|1|0|10159528104878904|facebook
The founder of this group is an Alberta separatist with the Maverick Party.|10159529770118904|Lindsay Bryan|2022-02-02 22:05:04|1|0|10159528104878904|facebook
It's not unthinkable.|10159529977038904|Margaret Wood|2022-02-02 22:05:04|1|0|10159528104878904|facebook
Fools and their money are soon parted!!|10159528244413904|Patricia Dingle|2022-02-02 22:05:01|0|0|10159528104878904|facebook
No one can even start a GoFundMe fund without verifying! Know this from a wonderful girl at the age of 29 years old that died 4 years ago from glioblastoma!|10159528408108904|Judy Burnett|2022-02-02 22:05:01|0|0|10159528104878904|facebook
Durrrrrrrrrr|10159528468373904|Jason Godin|2022-02-02 22:05:13|1|0|10159528104878904|facebook
terrified. We're all terrified. 🙄|10159528242543904|Lesley Ditullio|2022-02-02 22:05:12|1|0|10159528104878904|facebook
|10159528232528904|Jim Preyde|2022-02-02 22:05:12|1|0|10159528104878904|facebook
prove what? That celebrities are dying, don't you follow the news, or that the majority of people in ICUs are unvaccinated? It's all information you can find yourself. If you don't trust your government go to another country's government and check. All the stats are online. The funny thing is even if I did put the footwork in and got you links to the government sites with these stats you wouldn't believe them anyways. because of course all of the nurses, doctors, Healthcare technicians everyone in the healthcare industry is lying. You think that they're all evil or something all around the world millions of doctors nurses and other people all working together to convince you to take the evil jab. Don't talk to me about critical thinking skills.|10159532232463904|Will Bedford|2022-02-02 22:05:11|1|0|10159528104878904|facebook
- literally no one around the world is watching other than the fringe conspiracy theorists who think the government invented Covid to administer control vaccines!  Also the USA has the same policy in place - is this freedom convoy heading to Washington after Ottawa?  Also the government announced today they don’t care about the freedom convoy. No policies will change!|10159528335398904|Ryan Grigg|2022-02-02 22:05:05|1|0|10159528104878904|facebook
actually Tamara you'll be the one getting laughed at.|10159528442708904|Kristen Dawn|2022-02-02 22:05:05|1|0|10159528104878904|facebook
I will never donate to go fund me if this is how they treat people.|10159528656683904|Danielle Dionne|2022-02-02 22:05:01|0|0|10159528104878904|facebook
Honestly, that looks like a good cause. Lets see if it is not a scam. No offence, but I don’t know you and can’t be too careful .|10159528370903904|Andrew Tyler|2022-02-02 22:05:04|1|0|10159528104878904|facebook
Some of these imbecilic supporters are convinced the money is being handed out at truck stops for gas and food. I guess some b-S blog tells them that, so it must be true.|10159528604388904|Valerie Brown|2022-02-02 22:05:04|1|0|10159528104878904|facebook
https:// www.google.com/ url?sa=t&source= web&rct=j&url=h ttps%3A%2F%2Fpr essprogress.ca% 2Fconservative- mps-photo-of-em pty-canadian-gr ocery-store-act ually-taken-in- northern-englan d-not-canada%2F &ved=2ahUKEwjeg tar6c31AhX_l4kE HQQkBXYQFnoECAg QAQ&usg=AOvVaw1 QEe3FlkdPOfbhHp AFxsI0|10159528209233904|Jim Preyde|2022-02-02 22:05:16|1|0|10159528104878904|facebook
some don't even have the need to blame covid for the low iq 😉.|10159529778353904|Mila Shapiro|2022-02-02 22:05:19|1|0|10159528104878904|facebook
"it's no wonder they think the moon is flat & go around murdering innocent animals to feel ""manly"""|10159528187783904|Andres Ruiz|2022-02-02 22:05:19|1|0|10159528104878904|facebook
I can agree with that|10159528172468904|Riley Colbourne|2022-02-02 22:05:19|1|0|10159528104878904|facebook
It’s ok, he’s confused about terrorism and most likely other things as well.|10159528210438904|Andrew Tyler|2022-02-02 22:05:04|1|0|10159528104878904|facebook
they are protecting against one. They don't know that there is one. Big difference. They do it all the time when the donation amounts get large.|10159528242453904|Tyler Popp|2022-02-02 22:05:04|1|0|10159528104878904|facebook
They have an accountant to give it out. A plan to sign up and how to give money AND a plan to donate money left over.|10159528413278904|Louise Michelle|2022-02-02 22:05:01|0|0|10159528104878904|facebook
Hope all Canadians have put some dollars where it matters. The fund began as fuel and food for the truckers while they roll. Any leftover dollars will go to Veterans. Seems Canadian to me.|10159529160823904|Venus Biggar|2022-02-02 22:05:01|0|0|10159528104878904|facebook
Good. Let's make sure it gets where it's needed|10159528488378904|Michael Wismer|2022-02-02 22:05:01|0|0|10159528104878904|facebook
lmfao.|10159529772613904|Alex Buchanan|2022-02-02 22:05:18|1|0|10159528104878904|facebook
Don’t talk to these chucklefucks.|10159528252508904|James Carey|2022-02-02 22:05:04|1|0|10159528104878904|facebook
Do you have any clue how much it costs to run those massive trucks? It can be $2,000 just to fill one tank, never mind the wear and tear. THEY ARE FIGHTING FOR YOUR FREEDOM!|10159530427668904|Judy Smit|2022-02-02 22:05:17|1|0|10159528104878904|facebook
Ignorance is bliss isnt it? Go back to watching CNN sponsored by Pfizer.|10159530114398904|Raven Patel|2022-02-02 22:05:17|1|0|10159528104878904|facebook
2 weeks ago……|10159528255638904|Robin Montreuil|2022-02-02 22:05:04|1|0|10159528104878904|facebook
If they were terrorists they all be sitting on $10 million dollar cheques lol not starting gofundme’s|10159528257078904|Pugsley DeCat|2022-02-02 22:05:04|1|0|10159528104878904|facebook
the extra care they will require???|10159528639663904|Dee Bee|2022-02-02 22:05:17|1|0|10159528104878904|facebook
wtf does anyone need these shots for if even four can’t get the job done as promised?|10159528635428904|Kathy Atkin|2022-02-02 22:05:17|1|0|10159528104878904|facebook
pay attention, what a stupid comment, we pay taxes, that’s the go fund me, it’s how that money is managed and these mandates, that’s the problem|10159528349668904|Mk Vie|2022-02-02 22:05:17|1|0|10159528104878904|facebook
I see and I am thankful. Hope they arrive safe for their peaceful protest|10159528276578904|Lisa Marie|2022-02-02 22:05:04|1|0|10159528104878904|facebook
""" Small world? So Chris, do you really believe that nothing is amiss in the feds? I know its the whole world, but l dont understand how by now people still think this about virus? Oh and CBC just announced another ""varient"" ? Russia being provoked , be cause last Mother land to invade before the new world order upon us! Oh and China!"" Russia and China are allies. Russia and China have massed troops and equipment for the purpose of invading periphery countries not each other. The feds should have stepped in to stabilize housing but the day to day stuff has been mishandled by power hungry Premieres. There is no reason by law or facts that allowed a small sect within a group to cause such a mess, by that I mean right-wing base voters who identify as religious first and as a human being second."|10159529419078904|Chris Burch|2022-02-02 22:05:16|1|0|10159528104878904|facebook
The Sault|10159529352043904|Angie Watling|2022-02-02 22:05:16|1|0|10159528104878904|facebook
"Why does ""GTA"" vote in this government? I did know a ""Lou "" Burch in the So"|10159529351908904|Angie Watling|2022-02-02 22:05:16|1|0|10159528104878904|facebook
your comment you made about it may not age well as history is spoken made me almost fall off my chair lmao. What a pathetic comment to make this isn’t history this is a bunch of babies who aligned themselves with extremists groups out of AB …there is trucks in this group with anti Semitic signage there is some who want to hang politicians as it’s being reported give your Fn head a shake …this isn’t about freedom this is just a bunch of wanna be’s who want to copy the capitol riot with a few good truckers innocently in the mix|10159528686478904|Sandra Hunt|2022-02-02 22:05:05|1|0|10159528104878904|facebook
exactly- freaking losers who did this instead of working are in for a big surprise 🤣|10159528406263904|Carolyn Harvey|2022-02-02 22:05:04|1|0|10159528104878904|facebook
then you stick n Get ready for all your booster coming|10159528677268904|Rino Michaud|2022-02-02 22:05:05|1|0|10159528104878904|facebook
it’s the right wing nuts is correct|10159528690858904|Sandra Hunt|2022-02-02 22:05:05|1|0|10159528104878904|facebook
she’s already being laughed at right now lots|10159528689963904|Sandra Hunt|2022-02-02 22:05:05|1|0|10159528104878904|facebook
After the 4th one - indeed! 😂|10159528543253904|Rossitza Slavtcheva|2022-02-02 22:05:11|1|0|10159528104878904|facebook
you do know that your go to news station, Fox News, says they are not a news show but rather an entertainment show…every time they get sued?! Enjoy your Fox 🦊|10159530529043904|Craig Sandford|2022-02-02 22:05:06|1|0|10159528104878904|facebook
he assumes that the people who were coerced, went along for a jab or two and finally see the light or are simply fully jabbed and pro-choice are somehow on his side and not the side of freedom|10159530017583904|Lance Brizard|2022-02-02 22:05:08|1|0|10159528104878904|facebook
Interesting how they expect to cross back into the States if they are not vaccinated. Probably bc most of them are!!|10159530540073904|Patricia Dingle|2022-02-02 22:05:06|1|0|10159528104878904|facebook
Are you starting a conspiracy theory Martin?? Or are you aware of something nobody else knows??|10159528152168904|Bruce R Collens|2022-02-02 22:05:04|1|0|10159528104878904|facebook
well go fund me better keep an eye on those funds anyone can say anything|10159529938673904|Sandra Hunt|2022-02-02 22:05:08|1|0|10159528104878904|facebook
exactly|10159528203823904|Maggie MacKenzie|2022-02-02 22:05:07|1|0|10159528104878904|facebook
so you can't actually back up your claims, shocking|10159529918563904|Chuck Seward|2022-02-02 22:05:08|1|0|10159528104878904|facebook
I am sure you know how to browse the internet, numerous articles are available, and group posts are also available. Have at er.|10159529908908904|Elaine Cawson Bushman|2022-02-02 22:05:08|1|0|10159528104878904|facebook
no one is stopping you|10159528303283904|Ryan Cresswell|2022-02-02 22:05:07|1|0|10159528104878904|facebook
you are more than welcome to start your own fundraiser.|10159528316063904|Alex MosKad|2022-02-02 22:05:07|1|0|10159528104878904|facebook
Yeah and maybe Trudeau shouldn’t have reduced the transfers to the provinces by 50% in 2017|10159528321283904|Josh Robero|2022-02-02 22:05:07|1|0|10159528104878904|facebook
Hope they rock up the GTA! Im hoping when the fracture widens , you f..kers fall in! Think youre so much better? Canada be great again without the GTA!|10159529335763904|Angie Watling|2022-02-02 22:05:08|1|0|10159528104878904|facebook
Exhausted of their choreograph dances lol|10159528338093904|Citlalli Bustamante|2022-02-02 22:05:07|1|0|10159528104878904|facebook
link please lmao|10159528447623904|Chuck Seward|2022-02-02 22:05:08|1|0|10159528104878904|facebook
there is only one taxpayer|10159528383358904|Frank Ch Eigler|2022-02-02 22:05:07|1|0|10159528104878904|facebook
"Or may be we should demand that health workers who don't want be vaccinated still should be able to do their jobs, when tested negative. Then their colleagues will not be so ""exhausted""."|10159528456803904|Grazyna Petela|2022-02-02 22:05:07|1|0|10159528104878904|facebook
"they wouldn't be exhausted if they stood united instead of divided - with there co- workers that were fired , in the first place ..I am shocked"" that you didn't!"|10159528521338904|Darlene Brooks|2022-02-02 22:05:07|1|0|10159528104878904|facebook
Your comment prompted me to wonder if residents of Ottawa ever spotted Justin sitting up in the ER at The Ottawa Hospital waiting for a sick kid to be seen ? Probably not, eh ?|10159528559748904|Steve Wilson|2022-02-02 22:05:07|1|0|10159528104878904|facebook
I do agree|10159530021808904|Susan Jacobs Dozois|2022-02-02 22:05:07|1|0|10159528104878904|facebook
Hell yes! They will be even more exhausted when the pandemic gets even more spread.|10159529721778904|Laurelie Campeau|2022-02-02 22:05:07|1|0|10159528104878904|facebook
exactly, way before that…|10159529474563904|Ivaylo Ninushev|2022-02-02 22:05:07|1|0|10159528104878904|facebook
there are less people in the hospitals today than there were before the scam demic started in 2019. Check the stats hospitals across the country are down approximately 15%. Health care workers are not over worked.|10159529307783904|John Norbert|2022-02-02 22:05:07|1|0|10159528104878904|facebook
so are the truckers|10159529265378904|DH Tremblett|2022-02-02 22:05:07|1|0|10159528104878904|facebook
they ? Not all, it’s not just nurses and doctors. furthermore,the money could be used to increase staff not wages.|10159529015993904|Micheal Bisaillon|2022-02-02 22:05:07|1|0|10159528104878904|facebook
why hospitals are empty, if the health authorities hadn't bullied so many staff into quitting or firing them they'd at least be as well staffed as before the virus.|10159528695988904|Blair Parker|2022-02-02 22:05:07|1|0|10159528104878904|facebook
Francois Morin like me lmao, I am triple vaccinated but in your world if one is against mandates that makes them anti vaccines, try Alitalia critical thinking sometimes|10159530069498904|Chuck Seward|2022-02-02 22:05:08|1|0|10159528104878904|facebook
freedom scares many control freaks|10159530070698904|Chuck Seward|2022-02-02 22:05:08|1|0|10159528104878904|facebook
Francois Morin the vaccines only protect those that get them, that was made clear from the start lol|10159530118923904|Chuck Seward|2022-02-02 22:05:08|1|0|10159528104878904|facebook
no one cares. Actually, what most in the world care for is to get a vaccine, leave alone boosters. These are first world privileges leeching off dumb overgrown hipsters.|10159529854268904|Arya Banerjee|2022-02-02 22:05:05|1|0|10159528104878904|facebook
"Are they really ""exhausted"" ? Jeez, they've been dealing with this for 2 years now and if they haven't learned to pace themselves, they've probably quit. We should be careful accepting descriptions from the media - a lot of them are drama queens, you know."|10159528564038904|Steve Wilson|2022-02-02 22:05:07|1|0|10159528104878904|facebook
Can you kill or do you expect someone else to do it on your behalf?|10159528209448904|Andrew Tyler|2022-02-02 22:05:11|1|0|10159528104878904|facebook
you’re kidding right?|10159528202693904|Byron Ford|2022-02-02 22:05:11|1|0|10159528104878904|facebook
Your brain is fried brother 😂🤣|10159528188548904|Colin Kenny|2022-02-02 22:05:11|1|0|10159528104878904|facebook
the world is watching? Really? Apart from Canadian news and Candians on FB I have yet to see any real mention or coverage of this in the international news. I think the world is busy with their own problems.|10159528819463904|Murray Purvis|2022-02-02 22:05:05|1|0|10159528104878904|facebook
what do you hope gets done?|10159528951413904|Allan Lloyd|2022-02-02 22:05:05|1|0|10159528104878904|facebook
It is the normal procedure for the Gofundme organization,th ey do this to everyone.|10159528349138904|John Marche|2022-02-02 22:05:01|0|0|10159528104878904|facebook
Sandra what colour is your Brown Shirt?|10159530251143904|Omer Brizard|2022-02-02 22:05:10|1|0|10159528104878904|facebook
fearmongering pos. This is a peaceful protest. Keep your lies to yourself|10159530027823904|Lance Brizard|2022-02-02 22:05:10|1|0|10159528104878904|facebook
Rock the pathetic GTA!|10159529338513904|Angie Watling|2022-02-02 22:05:10|1|0|10159528104878904|facebook
“Is it a revolt?” “No Sire, it’s a revolution.”|10159529218313904|Toeknee Neato|2022-02-02 22:05:10|1|0|10159528104878904|facebook
"This group has some in it who have bad intentions and look at this as a Jan 6 situation from the USA capital that’s what happens when you align yourself with extremists to begin with  Some individuals have said online they intend to travel to Ottawa for the protest and hope to see it turn into Canada's own version of the Jan. 6 riots.  Stephanie Carvin, a security analyst and associate professor at Carleton University in Ottawa, said she has seen groups cite plans to smash through walls, bring rope to hang politicians and generally cause violence. While it's not clear how serious any of these threats are, Carvin is urging caution. ""From a national security perspective, I do think a lot of people do have Jan. 6 in mind,"" she said."|10159528674798904|Sandra Hunt|2022-02-02 22:05:01|0|0|10159528104878904|facebook
who mentioned msn other than you?!! What a joke! Please tell me where the thousands of USA truckers are?? Laughable that you actually tried to pass that off as accurate news!! Hahahaha|10159530481133904|Craig Sandford|2022-02-02 22:05:06|1|0|10159528104878904|facebook
This will be an invitation to every Canadian to apply. It is like CERB for wheels.|10159528388648904|Rodney Carrier|2022-02-02 22:05:01|0|0|10159528104878904|facebook
GoFundMe is for sure laughing all the way to the bank. They will get a huge windfall from this fiasco|10159528345678904|Marguerite Oberle Thomas|2022-02-02 22:05:01|0|0|10159528104878904|facebook
that’s what our taxes are for! Ask your politicians why they are paying themselves handsomely and not investing in hospitals!|10159528521633904|Jenn Joseph|2022-02-02 22:05:09|1|0|10159528104878904|facebook
you can always come up with excuses why not to do something.|10159528486173904|Attila Elek|2022-02-02 22:05:09|1|0|10159528104878904|facebook
These whiney truckers are an embarrassment.|10159530588933904|Dax Sargent|2022-02-02 22:05:05|1|0|10159528104878904|facebook
. So the governments have more money to give to their pet projects or friends? No thankyou|10159528351868904|Pat Welsh Ottenbreit|2022-02-02 22:05:09|1|0|10159528104878904|facebook
it’s called taxes, which we pay. It’s the ones managing the money that need to be fired|10159528350193904|Mk Vie|2022-02-02 22:05:09|1|0|10159528104878904|facebook
than do it for them. You can start your own fundraiser!|10159528318223904|Alex MosKad|2022-02-02 22:05:09|1|0|10159528104878904|facebook
Good point|10159530029753904|Margaret Wood|2022-02-02 22:05:06|1|0|10159528104878904|facebook
They have the right to peaceful assembly. Little reason beyond that is unneeded.|10159530294738904|Nathan Sutherland|2022-02-02 22:05:06|1|0|10159528104878904|facebook
https:// support.tgwhf.ca /site/ TR?px=1025063&fr _id=1060&pg=per sonal|10159528165188904|Andres Ruiz|2022-02-02 22:05:09|1|0|10159528104878904|facebook
GoFundMe isn't withholding funds. that is a lie by liberal sycophant Glen McGregor who calls himself a reporter. The old globe would never print this without verifying it|10159531160103904|Brian Stewart|2022-02-02 22:05:01|0|0|10159528104878904|facebook
