﻿comment|comment_ids|username|datetime|isreply|num_replies|post_id|label
Try making sense. I’m real dangerous because I care about the health & well-being of my family, friends & community. Living in a free society as we do, a Democracy, as we do means we make a bargain with each other to care about the common good. Free vaccines, wearing a mask & social distancing sucks but they work. A small price to pay if it means saving even one life. 🤷🏻‍♀️|10159562131103904|Pat McAuley|2022-02-16 22:15:18|1|10|10159561869608904|facebook
When small businesses were being clobbered by the government for two years, the Globe cheered the measures. Now that big business is affected, there's suddenly a problem.  I wonder why.|10159561886998904|Geordie Günther|2022-02-16 22:15:08|0|8|10159561869608904|facebook
Ridiculous. How much businesses has Mr. Trudeau's poor policies alienated or destroyed?? G&M is nothing more than a spokesman and shield for our corrupt leaders and their toxic and rich electorate...|10159562665978904|Geoff Joseph|2022-02-16 22:15:08|0|7|10159561869608904|facebook
learn to think and stop listening to the negative propaganda , this covid /omnicron is here to stay learn to live with it .|10159567291353904|Peter Mesi|2022-02-16 22:15:34|1|4|10159561869608904|facebook
not the grocery stores that are closing early because of harassment from protesters. The mall is still closed because employees were harassed by protesters. Restaurants are closed because of safety issues. Those businesses are losing money because protesters will not respect them. Go home and let small businesses operate without fearing for the safety of their employees.|10159561952503904|Sheila Fee|2022-02-16 22:15:44|1|4|10159561869608904|facebook
"News flash: it's called a pandemic. The entire world was in the same boat and suffered as Canada did. What would you have done? Let 'er' rip, kill thousands more people, decimate the health care system, force doctors to decide who will live and who will die. Do you seriously think businesses could function ""as usual""? And on, and on. I am astounded at how ignorant people are who say these things, thinking that we could have just continued life as usual. It's insanity."|10159561901408904|Alex Buchanan|2022-02-16 22:15:34|1|4|10159561869608904|facebook
a minority government is not a representation of the people. He is. Justin Trudeau will be tried for his actions against the Canadian people. Nuremberg 2.0|10159562821388904|Hadi Feltham|2022-02-16 22:15:14|1|4|10159561869608904|facebook
so the website of the Rideau mall is lying and their actually open? Try the doors, you’ll notice they are locked, throwing many many employees out of work. Go home.|10159561972328904|Sheila Fee|2022-02-16 22:15:44|1|4|10159561869608904|facebook
Fix your headline! Vaccine mandates have cost the economy billions!|10159561958363904|Brandon Bartlett|2022-02-16 22:15:09|0|4|10159561869608904|facebook
very intelligent moment! Best of luck in your life!|10159563035518904|Hadi Feltham|2022-02-16 22:15:14|1|3|10159561869608904|facebook
I didnt|10159567290323904|Peter Van Veggel|2022-02-16 22:15:34|1|3|10159561869608904|facebook
really? https:// shops.cadillacfa irview.com/ property/ cf-rideau-centre ?cid=lis_rid_en _hp_gb|10159561962313904|Sheila Fee|2022-02-16 22:15:44|1|3|10159561869608904|facebook
It’s funny how the Trudeau lovers won’t even show their face cowards just like Trudeau. Get off your knees CK.|10159562120853904|Mark Piercey|2022-02-16 22:15:33|1|3|10159561869608904|facebook
but the science does make sense as if you have the vaccinations you are less likely to become really sick. Yes you can still spread it but wearing a mask lessens even that. So if we all had our Vax and wore masks for awhile until it was down to manageable numbers then we could ditch the mandates|10159561979293904|Mark Barnes|2022-02-16 22:15:44|1|3|10159561869608904|facebook
I’m not referring to the self-indulgent whiners who participated in the insurrection. I’m talking about the drivers who are vaccinated & couldn’t do their jobs. The businesses in Ottawa that couldn’t open while the City was occupied. The mall workers who couldn’t work while the mall was shut down. The Auto workers…|10159562017343904|Pat McAuley|2022-02-16 22:15:18|1|3|10159561869608904|facebook
lol, and a snowflake knows 🤣🤣🤣|10159562296678904|Richard Brown|2022-02-16 22:15:29|1|3|10159561869608904|facebook
best of luck in life!|10159561998168904|Hadi Feltham|2022-02-16 22:15:14|1|3|10159561869608904|facebook
businesses were affected by the pandemic for two years, not by a group of extortionist occupiers and blockaders. And let’s not pretend that the effect on business was of the government’s choosing. People did not want to get sick. The amoral dishonesty of pretending like this illegal blockade—and all the economical and reputational fallout from it—is some kind of justified payback is despicable.|10159561891183904|Sean Ledwich|2022-02-16 22:15:21|1|3|10159561869608904|facebook
great idea. Thanks😊|10159567200533904|Lois Stewart|2022-02-16 22:15:32|1|2|10159561869608904|facebook
why did you delete your funny post about you calling funeral homes??!!! Hahahahhaha|10159567287283904|Steve Cobblehoff|2022-02-16 22:15:34|1|2|10159561869608904|facebook
Not when it is fixed, you got two provinces that tell everyone else what to do. The seats across this country have to be changed to make it fair for everyone not a chosen few.|10159562912083904|Doug Richardson|2022-02-16 22:15:37|1|2|10159561869608904|facebook
read the news bud, they gave the money back, they prefer BLM type protests where people burn and loot|10159562077568904|Donald James|2022-02-16 22:15:18|1|2|10159561869608904|facebook
We just had an election five months ago, isn't that the main form of listening to the people in a democracy.|10159562896668904|Jessica Knight|2022-02-16 22:15:37|1|2|10159561869608904|facebook
Canadians don’t care about anything international unless it’s America, that’s why Americans call Canada America Jr. lol|10159562217773904|Robson Ferreira|2022-02-16 22:15:10|0|2|10159561869608904|facebook
The blockheads oops I mean blockaders love our country so much they've cost us billions. Of course they'll eventually apologize I imagine-darn I was dreaming there🤩|10159567214433904|Frank Hunt|2022-02-16 22:15:08|0|2|10159561869608904|facebook
No Freedom Convoys in Florida. Maybe they should find out how DeSantis got rid of them truckers.|10159562765198904|Darren Murtha|2022-02-16 22:15:25|1|2|10159561869608904|facebook
check the death rates around the world from each countries site, you'll find that within the last 25 years they haven't changed, the cold and flu are now called cvd. You a ridiculous in believing there was a pandemic, it was a scamdemic|10159562116658904|Peter Van Veggel|2022-02-16 22:15:34|1|2|10159561869608904|facebook
be real quarrentine the sick and let the rest keep at it .|10159562036228904|Peter Mesi|2022-02-16 22:15:34|1|2|10159561869608904|facebook
Because it occurred on their own lands. Do the convoys own downtown Ottawa or any of the border crossings. Nice fishing trip you took though.|10159567418718904|Bill Weston|2022-02-16 22:15:26|1|2|10159561869608904|facebook
he meets with Illegal immigrants at Roxy Road. Shame he won't meet with Canadians protesting on Parliament Hill. ( Oh wait he's in hiding)|10159562286318904|Richard Brown|2022-02-16 22:15:29|1|2|10159561869608904|facebook
and the millions of dollars in security and policing their crybaby caravan is now costing the tax payers. You and me and them. Oh but wait ! Are they working??|10159562966203904|Lois Stewart|2022-02-16 22:15:18|1|2|10159561869608904|facebook
don’t be ridiculous. Immune compromised and elderly need to take care of themselves, of course they do, but certainly not at the cost of the rest of the population. We know the risks, we adjust accordingly. I don’t need the government nannying me. Double vaccinated by the way, my choice.|10159561921733904|Hannah Woods|2022-02-16 22:15:21|1|2|10159561869608904|facebook
Sweden|10159567401928904|Kim Cameron|2022-02-16 22:15:32|1|2|10159561869608904|facebook
"clearly it upset you! But it's nice to see Justin hiding from Canadians failed. I'm glad the ""lockdowns"" have ended."|10159563428333904|Richard Brown|2022-02-16 22:15:29|1|2|10159561869608904|facebook
that was and is not a mandate. Free choice, but be prepared accept the consequences of your choices.|10159567327218904|Frans Compeer|2022-02-16 22:15:32|1|2|10159561869608904|facebook
you bet there is. Want to dig with me? Haha|10159563169363904|Lois Stewart|2022-02-16 22:15:32|1|2|10159561869608904|facebook
that escalated fast, we lost billions in 5 days of blockades lol imagine 15,000 Canadian truckers and 36,000 US truckers which can’t cross the border because they’re not vaccinated, how many billions will that be in 1 year, asking for a friend|10159567394913904|Kimberly Roy|2022-02-16 22:15:22|1|2|10159561869608904|facebook
Somehow they where not concerned during lockdowns, priceless|10159561887003904|Bogumila Siedlanowska|2022-02-16 22:15:11|0|2|10159561869608904|facebook
.....and? That fake argument can be made every cycle, no matter who you voted for or who won.|10159563003373904|Bill Weston|2022-02-16 22:15:46|1|2|10159561869608904|facebook
Come on I was there. There were only a couple semi trucks there and about 10 other vehicles. Never would have had to bring in all those cops. Looked to me like they wanted it to look 1000 times worse than it was on purpose. It was all peaceful|10159567391078904|Dave Loeppky|2022-02-16 22:15:08|0|2|10159561869608904|facebook
blocking the border harms small business just when things are opening up. Why don’t you concentrate on the here and now rather than whining about what was. Stop blocking the borders and stop harassing the good citizens of downtown Ottawa.|10159561941153904|Sheila Fee|2022-02-16 22:15:44|1|2|10159561869608904|facebook
wish you the best in your life path and I hope the choices your making for yourself are best for you as I wish the ones are best for me cheers|10159561978433904|Brodie Thomas|2022-02-16 22:15:44|1|2|10159561869608904|facebook
I’m talking about the big cases.|10159562000093904|Jay Labatte|2022-02-16 22:15:40|1|2|10159561869608904|facebook
The Trudeau regime has cost the Canadian economy way more than that.|10159562082348904|Peter Bjornsen|2022-02-16 22:15:12|0|2|10159561869608904|facebook
Canada's GDP growth rate has been in decline since 2018. Furthermore since Trudumb became PM in 2015 only 2 years had GDP growth and one of those years was 0.34%.  Pathetic. One of the worst leaders in history.|10159563088803904|Peter Bjornsen|2022-02-16 22:15:46|1|2|10159561869608904|facebook
wish you the best in life I respect your choice to be vaccinated as you should mine because that’s part of both Of our rights in the great free nation|10159561989438904|Brodie Thomas|2022-02-16 22:15:44|1|2|10159561869608904|facebook
No one did. All truckers had a choice, they weren't forced to do anything. Those that choose not to take one were offered alternative routes that don't cross the border. That's well documented. A handful of them chose to make it about something else other than their livelihoods, again, their choice. Nice third topic change though.|10159565933253904|Bill Weston|2022-02-16 22:15:29|1|1|10159561869608904|facebook
so sorry your PM is useless, I have sent more money to the protesters and said thanks keep up the great work.from .|10159565968028904|Richard Brown|2022-02-16 22:15:29|1|1|10159561869608904|facebook
blatantly obvious you have no idea what an illegal immigrant is. Make some more stuff up…..|10159562295698904|Steve Cobblehoff|2022-02-16 22:15:29|1|1|10159561869608904|facebook
But they haven't. Again, you're just making crap up and avoiding the actual point, the PM has nothing to do with the choices made by Ontario or any other province. Or that they are being forcibly removed now. You've literally made no point here but like a small child are just declaring so. In reality, virtually everything you've said is literally false. If you want to keep going, I'll itemize them for you.|10159564168833904|Bill Weston|2022-02-16 22:15:29|1|1|10159561869608904|facebook
it's a shame voters didn't have a chance to vote Trudeau out over his handling of the pandemic.|10159562404833904|Steve Hewitt|2022-02-16 22:15:46|1|1|10159561869608904|facebook
Nice argument style. Say a bunch of inane things. When they're refuted just change topics. When you can't make any sense of that, just be insulting and say things that have nothing to do with anything at all. He's your PM just as much as he's mine. The difference between you and me is that I don't define myself that way as you clearly do. I believe in Canada, sorry you don't know what that means.|10159565969648904|Bill Weston|2022-02-16 22:15:29|1|1|10159561869608904|facebook
And the federal govt has nothing to do with Ontario or vaccine mandates. But if you think the phony truckers and their nonsense had anything to do Ontario easing restrictions next month then you didn't hear the rest of what Ford had announced about what he's going to do to them, and I got a bridge to sell you. He's one that's been calling for them to be dragged out of there by force and have the federal govt deal with them. He declared a state of emergency on them 2 days ago and has been having them forcibly dispersed and arrested.  I love people like you that just make things up to say and avoid everything they got wrong to do so. How old are you?|10159563369168904|Bill Weston|2022-02-16 22:15:29|1|1|10159561869608904|facebook
Only 21% of Canadians voted for Trudope.|10159562840738904|Matt Miller|2022-02-16 22:15:46|1|1|10159561869608904|facebook
well the truckers have got the Mandates rolled back in Ontario a d now Justin has to invoke the emergency measures act. ( Thank you truckers) 🤣, lefties and snowflakes Justin hiding backfired|10159563009988904|Richard Brown|2022-02-16 22:15:29|1|1|10159561869608904|facebook
it's fun pestering a snowflake|10159565977918904|Richard Brown|2022-02-16 22:15:29|1|1|10159561869608904|facebook
Lol, hid? There was no reason to address them and nothing to discuss with them. Incompetence? All of the mandates that effect their, and your, day to day life were imposed by your own province. His mandate decides who gets to enter Canada. They don't know what they're protesting. As to reputation, yeah, we're really in trouble there. https:// www.usnews.com/ news/ best-countries/ overall-rankings|10159562993378904|Bill Weston|2022-02-16 22:15:29|1|1|10159561869608904|facebook
Not as fun as turning the willfully ignorant and logic deprived inside out. I'm not the one retreating and running to invented safe spaces here.  Get back to us when someone explains to you what snowflake actually means.|10159565987858904|Bill Weston|2022-02-16 22:15:29|1|1|10159561869608904|facebook
you keep protecting your hero Justin 🤣! Maybe he will come out from hiding, under mom's bed 😜|10159566029268904|Richard Brown|2022-02-16 22:15:29|1|1|10159561869608904|facebook
lol sure who made the truckers get a vaccine? Seriously 🤣 where have you been?|10159564429478904|Richard Brown|2022-02-16 22:15:29|1|1|10159561869608904|facebook
he has no obligation to meet with illegal occupiers . Like it or not, that’s the truth.|10159562254158904|Steve Cobblehoff|2022-02-16 22:15:29|1|1|10159561869608904|facebook
I am not surprised that the organizers of this embarrassing fiasco are Extreme Right wing Neo-Fascist organized Criminal Element who are funded by Right Wing organized Criminals and donors from the US who have no business in Canada’s affairs, there are naive followers who believe this is a worthy cause.|10159564479943904|Brian Muszkie|2022-02-16 22:15:09|0|1|10159561869608904|facebook
Well every word of that is false. He inherited a crashing economy at the end of 2015 from the other guy. In 2017, Canada led the G7 in economic growth, 2nd to the US in 2018, 2019. The whole world took a GDP loss in 2020. And for 2021, our growth was in the upper half of the G20. All growth years. So no, that was complete nonsense.|10159563352923904|Bill Weston|2022-02-16 22:15:46|1|1|10159561869608904|facebook
no one is forcing. You can happily stay at home and get paid if you do t want the shot.|10159562548058904|Michelle Austin Henderson|2022-02-16 22:15:25|1|1|10159561869608904|facebook
So what was the cost for the past 2+ yrs of lockdowns?? Fckn cupcakes ..sucks don't it!!|10159562131438904|Bryon Holiday|2022-02-16 22:15:12|0|1|10159561869608904|facebook
You don't have to listen to the honking. It's a choice.|10159562741503904|Darren Murtha|2022-02-16 22:15:25|1|1|10159561869608904|facebook
?|10159562742593904|Michelle Austin Henderson|2022-02-16 22:15:25|1|1|10159561869608904|facebook
He thinks he's making a point.|10159562757268904|David Rochon|2022-02-16 22:15:25|1|1|10159561869608904|facebook
Nope. Factual and proven with sources.You saying something false doesn't make it do. Facts don't lie. You do.  https:// www.macrotrends. net/countries/ CAN/canada/ gdp-growth-rate  Over 40 countries with a GDP growth rate in 2020:  https:// data.worldbank.o rg/indicator/ NY.GDP.MKTP.KD.Z G  Let me guess though. You're going to reply with more excuses, lies and no proof whatsoever to back up your claims over your beloved loser of a leader Trudope.|10159563597908904|Peter Bjornsen|2022-02-16 22:15:46|1|1|10159561869608904|facebook
so who is this 'expert' and what makes him and 'expert'....and small business in Canada have lost as much if not more thanks to the government 'blockade' on earning a living|10159562127813904|Luba Kalnins|2022-02-16 22:15:08|0|1|10159561869608904|facebook
also I don't think the blockades was the best strategy as far as ottawa goes I believe they have a right to protest peacefully.|10159567426848904|Len Burkinshaw|2022-02-16 22:15:26|1|1|10159561869608904|facebook
well the failure is Justin the entire world know how he failed to control them and hid from the problem|10159562199698904|Richard Brown|2022-02-16 22:15:29|1|1|10159561869608904|facebook
There is nothing peaceful about a blockade and physically impeding.|10159567448178904|Bill Weston|2022-02-16 22:15:26|1|1|10159561869608904|facebook
everyone is intitled to there opinion geuss you and me think differently have a good night.|10159567454433904|Len Burkinshaw|2022-02-16 22:15:26|1|1|10159561869608904|facebook
You have literally no idea what happened with WE.|10159562995718904|Bill Weston|2022-02-16 22:15:28|1|1|10159561869608904|facebook
Justin hurt Canada's reputation! He's incompetence was what created this mess. Hiding from protesters was stupidity!.|10159561926278904|Richard Brown|2022-02-16 22:15:09|0|1|10159561869608904|facebook
yeah. He should have tear gassed and hosed them down after 12 hours.|10159561993803904|Robert James Drain|2022-02-16 22:15:29|1|1|10159561869608904|facebook
could Justin arrange that while hiding under his mothers bed?|10159562001493904|Richard Brown|2022-02-16 22:15:29|1|1|10159561869608904|facebook
no, Covidiots, the domestic terrorists that organized this rally, the Contards like Poilivre and Cooper that supported it have hurt Canada's reputation. And no one was hiding, he doesn't have to meet with these ignorant fcks.|10159562106373904|Christopher Kennedy|2022-02-16 22:15:29|1|1|10159561869608904|facebook
I have no fears. So just wondering 🤔 when does the experimental vaccine, which has been given to more people in the world than any other vaccine every become nonexperimental ? BTW the flu vaccine changes every year. Science is a fluid practice so things develop until you find the right mixture.|10159561997748904|Mark Barnes|2022-02-16 22:15:44|1|1|10159561869608904|facebook
They have. And to date all employees that were suing their former workplaces have lost every single case.|10159561995533904|Robert James Drain|2022-02-16 22:15:40|1|1|10159561869608904|facebook
right on|10159567217433904|Frank Hunt|2022-02-16 22:15:31|1|1|10159561869608904|facebook
Now that is BS|10159564717323904|Doug Richardson|2022-02-16 22:15:37|1|1|10159561869608904|facebook
I just wish you could see bigger picture|10159561938733904|Brodie Thomas|2022-02-16 22:15:44|1|1|10159561869608904|facebook
no one can afford to buy that junk anyways.|10159562682358904|Don Gelinas|2022-02-16 22:15:11|0|1|10159561869608904|facebook
What did they do when the pipeline was shut down and we lost billions of Dollars. Were in this together. Talk with the government. Get them to listen to the people.|10159561993573904|Doug Richardson|2022-02-16 22:15:11|0|1|10159561869608904|facebook
why what as my bet they raised more funding in a shorter time than the liberals did on the last botched election !|10159562041518904|Peter Mesi|2022-02-16 22:15:43|1|1|10159561869608904|facebook
The whole idiot's convention of truckers Shameful|10159561994898904|Sharon Taylor|2022-02-16 22:15:11|0|1|10159561869608904|facebook
Blame goes straight to Trudeau, had he spoken to the truckers about their concern at the beginning none of this would have happened. Besides he screwed the business model the moment he became prime minister (2015) nothing done business like and investors leaving to friendlier countries who like to do business.|10159567370708904|Ashok Kumar|2022-02-16 22:15:11|0|1|10159561869608904|facebook
So you missed the explanation on democracy in school. Those two provinces are %61 of the country but only have %58 of the House seats. Try again.|10159562973763904|Bill Weston|2022-02-16 22:15:37|1|1|10159561869608904|facebook
libs had less votes than conservatives. with only 32%. so 68% of the country didn’t want him|10159567203518904|James Strickland|2022-02-16 22:15:37|1|1|10159561869608904|facebook
do a lot more digging . as there is mountains of information out there just findit is the problem .|10159563167748904|Peter Mesi|2022-02-16 22:15:32|1|1|10159561869608904|facebook
Which means exactly nothing.|10159567256823904|Bill Weston|2022-02-16 22:15:37|1|1|10159561869608904|facebook
Could just end the ridiculous illegal mandates 🤷‍♂️|10159561906228904|Jay Labatte|2022-02-16 22:15:11|0|1|10159561869608904|facebook
...they're not fkn illegal...|10159561914348904|Darline Spragg|2022-02-16 22:15:40|1|1|10159561869608904|facebook
yeah they are|10159561949438904|Jay Labatte|2022-02-16 22:15:40|1|1|10159561869608904|facebook
...keep telling yourself that...🤣🤣🤣|10159561960383904|Darline Spragg|2022-02-16 22:15:40|1|1|10159561869608904|facebook
I’ll let the courts decide|10159561972073904|Jay Labatte|2022-02-16 22:15:40|1|1|10159561869608904|facebook
...lol..you gonna try to take the federal and provincial governments to court? 🤣🤣🤣🤣🤣🤣🤣🤣🤣🤣🤣🤣🤣🤣|10159561978333904|Darline Spragg|2022-02-16 22:15:40|1|1|10159561869608904|facebook
we are 90 percent vaccinated as a country herd immunity at this rate even when we are 100 percent vaccinated the government will come out and say nope we still need to be locked down because vaccinated people are spreading the virus it’s a joke think what you want your aloud to have your own opinion that’s the great thing about Canada and the rights we have freedom of opinion freedom of choice for our bodies I’m not owned by the government hope you the best take care|10159561945453904|Brodie Thomas|2022-02-16 22:15:44|1|1|10159561869608904|facebook
call some businesses downtown Ottawa toMorrow and ask them|10159561957483904|Brodie Thomas|2022-02-16 22:15:44|1|1|10159561869608904|facebook
Is that a big number for them? Will they eventually sell once trade resumes? Is this an unforeseen cost of forcing medical procedures on workers?|10159562061318904|Darren Murtha|2022-02-16 22:15:08|0|1|10159561869608904|facebook
because they are closed minded and want to bash big business. It takes all kind of business to make our society work.|10159561958458904|Mark Barnes|2022-02-16 22:15:44|1|1|10159561869608904|facebook
they are already in court 😉|10159561981053904|Jay Labatte|2022-02-16 22:15:40|1|1|10159561869608904|facebook
shes right, if anybody out there knows a better way to fix this virus speak up.im sure people would listen. if you dont then stop causing problems|10159564061643904|Terry Nichols|2022-02-16 22:15:32|1|1|10159561869608904|facebook
the mandate to force the jab went to far|10159567179888904|Renee Winiewski|2022-02-16 22:15:32|1|1|10159561869608904|facebook
Settle down Lois and go have a snicker.|10159567181423904|Nisha Rt|2022-02-16 22:15:32|1|1|10159561869608904|facebook
I’m a small business owner. These border protests are hurting my bottom line. I certainly don’t need protesters telling me they are fighting for me, they aren’t.|10159561978603904|Sheila Fee|2022-02-16 22:15:44|1|1|10159561869608904|facebook
I’m triple vaxxed dice head but i can spread it anyhow! It isn’t really freedom of choice if you lose your job for your choice|10159567341583904|Renee Winiewski|2022-02-16 22:15:32|1|1|10159561869608904|facebook
it’s not free Choice when you loose your livelihood. It’s Coercion and that is a criminal act|10159567374958904|Kim Cameron|2022-02-16 22:15:32|1|1|10159561869608904|facebook
If you are triple vaccinated and a crossborder trucker, then what is your problem? Oh right, truckers are blocking the bridge. Dice head????|10159567379168904|Frans Compeer|2022-02-16 22:15:32|1|1|10159561869608904|facebook
a seat belt isn’t a medical procedure. A seat belt isn’t injected into ones body . You are not comparing the same thing . The vax rules are against the law and the fact it doesn’t stop infection or transmission make mandates ineffective to achieve anything . Do you have a passport ? Open the first page and read it . Your travel rights are there in black & white . Your welcome 🤗|10159567388848904|Kim Cameron|2022-02-16 22:15:32|1|1|10159561869608904|facebook
I don't think you understand those rights in any way based on that commentary. No one is losing their livelihood and no one can grant you the rights to enter another country. The border restriction is who can enter ours.|10159567392253904|Bill Weston|2022-02-16 22:15:32|1|1|10159561869608904|facebook
no use discussing this. Free to choose, accept consequences of that choice. Sofar the courts do not agree with your statement.|10159567442843904|Frans Compeer|2022-02-16 22:15:32|1|1|10159561869608904|facebook
hahahaha wow|10159561969738904|Brodie Thomas|2022-02-16 22:15:44|1|1|10159561869608904|facebook
well said Sheila, but don't ya know they are the voice of the real people, on the ground from the grass roots. As long as one person told them something happened, no need for a confirming source.|10159561968758904|Mark Barnes|2022-02-16 22:15:44|1|1|10159561869608904|facebook
and what did the lock downs and lock outs cost ?|10159561893643904|Peter Mesi|2022-02-16 22:15:09|0|1|10159561869608904|facebook
no they see the bigger picture and are for all business to be open not big or small actually but I do agree with you it takes all sorts of business and different people Doing jobs for society to go around and we need them all back to work|10159561959933904|Brodie Thomas|2022-02-16 22:15:44|1|1|10159561869608904|facebook
us had a mandate. Nothing we can do. Buy a map and read the news.|10159561992753904|Robert James Drain|2022-02-16 22:15:14|1|1|10159561869608904|facebook
Remove the mandates and the boarder opens|10159561977138904|Hadi Feltham|2022-02-16 22:15:07|0|1|10159561869608904|facebook
They were running out of parts before.... so much media malarkey|10159562668323904|Stephanie Isak|2022-02-16 22:15:08|0|1|10159561869608904|facebook
very simple.. all stores had reduced numbers allowed .. large building more people allowed indoors .. small building less numbers .. pretty basic concept|10159561905203904|Jane Burkart|2022-02-16 22:15:21|1|1|10159561869608904|facebook
the border will open regardless. In fact, it is now.open. in fact, there is no way Ontario would have tolerated any more once the State of Emergency was called...was just a matter of time|10159562838378904|Richard Cryer|2022-02-16 22:15:14|1|1|10159561869608904|facebook
Am I? I’m so sorry reading comprehension is an issue for you.. I bet you had no problem reading or signing that CERB cheque.. elders didn’t get that luxury .. here’s the thing I noticed you’re from Alberta. Why is it Albertans started this drama and are whining the loudest lol .. bet this is about more than a mandate 😉 well now that I’ve solved that mystery I can utilize my rights to silence you.. activating block in 3,2,1.. bye 👋|10159561943863904|Jane Burkart|2022-02-16 22:15:21|1|1|10159561869608904|facebook
apparently it’s you who’s whining.|10159561938153904|Hannah Woods|2022-02-16 22:15:21|1|1|10159561869608904|facebook
no you won’t, you’ll continue to whine .. that’s predictable|10159561937663904|Jane Burkart|2022-02-16 22:15:21|1|1|10159561869608904|facebook
okay, I’ll bow down and remain locked up for the rest of my life. The elderly and immune compromised will always have this problem with any virus.|10159561936988904|Hannah Woods|2022-02-16 22:15:21|1|1|10159561869608904|facebook
that’s a low brow attack on your part. I’m low income senior no family in Canada, had multiple strokes during lockdown.. no home support allowed to help me.. watched several friends die over an iPad ., but I do know I did my part to society to save lives. Without whining about my bank account ..|10159561935648904|Jane Burkart|2022-02-16 22:15:21|1|1|10159561869608904|facebook
no bargaining with terrorist thug convoy.|10159562954218904|Greg Joiner|2022-02-16 22:15:14|1|1|10159561869608904|facebook
obviously jane bursary bank account was not affected not like the rest of us who lost our shirts|10159561928718904|Mary-Jo Alain|2022-02-16 22:15:21|1|1|10159561869608904|facebook
way to be a part of the problem!! Segregation and mandates need to end and will end by any means necessary! Criminals will be tried for their crimes for sure! Arrest Justin Trudeau and all his team and open up the boarder!|10159562994878904|Hadi Feltham|2022-02-16 22:15:14|1|1|10159561869608904|facebook
no you seem to be the one trying to justify.. so if mandates are your issue then you obviously support “genocide on the elderly and vulnerable compromised” remember when being self righteous you’re condemning others to die..|10159561914868904|Jane Burkart|2022-02-16 22:15:21|1|1|10159561869608904|facebook
at the expense of the middle class. They reduced their numbers accordingly, but that wasn’t good enough. Justify it all you want, bottom line, small businesses got shafted.|10159561908583904|Hannah Woods|2022-02-16 22:15:21|1|1|10159561869608904|facebook
explain why small stores had to close when they’d probably have a max of 30 people in there but places such as superstore and the likes could have 300? How does that make sense? Now we wonder why people are pissed off. It was wrong! They’ve crippled the middle class. The rich got richer. Sad!|10159561898983904|Hannah Woods|2022-02-16 22:15:21|1|1|10159561869608904|facebook
The elderly were failed by the Liberals and only the liberals. They did nothing to help them. Though you will probably blame Ford who has done more for them then that twit we had runninng Ontario for over 10 years!|10159561996993904|Joe Cote|2022-02-16 22:15:21|1|1|10159561869608904|facebook
thug|10159562998663904|Greg Joiner|2022-02-16 22:15:14|1|1|10159561869608904|facebook
But how much cost Canada the lockdown?|10159561938578904|Dana Frum|2022-02-16 22:15:08|0|1|10159561869608904|facebook
Trudeau’s inept leadership makes $1 billion seem like a Grande Pike at Starbucks.|10159562110158904|Joshua Burke|2022-02-16 22:15:08|0|1|10159561869608904|facebook
thanks thug|10159563064558904|Greg Joiner|2022-02-16 22:15:14|1|1|10159561869608904|facebook
Arrest them all - now. It is not a protest - it is an occupation.|235621872116734|Ti Amo|2022-02-16 22:15:14|1|1|10159561869608904|facebook
you are the problem! This is a democracy and when the supposed leader starts segregating causing division it is people needs to go. End the mandates end discrimination and we will go home!  My rights don’t end at your fears!|10159567278548904|Hadi Feltham|2022-02-16 22:15:14|1|1|10159561869608904|facebook
Did you read the article?|10159562909693904|Jessica Knight|2022-02-16 22:15:19|1|1|10159561869608904|facebook
- learn how to spell - it’s border you muppet!|10159567357108904|Rajiv Menon|2022-02-16 22:15:14|1|1|10159561869608904|facebook
thanks for pointing that out, my dyslexia shows some times. Appreciate your insults and input. Just to clarify you are one of the left wing tolerant groups right. Because it shows with your insults.|10159567853513904|Hadi Feltham|2022-02-16 22:15:14|1|1|10159561869608904|facebook
we there as well to bring food and drinks to the people who were there for the long haul. The atmosphere was electric. I have never felt so proud to be canadian as I was that night.|10159567943818904|Grant McKim|2022-02-16 22:15:15|1|1|10159561869608904|facebook
Don't be telling that to ...he thinks they are all terrorists!|10159568883438904|Greg Rauscher|2022-02-16 22:15:15|1|1|10159561869608904|facebook
spoken like a true little whiney liberal hack, Its a protest and they could of opened as tehre was no danger to anyone from the truckers. it was those lliek you who were the danger!|10159562116008904|Joe Cote|2022-02-16 22:15:18|1|1|10159561869608904|facebook
Your delirious!😁|10159564917178904|Lois Stewart|2022-02-16 22:15:18|1|1|10159561869608904|facebook
legitimately elected governments make policies, not mobs.|10159562807253904|Jim Preyde|2022-02-16 22:15:14|1|1|10159561869608904|facebook
, Actually they did that on there own.|10159561997883904|Joe Cote|2022-02-16 22:15:18|1|1|10159561869608904|facebook
The businesses could not open because the government mandate. If they could open and did not they missed the chance to make money due to their own stupidity.|10159562025573904|Fitzroy Antdantilus|2022-02-16 22:15:18|1|1|10159561869608904|facebook
oh yes. The USA always waits for Canada to lead because we are so important to them. They learn our history and watch CFL.|10159561997048904|Robert James Drain|2022-02-16 22:15:14|1|1|10159561869608904|facebook
lol, you don’t think the US will move if we move? So optimistic|10159561996183904|Hadi Feltham|2022-02-16 22:15:14|1|1|10159561869608904|facebook
GoFundMe should use the money raised to pay workers, drivers, small businesses who lost money because of the occupations.|10159561941943904|Pat McAuley|2022-02-16 22:15:08|0|1|10159561869608904|facebook
????|10159562115123904|Pat McAuley|2022-02-16 22:15:18|1|1|10159561869608904|facebook
Pat McCauley don’t think your going to just say you made a mistake when your prosecuted for being complicit in a crime against humanity|10159562086143904|Steve Mahdesian|2022-02-16 22:15:18|1|1|10159561869608904|facebook
kinda funny you do hear much about the chinese holding back computer parts and limiting their production|10159563285863904|Rod Fredrickson|2022-02-16 22:15:11|0|0|10159561869608904|facebook
Trudope is the culprit|10159562833363904|Shawn Carter|2022-02-16 22:15:10|0|0|10159561869608904|facebook
It serves buy American, it shows canada is unreliable. That in some quarters down there.|10159562803893904|David Wale|2022-02-16 22:15:11|0|0|10159561869608904|facebook
"Dual citizen here, most Americans do not call Canada ""America Jr."". Most Americans don't think about Canada at all."|10159562912258904|Jessica Knight|2022-02-16 22:15:36|1|0|10159561869608904|facebook
Pretty simple end all the illegal mandates / restrictions and all of these people will go home... 🤷|10159567316638904|Derek V Brady|2022-02-16 22:15:11|0|0|10159561869608904|facebook
And what has the last 2 years cost us?|10159563316478904|Sandy Thompson-Oschmann|2022-02-16 22:15:11|0|0|10159561869608904|facebook
Just this  https:// www.usnews.com/ news/ best-countries/ overall-rankings|10159564173078904|Bill Weston|2022-02-16 22:15:41|1|0|10159561869608904|facebook
So many experts|10159564414993904|Bryce Mugford|2022-02-16 22:15:10|0|0|10159561869608904|facebook
If Trudeau resigned, things would be good again|10159567358318904|Darryl Enders|2022-02-16 22:15:11|0|0|10159561869608904|facebook
Boo hoo the liberals will just bail them out again.|10159567148948904|Chris Brown|2022-02-16 22:15:10|0|0|10159561869608904|facebook
Their vying for a government payout|10159561952473904|Peter McGregor|2022-02-16 22:15:08|0|0|10159561869608904|facebook
Yeah, things are terrible.  https:// www.usnews.com/ news/ best-countries/ overall-rankings|10159567374743904|Bill Weston|2022-02-16 22:15:42|1|0|10159561869608904|facebook
And how is that working out. Time after time the courst have sided with the mandates and employers right to require vaccination|10159562763073904|David Rochon|2022-02-16 22:15:40|1|0|10159561869608904|facebook
Well none of that is true or based in fact and there was nothing to discuss with them.|10159567372743904|Bill Weston|2022-02-16 22:15:43|1|0|10159561869608904|facebook
So not mr trudeau but this guys? 🤣🤣🤣 got it|10159567190463904|Rod Sacamano|2022-02-16 22:15:11|0|0|10159561869608904|facebook
Of course it has. Canada did nor respond in a timely fashion. We were, and continue to be, cowards.|10159563858383904|Lynn Robertson|2022-02-16 22:15:11|0|0|10159561869608904|facebook
It wasn’t the blockade it was completely Trudeau being the weasel he is|10159567308778904|Mary Patrick|2022-02-16 22:15:08|0|0|10159561869608904|facebook
most Americans don't even know about Canada|10159562467263904|Paderick Rose|2022-02-16 22:15:36|1|0|10159561869608904|facebook
Trudeau and his tyranny government has cost Canada billions|10159567163648904|Jessica Perry|2022-02-16 22:15:08|0|0|10159561869608904|facebook
did we have a bunch of burning and looting in Canada? The only burning and looting I remember was after a hockey game in Vancouver.|10159562105073904|Christopher Kennedy|2022-02-16 22:15:18|1|0|10159561869608904|facebook
they didnt raise anything, it was the idiots wasting their money|10159564064068904|Terry Nichols|2022-02-16 22:15:43|1|0|10159561869608904|facebook
they have been contested several times in various courts...in different provinces...the y are LEGAL. Maybe you could make an argument of morality..but not legality|10159562852628904|Richard Cryer|2022-02-16 22:15:40|1|0|10159561869608904|facebook
guess how many lives covid has alienated and destroyed.|10159562809248904|Jim Preyde|2022-02-16 22:15:16|1|0|10159561869608904|facebook
There is no such thing. Time to catch up.|10159562945363904|Bill Weston|2022-02-16 22:15:15|1|0|10159561869608904|facebook
Then the cops can move outa the way...|10159567185183904|Alyssa Sponagle|2022-02-16 22:15:11|0|0|10159561869608904|facebook
pretty sure it means 68% didn’t want them…. exactly like i stated thats not nothing thats 68% pretty simple to comprehend do i need to go slower for you|10159567296808904|James Strickland|2022-02-16 22:15:37|1|0|10159561869608904|facebook
The blockheads should be sued, but you can't fix stupid.|10159562084598904|Ailina Coraline|2022-02-16 22:15:11|0|0|10159561869608904|facebook
That you a) don't actually know that and b) don't appear to know how to find out tells us all everything we need to know about you. Were you unaware they were big provinces?|10159565887373904|Bill Weston|2022-02-16 22:15:37|1|0|10159561869608904|facebook
"You're using the language of an abuser. ""I'll stop hitting you if you do what I say"""|10159564317728904|Joe AJ|2022-02-16 22:15:37|1|0|10159561869608904|facebook
exactly, we the tax payers bailed GM out and they walked out of Oshawa faster than you can say bail out . Our democracy is more important and I haven’t seen one country saying anything negative about Canadians just our government.|10159567294053904|David Wilde|2022-02-16 22:15:16|1|0|10159561869608904|facebook
We have elections, not interference by outsiders .|10159567178603904|Claudette Hall|2022-02-16 22:15:16|1|0|10159561869608904|facebook
Lol|10159562135908904|Grant Meredith|2022-02-16 22:15:11|0|0|10159561869608904|facebook
Brjann Henwood b.s.|10159562049478904|Trevor Lavens|2022-02-16 22:15:18|1|0|10159561869608904|facebook
They've destroyed us this much.  https:// www.usnews.com/ news/ best-countries/ overall-rankings|10159563346598904|Bill Weston|2022-02-16 22:15:16|1|0|10159561869608904|facebook
Don't stop now|10159562078478904|Rick Dryden|2022-02-16 22:15:18|1|0|10159561869608904|facebook
"Aww the poor dear., she seems so hard done by. Maybe a go fund me campaign to buy her a bicycle to ride back west? The Canadian Press Tamara Lich on Thursday. The Canadian Press - Feb 19, 2022 12:35 pm An Ottawa judge says she will decide on Tuesday whether to grant bail to Ottawa protest convoy organizer Tamara Lich. That means the 49-year-old Alberta woman will be returned to the local Ottawa detention centre until then. Lich was charged with counselling to commit mischief in connection with the protests that have snarled Ottawa for more than three weeks. There was no publication ban on the evidence heard at the hearing, which is shedding new light on the inner workings of the convoy organizers. Tamara Lich appeared in person, wearing a mask in the prisoner's box of an Ottawa courtroom. She told court she just wants to return to Alberta and be with her family. Ontario Court Justice Julie Bourgeois says she wants to take the time necessary to render a decision. Ontario courts are closed this Monday because of the Family Day holiday. Lich's husband, Wayne Lich, says he flew to Ottawa Feb. 2 on a private jet, the $5,000 cost of which was covered by a ""really nice gentleman"" he doesn't really know. He testified to that and other details at his wife's bail hearing Saturday. Lich testified she just wants to return to Alberta to be with her husband and kids, and pledged a $5,000 bond, saying that was all she could afford. She promised to leave Ottawa by vehicle and give up her advocacy of the protest, saying she would need several days to make those arrangements because she does not have the required vaccine passport enabling her to fly and because her bank accounts are now frozen. Another prominent protest organizer, Patrick King of Alberta, is expected to appear at a bail hearing early next week after he was arrested by police on Friday. Another organizer, Chris Barber, was granted bail Friday. Justice Bourgeois released Barber on a $100,000 bond and on the conditions he leave Ontario by next Wednesday and not publicly endorse the convoy or have any contact with the other major protest organizers."|10159572196388904|Steve Cobblehoff|2022-02-16 22:15:11|0|0|10159561869608904|facebook
Don I know my next car will probably be a Toyota|10159563051863904|Canuck Chi Chi|2022-02-16 22:15:36|1|0|10159561869608904|facebook
whole lotta paid shills up in herd|10159563256373904|Jason Brinks|2022-02-16 22:15:16|1|0|10159561869608904|facebook
Junk?|10159562763488904|David Rochon|2022-02-16 22:15:36|1|0|10159561869608904|facebook
Brjann Henwood steal/use, doesn't matter. Take it and give to those in need, like the ones these protesters are tormenting.|10159562104073904|Christopher Kennedy|2022-02-16 22:15:18|1|0|10159561869608904|facebook
Globe and Mail suddenly cares about the economy 😂|10159567323518904|Davey Kerr|2022-02-16 22:15:11|0|0|10159561869608904|facebook
what policies has Trudeau enacted that have alienated or destroyed? 95% of the mandates we have were put in place by provinces. You rag against G & M but have no fcking clue as to which gov't did what and when. geezus Karen.|10159563019208904|Christopher Kennedy|2022-02-16 22:15:16|1|0|10159561869608904|facebook
Oh don’t worry Trudeau will throw more money at them to help them but leave the indigenous people without clean drinking water.|10159567359143904|Michelle Brausen|2022-02-16 22:15:11|0|0|10159561869608904|facebook
"your answer is ignorant because you do not even mention the.thousands of lives that were lost to covid. Trudeau was NOT responsible for most of the restrictions... Almost all business restrictions were made by the various provinces not the federal government. Thr main policy that the truckers protested (at least in the beginning) was the trucker mandate. This policy IS a federal policy and is in fact, a similar policy to what already exists in the USA. this, plus the fact that over 85% of all truckers are vaccinated, show that Trudeaus ""policies "" are less effectual in the real world"|10159562848313904|Richard Cryer|2022-02-16 22:15:16|1|0|10159561869608904|facebook
well said|10159567368143904|Troy Smith|2022-02-16 22:15:16|1|0|10159561869608904|facebook
Yea that’s why.. definitely not because of our joke of a PM|10159567350938904|Hailey Richardson|2022-02-16 22:15:11|0|0|10159561869608904|facebook
Please get over the hatred for this man.|10159567174708904|Claudette Hall|2022-02-16 22:15:16|1|0|10159561869608904|facebook
Your numbers are nonsense too. There are really 51,000 truckers, with routes over the border, that are being stopped from crossing? Uh-huh. Are that many total that cross the border? Do you actually know?|10159569288288904|Bill Weston|2022-02-16 22:15:22|1|0|10159561869608904|facebook
That's exactly what the organizers wanted...to destabilize our country. Should all be charged as traitors...|10159561887443904|Darline Spragg|2022-02-16 22:15:11|0|0|10159561869608904|facebook
Lying as almost every sales department is with out cars because they cannot get computer chips. Lying bunch.|10159562219373904|Lonnie McCartney|2022-02-16 22:15:12|0|0|10159561869608904|facebook
Before the crash of the planet and the global economy we were either 1 or 2 in the G7, our economy is just fine.|10159563002428904|Bill Weston|2022-02-16 22:15:46|1|0|10159561869608904|facebook
Fake argument? It's clearly a fact, not an argument. Your beloved PM has the lowest voter percentage in CDN history.|10159563084928904|Peter Bjornsen|2022-02-16 22:15:46|1|0|10159561869608904|facebook
Mandates?? Removed the protesters today and the border will open! Just sayin that’s what happened! No mandates needed to be removed|10159562256668904|Steve Cobblehoff|2022-02-16 22:15:14|1|0|10159561869608904|facebook
Lolol, your argument is so legitimate that you just changed it.|10159563349403904|Bill Weston|2022-02-16 22:15:46|1|0|10159561869608904|facebook
boarder?|10159562050038904|Trevor Lavens|2022-02-16 22:15:14|1|0|10159561869608904|facebook
"Excuses, lolol, how about just reality.  Let's take the second link first, it's the stupidest one.  Me: ""The whole world took a GDP loss in 2020.""  You reply by literally posting the factual support that what I said was true. So thanks, I guess. Way to put me in my place there.  Added bonus was this though, ""Over 40 countries with a GDP growth rate in 2020:"" Yeah, one of them was Greenland. Lol, good grief, out of the 200 countries in the world, did you observe the economic might of those 40? Channel Islands, American Samoa, Benin(where is that?), Ghana, Brunei Darussalam, Monaco, Burkina Faso, Cote d'Ivoire, Niger, Djibouti, Nauru, Burundi....wow, do I need to go on there with this powerhouse list? By the way, the city of Calgary has a larger GDP than any 3 of those countries. So great point you made there.  Then,  You: ""became PM in 2015 only 2 years had GDP growth and one of those years was 0.34%""  Which you follow it up by posting evidence that neither of those things are true. So......yeah for you, I guess. Maybe you just need help reading a graph.  I pointed out that every year but one had gdp growth, again, your own evidence supports that. Then I merely tempered your nonsense by pointing out that in the world's major economies Canada has done just fine. That the global economy has slowed on whole isn't really relevant. We fared better then the other major economies."|10159564163988904|Bill Weston|2022-02-16 22:15:46|1|0|10159561869608904|facebook
Trudeau has already did the damage over the last few years but don’t worry he will blame it on everything except him self cause he is a coward.|10159567264063904|Dan Michon|2022-02-16 22:15:12|0|0|10159561869608904|facebook
Yeah, how so?|10159567388723904|Bill Weston|2022-02-16 22:15:47|1|0|10159561869608904|facebook
Ahhhhhhh the poor execs bonus cash when bye ..poor poor babies...|10159567195613904|Darcy Matsalla|2022-02-16 22:15:12|0|0|10159561869608904|facebook
those plants had slowed production because of a lack of micro chips|10159567167353904|Anthony E Davis|2022-02-16 22:15:12|0|0|10159561869608904|facebook
Out Prime Minister is a damage to Canada's reputation!!!|10159567152083904|Alex Cabs|2022-02-16 22:15:12|0|0|10159561869608904|facebook
Please forward complaints to Justin Trudeau. After all he is the cause of all of this.|10159567397498904|Jason Mailloux|2022-02-16 22:15:12|0|0|10159561869608904|facebook
lol, well... he would be wrong. They were all amazing people who shared a love for Canada. Yes, some people can't see past the small inconvenience in their every day life, but they are so many around the country that can't provide for their families because of the mandates.|10159568890913904|Grant McKim|2022-02-16 22:15:15|1|0|10159561869608904|facebook
Said no reasoned person.|10159567419698904|Bill Weston|2022-02-16 22:15:47|1|0|10159561869608904|facebook
Either way you look at it folks, we all lost.|10159567392913904|William Quinton|2022-02-16 22:15:12|0|0|10159561869608904|facebook
Damaged reputation of Canada…….. got to be joking 🙃……. Best freedom fighter reputation is all we care about since ever ….. We are strong and free ….. That’s Canada…… butter cup 🤦🏻‍♂️✌️💚|10159564392578904|Simon Guay|2022-02-16 22:15:12|0|0|10159561869608904|facebook
Good way to put the blame on someone else and take it off the fact that you can't get chips ...so I suppose you want a government handout now|10159568066313904|Alan Todd|2022-02-16 22:15:12|0|0|10159561869608904|facebook
OMG this is funny! And you think international investors don't know about Justin and the liberal cult that's out to destroy the west with help from the US cult leftists?|10159567196813904|Mauro Mauro|2022-02-16 22:15:12|0|0|10159561869608904|facebook
Well since that's imaginary and made up then no, they don't know.|10159567375093904|Bill Weston|2022-02-16 22:15:48|1|0|10159561869608904|facebook
We have not had two years of lockdowns. The lockdowns have been applied and removed many times based on infection and hospitalization rates.|10159562765173904|David Rochon|2022-02-16 22:15:49|1|0|10159561869608904|facebook
And they were still operating thru them.|10159563005353904|Bill Weston|2022-02-16 22:15:49|1|0|10159561869608904|facebook
International investors? China? 😂🤣|10159568895138904|Eldon Seaward|2022-02-16 22:15:12|0|0|10159561869608904|facebook
Booo hooo hooo😥😥😥😥|10159567324378904|Tom Hughes|2022-02-16 22:15:12|0|0|10159561869608904|facebook
B|10159561912368904|Jen Dafoe|2022-02-16 22:15:12|0|0|10159561869608904|facebook
Canada to the USA is what Iceland is to Canada. We are literally nothing to them outside of something up north that's cold.|10159562828103904|Robert James Drain|2022-02-16 22:15:14|1|0|10159561869608904|facebook
Those nonsensical comments say more about you than anything else.|10159562947198904|Bill Weston|2022-02-16 22:15:14|1|0|10159561869608904|facebook
great you have to be hard to overcome corruption from your own government|10159562084283904|Steve Mahdesian|2022-02-16 22:15:11|0|0|10159561869608904|facebook
And all these government mandates didn't cost them a dime, come on, two years of closures, hypocrites|10159561913823904|Peter Van Veggel|2022-02-16 22:15:11|0|0|10159561869608904|facebook
I stand by you on that if the government would do the same I would put money on it everyone protesting would go home same as the media has you believe they are shutting down Ottawa and disrupting business that’s a joke it’s no different then it was before and I might add countless businesses In Ottawa have actually seen an increase in profits can you believe it??!?!?|10159561943503904|Brodie Thomas|2022-02-16 22:15:44|1|0|10159561869608904|facebook
you were there. Awesome 👌|10159567398033904|Jason Mailloux|2022-02-16 22:15:15|1|0|10159561869608904|facebook
you should stop watching CBC or CTV or global and go see for yourself I think your opinion would change your being lied to go see for yourself I beg you so you can see a different perspective the. What the lying media wants you to believe|10159561955418904|Brodie Thomas|2022-02-16 22:15:44|1|0|10159561869608904|facebook
because that whole statement is false and you have no idea because you havnt been down there|10159561956798904|Brodie Thomas|2022-02-16 22:15:44|1|0|10159561869608904|facebook
You're delusionally ignoring facts and promoting false nonsense.|10159569289403904|Bill Weston|2022-02-16 22:15:14|1|0|10159561869608904|facebook
Terrorist Convoy?? Guess you for opinions based on the news media. And wipe your nose...it's looking a wee bit brown getting that close to trudeau!|10159568881448904|Greg Rauscher|2022-02-16 22:15:14|1|0|10159561869608904|facebook
since you don’t believe the msm why are you wasting your time commenting on msm media. I believe msm media. The reporters are professionals. I’m not going to believe the likes of you over professionals.|10159561959278904|Sheila Fee|2022-02-16 22:15:44|1|0|10159561869608904|facebook
Horseshit its the government go truckers|10159567219633904|Bonnie Maxwell|2022-02-16 22:15:10|0|0|10159561869608904|facebook
professionals that are paid by the government CBC is a government paid and run media and go look that up for yourself you do you and like I said hope you best but that’s the best thing I’ll hear all year I watch all media because everyone is bias either right or left doesn’t matter you have to watch them all take in all the pieces of information that only they want you to see and decide For yourself but I definitely don’t trust any of them when they are paid off clowns on both sides think for yourself and do wide research from multiple resources that’s all I can tell you|10159561966588904|Brodie Thomas|2022-02-16 22:15:44|1|0|10159561869608904|facebook
yeah and the owner is probably paid like the police chief to do that to smear the truckers go see for yourself or call a bunch of businesses tomorrow I don’t know what else to say you to but your being lied to|10159561968333904|Brodie Thomas|2022-02-16 22:15:44|1|0|10159561869608904|facebook
Won't get to 2 billion,bet on it.|10159567327748904|Bruce Glauser|2022-02-16 22:15:14|1|0|10159561869608904|facebook
I’m not asking you to believe me I’m Encouraging you to do some more research and go see for yourself before you label hundreds of thousands if not millions of people across Canada and the world who have joined the movement to end mandates|10159561972428904|Brodie Thomas|2022-02-16 22:15:44|1|0|10159561869608904|facebook
no I said the owner of the building probably Got paid to do so call any business that’s open because I happen to know a few people who own businesses down there and there doing better then they have been past two years so and bigger picture what about the business who had to close and loose everything they’ve worked there lives for over past two years because of mandates???? I really don’t know what else to say you get out from underneath your rock and go see for yourself|10159561974573904|Brodie Thomas|2022-02-16 22:15:44|1|0|10159561869608904|facebook
and I’m not in Ottawa I happen to live about an hour away however I support the protest and I even have family who live in Ottawa near downtown|10159561976758904|Brodie Thomas|2022-02-16 22:15:44|1|0|10159561869608904|facebook
zero to do with mandates - everything to do with groups blocking trade. You have something to say now or in the future - absolutely demonstrate. Zero tolerance for blocking trade that everyone depends on.|10159567155458904|Ron Waicus|2022-02-16 22:15:14|1|0|10159561869608904|facebook
The US has their own restrictions. Canadian truckers need to be vaccinated to access the US.|10159563522148904|Colin Caldwell|2022-02-16 22:15:14|1|0|10159561869608904|facebook
well I know lots of small businesss and other business and majority people I know who say differently wish you the best|10159561979373904|Brodie Thomas|2022-02-16 22:15:44|1|0|10159561869608904|facebook
yeah I’m not against wearing a mask it’s an inconvenience for sure does it stop covid no but I still wear my mask have no problem doing it but when you force people to get injected with an experimental vaccine that doesn’t seem too work that’s not what our rights and freedoms and this country was built On and stands for so sorry but my rights do not end where your fear starts|10159561981293904|Brodie Thomas|2022-02-16 22:15:44|1|0|10159561869608904|facebook
and I disagree with the science makes sense all we are being told is trust the science and if you Don’t your a bigot or a white supremacist or god k owns what else but guess what science is about being questioned and tested and proven in many different scenarios not just to be trusted apparently no one paid attention in science class or history class or had terrible teacher either or it’s got to be one or both that’s my opinion hope your not to offended|10159561983423904|Brodie Thomas|2022-02-16 22:15:44|1|0|10159561869608904|facebook
"so I took a little peek at your page.. not sure anything you say here holds any relevance after I read this.. yikes!!! ..in your own words.. "" shared a memory. 2h · Yeah we were all locked down couldn’t go see loved ones dying In hospital but it’s okay for Justin Trudeau to bring in 184,000 immigrants into country what a joke Wake up people"""|10159561997258904|Jane Burkart|2022-02-16 22:15:44|1|0|10159561869608904|facebook
well last time I checked the vaccines I got were once just as small pox which has been eradicated from humans last case known was 1977 I’m not anti vax they work but when you know long term affects of something and you don’t have to take three doses and it still doesn’t work come talk to me and I guarantee I’d change my mind and get it vaccines have been proven to work and save millions of lives however are thoroughly tested and not pushed threw under emergency measures act it’s very simple|10159562005588904|Brodie Thomas|2022-02-16 22:15:44|1|0|10159561869608904|facebook
have you been asleep for two years? Everybody’s been concerned about it. And now what, are you suggesting that the economic and reputational fallout from this illegal blockade is somehow justified?|10159561893108904|Sean Ledwich|2022-02-16 22:15:45|1|0|10159561869608904|facebook
They were still operating then.|10159563004403904|Bill Weston|2022-02-16 22:15:45|1|0|10159561869608904|facebook
Hold the line boys|10159561995438904|Greg Ellis|2022-02-16 22:15:10|0|0|10159561869608904|facebook
Maybe he shouldn’t have given 500 million plus to Ukraine??! There’s more important things to deal with in our own country??!🤷|10159567151453904|Stu Maxwell|2022-02-16 22:15:09|0|0|10159561869608904|facebook
Ya and the lockdowns didn't have any effect at all, give me a break|10159567710618904|Shamus McMillin|2022-02-16 22:15:10|0|0|10159561869608904|facebook
ask that same expert !|10159561893883904|Peter Mesi|2022-02-16 22:15:09|0|0|10159561869608904|facebook
exactly|10159561977283904|Shane Stewart|2022-02-16 22:15:21|1|0|10159561869608904|facebook
he has no obligation to meet with illegal protesters. Pretty simple. Make up as many other stories to pretend that it’s not the truth…. Doesn’t work! It’s real…..|10159562291898904|Steve Cobblehoff|2022-02-16 22:15:29|1|0|10159561869608904|facebook
it’s the responsibility of everyone to protect those weaker than themselves ..|10159561931978904|Jane Burkart|2022-02-16 22:15:21|1|0|10159561869608904|facebook
small business is being affected by border protests too. Why do you think one is exclusive of the other?|10159561931778904|Sheila Fee|2022-02-16 22:15:21|1|0|10159561869608904|facebook
lmao ‘He’s incompetence’… doesn’t sound like you’re all that competent either.|10159562506813904|Matty Mac|2022-02-16 22:15:29|1|0|10159561869608904|facebook
you don’t|10159562732038904|Steve Cobblehoff|2022-02-16 22:15:29|1|0|10159561869608904|facebook
got that right|10159561924613904|Mary-Jo Alain|2022-02-16 22:15:21|1|0|10159561869608904|facebook
no one was hiding from anything. You don't have to answer a knock at your door or answer a phone call you don't want to take. Why the fck should the PM have to talk to these fcking idiots?|10159563477253904|Christopher Kennedy|2022-02-16 22:15:29|1|0|10159561869608904|facebook
spot on|10159561888788904|Shaharyar Chaudhry|2022-02-16 22:15:21|1|0|10159561869608904|facebook
Would the cost of human life from not having lockdowns been preferable to you? Do you know people who have died from COVID? Because I do.|10159562908813904|Jessica Knight|2022-02-16 22:15:20|1|0|10159561869608904|facebook
Trudeau should have addressed them sooner. He had 5 weeks. He knew they were coming for 2 weeks. It costs Canadians in the last barricade on railroad tracks as well. Poor leadership since Trudeau took office.|10159567302428904|Karen Loehndorf|2022-02-16 22:15:08|0|0|10159561869608904|facebook
as if|10159562466343904|Paderick Rose|2022-02-16 22:15:20|1|0|10159561869608904|facebook
I've not even mentioned his name or brought him up in any way. You're revealing a lot more about yourself than much of anything else. Just continue making a fool of yourself and getting called out for it, over and over and over again.|10159566882283904|Bill Weston|2022-02-16 22:15:30|1|0|10159561869608904|facebook
Trudeau has damaged our reputation far more than blockades could ever do|10159567225943904|Pat Bothwell|2022-02-16 22:15:08|0|0|10159561869608904|facebook
BS nice try projecting|10159562467433904|Paderick Rose|2022-02-16 22:15:30|1|0|10159561869608904|facebook
learn the facts instead of spewing your rhetoric|10159562467918904|Paderick Rose|2022-02-16 22:15:30|1|0|10159561869608904|facebook
Did you read the article?|10159562912438904|Jessica Knight|2022-02-16 22:15:30|1|0|10159561869608904|facebook
I doubt you could explain that.|10159562993808904|Bill Weston|2022-02-16 22:15:30|1|0|10159561869608904|facebook
Which international investors, China perhaps?|10159561924088904|Bob Henderson|2022-02-16 22:15:08|0|0|10159561869608904|facebook
I sure did and just becsuse someone at the Globe and Mail wanted to share their own opinion... Talk to people that actually work there... a they were running out of Parts long before this|10159564531558904|Stephanie Isak|2022-02-16 22:15:19|1|0|10159561869608904|facebook
Thanks Frank, hoping more Canadians see and understand this, the Naive are making them into hero’s|10159567973343904|Brian Muszkie|2022-02-16 22:15:31|1|0|10159561869608904|facebook
It just gets me to the last nerve that the government gets blamed for handling of covid…like it’s their fault we have it, it’s their fault that we still have it….I would love to see how these clowns who are always complaining it would handle it cuz they are so dam smart and have all the answers…get vaccinated then it would go away…in fact it would have been gone 6 months ago if people would listen to science and not conspiracy theories who perpetuate the lie for money and notoriety…. Why do they always have a donate link on their live feeds.|10159562731863904|Lois Stewart|2022-02-16 22:15:09|0|0|10159561869608904|facebook
Detail that for us.|10159562967663904|Bill Weston|2022-02-16 22:15:32|1|0|10159561869608904|facebook
these are facts of what has happened and read into it as to what has happened . just like dominoes|10159563173573904|Peter Mesi|2022-02-16 22:15:32|1|0|10159561869608904|facebook
I would suggest it wasn’t the blockades that have damaged Canada’s reputation with investors, rather it is our federal government chomping at the bit to violate our human rights, deny approval for any major project in recent history and raise taxes to the point of bankrupting multi-generatio nal companies.|10159567208903904|Kyle Townsend|2022-02-16 22:15:08|0|0|10159561869608904|facebook
doctors around the world were making progress with effective medicines to prevent covid deaths, but governments banned everything except vaccines. Even medicines that had been in common use for decades became impossible to get. Doctors were doing ok until governments stole all science|10159564192293904|Greg Waters|2022-02-16 22:15:32|1|0|10159561869608904|facebook
Its ok just take a knee you clearly don't get it! Wow|10159567175523904|Dewald Kruger|2022-02-16 22:15:32|1|0|10159561869608904|facebook
are you blind or a Trudop sheep? The discrimination against restos bars small businesses etc was wilfully blatant while monster stores like Wal-Mart Costco and others posted record profits. All because of mandates. Govt doing.|10159561983928904|Ian Robinson|2022-02-16 22:15:21|1|0|10159561869608904|facebook
Guess they have not heard of the American millionaire in Texas who supported Trump and is also donating money to the tuckers. Canadians are buying into the America comic show.|10159567198123904|Claudette Hall|2022-02-16 22:15:09|0|0|10159561869608904|facebook
all the investors that the morron in government has paid off with our money Trudeau an pinhead Ford blood suckers of the people of Canada|10159562014453904|Gord Kozlof|2022-02-16 22:15:09|0|0|10159561869608904|facebook
fare enough was it because it was on native land?|10159567423268904|Len Burkinshaw|2022-02-16 22:15:26|1|0|10159561869608904|facebook
Most of them probably don't have jobs anyway - and live off the rest of us who actually work.|495010691991264|Ti Amo|2022-02-16 22:15:22|1|0|10159561869608904|facebook
Give it a break already!!!! 🤦‍♀️ Globemail the real reporters like Tucker Carlson wants to know why you are not reporting the Martial Law happening in Canada????|10159567231353904|Colette Pilon|2022-02-16 22:15:08|0|0|10159561869608904|facebook
Trudeau has done a lot more damage to investors than any small fringe minority can do.🚚🚚|10159567207978904|Chad Schlosser|2022-02-16 22:15:08|0|0|10159561869608904|facebook
during the 2 years the government worked with provinces to provide compensation as best as possible. These idiots at the border and downtown offer no such things..|10159568687693904|Kerwin Lewis|2022-02-16 22:15:21|1|0|10159561869608904|facebook
"as Klaus Schwab would say ""Zose are sacrifices that must be endured""."|10159563806108904|Émile LeClair|2022-02-16 22:15:21|1|0|10159561869608904|facebook
he let people die and called it freedom.|10159562782843904|David Rochon|2022-02-16 22:15:25|1|0|10159561869608904|facebook
american troll|10159562822503904|Chris Pelican|2022-02-16 22:15:25|1|0|10159561869608904|facebook
"Did you read the article? This is not an opinion piece, it's reporting on what industry groups have been saying. For example,  ""Flavio Volpe, president of Canada’s Automotive Parts Manufacturers’ Association."" ""“It’s bad for our reputation,” said Dennis Darby, CEO of Canadian Manufacturers & Exporters, especially when the U.S. government is focused on strengthening Buy American provisions."" ""Bank of Montreal chief economist Douglas Porter called the closing of the Ambassador Bridge 'another blow to fragile supply chains” and said it “could at least aggravate some price pressures.'"" ""On Friday, more than 160 industry groups, chambers of commerce and trade boards signed an open letter urging officials to bring an end to blockades at the border and voicing concern that Canada could suffer damage to its reputation."" Also, the APMA: https:// twitter.com/ APMACanada/ status/ 1492533189767794 692"|10159562903123904|Jessica Knight|2022-02-16 22:15:21|1|0|10159561869608904|facebook
"Did you read the article? ""Flavio Volpe, president of Canada’s Automotive Parts Manufacturers’ Association."" ""“It’s bad for our reputation,” said Dennis Darby, CEO of Canadian Manufacturers & Exporters, especially when the U.S. government is focused on strengthening Buy American provisions."" ""Bank of Montreal chief economist Douglas Porter called the closing of the Ambassador Bridge 'another blow to fragile supply chains” and said it “could at least aggravate some price pressures.'"" ""On Friday, more than 160 industry groups, chambers of commerce and trade boards signed an open letter urging officials to bring an end to blockades at the border and voicing concern that Canada could suffer damage to its reputation.""  Also, the APMA: https:// twitter.com/ APMACanada/ status/ 1492533189767794 692"|10159562899353904|Jessica Knight|2022-02-16 22:15:25|1|0|10159561869608904|facebook
Awwwww boohoo your prophets over the last 30 plus years could feed all your employees a hundred times over , I have no sympathy for greedy garbage pushers what so ever !!|10159567972308904|Martin Wasylenchuk|2022-02-16 22:15:08|0|0|10159561869608904|facebook
How much did the train blockades cost? No emergency act there though and I'm wondering why.|10159567401168904|Len Burkinshaw|2022-02-16 22:15:08|0|0|10159561869608904|facebook
nailed it|10159562465733904|Paderick Rose|2022-02-16 22:15:21|1|0|10159561869608904|facebook
you are making stuff up.|10159562251923904|Steve Cobblehoff|2022-02-16 22:15:21|1|0|10159561869608904|facebook
k|10159563633383904|Tyler Louis|2022-02-16 22:15:28|1|0|10159561869608904|facebook
I wasn’t failed, in fact I thrived .. you seem to look at things thru the “I hate JT lens”.. instead of a world wide “pandemic lens”.. I don’t especially like JT, and since I’m not in Ontario, I have no idea what Ford has to do with me.. in case you weren’t aware, Canadian borders go further than Ontario.. It’s time you pick a lane and stay in it. What exactly is your point or beef.. is it the mandate or a laundry list of whining.. did you even bother to vote?|10159562235658904|Jane Burkart|2022-02-16 22:15:21|1|0|10159561869608904|facebook
When you use the word Trudoph you sound like a Trumper cult member|10159561997463904|Sharon Taylor|2022-02-16 22:15:21|1|0|10159561869608904|facebook
It's not an opinion. If you're physically impeding traffic, trade and commerce, refusing to let them thru and then have to be forcibly removed, that's not peaceful. Perhaps you don't understand the word.|10159567462538904|Bill Weston|2022-02-16 22:15:26|1|0|10159561869608904|facebook
Get a grip Canada! Your people are pissed at what's happening! Can you hear them? Maybe jt need to turn his hearing aid up!|10159567383048904|David Bartel|2022-02-16 22:15:08|0|0|10159561869608904|facebook
Global news = government opinion and sell outs no true reporters|10159567228648904|Luisa Castaldo Quattrociocchi|2022-02-16 22:15:08|0|0|10159561869608904|facebook
No, trooodoh has single handedly tarnished Canada's image!|10159567571143904|Douglas Michael Knezacek|2022-02-16 22:15:08|0|0|10159561869608904|facebook
Compare to how Trudeau destroyed the economy.... It' insignificant!|10159566631908904|Alexandre Lamoureux|2022-02-16 22:15:08|0|0|10159561869608904|facebook
And how is the economy destroyed? Really credible word.|10159566875093904|Bill Weston|2022-02-16 22:15:27|1|0|10159561869608904|facebook
According to one expert, was it trudom. He’s not even a Canadian, and certainly not an expert.|10159567335253904|Glen Woodward|2022-02-16 22:15:08|0|0|10159561869608904|facebook
Guess they better remove the mandates and restore everyone’s freedoms.|10159567156858904|Brandon Kyle|2022-02-16 22:15:08|0|0|10159561869608904|facebook
Go talk to your dictator, he seems to have unlimited funds to with what he sees fit!!!!|10159567168973904|Kerry Whitehead|2022-02-16 22:15:08|0|0|10159561869608904|facebook
Justin was gonna spend that on a whim to compensate volunteer students (minus a small-that immediately doubled admin fee) or have we forgotten WE?|10159562718053904|Tyler Louis|2022-02-16 22:15:09|0|0|10159561869608904|facebook
It’s all Trudeau’s fault bad leadership he should resign.|680375539659377|Sadie Allan|2022-02-16 22:15:08|0|0|10159561869608904|facebook
just raise property taxes and recoup the money.|10159568896503904|Eldon Seaward|2022-02-16 22:15:18|1|0|10159561869608904|facebook
and anyone who was foolish enough to vote liberal or ndp should have to help pay the bills of every small business and every family screwed over by the lockdowns imposed by the left.|10159567393783904|Nathan Veeman|2022-02-16 22:15:18|1|0|10159561869608904|facebook
amazing how much damage one person can do to a country. Lets get rid of TURDeau|10159567194168904|Terry Steckley|2022-02-16 22:15:09|0|0|10159561869608904|facebook
Fake news Globe and Mail will never report on anything like that.|10159562137423904|Tom Ramanauskas|2022-02-16 22:15:34|1|0|10159561869608904|facebook
laughable comment at best|10159562255838904|Steve Cobblehoff|2022-02-16 22:15:34|1|0|10159561869608904|facebook
what is your issue?!!! You called funeral homes and they gave you confidential information?!!! ! Your comment is likely the most laughable I have ever read ! Not just on Facebook. But anywhere!! You gave me the best laugh I have had in 3 years!!!!!!! Hahahahha Which funeral homes did you call? I’d like to follow up as I agree… I have been lazy in calling funeral homes. Please … tell me which ones you called, who you spoke wit, their contact info. I’ll call to confirm your stats.|10159567279028904|Steve Cobblehoff|2022-02-16 22:15:34|1|0|10159561869608904|facebook
seriously, first of all it's not confidential, it's common information, why don't you just call the first 10 on Google that come up. It's not a tough question to ask. Listen to MSM, they'll give the only news you can handle. Narrative|10159567289333904|Peter Van Veggel|2022-02-16 22:15:34|1|0|10159561869608904|facebook
They couldn’t open because they were being terrorized by idiots who refused to follow the law & wear masks. They threatened and intimidated anyone who agrees with the protections put in place by public health & provincial governments. Why is their refusal to care about society as a whole more important than all of us who do?|10159562113853904|Pat McAuley|2022-02-16 22:15:18|1|0|10159561869608904|facebook
of cutout can’t provide me with your morbid list of which ones you called! How convenient for you to accuse me but have no credible evidence. Best you go away|10159567292093904|Steve Cobblehoff|2022-02-16 22:15:34|1|0|10159561869608904|facebook
yes you did|10159567292883904|Steve Cobblehoff|2022-02-16 22:15:34|1|0|10159561869608904|facebook
why do all the so called truckers all have grey beards?|10159567301198904|Steve Cobblehoff|2022-02-16 22:15:34|1|0|10159561869608904|facebook
accounts of protestors will be frozen Blocked. Banks won’t support them. Booooo hoooooo|10159567323263904|Steve Cobblehoff|2022-02-16 22:15:34|1|0|10159561869608904|facebook
what if you are one of the sick? Then a change of mind? Ya…. Thought so.|10159567330158904|Steve Cobblehoff|2022-02-16 22:15:34|1|0|10159561869608904|facebook
do you still believe trump won the last election?|10159567332748904|Steve Cobblehoff|2022-02-16 22:15:34|1|0|10159561869608904|facebook
not answering my questions? Asleep already? Or is it something else?|10159567335843904|Steve Cobblehoff|2022-02-16 22:15:34|1|0|10159561869608904|facebook
The Globe in Mail must of been sleeping for the past 2 yrs. Lol🤣 No,no our economy was great.🙄 WTF 🤣🤣|10159564220028904|John Marche|2022-02-16 22:15:09|0|0|10159561869608904|facebook
Yes|10159562114268904|Ian Andrew|2022-02-16 22:15:34|1|0|10159561869608904|facebook
Damage is already done. Im guessing no pushback from any party to put heavy handed responses in place and at the ready for any future “demonstrations ” that block trade.|10159567150098904|Ron Waicus|2022-02-16 22:15:09|0|0|10159561869608904|facebook
The conservative party should have no problem getting their insurance providers to cover their liabilities.|10159563519643904|Colin Caldwell|2022-02-16 22:15:09|0|0|10159561869608904|facebook
We are all just #s to them.|10159562030478904|Jerald Pitt|2022-02-16 22:15:09|0|0|10159561869608904|facebook
The totalitarianism dealing with it, isn’t damaging to Canada’s reputation? More fake news|10159567378473904|Dave Taylor|2022-02-16 22:15:09|0|0|10159561869608904|facebook
$440 million in goods cross at Amabassador bridge every day. So, yeah, it's not a stretch. Given that about 90% of truckers are vaccinated and working, the loss isn't what people would like to pretend it is.|4425197467581381|Ti Amo|2022-02-16 22:15:22|1|0|10159561869608904|facebook
Dictator Trudeau is the most hated man in the word right now|10159567400988904|Dorothy Lutes|2022-02-16 22:15:09|0|0|10159561869608904|facebook
There is no way to take people like you seriously. But sure, this is how bad Canada is doing in the world.  https:// www.usnews.com/ news/ best-countries/ overall-rankings|10159567419388904|Bill Weston|2022-02-16 22:15:35|1|0|10159561869608904|facebook
International Investors should put all the blame on Trudeau and his government|10159567212578904|Sean Patey|2022-02-16 22:15:09|0|0|10159561869608904|facebook
Ya think true dope might have had something to do with it too?|10159562116648904|Duane Baumgartner|2022-02-16 22:15:09|0|0|10159561869608904|facebook
Dictator Trudeau caused this . No one else.|10159567155343904|Dorothy Lutes|2022-02-16 22:15:09|0|0|10159561869608904|facebook
Totally Agree!!!|10159567994518904|Donna Anderson|2022-02-16 22:15:09|0|0|10159561869608904|facebook
How much have lockdowns cost? Bet it’s a lot more|10159567300873904|Austin Hall|2022-02-16 22:15:09|0|0|10159561869608904|facebook
BLM? How many BLM protests were there in Canada where they burned & looted? I’ll wait 🙄|10159562116083904|Pat McAuley|2022-02-16 22:15:18|1|0|10159561869608904|facebook
occupation, get real. Nobody in Ottawa lost there freedom to get out. You're delusional. Where have you been the last two years, freely moving about|10159562134463904|Peter Van Veggel|2022-02-16 22:15:18|1|0|10159561869608904|facebook
90 percent vaccinated and 2 years of obeying the mandates with no affect and this is the bs you thought too type?|10159567269158904|Sonny Mameli|2022-02-16 22:15:32|1|0|10159561869608904|facebook
Right, and that is what everyone has. The freedom to choose. And as with everything else in life, choices come with consequences.|10159568122603904|Frans Compeer|2022-02-16 22:15:32|1|0|10159561869608904|facebook
maybe talk with your pm and ask why he goes into hiding instead of talking with the convoy could of been resolved lot faster but he’s on a power trip he needs to go to jail for his crooked ways|10159567355818904|Leon Wiancko|2022-02-16 22:15:18|1|0|10159561869608904|facebook
you are describing the government|10159567250233904|Don R Brown|2022-02-16 22:15:18|1|0|10159561869608904|facebook
didn’t T-do just get Covid. Triple V’d lol|10159567347148904|Tim Hydzik|2022-02-16 22:15:32|1|0|10159561869608904|facebook
word of advice do your homework and don’t confront Steve. He will give you a verbal spanking again.|10159567245203904|Tom Guinchard|2022-02-16 22:15:18|1|0|10159561869608904|facebook
Choices come with consequences. Don't wear your seatbelt, you get a ticket. Not vaccinated then do not cross the border. The USA has the same rules. Livelihood does not depend on being able to cross the border.|10159567378278904|Frans Compeer|2022-02-16 22:15:32|1|0|10159561869608904|facebook
so who helped the people who lost their jobs and lost money 2 years ago from coast to coast when violent protestors were blocking rail tracks and trying to derail trains and literally had fires set on the tracks? Blockades everywhere, shelves almost empty in some places while boats full of shipping containers were anchored offshore and the list goes on. So once again, tell me who helped all of those people through the hard times created by those violent protests.|10159567211993904|Steve Hewlin|2022-02-16 22:15:18|1|0|10159561869608904|facebook
….. 459 billions for your useless jabs……. How many scanner how many hospitals did your paranoia cost……. How many are dying from the poisson you’re injecting yourself with……… lucky you in a free country you can intoxicate yourself…… but you can’t oblige no body else to follow your delirium…….|10159564397513904|Simon Guay|2022-02-16 22:15:18|1|0|10159561869608904|facebook
well Bill , you need to have a conversation with Premier Brian Peckford . He helped draft the Charter of Rights & Freedoms back in 1982 and he says that our travel rights can’t be taken away and is taking Trudeau to court over it .|10159567400033904|Kim Cameron|2022-02-16 22:15:32|1|0|10159561869608904|facebook
Trudeau stole their jobs. They have no where to go. Only Chinese communists believe jobs for jabs is fair.|10159564183003904|Greg Waters|2022-02-16 22:15:18|1|0|10159561869608904|facebook
"He didn't help to draft anything. He was the guy sitting there when they said ""sign this"". The Premiers had no input into the Charter which was drafted years before they sat down.  His grievance is his own because he can't fly around the country as he feels he should. He's whining out of his own inconvenience and not some greater cause. He's one of 6 whiners that endorsed a claim that isn't even their own. It is literally claiming they have the right to fly, which they don't. There is no Right of Flight in the Charter. No one is restricting his travel, or your travel. You are free to travel across the country or across the border."|10159567417678904|Bill Weston|2022-02-16 22:15:32|1|0|10159561869608904|facebook
Brjann Henwood why should we pay domestic terrorists, that's who the organizers of this rally are, domestic terrorists and they've sucked in the stupid.|10159563022763904|Christopher Kennedy|2022-02-16 22:15:18|1|0|10159561869608904|facebook
peoples freedom of choice|10159568065428904|Renee Winiewski|2022-02-16 22:15:32|1|0|10159561869608904|facebook
What amazes me is that so many people find this funny on this post. you supporters of this movement have no idea that you have done is destroy what Canadians have acomplisthed since Wll to become the best country in the world. You do not need to be a Ph.D. in pure mathematics to figure out that when businesses losses are too great that it will take years to recover. The choice is simple you shut down the business or you move it to a more stable country. The automotive industry is the largest employer in this country and if they decide to shut down and go back to their country of origin, It would be the greatest tragedy to our country and reputation. I will not ever recover what I have lost in my business for this is the most profitable part of my season. SO F--- YOU freedom movement. for destroying what I have worked so hard to build, MY PROSPERITY.|10159567902143904|Harvey Ducourneau|2022-02-16 22:15:09|0|0|10159561869608904|facebook
go fund me doesn't have any money genius and there's no occupation it's protests|10159562220128904|Justin Shovin|2022-02-16 22:15:18|1|0|10159561869608904|facebook
Trudeau and his followers damaged Canada's reputation..|10159567141503904|Tom Leroy|2022-02-16 22:15:09|0|0|10159561869608904|facebook
I heard the auto industry was already slowing down due to not getting parts and materials before the blockade|10159568847968904|Nancy Leflar|2022-02-16 22:15:09|0|0|10159561869608904|facebook
And how many small business has Trudeau killed|10159567221278904|Robert Decker|2022-02-16 22:15:09|0|0|10159561869608904|facebook
I would say it's been our PM that has done that. This article is typical of why Canadians do not like mainstream media purchased and controlled by one political party.|10159567387883904|David Williams|2022-02-16 22:15:09|0|0|10159561869608904|facebook
Shutting down the oil/gas and pipelines have repelled investors in Canada. Decades of work in the western portion of Canada axed by the liberal government.|10159567863818904|Rodney Kretsch|2022-02-16 22:15:09|0|0|10159561869608904|facebook
Blockade of small business especially gyms , bars , restos cost a heck of a lot more than that but ahhh not unionized and no big ceos as friends of the PM. I GET IT. When the little guy looses , no one cars. When the big guys loose the media convinces you that it’s important|10159563059823904|Steve Siozios|2022-02-16 22:15:09|0|0|10159561869608904|facebook
Trudeau has done the damage to our economy and reputation. Go back to journalism school.|10159562046413904|Mark Piercey|2022-02-16 22:15:09|0|0|10159561869608904|facebook
and the millions of dollars in security and policing theirccrybaby caravan|10159562966198904|Lois Stewart|2022-02-16 22:15:18|1|0|10159561869608904|facebook
Trudeau has been ineffectual in some ways...but most of this is not his fault. Most business restrictions were made by the provinces to save lives|10159562855943904|Richard Cryer|2022-02-16 22:15:33|1|0|10159561869608904|facebook
Did you read the article?|10159562912608904|Jessica Knight|2022-02-16 22:15:33|1|0|10159561869608904|facebook
Yes, our reputation is really a problem.  https:// www.usnews.com/ news/ best-countries/ overall-rankings|10159562994973904|Bill Weston|2022-02-16 22:15:33|1|0|10159561869608904|facebook
Is the government going to compensate those that lost their businesses and livelihoods to lockdowns which have FINALLY been denounced by the bombshell John Hopkins report?? I think not but you keep going with your hypocritical views and keep obeying an establishment of greed and power....|10159562669078904|Geoff Joseph|2022-02-16 22:15:18|1|0|10159561869608904|facebook
Blame Patrick King lol|10159567157053904|Jolie C Lloyd|2022-02-16 22:15:12|0|0|10159561869608904|facebook
