﻿comment|comment_ids|username|datetime|isreply|num_replies|post_id|label
I feel so sorry for the people who live in downtown Ottawa who can’t go out of their homes to get groceries or walk their dog because they’d get harassed by protesters. Not to mention the sound of the horns all day - I guess they have to tone them down at night, but still. Some freedom!|10159555736308904|Jeff Smith|2022-02-09 21:24:43|0|8|10159555708523904|facebook
Demonstrations will end when mandates end..Pretty simple|10159555766198904|Waär Ranki|2022-02-09 21:24:43|0|4|10159555708523904|facebook
And yes, you’ve been astroturfed as well…https:// www.washingtonpo st.com/ politics/2022/ 02/09/ canada-truckers- right-wing-fury /|10159555849033904|Bob Mack|2022-02-09 21:24:47|1|3|10159555708523904|facebook
Yeah the world's watching prime minister Trudeau demonize his own citizens and psycho fans like you laughing it up like fascist narcissists from Germany in 1934  Check your fascist narcissism   By the way the guardian is a far left rag in Britain that nobody reads  Maybe you haven't noticed ? Absolutely nobody is listening to people like you anymore 🙂  The only people suckered sir , are people who support the liberal party and the NDP  You can go on all you want about your lacking values|10159555834748904|Patrick Nowlan|2022-02-09 21:24:47|1|2|10159555708523904|facebook
Maybe, maybe not. The mandates are part of a bigger problem, there is institutional corruption everywhere and a state financed media that does nothing but lie. the demonstrations may not end until we recoup all our freedoms or we get a change in government. Time will tell, but I think the health mandates are part of a much bigger problem that needs to be addressed, I.e. a bloated government that tells people what to do that runs massive inflationary deficits to finance its totalitarian operations.|10159555826888904|Bill Kaufmann|2022-02-09 21:24:45|1|2|10159555708523904|facebook
First Trudeau got elected with 30 % of the vote, and only 60% of eligible voters voted, i.e. Trudeau got only 18 % of the eligible voters. 82 % of people eligible to vote either voted for somebody else other than Trudeau or did not vote for any candidate, this vast majority of voters are being represented by the truckers. Secondly elections do not give the government the power or authority to deprive any Canadian, not a single one, of their rights. When that happens the elected politician must be overthrown, if the courts and the police fail to act. In this particular case, the police has not arrested Justin Trudeau and judges have failed to declare the mandates unconstitutiona l, so the duty to stop the unlawful mandates falls on the Canadian people and shutting down the country to force the fall of the government is their duty. Just like it was when apartheid in South Africa was entrenched, colonialism in India, and totalitarian Marxism in Eastern .Europe. These tyrannies when supported by police and judges can only be stopped through a revolution. When tyranny becomes law, rebellion becomes duty. I am unvaccinated and need to fly in an airplane, I am sorry if you do not like it but if I am not allowed to fly I take down the government, simple as that once there is enough of us with the power to do so, there be no doubt that the people will rise and do it with peaceful protests that blocks roads, and shut down the economy. Think about it like a national labour strike, they are perfectly legal, and the right to protest is there for that specific purpose, to guarantee that fundamental rights and freedoms are preserved. If elections were the only way of achieving political change, then we may as well abolish the right to protest, and we will have elected tyrants like Hitler, Mussolini, and Stalin. People must fight for freedom, or they will lose it, and you should fight for the right of the unvaccinated regardless of vaccine status and this is what we are seeing in this massive protests that have massive support.|10159556250513904|Bill Kaufmann|2022-02-09 21:24:45|1|2|10159555708523904|facebook
when you stop the flow of food,supplies, medicine to your fellow Canadians. When your protests put an entire country in financial peril at taxpayers expense. When you torture people, with what I consider waterboarding of the mind with your all night honking. . When your occupation takes control of another country’s access. When your occupation denies people passage to their jobs to feed their families.  That my friend, is insurrection.. we are prisoners .. Being held hostage for your political gain, which I firmly believe, is really about the oil.|10159555828808904|Jane Burkart|2022-02-09 21:24:47|1|1|10159555708523904|facebook
I’m sure there are some very good people on both slides…. 🤔🙄🥺🤯|10159555812253904|Bob Mack|2022-02-09 21:24:47|1|1|10159555708523904|facebook
hostages? Is that something that happened?|10159555815053904|Larry Aelterman|2022-02-09 21:24:47|1|1|10159555708523904|facebook
It's not his job to meddle in federal politics. His job is to make sure the protesters have access to necessities such as toilets so that he doesn't contribute to it becoming a humanitarian crisis.|10159555760778904|Jack Massalski|2022-02-09 21:24:43|0|1|10159555708523904|facebook
, Trudope didn’t win the popular vote. Isn’t that what the communists always cry about Trump??|10159555821138904|Eddie Cochrane|2022-02-09 21:24:47|1|1|10159555708523904|facebook
We haven’t had a good old fashioned uprising in a while. It’s long overdue. I agree it’s gone beyond mandates and it’s more about government corruption and exposing the lies and how the powerful media groups portray and control the narratives. Very interesting times we live in.|10159556121038904|Dylan Nose|2022-02-09 21:24:43|0|1|10159555708523904|facebook
Are you describing Ottawa or the whole country because of lockdowns?|10159555831423904|Larry Aelterman|2022-02-09 21:24:47|1|1|10159555708523904|facebook
Really Jane?  I would think demonizing people by our prime minister is more of a scandal  Can you imagine Donald Trump or Doug Ford talking like that to his citizens ?  You would be out in the street for weeks burning buildings down  And you know it 100%  Check your hypocrisy Miss  Maybe you give a pass on fascist rhetoric?  I certainly do not|10159555788373904|Patrick Nowlan|2022-02-09 21:24:47|1|1|10159555708523904|facebook
You ding-dongs dont think funds are going to last forever 😆😆🤣 its a matter of time.|10159555775998904|Jay Balackwa|2022-02-09 21:24:48|1|1|10159555708523904|facebook
uprising financed by Americans and republicans trying to interfere with our politics …|10159556326593904|Sean Wojcik|2022-02-09 21:24:44|1|1|10159555708523904|facebook
Jim Watson can't even man up to a woman who had his own kid  Jim  You don't actually think he gives a s*** about you. Do you?|10159555883553904|Patrick Nowlan|2022-02-09 21:24:47|1|1|10159555708523904|facebook
The world is watching… you’ve been suckered…https:// www.theguardian. com/ commentisfree/ 2022/feb/08/ ottawa-truckers- protest-anti-va xx-canada|10159555832563904|Bob Mack|2022-02-09 21:24:47|1|1|10159555708523904|facebook
I think Jane from Russia is confused Larry she's watching a movie about hostages in English|10159555817248904|Patrick Nowlan|2022-02-09 21:24:47|1|1|10159555708523904|facebook
maybe we should, maybe when someone you know dies from covid, you will change your opinion. Maybe not, I don't know your character.|10159556161508904|Barry MacLellan|2022-02-09 21:24:45|1|1|10159555708523904|facebook
I’d be delighted to take a wager on that…|10159555813048904|Bob Mack|2022-02-09 21:24:45|1|1|10159555708523904|facebook
Y'all don't realize this is so much bigger than what's going on in Ottawa. Many Canadian cities have joined it, and so have American cities, and so have other major cities around the free-world. It's time to take out freedom back from these dictators who present themselves as democratic leaders|10159555815938904|Katsuaki Taketou|2022-02-09 21:24:43|0|1|10159555708523904|facebook
Call the Army in .hope we have a leader that stands up for 90% of the Canada not just for afew thugs clean the swamp now your Dad would have done it weeks ago|10159556542418904|Kenneth Hill|2022-02-09 21:24:43|0|0|10159555708523904|facebook
Funds run out so will the covoy|10159555725638904|Jay Balackwa|2022-02-09 21:24:43|0|0|10159555708523904|facebook
everyone is livestreaming, where is the proof this is happening|10159556523853904|Peter Soltesz|2022-02-09 21:24:47|1|0|10159555708523904|facebook
Your the mayor. How about showing some leadership and end this illegal occupation of our city.|10159555859448904|Jim Hill|2022-02-09 21:24:43|0|0|10159555708523904|facebook
seems the Truckers already stated when it will end..|10159560771413904|Reg Goodwin|2022-02-16 21:24:43|0|0|10159555708523904|facebook
I don’t care if does about me but he should about the City of Ottawa.|10159555936903904|Jim Hill|2022-02-09 21:24:47|1|0|10159555708523904|facebook
Well I don't think anyone gives a s*** about the city of Ottawa They bend over backwards for certain protesters they agree with but then chastise and act evil against protesters they don't  Ottawa can burn down for all I care  And I do hope it does ☺️  You deserve to be another Portland|10159556397673904|Patrick Nowlan|2022-02-09 21:24:47|1|0|10159555708523904|facebook
hes a con, you need a lib for good leadership|10159556405053904|Bonnie Cull|2022-02-09 21:24:47|1|0|10159555708523904|facebook
Good , there will be no end till we get change !|10159555808923904|Matthew Leger|2022-02-09 21:24:43|0|0|10159555708523904|facebook
They are not leaving that is MORE are coming|10159561146238904|Rino Michaud|2022-02-16 21:24:43|0|0|10159555708523904|facebook
Everything is temporary... including this protest and the weather.|10159556055633904|Paul Joseph Venne|2022-02-09 21:24:43|0|0|10159555708523904|facebook
They are heavily funded and can last a long time and it's completely untraceable where it came from.|10159555824098904|Larry Aelterman|2022-02-09 21:24:48|1|0|10159555708523904|facebook
I see an end to Trudeau though soon.👍|10159556338508904|Linda Lise Mertes|2022-02-09 21:24:43|0|0|10159555708523904|facebook
Take some action.this is ridiculous.|10159556531423904|David Fowler|2022-02-09 21:24:43|0|0|10159555708523904|facebook
Time to carry on and ignore them. Its not like horns haven't been a part of Ontario's landscape its the one thing about the cities in Ontario that upset anyone long before the Protest arrived. Quit the news pieces about them without that all they have is Facebook where one by one they will all get suspended anyways. Its not like they haven't insulted every endorsed newspaper across the world already.|10159555984028904|Carla Zwicker|2022-02-09 21:24:43|0|0|10159555708523904|facebook
they will end when trudeau ends the vaccine for border crossing and the other resictions such as vaxpassports etc are ended it's real simple.|10159556257188904|Rob Simpson|2022-02-09 21:24:43|0|0|10159555708523904|facebook
Watson must be on the phone with his Globalist masters working out a plan right now.|10159556416503904|Tom Ramanauskas|2022-02-09 21:24:43|0|0|10159555708523904|facebook
Ottawa Mayor and Police who are truly those responsible for upholding the bylaws in place are truly incompetent|10159555838463904|Eddie Calisto-Tavares|2022-02-09 21:24:43|0|0|10159555708523904|facebook
Justin beat you cons 3x in a row Sparky lol he ain't going anywhere. Keep those con tears coming, lol nom nom nom #NEVERCON|10159556405788904|Bonnie Cull|2022-02-09 21:24:49|1|0|10159555708523904|facebook
Yes I wonder the same thing .Where are their rights ?????? I fell so sorry for them.My heart goes out to them espically the children 💔 😢|10159556375373904|Sharon Burke|2022-02-09 21:24:47|1|0|10159555708523904|facebook
Wrong. This odd a municipal matter. They are occupying Ottawa streets. If there were occupying Parliament Hill it would be Federal.|10159555935723904|Jim Hill|2022-02-09 21:24:49|1|0|10159555708523904|facebook
Time to put the conservative party on a terrorist watch list #LOCKTHEMUP|10159556404413904|Bonnie Cull|2022-02-09 21:24:47|1|0|10159555708523904|facebook
https:// youtu.be/ tB9vacrJE2U  Here's what the World is really saying   All the way from India maybe they're all racist like you'll probably think  You humanist you🤣  You're so worried about Donald Trump and the right wing in the USA but yet you defend a prime minister who speaks like Donald Trump  Get some help on that hypocrisy thing  ☺️|10159555859263904|Patrick Nowlan|2022-02-09 21:24:47|1|0|10159555708523904|facebook
except that isn't happening try watching something other then Liberal payed propaganda. Or better yet go down and see for yourself.|10159556349503904|Cary Mackenzie|2022-02-09 21:24:47|1|0|10159555708523904|facebook
, did you feel sorry for all the Canadians who lost everything due to the government shutdowns and mandates??? Ohhh and stop bullshitting about Ottawa residents being bullied and harassed|10159555819498904|Eddie Cochrane|2022-02-09 21:24:47|1|0|10159555708523904|facebook
yeah, it ain't an uprising, it's an assault on Canadian democracy.|10159556674403904|Jesse Zimmerman|2022-02-09 21:24:44|1|0|10159555708523904|facebook
Is trudeau truly the mad hatter, he certainly has disappeared down a rabbit hole, can he not say something, I know he can't think anything, but he is usually good at spouting out the side if his mouth, anything at all to give this seige some kind of hope to end this mayhem|10159556931438904|Myra Woolley|2022-02-09 21:24:43|0|0|10159555708523904|facebook
The true 'leaders' of the world are NOT democratic. They are the Banks!|10159556213118904|Art Stevens|2022-02-09 21:24:45|1|0|10159555708523904|facebook
so Waar here says something unreasonable, then you double down on the stupid.|10159555901993904|Logan Creed|2022-02-09 21:24:45|1|0|10159555708523904|facebook
so you want a change in government? What is your alternative? Why not do what responsible, rational people do and vote in who you want in the next election. Throwing a temper tantrum because you don't like the way things are is irresponsible and childish. Protest for change is fine, but not when it harms others. Blocking borders and roads and bridges is something you see radicals do in third world countries. All these protesters are doing is passing off 2/3 of the country. Canadians are patient, but the patience is not endless.|10159556106233904|Barry MacLellan|2022-02-09 21:24:45|1|0|10159555708523904|facebook
yup this is a right wing coup|10159556327128904|Sean Wojcik|2022-02-09 21:24:45|1|0|10159555708523904|facebook
go away … honestly go seek mental health|10159556327473904|Sean Wojcik|2022-02-09 21:24:45|1|0|10159555708523904|facebook
And that is wrong, and also largely out of the hands of Ottawa.|10159556532223904|David Fowler|2022-02-09 21:24:45|1|0|10159555708523904|facebook
A little off there. 33% of the vote and 63% voter turnout = 21%, and the Cons? 34% x 63% voter turnout = 22%. So no matter who would have won there would be little difference. Clearly, most people here don't like either party. But the simple fact is that the majority of voters here are center to center-left voters (about 62% this last election). The rest of your comment borders on sociopathic hysteria.|10159561199578904|Alex Buchanan|2022-02-16 21:24:45|1|0|10159555708523904|facebook
You have to interview the 45% of Canadians who support the truckers to form an opinion  Otherwise it's divisive rhetoric  That you seem not to have a problem with coming from a leader of a G7 country  Lose your narcissism|10159555816198904|Patrick Nowlan|2022-02-09 21:24:47|1|0|10159555708523904|facebook
You misrepresented the poll information… here’s the whole story… for those who deal in facts.. https:// beta.cp24.com/ news/2022/2/8/ 1_5772347.html|10159555847913904|Bob Mack|2022-02-09 21:24:47|1|0|10159555708523904|facebook
why not tell people who are harassing you would sure make more sense, I’m sure you took a page out of black faces booK of how to lie !!!|10159556194423904|Russell Trapp|2022-02-09 21:24:47|1|0|10159555708523904|facebook
If you think polls are facts sir you really should reevaluate your position|10159555849643904|Patrick Nowlan|2022-02-09 21:24:47|1|0|10159555708523904|facebook
today my mind is focused on the Ambassador Bridge because I know the volume of goods they cross. Ottawa is spending a fortune daily .. that is ransom to me.|10159555850528904|Jane Burkart|2022-02-09 21:24:47|1|0|10159555708523904|facebook
https:// toronto-citynews -ca.cdn.ampproj ect.org/v/s/ toronto.citynews .ca/2018/05/25/ ndp-heading-towa rds-majority-in -ontario-electi on-poll/amp/ ?amp_js_v=a6&amp _gsa=1&usqp=mq3 31AQKKAFQArABII ACAw%3D%3D#aoh= 16444730352203& referrer=https% 3A%2F%2Fwww.goo gle.com&amp_tf= From%20%251%24s &ampshare=https %3A%2F%2Ftoront o.citynews.ca%2 F2018%2F05%2F25 %2Fndp-heading- towards-majorit y-in-ontario-el ection-poll%2F   this is what I think about polls from 2018 . Now how did that work out for the NDP? Your argument is laughable|10159555853038904|Patrick Nowlan|2022-02-09 21:24:47|1|0|10159555708523904|facebook
Tell me   Tell me how Canadians are backing up Trudeau ? In his own party members are leaving him because of his language towards his fellow citizens?  Have you always come across as a narcissist?  And so who gives a s*** about the American right helping out in this  How much money did you send down to the States to watch Portland burn?  You're just sore you didn't get the January 6 you wanted so now you're trying to make one up . It's not working and you can't stand it🙂  Anyway you should be ashamed of yourself targeting truck drivers as evil look at the guy you voted for who pranced around in black makeup like a racist pig|10159555855398904|Patrick Nowlan|2022-02-09 21:24:47|1|0|10159555708523904|facebook
the communists? I don’t like the guy, but then again I voted. I just didn’t win. Drump gets my distain because he’s a horrible human .. fact is, this has nothing to do with him, he isn’t in the White House .. so why bring him into the conversation? He’s irrelevant .. except his friends do want the oil.. 😉|10159555868628904|Jane Burkart|2022-02-09 21:24:47|1|0|10159555708523904|facebook
except that isn't happening....  https:// youtu.be/ T3tlFgwZzmE  And sooooo many more on the ground. Locals too.|10159555869853904|Daniel O'Keefe|2022-02-09 21:24:47|1|0|10159555708523904|facebook
Cope, snowflake.|10159555875043904|Devin Lawrie|2022-02-09 21:24:47|1|0|10159555708523904|facebook
Drinking the liberal kool-aid I see.|10159555942943904|River Sutton|2022-02-09 21:24:47|1|0|10159555708523904|facebook
The protesters are not lefties. Why would they harass people like lefties do for power and control?|10159556152958904|Fitzroy Antdantilus|2022-02-09 21:24:47|1|0|10159555708523904|facebook
This profile screams bot.|10159556155463904|Dylan Nose|2022-02-09 21:24:47|1|0|10159555708523904|facebook
Ottawans pay taxes to three levels if govt none of whom has shown up.|10159556380868904|Patti Myles|2022-02-09 21:24:43|0|0|10159555708523904|facebook
