﻿comment|comment_ids|username|datetime|isreply|num_replies|post_id|label
Those standing in Freedom are the future. Stong, vital, wise people who will never submit to tyranny and will stand for Diversity, Balance, Harmony and for our beautiful Planet Earth. WATCH US! We are going to emerge from the wreckage caused by lies and tyranny.|10159551452018904|Darlene Dove|2022-02-09 19:27:08|1|8|10159551390948904|facebook
I saw all types of people at Parliament Hill, different races, religions, etc.|10159551414828904|Pete Ross|2022-02-09 19:27:03|0|3|10159551390948904|facebook
You don't get it either; the far right ORGANIZED the entire rally. They didn't have to infiltrate. It hasn't been taken over from them. It was theirs from the start and they are still steering the ship 🙄🙄  And you're obviously okay with that or in denial|10159551444958904|Simon A. James|2022-02-09 19:27:08|1|3|10159551390948904|facebook
God is weeding out all the sinners|10159551476733904|Alvina Babar|2022-02-09 19:27:06|1|2|10159551390948904|facebook
try actually reading more than the headline...|10159551448528904|Simon A. James|2022-02-09 19:27:08|1|2|10159551390948904|facebook
Can you articulate what you mean by freedom?|10159551444638904|Monica Noij|2022-02-09 19:27:08|1|2|10159551390948904|facebook
useful fools the lot of them.  The organizers and speakers, for whom this has been a huge boom, are the fundamental christians, q-anon antidemites and white supremacists.  Just doing the age old thing where they mobilize angry stupid people to build their movement. Canada has lots of those it seems.|10159551462353904|Patrick Randall|2022-02-09 19:27:12|1|2|10159551390948904|facebook
Soooo... it is the pacificity of the majority that legitimizes the protest? Just because the protests are full of sound and fury (signifying nothing), the rest of us must compete and make yet more noise and counter-protest . And this supposedly, will stop the protestors? Sorry, but I thought that is what we had laws for; to provide the separation between legitimate/ acceptable social behaviour and the other. Here's a thought; what if we set up 'citizens militias' to protect ourselves - for situations like this where the police decide the best thing is not to enforce the law and protect law-abiding citizens, and that standing idly by, doing nothing, is the best way to diffuse the situation. Armed citizens stepping up to protect their rights versus truckers illegally protesting their loss of their rights to liberty...methi nks Elon Musk hasn't really thought this through.|10159551872668904|Darryl Green|2022-02-09 19:27:09|1|2|10159551390948904|facebook
Many crimes have been committed in the name of religion… all of them.|10159551490118904|Joan Hurren|2022-02-09 19:27:03|0|2|10159551390948904|facebook
"What exactly are you not being allowed to participate in? Not getting vaccinated? Looks like you had the ""freedom"" to make that decision yourself....... the freedom of choice you claim you're being denied."|10159551527473904|Gee Fore Allen|2022-02-09 19:27:08|1|2|10159551390948904|facebook
post one example with date, time, publication where he calls “the unvaccinated as fringe, Racist, misogynist” as you stated in your untruthful post. I will wait.|10159553872348904|Philip Standard|2022-02-09 19:27:13|1|2|10159551390948904|facebook
".... or those who are not part of ""the protest"" realise a counter-protest would not be productive, and indeed would be counter-product ive and even more divisive."|10159551536238904|Rose Cantelo Mayhew|2022-02-09 19:27:09|1|1|10159551390948904|facebook
"Elon musk: “If the government had the mandate of the people, there would be a significant counter protest. There is not, therefore they do not. """|10159551489598904|Darren Murtha|2022-02-09 19:27:03|0|1|10159551390948904|facebook
I found some covid comedy you might enjoy https:// youtu.be/ Abant5ysUNE|10159551892868904|Darren Murtha|2022-02-09 19:27:09|1|1|10159551390948904|facebook
Canadians come from all over the country to fight a federal mandate. Media people sorting machine keeps trying to fit then into some category so they can be pitted against other Canadians.|10159551481538904|Dimitri Kobrin|2022-02-09 19:27:03|0|1|10159551390948904|facebook
Ooo. It’s such a crime now to be a Christian. Not sure why us christians are even paying taxes anymore.|10159551452838904|Mark Rosner|2022-02-09 19:27:03|0|1|10159551390948904|facebook
Your churches don't pay taxes. Maybe that should change.|10159551538263904|Gee Fore Allen|2022-02-09 19:27:11|1|1|10159551390948904|facebook
Wait until the truth outs that many of the deaths of seniors were due to neglect, not covid. My mother in-law never had a vaccine, had the virus, recovered, took 2 Moderna shots because the Dr. told here she would protect others even though she had not left her room in over a year, was not receiving regular baths or food, was paralyzed from the neck down after the 2nd Moderna shot and died 5 weeks later never recovering the use of her legs, classic Guillain Barre Syndrome and no one will listen. Shame on Canadians that do not do the research and repeat the mantra the vaccines are safe and effective, when the mRNA shots for SARS-Cov-2 are unsafe and ineffective, and should never be given to children.|10159552305883904|Darlene Dove|2022-02-09 19:27:08|1|1|10159551390948904|facebook
An authority on what? He is somewhat diversified in experience, considering what he was, the changes he made to his life and what he is today.|10159551483908904|Rose Cantelo Mayhew|2022-02-09 19:27:05|1|1|10159551390948904|facebook
bingo is right|10159553271248904|Joanne Creamer|2022-02-09 19:27:13|1|1|10159551390948904|facebook
The far right uses Christianity like ISIS uses Islam - hiding hate behind a veil of religion|10159551695643904|Maxine Newbold|2022-02-09 19:27:03|0|1|10159551390948904|facebook
bingo|10159551893858904|Joanne Johnson-Meyers|2022-02-09 19:27:13|1|1|10159551390948904|facebook
truckers commiting tyranny while stepping on other Canadians to get what they want. The irony.|10159551729988904|Ashley Faller|2022-02-09 19:27:08|1|1|10159551390948904|facebook
Jesus would be ashamed by this “protest”. He was all about taking care of our neighbours.|10159551847153904|Philip Standard|2022-02-09 19:27:03|0|1|10159551390948904|facebook
Just like our government is doing by dehumanizing anyone that refuses to get the vaccine. Right?|10159553256878904|Chad Falkenberg|2022-02-09 19:27:13|1|1|10159551390948904|facebook
you mean protecting our most vulnerable?|10159553264153904|Philip Standard|2022-02-09 19:27:13|1|1|10159551390948904|facebook
you need to dehumanize people that are unvaccinated to protect the vulnerable?|10159553406523904|Chad Falkenberg|2022-02-09 19:27:13|1|1|10159551390948904|facebook
that is how we got rid of polio.|10159553413673904|Philip Standard|2022-02-09 19:27:13|1|1|10159551390948904|facebook
by dehumanizing people?|10159553416778904|Chad Falkenberg|2022-02-09 19:27:13|1|1|10159551390948904|facebook
by insisting that everyone needed the polio vaccine or they could not attend school or work.|10159553463358904|Philip Standard|2022-02-09 19:27:13|1|1|10159551390948904|facebook
I'm sorry, you seem to be on social media enough to know that Justin Trudeau - Canada's Prime Minister - referred to the unvaccinated as fringe, racist, misogynist white supremecists with unacceptable views. He was generalizing of course. Now, I'm not sure how that helps the vulnerable. You seem to know how and I would like you to explain it to me.|10159553486398904|Chad Falkenberg|2022-02-09 19:27:13|1|1|10159551390948904|facebook
you obviously didn’t read what he said. He referred to the horrible people organizing and participating in the “convoy”. Show me once where he uses the world “unvaccinated”. You sound ridiculous and uneducated.|10159553496743904|Philip Standard|2022-02-09 19:27:13|1|1|10159551390948904|facebook
this has been going on since the last election. Many many occasions I pulled from|10159553843968904|Chad Falkenberg|2022-02-09 19:27:13|1|1|10159551390948904|facebook
https:// youtu.be/ 5I0tk6OO5sw|10159553904238904|Chad Falkenberg|2022-02-09 19:27:14|1|1|10159551390948904|facebook
https:// www.bing.com/ videos/ search?q=raspber ry+sound&&view= detail&mid=6D4A 757CE861E5A4610 36D4A757CE861E5 A46103&rvsmid=0 2D1214835963DB3 650902D12148359 63DB36509&FORM= VDQVAP|10159551934518904|Michael Powell|2022-02-09 19:27:08|1|1|10159551390948904|facebook
Coren is hardly an authority|10159551422503904|Cathy Bowslaugh|2022-02-09 19:27:03|0|1|10159551390948904|facebook
https:// fortune.com/ 2022/01/19/ covid-19-booster s-block-immunit y-omicron-study -finds/|10159551444768904|Darlene Dove|2022-02-09 19:27:08|1|1|10159551390948904|facebook
Many psychological experts are suggesting that the problem people are those who feel they are losing their place in society, that they've been kicked down and are losing control and that change will only make their lives worse. Selfishness is not so unusual in this world -- I very selfishly believe that the vaccines and mandates will make the world .... and my life, and my neighbour's lives, better.|10159551520828904|Rose Cantelo Mayhew|2022-02-09 19:27:08|1|1|10159551390948904|facebook
God loves a good plague|10159551434893904|Greg Joiner|2022-02-09 19:27:03|0|1|10159551390948904|facebook
Freedom fighters have taken over the Far Right and vastly outnumber them. Hatred will never Win!|10159551448118904|Darlene Dove|2022-02-09 19:27:08|1|1|10159551390948904|facebook
Something wrong with starting with the Lord’s Prayer?|10159551568188904|Yann Bossel|2022-02-09 19:27:03|0|1|10159551390948904|facebook
It's frightening to consider who and what stands with you. With all that wisdom and knowledge out there, not to mention hindsight, what is the one thing you would have done above all others when this pandemic started?|10159551485283904|Rose Cantelo Mayhew|2022-02-09 19:27:08|1|1|10159551390948904|facebook
in order for them not to put their selfishness aside and tighten their seatbelts to bring the pandemic under control, they have to convince themselves the pandemic is not real, or that it's not as bad as everybody is making it to be. That's why they keep shifting the goal post.|10159551511043904|Kwaku Ametor|2022-02-09 19:27:08|1|1|10159551390948904|facebook
He has always made a living by talking. That's nothing new.|10159551642868904|Rose Cantelo Mayhew|2022-02-09 19:27:05|1|1|10159551390948904|facebook
yes he became a paid lip career.|10159551641148904|Sam Wong|2022-02-09 19:27:05|1|1|10159551390948904|facebook
I am Canadian. I stand for Diversity. I stand for living in balance and harmony on the beautiful Planet Earth we ALL live on together. I stand for Wisdom, Knowledge and Logic where all true solutions are to be found. I stand for Truth. I stand for Freedom of Choice. I will never acquiese to tyranny. Try to call this Far Right. I stand with the truckers.|10159551410728904|Darlene Dove|2022-02-09 19:27:03|0|1|10159551390948904|facebook
artical ... Is about the reader ... Not what he is reading .. Per say|10159551895533904|Joanne Johnson-Meyers|2022-02-09 19:27:07|1|0|10159551390948904|facebook
on the far right n a little lower american politic|10159551888408904|Joanne Johnson-Meyers|2022-02-09 19:27:08|1|0|10159551390948904|facebook
Which God, and who's God?|10159551518468904|David Murray|2022-02-09 19:27:06|1|0|10159551390948904|facebook
Some are Christian and have a right to pray. Why are you reporting drivel like this??|10159553219088904|Clara Chol|2022-02-09 19:27:03|0|0|10159551390948904|facebook
Would probably lash on to anything that would further their cause. Look at all those Right wing US politicians latching themselves to the cause like leeches. Who knew Donald Trump and Ted Cruz we so interested in Canadian politics.|10159552296653904|Susan Teepell|2022-02-09 19:27:03|0|0|10159551390948904|facebook
sad state of affairs indeed|10159553272938904|Joanne Johnson-Meyers|2022-02-09 19:27:13|1|0|10159551390948904|facebook
Stay up to date.|10159551445168904|Darlene Dove|2022-02-09 19:27:08|1|0|10159551390948904|facebook
I believe in Body Autonomy, but it must be done in an informed and responsible way. With great freedom, comes great responsibility.|10159551446588904|Darlene Dove|2022-02-09 19:27:08|1|0|10159551390948904|facebook
the FAR LEFT are desperate and are losing what’s left of their minds.|10159551446723904|Hill RK|2022-02-09 19:27:08|1|0|10159551390948904|facebook
Devil’s advocates is more like it. Using the Lord’s Prayer for political reasons is a sin!!😡|10159551458853904|Susan Larocque|2022-02-09 19:27:03|0|0|10159551390948904|facebook
"Where do they find these opinion ""journalists"" or Communists? Sorry meant columnists?"|10159551653683904|Jody Squires|2022-02-09 19:27:03|0|0|10159551390948904|facebook
So not only do these people not have the same rights to peaceful protesting or medical decisions... you're now questioning their right to religious freedoms? Smrt|10159552145748904|Sandra Salanki|2022-02-09 19:27:03|0|0|10159551390948904|facebook
.... would they be the people with or without the vaccine? 😉|10159551481473904|Rose Cantelo Mayhew|2022-02-09 19:27:06|1|0|10159551390948904|facebook
Really? Must have been an awakening for you|10159551591718904|Debera Perkins|2022-02-09 19:27:12|1|0|10159551390948904|facebook
Paid Lip and freepress journalist are totally two different thing. the violent protestors in ottawa the police and rcmp goin to crack down - https:// rumble.com/ vu7ky6-what-its- really-like-in- ottawa.html?fbc lid=IwAR2GD7h6r 7zuMbWaD1SErTa7 BiR39AklN2_Eoc1 aOznK0RRUP3llBK _dVao|10159551650108904|Sam Wong|2022-02-09 19:27:05|1|0|10159551390948904|facebook
here's him saying it on TV https:// youtu.be/ 5I0tk6OO5sw|10159553892093904|Chad Falkenberg|2022-02-09 19:27:14|1|0|10159551390948904|facebook
seriously!!!! That is your proof?? I’m dying over here! Did not say it at all. You are grasping. 😂😂|10159554548398904|Philip Standard|2022-02-09 19:27:14|1|0|10159551390948904|facebook
LMAO, AHHHHHH the truckers are praying, run for the hills.|10159553288898904|Shannon Fox|2022-02-09 19:27:03|0|0|10159551390948904|facebook
No surprise. It's what their right-wing heroes in the USA did decades ago.|10159551436648904|Jeff Hamacher|2022-02-09 19:27:03|0|0|10159551390948904|facebook
Couldn't agree more. The right has no more claim on Christianity than the left on freedom of thought.|10159554691863904|Robin Merrifield|2022-02-09 19:27:03|0|0|10159551390948904|facebook
I'm sorry, I thought you were trying to be a respected news source. At least try, just a little...|10159551653748904|Daniel O'Keefe|2022-02-09 19:27:03|0|0|10159551390948904|facebook
It's time to start holding the anti vaxer's legally responsible for their lies and actions.|10159551725058904|Manfred Forest|2022-02-09 19:27:04|0|0|10159551390948904|facebook
And you're surprised? Those who subscribe to evangelical mythology have been part of the far right for decades in the United States.|10159551445423904|William R. Zöller|2022-02-09 19:27:04|0|0|10159551390948904|facebook
I know God told Him !! lol|10159552250743904|Basil Bourdeau|2022-02-09 19:27:04|0|0|10159551390948904|facebook
Isn’t it time for Michael Coren’s next regularly scheduled religious conversion?|10159553210123904|Colin Pye|2022-02-09 19:27:04|0|0|10159551390948904|facebook
Freedom is a far right issue these days according to the left?|10159553059278904|Lance Brizard|2022-02-09 19:27:04|0|0|10159551390948904|facebook
exactly ... A few thousand .. Anyhow|10159551893573904|Joanne Johnson-Meyers|2022-02-09 19:27:12|1|0|10159551390948904|facebook
Unfortunately, you are correct!|10159551535793904|Cindy Sguazzin|2022-02-09 19:27:12|1|0|10159551390948904|facebook
Sorry, I meant this for !|10159551537943904|Cindy Sguazzin|2022-02-09 19:27:12|1|0|10159551390948904|facebook
"I am vaccinated and I am unable to live freely in my own country. If I were living freely I would not be required to provide personal medical information to move about or access services.  A coerced decision is NOT a free decision. A free decision does not require forced compliance.  Conflating gov't punishment for a fully legal choice with the word ""consequence"" is inanity, if you are going with that line.  The vaccine we took does not protect anyone but ourselves as Covid, and especially Omicron, spread despite it.  As such the claim of responsibility being touted for being vaccinated is without merit. Covering for decades of inept health care leadership by scapegoating the unvaccinated is also far from any kind of ‘responsible’ choice.  Too many of those that are vaccinated are standing on a fully unearned moral high ground."|10159551607873904|Arlene Dykstra|2022-02-09 19:27:08|1|0|10159551390948904|facebook
It is much more than truckers. Oh Canada glorious and free. This is medical tyranny. Wait until the truth outs that the mRNA injections are unsafe and ineffective.|10159552299493904|Darlene Dove|2022-02-09 19:27:08|1|0|10159551390948904|facebook
- there are many, many people who are fully vaccinated who support the truckers|10159551601453904|Bill Roest|2022-02-09 19:27:08|1|0|10159551390948904|facebook
You have lost your mind.|10159552432783904|Ashley Faller|2022-02-09 19:27:08|1|0|10159551390948904|facebook
Just more entitled jibber from the GTA!!!|10159552659333904|Angie Watling|2022-02-09 19:27:08|1|0|10159551390948904|facebook
so?|10159551490373904|Chris Urban|2022-02-09 19:27:03|0|0|10159551390948904|facebook
Big difference between calling yourself a priest and being one. Ephesians 6,12 [12]For our struggle is not against flesh and blood, but against principalities and powers, against the directors of this world of darkness, against the spirits of wickedness in high places.|10159551429058904|Darrell J Delorey|2022-02-09 19:27:03|0|0|10159551390948904|facebook
What a joke! I’m sure these guys are praying hard for the people in this country who *actually* have and continue to experience oppression. We have Duck Dynasty level civics and ethics understanding flying around this country.|10159551630743904|Jimmy Voskakis|2022-02-09 19:27:03|0|0|10159551390948904|facebook
Every Christian thinks they're the righteous one... Delusion will do that to a person|10159551484738904|Peter Hardy|2022-02-09 19:27:03|0|0|10159551390948904|facebook
If faith groups or church group help protestors in funding money then they should be Taxed under the CRA as a business and taxed|10159551939318904|Jeff Elliott|2022-02-09 19:27:03|0|0|10159551390948904|facebook
it's also why you're educated or trying to be !|10159551752853904|Glenda Maduro Mansur|2022-02-09 19:27:09|1|0|10159551390948904|facebook
They sure have. Look up Gott Mit Uns.|10159551825528904|Geoff Erving|2022-02-09 19:27:09|1|0|10159551390948904|facebook
the violent protestors in ottawa the police and rcmp goin to crack down - https:// rumble.com/ vu7ky6-what-its- really-like-in- ottawa.html?fbc lid=IwAR2GD7h6r 7zuMbWaD1SErTa7 BiR39AklN2_Eoc1 aOznK0RRUP3llBK _dVao|10159553722978904|Sam Wong|2022-02-09 19:27:09|1|0|10159551390948904|facebook
Well said Darlene. Mr Trudeau should resign.|10159551512203904|Benjamin Pang|2022-02-09 19:27:08|1|0|10159551390948904|facebook
Dan Carroll funny thing is you’re the ones who sound just like the useful idiots yelling about freedom right after 9/11.😂😂🤣😂🤣😂🤣|10159551494118904|Patrick Randall|2022-02-09 19:27:08|1|0|10159551390948904|facebook
spoken .. Like a true Canadian .... Hear hear|10159551889993904|Joanne Johnson-Meyers|2022-02-09 19:27:09|1|0|10159551390948904|facebook
me thinks ... You american or wanta be .... I am Canadian .. F off eh|10159551891778904|Joanne Johnson-Meyers|2022-02-09 19:27:09|1|0|10159551390948904|facebook
exactly, and these health protections are in place for that exact reason, stop calling them restrictions.|10159551490763904|Joy Fleury|2022-02-09 19:27:08|1|0|10159551390948904|facebook
there were counter protests 🤷🏻‍♀️ and government officials (those who are apparently are out to get you) keep discouraging counter protests because they don’t want the truckers to get violent soooooo 🤷🏻‍♀️|10159552034993904|Zahra Zahra|2022-02-09 19:27:09|1|0|10159551390948904|facebook
A bunch of Hypocrites, and law breakers can still recite the Lord's Prayer !!!! What a joke!|10159551549693904|Mona Hawkins|2022-02-09 19:27:03|0|0|10159551390948904|facebook
What B.S., the Church is the original mandate pusher in Canada|10159551680858904|Allan Cypher|2022-02-09 19:27:03|0|0|10159551390948904|facebook
the violent protestors in ottawa the police and rcmp goin to crack down - https:// rumble.com/ vu7ky6-what-its- really-like-in- ottawa.html?fbc lid=IwAR2GD7h6r 7zuMbWaD1SErTa7 BiR39AklN2_Eoc1 aOznK0RRUP3llBK _dVao|10159553723953904|Sam Wong|2022-02-09 19:27:10|1|0|10159551390948904|facebook
Good for the truckers. To put them down for it makes you a bigot and would be an attack on all religions.|10159551518393904|Greg Waters|2022-02-09 19:27:03|0|0|10159551390948904|facebook
Belief in imaginary sky pixies is a sign of mental illness.|10159551575243904|Jerry Chong|2022-02-09 19:27:11|1|0|10159551390948904|facebook
Well said Darrell ❤|10159551438108904|Peggy Decoste|2022-02-09 19:27:03|0|0|10159551390948904|facebook
Probly shouldn’t have joined a movement started and organized by white supremacists then.|10159551460573904|Patrick Randall|2022-02-09 19:27:08|1|0|10159551390948904|facebook
Freedom and Truth will always prevail. Hatred doesn't stand a chance!|10159551450048904|Darlene Dove|2022-02-09 19:27:08|1|0|10159551390948904|facebook
another topic. Feel free to explore it. Until Then we are citizens with rights. And do a lot for communities.|10159551723783904|Mark Rosner|2022-02-09 19:27:12|1|0|10159551390948904|facebook
Report on Joel Lightbound instead, the liberal mp who is calling out Trudeau and his divisive language.|10159553220153904|Clara Chol|2022-02-09 19:27:03|0|0|10159551390948904|facebook
are you FREE to travel without a vax passport? Are you FREE to go to a gym, a bar, a restaurant without a vax passport? Are you FREE to have as many friends and family over fro dinner as you wish? No didnt think so.|10159551448363904|Hill RK|2022-02-09 19:27:08|1|0|10159551390948904|facebook
Québec secularism.1 Canada 0|10159551432618904|Pascal Briand|2022-02-09 19:27:04|0|0|10159551390948904|facebook
