﻿comment|comment_ids|username|datetime|isreply|num_replies|post_id|label
Those high school drop outs brought all of us food and toilet paper when everyone else were hiding in their homes. We can soon forget.|10159573620643904|AnnSterling Fawcett|2022-02-23 21:26:25|0|6|10159573534983904|facebook
Tamara Lich remains in prison for long weekend, which is brilliant, as she cries “I just want to go home”, should have thought of that 3-weeks ago honey, before becoming a criminal!|10159573581948904|Craig W F Hamilton|2022-02-23 21:26:25|0|3|10159573534983904|facebook
if someone gets fired for not following health and safety protocols in a place of work that’s not coercion.|10159573740228904|Alice Tu|2022-02-23 21:26:35|1|3|10159573534983904|facebook
Excellent work by all the police officers and their magnificent horses involved in this clearance operation. Next arrest the treasonous CONs who incited and fully support these insurrectionist s (scheer,poiliev re, bergen, cooper, gladu, ferreri, patzer, rood, o’toole, genuis, et al). 🚔 🚔👎|10159573579278904|Todd Keough|2022-02-23 21:26:25|0|3|10159573534983904|facebook
-yes -they are hardworking truckers. No one needs to toss the label Nazis because if they read about the time -they would know Hitler would not allow protests.|10159573625453904|Lisa Lyndon|2022-02-23 21:26:29|1|2|10159573534983904|facebook
if by white supremacists you mean an Indigenous woman and a jewish man then sure you’re correct!! 🙄|10159573655313904|Emma Burns|2022-02-23 21:26:29|1|2|10159573534983904|facebook
being threaded to lose your job because you do not wish to have an invasive medial treatment, is coercion. Especially given the relatively minor outcomes of COVID.|10159573745333904|James Stuart Linnell|2022-02-23 21:26:35|1|2|10159573534983904|facebook
"Coercion through threat of job loss is your idea of ""success""?  2 doses not being enough and before the protest the continuance of mandates, lockdowns, etc across all of Canada was still going to occur... that's ""success""?  Anyone ignoring the countless countries that have already lifted their mandates is living in a fairy tale mainstream media news world."|10159573735558904|Lukasz Suckiel|2022-02-23 21:26:35|1|2|10159573534983904|facebook
Just from my own personal experience every single person in my family who received 2 doses only took those doses to work because it was being mandated, not because they wanted it in their body.  Now ALL of them refuse to take anymore boosters as they see it didn't end this madness and their lives are being held hostage by mandates and syringes.|10159573717918904|Lukasz Suckiel|2022-02-23 21:26:35|1|2|10159573534983904|facebook
ah yes the hitler argument, how exactly is this like Hitler?  Like actual examples not just general vague statements.|10159573851403904|Alice Tu|2022-02-23 21:26:35|1|2|10159573534983904|facebook
, read a history book, go to a legion and talk to an older vet, or talk to an older Jewish person. In other words, educate yourself|10159573864343904|Tom Edwards|2022-02-23 21:26:35|1|2|10159573534983904|facebook
There were NO arrests or charges laid!!! Everyone was released, after brutal beatings of course! There is NO law against peacefully protesting under the Charter of Rights!|10159574074713904|Derek Steven Cunningham|2022-02-23 21:26:25|0|2|10159573534983904|facebook
That is so funny...That is why so many were handcuffed and driving 20-30 minutes away and was told they are free to go, did not have their rights read to them, did not get a ticket, didn't take down their info. One was dropped off at the mall, and he walked back still had all his belongings in the bag that the officer used to hold the protestors stuff. Anyone I know that have been arrested was taken to the cops station and had paperwork on when to go to court....but at the protest the protestors did not have that happen. Only the organizers like Pat, Tamara and chris were being held and charged. It's ok for what you want to believe and what I want to believe on who is telling the truth.|10159574005773904|Lisa Tracey|2022-02-23 21:26:27|1|2|10159573534983904|facebook
government officials have met with neo nazi battalions under the Azov banner in Ukraine. Trudeau also approved training the neonazis. And now weapons and money are going to this same group. So Trudeau saying Jewish MP's support swastikas is especially reprehensible when you consider he supports them militarily.  https:// ottawacitizen.co m/news/ national/ defence-watch/ canadian-officia ls-who-met-with -ukrainian-unit -linked-to-neo- nazis-feared-ex posure-by-news- media-documents|10159574873278904|Fringe Majority|2022-02-23 21:26:36|1|2|10159573534983904|facebook
Ottawa residents can have their city back, without the fear and closures|10159573679548904|James Milne|2022-02-23 21:26:25|0|2|10159573534983904|facebook
the convoy wanted the Federal government to trample on Provincial government jurisdiction and you’re saying he’s a dictator because he respected separation of power?  This misinformation campaign is so full of holes.|10159573768193904|Alice Tu|2022-02-23 21:26:35|1|2|10159573534983904|facebook
"Some ""Christian"" you are let alone someone who even understands what freedom is.  I'm blocking you. People who laugh, mock, and support this totalitarianism I don't even want any association whatsoever with anymore."|10159573709808904|Lukasz Suckiel|2022-02-23 21:26:29|1|2|10159573534983904|facebook
Alberta and Saskatchewan are right wing Trump lovers. Guns vs brains.|10159574125558904|John Godfreyson|2022-02-23 21:26:26|1|2|10159573534983904|facebook
Gale Roossien The only freedom she wants is to see Alberta freed from the rest of Canada and the Gofundme money freed and given to her for her own use.|10159574001658904|Chrys Kaloudis|2022-02-23 21:26:31|1|2|10159573534983904|facebook
Not if you're still there.|10159573751453904|Nofrendze Cleveland|2022-02-23 21:26:41|1|2|10159573534983904|facebook
maybe learn the difference between arrested and charged|10159573709548904|Gavin McKenzie|2022-02-23 21:26:27|1|2|10159573534983904|facebook
where is all this anger coming from?|10159574250858904|Kevin Phinney|2022-02-23 21:26:32|1|2|10159573534983904|facebook
Fire Trudeau debate not needed|10159573561123904|Dave Cromarty|2022-02-23 21:26:25|0|2|10159573534983904|facebook
Clearly your still putting out false info...there were not 200 arrests, sure there were a few arrested, but the majority was not arrested, not charged. They were driven 20 mins out of the downtown and let go.|10159573671193904|Lisa Tracey|2022-02-23 21:26:25|0|2|10159573534983904|facebook
You don't get a say. It was the Queen who chose Ottawa to be our capital. Read a book.|10159573773023904|Bonnie Cull|2022-02-23 21:26:34|1|1|10159573534983904|facebook
"- who cares what some foreign deceased old lady said. ""Read a book"" - lol lol."|10159573787603904|Walt Jakeway|2022-02-23 21:26:34|1|1|10159573534983904|facebook
nonsense... I’m from Ottawa and have friends and members of my family who live in and near downtown Ottawa... it was a nightmare for all. Furthermore, some of these ‘pro-testers’ were aggressive towards locals.|10159574374983904|Stéfan Breton|2022-02-23 21:26:31|1|1|10159573534983904|facebook
they were far from paralyzed, they were free to come and go as well as the protestors, if they chose to live in their bubble because horns honked, that’s on them. They probably hid away for the last two plus years and were happy with that as well.|10159574094168904|Carol Gammel|2022-02-23 21:26:31|1|1|10159573534983904|facebook
That means the mandates worked.|10159573729248904|Richard Dale|2022-02-23 21:26:35|1|1|10159573534983904|facebook
Why invoke the Emergencies Act and then not use it to deal with the emergency? Why allow the situation to continue long after it could and should have been resolved? I'd say our MPs have a lot of discussing to do.|10159573990403904|Linda Hendry|2022-02-23 21:26:25|0|1|10159573534983904|facebook
Preach it sister|10159573878898904|Bonnie Cull|2022-02-23 21:26:31|1|1|10159573534983904|facebook
Gale Roossien what freedom have Canadians lost? Please explain this to me. What freedom has anyone lost. Answer :none. There was a global pandemic. We were asked to stay home and wear masks. Then scientists developed a way to help reduce death and hospitalization . 80 plus per cent of people went out and got a free vaccine that saved countless lives. How has Canada screwed you over? Afraid of a needle? Don’t trust scientists but Tamara Lich speaks to you? Holy crap give your head a shake. Where on earth do you expect to park a truck in the middle of the road and party in a hot tub and spit on people and cause a mess for 24 days? Answer No where. And as for the vaccine if you don’t want one you don’t have to have one. You just can’t have your cake and eat it too. You do not have the right to infect me. You could always go outdoors. You could always shop for essentials. Luxuries were limited for a while - because god forbid white Canadians need to go sit at a restaurant. You were free to get all the takeout you wanted. Check your privilege and be grateful.|10159573840018904|Brenda Wood|2022-02-23 21:26:31|1|1|10159573534983904|facebook
Gale Roossien protests, anytime, but purposely paralyzing a city, no way, not that I expect that you give a dam as you don’t live here.|10159573801713904|Stéfan Breton|2022-02-23 21:26:31|1|1|10159573534983904|facebook
Debate all they want we know who will vote in favour of the Act, we know who won't. We know who will spin this to smear the Liberals. Provincial Conservatives ignored the situation, therefore the federal Liberal government had to step in the trade line to protect our economy Debate all you want spin it all you want. It's done and it worked, the majority of Canadians and all the citizens of Ottawa are pleased.|10159574058588904|Karen Ripley Congdon|2022-02-23 21:26:25|0|1|10159573534983904|facebook
Read it and weep but,  Two-thirds of Canadians support Prime Minister Justin Trudeau’s decision to invoke the Emergencies Act to help handle the protests across the country, according to a new survey.  The Maru Public Opinion poll shows majority support for the measure in every province across the country with more than 70 per cent of those in B.C., Atlantic Canada and Quebec strongly in favour of the move while 65 per cent of those in Ontario approve. Those most likely to oppose invoking the Act can be found in Alberta (49 per cent) and Saskatchewan (43 per cent) where premiers of both those provinces have voiced their displeasure with the move.|10159573881763904|Dwight Osbaldeston|2022-02-23 21:26:25|0|1|10159573534983904|facebook
And the largest COVID study conducted with over 2 million participants has proven natural immunity is up to 15x stronger of an immunity.  So the very fact anyone here is supporting this totalitarianism and division instead of following the lead of many free countries who have ended their mandates and recognize natural immunity is just on the wrong side of history, period.|10159573740763904|Lukasz Suckiel|2022-02-23 21:26:35|1|1|10159573534983904|facebook
Police are coming for all the people who participated in the so-called protest that occurred in downtown core of Ottawa, even the people who only attended the illegal and unlawful seige/ occupation temperorarily,s ay on a weekend -- over the course of the next several months, police will identify the dumbassess who participated in the illegal and unlawful seige/ occupation through traditional media, social media, etc. etc. -- the consequences will be freezing of bank accounts, cancelling of credit cards and other financial consequences as well as criminal charges -- look out dumbasses because they are now coming for you!|10159573612648904|Gordon Earle|2022-02-23 21:26:40|1|1|10159573534983904|facebook
Congrats Ottawa. You fought the fascists and won. Take a bow.|10159573776918904|Bonnie Cull|2022-02-23 21:26:25|0|1|10159573534983904|facebook
https:// www.thecanadiane ncyclopedia.ca/ en/article/ canadian-charter -of-rights-and- freedoms-plain- language-summar y|10159573983773904|Nofrendze Cleveland|2022-02-23 21:26:42|1|1|10159573534983904|facebook
Clean up the mess in your own country and you obviously haven't read our charter.|10159573937353904|Debra Yundt|2022-02-23 21:26:42|1|1|10159573534983904|facebook
Every cop making arrests or using force is a criminal aggressor. We have Charter Rights to peaceful assembly, there's no more appropriate place than where they're doing it. Enough said. This is in clear violation of the Charter that his dad helped bring in, go figure.|10159573746368904|Nofrendze Cleveland|2022-02-23 21:26:25|0|1|10159573534983904|facebook
wow! Come up with that by yourself! Impressive.|10159573873853904|David Wale|2022-02-23 21:26:41|1|1|10159573534983904|facebook
Finally the losers are gone|10159573688798904|David Wale|2022-02-23 21:26:25|0|1|10159573534983904|facebook
For what crime? Beating you cons 3x in a row? LMAO Keep those con tears coming nom.mom.nom|10159573773643904|Bonnie Cull|2022-02-23 21:26:40|1|1|10159573534983904|facebook
gotta love communism|10159573614278904|Dave Cromarty|2022-02-23 21:26:40|1|1|10159573534983904|facebook
- Nope. If a fight was to happen, it would have occurred in Ottawa. No one is getting out of bed for another round of honk-honk anytime soon.|10159574064233904|Stan Duptall|2022-02-23 21:26:39|1|1|10159573534983904|facebook
Whatever it takes.|10159573741248904|Richard Dale|2022-02-23 21:26:35|1|1|10159573534983904|facebook
Freedom fight will go on .|10159573628243904|Mark Whitney|2022-02-23 21:26:25|0|1|10159573534983904|facebook
The trucks should be sold to offset the cost of dealing with these anarchists|10159573962198904|Don Purchase|2022-02-23 21:26:25|0|1|10159573534983904|facebook
It’s amazing how much Trudeau hates legal gun owners to have them but has no problem ordering them against unarmed civilians !!!🤔|10159573724153904|Glen Edwards|2022-02-23 21:26:25|0|1|10159573534983904|facebook
Soon trucks will be driverless. Thank god.|10159573848433904|Arun Arunkumar|2022-02-23 21:26:25|0|1|10159573534983904|facebook
I studied international relations in university, specially peace and conflict studies. Both World wars were regularly read about and studied. I have a lot of Jewish friends, have spoken to vets. Non have compared this to Hitler and in fact many holocaust survivors say it’s an insult to compare and covid measure to what they experienced.  Maybe check your facts.|10159573873213904|Alice Tu|2022-02-23 21:26:35|1|1|10159573534983904|facebook
Andrew Lindsey Yonge and Sheppard ????? LMFAO, A non trucker would run you over before your toe hit the water !!!! LMFAO Try anywhere along the 401 !!|10159573850228904|Tom Edwards|2022-02-23 21:26:35|1|1|10159573534983904|facebook
- What on earth are you talking about?|10159574059023904|Stan Duptall|2022-02-23 21:26:29|1|1|10159573534983904|facebook
Right...thanks for showing us you're a troll. Blocked.|10159573747163904|Lukasz Suckiel|2022-02-23 21:26:35|1|1|10159573534983904|facebook
You don't get it? Who do you think is giving this giving this clown his marching orders?|10159574085943904|Eddie Davidson|2022-02-23 21:26:29|1|1|10159573534983904|facebook
Gale Roossien Amen to that. ❤|10159575851688904|Lyn Squires|2022-02-23 21:26:31|1|1|10159573534983904|facebook
Gone but not forgotten and this doesn't end until the occupation of a foreign authority on Canadian soil ends.|10159573858383904|Eddie Davidson|2022-02-23 21:26:25|0|1|10159573534983904|facebook
Tylan is TRIGGERED BY THE TRUTH|10159574283288904|Bonnie Cull|2022-02-23 21:26:26|1|1|10159573534983904|facebook
sedition was Jan 6. This was good Canadians getting together to have their voices heard. The PM ignored and and escalated and let the issue get out of conteol. This is a failure of the PM.|10159574864538904|Fringe Majority|2022-02-23 21:26:28|1|1|10159573534983904|facebook
treason may be a stretch by certainly acts of sedition.|10159574185273904|Andrew Karvonen|2022-02-23 21:26:28|1|1|10159573534983904|facebook
the truckers were co-opted by white supremacists.|10159573650753904|Mike McCormick|2022-02-23 21:26:29|1|1|10159573534983904|facebook
No the real truck drivers never stopped working. This handful of misfits and morons don't represent the hardworking truckers who have been serving us all along.|10159573657063904|Billy Black|2022-02-23 21:26:29|1|1|10159573534983904|facebook
They won't listen to facts. They only care about their left wing ideology. The same ideology that fuels actual violent protest:  https:// www.louderwithcr owder.com/ axe-wielding-mob -attack-pipelin e|10159573659378904|Lukasz Suckiel|2022-02-23 21:26:29|1|1|10159573534983904|facebook
-Hitler did a Hell of a lot - how many killed?|10159573660013904|Lisa Lyndon|2022-02-23 21:26:29|1|1|10159573534983904|facebook
- Yes, there was close to 200 arrests - and yes, police are taking down names, checking for warrants, etc.of those that they arrest ... and yes, charges typically do follow after an arrest - and yes, charges can be laid after a person has been arrested and let go - and yes, an arrest is recorded and entered into the police database even if a charge is never laid ... and yes, even an arrest can ruin a person's life ... and no, police do not drive people 20 minutes outside a city and then dump off at the side of a road or in a parking lot (that would be grossly negligent on the part of police to first put them in custody and then later release them on the side of the road or in a parking lot, leaving the person stranded or possibly in danger) -- police have also vowed to track down the financial supporters and other particiapnts in the illegal and unlawful seiges/ occupations/ blockades and they will freeze bank accounts, cancel credit cards, etc. seive assets and lay criminal charges (the very least of which is criminal mischief). Give your head a shake.|10159573993993904|Gordon Earle|2022-02-23 21:26:27|1|1|10159573534983904|facebook
As long as Canada continues mandates it is not a free country but a dictatorship. This massive peaceful protest and the use of emergency act to try to end it has proven this.|10159573666413904|Lukasz Suckiel|2022-02-23 21:26:29|1|1|10159573534983904|facebook
They are not taking down info, they are not giving fines or charging them. The ones they did arrest on waiting for bail. I do know the difference, thanks.|10159573712958904|Lisa Tracey|2022-02-23 21:26:27|1|1|10159573534983904|facebook
How so?...I'm unvaccinated and haven't even been sick for over 4 years and the vaccinated were just as capable of spreading the virus as me yet mandates banned me from venues and job opportunities as if I was the virus...  Now any protest against that is being squashed even if Charter protects it. So ontop of the dictatorship style governance our own laws are being broken by stopping the Parliament Hill protest.|10159573706378904|Lukasz Suckiel|2022-02-23 21:26:29|1|1|10159573534983904|facebook
okay. Yawn.|10159573707298904|Janice Munro|2022-02-23 21:26:29|1|1|10159573534983904|facebook
oh for heaven’s sake. False equivalence much?|10159573699318904|Janice Munro|2022-02-23 21:26:29|1|1|10159573534983904|facebook
what a load. Nobody in their right mind believes such ignorance.|10159573793108904|Mike McCormick|2022-02-23 21:26:29|1|1|10159573534983904|facebook
Where you can drop out of high school and still earn $125,00/year. Sad|10159574143198904|Dwight Osbaldeston|2022-02-23 21:26:26|1|1|10159573534983904|facebook
I betcha they make and pay more taxes then you! And here you are on fb lol preaching socialism and your so proud you got an experimental flu shot you have to post it in your display picture. It's pretty telling what kind of person you really are...🙄🙄🤣🤣🤣🤡🤡🤡🐑🐑🐑|10159574277733904|Taylan Knowles|2022-02-23 21:26:26|1|1|10159573534983904|facebook
spoken like a true Trumper so original with your sheep crap. Sit down your 5 min of fame with your biased rhetoric is done|10159574305983904|Paderick Rose|2022-02-23 21:26:26|1|0|10159573534983904|facebook
Arrests on suspicion 😂 its all a bad media ploy|10159574703943904|Bailey Ettinger|2022-02-23 21:26:25|0|0|10159573534983904|facebook
- Sounds like you know a lot of the so-called protesters that have been arrested, suggesting that you are involved as either a financial supporter and/or a participant in the illegal and unlawful seiges/ occupations/ baricades. As such, police have promised to come for you next -- under the Emergency Measures Act, Police have the powers and legal authority to find you, freeze your cash, cancel your credit cards, seize your assets and lay criminal charges -- in other words, your life will soon be ruined if you've financially supported and/or particiapted in the illegal and unlawful seiges/ occupations/ blockades|10159574101823904|Gordon Earle|2022-02-23 21:26:27|1|0|10159573534983904|facebook
and time to use trains instead.|10159574002988904|Maria Marion Passchier|2022-02-23 21:26:36|1|0|10159573534983904|facebook
easy…don’t group us all together there are LOTS of us Saskatchewanian s that think these protestors are delusional.|10159574183338904|Andrew Karvonen|2022-02-23 21:26:26|1|0|10159573534983904|facebook
189 arrests|10159574123563904|John Godfreyson|2022-02-23 21:26:27|1|0|10159573534983904|facebook
I WANT FREEDOM! Oh ya, get me my clean water, clean food, strong house. Oh and don't forget to make sure my roads are safe and that I can go to a hospital when I need to. Oh and educate all of the people I need to do all of these things too. What hypocrites.|10159574159923904|Carmen Olivia|2022-02-23 21:26:25|0|0|10159573534983904|facebook
", were any of theseJewish friends of yours the openly gay Conservative MP, Melissa Lantsman, that Emperor Blackface accused of ""standing with people that fly the swastika"" in the House of Commons?? Right before he scurried out of the house... again. 🤨"|10159573911883904|Ted Coleman|2022-02-23 21:26:35|1|0|10159573534983904|facebook
89 of those arrested were released on bail, the rest stayed in jail because they wouldnt agree to not rejoin the protest and because they are broke and dont have the gas money to get home lol|10159574279173904|Bonnie Cull|2022-02-23 21:26:27|1|0|10159573534983904|facebook
omicron has significantly more deaths than the common cold. Please check your facts.  And congratulations you had a surgery that doesn’t mean other people’s surgeries haven’t been pushed back.  Both vaccinated and unvaccinated can get covid but unvaccinated are more likely to have severe outcomes as were currently seeing in our ICUs.  In Ontario 10% are unvaccinated and they take up 90 ICU beds. 90% vaccinated take up 100.  That means that if 90% were unvaccinated, it’d be 810 beds.  I wonder how many beds the common cold is taking up 🤔  People can be unvaccinated, there’s just consequences. Just like people can protest, there’s just consequences.  Right now many of the unvaccinated, those without medical exemptions are like the person who doesn’t want to chip in for a friend’s birthday but wants their name on the card.  They don’t want to contribute to the solution, but they want to be treated like everyone else.  It’s not discrimination that people want to distance themselves from people like that.|10159573869788904|Alice Tu|2022-02-23 21:26:35|1|0|10159573534983904|facebook
, nope !!! Covid has mutated into the common cold called omicron, as per the doctors and scientists who discovered this before Christmas. No country has denied this. I had my quadruple bypass surgery, before the Vax, and a hip replacement, when the Vax was available. Surgeries are still happening, treatments, maybe not. You are aware that both the vaxed and unvaxed can equally get infected with covid, spread covid, be hospitalized, with covid, and yes, die from covid|10159573857583904|Tom Edwards|2022-02-23 21:26:35|1|0|10159573534983904|facebook
he said it didn’t he !!! Then he walked out like a little child that can’t stand accountability !!! I don’t know how people can justify his actions !!! He also said he wasn’t raciest but can’t remember how many times he has wore the black face. ! What’s your spin on this one ???|10159574875198904|Glen Edwards|2022-02-23 21:26:36|1|0|10159573534983904|facebook
Dear god in heaven! These fools need to GO HOME!|10159573786403904|Bonna Haldenby|2022-02-23 21:26:25|0|0|10159573534983904|facebook
exactly|10159573629553904|Craig Sabasch|2022-02-23 21:26:28|1|0|10159573534983904|facebook
, nope, that's descrimination, illegal since Hitler days, resurrected by Trudeau !!|10159573847898904|Tom Edwards|2022-02-23 21:26:35|1|0|10159573534983904|facebook
Throwing rocks at ambulances, defecating in people's front yards, and on the national war memorial, assaulting citizens, honking truck horns 24/7, ripping masks off people's faces, blockading streets and border crossings are not considered peaceful in Canada. I guess that kind of behaviour is okay in your country but not here.|10159573984073904|Debra Yundt|2022-02-23 21:26:42|1|0|10159573534983904|facebook
", misinformation= CBC/LPC(they are one and the same) I've seen numbers completely the opposite of your claims...85% against the use of the Emergencies Act, as any sane person *should* be.  ""Emperor Blackface"" is a phrase I have been using since the PM of Canada admitted he can't even recall how many times he wore ""blackface""?? I suspect the VAST majority of Canadians(mysel f included) can recall how many times they've worn ""blackface"".... zero!! It is not a low-ball Ad Hominem attack. Both ""Emperor"" and ""Blackface"" are actually metaphors for real, legitimate, and concerning aspects of this ""fear and division"" sociopath's personality.  Emperor is a metaphor for his arrogance, sense of entitlement, and increasingly anti-democratic behavior. See also: the last three weeks.  Blackface is a metaphor representing his ongoing glib, flippant, and arrogant poor judgment. See also: the last three weeks."|10159573792593904|Ted Coleman|2022-02-23 21:26:35|1|0|10159573534983904|facebook
Shameful, the world watches and is disgusted|10159574037473904|Rebecca Martin|2022-02-23 21:26:25|0|0|10159573534983904|facebook
please consult a lawyer before you make such inaccurate statements. It’s clear many protesters are not getting proper legal advice and just listening to organizers that have a great financial incentive in keep this going.  $20 million supposedly to support protesters still in bank accounts 3 weeks into the protest. Those organizers played you all for fools. Made demands for things they knew weren’t even possible so they never had to stop the cash coming in.|10159573764738904|Alice Tu|2022-02-23 21:26:35|1|0|10159573534983904|facebook
2/3 of Canadians supported the use of emergency measures in a recent poll. But let’s talk about how factually incorrect your statements are.  Emperor Blackface? Really? How do you expect people to take anything you say seriously when you go to such extremes. There’s a reason why people are calling protesters extremists.  An emperor in a minority government that has a monarchy. Are you insane?|10159573761523904|Alice Tu|2022-02-23 21:26:35|1|0|10159573534983904|facebook
wow, WTF is wrong with you....oh wait you're a Looney libetard never mind.|10159574735123904|Patrick O'Donnell|2022-02-23 21:26:43|1|0|10159573534983904|facebook
You're gonna make cons cry with that truth bud lol Triggered cons...incoming lol|10159574281983904|Bonnie Cull|2022-02-23 21:26:26|1|0|10159573534983904|facebook
https:// www.telegraph.co .uk/world-news/ 2022/02/17/ trudeau-refuses- apologise-accus ing-jewish-mp-s tanding-people/|10159574876578904|Glen Edwards|2022-02-23 21:26:37|1|0|10159573534983904|facebook
Nope. Your post is still visible..🤡..😆|10159573729948904|Graham Anderson|2022-02-23 21:26:41|1|0|10159573534983904|facebook
Lol, what? Livestreams say otherwise. All major cities are filled.|10159573818823904|Sacha Chanel Marrington|2022-02-23 21:26:25|0|0|10159573534983904|facebook
Insults full of spelling and grammatical errors 😂|10159575226983904|Dwight Osbaldeston|2022-02-23 21:26:26|1|0|10159573534983904|facebook
Watching alot of live streams. So more lies broadcasted from your tax paid broadcaster.|10159573717343904|Keith Ray|2022-02-23 21:26:25|0|0|10159573534983904|facebook
😢😢|10159574310498904|Benjamin Ruff|2022-02-23 21:26:25|0|0|10159573534983904|facebook
you don't really pay attention do you you likely deserve what he is going to do to Canada but some of us live with a higher standard|10159573775798904|Dave Cromarty|2022-02-23 21:26:40|1|0|10159573534983904|facebook
"Christopher Lirette "" you're"""|10159575325163904|Bonnie Cull|2022-02-23 21:26:26|1|0|10159573534983904|facebook
- You appear to know as much about communism as you do about democracy and why the so-called protests were illegal and unlawful -- which appears to be little to nothing - however, it's not too late because here's a on-line course you can take to help you attain the knowledge and undertsanding necessary to make informed comments about such things as democracy, communism, etc. https:// www.virtualhighs chool.com/ courses/ outlines/ chv2o.asp|10159573629108904|Gordon Earle|2022-02-23 21:26:40|1|0|10159573534983904|facebook
"""you're"""|10159575327213904|Bonnie Cull|2022-02-23 21:26:26|1|0|10159573534983904|facebook
He's an American.|10159573939868904|Debra Yundt|2022-02-23 21:26:41|1|0|10159573534983904|facebook
"""You're"""|10159575328798904|Bonnie Cull|2022-02-23 21:26:26|1|0|10159573534983904|facebook
you get a chance at the next election. Or convince a majority of MPs to withhold support.|10159573585338904|Michael Szeller|2022-02-23 21:26:40|1|0|10159573534983904|facebook
Go away triggered cry baby|10159575373328904|Bonnie Cull|2022-02-23 21:26:26|1|0|10159573534983904|facebook
Didn't see Calgary yesterday did ya.|10159574729673904|Patrick O'Donnell|2022-02-23 21:26:39|1|0|10159573534983904|facebook
I'm not sure why no one in Canada sues these news networks for out right lies.  That one boy in America made millions upon millions of dollars from CNN for their lying.|10159573676668904|Lukasz Suckiel|2022-02-23 21:26:27|1|0|10159573534983904|facebook
Learn the difference between detained and arrested.|10159573712178904|Lukasz Suckiel|2022-02-23 21:26:27|1|0|10159573534983904|facebook
Debra|10159573941738904|David Wale|2022-02-23 21:26:41|1|0|10159573534983904|facebook
well that's exactly what the Mayor of Ottawa said, all trucks impounded will be sold to cover all the damaged these anarchist did to their city.|10159576148473904|Vilma Villamor|2022-02-23 21:26:38|1|0|10159573534983904|facebook
nope, not coercion. And minor outcomes. Surgeries have been delayed for 2 years.  This isn’t about one person choosing to get sick. If someone wants to stay home and get covid and promise never to enter a hospital even if they’re sick then no one would care.  But this is a contagious respiratory disease that if one person gets sick and feels fine, they can still spread it to other who are more at risk and they can spread it to hospitals, causing not only illness in a place where people are already sick but also cause staffing shortages of doctors and nurses that we desperately need right now.  It takes 2-3 years to train a nurse, almost 10 years to train a doctor and because it takes so long, many of our most experienced doctors are also in that older age group.  Mandates will be lifted, there was already a schedule for that but it was based on cases, spread, and vaccination rates.  We should not be making medical decisions based on honking on the street. Can you imagine if we decided cancer treatment that way?|10159573752873904|Alice Tu|2022-02-23 21:26:35|1|0|10159573534983904|facebook
well that explains it.|10159573942563904|David Wale|2022-02-23 21:26:41|1|0|10159573534983904|facebook
but let’s make sure no tourist money is spent there.|10159573744303904|Dave Thomas|2022-02-23 21:26:37|1|0|10159573534983904|facebook
At least until the next covid variant arrives at which time they will close them all again to prevent another outbreak of the sniffles|10159573727088904|Zane Grey|2022-02-23 21:26:37|1|0|10159573534983904|facebook
390 charges,191 arrested 71 trucks towed it just said on cp24|10159573769263904|Bonnie Cull|2022-02-23 21:26:27|1|0|10159573534983904|facebook
source of which stat? Happy to provide|10159573757643904|Alice Tu|2022-02-23 21:26:35|1|0|10159573534983904|facebook
which is their right….when they do it lawfully. This wasn’t that. So what do you expect the PM to do? Ignore the rule of law and allow anarchy? Trudeau will face the people in the next election if he runs (I don’t think he was ever going to run for a fourth term anyways), or the people can get their MPs to invoke a vote of non confidence. That is how democracy works. Unfortunately the inconvenient truth is 2/3 of Canadians supported the Liberals in this as well as the majority of our elected officials. Welcome to democracy.|10159574897268904|Andrew Karvonen|2022-02-23 21:26:28|1|0|10159573534983904|facebook
yikes you guys really need to open your eyes...if you support anti-semitic, racist, misogynistic divisive language as demonstrated by the PM then we have major issues in this country.if you support continued mandates that are causing soaring child suicide and mental health issues and exacerbating the opioid crisis destroying businesses then that days more about you...because that is what the protest was about. I think with restrictions dropping across Canada and Trudeau exposed for the dipstick he is the protest was a success.|10159574862218904|Fringe Majority|2022-02-23 21:26:28|1|0|10159573534983904|facebook
You are a day late and a dollar short my dear. All of the money in the go fund me account has been returned to those who made the donations. This would include Jagmeet Singhs brother in laws donation of $13,000. You know the one where he supposedly did not know what the convoy was about.|10159575824978904|Lyn Squires|2022-02-23 21:26:31|1|0|10159573534983904|facebook
they are so weak.lol #LOCKTHEMUP|10159575155638904|Bonnie Cull|2022-02-23 21:26:31|1|0|10159573534983904|facebook
I’m sure they were a little inconvenienced, for a couple of weeks, as with any crowded events. This was a peaceful event other then noise and traffic, party like atmosphere, no different then cities hosting big events like the Olympics, Stampede, festivals etc. The bigger story is why this happened in the first place , you treat your citizens of the country like crap for over two years, start infringing on basic rights and the forever shifting goalposts there’s bound to be a negative reaction. This never would have happened if we didn’t have a minority government that is hell bent on being in control forever.|10159574903683904|Carol Gammel|2022-02-23 21:26:31|1|0|10159573534983904|facebook
I bet you’re one of those people who go to a public execution and cheer.|10159574733018904|Leigh Solomon|2022-02-23 21:26:31|1|0|10159573534983904|facebook
actually, she lives in Manitoba now and now is a leader in the Maverick party...still the same goals though|10159574310478904|Steven Parks|2022-02-23 21:26:31|1|0|10159573534983904|facebook
Gale Roossien yeah hiding in her over 200 a room a night hotel room with her manifesto to take down the government with her Mavrick Party freedom fighter as if|10159574307363904|Paderick Rose|2022-02-23 21:26:31|1|0|10159573534983904|facebook
it's okay bud the people will stand up for you, well you cower with your masks and hand Sanitizer in your homes....|10159574279943904|Taylan Knowles|2022-02-23 21:26:31|1|0|10159573534983904|facebook
Gale Roossien this poor excuse for a Canadian represents nothing of Canadian values and certainly doesn’t speak for me. I hope she gets a criminal record for this attempted insurrection.|10159574188013904|Andrew Karvonen|2022-02-23 21:26:31|1|0|10159573534983904|facebook
she’d not a criminal for protesting peacefully. The police are being Investigated and Trudeau will soon be joining her in jail for an illegal emergency act. 🤷🏻‍♀️|10159574142453904|Brittany Szopa|2022-02-23 21:26:31|1|0|10159573534983904|facebook
Gale Roossien of course it's what you agree with, typical conservative white honky|10159574096478904|Rory D Lufe|2022-02-23 21:26:31|1|0|10159573534983904|facebook
Gale Roossien you're an idiot|10159574095553904|Rory D Lufe|2022-02-23 21:26:31|1|0|10159573534983904|facebook
Gfy|10159573749233904|Nofrendze Cleveland|2022-02-23 21:26:29|1|0|10159573534983904|facebook
|10159574086573904|François Ouellet|2022-02-23 21:26:31|1|0|10159573534983904|facebook
Anti vaxers belong in jail #LOCKTHEMUP|10159573771933904|Bonnie Cull|2022-02-23 21:26:29|1|0|10159573534983904|facebook
Gale Roossien no thanks. Don't need your version of freedom. Canada is already free!!|10159573893443904|Craig Lindsay|2022-02-23 21:26:31|1|0|10159573534983904|facebook
wrong. Illegal occupations are being stopped. Big difference. No?|10159573790658904|Mike McCormick|2022-02-23 21:26:29|1|0|10159573534983904|facebook
Gale Roossien but not illegal occupations. Big difference.|10159573868093904|Mike McCormick|2022-02-23 21:26:31|1|0|10159573534983904|facebook
right? She had zero problem being a criminal but can’t handle the consequences. The worlds smallest violin for these losers.|10159573824373904|Brenda Wood|2022-02-23 21:26:31|1|0|10159573534983904|facebook
... you're the definition of ignorance, I don't care what you believe, you have no counter argument. Blocked.|10159573843973904|Lukasz Suckiel|2022-02-23 21:26:29|1|0|10159573534983904|facebook
Gale Roossien except that she chose to paralyze a city to achieve her goals... may she rot in jail for a few years|10159573793288904|Stéfan Breton|2022-02-23 21:26:31|1|0|10159573534983904|facebook
Colin Pye more likely to be her retirement to a trailer park in Alberta|10159573790938904|Stéfan Breton|2022-02-23 21:26:31|1|0|10159573534983904|facebook
lets worship them|10159573847448904|Arun Arunkumar|2022-02-23 21:26:29|1|0|10159573534983904|facebook
Christopher Lirette - Hmm. WEF wants to reduce global warming to 1.5 degrees celsius to avoid catastrophe, help close the global skills gap for less fortunate countries, clean up our oceans and improve the lives of the world's women and children. 50% of the world's money is in the hands of 1% of the population. That number will rise to 70% of the world's wealth by 2030. What other organization other than the WEF has show they have the creds to affect global inequity?|10159575556748904|Stan Duptall|2022-02-23 21:26:29|1|0|10159573534983904|facebook
- Clearly, I don't get it. Do tell. Who do you think is pulling the strings?|10159574090353904|Stan Duptall|2022-02-23 21:26:29|1|0|10159573534983904|facebook
Christopher Lirette I think you need better schooling my friend. When you take over the capital and the organizers of the protest demand the democratically elected government step down so you put an unelected group made up of two Maverick Party leaders and a handful of conservative senators….that is exactly what an insurrection is. When it is supported by the CPC it is also sedition. Maybe you should buy a dictionary with all of your right wing donation money.|10159575594043904|Andrew Karvonen|2022-02-23 21:26:31|1|0|10159573534983904|facebook
"Playing devils advocate what FREEDOMS do Canadians have? Careful how you answer. Why would you think you were going to be infected if you were all shotted up. 1st dose, 2nd dose, booster 1, booster 2, booster 3. Luxuries were limited for a while - because god forbid white Canadians need to go sit at a restaurant. Where on earth did that statement evolve from. You sound like the nurse that worked in a cancer ward referring to the non vaxxed as ""plague rats"". The governments agenda has always been a political one and not science based. You must be one of the lucky ones that were not given an ultimatum either get the shot or lose your job. If it was your decision to take it, good for you. You made the choice. This isn't about the vaxxed vs the unvaxxed, black vs white, and the list goes on. Think about the effect mandates have had on small business, some have closed their doors never to reopen. They were in a lockdown, open, closed, open to 50%. Think of what the mandates have done to school age children in school, home school, like yoyos. It has been TWO years of doing everything the government has ordered Canadians to do. Somewhere down the road this pandemic will become endemic and what will the government have in store for us the next time around. ALL Canadians should have the freedom of choice. This isn't Russia or China and it sure as hell isn't the Canada I once knew and loved."|10159575850888904|Lyn Squires|2022-02-23 21:26:31|1|0|10159573534983904|facebook
It absolutely is when the mandates themselves are against our human rights, our own charter of freedoms, the only reason the businesses are being protected from lawsuits is because government is collaborating with the businesses to oppress people, textbook fascism.  There will be no long term effects data published for 75 years, that's experimentation by definition, no informed consent can be granted without the long term effects known. It's not only against our own national laws but against the international laws like the Nuremberg Code.|10159573744443904|Lukasz Suckiel|2022-02-23 21:26:35|1|0|10159573534983904|facebook
literally the easiest thing to do was to get vaccinated and wear a mask when running errands. I think all Canadians deserve to live and so those with suppressed immune systems and the children deserve our protection. My nieces even figured that one out. No one loves wearing a mask. No one loves wet mittens either but we deal with it because that’s life. Life can change very quickly. The war called for conscription. Rations. We all needed to get vaccines because variants develop in the unvaccinated. Have you ever lost your breath? It takes only a couple of minutes to die that way and it’s excruciating. Almost been there myself and seen it. So whenever I got cabin fever or thought about how much it sucked i counted my blessings. I Live in a community where 90 percent of people stepped up to support healthcare workers and keep the virus from spreading. If you read the Charter you’ll see what Canadians are “free” to do. This virus can kill you, and it did just that. Whether or not you believe in it or not is your problem. It exists and it’s global. Kids can catch up on school - just like they do in their world countries and during bombings and wars. Many thrive on online learning and have chosen to continue in virtual school for the rest of their education. As for Russia and China - do they get to argue on Facebook or do the police kidnap and kill their relatives? Finally the emergency act is temporary and reserved for emergencies. This was not a protest. It was an occupation and ask yourself how long China or Russia would have put up with it? I highly doubt it was or would be 23 days. Society has rules. Do your kids take peanut butter to school? I will leave that right there. Oh and the emergency act was written by Mulroney and the Conservative party. Look it up. Have a great night. ( we heard the convoy. Vaccines bad. Mandates bad. People are frustrated. ) we are all sick of Covid. Government could have just let everybody get sick and die and if your loved one needs an ambulance it could have been - well we don’t have one and the hospital is full. Good luck. The government knew that was a bad idea. So did 87 percent t of Canadians and about 90 percent of truckers who have stated repeatedly that they do not support the convoy. They are working and making deliveries. So that’s what’s going on whether you support it or not.|10159575914668904|Brenda Wood|2022-02-23 21:26:31|1|0|10159573534983904|facebook
^^^LMFAO at ‘fringe majority’ 😂😂😂^^^. Blank/fake profile gaslighting idiot CON ‘war room’ snowflakes are so easy to flush out! The CON bot farms are hilarious. 😂👎|10159574867598904|Todd Keough|2022-02-23 21:26:28|1|0|10159573534983904|facebook
Sure, now as a reward for the 10% of them that throw a tantrum. We will give up our democracy, the rule of law and the Canadian way of life.|10159574129658904|Art Ofgjon|2022-02-23 21:26:29|1|0|10159573534983904|facebook
Vaccines never were supposed to stop transmission. It reduced severe cases.  https:// covid-19.ontario .ca/data/ hospitalizations  Currently  Unvaccinated (roughly 10% of the population) take up 90 ICU beds.  Vaccinated (roughly 90% of the population) take up 100 ICU beds.  If we didn’t urge people to get vaccinated and had the reverse that would be 810 ICU beds just for Covid. What about all our other patients that need care.  The organizers admitted themselves they’re not lawyers. They were asking the federal government to do things on the provincial government could do.  Not that the organizers really cared, they just wanted the donations to keep coming in.  It was a financial scam and the protesters got played.|10159573739018904|Alice Tu|2022-02-23 21:26:35|1|0|10159573534983904|facebook
That's exactly what Hitler did, he signed an act that resembles the same act Trudeau just used in order to squash all protest.|10159573657983904|Lukasz Suckiel|2022-02-23 21:26:29|1|0|10159573534983904|facebook
same|10159573725808904|James Stuart Linnell|2022-02-23 21:26:35|1|0|10159573534983904|facebook
you forgot to do a background check on all 4 of them. Knowledge is great.|10159573659028904|Mike McCormick|2022-02-23 21:26:29|1|0|10159573534983904|facebook
like I said, they want to ease the restrictions, responsibly. But the polling also shows scant support for the convoy protesters. A majority wanted the protest ended.  The provinces (who do most of these restrictions) were already starting to ease them.  As you know we don’t have an emperor, we have a Prime Minister. Most actions require the support of the majority of the sitting members of Parliament. As do the actions taken by the provinces.  You can label it whatever you like, but the actions taken by all the levels of government are supported by parliamentarian s representing a majority of Canadians. If they are unhappy with those actions they will have their say during the next elections.  This is the way. Not honking crowd rule.|10159573717638904|Michael Szeller|2022-02-23 21:26:35|1|0|10159573534983904|facebook
Wrong. The protest is about ending mandates.  Close to 70% of Canadians want the mandates to end.  That number is exponentially growing ever since the protest has woken people up to the fact that most of these mainstream news stations are dividing people on purpose to help the government control them easier.|10159573716518904|Lukasz Suckiel|2022-02-23 21:26:35|1|0|10159573534983904|facebook
source of your stat?|10159573716433904|James Stuart Linnell|2022-02-23 21:26:35|1|0|10159573534983904|facebook
Fi Glennanne the fact you won’t answer it, tells us there is no point on reading your drivel.|10159573715513904|James Stuart Linnell|2022-02-23 21:26:35|1|0|10159573534983904|facebook
Well, at least now we know where he stands on “hearing all voices” and the democratic process.|10159573569018904|James Stuart Linnell|2022-02-23 21:26:25|0|0|10159573534983904|facebook
It was -30C in Ottawa for 3 weeks of this protest lol.its cold here too|10159574882378904|Bonnie Cull|2022-02-23 21:26:34|1|0|10159573534983904|facebook
always thought our capital should be in the centre of the country...like Winnipeg. That would have shut down the protest real fast..cannot imagine anyone surviving a protest in the middle of winter, outside in winterpeg.|10159574316368904|Steven Parks|2022-02-23 21:26:34|1|0|10159573534983904|facebook
Ottawa does not see robust enough to be the national capital. They don't mind all the Canada Day stuff but can't survive the other parts of the job. Time for a change. Tofino is on the list.|10159573608163904|Walt Jakeway|2022-02-23 21:26:25|0|0|10159573534983904|facebook
The act wasn't even passed I think our little dictator the poster boy for the NWO kind of over stepped his bounds.|10159573856613904|Eddie Davidson|2022-02-23 21:26:25|0|0|10159573534983904|facebook
Fact|10159575240883904|Derek Steven Cunningham|2022-02-23 21:26:33|1|0|10159573534983904|facebook
wow...what reality do you live in. Is it nice up there...|10159574309483904|Steven Parks|2022-02-23 21:26:33|1|0|10159573534983904|facebook
nice fantasy land you live in brutal beatings nice try gaslighting|10159574308548904|Paderick Rose|2022-02-23 21:26:33|1|0|10159573534983904|facebook
Yeah he did do a hell of a lot. My grandparents told me all about it as they lived through it in Poland.  Did you know he made the German people believe that Jews carried illnesses and then had the Jews banned from venues and job opportunities much like the unvaccinated with these mandates?|10159573661708904|Lukasz Suckiel|2022-02-23 21:26:29|1|0|10159573534983904|facebook
this was written by someone by the name of LR Premier. This protesters are childish, immature,mental ly unstable. Ridiculous complainers I have no time for them. No angry just amazed that they thought they had the right to do what they did,and amazed they thought there would be no repercussion.|10159574288068904|Karen Ripley Congdon|2022-02-23 21:26:32|1|0|10159573534983904|facebook
I was born under a communist regime: 1984 in the People's Republic of Benin. In fact, I can only believe in freedom. And I understand the fears of those who fear the advent of an Orwellian civilization. Strangely I never made the link with the book and my year of birth, but I'm getting sidetracked ⠀ What is ironic about this freedom convoy is that it's happening in the freest countries in the world I find it really, really hilarious Brother, if you can park in front of the parliament Block access to the highest governmental body in your country Block major economic axes and thus risking to starve some of your fellow citizens For 15 days in a row Without repercussions or consequences Bro, freedom doesn't go beyond that 🙂 In my humble opinion, it seems to me that you are already quite free. Maybe you should choose another name for your convoy ⠀ I would be remiss if I didn't finish this tirade without mentioning an important aspect It makes me laugh and it breaks my heart at the same time to have seen swastika symbols and confederation flags waving in the name of freedom These symbols of oppression and barbarism are, as far as I know, the antithesis of the principle of freedom ⠀ Your claims may be legitimate, but in the midst of Black History Month, it is shameful to display such symbols in the name of freedom when, as we speak, Uighur people are in open-air prisons simply for being different, Blacks are still being enslaved for the simple fact of being black, Palestinians are still oppressed, and First Nations are still parked in reserves for the simple fact of being indigenous on this same land where people who are already free, are claiming freedom ⠀ You deserve to be heard, but the name of this convoy, from my point of view, is an insult. ⠀ I was only passing by ⠀ Photo : Le R Premier ⠀ #freedomconvoy #freedom #ottawa #canada #convoidelaliber te #liberte #paris #france|10159574281913904|Karen Ripley Congdon|2022-02-23 21:26:32|1|0|10159573534983904|facebook
"Maybe you hid in your home, but most people continued to work. Everyone deserves thanks, except for the ones who whined and complained like babies every step of the way... ""Whaa, I don't want to wear a mask!"", and ""Whaa, I don't want to get vaccinated!"" Those were the ones who slowed down everything and dragged this thing on longer than it had to be."|10159573674438904|Lawrence Goldstein|2022-02-23 21:26:29|1|0|10159573534983904|facebook
the Ottawa Police are using some of the options presented by the Emergencies Act..as well as the RCMP at the border crossings can use it to insure essential traffic. It is not something easily enacted and was designed that way. There will be a mandatory parliamentary review. But I would agree that the Ottawa Police seemed particularly inept at handling this situation, especially when they had ample warning of the event..the timing and how it was to occur. Blocking off the core from vehicle traffic would have prevented the trucks from blocking off access, but still permitted a protest on Parliament Hill. There will be some discussions to come here..maybe a Royal Commission...|10159574313553904|Steven Parks|2022-02-23 21:26:32|1|0|10159573534983904|facebook
Time to put the conservative party on a terrorist watch list https:// www.theguardian. com/world/2022/ feb/17/ ottawa-protests- anti-terror-age ncy-warned-viol ent-extremists|10159575165028904|Bonnie Cull|2022-02-23 21:26:43|1|0|10159573534983904|facebook
