﻿comment|comment_ids|username|datetime|isreply|num_replies|post_id|label
That money should come from the almost $10 million GoFundMe campaign that emboldened these thugs, before a penny is pulled from provincial & federal budgets.|10159550654958904|Suresh Singaratnam|2022-02-09 23:13:55|0|9|10159550553403904|facebook
15% of truckers have been ordered fired by the PM and refused EI under his orders. So where is the concern for them instead of a starbucks in Bytown|10159550580823904|Darryl Lamb|2022-02-09 23:13:55|0|9|10159550553403904|facebook
Ottawa businesses should sue the organisers of that state of siège of hundred millions of dollars….It is not the governments that should pay!…|10159550575293904|Louis Bélanger|2022-02-09 23:13:56|0|6|10159550553403904|facebook
All of these because Mr Trudeau spread bully people that have different opinion than his. He belittle others, trying to make one group of Canadian hate another group of Canadian. If Trudeau would drop all the mandate, and resign, everything would stop. I even think the stock market will go up right away.|10159550571863904|Benjamin Pang|2022-02-09 23:13:55|0|6|10159550553403904|facebook
had you forgot about the pandemic or has that not sunk onto your brain yet....if not you got to wonder why eh !|10159550595743904|Walter Rodd|2022-02-09 23:14:17|1|5|10159550553403904|facebook
I can’t jaywalk without getting a ticket. Would someone please explain to me why these thugs aren’t getting ticketed, towed, arrested for the multiple crimes they’re committing? Noise bylaws, idling their engines forever... It boggles my mind.|10159550859278904|Derek van Dassen|2022-02-09 23:13:56|0|5|10159550553403904|facebook
Welcome to our world Ottawa ! Trudeau has been closing businesses for 2 years now...welcome to our world...go find him and talk to him about it...this whole convoy is about getting EVERY business in CANADA open and hiring again...go talk to your 'esteemed' citizen that is in hiding and tweeting Olympics results instead of at work in Ottawa like we, the tax payers and employers, pay him to do....|10159550880188904|Luba Kalnins|2022-02-09 23:13:55|0|4|10159550553403904|facebook
Seems like the so called 'freedom' protest is robbing a lot of folks of their personal freedoms. Totally unacceptable.|10159550572278904|Deb MK|2022-02-09 23:13:55|0|4|10159550553403904|facebook
Omg read all the posts this media must be goverment controlled all the resteraunts and Tim Hortons are saying busiest in 2 years I saw videos to back it media is lying|10159550581873904|Lisa Birrell|2022-02-09 23:13:56|0|4|10159550553403904|facebook
I’m watching live groups of police officers who have nothing to do apparently|10159550582768904|Richard Todd|2022-02-09 23:14:27|1|4|10159550553403904|facebook
I (and many of your fellow Canadians) are sorry you are not able to be open for business Jason.|10159551942218904|Deb MK|2022-02-09 23:14:05|1|4|10159550553403904|facebook
Would you want a bunch of angry, crass disease spreading petri dishes in your shop?|10159550641683904|Chrys Kaloudis|2022-02-09 23:14:17|1|3|10159550553403904|facebook
https:// ottawa.citynews. ca/local-news/ convoy-protester s-sought-food-f rom-ottawa-home less-shelters-s oup-kitchen-500 8615|10159550577968904|Ashley Faller|2022-02-09 23:14:27|1|3|10159550553403904|facebook
It isn't kids having fun, the truckers are not fighting for Canadians and THIS is one example of that truth.|10159550689273904|Ashley Faller|2022-02-09 23:14:27|1|3|10159550553403904|facebook
isn't it possible that the very few businesses that cater to the needs of the truckers; maybe gas stations, and cheap convenience restaurants, are doing good business, while every single other business; clothing retailers, fine dining restaurants, accountants, health clubs, etc, are all doing much worse, as easy access to them is blocked, and the regular customers are afraid and intimidated to come downtown?|10159550878898904|Jeff Pozin|2022-02-09 23:14:23|1|3|10159550553403904|facebook
thousands of maskless people during a global pandemic where Covid is everywhere. What could go wrong for those minimum wage workers??? They deserve to feel safe and have protocols followed.|10159550633233904|Philip Standard|2022-02-09 23:14:10|1|3|10159550553403904|facebook
Facts according to the mainstream narrative? The fact is millions of small businesses are dieing out BECAUSE of the mandates these last two years. The protests are to fight back to get their lives and freedoms, and business back.|10159550689233904|Raven Patel|2022-02-09 23:14:22|1|3|10159550553403904|facebook
no actually that money was given by the people of Canada to support the freedom movement, it should go to where it was intended to go. But since it has not you’d think you would simply see the real issue and problem for what and who it is. As for provincial & federal budgets you weren’t barking on that wasteful stupidity of government the past two years.|10159550682563904|Mj Daggett|2022-02-09 23:14:01|1|3|10159550553403904|facebook
They could make mega bucks keeping their stores open ... instead they snivel to sock boy.... sad reality|10159550578678904|Bruce Peacock|2022-02-09 23:13:58|0|3|10159550553403904|facebook
You are INCORECT!! Read the Charter of Rights, article one states how mandates can be done.|10159550645983904|Mary Jo Welch|2022-02-09 23:14:23|1|2|10159550553403904|facebook
"So much for those protesters representing ""Freedom"" when they are taking freedom away from Ottawa residents and businesses....🤨"|10159550579783904|Walter Rodd|2022-02-09 23:13:55|0|2|10159550553403904|facebook
So sad they closed due to fear instead of profiting from the many generous, well-behaved people!|10159550915348904|Katherine Skorupan|2022-02-09 23:13:55|0|2|10159550553403904|facebook
funny, I live i ottawa and they sure seem busy with the 30 + investigation going on and now arrests.|10159550590828904|Ashley Faller|2022-02-09 23:14:27|1|2|10159550553403904|facebook
that might be fine if it weren’t for the general notion that Covid restrictions in public places don’t apply to them. After all, that’s what this is all about. The police have had to face the reality that, due to sheer numbers of protesters along with the reality of what would be required to actually remove all the trucks, they needed to proceed with caution, further empowering the protesters to assume such liberties. The consequences, of course are that store owners or employees are left to try and enforce a mask mandate, or a vaccine mandate. They have endured confrontations and abuses for months from those who, long ago announced their opposition to Covid restrictions and decided to live their convictions. These past two weeks have seen a tsunami of confrontations and abuses. So much for personal liberty for all.|10159550608683904|David Bryson|2022-02-09 23:14:09|1|2|10159550553403904|facebook
Tell them they have 48 hours to disperse. In the mean time get the license plate of the trucks and fine thr owner of the plate $500 a day after the 48 hour deadline.|10159551592483904|Jim Hester|2022-02-09 23:14:03|1|2|10159550553403904|facebook
The actual facts you potatoes got from YouTubers, of course! 🤣🤣|10159550604348904|Jason Godin|2022-02-09 23:14:09|1|2|10159550553403904|facebook
almost like when I have to show ID when I go to a bar. 🙄 Or my membership card when I go to the gym.🙄 Or my debit or club card whenever I want to pay for something. 🙄 When will the insane tyranny ever end?|10159550897248904|Jeff Pozin|2022-02-09 23:14:24|1|2|10159550553403904|facebook
can you please provide proof that mask mandates are being ignored? 90% of Canadians are vaxxed so...covid restrictions are less about masks but great to see you riding the media spin train... enjoy your ride. How are retailers not left enforcing a mask mandate BTW? This is a government mandate.|10159550633698904|Steve Ritchie|2022-02-09 23:14:09|1|2|10159550553403904|facebook
We owned Dominos for years, I would never expect our staff to work under those circumstance, I need to sleep at night. With your attitude towards workers, I feel for the people you employ LOL😕|10159551272798904|Marlisle Carlton|2022-02-09 23:14:16|1|2|10159550553403904|facebook
awe it’s ok that you can’t think for yourself. I feel for you ❤️|10159550644768904|Chad Koroll|2022-02-09 23:14:27|1|2|10159550553403904|facebook
you were informed by mainstream media only. Lying brainwash media!!|10159551347663904|David Barr|2022-02-09 23:14:11|1|2|10159550553403904|facebook
Can you perhaps take a step back and think that with all those police spread out around the city why crime might be down. But, you can make it fit your narrative with your deplorable truckers that have very little support across the country.|10159551328198904|Keith James|2022-02-09 23:14:20|1|2|10159550553403904|facebook
They should start towing trucks, auction them off and compensate everyone they've disrupted as well as policing costs.|10159550604613904|Peter Cliff|2022-02-09 23:13:55|0|2|10159550553403904|facebook
Time to stop this , peaceful or not this is not how you change things.|10159550570203904|Royden Johnson|2022-02-09 23:13:58|0|2|10159550553403904|facebook
numerous reports of infiltrators causing trouble.|10159551423553904|David Barr|2022-02-09 23:14:11|1|2|10159550553403904|facebook
they only got 1 million for fuel and supplies, the 10 million was seized by go fund me and will NOT be going to the clownvoy, those that dont claim their refunds will have their funds donated to charity.... and their fuel supply has now been cut off ... the clownvoy does not represent the people of canada, just a small right wing minority with a completely different agenda than what they are trying to convince the average person of... a little background check on just who organized this will tell you this.|10159550693493904|Leslianne Broder|2022-02-09 23:14:01|1|2|10159550553403904|facebook
Wait, what about businesses and people complaining about their livelihoods and businesses being ruined for the last two years? Do you really think everyone has just forgotten about that? All of a sudden, a protest happens for a few days and you're already framing the narrative as ''this is hurting business?'' That's laughable.|10159550590928904|Dave Bellemare Gosselin|2022-02-09 23:13:55|0|2|10159550553403904|facebook
I bet it’s the government who ordered them to close their businesses thinking it would discourage the protesters. They had the chance to make up for their business being closed during the lockdowns but the choose to do otherwise.|10159550657423904|Lyne Bourgoin|2022-02-09 23:13:55|0|2|10159550553403904|facebook
John Hopkins University just put out a report, which the media outlets you likely follow have completely ignored. The science: lockdowns had virtually no impact on the spread of covid-19, and they had countless negative impacts on everyday life, including death and financial ruin.  In reality, everyone with common sense could have told you the government's pandemic policies were insane--anyone- -but the public messaging was meant to induce a sense of potential immediate death and dying, such that you were supposed to relinquish all reasoning faculties other than your immediate instinct to survive, and do whatever you were told had to be done in order to survive. Empathetic people were made to believe the good people are the ones that comply because they want to protect others, and those who ask questions or don't immediately conform are bad, the careless and selfish people. The empathetic people were made to feel that this was absolutely the case, and no alternative interpretation could be possible, lest it kill more people!!!!! It's 1984 stuff. You can't make this up.  There was no ''science,'' there was playing on your emotions to make you think you're the good person, and those who don't think like you are the bad ones. Period. It's very simple and infantile, but many people fell for it.|10159550751848904|Dave Bellemare Gosselin|2022-02-09 23:14:13|1|2|10159550553403904|facebook
~~~ Get Real ~~~ Any OPEN Grocery store, Corner store , Coffee shop or Restaurant in downtown Ottawa would be making big money during this protest.|10159550624388904|Randy Thomas|2022-02-09 23:13:55|0|2|10159550553403904|facebook
put up a glass like the grocery store|10159550639428904|David Barr|2022-02-09 23:14:11|1|2|10159550553403904|facebook
negotiations|10159550589103904|Royden Johnson|2022-02-09 23:14:31|1|2|10159550553403904|facebook
CF Rideau Centre|10159551236858904|Deb MK|2022-02-09 23:14:05|1|2|10159550553403904|facebook
well, my company has been forced to shut their downtown Ottawa business due to all the truck BS. Don't believe every video you find online.|10159551812628904|Jason Godin|2022-02-09 23:14:05|1|2|10159550553403904|facebook
Maybe they should have opened and they’d made a ton of money|10159553720143904|Sandy Pedersen|2022-02-09 23:13:57|0|2|10159550553403904|facebook
The Globe definitely makes Pravda look objective|10159550568068904|Jim Peters|2022-02-09 23:13:57|0|2|10159550553403904|facebook
for what?? All of their staff to get Covid from a bunch of ignorant losers?|10159550628853904|Philip Standard|2022-02-09 23:14:02|1|2|10159550553403904|facebook
"If you find yourself saying some version of, ""But try to look past the swastikas!"", you need to do some soul-searching. I mean, it's a pretty big red flag. Literally. It's literally a red flag. With a swastika on it."|10159552430928904|André Lavoie-Weddell|2022-02-09 23:14:18|1|1|10159550553403904|facebook
What safety concerns ? The crime rate has dropped in Ottawa!!!….. my god the lies just keep growing…|10159550947583904|Kevin Denault|2022-02-09 23:13:56|0|1|10159550553403904|facebook
"Yes but the government has given them financial support during those hard times. I have a question, are the organizers of that Go Fund Me page and the protest, going to share the money with all the businesses they have shut down for over a week, oh and well your at it maybe some support to all the families that couldn't get to work because of all these idiots blocking the roads. A lot of these people you are denying wages to, are struggling lower middle class, they work in service jobs making minimum wage. I guess their ""FREEDOM"" to feed their family and pay the rent, doesn't count. 😡"|10159551213058904|Marlisle Carlton|2022-02-09 23:14:19|1|1|10159550553403904|facebook
now I known why you think the way you do....flu eh....wow how about that doctor Rick...lol|10159550825428904|Walter Rodd|2022-02-09 23:14:17|1|1|10159550553403904|facebook
When a second opinion is silenced for two years , it has no choice but to turn up the volume. Mandates need to end yesterday . Follow the science indeed !|10159550680143904|Sean Eyre|2022-02-09 23:13:55|0|1|10159550553403904|facebook
And persistent lockdowns have cost business revenue loss and permanent closures, not to mention lost jobs and $800 billion spent.|10159550657188904|Peter McGregor|2022-02-09 23:13:56|0|1|10159550553403904|facebook
if all you can see is a swastika . That’s exactly why this has happened  Canada will catch up soon It’s been evident to myself though out this that the second opinion of censored doctors is anywhere from 3 months to a year ahead of the trickle truth Media|10159552416943904|Sean Eyre|2022-02-09 23:14:18|1|1|10159550553403904|facebook
I know what you mean. When I'm told that I have to wear shoes to enter a grocery store and I don't want to, I have no choice but to make my voice heard by peacefully parading around with a swastika and peacefully trying to set fire to an apartment building.|10159552376243904|André Lavoie-Weddell|2022-02-09 23:14:18|1|1|10159550553403904|facebook
"It's so terrible that these protesters can't see that they are hurting fellow Canadians - NOT in any way helping end the pandemic! They are not fighting for freedom, they are helping their leaders who have on their agenda the fall of democracy in our country. It's very hypocritical of them to call themselves ""Freedom Convoy"" because it has NOHING TO DO WITH FREEDOM AND EVERYTHING TO DO WITH ANARCHY!"|10159554996828904|Doris Dallaire|2022-02-09 23:13:55|0|1|10159550553403904|facebook
besides I wasn't even talking to you so shut your crap hole|10159550671353904|Rich Sutherland|2022-02-09 23:14:17|1|1|10159550553403904|facebook
why are the businesses shut down?|10159550630238904|Ron Closs|2022-02-09 23:14:17|1|1|10159550553403904|facebook
is it? They were shut down all this time and now that they’re open they have a bunch of idiots coming in threatening their employees and having to shut down.|10159550727188904|Zahra Zahra|2022-02-09 23:14:13|1|1|10159550553403904|facebook
at what cost??? They are refusing to wear masks to protect the minimum wage workers who come in contact with hundreds of people a day. Selfish and ignorant is what these “protestors” are.|10159550631428904|Philip Standard|2022-02-09 23:14:14|1|1|10159550553403904|facebook
Phil is a very dumb person|10159550645553904|Richard Todd|2022-02-09 23:14:14|1|1|10159550553403904|facebook
I can actually speak very well. You are obviously an idiot.|10159550646628904|Philip Standard|2022-02-09 23:14:14|1|1|10159550553403904|facebook
please tell me where masks or mandates have stopped Covid|10159550649088904|Richard Todd|2022-02-09 23:14:14|1|1|10159550553403904|facebook
90% of truckers are vaccinated. Hmmm....math... ..|10159550626533904|Chrys Kaloudis|2022-02-09 23:14:15|1|1|10159550553403904|facebook
https:// www.trucknews.co m/ transportation/ trucking-industr y-divided-over- vaccine-mandate s-poll/ 1003156683/|10159550630568904|Darrell J Delorey|2022-02-09 23:14:15|1|1|10159550553403904|facebook
no, truckers have the option to work or not. This is NOT a Trudeau thing. This is a you are stupid thing and a puppet of Putin!!!!|10159556942768904|Don Purchase|2022-02-09 23:14:15|1|1|10159550553403904|facebook
Why not they are helping every other country in the world except their own.|10159550717298904|Dave Seaward|2022-02-09 23:13:55|0|1|10159550553403904|facebook
Ahhh yes we have our racist supporter LOL|10159551247573904|Marlisle Carlton|2022-02-09 23:14:15|1|1|10159550553403904|facebook
This is a potential gold mine for all good businesses. If you blink at that opportunity, no one to blame but yourself|10159550596088904|Mary Bedkowski|2022-02-09 23:13:55|0|1|10159550553403904|facebook
the staff deserves to feel safe in their workplace! They deal with hundreds of people a day and these “protestors” refused to wear masks to protect them. It won’t be much of a business when all of the staff is out with Covid.|10159550623818904|Philip Standard|2022-02-09 23:14:16|1|1|10159550553403904|facebook
everyone has had or has been exposed to covid at this point. I don’t think all customers would belligerent. But I wouldn’t serve nasty customers either, but i think, or would hope, they Re the minority|10159550807073904|Mary Bedkowski|2022-02-09 23:14:16|1|1|10159550553403904|facebook
Well you've showing your colours, so workers are disposable to you people? You think some minimum wage worker wants to be in a crowd of unvaxed maskless idiots, and pick up Covid. I don't think so LOL|10159551241998904|Marlisle Carlton|2022-02-09 23:14:16|1|1|10159550553403904|facebook
I own a business fyi|10159551250788904|Mary Bedkowski|2022-02-09 23:14:16|1|1|10159550553403904|facebook
The City made them close, if they had of stay opened they would likely have made more money in the last 12 days than they did all last year.|10159553156523904|Hank Randrup|2022-02-09 23:13:56|0|1|10159550553403904|facebook
amen!!|10159551456913904|Mary Bedkowski|2022-02-09 23:14:16|1|1|10159550553403904|facebook
except it's not them it's the govt and their illegal mandates Remember who has been shutting down small business for the past two plus years... That's right your government puppets|10159550589298904|Rich Sutherland|2022-02-09 23:14:17|1|1|10159550553403904|facebook
your kidding right  Try less then normal flu season numbers  Nothing more than a great reset under rhe guise of a scamdemic|10159550608888904|Rich Sutherland|2022-02-09 23:14:17|1|1|10159550553403904|facebook
just an FYI with over 80% of the population vaxxed these businesses are turning away the type of customers that you apparently only want to cater to! The vast majority of people peacefully protesting are fully vaxxed, time to get down off that virtue signalling high horse, and join the rest of Canadians who believe in a maskless, and mandate free life!|10159551382463904|Ashley Ross|2022-02-09 23:14:16|1|1|10159550553403904|facebook
to inform you because clearly your uninformed...  mandate an authority given by one person to another to do certain things or take some course of action and accepted by the other. So, the authority given by a principal to his agent is a mandate. A mandate is commonly revocable until acted upon and is terminated by the death of the mandator.  Or  2. From the very term of the definition, three things are necessary to create a mandate. First, that there should exist something which should be the matter of the contract; secondly, that it should be done gratuitously; and thirdly, that the parties. should voluntarily intend to enter into the contract|10159550707203904|Rich Sutherland|2022-02-09 23:14:23|1|1|10159550553403904|facebook
"""owners"" of what? More detail please.  Lost MORE business than they did for the last 2 years?  Or more business because they closed like that donut shop that somehow can't make money on 10's of thousands of people outside their doors in a Coffee and Donuts nation?"|10159550574468904|Daniel O'Keefe|2022-02-09 23:13:56|0|1|10159550553403904|facebook
Protest is not? So what then?|10159550575168904|Daniel O'Keefe|2022-02-09 23:14:31|1|1|10159550553403904|facebook
https:// www.news18.com/ news/world/ with-portable-sa unas-bouncy-cas tles-canada-pro tests-against-c ovid-curbs-gain -steam-in-pecul iar-show-of-str ength-4740413.h tml|10159550656593904|Ashley Faller|2022-02-09 23:14:27|1|1|10159550553403904|facebook
hahahaha laughable. Go look in a mirror you’ll find what you’re spewing. Lol|10159550669408904|Chad Koroll|2022-02-09 23:14:27|1|1|10159550553403904|facebook
you first.|10159550669943904|Ashley Faller|2022-02-09 23:14:27|1|1|10159550553403904|facebook
ah yes school yard antics. Good example you are for your kids. Grow up|10159550671448904|Chad Koroll|2022-02-09 23:14:27|1|1|10159550553403904|facebook
I m not the one supporting a cause that has bouncy castles... Sure shows the world how oppressed Canadian truckers are ..|10159550672803904|Ashley Faller|2022-02-09 23:14:27|1|1|10159550553403904|facebook
or how brainwashed some Canadians are 🤷‍♂️ are you saying you’re against kids having fun?? Wow and I’m stupid lol the world is waking up how bout you?|10159550685538904|Chad Koroll|2022-02-09 23:14:27|1|1|10159550553403904|facebook
aren't they shopping / buying there?|10159551602613904|Tom Fagan|2022-02-09 23:13:57|0|1|10159550553403904|facebook
Why not just get the government to end the mandates? Then you can stop relying on other people's money being given to you outside of voluntary transactions completely. The government is the problem here, not the protesters. They're just forcing you to do the same thing the government did for 2 years.|10159551777898904|Graham Carter|2022-02-09 23:13:57|0|1|10159550553403904|facebook
Because even if the government were willing discuss ending the mandates, they can't do that now because of the precedent it'll set. The occupiers have shot themselves in the foot. If they give in, it'll send the message that if you don't get your way, all you have to do is harass and assault innocent people until the government gives you what you want.|10159553417153904|André Lavoie-Weddell|2022-02-09 23:14:30|1|1|10159550553403904|facebook
So it works for BLM or FN blockades but not COVID? seems like the government is picking and choosing which groups they will tolerate.|10159553539653904|Graham Carter|2022-02-09 23:14:30|1|1|10159550553403904|facebook
how do you suppose they do it then?|10159550584738904|Carol Gammel|2022-02-09 23:14:31|1|1|10159550553403904|facebook
they had to close because their staff was not safe! Hundreds of people going through there maskless from all over Canada! Those employees and business owners have the FREEDOM to ask people to wear masks inside of their own establishment. The protesters did not respect their FREEDOM to feel safe and protected.|10159550620103904|Philip Standard|2022-02-09 23:14:22|1|1|10159550553403904|facebook
seems to be the only way. Why is the PM hiding…he is purposely prolonging this and as per form blame it others.|10159550606143904|Jackie Weisgerber|2022-02-09 23:14:31|1|1|10159550553403904|facebook
For one he was moved for security reasons, two reports are he and his kids have Covid. This is an act of bullying, by people that hate rules. Not all the people involved are bad or not trying to do something that they think is good. But the mandates are world wide mostly. So how are you going to change the worlds opinion? The people that are running the freedom thing, are not the ones that will help change things they are in it for control and power. I hope things improve, nobody likes the mandates but some have saved lives!|10159550624553904|Royden Johnson|2022-02-09 23:14:31|1|1|10159550553403904|facebook
the mandates are bullying. Withholding something or facing the threat of something unless you comply. That's bullying. That's extortion....  A protest, a right protected by the Charter of Rights and Freedoms is not bullying by any stretch.  The government instituting a mandate without enacting law? Denying the right to work without enacting law? Denying the security of the person without enacting law?...that's bullying.  The Provinces AND the Feds. Parliament MUST enact laws. Not the PM  His best move is to meet and listen. If he won't listen, this won't get better.|10159550646138904|Daniel O'Keefe|2022-02-09 23:14:31|1|1|10159550553403904|facebook
I do agree with some of what you said, but who is able to sit down and meet with the leaders?|10159550650643904|Royden Johnson|2022-02-09 23:14:31|1|1|10159550553403904|facebook
"there are a few known and respected. Trudeau and some provincial leaders should. It would be wise and show some good faith and humility. They work for us. It's time they acknowledged that, even just a little.  That they hung their hats on the mere presence (and quick removal) of despicable images and a yellow stain in the snow, building a head of steam on that alone vs tens of thousands of people? They need to own that and offer a meal culpa.  JT's scripted ""speech"" was as roundly rejected as Clinton's ""basket of deplorables"" in the US and deeply offensive to many, within and without the protests.....  It's time to talk."|10159550658893904|Daniel O'Keefe|2022-02-09 23:14:31|1|1|10159550553403904|facebook
But even if they give you some of what you want, most other countries won’t. If your not vaccinated, you can’t really go anywhere. This is not a Canadian rule, it’s a world rule! So the freedom people are going to pledge a war on every country?you may have support from the Conservatives, but they can’t even pick a leader that’s not for the far right wing party.So what do you do? Punishing the innocent is not good, and soon the vaccinated and logical people will revolt against the freedom people. And it will not be good for anyone. Ego and looking at what one person wants above the whole community and country is just wrong. I hope your Sunday keeps you and your family happy and healthy.|10159550684008904|Royden Johnson|2022-02-09 23:14:31|1|1|10159550553403904|facebook
"🤔...many, many nations are lifting the vax passport rule. The vax can't (and doesn't) stop the virus. It doesn't prevent from getting or giving the virus. It doesn't confer immunity (the virus does, not the vax)....  Sooooo🤷....it's not sustainable. Good therapeutics. Treatment of symptoms is where the world is going. JT is now behind the progress of the science. We cannot vax our way out...since there is no vax efficacy beyond, currently, about 10 months.....  Then what? How many boosters?  Natural immunity is now proven and enduring. For how long? We don't know but we DO know it is longer than the vaccines.  All other virus eradication in human history came from vaccination/ inoculation which conferred immunity, enduring natural immunity. We could neither get or give the virus in all but extremely rare situations. The covid vax does not even hold a candle to these others. It is simply a potential symptom reducer and even that is for about 80% the rest are a gamble.  There is zero evidence that child Covid vaccines deliver a better outcome than the virus itself. None.  So now what?  Early recognition of symptoms and proper treatment. It works. It's working.  The US only imposed the border vax mandate on Jan 22 in response to Canada imposing it's mandate on Jan 15. What evidence was provided indicating that truckers were affecting transmission numbers after 2 years of the virus, 1 whole year without vax?  None. Zero....🤔  The ""Freedom"" they are talking about is that enshrined in the Canadian Charter of Rights and Freedoms and the US Bill of Rights. Freedoms which have been suspended out of fear and not science.  A year ago? Maybe there was value to restricting movement until we knew WHAT we had...NOW? ...there is NO scientific support for the mandates. No evidence based justifications. No specificity to circumstance in order to qualify particular restrictions. They aren't jurisdiction based. Population based. Nor are they based on local or regional outcomes relative to those situations which have been identified (or not) as particularly prone to (or not) contraction of the virus🤷  So why are they there? Public Health? Based on what? A solid, well thought out, science based ""Maybe, Maybe not"" .  Sure seems like it....."|10159550797323904|Daniel O'Keefe|2022-02-09 23:14:31|1|1|10159550553403904|facebook
Your very passionate about the fact the truth has two heads, the one is what science and the governments say the other is what the freedom people say. I have family members that without the vaccine would have been dead. I have nurses that have seen the difference between the vaccinated and the none vaccinated. You can’t believe everything that you want to believe, that’s your own free will. I decided to follow the science ,I really hope one day everything will go back to normal, whatever normal means.|10159550815273904|Royden Johnson|2022-02-09 23:14:31|1|1|10159550553403904|facebook
"your story is everyone's story. I have the same story. I have lost friends and loved ones vaxed and unvaxed. The science is clear. What I described is NOT my science nor their science it is THE science. As expressed by multiple ""experts"" on all news networks across the planet now. You have not countered my specifics? Why, because there are no counters to these things.  I have good friends who had several co-morbidities who moves through the virus without incident and others who were healthy who struggled I know double vaxed and boosted who got very very sick and folks who lost days of work from the vax itself.  It's disheartening to hear a response like this where the science that which has been confirmed over and over again by all MSM, is dismissed so easily.  Vaccinations from this point can only have a tiny effect on the remaining unvaccinated. The vaccinations, statistically have prevented serious illness and death in less than 3% of the population. That is a clearly illustrated fact. The bulk of those who've died, at least 75%, have had 4-6 co morbidities and many dying ""with"" Covid vs ""from"" Covid.  I cant help you to look further. But I can place it at your feet and you can choose to look. None of what I have said is sources form ""right wing"" ""tin hat"" or any other dismissed source. This is irrefutable...m aybe why you didn't refute it.🤷"|10159550827753904|Daniel O'Keefe|2022-02-09 23:14:31|1|1|10159550553403904|facebook
As opposed to 4 lockdowns?|10159550590743904|George Andrew|2022-02-09 23:13:58|0|1|10159550553403904|facebook
if you don't think this has turned into a giant street party of ignorance than your stupider than I thought.|10159550641658904|Ashley Faller|2022-02-09 23:14:27|1|1|10159550553403904|facebook
was that at the bouncey castle? Or the road hockey games? Lol gullible much hahaha 🤪|10159550623728904|Chad Koroll|2022-02-09 23:14:27|1|1|10159550553403904|facebook
yup, let’s see someone try to loot a store. Not happening.|10159550599873904|Richard Todd|2022-02-09 23:14:27|1|1|10159550553403904|facebook
Fake news|10159550597108904|John Godfreyson|2022-02-09 23:14:27|1|1|10159550553403904|facebook
Most of them are already losing their business due to Mandates, they have lost their revenue for 2 years.. why are they blaming this on a protest that has just happened in a week?|10159550575428904|Raven Patel|2022-02-09 23:13:56|0|1|10159550553403904|facebook
so your solution is to cause them to lose more money?|10159550728523904|Zahra Zahra|2022-02-09 23:14:22|1|1|10159550553403904|facebook
not sure where you live, however in the small town I live in BC, no business has gone under due to CoVid!! All the restaurants and bars have remained open, plus we had a new Craft Beer place open and and every place is busy.  Other businesses have opened in the area also. Everyone here is grateful for the mandates and Vax cards - the reason people go out and have fun all the time!! It’s because we feel safe and this is the new normal!|10159550733753904|Eleanor Vanderelst|2022-02-09 23:14:22|1|1|10159550553403904|facebook
I've also seen two videos saying same thing  If anyone is to blame for any business failure it's the govt and their illegal mandates and closing of small businesses at the wim of a hat|10159550590608904|Rich Sutherland|2022-02-09 23:14:23|1|1|10159550553403904|facebook
If you don't know that the mandates are illegal then you have not been following the politics of these lockdowns, without the emergency act all of it is illegal, and the emergency act is only for 30 days, has to be renewed, cant be renewed if you have a no sitting government, yu getting that now.|10159550602603904|Bev Rose|2022-02-09 23:14:23|1|1|10159550553403904|facebook
"you're confusing ""mandate"" with ""contract"". Both are, most certainly legal terms. But just as they are also both English words; they have very different meanings. The government doesn't require anyone's consent or approval to impose a mandate."|10159550872133904|Jeff Pozin|2022-02-09 23:14:23|1|1|10159550553403904|facebook
try again I pulled those definitions right outta a legal dictionary  Exactly as I copied and pasted  Where is your source? Just you speaking what you want? Thought so|10159550873848904|Rich Sutherland|2022-02-09 23:14:23|1|1|10159550553403904|facebook
your speaking of apples and oranges speeding alcohol taxes not even the same category and forcing medical untested procedures for people to be able to participate in what they want ( example FINE DINING GYMS ETC)|10159550882743904|Rich Sutherland|2022-02-09 23:14:24|1|1|10159550553403904|facebook
"you might want to look into that. The only difference between a law and a mandate, for practical purposes is how they came to being. Laws are created by the legislative Branch; Mandates are created by the executive branch. Both are fully enforceable. Neither require the tacit or implicit agreement of anyone subject to either the law or the mandate. Mandates tend to be temporary; laws tend to be permanent. I honestly have no idea where you're getting your legal information from, but it's simply not correct. You can even just do a simple Google search ""what's the difference between a law and a mandate?"" Try it and see what you come up with."|10159550889928904|Jeff Pozin|2022-02-09 23:14:24|1|1|10159550553403904|facebook
i gave you the source did you even look there  And ya u can find lots of stuff thafs not in Law dictionary  Would you go to a gym class to learn math?|10159550893353904|Rich Sutherland|2022-02-09 23:14:24|1|1|10159550553403904|facebook
Your Facebook wall speaks volumes to that.....|10159550907488904|Rich Sutherland|2022-02-09 23:14:24|1|1|10159550553403904|facebook
Just need an intelligent speach long absent in the hill!|10159550570408904|Richer Desalliers|2022-02-09 23:13:56|0|1|10159550553403904|facebook
You'd need people with some intelligence to understand what they were saying. No sense trying to reason with a bunch of trumpsters.|10159550608378904|Peter Cliff|2022-02-09 23:14:24|1|1|10159550553403904|facebook
Or maybe Justin Trudeau all he had to do was talk to them went in to hiding instead. Call out a fight after school then run hey. I'd say he's the problem it is his job Yes or No?|10159550580633904|Cary Mackenzie|2022-02-09 23:14:25|1|1|10159550553403904|facebook
talk to them about what? Canada Unity says it wants the entire government to step down and the country will be ruled by them, the senate and the GG. Tamara Lich says no one is leaving until all mandates are removed. What should he talk about with them? How a bunch of truckers are not going to determine public medical policy cause you blocked intersections with your trucks? Talk about how Canada Unity is literally proposing sedition?|10159550588023904|Adrian Ayotte|2022-02-09 23:14:25|1|1|10159550553403904|facebook
Another 25% is making Hugh $$$, that 75% is making a wrong decision of door closing? 😂|10159550609058904|Henry Tang|2022-02-09 23:13:56|0|1|10159550553403904|facebook
because they are protecting themselves from maskless losers in a pandemic??|10159550636353904|Philip Standard|2022-02-09 23:14:26|1|1|10159550553403904|facebook
"Gee, you'd think with so many ""mask-less losers"" gathered in one area during a pandemic, they'd all be super sick and unwell 🤔 shocking that they haven't all ended up in hospital 🤯"|10159551457843904|Daina MacNeil|2022-02-09 23:14:26|1|1|10159550553403904|facebook
it’s a good thing they are all being kept outdoors and not allowed in those confined spaces. Those business owners are heroes for protecting our health care workers and hospitals.|10159551469678904|Philip Standard|2022-02-09 23:14:26|1|1|10159550553403904|facebook
Exactly what safety concerns? According to police there is about zero crime happening.|10159550570658904|Richard Todd|2022-02-09 23:13:57|0|1|10159550553403904|facebook
neo nazis threaten and terrorize and bully women and men and children who wear masks to protect society. The neo nazi Conservative party kkkonvoy is also an attempted coup.|10159550579628904|Eugene Osudar|2022-02-09 23:14:27|1|1|10159550553403904|facebook
multiple Ottawa businesses have reported such issues. Here’s one example: https:// mobile.twitter.c om/ mooshuicecream|10159551414128904|Zahra Zahra|2022-02-09 23:14:11|1|1|10159550553403904|facebook
businesses should not be forced to deal with anarchists. You threaten democracy and Putin loves you|10159556941493904|Don Purchase|2022-02-09 23:14:16|1|1|10159550553403904|facebook
…I’m sorry but you’re wrong. That’s why the COVID restrictions are different in each province.|10159554605283904|Jonathan Carrigan|2022-02-09 23:14:03|1|1|10159550553403904|facebook
They should have been open. Embrace the opportunity with the tens of thousands of potential customers.|10159550632788904|David Barr|2022-02-09 23:13:55|0|1|10159550553403904|facebook
I’m a Canadian and I gave as did most of the other folks|10159550781558904|John Orr|2022-02-09 23:14:01|1|1|10159550553403904|facebook
Deb name 1|10159551151078904|Vin Scott|2022-02-09 23:14:05|1|1|10159550553403904|facebook
Almost as if you're willfully ignoring most of the details, or something... 🤔|10159550594988904|Jason Godin|2022-02-09 23:14:09|1|1|10159550553403904|facebook
YOU are a minority. YOU didn’t win the last election. If YOU want to make changes, then YOU should work within the democratic system to make those changes. Don’t bully everyone like a spoiled brat!|10159556920408904|Don Purchase|2022-02-09 23:14:03|1|1|10159550553403904|facebook
if the workers are wearing masks shouldn't they be safe ? That is the whole point of the mask wearing isn't it ?|10159550635363904|David Wilson|2022-02-09 23:14:10|1|1|10159550553403904|facebook
Thousands of people outside your business's door and you close? That's a great business plan.|10159550608743904|David Wilson|2022-02-09 23:13:55|0|1|10159550553403904|facebook
have yo heard any of trudope's speachs lately ? Insisting that the measures stay in place, insisting that the 'vaccine' (that has proven not to work on him)is the only way to get rid of the virus, that our obedience is the only way to lift the restrictions, and if we do not 'obey' him, he calls his 'Canadians' racist, misogynists(loo k that up and see what misogyinist means....lol proves what a fool he is - needs a dictionary for Christmas), and every other name in the book....He and his party, have a TON to do with the mandates and restrictions.|10159554962623904|Luba Kalnins|2022-02-09 23:14:03|1|1|10159550553403904|facebook
too bad the gov put pressure on gofundme and they returned all the donations|10159551351413904|Shannon Douglas|2022-02-09 23:14:01|1|1|10159550553403904|facebook
I wonder if the solution to disruptive protests isn't should the government interfere ... but to pass legislation that makes the organizers LIABLE for damages and lost businesses due to disruption ... sometime it's useful to remove things from the governments plate ... which protests do you shut down.|10159551626083904|Meghan Anne McGill|2022-02-09 23:14:01|1|1|10159550553403904|facebook
I guess what Trudeau and the libs have done for the last 2years was ok . The convoy it trying to get all mandates dropped so people can go to work , everywhere|10159551847478904|Iain Brew|2022-02-09 23:14:05|1|1|10159550553403904|facebook
Just apologize…that’ s what Trudeau does when caught doing wrong.|10159550641788904|Wendy Lue|2022-02-09 23:13:55|0|1|10159550553403904|facebook
brought down from the Fed. Trudope came up with most of these mandates etc and put pressure on the provinces.|10159554185003904|Luba Kalnins|2022-02-09 23:14:03|1|1|10159550553403904|facebook
3,000 low wage jobs in retail at the Rideau Centre as well as numerous small businesses anxious to open after lockdowns, people not getting to essential medical appointments, hard to understand why Watson and Sloly didn't see this coming, after all a trucking convoy coming from across this massive country in the dead of winter after 2 years of frustrating lockdowns wasn't just showing up for a couple of days...magical thinking on their part|10159551323848904|Lorraine Thomas|2022-02-09 23:13:55|0|1|10159550553403904|facebook
you mean your slanted media details or you referring to actual facts?|10159550600333904|Steve Ritchie|2022-02-09 23:14:09|1|1|10159550553403904|facebook
not all of them|10159551951933904|Stephen Harding|2022-02-09 23:14:03|1|1|10159550553403904|facebook
The mask mandate is a mandate made by the provincial governments. Each province has their own health mandates, the feds have no ruling with the provinces. I just thought I'd give you a little history lesson on our legislation and the laws in the different portions of government. So, protestors can scream as much as you want in Ottawa but you should be protesting your own provincial governments. The feds literally don't make that decision.|10159551296828904|Marlisle Carlton|2022-02-09 23:14:09|1|1|10159550553403904|facebook
funny how social media has become more truthful than Canadian media. Yes I agree with you it's sad. I wish we had integrity in media but obviously not.|10159550613048904|Steve Ritchie|2022-02-09 23:14:09|1|1|10159550553403904|facebook
so you are complaining that the government is mandating masks and imposing that on employees of small businesses to enforce? I agree that's tough for employees to manage anywhere in Canada... not just Ottawa. Hopefully we follow the rules and don't take it out on employees or the small business.|10159550669683904|Steve Ritchie|2022-02-09 23:14:09|1|1|10159550553403904|facebook
, I make it a point to confirm the accuracy of information I share, but thank you for clarifying your position. I may be mistaken, but it’s my understanding that the Rideau Centre has been closed all week, because of the number of people who insist on entering without a mask. The government may impose the mandates but its the front line workers who have to enforce the mandates. Not exactly the same as No Shirt No Shoes No Service. We accept those infringements on our personal liberty. My daughter is an assistant manager at a restaurant in the downtown area. I’m getting some first hand information. Hang in there, we’ll get to the end.|10159550651368904|David Bryson|2022-02-09 23:14:09|1|1|10159550553403904|facebook
given by the people of Canada? You think $10 million was from Canadians? 🤣you need to catch up with your reading …|10159550774878904|Donna Marie|2022-02-09 23:14:01|1|1|10159550553403904|facebook
Thugs? Relax, Karen.|10159550818958904|Brock Hanly|2022-02-09 23:14:01|1|1|10159550553403904|facebook
Some of the businesses are closed because employees were being attacked on their way to work.|10159553406528904|André Lavoie-Weddell|2022-02-09 23:14:05|1|1|10159550553403904|facebook
They could make a mint catering to all of the people in town to protest, but they would have to get their heads out of their a$$es first.|10159551494648904|Brad Peterson|2022-02-09 23:13:55|0|1|10159550553403904|facebook
because none of them are masked and they are against vaccines you dolt!!|10159550733748904|Philip Standard|2022-02-09 23:14:11|1|1|10159550553403904|facebook
Sounds like a lost opportunity|10159550605068904|Scotty Henderson|2022-02-09 23:13:55|0|1|10159550553403904|facebook
It is the Government that has closed and emptied the core of Ottawa!!! Business has been booming since there are people downtown again, due to the Freedom celebration!!|10159552185783904|Derek Steven Cunningham|2022-02-09 23:13:55|0|1|10159550553403904|facebook
lol if only it were that simple. If they were peaceful and polite and respectful people then sure. But given they have harassed and abused employees forcing them to shut down … no. These people have literally assaulted store workers.|10159550724813904|Zahra Zahra|2022-02-09 23:14:11|1|1|10159550553403904|facebook
Right cause the 2 years of lockdown were such good business. This isn’t news, it’s propaganda.|10159551810683904|Isabel Sander|2022-02-09 23:13:55|0|1|10159550553403904|facebook
This is a peaceful convoy, stop lying|10159551133548904|Lisa Thomas|2022-02-09 23:13:55|0|1|10159550553403904|facebook
would love to see footage of that....everyon e had phones and cameras now....odd that there is no footage....|10159554196223904|Luba Kalnins|2022-02-09 23:14:05|1|1|10159550553403904|facebook
at what cost? Staff does not want to work with hundreds of maskless people a day during a pandemic.|10159550637423904|Philip Standard|2022-02-09 23:14:11|1|1|10159550553403904|facebook
why not their tips alone would surpass any paycheque.|10159550723538904|Dave Seaward|2022-02-09 23:14:11|1|1|10159550553403904|facebook
…yes all of them|10159552006238904|Jonathan Carrigan|2022-02-09 23:14:03|1|1|10159550553403904|facebook
Could have been open.Most profitable week ever.|10159550643058904|David Barr|2022-02-09 23:14:11|1|1|10159550553403904|facebook
You must be a friend of JT ?? With all the name calling on here!! Wow! Why do you continue to reply with your ignorance?! Just a curious question Sir?|10159551171803904|Roseann Davidson|2022-02-09 23:14:11|1|1|10159550553403904|facebook
would you send your teenage granddaughter to work at Tim Hortons downtown Ottawa right now?|10159550640898904|Philip Standard|2022-02-09 23:14:11|1|1|10159550553403904|facebook
Oh yeah, just look at those disruptive people. OOOOHHHH. LOL Edna|10159550588103904|Bill Davis|2022-02-09 23:13:55|0|0|10159550553403904|facebook
how does your mask protect anyone? It’s like trying to stop a mosquito going through a chain link fence. As for the rest of your comment about NEo nazis, and your kkk, maybe share whatever it is you’re smoking.|10159550584158904|Carol Gammel|2022-02-09 23:14:27|1|0|10159550553403904|facebook
So true!|10159551385413904|Roberta Hall|2022-02-09 23:14:03|1|0|10159550553403904|facebook
lol cause police are doing nothing and coddling them.  All these guys could be arrsted on numerous charges buuuut.  These “oppressed” protesters get a pass, yet again.  https:// twitter.com/ gray_mackenzie/ status/ 1489964859450134 528?s=21|10159550590403904|Patrick Randall|2022-02-09 23:14:27|1|0|10159550553403904|facebook
…closures are by the provinces, not the feds.|10159552005823904|Jonathan Carrigan|2022-02-09 23:14:03|1|0|10159550553403904|facebook
I have read it’s more than that now.|10159550618948904|Sandra Hunt|2022-02-09 23:14:27|1|0|10159550553403904|facebook
exactly...not only is Trudeau a sad excuse for a Prime Minister...he's a pretty sad excuse for a human being...|10159551538908904|Nancy Honey|2022-02-09 23:14:03|1|0|10159550553403904|facebook
Does this mean that 52% are doing better business?|10159550628488904|Tina Knott|2022-02-09 23:13:55|0|0|10159550553403904|facebook
just FYI. Trudeau has nothing to do with shutting down businesses. Those are decisions made at the provincial level.|10159551586263904|Jim Hester|2022-02-09 23:14:03|1|0|10159550553403904|facebook
safety concerns from people like this. Prowling around drunk at night threatening pedestrians.  https:// twitter.com/ littlemxsurly/ status/ 1490143736852066 304?s=21|10159550590878904|Patrick Randall|2022-02-09 23:14:27|1|0|10159550553403904|facebook
Move Parliament out of Ottawa since Ottawa doesn’t want the hassle of federal politics|10159550686413904|Greg Waters|2022-02-09 23:13:55|0|0|10159550553403904|facebook
its also ok that your ignorance makes you stupid. I m sure there is a pill for that.|10159550646758904|Ashley Faller|2022-02-09 23:14:27|1|0|10159550553403904|facebook
Ottawa needs to go get help from GO FUND ME.|10159550664028904|Jane Liletta Walks|2022-02-09 23:13:55|0|0|10159550553403904|facebook
they want to feel safe during a global pandemic! Minimum wage workers come in contact with hundreds of people a day and asked that people wear a mask inside of their businesses. They deserve to feel protected.|10159550630203904|Philip Standard|2022-02-09 23:14:27|1|0|10159550553403904|facebook
no I was informed by our friend who has a shop downtown.|10159551411588904|Zahra Zahra|2022-02-09 23:14:11|1|0|10159550553403904|facebook
you're a Karen , because there are no truckers involved, you have to try to denigrate this whole peaceful demonstration|10159550581658904|Patrick Perrier|2022-02-09 23:14:27|1|0|10159550553403904|facebook
I don't need to bully...I see facts and can actually think for myself and can connect the dots to see the bigger picture.|10159557247478904|Luba Kalnins|2022-02-09 23:14:03|1|0|10159550553403904|facebook
75% isn’t 100% but it is the majority|10159550927963904|Micheal Bisaillon|2022-02-09 23:14:24|1|0|10159550553403904|facebook
"my business is closed due to the harassment and blockades. If a coffee shop is getting all the business, IDGAF.  Don't whine about ""fake news"" and then just believe the first thing you see on YouTube. That's embarrassing."|10159551814613904|Jason Godin|2022-02-09 23:14:24|1|0|10159550553403904|facebook
oh, and they are all businesses in Ottawa. You ignorant fools|10159556924823904|Don Purchase|2022-02-09 23:14:24|1|0|10159550553403904|facebook
Ernie Scar so anyone that does not agree with you is on Trudeau’s payroll? You have a disgusting mind.|10159550668598904|Maria CT|2022-02-09 23:14:05|1|0|10159550553403904|facebook
Ernie Scar I guess you were not in the to difficult to accurately determine the number of people celebrating in Ottawa this weekend . MSM says 5000, more accurately 100,000 ish|10159550650258904|David Barr|2022-02-09 23:14:04|1|0|10159550553403904|facebook
all of this was orchestred the media the pharma and the finance and infantilisation of the speech you really support that crap!|10159550636458904|Richer Desalliers|2022-02-09 23:14:24|1|0|10159550553403904|facebook
Since Ottawa does not seem to like being the Capital, maybe it is time to move it. eg. Fort MacMurray|10159550641958904|Walt Jakeway|2022-02-09 23:13:56|0|0|10159550553403904|facebook
So, post the video. Where is it? Yah, like THAT happened. LOL|10159550640888904|Mary Jo Welch|2022-02-09 23:14:04|1|0|10159550553403904|facebook
sorry Goebbels.. that won’t fly.. Try another|10159550578013904|Dan Ciurlia|2022-02-09 23:14:25|1|0|10159550553403904|facebook
oh one doesn’t mean all|10159550615498904|Sandra Hunt|2022-02-09 23:14:04|1|0|10159550553403904|facebook
👍👍👍|10159550591468904|Nancy Zettel|2022-02-09 23:14:25|1|0|10159550553403904|facebook
sure!|10159550578598904|Perry Senior|2022-02-09 23:14:27|1|0|10159550553403904|facebook
Govts have done more damage for the past two plus years to ALL of Canada not just Ottawa Give ur head a shake|10159550592793904|Rich Sutherland|2022-02-09 23:14:25|1|0|10159550553403904|facebook
when he’ll freezes over.|10159550597988904|John Godfreyson|2022-02-09 23:14:25|1|0|10159550553403904|facebook
All our coward PM has to do is cancel the emergency act and puff, all mandates cancelled, the emergency act makes them legal without it the mandates are illegal, and the PM has overused the emergency act.|10159550608243904|Bev Rose|2022-02-09 23:14:25|1|0|10159550553403904|facebook
Trudeau should pay instead of giving BILLIONS of our money away|10159550645143904|Asre Lahey|2022-02-09 23:14:25|1|0|10159550553403904|facebook
By your own logic maybe they should sue government over the forced shutdowns.|10159550677693904|Bruce R Collens|2022-02-09 23:14:25|1|0|10159550553403904|facebook
But they're hugging!! 😳|10159551471553904|Daina MacNeil|2022-02-09 23:14:26|1|0|10159550553403904|facebook
And how did they do with the govt mandates?|10159550729073904|Daniel Dawe|2022-02-09 23:13:56|0|0|10159550553403904|facebook
Feel the pain like the WEst has when energy jobs were killed|10159550699228904|Edward R Yatscoff|2022-02-09 23:13:57|0|0|10159550553403904|facebook
Luba, you are a fool! Your Prime Minister hasn’t been shutting businesses down, your premiere has and your lack of education is leading you to blame the wrong person!  Doug is your man! He’s the one shutting things down where you are, as well as in Ottawa! Do you think Ottawa has been open all this time? We haven’t and we still aren’t because of you @r$eholes, but you’re open, aren’t you? Ya, I thought so!|10159553255803904|Amanda Kelley|2022-02-09 23:14:03|1|0|10159550553403904|facebook
What are you smoking? Trudeau has everything to do with shutting down businesses for the past two years. Provincial governments just follow what they are told by federal fascist crew in Ottawa|10159552081523904|Richard Husar|2022-02-09 23:14:03|1|0|10159550553403904|facebook
such anger and a lot of assumptions. Your elitist attitude is showing|10159550680513904|Scotty Henderson|2022-02-09 23:14:02|1|0|10159550553403904|facebook
facts matter, unless you’re a conservative..|10159550570663904|Bob Mack|2022-02-09 23:14:28|1|0|10159550553403904|facebook
hear hear|10159550648063904|Joanne Johnson-Meyers|2022-02-09 23:14:02|1|0|10159550553403904|facebook
It's coming from you, Suresh.|10159550690878904|Jason Clancy|2022-02-09 23:14:01|1|0|10159550553403904|facebook
What is happening tonight in Tianamm--I mean Ottawa?|10159550832708904|Jason Witt|2022-02-09 23:13:58|0|0|10159550553403904|facebook
Perhaps he doesn't know what he's calling them? HISTORICAL a member of a group or organization of robbers and assassins in India who waylaid and strangled their victims, usually travelers, and stole their belongings. They were suppressed by the British in the 1830s|10159551241518904|Mitch Alexander|2022-02-09 23:14:01|1|0|10159550553403904|facebook
Makes sense. These bums need to get back to work instead of sitting bone idle playing with car horns like little children all day.|10159551040858904|Anthony Fornasier|2022-02-09 23:14:01|1|0|10159550553403904|facebook
protest sets the table. Negotiations comes next.  Here's a thought. It's easy to sit down at the table of those you agree with. Anyone can do that. Trudeau said as much about BLM. But a REAL leader, will sit at the table with those whom he does NOT agree with, and find a place where both can agree.  Negotiation requires that BOTH parties are willing to talk. The Canadian Government has made it clear that they have contempt for these other Canadians purely because they DON'T agree....with what? They actually don't know, because they haven't the leadership nor the courage to meet in the middle and talk.....  That right there is the core of negotiating. Getting to the table despite not agreeing in the first place....|10159550598493904|Daniel O'Keefe|2022-02-09 23:14:31|1|0|10159550553403904|facebook
We found our statist, bootlicker.|10159550854568904|Joe Renaud|2022-02-09 23:14:01|1|0|10159550553403904|facebook
Laugh? You is not funny, Go get a real mans job|10159550843448904|Blatchford Field|2022-02-09 23:14:01|1|0|10159550553403904|facebook
restrictions are being lifted all over the world including Canada. You can’t tell me these idiots couldn’t wait a few more weeks like our front line health care workers are begging us to do?|10159550638813904|Philip Standard|2022-02-09 23:14:31|1|0|10159550553403904|facebook
you may be surprised to learn they have gone to another fund raising organization and have raised over $4 million already. Seems GoFundMe may be in a spot of trouble as the US Republican states intend to investigate them. They had a fund raiser for the Capitol Hill Occupation Protest (CHOP) in Seattle. This is not over.|10159550842678904|Real Sense|2022-02-09 23:14:01|1|0|10159550553403904|facebook
She didn’t say NO Canadians donated lol..|10159550785698904|Josie Bradford|2022-02-09 23:14:01|1|0|10159550553403904|facebook
I sincerly hope you have nothing to do with any organization that is backed by the Catholic Church.|10159550722103904|Dave Seaward|2022-02-09 23:14:01|1|0|10159550553403904|facebook
At the end of the day we will see who is right!peace|10159550837483904|Royden Johnson|2022-02-09 23:14:31|1|0|10159550553403904|facebook
It’s simple. End the mandates.|10159551317188904|Erin Roncato|2022-02-09 23:13:57|0|0|10159550553403904|facebook
They tried to set fire to an apartment building.|10159552395838904|André Lavoie-Weddell|2022-02-09 23:14:00|1|0|10159550553403904|facebook
Only in the land of make believe, troll.|10159550596438904|Jason Godin|2022-02-09 23:14:32|1|0|10159550553403904|facebook
no they are not free to open their businesses. They have already felt intimidated|10159550598848904|John Godfreyson|2022-02-09 23:14:32|1|0|10159550553403904|facebook
at what cost? Their workers deserve to feel safe.|10159550639578904|Philip Standard|2022-02-09 23:14:32|1|0|10159550553403904|facebook
and there you laughing at the people you supposedly are fighting for. The protesters are disrespectful of workers in the stores.|10159550647258904|Sheila Fee|2022-02-09 23:14:32|1|0|10159550553403904|facebook
They could have chosen to open their doors instead, they would have made a small fortune making up for all government closures|10159550630123904|Peter Van Veggel|2022-02-09 23:13:58|0|0|10159550553403904|facebook
and every lockdown has been lifted - that's why we've had 4. geezus|10159550608293904|Marty McDuff|2022-02-09 23:14:32|1|0|10159550553403904|facebook
why doesn't Trudeau just come out and face them. Coward|10159550650463904|Mike Johnson|2022-02-09 23:13:58|0|0|10159550553403904|facebook
Where is Trudeau? He could end the protest but he is letting the people suffer instead.|10159551394343904|Roberta Hall|2022-02-09 23:13:58|0|0|10159550553403904|facebook
It’s the lockdowns fault|10159551560758904|Patrick Collins|2022-02-09 23:13:58|0|0|10159550553403904|facebook
Start a go fund me. I will donate.|10159553602638904|Marilyn Mckercher|2022-02-09 23:13:58|0|0|10159550553403904|facebook
That is the price to pay for living in and/or owning a business in a Capital City. It always protests and parades central!|10159551553833904|John Murray|2022-02-09 23:13:57|0|0|10159550553403904|facebook
you are fake news and Putin lover everything you’re doing|10159556944278904|Don Purchase|2022-02-09 23:14:02|1|0|10159550553403904|facebook
It was on the news. The protest is not all peaceful. All of this because they don't want a vaccine. Think of all the empty store shelves while they block streets and leaving their trucks running and all the fumes the residents get to breathe in.|10159553792968904|Sandie Blackford|2022-02-09 23:14:29|1|0|10159550553403904|facebook
yeah, now they are all terrorists. And we know what happens to terrorists...|10159550690043904|Perry Senior|2022-02-09 23:14:27|1|0|10159550553403904|facebook
yeah ok go watch some more MSM.|10159550690518904|Chad Koroll|2022-02-09 23:14:27|1|0|10159550553403904|facebook
so now it’s the truckers using the bouncy castle? Haha you’re not making any sense anymore. It’s been fun. Thanks for the entertainment. Oh it’s 6 o’clock your evening news is on better catch up on all the lies or news 🙄|10159550693008904|Chad Koroll|2022-02-09 23:14:27|1|0|10159550553403904|facebook
Given how police respond to far less noxious protests, it's fascinating that they've not shut this one down.|10159550671363904|Alexis Delray|2022-02-09 23:13:57|0|0|10159550553403904|facebook
What a lie!!|10159550678623904|Angie Whiteford Suntjens|2022-02-09 23:13:57|0|0|10159550553403904|facebook
agreed|10159556916573904|Don Purchase|2022-02-09 23:14:01|1|0|10159550553403904|facebook
Clearly you' stand on the side of stupidity|10159550906993904|Rich Sutherland|2022-02-09 23:14:24|1|0|10159550553403904|facebook
according to Jim|10159550571278904|Dave Smith|2022-02-09 23:14:28|1|0|10159550553403904|facebook
Wrong. Businesses could stay open and make profits. Why did they close? Because spineless joke Trudeau told them ?|10159552076578904|Richard Husar|2022-02-09 23:14:01|1|0|10159550553403904|facebook
the people in the protest were damaging the properties and scaring away the regular customers|10159553727963904|Sandie Blackford|2022-02-09 23:14:29|1|0|10159550553403904|facebook
still don't understand why they don't want the vaccine. We all had to have small pox polio mumps whooping cough as those were mandatory for going to school. Is it they don't want the vaccine or don't like being told they need to have it. This would have been over sooner if more people had been vaccinated|10159554055643904|Sandie Blackford|2022-02-09 23:14:29|1|0|10159550553403904|facebook
Just like I said only negative news that’s what you get when the Government owns the news Media.Not much Positive?????Ne ws|10159553140063904|Rino Michaud|2022-02-09 23:13:57|0|0|10159550553403904|facebook
You have legitimate reasons which I respect but I can safely say most of the truckers that are protesting just don't like to be told what to do|10159555354813904|Sandie Blackford|2022-02-09 23:14:29|1|0|10159550553403904|facebook
BuT tHiS iS a PeAcEfuL pRoTeSt FoR aLl CaNaDiAnS!|10159550568718904|Kevin Edward-Sage Beck|2022-02-09 23:13:57|0|0|10159550553403904|facebook
they might be thugs to you but you don’t know any better than calling them names sad on you get a life ok|10159551950813904|Stephen Harding|2022-02-09 23:14:01|1|0|10159550553403904|facebook
they would have but lots closed out fear|10159552001748904|Doug Haley|2022-02-09 23:14:29|1|0|10159550553403904|facebook
It was the US gov't that put the screws to GFM. CDN gov't are ignoring everything.|10159551871913904|Edward R Yatscoff|2022-02-09 23:14:01|1|0|10159550553403904|facebook
So your solution is to steal money from people? How very socialist of you.|10159551834028904|Graham Carter|2022-02-09 23:14:01|1|0|10159550553403904|facebook
all or none|10159551674088904|Ryan Doherty|2022-02-09 23:14:01|1|0|10159550553403904|facebook
the protesters will just do this again and again when they’re pissed off or bored. That’s why the government can’t give in to their unjustified demand|10159556927713904|Don Purchase|2022-02-09 23:14:30|1|0|10159550553403904|facebook
They don't mind stomping on the rights of other people! Selfish, self centered people!|10159551391578904|Lyn Cunningham|2022-02-09 23:13:57|0|0|10159550553403904|facebook
and how did they do during covid lockdowns|10159550609008904|Rod Fredrickson|2022-02-09 23:13:57|0|0|10159550553403904|facebook
Ernie Scar nope it’s the facts and if you don’t like it too bad|10159550668943904|Sandra Hunt|2022-02-09 23:14:05|1|0|10159550553403904|facebook
one does not represent the other 75%|10159550927118904|Micheal Bisaillon|2022-02-09 23:14:05|1|0|10159550553403904|facebook
no because those are for membership purposes not to freely eat where I want or playing hockey or go to college  Its called tyranny  Your either a communist supporter or your a Canadian u can't be both  Choose today which side your on because in the coming days those on the tyranny will est their words  Theres no room in this country for tyrants sorry You want to provide your papers go to.china  Not only that showing papers is completely different than turning yourself and your kids your loved ones into a walking human lab rat|10159550906713904|Rich Sutherland|2022-02-09 23:14:24|1|0|10159550553403904|facebook
Easy, they're not liberals so they're evil.|10159550643523904|Patrick O'Donnell|2022-02-09 23:14:15|1|0|10159550553403904|facebook
There is no reason for any truckers to be out of work, within Canada’s borders, as they are in high demand. This is why they do not qualify for EI. The trucks In the convoys I saw were all ‘independent’ operators. They don’t work for a company that can tell then what to do.|10159550681643904|Ken Horzempa|2022-02-09 23:14:15|1|0|10159550553403904|facebook
Lost revenue? Hmm. I don’t think anybody knows what that’s like.|10159551393053904|William Dowbush|2022-02-09 23:13:55|0|0|10159550553403904|facebook
sure bud, im having vodja with him right now. Settle down red scare|10159557127203904|Darryl Lamb|2022-02-09 23:14:15|1|0|10159550553403904|facebook
So? Your anger directive at city or the truckers?|10159551325153904|Keith James|2022-02-09 23:14:09|1|0|10159550553403904|facebook
far from a racists moron..I have many different cultures in my family. Our country has enough homless, starving people and lets not even get into the indigenous people of Canada still without running drinking water or that were MURDERED by the catholics and government. Get our country on track and not just for the select few that has money before they hand out billions to others. Your a racists against our country as a whole by the sounds of it.|10159551519008904|Dave Seaward|2022-02-09 23:14:15|1|0|10159550553403904|facebook
in no way did I say anything about mask mandates being imposed by feds. However they do mandate them for air (and train I believe) travel. I was also saying they should be followed and agree it’s hard on small business to enforce them (anywhere regardless of the government mandating)|10159551385483904|Steve Ritchie|2022-02-09 23:14:09|1|0|10159550553403904|facebook
Philip 'Feeling' safe and actually 'being' safe are two different realities today, as per science. Homemade masks don't stop the transmission but are mandated. Vaccination doesn't stop or slow transmission but still mandated. Tests are only accurate 66% of the time, have still been mandated. And early treatment IF you contract covid, 'go home and self isolate until til you get worse'. That, my friend, is not healthcare.|10159551162558904|Vin Scott|2022-02-09 23:14:09|1|0|10159550553403904|facebook
I see what you did there. Nice piece of sarcasm!|10159550668753904|Chrys Kaloudis|2022-02-09 23:14:09|1|0|10159550553403904|facebook
you nailed it David! These business owners and their staff have a right and the freedom to feel safe during a Global Pandemic!!|10159550628358904|Philip Standard|2022-02-09 23:14:09|1|0|10159550553403904|facebook
I am the only one lucky lucky me. And never did I imply that all should work. And why exactly are you beefing me? You don’t like my comment, troll along. Seriously. It’s a debate|10159551456348904|Mary Bedkowski|2022-02-09 23:14:16|1|0|10159550553403904|facebook
like what, Jason? Please enlighten us.|10159550626528904|Philip Standard|2022-02-09 23:14:09|1|0|10159550553403904|facebook
they don’t see that Putin is loving this|10159556917138904|Don Purchase|2022-02-09 23:13:59|1|0|10159550553403904|facebook
Putin. Are you serious. Putin?|10159557049593904|Mary Bedkowski|2022-02-09 23:14:16|1|0|10159550553403904|facebook
how hard is it for you?? Business owners are trying to protect their staff by asking the hundreds of people that come through each day to wear a mask to keep them safe. They have the FREEDOM to do so and the staff has the FREEDOM to ask to feel safe.|10159550625748904|Philip Standard|2022-02-09 23:14:09|1|0|10159550553403904|facebook
exactly! 👍👍👍|10159550591258904|Nancy Zettel|2022-02-09 23:14:17|1|0|10159550553403904|facebook
all these people do is preach about freedom while taking freedoms away from others|10159550598703904|Ericka Ashley|2022-02-09 23:14:17|1|0|10159550553403904|facebook
just like their lockdowns|10159550614653904|KL He|2022-02-09 23:14:17|1|0|10159550553403904|facebook
Take it up with the Supreme Court. Oh wait....they already ruled. Not in your favour.|10159550628808904|Chrys Kaloudis|2022-02-09 23:14:17|1|0|10159550553403904|facebook
I don't get it. Ottawa hasn't seen so much business potential with thousands backed by $10MM|10159550578958904|Steve Ritchie|2022-02-09 23:13:55|0|0|10159550553403904|facebook
those are not people downtown, those are anarchists and Putin loves them all|10159556947358904|Don Purchase|2022-02-09 23:14:08|1|0|10159550553403904|facebook
that the same judge that was a lawyer that got the jail house lotto win ?|10159550642103904|Peter Mesi|2022-02-09 23:14:17|1|0|10159550553403904|facebook
could you very carefully explain to us where lockdowns or mandates anywhere on earth have worked during this problem?|10159550643813904|Richard Todd|2022-02-09 23:14:17|1|0|10159550553403904|facebook
probably cause their bought off like the rest of the globalist... Oh right your to blind to see|10159550670998904|Rich Sutherland|2022-02-09 23:14:17|1|0|10159550553403904|facebook
what ... Do tell ...|10159550644513904|Joanne Johnson-Meyers|2022-02-09 23:14:15|1|0|10159550553403904|facebook
So?|10159550632773904|Chrys Kaloudis|2022-02-09 23:14:15|1|0|10159550553403904|facebook
https:// legal-dictionary .thefreediction ary.com/mandate  About two paragraphs in and then again 3 or 4 paragraphs Not only.mentions it once but like 3 or 4 times  Must be agreed and voluntarily|10159550902463904|Rich Sutherland|2022-02-09 23:14:24|1|0|10159550553403904|facebook
- USA is barring unvaccinated Canadian truckers from entering USA, not the Canadian government. Also, it is private trucking businesses requiring truck drivers be vaccinated to protect co-workers and customers, again not the Canadian government. #flutruxKlan #GoHome|10159550626118904|Gordon Earle|2022-02-09 23:14:14|1|0|10159550553403904|facebook
you don’t get it obviously. This was the chant around Ottawa and the rest of Canada over the weekend|10159551440158904|Philip Standard|2022-02-09 23:14:11|1|0|10159550553403904|facebook
ah. So it’s fake news until there’s evidence otherwise. Then it’s “infiltrators causing trouble”.|10159551559848904|Zahra Zahra|2022-02-09 23:14:11|1|0|10159550553403904|facebook
those are not customers, those are anarchists who block international bridges and siege the National Capital. Putin thanks each and every one of YOU|10159556934678904|Don Purchase|2022-02-09 23:14:11|1|0|10159550553403904|facebook
nah, this is on the ignorant, selfish and entitled and stupid.|10159550606303904|Marty McDuff|2022-02-09 23:14:12|1|0|10159550553403904|facebook
and the provinces have enacted 95% of the mandates and he can't lift them. These folks are too stupid to realize that.|10159550607843904|Marty McDuff|2022-02-09 23:14:12|1|0|10159550553403904|facebook
well same can be said for these Organizers and truckers who do they think they are dictating to all Canadians about all mandates ? It’s called dictating also. They don’t speak for me …they f up when they turned this into what they did and didn’t seem to make it about the border. Mind you good luck getting across the border USA is the same|10159550623508904|Sandra Hunt|2022-02-09 23:14:12|1|0|10159550553403904|facebook
laughable|10159550642123904|Joanne Johnson-Meyers|2022-02-09 23:14:12|1|0|10159550553403904|facebook
we just had an election. That was your chance to remove the current government and install the KKKons. So now you’ll have to wait awhile. Whaaaah. That’s how a DEMOCRACY works. Look it up, I’m sure it’s on YouTube along with your Qanon bs.|10159550682048904|Janice Munro|2022-02-09 23:14:12|1|0|10159550553403904|facebook
a wise person takes advice from knowledgeable people. Not anarchists. Putin loves every one of you|10159556932943904|Don Purchase|2022-02-09 23:14:12|1|0|10159550553403904|facebook
like 100%!!!!👏🏻👏🏻👏🏻👏🏻👏🏻|10159550723958904|Andrea Montanaro|2022-02-09 23:14:13|1|0|10159550553403904|facebook
LOL !!!!!!!  you mean this “working paper?” The one that isn’t a STUDY and that FOX a news bastardized in their reports? THAT one?🤣🙄  Good god is it any wonder there are so many misinformed people in this convoy/protest/ occupation that do NOT have a clue  https:// www.forbes.com/ sites/brucelee/ 2022/02/06/ did-so-called-jo hns-hopkins-stu dy-really-show- lockdowns-were- ineffective-aga inst-covid-19/ ?sh=5154dd0f1225|10159550793148904|Donna Marie|2022-02-09 23:14:13|1|0|10159550553403904|facebook
you idiot, the protest adds to the existing problems these people have suffered. The protesters are anarchists and Putin is laughing|10159556938208904|Don Purchase|2022-02-09 23:14:13|1|0|10159550553403904|facebook
you are delusional. They already have that.|10159550640018904|Philip Standard|2022-02-09 23:14:11|1|0|10159550553403904|facebook
The protesters are already petri dishes. Business owners know better.|10159550640723904|Chrys Kaloudis|2022-02-09 23:14:14|1|0|10159550553403904|facebook
those are not people outside their doors, those are anarchists and Putin loves all of you|10159556931583904|Don Purchase|2022-02-09 23:14:10|1|0|10159550553403904|facebook
the worst is they take 5 days off because they have a sore thought and a cough.|10159551138043904|Aaronius Maximus|2022-02-09 23:14:10|1|0|10159550553403904|facebook
next time you have surgery be sure to let the operating staff know that they don’t need to mask up since they don’t work.|10159551560253904|Philip Standard|2022-02-09 23:14:14|1|0|10159550553403904|facebook
you can have 3 shots and a mask, still get the virus. That’s the point here, government measures don’t mean anything|10159550641238904|Richard Todd|2022-02-09 23:14:10|1|0|10159550553403904|facebook
They didn’t need to go to Ottawa. Tough|10159550596828904|John Godfreyson|2022-02-09 23:14:14|1|0|10159550553403904|facebook
I am concerned that they must be severely brain damaged if a little needle that 90% of the population has already taken with almost no incidents is the thing that scares them into this big of a tantrum.  Yeah, they don't get a goddamn lick of respect from me.|10159550601853904|Jason Godin|2022-02-09 23:14:14|1|0|10159550553403904|facebook
They should get jobs and pull themselves up by the bootstraps.|10159550616313904|Will Bedford|2022-02-09 23:14:14|1|0|10159550553403904|facebook
I think it’s obvious they don’t need work|10159550617793904|Sandra Hunt|2022-02-09 23:14:14|1|0|10159550553403904|facebook
yeah sure there, Darryl.|10159550620528904|Philip Standard|2022-02-09 23:14:14|1|0|10159550553403904|facebook
blocking the border crossings and holding the Nations Capital is not a ‘generous’ thing to do. This is anarchy and Putin loves you|10159556930608904|Don Purchase|2022-02-09 23:14:07|1|0|10159550553403904|facebook
prove to me otherwise?  Symptoms are all the same literally And hey look flu is a Corona virus  Er go i am right and whatever you think coronavirus is I am not wrong in stating its like flu Heck even the media has said this Numourous times|10159550828793904|Rich Sutherland|2022-02-09 23:14:17|1|0|10159550553403904|facebook
it's a selfishness convoy|10159552815118904|Maryanne Pankhurst|2022-02-09 23:14:17|1|0|10159550553403904|facebook
The fear isn't unfounded - workers have been attacked trying to get to work. And we're not talking 'just' verbal harassment or intimidation; we're talking full-on shoving people to the ground for wearing masks.|10159553411533904|André Lavoie-Weddell|2022-02-09 23:14:07|1|0|10159550553403904|facebook
What about all the businesses that have had to close all across the country. What they dont matter anymore!!! Remove the mandates and everyone goes back to work. What is so hard about that.|10159552161693904|Nancy Forsyth Creagh|2022-02-09 23:13:56|0|0|10159550553403904|facebook
I work in health care so public health directives are ones I KNOW have been needed. All of us have also known from day one that these restrictions will be lifted as the hospitals have space. I am not arguing with anyone who seems intent on making the temporary mandates to protect the bigger population ALIVE into this political football, (backed interestingly enough by slimey right winger American politicians with a history of destabilizing actions and riots in their own capitol.) This occupation is not going to change anything that won't be changed soon enough as illness levels drop. Stay healthy and well.|10159551933993904|Deb MK|2022-02-09 23:14:05|1|0|10159550553403904|facebook
because those are the facts|10159550661868904|Susan Bliss Purdy|2022-02-09 23:14:22|1|0|10159550553403904|facebook
right on!!|10159551870748904|Adrian Strutinsky|2022-02-09 23:14:05|1|0|10159550553403904|facebook
We have been robbed of our personal freedoms for two years at least. So many businesses have closed in my city. Very sad!|10159551390488904|Roberta Hall|2022-02-09 23:14:05|1|0|10159550553403904|facebook
Exactly not well thought out LOL|10159551249338904|Marlisle Carlton|2022-02-09 23:14:22|1|0|10159550553403904|facebook
Exactly I'm in BC the okanagan, I was so grateful for the vax card. Our mandates have given us a safe way to proceed with our lives <3|10159551250783904|Marlisle Carlton|2022-02-09 23:14:22|1|0|10159550553403904|facebook
Facts! You've probably heard that word somewhere?? I know...facts, what you believe is real, reality... so confusing!!!|10159552398683904|Mark Fine|2022-02-09 23:14:22|1|0|10159550553403904|facebook
Deb not a single right infringed upon. Try another attempt?|10159551246743904|Vin Scott|2022-02-09 23:14:05|1|0|10159550553403904|facebook
illegal mandates, please elaborate|10159550593373904|Terry Howatt|2022-02-09 23:14:23|1|0|10159550553403904|facebook
Andrew Barber Why would they force business to close seems ridiculous|10159550984963904|Carl Barnes|2022-02-09 23:14:05|1|0|10159550553403904|facebook
so what business are closed? There are 20000 more people in the city than in the last 2 years. You cant tell me they aren't shopping and buying stuff.|10159550959633904|David Deswiage|2022-02-09 23:14:05|1|0|10159550553403904|facebook
mandate is a legal term it must be agreed upon by both parties I do not consent..... Hense illegal... Coersion to keep ones job play hockey or soccer or go to school etc all illegal for those that can't figure it out I don't know what to tell ya|10159550694488904|Rich Sutherland|2022-02-09 23:14:23|1|0|10159550553403904|facebook
Andrew Barber hope your out there protesting against the tyranny.|10159550858958904|Ken Erickson|2022-02-09 23:14:05|1|0|10159550553403904|facebook
The government shut down small businesses and let the Wal Marts of the world stay open. GTFOH with that nonsense.|10159550855483904|Joe Renaud|2022-02-09 23:14:05|1|0|10159550553403904|facebook
in this particular case they're talking about a political mandate. Which means power and authority given to a political power by, in a democracy, winning an election. However, individual LEGAL mandates; such as seat belt laws, speeding laws, taxes, or even tobacco and alcohol restrictions, certainly do not require the consent or agreement of every individual citizen, nor even the majority of citizens, after a particular government has won an election. Or did you really think you only have to follow laws that you agree with? 🤨|10159550876763904|Jeff Pozin|2022-02-09 23:14:23|1|0|10159550553403904|facebook
Nobody told them to shut their doors and not take all the people's money.|10159550808243904|Ken Erickson|2022-02-09 23:14:05|1|0|10159550553403904|facebook
i don't need to wear a mask if i don't agree I dont need to take an experimental jab if I don't sgree  Seat belt and drinking restrictions are laws not mandates  Speeding laws all laws  Laws are not mandates  Look at blacks law dictionary amongst other law dictionaries  Can't be more clear the person must agree and it has to be voluntary|10159550879033904|Rich Sutherland|2022-02-09 23:14:23|1|0|10159550553403904|facebook
maybe they're doing worse cause of the mandates forced on them interesting how all those places u listed gym fine dining restaurants all require tyrannical papers please passports  What is wrong with ppl these days give your head a shake|10159550880893904|Rich Sutherland|2022-02-09 23:14:23|1|0|10159550553403904|facebook
Ernie Scar one doesn’t have to look far to see the ignorance. You on twitter? Maybe check your privilege at the same time as you compare yourself to this tweet bucko  https:// twitter.com/ jbradshaw01/ status/ 1488521020004777 987?s=21|10159550779118904|Donna Marie|2022-02-09 23:14:05|1|0|10159550553403904|facebook
what personal freedoms? Run a business? If you're not Walmart, you must close. The government closed your business, not the people.|10159550737538904|Daniel Dawe|2022-02-09 23:14:05|1|0|10159550553403904|facebook
Bev if only that was true|10159550713543904|Lisa Noland|2022-02-09 23:14:05|1|0|10159550553403904|facebook
lol yet it was ok to throw people out of work in the same way, for their freedoms rights yesterday as long as it fit your choice. Your thinking brought this not their thinking its just coming full circle right back at you. You should be happy its your job now, after all were All in it Together. Don’t be selfish take one for the team, for freedom.|10159550686873904|Mj Daggett|2022-02-09 23:14:05|1|0|10159550553403904|facebook
they didn't have to close. So many for two years did take out only. They would have and could have sold out every day for the last week within hours.  If all of their employees were masked and vaxed, what exactly was the risk?  And if it was Covid, how exactly are we going to vax our way out of this?  So, this isn't logic. It isn't science then. If they were concerned for OTHER's health, what exactly is that concern? Do we make decisions in our businesses based on how one customer might risk another's health when BOTH choose to be there as patrons? Are we REALLY protecting our customers from each other? Is that up to us a business people? What's the threshold when we recognize this is an impossible task?  As far as our own health, when we are vaxed, boosted and masked, what exactly is left?....|10159550868378904|Daniel O'Keefe|2022-02-09 23:14:22|1|0|10159550553403904|facebook
thankfully it's just one branch.|10159551982693904|Jason Godin|2022-02-09 23:14:05|1|0|10159550553403904|facebook
settle down Deb, your going to blow a 0 Ring..|10159552103913904|Bill McCann|2022-02-09 23:14:05|1|0|10159550553403904|facebook
people like you boggles the mind .|10159551841033904|Iain Brew|2022-02-09 23:14:20|1|0|10159550553403904|facebook
Which mandates and why?|10159551428018904|Taryn Ceperkovic|2022-02-09 23:14:18|1|0|10159550553403904|facebook
you are so full of your twisted thoughts you must be dizzy|10159556922648904|Don Purchase|2022-02-09 23:14:07|1|0|10159550553403904|facebook
they’re to egotistical to do that|10159556928838904|Don Purchase|2022-02-09 23:14:06|1|0|10159550553403904|facebook
Ok brother ...be well|10159552438763904|Sean Eyre|2022-02-09 23:14:18|1|0|10159550553403904|facebook
I wish I were there supporting this cause. https:// youtu.be/ IlZyfPGXRkI|10159550654203904|Anny Chicuelo|2022-02-09 23:14:18|1|0|10159550553403904|facebook
Easy there Hitler.|10159550681233904|Bruce R Collens|2022-02-09 23:14:18|1|0|10159550553403904|facebook
Why would you assault someone in front of half a dozen witnesses with cameras out? Do you think so little of the people you seem to support?  Anyways, how about some security footage of them kicking in a shop's window, or trying to set fire to an apartment lobby?|10159555006063904|André Lavoie-Weddell|2022-02-09 23:14:05|1|0|10159550553403904|facebook
based on your wall on FB I assume you have made up your mind regardless. Be good and take care.|10159551351143904|Peter McGregor|2022-02-09 23:14:19|1|0|10159550553403904|facebook
Andrew Barber That's funny there's a thing we call jail now a days. My how Dramatic of you LOL|10159551222478904|Marlisle Carlton|2022-02-09 23:14:20|1|0|10159550553403904|facebook
Why do you hate freedom |10159551816183904|Isabel Sander|2022-02-09 23:14:20|1|0|10159550553403904|facebook
right on!!|10159551872793904|Adrian Strutinsky|2022-02-09 23:14:20|1|0|10159550553403904|facebook
am sure they would have the truckers would have supported them probably.I think that’s why the city closed them n to make the Truckers look bad.The Mayer is Trudeau body (Liberals)|10159553174568904|Rino Michaud|2022-02-09 23:14:21|1|0|10159550553403904|facebook
because they are following the law of the land check it out|10159551956613904|Stephen Harding|2022-02-09 23:14:20|1|0|10159550553403904|facebook
In part, the city is having a Hell of a time trying to find people willing to tow the vehicles - many of them are afraid of being harassed or blacklisted, if they don't side with the 'pro-freedom' occupiers. I mean, one guy's been getting death threats because he moved that wooden shack to the Coventry lot - furious callers aren't even letting him get a word in to explain that he did so at the protesters' own request, and for free no less.|10159553428268904|André Lavoie-Weddell|2022-02-09 23:14:20|1|0|10159550553403904|facebook
the police are responsible for theft after steeling the gas and deisel check it out|10159551954673904|Stephen Harding|2022-02-09 23:14:05|1|0|10159550553403904|facebook
so lets drop the mandates, let allow all the Dr's and nurses that were booted after they put in insane long shifts before the poison darts were mandated, back to work, let the Dr's that refused the jab come back to work,....but no....that would make too much sense....lets just boot amazing nurses and Dr's in a field that was short staffed even before the pandemic (and I honestly do NOT think that you guys get paid fairly for what you do....your pay is a slap in the face for the care service you provide...so I am not surprised there was already a shortage). Covid is a 90% survival rate....the mandates and lockdowns are killing people as well, as are the jabs....and three is a ton of proof on that but none of the brainwashed people WANT to see that and the politicians don't want to hear about it, and big Pharma is pushing it and I am pretty sure the kickbacks are pretty decent....time for us to stand up for ourselves and the only body we have in this lifetime. The jab works so well that there are more fully jabbed people with Covid than un jabbed...and even our 'leader' who is apparently triple jabbed had got COVID...althoug h I have problems believing it...his timing was impeccable.|10159554194638904|Luba Kalnins|2022-02-09 23:14:05|1|0|10159550553403904|facebook
sure I can however this is the biggest and most peaceful protest in Canadian history and the only narrative being spread is by the media saying how violent and unruly these protesters are. The facts are clear crime has gone down in the core the police merely have a presence it’s not enough to actually police if protesters had any intention to commit crimes or vandalism. Also that’s a lovely dog in you profile! 🐶|10159551453833904|Kevin Denault|2022-02-09 23:14:20|1|0|10159550553403904|facebook
most of the cops are at the truck rally|10159551958343904|Stephen Harding|2022-02-09 23:14:20|1|0|10159550553403904|facebook
There was a business owner talking to one of the truckers and she actually Says security won’t allow the convoy truckers to shop they are stopping them .. so someone needs to get their facts straight|10159550663248904|Christine Deitz Feicht|2022-02-09 23:13:56|0|0|10159550553403904|facebook
These businesses need to hold this group for anti vaxer's legally accountable for their losses as well!|10159551552188904|Manfred Forest|2022-02-09 23:13:56|0|0|10159550553403904|facebook
Coming from the Liberal Globe and Mail which I for one don’t believe. I believe a lot of restaurants are busy. By the way Globe and Mail have you found where Trudeau is yet .|10159550678223904|Frances Caputo|2022-02-09 23:13:56|0|0|10159550553403904|facebook
maybe just drop the mandates then? Let them go back to life as it has been for them for the last two years and nobody was the wiser?|10159552877358904|John A Metcalf|2022-02-09 23:14:05|1|0|10159550553403904|facebook
Smh|10159551150483904|Vin Scott|2022-02-09 23:13:58|0|0|10159550553403904|facebook
