﻿comment|comment_ids|username|datetime|isreply|num_replies|post_id|label
I’m not a trucker but every time I talked to other Canadians about that issue, their reaction was that my support is weird and unwanted because I’m not white and they say this is about white men not wanting to be told what to do.|10159534611638904|Robson Ferreira|2022-02-02 21:00:36|0|4|10159534418453904|facebook
so you applying labels to folks who you have never met so that you can dismiss them, you seem like a narrow minded person.|10159534618478904|Robert Hume|2022-02-02 21:00:40|1|3|10159534418453904|facebook
Interesting number there Tiny, where did ya get it? Make it up?|10159536783258904|Keith James|2022-02-02 21:00:44|1|2|10159534418453904|facebook
So giving airspace to racists is essential? Is that your argument?|10159534593433904|Colin Caldwell|2022-02-02 21:00:40|1|2|10159534418453904|facebook
oh right , zero Experience then ? Just what you heard ? Ok good one|10159534636598904|George Sam|2022-02-02 21:00:47|1|2|10159534418453904|facebook
Pretty sure it’s mostly stupid mandates that make their job way more complicated than necessary|10159534565568904|Isabel Sander|2022-02-02 21:00:35|0|2|10159534418453904|facebook
He should start his own protest if he is not happy with this one. Nobody is stopping him.|10159534573853904|Roseline Roux|2022-02-02 21:00:35|0|2|10159534418453904|facebook
My father worked in trucking for years. As expenses rose the companies refused to pay more for delivery. They could always find someone who would work cheaper. Many smaller companies went under.|10159535296643904|Ed Gilpin|2022-02-02 21:00:42|1|2|10159534418453904|facebook
yeah! All those people at the side of the road are throwing rotten eggs @ them! Open your eyes!|10159535142508904|Mike Gowing|2022-02-02 21:00:45|1|2|10159534418453904|facebook
Brydget Lynn-banks My god people are stupid. Only the print media got anything the TV media got nothing. How do you account for them both coming to the same conclusions.|10159534689913904|Mike Brown|2022-02-02 21:00:42|1|2|10159534418453904|facebook
GONG SHOW|10159535218363904|Shari Landry|2022-02-02 21:00:45|1|2|10159534418453904|facebook
Good point. I don't think I have seen a single person of colour in any of those videos or pictures of the convoy. The sense of entitlement shown in these videos is astounding really. Also it sounds like there are alot more serious issues going on within the trucking industry that should be addressed before masks and vaccines.|10159535534773904|Siobhan Sinclair|2022-02-02 21:00:35|0|2|10159534418453904|facebook
The private autos are being driven by bootlicks.|10159535198383904|Donal Hansman|2022-02-02 21:00:44|1|2|10159534418453904|facebook
Are you one of the 18% of Canadians who still support Trudeau?|10159535373123904|Tina Knott|2022-02-02 21:00:44|1|2|10159534418453904|facebook
In a free society, having diversity of thoughts and perspectives is essential. It is healthy to have dicussions on issues and different opinions. Yesterday, we learned that our PM thinks that there is wrong think and here is the Globe and Mail trying to gatekeep opinions and smear the wrong thinkers when they should be asking why our PM is dividing Canadians.|10159534495963904|Robert Hume|2022-02-02 21:00:35|0|2|10159534418453904|facebook
The media already knows. No more time can be wasted on these biased newspapers.|10159534560673904|ਜੱਬੋਵਾਲੀਆ ਇੰਦਰਜੀਤ ਸਿੰਘ|2022-02-02 21:00:46|1|2|10159534418453904|facebook
"I understand this is not a single-layer problem. It's systemic. Business plans must include livable wages for all employees, regardless of who they are. That's the ethical way to operate. The current system depends on being able to exploit people who need the work. It's not like anyone's going to an employer and saying, ""Hey, whatever you pay those other guys, pay me half."" Or whatever."|10159535052003904|Jean Mendoza|2022-02-02 21:00:42|1|1|10159534418453904|facebook
like what? 90% of our truckers are fully vaccinated. They travel all over and realize this is the best way to protect themselves and our exhausted health care system.|10159534579983904|Philip Standard|2022-02-02 21:00:44|1|1|10159534418453904|facebook
The trucking industry used to be an industry that paid a fair living wage. When the South Asians entered the industry they were willing to work for less money. Employers took full advantage of that.|10159534752223904|Ed Gilpin|2022-02-02 21:00:35|0|1|10159534418453904|facebook
If that's even true (got sources?), then blame the employers who have tried to get out of paying all workers a fair wage.|10159534972738904|Jean Mendoza|2022-02-02 21:00:42|1|1|10159534418453904|facebook
I am not blaming anyone. As far as sources, ask any older trucker what happened. Years ago most retailers (for example Eatons) had their own delivery system, with their own trucks. Then the retailers found it cheaper to hire delivery companies to do the work, who in turn got sub-contractors who owned their own trucks to work per mile or per load. The loser was the owner/ operator who did the sub-contracting. But it started all with people who were willing to work for less money.|10159535005888904|Ed Gilpin|2022-02-02 21:00:42|1|1|10159534418453904|facebook
sadly it is true but you’re right it’s not their fault. Once again this turns into those at the bottom fighting each other when they should be holding the top accountable.|10159535075598904|Kathleen Morton|2022-02-02 21:00:42|1|1|10159534418453904|facebook
Truckers in the convoy are independents. I believe no company owned trucks are allowed to participate due to insurance restrictions etc.|10159534548398904|Tina Knott|2022-02-02 21:00:35|0|1|10159534418453904|facebook
oh, so we should blame the immigrants. Is that it?|10159535277238904|Sean Ledwich|2022-02-02 21:00:42|1|1|10159534418453904|facebook
Actually no. I was blaming economics. Companies will always try to pay less if they can get away with it. But if you want to think it is about race, be my guest. G&M provided you with the bait and you swallowed it hook line and sinker. Why are THEY making it about race? Truck driving used to be a living wage paying industry, now they pay so low they cannot get drivers. Think about it.|10159535289638904|Ed Gilpin|2022-02-02 21:00:42|1|1|10159534418453904|facebook
Sometimes, things are about race. I think the article is informative -- gives a different perspective on a situation that is important to know about. Their experience is part of the larger picture and should not be dismissed.|10159535448738904|Jean Mendoza|2022-02-02 21:00:42|1|1|10159534418453904|facebook
nah even before this I’ve heard the rhetoric it’s a problem|10159534635983904|Sandra Hunt|2022-02-02 21:00:47|1|1|10159534418453904|facebook
One of the organizers. https:// twitter.com/ VestsCanada/ status/ 1159997274900041 729|10159534743153904|Brian Ronnenberg|2022-02-02 21:00:48|1|1|10159534418453904|facebook
Unity, is a distraction? I would think everyone would like that distraction from the segregation that the government is encouraging.|10159534905433904|Lindsey Pellett|2022-02-02 21:00:35|0|1|10159534418453904|facebook
https:// www.theglobeandm ail.com/ politics/ article-chrystia -freeland-tops- justin-trudeau- as-preferred-li beral-leader-po ll/|10159536927848904|Tina Knott|2022-02-02 21:00:44|1|1|10159534418453904|facebook
"This guy does not represent ""whole community"". Probably an effort to divide the support."|10159534700853904|Manbir Singh Baryar|2022-02-02 21:00:35|0|1|10159534418453904|facebook
Judging an entire group based on the actions of a few? Did you hold the blm protests to the same standard?|10159535073313904|Jim Kavanagh|2022-02-02 21:00:48|1|1|10159534418453904|facebook
various but not some YouTube quack|10159534613993904|Craig Sandford|2022-02-02 21:00:46|1|1|10159534418453904|facebook
Use your voice. Call the media or hail them on site if you have something to say.|10159534554188904|Kim Rice|2022-02-02 21:00:46|1|1|10159534418453904|facebook
quite obvious you haven’t watched any of the media coverage from Ottawa. Stop with the fake news|10159534589343904|Craig Sandford|2022-02-02 21:00:46|1|1|10159534418453904|facebook
"actually yes. Yes it is.  ""I may not agree with what you say but I'd die to make sure you're allowed to say it""  That's freedom or have you forgotten that"|10159534641848904|Seane Madge|2022-02-02 21:00:40|1|1|10159534418453904|facebook
Priyanka Singh maybe learn what communist is before spewing it. The Government of Canada does not own your property or house|10159534834673904|Paderick Rose|2022-02-02 21:00:40|1|1|10159534418453904|facebook
not yet but they sure are going down the path to that outcome and have actually said things that align with that 🤷🏻‍♂️|10159534908683904|Kevin Phillips|2022-02-02 21:00:40|1|1|10159534418453904|facebook
"I don't believe the truckers in this ridiculous ""convoy"" are gaining any respect from the general public, according to what I'm seeing and hearing. The truck drivers who aren't participating are the real heroes!"|10159534990368904|Shari Landry|2022-02-02 21:00:35|0|1|10159534418453904|facebook
Who is your source for accurate information?|10159534595428904|Chrys Kaloudis|2022-02-02 21:00:46|1|1|10159534418453904|facebook
The establishment G&M doing what they’re paid to to, distracting the Canadian public from what’s really going on 😡😡😡|10159534954403904|Louis Tsitsos|2022-02-02 21:00:35|0|1|10159534418453904|facebook
Share some. I think everyone will benefit from goos sources.|10159534629763904|Chrys Kaloudis|2022-02-02 21:00:46|1|1|10159534418453904|facebook
You are free to join.....no one is holding you back don't let the Liberals and NDP incite you against Canada.....you belong, I belong, we all belong if we want to. This is our country where our children will grow up, make their living, marry, and our generations will continue to live and God willing be happy !|10159534855128904|Glenda Maduro Mansur|2022-02-02 21:00:35|0|1|10159534418453904|facebook
oh so there is a division then within the trucking industry only the good old white boys not anything else I guess that goes with why hate groups are in this convoy|10159534624118904|Sandra Hunt|2022-02-02 21:00:47|1|1|10159534418453904|facebook
good old white boys ? The convoy was not by invitation. Anyone could join. If south asians didn’t feel represented then perhaps they didn’t represent themselves|10159534626943904|George Sam|2022-02-02 21:00:47|1|1|10159534418453904|facebook
He should be presenting his grievances back home in India. Conditions for truckers there are horrible.|10159535052903904|Richard Husar|2022-02-02 21:00:35|0|1|10159534418453904|facebook
I’ve heard it out of the mouths of truckers so don’t say it doesn’t happen because it does|10159534637923904|Sandra Hunt|2022-02-02 21:00:47|1|0|10159534418453904|facebook
oh no, they have had all the time in the world before this convoy to bring it up, and they can still talk about it after its done.|10159534661023904|Andrew Boardman|2022-02-02 21:00:35|0|0|10159534418453904|facebook
if you are so curious please tell me your source Fox?|10159534659138904|Craig Sandford|2022-02-02 21:00:46|1|0|10159534418453904|facebook
This Convoy is international news, in many different languages. This is Canada the truckers have a few languages goin' on.|10159534746708904|Kim Rice|2022-02-02 21:00:46|1|0|10159534418453904|facebook
Read the article before posting.|10159534594378904|Chrys Kaloudis|2022-02-02 21:00:46|1|0|10159534418453904|facebook
If you read the article, you would know they did. Only it focused on real issues that impact all truckers, not a fringe minority of anti-science Neanderthals.|10159534745383904|Benjamin Smith|2022-02-02 21:00:47|1|0|10159534418453904|facebook
south asian are playing victim here.|10159536082778904|Vinney Chase|2022-02-02 21:00:47|1|0|10159534418453904|facebook
So stop the rant|10159534577568904|Kim Rice|2022-02-02 21:00:46|1|0|10159534418453904|facebook
yep a bunch of white nationalists pushing another agenda 😂|10159534906128904|Geo Cammock|2022-02-02 21:00:48|1|0|10159534418453904|facebook
maybe they didnt want to who knows|10159536374758904|Stephen Harding|2022-02-02 21:00:36|0|0|10159534418453904|facebook
This convoy is made up of independent truckers not all truckers.|10159537804398904|June Anderson|2022-02-02 21:00:36|0|0|10159534418453904|facebook
. EA Sports..Get in the Game!|10159534734253904|Hendrickson Keith|2022-02-02 21:00:36|0|0|10159534418453904|facebook
Canada. Where you can drive unobstructed for days to complain about your lack of freedom.|10159536893623904|Craig Sandford|2022-02-02 21:00:36|0|0|10159534418453904|facebook
If they want their nationality to be represented, they should attend in Ottawa & stand UNITED With Truckers!|10159537013883904|Kim Cooper|2022-02-02 21:00:36|0|0|10159534418453904|facebook
"Its called democracy - sometimes it gets messy * THAT is the very nature of democracy itself - sometimes there must be conflict in order to come to an understanding - in JT 'S own words "" these people obviously feel unheard and left out "" -"|10159534631053904|Jill Beach|2022-02-02 21:00:36|0|0|10159534418453904|facebook
“If only we came together for the issues that are putting us out of business.”  I agree. I just can't wrap my head around something that has such an easy workaround when there are real issues for truckers out there that affect us all.  Fuel tax is crazy but the roads are still crap, rest areas are minimal, insurance and registration rates through the roof. The government uses truckers as a cash cow unlike any other vocation charging them days if not weeks pay for any infraction to their rules.  To compare, when was the last time a Peace Officer wrote a ticket to a fast food employee docking them a weeks wages for making an error on a food order, took a weeks pay off themselves for writing a ticket with inaccurate information or taking food out of the mouths of a forklift drivers family for a week because she loaded the wrong pallet on a truck?  Heck, there's no mandate, if you have to cross the border just do the quarantine or work this side. Or, if some feel they are that hard pressed, just get a vaccination or work at a gig where you don't need one.|10159534582003904|Drew Bedson|2022-02-02 21:00:36|0|0|10159534418453904|facebook
Anyone can be in the convoy who cares about freedom and the unity of Canadians, so your story is irrelevant as usual|10159534722513904|Eva Irwin|2022-02-02 21:00:36|0|0|10159534418453904|facebook
The Toronto media is always looking for a woke angle with any story.|10159537444998904|Kevin Goodwin|2022-02-02 21:00:36|0|0|10159534418453904|facebook
Asian trucker for pm just now.|10159535478968904|Edward Pirtam|2022-02-02 21:00:36|0|0|10159534418453904|facebook
You guys (the G & M) are pathetic. 😂🤦🏻‍♀️|10159534608703904|Yolande Clark|2022-02-02 21:00:36|0|0|10159534418453904|facebook
I noticed that myself. Maybe they have more self-respect than the other guys.|10159536403608904|Diane Fanning Leakey|2022-02-02 21:00:36|0|0|10159534418453904|facebook
Trucking will become extremely lucrative for independent owners in the next few years.|10159534951803904|Joe D Norht|2022-02-02 21:00:36|0|0|10159534418453904|facebook
I guess they didn't want to go?|10159535866823904|Lee Choui|2022-02-02 21:00:36|0|0|10159534418453904|facebook
Not true. I saw Indian truck drivers in the convoy. Being interviewed. Nothing to do with race.|10159534617913904|Leslie Robertson|2022-02-02 21:00:48|1|0|10159534418453904|facebook
"Is Mr.Ravish Garg from that article still thinking ""with shots he can drive carefree"" even after seeing our PM in quarantine after testing negative with all available boosters?"|10159534914933904|Lebioda Irena|2022-02-02 21:00:36|0|0|10159534418453904|facebook
Not even sure what they are protesting quite honestly.|10159535209548904|Angela Williams|2022-02-02 21:00:36|0|0|10159534418453904|facebook
“ they’d unlikely be welcome” that is a very judgmental comment.|10159535315693904|Jim Kavanagh|2022-02-02 21:00:48|1|0|10159534418453904|facebook
if there are confederate flags then there are confederate flags. Pointing it out is not “judging“ anyone.|10159535289958904|Sean Ledwich|2022-02-02 21:00:48|1|0|10159534418453904|facebook
Considering the confederate flags they'd likely be unwelcome|10159535037103904|Cass van H|2022-02-02 21:00:36|0|0|10159534418453904|facebook
Youre also a little blind if you believe everyone there in Ottawa is a yellow vester * THEY COME FROM ALL SIDES !|10159535192733904|Jill Beach|2022-02-02 21:00:48|1|0|10159534418453904|facebook
he’s not one of the organizers, where did you get that info from?|10159535004383904|Carol Gammel|2022-02-02 21:00:48|1|0|10159534418453904|facebook
pretty certain my daughter who is an owner, operater would disagree with you. That's another fact that does not fit well with the messaging from msm and Trudeau no doubt but what do those two have to do with reality and what Canada is about anyways?|10159534954593904|Tina Laursen|2022-02-02 21:00:48|1|0|10159534418453904|facebook
Ummm, wtf are so many people laughing about when Hockey Day in Canada is trying to embrace inclusivity and diversity for all?|10159535389908904|Fred Harris|2022-02-02 21:00:35|0|0|10159534418453904|facebook
they will take any and all support to pad their numbers. But don't forget, this is the wexit yellow vest crowd. They don't care about anyone but themselves.|10159534760218904|Jim Bedell|2022-02-02 21:00:48|1|0|10159534418453904|facebook
BS - probably just another armed forces propagandist trying to influence and manipulate * which top brass already admitted to creating months ago .. fb is crawling with them -|10159534726273904|Jill Beach|2022-02-02 21:00:48|1|0|10159534418453904|facebook
Lol  The media is only looking for those who are not in protest, but not those who are already in Ottawa. And please note that this guy doesn't represent everyone.|10159534549108904|ਜੱਬੋਵਾਲੀਆ ਇੰਦਰਜੀਤ ਸਿੰਘ|2022-02-02 21:00:35|0|0|10159534418453904|facebook
Many don't see themselves being represented by politicians either.|10159534765648904|Hugues Tremblay Manigouche|2022-02-02 21:00:35|0|0|10159534418453904|facebook
What more do you have to say to bring down a beautiful thing these truckers are doing for freedom, they got support from all over the world, we don’t much care about your liberal paid media. Keep it up truckers|10159534860088904|Mary Fleming Faulkner|2022-02-02 21:00:35|0|0|10159534418453904|facebook
4 out of 5 strippers in Canada are female, the lack of minority males not in the industry is appalling. How am I supposed to enjoy myself!?|10159535313983904|Uncle Hack|2022-02-02 21:00:35|0|0|10159534418453904|facebook
I didn’t realize mainstream media was actually covering the convoy enough to accurately represent anyone at all?|10159534753263904|Chas Thompson|2022-02-02 21:00:35|0|0|10159534418453904|facebook
Brydget Lynn-banks exactly|10159535389708904|Judy Sprott|2022-02-02 21:00:42|1|0|10159534418453904|facebook
here is one. The Canadian Broadcasting Corporation (French: Société Radio-Canada), branded as CBC/ Radio-Canada, is a Canadian public broadcaster for both radio and television.[4] It is a federal Crown corporation funded by the government. The English- and French-language service units of the corporation are commonly known as CBC and Radio-Canada, respectively.|10159535155503904|Joan Foster|2022-02-02 21:00:42|1|0|10159534418453904|facebook
please you believe that 🤦‍♂️|10159534910948904|Kevin Phillips|2022-02-02 21:00:42|1|0|10159534418453904|facebook
Brydget Lynn-banks BS don’t you people ever get sick of using trumps lies|10159534622498904|Sandra Hunt|2022-02-02 21:00:42|1|0|10159534418453904|facebook
Brydget Lynn-banks 😂😂 when the narrative doesn’t go your way why do people always go to the “paid shills” comments.|10159534578883904|Philip Standard|2022-02-02 21:00:42|1|0|10159534418453904|facebook
When our media is paid off by our own government they only know how to post articles about division as this is what they ONLY WANT PEOPLE TO SEE,|10159534571338904|Lynn Banks|2022-02-02 21:00:35|0|0|10159534418453904|facebook
that's why we just had an election.|10159535716533904|Xavier Bordeaux|2022-02-02 21:00:41|1|0|10159534418453904|facebook
The social movement… Govs must represent social justice… well-being… and security…in the time of housing crisis… crippling income and food cost…❗️|10159534766128904|Javad Asadi|2022-02-02 21:00:35|0|0|10159534418453904|facebook
Media trying to cause division and racism again. They have some South Asian truck drivers that have registered and are in the convoy. Seen a video of one being interviewed.|10159534768588904|MaryAnn Desjardins Campbell|2022-02-02 21:00:35|0|0|10159534418453904|facebook
but isn’t this part of what’s really going on?|10159535278018904|Sean Ledwich|2022-02-02 21:00:40|1|0|10159534418453904|facebook
Didn't they systematically drive down trucking revenues by cutting corners and making it very difficult to properly maintain your truck and earn a proper living.|10159534686408904|Tony Ribeiro|2022-02-02 21:00:35|0|0|10159534418453904|facebook
Definitely being against mandates is anti-science.|10159537916543904|Matthew Higaki|2022-02-02 21:00:40|1|0|10159534418453904|facebook
Discussion is good. the acts are wrong. What is wrong is to be selfish in the face of a pandemic and reject the method that prevents severe disease and hospital intake or even death. You can express your opinion all your want but stay then in an isolated world where you cannot infect others or be infected yourself so you'd need saving.|10159535149723904|Johanna van Zanten|2022-02-02 21:00:40|1|0|10159534418453904|facebook
Doubt it restrictions from Covid nothing like having the Government own ALL property|10159535034683904|Paderick Rose|2022-02-02 21:00:40|1|0|10159534418453904|facebook
That expression, when she wrote it, was about competing philosophies, not criminal ideology.|10159534791803904|Colin Caldwell|2022-02-02 21:00:40|1|0|10159534418453904|facebook
And where did I attach a label?|10159534711088904|Colin Caldwell|2022-02-02 21:00:40|1|0|10159534418453904|facebook
They may be speaking out of fear of losing their jobs because of what our country has now become COMMUNIST and DICTATORS yet they preach FREEDOM .This convoy has attracted people from all walks of life and WORLDWIDE ATTENTION and that speaks VOLUMES regardless of what the media is trying to do such as downplay the importance of this convoy and the MESSAGE it is trying to send.|10159534572708904|Priyanka Canada|2022-02-02 21:00:40|1|0|10159534418453904|facebook
Robert fake news.|10159534529178904|Matt Foley|2022-02-02 21:00:40|1|0|10159534418453904|facebook
exactly|10159534525578904|Dan Ciurlia|2022-02-02 21:00:40|1|0|10159534418453904|facebook
that just proves you haven't watched any.|10159539696933904|Robin Hardement|2022-02-02 21:00:38|1|0|10159534418453904|facebook
my advice would be to watch the you tube coverages and not the news. Plenty of variety there. The news is NOT covering real people on the ground there.|10159539119623904|Daniel O'Keefe|2022-02-02 21:00:38|1|0|10159534418453904|facebook
did you not say it was the fault of south Asians?|10159535292308904|Sean Ledwich|2022-02-02 21:00:42|1|0|10159534418453904|facebook
yep it’s a sad truth|10159535511018904|Kathleen Morton|2022-02-02 21:00:42|1|0|10159534418453904|facebook
they're hiring their own kind without having experience, no wonder why hockey bus crash happened|10159536080598904|Vinney Chase|2022-02-02 21:00:42|1|0|10159534418453904|facebook
"If you feel segregated, go get a vaccine and be part of the ""in"" crowd. Informed, Involved, Interested in the well being of others."|10159535318853904|Shari Landry|2022-02-02 21:00:43|1|0|10159534418453904|facebook
"I see one of the other ""woke"" news purveyors did a story on a female trucker. They must have scoured the truck stop for hours to find a lady behind the wheel. It seems like there is a media rule that you can't do a story or find an angle on your everyday trucker with white skin and a baseball cap on his head. Personally I have no use for the anti-vaxx crowd or any of the other types who have attached themselves to this ill-timed protest, but its pretty clear that most media sources are casting a negative light on this ""convoy"" thing."|10159534727918904|Steve Wilson|2022-02-02 21:00:35|0|0|10159534418453904|facebook
you live under a rock then, this is huge.|10159539701328904|Robin Hardement|2022-02-02 21:00:45|1|0|10159534418453904|facebook
Well you are totally wrong|10159535793508904|Richard Husar|2022-02-02 21:00:45|1|0|10159534418453904|facebook
. I'm talking about the every day Canadian that I converse with, read about. They do not support this going show!|10159535217308904|Shari Landry|2022-02-02 21:00:45|1|0|10159534418453904|facebook
Sometimes a community demanding exceptions. Use their strong political influence to gather and influence public opinion.  They move their political support according with their needs and are really not loyal to any party . And that is the way to be. But so many exceptions in the end would just create a resentment against them .|10159536452038904|Isabel Tome|2022-02-02 21:00:35|0|0|10159534418453904|facebook
How you wash the face of a woke innefective politician as Justin the zoolander??? With woke opinion news presented as investigations on inexistent racism.|10159534589508904|Ponchito Fdz|2022-02-02 21:00:35|0|0|10159534418453904|facebook
Once again the point of the convoy gets derailed by race retorhic.|10159534958158904|Perry Senior|2022-02-02 21:00:35|0|0|10159534418453904|facebook
Simple, you want to be represented in the convoy, you could have just joined it.|10159535006728904|Carol Gammel|2022-02-02 21:00:35|0|0|10159534418453904|facebook
Where in Canada is that photo taken? Pretty sure the entire country is -holyf*ck Celsius right now. Dude, put on a jacket!!|10159534588363904|Adam Gasper|2022-02-02 21:00:35|0|0|10159534418453904|facebook
Ya that's it media call every trucker racist, thousands of Canadians raising a voice for freedom and the media spreading hate ,and the media wonders why no one trusts them.|10159535022373904|Shannon Fox|2022-02-02 21:00:35|0|0|10159534418453904|facebook
the support is already divided|10159537915393904|Matthew Higaki|2022-02-02 21:00:38|1|0|10159534418453904|facebook
Huh, interesting spin on the “go home” attack visible minorities too often deal|10159535291308904|Sean Ledwich|2022-02-02 21:00:45|1|0|10159534418453904|facebook
interesting that covid outbreaks are happening in highly vaccinated areas. You’re protecting no one but yourself and the government doesn’t have the right to coerce you to get a shot that doesn’t even stop you from getting the virus you’re immunized against. Covid shot gives you less that 1% protection against covid (ARR). The government mandates make no sense and everyone knows it.|10159537805993904|Isabel Sander|2022-02-02 21:00:44|1|0|10159534418453904|facebook
you call asking for all mandates to be ended by these idiots as stupid masking for starters !!! F them …they want border that is one thing and I agree with that but who the f does wexit or these far right fringe groups think they are to dictate health measures it’s over their heads and I will never have some extreme group or truckers dictate to me about health measures it’s a pandemic not a you lost your freedoms crap. They ok no masks in nursing homes they want the right to go in there and infect those people ? They have zero common sense and not intelligent enough to know what this virus is …it’s all me me me. The 90% truckers is who I respect not these guys teaming up with wexit and far right groups.|10159534621468904|Sandra Hunt|2022-02-02 21:00:44|1|0|10159534418453904|facebook
Here's some current facts for you, I'm glad to help you get the correct information,. http:// angusreid.org/ trudeau-tracker. I think Angus Reid polls are one of the most respected. Have a nice day.|10159537939708904|Rick MacMillan|2022-02-02 21:00:44|1|0|10159534418453904|facebook
https:// www.theglobeandm ail.com/ politics/ article-chrystia -freeland-tops- justin-trudeau- as-preferred-li beral-leader-po ll/|10159536922858904|Tina Knott|2022-02-02 21:00:44|1|0|10159534418453904|facebook
https:// www.theglobeandm ail.com/ politics/ article-chrystia -freeland-tops- justin-trudeau- as-preferred-li beral-leader-po ll/|10159536922478904|Tina Knott|2022-02-02 21:00:44|1|0|10159534418453904|facebook
"I scarcely ever think about Trudeau. I am more interested in the policies and activities of the Liberal party. Trudeau is not the only influence in that party. As Socrates said.....the best minds discuss i deas not people. Btw, what is your source of ""18%""?"|10159535677438904|Donal Hansman|2022-02-02 21:00:44|1|0|10159534418453904|facebook
you really need to get out of your Bubble 🤷|10159535450043904|Warren Christensen|2022-02-02 21:00:44|1|0|10159534418453904|facebook
Maybe thats why a lot of them drove own cars|10159534722448904|Paul Sammut|2022-02-02 21:00:43|1|0|10159534418453904|facebook
utter nonsense!|10159534573348904|Michael Gower|2022-02-02 21:00:43|1|0|10159534418453904|facebook
I am sure many easy Indians came knowing they could have freedom of speech, of expression and freedom on what to put in their body.|10159535545753904|Skye Johnston Fulton|2022-02-02 21:00:36|0|0|10159534418453904|facebook
