﻿comment|comment_ids|username|datetime|isreply|num_replies|post_id|label
Yes, they really look like the three people I would want to put in charge of running government.🤣|10159558726733904|Tracy Pytlowany|2022-02-09 22:38:43|0|10|10159558691458904|facebook
Buy a T-shirt that says… visited Ottawa and all I got was this F$ck Trudeau t-shirt, because that’s all you three amigos are getting…….go home!!!!|10159559115263904|Sandie Barker|2022-02-09 22:38:43|0|7|10159558691458904|facebook
I'll bet they think Trump is great too.|10159559196083904|Starr Nelson|2022-02-09 22:38:43|0|6|10159558691458904|facebook
very articulate Carol . 🤣|10159558830818904|Maxine Newbold|2022-02-09 22:38:59|1|6|10159558691458904|facebook
These people seem more trustworthy than Trudeau.|10159558724433904|Pierre G. Joly|2022-02-09 22:38:43|0|5|10159558691458904|facebook
is that woman a truck driver too? or simply riding on for the millions $ coming in?|10159558757483904|Li Eron|2022-02-09 22:38:43|0|5|10159558691458904|facebook
https:// www.google.com/ amp/s/ www.wiki.ng/en/ wiki/ go-fund-me-is-ta mara-lich-racis t-fraud-allegat ions-in-medicin e-hat-alberta-d etails-to-know- 865137/amp.|10159558824538904|AL Wright|2022-02-09 22:39:18|1|5|10159558691458904|facebook
liar|10159558828953904|Carol Gammel|2022-02-09 22:39:01|1|5|10159558691458904|facebook
Did d you see the swastika at the demonstration , read the bios - members of wexit . A lot of foul mouth , offensive signs , white selfish people . This is not a protest , it is an occupation ! Disgraceful|10159558790258904|Maxine Newbold|2022-02-09 22:38:59|1|5|10159558691458904|facebook
Needless to say you don't work in the auto sector. Putin is bankrolling their cause: divide the country and disrupt a major trade route. Good work comrades.  Good thing I'm not in charge. After their arrest I'd send them here. https:// en.wikipedia.org /wiki/ Qikiqtani_Correc tional_Healing_ Centre|10159558818208904|Bob Sobie|2022-02-09 22:38:51|1|4|10159558691458904|facebook
"For those of you who didn't read the article, here are a few of the important points: Tamara Lich is a white supremacist who helped organize the the ""United We Roll"" protest in 2019 - an anti-immigratio n rally that had white supremacists speaking on stage. Benjamin Dichter is an outspoken Islamophobe with a podcast. He claims that “The adaptation of political Islam is rotting away at our society like syphilis."" Pat King was also part of the racist ""United We Roll"" campaign, and he decries what he calls the “depopulation of the Caucasian race.” So, there is one common thread here, and it isn't vaccine status. These are racists who are using vax panic to drum up support and raise money for their far-right causes"|10159558901908904|Robert Hamilton|2022-02-09 22:38:43|0|4|10159558691458904|facebook
it is about a lot of things. Mainly the attitude of people like you that seems to think Central Canada should dictate what we do and what we think.|10159559487218904|Verna DeMerchant|2022-02-09 22:39:02|1|4|10159558691458904|facebook
the majority of the country is behind this. Unelected? U have unelected technocrats dictating our life rn. Lol give your head a shake.|10159558728608904|Garrett Stenlund|2022-02-09 22:39:21|1|4|10159558691458904|facebook
HEROES WITH GUTS AND GLORY !|10159559364253904|Donna Gold|2022-02-09 22:38:45|0|4|10159558691458904|facebook
Well did you interview them all?  I mean it doesn't say anything like that in the article  I think you listen to too much JT honey  He makes you hate everybody doesn't he?  Lose your narcissism Maxine  Your humanity wanes|10159558775503904|Patrick Nowlan|2022-02-09 22:38:59|1|4|10159558691458904|facebook
I ask this.....where is the proof.....cbc ctv global are not trusted sources|10159558781578904|John Miller|2022-02-09 22:39:18|1|3|10159558691458904|facebook
no they aren't. The media is the PR arm of the government and industry. The media is doing what the government wants, discrediting the truckers to turn people against them. And look, it's working, people don't look at the facts but just believe the media.|10159558974398904|Lisa Jones|2022-02-09 22:38:57|1|3|10159558691458904|facebook
actually she identifies as Metis|10159558808573904|Neil Bristol|2022-02-09 22:39:01|1|3|10159558691458904|facebook
are you personally inconvenienced by the truckers? You don’t like them being in Ottawa or at the blockades? Just move/leave! Remember? Like when everyone said “if you don’t want the jab, just get another job, or don’t go to the restaurant, no movie theatre, etc.” Easy concept, right? 😉|10159559585623904|Delcei McKechnie|2022-02-09 22:38:52|1|3|10159558691458904|facebook
so you are obviously pro segregation then, what does that make you??|10159558851438904|Carol Gammel|2022-02-09 22:39:01|1|3|10159558691458904|facebook
Globe and Mail stop being a tool of the government. This freedom rally is much bigger than the organizers. It's addressing the government overreach. Stop trying to pit people against one another.|10159559735118904|Elizabeth McRae|2022-02-09 22:38:43|0|3|10159558691458904|facebook
They should be charged with sedition!|10159558843408904|Doris Dallaire|2022-02-09 22:38:43|0|3|10159558691458904|facebook
We can be heroes...but these people are.|10159558792783904|Brad Salzberg|2022-02-09 22:38:43|0|3|10159558691458904|facebook
Why are you laughing Jane Lawton|10159558809233904|Shawn Rogers|2022-02-09 22:39:08|1|3|10159558691458904|facebook
…and because of their rhetoric, some so-called protestors, have closed the border in Windsor causing supply chain issues that will have long lasting ramifications especially if US manufacturers decide to move back to the States. Talk about “cutting your nose off to spite your face”|10159559203313904|Sylvia Watson|2022-02-09 22:39:25|1|3|10159558691458904|facebook
Go back to primary move on up to secondary and earn some credentials|10159558866873904|William Wilson|2022-02-09 22:39:12|1|2|10159558691458904|facebook
hey, each to their own. I know it so much easier and lazy to consume bias confirmation information. I mean it's so nice to have corporations and the goverment tell me what to think and feed me all the information that justifies what they are doing, no questions asked.|10159559739103904|Robert Hume|2022-02-09 22:38:57|1|2|10159558691458904|facebook
Canadians for their Country. 🇨🇦🙏⭐️⭐️⭐️⭐️|10159559317668904|Eliane Thursby|2022-02-09 22:38:43|0|2|10159558691458904|facebook
Even better. If you don't like the health mandates here why not just pack up and head to the USA. Best of luck entering the States though as they have their own mandates.|10159559647498904|Steve Ames|2022-02-09 22:38:52|1|2|10159558691458904|facebook
Ooh yeah they have had no impact at all. Buy a Justine Trudeau tshirt and put yourself out of your misery lol|10159558797758904|Brad Salzberg|2022-02-09 22:39:11|1|2|10159558691458904|facebook
Such a adolescent view, blame the media. Grow a brain and make thoughtful contributions to the thread.|10159558820528904|Bob Sobie|2022-02-09 22:38:57|1|2|10159558691458904|facebook
It is wrong when popular votes were for the Conservatives. Knocking Alberta and the West shows that you are against an United Canada.|10159559750233904|Verna DeMerchant|2022-02-09 22:39:02|1|2|10159558691458904|facebook
good luck with that. The army is against dictator Trudeau, no towing company wants to do the dirty work...|10159558807158904|Valia Petrov|2022-02-09 22:39:09|1|2|10159558691458904|facebook
"gotta laugh at the "" woke "" keyboard warriors that do nothing , just sit down"" and let the men stand up ! ..."|10159558815128904|Darlene Brooks|2022-02-09 22:38:53|1|2|10159558691458904|facebook
Once upon a time we used to openly attack political opponents with racist and prejudiced language: Kennedy was an Irish Catholic at the media and opponents openly attacked this.  Our media openly talked in radicalized pejorative terms through the 50s and 60’s and even seventies. We did this to dehumanize people.  Now of course we don’t use that language but we still dismiss, undercut and delegitimize any political attempts of unauthorized political discourse by using ad-hominems and stereotypes that generate hateful emotions against a group, the newest terms: “Racist” or “Islamaphobe” or “Alt-Right.” Or “Hate Speech” are actually projections of the kind of behaviour we are still doing, we’ve just Orwelled the language.  Structurally the contempt, dehumanization and abuse is exactly the same as publishing overt divisive racist tropes. The media uses stereotypes that generate and perpetuate animosity against target groups, now cleverly hidden behind claims of moral superiority and virtue.  When someone claims they are “Anti-Hate” or “Anti-Racist” and they are attacking others based on stereotypes (Globe and Mail Editors, Journalists and Columnists) that’s just as toxic to our society as overt racism in media in decades past.|10159559587378904|Shannon Douglas|2022-02-09 22:38:43|0|2|10159558691458904|facebook
This is why they don’t like the media, the propaganda arm of the government.|10159558793473904|Robert Hume|2022-02-09 22:38:43|0|2|10159558691458904|facebook
https:// dailyhive.com/ vancouver/ nazi-confederate -flags-ottawa-p rotest|10159559587863904|Scott Anderson|2022-02-09 22:39:16|1|2|10159558691458904|facebook
Huh? WTH are you talking about?|10159559558953904|Alex Buchanan|2022-02-09 22:39:06|1|2|10159558691458904|facebook
Ahh. So you're one of the 'token Indiana's that has allowed Yerself to be used as a prop? The Algonquin's have disavowed Any affiliation with these redneck Grifters.|10159559000738904|Paddy Holly|2022-02-09 22:38:59|1|2|10159558691458904|facebook
you think you can call large donations as being from putin? Lmao and you're not the conspiracy theorists for calling these donations being from putin lmao|10159558885143904|Kevin Pera|2022-02-09 22:38:51|1|2|10159558691458904|facebook
no she a white supremist, separatist|10159558774533904|Mark Barnes|2022-02-09 22:39:01|1|2|10159558691458904|facebook
the majority don't feel you're helping and these unelected halfwuts don't speak for me|10159558721908904|Adrian Ayotte|2022-02-09 22:39:21|1|2|10159558691458904|facebook
I still wish they would go the heck home, but it's interesting to learn more about them.|10159558717433904|Miles Chandler|2022-02-09 22:38:43|0|2|10159558691458904|facebook
what does that even mean? Are you saying that because she “identifies as Métis” she can’t be racist? Jesus. 🙄|10159558842133904|Claire Róisín|2022-02-09 22:39:01|1|2|10159558691458904|facebook
They aren't looking to lead the country, however they, managed to bring more people out for this protest than the entire last election in Canada, they also raised close to 18 million dollars in three weeks, Trudeau couldn't bring that in if he tried, let's see, why don't we start a GoFundMe account for JT and the votes by dollar's|10159558897168904|Peter Van Veggel|2022-02-09 22:38:47|0|2|10159558691458904|facebook
Tamara Lich was caught with her fingers in the till on the GoFundMe page. That’s why it was shut down. She was diverting money to her political party - the Maverick Party - to the tune of more than a million. The other leaders are of the same ilk.|10159558763528904|AL Wright|2022-02-09 22:38:45|0|2|10159558691458904|facebook
“White Supremacist” wouldn’t exactly fit for a Jew & a Metis, would it?|10159558844573904|Neil Bristol|2022-02-09 22:39:01|1|2|10159558691458904|facebook
Love these people, they are heroes|10159559517588904|Iain Brew|2022-02-09 22:38:47|0|2|10159558691458904|facebook
I support these people and I’m native Canadian!|10159558921133904|Peter LeHegarate|2022-02-09 22:38:59|1|1|10159558691458904|facebook
does not change how I feel for my fellow Canadians!|10159559651808904|Peter LeHegarate|2022-02-09 22:38:59|1|1|10159558691458904|facebook
sorry we wont be held hostage by truckers. The truckers can go home or start facing the music of losing insurance and licenses and then finally trucks. Enough is enough.|10159558916988904|Adrian Ayotte|2022-02-09 22:39:00|1|1|10159558691458904|facebook
When I worked out west I remember during a time of unrest a group of elderly walked in my store. Marched right up to me in a hurry and commanded to know what was going through our Canadian pipelines. Scared the crap out of me and I was younger than them. I see Oil and Gas on Tamara today. I don't wish to hear whether she is for or against the industry but what I do know of the West Coast and its various odd factions I lend zero credit to this discovery. I have said it before and I will say it again, Singh left Ontario in shambles and he is going to leave BC in shambles too.|10159559284938904|Carla Zwicker|2022-02-09 22:38:43|0|1|10159558691458904|facebook
tell Trudeau! Mandates go and so do the protests!|10159558897313904|Melissa Lovelace|2022-02-09 22:39:00|1|1|10159558691458904|facebook
Well they certainly have no problem associating with racists. Would you associate and ally yourself with racists?|10159564321038904|Debra Yundt|2022-02-16 22:39:04|1|1|10159558691458904|facebook
so all the truckers are racists?|10159560376833904|Perry Senior|2022-02-09 22:39:04|1|1|10159558691458904|facebook
Well when the people who are organizing you are known wexiteers and supporters of white supremacist groups what does that say about your organization. How is that so difficult to grasp.|10159560345078904|Debra Yundt|2022-02-09 22:39:04|1|1|10159558691458904|facebook
she is part of a far right political party called the Maverick party whose platform is to separate the western provinces from the rest of Canada or as they call it “wexit”|10159559294238904|Jackie Smith|2022-02-09 22:39:01|1|1|10159558691458904|facebook
If you have a large organisation of people you will likely have racists in that organisation. It's a sad fact. It does not make everyone in the organisation racist! How is that so difficult to grasp?!|10159559967453904|Perry Senior|2022-02-09 22:38:43|0|1|10159558691458904|facebook
Bravo 👏 to our hero’s 🇨🇦🇨🇦🇨🇦🇨🇦🇨🇦Freedom to all|10159559814593904|Arruda Paulo|2022-02-09 22:38:43|0|1|10159558691458904|facebook
Make no mistake Kenney has no love for Mother Earth !|10159559567643904|Carla Zwicker|2022-02-09 22:39:06|1|1|10159558691458904|facebook
Jack Massalski You are woefully ill-informed.|10159559636243904|Tracy Pytlowany|2022-02-09 22:39:02|1|1|10159558691458904|facebook
Yes but you don't speak for the rest of us nor do you or the truckers have the right to make medical and health decisions for the rest of us. We elected these governments. Nobody voted for you or these truckers..|10159559007388904|Debra Yundt|2022-02-09 22:39:00|1|1|10159558691458904|facebook
he's ultra left, wouldn't understand that. He loves the rabbit hole dictator Trudeau has put him in...|10159558816633904|Valia Petrov|2022-02-09 22:39:01|1|1|10159558691458904|facebook
So this is about Western discontent? Good to know!|10159559379123904|Richard Evans|2022-02-09 22:39:02|1|1|10159558691458904|facebook
They just want to be heard and the West is not heard or respected by the Gov't.|10159558974368904|Verna DeMerchant|2022-02-09 22:39:02|1|1|10159558691458904|facebook
do you think they are part of an insurrection that wants a government job or do they want to continue truck driving and not be forced a medical therapy that doesn’t prevent them from getting covid?|10159558854693904|Darren Murtha|2022-02-09 22:39:02|1|1|10159558691458904|facebook
just so you know, I am centre left, didn't vote for Trudeau, and over the years I have voted Liberal, Conservative and NDP.|10159558837298904|Mark Barnes|2022-02-09 22:39:01|1|1|10159558691458904|facebook
Jack Massalski their mou expressly stated that they wanted to overthrow the government|10159558776953904|Mark Barnes|2022-02-09 22:39:02|1|1|10159558691458904|facebook
why so the gov can shut your businesses down instead? The truckers are fighting to end mandates. I want this over for good. I can take care of my health decisions and yes Im fully vaxxed.|10159558924148904|Melissa Lovelace|2022-02-09 22:39:00|1|1|10159558691458904|facebook
Time to send them home|10159558797718904|Ian Logan|2022-02-09 22:38:45|0|1|10159558691458904|facebook
I remember my first beer!|10159560152973904|Shanty Peacetrain|2022-02-09 22:39:06|1|1|10159558691458904|facebook
Who cares really|10159558722273904|Marilyn Stewart|2022-02-09 22:38:47|0|1|10159558691458904|facebook
I wanna hear what FOX has to say. FOX and these nuts go hand in hand,,, More entertainment.|10159558818203904|Darryl Barnes|2022-02-09 22:39:18|1|1|10159558691458904|facebook
just read that crap.....it's all hear say and allegations no solid proof|10159558898503904|John Miller|2022-02-09 22:39:18|1|1|10159558691458904|facebook
It's not been hidden to the world.|10159558746403904|Rob Simpson|2022-02-09 22:38:45|0|1|10159558691458904|facebook
As if people are pissed off they're fighting FOR YOUR freedom. Crazy world. Lol|10159558719688904|Garrett Stenlund|2022-02-09 22:38:45|0|1|10159558691458904|facebook
they stand for more than you ! They stand for me and everyone that has been lied too for the last 6 years !|10159558725118904|Robert Laing|2022-02-09 22:39:21|1|1|10159558691458904|facebook
Btw , it is spelled halfwit not halfwut, halfwit.|10159558732473904|James Nilsson|2022-02-09 22:39:21|1|1|10159558691458904|facebook
unelected doctors and scientists vs. this unelected group of failed politicians ? All fking day will I take the doctors.|10159558743873904|Adrian Ayotte|2022-02-09 22:39:21|1|1|10159558691458904|facebook
Our real leaders. Yes!|10159559475743904|Gad Foltys|2022-02-09 22:38:46|0|1|10159558691458904|facebook
THEY ARE ZEROES|10159559640653904|Bonnie Cull|2022-02-09 22:39:23|1|1|10159558691458904|facebook
All the main stream media writes the story that their listeners believe, they have painted these freedom loving people as criminals and now they are introducing them to their followers all in an attempt to smear them as bad people.|10159559555648904|Mark Bradfield|2022-02-09 22:39:16|1|1|10159558691458904|facebook
If you like white supremacists.|10159559658763904|Debra Yundt|2022-02-09 22:39:23|1|1|10159558691458904|facebook
do some research. You to can be a hero and end being a zero.|10159559708818904|Iain Brew|2022-02-09 22:39:23|1|1|10159558691458904|facebook
These people are the side show. The anarchists have co-opted their little party, relegating them to the role of “useful idiot”.|10159558772718904|Jim Francis|2022-02-09 22:38:47|0|1|10159558691458904|facebook
said the ultra left yahoo...|10159558806428904|Valia Petrov|2022-02-09 22:39:24|1|1|10159558691458904|facebook
Our heroes - thank you!|10159558801378904|Valia Petrov|2022-02-09 22:38:47|0|1|10159558691458904|facebook
You are delusional - get out of the rabbit hole dictator Trudeau has put you in...|10159558815483904|Valia Petrov|2022-02-09 22:39:25|1|1|10159558691458904|facebook
Are you aware that Canadian political parties cannot accept out of country donations? There are good reasons for this. Do you think it is ok for foreign actors to be influencing our politics? These people are traitors being supported by far right forces and are very dangerous.|10159559633398904|Tracy Pytlowany|2022-02-09 22:39:25|1|1|10159558691458904|facebook
Heroes ❤|10159559196153904|Natalia Binesh|2022-02-09 22:38:47|0|1|10159558691458904|facebook
The Convoy have woke up the world...pay attention to the facts...They are fighting for our freedom and God given rights. I support the convoy 100%. Axe The Vax!!! Save lives!!!|10159559365633904|Sandy Giffin|2022-02-09 22:38:45|0|1|10159558691458904|facebook
"ummm this was posted a LONG time ago! lol This is old news. Like this is the VERY first press conference! 😂 a little late to the game? The Globe and Mail Also why does it feel like you are ""announcing this""?? This has always been known, and nobody's ever tried to hide it?"|10159559481713904|Amanda Shine|2022-02-09 22:38:45|0|1|10159558691458904|facebook
Yes the picture used is of their first presser where they proudly proclaim they didn’t invite the media other than…. Wait for it….  Rebel news 🤣🤣🤣🤣🤣 They stated the reason was because the media lies. All this with… rebel news being honest and fair? 🤣🤣🤣🤣🤣🤣 Within 30 seconds they spew off total bullshi* and one can only laugh  They’ve used truckers as a ways and means They’ve conned their way to Ottawa and this has been planned for a long time|10159558854953904|Donna Marie|2022-02-09 22:38:43|0|1|10159558691458904|facebook
Follow the Science, not the rednecks.|10159559457043904|Brad Brown|2022-02-09 22:38:45|0|1|10159558691458904|facebook
I was wondering that too. I think they have told him to stay quiet because he’s such a PR nightmare. 🤮|10159558844993904|Claire Róisín|2022-02-09 22:39:08|1|1|10159558691458904|facebook
good, he doesn't represent the views of most of the truckers.|10159558976033904|Lisa Jones|2022-02-09 22:39:08|1|1|10159558691458904|facebook
..especially his video rant where he warned of the upcoming “Anglo Saxon replacement”|10159559198343904|Sylvia Watson|2022-02-09 22:39:08|1|1|10159558691458904|facebook
yes! That guy is terrifying…and a sad, small person.|10159559464733904|Claire Róisín|2022-02-09 22:39:08|1|1|10159558691458904|facebook
…I believe that there are many truckers who honestly believe their so-called protest was about ‘freedom.’ They are being used by far right folks who had hoped to topple the present govt with their MOU…|10159559469393904|Sylvia Watson|2022-02-09 22:39:08|1|1|10159558691458904|facebook
Maxine I'm glad you asked me that  I'm in the middle of things usually  I see what I see and I try to make sense of things.  I saw a Confederate flag and I saw a Nazi flag.  I also saw 20,000 First Nation flags and Canadian flags.  I also saw videos of those two gentlemen with those flags being accosted and yelled at by the protesters.  Most people with common sense would come to the realization that not one but two people do not represent the people who are accosting them.  So do yourself a favor  Get some common sense please before someone gives you a lawsuit for generalizing a group of people.  You Maxine are indeed the one being fascist  Have a lovely evening and I hope you're not too ashamed of yourself but you should be.  Check your narcissistic values please Be a better citizen ☺️|10159558798663904|Patrick Nowlan|2022-02-09 22:38:59|1|1|10159558691458904|facebook
Right! He needs to get tough with these people. enough is enough|10159558809893904|Ian Logan|2022-02-09 22:39:09|1|1|10159558691458904|facebook
"lol. Not true .... And now ..we are hearing ... ""Someone , or a buch of "" someones"" threatened the towing companies ... Guess what ... Authorities are aware. .... You just stay n think your fine ...then ... They are letting you all know ... They do not want to use force ... But we are messaging them to ... End it now ... Is our message so ya know ..."|10159558842038904|Joanne Johnson-Meyers|2022-02-09 22:39:09|1|1|10159558691458904|facebook
What are their ties to the Kremlin?|10159558815303904|Bob Sobie|2022-02-09 22:38:45|0|1|10159558691458904|facebook
"""Freedom"" convoy yells my income is being negatively effected by lock downs and vaccine mandates, therefore we have the right to destroy every other Canadians income to get our minority point across."|10159561015548904|Robin Merrifield|2022-02-16 22:38:45|0|1|10159558691458904|facebook
I wouldn't let Tamara Lich run a Bingo...|10159558711028904|Guy Laurin|2022-02-09 22:38:45|0|1|10159558691458904|facebook
cons tears strengthen me #NEVERCON|10159559633638904|Bonnie Cull|2022-02-09 22:39:11|1|1|10159558691458904|facebook
Go back to school and get an education that you missed on in secondary|10159558797323904|William Wilson|2022-02-09 22:38:45|0|1|10159558691458904|facebook
and you go get some history lessons before it's too late for your ultra left views...|10159558805798904|Valia Petrov|2022-02-09 22:39:12|1|1|10159558691458904|facebook
VAL, there is still time to return to school|10159558815383904|William Wilson|2022-02-09 22:39:12|1|1|10159558691458904|facebook
sure - go learn something|10159558863743904|Valia Petrov|2022-02-09 22:39:12|1|1|10159558691458904|facebook
the ultra left getting upset?|10159558868098904|Valia Petrov|2022-02-09 22:39:12|1|1|10159558691458904|facebook
It's funny: most of these leaders themselves are vaccinated!More than 80% of Canadian truck drivers are vaccinated. anyway, the drivers need a vaccine certificate to enter the US, so even if the Canadian government ended their requirement, it would not make any difference. As for their demand for an end to all other Covid restrictions, most of those are the domain of the provincial governments, not Ottawa. So what is the REAL agenda here????|10159559464343904|Brando Hill|2022-02-09 22:39:13|1|1|10159558691458904|facebook
oh bull crap!! Get off the pot!|10159558829538904|Carol Gammel|2022-02-09 22:38:59|1|1|10159558691458904|facebook
Another con begging for FASCISM because her con party cant win elections lol #LOCKTHEMUP|10159559629858904|Bonnie Cull|2022-02-09 22:39:02|1|1|10159558691458904|facebook
you're a nimby serf|271969178349779|Lisa Gravelle|2022-02-16 22:38:52|1|1|10159558691458904|facebook
what madness is this? I think you're projecting, people like you want to rid the world of anybody who disagrees with your no doubt relativistic outlook on life|10159561633633904|Ivan Nicholas|2022-02-16 22:38:56|1|1|10159558691458904|facebook
I don't know, I don't watch the CBC or network TV and media in general. I cut the cord years ago.|10159559795943904|Debra Yundt|2022-02-09 22:38:57|1|1|10159558691458904|facebook
who does the cbc represent. liberals or conservatives|10159559783408904|Jean-Marc Cloutier|2022-02-09 22:38:57|1|1|10159558691458904|facebook
Oh Robert, many of us have known about these bad actors for years. It's great to see media informing the people who don't have that information just who and what we are dealing with here. Why are you so afraid of people getting information. Who died and appointed you the the one and only purveyor of truth. You can scream and cry fake news from now till the cows come home but that won't change these people's CV's and their past and current shady associations.|10159559779333904|Debra Yundt|2022-02-09 22:38:57|1|1|10159558691458904|facebook
you think donations would be in Putin's name 😆😂|10159558884353904|Scott Verge|2022-02-09 22:38:51|1|1|10159558691458904|facebook
Jean Marc, Poor Stevie had his head in the pail of lieable cool aid ...AGAIN.|10159560313343904|Bill McCann|2022-02-09 22:38:52|1|1|10159558691458904|facebook
Most newspapers and media in this country are owned by Conservative supporting corporations because the Conservatives are the party of Big Business. The Globe and Mail is owned by Bell Media and has been a Conservative party supporting paper for decades. Check it out.|10159558999578904|Debra Yundt|2022-02-09 22:38:57|1|1|10159558691458904|facebook
What's wrong with the media showing the rest of us exactly who and what they are.|10159558885398904|Debra Yundt|2022-02-09 22:38:57|1|1|10159558691458904|facebook
Danielle which comparison are you talking about? That money coming in must be coming from putin or my assertion that there is similarity in people being conspiracy theorists... putin isn't behind these donations and vaccines aren't full of nanobots. There's conspiracy theories everywhere.|10159558894488904|Kevin Pera|2022-02-09 22:38:51|1|1|10159558691458904|facebook
The comparison between the Prime Minister and Russian leadership. People who make such comparison ought to be deranged.|10159559000723904|Danielle Emond|2022-02-09 22:38:51|1|1|10159558691458904|facebook
do you know how things STARTED in Soviet Russia? Have you ever read the gulag archipelago? Many governments are taking away peoples freedoms because of a virus. It's obviously not the exact same but how the government has turned It's citizens against eachother to where people report others because they had gatherings violating lockdown measures or denying people access to business because they weren't wearing masks is eerily similar to how people were turned in over nothing when I forget his name began locking people up for not doing what they were told. The way you say people are deranged is an indication of how far the government had misled you to hate free thought, similar to freedoms restricted in societ russia in the 1920's. Now these protestors aren't exercising their right to protest because the government says so and is drawing NEW legislation to stop them when Trudeau could drop the mandate and Biden would very likely follow considering Biden followed Trudeau in implementing this mandate on truckers.|10159559008203904|Kevin Pera|2022-02-09 22:38:51|1|1|10159558691458904|facebook
Coming from someone that wants to burn books! Hahaha! Bet you didn’t know that Who’s who is the name of a book?!! Yah, I didn’t think so!|10159561335823904|Joanne Bradley|2022-02-16 22:38:56|1|1|10159558691458904|facebook
for starters Debra, check out cbc, ctv . and global..|10159560324338904|Bill McCann|2022-02-09 22:38:57|1|1|10159558691458904|facebook
go read a book|10159560141883904|Ivan Nicholas|2022-02-09 22:38:56|1|1|10159558691458904|facebook
A who’s who of right wing nuts, racists, conspiracy theorists, and American fanatics admirers!|10159559661078904|Joanne Bradley|2022-02-09 22:38:43|0|1|10159558691458904|facebook
You are fabulating. The Government did not influence me. I influenced the government. I had my views on how to deal with this pandemic way before the government of the province where I live recognized that masks protect and closed schools. I wrote to the Premier twice to ask for swifter action as it was the provinces that decided what measures would be taken. I then wrote to the Governor of New York recommending school closures. He was the leader who put in place the measures I most agreed with. My focus was never Russia either way. I read « the Great Influenza » at the very beginning of the COVID- 19 Pandemic and I decided what actions I would take.I also read the Plague anew. I was pro mask before the mask was recognized as a useful barrier and I was pro vaccine before any vaccine was developed. If you see all pro vax as being manipulated, you are on the wrong path.|10159559026003904|Danielle Emond|2022-02-09 22:38:51|1|1|10159558691458904|facebook
which province and when? where did you get your info to inform your government? You think you single handedly influenced your province and they weren't listening to recommendations coming from Trudeau's health minister? If you haven't read the gulag archipelago and informed yourself on Soviet Russia, how can you fairly believe these comparisons are inaccurate? You read books before being informed about covid or you used those books in conjunction with what the government told media to tell you about the virus?|10159559029343904|Kevin Pera|2022-02-09 22:38:51|1|1|10159558691458904|facebook
Stop being agressive and thinking that other people are bullshitters because they do not think like you. I know about the Soviet Union and I probably read Soljenitsyne before you were born. But in this Pandemic, my focus was never on Russia, either way. I live in the province of Quebec and I happen to know the functioning and ethics of the federal government fairly well. Quebec was slow to take solid measures to deal with CoVID and I wrote to the Premier to express my concerns, particularly about kids in schools. I received no answer. As for myself, I had already found my path through the pandemic after I read the « Great Influenza ». I wore a mask in the bus and at work before anyone else did here, and I turned to the state of New York for guidance because the Governor there was very active. I wrote to him twice because I was worried that he would not close schools. He, his staff wrote the response of course, responded twice. He closed schools. Not because of me of course, but because it made sense to protect the kids and all the citizens of New York who were hit very hard by COVID.|10159559057488904|Danielle Emond|2022-02-09 22:38:51|1|1|10159558691458904|facebook
aggressive to ask questions? You don't sound like an nkvd officer at all... you were scared and masked up. Other people aren't afraid. These kids are suffering worse fates than covid with what they've been through. The country will probably never pay back cerb and we're going to pay with our lives because we're not going to be able to afford to live.|10159559061073904|Kevin Pera|2022-02-09 22:38:51|1|1|10159558691458904|facebook
Nkvd? My kids are pretty resilient thank you. They are vaccinated and they wear masks and they never complain. With regard to the impact on work, that is a bit of a different matter. If an employer requires vaccination and the employee does not want to get the vaccine, that is their choice. Restaurant closures for example, are decided by provinces and became necessary. If people had been more cautious early on, we might have been able to avoid closures. As for fear, honestly, everybody is afraid: on one side the ones naturally concerned about a virus that kills, on the other side, those afraid of a vaccine recommended by science. You pick your fear. But on one side there is the will to protect others, on the other, the focus is to protect oneself against what one perceives as being a risky vaccine.|10159559072983904|Danielle Emond|2022-02-09 22:38:51|1|1|10159558691458904|facebook
Those three are astroturf.|10159558772933904|Jill Holod|2022-02-09 22:38:43|0|1|10159558691458904|facebook
very sad|10159559519978904|Iain Brew|2022-02-09 22:38:52|1|1|10159558691458904|facebook
Those who support Trudeau are a complete disgrace to Canada.|10159563615398904|Sally Wallace|2022-02-16 22:38:52|1|1|10159558691458904|facebook
Yeah real funny @debra but seriously, has he seen the donation list? Donations coming from Russians doesn't mean Putin is doing it lmao|10159558861873904|Kevin Pera|2022-02-09 22:38:51|1|1|10159558691458904|facebook
good boy stevie, you're compliant and this does not effect you, so the hell with the rest.|10159559702083904|Jean-Marc Cloutier|2022-02-09 22:38:52|1|1|10159558691458904|facebook
WEXIT , white power , proud boys , antisemitic , dark money , the far right in Canada on display|10159558762813904|Maxine Newbold|2022-02-09 22:38:43|0|1|10159558691458904|facebook
Daniel Panneton: ”Marked by threats against journalists and lawmakers, the Freedom Convoy included a motley array of Western separatists, anti-vaxxers, conspiracy theorists, antisemites, Islamophobes and other extremists.”|10159558872733904|Derek van Dassen|2022-02-09 22:38:43|0|1|10159558691458904|facebook
It was a worthy attempt to make $10 million. A great con, and almost got away with it.|10159561668123904|Anthony Mik|2022-02-16 22:38:47|0|0|10159558691458904|facebook
where's your proof and not another piece asking questions.|10159558846493904|Kevin Pera|2022-02-09 22:39:18|1|0|10159558691458904|facebook
|10159559585198904|Scott Anderson|2022-02-09 22:39:17|1|0|10159558691458904|facebook
they f n ZEROES #LOCKTHEMUP|10159559637203904|Bonnie Cull|2022-02-09 22:39:17|1|0|10159558691458904|facebook
doctors and nurses are heroes, not these right-wing American wanna-be disruptive idiots - heroes , what a joke!!!|10159563690493904|Pina Boragina Hayes|2022-02-16 22:39:17|1|0|10159558691458904|facebook
they are domestic terrorists. These people who organized this illegal occupation in Ottawa deserve jail.|10159565306168904|Hudson Oliveira|2022-02-16 22:39:17|1|0|10159558691458904|facebook
keep watching the news, donations are coming from around the world. Far right forces, this is not a conspiracy theory, it's happening now globally.|10159561056718904|Peter Van Veggel|2022-02-16 22:39:25|1|0|10159558691458904|facebook
there's been a two year shut down that did far worse. Us manufacturing has suffered the same. If you keep listening to the MSM instead of thing for yourself and following the real outcome, you wouldn't be full of fear. This could have ended weeks ago. DROP ALL MANDATES NOW.|10159561053458904|Peter Van Veggel|2022-02-16 22:39:25|1|0|10159558691458904|facebook
👈 troll alert lol|10159558811228904|Darlene Brooks|2022-02-09 22:39:18|1|0|10159558691458904|facebook
supply chain was already an issue.. there had been a shortage of drivers for a lot of years...boo hoo, the supply chain is interrupted...w ell then lets have the coward come out of hiding, grow a pair, and 'follow the science' that is now recommending opening things up and living with Covid...you know the virus that has a 99.98% survival rate that is getting better and better now that the virus is getting weaker....oh but Trudeau has already bought 11 doses PER PERSON in Canada with first dibs on tons more...does that tell you something ? Oh and did you know that Canada manufactures a key compenant of the jab ? and have you heard of kick backs ? Interrupting the supply chain is the only way these criminal sill listen. Good for them !|10159560498618904|Luba Kalnins|2022-02-09 22:39:25|1|0|10159558691458904|facebook
Trump 2024 👏👏👏👏|10159559818628904|Arruda Paulo|2022-02-09 22:38:49|1|0|10159558691458904|facebook
Do you have any proof? Or is this your opinion?|10159558832713904|Leslie Kennedy|2022-02-09 22:39:18|1|0|10159558691458904|facebook
F'n sad ... But oh so true .... Hear hear|10159558836068904|Joanne Johnson-Meyers|2022-02-09 22:39:18|1|0|10159558691458904|facebook
I’d send. 0 no problem|10159559424343904|Russell Trapp|2022-02-09 22:39:25|1|0|10159558691458904|facebook
these people o wait. Those people saying they are in it for the money. Let’s see accounts, lawyers and open books. If these people that are commenting on they are taking the money had any and I mean any brains would be able to see that there is no hiding where this money will go.|10159558849243904|Robert Bonnie|2022-02-09 22:39:18|1|0|10159558691458904|facebook
they were officers in Soviet Russia that would condemn people for nothing. How many boosters are they going to have to get and what impact will it have on their developing immune system? Guess we'll never know. It's coercion to make a person choose between vaccination or their job. Were restaurant closures really necessary or could they have operated under limited capacity with small benefits from the government while participants wore masks and socially distanced? It's a new vaccine type that doesn't have long term testing and there really hasn't been an explanation as to why we aren't using live virus and we're seeing that the vaccine isn't effective if it isn't updated. What kind of efficacy is that? I'm not afraid of a vaccine, it's just useless when I can socially distance and wear a mask and sanitize and live a healthy life. I don't need to do more to protect others and other people's lives aren't my responsibility. If they want to get the vaccine that's their choice but to demand other people get it to protect theirselves against the others is against bodily autonomy rights. What happens if boosters are required for life? What's the point in that? Why aren't we using traditional vaccines? What's the point in getting vaccinated if a person has to get vaccinated every few months? Wouldn't you prefer a better vaccine? What are the long term effects of creating spike proteins? Will it eventually change the immune system? Is it causing people to get sick of other diseases more easily? What if it's not covid causing diabetes and it's the vaccine? Examples of questions. People can be worried and shouldn't be vilified for not being vaccinated. Of course violence isn't good and it seems these protests are getting out of hand.|10159559079018904|Kevin Pera|2022-02-09 22:38:51|1|0|10159558691458904|facebook
you won't trust no news sources, parrot, but whatever conspiracy theories you can dig on the web..what a point to chirp?|10159559351603904|Marina Presniakova|2022-02-09 22:39:18|1|0|10159558691458904|facebook
Not sure if she was caught. But there must have been something too vague and with wiggle-room to make the first freeze of GoFundMe happen.|10159559382123904|Richard Evans|2022-02-09 22:39:18|1|0|10159558691458904|facebook
as they say, “follow the money”…bingo, her jig is up!|10159563692923904|Pina Boragina Hayes|2022-02-16 22:39:18|1|0|10159558691458904|facebook
Have a look at our leader of Canada first.|10159558996413904|Richard Michael|2022-02-09 22:38:45|0|0|10159558691458904|facebook
Richard Moca hot, gorgeous and educated #NEVERCON|10159559639988904|Bonnie Cull|2022-02-09 22:39:19|1|0|10159558691458904|facebook
Rick thay have to do something this is a illegal occupation|10159559566258904|David A Mahaney|2022-02-09 22:38:45|0|0|10159558691458904|facebook
I bet since your nuts you believe Biden is great!lol|10159560142993904|Ivan Nicholas|2022-02-09 22:38:49|1|0|10159558691458904|facebook
we know Tump likes them !|10159560577253904|Diane Courneyeur|2022-02-09 22:38:49|1|0|10159558691458904|facebook
disease of society.|10159559254648904|Marc Malette|2022-02-09 22:39:25|1|0|10159558691458904|facebook
Did you read the article, Valia? These people aren't shy. They openly espouse racism. Is that what makes them heroes to you?|10159558891168904|Robert Hamilton|2022-02-09 22:39:25|1|0|10159558691458904|facebook
|10159559552383904|Alex Buchanan|2022-02-09 22:39:17|1|0|10159558691458904|facebook
|10159559553393904|Alex Buchanan|2022-02-09 22:39:16|1|0|10159558691458904|facebook
Three fcken stooges|10159559357868904|Wendy Smith|2022-02-09 22:38:45|0|0|10159558691458904|facebook
"most layoffs in auto industry have been about getting electronics, which come from off shore, it's actually now called the "" chip shortage "". Auto manufacturers have had layoffs all through the scamdemic, this is not new, Ford in oakville was shut down half of January."|10159561061168904|Peter Van Veggel|2022-02-16 22:39:25|1|0|10159558691458904|facebook
poor you, its not about you, a gov. employee that has not been affected by this in 2 yrs, oblivious, ya we are really concerned for you the last few days. take a hike , go for a drive|10159559691383904|Jean-Marc Cloutier|2022-02-09 22:38:52|1|0|10159558691458904|facebook
truth!!|10159559650603904|Helen Szilagyi|2022-02-09 22:38:52|1|0|10159558691458904|facebook
You mean very sad that a bunch of malcontents are making life miserable in our city?|10159559645153904|Steve Ames|2022-02-09 22:38:52|1|0|10159558691458904|facebook
|10159559631433904|Raj Sra|2022-02-09 22:38:52|1|0|10159558691458904|facebook
You've been Conned!|10159559075928904|Paddy Holly|2022-02-09 22:39:12|1|0|10159558691458904|facebook
that's the whole far right lol|10159559634223904|Bonnie Cull|2022-02-09 22:39:12|1|0|10159558691458904|facebook
what I find really strange ( sarcasm ) is the lack of doctors and scientists attending these rallies. It is almost like they might know what they are talking about... Just crazy how there appear to be nothing but redneck meatheads but I am sure it is just a coincidence.|10159564597318904|Paul Cheney|2022-02-16 22:38:45|0|0|10159558691458904|facebook
"Ranting about gun control, the carbon tax, non-white immigrants, supposed Muslim ""conspiracies-- -...and all of them fully vaccinated!"|10159558781793904|Brando Hill|2022-02-09 22:38:45|0|0|10159558691458904|facebook
In the end, these people have more support in the State (financial and social media support), then they they do in Canada!|10159559137273904|Brando Hill|2022-02-09 22:39:13|1|0|10159558691458904|facebook
Ah the poor little baby is triggered because there are other people in the world with a difference of opinion.|10159559631313904|Fitzroy Antdantilus|2022-02-09 22:38:52|1|0|10159558691458904|facebook
FASCISM #LOCKTHEMUP|10159559636288904|Bonnie Cull|2022-02-09 22:39:13|1|0|10159558691458904|facebook
best comment|10159559622783904|Bonnie Cull|2022-02-09 22:38:52|1|0|10159558691458904|facebook
maybe they should get back to work instead of vacationing in Ottawa - jerks!!|10159563698278904|Pina Boragina Hayes|2022-02-16 22:39:15|1|0|10159558691458904|facebook
🤮🤮🤮🤮|10159561743428904|Prince Diana|2022-02-16 22:38:48|1|0|10159558691458904|facebook
You have made your point ,Now you know trudeau don't listen to no one ,even the opposition members question ,,they never get the rigth answer ,now let others live a normal life ,a d maybe include yourself ,|10159559211698904|Ernesto Agbuya|2022-02-09 22:38:45|0|0|10159558691458904|facebook
I am so sick of this stuff, Made your point, Move on and let the rest of us clean up the mess you created.|10159559664943904|Ramona Roden|2022-02-09 22:38:45|0|0|10159558691458904|facebook
U bet Trump loves this!|10159561263303904|Bonnie Isaak|2022-02-16 22:38:45|0|0|10159558691458904|facebook
Arrest them for domestic terrorism|10159562844353904|Heather Johnston|2022-02-16 22:38:47|0|0|10159558691458904|facebook
Go take your Meds You be talking stupid again🤣.|10159559173753904|Fred Bogoslowski|2022-02-09 22:38:52|1|0|10159558691458904|facebook
You don't have to smear white nationalists. They do that all on their own. I've never heard of go fund me pulling the plug and returning money, so you know there were some serious violations there.|10159559587313904|Scott Anderson|2022-02-09 22:39:16|1|0|10159558691458904|facebook
"""Have been identified "".. like it was ever a mystery- they've been all over the news that's ACTUALLY following the story with ANY integrity."|10159558842673904|Sarah S-p|2022-02-09 22:38:43|0|0|10159558691458904|facebook
just because they stand with the convoy does not mean the convoy stands with them. That has been the main message the entire time. It is also been made extremely clear in this video they do not stand with them. So continuing to post that kind of news is a little bit ridiculous. Because it's been made very clear countless times the convoy does not condone those behaviors or those flags. I also just read that people who carry around flights such as those in Ottawa have been asked to leave.  You can continue to spread hate but you're not spreading it to me sorry. Watch the press conference this one here. The leadership their opinions on it. Get your facts straight before you spread hate.|10159559647238904|Amanda Shine|2022-02-09 22:39:16|1|0|10159558691458904|facebook
not to mention if that's the only problem you have with the convoy. Lol. You're certainly on the wrong side|10159559649598904|Amanda Shine|2022-02-09 22:39:16|1|0|10159558691458904|facebook
These guys don't report the news, they make it up and twist things so the public believes what the terrorist liberal government wants us working class to believe and unfortunately, 98% of us fall for it hook, line, and sinker.|10159562435643904|Mark Bradfield|2022-02-16 22:39:16|1|0|10159558691458904|facebook
lol I can hear the banjos from here #LOCKTHEMUP|10159559630433904|Bonnie Cull|2022-02-09 22:38:51|1|0|10159558691458904|facebook
Look up “Lich” and D&D you find her origin story.|10159558864683904|Dave Smith|2022-02-09 22:38:45|0|0|10159558691458904|facebook
such evil and hatred - scary these people are fueling enough with their rhetoric😱😥🤬|10159563695188904|Pina Boragina Hayes|2022-02-16 22:39:20|1|0|10159558691458904|facebook
there big trump fans, were do you think a lot of the money is coming from , hopefully they lock these clowns up for what's going on. That's all I see is dollar signs rolling in there eyes . That's all talk about is different ways to donate money .|10159560779953904|Nickerson E. Brian|2022-02-09 22:38:49|1|0|10159558691458904|facebook
I cut the cord years ago.|10159562230953904|Debra Yundt|2022-02-16 22:39:23|1|0|10159558691458904|facebook
|10159559560288904|Alex Buchanan|2022-02-09 22:39:22|1|0|10159558691458904|facebook
I went straight to the comments on this one! 😂|10159559515858904|Mïka Tremblay|2022-02-09 22:38:46|0|0|10159558691458904|facebook
The maverick party in the flesh.|10159558814378904|David Wale|2022-02-09 22:38:46|0|0|10159558691458904|facebook
Maybe Trump but I doubt it.|10159558785713904|William Millar|2022-02-09 22:38:51|1|0|10159558691458904|facebook
Not the main organizers.|10159559447343904|Robert James Northrup|2022-02-09 22:38:46|0|0|10159558691458904|facebook
There they are-start the lawsuits. 👍👍👍😊|10159561928078904|Milton Pearson|2022-02-16 22:38:46|0|0|10159558691458904|facebook
seems there is a bunch of trudeau's cronies|10159567013028904|Dushan Surovy|2022-02-16 22:38:46|0|0|10159558691458904|facebook
hey Bob you gotta go easy on the conspiracy theories there buddy|10159558883253904|Mickel Maalouf|2022-02-09 22:38:51|1|0|10159558691458904|facebook
Nope nope and nope|10159559606448904|Brittany Marshall|2022-02-09 22:38:47|0|0|10159558691458904|facebook
i recommend Mrs Joan parnell's trading platform to everyone, earn extra income from the comfort of your home, 100% reliable and trustworthy. Click on the name to contact Mrs joan parnell and earn weekly 👇👇👇 Joan Parnell|10159558742703904|Diane Ferri|2022-02-09 22:39:23|1|0|10159558691458904|facebook
GO WHILE U CAN STOP BEING BULLIES|10159558815123904|Gale Stewart|2022-02-09 22:38:47|0|0|10159558691458904|facebook
Wow, great sleuthing Globe!|10159559834548904|Peter Puck|2022-02-09 22:38:47|0|0|10159558691458904|facebook
Prison?|10159562575963904|Joseph Whitty|2022-02-16 22:38:47|0|0|10159558691458904|facebook
Aren't they missing their MENSA meeting? 🤣|10159559310413904|Lynda Jean|2022-02-09 22:38:47|0|0|10159558691458904|facebook
🇨🇦🇨🇦HERO'S 🇨🇦🇨🇦🇨🇦|10159560115658904|Stephanie Isak|2022-02-09 22:38:47|0|0|10159558691458904|facebook
Good for them !|10159564082323904|Viv Clark|2022-02-16 22:38:47|0|0|10159558691458904|facebook
domestic terrorists|10159559853183904|Jeff Hunter|2022-02-09 22:38:47|0|0|10159558691458904|facebook
Thanks!! For all the collateral damage!!|10159559463683904|James Cella|2022-02-09 22:38:47|0|0|10159558691458904|facebook
LOL, these ppl look like real WINNERS...|10159562938683904|Brad Gilbert|2022-02-16 22:38:47|0|0|10159558691458904|facebook
disrupt the auto industry then parachute the tanks and the millions of Yvans, Dimitris and Sergei armed with plasma railguns for the glory of Mother Russia.|10159558858563904|Claude St-Arnaud|2022-02-09 22:38:51|1|0|10159558691458904|facebook
you've seen the donation list? Sounds like a conspiracy where you blame Russians for Canadians effort. Sort of like how you probably also call the protestors conspiracy theorists for comparing Trudeau to Soviet russian leadership.|10159558844288904|Kevin Pera|2022-02-09 22:38:51|1|0|10159558691458904|facebook
They have the right to meet with government just like everyone else|10159559096688904|Christine Bruno|2022-02-09 22:38:47|0|0|10159558691458904|facebook
stop watching the main stream media .|10159559706033904|Iain Brew|2022-02-09 22:39:23|1|0|10159558691458904|facebook
100%...Trudeau is the most inept PM running a dictatorship|10159558817123904|Valia Petrov|2022-02-09 22:38:51|1|0|10159558691458904|facebook
Stop hiding from the truth con voter|10159559722918904|Bonnie Cull|2022-02-09 22:39:23|1|0|10159558691458904|facebook
better than Joe Biden that's for sure.|10159565542953904|Keith Schwartz|2022-02-16 22:38:49|1|0|10159558691458904|facebook
"""have been identified"" ... use of language noted"|10159561193823904|Jane Eliz|2022-02-16 22:38:46|0|0|10159558691458904|facebook
You three are very white.|10159562268408904|Rishia McDowell|2022-02-16 22:38:46|0|0|10159558691458904|facebook
take your ivermectin and go to bed.|10159558807683904|Jim Francis|2022-02-09 22:39:24|1|0|10159558691458904|facebook
Grifters...all of them|10159563027313904|Judi-michelle Ferguson|2022-02-16 22:38:45|0|0|10159558691458904|facebook
How much are they making out of this.|10159562550883904|Starr Nelson|2022-02-16 22:38:45|0|0|10159558691458904|facebook
Time to return to the trailer park.|10159559924708904|Corinna Rossy|2022-02-09 22:38:45|0|0|10159558691458904|facebook
They don't look like immunologists. They actually look like they would vote for Marjorie Taylor Greene.|10159558990203904|Duncan Morris|2022-02-09 22:38:51|1|0|10159558691458904|facebook
Thanks for the laugh! 🤣🤣🤣 u made my day, man|10159558897258904|Tatyana Gurova|2022-02-09 22:38:51|1|0|10159558691458904|facebook
White supremacists, racists and Islamophobes are your heroes? That's sad|10159558810798904|Robert Hamilton|2022-02-09 22:39:25|1|0|10159558691458904|facebook
The comparison is absolutely ridiculous.|10159558892848904|Danielle Emond|2022-02-09 22:38:51|1|0|10159558691458904|facebook
lol oh no I fat thumbed it. You win for sure. I will even leave up the mistake for you.|10159558741933904|Adrian Ayotte|2022-02-09 22:39:21|1|0|10159558691458904|facebook
I bet you think Michelle Obama is beautiful. Ba ha ha ha ha|10159561700688904|Daniel Joseph|2022-02-16 22:38:49|1|0|10159558691458904|facebook
|10159559692123904|Gerald Weizenbach|2022-02-09 22:38:47|0|0|10159558691458904|facebook
i recommend Mrs Joan parnell's trading platform to everyone, earn extra income from the comfort of your home, 100% reliable and trustworthy. Click on the name to contact Mrs joan parnell and earn weekly 👇👇👇 Joan Parnell|10159558743018904|Diane Ferri|2022-02-09 22:39:21|1|0|10159558691458904|facebook
My comment stands as a testament to your literacy.|10159558753028904|James Nilsson|2022-02-09 22:39:21|1|0|10159558691458904|facebook
The OPP has been trolling Facebook and showing up at the homes of people in Ontario who post comments and live close to any of the red zones.|10159563110293904|Joanne McClelland|2022-02-16 22:38:46|0|0|10159558691458904|facebook
No they are not, they are a bunch of white nationalist who can't win elections so they use violence and force to get what they want|10159558784028904|Sean Kelly|2022-02-09 22:39:21|1|0|10159558691458904|facebook
Lied to, try winning an election, you can't|10159558784343904|Sean Kelly|2022-02-09 22:39:21|1|0|10159558691458904|facebook
The majority is not even close to behind this, maybe 20 percent, the rest hate your guts. You sounds like my kids, crying whenever they don't get everything they want|10159558785423904|Sean Kelly|2022-02-09 22:39:21|1|0|10159558691458904|facebook
they hate doctors and scientists because they make them feel inferior,|10159558786273904|Sean Kelly|2022-02-09 22:39:21|1|0|10159558691458904|facebook
Question to the truckers. Did any of you receive any of the first million dollars that was “distributed”.|10159561495608904|Ferne Shantz|2022-02-16 22:38:45|0|0|10159558691458904|facebook
I believe I was misinformed about these men and women...so difficult to know who to believe. I apologize to these people, I made a mistake and withdraw my words. I also apologize to anyone I may have offended. God bless all of you and God bless Canada 🇨🇦♥️|10159562886103904|Ferne Shantz|2022-02-16 22:39:21|1|0|10159558691458904|facebook
Globe and mail has been identified as msm garbage|10159559935328904|Dan Peever|2022-02-09 22:38:45|0|0|10159558691458904|facebook
Note to all they are white do not represent Canada are not patriotic occupying illegally now|10159566705338904|Pauline Loughton|2022-02-16 22:38:45|0|0|10159558691458904|facebook
What is the story?Honestly that can’t be it.|10159564619718904|Frankie McKenzie|2022-02-16 22:38:45|0|0|10159558691458904|facebook
State of Emergency today inacted by Trudeau. Go home before it's too late!|10159562891613904|Sheri Robinson|2022-02-16 22:38:45|0|0|10159558691458904|facebook
They all belong in jail.  Can't wait to see it happen.|10159568183893904|Gerald Southam|2022-02-16 22:38:46|0|0|10159558691458904|facebook
oh I'm not claiming they are from Putin. Just saying that if anything like that was happening it's not like it would say it LO|10159558892698904|Scott Verge|2022-02-09 22:38:51|1|0|10159558691458904|facebook
guess you don't watch YouTube. It's all there directly from them. These idiots led the pipeline convoy a few years ago. They're only goal is anarchy and revolution.|10159558795638904|Marilyn Mckercher|2022-02-09 22:38:59|1|0|10159558691458904|facebook
WOW, you have some serious hate issues. What is wrong with you?|10159560410313904|Richard Chouinard|2022-02-09 22:39:11|1|0|10159558691458904|facebook
aww poor cons cant win elections so they want FASCISM #LOCKTHEMUP|10159559631553904|Bonnie Cull|2022-02-09 22:39:01|1|0|10159558691458904|facebook
give it your best try Bob....your true colors are showing....|10159560319453904|Bill McCann|2022-02-09 22:38:57|1|0|10159558691458904|facebook
she identifies as Métis.|10159558839123904|Rob LeClair|2022-02-09 22:39:01|1|0|10159558691458904|facebook
I think we have talked about this on this page before and she is has some Metis (not Meti) background. Having a background in First Nations does not exclude you from being racist. If you read all the other comments I posted about Tamara, you would know this.|10159558840878904|Claire Róisín|2022-02-09 22:39:01|1|0|10159558691458904|facebook
CBC is a liberal media tool.|10159559800683904|Jean-Marc Cloutier|2022-02-09 22:38:57|1|0|10159558691458904|facebook
don’t allow the BOTS to get to you.|10159558844243904|Robert Bonnie|2022-02-09 22:39:01|1|0|10159558691458904|facebook
yes. And other Métis have spoken up in disgust of her antics|10159558849778904|Donna Marie|2022-02-09 22:39:01|1|0|10159558691458904|facebook
nice try there.|10159558850708904|Carol Gammel|2022-02-09 22:39:01|1|0|10159558691458904|facebook
I never said “white supremacist”, I said racist. There is a difference. Tamara has some serious Islamaphobic comments on her record. It’s pretty ironic that almost 50% of truckers in Canada are from South Asian descent, but I’m sure she’s unaware of this. They are hard at work getting the necessities we need right now. She’s pretty much a gongshow (and I’m not talking about her metal band). She’s over-invested in US politics and a Trump fan, who also wants Alberta to separate from Canada and to join the US. I’m not sure why she’s not living there but that’s another story. I know Benjamin Dichter is Jewish which makes it even weirder that he chooses to hang out with Pat King…you know, the other original “organizer”. Pat thinks the Jews secretly run the world, including finance and government and he denies a lot about the Holocaust so yes Neil, none of this fits. It’s like the island of misfit toys, but not in a good way. So brutal and so embarrassing for this country. On a side note, imagine if anyone ‘on the left’ said “but she’s Métis”. What a joke! I’m sure you know that Indigenous groups across the country, including the Métis of Alberta have denounced these protests and have explicitly said that using their symbols etc are “unacceptable and inappropriate”. There are public statements that state this so please be mindful of that before you tout the fact that she is Métis. 🙄 🤢|10159558857043904|Claire Róisín|2022-02-09 22:39:01|1|0|10159558691458904|facebook
again, your comment makes zero sense. Zero. Have a good night.|10159558857718904|Claire Róisín|2022-02-09 22:39:01|1|0|10159558691458904|facebook
she is a racist nutbar lol|10159558887258904|Chris Pelican|2022-02-09 22:39:01|1|0|10159558691458904|facebook
Ali Erin you troll!|10159558919748904|Peter LeHegarate|2022-02-09 22:39:01|1|0|10159558691458904|facebook
women do not drive trucks, Li. Only patriarchal white suprematism’s do. And South Asian white suprematist men and black white suprematist men|10159559337868904|Oleg Kolenberg|2022-02-09 22:39:01|1|0|10159558691458904|facebook
And Tamara has a long history with the Yellow Jackets as well.|10159559604933904|Debra Yundt|2022-02-09 22:39:01|1|0|10159558691458904|facebook
So, lets see here, I provide an opinion not directed at anyone, but an industry and what do you do? Let's see, label, smear and name calling, and I am the stupid adolescent one.|10159559735673904|Robert Hume|2022-02-09 22:38:57|1|0|10159558691458904|facebook
owww I'm so hurt by your mean word.|10159558833593904|Mark Barnes|2022-02-09 22:39:01|1|0|10159558691458904|facebook
funs over , just checking out the talking points of CBC fans, sad aint it.|10159559709903904|Jean-Marc Cloutier|2022-02-09 22:38:57|1|0|10159558691458904|facebook
Doug Young google each name individually and you'll find they all have connections to pacist and alt-right organizations|10159558791638904|Merle B Peter-paul|2022-02-09 22:39:02|1|0|10159558691458904|facebook
Jack Massalski but if you google each name individually you'll fond they have ties to racist and alt-right organizations|10159558793733904|Merle B Peter-paul|2022-02-09 22:39:02|1|0|10159558691458904|facebook
Jack Massalski guess you don't live in Alberta. These idiots led the pipeline convoy a few years ago. They're only goal is anarchy and revolution.|10159558794083904|Marilyn Mckercher|2022-02-09 22:39:02|1|0|10159558691458904|facebook
wow! That is the kuntiest thing I heard today, congratulations .|10159558815278904|Michael Robinson|2022-02-09 22:39:02|1|0|10159558691458904|facebook
it also said they wanted to personally appoint our new Parliament and PM. Sounds like a fascist takeover to me.|10159558818428904|Marilyn Mckercher|2022-02-09 22:39:02|1|0|10159558691458904|facebook
Jack Massalski so nieve or blind.|10159558821683904|Marilyn Mckercher|2022-02-09 22:39:02|1|0|10159558691458904|facebook
right ... Sneaky buggers|10159558829723904|Joanne Johnson-Meyers|2022-02-09 22:39:02|1|0|10159558691458904|facebook
so you base it on looks as apposed to brains? No wonder we are in this situation.|10159558830528904|Carol Gammel|2022-02-09 22:39:02|1|0|10159558691458904|facebook
Hello, you look gorgeous on your profile, I would really love us to be friends on Facebook, I sent you a friend request, but it’s not going through.kindly send me one let be friends 🌹.|10159558832963904|Broussard Thomas|2022-02-09 22:39:02|1|0|10159558691458904|facebook
🌹❤️|10159558833233904|Broussard Thomas|2022-02-09 22:39:02|1|0|10159558691458904|facebook
have another donut.|10159558845318904|Robert Bonnie|2022-02-09 22:39:02|1|0|10159558691458904|facebook
They dont read articles silly lol just memes lol #NEVERCON|10159559625148904|Bonnie Cull|2022-02-09 22:38:57|1|0|10159558691458904|facebook
that's fine|10159558834283904|Mark Barnes|2022-02-09 22:39:01|1|0|10159558691458904|facebook
so you drank the kool-aid too. The truck drivers will never see any money. It's illegal to contribute to an insurrection.|10159558831918904|Mark Barnes|2022-02-09 22:39:01|1|0|10159558691458904|facebook
yeah they not lawyers or corrupt enough to lead, right Tracy?|10159558917993904|Peter LeHegarate|2022-02-09 22:39:02|1|0|10159558691458904|facebook
Nor should it. Nor was that what I meant.|10159559984208904|Paddy Holly|2022-02-09 22:38:59|1|0|10159558691458904|facebook
"Did you read the article? Tamara Lich helped organize the original ""United We Roll"" protest who had white supremacists speaking on stage, Benjamin Dichter is an outspoken Islamophobe, and Pat King decries what he calls the “depopulation of the Caucasian race.” It's all in the article. Perhaps you should read it before trying to tell people what it doesn't say"|10159558802698904|Robert Hamilton|2022-02-09 22:38:59|1|0|10159558691458904|facebook
Robert you know more about these things than I do obviously.  I suggest you put the people that you don't like in the back of your mind and support truck drivers because they deserve the support Nobody asked for them to be the leaders  But I hear you I mean certain people are a little too far to the extreme to have any real power in this movement  Regarding my comment to Maxine I stand by that as a humanist 100%  Adolf Hitler talked like that You must have a very low opinion of people to think like that sir.  Absolutely no better than a racist that you hate.  It's called narcissism|10159558804733904|Patrick Nowlan|2022-02-09 22:38:59|1|0|10159558691458904|facebook
ideaologies haha it's getting so old now|10159558810498904|Darlene Brooks|2022-02-09 22:38:59|1|0|10159558691458904|facebook
really? Lich identifies as Metis & Lichter is Jewish|10159558810543904|Neil Bristol|2022-02-09 22:38:59|1|0|10159558691458904|facebook
second kuntiest thing i heard today, pre judge much Karen?|10159558817543904|Michael Robinson|2022-02-09 22:38:59|1|0|10159558691458904|facebook
How idiotic|10159558795578904|Brad Salzberg|2022-02-09 22:38:59|1|0|10159558691458904|facebook
all you have to do is listen to them speak|10159558787033904|Sean Kelly|2022-02-09 22:38:59|1|0|10159558691458904|facebook
Benjamin Dichter is Jewish so yeah so anti-Semitic. 🤦🏻‍♀️|10159558859338904|Janet Snell|2022-02-09 22:38:59|1|0|10159558691458904|facebook
|10159558782998904|Josh Robero|2022-02-09 22:38:59|1|0|10159558691458904|facebook
bullseye.|10159558776878904|Philip Slade|2022-02-09 22:38:59|1|0|10159558691458904|facebook
Tamara Litch is Metis Slanderous.|10159559017488904|Calvin M. Gould|2022-02-09 22:38:59|1|0|10159558691458904|facebook
, right out of the communist play book. You hit all the names the left puke out without evidence.|10159559471913904|Eddie Cochrane|2022-02-09 22:38:59|1|0|10159558691458904|facebook
You tell him !??  You tell him that they have to follow the line or off to the gulag with them  How f****** gross to treat your own citizen and fellow Native like that|10159559498053904|Patrick Nowlan|2022-02-09 22:38:59|1|0|10159558691458904|facebook
Absolutely true!|10159560157743904|Shanty Peacetrain|2022-02-09 22:38:59|1|0|10159558691458904|facebook
Sad but true Lisa..|10159560320303904|Bill McCann|2022-02-09 22:38:57|1|0|10159558691458904|facebook
yup. So disappointed in these people to betray hardworking Canadians.|10159561496653904|Ferne Shantz|2022-02-16 22:38:59|1|0|10159558691458904|facebook
Those who support the extreme leftist are indoctrinated beyond any help|10159563624173904|Sally Wallace|2022-02-16 22:38:59|1|0|10159558691458904|facebook
Derek how do you feel about Justin list of scandals and ethics violations. Obviously your level of leftist indoctrination has got so arrogant that you support a corrupt, lying politician|10159563623458904|Sally Wallace|2022-02-16 22:38:58|1|0|10159558691458904|facebook
i recommend Mrs Joan parnell's trading platform to everyone, earn extra income from the comfort of your home, 100% reliable and trustworthy. Click on the name to contact Mrs joan parnell and earn weekly 👇👇👇 Joan Parnell|10159558743133904|Diane Ferri|2022-02-09 22:39:00|1|0|10159558691458904|facebook
Derek your compulsive lying reminds me of Trudeau|10159563621558904|Sally Wallace|2022-02-16 22:38:58|1|0|10159558691458904|facebook
wow, you must be a hit at parties with all that story making skill.|10159559730068904|Everett Parker|2022-02-09 22:38:58|1|0|10159558691458904|facebook
Mind boggling the ability of the G&M to be on top of things....|10159559542153904|Jodi Herold|2022-02-09 22:38:43|0|0|10159558691458904|facebook
Mandates are provincial.DERP . TALK TO FORD. DERP. #NEVERCON|10159559626433904|Bonnie Cull|2022-02-09 22:39:00|1|0|10159558691458904|facebook
well enjoy your protests since you voted for the liberals and think its ok for them to take away freedom of choice from others. Im betting these protests will last months and just get bigger as the weather gets warmer. But hey people arent being forced to live in Ottawa, they can always move, easy fix.|10159559730423904|Melissa Lovelace|2022-02-09 22:39:00|1|0|10159558691458904|facebook
the media should be less soft and call them what they really are: domestic terrorists.|10159565298253904|Hudson Oliveira|2022-02-16 22:38:57|1|0|10159558691458904|facebook
The Trudeau funded media has zero credibility.|10159563619858904|Sally Wallace|2022-02-16 22:38:57|1|0|10159558691458904|facebook
I have better things to do than watch televsion. I cut the cord years ago.|10159560334493904|Debra Yundt|2022-02-16 22:38:57|1|0|10159558691458904|facebook
she is one of the organizers, she gets no pay for this, there are a whole lot of volunteers with them, accountants, lawyers etc, the money is to help the truckers cover expenses while doing this it is all done legally, any funds left over is going to the veterans, seeing as Trudeau says they’re asking for more then he can give. They are not white supremists but she agrees to separating because of the way the country has treated the west for decades that it’s time to leave. She is Meti.|10159558827128904|Carol Gammel|2022-02-09 22:39:01|1|0|10159558691458904|facebook
none of these 3 people drive trucks 😆😂|10159558885198904|Scott Verge|2022-02-09 22:39:02|1|0|10159558691458904|facebook
Your government has spent more money in the last two years than all previous governments in Canadian history. It’s muzzled free speech and doesn’t have the mental ability to run a lemonade stand . Hence , hyperinflation is on the horizon. A grade 4 child could run this country better than these faktards .|10159558944343904|Ken Froese|2022-02-09 22:39:02|1|0|10159558691458904|facebook
wait until you drive by churches and most of the cars have f@ck Trudeau in there back windows,|10159560784848904|Nickerson E. Brian|2022-02-16 22:38:52|1|0|10159558691458904|facebook
try living in the USA under trump a lot of the people seem to love trump who are out there protesting|10159565117928904|Teya Shearing|2022-02-16 22:38:52|1|0|10159558691458904|facebook
We have now seen the enemy.|10159559555743904|Steve Ames|2022-02-09 22:38:43|0|0|10159558691458904|facebook
Do like they did in New Zealand. Hand cuff them and haul them away to jail. They don't get out until the trucks are all gone.|10159559447668904|Rick Davis|2022-02-09 22:38:43|0|0|10159558691458904|facebook
Where is Patrick King?! He has disappeared!|10159558786778904|Shawn Rogers|2022-02-09 22:38:43|0|0|10159558691458904|facebook
What men? All I see are cowards like the Taliban hiding behind women and children #LOCKTHEMUP|10159559623693904|Bonnie Cull|2022-02-09 22:38:53|1|0|10159558691458904|facebook
If I were an industry group affected by the Windsor and Sarnia blockades, Lich, Barber and Dichter would be on the recieving end of a lawsuit seeking compensation for damages incured by blocking truck traffic.|10159560267573904|Bill Smith|2022-02-09 22:38:43|0|0|10159558691458904|facebook
they can't help it. They sold their souls for 600 mil|519301536185270|Lisa Gravelle|2022-02-16 22:38:53|1|0|10159558691458904|facebook
Most truckers are not represented by the freedom convoy.|10159559351208904|Will Bedford|2022-02-09 22:39:08|1|0|10159558691458904|facebook
Just because they don't write what you want to hear doesn't make them a government tool. Grow up Liz, people in democracies are allowed to have and express differing views from yours. That's why people like you and me get to comment on these sites.|10159560327868904|Debra Yundt|2022-02-09 22:38:53|1|0|10159558691458904|facebook
Like really already...first it’s, CTV, CNN, CBC, now Globe and Mail??? Grasping a bit huh? Who’s next...has FOX been blamed yet? 🤔.|10159559816663904|Francis McAllister|2022-02-09 22:38:53|1|0|10159558691458904|facebook
If that is the case, those poor manipulated truckers should go home now.|10159559634298904|Tracy Pytlowany|2022-02-09 22:39:08|1|0|10159558691458904|facebook
he is busy finding new ways to grift|10159561477308904|Carole M. Lalande|2022-02-16 22:39:08|1|0|10159558691458904|facebook
These 3….Such arrogance! Seriously 😒|10159559686818904|Phyllis Legatos|2022-02-09 22:38:43|0|0|10159558691458904|facebook
Zapstrap them charge them with treason ...|10159558843868904|Joanne Johnson-Meyers|2022-02-09 22:38:43|0|0|10159558691458904|facebook
kind of sounds like a better place for you|10159564619098904|Frankie McKenzie|2022-02-16 22:38:52|1|0|10159558691458904|facebook
"questionably placed ""quotation marks"""|10159560249343904|Dylan Norton|2022-02-09 22:38:53|1|0|10159558691458904|facebook
Hello, you look gorgeous on your profile, I would really love us to be friends on Facebook, I sent you a friend request, but it’s not going through.kindly send me one let be friends 🌹.|10159558833668904|Broussard Thomas|2022-02-09 22:39:09|1|0|10159558691458904|facebook
Sandi Barker your ability to support a prime minister that has a list of scandals and ethics violations show how you are a disgrace to Canada|10159563613358904|Sally Wallace|2022-02-16 22:38:52|1|0|10159558691458904|facebook
and ours is - keep fighting for our freedom! Dictator Trudeau must go. The whole world is opening - only the dictator keeps Canadian prisoners in their own country.|10159558858423904|Valia Petrov|2022-02-09 22:39:09|1|0|10159558691458904|facebook
Kool Aid is spelled with a K, sounds to me like you fit in well with the rest of the morons!|10159563105188904|Brad Gilbert|2022-02-16 22:38:52|1|0|10159558691458904|facebook
Bravo!!|10159560157103904|Shanty Peacetrain|2022-02-09 22:39:09|1|0|10159558691458904|facebook
how by impeeding them? get a life!|10159563097308904|Brad Gilbert|2022-02-16 22:38:52|1|0|10159558691458904|facebook
ask Boris and Natasha.|10159558846958904|Leslie Robertson|2022-02-09 22:39:10|1|0|10159558691458904|facebook
not listening to far left yahoos...|10159558802688904|Valia Petrov|2022-02-09 22:38:59|1|0|10159558691458904|facebook
I wouldn't let you run a daycare|10159558720273904|Garrett Stenlund|2022-02-09 22:39:11|1|0|10159558691458904|facebook
i wouldn't sell him internet.. he's lucky i'm not his isp|10159558720673904|Jason Robichaud|2022-02-09 22:39:11|1|0|10159558691458904|facebook
Who is going to listen to anyone like this? Yes these GRIFTERS have found the perfect grift.|10159558780263904|Wendy Piercey|2022-02-09 22:38:45|0|0|10159558691458904|facebook
you're a serf. That's okay tho, because they're fighting for your rights and freedoms to.|511910550370500|Lisa Gravelle|2022-02-16 22:38:52|1|0|10159558691458904|facebook
if you believe these folks are altruistic and would have done a better job of looking after everyone during a global crisis I have some ocean front property in Arizona to sell you.|10159558811413904|Jane Webb Katz|2022-02-09 22:39:11|1|0|10159558691458904|facebook
Was the Chinese sponsored TICTOC present?|10159559454303904|Wally Wauhkonen|2022-02-09 22:39:07|1|0|10159558691458904|facebook
Tamara Lich is metis. Benjamin Dichter is Jewish. I fail to see your common thread.|10159561548693904|Joanne McClelland|2022-02-16 22:39:06|1|0|10159558691458904|facebook
Please, tell us the ‘facts’ about these three people?|10159559592898904|Jess Curry|2022-02-09 22:38:57|1|0|10159558691458904|facebook
so if you associate with racists that makes you culpable. Got it. I sure hope you have no association with a racist in any facet of your life, or you pretty much are one as well. I hope, for example, you don't vote for one. Or work with/for one. Or hang out with one.|10159564519488904|Perry Senior|2022-02-16 22:39:04|1|0|10159558691458904|facebook
|10159559500813904|Michael Collins|2022-02-09 22:39:02|1|0|10159558691458904|facebook
I can hear the banjos from here lol #LOCKTHEMUP|10159559627008904|Bonnie Cull|2022-02-09 22:39:02|1|0|10159558691458904|facebook
There.are only 12 million in the west and 26 million in the east. You will never beat us hon. Welcome to democracy, you lost, WAHHHH #NEVERCON|10159559629033904|Bonnie Cull|2022-02-09 22:39:02|1|0|10159558691458904|facebook
3 nuts don’t get to close a city, or any portion of one. Same goes for borders. The public realm doesn’t belong to them, nor are they it’s lawful guardians.|10159561349303904|Peter Ioannidis|2022-02-16 22:38:48|1|0|10159558691458904|facebook
Joanne how do you feel about Justin list of scandals and ethics violations?|10159565243068904|Sally Wallace|2022-02-16 22:38:56|1|0|10159558691458904|facebook
Don't make assumptions. My point was that with so many competing arguments and frustrations it's hard to keep track of singular intent.|10159559739383904|Richard Evans|2022-02-09 22:39:02|1|0|10159558691458904|facebook
Ignore the indoctrinated librarian.|10159563616738904|Sally Wallace|2022-02-16 22:38:56|1|0|10159558691458904|facebook
Libs won 7 out of 10 provinces dear and the libs and NDP took 49% of the vote. Better re check that grade 5 election map math lol. Canada is a liberal country and the last election proved it when 67% voted ANYONE BUT CON. DERP. #NEVERCON|10159559781578904|Bonnie Cull|2022-02-09 22:39:02|1|0|10159558691458904|facebook
they've been heard loud and clear. The federal government has said nothing is changing. Time to go home.  Just because you demand to be heard doesn't mean you're going to get your way.|10159559903073904|Scott Verge|2022-02-09 22:39:02|1|0|10159558691458904|facebook
I accept that the majority of the population lives in the east and it is one person one vote. Want more influence on the outcome bring more people west.|10159560011013904|Marilyn Mckercher|2022-02-09 22:39:02|1|0|10159558691458904|facebook
better than Trudeau and his communist regime.|10159563465678904|Shannon Fox|2022-02-16 22:39:02|1|0|10159558691458904|facebook
Relativistic? Yes, I believe in the theory of relativity, despite your not understanding it! That is the point, I believe in science!|10159561870988904|Joanne Bradley|2022-02-16 22:38:56|1|0|10159558691458904|facebook
they are domestic terrorists.|10159565302123904|Hudson Oliveira|2022-02-16 22:39:03|1|0|10159558691458904|facebook
go back to sleep FFS>>>>|10159559786073904|Edward Glenn|2022-02-09 22:38:55|1|0|10159558691458904|facebook
STOP READING THIS G&M RAG AND CNN. PATHETIC. Edna|10159559943233904|Bill Davis|2022-02-09 22:39:06|1|0|10159558691458904|facebook
why not charge the politicians who are doing the WEF's bidding?|10159558974973904|Lisa Jones|2022-02-09 22:39:05|1|0|10159558691458904|facebook
for bouncy castles? Waving Canadian flags? Dancing? Smiling? Cheering? Fighting for everyone that doesnt know? This is where some folks now are in life now. What's next? They going to teargas little kids? Cops took down a play tent today. Keep showing the world who you are.|10159559020578904|Calvin M. Gould|2022-02-09 22:39:05|1|0|10159558691458904|facebook
, “ sedition “ is the word of the day for the simpletons on the left.|10159559474688904|Eddie Cochrane|2022-02-09 22:39:05|1|0|10159558691458904|facebook
All you have to do is read the works of Herbert Spencer, Friedrich Hayek, and The Protocols of the Elders of Zion, and you’ve got an idea of what basically everyone involved stands for (though not everyone would necessarily adhere to all three “philosophies” at once).|10159560248408904|Dylan Norton|2022-02-09 22:38:43|0|0|10159558691458904|facebook
and how does this apply to this attempt to subvert our country?|10159559612053904|Gordon  Ross|2022-02-09 22:38:55|1|0|10159558691458904|facebook
LOSER|10159569611103904|Mike McCallum|2022-02-16 22:38:54|1|0|10159558691458904|facebook
Its simple math when you look at the behavior of society during mass protest. The cause is often simply an excuse for other things that tend to reveal themselves as it were in this case given the shirt Tamara attires. It was only a matter of time I mean lets do the math, before this Protest started the players left standing now, let me see Kenney wants to chop a mountain in half if I am not mistaken. This crowd appeal and distraction lends him much wiggle room and I shall suggest folks pay attention.|10159559567253904|Carla Zwicker|2022-02-09 22:39:06|1|0|10159558691458904|facebook
they are domestic terrorists|10159565303023904|Hudson Oliveira|2022-02-16 22:38:54|1|0|10159558691458904|facebook
David Bowie would be disgusted by this exploitation of his, and Brian Eno's song. You really must be delusional.|10159558852993904|Jane Addie|2022-02-09 22:38:54|1|0|10159558691458904|facebook
Really ! Since that is the main means of subsistence out West and every economy depends on the sale of beer I would think in the grand scheme of things your first beer would be a trite detail lost in a sea of stinky used beer bottles. Where's the talent in that ? It's the sale of everyone's grandchildren at the bars. Open season. Have a party your wallet's the main course. Go Vancouver Canuck 😅|10159560621998904|Carla Zwicker|2022-02-09 22:39:06|1|0|10159558691458904|facebook
🤡|10159561945708904|Julia Bolland Longland|2022-02-16 22:38:53|1|0|10159558691458904|facebook
she's Metis and he is Jewish. The third guy, King, should not be part of this because he appears to be anti-immigrant.|10159558977048904|Lisa Jones|2022-02-09 22:39:06|1|0|10159558691458904|facebook
Canadians are all racist then for electing a black face wearing leader 3 times. That is more embarassing.|10159559766808904|Janet Snell|2022-02-09 22:39:06|1|0|10159558691458904|facebook
losers, disease of society.|10159559254128904|Marc Malette|2022-02-09 22:39:26|1|0|10159558691458904|facebook
