﻿comment|comment_ids|username|datetime|isreply|num_replies|post_id|label
This whole protest thing is just sickening. They are disrespectful and shameful, desecrating the Tomb of the Unknown Soldier, the statue of Terry Fox. Really what is the point of such stupid behaviour!|10159535707858904|Doris Dallaire|2022-02-02 23:36:27|0|9|10159535564438904|facebook
that is your absolute right. Not taking a side in this, just impressed that the entire country is showing a little unity. Right or wrong.|10159535659458904|Brenda French|2022-02-02 23:36:36|1|6|10159535564438904|facebook
thank you.|10159536517433904|Pam Taylor|2022-02-02 23:36:29|1|6|10159535564438904|facebook
Pierre Poilievre: “The truckers I’ve met today have been peaceful, kind and patriotic.  I’ve not seen anyone dressed up in blackface or other racist costumes.” #TruckersNotTrud eau|10159535754108904|Cathy Kotzé|2022-02-02 23:36:27|0|5|10159535564438904|facebook
Rick Timmerman that's a statement, not a question. What kind of truck do you drive? Kenworth? Peterbilt? What? (Those are questions)|10159535668573904|Ron Pohl|2022-02-02 23:36:36|1|4|10159535564438904|facebook
If they do, they support a group with people waving flags with swastikas.|10159536269028904|Cass van H|2022-02-02 23:36:27|0|4|10159535564438904|facebook
Can someone please explain how 2022 is being compared to the American Declaration of Independence?|10159535612618904|Mike Arsenaultorum|2022-02-02 23:36:27|0|3|10159535564438904|facebook
Message from a Canadian trucker for y'all: Anyone else tired of hearing how important truck drivers are and all these posts about thanking a truck driver? As a long distance truck driver, here's my perspective on this. Sure, the trucking industry is important to the supply chain and a lot of truck drivers are hard-working people that put in long hours, but let me be clear on this. A truck driver is NOT more important then the person working in the warehouse making sure product is ready to ship. Not more important then the person ordering the product that goes into the warehouse or store. Not more important than the person manufacturing or growing the products. Not more important than the dispatcher, the planner at the trucking industry coordinating the loads with the seller or buyer. Not more important than the person who keeps the computer systems in the supply chain going. Not more important than the mechanic in the shop making sure those truck and trailers are safe and ready to go up and down the road. Not more important than the person at the oil refinery making sure there's enough fuel with the right conditioners for winter or summer. Not more important than the highway construction employees and maintenance crews, the engineers the designers the planners, architects that keep our highway system functional. Not more important than the person who stocks the shelves in the grocery store or department store. Not more important than the waitress or cook at the restaurant. Not more important than cashier. not more important than the store owner. The truck driver is certainly not more important than the fireman, the policeman the nurse, the doctor the electrician the plumber, the carpenter, the janitor the cleaning staff, the teachers the daycare workers, the railway worker the ship operators and all the other people in all kinds of Industries and line of work that I can't think of right now, and yes even politicians. The truck driver is not more important or less important than any of these men and woman that keep the world going round and round. Everybody is important.|10159535660103904|Joanne Ryan|2022-02-02 23:36:27|0|3|10159535564438904|facebook
How is negative Mr. Trudeau doing?|10159535643123904|Lebioda Irena|2022-02-02 23:36:27|0|2|10159535564438904|facebook
I sure don’t. These people are like whiney kids who don’t wanna eat their vegetables and threaten to call child abuse if forced. Grow up.|10159535665273904|Zoe Robertson Sikora|2022-02-02 23:36:27|0|2|10159535564438904|facebook
backhanded opinion because all trades rely on supplies that are delivered by truck|10159535707108904|Connie Bruno|2022-02-02 23:36:32|1|2|10159535564438904|facebook
Doubt very much that you're a trucker. Gerald Butts, is that you?|10159535850723904|Cathy Kotzé|2022-02-02 23:36:32|1|2|10159535564438904|facebook
As a vaxed person I support this. Mandates only divide people and push them out of society and out of the work force. The focus should be on education and on having good resources to help people make the best decision for themselves.|10159535765078904|Helenka Manaskova|2022-02-02 23:36:27|0|2|10159535564438904|facebook
oooh such a manly man! But why are you wearing grandpa jeans? Tell your mom to stop shopping at Walmart. 😂|10159536156053904|Kay Em Jay|2022-02-02 23:36:30|1|2|10159535564438904|facebook
Steven Deslauriers and dance on the tomb on the Unknown Soldier?|10159535777798904|Craig Krause|2022-02-02 23:36:35|1|1|10159535564438904|facebook
"Thomas Gerald Moog work on your reading comprehension.. .she said ""message from a Canadian trucker"".. didn't know you RepubliCons were such sticklers for quotation marks...that's a new development. 😉"|10159536247663904|Kay Em Jay|2022-02-02 23:36:32|1|1|10159535564438904|facebook
omg but the natives blocking hiway and blm tearing down statues wasnt you people a sickening|10159536411418904|Rod Port|2022-02-02 23:36:35|1|1|10159535564438904|facebook
they’re a noisy minority who happen to come from every province.|10159535715223904|Becky Sharp|2022-02-02 23:36:36|1|1|10159535564438904|facebook
Yeah right. It's a diaspora from Alberta and everyone with half a brain knows it.|10159535680893904|Tyler Swagar|2022-02-02 23:36:36|1|1|10159535564438904|facebook
but what is important here is these truckers are Canadian and are standing up for Canadians !!!|10159536302833904|Russell Trapp|2022-02-02 23:36:32|1|1|10159535564438904|facebook
no they're standing up for Americans. The federal government's vax mandate only applies to non-Canadians entering Canada.|10159536350703904|Brian Hough|2022-02-02 23:36:32|1|1|10159535564438904|facebook
|10159536452983904|Bu Canero|2022-02-02 23:36:35|1|1|10159535564438904|facebook
Ahh, another delusional Canadian who believe that the 80 million Americans who voted Republican in the last election are deplorables. Have you looked at Joe Biden's poll numbers?|10159536417483904|Cathy Kotzé|2022-02-02 23:36:32|1|1|10159535564438904|facebook
Where's the waldo PM ??? Lol|10159536333193904|Michel Grenier|2022-02-02 23:36:33|1|1|10159535564438904|facebook
hard to say he is cowing under O'Regans skirt somewhere|10159536326448904|Brian Stewart|2022-02-02 23:36:33|1|1|10159535564438904|facebook
these are not the peaceful protesters. These are the Antifa and BLM people sent there on purpose. The same happened in Brussels. All sponsored by Soros and the NWO|10159535784313904|Valia Petrov|2022-02-02 23:36:35|1|1|10159535564438904|facebook
a flag on a statue is defacing? Grabbing at straws eh?|10159536007078904|Daniel Lavigne|2022-02-02 23:36:35|1|1|10159535564438904|facebook
still fluffing for the liberals you sheep|10159536327733904|Brian Stewart|2022-02-02 23:36:34|1|1|10159535564438904|facebook
because they're declaring themselves to be disloyal|10159536354503904|Brian Hough|2022-02-02 23:36:31|1|1|10159535564438904|facebook
best post yet. You nailed it.|10159536389433904|Vivian Moore|2022-02-02 23:36:29|1|1|10159535564438904|facebook
us libs dont support FASCISM #LOCKTHEMUP|10159536627188904|Bonnie Cull|2022-02-02 23:36:34|1|1|10159535564438904|facebook
I don’t support the nonsense.|10159535657908904|Steven Reid|2022-02-02 23:36:36|1|1|10159535564438904|facebook
It’s amazing that the support is from ACROSS Canada, not the West, or Quebec, or the Martimes ! But from Canada 🇨🇦. Politicians better pay attention!!!|10159535639693904|Brenda French|2022-02-02 23:36:27|0|1|10159535564438904|facebook
"definitely a liberal pus""""""y"|10159536459698904|Rod Port|2022-02-02 23:36:35|1|1|10159535564438904|facebook
, education has been shown not to work. I am retired from public health after 40 years.... this is a new phenomenon that I have not seen. Canadians have always worked as a collective body for the good of the country. In this instance, the coronavirus is going to keep coming back in more lethal forms and our health system will completely collapse unless we unite and show concern for our fellow citizens.|10159536101268904|Verna Vee Adolf|2022-02-02 23:36:34|1|1|10159535564438904|facebook
All mandates!!!|10159536411283904|Roberta Hall|2022-02-02 23:36:31|1|1|10159535564438904|facebook
"I wonder if they will also protest the 'strangling' of surgeon's rights because they are 'forced' to wear masks and gowns when doing surgery?.... Or dentists being 'forced' to wear gloves?..... Or drinking is legal and driving is legal but doing them together is not - makes no sense- down with government!! (Eyes roll)  I wish this convoy was for an actual good reason such as fighting for REAL human rights. Things like access to clean drinking water, not being murdered for beliefs, access to education no matter the gender or color, safe homes for all, clean air to breathe, health care for all.....oh wait ...I think they are protesting that last one? Only health care of it doesn't inconvenience them... Right? Sigh.  Canadians don't ""have"" to have the vaccine. No one is holding them down and injecting them. Canadians ""get"" to have vaccines. So many die for the chance at simple healthcare. We are showing the world that we are affluent, privileged, selfish brats with no concept of what human rights really are and how many in the world suffer without them. 😢"|10159535679143904|Pam Taylor|2022-02-02 23:36:27|0|1|10159535564438904|facebook
I've seen plenty of Confederate flags and anti-immigrant stuff|10159536335573904|Brian Hough|2022-02-02 23:36:30|1|1|10159535564438904|facebook
since when is 1776 relevant to anything Canadian?|10159535653548904|Steven Parks|2022-02-02 23:36:27|0|1|10159535564438904|facebook
stay home and close your blinds.|10159536150343904|Mark Vasko|2022-02-02 23:36:30|1|1|10159535564438904|facebook
Poor Kay is so triggered by truckers haha|10159536067308904|Pugsley DeCat|2022-02-02 23:36:30|1|1|10159535564438904|facebook
True! Over to you, Legault, Ford, Moe, Kenney and Horgan!|10159536266413904|Richard Evans|2022-02-02 23:36:37|1|1|10159535564438904|facebook
That's the province to dicide.|10159536264143904|Karen Arps|2022-02-02 23:36:37|1|1|10159535564438904|facebook
yet you scarf down cbc horseshit like it was skittles blackface|10159536314048904|Brian Stewart|2022-02-02 23:36:31|1|1|10159535564438904|facebook
most truckers are new Canadians and who do they vote for? This isn’t a left or right thing as both sides are represented. Stop with your bs.|10159536197113904|Rob Ambeau|2022-02-02 23:36:30|1|1|10159535564438904|facebook
nice try Rob. Very few actual truckers are participating.. .most truckers are vaxxed and working. More like a bunch of butthurt hillbillies driving pickups. Get a clue, bud.|10159536211523904|Kay Em Jay|2022-02-02 23:36:30|1|1|10159535564438904|facebook
I know doctors that won’t take it and they vote liberal. Your generalities makes you look like a fool.|10159536214643904|Rob Ambeau|2022-02-02 23:36:30|1|1|10159535564438904|facebook
Why not remove the mandates and let businesses decide? Those that wish to require vaccines and masks can post that personal decision at the door. That way the public is free to choose where they eat, shop, work out, etc.|10159536212898904|Richard Evans|2022-02-02 23:36:27|0|1|10159535564438904|facebook
Pugs, I hear you helped write the list of demands: MEAT R DEMANDS! OR WE WILL DRVE R TRUCKS OFF THE EDGE OF THE ERTH!!!!!|10159536125113904|Kay Em Jay|2022-02-02 23:36:30|1|1|10159535564438904|facebook
Keep shivering in fear of the evil truckers lol|10159536142573904|Pugsley DeCat|2022-02-02 23:36:30|1|1|10159535564438904|facebook
Wrong ! It is the left wingers that let their kids call the shots .|10159538032938904|Alice Hutnick|2022-02-02 23:36:39|1|1|10159535564438904|facebook
yes we know that those people wouldn't be able to work if it weren't for truckers|10159536358843904|Connie Bruno|2022-02-02 23:36:36|1|1|10159535564438904|facebook
Because they are both due to overgovernance by people who desire power over people's lives.|10159535900443904|Gregory Chaucery|2022-02-02 23:36:31|1|1|10159535564438904|facebook
And who is teaching those whiney kids to call child abuse. Progressive’s right!!|10159536205648904|Peter Morel|2022-02-02 23:36:39|1|1|10159535564438904|facebook
They've been watching so much cow dung on Fox news, they've forgotten they live in Canada and not the US.|10159535820713904|Kwaku Ametor|2022-02-02 23:36:31|1|1|10159535564438904|facebook
the protest to anyone with a functioning grey cell is about personal liberty, it is a peasants revolt. The legacy media loyal to trudeau are obsessed with demonizing these canadians and hoping to provoke violence. shameful what the press has become, The Enemy of the People|10159536262668904|Brian Stewart|2022-02-02 23:36:27|0|0|10159535564438904|facebook
. That was my point. The school system has been hyjacked by the left.|10159538094773904|Peter Morel|2022-02-02 23:36:39|1|0|10159535564438904|facebook
It would be crucial to any politicians career to support this. Freedom is what this country stood for. And it will once again.|10159535888533904|Keith Ray|2022-02-02 23:36:27|0|0|10159535564438904|facebook
"Must be a liberal pus"""" yy"|10159536458218904|Rod Port|2022-02-02 23:36:35|1|0|10159535564438904|facebook
ok karen.|10159536481818904|Bu Canero|2022-02-02 23:36:35|1|0|10159535564438904|facebook
The loony left may call putting a CANADIAN flag on a monument defacing but most reasonable people would not. The ironic part is most of those upset with putting a Canadian flag on a statue are quite fine with tearing down statues if they do not like what they think it represents. I will side with those fighting for our freedoms and still proud enough of the nation to display our flag over those supporting the removal of our freedoms, burning our flag and tearing down our historic monuments|10159537172998904|Zane Grey|2022-02-02 23:36:35|1|0|10159535564438904|facebook
you are kidding right? Or are you delusional?|10159537112448904|Chuck Cooper|2022-02-02 23:36:35|1|0|10159535564438904|facebook
do funny|10159536314568904|Russell Trapp|2022-02-02 23:36:39|1|0|10159535564438904|facebook
All the politicians (from all parties) and those in public office who supported the mandates need to be removed and never allowed back. The charter of rights and freedoms needs to be enforced with criminal penalties to leaders who violate it in the future.|10159539692003904|Robin Hardement|2022-02-02 23:36:27|0|0|10159535564438904|facebook
They don't have a choice|10159536518693904|Amina Ramona Khan|2022-02-02 23:36:27|0|0|10159535564438904|facebook
were not talking about trudeau here the spoiled little pos. We are talking about real hero's the Freedom Convoy for canadians freedoms go truckers|10159536095508904|John Norbert|2022-02-02 23:36:39|1|0|10159535564438904|facebook
Becky you're not too sharp|10159536319708904|Brian Stewart|2022-02-02 23:36:36|1|0|10159535564438904|facebook
again I am not united with these people or their views. I am not sure I see the unity you do. I see people who refuse to do a very simple thing that may help their community and country.|10159535662313904|Steven Reid|2022-02-02 23:36:36|1|0|10159535564438904|facebook
what a novel idea that adults could actually make good decisions for themselves😎|10159537069188904|Marion Sandquist|2022-02-02 23:36:37|1|0|10159535564438904|facebook
now we know why these people are truckers, instead of doctors, lawyers, teachers, technicians, tradesmen.....|10159535661553904|Ron Pohl|2022-02-02 23:36:36|1|0|10159535564438904|facebook
Rick Timmerman no, I dont|10159535665303904|Ron Pohl|2022-02-02 23:36:36|1|0|10159535564438904|facebook
Rick Timmerman I didn't ask a question. You did|10159535666978904|Ron Pohl|2022-02-02 23:36:36|1|0|10159535564438904|facebook
If you are part of a protest, or even support a protest from afar, and some of your fellow supporters use symbols of hate, support acts of violence and commit acts of vandalism, regardless of your political beliefs, you will be classified as one of them if you do not step up and condone these actions publicly.  Your 'I support freedom of speech' is a cop out.  I have yet to see any public condemnation other than that of those who didn't support this protest from the beginning based on the now widely known facts that the organizers are Alt Right and promote Western secession.|10159536613103904|Arthur Ratelio|2022-02-02 23:36:27|0|0|10159535564438904|facebook
The 2022 is 1776 person doesn't even know history or geography. pfft.|10159536802928904|Heather Lynne|2022-02-02 23:36:27|0|0|10159535564438904|facebook
Maybe it is time to go back to freight trains instead of semis the way it was done many yeas ago.|10159538023058904|Alice Hutnick|2022-02-02 23:36:36|1|0|10159535564438904|facebook
actually it is the entire world|10159535711583904|Connie Bruno|2022-02-02 23:36:36|1|0|10159535564438904|facebook
Priyanka Singh Really?? They show the world the uneducated dolts are trying to take charge.|10159536518688904|Ron Pohl|2022-02-02 23:36:36|1|0|10159535564438904|facebook
They are the BACKBONE AND WORLDWIDE HEROES of our society and STAND FOR ALL OF US ..they didnt roll over and wait for the tenth BOOSTER ..I APPLAUD AND ADMIRE THEM...UNLIKE Trudeau who is in HIDING and a WEAK LEADER AND THE LAUGHING STOCK OF THE WORLD PROMOTING VACCINES WHICH DO NOT WORK!!|10159536375543904|Priyanka Canada|2022-02-02 23:36:36|1|0|10159535564438904|facebook
well thats a stupid statement from a stupid person you should check back grounds of drivers|10159535718383904|Tom Gillis|2022-02-02 23:36:36|1|0|10159535564438904|facebook
It is worldwide and MOST countries are following and in FULL SUPPORT saying thank you CANADA..I AM SO PROUD !!!|10159536279498904|Priyanka Canada|2022-02-02 23:36:36|1|0|10159535564438904|facebook
they were being directed to by the organizers|10159536336743904|Brian Hough|2022-02-02 23:36:35|1|0|10159535564438904|facebook
wow just wow. now we see the true face of the hateful divisive left|10159536317508904|Brian Stewart|2022-02-02 23:36:36|1|0|10159535564438904|facebook
Katey has your cookie sit up and beg|10159536318678904|Brian Stewart|2022-02-02 23:36:36|1|0|10159535564438904|facebook
did you say the same thing when BLM and antifa were throwing red paint on statues, spray painting them, cutting off the heads or tearing them down? I know you probably applauded it because you are a woke moron|10159536394493904|Jason Brinks|2022-02-02 23:36:35|1|0|10159535564438904|facebook
right wingers in action #NEVERCON|10159536625743904|Bonnie Cull|2022-02-02 23:36:34|1|0|10159535564438904|facebook
start breathing into a paper bag you're losing it|10159536311763904|Brian Stewart|2022-02-02 23:36:35|1|0|10159535564438904|facebook
You’re definitely afraid lol you’re on every post whining about it. So wound up by these protests lol|10159536161728904|Pugsley DeCat|2022-02-02 23:36:30|1|0|10159535564438904|facebook
which overgovernance are you talking about Vaxx passes? lockdowns? mask mandates?|10159536354218904|Brian Hough|2022-02-02 23:36:31|1|0|10159535564438904|facebook
you guys love your owner commander justin|10159535823258904|Lance King|2022-02-02 23:36:31|1|0|10159535564438904|facebook
guess they are declaring their independence from Canada? That or they have no clue about Canadian history...|10159535756063904|Steven Parks|2022-02-02 23:36:31|1|0|10159535564438904|facebook
were you there ?|10159540703708904|Ang Mc|2022-02-02 23:36:30|1|0|10159535564438904|facebook
They are also waving Confederate and Neo Nazi flags, parked cars on the Monument of the Unknown Soldier, harrassing hotel, restaurant and service workers about wearing masks, demanded food from a charity food kitchen and so many other incidents.|10159536560078904|Ashley Faller|2022-02-02 23:36:30|1|0|10159535564438904|facebook
You’re right! We drove a fair distance in the convoy and everyone was peaceful and respectful. Don’t listen to the media.|10159536417283904|Roberta Hall|2022-02-02 23:36:30|1|0|10159535564438904|facebook
He's always been good at a clever soundbite. I'll give him that.|10159536318108904|Richard Evans|2022-02-02 23:36:30|1|0|10159535564438904|facebook
"lol...sure you do Rob. ""Doctor"" of Chiropractic maybe..they are well known quack anti-vaxxers. Get a clue"|10159536229793904|Kay Em Jay|2022-02-02 23:36:30|1|0|10159535564438904|facebook
Great points. I get your message.|10159536162658904|Mark Vasko|2022-02-02 23:36:30|1|0|10159535564438904|facebook
a bunch of rightwing rednecks?...LMA O much needed comic relief.|10159536150908904|Kay Em Jay|2022-02-02 23:36:30|1|0|10159535564438904|facebook
Fighting for FREEDOM and people losing jobs and not being able to FEED THEIR FAMILIES IS SICKENING ?This is supported WORLDWIDE ..ARE THEY SICKENING TOO?NO you are SICKENING.|10159536274633904|Priyanka Canada|2022-02-02 23:36:35|1|0|10159535564438904|facebook
nah, just waving swastikas and Confederate flags. Derp|10159536031738904|Kay Em Jay|2022-02-02 23:36:30|1|0|10159535564438904|facebook
"The focus of the protest was lost early when someone, actually many people, pointed out that even if the federal government changed the rules for truckers crossing the border the US rules would still be in place. When it was realized that Canadian action would not have one iota of effect on supply chains or truckers employment and the truckers therefore just appeared stupid and or uninformed, protesters and their fellow travelers quickly changed their tune and made it about, well anything actually. The article does a pretty good job of outlining what some of the other concerns which came to the fore were. However, one important issue was not mentioned, namely, the patterns on Justin Trudeau's socks. Other issues not mentioned in the article but which featured prominently in comment sections about the protest and the covid-19 measures is that ""it is communism"" while for others ""it's just like Nazi Germany"". The biggest alternative or substituted ""cause"" cited as the ""real"" point of the protest once the futility of a protest centered on truckers became clear was the all-purpose and unarguable ""it's about everything"" which perhaps best summarized the inchoate and unfocused anger of an inarticulate and enraged minority."|10159536378828904|Michael Morris|2022-02-02 23:36:27|0|0|10159535564438904|facebook
thank god it brought my Loyalist ancestors here!|10159536407688904|Janice Booth|2022-02-02 23:36:29|1|0|10159535564438904|facebook
hear hear ... Hugs hugs hugs ...right|10159541627988904|Joanne Johnson-Meyers|2022-02-02 23:36:29|1|0|10159535564438904|facebook
you are welcome to start your own protest or your just good at putting down others|10159537832373904|Paul Sammut|2022-02-02 23:36:29|1|0|10159535564438904|facebook
"""Canadians don't ""have"" to have the vaccine. No one is holding them down and injecting them.""  Making vaccination mandatory across all federally regulated workplaces was a clear violation of civil liberties, forcing people to get the jab or risk getting fired. The same applies to private-sector employees at banks, railway companies, airline companies, etc. In such instances, our fellow citizens were forced to get vaccinated under the threat of loss of employment. Very soon, we'll find out how many Canadians got the jab out of fear of COVID and how many got the jab out of fear of loss of employment."|10159537434043904|Andrei Arkhanguelski|2022-02-02 23:36:29|1|0|10159535564438904|facebook
I know you guys won’t believe this but the truckers have also started a go fund me for clean drinking water so it is on the agenda! https:// vm.tiktok.com/ ZMLNFrt4v/|10159537243808904|Nick Disiewich|2022-02-02 23:36:29|1|0|10159535564438904|facebook
well said!|10159537104708904|Chuck Cooper|2022-02-02 23:36:29|1|0|10159535564438904|facebook
they have a go fund me account for clean drinking water, also the original go fund me once used to cover costs, the remaining money goes to the Veterans that Trudeau says are asking for more then we can give. Where’s the billions of dollars promised by the same government for clean drinking water? Who pocketed that money?|10159536554548904|Carol Gammel|2022-02-02 23:36:29|1|0|10159535564438904|facebook
seriously!|10159537109848904|Chuck Cooper|2022-02-02 23:36:31|1|0|10159535564438904|facebook
almost all mandates are provincial - shouldn’t this be in Toronto and the other provincial capitals ?|10159538038623904|Eric Stumpy Urban|2022-02-02 23:36:31|1|0|10159535564438904|facebook
Hahaha nailed it basically in one sentence.|10159535766038904|Kenny Mogg|2022-02-02 23:36:32|1|0|10159535564438904|facebook
She didn't say SHE was a trucker. Derp|10159536051173904|Kay Em Jay|2022-02-02 23:36:32|1|0|10159535564438904|facebook
Hang in their Doris.|10159536226968904|William OW Perry|2022-02-02 23:36:35|1|0|10159535564438904|facebook
an upside down flag? Yes|10159536203573904|Richard Evans|2022-02-02 23:36:35|1|0|10159535564438904|facebook
the paid liberal protesters are following behind to cause as much damage and try to blame the truckers, get ur facts straight liberals will do anything to try and blame the Freedom Convoy of truckers for canadians|10159536090628904|John Norbert|2022-02-02 23:36:35|1|0|10159535564438904|facebook
It is not about hate, but of hope  https:// www.tiktok.com/ @ddlynchauthor/ video/ 7058754171964574 981|10159535821453904|Barb Raw|2022-02-02 23:36:35|1|0|10159535564438904|facebook
Thank you 🙏|10159537408253904|Iris Heckhausen|2022-02-02 23:36:34|1|0|10159535564438904|facebook
jawol comrade re education camps for non compliance. we don't want to live in that kind of society|10159536322623904|Brian Stewart|2022-02-02 23:36:34|1|0|10159535564438904|facebook
The real heros are the truckers who continue to deliver goods to maintain our supply chain integrity. And toilet paper 🧻.|10159535608443904|Stephen Duke|2022-02-02 23:36:27|0|0|10159535564438904|facebook
Other countries are dropping the mandates. It’s not that hard.|10159536986673904|Barbara Bout|2022-02-02 23:36:27|0|0|10159535564438904|facebook
Another Opinion journalist demanding the lockdowns and restrictions never end cause everything is too risky and scary|10159536497123904|Jody Squires|2022-02-02 23:36:27|0|0|10159535564438904|facebook
you still believe in the left/right paradigm? That’s so cute|10159537256388904|Nick Disiewich|2022-02-02 23:36:34|1|0|10159535564438904|facebook
can you post one picture that isnt shopped or from another protest. Just one. I wont wait|10159536396153904|Jason Brinks|2022-02-02 23:36:34|1|0|10159535564438904|facebook
probably paid by sock boy|10159536308418904|Russell Trapp|2022-02-02 23:36:34|1|0|10159535564438904|facebook
fine. what do you expect him to be doing right now? He can't decide provincial policies. He has no power over vaxx passes, lockdowns or mask mandates.|10159536346983904|Brian Hough|2022-02-02 23:36:33|1|0|10159535564438904|facebook
I'm sure Sophie wants to know as well|10159536335978904|Brian Stewart|2022-02-02 23:36:33|1|0|10159535564438904|facebook
⬅️ Trumpanzee|10159536421643904|Kay Em Jay|2022-02-02 23:36:32|1|0|10159535564438904|facebook
Wrong.|10159536412728904|Cathy Kotzé|2022-02-02 23:36:32|1|0|10159535564438904|facebook
"SHE HAS MISSED THE POINT TOTALLY.Of course everyone is important but they(THE TRUCKERS) are THE FIRST TO STAND UP TO CORRUPTED POLITICIANS AND FORCED MANDATES .The world is UNITED WITH TRUCKERS..seems the ""fringe minority ""blind sheep of the MINORITY LEADER Trudeau are worried.I patiently await your tenth booster for you and your kids and maybe then you will know how much he loves you and your family."|10159536286508904|Priyanka Canada|2022-02-02 23:36:32|1|0|10159535564438904|facebook
"SHE HAS MISSED THE POINT TOTALLY.Of course everyone is important but they(THE TRUCKERS) are THE FIRST TO STAND UP TO CORRUPTED POLITICIANS AND FORCED MANDATES .The world is UNITED WITH TRUCKERS..seems the ""fringe minority ""blind sheep of the MINORITY LEADER Trudeau are worried.I patiently await your tenth booster for you and your kids and maybe then you will know how much he loves you and your family."|10159536286108904|Priyanka Canada|2022-02-02 23:36:32|1|0|10159535564438904|facebook
"YOU ARE MISSING THE POINT TOTALLY.Of course everyone is important but they(THE TRUCKERS) are THE FIRST TO STAND UP TO CORRUPTED POLITICIANS AND FORCED MANDATES .The world is UNITED WITH TRUCKERS..seems the ""fringe minority ""blind sheep of the MINORITY LEADER Trudeau are worried.I patiently await your tenth booster for you and your kids and maybe then you will know how much he loves you and your family."|10159536285573904|Priyanka Canada|2022-02-02 23:36:32|1|0|10159535564438904|facebook
BS HEADLINE|10159538060548904|Stelios Agaliotis|2022-02-02 23:36:27|0|0|10159535564438904|facebook
