﻿comment|comment_ids|username|datetime|isreply|num_replies|post_id|label
Vaccinations aren’t our only way out of the pandemic. Maybe the G&M could change the messaging by explaining who is in the hospital. Immune compromised, seniors, obese? Educate people to take care of themselves and early intervention to combat symptoms can avoid hospitalization . There are more tools in the tool box than vaccination and the vaccine has shown it requires ongoing boosters.|10159548016878904|Patricia Cross|2022-02-03 01:31:38|0|7|10159547921858904|facebook
Get lost !!! Most people are vaccinated and still can catch virus 🦠!!! Who wrote this garbage are brainwashed liberal ! I have advice for you get 1000 boosters maybe your brain 🧠 be free !!!|10159548041653904|Ruslan Yakoviychuk|2022-02-03 01:31:38|0|6|10159547921858904|facebook
"How many times do we have to say, "" you can't vaccinate your way out of the pandemic"". All the experts have concluded this months ago, get stuffed. The beatings will continue until moral improves, how abusive our establishment (media, government) has become. You should be representing the people, not big Pharma."|10159548010093904|Robert Hume|2022-02-03 01:31:38|0|5|10159547921858904|facebook
Are you hospitalized on a respirator? I hope not! Thank your vaccines for that.|10159548465588904|Richard Evans|2022-02-03 01:31:50|1|5|10159547921858904|facebook
|10159548508828904|Benjamin Smith|2022-02-03 01:31:57|1|5|10159547921858904|facebook
Does that really make sense anymore? How many highly vaccinated countries are having surges right now? If mean if they stopped transmission, sure. But I don’t think we can really say “the way out of this is vaccination” anymore, can we?|10159548636838904|Emma Stark|2022-02-03 01:31:38|0|4|10159547921858904|facebook
Agreed,,,,,,lik e small pox, TB, measles,,,,poli o,,,,,,any more reasons to tout and shout the valid facts on vaccines ? tune out the BS and lies on vaxs for humanity's sake,,,,,,,|10159548129243904|Steve Saetre|2022-02-03 01:31:39|0|4|10159547921858904|facebook
and when you got vaccinated for hepatitis, diphtheria, pertussis and tetanus was there a chance that you could still get either of these or transmit them? Did you need a vaccine passport to go about your daily life?|10159547998648904|Keith Mc Grath|2022-02-03 01:32:09|1|4|10159547921858904|facebook
IK,R? Sigh.|10159548013113904|Joanne Ryan|2022-02-03 01:32:04|1|4|10159547921858904|facebook
Unfortunately, unvaccinated people are more likely to become infected, pass on the virus, become really sick and end up in hospital. Vaccine passports protect people (such as those in aged care) as well as encourage people to get vaccinated.|10159548077043904|Marisa Occhiagill|2022-02-03 01:32:09|1|4|10159547921858904|facebook
This happened immediately after the shot. Plus he never had the chicken pox.|10159548390713904|Jacqueline Quinlan|2022-02-03 01:31:59|1|4|10159547921858904|facebook
thinking harming children is funny is one of the reasons there were so many moms on the overpasses in gratitude|10159548283943904|Sean Eyre|2022-02-03 01:31:56|1|3|10159547921858904|facebook
Just a friendly reminder that despite what these comments suggest, here in Ontario 80% of us are vaccinated - including those too young to have it. If you include only those who are eligible and have been for some time now (ages 12+), 92% have had at least one shot.  These lockdowns are because of a fringe minority who spend too much time embarassing themselves on Facebook. Quebec had the right idea to tax them, as trying to accomodate their arrogance is causing the rest of us undue hardship.|10159548192603904|Benjamin Smith|2022-02-03 01:31:39|0|3|10159547921858904|facebook
Just a reminder, “ two weeks to flatten the curve “ , “ restrictions will be lifted by Canada day “ ( 2020) , “ 75% vaccination rate will give us herd immunity “, “two doses is all you need” ….. I’m still pro vaccination, but the goal posts keep moving , is it any wonder people are becoming sceptical|10159548209243904|Jim Kavanagh|2022-02-03 01:31:57|1|3|10159547921858904|facebook
absolutely! That’s why vaccines are created to prime our immune systems to get a head start on fighting off infections and preventing serious illness! 🙄  A race car pushed farther up the track before the race starts gives a much better chance of winning the race!  The fact you don’t understand that vaccines are designed to push our immune systems closer to the finish line before we need to use them, is not an argument against vaccination, it’s a display of your ignorance!  Yay for vaccine-ignoran ce! 🙄|10159552165803904|Cory Karp|2022-02-10 01:31:53|1|3|10159547921858904|facebook
I am a senior and I have members of my family that are immune compromised. I am one myself, but I encourage all people to take care of their own health. We are going to have to live with Covid so the messaging needs to be changed so we know what we can do. Vaccines aren’t the only tool and if we count on that entirely it might be to our detriment. I love my family so I encourage them to take care of themselves. The ones that are too weak I am careful around them so they don’t get worse. Everyone should do this. We know now that the vaccinated can get and spread Covid. They need to be careful in their actions so they don’t infect someone else with Covid. We can’t stay in lock down forever and governments need to be careful that they protect all citizens constitutional rights.|10159549904493904|Patricia Cross|2022-02-10 01:31:54|1|3|10159547921858904|facebook
Most of us were listening to scientists and reminding the anti-vaxxers, the oppositionally defiant, the conspiracy theorists, the science deniers, etc. that COVID, being a corona virus (a respiratory virus with a particularly high mutation rate) was going to become endemic, and that the quickest way back to normal was to follow scientific health advice…not make it political. It’s about recognizing and respecting expertise, having the humility to listen to it, and the empathy to sacrifice. Expecting that very least of our fellow citizens isn’t a moral high ground. It’s just responsible citizenship.|10159548110708904|Ellie Mcintosh-Barber|2022-02-03 01:31:54|1|3|10159547921858904|facebook
funny thing is, the vaccine doesn’t stop me from causing the spread. Each and every one of us could be vaccinated and still catch it and spread it. And it doesn’t stop the fill up of hospitals either. They’ve always been full even before the pandemic. At some point we’re just going to have to say it is what it is, unless something that actually works is discovered.|10159548932133904|Candace Hillier|2022-02-03 01:31:50|1|2|10159547921858904|facebook
all for freedom of choice. So you don't like choices having consequences?? Not very responsible of you...|10159557151673904|Ken Maynard|2022-02-10 01:32:03|1|2|10159547921858904|facebook
we're only actually going to be living with Covid like TB by the way. Because the cult you worship planned on Pandemics instead of averting them. It is not the same otherwise at all.|10159548240803904|Paul Champagne|2022-02-03 01:32:00|1|2|10159547921858904|facebook
How do I flag this for spreading misinformation?|10159548360853904|Samantha Magee|2022-02-03 01:31:38|0|2|10159547921858904|facebook
Hmmmm, how about treatments?|10159548218623904|Sohair Said|2022-02-03 01:31:38|0|2|10159547921858904|facebook
Lies lies and more lies. Complying with tyranny doesn't make it stop. Saying No is how this ends.|10159548292698904|Wade Dawe|2022-02-03 01:31:39|0|2|10159547921858904|facebook
If they all got vaccinated our hospitals could empty their ICU beds and they could start caring for cancer patients, we could get our knee and hip joints replaced and our health care workers could get a break.|10159548641763904|Howard Raper|2022-02-03 01:31:39|0|2|10159547921858904|facebook
ok doctor|10159548185198904|Denis Smith|2022-02-03 01:31:56|1|2|10159547921858904|facebook
Is the globe and mail communist propaganda kind.|10159548668893904|Aryanna Brooks|2022-02-03 01:31:48|1|2|10159547921858904|facebook
if it made no sense then you have not been paying attention.|10159549067248904|Dee Bee|2022-02-03 01:31:55|1|2|10159547921858904|facebook
seems like it is ya|10159548844813904|Christopher James McCrudden|2022-02-03 01:31:48|1|2|10159547921858904|facebook
Mike J. Rowbear Where is your Science degree from again Mikey?|10159547976088904|Joanne Ryan|2022-02-03 01:32:04|1|2|10159547921858904|facebook
being self employed, l didn't have to get vaccinated. But l chose to 1. protect myself and 2. protect vulnerable people like elderly relatives, those with health conditions etc. And, as always, vaccination is a must if you want to travel overseas.|10159548030653904|Marisa Occhiagill|2022-02-03 01:32:09|1|2|10159547921858904|facebook
Mike J. Rowbear *your|10159547991163904|Libby Blackwell Strahan|2022-02-03 01:32:04|1|2|10159547921858904|facebook
You realise a few of your childhood vaccines were more than than 3 doses: hepatitis B: 4 doses, diphtheria, pertussis and tetanus: 6 doses?|10159547993723904|Marisa Occhiagill|2022-02-03 01:32:08|1|2|10159547921858904|facebook
oh, and Buuuuh BYE, screen capped the convo for prosperity, so you can hide behind your block so you can talk about how bad I am without me seeing 😂|10159552183358904|Cory Karp|2022-02-10 01:31:53|1|2|10159547921858904|facebook
and yes, l needed to have a vaccine passport showing l was vaccinated against hepatitis etc to enter Canada. Heck, l even had to get a chest X-ray done to rule out TB.|10159548021558904|Marisa Occhiagill|2022-02-03 01:32:09|1|2|10159547921858904|facebook
ya you can read it on Facebook all the experts know it all there so glad with all you experts guess we don't need to actually learn anything anymore|10159548568598904|Pat Arenburg|2022-02-03 01:32:04|1|2|10159547921858904|facebook
you are too far gone, good luck with that. Move on.|10159548474278904|Krysta Cronin|2022-02-03 01:31:44|1|2|10159547921858904|facebook
What does vaccinated mean...when the goal post keeps getting moved. We are quickly approaching 4.|10159547949273904|Frank Russ|2022-02-03 01:31:40|0|2|10159547921858904|facebook
those vaccines were not experimental.|10159548053878904|Ciara Klassen|2022-02-03 01:32:09|1|2|10159547921858904|facebook
I’m double vaxxed and caught Covid anyways. Am I obliged to get a third one now lol? Maybe a fourth?|10159548078388904|Problematic Voice|2022-02-03 01:31:41|0|2|10159547921858904|facebook
https:// fb.watch/ a_kgbTdTxW/|10159548235783904|Sean Eyre|2022-02-01 13:22:00|1|1|10159547921858904|facebook
"The message that I have been bombarded with from Public Health is that vaccinations are only one element in the ""tool box"" against Covid. We also need to mask, social distance and stay home when we're sick. What are you listening to if you haven't heard that message? Sasha."|10159549582428904|Gerry Sasha|2022-02-03 01:31:55|1|1|10159547921858904|facebook
The great experiment needs to live with the control group The shots are Not completely safe nor effective Mandates and restrictions need to end It’s high time for second opinions Honk!|10159548140523904|Sean Eyre|2022-02-03 01:31:39|0|1|10159547921858904|facebook
actually, the science says the opposite, the problem is vaccine-ignoran ce leading to fools allowing their bodies to become incubators for deep seated infections which allow virus mutations and the creation of new variants.|10159550311078904|Cory Karp|2022-02-10 01:31:53|1|1|10159547921858904|facebook
if you are scared of myocarditis get vaccinated, as covid causes a lot more cases than vaccines  https:// www.nature.com/ articles/ s41591-021-01630 -0|10159548247898904|Denis Smith|2022-02-03 01:31:56|1|1|10159547921858904|facebook
that data has changed Catch up !|10159548260683904|Sean Eyre|2022-02-03 01:31:56|1|1|10159547921858904|facebook
, you’re hiding under a rock. There’s too many and if you haven’t seen them start to lift the bias reporting…here’ s a tiny sampling with links to studies  https:// childrenshealthd efense.org/ defender/ differences-natu ral-vaccine-ind uced-immunity/  Everyone I know who has been vaxed gave Covid or is sick of something… I’m healthy. Stop being mad and afraid of living. Science will not fix nature there’s too many variables. Be healthy and be free. They’re too many people dying of clots, heart disease, etc. etc. These are not from a virus it’s from the vax|10159554075563904|Gary Frank|2022-02-10 01:31:55|1|1|10159547921858904|facebook
"Now, to what ""science"" are you referring when you state that it says that the ""toolbox"" is ineffective? Sasha."|10159550754073904|Gerry Sasha|2022-02-10 01:31:55|1|1|10159547921858904|facebook
the one of those that is remotely effective is the third. The so-called toolbox is otherwise generally ineffective (according to the science) and ignores other effective tools as well.|10159549929013904|Dee Bee|2022-02-10 01:31:55|1|1|10159547921858904|facebook
“without investigation” and yet I send you a high quality peer reviewed research study🤦🏽‍♂️🤦🏽‍♂️🤦🏽‍♂️  Can you do the same?|10159548263683904|Denis Smith|2022-02-03 01:31:56|1|1|10159547921858904|facebook
nothing works better than our own healthy immune systems.|10159552124453904|Kate Jessop-Harcourt|2022-02-10 01:31:53|1|1|10159547921858904|facebook
That made no sense, try again.|10159548999593904|Dave Lockie|2022-02-03 01:31:55|1|1|10159547921858904|facebook
and your hate-speech isn’t a good look on anyone...you do seem to wear it proudly, though.|10159552173973904|Kate Jessop-Harcourt|2022-02-10 01:31:53|1|1|10159547921858904|facebook
What is your time frame? We are more than a year out from the first vaccinations, 10 months since it was readily available to all adults. Current data shows hospitalization s follow about 3 weeks after folks start getting sick. When do we see the vaccine related hospitalization s?|10159548364028904|Mel Odee|2022-02-03 01:31:54|1|1|10159547921858904|facebook
how do you educate people that refuse to listen|10159548119703904|Pat Arenburg|2022-02-03 01:31:54|1|1|10159547921858904|facebook
In Alberta there are currently more unvaccinated 12-29 year olds in ICU care than those with 3 shots. And the vast majority of those are over the age of 50.|10159548183518904|Mel Odee|2022-02-03 01:31:54|1|1|10159547921858904|facebook
Do you have the data to prove that 12-29 yrs are unvaccinated in ICU? Most I heard is vaxxed are mostly ended up in ICU due to serious adverse reactions.|10159548302608904|James Arsenault|2022-02-03 01:31:54|1|1|10159547921858904|facebook
78% we’re overweight or obese https:// www.cnbc.com/ 2021/03/08/ covid-cdc-study- finds-roughly-7 8percent-of-peo ple-hospitalize d-were-overweig ht-or-obese.htm l?back=https%3A %2F%2Fwww.googl e.com%2Fsearch% 3Fclient%3Dsafa ri%26as_qdr%3Da ll%26as_occt%3D any%26safe%3Dac tive%26as_q%3D8 0%25+of+ICU+Cov id+were+morbidl y+obese%26chann el%3Daplab%26so urce%3Da-app1%2 6hl%3Den|10159548305838904|Darren Murtha|2022-02-03 01:31:54|1|1|10159547921858904|facebook
because not 75% of hospitalization s are fully vaccinated 😂|10159548425178904|Gabrielle Hou|2022-02-03 01:31:44|1|1|10159547921858904|facebook
I must warn you that many more vaxxed will ended up in hospital in coming months because they took risky experimental vaccines.|10159548343613904|James Arsenault|2022-02-03 01:31:54|1|1|10159547921858904|facebook
RIP.|10159548995623904|Dave Lockie|2022-02-03 01:31:54|1|1|10159547921858904|facebook
“Hate speech..”  Bwahahaha…….hah aha…..hahaha…..  Bwahahaha!  Thank you, that was awesome!  😂😂😂😂😂😂😂😂😂😂😂😂😂😂😂😂😂😂😂😂😂😂😂😂😂😂🙄😂😂😂|10159552175433904|Cory Karp|2022-02-10 01:31:53|1|1|10159547921858904|facebook
I'm sorry, are you suggesting that the immunocompromis ed and seniors could be doing something to avoid being in those conditions and thereby avoid being at high risk for bad outcomes from Covid? Maybe die young, perhaps? Sasha.|10159549578488904|Gerry Sasha|2022-02-03 01:31:54|1|1|10159547921858904|facebook
I think people are so fixated on the vaccine that they don’t read comments fully. I didn’t say that I was opposed to the vaccine. What I said was we need to change the narrative. We have a high rate of vaccinated and we need to work towards living with Covid. After two years there are things we can do personally and there are ways to keep people out of ICU so let’s talk about those things.|10159549879258904|Patricia Cross|2022-02-10 01:31:54|1|1|10159547921858904|facebook
what kind of intervention can we make so people stop being seniors?|10159548056218904|Gabrielle Hou|2022-02-03 01:31:54|1|1|10159547921858904|facebook
are you quite finished?|10159552198178904|Kate Jessop-Harcourt|2022-02-10 01:31:53|1|1|10159547921858904|facebook
The headline betrays the ignorance, wilful or otherwise, of what is occurring in other nations that have similar or higher vaccination rates. Despite what our talking heads pronounce, the vaccine is not, and never was, the way out of this. It’s time people start realizing this.|10159548750658904|Dee Bee|2022-02-03 01:31:38|0|1|10159547921858904|facebook
bye bye now!!|10159552176563904|Kate Jessop-Harcourt|2022-02-10 01:31:53|1|1|10159547921858904|facebook
https:// www.alberta.ca/ stats/ covid-19-alberta -statistics.htm #vaccine-outcom es|10159548320908904|Mel Odee|2022-02-03 01:31:54|1|1|10159547921858904|facebook
"I'm sorry?... ""Vaccination passports and mandates have been critical in the fight against COVID-19""? Then why the latest lockdowns? Why are 75% of hospitalization s fully vaccinated? Lockdowns have now been proven more harmful than any good. Passports are meaningless as it's common knowledge the vaccine does not stop spread. As I continually hear ""noone ever said the vaccine would stop spread"" although they sure did. How quickly we forget ""protect your community"" ""stop the spread"" how could a passport even be implemented if it was never touted at stopping transmission? Do yourself a favour, read articles, ads, government pages from april-june 2021. Unless a vaccine actually works to stop spread, herd immunity is unattainable."|10159548406798904|Krysta Cronin|2022-02-03 01:31:38|0|1|10159547921858904|facebook
because you made that up and you are trying to change the subject because you are not a child 🤡  Arrogant ignorance he said 🤣🤣|10159548268868904|Denis Smith|2022-02-03 01:31:56|1|1|10159547921858904|facebook
little point debating you Good luck with your boosters|10159548271573904|Sean Eyre|2022-02-03 01:31:56|1|1|10159547921858904|facebook
no it actually isn't|10159549003588904|Cathy Bowslaugh|2022-02-03 01:32:03|1|1|10159547921858904|facebook
oh yes, of course, you're right. You make such a compelling argument. Thanks for clearly that up!! 🤣🐑🤣|10159549005008904|Ken Maynard|2022-02-03 01:32:03|1|1|10159547921858904|facebook
so you're in favor of the gov telling you what to inject into your body? You don't like freedom of choice. What would you do if this was a drug like heroin & the government said you had to take it for you to not have to show your passport, would you take it?|10159549386013904|Doug Mine|2022-02-03 01:32:03|1|1|10159547921858904|facebook
are you retarded??|10159550095483904|Ken Maynard|2022-02-10 01:32:03|1|1|10159547921858904|facebook
no but it sounds like you may be. so you don't like freedom of choice?|10159557100023904|Doug Mine|2022-02-10 01:32:03|1|1|10159547921858904|facebook
make sure & get your Pfizer loyalty card so on your 10th jab you can get your free pizza...|10159557294378904|Doug Mine|2022-02-10 01:32:03|1|1|10159547921858904|facebook
where your English degree? Out here just throwing language around like you’re a professional or something.  You don’t need a degree to know something 🤦‍♂️|10159548012818904|Jake Fudge|2022-02-03 01:32:04|1|1|10159547921858904|facebook
https:// youtu.be/ mJ099SC5LJ4|10159548358898904|Patrick Collins|2022-02-03 01:32:04|1|1|10159547921858904|facebook
Great article falling on uneducated, oops, I mean deaf, ears.|10159547962368904|Joanne Ryan|2022-02-03 01:31:39|0|1|10159547921858904|facebook
Mike J. Rowbear I educated Mikey. Youze?|10159547982538904|Joanne Ryan|2022-02-03 01:32:06|1|1|10159547921858904|facebook
I would not count a liberal education as being educated. Nice Try.|10159547987008904|Randy Gaunt|2022-02-03 01:32:06|1|1|10159547921858904|facebook
Michael Richards Morning Mikey. Just a hint but your post pegs you at about 5 years old. LOL|10159548011578904|Joanne Ryan|2022-02-03 01:32:06|1|1|10159547921858904|facebook
Canada has quite a high vaccination rate, doesn't it? Countries with similar vaccination rates are moving to lift all restrictions. We don't need everyone to get vaccinated. The unvaccinated will get Covid and most of them will be ok. Then they'll have immunity. We can't wait for everyone to get vaccinated before we take off the masks. That's stupid.|10159548079733904|Richard Colvin|2022-02-03 01:32:06|1|1|10159547921858904|facebook
Ryan Silverthorn all y'az gotta do Ryan is read the comments under my post. It will be clear. LOL|10159548083908904|Joanne Ryan|2022-02-03 01:32:06|1|1|10159547921858904|facebook
this sory excuse of a leader sounds more like a drug pusher then a leader of a country....|10159548024958904|Frank Russ|2022-02-03 01:32:09|1|1|10159547921858904|facebook
nor the Pfizer vaccine. https:// www.cnbc.com/ 2021/08/30/ covid-vaccine-cd c-panel-endorse s-full-approval -of-pfizer-shot .html|10159548059373904|Marisa Occhiagill|2022-02-03 01:32:09|1|1|10159547921858904|facebook
How about to go our to movie, dinner or the pub, did you have to show your papers then? Each country has a right to require certain vaccinations, but the movie theater?|10159548064868904|Robert Hume|2022-02-03 01:32:09|1|1|10159547921858904|facebook
It's them that are keeping us all in this mess. Like the headline says, if you want the mandates to end, get your shots!!|10159548933643904|Ken Maynard|2022-02-03 01:32:03|1|1|10159547921858904|facebook
Getting vaccinated doesn't stop the spread. Vilifying those that make the choice not to get vaccinated for their own personal reasons is not helping.|10159548366068904|Cathy Bowslaugh|2022-02-03 01:31:39|0|1|10159547921858904|facebook
Or, we could just get rid of Trudeau, Teresa Tam, the mass media and international travel to the Far East...🤷🏽‍♀️  And ban/halt, non-essential travel to countries where COVID-variants originate 🤷🏽‍♀️  Or countries where COVID-19 originated, period 🤷🏽‍♀️  I mean, I have not left my home province in nearly 2 years 🤷🏽‍♀️  I sure as heck, am NOT the one who brought COVID here in the first place 🤷🏽‍♀️  Or any of its variants 🤷🏽‍♀️|10159548282788904|AZ Jackman|2022-02-03 01:31:39|0|1|10159547921858904|facebook
"The majority of people in Canada are vaccinated and trying to get through this pandemic following science. Why in hell would the majority of Canadians ""comply"" with a vocal minority funded by American right-wing groups trying to hold us hostage? Sasha."|10159549591523904|Gerry Sasha|2022-02-03 01:31:57|1|1|10159547921858904|facebook
yes, you cannot debate as you don’t have a single argument|10159548280788904|Denis Smith|2022-02-03 01:31:56|1|1|10159547921858904|facebook
"""Take away seatbelts as they are not completely safe. I still got a bruise when I didn't go through the windshield! I hate bruises!"" 😒"|10159548462833904|Richard Evans|2022-02-03 01:31:56|1|1|10159547921858904|facebook
The lock-downs are because of brainwashed people like you! You can vaccinate everybody three times and the gov will require a forth dose ....|10159548325728904|Cristian Vasilache|2022-02-03 01:31:57|1|1|10159547921858904|facebook
Sorry to hear your tax didn't pan out once the uneducated plebs revolted against your dear leader.  The government just needs to comply and they can have their city back along with their peace and quiet, it's really not that hard, it's really not that much of an imposition and nobody's rights are being taken away. Nobody is forcing them, they obviously have a choice but choices have consequences 😏  The Honkening will continue until freedom improves|10159548336453904|Rusty Shackleford|2022-02-03 01:31:57|1|1|10159547921858904|facebook
No, they are because of a Government who wants to exercise control where NO control is needed and science does not support that control.  Gov has the choice. It is in the governments hands, not the people.|10159548472808904|Daniel O'Keefe|2022-02-03 01:31:57|1|1|10159547921858904|facebook
The eradication of polio is a complex topic. Most people believe it was thanks to vaccines, but that is simply not the case. Improved nutrition and sanitation played a much bigger role. Please read on the topic before spreading half-truths. https:// www.insidescienc e.org/news/ complicated-twis ts-fight-eradic ate-polio|10159548284868904|Jack Massalski|2022-02-03 01:31:53|1|1|10159547921858904|facebook
The vast majority now getting covid are fully vaxed many triple vaxed. It is clear that these vaccines are doing NOTHING to slow the spread of covid and calling these jabs a vaccine is actually a falsehood anyways as a vaccine does not need a monthly booster and still only offer very limited protection|10159548711978904|Zane Grey|2022-02-03 01:31:57|1|1|10159547921858904|facebook
wake up , you are being lied to, Barb is telling you the truth|10159550629348904|Catherina Grace Arnold|2022-02-10 01:31:58|1|1|10159547921858904|facebook
"""Disagreement with me must be a lie!"""|10159548456498904|Richard Evans|2022-02-03 01:32:01|1|1|10159547921858904|facebook
Who in hell is Barb and what are her credentials in health care?|10159551450323904|Howard Raper|2022-02-10 01:31:58|1|1|10159547921858904|facebook
We were told this before, but it did not end the mandate. Shall we believe them one more time|10159548244958904|Que Yijie|2022-02-03 01:31:39|0|1|10159547921858904|facebook
Interesting. I know more people who are vaccinated that caught Covid then not. I suffered stomach pain for months after. My nephew who is 13 and which never had chicken pox broke out in shingles right after. Unheard of in children. I have family members that had to extreme side effects. Stop the lying!!!|10159548061603904|Jacqueline Quinlan|2022-02-03 01:31:39|0|1|10159547921858904|facebook
"Because there are 90% of people with at least one dose of the vaccine. If 100% were vaxxed, all of the people who got it that you know would be vaxxed. You should know by now that the virus has mutated, is more transmissible, and has reduced sensitivity to antibody neutralization so there are breakthrough cases, but ""most"" (not all) people avoid serious illness and death."|10159548414618904|Alex Buchanan|2022-02-03 01:31:59|1|1|10159547921858904|facebook
The vast majority now getting covid are fully vaxed many triple vaxed. It is clear that these vaccines are doing NOTHING to slow the spread of covid and calling these jabs a vaccine is actually a falsehood anyways as a vaccine does not need a monthly booster and still only offer very limited protection|10159548716178904|Zane Grey|2022-02-03 01:31:59|1|1|10159547921858904|facebook
no actually I think people's crazy reluctance for vaccines and other measures.|10159548261498904|Craig Lindsay|2022-02-03 01:32:00|1|1|10159547921858904|facebook
What does a journalist go for these days?? Not hard to tell you are bought and paid for!!|10159548321208904|Lisa Allen|2022-02-03 01:31:39|0|1|10159547921858904|facebook
but its proven that it is not the case for covid, so what’s your point?|10159548874823904|Peter Adams|2022-02-03 01:31:53|1|1|10159547921858904|facebook
why do you think ten countries in Europe stopped recommending the jab for children Canada will catch up Unfortunately some people that don’t even need it will be hurt by it That is a shame  #donoharm|10159548264028904|Sean Eyre|2022-02-03 01:31:56|1|1|10159547921858904|facebook
- appreciate the generalization bud 👍|10159550303288904|Christopher James McCrudden|2022-02-10 01:31:48|1|1|10159547921858904|facebook
what kind of home treatments?|10159550106238904|Mary Vallee|2022-02-10 01:31:49|1|1|10159547921858904|facebook
"No way. If you get COVID just stay home until you either get better or get sick enough to go to hospital! Isn't it incredible that they came up with a ""vaccine"" faster than any anti-viral treatment?!"|10159548638148904|Perry Senior|2022-02-03 01:31:46|1|1|10159547921858904|facebook
except that vaccinated do not represent 75% of hospitalization s 🤦🤦|10159548456458904|Gabrielle Hou|2022-02-03 01:31:44|1|1|10159547921858904|facebook
not sure where you are, but they certainly are in ontario and have been for a while. https:// covid-19.ontario .ca/data/ hospitalizations|10159548428668904|Krysta Cronin|2022-02-03 01:31:44|1|1|10159547921858904|facebook
Kelly Becker keep believing that, the only reason for getting the shot is that you will have milder symptoms WHEN and IF you get the virus, that may be beyond the scope of these jabs because they mutate, the pharmaceutical companies cannot keep up. These shots are so useless that the pharmaceutical companies had to have the definition of vaccine changed to fit their narrative. They neither stop the you from getting or spreading covid but come with many side effects including death|10159548407343904|Patrick Perrier|2022-02-03 01:31:45|1|1|10159547921858904|facebook
and the sheep just keep on believing willing to jab every new variant for life|10159548647508904|John Norbert|2022-02-03 01:31:50|1|1|10159547921858904|facebook
and your arguing a point that is not supported by facts, that’s my point…|10159550427048904|Cory Karp|2022-02-10 01:31:44|1|1|10159547921858904|facebook
I'm not arguing that is works. I'm arguing thr mandates are irrelevant at this point. 🙄|10159550415183904|Krysta Cronin|2022-02-10 01:31:44|1|1|10159547921858904|facebook
I am fully vaccinated and have Covid now. Each time I see “Editorial Board” all I see is J Jonah Jameson yelling we’re all a public menace.|10159548376078904|Candace Hillier|2022-02-03 01:31:38|0|1|10159547921858904|facebook
because the vast majority are at least partially vaccinated, roughly 90%, look at ICU numbers, roughly 90% unvaccinated.  If vaccination made no difference in severity of outcomes, 90% of hospitalization s, and 90% of those in ICU would be vaccinated, your own argument is conclusive evidence vaccination works, you’re just too ignorant, or stupid to see it!|10159550301973904|Cory Karp|2022-02-10 01:31:44|1|1|10159547921858904|facebook
please tell me what I'm not understanding|10159548736473904|Krysta Cronin|2022-02-03 01:31:44|1|1|10159547921858904|facebook
We now have 2 anti-virals in pill form and others are in development. The old nonsense of HCQ and Ivermectin needs to go. They don't work, no matter what all the FB geniuses claim. https:// www.health.harva rd.edu/ diseases-and-con ditions/ treatments-for-c ovid-19|10159548416848904|Alex Buchanan|2022-02-03 01:31:46|1|1|10159547921858904|facebook
Some of us knew it was not the way long before now. Good early home treatments will save a lot of lives. but they were blocked by big pharma|10159548986618904|Karen Dworkin|2022-02-03 01:31:49|1|1|10159547921858904|facebook
Obviously you don't understand much, but that's OK, you're in good company.|10159548720658904|Alex Buchanan|2022-02-03 01:31:44|1|1|10159547921858904|facebook
i hope one day you make the effort to understand science instead of parroting antivaxx propaganda|10159548483503904|Gabrielle Hou|2022-02-03 01:31:44|1|1|10159547921858904|facebook
you’re welcome!|10159552330213904|Cory Karp|2022-02-10 01:31:48|1|1|10159547921858904|facebook
if any of the things to said were true you wouldn't have to lie to push your false narrative.|10159548468353904|Gabrielle Hou|2022-02-03 01:31:44|1|1|10159547921858904|facebook
pretty 🤬 close. Give it up already. Segregate and keep your mandates. You are free to do so. That's the point, it's your choice.|10159548466213904|Krysta Cronin|2022-02-03 01:31:44|1|1|10159547921858904|facebook
it’s an informed opinion with scientific evidence backing it up, something anti-vaxxers would not understand.|10159550288138904|Cory Karp|2022-02-10 01:31:48|1|1|10159547921858904|facebook
What kind of opinion piece garbage is this?  Stop allowing these types of lies! With most people vaccinated, there’s no end in sight. Lift the restrictions and learn to live with it.|10159548454583904|Christopher James McCrudden|2022-02-03 01:31:38|0|1|10159547921858904|facebook
you can't math? You dont know what a denominator is?|10159548431738904|Gabrielle Hou|2022-02-03 01:31:44|1|1|10159547921858904|facebook
this should have been the first line of defence, not vaccines. It’s all backward.|10159548463123904|Sohair Said|2022-02-03 01:31:46|1|1|10159547921858904|facebook
it is incredible, but also very strange.|10159548829678904|Sohair Said|2022-02-03 01:31:46|1|1|10159547921858904|facebook
obviously you are a little upset you have been misinformed. 75% of hospitalization s from 79% of the population means you better get your boosters.|10159548450753904|Krysta Cronin|2022-02-03 01:31:44|1|1|10159547921858904|facebook
the same old lies 😂|10159548417133904|Gabrielle Hou|2022-02-03 01:31:45|1|1|10159547921858904|facebook
yes if you're liberal you understand science, despite not being a scientist or a part of any scientific field. And if you're not a liberal then you dont understand science. That's actually how science works.|10159548704763904|Senai Tecle Ghebretensae Weldezion|2022-02-03 01:31:45|1|1|10159547921858904|facebook
not when you are in a high risk country|10159548070668904|Gabrielle Hou|2022-02-03 01:31:52|1|1|10159547921858904|facebook
Kelly Becker the only difference between our health system now and five years ago is five years ago it wasn't made public how packed the icu was. Canada's health system has been a mess for years.|10159548470048904|Murray Tederoff|2022-02-03 01:31:45|1|1|10159547921858904|facebook
It will never over until we change government|10159550464583904|Mary Fleming Faulkner|2022-02-10 01:31:38|0|1|10159547921858904|facebook
those vaccines were tested for years. Even the inventors of the mRNA vaccines say they are still experimental and no one knows the long term effects. Already the insurance companies are registering 250% increase in death rates! Where there is risk, there must be choice!|10159548130683904|Valia Petrov|2022-02-03 01:31:52|1|1|10159547921858904|facebook
Which government. The Feds only control inter country and inter provincial.|10159551456013904|Howard Raper|2022-02-10 01:31:51|1|1|10159547921858904|facebook
Kelly Becker tell this to Doug Ford and have him invest in our Healthcare system. This has been happening for decades|10159548819168904|Cathy Harris|2022-02-03 01:31:45|1|1|10159547921858904|facebook
Kelly Becker you know what else makes people less likely to get very sick or die from Covid? Not being overweight. But I haven’t seen any change in the obesity rate in Canadian over the last two years. Why don’t we see five articles a day from the Globe about that?|10159549837538904|Alex Baird|2022-02-10 01:31:45|1|1|10159547921858904|facebook
right..we aren't talking about any of those mentioned...we' re talking about the hear and now and theirs enough compelling science at this point in time that being forced to continue on any sort of additional doses is questionable.|10159547998973904|Frank Russ|2022-02-03 01:32:09|1|0|10159547921858904|facebook
funny, the intelligent adults have been telling you people to pound salt for two years now and yet here you are showing off your ignorance and wanting the blue ribbon for it just like always. Saying no clearly doesn't end anything... 🙄|10159550102988904|Ken Maynard|2022-02-10 01:32:04|1|0|10159547921858904|facebook
get 2 get 3 80% vaxxed 90% vaxxed i hear you and well time to get over it no boosters for me i did my part.|10159547962443904|Rod Port|2022-02-03 01:32:08|1|0|10159547921858904|facebook
bull|10159549002358904|Dave Lockie|2022-02-03 01:32:04|1|0|10159547921858904|facebook
Benjamin Pang No what?|10159548988798904|Dave Lockie|2022-02-03 01:31:45|1|0|10159547921858904|facebook
Neither is the Moderna vaccine. https:// www.reuters.com/ world/us/ us-cdc-backs-ful l-approval-mode rna-covid-vacci ne-2022-02-04/|10159548056203904|Marisa Occhiagill|2022-02-03 01:32:09|1|0|10159547921858904|facebook
no one is forcing you to do anything, you have the choice. Just like you have the choice to keep endlessly posting these pointless replies. Why should you be chastised for your choices?? Well, first off, some of them are funny, and people like a good laugh. Still, it's your choice, what does what anyone else thinks about it matter?? No one really cares what choice you make. Hell, if you just kept quiet about it no one would even know what choice you make. Put on your big boy pants and stand by your decisions. Whining about it doesn't show much confidence that you're making the right choices.|10159557347788904|Ken Maynard|2022-02-10 01:32:03|1|0|10159547921858904|facebook
For pertussis and hepatitis B vaccines, yes. People vaccinated with these vaccines could still become infected and pass the infection on. But this didn't preclude these from being successful, just as this won't preclude Covid vaccines from being successful. https:// www.scientificam erican.com/ article/ vaccines-need-no t-completely-st op-covid-transm ission-to-curb- the-pandemic1/|10159548017408904|Marisa Occhiagill|2022-02-03 01:32:09|1|0|10159547921858904|facebook
when it comes to being forced to inject an unproven liquid in my body that have been proven not to stop the spread or stop from getting the bug & has had ppl get sick & many deaths from it, yes I'll make the choice not to take it. Why should I be chastised for it? Don't you remember the saying, governments pushed, 'say no to drugs'?|10159557288483904|Doug Mine|2022-02-10 01:32:03|1|0|10159547921858904|facebook
They do in BC.|10159548512433904|Perry Senior|2022-02-03 01:31:44|1|0|10159547921858904|facebook
truth is I'm not against vaccines. You want one get one, just as well if you don't then don't...I have been I don't really care if you are or are not... And I do not believe government under any circumstance should have the ability to mandate.|10159548022568904|Frank Russ|2022-02-03 01:32:09|1|0|10159547921858904|facebook
How insane is that folks. All he is doing is trying to put more money in Trudeau's pocket. No covid here go take a hike Legault|10159548956133904|Karen Dworkin|2022-02-03 01:31:40|0|0|10159547921858904|facebook
I am a scientist, thank you for asking|10159548708633904|Gabrielle Hou|2022-02-03 01:31:45|1|0|10159547921858904|facebook
good for you like I said I don't really care if you are or are not.. your choice. As it was my choice. As it should be choice.|10159548055793904|Frank Russ|2022-02-03 01:32:09|1|0|10159547921858904|facebook
RIP.|10159548988333904|Dave Lockie|2022-02-03 01:31:45|1|0|10159547921858904|facebook
I don't know, I read an article on the facebook that said vaccines are bad. I don't who to believe! Scientists and their years studying science, or some guy on the internet who blew part of his finger off lighting a firework. I mean, I just can't be sure!|10159549277273904|Kristen Dawn|2022-02-03 01:31:39|0|0|10159547921858904|facebook
Mike J. Rowbear didn't you say the same thing about Sweden and Florida, and a few weeks later they were in crisis mode again?|10159548018538904|Benjamin Smith|2022-02-03 01:32:04|1|0|10159547921858904|facebook
Until you vaccinate the third world, this will never end|10159548429253904|Mary Bedkowski|2022-02-03 01:31:39|0|0|10159547921858904|facebook
great disinformation. Guys like you spread it. Aren't you just a little curious why 90% are vaccinated and cases still rise....among the vaccinated?  C'mon man, seriously? No deafness here. But you might not be able to hear the truth over your own voice...|10159548487528904|Daniel O'Keefe|2022-02-03 01:32:06|1|0|10159547921858904|facebook
Mechanistically , we found that the spike protein localizes in the nucleus and inhibits DNA damage repair by impeding key DNA repair protein BRCA1 and 53BP1 recruitment to the damage site. Our findings reveal a potential molecular mechanism by which the spike protein might impede adaptive immunity and underscore the potential side effects of full-length spike-based vaccines.  https:// www.mdpi.com/ 1999-4915/13/10/ 2056|10159548353093904|Patrick Collins|2022-02-03 01:32:04|1|0|10159547921858904|facebook
Are Israeli hospitals really overloaded with unvaccinated COVID patients? According to Prof. Yaakov Jerris, director of Ichilov Hospital’s coronavirus ward, the situation is completely opposite.  https:// www.israelnation alnews.com/ news/321674|10159548357193904|Patrick Collins|2022-02-03 01:32:04|1|0|10159547921858904|facebook
Citlalli Bustamante get your own insults at least if you cant find intelligent arguments|10159548415353904|Gabrielle Hou|2022-02-03 01:31:45|1|0|10159547921858904|facebook
next up hiv variant. Like come on. Born at night but not last night|10159548412488904|Yann LeMadec|2022-02-03 01:31:45|1|0|10159547921858904|facebook
Thank you! For a moment their i questioned myself but they're are always ways to improve and there thanks to eagle eyes such as yourself and i do stand corrected 😀|10159548015073904|Mike Crowbear|2022-02-03 01:32:04|1|0|10159547921858904|facebook
you can google properly structured sentences, and actually learn where you are going wrong. You don’t need a degree, and it doesn’t cost anything. Use your own competence to filter out any misinformation.|10159548605013904|Jake Fudge|2022-02-03 01:32:05|1|0|10159547921858904|facebook
YOUTUBE. LOLOL Now that's funny.|10159548701418904|Joanne Ryan|2022-02-03 01:32:05|1|0|10159547921858904|facebook
Two degrees from 2 prestigious Canadian universities (McGill and UBC), a math and French teacher at a private BC high school, enrolled for two more degrees before leaving to enter politics and almost 10 years as an MP and official opposition leader before winning a majority government and becoming PM and all before the age of 43.  Funny how all the conservatives that make fun of his past jobs cheered when they elected a high school dropout and former hash dealer Premier in Ontario.|10159548707853904|Joanne Ryan|2022-02-03 01:32:05|1|0|10159547921858904|facebook
Kelly Becker tell that to all the fully vaxed that are in hospital and the ICUs as they represent 87% of the population vaccinated, explain that ,and less likely is not a responsible medical statement|10159548424378904|Patrick Perrier|2022-02-03 01:31:45|1|0|10159547921858904|facebook
lol. You realize its an opinion piece right?|10159547975718904|Mike Crowbear|2022-02-03 01:32:06|1|0|10159547921858904|facebook
Triple vaccinated like 80% Canadiens and terrorized as if I am not by the government-corp orate employees and so-called TOP experts.|10159548306528904|Tomislav Dragosavljevic|2022-02-03 01:31:38|0|0|10159547921858904|facebook
One wonders, if those who are 2x-3x vacced stopped there and no one else got next or new vacc.? Would Canada be sued? Either way, we still have to pay. Too many eggs in one basket. jus a sain|10159549767698904|Al Wright|2022-02-10 01:31:38|0|0|10159547921858904|facebook
ok bot|10159550438848904|Krysta Cronin|2022-02-10 01:31:44|1|0|10159547921858904|facebook
probably educated on racism and gender studies|10159548032668904|Aaron Manikoth|2022-02-03 01:32:06|1|0|10159547921858904|facebook
Ryan Silverthorn That is the problem right there. No matter how many ways or how many times it is explained. You either can't understand or refuse to understand. Ergo mandates. Some people need to be saved from themselves.|10159548048948904|Mary Louise|2022-02-03 01:32:06|1|0|10159547921858904|facebook
you're appeal to authority is sad and expected. Where's yours? You know better that the medical establishments in the U.K? Denmark? Sweden? Norway etc? What's that? You dont? Excellent. Now tie your clown shoes tight, you got some jogging to do.|10159547981908904|Mike Crowbear|2022-02-03 01:32:04|1|0|10159547921858904|facebook
most people are vaccinated and still not allowed in gyms and restaurants, only when the government feels like letting them|10159548637688904|Chelsea Marchese|2022-02-03 01:31:45|1|0|10159547921858904|facebook
Denmark, who our media cited, are open fully are open fully because of their vax rate which is lower than Canada's. You bought and paid for media shills enjoy your silver. You've lost the room.|10159547974178904|Mike Crowbear|2022-02-03 01:31:39|0|0|10159547921858904|facebook
He got his out of a cracker Jack box|10159548123293904|Pat Arenburg|2022-02-03 01:32:04|1|0|10159547921858904|facebook
I found it very difficult to trust someone or post here due to the unpleasant experience I had when I tried to start trading. But the many testimonials from 👉Mrs Nura David made me wonder if I can trust him. I contacted him with my question and now I am enjoying my benefits ... do not hesitate to contact him|10159548224623904|Diana Varcoe Hurst|2022-02-03 01:32:06|1|0|10159547921858904|facebook
yes you're right polio isn't/wasn't contagious. Vaccines just keep people from being hospitalized and dying. That's all. Pfft.|10159548263133904|Craig Lindsay|2022-02-03 01:31:53|1|0|10159547921858904|facebook
As of March should be the 4th for early birds. As. Boosters were not yet injected widely, many didn't have their third shot until say December 2021. They need it in 4 months now some places. Or their status is void.|10159548084983904|Paul Champagne|2022-02-03 01:32:09|1|0|10159547921858904|facebook
It is that simple....what is it you idiots don't understand???|10159549571913904|Robert Bob Berg|2022-02-03 01:31:41|0|0|10159547921858904|facebook
Why? They don't work. Next.|10159549162183904|Daniel Dawe|2022-02-03 01:31:41|0|0|10159547921858904|facebook
Shaking my head at the dimwit anti-vaxxers commenting with their uneducated comments.|10159549003538904|Ally Stevens Mercer|2022-02-03 01:31:41|0|0|10159547921858904|facebook
Yea because the country runs on one topic of covid. Let’s forget every thing else that runs this country as a whole. I don’t care what the guy flipping his thumbs at home thinks about this pandemic.  The pandemic itself is now fallen down the list of important issue to continue running this country.  Love how people pretend they are politics experts, on one single Little piece of 1000+ pieces that keep the country rolling.  Can’t wait for the pandemic to end so the people who actually care about Politics can go about doing our thing and the simple minds can go back to deciding if Elmo Is racist or friendly|10159553388228904|Cousin Jerome|2022-02-10 01:31:41|0|0|10159547921858904|facebook
NOPE|10159549067448904|Samantha Maietta|2022-02-03 01:31:41|0|0|10159547921858904|facebook
.. and Alberta, the worst of them all.|10159550267703904|Ron Pohl|2022-02-10 01:31:41|0|0|10159547921858904|facebook
Why aren’t the hospitals inundated all these mask less people hugging and kissing|10159548689918904|Philip Hanna|2022-02-03 01:31:41|0|0|10159547921858904|facebook
It is ineffective. There is no point. Besides that we were told this before and the goalposts moved yet again. Why should we believe that won't happen this time?|10159550077508904|Lance Brizard|2022-02-10 01:31:41|0|0|10159547921858904|facebook
Tell that to the 10% who think they are the majority. They are not very good at math 😃😃|10159549114343904|Tim Atherton|2022-02-03 01:31:41|0|0|10159547921858904|facebook
How many times have I echoed those same sentiments because truth is truth . That bunch speak as if WE are the ones holding back progress on that problem . When they don't understand that , how are they going to understand deeper issues .|10159548832203904|Joyce Hawthorn|2022-02-03 01:31:41|0|0|10159547921858904|facebook
Exactly how much is the government paying for these op-eds and editorials? If we learned anything from the SNC-Lavalin scandal it was the ability for the PMO to have op-eds published to support whatever narrative suits their purposes.|10159548866278904|Real Sense|2022-02-03 01:31:41|0|0|10159547921858904|facebook
Only and IDIOT would believe this statement|10159548326998904|Bob Wolski|2022-02-03 01:31:41|0|0|10159547921858904|facebook
|10159548829138904|Amanda Joyce|2022-02-03 01:31:41|0|0|10159547921858904|facebook
The government just needs to comply and they can have their city back along with their peace and quiet, it's really not that hard, it's really not that much of an imposition and nobody's rights are being taken away. Nobody is forcing them, they obviously have a choice but choices have consequences 😏  The Honkening will continue until freedom improves|10159548324913904|Rusty Shackleford|2022-02-03 01:31:41|0|0|10159547921858904|facebook
no, only if you are held prisoner by Trudeau. Lots get tested in Europe|10159548086308904|Paul Champagne|2022-02-03 01:32:09|1|0|10159547921858904|facebook
"That's so Spring 2021. No one believed it then, no one believes it now. People ""living in fear,"" just wanted a beach and buffet most countries. Who is this guy, did he just come out of a coma."|10159548081263904|Paul Champagne|2022-02-03 01:31:41|0|0|10159547921858904|facebook
What a shameful Journalism!!! The voice of a caduc rethoric!!! Nobody cares!!! End all mandates and nonsense lan B or freaking whatever!!! Ppl are fed up!!! We are the majority!!!|10159549119928904|Zembla Ombrax|2022-02-03 01:31:41|0|0|10159547921858904|facebook
Nobody's falling for that. The majority are already and some people even are boosted and still we aren't free.|10159552500838904|Shane Gallinger|2022-02-10 01:31:41|0|0|10159547921858904|facebook
I love when people say they want the pandemic to be over. Sure. No problem. We will just tell it to stop. We don’t need to vaccinate, mask, social distance, wash our hands (I am particularly disturbed by people having to be told that) and slow transmission. Wow. If we had only known that at the beginning.|10159549557248904|Mary Dale|2022-02-03 01:31:41|0|0|10159547921858904|facebook
It’s an endemic , an endemic , an endemic They are ending anyway so Get bent|10159548240203904|Hendrickson Keith|2022-02-03 01:31:41|0|0|10159547921858904|facebook
It will end when the people says so not a minute before, Politicians like the power way to much to give it up|10159548308448904|Greg Knothe|2022-02-03 01:31:41|0|0|10159547921858904|facebook
Exactly but you can't fix STUPID!|10159548319288904|Bill Graham|2022-02-03 01:31:42|0|0|10159547921858904|facebook
What a crock!|10159548604753904|Mark Johansen Brittany Lundy|2022-02-03 01:31:42|0|0|10159547921858904|facebook
State sponsored media|10159548386968904|John Vassallo|2022-02-03 01:31:42|0|0|10159547921858904|facebook
No.|10159548425543904|Danie Cheverie|2022-02-03 01:31:42|0|0|10159547921858904|facebook
PURE PROPAGANDA!!!|10159550296523904|Marc-André Leduc|2022-02-10 01:31:42|0|0|10159547921858904|facebook
Get bent. 🙄|10159549568493904|Rosina De Chicchis|2022-02-03 01:31:42|0|0|10159547921858904|facebook
Oh sure I'll go for one booster and another and another because the fools said so...Are most people dumb enough to believe in this BS when most people are double jabbed and we are back to square one from 2020??? The proof is in the pudding and it doesn't work!!! .....Keep your booster where the sun NEVER shines!! Oh yeah, I forgot G&M is subsidized by the government!!!|10159554057128904|Brenda Fontaine|2022-02-10 01:31:41|0|0|10159547921858904|facebook
Turn off your TV|10159549259093904|Rick Shore|2022-02-03 01:31:41|0|0|10159547921858904|facebook
Oh really? How’s that working out for you??|10159548832113904|Barbara Bout|2022-02-03 01:31:41|0|0|10159547921858904|facebook
You will get as many as are politically necessary.|10159548391233904|Colin Pye|2022-02-03 01:32:10|1|0|10159547921858904|facebook
Citlalli Bustamante You also got brainwashed at school, how are you capable of typing in English? is called education and civilization.|10159549127593904|Joseph Penn|2022-02-03 01:31:45|1|0|10159547921858904|facebook
that's just not true...|10159548123003904|Frank Russ|2022-02-03 01:32:09|1|0|10159547921858904|facebook
yes and they are decades apart not every 6 months. And they all have long term studies not these.|10159548131183904|Michael H Stenz|2022-02-03 01:32:09|1|0|10159547921858904|facebook
I found it very difficult to trust someone or post here due to the unpleasant experience I had when I tried to start trading. But the many testimonials from 👉Mrs Nura David made me wonder if I can trust him. I contacted him with my question and now I am enjoying my benefits ... do not hesitate to contact him|10159548224313904|Diana Varcoe Hurst|2022-02-03 01:32:09|1|0|10159547921858904|facebook
look at it the other way - in addition to most, if not all perceived ‘true vaccines’ having a range of booster jabs, the diseases for which they are used are still not completely eradicated. E.g., mumps - formally eradicated in Canada but occasionally introduced and spread in communities with low vaccination. Measles - we can think it’s under control as there is a ‘non-experiment al / true’ vaccine…but there are many well-documented cases where measles has spread in less-vaccinated communities (examples in Minnesota, New Jersey).|10159548249993904|Graham McGowan|2022-02-03 01:32:09|1|0|10159547921858904|facebook
no because we trusted each other back then. Also respected each other ! What happened ?|10159549728808904|Dave Saban|2022-02-10 01:32:09|1|0|10159547921858904|facebook
that's not true cause after 2 vaxes they came out with a booster that is 3 shots and now looking at a fourth one so when does it end|10159548640803904|Barbara Harrod|2022-02-03 01:31:40|0|0|10159547921858904|facebook
I repeat what some good-hearted people already told you.. GET LOST!|10159548670073904|Aryanna Brooks|2022-02-03 01:31:40|0|0|10159547921858904|facebook
How thick in the head are these so called reporters?  It’s time to stand up for individual rights. Those individuals make the world strong and it’s individuals that support and assist the world & people.  Stop the group-think-gro up-unquestionab ly-do. It’s not working… it’s repetitive, insane, and all the new unbiased scientific studies show every mandate has caused more harm, deaths, and risks.|10159554057928904|Gary Frank|2022-02-10 01:31:40|0|0|10159547921858904|facebook
It’s weird that other countries and states don’t need to do this for their restrictions to end 🤷‍♂️|10159550468348904|Skyler Swaim|2022-02-10 01:31:40|0|0|10159547921858904|facebook
So has the G & M just substituted itself for the GOC? Why are we not reading a quote from Dr.Tam regarding at what vaccination rate Canadians can expect to have the upper hand on this pandemic? “Laggards”! Has the Globe done any one on one interviews with the unvaccinated to see what is on people’s minds? How does it breakdown? Are people mostly sceptical of the vaccines efficacy, or are they sceptical around the subject of safety? Do some feel they are just too healthy to worry about it? Do we already know the answer, because if people felt the vaccines were completely safe wouldn’t you just get one! Maybe some people just need a drive or to be helped with the logistics, or even a central number to call so they can speak to an actual expert, in a civilized way.|10159550481683904|Alan MacDonald|2022-02-10 01:31:40|0|0|10159547921858904|facebook
What an ignorant thing to say|10159548773388904|Dan Milo|2022-02-03 01:31:40|0|0|10159547921858904|facebook
Tell that to the Honkers in Ottawa|10159548835433904|Kristin McCrea|2022-02-03 01:31:40|0|0|10159547921858904|facebook
Following the science lol|10159548563988904|Scotty Henderson|2022-02-03 01:31:40|0|0|10159547921858904|facebook
This could become a modern-day witch hunt.|10159548802258904|Leanna Inez Keyes|2022-02-03 01:31:40|0|0|10159547921858904|facebook
Ya right! 90 percent of us are vaxed already|10159548499138904|Chiara Pecorella Patriarca|2022-02-03 01:31:40|0|0|10159547921858904|facebook
Isreal just ordered 10 million doses of novavax....They 're ground zero for phyzer contracts 😬 What's that all about. And if you don't know what novavax is you didn't do your homework fron the start.|10159548814158904|Lorraine Goebel|2022-02-03 01:31:40|0|0|10159547921858904|facebook
Most are, I refuse to go along with this. Kick me out of the stores if you wish, but I honestly haven’t run into that problem yet.|10159549213683904|Brent Ingberg|2022-02-03 01:31:40|0|0|10159547921858904|facebook
Huh?  Then why was everything shut down in January? The unvaxed have been sitting at home since October.|10159548805648904|Mike Byrne|2022-02-03 01:31:41|0|0|10159547921858904|facebook
This is becoming Crazy, Most people are vaccinated and the covid madness is still on. What do you people actually want from us?|10159549670563904|Jude Okumiahor|2022-02-03 01:31:41|0|0|10159547921858904|facebook
If 80% of Canadians are vaccinated, is the government going to hold them hostage until the remaining 20% take the needle?|10159550951368904|William Michael Brienza|2022-02-10 01:31:41|0|0|10159547921858904|facebook
Omg! There are some Dimwitted people. Who believes the government and media anymore? Wow!!|10159549312988904|Crystal McLean Ferguson|2022-02-03 01:31:41|0|0|10159547921858904|facebook
Another stupid opinion. What don't you get, it doesn't work!|10159549151153904|Bill Fahlman|2022-02-03 01:31:41|0|0|10159547921858904|facebook
Not buying it!|10159548773523904|Dorothy Clunies-Ross|2022-02-03 01:31:41|0|0|10159547921858904|facebook
I found it very difficult to trust someone or post here due to the unpleasant experience I had when I tried to start trading. But the many testimonials from 👉Mrs Nura David made me wonder if I can trust him. I contacted him with my question and now I am enjoying my benefits ... do not hesitate to contact him|10159548219198904|Diana Varcoe Hurst|2022-02-03 01:32:10|1|0|10159547921858904|facebook
Kelly Becker if u.actuallt believe that u most likely still leave cookies n milk out on xmas eve.. Lol|10159549108073904|Justin Widdifield|2022-02-03 01:31:45|1|0|10159547921858904|facebook
your ignorance about how and why vaccines work is not an valid argument against them.  No vaccine has ever claimed to prevent transmission or infection, that is anti-vaxxer disinformation.  Vaccines however do reduce the likelihood of transmission or infection, but more important, they dramatically reduce severity of illness preventing deep seated infections, the same deep seated infections that turn the body into an incubator for virus mutations and subsequent new variants.|10159550273688904|Cory Karp|2022-02-10 01:31:45|1|0|10159547921858904|facebook
Kelly Becker the health system was already broke for decades|10159549137318904|Richard Grenier|2022-02-03 01:31:45|1|0|10159547921858904|facebook
Almost double our cases in just a few months time here. You are mandating this have you all lost your minds.When will this madness stop. End all mandates and open our borders. In both Europe and the United States, researchers found that a lockdown could only be expected to bring down mortality rates by 0.2 per cent “as compared to a COVID-19 policy based solely on recommendations .” “We find no evidence that lockdowns, school closures, border closures, and limiting gatherings have had a noticeable effect on COVID-19 mortality,” reads the paper, which is based on a review of 34 pre-existing COVID-19 studies. Given the “devastating effects” that lockdowns have caused, the authors recommended they be “rejected out of hand as a pandemic policy instrument.” In both Europe and the United States, researchers found that a lockdown could only be expected to bring down mortality rates by 0.2 per cent “as compared to a COVID-19 policy based solely on recommendations .” For context, 0.2 per cent of total Canadian COVID-19 fatalities thus far is equal to about 70 people. The impact of border closures was found to be even less effective, with death rates only going down about 0.1 per cent. https:// www.msn.com/ en-ca/news/ canada/ lockdowns-only-r educed-covid-de aths-by-0-2-per -cent-johns-hop kins-study-find s/ ar-AATpC8U?ocid= winp1taskbar&fb clid=IwAR27QMNB sdUWDN1iUQV19LI Nk3iNi5vRg5BZOY uX3Q46eQmfrYQE_ 9Tk2l0|10159548973183904|Karen Dworkin|2022-02-03 01:31:50|1|0|10159547921858904|facebook
73.6% of americans are overweight or obese 🤦🤦 https:// www.cdc.gov/ nchs/fastats/ obesity-overweig ht.htm|10159548421933904|Gabrielle Hou|2022-02-03 01:31:54|1|0|10159547921858904|facebook
"wish more people were better informed. There should never have been mandates 'Myocarditis risk higher from vaccine than Covid' | Cardiologist Dr Aseem Malhotra https:// youtu.be/ FU5oNx4ZzoM"|10159548964813904|Karen Dworkin|2022-02-03 01:31:50|1|0|10159547921858904|facebook
Oh so sorry to hear that.|10159548959603904|Karen Dworkin|2022-02-03 01:31:50|1|0|10159547921858904|facebook
my daughter has type 1, my son has lung issues but he is working to look after himself, and I have relatives that have cancer. The point is there are other methods to assist people so they don’t have to go to ICU. We need to get beyond fear and learn to live with it.|10159549864448904|Patricia Cross|2022-02-10 01:31:54|1|0|10159547921858904|facebook
the politicians and citizens have become the problem. Science requires continually debate and to look at the changing data. Our government needs to be very careful when making decisions that take away our constitutional rights. Government is working for all citizens not just the ones that agree with them. Keeping an open mind and staying humble works both ways.|10159549872248904|Patricia Cross|2022-02-10 01:31:54|1|0|10159547921858904|facebook
that is difficult to answer but to start emphasizing that there are things we can do personally helps.|10159549874588904|Patricia Cross|2022-02-10 01:31:54|1|0|10159547921858904|facebook
I never got either the vaccine or covid buddy my way of avoiding it is working nicely thanks|10159548957493904|Karen Dworkin|2022-02-03 01:31:50|1|0|10159547921858904|facebook
Like what? What other measures that you don’t have to mandate?|10159549880378904|Mel Odee|2022-02-10 01:31:54|1|0|10159547921858904|facebook
Kelly Becker we are at a place where we need to learn to live with Covid. We need to educate people how to do that. laying people off because they aren’t vaccinated I’m sure doesn’t help the medical system.|10159549886433904|Patricia Cross|2022-02-10 01:31:54|1|0|10159547921858904|facebook
I plan to look after myself and stick around. you might want to reread my comment because it looks like you assume I’m against vaccination. That’s not what I said. We are fo8ng to have to live with Covid so let’s talk about what we can do personally to stay healthy.|10159549894068904|Patricia Cross|2022-02-10 01:31:54|1|0|10159547921858904|facebook
Once gain, what measures are you suggested be done that can’t be mandated???|10159550088568904|Mel Odee|2022-02-10 01:31:54|1|0|10159547921858904|facebook
one of those methods, one of the most important ones, is vaccination 🙄|10159550312638904|Cory Karp|2022-02-10 01:31:54|1|0|10159547921858904|facebook
"What do you mean by ""taking care of their own health""? Hiding under the bed? Sasha."|10159550756833904|Gerry Sasha|2022-02-10 01:31:54|1|0|10159547921858904|facebook
those people are very welcome to get all the vaccines they want! Healthy people do not need them.|10159552125738904|Kate Jessop-Harcourt|2022-02-10 01:31:54|1|0|10159547921858904|facebook
This is pure garbage - l think I will go with my gut instinct - a hard and emphatic NO. Go Truckers Go 🥰❤🇨🇦👊|10159550225273904|Sue Childerley|2022-02-10 01:31:38|0|0|10159547921858904|facebook
the second vaccine did hospitalize me. Took me 4 months to recover from heart problems and MS relapse it caused. I’d rather the Covid now that I can compare.|10159548501053904|Candace Hillier|2022-02-03 01:31:50|1|0|10159547921858904|facebook
"I believe ""crackpot"" is the term..."|10159550135313904|Ken Maynard|2022-02-10 01:31:49|1|0|10159547921858904|facebook
|10159549402118904|Dave Lockie|2022-02-03 01:31:55|1|0|10159547921858904|facebook
yes it makes 100% total sense. The vaccine never was a prevention tool and was 100% to protect against severe outcomes. COVID has been around for 2 years Almost all other diseases we have vaccines for have been around for thousands which allows them to be eradicated as we as a population have immunities to it. Rather understand what you’re commenting about before commenting.|10159549406613904|Chris Ingram|2022-02-03 01:31:49|1|0|10159547921858904|facebook
yes, we can. Just because you don't understand something doesn't make it wrong. 🙄|10159548931633904|Ken Maynard|2022-02-03 01:31:49|1|0|10159547921858904|facebook
"Ah, yes, I see: ""Children's Health Defense is an American activist group mainly known for anti-vaccine activities and has been identified as one of the main sources of misinformation on vaccines."" I repeat, what science, in the true sense of the word, deems the ""toolbox"" ineffective? Sasha."|10159554336753904|Gerry Sasha|2022-02-10 01:31:55|1|0|10159547921858904|facebook
Isreal ordered 10 million doses of novavax....they are ground zero for phyzer contracts. What's that all about?|10159548812198904|Lorraine Goebel|2022-02-03 01:31:49|1|0|10159547921858904|facebook
Oh, stop your scientific sh*t. Science is not credible anymore. It became the wh*re of the rich and communist propaganda in disguise.|10159554545438904|Aryanna Brooks|2022-02-10 01:31:48|1|0|10159547921858904|facebook
I found it very difficult to trust someone or post here due to the unpleasant experience I had when I tried to start trading. But the many testimonials from 👉Mrs Nura David made me wonder if I can trust him. I contacted him with my question and now I am enjoying my benefits ... do not hesitate to contact him|10159548222368904|Diana Varcoe Hurst|2022-02-03 01:31:56|1|0|10159547921858904|facebook
the broke and fail|10159554177193904|Vini Cody|2022-02-10 01:31:48|1|0|10159547921858904|facebook
Now cases of Mycocarditis late Oct or early November just before we went into the winter I copied and pasted at 956..Table 1. Count of reported adverse events of special interest by vaccine type (Total) up to and including October 15, 2021. They lag behind in reporting. Now as of January 28, 2022 1,720 cases. How many more we going to hurt? https:// health-infobase. canada.ca/ covid-19/ vaccine-safety/ ?fbclid=IwAR0Xqg _jLzAL79-15eIyG wg0uFWNxUJH9Y4j bvbePaZ6_1uJ7DW ipxEutXo|10159548972263904|Karen Dworkin|2022-02-03 01:31:50|1|0|10159547921858904|facebook
Notice how Richard just disappeared lol liberals|10159549528103904|Pugsley DeCat|2022-02-03 01:31:50|1|0|10159547921858904|facebook
Jeff Weston you can be whatever, but you can think and question, people have to question their own thoughts|10159549379628904|Fatima Tostao|2022-02-03 01:31:45|1|0|10159547921858904|facebook
See table 8 on the Alberta government website.|10159548320593904|Mel Odee|2022-02-03 01:31:54|1|0|10159547921858904|facebook
go deep into peer reviewd medical journals write ups and all of sudden you got a bigger picture of that...|10159548318373904|Olga Olga|2022-02-03 01:31:53|1|0|10159547921858904|facebook
The polio shot is an immunization that works, this flu shot neither prevents spread or is an immunization.|10159548326128904|Rusty Shackleford|2022-02-03 01:31:53|1|0|10159547921858904|facebook
maternal immunity being passed to the child also had a role to play in protecting future generations.|10159548361968904|Ashley Martin|2022-02-03 01:31:53|1|0|10159547921858904|facebook
|10159548408163904|Alex Buchanan|2022-02-03 01:31:53|1|0|10159547921858904|facebook
check a chart for Polio transmission after Vaccine.|10159548811633904|Mike Byrne|2022-02-03 01:31:53|1|0|10159547921858904|facebook
no, not all the experts have been saying that, maybe a tiny few, but hey, someone has to graduate at the bottom of their class, even in medical school 🙄|10159550304843904|Cory Karp|2022-02-10 01:31:53|1|0|10159547921858904|facebook
“ Never seen a vaccinated person pass polio onto others, or the requirement of booster shots, which fades after each shot, So there is that. Thank you for your strawman argument.”  What do you think the annual flu shot is but a booster, just got my booster for tetanus, needed every ten years.  Vaccines reduce likelihood of transmission and infection, never drop it to zero though, sometimes they reduce severity so much a person doesn’t even realize they were infected before immune system recovers from the infection.  Your lack of comprehension on how and why vaccination works is not an argument against it, nor is a rational hatred of government or our PM 🙄|10159550309018904|Cory Karp|2022-02-10 01:31:53|1|0|10159547921858904|facebook
When will it be enough ??? We’re at about 90% what do we need 100% ???? And is that 100% double or a 100% triple vax …… when will it be enough can anyone answer that|10159548822348904|Louis DeMelo|2022-02-03 01:31:38|0|0|10159547921858904|facebook
https:// youtu.be/ zRGo-4PNjdE|10159547971358904|Jaime Ferguson|2022-02-03 01:31:51|1|0|10159547921858904|facebook
not this one!|10159552168888904|Kate Jessop-Harcourt|2022-02-10 01:31:53|1|0|10159547921858904|facebook
and wow. You don’t know me. You know nothing about my background. Get all the experimental covid shots you want and leave the thinking to people who have a clue.|10159552170448904|Kate Jessop-Harcourt|2022-02-10 01:31:53|1|0|10159547921858904|facebook
Also would like my 3 girls to bear children one day|10159547970048904|Jaime Ferguson|2022-02-03 01:31:51|1|0|10159547921858904|facebook
No thanks. Do not want a third seizure with the booster. Im done.|10159547969318904|Jaime Ferguson|2022-02-03 01:31:38|0|0|10159547921858904|facebook
feds can change or control|10159551472278904|Mary Fleming Faulkner|2022-02-10 01:31:51|1|0|10159547921858904|facebook
So brave, hiding behind a report to FB, the bad man is hurting my feelings with facts!|10159552181443904|Cory Karp|2022-02-10 01:31:53|1|0|10159547921858904|facebook
haven’t blocked anything. I have no need to hide!|10159552197333904|Kate Jessop-Harcourt|2022-02-10 01:31:53|1|0|10159547921858904|facebook
“ are you quite finished?”  Nope…|10159552211408904|Cory Karp|2022-02-10 01:31:53|1|0|10159547921858904|facebook
Then educate don’t marginalise. Give evidence not insults. Encourage don’t force.|10159548342698904|Nicole LeBlanc|2022-02-03 01:31:38|0|0|10159547921858904|facebook
"Might as well say ""Mandates stay in place until 110% of population is vaxxed"""|10159549346798904|Greg Sr Craig|2022-02-03 01:31:38|0|0|10159547921858904|facebook
I feel both sides of the opinion about vaccines are in fact, correct. The science does say people are more protected to avoid ICU visits, however it also says the virus can still be transmitted and carried regardless of vaccination. I think the conversation needs to be more focused on going forward knowing that vaccines help, while keeping in mind personal rights and freedoms as outlined in our charter of rights. My proposal: keep the masks mandated, keep the boosters available for those who are immune compromised or anyone else who wants one, but don’t take peoples jobs if they chose not to be boosted or vaccinated. Problem solved! :)|10159551658268904|Hanna Butler|2022-02-10 01:31:38|0|0|10159547921858904|facebook
Maybe provide other vaccine options other than the mRNA. Or does JT not have stock in those?|10159548317503904|Joshua Montgomery|2022-02-03 01:31:38|0|0|10159547921858904|facebook
right!!! What a heartless attitude.|10159548131168904|Lynda Gilchrist|2022-02-03 01:31:54|1|0|10159547921858904|facebook
Such an ignorant comment. How are you going to stop a virus where some countries in Africa have only 4% of their population vaccinated?|10159548820058904|Mayra Diaz|2022-02-03 01:31:38|0|0|10159547921858904|facebook
Did you end up in hospital on a ventilator? Thousands of unvaccinated Canadians have.|10159551454998904|Howard Raper|2022-02-10 01:31:50|1|0|10159547921858904|facebook
I’m sorry you’ve had to go through this ,I hope you recover fully and enjoy good health going forward|10159549539788904|Gerald Lesperance|2022-02-03 01:31:50|1|0|10159547921858904|facebook
Contempt without investigation is arrogant ignorance|10159548257313904|Sean Eyre|2022-02-03 01:31:56|1|0|10159547921858904|facebook
No way.|10159548989493904|Dave Lockie|2022-02-03 01:31:48|1|0|10159547921858904|facebook
No one believes that anymore!|10159548787813904|Clara Chol|2022-02-03 01:31:38|0|0|10159547921858904|facebook
This line is getting old. I suspect that at his point when people are calling for everything to be lifted the Gov has to make a desperate push as the vaccines do have an expiry date on them. This would then be why they giving several weeks as a target. To try to push more vax before the expiry.|10159549515153904|Joanne McClelland|2022-02-03 01:31:38|0|0|10159547921858904|facebook
you have alot to read up on.|10159552343948904|Catherina Grace Arnold|2022-02-10 01:31:58|1|0|10159547921858904|facebook
Pandemic , where ?|10159548022653904|Rony Dey|2022-02-03 01:31:39|0|0|10159547921858904|facebook
yep, get your booster.|10159549004168904|Dave Lockie|2022-02-03 01:31:59|1|0|10159547921858904|facebook
not really younger and younger people were actually getting shingles prior to Covid. It just was not talked about. Stress and anxiety bring on shingles and it is epidemic with our young people.|10159548380748904|Ivana Islic|2022-02-03 01:31:59|1|0|10159547921858904|facebook
I found it very difficult to trust someone or post here due to the unpleasant experience I had when I tried to start trading. But the many testimonials from 👉Mrs Nura David made me wonder if I can trust him. I contacted him with my question and now I am enjoying my benefits ... do not hesitate to contact him|10159548218918904|Diana Varcoe Hurst|2022-02-03 01:31:46|1|0|10159547921858904|facebook
Kelly Becker we won’t do it this way.|10159551894603904|Sonia Thiessen|2022-02-10 01:31:45|1|0|10159547921858904|facebook
My father had all those and still died from malaria.|10159551535308904|Emelle Mybell|2022-02-10 01:31:45|1|0|10159547921858904|facebook
lmfao. You obviously do not understand what has happened over the last 2 years, the science behind it, the whys and hows of vaccines or viruses, and why it's still important to get vaccinated. Just another bellowing FB Doc. Buh Bye. 🤡|10159548726788904|Alex Buchanan|2022-02-03 01:31:59|1|0|10159547921858904|facebook
I got shingles immediately after AZ and the Dr. Told me its common with AZ.|10159548884328904|Peter Adams|2022-02-03 01:31:59|1|0|10159547921858904|facebook
you first.|10159549004898904|Dave Lockie|2022-02-03 01:31:59|1|0|10159547921858904|facebook
the only people that I know that have tested positive for Covid or have been sick in general the past few months are the ones that have been vaccinated|10159549304978904|Crystal McLean Ferguson|2022-02-03 01:31:59|1|0|10159547921858904|facebook
Most Canadians have been to Emergency at some point in their lives and if you didn’t need to be rushed through to the ICU, it probably meant a very long night in a chair, waiting to be seen! This would be the standard that I’m familiar with, so while the pandemic probably hasn’t helped, it also hasn’t been a defining moment.|10159550491723904|Alan MacDonald|2022-02-10 01:31:45|1|0|10159547921858904|facebook
Two years since the Pandemic and you still think Covid is Polio. I literally knew better in 1978 when I was 8 years old. When people crippled from Polio were about. When us kids would discuss sickness and our Vaccines. Brag about getting the Mumps on both sides of our face etc. Vaccines for Influenza? Like come on, back then as children we figured it out. And we lived or died through HIV. Educate yourself man. Where is your head.|10159548236978904|Paul Champagne|2022-02-03 01:32:00|1|0|10159547921858904|facebook
obesity isn’t a highly contagious respiratory virus that has effects that can easily be mitigated by vaccination.  Vaccine-ignoran ce, even among the vaccinated is a real thing, and real problem.|10159550281228904|Cory Karp|2022-02-10 01:31:45|1|0|10159547921858904|facebook
thousands or is it millions have got really sick and died from covid. Kinda a big deal to them and their families.|10159548253578904|Craig Lindsay|2022-02-03 01:32:00|1|0|10159547921858904|facebook
so your excuse is “it’s broken, so let’s make it worse by being irresponsible with public health?”|10159550278753904|Cory Karp|2022-02-10 01:31:45|1|0|10159547921858904|facebook
that logic doesn't work for COVID just like it doesn't work for the flu, they're too contageous. That isn't misinformation it's a fact you can see play out in real life. You're just as un-educated as the people you're complaining about 🤣|10159548262863904|Graham Carter|2022-02-03 01:32:00|1|0|10159547921858904|facebook
You're actually not saying anything. Are you even sure what day it is or where you are? You don't seem capable of understanding what is in this post or thread.|10159548394538904|Paul Champagne|2022-02-03 01:32:00|1|0|10159547921858904|facebook
Another who has not picked up a book about those diseases and how vaccines work.  All of those? We were vaccinated and as a result, became naturally immune. That means we could neither catch the virus nor pass it on. It was an extreme rarity once vaccinated against those, to get or pass on the virus. Period. This led to near eradication.  The Covid vaccines provide neither of those things, by any stretch of the imagination. 90% of the population vaccinated and the cases rising🤔 does that challenge your assertions even just a little? Does it make you double check your grade 10 science just a little?  Stop being part of the bleaters. Go back to the books, you can't trust whomever has fed this misinformation to you.|10159548480183904|Daniel O'Keefe|2022-02-03 01:32:00|1|0|10159547921858904|facebook
not a single statement un your comment is true 🤣🤣 🦜🦜🦜🦜|10159548166458904|Gabrielle Hou|2022-02-03 01:31:53|1|0|10159547921858904|facebook
yes, they can, but at a MUCH lower rate than if vaccinated.|10159550269388904|Ron Pohl|2022-02-10 01:31:45|1|0|10159547921858904|facebook
the irony is that it is most likely the exact opposite!! 🤣|10159550098118904|Ken Maynard|2022-02-10 01:32:01|1|0|10159547921858904|facebook
SK has now announced that the QR passes and mandates are done as of Monday with mask restrictions lifted at the end of the month.|10159553482433904|Joanne McClelland|2022-02-10 01:31:39|0|0|10159547921858904|facebook
bet you do not live in canada|10159550015768904|Teya Shearing|2022-02-10 01:31:45|1|0|10159547921858904|facebook
Do you really think getting rid of Trudeau is going to make you safer?|10159549010343904|Dave Lockie|2022-02-03 01:32:02|1|0|10159547921858904|facebook
i go for hospital appts all the time and mot nurses will tell you people in icu are not covid patients but people who are actually sick from cancer, heart diseases etc|10159549960518904|Barbara Harrod|2022-02-10 01:31:58|1|0|10159547921858904|facebook
they had 2 years to come up with something that could mitigate symptoms, but we had to wait for the all powerful Pfizer to come up with something 🙄. Soon every pill you ever take will made by them, and maybe some from Moderna to make it look like there is a free market!|10159548832018904|Perry Senior|2022-02-03 01:31:46|1|0|10159547921858904|facebook
Your a special kind of stupid if you don't realize this is all about control and money|10159550307068904|Scott Smith|2022-02-10 01:31:57|1|0|10159547921858904|facebook
"Are you really this thick? Maybe you should educate yourself about what has happened over the course of 2 years, how the vaccines were produced, how viruses mutate to become variants with higher transmissibilit y and reduced sensitivity to antibody neutralization - you know, how they are no longer the same as the original virus and yet we are using the vaccine developed from that virus' genetic sequence, why even though the vaccines still prevent ""most' people from serious illness and death, the immunocompromis ed, and high-risk groups are more likely to suffer from more serious effects of the virus no matter the disease and the fact that no vaccine is ever 100%. My god, why are people so immune to knowledge?"|10159548410668904|Alex Buchanan|2022-02-03 01:31:57|1|0|10159547921858904|facebook
MESSAGE TO THE GLOBE AND MAIL: This is now pathological. Seek help.|10159548891953904|Alex Baird|2022-02-03 01:31:38|0|0|10159547921858904|facebook
moving the conversation to children when it had nothing to do with them in the first place is dishonest and only proves (again) you have zero arguments|10159548313058904|Denis Smith|2022-02-03 01:31:56|1|0|10159547921858904|facebook
that is such a lie|10159548311768904|Nellie Dinis|2022-02-03 01:31:38|0|0|10159547921858904|facebook
No you need to stay at home|10159549001328904|Dave Lockie|2022-02-03 01:31:56|1|0|10159547921858904|facebook
seatbelts straggling people not old enough to drive walking to school No liability  Eh Pfizer Leave the kids alone|10159549033348904|Sean Eyre|2022-02-03 01:31:56|1|0|10159547921858904|facebook
What a dumb post ffs wake up it’s a scam from start to finish|10159548375083904|Byrdman Buchanan|2022-02-03 01:31:38|0|0|10159547921858904|facebook
Here we go again… 🤦🏻‍♀️|10159548245628904|Kaleema Asya Khan|2022-02-03 01:31:38|0|0|10159547921858904|facebook
I found it very difficult to trust someone or post here due to the unpleasant experience I had when I tried to start trading. But the many testimonials from 👉Mrs Nura David made me wonder if I can trust him. I contacted him with my question and now I am enjoying my benefits ... do not hesitate to contact him|10159548218473904|Diana Varcoe Hurst|2022-02-03 01:31:57|1|0|10159547921858904|facebook
yep. Now we are going to try, “two weeks to flatten the tyranny”|10159548242608904|Nolan Irwin|2022-02-03 01:31:57|1|0|10159547921858904|facebook
This is hilarious,mean while I am unvaccinated and have had Covid-19,maybe still carrying it and have 5 kids all live at home,4 kids go to school,3 kids work in 3 different restaurants,1 other of my kids works as a receptionist fulltime,my wife works fulltime as a tech for a company. You can call me a mega-spreader,l ol🤣. Can anyone explain how these mandates/ vaccine passports work again? 🤣 Expert That Maybe this will possibly get blocked by Facebook or the Government,🤔|10159548956878904|John Marche|2022-02-03 01:31:38|0|0|10159547921858904|facebook
"You can report it to Facebook for that I think. 3 little dots at the top right ""find support or report post"". I just did it. I report Justin Trudeau for terrorism all the time, just for fun."|10159548646453904|Brefney Charlton|2022-02-03 01:31:47|1|0|10159547921858904|facebook
Alex, try to grasp what I am saying , if you aren’t too thick. I am pro vaccination but am not too high on myself to not understand why after two years of the football being yanked away that plenty of people are fed up . Nobody, including our health experts, who initially also told us masks don’t help btw, are 100% right or wrong.|10159548458618904|Jim Kavanagh|2022-02-03 01:31:57|1|0|10159547921858904|facebook
Wait, you honestly think the majority of people vaccinated are happy that the government coerced them to get vaccinated for their own good or else and then tracked their phones for their own good and disrupted their lives, lost their jobs and closed their buisnesses?  American right-wing groups are holding you hostage until freedom improves? Weird, I thought it was the Russians. Does it scare you to think that it might be the people who take away your garbage, repair your house, fix your car, deliver your food and protect you at night want the freedoms that you're oppsed to?|10159549778023904|Rusty Shackleford|2022-02-10 01:31:57|1|0|10159547921858904|facebook
not because you dont like the information that it is misinformation|10159548422793904|Gabrielle Hou|2022-02-03 01:31:47|1|0|10159547921858904|facebook
Kelly Becker Do people actually think we can vaccinate our way out of this?! Serious question. If 100% of people are vaccinated at varying times of the year and the efficacy of the shot wanes quickly, then this virus will always be here. Having higher and higher vaccination rates will make no difference in real terms|10159548500923904|Perry Senior|2022-02-03 01:31:57|1|0|10159547921858904|facebook
You can’t. Establishment media by definition cannot spread disinformation. Its infallibility exceeds the Pope’s.|10159548392618904|Colin Pye|2022-02-03 01:31:47|1|0|10159547921858904|facebook
Why am I not surprised your response is a meme vs a well thought out rebuttle. Show me any science that shows that the 10% unvaccinated population are holding up getting back to normal? 🤦‍♂️|10159548512358904|Daniel O'Keefe|2022-02-03 01:31:57|1|0|10159547921858904|facebook
Kelly Becker 😳... This is not any science. From anywhere. The variants infect the vaccinated as well as the unvacinnated. The vaccinated are still dying and getting seriously ill. Vaccination isn't the problem the lack of treatment is the problem. Chronic understaffing in hospitals prior to the pandemic is the problem. Adding to that understaffing because of dismissals. Understaffing because of ....hold on to your hats... Staff shortages due to the staff who are vaccinated being infected with covid from other vaccinated people and having to isolate 😳😳😳.... Say it ain't so 🤦‍♂️|10159548516193904|Daniel O'Keefe|2022-02-03 01:31:57|1|0|10159547921858904|facebook
is that all from the Dr. Mengele school of medicine?|10159548591723904|Jarret Makrugin|2022-02-03 01:31:57|1|0|10159547921858904|facebook
Wait, is this a post from last year? Weren’t they saying that in 2021?|10159548347718904|Nathan Mason|2022-02-03 01:31:38|0|0|10159547921858904|facebook
I personally know 4 people that have had a heart attack after their booster...count me out|10159548827258904|Cathy Harris|2022-02-03 01:31:57|1|0|10159547921858904|facebook
haha your hilarious. Quebec couldn’t do nothing because it’s our legal right to make decisions on our own medical needs.|10159549562168904|Jansen Jhedward|2022-02-03 01:31:57|1|0|10159547921858904|facebook
With respect, I believe you are missing the point. The government is not responsible for Covid. If the virus mutates due to insufficient vaccination around the world, the virus may require us to have another vaccine to stay safe. I really don't understand why it's necessary to frame this as some sort of government plot - it's happening all around the world. Some places are crying for vaccines and here some people are crying because they don't want them. Human nature is a strange thing. Sasha.|10159549587903904|Gerry Sasha|2022-02-03 01:31:57|1|0|10159547921858904|facebook
What an extremely simplistic statement! 🙈. Pfizer-sponsore d?|10159548291288904|Laurent Cornic|2022-02-03 01:31:38|0|0|10159547921858904|facebook
Says Pfizer media agent|10159548722093904|Brad Salzberg|2022-02-03 01:31:42|0|0|10159547921858904|facebook
