﻿comment|comment_ids|username|datetime|isreply|num_replies|post_id|label
"I suppose one could reach the conclusion that this was a white supremacist demonstration when swastikas' and the confederate flag were being waved around. Given that over 90% of truckers are vaccinated and working only demonstrates that participants in this so called ""protest"" were nothing but malcontents looking to overthrow the government. Want change? Want to change the government? You do it at the ballot-box. You don't illegally squat in Canadian cities and illegally blockade border crossings.  What ""abuse"" of power are you referencing? Trudeau leads a minority government. The EA was brought to the HoC and voted on by duly elected parliamentarian s. Hardly what one could term a dictatorship or abuse of power. The EA is subject to parliamentary oversight."|10159578491813904|Kristen Thomlinson|2022-02-23 17:45:13|1|3|10159578438143904|facebook
Wouldn't an admission that our PM panicked or accepted ill advise be more effective damage control?|10159578545573904|Lebioda Irena|2022-02-23 17:45:10|0|2|10159578438143904|facebook
The majority won this little temper trantrum.|10159578515858904|Joanne Ryan|2022-02-23 17:45:10|0|2|10159578438143904|facebook
The government has failed because it has too much power over the individual. Peaceful Revolution seems necessary.|10159578883173904|Francesco Ciardullo|2022-02-23 00:00:00|0|2|10159578438143904|facebook
The Liberals and MSM promoted an angry narrative right from the beginning. When they saw ordinary everyday Canadians supporting the trucke rs and cheering them on along the way , they knew they had misread the situation and they were going to show the evils of this protest even if they had to create them by only interviewing people that had bad experiences. They double down on the objective flags and foreign donations…and tried to make all the protestors look like ra cists and any other name the PM could muster up that day. That is their favourite tactic. Calling us names because we don’t agree with them/him. He has not a moral ground to stand on , as he is the only person I know of that has dressed up with his face painted black! It should not matter what political stripe you are, you should be sickened by the abuse of power by this government. The PM is the greatest danger to this country right now! He has to go! MO|10159578474918904|Moigradeanu Alexandru|2022-02-23 17:45:10|0|2|10159578438143904|facebook
Fact is, it doesn’t work.|10159578800543904|Brian J Anderson|2022-02-23 00:00:00|1|2|10159578438143904|facebook
Canada technically still has a queen. I remember visiting parliament once and some Americans asking so many questions to try and understand why Canada isn’t a republic and how it works lol I was born in a third world country and learned in school how the Canadian government works and Canadian history.|10159578711013904|Robson Ferreira|2022-02-23 00:00:00|0|1|10159578438143904|facebook
Not at the border to the US and that is the big issue. The federal government in Ottawa owns all of that continuing problem with the accompanying bitterness and bad publicity.|10159584474683904|William Michael Brienza|2022-02-26 00:00:00|1|1|10159578438143904|facebook
and you all seem to forget the US imposed vaccinated protocols at the border before Canada so the protest a moot point|10159584477913904|Paderick Rose|2022-02-26 00:00:00|1|1|10159578438143904|facebook
That is absolutely not true. From March 2020 to September 2020 I crossed the border every two weeks to pickup my mail and medicines in the US. I never had a problem with the American border people but the Canadian border agents put me in 14 day quarantine 10 times. Donald Trump never restricted the Canadian US border. Two days after he became president on 22 Jan 2021 Joe Biden implemented the same exact restrictions on border crossing that the Canadians had since at least March 2020. Biden's actions were in retaliation for the Canadian restrictions with an exception, they were not going to apply to American citizens. Since millions of Canadians are also Americans and millions of Americans are also Canadians that helped a little but not for me. I have been in self-imposed exile since September 2020 and I am not returning to my home in New Brunswick until all corona virus restrictions at the border are lifted.|10159584580303904|William Michael Brienza|2022-02-26 00:00:00|1|1|10159578438143904|facebook
Funny how the Globe is carting out the old establishment to tell us 'This is Canada we don't have freedom here!'|10159578805153904|Adam Slater|2022-02-23 00:00:00|0|1|10159578438143904|facebook
The protest was really against public health measures. “Freedom” in the sense of democracy was never the issue but that approach gained more traction for the subversives in the group. A colossal waste of money with nothing to show for it.|10159579030813904|Murray Crawford|2022-02-23 00:00:00|0|1|10159578438143904|facebook
I think some organizer made off with millions.|10159579171068904|Alice Tu|2022-02-23 00:00:00|1|1|10159578438143904|facebook
That was Doug Fords inaction. Trudeau did not have the authority to act until the EA was enacted. Maybe take a remedial course on political jurisdictions in Canada.|10159578643473904|Billy Black|2022-02-23 17:45:16|1|1|10159578438143904|facebook
All hail the Federal Government 🙌|10159578534668904|Shane O'Hara|2022-02-23 17:45:10|0|1|10159578438143904|facebook
you mean the lack of|10159578884763904|Peter Mesi|2022-02-23 00:00:00|1|1|10159578438143904|facebook
Well theirs the antivaxx cults within a subjective belief system and personal freedom verses personal responsibilitie s within a universal belief system to our fellow citizens. Yes these restrictions do help save lives but then we have to deal with mental health as humans are extremally social creatures and some don't like to be told what to do. So we must somehow find wiggle room in-between such degrees of behaviors and responsibilitie s that focuses on both issues' think it can be done.|10159578759338904|Andrew Merritt|2022-02-23 00:00:00|0|1|10159578438143904|facebook
that were mostly under Provincial Jurisdiction|10159583558658904|Paderick Rose|2022-02-26 00:00:00|1|1|10159578438143904|facebook
Good government? The corona virus mandates were good government?|10159579224858904|William Michael Brienza|2022-02-23 00:00:00|0|1|10159578438143904|facebook
you are right. Restrictions are being lifted across the country and the emergencies act has been revoked. The PMs tail is firmly stuck between his legs and Singh must be livid lol|10159579380613904|Alison Batt|2022-02-23 00:00:00|1|1|10159578438143904|facebook
Spot on. You nailed it.|10159579640853904|Polly Brown|2022-02-23 00:00:00|1|1|10159578438143904|facebook
there was one swastika and one confederate flag. The swastika drawn on a Canadian flag (though a bad call due to the horrible memories it bring to those who suffered) was meant to say that Canada has fallen under a dictatorship. It was not meant to support communism.|10159578649998904|Brandon Bartlett|2022-02-23 17:45:13|1|1|10159578438143904|facebook
Collectivism is a nice way of calling people Lemmings. Also, describing what we have right now as good government is a joke.|10159578840738904|Ryan Bennett|2022-02-23 00:00:00|0|0|10159578438143904|facebook
"That man with hakenkreuz flag had crew of photographers follow him from the beginning. He was fully masked, who knows who that was. On the other hand no word about original report of two convoy members setting a fire to apartment. After their pictures were out and you can see ""the type"" we never heard about it again. https:// www.cbc.ca/news/ canada/ottawa/ ottawa-police-ar son-investigati on-fire-apartme nt-lobby-1.6342 347"|10159578567578904|Lebioda Irena|2022-02-23 17:45:13|1|0|10159578438143904|facebook
True|10159579637348904|Polly Brown|2022-02-23 00:00:00|1|0|10159578438143904|facebook
Might be about to change...|10159578865318904|Frederick Hollinger|2022-02-23 00:00:00|0|0|10159578438143904|facebook
When are we going to listen to trucker’s demands to end 5G signals, immigrants, vaccines, carbon tax, abortion, bike lanes, colorful socks, and women who work outside the home?|10159579032258904|Peter Muller|2022-02-23 00:00:00|0|0|10159578438143904|facebook
yes|10159579177738904|Keith Roberts|2022-02-23 00:00:00|1|0|10159578438143904|facebook
Well good governance can be eliminated from that statement|10159578683318904|Patrick Perrier|2022-02-23 17:45:10|0|0|10159578438143904|facebook
try voting|10159579449303904|Mark Lefebvre|2022-02-23 00:00:00|1|0|10159578438143904|facebook
the feds poke their noses in provincial affairs all the time. Come on already|10159578746158904|Andrew Dominowski|2022-02-23 00:00:00|1|0|10159578438143904|facebook
ma che cazzate, ma vai a votare.|10159579762128904|Senia Ra|2022-02-24 00:00:00|1|0|10159578438143904|facebook
He didn't panic, he got the job done, which is more than can be said of Doug Ford who's jurisdiction it was in. Maybe if Ford did his job Trudeau wouldn't have to.|10159578621873904|Billy Black|2022-02-23 17:45:16|1|0|10159578438143904|facebook
it works just fine.|10159578878808904|Scott Verge|2022-02-23 00:00:00|1|0|10159578438143904|facebook
and do you suggest a President works better, not been impressed with some that are out there.|10159578976018904|Margo Harding|2022-02-23 00:00:00|1|0|10159578438143904|facebook
"Collectivism is 2 wolves and a sheep voting on what is for dinner tonight... collectivist can never fathom that they would EVER find themselves ""in the wool""... fools."|10159578527013904|Roberto Andino|2022-02-23 17:45:10|0|0|10159578438143904|facebook
I think people tend to forget that the only major violence from citizens during this whole thing is when an alleged far left radical plowed into 4 people with his SUV and fled the scene in Manitoba.|10159578873218904|Christine Blacquiere|2022-02-23 00:00:00|1|0|10159578438143904|facebook
well go to China or North Korea and get your Freedom there.|10159579685908904|Vilma Villamor|2022-02-23 00:00:00|1|0|10159578438143904|facebook
Really? And you know this how?|10159579639648904|Polly Brown|2022-02-23 00:00:00|1|0|10159578438143904|facebook
I was told Biden had them in before Canada and a Convoy Trucker stated that. You will recall the same US government told American's to not go to Canada re spikes in Case's. Trump is a idiot he put sanctions on Canada 2x and the military at the border cause he said Canada was a security threat from the war of 1812, when the British burned down the White House.|10159584593188904|Paderick Rose|2022-02-26 00:00:00|1|0|10159578438143904|facebook
because they interviewed the guy.|10159579700083904|Brandon Bartlett|2022-02-24 00:00:00|1|0|10159578438143904|facebook
please expand ?|10159578880138904|Peter Mesi|2022-02-23 00:00:00|1|0|10159578438143904|facebook
The restrictions were scheduled to be lifted anyway. And the act was revoked after the cities had been cleared. One could argue that the government got what it wanted with the act because one of the things that will happen will be a inquiry into not only the reasons for invoking it but also how the protest came about and who was involved.|10159581815963904|Christine Campbell|2022-02-25 00:00:00|1|0|10159578438143904|facebook
It wasn't a revolution, no one got killed, it's a protest. They happen all over the world, what a base shallow comparison rooted in Canadian smugness.|10159578690583904|Graham Carter|2022-02-23 00:00:00|0|0|10159578438143904|facebook
well said that is so black & white, the question here is can people understand what you said? Time will tell, thanks for explaining that so well,|10159579182048904|Keith Roberts|2022-02-23 00:00:00|1|0|10159578438143904|facebook
