﻿comment|comment_ids|username|datetime|isreply|num_replies|post_id|label
I have my doubts that the editorial board of the Globe & Mail has all the necessary intelligence to declare the Emergencies Act should be repealed today.  The Act is due to expire about three weeks from now. Does the editorial board at G&M know there is no danger that if the measures are lifted early and the extra police go home that the Freedom Convoy will not regroup and reoccupy Ottawa?  I would appreciate it if the editors would share their special knowledge with their readers.|10159574726298904|Stephen Best|2022-02-23 17:54:10|0|6|10159574648533904|facebook
He had no jurisdiction before invoking the act. Once the act was invoked he could over ride provincial and municipal jurisdiction and get done what needed to be done.|10159574984013904|Mike Brown|2022-02-23 17:54:20|1|3|10159574648533904|facebook
I am not a supporter of the truck convoy ‘protest’...but invoking the Emergencies Act is unwarranted & dangerous to our democracy. The government says it will only be in effect until no longer needed. Canada Income Tax Act was invoked in 1917 to fund WW1 and was intended to be temporary...we all know how that has turned out.|10159574782288904|Jannette Trussler|2022-02-23 17:54:10|0|3|10159574648533904|facebook
The draconian mentality of Justine' and his minions cannot be allowed to fester. . parliament must get around the negotiating table to meaningfully negotiate a solution which meets Canadian'' concerns and restores dignity and respect to our Country|10159574688378904|Sandy McInnis|2022-02-23 17:54:10|0|3|10159574648533904|facebook
There was never justification for it!! But or little tyrant #Trudeau will never release his power grab. Like the true dictator he his!!|10159575079653904|Kevin Denault|2022-02-23 17:54:10|0|3|10159574648533904|facebook
Lol. I am free to spout my mouth off because I live in U.S. where we are united against the mandates. The U.S. Freedom Convoy starts soon. The difference between the Americans and Canadians is that the majority of Americans will support the FREEDOM CONVOY. Something you should have done for your children and grandchildren.|10159574823713904|Phyllis Tisdale|2022-02-23 17:54:16|1|3|10159574648533904|facebook
there are no arguments for!! Trudeau did not even use the powers he had prior to enacting emergency act, why would he need more?|10159574865578904|Chris Urban|2022-02-23 17:54:10|0|3|10159574648533904|facebook
Thank god for the enforcement! If this circus was on protesters street , horns going day and night , parties going on, toilets set up, garbage, desil trucks running day and night. You don't think protesters would be up in arms???|10159574774498904|Bonna Haldenby|2022-02-23 17:54:10|0|3|10159574648533904|facebook
houston bc, last thursday. 100x.|10159575052873904|Clara Chol|2022-02-23 17:54:13|1|3|10159574648533904|facebook
The difference is how the people fight back or don’t fight back. The Americans are united against the mandates. Our Freedom Convoy starts soon and the majority of us will support the Freedom Convoy and all of the inconvenience that comes with it. We’re done with this tyranny!|10159574874893904|Phyllis Tisdale|2022-02-23 17:54:17|1|2|10159574648533904|facebook
hope you don't vote for him regardless|10159575823938904|Mike Kauppi|2022-02-23 17:54:14|1|2|10159574648533904|facebook
Dippers will never let that happen. Singh just lied saying “ reluctantly “ we will support the War Measures ACT. What a load that is.|10159575256058904|Peter Morel|2022-02-23 17:54:17|1|2|10159574648533904|facebook
you are not getting the facts, Clara, sorry. Many, many businesses closed. The entire Rideau Centre mall closed, putting 1,500 people out of work. I'm sure some businesses did profit, but many closed, and residents felt scared and terrorized by occupiers, whose vehicles stretched well up into residential areas. They harassed people for not wearing masks and blared their air and train horns day and night. It was a nightmare for thousands of people living in the area. If the occupiers had even made that one choice--not to target residents' lives through constant horn blaring--they'd probably still be there roasting marshmallows over their open fires.|10159575218153904|Sean Ledwich|2022-02-23 17:54:13|1|2|10159574648533904|facebook
oh i don't doubt it. The truckers stopped at 10pm every night until the court order which they followed immediately.|10159575216038904|Clara Chol|2022-02-23 17:54:13|1|2|10159574648533904|facebook
, I'd say the lack of action on the municipal and provincial levels will be more damaging to those politicians in the long run here. As for violence, one air horn clocks in at 150 dB. Any sound over 120 dB can cause immediate damage to hearing. Leaning on those suckers day and night, which they were doing until the city cracked down on them, could be considered both physical and psychological assault. Before Y'all Queda start laughing at this, consider that the CIA uses sound and music to torture prisoners until they break...|10159575193813904|Colin Spencely|2022-02-23 17:54:13|1|2|10159574648533904|facebook
I disagree it is a moot point. Now that Trudeau enacted the Emergency Act for a peaceful protest where do we go from here. It was so easy for him to do, and the next time it will be easier. Believe me, there will be a next time. Let us hope we do not reach a point where our Charter is replaced full time by the Emergency Act.|10159574890843904|Ed Gilpin|2022-02-23 17:54:10|0|2|10159574648533904|facebook
did you visit the protest site or are you relying on mainstream media?|10159574792383904|David Barr|2022-02-23 17:54:19|1|2|10159574648533904|facebook
I have an education in public health. I know what the information actually means, not what a seperatist manipulates me.into believing. Second, I watched Pat King's past videos and posts. Some journalists did a good job of finding them I got to hear his own holocaust denying, racist tirades about abolishing governments etc... in short, I got my info right from the source.|10159575020938904|Rob Moulton|2022-02-23 17:54:12|1|2|10159574648533904|facebook
All 4 party house leaders agreed to not having parliament convene, based on the recommendation from the police and Parliamentary Protection Services. In other words the people with some knowledge of what could happen in a worst-case scenario.|10159575147893904|David Murray|2022-02-23 17:54:16|1|2|10159574648533904|facebook
First, do you have any background in infectious diseases? No? Thought not. I on the other hand DO have a degree in public health, and have been fighting infectious disease since before you ever heard of a pandemic.  Second, it was never about the virus. Thebleaders were known wexit and Quebec separatists who had organized several attempts to remove the government. It was the same organizers as the yellow vests and the other convoys. They thought they had an issue more people would agree with, and tried again.|10159574881528904|Rob Moulton|2022-02-23 17:54:12|1|2|10159574648533904|facebook
the law this government enacted was passed in 1988 by the Mulroney PC's. Was the 'Metis uprising' after that?|10159575046823904|Ron Pohl|2022-02-23 17:54:13|1|2|10159574648533904|facebook
We always have had protests on the hill. Many I have been to myself. This is the first one that has ever been deemed illegal to my knowledge and that is because it was. And yes, I am quite sure your friends had a great time. As long as they weren't wearing a mask and proclaiming our country is sh*t, they would be welcomed with open arms.|10159574886938904|Mary Louise|2022-02-23 17:54:16|1|2|10159574648533904|facebook
, let's assume all you say is true. Nonetheless, it took invoking the Emergencies Act to liberate the people of Ottawa from an illegal, violent occupation. Obviously, had the Emergencies Act not been invoked, the people of Ottawa would still be hostages and the city would still be under violent occupation.  Moreover, it is reasonable and necessary to plan for the possibility that had the Freedom Convoy's hostage taking continued like-minded, lawless, hateful people would have used the same tactics on other people in other cities.  I suggest no reasonable case can be made that a court will uphold the notion that the Emergencies Act was not necessary. The good news is we will find out. The issue is going to court.|10159574890453904|Stephen Best|2022-02-23 17:54:18|1|2|10159574648533904|facebook
Actually, it is being voted this evening by all MPs. There are no more National threats, many expert's feel it never met the definition, it is time to heal not divide any more than it is.|10159574771493904|Richard Tyo|2022-02-23 17:54:15|1|2|10159574648533904|facebook
There is zero evidence lockdowns have worked anywhere in the world. Zero.|10159575014588904|Trevor Hildebrandt|2022-02-23 17:54:12|1|2|10159574648533904|facebook
I guess you have different friends then I do. The ones I know down there had a great time, business opened up and made money for the first time in years, people had respect and treated them kindly. Perhaps because they were polite interacted with the protestors and did not try and create tension. I think there was a very different experience for those supporting mandates and segregation then for those who supported our freedoms.  So just like everything else it is a matter of perspective and that is why we need to allow protests so every voice can be heard. If you don’t want to hear them put in earplugs and move on.|10159574869063904|Hadi Feltham|2022-02-23 17:54:16|1|2|10159574648533904|facebook
it was all in the name of being able to enforce parking infractions. I feel bad for Ottawa residents who will now have their vehicle seized and sold for illegally parking or staying longer than they paid for the metre.|10159575165968904|Ryan Doherty|2022-02-23 17:54:20|1|1|10159574648533904|facebook
he evoked the emergency act so that the RCMP could legally do bylaw enforcement & write parking tickets. The emergency was over parking tickets.|10159575009128904|Ryan Doherty|2022-02-23 17:54:20|1|1|10159574648533904|facebook
The American democracy is very different from the Canadian parliamentary system. Get educated on the differences.|10159574867168904|D.E. Kooper|2022-02-23 17:54:17|1|1|10159574648533904|facebook
You would rather have the noise? Have you seen what else was happening other than noise? You would welcome this in front of your house for 3 weeks? Come on...it's okay to protest or whatever, but do it respectfully. If you are okay with this, give me your address, and I'll tell my friends to go park there for YOUR protest coming up.|10159574866698904|Ellie Mcintosh-Barber|2022-02-23 17:54:17|1|1|10159574648533904|facebook
That’s a small price to pay for FREEDOM. Look what you have now. You have a DICTATORSHIP. I would rather have the noise.|10159574782593904|Phyllis Tisdale|2022-02-23 17:54:16|1|1|10159574648533904|facebook
if this is a dictatorship, you wouldn’t be here spouting your mouth off, you’d be disappeared. Not sure you know what the word means.|10159574809563904|Frank DeJong|2022-02-23 17:54:16|1|1|10159574648533904|facebook
unimportant|10159574755128904|Richard Tyo|2022-02-23 17:54:20|1|1|10159574648533904|facebook
You should maybe direct this at . He seems to reside in La La Land.|10159575272343904|Mary Louise|2022-02-23 17:54:16|1|1|10159574648533904|facebook
What is moot?|10159574734308904|Michael Molteni|2022-02-23 17:54:10|0|1|10159574648533904|facebook
we are as always. Blame Trudeau he could have diffused it before it started|10159575164478904|Chris Urban|2022-02-23 17:54:20|1|1|10159574648533904|facebook
, hearsay ??? Nothing factual, pics or videos ??? You accept lies very easily|10159575016128904|Tom Edwards|2022-02-23 17:54:16|1|1|10159574648533904|facebook
the more violent protest on the hill from the past have not been deemed and emergency because our corrupt PM was on their side. There is no need for these measures today and set a precedent for the future you may disagree with but it will be late!  This about freedoms of thought and expression along with ending mandates.  I hope you have a great time living under communist rules.|10159575278278904|Hadi Feltham|2022-02-23 17:54:16|1|1|10159574648533904|facebook
Keep the police there a little longer to make sure they don't regroup. Also, it's highly likely they're going to start again somewhere else. Keep it in place for the 30 days to ensure no flare-up. We should have done the same with Covid: we got down to 2 cases left then opened, and ended in disaster. We should have gotten to 2 cases cases, isolated for 2 to 4 weeks (2 incubation periods, not arbitrary but logic)weeks of 0 cases, then its done. Same for this kind of thing: get the first hurfmdle cleared, then hold at 0 for a time to make sure it really has calmed and it isn't a lull or a wave. Learn from Ford's mistakes.|10159574844193904|Rob Moulton|2022-02-23 17:54:10|0|1|10159574648533904|facebook
What is your address...I'll come help you support. Hope your kids don't mind 24 hour truck horn blasting from 20 trucks directly outside your house (which is a louder decibel than a jet engine!!). Oh, and make sure your wear your mask outside when you TRY to go out, but find everything closed near you, cause of vandalism, people shouting SHEEP at you. Instead, go have a hot tub in the street. Say hi to your white supremist leaders masking as freedom fighters. All this cause some people have a hard time making sure ALL of society is safe...you know, your neighbors, elderly parents, little kids to young for vaccines. Have fun darlin!!|10159574880998904|Ellie Mcintosh-Barber|2022-02-23 17:54:17|1|1|10159574648533904|facebook
. Doesn’t matter what colour the lipstick is it’s still on the pig. Same act just a different name you know like peoplekind and Pensions now call Government Benefit. Same old liberal bs. Got it sweetie. 🤓|10159575927973904|Peter Morel|2022-02-23 17:54:17|1|1|10159574648533904|facebook
What is so draconian about invoking the act. No rights were taken away and the police used minimal force in removing a group that wouldn't lawfully disperse. All the act did was give the federal government the power to step in where the provincial government refused to do anything.|10159574794878904|Mike Brown|2022-02-23 17:54:19|1|1|10159574648533904|facebook
I'm relying on mainstream media and public officials. So, what special insights do you have and from whom are you getting those insights?|10159574799758904|Stephen Best|2022-02-23 17:54:19|1|1|10159574648533904|facebook
, invoking the emergency measures act, opened the door for Trudeau to hire some Americans, and the UN mercenaries, to be used against unarmed peaceful Canadian protestors !!|10159574957058904|Tom Edwards|2022-02-23 17:54:18|1|1|10159574648533904|facebook
ok, you hit the nail on the head. The local police had the power, and chose not to use it. This is not a national level emergency. No new powers were required, a new police chief was required.  The proof of this was that under existing law, they cleared out the other protests in Coutts, Emerson, Windsor and Surrey all before the PM enacted the Emergencies act without any new powers.  Further proof was all the charges have thus far been laid under existing laws of mischief. No new powers required.  But you are 100% correct, the OPS leadership failed, and when replaced with stronger leadership we saw results. Sloly had the authority to do what he needed to do, he has a history of being a new age soft on crime cop. This was the result.|10159574847473904|Brjann Henwood|2022-02-23 17:54:18|1|1|10159574648533904|facebook
the compelling reason is in the proof. The streets of Ottawa are clear and, as of a few hours from now, open for business.  If the police had all the power they needed and used it, the Freedom Convoy illegal occupation would never have lasted for three weeks. It wouldn't have lasted one day.  So, the evidence is the police--municip al and provincial--eit her did not have the necessary power or chose not to use it. Either way, to protect the citizens of Ottawa the Emergencies Act was necessary. All the evidence, and mean all it, proves that.|10159574843428904|Stephen Best|2022-02-23 17:54:18|1|1|10159574648533904|facebook
There were no compelling reasons for it. There were compelling reasons against it. This was a local emergency in Ottawa, and the police had all the power they needed. After all their charges have all been mischief related, which existed before the emergency powers were enacted. The police tactics used, were used in other protests to great extent without any special powers needed. They already had the legal authority to tow and impound ‘ seize vehicles, no special powers needed.|10159574809373904|Brjann Henwood|2022-02-23 17:54:10|0|1|10159574648533904|facebook
, yeah, the cops used kid gloves here. Watch how the RCMP assaults Wet'suwet'en land defenders on their own unceded land and compare it against this action...|10159574869038904|Colin Spencely|2022-02-23 17:54:19|1|1|10159574648533904|facebook
Why didn't the CON Premier do anything instead of going snowmobiling. He never said a word about the situation until The Prime Minister acted.|10159574881943904|Steven Ma Goo|2022-02-23 17:54:10|0|1|10159574648533904|facebook
, this is a question that should be asked. Ottawa is a city with its own police force in the province of Ontario, which also has its own police force. This was a city and province problem and neither of those levels of government lifted a finger to fix this mess.|10159575032128904|Colin Spencely|2022-02-23 17:54:19|1|1|10159574648533904|facebook
exactly.|10159575034553904|Steven Ma Goo|2022-02-23 17:54:19|1|1|10159574648533904|facebook
The US was the country that required truckers to show proof of vaccination. So much for your flaccid argument.|10159574918433904|Chrys Kaloudis|2022-02-23 17:54:17|1|1|10159574648533904|facebook
O'Toole has already been dumped. Yay!!!!|10159575534018904|Mary Louise|2022-02-23 17:54:17|1|1|10159574648533904|facebook
today is the day Trudeau and Singh get dumped by their MPs.|10159575328593904|Robert Boyd|2022-02-23 17:54:17|1|1|10159574648533904|facebook
U.S. Government VAERS Website Over 23,000 vaccine deaths. Over 1,000,000 vaccine injuries. And only 1% to 10% of vaccine deaths and injuries get reported. Try looking it up. The jabs are neither safe or effective.|10159574994378904|Phyllis Tisdale|2022-02-23 17:54:17|1|1|10159574648533904|facebook
Enjoy your new normal. Americans will never accept TYRANNY. We’re not tired of protests, we’re tired of tyranny. We will fight until we win. We are already winning. Shame on you for not having the courage to fight back. Look what you have now. The world is watching and is aghast at what Trudeau has done to the once free Canada.|10159574989983904|Phyllis Tisdale|2022-02-23 17:54:17|1|1|10159574648533904|facebook
I'll be just fine thanks. Enjoy your commenting/ deflecting on posts without no real discussion or even acknowledgement of the logic people say to you. Peace and love!|10159574986903904|Ellie Mcintosh-Barber|2022-02-23 17:54:17|1|1|10159574648533904|facebook
All this because many Canadians realize you are losing your rights. And no child or adult should be forced to be injected with an experimental vaccine that has never been studied for long term side effects, does not provide immunity, does not prevent infection and does not prevent transmission. The jab has and continues to kill and medically injure people every single day. All that for a virus that has a 99% survival rate. The jab is not about our health. It was never about our health. It is about complete control of the people. And the dictators knew how easy it would be to accomplish. You are now seeing how easy it was to brainwash the masses into lining up to inject an experimental drug into their healthy veins. Be careful of those nasty adverse reactions.|10159574970568904|Phyllis Tisdale|2022-02-23 17:54:17|1|1|10159574648533904|facebook
I have seen what legacy media has been reporting. I have seen hundreds of videos made from those on the ground at Ottawa. There is a huge disparity and was obviously a safe place to be for anyone not hurling insults. The whole country has seen it.|10159574865133904|Ted Friesen|2022-02-23 17:54:16|1|1|10159574648533904|facebook
That is reason for the U. S. Freedom Convoy silly. To fight ALL mandates.|10159574952268904|Phyllis Tisdale|2022-02-23 17:54:17|1|1|10159574648533904|facebook
oh right because no travellers would have had the virus arriving from other countries ? You really think you can catch air with a fishing net lol . There will always be cases and it’s not going any where Learn to live with it|10159574875628904|Mikey Surla|2022-02-23 17:54:12|1|1|10159574648533904|facebook
Pick a message. Just one. The reason the protest fell apart is because every time the stupidity of the message was pointed out, the message changed. There's no 'freedom' protest. There never was. It's a separatist and extremist protest. And both countries have seen enough of that garbage.|10159574965753904|Chrys Kaloudis|2022-02-23 17:54:17|1|1|10159574648533904|facebook
I have heard of people against this movement being thrown to the ground while trying to get pictures and videos. Maybe that is why you aren't seeing much of the other side of this.|10159574867648904|Mary Louise|2022-02-23 17:54:16|1|1|10159574648533904|facebook
I have many friends living in the area. Through this occupation, some had to leave their homes to live with friends. Others were attacked and had their masks ripped off. Still others were threatened and sworn at. Why would I be stupid enough to put myself in that danger?|10159574862778904|Mary Louise|2022-02-23 17:54:16|1|1|10159574648533904|facebook
Jan Zonq They certainly did! The funding was reaching everywhere! I know people who sat in a truck for 3 weeks in Ottawa and the stuff I learned!! The $$$ was the head of the snake.|10159575326548904|Ellie Mcintosh-Barber|2022-02-23 17:54:14|1|1|10159574648533904|facebook
"So we've seen multiple ex police chiefs and criminology professors interviewed over the last days saying that it was necessary in the context and explaining why but then some glorified opinion piece like this garbage is published with no real evidence as to why it was ""bad"""|10159574884898904|Kurt Ruetters|2022-02-23 17:54:10|0|1|10159574648533904|facebook
It was bad because it now sets a precedent in Canada. The Act is meant for actual threats to the security of the country. A bunch of people protesting with little to no violence, no burning, no looting is NOT a threat to anyone.|10159574896598904|Ruth Figueira|2022-02-23 17:54:22|1|1|10159574648533904|facebook
you might want to read/ watch the coverage from the interviews with the ex police chiefs and criminology professor to see why it was.  Lack of response or support from provincial government, implication on infrastructure, trade, business and other factors.  Was it mostly peaceful? Yup. Was it a protest? No, more of an occupation. Most occupations of this type haven't been tolerated in remote sites even for more than a few days/a week. Nevermind 3 weeks.|10159574902548904|Kurt Ruetters|2022-02-23 17:54:22|1|1|10159574648533904|facebook
Really? Cause the Caladonia protest has been going on for years and the Act hasn't been invoked for it. Same with the railway being held up for weeks. Not a mention of it. Same with the actual terrorist attack at the pipeline in BC. I don't think Trudeau has even mentioned that one. The Province is not allowed to tell Police how to do their jobs. The mayor and Police Chief of Ottawa stood by while this was going on. It was nothing but a power grab by Trudeau.|10159574925053904|Ruth Figueira|2022-02-23 17:54:22|1|1|10159574648533904|facebook
did you go down there to see how unsafe it was?|10159574859773904|Hadi Feltham|2022-02-23 17:54:16|1|1|10159574648533904|facebook
, unless, of course, they're a bunch of idjits who thought honking their horns would overthrow a government...|10159575318788904|Colin Spencely|2022-02-23 17:54:13|1|1|10159574648533904|facebook
businesses were not forced to close. They chose to. The protest was family friendly, and the horns were not even 1/3 of the time and during that time they did stop every evening.|10159575314673904|Clara Chol|2022-02-23 17:54:13|1|1|10159574648533904|facebook
Give me a break. I was standing in a crowd down town when multiple horns were being blown and the crowd was cheering loudly. I used a decibel meter app on my phone to check noise levels. It was at best rock concert loud, no where near 130 decibels and that was in close proximity to the trucks. Anyone who is claiming the noise levels were unsafe outside, let alone from within the confines of a building is simply lying. Given that the people who were making the noise were the closest to the source, they would be the most affected by the sound. Obviously, if it was as bad as claimed, they wouldn't be doing it for prolonged periods of time.|10159575228053904|Carey Closs|2022-02-23 17:54:13|1|1|10159574648533904|facebook
There is no way to justify this TYRANNY!|10159574780988904|Phyllis Tisdale|2022-02-23 17:54:11|0|1|10159574648533904|facebook
, you're wrong because you lack the ability to stay on point.|10159575162853904|Pat Strueby|2022-02-23 17:54:13|1|1|10159574648533904|facebook
Exactly what about my statement is wrong??|10159575153678904|Ron Pohl|2022-02-23 17:54:13|1|1|10159574648533904|facebook
come ooooon. Ottawa residents were demanding an end to this unlawful occupation, which was closing businesses and ruining their lives, and the occupiers weren’t going to budge until they got to dictate health policy and Trudeau stepped down. They had to be evicted. All the whataboutism is a waste of words.|10159575148763904|Sean Ledwich|2022-02-23 17:54:13|1|1|10159574648533904|facebook
there is no tyranny. Perhaps you don't understand what the word tyranny means.|10159574839683904|Stephen Best|2022-02-23 17:54:22|1|1|10159574648533904|facebook
read your comment over again. The comment you made challenged how severe this protest was. You have a right to be wrong with your opinions, but please have the integrity to admit when your wrong.|10159575057648904|Pat Strueby|2022-02-23 17:54:13|1|1|10159574648533904|facebook
the Metis uprising would be considered 100x worse, than this protest.|10159575031808904|Pat Strueby|2022-02-23 17:54:13|1|1|10159574648533904|facebook
Really?..100x??|10159575020098904|Ron Pohl|2022-02-23 17:54:13|1|1|10159574648533904|facebook
but she used all caps so it must be true 🤦🏼‍♀️|10159574847598904|Stacey Gillis|2022-02-23 17:54:22|1|1|10159574648533904|facebook
it seems to me many of these people neither understand what TYRANNY is nor FREEDOM.|10159574850938904|Stephen Best|2022-02-23 17:54:22|1|1|10159574648533904|facebook
The people in Cuba and Venezuela didn’t think tyranny was creeping in either. Look at them now. You better wake up.|10159574866398904|Phyllis Tisdale|2022-02-23 17:54:22|1|1|10159574648533904|facebook
Tyranny? lmao. Not even close. All these people flinging words around that they don't understand the meaning of.|10159575010723904|Alex Buchanan|2022-02-23 17:54:22|1|1|10159574648533904|facebook
where on earth do you get your info from?|10159574992478904|Carol Gammel|2022-02-23 17:54:12|1|1|10159574648533904|facebook
, there is a hard 30 day timer on this puppy, so that isn't the biggest concern.  The biggest concern is that this may normalize the use of the tool. Trudeau has a minority, so has to play along with others to get what he wants. Imagine a Poliviere or a Bergen with this tool, a majority, and a public that conceivably sees the EA as no big deal...|10159574857258904|Colin Spencely|2022-02-23 17:54:14|1|1|10159574648533904|facebook
, draconian? I think, perhaps, you don't fully understand the meaning of the word.  The organizers, funders, and participants in the illegal and violent occupation of city blocks in Ottawa were not--and are not--being treated excessively harshly or severely. Their treatment is proportional to their alleged crimes and they enjoy all the protections afforded by the Charter of Rights and Freedoms.|10159574750868904|Stephen Best|2022-02-23 17:54:19|1|1|10159574648533904|facebook
did you not see what happened in Ottawa? Ottawa police couldn't get the job done but with help they were successful and citizens get their rights and freedom back.|10159574752953904|Mike McCormick|2022-02-23 17:54:21|1|1|10159574648533904|facebook
I wouldn’t be so sure about that. Give the tyrants an inch and they will take a mile. Tradeau just took 100 miles. Dictators are drunk with power and they very rarely give it up. That’s why he refused to end the mandates in the first place. Look at the power he has now.|10159574811853904|Phyllis Tisdale|2022-02-23 17:54:21|1|1|10159574648533904|facebook
Yes they canceled it on Thursday because there was a police operation that could have become violent if they hadn't behaved so meticulously. It wasn't safe to be there just like it hasn't been safe for those that disagreed with this protest to be there for the last weeks.|10159574858293904|Mary Louise|2022-02-23 17:54:16|1|1|10159574648533904|facebook
Oh good lord .. Although unfocused and quite random from the start, it was a noisy, legal, peaceful protest for the first two days. After that, it became a siege, complete with Nazi flags, Confederate flags, bullying of shop keepers, and total disrespect for the 10,000 people or so that lived there, by a bunch of bullies. knuckle draggers, and adolescents.  Nope. Nice try to use the Slippery Slope fallacy, but the relationship to reality is non-existent.|10159575605243904|Jim Mantle|2022-02-23 17:54:15|1|1|10159574648533904|facebook
Yes I saw with my own eyes. It wasn't what the media told you.|10159574807008904|Carey Closs|2022-02-23 17:54:21|1|1|10159574648533904|facebook
are you a liberal Ellie|10159575662483904|Mike Kauppi|2022-02-23 17:54:14|1|1|10159574648533904|facebook
, good thing the Canadian people decided to limit his power then, isn't it? He ain't my guy by a stretch, but those tiny Trumperz on the other side of the aisle won't get my vote until they ditch the SoCon crap.|10159575772013904|Colin Spencely|2022-02-23 17:54:14|1|1|10159574648533904|facebook
Aaah, the old dictator nonsense. Thanks for the laugh.|10159574828058904|Mike McCormick|2022-02-23 17:54:21|1|1|10159574648533904|facebook
.. not my guy and never was. I didn't like how the Libs voted in lockstep with Cons to erode personal privacy and grant extended powers to CSIS/CSE.  That said, if I were choosing between PP and Trudeau, it's Trudeau. The Trump is strong in the Cons right now and PP gives me more red flags than I can count...|10159575881148904|Colin Spencely|2022-02-23 17:54:14|1|1|10159574648533904|facebook
when the emergency act was announced it has 1 week for it to be discussed then voted on to see if it will be canceled or continue for another 3 weeks. The libs need the NDP to suport keeping it enacted. Singh has said he will support without even allowing full parliamentary debates on it. Remember they canceled parliament on Thursday. The so called emergency is over but we all know what's going to happen.|10159574830068904|Ted Friesen|2022-02-23 17:54:16|1|1|10159574648533904|facebook
It became an illegal occupation, just like the border blockades were illegal, and went on far too long. Peaceful does not equal illegal. These nuts were treated with kid gloves far too long. Should have happened much sooner, as cities and provinces were screaming for help.|10159574998948904|Alex Buchanan|2022-02-23 17:54:15|1|1|10159574648533904|facebook
Then why was it not used on the Blockade? Oh it fit his agenda see that's the problem all citizens are treated equil called Democratic Government. To say this one is okay but that one isn't because of personal choice is not. Infact it's illegal Section 2,6,7 and 8. That's what our Senate has said but you know better right|10159579073688904|Cary Mackenzie|2022-02-23 00:00:00|1|1|10159574648533904|facebook
There never was a compelling reason for the EMA at all but now that it's in place, they'll surely dream up some other false pretense for it's continuation.|10159574721793904|Carey Closs|2022-02-23 17:54:10|0|1|10159574648533904|facebook
Lifted??? It was never passed what are you people on???|10159575580893904|Eddie Davidson|2022-02-23 17:54:10|0|0|10159574648533904|facebook
Draconian? Bring on the histrionics. 🤡|10159575002653904|Alex Buchanan|2022-02-23 17:54:19|1|0|10159574648533904|facebook
I don't care how it was done as long as it got done.|10159574982363904|Mike Brown|2022-02-23 17:54:19|1|0|10159574648533904|facebook
by-law enforcement could not do their job and write parking tickets. That’s why he enacted the EA , so RCMP could do by-law enforcement.|10159575011693904|Ryan Doherty|2022-02-23 17:54:21|1|0|10159574648533904|facebook
ya Ok|10159575173533904|Chris Urban|2022-02-23 17:54:20|1|0|10159574648533904|facebook
Not so fast there are still blockages at the Surrey BC border crossing and protester satellite camps around Ottawa. Let the term of the act run its course|10159575143973904|Peter Spearman|2022-02-23 17:54:10|0|0|10159574648533904|facebook
Lack of using resources, ears and mouth specifically, were the main justification for. Maybe we need a new set of mouth and ears to represent the people as a whole, and not the people as a side.|10159575016968904|Vin Scott|2022-02-23 17:54:10|0|0|10159574648533904|facebook
WOW, there are people who actually believe main stream media and public officials … WOW|10159574852013904|Tammy Aspden|2022-02-23 17:54:19|1|0|10159574648533904|facebook
did you? Do you also know about the thousands of resident complaints, hundreds of ongoing police investigations the fact that business and residents in these areas are gathering together to file a class lawsuit against the organisers and individuals truckers for harassment, violent acts, and loss of financial gains due to.these truckers blocking off the entire core of the city.|10159574800278904|Ashley Faller|2022-02-23 17:54:19|1|0|10159574648533904|facebook
👍🏼|10159574829568904|Michael Molteni|2022-02-23 17:54:21|1|0|10159574648533904|facebook
It doesn’t get any closer. Lockdowns, mask mandates, social distancing mandates, vaccine passports, forced experimental medical procedures (jabs), and now the Emergencies Act to scare people from ever protesting again. That’s tyranny sweetie.|10159575101128904|Phyllis Tisdale|2022-02-23 17:54:22|1|0|10159574648533904|facebook
Trudeau is the equivalent of a school girl kicking and screaming to her rich father for a new pony. 🤦🏼‍♂️|10159577388873904|Robin Morgan|2022-02-23 17:54:10|0|0|10159574648533904|facebook
, Ford was busy playing political games, hoping that if he did nothing, Trudeau would be forced into action and this would land in his lap. As it happens, the fringe at Redneck Coachella and the residents of the Prairies, who would've never voted for Trudeau anyways, won't vote for him in the future. JT ain't my guy (I'd take him over Skippy or any of that ilk though), but I'd wager that he may have even gained some more support by cracking down on Y'all Queda's hoedown, despite the reservations many of us have with the EA being used to achieve the result.|10159575044023904|Colin Spencely|2022-02-23 17:54:19|1|0|10159574648533904|facebook
what about the citizens of Ottawa. We’re they all lying?|10159575481843904|Matty Mac|2022-02-23 17:54:21|1|0|10159574648533904|facebook
It was nice to see parliament make those compelling arguments.|10159575012188904|Pugsley DeCat|2022-02-23 17:54:11|0|0|10159574648533904|facebook
"Singh said Monday the act was needed because all three levels of government had failed to take the threat posed by the convoy seriously until it was too late.  ""Our support from the beginning has always been reluctant,"" he said. ""We were reluctant because it should have never got to this point."""|10159575918663904|Andrew Aulenback|2022-02-23 17:54:19|1|0|10159574648533904|facebook
Not until you are positive our borders are not under threat. At this point, you have no idea.|10159575600538904|Daniel W. Ostler|2022-02-23 17:54:10|0|0|10159574648533904|facebook
"The Editorial Bored is a no nothing do nothing panel that has betrayed the Canadian people. The immediate position must now be to revoke the Emergency Act immediately, the ""emergency"" having passed."|10159575028363904|Tom Ramanauskas|2022-02-23 17:54:10|0|0|10159574648533904|facebook
With Trudeau's ego ? No way. The pillow talk is driving him insane.|10159575526593904|Dennis Paul|2022-02-23 17:54:11|0|0|10159574648533904|facebook
What an embarrassment. 🤦‍♂️|10159575924903904|Jaxon Locken|2022-02-23 17:54:10|0|0|10159574648533904|facebook
He had every jurisdiction he is the prime Minister and this was on federal property he could’ve done whatever he did with the ha completely on his own|10159575163543904|Chris Urban|2022-02-23 17:54:20|1|0|10159574648533904|facebook
oh so that would explain the UN voos in riot gear beating people along with the RCMp!! Got it!|10159575162658904|Chris Urban|2022-02-23 17:54:20|1|0|10159574648533904|facebook
"Singh said Monday the act was needed because all three levels of government had failed to take the threat posed by the convoy seriously until it was too late.  ""Our support from the beginning has always been reluctant,"" he said. ""We were reluctant because it should have never got to this point."""|10159575921033904|Andrew Aulenback|2022-02-23 17:54:22|1|0|10159574648533904|facebook
Maybe because those protests were dealt with by the local police properly? Maybe because the Caledonia protests are actually merited because it's The band's unceeded territory? The RCMP are currently investigating what happened in BC already and have released statements on it...  What evil powers did this give Trudeau specifically that he's been abusing? It allowed police forces to be brought into Ottawa outside of their justifications to be able to displace the protestors as they didn't have the resources required. Also Ford could have authorized this kind of action but didn't. The freezing of accounts thing? Has your account or anyone elses other than key actors in/related to the protest been frozen?|10159574933978904|Kurt Ruetters|2022-02-23 17:54:22|1|0|10159574648533904|facebook
now who is going to pay the bill for the gong show ?|10159575059883904|Peter Mesi|2022-02-23 17:54:20|1|0|10159574648533904|facebook
It amazes me that some people laugh at what Tradeau had done. Dictators don’t take away the people’s freedoms. The sheeple give away their freedoms to the dictators. Good job Canada.|10159574830513904|Phyllis Tisdale|2022-02-23 17:54:21|1|0|10159574648533904|facebook
Like covid19, let’s not abandon measures too quickly - we don’t want the vermin back!|10159575413373904|John Patte|2022-02-23 17:54:10|0|0|10159574648533904|facebook
stroking his personal ego !|10159574926868904|Peter Mesi|2022-02-23 17:54:20|1|0|10159574648533904|facebook
Your logic is stupid, Bonna. You should have more respect for essential workers like the truckers. Are you an essential worker? What are you complaining about when it's these truckers that keep delivering all the products that we buy?|10159574943943904|Pierre-Louis Leclerc|2022-02-23 17:54:17|1|0|10159574648533904|facebook
are you a card carrying liberal|10159575673258904|Mike Kauppi|2022-02-23 17:54:18|1|0|10159574648533904|facebook
indeed. I don't understand why editorials or opinion pieces are even allowed to be part of the news.|10159574881068904|Kurt Ruetters|2022-02-23 17:54:16|1|0|10159574648533904|facebook
ABSOLUTELY, THE EMERGENCY IS OVER....!!!!|10159575313793904|Distasi Mich|2022-02-23 17:54:10|0|0|10159574648533904|facebook
The Coutts blockade? I guess because it wasn't necessary - showing that just because the Act has been declared country-wide, it wasn't used country-wide.|10159579109438904|Jim Mantle|2022-02-23 00:00:00|1|0|10159574648533904|facebook
No the Senate See's different that's why it has been dropped|10159579067593904|Cary Mackenzie|2022-02-23 00:00:00|1|0|10159574648533904|facebook
It may have been a protest until they entrenched themselves for a siege. After that, it was an occupation and Ottawa was being held hostage for Redneck Coachella organized by separatists and white nationalists.|10159575023398904|Colin Spencely|2022-02-23 17:54:15|1|0|10159574648533904|facebook
and Trudeau doesn't, the ah ah ah boy who talks to people like a teacher who's word should be believe without question. The city I'm in over half the council including the mayor were former teachers , spend spend spend then raise taxes.Teachers are NOT the most fiscally responsible people with other people's money.|10159576158943904|Mike Kauppi|2022-02-23 17:54:14|1|0|10159574648533904|facebook
nope. I am politically homeless. :)|10159575871823904|Ellie Mcintosh-Barber|2022-02-23 17:54:14|1|0|10159574648533904|facebook
you failed to mention Trudeau with a majority, he's the scariest. Imagine what that immature clown would do|10159575658308904|Mike Kauppi|2022-02-23 17:54:14|1|0|10159574648533904|facebook
look over there is that a dead cat?|10159574894328904|Mike McCormick|2022-02-23 17:54:14|1|0|10159574648533904|facebook
I believe the biggest tool in this act was the financial one. First thing done was stop the money, and it worked. It was smooth sailing after the funds were seized. We didn't have the laws in place for this situation, and the organizers knew it. Once the bridge was attacked, it was just cause, and the ball started rolling. Whether or not it passes, it has done it's job.|10159574870663904|Ellie Mcintosh-Barber|2022-02-23 17:54:14|1|0|10159574648533904|facebook
Alberta passed Bill C1 to remove the Indigenous blockade of rail lines 2 years ago. Yet with the debacle at Coutts Ab, with angry white people, he didn't have the mustard to invoke that bill. That is what a coward does.|10159574869078904|D.E. Kooper|2022-02-23 17:54:14|1|0|10159574648533904|facebook
exactly|10159575215773904|Jerome Henen|2022-02-23 17:54:14|1|0|10159574648533904|facebook
oh please. Premiers we’re asking him to act— even the Manitoba and Alberta premiers, although now they pretend like they didn’t.|10159575152088904|Sean Ledwich|2022-02-23 17:54:14|1|0|10159574648533904|facebook
tyran trudeau Tyra. With truck driver gave you back fredom mmmm think so rather freedom back poeple ottawa|10159575113093904|Massia A Tracy|2022-02-23 17:54:14|1|0|10159574648533904|facebook
You can say businesses were not forced to close, but when many businesses close because they felt the environment had become unsafe for workers you're taking a narrow view of the reality. And your understanding of when horns were blowing does not coincide with many, many reports from area residents and video reports from media. Before the injunction, they would blow all night, and even after the injunction they were still blowing, though not as much. I still saw many videos posted of blowing happening, and it all picked up again in the days since the Emergencies Act was brought forth. Of course, it has all stopped now, blessedly for the residents. The protest may have felt family-friendly to people who were part of it, obviously, but to the residents in the areas occupied, and the surrounding areas, it felt like anything but. It was tortorous.|10159575437758904|Sean Ledwich|2022-02-23 17:54:13|1|0|10159574648533904|facebook
Hello handsome nice man Nice post🤗🤗🤗 You seem like a nice person. I was browsing through when I stumbled into your page. I can't seem to send you a friend request on my end so I decided to leave a comment here. Can you send me request? It will be nice to meet a new friend like you. I have no bed intention towards us being friends my dear. Thank You!😘😍|10159575431383904|Linda Argent|2022-02-23 17:54:13|1|0|10159574648533904|facebook
I saw people from all walks of life downtown when I went to observe. No one seemed to be bothered by the noise levels and it certainly wasn't any louder than the average rock concert or festival that I've attended. By all means continue to believe what your media tells you rather than address the facts.|10159575330703904|Carey Closs|2022-02-23 17:54:13|1|0|10159574648533904|facebook
You obviously don't live downtown|10159575269293904|Mary Louise|2022-02-23 17:54:13|1|0|10159574648533904|facebook
You are wrong. Businesses had no problem staying open. Except one was forced to close as those against the convoy found out she had donated to it and they threatened her. People who stayed open received so much business one paid their last 3 months and didn't have to close up shop due to covid. Others in Ottawa made food for truckers, offered their home for protesters and pets.|10159575205598904|Clara Chol|2022-02-23 17:54:13|1|0|10159574648533904|facebook
Gosh. I could have SWORN the OP was about the legislation used to end the occupations. I think you're mistaken|10159575165383904|Ron Pohl|2022-02-23 17:54:13|1|0|10159574648533904|facebook
How many weeks did that attack last?|10159575058623904|Ron Pohl|2022-02-23 17:54:13|1|0|10159574648533904|facebook
There was NOTHING compelling about this outrageous power grab. If the media does their job, horrific stories about this overreach abound. We have had MANY protests in canada, many 100x more violent than this. But because this one was politically harmful to trudeau he took unnecessary measures.|10159574945233904|Clara Chol|2022-02-23 17:54:10|0|0|10159574648533904|facebook
you're a moron. A virus is a living thing, its goal isn't to kill the host, thus it mutates into less deadly but more infectious versions. The fact is that we all get it! 99% of the entire global population will end up getting Covid or a variant. Your education on infectious diseases seems to be from out of a cereal box.|10159576557873904|Cameron Stewart|2022-02-23 17:54:12|1|0|10159574648533904|facebook
an education in public health? What did you study, and what’s your degree, in healthcare the Moro is do no harm and yes big government should be abolished, the bigger the government the less pay you will make. To many hands in the trough.|10159575115823904|Carol Gammel|2022-02-23 17:54:12|1|0|10159574648533904|facebook
, the stats say otherwise, junior.|10159575026848904|Colin Spencely|2022-02-23 17:54:12|1|0|10159574648533904|facebook
"American deaths where there were few or uncooperative lockdowns: nearly 2 million. Canadian deaths where lockdowns were implemented and enforced: 36,000. Even adjusted fornpopulatin, we came out EXTREMELY well due to the measures in place. Sweden, who never I.plemented measures suffered more deaths than anyone in the beginning, and are still in a bad place. Want to try again with the BS ""no evidence"" claim?"|10159575018738904|Rob Moulton|2022-02-23 17:54:12|1|0|10159574648533904|facebook
no It will be exported when Trudeau says it will !!! The convoy wasn’t even cleared Freeland couldn’t Waite to tell us that some of these measures of the act are here to stay !! Communism at its finest|10159574872793904|Glen Edwards|2022-02-23 17:54:16|1|0|10159574648533904|facebook
other than the multiple ex police chiefs and criminology professors who were consulted on the matter...|10159574881878904|Kurt Ruetters|2022-02-23 17:54:16|1|0|10159574648533904|facebook
"""Americans, and the UN mercenaries""? Don't make me laugh. Ottawa Police, RCMP, SQ etc - all home grown organisations. As for peaceful protesters ... protesting is one thing, camping on the lawn of parliament, costing the city millions and interfering with the rights of locals to live quietly and go about their business in the area is hardly peaceful."|10159575100303904|Richard Gregson|2022-02-23 17:54:18|1|0|10159574648533904|facebook
I guess we do. Because one of my friends works at the Rideau Centre and that is why it was closed. A mob of maskless men were threatening those wearing masks.|10159574885078904|Mary Louise|2022-02-23 17:54:16|1|0|10159574648533904|facebook
Paul Barringer yep 100% agree. 16% approval rating was the only emergency in town.|10159574951188904|Brjann Henwood|2022-02-23 17:54:18|1|0|10159574648533904|facebook
Julian Christopher I sincerely hope you mean Stephen and not me. I’m not the one arguing it was a good idea to grab power when no emergency and no new power existed.|10159574898588904|Brjann Henwood|2022-02-23 17:54:18|1|0|10159574648533904|facebook
This also reveals that parliament MUST change that law. When a sitting majority can enact and use the full force of this law without the support of either house, fully inside the 7 days is criminal. When a party which only got 32% of the vote can weild a hammer like that without the people's reps having a say, that is a disaster waiting to happen. It will be easier next time for this guy and there will be no law in place to stop him....|10159575107493904|Daniel O'Keefe|2022-02-23 17:54:10|0|0|10159574648533904|facebook
Not until the investigations are completed.|10159575092293904|Marc Neal|2022-02-23 17:54:10|0|0|10159574648533904|facebook
No rush - let's get the job properly done first. So far it has all been very calm and measured and appropriate.|10159575095913904|Richard Gregson|2022-02-23 17:54:10|0|0|10159574648533904|facebook
There was never an emergency to begin with. Trudeau needs to go.|10159574962463904|Wade Dawe|2022-02-23 17:54:10|0|0|10159574648533904|facebook
The emergency act is just a political ruse by trudel and his communist henchmen to debank his political opponents. And ndp are just liberals with a fancy name|10159574931633904|Moigradeanu Alexandru|2022-02-23 17:54:10|0|0|10159574648533904|facebook
And just who do you see doing any better?|10159579064193904|Mary Louise|2022-02-23 00:00:00|1|0|10159574648533904|facebook
I’ll let you sort it out.|10159575822188904|Robert Boyd|2022-02-23 17:54:17|1|0|10159574648533904|facebook
First, and this is important but of course, I wouldn't expect you know, is it isn't the War Measures Act. It is an entirely different thing. Go learn something. Might change your whole life.|10159575361838904|Mary Louise|2022-02-23 17:54:17|1|0|10159574648533904|facebook
But they just had one for O'toole, yes? That works for me.|10159575273588904|Mary Louise|2022-02-23 17:54:17|1|0|10159574648533904|facebook
It’s time for a non confidence vote.|10159575159568904|Robert Boyd|2022-02-23 17:54:10|0|0|10159574648533904|facebook
Oh jesus Phyllis, are you seriously trying referencing the VAERS website, where anyone can report anything, without anyone checking to see if it's true as a reliable source of information?|10159575134068904|Andrew Doran|2022-02-23 17:54:17|1|0|10159574648533904|facebook
Yeah....that universal health care, high standard of living and ability to walk around safe cities really sucks.|10159574993533904|Chrys Kaloudis|2022-02-23 17:54:17|1|0|10159574648533904|facebook
Yes NIMBY always rules. But the reality is protests are a very important part of any democracy and the design of ALL protests is to inconvenience people in order to gain attention.|10159574969413904|Zane Grey|2022-02-23 17:54:17|1|0|10159574648533904|facebook
that's a solid protest!|10159574968248904|Wade Dawe|2022-02-23 17:54:17|1|0|10159574648533904|facebook
you are sadly mistaken, this is the beginning of a dictatorship, a slow erosion of your rights and privileges... if you are double vaxxed try getting on a plane or train today, you can't because the dictator now requires the booster 3rd shot and in a few months a 4th shot. You now can't peacefully protest for rights and freedoms guaranteed to everyone, why because the dictator brings in force to disperse you and jails you if you don't comply. You can't keep your job if you aren't vaxxed or wearing a face mask, is that freedom to chose or are you being controlled by your dictator?|10159574881288904|Wilson Moreira|2022-02-23 17:54:17|1|0|10159574648533904|facebook
I live in the U.S. Our Freedom Convoy starts soon. The difference between Americans and Canadians is that the Americans are united against the mandates. We will support the truckers and all of the noise that comes with it to protect our freedoms.|10159574869138904|Phyllis Tisdale|2022-02-23 17:54:17|1|0|10159574648533904|facebook
Whose freedom. If I gather everyone that is for mandates and we show up to protest our right to be free of idiocy, shouldn't we have it because we were loud enough, that isn't how democracy works. You want it when it suits you. You aren't the only people in the country.|10159574855083904|Mary Louise|2022-02-23 17:54:16|1|0|10159574648533904|facebook
Yes, but within a day or two, not today. Many die-hards and their trucks are clustered in three locations outside Ottawa, intentions unknown. Also, no doubt lots of behind-the-scen es activity continues (credit cards of participants being cancelled, donated money being frozen) that are not yet complete.|10159575335468904|Jim Mantle|2022-02-23 17:54:10|0|0|10159574648533904|facebook
It was never legally passed Justin Trudeau just took it upon himself to do what ever in hell he wanted to.....Wtf is wrong with you people. The whole thing was illegal and unconstitutiona l...|10159575586113904|Eddie Davidson|2022-02-23 17:54:16|1|0|10159574648533904|facebook
you people are really hilarious and would be treated as jokes if you weren't so dangerous. Buh bye|10159575286598904|Mary Louise|2022-02-23 17:54:16|1|0|10159574648533904|facebook
Exactly|10159575248948904|Mary Louise|2022-02-23 17:54:16|1|0|10159574648533904|facebook
The truckers convoy made their point for freedom of speech and choose of the vaccine in their bodies that's it.|10159575011488904|Roger Vincent|2022-02-23 17:54:16|1|0|10159574648533904|facebook
, seeing Trudeau charged for treason would be a great healing experience !|10159574950463904|Tom Edwards|2022-02-23 17:54:16|1|0|10159574648533904|facebook
Remind me again what the arguments were for???? Oh. yes, I remember, they were the hesitancy and incompetence of governments in dealing with the protests using the other means at their disposal.|10159584380768904|Gary McCaig|2022-02-26 00:00:00|0|0|10159574648533904|facebook
