﻿comment|comment_ids|username|datetime|isreply|num_replies|post_id|label
you know - all these people had to do - to make their views noticed and have a majority of others on their side - was to go to Ottawa - do a sit in - a drive thru - and make a few speeches!! But this!! Taking over a whole city, disrupting the lives of all that live there and making absurd demands of taking over the government - BIG FAILURE!!!!|10159573639703904|Kathryn Campbell|2022-02-23 23:55:17|0|9|10159573386738904|facebook
Hopefully the insurrectionist s face the consequences of their actions|10159573490023904|Sheiban Shakeri|2022-02-23 23:55:17|0|5|10159573386738904|facebook
It was never about health risks to the 92% vaccinated by the 8% not. It was about Freedom, our rights, mine and yours. Very grateful for the people who stood up for ALL of us. Its Global. Its in the open. Govt OVERREACH. People who value freedom will never be silenced ❤🇨🇦|10159573435188904|Angela Adams|2022-02-23 23:55:17|0|4|10159573386738904|facebook
with that being said should we hold members of the government to laws too or….?|10159573542133904|Devan Schultz|2022-02-23 23:55:24|1|4|10159573386738904|facebook
Go home please. Your point is well taken. This is not Russia or North a Korea or China. Please go home. Make your mum proud. Have compassion for the Ottawa Residents. They need freedom also. How will you like if 10000 people protest in front of your home for 4 weeks!!!!!|10159573520113904|Shan Navaratnam|2022-02-23 23:55:17|0|4|10159573386738904|facebook
Can you imagine being a judge and having to deal with morons like this? There’s going to be months of court cases where yo-yos like this have to be dealt with.|10159573571228904|Scott W. Ambler|2022-02-23 23:55:26|1|4|10159573386738904|facebook
so basically you’ve got nothing. Thought so|10159573964773904|Philip Standard|2022-02-23 23:55:21|1|3|10159573386738904|facebook
Can these insurrectionist s get any more pathetic? They stand in front of horses and scream about being trampled. LMAO. #LOCKTHEMUP|10159573471428904|Bonnie Cull|2022-02-23 23:55:19|0|3|10159573386738904|facebook
... after 8 p.m. before 8 p.m. those horns were blowing and bothering the citizens that live there.|10159573761923904|Sandra Benbow|2022-02-23 23:55:27|1|3|10159573386738904|facebook
nah I will vote for him, but I do predict PPC party will get some seats in the next election at the expense of the conservatives|10159574047333904|Thomas Burnside|2022-02-23 23:55:21|1|3|10159573386738904|facebook
Our youth are watching this. Trudeau is creating a whole generation that is going to hate Law Enforcement if he allows this to continue.|10159573477218904|Brian Benoit|2022-02-23 23:55:32|1|3|10159573386738904|facebook
So you are against democracy, the rule of laws and the core foundation of Canada 👏🏻|10159573660998904|Samuel Gagnon|2022-02-23 23:55:44|1|3|10159573386738904|facebook
ditto|10159573826683904|Angela Adams|2022-02-23 23:55:34|1|3|10159573386738904|facebook
the Trump flag speaks volumes|10159573433748904|Steven Parks|2022-02-23 23:55:17|0|3|10159573386738904|facebook
Do you call the police throwing veterans into the ground and beating them after they are cuffed without them fighting the police okay? The violence was all done by the police. Open your eyes. There were no weapons on the protesters side.|10159573586298904|Les Janzen|2022-02-23 23:55:17|0|3|10159573386738904|facebook
don't need flags at all. Waving around a Canadian flag does not make you special nor does it absolve you from the fact that many were displaying these flags...more than a few.|10159574295203904|Steven Parks|2022-02-23 23:55:22|1|3|10159573386738904|facebook
I am a Quaker. my ideology is an ideology of non-violence, love and peace. You are the one advocating for violence against your fellow Canadians.|10159573761308904|LordHenry Wotton|2022-02-23 23:55:21|1|3|10159573386738904|facebook
You people are such liars- this was a made up story and I watched the police walk the horses in to create a break between protesters and the police- the protesters had lots of time and could easily see the horses. Fox news has admitted it made up the whole story of the death of a lady in a wheelchair. The really sad part is how little concern the ignorant protesters had for the welfare of those beautiful horses.|10159575094403904|Faith Love-robertson|2022-02-23 23:55:50|1|3|10159573386738904|facebook
absolutely.|10159573555473904|Роберт Ачковски|2022-02-23 23:55:24|1|3|10159573386738904|facebook
If you say so it must be a fact. I prostrate myself at your feet, in awe of your level of mental acuity.|10159573519188904|John Currie|2022-02-23 23:55:34|1|2|10159573386738904|facebook
Was an awesome site and day yesterday. GREAT JOB TO THE POLICE. Keep up the excellent work !!|10159573514008904|Thomas Burnside|2022-02-23 23:55:17|0|2|10159573386738904|facebook
ok|10159573851088904|Angela Adams|2022-02-23 23:55:34|1|2|10159573386738904|facebook
Does it hurt more that you lost or that the majority of the world thinks you are an embarrassment to the human race? #dunningkrugerfe stival|10159573508168904|Fi Glennanne|2022-02-23 23:55:34|1|2|10159573386738904|facebook
You are right, it is not Russia, it is worst.|10159573983478904|Rob Wagner|2022-02-23 23:55:43|1|2|10159573386738904|facebook
You do not think that the Canadian government's corona virus prevention measures have not disrupted people's lives? Those prevention measures sure have disrupted my life. Seventeen months now and counting in Texas self-exile.|10159573710033904|William Michael Brienza|2022-02-23 23:55:23|1|2|10159573386738904|facebook
I don't agree with what they did you can't take over a city and I don't think trucks should be trying to dictate public health policy in a pandemic, that's what doctors are for. I don't think they should sell their trucks but it did cost 2.2 million per day for them to voice their displeasure. I guess the lesson for them is to not play chicken with the government. When they tell you to leave or they will make you leave they weren't joking.|10159573488108904|Melissa Dyer|2022-02-23 23:55:45|1|2|10159573386738904|facebook
I guess you don’t live in Ottawa then.|10159573618703904|Ken Horzempa|2022-02-23 23:55:43|1|2|10159573386738904|facebook
Shows the level of the mental acuity of Tamara's husband (as if we need more proof).|10159573790483904|John Currie|2022-02-23 23:55:26|1|2|10159573386738904|facebook
"it's from an exchange between the husband of one of the organizers (Tamara Lich) and a judge  ""Honestly? I thought it was a peaceful protest and based on my first amendment, I thought that was part of our rights,"" he told the court.  ""What do you mean, first amendment? What's that?"" Judge Julie Bourgeois asked him.  ""I don't know. I don't know politics. I don't know,"" he said."|10159573624768904|Jam O'Sherry|2022-02-23 23:55:26|1|2|10159573386738904|facebook
yup I realize that now.|10159573642323904|Trevor Lavens|2022-02-23 23:55:26|1|2|10159573386738904|facebook
So long, goodbye, hasta la vista, au revoir...now the people of Ottawa can move on.|10159573756523904|Gary Duhaime|2022-02-23 23:55:18|0|2|10159573386738904|facebook
Protesting? Illegally occupying…… protesting is legal. Can you figure out what laws they were breaking or would do too much damage to your ideology?|10159573714753904|Lynda Hookham|2022-02-23 23:55:21|1|2|10159573386738904|facebook
because I want to know how you would defend the right of businesses and companies to choose.|10159573460798904|Susan Takata|2022-02-23 23:55:32|1|2|10159573386738904|facebook
do you have a source for that statistic? And nobody has defended the government here....just the democracy|10159573458298904|Michael Baillargeon|2022-02-23 23:55:32|1|2|10159573386738904|facebook
So  how would you enforce the rights for businesses and companies to choose. Tickets and fines don't work.|10159573455208904|Susan Takata|2022-02-23 23:55:32|1|2|10159573386738904|facebook
"""For the first time in weeks"" no horns? Seriously? When the judge told them ""no horns for 10 days"" they complied. Before that, they had self imposed no horns after 8pm.  So either The Globe and Mail is being dishonest or everyone else is. Someone here is lying."|10159573751988904|Eldon Siemens|2022-02-23 23:55:17|0|2|10159573386738904|facebook
You have no idea what freedom even is anymore. It's laughable all of the people here that would still vote for Trudeau.  You realize only 16% of Canadians would right? People defending this government are shameful.|10159573448588904|Lukasz Suckiel|2022-02-23 23:55:32|1|2|10159573386738904|facebook
nope!|10159573637433904|George Haiderali|2022-02-23 23:55:31|1|2|10159573386738904|facebook
"then you charge truckers with violating the court order, something they had the ability to do from day 1.  Truckers were not there to harass residents, and did not go to residential areas, as it would be pointless of them to do so, and they also know where they are legally permitted to take their trucks.  Outside of traffic violations, and I don't even know how many of those infractions there would be, they broke no laws. They did not prevent anyone from going to work, they did not block the roads (but for Wellington in front of the Parliament), they broke no windows, and committed no criminal acts. If they did, then that is what you charge them with. The only thing they could come up with was the catch all of ""mischief"", and who knows if that will even hold up in court (if they ever get their day)"|10159573788513904|Eldon Siemens|2022-02-23 23:55:27|1|2|10159573386738904|facebook
Thank you Justin, our immaculate PM. for keeping Canadians safe and by tomorrow night Canadians will give him emergency powers...|10159573493708904|George Haiderali|2022-02-23 23:55:17|0|2|10159573386738904|facebook
so you live in downtown Ottawa?|10159573953133904|Eldon Siemens|2022-02-23 23:55:27|1|2|10159573386738904|facebook
so I have one question for you: disregarding your dislike of the truckers and their methods, do you or do you not agree that all mandates must end now?|10159573999618904|Eldon Siemens|2022-02-23 23:55:27|1|2|10159573386738904|facebook
It’s so funny to read the comments of those who believe this is over… See those hundreds of thousands of trucks on the road? Standby…..|10159573605073904|John Williamson|2022-02-23 23:55:17|0|2|10159573386738904|facebook
really ......killing an elderly women is praise.......bu ddy you got some issues going on....give your head a shake|10159574724788904|John Turnbull|2022-02-23 23:55:46|1|2|10159573386738904|facebook
For what?|10159573746923904|Natalie Curwin|2022-02-23 23:55:28|1|2|10159573386738904|facebook
but they're not, that's just your far left opinion. Even the globe and mail are calling them protesters.|10159573497998904|Chase Gaudenzi|2022-02-23 23:55:50|1|2|10159573386738904|facebook
show me once where someone was “beat or trampled”. I will wait.|10159573940013904|Philip Standard|2022-02-23 23:55:21|1|2|10159573386738904|facebook
I guess the only good thing about this emergency act if he gets it forced thru. Is that any other protest ever happening again will now have all the ppl arrested and bank accounts seized and life ruined. So no more burning train tracks and blocking bridges nationwide and vandalizing and rioting. There will never be another protest in Canada ever again|10159573646068904|Rollins Ric|2022-02-23 23:55:49|1|2|10159573386738904|facebook
https:// www.aljazeera.co m/amp/news/ 2022/2/19/ canada-police-us e-pepper-spray- stun-grenades-t o-clear-protest ers|10159574123718904|LordHenry Wotton|2022-02-23 23:55:21|1|2|10159573386738904|facebook
nothing on the side of the door?|10159573965288904|Gene Smith|2022-02-23 23:55:48|1|2|10159573386738904|facebook
and yet they kinda won in the end, mandates are being lifted and Trudeau's support Canada wide is in the toilet|10159574033323904|Ken Hill|2022-02-23 23:55:21|1|2|10159573386738904|facebook
there are elements to this protest that were not...like a fight looking for a cause. As the pandemic eases the mandates will ease. We should be wary. The worst year of the 1918 pandemic was the final one, where people started to get back to normal and the virus was not gone. That could still happen...they are already showing an uptick after relaxing some of the restrictions here in BC.|10159573782023904|Steven Parks|2022-02-23 23:55:22|1|2|10159573386738904|facebook
Cons are narking out my comments because they keep.losing debates with me lol.and.the cons call us libs weak snowflakes LMAO #NEVERCON|10159573562368904|Bonnie Cull|2022-02-23 23:55:50|1|2|10159573386738904|facebook
ahh hello. Divide and conquer. It’s a typical M.O. do you want to be forced into the game? Or would you stand up for the choice?|10159574157653904|Adam Boorman|2022-02-23 23:55:22|1|2|10159573386738904|facebook
she's not dead|10159573688853904|Chase Gaudenzi|2022-02-23 23:55:50|1|2|10159573386738904|facebook
Lol Their hate strengthens me lol|10159573580653904|Bonnie Cull|2022-02-23 23:55:50|1|1|10159573386738904|facebook
the left of center vote has been split across 3 parties. Where as the right of center vote has been all a singular party since long before you where born.  Having the right split into multiple parties, would eliminate anyone left of center forming coalitions.|10159573482878904|Michael Baillargeon|2022-02-23 23:55:32|1|1|10159573386738904|facebook
if you can't provide a li k yot he poll, and if that poll can't provide selection data, then it'd not relevant, and you should stop.|10159573463763904|Michael Baillargeon|2022-02-23 23:55:32|1|1|10159573386738904|facebook
you left out the word peaceful. please tell me how that pertains to this situation.|10159573658623904|Will Bedford|2022-02-23 23:55:49|1|1|10159573386738904|facebook
You have to go to DuckDuckGo to find this article easily as Google manipulates it's search results to hide it:  https:// www.washingtonex aminer.com/ news/ canadians-wouldn t-vote-for-trud eau-again-the-p m-has-looked-we ak|10159573466288904|Lukasz Suckiel|2022-02-23 23:55:32|1|1|10159573386738904|facebook
much better.  This doesn't surprise me, however, still doesn't say who precisely we will vote for.  Let's see how this all plays out. Voices where heard. And really voting is the key to a democracy. And I think the next election, just might have some record voter turnouts too.|10159573474033904|Michael Baillargeon|2022-02-23 23:55:32|1|1|10159573386738904|facebook
there's a difference between breaking up protests and committing war crimes|10159573657368904|Rollins Ric|2022-02-23 23:55:49|1|1|10159573386738904|facebook
All the good police officers didn't do anything so Trudeau bussed in a bunch of officers who would oppress Canadians.  The best cops who value freedom and equality the most were all fired for not taking the vaccine.|10159573480978904|Lukasz Suckiel|2022-02-23 23:55:32|1|1|10159573386738904|facebook
as big of one as Harper was when he broke up the peaceful protest for the g20 Summit in 2010. See I can move the goal posts too.|10159573654573904|Will Bedford|2022-02-23 23:55:49|1|1|10159573386738904|facebook
and Trudeau is acting like one|10159573652143904|Rollins Ric|2022-02-23 23:55:49|1|1|10159573386738904|facebook
Lmao throw that word around...you haven't seen an insurrection yet pal|10159573593243904|Darryl Chepoda|2022-02-23 23:55:29|1|1|10159573386738904|facebook
Well I see PPC as the key to end this nonsense.  When I look at the list of promises of every party. Every party except PPC wants to keep us in the U.N agreements that dumps all over our democracy also. Canada should be making decisions for Canada not the U.N.  I know for fact Liberals, NDP, and Green will lose a lot of seats next election for everything that's transpired these past 2 years.  Without PPC in Parliament then CPC can continue being the fake Conservative controlled opposition and our economy will worsen even further.|10159573489318904|Lukasz Suckiel|2022-02-23 23:55:32|1|1|10159573386738904|facebook
Protesters please head toward Newfoundland and turn right when you reach Ontario....thos e from Quebec and farther east, please head to BC and turn Left anytime..contin ue until you hit Texas..you should fit in well there..|10159574780368904|Condor Mundo|2022-02-23 23:55:17|0|1|10159573386738904|facebook
none of the things you just mentioned have to do with a peaceful protest and people have always been arrested for committed such acts.. 8/10 for hyperbole. could have been better if you mentioned nazis.|10159573650898904|Will Bedford|2022-02-23 23:55:49|1|1|10159573386738904|facebook
you can move the goal posts all you want but there was no reason for the Prime Minster of Canada to meet with these people. thats all there is to it. illegal protests lead by dubious people demanding things that were impossible.|10159573626048904|Will Bedford|2022-02-23 23:55:49|1|1|10159573386738904|facebook
|10159573552058904|Patricia Dingle|2022-02-23 23:55:34|1|1|10159573386738904|facebook
well you are vaccinated, you had all the freedom you want! For those that aren’t, well they still have freedom in Canada. Just can’t go to another country or dine inside or go to a movie theatre. But those are private businesses and don’t have to let anyone on that they don’t want to!!|10159573634678904|Lori Wheeler|2022-02-23 23:55:34|1|1|10159573386738904|facebook
"I didn't see any rioting happening. No Starbucks getting smashed and business being burnt n destroyed. Unlike lefty ""peaceful protesting"" they only have a clean up to do. Not a fix up stuff. Altho some businesses did get destroyed. Ppl who donated had their businesses and banks seized. And I'm talking about some of the businesses in Ottawa. Trudeau literally attacked ppl there too"|10159573663773904|Rollins Ric|2022-02-23 23:55:49|1|1|10159573386738904|facebook
none of which makes my point wrong. By the way, just because they didn't break a window doesn't mean that they didn't break the law. This is what is called a red herring fallacy.|10159573666393904|Will Bedford|2022-02-23 23:55:49|1|1|10159573386738904|facebook
Answer me this as honestly as you can....what should we do about the left wing ideology that creates actual violent protestors like this?:  https:// www.louderwithcr owder.com/ axe-wielding-mob -attack-pipelin e|10159573460018904|Lukasz Suckiel|2022-02-23 23:55:32|1|1|10159573386738904|facebook
Point is. If Trudeau gets his way. Thre will be no more protests. We will no longer be a democratic country.|10159573670468904|Rollins Ric|2022-02-23 23:55:49|1|1|10159573386738904|facebook
I am sure the people in Ottawa are so relieved to get their city back! QUIET must be a wonderful sound!|10159573640188904|Dorothy Lou Harris|2022-02-23 23:55:17|0|1|10159573386738904|facebook
Your last name explains alot about you...cull That's what needs to happen to people like you|10159573596193904|Darryl Chepoda|2022-02-23 23:55:50|1|1|10159573386738904|facebook
You may have missed the point that I was trying to make. My apologies for not being clearer. The Kent State Students were totally peaceful. Do you remember the event referenced?|10159574073183904|Martin Pin|2022-02-23 23:55:28|1|1|10159573386738904|facebook
The Government has them now, that is why they are being enforced. Tomorrows vote is to keep them for the Term of 30 Days or not.|10159573503753904|John Currie|2022-02-23 23:55:31|1|1|10159573386738904|facebook
George is quite confused about how things work.|10159573599028904|Tracy Pytlowany|2022-02-23 23:55:31|1|1|10159573386738904|facebook
nice try those were not peaceful and some people died, it's people like you that are the problem this is a completely different|10159574046688904|Patrick Perrier|2022-02-23 23:55:28|1|1|10159573386738904|facebook
Troll|10159573626768904|Michael Marath|2022-02-23 23:55:31|1|1|10159573386738904|facebook
Oh these insurrectionist fascists will pay dearly for this. Ottawa residents suing them for 306 million.lol They will all be sued so bad they will be living in a van by the river lol #LOCKTHEMUP|10159573527638904|Bonnie Cull|2022-02-23 23:55:50|1|1|10159573386738904|facebook
she is|10159573510983904|Chase Gaudenzi|2022-02-23 23:55:50|1|1|10159573386738904|facebook
Businesses and employers know their community and clientele. So as far as masks and vaccines they should have final say as to what they enforce. People should respect their decision but they won't... so enforcement strategies will have to be made. Now Ottawa citizens are free.|10159573437348904|Susan Takata|2022-02-23 23:55:17|0|1|10159573386738904|facebook
I hear that her funeral will be well attended.|10159573654073904|John Currie|2022-02-23 23:55:50|1|1|10159573386738904|facebook
and there is an investigation into that and a couple more. I don’t t think anyone said it was okay!|10159573504538904|Kathy Mccormack|2022-02-23 23:55:50|1|1|10159573386738904|facebook
Let me simplify your post for you. You're talking about matters you have no grasp on, and are taking other people's ideas as fact.  Shame on you for being intellectually lazy.|10159573668538904|Matt Kearns|2022-02-23 23:55:34|1|1|10159573386738904|facebook
I gues you never heard of Kent State and the National Guard. Sigh...|10159574015288904|Martin Pin|2022-02-23 23:55:28|1|1|10159573386738904|facebook
A police state lock down is not normal during peaceful demonstrations only dictators have this kind of rule|10159573900678904|Patrick Perrier|2022-02-23 23:55:17|0|1|10159573386738904|facebook
Big clean up? The protesters were doing all the maintenance, the city went so far as removing outhouses before the end of the protest. Mainstream media are not very becoming to acknowledge the truth.|10159573585123904|Christopher Seffelaar|2022-02-23 23:55:18|0|1|10159573386738904|facebook
see, you found your sense of humour 😉|10159573803643904|Angela Adams|2022-02-23 23:55:34|1|1|10159573386738904|facebook
the point is. He didn't even try. He lied n hid n went thru his dad's notes on how to use this illegal tactic and then came out fighting like a kid throwing a tantrum. This is exactly why the convoy is there. Everyone's fed up with his lies and constantly trying to over reach his power. Thank gawd he got minority in his useless waste of money election during a real Emergency. He was trying to steal our tax money with our credit card so he could spend even more with out being questioned|10159573614988904|Rollins Ric|2022-02-23 23:55:49|1|1|10159573386738904|facebook
i am not a fan of Trudeau and did not vote for him but see no reason he should have met with the leaders of this illegal occupation of Ottawa. most of their demands were impossible for him to do anything about anyways because were provincial mandates. even the federal ones were impossible without working with the USA to lower mandates at the border. what is the point of meeting with a group that cant even get this right? if you look at their background too there are even more reasons to ignore them.|10159573600273904|Will Bedford|2022-02-23 23:55:49|1|1|10159573386738904|facebook
so then it sounds like it has an avenue of resolution outside of the emergency act.|10159573661163904|Jason Douglas|2022-02-23 23:55:43|1|1|10159573386738904|facebook
they were given plenty of notice, actions have consequences.|10159573666303904|Tanya Mullen|2022-02-23 23:55:43|1|1|10159573386738904|facebook
"ok you're being intentionally obtuse. Please read more party lines  This is literally an act meant to deal with war, nationwide emergencies and domestic terrorism. I don't see any of those things that have happened  The PMO said they exhausted all avenues after half a week...except talking to them which was one of the things the protestors asked for. I know - government engagement is wild  We had a 2 year long pandemic We had like 50 churches burned We've had violent pipeline protests  All of those things required this act more than this protest. Also the input doesn't match the output when a ""fringe minority"" can get you to enable nuclear, last resort legislation."|10159573676488904|Jason Douglas|2022-02-23 23:55:43|1|1|10159573386738904|facebook
Not yet communist.. but... we are well on our way|10159573760683904|Burt Stroganoff|2022-02-23 23:55:43|1|1|10159573386738904|facebook
Let's hope it gets stricken down this week. We already know Trudeau, he has tried for a complete power grab more than once.|10159573798373904|Burt Stroganoff|2022-02-23 23:55:43|1|1|10159573386738904|facebook
because they’re more important than the rest of Canada’s opinion, right?|10159574058438904|Jaxon Locken|2022-02-23 23:55:43|1|1|10159573386738904|facebook
Rob What are you smoking just curious;)|10159574839573904|Shan Navaratnam|2022-02-23 23:55:43|1|1|10159573386738904|facebook
Everyone is alright with the fact that the state said that they could literally stole the trucks that they towed? 🤷‍♂️🤦‍♂️|10159573655568904|Samuel Gagnon|2022-02-23 23:55:17|0|1|10159573386738904|facebook
. The trucks were weaponized and used for illegal purposes. I'm fine with it. I like the idea of selling the trucks to pay for damages to Ottawa. Freedoms are going to be lost.|10159573660133904|Ken Theriault|2022-02-23 23:55:44|1|1|10159573386738904|facebook
That information will be in the hands of the authorities.|10159573764178904|John Currie|2022-02-23 23:55:48|1|1|10159573386738904|facebook
Which company owns the red truck|10159573750753904|Gene Smith|2022-02-23 23:55:19|0|1|10159573386738904|facebook
I have absolutely no love for Trudeau, but “Nazi dictator”? And you accuse others of negative rhetoric? Time to look at the man in the mirror.|10159573837438904|Carolyn Nikodym|2022-02-23 23:55:47|1|1|10159573386738904|facebook
Wait until they find out they can sell their trucks to pay the bill for this|10159573456323904|Melissa Dyer|2022-02-23 23:55:17|0|1|10159573386738904|facebook
oh I love that 😂|10159573479573904|Lynn McRae|2022-02-23 23:55:45|1|1|10159573386738904|facebook
I agree. When I hear comments like ‘go back to where you belong’ I laugh because I’m a Sovereign Ojibwa. I don’t understand such negative rhetoric, it as if they are the enemies for freedom, they’re the terrorists like Trudeau the nazi. I see it now that Canada passed away because the Emergency Act is applied against all the peoples for freedom. The Canadian flag has no authority from the people to be flown on any government buildings because the flag resembles freedom and peace, both of which was taken by Trudeau the nazi dictator. I see it as Treason.|10159573654013904|Christopher Seffelaar|2022-02-23 23:55:47|1|1|10159573386738904|facebook
money should come from donations to the protest. This has caused me more stress than shut downs and masks ever did. Sadly they have only succeeded in moving many of them and I fear this is not over. 💕|10159573493853904|Lynn McRae|2022-02-23 23:55:45|1|1|10159573386738904|facebook
what I don't get they say they don't want to have to be vaccinated to go over the boarder well now they ones that have been arrested aren't going over the border because they have a criminal record. The vaccine doesn't matter for them anymore|10159573499183904|Melissa Dyer|2022-02-23 23:55:45|1|1|10159573386738904|facebook
Exactly. And such disgusting comments in here. “Go back to where you belong”. They’re Canadians who have been rejected and smeared by our own PM. Brutally beaten, an Indigenous woman trampled on by police horses…. Trudeau has GOT to go! He can take his authoritarian styles elsewhere.|10159573603958904|Emma Burns|2022-02-23 23:55:47|1|1|10159573386738904|facebook
Not much praise for our government leadership but high praise to our police forces.|10159573549053904|John Snyder|2022-02-23 23:55:17|0|1|10159573386738904|facebook
I'm not sure you understand what mischief is under Canadian law. It's a criminal offense, punishable with jail time.|10159573660178904|Tanya Mullen|2022-02-23 23:55:43|1|1|10159573386738904|facebook
another hissy fit from people afraid of a little needle?|10159574068948904|Matt Salt|2022-02-23 23:55:28|1|1|10159573386738904|facebook
Its not even a two on a scale of 10|10159573587158904|Martine Toussaint|2022-02-23 23:55:43|1|1|10159573386738904|facebook
It's gonna be hilarious when some of the clown convoy attendees end up losing their licenses, vehicles, and careers.|10159574338003904|Eric Pomorski|2022-02-23 23:55:17|0|1|10159573386738904|facebook
there are other rights at stake. What about the people not getting treated for cancer and heart disease. Because the hospitals are full of unvaccinated and unmasked. People need to be more mindful when they are standing up for their own rights. They aren’t infringing on others.|10159573840268904|Jeramy Paananen|2022-02-23 23:55:34|1|1|10159573386738904|facebook
not big, it'll blow over and we will forget about like anything|10159573847758904|Dan Campbell|2022-02-23 23:55:34|1|1|10159573386738904|facebook
no my answer is Trudeau shouldn't have hid like a Coward and met with them weeks ago. His constant carbon tax hikes and wild spending is costing Canadians their freedom. Yet he's not even a good leader that can't handle this. Yet he gets himself involved in other countries protesting against the govts there. The convoy showed up and Trudeau hid. So ya. Now it'll cost money for the clean up. Another tick for the lack of leadership list towards trudeau|10159573589538904|Rollins Ric|2022-02-23 23:55:49|1|1|10159573386738904|facebook
thats the whole point. The world needs to learn to live with it at this point. We can't wait for 8% that are unvaccinated and who probably will never be unless they are forcibly held down. Its time to help everyone get their lives back including life saving medical care.|10159574690623904|Angela Adams|2022-02-23 23:55:34|1|1|10159573386738904|facebook
yeah good people, just simply harassing everyone that works downtown and waving nazi flags and shitting in the streets. THEY SURE SOUND LIKE SWELL PEOPLE|10159574115323904|Rory D Lufe|2022-02-23 23:55:35|1|1|10159573386738904|facebook
They haven’t been honking their horns since the first week…..another communist journalist!|10159573682863904|Sandy Diguer|2022-02-23 23:55:17|0|1|10159573386738904|facebook
It won't be garbage, I didn't see one piece of garbage on the streets. The first protest I've seen that that ever happened.|10159573595818904|AnnSterling Fawcett|2022-02-23 23:55:17|0|1|10159573386738904|facebook
I'm sure the citizens are still bearing those horns in their ears!|10159573917638904|Isabelle Launchbury|2022-02-23 23:55:17|0|1|10159573386738904|facebook
and how do you think that is not going to effect you.......you think the goods just magically appear|10159574718853904|John Turnbull|2022-02-23 23:55:40|1|1|10159573386738904|facebook
I’m sure the citizens of Ottawa can breath a sigh of relief, now that this gong show is coming to an end.|10159573582463904|Ken Horzempa|2022-02-23 23:55:43|1|1|10159573386738904|facebook
I am not talking just about Ottawa......I am talking about the entire country......bu t I guess that's too hard for you to wrap your little brain around that notion|10159576457383904|John Turnbull|2022-02-23 23:55:40|1|1|10159573386738904|facebook
Sell the towed vehicles and use the funds for the clean up.|10159574232823904|Karen Whitney|2022-02-23 23:55:17|0|1|10159573386738904|facebook
I see theres a lot of confused people here who don’t understand what’s at stake , our democracy and freedom are at an all time low . If Trudeau is granted the emergency act power there will nothing to stop what he has plans , the righting is on the wall , he doesn’t not stand for Canadians never has , he’s had his on agenda from the get go and using Canadians as a pawns to get what he wants|10159573596083904|John Lange|2022-02-23 23:55:17|0|1|10159573386738904|facebook
give it a rest. Our democracy and freedom are not in the least threatened. These idiots “protesting” vaccine mandates demanded the dissolution of a democratically elected government. This is the erosion of our institutional democracy you should be concerned about, not that of a government trying to protect Canadians from the threat of a continuing global pandemic. Go out and vote if you don’t like the PM or governing party. That’s how it works. Not through insurrectionist movements by extreme right wing ideologues and misinformed ignorant opinion. I suspect your approach is not going to win too many seats, but that’s what you might actually be upset about.|10159573652913904|Jonathan Davids|2022-02-23 23:55:42|1|1|10159573386738904|facebook
oh I’m sorry you feel that way and fallow Trudeau that badly, but it was folks like you that let dictators think they are doing good things when in reality the country is eroding|10159573786008904|John Lange|2022-02-23 23:55:42|1|1|10159573386738904|facebook
so? your answer is to blow more? that should help.|10159573584133904|Will Bedford|2022-02-23 23:55:49|1|1|10159573386738904|facebook
not as much as the billions constantly blown by trudeau|10159573581823904|Rollins Ric|2022-02-23 23:55:49|1|1|10159573386738904|facebook
How many millions of dollars did this cost the Canadian taxpayer. these people will be the first to complain later on about irresponsible government spending and inflation. The hypocrisy will be delicious.|10159573536258904|Will Bedford|2022-02-23 23:55:19|0|1|10159573386738904|facebook
"if this isn't north Korea or Russia or China, please tell me why the prime Minister of Canada enacted emergency legislation to contain protestors who were peaceful when it could have been dealt with within the confines of existing law.  Or is ""freedom to protest"" only when the issues align with the PMs views? The greatest charges for the organizers are mischief. That doesn't sound like it needs emergency powers. What that sounds like is our PM acting like north Korean or Russia or China."|10159573620548904|Jason Douglas|2022-02-23 23:55:43|1|1|10159573386738904|facebook
By supporting this government's mandates and use of emergency act you are in fact taking a gigantic steaming dump right on our Democracy.|10159573463648904|Lukasz Suckiel|2022-02-23 23:55:32|1|1|10159573386738904|facebook
yes ignore the thousands of Canadian flags which were much more representative of what actually took place|10159574287538904|Barbara Bout|2022-02-23 23:55:22|1|1|10159573386738904|facebook
Compliance with the court order for 10 days was not achieved. Also, the trucks were not in the immediate vicinity of Parliament, they were located around the central core which includes residential areas. While protesting outside Parliament is legitimate, when the trucks began harassing the residents of Ottawa to make their point to Parliament is the point, in my mind, at which the protest lost legitimacy.|10159573774808904|Andy Ashworth|2022-02-23 23:55:27|1|1|10159573386738904|facebook
You are aware that Canada is not the 51st state of the union.|10159574277718904|Heather Smith|2022-02-23 23:55:26|1|1|10159573386738904|facebook
Yes, with multiple degrees.|10159573931903904|Scott W. Ambler|2022-02-23 23:55:26|1|1|10159573386738904|facebook
Lyle Karson judging people by their names?|10159573925398904|Роберт Ачковски|2022-02-23 23:55:24|1|1|10159573386738904|facebook
like what? Which laws?|10159573937483904|Philip Standard|2022-02-23 23:55:24|1|1|10159573386738904|facebook
120 dB of airhorn “peace” day and night for nearly 21 days straight. Thanks for the “freedom” from “tyranny”…|10159574161318904|Pete Bjerkelund|2022-02-23 23:55:21|1|1|10159573386738904|facebook
It was not stop lying. I live in Ottawa also|10159574205688904|Michael Marath|2022-02-23 23:55:21|1|1|10159573386738904|facebook
Notice here, Canadians do not have specific civil rights and they do not seem to mind.|10159573716348904|William Michael Brienza|2022-02-23 23:55:26|1|1|10159573386738904|facebook
excellent work no say.....guess you missed the part about killing a old lady and putting an elderly man in hospital with internal bleeding.....yo u sir are a special kind of person|10159574705583904|John Turnbull|2022-02-23 23:55:21|1|1|10159573386738904|facebook
it was a joke|10159573633903904|Michelle Corbett|2022-02-23 23:55:26|1|1|10159573386738904|facebook
please fill me in.|10159573611838904|Bernie Lightfoot|2022-02-23 23:55:26|1|1|10159573386738904|facebook
What a laugh - it was just a few years ago that Conservatives wanted Aljazeera declared a terrorist group. The police used pepper spray because it can be directed at one person instead of a crowd with children in it. These occupiers were treated with kid gloves while they spit on police and shook their fists challenging the police to fights, threw gas containers at them and ripped the masks off people's faces trying to go about their day, so so tough weren't they? Now they want to play the victim card and cry like 7 year olds losing their first soccer game. You want to challenge people to a fight - you'd better be prepared when you lose.|10159575106968904|Faith Love-robertson|2022-02-23 23:55:21|1|1|10159573386738904|facebook
the ones regular people have to follow|10159573942553904|Devan Schultz|2022-02-23 23:55:24|1|1|10159573386738904|facebook
like what? Which ones don’t they follow?|10159573944348904|Philip Standard|2022-02-23 23:55:24|1|1|10159573386738904|facebook
George Washington didnt die so Trudeau could declare Marshal Law and violate my Constitutional rights! I plead the 5th!|10159573603983904|Jam O'Sherry|2022-02-23 23:55:26|1|1|10159573386738904|facebook
James Auer so funny. And yet not the least bit surprising.|10159573585923904|Trevor Lavens|2022-02-23 23:55:26|1|1|10159573386738904|facebook
you been living under a rock?|10159573979278904|Devan Schultz|2022-02-23 23:55:24|1|1|10159573386738904|facebook
You missed the sarcasm font.|10159573579093904|Kathleen Leach|2022-02-23 23:55:26|1|1|10159573386738904|facebook
the first amendment to the U.S. constitution applies to this, how exactly?|10159573576683904|Trevor Lavens|2022-02-23 23:55:26|1|1|10159573386738904|facebook
Adam, my friend and gardener extraordinaire, do you not see the hand of Russia and/or PRC behind this protest. The more divided the Western Democracies are, the more likely their expansionist plans are to suceed. Think Taiwan and Ukraine in the immediate.|10159574020933904|Martin Pin|2022-02-23 23:55:22|1|1|10159573386738904|facebook
Brjann Henwood You might want to supply a link or photos to prove your point- otherwise it's just BS.|10159573635963904|Faith Love-robertson|2022-02-23 23:55:22|1|1|10159573386738904|facebook
guess is wasn’t about mandates then.|10159573673683904|Charlene Adam|2022-02-23 23:55:22|1|1|10159573386738904|facebook
libs are the textbook definition of all you wrote in your long-winded retort. Don't be a lib, with it's tail between its legs, plenty of room though because nothing else there to take up the miniscule space. At least own it...|10159573683508904|Gordon Baketic|2022-02-23 23:55:22|1|1|10159573386738904|facebook
I watched the horses that were amazingly calm while stupid out of shape white guys tried to grab the reins and pull police officers off of their mounts. I saw the fake protesters throw themselves at the horses and then fall on the ground yelling like little girls that they were knocked down when they actually manouevered themselves into contact with the horses deliberately . When the police tell you to move back - you move- it's not like there was no warning. I am quite willing to put my knowledge of history up against yours any day of the week and all day long baby. If you want to talk about rights taken away- the citizens of Ottawa will never get back the 3 weeks they had their rights trampled on in their own city.|10159573958373904|Faith Love-robertson|2022-02-23 23:55:22|1|1|10159573386738904|facebook
It's only a matter of time before Canada rids themselves of the cancer in ott. As for poor wee men, lets hope that your sons or daughters never get run down by police on horses. You know; the government doing what they do... Open a history book or two, and research where,and what that behavior lead to. Oh wait; your a lib, and believe in trampling on peoples rights, dictating on how to act or speak, and rewriting/ cancelling anything that goes against modern liberalism and their neophytes.|10159573942723904|Gordon Baketic|2022-02-23 23:55:22|1|1|10159573386738904|facebook
Funny because the little man boys crying about police brutality while they throw things at the police and spit on them are walking home because they no longer have trucks to drive - ah the poor wee men. And amazingly the Liberals are still there - doing what they do like forming government while all the Mad Max followers are still just following.|10159573909043904|Faith Love-robertson|2022-02-23 23:55:22|1|1|10159573386738904|facebook
that exchange with the judge is the laugh we all needed|10159573561708904|Jam O'Sherry|2022-02-23 23:55:26|1|1|10159573386738904|facebook
Since when the rule of law is communist thing? These idiots could've protested like normal people, by parking in assigned places & walking in front of the Parliament. Disturbing the average people's lives by misusing their machines & bringing children showed they're self-entitled cowards.|10159574009218904|Роберт Ачковски|2022-02-23 23:55:24|1|1|10159573386738904|facebook
I don't know how many people live within a block of the protests, but they choose to live there (next to Parliament, the seat of power in Canada, where you would expect protests to occur).  What you don't seem to realize, Sandra, is that Trudeau and the premiers have been bothering, disrupting and ending the livelihoods of Canadians for 2 years, and the truckers only responded when Trudeau himself chose to increase that very disruption to their ability to earn a living, with *0* scientific reasoning behind it.|10159573768568904|Eldon Siemens|2022-02-23 23:55:27|1|1|10159573386738904|facebook
But what about their first amendment rights? 🙄|10159573555313904|Scott W. Ambler|2022-02-23 23:55:17|0|1|10159573386738904|facebook
no, when it prevents transit, snow clearing, postal and delivery services from servicing the area, and denies residents from reasonable enjoyment of their property, it becomes criminal mischief. If you have the tech savvy to do so, you can Google each of those neighbourhoods and get a map and description. You can troll all you want, the courts will decide if the behaviour was criminal and the appropriate sanction. There is also a class action lawsuit in play, plus other actions against organisers. The worst of the players will be held to account.|10159573885743904|David A Wright|2022-02-23 23:55:27|1|1|10159573386738904|facebook
Not liking peaceful Canadians I see. I feel sorry for you.|10159573964968904|Michael Marath|2022-02-23 23:55:21|1|1|10159573386738904|facebook
About that. Knowing the integrity of politicians, I am sure that they stand ready to find someone to blame. You see, they don't know anything because they are scientific illiterates and had to depend on scientists who doctored data and ignored what is known to make a few extra bucks. They will deflect blame as much as they could and point to bad actors in the media, industry, and scientific institutions. I just hope that voters are not stupid enough to buy the story.  https:// www.nextbigfutur e.com/2021/06/ india-could-sent ence-who-chief- scientist-to-de ath-for-mislead ing-over-iverme ctin-and-killin g-indians.html|10159573565358904|Vangel Vesovski|2022-02-23 23:55:24|1|1|10159573386738904|facebook
your ignorance is not an excuse to make someone else do the research for you.|10159573960133904|LordHenry Wotton|2022-02-23 23:55:21|1|1|10159573386738904|facebook
Slap them with wrong parking tickets for each day. If a normal person parks a car improperly for few minutes, they're slapped with a ticket, even if they didn't affect anyone. The law should apply to all of us.|10159573464613904|Роберт Ачковски|2022-02-23 23:55:17|0|1|10159573386738904|facebook
one can only HOPE Trudeau is held to account|10159573929483904|Eldon Siemens|2022-02-23 23:55:27|1|1|10159573386738904|facebook
Have you gotten sick with Covid? If not, that is because the mandates are in place!|10159573922738904|Isabelle Launchbury|2022-02-23 23:55:23|1|1|10159573386738904|facebook
so...traffic violations? Thankfully I do not know the structure of Ottawa roads, but a disruption is not a blockage. If you have a map of all access points, all trucks, and all blockages in downtown Ottawa, please provide it, including a zoning map for the residential areas.|10159573864848904|Eldon Siemens|2022-02-23 23:55:27|1|1|10159573386738904|facebook
no they did not!!! Are you kidding me? Why comment when you have zero clue?|10159573945163904|Philip Standard|2022-02-23 23:55:27|1|1|10159573386738904|facebook
1. They didn't take over the city.  2. They didn't disrupt the lives of all.  3. Demanding an end to excessive government measures is by no means absurd, it's a necessity for the survival of a healthy democracy.|10159574293618904|Paul Reagan|2022-02-23 23:55:23|1|1|10159573386738904|facebook
Texas alone has had way more cases and deaths then all of Canada. Wouldn’t really be gloating about how cool your lack of mandates are|10159574065858904|Matt Salt|2022-02-23 23:55:23|1|1|10159573386738904|facebook
protesters also disrupted traffic and access within centretown, byward market and the glebe areas of Ottawa, which are residential areas.|10159573821793904|David A Wright|2022-02-23 23:55:27|1|1|10159573386738904|facebook
no not really actually they kinda won Katherine mandates are being lifted and it's very unlikely that Trudeau will win the next election|10159574036558904|Ken Hill|2022-02-23 23:55:23|1|1|10159573386738904|facebook
that's up to the people of Canada come election time.|10159573983518904|David A Wright|2022-02-23 23:55:27|1|1|10159573386738904|facebook
are you dead? No? Then they worked well.|10159573942958904|Philip Standard|2022-02-23 23:55:23|1|0|10159573386738904|facebook
I agree: the idiot on horseback with a giant Dump 2024 flag and riding the length of the Parkers was a magical hologram created by the CBC…😁|10159574165208904|Pete Bjerkelund|2022-02-23 23:55:22|1|0|10159573386738904|facebook
don't be cocky. At some point the police will be gone but most of those people you mock will be a few miles away at home saying hasta la Vista baby EH! I'll be back. Humble is good and Canadian.|10159573865418904|Joe Hager|2022-02-23 23:55:46|1|0|10159573386738904|facebook
it does?|10159575714788904|Chuck Audette|2022-02-23 23:55:22|1|0|10159573386738904|facebook
While Trudeau is taking a somewhat less starry-eyed view of China these days, in 2013, as Liberal leader, he was asked during a “Ladies’ Night” Liberal fundraiser what country he most admired besides Canada.  He responded: “There’s a level of admiration I actually have for China. Their basic dictatorship is actually allowing them to turn their economy around on a dime and say, ‘We need to go green, we want to start investing in solar’.”|10159575310513904|Lyn Squires|2022-02-23 23:55:43|1|0|10159573386738904|facebook
but they did send a mou to the government. It wasn’t expectable so Trudeau didn’t want to engage with stupid people who want to take their positions. Google MOU convoy|10159573759278904|Lorraine Vezeau|2022-02-23 23:55:23|1|0|10159573386738904|facebook
No it isn't Russia, North Korea or China and it sure as hell isn't CANADA anymore either.|10159575266218904|Lyn Squires|2022-02-23 23:55:43|1|0|10159573386738904|facebook
I live in Ottawa and there was no taking over of the city. Didn't even hinder my commute to work. We need more people to stand up to tyranny.|10159573966528904|Michael Marath|2022-02-23 23:55:23|1|0|10159573386738904|facebook
same playbook as Hitler.|10159579287928904|Christopher Seffelaar|2022-02-23 00:00:00|1|0|10159573386738904|facebook
tell that to sock boy.....|10159574708888904|John Turnbull|2022-02-23 23:55:43|1|0|10159573386738904|facebook
AWW...Pat King had promised that Honeymoon Suite, Platinum Blond, and Kim Mitchell were going to do a concert Saturday night! Now I feel let down 😉|10159573578113904|Richard Evans|2022-02-23 23:55:18|0|0|10159573386738904|facebook
No problem. They can blare them back home and see if their neighbors and friends like it more than Ottawa residents did.|10159573509848904|John Blair|2022-02-23 23:55:18|0|0|10159573386738904|facebook
, and so can the rest of Canada. 😊|10159573760228904|Sandra Benbow|2022-02-23 23:55:46|1|0|10159573386738904|facebook
keep drinking the kook aid.|10159577354233904|John Snyder|2022-02-23 23:55:46|1|0|10159573386738904|facebook
as long as Trudeau had the backing of the NDP and the media, he can do whatever he wants politically and convince the public that he was right to do so. The Charter? The rule of law? Meaningless in Canada.|10159573757283904|Eldon Siemens|2022-02-23 23:55:44|1|0|10159573386738904|facebook
enough with your childish rhetoric typical Trump worshiper behavior|10159574259653904|Paderick Rose|2022-02-23 23:55:22|1|0|10159573386738904|facebook
|10159575068873904|Gordon Baketic|2022-02-23 23:55:22|1|0|10159573386738904|facebook
The message was let’s keep this land glorious and free. Every Canadian should support this message- except for the ones flying the communist flags at the counter protest.|10159574310888904|Barbara Bout|2022-02-23 23:55:22|1|0|10159573386738904|facebook
Oh they will pay. Ottawa residents suing them for 306 million.lol They will all be sued so bad they will be living in a van by the river lol #LOCKTHEMUP|10159573527328904|Bonnie Cull|2022-02-23 23:55:45|1|0|10159573386738904|facebook
lol you are correct. Not the sharpest tools in the shed….|10159573645238904|Lynn McRae|2022-02-23 23:55:45|1|0|10159573386738904|facebook
George Dolas yup Trump will look after them……oh wait he may not have any money|10159573650348904|Lynn McRae|2022-02-23 23:55:45|1|0|10159573386738904|facebook
Bring back the trucks 🚒, honk honk!!|10159574329873904|Joshua Modello|2022-02-23 23:55:18|0|0|10159573386738904|facebook
ditto. Oh they will pay. Ottawa residents suing them for 306 million.lol They will all be sued so bad they will be living in a van by the river lol #LOCKTHEMUP|10159573485613904|Bonnie Cull|2022-02-23 23:55:45|1|0|10159573386738904|facebook
As the MSM has told you all. The big bad truckers. Trudeau’s hateable Canadians.|10159575718363904|Chuck Audette|2022-02-23 23:55:22|1|0|10159573386738904|facebook
no it's not its reality that nutters had Trump flags there in the 1st place|10159574259143904|Paderick Rose|2022-02-23 23:55:22|1|0|10159573386738904|facebook
You watch too much Fox Fake News. No one was killed.|10159577338428904|Marie Gib|2022-02-23 23:55:46|1|0|10159573386738904|facebook
It's happening, the Ottawa mayor just said it this morning on the news|10159573472883904|Bonnie Cull|2022-02-23 23:55:45|1|0|10159573386738904|facebook
Steven, Steven Steven. You do know that the one confederate and one nazi flag were escorted out of the area by the truckers right. You do know that yes. Oh right I forget you only know the world through the eyes of the CBC.|10159575734628904|Chuck Audette|2022-02-23 23:55:22|1|0|10159573386738904|facebook
If they parked their trucks there for 23 days at any other time they would have gotten towed as well. Why does it change for you little tantrum?|10159574740858904|Adam Long|2022-02-23 23:55:44|1|0|10159573386738904|facebook
🙌|10159573490283904|Terio Jolaine|2022-02-23 23:55:45|1|0|10159573386738904|facebook
against democracy like people heading to Ottawa to overthrow a democratically elected government?|10159573839078904|Carolyn Nikodym|2022-02-23 23:55:44|1|0|10159573386738904|facebook
Believe it or not, the Rule of Law ,which is the Foundation of Canada, is being followed. I commend the Conservative Government that gave us the EA.|10159573762178904|John Currie|2022-02-23 23:55:44|1|0|10159573386738904|facebook
lol|10159573792958904|Gary Desjardins|2022-02-23 23:55:28|1|0|10159573386738904|facebook
it's not a trump flag...|10159573542893904|Josh Gray|2022-02-23 23:55:22|1|0|10159573386738904|facebook
The police auctions are gonna be awesome soon, lol|10159573417228904|Tiago Braga|2022-02-23 23:55:18|0|0|10159573386738904|facebook
Bye truck never come back thank mess in Canada|10159573792188904|Massia A Tracy|2022-02-23 23:55:18|0|0|10159573386738904|facebook
mandates were already set to be scaled back. They just waited an extra couple weeks due to omicron wave. That was known all along. He has support across Canada, he never had it from the freedumb flu trux klan and their “leaders “ that split/ abandoned their “people” before they got arrested.|10159574085543904|Peter Owen Goodale|2022-02-23 23:55:21|1|0|10159573386738904|facebook
Oh they will pay. Ottawa residents suing them for 306 million.lol They will all be sued so bad they will be living in a van by the river lol #LOCKTHEMUP|10159573525003904|Bonnie Cull|2022-02-23 23:55:50|1|0|10159573386738904|facebook
I usually care little about comments on Facebook and rarely participate in these discussions. Just to let you know, however, that I have reported your comments. I do not condone what the truckers did, but I also refuse to tolerate the hate that you are currently spewing. Regardless of your political leanings and opinion on the subject, it is now more important than ever to call for national unity and to calm down collectively by listening to each other’s plight after these traumatizing times in our beautiful country. Yet, you continue to sow division and stigmatize whom you disagree with through your degrading and dehumanizing comments. You are part of the problem. Shame on you.|10159573546713904|Shawn Gibson|2022-02-23 23:55:50|1|0|10159573386738904|facebook
I drink your tears triggered con lol so glad those insurrectionist terrorists are in jail lol #LOCKTHEMUP|10159573551728904|Bonnie Cull|2022-02-23 23:55:50|1|0|10159573386738904|facebook
have you not bothered to watch the news?|10159573959368904|LordHenry Wotton|2022-02-23 23:55:21|1|0|10159573386738904|facebook
well said. Nobody should be allowed to stand up against the billionaire establishment and fight for basic human freedoms.|10159573574128904|Leroy Forrester|2022-02-23 23:55:50|1|0|10159573386738904|facebook
Careful, they will take that as a challenge.|10159573577758904|John Currie|2022-02-23 23:55:50|1|0|10159573386738904|facebook
Anyone laughing and wanting mandates to continue while ignoring natural immunity are SOCIOPATHS by definition.|10159573864358904|Lukasz Suckiel|2022-02-23 23:55:21|1|0|10159573386738904|facebook
🖕🖕🖕🖕🖕🖕🖕🖕🖕🖕🖕🖕🖕|10159573851243904|Brad Pavlovski|2022-02-23 23:55:21|1|0|10159573386738904|facebook
Im a pro at making cons cry, let me drink those tears lmao|10159573605028904|Bonnie Cull|2022-02-23 23:55:50|1|0|10159573386738904|facebook
Your name explains a lot about you too……….in some languages means…..|10159573638883904|Marysia Sobieska|2022-02-23 23:55:50|1|0|10159573386738904|facebook
More con tears, so yummy|10159573650403904|Bonnie Cull|2022-02-23 23:55:50|1|0|10159573386738904|facebook
Because the globe and mail.is a far right insurrectionist supporting CON RAG. DERP #LOCKTHEMUP|10159573653558904|Bonnie Cull|2022-02-23 23:55:50|1|0|10159573386738904|facebook
people will be woken soon|10159573811508904|Lorraine Vezeau|2022-02-23 23:55:21|1|0|10159573386738904|facebook
And how, exactly would you have seen this unfold? They were breaking many laws and unwilling to stop. You suggest nothing be done? I do not advocate violence, but, if the law breakers were violent, then I would expect the police to control it.|10159573809828904|Lynda Hookham|2022-02-23 23:55:21|1|0|10159573386738904|facebook
This story is completely made up and Fox news has admitted it.|10159575088023904|Faith Love-robertson|2022-02-23 23:55:50|1|0|10159573386738904|facebook
good answer|10159573753158904|Lorraine Vezeau|2022-02-23 23:55:21|1|0|10159573386738904|facebook
I posted video of it happening live, she did get trampled by a horse, fact!.|10159575094748904|Chase Gaudenzi|2022-02-23 23:55:50|1|0|10159573386738904|facebook
You wrote all that or you could have googled it and found how silly you sound. https:// www.cp24.com/ mobile/news/ siu-investigatin g-incidents-inv olving-police-h orse-projectile s-fired-during- ottawa-protest- operation-1.578 8900|10159575222273904|Chase Gaudenzi|2022-02-23 23:55:50|1|0|10159573386738904|facebook
and the raw footage. https:// youtu.be/ AsN-5EFM2FU|10159575223573904|Chase Gaudenzi|2022-02-23 23:55:50|1|0|10159573386738904|facebook
I never said she died, and I even told that person she never died.|10159575224558904|Chase Gaudenzi|2022-02-23 23:55:50|1|0|10159573386738904|facebook
here is a quote from a trucker who came home today. You want the link I can supply it!  When we seen what was happening up on Wellington Street, we all agreed that’s not us, that’s not who we are, pushing and shoving and confronting police. We just felt it was time.”  He said that was when he knew the protest was no longer peaceful and “that wasn’t our way, was never intended to be our way.”|10159573503883904|Kathy Mccormack|2022-02-23 23:55:50|1|0|10159573386738904|facebook
How can anyone tolerate you? https:// ottawa.citynews. ca/police-beat/ woman-injured-of ficer-horseback -ottawa-protest -5084656|10159574118543904|LordHenry Wotton|2022-02-23 23:55:21|1|0|10159573386738904|facebook
so you watch this old lady and her walker get trampled and you still have this toxic opinion? https:// youtu.be/ 35y3qYVKtcU|10159573496168904|Chase Gaudenzi|2022-02-23 23:55:50|1|0|10159573386738904|facebook
Not all were peaceful.|10159577324328904|Marie Gib|2022-02-23 23:55:21|1|0|10159573386738904|facebook
get real! They were all over down there. I saw them with my own eyes.|10159573940558904|Philip Standard|2022-02-23 23:55:22|1|0|10159573386738904|facebook
George Dolas Not well versed in Economics, are you?|10159573695273904|John Currie|2022-02-23 23:55:22|1|0|10159573386738904|facebook
Don't need a name, just license or VIN.|10159573966848904|John Currie|2022-02-23 23:55:48|1|0|10159573386738904|facebook
Look them up if you want.|10159573967788904|John Currie|2022-02-23 23:55:48|1|0|10159573386738904|facebook
ok so now that the clown show has left with their tail between their legs we'll disown the protest and the people caught on tape with racist, anti democratic and militaristic signs. Those weren't our people - no nothing to see here folks- don't know who those people are - Proud Boys you say? is that a private school for young men- what are you saying----no no wasn't us. Bwaaahhahahahah aha.|10159573633373904|Faith Love-robertson|2022-02-23 23:55:22|1|0|10159573386738904|facebook
, majority of Canadians support the mandates and are sympathetic for Ottawa.|10159574109003904|Ken Horzempa|2022-02-23 23:55:43|1|0|10159573386738904|facebook
yes, he was for the people too|10159573541503904|Devan Schultz|2022-02-23 23:55:22|1|0|10159573386738904|facebook
Killing of an old lady? Never heard that. Was it on fake news Fox news?|10159577325843904|Marie Gib|2022-02-23 23:55:21|1|0|10159573386738904|facebook
its more about than just the mandates. Trudeau is constantly wrecking the country and needs to be removed. If this happened in another country. The idiot would be there full in supporting the protestors. Oh wait. He did do that in India. India now mocks him in the news there and calls him a hypocrit cause he is one.|10159573640143904|Rollins Ric|2022-02-23 23:55:49|1|0|10159573386738904|facebook
this occupation was doomed from the beginning due to its own incompetency.we dont live in Haiti where you can just show up and demand the PM step down. all it did was cost the tax payers money and accomplish nothing.|10159573646603904|Will Bedford|2022-02-23 23:55:49|1|0|10159573386738904|facebook
no, they were peacefully assembling when dozons of houses ran in. How does a 70 year old women move out of the way faster than a horse? So, you support the police trampling indigenous Canadians.... Pathetic!|10159573492633904|Chase Gaudenzi|2022-02-23 23:55:50|1|0|10159573386738904|facebook
wow you will do and say anything to justify violence against peaceful protestors. Disgusting 🤮|10159575242688904|LordHenry Wotton|2022-02-23 23:55:21|1|0|10159573386738904|facebook
Now how can they help the rest of the country who have been damaged over the past two years. Suicides are up, domestic violence, mental and emotional health issues, job losses, businesses closed down etc. What did our leader do, extended the mandates, even though most Canadians don’t want them. Whatever happened to representing the people?|10159575162463904|Roberta Hall|2022-02-23 23:55:21|1|0|10159573386738904|facebook
time to let go of Trudeau nut sac bud Start thinking on your own|10159574206623904|Chris Love|2022-02-23 23:55:21|1|0|10159573386738904|facebook
ppl are allowed to protest. It isn't illegal|10159573668613904|Rollins Ric|2022-02-23 23:55:49|1|0|10159573386738904|facebook
you said beating and trampling people. I have not seen one instance of a stun gun being used|10159574152658904|Philip Standard|2022-02-23 23:55:21|1|0|10159573386738904|facebook
yes you are right. What does that have to do with the illegal occupation of Ottawa and the blocking of infrastructure?|10159573670653904|Will Bedford|2022-02-23 23:55:49|1|0|10159573386738904|facebook
It showed trudeaus true colors to the world and we ate now under his dictatorship|10159573672298904|Rollins Ric|2022-02-23 23:55:49|1|0|10159573386738904|facebook
That looks like theft|10159573585098904|Pam Larson|2022-02-23 23:55:19|0|0|10159573386738904|facebook
if you bothered to do any research or look at the hundreds of videos taken by protestors you will see plenty of violence by police https:// mobile.twitter.c om/ thevoicealexa/ status/ 1495507559037419 537?s=21|10159574120638904|LordHenry Wotton|2022-02-23 23:55:21|1|0|10159573386738904|facebook
Really? Try a Gulag in Siberia for your holidays then.|10159574323623904|Pauline Dalby|2022-02-23 23:55:43|1|0|10159573386738904|facebook
mandates were always going to be lifted as before, and if another wave of Covid hits once again they will be put back in place. As for Trudeau not being re-elected we can only hope, but good grief he was re-elected for a second time, should never have been elected in the first place, but here we are.|10159578641543904|Margo Harding|2022-02-23 23:55:23|1|0|10159573386738904|facebook
Ha...ha...ha no government mandates in place in Texas. We are free individuals here.|10159573986398904|William Michael Brienza|2022-02-23 23:55:23|1|0|10159573386738904|facebook
exactly 😉🙄|10159573575373904|Richard Evans|2022-02-23 23:55:26|1|0|10159573386738904|facebook
ok, time to get off trudeaus shaft bud You can’t be serious?|10159574211353904|Chris Love|2022-02-23 23:55:31|1|0|10159573386738904|facebook
I hope the insurrections hear some different noises. Judges' hammers, for example.|10159574721018904|Roger Pretty|2022-02-23 23:55:17|0|0|10159573386738904|facebook
Guess who.|10159573762888904|John Currie|2022-02-23 23:55:27|1|0|10159573386738904|facebook
exactly.|10159574932193904|Juliet Baldock|2022-02-23 23:55:26|1|0|10159573386738904|facebook
Exactly. Which is why I’m making fun of these clowns.|10159574725033904|Scott W. Ambler|2022-02-23 23:55:26|1|0|10159573386738904|facebook
Why don't you take that up with the government that has been shutting down businesses for 2 years straight!?!?!  It's ABSURD that people are sitting here pretending like they care about the businesses when they want mandates to keep going.|10159573459248904|Lukasz Suckiel|2022-02-23 23:55:32|1|0|10159573386738904|facebook
A new Manu poll was done and it resulted in only 16% of Canadians wanting to vote for Trudeau.|10159573462138904|Lukasz Suckiel|2022-02-23 23:55:32|1|0|10159573386738904|facebook
Actually, they are very well defined in a little document call the Charter of Rights and Freedoms.|10159573931433904|Scott W. Ambler|2022-02-23 23:55:26|1|0|10159573386738904|facebook
you can pry my right to arm bears from my cold dead hands|10159573841913904|Jam O'Sherry|2022-02-23 23:55:26|1|0|10159573386738904|facebook
Don't forget your Second Amendment Rights.|10159573788793904|John Currie|2022-02-23 23:55:26|1|0|10159573386738904|facebook
You studied at U of T but did you graduate?|10159573769063904|John Currie|2022-02-23 23:55:26|1|0|10159573386738904|facebook
I assure you much talk is occuring online and offline about how the NDP and Green practically vote for everything Trudeau wants done, the 3 parties have become one in Parliament.  CPC can't be trusted either as over 40 members voted to keep O'Toole as leader, it's morally and intellectually corrupt as Maxime Bernier said, I'll be voting PPC!|10159573479383904|Lukasz Suckiel|2022-02-23 23:55:32|1|0|10159573386738904|facebook
oh for crying out loud. Just a group of morons.|10159573692738904|Bernie Lightfoot|2022-02-23 23:55:26|1|0|10159573386738904|facebook
ya, not a chance. Maxime Bernier was forgetting top secret laptops in public bathrooms when you were in diapers.|10159573499898904|Michael Baillargeon|2022-02-23 23:55:32|1|0|10159573386738904|facebook
A private business can choose to make it a policy as they are a private business.  However without the government mandates and the government backing them up those businesses will get sued repeatedly OR lose LOTS of business to the MANY businesses that will choose to respect equality.  And that's EXACTLY how it should be in a free country.|10159573507683904|Lukasz Suckiel|2022-02-23 23:55:32|1|0|10159573386738904|facebook
Hello. I saw your profile and it was really interesting. You seem to be a wonderful person, that's why I really want us to be friends. I tried to add you on facebook without success. Please send me a friend request so we can be friends on Facebook. thanks|10159573523623904|Emily Rusell|2022-02-23 23:55:32|1|0|10159573386738904|facebook
Looks like they already do, no respect for the law. If I back talked and tried to get tough with the cops when I was young you got the big flash light over the head or shoulders. Learn not to get mouthy early in live.|10159573664128904|Greg Abraham|2022-02-23 23:55:32|1|0|10159573386738904|facebook
lol - I like your thinking and it's very free, open and supportive of both sides here in TX. Open discussions, friendly debates of the pros & cons in this situation. Accepting to wear or not to wear & letting businesses decide. Funny that you say this. In canada it's more about Force vs Discussions. Emergency Measures Act....really?|10159575211878904|Bent Byers|2022-02-23 23:55:33|1|0|10159573386738904|facebook
James Auer that is absolutely hilarious.|10159573580608904|Trevor Lavens|2022-02-23 23:55:26|1|0|10159573386738904|facebook
oopsies.|10159573579978904|Trevor Lavens|2022-02-23 23:55:26|1|0|10159573386738904|facebook
As you should...|10159573530843904|Frederick Hollinger|2022-02-23 23:55:34|1|0|10159573386738904|facebook
I think so. Because any rational person on the right or left can see this is a tyranny government. I'm sorry you bought into the Trudeau propaganda I feel sorry for you.|10159573971523904|Michael Marath|2022-02-23 23:55:31|1|0|10159573386738904|facebook
No Civics 101 at Seneca.|10159573666233904|John Currie|2022-02-23 23:55:31|1|0|10159573386738904|facebook
hey chose to live there??? Oh, right. Once again the victims are at fault. Isn't that always the way with childish, petulant brats who enjoy being led down the garden path? It's not - it's never MY fault. Residents, fault indeed! Please, do us all a favour and grow up.|10159573840258904|Brian Holstein|2022-02-23 23:55:27|1|0|10159573386738904|facebook
where's your other brother Darryl?|10159573636603904|Stephen Rasmussen|2022-02-23 23:55:29|1|0|10159573386738904|facebook
Enjoy your new immune system. Courtesy of the snap sequence protien direct from China you morons.|10159574243903904|Cody Ross|2022-02-23 23:55:28|1|0|10159573386738904|facebook
was never about the needle.....gues s reading was never your strong suit|10159574708043904|John Turnbull|2022-02-23 23:55:28|1|0|10159573386738904|facebook
We know there lies!! The problem is the low information sheeple believe everything the fake news tabloids write.|10159574335223904|Joshua Modello|2022-02-23 23:55:27|1|0|10159573386738904|facebook
"I don't have a dislike for truckers. I have a dislike for the extremists that latched on to the protest, introduced a ridiculous seditious MOU, and the ""leaders"" of the likes of Lich, King and company who have some seriously messed up ideas. Too many white supremacist xenophobes were part of the demonstration to take it seriously as being about mandates. I do believe we have reached a point where we need to adjust our response to COVID to recognize it as endemic. I think there were lots of misteps along the way as we addressed COVID. Nonetheless, we managed to be in the top 20 of national responses in terms of minimising deaths, and had tens of thousands fewer dead than had we had no mandates. Masks need to remain in effect for some weeks yet. Capacity limits on large indoor venues should be lifted slowly. Vaccine passports (which were already scheduled to expire in many provinces) are not particularly useful at 2 doses of the current vaccines. Individual businesses should be free to set their own requirements for vaccines, masks, etc., and patrons can choose fir themselves and vote with their wallet. We need to have clearer and more specific metrics going forward to respond to any resurgence or more dangerous new variants without waiting too long then suddenly shutting everything down, we need to know when and where to bring back masks and capacity limits, and do so surgically and early to avoid total shut downs (and people need to not bypass that by driving to the next community). The vaccines are not as effective against omicron as they were against the original strain. More work needs to be done there, or Vaccine requirements lose sense (if the vaccine only reduces chance of severe illness, but has limited effect at reducing transmission, then not being vaccinated only affects the unvaccinated, so requiring it loses impact). That said there are roles such as in healthcare, the military, and perhaps other key services where we can't risk losing lots of personnel to severe illness af once; mandates there could still be justified. In short, I support mandates only where they can be justified for the greater good. Such was the case, but I do believe we are around the time when it is no longer the case. Deel down, I believe we should have never needed mandates in that we ought to be able to count on people to do the right thing when advised by public health, as good citizens and through sense of community, in the national interest. This pandemic has shown we can't count on that, that part of what it meant to be Canadian has succumbed to personal interest coming first."|10159574049303904|David A Wright|2022-02-23 23:55:27|1|0|10159573386738904|facebook
, read who wrote the comment before you throw arrows please. Not my comment.|10159573996048904|Sandra Benbow|2022-02-23 23:55:27|1|0|10159573386738904|facebook
you mean the shooting of 9 and the deaths of 4 people by the .national guardsman|10159574223498904|Patrick Perrier|2022-02-23 23:55:28|1|0|10159573386738904|facebook
moved out? Trudeau is still there, is he not? You are talking about being disrespectful and bullying, I can only think you mean Trudeau and Freeland|10159573952143904|Eldon Siemens|2022-02-23 23:55:27|1|0|10159573386738904|facebook
What would you call these protestors?:  https:// www.louderwithcr owder.com/ axe-wielding-mob -attack-pipelin e|10159573512558904|Lukasz Suckiel|2022-02-23 23:55:29|1|0|10159573386738904|facebook
I think you were watching the wrong news because there was no insurrectionist s in Canada.|10159573625663904|Michael Marath|2022-02-23 23:55:29|1|0|10159573386738904|facebook
Like the First Nations Mohawk woman that was trampled by the RCMP. The mandates are coming to an end because the top drs said it is so. If you want to accept you are a virus, need to be masked and shot up with synthetic biological technology power to you, but many do not.|10159573733268904|Darlene Dove|2022-02-23 23:55:29|1|0|10159573386738904|facebook
You do realize the powers are given to the government, not to one person, right?|10159573499433904|Tracy Pytlowany|2022-02-23 23:55:31|1|0|10159573386738904|facebook
Insurrectionist s.....it sounds like to swallowed the news cast from January 6. 2021.|10159575268058904|Lyn Squires|2022-02-23 23:55:29|1|0|10159573386738904|facebook
I know this for a fact from people I know who live in the downtown area. They felt extremely frustrated with what was happening in their neighbourhood. Just disrespectful and unlawful bullying. Glad they finally were moved out.|10159573935813904|Sher Herlick-Brown|2022-02-23 23:55:27|1|0|10159573386738904|facebook
It is.|10159577332593904|Marie Gib|2022-02-23 23:55:30|1|0|10159573386738904|facebook
I don't like Ottawa now...its the Centre of hate in Canada|10159574485518904|Tina Knott|2022-02-23 23:55:17|0|0|10159573386738904|facebook
your an idiot|10159573615983904|John Snyder|2022-02-23 23:55:30|1|0|10159573386738904|facebook
some charged last week did have weapons with them!|10159573627733904|Lori Wheeler|2022-02-23 23:55:30|1|0|10159573386738904|facebook
you watch too much Fox New!|10159574297703904|Chris R. Thompson|2022-02-23 23:55:30|1|0|10159573386738904|facebook
Jan Zonq oh perhaps! I’ll have to look it up!|10159574878543904|Lori Wheeler|2022-02-23 23:55:31|1|0|10159573386738904|facebook
You can’t get freedom by denying other people’s theirs. That’s just bullying.|10159574912843904|Howard Raper|2022-02-23 23:55:17|0|0|10159573386738904|facebook
Agreed !|10159573627548904|Michael Marath|2022-02-23 23:55:34|1|0|10159573386738904|facebook
"Shame on you for outright talking nonsense, intellectually dishonest is what you and this fake ""Liberalism"" is."|10159573680038904|Lukasz Suckiel|2022-02-23 23:55:34|1|0|10159573386738904|facebook
was talking to an older Serbian woman this weekend who would have gone to Ottawa in a heartbeat. She said they left Serbia 20 years ago to escape what is happening in Canada right now.|10159574004058904|Yvonne Zeldenrust-Hessels|2022-02-23 23:55:43|1|0|10159573386738904|facebook
obviously but its not all about you is it? Thats the problem here. Some of you won't see past yourselves. What others have lost and if I have to explain to you what millions of other Canadians have lost, you're a fool as well as selfish. The end 👍|10159573784593904|Angela Adams|2022-02-23 23:55:34|1|0|10159573386738904|facebook
All I hope is that all FN , minority rights and environmental protests in the future are handled the same way with media and politicians painting all as terrorists because one or 2 bad apples are in their crowd and their blockades are also called illegal acts and swiftly removed. My main beef is the hypocrisy that has overtaken the nation where draping a Canadian flag over a statue is called desecration while burning a dozen churches is called understandable|10159573745418904|Zane Grey|2022-02-23 23:55:24|1|0|10159573386738904|facebook
"Most truckers want nothing to do with the ridiculous ""freedom convoy"", dearie."|10159576744993904|Eric Pomorski|2022-02-23 23:55:40|1|0|10159573386738904|facebook
Great news!|10159573761598904|Sheryl Ananny|2022-02-23 23:55:17|0|0|10159573386738904|facebook
no|10159573742988904|Lorraine Vezeau|2022-02-23 23:55:24|1|0|10159573386738904|facebook
clean up what ???????|10159574726518904|John Turnbull|2022-02-23 23:55:41|1|0|10159573386738904|facebook
that one hour YouTube video you watched doing your own research does not make you more knowledgeable than the smart guys who have had to study the material, hundreds of lab hours for at least 5 years and practiced it for years.|10159573702648904|Kwaku Ametor|2022-02-23 23:55:24|1|0|10159573386738904|facebook
Or just slap them.|10159573615143904|Dwight Osbaldeston|2022-02-23 23:55:24|1|0|10159573386738904|facebook
"""fallow Trudeau"", you want us to leave him alone for a year?"|10159573939703904|John Currie|2022-02-23 23:55:42|1|0|10159573386738904|facebook
|10159574107868904|Rory D Lufe|2022-02-23 23:55:42|1|0|10159573386738904|facebook
I think it would be awesome. Ottawa is our capital, it belongs to all of us|10159573563688904|Larry Nicolay|2022-02-23 23:55:43|1|0|10159573386738904|facebook
You mean those that are crossing the border with goods and those on our highways distributing goods to stores and businesses?|10159573766063904|John Currie|2022-02-23 23:55:28|1|0|10159573386738904|facebook
there’s 15 million Canadians now supporting them. It’s hardly a failure.|10159575871703904|Laurie Jeffery|2022-02-23 23:55:23|1|0|10159573386738904|facebook
You can’t really believe that. Trudeau is tone deaf to anyone not in his pocket or in the mirror.|10159575698093904|Chuck Audette|2022-02-23 23:55:23|1|0|10159573386738904|facebook
Trudeau just needed to send out negotiators to speak with the truckers and this could have been resolved much sooner, but instead he went into hiding.|10159575148138904|Roberta Hall|2022-02-23 23:55:23|1|0|10159573386738904|facebook
they actually prevented a vote in the House because our Federal Government could not navigate through the barricades of trucks. That is not just taking over a city but interfering in the operation of the governance of the whole country.|10159575076593904|Faith Love-robertson|2022-02-23 23:55:23|1|0|10159573386738904|facebook
where is the national emergency to allow banks to freeze bank accounts. Shame on the NDP for supporting the emergency act. Where is the national emergency|10159574241418904|Roz Titley|2022-02-23 23:55:23|1|0|10159573386738904|facebook
Oh, I am gloating because I am free and freedom is more important than collective insecurity. Too bad Canada has lost that sense of individual freedom. It is gone and maybe never to return.|10159574223068904|William Michael Brienza|2022-02-23 23:55:23|1|0|10159573386738904|facebook
The failure was in the politicians refusing to engage. What you described, is what they asked for.|10159574156893904|Nathan Fry|2022-02-23 23:55:23|1|0|10159573386738904|facebook
yeah the cult is gone|10159573766253904|Lorraine Vezeau|2022-02-23 23:55:43|1|0|10159573386738904|facebook
it will be just wait when jt gets done it will just be like north korea then see who’s sorry!!!!|10159573773858904|Russell Trapp|2022-02-23 23:55:43|1|0|10159573386738904|facebook
actually we we’re almost a communist dictator country thanks your PM for the emergency act otherwise the 3 leaders would of dictate your lives. Check it out on Google MOU convoy|10159573794653904|Lorraine Vezeau|2022-02-23 23:55:43|1|0|10159573386738904|facebook
Cute that you think every truck driver was there.|10159575013383904|Eric Pomorski|2022-02-23 23:55:40|1|0|10159573386738904|facebook
boot licker 👅|10159573766548904|Sean Mackowiak|2022-02-23 23:55:24|1|0|10159573386738904|facebook
poor babies|10159574715813904|John Turnbull|2022-02-23 23:55:38|1|0|10159573386738904|facebook
Lol, too tough to answer, I get it.|10159573850768904|Fi Glennanne|2022-02-23 23:55:34|1|0|10159573386738904|facebook
foolish woman. Brian Peckford is sueing Feds over violation of charter....look up Mr.Peckford if you don't know who he is, see charter....and read...lol|10159573790023904|Angela Adams|2022-02-23 23:55:34|1|0|10159573386738904|facebook
yes sir, you're right, nobodys freedom trumps anothers. For 2 years that's what has been happening and it snowballed into this horrific division that our PM could have handled in the week BEFORE supporters arrived in Ottawa. His arrogance overrode everyones rights..Now its become so big that things will have to change. For the better..For you AND for me. 👍|10159573796228904|Angela Adams|2022-02-23 23:55:34|1|0|10159573386738904|facebook
when the cure becomes more destructive than the disease, do you not adjust accordingly?|10159573798523904|Angela Adams|2022-02-23 23:55:34|1|0|10159573386738904|facebook
Pat Arenburg Happy for you...talk to your fellow Canadians for more info 👍|10159573799243904|Angela Adams|2022-02-23 23:55:34|1|0|10159573386738904|facebook
woman, I have a feeling nobody ever gets a word in edgewise with you so I certainly won't speak for you dear...lol|10159573800823904|Angela Adams|2022-02-23 23:55:34|1|0|10159573386738904|facebook
I think you need kindness more than most dear. Have a wonderful day 😊|10159573801763904|Angela Adams|2022-02-23 23:55:34|1|0|10159573386738904|facebook
Never lost it!!|10159573806688904|Patricia Dingle|2022-02-23 23:55:34|1|0|10159573386738904|facebook
i don't lie, I find it cowardly. Truth. Worked with a woman 9 years. Came from a communist country at 18 when govt shot her father because he wouldn't sell them his farm. Loves Canada because she's free. Her family all had covid early in including her elderly Mom. All recovered. She doesn't want vaccine and is not even allowed in the building now. 4 teenage kids all going to school. No income now....and please don't say she should just get the shot. Its her choice, not mine.|10159573812903904|Angela Adams|2022-02-23 23:55:34|1|0|10159573386738904|facebook
do you feel better now|10159574703383904|John Turnbull|2022-02-23 23:55:24|1|0|10159573386738904|facebook
I guess so. Which ones?|10159573979803904|Philip Standard|2022-02-23 23:55:24|1|0|10159573386738904|facebook
Picking up garbage while defecating and urinating in the streets? Ok then.....|10159573681558904|Angela Mrotzek|2022-02-23 23:55:37|1|0|10159573386738904|facebook
name calling. How endearing....|10159574034813904|Donna McCaw|2022-02-23 23:55:34|1|0|10159573386738904|facebook
he is concerned about air travel, Right?|10159574037403904|Donna McCaw|2022-02-23 23:55:34|1|0|10159573386738904|facebook
no by your communist ideology!|10159573979613904|Sean Mackowiak|2022-02-23 23:55:24|1|0|10159573386738904|facebook
Its actually exactly about the health risks ...|10159575079203904|Linda Freeman|2022-02-23 23:55:34|1|0|10159573386738904|facebook
Just good people who r frustrated with things , right or wrong|10159573434373904|Trevor Rose|2022-02-23 23:55:17|0|0|10159573386738904|facebook
Not good people. Good people don't Terrorize each other! Bad people, being led by bad people, like ultra Grand-Wizard RACIST and animal abuser, Pat King.  https:// www.sootoday.com /local-news/ the-former-sault -man-at-the-hea rt-of-the-truck er-convoy-50453 77|10159573517863904|Shane McNeil|2022-02-23 23:55:35|1|0|10159573386738904|facebook
Plus easily deluded and mainpulated|10159573827948904|Ian Martin|2022-02-23 23:55:35|1|0|10159573386738904|facebook
brilliant! What do u know ? U r still driving on the wrong side of the road! Just sayin|10159574277138904|Trevor Rose|2022-02-23 23:55:35|1|0|10159573386738904|facebook
Not true, do you live in Ottawa? I do.|10159577337583904|Marie Gib|2022-02-23 23:55:37|1|0|10159573386738904|facebook
Oh god I hope the towed trucks get sold back to the truckers using their donations. The idea that the protest donations would just be fed to the government is just *chef's kiss*|10159573594603904|Craig Webster|2022-02-23 23:55:19|0|0|10159573386738904|facebook
