﻿comment|comment_ids|username|datetime|isreply|num_replies|post_id|label
I’m done. When someone chooses to insult someone with misogynistic comments that’s where I draw the line. Improve your social skills because they are very lacking.|10159560351568904|Sheila Fee|2022-02-09 23:27:07|1|7|10159560118898904|facebook
"Amazes me that anyone would put their support toward/behind someting without 1) knowing who are the organizers/ leaders and the major influencers - Lich, Ditcher, Barber, Peckford, Hodkinson, Hillier, Alexander, Quiggin, Bulford, King, Denson, etc. - are the organizers/ influencers of the Canadian truckers/ protesters and they are not good people 2) knowing who are the trucker/ protester participants - truckers/ protesters participating are conspiracy theorists, against immigation, racists, anti-semetics, Islamaphobes, seperatists, white nationalists, far-right wingers, etc. 3) knowing what the truckers/ protesters hope/aim to achieve - it's not just an end to vaccine mandates, the trucker/ protesters also want to end immigration, unrestricted oil & gas development including pipelines, western Canada seperation, end of transfer payments, end of all health measures, removal of the current government, etc.).  This is not name calling ---There's a big difference between ""name calling"" and what is an accurate charactization of people and what motivates/ drives them - knowing and understanding that the truckers/ protesters are anarchists and extremists and domestic terrorists is not name calling, it's identifying who these people really are based on their own words, behaviours and actions, both past and present."|10159560343618904|Gordon Earle|2022-02-09 23:26:55|0|6|10159560118898904|facebook
Still say use a water cannon to soak the protestors. Lets see how long they can stay out all wet in the freezing weather.|10159560156223904|Maurice Prokaziuk|2022-02-09 23:26:55|0|5|10159560118898904|facebook
nobody is forcing you. You have freedom of choice.|10159561351543904|Gloria Dawe Bruce|2022-02-16 23:26:57|1|4|10159560118898904|facebook
They were not asked to give up their civil liberty.... they were asked to vaccinate and wear masks to help each other say healthy and alive for God sake. How selfish can you be!! The divide is of their own making.... they made a choice NOT to vaccinate and now they can't live with the consequences!! No sympathy here. In Canada we have all the freedom in the world.... the freedom of choice... and they made theirs. IF they want to see what its like NOT to have freedom ... let them all go to Afghanistan!!!!|10159560387318904|Gloria Dawe Bruce|2022-02-09 23:26:55|0|3|10159560118898904|facebook
"Given a choice between vaccine or unpaid leave or termination is not ""being asked"". It is forcing experimental vaccine that doesn't prevent disease on people who might not need it. Vaccinated travelers imported strains and vaccinated people are in hospitals as well."|10159560562473904|Lebioda Irena|2022-02-09 23:26:57|1|3|10159560118898904|facebook
ok boomer|10159560247608904|Denis Smith|2022-02-09 23:27:05|1|3|10159560118898904|facebook
Ford kenney premier Waldo in Manitoba have to request pm bring in military|10159560145208904|Eugene Osudar|2022-02-09 23:26:55|0|3|10159560118898904|facebook
see all Canadians regardless of race or religion or political views are standing together for freedom which side are you going to be on in history because I will be in the side of free people just like both sides of my ancestors stood for|10159560286668904|Brodie Thomas|2022-02-09 23:27:05|1|2|10159560118898904|facebook
You are the one who made the comparison not me!!|10159560398093904|Patricia Dingle|2022-02-09 23:27:05|1|2|10159560118898904|facebook
tell that to indigenous protesters|10159560278928904|Merle B Peter-paul|2022-02-09 23:27:05|1|2|10159560118898904|facebook
people had to choose between a vaccine, unpaid leave, termination or tests every 72 hours that cost $60. That is not right. https:// www.npr.org/ 2020/09/04/ 908305074/ bad-optics-or-so mething-more-mo derna-executive s-stock-sales-r aise-concerns|10159560565773904|Lebioda Irena|2022-02-09 23:27:00|1|2|10159560118898904|facebook
Ryan Black If you want to understand about loosing your “so called freedom” go live in Russia or any number of countries to understand what freedom actually is where you actually lose it completely. You need a history lesson !|10159560321448904|Patricia Dingle|2022-02-09 23:27:07|1|2|10159560118898904|facebook
I don’t care about Trudeau and politics. All I know is that I was getting my business back on track and these border blockades are causing me to loose business. So much for these protests working for small business. Stop blocking the border!|10159560335958904|Sheila Fee|2022-02-09 23:27:07|1|2|10159560118898904|facebook
wow, I had no idea the protesters were so anti small business.|10159560319043904|Sheila Fee|2022-02-09 23:27:07|1|2|10159560118898904|facebook
In Nazi German they killed protesters like you!! Lucky you live in a Democratic country.|10159560394688904|Patricia Dingle|2022-02-09 23:27:05|1|2|10159560118898904|facebook
This is the reason why they are standing up.....be sure to check out all the references outlined here....because there are only facts: https:// rumble.com/ vliern-dr.-david -e.-martin-drop s-shocking-covi d-19-news-on-ca nadians.html|10159560547278904|Sandra Corrado|2022-02-09 23:26:57|1|2|10159560118898904|facebook
we are in the middle of a pandemic. Millions of people are dying....it’s the governments job to do what it can to take care of its people.....vacc ines are the way out of this mess. Until everyone is safe from the virus none of us are safe. As long as it has a host to jump to it will continue to spread and mutate. If you’re not willing to get vaccinated then you need to accept the consequences of that choice. You do have a choice......you just don’t like the consequences. How hard is that to understand.|10159560807758904|Gloria Dawe Bruce|2022-02-09 23:26:57|1|2|10159560118898904|facebook
I have bad news for you, we will not be able to vaccinate our way out of this. Forcing a medical procedure on folks who don’t want it is the most selfish thing and saddest part, it doesn’t work.|10159560812718904|Robert Hume|2022-02-09 23:26:57|1|2|10159560118898904|facebook
no vaccine is ever 100% none ever was. They are given to help prevent severe illness. If everyone took the vaccine it would go a long way to help eradicate this virus that’s why scientists/ doctors are asking everyone to get vaccinated. We will never agree on this so let’s just agree to disagree. Stay safe.|10159561190468904|Gloria Dawe Bruce|2022-02-16 23:26:57|1|2|10159560118898904|facebook
do I?|10159560448808904|Ramona Joseph|2022-02-09 23:27:03|1|1|10159560118898904|facebook
Newly implied, not eradicating nor preventing any disease? Yeah, that's new. BTW did you know... https:// westernstandardo nline.com/2021/ 10/ two-thirds-of-fe deral-civil-ser vice-will-be-ex empt-from-manda tory-vaccinatio ns/|10159561944038904|Lebioda Irena|2022-02-16 23:27:00|1|1|10159560118898904|facebook
3 month old news. Noth sure how it applies to the truckers.|10159561945858904|David Rochon|2022-02-16 23:27:00|1|1|10159560118898904|facebook
your probably not even a real person to say absurd things like that|10159560377028904|Brodie Thomas|2022-02-09 23:27:07|1|1|10159560118898904|facebook
But people know about those vaccine requirements before they begin the study/ employment. If you didn't need it when you got hired, and all of a sudden you do, that's not the same level of choice in my opinion.|10159563814138904|Perry Senior|2022-02-16 23:27:00|1|1|10159560118898904|facebook
It's still a choice and one might argue the pandemic that has gripped the globe for the past two years is something of an extenuating circumstance. Besides, The US has the same requirement, none of those 10% of truckers were ever getting south of the border to begin with. Our mandate only effected traffic flowing into the country. That's just how borders work. This whole protest is just a vehichle for anti-government radicals, admittedly with a lot of genuinely frustrated people in the mix. But we're all frustrated - not all of us chose to break the law and occupy cities or close borders.|10159564726158904|Matthew Evans|2022-02-16 23:27:00|1|1|10159560118898904|facebook
It’s interesting that the CEO of Moderna has been dumping his stock and deleted his Twitter account.|10159561362013904|Leslie Robertson|2022-02-16 23:26:55|0|1|10159560118898904|facebook
You won't hear much about that on MSM!|10159563820568904|Perry Senior|2022-02-16 23:27:02|1|1|10159560118898904|facebook
Let's brin police here from Moscow, they'll crack heads and arrest everyone in sight. Jus sayin|10159560284273904|David Wale|2022-02-09 23:26:55|0|1|10159560118898904|facebook
Keep it going...fight for my rights and freedom...JUST DO IT|10159560319123904|Ramona Joseph|2022-02-09 23:26:55|0|1|10159560118898904|facebook
You live in Italy so shut the hell up….|10159560442833904|Garry Dean|2022-02-09 23:27:03|1|1|10159560118898904|facebook
boo hoo, the capital city is being protested to end my COVID cult.|10159560491028904|Robert Hume|2022-02-09 23:27:04|1|1|10159560118898904|facebook
yeah, but it’s a personal choice, not yours or the governments. We are equal under the law, and that means equal, not take the jab or you not equal. How hard is it for you to understand.|10159560488418904|Robert Hume|2022-02-09 23:26:57|1|1|10159560118898904|facebook
Go Home, you don’t live in Ottawa and you are impacting the freedoms of the residents.|10159560444958904|Peter Spearman|2022-02-09 23:26:55|0|1|10159560118898904|facebook
The protesters act as though these vaccine mandates are an egregious violation of their rights but, they do have the right to refuse. There is a strong precedent for such health requirements going back decades. Doctors and nurses are required to have all their vaccines before attending medical school and I know from my own personal experience working at a remote camp site, I was required to have my tetanus booster before I could start working there. If not for the hysteria and disinformation spread by anti-vaxxers this wouldn't be an issue. As has been pointed out already, this is just a ruse trying to unseat our legally elected government. Disgraceful. Sedition.|10159560418548904|Matthew Evans|2022-02-09 23:26:55|0|1|10159560118898904|facebook
the roots of your gram's french/metis heritage|10159560435608904|Merle B Peter-paul|2022-02-09 23:27:05|1|1|10159560118898904|facebook
??|10159560433178904|Brodie Thomas|2022-02-09 23:27:05|1|1|10159560118898904|facebook
or the eastern woodland|10159560432743904|Merle B Peter-paul|2022-02-09 23:27:05|1|1|10159560118898904|facebook
if they didn't for Antifa and BLM thugs why now?|10159560181738904|Frank Poncsak|2022-02-09 23:27:05|1|1|10159560118898904|facebook
selfishness and pettiness are just a couple things that describe the far right.|10159560810898904|Matty Mac|2022-02-09 23:26:57|1|1|10159560118898904|facebook
and how did it start the exact same way apparently you didn’t pay attention in history class or had a terrible teacher|10159560400058904|Brodie Thomas|2022-02-09 23:27:05|1|1|10159560118898904|facebook
don’t think that would go over to well sounds like something that would’ve went on in nazi Germany against protests this is a free country|10159560263843904|Brodie Thomas|2022-02-09 23:27:05|1|1|10159560118898904|facebook
yeah and nazis also murdered 6 million Jews apparently your okay with that???|10159560397238904|Brodie Thomas|2022-02-09 23:27:05|1|1|10159560118898904|facebook
"It's also false to claim they faced termination for refusing vaccination. ""Vaccine mandate 'not an issue at all' for Canada's largest trucking company, TFI"" There are plenty of domestic routes these driver's can take. Besides, regardless of Canadian policy, they wouldn't be entering the states as they have the exact same requirement."|10159561392328904|Matthew Evans|2022-02-16 23:27:00|1|1|10159560118898904|facebook
read Matthews post again. Vaccination as a condition of employment is nothing new.|10159561076193904|David Rochon|2022-02-16 23:27:00|1|1|10159560118898904|facebook
yea we will see how long this lasts 🙄|10159565611683904|Joni Outlaw|2022-02-16 23:26:58|1|1|10159560118898904|facebook
you do you girl but I paid attention in history class and I won’t bend over and watch what happened in Germany happen here and majority of Canadians say the same what side of history will you be on???|10159560349718904|Brodie Thomas|2022-02-09 23:27:07|1|1|10159560118898904|facebook
Justin should just go.|10159560414548904|Joshua Burke|2022-02-09 23:26:55|0|1|10159560118898904|facebook
Justin Trudeau has openly said how he admires the Chinese dictatorship and seeing everything he’s done you’d be pretty simple to think he isn’t trying to obtain that|10159560331363904|Brodie Thomas|2022-02-09 23:27:07|1|1|10159560118898904|facebook
I love reading all the comments. It's so easy to see who watches mainstream media 😆😆😆 Hold the line 🇨🇦 🚛 🚜 🚜🚜😇|10159561081153904|Joni Outlaw|2022-02-16 23:26:55|0|1|10159560118898904|facebook
cya hahaha|10159565603138904|Michael Hörder|2022-02-16 23:26:58|1|1|10159560118898904|facebook
"polio was 99 to 100% effective I would be happy with that. That would erradicate a vaccine. Covid is no where near that. The literal motto of the vaccine is ""help stop the spread"" There is also scientists and doctors saying that it's not stopping the spread of omicron. Also with a 99% chance of surviving we shouldn't be mandating over it. We have lost far more people over the flu in my lifetime and never a mandate even in healthcare."|10159561199673904|Joni Outlaw|2022-02-16 23:26:57|1|1|10159560118898904|facebook
Freedom is not being forced to take an injection.|10159561229258904|Ric Martyniuk|2022-02-16 23:26:57|1|1|10159560118898904|facebook
A. There is numerous studies showing omicron will spread to the vaccinated just as easy and unvaccinated B. Not being able to hop on a plane to go to a family funeral two provinces away I feel is a freedom I should have living in Canada. Like when our churches shut...even in communist times in Poland the churches were open. The mandates don't make sense. For example the same time churches were closed being in wal mart with 500 people was OK. C. This vaccine does not have the effectiveness to eradicate this virus like polio did. Would you take your birth control or heart meds if they were only 70% effective. No. So shouldn't we be mandating lives over that. No|10159561087438904|Joni Outlaw|2022-02-16 23:26:57|1|1|10159560118898904|facebook
all I know is that my business was getting back on track and then bam, the blockades happened.|10159560325363904|Sheila Fee|2022-02-09 23:27:07|1|1|10159560118898904|facebook
would you not rather have your business and thousands others actually open and making good money because most are shut down and going bankrupt so if your has to suffer so thousands can reopen and our economy can get back to normal it’ll be a lot better then the lockdowns and bullshitnoir government continues on us no???|10159560324368904|Brodie Thomas|2022-02-09 23:27:07|1|1|10159560118898904|facebook
I have managed through this pandemic and I was just starting to get the product I needed which had been back ordered for months. But then the border blockades happened…|10159560324063904|Sheila Fee|2022-02-09 23:27:07|1|1|10159560118898904|facebook
and the last two years with lockdowns hasn’t effected that??? And what about the other millions of Canadians it has and I’ve seen it first hand|10159560322148904|Brodie Thomas|2022-02-09 23:27:07|1|1|10159560118898904|facebook
"It's my favorite response I get from folks, the ""you don't have the quaifications"" to make you own personal health decisions. Oh, and getting vaccinated is stop the spread of COVID. Oh, and if you are unvaccinated, you are going to take up valuable health resources and delay treatment of others. I have heard folks like you for two years now, and you all are starting to sound cultish and crazy."|10159561317353904|Robert Hume|2022-02-16 23:26:57|1|1|10159560118898904|facebook
I could think of a few other adjectives that would describe them but I’d get booted off Facebook. 😉|10159560997158904|Gloria Dawe Bruce|2022-02-16 23:26:57|1|1|10159560118898904|facebook
I’m a small business owner and the blockades are affecting my business. I can’t get the product I need. So this is hurting my business.|10159560321048904|Sheila Fee|2022-02-09 23:27:07|1|1|10159560118898904|facebook
which goes back to my comment get out from underneath your rock and go see for yourself|10159560320283904|Brodie Thomas|2022-02-09 23:27:07|1|1|10159560118898904|facebook
the government and Justin Trudeau is where you should put your blame for not listening to the people and doing there job but I stand beside saying get out from underneath your rock your part of the problem|10159560317713904|Brodie Thomas|2022-02-09 23:27:07|1|1|10159560118898904|facebook
you have a choice to keep your job or find another, all workplaces have conditions of employment, especially when it comes to liability and workplace safety.  Ignorance of how and why vaccines work is not a valid argument against vaccination.|10159561304208904|Cory Karp|2022-02-16 23:26:57|1|1|10159560118898904|facebook
Bring in the military!|10159560141223904|Sherry Coulson Hutchison|2022-02-09 23:26:55|0|1|10159560118898904|facebook
I never insulted you as a person|10159560352888904|Brodie Thomas|2022-02-09 23:27:07|1|0|10159560118898904|facebook
history repeats itself my grandfather went to war to stop the nazis from murderering innocent people and so we live in a free country and I support that 100 percent and would do the same shame on you|10159560399273904|Brodie Thomas|2022-02-09 23:27:05|1|0|10159560118898904|facebook
draw your line all you want that’s the truth and I’m sorry you can’t handle it|10159560352548904|Brodie Thomas|2022-02-09 23:27:07|1|0|10159560118898904|facebook
If that's what it takes but, there's no reason it should have to go that far.|10159560424173904|Matthew Evans|2022-02-09 23:27:07|1|0|10159560118898904|facebook
sorry for standing up what being a Canadian is and being free guess you didn’t get the memo|10159560353793904|Brodie Thomas|2022-02-09 23:27:07|1|0|10159560118898904|facebook
well when you start forcing people to take an experimental vaccine that doesn’t works I’d say our our rights are Being taken away 100 percent and we are suppose to live in a free country where we have the right to choose what is best for ourselves my body isn’t owned by the state never has been but apparently this government seems to want to own it and when that happens not so free anymore are we|10159560396438904|Brodie Thomas|2022-02-09 23:27:05|1|0|10159560118898904|facebook
from quebec|10159560432478904|Merle B Peter-paul|2022-02-09 23:27:05|1|0|10159560118898904|facebook
Did you hear Eugene Jung? Veterans built a chain around the truckers to protect them.. get back under your bed and stay there.. you’re a nobody|10159560324018904|Dan Ciurlia|2022-02-09 23:27:06|1|0|10159560118898904|facebook
you’d better start caring and seeing the bigger picture unless you want to live in a communist country where you don’t own shot you work for the government and your told what your job is and how much food you Can have or where you live and same for your children wake up toots|10159560343718904|Brodie Thomas|2022-02-09 23:27:07|1|0|10159560118898904|facebook
oh yes but what does that have to do with it??|10159560437263904|Brodie Thomas|2022-02-09 23:27:05|1|0|10159560118898904|facebook
this isn’t Iran|10159560246913904|Brad Noel|2022-02-09 23:27:06|1|0|10159560118898904|facebook
Justin Trudeau has openly said how he admires the Chinese dictatorship and seeing everything he’s done you’d be pretty simple to think he isn’t trying to obtain that|10159560329823904|Brodie Thomas|2022-02-09 23:27:07|1|0|10159560118898904|facebook
Well are the mandates still in place….?|10159561784473904|Devan Schultz|2022-02-16 23:26:55|0|0|10159560118898904|facebook
Be careful a friend was just telling me he got put in facebook jail for saying the same thing. It seems the facebook sides with terrorists.|10159560368093904|Billy Black|2022-02-09 23:27:05|1|0|10159560118898904|facebook
the protestors are for small business and getting things opened up like they should be if you would actually pay attention to something other then CBC or any other main stream media you would see that|10159560319953904|Brodie Thomas|2022-02-09 23:27:07|1|0|10159560118898904|facebook
Oh, It is a free country then why do you believe you are not living in one if you are wanting your “freedom” back? Seems you have an critical thinking issue!|10159560392343904|Patricia Dingle|2022-02-09 23:27:05|1|0|10159560118898904|facebook
never insulted you On a personal level not a chance insulted what is going on and if you stand for that we’ll be insulted as you should for having terrible and anti free views|10159560355663904|Brodie Thomas|2022-02-09 23:27:07|1|0|10159560118898904|facebook
your the only one attacking someone on a personal level not me|10159560366233904|Brodie Thomas|2022-02-09 23:27:07|1|0|10159560118898904|facebook
baaaa|10159560160368904|Jason Robichaud|2022-02-09 23:27:06|1|0|10159560118898904|facebook
disagree with what I have to say so turn around and try and make me out to be the bad guy so sick of those liberal tactics!!!!|10159560360393904|Brodie Thomas|2022-02-09 23:27:07|1|0|10159560118898904|facebook
you sure seem to have enough freedom to express your opinions and inconvenience other people|10159560812508904|Matty Mac|2022-02-09 23:27:03|1|0|10159560118898904|facebook
"oh nice comeback junior. Remember, a ""boomer"" taught you how to eat with a spoon"|10159560379708904|Frank Poncsak|2022-02-09 23:27:05|1|0|10159560118898904|facebook
, what’s your favourite flavour of tidepod???|324487809625845|Doug Ramsay|2022-02-09 23:27:05|1|0|10159560118898904|facebook
Ray Lo https:// www.ctvnews.ca/ canada/ who-is-who-a-gui de-to-the-major -players-in-the -trucker-convoy -protest-1.5776 441|10159560498973904|Laurie Fowles|2022-02-09 23:26:59|1|0|10159560118898904|facebook
So, you don’t vote in a general election, then!|10159560475683904|Alan MacDonald|2022-02-09 23:26:59|1|0|10159560118898904|facebook
yup - not calling this karen konvoy out for exactly what it is only emboldens them and allows them to attract even more support. The whole thing has been a fascist grift/ fundraiser and recruitment event from the outset.|10159560389228904|Enrique A Barrios|2022-02-09 23:26:59|1|0|10159560118898904|facebook
agree 100% They are like sheep ... no clue why they are there or where they are going. #NATIONALDISGRAC E|10159560388678904|Gloria Dawe Bruce|2022-02-09 23:26:59|1|0|10159560118898904|facebook
Exceptional post.|10159560373148904|Laurie Fowles|2022-02-09 23:26:59|1|0|10159560118898904|facebook
haha|10159566170733904|Michael Hörder|2022-02-16 23:26:58|1|0|10159560118898904|facebook
I agree, but who then? 😑|10159562728893904|Dan Scott|2022-02-16 23:26:57|1|0|10159560118898904|facebook
actually Freedom of Movement and Freedom of Association were two rights that were infringed upon during Covid mandates.|10159561845273904|Rob Thomas|2022-02-16 23:26:57|1|0|10159560118898904|facebook
but the masks were proven useless and the vaccines appears to be next to useless. Only thing the vaccine is doing is making a small crowd very rich.|10159561785378904|Devan Schultz|2022-02-16 23:26:57|1|0|10159560118898904|facebook
so after 2 years of faulure ,you insist to continue on believing this narrative, do you not have some questions, if not ,why not?|10159561784103904|Patrick Perrier|2022-02-16 23:26:57|1|0|10159560118898904|facebook
Get the shot or work 🤔 An some want to deny medical services to people as well. Deny them the ability to go into a store and buy food.|10159561432148904|Ric Martyniuk|2022-02-16 23:26:57|1|0|10159560118898904|facebook
Never said your not qualified to make that choice, only that your choice is based on wilful ignorance. Your free to make that choice, you’re also the one responsible for that choice and subsequent outcomes.  “Cultish and crazy”  That’s cute, we are following scientific and medical knowledge, like the vast majority.|10159561340958904|Cory Karp|2022-02-16 23:26:57|1|0|10159560118898904|facebook
you’re free to travel, just not by any means you want the puts others at greater risk without their consent.  You can drive, heck, you have two feet and a heartbeat right?  Flying is a privilege.  Churches along with other organizations were prevented from meeting in person, as a Christian supposedly, you should know the church isn’t the building, it is the people.  If you need to stand in a specific building a couple hours a week to be a Christian, do you you become a car if you spend more than a few hours in your garage?  Being a Christian isn’t about where you go few hours a week on Sundays, it’s supposedly about how you live your life.  Just because you’re ignorant of how and why mandates and vaccines work, it isn’t a valid argument against them.  Places like Walmart had limits on customers in the building, and as many use Walmart to buy life necessities, it needed to stay open. Are you suggesting people should have been prevented from getting life necessities because you could worship in a building?  There are many other ways to worship, even with your fellow congregants, without being in the same building.  Televangelists figured this out a LONG time ago 😂  Are you a virologist, medical scientist or medical dr?  How do you come to the conclusion that the covid vaccines are not effective? Post your sources?  Birth control isn’t 100% effective, 2 of my ex-wife’s 3 children were conceived while she was on birth control😂  It’s cute that you think birth control never fails, kind of exemplifies your disconnect with reality.  Heart medication doesn’t stop the possibility of having a heart attack, it reduces the chances of such happening.  We are mandating to save lives, your ignorance of that is not a valid argument against mandates.|10159561322043904|Cory Karp|2022-02-16 23:26:57|1|0|10159560118898904|facebook
rumble isn’t a source, it’s a far right bastion of disinformation 😂  Consensus in science and medicine debunks the good dr. Of course there will always be dissenters, but let not forget, someone has to graduate at the bottom of their class 😂 even in medicine 😂|10159561301823904|Cory Karp|2022-02-16 23:26:57|1|0|10159560118898904|facebook
are you a medical scientist?|10159561278908904|Cory Karp|2022-02-16 23:26:57|1|0|10159560118898904|facebook
absolutely it’s a personal choice! It’s also personal responsibility to accept the outcomes of your personal choices.  Vaccine-ignoran ce is not a valid argument against vaccination.|10159561277758904|Cory Karp|2022-02-16 23:26:57|1|0|10159560118898904|facebook
https:// www.wired.com/ story/ rumble-sends-vie wers-tumbling-t oward-misinform ation/ I cannot even comment on this rubbish. I appreciate your effort but you really need to find credible sources for your information. When a disclaimer is issued before a person speaks...it really should tell you something. #PROPAGANDA|10159560880158904|Gloria Dawe Bruce|2022-02-16 23:26:57|1|0|10159560118898904|facebook
oh please....you are listening to far to much Propaganda! And who pray tell determines “ who might not need it?” This virus doesn’t pick and chose who it will infect .....until we are all protected its going to continue to spread and mutate. The people who were vaccinated and end up in the hospital....if you care to check are people who had underlying conditions....t he majority in hospital and dying are the unvaccinated. That should worry you.|10159560814933904|Gloria Dawe Bruce|2022-02-09 23:26:57|1|0|10159560118898904|facebook
Utter and complete nonsense.  The courts disagree with you.|10159560569133904|Randall Wilson|2022-02-09 23:26:57|1|0|10159560118898904|facebook
Ray Lo LOL. Oh yeah, you’re a “fake news” guy.|10159560517868904|Laurie Fowles|2022-02-09 23:26:59|1|0|10159560118898904|facebook
"yep, a majority seem to be of the "" Elvis is alive, fake Moon landing, great reset, bacon is good for you, tinfoil hat type of person. Quite the resume"|10159560557398904|Murray MacLaughlin|2022-02-09 23:26:59|1|0|10159560118898904|facebook
In three weeks of watching live feeds from both sides I can honestly say I have heard zero hate or racist rhetoric. Our own prime Minister called me a racists, misogynist extremists and your ok with that. So kinda like the pot calling the kettle black.|10159561080353904|Joni Outlaw|2022-02-16 23:26:59|1|0|10159560118898904|facebook
Why can’t the police at least ticket these trucks and put liens against the trucks? Then revoke license and insurance.|10159561414198904|Bryan Gilbert|2022-02-16 23:26:55|0|0|10159560118898904|facebook
it’s easier to buy all you vaxxed zoot suits.. fear consumes you guys so much you try to feed it to others|10159560317113904|Dan Ciurlia|2022-02-09 23:27:05|1|0|10159560118898904|facebook
well my great grandmother was full French Métis so kind of am|10159560283268904|Brodie Thomas|2022-02-09 23:27:05|1|0|10159560118898904|facebook
baaaa.. looks like you need some wool trimmed from over your eyes too.|10159560280483904|Jason Robichaud|2022-02-09 23:27:05|1|0|10159560118898904|facebook
The French know how to handle illegal protesters-tear gas. We should use it here!!|10159560258233904|Patricia Dingle|2022-02-09 23:27:05|1|0|10159560118898904|facebook
to bad we couldn't spray you with water, baaaaa sheep|10159560159753904|Jason Robichaud|2022-02-09 23:27:05|1|0|10159560118898904|facebook
Watch Ontario under Doug Ford, as he builds safer communities. Unwilling to work with Trudeau, he won't ask for federal help and instead abandons Ottawa residents to a siege by an increasingly emboldened mob. Oh, but he will send police to open a bridge at the behest of big companies.|10159560226243904|Peach Akerhielm|2022-02-09 23:26:55|0|0|10159560118898904|facebook
"Don't look any further the bottom line according to Susan Delacourt is simply the pandemic..she is right..no alt right or left..simply ""pandemic"""|10159561449473904|Denise Beaumier|2022-02-16 23:26:55|0|0|10159560118898904|facebook
enjoy your trip back to Jonestown|10159561334123904|Peter Spearman|2022-02-16 23:27:04|1|0|10159560118898904|facebook
Good, Keep them Closed|10159560191443904|Dale Dutchak|2022-02-09 23:26:55|0|0|10159560118898904|facebook
Time to put the conservative party on a terrorist watch list #LOCKTHEMUP|10159561277683904|Bonnie Cull|2022-02-16 23:26:59|1|0|10159560118898904|facebook
no. Haven’t seen anything from MSM. Are we slaves now to the globalists?|10159564689558904|Leslie Robertson|2022-02-16 23:27:02|1|0|10159560118898904|facebook
yep. At least they have a choice.|10159564729368904|Perry Senior|2022-02-16 23:27:00|1|0|10159560118898904|facebook
Apparently vaccines aren't that important in Covid management.|10159561948528904|Lebioda Irena|2022-02-16 23:27:00|1|0|10159560118898904|facebook
Simple ... End the mandates|10159560403538904|DG Roberts|2022-02-09 23:26:55|0|0|10159560118898904|facebook
FORD AND TRUDEAU......TA KE BACK OTTAWA THIS IS ENOUGH|10159560336473904|Gale Stewart|2022-02-09 23:26:55|0|0|10159560118898904|facebook
Standing around does not clear the roads.|10159561070288904|Jan Carmichael|2022-02-16 23:26:55|0|0|10159560118898904|facebook
Baby Shark on a loop might work...Macarena working in New Zealand|10159560811303904|Lorraine Thomas|2022-02-09 23:26:55|0|0|10159560118898904|facebook
paranoid much ? Take off the tin foil hat|10159561917498904|Iliya Kireta|2022-02-16 23:26:59|1|0|10159560118898904|facebook
False. The Prime Minister has not called on the military to act. Short of enacting the emergencies act, he requires an official request from the provinces to get involved.|10159560425293904|Matthew Evans|2022-02-09 23:27:07|1|0|10159560118898904|facebook
