﻿comment|comment_ids|username|datetime|isreply|num_replies|post_id|label
I am not a Liberal, but respect has been earned. Trudeau has got us through some hard times. As for the Cons, they have torpedoed themselves with their ongoing Trumpian lunacy.|10159552421718904|Dale Jackaman|2022-02-09 23:12:17|0|11|10159552390238904|facebook
you crossed the line. Now open up our borders!!|10159552428798904|Rob Simpson|2022-02-09 23:12:17|0|6|10159552390238904|facebook
Are you aware that barely 1 million people live in Ottawa?? Where would this 3 million be hiding? Wake up yourself!|10159552482428904|Tracy Pytlowany|2022-02-09 23:12:40|1|4|10159552390238904|facebook
A real leader would have an emergency debate with protest organizers.|10159552790388904|Ben Collins|2022-02-09 23:12:17|0|3|10159552390238904|facebook
How many times did Trudeau cross the line on ethics? Corruption.|10159552416783904|Maurice Clermont|2022-02-09 23:12:19|0|3|10159552390238904|facebook
, white Supremacist? Love how you listen to the lies td but out PM and bought and paid for media! These are common and hard working folks from all WALKS of life. Just because you don't understand their views don't sit on your high horse. They have real grievances. Like the right to work is the number one reason. You sit and judge these people and have no idea how this has affected them. Trudeau has caused nothing but divide during this pandemic! Alot of the rules and regulations are contradicting and really make no sense.|10159552857398904|Angie Sailer-Waldner|2022-02-09 23:12:24|1|3|10159552390238904|facebook
oh so you can only do that to other but not me now who's racist.|10159552546253904|Levi Crane|2022-02-09 23:12:38|1|3|10159552390238904|facebook
I think you’re the one who should go home and leave this country alone! We don’t need a racist trying to run this country.|10159552454553904|Lyne Bourgoin|2022-02-09 23:12:19|0|3|10159552390238904|facebook
Trudeau, you are an embarrassment to this country! These truckers are giving people hope. You have caused mental health issues in adults AND children. You should be ashamed of yourself. How do you sleep at night knowing that each day somebody has chosen to end their life because they have lost everything. EVERYTHING over a vaccine that does not work. Vaxxed/ Unvaxxed; despair doesn’t care. Everyone knows someone whose life has been altered. Truckers make me proud to be Canadian. They are respected all around the world. No respect for the PM of Canada.|10159552566888904|Patti Saurette|2022-02-09 23:12:22|0|3|10159552390238904|facebook
Trudeau out of hiding, a picture as proof for a headline.... No mention of Raquel Dancho absolutely schooling him !!! Watch the debate in it's entirety, he knows two phrases , and repeats them over and over again as a good puppet should .... Follow the science..... Vaccination is the way out ... Broken record .|10159552821423904|Hendrick Wingenroth|2022-02-09 23:12:17|0|3|10159552390238904|facebook
70% did.|10159552463323904|Mark Rosner|2022-02-09 23:12:40|1|3|10159552390238904|facebook
Your comment isn't going to age well.|10159552467748904|Angie Smith|2022-02-09 23:12:46|1|3|10159552390238904|facebook
Why would anyone listen to him.|10159552468523904|Andrew Tyler|2022-02-09 23:12:17|0|2|10159552390238904|facebook
bring in the military to clear them out.|10159552455608904|Holly Greenberg|2022-02-09 23:12:29|1|2|10159552390238904|facebook
The silent majority of Canadians urge Trudeau to go home and step down.|10159552418268904|Angie Smith|2022-02-09 23:12:22|0|2|10159552390238904|facebook
Then why doesn't he go talk to them|10159552493673904|Sandy Lynn|2022-02-09 23:12:17|0|2|10159552390238904|facebook
they aren't going to end. The federal labour code and the Ontario Health and safety act allow for the mandates These laws/acts have berm in place long before the pandemic. If people had issue with them, why did they not complain till now. These laws are to protect the workers from disease. They will always be there since that is what the majority want.|10159552827873904|Joanne Rivard|2022-02-09 23:12:32|1|2|10159552390238904|facebook
Many of the people in Ottawa have been vaccinated. They disagree with the current mandates in place. And FYI, the people in Ottawa are dancing and hugging and playing hockey, but you miserable humans are so selfish, you only think of yourselves.|10159552462083904|Angie Smith|2022-02-09 23:12:46|1|2|10159552390238904|facebook
Your mandates have crossed a line!! Drop the mandates everyone goes home!|10159552546858904|Hadi Feltham|2022-02-09 23:12:19|0|2|10159552390238904|facebook
Where are Kenney and Ford? Too afraid of upsetting their white supremacist base to enforce provincial law and order and contemplating lifting reasonable health restrictions too soon. We're all tired of Covid but the majority of us will continue to do the right thing instead of waving swastikas and worrying about computer chips in the vaccine. The manifesto being circulated is ridiculous, riddled with inaccuracies and conspiracy theories. Amazing and disturbing how so few rwnjs can hold us all hostage, bully kids, seniors, and HCWs. Canada is not a perfect country but it's worth much more than letting it go down in thrall of a tiny, honking minority.|10159552660658904|Clare McCabe|2022-02-09 23:12:17|0|2|10159552390238904|facebook
"Trudeau is The worst Prime Minister Canada has seen. ""When injustice becomes law, resistance becomes duty."" STOP ALL MANDATES!!!"|10159552464788904|Don Quijote|2022-02-09 23:12:22|0|2|10159552390238904|facebook
actually I got that wrong; Harper government 8 investigations, Trudeau government 5. Who said I’m a Liberal? I think they’re all garbage, but the Cons, being heavily influenced by US politics, is a complete joke. Tool was too decent and progressive for your pathetic party that has no identity!|10159552535688904|Murray Sharratt|2022-02-09 23:12:40|1|2|10159552390238904|facebook
No. He has crossed a globalist line. Now it is us against him until he is gone.|10159552420598904|Mark Rosner|2022-02-09 23:12:19|0|2|10159552390238904|facebook
lol. There were 3 million people in Ottawa alone. Wake up. You are helping Canadian down the road of communism. Nothing to do with health.|10159552457133904|Mark Rosner|2022-02-09 23:12:40|1|2|10159552390238904|facebook
Maybe it is time he went home and stopped destroying my country.|10159552560173904|Lee Choui|2022-02-09 23:12:17|0|1|10159552390238904|facebook
What threats did they make towards him?|10159553112648904|Jamie Morgan|2022-02-09 23:12:33|1|1|10159552390238904|facebook
You should learn to count-police estimates around 15,000!!|10159552457893904|Patricia Dingle|2022-02-09 23:12:40|1|1|10159552390238904|facebook
|10159553024843904|Hadi Feltham|2022-02-09 23:12:41|1|1|10159552390238904|facebook
The protesters did that every week for a year and a half and the government didn't listen. And the reality is that there's no pandemic anymore. With Omicron, the pandemic died. In the meantime, the government wants to continue injecting us with experimental injections ( fully vaccinated equal three doses proposal). Also, the government continue to smear the protest in Ottawa.I'm seeing kids and bouncing castles, speeches and a big party.Look for yourself! So, why is the government portraying them the way they do? To justify force against families with kids with them?|10159552918203904|Meia Gtu|2022-02-09 23:12:36|1|1|10159552390238904|facebook
that was only if everyone stayed home and didnt travel and acted like thwir was no pandemic|10159552819453904|Jackie Cates|2022-02-09 23:12:36|1|1|10159552390238904|facebook
As everyone can see, hospitalization in Ontario are going down in spite of a big protest in Ottawa. That is a clear sign that the government should end the restrictions and the mandates. It was supposed to be 2 weeks to flatten the curve which transformed in 2 years with no end in sight! The Freedom Convoy is right! The government should end the mandates! They are hurting Canadians much more than the virus ever did!|10159552534438904|Meia Gtu|2022-02-09 23:12:19|0|1|10159552390238904|facebook
mocking gif always used when you have no rebuttal.|10159553027553904|Jackie Cates|2022-02-09 23:12:41|1|1|10159552390238904|facebook
if you don’t like him, maybe you should vote for someone who can beat him in an election.|10159552461353904|Holly Greenberg|2022-02-09 23:12:40|1|1|10159552390238904|facebook
just no time to explain to the privileged how the mandates effect the working class. If you don’t see the problem you are part of the problem. There are no mandible vaccines in Canada read the health act. There is friending of choose and bodily autonomy in the charter of rights. Again don’t want to do all the work for you as this is probably what you’re parents did and obviously failed to give you the ability for critical thinking.|10159553032458904|Hadi Feltham|2022-02-09 23:12:41|1|1|10159552390238904|facebook
Running away from the truckers is bad enough, but using your kids as an excuse is a new low.|10159552936288904|Tom Ramanauskas|2022-02-09 23:12:19|0|1|10159552390238904|facebook
How can they go home you stole all their gas😡|10159552480848904|Steven Boudreau|2022-02-09 23:12:19|0|1|10159552390238904|facebook
ok that was funny|10159552517233904|Joanne Johnson-Meyers|2022-02-09 23:12:44|1|1|10159552390238904|facebook
you missed all the swastikas?Or the angry mob that wants to.go after him?|10159553157493904|Jackie Cates|2022-02-09 23:12:33|1|1|10159552390238904|facebook
they are called Canadians|10159552882943904|Peter Adams|2022-02-09 23:12:36|1|1|10159552390238904|facebook
hospitals jobs have always required vaccines, flights are anither privilege, what public building are you claiming you need to be vaccinated to enter?, restuarants srent public buildings at all.|10159553005283904|Jackie Cates|2022-02-09 23:12:41|1|1|10159552390238904|facebook
David Noonan what is that supposed to mean? Is he supposed to bow down to a lunatic fringe?|10159552818573904|Frank DeJong|2022-02-09 23:12:36|1|1|10159552390238904|facebook
I’m still sticking to satanist|10159552516443904|Eileen Dougan|2022-02-09 23:12:40|1|1|10159552390238904|facebook
wrong the provinces implemented their mandates based on the pressure put on their healthcare systems . Furthermore the truckers did not go on their own dime , first they were funded by GoFundMe donations and now funded by a Christian Fundraising site, lastly I wasn’t barking just explaining|10159552799458904|Dan Attwood|2022-02-09 23:12:36|1|1|10159552390238904|facebook
Dan so those truckers bringing all those goods that started these protests were travel based. Because they just went down there on there own free will on there own dime. Provinces put there own mandates in based on federal government recommendations . Your barking up the wrong tree|10159552655838904|Nicholas Hewitt|2022-02-09 23:12:36|1|1|10159552390238904|facebook
How can you say 90% of Canadians do not wish to negotiate where did you get that from|10159552505213904|Claire McDonald|2022-02-09 23:12:40|1|1|10159552390238904|facebook
If the Premier of Manitoba does not agree with Justin Trudeau,than talk to the people of Manitoba. What do the people want for their Province.  This should apply for all Provinces.|10159552853388904|John Marche|2022-02-09 23:12:17|0|1|10159552390238904|facebook
you don't even know what communism means. Canada is a constitutional monarch. China is communism. Stop leaking stupidity.|10159552491513904|Kris Hopson|2022-02-09 23:12:40|1|1|10159552390238904|facebook
your country? What’s with the self centred outlook!|10159552878513904|Matty Mac|2022-02-09 23:12:34|1|1|10159552390238904|facebook
when you start printing money to overturn a crisis it’s a horrible sign you lost all control and put the country in peril…the harsh consequences are to come. Our children will suffer a lot…|10159552830778904|Ivaylo Ninushev|2022-02-09 23:12:36|1|1|10159552390238904|facebook
That’ll work. Well done, Mr. PM.|10159552816923904|Blake Lynett|2022-02-09 23:12:19|0|1|10159552390238904|facebook
|10159552529368904|Aaron Chusing|2022-02-09 23:12:40|1|1|10159552390238904|facebook
you are the problem for sure, please go check all the restrictions not just the boarder. What about flights, busses and trains, restraints public buildings and some hospitals jobs  Please before you type your next response go do some research.|10159553003163904|Hadi Feltham|2022-02-09 23:12:41|1|1|10159552390238904|facebook
the ethics commission was established during the Harper era and his cabinet was investigated 6 times compared to the current cabinet which has had 5 investigations. One is not bet than the other, lol!|10159552513283904|Murray Sharratt|2022-02-09 23:12:40|1|1|10159552390238904|facebook
Lol Harper Harper Harper..... Please share with us the number of times the ethics commissioner found him guilty?🤔|10159552508158904|Aaron Chusing|2022-02-09 23:12:40|1|1|10159552390238904|facebook
ever heard of Harper?|10159552502378904|Murray Sharratt|2022-02-09 23:12:40|1|1|10159552390238904|facebook
not one PM has had so many ETHICS VIOLATIONS as this one. Curious, how can you still support him? Corruption, inflation, high gas prices all okay with you?|10159552449663904|Hannah Woods|2022-02-09 23:12:40|1|1|10159552390238904|facebook
Except for the ones that have actually resulted in ethics violation convictions. Care to do the numbers on those ones? So here’s three just for the PM. Shall we continue? https:// www.cowichanvall eycitizen.com/ opinion/ three-ethics-str ikes-for-trudea u/amp/|10159552537008904|Troy Koblik|2022-02-09 23:12:40|1|1|10159552390238904|facebook
do any con premier. Your tired talking points are laughable|10159552423948904|Rob Scott|2022-02-09 23:12:40|1|1|10159552390238904|facebook
https:// www.thewalrus-fa ctchecking.com/ post/ fact-check-has-t he-current-libe ral-government- broken-federal- ethics-and-conf lict-of-interes t-law|10159552546498904|Murray Sharratt|2022-02-09 23:12:40|1|1|10159552390238904|facebook
so you’re quoting an article from Feb 2019 before the WE scandal? 😂|10159552553023904|Troy Koblik|2022-02-09 23:12:40|1|1|10159552390238904|facebook
there always have been mandates to cross the border.|10159552823568904|Jackie Cates|2022-02-09 23:12:41|1|1|10159552390238904|facebook
you’re stupid.|10159552878818904|Matty Mac|2022-02-09 23:12:41|1|1|10159552390238904|facebook
my point is one is not better than the other and if the commission was around before 2007 almost all previous governments would be right up there with Harper and Trudeau. But Cons want you to believe that the current government is the only one to ever commit a violation.|10159552587573904|Murray Sharratt|2022-02-09 23:12:40|1|1|10159552390238904|facebook
Due to the fact that 90% of Canadians are vaccinated and mostly agree with the mandates which have been in place over these many months. You see they got vaccinated to protect themselves and their fellow Canadians because they care about each other. They care about keeping the ICU’s from failing which would contribute to many more souls dying from COVID. They care about the hospital doctors, nurses, staff etc who are under extreme pressure and are burnt out trying to care for mostly selfish and misinformed people who refuse to get vaccinated. The same selfish, narcissistic and uncaring illegal occupiers who have invaded Parliament Hill and are denying the rights of the residents living there. That is why the Canadian government will not and should not negotiate with illegal occupiers.|10159552529208904|Patricia Dingle|2022-02-09 23:12:40|1|1|10159552390238904|facebook
I have crossed the boarder several times during the mandate that is how I know this is all BS.|10159552984103904|Hadi Feltham|2022-02-09 23:12:41|1|1|10159552390238904|facebook
that’s not how it works. Just because you people are petty sore losers from the last election doesn’t give you the right to remove someone.|10159552883548904|Matty Mac|2022-02-09 23:12:38|1|1|10159552390238904|facebook
when they been making threats towards him?|10159553069918904|Jackie Cates|2022-02-09 23:12:33|1|1|10159552390238904|facebook
your point? There should be no mandate to get vaccinated this has nothing to do with the boarder but about the right to choose to be jabbed or not.  You are the problem|10159552991718904|Hadi Feltham|2022-02-09 23:12:41|1|1|10159552390238904|facebook
since its only to cross the border into another country its not a right, you can still pick to not be vaccinated, you just cant cross the border. Unless you want complety open borderd ans anyine can just enter canada|10159552993958904|Jackie Cates|2022-02-09 23:12:41|1|1|10159552390238904|facebook
He's Catholic you know.|10159552424583904|Tracy Pytlowany|2022-02-09 23:12:40|1|1|10159552390238904|facebook
racist.|10159552545678904|Philip Slade|2022-02-09 23:12:38|1|1|10159552390238904|facebook
Justin Trudeau isn't racist, just like Joe Rogan isn't racist. Your stupid rhetoric is seriously getting old 🙄|10159552525888904|Adam Matt|2022-02-09 23:12:38|1|1|10159552390238904|facebook
this native would like you gone then we don't have to worry about virus spreaders or carriers in my peoples native land.|10159552482803904|Levi Crane|2022-02-09 23:12:38|1|1|10159552390238904|facebook
lol, lapsed Catholic please, remember his summer jobs for students program open only to people that believe in abortion that got cancelled. He may call himself a Catholic but does not live as a Catholic. Many people identify with a religion that they do not really live by. And for all we know he could be a satanist|10159552444328904|Eileen Dougan|2022-02-09 23:12:40|1|1|10159552390238904|facebook
Well good luck with that seditionist idea! The government and 90% of Canadians do not wish to negotiate with illegal occupiers.|10159552449548904|Patricia Dingle|2022-02-09 23:12:40|1|1|10159552390238904|facebook
being vaccinated for covid is only a new mandate, and truckers were temporary excempt from it, its also not the only mandate for crossing the border|10159552988243904|Jackie Cates|2022-02-09 23:12:41|1|1|10159552390238904|facebook
I’m well aware. You are blind because you follow mainstream. You are defending a genocidal government that will cut your throat soon enough unless you wake up.|10159552485228904|Mark Rosner|2022-02-09 23:12:40|1|1|10159552390238904|facebook
- they showed up with swaztikas, confederate and Gadsden flags. In other words: if it walks like a duck and talks like a duck, it’s a duck.|10159557677228904|Jocelyne Koepke|2022-02-09 23:12:28|1|1|10159552390238904|facebook
"""majority want"" it's a communistic rhetoric. I heard it so many times in Soviet Union. It was a horrible life."|10159552907173904|Liliya Sedova|2022-02-09 23:12:32|1|1|10159552390238904|facebook
Bravo! Great speech.|10159552473508904|Don Peterson|2022-02-09 23:12:17|0|1|10159552390238904|facebook
.. stay silent .. you lunatic fringe .. Trump lost , Otoole lost , get over it ...|10159552458763904|Benoit Paquette|2022-02-09 23:12:46|1|1|10159552390238904|facebook
Oh look who crawled out of his hiding place.|10159552415703904|Chuck Cooper|2022-02-09 23:12:17|0|1|10159552390238904|facebook
I do believe you are living a fools dream! 90% of Canadians have been vaccinated and agree with the current mandates in place. You see we care about others unlike the illegal occupiers who believe in their own selfish interests.|10159552455628904|Patricia Dingle|2022-02-09 23:12:46|1|1|10159552390238904|facebook
Let’s be fair to his supporters, more misled than anything else.|10159553157653904|Andrew Tyler|2022-02-09 23:12:30|1|1|10159552390238904|facebook
Still calling them racist. Not smart Justin. Divisive|10159553000613904|Jerald Pitt|2022-02-09 23:12:17|0|1|10159552390238904|facebook
Trudy needs to go home! Canadians don't want him. Canadians have spoken loud and clear. GO AWAY!|10159552468513904|Kyle Bee|2022-02-09 23:12:22|0|1|10159552390238904|facebook
yes ... In the last election ... Grow up and go home ... Or. Stay see how it all works out ...|10159552523823904|Joanne Johnson-Meyers|2022-02-09 23:12:48|1|1|10159552390238904|facebook
Justin is definately not his father's son|10159552503473904|Jeff Elliott|2022-02-09 23:12:25|1|1|10159552390238904|facebook
Brainwashed|10159552905418904|Crystal McLean Ferguson|2022-02-09 23:12:29|1|1|10159552390238904|facebook
He doesn’t do action.|10159552469768904|Andrew Tyler|2022-02-09 23:12:25|1|1|10159552390238904|facebook
I agree—and more to the point, it shouldn’t because the last thing Trudeau needs is a Tiananmen Square incident. It would be pretty satisfying to see it happen though.|10159552472858904|Holly Greenberg|2022-02-09 23:12:29|1|1|10159552390238904|facebook
That won’t happen until all mandates end|10159552524468904|Cheryl Chalk|2022-02-09 23:12:17|0|1|10159552390238904|facebook
Try doing something !! Action is better than words !!|10159552469213904|Jeff Elliott|2022-02-09 23:12:17|0|1|10159552390238904|facebook
Not going to happen.|10159552469028904|Andrew Tyler|2022-02-09 23:12:29|1|1|10159552390238904|facebook
Let them stay for another year.|10159552437978904|Roy Mathai|2022-02-09 23:12:17|0|1|10159552390238904|facebook
He is the leader of 100% of Canadians. He could of very well put an end to this right from the start.|10159553370258904|Ann Howard-Cherski|2022-02-09 23:12:32|1|1|10159552390238904|facebook
there was at BLM rally and BLM openly supported groups wanting civil war. Some of the BLM leaders belonged to these groups. But that did not make the message wrong.|10159558291168904|Jerald Pitt|2022-02-09 23:12:28|1|1|10159552390238904|facebook
- your first sentence is unintelligible. As for BLM “leaders” belonging to alt right / neo-nazi groups, please site your (credible) sources.|10159558340778904|Jocelyne Koepke|2022-02-09 23:12:28|1|1|10159552390238904|facebook
All Trudeau had to do was listen to voters......... ...he absolutely refused and still refuses.|10159552927613904|Ann Howard-Cherski|2022-02-09 23:12:17|0|1|10159552390238904|facebook
Have you researched the people leading this so called Freedom Convoy? We all have the right to work, but more importantly we have the right to live!!!!! Justine Trudeau is doing his job, the job he was voted in to do. Protecting the people of Canada!|10159552911143904|Irene Czank Tait|2022-02-09 23:12:24|1|1|10159552390238904|facebook
Graham, I can see from your profile why you think he is wonderful.|10159552576523904|Patti Saurette|2022-02-09 23:12:46|1|1|10159552390238904|facebook
, are you serious? Trudeau has done nothing to help find a solution to this or covid. All he has done is cause more divide. Give me a break, he is a terrible leader. Instead of listening to what the media says about the organizers, maybe listen to them as people who are fed up being alienated and so many of these covid restrictions don't make sense. I happen to know one of the organizers and nothing but a truly good person. These people are everyday people. I guess when our government pays for the media people thinks it reports the truth. Trudeau is a corrupt PM but for some reason that's ok. How many more scandals does ge have to pull off for people to wake up or send our country into even more debt. Money going missing without consequences. It's sickening really. People have had enough|10159553547483904|Angie Sailer-Waldner|2022-02-09 23:12:24|1|1|10159552390238904|facebook
listen to some of Pat Kings rants on the live feed. You have an opinion but it does not make you right!|10159553587253904|Irene Czank Tait|2022-02-09 23:12:24|1|1|10159552390238904|facebook
, I'm not even talking about Pat King, he is NOT an organizer of the convoy. You keep believing what you want to but you also need to get facts straight.|10159553661753904|Angie Sailer-Waldner|2022-02-09 23:12:24|1|1|10159552390238904|facebook
Majority don't want that.|10159552926973904|Nico Valerio|2022-02-09 23:12:32|1|1|10159552390238904|facebook
remove all mandates and they will leave.. pretty simple right?|10159552985113904|Jackie Jean|2022-02-09 23:12:17|0|1|10159552390238904|facebook
You should look in a mirror!!|10159552462438904|Patricia Dingle|2022-02-09 23:12:46|1|0|10159552390238904|facebook
well you bright and witty comment really got me!|10159552983623904|Hadi Feltham|2022-02-09 23:12:41|1|0|10159552390238904|facebook
Proud to vote for that man. He has my vote as long as he wants to be PM.|10159552415983904|Graham Holloway|2022-02-09 23:12:22|0|0|10159552390238904|facebook
"Wait til they get out into the real world and realize thatthe way you ""identify"" gets you nowhere! So pathetic this agenda !"|10159552606188904|Angie Watling|2022-02-09 23:12:46|1|0|10159552390238904|facebook
lol if you guys are the “majority” you’d think you could win an election!|10159552462288904|Holly Greenberg|2022-02-09 23:12:46|1|0|10159552390238904|facebook
Truedope needs to go home hold your ground till they start to listen and come talk so proud to see some true Canadian patriots taking a stand hold the line truckers and supporters|10159552476948904|Bryan H|2022-02-09 23:12:22|0|0|10159552390238904|facebook
Where would he go? Canadians HATE hiim! He won't be welcome anywhere! Not even Quebec! Maybe Cuba will take him?|10159552471228904|Kyle Bee|2022-02-09 23:12:46|1|0|10159552390238904|facebook
it already has aged well. Trump has lost 62 times and O’toole got dumped by his party for not frothing at the mouth enough.|10159552490183904|Holly Greenberg|2022-02-09 23:12:46|1|0|10159552390238904|facebook
What a pathetic self indulgent creep|10159554920008904|Ann Lalonde|2022-02-09 23:12:22|0|0|10159552390238904|facebook
dude. You are aware of the globalists ? Or do you live under a Rock.|10159552493853904|Mark Rosner|2022-02-09 23:12:40|1|0|10159552390238904|facebook
His head peak out for a sec...|10159552487388904|Christine Sanspariel|2022-02-09 23:12:22|0|0|10159552390238904|facebook
Canada urges Justin Trudeau to go home!|10159553149353904|Brandon Bartlett|2022-02-09 23:12:22|0|0|10159552390238904|facebook
But not the abuse of all Canadians fundamental rights, and the abandonment of Canada's supreme law?|10159552503663904|Jesse Swope|2022-02-09 23:12:22|0|0|10159552390238904|facebook
He and his cronies crossed the line !! Repeatedly. They are a disgrace. Elitist 🐖|10159553157928904|Toni Butcher|2022-02-09 23:12:22|0|0|10159552390238904|facebook
where he lost the popular vote. You'll soon see how this all works out. If you're not on the side of freedom, you will get run over! Step aside and let freedom roll, lady!|10159552525048904|Kyle Bee|2022-02-09 23:12:48|1|0|10159552390238904|facebook
truthfully. Do you not know about globalism yet ?|10159552524383904|Mark Rosner|2022-02-09 23:12:40|1|0|10159552390238904|facebook
how many got vaccinated because they had to or face loading their job ? That’s coercion. Not choice.|10159552546583904|Mark Rosner|2022-02-09 23:12:40|1|0|10159552390238904|facebook
Us against him! We'll show him! With bouncy castles! Hahahahaha please...|10159552888323904|Murray Purvis|2022-02-09 23:12:41|1|0|10159552390238904|facebook
yikes! You should seek counseling.|10159552888768904|Murray Purvis|2022-02-09 23:12:41|1|0|10159552390238904|facebook
Even worse than his 'father'.|10159552470008904|Kyle Bee|2022-02-09 23:12:47|1|0|10159552390238904|facebook
Tell him to come to work on time like the rest of the people, what is he nocturnal and remote, f ck trudeau|10159552422778904|Eileen Dougan|2022-02-09 23:12:22|0|0|10159552390238904|facebook
A little more forceful please.|10159552823938904|Halina Crawford|2022-02-09 23:12:19|0|0|10159552390238904|facebook
I don’t think so. There are 38+million Canadians. Even if they have 1 million (and that is highly doubtful) Canadians that support them, it’s still a very small percentage of the population. I didn’t vote for the liberals, but I will defend their elected right to govern. I am very glad we have Liberals and NDP at the helm right now.|10159552778378904|Brenda Daniels|2022-02-09 23:12:46|1|0|10159552390238904|facebook
so your sense of duty supports the over throw of our elected government but it doesn’t call upon you to help protect those vulnerable to Covid in our society. That’s a strange sense of duty you have there.|10159552782053904|Brenda Daniels|2022-02-09 23:12:47|1|0|10159552390238904|facebook
Hope, hope of what exactly. The hope of facing jail time for causing damage to property, disturbing the peace of people who live in that area. Not allowing people to get to their jobs. Hope? The majority of people voted in an election for mandate .you silly girl. It wouldn't matter even if in your wildest dreams they ended the mandates, they still could not cross the border as it is an American law that truckers from Canada need to be vaccinated. Give that a good thought.|10159552870468904|Halina Crawford|2022-02-09 23:12:45|1|0|10159552390238904|facebook
Just bring out the fire hoses and end this.|10159552936903904|Robert James Drain|2022-02-09 23:12:22|0|0|10159552390238904|facebook
Who crossed a line??|10159552499363904|Nel Grond|2022-02-09 23:12:19|0|0|10159552390238904|facebook
Trudeau takin a big time L.|10159552510533904|Mrk Ess|2022-02-09 23:12:19|0|0|10159552390238904|facebook
It’s time for the drama teacher to pack it up- his turn at being a prime minister is coming to a end!!|10159553455978904|Terry Wilson|2022-02-09 23:12:19|0|0|10159552390238904|facebook
Nothing ever but LIES from Trudeau!!|10159553449518904|Derek Steven Cunningham|2022-02-09 23:12:19|0|0|10159552390238904|facebook
No they've formed a line a long line of Canadian unity prime mistake i mean minister... now he has crossed all kinds of lines ethical and legal|10159552909493904|Rich Sutherland|2022-02-09 23:12:22|0|0|10159552390238904|facebook
That ought to do the trick.|10159553007608904|Kevin Barkman|2022-02-09 23:12:19|0|0|10159552390238904|facebook
Lift all mandates. It really is that simple. Canadians will not be held hostage any more.|10159553007088904|Keira Anderson|2022-02-09 23:12:19|0|0|10159552390238904|facebook
I think he should talk to them face to face. Withe live tv cameras and no Lisa laflame.|10159557240688904|Donna Duff|2022-02-09 23:12:19|0|0|10159552390238904|facebook
Surely we have passed the point of “urging”. It’s time for action.|10159552948083904|John Patte|2022-02-09 23:12:22|0|0|10159552390238904|facebook
This county has never been divided as it’s now. Trudeau created a cast of “untouchable” (like before was in India) people who take all the blame and insults from the media and Trudeau for refusing the vaccines. These people are not allowed to join others in public places. They feel isolated.|10159552876423904|Anna Golodina|2022-02-09 23:12:45|1|0|10159552390238904|facebook
He didn't listen to them so why should they listen to him?|10159553873398904|Ted Holmes|2022-02-09 23:12:19|0|0|10159552390238904|facebook
Telling dissenters to go home, is a right wing response.|10159552460833904|Peter Ioannidis|2022-02-09 23:12:22|0|0|10159552390238904|facebook
He is like the Ground Hog . I think he saw his shadow !|10159553654398904|Basil Bourdeau|2022-02-09 23:12:19|0|0|10159552390238904|facebook
He should do his job and have a sit-down talk with them, this is all about his ego because he's a big child.|10159552955923904|Robin Hardement|2022-02-09 23:12:22|0|0|10159552390238904|facebook
We just want him to go home too!|10159552714843904|Johnny Apple Seed|2022-02-09 23:12:22|0|0|10159552390238904|facebook
Hey The Globe and Mail is this the debate where Mr Trudeau walked out? Didn’t like the questioning and just left. That’s his leadership I guess|10159554649043904|Rick Sather|2022-02-09 23:12:19|0|0|10159552390238904|facebook
What a guy|10159552838853904|Vin Scott|2022-02-09 23:12:22|0|0|10159552390238904|facebook
Yup the children need to go home ffs|10159552829763904|David Wale|2022-02-09 23:12:22|0|0|10159552390238904|facebook
You've been crossing lines every single day that you've been Prime Minister.|10159552516688904|Gregory Chaucery|2022-02-09 23:12:19|0|0|10159552390238904|facebook
What line the truckers crossed? I reckon PM escaped from a peaceful assembly crossed the line!|10159552713603904|Jennifer Tang|2022-02-09 23:12:19|0|0|10159552390238904|facebook
They can bring Pierre Polievre with them. This right wing arrogant Polievre will end the Conservatives party.|10159552529863904|Olsen Lapin|2022-02-09 23:12:19|0|0|10159552390238904|facebook
while the people urge trudope to quit........... ... he is the most hated dictator on the planet......... .. must be really proud of himself|10159553210133904|Marty Macdonald|2022-02-09 23:12:22|0|0|10159552390238904|facebook
most mandates that affect the average person are put in place by the provincial govt.|10159552821873904|Frank DeJong|2022-02-09 23:12:45|1|0|10159552390238904|facebook
Ottawa protestors urge Trudeau to resign....|10159558429303904|Robert Irvine Isaac|2022-02-09 23:12:22|0|0|10159552390238904|facebook
Finally he showed up, with criticism and hate.|10159552877838904|Anna Golodina|2022-02-09 23:12:22|0|0|10159552390238904|facebook
What line, the one that finally prouve us trudeau don't deserve to be prime minister ?|10159552883178904|Simon Savard|2022-02-09 23:12:22|0|0|10159552390238904|facebook
vaccines are required to work in health care, even for the schooling because its concidered high risk since your working with body fluids. If you dont want to be vaccinated you pick a different career path. Many jobs have requirements of employement to work at them. No one is forcing people to work at those jobs forcing vaccinations om them. All this information is found when you spend time doing research.|10159553040393904|Jackie Cates|2022-02-09 23:12:42|1|0|10159552390238904|facebook
Mr Trudeau and this is the way to address the citizens of Canada. You have proven AGAIN you cannot rule Canada, step down ...|10159552831978904|Marinella Gonzalez|2022-02-09 23:12:19|0|0|10159552390238904|facebook
Trudeau, you HAVE CROSSED THE LINE! Go home, and stay there. We need a different leader.|10159553006848904|Livia KB|2022-02-09 23:12:19|0|0|10159552390238904|facebook
I don't think urging is going to work! Stiff fines and bring in the RCMP and the Army!|10159557854358904|Jerome Johnson|2022-02-09 23:12:22|0|0|10159552390238904|facebook
You are unbelievable. First of all, you have no basis for that comment! You don't know the condition of his kids! And USING KIDS is on top of the Freedom Convoys list! Seriously...... Bouncy castles??? Do they think the profanity is ok for their kids to hear? Do they think the loud horns are good for the children's ear drums? These kids have no idea what this is all about. They are there because their parents ( probably on the leaders advice) felt they would be a good smoke screen to a so called PEACEFUL protest. The kids being there will work to their favor in holding off the Military. No one wants to hurt a child!! So where is the NEW LOW???? I call the FREEDOM CONVOY!!!!|10159552988618904|Irene Czank Tait|2022-02-09 23:12:43|1|0|10159552390238904|facebook
Have guts all the army in clean it up dont let a small minority destroy our county .long over due before Canada turns into a Trump Canada|10159553146003904|Kenneth Hill|2022-02-09 23:12:19|0|0|10159552390238904|facebook
lol Trudeau is the one that has crossed the line not sure how many times criminally, check his bank accounts here and offshore|10159553102553904|Rod Fredrickson|2022-02-09 23:12:22|0|0|10159552390238904|facebook
"G&M got the headline wrong again. It should be ""Ottawa convoy urges Trudeau to pack up his things and go home"""|10159553260748904|Richard Husar|2022-02-09 23:12:22|0|0|10159552390238904|facebook
yea funny but true lol|10159552590783904|Steven Boudreau|2022-02-09 23:12:44|1|0|10159552390238904|facebook
He crossed the line after 2weeks|10159552441153904|Cary Mackenzie|2022-02-09 23:12:19|0|0|10159552390238904|facebook
And the rest of Canada urges him to leave and not call it home...???|10159554291858904|Yann LeMadec|2022-02-09 23:12:19|0|0|10159552390238904|facebook
you sure about that?|10159552585068904|Carol Gammel|2022-02-09 23:12:38|1|0|10159552390238904|facebook
stupid is hard of hearing and ignorantly blind to facts.|10159552485968904|Levi Crane|2022-02-09 23:12:40|1|0|10159552390238904|facebook
she was the champion - but sadly after 4 hours of talking in circles ... nothing has changed!! Unreal! They are still leaving the responsibility on the police, mayor, province ... will have to wait for Doug!|10159552968678904|Michelle VanDamme|2022-02-09 23:12:31|1|0|10159552390238904|facebook
Their leaders are a racist and a delusional Alberta separatist. Why waste time negotiating with them?|10159553026093904|Kris Olafson|2022-02-09 23:12:27|1|0|10159552390238904|facebook
I don't understand why some people bow down to Trudeau,The filty LiberaI , I did not vote for him and I will never vote for the Liberal,our Children can't buy a house, groceries, hydro bill is tax after tax after tax he support other country 10 million dollars to Omer is spending is discussing , he doesn't care for his people plus all the scandals and corruption|10159553791018904|Angie Duguay|2022-02-09 23:12:17|0|0|10159552390238904|facebook
Speeks to antifa involvement and founding members wanting to overthrough democracy for Marxism. https:// en.m.wikipedia.o rg/wiki/ Black_Lives_Matt er https:// www.washingtonpo st.com/ politics/2020/ 06/22/ who-caused-viole nce-protests-it s-not-antifa/|10159558356958904|Jerald Pitt|2022-02-09 23:12:28|1|0|10159552390238904|facebook
You haven’t addressed the fact that the truckers’ movement is organized by known alt-right agitators who want to overthrow the government and that some in attendance have been displaying nazi/racist symbols. And yet here you are gumming on about BLM wanting to overthrow the government when that is also a stated objective of the current blockage’s organizers (I am referring to their so-called Memorandum of Understanding)|10159558452008904|Jocelyne Koepke|2022-02-09 23:12:28|1|0|10159552390238904|facebook
, BLM and Antifa also stayed in the streets and even made no-go-zones.|10159552462373904|Roy Mathai|2022-02-09 23:12:29|1|0|10159552390238904|facebook
Seeing the CAF turned against fellow Canadians would be ‘satisfying’. Was it ‘satisfying’ when the CAF was deployed at Oka?  Would it be ‘satisfying’ if the CAF was deployed to break-up a progressive protest?|10159552476178904|Andrew Tyler|2022-02-09 23:12:29|1|0|10159552390238904|facebook
|10159552479558904|Nick White|2022-02-09 23:12:29|1|0|10159552390238904|facebook
you have an excellent point. I wish some people would open their minds, do a little research and stop listening to mainstream. I do hope more people see the light before it’s too late. I’m afraid for our country|10159553663353904|Crystal McLean Ferguson|2022-02-09 23:12:30|1|0|10159552390238904|facebook
Did he predict another 6 weeks of horns?|10159552469133904|Kyle Bee|2022-02-09 23:12:30|1|0|10159552390238904|facebook
Yes. But the problem is he is right.|10159553195903904|Penelope F. Cavers|2022-02-09 23:12:31|1|0|10159552390238904|facebook
Or the posters/ t-shirt merch with Trudeau's head in a hangman's noose etc.? Yeah, that's really an invite to negotiate.|10159553171028904|Tony Spencer|2022-02-09 23:12:33|1|0|10159552390238904|facebook
"yes someone has to make him stop saying ""science"" every 2 seconds"|10159553707283904|Emil Harba|2022-02-09 23:12:31|1|0|10159552390238904|facebook
"What those ""protesters"" fail to comprehend is that mask and vaccine mandates are NOT designed to stop or prevent anyone from contracting Covid-19. Eventually, everyone will contract Covid-19! The mandates are only to slow the virus down so we collectively do not overwhelm our health care system. There are only so many ICU beds and ventilators to go around. Once all those are in use, anyone showing up at the hospital with sever covid will have no where to go but back home. And deal with it. If you are not part of the solution then you are part of the problem!"|10159553787783904|David Gray|2022-02-09 23:12:17|0|0|10159552390238904|facebook
Few care about the protest anymore. As with all similar actions, after a while, the public's interest wains.|10159552773213904|Mike Taras|2022-02-09 23:12:17|0|0|10159552390238904|facebook
Trudeau you have cross the line step down|10159552873598904|Lennie Krause|2022-02-09 23:12:17|0|0|10159552390238904|facebook
Let’s be clear, no one likes the mandates but the majority of people are able to understand why they are in place.|10159553007033904|Fi Glennanne|2022-02-09 23:12:32|1|0|10159552390238904|facebook
You haven't heard the term 'tyranny of the majority' in democracy? It's a thing.|10159553235633904|Michael Fohr|2022-02-09 23:12:32|1|0|10159552390238904|facebook
I agree with him. But he should zoom them.|10159552415933904|Lincoln Flanagan|2022-02-09 23:12:17|0|0|10159552390238904|facebook
He's listening to the 70% of Canadians that are against the protests.|10159553236253904|Michael Fohr|2022-02-09 23:12:32|1|0|10159552390238904|facebook
You mean like when Harper listened to the people he ideologically despised?|10159553380753904|Michael Fohr|2022-02-09 23:12:32|1|0|10159552390238904|facebook
they want to hang him. Duh.|10159552880633904|Matty Mac|2022-02-09 23:12:27|1|0|10159552390238904|facebook
he is afraid, hiding under his bed since 10 days|10159552863733904|Michel Filion|2022-02-09 23:12:27|1|0|10159552390238904|facebook
??|10159553197658904|Don Peterson|2022-02-09 23:12:27|1|0|10159552390238904|facebook
Minutes after he wet back to his PlayStation|10159552860653904|Michel Filion|2022-02-09 23:12:27|1|0|10159552390238904|facebook
That's a lot of people that you just arrogantly called white supremacists... With that said... To answer your question, they are far too incompetent to be seen at this moment.|10159552907793904|Christian George|2022-02-09 23:12:24|1|0|10159552390238904|facebook
Perhaps they should go home and go back to work then. And air their grievances in a civil and respectful manner.|10159552908368904|Clare McCabe|2022-02-09 23:12:24|1|0|10159552390238904|facebook
you taking notes from Trump with your rhetoric. Prove paid for by Trudeau. And the actions of the protest have divided people on both sides nice try deflecting|10159552911813904|Paderick Rose|2022-02-09 23:12:24|1|0|10159552390238904|facebook
Tamara Lich, Patrick King, Ben Dichter…perhaps I am being arrogant but I think I'd have the good sense to do a bit of research into the organizers before throwing my lot into such a protest. As my grandmother liked to say, 'Choose better friends.'|10159552922573904|Clare McCabe|2022-02-09 23:12:24|1|0|10159552390238904|facebook
maybe talk to Pat King.|10159553695673904|Irene Czank Tait|2022-02-09 23:12:24|1|0|10159552390238904|facebook
So do something, your dithering weak spinelessness is hurting the country.|10159553022973904|Chris Pompeo|2022-02-09 23:12:17|0|0|10159552390238904|facebook
do something? Stop being selfish idiots and get vaccinated ! You people are looking for an excuse to overthrow an elected government.|10159552884083904|Matty Mac|2022-02-09 23:12:25|1|0|10159552390238904|facebook
you are the one who crossed the line by hiding and not speaking with them|10159552843578904|Pat Dunk|2022-02-09 23:12:17|0|0|10159552390238904|facebook
Crossed a line? Umm. That was kind of the point. Catch up Castro!|10159552480528904|Shannon Veurink|2022-02-09 23:12:17|0|0|10159552390238904|facebook
He needs to go home!|10159552453718904|Jaye Carnie|2022-02-09 23:12:17|0|0|10159552390238904|facebook
What a joke yous all are . Come out of your closets and for once in your life speak the truth . Stop hiding .|10159552871968904|Adwina Whitsitt|2022-02-09 23:12:17|0|0|10159552390238904|facebook
Trudeau does not have the power to do that unilaterally. Truckers who want to go to the US need to be vaccinated.|10159552453698904|Holly Greenberg|2022-02-09 23:12:25|1|0|10159552390238904|facebook
No.|10159552456548904|Colin Richardson|2022-02-09 23:12:25|1|0|10159552390238904|facebook
the borders are open.|10159552820338904|Frank DeJong|2022-02-09 23:12:25|1|0|10159552390238904|facebook
cool your into easy immigration to Canada|10159552825393904|Jackie Cates|2022-02-09 23:12:25|1|0|10159552390238904|facebook
my god you’re a stupid reactionary|10159552881088904|Matty Mac|2022-02-09 23:12:25|1|0|10159552390238904|facebook
too bad these idiot wankers are blocking the borders. Tell you girlfriends to get a life and stop ruining the lives of others|10159552950973904|Todd Langevin|2022-02-09 23:12:25|1|0|10159552390238904|facebook
theybwant open borders so.its easy for anyone to immigrant to Canada?|10159553071228904|Jackie Cates|2022-02-09 23:12:26|1|0|10159552390238904|facebook
Shame on Justout!!|10159552585373904|Alicia Martell|2022-02-09 23:12:17|0|0|10159552390238904|facebook
absolutely not. The stated demands of Canada Unity are to dissolve parliament, appoint themselves as an unelected governing committee and hijack our democracy. What is there to negotiate with such a stupendously stupid set of demands? Nada, folks, nada.|10159553075083904|Tony Spencer|2022-02-09 23:12:33|1|0|10159552390238904|facebook
WHY!! Speaking to them only gives them credibility.... they are not supported by 75% of Canadians. They just need to go home!!!! They will accomplish nothing by their threats and bullying the good people of Ottawa. They are a National Disgrace!!!!|10159554677773904|Gloria Dawe Bruce|2022-02-09 23:12:33|1|0|10159552390238904|facebook
"It was a joke. His religion is of no concern to me at all. Are you aware of the meaning of Mark referring to this word ""globalist""?"|10159552480448904|Tracy Pytlowany|2022-02-09 23:12:40|1|0|10159552390238904|facebook
Can we urge him to quit please? Surely there's a petition about that|10159552866003904|Vik Laracaille|2022-02-09 23:12:19|0|0|10159552390238904|facebook
His mandates along with all the provincial mandates have crossed the line. I'm vaxxed X3 and I am sick and tired of lockdowns, no freedom to move about freely and not being able to see family as an entire unit.|10159553550708904|Dave Seaward|2022-02-09 23:12:17|0|0|10159552390238904|facebook
As the kids bounce on the castles, are they reading all the profound flags, trailers and trucks? Are they listening to the Adults Scream F#ck Trudeau!! The PM of their Canada? The Canada that gives them schools to learn, family allowances to help them through life, child protection agencies! Please stop using the kids, they are there because their parents brought them there. No consideration for what they see and hear! How about the deafening horns? are they good for those child eardrums? I get so frustrated when people use kids. Those kids have no idea of what is happening.|10159552940338904|Irene Czank Tait|2022-02-09 23:12:36|1|0|10159552390238904|facebook
and millions died because they kept protesting. Omicorn isnt the only vraiant that is out there, plus a lot of.people in north America are vaccinated. Its not an experimental.va ccine, it was in 2020 when it was in clinical trails. Many other vaccines have mutiple doese. Dtap has 5 does. Than when your 18 its Ttap every 10years . The flu vaccine is yearly. You clearly want to turn a blinds eye to the protests. They have been hrassing people.in the buiness around them, spitting on people pulling off masks, defacing statues, inclusing urinating on the terry fox staute. Wearing around swastikas. How does kids ans bouncy castle make up for that|10159552977303904|Jackie Cates|2022-02-09 23:12:36|1|0|10159552390238904|facebook
error : MPM for Mediocre Prime Minister|10159552862163904|Michel Filion|2022-02-09 23:12:37|1|0|10159552390238904|facebook
wtf are you going on about? Good grief, what a racist.|10159552553088904|Philip Slade|2022-02-09 23:12:38|1|0|10159552390238904|facebook
who’s your peoples? We are all natives of this land.|10159552576288904|Carol Gammel|2022-02-09 23:12:38|1|0|10159552390238904|facebook
he’s a hypocrite, racist, liar, manipulator,pho ney actor there, fixed it for you.|10159552577428904|Carol Gammel|2022-02-09 23:12:38|1|0|10159552390238904|facebook
When the leader of a country shows disrespect for laws of a democracy and regularly violates ethics guidelines and has held millions of Canadians and their financial livelihoods hostage with his ineffective failed measures....you cannot expect protesters of his Tyranny to play by all the rules ....Trudeau sets a horrible example to all Canadians. - the Bottom Line is that if Trudeau was a true leader of all canadians & actually followed true Science then he would have lifted all restrictions 2 or 3 weeks ago & there would be no truckers convoy in DT Ottawa today.|10159552930673904|Jack Bucholtz|2022-02-09 23:12:38|1|0|10159552390238904|facebook
Trudeau has crossed the line!! 🛑|10159552982523904|Sanah Zabian|2022-02-09 23:12:19|0|0|10159552390238904|facebook
Why didn’t you do that in the last election ?|10159552881793904|Matty Mac|2022-02-09 23:12:39|1|0|10159552390238904|facebook
its all our country Matty. I think the wording is simple. He loves his country and wants to stop seeing it destroyed. I think you maybe read a little to deep into his comment and are twisting it ...|10159552985813904|Jackie Jean|2022-02-09 23:12:34|1|0|10159552390238904|facebook
too many times, there is a litany of his arrogance but not enough room to enter all of it. I’m still trying to find just one good thing to say and I’m stumped. It goes back to his fundraising with the Sherman’s from Apotex that was not supposed to happen.|10159552440048904|Eileen Dougan|2022-02-09 23:12:40|1|0|10159552390238904|facebook
lol.... I've never met a liberal that understood mathematics.... How many guilty verdicts again?🤔... I can't remember, remind me please|10159552516658904|Aaron Chusing|2022-02-09 23:12:40|1|0|10159552390238904|facebook
So, are you going to mimic Trudeau and avoid the answer? How many guilty verdicts was the question?🤔....vs Harper of course.|10159552536758904|Aaron Chusing|2022-02-09 23:12:40|1|0|10159552390238904|facebook
No, facts would prove they have the most and not one, but three by a sitting PM. The only reason Trudeau wasn’t implicated for a 4th time is cause the AJ said he couldn’t find proof they were “friends”. 😂 here’s finance minister’s one though. https:// nationalpost.com /news/politics/ morneau-broke-et hics-law-three- times-during-we -charity-affair -ethics-commiss ioner-rules/ wcm/ 873d3617-4430-41 48-8bb3-bac641e 33a77/amp/|10159552614838904|Troy Koblik|2022-02-09 23:12:40|1|0|10159552390238904|facebook
I am NOT A RACIST so you would NOT get me DEFENDING BLACK FACE especially if it was done not ONCE NOT TWICE BUT THREE TIMES..Once I found was bad enough but doing it so many times means Trudeau is a SERIAL RACIST...AND SHOULD STEP DOWN BY A NO COINCIDENCE VOTE SINCE HE MADE VERY POOR DECISIONS HENCE WHY WE HAVE SUCH A HIGH INFLATION RATE THE WORST IN 30 YEARS.|10159552885573904|Priyanka Canada|2022-02-09 23:12:40|1|0|10159552390238904|facebook
Lmao you people are supreme snowflakes. This is you just being a petty sore loser for losing the election. I don’t care for Trudeau but you people calling for him to be ousted are so pathetic and reactionary.|10159552885908904|Matty Mac|2022-02-09 23:12:40|1|0|10159552390238904|facebook
He would recognize crossing the line|10159558772138904|Grant Meredith|2022-02-09 23:12:19|0|0|10159552390238904|facebook
we don’t have a two party system. You’ll have to do better next time.|10159552465948904|Holly Greenberg|2022-02-09 23:12:40|1|0|10159552390238904|facebook
You got fleas?|10159552474813904|Will Bedford|2022-02-09 23:12:40|1|0|10159552390238904|facebook
who put us in hard times and has kept us there? The truckers?|10159553824448904|Manny Ribeiro|2022-02-09 23:12:36|1|0|10159552390238904|facebook
I havent laughed that hard in a long time after reading your comment 😂 Thank you. Dont ever skip your medication again.|10159553262728904|Richard Husar|2022-02-09 23:12:36|1|0|10159552390238904|facebook
inflation is a worldwide problem.|10159553214563904|Holly Greenberg|2022-02-09 23:12:36|1|0|10159552390238904|facebook
except for the American lunatic fringe who are sending financial support.|10159553208288904|Penelope F. Cavers|2022-02-09 23:12:36|1|0|10159552390238904|facebook
All talk and no action. Lots of righteous indignation but no plan to resolve. Ditto for Bill Blair, Omar Alghabra, the Ottawa mayor and police chief. Millions of Canadians are frustrated with this style of leadership!|10159553690008904|Peter Spearman|2022-02-09 23:12:17|0|0|10159552390238904|facebook
move to Manitoba|10159552946388904|Todd Langevin|2022-02-09 23:12:35|1|0|10159552390238904|facebook
Oh yeah, he's earned it alright. He also earned a ton of respect for giving us two large tax increases during the pandemic and shipping all of our medical PPE to his buddies in China.|10159552605693904|Sandy Marr|2022-02-09 23:12:36|1|0|10159552390238904|facebook
no you're not a liberal.. you're a communist.|10159552639813904|Lu Ma|2022-02-09 23:12:36|1|0|10159552390238904|facebook
What do you think about him telling people they can’t have gatherings on Christmas, while he had a restaurant open up just for himself and his pals? He clearly doesn’t even believe his own nonsense. How about him having his thugs beat up an independent journalist (on camera) just for being there? And of course there are the girls who were assaulted in the “COVID hotels,” preachers arrested while criminals are let out of jail, protesters beaten and arrested, curfews, etc. etc..|10159552666588904|Ted Darden|2022-02-09 23:12:36|1|0|10159552390238904|facebook
Brian Komlance Yet there are a hell of a lot of people living card board boxes and thousands of business have gone under. Spend spend is all he did and your great grandchild are going to love the greed you shown for yourself.|10159552807468904|Fitzroy Antdantilus|2022-02-09 23:12:36|1|0|10159552390238904|facebook
brain dead|10159552840503904|Marg Bowes|2022-02-09 23:12:36|1|0|10159552390238904|facebook
You lost me with stating that your not a Liberal.|10159552862808904|Hans Koscielny|2022-02-09 23:12:36|1|0|10159552390238904|facebook
Jason Godin too bad you’ve wasted 7 years of your life.|10159552880033904|Matty Mac|2022-02-09 23:12:36|1|0|10159552390238904|facebook
I am NOT A RACIST so you would NOT get me DEFENDING BLACK FACE especially if it was done not ONCE NOT TWICE BUT THREE TIMES..Once I found was bad enough but doing it so many times means Trudeau is a SERIAL RACIST...AND SHOULD STEP DOWN BY A NO COINCIDENCE VOTE SINCE HE MADE VERY POOR DECISIONS HENCE WHY WE HAVE SUCH A HIGH INFLATION RATE THE WORST IN 30 YEARS.|10159552885013904|Priyanka Canada|2022-02-09 23:12:36|1|0|10159552390238904|facebook
Historically Conservatives have spent much more than Liberals with little to show for it. I remember Mulrooney spending spree and Harper was a joke. Too bad people have such short memories.|10159552886363904|Halina Crawford|2022-02-09 23:12:36|1|0|10159552390238904|facebook
fabulous lol|10159552888173904|Carolann Reid|2022-02-09 23:12:36|1|0|10159552390238904|facebook
Conrad Springer Such an extreme opinion. What exactly are we experimented on for? Covid has killed so many people, and really horrific deaths. Eradicating Small pox was not an easy task. Smallpox inarguably shaped the course of human history by killing countless millions in both the Old World and the New World. Dr. Edward Jenner's discovery of vaccination in the late 18th century, and the global eradication of smallpox in the 1970s, rank among the greatest achievements in human history. (that was much longer than 3 years)|10159552900828904|Irene Czank Tait|2022-02-09 23:12:36|1|0|10159552390238904|facebook
"If you are not a Liberal then please be aware that there is another  who has stolen your profile that has been posting pro Liberal comments and being an apologist for Trudeau on a regular basis these past 2 years. "" Trudeau has gotten us thru.."" - wow are you ever delusional!"|10159552921493904|Jack Bucholtz|2022-02-09 23:12:36|1|0|10159552390238904|facebook
"Trudeau supports the marxist BLM movement that torched entire city blocks, injured 100s of cops and left 44 dead in their ""mostly peaceful"" protests while 60 million dollars in donated funds has went missing as BLM directors buy mansion after mansion for themselves. https:// www.bizpacreview .com/2022/01/ 31/ black-lives-matt er-transfers-mi llions-to-canad ian-charity-run -by-co-founders -spouse-to-buy- mansion-1195142 /"|10159552925688904|Jack Bucholtz|2022-02-09 23:12:36|1|0|10159552390238904|facebook
Brian Komlance many ARE living in a cardboard box BECAUSE of Trudeau 🤷‍♂️|10159553037448904|Trevor Birnie|2022-02-09 23:12:36|1|0|10159552390238904|facebook
can’t you see what is really happening in Canada . Connect the dots . Communism is like cancer by the time people realize what is happening it’s to late .|10159553054998904|Ray Usher|2022-02-09 23:12:36|1|0|10159552390238904|facebook
Brian Komlance 👎|10159553109633904|Jamie Morgan|2022-02-09 23:12:36|1|0|10159552390238904|facebook
couldn't agree more. Trumpian lunacy describes the conservative idiots perfectly. With their current behavior they will never run this country again.|10159553131143904|Roland Lacey|2022-02-09 23:12:36|1|0|10159552390238904|facebook
Trudeau Go home|10159552411583904|Undress Vlz|2022-02-09 23:12:22|0|0|10159552390238904|facebook
