﻿comment|comment_ids|username|datetime|isreply|num_replies|post_id|label
how many did you count? 1 in the thousands of people there? So with the same brushstroke everyone is guilty? So obvious that many were paid infiltrators to give the truckers a bad name.|10159569809188904|Madeleine Menard|2022-02-16 23:38:05|1|10|10159569391653904|facebook
https:// rumble.com/ vv9kju-ottawa-po lice-arrest-eld erly-women-and- others-aggressi vely.html?mref= 7ju1&mrefc=3|10159570799293904|Joanne McClelland|2022-02-16 23:37:50|1|6|10159569391653904|facebook
Mark MacIntyre here’s some violence for you.  https:// www.cbc.ca/news/ canada/ british-columbia / rcmp-coastal-gas link-bc-violenc e-investigating -1.6356257?fbcl id=IwAR3TuzgI2v DyUCrf5GfEG7skM _k2LnG5u2kmB7od -8FmLr5Qe3EWW4e oNbQ|10159569743618904|Lauren Stoyanowski|2022-02-16 23:37:55|1|4|10159569391653904|facebook
I didn't say one third. Read carefully|10159570154853904|Marcos Aero|2022-02-16 23:38:00|1|4|10159569391653904|facebook
.awn Scott-connolly LOL...Not a single person in the Convoy has harassed anyone. They don't care if people wear masks. That's what you don't get. It's about free choice. And, they were under an agreement to not blow their horns, which they honored, right up until the Government invoked the Act. You need to stop listening to the BS stories of people who know nothing about what's really going on there. I've heard the exact words you're using already, horns and diesel and masks. LMAO ...same BS story|10159569726508904|Debbie Johnston|2022-02-16 23:38:17|1|4|10159569391653904|facebook
They are out of touch with reality fuelled and brain washed by their right wing organizers who are also out of touch with reality!|10159570216143904|Doris Dallaire|2022-02-16 23:37:45|0|4|10159569391653904|facebook
This is what happens when you demonize all forms of traditional media and your only source of news becomes youtube and tik tok.|10159569432333904|Rolo Tamassi|2022-02-16 23:37:48|0|4|10159569391653904|facebook
So are you saying the CPC is in support of the Emergency Act and that bigoted racist tyrant, Justin Trudeau ?  Also, polls suggest people are done with all mandates and that they support the CAUSE not the occupation. Other polls suggest that the Liberals are hovering around a 16% approval rating. Adjust your Facebook algorithms dum dum.  You want to point a finger, point a finger at our Leader, the emperor of Canuckistan and the great “Reset” 🤣|10159569587303904|Jaxon Locken|2022-02-16 23:38:09|1|4|10159569391653904|facebook
Edo looking forward to hearing what you think once you have read it all the way through.|10159570716953904|Marc Cyr|2022-02-16 23:38:01|1|4|10159569391653904|facebook
if you went by Justin’s idea of violence, that could definitely be considered VIOLENCE😮(but nice try though)|10159570441493904|Lauren Stoyanowski|2022-02-16 23:37:55|1|4|10159569391653904|facebook
no issues? Lol|10159569684823904|Todd Langevin|2022-02-16 23:38:21|1|3|10159569391653904|facebook
the only racist here in Ottawa is Trudeau.|10159569551278904|Philly Brick|2022-02-16 23:38:25|1|3|10159569391653904|facebook
They’re living in cloud cuckoo land, so ironically peace, order, and good government — the lynchpins of the Canadian constitution that guarantees them their democratic freedoms — mean nothing to them.|10159569423628904|Elizabeth Duncan|2022-02-16 23:37:45|0|3|10159569391653904|facebook
, 22% of Canadians have been turned into second class citizens , the fact that you support this kind of action makes me question what Canadians have become|10159569441963904|Derek Mitchell|2022-02-16 23:38:03|1|3|10159569391653904|facebook
How many times do they have to be told if they don’t move they’ll be arrested? They knew and refused to leave. They deserve what they get!!!|10159570265603904|Don Purchase|2022-02-16 23:37:48|0|3|10159569391653904|facebook
22% of Canadians have become second class citizens , regardless of race , and you support that ??|10159569458093904|Derek Mitchell|2022-02-16 23:38:25|1|3|10159569391653904|facebook
All of that was horseshit, Joanne. Don't be naive.|10159570652243904|David Fowler|2022-02-16 23:37:50|1|3|10159569391653904|facebook
Debra why are we discussing this with people who are deliberately uninformed? The one thing I have learned during the insurrection is that supporters don't want to know.|10159570545998904|Marc Cyr|2022-02-16 23:38:01|1|3|10159569391653904|facebook
because Harper didn't impose a mandate on the truckers so they can't feed their families. Do you even know what the protest is about???? It seems that you are unaware... perhaps it would be prudent for you to educate yourself on these matters since you are attempting to discuss with very little base of knowledge.|10159569884388904|Marcos Aero|2022-02-16 23:38:00|1|3|10159569391653904|facebook
This is not a state of emergency This is a power hungry dictator throwing a temper tantrum while the media he funds with our taxes lies for him !|10159569542623904|Ted S Ptak|2022-02-16 23:37:46|0|3|10159569391653904|facebook
I do not condone this kind of behavior by protesters. This, however, looks like the RCMP have taken control and are heavily investigating this case and have it under control. Now do Ottawa.|10159569795323904|Mary Jo Welch|2022-02-16 23:37:55|1|3|10159569391653904|facebook
you should watch how Indigenous people are treated when they are protesting. These videos are gentle in comparison. I guess they should have listened when they were warned. Anyways there was always potential for violence. The cops should have done this weeks ago and Doug Ford should have called for it but he didn't so something had to be done. He forced T to call the Act and now he is saying he had a plan and it wasn't necessary. Wonder when he would have rolled out his plan? I guess after restrictions were lifted since we are heading in that direction anyway. I guess some folks dont get out much.|10159570718803904|Michelle Godin|2022-02-16 23:37:50|1|3|10159569391653904|facebook
Now be reasonable. We will be satisfied with water cannons.|10159569710788904|Marc Cyr|2022-02-16 23:37:57|1|3|10159569391653904|facebook
um yes. many are prepared for anything and everything and have vowed not to fall for provocation and are willing to be arrested. Some are willing to die for this cause.|10159569949143904|Barbara Bout|2022-02-16 23:37:45|0|3|10159569391653904|facebook
A new poll from Maru Public Opinion finds that in response to the Freedom Convoy, “a majority (53%) of Canadians think the Prime Minister has looked weak in the face of threats to the country.”  Even worse for Trudeau, only 16% of Canadians say they would vote for the prime minister based on how he has dealt with the situation, as opposed to the 63% who say they wouldn’t.  “The last time I’ve seen numbers even close to this were in the final days of Brian Mulroney,” said Maru executive vice-president John Wright. “I think this could cost him (Trudeau) his job.”|10159570579868904|Jaxon Locken|2022-02-16 23:38:09|1|2|10159569391653904|facebook
"Because the act never went through the parlaimentary and senate validation and approval process to be lawfully enacted. Which makes already using its powers an act of dictatorship, rather than one of democracy. That really is confusing and shocking.  18 (1) A declaration of a public order emergency is effective on the day on which it is issued, but a motion for confirmation of the declaration shall be laid before each House of Parliament and be considered in accordance with section 58.  Said ""motion for confirmation"" was ""postponed"" by the liberal government. THIS IS WHAT DICTATORS DO PEOPLE!!!!!!!!! !"|10159569961708904|Nathan Poole|2022-02-16 23:37:45|0|2|10159569391653904|facebook
In an actual dictatorship, you don’t get to call the dictator, a dictator… if so you just disappear. So, I am glad to see you still here my friend.|10159570527243904|Pete Bjerkelund|2022-02-16 23:37:52|1|2|10159569391653904|facebook
Well done! And silence from Edo!|10159570765823904|Kathy Curtis|2022-02-16 23:38:01|1|2|10159569391653904|facebook
, public health doesn’t supersede individual rights and it never will. If you’re an M.D. then you’re qualified to determine whether or not they are endangering someone. If not, hit the bricks.|10159570096818904|Seren Joti Chatterjee|2022-02-16 23:38:24|1|2|10159569391653904|facebook
CANADA DOESN'T NEGOTIATE WITH TERRORISM. Had Trudeau given into this insurrection I would have got my smart car and drove to Ottawa myself. Lol. They are going to learn a hard lesson letting Trumpism guide them.|10159570305653904|Steven Laing|2022-02-16 23:38:05|1|2|10159569391653904|facebook
I think it might be informative to look up the backgrounds of the 5 principal leaders - Lich, Lichter, King among them. https:// www.ctvnews.ca/ canada/ who-is-who-a-gui de-to-the-major -players-in-the -trucker-convoy -protest-1.5776 441 Yes, yes, I know everyone in the media is lying - interesting backdrop in any case.|10159571339938904|David Mulcaster|2022-02-16 23:38:07|1|2|10159569391653904|facebook
incorrect. 2/3 of Canadians want these fools removed|10159570202798904|Don Kachur|2022-02-16 23:38:00|1|2|10159569391653904|facebook
"well, Ms. Trudeau's son can at least write a few sentences that sound intelligent as opposed to whatever the fck you just wrote. I know you're trying but WTF was that? Speaking of ""blooming idiot""."|10159570432238904|Christopher Kennedy|2022-02-16 23:37:53|1|2|10159569391653904|facebook
Why the surprise? The Tyendinaga rail blockade went on for a month without interference. It's easy to see why many people have concluded that Canadian law is a bit of a free-for-all.|10159569484798904|Craig Stevenson|2022-02-16 23:37:45|0|2|10159569391653904|facebook
Is this still about mandates?|10159569695688904|Melissa Evans|2022-02-16 23:37:45|0|2|10159569391653904|facebook
This is an occupation, not a protest. Everyone has the right to protest but not the right to stop people from sleeping and working. They have no idea what freedom is. My opinion.|10159570005498904|Carol Haneberry|2022-02-16 23:37:46|0|2|10159569391653904|facebook
the government created the situation. Stop bowing to false gods.|10159570714603904|Francesco Ciardullo|2022-02-16 23:38:07|1|2|10159569391653904|facebook
I started following Pat on Facebook to get coverage on the convoy along the way and in Ottawa. I didn’t really like the guy but I liked seeing the progress of the protest from his and other live streams. Once they got to Ottawa it was a bit easier to find more coverage but I couldn’t find where to follow along. I didnt even realize what people were saying about him til later. I haven’t looked at his past videos and don’t care to. He doesn’t speak for me. I think the protest’s message is drop the mandates. Anyone can agree or not. That doesn’t mean anyone who does agree with that message agrees with Pat King on everything.|10159573997543904|Mandi Marshall|2022-02-23 23:37:51|1|2|10159569391653904|facebook
22% unvaccinated? What is this 22%?|10159569532353904|Richard Evans|2022-02-16 23:38:03|1|2|10159569391653904|facebook
really Derek? You can do better than that. We have been in the middle of a GLOBAL PANDEMIC! These guidelines have been used all over the world!|10159569472563904|Philip Standard|2022-02-16 23:38:25|1|2|10159569391653904|facebook
The government is the one making it end badly.|10159569555313904|Francesco Ciardullo|2022-02-16 23:37:46|0|2|10159569391653904|facebook
"The gov including Doug Ford refuses to draw up any legislation to prevent the mandates or the restrictions from being enacted again. Also, Freeland said today that many of the ""tools"" incorporated for the emergency act including cryptocurrency, crowdfunding, and the ability to freeze bank accounts are being looked at to be permanent. https:// twitter.com/ inklessPW/ status/ 1494752731441123 328?s=20&t=OtJm MpviGo84zcY_dpa 7lQ"|10159570728253904|Joanne McClelland|2022-02-16 23:37:50|1|2|10159569391653904|facebook
Can’t wait for the civic lawsuits against them. Hope they pay for the rest of their lives|10159569604013904|Todd Langevin|2022-02-16 23:37:48|0|2|10159569391653904|facebook
Charges won't stick because the Emergency Act was not approved. It had to be debated and voted both of which didn't happen. Trudeau canceled the debate and went ahead on Feb 18 without the debate or approval. It was an unlawful act.|10159571034158904|Joanne McClelland|2022-02-16 23:38:13|1|2|10159569391653904|facebook
The narrative for the ending of this was written by the Media well before today. Unable to separate the real events from the government speaking points the media promoted and eventually legitimized the sledgehammer option Trudeau and his band is incompetent clowns wanted all along. Extraordinary powers with which to control Canadians who do not agree with their agendas. “Glorious and Free” is now past tense. Thank you voters of Toronto and area.|10159569742983904|Chuck Audette|2022-02-16 23:37:48|0|2|10159569391653904|facebook
https:// twitter.com/ Watz_in_ur_Head/ status/ 1495096290895663 106?s=20&t=FCt6 zA2gVcnC4c1iJPT yog|10159571829008904|Joanne McClelland|2022-02-16 23:37:50|1|2|10159569391653904|facebook
All you are saying now is that you base your opinion of a protest's legality and the legitimacy of its methods on your pre-existing opinion on the issue and/or the participants.  So if we are going there, let's. One group is literally protecting their own land from outsiders coming in to install risky infrastructure on it. They are targeting those doing the work and while it sounds dramatic we have no reports of injuries yet I believe, just damaged equipment that was being used against their will on their land.  Here we have an occupation that has closed borders at multiple points, where military type weapons have been seized, organized by people wanting to replace elected officials with themselves, king says the PM must be killed and only bullets will solve this. Air horns have been used to torture innocent local residents. Monuments desecrated. Actual hate groups organizing it. Soup kitchen and women's shelter hassled. Businesses harassed. And the cause? Tired of being excluded by the 85% of Canadianswho got with the program. Guess what? We don't love you. We are trying hard not to hate you. We want you gone. We only hope your kids don't get in the way of the firehoses. .|10159569743228904|Marc Cyr|2022-02-16 23:38:11|1|2|10159569391653904|facebook
Half these fools couldn't do basic math, let alone understanding an emergency order.|10159569511123904|Kevin Rurka|2022-02-16 23:37:48|0|2|10159569391653904|facebook
there is no cause!!! Except for anarchy being committed by a group of easily lead people ( and Russia loves you for your efforts)|10159570279018904|Don Purchase|2022-02-16 23:37:56|1|2|10159569391653904|facebook
that would be up to you to post to prove your point. That's the way debate works.|10159570260758904|Marcos Aero|2022-02-16 23:38:00|1|2|10159569391653904|facebook
Imagine being so naive to think that there is only a fringe minority of Canadians that think this way, and that you can simply crush them under more oppression.  This is just the beginning.|10159569419083904|Philly Brick|2022-02-16 23:37:48|0|2|10159569391653904|facebook
👈Ladies and Gentleman I present to you the definition of White Privelidge.|10159569610453904|Howie Sparkes|2022-02-16 23:38:16|1|2|10159569391653904|facebook
. I also have NOT given myself any power to believe or NOT. I am merely posting something that is stated directly.|10159569922033904|Marcos Aero|2022-02-16 23:38:00|1|1|10159569391653904|facebook
well this supposed Poll is done on a tiny sample of 1500 people basically... and those people are voice panelists for maru which did the Poll. That is not a proper statistical sampling. More importantly this sample size is not a representative sample which is a requirement for sample size to be any indication at all.|10159570244603904|Marcos Aero|2022-02-16 23:38:00|1|1|10159569391653904|facebook
Our country as we know is done. It will never be the same again. We are subjects, not citizens. Things from here are only going to get worse.|10159570507408904|Mike Johnson|2022-02-16 23:37:46|0|1|10159569391653904|facebook
Do you have a better poll we can look at?|10159570248108904|Don Kachur|2022-02-16 23:38:00|1|1|10159569391653904|facebook
for exercising their right to protest? Be free to disagree but pay for the rest of their lives for what? Unlike G20 in Toronto they haven’t looted or smashed buildings or destroyed things. Have you been in Ottawa or are you judging from your living room in Barrie? My partner works across from parliament, is an essential employee and has been to work daily. He has window views of the protest and will concur the horns are loud but outside of that there have been no issues. If our PM actually tried civil dialogue like he is always preaching to leaders of other countries rather than inciting hate and division maybe this mess wouldn’t have occurred to begin with.|10159569665673904|Nicole LeBlanc|2022-02-16 23:38:21|1|1|10159569391653904|facebook
For Ottawans utterly sick of hosting the Ivermectin Insurrection, today has been the Festival of Schadenfreude, a fun cheap laugh, but really, it is a sad testament to the failure of education in this country. THIS is what functional illiteracy looks like. We are witnessing a large scale inability to think critically, to take in and consider complex ideas, to have higher brain functions beyond an emotional impulse that elicits either bonding with or rejecting others based on tribe. Love or hate with nothing in between and no reason. My friends think I am cruel when I call these followers stupid, but really what other word is there? I feel sorry for them.|10159570836963904|Marc Cyr|2022-02-16 23:37:48|0|1|10159569391653904|facebook
Hey! That is not nice. The proper term is stupid as a sack of hammers.|10159572107833904|Marc Cyr|2022-02-16 23:38:06|1|1|10159569391653904|facebook
um, no. The only right they should expect is the right to be arrested for insurrection|10159570313443904|Don Purchase|2022-02-16 23:38:20|1|1|10159569391653904|facebook
when 'FAKE NEWS' is your response to anything you don't agree with, this is how it ends.|10159569818418904|The Contrarian|2022-02-16 23:37:45|0|1|10159569391653904|facebook
And before you say it, there are no takebacksies when you publish a fascist manifesto...|10159569877078904|Colin Spencely|2022-02-16 23:38:00|1|1|10159569391653904|facebook
tell that to trudeau, he wants this to become a dictatorship.|10159569743073904|Michael J Johnson|2022-02-16 23:38:18|1|1|10159569391653904|facebook
You always go full nazi accusation right off the bat? No Brendan. Protest is good. Abuse is bad. People protest in Ottawa every single day. This is the first protest we've seen where the tactics of deliberate noise torture and intimidation of locals have been used. That was a pretty big mistake on the part of the organizers, that cost them a lot of support among regular Canadians who are also sick of mandates.|10159572093878904|Marc Cyr|2022-02-16 23:38:11|1|1|10159569391653904|facebook
how are you quote familiar with nationalist organizers????? ? Your statements are empty with no proof at alll.|10159569911323904|Marcos Aero|2022-02-16 23:38:00|1|1|10159569391653904|facebook
Like their belief their rights are being eroded|10159569532318904|Yves Simard|2022-02-16 23:37:48|0|1|10159569391653904|facebook
Legends in their own minds need to go home. Just tell 'em the lessening of pandemic restrictions is because of them. We can laugh later.|10159569420898904|Joanne Ryan|2022-02-16 23:37:45|0|1|10159569391653904|facebook
the sad part is nobody sees that and actually cheers for it. Yesterday was a very sad day. And police horse trampling a native woman? Wtf|10159571282438904|Helen Whyte|2022-02-16 23:38:06|1|1|10159569391653904|facebook
Which polls are those? Let me see if I believe them to be unbiased and worthy|10159569888728904|Richard Evans|2022-02-16 23:38:00|1|1|10159569391653904|facebook
and elderly vet and elderly woman were dragged to the ground a hit several times.|10159571638418904|Mike Johnson|2022-02-16 23:38:06|1|1|10159569391653904|facebook
What would you believe then? National Post? Another polling site? The Sun newspaper chain?|10159569842343904|Richard Evans|2022-02-16 23:38:00|1|1|10159569391653904|facebook
No, not at all. You've given yourself the power to decide which polls you'll believe (or not) without suggesting reliable sources of information to verify|10159569911918904|Richard Evans|2022-02-16 23:38:00|1|1|10159569391653904|facebook
One third of Canadians is not a majority. Check your math|10159570150458904|Don Kachur|2022-02-16 23:38:00|1|1|10159569391653904|facebook
, I'm quite familiar with the white nationalist organizers and the MOU. This has jack and squat to do with freedom and everything to do with being an incompetent attempt to overthrow the government.  People were always free to make choice, but choices have consequences.|10159569888658904|Colin Spencely|2022-02-16 23:38:00|1|1|10159569391653904|facebook
This was a dark day for Canada. I shed tears for the protesters who were trampled, beaten with the butts of guns, veterans who were beaten down and kneed into submission, and the women who were pepper-sprayed so they would be out of the way. None of the patriots were violent.|10159570625333904|Joanne McClelland|2022-02-16 23:37:45|0|1|10159569391653904|facebook
The government already has power, they don't need more.|10159569674913904|Billy Black|2022-02-16 23:38:18|1|1|10159569391653904|facebook
yes, we're all just trying to make the truckers look bad. That must be it.|10159569913893904|Sarah Berneche|2022-02-16 23:38:05|1|1|10159569391653904|facebook
"Many people think that if there are more vaccinated people in hospital with covid than unvaccinated this ""proves"" that vaccines don't work. They don't get that if the unvaccinated - a small percentage of the population - are overrepresented in hospital this means that vaccines do in fact work."|10159569620663904|Margaret Wood|2022-02-16 23:38:16|1|1|10159569391653904|facebook
you have that a little backwards. By the way don't you get bored sitting in your truck all day|10159569612518904|Kevin Rurka|2022-02-16 23:38:16|1|1|10159569391653904|facebook
Not in touch with reality. Not surprised.|10159569610458904|Joe Naszady|2022-02-16 23:37:45|0|1|10159569391653904|facebook
, hey genius, why do you not boycott all the food and all the goods these dummies deliver daily.|711685890007411|Henry F. Drystek|2022-02-16 23:38:16|1|1|10159569391653904|facebook
Andrew Seems that way.|10159569782288904|Joe Naszady|2022-02-16 23:38:02|1|1|10159569391653904|facebook
I know that. But when you insinuate and make it sound like that was the norm when the norm was actually Canadian flags you are trying to paint all involved with one brush. There are far more people in Canada that sit just left of centre or just right of centre then either extreme. All your insinuating is anyone in that middle ground that support the truckers are “confederate flag people” which is a paint all with the same brush. You chose not to answer the question as you either don’t support pipelines yourself or good people you know don’t support it and shouldn’t be painted with the same brush as the morons in BC that committed the crimes yesterday.|10159569925328904|Jory Crossland|2022-02-16 23:38:05|1|1|10159569391653904|facebook
Sad for sure, they have no idea what this is going to cost them down the road. If you're arrested you won't have to worry about your vaccine or vacations anymore because you won't be crossing the border wit that on record. I learned first hand the power of the government and taking your bank account, not a pleasant experience. Insurance, once it is canceled you'll be lucky to find it for double if at all. Corporate contracts canceled sounds costly. Towing your semi cost 5000. If they don't confiscate it and sell it at auction to recoup some of the costs for repairing damage left behind. A 309,000,000. Lawsuit that insurance won't cover because of the illegal siege. It's all bad.|10159570292483904|Steven Laing|2022-02-16 23:37:48|0|1|10159569391653904|facebook
"Freedom to take away a hospital bed from cancer patients?  Freedom for trucker Joe, (who gets his ""news"" from Alex Jones and Fox) to set public health policy, based on his emotions?"|10159569920018904|Jerry Chong|2022-02-16 23:38:14|1|1|10159569391653904|facebook
Well, produce it. The original. I'm still waiting for your propaganda.|10159573405603904|Edo Monty|2022-02-23 23:38:01|1|1|10159569391653904|facebook
It will be once the fascist occupiers are gone. Best. Day. Ever.|10159569726428904|Marc Cyr|2022-02-16 23:38:14|1|1|10159569391653904|facebook
2 days ago — Now that the motion is tabled, debate will begin Thursday and will continue, according to the Act, “without interruption” until the vote is ...The debate has now been suspended in Ottawa due to police action.|10159570369218904|Susan Cole|2022-02-16 23:37:46|0|1|10159569391653904|facebook
This Is ALL about FREEDOM people 🙌|10159569631023904|Marinella Gonzalez|2022-02-16 23:37:48|0|1|10159569391653904|facebook
Doug Fords orders are in place and they are not really needed either as the Ottawa Police have the rights to clear their own streets and are doing it quite efficiently now.|10159571353083904|Steven Laing|2022-02-16 23:38:13|1|1|10159569391653904|facebook
if you paint everyone with the same brush it actually lacks any merit. Should every person against pipelines, oil and gas or that even want green energy all get called violent criminals for what happened in BC?|10159569784423904|Jory Crossland|2022-02-16 23:38:05|1|1|10159569391653904|facebook
totally agree . If this illegal siege was not acted upon we were screwed. Trumpism has no place in our country.|10159571671463904|Steven Laing|2022-02-16 23:38:13|1|1|10159569391653904|facebook
A sad legacy we are leaving to our children's children.|10159571662573904|Lyn Squires|2022-02-16 23:38:13|1|1|10159569391653904|facebook
no. The Govt has been more than patient not reacting to these anarchists|10159570308943904|Don Purchase|2022-02-16 23:38:12|1|1|10159569391653904|facebook
So you are saying a manifesto put out by the people you are supporting is now fake. Make up your mind Edo.|10159573397033904|Debra Yundt|2022-02-23 23:38:01|1|1|10159569391653904|facebook
How the h*ll can you be part of, or support a group without knowing the agendas of your organizers/ leaders? The MOU and its contents are common knowledge.|10159570781938904|Kathy Curtis|2022-02-16 23:38:00|1|1|10159569391653904|facebook
Debbie I live here and it's real. All your denial is worth a rat's fart, as it is all on video and the charges will stick.|10159569748388904|Marc Cyr|2022-02-16 23:38:17|1|1|10159569391653904|facebook
It's not real. There is no justification for it. It doesn't meet ANY of the criteria. So...it is not real. It is a POWER GRAB.|10159569600708904|Michael J Johnson|2022-02-16 23:37:48|0|1|10159569391653904|facebook
Seriously. Where have you been. Their manifesto has been all over the media for weeks, it's not exactly a secret. Google it .|10159570536058904|Debra Yundt|2022-02-16 23:38:01|1|1|10159569391653904|facebook
That is not your opinion. It is a fact. In Canada people do not have the right to Disrupt the lives of other people|10159570155573904|Don Kachur|2022-02-16 23:38:12|1|1|10159569391653904|facebook
I usually preface my comment with my opinion. You can argue facts but not opinions.|10159570211688904|Carol Haneberry|2022-02-16 23:38:12|1|1|10159569391653904|facebook
Insurrection?! Bahaha...bounce y castles, kids, hot tubs, parked trucks seen on Parliament Hill. Tyrant Trudeau cowers and in an unparalleled act of cowardice, dictatorship, and abuse of peacefully protesting Canadians, declares war on them. And all he would have needed to do instead, is meet with them, discuss when mandates would be lifted, etc. He chose to act like all tinpot dictators throughout history.|10159570577243904|Edo Monty|2022-02-16 23:38:01|1|1|10159569391653904|facebook
How would you know. By your own admission, you haven't seen or read it.|10159570614158904|Debra Yundt|2022-02-16 23:38:01|1|1|10159569391653904|facebook
they'll be thrown out like the covid tickets all were illegal....|10159569680858904|Amanda M Loucks|2022-02-16 23:38:21|1|1|10159569391653904|facebook
Post it. The original. Or are you just using fake propaganda?|10159570625708904|Edo Monty|2022-02-16 23:38:01|1|1|10159569391653904|facebook
the only emergency is what the government has caused|10159569826018904|Jane Eliz|2022-02-16 23:37:48|0|1|10159569391653904|facebook
Our Canada has long gone. I’m shocked by the way the police have handled this. They have even used children as pawns. I can’t understand why more Canadians aren’t speaking out against these tactics. Our government made the truckers look like the bad guys to justify the actions they have taken. I’m too old to move, but I can imagine the number of people who are thinking of leaving Canada.|10159570386618904|Roberta Hall|2022-02-16 23:38:05|1|1|10159569391653904|facebook
it is hard to decipher what you are saying . you support the terroristic act that Justin has pulled ?|10159570325808904|Peter Mesi|2022-02-16 23:38:05|1|1|10159569391653904|facebook
Why would they think it applied. It refers to extreme conditions that weren't, and aren't happening there. It's been completely peaceful. Trudeau has lost his mind.|10159569642678904|Debbie Johnston|2022-02-16 23:37:48|0|1|10159569391653904|facebook
You have to understand percentages to get it.|10159571545343904|Margaret Wood|2022-02-16 23:38:16|1|1|10159569391653904|facebook
you mean the Canada you knew supported insurrection??? ?|10159570287398904|Don Purchase|2022-02-16 23:38:05|1|1|10159569391653904|facebook
another babbling city dweller|10159570570348904|Les Christensen|2022-02-16 23:38:16|1|1|10159569391653904|facebook
more people with brown hair are in the hospital than people with blonde hair. That proves that blonde people are more resilient to diseases??|10159570163343904|Don Kachur|2022-02-16 23:38:16|1|1|10159569391653904|facebook
Edit... you are 12, right ?|10159570621143904|Marc Cyr|2022-02-16 23:38:01|1|1|10159569391653904|facebook
no, the protesters have been warned for weeks. They alone are responsible. Them!!!!!|10159570291028904|Don Purchase|2022-02-16 23:38:07|1|1|10159569391653904|facebook
oh you’re so smart aren’t you? Why does your cause reflect the views of a minority of Canadians? Because it is based on nothing. But Russia loves you|10159570274433904|Don Purchase|2022-02-16 23:37:57|1|1|10159569391653904|facebook
nice deflection, but this was about if Canada is lead by a dictator or not. Stick with the program. How foolish the idiots behave in cabinet is another kettle of fish.|10159571711468904|Pete Bjerkelund|2022-02-16 23:37:52|1|1|10159569391653904|facebook
so why is the media not reporting it ? What do you think should happen to this protest ?|10159569743288904|Glen Edwards|2022-02-16 23:38:11|1|1|10159569391653904|facebook
if the MSM were doing it’s job properly, we wouldn’t be looking elsewhere to find out what’s going on.|10159574037758904|Robert Meynell|2022-02-23 23:37:51|1|1|10159569391653904|facebook
Imagine Canadians standing up to government tyranny. So unbelievable.|10159569850968904|Raj Dhaliwal|2022-02-16 23:37:48|0|1|10159569391653904|facebook
"Polls ""might"" suggest that people want to see the end of the mandates, true. But don't assume that is by extension support for the actions of the Convoy. As I said, the CPC has joined the Liberals and NDP to have the trucks removed."|10159569567623904|Richard Evans|2022-02-16 23:38:09|1|1|10159569391653904|facebook
what’s sad is that many polls across Canada suggest you’re the minority now. Yet here your are, delusional and woke. What a effing joke. 😂|10159569564908904|Jaxon Locken|2022-02-16 23:38:09|1|1|10159569391653904|facebook
That is not true! They just you know take your livelihood away! Like freezing bank accounts and yes they silence people as well!|10159571545453904|Kay Katia Dee|2022-02-16 23:37:52|1|1|10159569391653904|facebook
Just like Trudeau accuses Conservatives of standing with ‘people who wave swastikas’ during heated debate in House and then when asked to apologize he disappears.|10159571560943904|Lyn Squires|2022-02-16 23:37:52|1|1|10159569391653904|facebook
It's sad that you've convinced yourself of that. Even the CPC wants the trucks removed, now.|10159569545923904|Richard Evans|2022-02-16 23:38:09|1|1|10159569391653904|facebook
Stick with what program. You are one to throw the insurrection word around. What is your description of Trudeau as a leader. I have been around long enough to see governments come and go but never have I ever witnessed such a fool as the current pm. Acts just like a spoiled child that did not get his own way and could not make every Canadian Citizen respond to his Covid mandates etc. so his response is The emergencies act. Think long and hard about his decision and ask yourself what this country is headed for in the future. He has made a mockery of a democratic society where we should all have the freedom of choice and not given ultimatums. This pandemic will come to an end and eventually become endemic. What next?|10159571747888904|Lyn Squires|2022-02-16 23:37:52|1|1|10159569391653904|facebook
By refusing to follow public health requirements they are endangering people which is not how you treat the least of God's people.|10159570083563904|Steve Hudson|2022-02-16 23:38:24|1|1|10159569391653904|facebook
there was no peaceful protest here. Open your eyes|10159570314503904|Don Purchase|2022-02-16 23:38:24|1|1|10159569391653904|facebook
He did this just too prove his point that he is in control and you listen to me what kind of man is he well not a very good one his mommy must be proud of what she raise a blooming idot|10159569802118904|Arnold Shelp|2022-02-16 23:37:45|0|1|10159569391653904|facebook
What incisive political analysts.|10159569846743904|Marc Cyr|2022-02-16 23:37:53|1|1|10159569391653904|facebook
so you're okay with an insurrection? You're okay with right wing nuts trying to overthrow the government? Speaking of mommy's that must be proud, call your mother.|10159569957248904|Christopher Kennedy|2022-02-16 23:37:53|1|1|10159569391653904|facebook
I can she died. What government we having had none in two years. I guess your ok with what Mr trudum is doing to you call your mommy she probably have some good advice for u|10159569968203904|Arnold Shelp|2022-02-16 23:37:53|1|1|10159569391653904|facebook
You’re right to peacefully protest does not supersede other people’s right to a peaceful environment|10159570158613904|Don Kachur|2022-02-16 23:38:24|1|1|10159569391653904|facebook
Are you American? What do you know about Canada?|10159570131893904|Jennifer Palin|2022-02-16 23:37:53|1|1|10159569391653904|facebook
Sounds like you, at the Globe, won't be happy until the police go in blasting !!! That will make really good news.|10159569686573904|Fern L. McCoy|2022-02-16 23:37:45|0|1|10159569391653904|facebook
he has over 300k followers listening to his dribble each day. Not so red herring.|10159569906038904|Mandy Kinzel|2022-02-16 23:37:51|1|1|10159569391653904|facebook
beginning of what?!? White nationalists taking over Canada? No thanks.|10159569454868904|Philip Standard|2022-02-16 23:38:25|1|1|10159569391653904|facebook
I say it’s a red herring. You say that’s BS and accuse me of being friends with a racist. Not much to argue about. I could try calling you names too, but why bother. Take care.|10159569868198904|Robert Meynell|2022-02-16 23:37:51|1|1|10159569391653904|facebook
That is BS. They deny him publicly then schmooze on stage with him cause he's good at riding up the people. Like it or not, there he is in the middle of it calling for bullets. Your friend and associate. And Tamara is behind the MoU that came out before the border rules even.|10159569857853904|Marc Cyr|2022-02-16 23:37:51|1|1|10159569391653904|facebook
Also, the 16/63 split is a narrowed question about IF this were a primary or exclusive election issue. It's THIS issue, not about general performance.|10159571421963904|Richard Evans|2022-02-16 23:38:09|1|1|10159569391653904|facebook
https:// twitter.com/ TheMarieOakes/ status/ 1494820442112147 457?s=20&t=YTIj xOh9_G9WSkZ4o4J t8w|10159570663193904|Joanne McClelland|2022-02-16 23:37:50|1|1|10159569391653904|facebook
are you kidding though?|10159570755803904|Shannon Corrado|2022-02-16 23:37:50|1|1|10159569391653904|facebook
here is footage of the elderly woman and the veterans being taken down https:// rumble.com/ vv9kju-ottawa-po lice-arrest-eld erly-women-and- others-aggressi vely.html?mref= 7ju1&mrefc=3|10159570797298904|Joanne McClelland|2022-02-16 23:37:50|1|1|10159569391653904|facebook
Rex is deep in the pockets of Alberta oil. Who cares what he says? Are you here is Ottawa? Can I look forward to prison news from Glen?|10159569719608904|Marc Cyr|2022-02-16 23:38:11|1|1|10159569391653904|facebook
lol so what’s your view of this ? Costal gas link in BC had millions of dollars in damage where attacked by 20 people who where armed !!! Is this not terrorism where is the story ? Maybe they should have honked there horns to get The medias attention|10159569722228904|Glen Edwards|2022-02-16 23:38:11|1|1|10159569391653904|facebook
?? I believe all of the videos and evidence of the organizers of this mess spewing out horrific racist rhetoric and it sickens me to see so many blindly following white nationalists! You all love to post your crazy tinfoil hat YouTube videos but I have yet to see the videos of Pat King talking about white power make the rounds.|10159569546988904|Philip Standard|2022-02-16 23:38:25|1|1|10159569391653904|facebook
noone was trampled, nor beaten with butts of guns and veterans were not beaten down and kneed into submission. Disinformation at its worst. Geesh... Illegal protest and taking siege of a capital city has consequences. Protestors and police alike were remarkably calm despite the high emotion. The minority of people who assaulted police, and used incendiary devices ...yup...conseq uences which includes pepper spray.|10159572366858904|Mee Shell|2022-02-16 23:37:50|1|1|10159569391653904|facebook
the words of people who hide their face are meaningless.|10159569540663904|Philly Brick|2022-02-16 23:38:25|1|1|10159569391653904|facebook
Julian Christopher what I wrote is true. I am sure some instances of bad behavior occurred on both sides. Rebel News is completely biased...that being said...even if they show some police evidence of bad behavior...it doesn't negate what I said.|10159573617748904|Richard Cryer|2022-02-23 23:37:50|1|1|10159569391653904|facebook
|10159569737143904|Colin Spencely|2022-02-16 23:38:11|1|1|10159569391653904|facebook
The polls don't suggest that. They all show at least two thirds of Canadians support the government in removing these losers.|10159569673223904|Billy Black|2022-02-16 23:38:09|1|1|10159569391653904|facebook
Who is this 22%? Is that the level of support for the Convoy now?|10159569537388904|Richard Evans|2022-02-16 23:38:25|1|1|10159569391653904|facebook
imagine being so naïve to think that every Canadian puts their political affiliations ahead of critical thinking. Remember the patriots of January 6th found out the hard way.|10159569527153904|Jennifer Coward|2022-02-16 23:38:25|1|1|10159569391653904|facebook
When I'm in government, I'm going to use the Emergencies Act to shut down the Globe and Mail. Why? Because it's operated by a racist, misogynist, far-right fringe group devoted to overthrowing the government. What's my proof? None needed. Trudeau has shown me that it's not required.|10159569768513904|Robert Meynell|2022-02-16 23:37:45|0|1|10159569391653904|facebook
There is no shortage of documentation. We have all seen the MOU and Pat King call for violence|10159569845928904|Marc Cyr|2022-02-16 23:37:51|1|1|10159569391653904|facebook
Pat King is a racist goon who doesn’t represent the protesters. The core organizers have tried to do their best to keep him at a distance. The protest is supported by hundreds of thousands of Canadians (I think it might be millions at this point). Canada doesn’t have that many whacked out white supremacists. To focus on King is a red herring.|10159569850928904|Robert Meynell|2022-02-16 23:37:51|1|1|10159569391653904|facebook
Well excuse me|10159570573363904|Arnold Shelp|2022-02-16 23:37:53|1|1|10159569391653904|facebook
same as u honey|10159570207543904|Arnold Shelp|2022-02-16 23:37:53|1|1|10159569391653904|facebook
, you must be an expert of protests. Why aren’t you down there giving orders.|10159569717383904|Seren Joti Chatterjee|2022-02-16 23:38:24|1|1|10159569391653904|facebook
Yes, Tyrant Trudeau believes it's an emergency when someone disagrees with him.|10159570117718904|Edo Monty|2022-02-16 23:38:22|1|1|10159569391653904|facebook
it was originally called the War Measures Act and was changed in 1988 to the Emergencies Act so same act.|10159570867633904|Lauren Stoyanowski|2022-02-16 23:37:55|1|1|10159569391653904|facebook
"No, it is not the ""same act"". And it wasn't ""changed to"" the Emergencies Act; the Emergencies Act REPLACED the War Measures Act. The Emergencies Act greatly reduced the amount of powers the federal government had, increased the constitutional protections of citizens, greatly limited the scope and time frame federal government could declare an emergency, and provided additional levels of both provincial, and Senate approval requirements. Thinking something is ""the same"" because it replaces something else, is like thinking the automobile is the same as the horse drawn carriage; one replaced the other, but they're not nearly the same."|10159570883103904|Jeff Pozin|2022-02-16 23:37:55|1|1|10159569391653904|facebook
same act. Changed the name and added a couple things.|10159570887593904|Lauren Stoyanowski|2022-02-16 23:37:55|1|1|10159569391653904|facebook
Glen you are delusional. Read up on who was charged and what for.|10159570026578904|Marc Cyr|2022-02-16 23:38:11|1|1|10159569391653904|facebook
Its for emergencies. Look up the the National Defence Act.|10159574367083904|Tim Gorham|2022-02-23 23:37:55|1|1|10159569391653904|facebook
Why do you have American flags on your fb page, but you're commenting on Canadian politics?|10159570120403904|Jennifer Palin|2022-02-16 23:38:22|1|1|10159569391653904|facebook
Globe your soul is sold to the highest bet Justin.|10159569648953904|Mary Fleming Faulkner|2022-02-16 23:37:45|0|1|10159569391653904|facebook
They live in an alternate reality.|10159569640543904|Jennifer Palin|2022-02-16 23:37:48|0|1|10159569391653904|facebook
how many front end loaders and haul trucks did they damage in Ottawa?|10159570652163904|Lauren Stoyanowski|2022-02-16 23:37:55|1|1|10159569391653904|facebook
no, it’s been these Mis-directed simpletons without a real cause!!!!!|10159570295573904|Don Purchase|2022-02-16 23:38:11|1|1|10159569391653904|facebook
It's their choice.|10159570578013904|Hans Kaufeld|2022-02-16 23:37:56|1|1|10159569391653904|facebook
Maybe Trudeau could take another $600 million like he just spent in the last election during the pandemic to share in paying the bills.|10159571591773904|Lyn Squires|2022-02-16 23:38:13|1|1|10159569391653904|facebook
get vaxxed or lose your job is not a choice|10159571355633904|Barbara Bout|2022-02-16 23:37:56|1|1|10159569391653904|facebook
Yes it is. Where everyone is today is a result of all the choices they made in the past, good or bad. Think about that.|10159571494963904|Hans Kaufeld|2022-02-16 23:37:56|1|1|10159569391653904|facebook
coercion is not a choice|10159571497893904|Barbara Bout|2022-02-16 23:37:56|1|1|10159569391653904|facebook
not really, these jokers had plenty of time to leave. They lost the PR fight the second day they occupied the city.|10159569624913904|David Mulcaster|2022-02-16 23:38:07|1|1|10159569391653904|facebook
so being a Canadian patriot is right wing extremism? Sounds like someone moved the goal posts. This has nothing to do with right or left. Just top and bottom.|10159571869063904|Francesco Ciardullo|2022-02-16 23:38:07|1|1|10159569391653904|facebook
Mark MacIntyre be quiet. I simply don’t admire the PM like you do. He’s an irresponsible idiot who just caused massive job loss with his mandates but people like yourself believe his sniveling, cowardly little comments after hurting so many. We’ll have to agree to disagree.|10159571795178904|Lauren Stoyanowski|2022-02-16 23:37:55|1|1|10159569391653904|facebook
- have no issue with police acting on this and it looks like they are. Why deflect from what the protestors in Ottawa are doing?|10159570625023904|Heather Doiron|2022-02-16 23:37:55|1|1|10159569391653904|facebook
"I've seen so many people dismiss the people with swastikas and Confederate flags as ""paid actors"" or ""crisis actors"". The same was claimed about those arrested in Coutts with a large cache of weapons. I wonder if those injured in the police enforcements are also ""crisis actors"" as the baseless claims can cut both ways..."|10159571897918904|Richard Evans|2022-02-16 23:37:46|0|1|10159569391653904|facebook
Remove the trucks and come back on foot like normal protestors. If you can only appear fearsome with giant machinery to occupy space rather than actual people? You're losing.|10159569539778904|Richard Evans|2022-02-16 23:38:24|1|1|10159569391653904|facebook
Emergency measures don’t supersede the right to peacefully protest. It’s how you treat the least of God’s people that matters.|10159569534093904|Seren Joti Chatterjee|2022-02-16 23:37:48|0|1|10159569391653904|facebook
No one would think our PM is so weak that he would use an act meant for a time of war as a political power grab. He needs to step down.|10159569663828904|Lauren Stoyanowski|2022-02-16 23:37:45|0|1|10159569391653904|facebook
the only thing echoing here is your deflection because you have no rebuttal to points made other than red herring fallacy.|10159569726933904|Kurt Ruetters|2022-02-16 23:37:55|1|1|10159569391653904|facebook
https:// www.google.com/ search?q=let+sle eping+dogs+lie+ meaning&rlz=1C5 CHFA_enCA791CA7 94&oq=let&aqs=c hrome.0.69i59j6 9i57j0i67l2j46i 433i512j69i60j6 9i61l2.1453j0j7 &sourceid=chrom e&ie=UTF-8|10159570622383904|Erin Michelle|2022-02-16 23:37:55|1|1|10159569391653904|facebook
Traditional media, what a joke. They only print what they think you should read and hear. So why are you posting on Facebook.|10159571715628904|Lyn Squires|2022-02-16 23:38:23|1|1|10159569391653904|facebook
Andrew Crook Unless it's actually a dandelion. Words are used to define different things. That's kind of what they do. And calling something different than what it actually is, doesn't change its actual properties.|10159569780323904|Jeff Pozin|2022-02-16 23:37:55|1|1|10159569391653904|facebook
, I read about it because it was reported. Most folks are focused elsewhere right now.  While I will never condone violence, I can sure as hell understand it. The RCMP have never hugged it out or passed out leaflets to Wet'suwet'en land defenders who have done nothing except for occupy their own traditional unceded lands... The gov just automatically sent in the militarized RCMP because the protesters weren't the white colour...|10159569754038904|Colin Spencely|2022-02-16 23:38:11|1|1|10159569391653904|facebook
Uh, because I was reading the article. 🤣|10159571728468904|Rolo Tamassi|2022-02-16 23:38:23|1|1|10159569391653904|facebook
I believe it was the people that asked for that election. His platform was getting this pandemic under control and mandates and he still got re-elected . What do you this this seige is going to cost us ?|10159571653473904|Steven Laing|2022-02-16 23:38:13|1|1|10159569391653904|facebook
I have an RCMP post in front of me !!! Despite your love for the left media it clearly states the weapons where in a home and had nothing to do with the convoy !!! Unlike BCs armed thugs|10159569985578904|Glen Edwards|2022-02-16 23:38:11|1|1|10159569391653904|facebook
wow. That was quite a few wrong assumptions.|10159570339533904|Lauren Stoyanowski|2022-02-16 23:37:55|1|1|10159569391653904|facebook
I actually agree that transborder vaccine mandate is probably ineffective. I also know that many protesters, including the original truckers, were sincere in their opposition and they had a right to do so. However, the protest had a very large element of lawlessness and it lost me in the PR effort. To which police tesponded with absolute inaction. In addition, well known secessionists (Lich), representatives of white supremacy (King) and anti government and anti democratic organizations took over its planning, organization and some major financing (not all).|10159572449898904|David Mulcaster|2022-02-16 23:38:07|1|1|10159569391653904|facebook
Little Potato and his deputy Mortisha will pay dearly for letting their dogs loose on Canadians. This is far from over. Sleep well Little Castro.|10159571636028904|Alan Brandon|2022-02-16 23:37:46|0|0|10159569391653904|facebook
"But that's not 16% support for re-election. That's a snapshot about how he is handling the situation. You can still say, ""Wow, he bungled that at first"", but he's still the best option now that he's changed course and cracked down. The remaining 84% can include those who wanted him to be more forceful and harsh. This can be said about the 53% you quote as well! Now that he's taken action and moved against the ""threats to the country"" that number might go down as he looks LESS weak."|10159571411118904|Richard Evans|2022-02-16 23:38:09|1|0|10159569391653904|facebook
acting like this won’t be an election issue is why I think you’re “out of touch” with reality . That all being said, people from Ottawa think they’re “CANADA” soo …. 🤦‍♂️  https:// www.instagram.co m/tv/ CaIr3gOMNlM/ ?utm_medium=copy _link|10159571621768904|Jaxon Locken|2022-02-16 23:38:09|1|0|10159569391653904|facebook
people from Canada can't protest Canada wide issues, because they don't live in the Capital?  No wonder you love the Maple Fuhrer. You'd have blamed the Jwes in Germany for disobedience and justified what happened|10159572028913904|Brendan Doll|2022-02-16 23:38:11|1|0|10159569391653904|facebook
right on!!|10159570014923904|Adrian Strutinsky|2022-02-16 23:38:11|1|0|10159569391653904|facebook
They generally don't know what's going on because they don't watch mainstream news. That's what happens when you live in an alternate universe.|10159570707273904|Michelle Godin|2022-02-16 23:37:46|0|0|10159569391653904|facebook
read Your Charter|10159570384753904|Jane Eliz|2022-02-16 23:38:12|1|0|10159569391653904|facebook
You should say Trudeau government !!!|10159569804453904|Glen Edwards|2022-02-16 23:38:11|1|0|10159569391653904|facebook
really well it’s Canada we should be able to protest what we want !!! Let’s face it if Trudeau would have actually did his job as Leader we wouldn’t be having this chat .|10159570298443904|Glen Edwards|2022-02-16 23:38:11|1|0|10159569391653904|facebook
guess you need the actual law to prove your assumptions wrong again...|10159571224748904|Kevin Hyland|2022-02-16 23:38:13|1|0|10159569391653904|facebook
got love your selective empathy !!! Far left can promote violence but middle left and right can not 🙄|10159569841978904|Glen Edwards|2022-02-16 23:38:11|1|0|10159569391653904|facebook
they’ve been lead down the garden path by infiltrators from Russia|10159570289898904|Don Purchase|2022-02-16 23:38:12|1|0|10159569391653904|facebook
No Brendan. People protest in Ottawa every single day. This is the first protest we've seen where the tactics of deliberate noise torture and intimidation of locals have been seen.|10159572037143904|Marc Cyr|2022-02-16 23:38:11|1|0|10159569391653904|facebook
how would you know your not a regular Canadian you back Trudeau’s ideology!!!|10159572101853904|Glen Edwards|2022-02-16 23:38:11|1|0|10159569391653904|facebook
Rex Murphy: “The most egregious, polarizing agent in this entire protest has been the leader of the country.”|10159569683198904|Glen Edwards|2022-02-16 23:37:46|0|0|10159569391653904|facebook
Is that just because you live in Ottawa they got what they deserve or would you have felt the same if this took place elsewhere. Out of sight out of mind.|10159571705458904|Lyn Squires|2022-02-16 23:38:19|1|0|10159569391653904|facebook
"I was being sarcastic. I do not agree at all with what Trudeau did to stop the issues in Ottawa. The pandemic was never about the science it was purely political. Food for thought. ""Freedom is never more than one generation away from extinction. We didn't pass it to our children in the bloodstream. It must be fought for, protected and handed on for them to do the same, or one day we will spend our sunset years telling our children and our children's children what it was once like in the United States where men were free."" Not Trumpism but a quote from Ronald Reagan."|10159571684318904|Lyn Squires|2022-02-16 23:38:13|1|0|10159569391653904|facebook
Yes, the fascist occupiers in the PMO and his cult of brownshirts.|10159570110613904|Edo Monty|2022-02-16 23:38:14|1|0|10159569391653904|facebook
Get your eyes checked. Or are you living in a tyrant cultist delusion? There are no flags on my page.|10159570122238904|Edo Monty|2022-02-16 23:38:22|1|0|10159569391653904|facebook
They don't believe anything is real.|10159569952268904|David Newman|2022-02-16 23:37:48|0|0|10159569391653904|facebook
They did not realize their prime minister was a tyrant.|10159572331843904|Peter Walls|2022-02-16 23:37:48|0|0|10159569391653904|facebook
That is not unexpected given the inaction of the police over the past few weeks.|10159569576978904|Colin Crow|2022-02-16 23:37:48|0|0|10159569391653904|facebook
That's the thing about the truth, belief is not a requisite!|10159569596183904|Michael Patterson|2022-02-16 23:37:48|0|0|10159569391653904|facebook
They are delusional.|10159569527658904|Sancosta V Sum|2022-02-16 23:37:48|0|0|10159569391653904|facebook
Maybe because the invoking was real, but the actual requirements to invoke it weren't? They thought that Truth and Good governance would prevail....look s like this is the beginning of the True North, Strong and not quite free.....|10159570063273904|Daniel O'Keefe|2022-02-16 23:37:48|0|0|10159569391653904|facebook
don’t forget Facebook!|10159569446873904|Philip Standard|2022-02-16 23:38:23|1|0|10159569391653904|facebook
You need to include bitchute and rumble as well.|10159569708493904|Leslie Kruger|2022-02-16 23:38:23|1|0|10159569391653904|facebook
don't forget Rebel News and Telegram!🤣😂|10159569864428904|Kyle Chatzis-Fox|2022-02-16 23:38:23|1|0|10159569391653904|facebook
the media demonized themselves|10159571730983904|Ryan Jon|2022-02-16 23:38:23|1|0|10159569391653904|facebook
can you imagine the vast country beyond your four walls, or no ? You chose the capitol of Canada as your home, yet you think peaceful protests are threats to your peace. One day, they’ll come for you too.|10159570418798904|Seren Joti Chatterjee|2022-02-16 23:38:24|1|0|10159569391653904|facebook
I have no idea what you mean. The only violence I’ve seen was a flag dragged.|10159570420588904|Seren Joti Chatterjee|2022-02-16 23:38:24|1|0|10159569391653904|facebook
Just show how Ignorant they Truly are.|10159569788808904|John Randle|2022-02-16 23:37:48|0|0|10159569391653904|facebook
I believe there was government stupidity involved here, but only in that it took so long to get rid of the protesters|10159570316498904|Don Purchase|2022-02-16 23:38:24|1|0|10159569391653904|facebook
Thank you police!|10159569767328904|Scott Anderson|2022-02-16 23:37:48|0|0|10159569391653904|facebook
you believe Trudeau? Prayers for you.|10159569538868904|Philly Brick|2022-02-16 23:38:25|1|0|10159569391653904|facebook
doesn’t make them right. May god have mercy on your soul.|10159569539738904|Philly Brick|2022-02-16 23:38:25|1|0|10159569391653904|facebook
he is talking about the people who chose not to get the vaccine. The 22% who could have ended all of the mandates and restrictions much earlier if they had been vaccinated which in turn would have given our hospitals some breathing room to recover.|10159569540303904|Philip Standard|2022-02-16 23:38:25|1|0|10159569391653904|facebook
nah dude every one on my friends lists sees my content. It’s locked down to keep creepy conservatives out. Apparently it’s working.|10159569575958904|Jennifer Coward|2022-02-16 23:38:25|1|0|10159569391653904|facebook
if you are talking about the unvaccinated it is really only about 10% of adults|10159569606033904|Christine Campigotto|2022-02-16 23:38:25|1|0|10159569391653904|facebook
definitely. Those videos of white nationalist Pat King the organizer of the Freedumb convoy must be fake. Oh wait…|10159569758608904|Philip Standard|2022-02-16 23:38:25|1|0|10159569391653904|facebook
So you support the tyranny of the 10%.|10159569839483904|Debra Yundt|2022-02-16 23:38:25|1|0|10159569391653904|facebook
that’s because the ELECTiON provides the evidence they are a minority|10159570319698904|Don Purchase|2022-02-16 23:38:25|1|0|10159569391653904|facebook
Dumbasses. Play stupid games and win stupid prizes|10159569464363904|Christine Maltman|2022-02-16 23:37:48|0|0|10159569391653904|facebook
Media is bought and paid for, but TURDeaus own words.|10159575154933904|Larry T Warde|2022-02-23 23:37:48|0|0|10159569391653904|facebook
Alternate fact reality.|10159572245738904|David More|2022-02-16 23:37:48|0|0|10159569391653904|facebook
Unsurprisingly, the truckers were pretty gullible.|10159570651263904|David Fowler|2022-02-16 23:37:48|0|0|10159569391653904|facebook
totally agree|10159570309278904|Don Purchase|2022-02-16 23:38:21|1|0|10159569391653904|facebook
likely given all the off ramps from the 417 highway in Ottawa as well as the bridges in to downtown have been shut down by police, my partner who works across from parliament and is an essential employee was ordered to stay home today as were all his colleagues, and they’ve shut down the O train in to the city.|10159569804098904|Nicole LeBlanc|2022-02-16 23:38:21|1|0|10159569391653904|facebook
just because you choose not to believe what residents have been going through, doesn't mean it's not happening. This isn't a movement you've been conned to think it is.|10159569750783904|Dawn Scott-connolly|2022-02-16 23:38:17|1|0|10159569391653904|facebook
no it’s not! You don’t take away people’s freedom while demanding it. That’s hypocrisy.|10159570300183904|Don Purchase|2022-02-16 23:38:14|1|0|10159569391653904|facebook
Oh, you mean because incompetent planning, resources, etc., due to government bumbling and corruption? Is that what you are mumbling about?|10159573435398904|Edo Monty|2022-02-23 23:38:14|1|0|10159569391653904|facebook
Thank you Ottawa police for listening to the voices of Ottawans and clearing the deluded from our streets.|10159570036553904|Marc Cyr|2022-02-16 23:38:15|1|0|10159569391653904|facebook
I agree that Trudeau was incompetent in dealing with these anarchists|10159570297858904|Don Purchase|2022-02-16 23:38:15|1|0|10159569391653904|facebook
.. are you seriously repeating Candice Bergen's talking points word for word?|10159570328988904|David Gosewitz|2022-02-16 23:38:15|1|0|10159569391653904|facebook
Are you seriously repeating every nauseating narrative from the Liberal government and the bought off MSM. Air in the head but nice socks though.|10159574139828904|Chuck Audette|2022-02-23 23:38:15|1|0|10159569391653904|facebook
We are boycotting all the food that the truckers at the borders are not bringing.|10159570160248904|Don Kachur|2022-02-16 23:38:16|1|0|10159569391653904|facebook
wtf does that mean?|10159570162013904|Don Kachur|2022-02-16 23:38:16|1|0|10159569391653904|facebook
ok Bubba|10159570571883904|Kevin Rurka|2022-02-16 23:38:16|1|0|10159569391653904|facebook
hence my first comment.. lol|10159571558158904|Kevin Rurka|2022-02-16 23:38:16|1|0|10159569391653904|facebook
it hasn't been completely peaceful! Listen to stories coming out from Ottawa residents. Tell me if you'd be cool listening to blow horns 24/7 . Or the smell of diesel constantly. Or being assaulted/ harassed for wearing a mask|10159569693823904|Dawn Scott-connolly|2022-02-16 23:38:17|1|0|10159569391653904|facebook
We are all glad to see the ivermectin insurrection end. People in Ottawa hope to see it end with fire hoses. Why? Because regardless of what you people believe it has been the most abuse this city has ever seen.|10159569725058904|Marc Cyr|2022-02-16 23:38:17|1|0|10159569391653904|facebook
she doesn't care what you or other Canadians have had to endure. She just cares about her own privileges|10159569764673904|Dawn Scott-connolly|2022-02-16 23:38:17|1|0|10159569391653904|facebook
you can check YouTube for live streams or watch some non Canadian news stations. Fox news will show video of the lone confederate flag guy being forced to leave by the crowd. (But I don’t endorse Fox news as a whole who can be just as biased as our own media when the agenda suits them).|10159569704523904|Nicole LeBlanc|2022-02-16 23:38:21|1|0|10159569391653904|facebook
it is NOT peaceful to verbally assault people for wearing masks. Or to block an entire Capital City. That is anarchy|10159570302738904|Don Purchase|2022-02-16 23:38:17|1|0|10159569391653904|facebook
aaaand the protesters are trying to disarm and fight the cops. Maybe they're not quite as noble as you pretend they are.|10159570335188904|David Gosewitz|2022-02-16 23:38:17|1|0|10159569391653904|facebook
"After 3 weeks of ""patriot"" partying & dancing, cultural appropriation, stereos. Shouting. hot tubs, entertainment, horn honking, noise disturbance and exhaust pollution, urination in public,, and more, it was time to wrap it up.. Your so called self entitled patriots were politely and repeatedly asked to leave what had morphed into a prolonged and illegal occupation. And don't fool yourself, the separatist white supremacists in the mix did not come to talk to the PM. They came to insult & malign. It appears that many others came to do the same. For real action on mandates, contact your provincial premier or local medical officer of health. They have been calling the shots all along."|10159571248523904|Kevin Hyland|2022-02-16 23:38:17|1|0|10159569391653904|facebook
Hahaha. It is a police action supported by a majority of Canadians. Move south. Move waaaay south.|10159569718588904|Marc Cyr|2022-02-16 23:38:18|1|0|10159569391653904|facebook
Studied at several schools. Did you actually graduate? Some people are educated beyond their intelligence.|10159570444963904|Katharine Hodge|2022-02-16 23:38:18|1|0|10159569391653904|facebook
Hello Don, how are you doing? can you send me a friend request i want to know more about you|10159571376853904|Sharon Bailey|2022-02-16 23:38:19|1|0|10159569391653904|facebook
Oh, 'just following orders', right?|10159573436578904|Edo Monty|2022-02-23 23:38:19|1|0|10159569391653904|facebook
I feel sorry for you|10159574896053904|Alexandra Boyd|2022-02-23 23:38:20|1|0|10159569391653904|facebook
Thanks Alexandra. I have had a terrible headache these last three weeks.|10159574926718904|Marc Cyr|2022-02-23 23:38:20|1|0|10159569391653904|facebook
100% everyone has rights|10159570750673904|Yves Simard|2022-02-16 23:38:20|1|0|10159569391653904|facebook
Whoever was leading them was misleading them, telling them that whatever the police said they didn't have to comply! How'd that work out for them? SHEEPLE!|10159573531528904|Bill Graham|2022-02-23 23:37:48|0|0|10159569391653904|facebook
nope. Free food tables set up and people playing street hockey.|10159569695603904|Nicole LeBlanc|2022-02-16 23:38:21|1|0|10159569391653904|facebook
About that poll... what Canadians are pissed about is that Trudeau didn't call in the army two weeks ago. Look at the rest of the poll. 20% of Canadians support the occupiers. 80% DON'T. https:// www.marugroup.ne t/ public-opinion-p olls/canada|10159570869743904|Marc Cyr|2022-02-16 23:38:09|1|0|10159569391653904|facebook
they all aren’t getting arrested. They have had plenty of warnings. It’s time to grow up.|10159569847953904|Neil Lewis|2022-02-16 23:38:05|1|0|10159569391653904|facebook
You attended a lot of schools...don't see much evidence any education was accomplished.|10159570440813904|Katharine Hodge|2022-02-16 23:38:09|1|0|10159569391653904|facebook
lol that is still a deadly force .|10159569898303904|Peter Mesi|2022-02-16 23:37:57|1|0|10159569391653904|facebook
|10159571433288904|Alice Van Wart|2022-02-16 23:37:56|1|0|10159569391653904|facebook
end the vax pass is the big one. If you don’t get how important that is then you are not paying attention.|10159570822663904|Barbara Bout|2022-02-16 23:37:56|1|0|10159569391653904|facebook
what cause.|10159570290568904|Mabel Moskal|2022-02-16 23:37:56|1|0|10159569391653904|facebook
oh you sound so high and mighty. Yet these protesters are committing insurrection downtown Ottawa|10159570307568904|Don Purchase|2022-02-16 23:37:55|1|0|10159569391653904|facebook
That must be why the Globe always support conservatives at election time. Read more. It helps.|10159569717278904|Marc Cyr|2022-02-16 23:37:55|1|0|10159569391653904|facebook
I know what it is and Sockboy didn’t need to use it.|10159574368963904|Lauren Stoyanowski|2022-02-23 23:37:55|1|0|10159569391653904|facebook
?|10159570920453904|Lauren Stoyanowski|2022-02-16 23:37:55|1|0|10159569391653904|facebook
"Added things. Subtracted other things. Added a bunch of restrictions, put in some additional safeguards, added some oversight, threw in a bunch more conditions.. Essentially re-worked it's so there's four distinct different levels... But other than the words, and the title... Same piece of legislation. 🙄 Oh. Just. Stop. Seriously. Read them both. It's not even close to ""the same Act""."|10159570904598904|Jeff Pozin|2022-02-16 23:37:55|1|0|10159569391653904|facebook
Heather Dorian So there was no damage and you can’t answer the question and so you circle around to deflect.|10159570691503904|Lauren Stoyanowski|2022-02-16 23:37:55|1|0|10159569391653904|facebook
- so your view is unless people do damage to property they should not be arrested for breaking the law? By that logic, they should be able to walk into your house, and just live there as long as they want, doing whatever they want, because it’s not being violent or damaging anything. Unfortunately, that seemed to be the logic of those at the protest which is why today happened.|10159570671508904|Heather Doiron|2022-02-16 23:37:55|1|0|10159569391653904|facebook
Trying to over throw a democratic elected government is anarchy and should not be tolerated. Didn't you learn anything in school?|10159570577453904|Hans Kaufeld|2022-02-16 23:37:55|1|0|10159569391653904|facebook
you meanie. You scairt off the delicate Libtards. Other's of us want a crack at their delusions. 😉|10159570453888904|Jon Smith|2022-02-16 23:37:55|1|0|10159569391653904|facebook
Absolutely!! A very weak leader. I’m just surprised so many MPs are supporting him.|10159570389598904|Roberta Hall|2022-02-16 23:37:55|1|0|10159569391653904|facebook
that was actual violence. What’s happening in Ottawa is not.|10159570056983904|Lauren Stoyanowski|2022-02-16 23:37:55|1|0|10159569391653904|facebook
you cannot comply your way out of tyranny. Rebuke, deny, do not comply!|10159569896963904|Jon Smith|2022-02-16 23:37:55|1|0|10159569391653904|facebook
the cause is keeping our freedoms but when you lose them it eill be too late|10159571675058904|Dayle Vasconcelles|2022-02-16 23:37:56|1|0|10159569391653904|facebook
Spoken like a good little fascist.|10159570113988904|Edo Monty|2022-02-16 23:37:57|1|0|10159569391653904|facebook
There was NO VIOLENCE while the police removed the fuel, unless it was on the part of the protesters. Nice try though. . .|10159569787673904|Mary Jo Welch|2022-02-16 23:37:55|1|0|10159569391653904|facebook
one day, they will be knocking on your door Mark.|10159570827878904|Henry Grierson|2022-02-16 23:37:57|1|0|10159569391653904|facebook
. 1st you mean Poll right. Pole means something different all togetherm. And which Poll are you talking about?|10159570239223904|Marcos Aero|2022-02-16 23:38:00|1|0|10159569391653904|facebook
the pole shows at 2/3 of Canadians want the trucks removed. That leaves 1/3 on your side. 1/3 is not a majority|10159570200713904|Don Kachur|2022-02-16 23:38:00|1|0|10159569391653904|facebook
No most Canadians do not agree with you|10159570198423904|Don Kachur|2022-02-16 23:38:00|1|0|10159569391653904|facebook
What is the protest about?|10159570169413904|Don Kachur|2022-02-16 23:38:00|1|0|10159569391653904|facebook
isn't that what you just did 🤣😅😅🤣😅🤣😅🤣😅??? ?|10159569909463904|Marcos Aero|2022-02-16 23:38:00|1|0|10159569391653904|facebook
"Yeah, no. That basically places me in the position of finding something, only to be told it doesn't meet ""your"" criteria. If you're placing yourself in the position of judging sufficiency, then you have to set the standard to be met Otherwise you can just keep saying ""nope, find another source"""|10159569886898904|Richard Evans|2022-02-16 23:38:00|1|0|10159569391653904|facebook
post anything.... that proves your point. Wait what is your point exactly???!!!|10159569882513904|Marcos Aero|2022-02-16 23:38:00|1|0|10159569391653904|facebook
... you misunderstand me.  Trudeau ain't my pick and never was, but he was elected according to the law of the land.  Hated Harper, but I didn't drive to Ottawa to make a nuisance of myself asking him to resign...  canada-unity.co m https:// canada-unity.com / › ...PDF Introduction to The Memorandum of Understanding (MOU) CALL TO ...|10159569875878904|Colin Spencely|2022-02-16 23:38:00|1|0|10159569391653904|facebook
That's the website that everyone is quoting from about Trudeau having 16% support. If you don't believe this number, then you can't believe the other.|10159569840208904|Richard Evans|2022-02-16 23:38:00|1|0|10159569391653904|facebook
soooo true|10159570280628904|Don Purchase|2022-02-16 23:37:59|1|0|10159569391653904|facebook
you are a sheep|10159575155848904|Larry T Warde|2022-02-23 23:37:58|1|0|10159569391653904|facebook
Wow. And clueless mor..s like you vote in our elections. Scary thought|10159572830848904|Richard Husar|2022-02-16 23:37:58|1|0|10159569391653904|facebook
Are you delusional? These are regular working people who just want to be heard, like we all do. Trudeau and his globalist pals are acting like fascists.|10159570816613904|Anthony Hill|2022-02-16 23:37:58|1|0|10159569391653904|facebook
maybe the lift wing is out of short by want I'm seening and hearing it sound like it|10159570559518904|Arnold Shelp|2022-02-16 23:37:58|1|0|10159569391653904|facebook
And China will love you as well.|10159571566268904|Lyn Squires|2022-02-16 23:37:57|1|0|10159569391653904|facebook
So, you're a western separatist. Lovely. Your hate for this country is palpable. You don't care about CANADA. You care about your selfish ill-conceived entitlements.|10159569789708904|Mary Jo Welch|2022-02-16 23:37:55|1|0|10159569391653904|facebook
Mark MacIntyre parked trucks are violent? Police got a bit violent and stole some gas. Anyway, ramble on elsewhere.|10159569740668904|Lauren Stoyanowski|2022-02-16 23:37:55|1|0|10159569391653904|facebook
a dictator is Putin. How do you think HE would deal with them? Stop being so niave!!!!!|10159570293568904|Don Purchase|2022-02-16 23:38:09|1|0|10159569391653904|facebook
"""But they honked their horns"""|10159569771443904|Brent Iampen|2022-02-16 23:37:51|1|0|10159569391653904|facebook
In the video, the elderly lady with the walker trampled by the horses is a Mohawk Clan Mother. There will be a lawsuit for all the First Nations people hurt or arrested as they are exempt from prosecution.https:// twitter.com/i/ status/ 1495546875218386 949|10159574546533904|Joanne McClelland|2022-02-23 23:37:50|1|0|10159569391653904|facebook
Did the Globe give much coverage to the following story ? Real violence and vandalism...as occurred all last summer across western Canada. A Coptic Christian Church was also burnt to the ground in Surrey BC by leftist radicals a few months back ... OK by you ? Leave Ontario very often ???  This is recent... barely mentioned as the smear against the truckers continues.  https:// vancouversun.com /news/ local-news/ rcmp-devote-40-i nvestigators-to -attack-at-coas tal-gaslink-wor k-site?utm_medi um=Social&utm_s ource=Facebook& fbclid=IwAR0EeZ BP93FiNHioeMo9K wFuvB058M9RZRuu UH8jL_HOb5qtIZR njeEIu6s#Echobo x=1645237774|10159574477713904|Kevin Goodwin|2022-02-23 23:37:50|1|0|10159569391653904|facebook
you're saying the live videos were faked? Now that's quite the project.|10159574452538904|Matthew Lemon|2022-02-23 23:37:50|1|0|10159569391653904|facebook
Well comparisons do not make things right or wrong. Absent the comparison to the correctness of indigenous protests ( and each of these should be judged independently) this fiasco falls at the feet of the most divisive Canadian in history. Notice I stated Canadian not just PM.|10159574159223904|Chuck Audette|2022-02-23 23:37:50|1|0|10159569391653904|facebook
I didn't see any of this. The truckers were treated so much better than a lot of other people that have protested in Canada over the years. The truckers had their time....made their message through a mostly peaceful protest....were treated mostly well by the police who worked to remove them.....time for the.protesters to go home|10159572545313904|Richard Cryer|2022-02-16 23:37:50|1|0|10159569391653904|facebook
do you have evidence of what you wrote?|10159571711128904|Fiona McFarlane|2022-02-16 23:37:50|1|0|10159569391653904|facebook
were you there?|10159571688353904|Janet Martinez|2022-02-16 23:37:50|1|0|10159569391653904|facebook
you sure a have vivid imagination.|10159571520668904|Gail Reichert|2022-02-16 23:37:50|1|0|10159569391653904|facebook
so, this is all about CHOICE . The choice to protest The choice to get vaxxed or not vaxxed The choice to be a part of an occupation The choice to stand up to police The choice to refuse a direct order to leave. Now that choice goes to the police as they now have the choice to pepper spray you. You resist arrest, you made that choice I doubt you enjoyed the consequences. You got arrested, also your choice. You're going to jail? Oops you chose that outcome. Man or woman, if you're in a place you've been directed to leave, you chose to get sprayed.|10159571267838904|Brenda Leigh|2022-02-16 23:37:50|1|0|10159569391653904|facebook
they also don't read or listen. They were warned and given plenty of time to remove illegal blockades and squatters camps|10159571191993904|Kevin Hyland|2022-02-16 23:37:50|1|0|10159569391653904|facebook
"dry your eyes. After 3 weeks of ""patroit"" partying including dancing, cultural appropriation, hot tubs, entertainment, horn honking, toxic pollution and much more, it was time to make it a wrap. Your patriots were politely and repeatedly asked to leave what had morphed into a prolonged and illegal occupation. And don't fool yourself, the white supremacists in the mix did not come to talk to the PM. They came to insult & malign. It appears that many others came to do the same. For real action on mandates, contact your provincial premier or local medical officer of health. They have been calling the shots all along."|10159570816208904|Patricia Finch|2022-02-16 23:37:50|1|0|10159569391653904|facebook
"sorry, I meant you must be joking that the ""patriots were not violent"". Give me a break lady."|10159570799148904|Shannon Corrado|2022-02-16 23:37:50|1|0|10159569391653904|facebook
What were you watching ??? The police did an exemplary job getting those trucks out while people dragged their kids to the line. How disgusting is that??|10159570739458904|Diane Fanning Leakey|2022-02-16 23:37:50|1|0|10159569391653904|facebook
https:// twitter.com/i/ status/ 1494737475541291 008|10159570657913904|Joanne McClelland|2022-02-16 23:37:50|1|0|10159569391653904|facebook
Shocker- everyone has cell phones and video as well as the free media,- True North, CounterSignal and Canadian Civil Liberties TCW. Videos galore. As well as 22 Civil Liberties Canadian Lawyers.|10159570654643904|Joanne McClelland|2022-02-16 23:37:50|1|0|10159569391653904|facebook
Just to note the elderly lady trampled by the horses is a Clan Mother of the Mohawk Nation. This was a diversified crowd, The Canadian Sikh Federation was there as well. Every religion, every race, every culture, and there were no weapons and no violence. The violence came from the police. The tweets and pictures that have gone viral are from the officers laughing and joking about how much fun they had. How they are being paid overtime big bucks so they drag it out for money. They enjoyed boot stomping the protesters then returning to the Chateau Laurier to lavish suites fit for royalty.|10159574561133904|Joanne McClelland|2022-02-23 23:37:50|1|0|10159569391653904|facebook
Well said.|10159569862818904|Brad Peterson|2022-02-16 23:37:51|1|0|10159569391653904|facebook
Mark MacIntyre you really worked up a head of steam there. Beautiful ramble.|10159569730653904|Lauren Stoyanowski|2022-02-16 23:37:55|1|0|10159569391653904|facebook
Honk honk|10159569869718904|Marc Cyr|2022-02-16 23:37:51|1|0|10159569391653904|facebook
OK buds|10159569727628904|Lauren Stoyanowski|2022-02-16 23:37:55|1|0|10159569391653904|facebook
it is now with the suspension of sections of our Constitution that defines what our Charter Rights were.|10159569597368904|Michael H Stenz|2022-02-16 23:37:54|1|0|10159569391653904|facebook
everyone that comes here thinks they have died and gone to heaven rob a bank two years kill someone a slap on the wrist|10159569564273904|Art Graham|2022-02-16 23:37:54|1|0|10159569391653904|facebook
"lol you can't call every gathering of people an ""insurrection"", especially non-violent gatherings"|10159572016553904|Brendan Doll|2022-02-16 23:37:53|1|0|10159569391653904|facebook
"if that was protesters say for a living wage, rights for mentally ill and disabilities, or blm, you would have been saying"" they were warned"". Use all force necessary."|10159571916328904|Eric Whitelaw|2022-02-16 23:37:53|1|0|10159569391653904|facebook
Heeheehee. Pattyflake is in jail. We'll see what charges arise from advising one's followers to kill the prime minister.|10159570493188904|Marc Cyr|2022-02-16 23:37:53|1|0|10159569391653904|facebook
Better than any of the drivel you spout.|10159570112058904|Edo Monty|2022-02-16 23:37:53|1|0|10159569391653904|facebook
If you’d read my retort you’d see I thought he’s a bit of a weiner. I can think back to Stephen Harper as another “fine” example of a glorious PM. Who ever is in the PM’s office will never be wonderful. Because there are people like you and I, and everyone else, who are never content with whom ever is that office, whatever colour tie they are wearing. If you and I are to change everything to perfection, then you and I should run for office. When we win, every situation will be cakes and ales across the board. The job is simple, anyone can do it.|10159572302528904|Pete Bjerkelund|2022-02-16 23:37:52|1|0|10159569391653904|facebook
for supporting an illegal occupation of a city and calling for elected leaders to be strung up because they say so (from the likes of terrible individuals like Pat King)? For sure. Thousands have died to make sure we have these rights and freedoms in a democracy. Does it run perfectly every time? no. Is our Prime Minister a bit of a weiner? Yes. Should we allow insurrection guided by hate groups and white power nationalists? No.|10159571708068904|Pete Bjerkelund|2022-02-16 23:37:52|1|0|10159569391653904|facebook
All parties agreed unanimously to postpone the debate. And even your CPC cheerleaders also say you need to be removed. Follow the real news.|10159570495808904|Marc Cyr|2022-02-16 23:37:52|1|0|10159569391653904|facebook
provincial orders are already in place.|10159570297418904|Steven Laing|2022-02-16 23:37:52|1|0|10159569391653904|facebook
And I’ll freeze the bank accounts of all subscribers. Clearly it would be an issue of national security.|10159574895858904|Robert Meynell|2022-02-23 23:37:51|1|0|10159569391653904|facebook
exactly. Everyone kept telling me about the media slant for years but was not able to see what they were talking about. Until the convoy. My eyes are open now. 👀|10159574043903904|Mandi Marshall|2022-02-23 23:37:51|1|0|10159569391653904|facebook
exactly!! Prime example. I’m sure you’re not alone. Thank you for sharing your perspective.|10159574036348904|Robert Meynell|2022-02-23 23:37:51|1|0|10159569391653904|facebook
I just looked at his Feb 1 YouTube video to see if that was true. Yes, almost 400k views. Not each day, but I’ll grant you that’s a huge number. I’m afraid by looking I just added one more view.  Mind you, there is nothing racist in that particular video and one can hope that most people don’t know about his past. I only know about him at all because mainstream media reported on his racism, so it’s possible many people who follow him now didn’t hear his earlier racist rants and watch him for his anti-mandate message only.  In my experience of Canadians, it’s not easy to find people who believe there’s a global conspiracy to wipe out “the white race.”  In contrast, I know a lot of people who think the mandates violate our fundamental rights.  It seems like the stated purpose of the protests is more than likely the actual purpose.  King is just an opportunist jumping on the bandwagon and bringing his abhorrent views with him.|10159569923228904|Robert Meynell|2022-02-16 23:37:51|1|0|10159569391653904|facebook
, Pat. King. Who was just arrested! Hooray!|10159570270083904|Colin Spencely|2022-02-16 23:38:00|1|0|10159569391653904|facebook
sad but true|10159570279818904|Don Purchase|2022-02-16 23:38:00|1|0|10159569391653904|facebook
what is common knowledge exactly???? Clarify? Making empty statements is senseless and it would be behoof you to make statements in proper discussion.|10159571375863904|Marcos Aero|2022-02-16 23:38:00|1|0|10159569391653904|facebook
Man beats dog and blames police who make him stop.|10159569722278904|Marc Cyr|2022-02-16 23:38:07|1|0|10159569391653904|facebook
Well no one ever accused them of being the sharpest tools in the shed…|10159571282903904|Daphne Hogan|2022-02-16 23:37:46|0|0|10159569391653904|facebook
"Food for thought. ""Freedom is never more than one generation away from extinction. We didn't pass it to our children in the bloodstream. It must be fought for, protected and handed on for them to do the same, or one day we will spend our sunset years telling our children and our children's children what it was once like in the United States where men were free."" Not Trumpism but a quote from Ronald Reagan. The same can be said for Canada."|10159571710503904|Lyn Squires|2022-02-16 23:37:46|0|0|10159569391653904|facebook
yes? That’s what I said|10159571921263904|Helen Whyte|2022-02-16 23:38:06|1|0|10159569391653904|facebook
, just curious, where might you be interested in moving to?|10159570962063904|Verna Vee Adolf|2022-02-16 23:38:05|1|0|10159569391653904|facebook
Very clear to me and correct too!|10159570756883904|Kathy Curtis|2022-02-16 23:38:05|1|0|10159569391653904|facebook
And Trump’s buddy, the “My Pillow” guy. There’s a right wing radical kook for you!|10159570755888904|Kathy Curtis|2022-02-16 23:38:05|1|0|10159569391653904|facebook
https:// www.google.com/ search?q=let+sle eping+dogs+lie+ meaning&rlz=1C5 CHFA_enCA791CA7 94&oq=let&aqs=c hrome.0.69i59j6 9i57j0i67l2j46i 433i512j69i60j6 9i61l2.1453j0j7 &sourceid=chrom e&ie=UTF-8|10159570621198904|Erin Michelle|2022-02-16 23:38:05|1|0|10159569391653904|facebook
I have brought King's advising assassination to the attention of maybe 100 different occupation supporters (with video of him saying it). So far one occupation supporters has denounced him. One. So according to my survey, 1% of ivermectin insurrectionist s are opposed to political violence.|10159570500343904|Marc Cyr|2022-02-16 23:38:05|1|0|10159569391653904|facebook
democracy is an illusion, it always was but we were too blind to recognize it.|10159570149988904|Sonia Rodrigues|2022-02-16 23:38:05|1|0|10159569391653904|facebook
no. Only the ones that are violent|10159570137823904|Don Kachur|2022-02-16 23:38:05|1|0|10159569391653904|facebook
who would think that a bunch of friggin idiots would try and overthrow our government. Lock them all up.|10159569955768904|Christopher Kennedy|2022-02-16 23:38:05|1|0|10159569391653904|facebook
The truckers MOU includes overthrowing our duly elected government. Fxck these foreign funded yeehawdists. Hard.|10159569916408904|Jerry Chong|2022-02-16 23:38:05|1|0|10159569391653904|facebook
I said the bar was low.|10159569908233904|Sarah Berneche|2022-02-16 23:38:05|1|0|10159569391653904|facebook
very correct proud of my Country ashamed of the government !|10159569897538904|Peter Mesi|2022-02-16 23:38:05|1|0|10159569391653904|facebook
imagine a world where actions have consequences? 😆😆|10159569846838904|Neil Lewis|2022-02-16 23:38:05|1|0|10159569391653904|facebook
yeah like judgemental douches on the Internet who clearly haven’t listened either|10159574897433904|Alexandra Boyd|2022-02-23 23:38:06|1|0|10159569391653904|facebook
the government started it.|10159570713368904|Francesco Ciardullo|2022-02-16 23:38:07|1|0|10159569391653904|facebook
So how much of a laugh will you be having when the restrictions and the mandates come back into play. He who laughs last, laughs best.|10159571583273904|Lyn Squires|2022-02-16 23:38:00|1|0|10159569391653904|facebook
right wing extremists not only started it but led it.|10159571336168904|David Mulcaster|2022-02-16 23:38:07|1|0|10159569391653904|facebook
Yeehawdists!!!|10159570024728904|Marc Cyr|2022-02-16 23:38:09|1|0|10159569391653904|facebook
So, the foreign funded yeehawdists, who's MOU includes overthrowing our duly elected government are not having a temper tantrum? Interesting take....|10159569918598904|Jerry Chong|2022-02-16 23:38:09|1|0|10159569391653904|facebook
if you’re going to be a Bigot, please call them racist misogynists. K bro?|10159569901088904|Jaxon Locken|2022-02-16 23:38:09|1|0|10159569391653904|facebook
They are delusional. Cops are coming to give them a dose of reality lol #LOCKTHEMUP|10159569741958904|Bonnie Cull|2022-02-16 23:38:09|1|0|10159569391653904|facebook
They are delusional. Cops are coming to give them a dose of reality lol #LOCKTHEMUP|10159569735653904|Bonnie Cull|2022-02-16 23:38:09|1|0|10159569391653904|facebook
|10159569733908904|Colin Spencely|2022-02-16 23:38:09|1|0|10159569391653904|facebook
And thus you prove the point if the article. You are in lala land and no one cares about your sad lack of understanding of the law.|10159569714288904|Marc Cyr|2022-02-16 23:38:09|1|0|10159569391653904|facebook
Never said they supported the temporary EMA. Stop moving the goalposts. I stated that the CPC has called for the removal of the trucks. This is a good move as public opinion shifts away from that aspect of the Protest.|10159569704348904|Richard Evans|2022-02-16 23:38:09|1|0|10159569391653904|facebook
"That 16% is not Party Support, but support for Trudeau's handling of ""this"" event. And those remaining 84% can contain and include those people who wanted him to move faster and harder against the Occupation."|10159569695853904|Richard Evans|2022-02-16 23:38:09|1|0|10159569391653904|facebook
Time to put the conservative party on a terrorist watch list #LOCKTHEMUP|10159569645838904|Bonnie Cull|2022-02-16 23:38:09|1|0|10159569391653904|facebook
I love drinking insurrectionist tears in the morning #LOCKTHEMUP|10159569645243904|Bonnie Cull|2022-02-16 23:38:09|1|0|10159569391653904|facebook
So naive and gullible you are.|10159573429628904|Edo Monty|2022-02-23 23:38:08|1|0|10159569391653904|facebook
A libertarian is just like a housecat. Thinks he's all strong and self sufficient but is totally dependent on a complex system he doesn't understand.|10159573426968904|Marc Cyr|2022-02-23 23:38:07|1|0|10159569391653904|facebook
aside from King who is a total goof, what’s the problem with the others. I’m a libertarian so secession and limited government sound fantastic.  I do agree that the PR nonsense wasn’t necessary. Organic grassroots was always the preferred choice. However what they did ended up sparking the Canadian spirit.|10159572454203904|Francesco Ciardullo|2022-02-16 23:38:07|1|0|10159569391653904|facebook
"you say ""right wing extremist"" with such belief in your tone 😂"|10159572027033904|Brendan Doll|2022-02-16 23:38:07|1|0|10159569391653904|facebook
I guess you didn't take a close look at the some of the organizers, ie Lich, Dichter and King all of whom have long time associations with the Maverick Party, Yellow Jackets and other right wing extremist groups.|10159569827123904|Debra Yundt|2022-02-16 23:38:05|1|0|10159569391653904|facebook
https:// twitter.com/ VestsCanada/ status/ 1159997274900041 729?fbclid=IwAR 2N9cE4RUoAq2WfU 4pGZlttNwASbxEQ EOqovy0Q-1fooh7 gqkI9ztVXGH0|10159569814948904|Edmond Engelbrecht|2022-02-16 23:38:05|1|0|10159569391653904|facebook
yes here is the supporting materials for the people making comments https:// twitter.com/ kimbo1942/ status/ 1306258744913866 754?lang=en&fbc lid=IwAR35gekOB 3uD70bUqt_pkC6y t3c89PTycZ-0CTa 5QeB59hyWEAImJ9 b9GEA|10159569814868904|Edmond Engelbrecht|2022-02-16 23:38:05|1|0|10159569391653904|facebook
Thank goodness you found one flag right, what else could you have gone on about? Bouncy castles? Hockey in the streets? Ottawa citizens donating to convoy? Ottawa business not having to close because convoy supporters gave him so much business he could catch up on expenses? Protesters sweeping the street? Protesters feeding homeless? Ottawa citizens opening their homes to supporters and their children and pets?|10159569805013904|Clara Chol|2022-02-16 23:38:05|1|0|10159569391653904|facebook
no … they want to overthrow the government and put themselves in their to govern you and me … today it’s about the homeless… later it will be something else|10159571694353904|Janet Martinez|2022-02-16 23:38:01|1|0|10159569391653904|facebook
When MC is flapping about donations I can only wonder about the NDP Leader Jagmeet Singh’s brother-in-law has asked for his $13,000 GoFundMe donation to the trucker convoy to be returned, according to an NDP source. Pleading ignorance to the cause. Does this mean his bank accounts will be frozen? No he got an automatic refund. Ignorance is bliss.😉|10159571579798904|Lyn Squires|2022-02-16 23:38:01|1|0|10159569391653904|facebook
Insurrection? Have you not noticed that during the entire time the Truckers protested in Ottawa there hasn't been any NEWS about the pandemic. How the hospitals were overflowing with unvaxxed, death rates were climbing, the health care system was being pushed to the brink. So this must mean that it isn't a pandemic anymore? Just blame a trucker and it will make you feel better.|10159571572813904|Lyn Squires|2022-02-16 23:38:01|1|0|10159569391653904|facebook
never was they had a manafesto to bring down parliament and form the Mavrick Party|10159571062858904|Paderick Rose|2022-02-16 23:38:01|1|0|10159569391653904|facebook
Agreed. Very sad but true that so many of these protesters naively got all fired up by the rhetoric and their “cause” without even knowing what they are supporting. How can participants not know the contents of the MOU? Or the USA donations from right wing people and groups? Or the true agendas of their organizers? Very scary.|10159570761583904|Kathy Curtis|2022-02-16 23:38:01|1|0|10159569391653904|facebook
Ya gotta admit the fact that they originally called for themselves to replace the elected govt says something something about their real motives. As does the fact this is Lych's 2nd convoy. Last one was allegedly about carbon pricing but degenerated into a festival of islam-haters. You know her past is all about Alberta separatism and big oil right? Not hard to look up yourself. You will notice that ALL media sources will say the same thing about this, whether they are owned by Republicans (national post), conservatives (Globe) or socialists (the Guardian). Really it isn't hard to get informed. Subscribe to real newspapers from the left and right to get a balanced picture. The only people you should not trust for news is people involved in the story itself. They have something to gain.|10159570715003904|Marc Cyr|2022-02-16 23:38:01|1|0|10159569391653904|facebook
Hey ya go. https:// nitter.net/i/ status/ 1491230391407353 856|10159570708553904|Marc Cyr|2022-02-16 23:38:01|1|0|10159569391653904|facebook
Here is the occupiers Web page about it. Really it's amateur hour in the nations capital. https:// canada-unity.com /mou/|10159570706723904|Marc Cyr|2022-02-16 23:38:01|1|0|10159569391653904|facebook
So the occupiers have removed it from their website since it is obviously stupid and unconstitutiona l so I had to look for screenshots. Here is part of it. Il keep looking for the rest of it. https:// twitter.com/ Justin_Ling/ status/ 1486151063682043 911?t=_L1SfpxFv AYMk0uUCre_sw&s =19|10159570705568904|Marc Cyr|2022-02-16 23:38:01|1|0|10159569391653904|facebook
Ffs if you don't know how to find it I will dig it up but you better read it.|10159570691228904|Marc Cyr|2022-02-16 23:38:01|1|0|10159569391653904|facebook
Why would I spend time reading fake news, like you do?|10159570624588904|Edo Monty|2022-02-16 23:38:01|1|0|10159569391653904|facebook
Speaking of deliberately misinformed, look in a mirror. Or are you deliberately trying to misinform, like a good propagandist?|10159570569318904|Edo Monty|2022-02-16 23:38:01|1|0|10159569391653904|facebook
Bahaha...I have no 'leader'. I think for myself. And Canada certainly doesn't have any leaders, unfortunately. Merely Trudeau tyrants and his brownshirts.|10159570567778904|Edo Monty|2022-02-16 23:38:01|1|0|10159569391653904|facebook
So naive and gullible. Seriously, fake news.|10159570565763904|Edo Monty|2022-02-16 23:38:01|1|0|10159569391653904|facebook
Edo read the memorandum of understanding produced by your own leaders. I believe it was written Dec 6.|10159570532363904|Marc Cyr|2022-02-16 23:38:01|1|0|10159569391653904|facebook
I'm not going to waste my time because even if I produced it for you , you would call it fake. The fact that you didn't even know about and or bother to read a manifesto put out by the group you are supporting tells me all I need to know about you. Have a nice day .|10159573419323904|Debra Yundt|2022-02-23 23:38:01|1|0|10159569391653904|facebook
Wow, speaking of naive, brainwashed, rhetoric, agendas, etc., look in a mirror. Or in the PMO.|10159573420048904|Edo Monty|2022-02-23 23:38:01|1|0|10159569391653904|facebook
Still waiting for your propaganda choices from your Fuhrer Trudeau.|10159573423538904|Edo Monty|2022-02-23 23:38:01|1|0|10159569391653904|facebook
78% of Canadians have had two shots , and you need two shots for a Vax passport , so the remaining 22% don't|10159569783313904|Derek Mitchell|2022-02-16 23:38:03|1|0|10159569391653904|facebook
Who would have imagined that our own government would stoop so low. This is not democracy and the Canada I once knew.|10159569555358904|Madeleine Menard|2022-02-16 23:37:46|0|0|10159569391653904|facebook
sounds planned does it not??|10159571280263904|Helen Whyte|2022-02-16 23:38:04|1|0|10159569391653904|facebook
It’s power grab by incompetent divisive “leader” and one that inflamed the whole situation to start with He’s causing more polarization to his political gain that’s all Media propaganda is cheering on|10159571492918904|Lilianna Stefanczyk-Sapieha|2022-02-16 23:37:46|0|0|10159569391653904|facebook
"The word the Globe is looking for is ""stupid ""."|10159569712463904|Melvin Argue|2022-02-16 23:37:46|0|0|10159569391653904|facebook
they don't believe a thing!|10159569605908904|Li Eron|2022-02-16 23:37:45|0|0|10159569391653904|facebook
"Good government?? A government leader who calls a highly respected Conservative Jewish MP a woman who stands with Swastika flag wavers?! A government leader who hides he wore blackface multiple times and wrongly fires strong women, then calls unvaccinated Canadians who he does not know misogynists who hate women and racists?! Is that your idea of ""good government""?"|10159571287113904|Colin Parent|2022-02-16 23:38:03|1|0|10159569391653904|facebook
|10159569729538904|Colin Spencely|2022-02-16 23:38:03|1|0|10159569391653904|facebook
Edo it is posted above. Have you read it yet? It is the Nitter link to the exact document produced by your leaders. Let me know what you think if you bother to take the time to read it. I didn't vote for Trudeau btw.|10159573525743904|Marc Cyr|2022-02-23 23:38:01|1|0|10159569391653904|facebook
in what way second class citizens|10159569578023904|Margo Harding|2022-02-16 23:38:03|1|0|10159569391653904|facebook
it's nonsense. The currency of these morons. Truck bucks.|10159569575553904|Tom Rocchi|2022-02-16 23:38:03|1|0|10159569391653904|facebook
If we had good government this event would have been unthinkable.|10159569441308904|John Gayder|2022-02-16 23:38:03|1|0|10159569391653904|facebook
Don it’s sad. The worst thing is they think they are so right they need to use force to have their way. Wrong in its face.|10159570383323904|Joe Naszady|2022-02-16 23:38:02|1|0|10159569391653904|facebook
why can’t they see that from what they’re doing all they end up doing is supporting Russia, or China? Where’s the freedom there????|10159570284988904|Don Purchase|2022-02-16 23:38:02|1|0|10159569391653904|facebook
Unfortunately they live in an alt-reality, brainwashed by disinformation. The far right is little more than a cult, and you can't debate logic with people like that.|10159569760278904|Andrew Senior|2022-02-16 23:38:02|1|0|10159569391653904|facebook
Crimes against humanity and the earth|10159572201248904|Joyula Reign-Himbert|2022-02-16 23:37:48|0|0|10159569391653904|facebook
