﻿comment|comment_ids|username|datetime|isreply|num_replies|post_id|label
Not a good idea, the National Guard is not like our RCMP.|10159578904913904|John Currie|2022-02-23 23:20:36|0|2|10159578882463904|facebook
John Exactly they are honest and respectful of their constitution unlike the RCMP|10159579006548904|Spens Robert|2022-02-23 23:20:37|1|2|10159578882463904|facebook
Some say the US has stronger civil liberties protection. We shall see.|10159579199863904|Tina Knott|2022-02-23 00:00:00|1|1|10159578882463904|facebook
If you think so.|10159579472563904|John Currie|2022-02-23 00:00:00|1|1|10159578882463904|facebook
100%! 🇺🇸! 1st amendment protected from tyranny!|10159579641153904|Ben Bliesner|2022-02-23 00:00:00|1|1|10159578882463904|facebook
Yes you do while we have Freedom of Expression.|10159579792733904|John Currie|2022-02-24 00:00:00|1|1|10159578882463904|facebook
. What is “freedom of expression”?|10159580048093904|Ben Bliesner|2022-02-24 00:00:00|1|1|10159578882463904|facebook
Look it up, I know your First Amendment.|10159580049418904|John Currie|2022-02-24 00:00:00|1|1|10159578882463904|facebook
copy, it’s basically some pretty words. The 1st actually offers some protections and explicitly protests, protest, positioning the government, and speech etc.. there is no freedom of speech if the government can squash “hate speech”|10159580064483904|Ben Bliesner|2022-02-24 00:00:00|1|1|10159578882463904|facebook
Если вы так говорите, это должно быть правдой.|10159580069848904|John Currie|2022-02-24 00:00:00|1|1|10159578882463904|facebook
Another JOKE and FIASCO ... south of the border!!!|10159579367033904|Gloria Dawe Bruce|2022-02-23 00:00:00|0|0|10159578882463904|facebook
Civil unrest as Russia goes to war... I hope those fighting for freedom know what they’re actually supporting.|10159579506598904|Alice Tu|2022-02-23 00:00:00|0|0|10159578882463904|facebook
truth|10159578914703904|James Milne|2022-02-23 23:20:37|1|0|10159578882463904|facebook
If you say so, it must be true. I bow to your superior insights.|10159579472003904|John Currie|2022-02-23 00:00:00|1|0|10159578882463904|facebook
we have the 1st amendment, protecting our right to peacefully protest!|10159579640058904|Ben Bliesner|2022-02-23 00:00:00|1|0|10159578882463904|facebook
don’t take my word, friend. You can read the documents for yourself! 🇨🇦 should adopt the 🇺🇸 constitution. Not to say tyrannical factions of our government will honor the words. But it is the peoples rights protected from that very thing.|10159580077773904|Ben Bliesner|2022-02-24 00:00:00|1|0|10159578882463904|facebook
