﻿comment|comment_ids|username|datetime|isreply|num_replies|post_id|label
Trudeau closed the borders for over a year! No one had any issues with that!|10159563893783904|Iris Heckhausen|2022-02-16 23:23:00|0|7|10159563657748904|facebook
just looked at your profile. Canadians like you who will spew that kind of garbage and repost things they have no clue about terrify me.|10159565260718904|Philip Standard|2022-02-16 23:23:17|1|4|10159563657748904|facebook
unfortunately like many you see what’s in front of you, not what’s around the corner 🤷🏼‍♂️|10159565342593904|Richard Notter|2022-02-16 23:23:08|1|4|10159563657748904|facebook
Joshua stop listening to Rebel media and concentrate on positive things in your life.|10159564666963904|Maria CT|2022-02-16 23:23:07|1|3|10159563657748904|facebook
huh?? Trudeau is responsible for provincial mandates now?? The lack of education in people like yourself if astounding. Not a clue.|10159565234908904|Philip Standard|2022-02-16 23:23:07|1|3|10159563657748904|facebook
Interesting! I cannot recall a time it has ever been used. There was the blockades of railways, and TMX construction|10159565409613904|Tina Knott|2022-02-16 23:23:04|1|3|10159563657748904|facebook
"where have you been ! The borders were never "" closed "" just restricted to non essential travel. Travel is not your right it is a privilege. Yes...you feel privileged but you are no more significant then the next guy."|10159564618418904|Donna Lynn Ayres|2022-02-16 23:23:05|1|3|10159563657748904|facebook
then you certainly would not mind reimbursing me for lost pay then.  You know,… the short term pain and long term gain can be all yours!|10159566500258904|Zorpheous Schrödinger|2022-02-16 23:23:19|1|3|10159563657748904|facebook
So you DO know that there is a pandemic. It doesn't stop being a pandemic just because the death toll drops below a certain level you ahev determined. What is the point in debating people like you, I wonder?|10159566970283904|Bob Lablaw|2022-02-16 23:23:05|1|2|10159563657748904|facebook
You can't accept the fact that the insurrectionist s have been anything but peaceful|10159568504403904|Sheiban Shakeri|2022-02-16 23:23:10|1|2|10159563657748904|facebook
federal government tells provincial governments what to do, if that wasn’t the case why don’t we just have a provincial government who sets all laws for all provinces because it’s an order of command just like anything in life at work you hard your forearm or supervisor which answer and does what there boss or senior member tells them it’s a simple Concept really maybe I’m wrong|10159565249288904|Brodie Thomas|2022-02-16 23:23:17|1|2|10159563657748904|facebook
does not take 8 years to build a bridge.|10159563702453904|Randy Gaunt|2022-02-16 23:23:15|1|2|10159563657748904|facebook
maybe check the headlines|10159565888083904|Isla Kay|2022-02-16 23:23:08|1|2|10159563657748904|facebook
yeah your right that’s why you should stop living In it 😂😂😂|10159568523413904|Brodie Thomas|2022-02-16 23:23:10|1|2|10159563657748904|facebook
when the federal government pays the provincial government to do something tyrannical I personally blame the feds https:// www.cbc.ca/news/ politics/ trudeau-promises -1b-vaccine-pas sports-1.615561 8|10159565567993904|Jeremy Vanderhaar|2022-02-16 23:23:07|1|2|10159563657748904|facebook
This could have been avoided, and the pandemic over, if everyone had gotten vaccinated. Remember polio? Worked for that, could have worked for this.|10159568288403904|Ray Perkins|2022-02-16 23:23:14|1|2|10159563657748904|facebook
no because it was necessary. So did the rest of the world. It is called pandemic. Borders were closed all over Europe, China locked its citizens in their houses. You are not happy in Canada then move to China. I bet you would not open your mouth and criticize the government. You have the freedom to do whatever you want here. I travelled four times during the pandemic, nobody stopped me.|10159564679813904|Maria CT|2022-02-16 23:23:05|1|2|10159563657748904|facebook
Ah yes, we have reached the whataboutism stage of the argument. When there's nothing left, bring up BLM|10159568512633904|Sheiban Shakeri|2022-02-16 23:23:10|1|2|10159563657748904|facebook
First thing I do is say NO then go do what she asked.|10159567052653904|Andrew Lewis|2022-02-16 23:23:14|1|2|10159563657748904|facebook
your out of touch man I disagree with your insurrection claims about the protest in Ottawa for many reasons which I’ve stated I’m not wasting my time going back and forth with you it’s absolutely pointless good luck in life|10159568527038904|Brodie Thomas|2022-02-16 23:23:10|1|2|10159563657748904|facebook
Don't tarnish Narnia. It was a good series of books|10159568522188904|Sheiban Shakeri|2022-02-16 23:23:10|1|2|10159563657748904|facebook
How long will it take many business owners who lost everything to recover? Will they ever recover?|10159564577663904|Mike Cunning|2022-02-16 23:23:00|0|2|10159563657748904|facebook
owning a business is always about risk and reward. It isn’t the first time people have lost businesses and won’t be the last.|10159565237083904|Philip Standard|2022-02-16 23:23:03|1|2|10159563657748904|facebook
A shortage of parts and an interruption in the supply chain resulting from COVID restrictions is not the same thing as wilfully, forcibly preventing supplies from crossing the border.|10159567290268904|Bob Lablaw|2022-02-23 23:23:09|1|2|10159563657748904|facebook
I do not understand how anyone can get laugh about this.|10159563681253904|Ignacio Echavarria|2022-02-16 23:23:00|0|2|10159563657748904|facebook
Same with those industries I guess.|10159565247698904|Mike Cunning|2022-02-16 23:23:03|1|2|10159563657748904|facebook
lol I never said that a agreed with children staying in a truck for weeks don’t put words in my mouth and  wow you should’ve been a comedian honestly you come up with some good ones 😂😂😂|10159568494868904|Brodie Thomas|2022-02-16 23:23:10|1|2|10159563657748904|facebook
a dictator?? That is a good one! Jagmeet isn’t even on board!! You know it’s bad when even he doesn’t support this farce.|10159565344418904|Philip Standard|2022-02-16 23:23:17|1|2|10159563657748904|facebook
The border is provincial?|10159565384578904|Carmen Wylie-Roberts|2022-02-16 23:23:07|1|2|10159563657748904|facebook
So many misinformed people claiming the borders have been closed for two yrs… There have been travel restrictions and other requirements to pass through borders… they have not been closed or our technicians would not have been traveling for onsite services and installations…|10159566898823904|Richard Notter|2022-02-16 23:23:08|1|2|10159563657748904|facebook
If Trudeau wasn't the PM this never would of happen.|10159563861688904|John Stowell|2022-02-16 23:23:01|0|1|10159563657748904|facebook
you want to go on about craziness so I need some perspective of how your brain works so do you think those protests were peaceful??|10159568514403904|Brodie Thomas|2022-02-16 23:23:10|1|1|10159563657748904|facebook
And yet there's been no disavowing from the leadership. No public condemnation, nothing. What do you call a table of 5 people with a Nazi? A table of 6 Nazis|10159568514853904|Sheiban Shakeri|2022-02-16 23:23:10|1|1|10159563657748904|facebook
No Dan. I have superior knowledge because I understand science. But that's okay. What is not okay is that you think you do know science. I'm sure you know lots about beer. I don't pretend to know about beer when I'm ignorant about it.|10159566972083904|Lara Syna|2022-02-16 23:23:07|1|1|10159563657748904|facebook
The only thing we'll developed is your big head! You seem to think you are superior to others because you are vaccinated! The virus doesn't care if you're vaccinated or not!|10159566964753904|Dan Vetor|2022-02-16 23:23:07|1|1|10159563657748904|facebook
hahaha wow have fun living in narnia your so out of touch it blows my mind|10159568517343904|Brodie Thomas|2022-02-16 23:23:10|1|1|10159563657748904|facebook
Go back to sleep!|10159565329573904|Dan Vetor|2022-02-16 23:23:07|1|1|10159563657748904|facebook
it's all they have|10159566960028904|Dan Learn|2022-02-16 23:23:07|1|1|10159563657748904|facebook
huh??? The mandates are PROVINCIAL. Justin Trudeau takes care of things FEDERALLY. Do you get it now, Johnny? There is a big difference. Get educated on how our government works. It will help you from looking even more foolish.|10159565241763904|Philip Standard|2022-02-16 23:23:17|1|1|10159563657748904|facebook
Definitely wrong!|10159566932858904|Dan Vetor|2022-02-16 23:23:07|1|1|10159563657748904|facebook
I'm sure that was your intellectual best though Dana!|10159565398448904|Lara Syna|2022-02-16 23:23:07|1|1|10159563657748904|facebook
you should stop listening to mainstream media before you're completely brain washed|10159565902763904|Michael Corbin|2022-02-16 23:23:07|1|1|10159563657748904|facebook
she's not wrong Danny boi|10159565477928904|Dan Learn|2022-02-16 23:23:07|1|1|10159563657748904|facebook
Seriously??? Where was all this concern during the major interruptions and blockades on the rail lines???|10159563702333904|Kathy Atkin|2022-02-16 23:23:00|0|1|10159563657748904|facebook
so true… laughable people don’t take the time to actually pay attention|10159565749143904|Spencer Hale|2022-02-16 23:23:07|1|1|10159563657748904|facebook
too late to brainwash me. I am too old for that. Hence why I know what is real and not. I have lived a long life. You are in a delusional frame of mind. Instead of preoccupying yourself with these far right movements put your energy on positive things instead. In the end all politicians are the same once they are in power.|10159567342473904|Maria CT|2022-02-16 23:23:07|1|1|10159563657748904|facebook
sorry you feel that way|10159568502813904|Brodie Thomas|2022-02-16 23:23:10|1|1|10159563657748904|facebook
That's nice kid, go and play with yourself and your right wing friends. Can't come up with anything substantive but he absolutely must have the last word.|10159568496583904|Sheiban Shakeri|2022-02-16 23:23:10|1|1|10159563657748904|facebook
If there's a silver lining to the bridge fiasco that we saw in the last week or so, there was no violence from the police so no insurrectionist s could portray themselves as victims of police brutality. As well, once things recover, this will have been seen as a nuisance by the public at large, and a good learning experience for law enforcement. Also, thank you to the vast majority of truckers who put up with the nonsense of this radical foreign-funded minority - as was seen in the give send go leaks...|10159563714408904|Sheiban Shakeri|2022-02-16 23:23:00|0|1|10159563657748904|facebook
IT should have made very little difference. The other crossings around it were still open. Very little inconvenience but was easier to make it seem like a big deal.|10159566137328904|Andrew Lewis|2022-02-16 23:23:00|0|1|10159563657748904|facebook
this was a deterrent the real cause will surface then you be will have your wish|10159566995033904|Norm Patterson|2022-02-16 23:23:14|1|1|10159563657748904|facebook
thank you for adding clarity to my point👍🏻|10159567303398904|Richard Notter|2022-02-16 23:23:09|1|1|10159563657748904|facebook
Hey Buddy 😀 I agree BBUUTT the factory’s have been having supply problems during the past 2 years of the pandemic. All the shortages issues cannot be blamed on the bridge being blocked.|10159567028198904|Kevin Seeley|2022-02-16 23:23:09|1|1|10159563657748904|facebook
What is my wish?|10159567041893904|Andrew Lewis|2022-02-16 23:23:14|1|1|10159563657748904|facebook
back to normal?|10159567043523904|Norm Patterson|2022-02-16 23:23:14|1|1|10159563657748904|facebook
Dang, I was hoping for World Domination or at least my wife listen to me for once.|10159567044388904|Andrew Lewis|2022-02-16 23:23:14|1|1|10159563657748904|facebook
your wife listen’s to you then she convinces you she is right you say ok dear problem solved the hand that rocks the cradle rules the world|10159567050523904|Norm Patterson|2022-02-16 23:23:14|1|1|10159563657748904|facebook
they should have put a stop to anything being provided to them .|10159568501128904|Wendy MacLean Mackinnon|2022-02-16 23:23:10|1|1|10159563657748904|facebook
Why has the government not gone ahead with the second bridge that was planned for back in 2014???|10159563688958904|Randy Gaunt|2022-02-16 23:23:00|0|1|10159563657748904|facebook
and your one of those people that probably says the BLM protests in the states was peaceful???|10159568511418904|Brodie Thomas|2022-02-16 23:23:10|1|1|10159563657748904|facebook
you can leave any time you just need a test to get back in. Of course no country will want you if you anti vax.|10159565891358904|Ted Strickland|2022-02-16 23:23:08|1|1|10159563657748904|facebook
nobody stopping from leaving|10159565851918904|Ted Strickland|2022-02-16 23:23:08|1|1|10159563657748904|facebook
it is under construction.|10159563697738904|Ted Andkilde|2022-02-16 23:23:15|1|1|10159563657748904|facebook
trapping citizens in their own country is wrong.|10159565682853904|Isla Kay|2022-02-16 23:23:08|1|1|10159563657748904|facebook
Tom English non essential travel. That means shoppers visitors tourists. Get it?|10159565480058904|Dan Learn|2022-02-16 23:23:08|1|1|10159563657748904|facebook
It does when you expect that bridge to carry the bulk of an entire continent's trade.|10159563762893904|Jason Godin|2022-02-16 23:23:15|1|1|10159563657748904|facebook
That's not true at all. There are no facts whatsoever in your statement! That tiny blockade will have no impact on trade between the countries. A few bumps in production. Happens all the time. Auto makers were already cutting shifts because of chip shortages.|10159565328818904|Dan Vetor|2022-02-16 23:23:08|1|1|10159563657748904|facebook
Yeah, it's Trudeau's fault that a bunch of vvhite nationalists suckered and grifted a whole bunch of people into fighting for freedom that wasn't even lost...|10159564322998904|Lara Syna|2022-02-16 23:23:07|1|1|10159563657748904|facebook
there is always extremists did I not say that???? But I do refuse to believe that because I’ve seen so many videos and talked to so many people that were Actually there|10159568509598904|Brodie Thomas|2022-02-16 23:23:10|1|1|10159563657748904|facebook
yes and no. Windsor is provincial.|10159567385603904|Maria CT|2022-02-16 23:23:07|1|1|10159563657748904|facebook
likes to live in his own fantasy world and he won't accept the fact that these insurrectionist s have been anything but peaceful.|10159568510163904|Sheiban Shakeri|2022-02-16 23:23:10|1|1|10159563657748904|facebook
Blocking borders was/is fundamentally wrong. All that was achieved, in the long run, was to give Americans more reason to Not rely on Canadian / Ontario manufacturing which just happens to keep a lot of truckers housed and fed along with their families…|10159563684068904|Richard Notter|2022-02-16 23:23:00|0|1|10159563657748904|facebook
and yeah they have a minority government but unless you’ve been asleep emergency measures act or whatever health measures act we’ve been in changes that and it hasn’t exactly been a democracy for the past two years|10159565301088904|Brodie Thomas|2022-02-16 23:23:17|1|1|10159563657748904|facebook
If we weren’t led by a neophyte dope PM, all of this could be avoided!|10159563739543904|Joshua Burke|2022-02-16 23:23:00|0|1|10159563657748904|facebook
Tell me about it! My plant/employer isn’t even back to 50 percent production capacity. We are maybe operating 30 to 35 percent.  Yup, thanks to the Truckertantrum by these Timbitterrorist s I’m losing income. Thanks guys, really appreciate the financial squeeze you put on me.|10159566487598904|Zorpheous Schrödinger|2022-02-16 23:23:01|0|1|10159563657748904|facebook
Also I come from a police family so I know exactly how they treat racialized folks...and the sexism...and the homophobia...et c...etc...etc  But keep on trucking there privileged vvhite guy...I'm sure you'll find plenty of 6f people to agree with you.|10159567202343904|Lara Syna|2022-02-16 23:23:04|1|1|10159563657748904|facebook
short term paing long term gain! Most provinces are lifting mandates!|10159566495468904|Darrion Olsson|2022-02-16 23:23:19|1|1|10159563657748904|facebook
Perhaps you should get that racism problem checked.  I'm talking about on Wet'suwet'en sovereign land where the RCMP had sniper rifles pointed at land defenders.  You're so quick to defend racism...maybe think why that is.|10159567164253904|Lara Syna|2022-02-16 23:23:04|1|1|10159563657748904|facebook
You are lucky to have had a job to go to for the past 2 years. What about the thousands of workers who have permanently lost theirs? If you are in the auto industry I am sure you are being well paid.|10159566742178904|Lyn Squires|2022-02-16 23:23:19|1|1|10159563657748904|facebook
Lol. Okay Geoff. The Wet'suwet'en, who were defending their own land through the 96 Delgamuukw decision, will certainly disagree with you. Any land defenders will tell you that there is a difference in attitude, intimidation techniques, etc.  How to say I'm clueless about the racism of police without actually saying it.|10159567070423904|Lara Syna|2022-02-16 23:23:04|1|1|10159563657748904|facebook
Lucky to have a job you say. For two years my company has been trying to find workers. They call and never even show up for an interview. As long as Trudeau hands out the cash most of them never will go to work.|10159566847018904|Garry Montey|2022-02-16 23:23:19|1|1|10159563657748904|facebook
I always vote|10159568635093904|Brodie Thomas|2022-02-16 23:23:10|1|1|10159563657748904|facebook
then encourage all your friends to as well|10159568652988904|Dan Learn|2022-02-16 23:23:10|1|1|10159563657748904|facebook
Circumstances=s kin colour|10159566605773904|Lara Syna|2022-02-16 23:23:04|1|1|10159563657748904|facebook
losing pay is unfortunate but temporary but losing freedom is permanent.|10159567201763904|Darrion Olsson|2022-02-16 23:23:19|1|1|10159563657748904|facebook
The Conservative proposal to enact legislation regarding blockades? That was a proposal by no-longer-leade r O'Toole in 2020. The same party he was leader of has more recently endorsed protests, posed for pictures with protesters and suggested that they are some sort of noble crusade. This is why people have such a hard time taking conservatives seriously.|10159566378258904|Bob Lablaw|2022-02-16 23:23:04|1|1|10159563657748904|facebook
Oh I don't know...just the 12 hate crime charges that have been laid. Go check it out. Google is your friend in times of ignorance.|10159566231038904|Lara Syna|2022-02-16 23:23:04|1|1|10159563657748904|facebook
there is no loss of freedoms. Stop being a drama queen|10159567404043904|Zorpheous Schrödinger|2022-02-16 23:23:19|1|1|10159563657748904|facebook
I really don’t like this time in Canadian leadership.|10159565743728904|Andrew Charman-Shea|2022-02-16 23:23:00|0|1|10159563657748904|facebook
Wait til the American truckers do it!! 🤣then what will the prime idiot do|10159563799383904|Joe Palmer|2022-02-16 23:23:01|0|1|10159563657748904|facebook
Its satire. Do you understand what satire is?|10159565336298904|Lara Syna|2022-02-16 23:23:04|1|1|10159563657748904|facebook
nothing. He’s the PM of Canada.|10159564635968904|David Rochon|2022-02-16 23:23:20|1|1|10159563657748904|facebook
thanks for the info😉, I was merely posting of how hilarious his tantrum will be|10159564659403904|Joe Palmer|2022-02-16 23:23:20|1|1|10159563657748904|facebook
The truckers ARE LIFE SAVERS. YOU WILL REGRET NOT JOINING THEM..THIS IS A FIGHT AGAINST GOODNESS AND EVIL..CRIMES AGAINST HUMANITY AND THE EARTH|10159566007688904|Joyula Reign-Himbert|2022-02-16 23:23:01|0|1|10159563657748904|facebook
Yes owning any business is a risk agreed unless you are governed by mandates that tell you to stay closed, when to open, open to 50% of your customers. No choice in that issue.|10159566733288904|Lyn Squires|2022-02-16 23:23:03|1|1|10159563657748904|facebook
that's what the protesters are doing.|10159566601443904|Mike Cunning|2022-02-16 23:23:03|1|1|10159563657748904|facebook
how long will it take for the world to recover against these crimes against humanity and the earth! Evil agendas do not comply block everything . We are in a fight for good over evil. Our life and soul depends on this|10159566598718904|Joyula Reign-Himbert|2022-02-16 23:23:03|1|1|10159563657748904|facebook
yes, of course.|10159566232553904|Mike Cunning|2022-02-16 23:23:03|1|1|10159563657748904|facebook
Are you asking from the past two years?|10159565560673904|Kirk Frenzel|2022-02-16 23:23:03|1|1|10159563657748904|facebook
All Trudopes fault, He imposed the protocol against the truckers.|10159565417948904|Paul Barnard|2022-02-16 23:23:00|0|1|10159563657748904|facebook
You're looking for a way out?|10159568517853904|Sheiban Shakeri|2022-02-16 23:23:10|1|1|10159563657748904|facebook
the conservatives have not endorsed the blockades or none peaceful blockades from the start the do support free people peacefully protesting because that’s part of any canadians rights and any one who isn’t being peaceful and breaking actual laws should be held accountably personally but how can you label millions of people on the actions of fewer few that doesn’t seem fair in my books how about yours??|10159567239698904|Brodie Thomas|2022-02-16 23:23:04|1|1|10159563657748904|facebook
🙄 seriously|10159568498788904|Wendy MacLean Mackinnon|2022-02-16 23:23:10|1|1|10159563657748904|facebook
and I assume you think cops being murdered in cold blood and cities burnt down and businesses looted those must’ve all been peaceful protests in your brain somehow??|10159568521943904|Brodie Thomas|2022-02-16 23:23:10|1|1|10159563657748904|facebook
it's not a pandemic, get your head out of where the sun doesn't shine 👍|10159566995838904|Michael Corbin|2022-02-16 23:23:05|1|1|10159563657748904|facebook
the truckers mandate was federal. The tests at airport were federal. I know exactly how it works sonny. Hows it like to live in the communist province of Ontario.|10159565632028904|John Stowell|2022-02-16 23:23:17|1|1|10159563657748904|facebook
yessss there’s lot of videos of this happening|10159568499573904|Brodie Thomas|2022-02-16 23:23:10|1|1|10159563657748904|facebook
no cause if the confederate Stephen Harper was in 38% of Canadians would be homeless 🤷|10159566704448904|Ryan Larocque|2022-02-16 23:23:17|1|1|10159563657748904|facebook
yeah a pandemic that saw less deaths over the passed 2 years then the previous 3 before it 🙄|10159566736103904|Michael Corbin|2022-02-16 23:23:05|1|1|10159563657748904|facebook
sure and look for a pig flying by your window. Trudeau is making your life less affordable and if he keeps it up you should remember the word food bank because more people will be going there.|10159566873403904|John Stowell|2022-02-16 23:23:17|1|1|10159563657748904|facebook
The likely reason that no-one had any issues with 'closing the borders' for a year, is that every country in the world had restrictions on traffic in and out, and that the borders continued to be open for the trade of goods. Every country on earth of course has the right to restrict travel, so pretending some right of travel was compromised is complete nonsense.|10159566386478904|Bob Lablaw|2022-02-16 23:23:05|1|1|10159563657748904|facebook
I hope there are big fines collected.|10159565232388904|Philip Standard|2022-02-16 23:23:01|0|1|10159563657748904|facebook
How can I label millions of people on the actions of the few? Easy. Every single day that I have commented about this protest, someone (and believe me, it isn't someone Liberal) tells me there are hundreds of thousands in support, tells me that it is not a minority, and makes some sort of dismissive comment about the PM. All those people driving to blockades, scribbling badly spelled signs, and marching up and down the street hollering about freedom? They aren't Liberals, dude, and PS - the only MPs who have gone out to pose for pictures with the protesters and tweeted their selfies and support, are conservatives. Pierre Poilievre, Andrew Scheer, Leslyn Lewis, all enthusiasticall y embraced the protest and the conservative party refused to condemn it.|10159567275833904|Bob Lablaw|2022-02-16 23:23:04|1|1|10159563657748904|facebook
pandemic? 🤔 Where? Still waiting for proof of that other then you people saying it 👍|10159565903693904|Michael Corbin|2022-02-16 23:23:05|1|1|10159563657748904|facebook
Guess you got the jabs which Trudeau gets a 40 percent kickback on. Where did you see freedom during the so called pandemic. Stores closed, no family visitations, no church services etc. You call that freedom!|10159565550668904|Marsha Sluys|2022-02-16 23:23:05|1|1|10159563657748904|facebook
|10159568525753904|Sheiban Shakeri|2022-02-16 23:23:10|1|1|10159563657748904|facebook
Csaba I see u find it funny. Are you helping pat pay it back|10159566351808904|Chris Olynyk|2022-02-16 23:23:19|1|1|10159563657748904|facebook
idiot|10159566781348904|Simon Bremmer|2022-02-16 23:23:19|1|1|10159563657748904|facebook
Hello...privile ged much?  Pandemic was going on, regardless of your anti science beliefs.|10159564324498904|Lara Syna|2022-02-16 23:23:05|1|1|10159563657748904|facebook
The borders were not closed to trade.|10159564185253904|Richard Dale|2022-02-16 23:23:05|1|1|10159563657748904|facebook
Maybe ask Trudeau to donate as he spends Canadian dollars $600 million for an election that he called during the middle of this pandemic.|10159568263158904|Lyn Squires|2022-02-16 23:23:19|1|1|10159563657748904|facebook
"I don't think that bridge would pass the ""gender intersectionali ty "" criteria."|10159563951713904|Tina Knott|2022-02-16 23:23:00|0|1|10159563657748904|facebook
get out and vote for people you want to represent you. That's how democracy works|10159568622113904|Dan Learn|2022-02-16 23:23:10|1|1|10159563657748904|facebook
Oh for gawds sake... you wouldn't have any idea at all about the two liberal MPS if not for the mainstream media. What on earth does their breaking with the party have to do with disproving that the conservatives refused to condemn the protest?|10159567300768904|Bob Lablaw|2022-02-16 23:23:04|1|1|10159563657748904|facebook
hahaha that’s why two liberal MPs have spoken out against all thing and if you would go see for yourself instead of watching msm you’d have a different perspective however people like you choose to live under a rock instead of seeing the sunshine peaking threw the trees wish you the best but I plan on being on the right side of freedom and history I support peaceful protests of any manner not ones who incite violence or block people from getting to there jobs or major trade routes|10159567285408904|Brodie Thomas|2022-02-16 23:23:04|1|1|10159563657748904|facebook
Denying that there is a pandemic when a pandemic was declared by every health agency in the world is not flattering when you are trying to play smarter-than-me .|10159567004043904|Bob Lablaw|2022-02-16 23:23:05|1|1|10159563657748904|facebook
if the vaccine worked I would agree with you but by now even you should have noticed that it is not working.|10159574809223904|Tim Dyck|2022-02-23 23:23:14|1|0|10159563657748904|facebook
90% of truckers are vaccinated idiot. Get a real platform to stand on before you beak off again.|10159565754748904|Spencer Hale|2022-02-16 23:23:12|1|0|10159563657748904|facebook
I felt uneasy about the blockades and was worried it would give the government fuel to delegitimize other protests. It feels like a setup.|10159565746668904|Andrew Charman-Shea|2022-02-16 23:23:00|0|0|10159563657748904|facebook
They realize the borders have been mostly closed for two years right?|10159567069558904|Melissa Dean|2022-02-16 23:23:00|0|0|10159563657748904|facebook
And now they know how the rest of the world feels|10159566702608904|Shannon Lukas-Gooler|2022-02-16 23:23:00|0|0|10159563657748904|facebook
the polio vaccine worked but this one not so much this .Too many vaccinated friends and family got the virus.|10159574812598904|Pete Jones|2022-02-23 23:23:14|1|0|10159563657748904|facebook
All this could have been avoided if our political leaders had tried to use diplomacy instead of childish name calling.|10159566411988904|Tim Dyck|2022-02-16 23:23:00|0|0|10159563657748904|facebook
me neither quite frankly. Very disappointed ☹️|10159565867143904|Mike Danielsen|2022-02-16 23:23:13|1|0|10159563657748904|facebook
we've had our lives disrupted for 2yrs.. your right it's gonna take time to recover!! (unvaxed will take longer)!!|10159566205123904|Tracy Squires Melanson|2022-02-16 23:23:00|0|0|10159563657748904|facebook
happy wife is a happy life A L now convince the world and you got your first wish|10159567057848904|Norm Patterson|2022-02-16 23:23:14|1|0|10159563657748904|facebook
see A L happy wife is b a happy life now convince the world and you got your first wish|10159567061953904|Norm Patterson|2022-02-16 23:23:14|1|0|10159563657748904|facebook
Yea because the government has clean hands !!! Hahahaha what a joke.|10159568463138904|Wilson Zapata|2022-02-16 23:23:01|0|0|10159563657748904|facebook
Protesters will be back on the very same bridge if Trudeau continues with mandates BS|10159565974933904|Richard Husar|2022-02-16 23:23:01|0|0|10159563657748904|facebook
truckers now dock worker next transit workers next city workers next on and on organized labour is in control but it is labourers who make the wheels turn not politics or career politicians|10159567015448904|Norm Patterson|2022-02-16 23:23:20|1|0|10159563657748904|facebook
not his problem if it happens.|10159564671288904|David Rochon|2022-02-16 23:23:20|1|0|10159563657748904|facebook
#ComputerChipSho rtage|10159567634198904|Kyle Stewart|2022-02-16 23:23:01|0|0|10159563657748904|facebook
millions of people lost everything because of government mandates. All you care about is yourself in a temporary financial squeeze. What kind of Canadian are you. Go ahead keep boosting. When all you sheep start dropping like flies maybe they will wake up.|10159568505058904|Dave Lutz|2022-02-16 23:23:19|1|0|10159563657748904|facebook
how do think inflation is going help you|10159567003903904|Norm Patterson|2022-02-16 23:23:19|1|0|10159563657748904|facebook
No argument there.|10159566866928904|Lyn Squires|2022-02-16 23:23:19|1|0|10159563657748904|facebook
Great, so now we'll use emergency order not to actually DO something, but to make sure something doesn't happen. What could go wrong?|10159565335453904|Mike Archibald|2022-02-16 23:23:01|0|0|10159563657748904|facebook
sure go ask him and pat king let us know which one says no I bet both. Not sure if you have seen but there the same person they both think there royalty and cost Canada money. Only different is pat drives around with his circus Trudeau is in Ottawa. Did I miss anything Lyn|10159568266823904|Chris Olynyk|2022-02-16 23:23:19|1|0|10159563657748904|facebook
please don't call pat names I know it's funny cause clearly Canada seen it happen|10159566802068904|Chris Olynyk|2022-02-16 23:23:19|1|0|10159563657748904|facebook
Pat kings got a few mil maybe he can chip in to the 900 mil lost to the economy.|10159565352838904|Chris Olynyk|2022-02-16 23:23:01|0|0|10159563657748904|facebook
Spoken like a true Liberal 👍|10159565443133904|Lori Rutledge|2022-02-16 23:23:18|1|0|10159563657748904|facebook
this was in the making for years over populated fiat money and speculators John it is a monopoly game even the winner ends up with nothing of value then you start a new game|10159567001583904|Norm Patterson|2022-02-16 23:23:17|1|0|10159563657748904|facebook
oh and I hope you watched the video I tagged you in because that man nailed it 100 percent|10159565351778904|Brodie Thomas|2022-02-16 23:23:17|1|0|10159563657748904|facebook
had an amazing history teacher took academic history because I was interested in it and what history has taught me is not to trust a dictator your welcome to have your opinion and I won’t put you down for it but I also have mine and many people feel the same way so|10159565297223904|Brodie Thomas|2022-02-16 23:23:17|1|0|10159563657748904|facebook
no and actually that’s how the world Works sorry but I feel Your the misguided One|10159565292788904|Brodie Thomas|2022-02-16 23:23:17|1|0|10159563657748904|facebook
hahahaha wow took high school history had a very good teacher also passed the personal attacks are kind of flattering really and funny how our government works isn’t usually taught in history class I. High school It’s social studies maybe you need to go back to school And not me???|10159565291928904|Brodie Thomas|2022-02-16 23:23:17|1|0|10159563657748904|facebook
ok there. You have zero clue. Passing high school might help you there, Brode. If you think Trudeau told Kenney to do any of the idiotic things he has done during this global pandemic you need have your head examined. That is not how our government in Canada works. The Liberals have a MINORITY government . Do you know what any of this means?? I’m no fan of Trudeau but he followed the path of most world leaders during a global pandemic the likes of which have never been seen before. Take a high school history class that explains our government, how it is formed and how it works. It will help you a lot.|10159565259578904|Philip Standard|2022-02-16 23:23:17|1|0|10159563657748904|facebook
How are truckers heros? They aren't! I will never respect them again.|10159567912438904|Joanne Wilkinson|2022-02-16 23:23:00|0|0|10159563657748904|facebook
Protesting is one thing, seeing your protest isn't working and then deciding to blockade things to strongarm people into your position is another|10159566125663904|Chris Holmes|2022-02-16 23:23:00|0|0|10159563657748904|facebook
I lost 5 hours and out of route miles crossing into sarnia instead of going through windsor|10159567193158904|Chunkr Smallpiece|2022-02-16 23:23:00|0|0|10159563657748904|facebook
that is a strange head line . how long did it take when this first closure happened to get things moving again ?|10159563686893904|Peter Mesi|2022-02-16 23:23:00|0|0|10159563657748904|facebook
Good now maybe you will make the government listen. Maybe we need a general strike. What is next they hold a gun to drivers heads and say drive|10159564599093904|Philip Hanna|2022-02-16 23:23:00|0|0|10159563657748904|facebook
In Quebec where things take forever it took under 4 years to build the new Champlain bridge which is the busiest bridge in Canada.|10159567358073904|Marc Lallier|2022-02-16 23:23:15|1|0|10159563657748904|facebook
👏👏👏|10159566185598904|Kathy Vollans|2022-02-16 23:23:15|1|0|10159563657748904|facebook
Probably, it took 10 years to build a 7 story apartment building in Chatham Kent|10159565912123904|Patrick O'Donnell|2022-02-16 23:23:15|1|0|10159563657748904|facebook
They forced it because their leader failed|10159564467708904|Grant Meredith|2022-02-16 23:23:00|0|0|10159563657748904|facebook
Makes sence don’t solve a problem by causing one but strikes do the same thing strikes cause the same inconvenience else where no one complains or government don’t go to hundred year laws be honest unions do it all the time ask more than they want strike take less and the people the unions represent think it is great what is the right way ?|10159566966623904|Norm Patterson|2022-02-16 23:23:00|0|0|10159563657748904|facebook
come on now Kath.|10159565239348904|Philip Standard|2022-02-16 23:23:11|1|0|10159563657748904|facebook
what about the shipping lanes that don’t seem to be a problem that is causing the same problems|10159566982653904|Norm Patterson|2022-02-16 23:23:08|1|0|10159563657748904|facebook
Wait, Jason Kenney has been right all along 🤔|10159563751723904|Chuck Seward|2022-02-16 23:23:00|0|0|10159563657748904|facebook
you are a moron, and know nothing about civics  https:// fb.watch/ bcC8De2kJw/|10159566138923904|Basil LeGrand|2022-01-22 14:16:00|1|0|10159563657748904|facebook
Awww...did Geoff block me? A little too hard for him...|10159567330938904|Lara Syna|2022-02-16 23:23:04|1|0|10159563657748904|facebook
Freedom comes at a cost......Wake up Canaduh!|10159566253878904|Don Mercier|2022-02-16 23:23:00|0|0|10159563657748904|facebook
How long it will take to recover after 2 years of mandates and restrictions, division and emergency measures, closed small business and sport activities for kids? Oh, it's not a topic you allowed to speak about.|10159567125468904|Aleksey Pstyha|2022-02-16 23:23:00|0|0|10159563657748904|facebook
No they weren't. Just who do you think transported the goods over the borders????? Truckers. For two years they were not MANDATED to take the shot or lose their jobs. Why? Most of them took the shot voluntarily not with an ultimatum. Trudeau Tweet from March 31, 2020. Quoted While many of us are working from home, there are others that aren't able to do that . Like the truck drivers who are working night and day to make sure our shelves are stocked. So when you can #Thank A Trucker for everything they are doing and help them wherever you can. So you explain this.|10159564879643904|Lyn Squires|2022-02-16 23:23:05|1|0|10159563657748904|facebook
really, Iris? That is all you could come up with?|10159565237958904|Philip Standard|2022-02-16 23:23:05|1|0|10159563657748904|facebook
um they were locking ppl In their houses In Quebec. Just like in China..|10159565337863904|Nosaj Dlanod|2022-02-16 23:23:05|1|0|10159563657748904|facebook
he didn't close the border to truckers.|10159565658773904|John Stowell|2022-02-16 23:23:05|1|0|10159563657748904|facebook
Proof of a pandemic??? You can't be serious. It was declared a pandemic by the world health organization and every health agency in the world. How much more proof do you need? It's a rhetorical question since we both know no amount of proof would ever be sufficient for your crowd.|10159566383823904|Bob Lablaw|2022-02-16 23:23:05|1|0|10159563657748904|facebook
you fit the stereotype: triggered rage keyboard warrior. Go harass someone else. Look at our thread. Started out reasonably and you were simply looking to pick a fight. You went from 0-100. Settle down and have a nap.|10159567265623904|Geoff Haddock|2022-02-16 23:23:04|1|0|10159563657748904|facebook
i belive you should read The Bill of Right....|10159566441998904|Nick Gagne|2022-02-16 23:23:05|1|0|10159563657748904|facebook
now he will do what Biden is doing open the same borders and now you got another problem is there no one honest enough to do this country right without a agenda|10159566990038904|Norm Patterson|2022-02-16 23:23:05|1|0|10159563657748904|facebook
Plandemic yes, ooooh people like me hey 🤔, same as us trying to debate people like you 🤣|10159566995188904|Michael Corbin|2022-02-16 23:23:05|1|0|10159563657748904|facebook
Willi Gindner there’s also a clause in there that says the govt can restrict some freedoms if necessary to protect the population|1587120468324919|Munger Rob|2022-02-16 23:23:05|1|0|10159563657748904|facebook
yeah cause I'm the only one with this view 👍, you've been played sir 👏|10159567031878904|Michael Corbin|2022-02-16 23:23:05|1|0|10159563657748904|facebook
yes I do. I could still go for walks, shopping, take food out etc. I also travelled for times to SF and LA. Of course I had to get vaccinated and pay for PCR tests. No I do not get jabs like Trudeau. I wish. I am an ordinary Canadian who worked my but off to save for retirement.|10159567350583904|Maria CT|2022-02-16 23:23:05|1|0|10159563657748904|facebook
Willi Gindner you should not listen to this idiot Ron Clark. He is paid to spread hate to stir unrest in democratic societies.|10159567367928904|Maria CT|2022-02-16 23:23:05|1|0|10159563657748904|facebook
the conservatives condemned non peaceful protests and the blockades actually|10159567301593904|Brodie Thomas|2022-02-16 23:23:04|1|0|10159563657748904|facebook
When someone uses the term 'race card' then we know what their attitudes are.  No, your defence of racist police forces is why you are accurately labeled. Here is a tip...stop arguing about topics you have no experience or education in and perhaps you won't step into a racist pile of goo.  The fact is police historically treat settlers better than racialized folks during times of protest. Because that is what police were created for from the beginning.  But keep on trying....I have no rage. What you are feeling is defensiveness to an argument that destroys yours. So now you play the 'rage card' to make it sound I don't have control of my feelings.  So tired of mediocre 6f males...|10159567200718904|Lara Syna|2022-02-16 23:23:04|1|0|10159563657748904|facebook
this girl is funny, I giggled|10159566144758904|Basil LeGrand|2022-02-16 23:23:06|1|0|10159563657748904|facebook
Depending on the circumstances, enforcement can come fast or slow, I assume.|10159565416068904|Geoff Haddock|2022-02-16 23:23:04|1|0|10159563657748904|facebook
Isn't that the truth. Business that owners had devoted their lives to and probably every cent to keep them up and running during lockdowns, mandates, open/close and open 50%.|10159564876648904|Lyn Squires|2022-02-16 23:23:03|1|0|10159563657748904|facebook
businesses were much more hurt by the atrocities the liberal government instilled on the country of Canada over the last 2 years. Not a 5 day protest. Thanks for coming out, though 👍.|10159565441003904|De Willy|2022-02-16 23:23:03|1|0|10159563657748904|facebook
I wonder just how many closed their doors for good?|10159566730043904|Lyn Squires|2022-02-16 23:23:03|1|0|10159563657748904|facebook
Its sad to see all the great small business owners having to close their doors. They may never be able to open again. It's a shame how they were treated. But the big bix stores could stay open.|10159566757253904|Kathleen Pratt Knutson|2022-02-16 23:23:03|1|0|10159563657748904|facebook
it is terrible about how things went down for sure but we were in a global pandemic and everyone was doing their best to control it. Mistakes were definitely made but this “protest” is doing nothing but dividing our country even further. The light is at the end of the tunnel, it is time for us to come together.|10159566919983904|Philip Standard|2022-02-16 23:23:03|1|0|10159563657748904|facebook
Protesters were non violent as well. But I agree with the Conservative proposal to put in place legislation that would ban highways, bridges and railways from being blockaded in a protest. That way it would apply equally to all.|10159563962648904|Tina Knott|2022-02-16 23:23:00|0|0|10159563657748904|facebook
why don't you just post an article from the Babilon Bee while you're at it lmfao|10159565329068904|Joe Ellis|2022-02-16 23:23:04|1|0|10159563657748904|facebook
do you mean asked antifa with confederation flag and alikes, surprisingly, nowhere to be found?|10159565530378904|John Skippy|2022-02-16 23:23:04|1|0|10159563657748904|facebook
love how people like you, that don’t the first thing about someone, immediately pulls out the race card. Not even close to what I’m about. I’m not interested in playing “what aboutism” with you. Put away your rage fit and argue with someone else if it makes you feel better.|10159567197213904|Geoff Haddock|2022-02-16 23:23:04|1|0|10159563657748904|facebook
John  Think very carefully...  You're either anti fascist or pro fascist...  As to the rest of your statement, it's not really grammatically correct so....|10159565532313904|Lara Syna|2022-02-16 23:23:04|1|0|10159563657748904|facebook
except for the guys in AB with guns and body armour.|10159565757128904|Grant Everett Zeilstra|2022-02-16 23:23:04|1|0|10159563657748904|facebook
you obviously haven't been there and buy into the liberal narrative|10159566476238904|Sdg Georgie|2022-02-16 23:23:04|1|0|10159563657748904|facebook
travel the multi lane highways at peak times same thing that is part of your day then through in accident you must have lived that more than once|10159566976128904|Norm Patterson|2022-02-16 23:23:04|1|0|10159563657748904|facebook
|1322560934927331|Munger Rob|2022-02-16 23:23:04|1|0|10159563657748904|facebook
standard law enforcement procedure to give leeway in order to de-escalate. With time, the strategy shifts to eventual zero tolerance, where we are now. Nothing to do wth colour.|10159567031583904|Geoff Haddock|2022-02-16 23:23:04|1|0|10159563657748904|facebook
perhaps refresh yourself about the timeline of those protests: https:// globalnews.ca/ news/6560125/ timeline-wetsuwe ten-pipeline-pr otests/amp/  Major disruption of rail lines and it took several weeks for resolution. What’s your point?|10159567133358904|Geoff Haddock|2022-02-16 23:23:04|1|0|10159563657748904|facebook
have you read the first page of a passport? . Travel rights to come into and leave Canada are part of all Canadians Charter of rights and freedoms . We are born with them . Just Ask Premier Brian Peckford who helped draft the charter in 1980’s . He is taking Justin Trudeau to Court over his abuse of Canadians Charter rights .|10159567639503904|Kim Cameron|2022-02-16 23:23:05|1|0|10159563657748904|facebook
Dan  I have been awake for a very long time. Probably why my prefrontal cortex is well developed as opposed to....ummm...ot hers.|10159565397183904|Lara Syna|2022-02-16 23:23:07|1|0|10159563657748904|facebook
"insanity and delusions are a terrifying thing it can influence people to do the most insane things without reason or facts and even to kill their loved ones-(yes it already happened Q-guy has influenced a man to kill his wife because he told him she's CIA without any proof blows his wife's head off), today lies carry more weight than facts, once lie's are repeated over and over agin they begin to believe it to be truth, like a insane person who refuses come back to reality, their wold is filled with ""delusions, what they really wanna hear verses what they choose to block out for they don't wanna hear it-(facts,reali ty,consequences )"""|10159564089523904|Levi Crane|2022-02-16 23:23:11|1|0|10159563657748904|facebook
now it’s an insurrection wow it only gets better like I said continue to live in your fantasy world man your a joke|10159568506113904|Brodie Thomas|2022-02-16 23:23:10|1|0|10159563657748904|facebook
you can fly anywhere you want. You were never trapped.|10159566663208904|Lesley Ann|2022-02-16 23:23:08|1|0|10159563657748904|facebook
Government has blocked Canadian/ USA border for over 2 years. Truckers for 6 days......whose the real law breakers?|10159566880933904|Linda Cowan|2022-02-16 23:23:08|1|0|10159563657748904|facebook
Bingo!|10159566963633904|Bob Lablaw|2022-02-16 23:23:08|1|0|10159563657748904|facebook
stay home and don't forget to wear your mask!!|10159567019518904|Mike Krakana Jr.|2022-02-16 23:23:09|1|0|10159563657748904|facebook
Really Bob? Wow such insight ! And I guess you know which factory’s had issues with Covid related problems and what ones had issues with with the bridge blockage. Please in lighten us some more|10159567355873904|Kevin Seeley|2022-02-16 23:23:09|1|0|10159563657748904|facebook
i work in auto manufacturing.. . our Toyota and lexus departments were down for 2 days. My honda department had our shipments raised, meaning we worked our butts off all week. There's more to this than we know.|10159567370013904|Chris O'Malley|2022-02-16 23:23:09|1|0|10159563657748904|facebook
well when you troll me and have a bunch of nonsense to say and want to make personal attacks or judge me on things you have no idea about yeah sorry bud I’m gonna let you know go live In Your fantasy world because that’s all you choose to see|10159568502058904|Brodie Thomas|2022-02-16 23:23:10|1|0|10159563657748904|facebook
no I’m just curious your stance on that|10159568513658904|Brodie Thomas|2022-02-16 23:23:10|1|0|10159563657748904|facebook
Tom English you’re aware travellers don’t supply goods, right?🤦‍♀️|10159566659993904|Lesley Ann|2022-02-16 23:23:08|1|0|10159563657748904|facebook
not looking for a way out looking for your stance on that|10159568522398904|Brodie Thomas|2022-02-16 23:23:10|1|0|10159563657748904|facebook
Let's stick with the current insurrection. With all the property damage, loss of business, attempted arson, harassment of Ottawans, why are you supporting such a thing?|10159568524903904|Sheiban Shakeri|2022-02-16 23:23:10|1|0|10159563657748904|facebook
Let's stick with the current insurrection. With all the property damage, loss of business, attempted arson, harassment of Ottawans, why are you supporting such a thing?|10159568527718904|Sheiban Shakeri|2022-02-16 23:23:10|1|0|10159563657748904|facebook
always do trust me if you don’t vote you can’t really have a say seeing you didn’t give yours just how I see it but|10159568656833904|Brodie Thomas|2022-02-16 23:23:10|1|0|10159563657748904|facebook
And I am sure they will need government support errrr..... taxpayers support. Just ignore those record profits.|10159564774933904|Ed Gilpin|2022-02-16 23:23:00|0|0|10159563657748904|facebook
What about the small business people who lose their business, government didn't help them by closing them down.|10159566114668904|Darrell Goulden|2022-02-16 23:23:00|0|0|10159563657748904|facebook
because it's theatre|10159563701823904|Justin Shovin|2022-02-16 23:23:11|1|0|10159563657748904|facebook
no, he doesn’t get it. Good try though.|10159566661623904|Lesley Ann|2022-02-16 23:23:08|1|0|10159563657748904|facebook
These continued incorrect beliefs are why we are in our 3rd calendar year of this nonsense. Stop listening to the news. Do your own research. You might learn something.|10159566593873904|Kyle Emerson|2022-02-16 23:23:08|1|0|10159563657748904|facebook
The mandates are.|10159565492148904|Garry Montey|2022-02-16 23:23:07|1|0|10159563657748904|facebook
stop listening to Rebel media and idiots like Ron Clark, the looser.|10159567382818904|Maria CT|2022-02-16 23:23:07|1|0|10159563657748904|facebook
you must be a liberal|10159566250838904|Roger Moore|2022-02-16 23:23:07|1|0|10159563657748904|facebook
not at all!|10159566957613904|Dan Learn|2022-02-16 23:23:07|1|0|10159563657748904|facebook
That's your opinion! Nobody asked you!|10159566962328904|Dan Vetor|2022-02-16 23:23:07|1|0|10159563657748904|facebook
free forum. Don't like it....move along. Guess you little fellers don't like it when called out for stupidity!|10159566987128904|Dan Learn|2022-02-16 23:23:07|1|0|10159563657748904|facebook
Science says it's time to lift the mandates. Many countries already have even with lower vaccination rates. Over 90% vaccinated. If not now, When? Btw....you show what kind of person you are by name calling. I'm not a drinker at all. I also have lots of grandchildren I can spend time with at the cottage! So who cares what you think. Try to mature a little.|10159567019968904|Dan Vetor|2022-02-16 23:23:07|1|0|10159563657748904|facebook
you do you|10159567367688904|Michael Corbin|2022-02-16 23:23:07|1|0|10159563657748904|facebook
for your information, under Trump and now Biden, they also have the same thing in the US in mosts states. I travelled to SF, LA and Vegas four times over the last two years and had to show ID and proof of vaccination every time I went to a restaurant or an event. So the fact that the Federal government provided funding for this is not unusual. As well, because the Liberals have a minority government, it has to be approved by the majority in the house.|10159567380038904|Maria CT|2022-02-16 23:23:07|1|0|10159563657748904|facebook
you are the one who is laughable, who listens to idiots like Ron Clark, the looser who gets paid to in-still unrest in democratic societies.|10159567385078904|Maria CT|2022-02-16 23:23:07|1|0|10159563657748904|facebook
you know what’s equal to all of this, the politicians follow our constitutional rights. This would not be happening that’s all. God Bless|10159566551078904|Kelly Borges|2022-02-16 23:23:08|1|0|10159563657748904|facebook
maybe try quoting the right person|10159567424463904|Spencer Hale|2022-02-16 23:23:07|1|0|10159563657748904|facebook
ignorance at its best. Nothing intelligent to say. Keep listening to your Rebel media.|10159564671943904|Maria CT|2022-02-16 23:23:08|1|0|10159563657748904|facebook
what do u mean my rights weren’t trampled not being able to travel freely in my own county that’s not a privilege that’s a right also I won’t even get into all the other corruption by out government as you probably wouldn’t understand but Hopefully one day you see it and realize .. !|10159565373838904|Ronnie Richard|2022-02-16 23:23:08|1|0|10159563657748904|facebook
unmmm you should probably read and understand your charter of rights … here I’ll help you  The Canadian Charter of Rights and Freedoms Charterpedia Section 6 – Mobility rights Previous Table of contents Next Provision 6. (1) Every citizen of Canada has the right to enter, remain in and leave Canada.|10159565486173904|Nathan Vaillant|2022-02-16 23:23:08|1|0|10159563657748904|facebook
Tom English nice comment with absolutely no Merritt. Typical idiot who has no idea.|10159565751118904|Spencer Hale|2022-02-16 23:23:08|1|0|10159563657748904|facebook
You are so full of s..t|10159565976548904|Richard Husar|2022-02-16 23:23:08|1|0|10159563657748904|facebook
Ontario and Quebec as well as other provinces are ending mandates! Save for the federal trucker mandates I say that's a major success!|10159566488068904|Darrion Olsson|2022-02-16 23:23:08|1|0|10159563657748904|facebook
Average people and small businesses lose money for two years 🤷🏻‍♀️ no big deal  Millionaires lose money, calls state of emergency .. 😒|10159568076833904|Hailey Richardson|2022-02-16 23:23:01|0|0|10159563657748904|facebook
