{
    "original_request_url": "10159578438143904",
    "post_url": "https://facebook.com/story.php?story_fbid=10159578438143904&id=140961138903",
    "post_id": "10159578438143904",
    "text": "John Manley: Canada was not forged by revolution, but by \u2018peace, order and good government\u2019 \u2013 a fundamental divergence from the United States\n\nTHEGLOBEANDMAIL.COM\nIn the midst of cries for individual \u2018freedoms,\u2019 Canadian collectivism prevails",
    "post_text": "John Manley: Canada was not forged by revolution, but by \u2018peace, order and good government\u2019 \u2013 a fundamental divergence from the United States",
    "shared_text": "THEGLOBEANDMAIL.COM\nIn the midst of cries for individual \u2018freedoms,\u2019 Canadian collectivism prevails",
    "original_text": null,
    "time": "2022-02-23 14:53:57",
    "timestamp": 1645628037,
    "image": "https://www.theglobeandmail.com/resizer/STNbcpLDekxzz2ir9riwhOBVP6k=/1200x800/filters:quality(80)/cloudfront-us-east-1.images.arcpublishing.com/tgam/D46KNOKLTRLZ5K33ZXNOVBH5DM.JPG",
    "image_lowquality": "https://external-sea1-1.xx.fbcdn.net/safe_image.php?d=AQFkCIbk4YIkYBMx&w=476&h=249&url=https%3A%2F%2Fwww.theglobeandmail.com%2Fresizer%2FSTNbcpLDekxzz2ir9riwhOBVP6k%3D%2F1200x800%2Ffilters%3Aquality%2880%29%2Fcloudfront-us-east-1.images.arcpublishing.com%2Ftgam%2FD46KNOKLTRLZ5K33ZXNOVBH5DM.JPG&cfs=1&jq=75&ext=jpg&_nc_oe=6fab5&_nc_sid=06c271&ccb=3-5&_nc_hash=AQEPKy3f0XeaopmA",
    "images": [
        "https://www.theglobeandmail.com/resizer/STNbcpLDekxzz2ir9riwhOBVP6k=/1200x800/filters:quality(80)/cloudfront-us-east-1.images.arcpublishing.com/tgam/D46KNOKLTRLZ5K33ZXNOVBH5DM.JPG"
    ],
    "images_description": [],
    "images_lowquality": [
        "https://external-sea1-1.xx.fbcdn.net/safe_image.php?d=AQFkCIbk4YIkYBMx&w=476&h=249&url=https%3A%2F%2Fwww.theglobeandmail.com%2Fresizer%2FSTNbcpLDekxzz2ir9riwhOBVP6k%3D%2F1200x800%2Ffilters%3Aquality%2880%29%2Fcloudfront-us-east-1.images.arcpublishing.com%2Ftgam%2FD46KNOKLTRLZ5K33ZXNOVBH5DM.JPG&cfs=1&jq=75&ext=jpg&_nc_oe=6fab5&_nc_sid=06c271&ccb=3-5&_nc_hash=AQEPKy3f0XeaopmA"
    ],
    "images_lowquality_description": [
        null
    ],
    "video": null,
    "video_duration_seconds": null,
    "video_height": null,
    "video_id": null,
    "video_quality": null,
    "video_size_MB": null,
    "video_thumbnail": null,
    "video_watches": null,
    "video_width": null,
    "likes": 222,
    "comments": 16,
    "shares": 13,
    "link": "http://www.theglobeandmail.com/opinion/article-in-the-midst-of-cries-for-individual-freedoms-canadian-collectivism/?utm_campaign=sophi-pop&utm_medium=post&utm_source=facebook&fbclid=IwAR17Kwf_kqvN1gg1m_Tr43jRDNUW66tm0BenqckralDl1vyQ5jqyTY8we-A",
    "links": [],
    "user_id": "140961138903",
    "username": "The Globe and Mail",
    "user_url": "https://facebook.com/theglobeandmail/?refid=52",
    "is_live": false,
    "factcheck": null,
    "shared_post_id": null,
    "shared_time": null,
    "shared_user_id": null,
    "shared_username": null,
    "shared_post_url": null,
    "available": true,
    "comments_full": [
        {
            "comment_id": "10159579030813904",
            "comment_url": "https://facebook.com/10159579030813904",
            "commenter_id": "506563102",
            "commenter_url": "https://facebook.com/murray.crawford.5?fref=nf&rc=p&refid=52",
            "commenter_name": "Murray Crawford",
            "commenter_meta": "Top fan",
            "comment_text": "The protest was really against public health measures. \u201cFreedom\u201d in the sense of democracy was never the issue but that approach gained more traction for the subversives in the group. A colossal waste of money with nothing to show for it.",
            "comment_time": "2022-02-23 00:00:00",
            "comment_image": null,
            "comment_reactors": [],
            "comment_reactions": null,
            "comment_reaction_count": null,
            "replies": [
                {
                    "comment_id": "10159579171068904",
                    "comment_url": "https://facebook.com/10159579171068904",
                    "commenter_id": "849850022",
                    "commenter_url": "https://facebook.com/alicetu3?fref=nf&rc=p",
                    "commenter_name": "Alice Tu",
                    "commenter_meta": null,
                    "comment_text": "Murray Crawford I think some organizer made off with millions.",
                    "comment_time": "2022-02-23 00:00:00",
                    "comment_image": "https://scontent.xx.fbcdn.net/m1/v/t6/An_UvxJXg9tdnLU3Y5qjPi0200MLilhzPXUgxzGjQzUMaNcmjdZA6anyrngvkdub33NZzZhd51fpCAEzNHFhko5aKRFP5fS1w_lKwYrzcNLupv27.png?ccb=10-5&oh=00_AT9C82irDy7Sn8cI_UEelmRC1FY5K5jw2pfWXlZ8QaKL1g&oe=62246CF9&_nc_sid=55e238",
                    "comment_reactors": [],
                    "comment_reactions": null,
                    "comment_reaction_count": null
                },
                {
                    "comment_id": "10159579637348904",
                    "comment_url": "https://facebook.com/10159579637348904",
                    "commenter_id": "597417338",
                    "commenter_url": "https://facebook.com/polly.brown.739?fref=nf&rc=p",
                    "commenter_name": "Polly Brown",
                    "commenter_meta": null,
                    "comment_text": "Alice Tu True",
                    "comment_time": "2022-02-23 00:00:00",
                    "comment_image": "https://scontent.xx.fbcdn.net/m1/v/t6/An_UvxJXg9tdnLU3Y5qjPi0200MLilhzPXUgxzGjQzUMaNcmjdZA6anyrngvkdub33NZzZhd51fpCAEzNHFhko5aKRFP5fS1w_lKwYrzcNLupv27.png?ccb=10-5&oh=00_AT9C82irDy7Sn8cI_UEelmRC1FY5K5jw2pfWXlZ8QaKL1g&oe=62246CF9&_nc_sid=55e238",
                    "comment_reactors": [],
                    "comment_reactions": null,
                    "comment_reaction_count": null
                }
            ]
        },
        {
            "comment_id": "10159578683318904",
            "comment_url": "https://facebook.com/10159578683318904",
            "commenter_id": "1453759929",
            "commenter_url": "https://facebook.com/patrickperrier5044?fref=nf&rc=p&refid=52",
            "commenter_name": "Patrick Perrier",
            "commenter_meta": null,
            "comment_text": "Well good governance can be eliminated from that statement",
            "comment_time": "2022-02-23 17:45:10",
            "comment_image": null,
            "comment_reactors": [],
            "comment_reactions": null,
            "comment_reaction_count": null,
            "replies": []
        },
        {
            "comment_id": "10159578883173904",
            "comment_url": "https://facebook.com/10159578883173904",
            "commenter_id": "657806442",
            "commenter_url": "https://facebook.com/LouderThanHel?fref=nf&rc=p&refid=52",
            "commenter_name": "Francesco Ciardullo",
            "commenter_meta": null,
            "comment_text": "The government has failed because it has too much power over the individual. Peaceful Revolution seems necessary.",
            "comment_time": "2022-02-23 00:00:00",
            "comment_image": null,
            "comment_reactors": [],
            "comment_reactions": null,
            "comment_reaction_count": null,
            "replies": [
                {
                    "comment_id": "10159579449303904",
                    "comment_url": "https://facebook.com/10159579449303904",
                    "commenter_id": "100002125388088",
                    "commenter_url": "https://facebook.com/mark.lefebvre.50?fref=nf&rc=p",
                    "commenter_name": "Mark Lefebvre",
                    "commenter_meta": null,
                    "comment_text": "Francesco Ciardullo try voting",
                    "comment_time": "2022-02-23 00:00:00",
                    "comment_image": "https://scontent.xx.fbcdn.net/m1/v/t6/An_UvxJXg9tdnLU3Y5qjPi0200MLilhzPXUgxzGjQzUMaNcmjdZA6anyrngvkdub33NZzZhd51fpCAEzNHFhko5aKRFP5fS1w_lKwYrzcNLupv27.png?ccb=10-5&oh=00_AT9C82irDy7Sn8cI_UEelmRC1FY5K5jw2pfWXlZ8QaKL1g&oe=62246CF9&_nc_sid=55e238",
                    "comment_reactors": [],
                    "comment_reactions": null,
                    "comment_reaction_count": null
                },
                {
                    "comment_id": "10159579762128904",
                    "comment_url": "https://facebook.com/10159579762128904",
                    "commenter_id": "563283052",
                    "commenter_url": "https://facebook.com/seniarapisarda?fref=nf&rc=p",
                    "commenter_name": "Senia Ra",
                    "commenter_meta": null,
                    "comment_text": "Francesco Ciardullo ma che cazzate, ma vai a votare.",
                    "comment_time": "2022-02-24 00:00:00",
                    "comment_image": "https://scontent.xx.fbcdn.net/m1/v/t6/An_UvxJXg9tdnLU3Y5qjPi0200MLilhzPXUgxzGjQzUMaNcmjdZA6anyrngvkdub33NZzZhd51fpCAEzNHFhko5aKRFP5fS1w_lKwYrzcNLupv27.png?ccb=10-5&oh=00_AT9C82irDy7Sn8cI_UEelmRC1FY5K5jw2pfWXlZ8QaKL1g&oe=62246CF9&_nc_sid=55e238",
                    "comment_reactors": [],
                    "comment_reactions": null,
                    "comment_reaction_count": null
                }
            ]
        },
        {
            "comment_id": "10159578474918904",
            "comment_url": "https://facebook.com/10159578474918904",
            "commenter_id": "703745240",
            "commenter_url": "https://facebook.com/moigradeanu.alexandru?fref=nf&rc=p&refid=52",
            "commenter_name": "Moigradeanu Alexandru",
            "commenter_meta": null,
            "comment_text": "The Liberals and MSM promoted an angry narrative right from the beginning. When they saw ordinary everyday Canadians supporting the trucke rs and cheering them on along the way , they knew they had misread the situation and they were going to show the evils of this protest even if they had to create them by only interviewing people that had bad experiences. They double down on the objective flags and foreign donations\u2026and tried to make all the protestors look like ra cists and any other name the PM could muster up that day. That is their favourite tactic. Calling us names because we don\u2019t agree with them/him. He has not a moral ground to stand on , as he is the only person I know of that has dressed up with his face painted black! It should not matter what political stripe you are, you should be sickened by the abuse of power by this government. The PM is the greatest danger to this country right now! He has to go! MO",
            "comment_time": "2022-02-23 17:45:10",
            "comment_image": null,
            "comment_reactors": [],
            "comment_reactions": null,
            "comment_reaction_count": null,
            "replies": [
                {
                    "comment_id": "10159578491813904",
                    "comment_url": "https://facebook.com/10159578491813904",
                    "commenter_id": "100010067385198",
                    "commenter_url": "https://facebook.com/profile.php?id=100010067385198&fref=nf&rc=p",
                    "commenter_name": "Kristen Thomlinson",
                    "commenter_meta": "Top fan",
                    "comment_text": "Moigradeanu Alexandru I suppose one could reach the conclusion that this was a white supremacist demonstration when swastikas' and the confederate flag were being waved around. Given that over 90% of truckers are vaccinated and working only demonstrates that participants in this so called \"protest\" were nothing but malcontents looking to overthrow the government. Want change? Want to change the government? You do it at the ballot-box. You don't illegally squat in Canadian cities and illegally blockade border crossings.\n\nWhat \"abuse\" of power are you referencing? Trudeau leads a minority government. The EA was brought to the HoC and voted on by duly elected parliamentarian\ns. Hardly what one could term a dictatorship or abuse of power. The EA is subject to parliamentary oversight.",
                    "comment_time": "2022-02-23 17:45:13",
                    "comment_image": "https://static.xx.fbcdn.net/rsrc.php/v3/y7/r/4bRBCBmu1Q9.png",
                    "comment_reactors": [],
                    "comment_reactions": null,
                    "comment_reaction_count": null
                },
                {
                    "comment_id": "10159578567578904",
                    "comment_url": "https://facebook.com/10159578567578904",
                    "commenter_id": "100002247797224",
                    "commenter_url": "https://facebook.com/irena.lebioda.7?fref=nf&rc=p",
                    "commenter_name": "Lebioda Irena",
                    "commenter_meta": null,
                    "comment_text": "Kristen Thomlinson That man with hakenkreuz flag had crew of photographers follow him from the beginning. He was fully masked, who knows who that was. On the other hand no word about original report of two convoy members setting a fire to apartment. After their pictures were out and you can see \"the type\" we never heard about it again. https://\nwww.cbc.ca/news/\ncanada/ottawa/\nottawa-police-ar\nson-investigati\non-fire-apartme\nnt-lobby-1.6342\n347",
                    "comment_time": "2022-02-23 17:45:13",
                    "comment_image": "https://www.cbc.ca/news/canada/ottawa/ottawa-police-arson-investigation-fire-apartment-lobby-1.6342347?fbclid=IwAR2MxJAAlK0Rd3xnKoWAJT2SnBSQxD30vufERee7wDRH2ptXOQWPny9MSV4",
                    "comment_reactors": [],
                    "comment_reactions": null,
                    "comment_reaction_count": null
                },
                {
                    "comment_id": "10159578649998904",
                    "comment_url": "https://facebook.com/10159578649998904",
                    "commenter_id": "706995122",
                    "commenter_url": "https://facebook.com/brandon.bartlett.902?fref=nf&rc=p",
                    "commenter_name": "Brandon Bartlett",
                    "commenter_meta": null,
                    "comment_text": "Kristen Thomlinson there was one swastika and one confederate flag. The swastika drawn on a Canadian flag (though a bad call due to the horrible memories it bring to those who suffered) was meant to say that Canada has fallen under a dictatorship. It was not meant to support communism.",
                    "comment_time": "2022-02-23 17:45:13",
                    "comment_image": null,
                    "comment_reactors": [],
                    "comment_reactions": null,
                    "comment_reaction_count": null
                },
                {
                    "comment_id": "10159578873218904",
                    "comment_url": "https://facebook.com/10159578873218904",
                    "commenter_id": "586970314",
                    "commenter_url": "https://facebook.com/christine.blacquiere.9?fref=nf&rc=p",
                    "commenter_name": "Christine Blacquiere",
                    "commenter_meta": null,
                    "comment_text": "Moigradeanu Alexandru I think people tend to forget that the only major violence from citizens during this whole thing is when an alleged far left radical plowed into 4 people with his SUV and fled the scene in Manitoba.",
                    "comment_time": "2022-02-23 00:00:00",
                    "comment_image": "https://scontent.xx.fbcdn.net/m1/v/t6/An_UvxJXg9tdnLU3Y5qjPi0200MLilhzPXUgxzGjQzUMaNcmjdZA6anyrngvkdub33NZzZhd51fpCAEzNHFhko5aKRFP5fS1w_lKwYrzcNLupv27.png?ccb=10-5&oh=00_AT9C82irDy7Sn8cI_UEelmRC1FY5K5jw2pfWXlZ8QaKL1g&oe=62246CF9&_nc_sid=55e238",
                    "comment_reactors": [],
                    "comment_reactions": null,
                    "comment_reaction_count": null
                },
                {
                    "comment_id": "10159579639648904",
                    "comment_url": "https://facebook.com/10159579639648904",
                    "commenter_id": "597417338",
                    "commenter_url": "https://facebook.com/polly.brown.739?fref=nf&rc=p",
                    "commenter_name": "Polly Brown",
                    "commenter_meta": null,
                    "comment_text": "Brandon Bartlett Really? And you know this how?",
                    "comment_time": "2022-02-23 00:00:00",
                    "comment_image": "https://scontent.xx.fbcdn.net/m1/v/t6/An_UvxJXg9tdnLU3Y5qjPi0200MLilhzPXUgxzGjQzUMaNcmjdZA6anyrngvkdub33NZzZhd51fpCAEzNHFhko5aKRFP5fS1w_lKwYrzcNLupv27.png?ccb=10-5&oh=00_AT9C82irDy7Sn8cI_UEelmRC1FY5K5jw2pfWXlZ8QaKL1g&oe=62246CF9&_nc_sid=55e238",
                    "comment_reactors": [],
                    "comment_reactions": null,
                    "comment_reaction_count": null
                },
                {
                    "comment_id": "10159579640853904",
                    "comment_url": "https://facebook.com/10159579640853904",
                    "commenter_id": "597417338",
                    "commenter_url": "https://facebook.com/polly.brown.739?fref=nf&rc=p",
                    "commenter_name": "Polly Brown",
                    "commenter_meta": null,
                    "comment_text": "Kristen Thomlinson Spot on. You nailed it.",
                    "comment_time": "2022-02-23 00:00:00",
                    "comment_image": "https://scontent.xx.fbcdn.net/m1/v/t6/An_UvxJXg9tdnLU3Y5qjPi0200MLilhzPXUgxzGjQzUMaNcmjdZA6anyrngvkdub33NZzZhd51fpCAEzNHFhko5aKRFP5fS1w_lKwYrzcNLupv27.png?ccb=10-5&oh=00_AT9C82irDy7Sn8cI_UEelmRC1FY5K5jw2pfWXlZ8QaKL1g&oe=62246CF9&_nc_sid=55e238",
                    "comment_reactors": [],
                    "comment_reactions": null,
                    "comment_reaction_count": null
                },
                {
                    "comment_id": "10159579700083904",
                    "comment_url": "https://facebook.com/10159579700083904",
                    "commenter_id": "706995122",
                    "commenter_url": "https://facebook.com/brandon.bartlett.902?fref=nf&rc=p",
                    "commenter_name": "Brandon Bartlett",
                    "commenter_meta": null,
                    "comment_text": "Polly Brown because they interviewed the guy.",
                    "comment_time": "2022-02-24 00:00:00",
                    "comment_image": "https://scontent.xx.fbcdn.net/m1/v/t6/An_F9bJG7govfshSMBkvcRLcxT0jmiXVYKtr7lgH5AHgUrjjpZ1OD0xyxXYgf7arc0lWgCdrR_KN4Mg7RSN3Gm3W6Gg03N1tQ-ZXzVvFJ_KvvB4.png?ccb=10-5&oh=00_AT8ScZKrgCPhmfSgYBZgvnQHv14vvPQpgzOW8DDMFGGodg&oe=62243F67&_nc_sid=55e238",
                    "comment_reactors": [],
                    "comment_reactions": null,
                    "comment_reaction_count": null
                }
            ]
        },
        {
            "comment_id": "10159578515858904",
            "comment_url": "https://facebook.com/10159578515858904",
            "commenter_id": "1150360690",
            "commenter_url": "https://facebook.com/joanne.ryan.946?fref=nf&rc=p&refid=52",
            "commenter_name": "Joanne Ryan",
            "commenter_meta": null,
            "comment_text": "The majority won this little temper trantrum.",
            "comment_time": "2022-02-23 17:45:10",
            "comment_image": null,
            "comment_reactors": [],
            "comment_reactions": null,
            "comment_reaction_count": null,
            "replies": [
                {
                    "comment_id": "10159578880138904",
                    "comment_url": "https://facebook.com/10159578880138904",
                    "commenter_id": "100001719760922",
                    "commenter_url": "https://facebook.com/peter.mesi.7?fref=nf&rc=p",
                    "commenter_name": "Peter Mesi",
                    "commenter_meta": null,
                    "comment_text": "Joanne Ryan please expand ?",
                    "comment_time": "2022-02-23 00:00:00",
                    "comment_image": null,
                    "comment_reactors": [],
                    "comment_reactions": null,
                    "comment_reaction_count": null
                },
                {
                    "comment_id": "10159579380613904",
                    "comment_url": "https://facebook.com/10159579380613904",
                    "commenter_id": "635925904",
                    "commenter_url": "https://facebook.com/alison.batt.1?fref=nf&rc=p",
                    "commenter_name": "Alison Batt",
                    "commenter_meta": null,
                    "comment_text": "Joanne Ryan you are right. Restrictions are being lifted across the country and the emergencies act has been revoked. The PMs tail is firmly stuck between his legs and Singh must be livid lol",
                    "comment_time": "2022-02-23 00:00:00",
                    "comment_image": "https://scontent.xx.fbcdn.net/m1/v/t6/An_F9bJG7govfshSMBkvcRLcxT0jmiXVYKtr7lgH5AHgUrjjpZ1OD0xyxXYgf7arc0lWgCdrR_KN4Mg7RSN3Gm3W6Gg03N1tQ-ZXzVvFJ_KvvB4.png?ccb=10-5&oh=00_AT8ScZKrgCPhmfSgYBZgvnQHv14vvPQpgzOW8DDMFGGodg&oe=62243F67&_nc_sid=55e238",
                    "comment_reactors": [],
                    "comment_reactions": null,
                    "comment_reaction_count": null
                },
                {
                    "comment_id": "10159581815963904",
                    "comment_url": "https://facebook.com/10159581815963904",
                    "commenter_id": "708301738",
                    "commenter_url": "https://facebook.com/christine.campbell?fref=nf&rc=p",
                    "commenter_name": "Christine Campbell",
                    "commenter_meta": null,
                    "comment_text": "Alison Batt The restrictions were scheduled to be lifted anyway. And the act was revoked after the cities had been cleared. One could argue that the government got what it wanted with the act because one of the things that will happen will be a inquiry into not only the reasons for invoking it but also how the protest came about and who was involved.",
                    "comment_time": "2022-02-25 00:00:00",
                    "comment_image": "https://scontent.xx.fbcdn.net/m1/v/t6/An_UvxJXg9tdnLU3Y5qjPi0200MLilhzPXUgxzGjQzUMaNcmjdZA6anyrngvkdub33NZzZhd51fpCAEzNHFhko5aKRFP5fS1w_lKwYrzcNLupv27.png?ccb=10-5&oh=00_AT9C82irDy7Sn8cI_UEelmRC1FY5K5jw2pfWXlZ8QaKL1g&oe=62246CF9&_nc_sid=55e238",
                    "comment_reactors": [],
                    "comment_reactions": null,
                    "comment_reaction_count": null
                }
            ]
        },
        {
            "comment_id": "10159578840738904",
            "comment_url": "https://facebook.com/10159578840738904",
            "commenter_id": "100002620178219",
            "commenter_url": "https://facebook.com/ryan.bennett.54966?fref=nf&rc=p&refid=52",
            "commenter_name": "Ryan Bennett",
            "commenter_meta": null,
            "comment_text": "Collectivism is a nice way of calling people Lemmings. Also, describing what we have right now as good government is a joke.",
            "comment_time": "2022-02-23 00:00:00",
            "comment_image": null,
            "comment_reactors": [],
            "comment_reactions": null,
            "comment_reaction_count": null,
            "replies": []
        },
        {
            "comment_id": "10159578527013904",
            "comment_url": "https://facebook.com/10159578527013904",
            "commenter_id": "673800718",
            "commenter_url": "https://facebook.com/roberto.a.andino?fref=nf&rc=p&refid=52",
            "commenter_name": "Roberto Andino",
            "commenter_meta": null,
            "comment_text": "Collectivism is 2 wolves and a sheep voting on what is for dinner tonight... collectivist can never fathom that they would EVER find themselves \"in the wool\"... fools.",
            "comment_time": "2022-02-23 17:45:10",
            "comment_image": null,
            "comment_reactors": [],
            "comment_reactions": null,
            "comment_reaction_count": null,
            "replies": []
        },
        {
            "comment_id": "10159578690583904",
            "comment_url": "https://facebook.com/10159578690583904",
            "commenter_id": "503201082",
            "commenter_url": "https://facebook.com/TheGrahamCarter?fref=nf&rc=p&refid=52",
            "commenter_name": "Graham Carter",
            "commenter_meta": null,
            "comment_text": "It wasn't a revolution, no one got killed, it's a protest. They happen all over the world, what a base shallow comparison rooted in Canadian smugness.",
            "comment_time": "2022-02-23 00:00:00",
            "comment_image": null,
            "comment_reactors": [],
            "comment_reactions": null,
            "comment_reaction_count": null,
            "replies": []
        },
        {
            "comment_id": "10159579224858904",
            "comment_url": "https://facebook.com/10159579224858904",
            "commenter_id": "1833837913",
            "commenter_url": "https://facebook.com/william.m.brienza?fref=nf&rc=p&refid=52",
            "commenter_name": "William Michael Brienza",
            "commenter_meta": null,
            "comment_text": "Good government? The corona virus mandates were good government?",
            "comment_time": "2022-02-23 00:00:00",
            "comment_image": null,
            "comment_reactors": [],
            "comment_reactions": null,
            "comment_reaction_count": null,
            "replies": [
                {
                    "comment_id": "10159583558658904",
                    "comment_url": "https://facebook.com/10159583558658904",
                    "commenter_id": "742580796",
                    "commenter_url": "https://facebook.com/patrick.rose.58323?fref=nf&rc=p",
                    "commenter_name": "Paderick Rose",
                    "commenter_meta": null,
                    "comment_text": "William Michael Brienza that were mostly under Provincial Jurisdiction",
                    "comment_time": "2022-02-26 00:00:00",
                    "comment_image": null,
                    "comment_reactors": [],
                    "comment_reactions": null,
                    "comment_reaction_count": null
                },
                {
                    "comment_id": "10159584474683904",
                    "comment_url": "https://facebook.com/10159584474683904",
                    "commenter_id": "1833837913",
                    "commenter_url": "https://facebook.com/william.m.brienza?fref=nf&rc=p",
                    "commenter_name": "William Michael Brienza",
                    "commenter_meta": null,
                    "comment_text": "Paderick Rose Not at the border to the US and that is the big issue. The federal government in Ottawa owns all of that continuing problem with the accompanying bitterness and bad publicity.",
                    "comment_time": "2022-02-26 00:00:00",
                    "comment_image": null,
                    "comment_reactors": [],
                    "comment_reactions": null,
                    "comment_reaction_count": null
                },
                {
                    "comment_id": "10159584477913904",
                    "comment_url": "https://facebook.com/10159584477913904",
                    "commenter_id": "742580796",
                    "commenter_url": "https://facebook.com/patrick.rose.58323?fref=nf&rc=p",
                    "commenter_name": "Paderick Rose",
                    "commenter_meta": null,
                    "comment_text": "William Michael Brienza and you all seem to forget the US imposed vaccinated protocols at the border before Canada so the protest a moot point",
                    "comment_time": "2022-02-26 00:00:00",
                    "comment_image": null,
                    "comment_reactors": [],
                    "comment_reactions": null,
                    "comment_reaction_count": null
                },
                {
                    "comment_id": "10159584580303904",
                    "comment_url": "https://facebook.com/10159584580303904",
                    "commenter_id": "1833837913",
                    "commenter_url": "https://facebook.com/william.m.brienza?fref=nf&rc=p",
                    "commenter_name": "William Michael Brienza",
                    "commenter_meta": null,
                    "comment_text": "Paderick Rose That is absolutely not true. From March 2020 to September 2020 I crossed the border every two weeks to pickup my mail and medicines in the US. I never had a problem with the American border people but the Canadian border agents put me in 14 day quarantine 10 times. Donald Trump never restricted the Canadian US border. Two days after he became president on 22 Jan 2021 Joe Biden implemented the same exact restrictions on border crossing that the Canadians had since at least March 2020. Biden's actions were in retaliation for the Canadian restrictions with an exception, they were not going to apply to American citizens. Since millions of Canadians are also Americans and millions of Americans are also Canadians that helped a little but not for me. I have been in self-imposed exile since September 2020 and I am not returning to my home in New Brunswick until all corona virus restrictions at the border are lifted.",
                    "comment_time": "2022-02-26 00:00:00",
                    "comment_image": null,
                    "comment_reactors": [],
                    "comment_reactions": null,
                    "comment_reaction_count": null
                },
                {
                    "comment_id": "10159584593188904",
                    "comment_url": "https://facebook.com/10159584593188904",
                    "commenter_id": "742580796",
                    "commenter_url": "https://facebook.com/patrick.rose.58323?fref=nf&rc=p",
                    "commenter_name": "Paderick Rose",
                    "commenter_meta": null,
                    "comment_text": "William Michael Brienza I was told Biden had them in before Canada and a Convoy Trucker stated that.\nYou will recall the same US government told American's to not go to Canada re spikes in Case's.\nTrump is a idiot he put sanctions on Canada 2x and the military at the border cause he said Canada was a security threat from the war of 1812, when the British burned down the White House.",
                    "comment_time": "2022-02-26 00:00:00",
                    "comment_image": null,
                    "comment_reactors": [],
                    "comment_reactions": null,
                    "comment_reaction_count": null
                }
            ]
        },
        {
            "comment_id": "10159578805153904",
            "comment_url": "https://facebook.com/10159578805153904",
            "commenter_id": "712025618",
            "commenter_url": "https://facebook.com/adam.slater3?fref=nf&rc=p&refid=52",
            "commenter_name": "Adam Slater",
            "commenter_meta": null,
            "comment_text": "Funny how the Globe is carting out the old establishment to tell us 'This is Canada we don't have freedom here!'",
            "comment_time": "2022-02-23 00:00:00",
            "comment_image": null,
            "comment_reactors": [],
            "comment_reactions": null,
            "comment_reaction_count": null,
            "replies": [
                {
                    "comment_id": "10159579685908904",
                    "comment_url": "https://facebook.com/10159579685908904",
                    "commenter_id": "100014905418188",
                    "commenter_url": "https://facebook.com/vilma.villamor.142?fref=nf&rc=p",
                    "commenter_name": "Vilma Villamor",
                    "commenter_meta": null,
                    "comment_text": "Adam Slater well go to China or North Korea and get your Freedom there.",
                    "comment_time": "2022-02-23 00:00:00",
                    "comment_image": "https://scontent.xx.fbcdn.net/m1/v/t6/An_UvxJXg9tdnLU3Y5qjPi0200MLilhzPXUgxzGjQzUMaNcmjdZA6anyrngvkdub33NZzZhd51fpCAEzNHFhko5aKRFP5fS1w_lKwYrzcNLupv27.png?ccb=10-5&oh=00_AT9C82irDy7Sn8cI_UEelmRC1FY5K5jw2pfWXlZ8QaKL1g&oe=62246CF9&_nc_sid=55e238",
                    "comment_reactors": [],
                    "comment_reactions": null,
                    "comment_reaction_count": null
                }
            ]
        },
        {
            "comment_id": "10159578711013904",
            "comment_url": "https://facebook.com/10159578711013904",
            "commenter_id": "100065102807760",
            "commenter_url": "https://facebook.com/robson.trajano.144?fref=nf&rc=p&refid=52",
            "commenter_name": "Robson Ferreira",
            "commenter_meta": "Top fan",
            "comment_text": "Canada technically still has a queen. I remember visiting parliament once and some Americans asking so many questions to try and understand why Canada isn\u2019t a republic and how it works lol I was born in a third world country and learned in school how the Canadian government works and Canadian history.",
            "comment_time": "2022-02-23 00:00:00",
            "comment_image": null,
            "comment_reactors": [],
            "comment_reactions": null,
            "comment_reaction_count": null,
            "replies": [
                {
                    "comment_id": "10159578800543904",
                    "comment_url": "https://facebook.com/10159578800543904",
                    "commenter_id": "596335148",
                    "commenter_url": "https://facebook.com/brian.j.anderson.writer?fref=nf&rc=p",
                    "commenter_name": "Brian J Anderson",
                    "commenter_meta": null,
                    "comment_text": "Robson Ferreira Fact is, it doesn\u2019t work.",
                    "comment_time": "2022-02-23 00:00:00",
                    "comment_image": "https://scontent.xx.fbcdn.net/m1/v/t6/An_F9bJG7govfshSMBkvcRLcxT0jmiXVYKtr7lgH5AHgUrjjpZ1OD0xyxXYgf7arc0lWgCdrR_KN4Mg7RSN3Gm3W6Gg03N1tQ-ZXzVvFJ_KvvB4.png?ccb=10-5&oh=00_AT8ScZKrgCPhmfSgYBZgvnQHv14vvPQpgzOW8DDMFGGodg&oe=62243F67&_nc_sid=55e238",
                    "comment_reactors": [],
                    "comment_reactions": null,
                    "comment_reaction_count": null
                },
                {
                    "comment_id": "10159578878808904",
                    "comment_url": "https://facebook.com/10159578878808904",
                    "commenter_id": "100003584179943",
                    "commenter_url": "https://facebook.com/scott.verge.1?fref=nf&rc=p",
                    "commenter_name": "Scott Verge",
                    "commenter_meta": null,
                    "comment_text": "Brian J Anderson it works just fine.",
                    "comment_time": "2022-02-23 00:00:00",
                    "comment_image": "https://scontent.xx.fbcdn.net/m1/v/t6/An_UvxJXg9tdnLU3Y5qjPi0200MLilhzPXUgxzGjQzUMaNcmjdZA6anyrngvkdub33NZzZhd51fpCAEzNHFhko5aKRFP5fS1w_lKwYrzcNLupv27.png?ccb=10-5&oh=00_AT9C82irDy7Sn8cI_UEelmRC1FY5K5jw2pfWXlZ8QaKL1g&oe=62246CF9&_nc_sid=55e238",
                    "comment_reactors": [],
                    "comment_reactions": null,
                    "comment_reaction_count": null
                },
                {
                    "comment_id": "10159578976018904",
                    "comment_url": "https://facebook.com/10159578976018904",
                    "commenter_id": "552676821",
                    "commenter_url": "https://facebook.com/margo.harding?fref=nf&rc=p",
                    "commenter_name": "Margo Harding",
                    "commenter_meta": null,
                    "comment_text": "Brian J Anderson and do you suggest a President works better, not been impressed with some that are out there.",
                    "comment_time": "2022-02-23 00:00:00",
                    "comment_image": "https://scontent.xx.fbcdn.net/m1/v/t6/An_UvxJXg9tdnLU3Y5qjPi0200MLilhzPXUgxzGjQzUMaNcmjdZA6anyrngvkdub33NZzZhd51fpCAEzNHFhko5aKRFP5fS1w_lKwYrzcNLupv27.png?ccb=10-5&oh=00_AT9C82irDy7Sn8cI_UEelmRC1FY5K5jw2pfWXlZ8QaKL1g&oe=62246CF9&_nc_sid=55e238",
                    "comment_reactors": [],
                    "comment_reactions": null,
                    "comment_reaction_count": null
                }
            ]
        },
        {
            "comment_id": "10159578545573904",
            "comment_url": "https://facebook.com/10159578545573904",
            "commenter_id": "100002247797224",
            "commenter_url": "https://facebook.com/irena.lebioda.7?fref=nf&rc=p&refid=52",
            "commenter_name": "Lebioda Irena",
            "commenter_meta": null,
            "comment_text": "Wouldn't an admission that our PM panicked or accepted ill advise be more effective damage control?",
            "comment_time": "2022-02-23 17:45:10",
            "comment_image": null,
            "comment_reactors": [],
            "comment_reactions": null,
            "comment_reaction_count": null,
            "replies": [
                {
                    "comment_id": "10159578621873904",
                    "comment_url": "https://facebook.com/10159578621873904",
                    "commenter_id": "100011054794661",
                    "commenter_url": "https://facebook.com/profile.php?id=100011054794661&fref=nf&rc=p",
                    "commenter_name": "Billy Black",
                    "commenter_meta": null,
                    "comment_text": "Lebioda Irena He didn't panic, he got the job done, which is more than can be said of Doug Ford who's jurisdiction it was in. Maybe if Ford did his job Trudeau wouldn't have to.",
                    "comment_time": "2022-02-23 17:45:16",
                    "comment_image": "https://scontent.xx.fbcdn.net/m1/v/t6/An_UvxJXg9tdnLU3Y5qjPi0200MLilhzPXUgxzGjQzUMaNcmjdZA6anyrngvkdub33NZzZhd51fpCAEzNHFhko5aKRFP5fS1w_lKwYrzcNLupv27.png?ccb=10-5&oh=00_AT9C82irDy7Sn8cI_UEelmRC1FY5K5jw2pfWXlZ8QaKL1g&oe=62246CF9&_nc_sid=55e238",
                    "comment_reactors": [],
                    "comment_reactions": null,
                    "comment_reaction_count": null
                },
                {
                    "comment_id": "10159578643473904",
                    "comment_url": "https://facebook.com/10159578643473904",
                    "commenter_id": "100011054794661",
                    "commenter_url": "https://facebook.com/profile.php?id=100011054794661&fref=nf&rc=p",
                    "commenter_name": "Billy Black",
                    "commenter_meta": null,
                    "comment_text": "Lebioda Irena That was Doug Fords inaction. Trudeau did not have the authority to act until the EA was enacted. Maybe take a remedial course on political jurisdictions in Canada.",
                    "comment_time": "2022-02-23 17:45:16",
                    "comment_image": "https://scontent.xx.fbcdn.net/m1/v/t6/An_UvxJXg9tdnLU3Y5qjPi0200MLilhzPXUgxzGjQzUMaNcmjdZA6anyrngvkdub33NZzZhd51fpCAEzNHFhko5aKRFP5fS1w_lKwYrzcNLupv27.png?ccb=10-5&oh=00_AT9C82irDy7Sn8cI_UEelmRC1FY5K5jw2pfWXlZ8QaKL1g&oe=62246CF9&_nc_sid=55e238",
                    "comment_reactors": [],
                    "comment_reactions": null,
                    "comment_reaction_count": null
                },
                {
                    "comment_id": "10159578746158904",
                    "comment_url": "https://facebook.com/10159578746158904",
                    "commenter_id": "532330722",
                    "commenter_url": "https://facebook.com/andrew.dominowski.5?fref=nf&rc=p",
                    "commenter_name": "Andrew Dominowski",
                    "commenter_meta": null,
                    "comment_text": "Billy Black the feds poke their noses in provincial affairs all the time. Come on already",
                    "comment_time": "2022-02-23 00:00:00",
                    "comment_image": "https://scontent.xx.fbcdn.net/m1/v/t6/An_UvxJXg9tdnLU3Y5qjPi0200MLilhzPXUgxzGjQzUMaNcmjdZA6anyrngvkdub33NZzZhd51fpCAEzNHFhko5aKRFP5fS1w_lKwYrzcNLupv27.png?ccb=10-5&oh=00_AT9C82irDy7Sn8cI_UEelmRC1FY5K5jw2pfWXlZ8QaKL1g&oe=62246CF9&_nc_sid=55e238",
                    "comment_reactors": [],
                    "comment_reactions": null,
                    "comment_reaction_count": null
                }
            ]
        },
        {
            "comment_id": "10159578534668904",
            "comment_url": "https://facebook.com/10159578534668904",
            "commenter_id": "100018421247608",
            "commenter_url": "https://facebook.com/shane.ohara.39566?fref=nf&rc=p&refid=52",
            "commenter_name": "Shane O'Hara",
            "commenter_meta": null,
            "comment_text": "All hail the Federal Government \ud83d\ude4c",
            "comment_time": "2022-02-23 17:45:10",
            "comment_image": null,
            "comment_reactors": [],
            "comment_reactions": null,
            "comment_reaction_count": null,
            "replies": [
                {
                    "comment_id": "10159578884763904",
                    "comment_url": "https://facebook.com/10159578884763904",
                    "commenter_id": "100001719760922",
                    "commenter_url": "https://facebook.com/peter.mesi.7?fref=nf&rc=p",
                    "commenter_name": "Peter Mesi",
                    "commenter_meta": null,
                    "comment_text": "Shane O'Hara you mean the lack of",
                    "comment_time": "2022-02-23 00:00:00",
                    "comment_image": "https://scontent.xx.fbcdn.net/m1/v/t6/An_F9bJG7govfshSMBkvcRLcxT0jmiXVYKtr7lgH5AHgUrjjpZ1OD0xyxXYgf7arc0lWgCdrR_KN4Mg7RSN3Gm3W6Gg03N1tQ-ZXzVvFJ_KvvB4.png?ccb=10-5&oh=00_AT8ScZKrgCPhmfSgYBZgvnQHv14vvPQpgzOW8DDMFGGodg&oe=62243F67&_nc_sid=55e238",
                    "comment_reactors": [],
                    "comment_reactions": null,
                    "comment_reaction_count": null
                },
                {
                    "comment_id": "10159579177738904",
                    "comment_url": "https://facebook.com/10159579177738904",
                    "commenter_id": "534295118",
                    "commenter_url": "https://facebook.com/keith.roberts.90260?fref=nf&rc=p",
                    "commenter_name": "Keith Roberts",
                    "commenter_meta": null,
                    "comment_text": "Peter Mesi yes",
                    "comment_time": "2022-02-23 00:00:00",
                    "comment_image": "https://scontent.xx.fbcdn.net/m1/v/t6/An_UvxJXg9tdnLU3Y5qjPi0200MLilhzPXUgxzGjQzUMaNcmjdZA6anyrngvkdub33NZzZhd51fpCAEzNHFhko5aKRFP5fS1w_lKwYrzcNLupv27.png?ccb=10-5&oh=00_AT9C82irDy7Sn8cI_UEelmRC1FY5K5jw2pfWXlZ8QaKL1g&oe=62246CF9&_nc_sid=55e238",
                    "comment_reactors": [],
                    "comment_reactions": null,
                    "comment_reaction_count": null
                }
            ]
        },
        {
            "comment_id": "10159579032258904",
            "comment_url": "https://facebook.com/10159579032258904",
            "commenter_id": "1581496579",
            "commenter_url": "https://facebook.com/Petmule?fref=nf&rc=p&refid=52",
            "commenter_name": "Peter Muller",
            "commenter_meta": null,
            "comment_text": "When are we going to listen to trucker\u2019s demands to end 5G signals, immigrants, vaccines, carbon tax, abortion, bike lanes, colorful socks, and women who work outside the home?",
            "comment_time": "2022-02-23 00:00:00",
            "comment_image": null,
            "comment_reactors": [],
            "comment_reactions": null,
            "comment_reaction_count": null,
            "replies": []
        },
        {
            "comment_id": "10159578865318904",
            "comment_url": "https://facebook.com/10159578865318904",
            "commenter_id": "630162645",
            "commenter_url": "https://facebook.com/frederick.hollinger?fref=nf&rc=p&refid=52",
            "commenter_name": "Frederick Hollinger",
            "commenter_meta": null,
            "comment_text": "Might be about to change...",
            "comment_time": "2022-02-23 00:00:00",
            "comment_image": null,
            "comment_reactors": [],
            "comment_reactions": null,
            "comment_reaction_count": null,
            "replies": []
        },
        {
            "comment_id": "10159578759338904",
            "comment_url": "https://facebook.com/10159578759338904",
            "commenter_id": "100002417842763",
            "commenter_url": "https://facebook.com/andrew.merritt.948?fref=nf&rc=p&refid=52",
            "commenter_name": "Andrew Merritt",
            "commenter_meta": null,
            "comment_text": "Well theirs the antivaxx cults within a subjective belief system and personal freedom verses personal responsibilitie\ns within a universal belief system to our fellow citizens. Yes these restrictions do help save lives but then we have to deal with mental health as humans are extremally social creatures and some don't like to be told what to do. So we must somehow find wiggle room in-between such degrees of behaviors and responsibilitie\ns that focuses on both issues' think it can be done.",
            "comment_time": "2022-02-23 00:00:00",
            "comment_image": null,
            "comment_reactors": [],
            "comment_reactions": null,
            "comment_reaction_count": null,
            "replies": [
                {
                    "comment_id": "10159579182048904",
                    "comment_url": "https://facebook.com/10159579182048904",
                    "commenter_id": "534295118",
                    "commenter_url": "https://facebook.com/keith.roberts.90260?fref=nf&rc=p",
                    "commenter_name": "Keith Roberts",
                    "commenter_meta": null,
                    "comment_text": "Andrew Merritt well said that is so black & white, the question here is can people understand what you said? Time will tell, thanks for explaining that so well,",
                    "comment_time": "2022-02-23 00:00:00",
                    "comment_image": null,
                    "comment_reactors": [],
                    "comment_reactions": null,
                    "comment_reaction_count": null
                }
            ]
        }
    ],
    "reactors": null,
    "w3_fb_url": null,
    "reactions": null,
    "reaction_count": null,
    "with": null,
    "page_id": "140961138903",
    "sharers": null,
    "image_id": null,
    "image_ids": [],
    "was_live": false
}