{
    "original_request_url": "10159552449298904",
    "post_url": "https://facebook.com/story.php?story_fbid=10159552449298904&id=140961138903",
    "post_id": "10159552449298904",
    "text": "Federal government pressed to investigate financial contributions to protesters who have effectively shut down country\u2019s capital\n\nTHEGLOBEANDMAIL.COM\nOttawa has ability to investigate trucker convoy funding, Public Safety Minister Mendicino says",
    "post_text": "Federal government pressed to investigate financial contributions to protesters who have effectively shut down country\u2019s capital",
    "shared_text": "THEGLOBEANDMAIL.COM\nOttawa has ability to investigate trucker convoy funding, Public Safety Minister Mendicino says",
    "original_text": null,
    "time": "2022-02-08 04:18:58",
    "timestamp": 1644293938,
    "image": "https://www.theglobeandmail.com/resizer/A2QBZTnt1Zs_Fbu5T1VzO333Srk=/1200x781/filters:quality(80)/cloudfront-us-east-1.images.arcpublishing.com/tgam/MKYITIGX2FK3VAFKL7BNPW25LU.JPG",
    "image_lowquality": "https://external-sea1-1.xx.fbcdn.net/safe_image.php?d=AQEw6FG5nUBythI_&w=476&h=249&url=https%3A%2F%2Fwww.theglobeandmail.com%2Fresizer%2FA2QBZTnt1Zs_Fbu5T1VzO333Srk%3D%2F1200x781%2Ffilters%3Aquality%2880%29%2Fcloudfront-us-east-1.images.arcpublishing.com%2Ftgam%2FMKYITIGX2FK3VAFKL7BNPW25LU.JPG&cfs=1&jq=75&ext=jpg&_nc_oe=6fab8&_nc_sid=06c271&ccb=3-5&_nc_hash=AQHYSsmx7ZakgwSL",
    "images": [
        "https://www.theglobeandmail.com/resizer/A2QBZTnt1Zs_Fbu5T1VzO333Srk=/1200x781/filters:quality(80)/cloudfront-us-east-1.images.arcpublishing.com/tgam/MKYITIGX2FK3VAFKL7BNPW25LU.JPG"
    ],
    "images_description": [],
    "images_lowquality": [
        "https://external-sea1-1.xx.fbcdn.net/safe_image.php?d=AQEw6FG5nUBythI_&w=476&h=249&url=https%3A%2F%2Fwww.theglobeandmail.com%2Fresizer%2FA2QBZTnt1Zs_Fbu5T1VzO333Srk%3D%2F1200x781%2Ffilters%3Aquality%2880%29%2Fcloudfront-us-east-1.images.arcpublishing.com%2Ftgam%2FMKYITIGX2FK3VAFKL7BNPW25LU.JPG&cfs=1&jq=75&ext=jpg&_nc_oe=6fab8&_nc_sid=06c271&ccb=3-5&_nc_hash=AQHYSsmx7ZakgwSL"
    ],
    "images_lowquality_description": [
        null
    ],
    "video": null,
    "video_duration_seconds": null,
    "video_height": null,
    "video_id": null,
    "video_quality": null,
    "video_size_MB": null,
    "video_thumbnail": null,
    "video_watches": null,
    "video_width": null,
    "likes": 93,
    "comments": 27,
    "shares": 4,
    "link": "http://www.theglobeandmail.com/canada/article-ottawa-has-ability-to-investigate-trucker-convoy-funding-public-safety/?utm_campaign=sophi-pop&utm_medium=post&utm_source=facebook&fbclid=IwAR0boqxKqDanS7Sm999wcrzXgapOlNbc_YnttG3lPRurLXM7Fb0oKP3JngI",
    "links": [],
    "user_id": "140961138903",
    "username": "The Globe and Mail",
    "user_url": "https://facebook.com/theglobeandmail/?refid=52",
    "is_live": false,
    "factcheck": null,
    "shared_post_id": null,
    "shared_time": null,
    "shared_user_id": null,
    "shared_username": null,
    "shared_post_url": null,
    "available": true,
    "comments_full": [
        {
            "comment_id": "10159554923678904",
            "comment_url": "https://facebook.com/10159554923678904",
            "commenter_id": "699903406",
            "commenter_url": "https://facebook.com/karl.raffelsieper?fref=nf&rc=p&refid=52",
            "commenter_name": "Karl Raffelsieper",
            "commenter_meta": null,
            "comment_text": "The government should have a conversation with these Canadians. That doesn't mean the freedom convoy get's what they are asking for, but they get their issues heard. That's how negotiated settlements work. Not \"Liberals know best\" and we would rather find a back door ways to escape the mess they created.",
            "comment_time": "2022-02-09 21:46:11",
            "comment_image": null,
            "comment_reactors": [],
            "comment_reactions": null,
            "comment_reaction_count": null,
            "replies": []
        },
        {
            "comment_id": "10159552938828904",
            "comment_url": "https://facebook.com/10159552938828904",
            "commenter_id": "752276958",
            "commenter_url": "https://facebook.com/vin.scott.7?fref=nf&rc=p&refid=52",
            "commenter_name": "Vin Scott",
            "commenter_meta": null,
            "comment_text": "Ottawa investigating funding???? Start with taxes. Or the GDP. Or the WE organization.\nFAIL",
            "comment_time": "2022-02-09 21:46:11",
            "comment_image": null,
            "comment_reactors": [],
            "comment_reactions": null,
            "comment_reaction_count": null,
            "replies": [
                {
                    "comment_id": "10159553039128904",
                    "comment_url": "https://facebook.com/10159553039128904",
                    "commenter_id": "100003254958252",
                    "commenter_url": "https://facebook.com/kelly.ohow?fref=nf&rc=p",
                    "commenter_name": "Kelly O'How",
                    "commenter_meta": null,
                    "comment_text": "https://\nwww.theglobeandm\nail.com/\npolitics/\narticle-how-did-\nottawa-spend-mo\nre-than-600-bil\nlion-last-year/",
                    "comment_time": "2022-02-09 21:46:12",
                    "comment_image": "https://www.theglobeandmail.com/politics/article-how-did-ottawa-spend-more-than-600-billion-last-year/?fbclid=IwAR21tnqwALcRHs7t9QFTQv2E0zwwf2nw0hAgvcobsVF4H0wlk9TCavtCdTQ",
                    "comment_reactors": [],
                    "comment_reactions": null,
                    "comment_reaction_count": null
                }
            ]
        },
        {
            "comment_id": "10159554687123904",
            "comment_url": "https://facebook.com/10159554687123904",
            "commenter_id": "616903713",
            "commenter_url": "https://facebook.com/adam.grant.792?fref=nf&rc=p&refid=52",
            "commenter_name": "Adam Grant",
            "commenter_meta": null,
            "comment_text": "They couldn't close the gate when the herd approached with adequate warning , now they don't want to do what needs to be done to solve the crisis. Leadership like this doesn't inspire confidence.",
            "comment_time": "2022-02-09 21:46:11",
            "comment_image": null,
            "comment_reactors": [],
            "comment_reactions": null,
            "comment_reaction_count": null,
            "replies": []
        },
        {
            "comment_id": "10159552505488904",
            "comment_url": "https://facebook.com/10159552505488904",
            "commenter_id": "695145174",
            "commenter_url": "https://facebook.com/sean.o.carlson?fref=nf&rc=p&refid=52",
            "commenter_name": "Sean Owen Carlson",
            "commenter_meta": null,
            "comment_text": "Wish we could do the same for their \"donations\".",
            "comment_time": "2022-02-09 21:46:11",
            "comment_image": null,
            "comment_reactors": [],
            "comment_reactions": null,
            "comment_reaction_count": null,
            "replies": []
        },
        {
            "comment_id": "10159552467563904",
            "comment_url": "https://facebook.com/10159552467563904",
            "commenter_id": "632935672",
            "commenter_url": "https://facebook.com/jgodfreyson?fref=nf&rc=p&refid=52",
            "commenter_name": "John Godfreyson",
            "commenter_meta": null,
            "comment_text": "Definitely needs to be investigated",
            "comment_time": "2022-02-09 21:46:11",
            "comment_image": null,
            "comment_reactors": [],
            "comment_reactions": null,
            "comment_reaction_count": null,
            "replies": [
                {
                    "comment_id": "10159552476203904",
                    "comment_url": "https://facebook.com/10159552476203904",
                    "commenter_id": "100008434897518",
                    "commenter_url": "https://facebook.com/profile.php?id=100008434897518&fref=nf&rc=p",
                    "commenter_name": "Hannah Woods",
                    "commenter_meta": null,
                    "comment_text": "John Godfreyson why? When BLM were tearing down statues, where was the investigation then? Oh, I see, double standards?",
                    "comment_time": "2022-02-09 21:46:13",
                    "comment_image": "https://scontent.xx.fbcdn.net/m1/v/t6/An_UvxJXg9tdnLU3Y5qjPi0200MLilhzPXUgxzGjQzUMaNcmjdZA6anyrngvkdub33NZzZhd51fpCAEzNHFhko5aKRFP5fS1w_lKwYrzcNLupv27.png?ccb=10-5&oh=00_AT9C82irDy7Sn8cI_UEelmRC1FY5K5jw2pfWXlZ8QaKL1g&oe=62246CF9&_nc_sid=55e238",
                    "comment_reactors": [],
                    "comment_reactions": null,
                    "comment_reaction_count": null
                },
                {
                    "comment_id": "10159552773833904",
                    "comment_url": "https://facebook.com/10159552773833904",
                    "commenter_id": "786465499",
                    "commenter_url": "https://facebook.com/aaron.manikoth?fref=nf&rc=p",
                    "commenter_name": "Aaron Manikoth",
                    "commenter_meta": null,
                    "comment_text": "Hannah Woods it's racist to say anything about BLM, if this protest had just covered their signs with BLM, no one would say anything",
                    "comment_time": "2022-02-09 21:46:13",
                    "comment_image": "https://scontent.xx.fbcdn.net/m1/v/t6/An_UvxJXg9tdnLU3Y5qjPi0200MLilhzPXUgxzGjQzUMaNcmjdZA6anyrngvkdub33NZzZhd51fpCAEzNHFhko5aKRFP5fS1w_lKwYrzcNLupv27.png?ccb=10-5&oh=00_AT9C82irDy7Sn8cI_UEelmRC1FY5K5jw2pfWXlZ8QaKL1g&oe=62246CF9&_nc_sid=55e238",
                    "comment_reactors": [],
                    "comment_reactions": null,
                    "comment_reaction_count": null
                },
                {
                    "comment_id": "10159552973273904",
                    "comment_url": "https://facebook.com/10159552973273904",
                    "commenter_id": "100006651347790",
                    "commenter_url": "https://facebook.com/profile.php?id=100006651347790&fref=nf&rc=p",
                    "commenter_name": "James Valhalla",
                    "commenter_meta": null,
                    "comment_text": "Yeah Ok communist comrade.",
                    "comment_time": "2022-02-09 21:46:13",
                    "comment_image": null,
                    "comment_reactors": [],
                    "comment_reactions": null,
                    "comment_reaction_count": null
                }
            ]
        },
        {
            "comment_id": "10159553273648904",
            "comment_url": "https://facebook.com/10159553273648904",
            "commenter_id": "524186721",
            "commenter_url": "https://facebook.com/sboudreau1?fref=nf&rc=p&refid=52",
            "commenter_name": "Steven Boudreau",
            "commenter_meta": null,
            "comment_text": "Yea we should also check the Governments funding lots of money being spend in their own caucus\ud83e\udd14",
            "comment_time": "2022-02-09 21:46:11",
            "comment_image": null,
            "comment_reactors": [],
            "comment_reactions": null,
            "comment_reaction_count": null,
            "replies": []
        },
        {
            "comment_id": "10159552870858904",
            "comment_url": "https://facebook.com/10159552870858904",
            "commenter_id": "659544907",
            "commenter_url": "https://facebook.com/lennie.krause?fref=nf&rc=p&refid=52",
            "commenter_name": "Lennie Krause",
            "commenter_meta": null,
            "comment_text": "Can we investigate our government for all the tax dollars that have gone out of Canada to their rich friends",
            "comment_time": "2022-02-09 21:46:11",
            "comment_image": null,
            "comment_reactors": [],
            "comment_reactions": null,
            "comment_reaction_count": null,
            "replies": []
        },
        {
            "comment_id": "10159552685873904",
            "comment_url": "https://facebook.com/10159552685873904",
            "commenter_id": "100002238717432",
            "commenter_url": "https://facebook.com/jim.rutter3?fref=nf&rc=p&refid=52",
            "commenter_name": "Jim Rutter",
            "commenter_meta": null,
            "comment_text": "And they should. Some pretty shady money coming in.",
            "comment_time": "2022-02-09 21:46:11",
            "comment_image": null,
            "comment_reactors": [],
            "comment_reactions": null,
            "comment_reaction_count": null,
            "replies": []
        },
        {
            "comment_id": "10159552544743904",
            "comment_url": "https://facebook.com/10159552544743904",
            "commenter_id": "581148174",
            "commenter_url": "https://facebook.com/christine.bruno.161?fref=nf&rc=p&refid=52",
            "commenter_name": "Christine Bruno",
            "commenter_meta": null,
            "comment_text": "WOW ! Investigate government funding by corporations this is the downfall of Canada !",
            "comment_time": "2022-02-09 21:46:11",
            "comment_image": null,
            "comment_reactors": [],
            "comment_reactions": null,
            "comment_reaction_count": null,
            "replies": []
        },
        {
            "comment_id": "10159552491088904",
            "comment_url": "https://facebook.com/10159552491088904",
            "commenter_id": "518448279",
            "commenter_url": "https://facebook.com/philip.hanna.79?fref=nf&rc=p&refid=52",
            "commenter_name": "Philip Hanna",
            "commenter_meta": null,
            "comment_text": "Go ahead it\u2019s public unlike you sneaking lieberals",
            "comment_time": "2022-02-09 21:46:11",
            "comment_image": null,
            "comment_reactors": [],
            "comment_reactions": null,
            "comment_reaction_count": null,
            "replies": []
        },
        {
            "comment_id": "10159552485658904",
            "comment_url": "https://facebook.com/10159552485658904",
            "commenter_id": "504916593",
            "commenter_url": "https://facebook.com/jay.labatte?fref=nf&rc=p&refid=52",
            "commenter_name": "Jay Labatte",
            "commenter_meta": null,
            "comment_text": "Trudeau needs to resign",
            "comment_time": "2022-02-09 21:46:11",
            "comment_image": null,
            "comment_reactors": [],
            "comment_reactions": null,
            "comment_reaction_count": null,
            "replies": [
                {
                    "comment_id": "10159552533183904",
                    "comment_url": "https://facebook.com/10159552533183904",
                    "commenter_id": "1142109860",
                    "commenter_url": "https://facebook.com/melinda.mueller.71?fref=nf&rc=p",
                    "commenter_name": "Melinda Mueller",
                    "commenter_meta": null,
                    "comment_text": "Jay Labatte\u2026..He\u2019s the duly elected Prime Minister. You don\u2019t get to decide that - the voters of Canada get to decide that. And they already did, quite recently in fact. If you can\u2019t live with it, and want to bring him down, then you are guilty of sedition. Go be a traitor somewhere else.",
                    "comment_time": "2022-02-09 21:46:14",
                    "comment_image": "https://scontent.xx.fbcdn.net/m1/v/t6/An_UvxJXg9tdnLU3Y5qjPi0200MLilhzPXUgxzGjQzUMaNcmjdZA6anyrngvkdub33NZzZhd51fpCAEzNHFhko5aKRFP5fS1w_lKwYrzcNLupv27.png?ccb=10-5&oh=00_AT9C82irDy7Sn8cI_UEelmRC1FY5K5jw2pfWXlZ8QaKL1g&oe=62246CF9&_nc_sid=55e238",
                    "comment_reactors": [],
                    "comment_reactions": null,
                    "comment_reaction_count": null
                },
                {
                    "comment_id": "10159552548038904",
                    "comment_url": "https://facebook.com/10159552548038904",
                    "commenter_id": "504916593",
                    "commenter_url": "https://facebook.com/jay.labatte?fref=nf&rc=p",
                    "commenter_name": "Jay Labatte",
                    "commenter_meta": null,
                    "comment_text": "Melinda Mueller he is a traitor.",
                    "comment_time": "2022-02-09 21:46:14",
                    "comment_image": "https://scontent.xx.fbcdn.net/m1/v/t6/An_F9bJG7govfshSMBkvcRLcxT0jmiXVYKtr7lgH5AHgUrjjpZ1OD0xyxXYgf7arc0lWgCdrR_KN4Mg7RSN3Gm3W6Gg03N1tQ-ZXzVvFJ_KvvB4.png?ccb=10-5&oh=00_AT8ScZKrgCPhmfSgYBZgvnQHv14vvPQpgzOW8DDMFGGodg&oe=62243F67&_nc_sid=55e238",
                    "comment_reactors": [],
                    "comment_reactions": null,
                    "comment_reaction_count": null
                },
                {
                    "comment_id": "10159552552063904",
                    "comment_url": "https://facebook.com/10159552552063904",
                    "commenter_id": "1142109860",
                    "commenter_url": "https://facebook.com/melinda.mueller.71?fref=nf&rc=p",
                    "commenter_name": "Melinda Mueller",
                    "commenter_meta": null,
                    "comment_text": "Jay Labatte\u2026.By whose definition? Yours? So now you are judge and jury, eh? You\u2019re just another know-nothing with a big mouth. We elected him. If you don\u2019t like it, vote for your choice in the next one. That\u2019s how we do it here in Canada. Most of us choose not to be government by mobs with megaphones.",
                    "comment_time": "2022-02-09 21:46:14",
                    "comment_image": "https://scontent.xx.fbcdn.net/m1/v/t6/An_UvxJXg9tdnLU3Y5qjPi0200MLilhzPXUgxzGjQzUMaNcmjdZA6anyrngvkdub33NZzZhd51fpCAEzNHFhko5aKRFP5fS1w_lKwYrzcNLupv27.png?ccb=10-5&oh=00_AT9C82irDy7Sn8cI_UEelmRC1FY5K5jw2pfWXlZ8QaKL1g&oe=62246CF9&_nc_sid=55e238",
                    "comment_reactors": [],
                    "comment_reactions": null,
                    "comment_reaction_count": null
                },
                {
                    "comment_id": "10159552558443904",
                    "comment_url": "https://facebook.com/10159552558443904",
                    "commenter_id": "1142109860",
                    "commenter_url": "https://facebook.com/melinda.mueller.71?fref=nf&rc=p",
                    "commenter_name": "Melinda Mueller",
                    "commenter_meta": null,
                    "comment_text": "Jay Labatte https://\nwww.huffpost.com\n/entry/\ngivesendgo-right\n-wing-christian\n-ottawa-trucker\ns-anti-vaccine_\nn_6201c43be4b0b\n69cfe932d2f\u2026You and those like you are tools to be used by people who started out donating to a murderer, yet call themselves \u201cChristians\u201d; they are Christians by nobody\u2019s definition ever. You are lying down with some seriously mange-ridden dogs, my friend.",
                    "comment_time": "2022-02-09 21:46:14",
                    "comment_image": "https://www.huffpost.com/entry/givesendgo-right-wing-christian-ottawa-truckers-anti-vaccine_n_6201c43be4b0b69cfe932d2f?fbclid=IwAR2ObtS9xilxwmmCjGvs6ZZ1rr41HKUdD4wgFiUQYWG0irB3i8vPPovY8ME",
                    "comment_reactors": [],
                    "comment_reactions": null,
                    "comment_reaction_count": null
                },
                {
                    "comment_id": "10159552560068904",
                    "comment_url": "https://facebook.com/10159552560068904",
                    "commenter_id": "504916593",
                    "commenter_url": "https://facebook.com/jay.labatte?fref=nf&rc=p",
                    "commenter_name": "Jay Labatte",
                    "commenter_meta": null,
                    "comment_text": "Melinda Mueller you seem really nice",
                    "comment_time": "2022-02-09 21:46:14",
                    "comment_image": "https://scontent.xx.fbcdn.net/m1/v/t6/An_F9bJG7govfshSMBkvcRLcxT0jmiXVYKtr7lgH5AHgUrjjpZ1OD0xyxXYgf7arc0lWgCdrR_KN4Mg7RSN3Gm3W6Gg03N1tQ-ZXzVvFJ_KvvB4.png?ccb=10-5&oh=00_AT8ScZKrgCPhmfSgYBZgvnQHv14vvPQpgzOW8DDMFGGodg&oe=62243F67&_nc_sid=55e238",
                    "comment_reactors": [],
                    "comment_reactions": null,
                    "comment_reaction_count": null
                },
                {
                    "comment_id": "10159552853808904",
                    "comment_url": "https://facebook.com/10159552853808904",
                    "commenter_id": "515360454",
                    "commenter_url": "https://facebook.com/john.metcalf.5?fref=nf&rc=p",
                    "commenter_name": "John A Metcalf",
                    "commenter_meta": null,
                    "comment_text": "Melinda Mueller asking someone to step down is sedation? Please...",
                    "comment_time": "2022-02-09 21:46:14",
                    "comment_image": null,
                    "comment_reactors": [],
                    "comment_reactions": null,
                    "comment_reaction_count": null
                },
                {
                    "comment_id": "10159552996633904",
                    "comment_url": "https://facebook.com/10159552996633904",
                    "commenter_id": "1142109860",
                    "commenter_url": "https://facebook.com/melinda.mueller.71?fref=nf&rc=p",
                    "commenter_name": "Melinda Mueller",
                    "commenter_meta": null,
                    "comment_text": "John A Metcalf\u2026..No, but trying to force a duly elected leader out, is. \u201cAsking\u201d isn\u2019t the convoy\u2019s MO. \u201cIncitement of resistance or insurrection against lawful authority\u201d is the Webster\u2019s definition; before scoffing at what I said you might have tried looking it up.",
                    "comment_time": "2022-02-09 21:46:14",
                    "comment_image": "https://scontent.xx.fbcdn.net/m1/v/t6/An_F9bJG7govfshSMBkvcRLcxT0jmiXVYKtr7lgH5AHgUrjjpZ1OD0xyxXYgf7arc0lWgCdrR_KN4Mg7RSN3Gm3W6Gg03N1tQ-ZXzVvFJ_KvvB4.png?ccb=10-5&oh=00_AT8ScZKrgCPhmfSgYBZgvnQHv14vvPQpgzOW8DDMFGGodg&oe=62243F67&_nc_sid=55e238",
                    "comment_reactors": [],
                    "comment_reactions": null,
                    "comment_reaction_count": null
                },
                {
                    "comment_id": "10159553028283904",
                    "comment_url": "https://facebook.com/10159553028283904",
                    "commenter_id": "515360454",
                    "commenter_url": "https://facebook.com/john.metcalf.5?fref=nf&rc=p",
                    "commenter_name": "John A Metcalf",
                    "commenter_meta": null,
                    "comment_text": "They just want the mandates dropped, if he resigns is just a cherry on top.",
                    "comment_time": "2022-02-09 21:46:14",
                    "comment_image": null,
                    "comment_reactors": [],
                    "comment_reactions": null,
                    "comment_reaction_count": null
                }
            ]
        },
        {
            "comment_id": "10159552473233904",
            "comment_url": "https://facebook.com/10159552473233904",
            "commenter_id": "1663977372",
            "commenter_url": "https://facebook.com/massalski?fref=nf&rc=p&refid=52",
            "commenter_name": "Jack Massalski",
            "commenter_meta": null,
            "comment_text": "It's interesting to see how even the very smell of money mobilizes Liberals to action.",
            "comment_time": "2022-02-09 21:46:11",
            "comment_image": null,
            "comment_reactors": [],
            "comment_reactions": null,
            "comment_reaction_count": null,
            "replies": []
        },
        {
            "comment_id": "10159554447033904",
            "comment_url": "https://facebook.com/10159554447033904",
            "commenter_id": "100001144399901",
            "commenter_url": "https://facebook.com/rachel.lachance1?fref=nf&rc=p&refid=52",
            "commenter_name": "Rachelle Carriere Lachance",
            "commenter_meta": null,
            "comment_text": "How about investigating Trudeau and his coworker in the parliament",
            "comment_time": "2022-02-09 21:46:11",
            "comment_image": null,
            "comment_reactors": [],
            "comment_reactions": null,
            "comment_reaction_count": null,
            "replies": []
        },
        {
            "comment_id": "10159554011303904",
            "comment_url": "https://facebook.com/10159554011303904",
            "commenter_id": "538518155",
            "commenter_url": "https://facebook.com/True.Newfoundlander?fref=nf&rc=p&refid=52",
            "commenter_name": "Gordon Earle",
            "commenter_meta": null,
            "comment_text": "There are 2 kinds of truckers: 1) those who are socially responsible and caring about the health and safety of others; and, 2) a fringe minority who have co-opted the word \"freedom\" to guise bigotry, hatred, bullying and violence as liberty.",
            "comment_time": "2022-02-09 21:46:11",
            "comment_image": null,
            "comment_reactors": [],
            "comment_reactions": null,
            "comment_reaction_count": null,
            "replies": []
        },
        {
            "comment_id": "10159553013538904",
            "comment_url": "https://facebook.com/10159553013538904",
            "commenter_id": "100007128366885",
            "commenter_url": "https://facebook.com/roger.vincent.311?fref=nf&rc=p&refid=52",
            "commenter_name": "Roger Vincent",
            "commenter_meta": null,
            "comment_text": "What about a figure on on the budget the the government won\u2019t release talk about lies.",
            "comment_time": "2022-02-09 21:46:11",
            "comment_image": null,
            "comment_reactors": [],
            "comment_reactions": null,
            "comment_reaction_count": null,
            "replies": [
                {
                    "comment_id": "10159553039518904",
                    "comment_url": "https://facebook.com/10159553039518904",
                    "commenter_id": "100003254958252",
                    "commenter_url": "https://facebook.com/kelly.ohow?fref=nf&rc=p",
                    "commenter_name": "Kelly O'How",
                    "commenter_meta": null,
                    "comment_text": "https://\nwww.theglobeandm\nail.com/\npolitics/\narticle-how-did-\nottawa-spend-mo\nre-than-600-bil\nlion-last-year/",
                    "comment_time": "2022-02-09 21:46:14",
                    "comment_image": "https://www.theglobeandmail.com/politics/article-how-did-ottawa-spend-more-than-600-billion-last-year/?fbclid=IwAR3sTcZXXkqvRY3BJ77tUdWF5kdDdeUx4HSr5L_J8Uygd8UM-9DLv3Ap37E",
                    "comment_reactors": [],
                    "comment_reactions": null,
                    "comment_reaction_count": null
                }
            ]
        },
        {
            "comment_id": "10159552478563904",
            "comment_url": "https://facebook.com/10159552478563904",
            "commenter_id": "600291081",
            "commenter_url": "https://facebook.com/chuck.cooper.391?fref=nf&rc=p&refid=52",
            "commenter_name": "Chuck Cooper",
            "commenter_meta": null,
            "comment_text": "Where did those hundreds of millions if not billions disappear to and cause parliament to be shut down and investigations halted under this band of criminals",
            "comment_time": "2022-02-09 21:46:11",
            "comment_image": null,
            "comment_reactors": [],
            "comment_reactions": null,
            "comment_reaction_count": null,
            "replies": []
        },
        {
            "comment_id": "10159552985153904",
            "comment_url": "https://facebook.com/10159552985153904",
            "commenter_id": "100003633821230",
            "commenter_url": "https://facebook.com/carol.leckievanhorne?fref=nf&rc=p&refid=52",
            "commenter_name": "Carol Leckie-Van Horne",
            "commenter_meta": null,
            "comment_text": "Well, let's not act to quickly on your investigation of the Trucker convoy Funding as this just may set the \"wheels turning\" in the Capital for you to Investigate other \"Go Fund Me\" people. You don't like where the Funding is going so you Investigate and shut it down.??",
            "comment_time": "2022-02-09 21:46:11",
            "comment_image": null,
            "comment_reactors": [],
            "comment_reactions": null,
            "comment_reaction_count": null,
            "replies": []
        },
        {
            "comment_id": "10159553195218904",
            "comment_url": "https://facebook.com/10159553195218904",
            "commenter_id": "1357476051",
            "commenter_url": "https://facebook.com/jake.christensen.102?fref=nf&rc=p&refid=52",
            "commenter_name": "Jake Christensen",
            "commenter_meta": null,
            "comment_text": "Oh boy, now they're all of a sudden concerned about money flows. Let's face it, the libs are masters at corruption and they don't like it if someone is smarter than them. Bunch of hypocrits \ud83e\udd21",
            "comment_time": "2022-02-09 21:46:11",
            "comment_image": null,
            "comment_reactors": [],
            "comment_reactions": null,
            "comment_reaction_count": null,
            "replies": []
        },
        {
            "comment_id": "10159553243568904",
            "comment_url": "https://facebook.com/10159553243568904",
            "commenter_id": "100018421247608",
            "commenter_url": "https://facebook.com/shane.ohara.39566?fref=nf&rc=p&refid=52",
            "commenter_name": "Shane O'Hara",
            "commenter_meta": null,
            "comment_text": "Yet, how many scandals did current Federal and brush under the rug??",
            "comment_time": "2022-02-09 21:46:11",
            "comment_image": null,
            "comment_reactors": [],
            "comment_reactions": null,
            "comment_reaction_count": null,
            "replies": []
        },
        {
            "comment_id": "10159553163018904",
            "comment_url": "https://facebook.com/10159553163018904",
            "commenter_id": "100008921051132",
            "commenter_url": "https://facebook.com/profile.php?id=100008921051132&fref=nf&rc=p&refid=52",
            "commenter_name": "Roy Nobes",
            "commenter_meta": null,
            "comment_text": "How about we investigate Liberal funding and finances while we\u2019re at it....\nWonder what we would find...\ud83e\udd14",
            "comment_time": "2022-02-09 21:46:11",
            "comment_image": null,
            "comment_reactors": [],
            "comment_reactions": null,
            "comment_reaction_count": null,
            "replies": []
        },
        {
            "comment_id": "10159553587778904",
            "comment_url": "https://facebook.com/10159553587778904",
            "commenter_id": "100000739302837",
            "commenter_url": "https://facebook.com/profile.php?id=100000739302837&fref=nf&rc=p&refid=52",
            "commenter_name": "Dana Frum",
            "commenter_meta": null,
            "comment_text": "Nothing else to do ? You are one of the cause I was watching the discussion in the house So much none sense",
            "comment_time": "2022-02-09 21:46:11",
            "comment_image": null,
            "comment_reactors": [],
            "comment_reactions": null,
            "comment_reaction_count": null,
            "replies": []
        },
        {
            "comment_id": "10159554975363904",
            "comment_url": "https://facebook.com/10159554975363904",
            "commenter_id": "706995122",
            "commenter_url": "https://facebook.com/brandon.bartlett.902?fref=nf&rc=p&refid=52",
            "commenter_name": "Brandon Bartlett",
            "commenter_meta": null,
            "comment_text": "There\u2019s one solution to this entire problem",
            "comment_time": "2022-02-09 21:46:11",
            "comment_image": null,
            "comment_reactors": [],
            "comment_reactions": null,
            "comment_reaction_count": null,
            "replies": []
        },
        {
            "comment_id": "10159553708168904",
            "comment_url": "https://facebook.com/10159553708168904",
            "commenter_id": "651931885",
            "commenter_url": "https://facebook.com/robin.morgan.1690?fref=nf&rc=p&refid=52",
            "commenter_name": "Robin Morgan",
            "commenter_meta": null,
            "comment_text": "Ottawa also has the ability to end all this nonsense.",
            "comment_time": "2022-02-09 21:46:11",
            "comment_image": null,
            "comment_reactors": [],
            "comment_reactions": null,
            "comment_reaction_count": null,
            "replies": []
        },
        {
            "comment_id": "10159553114173904",
            "comment_url": "https://facebook.com/10159553114173904",
            "commenter_id": "733566383",
            "commenter_url": "https://facebook.com/christopher.pompeo?fref=nf&rc=p&refid=52",
            "commenter_name": "Chris Pompeo",
            "commenter_meta": null,
            "comment_text": "Then do it. Stop dithering.",
            "comment_time": "2022-02-09 21:46:11",
            "comment_image": null,
            "comment_reactors": [],
            "comment_reactions": null,
            "comment_reaction_count": null,
            "replies": []
        },
        {
            "comment_id": "10159553506468904",
            "comment_url": "https://facebook.com/10159553506468904",
            "commenter_id": "100012318063391",
            "commenter_url": "https://facebook.com/profile.php?id=100012318063391&fref=nf&rc=p&refid=52",
            "commenter_name": "Peter Ioannidis",
            "commenter_meta": "Top fan",
            "comment_text": "Unless the money came from crime, it\u2019s their money. It\u2019s the political parties and their corporate and elite donors who have undermined democracy, and turned the system into a plutocracy, not the working class.",
            "comment_time": "2022-02-09 21:46:11",
            "comment_image": null,
            "comment_reactors": [],
            "comment_reactions": null,
            "comment_reaction_count": null,
            "replies": []
        },
        {
            "comment_id": "10159552472613904",
            "comment_url": "https://facebook.com/10159552472613904",
            "commenter_id": "100027045965047",
            "commenter_url": "https://facebook.com/dale.dutchak?fref=nf&rc=p&refid=52",
            "commenter_name": "Dale Dutchak",
            "commenter_meta": null,
            "comment_text": "\ud83e\udd23\ud83d\ude02\ud83e\udd23\ud83d\ude02\ud83e\udd23\ud83d\ude02Parliament, that's Funny\ud83d\udc4d\ud83c\udde8\ud83c\udde6",
            "comment_time": "2022-02-09 21:46:11",
            "comment_image": null,
            "comment_reactors": [],
            "comment_reactions": null,
            "comment_reaction_count": null,
            "replies": []
        },
        {
            "comment_id": "10159553233718904",
            "comment_url": "https://facebook.com/10159553233718904",
            "commenter_id": "100002417842763",
            "commenter_url": "https://facebook.com/andrew.merritt.948?fref=nf&rc=p&refid=52",
            "commenter_name": "Andrew Merritt",
            "commenter_meta": null,
            "comment_text": "It has shown the failure of our education system and objective critical thinking. Although the deep divide is actually the Conservative government itself divided, with a smidge of the far left. The far left and the far right tend to have more in common then they like to admit from a psychological perspective. The far right don't like authority telling them what to do(its why they don't like government up in their private business and the far left don't like government at all. Anarchists. So really we are dealing with dueling egos. This is why the anti vaxx cults tend to use emotional arguments based upon insecurities and misinformation rather then facts and figures. Its really about ones ego. I noticed not only is the antivaxxers have been repeatably shown to be wrong they debate about the right to be wrong under the guise of civil liberties even though its been demonstrated scientifically that by giving in to the anti vaxxers we may worsen the spread with even more mutant strains. Cutting of the nose to spite the face. Do we really want to go there? Pride before the fall? When will the government get back to science(based) based policies instead of all these silly egocentric arguments that have little to do with health measures for the safety of the general public. People before ideologies please.",
            "comment_time": "2022-02-09 21:46:11",
            "comment_image": null,
            "comment_reactors": [],
            "comment_reactions": null,
            "comment_reaction_count": null,
            "replies": []
        }
    ],
    "reactors": null,
    "w3_fb_url": null,
    "reactions": null,
    "reaction_count": null,
    "with": null,
    "page_id": "140961138903",
    "sharers": null,
    "image_id": null,
    "image_ids": [],
    "was_live": false
}