{
    "original_request_url": "10159551881208904",
    "post_url": "https://facebook.com/story.php?story_fbid=10159551881208904&id=140961138903",
    "post_id": "10159551881208904",
    "text": "\u2018It is well past the time to bring the protest to an end,\u2019 Emergency Preparedness Minister Bill Blair says\n\nTHEGLOBEANDMAIL.COM\nFederal government urges Ottawa Police to take control of convoy protest, proposes cross-jurisdiction meetings",
    "post_text": "\u2018It is well past the time to bring the protest to an end,\u2019 Emergency Preparedness Minister Bill Blair says",
    "shared_text": "THEGLOBEANDMAIL.COM\nFederal government urges Ottawa Police to take control of convoy protest, proposes cross-jurisdiction meetings",
    "original_text": null,
    "time": "2022-02-07 19:58:58",
    "timestamp": 1644263938,
    "image": "https://www.theglobeandmail.com/resizer/dowpYMOWekE2s4wTvSgqVqL22xA=/1200x802/filters:quality(80)/cloudfront-us-east-1.images.arcpublishing.com/tgam/FT5HWT5BBZKA5PRKODEUH2EIOM.JPG",
    "image_lowquality": "https://external-sea1-1.xx.fbcdn.net/safe_image.php?d=AQHyg_73K_Olfj_R&w=476&h=249&url=https%3A%2F%2Fwww.theglobeandmail.com%2Fresizer%2FdowpYMOWekE2s4wTvSgqVqL22xA%3D%2F1200x802%2Ffilters%3Aquality%2880%29%2Fcloudfront-us-east-1.images.arcpublishing.com%2Ftgam%2FFT5HWT5BBZKA5PRKODEUH2EIOM.JPG&cfs=1&jq=75&ext=jpg&_nc_oe=6fab9&_nc_sid=06c271&ccb=3-5&_nc_hash=AQGTanzdo9XtXeB2",
    "images": [
        "https://www.theglobeandmail.com/resizer/dowpYMOWekE2s4wTvSgqVqL22xA=/1200x802/filters:quality(80)/cloudfront-us-east-1.images.arcpublishing.com/tgam/FT5HWT5BBZKA5PRKODEUH2EIOM.JPG"
    ],
    "images_description": [],
    "images_lowquality": [
        "https://external-sea1-1.xx.fbcdn.net/safe_image.php?d=AQHyg_73K_Olfj_R&w=476&h=249&url=https%3A%2F%2Fwww.theglobeandmail.com%2Fresizer%2FdowpYMOWekE2s4wTvSgqVqL22xA%3D%2F1200x802%2Ffilters%3Aquality%2880%29%2Fcloudfront-us-east-1.images.arcpublishing.com%2Ftgam%2FFT5HWT5BBZKA5PRKODEUH2EIOM.JPG&cfs=1&jq=75&ext=jpg&_nc_oe=6fab9&_nc_sid=06c271&ccb=3-5&_nc_hash=AQGTanzdo9XtXeB2"
    ],
    "images_lowquality_description": [
        null
    ],
    "video": null,
    "video_duration_seconds": null,
    "video_height": null,
    "video_id": null,
    "video_quality": null,
    "video_size_MB": null,
    "video_thumbnail": null,
    "video_watches": null,
    "video_width": null,
    "likes": 38,
    "comments": 11,
    "shares": 2,
    "link": "http://www.theglobeandmail.com/politics/article-federal-government-urges-ottawa-police-to-take-control-of-convoy/?utm_campaign=sophi-pop&utm_medium=post&utm_source=facebook&fbclid=IwAR22MqYD-IllLSWVsJ5edR5zSsS47ncfjSuoDuDcpfZr_Dl7SMtUuHxlSs8",
    "links": [],
    "user_id": "140961138903",
    "username": "The Globe and Mail",
    "user_url": "https://facebook.com/theglobeandmail/?refid=52",
    "is_live": false,
    "factcheck": null,
    "shared_post_id": null,
    "shared_time": null,
    "shared_user_id": null,
    "shared_username": null,
    "shared_post_url": null,
    "available": true,
    "comments_full": [
        {
            "comment_id": "10159552063168904",
            "comment_url": "https://facebook.com/10159552063168904",
            "commenter_id": "1216033214",
            "commenter_url": "https://facebook.com/GaryBrianWells?fref=nf&rc=p&refid=52",
            "commenter_name": "Gary Wells",
            "commenter_meta": null,
            "comment_text": "The protest should not end until mandates do.",
            "comment_time": "2022-02-09 22:26:48",
            "comment_image": null,
            "comment_reactors": [],
            "comment_reactions": null,
            "comment_reaction_count": null,
            "replies": [
                {
                    "comment_id": "10159553262133904",
                    "comment_url": "https://facebook.com/10159553262133904",
                    "commenter_id": "1549268663",
                    "commenter_url": "https://facebook.com/alan.r.cook.3?fref=nf&rc=p",
                    "commenter_name": "Hounds Pal",
                    "commenter_meta": null,
                    "comment_text": "Gary Wells Blair talks. Nobody cares. Like a drunk talking to you from a bar stool",
                    "comment_time": "2022-02-09 22:26:50",
                    "comment_image": null,
                    "comment_reactors": [],
                    "comment_reactions": null,
                    "comment_reaction_count": null
                }
            ]
        },
        {
            "comment_id": "10159553587838904",
            "comment_url": "https://facebook.com/10159553587838904",
            "commenter_id": "100003792408680",
            "commenter_url": "https://facebook.com/laurie.blake.773?fref=nf&rc=p&refid=52",
            "commenter_name": "Laurie Blake",
            "commenter_meta": null,
            "comment_text": "Billy, Billy, Billy. Quick run and tell the King. It isn't what you think, it is what the king thinks.... or are you just setting the stage? Crummy job you have either way.",
            "comment_time": "2022-02-09 22:26:48",
            "comment_image": null,
            "comment_reactors": [],
            "comment_reactions": null,
            "comment_reaction_count": null,
            "replies": []
        },
        {
            "comment_id": "10159551930748904",
            "comment_url": "https://facebook.com/10159551930748904",
            "commenter_id": "100001719760922",
            "commenter_url": "https://facebook.com/peter.mesi.7?fref=nf&rc=p&refid=52",
            "commenter_name": "Peter Mesi",
            "commenter_meta": null,
            "comment_text": "has the health department done a contact tracing to find out where these .new strains are coming in from ? is it by truck or by air passengers returning from vacations ?",
            "comment_time": "2022-02-09 22:26:48",
            "comment_image": null,
            "comment_reactors": [],
            "comment_reactions": null,
            "comment_reaction_count": null,
            "replies": [
                {
                    "comment_id": "10159551965338904",
                    "comment_url": "https://facebook.com/10159551965338904",
                    "commenter_id": "100009410302047",
                    "commenter_url": "https://facebook.com/profile.php?id=100009410302047&fref=nf&rc=p",
                    "commenter_name": "Edward R Yatscoff",
                    "commenter_meta": null,
                    "comment_text": "Peter Mesi From the Ottawa PD ONly 84% vaxxed https://\nottawa.ctvnews.c\na/\nfewer-than-10-ot\ntawa-police-off\nicers-suspended\n-for-refusing-c\novid-19-vaccine\n-1.5766462",
                    "comment_time": "2022-02-09 22:26:51",
                    "comment_image": "https://ottawa.ctvnews.ca/fewer-than-10-ottawa-police-officers-suspended-for-refusing-covid-19-vaccine-1.5766462?fbclid=IwAR1k0oee9N0eUk3TWGnVThLZ4P-0Hz_-rMDe9rPs3dFDwZeG6lwFxAsQ1As",
                    "comment_reactors": [],
                    "comment_reactions": null,
                    "comment_reaction_count": null
                },
                {
                    "comment_id": "10159552022703904",
                    "comment_url": "https://facebook.com/10159552022703904",
                    "commenter_id": "100001719760922",
                    "commenter_url": "https://facebook.com/peter.mesi.7?fref=nf&rc=p",
                    "commenter_name": "Peter Mesi",
                    "commenter_meta": null,
                    "comment_text": "Scott Rwd it seam like our ghost of a prime minister does . .such a sad person he has become .",
                    "comment_time": "2022-02-09 22:26:51",
                    "comment_image": "https://scontent.xx.fbcdn.net/m1/v/t6/An_UvxJXg9tdnLU3Y5qjPi0200MLilhzPXUgxzGjQzUMaNcmjdZA6anyrngvkdub33NZzZhd51fpCAEzNHFhko5aKRFP5fS1w_lKwYrzcNLupv27.png?ccb=10-5&oh=00_AT9C82irDy7Sn8cI_UEelmRC1FY5K5jw2pfWXlZ8QaKL1g&oe=62246CF9&_nc_sid=55e238",
                    "comment_reactors": [],
                    "comment_reactions": null,
                    "comment_reaction_count": null
                }
            ]
        },
        {
            "comment_id": "10159552232053904",
            "comment_url": "https://facebook.com/10159552232053904",
            "commenter_id": "100001468386313",
            "commenter_url": "https://facebook.com/andrea.montanaro.31?fref=nf&rc=p&refid=52",
            "commenter_name": "Andrea Montanaro",
            "commenter_meta": null,
            "comment_text": "It\u2019s well past the time to also end these useless mandates!",
            "comment_time": "2022-02-09 22:26:48",
            "comment_image": null,
            "comment_reactors": [],
            "comment_reactions": null,
            "comment_reaction_count": null,
            "replies": []
        },
        {
            "comment_id": "10159552111443904",
            "comment_url": "https://facebook.com/10159552111443904",
            "commenter_id": "100014646002190",
            "commenter_url": "https://facebook.com/profile.php?id=100014646002190&fref=nf&rc=p&refid=52",
            "commenter_name": "Louise Butterfield",
            "commenter_meta": null,
            "comment_text": "FUDDLE DUDDLE, Canadians are showing their resilient. Trudeau should act like a leader.",
            "comment_time": "2022-02-09 22:26:48",
            "comment_image": null,
            "comment_reactors": [],
            "comment_reactions": null,
            "comment_reaction_count": null,
            "replies": []
        },
        {
            "comment_id": "10159551973968904",
            "comment_url": "https://facebook.com/10159551973968904",
            "commenter_id": "100009854688236",
            "commenter_url": "https://facebook.com/LiGaEr?fref=nf&rc=p&refid=52",
            "commenter_name": "Li Eron",
            "commenter_meta": null,
            "comment_text": "REPLACE THE CHIEF",
            "comment_time": "2022-02-09 22:26:48",
            "comment_image": null,
            "comment_reactors": [],
            "comment_reactions": null,
            "comment_reaction_count": null,
            "replies": []
        },
        {
            "comment_id": "10159552499918904",
            "comment_url": "https://facebook.com/10159552499918904",
            "commenter_id": "100005473111837",
            "commenter_url": "https://facebook.com/profile.php?id=100005473111837&fref=nf&rc=p&refid=52",
            "commenter_name": "Nel Grond",
            "commenter_meta": null,
            "comment_text": "The truckers stand for me!",
            "comment_time": "2022-02-09 22:26:48",
            "comment_image": null,
            "comment_reactors": [],
            "comment_reactions": null,
            "comment_reaction_count": null,
            "replies": []
        },
        {
            "comment_id": "10159552077038904",
            "comment_url": "https://facebook.com/10159552077038904",
            "commenter_id": "100000889668527",
            "commenter_url": "https://facebook.com/anne.hay.50?fref=nf&rc=p&refid=52",
            "commenter_name": "Anne Hay",
            "commenter_meta": null,
            "comment_text": "It is well past time for Trudeau to stop hiding and start a dialogue!",
            "comment_time": "2022-02-09 22:26:48",
            "comment_image": null,
            "comment_reactors": [],
            "comment_reactions": null,
            "comment_reaction_count": null,
            "replies": []
        },
        {
            "comment_id": "10159552926793904",
            "comment_url": "https://facebook.com/10159552926793904",
            "commenter_id": "525821682",
            "commenter_url": "https://facebook.com/erickson.ken?fref=nf&rc=p&refid=52",
            "commenter_name": "Ken Erickson",
            "commenter_meta": "Top fan",
            "comment_text": "It's not theirs , they can't have it.",
            "comment_time": "2022-02-09 22:26:48",
            "comment_image": null,
            "comment_reactors": [],
            "comment_reactions": null,
            "comment_reaction_count": null,
            "replies": []
        },
        {
            "comment_id": "10159551919863904",
            "comment_url": "https://facebook.com/10159551919863904",
            "commenter_id": "590575309",
            "commenter_url": "https://facebook.com/geordie.guenther?fref=nf&rc=p&refid=52",
            "commenter_name": "Geordie G\u00fcnther",
            "commenter_meta": null,
            "comment_text": "It is well past time to end the pointless and destructive mandates.",
            "comment_time": "2022-02-09 22:26:48",
            "comment_image": null,
            "comment_reactors": [],
            "comment_reactions": null,
            "comment_reaction_count": null,
            "replies": [
                {
                    "comment_id": "10159551922338904",
                    "comment_url": "https://facebook.com/10159551922338904",
                    "commenter_id": "807608900",
                    "commenter_url": "https://facebook.com/anthony.fornasier?fref=nf&rc=p",
                    "commenter_name": "Anthony Fornasier",
                    "commenter_meta": null,
                    "comment_text": "Geordie G\u00fcnther Get a trucking job.\n\nhttps://\nwww.trucknews.co\nm/\ntransportation/\ncanadian-truck-d\nriver-vacancies\n-surge-to-recor\nd-levels-report\n/1003156228/",
                    "comment_time": "2022-02-09 22:26:52",
                    "comment_image": "https://www.trucknews.com/transportation/canadian-truck-driver-vacancies-surge-to-record-levels-report/1003156228/?fbclid=IwAR0Zr2W-J1ObTVTjpdaATS4JaL9FDe-b6N8cWnsokni1z9Lpg26g6eEZfsk",
                    "comment_reactors": [],
                    "comment_reactions": null,
                    "comment_reaction_count": null
                },
                {
                    "comment_id": "10159551965788904",
                    "comment_url": "https://facebook.com/10159551965788904",
                    "commenter_id": "100009410302047",
                    "commenter_url": "https://facebook.com/profile.php?id=100009410302047&fref=nf&rc=p",
                    "commenter_name": "Edward R Yatscoff",
                    "commenter_meta": null,
                    "comment_text": "Anthony Fornasier Maybe all those barristas and personal trainers can apply",
                    "comment_time": "2022-02-09 22:26:52",
                    "comment_image": "https://scontent.xx.fbcdn.net/m1/v/t6/An_UvxJXg9tdnLU3Y5qjPi0200MLilhzPXUgxzGjQzUMaNcmjdZA6anyrngvkdub33NZzZhd51fpCAEzNHFhko5aKRFP5fS1w_lKwYrzcNLupv27.png?ccb=10-5&oh=00_AT9C82irDy7Sn8cI_UEelmRC1FY5K5jw2pfWXlZ8QaKL1g&oe=62246CF9&_nc_sid=55e238",
                    "comment_reactors": [],
                    "comment_reactions": null,
                    "comment_reaction_count": null
                },
                {
                    "comment_id": "10159551968283904",
                    "comment_url": "https://facebook.com/10159551968283904",
                    "commenter_id": "807608900",
                    "commenter_url": "https://facebook.com/anthony.fornasier?fref=nf&rc=p",
                    "commenter_name": "Anthony Fornasier",
                    "commenter_meta": null,
                    "comment_text": "Edward R Yatscoff Lol. Good point Edward.",
                    "comment_time": "2022-02-09 22:26:52",
                    "comment_image": null,
                    "comment_reactors": [],
                    "comment_reactions": null,
                    "comment_reaction_count": null
                }
            ]
        },
        {
            "comment_id": "10159552540593904",
            "comment_url": "https://facebook.com/10159552540593904",
            "commenter_id": "1548919918",
            "commenter_url": "https://facebook.com/jeff.poole.5454?fref=nf&rc=p&refid=52",
            "commenter_name": "Jeff Poole",
            "commenter_meta": null,
            "comment_text": "Urges Ottawa Police to do their job.",
            "comment_time": "2022-02-09 22:26:48",
            "comment_image": null,
            "comment_reactors": [],
            "comment_reactions": null,
            "comment_reaction_count": null,
            "replies": []
        }
    ],
    "reactors": null,
    "w3_fb_url": null,
    "reactions": null,
    "reaction_count": null,
    "with": null,
    "page_id": "140961138903",
    "sharers": null,
    "image_id": null,
    "image_ids": [],
    "was_live": false
}