{
    "original_request_url": "10159551390948904",
    "post_url": "https://facebook.com/story.php?story_fbid=10159551390948904&id=140961138903",
    "post_id": "10159551390948904",
    "text": "Michael Coren: Convoy participants claim their cause is righteous and they have been recorded reciting the Lord\u2019s Prayer\n\nTHEGLOBEANDMAIL.COM\nAt the trucker protests, the political hard right is co-opting Christianity",
    "post_text": "Michael Coren: Convoy participants claim their cause is righteous and they have been recorded reciting the Lord\u2019s Prayer",
    "shared_text": "THEGLOBEANDMAIL.COM\nAt the trucker protests, the political hard right is co-opting Christianity",
    "original_text": null,
    "time": "2022-02-07 13:43:55",
    "timestamp": 1644241435,
    "image": "https://www.theglobeandmail.com/resizer/XR0GrFbqPzF5OvqsQtmnZNdrrD8=/1200x800/filters:quality(80)/cloudfront-us-east-1.images.arcpublishing.com/tgam/FZGZTVOKKZE5BGVY2FDKTV55VE.jpg",
    "image_lowquality": "https://external-sea1-1.xx.fbcdn.net/safe_image.php?d=AQHyDXi9fdJy9dJd&w=476&h=249&url=https%3A%2F%2Fwww.theglobeandmail.com%2Fresizer%2FXR0GrFbqPzF5OvqsQtmnZNdrrD8%3D%2F1200x800%2Ffilters%3Aquality%2880%29%2Fcloudfront-us-east-1.images.arcpublishing.com%2Ftgam%2FFZGZTVOKKZE5BGVY2FDKTV55VE.jpg&cfs=1&jq=75&ext=jpg&_nc_oe=6fab6&_nc_sid=06c271&ccb=3-5&_nc_hash=AQG_pOoAyIsEJPKO",
    "images": [
        "https://www.theglobeandmail.com/resizer/XR0GrFbqPzF5OvqsQtmnZNdrrD8=/1200x800/filters:quality(80)/cloudfront-us-east-1.images.arcpublishing.com/tgam/FZGZTVOKKZE5BGVY2FDKTV55VE.jpg"
    ],
    "images_description": [],
    "images_lowquality": [
        "https://external-sea1-1.xx.fbcdn.net/safe_image.php?d=AQHyDXi9fdJy9dJd&w=476&h=249&url=https%3A%2F%2Fwww.theglobeandmail.com%2Fresizer%2FXR0GrFbqPzF5OvqsQtmnZNdrrD8%3D%2F1200x800%2Ffilters%3Aquality%2880%29%2Fcloudfront-us-east-1.images.arcpublishing.com%2Ftgam%2FFZGZTVOKKZE5BGVY2FDKTV55VE.jpg&cfs=1&jq=75&ext=jpg&_nc_oe=6fab6&_nc_sid=06c271&ccb=3-5&_nc_hash=AQG_pOoAyIsEJPKO"
    ],
    "images_lowquality_description": [
        null
    ],
    "video": null,
    "video_duration_seconds": null,
    "video_height": null,
    "video_id": null,
    "video_quality": null,
    "video_size_MB": null,
    "video_thumbnail": null,
    "video_watches": null,
    "video_width": null,
    "likes": 102,
    "comments": 36,
    "shares": 18,
    "link": "http://www.theglobeandmail.com/opinion/article-at-the-trucker-protests-the-political-hard-right-is-co-opting/?utm_campaign=sophi-pop&utm_medium=post&utm_source=facebook&fbclid=IwAR0Npskl7hoCMQHgC4uQnW_UzjAOPO9IimmunnFejx9WrBmjfnkRKrNKWc8",
    "links": [],
    "user_id": "140961138903",
    "username": "The Globe and Mail",
    "user_url": "https://facebook.com/theglobeandmail/?refid=52",
    "is_live": false,
    "factcheck": null,
    "shared_post_id": null,
    "shared_time": null,
    "shared_user_id": null,
    "shared_username": null,
    "shared_post_url": null,
    "available": true,
    "comments_full": [
        {
            "comment_id": "10159551422503904",
            "comment_url": "https://facebook.com/10159551422503904",
            "commenter_id": "718125355",
            "commenter_url": "https://facebook.com/monypenny01?fref=nf&rc=p&refid=52",
            "commenter_name": "Cathy Bowslaugh",
            "commenter_meta": null,
            "comment_text": "Coren is hardly an authority",
            "comment_time": "2022-02-09 19:27:03",
            "comment_image": null,
            "comment_reactors": [],
            "comment_reactions": null,
            "comment_reaction_count": null,
            "replies": [
                {
                    "comment_id": "10159551483908904",
                    "comment_url": "https://facebook.com/10159551483908904",
                    "commenter_id": "585354257",
                    "commenter_url": "https://facebook.com/rose.mayhew1?fref=nf&rc=p",
                    "commenter_name": "Rose Cantelo Mayhew",
                    "commenter_meta": null,
                    "comment_text": "Cathy Bowslaugh An authority on what? He is somewhat diversified in experience, considering what he was, the changes he made to his life and what he is today.",
                    "comment_time": "2022-02-09 19:27:05",
                    "comment_image": "https://scontent.xx.fbcdn.net/m1/v/t6/An_UvxJXg9tdnLU3Y5qjPi0200MLilhzPXUgxzGjQzUMaNcmjdZA6anyrngvkdub33NZzZhd51fpCAEzNHFhko5aKRFP5fS1w_lKwYrzcNLupv27.png?ccb=10-5&oh=00_AT9C82irDy7Sn8cI_UEelmRC1FY5K5jw2pfWXlZ8QaKL1g&oe=62246CF9&_nc_sid=55e238",
                    "comment_reactors": [],
                    "comment_reactions": null,
                    "comment_reaction_count": null
                },
                {
                    "comment_id": "10159551641148904",
                    "comment_url": "https://facebook.com/10159551641148904",
                    "commenter_id": "691859545",
                    "commenter_url": "https://facebook.com/airbnbexperiencesambassador?fref=nf&rc=p",
                    "commenter_name": "Sam Wong",
                    "commenter_meta": null,
                    "comment_text": "Rose Cantelo Mayhew yes he became a paid lip career.",
                    "comment_time": "2022-02-09 19:27:05",
                    "comment_image": null,
                    "comment_reactors": [],
                    "comment_reactions": null,
                    "comment_reaction_count": null
                },
                {
                    "comment_id": "10159551642868904",
                    "comment_url": "https://facebook.com/10159551642868904",
                    "commenter_id": "585354257",
                    "commenter_url": "https://facebook.com/rose.mayhew1?fref=nf&rc=p",
                    "commenter_name": "Rose Cantelo Mayhew",
                    "commenter_meta": null,
                    "comment_text": "Sam Wong He has always made a living by talking. That's nothing new.",
                    "comment_time": "2022-02-09 19:27:05",
                    "comment_image": null,
                    "comment_reactors": [],
                    "comment_reactions": null,
                    "comment_reaction_count": null
                },
                {
                    "comment_id": "10159551650108904",
                    "comment_url": "https://facebook.com/10159551650108904",
                    "commenter_id": "691859545",
                    "commenter_url": "https://facebook.com/airbnbexperiencesambassador?fref=nf&rc=p",
                    "commenter_name": "Sam Wong",
                    "commenter_meta": null,
                    "comment_text": "Rose Cantelo Mayhew Paid Lip and freepress journalist are totally two different thing. the violent protestors in ottawa the police and rcmp goin to crack down - https://\nrumble.com/\nvu7ky6-what-its-\nreally-like-in-\nottawa.html?fbc\nlid=IwAR2GD7h6r\n7zuMbWaD1SErTa7\nBiR39AklN2_Eoc1\naOznK0RRUP3llBK\n_dVao",
                    "comment_time": "2022-02-09 19:27:05",
                    "comment_image": "https://rumble.com/vu7ky6-what-its-really-like-in-ottawa.html?fbclid=IwAR0Ux5H3cjaNe6qxcbvQlT_5QaMdr4d_DqKOgFcMDhwfQQkDXdefXyX6rDw",
                    "comment_reactors": [],
                    "comment_reactions": null,
                    "comment_reaction_count": null
                }
            ]
        },
        {
            "comment_id": "10159552145748904",
            "comment_url": "https://facebook.com/10159552145748904",
            "commenter_id": "504757661",
            "commenter_url": "https://facebook.com/sandra.salanki?fref=nf&rc=p&refid=52",
            "commenter_name": "Sandra Salanki",
            "commenter_meta": null,
            "comment_text": "So not only do these people not have the same rights to peaceful protesting or medical decisions... you're now questioning their right to religious freedoms? Smrt",
            "comment_time": "2022-02-09 19:27:03",
            "comment_image": null,
            "comment_reactors": [],
            "comment_reactions": null,
            "comment_reaction_count": null,
            "replies": []
        },
        {
            "comment_id": "10159551434893904",
            "comment_url": "https://facebook.com/10159551434893904",
            "commenter_id": "840965152",
            "commenter_url": "https://facebook.com/greg.joiner?fref=nf&rc=p&refid=52",
            "commenter_name": "Greg Joiner",
            "commenter_meta": null,
            "comment_text": "God loves a good plague",
            "comment_time": "2022-02-09 19:27:03",
            "comment_image": null,
            "comment_reactors": [],
            "comment_reactions": null,
            "comment_reaction_count": null,
            "replies": [
                {
                    "comment_id": "10159551476733904",
                    "comment_url": "https://facebook.com/10159551476733904",
                    "commenter_id": "100002129363867",
                    "commenter_url": "https://facebook.com/alvina.m.babar?fref=nf&rc=p",
                    "commenter_name": "Alvina Babar",
                    "commenter_meta": null,
                    "comment_text": "Greg Joiner God is weeding out all the sinners",
                    "comment_time": "2022-02-09 19:27:06",
                    "comment_image": null,
                    "comment_reactors": [],
                    "comment_reactions": null,
                    "comment_reaction_count": null
                },
                {
                    "comment_id": "10159551481473904",
                    "comment_url": "https://facebook.com/10159551481473904",
                    "commenter_id": "585354257",
                    "commenter_url": "https://facebook.com/rose.mayhew1?fref=nf&rc=p",
                    "commenter_name": "Rose Cantelo Mayhew",
                    "commenter_meta": null,
                    "comment_text": "Alvina Babar .... would they be the people with or without the vaccine? \ud83d\ude09",
                    "comment_time": "2022-02-09 19:27:06",
                    "comment_image": "https://scontent.xx.fbcdn.net/m1/v/t6/An_UvxJXg9tdnLU3Y5qjPi0200MLilhzPXUgxzGjQzUMaNcmjdZA6anyrngvkdub33NZzZhd51fpCAEzNHFhko5aKRFP5fS1w_lKwYrzcNLupv27.png?ccb=10-5&oh=00_AT9C82irDy7Sn8cI_UEelmRC1FY5K5jw2pfWXlZ8QaKL1g&oe=62246CF9&_nc_sid=55e238",
                    "comment_reactors": [],
                    "comment_reactions": null,
                    "comment_reaction_count": null
                },
                {
                    "comment_id": "10159551518468904",
                    "comment_url": "https://facebook.com/10159551518468904",
                    "commenter_id": "100001803738646",
                    "commenter_url": "https://facebook.com/david.murray.9849?fref=nf&rc=p",
                    "commenter_name": "David Murray",
                    "commenter_meta": null,
                    "comment_text": "Alvina Babar Which God, and who's God?",
                    "comment_time": "2022-02-09 19:27:06",
                    "comment_image": null,
                    "comment_reactors": [],
                    "comment_reactions": null,
                    "comment_reaction_count": null
                }
            ]
        },
        {
            "comment_id": "10159551653683904",
            "comment_url": "https://facebook.com/10159551653683904",
            "commenter_id": "578552726",
            "commenter_url": "https://facebook.com/jody.squires.7?fref=nf&rc=p&refid=52",
            "commenter_name": "Jody Squires",
            "commenter_meta": null,
            "comment_text": "Where do they find these opinion \"journalists\" or Communists? Sorry meant columnists?",
            "comment_time": "2022-02-09 19:27:03",
            "comment_image": null,
            "comment_reactors": [],
            "comment_reactions": null,
            "comment_reaction_count": null,
            "replies": []
        },
        {
            "comment_id": "10159551568188904",
            "comment_url": "https://facebook.com/10159551568188904",
            "commenter_id": "503785058",
            "commenter_url": "https://facebook.com/yann.bossel?fref=nf&rc=p&refid=52",
            "commenter_name": "Yann Bossel",
            "commenter_meta": null,
            "comment_text": "Something wrong with starting with the Lord\u2019s Prayer?",
            "comment_time": "2022-02-09 19:27:03",
            "comment_image": null,
            "comment_reactors": [],
            "comment_reactions": null,
            "comment_reaction_count": null,
            "replies": [
                {
                    "comment_id": "10159551895533904",
                    "comment_url": "https://facebook.com/10159551895533904",
                    "commenter_id": "806355549",
                    "commenter_url": "https://facebook.com/joanne.johnsonmeyers?fref=nf&rc=p",
                    "commenter_name": "Joanne Johnson-Meyers",
                    "commenter_meta": null,
                    "comment_text": "Yann Bossel artical ... Is about the reader ... Not what he is reading .. Per say",
                    "comment_time": "2022-02-09 19:27:07",
                    "comment_image": null,
                    "comment_reactors": [],
                    "comment_reactions": null,
                    "comment_reaction_count": null
                }
            ]
        },
        {
            "comment_id": "10159551410728904",
            "comment_url": "https://facebook.com/10159551410728904",
            "commenter_id": "100003164424611",
            "commenter_url": "https://facebook.com/darlene.dove.90?fref=nf&rc=p&refid=52",
            "commenter_name": "Darlene Dove",
            "commenter_meta": null,
            "comment_text": "I am Canadian. I stand for Diversity. I stand for living in balance and harmony on the beautiful Planet Earth we ALL live on together. I stand for Wisdom, Knowledge and Logic where all true solutions are to be found. I stand for Truth. I stand for Freedom of Choice. I will never acquiese to tyranny. Try to call this Far Right. I stand with the truckers.",
            "comment_time": "2022-02-09 19:27:03",
            "comment_image": null,
            "comment_reactors": [],
            "comment_reactions": null,
            "comment_reaction_count": null,
            "replies": [
                {
                    "comment_id": "10159551444638904",
                    "comment_url": "https://facebook.com/10159551444638904",
                    "commenter_id": "734099002",
                    "commenter_url": "https://facebook.com/monica.noij?fref=nf&rc=p",
                    "commenter_name": "Monica Noij",
                    "commenter_meta": "Top fan",
                    "comment_text": "Darlene Dove Can you articulate what you mean by freedom?",
                    "comment_time": "2022-02-09 19:27:08",
                    "comment_image": "https://static.xx.fbcdn.net/rsrc.php/v3/y7/r/4bRBCBmu1Q9.png",
                    "comment_reactors": [],
                    "comment_reactions": null,
                    "comment_reaction_count": null
                },
                {
                    "comment_id": "10159551444768904",
                    "comment_url": "https://facebook.com/10159551444768904",
                    "commenter_id": "100003164424611",
                    "commenter_url": "https://facebook.com/darlene.dove.90?fref=nf&rc=p",
                    "commenter_name": "Darlene Dove",
                    "commenter_meta": null,
                    "comment_text": "Simon A. James https://\nfortune.com/\n2022/01/19/\ncovid-19-booster\ns-block-immunit\ny-omicron-study\n-finds/",
                    "comment_time": "2022-02-09 19:27:08",
                    "comment_image": "https://fortune.com/2022/01/19/covid-19-boosters-block-immunity-omicron-study-finds/?fbclid=IwAR3qVSv3FlSXuyxKHmETWALgmxVWqM2mKtOh9zcZSF6KwITiUtm8fYnRZHg",
                    "comment_reactors": [],
                    "comment_reactions": null,
                    "comment_reaction_count": null
                },
                {
                    "comment_id": "10159551444958904",
                    "comment_url": "https://facebook.com/10159551444958904",
                    "commenter_id": "650936396",
                    "commenter_url": "https://facebook.com/simon.a.james.420?fref=nf&rc=p",
                    "commenter_name": "Simon A. James",
                    "commenter_meta": "Top fan",
                    "comment_text": "Darlene Dove You don't get it either; the far right ORGANIZED the entire rally. They didn't have to infiltrate. It hasn't been taken over from them. It was theirs from the start and they are still steering the ship \ud83d\ude44\ud83d\ude44\n\nAnd you're obviously okay with that or in denial",
                    "comment_time": "2022-02-09 19:27:08",
                    "comment_image": "https://static.xx.fbcdn.net/rsrc.php/v3/y7/r/4bRBCBmu1Q9.png",
                    "comment_reactors": [],
                    "comment_reactions": null,
                    "comment_reaction_count": null
                },
                {
                    "comment_id": "10159551445168904",
                    "comment_url": "https://facebook.com/10159551445168904",
                    "commenter_id": "100003164424611",
                    "commenter_url": "https://facebook.com/darlene.dove.90?fref=nf&rc=p",
                    "commenter_name": "Darlene Dove",
                    "commenter_meta": null,
                    "comment_text": "Simon A. James Stay up to date.",
                    "comment_time": "2022-02-09 19:27:08",
                    "comment_image": "https://scontent.xx.fbcdn.net/m1/v/t6/An_UvxJXg9tdnLU3Y5qjPi0200MLilhzPXUgxzGjQzUMaNcmjdZA6anyrngvkdub33NZzZhd51fpCAEzNHFhko5aKRFP5fS1w_lKwYrzcNLupv27.png?ccb=10-5&oh=00_AT9C82irDy7Sn8cI_UEelmRC1FY5K5jw2pfWXlZ8QaKL1g&oe=62246CF9&_nc_sid=55e238",
                    "comment_reactors": [],
                    "comment_reactions": null,
                    "comment_reaction_count": null
                },
                {
                    "comment_id": "10159551446588904",
                    "comment_url": "https://facebook.com/10159551446588904",
                    "commenter_id": "100003164424611",
                    "commenter_url": "https://facebook.com/darlene.dove.90?fref=nf&rc=p",
                    "commenter_name": "Darlene Dove",
                    "commenter_meta": null,
                    "comment_text": "Monica Noij I believe in Body Autonomy, but it must be done in an informed and responsible way. With great freedom, comes great responsibility.",
                    "comment_time": "2022-02-09 19:27:08",
                    "comment_image": "https://scontent.xx.fbcdn.net/m1/v/t6/An_UvxJXg9tdnLU3Y5qjPi0200MLilhzPXUgxzGjQzUMaNcmjdZA6anyrngvkdub33NZzZhd51fpCAEzNHFhko5aKRFP5fS1w_lKwYrzcNLupv27.png?ccb=10-5&oh=00_AT9C82irDy7Sn8cI_UEelmRC1FY5K5jw2pfWXlZ8QaKL1g&oe=62246CF9&_nc_sid=55e238",
                    "comment_reactors": [],
                    "comment_reactions": null,
                    "comment_reaction_count": null
                },
                {
                    "comment_id": "10159551446723904",
                    "comment_url": "https://facebook.com/10159551446723904",
                    "commenter_id": "100002753844512",
                    "commenter_url": "https://facebook.com/rob.hill.167?fref=nf&rc=p",
                    "commenter_name": "Hill RK",
                    "commenter_meta": null,
                    "comment_text": "Simon A. James the FAR LEFT are desperate and are losing what\u2019s left of their minds.",
                    "comment_time": "2022-02-09 19:27:08",
                    "comment_image": "https://scontent.xx.fbcdn.net/m1/v/t6/An_F9bJG7govfshSMBkvcRLcxT0jmiXVYKtr7lgH5AHgUrjjpZ1OD0xyxXYgf7arc0lWgCdrR_KN4Mg7RSN3Gm3W6Gg03N1tQ-ZXzVvFJ_KvvB4.png?ccb=10-5&oh=00_AT8ScZKrgCPhmfSgYBZgvnQHv14vvPQpgzOW8DDMFGGodg&oe=62243F67&_nc_sid=55e238",
                    "comment_reactors": [],
                    "comment_reactions": null,
                    "comment_reaction_count": null
                },
                {
                    "comment_id": "10159551448118904",
                    "comment_url": "https://facebook.com/10159551448118904",
                    "commenter_id": "100003164424611",
                    "commenter_url": "https://facebook.com/darlene.dove.90?fref=nf&rc=p",
                    "commenter_name": "Darlene Dove",
                    "commenter_meta": null,
                    "comment_text": "Simon A. James Freedom fighters have taken over the Far Right and vastly outnumber them. Hatred will never Win!",
                    "comment_time": "2022-02-09 19:27:08",
                    "comment_image": "https://scontent.xx.fbcdn.net/m1/v/t6/An_UvxJXg9tdnLU3Y5qjPi0200MLilhzPXUgxzGjQzUMaNcmjdZA6anyrngvkdub33NZzZhd51fpCAEzNHFhko5aKRFP5fS1w_lKwYrzcNLupv27.png?ccb=10-5&oh=00_AT9C82irDy7Sn8cI_UEelmRC1FY5K5jw2pfWXlZ8QaKL1g&oe=62246CF9&_nc_sid=55e238",
                    "comment_reactors": [],
                    "comment_reactions": null,
                    "comment_reaction_count": null
                },
                {
                    "comment_id": "10159551448363904",
                    "comment_url": "https://facebook.com/10159551448363904",
                    "commenter_id": "100002753844512",
                    "commenter_url": "https://facebook.com/rob.hill.167?fref=nf&rc=p",
                    "commenter_name": "Hill RK",
                    "commenter_meta": null,
                    "comment_text": "Monica Noij are you FREE to travel without a vax passport? Are you FREE to go to a gym, a bar, a restaurant without a vax passport? Are you FREE to have as many friends and family over fro dinner as you wish? No didnt think so.",
                    "comment_time": "2022-02-09 19:27:08",
                    "comment_image": "https://scontent.xx.fbcdn.net/m1/v/t6/An_UvxJXg9tdnLU3Y5qjPi0200MLilhzPXUgxzGjQzUMaNcmjdZA6anyrngvkdub33NZzZhd51fpCAEzNHFhko5aKRFP5fS1w_lKwYrzcNLupv27.png?ccb=10-5&oh=00_AT9C82irDy7Sn8cI_UEelmRC1FY5K5jw2pfWXlZ8QaKL1g&oe=62246CF9&_nc_sid=55e238",
                    "comment_reactors": [],
                    "comment_reactions": null,
                    "comment_reaction_count": null
                },
                {
                    "comment_id": "10159551448528904",
                    "comment_url": "https://facebook.com/10159551448528904",
                    "commenter_id": "650936396",
                    "commenter_url": "https://facebook.com/simon.a.james.420?fref=nf&rc=p",
                    "commenter_name": "Simon A. James",
                    "commenter_meta": "Top fan",
                    "comment_text": "Darlene Dove try actually reading more than the headline...",
                    "comment_time": "2022-02-09 19:27:08",
                    "comment_image": "https://static.xx.fbcdn.net/rsrc.php/v3/y7/r/4bRBCBmu1Q9.png",
                    "comment_reactors": [],
                    "comment_reactions": null,
                    "comment_reaction_count": null
                },
                {
                    "comment_id": "10159551450048904",
                    "comment_url": "https://facebook.com/10159551450048904",
                    "commenter_id": "100003164424611",
                    "commenter_url": "https://facebook.com/darlene.dove.90?fref=nf&rc=p",
                    "commenter_name": "Darlene Dove",
                    "commenter_meta": null,
                    "comment_text": "Simon A. James Freedom and Truth will always prevail. Hatred doesn't stand a chance!",
                    "comment_time": "2022-02-09 19:27:08",
                    "comment_image": "https://scontent.xx.fbcdn.net/m1/v/t6/An_UvxJXg9tdnLU3Y5qjPi0200MLilhzPXUgxzGjQzUMaNcmjdZA6anyrngvkdub33NZzZhd51fpCAEzNHFhko5aKRFP5fS1w_lKwYrzcNLupv27.png?ccb=10-5&oh=00_AT9C82irDy7Sn8cI_UEelmRC1FY5K5jw2pfWXlZ8QaKL1g&oe=62246CF9&_nc_sid=55e238",
                    "comment_reactors": [],
                    "comment_reactions": null,
                    "comment_reaction_count": null
                },
                {
                    "comment_id": "10159551452018904",
                    "comment_url": "https://facebook.com/10159551452018904",
                    "commenter_id": "100003164424611",
                    "commenter_url": "https://facebook.com/darlene.dove.90?fref=nf&rc=p",
                    "commenter_name": "Darlene Dove",
                    "commenter_meta": null,
                    "comment_text": "Simon A. James Those standing in Freedom are the future. Stong, vital, wise people who will never submit to tyranny and will stand for Diversity, Balance, Harmony and for our beautiful Planet Earth. WATCH US! We are going to emerge from the wreckage caused by lies and tyranny.",
                    "comment_time": "2022-02-09 19:27:08",
                    "comment_image": "https://scontent.xx.fbcdn.net/m1/v/t6/An_UvxJXg9tdnLU3Y5qjPi0200MLilhzPXUgxzGjQzUMaNcmjdZA6anyrngvkdub33NZzZhd51fpCAEzNHFhko5aKRFP5fS1w_lKwYrzcNLupv27.png?ccb=10-5&oh=00_AT9C82irDy7Sn8cI_UEelmRC1FY5K5jw2pfWXlZ8QaKL1g&oe=62246CF9&_nc_sid=55e238",
                    "comment_reactors": [],
                    "comment_reactions": null,
                    "comment_reaction_count": null
                },
                {
                    "comment_id": "10159551460573904",
                    "comment_url": "https://facebook.com/10159551460573904",
                    "commenter_id": "703700455",
                    "commenter_url": "https://facebook.com/patrick.randall.96?fref=nf&rc=p",
                    "commenter_name": "Patrick Randall",
                    "commenter_meta": null,
                    "comment_text": "Darlene Dove Probly shouldn\u2019t have joined a movement started and organized by white supremacists then.",
                    "comment_time": "2022-02-09 19:27:08",
                    "comment_image": "https://scontent.xx.fbcdn.net/m1/v/t6/An_UvxJXg9tdnLU3Y5qjPi0200MLilhzPXUgxzGjQzUMaNcmjdZA6anyrngvkdub33NZzZhd51fpCAEzNHFhko5aKRFP5fS1w_lKwYrzcNLupv27.png?ccb=10-5&oh=00_AT9C82irDy7Sn8cI_UEelmRC1FY5K5jw2pfWXlZ8QaKL1g&oe=62246CF9&_nc_sid=55e238",
                    "comment_reactors": [],
                    "comment_reactions": null,
                    "comment_reaction_count": null
                },
                {
                    "comment_id": "10159551485283904",
                    "comment_url": "https://facebook.com/10159551485283904",
                    "commenter_id": "585354257",
                    "commenter_url": "https://facebook.com/rose.mayhew1?fref=nf&rc=p",
                    "commenter_name": "Rose Cantelo Mayhew",
                    "commenter_meta": null,
                    "comment_text": "Darlene Dove It's frightening to consider who and what stands with you. With all that wisdom and knowledge out there, not to mention hindsight, what is the one thing you would have done above all others when this pandemic started?",
                    "comment_time": "2022-02-09 19:27:08",
                    "comment_image": "https://scontent.xx.fbcdn.net/m1/v/t6/An_UvxJXg9tdnLU3Y5qjPi0200MLilhzPXUgxzGjQzUMaNcmjdZA6anyrngvkdub33NZzZhd51fpCAEzNHFhko5aKRFP5fS1w_lKwYrzcNLupv27.png?ccb=10-5&oh=00_AT9C82irDy7Sn8cI_UEelmRC1FY5K5jw2pfWXlZ8QaKL1g&oe=62246CF9&_nc_sid=55e238",
                    "comment_reactors": [],
                    "comment_reactions": null,
                    "comment_reaction_count": null
                },
                {
                    "comment_id": "10159551490763904",
                    "comment_url": "https://facebook.com/10159551490763904",
                    "commenter_id": "652816631",
                    "commenter_url": "https://facebook.com/joy.fleury.9?fref=nf&rc=p",
                    "commenter_name": "Joy Fleury",
                    "commenter_meta": null,
                    "comment_text": "Darlene Dove exactly, and these health protections are in place for that exact reason, stop calling them restrictions.",
                    "comment_time": "2022-02-09 19:27:08",
                    "comment_image": "https://scontent.xx.fbcdn.net/m1/v/t6/An_UvxJXg9tdnLU3Y5qjPi0200MLilhzPXUgxzGjQzUMaNcmjdZA6anyrngvkdub33NZzZhd51fpCAEzNHFhko5aKRFP5fS1w_lKwYrzcNLupv27.png?ccb=10-5&oh=00_AT9C82irDy7Sn8cI_UEelmRC1FY5K5jw2pfWXlZ8QaKL1g&oe=62246CF9&_nc_sid=55e238",
                    "comment_reactors": [],
                    "comment_reactions": null,
                    "comment_reaction_count": null
                },
                {
                    "comment_id": "10159551494118904",
                    "comment_url": "https://facebook.com/10159551494118904",
                    "commenter_id": "703700455",
                    "commenter_url": "https://facebook.com/patrick.randall.96?fref=nf&rc=p",
                    "commenter_name": "Patrick Randall",
                    "commenter_meta": null,
                    "comment_text": "Dan Carroll funny thing is you\u2019re the ones who sound just like the useful idiots yelling about freedom right after 9/11.\ud83d\ude02\ud83d\ude02\ud83e\udd23\ud83d\ude02\ud83e\udd23\ud83d\ude02\ud83e\udd23",
                    "comment_time": "2022-02-09 19:27:08",
                    "comment_image": null,
                    "comment_reactors": [],
                    "comment_reactions": null,
                    "comment_reaction_count": null
                },
                {
                    "comment_id": "10159551511043904",
                    "comment_url": "https://facebook.com/10159551511043904",
                    "commenter_id": "510988906",
                    "commenter_url": "https://facebook.com/kwaku.ametort?fref=nf&rc=p",
                    "commenter_name": "Kwaku Ametor",
                    "commenter_meta": null,
                    "comment_text": "Rose Cantelo Mayhew in order for them not to put their selfishness aside and tighten their seatbelts to bring the pandemic under control, they have to convince themselves the pandemic is not real, or that it's not as bad as everybody is making it to be. That's why they keep shifting the goal post.",
                    "comment_time": "2022-02-09 19:27:08",
                    "comment_image": "https://scontent.xx.fbcdn.net/m1/v/t6/An_UvxJXg9tdnLU3Y5qjPi0200MLilhzPXUgxzGjQzUMaNcmjdZA6anyrngvkdub33NZzZhd51fpCAEzNHFhko5aKRFP5fS1w_lKwYrzcNLupv27.png?ccb=10-5&oh=00_AT9C82irDy7Sn8cI_UEelmRC1FY5K5jw2pfWXlZ8QaKL1g&oe=62246CF9&_nc_sid=55e238",
                    "comment_reactors": [],
                    "comment_reactions": null,
                    "comment_reaction_count": null
                },
                {
                    "comment_id": "10159551512203904",
                    "comment_url": "https://facebook.com/10159551512203904",
                    "commenter_id": "100000500070996",
                    "commenter_url": "https://facebook.com/benjamin.pang.10?fref=nf&rc=p",
                    "commenter_name": "Benjamin Pang",
                    "commenter_meta": null,
                    "comment_text": "Darlene Dove Well said Darlene. Mr Trudeau should resign.",
                    "comment_time": "2022-02-09 19:27:08",
                    "comment_image": "https://scontent.xx.fbcdn.net/m1/v/t6/An_UvxJXg9tdnLU3Y5qjPi0200MLilhzPXUgxzGjQzUMaNcmjdZA6anyrngvkdub33NZzZhd51fpCAEzNHFhko5aKRFP5fS1w_lKwYrzcNLupv27.png?ccb=10-5&oh=00_AT9C82irDy7Sn8cI_UEelmRC1FY5K5jw2pfWXlZ8QaKL1g&oe=62246CF9&_nc_sid=55e238",
                    "comment_reactors": [],
                    "comment_reactions": null,
                    "comment_reaction_count": null
                },
                {
                    "comment_id": "10159551520828904",
                    "comment_url": "https://facebook.com/10159551520828904",
                    "commenter_id": "585354257",
                    "commenter_url": "https://facebook.com/rose.mayhew1?fref=nf&rc=p",
                    "commenter_name": "Rose Cantelo Mayhew",
                    "commenter_meta": null,
                    "comment_text": "Kwaku Ametor Many psychological experts are suggesting that the problem people are those who feel they are losing their place in society, that they've been kicked down and are losing control and that change will only make their lives worse. Selfishness is not so unusual in this world -- I very selfishly believe that the vaccines and mandates will make the world .... and my life, and my neighbour's lives, better.",
                    "comment_time": "2022-02-09 19:27:08",
                    "comment_image": "https://scontent.xx.fbcdn.net/m1/v/t6/An_UvxJXg9tdnLU3Y5qjPi0200MLilhzPXUgxzGjQzUMaNcmjdZA6anyrngvkdub33NZzZhd51fpCAEzNHFhko5aKRFP5fS1w_lKwYrzcNLupv27.png?ccb=10-5&oh=00_AT9C82irDy7Sn8cI_UEelmRC1FY5K5jw2pfWXlZ8QaKL1g&oe=62246CF9&_nc_sid=55e238",
                    "comment_reactors": [],
                    "comment_reactions": null,
                    "comment_reaction_count": null
                },
                {
                    "comment_id": "10159551527473904",
                    "comment_url": "https://facebook.com/10159551527473904",
                    "commenter_id": "100000617846652",
                    "commenter_url": "https://facebook.com/geefore.allen?fref=nf&rc=p",
                    "commenter_name": "Gee Fore Allen",
                    "commenter_meta": null,
                    "comment_text": "Darlene Dove What exactly are you not being allowed to participate in? Not getting vaccinated? Looks like you had the \"freedom\" to make that decision yourself.......\nthe freedom of choice you claim you're being denied.",
                    "comment_time": "2022-02-09 19:27:08",
                    "comment_image": null,
                    "comment_reactors": [],
                    "comment_reactions": null,
                    "comment_reaction_count": null
                },
                {
                    "comment_id": "10159551601453904",
                    "comment_url": "https://facebook.com/10159551601453904",
                    "commenter_id": "100003663727479",
                    "commenter_url": "https://facebook.com/bill.roest?fref=nf&rc=p",
                    "commenter_name": "Bill Roest",
                    "commenter_meta": null,
                    "comment_text": "Gee Fore Allen - there are many, many people who are fully vaccinated who support the truckers",
                    "comment_time": "2022-02-09 19:27:08",
                    "comment_image": "https://scontent.xx.fbcdn.net/m1/v/t6/An-SJYN61eefFdoaV8pa0G_5_APCa0prZaqkZGXpCFeUCLCg89UPOqSkSZxJkLy0hAKKpUIPEB91mo9yBBfcAqcwmpEu5jN_jmJufFtJoVJCUklu.png?ccb=10-5&oh=00_AT-HD_fAz1FOkFJ77AGea0mU96-fTFoUboA_JCHdWzyUDQ&oe=6223C91F&_nc_sid=55e238",
                    "comment_reactors": [],
                    "comment_reactions": null,
                    "comment_reaction_count": null
                },
                {
                    "comment_id": "10159551607873904",
                    "comment_url": "https://facebook.com/10159551607873904",
                    "commenter_id": "1283711742",
                    "commenter_url": "https://facebook.com/arlene.dykstra.5?fref=nf&rc=p",
                    "commenter_name": "Arlene Dykstra",
                    "commenter_meta": null,
                    "comment_text": "Gee Fore Allen I am vaccinated and I am unable to live freely in my own country. If I were living freely I would not be required to provide personal medical information to move about or access services.\n\nA coerced decision is NOT a free decision. A free decision does not require forced compliance.\n\nConflating gov't punishment for a fully legal choice with the word \"consequence\" is inanity, if you are going with that line.\n\nThe vaccine we took does not protect anyone but ourselves as Covid, and especially Omicron, spread despite it.\n\nAs such the claim of responsibility being touted for being vaccinated is without merit. Covering for decades of inept health care leadership by scapegoating the unvaccinated is also far from any kind of \u2018responsible\u2019 choice.\n\nToo many of those that are vaccinated are standing on a fully unearned moral high ground.",
                    "comment_time": "2022-02-09 19:27:08",
                    "comment_image": "https://scontent.xx.fbcdn.net/m1/v/t6/An_UvxJXg9tdnLU3Y5qjPi0200MLilhzPXUgxzGjQzUMaNcmjdZA6anyrngvkdub33NZzZhd51fpCAEzNHFhko5aKRFP5fS1w_lKwYrzcNLupv27.png?ccb=10-5&oh=00_AT9C82irDy7Sn8cI_UEelmRC1FY5K5jw2pfWXlZ8QaKL1g&oe=62246CF9&_nc_sid=55e238",
                    "comment_reactors": [],
                    "comment_reactions": null,
                    "comment_reaction_count": null
                },
                {
                    "comment_id": "10159551729988904",
                    "comment_url": "https://facebook.com/10159551729988904",
                    "commenter_id": "509546034",
                    "commenter_url": "https://facebook.com/ashley.faller.9?fref=nf&rc=p",
                    "commenter_name": "Ashley Faller",
                    "commenter_meta": null,
                    "comment_text": "Darlene Dove truckers commiting tyranny while stepping on other Canadians to get what they want. The irony.",
                    "comment_time": "2022-02-09 19:27:08",
                    "comment_image": null,
                    "comment_reactors": [],
                    "comment_reactions": null,
                    "comment_reaction_count": null
                },
                {
                    "comment_id": "10159551888408904",
                    "comment_url": "https://facebook.com/10159551888408904",
                    "commenter_id": "806355549",
                    "commenter_url": "https://facebook.com/joanne.johnsonmeyers?fref=nf&rc=p",
                    "commenter_name": "Joanne Johnson-Meyers",
                    "commenter_meta": null,
                    "comment_text": "Darlene Dove on the far right n a little lower american politic",
                    "comment_time": "2022-02-09 19:27:08",
                    "comment_image": null,
                    "comment_reactors": [],
                    "comment_reactions": null,
                    "comment_reaction_count": null
                },
                {
                    "comment_id": "10159551934518904",
                    "comment_url": "https://facebook.com/10159551934518904",
                    "commenter_id": "100000696537869",
                    "commenter_url": "https://facebook.com/michael.powell.3517?fref=nf&rc=p",
                    "commenter_name": "Michael Powell",
                    "commenter_meta": null,
                    "comment_text": "Darlene Dove https://\nwww.bing.com/\nvideos/\nsearch?q=raspber\nry+sound&&view=\ndetail&mid=6D4A\n757CE861E5A4610\n36D4A757CE861E5\nA46103&rvsmid=0\n2D1214835963DB3\n650902D12148359\n63DB36509&FORM=\nVDQVAP",
                    "comment_time": "2022-02-09 19:27:08",
                    "comment_image": "https://www.bing.com/videos/search?q=raspberry+sound&&view=detail&mid=6D4A757CE861E5A461036D4A757CE861E5A46103&rvsmid=02D1214835963DB3650902D1214835963DB36509&FORM=VDQVAP&fbclid=IwAR2VQiqZroxU42rzjJkMgu_DlltFaO_cDs4iVal7w23PrnIQ-82mtjqHBCc",
                    "comment_reactors": [],
                    "comment_reactions": null,
                    "comment_reaction_count": null
                },
                {
                    "comment_id": "10159552299493904",
                    "comment_url": "https://facebook.com/10159552299493904",
                    "commenter_id": "100003164424611",
                    "commenter_url": "https://facebook.com/darlene.dove.90?fref=nf&rc=p",
                    "commenter_name": "Darlene Dove",
                    "commenter_meta": null,
                    "comment_text": "Ashley Faller It is much more than truckers. Oh Canada glorious and free. This is medical tyranny. Wait until the truth outs that the mRNA injections are unsafe and ineffective.",
                    "comment_time": "2022-02-09 19:27:08",
                    "comment_image": null,
                    "comment_reactors": [],
                    "comment_reactions": null,
                    "comment_reaction_count": null
                },
                {
                    "comment_id": "10159552305883904",
                    "comment_url": "https://facebook.com/10159552305883904",
                    "commenter_id": "100003164424611",
                    "commenter_url": "https://facebook.com/darlene.dove.90?fref=nf&rc=p",
                    "commenter_name": "Darlene Dove",
                    "commenter_meta": null,
                    "comment_text": "Michael Powell Wait until the truth outs that many of the deaths of seniors were due to neglect, not covid. My mother in-law never had a vaccine, had the virus, recovered, took 2 Moderna shots because the Dr. told here she would protect others even though she had not left her room in over a year, was not receiving regular baths or food, was paralyzed from the neck down after the 2nd Moderna shot and died 5 weeks later never recovering the use of her legs, classic Guillain Barre Syndrome and no one will listen. Shame on Canadians that do not do the research and repeat the mantra the vaccines are safe and effective, when the mRNA shots for SARS-Cov-2 are unsafe and ineffective, and should never be given to children.",
                    "comment_time": "2022-02-09 19:27:08",
                    "comment_image": null,
                    "comment_reactors": [],
                    "comment_reactions": null,
                    "comment_reaction_count": null
                },
                {
                    "comment_id": "10159552432783904",
                    "comment_url": "https://facebook.com/10159552432783904",
                    "commenter_id": "509546034",
                    "commenter_url": "https://facebook.com/ashley.faller.9?fref=nf&rc=p",
                    "commenter_name": "Ashley Faller",
                    "commenter_meta": null,
                    "comment_text": "Darlene Dove You have lost your mind.",
                    "comment_time": "2022-02-09 19:27:08",
                    "comment_image": null,
                    "comment_reactors": [],
                    "comment_reactions": null,
                    "comment_reaction_count": null
                },
                {
                    "comment_id": "10159552659333904",
                    "comment_url": "https://facebook.com/10159552659333904",
                    "commenter_id": "100073490949655",
                    "commenter_url": "https://facebook.com/profile.php?id=100073490949655&fref=nf&rc=p",
                    "commenter_name": "Angie Watling",
                    "commenter_meta": null,
                    "comment_text": "Rose Cantelo Mayhew Just more entitled jibber from the GTA!!!",
                    "comment_time": "2022-02-09 19:27:08",
                    "comment_image": null,
                    "comment_reactors": [],
                    "comment_reactions": null,
                    "comment_reaction_count": null
                }
            ]
        },
        {
            "comment_id": "10159551490373904",
            "comment_url": "https://facebook.com/10159551490373904",
            "commenter_id": "100004128970537",
            "commenter_url": "https://facebook.com/chris.urban.3956?fref=nf&rc=p&refid=52",
            "commenter_name": "Chris Urban",
            "commenter_meta": null,
            "comment_text": "so?",
            "comment_time": "2022-02-09 19:27:03",
            "comment_image": null,
            "comment_reactors": [],
            "comment_reactions": null,
            "comment_reaction_count": null,
            "replies": []
        },
        {
            "comment_id": "10159551429058904",
            "comment_url": "https://facebook.com/10159551429058904",
            "commenter_id": "784370380",
            "commenter_url": "https://facebook.com/darrell.delorey?fref=nf&rc=p&refid=52",
            "commenter_name": "Darrell J Delorey",
            "commenter_meta": null,
            "comment_text": "Big difference between calling yourself a priest and being one.\nEphesians 6,12\n[12]For our struggle is not against flesh and blood, but against principalities and powers, against the directors of this world of darkness, against the spirits of wickedness in high places.",
            "comment_time": "2022-02-09 19:27:03",
            "comment_image": null,
            "comment_reactors": [],
            "comment_reactions": null,
            "comment_reaction_count": null,
            "replies": []
        },
        {
            "comment_id": "10159551630743904",
            "comment_url": "https://facebook.com/10159551630743904",
            "commenter_id": "875650346",
            "commenter_url": "https://facebook.com/jimmy.voskakis?fref=nf&rc=p&refid=52",
            "commenter_name": "Jimmy Voskakis",
            "commenter_meta": null,
            "comment_text": "What a joke! I\u2019m sure these guys are praying hard for the people in this country who *actually* have and continue to experience oppression. We have Duck Dynasty level civics and ethics understanding flying around this country.",
            "comment_time": "2022-02-09 19:27:03",
            "comment_image": null,
            "comment_reactors": [],
            "comment_reactions": null,
            "comment_reaction_count": null,
            "replies": []
        },
        {
            "comment_id": "10159551484738904",
            "comment_url": "https://facebook.com/10159551484738904",
            "commenter_id": "688776657",
            "commenter_url": "https://facebook.com/peter.at.vallarta?fref=nf&rc=p&refid=52",
            "commenter_name": "Peter Hardy",
            "commenter_meta": null,
            "comment_text": "Every Christian thinks they're the righteous one...\nDelusion will do that to a person",
            "comment_time": "2022-02-09 19:27:03",
            "comment_image": null,
            "comment_reactors": [],
            "comment_reactions": null,
            "comment_reaction_count": null,
            "replies": []
        },
        {
            "comment_id": "10159551939318904",
            "comment_url": "https://facebook.com/10159551939318904",
            "commenter_id": "1624047806",
            "commenter_url": "https://facebook.com/jslelliott?fref=nf&rc=p&refid=52",
            "commenter_name": "Jeff Elliott",
            "commenter_meta": null,
            "comment_text": "If faith groups or church group help protestors in funding money then they should be Taxed under the CRA as a business and taxed",
            "comment_time": "2022-02-09 19:27:03",
            "comment_image": null,
            "comment_reactors": [],
            "comment_reactions": null,
            "comment_reaction_count": null,
            "replies": []
        },
        {
            "comment_id": "10159551490118904",
            "comment_url": "https://facebook.com/10159551490118904",
            "commenter_id": "557781122",
            "commenter_url": "https://facebook.com/joan.hurren?fref=nf&rc=p&refid=52",
            "commenter_name": "Joan Hurren",
            "commenter_meta": null,
            "comment_text": "Many crimes have been committed in the name of religion\u2026 all of them.",
            "comment_time": "2022-02-09 19:27:03",
            "comment_image": null,
            "comment_reactors": [],
            "comment_reactions": null,
            "comment_reaction_count": null,
            "replies": [
                {
                    "comment_id": "10159551752853904",
                    "comment_url": "https://facebook.com/10159551752853904",
                    "commenter_id": "550577824",
                    "commenter_url": "https://facebook.com/glenda.maduro.m?fref=nf&rc=p",
                    "commenter_name": "Glenda Maduro Mansur",
                    "commenter_meta": null,
                    "comment_text": "Joan Hurren it's also why you're educated or trying to be !",
                    "comment_time": "2022-02-09 19:27:09",
                    "comment_image": "https://scontent.xx.fbcdn.net/m1/v/t6/An_F9bJG7govfshSMBkvcRLcxT0jmiXVYKtr7lgH5AHgUrjjpZ1OD0xyxXYgf7arc0lWgCdrR_KN4Mg7RSN3Gm3W6Gg03N1tQ-ZXzVvFJ_KvvB4.png?ccb=10-5&oh=00_AT8ScZKrgCPhmfSgYBZgvnQHv14vvPQpgzOW8DDMFGGodg&oe=62243F67&_nc_sid=55e238",
                    "comment_reactors": [],
                    "comment_reactions": null,
                    "comment_reaction_count": null
                },
                {
                    "comment_id": "10159551825528904",
                    "comment_url": "https://facebook.com/10159551825528904",
                    "commenter_id": "100007022803702",
                    "commenter_url": "https://facebook.com/geoff.erving?fref=nf&rc=p",
                    "commenter_name": "Geoff Erving",
                    "commenter_meta": null,
                    "comment_text": "Joan Hurren They sure have. Look up Gott Mit Uns.",
                    "comment_time": "2022-02-09 19:27:09",
                    "comment_image": "https://scontent.xx.fbcdn.net/m1/v/t6/An_UvxJXg9tdnLU3Y5qjPi0200MLilhzPXUgxzGjQzUMaNcmjdZA6anyrngvkdub33NZzZhd51fpCAEzNHFhko5aKRFP5fS1w_lKwYrzcNLupv27.png?ccb=10-5&oh=00_AT9C82irDy7Sn8cI_UEelmRC1FY5K5jw2pfWXlZ8QaKL1g&oe=62246CF9&_nc_sid=55e238",
                    "comment_reactors": [],
                    "comment_reactions": null,
                    "comment_reaction_count": null
                },
                {
                    "comment_id": "10159553722978904",
                    "comment_url": "https://facebook.com/10159553722978904",
                    "commenter_id": "691859545",
                    "commenter_url": "https://facebook.com/airbnbexperiencesambassador?fref=nf&rc=p",
                    "commenter_name": "Sam Wong",
                    "commenter_meta": null,
                    "comment_text": "the violent protestors in ottawa the police and rcmp goin to crack down - https://\nrumble.com/\nvu7ky6-what-its-\nreally-like-in-\nottawa.html?fbc\nlid=IwAR2GD7h6r\n7zuMbWaD1SErTa7\nBiR39AklN2_Eoc1\naOznK0RRUP3llBK\n_dVao",
                    "comment_time": "2022-02-09 19:27:09",
                    "comment_image": "https://rumble.com/vu7ky6-what-its-really-like-in-ottawa.html?fbclid=IwAR0r8ekNtkpXywPe3gHgG8p8Q9IsJOlOjD-SGL__lXHGMhJnjL6lnlQSxpA",
                    "comment_reactors": [],
                    "comment_reactions": null,
                    "comment_reaction_count": null
                }
            ]
        },
        {
            "comment_id": "10159551489598904",
            "comment_url": "https://facebook.com/10159551489598904",
            "commenter_id": "631301608",
            "commenter_url": "https://facebook.com/darren.murtha?fref=nf&rc=p&refid=52",
            "commenter_name": "Darren Murtha",
            "commenter_meta": null,
            "comment_text": "Elon musk: \u201cIf the government had the mandate of the people, there would be a significant counter protest. There is not, therefore they do not. \"",
            "comment_time": "2022-02-09 19:27:03",
            "comment_image": null,
            "comment_reactors": [],
            "comment_reactions": null,
            "comment_reaction_count": null,
            "replies": [
                {
                    "comment_id": "10159551536238904",
                    "comment_url": "https://facebook.com/10159551536238904",
                    "commenter_id": "585354257",
                    "commenter_url": "https://facebook.com/rose.mayhew1?fref=nf&rc=p",
                    "commenter_name": "Rose Cantelo Mayhew",
                    "commenter_meta": null,
                    "comment_text": ".... or those who are not part of \"the protest\" realise a counter-protest\nwould not be productive, and indeed would be counter-product\nive and even more divisive.",
                    "comment_time": "2022-02-09 19:27:09",
                    "comment_image": "https://scontent.xx.fbcdn.net/m1/v/t6/An_UvxJXg9tdnLU3Y5qjPi0200MLilhzPXUgxzGjQzUMaNcmjdZA6anyrngvkdub33NZzZhd51fpCAEzNHFhko5aKRFP5fS1w_lKwYrzcNLupv27.png?ccb=10-5&oh=00_AT9C82irDy7Sn8cI_UEelmRC1FY5K5jw2pfWXlZ8QaKL1g&oe=62246CF9&_nc_sid=55e238",
                    "comment_reactors": [],
                    "comment_reactions": null,
                    "comment_reaction_count": null
                },
                {
                    "comment_id": "10159551872668904",
                    "comment_url": "https://facebook.com/10159551872668904",
                    "commenter_id": "100001458255760",
                    "commenter_url": "https://facebook.com/darryl.green.184?fref=nf&rc=p",
                    "commenter_name": "Darryl Green",
                    "commenter_meta": null,
                    "comment_text": "Darren Murtha Soooo... it is the pacificity of the majority that legitimizes the protest? Just because the protests are full of sound and fury (signifying nothing), the rest of us must compete and make yet more noise and counter-protest\n. And this supposedly, will stop the protestors? Sorry, but I thought that is what we had laws for; to provide the separation between legitimate/\nacceptable social behaviour and the other. Here's a thought; what if we set up 'citizens militias' to protect ourselves - for situations like this where the police decide the best thing is not to enforce the law and protect law-abiding citizens, and that standing idly by, doing nothing, is the best way to diffuse the situation. Armed citizens stepping up to protect their rights versus truckers illegally protesting their loss of their rights to liberty...methi\nnks Elon Musk hasn't really thought this through.",
                    "comment_time": "2022-02-09 19:27:09",
                    "comment_image": "https://scontent.xx.fbcdn.net/m1/v/t6/An_UvxJXg9tdnLU3Y5qjPi0200MLilhzPXUgxzGjQzUMaNcmjdZA6anyrngvkdub33NZzZhd51fpCAEzNHFhko5aKRFP5fS1w_lKwYrzcNLupv27.png?ccb=10-5&oh=00_AT9C82irDy7Sn8cI_UEelmRC1FY5K5jw2pfWXlZ8QaKL1g&oe=62246CF9&_nc_sid=55e238",
                    "comment_reactors": [],
                    "comment_reactions": null,
                    "comment_reaction_count": null
                },
                {
                    "comment_id": "10159551889993904",
                    "comment_url": "https://facebook.com/10159551889993904",
                    "commenter_id": "806355549",
                    "commenter_url": "https://facebook.com/joanne.johnsonmeyers?fref=nf&rc=p",
                    "commenter_name": "Joanne Johnson-Meyers",
                    "commenter_meta": null,
                    "comment_text": "Rose Cantelo Mayhew spoken .. Like a true Canadian .... Hear hear",
                    "comment_time": "2022-02-09 19:27:09",
                    "comment_image": "https://scontent.xx.fbcdn.net/m1/v/t6/An_UvxJXg9tdnLU3Y5qjPi0200MLilhzPXUgxzGjQzUMaNcmjdZA6anyrngvkdub33NZzZhd51fpCAEzNHFhko5aKRFP5fS1w_lKwYrzcNLupv27.png?ccb=10-5&oh=00_AT9C82irDy7Sn8cI_UEelmRC1FY5K5jw2pfWXlZ8QaKL1g&oe=62246CF9&_nc_sid=55e238",
                    "comment_reactors": [],
                    "comment_reactions": null,
                    "comment_reaction_count": null
                },
                {
                    "comment_id": "10159551891778904",
                    "comment_url": "https://facebook.com/10159551891778904",
                    "commenter_id": "806355549",
                    "commenter_url": "https://facebook.com/joanne.johnsonmeyers?fref=nf&rc=p",
                    "commenter_name": "Joanne Johnson-Meyers",
                    "commenter_meta": null,
                    "comment_text": "Darryl Green me thinks ... You american or wanta be .... I am Canadian .. F off eh",
                    "comment_time": "2022-02-09 19:27:09",
                    "comment_image": null,
                    "comment_reactors": [],
                    "comment_reactions": null,
                    "comment_reaction_count": null
                },
                {
                    "comment_id": "10159551892868904",
                    "comment_url": "https://facebook.com/10159551892868904",
                    "commenter_id": "631301608",
                    "commenter_url": "https://facebook.com/darren.murtha?fref=nf&rc=p",
                    "commenter_name": "Darren Murtha",
                    "commenter_meta": null,
                    "comment_text": "Darryl Green I found some covid comedy you might enjoy https://\nyoutu.be/\nAbant5ysUNE",
                    "comment_time": "2022-02-09 19:27:09",
                    "comment_image": "https://youtu.be/Abant5ysUNE?fbclid=IwAR0c51uAjYGnqIE-e9QzDQgIh0aOHzuK1Rp5PlVi9SKfyf0vmM83YpNA8RQ",
                    "comment_reactors": [],
                    "comment_reactions": null,
                    "comment_reaction_count": null
                },
                {
                    "comment_id": "10159552034993904",
                    "comment_url": "https://facebook.com/10159552034993904",
                    "commenter_id": "666105259",
                    "commenter_url": "https://facebook.com/zahra.zahra202?fref=nf&rc=p",
                    "commenter_name": "Zahra Zahra",
                    "commenter_meta": null,
                    "comment_text": "Darren Murtha there were counter protests \ud83e\udd37\ud83c\udffb\u200d\u2640\ufe0f and government officials (those who are apparently are out to get you) keep discouraging counter protests because they don\u2019t want the truckers to get violent soooooo \ud83e\udd37\ud83c\udffb\u200d\u2640\ufe0f",
                    "comment_time": "2022-02-09 19:27:09",
                    "comment_image": null,
                    "comment_reactors": [],
                    "comment_reactions": null,
                    "comment_reaction_count": null
                }
            ]
        },
        {
            "comment_id": "10159551549693904",
            "comment_url": "https://facebook.com/10159551549693904",
            "commenter_id": "100004092404888",
            "commenter_url": "https://facebook.com/mona.hawkins.37?fref=nf&rc=p&refid=52",
            "commenter_name": "Mona Hawkins",
            "commenter_meta": null,
            "comment_text": "A bunch of Hypocrites, and law breakers can still recite the Lord's Prayer !!!! What a joke!",
            "comment_time": "2022-02-09 19:27:03",
            "comment_image": null,
            "comment_reactors": [],
            "comment_reactions": null,
            "comment_reaction_count": null,
            "replies": []
        },
        {
            "comment_id": "10159551680858904",
            "comment_url": "https://facebook.com/10159551680858904",
            "commenter_id": "100002065237461",
            "commenter_url": "https://facebook.com/allan.cypher?fref=nf&rc=p&refid=52",
            "commenter_name": "Allan Cypher",
            "commenter_meta": null,
            "comment_text": "What B.S., the Church is the original mandate pusher in Canada",
            "comment_time": "2022-02-09 19:27:03",
            "comment_image": null,
            "comment_reactors": [],
            "comment_reactions": null,
            "comment_reaction_count": null,
            "replies": []
        },
        {
            "comment_id": "10159551481538904",
            "comment_url": "https://facebook.com/10159551481538904",
            "commenter_id": "575955242",
            "commenter_url": "https://facebook.com/dimitri.kobrin?fref=nf&rc=p&refid=52",
            "commenter_name": "Dimitri Kobrin",
            "commenter_meta": null,
            "comment_text": "Canadians come from all over the country to fight a federal mandate. Media people sorting machine keeps trying to fit then into some category so they can be pitted against other Canadians.",
            "comment_time": "2022-02-09 19:27:03",
            "comment_image": null,
            "comment_reactors": [],
            "comment_reactions": null,
            "comment_reaction_count": null,
            "replies": [
                {
                    "comment_id": "10159553723953904",
                    "comment_url": "https://facebook.com/10159553723953904",
                    "commenter_id": "691859545",
                    "commenter_url": "https://facebook.com/airbnbexperiencesambassador?fref=nf&rc=p",
                    "commenter_name": "Sam Wong",
                    "commenter_meta": null,
                    "comment_text": "Dimitri Kobrin the violent protestors in ottawa the police and rcmp goin to crack down - https://\nrumble.com/\nvu7ky6-what-its-\nreally-like-in-\nottawa.html?fbc\nlid=IwAR2GD7h6r\n7zuMbWaD1SErTa7\nBiR39AklN2_Eoc1\naOznK0RRUP3llBK\n_dVao",
                    "comment_time": "2022-02-09 19:27:10",
                    "comment_image": "https://rumble.com/vu7ky6-what-its-really-like-in-ottawa.html?fbclid=IwAR3eygQPHgxkyCFfI71XUjS6cC7q1bcFqHToS9Ew5u9FZT0S7LTUZ-bhPjA",
                    "comment_reactors": [],
                    "comment_reactions": null,
                    "comment_reaction_count": null
                }
            ]
        },
        {
            "comment_id": "10159551518393904",
            "comment_url": "https://facebook.com/10159551518393904",
            "commenter_id": "694706798",
            "commenter_url": "https://facebook.com/gwatrich?fref=nf&rc=p&refid=52",
            "commenter_name": "Greg Waters",
            "commenter_meta": null,
            "comment_text": "Good for the truckers. To put them down for it makes you a bigot and would be an attack on all religions.",
            "comment_time": "2022-02-09 19:27:03",
            "comment_image": null,
            "comment_reactors": [],
            "comment_reactions": null,
            "comment_reaction_count": null,
            "replies": [
                {
                    "comment_id": "10159551575243904",
                    "comment_url": "https://facebook.com/10159551575243904",
                    "commenter_id": "100024651638766",
                    "commenter_url": "https://facebook.com/jerry.chong.18007?fref=nf&rc=p",
                    "commenter_name": "Jerry Chong",
                    "commenter_meta": null,
                    "comment_text": "Belief in imaginary sky pixies is a sign of mental illness.",
                    "comment_time": "2022-02-09 19:27:11",
                    "comment_image": null,
                    "comment_reactors": [],
                    "comment_reactions": null,
                    "comment_reaction_count": null
                }
            ]
        },
        {
            "comment_id": "10159551438108904",
            "comment_url": "https://facebook.com/10159551438108904",
            "commenter_id": "100072429415537",
            "commenter_url": "https://facebook.com/profile.php?id=100072429415537&fref=nf&rc=p&refid=52",
            "commenter_name": "Peggy Decoste",
            "commenter_meta": null,
            "comment_text": "Well said Darrell \u2764",
            "comment_time": "2022-02-09 19:27:03",
            "comment_image": null,
            "comment_reactors": [],
            "comment_reactions": null,
            "comment_reaction_count": null,
            "replies": []
        },
        {
            "comment_id": "10159551452838904",
            "comment_url": "https://facebook.com/10159551452838904",
            "commenter_id": "801387088",
            "commenter_url": "https://facebook.com/mark.rosner.3154?fref=nf&rc=p&refid=52",
            "commenter_name": "Mark Rosner",
            "commenter_meta": null,
            "comment_text": "Ooo. It\u2019s such a crime now to be a Christian. Not sure why us christians are even paying taxes anymore.",
            "comment_time": "2022-02-09 19:27:03",
            "comment_image": null,
            "comment_reactors": [],
            "comment_reactions": null,
            "comment_reaction_count": null,
            "replies": [
                {
                    "comment_id": "10159551538263904",
                    "comment_url": "https://facebook.com/10159551538263904",
                    "commenter_id": "100000617846652",
                    "commenter_url": "https://facebook.com/geefore.allen?fref=nf&rc=p",
                    "commenter_name": "Gee Fore Allen",
                    "commenter_meta": null,
                    "comment_text": "Mark Rosner Your churches don't pay taxes. Maybe that should change.",
                    "comment_time": "2022-02-09 19:27:11",
                    "comment_image": "https://scontent.xx.fbcdn.net/m1/v/t6/An_UvxJXg9tdnLU3Y5qjPi0200MLilhzPXUgxzGjQzUMaNcmjdZA6anyrngvkdub33NZzZhd51fpCAEzNHFhko5aKRFP5fS1w_lKwYrzcNLupv27.png?ccb=10-5&oh=00_AT9C82irDy7Sn8cI_UEelmRC1FY5K5jw2pfWXlZ8QaKL1g&oe=62246CF9&_nc_sid=55e238",
                    "comment_reactors": [],
                    "comment_reactions": null,
                    "comment_reaction_count": null
                },
                {
                    "comment_id": "10159551723783904",
                    "comment_url": "https://facebook.com/10159551723783904",
                    "commenter_id": "801387088",
                    "commenter_url": "https://facebook.com/mark.rosner.3154?fref=nf&rc=p",
                    "commenter_name": "Mark Rosner",
                    "commenter_meta": null,
                    "comment_text": "Gee Fore Allen another topic. Feel free to explore it. Until\nThen we are citizens with rights. And do a lot for communities.",
                    "comment_time": "2022-02-09 19:27:12",
                    "comment_image": "https://scontent.xx.fbcdn.net/m1/v/t6/An_F9bJG7govfshSMBkvcRLcxT0jmiXVYKtr7lgH5AHgUrjjpZ1OD0xyxXYgf7arc0lWgCdrR_KN4Mg7RSN3Gm3W6Gg03N1tQ-ZXzVvFJ_KvvB4.png?ccb=10-5&oh=00_AT8ScZKrgCPhmfSgYBZgvnQHv14vvPQpgzOW8DDMFGGodg&oe=62243F67&_nc_sid=55e238",
                    "comment_reactors": [],
                    "comment_reactions": null,
                    "comment_reaction_count": null
                }
            ]
        },
        {
            "comment_id": "10159553220153904",
            "comment_url": "https://facebook.com/10159553220153904",
            "commenter_id": "636785401",
            "commenter_url": "https://facebook.com/clara.vanderweerd?fref=nf&rc=p&refid=52",
            "commenter_name": "Clara Chol",
            "commenter_meta": null,
            "comment_text": "Report on Joel Lightbound instead, the liberal mp who is calling out Trudeau and his divisive language.",
            "comment_time": "2022-02-09 19:27:03",
            "comment_image": null,
            "comment_reactors": [],
            "comment_reactions": null,
            "comment_reaction_count": null,
            "replies": []
        },
        {
            "comment_id": "10159551414828904",
            "comment_url": "https://facebook.com/10159551414828904",
            "commenter_id": "708545357",
            "commenter_url": "https://facebook.com/petros.arfanis?fref=nf&rc=p&refid=52",
            "commenter_name": "Pete Ross",
            "commenter_meta": null,
            "comment_text": "I saw all types of people at Parliament Hill, different races, religions, etc.",
            "comment_time": "2022-02-09 19:27:03",
            "comment_image": null,
            "comment_reactors": [],
            "comment_reactions": null,
            "comment_reaction_count": null,
            "replies": [
                {
                    "comment_id": "10159551462353904",
                    "comment_url": "https://facebook.com/10159551462353904",
                    "commenter_id": "703700455",
                    "commenter_url": "https://facebook.com/patrick.randall.96?fref=nf&rc=p",
                    "commenter_name": "Patrick Randall",
                    "commenter_meta": null,
                    "comment_text": "Pete Ross useful fools the lot of them.\n\nThe organizers and speakers, for whom this has been a huge boom, are the fundamental christians, q-anon antidemites and white supremacists.\n\nJust doing the age old thing where they mobilize angry stupid people to build their movement. Canada has lots of those it seems.",
                    "comment_time": "2022-02-09 19:27:12",
                    "comment_image": "https://scontent.xx.fbcdn.net/m1/v/t6/An_UvxJXg9tdnLU3Y5qjPi0200MLilhzPXUgxzGjQzUMaNcmjdZA6anyrngvkdub33NZzZhd51fpCAEzNHFhko5aKRFP5fS1w_lKwYrzcNLupv27.png?ccb=10-5&oh=00_AT9C82irDy7Sn8cI_UEelmRC1FY5K5jw2pfWXlZ8QaKL1g&oe=62246CF9&_nc_sid=55e238",
                    "comment_reactors": [],
                    "comment_reactions": null,
                    "comment_reaction_count": null
                },
                {
                    "comment_id": "10159551535793904",
                    "comment_url": "https://facebook.com/10159551535793904",
                    "commenter_id": "100007756959953",
                    "commenter_url": "https://facebook.com/cindy.sguazzin.3?fref=nf&rc=p",
                    "commenter_name": "Cindy Sguazzin",
                    "commenter_meta": "Top fan",
                    "comment_text": "Pete Ross Unfortunately, you are correct!",
                    "comment_time": "2022-02-09 19:27:12",
                    "comment_image": "https://static.xx.fbcdn.net/rsrc.php/v3/y7/r/4bRBCBmu1Q9.png",
                    "comment_reactors": [],
                    "comment_reactions": null,
                    "comment_reaction_count": null
                },
                {
                    "comment_id": "10159551537943904",
                    "comment_url": "https://facebook.com/10159551537943904",
                    "commenter_id": "100007756959953",
                    "commenter_url": "https://facebook.com/cindy.sguazzin.3?fref=nf&rc=p",
                    "commenter_name": "Cindy Sguazzin",
                    "commenter_meta": "Top fan",
                    "comment_text": "Sorry, I meant this for Patrick Randall!",
                    "comment_time": "2022-02-09 19:27:12",
                    "comment_image": "https://static.xx.fbcdn.net/rsrc.php/v3/y7/r/4bRBCBmu1Q9.png",
                    "comment_reactors": [],
                    "comment_reactions": null,
                    "comment_reaction_count": null
                },
                {
                    "comment_id": "10159551591718904",
                    "comment_url": "https://facebook.com/10159551591718904",
                    "commenter_id": "634826968",
                    "commenter_url": "https://facebook.com/debera.perkinsjohnson?fref=nf&rc=p",
                    "commenter_name": "Debera Perkins",
                    "commenter_meta": null,
                    "comment_text": "Pete Ross Really? Must have been an awakening for you",
                    "comment_time": "2022-02-09 19:27:12",
                    "comment_image": null,
                    "comment_reactors": [],
                    "comment_reactions": null,
                    "comment_reaction_count": null
                },
                {
                    "comment_id": "10159551893573904",
                    "comment_url": "https://facebook.com/10159551893573904",
                    "commenter_id": "806355549",
                    "commenter_url": "https://facebook.com/joanne.johnsonmeyers?fref=nf&rc=p",
                    "commenter_name": "Joanne Johnson-Meyers",
                    "commenter_meta": null,
                    "comment_text": "Patrick Randall exactly ... A few thousand .. Anyhow",
                    "comment_time": "2022-02-09 19:27:12",
                    "comment_image": "https://scontent.xx.fbcdn.net/m1/v/t6/An_UvxJXg9tdnLU3Y5qjPi0200MLilhzPXUgxzGjQzUMaNcmjdZA6anyrngvkdub33NZzZhd51fpCAEzNHFhko5aKRFP5fS1w_lKwYrzcNLupv27.png?ccb=10-5&oh=00_AT9C82irDy7Sn8cI_UEelmRC1FY5K5jw2pfWXlZ8QaKL1g&oe=62246CF9&_nc_sid=55e238",
                    "comment_reactors": [],
                    "comment_reactions": null,
                    "comment_reaction_count": null
                }
            ]
        },
        {
            "comment_id": "10159551458853904",
            "comment_url": "https://facebook.com/10159551458853904",
            "commenter_id": "100000333123832",
            "commenter_url": "https://facebook.com/susan.larocque.9?fref=nf&rc=p&refid=52",
            "commenter_name": "Susan Larocque",
            "commenter_meta": null,
            "comment_text": "Devil\u2019s advocates is more like it. Using the Lord\u2019s Prayer for political reasons is a sin!!\ud83d\ude21",
            "comment_time": "2022-02-09 19:27:03",
            "comment_image": null,
            "comment_reactors": [],
            "comment_reactions": null,
            "comment_reaction_count": null,
            "replies": []
        },
        {
            "comment_id": "10159551695643904",
            "comment_url": "https://facebook.com/10159551695643904",
            "commenter_id": "100060622075158",
            "commenter_url": "https://facebook.com/maxine.newbold.37?fref=nf&rc=p&refid=52",
            "commenter_name": "Maxine Newbold",
            "commenter_meta": null,
            "comment_text": "The far right uses Christianity like ISIS uses Islam - hiding hate behind a veil of religion",
            "comment_time": "2022-02-09 19:27:03",
            "comment_image": null,
            "comment_reactors": [],
            "comment_reactions": null,
            "comment_reaction_count": null,
            "replies": [
                {
                    "comment_id": "10159551893858904",
                    "comment_url": "https://facebook.com/10159551893858904",
                    "commenter_id": "806355549",
                    "commenter_url": "https://facebook.com/joanne.johnsonmeyers?fref=nf&rc=p",
                    "commenter_name": "Joanne Johnson-Meyers",
                    "commenter_meta": null,
                    "comment_text": "Maxine Newbold bingo",
                    "comment_time": "2022-02-09 19:27:13",
                    "comment_image": null,
                    "comment_reactors": [],
                    "comment_reactions": null,
                    "comment_reaction_count": null
                },
                {
                    "comment_id": "10159553271248904",
                    "comment_url": "https://facebook.com/10159553271248904",
                    "commenter_id": "778659446",
                    "commenter_url": "https://facebook.com/momjoanne?fref=nf&rc=p",
                    "commenter_name": "Joanne Creamer",
                    "commenter_meta": null,
                    "comment_text": "Joanne Johnson-Meyers bingo is right",
                    "comment_time": "2022-02-09 19:27:13",
                    "comment_image": null,
                    "comment_reactors": [],
                    "comment_reactions": null,
                    "comment_reaction_count": null
                },
                {
                    "comment_id": "10159553272938904",
                    "comment_url": "https://facebook.com/10159553272938904",
                    "commenter_id": "806355549",
                    "commenter_url": "https://facebook.com/joanne.johnsonmeyers?fref=nf&rc=p",
                    "commenter_name": "Joanne Johnson-Meyers",
                    "commenter_meta": null,
                    "comment_text": "Joanne Creamer sad state of affairs indeed",
                    "comment_time": "2022-02-09 19:27:13",
                    "comment_image": null,
                    "comment_reactors": [],
                    "comment_reactions": null,
                    "comment_reaction_count": null
                }
            ]
        },
        {
            "comment_id": "10159552296653904",
            "comment_url": "https://facebook.com/10159552296653904",
            "commenter_id": "100000603450042",
            "commenter_url": "https://facebook.com/steepell?fref=nf&rc=p&refid=52",
            "commenter_name": "Susan Teepell",
            "commenter_meta": null,
            "comment_text": "Would probably lash on to anything that would further their cause. Look at all those Right wing US politicians latching themselves to the cause like leeches. Who knew Donald Trump and Ted Cruz we so interested in Canadian politics.",
            "comment_time": "2022-02-09 19:27:03",
            "comment_image": null,
            "comment_reactors": [],
            "comment_reactions": null,
            "comment_reaction_count": null,
            "replies": []
        },
        {
            "comment_id": "10159553219088904",
            "comment_url": "https://facebook.com/10159553219088904",
            "commenter_id": "636785401",
            "commenter_url": "https://facebook.com/clara.vanderweerd?fref=nf&rc=p&refid=52",
            "commenter_name": "Clara Chol",
            "commenter_meta": null,
            "comment_text": "Some are Christian and have a right to pray. Why are you reporting drivel like this??",
            "comment_time": "2022-02-09 19:27:03",
            "comment_image": null,
            "comment_reactors": [],
            "comment_reactions": null,
            "comment_reaction_count": null,
            "replies": []
        },
        {
            "comment_id": "10159551847153904",
            "comment_url": "https://facebook.com/10159551847153904",
            "commenter_id": "100047501863564",
            "commenter_url": "https://facebook.com/philip.standard.50?fref=nf&rc=p&refid=52",
            "commenter_name": "Philip Standard",
            "commenter_meta": null,
            "comment_text": "Jesus would be ashamed by this \u201cprotest\u201d. He was all about taking care of our neighbours.",
            "comment_time": "2022-02-09 19:27:03",
            "comment_image": null,
            "comment_reactors": [],
            "comment_reactions": null,
            "comment_reaction_count": null,
            "replies": [
                {
                    "comment_id": "10159553256878904",
                    "comment_url": "https://facebook.com/10159553256878904",
                    "commenter_id": "745995267",
                    "commenter_url": "https://facebook.com/chad.falkenberg.1?fref=nf&rc=p",
                    "commenter_name": "Chad Falkenberg",
                    "commenter_meta": null,
                    "comment_text": "Philip Standard Just like our government is doing by dehumanizing anyone that refuses to get the vaccine. Right?",
                    "comment_time": "2022-02-09 19:27:13",
                    "comment_image": null,
                    "comment_reactors": [],
                    "comment_reactions": null,
                    "comment_reaction_count": null
                },
                {
                    "comment_id": "10159553264153904",
                    "comment_url": "https://facebook.com/10159553264153904",
                    "commenter_id": "100047501863564",
                    "commenter_url": "https://facebook.com/philip.standard.50?fref=nf&rc=p",
                    "commenter_name": "Philip Standard",
                    "commenter_meta": null,
                    "comment_text": "Chad Falkenberg you mean protecting our most vulnerable?",
                    "comment_time": "2022-02-09 19:27:13",
                    "comment_image": null,
                    "comment_reactors": [],
                    "comment_reactions": null,
                    "comment_reaction_count": null
                },
                {
                    "comment_id": "10159553406523904",
                    "comment_url": "https://facebook.com/10159553406523904",
                    "commenter_id": "745995267",
                    "commenter_url": "https://facebook.com/chad.falkenberg.1?fref=nf&rc=p",
                    "commenter_name": "Chad Falkenberg",
                    "commenter_meta": null,
                    "comment_text": "Philip Standard you need to dehumanize people that are unvaccinated to protect the vulnerable?",
                    "comment_time": "2022-02-09 19:27:13",
                    "comment_image": null,
                    "comment_reactors": [],
                    "comment_reactions": null,
                    "comment_reaction_count": null
                },
                {
                    "comment_id": "10159553413673904",
                    "comment_url": "https://facebook.com/10159553413673904",
                    "commenter_id": "100047501863564",
                    "commenter_url": "https://facebook.com/philip.standard.50?fref=nf&rc=p",
                    "commenter_name": "Philip Standard",
                    "commenter_meta": null,
                    "comment_text": "Chad Falkenberg that is how we got rid of polio.",
                    "comment_time": "2022-02-09 19:27:13",
                    "comment_image": null,
                    "comment_reactors": [],
                    "comment_reactions": null,
                    "comment_reaction_count": null
                },
                {
                    "comment_id": "10159553416778904",
                    "comment_url": "https://facebook.com/10159553416778904",
                    "commenter_id": "745995267",
                    "commenter_url": "https://facebook.com/chad.falkenberg.1?fref=nf&rc=p",
                    "commenter_name": "Chad Falkenberg",
                    "commenter_meta": null,
                    "comment_text": "Philip Standard by dehumanizing people?",
                    "comment_time": "2022-02-09 19:27:13",
                    "comment_image": null,
                    "comment_reactors": [],
                    "comment_reactions": null,
                    "comment_reaction_count": null
                },
                {
                    "comment_id": "10159553463358904",
                    "comment_url": "https://facebook.com/10159553463358904",
                    "commenter_id": "100047501863564",
                    "commenter_url": "https://facebook.com/philip.standard.50?fref=nf&rc=p",
                    "commenter_name": "Philip Standard",
                    "commenter_meta": null,
                    "comment_text": "Chad Falkenberg by insisting that everyone needed the polio vaccine or they could not attend school or work.",
                    "comment_time": "2022-02-09 19:27:13",
                    "comment_image": null,
                    "comment_reactors": [],
                    "comment_reactions": null,
                    "comment_reaction_count": null
                },
                {
                    "comment_id": "10159553486398904",
                    "comment_url": "https://facebook.com/10159553486398904",
                    "commenter_id": "745995267",
                    "commenter_url": "https://facebook.com/chad.falkenberg.1?fref=nf&rc=p",
                    "commenter_name": "Chad Falkenberg",
                    "commenter_meta": null,
                    "comment_text": "Philip Standard I'm sorry, you seem to be on social media enough to know that Justin Trudeau - Canada's Prime Minister - referred to the unvaccinated as fringe, racist, misogynist white supremecists with unacceptable views. He was generalizing of course. Now, I'm not sure how that helps the vulnerable. You seem to know how and I would like you to explain it to me.",
                    "comment_time": "2022-02-09 19:27:13",
                    "comment_image": null,
                    "comment_reactors": [],
                    "comment_reactions": null,
                    "comment_reaction_count": null
                },
                {
                    "comment_id": "10159553496743904",
                    "comment_url": "https://facebook.com/10159553496743904",
                    "commenter_id": "100047501863564",
                    "commenter_url": "https://facebook.com/philip.standard.50?fref=nf&rc=p",
                    "commenter_name": "Philip Standard",
                    "commenter_meta": null,
                    "comment_text": "Chad Falkenberg you obviously didn\u2019t read what he said. He referred to the horrible people organizing and participating in the \u201cconvoy\u201d. Show me once where he uses the world \u201cunvaccinated\u201d.\nYou sound ridiculous and uneducated.",
                    "comment_time": "2022-02-09 19:27:13",
                    "comment_image": null,
                    "comment_reactors": [],
                    "comment_reactions": null,
                    "comment_reaction_count": null
                },
                {
                    "comment_id": "10159553843968904",
                    "comment_url": "https://facebook.com/10159553843968904",
                    "commenter_id": "745995267",
                    "commenter_url": "https://facebook.com/chad.falkenberg.1?fref=nf&rc=p",
                    "commenter_name": "Chad Falkenberg",
                    "commenter_meta": null,
                    "comment_text": "Philip Standard this has been going on since the last election. Many many occasions I pulled from",
                    "comment_time": "2022-02-09 19:27:13",
                    "comment_image": null,
                    "comment_reactors": [],
                    "comment_reactions": null,
                    "comment_reaction_count": null
                },
                {
                    "comment_id": "10159553872348904",
                    "comment_url": "https://facebook.com/10159553872348904",
                    "commenter_id": "100047501863564",
                    "commenter_url": "https://facebook.com/philip.standard.50?fref=nf&rc=p",
                    "commenter_name": "Philip Standard",
                    "commenter_meta": null,
                    "comment_text": "Chad Falkenberg post one example with date, time, publication where he calls \u201cthe unvaccinated as fringe, Racist, misogynist\u201d as you stated in your untruthful post. I will wait.",
                    "comment_time": "2022-02-09 19:27:13",
                    "comment_image": null,
                    "comment_reactors": [],
                    "comment_reactions": null,
                    "comment_reaction_count": null
                },
                {
                    "comment_id": "10159553892093904",
                    "comment_url": "https://facebook.com/10159553892093904",
                    "commenter_id": "745995267",
                    "commenter_url": "https://facebook.com/chad.falkenberg.1?fref=nf&rc=p",
                    "commenter_name": "Chad Falkenberg",
                    "commenter_meta": null,
                    "comment_text": "Philip Standard here's him saying it on TV https://\nyoutu.be/\n5I0tk6OO5sw",
                    "comment_time": "2022-02-09 19:27:14",
                    "comment_image": "https://youtu.be/5I0tk6OO5sw?fbclid=IwAR1QWM5NcgmrhHzcBjfYrvi615IYkQTRpIcbGP9kjcF3IDfb_fqJs2Uyhoo",
                    "comment_reactors": [],
                    "comment_reactions": null,
                    "comment_reaction_count": null
                },
                {
                    "comment_id": "10159553904238904",
                    "comment_url": "https://facebook.com/10159553904238904",
                    "commenter_id": "745995267",
                    "commenter_url": "https://facebook.com/chad.falkenberg.1?fref=nf&rc=p",
                    "commenter_name": "Chad Falkenberg",
                    "commenter_meta": null,
                    "comment_text": "Philip Standard https://\nyoutu.be/\n5I0tk6OO5sw",
                    "comment_time": "2022-02-09 19:27:14",
                    "comment_image": "https://youtu.be/5I0tk6OO5sw?fbclid=IwAR1N-TXoHyxxAV1fdciNgAuU1nUDAUQtXGEwkQG6wSGVFgmoBdaiT_b4HLE",
                    "comment_reactors": [],
                    "comment_reactions": null,
                    "comment_reaction_count": null
                },
                {
                    "comment_id": "10159554548398904",
                    "comment_url": "https://facebook.com/10159554548398904",
                    "commenter_id": "100047501863564",
                    "commenter_url": "https://facebook.com/philip.standard.50?fref=nf&rc=p",
                    "commenter_name": "Philip Standard",
                    "commenter_meta": null,
                    "comment_text": "Chad Falkenberg seriously!!!! That is your proof?? I\u2019m dying over here! Did not say it at all. You are grasping. \ud83d\ude02\ud83d\ude02",
                    "comment_time": "2022-02-09 19:27:14",
                    "comment_image": null,
                    "comment_reactors": [],
                    "comment_reactions": null,
                    "comment_reaction_count": null
                }
            ]
        },
        {
            "comment_id": "10159553288898904",
            "comment_url": "https://facebook.com/10159553288898904",
            "commenter_id": "1526730894",
            "commenter_url": "https://facebook.com/shannon.fox.50?fref=nf&rc=p&refid=52",
            "commenter_name": "Shannon Fox",
            "commenter_meta": null,
            "comment_text": "LMAO, AHHHHHH the truckers are praying, run for the hills.",
            "comment_time": "2022-02-09 19:27:03",
            "comment_image": null,
            "comment_reactors": [],
            "comment_reactions": null,
            "comment_reaction_count": null,
            "replies": []
        },
        {
            "comment_id": "10159551436648904",
            "comment_url": "https://facebook.com/10159551436648904",
            "commenter_id": "687858938",
            "commenter_url": "https://facebook.com/jeff.hamacher?fref=nf&rc=p&refid=52",
            "commenter_name": "Jeff Hamacher",
            "commenter_meta": "Top fan",
            "comment_text": "No surprise. It's what their right-wing heroes in the USA did decades ago.",
            "comment_time": "2022-02-09 19:27:03",
            "comment_image": null,
            "comment_reactors": [],
            "comment_reactions": null,
            "comment_reaction_count": null,
            "replies": []
        },
        {
            "comment_id": "10159554691863904",
            "comment_url": "https://facebook.com/10159554691863904",
            "commenter_id": "1030691745",
            "commenter_url": "https://facebook.com/robinagmerrifield?fref=nf&rc=p&refid=52",
            "commenter_name": "Robin Merrifield",
            "commenter_meta": null,
            "comment_text": "Couldn't agree more. The right has no more claim on Christianity than the left on freedom of thought.",
            "comment_time": "2022-02-09 19:27:03",
            "comment_image": null,
            "comment_reactors": [],
            "comment_reactions": null,
            "comment_reaction_count": null,
            "replies": []
        },
        {
            "comment_id": "10159551653748904",
            "comment_url": "https://facebook.com/10159551653748904",
            "commenter_id": "100004600094071",
            "commenter_url": "https://facebook.com/daniel.okeefe.1420?fref=nf&rc=p&refid=52",
            "commenter_name": "Daniel O'Keefe",
            "commenter_meta": null,
            "comment_text": "I'm sorry, I thought you were trying to be a respected news source. At least try, just a little...",
            "comment_time": "2022-02-09 19:27:03",
            "comment_image": null,
            "comment_reactors": [],
            "comment_reactions": null,
            "comment_reaction_count": null,
            "replies": []
        },
        {
            "comment_id": "10159551725058904",
            "comment_url": "https://facebook.com/10159551725058904",
            "commenter_id": "100002423855721",
            "commenter_url": "https://facebook.com/manfred.forest?fref=nf&rc=p&refid=52",
            "commenter_name": "Manfred Forest",
            "commenter_meta": null,
            "comment_text": "It's time to start holding the anti vaxer's legally responsible for their lies and actions.",
            "comment_time": "2022-02-09 19:27:04",
            "comment_image": null,
            "comment_reactors": [],
            "comment_reactions": null,
            "comment_reaction_count": null,
            "replies": []
        },
        {
            "comment_id": "10159551445423904",
            "comment_url": "https://facebook.com/10159551445423904",
            "commenter_id": "683673082",
            "commenter_url": "https://facebook.com/wrzoller?fref=nf&rc=p&refid=52",
            "commenter_name": "William R. Z\u00f6ller",
            "commenter_meta": null,
            "comment_text": "And you're surprised? Those who subscribe to evangelical mythology have been part of the far right for decades in the United States.",
            "comment_time": "2022-02-09 19:27:04",
            "comment_image": null,
            "comment_reactors": [],
            "comment_reactions": null,
            "comment_reaction_count": null,
            "replies": []
        },
        {
            "comment_id": "10159552250743904",
            "comment_url": "https://facebook.com/10159552250743904",
            "commenter_id": "535395358",
            "commenter_url": "https://facebook.com/Bob72Boordeau?fref=nf&rc=p&refid=52",
            "commenter_name": "Basil Bourdeau",
            "commenter_meta": null,
            "comment_text": "I know God told Him !! lol",
            "comment_time": "2022-02-09 19:27:04",
            "comment_image": null,
            "comment_reactors": [],
            "comment_reactions": null,
            "comment_reaction_count": null,
            "replies": []
        },
        {
            "comment_id": "10159553210123904",
            "comment_url": "https://facebook.com/10159553210123904",
            "commenter_id": "566915751",
            "commenter_url": "https://facebook.com/colin.pye?fref=nf&rc=p&refid=52",
            "commenter_name": "Colin Pye",
            "commenter_meta": null,
            "comment_text": "Isn\u2019t it time for Michael Coren\u2019s next regularly scheduled religious conversion?",
            "comment_time": "2022-02-09 19:27:04",
            "comment_image": null,
            "comment_reactors": [],
            "comment_reactions": null,
            "comment_reaction_count": null,
            "replies": []
        },
        {
            "comment_id": "10159553059278904",
            "comment_url": "https://facebook.com/10159553059278904",
            "commenter_id": "510866349",
            "commenter_url": "https://facebook.com/lbrizard?fref=nf&rc=p&refid=52",
            "commenter_name": "Lance Brizard",
            "commenter_meta": null,
            "comment_text": "Freedom is a far right issue these days according to the left?",
            "comment_time": "2022-02-09 19:27:04",
            "comment_image": null,
            "comment_reactors": [],
            "comment_reactions": null,
            "comment_reaction_count": null,
            "replies": []
        },
        {
            "comment_id": "10159551432618904",
            "comment_url": "https://facebook.com/10159551432618904",
            "commenter_id": "100000237476976",
            "commenter_url": "https://facebook.com/pascal.briand2?fref=nf&rc=p&refid=52",
            "commenter_name": "Pascal Briand",
            "commenter_meta": null,
            "comment_text": "Qu\u00e9bec secularism.1 Canada 0",
            "comment_time": "2022-02-09 19:27:04",
            "comment_image": null,
            "comment_reactors": [],
            "comment_reactions": null,
            "comment_reaction_count": null,
            "replies": []
        }
    ],
    "reactors": null,
    "w3_fb_url": null,
    "reactions": null,
    "reaction_count": null,
    "with": null,
    "page_id": "140961138903",
    "sharers": null,
    "image_id": null,
    "image_ids": [],
    "was_live": false
}