{
    "original_request_url": "10159563602213904",
    "post_url": "https://facebook.com/story.php?story_fbid=10159563602213904&id=140961138903",
    "post_id": "10159563602213904",
    "text": "Trudeau consulted premiers earlier today about triggering the never-before-used legislation to deal with blockades at border crossings and in the nation\u2019s capital\n\nTHEGLOBEANDMAIL.COM\nEvening Update: Trudeau invokes Federal Emergencies Act for the first time",
    "post_text": "Trudeau consulted premiers earlier today about triggering the never-before-used legislation to deal with blockades at border crossings and in the nation\u2019s capital",
    "shared_text": "THEGLOBEANDMAIL.COM\nEvening Update: Trudeau invokes Federal Emergencies Act for the first time",
    "original_text": null,
    "time": "2022-02-15 00:28:15",
    "timestamp": 1644884895,
    "image": "https://www.theglobeandmail.com/resizer/R54Qz_-Twt497PWUqH9AAZhbK3o=/1200x798/filters:quality(80)/cloudfront-us-east-1.images.arcpublishing.com/tgam/QOQC7UKQAVBRPC7UO3TD7CWXIM.JPG",
    "image_lowquality": "https://external-sea1-1.xx.fbcdn.net/safe_image.php?d=AQH0pUScOOGDSAny&w=476&h=249&url=https%3A%2F%2Fwww.theglobeandmail.com%2Fresizer%2FR54Qz_-Twt497PWUqH9AAZhbK3o%3D%2F1200x798%2Ffilters%3Aquality%2880%29%2Fcloudfront-us-east-1.images.arcpublishing.com%2Ftgam%2FQOQC7UKQAVBRPC7UO3TD7CWXIM.JPG&cfs=1&jq=75&ext=jpg&_nc_oe=6fabb&_nc_sid=06c271&ccb=3-5&_nc_hash=AQGFP0yDHXhnLY6R",
    "images": [
        "https://www.theglobeandmail.com/resizer/R54Qz_-Twt497PWUqH9AAZhbK3o=/1200x798/filters:quality(80)/cloudfront-us-east-1.images.arcpublishing.com/tgam/QOQC7UKQAVBRPC7UO3TD7CWXIM.JPG"
    ],
    "images_description": [],
    "images_lowquality": [
        "https://external-sea1-1.xx.fbcdn.net/safe_image.php?d=AQH0pUScOOGDSAny&w=476&h=249&url=https%3A%2F%2Fwww.theglobeandmail.com%2Fresizer%2FR54Qz_-Twt497PWUqH9AAZhbK3o%3D%2F1200x798%2Ffilters%3Aquality%2880%29%2Fcloudfront-us-east-1.images.arcpublishing.com%2Ftgam%2FQOQC7UKQAVBRPC7UO3TD7CWXIM.JPG&cfs=1&jq=75&ext=jpg&_nc_oe=6fabb&_nc_sid=06c271&ccb=3-5&_nc_hash=AQGFP0yDHXhnLY6R"
    ],
    "images_lowquality_description": [
        null
    ],
    "video": null,
    "video_duration_seconds": null,
    "video_height": null,
    "video_id": null,
    "video_quality": null,
    "video_size_MB": null,
    "video_thumbnail": null,
    "video_watches": null,
    "video_width": null,
    "likes": 52,
    "comments": 18,
    "shares": 4,
    "link": "http://www.theglobeandmail.com/canada/article-evening-update-trudeau-invokes-federal-emergencies-act-for-the-first/?subs=evening&utm_campaign=sophi-pop&utm_medium=post&utm_source=facebook&fbclid=IwAR2saAFu_kmXr3HjH32v_ZjSgzKiH-2puDQvS-LSS0YyCFVZv3awy93Wvdc",
    "links": [],
    "user_id": "140961138903",
    "username": "The Globe and Mail",
    "user_url": "https://facebook.com/theglobeandmail/?refid=52",
    "is_live": false,
    "factcheck": null,
    "shared_post_id": null,
    "shared_time": null,
    "shared_user_id": null,
    "shared_username": null,
    "shared_post_url": null,
    "available": true,
    "comments_full": [
        {
            "comment_id": "10159563622058904",
            "comment_url": "https://facebook.com/10159563622058904",
            "commenter_id": "903885511",
            "commenter_url": "https://facebook.com/redfiat?fref=nf&rc=p&refid=52",
            "commenter_name": "Bob Wolski",
            "commenter_meta": null,
            "comment_text": "Father Trudeau did it first",
            "comment_time": "2022-02-16 23:24:25",
            "comment_image": null,
            "comment_reactors": [],
            "comment_reactions": null,
            "comment_reaction_count": null,
            "replies": [
                {
                    "comment_id": "10159563632118904",
                    "comment_url": "https://facebook.com/10159563632118904",
                    "commenter_id": "729373012",
                    "commenter_url": "https://facebook.com/richard.notter?fref=nf&rc=p",
                    "commenter_name": "Richard Notter",
                    "commenter_meta": null,
                    "comment_text": "Bob Wolski for good reason but this\u2026\nHell No!",
                    "comment_time": "2022-02-16 23:24:26",
                    "comment_image": "https://scontent.xx.fbcdn.net/m1/v/t6/An_UvxJXg9tdnLU3Y5qjPi0200MLilhzPXUgxzGjQzUMaNcmjdZA6anyrngvkdub33NZzZhd51fpCAEzNHFhko5aKRFP5fS1w_lKwYrzcNLupv27.png?ccb=10-5&oh=00_AT9C82irDy7Sn8cI_UEelmRC1FY5K5jw2pfWXlZ8QaKL1g&oe=62246CF9&_nc_sid=55e238",
                    "comment_reactors": [],
                    "comment_reactions": null,
                    "comment_reaction_count": null
                },
                {
                    "comment_id": "10159563719428904",
                    "comment_url": "https://facebook.com/10159563719428904",
                    "commenter_id": "898890299",
                    "commenter_url": "https://facebook.com/JessieBlue?fref=nf&rc=p",
                    "commenter_name": "James Carey",
                    "commenter_meta": null,
                    "comment_text": "Bob Wolski His father invoked The War Measures Act which is quite different.",
                    "comment_time": "2022-02-16 23:24:26",
                    "comment_image": "https://scontent.xx.fbcdn.net/m1/v/t6/An_F9bJG7govfshSMBkvcRLcxT0jmiXVYKtr7lgH5AHgUrjjpZ1OD0xyxXYgf7arc0lWgCdrR_KN4Mg7RSN3Gm3W6Gg03N1tQ-ZXzVvFJ_KvvB4.png?ccb=10-5&oh=00_AT8ScZKrgCPhmfSgYBZgvnQHv14vvPQpgzOW8DDMFGGodg&oe=62243F67&_nc_sid=55e238",
                    "comment_reactors": [],
                    "comment_reactions": null,
                    "comment_reaction_count": null
                },
                {
                    "comment_id": "10159564063643904",
                    "comment_url": "https://facebook.com/10159564063643904",
                    "commenter_id": "100000183754621",
                    "commenter_url": "https://facebook.com/ben.bliesner.7?fref=nf&rc=p",
                    "commenter_name": "Ben Bliesner",
                    "commenter_meta": null,
                    "comment_text": "James Carey renamed,\nCanada in martial law!\nLong live liberty, eh boys..",
                    "comment_time": "2022-02-16 23:24:26",
                    "comment_image": "https://scontent.xx.fbcdn.net/m1/v/t6/An_UvxJXg9tdnLU3Y5qjPi0200MLilhzPXUgxzGjQzUMaNcmjdZA6anyrngvkdub33NZzZhd51fpCAEzNHFhko5aKRFP5fS1w_lKwYrzcNLupv27.png?ccb=10-5&oh=00_AT9C82irDy7Sn8cI_UEelmRC1FY5K5jw2pfWXlZ8QaKL1g&oe=62246CF9&_nc_sid=55e238",
                    "comment_reactors": [],
                    "comment_reactions": null,
                    "comment_reaction_count": null
                },
                {
                    "comment_id": "10159564258353904",
                    "comment_url": "https://facebook.com/10159564258353904",
                    "commenter_id": "898890299",
                    "commenter_url": "https://facebook.com/JessieBlue?fref=nf&rc=p",
                    "commenter_name": "James Carey",
                    "commenter_meta": null,
                    "comment_text": "Ben Bliesner Funny, I don\u2019t feel oppressed \ud83e\udd23",
                    "comment_time": "2022-02-16 23:24:26",
                    "comment_image": null,
                    "comment_reactors": [],
                    "comment_reactions": null,
                    "comment_reaction_count": null
                },
                {
                    "comment_id": "10159565908028904",
                    "comment_url": "https://facebook.com/10159565908028904",
                    "commenter_id": "100011504373190",
                    "commenter_url": "https://facebook.com/profile.php?id=100011504373190&fref=nf&rc=p",
                    "commenter_name": "Randy Lahey",
                    "commenter_meta": null,
                    "comment_text": "James Carey try donating money to a conservative movement and the dictator will take your bank account and assets without due process",
                    "comment_time": "2022-02-16 23:24:26",
                    "comment_image": "https://scontent.xx.fbcdn.net/m1/v/t6/An_UvxJXg9tdnLU3Y5qjPi0200MLilhzPXUgxzGjQzUMaNcmjdZA6anyrngvkdub33NZzZhd51fpCAEzNHFhko5aKRFP5fS1w_lKwYrzcNLupv27.png?ccb=10-5&oh=00_AT9C82irDy7Sn8cI_UEelmRC1FY5K5jw2pfWXlZ8QaKL1g&oe=62246CF9&_nc_sid=55e238",
                    "comment_reactors": [],
                    "comment_reactions": null,
                    "comment_reaction_count": null
                },
                {
                    "comment_id": "10159565934263904",
                    "comment_url": "https://facebook.com/10159565934263904",
                    "commenter_id": "898890299",
                    "commenter_url": "https://facebook.com/JessieBlue?fref=nf&rc=p",
                    "commenter_name": "James Carey",
                    "commenter_meta": null,
                    "comment_text": "Randy Lahey If I have a problem I go to my local MP\u201ds office and talk to him like an adult.",
                    "comment_time": "2022-02-16 23:24:26",
                    "comment_image": null,
                    "comment_reactors": [],
                    "comment_reactions": null,
                    "comment_reaction_count": null
                },
                {
                    "comment_id": "10159565936908904",
                    "comment_url": "https://facebook.com/10159565936908904",
                    "commenter_id": "100011504373190",
                    "commenter_url": "https://facebook.com/profile.php?id=100011504373190&fref=nf&rc=p",
                    "commenter_name": "Randy Lahey",
                    "commenter_meta": null,
                    "comment_text": "James Carey letters have been sent gazillions of times. The Feds still gave themselves the power to steal bank accounts, property and assets of political dissidents without court order.",
                    "comment_time": "2022-02-16 23:24:26",
                    "comment_image": "https://scontent.xx.fbcdn.net/m1/v/t6/An_UvxJXg9tdnLU3Y5qjPi0200MLilhzPXUgxzGjQzUMaNcmjdZA6anyrngvkdub33NZzZhd51fpCAEzNHFhko5aKRFP5fS1w_lKwYrzcNLupv27.png?ccb=10-5&oh=00_AT9C82irDy7Sn8cI_UEelmRC1FY5K5jw2pfWXlZ8QaKL1g&oe=62246CF9&_nc_sid=55e238",
                    "comment_reactors": [],
                    "comment_reactions": null,
                    "comment_reaction_count": null
                },
                {
                    "comment_id": "10159566332583904",
                    "comment_url": "https://facebook.com/10159566332583904",
                    "commenter_id": "100001514270153",
                    "commenter_url": "https://facebook.com/profile.php?id=100001514270153&fref=nf&rc=p",
                    "commenter_name": "Tom Edwards",
                    "commenter_meta": null,
                    "comment_text": "James Carey , well you have no rights today, thank a liberal supporter !!",
                    "comment_time": "2022-02-16 23:24:26",
                    "comment_image": null,
                    "comment_reactors": [],
                    "comment_reactions": null,
                    "comment_reaction_count": null
                },
                {
                    "comment_id": "10159566616278904",
                    "comment_url": "https://facebook.com/10159566616278904",
                    "commenter_id": "898890299",
                    "commenter_url": "https://facebook.com/JessieBlue?fref=nf&rc=p",
                    "commenter_name": "James Carey",
                    "commenter_meta": null,
                    "comment_text": "Tom Edwards That same song has been played since his father invoked the War Measures act. Find a new act.",
                    "comment_time": "2022-02-16 23:24:26",
                    "comment_image": null,
                    "comment_reactors": [],
                    "comment_reactions": null,
                    "comment_reaction_count": null
                }
            ]
        },
        {
            "comment_id": "10159563668388904",
            "comment_url": "https://facebook.com/10159563668388904",
            "commenter_id": "1313450340",
            "commenter_url": "https://facebook.com/peter.neilson?fref=nf&rc=p&refid=52",
            "commenter_name": "Peter Neilson",
            "commenter_meta": "media.tenor.co",
            "comment_text": "Peter Neilson",
            "comment_time": "2022-02-16 23:24:25",
            "comment_image": "https://media.tenor.co/images/56b808a75f3a3d52e309ad39fbe55415/tenor.gif?ver=1112&c=VjFfZmFjZWJvb2tfd2ViY29tbWVudHM&fbclid=IwAR0dSrYyiaRin6yHCYfye3Lo-f-FrSPWx1LSwTPzT4utkrJhW1uyhUfjn5E",
            "comment_reactors": [],
            "comment_reactions": null,
            "comment_reaction_count": null,
            "replies": []
        },
        {
            "comment_id": "10159563749338904",
            "comment_url": "https://facebook.com/10159563749338904",
            "commenter_id": "519146603",
            "commenter_url": "https://facebook.com/chuck.seward?fref=nf&rc=p&refid=52",
            "commenter_name": "Chuck Seward",
            "commenter_meta": null,
            "comment_text": "Is Trudeau saying we need laws to protect critical infrastructure",
            "comment_time": "2022-02-16 23:24:25",
            "comment_image": null,
            "comment_reactors": [],
            "comment_reactions": null,
            "comment_reaction_count": null,
            "replies": []
        },
        {
            "comment_id": "10159563623803904",
            "comment_url": "https://facebook.com/10159563623803904",
            "commenter_id": "607532796",
            "commenter_url": "https://facebook.com/john.meadows.545?fref=nf&rc=p&refid=52",
            "commenter_name": "John Meadows",
            "commenter_meta": null,
            "comment_text": "All they needed was the Ottawa cops to do their job",
            "comment_time": "2022-02-16 23:24:25",
            "comment_image": null,
            "comment_reactors": [],
            "comment_reactions": null,
            "comment_reaction_count": null,
            "replies": [
                {
                    "comment_id": "10159563801998904",
                    "comment_url": "https://facebook.com/10159563801998904",
                    "commenter_id": "100061492809283",
                    "commenter_url": "https://facebook.com/sharon.newman.982292?fref=nf&rc=p",
                    "commenter_name": "Sharon Newman",
                    "commenter_meta": null,
                    "comment_text": "John Meadows what was that? Arrest someone for standing on the street holding a Canada flag?",
                    "comment_time": "2022-02-16 23:24:28",
                    "comment_image": "https://scontent.xx.fbcdn.net/m1/v/t6/An_UvxJXg9tdnLU3Y5qjPi0200MLilhzPXUgxzGjQzUMaNcmjdZA6anyrngvkdub33NZzZhd51fpCAEzNHFhko5aKRFP5fS1w_lKwYrzcNLupv27.png?ccb=10-5&oh=00_AT9C82irDy7Sn8cI_UEelmRC1FY5K5jw2pfWXlZ8QaKL1g&oe=62246CF9&_nc_sid=55e238",
                    "comment_reactors": [],
                    "comment_reactions": null,
                    "comment_reaction_count": null
                },
                {
                    "comment_id": "10159563807503904",
                    "comment_url": "https://facebook.com/10159563807503904",
                    "commenter_id": "607532796",
                    "commenter_url": "https://facebook.com/john.meadows.545?fref=nf&rc=p",
                    "commenter_name": "John Meadows",
                    "commenter_meta": null,
                    "comment_text": "Sharon Newman shitting on the grave of the unknown soldier, blocking streets, preventing local businesses from opening.\nBy your reply I bet you're ok with that.\nWhat started out as a pointless objection to a pointless quarantine turns into a MAGA show.\nThe conservatives are splintering into a bunch of wing-nuts and likely won't ever have the chance to hold power for a long while.",
                    "comment_time": "2022-02-16 23:24:28",
                    "comment_image": "https://scontent.xx.fbcdn.net/m1/v/t6/An_UvxJXg9tdnLU3Y5qjPi0200MLilhzPXUgxzGjQzUMaNcmjdZA6anyrngvkdub33NZzZhd51fpCAEzNHFhko5aKRFP5fS1w_lKwYrzcNLupv27.png?ccb=10-5&oh=00_AT9C82irDy7Sn8cI_UEelmRC1FY5K5jw2pfWXlZ8QaKL1g&oe=62246CF9&_nc_sid=55e238",
                    "comment_reactors": [],
                    "comment_reactions": null,
                    "comment_reaction_count": null
                },
                {
                    "comment_id": "10159564617328904",
                    "comment_url": "https://facebook.com/10159564617328904",
                    "commenter_id": "650096277",
                    "commenter_url": "https://facebook.com/richard.evans.22?fref=nf&rc=p",
                    "commenter_name": "Richard Evans",
                    "commenter_meta": "Top fan",
                    "comment_text": "John Meadows It was dancing on the grave, but the rest is pretty accurate! \ud83d\ude42",
                    "comment_time": "2022-02-16 23:24:28",
                    "comment_image": "https://static.xx.fbcdn.net/rsrc.php/v3/y7/r/4bRBCBmu1Q9.png",
                    "comment_reactors": [],
                    "comment_reactions": null,
                    "comment_reaction_count": null
                },
                {
                    "comment_id": "10159564709258904",
                    "comment_url": "https://facebook.com/10159564709258904",
                    "commenter_id": "100015060967808",
                    "commenter_url": "https://facebook.com/profile.php?id=100015060967808&fref=nf&rc=p",
                    "commenter_name": "Paul Mc Gregor",
                    "commenter_meta": null,
                    "comment_text": "John Meadows burning churches tearing down historical statues trying to derail trains sabotaging equipment threatening to blow up pipelines ie eco terrorism all fine with you though right???",
                    "comment_time": "2022-02-16 23:24:28",
                    "comment_image": null,
                    "comment_reactors": [],
                    "comment_reactions": null,
                    "comment_reaction_count": null
                },
                {
                    "comment_id": "10159565913973904",
                    "comment_url": "https://facebook.com/10159565913973904",
                    "commenter_id": "100011504373190",
                    "commenter_url": "https://facebook.com/profile.php?id=100011504373190&fref=nf&rc=p",
                    "commenter_name": "Randy Lahey",
                    "commenter_meta": null,
                    "comment_text": "John Meadows and spray painting \"the vaccinated are the real heros\" on war memorials is totally cool. BLM blocking streets during the peak of the first covid wave (the deadliest wave) was totally OK.\nGovernment forcing failed, useless lockdowns was totally OK. A pro-mandate lefty plowing his jeep into a crowd of peaceful trucker protesters was totally OK, media gave it 10 seconds in the spotlight.\nLefties destroying statues is totally OK. Lefties burning down churches is totally OK. Trying to derail a train was totally OK. Targeting pipelines was totally OK.\n\nThe fascism is obvious.\n\nTime for a peaceful split. Berlin Wall 2.0.\n\nConservatives will live on the capitalism side, Liberals can live on the socialist side. See which side prospers and which side crumbles. Oh wait... we already know the results of those experiments.",
                    "comment_time": "2022-02-16 23:24:28",
                    "comment_image": null,
                    "comment_reactors": [],
                    "comment_reactions": null,
                    "comment_reaction_count": null
                }
            ]
        },
        {
            "comment_id": "10159563674843904",
            "comment_url": "https://facebook.com/10159563674843904",
            "commenter_id": "100044838753936",
            "commenter_url": "https://facebook.com/jo.hasan.583?fref=nf&rc=p&refid=52",
            "commenter_name": "Jo Hasan",
            "commenter_meta": null,
            "comment_text": "It was long due",
            "comment_time": "2022-02-16 23:24:25",
            "comment_image": null,
            "comment_reactors": [],
            "comment_reactions": null,
            "comment_reaction_count": null,
            "replies": []
        },
        {
            "comment_id": "10159563769533904",
            "comment_url": "https://facebook.com/10159563769533904",
            "commenter_id": "525821682",
            "commenter_url": "https://facebook.com/erickson.ken?fref=nf&rc=p&refid=52",
            "commenter_name": "Ken Erickson",
            "commenter_meta": "Top fan",
            "comment_text": "Everyone says his dad did it first....CORREC\nT BUT it was on an island east of Florida not Canada.",
            "comment_time": "2022-02-16 23:24:25",
            "comment_image": null,
            "comment_reactors": [],
            "comment_reactions": null,
            "comment_reaction_count": null,
            "replies": []
        },
        {
            "comment_id": "10159563705948904",
            "comment_url": "https://facebook.com/10159563705948904",
            "commenter_id": "723525377",
            "commenter_url": "https://facebook.com/nona03?fref=nf&rc=p&refid=52",
            "commenter_name": "Sandra Salas",
            "commenter_meta": null,
            "comment_text": "good for him. why should a bunch of yahoos think they are special .in other countries if you badmouth the leader of a country, you would be assinated. just be glad you live in canada .",
            "comment_time": "2022-02-16 23:24:25",
            "comment_image": null,
            "comment_reactors": [],
            "comment_reactions": null,
            "comment_reaction_count": null,
            "replies": [
                {
                    "comment_id": "10159563716663904",
                    "comment_url": "https://facebook.com/10159563716663904",
                    "commenter_id": "11001343",
                    "commenter_url": "https://facebook.com/andy.brickley?fref=nf&rc=p",
                    "commenter_name": "Andy Brick",
                    "commenter_meta": null,
                    "comment_text": "Sandra Salas that's why we have free speech in the US, you clearly don't understand why the US is the way it is.",
                    "comment_time": "2022-02-16 23:24:29",
                    "comment_image": "https://scontent.xx.fbcdn.net/m1/v/t6/An_UvxJXg9tdnLU3Y5qjPi0200MLilhzPXUgxzGjQzUMaNcmjdZA6anyrngvkdub33NZzZhd51fpCAEzNHFhko5aKRFP5fS1w_lKwYrzcNLupv27.png?ccb=10-5&oh=00_AT9C82irDy7Sn8cI_UEelmRC1FY5K5jw2pfWXlZ8QaKL1g&oe=62246CF9&_nc_sid=55e238",
                    "comment_reactors": [],
                    "comment_reactions": null,
                    "comment_reaction_count": null
                }
            ]
        },
        {
            "comment_id": "10159563665163904",
            "comment_url": "https://facebook.com/10159563665163904",
            "commenter_id": "100010011608859",
            "commenter_url": "https://facebook.com/profile.php?id=100010011608859&fref=nf&rc=p&refid=52",
            "commenter_name": "Marie Kathryn",
            "commenter_meta": null,
            "comment_text": "Made law in 1988, the Emergencies Act has actually never been invoked before. Although you\u2019re probably familiar with its processor, the War Measures Act, which was invoked only three times: During both world wars and in response to the 1970 kidnapping of two politicians by Quebec separatist terrorists\nPremiers are not liking this Emergencies Act invocation one bit. Quebec and the Prairie Provinces rarely agree about anything, but both are staunchly against an expansion of federal powers to clear the blockades. \u201cThe illegal blockades must end, but police already have sufficient tools to enforce the law and clear the blockades,\u201d Saskatchewan Premier Scott Moe said Monday. Quebec Premier Francois Legault\u2019s take was that the blockades are mostly an Ontario problem, and thus shouldn\u2019t be spurring any federal action in Quebec. \u201cWe do not wish to have Emergency State in Quebec,\u201d\nThere\u2019s also the teeny-tiny issue of how Ottawa hasn\u2019t really explained why this is necessary.\nAs of press time, Ottawa Police have even given up their middling attempt to cut off fuel to Freedom Convoyers blockading the capital.",
            "comment_time": "2022-02-16 23:24:25",
            "comment_image": null,
            "comment_reactors": [],
            "comment_reactions": null,
            "comment_reaction_count": null,
            "replies": []
        },
        {
            "comment_id": "10159563658623904",
            "comment_url": "https://facebook.com/10159563658623904",
            "commenter_id": "822120062",
            "commenter_url": "https://facebook.com/cocoamachine?fref=nf&rc=p&refid=52",
            "commenter_name": "Batson Valance",
            "commenter_meta": "Top fan",
            "comment_text": "The fellas were armed to the teeth. Man all they have to do is run some fire trucks through the area and police follow up with some 100k fines and see how quickly the move out!",
            "comment_time": "2022-02-16 23:24:25",
            "comment_image": null,
            "comment_reactors": [],
            "comment_reactions": null,
            "comment_reaction_count": null,
            "replies": [
                {
                    "comment_id": "10159563662223904",
                    "comment_url": "https://facebook.com/10159563662223904",
                    "commenter_id": "639366226",
                    "commenter_url": "https://facebook.com/jim.peters?fref=nf&rc=p",
                    "commenter_name": "Jim Peters",
                    "commenter_meta": null,
                    "comment_text": "Batson Valance if you ever wondered whether or not you would\u2019ve been one of those people who would\u2019ve turned Anne Frank in to the NAZIs, now you know",
                    "comment_time": "2022-02-16 23:24:31",
                    "comment_image": "https://scontent.xx.fbcdn.net/m1/v/t6/An_UvxJXg9tdnLU3Y5qjPi0200MLilhzPXUgxzGjQzUMaNcmjdZA6anyrngvkdub33NZzZhd51fpCAEzNHFhko5aKRFP5fS1w_lKwYrzcNLupv27.png?ccb=10-5&oh=00_AT9C82irDy7Sn8cI_UEelmRC1FY5K5jw2pfWXlZ8QaKL1g&oe=62246CF9&_nc_sid=55e238",
                    "comment_reactors": [],
                    "comment_reactions": null,
                    "comment_reaction_count": null
                },
                {
                    "comment_id": "10159563667398904",
                    "comment_url": "https://facebook.com/10159563667398904",
                    "commenter_id": "100033744802481",
                    "commenter_url": "https://facebook.com/lukasz.suckiel1990?fref=nf&rc=p",
                    "commenter_name": "Lukasz Suckiel",
                    "commenter_meta": null,
                    "comment_text": "Jim Peters\n\ud83d\udcaf\n\nSad days in Canada.",
                    "comment_time": "2022-02-16 23:24:31",
                    "comment_image": "https://scontent.xx.fbcdn.net/m1/v/t6/An-OzaYGRs8HJMUUdL-Q9pzzUe-6dYQYH0YuulfJGzClIwZB6ubbGwhtChGS8FxnChgEmifrcrhalKyw7ubZeQmjvur00_4Bm3UKlJBnXJyqwKsR.png?ccb=10-5&oh=00_AT9QK4usHUu4e7hPO5sxMa4kIEUG_AoGS6YTJ_1zAMxiLg&oe=6224136B&_nc_sid=55e238",
                    "comment_reactors": [],
                    "comment_reactions": null,
                    "comment_reaction_count": null
                },
                {
                    "comment_id": "10159563674083904",
                    "comment_url": "https://facebook.com/10159563674083904",
                    "commenter_id": "639366226",
                    "commenter_url": "https://facebook.com/jim.peters?fref=nf&rc=p",
                    "commenter_name": "Jim Peters",
                    "commenter_meta": null,
                    "comment_text": "Lukasz Suckiel sadly, canuckistan lost the war with big gov\u2019t long ago",
                    "comment_time": "2022-02-16 23:24:31",
                    "comment_image": null,
                    "comment_reactors": [],
                    "comment_reactions": null,
                    "comment_reaction_count": null
                },
                {
                    "comment_id": "10159563677153904",
                    "comment_url": "https://facebook.com/10159563677153904",
                    "commenter_id": "100033744802481",
                    "commenter_url": "https://facebook.com/lukasz.suckiel1990?fref=nf&rc=p",
                    "commenter_name": "Lukasz Suckiel",
                    "commenter_meta": null,
                    "comment_text": "Jim Peters\nCanada's never been truly free. Freemasonry. Crown Corporation banks. Private banks like Federal Reserve. The families that own them. We've always been part of their monopoly game.\n\nAll our resources, precious medals, etc get taken while their banks print money with nothing backing it causing inflation that perpetually keeps us in debt until a moment like now.\n\nNow they've gained enough to gain full control. By 2030 we are all to \"own nothing and be happy\".",
                    "comment_time": "2022-02-16 23:24:31",
                    "comment_image": "https://scontent.xx.fbcdn.net/m1/v/t6/An-OzaYGRs8HJMUUdL-Q9pzzUe-6dYQYH0YuulfJGzClIwZB6ubbGwhtChGS8FxnChgEmifrcrhalKyw7ubZeQmjvur00_4Bm3UKlJBnXJyqwKsR.png?ccb=10-5&oh=00_AT9QK4usHUu4e7hPO5sxMa4kIEUG_AoGS6YTJ_1zAMxiLg&oe=6224136B&_nc_sid=55e238",
                    "comment_reactors": [],
                    "comment_reactions": null,
                    "comment_reaction_count": null
                },
                {
                    "comment_id": "10159563681283904",
                    "comment_url": "https://facebook.com/10159563681283904",
                    "commenter_id": "100025026535640",
                    "commenter_url": "https://facebook.com/profile.php?id=100025026535640&fref=nf&rc=p",
                    "commenter_name": "Bernie Lightfoot",
                    "commenter_meta": null,
                    "comment_text": "Jim Peters what a asinine comment. My mother was one of the soldiers that liberated Belsen where Frank died. You trivializing the horrors that went on there is beyond disgusting. I suggest that maybe you read a book or view some of the footage before you make a A S S of yourself again with your Internet memes.",
                    "comment_time": "2022-02-16 23:24:31",
                    "comment_image": "https://scontent.xx.fbcdn.net/m1/v/t6/An_UvxJXg9tdnLU3Y5qjPi0200MLilhzPXUgxzGjQzUMaNcmjdZA6anyrngvkdub33NZzZhd51fpCAEzNHFhko5aKRFP5fS1w_lKwYrzcNLupv27.png?ccb=10-5&oh=00_AT9C82irDy7Sn8cI_UEelmRC1FY5K5jw2pfWXlZ8QaKL1g&oe=62246CF9&_nc_sid=55e238",
                    "comment_reactors": [],
                    "comment_reactions": null,
                    "comment_reaction_count": null
                },
                {
                    "comment_id": "10159563682068904",
                    "comment_url": "https://facebook.com/10159563682068904",
                    "commenter_id": "639366226",
                    "commenter_url": "https://facebook.com/jim.peters?fref=nf&rc=p",
                    "commenter_name": "Jim Peters",
                    "commenter_meta": null,
                    "comment_text": "Bernie Lightfoot I don\u2019t really care what you \u201cthink\u201d",
                    "comment_time": "2022-02-16 23:24:31",
                    "comment_image": null,
                    "comment_reactors": [],
                    "comment_reactions": null,
                    "comment_reaction_count": null
                },
                {
                    "comment_id": "10159563686453904",
                    "comment_url": "https://facebook.com/10159563686453904",
                    "commenter_id": "100025026535640",
                    "commenter_url": "https://facebook.com/profile.php?id=100025026535640&fref=nf&rc=p",
                    "commenter_name": "Bernie Lightfoot",
                    "commenter_meta": null,
                    "comment_text": "Jim Peters I'm just pointing out your childish behaviour and lack of respect. And your Internet meme has shown what a sheep you are. You couldn't even conjure up that brain dead statement on your own. SMFH",
                    "comment_time": "2022-02-16 23:24:31",
                    "comment_image": "https://scontent.xx.fbcdn.net/m1/v/t6/An_F9bJG7govfshSMBkvcRLcxT0jmiXVYKtr7lgH5AHgUrjjpZ1OD0xyxXYgf7arc0lWgCdrR_KN4Mg7RSN3Gm3W6Gg03N1tQ-ZXzVvFJ_KvvB4.png?ccb=10-5&oh=00_AT8ScZKrgCPhmfSgYBZgvnQHv14vvPQpgzOW8DDMFGGodg&oe=62243F67&_nc_sid=55e238",
                    "comment_reactors": [],
                    "comment_reactions": null,
                    "comment_reaction_count": null
                },
                {
                    "comment_id": "10159563689948904",
                    "comment_url": "https://facebook.com/10159563689948904",
                    "commenter_id": "639366226",
                    "commenter_url": "https://facebook.com/jim.peters?fref=nf&rc=p",
                    "commenter_name": "Jim Peters",
                    "commenter_meta": null,
                    "comment_text": "Bernie Lightfoot insult me all you want. I really couldn\u2019t care less what you \u201cthink\u201d about anything",
                    "comment_time": "2022-02-16 23:24:31",
                    "comment_image": null,
                    "comment_reactors": [],
                    "comment_reactions": null,
                    "comment_reaction_count": null
                },
                {
                    "comment_id": "10159563694533904",
                    "comment_url": "https://facebook.com/10159563694533904",
                    "commenter_id": "822120062",
                    "commenter_url": "https://facebook.com/cocoamachine?fref=nf&rc=p",
                    "commenter_name": "Batson Valance",
                    "commenter_meta": "Top fan",
                    "comment_text": "Jim Peters Yeah I\u2019m too young to know who Anne Frank is or was but you should know better seeing that you looked like you\u2019ve survived a few world wars and should know the difference between freedom and no liberty!",
                    "comment_time": "2022-02-16 23:24:31",
                    "comment_image": "https://static.xx.fbcdn.net/rsrc.php/v3/y7/r/4bRBCBmu1Q9.png",
                    "comment_reactors": [],
                    "comment_reactions": null,
                    "comment_reaction_count": null
                },
                {
                    "comment_id": "10159563696513904",
                    "comment_url": "https://facebook.com/10159563696513904",
                    "commenter_id": "100025026535640",
                    "commenter_url": "https://facebook.com/profile.php?id=100025026535640&fref=nf&rc=p",
                    "commenter_name": "Bernie Lightfoot",
                    "commenter_meta": null,
                    "comment_text": "Jim Peters of course you don't. It's because you're a narcissistic a-hole who only cares about himself. Try being a contributing member of society instead.",
                    "comment_time": "2022-02-16 23:24:31",
                    "comment_image": "https://scontent.xx.fbcdn.net/m1/v/t6/An_F9bJG7govfshSMBkvcRLcxT0jmiXVYKtr7lgH5AHgUrjjpZ1OD0xyxXYgf7arc0lWgCdrR_KN4Mg7RSN3Gm3W6Gg03N1tQ-ZXzVvFJ_KvvB4.png?ccb=10-5&oh=00_AT8ScZKrgCPhmfSgYBZgvnQHv14vvPQpgzOW8DDMFGGodg&oe=62243F67&_nc_sid=55e238",
                    "comment_reactors": [],
                    "comment_reactions": null,
                    "comment_reaction_count": null
                },
                {
                    "comment_id": "10159563699308904",
                    "comment_url": "https://facebook.com/10159563699308904",
                    "commenter_id": "639366226",
                    "commenter_url": "https://facebook.com/jim.peters?fref=nf&rc=p",
                    "commenter_name": "Jim Peters",
                    "commenter_meta": null,
                    "comment_text": "Bernie Lightfoot been there, done that. Your turn",
                    "comment_time": "2022-02-16 23:24:31",
                    "comment_image": null,
                    "comment_reactors": [],
                    "comment_reactions": null,
                    "comment_reaction_count": null
                },
                {
                    "comment_id": "10159563703753904",
                    "comment_url": "https://facebook.com/10159563703753904",
                    "commenter_id": "100025026535640",
                    "commenter_url": "https://facebook.com/profile.php?id=100025026535640&fref=nf&rc=p",
                    "commenter_name": "Bernie Lightfoot",
                    "commenter_meta": null,
                    "comment_text": "Jim Peters go back to your echo chamber. Maybe they have more memes for you so that you know what to think.",
                    "comment_time": "2022-02-16 23:24:31",
                    "comment_image": "https://scontent.xx.fbcdn.net/m1/v/t6/An_UvxJXg9tdnLU3Y5qjPi0200MLilhzPXUgxzGjQzUMaNcmjdZA6anyrngvkdub33NZzZhd51fpCAEzNHFhko5aKRFP5fS1w_lKwYrzcNLupv27.png?ccb=10-5&oh=00_AT9C82irDy7Sn8cI_UEelmRC1FY5K5jw2pfWXlZ8QaKL1g&oe=62246CF9&_nc_sid=55e238",
                    "comment_reactors": [],
                    "comment_reactions": null,
                    "comment_reaction_count": null
                },
                {
                    "comment_id": "10159563707913904",
                    "comment_url": "https://facebook.com/10159563707913904",
                    "commenter_id": "639366226",
                    "commenter_url": "https://facebook.com/jim.peters?fref=nf&rc=p",
                    "commenter_name": "Jim Peters",
                    "commenter_meta": null,
                    "comment_text": "Bernie Lightfoot c\u2019mon, you can do better than that",
                    "comment_time": "2022-02-16 23:24:31",
                    "comment_image": "https://scontent.xx.fbcdn.net/m1/v/t6/An_F9bJG7govfshSMBkvcRLcxT0jmiXVYKtr7lgH5AHgUrjjpZ1OD0xyxXYgf7arc0lWgCdrR_KN4Mg7RSN3Gm3W6Gg03N1tQ-ZXzVvFJ_KvvB4.png?ccb=10-5&oh=00_AT8ScZKrgCPhmfSgYBZgvnQHv14vvPQpgzOW8DDMFGGodg&oe=62243F67&_nc_sid=55e238",
                    "comment_reactors": [],
                    "comment_reactions": null,
                    "comment_reaction_count": null
                },
                {
                    "comment_id": "10159563708733904",
                    "comment_url": "https://facebook.com/10159563708733904",
                    "commenter_id": "100025026535640",
                    "commenter_url": "https://facebook.com/profile.php?id=100025026535640&fref=nf&rc=p",
                    "commenter_name": "Bernie Lightfoot",
                    "commenter_meta": null,
                    "comment_text": "Jim Peters I can but I don't need to. That was a direct hit.",
                    "comment_time": "2022-02-16 23:24:31",
                    "comment_image": "https://scontent.xx.fbcdn.net/m1/v/t6/An_UvxJXg9tdnLU3Y5qjPi0200MLilhzPXUgxzGjQzUMaNcmjdZA6anyrngvkdub33NZzZhd51fpCAEzNHFhko5aKRFP5fS1w_lKwYrzcNLupv27.png?ccb=10-5&oh=00_AT9C82irDy7Sn8cI_UEelmRC1FY5K5jw2pfWXlZ8QaKL1g&oe=62246CF9&_nc_sid=55e238",
                    "comment_reactors": [],
                    "comment_reactions": null,
                    "comment_reaction_count": null
                },
                {
                    "comment_id": "10159563763628904",
                    "comment_url": "https://facebook.com/10159563763628904",
                    "commenter_id": "554780210",
                    "commenter_url": "https://facebook.com/freda.schneider.3?fref=nf&rc=p",
                    "commenter_name": "Freda Schneider",
                    "commenter_meta": null,
                    "comment_text": "Batson Valance ?????",
                    "comment_time": "2022-02-16 23:24:31",
                    "comment_image": null,
                    "comment_reactors": [],
                    "comment_reactions": null,
                    "comment_reaction_count": null
                }
            ]
        },
        {
            "comment_id": "10159563641423904",
            "comment_url": "https://facebook.com/10159563641423904",
            "commenter_id": "639366226",
            "commenter_url": "https://facebook.com/jim.peters?fref=nf&rc=p&refid=52",
            "commenter_name": "Jim Peters",
            "commenter_meta": null,
            "comment_text": "What could go wrong?",
            "comment_time": "2022-02-16 23:24:25",
            "comment_image": null,
            "comment_reactors": [],
            "comment_reactions": null,
            "comment_reaction_count": null,
            "replies": []
        },
        {
            "comment_id": "10159563761513904",
            "comment_url": "https://facebook.com/10159563761513904",
            "commenter_id": "596905743",
            "commenter_url": "https://facebook.com/leslie.robertson.9461?fref=nf&rc=p&refid=52",
            "commenter_name": "Leslie Robertson",
            "commenter_meta": null,
            "comment_text": "Throwing elbows again.",
            "comment_time": "2022-02-16 23:24:25",
            "comment_image": null,
            "comment_reactors": [],
            "comment_reactions": null,
            "comment_reaction_count": null,
            "replies": []
        },
        {
            "comment_id": "10159563652598904",
            "comment_url": "https://facebook.com/10159563652598904",
            "commenter_id": "100052810238457",
            "commenter_url": "https://facebook.com/grace.siglos.319?fref=nf&rc=p&refid=52",
            "commenter_name": "Grace Siglos",
            "commenter_meta": null,
            "comment_text": "And I quote: Trudeau invoked Emergency Act ...\n\u201c... this is about [...] and restoring confidence in our constitution.\u201d\n\nWhat is wrong with this statement?",
            "comment_time": "2022-02-16 23:24:25",
            "comment_image": null,
            "comment_reactors": [],
            "comment_reactions": null,
            "comment_reaction_count": null,
            "replies": []
        },
        {
            "comment_id": "10159563803448904",
            "comment_url": "https://facebook.com/10159563803448904",
            "commenter_id": "100009693545005",
            "commenter_url": "https://facebook.com/profile.php?id=100009693545005&fref=nf&rc=p&refid=52",
            "commenter_name": "Ioan Ciolan",
            "commenter_meta": null,
            "comment_text": "he got courage now ?",
            "comment_time": "2022-02-16 23:24:25",
            "comment_image": null,
            "comment_reactors": [],
            "comment_reactions": null,
            "comment_reaction_count": null,
            "replies": []
        },
        {
            "comment_id": "10159563683948904",
            "comment_url": "https://facebook.com/10159563683948904",
            "commenter_id": "617417901",
            "commenter_url": "https://facebook.com/jerald.pitt?fref=nf&rc=p&refid=52",
            "commenter_name": "Jerald Pitt",
            "commenter_meta": null,
            "comment_text": "He said we have the right to protest. Then they say they will take bank accounts if they don't like how you protest or what.",
            "comment_time": "2022-02-16 23:24:25",
            "comment_image": null,
            "comment_reactors": [],
            "comment_reactions": null,
            "comment_reaction_count": null,
            "replies": [
                {
                    "comment_id": "10159564618453904",
                    "comment_url": "https://facebook.com/10159564618453904",
                    "commenter_id": "650096277",
                    "commenter_url": "https://facebook.com/richard.evans.22?fref=nf&rc=p",
                    "commenter_name": "Richard Evans",
                    "commenter_meta": "Top fan",
                    "comment_text": "Jerald Pitt Protest is not filling the streets with heavy machinery.\nRemove the trucks, come back in foot and all shall be well",
                    "comment_time": "2022-02-16 23:24:32",
                    "comment_image": "https://static.xx.fbcdn.net/rsrc.php/v3/y7/r/4bRBCBmu1Q9.png",
                    "comment_reactors": [],
                    "comment_reactions": null,
                    "comment_reaction_count": null
                }
            ]
        },
        {
            "comment_id": "10159564013273904",
            "comment_url": "https://facebook.com/10159564013273904",
            "commenter_id": "510871302",
            "commenter_url": "https://facebook.com/rick.fulford.1?fref=nf&rc=p&refid=52",
            "commenter_name": "Rick Fulford",
            "commenter_meta": null,
            "comment_text": "You mean told\nOr possibly insulted not consulted",
            "comment_time": "2022-02-16 23:24:25",
            "comment_image": null,
            "comment_reactors": [],
            "comment_reactions": null,
            "comment_reaction_count": null,
            "replies": []
        },
        {
            "comment_id": "10159563641798904",
            "comment_url": "https://facebook.com/10159563641798904",
            "commenter_id": "529677302",
            "commenter_url": "https://facebook.com/lostrelic?fref=nf&rc=p&refid=52",
            "commenter_name": "Regan Welder",
            "commenter_meta": null,
            "comment_text": "First he demonized those who didn't agree with his mandates and he now takes the rights away from every Canadian to deal with the result of his actions. What a dic tator",
            "comment_time": "2022-02-16 23:24:25",
            "comment_image": null,
            "comment_reactors": [],
            "comment_reactions": null,
            "comment_reaction_count": null,
            "replies": []
        },
        {
            "comment_id": "10159563704838904",
            "comment_url": "https://facebook.com/10159563704838904",
            "commenter_id": "701824325",
            "commenter_url": "https://facebook.com/peter.vanveggel.7?fref=nf&rc=p&refid=52",
            "commenter_name": "Peter Van Veggel",
            "commenter_meta": null,
            "comment_text": "He can't do that without approval and he hasn't got it yet.",
            "comment_time": "2022-02-16 23:24:25",
            "comment_image": null,
            "comment_reactors": [],
            "comment_reactions": null,
            "comment_reaction_count": null,
            "replies": [
                {
                    "comment_id": "10159563758993904",
                    "comment_url": "https://facebook.com/10159563758993904",
                    "commenter_id": "617417901",
                    "commenter_url": "https://facebook.com/jerald.pitt?fref=nf&rc=p",
                    "commenter_name": "Jerald Pitt",
                    "commenter_meta": null,
                    "comment_text": "Peter Van Veggel NDP says they will back it.",
                    "comment_time": "2022-02-16 23:24:33",
                    "comment_image": null,
                    "comment_reactors": [],
                    "comment_reactions": null,
                    "comment_reaction_count": null
                },
                {
                    "comment_id": "10159564619183904",
                    "comment_url": "https://facebook.com/10159564619183904",
                    "commenter_id": "650096277",
                    "commenter_url": "https://facebook.com/richard.evans.22?fref=nf&rc=p",
                    "commenter_name": "Richard Evans",
                    "commenter_meta": "Top fan",
                    "comment_text": "Peter Van Veggel He has up to seven days to put it to a vote",
                    "comment_time": "2022-02-16 23:24:33",
                    "comment_image": "https://static.xx.fbcdn.net/rsrc.php/v3/y7/r/4bRBCBmu1Q9.png",
                    "comment_reactors": [],
                    "comment_reactions": null,
                    "comment_reaction_count": null
                },
                {
                    "comment_id": "10159564964988904",
                    "comment_url": "https://facebook.com/10159564964988904",
                    "commenter_id": "701824325",
                    "commenter_url": "https://facebook.com/peter.vanveggel.7?fref=nf&rc=p",
                    "commenter_name": "Peter Van Veggel",
                    "commenter_meta": null,
                    "comment_text": "Richard Evans let's hope smarter minds will prevail, it's not a state of emergency.its part of his agenda, if he gets it, things will never change, he will run this country like a dictator",
                    "comment_time": "2022-02-16 23:24:33",
                    "comment_image": null,
                    "comment_reactors": [],
                    "comment_reactions": null,
                    "comment_reaction_count": null
                }
            ]
        },
        {
            "comment_id": "10159563622278904",
            "comment_url": "https://facebook.com/10159563622278904",
            "commenter_id": "100025026535640",
            "commenter_url": "https://facebook.com/profile.php?id=100025026535640&fref=nf&rc=p&refid=52",
            "commenter_name": "Bernie Lightfoot",
            "commenter_meta": null,
            "comment_text": "Good. Follow the money.",
            "comment_time": "2022-02-16 23:24:25",
            "comment_image": null,
            "comment_reactors": [],
            "comment_reactions": null,
            "comment_reaction_count": null,
            "replies": []
        }
    ],
    "reactors": null,
    "w3_fb_url": null,
    "reactions": null,
    "reaction_count": null,
    "with": null,
    "page_id": "140961138903",
    "sharers": null,
    "image_id": null,
    "image_ids": [],
    "was_live": false
}