{
    "original_request_url": "10159578696408904",
    "post_url": "https://facebook.com/story.php?story_fbid=10159578696408904&id=140961138903",
    "post_id": "10159578696408904",
    "text": "OPP spokesman says the force is aware members \u2018appear to have made donations that have gone toward the unlawful protest in Ottawa\u2019\n\nTHEGLOBEANDMAIL.COM\nOPP investigating reports police officers donated to trucker convoy protests",
    "post_text": "OPP spokesman says the force is aware members \u2018appear to have made donations that have gone toward the unlawful protest in Ottawa\u2019",
    "shared_text": "THEGLOBEANDMAIL.COM\nOPP investigating reports police officers donated to trucker convoy protests",
    "original_text": null,
    "time": "2022-02-23 18:08:58",
    "timestamp": 1645639738,
    "image": "https://www.theglobeandmail.com/resizer/zTM8aq-n9YzZ9e3EVd1IzYKsVMs=/1200x800/filters:quality(80)/cloudfront-us-east-1.images.arcpublishing.com/tgam/3BII6LWQQZLI5HL7KPUAQYDLKE.JPG",
    "image_lowquality": "https://external-sea1-1.xx.fbcdn.net/safe_image.php?d=AQE-RQdGtsURh_Bs&w=476&h=249&url=https%3A%2F%2Fwww.theglobeandmail.com%2Fresizer%2FzTM8aq-n9YzZ9e3EVd1IzYKsVMs%3D%2F1200x800%2Ffilters%3Aquality%2880%29%2Fcloudfront-us-east-1.images.arcpublishing.com%2Ftgam%2F3BII6LWQQZLI5HL7KPUAQYDLKE.JPG&cfs=1&jq=75&ext=jpg&_nc_oe=6fabb&_nc_sid=06c271&ccb=3-5&_nc_hash=AQH1_CXESgGYP58Y",
    "images": [
        "https://www.theglobeandmail.com/resizer/zTM8aq-n9YzZ9e3EVd1IzYKsVMs=/1200x800/filters:quality(80)/cloudfront-us-east-1.images.arcpublishing.com/tgam/3BII6LWQQZLI5HL7KPUAQYDLKE.JPG"
    ],
    "images_description": [],
    "images_lowquality": [
        "https://external-sea1-1.xx.fbcdn.net/safe_image.php?d=AQE-RQdGtsURh_Bs&w=476&h=249&url=https%3A%2F%2Fwww.theglobeandmail.com%2Fresizer%2FzTM8aq-n9YzZ9e3EVd1IzYKsVMs%3D%2F1200x800%2Ffilters%3Aquality%2880%29%2Fcloudfront-us-east-1.images.arcpublishing.com%2Ftgam%2F3BII6LWQQZLI5HL7KPUAQYDLKE.JPG&cfs=1&jq=75&ext=jpg&_nc_oe=6fabb&_nc_sid=06c271&ccb=3-5&_nc_hash=AQH1_CXESgGYP58Y"
    ],
    "images_lowquality_description": [
        null
    ],
    "video": null,
    "video_duration_seconds": null,
    "video_height": null,
    "video_id": null,
    "video_quality": null,
    "video_size_MB": null,
    "video_thumbnail": null,
    "video_watches": null,
    "video_width": null,
    "likes": 104,
    "comments": 34,
    "shares": 8,
    "link": "http://www.theglobeandmail.com/canada/article-opp-investigating-reports-police-officers-donated-to-trucker-convoy/?utm_campaign=sophi-pop&utm_medium=post&utm_source=facebook&fbclid=IwAR2gGUl32yMIj9XC96p9d7D5yD9E1D5ydvyMgD2SLTUVPTmvNP0QMPuLQAo",
    "links": [],
    "user_id": "140961138903",
    "username": "The Globe and Mail",
    "user_url": "https://facebook.com/theglobeandmail/?refid=52",
    "is_live": false,
    "factcheck": null,
    "shared_post_id": null,
    "shared_time": null,
    "shared_user_id": null,
    "shared_username": null,
    "shared_post_url": null,
    "available": true,
    "comments_full": [
        {
            "comment_id": "10159578963683904",
            "comment_url": "https://facebook.com/10159578963683904",
            "commenter_id": "100008018322811",
            "commenter_url": "https://facebook.com/goldsack.denise?fref=nf&rc=p&refid=52",
            "commenter_name": "Denise Collins Goldsack",
            "commenter_meta": null,
            "comment_text": "The divide and unhappiness with the current Gov't runs deep.",
            "comment_time": "2022-02-23 23:21:42",
            "comment_image": null,
            "comment_reactors": [],
            "comment_reactions": null,
            "comment_reaction_count": null,
            "replies": [
                {
                    "comment_id": "10159579037813904",
                    "comment_url": "https://facebook.com/10159579037813904",
                    "commenter_id": "536947196",
                    "commenter_url": "https://facebook.com/brenda.lang.94?fref=nf&rc=p",
                    "commenter_name": "Brenda Lang",
                    "commenter_meta": null,
                    "comment_text": "Denise Collins Goldsack Are you referring to the Ontario government? OPP are in Ontario, and yes, dissatisfaction\nwith the government runs deep.",
                    "comment_time": "2022-02-23 23:21:44",
                    "comment_image": "https://scontent.xx.fbcdn.net/m1/v/t6/An_UvxJXg9tdnLU3Y5qjPi0200MLilhzPXUgxzGjQzUMaNcmjdZA6anyrngvkdub33NZzZhd51fpCAEzNHFhko5aKRFP5fS1w_lKwYrzcNLupv27.png?ccb=10-5&oh=00_AT9C82irDy7Sn8cI_UEelmRC1FY5K5jw2pfWXlZ8QaKL1g&oe=62246CF9&_nc_sid=55e238",
                    "comment_reactors": [],
                    "comment_reactions": null,
                    "comment_reaction_count": null
                },
                {
                    "comment_id": "10159579652443904",
                    "comment_url": "https://facebook.com/10159579652443904",
                    "commenter_id": "100000545404259",
                    "commenter_url": "https://facebook.com/matthew.harper.583?fref=nf&rc=p",
                    "commenter_name": "Matthew Harper",
                    "commenter_meta": null,
                    "comment_text": "Denise Collins Goldsack only when some one disagrees with you. Sad the division is fuelled by opposition.",
                    "comment_time": "2022-02-23 00:00:00",
                    "comment_image": "https://scontent.xx.fbcdn.net/m1/v/t6/An_UvxJXg9tdnLU3Y5qjPi0200MLilhzPXUgxzGjQzUMaNcmjdZA6anyrngvkdub33NZzZhd51fpCAEzNHFhko5aKRFP5fS1w_lKwYrzcNLupv27.png?ccb=10-5&oh=00_AT9C82irDy7Sn8cI_UEelmRC1FY5K5jw2pfWXlZ8QaKL1g&oe=62246CF9&_nc_sid=55e238",
                    "comment_reactors": [],
                    "comment_reactions": null,
                    "comment_reaction_count": null
                },
                {
                    "comment_id": "10159582081768904",
                    "comment_url": "https://facebook.com/10159582081768904",
                    "commenter_id": "100000161332538",
                    "commenter_url": "https://facebook.com/lyn.squires?fref=nf&rc=p",
                    "commenter_name": "Lyn Squires",
                    "commenter_meta": null,
                    "comment_text": "Denise Collins Goldsack Oh yes. Very deep and very dark.",
                    "comment_time": "2022-02-25 00:00:00",
                    "comment_image": null,
                    "comment_reactors": [],
                    "comment_reactions": null,
                    "comment_reaction_count": null
                }
            ]
        },
        {
            "comment_id": "10159579191163904",
            "comment_url": "https://facebook.com/10159579191163904",
            "commenter_id": "1281165251",
            "commenter_url": "https://facebook.com/tina.knott.90?fref=nf&rc=p&refid=52",
            "commenter_name": "Tina Knott",
            "commenter_meta": null,
            "comment_text": "\"Unlawful\" will be up to court to decide.",
            "comment_time": "2022-02-23 00:00:00",
            "comment_image": null,
            "comment_reactors": [],
            "comment_reactions": null,
            "comment_reaction_count": null,
            "replies": []
        },
        {
            "comment_id": "10159578878308904",
            "comment_url": "https://facebook.com/10159578878308904",
            "commenter_id": "598566318",
            "commenter_url": "https://facebook.com/shannon.boschy?fref=nf&rc=p&refid=52",
            "commenter_name": "Shannon Douglas",
            "commenter_meta": null,
            "comment_text": "There are plenty of regimes that declare peaceful protests to be \"Unlawful\" - usually the ones who have dictators and wanna-bees in power.\n\nI'm a professional. I live in Ottawa. I work downtown and walk to work form the edge of the \"Red Zone.\" I spent many hours talking to protestors and recording events. What I see with my own eyes and hear with my own ears is that G&M (and CTV, CBC and local media) has fully participated in overt propaganda narratives designed to delegitimize and dehumanize protestors.\n\nThis would have been over before it started if JT hadn't insisted on insulting and invalidating the concerns of the \"Fringe minority\" which polls tell us is at 20% support nationally.\n\nDonations to a protest group fighting against losses of constitutionall\ny guaranteed freedoms is legitimate political speech.\n\nThis was not an anti-vaxx protest driven by conspiracies. It was not white supremacists and wife-beaters and criminals. No, no truckers tried to burn down a building, no truckers overthrew a soup kitchen, no truckers smashed a window a km away",
            "comment_time": "2022-02-23 23:21:42",
            "comment_image": null,
            "comment_reactors": [],
            "comment_reactions": null,
            "comment_reaction_count": null,
            "replies": [
                {
                    "comment_id": "10159578935788904",
                    "comment_url": "https://facebook.com/10159578935788904",
                    "commenter_id": "557832560",
                    "commenter_url": "https://facebook.com/pcr58?fref=nf&rc=p",
                    "commenter_name": "Peter Ross",
                    "commenter_meta": null,
                    "comment_text": "Shannon Douglas Haha\u2026I\u2019m a professional. You don\u2019t even have a job.",
                    "comment_time": "2022-02-23 23:21:45",
                    "comment_image": "https://scontent.xx.fbcdn.net/m1/v/t6/An_UvxJXg9tdnLU3Y5qjPi0200MLilhzPXUgxzGjQzUMaNcmjdZA6anyrngvkdub33NZzZhd51fpCAEzNHFhko5aKRFP5fS1w_lKwYrzcNLupv27.png?ccb=10-5&oh=00_AT9C82irDy7Sn8cI_UEelmRC1FY5K5jw2pfWXlZ8QaKL1g&oe=62246CF9&_nc_sid=55e238",
                    "comment_reactors": [],
                    "comment_reactions": null,
                    "comment_reaction_count": null
                },
                {
                    "comment_id": "10159578970323904",
                    "comment_url": "https://facebook.com/10159578970323904",
                    "commenter_id": "636785401",
                    "commenter_url": "https://facebook.com/clara.vanderweerd?fref=nf&rc=p",
                    "commenter_name": "Clara Chol",
                    "commenter_meta": null,
                    "comment_text": "Shannon Douglas thank you!",
                    "comment_time": "2022-02-23 23:21:45",
                    "comment_image": "https://scontent.xx.fbcdn.net/m1/v/t6/An-SJYN61eefFdoaV8pa0G_5_APCa0prZaqkZGXpCFeUCLCg89UPOqSkSZxJkLy0hAKKpUIPEB91mo9yBBfcAqcwmpEu5jN_jmJufFtJoVJCUklu.png?ccb=10-5&oh=00_AT_uC16R89XISW2BLH-gvAeIZ-6knN-rLSiRLuYO7e7b3A&oe=6225C35F&_nc_sid=55e238",
                    "comment_reactors": [],
                    "comment_reactions": null,
                    "comment_reaction_count": null
                },
                {
                    "comment_id": "10159578970968904",
                    "comment_url": "https://facebook.com/10159578970968904",
                    "commenter_id": "636785401",
                    "commenter_url": "https://facebook.com/clara.vanderweerd?fref=nf&rc=p",
                    "commenter_name": "Clara Chol",
                    "commenter_meta": null,
                    "comment_text": "Peter Ross no reason to be denigrating.",
                    "comment_time": "2022-02-23 23:21:45",
                    "comment_image": "https://scontent.xx.fbcdn.net/m1/v/t6/An_UvxJXg9tdnLU3Y5qjPi0200MLilhzPXUgxzGjQzUMaNcmjdZA6anyrngvkdub33NZzZhd51fpCAEzNHFhko5aKRFP5fS1w_lKwYrzcNLupv27.png?ccb=10-5&oh=00_AT9C82irDy7Sn8cI_UEelmRC1FY5K5jw2pfWXlZ8QaKL1g&oe=62246CF9&_nc_sid=55e238",
                    "comment_reactors": [],
                    "comment_reactions": null,
                    "comment_reaction_count": null
                },
                {
                    "comment_id": "10159578972173904",
                    "comment_url": "https://facebook.com/10159578972173904",
                    "commenter_id": "557832560",
                    "commenter_url": "https://facebook.com/pcr58?fref=nf&rc=p",
                    "commenter_name": "Peter Ross",
                    "commenter_meta": null,
                    "comment_text": "Clara Chol it\u2019s the truth and the truth hurts. He probably copied it from his lover, Joe Rogan.",
                    "comment_time": "2022-02-23 23:21:45",
                    "comment_image": null,
                    "comment_reactors": [],
                    "comment_reactions": null,
                    "comment_reaction_count": null
                },
                {
                    "comment_id": "10159578973788904",
                    "comment_url": "https://facebook.com/10159578973788904",
                    "commenter_id": "636785401",
                    "commenter_url": "https://facebook.com/clara.vanderweerd?fref=nf&rc=p",
                    "commenter_name": "Clara Chol",
                    "commenter_meta": null,
                    "comment_text": "Peter Ross so hostile your comments. You can disagree with the protest and still be polite.",
                    "comment_time": "2022-02-23 23:21:45",
                    "comment_image": null,
                    "comment_reactors": [],
                    "comment_reactions": null,
                    "comment_reaction_count": null
                },
                {
                    "comment_id": "10159578996273904",
                    "comment_url": "https://facebook.com/10159578996273904",
                    "commenter_id": "557832560",
                    "commenter_url": "https://facebook.com/pcr58?fref=nf&rc=p",
                    "commenter_name": "Peter Ross",
                    "commenter_meta": null,
                    "comment_text": "Clara Chol I always am nasty to fascists and Nazis and you should be too. You should be embarrassed.",
                    "comment_time": "2022-02-23 23:21:45",
                    "comment_image": "https://scontent.xx.fbcdn.net/m1/v/t6/An_UvxJXg9tdnLU3Y5qjPi0200MLilhzPXUgxzGjQzUMaNcmjdZA6anyrngvkdub33NZzZhd51fpCAEzNHFhko5aKRFP5fS1w_lKwYrzcNLupv27.png?ccb=10-5&oh=00_AT9C82irDy7Sn8cI_UEelmRC1FY5K5jw2pfWXlZ8QaKL1g&oe=62246CF9&_nc_sid=55e238",
                    "comment_reactors": [],
                    "comment_reactions": null,
                    "comment_reaction_count": null
                },
                {
                    "comment_id": "10159579042978904",
                    "comment_url": "https://facebook.com/10159579042978904",
                    "commenter_id": "536947196",
                    "commenter_url": "https://facebook.com/brenda.lang.94?fref=nf&rc=p",
                    "commenter_name": "Brenda Lang",
                    "commenter_meta": null,
                    "comment_text": "Shannon Douglas how much are you paid to post his drivel?",
                    "comment_time": "2022-02-23 23:21:45",
                    "comment_image": "https://scontent.xx.fbcdn.net/m1/v/t6/An_UvxJXg9tdnLU3Y5qjPi0200MLilhzPXUgxzGjQzUMaNcmjdZA6anyrngvkdub33NZzZhd51fpCAEzNHFhko5aKRFP5fS1w_lKwYrzcNLupv27.png?ccb=10-5&oh=00_AT9C82irDy7Sn8cI_UEelmRC1FY5K5jw2pfWXlZ8QaKL1g&oe=62246CF9&_nc_sid=55e238",
                    "comment_reactors": [],
                    "comment_reactions": null,
                    "comment_reaction_count": null
                },
                {
                    "comment_id": "10159579166163904",
                    "comment_url": "https://facebook.com/10159579166163904",
                    "commenter_id": "641584817",
                    "commenter_url": "https://facebook.com/glendastan?fref=nf&rc=p",
                    "commenter_name": "Stan Riedel",
                    "commenter_meta": null,
                    "comment_text": "Peter Ross\nCopied..saw many diff similar posts from diff sources..",
                    "comment_time": "2022-02-23 00:00:00",
                    "comment_image": "https://scontent.xx.fbcdn.net/m1/v/t6/An_UvxJXg9tdnLU3Y5qjPi0200MLilhzPXUgxzGjQzUMaNcmjdZA6anyrngvkdub33NZzZhd51fpCAEzNHFhko5aKRFP5fS1w_lKwYrzcNLupv27.png?ccb=10-5&oh=00_AT9C82irDy7Sn8cI_UEelmRC1FY5K5jw2pfWXlZ8QaKL1g&oe=62246CF9&_nc_sid=55e238",
                    "comment_reactors": [],
                    "comment_reactions": null,
                    "comment_reaction_count": null
                },
                {
                    "comment_id": "10159582461443904",
                    "comment_url": "https://facebook.com/10159582461443904",
                    "commenter_id": "598566318",
                    "commenter_url": "https://facebook.com/shannon.boschy?fref=nf&rc=p",
                    "commenter_name": "Shannon Douglas",
                    "commenter_meta": null,
                    "comment_text": "Peter Ross says the American interfering in Canadian Political Events.",
                    "comment_time": "2022-02-25 00:00:00",
                    "comment_image": "https://scontent.xx.fbcdn.net/m1/v/t6/An_F9bJG7govfshSMBkvcRLcxT0jmiXVYKtr7lgH5AHgUrjjpZ1OD0xyxXYgf7arc0lWgCdrR_KN4Mg7RSN3Gm3W6Gg03N1tQ-ZXzVvFJ_KvvB4.png?ccb=10-5&oh=00_AT8ScZKrgCPhmfSgYBZgvnQHv14vvPQpgzOW8DDMFGGodg&oe=62243F67&_nc_sid=55e238",
                    "comment_reactors": [],
                    "comment_reactions": null,
                    "comment_reaction_count": null
                },
                {
                    "comment_id": "10159582502248904",
                    "comment_url": "https://facebook.com/10159582502248904",
                    "commenter_id": "557832560",
                    "commenter_url": "https://facebook.com/pcr58?fref=nf&rc=p",
                    "commenter_name": "Peter Ross",
                    "commenter_meta": null,
                    "comment_text": "Sorry sad Russian man. I can comment on what I want. Now please enjoy your time with Putin.",
                    "comment_time": "2022-02-25 00:00:00",
                    "comment_image": null,
                    "comment_reactors": [],
                    "comment_reactions": null,
                    "comment_reaction_count": null
                }
            ]
        },
        {
            "comment_id": "10159578773103904",
            "comment_url": "https://facebook.com/10159578773103904",
            "commenter_id": "511148058",
            "commenter_url": "https://facebook.com/craig.stevenson.73?fref=nf&rc=p&refid=52",
            "commenter_name": "Craig Stevenson",
            "commenter_meta": null,
            "comment_text": "Interesting wording. Committing illegal acts during a protest is one thing, but characterizing a protest in its entirety as \"unlawful\" is a politicized characterizatio\nn that sets us on a slippery slope.",
            "comment_time": "2022-02-23 23:21:42",
            "comment_image": null,
            "comment_reactors": [],
            "comment_reactions": null,
            "comment_reaction_count": null,
            "replies": [
                {
                    "comment_id": "10159578814938904",
                    "comment_url": "https://facebook.com/10159578814938904",
                    "commenter_id": "100072036022069",
                    "commenter_url": "https://facebook.com/profile.php?id=100072036022069&fref=nf&rc=p",
                    "commenter_name": "Moe Seke",
                    "commenter_meta": null,
                    "comment_text": "Craig Stevenson It became unlawful as soon as its actions became illegal, which there is beyond-ample evidence to support, right from the get-go. It became an illegal enterprise as soon as the city declared a state of emergency.\n\nIf you deny this, then we can't help you.",
                    "comment_time": "2022-02-23 23:21:46",
                    "comment_image": "https://scontent.xx.fbcdn.net/m1/v/t6/An_UvxJXg9tdnLU3Y5qjPi0200MLilhzPXUgxzGjQzUMaNcmjdZA6anyrngvkdub33NZzZhd51fpCAEzNHFhko5aKRFP5fS1w_lKwYrzcNLupv27.png?ccb=10-5&oh=00_AT9C82irDy7Sn8cI_UEelmRC1FY5K5jw2pfWXlZ8QaKL1g&oe=62246CF9&_nc_sid=55e238",
                    "comment_reactors": [],
                    "comment_reactions": null,
                    "comment_reaction_count": null
                },
                {
                    "comment_id": "10159578893078904",
                    "comment_url": "https://facebook.com/10159578893078904",
                    "commenter_id": "100017405348850",
                    "commenter_url": "https://facebook.com/davidbradley.muir.1?fref=nf&rc=p",
                    "commenter_name": "David Bradley Muir",
                    "commenter_meta": null,
                    "comment_text": "Craig Stevenson -- squatting in the road for weeks on-end is not lawful",
                    "comment_time": "2022-02-23 23:21:46",
                    "comment_image": "https://scontent.xx.fbcdn.net/m1/v/t6/An_UvxJXg9tdnLU3Y5qjPi0200MLilhzPXUgxzGjQzUMaNcmjdZA6anyrngvkdub33NZzZhd51fpCAEzNHFhko5aKRFP5fS1w_lKwYrzcNLupv27.png?ccb=10-5&oh=00_AT9C82irDy7Sn8cI_UEelmRC1FY5K5jw2pfWXlZ8QaKL1g&oe=62246CF9&_nc_sid=55e238",
                    "comment_reactors": [],
                    "comment_reactions": null,
                    "comment_reaction_count": null
                },
                {
                    "comment_id": "10159578958328904",
                    "comment_url": "https://facebook.com/10159578958328904",
                    "commenter_id": "599066781",
                    "commenter_url": "https://facebook.com/edmond.engelbrecht?fref=nf&rc=p",
                    "commenter_name": "Edmond Engelbrecht",
                    "commenter_meta": null,
                    "comment_text": "Craig Stevenson yes looks like a few people here have helped you understand ..\n\nHere is some further reading so that you have all the info to be correct next time around..\n\nhttps://\nwww.justice.gc.c\na/eng/csj-sjc/\nrfc-dlc/\nccrf-ccdl/check/\nart2c.html\n\n\u201cSection 2(c) guarantees the right to peaceful assembly; it does not protect riots and gatherings that seriously disturb the peace: R. v. Lecompte, [2000] J.Q. No. 2452 (Que. C.A.). It has been stated that the right to freedom of assembly, along with freedom of expression, does not include the right to physically impede or blockade lawful activities: Guelph (City) v. Soltys, [2009] O.J. No. 3369 (Ont. Sup. Ct. Jus), at paragraph 26.\u201d",
                    "comment_time": "2022-02-23 23:21:46",
                    "comment_image": "https://www.justice.gc.ca/eng/csj-sjc/rfc-dlc/ccrf-ccdl/check/art2c.html?fbclid=IwAR2uOupSvRa4fUj54Ma-hmmYcoaUhv9DPaYhubbfLlbe3I4uZy0_mnt9W0c",
                    "comment_reactors": [],
                    "comment_reactions": null,
                    "comment_reaction_count": null
                },
                {
                    "comment_id": "10159579010153904",
                    "comment_url": "https://facebook.com/10159579010153904",
                    "commenter_id": "100000161332538",
                    "commenter_url": "https://facebook.com/lyn.squires?fref=nf&rc=p",
                    "commenter_name": "Lyn Squires",
                    "commenter_meta": null,
                    "comment_text": "Edmond Engelbrecht you missed part 1CONSTITUTION ACT, 1982End note(81)\nPART I\nCanadian Charter of Rights and Freedoms\nWhereas Canada is founded upon principles that recognize the supremacy of God and the rule of law: Pierre Trudeau's charter was defeated in parliament. Half way through this table he left parliament. He wanted less involvement with the provinces as he saw them too difficult to deal with. He unilaterally passed his own bill to patriate the constitution. He also had his own version of the charter and went to his own friends in the supreme court and they turned him down. They stated what he was trying to do was seen as unconstitutiona\nl. In September of 81 his charter was amended to what we have today not Trudeau's charter it was the provinces. Section 6 Mobility Rights, Section 7 Legal Rights and lastly Section 15 Equality Rights. Review the Canadian Charter of Rights with the Honorable Brian Peckford who is the last remaining political leader alive that crafter the Charter of Rights and Freedoms. Rex Murphy and Jordan Peterson \"The Catastrophe of Canada.\"",
                    "comment_time": "2022-02-23 23:21:46",
                    "comment_image": "https://scontent.xx.fbcdn.net/m1/v/t6/An_F9bJG7govfshSMBkvcRLcxT0jmiXVYKtr7lgH5AHgUrjjpZ1OD0xyxXYgf7arc0lWgCdrR_KN4Mg7RSN3Gm3W6Gg03N1tQ-ZXzVvFJ_KvvB4.png?ccb=10-5&oh=00_AT8ScZKrgCPhmfSgYBZgvnQHv14vvPQpgzOW8DDMFGGodg&oe=62243F67&_nc_sid=55e238",
                    "comment_reactors": [],
                    "comment_reactions": null,
                    "comment_reaction_count": null
                },
                {
                    "comment_id": "10159579032078904",
                    "comment_url": "https://facebook.com/10159579032078904",
                    "commenter_id": "599066781",
                    "commenter_url": "https://facebook.com/edmond.engelbrecht?fref=nf&rc=p",
                    "commenter_name": "Edmond Engelbrecht",
                    "commenter_meta": null,
                    "comment_text": "Lyn Squires according to several materials that I have viewed this feels pretty revisionist (you know that cancel culture right wingers don't like). I saw one thing where the premiers did not want a charter and to be under the thumb of the federal government. They apparently thought controlling these things in their own domain to be good enough. That includes Mr Peckford. I'll have to dig that up. I am sure its not a cut and dry topic with regards to the interpretatoin of these events. .. but I can say for certain whatever gets bent and deformed by Rex Murphy and Jordan Peterson.. one could probably spend a solid day or 2 to find the real source info and some of it will not match.",
                    "comment_time": "2022-02-23 23:21:46",
                    "comment_image": "https://scontent.xx.fbcdn.net/m1/v/t6/An_UvxJXg9tdnLU3Y5qjPi0200MLilhzPXUgxzGjQzUMaNcmjdZA6anyrngvkdub33NZzZhd51fpCAEzNHFhko5aKRFP5fS1w_lKwYrzcNLupv27.png?ccb=10-5&oh=00_AT9C82irDy7Sn8cI_UEelmRC1FY5K5jw2pfWXlZ8QaKL1g&oe=62246CF9&_nc_sid=55e238",
                    "comment_reactors": [],
                    "comment_reactions": null,
                    "comment_reaction_count": null
                },
                {
                    "comment_id": "10159579036943904",
                    "comment_url": "https://facebook.com/10159579036943904",
                    "commenter_id": "100000161332538",
                    "commenter_url": "https://facebook.com/lyn.squires?fref=nf&rc=p",
                    "commenter_name": "Lyn Squires",
                    "commenter_meta": null,
                    "comment_text": "Edmond Engelbrecht Well worth the listen....",
                    "comment_time": "2022-02-23 23:21:46",
                    "comment_image": null,
                    "comment_reactors": [],
                    "comment_reactions": null,
                    "comment_reaction_count": null
                },
                {
                    "comment_id": "10159579149913904",
                    "comment_url": "https://facebook.com/10159579149913904",
                    "commenter_id": "641584817",
                    "commenter_url": "https://facebook.com/glendastan?fref=nf&rc=p",
                    "commenter_name": "Stan Riedel",
                    "commenter_meta": null,
                    "comment_text": "Craig Stevenson\nYup... The G & M are doing the media for our tyrannical government",
                    "comment_time": "2022-02-23 00:00:00",
                    "comment_image": "https://scontent.xx.fbcdn.net/m1/v/t6/An_F9bJG7govfshSMBkvcRLcxT0jmiXVYKtr7lgH5AHgUrjjpZ1OD0xyxXYgf7arc0lWgCdrR_KN4Mg7RSN3Gm3W6Gg03N1tQ-ZXzVvFJ_KvvB4.png?ccb=10-5&oh=00_AT8ScZKrgCPhmfSgYBZgvnQHv14vvPQpgzOW8DDMFGGodg&oe=62243F67&_nc_sid=55e238",
                    "comment_reactors": [],
                    "comment_reactions": null,
                    "comment_reaction_count": null
                },
                {
                    "comment_id": "10159579156158904",
                    "comment_url": "https://facebook.com/10159579156158904",
                    "commenter_id": "28112245",
                    "commenter_url": "https://facebook.com/trevor.gilbert1?fref=nf&rc=p",
                    "commenter_name": "Trevor Gilbert",
                    "commenter_meta": null,
                    "comment_text": "Craig Stevenson that's what blockading roads is. Unlawful. That's not a \"politicized characterizatio\nn\" - it's a plain and simple legal fact.\n\nIt's one thing for police to exercise professional discretion about how fast they move to breaking up a blockade, but paying for them to happen is quite another. It calls into question whether the decision about breaking up blockades is really a matter of professional discretion at all, or one colored by personal sympathies.\n\nUnless their donations were made before the lawful moving convoy protest stopped and formed unlawful blockades, and in ignorance of the plan to do so, donating money to this fundraiser equals financing a crime.\n\nIf you want to talk about slippery slopes, turning a blind eye towards cops financing crimes committed in the name of politics - even while they're off duty - would be a pretty big one.",
                    "comment_time": "2022-02-23 00:00:00",
                    "comment_image": "https://scontent.xx.fbcdn.net/m1/v/t6/An-SJYN61eefFdoaV8pa0G_5_APCa0prZaqkZGXpCFeUCLCg89UPOqSkSZxJkLy0hAKKpUIPEB91mo9yBBfcAqcwmpEu5jN_jmJufFtJoVJCUklu.png?ccb=10-5&oh=00_AT_uC16R89XISW2BLH-gvAeIZ-6knN-rLSiRLuYO7e7b3A&oe=6225C35F&_nc_sid=55e238",
                    "comment_reactors": [],
                    "comment_reactions": null,
                    "comment_reaction_count": null
                },
                {
                    "comment_id": "10159579226628904",
                    "comment_url": "https://facebook.com/10159579226628904",
                    "commenter_id": "511148058",
                    "commenter_url": "https://facebook.com/craig.stevenson.73?fref=nf&rc=p",
                    "commenter_name": "Craig Stevenson",
                    "commenter_meta": null,
                    "comment_text": "Trevor Gilbert \"A protest in its entirety\"; you and the other legal scholar here seem to have missed that. It will be difficult to establish that contributors intended to fund a protest that was perfectly legitimate in some respects, ie that portion which occurred on Parliament Hill. Note also that other past protests have cluttered up the streets in front of Parliament, albeit briefly. How are we to conclude that contributors sent their money to the convoy specifically in the hope that it would prolong this event? It's difficult to come to that conclusion.",
                    "comment_time": "2022-02-23 00:00:00",
                    "comment_image": null,
                    "comment_reactors": [],
                    "comment_reactions": null,
                    "comment_reaction_count": null
                },
                {
                    "comment_id": "10159579243348904",
                    "comment_url": "https://facebook.com/10159579243348904",
                    "commenter_id": "28112245",
                    "commenter_url": "https://facebook.com/trevor.gilbert1?fref=nf&rc=p",
                    "commenter_name": "Trevor Gilbert",
                    "commenter_meta": null,
                    "comment_text": "Craig Stevenson it was bloody clear what they were doing for any donations time-stamped after the first weekend.",
                    "comment_time": "2022-02-23 00:00:00",
                    "comment_image": "https://scontent.xx.fbcdn.net/m1/v/t6/An-SJYN61eefFdoaV8pa0G_5_APCa0prZaqkZGXpCFeUCLCg89UPOqSkSZxJkLy0hAKKpUIPEB91mo9yBBfcAqcwmpEu5jN_jmJufFtJoVJCUklu.png?ccb=10-5&oh=00_AT_uC16R89XISW2BLH-gvAeIZ-6knN-rLSiRLuYO7e7b3A&oe=6225C35F&_nc_sid=55e238",
                    "comment_reactors": [],
                    "comment_reactions": null,
                    "comment_reaction_count": null
                },
                {
                    "comment_id": "10159579269158904",
                    "comment_url": "https://facebook.com/10159579269158904",
                    "commenter_id": "599066781",
                    "commenter_url": "https://facebook.com/edmond.engelbrecht?fref=nf&rc=p",
                    "commenter_name": "Edmond Engelbrecht",
                    "commenter_meta": null,
                    "comment_text": "Trevor Gilbert dont forget Pat King reminding the internets.. that JT might \"catch a bullet\".. yes an organiser that the protesters enjoy the company of likes to prance around saying a number of things that ensured the movement was DOA.. And that it was labelled in a negative way.",
                    "comment_time": "2022-02-23 00:00:00",
                    "comment_image": "https://scontent.xx.fbcdn.net/m1/v/t6/An-SJYN61eefFdoaV8pa0G_5_APCa0prZaqkZGXpCFeUCLCg89UPOqSkSZxJkLy0hAKKpUIPEB91mo9yBBfcAqcwmpEu5jN_jmJufFtJoVJCUklu.png?ccb=10-5&oh=00_AT_uC16R89XISW2BLH-gvAeIZ-6knN-rLSiRLuYO7e7b3A&oe=6225C35F&_nc_sid=55e238",
                    "comment_reactors": [],
                    "comment_reactions": null,
                    "comment_reaction_count": null
                },
                {
                    "comment_id": "10159579969938904",
                    "comment_url": "https://facebook.com/10159579969938904",
                    "commenter_id": "512446441",
                    "commenter_url": "https://facebook.com/Kyle.Fingland?fref=nf&rc=p",
                    "commenter_name": "Kyle Fingland",
                    "commenter_meta": null,
                    "comment_text": "David Bradley Muir did you have the same comment regarding squatting on our rails in 2020?",
                    "comment_time": "2022-02-24 00:00:00",
                    "comment_image": null,
                    "comment_reactors": [],
                    "comment_reactions": null,
                    "comment_reaction_count": null
                },
                {
                    "comment_id": "10159583757533904",
                    "comment_url": "https://facebook.com/10159583757533904",
                    "commenter_id": "100005074410682",
                    "commenter_url": "https://facebook.com/larry.aelterman?fref=nf&rc=p",
                    "commenter_name": "Larry Aelterman",
                    "commenter_meta": null,
                    "comment_text": "Trevor Gilbert Road blocks, infrastructure destroyed, arson and violent threats, occupation has been going on for 17 years in Caledonia so don't cry to me about Ottawa. They only had to put up with it for 3 weeks.",
                    "comment_time": "2022-02-26 00:00:00",
                    "comment_image": null,
                    "comment_reactors": [],
                    "comment_reactions": null,
                    "comment_reaction_count": null
                }
            ]
        },
        {
            "comment_id": "10159578782568904",
            "comment_url": "https://facebook.com/10159578782568904",
            "commenter_id": "659232141",
            "commenter_url": "https://facebook.com/profile.php?id=659232141&fref=nf&rc=p&refid=52",
            "commenter_name": "Frieda Anne Mayer",
            "commenter_meta": null,
            "comment_text": "The trucker convoy protest was not illegal when the police officers donated to it, so there should be no investigation. Freezing bank accounts is unprecedented in our history. This is political tyranny, not democracy.",
            "comment_time": "2022-02-23 23:21:42",
            "comment_image": null,
            "comment_reactors": [],
            "comment_reactions": null,
            "comment_reaction_count": null,
            "replies": [
                {
                    "comment_id": "10159578960463904",
                    "comment_url": "https://facebook.com/10159578960463904",
                    "commenter_id": "599066781",
                    "commenter_url": "https://facebook.com/edmond.engelbrecht?fref=nf&rc=p",
                    "commenter_name": "Edmond Engelbrecht",
                    "commenter_meta": null,
                    "comment_text": "Frieda Anne Mayer learn how it works before you look silly..\n\nhttps://\nwww.justice.gc.c\na/eng/csj-sjc/\nrfc-dlc/\nccrf-ccdl/check/\nart2c.html\n\n\u201cSection 2(c) guarantees the right to peaceful assembly; it does not protect riots and gatherings that seriously disturb the peace: R. v. Lecompte, [2000] J.Q. No. 2452 (Que. C.A.). It has been stated that the right to freedom of assembly, along with freedom of expression, does not include the right to physically impede or blockade lawful activities: Guelph (City) v. Soltys, [2009] O.J. No. 3369 (Ont. Sup. Ct. Jus), at paragraph 26.\u201d",
                    "comment_time": "2022-02-23 23:21:47",
                    "comment_image": "https://www.justice.gc.ca/eng/csj-sjc/rfc-dlc/ccrf-ccdl/check/art2c.html?fbclid=IwAR1mOAnyBg4LyyWVIx5QZo9gDSeTGgtYoinEsp1v4CDd41FX7BqJrq0f9ww",
                    "comment_reactors": [],
                    "comment_reactions": null,
                    "comment_reaction_count": null
                },
                {
                    "comment_id": "10159579232368904",
                    "comment_url": "https://facebook.com/10159579232368904",
                    "commenter_id": "100004367706398",
                    "commenter_url": "https://facebook.com/taylan.knowles.1?fref=nf&rc=p",
                    "commenter_name": "Taylan Knowles",
                    "commenter_meta": null,
                    "comment_text": "Edmond Engelbrecht you look silly because you believe everything you see on TV \ud83e\udd37\u200d\u2642\ufe0f\ud83d\ude4f",
                    "comment_time": "2022-02-23 00:00:00",
                    "comment_image": "https://scontent.xx.fbcdn.net/m1/v/t6/An_UvxJXg9tdnLU3Y5qjPi0200MLilhzPXUgxzGjQzUMaNcmjdZA6anyrngvkdub33NZzZhd51fpCAEzNHFhko5aKRFP5fS1w_lKwYrzcNLupv27.png?ccb=10-5&oh=00_AT9C82irDy7Sn8cI_UEelmRC1FY5K5jw2pfWXlZ8QaKL1g&oe=62246CF9&_nc_sid=55e238",
                    "comment_reactors": [],
                    "comment_reactions": null,
                    "comment_reaction_count": null
                },
                {
                    "comment_id": "10159579264188904",
                    "comment_url": "https://facebook.com/10159579264188904",
                    "commenter_id": "552676821",
                    "commenter_url": "https://facebook.com/margo.harding?fref=nf&rc=p",
                    "commenter_name": "Margo Harding",
                    "commenter_meta": null,
                    "comment_text": "Taylan Knowles do are you saying these actions that are stated to be illegal did not happen.",
                    "comment_time": "2022-02-23 00:00:00",
                    "comment_image": null,
                    "comment_reactors": [],
                    "comment_reactions": null,
                    "comment_reaction_count": null
                },
                {
                    "comment_id": "10159579462133904",
                    "comment_url": "https://facebook.com/10159579462133904",
                    "commenter_id": "761333966",
                    "commenter_url": "https://facebook.com/maryflemingfaulkner?fref=nf&rc=p",
                    "commenter_name": "Mary Fleming Faulkner",
                    "commenter_meta": null,
                    "comment_text": "Frieda Anne Mayer globe and mail is all liberal",
                    "comment_time": "2022-02-23 00:00:00",
                    "comment_image": null,
                    "comment_reactors": [],
                    "comment_reactions": null,
                    "comment_reaction_count": null
                },
                {
                    "comment_id": "10159579654733904",
                    "comment_url": "https://facebook.com/10159579654733904",
                    "commenter_id": "100000545404259",
                    "commenter_url": "https://facebook.com/matthew.harper.583?fref=nf&rc=p",
                    "commenter_name": "Matthew Harper",
                    "commenter_meta": null,
                    "comment_text": "Frieda Anne Mayer true it was deemed unlawful by the court after they refused to follow conditions of a protest and allowed it to become an occupation.",
                    "comment_time": "2022-02-23 00:00:00",
                    "comment_image": null,
                    "comment_reactors": [],
                    "comment_reactions": null,
                    "comment_reaction_count": null
                }
            ]
        },
        {
            "comment_id": "10159578738908904",
            "comment_url": "https://facebook.com/10159578738908904",
            "commenter_id": "100065424798351",
            "commenter_url": "https://facebook.com/profile.php?id=100065424798351&fref=nf&rc=p&refid=52",
            "commenter_name": "Mike Crowbear",
            "commenter_meta": null,
            "comment_text": "They'll say they;re concerned and looking into it and it will be quietly buried as it should be. the only people that care about this are wet wipes and moist towelettes and they will eventually dry out or soil themselves over some new perceived outrage.",
            "comment_time": "2022-02-23 23:21:42",
            "comment_image": null,
            "comment_reactors": [],
            "comment_reactions": null,
            "comment_reaction_count": null,
            "replies": [
                {
                    "comment_id": "10159579040788904",
                    "comment_url": "https://facebook.com/10159579040788904",
                    "commenter_id": "536947196",
                    "commenter_url": "https://facebook.com/brenda.lang.94?fref=nf&rc=p",
                    "commenter_name": "Brenda Lang",
                    "commenter_meta": null,
                    "comment_text": "Mike J. Rowbear Your characterizatio\nn of those who disagree with you shows you to have a mean, vulgar, nasty streak. I'm sure your mom would be proud.",
                    "comment_time": "2022-02-23 23:21:47",
                    "comment_image": null,
                    "comment_reactors": [],
                    "comment_reactions": null,
                    "comment_reaction_count": null
                }
            ]
        },
        {
            "comment_id": "10159582044758904",
            "comment_url": "https://facebook.com/10159582044758904",
            "commenter_id": "1063300379",
            "commenter_url": "https://facebook.com/lida.currie.7?fref=nf&rc=p&refid=52",
            "commenter_name": "Lida Currie",
            "commenter_meta": null,
            "comment_text": "I thought Police Officer take a oath. They are suppose to protect the public, not promote anarchy.",
            "comment_time": "2022-02-25 00:00:00",
            "comment_image": null,
            "comment_reactors": [],
            "comment_reactions": null,
            "comment_reaction_count": null,
            "replies": []
        },
        {
            "comment_id": "10159579047363904",
            "comment_url": "https://facebook.com/10159579047363904",
            "commenter_id": "100037515830462",
            "commenter_url": "https://facebook.com/peter.mcgregor.75685?fref=nf&rc=p&refid=52",
            "commenter_name": "Peter McGregor",
            "commenter_meta": null,
            "comment_text": "And they are Canadian's as well as cops.",
            "comment_time": "2022-02-23 23:21:42",
            "comment_image": null,
            "comment_reactors": [],
            "comment_reactions": null,
            "comment_reaction_count": null,
            "replies": []
        },
        {
            "comment_id": "10159578739918904",
            "comment_url": "https://facebook.com/10159578739918904",
            "commenter_id": "502030115",
            "commenter_url": "https://facebook.com/shelshuff?fref=nf&rc=p&refid=52",
            "commenter_name": "Shels Shels",
            "commenter_meta": null,
            "comment_text": "Again, using information illegally obtained to punish\u2026",
            "comment_time": "2022-02-23 23:21:42",
            "comment_image": null,
            "comment_reactors": [],
            "comment_reactions": null,
            "comment_reaction_count": null,
            "replies": [
                {
                    "comment_id": "10159578773858904",
                    "comment_url": "https://facebook.com/10159578773858904",
                    "commenter_id": "1047909464",
                    "commenter_url": "https://facebook.com/john.currie1?fref=nf&rc=p",
                    "commenter_name": "John Currie",
                    "commenter_meta": null,
                    "comment_text": "Shels Shels Proof!",
                    "comment_time": "2022-02-23 23:21:48",
                    "comment_image": "https://scontent.xx.fbcdn.net/m1/v/t6/An_F9bJG7govfshSMBkvcRLcxT0jmiXVYKtr7lgH5AHgUrjjpZ1OD0xyxXYgf7arc0lWgCdrR_KN4Mg7RSN3Gm3W6Gg03N1tQ-ZXzVvFJ_KvvB4.png?ccb=10-5&oh=00_AT8ScZKrgCPhmfSgYBZgvnQHv14vvPQpgzOW8DDMFGGodg&oe=62243F67&_nc_sid=55e238",
                    "comment_reactors": [],
                    "comment_reactions": null,
                    "comment_reaction_count": null
                },
                {
                    "comment_id": "10159579005608904",
                    "comment_url": "https://facebook.com/10159579005608904",
                    "commenter_id": "100013390039025",
                    "commenter_url": "https://facebook.com/profile.php?id=100013390039025&fref=nf&rc=p",
                    "commenter_name": "Dawn Miles",
                    "commenter_meta": null,
                    "comment_text": "Shels Shels How was the information obtained illegally?",
                    "comment_time": "2022-02-23 23:21:48",
                    "comment_image": "https://scontent.xx.fbcdn.net/m1/v/t6/An_UvxJXg9tdnLU3Y5qjPi0200MLilhzPXUgxzGjQzUMaNcmjdZA6anyrngvkdub33NZzZhd51fpCAEzNHFhko5aKRFP5fS1w_lKwYrzcNLupv27.png?ccb=10-5&oh=00_AT9C82irDy7Sn8cI_UEelmRC1FY5K5jw2pfWXlZ8QaKL1g&oe=62246CF9&_nc_sid=55e238",
                    "comment_reactors": [],
                    "comment_reactions": null,
                    "comment_reaction_count": null
                }
            ]
        },
        {
            "comment_id": "10159578864643904",
            "comment_url": "https://facebook.com/10159578864643904",
            "commenter_id": "697485114",
            "commenter_url": "https://facebook.com/parmp?fref=nf&rc=p&refid=52",
            "commenter_name": "Parm Parmar",
            "commenter_meta": "Top fan",
            "comment_text": "How can one trust a cop who supports this illegal mob. Not very reassuring.",
            "comment_time": "2022-02-23 23:21:42",
            "comment_image": null,
            "comment_reactors": [],
            "comment_reactions": null,
            "comment_reaction_count": null,
            "replies": [
                {
                    "comment_id": "10159578917593904",
                    "comment_url": "https://facebook.com/10159578917593904",
                    "commenter_id": "100000542160212",
                    "commenter_url": "https://facebook.com/dapperndarlene.brooks?fref=nf&rc=p",
                    "commenter_name": "Darlene Brooks",
                    "commenter_meta": null,
                    "comment_text": "Parm Parmar it's not illegal ..do some research",
                    "comment_time": "2022-02-23 23:21:49",
                    "comment_image": "https://scontent.xx.fbcdn.net/m1/v/t6/An_UvxJXg9tdnLU3Y5qjPi0200MLilhzPXUgxzGjQzUMaNcmjdZA6anyrngvkdub33NZzZhd51fpCAEzNHFhko5aKRFP5fS1w_lKwYrzcNLupv27.png?ccb=10-5&oh=00_AT9C82irDy7Sn8cI_UEelmRC1FY5K5jw2pfWXlZ8QaKL1g&oe=62246CF9&_nc_sid=55e238",
                    "comment_reactors": [],
                    "comment_reactions": null,
                    "comment_reaction_count": null
                },
                {
                    "comment_id": "10159578923553904",
                    "comment_url": "https://facebook.com/10159578923553904",
                    "commenter_id": "697485114",
                    "commenter_url": "https://facebook.com/parmp?fref=nf&rc=p",
                    "commenter_name": "Parm Parmar",
                    "commenter_meta": "Top fan",
                    "comment_text": "Darlene Brooks you too.",
                    "comment_time": "2022-02-23 23:21:49",
                    "comment_image": "https://static.xx.fbcdn.net/rsrc.php/v3/y7/r/4bRBCBmu1Q9.png",
                    "comment_reactors": [],
                    "comment_reactions": null,
                    "comment_reaction_count": null
                },
                {
                    "comment_id": "10159578961193904",
                    "comment_url": "https://facebook.com/10159578961193904",
                    "commenter_id": "599066781",
                    "commenter_url": "https://facebook.com/edmond.engelbrecht?fref=nf&rc=p",
                    "commenter_name": "Edmond Engelbrecht",
                    "commenter_meta": null,
                    "comment_text": "Darlene Brooks let\u2019s do that..\nDid you manage to get this far???\n\nhttps://\nwww.justice.gc.c\na/eng/csj-sjc/\nrfc-dlc/\nccrf-ccdl/check/\nart2c.html\n\n\u201cSection 2(c) guarantees the right to peaceful assembly; it does not protect riots and gatherings that seriously disturb the peace: R. v. Lecompte, [2000] J.Q. No. 2452 (Que. C.A.). It has been stated that the right to freedom of assembly, along with freedom of expression, does not include the right to physically impede or blockade lawful activities: Guelph (City) v. Soltys, [2009] O.J. No. 3369 (Ont. Sup. Ct. Jus), at paragraph 26.\u201d",
                    "comment_time": "2022-02-23 23:21:49",
                    "comment_image": "https://www.justice.gc.ca/eng/csj-sjc/rfc-dlc/ccrf-ccdl/check/art2c.html?fbclid=IwAR2II8UghAQLdEvjPdsYPNQ2nzD4kFHVg_xdqJ7sWKDiyChh-xxOve0wxII",
                    "comment_reactors": [],
                    "comment_reactions": null,
                    "comment_reaction_count": null
                },
                {
                    "comment_id": "10159578961873904",
                    "comment_url": "https://facebook.com/10159578961873904",
                    "commenter_id": "599066781",
                    "commenter_url": "https://facebook.com/edmond.engelbrecht?fref=nf&rc=p",
                    "commenter_name": "Edmond Engelbrecht",
                    "commenter_meta": null,
                    "comment_text": "Parm Parmar I just helped her if she doesn\u2019t respond we know why eh??",
                    "comment_time": "2022-02-23 23:21:49",
                    "comment_image": "https://scontent.xx.fbcdn.net/m1/v/t6/An_UvxJXg9tdnLU3Y5qjPi0200MLilhzPXUgxzGjQzUMaNcmjdZA6anyrngvkdub33NZzZhd51fpCAEzNHFhko5aKRFP5fS1w_lKwYrzcNLupv27.png?ccb=10-5&oh=00_AT9C82irDy7Sn8cI_UEelmRC1FY5K5jw2pfWXlZ8QaKL1g&oe=62246CF9&_nc_sid=55e238",
                    "comment_reactors": [],
                    "comment_reactions": null,
                    "comment_reaction_count": null
                },
                {
                    "comment_id": "10159579656043904",
                    "comment_url": "https://facebook.com/10159579656043904",
                    "commenter_id": "100000545404259",
                    "commenter_url": "https://facebook.com/matthew.harper.583?fref=nf&rc=p",
                    "commenter_name": "Matthew Harper",
                    "commenter_meta": null,
                    "comment_text": "Darlene Brooks the occupation was illegal and was moved on.",
                    "comment_time": "2022-02-23 00:00:00",
                    "comment_image": null,
                    "comment_reactors": [],
                    "comment_reactions": null,
                    "comment_reaction_count": null
                }
            ]
        },
        {
            "comment_id": "10159578845633904",
            "comment_url": "https://facebook.com/10159578845633904",
            "commenter_id": "100007584516282",
            "commenter_url": "https://facebook.com/tim.cameron.3114?fref=nf&rc=p&refid=52",
            "commenter_name": "Tim Cameron",
            "commenter_meta": null,
            "comment_text": "I thank them for doing it considering the erratic and irrational moves of governments in the past year, this was very brave.",
            "comment_time": "2022-02-23 23:21:42",
            "comment_image": null,
            "comment_reactors": [],
            "comment_reactions": null,
            "comment_reaction_count": null,
            "replies": []
        },
        {
            "comment_id": "10159578887668904",
            "comment_url": "https://facebook.com/10159578887668904",
            "commenter_id": "706995122",
            "commenter_url": "https://facebook.com/brandon.bartlett.902?fref=nf&rc=p&refid=52",
            "commenter_name": "Brandon Bartlett",
            "commenter_meta": null,
            "comment_text": "We have a right to protest in this country and have the O.P.P. already forgotten that the escorted the protesters to the protest location.",
            "comment_time": "2022-02-23 23:21:42",
            "comment_image": null,
            "comment_reactors": [],
            "comment_reactions": null,
            "comment_reaction_count": null,
            "replies": [
                {
                    "comment_id": "10159578962888904",
                    "comment_url": "https://facebook.com/10159578962888904",
                    "commenter_id": "599066781",
                    "commenter_url": "https://facebook.com/edmond.engelbrecht?fref=nf&rc=p",
                    "commenter_name": "Edmond Engelbrecht",
                    "commenter_meta": null,
                    "comment_text": "Brandon Bartlett\n\nhttps://\nwww.justice.gc.c\na/eng/csj-sjc/\nrfc-dlc/\nccrf-ccdl/check/\nart2c.html\n\n\u201cSection 2(c) guarantees the right to peaceful assembly; it does not protect riots and gatherings that seriously disturb the peace: R. v. Lecompte, [2000] J.Q. No. 2452 (Que. C.A.). It has been stated that the right to freedom of assembly, along with freedom of expression, does not include the right to physically impede or blockade lawful activities: Guelph (City) v. Soltys, [2009] O.J. No. 3369 (Ont. Sup. Ct. Jus), at paragraph 26.\u201d",
                    "comment_time": "2022-02-23 23:21:50",
                    "comment_image": "https://www.justice.gc.ca/eng/csj-sjc/rfc-dlc/ccrf-ccdl/check/art2c.html?fbclid=IwAR0wHpg3fpLp-4ktTq7lqgFjJGAdngzQ7hsA9ld92C_lPfJGV7vFVwsYftI",
                    "comment_reactors": [],
                    "comment_reactions": null,
                    "comment_reaction_count": null
                }
            ]
        },
        {
            "comment_id": "10159578800433904",
            "comment_url": "https://facebook.com/10159578800433904",
            "commenter_id": "100008057596800",
            "commenter_url": "https://facebook.com/profile.php?id=100008057596800&fref=nf&rc=p&refid=52",
            "commenter_name": "Karl Murray",
            "commenter_meta": null,
            "comment_text": "was only the good, honest ones that serve their oath.",
            "comment_time": "2022-02-23 23:21:42",
            "comment_image": null,
            "comment_reactors": [],
            "comment_reactions": null,
            "comment_reaction_count": null,
            "replies": []
        },
        {
            "comment_id": "10159579997468904",
            "comment_url": "https://facebook.com/10159579997468904",
            "commenter_id": "100000739302837",
            "commenter_url": "https://facebook.com/profile.php?id=100000739302837&fref=nf&rc=p&refid=52",
            "commenter_name": "Dana Frum",
            "commenter_meta": null,
            "comment_text": "Why? Just to realized one more time one of these 3\n1) how many sympathized, considering was enough oppression in Canada \ud83c\udde8\ud83c\udde6 to start protesting\n2) not only suspend them with no pay and force them to vaccinate, but now under a communist system and dictatorship principals remove or suction them ?\n3) Replace them with citizens or newcomers that at any time will come and run over Canadians that dare to ask for their right ?",
            "comment_time": "2022-02-24 00:00:00",
            "comment_image": null,
            "comment_reactors": [],
            "comment_reactions": null,
            "comment_reaction_count": null,
            "replies": []
        },
        {
            "comment_id": "10159579346143904",
            "comment_url": "https://facebook.com/10159579346143904",
            "commenter_id": "588720642",
            "commenter_url": "https://facebook.com/derek.s.cunningham?fref=nf&rc=p&refid=52",
            "commenter_name": "Derek Steven Cunningham",
            "commenter_meta": null,
            "comment_text": "Regardless of your employment, you are a voting citizen and taxpayer first!!!",
            "comment_time": "2022-02-23 00:00:00",
            "comment_image": null,
            "comment_reactors": [],
            "comment_reactions": null,
            "comment_reaction_count": null,
            "replies": []
        },
        {
            "comment_id": "10159579118758904",
            "comment_url": "https://facebook.com/10159579118758904",
            "commenter_id": "100000505762427",
            "commenter_url": "https://facebook.com/brooks.matthews.3?fref=nf&rc=p&refid=52",
            "commenter_name": "Brooks Matthews",
            "commenter_meta": null,
            "comment_text": "Maybe there were police that believed in freedom compared to some of their compatriots who are just looking for power trips.",
            "comment_time": "2022-02-23 23:21:42",
            "comment_image": null,
            "comment_reactors": [],
            "comment_reactions": null,
            "comment_reaction_count": null,
            "replies": []
        },
        {
            "comment_id": "10159578765173904",
            "comment_url": "https://facebook.com/10159578765173904",
            "commenter_id": "598531521",
            "commenter_url": "https://facebook.com/BenoitBrian?fref=nf&rc=p&refid=52",
            "commenter_name": "Brian Benoit",
            "commenter_meta": null,
            "comment_text": "What's with this unlawful protest talk? Unbelievable how the press twists things and are allowed to upset Canadians with such flagrant lies.",
            "comment_time": "2022-02-23 23:21:42",
            "comment_image": null,
            "comment_reactors": [],
            "comment_reactions": null,
            "comment_reaction_count": null,
            "replies": [
                {
                    "comment_id": "10159578772083904",
                    "comment_url": "https://facebook.com/10159578772083904",
                    "commenter_id": "761525601",
                    "commenter_url": "https://facebook.com/lynda.corkum.9?fref=nf&rc=p",
                    "commenter_name": "Lynda Jean",
                    "commenter_meta": null,
                    "comment_text": "Brian Benoit do you prefer \u201cillegal occupation\u201d or \u201cblockade\u201d?",
                    "comment_time": "2022-02-23 23:21:50",
                    "comment_image": "https://scontent.xx.fbcdn.net/m1/v/t6/An_UvxJXg9tdnLU3Y5qjPi0200MLilhzPXUgxzGjQzUMaNcmjdZA6anyrngvkdub33NZzZhd51fpCAEzNHFhko5aKRFP5fS1w_lKwYrzcNLupv27.png?ccb=10-5&oh=00_AT9C82irDy7Sn8cI_UEelmRC1FY5K5jw2pfWXlZ8QaKL1g&oe=62246CF9&_nc_sid=55e238",
                    "comment_reactors": [],
                    "comment_reactions": null,
                    "comment_reaction_count": null
                },
                {
                    "comment_id": "10159578826543904",
                    "comment_url": "https://facebook.com/10159578826543904",
                    "commenter_id": "598531521",
                    "commenter_url": "https://facebook.com/BenoitBrian?fref=nf&rc=p",
                    "commenter_name": "Brian Benoit",
                    "commenter_meta": null,
                    "comment_text": "Lynda Jean This was a Freedom Rally. I can't believe there are Canadians against freedom. The only illegal acts were the violence from Trudeaus hired thugs. And disruption by a few at the Ambassador Bridge was quickly and peacefully dispersed. I suppose you're getting your news from CBC.",
                    "comment_time": "2022-02-23 23:21:50",
                    "comment_image": "https://scontent.xx.fbcdn.net/m1/v/t6/An_UvxJXg9tdnLU3Y5qjPi0200MLilhzPXUgxzGjQzUMaNcmjdZA6anyrngvkdub33NZzZhd51fpCAEzNHFhko5aKRFP5fS1w_lKwYrzcNLupv27.png?ccb=10-5&oh=00_AT9C82irDy7Sn8cI_UEelmRC1FY5K5jw2pfWXlZ8QaKL1g&oe=62246CF9&_nc_sid=55e238",
                    "comment_reactors": [],
                    "comment_reactions": null,
                    "comment_reaction_count": null
                },
                {
                    "comment_id": "10159578963348904",
                    "comment_url": "https://facebook.com/10159578963348904",
                    "commenter_id": "599066781",
                    "commenter_url": "https://facebook.com/edmond.engelbrecht?fref=nf&rc=p",
                    "commenter_name": "Edmond Engelbrecht",
                    "commenter_meta": null,
                    "comment_text": "Brian Benoit they just made the effort to \u201cdo the research\u201d??\n\nhttps://\nwww.justice.gc.c\na/eng/csj-sjc/\nrfc-dlc/\nccrf-ccdl/check/\nart2c.html\n\n\u201cSection 2(c) guarantees the right to peaceful assembly; it does not protect riots and gatherings that seriously disturb the peace: R. v. Lecompte, [2000] J.Q. No. 2452 (Que. C.A.). It has been stated that the right to freedom of assembly, along with freedom of expression, does not include the right to physically impede or blockade lawful activities: Guelph (City) v. Soltys, [2009] O.J. No. 3369 (Ont. Sup. Ct. Jus), at paragraph 26.\u201d",
                    "comment_time": "2022-02-23 23:21:50",
                    "comment_image": "https://www.justice.gc.ca/eng/csj-sjc/rfc-dlc/ccrf-ccdl/check/art2c.html?fbclid=IwAR3kmDVTUZ9Pzwpp0iqcbRa9hAmeQ_vr0kjM3oXVlMol7nR5KUlolHioq_c",
                    "comment_reactors": [],
                    "comment_reactions": null,
                    "comment_reaction_count": null
                }
            ]
        },
        {
            "comment_id": "10159578729603904",
            "comment_url": "https://facebook.com/10159578729603904",
            "commenter_id": "100003106053968",
            "commenter_url": "https://facebook.com/profile.php?id=100003106053968&fref=nf&rc=p&refid=52",
            "commenter_name": "Michael Quinn",
            "commenter_meta": null,
            "comment_text": "Gee\u2026\u2026I wonder why the government decided to start unfreezing accounts. My guess is because far more donated than they\u2019re willing to admit\u2026.",
            "comment_time": "2022-02-23 23:21:42",
            "comment_image": null,
            "comment_reactors": [],
            "comment_reactions": null,
            "comment_reaction_count": null,
            "replies": [
                {
                    "comment_id": "10159578762238904",
                    "comment_url": "https://facebook.com/10159578762238904",
                    "commenter_id": "1367862635",
                    "commenter_url": "https://facebook.com/terri.vallance.31?fref=nf&rc=p",
                    "commenter_name": "Terri Vallance",
                    "commenter_meta": null,
                    "comment_text": "Michael Quinn they were only supposed to be frozen for a short while- they were frozen, not seized",
                    "comment_time": "2022-02-23 23:21:51",
                    "comment_image": "https://scontent.xx.fbcdn.net/m1/v/t6/An_UvxJXg9tdnLU3Y5qjPi0200MLilhzPXUgxzGjQzUMaNcmjdZA6anyrngvkdub33NZzZhd51fpCAEzNHFhko5aKRFP5fS1w_lKwYrzcNLupv27.png?ccb=10-5&oh=00_AT9C82irDy7Sn8cI_UEelmRC1FY5K5jw2pfWXlZ8QaKL1g&oe=62246CF9&_nc_sid=55e238",
                    "comment_reactors": [],
                    "comment_reactions": null,
                    "comment_reaction_count": null
                },
                {
                    "comment_id": "10159578765008904",
                    "comment_url": "https://facebook.com/10159578765008904",
                    "commenter_id": "100003106053968",
                    "commenter_url": "https://facebook.com/profile.php?id=100003106053968&fref=nf&rc=p",
                    "commenter_name": "Michael Quinn",
                    "commenter_meta": null,
                    "comment_text": "Terri Vallance\nGiven that Tamara was denied bail I hardly think that was the plan\u2026.I\u2019d bet folding money the reason she was denied bail is because there is ability for her to pay it. Despite what she said. This is chess not checkers\u2026..",
                    "comment_time": "2022-02-23 23:21:51",
                    "comment_image": "https://scontent.xx.fbcdn.net/m1/v/t6/An_UvxJXg9tdnLU3Y5qjPi0200MLilhzPXUgxzGjQzUMaNcmjdZA6anyrngvkdub33NZzZhd51fpCAEzNHFhko5aKRFP5fS1w_lKwYrzcNLupv27.png?ccb=10-5&oh=00_AT9C82irDy7Sn8cI_UEelmRC1FY5K5jw2pfWXlZ8QaKL1g&oe=62246CF9&_nc_sid=55e238",
                    "comment_reactors": [],
                    "comment_reactions": null,
                    "comment_reaction_count": null
                }
            ]
        },
        {
            "comment_id": "10159578983013904",
            "comment_url": "https://facebook.com/10159578983013904",
            "commenter_id": "100000790268021",
            "commenter_url": "https://facebook.com/dillon.brunet.3?fref=nf&rc=p&refid=52",
            "commenter_name": "Dillon Brunet",
            "commenter_meta": null,
            "comment_text": "So did they freeze their bank accounts too?",
            "comment_time": "2022-02-23 23:21:42",
            "comment_image": null,
            "comment_reactors": [],
            "comment_reactions": null,
            "comment_reaction_count": null,
            "replies": [
                {
                    "comment_id": "10159579445543904",
                    "comment_url": "https://facebook.com/10159579445543904",
                    "commenter_id": "1389573146",
                    "commenter_url": "https://facebook.com/matt.laprise?fref=nf&rc=p",
                    "commenter_name": "Matt Laprise",
                    "commenter_meta": null,
                    "comment_text": "Dillon Brunet this is the real question",
                    "comment_time": "2022-02-23 00:00:00",
                    "comment_image": null,
                    "comment_reactors": [],
                    "comment_reactions": null,
                    "comment_reaction_count": null
                }
            ]
        },
        {
            "comment_id": "10159578722238904",
            "comment_url": "https://facebook.com/10159578722238904",
            "commenter_id": "516291746",
            "commenter_url": "https://facebook.com/lori.mitchell.98?fref=nf&rc=p&refid=52",
            "commenter_name": "Lori Jean",
            "commenter_meta": null,
            "comment_text": "Ask everyone of them why and publish that.",
            "comment_time": "2022-02-23 23:21:42",
            "comment_image": null,
            "comment_reactors": [],
            "comment_reactions": null,
            "comment_reaction_count": null,
            "replies": []
        },
        {
            "comment_id": "10159578848713904",
            "comment_url": "https://facebook.com/10159578848713904",
            "commenter_id": "100000216182955",
            "commenter_url": "https://facebook.com/mae.hibbs?fref=nf&rc=p&refid=52",
            "commenter_name": "Mae Hibbs",
            "commenter_meta": null,
            "comment_text": "Trudeau will throw the good ones under the bus. And reward his followers.",
            "comment_time": "2022-02-23 23:21:42",
            "comment_image": null,
            "comment_reactors": [],
            "comment_reactions": null,
            "comment_reaction_count": null,
            "replies": [
                {
                    "comment_id": "10159580001888904",
                    "comment_url": "https://facebook.com/10159580001888904",
                    "commenter_id": "100000739302837",
                    "commenter_url": "https://facebook.com/profile.php?id=100000739302837&fref=nf&rc=p",
                    "commenter_name": "Dana Frum",
                    "commenter_meta": null,
                    "comment_text": "Mae Hibbs let\u2019s hope Trudeau days are numbered It is just about the time few to go In his way out take Freeland and Marco etc",
                    "comment_time": "2022-02-24 00:00:00",
                    "comment_image": null,
                    "comment_reactors": [],
                    "comment_reactions": null,
                    "comment_reaction_count": null
                }
            ]
        },
        {
            "comment_id": "10159580050748904",
            "comment_url": "https://facebook.com/10159580050748904",
            "commenter_id": "28123425",
            "commenter_url": "https://facebook.com/dinasavana?fref=nf&rc=p&refid=52",
            "commenter_name": "Dina Petrov",
            "commenter_meta": null,
            "comment_text": "I thought that the whole point of go fund me was to be able to support a cause of choice, but it seems that that's not the case?",
            "comment_time": "2022-02-24 00:00:00",
            "comment_image": null,
            "comment_reactors": [],
            "comment_reactions": null,
            "comment_reaction_count": null,
            "replies": []
        },
        {
            "comment_id": "10159578878988904",
            "comment_url": "https://facebook.com/10159578878988904",
            "commenter_id": "100000654123536",
            "commenter_url": "https://facebook.com/lauren.blatt.9?fref=nf&rc=p&refid=52",
            "commenter_name": "Lauren Blatt",
            "commenter_meta": null,
            "comment_text": "That is frightening .",
            "comment_time": "2022-02-23 23:21:42",
            "comment_image": null,
            "comment_reactors": [],
            "comment_reactions": null,
            "comment_reaction_count": null,
            "replies": []
        },
        {
            "comment_id": "10159578939853904",
            "comment_url": "https://facebook.com/10159578939853904",
            "commenter_id": "100006707889858",
            "commenter_url": "https://facebook.com/chrystal.penney.5?fref=nf&rc=p&refid=52",
            "commenter_name": "Chrystal Penney",
            "commenter_meta": null,
            "comment_text": "Shame on police and Ottawa for such a dirty trick shame shame .\ud83d\ude25\ud83d\ude25\ud83d\ude25\ud83d\ude25\ud83d\ude9a\ud83d\ude9a\ud83d\ude9a\ud83d\ude9a\ud83d\ude9a\ud83d\ude9a\ud83d\ude9a\ud83d\ude9a",
            "comment_time": "2022-02-23 23:21:42",
            "comment_image": null,
            "comment_reactors": [],
            "comment_reactions": null,
            "comment_reaction_count": null,
            "replies": []
        },
        {
            "comment_id": "10159579238368904",
            "comment_url": "https://facebook.com/10159579238368904",
            "commenter_id": "548679114",
            "commenter_url": "https://facebook.com/kelly.pledge?fref=nf&rc=p&refid=52",
            "commenter_name": "Kelly J. Pledge",
            "commenter_meta": null,
            "comment_text": "You can bet their accounts do not get froze.",
            "comment_time": "2022-02-23 00:00:00",
            "comment_image": null,
            "comment_reactors": [],
            "comment_reactions": null,
            "comment_reaction_count": null,
            "replies": []
        },
        {
            "comment_id": "10159578921393904",
            "comment_url": "https://facebook.com/10159578921393904",
            "commenter_id": "685137000",
            "commenter_url": "https://facebook.com/tyler.popp2?fref=nf&rc=p&refid=52",
            "commenter_name": "Tyler Popp",
            "commenter_meta": null,
            "comment_text": "No protest is unlawful if it is peaceful. It is counter to democracy to label it as such. If it does not incite violence or advocate violence or hate it is not unlawful, cannot be unlawful. To label it as unlawful is a crime against humanity, against democracy, a violation of human rights. It is authoritarian and should be treated with disdain.",
            "comment_time": "2022-02-23 23:21:42",
            "comment_image": null,
            "comment_reactors": [],
            "comment_reactions": null,
            "comment_reaction_count": null,
            "replies": [
                {
                    "comment_id": "10159578964583904",
                    "comment_url": "https://facebook.com/10159578964583904",
                    "commenter_id": "599066781",
                    "commenter_url": "https://facebook.com/edmond.engelbrecht?fref=nf&rc=p",
                    "commenter_name": "Edmond Engelbrecht",
                    "commenter_meta": null,
                    "comment_text": "Tyler Popp\n\nNo it\u2019s pretty simple had you out a little effort rather than guessing.. I\u2019ll help you do you are not wrong next time you post..\n\nhttps://\nwww.justice.gc.c\na/eng/csj-sjc/\nrfc-dlc/\nccrf-ccdl/check/\nart2c.html\n\n\u201cSection 2(c) guarantees the right to peaceful assembly; it does not protect riots and gatherings that seriously disturb the peace: R. v. Lecompte, [2000] J.Q. No. 2452 (Que. C.A.). It has been stated that the right to freedom of assembly, along with freedom of expression, does not include the right to physically impede or blockade lawful activities: Guelph (City) v. Soltys, [2009] O.J. No. 3369 (Ont. Sup. Ct. Jus), at paragraph 26.\u201d",
                    "comment_time": "2022-02-23 23:21:54",
                    "comment_image": "https://www.justice.gc.ca/eng/csj-sjc/rfc-dlc/ccrf-ccdl/check/art2c.html?fbclid=IwAR1CFoDBecnhTzxLy4ZAXMyyupFaVjwGQ-wD7fSarDwa1zFQyyVG5mcOTUw",
                    "comment_reactors": [],
                    "comment_reactions": null,
                    "comment_reaction_count": null
                },
                {
                    "comment_id": "10159578967458904",
                    "comment_url": "https://facebook.com/10159578967458904",
                    "commenter_id": "685137000",
                    "commenter_url": "https://facebook.com/tyler.popp2?fref=nf&rc=p",
                    "commenter_name": "Tyler Popp",
                    "commenter_meta": null,
                    "comment_text": "Edmond Engelbrecht",
                    "comment_time": "2022-02-23 23:21:54",
                    "comment_image": "https://media1.tenor.co/images/f51ad3403814f21a98996190f0d70376/tenor.gif?ver=1112&c=VjFfZmFjZWJvb2tfd2ViY29tbWVudHM&itemid=11386417&fbclid=IwAR1wqw73qyRf6uBzuJ6qYx9oAPy2l-9vjNUnyW93anMJRe8qdawB_Fq1Lww",
                    "comment_reactors": [],
                    "comment_reactions": null,
                    "comment_reaction_count": null
                },
                {
                    "comment_id": "10159578970913904",
                    "comment_url": "https://facebook.com/10159578970913904",
                    "commenter_id": "599066781",
                    "commenter_url": "https://facebook.com/edmond.engelbrecht?fref=nf&rc=p",
                    "commenter_name": "Edmond Engelbrecht",
                    "commenter_meta": null,
                    "comment_text": "Tyler Popp my comments directly relate to yours. Had the truckers left the trucks and just piled onto a public lawn they would not be being removed like they were ..",
                    "comment_time": "2022-02-23 23:21:54",
                    "comment_image": "https://scontent.xx.fbcdn.net/m1/v/t6/An_F9bJG7govfshSMBkvcRLcxT0jmiXVYKtr7lgH5AHgUrjjpZ1OD0xyxXYgf7arc0lWgCdrR_KN4Mg7RSN3Gm3W6Gg03N1tQ-ZXzVvFJ_KvvB4.png?ccb=10-5&oh=00_AT8ScZKrgCPhmfSgYBZgvnQHv14vvPQpgzOW8DDMFGGodg&oe=62243F67&_nc_sid=55e238",
                    "comment_reactors": [],
                    "comment_reactions": null,
                    "comment_reaction_count": null
                },
                {
                    "comment_id": "10159579045283904",
                    "comment_url": "https://facebook.com/10159579045283904",
                    "commenter_id": "536947196",
                    "commenter_url": "https://facebook.com/brenda.lang.94?fref=nf&rc=p",
                    "commenter_name": "Brenda Lang",
                    "commenter_meta": null,
                    "comment_text": "Tyler Popp A crime against humanity? Exaggerate much??",
                    "comment_time": "2022-02-23 23:21:54",
                    "comment_image": "https://scontent.xx.fbcdn.net/m1/v/t6/An_F9bJG7govfshSMBkvcRLcxT0jmiXVYKtr7lgH5AHgUrjjpZ1OD0xyxXYgf7arc0lWgCdrR_KN4Mg7RSN3Gm3W6Gg03N1tQ-ZXzVvFJ_KvvB4.png?ccb=10-5&oh=00_AT8ScZKrgCPhmfSgYBZgvnQHv14vvPQpgzOW8DDMFGGodg&oe=62243F67&_nc_sid=55e238",
                    "comment_reactors": [],
                    "comment_reactions": null,
                    "comment_reaction_count": null
                },
                {
                    "comment_id": "10159579047463904",
                    "comment_url": "https://facebook.com/10159579047463904",
                    "commenter_id": "685137000",
                    "commenter_url": "https://facebook.com/tyler.popp2?fref=nf&rc=p",
                    "commenter_name": "Tyler Popp",
                    "commenter_meta": null,
                    "comment_text": "Brenda Lang needing to enact the Energencies Act isn't? I bet you lurved that! \"Yes please suspend the Charter every. Single. Time. I don't agree with a protest!\" Amirite?",
                    "comment_time": "2022-02-23 23:21:54",
                    "comment_image": null,
                    "comment_reactors": [],
                    "comment_reactions": null,
                    "comment_reaction_count": null
                },
                {
                    "comment_id": "10159579078113904",
                    "comment_url": "https://facebook.com/10159579078113904",
                    "commenter_id": "536947196",
                    "commenter_url": "https://facebook.com/brenda.lang.94?fref=nf&rc=p",
                    "commenter_name": "Brenda Lang",
                    "commenter_meta": null,
                    "comment_text": "Tyler Popp Perhaps you haven't heard, it has been ended.",
                    "comment_time": "2022-02-23 23:21:54",
                    "comment_image": null,
                    "comment_reactors": [],
                    "comment_reactions": null,
                    "comment_reaction_count": null
                },
                {
                    "comment_id": "10159579085098904",
                    "comment_url": "https://facebook.com/10159579085098904",
                    "commenter_id": "685137000",
                    "commenter_url": "https://facebook.com/tyler.popp2?fref=nf&rc=p",
                    "commenter_name": "Tyler Popp",
                    "commenter_meta": null,
                    "comment_text": "Brenda Lang yeah because he finally realised he looked exactly like a dictator when there was no need for the EMA to be used in the first place. However it is before the Senate. Once it passes the House, can it just be taken back?",
                    "comment_time": "2022-02-23 23:21:54",
                    "comment_image": null,
                    "comment_reactors": [],
                    "comment_reactions": null,
                    "comment_reaction_count": null
                },
                {
                    "comment_id": "10159579093918904",
                    "comment_url": "https://facebook.com/10159579093918904",
                    "commenter_id": "536947196",
                    "commenter_url": "https://facebook.com/brenda.lang.94?fref=nf&rc=p",
                    "commenter_name": "Brenda Lang",
                    "commenter_meta": null,
                    "comment_text": "Tyler Popp The measure itself was instituted by the Conservative government of the time, to replace the war measures act. It was used to facilitate the ending of the illegal occupation of Ottawa, it worked, and now it is over. It could be used again there were another emergency. It could be used by a government of any party if deemed necessary.",
                    "comment_time": "2022-02-23 23:21:54",
                    "comment_image": null,
                    "comment_reactors": [],
                    "comment_reactions": null,
                    "comment_reaction_count": null
                }
            ]
        },
        {
            "comment_id": "10159578762178904",
            "comment_url": "https://facebook.com/10159578762178904",
            "commenter_id": "502090278",
            "commenter_url": "https://facebook.com/jamie.deveau?fref=nf&rc=p&refid=52",
            "commenter_name": "Jamie Deveau",
            "commenter_meta": null,
            "comment_text": "\ud83c\udde8\ud83c\udde6\u2764\ufe0f\ud83c\udde8\ud83c\udde6",
            "comment_time": "2022-02-23 23:21:42",
            "comment_image": null,
            "comment_reactors": [],
            "comment_reactions": null,
            "comment_reaction_count": null,
            "replies": []
        },
        {
            "comment_id": "10159579062608904",
            "comment_url": "https://facebook.com/10159579062608904",
            "commenter_id": "1449917831",
            "commenter_url": "https://facebook.com/seane.madge?fref=nf&rc=p&refid=52",
            "commenter_name": "Seane Madge",
            "commenter_meta": null,
            "comment_text": "Wrong think is now a crime in Canada",
            "comment_time": "2022-02-23 23:21:42",
            "comment_image": null,
            "comment_reactors": [],
            "comment_reactions": null,
            "comment_reaction_count": null,
            "replies": []
        },
        {
            "comment_id": "10159579288203904",
            "comment_url": "https://facebook.com/10159579288203904",
            "commenter_id": "672075986",
            "commenter_url": "https://facebook.com/enrique.armenta.106?fref=nf&rc=p&refid=52",
            "commenter_name": "Enrique Armenta",
            "commenter_meta": null,
            "comment_text": "Why?, respect what each one want to do.",
            "comment_time": "2022-02-23 00:00:00",
            "comment_image": null,
            "comment_reactors": [],
            "comment_reactions": null,
            "comment_reaction_count": null,
            "replies": []
        },
        {
            "comment_id": "10159578897268904",
            "comment_url": "https://facebook.com/10159578897268904",
            "commenter_id": "1150636590",
            "commenter_url": "https://facebook.com/richard.courtemanche.5?fref=nf&rc=p&refid=52",
            "commenter_name": "Richard Courtemanche",
            "commenter_meta": null,
            "comment_text": "Police officers and soldiers and their superiors and bureaucrats have a tough moral dilemma, and so they should. When one looks at the big picture, they and their leaders must help advance the evil agenda of a pitiful communist narcissistic little man. So surreal, actions that detrimentally affect what veterans fought against through blood and tears throughout history and present families and children and future generations becoming victims of the same. The whole scene is nonsensical. The twit is insane. Wasn't he bringing terrorists in while soldiers were in Afghanistan... High Treason according to CCC 46 (1) (c), isn't it! 'It' carrying on with total impunity. Pretty sure many would like to chop off the head of the snake.\n\nThe rights, freedoms, and prosperity we've enjoyed before 2015 have been the results of the strenuous efforts of preceding generations. Countless sacrifices have been made. This was paid for in blood and tears. This legacy was given to all of us in trust. But, the world losing its mind; a sign of societal insanity and stream of ideological nonsense. The absence of shame is a problem, a serious problem. So, where are the people Canadians put in charge? Just what will you, political representatives\n, abstain from passing along to future generations? What an opportunity for lowly uninspired political puppet backbenchers to stand up for themselves!\n\n\u201cLiberty once lost is lost forever.\u201d - John Adams, 1775... When the People once surrender their share in the Legislature, and their Right of defending the Limitations upon the Government, and of resisting every Encroachment upon them, they can never regain it.",
            "comment_time": "2022-02-23 23:21:42",
            "comment_image": null,
            "comment_reactors": [],
            "comment_reactions": null,
            "comment_reaction_count": null,
            "replies": []
        },
        {
            "comment_id": "10159578888483904",
            "comment_url": "https://facebook.com/10159578888483904",
            "commenter_id": "505611407",
            "commenter_url": "https://facebook.com/stelios.agaliotis.3?fref=nf&rc=p&refid=52",
            "commenter_name": "Stelios Agaliotis",
            "commenter_meta": null,
            "comment_text": "Bless those Police Officers!",
            "comment_time": "2022-02-23 23:21:43",
            "comment_image": null,
            "comment_reactors": [],
            "comment_reactions": null,
            "comment_reaction_count": null,
            "replies": []
        },
        {
            "comment_id": "10159583227438904",
            "comment_url": "https://facebook.com/10159583227438904",
            "commenter_id": "1248628350",
            "commenter_url": "https://facebook.com/profile.php?id=1248628350&fref=nf&rc=p&refid=52",
            "commenter_name": "Gary McCaig",
            "commenter_meta": null,
            "comment_text": "Did those who donated know that some of those they supported would later commit a crime? This witch-hunt of Trudeau's is going too far.",
            "comment_time": "2022-02-25 00:00:00",
            "comment_image": null,
            "comment_reactors": [],
            "comment_reactions": null,
            "comment_reaction_count": null,
            "replies": []
        },
        {
            "comment_id": "10159578812513904",
            "comment_url": "https://facebook.com/10159578812513904",
            "commenter_id": "553711319",
            "commenter_url": "https://facebook.com/gary.desjardins.3?fref=nf&rc=p&refid=52",
            "commenter_name": "Gary Desjardins",
            "commenter_meta": null,
            "comment_text": "GOOD for them. cops of conscience.",
            "comment_time": "2022-02-23 23:21:43",
            "comment_image": null,
            "comment_reactors": [],
            "comment_reactions": null,
            "comment_reaction_count": null,
            "replies": []
        },
        {
            "comment_id": "10159578922983904",
            "comment_url": "https://facebook.com/10159578922983904",
            "commenter_id": "738409673",
            "commenter_url": "https://facebook.com/tre.lav2?fref=nf&rc=p&refid=52",
            "commenter_name": "Trevor Lavens",
            "commenter_meta": null,
            "comment_text": "Again, this is the \"find out\" phase of the performance.",
            "comment_time": "2022-02-23 23:21:43",
            "comment_image": null,
            "comment_reactors": [],
            "comment_reactions": null,
            "comment_reaction_count": null,
            "replies": []
        }
    ],
    "reactors": null,
    "w3_fb_url": null,
    "reactions": null,
    "reaction_count": null,
    "with": null,
    "page_id": "140961138903",
    "sharers": null,
    "image_id": null,
    "image_ids": [],
    "was_live": false
}