{
    "original_request_url": "10159555708523904",
    "post_url": "https://facebook.com/story.php?story_fbid=10159555708523904&id=140961138903",
    "post_id": "10159555708523904",
    "text": "Ottawa mayor says protesters show no signs of leaving, as he still does not know when demonstrations in the nation\u2019s capital will end\n\nTHEGLOBEANDMAIL.COM\nOttawa mayor says no end in sight for trucker convoy protests",
    "post_text": "Ottawa mayor says protesters show no signs of leaving, as he still does not know when demonstrations in the nation\u2019s capital will end",
    "shared_text": "THEGLOBEANDMAIL.COM\nOttawa mayor says no end in sight for trucker convoy protests",
    "original_text": null,
    "time": "2022-02-10 03:54:13",
    "timestamp": 1644465253,
    "image": "https://www.theglobeandmail.com/resizer/wwAloghCyvuwk-lgCnN2xckmt7w=/1200x800/filters:quality(80)/cloudfront-us-east-1.images.arcpublishing.com/tgam/FBAIIT55BRIIZMJMOULL5HAZU4.JPG",
    "image_lowquality": "https://external-sea1-1.xx.fbcdn.net/safe_image.php?d=AQFCCRsIsAsznCHN&w=476&h=249&url=https%3A%2F%2Fwww.theglobeandmail.com%2Fresizer%2FwwAloghCyvuwk-lgCnN2xckmt7w%3D%2F1200x800%2Ffilters%3Aquality%2880%29%2Fcloudfront-us-east-1.images.arcpublishing.com%2Ftgam%2FFBAIIT55BRIIZMJMOULL5HAZU4.JPG&cfs=1&jq=75&ext=jpg&_nc_oe=6fab9&_nc_sid=06c271&ccb=3-5&_nc_hash=AQEDFW9IAdEeXbz2",
    "images": [
        "https://www.theglobeandmail.com/resizer/wwAloghCyvuwk-lgCnN2xckmt7w=/1200x800/filters:quality(80)/cloudfront-us-east-1.images.arcpublishing.com/tgam/FBAIIT55BRIIZMJMOULL5HAZU4.JPG"
    ],
    "images_description": [],
    "images_lowquality": [
        "https://external-sea1-1.xx.fbcdn.net/safe_image.php?d=AQFCCRsIsAsznCHN&w=476&h=249&url=https%3A%2F%2Fwww.theglobeandmail.com%2Fresizer%2FwwAloghCyvuwk-lgCnN2xckmt7w%3D%2F1200x800%2Ffilters%3Aquality%2880%29%2Fcloudfront-us-east-1.images.arcpublishing.com%2Ftgam%2FFBAIIT55BRIIZMJMOULL5HAZU4.JPG&cfs=1&jq=75&ext=jpg&_nc_oe=6fab9&_nc_sid=06c271&ccb=3-5&_nc_hash=AQEDFW9IAdEeXbz2"
    ],
    "images_lowquality_description": [
        null
    ],
    "video": null,
    "video_duration_seconds": null,
    "video_height": null,
    "video_id": null,
    "video_quality": null,
    "video_size_MB": null,
    "video_thumbnail": null,
    "video_watches": null,
    "video_width": null,
    "likes": 78,
    "comments": 20,
    "shares": 0,
    "link": "http://www.theglobeandmail.com/politics/article-ottawa-mayor-says-no-end-in-sight-for-trucker-convoy-protests/?utm_campaign=sophi-pop&utm_medium=post&utm_source=facebook&fbclid=IwAR3rvpDDcLYbYLae05CVfltRuOeVXEj09Zt0g_hB6c-BNgzjezRX2_jT2QE",
    "links": [],
    "user_id": "140961138903",
    "username": "The Globe and Mail",
    "user_url": "https://facebook.com/theglobeandmail/?refid=52",
    "is_live": false,
    "factcheck": null,
    "shared_post_id": null,
    "shared_time": null,
    "shared_user_id": null,
    "shared_username": null,
    "shared_post_url": null,
    "available": true,
    "comments_full": [
        {
            "comment_id": "10159556121038904",
            "comment_url": "https://facebook.com/10159556121038904",
            "commenter_id": "500242893",
            "commenter_url": "https://facebook.com/dylan.nose?fref=nf&rc=p&refid=52",
            "commenter_name": "Dylan Nose",
            "commenter_meta": null,
            "comment_text": "We haven\u2019t had a good old fashioned uprising in a while. It\u2019s long overdue. I agree it\u2019s gone beyond mandates and it\u2019s more about government corruption and exposing the lies and how the powerful media groups portray and control the narratives. Very interesting times we live in.",
            "comment_time": "2022-02-09 21:24:43",
            "comment_image": null,
            "comment_reactors": [],
            "comment_reactions": null,
            "comment_reaction_count": null,
            "replies": [
                {
                    "comment_id": "10159556326593904",
                    "comment_url": "https://facebook.com/10159556326593904",
                    "commenter_id": "100002281224889",
                    "commenter_url": "https://facebook.com/sean.cain3?fref=nf&rc=p",
                    "commenter_name": "Sean Wojcik",
                    "commenter_meta": null,
                    "comment_text": "Dylan Nose uprising financed by Americans and republicans trying to interfere with our politics \u2026",
                    "comment_time": "2022-02-09 21:24:44",
                    "comment_image": "https://scontent.xx.fbcdn.net/m1/v/t6/An_UvxJXg9tdnLU3Y5qjPi0200MLilhzPXUgxzGjQzUMaNcmjdZA6anyrngvkdub33NZzZhd51fpCAEzNHFhko5aKRFP5fS1w_lKwYrzcNLupv27.png?ccb=10-5&oh=00_AT9C82irDy7Sn8cI_UEelmRC1FY5K5jw2pfWXlZ8QaKL1g&oe=62246CF9&_nc_sid=55e238",
                    "comment_reactors": [],
                    "comment_reactions": null,
                    "comment_reaction_count": null
                },
                {
                    "comment_id": "10159556674403904",
                    "comment_url": "https://facebook.com/10159556674403904",
                    "commenter_id": "645265135",
                    "commenter_url": "https://facebook.com/Jesse.Mi.Zi?fref=nf&rc=p",
                    "commenter_name": "Jesse Zimmerman",
                    "commenter_meta": null,
                    "comment_text": "Sean Wojcik yeah, it ain't an uprising, it's an assault on Canadian democracy.",
                    "comment_time": "2022-02-09 21:24:44",
                    "comment_image": "https://scontent.xx.fbcdn.net/m1/v/t6/An_UvxJXg9tdnLU3Y5qjPi0200MLilhzPXUgxzGjQzUMaNcmjdZA6anyrngvkdub33NZzZhd51fpCAEzNHFhko5aKRFP5fS1w_lKwYrzcNLupv27.png?ccb=10-5&oh=00_AT9C82irDy7Sn8cI_UEelmRC1FY5K5jw2pfWXlZ8QaKL1g&oe=62246CF9&_nc_sid=55e238",
                    "comment_reactors": [],
                    "comment_reactions": null,
                    "comment_reaction_count": null
                }
            ]
        },
        {
            "comment_id": "10159556931438904",
            "comment_url": "https://facebook.com/10159556931438904",
            "commenter_id": "100006826410786",
            "commenter_url": "https://facebook.com/myra.woolley.7?fref=nf&rc=p&refid=52",
            "commenter_name": "Myra Woolley",
            "commenter_meta": null,
            "comment_text": "Is trudeau truly the mad hatter, he certainly has disappeared down a rabbit hole, can he not say something, I know he can't think anything, but he is usually good at spouting out the side if his mouth, anything at all to give this seige some kind of hope to end this mayhem",
            "comment_time": "2022-02-09 21:24:43",
            "comment_image": null,
            "comment_reactors": [],
            "comment_reactions": null,
            "comment_reaction_count": null,
            "replies": []
        },
        {
            "comment_id": "10159555815938904",
            "comment_url": "https://facebook.com/10159555815938904",
            "commenter_id": "100022681599366",
            "commenter_url": "https://facebook.com/johnx.dover.54?fref=nf&rc=p&refid=52",
            "commenter_name": "Katsuaki Taketou",
            "commenter_meta": null,
            "comment_text": "Y'all don't realize this is so much bigger than what's going on in Ottawa. Many Canadian cities have joined it, and so have American cities, and so have other major cities around the free-world. It's time to take out freedom back from these dictators who present themselves as democratic leaders",
            "comment_time": "2022-02-09 21:24:43",
            "comment_image": null,
            "comment_reactors": [],
            "comment_reactions": null,
            "comment_reaction_count": null,
            "replies": [
                {
                    "comment_id": "10159556213118904",
                    "comment_url": "https://facebook.com/10159556213118904",
                    "commenter_id": "100000124593711",
                    "commenter_url": "https://facebook.com/art.stevens1?fref=nf&rc=p",
                    "commenter_name": "Art Stevens",
                    "commenter_meta": null,
                    "comment_text": "Katsuaki Taketou The true 'leaders' of the world are NOT democratic. They are the Banks!",
                    "comment_time": "2022-02-09 21:24:45",
                    "comment_image": null,
                    "comment_reactors": [],
                    "comment_reactions": null,
                    "comment_reaction_count": null
                }
            ]
        },
        {
            "comment_id": "10159555766198904",
            "comment_url": "https://facebook.com/10159555766198904",
            "commenter_id": "100060744582227",
            "commenter_url": "https://facebook.com/waar.rankie?fref=nf&rc=p&refid=52",
            "commenter_name": "Wa\u00e4r Ranki",
            "commenter_meta": null,
            "comment_text": "Demonstrations will end when mandates end..Pretty simple",
            "comment_time": "2022-02-09 21:24:43",
            "comment_image": null,
            "comment_reactors": [],
            "comment_reactions": null,
            "comment_reaction_count": null,
            "replies": [
                {
                    "comment_id": "10159555813048904",
                    "comment_url": "https://facebook.com/10159555813048904",
                    "commenter_id": "668033123",
                    "commenter_url": "https://facebook.com/bob.mack1?fref=nf&rc=p",
                    "commenter_name": "Bob Mack",
                    "commenter_meta": "Top fan",
                    "comment_text": "Wa\u00e4r Ranki I\u2019d be delighted to take a wager on that\u2026",
                    "comment_time": "2022-02-09 21:24:45",
                    "comment_image": "https://static.xx.fbcdn.net/rsrc.php/v3/y7/r/4bRBCBmu1Q9.png",
                    "comment_reactors": [],
                    "comment_reactions": null,
                    "comment_reaction_count": null
                },
                {
                    "comment_id": "10159555826888904",
                    "comment_url": "https://facebook.com/10159555826888904",
                    "commenter_id": "721989383",
                    "commenter_url": "https://facebook.com/bill.kaufmann.520?fref=nf&rc=p",
                    "commenter_name": "Bill Kaufmann",
                    "commenter_meta": null,
                    "comment_text": "Wa\u00e4r Ranki Maybe, maybe not. The mandates are part of a bigger problem, there is institutional corruption everywhere and a state financed media that does nothing but lie. the demonstrations may not end until we recoup all our freedoms or we get a change in government. Time will tell, but I think the health mandates are part of a much bigger problem that needs to be addressed, I.e. a bloated government that tells people what to do that runs massive inflationary deficits to finance its totalitarian operations.",
                    "comment_time": "2022-02-09 21:24:45",
                    "comment_image": "https://scontent.xx.fbcdn.net/m1/v/t6/An_F9bJG7govfshSMBkvcRLcxT0jmiXVYKtr7lgH5AHgUrjjpZ1OD0xyxXYgf7arc0lWgCdrR_KN4Mg7RSN3Gm3W6Gg03N1tQ-ZXzVvFJ_KvvB4.png?ccb=10-5&oh=00_AT8ScZKrgCPhmfSgYBZgvnQHv14vvPQpgzOW8DDMFGGodg&oe=62243F67&_nc_sid=55e238",
                    "comment_reactors": [],
                    "comment_reactions": null,
                    "comment_reaction_count": null
                },
                {
                    "comment_id": "10159555901993904",
                    "comment_url": "https://facebook.com/10159555901993904",
                    "commenter_id": "530805098",
                    "commenter_url": "https://facebook.com/logan.creed?fref=nf&rc=p",
                    "commenter_name": "Logan Creed",
                    "commenter_meta": null,
                    "comment_text": "Bill Kaufmann so Waar here says something unreasonable, then you double down on the stupid.",
                    "comment_time": "2022-02-09 21:24:45",
                    "comment_image": "https://scontent.xx.fbcdn.net/m1/v/t6/An_UvxJXg9tdnLU3Y5qjPi0200MLilhzPXUgxzGjQzUMaNcmjdZA6anyrngvkdub33NZzZhd51fpCAEzNHFhko5aKRFP5fS1w_lKwYrzcNLupv27.png?ccb=10-5&oh=00_AT9C82irDy7Sn8cI_UEelmRC1FY5K5jw2pfWXlZ8QaKL1g&oe=62246CF9&_nc_sid=55e238",
                    "comment_reactors": [],
                    "comment_reactions": null,
                    "comment_reaction_count": null
                },
                {
                    "comment_id": "10159556106233904",
                    "comment_url": "https://facebook.com/10159556106233904",
                    "commenter_id": "661977516",
                    "commenter_url": "https://facebook.com/barry.maclellan.7?fref=nf&rc=p",
                    "commenter_name": "Barry MacLellan",
                    "commenter_meta": null,
                    "comment_text": "Bill Kaufmann so you want a change in government? What is your alternative? Why not do what responsible, rational people do and vote in who you want in the next election. Throwing a temper tantrum because you don't like the way things are is irresponsible and childish. Protest for change is fine, but not when it harms others. Blocking borders and roads and bridges is something you see radicals do in third world countries. All these protesters are doing is passing off 2/3 of the country. Canadians are patient, but the patience is not endless.",
                    "comment_time": "2022-02-09 21:24:45",
                    "comment_image": "https://scontent.xx.fbcdn.net/m1/v/t6/An_UvxJXg9tdnLU3Y5qjPi0200MLilhzPXUgxzGjQzUMaNcmjdZA6anyrngvkdub33NZzZhd51fpCAEzNHFhko5aKRFP5fS1w_lKwYrzcNLupv27.png?ccb=10-5&oh=00_AT9C82irDy7Sn8cI_UEelmRC1FY5K5jw2pfWXlZ8QaKL1g&oe=62246CF9&_nc_sid=55e238",
                    "comment_reactors": [],
                    "comment_reactions": null,
                    "comment_reaction_count": null
                },
                {
                    "comment_id": "10159556161508904",
                    "comment_url": "https://facebook.com/10159556161508904",
                    "commenter_id": "661977516",
                    "commenter_url": "https://facebook.com/barry.maclellan.7?fref=nf&rc=p",
                    "commenter_name": "Barry MacLellan",
                    "commenter_meta": null,
                    "comment_text": "Wa\u00e4r Ranki maybe we should, maybe when someone you know dies from covid, you will change your opinion. Maybe not, I don't know your character.",
                    "comment_time": "2022-02-09 21:24:45",
                    "comment_image": "https://scontent.xx.fbcdn.net/m1/v/t6/An_UvxJXg9tdnLU3Y5qjPi0200MLilhzPXUgxzGjQzUMaNcmjdZA6anyrngvkdub33NZzZhd51fpCAEzNHFhko5aKRFP5fS1w_lKwYrzcNLupv27.png?ccb=10-5&oh=00_AT9C82irDy7Sn8cI_UEelmRC1FY5K5jw2pfWXlZ8QaKL1g&oe=62246CF9&_nc_sid=55e238",
                    "comment_reactors": [],
                    "comment_reactions": null,
                    "comment_reaction_count": null
                },
                {
                    "comment_id": "10159556250513904",
                    "comment_url": "https://facebook.com/10159556250513904",
                    "commenter_id": "721989383",
                    "commenter_url": "https://facebook.com/bill.kaufmann.520?fref=nf&rc=p",
                    "commenter_name": "Bill Kaufmann",
                    "commenter_meta": null,
                    "comment_text": "Barry MacLellan First Trudeau got elected with 30 % of the vote, and only 60% of eligible voters voted, i.e. Trudeau got only 18 % of the eligible voters. 82 % of people eligible to vote either voted for somebody else other than Trudeau or did not vote for any candidate, this vast majority of voters are being represented by the truckers. Secondly elections do not give the government the power or authority to deprive any Canadian, not a single one, of their rights. When that happens the elected politician must be overthrown, if the courts and the police fail to act. In this particular case, the police has not arrested Justin Trudeau and judges have failed to declare the mandates unconstitutiona\nl, so the duty to stop the unlawful mandates falls on the Canadian people and shutting down the country to force the fall of the government is their duty. Just like it was when apartheid in South Africa was entrenched, colonialism in India, and totalitarian Marxism in Eastern .Europe. These tyrannies when supported by police and judges can only be stopped through a revolution. When tyranny becomes law, rebellion becomes duty. I am unvaccinated and need to fly in an airplane, I am sorry if you do not like it but if I am not allowed to fly I take down the government, simple as that once there is enough of us with the power to do so, there be no doubt that the people will rise and do it with peaceful protests that blocks roads, and shut down the economy. Think about it like a national labour strike, they are perfectly legal, and the right to protest is there for that specific purpose, to guarantee that fundamental rights and freedoms are preserved. If elections were the only way of achieving political change, then we may as well abolish the right to protest, and we will have elected tyrants like Hitler, Mussolini, and Stalin. People must fight for freedom, or they will lose it, and you should fight for the right of the unvaccinated regardless of vaccine status and this is what we are seeing in this massive protests that have massive support.",
                    "comment_time": "2022-02-09 21:24:45",
                    "comment_image": "https://scontent.xx.fbcdn.net/m1/v/t6/An_F9bJG7govfshSMBkvcRLcxT0jmiXVYKtr7lgH5AHgUrjjpZ1OD0xyxXYgf7arc0lWgCdrR_KN4Mg7RSN3Gm3W6Gg03N1tQ-ZXzVvFJ_KvvB4.png?ccb=10-5&oh=00_AT8ScZKrgCPhmfSgYBZgvnQHv14vvPQpgzOW8DDMFGGodg&oe=62243F67&_nc_sid=55e238",
                    "comment_reactors": [],
                    "comment_reactions": null,
                    "comment_reaction_count": null
                },
                {
                    "comment_id": "10159556327128904",
                    "comment_url": "https://facebook.com/10159556327128904",
                    "commenter_id": "100002281224889",
                    "commenter_url": "https://facebook.com/sean.cain3?fref=nf&rc=p",
                    "commenter_name": "Sean Wojcik",
                    "commenter_meta": null,
                    "comment_text": "Bob Mack yup this is a right wing coup",
                    "comment_time": "2022-02-09 21:24:45",
                    "comment_image": "https://scontent.xx.fbcdn.net/m1/v/t6/An_UvxJXg9tdnLU3Y5qjPi0200MLilhzPXUgxzGjQzUMaNcmjdZA6anyrngvkdub33NZzZhd51fpCAEzNHFhko5aKRFP5fS1w_lKwYrzcNLupv27.png?ccb=10-5&oh=00_AT9C82irDy7Sn8cI_UEelmRC1FY5K5jw2pfWXlZ8QaKL1g&oe=62246CF9&_nc_sid=55e238",
                    "comment_reactors": [],
                    "comment_reactions": null,
                    "comment_reaction_count": null
                },
                {
                    "comment_id": "10159556327473904",
                    "comment_url": "https://facebook.com/10159556327473904",
                    "commenter_id": "100002281224889",
                    "commenter_url": "https://facebook.com/sean.cain3?fref=nf&rc=p",
                    "commenter_name": "Sean Wojcik",
                    "commenter_meta": null,
                    "comment_text": "Bill Kaufmann go away \u2026 honestly go seek mental health",
                    "comment_time": "2022-02-09 21:24:45",
                    "comment_image": "https://scontent.xx.fbcdn.net/m1/v/t6/An_UvxJXg9tdnLU3Y5qjPi0200MLilhzPXUgxzGjQzUMaNcmjdZA6anyrngvkdub33NZzZhd51fpCAEzNHFhko5aKRFP5fS1w_lKwYrzcNLupv27.png?ccb=10-5&oh=00_AT9C82irDy7Sn8cI_UEelmRC1FY5K5jw2pfWXlZ8QaKL1g&oe=62246CF9&_nc_sid=55e238",
                    "comment_reactors": [],
                    "comment_reactions": null,
                    "comment_reaction_count": null
                },
                {
                    "comment_id": "10159556532223904",
                    "comment_url": "https://facebook.com/10159556532223904",
                    "commenter_id": "1030785469",
                    "commenter_url": "https://facebook.com/david.fowler.773?fref=nf&rc=p",
                    "commenter_name": "David Fowler",
                    "commenter_meta": null,
                    "comment_text": "Wa\u00e4r Ranki And that is wrong, and also largely out of the hands of Ottawa.",
                    "comment_time": "2022-02-09 21:24:45",
                    "comment_image": null,
                    "comment_reactors": [],
                    "comment_reactions": null,
                    "comment_reaction_count": null
                },
                {
                    "comment_id": "10159561199578904",
                    "comment_url": "https://facebook.com/10159561199578904",
                    "commenter_id": "100071424922215",
                    "commenter_url": "https://facebook.com/profile.php?id=100071424922215&fref=nf&rc=p",
                    "commenter_name": "Alex Buchanan",
                    "commenter_meta": null,
                    "comment_text": "Bill Kaufmann A little off there. 33% of the vote and 63% voter turnout = 21%, and the Cons? 34% x 63% voter turnout = 22%. So no matter who would have won there would be little difference. Clearly, most people here don't like either party. But the simple fact is that the majority of voters here are center to center-left voters (about 62% this last election). The rest of your comment borders on sociopathic hysteria.",
                    "comment_time": "2022-02-16 21:24:45",
                    "comment_image": null,
                    "comment_reactors": [],
                    "comment_reactions": null,
                    "comment_reaction_count": null
                }
            ]
        },
        {
            "comment_id": "10159555736308904",
            "comment_url": "https://facebook.com/10159555736308904",
            "commenter_id": "585137501",
            "commenter_url": "https://facebook.com/profile.php?id=585137501&fref=nf&rc=p&refid=52",
            "commenter_name": "Jeff Smith",
            "commenter_meta": null,
            "comment_text": "I feel so sorry for the people who live in downtown Ottawa who can\u2019t go out of their homes to get groceries or walk their dog because they\u2019d get harassed by protesters. Not to mention the sound of the horns all day - I guess they have to tone them down at night, but still. Some freedom!",
            "comment_time": "2022-02-09 21:24:43",
            "comment_image": null,
            "comment_reactors": [],
            "comment_reactions": null,
            "comment_reaction_count": null,
            "replies": [
                {
                    "comment_id": "10159555788373904",
                    "comment_url": "https://facebook.com/10159555788373904",
                    "commenter_id": "824320402",
                    "commenter_url": "https://facebook.com/patrick.nowlan.1?fref=nf&rc=p",
                    "commenter_name": "Patrick Nowlan",
                    "commenter_meta": null,
                    "comment_text": "Really Jane?\n\nI would think demonizing people by our prime minister is more of a scandal\n\nCan you imagine Donald Trump or Doug Ford talking like that to his citizens ?\n\nYou would be out in the street for weeks burning buildings down\n\nAnd you know it 100%\n\nCheck your hypocrisy Miss\n\nMaybe you give a pass on fascist rhetoric?\n\nI certainly do not",
                    "comment_time": "2022-02-09 21:24:47",
                    "comment_image": "https://scontent.xx.fbcdn.net/m1/v/t6/An_UvxJXg9tdnLU3Y5qjPi0200MLilhzPXUgxzGjQzUMaNcmjdZA6anyrngvkdub33NZzZhd51fpCAEzNHFhko5aKRFP5fS1w_lKwYrzcNLupv27.png?ccb=10-5&oh=00_AT9C82irDy7Sn8cI_UEelmRC1FY5K5jw2pfWXlZ8QaKL1g&oe=62246CF9&_nc_sid=55e238",
                    "comment_reactors": [],
                    "comment_reactions": null,
                    "comment_reaction_count": null
                },
                {
                    "comment_id": "10159555812253904",
                    "comment_url": "https://facebook.com/10159555812253904",
                    "commenter_id": "668033123",
                    "commenter_url": "https://facebook.com/bob.mack1?fref=nf&rc=p",
                    "commenter_name": "Bob Mack",
                    "commenter_meta": "Top fan",
                    "comment_text": "Patrick Nowlan I\u2019m sure there are some very good people on both slides\u2026. \ud83e\udd14\ud83d\ude44\ud83e\udd7a\ud83e\udd2f",
                    "comment_time": "2022-02-09 21:24:47",
                    "comment_image": "https://static.xx.fbcdn.net/rsrc.php/v3/y7/r/4bRBCBmu1Q9.png",
                    "comment_reactors": [],
                    "comment_reactions": null,
                    "comment_reaction_count": null
                },
                {
                    "comment_id": "10159555815053904",
                    "comment_url": "https://facebook.com/10159555815053904",
                    "commenter_id": "100005074410682",
                    "commenter_url": "https://facebook.com/larry.aelterman?fref=nf&rc=p",
                    "commenter_name": "Larry Aelterman",
                    "commenter_meta": null,
                    "comment_text": "Jane Burkart hostages? Is that something that happened?",
                    "comment_time": "2022-02-09 21:24:47",
                    "comment_image": "https://scontent.xx.fbcdn.net/m1/v/t6/An_UvxJXg9tdnLU3Y5qjPi0200MLilhzPXUgxzGjQzUMaNcmjdZA6anyrngvkdub33NZzZhd51fpCAEzNHFhko5aKRFP5fS1w_lKwYrzcNLupv27.png?ccb=10-5&oh=00_AT9C82irDy7Sn8cI_UEelmRC1FY5K5jw2pfWXlZ8QaKL1g&oe=62246CF9&_nc_sid=55e238",
                    "comment_reactors": [],
                    "comment_reactions": null,
                    "comment_reaction_count": null
                },
                {
                    "comment_id": "10159555816198904",
                    "comment_url": "https://facebook.com/10159555816198904",
                    "commenter_id": "824320402",
                    "commenter_url": "https://facebook.com/patrick.nowlan.1?fref=nf&rc=p",
                    "commenter_name": "Patrick Nowlan",
                    "commenter_meta": null,
                    "comment_text": "Bob Mack\nYou have to interview the 45% of Canadians who support the truckers to form an opinion\n\nOtherwise it's divisive rhetoric\n\nThat you seem not to have a problem with coming from a leader of a G7 country\n\nLose your narcissism",
                    "comment_time": "2022-02-09 21:24:47",
                    "comment_image": null,
                    "comment_reactors": [],
                    "comment_reactions": null,
                    "comment_reaction_count": null
                },
                {
                    "comment_id": "10159555817248904",
                    "comment_url": "https://facebook.com/10159555817248904",
                    "commenter_id": "824320402",
                    "commenter_url": "https://facebook.com/patrick.nowlan.1?fref=nf&rc=p",
                    "commenter_name": "Patrick Nowlan",
                    "commenter_meta": null,
                    "comment_text": "I think Jane from Russia is confused Larry she's watching a movie about hostages in English",
                    "comment_time": "2022-02-09 21:24:47",
                    "comment_image": "https://scontent.xx.fbcdn.net/m1/v/t6/An_UvxJXg9tdnLU3Y5qjPi0200MLilhzPXUgxzGjQzUMaNcmjdZA6anyrngvkdub33NZzZhd51fpCAEzNHFhko5aKRFP5fS1w_lKwYrzcNLupv27.png?ccb=10-5&oh=00_AT9C82irDy7Sn8cI_UEelmRC1FY5K5jw2pfWXlZ8QaKL1g&oe=62246CF9&_nc_sid=55e238",
                    "comment_reactors": [],
                    "comment_reactions": null,
                    "comment_reaction_count": null
                },
                {
                    "comment_id": "10159555819498904",
                    "comment_url": "https://facebook.com/10159555819498904",
                    "commenter_id": "100016596946396",
                    "commenter_url": "https://facebook.com/eddie.cochrane.313?fref=nf&rc=p",
                    "commenter_name": "Eddie Cochrane",
                    "commenter_meta": null,
                    "comment_text": "Jeff Smith, did you feel sorry for all the Canadians who lost everything due to the government shutdowns and mandates???\nOhhh and stop bullshitting about Ottawa residents being bullied and harassed",
                    "comment_time": "2022-02-09 21:24:47",
                    "comment_image": "https://scontent.xx.fbcdn.net/m1/v/t6/An-SJYN61eefFdoaV8pa0G_5_APCa0prZaqkZGXpCFeUCLCg89UPOqSkSZxJkLy0hAKKpUIPEB91mo9yBBfcAqcwmpEu5jN_jmJufFtJoVJCUklu.png?ccb=10-5&oh=00_AT_uC16R89XISW2BLH-gvAeIZ-6knN-rLSiRLuYO7e7b3A&oe=6225C35F&_nc_sid=55e238",
                    "comment_reactors": [],
                    "comment_reactions": null,
                    "comment_reaction_count": null
                },
                {
                    "comment_id": "10159555821138904",
                    "comment_url": "https://facebook.com/10159555821138904",
                    "commenter_id": "100016596946396",
                    "commenter_url": "https://facebook.com/eddie.cochrane.313?fref=nf&rc=p",
                    "commenter_name": "Eddie Cochrane",
                    "commenter_meta": null,
                    "comment_text": "Jane Burkart, Trudope didn\u2019t win the popular vote. Isn\u2019t that what the communists always cry about Trump??",
                    "comment_time": "2022-02-09 21:24:47",
                    "comment_image": "https://scontent.xx.fbcdn.net/m1/v/t6/An_UvxJXg9tdnLU3Y5qjPi0200MLilhzPXUgxzGjQzUMaNcmjdZA6anyrngvkdub33NZzZhd51fpCAEzNHFhko5aKRFP5fS1w_lKwYrzcNLupv27.png?ccb=10-5&oh=00_AT9C82irDy7Sn8cI_UEelmRC1FY5K5jw2pfWXlZ8QaKL1g&oe=62246CF9&_nc_sid=55e238",
                    "comment_reactors": [],
                    "comment_reactions": null,
                    "comment_reaction_count": null
                },
                {
                    "comment_id": "10159555828808904",
                    "comment_url": "https://facebook.com/10159555828808904",
                    "commenter_id": "535786643",
                    "commenter_url": "https://facebook.com/jane.burkart.1?fref=nf&rc=p",
                    "commenter_name": "Jane Burkart",
                    "commenter_meta": null,
                    "comment_text": "Larry Aelterman when you stop the flow of food,supplies, medicine to your fellow Canadians.\nWhen your protests put an entire country in financial peril at taxpayers expense.\nWhen you torture people, with what I consider waterboarding of the mind with your all night honking. .\nWhen your occupation takes control of another country\u2019s access.\nWhen your occupation denies people passage to their jobs to feed their families.\n\nThat my friend, is insurrection.. we are prisoners ..\nBeing held hostage for your political gain, which I firmly believe, is really about the oil.",
                    "comment_time": "2022-02-09 21:24:47",
                    "comment_image": "https://scontent.xx.fbcdn.net/m1/v/t6/An_UvxJXg9tdnLU3Y5qjPi0200MLilhzPXUgxzGjQzUMaNcmjdZA6anyrngvkdub33NZzZhd51fpCAEzNHFhko5aKRFP5fS1w_lKwYrzcNLupv27.png?ccb=10-5&oh=00_AT9C82irDy7Sn8cI_UEelmRC1FY5K5jw2pfWXlZ8QaKL1g&oe=62246CF9&_nc_sid=55e238",
                    "comment_reactors": [],
                    "comment_reactions": null,
                    "comment_reaction_count": null
                },
                {
                    "comment_id": "10159555831423904",
                    "comment_url": "https://facebook.com/10159555831423904",
                    "commenter_id": "100005074410682",
                    "commenter_url": "https://facebook.com/larry.aelterman?fref=nf&rc=p",
                    "commenter_name": "Larry Aelterman",
                    "commenter_meta": null,
                    "comment_text": "Jane Burkart Are you describing Ottawa or the whole country because of lockdowns?",
                    "comment_time": "2022-02-09 21:24:47",
                    "comment_image": "https://scontent.xx.fbcdn.net/m1/v/t6/An_UvxJXg9tdnLU3Y5qjPi0200MLilhzPXUgxzGjQzUMaNcmjdZA6anyrngvkdub33NZzZhd51fpCAEzNHFhko5aKRFP5fS1w_lKwYrzcNLupv27.png?ccb=10-5&oh=00_AT9C82irDy7Sn8cI_UEelmRC1FY5K5jw2pfWXlZ8QaKL1g&oe=62246CF9&_nc_sid=55e238",
                    "comment_reactors": [],
                    "comment_reactions": null,
                    "comment_reaction_count": null
                },
                {
                    "comment_id": "10159555832563904",
                    "comment_url": "https://facebook.com/10159555832563904",
                    "commenter_id": "668033123",
                    "commenter_url": "https://facebook.com/bob.mack1?fref=nf&rc=p",
                    "commenter_name": "Bob Mack",
                    "commenter_meta": "Top fan",
                    "comment_text": "Patrick Nowlan The world is watching\u2026 you\u2019ve been suckered\u2026https://\nwww.theguardian.\ncom/\ncommentisfree/\n2022/feb/08/\nottawa-truckers-\nprotest-anti-va\nxx-canada",
                    "comment_time": "2022-02-09 21:24:47",
                    "comment_image": "https://www.theguardian.com/commentisfree/2022/feb/08/ottawa-truckers-protest-anti-vaxx-canada?fbclid=IwAR0RtKr4ToD-L_8jWjYjfOkLTIoyhag8xW9UjjmyT7ix4Vf-NQjIkfBJ5H4",
                    "comment_reactors": [],
                    "comment_reactions": null,
                    "comment_reaction_count": null
                },
                {
                    "comment_id": "10159555834748904",
                    "comment_url": "https://facebook.com/10159555834748904",
                    "commenter_id": "824320402",
                    "commenter_url": "https://facebook.com/patrick.nowlan.1?fref=nf&rc=p",
                    "commenter_name": "Patrick Nowlan",
                    "commenter_meta": null,
                    "comment_text": "Yeah the world's watching prime minister Trudeau demonize his own citizens and psycho fans like you laughing it up like fascist narcissists from Germany in 1934\n\nCheck your fascist narcissism Bob Mack\n\nBy the way the guardian is a far left rag in Britain that nobody reads\n\nMaybe you haven't noticed ? Absolutely nobody is listening to people like you anymore \ud83d\ude42\n\nThe only people suckered sir , are people who support the liberal party and the NDP\n\nYou can go on all you want about your lacking values",
                    "comment_time": "2022-02-09 21:24:47",
                    "comment_image": "https://scontent.xx.fbcdn.net/m1/v/t6/An_UvxJXg9tdnLU3Y5qjPi0200MLilhzPXUgxzGjQzUMaNcmjdZA6anyrngvkdub33NZzZhd51fpCAEzNHFhko5aKRFP5fS1w_lKwYrzcNLupv27.png?ccb=10-5&oh=00_AT9C82irDy7Sn8cI_UEelmRC1FY5K5jw2pfWXlZ8QaKL1g&oe=62246CF9&_nc_sid=55e238",
                    "comment_reactors": [],
                    "comment_reactions": null,
                    "comment_reaction_count": null
                },
                {
                    "comment_id": "10159555847913904",
                    "comment_url": "https://facebook.com/10159555847913904",
                    "commenter_id": "668033123",
                    "commenter_url": "https://facebook.com/bob.mack1?fref=nf&rc=p",
                    "commenter_name": "Bob Mack",
                    "commenter_meta": "Top fan",
                    "comment_text": "Patrick Nowlan You misrepresented the poll information\u2026 here\u2019s the whole story\u2026 for those who deal in facts.. https://\nbeta.cp24.com/\nnews/2022/2/8/\n1_5772347.html",
                    "comment_time": "2022-02-09 21:24:47",
                    "comment_image": "https://beta.cp24.com/news/2022/2/8/1_5772347.html?fbclid=IwAR3tgNa1WQr88A9nrCg7AKmqEjXgb-Uz4NtSQD-YaXHAOds02DasBsrZCyA",
                    "comment_reactors": [],
                    "comment_reactions": null,
                    "comment_reaction_count": null
                },
                {
                    "comment_id": "10159555849033904",
                    "comment_url": "https://facebook.com/10159555849033904",
                    "commenter_id": "668033123",
                    "commenter_url": "https://facebook.com/bob.mack1?fref=nf&rc=p",
                    "commenter_name": "Bob Mack",
                    "commenter_meta": "Top fan",
                    "comment_text": "Patrick Nowlan And yes, you\u2019ve been astroturfed as well\u2026https://\nwww.washingtonpo\nst.com/\npolitics/2022/\n02/09/\ncanada-truckers-\nright-wing-fury\n/",
                    "comment_time": "2022-02-09 21:24:47",
                    "comment_image": "https://www.washingtonpost.com/politics/2022/02/09/canada-truckers-right-wing-fury/?fbclid=IwAR3B7u6MH_WGp2JEESFujc8wpJIc-LeZFFD2oI2PCV6dIo134PfWsbVsiTk",
                    "comment_reactors": [],
                    "comment_reactions": null,
                    "comment_reaction_count": null
                },
                {
                    "comment_id": "10159555849643904",
                    "comment_url": "https://facebook.com/10159555849643904",
                    "commenter_id": "824320402",
                    "commenter_url": "https://facebook.com/patrick.nowlan.1?fref=nf&rc=p",
                    "commenter_name": "Patrick Nowlan",
                    "commenter_meta": null,
                    "comment_text": "If you think polls are facts sir you really should reevaluate your position",
                    "comment_time": "2022-02-09 21:24:47",
                    "comment_image": null,
                    "comment_reactors": [],
                    "comment_reactions": null,
                    "comment_reaction_count": null
                },
                {
                    "comment_id": "10159555850528904",
                    "comment_url": "https://facebook.com/10159555850528904",
                    "commenter_id": "535786643",
                    "commenter_url": "https://facebook.com/jane.burkart.1?fref=nf&rc=p",
                    "commenter_name": "Jane Burkart",
                    "commenter_meta": null,
                    "comment_text": "Larry Aelterman today my mind is focused on the Ambassador Bridge because I know the volume of goods they cross.\nOttawa is spending a fortune daily .. that is ransom to me.",
                    "comment_time": "2022-02-09 21:24:47",
                    "comment_image": "https://scontent.xx.fbcdn.net/m1/v/t6/An_F9bJG7govfshSMBkvcRLcxT0jmiXVYKtr7lgH5AHgUrjjpZ1OD0xyxXYgf7arc0lWgCdrR_KN4Mg7RSN3Gm3W6Gg03N1tQ-ZXzVvFJ_KvvB4.png?ccb=10-5&oh=00_AT8ScZKrgCPhmfSgYBZgvnQHv14vvPQpgzOW8DDMFGGodg&oe=62243F67&_nc_sid=55e238",
                    "comment_reactors": [],
                    "comment_reactions": null,
                    "comment_reaction_count": null
                },
                {
                    "comment_id": "10159555853038904",
                    "comment_url": "https://facebook.com/10159555853038904",
                    "commenter_id": "824320402",
                    "commenter_url": "https://facebook.com/patrick.nowlan.1?fref=nf&rc=p",
                    "commenter_name": "Patrick Nowlan",
                    "commenter_meta": null,
                    "comment_text": "https://\ntoronto-citynews\n-ca.cdn.ampproj\nect.org/v/s/\ntoronto.citynews\n.ca/2018/05/25/\nndp-heading-towa\nrds-majority-in\n-ontario-electi\non-poll/amp/\n?amp_js_v=a6&amp\n_gsa=1&usqp=mq3\n31AQKKAFQArABII\nACAw%3D%3D#aoh=\n16444730352203&\nreferrer=https%\n3A%2F%2Fwww.goo\ngle.com&amp_tf=\nFrom%20%251%24s\n&ampshare=https\n%3A%2F%2Ftoront\no.citynews.ca%2\nF2018%2F05%2F25\n%2Fndp-heading-\ntowards-majorit\ny-in-ontario-el\nection-poll%2F\n\nBob Mack this is what I think about polls from 2018 . Now how did that work out for the NDP?\nYour argument is laughable",
                    "comment_time": "2022-02-09 21:24:47",
                    "comment_image": "https://toronto-citynews-ca.cdn.ampproject.org/v/s/toronto.citynews.ca/2018/05/25/ndp-heading-towards-majority-in-ontario-election-poll/amp/?amp_js_v=a6&amp_gsa=1&usqp=mq331AQKKAFQArABIIACAw%3D%3D&fbclid=IwAR3OOXftNLNjd_Ixi7h_F77Xlj9DcPBtDwSwMs1fo-lV27PVu9WOW95Y1eQ#aoh=16444730352203&referrer=https%3A%2F%2Fwww.google.com&amp_tf=From%20%251%24s&ampshare=https%3A%2F%2Ftoronto.citynews.ca%2F2018%2F05%2F25%2Fndp-heading-towards-majority-in-ontario-election-poll%2F",
                    "comment_reactors": [],
                    "comment_reactions": null,
                    "comment_reaction_count": null
                },
                {
                    "comment_id": "10159555855398904",
                    "comment_url": "https://facebook.com/10159555855398904",
                    "commenter_id": "824320402",
                    "commenter_url": "https://facebook.com/patrick.nowlan.1?fref=nf&rc=p",
                    "commenter_name": "Patrick Nowlan",
                    "commenter_meta": null,
                    "comment_text": "Tell me Bob Mack\n\nTell me how Canadians are backing up Trudeau ?\nIn his own party members are leaving him because of his language towards his fellow citizens?\n\nHave you always come across as a narcissist?\n\nAnd so who gives a s*** about the American right helping out in this\n\nHow much money did you send down to the States to watch Portland burn?\n\nYou're just sore you didn't get the January 6 you wanted so now you're trying to make one up . It's not working and you can't stand it\ud83d\ude42\n\nAnyway you should be ashamed of yourself targeting truck drivers as evil look at the guy you voted for who pranced around in black makeup like a racist pig",
                    "comment_time": "2022-02-09 21:24:47",
                    "comment_image": null,
                    "comment_reactors": [],
                    "comment_reactions": null,
                    "comment_reaction_count": null
                },
                {
                    "comment_id": "10159555859263904",
                    "comment_url": "https://facebook.com/10159555859263904",
                    "commenter_id": "824320402",
                    "commenter_url": "https://facebook.com/patrick.nowlan.1?fref=nf&rc=p",
                    "commenter_name": "Patrick Nowlan",
                    "commenter_meta": null,
                    "comment_text": "https://\nyoutu.be/\ntB9vacrJE2U\n\nHere's what the World is really saying Bob Mack\n\nAll the way from India maybe they're all racist like you'll probably think\n\nYou humanist you\ud83e\udd23\n\nYou're so worried about Donald Trump and the right wing in the USA but yet you defend a prime minister who speaks like Donald Trump\n\nGet some help on that hypocrisy thing\nBob Mack \u263a\ufe0f",
                    "comment_time": "2022-02-09 21:24:47",
                    "comment_image": "https://youtu.be/tB9vacrJE2U?fbclid=IwAR2yxPZVE9SQx7RjVohbOv38Nb6PSzO8ZGy4y4yVDq52TycNMa3HSmitw7s",
                    "comment_reactors": [],
                    "comment_reactions": null,
                    "comment_reaction_count": null
                },
                {
                    "comment_id": "10159555868628904",
                    "comment_url": "https://facebook.com/10159555868628904",
                    "commenter_id": "535786643",
                    "commenter_url": "https://facebook.com/jane.burkart.1?fref=nf&rc=p",
                    "commenter_name": "Jane Burkart",
                    "commenter_meta": null,
                    "comment_text": "Eddie Cochrane the communists? I don\u2019t like the guy, but then again I voted.\nI just didn\u2019t win.\nDrump gets my distain because he\u2019s a horrible human .. fact is, this has nothing to do with him, he isn\u2019t in the White House .. so why bring him into the conversation? He\u2019s irrelevant .. except his friends do want the oil.. \ud83d\ude09",
                    "comment_time": "2022-02-09 21:24:47",
                    "comment_image": null,
                    "comment_reactors": [],
                    "comment_reactions": null,
                    "comment_reaction_count": null
                },
                {
                    "comment_id": "10159555869853904",
                    "comment_url": "https://facebook.com/10159555869853904",
                    "commenter_id": "100004600094071",
                    "commenter_url": "https://facebook.com/daniel.okeefe.1420?fref=nf&rc=p",
                    "commenter_name": "Daniel O'Keefe",
                    "commenter_meta": null,
                    "comment_text": "Jeff Smith except that isn't happening....\n\nhttps://\nyoutu.be/\nT3tlFgwZzmE\n\nAnd sooooo many more on the ground. Locals too.",
                    "comment_time": "2022-02-09 21:24:47",
                    "comment_image": "https://youtu.be/T3tlFgwZzmE?fbclid=IwAR2zx1qR66luRVBVeNLFRm3qcapnxvAT0OyOlVaqxLRbkSI6_SY1sVQggEA",
                    "comment_reactors": [],
                    "comment_reactions": null,
                    "comment_reaction_count": null
                },
                {
                    "comment_id": "10159555875043904",
                    "comment_url": "https://facebook.com/10159555875043904",
                    "commenter_id": "100038957827799",
                    "commenter_url": "https://facebook.com/markus.fenis.31?fref=nf&rc=p",
                    "commenter_name": "Devin Lawrie",
                    "commenter_meta": null,
                    "comment_text": "Jeff Smith Cope, snowflake.",
                    "comment_time": "2022-02-09 21:24:47",
                    "comment_image": null,
                    "comment_reactors": [],
                    "comment_reactions": null,
                    "comment_reaction_count": null
                },
                {
                    "comment_id": "10159555942943904",
                    "comment_url": "https://facebook.com/10159555942943904",
                    "commenter_id": "100060912137513",
                    "commenter_url": "https://facebook.com/river.sutton.988?fref=nf&rc=p",
                    "commenter_name": "River Sutton",
                    "commenter_meta": "Top fan",
                    "comment_text": "Drinking the liberal kool-aid I see.",
                    "comment_time": "2022-02-09 21:24:47",
                    "comment_image": "https://static.xx.fbcdn.net/rsrc.php/v3/y7/r/4bRBCBmu1Q9.png",
                    "comment_reactors": [],
                    "comment_reactions": null,
                    "comment_reaction_count": null
                },
                {
                    "comment_id": "10159556152958904",
                    "comment_url": "https://facebook.com/10159556152958904",
                    "commenter_id": "100036860595798",
                    "commenter_url": "https://facebook.com/fitz.andantilus?fref=nf&rc=p",
                    "commenter_name": "Fitzroy Antdantilus",
                    "commenter_meta": "Top fan",
                    "comment_text": "Jeff Smith The protesters are not lefties. Why would they harass people like lefties do for power and control?",
                    "comment_time": "2022-02-09 21:24:47",
                    "comment_image": "https://static.xx.fbcdn.net/rsrc.php/v3/y7/r/4bRBCBmu1Q9.png",
                    "comment_reactors": [],
                    "comment_reactions": null,
                    "comment_reaction_count": null
                },
                {
                    "comment_id": "10159556155463904",
                    "comment_url": "https://facebook.com/10159556155463904",
                    "commenter_id": "500242893",
                    "commenter_url": "https://facebook.com/dylan.nose?fref=nf&rc=p",
                    "commenter_name": "Dylan Nose",
                    "commenter_meta": null,
                    "comment_text": "This profile screams bot.",
                    "comment_time": "2022-02-09 21:24:47",
                    "comment_image": null,
                    "comment_reactors": [],
                    "comment_reactions": null,
                    "comment_reaction_count": null
                },
                {
                    "comment_id": "10159556194423904",
                    "comment_url": "https://facebook.com/10159556194423904",
                    "commenter_id": "580224433",
                    "commenter_url": "https://facebook.com/russtrapp2001?fref=nf&rc=p",
                    "commenter_name": "Russell Trapp",
                    "commenter_meta": null,
                    "comment_text": "Jeff Smith why not tell people who are harassing you would sure make more sense, I\u2019m sure you took a page out of black faces booK of how to lie !!!",
                    "comment_time": "2022-02-09 21:24:47",
                    "comment_image": null,
                    "comment_reactors": [],
                    "comment_reactions": null,
                    "comment_reaction_count": null
                },
                {
                    "comment_id": "10159556349503904",
                    "comment_url": "https://facebook.com/10159556349503904",
                    "commenter_id": "100065403370622",
                    "commenter_url": "https://facebook.com/cary.mackenzie.503?fref=nf&rc=p",
                    "commenter_name": "Cary Mackenzie",
                    "commenter_meta": null,
                    "comment_text": "Jeff Smith except that isn't happening try watching something other then Liberal payed propaganda. Or better yet go down and see for yourself.",
                    "comment_time": "2022-02-09 21:24:47",
                    "comment_image": null,
                    "comment_reactors": [],
                    "comment_reactions": null,
                    "comment_reaction_count": null
                },
                {
                    "comment_id": "10159556375373904",
                    "comment_url": "https://facebook.com/10159556375373904",
                    "commenter_id": "1167238000",
                    "commenter_url": "https://facebook.com/sharon.burke.9480111?fref=nf&rc=p",
                    "commenter_name": "Sharon Burke",
                    "commenter_meta": null,
                    "comment_text": "Jeff Smith Yes I wonder the same thing .Where are their rights ?????? I fell so sorry for them.My heart goes out to them espically the children \ud83d\udc94 \ud83d\ude22",
                    "comment_time": "2022-02-09 21:24:47",
                    "comment_image": "https://scontent.xx.fbcdn.net/m1/v/t6/An_UvxJXg9tdnLU3Y5qjPi0200MLilhzPXUgxzGjQzUMaNcmjdZA6anyrngvkdub33NZzZhd51fpCAEzNHFhko5aKRFP5fS1w_lKwYrzcNLupv27.png?ccb=10-5&oh=00_AT9C82irDy7Sn8cI_UEelmRC1FY5K5jw2pfWXlZ8QaKL1g&oe=62246CF9&_nc_sid=55e238",
                    "comment_reactors": [],
                    "comment_reactions": null,
                    "comment_reaction_count": null
                },
                {
                    "comment_id": "10159556404413904",
                    "comment_url": "https://facebook.com/10159556404413904",
                    "commenter_id": "100043257961739",
                    "commenter_url": "https://facebook.com/bonnie.cull.7?fref=nf&rc=p",
                    "commenter_name": "Bonnie Cull",
                    "commenter_meta": null,
                    "comment_text": "Time to put the conservative party on a terrorist watch list #LOCKTHEMUP",
                    "comment_time": "2022-02-09 21:24:47",
                    "comment_image": null,
                    "comment_reactors": [],
                    "comment_reactions": null,
                    "comment_reaction_count": null
                },
                {
                    "comment_id": "10159556523853904",
                    "comment_url": "https://facebook.com/10159556523853904",
                    "commenter_id": "100053784489586",
                    "commenter_url": "https://facebook.com/peter.soltesz.56?fref=nf&rc=p",
                    "commenter_name": "Peter Soltesz",
                    "commenter_meta": null,
                    "comment_text": "Jeff Smith everyone is livestreaming, where is the proof this is happening",
                    "comment_time": "2022-02-09 21:24:47",
                    "comment_image": null,
                    "comment_reactors": [],
                    "comment_reactions": null,
                    "comment_reaction_count": null
                }
            ]
        },
        {
            "comment_id": "10159555859448904",
            "comment_url": "https://facebook.com/10159555859448904",
            "commenter_id": "1025495722",
            "commenter_url": "https://facebook.com/jim.hill.39395?fref=nf&rc=p&refid=52",
            "commenter_name": "Jim Hill",
            "commenter_meta": null,
            "comment_text": "Your the mayor. How about showing some leadership and end this illegal occupation of our city.",
            "comment_time": "2022-02-09 21:24:43",
            "comment_image": null,
            "comment_reactors": [],
            "comment_reactions": null,
            "comment_reaction_count": null,
            "replies": [
                {
                    "comment_id": "10159555883553904",
                    "comment_url": "https://facebook.com/10159555883553904",
                    "commenter_id": "824320402",
                    "commenter_url": "https://facebook.com/patrick.nowlan.1?fref=nf&rc=p",
                    "commenter_name": "Patrick Nowlan",
                    "commenter_meta": null,
                    "comment_text": "Jim Watson can't even man up to a woman who had his own kid\n\nJim\n\nYou don't actually think he gives a s*** about you.\nDo you?",
                    "comment_time": "2022-02-09 21:24:47",
                    "comment_image": null,
                    "comment_reactors": [],
                    "comment_reactions": null,
                    "comment_reaction_count": null
                },
                {
                    "comment_id": "10159555936903904",
                    "comment_url": "https://facebook.com/10159555936903904",
                    "commenter_id": "1025495722",
                    "commenter_url": "https://facebook.com/jim.hill.39395?fref=nf&rc=p",
                    "commenter_name": "Jim Hill",
                    "commenter_meta": null,
                    "comment_text": "Patrick Nowlan I don\u2019t care if does about me but he should about the City of Ottawa.",
                    "comment_time": "2022-02-09 21:24:47",
                    "comment_image": null,
                    "comment_reactors": [],
                    "comment_reactions": null,
                    "comment_reaction_count": null
                },
                {
                    "comment_id": "10159556397673904",
                    "comment_url": "https://facebook.com/10159556397673904",
                    "commenter_id": "824320402",
                    "commenter_url": "https://facebook.com/patrick.nowlan.1?fref=nf&rc=p",
                    "commenter_name": "Patrick Nowlan",
                    "commenter_meta": null,
                    "comment_text": "Well I don't think anyone gives a s*** about the city of Ottawa\nThey bend over backwards for certain protesters they agree with but then chastise and act evil against protesters they don't\n\nOttawa can burn down for all I care\n\nAnd I do hope it does \u263a\ufe0f\n\nYou deserve to be another Portland",
                    "comment_time": "2022-02-09 21:24:47",
                    "comment_image": null,
                    "comment_reactors": [],
                    "comment_reactions": null,
                    "comment_reaction_count": null
                },
                {
                    "comment_id": "10159556405053904",
                    "comment_url": "https://facebook.com/10159556405053904",
                    "commenter_id": "100043257961739",
                    "commenter_url": "https://facebook.com/bonnie.cull.7?fref=nf&rc=p",
                    "commenter_name": "Bonnie Cull",
                    "commenter_meta": null,
                    "comment_text": "hes a con, you need a lib for good leadership",
                    "comment_time": "2022-02-09 21:24:47",
                    "comment_image": "https://scontent.xx.fbcdn.net/m1/v/t6/An_F9bJG7govfshSMBkvcRLcxT0jmiXVYKtr7lgH5AHgUrjjpZ1OD0xyxXYgf7arc0lWgCdrR_KN4Mg7RSN3Gm3W6Gg03N1tQ-ZXzVvFJ_KvvB4.png?ccb=10-5&oh=00_AT8ScZKrgCPhmfSgYBZgvnQHv14vvPQpgzOW8DDMFGGodg&oe=62243F67&_nc_sid=55e238",
                    "comment_reactors": [],
                    "comment_reactions": null,
                    "comment_reaction_count": null
                }
            ]
        },
        {
            "comment_id": "10159555808923904",
            "comment_url": "https://facebook.com/10159555808923904",
            "commenter_id": "1151975229",
            "commenter_url": "https://facebook.com/matthew.leger.7?fref=nf&rc=p&refid=52",
            "commenter_name": "Matthew Leger",
            "commenter_meta": null,
            "comment_text": "Good , there will be no end till we get change !",
            "comment_time": "2022-02-09 21:24:43",
            "comment_image": null,
            "comment_reactors": [],
            "comment_reactions": null,
            "comment_reaction_count": null,
            "replies": []
        },
        {
            "comment_id": "10159556055633904",
            "comment_url": "https://facebook.com/10159556055633904",
            "commenter_id": "100000352817331",
            "commenter_url": "https://facebook.com/paul.venne.35?fref=nf&rc=p&refid=52",
            "commenter_name": "Paul Joseph Venne",
            "commenter_meta": null,
            "comment_text": "Everything is temporary... including this protest and the weather.",
            "comment_time": "2022-02-09 21:24:43",
            "comment_image": null,
            "comment_reactors": [],
            "comment_reactions": null,
            "comment_reaction_count": null,
            "replies": []
        },
        {
            "comment_id": "10159555725638904",
            "comment_url": "https://facebook.com/10159555725638904",
            "commenter_id": "829028355",
            "commenter_url": "https://facebook.com/Jay.Strom?fref=nf&rc=p&refid=52",
            "commenter_name": "Jay Balackwa",
            "commenter_meta": null,
            "comment_text": "Funds run out so will the covoy",
            "comment_time": "2022-02-09 21:24:43",
            "comment_image": null,
            "comment_reactors": [],
            "comment_reactions": null,
            "comment_reaction_count": null,
            "replies": [
                {
                    "comment_id": "10159555775998904",
                    "comment_url": "https://facebook.com/10159555775998904",
                    "commenter_id": "829028355",
                    "commenter_url": "https://facebook.com/Jay.Strom?fref=nf&rc=p",
                    "commenter_name": "Jay Balackwa",
                    "commenter_meta": null,
                    "comment_text": "You ding-dongs dont think funds are going to last forever \ud83d\ude06\ud83d\ude06\ud83e\udd23 its a matter of time.",
                    "comment_time": "2022-02-09 21:24:48",
                    "comment_image": null,
                    "comment_reactors": [],
                    "comment_reactions": null,
                    "comment_reaction_count": null
                },
                {
                    "comment_id": "10159555824098904",
                    "comment_url": "https://facebook.com/10159555824098904",
                    "commenter_id": "100005074410682",
                    "commenter_url": "https://facebook.com/larry.aelterman?fref=nf&rc=p",
                    "commenter_name": "Larry Aelterman",
                    "commenter_meta": null,
                    "comment_text": "Jay Balackwa They are heavily funded and can last a long time and it's completely untraceable where it came from.",
                    "comment_time": "2022-02-09 21:24:48",
                    "comment_image": "https://scontent.xx.fbcdn.net/m1/v/t6/An_UvxJXg9tdnLU3Y5qjPi0200MLilhzPXUgxzGjQzUMaNcmjdZA6anyrngvkdub33NZzZhd51fpCAEzNHFhko5aKRFP5fS1w_lKwYrzcNLupv27.png?ccb=10-5&oh=00_AT9C82irDy7Sn8cI_UEelmRC1FY5K5jw2pfWXlZ8QaKL1g&oe=62246CF9&_nc_sid=55e238",
                    "comment_reactors": [],
                    "comment_reactions": null,
                    "comment_reaction_count": null
                }
            ]
        },
        {
            "comment_id": "10159555984028904",
            "comment_url": "https://facebook.com/10159555984028904",
            "commenter_id": "531756711",
            "commenter_url": "https://facebook.com/carla.zwicker?fref=nf&rc=p&refid=52",
            "commenter_name": "Carla Zwicker",
            "commenter_meta": null,
            "comment_text": "Time to carry on and ignore them. Its not like horns haven't been a part of Ontario's landscape its the one thing about the cities in Ontario that upset anyone long before the Protest arrived. Quit the news pieces about them without that all they have is Facebook where one by one they will all get suspended anyways. Its not like they haven't insulted every endorsed newspaper across the world already.",
            "comment_time": "2022-02-09 21:24:43",
            "comment_image": null,
            "comment_reactors": [],
            "comment_reactions": null,
            "comment_reaction_count": null,
            "replies": []
        },
        {
            "comment_id": "10159555760778904",
            "comment_url": "https://facebook.com/10159555760778904",
            "commenter_id": "1663977372",
            "commenter_url": "https://facebook.com/massalski?fref=nf&rc=p&refid=52",
            "commenter_name": "Jack Massalski",
            "commenter_meta": null,
            "comment_text": "It's not his job to meddle in federal politics. His job is to make sure the protesters have access to necessities such as toilets so that he doesn't contribute to it becoming a humanitarian crisis.",
            "comment_time": "2022-02-09 21:24:43",
            "comment_image": null,
            "comment_reactors": [],
            "comment_reactions": null,
            "comment_reaction_count": null,
            "replies": [
                {
                    "comment_id": "10159555935723904",
                    "comment_url": "https://facebook.com/10159555935723904",
                    "commenter_id": "1025495722",
                    "commenter_url": "https://facebook.com/jim.hill.39395?fref=nf&rc=p",
                    "commenter_name": "Jim Hill",
                    "commenter_meta": null,
                    "comment_text": "Jack Massalski Wrong. This odd a municipal matter. They are occupying Ottawa streets. If there were occupying Parliament Hill it would be Federal.",
                    "comment_time": "2022-02-09 21:24:49",
                    "comment_image": "https://scontent.xx.fbcdn.net/m1/v/t6/An_UvxJXg9tdnLU3Y5qjPi0200MLilhzPXUgxzGjQzUMaNcmjdZA6anyrngvkdub33NZzZhd51fpCAEzNHFhko5aKRFP5fS1w_lKwYrzcNLupv27.png?ccb=10-5&oh=00_AT9C82irDy7Sn8cI_UEelmRC1FY5K5jw2pfWXlZ8QaKL1g&oe=62246CF9&_nc_sid=55e238",
                    "comment_reactors": [],
                    "comment_reactions": null,
                    "comment_reaction_count": null
                }
            ]
        },
        {
            "comment_id": "10159556542418904",
            "comment_url": "https://facebook.com/10159556542418904",
            "commenter_id": "1124366508",
            "commenter_url": "https://facebook.com/kenneth.hill.92?fref=nf&rc=p&refid=52",
            "commenter_name": "Kenneth Hill",
            "commenter_meta": null,
            "comment_text": "Call the Army in .hope we have a leader that stands up for 90% of the Canada not just for afew thugs clean the swamp now your Dad would have done it weeks ago",
            "comment_time": "2022-02-09 21:24:43",
            "comment_image": null,
            "comment_reactors": [],
            "comment_reactions": null,
            "comment_reaction_count": null,
            "replies": []
        },
        {
            "comment_id": "10159556338508904",
            "comment_url": "https://facebook.com/10159556338508904",
            "commenter_id": "100004145144235",
            "commenter_url": "https://facebook.com/linda.mertes.58?fref=nf&rc=p&refid=52",
            "commenter_name": "Linda Lise Mertes",
            "commenter_meta": null,
            "comment_text": "I see an end to Trudeau though soon.\ud83d\udc4d",
            "comment_time": "2022-02-09 21:24:43",
            "comment_image": null,
            "comment_reactors": [],
            "comment_reactions": null,
            "comment_reaction_count": null,
            "replies": [
                {
                    "comment_id": "10159556405788904",
                    "comment_url": "https://facebook.com/10159556405788904",
                    "commenter_id": "100043257961739",
                    "commenter_url": "https://facebook.com/bonnie.cull.7?fref=nf&rc=p",
                    "commenter_name": "Bonnie Cull",
                    "commenter_meta": null,
                    "comment_text": "Justin beat you cons 3x in a row Sparky lol he ain't going anywhere. Keep those con tears coming, lol nom nom nom #NEVERCON",
                    "comment_time": "2022-02-09 21:24:49",
                    "comment_image": null,
                    "comment_reactors": [],
                    "comment_reactions": null,
                    "comment_reaction_count": null
                }
            ]
        },
        {
            "comment_id": "10159555838463904",
            "comment_url": "https://facebook.com/10159555838463904",
            "commenter_id": "592397116",
            "commenter_url": "https://facebook.com/eddie.calistotavares?fref=nf&rc=p&refid=52",
            "commenter_name": "Eddie Calisto-Tavares",
            "commenter_meta": null,
            "comment_text": "Ottawa Mayor and Police who are truly those responsible for upholding the bylaws in place are truly incompetent",
            "comment_time": "2022-02-09 21:24:43",
            "comment_image": null,
            "comment_reactors": [],
            "comment_reactions": null,
            "comment_reaction_count": null,
            "replies": []
        },
        {
            "comment_id": "10159556416503904",
            "comment_url": "https://facebook.com/10159556416503904",
            "commenter_id": "648022181",
            "commenter_url": "https://facebook.com/tom.ramanauskas?fref=nf&rc=p&refid=52",
            "commenter_name": "Tom Ramanauskas",
            "commenter_meta": null,
            "comment_text": "Watson must be on the phone with his Globalist masters working out a plan right now.",
            "comment_time": "2022-02-09 21:24:43",
            "comment_image": null,
            "comment_reactors": [],
            "comment_reactions": null,
            "comment_reaction_count": null,
            "replies": []
        },
        {
            "comment_id": "10159556257188904",
            "comment_url": "https://facebook.com/10159556257188904",
            "commenter_id": "521246230",
            "commenter_url": "https://facebook.com/robthegolfnut?fref=nf&rc=p&refid=52",
            "commenter_name": "Rob Simpson",
            "commenter_meta": null,
            "comment_text": "they will end when trudeau ends the vaccine for border crossing and the other resictions such as vaxpassports etc are ended it's real simple.",
            "comment_time": "2022-02-09 21:24:43",
            "comment_image": null,
            "comment_reactors": [],
            "comment_reactions": null,
            "comment_reaction_count": null,
            "replies": []
        },
        {
            "comment_id": "10159556531423904",
            "comment_url": "https://facebook.com/10159556531423904",
            "commenter_id": "1030785469",
            "commenter_url": "https://facebook.com/david.fowler.773?fref=nf&rc=p&refid=52",
            "commenter_name": "David Fowler",
            "commenter_meta": null,
            "comment_text": "Take some action.this is ridiculous.",
            "comment_time": "2022-02-09 21:24:43",
            "comment_image": null,
            "comment_reactors": [],
            "comment_reactions": null,
            "comment_reaction_count": null,
            "replies": []
        },
        {
            "comment_id": "10159561146238904",
            "comment_url": "https://facebook.com/10159561146238904",
            "commenter_id": "100004425519144",
            "commenter_url": "https://facebook.com/rino.michaud.7?fref=nf&rc=p&refid=52",
            "commenter_name": "Rino Michaud",
            "commenter_meta": null,
            "comment_text": "They are not leaving that is MORE are coming",
            "comment_time": "2022-02-16 21:24:43",
            "comment_image": null,
            "comment_reactors": [],
            "comment_reactions": null,
            "comment_reaction_count": null,
            "replies": []
        },
        {
            "comment_id": "10159560771413904",
            "comment_url": "https://facebook.com/10159560771413904",
            "commenter_id": "608156322",
            "commenter_url": "https://facebook.com/reg.goodwin?fref=nf&rc=p&refid=52",
            "commenter_name": "Reg Goodwin",
            "commenter_meta": null,
            "comment_text": "seems the Truckers already stated when it will end..",
            "comment_time": "2022-02-16 21:24:43",
            "comment_image": null,
            "comment_reactors": [],
            "comment_reactions": null,
            "comment_reaction_count": null,
            "replies": []
        },
        {
            "comment_id": "10159556380868904",
            "comment_url": "https://facebook.com/10159556380868904",
            "commenter_id": "100000336614525",
            "commenter_url": "https://facebook.com/patti.gaffneymyles?fref=nf&rc=p&refid=52",
            "commenter_name": "Patti Myles",
            "commenter_meta": null,
            "comment_text": "Ottawans pay taxes to three levels if govt none of whom has shown up.",
            "comment_time": "2022-02-09 21:24:43",
            "comment_image": null,
            "comment_reactors": [],
            "comment_reactions": null,
            "comment_reaction_count": null,
            "replies": []
        }
    ],
    "reactors": null,
    "w3_fb_url": null,
    "reactions": null,
    "reaction_count": null,
    "with": null,
    "page_id": "140961138903",
    "sharers": null,
    "image_id": null,
    "image_ids": [],
    "was_live": false
}