{
    "original_request_url": "10159558764118904",
    "post_url": "https://facebook.com/story.php?story_fbid=10159558764118904&id=140961138903",
    "post_id": "10159558764118904",
    "text": "Bridge blockade reveals how much more fragile Canada\u2019s trade infrastructure is than the pandemic-related supply chain crisis has already shown\n\nTHEGLOBEANDMAIL.COM\nAmbassador Bridge blockade brings major economic artery to standstill, exposes Canada\u2019s fragile trade infrastructure",
    "post_text": "Bridge blockade reveals how much more fragile Canada\u2019s trade infrastructure is than the pandemic-related supply chain crisis has already shown",
    "shared_text": "THEGLOBEANDMAIL.COM\nAmbassador Bridge blockade brings major economic artery to standstill, exposes Canada\u2019s fragile trade infrastructure",
    "original_text": null,
    "time": "2022-02-12 02:44:17",
    "timestamp": 1644633857,
    "image": "https://www.theglobeandmail.com/resizer/OqhQ-OudhBu6n-X2uF5FKKEEidk=/1200x800/filters:quality(80)/cloudfront-us-east-1.images.arcpublishing.com/tgam/HWTOMTQLABEARCBMOXESXBCHYY.JPG",
    "image_lowquality": "https://external-sea1-1.xx.fbcdn.net/safe_image.php?d=AQFhdJd4kOJecjof&w=476&h=249&url=https%3A%2F%2Fwww.theglobeandmail.com%2Fresizer%2FOqhQ-OudhBu6n-X2uF5FKKEEidk%3D%2F1200x800%2Ffilters%3Aquality%2880%29%2Fcloudfront-us-east-1.images.arcpublishing.com%2Ftgam%2FHWTOMTQLABEARCBMOXESXBCHYY.JPG&cfs=1&jq=75&ext=jpg&_nc_oe=6fab9&_nc_sid=06c271&ccb=3-5&_nc_hash=AQEwe8PgmqQVJdGQ",
    "images": [
        "https://www.theglobeandmail.com/resizer/OqhQ-OudhBu6n-X2uF5FKKEEidk=/1200x800/filters:quality(80)/cloudfront-us-east-1.images.arcpublishing.com/tgam/HWTOMTQLABEARCBMOXESXBCHYY.JPG"
    ],
    "images_description": [],
    "images_lowquality": [
        "https://external-sea1-1.xx.fbcdn.net/safe_image.php?d=AQFhdJd4kOJecjof&w=476&h=249&url=https%3A%2F%2Fwww.theglobeandmail.com%2Fresizer%2FOqhQ-OudhBu6n-X2uF5FKKEEidk%3D%2F1200x800%2Ffilters%3Aquality%2880%29%2Fcloudfront-us-east-1.images.arcpublishing.com%2Ftgam%2FHWTOMTQLABEARCBMOXESXBCHYY.JPG&cfs=1&jq=75&ext=jpg&_nc_oe=6fab9&_nc_sid=06c271&ccb=3-5&_nc_hash=AQEwe8PgmqQVJdGQ"
    ],
    "images_lowquality_description": [
        null
    ],
    "video": null,
    "video_duration_seconds": null,
    "video_height": null,
    "video_id": null,
    "video_quality": null,
    "video_size_MB": null,
    "video_thumbnail": null,
    "video_watches": null,
    "video_width": null,
    "likes": 63,
    "comments": 15,
    "shares": 7,
    "link": "http://www.theglobeandmail.com/business/article-ambassador-bridge-blockade-brings-economy-to-standstill-exposes/?utm_campaign=sophi-pop&utm_medium=post&utm_source=facebook&fbclid=IwAR2q2tEjXUcEIP0508Xvq4pN99qKmS53l2rjisdUx131QLFL-pKZ4k-zka4",
    "links": [],
    "user_id": "140961138903",
    "username": "The Globe and Mail",
    "user_url": "https://facebook.com/theglobeandmail/?refid=52",
    "is_live": false,
    "factcheck": null,
    "shared_post_id": null,
    "shared_time": null,
    "shared_user_id": null,
    "shared_username": null,
    "shared_post_url": null,
    "available": true,
    "comments_full": [
        {
            "comment_id": "10159559876028904",
            "comment_url": "https://facebook.com/10159559876028904",
            "commenter_id": "100010296467765",
            "commenter_url": "https://facebook.com/profile.php?id=100010296467765&fref=nf&rc=p&refid=52",
            "commenter_name": "Marilyn Taylor",
            "commenter_meta": null,
            "comment_text": "While Trudeau idly stands by and does nothing about it. The border falls under Trudeau's jurisdiction.",
            "comment_time": "2022-02-09 22:37:01",
            "comment_image": null,
            "comment_reactors": [],
            "comment_reactions": null,
            "comment_reaction_count": null,
            "replies": [
                {
                    "comment_id": "10159560503483904",
                    "comment_url": "https://facebook.com/10159560503483904",
                    "commenter_id": "100000276858559",
                    "commenter_url": "https://facebook.com/marc.cyr.146?fref=nf&rc=p",
                    "commenter_name": "Marc Cyr",
                    "commenter_meta": null,
                    "comment_text": "And Polievre encourages them.",
                    "comment_time": "2022-02-09 22:37:02",
                    "comment_image": null,
                    "comment_reactors": [],
                    "comment_reactions": null,
                    "comment_reaction_count": null
                },
                {
                    "comment_id": "10159561354713904",
                    "comment_url": "https://facebook.com/10159561354713904",
                    "commenter_id": "1204256576",
                    "commenter_url": "https://facebook.com/nancy.eaton?fref=nf&rc=p",
                    "commenter_name": "Nancy Eaton",
                    "commenter_meta": null,
                    "comment_text": "Marilyn Taylor Blockade was on provincial roads leading to bridge which is privately owned but don't let facts get in the way. The border is under control of Feds but that is it.",
                    "comment_time": "2022-02-16 22:37:02",
                    "comment_image": null,
                    "comment_reactors": [],
                    "comment_reactions": null,
                    "comment_reaction_count": null
                },
                {
                    "comment_id": "10159561983553904",
                    "comment_url": "https://facebook.com/10159561983553904",
                    "commenter_id": "626511349",
                    "commenter_url": "https://facebook.com/bik.dhaliwal?fref=nf&rc=p",
                    "commenter_name": "Bik Dhaliwal",
                    "commenter_meta": null,
                    "comment_text": "I'm livid with Trudeau, he spent weeks waiting on the sidelines waiting for other people to man up to do something about the situation.",
                    "comment_time": "2022-02-16 22:37:02",
                    "comment_image": null,
                    "comment_reactors": [],
                    "comment_reactions": null,
                    "comment_reaction_count": null
                }
            ]
        },
        {
            "comment_id": "10159560364538904",
            "comment_url": "https://facebook.com/10159560364538904",
            "commenter_id": "538518155",
            "commenter_url": "https://facebook.com/True.Newfoundlander?fref=nf&rc=p&refid=52",
            "commenter_name": "Gordon Earle",
            "commenter_meta": null,
            "comment_text": "Amazes me that anyone would put their support toward/behind someting without 1) knowing who are the organizers/\nleaders and the major influencers - Lich, Ditcher, Barber, Peckford, Hodkinson, Hillier, Alexander, Quiggin, Bulford, King, Denson, etc. - these are the organizers of the Canadian truckers/\nprotesters and they are not good people, nor good citizens - check them out on Google 2) knowing who are the trucker/\nprotester participants - truckers/\nprotesters participating are conspiracy theorists, people against immigation, racists, anti-semetics, Islamaphobes, seperatists, white nationalists, far-right wingers, etc. 3) knowing what the truckers/\nprotesters hope/aim to achieve - it's not just an end to vaccine mandates, the trucker/\nprotesters also want to end immigration, unrestricted oil & gas development including pipelines, western Canada seperation, end of transfer payments, end of all health measures, removal of the current government, etc.).\n\nThis is not name calling ---There's a big difference between \"name calling\" and what is an accurate charactization of people and what motivates/\ndrives them - knowing and understanding that the truckers/\nprotesters are anarchists and extremists and domestic terrorists is not name calling, it's identifying who these people really are based on their own words, behaviours and actions, both past and present.",
            "comment_time": "2022-02-09 22:37:01",
            "comment_image": null,
            "comment_reactors": [],
            "comment_reactions": null,
            "comment_reaction_count": null,
            "replies": []
        },
        {
            "comment_id": "10159560047233904",
            "comment_url": "https://facebook.com/10159560047233904",
            "commenter_id": "801510556",
            "commenter_url": "https://facebook.com/colin.parent.3?fref=nf&rc=p&refid=52",
            "commenter_name": "Colin Parent",
            "commenter_meta": null,
            "comment_text": "Our whole country is fragile, especially under these Liberals. Just wait to see the chaos which ensues if war breaks out in Europe!",
            "comment_time": "2022-02-09 22:37:01",
            "comment_image": null,
            "comment_reactors": [],
            "comment_reactions": null,
            "comment_reaction_count": null,
            "replies": []
        },
        {
            "comment_id": "10159558925108904",
            "comment_url": "https://facebook.com/10159558925108904",
            "commenter_id": "48900765",
            "commenter_url": "https://facebook.com/bosssssssssssssssss?fref=nf&rc=p&refid=52",
            "commenter_name": "Mrk Ess",
            "commenter_meta": "Top fan",
            "comment_text": "Fringe movement no biggie\u2026 they should all be gone by tomorrow\u2026 lol",
            "comment_time": "2022-02-09 22:37:01",
            "comment_image": null,
            "comment_reactors": [],
            "comment_reactions": null,
            "comment_reaction_count": null,
            "replies": [
                {
                    "comment_id": "10159559521923904",
                    "comment_url": "https://facebook.com/10159559521923904",
                    "commenter_id": "690156258",
                    "commenter_url": "https://facebook.com/manny.osullivan?fref=nf&rc=p",
                    "commenter_name": "Manny O'Sullivan",
                    "commenter_meta": null,
                    "comment_text": "Mrk Ess the Windsor police are granting your wish right now\ud83e\udd21",
                    "comment_time": "2022-02-09 22:37:03",
                    "comment_image": null,
                    "comment_reactors": [],
                    "comment_reactions": null,
                    "comment_reaction_count": null
                },
                {
                    "comment_id": "10159559524403904",
                    "comment_url": "https://facebook.com/10159559524403904",
                    "commenter_id": "48900765",
                    "commenter_url": "https://facebook.com/bosssssssssssssssss?fref=nf&rc=p",
                    "commenter_name": "Mrk Ess",
                    "commenter_meta": "Top fan",
                    "comment_text": "Manny O'Sullivan which wish u referring to?",
                    "comment_time": "2022-02-09 22:37:03",
                    "comment_image": "https://static.xx.fbcdn.net/rsrc.php/v3/y7/r/4bRBCBmu1Q9.png",
                    "comment_reactors": [],
                    "comment_reactions": null,
                    "comment_reaction_count": null
                },
                {
                    "comment_id": "10159559526548904",
                    "comment_url": "https://facebook.com/10159559526548904",
                    "commenter_id": "690156258",
                    "commenter_url": "https://facebook.com/manny.osullivan?fref=nf&rc=p",
                    "commenter_name": "Manny O'Sullivan",
                    "commenter_meta": null,
                    "comment_text": "Mrk Ess they should all be gone by tomorrow, which is today.",
                    "comment_time": "2022-02-09 22:37:03",
                    "comment_image": null,
                    "comment_reactors": [],
                    "comment_reactions": null,
                    "comment_reaction_count": null
                },
                {
                    "comment_id": "10159559529388904",
                    "comment_url": "https://facebook.com/10159559529388904",
                    "commenter_id": "48900765",
                    "commenter_url": "https://facebook.com/bosssssssssssssssss?fref=nf&rc=p",
                    "commenter_name": "Mrk Ess",
                    "commenter_meta": "Top fan",
                    "comment_text": "Manny O'Sullivan I was being sarcastic\u2026. They probably won\u2019t all be gone by today.",
                    "comment_time": "2022-02-09 22:37:03",
                    "comment_image": "https://static.xx.fbcdn.net/rsrc.php/v3/y7/r/4bRBCBmu1Q9.png",
                    "comment_reactors": [],
                    "comment_reactions": null,
                    "comment_reaction_count": null
                },
                {
                    "comment_id": "10159559531773904",
                    "comment_url": "https://facebook.com/10159559531773904",
                    "commenter_id": "690156258",
                    "commenter_url": "https://facebook.com/manny.osullivan?fref=nf&rc=p",
                    "commenter_name": "Manny O'Sullivan",
                    "commenter_meta": null,
                    "comment_text": "Mrk Ess I know, so was I am pretty sure they will.",
                    "comment_time": "2022-02-09 22:37:03",
                    "comment_image": null,
                    "comment_reactors": [],
                    "comment_reactions": null,
                    "comment_reaction_count": null
                },
                {
                    "comment_id": "10159559533153904",
                    "comment_url": "https://facebook.com/10159559533153904",
                    "commenter_id": "48900765",
                    "commenter_url": "https://facebook.com/bosssssssssssssssss?fref=nf&rc=p",
                    "commenter_name": "Mrk Ess",
                    "commenter_meta": "Top fan",
                    "comment_text": "Manny O'Sullivan we shall see I guess",
                    "comment_time": "2022-02-09 22:37:03",
                    "comment_image": "https://static.xx.fbcdn.net/rsrc.php/v3/y7/r/4bRBCBmu1Q9.png",
                    "comment_reactors": [],
                    "comment_reactions": null,
                    "comment_reaction_count": null
                },
                {
                    "comment_id": "10159559742998904",
                    "comment_url": "https://facebook.com/10159559742998904",
                    "commenter_id": "715811347",
                    "commenter_url": "https://facebook.com/chase.gaudenzi?fref=nf&rc=p",
                    "commenter_name": "Chase Gaudenzi",
                    "commenter_meta": null,
                    "comment_text": "Mrk Ess it's a global movement, it's been happening for months.",
                    "comment_time": "2022-02-09 22:37:03",
                    "comment_image": null,
                    "comment_reactors": [],
                    "comment_reactions": null,
                    "comment_reaction_count": null
                },
                {
                    "comment_id": "10159559874603904",
                    "comment_url": "https://facebook.com/10159559874603904",
                    "commenter_id": "48900765",
                    "commenter_url": "https://facebook.com/bosssssssssssssssss?fref=nf&rc=p",
                    "commenter_name": "Mrk Ess",
                    "commenter_meta": "Top fan",
                    "comment_text": "Chase Gaudenzi yes, I understand. I was being sarcastic.",
                    "comment_time": "2022-02-09 22:37:03",
                    "comment_image": "https://static.xx.fbcdn.net/rsrc.php/v3/y7/r/4bRBCBmu1Q9.png",
                    "comment_reactors": [],
                    "comment_reactions": null,
                    "comment_reaction_count": null
                },
                {
                    "comment_id": "10159560943448904",
                    "comment_url": "https://facebook.com/10159560943448904",
                    "commenter_id": "48900765",
                    "commenter_url": "https://facebook.com/bosssssssssssssssss?fref=nf&rc=p",
                    "commenter_name": "Mrk Ess",
                    "commenter_meta": "Top fan",
                    "comment_text": "Manny O'Sullivan they\u2019re still there",
                    "comment_time": "2022-02-16 22:37:03",
                    "comment_image": "https://static.xx.fbcdn.net/rsrc.php/v3/y7/r/4bRBCBmu1Q9.png",
                    "comment_reactors": [],
                    "comment_reactions": null,
                    "comment_reaction_count": null
                },
                {
                    "comment_id": "10159560993963904",
                    "comment_url": "https://facebook.com/10159560993963904",
                    "commenter_id": "690156258",
                    "commenter_url": "https://facebook.com/manny.osullivan?fref=nf&rc=p",
                    "commenter_name": "Manny O'Sullivan",
                    "commenter_meta": null,
                    "comment_text": "Mrk Ess https://\ntwitter.com/\nconsumersos/\nstatus/\n1492850611003478\n024?s=21",
                    "comment_time": "2022-02-16 22:37:03",
                    "comment_image": "https://twitter.com/consumersos/status/1492850611003478024?s=21&fbclid=IwAR1js9WvhAYoDMBYjnx953LUNx4DfZ_SP_yWPD2k6wo8oPcq2-O9KQSOHFE",
                    "comment_reactors": [],
                    "comment_reactions": null,
                    "comment_reaction_count": null
                },
                {
                    "comment_id": "10159561242683904",
                    "comment_url": "https://facebook.com/10159561242683904",
                    "commenter_id": "48900765",
                    "commenter_url": "https://facebook.com/bosssssssssssssssss?fref=nf&rc=p",
                    "commenter_name": "Mrk Ess",
                    "commenter_meta": "Top fan",
                    "comment_text": "Manny O'Sullivan lol but they\u2019re still there\u2026 and they\u2019ll probably still be there tomorrow!",
                    "comment_time": "2022-02-16 22:37:03",
                    "comment_image": "https://static.xx.fbcdn.net/rsrc.php/v3/y7/r/4bRBCBmu1Q9.png",
                    "comment_reactors": [],
                    "comment_reactions": null,
                    "comment_reaction_count": null
                },
                {
                    "comment_id": "10159561424673904",
                    "comment_url": "https://facebook.com/10159561424673904",
                    "commenter_id": "690156258",
                    "commenter_url": "https://facebook.com/manny.osullivan?fref=nf&rc=p",
                    "commenter_name": "Manny O'Sullivan",
                    "commenter_meta": null,
                    "comment_text": "Mrk Ess the bridge is open, I imagine they peaked this past week so they\u2019ll saviour that for a few days, don\u2019t imagine they have a job.\n\nhttps://\ntwitter.com/\nthomasdaigle/\nstatus/\n1492501136770744\n325?s=21",
                    "comment_time": "2022-02-16 22:37:03",
                    "comment_image": "https://twitter.com/thomasdaigle/status/1492501136770744325?s=21&fbclid=IwAR1hW5KCI8j-An1h6dVG0KGQS7e5GJooVjvueI429lYY-xtpW8v8BbxBkAM",
                    "comment_reactors": [],
                    "comment_reactions": null,
                    "comment_reaction_count": null
                },
                {
                    "comment_id": "10159563829373904",
                    "comment_url": "https://facebook.com/10159563829373904",
                    "commenter_id": "48900765",
                    "commenter_url": "https://facebook.com/bosssssssssssssssss?fref=nf&rc=p",
                    "commenter_name": "Mrk Ess",
                    "commenter_meta": "Top fan",
                    "comment_text": "Manny O'Sullivan still there",
                    "comment_time": "2022-02-16 22:37:03",
                    "comment_image": "https://static.xx.fbcdn.net/rsrc.php/v3/y7/r/4bRBCBmu1Q9.png",
                    "comment_reactors": [],
                    "comment_reactions": null,
                    "comment_reaction_count": null
                },
                {
                    "comment_id": "10159564165418904",
                    "comment_url": "https://facebook.com/10159564165418904",
                    "commenter_id": "690156258",
                    "commenter_url": "https://facebook.com/manny.osullivan?fref=nf&rc=p",
                    "commenter_name": "Manny O'Sullivan",
                    "commenter_meta": null,
                    "comment_text": "Mrk Ess Bridge is open,that\u2019s all that matters.",
                    "comment_time": "2022-02-16 22:37:03",
                    "comment_image": null,
                    "comment_reactors": [],
                    "comment_reactions": null,
                    "comment_reaction_count": null
                }
            ]
        },
        {
            "comment_id": "10159559032693904",
            "comment_url": "https://facebook.com/10159559032693904",
            "commenter_id": "1570099673",
            "commenter_url": "https://facebook.com/chris.runn.9?fref=nf&rc=p&refid=52",
            "commenter_name": "Chris Runn",
            "commenter_meta": null,
            "comment_text": "Boy we\u2019re getting exposed a lot",
            "comment_time": "2022-02-09 22:37:01",
            "comment_image": null,
            "comment_reactors": [],
            "comment_reactions": null,
            "comment_reaction_count": null,
            "replies": []
        },
        {
            "comment_id": "10159558787328904",
            "comment_url": "https://facebook.com/10159558787328904",
            "commenter_id": "100008270582928",
            "commenter_url": "https://facebook.com/electpaulbell?fref=nf&rc=p&refid=52",
            "commenter_name": "Paul Bell",
            "commenter_meta": null,
            "comment_text": "Just end the mandates.",
            "comment_time": "2022-02-09 22:37:01",
            "comment_image": null,
            "comment_reactors": [],
            "comment_reactions": null,
            "comment_reaction_count": null,
            "replies": [
                {
                    "comment_id": "10159558798398904",
                    "comment_url": "https://facebook.com/10159558798398904",
                    "commenter_id": "100073092941731",
                    "commenter_url": "https://facebook.com/profile.php?id=100073092941731&fref=nf&rc=p",
                    "commenter_name": "Lee King Snach",
                    "commenter_meta": null,
                    "comment_text": "Paul Bell they are slowly, ain't going to help the unvaxxed truckers though, Biden has a mandate where you have to be vaxxed to enter the country. So what's your goal?",
                    "comment_time": "2022-02-09 22:37:04",
                    "comment_image": "https://scontent.xx.fbcdn.net/m1/v/t6/An_UvxJXg9tdnLU3Y5qjPi0200MLilhzPXUgxzGjQzUMaNcmjdZA6anyrngvkdub33NZzZhd51fpCAEzNHFhko5aKRFP5fS1w_lKwYrzcNLupv27.png?ccb=10-5&oh=00_AT9C82irDy7Sn8cI_UEelmRC1FY5K5jw2pfWXlZ8QaKL1g&oe=62246CF9&_nc_sid=55e238",
                    "comment_reactors": [],
                    "comment_reactions": null,
                    "comment_reaction_count": null
                },
                {
                    "comment_id": "10159558799933904",
                    "comment_url": "https://facebook.com/10159558799933904",
                    "commenter_id": "100008270582928",
                    "commenter_url": "https://facebook.com/electpaulbell?fref=nf&rc=p",
                    "commenter_name": "Paul Bell",
                    "commenter_meta": null,
                    "comment_text": "Lee King Snach \"Slowly\". End the passports now. Dr. Moore said they were useless. Why do they remain?",
                    "comment_time": "2022-02-09 22:37:04",
                    "comment_image": "https://scontent.xx.fbcdn.net/m1/v/t6/An_UvxJXg9tdnLU3Y5qjPi0200MLilhzPXUgxzGjQzUMaNcmjdZA6anyrngvkdub33NZzZhd51fpCAEzNHFhko5aKRFP5fS1w_lKwYrzcNLupv27.png?ccb=10-5&oh=00_AT9C82irDy7Sn8cI_UEelmRC1FY5K5jw2pfWXlZ8QaKL1g&oe=62246CF9&_nc_sid=55e238",
                    "comment_reactors": [],
                    "comment_reactions": null,
                    "comment_reaction_count": null
                },
                {
                    "comment_id": "10159558805368904",
                    "comment_url": "https://facebook.com/10159558805368904",
                    "commenter_id": "100073092941731",
                    "commenter_url": "https://facebook.com/profile.php?id=100073092941731&fref=nf&rc=p",
                    "commenter_name": "Lee King Snach",
                    "commenter_meta": null,
                    "comment_text": "Paul Bell he said it may be time to drop the passports, which they are in the plans of doing right now.\n\nThey remain because hospitalization\ns are still fairly high\n\nSo again what's your goal? Biden dont want unvaxxed truckers in the country. U want to allow unvaxxed American Truckers in though? That only helps Americans.",
                    "comment_time": "2022-02-09 22:37:04",
                    "comment_image": "https://scontent.xx.fbcdn.net/m1/v/t6/An_UvxJXg9tdnLU3Y5qjPi0200MLilhzPXUgxzGjQzUMaNcmjdZA6anyrngvkdub33NZzZhd51fpCAEzNHFhko5aKRFP5fS1w_lKwYrzcNLupv27.png?ccb=10-5&oh=00_AT9C82irDy7Sn8cI_UEelmRC1FY5K5jw2pfWXlZ8QaKL1g&oe=62246CF9&_nc_sid=55e238",
                    "comment_reactors": [],
                    "comment_reactions": null,
                    "comment_reaction_count": null
                },
                {
                    "comment_id": "10159558809088904",
                    "comment_url": "https://facebook.com/10159558809088904",
                    "commenter_id": "100008270582928",
                    "commenter_url": "https://facebook.com/electpaulbell?fref=nf&rc=p",
                    "commenter_name": "Paul Bell",
                    "commenter_meta": null,
                    "comment_text": "Lee King Snach Goal? the vaccines don't stop the spread of infection. End the mandates. You aren't going to bore us all with the insurrection narrative or the Nazi paranoia are you? Seriously, those were peaceful Canadians like you crowding the overpasses to cheer the activism on. Please don't conflate. The mandates are useless and must end now. Egos and power games can resume once we have our peaceful Canadian way of life restored. That's the \"goal\".",
                    "comment_time": "2022-02-09 22:37:04",
                    "comment_image": "https://scontent.xx.fbcdn.net/m1/v/t6/An_UvxJXg9tdnLU3Y5qjPi0200MLilhzPXUgxzGjQzUMaNcmjdZA6anyrngvkdub33NZzZhd51fpCAEzNHFhko5aKRFP5fS1w_lKwYrzcNLupv27.png?ccb=10-5&oh=00_AT9C82irDy7Sn8cI_UEelmRC1FY5K5jw2pfWXlZ8QaKL1g&oe=62246CF9&_nc_sid=55e238",
                    "comment_reactors": [],
                    "comment_reactions": null,
                    "comment_reaction_count": null
                },
                {
                    "comment_id": "10159558819633904",
                    "comment_url": "https://facebook.com/10159558819633904",
                    "commenter_id": "100073092941731",
                    "commenter_url": "https://facebook.com/profile.php?id=100073092941731&fref=nf&rc=p",
                    "commenter_name": "Lee King Snach",
                    "commenter_meta": null,
                    "comment_text": "Paul Bell they reduce the spread. Tell me what reduce means so I know you understand.\n\nPeaceful protests stand on a sidewalk with a sign, they don't block borders of essentials holding civilians hostage over a temper tantrum like terrorists.\n\nCanada is proof mandates work. We got through this in a lot better shape then most counties. You got a problem with mandates, talk to you premier. Trudeau cant fix the border without Biden.",
                    "comment_time": "2022-02-09 22:37:04",
                    "comment_image": "https://scontent.xx.fbcdn.net/m1/v/t6/An_UvxJXg9tdnLU3Y5qjPi0200MLilhzPXUgxzGjQzUMaNcmjdZA6anyrngvkdub33NZzZhd51fpCAEzNHFhko5aKRFP5fS1w_lKwYrzcNLupv27.png?ccb=10-5&oh=00_AT9C82irDy7Sn8cI_UEelmRC1FY5K5jw2pfWXlZ8QaKL1g&oe=62246CF9&_nc_sid=55e238",
                    "comment_reactors": [],
                    "comment_reactions": null,
                    "comment_reaction_count": null
                },
                {
                    "comment_id": "10159558819783904",
                    "comment_url": "https://facebook.com/10159558819783904",
                    "commenter_id": "100008270582928",
                    "commenter_url": "https://facebook.com/electpaulbell?fref=nf&rc=p",
                    "commenter_name": "Paul Bell",
                    "commenter_meta": null,
                    "comment_text": "Ken Auldman The vaccines, NOT the mandates. Don't conflate.",
                    "comment_time": "2022-02-09 22:37:04",
                    "comment_image": "https://scontent.xx.fbcdn.net/m1/v/t6/An_UvxJXg9tdnLU3Y5qjPi0200MLilhzPXUgxzGjQzUMaNcmjdZA6anyrngvkdub33NZzZhd51fpCAEzNHFhko5aKRFP5fS1w_lKwYrzcNLupv27.png?ccb=10-5&oh=00_AT9C82irDy7Sn8cI_UEelmRC1FY5K5jw2pfWXlZ8QaKL1g&oe=62246CF9&_nc_sid=55e238",
                    "comment_reactors": [],
                    "comment_reactions": null,
                    "comment_reaction_count": null
                },
                {
                    "comment_id": "10159558836858904",
                    "comment_url": "https://facebook.com/10159558836858904",
                    "commenter_id": "100000116090771",
                    "commenter_url": "https://facebook.com/bob.sobie?fref=nf&rc=p",
                    "commenter_name": "Bob Sobie",
                    "commenter_meta": null,
                    "comment_text": "Paul Bell Stop dating men paulie.",
                    "comment_time": "2022-02-09 22:37:04",
                    "comment_image": null,
                    "comment_reactors": [],
                    "comment_reactions": null,
                    "comment_reaction_count": null
                },
                {
                    "comment_id": "10159558847828904",
                    "comment_url": "https://facebook.com/10159558847828904",
                    "commenter_id": "100008270582928",
                    "commenter_url": "https://facebook.com/electpaulbell?fref=nf&rc=p",
                    "commenter_name": "Paul Bell",
                    "commenter_meta": null,
                    "comment_text": "Ken Auldman I stay out of the vaccine efficacy debate as far as who should get it or not. I'm no antivaxxer and I took some heat for believing these ones would come along as soon as they did. I don't participate in the passports because I won't utilize Rights denied others for reasons I think are unfair. I'm sure that some of the 80% (whatever) of truckers and all Canadians who detest the mandates who are vaccinated did so for their own reasons. No doubt, some felt coerced. No doubt, most were thrilled to be safer. I followed a truckers FB page about COVID since the first cases in 2020. No lack of awareness and suffering in that community. The mandates are the only problematic element. Bottom line is that they were intended to stop the spread and they don't.",
                    "comment_time": "2022-02-09 22:37:04",
                    "comment_image": "https://scontent.xx.fbcdn.net/m1/v/t6/An_UvxJXg9tdnLU3Y5qjPi0200MLilhzPXUgxzGjQzUMaNcmjdZA6anyrngvkdub33NZzZhd51fpCAEzNHFhko5aKRFP5fS1w_lKwYrzcNLupv27.png?ccb=10-5&oh=00_AT9C82irDy7Sn8cI_UEelmRC1FY5K5jw2pfWXlZ8QaKL1g&oe=62246CF9&_nc_sid=55e238",
                    "comment_reactors": [],
                    "comment_reactions": null,
                    "comment_reaction_count": null
                },
                {
                    "comment_id": "10159558849688904",
                    "comment_url": "https://facebook.com/10159558849688904",
                    "commenter_id": "100008270582928",
                    "commenter_url": "https://facebook.com/electpaulbell?fref=nf&rc=p",
                    "commenter_name": "Paul Bell",
                    "commenter_meta": null,
                    "comment_text": "Bob Sobie Don't spread homophobia. Shame on you.",
                    "comment_time": "2022-02-09 22:37:04",
                    "comment_image": "https://scontent.xx.fbcdn.net/m1/v/t6/An_UvxJXg9tdnLU3Y5qjPi0200MLilhzPXUgxzGjQzUMaNcmjdZA6anyrngvkdub33NZzZhd51fpCAEzNHFhko5aKRFP5fS1w_lKwYrzcNLupv27.png?ccb=10-5&oh=00_AT9C82irDy7Sn8cI_UEelmRC1FY5K5jw2pfWXlZ8QaKL1g&oe=62246CF9&_nc_sid=55e238",
                    "comment_reactors": [],
                    "comment_reactions": null,
                    "comment_reaction_count": null
                },
                {
                    "comment_id": "10159558856753904",
                    "comment_url": "https://facebook.com/10159558856753904",
                    "commenter_id": "100008270582928",
                    "commenter_url": "https://facebook.com/electpaulbell?fref=nf&rc=p",
                    "commenter_name": "Paul Bell",
                    "commenter_meta": null,
                    "comment_text": "Ken Auldman The mandates don't stop the spread. Think about the variables. Proper PPE (respirators) can keep wearers safe. We can stop from getting infected. Proper PPE protocol can have 100% efficacy. The passports are likely worse than zero. Vaccinated people who are infected are less likely to feel symptoms and self-isolate, \u2018super-spreader\ns\u2019.",
                    "comment_time": "2022-02-09 22:37:04",
                    "comment_image": null,
                    "comment_reactors": [],
                    "comment_reactions": null,
                    "comment_reaction_count": null
                },
                {
                    "comment_id": "10159558859528904",
                    "comment_url": "https://facebook.com/10159558859528904",
                    "commenter_id": "100008270582928",
                    "commenter_url": "https://facebook.com/electpaulbell?fref=nf&rc=p",
                    "commenter_name": "Paul Bell",
                    "commenter_meta": null,
                    "comment_text": "Ken Auldman What makes you assume I'm not vaccinated? I detest when people do that. If you and I meet and you have a phobia of unvaccinated people, I would ask that you treat me as unvaccinated. I know that a vaccinated person can spread the virus, even if you (or another individual doesn't). That doesn't mean I'm not vaccinated. It's a privacy issue. If you had a Right to know (employer as it stands), I would tell you.",
                    "comment_time": "2022-02-09 22:37:04",
                    "comment_image": null,
                    "comment_reactors": [],
                    "comment_reactions": null,
                    "comment_reaction_count": null
                },
                {
                    "comment_id": "10159558867908904",
                    "comment_url": "https://facebook.com/10159558867908904",
                    "commenter_id": "100008270582928",
                    "commenter_url": "https://facebook.com/electpaulbell?fref=nf&rc=p",
                    "commenter_name": "Paul Bell",
                    "commenter_meta": null,
                    "comment_text": "Ken Auldman Omicron does seem to be pretty mild. It doesn't set in the lungs so ventilators aren't an outcome. That was the worst of COVID-19/\nDelta. Aspirin is treatment in many cases. Normal, sensible, Flu season protocols should suffice.",
                    "comment_time": "2022-02-09 22:37:04",
                    "comment_image": "https://scontent.xx.fbcdn.net/m1/v/t6/An-0mG6nK_Uk-eBw_Z5hXaQPl2Il-GAtgNisMF_CPi6qvu85Lx2-5PalMJvS7fIbuodHct0V3tJrvSxzau9mOcNxqVhoiy8lxxQ9edz-6r6_o9YroQ.png?ccb=10-5&oh=00_AT8DpL6XSGnu65BlEd0wzMCl-j1aj9LQDKehRcc83MPQgg&oe=62252044&_nc_sid=55e238",
                    "comment_reactors": [],
                    "comment_reactions": null,
                    "comment_reaction_count": null
                },
                {
                    "comment_id": "10159558872843904",
                    "comment_url": "https://facebook.com/10159558872843904",
                    "commenter_id": "100009827686168",
                    "commenter_url": "https://facebook.com/profile.php?id=100009827686168&fref=nf&rc=p",
                    "commenter_name": "Dave Smith",
                    "commenter_meta": null,
                    "comment_text": "Paul Bell do you seriously think it will end there? But I agree -\nEnd the mandates and call their bluff.",
                    "comment_time": "2022-02-09 22:37:04",
                    "comment_image": "https://scontent.xx.fbcdn.net/m1/v/t6/An_UvxJXg9tdnLU3Y5qjPi0200MLilhzPXUgxzGjQzUMaNcmjdZA6anyrngvkdub33NZzZhd51fpCAEzNHFhko5aKRFP5fS1w_lKwYrzcNLupv27.png?ccb=10-5&oh=00_AT9C82irDy7Sn8cI_UEelmRC1FY5K5jw2pfWXlZ8QaKL1g&oe=62246CF9&_nc_sid=55e238",
                    "comment_reactors": [],
                    "comment_reactions": null,
                    "comment_reaction_count": null
                },
                {
                    "comment_id": "10159558877048904",
                    "comment_url": "https://facebook.com/10159558877048904",
                    "commenter_id": "100008270582928",
                    "commenter_url": "https://facebook.com/electpaulbell?fref=nf&rc=p",
                    "commenter_name": "Paul Bell",
                    "commenter_meta": null,
                    "comment_text": "Dave Smith I think it's about the passport/data infrastructure but they keep saying it's about the mandates so...",
                    "comment_time": "2022-02-09 22:37:04",
                    "comment_image": null,
                    "comment_reactors": [],
                    "comment_reactions": null,
                    "comment_reaction_count": null
                },
                {
                    "comment_id": "10159558896973904",
                    "comment_url": "https://facebook.com/10159558896973904",
                    "commenter_id": "100003584179943",
                    "commenter_url": "https://facebook.com/scott.verge.1?fref=nf&rc=p",
                    "commenter_name": "Scott Verge",
                    "commenter_meta": null,
                    "comment_text": "Paul Bell just give into toddlers throwing a tantrum. That totally won't backfire as a parent and lead to bratty children.",
                    "comment_time": "2022-02-09 22:37:04",
                    "comment_image": "https://scontent.xx.fbcdn.net/m1/v/t6/An_UvxJXg9tdnLU3Y5qjPi0200MLilhzPXUgxzGjQzUMaNcmjdZA6anyrngvkdub33NZzZhd51fpCAEzNHFhko5aKRFP5fS1w_lKwYrzcNLupv27.png?ccb=10-5&oh=00_AT9C82irDy7Sn8cI_UEelmRC1FY5K5jw2pfWXlZ8QaKL1g&oe=62246CF9&_nc_sid=55e238",
                    "comment_reactors": [],
                    "comment_reactions": null,
                    "comment_reaction_count": null
                },
                {
                    "comment_id": "10159558898153904",
                    "comment_url": "https://facebook.com/10159558898153904",
                    "commenter_id": "100008270582928",
                    "commenter_url": "https://facebook.com/electpaulbell?fref=nf&rc=p",
                    "commenter_name": "Paul Bell",
                    "commenter_meta": null,
                    "comment_text": "Scott Verge You started on like this last night and I indulged you. Not tonight.",
                    "comment_time": "2022-02-09 22:37:04",
                    "comment_image": "https://scontent.xx.fbcdn.net/m1/v/t6/An_F9bJG7govfshSMBkvcRLcxT0jmiXVYKtr7lgH5AHgUrjjpZ1OD0xyxXYgf7arc0lWgCdrR_KN4Mg7RSN3Gm3W6Gg03N1tQ-ZXzVvFJ_KvvB4.png?ccb=10-5&oh=00_AT8ScZKrgCPhmfSgYBZgvnQHv14vvPQpgzOW8DDMFGGodg&oe=62243F67&_nc_sid=55e238",
                    "comment_reactors": [],
                    "comment_reactions": null,
                    "comment_reaction_count": null
                },
                {
                    "comment_id": "10159558900458904",
                    "comment_url": "https://facebook.com/10159558900458904",
                    "commenter_id": "100003584179943",
                    "commenter_url": "https://facebook.com/scott.verge.1?fref=nf&rc=p",
                    "commenter_name": "Scott Verge",
                    "commenter_meta": null,
                    "comment_text": "Paul Bell just admit it. You're a terrible parent that raised brats aren't you?",
                    "comment_time": "2022-02-09 22:37:04",
                    "comment_image": null,
                    "comment_reactors": [],
                    "comment_reactions": null,
                    "comment_reaction_count": null
                },
                {
                    "comment_id": "10159558901968904",
                    "comment_url": "https://facebook.com/10159558901968904",
                    "commenter_id": "100008270582928",
                    "commenter_url": "https://facebook.com/electpaulbell?fref=nf&rc=p",
                    "commenter_name": "Paul Bell",
                    "commenter_meta": null,
                    "comment_text": "Scott Verge You're an awesome profiler Scott. Are you and Bob Sobie with the same firm?",
                    "comment_time": "2022-02-09 22:37:04",
                    "comment_image": "https://scontent.xx.fbcdn.net/m1/v/t6/An_UvxJXg9tdnLU3Y5qjPi0200MLilhzPXUgxzGjQzUMaNcmjdZA6anyrngvkdub33NZzZhd51fpCAEzNHFhko5aKRFP5fS1w_lKwYrzcNLupv27.png?ccb=10-5&oh=00_AT9C82irDy7Sn8cI_UEelmRC1FY5K5jw2pfWXlZ8QaKL1g&oe=62246CF9&_nc_sid=55e238",
                    "comment_reactors": [],
                    "comment_reactions": null,
                    "comment_reaction_count": null
                },
                {
                    "comment_id": "10159559736748904",
                    "comment_url": "https://facebook.com/10159559736748904",
                    "commenter_id": "715811347",
                    "commenter_url": "https://facebook.com/chase.gaudenzi?fref=nf&rc=p",
                    "commenter_name": "Chase Gaudenzi",
                    "commenter_meta": null,
                    "comment_text": "Scott Verge what, you don't follow the science? It's been almost two year with these mandates, and we haven't slowed the spread of Covid. How can you be comfortable with our government keeping policies that go against the science?",
                    "comment_time": "2022-02-09 22:37:04",
                    "comment_image": null,
                    "comment_reactors": [],
                    "comment_reactions": null,
                    "comment_reaction_count": null
                },
                {
                    "comment_id": "10159559909718904",
                    "comment_url": "https://facebook.com/10159559909718904",
                    "commenter_id": "100003584179943",
                    "commenter_url": "https://facebook.com/scott.verge.1?fref=nf&rc=p",
                    "commenter_name": "Scott Verge",
                    "commenter_meta": null,
                    "comment_text": "Chase Gaudenzi I agree that at this point in time the mandates likely aren't doing much with Omicron.\n\nI suspect the government is already only a few months away from dropping them.\n\nHowever that doesn't mean it's a good idea to give into a group of protesters that represent far less than 50% of the Canadians population.\n\nShould BLM protest this summer and demand the defunding of all police? Should the government just roll over and agree?\n\nDo you not see the precedent this would set?",
                    "comment_time": "2022-02-09 22:37:04",
                    "comment_image": null,
                    "comment_reactors": [],
                    "comment_reactions": null,
                    "comment_reaction_count": null
                },
                {
                    "comment_id": "10159559947693904",
                    "comment_url": "https://facebook.com/10159559947693904",
                    "commenter_id": "715811347",
                    "commenter_url": "https://facebook.com/chase.gaudenzi?fref=nf&rc=p",
                    "commenter_name": "Chase Gaudenzi",
                    "commenter_meta": null,
                    "comment_text": "Scott Verge how many black unarmed Canadians are killed per year? That affects a couple of people, but these mandates affect millions. Big difference.",
                    "comment_time": "2022-02-09 22:37:04",
                    "comment_image": null,
                    "comment_reactors": [],
                    "comment_reactions": null,
                    "comment_reaction_count": null
                },
                {
                    "comment_id": "10159560248968904",
                    "comment_url": "https://facebook.com/10159560248968904",
                    "commenter_id": "100003584179943",
                    "commenter_url": "https://facebook.com/scott.verge.1?fref=nf&rc=p",
                    "commenter_name": "Scott Verge",
                    "commenter_meta": null,
                    "comment_text": "Chase Gaudenzi it doesn't just effects the people that have been killed. It effects all black Canadians to varying degrees.",
                    "comment_time": "2022-02-09 22:37:04",
                    "comment_image": null,
                    "comment_reactors": [],
                    "comment_reactions": null,
                    "comment_reaction_count": null
                },
                {
                    "comment_id": "10159560275338904",
                    "comment_url": "https://facebook.com/10159560275338904",
                    "commenter_id": "715811347",
                    "commenter_url": "https://facebook.com/chase.gaudenzi?fref=nf&rc=p",
                    "commenter_name": "Chase Gaudenzi",
                    "commenter_meta": null,
                    "comment_text": "Scott Verge this is bigger, it's global bud. The science changes and so should the policies.",
                    "comment_time": "2022-02-09 22:37:04",
                    "comment_image": null,
                    "comment_reactors": [],
                    "comment_reactions": null,
                    "comment_reaction_count": null
                },
                {
                    "comment_id": "10159561706988904",
                    "comment_url": "https://facebook.com/10159561706988904",
                    "commenter_id": "100077670665949",
                    "commenter_url": "https://facebook.com/profile.php?id=100077670665949&fref=nf&rc=p",
                    "commenter_name": "Richard Sixton",
                    "commenter_meta": "Top fan",
                    "comment_text": "Scott Verge Is it really fair to call our elected officials \"toddlers\" ?\n\nAt any rate, three provices and a handful of countries have already lifted mandates so it will happen soon here.\n\nWhat we know now is a LOT more poeple have had COVID than we thought (probably 10-100X as many as those who were symptomatic) and that gets you immunity as good as if not better than the shots.\n\nThe mRNA vaccines make antigens for S and P spikes, but an infection gets you more general antigens, not just spike proteins and are believed to protect from more variants than the mRNA shots do.\n\nThis has been big news in medical journals is is why the mandates are being relaxed now.\n\nReferences:\n\nMandating vaccines for the naturally immune \u201cactually creates problems because when people see that they are forced to take a vaccine that they don\u2019t need because they already are immune, that causes a lot of distrust in public health\nhttps://\nmunkdebates.com/\npodcast/\nvaccine-mandates\n\nColumbia: it is likely a highly significant majority of the unvaccinated now have natural immunity\nhttps://\nwww.publichealth\n.columbia.edu/\npublic-health-no\nw/news/\nactive-covid-cas\nes-may-be-ten-t\nimes-official-c\nount-study\n\nCohen: \u201cwe don\u2019t see virtually any difference \u2026 between people vaccinated and nonvaccinated,\u201d\nadding \u201cboth get infected with the virus, more or less at the same pace.\u201d\nhttps://\nweb.archive.org/\nweb/\n20220131140730/\nhttps://\nunherd.com/\nthepost/\nisraeli-vaccine-\nchief-we-have-m\nade-mistakes/\n\nSalvatore: \u201cclinicians and public health practitioners should consider vaccinated persons who become infected with SARS-CoV-2 to be no less infectious than unvaccinated persons.\u201d\nhttps://\nwww.medrxiv.org/\ncontent/10.1101/\n2021.11.12.21265\n796v1\n\nNeedles: the original randomized clinical trials for Pfizer and Moderna did not test if the vaccines stop transmission\nhttps://\nwww.tabletmag.co\nm/sections/\nscience/\narticles/\nneedle-points-va\nccinations-chap\nter-three",
                    "comment_time": "2022-02-16 22:37:04",
                    "comment_image": "https://munkdebates.com/podcast/vaccine-mandates?fbclid=IwAR3cdOQC5jSM84VZvZqfFmj_ugOzrmNiLHEthcmjVa76tFuxGSXdU1KeM9U",
                    "comment_reactors": [],
                    "comment_reactions": null,
                    "comment_reaction_count": null
                },
                {
                    "comment_id": "10159561707733904",
                    "comment_url": "https://facebook.com/10159561707733904",
                    "commenter_id": "100077670665949",
                    "commenter_url": "https://facebook.com/profile.php?id=100077670665949&fref=nf&rc=p",
                    "commenter_name": "Richard Sixton",
                    "commenter_meta": "Top fan",
                    "comment_text": "https://\nwww.theglobeandm\nail.com/\npolitics/\narticle-changes-\nto-covid-19-bor\nder-measures-to\n-be-announced-n\next-week-health\n/",
                    "comment_time": "2022-02-16 22:37:04",
                    "comment_image": "https://www.theglobeandmail.com/politics/article-changes-to-covid-19-border-measures-to-be-announced-next-week-health/?fbclid=IwAR3XF6qTWYhGjFjVT4rhArIkMmcjXkWRHCZb0eRv2559efM0s4UCf6e-DmE",
                    "comment_reactors": [],
                    "comment_reactions": null,
                    "comment_reaction_count": null
                },
                {
                    "comment_id": "10159561918248904",
                    "comment_url": "https://facebook.com/10159561918248904",
                    "commenter_id": "100003584179943",
                    "commenter_url": "https://facebook.com/scott.verge.1?fref=nf&rc=p",
                    "commenter_name": "Scott Verge",
                    "commenter_meta": null,
                    "comment_text": "Richard Sixton yes the mandates will be lifted here soon as well. So why bother blocking roads and bridges? If anything this could make the government more resistant to lifting them because they can't be seen bowing to pressure to a small percentage of the population.\n\nWhat would it say to Canadians if they bow to this pressure and then they don't take any action when a different group occupies Ottawa or blocks bridges and streets? Why does this group get special treatment?",
                    "comment_time": "2022-02-16 22:37:04",
                    "comment_image": null,
                    "comment_reactors": [],
                    "comment_reactions": null,
                    "comment_reaction_count": null
                },
                {
                    "comment_id": "10159561924588904",
                    "comment_url": "https://facebook.com/10159561924588904",
                    "commenter_id": "100008270582928",
                    "commenter_url": "https://facebook.com/electpaulbell?fref=nf&rc=p",
                    "commenter_name": "Paul Bell",
                    "commenter_meta": null,
                    "comment_text": "Scott Verge Nothing to do with who the group is. If anything, this is harsh treatment and rhetoric. Tamils broke through police barricades and took over the Gardiner in 2009. They wanted to direct Canada's foreign policy. Chief Blair advised Torontonians to prepare for weeks of such activism. Nobody was arrested or had their stuff taken.\nThe mandates should nave already ended. we don't need eased back into our inherent Rights. It seems pretty clear that the Provincial monitoring system is intended to go national under the premise of vaccination passports. Unless the infrastructure is destroyed and not just the sanctions repealed, the distrust is valid.",
                    "comment_time": "2022-02-16 22:37:04",
                    "comment_image": null,
                    "comment_reactors": [],
                    "comment_reactions": null,
                    "comment_reaction_count": null
                },
                {
                    "comment_id": "10159563407068904",
                    "comment_url": "https://facebook.com/10159563407068904",
                    "commenter_id": "100077670665949",
                    "commenter_url": "https://facebook.com/profile.php?id=100077670665949&fref=nf&rc=p",
                    "commenter_name": "Richard Sixton",
                    "commenter_meta": "Top fan",
                    "comment_text": "Scott Verge They're doing what Ontario's top doctor said to do. The Truckers just make his point louder. It's not accurate to say they're giving in to the truckers any more than to say they're giving in to Ontario's top doc. There was widespread concern that things should be opened up a bit from scientists and the populous and the goverment is doing what is right now. <shrug>\n\nOntario needs to 'reassess the value' of COVID-19 vaccine passport system, top doctor says\nhttps://\ntoronto.ctvnews.\nca/\nontario-needs-to\n-reassess-the-v\nalue-of-covid-1\n9-vaccine-passp\nort-system-top-\ndoctor-says-1.5\n765973",
                    "comment_time": "2022-02-16 22:37:04",
                    "comment_image": "https://toronto.ctvnews.ca/ontario-needs-to-reassess-the-value-of-covid-19-vaccine-passport-system-top-doctor-says-1.5765973?fbclid=IwAR3QYW6Y_jxRyr8CCrVpgMMkcDP4Et5E1ah_LFVhY6JVOqW2Z4AJqaaAKTg",
                    "comment_reactors": [],
                    "comment_reactions": null,
                    "comment_reaction_count": null
                }
            ]
        },
        {
            "comment_id": "10159559114983904",
            "comment_url": "https://facebook.com/10159559114983904",
            "commenter_id": "1832406658",
            "commenter_url": "https://facebook.com/keith.swazey?fref=nf&rc=p&refid=52",
            "commenter_name": "Keith Swazey",
            "commenter_meta": null,
            "comment_text": "Better follow back in chain/money source/\nplanning info to see who\u2019s really behind crippling USA thru Canada while USA is distracted by Ukraine... poor protesters are being played ...",
            "comment_time": "2022-02-09 22:37:01",
            "comment_image": null,
            "comment_reactors": [],
            "comment_reactions": null,
            "comment_reaction_count": null,
            "replies": []
        },
        {
            "comment_id": "10159559187383904",
            "comment_url": "https://facebook.com/10159559187383904",
            "commenter_id": "100073490949655",
            "commenter_url": "https://facebook.com/profile.php?id=100073490949655&fref=nf&rc=p&refid=52",
            "commenter_name": "Angie Watling",
            "commenter_meta": null,
            "comment_text": "Oh right , the govt only shut the economy down and bankrupted the businesses for almost 3 years now, before the blockade?\n\ud83d\udd95",
            "comment_time": "2022-02-09 22:37:01",
            "comment_image": null,
            "comment_reactors": [],
            "comment_reactions": null,
            "comment_reaction_count": null,
            "replies": [
                {
                    "comment_id": "10159559284373904",
                    "comment_url": "https://facebook.com/10159559284373904",
                    "commenter_id": "827002117",
                    "commenter_url": "https://facebook.com/sylvia.watson.925?fref=nf&rc=p",
                    "commenter_name": "Sylvia Watson",
                    "commenter_meta": null,
                    "comment_text": "Angie Watling ..so tell us, how you would have dealt with a worldwide pandemic?",
                    "comment_time": "2022-02-09 22:37:05",
                    "comment_image": "https://scontent.xx.fbcdn.net/m1/v/t6/An_UvxJXg9tdnLU3Y5qjPi0200MLilhzPXUgxzGjQzUMaNcmjdZA6anyrngvkdub33NZzZhd51fpCAEzNHFhko5aKRFP5fS1w_lKwYrzcNLupv27.png?ccb=10-5&oh=00_AT9C82irDy7Sn8cI_UEelmRC1FY5K5jw2pfWXlZ8QaKL1g&oe=62246CF9&_nc_sid=55e238",
                    "comment_reactors": [],
                    "comment_reactions": null,
                    "comment_reaction_count": null
                },
                {
                    "comment_id": "10159559395223904",
                    "comment_url": "https://facebook.com/10159559395223904",
                    "commenter_id": "100073490949655",
                    "commenter_url": "https://facebook.com/profile.php?id=100073490949655&fref=nf&rc=p",
                    "commenter_name": "Angie Watling",
                    "commenter_meta": null,
                    "comment_text": "Sylvia Watson after almost 3 years, and what we are witnessing ...\nYou cant really believe this is about the\"pandemic\"?",
                    "comment_time": "2022-02-09 22:37:05",
                    "comment_image": "https://scontent.xx.fbcdn.net/m1/v/t6/An_UvxJXg9tdnLU3Y5qjPi0200MLilhzPXUgxzGjQzUMaNcmjdZA6anyrngvkdub33NZzZhd51fpCAEzNHFhko5aKRFP5fS1w_lKwYrzcNLupv27.png?ccb=10-5&oh=00_AT9C82irDy7Sn8cI_UEelmRC1FY5K5jw2pfWXlZ8QaKL1g&oe=62246CF9&_nc_sid=55e238",
                    "comment_reactors": [],
                    "comment_reactions": null,
                    "comment_reaction_count": null
                },
                {
                    "comment_id": "10159559432538904",
                    "comment_url": "https://facebook.com/10159559432538904",
                    "commenter_id": "835005136",
                    "commenter_url": "https://facebook.com/alexander.david.75873?fref=nf&rc=p",
                    "commenter_name": "Alexander David",
                    "commenter_meta": null,
                    "comment_text": "Angie Watling yea it\u2019s about the pandemic and Ottawa didn\u2019t shut down the economy. Lockdowns are provincial and exclusively their jurisdiction. It wasn\u2019t Trudeau who issued an emergency order in Ontario, right?\n\nWhat definitely happened in 3 years is a severe lack of understanding how Canada functions.",
                    "comment_time": "2022-02-09 22:37:05",
                    "comment_image": "https://scontent.xx.fbcdn.net/m1/v/t6/An_UvxJXg9tdnLU3Y5qjPi0200MLilhzPXUgxzGjQzUMaNcmjdZA6anyrngvkdub33NZzZhd51fpCAEzNHFhko5aKRFP5fS1w_lKwYrzcNLupv27.png?ccb=10-5&oh=00_AT9C82irDy7Sn8cI_UEelmRC1FY5K5jw2pfWXlZ8QaKL1g&oe=62246CF9&_nc_sid=55e238",
                    "comment_reactors": [],
                    "comment_reactions": null,
                    "comment_reaction_count": null
                },
                {
                    "comment_id": "10159559466218904",
                    "comment_url": "https://facebook.com/10159559466218904",
                    "commenter_id": "827002117",
                    "commenter_url": "https://facebook.com/sylvia.watson.925?fref=nf&rc=p",
                    "commenter_name": "Sylvia Watson",
                    "commenter_meta": null,
                    "comment_text": "Angie Watling \u2026So in your view the last two years are not about public health trying to navigate the many waves of covid, but governments trying to control you? So you believe that a secret cabal somewhere is directing all governments?",
                    "comment_time": "2022-02-09 22:37:05",
                    "comment_image": "https://scontent.xx.fbcdn.net/m1/v/t6/An_UvxJXg9tdnLU3Y5qjPi0200MLilhzPXUgxzGjQzUMaNcmjdZA6anyrngvkdub33NZzZhd51fpCAEzNHFhko5aKRFP5fS1w_lKwYrzcNLupv27.png?ccb=10-5&oh=00_AT9C82irDy7Sn8cI_UEelmRC1FY5K5jw2pfWXlZ8QaKL1g&oe=62246CF9&_nc_sid=55e238",
                    "comment_reactors": [],
                    "comment_reactions": null,
                    "comment_reaction_count": null
                },
                {
                    "comment_id": "10159559587868904",
                    "comment_url": "https://facebook.com/10159559587868904",
                    "commenter_id": "510988906",
                    "commenter_url": "https://facebook.com/kwaku.ametort?fref=nf&rc=p",
                    "commenter_name": "Kwaku Ametor",
                    "commenter_meta": null,
                    "comment_text": "Sylvia Watson These guys have managed to convince themselves that people in government are some Darth Vaders in a secret bunker. They clearly doesn't know they are real people who live among the general population and get affected by those lockdowns and health protocols.\n\nIn order to believe their own BS, they have to also convince themselves there was no pandemic at all, or that the pandemic is not as bad as it actually is.",
                    "comment_time": "2022-02-09 22:37:05",
                    "comment_image": "https://scontent.xx.fbcdn.net/m1/v/t6/An_UvxJXg9tdnLU3Y5qjPi0200MLilhzPXUgxzGjQzUMaNcmjdZA6anyrngvkdub33NZzZhd51fpCAEzNHFhko5aKRFP5fS1w_lKwYrzcNLupv27.png?ccb=10-5&oh=00_AT9C82irDy7Sn8cI_UEelmRC1FY5K5jw2pfWXlZ8QaKL1g&oe=62246CF9&_nc_sid=55e238",
                    "comment_reactors": [],
                    "comment_reactions": null,
                    "comment_reaction_count": null
                },
                {
                    "comment_id": "10159559742488904",
                    "comment_url": "https://facebook.com/10159559742488904",
                    "commenter_id": "715811347",
                    "commenter_url": "https://facebook.com/chase.gaudenzi?fref=nf&rc=p",
                    "commenter_name": "Chase Gaudenzi",
                    "commenter_meta": null,
                    "comment_text": "Kwaku Ametor so, in human history, governments have never done anything heinous? People wgo blindly follow the government, slept through history class.",
                    "comment_time": "2022-02-09 22:37:05",
                    "comment_image": null,
                    "comment_reactors": [],
                    "comment_reactions": null,
                    "comment_reaction_count": null
                },
                {
                    "comment_id": "10159559858548904",
                    "comment_url": "https://facebook.com/10159559858548904",
                    "commenter_id": "513600015",
                    "commenter_url": "https://facebook.com/mager2?fref=nf&rc=p",
                    "commenter_name": "Chris Michael",
                    "commenter_meta": null,
                    "comment_text": "Sylvia Watson Like Sweden. spend all the money protecting the most vulnerable.",
                    "comment_time": "2022-02-09 22:37:05",
                    "comment_image": null,
                    "comment_reactors": [],
                    "comment_reactions": null,
                    "comment_reaction_count": null
                },
                {
                    "comment_id": "10159561075008904",
                    "comment_url": "https://facebook.com/10159561075008904",
                    "commenter_id": "509546034",
                    "commenter_url": "https://facebook.com/ashley.faller.9?fref=nf&rc=p",
                    "commenter_name": "Ashley Faller",
                    "commenter_meta": null,
                    "comment_text": "Angie Watling Yea and NOW truckers are PERSONALLY forcing business to close and workers to not ne able to work, while having a giant street party in the city core !! Tell me again how this is justified.",
                    "comment_time": "2022-02-16 22:37:05",
                    "comment_image": "https://scontent.xx.fbcdn.net/m1/v/t6/An_UvxJXg9tdnLU3Y5qjPi0200MLilhzPXUgxzGjQzUMaNcmjdZA6anyrngvkdub33NZzZhd51fpCAEzNHFhko5aKRFP5fS1w_lKwYrzcNLupv27.png?ccb=10-5&oh=00_AT9C82irDy7Sn8cI_UEelmRC1FY5K5jw2pfWXlZ8QaKL1g&oe=62246CF9&_nc_sid=55e238",
                    "comment_reactors": [],
                    "comment_reactions": null,
                    "comment_reaction_count": null
                },
                {
                    "comment_id": "10159561706523904",
                    "comment_url": "https://facebook.com/10159561706523904",
                    "commenter_id": "100073490949655",
                    "commenter_url": "https://facebook.com/profile.php?id=100073490949655&fref=nf&rc=p",
                    "commenter_name": "Angie Watling",
                    "commenter_meta": null,
                    "comment_text": "Ashley Faller l know l mourn for our country...\nHeres the question Ashley...\nW\nIn what direction does the prime minister intend to take our country?\nHe will never give the honest answer...\nthats obvious!\nBut the truth is... we will not like it!\nAnd its happening slowly ...\nDid you see the interviews his own brother gave?\nDid you see our leader smugly saying he was\"insulted\" when folks say that the cbc caves to the left liberals...beca\nuse, after all he paid them\"600 million to cover for them\"\nThose are his words!\nAnd good people have lost so much...hard working , families...\nTheyre just being \"gas lighted\"\nLike theres not a thing amiss going on!\nI agree this in the end is not going to do much for us ...\nbecause they (govt) does not care for us , or the economy?\nI am not a conspiracy nut job...\nI wish we were wrong...\nBut the heartbreaking truth is...this is our reality\nI dont want to live in an authoritarian state..like china...and people laugh.\n.but its not funny!\nIm terrified of whats coming to us Ashley!\nPlease just ask yourself...\nwith everything that were witnessing in real time...\nIs it really about a \"pandemic\"",
                    "comment_time": "2022-02-16 22:37:05",
                    "comment_image": null,
                    "comment_reactors": [],
                    "comment_reactions": null,
                    "comment_reaction_count": null
                },
                {
                    "comment_id": "10159561728273904",
                    "comment_url": "https://facebook.com/10159561728273904",
                    "commenter_id": "509546034",
                    "commenter_url": "https://facebook.com/ashley.faller.9?fref=nf&rc=p",
                    "commenter_name": "Ashley Faller",
                    "commenter_meta": null,
                    "comment_text": "Angie Watling I m no fan of Trudeau and if the Conservatives had a reasonable candidate then they would have won easily. The truckers have made this canadian vs Canadian not about the Government. You think people here in ottawa haven't? Yet these truckers act like they are justified in punishing the citizens here because we live here. This is not an authority state, this is not just happening in Canada this happened all over the world because we are in a global pandemic. We ALL want these mandates to end, I want my kids to go to school and do activities and not worry or have to wear a mask anymore but the reality is that THIS is not how it should be done and THIS is a dangerous precedent.",
                    "comment_time": "2022-02-16 22:37:05",
                    "comment_image": "https://scontent.xx.fbcdn.net/m1/v/t6/An_UvxJXg9tdnLU3Y5qjPi0200MLilhzPXUgxzGjQzUMaNcmjdZA6anyrngvkdub33NZzZhd51fpCAEzNHFhko5aKRFP5fS1w_lKwYrzcNLupv27.png?ccb=10-5&oh=00_AT9C82irDy7Sn8cI_UEelmRC1FY5K5jw2pfWXlZ8QaKL1g&oe=62246CF9&_nc_sid=55e238",
                    "comment_reactors": [],
                    "comment_reactions": null,
                    "comment_reaction_count": null
                }
            ]
        },
        {
            "comment_id": "10159559402738904",
            "comment_url": "https://facebook.com/10159559402738904",
            "commenter_id": "752276958",
            "commenter_url": "https://facebook.com/vin.scott.7?fref=nf&rc=p&refid=52",
            "commenter_name": "Vin Scott",
            "commenter_meta": null,
            "comment_text": "Seems every time a politician mandates a sector, they lay claim that it won't have a negative impact on that very sector. Healthcare, mail delivery, supply chain, etc, etc, And each and every time, it seems to have a negative impact. 700 billion spent on a pandemic and healthcare capacity is at its lowest. Hmmm",
            "comment_time": "2022-02-09 22:37:01",
            "comment_image": null,
            "comment_reactors": [],
            "comment_reactions": null,
            "comment_reaction_count": null,
            "replies": []
        },
        {
            "comment_id": "10159558819223904",
            "comment_url": "https://facebook.com/10159558819223904",
            "commenter_id": "521246230",
            "commenter_url": "https://facebook.com/robthegolfnut?fref=nf&rc=p&refid=52",
            "commenter_name": "Rob Simpson",
            "commenter_meta": null,
            "comment_text": "ALL THE GOVERNMENT HAD TO DO IS WHAT WE THE PEOPLE WANT... bUT THEY RATHER HAVE THIS INSTEAD",
            "comment_time": "2022-02-09 22:37:01",
            "comment_image": null,
            "comment_reactors": [],
            "comment_reactions": null,
            "comment_reaction_count": null,
            "replies": [
                {
                    "comment_id": "10159558871988904",
                    "comment_url": "https://facebook.com/10159558871988904",
                    "commenter_id": "100009827686168",
                    "commenter_url": "https://facebook.com/profile.php?id=100009827686168&fref=nf&rc=p",
                    "commenter_name": "Dave Smith",
                    "commenter_meta": null,
                    "comment_text": "Rob Simpson you mean what 10-20% want.",
                    "comment_time": "2022-02-09 22:37:06",
                    "comment_image": "https://scontent.xx.fbcdn.net/m1/v/t6/An_UvxJXg9tdnLU3Y5qjPi0200MLilhzPXUgxzGjQzUMaNcmjdZA6anyrngvkdub33NZzZhd51fpCAEzNHFhko5aKRFP5fS1w_lKwYrzcNLupv27.png?ccb=10-5&oh=00_AT9C82irDy7Sn8cI_UEelmRC1FY5K5jw2pfWXlZ8QaKL1g&oe=62246CF9&_nc_sid=55e238",
                    "comment_reactors": [],
                    "comment_reactions": null,
                    "comment_reaction_count": null
                },
                {
                    "comment_id": "10159558897778904",
                    "comment_url": "https://facebook.com/10159558897778904",
                    "commenter_id": "100003584179943",
                    "commenter_url": "https://facebook.com/scott.verge.1?fref=nf&rc=p",
                    "commenter_name": "Scott Verge",
                    "commenter_meta": null,
                    "comment_text": "Rob Simpson the people don't want an end to the mandates.\n\nWhat made truckers the decision makers in our democracy?",
                    "comment_time": "2022-02-09 22:37:06",
                    "comment_image": "https://scontent.xx.fbcdn.net/m1/v/t6/An_UvxJXg9tdnLU3Y5qjPi0200MLilhzPXUgxzGjQzUMaNcmjdZA6anyrngvkdub33NZzZhd51fpCAEzNHFhko5aKRFP5fS1w_lKwYrzcNLupv27.png?ccb=10-5&oh=00_AT9C82irDy7Sn8cI_UEelmRC1FY5K5jw2pfWXlZ8QaKL1g&oe=62246CF9&_nc_sid=55e238",
                    "comment_reactors": [],
                    "comment_reactions": null,
                    "comment_reaction_count": null
                },
                {
                    "comment_id": "10159558913323904",
                    "comment_url": "https://facebook.com/10159558913323904",
                    "commenter_id": "831040006",
                    "commenter_url": "https://facebook.com/adrian.ayotte.1?fref=nf&rc=p",
                    "commenter_name": "Adrian Ayotte",
                    "commenter_meta": null,
                    "comment_text": "Rob Simpson I DONT WANT TRUCKERS DECIDING FEDERAL OR PROVINCIAL HEALTH MATTERS. I LIKE YELLING!!",
                    "comment_time": "2022-02-09 22:37:06",
                    "comment_image": "https://scontent.xx.fbcdn.net/m1/v/t6/An_UvxJXg9tdnLU3Y5qjPi0200MLilhzPXUgxzGjQzUMaNcmjdZA6anyrngvkdub33NZzZhd51fpCAEzNHFhko5aKRFP5fS1w_lKwYrzcNLupv27.png?ccb=10-5&oh=00_AT9C82irDy7Sn8cI_UEelmRC1FY5K5jw2pfWXlZ8QaKL1g&oe=62246CF9&_nc_sid=55e238",
                    "comment_reactors": [],
                    "comment_reactions": null,
                    "comment_reaction_count": null
                },
                {
                    "comment_id": "10159559207403904",
                    "comment_url": "https://facebook.com/10159559207403904",
                    "commenter_id": "592575033",
                    "commenter_url": "https://facebook.com/J.GUNS26?fref=nf&rc=p",
                    "commenter_name": "Justin Walters",
                    "commenter_meta": null,
                    "comment_text": "Dave Smith no what 90% of ppl want other then a few welfare liberals",
                    "comment_time": "2022-02-09 22:37:06",
                    "comment_image": "https://scontent.xx.fbcdn.net/m1/v/t6/An_UvxJXg9tdnLU3Y5qjPi0200MLilhzPXUgxzGjQzUMaNcmjdZA6anyrngvkdub33NZzZhd51fpCAEzNHFhko5aKRFP5fS1w_lKwYrzcNLupv27.png?ccb=10-5&oh=00_AT9C82irDy7Sn8cI_UEelmRC1FY5K5jw2pfWXlZ8QaKL1g&oe=62246CF9&_nc_sid=55e238",
                    "comment_reactors": [],
                    "comment_reactions": null,
                    "comment_reaction_count": null
                },
                {
                    "comment_id": "10159559355853904",
                    "comment_url": "https://facebook.com/10159559355853904",
                    "commenter_id": "100009827686168",
                    "commenter_url": "https://facebook.com/profile.php?id=100009827686168&fref=nf&rc=p",
                    "commenter_name": "Dave Smith",
                    "commenter_meta": null,
                    "comment_text": "Justin Walters we will see.",
                    "comment_time": "2022-02-09 22:37:06",
                    "comment_image": "https://scontent.xx.fbcdn.net/m1/v/t6/An_UvxJXg9tdnLU3Y5qjPi0200MLilhzPXUgxzGjQzUMaNcmjdZA6anyrngvkdub33NZzZhd51fpCAEzNHFhko5aKRFP5fS1w_lKwYrzcNLupv27.png?ccb=10-5&oh=00_AT9C82irDy7Sn8cI_UEelmRC1FY5K5jw2pfWXlZ8QaKL1g&oe=62246CF9&_nc_sid=55e238",
                    "comment_reactors": [],
                    "comment_reactions": null,
                    "comment_reaction_count": null
                },
                {
                    "comment_id": "10159559614643904",
                    "comment_url": "https://facebook.com/10159559614643904",
                    "commenter_id": "100043257961739",
                    "commenter_url": "https://facebook.com/bonnie.cull.7?fref=nf&rc=p",
                    "commenter_name": "Bonnie Cull",
                    "commenter_meta": null,
                    "comment_text": "They are doing what we want, WHAT US SANE LIBS WHO DONT DENY SCIENCE WANT. DERP. WELCOME TO DEMOCRACY, MOBB RULES, #NEVERCON",
                    "comment_time": "2022-02-09 22:37:06",
                    "comment_image": "https://scontent.xx.fbcdn.net/m1/v/t6/An_UvxJXg9tdnLU3Y5qjPi0200MLilhzPXUgxzGjQzUMaNcmjdZA6anyrngvkdub33NZzZhd51fpCAEzNHFhko5aKRFP5fS1w_lKwYrzcNLupv27.png?ccb=10-5&oh=00_AT9C82irDy7Sn8cI_UEelmRC1FY5K5jw2pfWXlZ8QaKL1g&oe=62246CF9&_nc_sid=55e238",
                    "comment_reactors": [],
                    "comment_reactions": null,
                    "comment_reaction_count": null
                },
                {
                    "comment_id": "10159559616408904",
                    "comment_url": "https://facebook.com/10159559616408904",
                    "commenter_id": "100043257961739",
                    "commenter_url": "https://facebook.com/bonnie.cull.7?fref=nf&rc=p",
                    "commenter_name": "Bonnie Cull",
                    "commenter_meta": null,
                    "comment_text": "Justin Walters Us university educated libs never lost our jobs or needed cerb dear, keep crying lol A cbc article states that it was Alberta cons who took the most cerb payments in Canada. Us libs are saving thousands monthly by working from home for 2 yrs lol Did you work from home? Lol #NEVERCON",
                    "comment_time": "2022-02-09 22:37:06",
                    "comment_image": "https://scontent.xx.fbcdn.net/m1/v/t6/An_UvxJXg9tdnLU3Y5qjPi0200MLilhzPXUgxzGjQzUMaNcmjdZA6anyrngvkdub33NZzZhd51fpCAEzNHFhko5aKRFP5fS1w_lKwYrzcNLupv27.png?ccb=10-5&oh=00_AT9C82irDy7Sn8cI_UEelmRC1FY5K5jw2pfWXlZ8QaKL1g&oe=62246CF9&_nc_sid=55e238",
                    "comment_reactors": [],
                    "comment_reactions": null,
                    "comment_reaction_count": null
                },
                {
                    "comment_id": "10159559618953904",
                    "comment_url": "https://facebook.com/10159559618953904",
                    "commenter_id": "100043257961739",
                    "commenter_url": "https://facebook.com/bonnie.cull.7?fref=nf&rc=p",
                    "commenter_name": "Bonnie Cull",
                    "commenter_meta": null,
                    "comment_text": "You know how unhinged they are when they use all caps lol I gave him back some of his own medicine too in my comment, though he probably wont pick up on it lol #NEVERCON",
                    "comment_time": "2022-02-09 22:37:06",
                    "comment_image": null,
                    "comment_reactors": [],
                    "comment_reactions": null,
                    "comment_reaction_count": null
                },
                {
                    "comment_id": "10159559953573904",
                    "comment_url": "https://facebook.com/10159559953573904",
                    "commenter_id": "100033142905630",
                    "commenter_url": "https://facebook.com/robert.dauchapt.73?fref=nf&rc=p",
                    "commenter_name": "Robert Dauchapt",
                    "commenter_meta": null,
                    "comment_text": "Rob Simpson you the people....not WE, as the vast majority of Canadians think these protesters are nothing more than selfish idiots who have no concept of how society and commerce works. They are fighting for their own personal freedom, that's all they care about.",
                    "comment_time": "2022-02-09 22:37:06",
                    "comment_image": "https://scontent.xx.fbcdn.net/m1/v/t6/An_UvxJXg9tdnLU3Y5qjPi0200MLilhzPXUgxzGjQzUMaNcmjdZA6anyrngvkdub33NZzZhd51fpCAEzNHFhko5aKRFP5fS1w_lKwYrzcNLupv27.png?ccb=10-5&oh=00_AT9C82irDy7Sn8cI_UEelmRC1FY5K5jw2pfWXlZ8QaKL1g&oe=62246CF9&_nc_sid=55e238",
                    "comment_reactors": [],
                    "comment_reactions": null,
                    "comment_reaction_count": null
                },
                {
                    "comment_id": "10159559956558904",
                    "comment_url": "https://facebook.com/10159559956558904",
                    "commenter_id": "100033142905630",
                    "commenter_url": "https://facebook.com/robert.dauchapt.73?fref=nf&rc=p",
                    "commenter_name": "Robert Dauchapt",
                    "commenter_meta": null,
                    "comment_text": "It will be nice to see a few of these protesters get fined and loose their trucks, not to mention a police arrest record...wonder\nhow the US border patrol treats criminals?",
                    "comment_time": "2022-02-09 22:37:06",
                    "comment_image": "https://scontent.xx.fbcdn.net/m1/v/t6/An_UvxJXg9tdnLU3Y5qjPi0200MLilhzPXUgxzGjQzUMaNcmjdZA6anyrngvkdub33NZzZhd51fpCAEzNHFhko5aKRFP5fS1w_lKwYrzcNLupv27.png?ccb=10-5&oh=00_AT9C82irDy7Sn8cI_UEelmRC1FY5K5jw2pfWXlZ8QaKL1g&oe=62246CF9&_nc_sid=55e238",
                    "comment_reactors": [],
                    "comment_reactions": null,
                    "comment_reaction_count": null
                },
                {
                    "comment_id": "10159560462463904",
                    "comment_url": "https://facebook.com/10159560462463904",
                    "commenter_id": "596425799",
                    "commenter_url": "https://facebook.com/andrew.karvonen.9?fref=nf&rc=p",
                    "commenter_name": "Andrew Karvonen",
                    "commenter_meta": null,
                    "comment_text": "Rob Simpson we the people want criminals arrested. We the people want democracy respected. We just had an election and the Liberals won. Get over it and vote in the next election. We the people will decide who governs based on our democratic process not based on the criminal behaviours of a few brainwashed individuals with misguided ideas of freedom and patriotism. My guess is based on the implosion of the CPC and their continued march to the political right, we will see another Liberal government and possibly a majority. The CPC\u2019s support of this lawlessness can\u2019t be described as anything but sedition and elected MPs supporting an attempted insurrection.",
                    "comment_time": "2022-02-16 22:37:06",
                    "comment_image": "https://scontent.xx.fbcdn.net/m1/v/t6/An_UvxJXg9tdnLU3Y5qjPi0200MLilhzPXUgxzGjQzUMaNcmjdZA6anyrngvkdub33NZzZhd51fpCAEzNHFhko5aKRFP5fS1w_lKwYrzcNLupv27.png?ccb=10-5&oh=00_AT9C82irDy7Sn8cI_UEelmRC1FY5K5jw2pfWXlZ8QaKL1g&oe=62246CF9&_nc_sid=55e238",
                    "comment_reactors": [],
                    "comment_reactions": null,
                    "comment_reaction_count": null
                },
                {
                    "comment_id": "10159560606398904",
                    "comment_url": "https://facebook.com/10159560606398904",
                    "commenter_id": "100003406042468",
                    "commenter_url": "https://facebook.com/josephjphillip?fref=nf&rc=p",
                    "commenter_name": "Joseph Phillip",
                    "commenter_meta": "Top fan",
                    "comment_text": "Rob Simpson Do the majority of the people want what you are referring to?",
                    "comment_time": "2022-02-09 22:37:06",
                    "comment_image": "https://static.xx.fbcdn.net/rsrc.php/v3/y7/r/4bRBCBmu1Q9.png",
                    "comment_reactors": [],
                    "comment_reactions": null,
                    "comment_reaction_count": null
                },
                {
                    "comment_id": "10159561081103904",
                    "comment_url": "https://facebook.com/10159561081103904",
                    "commenter_id": "509546034",
                    "commenter_url": "https://facebook.com/ashley.faller.9?fref=nf&rc=p",
                    "commenter_name": "Ashley Faller",
                    "commenter_meta": null,
                    "comment_text": "Rob Simpson This is not how the people want this stopped. We all want the mandates to end but not by stepping on other Canadians to get it. What the hell is wrong with you if you think pulling this stunt and forcing Canadians to not be able to open their business and millions not be able to work and shutting down trade and stopping manufacturing which is putting millions of Canadians at risk who already there would support this stunt? How about not act like jerk.",
                    "comment_time": "2022-02-16 22:37:06",
                    "comment_image": "https://scontent.xx.fbcdn.net/m1/v/t6/An_UvxJXg9tdnLU3Y5qjPi0200MLilhzPXUgxzGjQzUMaNcmjdZA6anyrngvkdub33NZzZhd51fpCAEzNHFhko5aKRFP5fS1w_lKwYrzcNLupv27.png?ccb=10-5&oh=00_AT9C82irDy7Sn8cI_UEelmRC1FY5K5jw2pfWXlZ8QaKL1g&oe=62246CF9&_nc_sid=55e238",
                    "comment_reactors": [],
                    "comment_reactions": null,
                    "comment_reaction_count": null
                },
                {
                    "comment_id": "10159561919748904",
                    "comment_url": "https://facebook.com/10159561919748904",
                    "commenter_id": "671590099",
                    "commenter_url": "https://facebook.com/michael.marklevitz?fref=nf&rc=p",
                    "commenter_name": "Michael Patrick Marklevitz",
                    "commenter_meta": null,
                    "comment_text": "Rob Simpson In this country change is brought about by winning elections. Find a candidate who agrees with you and get him elected. Protest all you want but b;ock fe;;ow citizens from working? You lost me at that point.",
                    "comment_time": "2022-02-16 22:37:06",
                    "comment_image": null,
                    "comment_reactors": [],
                    "comment_reactions": null,
                    "comment_reaction_count": null
                }
            ]
        },
        {
            "comment_id": "10159560275318904",
            "comment_url": "https://facebook.com/10159560275318904",
            "commenter_id": "100000735267130",
            "commenter_url": "https://facebook.com/richard.millar.3954?fref=nf&rc=p&refid=52",
            "commenter_name": "Richard Millar",
            "commenter_meta": null,
            "comment_text": "That is why we are building a new bridge, the Gordie Howe should be done in a couple of years. It will be publicly run.",
            "comment_time": "2022-02-09 22:37:01",
            "comment_image": null,
            "comment_reactors": [],
            "comment_reactions": null,
            "comment_reaction_count": null,
            "replies": []
        },
        {
            "comment_id": "10159559738038904",
            "comment_url": "https://facebook.com/10159559738038904",
            "commenter_id": "525761347",
            "commenter_url": "https://facebook.com/pspearma?fref=nf&rc=p&refid=52",
            "commenter_name": "Peter Spearman",
            "commenter_meta": null,
            "comment_text": "Not a only that there are calls from within the US to bring all manufacturing home and not rely on \u2018foreign\u2019 plants and supply chains.",
            "comment_time": "2022-02-09 22:37:01",
            "comment_image": null,
            "comment_reactors": [],
            "comment_reactions": null,
            "comment_reaction_count": null,
            "replies": []
        },
        {
            "comment_id": "10159559457153904",
            "comment_url": "https://facebook.com/10159559457153904",
            "commenter_id": "100006324604377",
            "commenter_url": "https://facebook.com/profile.php?id=100006324604377&fref=nf&rc=p&refid=52",
            "commenter_name": "Richer Desalliers",
            "commenter_meta": null,
            "comment_text": "Polishing the democracy thanks truckers!",
            "comment_time": "2022-02-09 22:37:01",
            "comment_image": null,
            "comment_reactors": [],
            "comment_reactions": null,
            "comment_reaction_count": null,
            "replies": []
        },
        {
            "comment_id": "10159560460038904",
            "comment_url": "https://facebook.com/10159560460038904",
            "commenter_id": "596425799",
            "commenter_url": "https://facebook.com/andrew.karvonen.9?fref=nf&rc=p&refid=52",
            "commenter_name": "Andrew Karvonen",
            "commenter_meta": null,
            "comment_text": "Not a supply chain problem. It is a law enforcement problem. Simple solution\u2026..Don\u2019\nt let idiots illegally block critical infrastructure.",
            "comment_time": "2022-02-09 22:37:01",
            "comment_image": null,
            "comment_reactors": [],
            "comment_reactions": null,
            "comment_reaction_count": null,
            "replies": []
        },
        {
            "comment_id": "10159559749853904",
            "comment_url": "https://facebook.com/10159559749853904",
            "commenter_id": "100000617588366",
            "commenter_url": "https://facebook.com/alex.subotich?fref=nf&rc=p&refid=52",
            "commenter_name": "Alex Subotich",
            "commenter_meta": null,
            "comment_text": "A judge has ordered them to leave..their point has been made(last week)..go home\u2026interferin\ng with our economy won\u2019t win you any new friends..except\nfor those at the head of this protest, who enjoy and welcome chaos..do not become one of their useful Fools.",
            "comment_time": "2022-02-09 22:37:01",
            "comment_image": null,
            "comment_reactors": [],
            "comment_reactions": null,
            "comment_reaction_count": null,
            "replies": []
        }
    ],
    "reactors": null,
    "w3_fb_url": null,
    "reactions": null,
    "reaction_count": null,
    "with": null,
    "page_id": "140961138903",
    "sharers": null,
    "image_id": null,
    "image_ids": [],
    "was_live": false
}