{
    "original_request_url": "10159541548523904",
    "post_url": "https://facebook.com/story.php?story_fbid=10159541548523904&id=140961138903",
    "post_id": "10159541548523904",
    "text": "The Ottawa Police Service say one man was charged with carrying a weapon to a public meeting, while another was charged with mischief under $5,000\n\nTHEGLOBEANDMAIL.COM\nOttawa police make two arrests following demonstration-related investigations",
    "post_text": "The Ottawa Police Service say one man was charged with carrying a weapon to a public meeting, while another was charged with mischief under $5,000",
    "shared_text": "THEGLOBEANDMAIL.COM\nOttawa police make two arrests following demonstration-related investigations",
    "original_text": null,
    "time": "2022-02-02 15:44:06",
    "timestamp": 1643816646,
    "image": "https://www.theglobeandmail.com/resizer/4VEiHFZmWzYFn9dgLQ-yVvbJFsQ=/1200x797/filters:quality(80)/cloudfront-us-east-1.images.arcpublishing.com/tgam/JT7SD2G7FZIUNLORHQPIKE7ATU.JPG",
    "image_lowquality": "https://external-sea1-1.xx.fbcdn.net/safe_image.php?d=AQFFddXMi6Ym7zaw&w=476&h=249&url=https%3A%2F%2Fwww.theglobeandmail.com%2Fresizer%2F4VEiHFZmWzYFn9dgLQ-yVvbJFsQ%3D%2F1200x797%2Ffilters%3Aquality%2880%29%2Fcloudfront-us-east-1.images.arcpublishing.com%2Ftgam%2FJT7SD2G7FZIUNLORHQPIKE7ATU.JPG&cfs=1&jq=75&ext=jpg&_nc_oe=6fabb&_nc_sid=06c271&ccb=3-5&_nc_hash=AQElT_dYyfdIIQlM",
    "images": [
        "https://www.theglobeandmail.com/resizer/4VEiHFZmWzYFn9dgLQ-yVvbJFsQ=/1200x797/filters:quality(80)/cloudfront-us-east-1.images.arcpublishing.com/tgam/JT7SD2G7FZIUNLORHQPIKE7ATU.JPG"
    ],
    "images_description": [],
    "images_lowquality": [
        "https://external-sea1-1.xx.fbcdn.net/safe_image.php?d=AQFFddXMi6Ym7zaw&w=476&h=249&url=https%3A%2F%2Fwww.theglobeandmail.com%2Fresizer%2F4VEiHFZmWzYFn9dgLQ-yVvbJFsQ%3D%2F1200x797%2Ffilters%3Aquality%2880%29%2Fcloudfront-us-east-1.images.arcpublishing.com%2Ftgam%2FJT7SD2G7FZIUNLORHQPIKE7ATU.JPG&cfs=1&jq=75&ext=jpg&_nc_oe=6fabb&_nc_sid=06c271&ccb=3-5&_nc_hash=AQElT_dYyfdIIQlM"
    ],
    "images_lowquality_description": [
        null
    ],
    "video": null,
    "video_duration_seconds": null,
    "video_height": null,
    "video_id": null,
    "video_quality": null,
    "video_size_MB": null,
    "video_thumbnail": null,
    "video_watches": null,
    "video_width": null,
    "likes": 70,
    "comments": 10,
    "shares": 3,
    "link": "http://www.theglobeandmail.com/canada/article-ottawa-police-make-two-arrests-following-demonstration-related/?utm_campaign=sophi-pop&utm_medium=post&utm_source=facebook&fbclid=IwAR0MhGFGlhHWTwQTmt2X8SgiUWQXVmzmKkEKdD8AbnWHcQ9_VbOveRUTFwo",
    "links": [],
    "user_id": "140961138903",
    "username": "The Globe and Mail",
    "user_url": "https://facebook.com/theglobeandmail/?refid=52",
    "is_live": false,
    "factcheck": null,
    "shared_post_id": null,
    "shared_time": null,
    "shared_user_id": null,
    "shared_username": null,
    "shared_post_url": null,
    "available": true,
    "comments_full": [
        {
            "comment_id": "10159541585513904",
            "comment_url": "https://facebook.com/10159541585513904",
            "commenter_id": "639694511",
            "commenter_url": "https://facebook.com/derek.mitchell.378?fref=nf&rc=p&refid=52",
            "commenter_name": "Derek Mitchell",
            "commenter_meta": null,
            "comment_text": "Barber said the protesters\u2019 interactions with police have been \u201cmostly positive,\u201d especially with front-line officers.\n^At the very end of the article",
            "comment_time": "2022-02-03 00:09:27",
            "comment_image": null,
            "comment_reactors": [],
            "comment_reactions": null,
            "comment_reaction_count": null,
            "replies": [
                {
                    "comment_id": "10159541627983904",
                    "comment_url": "https://facebook.com/10159541627983904",
                    "commenter_id": "100008092111742",
                    "commenter_url": "https://facebook.com/pat.courtenay.5?fref=nf&rc=p",
                    "commenter_name": "Pat Courtenay",
                    "commenter_meta": null,
                    "comment_text": "Derek Mitchell Ottawa police are used to dealing with all kinds of protests and know is to handle them.",
                    "comment_time": "2022-02-03 00:09:29",
                    "comment_image": "https://scontent.xx.fbcdn.net/m1/v/t6/An_UvxJXg9tdnLU3Y5qjPi0200MLilhzPXUgxzGjQzUMaNcmjdZA6anyrngvkdub33NZzZhd51fpCAEzNHFhko5aKRFP5fS1w_lKwYrzcNLupv27.png?ccb=10-5&oh=00_AT9C82irDy7Sn8cI_UEelmRC1FY5K5jw2pfWXlZ8QaKL1g&oe=62246CF9&_nc_sid=55e238",
                    "comment_reactors": [],
                    "comment_reactions": null,
                    "comment_reaction_count": null
                },
                {
                    "comment_id": "10159541778473904",
                    "comment_url": "https://facebook.com/10159541778473904",
                    "commenter_id": "100009297826248",
                    "commenter_url": "https://facebook.com/profile.php?id=100009297826248&fref=nf&rc=p",
                    "commenter_name": "Sean Ledwich",
                    "commenter_meta": null,
                    "comment_text": "Derek Mitchell you\u2019d prefer that to be at the top of the article? Maybe it should mention the swastikas and Confederate flags also.",
                    "comment_time": "2022-02-03 00:09:29",
                    "comment_image": "https://scontent.xx.fbcdn.net/m1/v/t6/An_UvxJXg9tdnLU3Y5qjPi0200MLilhzPXUgxzGjQzUMaNcmjdZA6anyrngvkdub33NZzZhd51fpCAEzNHFhko5aKRFP5fS1w_lKwYrzcNLupv27.png?ccb=10-5&oh=00_AT9C82irDy7Sn8cI_UEelmRC1FY5K5jw2pfWXlZ8QaKL1g&oe=62246CF9&_nc_sid=55e238",
                    "comment_reactors": [],
                    "comment_reactions": null,
                    "comment_reaction_count": null
                },
                {
                    "comment_id": "10159541789133904",
                    "comment_url": "https://facebook.com/10159541789133904",
                    "commenter_id": "512446441",
                    "commenter_url": "https://facebook.com/Kyle.Fingland?fref=nf&rc=p",
                    "commenter_name": "Kyle Fingland",
                    "commenter_meta": null,
                    "comment_text": "Sean Ledwich maybe they should do some investigative journalism and look into who was flying the two flags you speak of, of the thousands upon thousands of Canadian Flags? Also the fact that the two paid actors had balaclavas on hiding their face? Or that Trudeau\u2019s personal photographer was photographed following the guy with the confederate flag? That seems like a good story to me? When you see confederate flags at a BLM protest do you automatically assume they are with BLM?",
                    "comment_time": "2022-02-03 00:09:29",
                    "comment_image": "https://scontent.xx.fbcdn.net/m1/v/t6/An_UvxJXg9tdnLU3Y5qjPi0200MLilhzPXUgxzGjQzUMaNcmjdZA6anyrngvkdub33NZzZhd51fpCAEzNHFhko5aKRFP5fS1w_lKwYrzcNLupv27.png?ccb=10-5&oh=00_AT9C82irDy7Sn8cI_UEelmRC1FY5K5jw2pfWXlZ8QaKL1g&oe=62246CF9&_nc_sid=55e238",
                    "comment_reactors": [],
                    "comment_reactions": null,
                    "comment_reaction_count": null
                },
                {
                    "comment_id": "10159541790273904",
                    "comment_url": "https://facebook.com/10159541790273904",
                    "commenter_id": "639694511",
                    "commenter_url": "https://facebook.com/derek.mitchell.378?fref=nf&rc=p",
                    "commenter_name": "Derek Mitchell",
                    "commenter_meta": null,
                    "comment_text": "Sean Ledwich as I recall, they got rid of those losers trying to ruin their message",
                    "comment_time": "2022-02-03 00:09:29",
                    "comment_image": "https://scontent.xx.fbcdn.net/m1/v/t6/An_UvxJXg9tdnLU3Y5qjPi0200MLilhzPXUgxzGjQzUMaNcmjdZA6anyrngvkdub33NZzZhd51fpCAEzNHFhko5aKRFP5fS1w_lKwYrzcNLupv27.png?ccb=10-5&oh=00_AT9C82irDy7Sn8cI_UEelmRC1FY5K5jw2pfWXlZ8QaKL1g&oe=62246CF9&_nc_sid=55e238",
                    "comment_reactors": [],
                    "comment_reactions": null,
                    "comment_reaction_count": null
                },
                {
                    "comment_id": "10159543017788904",
                    "comment_url": "https://facebook.com/10159543017788904",
                    "commenter_id": "100015185988882",
                    "commenter_url": "https://facebook.com/profile.php?id=100015185988882&fref=nf&rc=p",
                    "commenter_name": "Michael Robert",
                    "commenter_meta": null,
                    "comment_text": "Sean - why should any attention be paid (let alone the vast majority of mainstream reporting) ... to a small fringe minority. A couple of bad eggs who honestly are likely enlisted agent provocateurs, and were called out, shamed and made to leave by the actual people of the movement. You know, those thousands of loving and caring folks who have had by far one of the most peaceful protests of its size ever! But no... of course the media and lefties are grasping at straws to put this in a negative light in any way possible. Disgusting.",
                    "comment_time": "2022-02-03 00:09:29",
                    "comment_image": "https://scontent.xx.fbcdn.net/m1/v/t6/An_UvxJXg9tdnLU3Y5qjPi0200MLilhzPXUgxzGjQzUMaNcmjdZA6anyrngvkdub33NZzZhd51fpCAEzNHFhko5aKRFP5fS1w_lKwYrzcNLupv27.png?ccb=10-5&oh=00_AT9C82irDy7Sn8cI_UEelmRC1FY5K5jw2pfWXlZ8QaKL1g&oe=62246CF9&_nc_sid=55e238",
                    "comment_reactors": [],
                    "comment_reactions": null,
                    "comment_reaction_count": null
                },
                {
                    "comment_id": "10159543317658904",
                    "comment_url": "https://facebook.com/10159543317658904",
                    "commenter_id": "100009297826248",
                    "commenter_url": "https://facebook.com/profile.php?id=100009297826248&fref=nf&rc=p",
                    "commenter_name": "Sean Ledwich",
                    "commenter_meta": null,
                    "comment_text": "Kyle Fingland Sounds like you\u2019ve already done the investigative journalism, Kyle. On what do you base the allegation that there were paid actors?",
                    "comment_time": "2022-02-03 00:09:29",
                    "comment_image": null,
                    "comment_reactors": [],
                    "comment_reactions": null,
                    "comment_reaction_count": null
                },
                {
                    "comment_id": "10159543319113904",
                    "comment_url": "https://facebook.com/10159543319113904",
                    "commenter_id": "100009297826248",
                    "commenter_url": "https://facebook.com/profile.php?id=100009297826248&fref=nf&rc=p",
                    "commenter_name": "Sean Ledwich",
                    "commenter_meta": null,
                    "comment_text": "Michael Robert The loving and caring folks who are blaring their horns all night long and terrorizing innocent civilians? Those ones?",
                    "comment_time": "2022-02-03 00:09:29",
                    "comment_image": null,
                    "comment_reactors": [],
                    "comment_reactions": null,
                    "comment_reaction_count": null
                },
                {
                    "comment_id": "10159543443253904",
                    "comment_url": "https://facebook.com/10159543443253904",
                    "commenter_id": "512446441",
                    "commenter_url": "https://facebook.com/Kyle.Fingland?fref=nf&rc=p",
                    "commenter_name": "Kyle Fingland",
                    "commenter_meta": null,
                    "comment_text": "Sean Ledwich Lincoln Project for one? It definitely is a thing.",
                    "comment_time": "2022-02-03 00:09:29",
                    "comment_image": null,
                    "comment_reactors": [],
                    "comment_reactions": null,
                    "comment_reaction_count": null
                },
                {
                    "comment_id": "10159543478713904",
                    "comment_url": "https://facebook.com/10159543478713904",
                    "commenter_id": "512446441",
                    "commenter_url": "https://facebook.com/Kyle.Fingland?fref=nf&rc=p",
                    "commenter_name": "Kyle Fingland",
                    "commenter_meta": null,
                    "comment_text": "Sean Ledwich I\u2019ve been paying attention. Remember the Lincoln Project at Youngkin\u2019s rally?",
                    "comment_time": "2022-02-03 00:09:29",
                    "comment_image": null,
                    "comment_reactors": [],
                    "comment_reactions": null,
                    "comment_reaction_count": null
                },
                {
                    "comment_id": "10159543539668904",
                    "comment_url": "https://facebook.com/10159543539668904",
                    "commenter_id": "100009297826248",
                    "commenter_url": "https://facebook.com/profile.php?id=100009297826248&fref=nf&rc=p",
                    "commenter_name": "Sean Ledwich",
                    "commenter_meta": null,
                    "comment_text": "Kyle Fingland I don\u2019t remember that rally, no, but I\u2019m guessing, based upon your non-specific answer, that you don\u2019t know, for a \u201cfact,\u201c that there were paid actors amongst the convoy protesters. I think the simple answer is that the people urinating and defecating in public, the people who put an upside down flag and baseball hat on the Terry Fox statue, the people who displayed swastikas and Confederate flags, the people who caused a disturbance at the soup kitchen, the people who have been shouting at Ottawa residents to take off their masks, the person who threatened a woman with sexual assault, and the people who are blaring their horns all night long terrorizing Ottawa citizens are all part of this so-called peaceful and respectful protest. All of the bad stuff was perpetrated by \u201cpaid actors,\u201d or Trudeau surrogates, am I right?",
                    "comment_time": "2022-02-03 00:09:29",
                    "comment_image": "https://scontent.xx.fbcdn.net/m1/v/t6/An_F9bJG7govfshSMBkvcRLcxT0jmiXVYKtr7lgH5AHgUrjjpZ1OD0xyxXYgf7arc0lWgCdrR_KN4Mg7RSN3Gm3W6Gg03N1tQ-ZXzVvFJ_KvvB4.png?ccb=10-5&oh=00_AT8ScZKrgCPhmfSgYBZgvnQHv14vvPQpgzOW8DDMFGGodg&oe=62243F67&_nc_sid=55e238",
                    "comment_reactors": [],
                    "comment_reactions": null,
                    "comment_reaction_count": null
                },
                {
                    "comment_id": "10159543542123904",
                    "comment_url": "https://facebook.com/10159543542123904",
                    "commenter_id": "512446441",
                    "commenter_url": "https://facebook.com/Kyle.Fingland?fref=nf&rc=p",
                    "commenter_name": "Kyle Fingland",
                    "commenter_meta": null,
                    "comment_text": "Sean Ledwich you are 100% correct. \ud83d\udc4d",
                    "comment_time": "2022-02-03 00:09:29",
                    "comment_image": "https://scontent.xx.fbcdn.net/m1/v/t6/An_F9bJG7govfshSMBkvcRLcxT0jmiXVYKtr7lgH5AHgUrjjpZ1OD0xyxXYgf7arc0lWgCdrR_KN4Mg7RSN3Gm3W6Gg03N1tQ-ZXzVvFJ_KvvB4.png?ccb=10-5&oh=00_AT8ScZKrgCPhmfSgYBZgvnQHv14vvPQpgzOW8DDMFGGodg&oe=62243F67&_nc_sid=55e238",
                    "comment_reactors": [],
                    "comment_reactions": null,
                    "comment_reaction_count": null
                },
                {
                    "comment_id": "10159543771923904",
                    "comment_url": "https://facebook.com/10159543771923904",
                    "commenter_id": "100015185988882",
                    "commenter_url": "https://facebook.com/profile.php?id=100015185988882&fref=nf&rc=p",
                    "commenter_name": "Michael Robert",
                    "commenter_meta": null,
                    "comment_text": "TERRORIZING! \ud83d\ude02 \ud83d\ude02 \ud83d\ude02",
                    "comment_time": "2022-02-03 00:09:29",
                    "comment_image": null,
                    "comment_reactors": [],
                    "comment_reactions": null,
                    "comment_reaction_count": null
                },
                {
                    "comment_id": "10159543940338904",
                    "comment_url": "https://facebook.com/10159543940338904",
                    "commenter_id": "100009297826248",
                    "commenter_url": "https://facebook.com/profile.php?id=100009297826248&fref=nf&rc=p",
                    "commenter_name": "Sean Ledwich",
                    "commenter_meta": null,
                    "comment_text": "Ernie Scar no, actually, it\u2019s civil disobedience that is supposed to be inconvenient, and often ends in arrests",
                    "comment_time": "2022-02-03 00:09:29",
                    "comment_image": null,
                    "comment_reactors": [],
                    "comment_reactions": null,
                    "comment_reaction_count": null
                }
            ]
        },
        {
            "comment_id": "10159542053608904",
            "comment_url": "https://facebook.com/10159542053608904",
            "commenter_id": "775129492",
            "commenter_url": "https://facebook.com/doug.wilcox.7161?fref=nf&rc=p&refid=52",
            "commenter_name": "Doug Wilcox",
            "commenter_meta": null,
            "comment_text": "\ud83c\udde8\ud83c\udde6\u2764\ufe0fKeep trucking! \ud83c\udde8\ud83c\udde6\u2764\ufe0f",
            "comment_time": "2022-02-03 00:09:27",
            "comment_image": null,
            "comment_reactors": [],
            "comment_reactions": null,
            "comment_reaction_count": null,
            "replies": []
        },
        {
            "comment_id": "10159541612183904",
            "comment_url": "https://facebook.com/10159541612183904",
            "commenter_id": "1047559698",
            "commenter_url": "https://facebook.com/ray.v.jones.5?fref=nf&rc=p&refid=52",
            "commenter_name": "Ray Johnes",
            "commenter_meta": null,
            "comment_text": "Right now they'll arrest anyone who farts into the wind and blame it on the truckers as a violent jester.",
            "comment_time": "2022-02-03 00:09:27",
            "comment_image": null,
            "comment_reactors": [],
            "comment_reactions": null,
            "comment_reaction_count": null,
            "replies": [
                {
                    "comment_id": "10159541617598904",
                    "comment_url": "https://facebook.com/10159541617598904",
                    "commenter_id": "509546034",
                    "commenter_url": "https://facebook.com/ashley.faller.9?fref=nf&rc=p",
                    "commenter_name": "Ashley Faller",
                    "commenter_meta": null,
                    "comment_text": "Ray Johnes Sure it isn't because the truckers were harassing store workers at the Rideau Center holding signs and yelling at employees over mask mandates that neither the store nor employees created.",
                    "comment_time": "2022-02-03 00:09:30",
                    "comment_image": "https://scontent.xx.fbcdn.net/m1/v/t6/An_UvxJXg9tdnLU3Y5qjPi0200MLilhzPXUgxzGjQzUMaNcmjdZA6anyrngvkdub33NZzZhd51fpCAEzNHFhko5aKRFP5fS1w_lKwYrzcNLupv27.png?ccb=10-5&oh=00_AT9C82irDy7Sn8cI_UEelmRC1FY5K5jw2pfWXlZ8QaKL1g&oe=62246CF9&_nc_sid=55e238",
                    "comment_reactors": [],
                    "comment_reactions": null,
                    "comment_reaction_count": null
                },
                {
                    "comment_id": "10159541649443904",
                    "comment_url": "https://facebook.com/10159541649443904",
                    "commenter_id": "512446441",
                    "commenter_url": "https://facebook.com/Kyle.Fingland?fref=nf&rc=p",
                    "commenter_name": "Kyle Fingland",
                    "commenter_meta": null,
                    "comment_text": "Ashley Faller I was at the mall Saturday and witnessed none of what you say. Keep drinking the kool aid.",
                    "comment_time": "2022-02-03 00:09:30",
                    "comment_image": "https://scontent.xx.fbcdn.net/m1/v/t6/An_F9bJG7govfshSMBkvcRLcxT0jmiXVYKtr7lgH5AHgUrjjpZ1OD0xyxXYgf7arc0lWgCdrR_KN4Mg7RSN3Gm3W6Gg03N1tQ-ZXzVvFJ_KvvB4.png?ccb=10-5&oh=00_AT8ScZKrgCPhmfSgYBZgvnQHv14vvPQpgzOW8DDMFGGodg&oe=62243F67&_nc_sid=55e238",
                    "comment_reactors": [],
                    "comment_reactions": null,
                    "comment_reaction_count": null
                },
                {
                    "comment_id": "10159541688813904",
                    "comment_url": "https://facebook.com/10159541688813904",
                    "commenter_id": "587858608",
                    "commenter_url": "https://facebook.com/ohterry?fref=nf&rc=p",
                    "commenter_name": "Terry Martin",
                    "commenter_meta": null,
                    "comment_text": "Kyle Fingland Photo from the Rideau Centre on Saturday showing individuals carrying signs and wearing no masks.\nhttps://\ni.cbc.ca/\n1.6333057.164356\n9646!/cpImage/\nhttpImage/\nimage.jpg_gen/\nderivatives/\noriginal_1180/\ntrucker-protest-\n20220129.jpg",
                    "comment_time": "2022-02-03 00:09:30",
                    "comment_image": "https://i.cbc.ca/1.6333057.1643569646!/cpImage/httpImage/image.jpg_gen/derivatives/original_1180/trucker-protest-20220129.jpg?fbclid=IwAR3E9OYbnHQJLZzaC0shunZi15asZ0MkSiZ-cwS4M-T0KBLXN3tw2fZ3ovA",
                    "comment_reactors": [],
                    "comment_reactions": null,
                    "comment_reaction_count": null
                },
                {
                    "comment_id": "10159541761983904",
                    "comment_url": "https://facebook.com/10159541761983904",
                    "commenter_id": "512446441",
                    "commenter_url": "https://facebook.com/Kyle.Fingland?fref=nf&rc=p",
                    "commenter_name": "Kyle Fingland",
                    "commenter_meta": null,
                    "comment_text": "Terry Martin where did she mention that? She said people were harassing mall staff. I witness mall staff supporting the protestors. People chanting freedom and lots of Canadian flags.",
                    "comment_time": "2022-02-03 00:09:30",
                    "comment_image": "https://scontent.xx.fbcdn.net/m1/v/t6/An_UvxJXg9tdnLU3Y5qjPi0200MLilhzPXUgxzGjQzUMaNcmjdZA6anyrngvkdub33NZzZhd51fpCAEzNHFhko5aKRFP5fS1w_lKwYrzcNLupv27.png?ccb=10-5&oh=00_AT9C82irDy7Sn8cI_UEelmRC1FY5K5jw2pfWXlZ8QaKL1g&oe=62246CF9&_nc_sid=55e238",
                    "comment_reactors": [],
                    "comment_reactions": null,
                    "comment_reaction_count": null
                },
                {
                    "comment_id": "10159541775113904",
                    "comment_url": "https://facebook.com/10159541775113904",
                    "commenter_id": "587858608",
                    "commenter_url": "https://facebook.com/ohterry?fref=nf&rc=p",
                    "commenter_name": "Terry Martin",
                    "commenter_meta": null,
                    "comment_text": "Kyle Fingland It was widely reported in print and broadcast media that people entered restaurants with no masks, harassed store employees and smoked in the mall. I choose to believe it. Why do you suppose the mall is still closed?",
                    "comment_time": "2022-02-03 00:09:30",
                    "comment_image": "https://scontent.xx.fbcdn.net/m1/v/t6/An_UvxJXg9tdnLU3Y5qjPi0200MLilhzPXUgxzGjQzUMaNcmjdZA6anyrngvkdub33NZzZhd51fpCAEzNHFhko5aKRFP5fS1w_lKwYrzcNLupv27.png?ccb=10-5&oh=00_AT9C82irDy7Sn8cI_UEelmRC1FY5K5jw2pfWXlZ8QaKL1g&oe=62246CF9&_nc_sid=55e238",
                    "comment_reactors": [],
                    "comment_reactions": null,
                    "comment_reaction_count": null
                },
                {
                    "comment_id": "10159541779128904",
                    "comment_url": "https://facebook.com/10159541779128904",
                    "commenter_id": "100009297826248",
                    "commenter_url": "https://facebook.com/profile.php?id=100009297826248&fref=nf&rc=p",
                    "commenter_name": "Sean Ledwich",
                    "commenter_meta": null,
                    "comment_text": "Ray Johnes are we\u2019re going to pretend that the crime is committed by protesters were not committed by the protesters?",
                    "comment_time": "2022-02-03 00:09:30",
                    "comment_image": "https://scontent.xx.fbcdn.net/m1/v/t6/An_F9bJG7govfshSMBkvcRLcxT0jmiXVYKtr7lgH5AHgUrjjpZ1OD0xyxXYgf7arc0lWgCdrR_KN4Mg7RSN3Gm3W6Gg03N1tQ-ZXzVvFJ_KvvB4.png?ccb=10-5&oh=00_AT8ScZKrgCPhmfSgYBZgvnQHv14vvPQpgzOW8DDMFGGodg&oe=62243F67&_nc_sid=55e238",
                    "comment_reactors": [],
                    "comment_reactions": null,
                    "comment_reaction_count": null
                },
                {
                    "comment_id": "10159541784943904",
                    "comment_url": "https://facebook.com/10159541784943904",
                    "commenter_id": "512446441",
                    "commenter_url": "https://facebook.com/Kyle.Fingland?fref=nf&rc=p",
                    "commenter_name": "Kyle Fingland",
                    "commenter_meta": null,
                    "comment_text": "Terry Martin because the city shut it down to shed bad light on the protest. The protesters would love to buy food and things at local restaurants and in the mall. The government has had them shut down off and on for two years, now this is the convoys fault? If you believe a single word the media is spewing there is no hope for you. Every spin has been debunked thus far.",
                    "comment_time": "2022-02-03 00:09:30",
                    "comment_image": null,
                    "comment_reactors": [],
                    "comment_reactions": null,
                    "comment_reaction_count": null
                },
                {
                    "comment_id": "10159541798848904",
                    "comment_url": "https://facebook.com/10159541798848904",
                    "commenter_id": "587858608",
                    "commenter_url": "https://facebook.com/ohterry?fref=nf&rc=p",
                    "commenter_name": "Terry Martin",
                    "commenter_meta": null,
                    "comment_text": "Kyle Fingland Ahh, I get it.",
                    "comment_time": "2022-02-03 00:09:30",
                    "comment_image": "https://scontent.xx.fbcdn.net/m1/v/t6/An_UvxJXg9tdnLU3Y5qjPi0200MLilhzPXUgxzGjQzUMaNcmjdZA6anyrngvkdub33NZzZhd51fpCAEzNHFhko5aKRFP5fS1w_lKwYrzcNLupv27.png?ccb=10-5&oh=00_AT9C82irDy7Sn8cI_UEelmRC1FY5K5jw2pfWXlZ8QaKL1g&oe=62246CF9&_nc_sid=55e238",
                    "comment_reactors": [],
                    "comment_reactions": null,
                    "comment_reaction_count": null
                },
                {
                    "comment_id": "10159541869603904",
                    "comment_url": "https://facebook.com/10159541869603904",
                    "commenter_id": "509546034",
                    "commenter_url": "https://facebook.com/ashley.faller.9?fref=nf&rc=p",
                    "commenter_name": "Ashley Faller",
                    "commenter_meta": null,
                    "comment_text": "Kyle Fingland Or the protestors have a 5 days long report of harassing workers in stores and restaurants and now malls and that many business are closed because of it.",
                    "comment_time": "2022-02-03 00:09:30",
                    "comment_image": "https://scontent.xx.fbcdn.net/m1/v/t6/An_UvxJXg9tdnLU3Y5qjPi0200MLilhzPXUgxzGjQzUMaNcmjdZA6anyrngvkdub33NZzZhd51fpCAEzNHFhko5aKRFP5fS1w_lKwYrzcNLupv27.png?ccb=10-5&oh=00_AT9C82irDy7Sn8cI_UEelmRC1FY5K5jw2pfWXlZ8QaKL1g&oe=62246CF9&_nc_sid=55e238",
                    "comment_reactors": [],
                    "comment_reactions": null,
                    "comment_reaction_count": null
                },
                {
                    "comment_id": "10159541872898904",
                    "comment_url": "https://facebook.com/10159541872898904",
                    "commenter_id": "509546034",
                    "commenter_url": "https://facebook.com/ashley.faller.9?fref=nf&rc=p",
                    "commenter_name": "Ashley Faller",
                    "commenter_meta": null,
                    "comment_text": "Kyle Fingland No they haven't been all debunked you just choose to pretend that any media that reports anything about the protestors behavior and actions is automatically \"mainstream\" and therefore untrue.",
                    "comment_time": "2022-02-03 00:09:30",
                    "comment_image": "https://scontent.xx.fbcdn.net/m1/v/t6/An_UvxJXg9tdnLU3Y5qjPi0200MLilhzPXUgxzGjQzUMaNcmjdZA6anyrngvkdub33NZzZhd51fpCAEzNHFhko5aKRFP5fS1w_lKwYrzcNLupv27.png?ccb=10-5&oh=00_AT9C82irDy7Sn8cI_UEelmRC1FY5K5jw2pfWXlZ8QaKL1g&oe=62246CF9&_nc_sid=55e238",
                    "comment_reactors": [],
                    "comment_reactions": null,
                    "comment_reaction_count": null
                },
                {
                    "comment_id": "10159541959613904",
                    "comment_url": "https://facebook.com/10159541959613904",
                    "commenter_id": "512446441",
                    "commenter_url": "https://facebook.com/Kyle.Fingland?fref=nf&rc=p",
                    "commenter_name": "Kyle Fingland",
                    "commenter_meta": null,
                    "comment_text": "Ashley Faller they\u2019ve proven to be untruthful thus far, you know the story of the boy who called wolf?",
                    "comment_time": "2022-02-03 00:09:30",
                    "comment_image": null,
                    "comment_reactors": [],
                    "comment_reactions": null,
                    "comment_reaction_count": null
                },
                {
                    "comment_id": "10159541987358904",
                    "comment_url": "https://facebook.com/10159541987358904",
                    "commenter_id": "509546034",
                    "commenter_url": "https://facebook.com/ashley.faller.9?fref=nf&rc=p",
                    "commenter_name": "Ashley Faller",
                    "commenter_meta": null,
                    "comment_text": "Kyle Fingland No they haven't. The only one I heard \"debunked\" was someone claimed a person died because first responders couldn't get through the blockade. The other occurrences like at the Rideau Center and the Church Soup kitchen are part of an on going investigation.",
                    "comment_time": "2022-02-03 00:09:30",
                    "comment_image": "https://scontent.xx.fbcdn.net/m1/v/t6/An_UvxJXg9tdnLU3Y5qjPi0200MLilhzPXUgxzGjQzUMaNcmjdZA6anyrngvkdub33NZzZhd51fpCAEzNHFhko5aKRFP5fS1w_lKwYrzcNLupv27.png?ccb=10-5&oh=00_AT9C82irDy7Sn8cI_UEelmRC1FY5K5jw2pfWXlZ8QaKL1g&oe=62246CF9&_nc_sid=55e238",
                    "comment_reactors": [],
                    "comment_reactions": null,
                    "comment_reaction_count": null
                },
                {
                    "comment_id": "10159542067048904",
                    "comment_url": "https://facebook.com/10159542067048904",
                    "commenter_id": "512446441",
                    "commenter_url": "https://facebook.com/Kyle.Fingland?fref=nf&rc=p",
                    "commenter_name": "Kyle Fingland",
                    "commenter_meta": null,
                    "comment_text": "Ashley Faller sure and the two people arrested thus far are Ottawa residents and opponents of the convoy.",
                    "comment_time": "2022-02-03 00:09:30",
                    "comment_image": null,
                    "comment_reactors": [],
                    "comment_reactions": null,
                    "comment_reaction_count": null
                },
                {
                    "comment_id": "10159542076433904",
                    "comment_url": "https://facebook.com/10159542076433904",
                    "commenter_id": "509546034",
                    "commenter_url": "https://facebook.com/ashley.faller.9?fref=nf&rc=p",
                    "commenter_name": "Ashley Faller",
                    "commenter_meta": null,
                    "comment_text": "Kyle Fingland Actually a trucker was arrested and there is many ongoing investigation by police including the incidents at the Rideau Center.",
                    "comment_time": "2022-02-03 00:09:30",
                    "comment_image": null,
                    "comment_reactors": [],
                    "comment_reactions": null,
                    "comment_reaction_count": null
                },
                {
                    "comment_id": "10159542175033904",
                    "comment_url": "https://facebook.com/10159542175033904",
                    "commenter_id": "100005074410682",
                    "commenter_url": "https://facebook.com/larry.aelterman?fref=nf&rc=p",
                    "commenter_name": "Larry Aelterman",
                    "commenter_meta": null,
                    "comment_text": "Terry Martin Who faaking cares?",
                    "comment_time": "2022-02-03 00:09:30",
                    "comment_image": "https://scontent.xx.fbcdn.net/m1/v/t6/An_UvxJXg9tdnLU3Y5qjPi0200MLilhzPXUgxzGjQzUMaNcmjdZA6anyrngvkdub33NZzZhd51fpCAEzNHFhko5aKRFP5fS1w_lKwYrzcNLupv27.png?ccb=10-5&oh=00_AT9C82irDy7Sn8cI_UEelmRC1FY5K5jw2pfWXlZ8QaKL1g&oe=62246CF9&_nc_sid=55e238",
                    "comment_reactors": [],
                    "comment_reactions": null,
                    "comment_reaction_count": null
                },
                {
                    "comment_id": "10159542177408904",
                    "comment_url": "https://facebook.com/10159542177408904",
                    "commenter_id": "100005074410682",
                    "commenter_url": "https://facebook.com/larry.aelterman?fref=nf&rc=p",
                    "commenter_name": "Larry Aelterman",
                    "commenter_meta": null,
                    "comment_text": "Ashley Faller Exactly, just like the CBC said there was probably Russian collusion with the truckers. Lap it up Truanon!",
                    "comment_time": "2022-02-03 00:09:30",
                    "comment_image": null,
                    "comment_reactors": [],
                    "comment_reactions": null,
                    "comment_reaction_count": null
                },
                {
                    "comment_id": "10159542254403904",
                    "comment_url": "https://facebook.com/10159542254403904",
                    "commenter_id": "587858608",
                    "commenter_url": "https://facebook.com/ohterry?fref=nf&rc=p",
                    "commenter_name": "Terry Martin",
                    "commenter_meta": null,
                    "comment_text": "Larry Aelterman The people who work there and are losing income because it\u2019s closed, they care. The people who have prescriptions at the pharmacy care. The people who work nearby and go to the food court at lunch care.",
                    "comment_time": "2022-02-03 00:09:30",
                    "comment_image": null,
                    "comment_reactors": [],
                    "comment_reactions": null,
                    "comment_reaction_count": null
                },
                {
                    "comment_id": "10159542281848904",
                    "comment_url": "https://facebook.com/10159542281848904",
                    "commenter_id": "100005074410682",
                    "commenter_url": "https://facebook.com/larry.aelterman?fref=nf&rc=p",
                    "commenter_name": "Larry Aelterman",
                    "commenter_meta": null,
                    "comment_text": "Terry Martin I'm sure they do just like the people in Caledonia which Trudeau also hid from.",
                    "comment_time": "2022-02-03 00:09:30",
                    "comment_image": null,
                    "comment_reactors": [],
                    "comment_reactions": null,
                    "comment_reaction_count": null
                },
                {
                    "comment_id": "10159542654203904",
                    "comment_url": "https://facebook.com/10159542654203904",
                    "commenter_id": "587858608",
                    "commenter_url": "https://facebook.com/ohterry?fref=nf&rc=p",
                    "commenter_name": "Terry Martin",
                    "commenter_meta": null,
                    "comment_text": "Larry Aelterman I\u2019m sure that will be comforting to the people who haven\u2019t been able to pick up their prescriptions this week.",
                    "comment_time": "2022-02-03 00:09:30",
                    "comment_image": null,
                    "comment_reactors": [],
                    "comment_reactions": null,
                    "comment_reaction_count": null
                },
                {
                    "comment_id": "10159542666788904",
                    "comment_url": "https://facebook.com/10159542666788904",
                    "commenter_id": "100005074410682",
                    "commenter_url": "https://facebook.com/larry.aelterman?fref=nf&rc=p",
                    "commenter_name": "Larry Aelterman",
                    "commenter_meta": null,
                    "comment_text": "Terry Martin Why haven't they been able to pick up their prescriptions. There are lanes open on every street to accommodate NECESSARY traffic or they can be delivered with the regular courier.",
                    "comment_time": "2022-02-03 00:09:30",
                    "comment_image": null,
                    "comment_reactors": [],
                    "comment_reactions": null,
                    "comment_reaction_count": null
                },
                {
                    "comment_id": "10159542840953904",
                    "comment_url": "https://facebook.com/10159542840953904",
                    "commenter_id": "587858608",
                    "commenter_url": "https://facebook.com/ohterry?fref=nf&rc=p",
                    "commenter_name": "Terry Martin",
                    "commenter_meta": null,
                    "comment_text": "Larry Aelterman The mall is closed",
                    "comment_time": "2022-02-03 00:09:30",
                    "comment_image": null,
                    "comment_reactors": [],
                    "comment_reactions": null,
                    "comment_reaction_count": null
                },
                {
                    "comment_id": "10159544347263904",
                    "comment_url": "https://facebook.com/10159544347263904",
                    "commenter_id": "509546034",
                    "commenter_url": "https://facebook.com/ashley.faller.9?fref=nf&rc=p",
                    "commenter_name": "Ashley Faller",
                    "commenter_meta": null,
                    "comment_text": "Kyle Fingland https://\nottawacitizen.co\nm/news/\nlocal-news/\nrideau-centre-cl\noses-after-mask\nless-protesters\n-are-seen-confr\nonting-staff",
                    "comment_time": "2022-02-03 00:09:30",
                    "comment_image": "https://ottawacitizen.com/news/local-news/rideau-centre-closes-after-maskless-protesters-are-seen-confronting-staff?fbclid=IwAR3oEZszFUVggPh1Jy_Hpb2qKwKA8Qae2GdXSu4Os7p0OUFZLIFgJeEDBDs",
                    "comment_reactors": [],
                    "comment_reactions": null,
                    "comment_reaction_count": null
                }
            ]
        },
        {
            "comment_id": "10159546943243904",
            "comment_url": "https://facebook.com/10159546943243904",
            "commenter_id": "100000542160212",
            "commenter_url": "https://facebook.com/dapperndarlene.brooks?fref=nf&rc=p&refid=52",
            "commenter_name": "Darlene Brooks",
            "commenter_meta": null,
            "comment_text": "Let's see video plzz ..all those thousands of ppl and no live video feed ..c'mon now!",
            "comment_time": "2022-02-03 00:09:27",
            "comment_image": null,
            "comment_reactors": [],
            "comment_reactions": null,
            "comment_reaction_count": null,
            "replies": []
        },
        {
            "comment_id": "10159541630943904",
            "comment_url": "https://facebook.com/10159541630943904",
            "commenter_id": "524186721",
            "commenter_url": "https://facebook.com/sboudreau1?fref=nf&rc=p&refid=52",
            "commenter_name": "Steven Boudreau",
            "commenter_meta": null,
            "comment_text": "We need proof they will say anything to try & brake up this convoy Trudeau must be home signing checks for Global as we speak\ud83d\ude44",
            "comment_time": "2022-02-03 00:09:27",
            "comment_image": null,
            "comment_reactors": [],
            "comment_reactions": null,
            "comment_reaction_count": null,
            "replies": [
                {
                    "comment_id": "10159542379318904",
                    "comment_url": "https://facebook.com/10159542379318904",
                    "commenter_id": "507841386",
                    "commenter_url": "https://facebook.com/colinrichardson.rocksyoursocks?fref=nf&rc=p",
                    "commenter_name": "Colin Richardson",
                    "commenter_meta": null,
                    "comment_text": "Steven Boudreau Proof you will ignore anything & support this convoy regardless of any of their actions",
                    "comment_time": "2022-02-03 00:09:31",
                    "comment_image": null,
                    "comment_reactors": [],
                    "comment_reactions": null,
                    "comment_reaction_count": null
                },
                {
                    "comment_id": "10159542385358904",
                    "comment_url": "https://facebook.com/10159542385358904",
                    "commenter_id": "524186721",
                    "commenter_url": "https://facebook.com/sboudreau1?fref=nf&rc=p",
                    "commenter_name": "Steven Boudreau",
                    "commenter_meta": null,
                    "comment_text": "Colin Richardson I guess your waiting for your check also how many phonies are working for Trudeau anyway \ud83e\udd14",
                    "comment_time": "2022-02-03 00:09:31",
                    "comment_image": null,
                    "comment_reactors": [],
                    "comment_reactions": null,
                    "comment_reaction_count": null
                }
            ]
        },
        {
            "comment_id": "10159541590388904",
            "comment_url": "https://facebook.com/10159541590388904",
            "commenter_id": "100005143056845",
            "commenter_url": "https://facebook.com/george.thorburn.355?fref=nf&rc=p&refid=52",
            "commenter_name": "George Thorburn",
            "commenter_meta": null,
            "comment_text": "Where are these two from? I heard they were local Ottawa people.",
            "comment_time": "2022-02-03 00:09:27",
            "comment_image": null,
            "comment_reactors": [],
            "comment_reactions": null,
            "comment_reaction_count": null,
            "replies": [
                {
                    "comment_id": "10159541595693904",
                    "comment_url": "https://facebook.com/10159541595693904",
                    "commenter_id": "552340251",
                    "commenter_url": "https://facebook.com/alindsey1?fref=nf&rc=p",
                    "commenter_name": "Andrew Lindsey",
                    "commenter_meta": null,
                    "comment_text": "Read up on the police report and find out.",
                    "comment_time": "2022-02-03 00:09:32",
                    "comment_image": "https://scontent.xx.fbcdn.net/m1/v/t6/An_UvxJXg9tdnLU3Y5qjPi0200MLilhzPXUgxzGjQzUMaNcmjdZA6anyrngvkdub33NZzZhd51fpCAEzNHFhko5aKRFP5fS1w_lKwYrzcNLupv27.png?ccb=10-5&oh=00_AT9C82irDy7Sn8cI_UEelmRC1FY5K5jw2pfWXlZ8QaKL1g&oe=62246CF9&_nc_sid=55e238",
                    "comment_reactors": [],
                    "comment_reactions": null,
                    "comment_reaction_count": null
                },
                {
                    "comment_id": "10159541604568904",
                    "comment_url": "https://facebook.com/10159541604568904",
                    "commenter_id": "512446441",
                    "commenter_url": "https://facebook.com/Kyle.Fingland?fref=nf&rc=p",
                    "commenter_name": "Kyle Fingland",
                    "commenter_meta": null,
                    "comment_text": "George Thorburn one of the assailants. Seems a bit unhinged and talks openly about committing crimes against the convoy.",
                    "comment_time": "2022-02-03 00:09:32",
                    "comment_image": "https://scontent.xx.fbcdn.net/m1/v/t6/An_UvxJXg9tdnLU3Y5qjPi0200MLilhzPXUgxzGjQzUMaNcmjdZA6anyrngvkdub33NZzZhd51fpCAEzNHFhko5aKRFP5fS1w_lKwYrzcNLupv27.png?ccb=10-5&oh=00_AT9C82irDy7Sn8cI_UEelmRC1FY5K5jw2pfWXlZ8QaKL1g&oe=62246CF9&_nc_sid=55e238",
                    "comment_reactors": [],
                    "comment_reactions": null,
                    "comment_reaction_count": null
                },
                {
                    "comment_id": "10159541605833904",
                    "comment_url": "https://facebook.com/10159541605833904",
                    "commenter_id": "100005143056845",
                    "commenter_url": "https://facebook.com/george.thorburn.355?fref=nf&rc=p",
                    "commenter_name": "George Thorburn",
                    "commenter_meta": null,
                    "comment_text": "Andrew Lindsey the news station I am listening to said \u201cOttawa residents\u201d.",
                    "comment_time": "2022-02-03 00:09:32",
                    "comment_image": "https://scontent.xx.fbcdn.net/m1/v/t6/An_UvxJXg9tdnLU3Y5qjPi0200MLilhzPXUgxzGjQzUMaNcmjdZA6anyrngvkdub33NZzZhd51fpCAEzNHFhko5aKRFP5fS1w_lKwYrzcNLupv27.png?ccb=10-5&oh=00_AT9C82irDy7Sn8cI_UEelmRC1FY5K5jw2pfWXlZ8QaKL1g&oe=62246CF9&_nc_sid=55e238",
                    "comment_reactors": [],
                    "comment_reactions": null,
                    "comment_reaction_count": null
                },
                {
                    "comment_id": "10159541608543904",
                    "comment_url": "https://facebook.com/10159541608543904",
                    "commenter_id": "552340251",
                    "commenter_url": "https://facebook.com/alindsey1?fref=nf&rc=p",
                    "commenter_name": "Andrew Lindsey",
                    "commenter_meta": null,
                    "comment_text": "George Thorburn although, not sure why what city they're from matters.",
                    "comment_time": "2022-02-03 00:09:32",
                    "comment_image": null,
                    "comment_reactors": [],
                    "comment_reactions": null,
                    "comment_reaction_count": null
                },
                {
                    "comment_id": "10159541608893904",
                    "comment_url": "https://facebook.com/10159541608893904",
                    "commenter_id": "552340251",
                    "commenter_url": "https://facebook.com/alindsey1?fref=nf&rc=p",
                    "commenter_name": "Andrew Lindsey",
                    "commenter_meta": null,
                    "comment_text": "Kyle Fingland got a link to that?",
                    "comment_time": "2022-02-03 00:09:32",
                    "comment_image": null,
                    "comment_reactors": [],
                    "comment_reactions": null,
                    "comment_reaction_count": null
                },
                {
                    "comment_id": "10159541610713904",
                    "comment_url": "https://facebook.com/10159541610713904",
                    "commenter_id": "512446441",
                    "commenter_url": "https://facebook.com/Kyle.Fingland?fref=nf&rc=p",
                    "commenter_name": "Kyle Fingland",
                    "commenter_meta": null,
                    "comment_text": "Andrew Lindsey yup \u261d\ufe0f",
                    "comment_time": "2022-02-03 00:09:32",
                    "comment_image": null,
                    "comment_reactors": [],
                    "comment_reactions": null,
                    "comment_reaction_count": null
                },
                {
                    "comment_id": "10159541613043904",
                    "comment_url": "https://facebook.com/10159541613043904",
                    "commenter_id": "100005143056845",
                    "commenter_url": "https://facebook.com/george.thorburn.355?fref=nf&rc=p",
                    "commenter_name": "George Thorburn",
                    "commenter_meta": null,
                    "comment_text": "Andrew Lindsey the narrative is that the truckers are all western white supremacists. The trouble makers appear to be local.",
                    "comment_time": "2022-02-03 00:09:32",
                    "comment_image": "https://scontent.xx.fbcdn.net/m1/v/t6/An_UvxJXg9tdnLU3Y5qjPi0200MLilhzPXUgxzGjQzUMaNcmjdZA6anyrngvkdub33NZzZhd51fpCAEzNHFhko5aKRFP5fS1w_lKwYrzcNLupv27.png?ccb=10-5&oh=00_AT9C82irDy7Sn8cI_UEelmRC1FY5K5jw2pfWXlZ8QaKL1g&oe=62246CF9&_nc_sid=55e238",
                    "comment_reactors": [],
                    "comment_reactions": null,
                    "comment_reaction_count": null
                },
                {
                    "comment_id": "10159541614538904",
                    "comment_url": "https://facebook.com/10159541614538904",
                    "commenter_id": "552340251",
                    "commenter_url": "https://facebook.com/alindsey1?fref=nf&rc=p",
                    "commenter_name": "Andrew Lindsey",
                    "commenter_meta": null,
                    "comment_text": "George Thorburn which is why it's better to pay attention to verified reports. rather than narratives put out by various groups.",
                    "comment_time": "2022-02-03 00:09:32",
                    "comment_image": "https://scontent.xx.fbcdn.net/m1/v/t6/An_UvxJXg9tdnLU3Y5qjPi0200MLilhzPXUgxzGjQzUMaNcmjdZA6anyrngvkdub33NZzZhd51fpCAEzNHFhko5aKRFP5fS1w_lKwYrzcNLupv27.png?ccb=10-5&oh=00_AT9C82irDy7Sn8cI_UEelmRC1FY5K5jw2pfWXlZ8QaKL1g&oe=62246CF9&_nc_sid=55e238",
                    "comment_reactors": [],
                    "comment_reactions": null,
                    "comment_reaction_count": null
                },
                {
                    "comment_id": "10159541615498904",
                    "comment_url": "https://facebook.com/10159541615498904",
                    "commenter_id": "552340251",
                    "commenter_url": "https://facebook.com/alindsey1?fref=nf&rc=p",
                    "commenter_name": "Andrew Lindsey",
                    "commenter_meta": null,
                    "comment_text": "George Thorburn I guess it depends on if you think there's no local support for the topic, and thus no local supporters at the protest.",
                    "comment_time": "2022-02-03 00:09:32",
                    "comment_image": null,
                    "comment_reactors": [],
                    "comment_reactions": null,
                    "comment_reaction_count": null
                },
                {
                    "comment_id": "10159541628998904",
                    "comment_url": "https://facebook.com/10159541628998904",
                    "commenter_id": "552340251",
                    "commenter_url": "https://facebook.com/alindsey1?fref=nf&rc=p",
                    "commenter_name": "Andrew Lindsey",
                    "commenter_meta": null,
                    "comment_text": "Kyle Fingland going to share it. . . ?",
                    "comment_time": "2022-02-03 00:09:32",
                    "comment_image": null,
                    "comment_reactors": [],
                    "comment_reactions": null,
                    "comment_reaction_count": null
                },
                {
                    "comment_id": "10159541629958904",
                    "comment_url": "https://facebook.com/10159541629958904",
                    "commenter_id": "512446441",
                    "commenter_url": "https://facebook.com/Kyle.Fingland?fref=nf&rc=p",
                    "commenter_name": "Kyle Fingland",
                    "commenter_meta": null,
                    "comment_text": "Andrew Lindsey I did already. They must be censoring the comment section. I\u2019ll dm you.",
                    "comment_time": "2022-02-03 00:09:32",
                    "comment_image": "https://scontent.xx.fbcdn.net/m1/v/t6/An_F9bJG7govfshSMBkvcRLcxT0jmiXVYKtr7lgH5AHgUrjjpZ1OD0xyxXYgf7arc0lWgCdrR_KN4Mg7RSN3Gm3W6Gg03N1tQ-ZXzVvFJ_KvvB4.png?ccb=10-5&oh=00_AT8ScZKrgCPhmfSgYBZgvnQHv14vvPQpgzOW8DDMFGGodg&oe=62243F67&_nc_sid=55e238",
                    "comment_reactors": [],
                    "comment_reactions": null,
                    "comment_reaction_count": null
                },
                {
                    "comment_id": "10159541631373904",
                    "comment_url": "https://facebook.com/10159541631373904",
                    "commenter_id": "552340251",
                    "commenter_url": "https://facebook.com/alindsey1?fref=nf&rc=p",
                    "commenter_name": "Andrew Lindsey",
                    "commenter_meta": null,
                    "comment_text": "Kyle Fingland right ;)",
                    "comment_time": "2022-02-03 00:09:32",
                    "comment_image": "https://scontent.xx.fbcdn.net/m1/v/t6/An_UvxJXg9tdnLU3Y5qjPi0200MLilhzPXUgxzGjQzUMaNcmjdZA6anyrngvkdub33NZzZhd51fpCAEzNHFhko5aKRFP5fS1w_lKwYrzcNLupv27.png?ccb=10-5&oh=00_AT9C82irDy7Sn8cI_UEelmRC1FY5K5jw2pfWXlZ8QaKL1g&oe=62246CF9&_nc_sid=55e238",
                    "comment_reactors": [],
                    "comment_reactions": null,
                    "comment_reaction_count": null
                },
                {
                    "comment_id": "10159541687548904",
                    "comment_url": "https://facebook.com/10159541687548904",
                    "commenter_id": "100005143056845",
                    "commenter_url": "https://facebook.com/george.thorburn.355?fref=nf&rc=p",
                    "commenter_name": "George Thorburn",
                    "commenter_meta": null,
                    "comment_text": "Andrew Lindsey lots of rental protesters in Ottawa.",
                    "comment_time": "2022-02-03 00:09:32",
                    "comment_image": "https://scontent.xx.fbcdn.net/m1/v/t6/An_UvxJXg9tdnLU3Y5qjPi0200MLilhzPXUgxzGjQzUMaNcmjdZA6anyrngvkdub33NZzZhd51fpCAEzNHFhko5aKRFP5fS1w_lKwYrzcNLupv27.png?ccb=10-5&oh=00_AT9C82irDy7Sn8cI_UEelmRC1FY5K5jw2pfWXlZ8QaKL1g&oe=62246CF9&_nc_sid=55e238",
                    "comment_reactors": [],
                    "comment_reactions": null,
                    "comment_reaction_count": null
                },
                {
                    "comment_id": "10159541691198904",
                    "comment_url": "https://facebook.com/10159541691198904",
                    "commenter_id": "552340251",
                    "commenter_url": "https://facebook.com/alindsey1?fref=nf&rc=p",
                    "commenter_name": "Andrew Lindsey",
                    "commenter_meta": null,
                    "comment_text": "George Thorburn and if so, those rentals wouldn't be cheap, as trucks like that take a lot to fuel and maintain.",
                    "comment_time": "2022-02-03 00:09:32",
                    "comment_image": "https://scontent.xx.fbcdn.net/m1/v/t6/An_UvxJXg9tdnLU3Y5qjPi0200MLilhzPXUgxzGjQzUMaNcmjdZA6anyrngvkdub33NZzZhd51fpCAEzNHFhko5aKRFP5fS1w_lKwYrzcNLupv27.png?ccb=10-5&oh=00_AT9C82irDy7Sn8cI_UEelmRC1FY5K5jw2pfWXlZ8QaKL1g&oe=62246CF9&_nc_sid=55e238",
                    "comment_reactors": [],
                    "comment_reactions": null,
                    "comment_reaction_count": null
                },
                {
                    "comment_id": "10159541698678904",
                    "comment_url": "https://facebook.com/10159541698678904",
                    "commenter_id": "100005143056845",
                    "commenter_url": "https://facebook.com/george.thorburn.355?fref=nf&rc=p",
                    "commenter_name": "George Thorburn",
                    "commenter_meta": null,
                    "comment_text": "Andrew Lindsey were the people arrested in possession of a large truck?",
                    "comment_time": "2022-02-03 00:09:32",
                    "comment_image": "https://scontent.xx.fbcdn.net/m1/v/t6/An_UvxJXg9tdnLU3Y5qjPi0200MLilhzPXUgxzGjQzUMaNcmjdZA6anyrngvkdub33NZzZhd51fpCAEzNHFhko5aKRFP5fS1w_lKwYrzcNLupv27.png?ccb=10-5&oh=00_AT9C82irDy7Sn8cI_UEelmRC1FY5K5jw2pfWXlZ8QaKL1g&oe=62246CF9&_nc_sid=55e238",
                    "comment_reactors": [],
                    "comment_reactions": null,
                    "comment_reaction_count": null
                },
                {
                    "comment_id": "10159541701643904",
                    "comment_url": "https://facebook.com/10159541701643904",
                    "commenter_id": "552340251",
                    "commenter_url": "https://facebook.com/alindsey1?fref=nf&rc=p",
                    "commenter_name": "Andrew Lindsey",
                    "commenter_meta": null,
                    "comment_text": "George Thorburn you could probably find that out from the police reports too. Although, there's cogent argument to the notion that a paid protester would be more careful about not getting arrested.",
                    "comment_time": "2022-02-03 00:09:32",
                    "comment_image": "https://scontent.xx.fbcdn.net/m1/v/t6/An_UvxJXg9tdnLU3Y5qjPi0200MLilhzPXUgxzGjQzUMaNcmjdZA6anyrngvkdub33NZzZhd51fpCAEzNHFhko5aKRFP5fS1w_lKwYrzcNLupv27.png?ccb=10-5&oh=00_AT9C82irDy7Sn8cI_UEelmRC1FY5K5jw2pfWXlZ8QaKL1g&oe=62246CF9&_nc_sid=55e238",
                    "comment_reactors": [],
                    "comment_reactions": null,
                    "comment_reaction_count": null
                },
                {
                    "comment_id": "10159541703313904",
                    "comment_url": "https://facebook.com/10159541703313904",
                    "commenter_id": "552340251",
                    "commenter_url": "https://facebook.com/alindsey1?fref=nf&rc=p",
                    "commenter_name": "Andrew Lindsey",
                    "commenter_meta": null,
                    "comment_text": "George Thorburn and if some of the protesters are paid, that would certainly throw an interesting light on that gofundme account.",
                    "comment_time": "2022-02-03 00:09:32",
                    "comment_image": "https://scontent.xx.fbcdn.net/m1/v/t6/An_UvxJXg9tdnLU3Y5qjPi0200MLilhzPXUgxzGjQzUMaNcmjdZA6anyrngvkdub33NZzZhd51fpCAEzNHFhko5aKRFP5fS1w_lKwYrzcNLupv27.png?ccb=10-5&oh=00_AT9C82irDy7Sn8cI_UEelmRC1FY5K5jw2pfWXlZ8QaKL1g&oe=62246CF9&_nc_sid=55e238",
                    "comment_reactors": [],
                    "comment_reactions": null,
                    "comment_reaction_count": null
                },
                {
                    "comment_id": "10159541706603904",
                    "comment_url": "https://facebook.com/10159541706603904",
                    "commenter_id": "100005143056845",
                    "commenter_url": "https://facebook.com/george.thorburn.355?fref=nf&rc=p",
                    "commenter_name": "George Thorburn",
                    "commenter_meta": null,
                    "comment_text": "Andrew Lindsey Maybe I should have been more clear. I was thinking about counter protesters, paid by opponents of the Truckers.",
                    "comment_time": "2022-02-03 00:09:32",
                    "comment_image": "https://scontent.xx.fbcdn.net/m1/v/t6/An_F9bJG7govfshSMBkvcRLcxT0jmiXVYKtr7lgH5AHgUrjjpZ1OD0xyxXYgf7arc0lWgCdrR_KN4Mg7RSN3Gm3W6Gg03N1tQ-ZXzVvFJ_KvvB4.png?ccb=10-5&oh=00_AT8ScZKrgCPhmfSgYBZgvnQHv14vvPQpgzOW8DDMFGGodg&oe=62243F67&_nc_sid=55e238",
                    "comment_reactors": [],
                    "comment_reactions": null,
                    "comment_reaction_count": null
                },
                {
                    "comment_id": "10159541709723904",
                    "comment_url": "https://facebook.com/10159541709723904",
                    "commenter_id": "552340251",
                    "commenter_url": "https://facebook.com/alindsey1?fref=nf&rc=p",
                    "commenter_name": "Andrew Lindsey",
                    "commenter_meta": null,
                    "comment_text": "George Thorburn which would be a line from one of those aforementioned narratives that we're supposed to be cautious against. And that goes for people pushing the notion of paid protesters anywhere.",
                    "comment_time": "2022-02-03 00:09:32",
                    "comment_image": "https://scontent.xx.fbcdn.net/m1/v/t6/An_UvxJXg9tdnLU3Y5qjPi0200MLilhzPXUgxzGjQzUMaNcmjdZA6anyrngvkdub33NZzZhd51fpCAEzNHFhko5aKRFP5fS1w_lKwYrzcNLupv27.png?ccb=10-5&oh=00_AT9C82irDy7Sn8cI_UEelmRC1FY5K5jw2pfWXlZ8QaKL1g&oe=62246CF9&_nc_sid=55e238",
                    "comment_reactors": [],
                    "comment_reactions": null,
                    "comment_reaction_count": null
                },
                {
                    "comment_id": "10159541849103904",
                    "comment_url": "https://facebook.com/10159541849103904",
                    "commenter_id": "100065403370622",
                    "commenter_url": "https://facebook.com/cary.mackenzie.503?fref=nf&rc=p",
                    "commenter_name": "Cary Mackenzie",
                    "commenter_meta": null,
                    "comment_text": "Kyle Fingland Alot of hate coming from the Libral Minority these days. Especially from there leader vary scary stuff in a so called free country",
                    "comment_time": "2022-02-03 00:09:32",
                    "comment_image": null,
                    "comment_reactors": [],
                    "comment_reactions": null,
                    "comment_reaction_count": null
                }
            ]
        },
        {
            "comment_id": "10159541590298904",
            "comment_url": "https://facebook.com/10159541590298904",
            "commenter_id": "100003482750320",
            "commenter_url": "https://facebook.com/pgjoly?fref=nf&rc=p&refid=52",
            "commenter_name": "Pierre G. Joly",
            "commenter_meta": null,
            "comment_text": "Where did the Globe mention anything about the truckers shovelling snow off the sidewalks or feeding then homeless?",
            "comment_time": "2022-02-03 00:09:27",
            "comment_image": null,
            "comment_reactors": [],
            "comment_reactions": null,
            "comment_reaction_count": null,
            "replies": [
                {
                    "comment_id": "10159541603868904",
                    "comment_url": "https://facebook.com/10159541603868904",
                    "commenter_id": "552340251",
                    "commenter_url": "https://facebook.com/alindsey1?fref=nf&rc=p",
                    "commenter_name": "Andrew Lindsey",
                    "commenter_meta": null,
                    "comment_text": "More to the point, where did anyone mention that.",
                    "comment_time": "2022-02-03 00:09:32",
                    "comment_image": "https://scontent.xx.fbcdn.net/m1/v/t6/An_UvxJXg9tdnLU3Y5qjPi0200MLilhzPXUgxzGjQzUMaNcmjdZA6anyrngvkdub33NZzZhd51fpCAEzNHFhko5aKRFP5fS1w_lKwYrzcNLupv27.png?ccb=10-5&oh=00_AT9C82irDy7Sn8cI_UEelmRC1FY5K5jw2pfWXlZ8QaKL1g&oe=62246CF9&_nc_sid=55e238",
                    "comment_reactors": [],
                    "comment_reactions": null,
                    "comment_reaction_count": null
                },
                {
                    "comment_id": "10159541903448904",
                    "comment_url": "https://facebook.com/10159541903448904",
                    "commenter_id": "100003482750320",
                    "commenter_url": "https://facebook.com/pgjoly?fref=nf&rc=p",
                    "commenter_name": "Pierre G. Joly",
                    "commenter_meta": null,
                    "comment_text": "There was a picture of a trucker shovelling snow off a sidewalk in one newspaper this morning, may have been the Sun, but not sure.",
                    "comment_time": "2022-02-03 00:09:32",
                    "comment_image": "https://scontent.xx.fbcdn.net/m1/v/t6/An_UvxJXg9tdnLU3Y5qjPi0200MLilhzPXUgxzGjQzUMaNcmjdZA6anyrngvkdub33NZzZhd51fpCAEzNHFhko5aKRFP5fS1w_lKwYrzcNLupv27.png?ccb=10-5&oh=00_AT9C82irDy7Sn8cI_UEelmRC1FY5K5jw2pfWXlZ8QaKL1g&oe=62246CF9&_nc_sid=55e238",
                    "comment_reactors": [],
                    "comment_reactions": null,
                    "comment_reaction_count": null
                }
            ]
        },
        {
            "comment_id": "10159541587603904",
            "comment_url": "https://facebook.com/10159541587603904",
            "commenter_id": "100011255710508",
            "commenter_url": "https://facebook.com/profile.php?id=100011255710508&fref=nf&rc=p&refid=52",
            "commenter_name": "Jim Preyde",
            "commenter_meta": null,
            "comment_text": "Does anyone know what the weapon was?",
            "comment_time": "2022-02-03 00:09:27",
            "comment_image": null,
            "comment_reactors": [],
            "comment_reactions": null,
            "comment_reaction_count": null,
            "replies": [
                {
                    "comment_id": "10159541596093904",
                    "comment_url": "https://facebook.com/10159541596093904",
                    "commenter_id": "552340251",
                    "commenter_url": "https://facebook.com/alindsey1?fref=nf&rc=p",
                    "commenter_name": "Andrew Lindsey",
                    "commenter_meta": null,
                    "comment_text": "The police likely do.",
                    "comment_time": "2022-02-03 00:09:33",
                    "comment_image": "https://scontent.xx.fbcdn.net/m1/v/t6/An_UvxJXg9tdnLU3Y5qjPi0200MLilhzPXUgxzGjQzUMaNcmjdZA6anyrngvkdub33NZzZhd51fpCAEzNHFhko5aKRFP5fS1w_lKwYrzcNLupv27.png?ccb=10-5&oh=00_AT9C82irDy7Sn8cI_UEelmRC1FY5K5jw2pfWXlZ8QaKL1g&oe=62246CF9&_nc_sid=55e238",
                    "comment_reactors": [],
                    "comment_reactions": null,
                    "comment_reaction_count": null
                },
                {
                    "comment_id": "10159541604503904",
                    "comment_url": "https://facebook.com/10159541604503904",
                    "commenter_id": "723865398",
                    "commenter_url": "https://facebook.com/sean.eyre.50?fref=nf&rc=p",
                    "commenter_name": "Sean Eyre",
                    "commenter_meta": null,
                    "comment_text": "Jim Preyde truth perhaps??",
                    "comment_time": "2022-02-03 00:09:33",
                    "comment_image": "https://scontent.xx.fbcdn.net/m1/v/t6/An_F9bJG7govfshSMBkvcRLcxT0jmiXVYKtr7lgH5AHgUrjjpZ1OD0xyxXYgf7arc0lWgCdrR_KN4Mg7RSN3Gm3W6Gg03N1tQ-ZXzVvFJ_KvvB4.png?ccb=10-5&oh=00_AT8ScZKrgCPhmfSgYBZgvnQHv14vvPQpgzOW8DDMFGGodg&oe=62243F67&_nc_sid=55e238",
                    "comment_reactors": [],
                    "comment_reactions": null,
                    "comment_reaction_count": null
                },
                {
                    "comment_id": "10159541709698904",
                    "comment_url": "https://facebook.com/10159541709698904",
                    "commenter_id": "100000966107089",
                    "commenter_url": "https://facebook.com/linda.nichol.7?fref=nf&rc=p",
                    "commenter_name": "Linda Nichol",
                    "commenter_meta": null,
                    "comment_text": "Jim Preyde Notice how they conveniently don't say what it was?",
                    "comment_time": "2022-02-03 00:09:33",
                    "comment_image": "https://scontent.xx.fbcdn.net/m1/v/t6/An_UvxJXg9tdnLU3Y5qjPi0200MLilhzPXUgxzGjQzUMaNcmjdZA6anyrngvkdub33NZzZhd51fpCAEzNHFhko5aKRFP5fS1w_lKwYrzcNLupv27.png?ccb=10-5&oh=00_AT9C82irDy7Sn8cI_UEelmRC1FY5K5jw2pfWXlZ8QaKL1g&oe=62246CF9&_nc_sid=55e238",
                    "comment_reactors": [],
                    "comment_reactions": null,
                    "comment_reaction_count": null
                },
                {
                    "comment_id": "10159541751028904",
                    "comment_url": "https://facebook.com/10159541751028904",
                    "commenter_id": "100003143030109",
                    "commenter_url": "https://facebook.com/cherie.smith.5439?fref=nf&rc=p",
                    "commenter_name": "Cherie Smith",
                    "commenter_meta": null,
                    "comment_text": "Jim Preyde building baton and 6inch non folding knife.",
                    "comment_time": "2022-02-03 00:09:33",
                    "comment_image": "https://scontent.xx.fbcdn.net/m1/v/t6/An_UvxJXg9tdnLU3Y5qjPi0200MLilhzPXUgxzGjQzUMaNcmjdZA6anyrngvkdub33NZzZhd51fpCAEzNHFhko5aKRFP5fS1w_lKwYrzcNLupv27.png?ccb=10-5&oh=00_AT9C82irDy7Sn8cI_UEelmRC1FY5K5jw2pfWXlZ8QaKL1g&oe=62246CF9&_nc_sid=55e238",
                    "comment_reactors": [],
                    "comment_reactions": null,
                    "comment_reaction_count": null
                },
                {
                    "comment_id": "10159541815798904",
                    "comment_url": "https://facebook.com/10159541815798904",
                    "commenter_id": "100003482750320",
                    "commenter_url": "https://facebook.com/pgjoly?fref=nf&rc=p",
                    "commenter_name": "Pierre G. Joly",
                    "commenter_meta": null,
                    "comment_text": "A butter knife used to make sandwiches.",
                    "comment_time": "2022-02-03 00:09:33",
                    "comment_image": null,
                    "comment_reactors": [],
                    "comment_reactions": null,
                    "comment_reaction_count": null
                },
                {
                    "comment_id": "10159541891608904",
                    "comment_url": "https://facebook.com/10159541891608904",
                    "commenter_id": "599345660",
                    "commenter_url": "https://facebook.com/philip.slade3?fref=nf&rc=p",
                    "commenter_name": "Philip Slade",
                    "commenter_meta": "Top fan",
                    "comment_text": "Jim Preyde maybe nail clippers.",
                    "comment_time": "2022-02-03 00:09:33",
                    "comment_image": "https://static.xx.fbcdn.net/rsrc.php/v3/y7/r/4bRBCBmu1Q9.png",
                    "comment_reactors": [],
                    "comment_reactions": null,
                    "comment_reaction_count": null
                },
                {
                    "comment_id": "10159541980218904",
                    "comment_url": "https://facebook.com/10159541980218904",
                    "commenter_id": "1382335243",
                    "commenter_url": "https://facebook.com/THEadamjanusz?fref=nf&rc=p",
                    "commenter_name": "Adam Janusz",
                    "commenter_meta": null,
                    "comment_text": "Jim Preyde 15\" biceps. In the police' defense, he WAS wearing a t-shirt with arrows pointing to his arms which read \"Weapons of mass seduction\".\n\nSo, yeah, don't try to seduce the authorities with your mind-blowing bicep pump!",
                    "comment_time": "2022-02-03 00:09:33",
                    "comment_image": "https://scontent.xx.fbcdn.net/m1/v/t6/An_UvxJXg9tdnLU3Y5qjPi0200MLilhzPXUgxzGjQzUMaNcmjdZA6anyrngvkdub33NZzZhd51fpCAEzNHFhko5aKRFP5fS1w_lKwYrzcNLupv27.png?ccb=10-5&oh=00_AT9C82irDy7Sn8cI_UEelmRC1FY5K5jw2pfWXlZ8QaKL1g&oe=62246CF9&_nc_sid=55e238",
                    "comment_reactors": [],
                    "comment_reactions": null,
                    "comment_reaction_count": null
                },
                {
                    "comment_id": "10159542166718904",
                    "comment_url": "https://facebook.com/10159542166718904",
                    "commenter_id": "100004600094071",
                    "commenter_url": "https://facebook.com/daniel.okeefe.1420?fref=nf&rc=p",
                    "commenter_name": "Daniel O'Keefe",
                    "commenter_meta": null,
                    "comment_text": "Jim Preyde probably a hockey stick..... Anything use like a weapon is a weapon. But it might have been a left-handed hockey stick and those are notoriously more dangerous....th\ney probably charged him under the \"McSorley act\"...\ud83e\udd14",
                    "comment_time": "2022-02-03 00:09:33",
                    "comment_image": null,
                    "comment_reactors": [],
                    "comment_reactions": null,
                    "comment_reaction_count": null
                }
            ]
        },
        {
            "comment_id": "10159542467418904",
            "comment_url": "https://facebook.com/10159542467418904",
            "commenter_id": "100057614438308",
            "commenter_url": "https://facebook.com/DavidWebIII?fref=nf&rc=p&refid=52",
            "commenter_name": "David Webb III",
            "commenter_meta": null,
            "comment_text": "That could be intimidation. Where the group of lawyers to defend protesters are at?",
            "comment_time": "2022-02-03 00:09:27",
            "comment_image": null,
            "comment_reactors": [],
            "comment_reactions": null,
            "comment_reaction_count": null,
            "replies": []
        },
        {
            "comment_id": "10159541758993904",
            "comment_url": "https://facebook.com/10159541758993904",
            "commenter_id": "100009445940896",
            "commenter_url": "https://facebook.com/profile.php?id=100009445940896&fref=nf&rc=p&refid=52",
            "commenter_name": "David Wale",
            "commenter_meta": null,
            "comment_text": "Leave now and let the people of ottawa live and work in peace ffs",
            "comment_time": "2022-02-03 00:09:27",
            "comment_image": null,
            "comment_reactors": [],
            "comment_reactions": null,
            "comment_reaction_count": null,
            "replies": [
                {
                    "comment_id": "10159541780688904",
                    "comment_url": "https://facebook.com/10159541780688904",
                    "commenter_id": "693613157",
                    "commenter_url": "https://facebook.com/robert.mielnik.31?fref=nf&rc=p",
                    "commenter_name": "Robert Mielnik",
                    "commenter_meta": null,
                    "comment_text": "David Wale are u asking gov to leave or Antifa members arrested or demonstrators??\n?!!!",
                    "comment_time": "2022-02-03 00:09:35",
                    "comment_image": "https://scontent.xx.fbcdn.net/m1/v/t6/An_UvxJXg9tdnLU3Y5qjPi0200MLilhzPXUgxzGjQzUMaNcmjdZA6anyrngvkdub33NZzZhd51fpCAEzNHFhko5aKRFP5fS1w_lKwYrzcNLupv27.png?ccb=10-5&oh=00_AT9C82irDy7Sn8cI_UEelmRC1FY5K5jw2pfWXlZ8QaKL1g&oe=62246CF9&_nc_sid=55e238",
                    "comment_reactors": [],
                    "comment_reactions": null,
                    "comment_reaction_count": null
                },
                {
                    "comment_id": "10159541796063904",
                    "comment_url": "https://facebook.com/10159541796063904",
                    "commenter_id": "706995122",
                    "commenter_url": "https://facebook.com/brandon.bartlett.902?fref=nf&rc=p",
                    "commenter_name": "Brandon Bartlett",
                    "commenter_meta": null,
                    "comment_text": "David Wale when the rest of us can do the same!",
                    "comment_time": "2022-02-03 00:09:35",
                    "comment_image": "https://scontent.xx.fbcdn.net/m1/v/t6/An_UvxJXg9tdnLU3Y5qjPi0200MLilhzPXUgxzGjQzUMaNcmjdZA6anyrngvkdub33NZzZhd51fpCAEzNHFhko5aKRFP5fS1w_lKwYrzcNLupv27.png?ccb=10-5&oh=00_AT9C82irDy7Sn8cI_UEelmRC1FY5K5jw2pfWXlZ8QaKL1g&oe=62246CF9&_nc_sid=55e238",
                    "comment_reactors": [],
                    "comment_reactions": null,
                    "comment_reaction_count": null
                },
                {
                    "comment_id": "10159541901103904",
                    "comment_url": "https://facebook.com/10159541901103904",
                    "commenter_id": "100004425519144",
                    "commenter_url": "https://facebook.com/rino.michaud.7?fref=nf&rc=p",
                    "commenter_name": "Rino Michaud",
                    "commenter_meta": null,
                    "comment_text": "David Wale Trudeau mite have a place for you in is Fox Hole",
                    "comment_time": "2022-02-03 00:09:35",
                    "comment_image": "https://scontent.xx.fbcdn.net/m1/v/t6/An_UvxJXg9tdnLU3Y5qjPi0200MLilhzPXUgxzGjQzUMaNcmjdZA6anyrngvkdub33NZzZhd51fpCAEzNHFhko5aKRFP5fS1w_lKwYrzcNLupv27.png?ccb=10-5&oh=00_AT9C82irDy7Sn8cI_UEelmRC1FY5K5jw2pfWXlZ8QaKL1g&oe=62246CF9&_nc_sid=55e238",
                    "comment_reactors": [],
                    "comment_reactions": null,
                    "comment_reaction_count": null
                }
            ]
        }
    ],
    "reactors": null,
    "w3_fb_url": null,
    "reactions": null,
    "reaction_count": null,
    "with": null,
    "page_id": "140961138903",
    "sharers": null,
    "image_id": null,
    "image_ids": [],
    "was_live": false
}