{
    "original_request_url": "10159552225888904",
    "post_url": "https://facebook.com/story.php?story_fbid=10159552225888904&id=140961138903",
    "post_id": "10159552225888904",
    "text": "Arson investigators looking into fire in Ottawa apartment building\n\nTHEGLOBEANDMAIL.COM\nPolice arson unit probes Ottawa fire allegation in heat of anti-mandate protest",
    "post_text": "Arson investigators looking into fire in Ottawa apartment building",
    "shared_text": "THEGLOBEANDMAIL.COM\nPolice arson unit probes Ottawa fire allegation in heat of anti-mandate protest",
    "original_text": null,
    "time": "2022-02-08 00:58:55",
    "timestamp": 1644281935,
    "image": "https://www.theglobeandmail.com/resizer/F94tO4zxlRNq2K0SFO9WTNO90A0=/1200x800/filters:quality(80)/cloudfront-us-east-1.images.arcpublishing.com/tgam/BWAW43RQCBKZJJILJ5URCQHSDU.JPG",
    "image_lowquality": "https://external-sea1-1.xx.fbcdn.net/safe_image.php?d=AQHpevZKRLPZq8IX&w=476&h=249&url=https%3A%2F%2Fwww.theglobeandmail.com%2Fresizer%2FF94tO4zxlRNq2K0SFO9WTNO90A0%3D%2F1200x800%2Ffilters%3Aquality%2880%29%2Fcloudfront-us-east-1.images.arcpublishing.com%2Ftgam%2FBWAW43RQCBKZJJILJ5URCQHSDU.JPG&cfs=1&jq=75&ext=jpg&_nc_oe=6fabb&_nc_sid=06c271&ccb=3-5&_nc_hash=AQF23txxuXRklT_5",
    "images": [
        "https://www.theglobeandmail.com/resizer/F94tO4zxlRNq2K0SFO9WTNO90A0=/1200x800/filters:quality(80)/cloudfront-us-east-1.images.arcpublishing.com/tgam/BWAW43RQCBKZJJILJ5URCQHSDU.JPG"
    ],
    "images_description": [],
    "images_lowquality": [
        "https://external-sea1-1.xx.fbcdn.net/safe_image.php?d=AQHpevZKRLPZq8IX&w=476&h=249&url=https%3A%2F%2Fwww.theglobeandmail.com%2Fresizer%2FF94tO4zxlRNq2K0SFO9WTNO90A0%3D%2F1200x800%2Ffilters%3Aquality%2880%29%2Fcloudfront-us-east-1.images.arcpublishing.com%2Ftgam%2FBWAW43RQCBKZJJILJ5URCQHSDU.JPG&cfs=1&jq=75&ext=jpg&_nc_oe=6fabb&_nc_sid=06c271&ccb=3-5&_nc_hash=AQF23txxuXRklT_5"
    ],
    "images_lowquality_description": [
        null
    ],
    "video": null,
    "video_duration_seconds": null,
    "video_height": null,
    "video_id": null,
    "video_quality": null,
    "video_size_MB": null,
    "video_thumbnail": null,
    "video_watches": null,
    "video_width": null,
    "likes": 23,
    "comments": 2,
    "shares": 7,
    "link": "http://www.theglobeandmail.com/canada/article-police-arson-unit-probes-ottawa-fire-allegation-in-heat-of-anti/?utm_campaign=sophi-pop&utm_medium=post&utm_source=facebook&fbclid=IwAR2E8kmXzJZONCzKIkbGh9KfV5NCqAS0XDRvL_7MgNEwx8D3ME3VNBNcHpo",
    "links": [],
    "user_id": "140961138903",
    "username": "The Globe and Mail",
    "user_url": "https://facebook.com/theglobeandmail/?refid=52",
    "is_live": false,
    "factcheck": null,
    "shared_post_id": null,
    "shared_time": null,
    "shared_user_id": null,
    "shared_username": null,
    "shared_post_url": null,
    "available": true,
    "comments_full": [
        {
            "comment_id": "10159552295728904",
            "comment_url": "https://facebook.com/10159552295728904",
            "commenter_id": "100007654570318",
            "commenter_url": "https://facebook.com/marie.bertini.12?fref=nf&rc=p&refid=52",
            "commenter_name": "Marie Bertini",
            "commenter_meta": null,
            "comment_text": "Where's the Premier of Ontario Doug Ford? Isn't he the one who should come out of his bathtub as these are his supporters! Shame on you Doug Ford.",
            "comment_time": "2022-02-09 23:15:36",
            "comment_image": null,
            "comment_reactors": [],
            "comment_reactions": null,
            "comment_reaction_count": null,
            "replies": [
                {
                    "comment_id": "10159552365793904",
                    "comment_url": "https://facebook.com/10159552365793904",
                    "commenter_id": "100002627454926",
                    "commenter_url": "https://facebook.com/kyle.nowosad.1?fref=nf&rc=p",
                    "commenter_name": "Kyle Nowosad",
                    "commenter_meta": null,
                    "comment_text": "Marie Bertini As opposed to Trudeau who for days said nothing on the protests until today. Doug Ford has been addressing the protests for days and has asked them to leave multiple times.",
                    "comment_time": "2022-02-09 23:15:37",
                    "comment_image": "https://scontent.xx.fbcdn.net/m1/v/t6/An_UvxJXg9tdnLU3Y5qjPi0200MLilhzPXUgxzGjQzUMaNcmjdZA6anyrngvkdub33NZzZhd51fpCAEzNHFhko5aKRFP5fS1w_lKwYrzcNLupv27.png?ccb=10-5&oh=00_AT9C82irDy7Sn8cI_UEelmRC1FY5K5jw2pfWXlZ8QaKL1g&oe=62246CF9&_nc_sid=55e238",
                    "comment_reactors": [],
                    "comment_reactions": null,
                    "comment_reaction_count": null
                }
            ]
        },
        {
            "comment_id": "10159552248918904",
            "comment_url": "https://facebook.com/10159552248918904",
            "commenter_id": "507841386",
            "commenter_url": "https://facebook.com/colinrichardson.rocksyoursocks?fref=nf&rc=p&refid=52",
            "commenter_name": "Colin Richardson",
            "commenter_meta": null,
            "comment_text": "Oh, hey the police are doing...somethi\nng! Bravo, they should get a raise for finding the car keys to their cruisers. Only took trying to set a building full of people on fire. Tax payer dollars hard at work",
            "comment_time": "2022-02-09 23:15:36",
            "comment_image": null,
            "comment_reactors": [],
            "comment_reactions": null,
            "comment_reaction_count": null,
            "replies": []
        }
    ],
    "reactors": null,
    "w3_fb_url": null,
    "reactions": null,
    "reaction_count": null,
    "with": null,
    "page_id": "140961138903",
    "sharers": null,
    "image_id": null,
    "image_ids": [],
    "was_live": false
}