{
    "original_request_url": "10159552948188904",
    "post_url": "https://facebook.com/story.php?story_fbid=10159552948188904&id=140961138903",
    "post_id": "10159552948188904",
    "text": "Giuliano Zaccardelli: Policing protests always requires a careful balance between peacekeeping and the appropriate use of force. But now is the time for a forceful response in our nation\u2019s capital\n\nTHEGLOBEANDMAIL.COM\nAfter a week of tightrope-walking, police in Ottawa must actively enforce the law",
    "post_text": "Giuliano Zaccardelli: Policing protests always requires a careful balance between peacekeeping and the appropriate use of force. But now is the time for a forceful response in our nation\u2019s capital",
    "shared_text": "THEGLOBEANDMAIL.COM\nAfter a week of tightrope-walking, police in Ottawa must actively enforce the law",
    "original_text": null,
    "time": "2022-02-08 13:33:54",
    "timestamp": 1644327234,
    "image": "https://www.theglobeandmail.com/resizer/EkO1Fkp96V0g73ONvky8M3-vqtY=/1200x866/filters:quality(80)/cloudfront-us-east-1.images.arcpublishing.com/tgam/HRUN7KK7C5HOZDWTMN5B4XHGY4.jpg",
    "image_lowquality": "https://external-sea1-1.xx.fbcdn.net/safe_image.php?d=AQEn58eKQycqOvGZ&w=476&h=249&url=https%3A%2F%2Fwww.theglobeandmail.com%2Fresizer%2FEkO1Fkp96V0g73ONvky8M3-vqtY%3D%2F1200x866%2Ffilters%3Aquality%2880%29%2Fcloudfront-us-east-1.images.arcpublishing.com%2Ftgam%2FHRUN7KK7C5HOZDWTMN5B4XHGY4.jpg&cfs=1&jq=75&ext=jpg&_nc_oe=6fab7&_nc_sid=06c271&ccb=3-5&_nc_hash=AQFwH2FOIqhIMUUV",
    "images": [
        "https://www.theglobeandmail.com/resizer/EkO1Fkp96V0g73ONvky8M3-vqtY=/1200x866/filters:quality(80)/cloudfront-us-east-1.images.arcpublishing.com/tgam/HRUN7KK7C5HOZDWTMN5B4XHGY4.jpg"
    ],
    "images_description": [],
    "images_lowquality": [
        "https://external-sea1-1.xx.fbcdn.net/safe_image.php?d=AQEn58eKQycqOvGZ&w=476&h=249&url=https%3A%2F%2Fwww.theglobeandmail.com%2Fresizer%2FEkO1Fkp96V0g73ONvky8M3-vqtY%3D%2F1200x866%2Ffilters%3Aquality%2880%29%2Fcloudfront-us-east-1.images.arcpublishing.com%2Ftgam%2FHRUN7KK7C5HOZDWTMN5B4XHGY4.jpg&cfs=1&jq=75&ext=jpg&_nc_oe=6fab7&_nc_sid=06c271&ccb=3-5&_nc_hash=AQFwH2FOIqhIMUUV"
    ],
    "images_lowquality_description": [
        null
    ],
    "video": null,
    "video_duration_seconds": null,
    "video_height": null,
    "video_id": null,
    "video_quality": null,
    "video_size_MB": null,
    "video_thumbnail": null,
    "video_watches": null,
    "video_width": null,
    "likes": 100,
    "comments": 19,
    "shares": 9,
    "link": "http://www.theglobeandmail.com/opinion/article-after-a-week-of-tightrope-walking-police-in-ottawa-must-actively/?utm_campaign=sophi-pop&utm_medium=post&utm_source=facebook&fbclid=IwAR0pvyaMXXd6jdusQyjvy18c8eGrcelPjL-x6BKe72ybpXemhJtj8yK15NQ",
    "links": [],
    "user_id": "140961138903",
    "username": "The Globe and Mail",
    "user_url": "https://facebook.com/theglobeandmail/?refid=52",
    "is_live": false,
    "factcheck": null,
    "shared_post_id": null,
    "shared_time": null,
    "shared_user_id": null,
    "shared_username": null,
    "shared_post_url": null,
    "available": true,
    "comments_full": [
        {
            "comment_id": "10159553746448904",
            "comment_url": "https://facebook.com/10159553746448904",
            "commenter_id": "537391030",
            "commenter_url": "https://facebook.com/leah.newman.967?fref=nf&rc=p&refid=52",
            "commenter_name": "Leah Newman",
            "commenter_meta": null,
            "comment_text": "A forceful response to a peaceful protest. What a joke.",
            "comment_time": "2022-02-09 19:23:13",
            "comment_image": null,
            "comment_reactors": [],
            "comment_reactions": null,
            "comment_reaction_count": null,
            "replies": [
                {
                    "comment_id": "10159553748363904",
                    "comment_url": "https://facebook.com/10159553748363904",
                    "commenter_id": "706995122",
                    "commenter_url": "https://facebook.com/brandon.bartlett.902?fref=nf&rc=p",
                    "commenter_name": "Brandon Bartlett",
                    "commenter_meta": null,
                    "comment_text": "Leah Newman that\u2019s why they are arrested seniors in minivans and farmers in pickup trucks.",
                    "comment_time": "2022-02-09 19:23:13",
                    "comment_image": null,
                    "comment_reactors": [],
                    "comment_reactions": null,
                    "comment_reaction_count": null
                },
                {
                    "comment_id": "10159555594238904",
                    "comment_url": "https://facebook.com/10159555594238904",
                    "commenter_id": "507841386",
                    "commenter_url": "https://facebook.com/colinrichardson.rocksyoursocks?fref=nf&rc=p",
                    "commenter_name": "Colin Richardson",
                    "commenter_meta": null,
                    "comment_text": "Leah Newman \"Peaceful\" protest. What a joke.",
                    "comment_time": "2022-02-09 19:23:13",
                    "comment_image": null,
                    "comment_reactors": [],
                    "comment_reactions": null,
                    "comment_reaction_count": null
                }
            ]
        },
        {
            "comment_id": "10159553154638904",
            "comment_url": "https://facebook.com/10159553154638904",
            "commenter_id": "605251325",
            "commenter_url": "https://facebook.com/dean.yuzik?fref=nf&rc=p&refid=52",
            "commenter_name": "Dean Yuzik",
            "commenter_meta": null,
            "comment_text": "The worst commissioner of the RCMP wants to speak? This was always Zacc\u2019s approach \u201cforce\u201d\u201d he bullied his members and was not respected! So I don\u2019t take any word he has on anything!",
            "comment_time": "2022-02-09 19:23:13",
            "comment_image": null,
            "comment_reactors": [],
            "comment_reactions": null,
            "comment_reaction_count": null,
            "replies": []
        },
        {
            "comment_id": "10159554857168904",
            "comment_url": "https://facebook.com/10159554857168904",
            "commenter_id": "601565276",
            "commenter_url": "https://facebook.com/brock.hanly?fref=nf&rc=p&refid=52",
            "commenter_name": "Brock Hanly",
            "commenter_meta": null,
            "comment_text": "I love these posts. They just build the foundation for the police response to the next \u201cprogressive\u201d protest.",
            "comment_time": "2022-02-09 19:23:13",
            "comment_image": null,
            "comment_reactors": [],
            "comment_reactions": null,
            "comment_reaction_count": null,
            "replies": [
                {
                    "comment_id": "10159555400733904",
                    "comment_url": "https://facebook.com/10159555400733904",
                    "commenter_id": "507841386",
                    "commenter_url": "https://facebook.com/colinrichardson.rocksyoursocks?fref=nf&rc=p",
                    "commenter_name": "Colin Richardson",
                    "commenter_meta": null,
                    "comment_text": "Brock Hanly There was already overwhelming police force used against the Wet'suwet'en protests and the G20 protests. The remarkable thing is when conservative thugs illegally blockade cities and border crossings, they're treated with kid's gloves (and bragged about how 'tough' they are b/c they haven't faced *any* kind of response of force yet). These thugs ought to feel the same tender embrace of the bootheel progressives have faced for years. See how smug they are then...",
                    "comment_time": "2022-02-09 19:23:14",
                    "comment_image": "https://scontent.xx.fbcdn.net/m1/v/t6/An_F9bJG7govfshSMBkvcRLcxT0jmiXVYKtr7lgH5AHgUrjjpZ1OD0xyxXYgf7arc0lWgCdrR_KN4Mg7RSN3Gm3W6Gg03N1tQ-ZXzVvFJ_KvvB4.png?ccb=10-5&oh=00_AT8ScZKrgCPhmfSgYBZgvnQHv14vvPQpgzOW8DDMFGGodg&oe=62243F67&_nc_sid=55e238",
                    "comment_reactors": [],
                    "comment_reactions": null,
                    "comment_reaction_count": null
                },
                {
                    "comment_id": "10159555484513904",
                    "comment_url": "https://facebook.com/10159555484513904",
                    "commenter_id": "601565276",
                    "commenter_url": "https://facebook.com/brock.hanly?fref=nf&rc=p",
                    "commenter_name": "Brock Hanly",
                    "commenter_meta": null,
                    "comment_text": "Colin \u201coverwhelming\u201d\n\nOk. \ud83d\ude09",
                    "comment_time": "2022-02-09 19:23:14",
                    "comment_image": null,
                    "comment_reactors": [],
                    "comment_reactions": null,
                    "comment_reaction_count": null
                },
                {
                    "comment_id": "10159555593003904",
                    "comment_url": "https://facebook.com/10159555593003904",
                    "commenter_id": "507841386",
                    "commenter_url": "https://facebook.com/colinrichardson.rocksyoursocks?fref=nf&rc=p",
                    "commenter_name": "Colin Richardson",
                    "commenter_meta": null,
                    "comment_text": "Brock Hanly You've got selective memory, mate. I remember the swift and aggressive response to those protests.",
                    "comment_time": "2022-02-09 19:23:14",
                    "comment_image": null,
                    "comment_reactors": [],
                    "comment_reactions": null,
                    "comment_reaction_count": null
                }
            ]
        },
        {
            "comment_id": "10159553745898904",
            "comment_url": "https://facebook.com/10159553745898904",
            "commenter_id": "706995122",
            "commenter_url": "https://facebook.com/brandon.bartlett.902?fref=nf&rc=p&refid=52",
            "commenter_name": "Brandon Bartlett",
            "commenter_meta": null,
            "comment_text": "So the police want to turn this into a non peaceful protest.",
            "comment_time": "2022-02-09 19:23:13",
            "comment_image": null,
            "comment_reactors": [],
            "comment_reactions": null,
            "comment_reaction_count": null,
            "replies": [
                {
                    "comment_id": "10159553757203904",
                    "comment_url": "https://facebook.com/10159553757203904",
                    "commenter_id": "588720642",
                    "commenter_url": "https://facebook.com/derek.s.cunningham?fref=nf&rc=p",
                    "commenter_name": "Derek Steven Cunningham",
                    "commenter_meta": null,
                    "comment_text": "Brandon Bartlett thats the plan from the Trudeau Liberals, NDP,, Doug Ford, Watson, along with the police chief!! I would say that most of the regular officers are pawns.....many are starting to call in sick etc. now!!!",
                    "comment_time": "2022-02-09 19:23:14",
                    "comment_image": "https://scontent.xx.fbcdn.net/m1/v/t6/An_UvxJXg9tdnLU3Y5qjPi0200MLilhzPXUgxzGjQzUMaNcmjdZA6anyrngvkdub33NZzZhd51fpCAEzNHFhko5aKRFP5fS1w_lKwYrzcNLupv27.png?ccb=10-5&oh=00_AT9C82irDy7Sn8cI_UEelmRC1FY5K5jw2pfWXlZ8QaKL1g&oe=62246CF9&_nc_sid=55e238",
                    "comment_reactors": [],
                    "comment_reactions": null,
                    "comment_reaction_count": null
                },
                {
                    "comment_id": "10159555597553904",
                    "comment_url": "https://facebook.com/10159555597553904",
                    "commenter_id": "507841386",
                    "commenter_url": "https://facebook.com/colinrichardson.rocksyoursocks?fref=nf&rc=p",
                    "commenter_name": "Colin Richardson",
                    "commenter_meta": null,
                    "comment_text": "Brandon Bartlett Just openly admitting the \"protestors\" are domestic terrorists that will resort to force if they don't get their way, eh? They've been illegally occupying a city, blockading ports of entry, terrorizing residents, assaulting local workers, desecrating war memorials, flying nazi and confederate flags, shitting in the streets and attempting to set fire to apartment buildings. This was never a \"peaceful protest\"",
                    "comment_time": "2022-02-09 19:23:14",
                    "comment_image": null,
                    "comment_reactors": [],
                    "comment_reactions": null,
                    "comment_reaction_count": null
                },
                {
                    "comment_id": "10159555674778904",
                    "comment_url": "https://facebook.com/10159555674778904",
                    "commenter_id": "706995122",
                    "commenter_url": "https://facebook.com/brandon.bartlett.902?fref=nf&rc=p",
                    "commenter_name": "Brandon Bartlett",
                    "commenter_meta": null,
                    "comment_text": "Colin Richardson nice try, and it\u2019s the police who are being non peaceful",
                    "comment_time": "2022-02-09 19:23:14",
                    "comment_image": null,
                    "comment_reactors": [],
                    "comment_reactions": null,
                    "comment_reaction_count": null
                }
            ]
        },
        {
            "comment_id": "10159552983513904",
            "comment_url": "https://facebook.com/10159552983513904",
            "commenter_id": "1296508175",
            "commenter_url": "https://facebook.com/dgroberts2?fref=nf&rc=p&refid=52",
            "commenter_name": "DG Roberts",
            "commenter_meta": null,
            "comment_text": "Italian fascism?",
            "comment_time": "2022-02-09 19:23:13",
            "comment_image": null,
            "comment_reactors": [],
            "comment_reactions": null,
            "comment_reaction_count": null,
            "replies": []
        },
        {
            "comment_id": "10159553383503904",
            "comment_url": "https://facebook.com/10159553383503904",
            "commenter_id": "504916593",
            "commenter_url": "https://facebook.com/jay.labatte?fref=nf&rc=p&refid=52",
            "commenter_name": "Jay Labatte",
            "commenter_meta": null,
            "comment_text": "Good luck forcing 50,000, 20,000lb trucks out with their brakes locked \ud83e\udd23\ud83d\ude02\ud83e\udd23\ud83d\ude02",
            "comment_time": "2022-02-09 19:23:13",
            "comment_image": null,
            "comment_reactors": [],
            "comment_reactions": null,
            "comment_reaction_count": null,
            "replies": [
                {
                    "comment_id": "10159555270958904",
                    "comment_url": "https://facebook.com/10159555270958904",
                    "commenter_id": "806355549",
                    "commenter_url": "https://facebook.com/joanne.johnsonmeyers?fref=nf&rc=p",
                    "commenter_name": "Joanne Johnson-Meyers",
                    "commenter_meta": null,
                    "comment_text": "Jay Labatte .... So disconnect the brakes on your own truck .... Lol",
                    "comment_time": "2022-02-09 19:23:15",
                    "comment_image": null,
                    "comment_reactors": [],
                    "comment_reactions": null,
                    "comment_reaction_count": null
                }
            ]
        },
        {
            "comment_id": "10159555759438904",
            "comment_url": "https://facebook.com/10159555759438904",
            "commenter_id": "100002768516400",
            "commenter_url": "https://facebook.com/dave.cromarty.7?fref=nf&rc=p&refid=52",
            "commenter_name": "Dave Cromarty",
            "commenter_meta": null,
            "comment_text": "Shouldn't they wait til someone breaks the law or they can I guess let's see what Canada thinks of that the day after?",
            "comment_time": "2022-02-09 19:23:13",
            "comment_image": null,
            "comment_reactors": [],
            "comment_reactions": null,
            "comment_reaction_count": null,
            "replies": []
        },
        {
            "comment_id": "10159553184433904",
            "comment_url": "https://facebook.com/10159553184433904",
            "commenter_id": "512028562",
            "commenter_url": "https://facebook.com/gerry.bourdeau?fref=nf&rc=p&refid=52",
            "commenter_name": "Gerry Bourdeau",
            "commenter_meta": null,
            "comment_text": "The law includes the right to protest and the right to freedom of expression. Freedom of peaceful assembly, too. Plus the right not to be arbitrarily arrested or detained.\n\nI assume the article goes on about how police must begin enforcing these most fundamental laws?",
            "comment_time": "2022-02-09 19:23:13",
            "comment_image": null,
            "comment_reactors": [],
            "comment_reactions": null,
            "comment_reaction_count": null,
            "replies": [
                {
                    "comment_id": "10159553913038904",
                    "comment_url": "https://facebook.com/10159553913038904",
                    "commenter_id": "590990113",
                    "commenter_url": "https://facebook.com/justin.manzoni?fref=nf&rc=p",
                    "commenter_name": "Justin Manzoni",
                    "commenter_meta": null,
                    "comment_text": "Gerry Bourdeau blockades are illegal",
                    "comment_time": "2022-02-09 19:23:16",
                    "comment_image": "https://scontent.xx.fbcdn.net/m1/v/t6/An_UvxJXg9tdnLU3Y5qjPi0200MLilhzPXUgxzGjQzUMaNcmjdZA6anyrngvkdub33NZzZhd51fpCAEzNHFhko5aKRFP5fS1w_lKwYrzcNLupv27.png?ccb=10-5&oh=00_AT9C82irDy7Sn8cI_UEelmRC1FY5K5jw2pfWXlZ8QaKL1g&oe=62246CF9&_nc_sid=55e238",
                    "comment_reactors": [],
                    "comment_reactions": null,
                    "comment_reaction_count": null
                },
                {
                    "comment_id": "10159553928203904",
                    "comment_url": "https://facebook.com/10159553928203904",
                    "commenter_id": "512028562",
                    "commenter_url": "https://facebook.com/gerry.bourdeau?fref=nf&rc=p",
                    "commenter_name": "Gerry Bourdeau",
                    "commenter_meta": null,
                    "comment_text": "Justin Manzoni depends. What's the highest law? You want protests to be convenient? I'm not sure that's a purposeful protest.",
                    "comment_time": "2022-02-09 19:23:16",
                    "comment_image": null,
                    "comment_reactors": [],
                    "comment_reactions": null,
                    "comment_reaction_count": null
                },
                {
                    "comment_id": "10159554945648904",
                    "comment_url": "https://facebook.com/10159554945648904",
                    "commenter_id": "100020550334924",
                    "commenter_url": "https://facebook.com/profile.php?id=100020550334924&fref=nf&rc=p",
                    "commenter_name": "Henry Pelland",
                    "commenter_meta": null,
                    "comment_text": "Justin Manzoni Tell FN that. Do they listen? NO",
                    "comment_time": "2022-02-09 19:23:16",
                    "comment_image": null,
                    "comment_reactors": [],
                    "comment_reactions": null,
                    "comment_reaction_count": null
                },
                {
                    "comment_id": "10159555393843904",
                    "comment_url": "https://facebook.com/10159555393843904",
                    "commenter_id": "507841386",
                    "commenter_url": "https://facebook.com/colinrichardson.rocksyoursocks?fref=nf&rc=p",
                    "commenter_name": "Colin Richardson",
                    "commenter_meta": null,
                    "comment_text": "Gerry Bourdeau They are not a peaceful assembly, they are thugs occupying a city with fear and intimidation tactics. They are not protesting, they are holding the city hostage. The are not making free expressions, they are making demands. Canada does not negotiate with terrorists. They should all be arrested and their trucks impounded at the owner's cost, which wouldn't be arbitrary, it would be a direct result of their illegal, violent actions.",
                    "comment_time": "2022-02-09 19:23:16",
                    "comment_image": null,
                    "comment_reactors": [],
                    "comment_reactions": null,
                    "comment_reaction_count": null
                }
            ]
        },
        {
            "comment_id": "10159553682093904",
            "comment_url": "https://facebook.com/10159553682093904",
            "commenter_id": "100000161332538",
            "commenter_url": "https://facebook.com/lyn.squires?fref=nf&rc=p&refid=52",
            "commenter_name": "Lyn Squires",
            "commenter_meta": null,
            "comment_text": "One has to wonder just what his description is for \"appropriate use of force\"",
            "comment_time": "2022-02-09 19:23:13",
            "comment_image": null,
            "comment_reactors": [],
            "comment_reactions": null,
            "comment_reaction_count": null,
            "replies": []
        },
        {
            "comment_id": "10159552979593904",
            "comment_url": "https://facebook.com/10159552979593904",
            "commenter_id": "752276958",
            "commenter_url": "https://facebook.com/vin.scott.7?fref=nf&rc=p&refid=52",
            "commenter_name": "Vin Scott",
            "commenter_meta": null,
            "comment_text": "What laws have they broke? (Other than noise ordinance that's been adressed)?",
            "comment_time": "2022-02-09 19:23:13",
            "comment_image": null,
            "comment_reactors": [],
            "comment_reactions": null,
            "comment_reaction_count": null,
            "replies": [
                {
                    "comment_id": "10159552993478904",
                    "comment_url": "https://facebook.com/10159552993478904",
                    "commenter_id": "100009297826248",
                    "commenter_url": "https://facebook.com/profile.php?id=100009297826248&fref=nf&rc=p",
                    "commenter_name": "Sean Ledwich",
                    "commenter_meta": null,
                    "comment_text": "Vin Scott there's an injunction for 10 days , so it's not addressed permanently and the extortionist occupiers will resume blowing their air horns as soon as it expires. That's how extortion works--make your target suffer, and they have made the people of Ottawa their target. As well, they are parked illegally and citizens of Ottawa report constant harassment over things like mask-wearing.",
                    "comment_time": "2022-02-09 19:23:17",
                    "comment_image": "https://scontent.xx.fbcdn.net/m1/v/t6/An_UvxJXg9tdnLU3Y5qjPi0200MLilhzPXUgxzGjQzUMaNcmjdZA6anyrngvkdub33NZzZhd51fpCAEzNHFhko5aKRFP5fS1w_lKwYrzcNLupv27.png?ccb=10-5&oh=00_AT9C82irDy7Sn8cI_UEelmRC1FY5K5jw2pfWXlZ8QaKL1g&oe=62246CF9&_nc_sid=55e238",
                    "comment_reactors": [],
                    "comment_reactions": null,
                    "comment_reaction_count": null
                },
                {
                    "comment_id": "10159553005228904",
                    "comment_url": "https://facebook.com/10159553005228904",
                    "commenter_id": "752276958",
                    "commenter_url": "https://facebook.com/vin.scott.7?fref=nf&rc=p",
                    "commenter_name": "Vin Scott",
                    "commenter_meta": null,
                    "comment_text": "Sean so extorting an individual to remain in the profession they went to school for in trade to 'volunteer' to take part an experiment is ok though? Government endorsed segregation. Medical discrimination into a two tier society. Man made policies not backed by science. You're ok with all that, but a little horn creates suffering. Hmm. Now I know. Ty",
                    "comment_time": "2022-02-09 19:23:17",
                    "comment_image": "https://scontent.xx.fbcdn.net/m1/v/t6/An_F9bJG7govfshSMBkvcRLcxT0jmiXVYKtr7lgH5AHgUrjjpZ1OD0xyxXYgf7arc0lWgCdrR_KN4Mg7RSN3Gm3W6Gg03N1tQ-ZXzVvFJ_KvvB4.png?ccb=10-5&oh=00_AT8ScZKrgCPhmfSgYBZgvnQHv14vvPQpgzOW8DDMFGGodg&oe=62243F67&_nc_sid=55e238",
                    "comment_reactors": [],
                    "comment_reactions": null,
                    "comment_reaction_count": null
                },
                {
                    "comment_id": "10159553007688904",
                    "comment_url": "https://facebook.com/10159553007688904",
                    "commenter_id": "100009297826248",
                    "commenter_url": "https://facebook.com/profile.php?id=100009297826248&fref=nf&rc=p",
                    "commenter_name": "Sean Ledwich",
                    "commenter_meta": null,
                    "comment_text": "Vin Scott your premise is incorrect. We have all lost privileges due to fighting this disease. You say the vaccines and the measures to fight COVID are \"not backed by science.\" that is where you and I depart ways and there's no middle ground, unfortunately. I can't convince a conspiracy-grip\nped mind to see logic and truth. I would ask you this though: consider what freedoms you have actually lost. Are you really not free now?",
                    "comment_time": "2022-02-09 19:23:17",
                    "comment_image": "https://scontent.xx.fbcdn.net/m1/v/t6/An_UvxJXg9tdnLU3Y5qjPi0200MLilhzPXUgxzGjQzUMaNcmjdZA6anyrngvkdub33NZzZhd51fpCAEzNHFhko5aKRFP5fS1w_lKwYrzcNLupv27.png?ccb=10-5&oh=00_AT9C82irDy7Sn8cI_UEelmRC1FY5K5jw2pfWXlZ8QaKL1g&oe=62246CF9&_nc_sid=55e238",
                    "comment_reactors": [],
                    "comment_reactions": null,
                    "comment_reaction_count": null
                },
                {
                    "comment_id": "10159553008188904",
                    "comment_url": "https://facebook.com/10159553008188904",
                    "commenter_id": "752276958",
                    "commenter_url": "https://facebook.com/vin.scott.7?fref=nf&rc=p",
                    "commenter_name": "Vin Scott",
                    "commenter_meta": null,
                    "comment_text": "Sean give your head a shake. Do you still sincerely not see the hypocrisy you're supporting?",
                    "comment_time": "2022-02-09 19:23:17",
                    "comment_image": "https://scontent.xx.fbcdn.net/m1/v/t6/An_UvxJXg9tdnLU3Y5qjPi0200MLilhzPXUgxzGjQzUMaNcmjdZA6anyrngvkdub33NZzZhd51fpCAEzNHFhko5aKRFP5fS1w_lKwYrzcNLupv27.png?ccb=10-5&oh=00_AT9C82irDy7Sn8cI_UEelmRC1FY5K5jw2pfWXlZ8QaKL1g&oe=62246CF9&_nc_sid=55e238",
                    "comment_reactors": [],
                    "comment_reactions": null,
                    "comment_reaction_count": null
                },
                {
                    "comment_id": "10159553010303904",
                    "comment_url": "https://facebook.com/10159553010303904",
                    "commenter_id": "752276958",
                    "commenter_url": "https://facebook.com/vin.scott.7?fref=nf&rc=p",
                    "commenter_name": "Vin Scott",
                    "commenter_meta": null,
                    "comment_text": "Sean no conspiracy here. I don't presume intent. Just acknowledge facts. Same viral load injected or not. That in itself is justification to end qr codes.",
                    "comment_time": "2022-02-09 19:23:17",
                    "comment_image": "https://scontent.xx.fbcdn.net/m1/v/t6/An_F9bJG7govfshSMBkvcRLcxT0jmiXVYKtr7lgH5AHgUrjjpZ1OD0xyxXYgf7arc0lWgCdrR_KN4Mg7RSN3Gm3W6Gg03N1tQ-ZXzVvFJ_KvvB4.png?ccb=10-5&oh=00_AT8ScZKrgCPhmfSgYBZgvnQHv14vvPQpgzOW8DDMFGGodg&oe=62243F67&_nc_sid=55e238",
                    "comment_reactors": [],
                    "comment_reactions": null,
                    "comment_reaction_count": null
                },
                {
                    "comment_id": "10159553016348904",
                    "comment_url": "https://facebook.com/10159553016348904",
                    "commenter_id": "752276958",
                    "commenter_url": "https://facebook.com/vin.scott.7?fref=nf&rc=p",
                    "commenter_name": "Vin Scott",
                    "commenter_meta": null,
                    "comment_text": "Sean I'm certain you believe your health is completely dependant on someone else's vaccination status. I'm sure you believe into the 3rd year there is no effective early treatment to prevent hospitalization\nor death. I'm certain you believe how home and isolate is considered 'effective' healthcare. You be wrong on all accounts, but I am certain you still believe it. ;)",
                    "comment_time": "2022-02-09 19:23:17",
                    "comment_image": "https://scontent.xx.fbcdn.net/m1/v/t6/An_F9bJG7govfshSMBkvcRLcxT0jmiXVYKtr7lgH5AHgUrjjpZ1OD0xyxXYgf7arc0lWgCdrR_KN4Mg7RSN3Gm3W6Gg03N1tQ-ZXzVvFJ_KvvB4.png?ccb=10-5&oh=00_AT8ScZKrgCPhmfSgYBZgvnQHv14vvPQpgzOW8DDMFGGodg&oe=62243F67&_nc_sid=55e238",
                    "comment_reactors": [],
                    "comment_reactions": null,
                    "comment_reaction_count": null
                },
                {
                    "comment_id": "10159553023408904",
                    "comment_url": "https://facebook.com/10159553023408904",
                    "commenter_id": "100009297826248",
                    "commenter_url": "https://facebook.com/profile.php?id=100009297826248&fref=nf&rc=p",
                    "commenter_name": "Sean Ledwich",
                    "commenter_meta": null,
                    "comment_text": "Vin Scott look at the cases, hospitalization\ns, and ICU admissions per 1 million in Ontario. This in itself proves vaccines work and support keeping mandates and other measures, for now. I say \"for now\" because it will all go away, with or without extortion, because vaccines and health measures are getting us there. https://\ncovid19-sciencet\nable.ca/\nontario-dashboar\nd/\n#riskbyvaccinati\nonstatus",
                    "comment_time": "2022-02-09 19:23:17",
                    "comment_image": "https://covid19-sciencetable.ca/ontario-dashboard/?fbclid=IwAR1f3gmD2ljHd1AmRwcV3itus72DwWoDBUUKKQ88fE-c_aI-En75YJYNHXE#riskbyvaccinationstatus",
                    "comment_reactors": [],
                    "comment_reactions": null,
                    "comment_reaction_count": null
                },
                {
                    "comment_id": "10159553028278904",
                    "comment_url": "https://facebook.com/10159553028278904",
                    "commenter_id": "100003488951018",
                    "commenter_url": "https://facebook.com/debra.yundt.7?fref=nf&rc=p",
                    "commenter_name": "Debra Yundt",
                    "commenter_meta": null,
                    "comment_text": "Vin Scott You can work and drive here in Canada but you can't go to the States because the Americans won't let the unvaccinated in so what's your point.",
                    "comment_time": "2022-02-09 19:23:17",
                    "comment_image": "https://scontent.xx.fbcdn.net/m1/v/t6/An_UvxJXg9tdnLU3Y5qjPi0200MLilhzPXUgxzGjQzUMaNcmjdZA6anyrngvkdub33NZzZhd51fpCAEzNHFhko5aKRFP5fS1w_lKwYrzcNLupv27.png?ccb=10-5&oh=00_AT9C82irDy7Sn8cI_UEelmRC1FY5K5jw2pfWXlZ8QaKL1g&oe=62246CF9&_nc_sid=55e238",
                    "comment_reactors": [],
                    "comment_reactions": null,
                    "comment_reaction_count": null
                },
                {
                    "comment_id": "10159553030458904",
                    "comment_url": "https://facebook.com/10159553030458904",
                    "commenter_id": "752276958",
                    "commenter_url": "https://facebook.com/vin.scott.7?fref=nf&rc=p",
                    "commenter_name": "Vin Scott",
                    "commenter_meta": null,
                    "comment_text": "Sean 80% plus cases are in vaccinated individuals. Hence, vaccination,the\nvery grounds being used to justify qr codes, doesn't slow the spread. Then of course we can discuss natural immunity that's been acknowledged through science for centuries only exists today on 6 of the 7 continents. But you keep reading. ;) I am sure science will establish your intended results. Johns Hopkins and the lancelot both have peer reviewed info for you as well. Happy reading",
                    "comment_time": "2022-02-09 19:23:17",
                    "comment_image": "https://scontent.xx.fbcdn.net/m1/v/t6/An_F9bJG7govfshSMBkvcRLcxT0jmiXVYKtr7lgH5AHgUrjjpZ1OD0xyxXYgf7arc0lWgCdrR_KN4Mg7RSN3Gm3W6Gg03N1tQ-ZXzVvFJ_KvvB4.png?ccb=10-5&oh=00_AT8ScZKrgCPhmfSgYBZgvnQHv14vvPQpgzOW8DDMFGGodg&oe=62243F67&_nc_sid=55e238",
                    "comment_reactors": [],
                    "comment_reactions": null,
                    "comment_reaction_count": null
                },
                {
                    "comment_id": "10159553035253904",
                    "comment_url": "https://facebook.com/10159553035253904",
                    "commenter_id": "100031156280346",
                    "commenter_url": "https://facebook.com/hafizakari.karim?fref=nf&rc=p",
                    "commenter_name": "Linda Argent",
                    "commenter_meta": null,
                    "comment_text": "Vin Scott Hello handsome nice man Nice post\ud83e\udd17\ud83e\udd17\ud83e\udd17 You seem like a nice person. I was browsing through when I stumbled into your page. I can't seem to send you a friend request on my end so I decided to leave a comment here. Can you send me request? It will be nice to meet a new friend like you. I have no bed intention towards us being friends my dear. Thank You!\ud83d\ude18\ud83d\ude0d",
                    "comment_time": "2022-02-09 19:23:17",
                    "comment_image": null,
                    "comment_reactors": [],
                    "comment_reactions": null,
                    "comment_reaction_count": null
                },
                {
                    "comment_id": "10159553037633904",
                    "comment_url": "https://facebook.com/10159553037633904",
                    "commenter_id": "752276958",
                    "commenter_url": "https://facebook.com/vin.scott.7?fref=nf&rc=p",
                    "commenter_name": "Vin Scott",
                    "commenter_meta": null,
                    "comment_text": "Debra so Canadian policy should mirror other countries just because they decide it? Smh. I guess you've established you are pro One World Governance.",
                    "comment_time": "2022-02-09 19:23:17",
                    "comment_image": "https://scontent.xx.fbcdn.net/m1/v/t6/An_F9bJG7govfshSMBkvcRLcxT0jmiXVYKtr7lgH5AHgUrjjpZ1OD0xyxXYgf7arc0lWgCdrR_KN4Mg7RSN3Gm3W6Gg03N1tQ-ZXzVvFJ_KvvB4.png?ccb=10-5&oh=00_AT8ScZKrgCPhmfSgYBZgvnQHv14vvPQpgzOW8DDMFGGodg&oe=62243F67&_nc_sid=55e238",
                    "comment_reactors": [],
                    "comment_reactions": null,
                    "comment_reaction_count": null
                },
                {
                    "comment_id": "10159553039038904",
                    "comment_url": "https://facebook.com/10159553039038904",
                    "commenter_id": "1309419109",
                    "commenter_url": "https://facebook.com/bruce.colero?fref=nf&rc=p",
                    "commenter_name": "Bruce Colero",
                    "commenter_meta": null,
                    "comment_text": "Sean Ledwich likewise you can\u2019t convince a fear gripped individual to see logic and truth.\n\nAnd I think posting snipers on the roofs in Ottawa is a stretch.",
                    "comment_time": "2022-02-09 19:23:17",
                    "comment_image": null,
                    "comment_reactors": [],
                    "comment_reactions": null,
                    "comment_reaction_count": null
                },
                {
                    "comment_id": "10159553040363904",
                    "comment_url": "https://facebook.com/10159553040363904",
                    "commenter_id": "1309419109",
                    "commenter_url": "https://facebook.com/bruce.colero?fref=nf&rc=p",
                    "commenter_name": "Bruce Colero",
                    "commenter_meta": null,
                    "comment_text": "Sean Ledwich Nevermind. I just noticed your a globe and mail sock account.",
                    "comment_time": "2022-02-09 19:23:17",
                    "comment_image": "https://scontent.xx.fbcdn.net/m1/v/t6/An_F9bJG7govfshSMBkvcRLcxT0jmiXVYKtr7lgH5AHgUrjjpZ1OD0xyxXYgf7arc0lWgCdrR_KN4Mg7RSN3Gm3W6Gg03N1tQ-ZXzVvFJ_KvvB4.png?ccb=10-5&oh=00_AT8ScZKrgCPhmfSgYBZgvnQHv14vvPQpgzOW8DDMFGGodg&oe=62243F67&_nc_sid=55e238",
                    "comment_reactors": [],
                    "comment_reactions": null,
                    "comment_reaction_count": null
                },
                {
                    "comment_id": "10159553101103904",
                    "comment_url": "https://facebook.com/10159553101103904",
                    "commenter_id": "702202430",
                    "commenter_url": "https://facebook.com/guy.laurin1?fref=nf&rc=p",
                    "commenter_name": "Guy Laurin",
                    "commenter_meta": null,
                    "comment_text": "Vin Scott Blocking roads, bridges, just for a start!",
                    "comment_time": "2022-02-09 19:23:17",
                    "comment_image": "https://scontent.xx.fbcdn.net/m1/v/t6/An_UvxJXg9tdnLU3Y5qjPi0200MLilhzPXUgxzGjQzUMaNcmjdZA6anyrngvkdub33NZzZhd51fpCAEzNHFhko5aKRFP5fS1w_lKwYrzcNLupv27.png?ccb=10-5&oh=00_AT9C82irDy7Sn8cI_UEelmRC1FY5K5jw2pfWXlZ8QaKL1g&oe=62246CF9&_nc_sid=55e238",
                    "comment_reactors": [],
                    "comment_reactions": null,
                    "comment_reaction_count": null
                },
                {
                    "comment_id": "10159553104878904",
                    "comment_url": "https://facebook.com/10159553104878904",
                    "commenter_id": "702202430",
                    "commenter_url": "https://facebook.com/guy.laurin1?fref=nf&rc=p",
                    "commenter_name": "Guy Laurin",
                    "commenter_meta": null,
                    "comment_text": "Linda Argent No bed intentions, isn't winner \ud83e\udd23\ud83d\ude02\ud83e\udd23",
                    "comment_time": "2022-02-09 19:23:17",
                    "comment_image": null,
                    "comment_reactors": [],
                    "comment_reactions": null,
                    "comment_reaction_count": null
                },
                {
                    "comment_id": "10159553132753904",
                    "comment_url": "https://facebook.com/10159553132753904",
                    "commenter_id": "100009297826248",
                    "commenter_url": "https://facebook.com/profile.php?id=100009297826248&fref=nf&rc=p",
                    "commenter_name": "Sean Ledwich",
                    "commenter_meta": null,
                    "comment_text": "Vin Scott You can\u2019t absorb the cases/\nhospitalizations\n/\nICU admissions per million into your brain maybe because that fact runs counter to what you feel invested in at your core. I\u2019ll just offer it to you again: Vin Scott look at the cases, hospitalizations,\nand ICU admissions per 1 million in Ontario. This in itself proves vaccines work and support keeping mandates and other measures, for now. I say \"for now\" because it will all go away, with or without extortion, because vaccines and health measures are getting us there. https://\ncovid19-sciencet\nable.ca/\nontario-dashboar\nd/\n#riskbyvaccinati\nonstatus",
                    "comment_time": "2022-02-09 19:23:17",
                    "comment_image": "https://covid19-sciencetable.ca/ontario-dashboard/?fbclid=IwAR2yO67Pr2xOWqKNBWnVUDXxNkeDg0ReKj4vCW5QruCOJ09CKknwx9jB4cY#riskbyvaccinationstatus",
                    "comment_reactors": [],
                    "comment_reactions": null,
                    "comment_reaction_count": null
                },
                {
                    "comment_id": "10159553140478904",
                    "comment_url": "https://facebook.com/10159553140478904",
                    "commenter_id": "100000732703857",
                    "commenter_url": "https://facebook.com/frank.ch.eigler?fref=nf&rc=p",
                    "commenter_name": "Frank Ch Eigler",
                    "commenter_meta": null,
                    "comment_text": "Guy Laurin holy cow, yes, it's almost as bad as construction season",
                    "comment_time": "2022-02-09 19:23:17",
                    "comment_image": "https://scontent.xx.fbcdn.net/m1/v/t6/An_F9bJG7govfshSMBkvcRLcxT0jmiXVYKtr7lgH5AHgUrjjpZ1OD0xyxXYgf7arc0lWgCdrR_KN4Mg7RSN3Gm3W6Gg03N1tQ-ZXzVvFJ_KvvB4.png?ccb=10-5&oh=00_AT8ScZKrgCPhmfSgYBZgvnQHv14vvPQpgzOW8DDMFGGodg&oe=62243F67&_nc_sid=55e238",
                    "comment_reactors": [],
                    "comment_reactions": null,
                    "comment_reaction_count": null
                },
                {
                    "comment_id": "10159553144773904",
                    "comment_url": "https://facebook.com/10159553144773904",
                    "commenter_id": "752276958",
                    "commenter_url": "https://facebook.com/vin.scott.7?fref=nf&rc=p",
                    "commenter_name": "Vin Scott",
                    "commenter_meta": null,
                    "comment_text": "Guy except it was law enforcement that has placed barricades and blocked roads.",
                    "comment_time": "2022-02-09 19:23:17",
                    "comment_image": "https://scontent.xx.fbcdn.net/m1/v/t6/An_UvxJXg9tdnLU3Y5qjPi0200MLilhzPXUgxzGjQzUMaNcmjdZA6anyrngvkdub33NZzZhd51fpCAEzNHFhko5aKRFP5fS1w_lKwYrzcNLupv27.png?ccb=10-5&oh=00_AT9C82irDy7Sn8cI_UEelmRC1FY5K5jw2pfWXlZ8QaKL1g&oe=62246CF9&_nc_sid=55e238",
                    "comment_reactors": [],
                    "comment_reactions": null,
                    "comment_reaction_count": null
                },
                {
                    "comment_id": "10159553148523904",
                    "comment_url": "https://facebook.com/10159553148523904",
                    "commenter_id": "752276958",
                    "commenter_url": "https://facebook.com/vin.scott.7?fref=nf&rc=p",
                    "commenter_name": "Vin Scott",
                    "commenter_meta": null,
                    "comment_text": "Sean can out apply that same math to the amount of protesters that are demanding an end to government endorsed segregation as to how many are racists, misogynists etc? Why has Trudeau not spoke to the 54% of Canadian citizens that are attempting to end discrimination?",
                    "comment_time": "2022-02-09 19:23:17",
                    "comment_image": null,
                    "comment_reactors": [],
                    "comment_reactions": null,
                    "comment_reaction_count": null
                },
                {
                    "comment_id": "10159553218808904",
                    "comment_url": "https://facebook.com/10159553218808904",
                    "commenter_id": "1309419109",
                    "commenter_url": "https://facebook.com/bruce.colero?fref=nf&rc=p",
                    "commenter_name": "Bruce Colero",
                    "commenter_meta": null,
                    "comment_text": "Frank Ch Eigler except construction season doesn\u2019t have snipers on the roof of buildings \ud83d\ude44",
                    "comment_time": "2022-02-09 19:23:17",
                    "comment_image": "https://scontent.xx.fbcdn.net/m1/v/t6/An_UvxJXg9tdnLU3Y5qjPi0200MLilhzPXUgxzGjQzUMaNcmjdZA6anyrngvkdub33NZzZhd51fpCAEzNHFhko5aKRFP5fS1w_lKwYrzcNLupv27.png?ccb=10-5&oh=00_AT9C82irDy7Sn8cI_UEelmRC1FY5K5jw2pfWXlZ8QaKL1g&oe=62246CF9&_nc_sid=55e238",
                    "comment_reactors": [],
                    "comment_reactions": null,
                    "comment_reaction_count": null
                },
                {
                    "comment_id": "10159553220408904",
                    "comment_url": "https://facebook.com/10159553220408904",
                    "commenter_id": "100000732703857",
                    "commenter_url": "https://facebook.com/frank.ch.eigler?fref=nf&rc=p",
                    "commenter_name": "Frank Ch Eigler",
                    "commenter_meta": null,
                    "comment_text": "Bruce Colero well from now on they will need them ---- the elite can't trust working class bubs any more to sit there and take all the abuse",
                    "comment_time": "2022-02-09 19:23:17",
                    "comment_image": "https://scontent.xx.fbcdn.net/m1/v/t6/An_UvxJXg9tdnLU3Y5qjPi0200MLilhzPXUgxzGjQzUMaNcmjdZA6anyrngvkdub33NZzZhd51fpCAEzNHFhko5aKRFP5fS1w_lKwYrzcNLupv27.png?ccb=10-5&oh=00_AT9C82irDy7Sn8cI_UEelmRC1FY5K5jw2pfWXlZ8QaKL1g&oe=62246CF9&_nc_sid=55e238",
                    "comment_reactors": [],
                    "comment_reactions": null,
                    "comment_reaction_count": null
                },
                {
                    "comment_id": "10159553760303904",
                    "comment_url": "https://facebook.com/10159553760303904",
                    "commenter_id": "599066781",
                    "commenter_url": "https://facebook.com/edmond.engelbrecht?fref=nf&rc=p",
                    "commenter_name": "Edmond Engelbrecht",
                    "commenter_meta": null,
                    "comment_text": "Vin Scott law enforcement can do that .. truckers presumably cannot. When have you been able to just block any highway or road or entrance without repercussions??\nHeh there mofes are going down",
                    "comment_time": "2022-02-09 19:23:17",
                    "comment_image": "https://scontent.xx.fbcdn.net/m1/v/t6/An_UvxJXg9tdnLU3Y5qjPi0200MLilhzPXUgxzGjQzUMaNcmjdZA6anyrngvkdub33NZzZhd51fpCAEzNHFhko5aKRFP5fS1w_lKwYrzcNLupv27.png?ccb=10-5&oh=00_AT9C82irDy7Sn8cI_UEelmRC1FY5K5jw2pfWXlZ8QaKL1g&oe=62246CF9&_nc_sid=55e238",
                    "comment_reactors": [],
                    "comment_reactions": null,
                    "comment_reaction_count": null
                },
                {
                    "comment_id": "10159553761368904",
                    "comment_url": "https://facebook.com/10159553761368904",
                    "commenter_id": "599066781",
                    "commenter_url": "https://facebook.com/edmond.engelbrecht?fref=nf&rc=p",
                    "commenter_name": "Edmond Engelbrecht",
                    "commenter_meta": null,
                    "comment_text": "Vin Scott they will be directed back to the trailer parks soon enough.",
                    "comment_time": "2022-02-09 19:23:17",
                    "comment_image": "https://scontent.xx.fbcdn.net/m1/v/t6/An_UvxJXg9tdnLU3Y5qjPi0200MLilhzPXUgxzGjQzUMaNcmjdZA6anyrngvkdub33NZzZhd51fpCAEzNHFhko5aKRFP5fS1w_lKwYrzcNLupv27.png?ccb=10-5&oh=00_AT9C82irDy7Sn8cI_UEelmRC1FY5K5jw2pfWXlZ8QaKL1g&oe=62246CF9&_nc_sid=55e238",
                    "comment_reactors": [],
                    "comment_reactions": null,
                    "comment_reaction_count": null
                },
                {
                    "comment_id": "10159553944578904",
                    "comment_url": "https://facebook.com/10159553944578904",
                    "commenter_id": "587460546",
                    "commenter_url": "https://facebook.com/peter.adams.167189?fref=nf&rc=p",
                    "commenter_name": "Peter Adams",
                    "commenter_meta": null,
                    "comment_text": "Edmond Engelbrecht wow! What a condescending comment",
                    "comment_time": "2022-02-09 19:23:17",
                    "comment_image": "https://scontent.xx.fbcdn.net/m1/v/t6/An_UvxJXg9tdnLU3Y5qjPi0200MLilhzPXUgxzGjQzUMaNcmjdZA6anyrngvkdub33NZzZhd51fpCAEzNHFhko5aKRFP5fS1w_lKwYrzcNLupv27.png?ccb=10-5&oh=00_AT9C82irDy7Sn8cI_UEelmRC1FY5K5jw2pfWXlZ8QaKL1g&oe=62246CF9&_nc_sid=55e238",
                    "comment_reactors": [],
                    "comment_reactions": null,
                    "comment_reaction_count": null
                }
            ]
        },
        {
            "comment_id": "10159553913413904",
            "comment_url": "https://facebook.com/10159553913413904",
            "commenter_id": "538518155",
            "commenter_url": "https://facebook.com/True.Newfoundlander?fref=nf&rc=p&refid=52",
            "commenter_name": "Gordon Earle",
            "commenter_meta": null,
            "comment_text": "There are 2 kinds of truckers: 1) those who are socially responsible and caring about the health and safety of others; and, 2) a fringe minority who have co-opted the word \"freedom\" to guise bigotry, hatred, bullying and violence as liberty.",
            "comment_time": "2022-02-09 19:23:13",
            "comment_image": null,
            "comment_reactors": [],
            "comment_reactions": null,
            "comment_reaction_count": null,
            "replies": [
                {
                    "comment_id": "10159554261043904",
                    "comment_url": "https://facebook.com/10159554261043904",
                    "commenter_id": "100004600094071",
                    "commenter_url": "https://facebook.com/daniel.okeefe.1420?fref=nf&rc=p",
                    "commenter_name": "Daniel O'Keefe",
                    "commenter_meta": null,
                    "comment_text": "Gordon Earle how does me vaccinating protect you? Easy answer right? It doesn't....it protects me...maybe. so does not smoking, not eating crap food. Etc. More folks have died from those things in my life than from Covid......but no food mandate?..no tobacco mandate?\n\nYou CANNOT be protected from anything by demanding that I get vaccinated anymore than me putting on a raincoat can protect you from getting wet in a storm......",
                    "comment_time": "2022-02-09 19:23:18",
                    "comment_image": "https://scontent.xx.fbcdn.net/m1/v/t6/An_UvxJXg9tdnLU3Y5qjPi0200MLilhzPXUgxzGjQzUMaNcmjdZA6anyrngvkdub33NZzZhd51fpCAEzNHFhko5aKRFP5fS1w_lKwYrzcNLupv27.png?ccb=10-5&oh=00_AT9C82irDy7Sn8cI_UEelmRC1FY5K5jw2pfWXlZ8QaKL1g&oe=62246CF9&_nc_sid=55e238",
                    "comment_reactors": [],
                    "comment_reactions": null,
                    "comment_reaction_count": null
                },
                {
                    "comment_id": "10159554763048904",
                    "comment_url": "https://facebook.com/10159554763048904",
                    "commenter_id": "100022363871297",
                    "commenter_url": "https://facebook.com/emelle.mybell.7?fref=nf&rc=p",
                    "commenter_name": "Emelle Mybell",
                    "commenter_meta": null,
                    "comment_text": "Daniel O'Keefe And this has nothing to do with that and everything to do with trying to overthrow a legally elected government. Eff Off",
                    "comment_time": "2022-02-09 19:23:18",
                    "comment_image": "https://scontent.xx.fbcdn.net/m1/v/t6/An_UvxJXg9tdnLU3Y5qjPi0200MLilhzPXUgxzGjQzUMaNcmjdZA6anyrngvkdub33NZzZhd51fpCAEzNHFhko5aKRFP5fS1w_lKwYrzcNLupv27.png?ccb=10-5&oh=00_AT9C82irDy7Sn8cI_UEelmRC1FY5K5jw2pfWXlZ8QaKL1g&oe=62246CF9&_nc_sid=55e238",
                    "comment_reactors": [],
                    "comment_reactions": null,
                    "comment_reaction_count": null
                },
                {
                    "comment_id": "10159554763913904",
                    "comment_url": "https://facebook.com/10159554763913904",
                    "commenter_id": "100022363871297",
                    "commenter_url": "https://facebook.com/emelle.mybell.7?fref=nf&rc=p",
                    "commenter_name": "Emelle Mybell",
                    "commenter_meta": null,
                    "comment_text": "Gordon Earle Well said Gordon.",
                    "comment_time": "2022-02-09 19:23:18",
                    "comment_image": null,
                    "comment_reactors": [],
                    "comment_reactions": null,
                    "comment_reaction_count": null
                },
                {
                    "comment_id": "10159554820468904",
                    "comment_url": "https://facebook.com/10159554820468904",
                    "commenter_id": "100007128366885",
                    "commenter_url": "https://facebook.com/roger.vincent.311?fref=nf&rc=p",
                    "commenter_name": "Roger Vincent",
                    "commenter_meta": null,
                    "comment_text": "Gordon Earle You can also say that about the police force, those who enforce the law and those who abuse it.",
                    "comment_time": "2022-02-09 19:23:18",
                    "comment_image": "https://scontent.xx.fbcdn.net/m1/v/t6/An_UvxJXg9tdnLU3Y5qjPi0200MLilhzPXUgxzGjQzUMaNcmjdZA6anyrngvkdub33NZzZhd51fpCAEzNHFhko5aKRFP5fS1w_lKwYrzcNLupv27.png?ccb=10-5&oh=00_AT9C82irDy7Sn8cI_UEelmRC1FY5K5jw2pfWXlZ8QaKL1g&oe=62246CF9&_nc_sid=55e238",
                    "comment_reactors": [],
                    "comment_reactions": null,
                    "comment_reaction_count": null
                },
                {
                    "comment_id": "10159554928848904",
                    "comment_url": "https://facebook.com/10159554928848904",
                    "commenter_id": "706310099",
                    "commenter_url": "https://facebook.com/robert.mcknight.3939?fref=nf&rc=p",
                    "commenter_name": "Robert McKnight",
                    "commenter_meta": null,
                    "comment_text": "Daniel O'Keefe Actually it does. Protects you, your family, neighbours, and hospital workers. Enough for you?",
                    "comment_time": "2022-02-09 19:23:18",
                    "comment_image": null,
                    "comment_reactors": [],
                    "comment_reactions": null,
                    "comment_reaction_count": null
                },
                {
                    "comment_id": "10159554947628904",
                    "comment_url": "https://facebook.com/10159554947628904",
                    "commenter_id": "100020550334924",
                    "commenter_url": "https://facebook.com/profile.php?id=100020550334924&fref=nf&rc=p",
                    "commenter_name": "Henry Pelland",
                    "commenter_meta": null,
                    "comment_text": "Gordon Earle Says the Duke of Earl.",
                    "comment_time": "2022-02-09 19:23:18",
                    "comment_image": null,
                    "comment_reactors": [],
                    "comment_reactions": null,
                    "comment_reaction_count": null
                },
                {
                    "comment_id": "10159554961293904",
                    "comment_url": "https://facebook.com/10159554961293904",
                    "commenter_id": "100004600094071",
                    "commenter_url": "https://facebook.com/daniel.okeefe.1420?fref=nf&rc=p",
                    "commenter_name": "Daniel O'Keefe",
                    "commenter_meta": null,
                    "comment_text": "Robert McKnight please explain how this happens when vaxed get \u00e0nd pass on the virus and are now, worldwide, the BULK of the new cases, please....",
                    "comment_time": "2022-02-09 19:23:18",
                    "comment_image": null,
                    "comment_reactors": [],
                    "comment_reactions": null,
                    "comment_reaction_count": null
                },
                {
                    "comment_id": "10159554989098904",
                    "comment_url": "https://facebook.com/10159554989098904",
                    "commenter_id": "706310099",
                    "commenter_url": "https://facebook.com/robert.mcknight.3939?fref=nf&rc=p",
                    "commenter_name": "Robert McKnight",
                    "commenter_meta": null,
                    "comment_text": "Daniel O'Keefe True, my son and family tested positive. They were fully vaxxed. They isolated for 10 days. Symptoms similar to a mild cold. \ud83e\udd37\u200d\u2642\ufe0f",
                    "comment_time": "2022-02-09 19:23:18",
                    "comment_image": null,
                    "comment_reactors": [],
                    "comment_reactions": null,
                    "comment_reaction_count": null
                },
                {
                    "comment_id": "10159554991663904",
                    "comment_url": "https://facebook.com/10159554991663904",
                    "commenter_id": "100004600094071",
                    "commenter_url": "https://facebook.com/daniel.okeefe.1420?fref=nf&rc=p",
                    "commenter_name": "Daniel O'Keefe",
                    "commenter_meta": null,
                    "comment_text": "Robert McKnight sure. I know people fully vaxed who ended up in hospital too. So now what?\n\nIt protects yourself. Not others......",
                    "comment_time": "2022-02-09 19:23:18",
                    "comment_image": null,
                    "comment_reactors": [],
                    "comment_reactions": null,
                    "comment_reaction_count": null
                },
                {
                    "comment_id": "10159555396803904",
                    "comment_url": "https://facebook.com/10159555396803904",
                    "commenter_id": "507841386",
                    "commenter_url": "https://facebook.com/colinrichardson.rocksyoursocks?fref=nf&rc=p",
                    "commenter_name": "Colin Richardson",
                    "commenter_meta": null,
                    "comment_text": "Daniel O'Keefe High cholesterol isn't contagious. Covid is. Your choice to not vaccinate puts everyone else's life at risk...and there ARE mandates against tobacco. Second-hand smoking gives non-smokers cancer, so you are mandated to not smoke indoor public places, and smoke away from building entrances/\nexits.",
                    "comment_time": "2022-02-09 19:23:18",
                    "comment_image": null,
                    "comment_reactors": [],
                    "comment_reactions": null,
                    "comment_reaction_count": null
                },
                {
                    "comment_id": "10159555588573904",
                    "comment_url": "https://facebook.com/10159555588573904",
                    "commenter_id": "100004600094071",
                    "commenter_url": "https://facebook.com/daniel.okeefe.1420?fref=nf&rc=p",
                    "commenter_name": "Daniel O'Keefe",
                    "commenter_meta": null,
                    "comment_text": "Colin Richardson apparently knowing the truth isn't contagious either. The vax protects me, not you. It protects me. Puting a raincoat on me, keeps me dry, not you.....\n\nIf YOU get a vax, you MIGHT be protected from adverse reaction to the virus but you will not protect others from it. You will still be a vector (pass it on) and you will still be able to get it.\n\nSo your comment is wrong. Categorically.\n\nNothing I can do, can keep you from getting covid......do you have evidence to the contrary?\n\nNothing you can do can keep me from getting it, other than staying away from me......\n\nSo, unless you are still referring to 2020 science, me getting vaxed, has the potential to protect one person, me. That's why it's a choice.",
                    "comment_time": "2022-02-09 19:23:18",
                    "comment_image": "https://scontent.xx.fbcdn.net/m1/v/t6/An_F9bJG7govfshSMBkvcRLcxT0jmiXVYKtr7lgH5AHgUrjjpZ1OD0xyxXYgf7arc0lWgCdrR_KN4Mg7RSN3Gm3W6Gg03N1tQ-ZXzVvFJ_KvvB4.png?ccb=10-5&oh=00_AT8ScZKrgCPhmfSgYBZgvnQHv14vvPQpgzOW8DDMFGGodg&oe=62243F67&_nc_sid=55e238",
                    "comment_reactors": [],
                    "comment_reactions": null,
                    "comment_reaction_count": null
                },
                {
                    "comment_id": "10159555597343904",
                    "comment_url": "https://facebook.com/10159555597343904",
                    "commenter_id": "100004600094071",
                    "commenter_url": "https://facebook.com/daniel.okeefe.1420?fref=nf&rc=p",
                    "commenter_name": "Daniel O'Keefe",
                    "commenter_meta": null,
                    "comment_text": "Colin Richardson re your weak comparation about smoking. Smokers are not mandated not to smoke. That is, mandated to NOT put their bodies at risk or be a burden on the health care system\ud83e\udd14....why? Because it isn't an outcome for all, it is only an outcome for some.\n\nJust as a negative outcome from Covid only effects less than 2% of the population and thus, a vax has only the potential to reduce in that proportion.\n\nAs well, second hand smoke CAN give non smokers cancer, but again, that is not THE outcome, it is a proportion of those exposed......no\nt absolute...just\nas vaccination is not absolute.\n\nThe vax neither conferres immunity, (thus you can and likely will still get Covid) nor does it prevent transmission. ....Unlike ALL other vaccines ever used on humans....all true. Can't counter this..\ud83e\udd37",
                    "comment_time": "2022-02-09 19:23:18",
                    "comment_image": "https://scontent.xx.fbcdn.net/m1/v/t6/An_F9bJG7govfshSMBkvcRLcxT0jmiXVYKtr7lgH5AHgUrjjpZ1OD0xyxXYgf7arc0lWgCdrR_KN4Mg7RSN3Gm3W6Gg03N1tQ-ZXzVvFJ_KvvB4.png?ccb=10-5&oh=00_AT8ScZKrgCPhmfSgYBZgvnQHv14vvPQpgzOW8DDMFGGodg&oe=62243F67&_nc_sid=55e238",
                    "comment_reactors": [],
                    "comment_reactions": null,
                    "comment_reaction_count": null
                }
            ]
        },
        {
            "comment_id": "10159553319043904",
            "comment_url": "https://facebook.com/10159553319043904",
            "commenter_id": "100005412677637",
            "commenter_url": "https://facebook.com/profile.php?id=100005412677637&fref=nf&rc=p&refid=52",
            "commenter_name": "Lorraine Thomas",
            "commenter_meta": null,
            "comment_text": "what happened to the ERT and tactical squads, were they all defunded by RCMP, OPP, Ottawa City Police?",
            "comment_time": "2022-02-09 19:23:13",
            "comment_image": null,
            "comment_reactors": [],
            "comment_reactions": null,
            "comment_reaction_count": null,
            "replies": []
        },
        {
            "comment_id": "10159554557993904",
            "comment_url": "https://facebook.com/10159554557993904",
            "commenter_id": "1030691745",
            "commenter_url": "https://facebook.com/robinagmerrifield?fref=nf&rc=p&refid=52",
            "commenter_name": "Robin Merrifield",
            "commenter_meta": null,
            "comment_text": "Too bad you didn't call for a forceful response (metaphorically\n) against Quebec's Bill 21. We can still hear the crickets on that one.",
            "comment_time": "2022-02-09 19:23:13",
            "comment_image": null,
            "comment_reactors": [],
            "comment_reactions": null,
            "comment_reaction_count": null,
            "replies": []
        },
        {
            "comment_id": "10159553453763904",
            "comment_url": "https://facebook.com/10159553453763904",
            "commenter_id": "100015124246487",
            "commenter_url": "https://facebook.com/marie.meilomcguinness.98?fref=nf&rc=p&refid=52",
            "commenter_name": "Marie Meilo-mcguinness",
            "commenter_meta": null,
            "comment_text": "No they rather commit war crimes ! And steal fuel !!!! How disgusting people around the world are watching the corruption",
            "comment_time": "2022-02-09 19:23:13",
            "comment_image": null,
            "comment_reactors": [],
            "comment_reactions": null,
            "comment_reaction_count": null,
            "replies": []
        },
        {
            "comment_id": "10159553569758904",
            "comment_url": "https://facebook.com/10159553569758904",
            "commenter_id": "1505955507",
            "commenter_url": "https://facebook.com/dave.seaward.9?fref=nf&rc=p&refid=52",
            "commenter_name": "Dave Seaward",
            "commenter_meta": null,
            "comment_text": "This must include using strong arm on a senior who is a citizen of the supposedly good city of Ottawa.",
            "comment_time": "2022-02-09 19:23:13",
            "comment_image": null,
            "comment_reactors": [],
            "comment_reactions": null,
            "comment_reaction_count": null,
            "replies": [
                {
                    "comment_id": "10159553746998904",
                    "comment_url": "https://facebook.com/10159553746998904",
                    "commenter_id": "706995122",
                    "commenter_url": "https://facebook.com/brandon.bartlett.902?fref=nf&rc=p",
                    "commenter_name": "Brandon Bartlett",
                    "commenter_meta": null,
                    "comment_text": "Dave Seaward saw that too! What a disgrace.",
                    "comment_time": "2022-02-09 19:23:19",
                    "comment_image": "https://scontent.xx.fbcdn.net/m1/v/t6/An_UvxJXg9tdnLU3Y5qjPi0200MLilhzPXUgxzGjQzUMaNcmjdZA6anyrngvkdub33NZzZhd51fpCAEzNHFhko5aKRFP5fS1w_lKwYrzcNLupv27.png?ccb=10-5&oh=00_AT9C82irDy7Sn8cI_UEelmRC1FY5K5jw2pfWXlZ8QaKL1g&oe=62246CF9&_nc_sid=55e238",
                    "comment_reactors": [],
                    "comment_reactions": null,
                    "comment_reaction_count": null
                }
            ]
        },
        {
            "comment_id": "10159554839853904",
            "comment_url": "https://facebook.com/10159554839853904",
            "commenter_id": "1407296839",
            "commenter_url": "https://facebook.com/pat.oconnor.14203?fref=nf&rc=p&refid=52",
            "commenter_name": "Pat O'Connor",
            "commenter_meta": null,
            "comment_text": "That political slime ball Zaccardelli is back is he.",
            "comment_time": "2022-02-09 19:23:13",
            "comment_image": null,
            "comment_reactors": [],
            "comment_reactions": null,
            "comment_reaction_count": null,
            "replies": []
        },
        {
            "comment_id": "10159553398543904",
            "comment_url": "https://facebook.com/10159553398543904",
            "commenter_id": "100005802847515",
            "commenter_url": "https://facebook.com/josh.robero?fref=nf&rc=p&refid=52",
            "commenter_name": "Josh Robero",
            "commenter_meta": null,
            "comment_text": "That 60\u2019s saying scratch a liberal find a fascist is proving to be true.",
            "comment_time": "2022-02-09 19:23:13",
            "comment_image": null,
            "comment_reactors": [],
            "comment_reactions": null,
            "comment_reaction_count": null,
            "replies": []
        },
        {
            "comment_id": "10159553651943904",
            "comment_url": "https://facebook.com/10159553651943904",
            "commenter_id": "100007943017277",
            "commenter_url": "https://facebook.com/linton.mckelvee?fref=nf&rc=p&refid=52",
            "commenter_name": "Linton Mckelvey",
            "commenter_meta": null,
            "comment_text": "Why not enforce the charter of freedoms instead ?",
            "comment_time": "2022-02-09 19:23:13",
            "comment_image": null,
            "comment_reactors": [],
            "comment_reactions": null,
            "comment_reaction_count": null,
            "replies": [
                {
                    "comment_id": "10159553940893904",
                    "comment_url": "https://facebook.com/10159553940893904",
                    "commenter_id": "585485499",
                    "commenter_url": "https://facebook.com/jesse.swope.3?fref=nf&rc=p",
                    "commenter_name": "Jesse Swope",
                    "commenter_meta": null,
                    "comment_text": "Linton Mckelvey NO YOU WILL OBEY",
                    "comment_time": "2022-02-09 19:23:19",
                    "comment_image": null,
                    "comment_reactors": [],
                    "comment_reactions": null,
                    "comment_reaction_count": null
                },
                {
                    "comment_id": "10159555271393904",
                    "comment_url": "https://facebook.com/10159555271393904",
                    "commenter_id": "806355549",
                    "commenter_url": "https://facebook.com/joanne.johnsonmeyers?fref=nf&rc=p",
                    "commenter_name": "Joanne Johnson-Meyers",
                    "commenter_meta": null,
                    "comment_text": "Linton Mckelvey why not \" read them \" ....",
                    "comment_time": "2022-02-09 19:23:19",
                    "comment_image": null,
                    "comment_reactors": [],
                    "comment_reactions": null,
                    "comment_reaction_count": null
                },
                {
                    "comment_id": "10159555273843904",
                    "comment_url": "https://facebook.com/10159555273843904",
                    "commenter_id": "100007943017277",
                    "commenter_url": "https://facebook.com/linton.mckelvee?fref=nf&rc=p",
                    "commenter_name": "Linton Mckelvey",
                    "commenter_meta": null,
                    "comment_text": "Joanne Johnson-Meyers I have ,isn\u2019t the government being sued by one of the guys who helped write it ?",
                    "comment_time": "2022-02-09 19:23:19",
                    "comment_image": null,
                    "comment_reactors": [],
                    "comment_reactions": null,
                    "comment_reaction_count": null
                }
            ]
        },
        {
            "comment_id": "10159554281848904",
            "comment_url": "https://facebook.com/10159554281848904",
            "commenter_id": "100000696397548",
            "commenter_url": "https://facebook.com/bogumila.siedlanowska?fref=nf&rc=p&refid=52",
            "commenter_name": "Bogumila Siedlanowska",
            "commenter_meta": null,
            "comment_text": "Time to ago like wot Canadians wont.",
            "comment_time": "2022-02-09 19:23:13",
            "comment_image": null,
            "comment_reactors": [],
            "comment_reactions": null,
            "comment_reaction_count": null,
            "replies": []
        }
    ],
    "reactors": null,
    "w3_fb_url": null,
    "reactions": null,
    "reaction_count": null,
    "with": null,
    "page_id": "140961138903",
    "sharers": null,
    "image_id": null,
    "image_ids": [],
    "was_live": false
}