{
    "original_request_url": "10159580032943904",
    "post_url": "https://facebook.com/story.php?story_fbid=10159580032943904&id=140961138903",
    "post_id": "10159580032943904",
    "text": "The Editorial Board: What happened over the past nine days under the Emergencies Act was and is deeply troubling\n\nTHEGLOBEANDMAIL.COM\nThe Emergencies Act ends not with a bang, but with a whimper",
    "post_text": "The Editorial Board: What happened over the past nine days under the Emergencies Act was and is deeply troubling",
    "shared_text": "THEGLOBEANDMAIL.COM\nThe Emergencies Act ends not with a bang, but with a whimper",
    "original_text": null,
    "time": "2022-02-24 14:04:09",
    "timestamp": 1645711449,
    "image": "https://www.theglobeandmail.com/resizer/Xn0kzA73IhxPRBwXnmc4iEXdbT8=/1200x896/filters:quality(80)/cloudfront-us-east-1.images.arcpublishing.com/tgam/NY24NUAZZJMWLNLRJ6SYP5RTAQ.JPG",
    "image_lowquality": "https://external-sea1-1.xx.fbcdn.net/safe_image.php?d=AQFn8yoLEqgqjCl0&w=476&h=249&url=https%3A%2F%2Fwww.theglobeandmail.com%2Fresizer%2FXn0kzA73IhxPRBwXnmc4iEXdbT8%3D%2F1200x896%2Ffilters%3Aquality%2880%29%2Fcloudfront-us-east-1.images.arcpublishing.com%2Ftgam%2FNY24NUAZZJMWLNLRJ6SYP5RTAQ.JPG&cfs=1&jq=75&ext=jpg&_nc_oe=6fab5&_nc_sid=06c271&ccb=3-5&_nc_hash=AQHIddwsZhba5gPb",
    "images": [
        "https://www.theglobeandmail.com/resizer/Xn0kzA73IhxPRBwXnmc4iEXdbT8=/1200x896/filters:quality(80)/cloudfront-us-east-1.images.arcpublishing.com/tgam/NY24NUAZZJMWLNLRJ6SYP5RTAQ.JPG"
    ],
    "images_description": [],
    "images_lowquality": [
        "https://external-sea1-1.xx.fbcdn.net/safe_image.php?d=AQFn8yoLEqgqjCl0&w=476&h=249&url=https%3A%2F%2Fwww.theglobeandmail.com%2Fresizer%2FXn0kzA73IhxPRBwXnmc4iEXdbT8%3D%2F1200x896%2Ffilters%3Aquality%2880%29%2Fcloudfront-us-east-1.images.arcpublishing.com%2Ftgam%2FNY24NUAZZJMWLNLRJ6SYP5RTAQ.JPG&cfs=1&jq=75&ext=jpg&_nc_oe=6fab5&_nc_sid=06c271&ccb=3-5&_nc_hash=AQHIddwsZhba5gPb"
    ],
    "images_lowquality_description": [
        null
    ],
    "video": null,
    "video_duration_seconds": null,
    "video_height": null,
    "video_id": null,
    "video_quality": null,
    "video_size_MB": null,
    "video_thumbnail": null,
    "video_watches": null,
    "video_width": null,
    "likes": 63,
    "comments": 13,
    "shares": 6,
    "link": "http://www.theglobeandmail.com/opinion/editorials/article-the-emergencies-act-ends-not-with-a-bang-but-with-a-whimper/?utm_campaign=sophi-pop&utm_medium=post&utm_source=facebook&fbclid=IwAR1WqGKHSON9h6RtVDRC6J3sFUQf5VKKAA5cqEIDinhuzASUdrpj5eDbGIU",
    "links": [],
    "user_id": "140961138903",
    "username": "The Globe and Mail",
    "user_url": "https://facebook.com/theglobeandmail/?refid=52",
    "is_live": false,
    "factcheck": null,
    "shared_post_id": null,
    "shared_time": null,
    "shared_user_id": null,
    "shared_username": null,
    "shared_post_url": null,
    "available": true,
    "comments_full": [
        {
            "comment_id": "10159580267393904",
            "comment_url": "https://facebook.com/10159580267393904",
            "commenter_id": "100003663727479",
            "commenter_url": "https://facebook.com/bill.roest?fref=nf&rc=p&refid=52",
            "commenter_name": "Bill Roest",
            "commenter_meta": null,
            "comment_text": "It is interesting to note that the Emergencies Act went from a situation where it was so critically important that it gets passed that the vote in the House of Commons was deemed to be a confidence vote to being discontinued in less than 48 hours.",
            "comment_time": "2022-02-24 00:00:00",
            "comment_image": null,
            "comment_reactors": [],
            "comment_reactions": null,
            "comment_reaction_count": null,
            "replies": [
                {
                    "comment_id": "10159580277188904",
                    "comment_url": "https://facebook.com/10159580277188904",
                    "commenter_id": "100001719760922",
                    "commenter_url": "https://facebook.com/peter.mesi.7?fref=nf&rc=p",
                    "commenter_name": "Peter Mesi",
                    "commenter_meta": null,
                    "comment_text": "Bill Roest my take on that vote as ndp was not able to afford another election ,that was the root cause for the switch to a confidence vote . and the do as i say mantra came into play .so that the bench warmers were able to keep their jobs",
                    "comment_time": "2022-02-24 00:00:00",
                    "comment_image": "https://scontent.xx.fbcdn.net/m1/v/t6/An_UvxJXg9tdnLU3Y5qjPi0200MLilhzPXUgxzGjQzUMaNcmjdZA6anyrngvkdub33NZzZhd51fpCAEzNHFhko5aKRFP5fS1w_lKwYrzcNLupv27.png?ccb=10-5&oh=00_AT9C82irDy7Sn8cI_UEelmRC1FY5K5jw2pfWXlZ8QaKL1g&oe=62246CF9&_nc_sid=55e238",
                    "comment_reactors": [],
                    "comment_reactions": null,
                    "comment_reaction_count": null
                },
                {
                    "comment_id": "10159580350758904",
                    "comment_url": "https://facebook.com/10159580350758904",
                    "commenter_id": "648022181",
                    "commenter_url": "https://facebook.com/tom.ramanauskas?fref=nf&rc=p",
                    "commenter_name": "Tom Ramanauskas",
                    "commenter_meta": null,
                    "comment_text": "Bill Roest It also went from a \"fringe minority\" to \" I need emergency powers now!\"",
                    "comment_time": "2022-02-24 00:00:00",
                    "comment_image": "https://scontent.xx.fbcdn.net/m1/v/t6/An_UvxJXg9tdnLU3Y5qjPi0200MLilhzPXUgxzGjQzUMaNcmjdZA6anyrngvkdub33NZzZhd51fpCAEzNHFhko5aKRFP5fS1w_lKwYrzcNLupv27.png?ccb=10-5&oh=00_AT9C82irDy7Sn8cI_UEelmRC1FY5K5jw2pfWXlZ8QaKL1g&oe=62246CF9&_nc_sid=55e238",
                    "comment_reactors": [],
                    "comment_reactions": null,
                    "comment_reaction_count": null
                },
                {
                    "comment_id": "10159580385938904",
                    "comment_url": "https://facebook.com/10159580385938904",
                    "commenter_id": "1344874435",
                    "commenter_url": "https://facebook.com/michel.grenier.37?fref=nf&rc=p",
                    "commenter_name": "Michel Grenier",
                    "commenter_meta": null,
                    "comment_text": "Bill Roest Trudeau's Tyrant card is there to be used in the future .",
                    "comment_time": "2022-02-24 00:00:00",
                    "comment_image": "https://scontent.xx.fbcdn.net/m1/v/t6/An_UvxJXg9tdnLU3Y5qjPi0200MLilhzPXUgxzGjQzUMaNcmjdZA6anyrngvkdub33NZzZhd51fpCAEzNHFhko5aKRFP5fS1w_lKwYrzcNLupv27.png?ccb=10-5&oh=00_AT9C82irDy7Sn8cI_UEelmRC1FY5K5jw2pfWXlZ8QaKL1g&oe=62246CF9&_nc_sid=55e238",
                    "comment_reactors": [],
                    "comment_reactions": null,
                    "comment_reaction_count": null
                },
                {
                    "comment_id": "10159580419058904",
                    "comment_url": "https://facebook.com/10159580419058904",
                    "commenter_id": "100043257961739",
                    "commenter_url": "https://facebook.com/bonnie.cull.7?fref=nf&rc=p",
                    "commenter_name": "Bonnie Cull",
                    "commenter_meta": null,
                    "comment_text": "More con tears so delicious. Time to put the conservative party on a terrorist watch list #LOCKTHEMUP",
                    "comment_time": "2022-02-24 00:00:00",
                    "comment_image": "https://scontent.xx.fbcdn.net/m1/v/t6/An_UvxJXg9tdnLU3Y5qjPi0200MLilhzPXUgxzGjQzUMaNcmjdZA6anyrngvkdub33NZzZhd51fpCAEzNHFhko5aKRFP5fS1w_lKwYrzcNLupv27.png?ccb=10-5&oh=00_AT9C82irDy7Sn8cI_UEelmRC1FY5K5jw2pfWXlZ8QaKL1g&oe=62246CF9&_nc_sid=55e238",
                    "comment_reactors": [],
                    "comment_reactions": null,
                    "comment_reaction_count": null
                },
                {
                    "comment_id": "10159580429918904",
                    "comment_url": "https://facebook.com/10159580429918904",
                    "commenter_id": "743071170",
                    "commenter_url": "https://facebook.com/bryancathers?fref=nf&rc=p",
                    "commenter_name": "Bryan Cathers",
                    "commenter_meta": null,
                    "comment_text": "Tom Ramanauskas You don't understand proportion do you lol",
                    "comment_time": "2022-02-24 00:00:00",
                    "comment_image": "https://scontent.xx.fbcdn.net/m1/v/t6/An_UvxJXg9tdnLU3Y5qjPi0200MLilhzPXUgxzGjQzUMaNcmjdZA6anyrngvkdub33NZzZhd51fpCAEzNHFhko5aKRFP5fS1w_lKwYrzcNLupv27.png?ccb=10-5&oh=00_AT9C82irDy7Sn8cI_UEelmRC1FY5K5jw2pfWXlZ8QaKL1g&oe=62246CF9&_nc_sid=55e238",
                    "comment_reactors": [],
                    "comment_reactions": null,
                    "comment_reaction_count": null
                },
                {
                    "comment_id": "10159580616038904",
                    "comment_url": "https://facebook.com/10159580616038904",
                    "commenter_id": "1832108224",
                    "commenter_url": "https://facebook.com/michael.szeller?fref=nf&rc=p",
                    "commenter_name": "Michael Szeller",
                    "commenter_meta": null,
                    "comment_text": "Bill Roest because it worked?",
                    "comment_time": "2022-02-24 00:00:00",
                    "comment_image": "https://scontent.xx.fbcdn.net/m1/v/t6/An_UvxJXg9tdnLU3Y5qjPi0200MLilhzPXUgxzGjQzUMaNcmjdZA6anyrngvkdub33NZzZhd51fpCAEzNHFhko5aKRFP5fS1w_lKwYrzcNLupv27.png?ccb=10-5&oh=00_AT9C82irDy7Sn8cI_UEelmRC1FY5K5jw2pfWXlZ8QaKL1g&oe=62246CF9&_nc_sid=55e238",
                    "comment_reactors": [],
                    "comment_reactions": null,
                    "comment_reaction_count": null
                },
                {
                    "comment_id": "10159580679703904",
                    "comment_url": "https://facebook.com/10159580679703904",
                    "commenter_id": "100047501863564",
                    "commenter_url": "https://facebook.com/philip.standard.50?fref=nf&rc=p",
                    "commenter_name": "Philip Standard",
                    "commenter_meta": null,
                    "comment_text": "Bill Roest it did what it was meant to do. Excellent job by the Canadian government.",
                    "comment_time": "2022-02-24 00:00:00",
                    "comment_image": "https://scontent.xx.fbcdn.net/m1/v/t6/An_UvxJXg9tdnLU3Y5qjPi0200MLilhzPXUgxzGjQzUMaNcmjdZA6anyrngvkdub33NZzZhd51fpCAEzNHFhko5aKRFP5fS1w_lKwYrzcNLupv27.png?ccb=10-5&oh=00_AT9C82irDy7Sn8cI_UEelmRC1FY5K5jw2pfWXlZ8QaKL1g&oe=62246CF9&_nc_sid=55e238",
                    "comment_reactors": [],
                    "comment_reactions": null,
                    "comment_reaction_count": null
                },
                {
                    "comment_id": "10159580680498904",
                    "comment_url": "https://facebook.com/10159580680498904",
                    "commenter_id": "100047501863564",
                    "commenter_url": "https://facebook.com/philip.standard.50?fref=nf&rc=p",
                    "commenter_name": "Philip Standard",
                    "commenter_meta": null,
                    "comment_text": "Tom Ramanauskas they stopped another January 6th.",
                    "comment_time": "2022-02-24 00:00:00",
                    "comment_image": "https://scontent.xx.fbcdn.net/m1/v/t6/An_UvxJXg9tdnLU3Y5qjPi0200MLilhzPXUgxzGjQzUMaNcmjdZA6anyrngvkdub33NZzZhd51fpCAEzNHFhko5aKRFP5fS1w_lKwYrzcNLupv27.png?ccb=10-5&oh=00_AT9C82irDy7Sn8cI_UEelmRC1FY5K5jw2pfWXlZ8QaKL1g&oe=62246CF9&_nc_sid=55e238",
                    "comment_reactors": [],
                    "comment_reactions": null,
                    "comment_reaction_count": null
                },
                {
                    "comment_id": "10159581221143904",
                    "comment_url": "https://facebook.com/10159581221143904",
                    "commenter_id": "100001719760922",
                    "commenter_url": "https://facebook.com/peter.mesi.7?fref=nf&rc=p",
                    "commenter_name": "Peter Mesi",
                    "commenter_meta": null,
                    "comment_text": "Philip Standard oh it just set a very dangerous president",
                    "comment_time": "2022-02-24 00:00:00",
                    "comment_image": "https://scontent.xx.fbcdn.net/m1/v/t6/An_F9bJG7govfshSMBkvcRLcxT0jmiXVYKtr7lgH5AHgUrjjpZ1OD0xyxXYgf7arc0lWgCdrR_KN4Mg7RSN3Gm3W6Gg03N1tQ-ZXzVvFJ_KvvB4.png?ccb=10-5&oh=00_AT8ScZKrgCPhmfSgYBZgvnQHv14vvPQpgzOW8DDMFGGodg&oe=62243F67&_nc_sid=55e238",
                    "comment_reactors": [],
                    "comment_reactions": null,
                    "comment_reaction_count": null
                },
                {
                    "comment_id": "10159581843548904",
                    "comment_url": "https://facebook.com/10159581843548904",
                    "commenter_id": "100000527790503",
                    "commenter_url": "https://facebook.com/leon.bouvier2?fref=nf&rc=p",
                    "commenter_name": "Leon Bouvier",
                    "commenter_meta": null,
                    "comment_text": "Bonnie Cull Time to cull you\u2019re fake profile, you bot trolls all show up conveniently to prop up your \u201c malignant narcissistic divisive failure of a P.M . Bot and bought and paid for, you are so transparent we see right through you, kindly \u201c phoque off as they say in Quebec, hagd , check your in box for your e-transfer.",
                    "comment_time": "2022-02-25 00:00:00",
                    "comment_image": "https://scontent.xx.fbcdn.net/m1/v/t6/An_F9bJG7govfshSMBkvcRLcxT0jmiXVYKtr7lgH5AHgUrjjpZ1OD0xyxXYgf7arc0lWgCdrR_KN4Mg7RSN3Gm3W6Gg03N1tQ-ZXzVvFJ_KvvB4.png?ccb=10-5&oh=00_AT8ScZKrgCPhmfSgYBZgvnQHv14vvPQpgzOW8DDMFGGodg&oe=62243F67&_nc_sid=55e238",
                    "comment_reactors": [],
                    "comment_reactions": null,
                    "comment_reaction_count": null
                },
                {
                    "comment_id": "10159581861713904",
                    "comment_url": "https://facebook.com/10159581861713904",
                    "commenter_id": "100043257961739",
                    "commenter_url": "https://facebook.com/bonnie.cull.7?fref=nf&rc=p",
                    "commenter_name": "Bonnie Cull",
                    "commenter_meta": null,
                    "comment_text": "Cry cry cry",
                    "comment_time": "2022-02-25 00:00:00",
                    "comment_image": null,
                    "comment_reactors": [],
                    "comment_reactions": null,
                    "comment_reaction_count": null
                }
            ]
        },
        {
            "comment_id": "10159580792633904",
            "comment_url": "https://facebook.com/10159580792633904",
            "commenter_id": "100004526626401",
            "commenter_url": "https://facebook.com/profile.php?id=100004526626401&fref=nf&rc=p&refid=52",
            "commenter_name": "Rob Wilson",
            "commenter_meta": null,
            "comment_text": "The blockades and protesters\u2019 intimidation were far more troubling. Then there\u2019s that little thing about overthrowing the government.",
            "comment_time": "2022-02-24 00:00:00",
            "comment_image": null,
            "comment_reactors": [],
            "comment_reactions": null,
            "comment_reaction_count": null,
            "replies": [
                {
                    "comment_id": "10159581222108904",
                    "comment_url": "https://facebook.com/10159581222108904",
                    "commenter_id": "100001719760922",
                    "commenter_url": "https://facebook.com/peter.mesi.7?fref=nf&rc=p",
                    "commenter_name": "Peter Mesi",
                    "commenter_meta": null,
                    "comment_text": "Rob Wilson worst part is the main issue at hand remains un resolved",
                    "comment_time": "2022-02-24 00:00:00",
                    "comment_image": "https://scontent.xx.fbcdn.net/m1/v/t6/An_UvxJXg9tdnLU3Y5qjPi0200MLilhzPXUgxzGjQzUMaNcmjdZA6anyrngvkdub33NZzZhd51fpCAEzNHFhko5aKRFP5fS1w_lKwYrzcNLupv27.png?ccb=10-5&oh=00_AT9C82irDy7Sn8cI_UEelmRC1FY5K5jw2pfWXlZ8QaKL1g&oe=62246CF9&_nc_sid=55e238",
                    "comment_reactors": [],
                    "comment_reactions": null,
                    "comment_reaction_count": null
                },
                {
                    "comment_id": "10159583483103904",
                    "comment_url": "https://facebook.com/10159583483103904",
                    "commenter_id": "510866349",
                    "commenter_url": "https://facebook.com/lbrizard?fref=nf&rc=p",
                    "commenter_name": "Lance Brizard",
                    "commenter_meta": null,
                    "comment_text": "Rob Wilson if that were true, where are the associated sedition charges?\nThe law disagrees with you. Stop spreading lies",
                    "comment_time": "2022-02-26 00:00:00",
                    "comment_image": null,
                    "comment_reactors": [],
                    "comment_reactions": null,
                    "comment_reaction_count": null
                },
                {
                    "comment_id": "10159583785868904",
                    "comment_url": "https://facebook.com/10159583785868904",
                    "commenter_id": "1833837913",
                    "commenter_url": "https://facebook.com/william.m.brienza?fref=nf&rc=p",
                    "commenter_name": "William Michael Brienza",
                    "commenter_meta": null,
                    "comment_text": "Right. Overthrowing the government with your wife and kids in the truck.",
                    "comment_time": "2022-02-26 00:00:00",
                    "comment_image": null,
                    "comment_reactors": [],
                    "comment_reactions": null,
                    "comment_reaction_count": null
                }
            ]
        },
        {
            "comment_id": "10159580186153904",
            "comment_url": "https://facebook.com/10159580186153904",
            "commenter_id": "1150360690",
            "commenter_url": "https://facebook.com/joanne.ryan.946?fref=nf&rc=p&refid=52",
            "commenter_name": "Joanne Ryan",
            "commenter_meta": null,
            "comment_text": "The vast majority of Canadians are with our PM on this one. Tant pis. C'est la vie.",
            "comment_time": "2022-02-24 00:00:00",
            "comment_image": null,
            "comment_reactors": [],
            "comment_reactions": null,
            "comment_reaction_count": null,
            "replies": [
                {
                    "comment_id": "10159580311553904",
                    "comment_url": "https://facebook.com/10159580311553904",
                    "commenter_id": "1420310966",
                    "commenter_url": "https://facebook.com/vicki.baulch?fref=nf&rc=p",
                    "commenter_name": "Vicki Baulch",
                    "commenter_meta": null,
                    "comment_text": "Joanne Ryan not even close. He screwed up. Again",
                    "comment_time": "2022-02-24 00:00:00",
                    "comment_image": "https://scontent.xx.fbcdn.net/m1/v/t6/An_UvxJXg9tdnLU3Y5qjPi0200MLilhzPXUgxzGjQzUMaNcmjdZA6anyrngvkdub33NZzZhd51fpCAEzNHFhko5aKRFP5fS1w_lKwYrzcNLupv27.png?ccb=10-5&oh=00_AT9C82irDy7Sn8cI_UEelmRC1FY5K5jw2pfWXlZ8QaKL1g&oe=62246CF9&_nc_sid=55e238",
                    "comment_reactors": [],
                    "comment_reactions": null,
                    "comment_reaction_count": null
                },
                {
                    "comment_id": "10159580349028904",
                    "comment_url": "https://facebook.com/10159580349028904",
                    "commenter_id": "100071460026400",
                    "commenter_url": "https://facebook.com/profile.php?id=100071460026400&fref=nf&rc=p",
                    "commenter_name": "LordHenry Wotton",
                    "commenter_meta": null,
                    "comment_text": "Joanne Ryan how in the world could you honestly believe that? Most Canadians didn\u2019t even vote for the Prime Sinister",
                    "comment_time": "2022-02-24 00:00:00",
                    "comment_image": "https://scontent.xx.fbcdn.net/m1/v/t6/An_UvxJXg9tdnLU3Y5qjPi0200MLilhzPXUgxzGjQzUMaNcmjdZA6anyrngvkdub33NZzZhd51fpCAEzNHFhko5aKRFP5fS1w_lKwYrzcNLupv27.png?ccb=10-5&oh=00_AT9C82irDy7Sn8cI_UEelmRC1FY5K5jw2pfWXlZ8QaKL1g&oe=62246CF9&_nc_sid=55e238",
                    "comment_reactors": [],
                    "comment_reactions": null,
                    "comment_reaction_count": null
                },
                {
                    "comment_id": "10159580418343904",
                    "comment_url": "https://facebook.com/10159580418343904",
                    "commenter_id": "100043257961739",
                    "commenter_url": "https://facebook.com/bonnie.cull.7?fref=nf&rc=p",
                    "commenter_name": "Bonnie Cull",
                    "commenter_meta": null,
                    "comment_text": "You lost, WAHHHH #NEVERCON",
                    "comment_time": "2022-02-24 00:00:00",
                    "comment_image": "https://scontent.xx.fbcdn.net/m1/v/t6/An_UvxJXg9tdnLU3Y5qjPi0200MLilhzPXUgxzGjQzUMaNcmjdZA6anyrngvkdub33NZzZhd51fpCAEzNHFhko5aKRFP5fS1w_lKwYrzcNLupv27.png?ccb=10-5&oh=00_AT9C82irDy7Sn8cI_UEelmRC1FY5K5jw2pfWXlZ8QaKL1g&oe=62246CF9&_nc_sid=55e238",
                    "comment_reactors": [],
                    "comment_reactions": null,
                    "comment_reaction_count": null
                },
                {
                    "comment_id": "10159580494348904",
                    "comment_url": "https://facebook.com/10159580494348904",
                    "commenter_id": "741150424",
                    "commenter_url": "https://facebook.com/jan.vallillee?fref=nf&rc=p",
                    "commenter_name": "Jan Vallillee",
                    "commenter_meta": null,
                    "comment_text": "LordHenry Wotton team Conjob lost. Bye...",
                    "comment_time": "2022-02-24 00:00:00",
                    "comment_image": "https://scontent.xx.fbcdn.net/m1/v/t6/An_UvxJXg9tdnLU3Y5qjPi0200MLilhzPXUgxzGjQzUMaNcmjdZA6anyrngvkdub33NZzZhd51fpCAEzNHFhko5aKRFP5fS1w_lKwYrzcNLupv27.png?ccb=10-5&oh=00_AT9C82irDy7Sn8cI_UEelmRC1FY5K5jw2pfWXlZ8QaKL1g&oe=62246CF9&_nc_sid=55e238",
                    "comment_reactors": [],
                    "comment_reactions": null,
                    "comment_reaction_count": null
                },
                {
                    "comment_id": "10159580681678904",
                    "comment_url": "https://facebook.com/10159580681678904",
                    "commenter_id": "100047501863564",
                    "commenter_url": "https://facebook.com/philip.standard.50?fref=nf&rc=p",
                    "commenter_name": "Philip Standard",
                    "commenter_meta": null,
                    "comment_text": "Joanne Ryan yep. Not a big JT fan but he finally put on his big boy pants and lead our country even though it would mean he wasn\u2019t popular.",
                    "comment_time": "2022-02-24 00:00:00",
                    "comment_image": "https://scontent.xx.fbcdn.net/m1/v/t6/An_F9bJG7govfshSMBkvcRLcxT0jmiXVYKtr7lgH5AHgUrjjpZ1OD0xyxXYgf7arc0lWgCdrR_KN4Mg7RSN3Gm3W6Gg03N1tQ-ZXzVvFJ_KvvB4.png?ccb=10-5&oh=00_AT8ScZKrgCPhmfSgYBZgvnQHv14vvPQpgzOW8DDMFGGodg&oe=62243F67&_nc_sid=55e238",
                    "comment_reactors": [],
                    "comment_reactions": null,
                    "comment_reaction_count": null
                },
                {
                    "comment_id": "10159580682588904",
                    "comment_url": "https://facebook.com/10159580682588904",
                    "commenter_id": "675933592",
                    "commenter_url": "https://facebook.com/roger.wieser?fref=nf&rc=p",
                    "commenter_name": "Roger Wieser",
                    "commenter_meta": null,
                    "comment_text": "Joanne Ryan are you on weed? Seek a doctor!!",
                    "comment_time": "2022-02-24 00:00:00",
                    "comment_image": "https://scontent.xx.fbcdn.net/m1/v/t6/An_UvxJXg9tdnLU3Y5qjPi0200MLilhzPXUgxzGjQzUMaNcmjdZA6anyrngvkdub33NZzZhd51fpCAEzNHFhko5aKRFP5fS1w_lKwYrzcNLupv27.png?ccb=10-5&oh=00_AT9C82irDy7Sn8cI_UEelmRC1FY5K5jw2pfWXlZ8QaKL1g&oe=62246CF9&_nc_sid=55e238",
                    "comment_reactors": [],
                    "comment_reactions": null,
                    "comment_reaction_count": null
                },
                {
                    "comment_id": "10159580776218904",
                    "comment_url": "https://facebook.com/10159580776218904",
                    "commenter_id": "100008348410491",
                    "commenter_url": "https://facebook.com/profile.php?id=100008348410491&fref=nf&rc=p",
                    "commenter_name": "Glen Edwards",
                    "commenter_meta": null,
                    "comment_text": "Joanne Ryan you post this on most web sites are you trying to convince your self or others Joanne ?",
                    "comment_time": "2022-02-24 00:00:00",
                    "comment_image": "https://scontent.xx.fbcdn.net/m1/v/t6/An_UvxJXg9tdnLU3Y5qjPi0200MLilhzPXUgxzGjQzUMaNcmjdZA6anyrngvkdub33NZzZhd51fpCAEzNHFhko5aKRFP5fS1w_lKwYrzcNLupv27.png?ccb=10-5&oh=00_AT9C82irDy7Sn8cI_UEelmRC1FY5K5jw2pfWXlZ8QaKL1g&oe=62246CF9&_nc_sid=55e238",
                    "comment_reactors": [],
                    "comment_reactions": null,
                    "comment_reaction_count": null
                },
                {
                    "comment_id": "10159580783928904",
                    "comment_url": "https://facebook.com/10159580783928904",
                    "commenter_id": "100065403370622",
                    "commenter_url": "https://facebook.com/cary.mackenzie.503?fref=nf&rc=p",
                    "commenter_name": "Cary Mackenzie",
                    "commenter_meta": null,
                    "comment_text": "LordHenry Wotton 67% didn't in fact",
                    "comment_time": "2022-02-24 00:00:00",
                    "comment_image": "https://scontent.xx.fbcdn.net/m1/v/t6/An_UvxJXg9tdnLU3Y5qjPi0200MLilhzPXUgxzGjQzUMaNcmjdZA6anyrngvkdub33NZzZhd51fpCAEzNHFhko5aKRFP5fS1w_lKwYrzcNLupv27.png?ccb=10-5&oh=00_AT9C82irDy7Sn8cI_UEelmRC1FY5K5jw2pfWXlZ8QaKL1g&oe=62246CF9&_nc_sid=55e238",
                    "comment_reactors": [],
                    "comment_reactions": null,
                    "comment_reaction_count": null
                },
                {
                    "comment_id": "10159580892633904",
                    "comment_url": "https://facebook.com/10159580892633904",
                    "commenter_id": "100012437119148",
                    "commenter_url": "https://facebook.com/gordon.jamex?fref=nf&rc=p",
                    "commenter_name": "Gordon James",
                    "commenter_meta": null,
                    "comment_text": "Joanne Ryan, are you ever going to be surprised, when you see the polls.",
                    "comment_time": "2022-02-24 00:00:00",
                    "comment_image": "https://scontent.xx.fbcdn.net/m1/v/t6/An_UvxJXg9tdnLU3Y5qjPi0200MLilhzPXUgxzGjQzUMaNcmjdZA6anyrngvkdub33NZzZhd51fpCAEzNHFhko5aKRFP5fS1w_lKwYrzcNLupv27.png?ccb=10-5&oh=00_AT9C82irDy7Sn8cI_UEelmRC1FY5K5jw2pfWXlZ8QaKL1g&oe=62246CF9&_nc_sid=55e238",
                    "comment_reactors": [],
                    "comment_reactions": null,
                    "comment_reaction_count": null
                },
                {
                    "comment_id": "10159580921963904",
                    "comment_url": "https://facebook.com/10159580921963904",
                    "commenter_id": "100004367706398",
                    "commenter_url": "https://facebook.com/taylan.knowles.1?fref=nf&rc=p",
                    "commenter_name": "Taylan Knowles",
                    "commenter_meta": null,
                    "comment_text": "Joanne Ryan the same PM who paid 2.5million in hush money to a 15 yr old girl and her family when he was a teacher in BC? Or the one who is on record stating he dressed up as black face multiple times and thought it was funny? Just asking for a friend...",
                    "comment_time": "2022-02-24 00:00:00",
                    "comment_image": "https://scontent.xx.fbcdn.net/m1/v/t6/An_UvxJXg9tdnLU3Y5qjPi0200MLilhzPXUgxzGjQzUMaNcmjdZA6anyrngvkdub33NZzZhd51fpCAEzNHFhko5aKRFP5fS1w_lKwYrzcNLupv27.png?ccb=10-5&oh=00_AT9C82irDy7Sn8cI_UEelmRC1FY5K5jw2pfWXlZ8QaKL1g&oe=62246CF9&_nc_sid=55e238",
                    "comment_reactors": [],
                    "comment_reactions": null,
                    "comment_reaction_count": null
                },
                {
                    "comment_id": "10159580964463904",
                    "comment_url": "https://facebook.com/10159580964463904",
                    "commenter_id": "100071460026400",
                    "commenter_url": "https://facebook.com/profile.php?id=100071460026400&fref=nf&rc=p",
                    "commenter_name": "LordHenry Wotton",
                    "commenter_meta": null,
                    "comment_text": "Jan Vallillee so you think that if someone gets 30% of votes, barely enough to form a minority government, that gives them total power over the other 70%? This is why people hate liberals. No common-sense, logic, compromise or decency.",
                    "comment_time": "2022-02-24 00:00:00",
                    "comment_image": null,
                    "comment_reactors": [],
                    "comment_reactions": null,
                    "comment_reaction_count": null
                },
                {
                    "comment_id": "10159581106468904",
                    "comment_url": "https://facebook.com/10159581106468904",
                    "commenter_id": "100010819531215",
                    "commenter_url": "https://facebook.com/profile.php?id=100010819531215&fref=nf&rc=p",
                    "commenter_name": "Maggie Ann",
                    "commenter_meta": null,
                    "comment_text": "Joanne Ryan it sure looks like a vast majority of Canadians are with our EXCUSE of a PM by all the \ud83d\ude06 emoji you got on this comment! Turdeau is a \ud83e\udd21 we are the joke of the world!",
                    "comment_time": "2022-02-24 00:00:00",
                    "comment_image": null,
                    "comment_reactors": [],
                    "comment_reactions": null,
                    "comment_reaction_count": null
                },
                {
                    "comment_id": "10159582841123904",
                    "comment_url": "https://facebook.com/10159582841123904",
                    "commenter_id": "100001168317330",
                    "commenter_url": "https://facebook.com/howard.mitchell.50?fref=nf&rc=p",
                    "commenter_name": "Howard Mitchell",
                    "commenter_meta": null,
                    "comment_text": "Joanne Ryan I dont think so..The Whole Word isnt. Watch something other than CBC or CTV.",
                    "comment_time": "2022-02-25 00:00:00",
                    "comment_image": "https://scontent.xx.fbcdn.net/m1/v/t6/An_UvxJXg9tdnLU3Y5qjPi0200MLilhzPXUgxzGjQzUMaNcmjdZA6anyrngvkdub33NZzZhd51fpCAEzNHFhko5aKRFP5fS1w_lKwYrzcNLupv27.png?ccb=10-5&oh=00_AT9C82irDy7Sn8cI_UEelmRC1FY5K5jw2pfWXlZ8QaKL1g&oe=62246CF9&_nc_sid=55e238",
                    "comment_reactors": [],
                    "comment_reactions": null,
                    "comment_reaction_count": null
                }
            ]
        },
        {
            "comment_id": "10159580143778904",
            "comment_url": "https://facebook.com/10159580143778904",
            "commenter_id": "1833837913",
            "commenter_url": "https://facebook.com/william.m.brienza?fref=nf&rc=p&refid=52",
            "commenter_name": "William Michael Brienza",
            "commenter_meta": null,
            "comment_text": "Now release everyone who was arrested and give them back their money.",
            "comment_time": "2022-02-24 00:00:00",
            "comment_image": null,
            "comment_reactors": [],
            "comment_reactions": null,
            "comment_reaction_count": null,
            "replies": [
                {
                    "comment_id": "10159580419698904",
                    "comment_url": "https://facebook.com/10159580419698904",
                    "commenter_id": "100043257961739",
                    "commenter_url": "https://facebook.com/bonnie.cull.7?fref=nf&rc=p",
                    "commenter_name": "Bonnie Cull",
                    "commenter_meta": null,
                    "comment_text": "Those terrorists will rot in jail for decades nahahahahaha",
                    "comment_time": "2022-02-24 00:00:00",
                    "comment_image": "https://scontent.xx.fbcdn.net/m1/v/t6/An_UvxJXg9tdnLU3Y5qjPi0200MLilhzPXUgxzGjQzUMaNcmjdZA6anyrngvkdub33NZzZhd51fpCAEzNHFhko5aKRFP5fS1w_lKwYrzcNLupv27.png?ccb=10-5&oh=00_AT9C82irDy7Sn8cI_UEelmRC1FY5K5jw2pfWXlZ8QaKL1g&oe=62246CF9&_nc_sid=55e238",
                    "comment_reactors": [],
                    "comment_reactions": null,
                    "comment_reaction_count": null
                },
                {
                    "comment_id": "10159580481908904",
                    "comment_url": "https://facebook.com/10159580481908904",
                    "commenter_id": "1833837913",
                    "commenter_url": "https://facebook.com/william.m.brienza?fref=nf&rc=p",
                    "commenter_name": "William Michael Brienza",
                    "commenter_meta": null,
                    "comment_text": "Bonnie Cull Watch the courts disappoint you.",
                    "comment_time": "2022-02-24 00:00:00",
                    "comment_image": "https://scontent.xx.fbcdn.net/m1/v/t6/An_F9bJG7govfshSMBkvcRLcxT0jmiXVYKtr7lgH5AHgUrjjpZ1OD0xyxXYgf7arc0lWgCdrR_KN4Mg7RSN3Gm3W6Gg03N1tQ-ZXzVvFJ_KvvB4.png?ccb=10-5&oh=00_AT8ScZKrgCPhmfSgYBZgvnQHv14vvPQpgzOW8DDMFGGodg&oe=62243F67&_nc_sid=55e238",
                    "comment_reactors": [],
                    "comment_reactions": null,
                    "comment_reaction_count": null
                },
                {
                    "comment_id": "10159580622303904",
                    "comment_url": "https://facebook.com/10159580622303904",
                    "commenter_id": "1832108224",
                    "commenter_url": "https://facebook.com/michael.szeller?fref=nf&rc=p",
                    "commenter_name": "Michael Szeller",
                    "commenter_meta": null,
                    "comment_text": "William Michael Brienza their money? Bank accounts are being unfrozen. Except for a few who will be facing charges. If you mean the crowd funding maybe the world\u2019s worst secured funding site will be good enough to return it to the donators like the first one did.",
                    "comment_time": "2022-02-24 00:00:00",
                    "comment_image": "https://scontent.xx.fbcdn.net/m1/v/t6/An_UvxJXg9tdnLU3Y5qjPi0200MLilhzPXUgxzGjQzUMaNcmjdZA6anyrngvkdub33NZzZhd51fpCAEzNHFhko5aKRFP5fS1w_lKwYrzcNLupv27.png?ccb=10-5&oh=00_AT9C82irDy7Sn8cI_UEelmRC1FY5K5jw2pfWXlZ8QaKL1g&oe=62246CF9&_nc_sid=55e238",
                    "comment_reactors": [],
                    "comment_reactions": null,
                    "comment_reaction_count": null
                },
                {
                    "comment_id": "10159580682398904",
                    "comment_url": "https://facebook.com/10159580682398904",
                    "commenter_id": "100047501863564",
                    "commenter_url": "https://facebook.com/philip.standard.50?fref=nf&rc=p",
                    "commenter_name": "Philip Standard",
                    "commenter_meta": null,
                    "comment_text": "William Michael Brienza not a chance!!! Domestic terrorists belong behind bars",
                    "comment_time": "2022-02-24 00:00:00",
                    "comment_image": "https://scontent.xx.fbcdn.net/m1/v/t6/An_UvxJXg9tdnLU3Y5qjPi0200MLilhzPXUgxzGjQzUMaNcmjdZA6anyrngvkdub33NZzZhd51fpCAEzNHFhko5aKRFP5fS1w_lKwYrzcNLupv27.png?ccb=10-5&oh=00_AT9C82irDy7Sn8cI_UEelmRC1FY5K5jw2pfWXlZ8QaKL1g&oe=62246CF9&_nc_sid=55e238",
                    "comment_reactors": [],
                    "comment_reactions": null,
                    "comment_reaction_count": null
                },
                {
                    "comment_id": "10159580781108904",
                    "comment_url": "https://facebook.com/10159580781108904",
                    "commenter_id": "100008348410491",
                    "commenter_url": "https://facebook.com/profile.php?id=100008348410491&fref=nf&rc=p",
                    "commenter_name": "Glen Edwards",
                    "commenter_meta": null,
                    "comment_text": "Bonnie Cull not really !! Department of Defense Dictionary of Military Terms defines terrorism as: The calculated use of unlawful violence or threat of unlawful violence to inculcate fear; intended to coerce or to intimidate governments or societies in the pursuit of goals that are generally political, religious, or ideological.",
                    "comment_time": "2022-02-24 00:00:00",
                    "comment_image": null,
                    "comment_reactors": [],
                    "comment_reactions": null,
                    "comment_reaction_count": null
                },
                {
                    "comment_id": "10159583617583904",
                    "comment_url": "https://facebook.com/10159583617583904",
                    "commenter_id": "1063300379",
                    "commenter_url": "https://facebook.com/lida.currie.7?fref=nf&rc=p",
                    "commenter_name": "Lida Currie",
                    "commenter_meta": null,
                    "comment_text": "Michael Szeller Do not hold your breath.",
                    "comment_time": "2022-02-26 00:00:00",
                    "comment_image": null,
                    "comment_reactors": [],
                    "comment_reactions": null,
                    "comment_reaction_count": null
                },
                {
                    "comment_id": "10159583626533904",
                    "comment_url": "https://facebook.com/10159583626533904",
                    "commenter_id": "100009177555020",
                    "commenter_url": "https://facebook.com/profile.php?id=100009177555020&fref=nf&rc=p",
                    "commenter_name": "Problematic Voice",
                    "commenter_meta": null,
                    "comment_text": "Bonnie Cull \u201cterrorists\u201d?\nDo you mean the thugs in uniforms who pepper sprayed non-violent protesters and ride horses over them?",
                    "comment_time": "2022-02-26 00:00:00",
                    "comment_image": "https://scontent.xx.fbcdn.net/m1/v/t6/An_UvxJXg9tdnLU3Y5qjPi0200MLilhzPXUgxzGjQzUMaNcmjdZA6anyrngvkdub33NZzZhd51fpCAEzNHFhko5aKRFP5fS1w_lKwYrzcNLupv27.png?ccb=10-5&oh=00_AT9C82irDy7Sn8cI_UEelmRC1FY5K5jw2pfWXlZ8QaKL1g&oe=62246CF9&_nc_sid=55e238",
                    "comment_reactors": [],
                    "comment_reactions": null,
                    "comment_reaction_count": null
                },
                {
                    "comment_id": "10159583647023904",
                    "comment_url": "https://facebook.com/10159583647023904",
                    "commenter_id": "1832108224",
                    "commenter_url": "https://facebook.com/michael.szeller?fref=nf&rc=p",
                    "commenter_name": "Michael Szeller",
                    "commenter_meta": null,
                    "comment_text": "Lida Currie true, their terms of disservice do not require the return of funds. People should really read those things.",
                    "comment_time": "2022-02-26 00:00:00",
                    "comment_image": null,
                    "comment_reactors": [],
                    "comment_reactions": null,
                    "comment_reaction_count": null
                }
            ]
        },
        {
            "comment_id": "10159580063128904",
            "comment_url": "https://facebook.com/10159580063128904",
            "commenter_id": "676875452",
            "commenter_url": "https://facebook.com/todd.keough.7?fref=nf&rc=p&refid=52",
            "commenter_name": "Todd Keough",
            "commenter_meta": null,
            "comment_text": "The CONs and their shills are clearly in full panic mode, and rightfully so. The Emergencies Act will enable the full exposure of the CONs\u2019 (scheer, poilievre, bergen, kenney, cooper, gladu, moe, gallant, patzer, ferreri, rood, genuis, rempel, o\u2019toole, et al) seditious incitement and full support for the failed MAGA-funded redneck coup attempt in Ottawa and the ongoing protests/\nblockades throughout Canada. More importantly, the Emergencies Act will ensure appropriate charges and penalties are laid. Tick tock CON party of Canada. \ud83d\ude94\ud83d\ude94\ud83d\ude94\ud83d\udc4d",
            "comment_time": "2022-02-24 00:00:00",
            "comment_image": null,
            "comment_reactors": [],
            "comment_reactions": null,
            "comment_reaction_count": null,
            "replies": [
                {
                    "comment_id": "10159580903073904",
                    "comment_url": "https://facebook.com/10159580903073904",
                    "commenter_id": "1110584058",
                    "commenter_url": "https://facebook.com/timothy.vantran?fref=nf&rc=p",
                    "commenter_name": "Timothy W Vantran",
                    "commenter_meta": null,
                    "comment_text": "Todd Keough - God I hope so. The World needs a sane Canada.",
                    "comment_time": "2022-02-24 00:00:00",
                    "comment_image": "https://scontent.xx.fbcdn.net/m1/v/t6/An_UvxJXg9tdnLU3Y5qjPi0200MLilhzPXUgxzGjQzUMaNcmjdZA6anyrngvkdub33NZzZhd51fpCAEzNHFhko5aKRFP5fS1w_lKwYrzcNLupv27.png?ccb=10-5&oh=00_AT9C82irDy7Sn8cI_UEelmRC1FY5K5jw2pfWXlZ8QaKL1g&oe=62246CF9&_nc_sid=55e238",
                    "comment_reactors": [],
                    "comment_reactions": null,
                    "comment_reaction_count": null
                }
            ]
        },
        {
            "comment_id": "10159583482383904",
            "comment_url": "https://facebook.com/10159583482383904",
            "commenter_id": "510866349",
            "commenter_url": "https://facebook.com/lbrizard?fref=nf&rc=p&refid=52",
            "commenter_name": "Lance Brizard",
            "commenter_meta": null,
            "comment_text": "If Trudeau had done right by his citizens he would have listened to them",
            "comment_time": "2022-02-26 00:00:00",
            "comment_image": null,
            "comment_reactors": [],
            "comment_reactions": null,
            "comment_reaction_count": null,
            "replies": []
        },
        {
            "comment_id": "10159580063618904",
            "comment_url": "https://facebook.com/10159580063618904",
            "commenter_id": "648022181",
            "commenter_url": "https://facebook.com/tom.ramanauskas?fref=nf&rc=p&refid=52",
            "commenter_name": "Tom Ramanauskas",
            "commenter_meta": null,
            "comment_text": "LOL! Fake news Globe and Mail: It's the choice of dilettantes everywhere!",
            "comment_time": "2022-02-24 00:00:00",
            "comment_image": null,
            "comment_reactors": [],
            "comment_reactions": null,
            "comment_reaction_count": null,
            "replies": [
                {
                    "comment_id": "10159580071933904",
                    "comment_url": "https://facebook.com/10159580071933904",
                    "commenter_id": "100042659451628",
                    "commenter_url": "https://facebook.com/bilyaminu.ibrahimshinkakafi?fref=nf&rc=p",
                    "commenter_name": "Randy Walker",
                    "commenter_meta": null,
                    "comment_text": "Tom Ramanauskas A great platform that can make everyone smile, for my first time hearing about making money online, I thought it was all fake but when I try it I realise that is real so I won't keep silent I need everyone to smile like me, i'm here to notify you all that Mr Anderson Bouchard is real and legit, i have made my withdraw from is trading platform without any stress or delay. If you're interested and want to start making amazing figures weekly. Click on the name below and start earning massively on weekly basis. \ud83d\udc49Anderson Bouchard",
                    "comment_time": "2022-02-24 00:00:00",
                    "comment_image": null,
                    "comment_reactors": [],
                    "comment_reactions": null,
                    "comment_reaction_count": null
                }
            ]
        },
        {
            "comment_id": "10159580837643904",
            "comment_url": "https://facebook.com/10159580837643904",
            "commenter_id": "514340544",
            "commenter_url": "https://facebook.com/debbie.mitchellseguin?fref=nf&rc=p&refid=52",
            "commenter_name": "Debbie Mitchell",
            "commenter_meta": null,
            "comment_text": "Thinking the senate denouced the actions.",
            "comment_time": "2022-02-24 00:00:00",
            "comment_image": null,
            "comment_reactors": [],
            "comment_reactions": null,
            "comment_reaction_count": null,
            "replies": []
        },
        {
            "comment_id": "10159580848713904",
            "comment_url": "https://facebook.com/10159580848713904",
            "commenter_id": "1140751756",
            "commenter_url": "https://facebook.com/erin.wall.129?fref=nf&rc=p&refid=52",
            "commenter_name": "Erin Wall",
            "commenter_meta": null,
            "comment_text": "It\u2019s the Editorial Board again! \ud83d\ude02 Yes but, no but, but but but\u2026 Tricky things, those constitutions.",
            "comment_time": "2022-02-24 00:00:00",
            "comment_image": null,
            "comment_reactors": [],
            "comment_reactions": null,
            "comment_reaction_count": null,
            "replies": []
        },
        {
            "comment_id": "10159580970603904",
            "comment_url": "https://facebook.com/10159580970603904",
            "commenter_id": "100000529083930",
            "commenter_url": "https://facebook.com/ash.nagrani?fref=nf&rc=p&refid=52",
            "commenter_name": "Ash Nagrani",
            "commenter_meta": null,
            "comment_text": "So G & M 'Editorial Board, you can't even think of original words for your headline - how low and pathetic can you fools get?",
            "comment_time": "2022-02-24 00:00:00",
            "comment_image": null,
            "comment_reactors": [],
            "comment_reactions": null,
            "comment_reaction_count": null,
            "replies": []
        },
        {
            "comment_id": "10159580069663904",
            "comment_url": "https://facebook.com/10159580069663904",
            "commenter_id": "1439264644",
            "commenter_url": "https://facebook.com/stephanie.hims?fref=nf&rc=p&refid=52",
            "commenter_name": "Stephanie Hims",
            "commenter_meta": null,
            "comment_text": "Of course it ended with a whimper\nBecause the end was declared by a \"man\" who does nothing but whimper",
            "comment_time": "2022-02-24 00:00:00",
            "comment_image": null,
            "comment_reactors": [],
            "comment_reactions": null,
            "comment_reaction_count": null,
            "replies": [
                {
                    "comment_id": "10159580097683904",
                    "comment_url": "https://facebook.com/10159580097683904",
                    "commenter_id": "1439264644",
                    "commenter_url": "https://facebook.com/stephanie.hims?fref=nf&rc=p",
                    "commenter_name": "Stephanie Hims",
                    "commenter_meta": null,
                    "comment_text": "Gee Fore Allen i bet you they're doing anything BUT whimpering\nPlus them being behind bars is no proof of their wrong doing. It's proof of government's wrongdoing and overreach",
                    "comment_time": "2022-02-24 00:00:00",
                    "comment_image": "https://scontent.xx.fbcdn.net/m1/v/t6/An_F9bJG7govfshSMBkvcRLcxT0jmiXVYKtr7lgH5AHgUrjjpZ1OD0xyxXYgf7arc0lWgCdrR_KN4Mg7RSN3Gm3W6Gg03N1tQ-ZXzVvFJ_KvvB4.png?ccb=10-5&oh=00_AT8ScZKrgCPhmfSgYBZgvnQHv14vvPQpgzOW8DDMFGGodg&oe=62243F67&_nc_sid=55e238",
                    "comment_reactors": [],
                    "comment_reactions": null,
                    "comment_reaction_count": null
                },
                {
                    "comment_id": "10159580112333904",
                    "comment_url": "https://facebook.com/10159580112333904",
                    "commenter_id": "1439264644",
                    "commenter_url": "https://facebook.com/stephanie.hims?fref=nf&rc=p",
                    "commenter_name": "Stephanie Hims",
                    "commenter_meta": null,
                    "comment_text": "Gee Fore Allen funny how people with a common sense of survival would \"fold\" when guns and other \"instruments of lethal power\" are pointed at them\nYou see this as a victory? Think again",
                    "comment_time": "2022-02-24 00:00:00",
                    "comment_image": "https://scontent.xx.fbcdn.net/m1/v/t6/An_F9bJG7govfshSMBkvcRLcxT0jmiXVYKtr7lgH5AHgUrjjpZ1OD0xyxXYgf7arc0lWgCdrR_KN4Mg7RSN3Gm3W6Gg03N1tQ-ZXzVvFJ_KvvB4.png?ccb=10-5&oh=00_AT8ScZKrgCPhmfSgYBZgvnQHv14vvPQpgzOW8DDMFGGodg&oe=62243F67&_nc_sid=55e238",
                    "comment_reactors": [],
                    "comment_reactions": null,
                    "comment_reaction_count": null
                },
                {
                    "comment_id": "10159580120168904",
                    "comment_url": "https://facebook.com/10159580120168904",
                    "commenter_id": "100027720350059",
                    "commenter_url": "https://facebook.com/eleonore.dawn.7?fref=nf&rc=p",
                    "commenter_name": "Eleonore Dawn",
                    "commenter_meta": null,
                    "comment_text": "Funny how Trudeau folded before the Senate would shut him down :)",
                    "comment_time": "2022-02-24 00:00:00",
                    "comment_image": "https://scontent.xx.fbcdn.net/m1/v/t6/An_UvxJXg9tdnLU3Y5qjPi0200MLilhzPXUgxzGjQzUMaNcmjdZA6anyrngvkdub33NZzZhd51fpCAEzNHFhko5aKRFP5fS1w_lKwYrzcNLupv27.png?ccb=10-5&oh=00_AT9C82irDy7Sn8cI_UEelmRC1FY5K5jw2pfWXlZ8QaKL1g&oe=62246CF9&_nc_sid=55e238",
                    "comment_reactors": [],
                    "comment_reactions": null,
                    "comment_reaction_count": null
                },
                {
                    "comment_id": "10159580120973904",
                    "comment_url": "https://facebook.com/10159580120973904",
                    "commenter_id": "1439264644",
                    "commenter_url": "https://facebook.com/stephanie.hims?fref=nf&rc=p",
                    "commenter_name": "Stephanie Hims",
                    "commenter_meta": null,
                    "comment_text": "Eleonore Dawn because Trudeau is weak\nThat's why he ended it (folded) before the Senate would shut him down",
                    "comment_time": "2022-02-24 00:00:00",
                    "comment_image": "https://scontent.xx.fbcdn.net/m1/v/t6/An_UvxJXg9tdnLU3Y5qjPi0200MLilhzPXUgxzGjQzUMaNcmjdZA6anyrngvkdub33NZzZhd51fpCAEzNHFhko5aKRFP5fS1w_lKwYrzcNLupv27.png?ccb=10-5&oh=00_AT9C82irDy7Sn8cI_UEelmRC1FY5K5jw2pfWXlZ8QaKL1g&oe=62246CF9&_nc_sid=55e238",
                    "comment_reactors": [],
                    "comment_reactions": null,
                    "comment_reaction_count": null
                },
                {
                    "comment_id": "10159580187528904",
                    "comment_url": "https://facebook.com/10159580187528904",
                    "commenter_id": "1150360690",
                    "commenter_url": "https://facebook.com/joanne.ryan.946?fref=nf&rc=p",
                    "commenter_name": "Joanne Ryan",
                    "commenter_meta": null,
                    "comment_text": "Stephanie Hims Hate to break it to ya Stephie but the vast majority of Canadians are with our PM on this one.",
                    "comment_time": "2022-02-24 00:00:00",
                    "comment_image": "https://scontent.xx.fbcdn.net/m1/v/t6/An_F9bJG7govfshSMBkvcRLcxT0jmiXVYKtr7lgH5AHgUrjjpZ1OD0xyxXYgf7arc0lWgCdrR_KN4Mg7RSN3Gm3W6Gg03N1tQ-ZXzVvFJ_KvvB4.png?ccb=10-5&oh=00_AT8ScZKrgCPhmfSgYBZgvnQHv14vvPQpgzOW8DDMFGGodg&oe=62243F67&_nc_sid=55e238",
                    "comment_reactors": [],
                    "comment_reactions": null,
                    "comment_reaction_count": null
                },
                {
                    "comment_id": "10159580216973904",
                    "comment_url": "https://facebook.com/10159580216973904",
                    "commenter_id": "100067126900136",
                    "commenter_url": "https://facebook.com/eleonore.ensley?fref=nf&rc=p",
                    "commenter_name": "Eleonore Ensley",
                    "commenter_meta": null,
                    "comment_text": "Joanne Ryan hate to break it to you but you're obviously delusional",
                    "comment_time": "2022-02-24 00:00:00",
                    "comment_image": "https://scontent.xx.fbcdn.net/m1/v/t6/An_UvxJXg9tdnLU3Y5qjPi0200MLilhzPXUgxzGjQzUMaNcmjdZA6anyrngvkdub33NZzZhd51fpCAEzNHFhko5aKRFP5fS1w_lKwYrzcNLupv27.png?ccb=10-5&oh=00_AT9C82irDy7Sn8cI_UEelmRC1FY5K5jw2pfWXlZ8QaKL1g&oe=62246CF9&_nc_sid=55e238",
                    "comment_reactors": [],
                    "comment_reactions": null,
                    "comment_reaction_count": null
                },
                {
                    "comment_id": "10159580218153904",
                    "comment_url": "https://facebook.com/10159580218153904",
                    "commenter_id": "1439264644",
                    "commenter_url": "https://facebook.com/stephanie.hims?fref=nf&rc=p",
                    "commenter_name": "Stephanie Hims",
                    "commenter_meta": null,
                    "comment_text": "Eleonore Ensley you took the words out of my mouth!\nLmao",
                    "comment_time": "2022-02-24 00:00:00",
                    "comment_image": "https://scontent.xx.fbcdn.net/m1/v/t6/An_UvxJXg9tdnLU3Y5qjPi0200MLilhzPXUgxzGjQzUMaNcmjdZA6anyrngvkdub33NZzZhd51fpCAEzNHFhko5aKRFP5fS1w_lKwYrzcNLupv27.png?ccb=10-5&oh=00_AT9C82irDy7Sn8cI_UEelmRC1FY5K5jw2pfWXlZ8QaKL1g&oe=62246CF9&_nc_sid=55e238",
                    "comment_reactors": [],
                    "comment_reactions": null,
                    "comment_reaction_count": null
                },
                {
                    "comment_id": "10159581139238904",
                    "comment_url": "https://facebook.com/10159581139238904",
                    "commenter_id": "158301080",
                    "commenter_url": "https://facebook.com/mike.mcgarrity?fref=nf&rc=p",
                    "commenter_name": "Michael Thomas",
                    "commenter_meta": null,
                    "comment_text": "Joanne Ryan do you know how a bell curve works? Lets play a fun game.\nPlace canadians on the top of our graph and underline it. Thats your title. Now put intelligence at the bottom. Thats what we will be studying today. You can underline that now too, if youre so inclined and haven\u2019t bitten the tip off of your crayon yet.\n*hint* regardless of colour, they all taste like wax. (Youre welcome)\nDraw your bell. (This is fun isnt it.)\nNow, let\u2019s smack a bunch of ascending numbers under that funny little bell, perhaps pertaining to iq, some sort of test score, gpa\u2026? Doesnt matter. You pick.\nNow look at that pretty little graph and realize that when you say \u201cmost canadians\u201d that assuredly most canadians are f@cking stupid.\n\nCheers.",
                    "comment_time": "2022-02-24 00:00:00",
                    "comment_image": "https://scontent.xx.fbcdn.net/m1/v/t6/An_F9bJG7govfshSMBkvcRLcxT0jmiXVYKtr7lgH5AHgUrjjpZ1OD0xyxXYgf7arc0lWgCdrR_KN4Mg7RSN3Gm3W6Gg03N1tQ-ZXzVvFJ_KvvB4.png?ccb=10-5&oh=00_AT8ScZKrgCPhmfSgYBZgvnQHv14vvPQpgzOW8DDMFGGodg&oe=62243F67&_nc_sid=55e238",
                    "comment_reactors": [],
                    "comment_reactions": null,
                    "comment_reaction_count": null
                }
            ]
        },
        {
            "comment_id": "10159580409163904",
            "comment_url": "https://facebook.com/10159580409163904",
            "commenter_id": "1651160512",
            "commenter_url": "https://facebook.com/rino.delvecchio.5?fref=nf&rc=p&refid=52",
            "commenter_name": "Rino del Vecchio",
            "commenter_meta": null,
            "comment_text": "JT is the best Crime Minister Canada has ever had...",
            "comment_time": "2022-02-24 00:00:00",
            "comment_image": null,
            "comment_reactors": [],
            "comment_reactions": null,
            "comment_reaction_count": null,
            "replies": [
                {
                    "comment_id": "10159580816033904",
                    "comment_url": "https://facebook.com/10159580816033904",
                    "commenter_id": "1067741654",
                    "commenter_url": "https://facebook.com/wmcdavis?fref=nf&rc=p",
                    "commenter_name": "Bill Davis",
                    "commenter_meta": null,
                    "comment_text": "Rino del Vecchio Take your head out of the hole you have it in. LOL Edna",
                    "comment_time": "2022-02-24 00:00:00",
                    "comment_image": "https://scontent.xx.fbcdn.net/m1/v/t6/An_UvxJXg9tdnLU3Y5qjPi0200MLilhzPXUgxzGjQzUMaNcmjdZA6anyrngvkdub33NZzZhd51fpCAEzNHFhko5aKRFP5fS1w_lKwYrzcNLupv27.png?ccb=10-5&oh=00_AT9C82irDy7Sn8cI_UEelmRC1FY5K5jw2pfWXlZ8QaKL1g&oe=62246CF9&_nc_sid=55e238",
                    "comment_reactors": [],
                    "comment_reactions": null,
                    "comment_reaction_count": null
                }
            ]
        },
        {
            "comment_id": "10159580119178904",
            "comment_url": "https://facebook.com/10159580119178904",
            "commenter_id": "1635361981",
            "commenter_url": "https://facebook.com/profile.php?id=1635361981&fref=nf&rc=p&refid=52",
            "commenter_name": "Drew Bedson",
            "commenter_meta": "Top fan",
            "comment_text": "\"The Ambassador Bridge blockade? Ended by police, using existing laws, before the federal state of emergency.\"\n\nFord invoked a state of emergency to get that done.\n\nWho writes this shlt anyhow I wonder.",
            "comment_time": "2022-02-24 00:00:00",
            "comment_image": null,
            "comment_reactors": [],
            "comment_reactions": null,
            "comment_reaction_count": null,
            "replies": [
                {
                    "comment_id": "10159580139463904",
                    "comment_url": "https://facebook.com/10159580139463904",
                    "commenter_id": "612738486",
                    "commenter_url": "https://facebook.com/jennifer.palin.3?fref=nf&rc=p",
                    "commenter_name": "Jennifer Palin",
                    "commenter_meta": null,
                    "comment_text": "Drew Bedson good point",
                    "comment_time": "2022-02-24 00:00:00",
                    "comment_image": "https://scontent.xx.fbcdn.net/m1/v/t6/An_UvxJXg9tdnLU3Y5qjPi0200MLilhzPXUgxzGjQzUMaNcmjdZA6anyrngvkdub33NZzZhd51fpCAEzNHFhko5aKRFP5fS1w_lKwYrzcNLupv27.png?ccb=10-5&oh=00_AT9C82irDy7Sn8cI_UEelmRC1FY5K5jw2pfWXlZ8QaKL1g&oe=62246CF9&_nc_sid=55e238",
                    "comment_reactors": [],
                    "comment_reactions": null,
                    "comment_reaction_count": null
                },
                {
                    "comment_id": "10159580214933904",
                    "comment_url": "https://facebook.com/10159580214933904",
                    "commenter_id": "648022181",
                    "commenter_url": "https://facebook.com/tom.ramanauskas?fref=nf&rc=p",
                    "commenter_name": "Tom Ramanauskas",
                    "commenter_meta": null,
                    "comment_text": "Drew Bedson Why the Editorial BORED of course!",
                    "comment_time": "2022-02-24 00:00:00",
                    "comment_image": "https://scontent.xx.fbcdn.net/m1/v/t6/An_F9bJG7govfshSMBkvcRLcxT0jmiXVYKtr7lgH5AHgUrjjpZ1OD0xyxXYgf7arc0lWgCdrR_KN4Mg7RSN3Gm3W6Gg03N1tQ-ZXzVvFJ_KvvB4.png?ccb=10-5&oh=00_AT8ScZKrgCPhmfSgYBZgvnQHv14vvPQpgzOW8DDMFGGodg&oe=62243F67&_nc_sid=55e238",
                    "comment_reactors": [],
                    "comment_reactions": null,
                    "comment_reaction_count": null
                }
            ]
        }
    ],
    "reactors": null,
    "w3_fb_url": null,
    "reactions": null,
    "reaction_count": null,
    "with": null,
    "page_id": "140961138903",
    "sharers": null,
    "image_id": null,
    "image_ids": [],
    "was_live": false
}