{
    "original_request_url": "10159543969093904",
    "post_url": "https://facebook.com/story.php?story_fbid=10159543969093904&id=140961138903",
    "post_id": "10159543969093904",
    "text": "PM added that the government will, however, look at any formal requests that come from the city or province\n\nTHEGLOBEANDMAIL.COM\nMilitary response to Ottawa protest \u2018not in the cards,\u2019 Trudeau says",
    "post_text": "PM added that the government will, however, look at any formal requests that come from the city or province",
    "shared_text": "THEGLOBEANDMAIL.COM\nMilitary response to Ottawa protest \u2018not in the cards,\u2019 Trudeau says",
    "original_text": null,
    "time": "2022-02-03 18:39:14",
    "timestamp": 1643913554,
    "image": "https://www.theglobeandmail.com/resizer/HKWHSkqRQNrAW0uF7pi2C-Oleck=/1200x800/filters:quality(80)/cloudfront-us-east-1.images.arcpublishing.com/tgam/Z2DALT3M3NJ5ZDNGK4L4FXHMEA.JPG",
    "image_lowquality": "https://external-sea1-1.xx.fbcdn.net/safe_image.php?d=AQGOEtPzwiVIKCXw&w=476&h=249&url=https%3A%2F%2Fwww.theglobeandmail.com%2Fresizer%2FHKWHSkqRQNrAW0uF7pi2C-Oleck%3D%2F1200x800%2Ffilters%3Aquality%2880%29%2Fcloudfront-us-east-1.images.arcpublishing.com%2Ftgam%2FZ2DALT3M3NJ5ZDNGK4L4FXHMEA.JPG&cfs=1&jq=75&ext=jpg&_nc_oe=6fabb&_nc_sid=06c271&ccb=3-5&_nc_hash=AQGZhbwXtiLJGTc6",
    "images": [
        "https://www.theglobeandmail.com/resizer/HKWHSkqRQNrAW0uF7pi2C-Oleck=/1200x800/filters:quality(80)/cloudfront-us-east-1.images.arcpublishing.com/tgam/Z2DALT3M3NJ5ZDNGK4L4FXHMEA.JPG"
    ],
    "images_description": [],
    "images_lowquality": [
        "https://external-sea1-1.xx.fbcdn.net/safe_image.php?d=AQGOEtPzwiVIKCXw&w=476&h=249&url=https%3A%2F%2Fwww.theglobeandmail.com%2Fresizer%2FHKWHSkqRQNrAW0uF7pi2C-Oleck%3D%2F1200x800%2Ffilters%3Aquality%2880%29%2Fcloudfront-us-east-1.images.arcpublishing.com%2Ftgam%2FZ2DALT3M3NJ5ZDNGK4L4FXHMEA.JPG&cfs=1&jq=75&ext=jpg&_nc_oe=6fabb&_nc_sid=06c271&ccb=3-5&_nc_hash=AQGZhbwXtiLJGTc6"
    ],
    "images_lowquality_description": [
        null
    ],
    "video": null,
    "video_duration_seconds": null,
    "video_height": null,
    "video_id": null,
    "video_quality": null,
    "video_size_MB": null,
    "video_thumbnail": null,
    "video_watches": null,
    "video_width": null,
    "likes": 34,
    "comments": 13,
    "shares": 3,
    "link": "http://www.theglobeandmail.com/politics/article-military-response-to-ottawa-protest-not-in-the-cards-trudeau-says/?utm_campaign=sophi-pop&utm_medium=post&utm_source=facebook&fbclid=IwAR3FoL0tvrmrL-lRychYlDpYq52QuwGkWvug158U_Ahl7Jc4UmOJ_tRAt-k",
    "links": [],
    "user_id": "140961138903",
    "username": "The Globe and Mail",
    "user_url": "https://facebook.com/theglobeandmail/?refid=52",
    "is_live": false,
    "factcheck": null,
    "shared_post_id": null,
    "shared_time": null,
    "shared_user_id": null,
    "shared_username": null,
    "shared_post_url": null,
    "available": true,
    "comments_full": [
        {
            "comment_id": "10159544053943904",
            "comment_url": "https://facebook.com/10159544053943904",
            "commenter_id": "612711207",
            "commenter_url": "https://facebook.com/christina.bennewitz?fref=nf&rc=p&refid=52",
            "commenter_name": "Christina Bennewitz",
            "commenter_meta": null,
            "comment_text": "Follow bridge city news for the truth. The freedom convoy is full of peace loving Canadians who are protesting to end mandates \u2764\ufe0f\ud83c\udde8\ud83c\udde6",
            "comment_time": "2022-02-02 23:28:13",
            "comment_image": null,
            "comment_reactors": [],
            "comment_reactions": null,
            "comment_reaction_count": null,
            "replies": [
                {
                    "comment_id": "10159544061528904",
                    "comment_url": "https://facebook.com/10159544061528904",
                    "commenter_id": "632935672",
                    "commenter_url": "https://facebook.com/jgodfreyson?fref=nf&rc=p",
                    "commenter_name": "John Godfreyson",
                    "commenter_meta": null,
                    "comment_text": "Christina Bennewitz Ask the Ottawa residents. Different story.",
                    "comment_time": "2022-02-02 23:28:14",
                    "comment_image": "https://scontent.xx.fbcdn.net/m1/v/t6/An_UvxJXg9tdnLU3Y5qjPi0200MLilhzPXUgxzGjQzUMaNcmjdZA6anyrngvkdub33NZzZhd51fpCAEzNHFhko5aKRFP5fS1w_lKwYrzcNLupv27.png?ccb=10-5&oh=00_AT9C82irDy7Sn8cI_UEelmRC1FY5K5jw2pfWXlZ8QaKL1g&oe=62246CF9&_nc_sid=55e238",
                    "comment_reactors": [],
                    "comment_reactions": null,
                    "comment_reaction_count": null
                },
                {
                    "comment_id": "10159544080593904",
                    "comment_url": "https://facebook.com/10159544080593904",
                    "commenter_id": "612711207",
                    "commenter_url": "https://facebook.com/christina.bennewitz?fref=nf&rc=p",
                    "commenter_name": "Christina Bennewitz",
                    "commenter_meta": null,
                    "comment_text": "John Godfreyson watch the live feeds the citizens of Ottawa are posting at Freedom Convoy 2022 the vast majority are standing with the truckers",
                    "comment_time": "2022-02-02 23:28:14",
                    "comment_image": "https://scontent.xx.fbcdn.net/m1/v/t6/An_UvxJXg9tdnLU3Y5qjPi0200MLilhzPXUgxzGjQzUMaNcmjdZA6anyrngvkdub33NZzZhd51fpCAEzNHFhko5aKRFP5fS1w_lKwYrzcNLupv27.png?ccb=10-5&oh=00_AT9C82irDy7Sn8cI_UEelmRC1FY5K5jw2pfWXlZ8QaKL1g&oe=62246CF9&_nc_sid=55e238",
                    "comment_reactors": [],
                    "comment_reactions": null,
                    "comment_reaction_count": null
                },
                {
                    "comment_id": "10159544081538904",
                    "comment_url": "https://facebook.com/10159544081538904",
                    "commenter_id": "524186721",
                    "commenter_url": "https://facebook.com/sboudreau1?fref=nf&rc=p",
                    "commenter_name": "Steven Boudreau",
                    "commenter_meta": null,
                    "comment_text": "John Godfreyson The protesters already apologized & kindley stop their horns at a reasonable hour they have been very polite during this protest It's for Trudeau to move & talk with these protesters once in for all it's on him not the protesters they are willing to talk so get off your high horse Trudeau & finish this once and for all so we can bring our lives back to normal...",
                    "comment_time": "2022-02-02 23:28:14",
                    "comment_image": "https://scontent.xx.fbcdn.net/m1/v/t6/An_UvxJXg9tdnLU3Y5qjPi0200MLilhzPXUgxzGjQzUMaNcmjdZA6anyrngvkdub33NZzZhd51fpCAEzNHFhko5aKRFP5fS1w_lKwYrzcNLupv27.png?ccb=10-5&oh=00_AT9C82irDy7Sn8cI_UEelmRC1FY5K5jw2pfWXlZ8QaKL1g&oe=62246CF9&_nc_sid=55e238",
                    "comment_reactors": [],
                    "comment_reactions": null,
                    "comment_reaction_count": null
                },
                {
                    "comment_id": "10159544097053904",
                    "comment_url": "https://facebook.com/10159544097053904",
                    "commenter_id": "658217714",
                    "commenter_url": "https://facebook.com/jocelyne.koepke?fref=nf&rc=p",
                    "commenter_name": "Jocelyne Koepke",
                    "commenter_meta": null,
                    "comment_text": "Christina Bennewitz - not true. We are fed up with the disrespect and disruption that far too many of these protesters have inflicted upon us.",
                    "comment_time": "2022-02-02 23:28:14",
                    "comment_image": "https://scontent.xx.fbcdn.net/m1/v/t6/An_UvxJXg9tdnLU3Y5qjPi0200MLilhzPXUgxzGjQzUMaNcmjdZA6anyrngvkdub33NZzZhd51fpCAEzNHFhko5aKRFP5fS1w_lKwYrzcNLupv27.png?ccb=10-5&oh=00_AT9C82irDy7Sn8cI_UEelmRC1FY5K5jw2pfWXlZ8QaKL1g&oe=62246CF9&_nc_sid=55e238",
                    "comment_reactors": [],
                    "comment_reactions": null,
                    "comment_reaction_count": null
                },
                {
                    "comment_id": "10159544101633904",
                    "comment_url": "https://facebook.com/10159544101633904",
                    "commenter_id": "504916593",
                    "commenter_url": "https://facebook.com/jay.labatte?fref=nf&rc=p",
                    "commenter_name": "Jay Labatte",
                    "commenter_meta": null,
                    "comment_text": "Jocelyne Koepke we are fed up with government over reach. Take it up with them, if you can find them in their hiding burrows.",
                    "comment_time": "2022-02-02 23:28:15",
                    "comment_image": "https://scontent.xx.fbcdn.net/m1/v/t6/An_UvxJXg9tdnLU3Y5qjPi0200MLilhzPXUgxzGjQzUMaNcmjdZA6anyrngvkdub33NZzZhd51fpCAEzNHFhko5aKRFP5fS1w_lKwYrzcNLupv27.png?ccb=10-5&oh=00_AT9C82irDy7Sn8cI_UEelmRC1FY5K5jw2pfWXlZ8QaKL1g&oe=62246CF9&_nc_sid=55e238",
                    "comment_reactors": [],
                    "comment_reactions": null,
                    "comment_reaction_count": null
                },
                {
                    "comment_id": "10159544109868904",
                    "comment_url": "https://facebook.com/10159544109868904",
                    "commenter_id": "524186721",
                    "commenter_url": "https://facebook.com/sboudreau1?fref=nf&rc=p",
                    "commenter_name": "Steven Boudreau",
                    "commenter_meta": null,
                    "comment_text": "Jocelyne Koepke well ask the Government to move the parliament building it's not the protesters fault you live close to the building\ud83d\ude44",
                    "comment_time": "2022-02-02 23:28:15",
                    "comment_image": "https://scontent.xx.fbcdn.net/m1/v/t6/An_UvxJXg9tdnLU3Y5qjPi0200MLilhzPXUgxzGjQzUMaNcmjdZA6anyrngvkdub33NZzZhd51fpCAEzNHFhko5aKRFP5fS1w_lKwYrzcNLupv27.png?ccb=10-5&oh=00_AT9C82irDy7Sn8cI_UEelmRC1FY5K5jw2pfWXlZ8QaKL1g&oe=62246CF9&_nc_sid=55e238",
                    "comment_reactors": [],
                    "comment_reactions": null,
                    "comment_reaction_count": null
                },
                {
                    "comment_id": "10159544111758904",
                    "comment_url": "https://facebook.com/10159544111758904",
                    "commenter_id": "612711207",
                    "commenter_url": "https://facebook.com/christina.bennewitz?fref=nf&rc=p",
                    "commenter_name": "Christina Bennewitz",
                    "commenter_meta": null,
                    "comment_text": "Jocelyne Koepke blame your government for this predicament, once mandates end, everyone goes home",
                    "comment_time": "2022-02-02 23:28:15",
                    "comment_image": "https://scontent.xx.fbcdn.net/m1/v/t6/An_UvxJXg9tdnLU3Y5qjPi0200MLilhzPXUgxzGjQzUMaNcmjdZA6anyrngvkdub33NZzZhd51fpCAEzNHFhko5aKRFP5fS1w_lKwYrzcNLupv27.png?ccb=10-5&oh=00_AT9C82irDy7Sn8cI_UEelmRC1FY5K5jw2pfWXlZ8QaKL1g&oe=62246CF9&_nc_sid=55e238",
                    "comment_reactors": [],
                    "comment_reactions": null,
                    "comment_reaction_count": null
                },
                {
                    "comment_id": "10159544197013904",
                    "comment_url": "https://facebook.com/10159544197013904",
                    "commenter_id": "524186721",
                    "commenter_url": "https://facebook.com/sboudreau1?fref=nf&rc=p",
                    "commenter_name": "Steven Boudreau",
                    "commenter_meta": "media1.tenor.co",
                    "comment_text": "Steven Boudreau",
                    "comment_time": "2022-02-02 23:28:15",
                    "comment_image": "https://media1.tenor.co/images/f42ca7e9c05166735c844d2305c0e1d6/tenor.gif?ver=1112&c=VjFfZmFjZWJvb2tfd2ViY29tbWVudHM&itemid=16400132&fbclid=IwAR1vhTkW16wByK8aRPwktzRW3WM9E9OyC6SmKy5pOabdR3tJBgx6etujOpU",
                    "comment_reactors": [],
                    "comment_reactions": null,
                    "comment_reaction_count": null
                },
                {
                    "comment_id": "10159544197188904",
                    "comment_url": "https://facebook.com/10159544197188904",
                    "commenter_id": "632935672",
                    "commenter_url": "https://facebook.com/jgodfreyson?fref=nf&rc=p",
                    "commenter_name": "John Godfreyson",
                    "commenter_meta": null,
                    "comment_text": "Christina Bennewitz What about the citizens on the TV news asking the truckers to leave. Guess that is fake news",
                    "comment_time": "2022-02-02 23:28:15",
                    "comment_image": "https://scontent.xx.fbcdn.net/m1/v/t6/An_UvxJXg9tdnLU3Y5qjPi0200MLilhzPXUgxzGjQzUMaNcmjdZA6anyrngvkdub33NZzZhd51fpCAEzNHFhko5aKRFP5fS1w_lKwYrzcNLupv27.png?ccb=10-5&oh=00_AT9C82irDy7Sn8cI_UEelmRC1FY5K5jw2pfWXlZ8QaKL1g&oe=62246CF9&_nc_sid=55e238",
                    "comment_reactors": [],
                    "comment_reactions": null,
                    "comment_reaction_count": null
                },
                {
                    "comment_id": "10159544199963904",
                    "comment_url": "https://facebook.com/10159544199963904",
                    "commenter_id": "632935672",
                    "commenter_url": "https://facebook.com/jgodfreyson?fref=nf&rc=p",
                    "commenter_name": "John Godfreyson",
                    "commenter_meta": null,
                    "comment_text": "Jocelyne Koepke well said.",
                    "comment_time": "2022-02-02 23:28:15",
                    "comment_image": "https://scontent.xx.fbcdn.net/m1/v/t6/An_UvxJXg9tdnLU3Y5qjPi0200MLilhzPXUgxzGjQzUMaNcmjdZA6anyrngvkdub33NZzZhd51fpCAEzNHFhko5aKRFP5fS1w_lKwYrzcNLupv27.png?ccb=10-5&oh=00_AT9C82irDy7Sn8cI_UEelmRC1FY5K5jw2pfWXlZ8QaKL1g&oe=62246CF9&_nc_sid=55e238",
                    "comment_reactors": [],
                    "comment_reactions": null,
                    "comment_reaction_count": null
                },
                {
                    "comment_id": "10159544200788904",
                    "comment_url": "https://facebook.com/10159544200788904",
                    "commenter_id": "632935672",
                    "commenter_url": "https://facebook.com/jgodfreyson?fref=nf&rc=p",
                    "commenter_name": "John Godfreyson",
                    "commenter_meta": null,
                    "comment_text": "Steven Boudreau If they had manners they would not have to be asked.",
                    "comment_time": "2022-02-02 23:28:15",
                    "comment_image": "https://scontent.xx.fbcdn.net/m1/v/t6/An_F9bJG7govfshSMBkvcRLcxT0jmiXVYKtr7lgH5AHgUrjjpZ1OD0xyxXYgf7arc0lWgCdrR_KN4Mg7RSN3Gm3W6Gg03N1tQ-ZXzVvFJ_KvvB4.png?ccb=10-5&oh=00_AT8ScZKrgCPhmfSgYBZgvnQHv14vvPQpgzOW8DDMFGGodg&oe=62243F67&_nc_sid=55e238",
                    "comment_reactors": [],
                    "comment_reactions": null,
                    "comment_reaction_count": null
                },
                {
                    "comment_id": "10159544208498904",
                    "comment_url": "https://facebook.com/10159544208498904",
                    "commenter_id": "524186721",
                    "commenter_url": "https://facebook.com/sboudreau1?fref=nf&rc=p",
                    "commenter_name": "Steven Boudreau",
                    "commenter_meta": null,
                    "comment_text": "John Godfreyson Sorry I was there they are cleaning the city feeding the homeless what are you doing some bashing that's all\ud83e\udd14",
                    "comment_time": "2022-02-02 23:28:15",
                    "comment_image": "https://scontent.xx.fbcdn.net/m1/v/t6/An_UvxJXg9tdnLU3Y5qjPi0200MLilhzPXUgxzGjQzUMaNcmjdZA6anyrngvkdub33NZzZhd51fpCAEzNHFhko5aKRFP5fS1w_lKwYrzcNLupv27.png?ccb=10-5&oh=00_AT9C82irDy7Sn8cI_UEelmRC1FY5K5jw2pfWXlZ8QaKL1g&oe=62246CF9&_nc_sid=55e238",
                    "comment_reactors": [],
                    "comment_reactions": null,
                    "comment_reaction_count": null
                },
                {
                    "comment_id": "10159544223358904",
                    "comment_url": "https://facebook.com/10159544223358904",
                    "commenter_id": "612711207",
                    "commenter_url": "https://facebook.com/christina.bennewitz?fref=nf&rc=p",
                    "commenter_name": "Christina Bennewitz",
                    "commenter_meta": null,
                    "comment_text": "John Godfreyson in a mass of people this large, yes they will be inconvenienced but haven\u2019t millions been inconvenienced for over 2 years? If they don\u2019t like it, complain to Trudeau, he ends the mandates and they all go home. Simple.",
                    "comment_time": "2022-02-02 23:28:15",
                    "comment_image": null,
                    "comment_reactors": [],
                    "comment_reactions": null,
                    "comment_reaction_count": null
                },
                {
                    "comment_id": "10159544339308904",
                    "comment_url": "https://facebook.com/10159544339308904",
                    "commenter_id": "607578252",
                    "commenter_url": "https://facebook.com/pat.carlson.75?fref=nf&rc=p",
                    "commenter_name": "Pat Carlson",
                    "commenter_meta": null,
                    "comment_text": "Christina Bennewitz Most of the mandates are provincial. They have nothing to do with Trudeau.",
                    "comment_time": "2022-02-02 23:28:15",
                    "comment_image": "https://scontent.xx.fbcdn.net/m1/v/t6/An_UvxJXg9tdnLU3Y5qjPi0200MLilhzPXUgxzGjQzUMaNcmjdZA6anyrngvkdub33NZzZhd51fpCAEzNHFhko5aKRFP5fS1w_lKwYrzcNLupv27.png?ccb=10-5&oh=00_AT9C82irDy7Sn8cI_UEelmRC1FY5K5jw2pfWXlZ8QaKL1g&oe=62246CF9&_nc_sid=55e238",
                    "comment_reactors": [],
                    "comment_reactions": null,
                    "comment_reaction_count": null
                },
                {
                    "comment_id": "10159544356638904",
                    "comment_url": "https://facebook.com/10159544356638904",
                    "commenter_id": "612711207",
                    "commenter_url": "https://facebook.com/christina.bennewitz?fref=nf&rc=p",
                    "commenter_name": "Christina Bennewitz",
                    "commenter_meta": null,
                    "comment_text": "Pat Carlson Trudeau can end this. This is about power and control it\u2019s no longer public safety.",
                    "comment_time": "2022-02-02 23:28:15",
                    "comment_image": null,
                    "comment_reactors": [],
                    "comment_reactions": null,
                    "comment_reaction_count": null
                },
                {
                    "comment_id": "10159544441503904",
                    "comment_url": "https://facebook.com/10159544441503904",
                    "commenter_id": "658217714",
                    "commenter_url": "https://facebook.com/jocelyne.koepke?fref=nf&rc=p",
                    "commenter_name": "Jocelyne Koepke",
                    "commenter_meta": null,
                    "comment_text": "Christina Bennewitz - I place the blame precisely where it belongs.",
                    "comment_time": "2022-02-02 23:28:15",
                    "comment_image": null,
                    "comment_reactors": [],
                    "comment_reactions": null,
                    "comment_reaction_count": null
                },
                {
                    "comment_id": "10159544495663904",
                    "comment_url": "https://facebook.com/10159544495663904",
                    "commenter_id": "1272939149",
                    "commenter_url": "https://facebook.com/sabi.saini?fref=nf&rc=p",
                    "commenter_name": "Raj Saini",
                    "commenter_meta": null,
                    "comment_text": "Christina Bennewitz yes i am agreed. Even i am witness of this peaceful protest. Its such a wave of love for every canadian. Due to votes liberal diverted canadian",
                    "comment_time": "2022-02-02 23:28:15",
                    "comment_image": "https://scontent.xx.fbcdn.net/m1/v/t6/An_UvxJXg9tdnLU3Y5qjPi0200MLilhzPXUgxzGjQzUMaNcmjdZA6anyrngvkdub33NZzZhd51fpCAEzNHFhko5aKRFP5fS1w_lKwYrzcNLupv27.png?ccb=10-5&oh=00_AT9C82irDy7Sn8cI_UEelmRC1FY5K5jw2pfWXlZ8QaKL1g&oe=62246CF9&_nc_sid=55e238",
                    "comment_reactors": [],
                    "comment_reactions": null,
                    "comment_reaction_count": null
                },
                {
                    "comment_id": "10159544566953904",
                    "comment_url": "https://facebook.com/10159544566953904",
                    "commenter_id": "612711207",
                    "commenter_url": "https://facebook.com/christina.bennewitz?fref=nf&rc=p",
                    "commenter_name": "Christina Bennewitz",
                    "commenter_meta": null,
                    "comment_text": "John Godfreyson that\u2019s the real \u201cfringe minority\u201d \ud83d\ude09",
                    "comment_time": "2022-02-02 23:28:15",
                    "comment_image": null,
                    "comment_reactors": [],
                    "comment_reactions": null,
                    "comment_reaction_count": null
                },
                {
                    "comment_id": "10159544627703904",
                    "comment_url": "https://facebook.com/10159544627703904",
                    "commenter_id": "612711207",
                    "commenter_url": "https://facebook.com/christina.bennewitz?fref=nf&rc=p",
                    "commenter_name": "Christina Bennewitz",
                    "commenter_meta": null,
                    "comment_text": "For all who are following but do not support..\nIf mandates get lifted I would like to remind you.... you\ncan still stay home. No one will rip the mask off your\nface, no one will force you to dine in at a restaurant,\nyou can drop your children off at their leisure activity\nand wait in your car, you can still say no to family\ngatherings and events, you can live within your 4 walls\nand NO ONE will stop you. We will not judge you for\nyour choice - we will just be glad you have one. That is\nthe point of FREEDOM of choice! While you're\ncomfortable where you are we are also comfortable\nmoving on with our lives.",
                    "comment_time": "2022-02-02 23:28:15",
                    "comment_image": null,
                    "comment_reactors": [],
                    "comment_reactions": null,
                    "comment_reaction_count": null
                }
            ]
        },
        {
            "comment_id": "10159544277893904",
            "comment_url": "https://facebook.com/10159544277893904",
            "commenter_id": "1567682524",
            "commenter_url": "https://facebook.com/troy.middleton?fref=nf&rc=p&refid=52",
            "commenter_name": "Troy Middleton",
            "commenter_meta": null,
            "comment_text": "All this could be avoided if he addressed the issues and worked on a compromise but instead he doubles down and goes into hiding",
            "comment_time": "2022-02-02 23:28:13",
            "comment_image": null,
            "comment_reactors": [],
            "comment_reactions": null,
            "comment_reaction_count": null,
            "replies": [
                {
                    "comment_id": "10159544384713904",
                    "comment_url": "https://facebook.com/10159544384713904",
                    "commenter_id": "100001876438221",
                    "commenter_url": "https://facebook.com/nevergofullmikey?fref=nf&rc=p",
                    "commenter_name": "Mikey Lir\u00f3n",
                    "commenter_meta": null,
                    "comment_text": "That's the left for you",
                    "comment_time": "2022-02-02 23:28:15",
                    "comment_image": null,
                    "comment_reactors": [],
                    "comment_reactions": null,
                    "comment_reaction_count": null
                },
                {
                    "comment_id": "10159544564343904",
                    "comment_url": "https://facebook.com/10159544564343904",
                    "commenter_id": "100001129560585",
                    "commenter_url": "https://facebook.com/porterism?fref=nf&rc=p",
                    "commenter_name": "Don Porter",
                    "commenter_meta": null,
                    "comment_text": "Troy Middleton Canada Unity's proposal is to create a council of the governor General, the senate and members of the CU to dissolve parliament and force the provinces and territories to repeal all their mandates. This is silly, anti-democratic\n, and not worth addressing",
                    "comment_time": "2022-02-02 23:28:15",
                    "comment_image": "https://scontent.xx.fbcdn.net/m1/v/t6/An_UvxJXg9tdnLU3Y5qjPi0200MLilhzPXUgxzGjQzUMaNcmjdZA6anyrngvkdub33NZzZhd51fpCAEzNHFhko5aKRFP5fS1w_lKwYrzcNLupv27.png?ccb=10-5&oh=00_AT9C82irDy7Sn8cI_UEelmRC1FY5K5jw2pfWXlZ8QaKL1g&oe=62246CF9&_nc_sid=55e238",
                    "comment_reactors": [],
                    "comment_reactions": null,
                    "comment_reaction_count": null
                }
            ]
        },
        {
            "comment_id": "10159544014638904",
            "comment_url": "https://facebook.com/10159544014638904",
            "commenter_id": "751717678",
            "commenter_url": "https://facebook.com/ian.peach.986?fref=nf&rc=p&refid=52",
            "commenter_name": "Ian Peach",
            "commenter_meta": null,
            "comment_text": "Well, actually, if the provincial government requests the military to intervene in aid of the civil power, the Prime Minister has no constitutional authority to decide \"yea\" or \"nay\".",
            "comment_time": "2022-02-02 23:28:13",
            "comment_image": null,
            "comment_reactors": [],
            "comment_reactions": null,
            "comment_reaction_count": null,
            "replies": [
                {
                    "comment_id": "10159544172643904",
                    "comment_url": "https://facebook.com/10159544172643904",
                    "commenter_id": "100009619695126",
                    "commenter_url": "https://facebook.com/profile.php?id=100009619695126&fref=nf&rc=p",
                    "commenter_name": "Kevin Delecto",
                    "commenter_meta": null,
                    "comment_text": "Ian Peach The government doesn\u2019t have to support a request for military aid. Otherwise every tin pot premier with an axe to grind can call in the army for anything. PS the military is broken\u2026.there are no troops to send.",
                    "comment_time": "2022-02-02 23:28:16",
                    "comment_image": "https://scontent.xx.fbcdn.net/m1/v/t6/An_UvxJXg9tdnLU3Y5qjPi0200MLilhzPXUgxzGjQzUMaNcmjdZA6anyrngvkdub33NZzZhd51fpCAEzNHFhko5aKRFP5fS1w_lKwYrzcNLupv27.png?ccb=10-5&oh=00_AT9C82irDy7Sn8cI_UEelmRC1FY5K5jw2pfWXlZ8QaKL1g&oe=62246CF9&_nc_sid=55e238",
                    "comment_reactors": [],
                    "comment_reactions": null,
                    "comment_reaction_count": null
                },
                {
                    "comment_id": "10159544215783904",
                    "comment_url": "https://facebook.com/10159544215783904",
                    "commenter_id": "100004188100894",
                    "commenter_url": "https://facebook.com/les.mcgirr?fref=nf&rc=p",
                    "commenter_name": "Les McGirr",
                    "commenter_meta": null,
                    "comment_text": "Ian Peach",
                    "comment_time": "2022-02-02 23:28:16",
                    "comment_image": null,
                    "comment_reactors": [],
                    "comment_reactions": null,
                    "comment_reaction_count": null
                },
                {
                    "comment_id": "10159544521293904",
                    "comment_url": "https://facebook.com/10159544521293904",
                    "commenter_id": "100000740416946",
                    "commenter_url": "https://facebook.com/mike.johnson.9638718?fref=nf&rc=p",
                    "commenter_name": "Mike Johnson",
                    "commenter_meta": null,
                    "comment_text": "Ian Peach he would if he could.",
                    "comment_time": "2022-02-02 23:28:16",
                    "comment_image": null,
                    "comment_reactors": [],
                    "comment_reactions": null,
                    "comment_reaction_count": null
                },
                {
                    "comment_id": "10159545495573904",
                    "comment_url": "https://facebook.com/10159545495573904",
                    "commenter_id": "815710274",
                    "commenter_url": "https://facebook.com/tom.gillis.161?fref=nf&rc=p",
                    "commenter_name": "Tom Gillis",
                    "commenter_meta": null,
                    "comment_text": "Ian Peach that is not military aid!!!",
                    "comment_time": "2022-02-02 23:28:16",
                    "comment_image": null,
                    "comment_reactors": [],
                    "comment_reactions": null,
                    "comment_reaction_count": null
                }
            ]
        },
        {
            "comment_id": "10159544016848904",
            "comment_url": "https://facebook.com/10159544016848904",
            "commenter_id": "639694511",
            "commenter_url": "https://facebook.com/derek.mitchell.378?fref=nf&rc=p&refid=52",
            "commenter_name": "Derek Mitchell",
            "commenter_meta": null,
            "comment_text": "So they're thinking of using the military on peaceful citizens ? Kinda like timinin square?",
            "comment_time": "2022-02-02 23:28:13",
            "comment_image": null,
            "comment_reactors": [],
            "comment_reactions": null,
            "comment_reaction_count": null,
            "replies": [
                {
                    "comment_id": "10159544128973904",
                    "comment_url": "https://facebook.com/10159544128973904",
                    "commenter_id": "639694511",
                    "commenter_url": "https://facebook.com/derek.mitchell.378?fref=nf&rc=p",
                    "commenter_name": "Derek Mitchell",
                    "commenter_meta": null,
                    "comment_text": "Jennifer Rodgers , you agree with the genocide the Chinese pulled off to then ? 39 million dead",
                    "comment_time": "2022-02-02 23:28:17",
                    "comment_image": "https://scontent.xx.fbcdn.net/m1/v/t6/An_UvxJXg9tdnLU3Y5qjPi0200MLilhzPXUgxzGjQzUMaNcmjdZA6anyrngvkdub33NZzZhd51fpCAEzNHFhko5aKRFP5fS1w_lKwYrzcNLupv27.png?ccb=10-5&oh=00_AT9C82irDy7Sn8cI_UEelmRC1FY5K5jw2pfWXlZ8QaKL1g&oe=62246CF9&_nc_sid=55e238",
                    "comment_reactors": [],
                    "comment_reactions": null,
                    "comment_reaction_count": null
                },
                {
                    "comment_id": "10159544158873904",
                    "comment_url": "https://facebook.com/10159544158873904",
                    "commenter_id": "639694511",
                    "commenter_url": "https://facebook.com/derek.mitchell.378?fref=nf&rc=p",
                    "commenter_name": "Derek Mitchell",
                    "commenter_meta": null,
                    "comment_text": "To be clear you still believe in using the military against peaceful protesters\nDon't change the topic , that was 1000 people , this affects over 3.5 million people",
                    "comment_time": "2022-02-02 23:28:17",
                    "comment_image": "https://scontent.xx.fbcdn.net/m1/v/t6/An_UvxJXg9tdnLU3Y5qjPi0200MLilhzPXUgxzGjQzUMaNcmjdZA6anyrngvkdub33NZzZhd51fpCAEzNHFhko5aKRFP5fS1w_lKwYrzcNLupv27.png?ccb=10-5&oh=00_AT9C82irDy7Sn8cI_UEelmRC1FY5K5jw2pfWXlZ8QaKL1g&oe=62246CF9&_nc_sid=55e238",
                    "comment_reactors": [],
                    "comment_reactions": null,
                    "comment_reaction_count": null
                },
                {
                    "comment_id": "10159544385378904",
                    "comment_url": "https://facebook.com/10159544385378904",
                    "commenter_id": "100001876438221",
                    "commenter_url": "https://facebook.com/nevergofullmikey?fref=nf&rc=p",
                    "commenter_name": "Mikey Lir\u00f3n",
                    "commenter_meta": null,
                    "comment_text": "They wouldn't do it against blm",
                    "comment_time": "2022-02-02 23:28:17",
                    "comment_image": null,
                    "comment_reactors": [],
                    "comment_reactions": null,
                    "comment_reaction_count": null
                },
                {
                    "comment_id": "10159544997383904",
                    "comment_url": "https://facebook.com/10159544997383904",
                    "commenter_id": "508894351",
                    "commenter_url": "https://facebook.com/jbrennanchausse?fref=nf&rc=p",
                    "commenter_name": "Jamie Shawanapinesi",
                    "commenter_meta": null,
                    "comment_text": "Jennifer Rodgers War Measures Act, part deux. Let's gooo!",
                    "comment_time": "2022-02-02 23:28:17",
                    "comment_image": null,
                    "comment_reactors": [],
                    "comment_reactions": null,
                    "comment_reaction_count": null
                }
            ]
        },
        {
            "comment_id": "10159544008068904",
            "comment_url": "https://facebook.com/10159544008068904",
            "commenter_id": "517430466",
            "commenter_url": "https://facebook.com/david.macleod.391?fref=nf&rc=p&refid=52",
            "commenter_name": "David Macleod",
            "commenter_meta": null,
            "comment_text": "Im sure he wishes they did something to justify that, but he knows this would undo his already slipping grasp",
            "comment_time": "2022-02-02 23:28:13",
            "comment_image": null,
            "comment_reactors": [],
            "comment_reactions": null,
            "comment_reaction_count": null,
            "replies": []
        },
        {
            "comment_id": "10159544037193904",
            "comment_url": "https://facebook.com/10159544037193904",
            "commenter_id": "100054095838172",
            "commenter_url": "https://facebook.com/joey.marra.18?fref=nf&rc=p&refid=52",
            "commenter_name": "Joey Marra",
            "commenter_meta": null,
            "comment_text": "Good lord this paper isn't even journalism anymore!",
            "comment_time": "2022-02-02 23:28:13",
            "comment_image": null,
            "comment_reactors": [],
            "comment_reactions": null,
            "comment_reaction_count": null,
            "replies": [
                {
                    "comment_id": "10159544079973904",
                    "comment_url": "https://facebook.com/10159544079973904",
                    "commenter_id": "577760525",
                    "commenter_url": "https://facebook.com/Andres.Ruiz11111?fref=nf&rc=p",
                    "commenter_name": "Andres Ruiz",
                    "commenter_meta": "Top fan",
                    "comment_text": "Joey Marra source?",
                    "comment_time": "2022-02-02 23:28:18",
                    "comment_image": "https://static.xx.fbcdn.net/rsrc.php/v3/y7/r/4bRBCBmu1Q9.png",
                    "comment_reactors": [],
                    "comment_reactions": null,
                    "comment_reaction_count": null
                },
                {
                    "comment_id": "10159544146873904",
                    "comment_url": "https://facebook.com/10159544146873904",
                    "commenter_id": "120813297",
                    "commenter_url": "https://facebook.com/lucas.gillies?fref=nf&rc=p",
                    "commenter_name": "Lucas Gillies",
                    "commenter_meta": null,
                    "comment_text": "Joey Marra this is mainstream media. What are you doing here?",
                    "comment_time": "2022-02-02 23:28:18",
                    "comment_image": "https://scontent.xx.fbcdn.net/m1/v/t6/An_UvxJXg9tdnLU3Y5qjPi0200MLilhzPXUgxzGjQzUMaNcmjdZA6anyrngvkdub33NZzZhd51fpCAEzNHFhko5aKRFP5fS1w_lKwYrzcNLupv27.png?ccb=10-5&oh=00_AT9C82irDy7Sn8cI_UEelmRC1FY5K5jw2pfWXlZ8QaKL1g&oe=62246CF9&_nc_sid=55e238",
                    "comment_reactors": [],
                    "comment_reactions": null,
                    "comment_reaction_count": null
                },
                {
                    "comment_id": "10159544155018904",
                    "comment_url": "https://facebook.com/10159544155018904",
                    "commenter_id": "585485499",
                    "commenter_url": "https://facebook.com/jesse.swope.3?fref=nf&rc=p",
                    "commenter_name": "Jesse Swope",
                    "commenter_meta": null,
                    "comment_text": "Andres Ruiz \ud83d\ude05\ud83d\ude02\ud83e\udd23",
                    "comment_time": "2022-02-02 23:28:18",
                    "comment_image": null,
                    "comment_reactors": [],
                    "comment_reactions": null,
                    "comment_reaction_count": null
                },
                {
                    "comment_id": "10159544180873904",
                    "comment_url": "https://facebook.com/10159544180873904",
                    "commenter_id": "100054095838172",
                    "commenter_url": "https://facebook.com/joey.marra.18?fref=nf&rc=p",
                    "commenter_name": "Joey Marra",
                    "commenter_meta": null,
                    "comment_text": "Lucas Gillies Well the G&B used to be fairly reliable but that's not happening anymore.",
                    "comment_time": "2022-02-02 23:28:18",
                    "comment_image": null,
                    "comment_reactors": [],
                    "comment_reactions": null,
                    "comment_reaction_count": null
                }
            ]
        },
        {
            "comment_id": "10159547974668904",
            "comment_url": "https://facebook.com/10159547974668904",
            "commenter_id": "1281165251",
            "commenter_url": "https://facebook.com/tina.knott.90?fref=nf&rc=p&refid=52",
            "commenter_name": "Tina Knott",
            "commenter_meta": null,
            "comment_text": "Missed the \"right now\" part didya?",
            "comment_time": "2022-02-02 23:28:13",
            "comment_image": null,
            "comment_reactors": [],
            "comment_reactions": null,
            "comment_reaction_count": null,
            "replies": []
        },
        {
            "comment_id": "10159545636578904",
            "comment_url": "https://facebook.com/10159545636578904",
            "commenter_id": "656811984",
            "commenter_url": "https://facebook.com/jonathan.noelz?fref=nf&rc=p&refid=52",
            "commenter_name": "Jonathan Noel",
            "commenter_meta": null,
            "comment_text": "Control of this protest is a role exclusively for police.",
            "comment_time": "2022-02-02 23:28:13",
            "comment_image": null,
            "comment_reactors": [],
            "comment_reactions": null,
            "comment_reaction_count": null,
            "replies": []
        },
        {
            "comment_id": "10159544087223904",
            "comment_url": "https://facebook.com/10159544087223904",
            "commenter_id": "519146603",
            "commenter_url": "https://facebook.com/chuck.seward?fref=nf&rc=p&refid=52",
            "commenter_name": "Chuck Seward",
            "commenter_meta": null,
            "comment_text": "So they plan to use military tow trucks?",
            "comment_time": "2022-02-02 23:28:13",
            "comment_image": null,
            "comment_reactors": [],
            "comment_reactions": null,
            "comment_reaction_count": null,
            "replies": []
        },
        {
            "comment_id": "10159544224133904",
            "comment_url": "https://facebook.com/10159544224133904",
            "commenter_id": "1663977372",
            "commenter_url": "https://facebook.com/massalski?fref=nf&rc=p&refid=52",
            "commenter_name": "Jack Massalski",
            "commenter_meta": null,
            "comment_text": "It seems our Prime Minister is 'not in the cards' either. Missing in action? :O",
            "comment_time": "2022-02-02 23:28:13",
            "comment_image": null,
            "comment_reactors": [],
            "comment_reactions": null,
            "comment_reaction_count": null,
            "replies": []
        },
        {
            "comment_id": "10159544003703904",
            "comment_url": "https://facebook.com/10159544003703904",
            "commenter_id": "100009445940896",
            "commenter_url": "https://facebook.com/profile.php?id=100009445940896&fref=nf&rc=p&refid=52",
            "commenter_name": "David Wale",
            "commenter_meta": null,
            "comment_text": "Its no longer a protest, its a blockade. Children need to go home.",
            "comment_time": "2022-02-02 23:28:13",
            "comment_image": null,
            "comment_reactors": [],
            "comment_reactions": null,
            "comment_reaction_count": null,
            "replies": [
                {
                    "comment_id": "10159544005368904",
                    "comment_url": "https://facebook.com/10159544005368904",
                    "commenter_id": "100033744802481",
                    "commenter_url": "https://facebook.com/lukasz.suckiel1990?fref=nf&rc=p",
                    "commenter_name": "Lukasz Suckiel",
                    "commenter_meta": null,
                    "comment_text": "David Wale\nI wish you had that same energy during the pipeline protests.",
                    "comment_time": "2022-02-02 23:28:19",
                    "comment_image": "https://scontent.xx.fbcdn.net/m1/v/t6/An_UvxJXg9tdnLU3Y5qjPi0200MLilhzPXUgxzGjQzUMaNcmjdZA6anyrngvkdub33NZzZhd51fpCAEzNHFhko5aKRFP5fS1w_lKwYrzcNLupv27.png?ccb=10-5&oh=00_AT9C82irDy7Sn8cI_UEelmRC1FY5K5jw2pfWXlZ8QaKL1g&oe=62246CF9&_nc_sid=55e238",
                    "comment_reactors": [],
                    "comment_reactions": null,
                    "comment_reaction_count": null
                },
                {
                    "comment_id": "10159544010148904",
                    "comment_url": "https://facebook.com/10159544010148904",
                    "commenter_id": "100009338698604",
                    "commenter_url": "https://facebook.com/profile.php?id=100009338698604&fref=nf&rc=p",
                    "commenter_name": "Curt Harvey",
                    "commenter_meta": null,
                    "comment_text": "David- You need a lift?",
                    "comment_time": "2022-02-02 23:28:19",
                    "comment_image": "https://scontent.xx.fbcdn.net/m1/v/t6/An_UvxJXg9tdnLU3Y5qjPi0200MLilhzPXUgxzGjQzUMaNcmjdZA6anyrngvkdub33NZzZhd51fpCAEzNHFhko5aKRFP5fS1w_lKwYrzcNLupv27.png?ccb=10-5&oh=00_AT9C82irDy7Sn8cI_UEelmRC1FY5K5jw2pfWXlZ8QaKL1g&oe=62246CF9&_nc_sid=55e238",
                    "comment_reactors": [],
                    "comment_reactions": null,
                    "comment_reaction_count": null
                },
                {
                    "comment_id": "10159544014303904",
                    "comment_url": "https://facebook.com/10159544014303904",
                    "commenter_id": "516682988",
                    "commenter_url": "https://facebook.com/kristan.young.5?fref=nf&rc=p",
                    "commenter_name": "Kristan Young",
                    "commenter_meta": null,
                    "comment_text": "David Wale Trudeau is already home.",
                    "comment_time": "2022-02-02 23:28:19",
                    "comment_image": "https://scontent.xx.fbcdn.net/m1/v/t6/An_UvxJXg9tdnLU3Y5qjPi0200MLilhzPXUgxzGjQzUMaNcmjdZA6anyrngvkdub33NZzZhd51fpCAEzNHFhko5aKRFP5fS1w_lKwYrzcNLupv27.png?ccb=10-5&oh=00_AT9C82irDy7Sn8cI_UEelmRC1FY5K5jw2pfWXlZ8QaKL1g&oe=62246CF9&_nc_sid=55e238",
                    "comment_reactors": [],
                    "comment_reactions": null,
                    "comment_reaction_count": null
                },
                {
                    "comment_id": "10159544021378904",
                    "comment_url": "https://facebook.com/10159544021378904",
                    "commenter_id": "100022966413691",
                    "commenter_url": "https://facebook.com/profile.php?id=100022966413691&fref=nf&rc=p",
                    "commenter_name": "Michael Thompson",
                    "commenter_meta": null,
                    "comment_text": "David Wale it was meant to be a long term blockade. Operation Bearhug",
                    "comment_time": "2022-02-02 23:28:19",
                    "comment_image": "https://scontent.xx.fbcdn.net/m1/v/t6/An-OzaYGRs8HJMUUdL-Q9pzzUe-6dYQYH0YuulfJGzClIwZB6ubbGwhtChGS8FxnChgEmifrcrhalKyw7ubZeQmjvur00_4Bm3UKlJBnXJyqwKsR.png?ccb=10-5&oh=00_AT9QK4usHUu4e7hPO5sxMa4kIEUG_AoGS6YTJ_1zAMxiLg&oe=6224136B&_nc_sid=55e238",
                    "comment_reactors": [],
                    "comment_reactions": null,
                    "comment_reaction_count": null
                }
            ]
        },
        {
            "comment_id": "10159544004898904",
            "comment_url": "https://facebook.com/10159544004898904",
            "commenter_id": "100002417842763",
            "commenter_url": "https://facebook.com/andrew.merritt.948?fref=nf&rc=p&refid=52",
            "commenter_name": "Andrew Merritt",
            "commenter_meta": null,
            "comment_text": "If your bored with this topic that only superficially relates to the trucking industry,heres some good news. https://\npv-magazine-usa.\ncom/2022/01/31/\ndaimler-nextera-\nand-blackrock-t\no-deploy-nation\nwide-us-electri\nc-trucking-netw\nork/\n?fbclid=IwAR1P3V\nKJTGdNJK2VtoR2L\nU1V-lB52k5nb8_R\nPNKJ3Fk3y2ARBh5\ncET7A-ok",
            "comment_time": "2022-02-02 23:28:13",
            "comment_image": "https://pv-magazine-usa.com/2022/01/31/daimler-nextera-and-blackrock-to-deploy-nationwide-us-electric-trucking-network/?fbclid=IwAR28mLJ78AXZ-ayquNK0rIsBIbFky1Tv1a_8OsCV8xAE6un2Tq-i-9106Sc",
            "comment_reactors": [],
            "comment_reactions": null,
            "comment_reaction_count": null,
            "replies": [
                {
                    "comment_id": "10159544007613904",
                    "comment_url": "https://facebook.com/10159544007613904",
                    "commenter_id": "100033744802481",
                    "commenter_url": "https://facebook.com/lukasz.suckiel1990?fref=nf&rc=p",
                    "commenter_name": "Lukasz Suckiel",
                    "commenter_meta": null,
                    "comment_text": "Andrew Merritt\nBlackRock Inc. and Vanguard Group owns nearly everything and are tied to the banking and oil monopoly run by the Royal Family, Rothschild's, Rockefeller's, Vanderbilt's, Getty's, DuPont's, etc...many ultra rich names involved.",
                    "comment_time": "2022-02-02 23:28:20",
                    "comment_image": null,
                    "comment_reactors": [],
                    "comment_reactions": null,
                    "comment_reaction_count": null
                },
                {
                    "comment_id": "10159544015553904",
                    "comment_url": "https://facebook.com/10159544015553904",
                    "commenter_id": "100009338698604",
                    "commenter_url": "https://facebook.com/profile.php?id=100009338698604&fref=nf&rc=p",
                    "commenter_name": "Curt Harvey",
                    "commenter_meta": null,
                    "comment_text": "\ud83c\udfb6 Dreamer...nothi\nn but a dreamer...\ud83c\udfb6\n\ud83d\ude06",
                    "comment_time": "2022-02-02 23:28:20",
                    "comment_image": null,
                    "comment_reactors": [],
                    "comment_reactions": null,
                    "comment_reaction_count": null
                }
            ]
        },
        {
            "comment_id": "10159544582688904",
            "comment_url": "https://facebook.com/10159544582688904",
            "commenter_id": "100000467697605",
            "commenter_url": "https://facebook.com/karleen.bardal?fref=nf&rc=p&refid=52",
            "commenter_name": "Karleen Bardal",
            "commenter_meta": null,
            "comment_text": "Is that a correct quote? I thought he said Not in the cards right now?",
            "comment_time": "2022-02-02 23:28:13",
            "comment_image": null,
            "comment_reactors": [],
            "comment_reactions": null,
            "comment_reaction_count": null,
            "replies": []
        }
    ],
    "reactors": null,
    "w3_fb_url": null,
    "reactions": null,
    "reaction_count": null,
    "with": null,
    "page_id": "140961138903",
    "sharers": null,
    "image_id": null,
    "image_ids": [],
    "was_live": false
}