{
    "original_request_url": "10159579971358904",
    "post_url": "https://facebook.com/story.php?story_fbid=10159579971358904&id=140961138903",
    "post_id": "10159579971358904",
    "text": "Robyn Urback: The protests tapped into a populist rage, and that will only metastasize unless our politicians actively work against their interests in the name of the greater good\n\nTHEGLOBEANDMAIL.COM\nWhere does the anger go, now that the trucks are gone?",
    "post_text": "Robyn Urback: The protests tapped into a populist rage, and that will only metastasize unless our politicians actively work against their interests in the name of the greater good",
    "shared_text": "THEGLOBEANDMAIL.COM\nWhere does the anger go, now that the trucks are gone?",
    "original_text": null,
    "time": "2022-02-24 13:14:04",
    "timestamp": 1645708444,
    "image": "https://www.theglobeandmail.com/resizer/4O0n4sQpyMxeIewm7QoL2QIhZxA=/1200x800/filters:quality(80)/cloudfront-us-east-1.images.arcpublishing.com/tgam/G3BIZXPTGFOVTLWKRKS4HLKQ5M.JPG",
    "image_lowquality": "https://external-sea1-1.xx.fbcdn.net/safe_image.php?d=AQHHEoI3H-A1XvfL&w=476&h=249&url=https%3A%2F%2Fwww.theglobeandmail.com%2Fresizer%2F4O0n4sQpyMxeIewm7QoL2QIhZxA%3D%2F1200x800%2Ffilters%3Aquality%2880%29%2Fcloudfront-us-east-1.images.arcpublishing.com%2Ftgam%2FG3BIZXPTGFOVTLWKRKS4HLKQ5M.JPG&cfs=1&jq=75&ext=jpg&_nc_oe=6fab5&_nc_sid=06c271&ccb=3-5&_nc_hash=AQHeFtFchOKaD-ZN",
    "images": [
        "https://www.theglobeandmail.com/resizer/4O0n4sQpyMxeIewm7QoL2QIhZxA=/1200x800/filters:quality(80)/cloudfront-us-east-1.images.arcpublishing.com/tgam/G3BIZXPTGFOVTLWKRKS4HLKQ5M.JPG"
    ],
    "images_description": [],
    "images_lowquality": [
        "https://external-sea1-1.xx.fbcdn.net/safe_image.php?d=AQHHEoI3H-A1XvfL&w=476&h=249&url=https%3A%2F%2Fwww.theglobeandmail.com%2Fresizer%2F4O0n4sQpyMxeIewm7QoL2QIhZxA%3D%2F1200x800%2Ffilters%3Aquality%2880%29%2Fcloudfront-us-east-1.images.arcpublishing.com%2Ftgam%2FG3BIZXPTGFOVTLWKRKS4HLKQ5M.JPG&cfs=1&jq=75&ext=jpg&_nc_oe=6fab5&_nc_sid=06c271&ccb=3-5&_nc_hash=AQHeFtFchOKaD-ZN"
    ],
    "images_lowquality_description": [
        null
    ],
    "video": null,
    "video_duration_seconds": null,
    "video_height": null,
    "video_id": null,
    "video_quality": null,
    "video_size_MB": null,
    "video_thumbnail": null,
    "video_watches": null,
    "video_width": null,
    "likes": 53,
    "comments": 10,
    "shares": 2,
    "link": "http://www.theglobeandmail.com/opinion/article-where-does-the-anger-go-now-that-the-trucks-are-gone/?utm_campaign=sophi-pop&utm_medium=post&utm_source=facebook&fbclid=IwAR382RsIEJClLFfcbOWKBlibNrd2KLvM10BupUp3X4i6YGTRaOjjYn8niDk",
    "links": [],
    "user_id": "140961138903",
    "username": "The Globe and Mail",
    "user_url": "https://facebook.com/theglobeandmail/?refid=52",
    "is_live": false,
    "factcheck": null,
    "shared_post_id": null,
    "shared_time": null,
    "shared_user_id": null,
    "shared_username": null,
    "shared_post_url": null,
    "available": true,
    "comments_full": [
        {
            "comment_id": "10159580496143904",
            "comment_url": "https://facebook.com/10159580496143904",
            "commenter_id": "100010296467765",
            "commenter_url": "https://facebook.com/profile.php?id=100010296467765&fref=nf&rc=p&refid=52",
            "commenter_name": "Marilyn Taylor",
            "commenter_meta": null,
            "comment_text": "While many speak of populism in derogatory terms, the fact remains that populism is the belief in the power of the people and their right to have control over their government as opposed to a small group of political insiders or a wealthy elite having all the control. As defined in the dictionary, populism \u201cappeals to ordinary people who feel that their concerns are disregarded by established elite groups.\u201d Populism is the very essence of democracy given that in a democracy, the people rule. It\u2019s the arrogant elitism of out-of-touch political leaders that has caused the populist movement to grow. People worldwide are fighting against leaders who ignore them to do as they please. Populism gains support when the public no longer trust politicians and feel that the government is serving their own interests and not those of the people.",
            "comment_time": "2022-02-24 00:00:00",
            "comment_image": null,
            "comment_reactors": [],
            "comment_reactions": null,
            "comment_reaction_count": null,
            "replies": [
                {
                    "comment_id": "10159581896583904",
                    "comment_url": "https://facebook.com/10159581896583904",
                    "commenter_id": "100003906518109",
                    "commenter_url": "https://facebook.com/jane.addie.79?fref=nf&rc=p",
                    "commenter_name": "Jane Addie",
                    "commenter_meta": null,
                    "comment_text": "Marilyn Taylor You f'ing moron! Ya. I exercise my rights when I f'ing vote or take part in legal government action.....like\nrunning for a political position. Geez. The stupid runs so deep for so few.",
                    "comment_time": "2022-02-25 00:00:00",
                    "comment_image": null,
                    "comment_reactors": [],
                    "comment_reactions": null,
                    "comment_reaction_count": null
                }
            ]
        },
        {
            "comment_id": "10159580068158904",
            "comment_url": "https://facebook.com/10159580068158904",
            "commenter_id": "676875452",
            "commenter_url": "https://facebook.com/todd.keough.7?fref=nf&rc=p&refid=52",
            "commenter_name": "Todd Keough",
            "commenter_meta": null,
            "comment_text": "Excellent news about the public inquiry that will root out who financed, incited and fully supported the insurrectionist\ns. Tick tock CON party of Canada. \ud83d\ude94\ud83d\ude94\ud83d\ude94\ud83d\udc4d",
            "comment_time": "2022-02-24 00:00:00",
            "comment_image": null,
            "comment_reactors": [],
            "comment_reactions": null,
            "comment_reaction_count": null,
            "replies": []
        },
        {
            "comment_id": "10159580012203904",
            "comment_url": "https://facebook.com/10159580012203904",
            "commenter_id": "599655070",
            "commenter_url": "https://facebook.com/chris.babbitt?fref=nf&rc=p&refid=52",
            "commenter_name": "Chris Babbitt",
            "commenter_meta": null,
            "comment_text": "Any time you see the words \"greater good\" it's a propaganda piece against personal rights.",
            "comment_time": "2022-02-24 00:00:00",
            "comment_image": null,
            "comment_reactors": [],
            "comment_reactions": null,
            "comment_reaction_count": null,
            "replies": [
                {
                    "comment_id": "10159580040488904",
                    "comment_url": "https://facebook.com/10159580040488904",
                    "commenter_id": "668033123",
                    "commenter_url": "https://facebook.com/bob.mack1?fref=nf&rc=p",
                    "commenter_name": "Bob Mack",
                    "commenter_meta": "Top fan",
                    "comment_text": "Chris Babbitt Or we could go back to fighting anyone that doesn\u2019t look or talk like us, pray to the same god, living in family groups, and giving allegiance to the guy with the biggest group of freedumb fighters\u2026",
                    "comment_time": "2022-02-24 00:00:00",
                    "comment_image": "https://static.xx.fbcdn.net/rsrc.php/v3/y7/r/4bRBCBmu1Q9.png",
                    "comment_reactors": [],
                    "comment_reactions": null,
                    "comment_reaction_count": null
                },
                {
                    "comment_id": "10159580047898904",
                    "comment_url": "https://facebook.com/10159580047898904",
                    "commenter_id": "599655070",
                    "commenter_url": "https://facebook.com/chris.babbitt?fref=nf&rc=p",
                    "commenter_name": "Chris Babbitt",
                    "commenter_meta": null,
                    "comment_text": "Bob Mack Nope. Just respect others who have different beliefs than you.",
                    "comment_time": "2022-02-24 00:00:00",
                    "comment_image": "https://scontent.xx.fbcdn.net/m1/v/t6/An_UvxJXg9tdnLU3Y5qjPi0200MLilhzPXUgxzGjQzUMaNcmjdZA6anyrngvkdub33NZzZhd51fpCAEzNHFhko5aKRFP5fS1w_lKwYrzcNLupv27.png?ccb=10-5&oh=00_AT9C82irDy7Sn8cI_UEelmRC1FY5K5jw2pfWXlZ8QaKL1g&oe=62246CF9&_nc_sid=55e238",
                    "comment_reactors": [],
                    "comment_reactions": null,
                    "comment_reaction_count": null
                },
                {
                    "comment_id": "10159580050083904",
                    "comment_url": "https://facebook.com/10159580050083904",
                    "commenter_id": "668033123",
                    "commenter_url": "https://facebook.com/bob.mack1?fref=nf&rc=p",
                    "commenter_name": "Bob Mack",
                    "commenter_meta": "Top fan",
                    "comment_text": "Chris Babbitt You\u2019re conflating freedom with autonomy\u2026 functioning societies are based on the former, not the latter\u2026",
                    "comment_time": "2022-02-24 00:00:00",
                    "comment_image": "https://static.xx.fbcdn.net/rsrc.php/v3/y7/r/4bRBCBmu1Q9.png",
                    "comment_reactors": [],
                    "comment_reactions": null,
                    "comment_reaction_count": null
                },
                {
                    "comment_id": "10159580548653904",
                    "comment_url": "https://facebook.com/10159580548653904",
                    "commenter_id": "100009910149811",
                    "commenter_url": "https://facebook.com/profile.php?id=100009910149811&fref=nf&rc=p",
                    "commenter_name": "Kelly Grey",
                    "commenter_meta": null,
                    "comment_text": "Chris Babbitt the charter is a balance between personal freedoms and the greater good of society. That is why the courts have continued to deny challenges to mandates based on charter arguments. There are reams of legal opinion describing this balance.\n\nMost people, for whatever reason, have convinced themselves that charter freedoms are absolute. They are not and never have been.",
                    "comment_time": "2022-02-24 00:00:00",
                    "comment_image": "https://scontent.xx.fbcdn.net/m1/v/t6/An_UvxJXg9tdnLU3Y5qjPi0200MLilhzPXUgxzGjQzUMaNcmjdZA6anyrngvkdub33NZzZhd51fpCAEzNHFhko5aKRFP5fS1w_lKwYrzcNLupv27.png?ccb=10-5&oh=00_AT9C82irDy7Sn8cI_UEelmRC1FY5K5jw2pfWXlZ8QaKL1g&oe=62246CF9&_nc_sid=55e238",
                    "comment_reactors": [],
                    "comment_reactions": null,
                    "comment_reaction_count": null
                },
                {
                    "comment_id": "10159580563523904",
                    "comment_url": "https://facebook.com/10159580563523904",
                    "commenter_id": "100001428319348",
                    "commenter_url": "https://facebook.com/ron.pohl.14?fref=nf&rc=p",
                    "commenter_name": "Ron Pohl",
                    "commenter_meta": null,
                    "comment_text": "Chris Babbitt the SC of Canada rules frequently on matters deemed for 'the greater good.' Somebody complaining on Facebook that knows nothing of Canadian history isn't going to change that.",
                    "comment_time": "2022-02-24 00:00:00",
                    "comment_image": "https://scontent.xx.fbcdn.net/m1/v/t6/An_UvxJXg9tdnLU3Y5qjPi0200MLilhzPXUgxzGjQzUMaNcmjdZA6anyrngvkdub33NZzZhd51fpCAEzNHFhko5aKRFP5fS1w_lKwYrzcNLupv27.png?ccb=10-5&oh=00_AT9C82irDy7Sn8cI_UEelmRC1FY5K5jw2pfWXlZ8QaKL1g&oe=62246CF9&_nc_sid=55e238",
                    "comment_reactors": [],
                    "comment_reactions": null,
                    "comment_reaction_count": null
                },
                {
                    "comment_id": "10159580610513904",
                    "comment_url": "https://facebook.com/10159580610513904",
                    "commenter_id": "599655070",
                    "commenter_url": "https://facebook.com/chris.babbitt?fref=nf&rc=p",
                    "commenter_name": "Chris Babbitt",
                    "commenter_meta": null,
                    "comment_text": "Ron Pohl well this somebody complaining on Facebook that knows nothing of Canadian history thinks that. Can you respect that? Or will those who choose what the greater good is for me sieze my bank account so I won't be able to buy or sell?",
                    "comment_time": "2022-02-24 00:00:00",
                    "comment_image": "https://scontent.xx.fbcdn.net/m1/v/t6/An_F9bJG7govfshSMBkvcRLcxT0jmiXVYKtr7lgH5AHgUrjjpZ1OD0xyxXYgf7arc0lWgCdrR_KN4Mg7RSN3Gm3W6Gg03N1tQ-ZXzVvFJ_KvvB4.png?ccb=10-5&oh=00_AT8ScZKrgCPhmfSgYBZgvnQHv14vvPQpgzOW8DDMFGGodg&oe=62243F67&_nc_sid=55e238",
                    "comment_reactors": [],
                    "comment_reactions": null,
                    "comment_reaction_count": null
                },
                {
                    "comment_id": "10159580626093904",
                    "comment_url": "https://facebook.com/10159580626093904",
                    "commenter_id": "100001428319348",
                    "commenter_url": "https://facebook.com/ron.pohl.14?fref=nf&rc=p",
                    "commenter_name": "Ron Pohl",
                    "commenter_meta": null,
                    "comment_text": "Chris Babbitt did anybody seize your bank account? Today? Yesterday? A week ago, or five years ago??",
                    "comment_time": "2022-02-24 00:00:00",
                    "comment_image": "https://scontent.xx.fbcdn.net/m1/v/t6/An_UvxJXg9tdnLU3Y5qjPi0200MLilhzPXUgxzGjQzUMaNcmjdZA6anyrngvkdub33NZzZhd51fpCAEzNHFhko5aKRFP5fS1w_lKwYrzcNLupv27.png?ccb=10-5&oh=00_AT9C82irDy7Sn8cI_UEelmRC1FY5K5jw2pfWXlZ8QaKL1g&oe=62246CF9&_nc_sid=55e238",
                    "comment_reactors": [],
                    "comment_reactions": null,
                    "comment_reaction_count": null
                },
                {
                    "comment_id": "10159580653728904",
                    "comment_url": "https://facebook.com/10159580653728904",
                    "commenter_id": "599655070",
                    "commenter_url": "https://facebook.com/chris.babbitt?fref=nf&rc=p",
                    "commenter_name": "Chris Babbitt",
                    "commenter_meta": null,
                    "comment_text": "Ron Pohl, No. But many have. I'm worried about the future. Many people donated to the truckers when it was legal and now without any due process had their accounts frozen. Imagine if you like a page/group on Facebook and than suddenly there is a decision based on the greater good to cancel you because of that. What if you make a statement pro or against the coming climate crises mandates, what could happen? Did the SC have anything to do with the Government sizing bank accounts last week?",
                    "comment_time": "2022-02-24 00:00:00",
                    "comment_image": "https://scontent.xx.fbcdn.net/m1/v/t6/An_UvxJXg9tdnLU3Y5qjPi0200MLilhzPXUgxzGjQzUMaNcmjdZA6anyrngvkdub33NZzZhd51fpCAEzNHFhko5aKRFP5fS1w_lKwYrzcNLupv27.png?ccb=10-5&oh=00_AT9C82irDy7Sn8cI_UEelmRC1FY5K5jw2pfWXlZ8QaKL1g&oe=62246CF9&_nc_sid=55e238",
                    "comment_reactors": [],
                    "comment_reactions": null,
                    "comment_reaction_count": null
                },
                {
                    "comment_id": "10159580685108904",
                    "comment_url": "https://facebook.com/10159580685108904",
                    "commenter_id": "100001428319348",
                    "commenter_url": "https://facebook.com/ron.pohl.14?fref=nf&rc=p",
                    "commenter_name": "Ron Pohl",
                    "commenter_meta": null,
                    "comment_text": "'Many' who?? Most EA freezes have already been lifted. IMO a reasonable thing to do until investigations were further along. I assume you are aware that this isn't by miles the only mechanism with which the government can freeze your bank accounts and other assets?",
                    "comment_time": "2022-02-24 00:00:00",
                    "comment_image": "https://scontent.xx.fbcdn.net/m1/v/t6/An_UvxJXg9tdnLU3Y5qjPi0200MLilhzPXUgxzGjQzUMaNcmjdZA6anyrngvkdub33NZzZhd51fpCAEzNHFhko5aKRFP5fS1w_lKwYrzcNLupv27.png?ccb=10-5&oh=00_AT9C82irDy7Sn8cI_UEelmRC1FY5K5jw2pfWXlZ8QaKL1g&oe=62246CF9&_nc_sid=55e238",
                    "comment_reactors": [],
                    "comment_reactions": null,
                    "comment_reaction_count": null
                }
            ]
        },
        {
            "comment_id": "10159580139928904",
            "comment_url": "https://facebook.com/10159580139928904",
            "commenter_id": "612738486",
            "commenter_url": "https://facebook.com/jennifer.palin.3?fref=nf&rc=p&refid=52",
            "commenter_name": "Jennifer Palin",
            "commenter_meta": null,
            "comment_text": "The next election campaign.",
            "comment_time": "2022-02-24 00:00:00",
            "comment_image": null,
            "comment_reactors": [],
            "comment_reactions": null,
            "comment_reaction_count": null,
            "replies": []
        },
        {
            "comment_id": "10159579990898904",
            "comment_url": "https://facebook.com/10159579990898904",
            "commenter_id": "8805173",
            "commenter_url": "https://facebook.com/jameskchou?fref=nf&rc=p&refid=52",
            "commenter_name": "James Chou",
            "commenter_meta": "Top fan",
            "comment_text": "It goes to the ppc which basically guarantees a Liberal win in those ridings",
            "comment_time": "2022-02-24 00:00:00",
            "comment_image": null,
            "comment_reactors": [],
            "comment_reactions": null,
            "comment_reaction_count": null,
            "replies": [
                {
                    "comment_id": "10159580073998904",
                    "comment_url": "https://facebook.com/10159580073998904",
                    "commenter_id": "100042659451628",
                    "commenter_url": "https://facebook.com/bilyaminu.ibrahimshinkakafi?fref=nf&rc=p",
                    "commenter_name": "Randy Walker",
                    "commenter_meta": null,
                    "comment_text": "James Chou A great platform that can make everyone smile, for my first time hearing about making money online, I thought it was all fake but when I try it I realise that is real so I won't keep silent I need everyone to smile like me, i'm here to notify you all that Mr Anderson Bouchard is real and legit, i have made my withdraw from is trading platform without any stress or delay. If you're interested and want to start making amazing figures weekly. Click on the name below and start earning massively on weekly basis. \ud83d\udc49Anderson Bouchard",
                    "comment_time": "2022-02-24 00:00:00",
                    "comment_image": null,
                    "comment_reactors": [],
                    "comment_reactions": null,
                    "comment_reaction_count": null
                },
                {
                    "comment_id": "10159580119693904",
                    "comment_url": "https://facebook.com/10159580119693904",
                    "commenter_id": "100008348410491",
                    "commenter_url": "https://facebook.com/profile.php?id=100008348410491&fref=nf&rc=p",
                    "commenter_name": "Glen Edwards",
                    "commenter_meta": null,
                    "comment_text": "James Chou no the voters who back Trudeau are the ones responsible",
                    "comment_time": "2022-02-24 00:00:00",
                    "comment_image": "https://scontent.xx.fbcdn.net/m1/v/t6/An_UvxJXg9tdnLU3Y5qjPi0200MLilhzPXUgxzGjQzUMaNcmjdZA6anyrngvkdub33NZzZhd51fpCAEzNHFhko5aKRFP5fS1w_lKwYrzcNLupv27.png?ccb=10-5&oh=00_AT9C82irDy7Sn8cI_UEelmRC1FY5K5jw2pfWXlZ8QaKL1g&oe=62246CF9&_nc_sid=55e238",
                    "comment_reactors": [],
                    "comment_reactions": null,
                    "comment_reaction_count": null
                },
                {
                    "comment_id": "10159580129783904",
                    "comment_url": "https://facebook.com/10159580129783904",
                    "commenter_id": "100043257961739",
                    "commenter_url": "https://facebook.com/bonnie.cull.7?fref=nf&rc=p",
                    "commenter_name": "Bonnie Cull",
                    "commenter_meta": null,
                    "comment_text": "Im.voting lib again. The insurrectionist\ncon party belongs on a terrorist watch list #LOCKTHEMUP",
                    "comment_time": "2022-02-24 00:00:00",
                    "comment_image": "https://scontent.xx.fbcdn.net/m1/v/t6/An_UvxJXg9tdnLU3Y5qjPi0200MLilhzPXUgxzGjQzUMaNcmjdZA6anyrngvkdub33NZzZhd51fpCAEzNHFhko5aKRFP5fS1w_lKwYrzcNLupv27.png?ccb=10-5&oh=00_AT9C82irDy7Sn8cI_UEelmRC1FY5K5jw2pfWXlZ8QaKL1g&oe=62246CF9&_nc_sid=55e238",
                    "comment_reactors": [],
                    "comment_reactions": null,
                    "comment_reaction_count": null
                },
                {
                    "comment_id": "10159580132908904",
                    "comment_url": "https://facebook.com/10159580132908904",
                    "commenter_id": "100008348410491",
                    "commenter_url": "https://facebook.com/profile.php?id=100008348410491&fref=nf&rc=p",
                    "commenter_name": "Glen Edwards",
                    "commenter_meta": null,
                    "comment_text": "Bonnie Cull boy your out there where did you see a terrorist in Canada , this wasn\u2019t even close to October crisis !!! You really must love dictator government !!",
                    "comment_time": "2022-02-24 00:00:00",
                    "comment_image": "https://scontent.xx.fbcdn.net/m1/v/t6/An_UvxJXg9tdnLU3Y5qjPi0200MLilhzPXUgxzGjQzUMaNcmjdZA6anyrngvkdub33NZzZhd51fpCAEzNHFhko5aKRFP5fS1w_lKwYrzcNLupv27.png?ccb=10-5&oh=00_AT9C82irDy7Sn8cI_UEelmRC1FY5K5jw2pfWXlZ8QaKL1g&oe=62246CF9&_nc_sid=55e238",
                    "comment_reactors": [],
                    "comment_reactions": null,
                    "comment_reaction_count": null
                },
                {
                    "comment_id": "10159580135103904",
                    "comment_url": "https://facebook.com/10159580135103904",
                    "commenter_id": "100008348410491",
                    "commenter_url": "https://facebook.com/profile.php?id=100008348410491&fref=nf&rc=p",
                    "commenter_name": "Glen Edwards",
                    "commenter_meta": null,
                    "comment_text": "Bonnie Cull watch this it may open your eyes who you back !!! Bye the way it\u2019s CBC https://\nyoutu.be/\nT8FuHuUhNZ0",
                    "comment_time": "2022-02-24 00:00:00",
                    "comment_image": "https://youtu.be/T8FuHuUhNZ0?fbclid=IwAR2PU0oS7k76rS42XCiQ5MqQVHS9ZJykaa2vhOLTwnXDU2dDGFBTkkrS8L8",
                    "comment_reactors": [],
                    "comment_reactions": null,
                    "comment_reaction_count": null
                },
                {
                    "comment_id": "10159580142833904",
                    "comment_url": "https://facebook.com/10159580142833904",
                    "commenter_id": "8805173",
                    "commenter_url": "https://facebook.com/jameskchou?fref=nf&rc=p",
                    "commenter_name": "James Chou",
                    "commenter_meta": "Top fan",
                    "comment_text": "Glen Edwards ppc split Tory votes for the Liberal win",
                    "comment_time": "2022-02-24 00:00:00",
                    "comment_image": "https://static.xx.fbcdn.net/rsrc.php/v3/y7/r/4bRBCBmu1Q9.png",
                    "comment_reactors": [],
                    "comment_reactions": null,
                    "comment_reaction_count": null
                },
                {
                    "comment_id": "10159580145493904",
                    "comment_url": "https://facebook.com/10159580145493904",
                    "commenter_id": "100008348410491",
                    "commenter_url": "https://facebook.com/profile.php?id=100008348410491&fref=nf&rc=p",
                    "commenter_name": "Glen Edwards",
                    "commenter_meta": null,
                    "comment_text": "James Chou not even close only in a few ridings it was close !!",
                    "comment_time": "2022-02-24 00:00:00",
                    "comment_image": "https://scontent.xx.fbcdn.net/m1/v/t6/An_UvxJXg9tdnLU3Y5qjPi0200MLilhzPXUgxzGjQzUMaNcmjdZA6anyrngvkdub33NZzZhd51fpCAEzNHFhko5aKRFP5fS1w_lKwYrzcNLupv27.png?ccb=10-5&oh=00_AT9C82irDy7Sn8cI_UEelmRC1FY5K5jw2pfWXlZ8QaKL1g&oe=62246CF9&_nc_sid=55e238",
                    "comment_reactors": [],
                    "comment_reactions": null,
                    "comment_reaction_count": null
                },
                {
                    "comment_id": "10159580146953904",
                    "comment_url": "https://facebook.com/10159580146953904",
                    "commenter_id": "1833837913",
                    "commenter_url": "https://facebook.com/william.m.brienza?fref=nf&rc=p",
                    "commenter_name": "William Michael Brienza",
                    "commenter_meta": null,
                    "comment_text": "James Chou What are you smoking James?",
                    "comment_time": "2022-02-24 00:00:00",
                    "comment_image": null,
                    "comment_reactors": [],
                    "comment_reactions": null,
                    "comment_reaction_count": null
                },
                {
                    "comment_id": "10159580157158904",
                    "comment_url": "https://facebook.com/10159580157158904",
                    "commenter_id": "100008348410491",
                    "commenter_url": "https://facebook.com/profile.php?id=100008348410491&fref=nf&rc=p",
                    "commenter_name": "Glen Edwards",
                    "commenter_meta": null,
                    "comment_text": "Bonnie Cull I sent you a quick article in your private messages you should read it !!",
                    "comment_time": "2022-02-24 00:00:00",
                    "comment_image": "https://scontent.xx.fbcdn.net/m1/v/t6/An_F9bJG7govfshSMBkvcRLcxT0jmiXVYKtr7lgH5AHgUrjjpZ1OD0xyxXYgf7arc0lWgCdrR_KN4Mg7RSN3Gm3W6Gg03N1tQ-ZXzVvFJ_KvvB4.png?ccb=10-5&oh=00_AT8ScZKrgCPhmfSgYBZgvnQHv14vvPQpgzOW8DDMFGGodg&oe=62243F67&_nc_sid=55e238",
                    "comment_reactors": [],
                    "comment_reactions": null,
                    "comment_reaction_count": null
                },
                {
                    "comment_id": "10159580296938904",
                    "comment_url": "https://facebook.com/10159580296938904",
                    "commenter_id": "100000161332538",
                    "commenter_url": "https://facebook.com/lyn.squires?fref=nf&rc=p",
                    "commenter_name": "Lyn Squires",
                    "commenter_meta": null,
                    "comment_text": "Bonnie Cull Foolish.",
                    "comment_time": "2022-02-24 00:00:00",
                    "comment_image": "https://scontent.xx.fbcdn.net/m1/v/t6/An_UvxJXg9tdnLU3Y5qjPi0200MLilhzPXUgxzGjQzUMaNcmjdZA6anyrngvkdub33NZzZhd51fpCAEzNHFhko5aKRFP5fS1w_lKwYrzcNLupv27.png?ccb=10-5&oh=00_AT9C82irDy7Sn8cI_UEelmRC1FY5K5jw2pfWXlZ8QaKL1g&oe=62246CF9&_nc_sid=55e238",
                    "comment_reactors": [],
                    "comment_reactions": null,
                    "comment_reaction_count": null
                },
                {
                    "comment_id": "10159580589203904",
                    "comment_url": "https://facebook.com/10159580589203904",
                    "commenter_id": "633430887",
                    "commenter_url": "https://facebook.com/Barlingwood?fref=nf&rc=p",
                    "commenter_name": "Alex Bunker",
                    "commenter_meta": null,
                    "comment_text": "James Chou yes! This is the elephant in the room no one talks about, there is very good practical reason Trudeau and the Libs don\u2019t care: this is between con and ppc voters, all the populists vote for these two and p*sing them off only makes it more likely they vote ppc so all the better for them so why should they care?",
                    "comment_time": "2022-02-24 00:00:00",
                    "comment_image": "https://scontent.xx.fbcdn.net/m1/v/t6/An_F9bJG7govfshSMBkvcRLcxT0jmiXVYKtr7lgH5AHgUrjjpZ1OD0xyxXYgf7arc0lWgCdrR_KN4Mg7RSN3Gm3W6Gg03N1tQ-ZXzVvFJ_KvvB4.png?ccb=10-5&oh=00_AT8ScZKrgCPhmfSgYBZgvnQHv14vvPQpgzOW8DDMFGGodg&oe=62243F67&_nc_sid=55e238",
                    "comment_reactors": [],
                    "comment_reactions": null,
                    "comment_reaction_count": null
                }
            ]
        },
        {
            "comment_id": "10159581286853904",
            "comment_url": "https://facebook.com/10159581286853904",
            "commenter_id": "100004600094071",
            "commenter_url": "https://facebook.com/daniel.okeefe.1420?fref=nf&rc=p&refid=52",
            "commenter_name": "Daniel O'Keefe",
            "commenter_meta": null,
            "comment_text": "\ud83d\ude44",
            "comment_time": "2022-02-24 00:00:00",
            "comment_image": null,
            "comment_reactors": [],
            "comment_reactions": null,
            "comment_reaction_count": null,
            "replies": []
        },
        {
            "comment_id": "10159580431363904",
            "comment_url": "https://facebook.com/10159580431363904",
            "commenter_id": "1663977372",
            "commenter_url": "https://facebook.com/massalski?fref=nf&rc=p&refid=52",
            "commenter_name": "Jack Massalski",
            "commenter_meta": null,
            "comment_text": "Restoring the Charter rights immediately is the greater good for all Canadians.",
            "comment_time": "2022-02-24 00:00:00",
            "comment_image": null,
            "comment_reactors": [],
            "comment_reactions": null,
            "comment_reaction_count": null,
            "replies": []
        },
        {
            "comment_id": "10159580080798904",
            "comment_url": "https://facebook.com/10159580080798904",
            "commenter_id": "588708592",
            "commenter_url": "https://facebook.com/bill.ferguson.507?fref=nf&rc=p&refid=52",
            "commenter_name": "Bill Ferguson",
            "commenter_meta": null,
            "comment_text": "Easy-peasy! Let them think provinces are easing Mandates because of them! They refuse to note every province had their First Draft Proposals out in early January .... Let them have a win, it'll make them feel better!",
            "comment_time": "2022-02-24 00:00:00",
            "comment_image": null,
            "comment_reactors": [],
            "comment_reactions": null,
            "comment_reaction_count": null,
            "replies": [
                {
                    "comment_id": "10159581804248904",
                    "comment_url": "https://facebook.com/10159581804248904",
                    "commenter_id": "806355549",
                    "commenter_url": "https://facebook.com/joanne.johnsonmeyers?fref=nf&rc=p",
                    "commenter_name": "Joanne Johnson-Meyers",
                    "commenter_meta": null,
                    "comment_text": "Bill Ferguson well ... I disagree, allowing them to stay there as long as they did , impowered the \" no minds \" within the group. No praise ...",
                    "comment_time": "2022-02-25 00:00:00",
                    "comment_image": null,
                    "comment_reactors": [],
                    "comment_reactions": null,
                    "comment_reaction_count": null
                },
                {
                    "comment_id": "10159581861633904",
                    "comment_url": "https://facebook.com/10159581861633904",
                    "commenter_id": "588708592",
                    "commenter_url": "https://facebook.com/bill.ferguson.507?fref=nf&rc=p",
                    "commenter_name": "Bill Ferguson",
                    "commenter_meta": null,
                    "comment_text": "I think it was a severe underestimation\nby municipal and Provincial governments of how many gullible, scientifically illiterate people who're REALLY bad at activism there are Joanne. The Feds never had formal Scope of Authority until the morning of the 15th - the \"Occupation of Idiocy\" was cleaned up & gone by the evening of the 20th ... that's not horrible I guess.",
                    "comment_time": "2022-02-25 00:00:00",
                    "comment_image": null,
                    "comment_reactors": [],
                    "comment_reactions": null,
                    "comment_reaction_count": null
                },
                {
                    "comment_id": "10159582116453904",
                    "comment_url": "https://facebook.com/10159582116453904",
                    "commenter_id": "100014924973528",
                    "commenter_url": "https://facebook.com/zane.grey.3954?fref=nf&rc=p",
                    "commenter_name": "Zane Grey",
                    "commenter_meta": null,
                    "comment_text": "Bill Ferguson Yes but unfortunately it was January 2020",
                    "comment_time": "2022-02-25 00:00:00",
                    "comment_image": null,
                    "comment_reactors": [],
                    "comment_reactions": null,
                    "comment_reaction_count": null
                }
            ]
        },
        {
            "comment_id": "10159579989448904",
            "comment_url": "https://facebook.com/10159579989448904",
            "commenter_id": "1651160512",
            "commenter_url": "https://facebook.com/rino.delvecchio.5?fref=nf&rc=p&refid=52",
            "commenter_name": "Rino del Vecchio",
            "commenter_meta": null,
            "comment_text": "Trudeau is the best Crime Minister Canada has ever had...",
            "comment_time": "2022-02-24 00:00:00",
            "comment_image": null,
            "comment_reactors": [],
            "comment_reactions": null,
            "comment_reaction_count": null,
            "replies": [
                {
                    "comment_id": "10159580042798904",
                    "comment_url": "https://facebook.com/10159580042798904",
                    "commenter_id": "668033123",
                    "commenter_url": "https://facebook.com/bob.mack1?fref=nf&rc=p",
                    "commenter_name": "Bob Mack",
                    "commenter_meta": "Top fan",
                    "comment_text": "Rino del Vecchio Not accurate, but certainly the most competent of the current options\u2026",
                    "comment_time": "2022-02-24 00:00:00",
                    "comment_image": "https://static.xx.fbcdn.net/rsrc.php/v3/y7/r/4bRBCBmu1Q9.png",
                    "comment_reactors": [],
                    "comment_reactions": null,
                    "comment_reaction_count": null
                },
                {
                    "comment_id": "10159580071013904",
                    "comment_url": "https://facebook.com/10159580071013904",
                    "commenter_id": "504748535",
                    "commenter_url": "https://facebook.com/AaronG33K?fref=nf&rc=p",
                    "commenter_name": "Aaron Taylor",
                    "commenter_meta": null,
                    "comment_text": "Bob Mack a vote for JT is a vote for Klaus Schwab and the NWO",
                    "comment_time": "2022-02-24 00:00:00",
                    "comment_image": "https://scontent.xx.fbcdn.net/m1/v/t6/An_UvxJXg9tdnLU3Y5qjPi0200MLilhzPXUgxzGjQzUMaNcmjdZA6anyrngvkdub33NZzZhd51fpCAEzNHFhko5aKRFP5fS1w_lKwYrzcNLupv27.png?ccb=10-5&oh=00_AT9C82irDy7Sn8cI_UEelmRC1FY5K5jw2pfWXlZ8QaKL1g&oe=62246CF9&_nc_sid=55e238",
                    "comment_reactors": [],
                    "comment_reactions": null,
                    "comment_reaction_count": null
                },
                {
                    "comment_id": "10159580072063904",
                    "comment_url": "https://facebook.com/10159580072063904",
                    "commenter_id": "504748535",
                    "commenter_url": "https://facebook.com/AaronG33K?fref=nf&rc=p",
                    "commenter_name": "Aaron Taylor",
                    "commenter_meta": null,
                    "comment_text": "Bob Mack lets be honest, it doesn't matter which way you vote, they're still going to funnel your tax dollars out of the system ;)",
                    "comment_time": "2022-02-24 00:00:00",
                    "comment_image": "https://scontent.xx.fbcdn.net/m1/v/t6/An_UvxJXg9tdnLU3Y5qjPi0200MLilhzPXUgxzGjQzUMaNcmjdZA6anyrngvkdub33NZzZhd51fpCAEzNHFhko5aKRFP5fS1w_lKwYrzcNLupv27.png?ccb=10-5&oh=00_AT9C82irDy7Sn8cI_UEelmRC1FY5K5jw2pfWXlZ8QaKL1g&oe=62246CF9&_nc_sid=55e238",
                    "comment_reactors": [],
                    "comment_reactions": null,
                    "comment_reaction_count": null
                },
                {
                    "comment_id": "10159580130123904",
                    "comment_url": "https://facebook.com/10159580130123904",
                    "commenter_id": "100043257961739",
                    "commenter_url": "https://facebook.com/bonnie.cull.7?fref=nf&rc=p",
                    "commenter_name": "Bonnie Cull",
                    "commenter_meta": null,
                    "comment_text": "Lich gave us the best gift of all. The end of the insurrectionist\ncon party in Canada baha #LockThemUp",
                    "comment_time": "2022-02-24 00:00:00",
                    "comment_image": "https://scontent.xx.fbcdn.net/m1/v/t6/An_UvxJXg9tdnLU3Y5qjPi0200MLilhzPXUgxzGjQzUMaNcmjdZA6anyrngvkdub33NZzZhd51fpCAEzNHFhko5aKRFP5fS1w_lKwYrzcNLupv27.png?ccb=10-5&oh=00_AT9C82irDy7Sn8cI_UEelmRC1FY5K5jw2pfWXlZ8QaKL1g&oe=62246CF9&_nc_sid=55e238",
                    "comment_reactors": [],
                    "comment_reactions": null,
                    "comment_reaction_count": null
                },
                {
                    "comment_id": "10159580137578904",
                    "comment_url": "https://facebook.com/10159580137578904",
                    "commenter_id": "668033123",
                    "commenter_url": "https://facebook.com/bob.mack1?fref=nf&rc=p",
                    "commenter_name": "Bob Mack",
                    "commenter_meta": "Top fan",
                    "comment_text": "Aaron Taylor Taxes and death are inevitable\u2026 the question is, who benefits.",
                    "comment_time": "2022-02-24 00:00:00",
                    "comment_image": "https://static.xx.fbcdn.net/rsrc.php/v3/y7/r/4bRBCBmu1Q9.png",
                    "comment_reactors": [],
                    "comment_reactions": null,
                    "comment_reaction_count": null
                },
                {
                    "comment_id": "10159580157163904",
                    "comment_url": "https://facebook.com/10159580157163904",
                    "commenter_id": "504748535",
                    "commenter_url": "https://facebook.com/AaronG33K?fref=nf&rc=p",
                    "commenter_name": "Aaron Taylor",
                    "commenter_meta": null,
                    "comment_text": "Bonnie Cull this happens to the Cons every 10 years or so, Cons have never been able to agree on social policy and tend to flop back and forth between ultra progressive and ultra conservative party leaders.\n\nBtw, you laughed at my Klaus Schwab comment. I don't side with any partisan politics or a left or right allegiance, I'm just a person who reads a lot. You do realize you can buy his book on Amazon yeah? It's not just some crazy conspiracy theory.\n\nhttps://\nwww.amazon.ca/\nCOVID-19-Great-R\neset-Klaus-Schw\nab/dp/\n2940631123",
                    "comment_time": "2022-02-24 00:00:00",
                    "comment_image": "https://www.amazon.ca/COVID-19-Great-Reset-Klaus-Schwab/dp/2940631123?fbclid=IwAR0EaibVaZErDNZfLzWfsFYadMCRIY6znStKXxmfg5I3MnI0LxjTxvyoDHk",
                    "comment_reactors": [],
                    "comment_reactions": null,
                    "comment_reaction_count": null
                },
                {
                    "comment_id": "10159580235983904",
                    "comment_url": "https://facebook.com/10159580235983904",
                    "commenter_id": "100043257961739",
                    "commenter_url": "https://facebook.com/bonnie.cull.7?fref=nf&rc=p",
                    "commenter_name": "Bonnie Cull",
                    "commenter_meta": null,
                    "comment_text": "Aaron Taylor fake news Trumper",
                    "comment_time": "2022-02-24 00:00:00",
                    "comment_image": "https://scontent.xx.fbcdn.net/m1/v/t6/An_F9bJG7govfshSMBkvcRLcxT0jmiXVYKtr7lgH5AHgUrjjpZ1OD0xyxXYgf7arc0lWgCdrR_KN4Mg7RSN3Gm3W6Gg03N1tQ-ZXzVvFJ_KvvB4.png?ccb=10-5&oh=00_AT8ScZKrgCPhmfSgYBZgvnQHv14vvPQpgzOW8DDMFGGodg&oe=62243F67&_nc_sid=55e238",
                    "comment_reactors": [],
                    "comment_reactions": null,
                    "comment_reaction_count": null
                },
                {
                    "comment_id": "10159580236213904",
                    "comment_url": "https://facebook.com/10159580236213904",
                    "commenter_id": "504748535",
                    "commenter_url": "https://facebook.com/AaronG33K?fref=nf&rc=p",
                    "commenter_name": "Aaron Taylor",
                    "commenter_meta": null,
                    "comment_text": "Bonnie Cull the book that you can literally buy on Amazon is fake news?",
                    "comment_time": "2022-02-24 00:00:00",
                    "comment_image": null,
                    "comment_reactors": [],
                    "comment_reactions": null,
                    "comment_reaction_count": null
                },
                {
                    "comment_id": "10159580236553904",
                    "comment_url": "https://facebook.com/10159580236553904",
                    "commenter_id": "504748535",
                    "commenter_url": "https://facebook.com/AaronG33K?fref=nf&rc=p",
                    "commenter_name": "Aaron Taylor",
                    "commenter_meta": null,
                    "comment_text": "Bonnie Cull not sure why you would result in name calling - do you not have anything educated to say?",
                    "comment_time": "2022-02-24 00:00:00",
                    "comment_image": "https://scontent.xx.fbcdn.net/m1/v/t6/An_UvxJXg9tdnLU3Y5qjPi0200MLilhzPXUgxzGjQzUMaNcmjdZA6anyrngvkdub33NZzZhd51fpCAEzNHFhko5aKRFP5fS1w_lKwYrzcNLupv27.png?ccb=10-5&oh=00_AT9C82irDy7Sn8cI_UEelmRC1FY5K5jw2pfWXlZ8QaKL1g&oe=62246CF9&_nc_sid=55e238",
                    "comment_reactors": [],
                    "comment_reactions": null,
                    "comment_reaction_count": null
                },
                {
                    "comment_id": "10159580237523904",
                    "comment_url": "https://facebook.com/10159580237523904",
                    "commenter_id": "100043257961739",
                    "commenter_url": "https://facebook.com/bonnie.cull.7?fref=nf&rc=p",
                    "commenter_name": "Bonnie Cull",
                    "commenter_meta": null,
                    "comment_text": "Aaron Taylor not to Trumpers who falls for fake news lol that book is FICTION. DERP",
                    "comment_time": "2022-02-24 00:00:00",
                    "comment_image": "https://scontent.xx.fbcdn.net/m1/v/t6/An_F9bJG7govfshSMBkvcRLcxT0jmiXVYKtr7lgH5AHgUrjjpZ1OD0xyxXYgf7arc0lWgCdrR_KN4Mg7RSN3Gm3W6Gg03N1tQ-ZXzVvFJ_KvvB4.png?ccb=10-5&oh=00_AT8ScZKrgCPhmfSgYBZgvnQHv14vvPQpgzOW8DDMFGGodg&oe=62243F67&_nc_sid=55e238",
                    "comment_reactors": [],
                    "comment_reactions": null,
                    "comment_reaction_count": null
                },
                {
                    "comment_id": "10159580240908904",
                    "comment_url": "https://facebook.com/10159580240908904",
                    "commenter_id": "504748535",
                    "commenter_url": "https://facebook.com/AaronG33K?fref=nf&rc=p",
                    "commenter_name": "Aaron Taylor",
                    "commenter_meta": null,
                    "comment_text": "Bonnie Cull and your argument for calling it fiction is?",
                    "comment_time": "2022-02-24 00:00:00",
                    "comment_image": null,
                    "comment_reactors": [],
                    "comment_reactions": null,
                    "comment_reaction_count": null
                },
                {
                    "comment_id": "10159580242283904",
                    "comment_url": "https://facebook.com/10159580242283904",
                    "commenter_id": "504748535",
                    "commenter_url": "https://facebook.com/AaronG33K?fref=nf&rc=p",
                    "commenter_name": "Aaron Taylor",
                    "commenter_meta": null,
                    "comment_text": "Bonnie Cull you should check out a movie called \"Don't look up\"",
                    "comment_time": "2022-02-24 00:00:00",
                    "comment_image": "https://scontent.xx.fbcdn.net/m1/v/t6/An_UvxJXg9tdnLU3Y5qjPi0200MLilhzPXUgxzGjQzUMaNcmjdZA6anyrngvkdub33NZzZhd51fpCAEzNHFhko5aKRFP5fS1w_lKwYrzcNLupv27.png?ccb=10-5&oh=00_AT9C82irDy7Sn8cI_UEelmRC1FY5K5jw2pfWXlZ8QaKL1g&oe=62246CF9&_nc_sid=55e238",
                    "comment_reactors": [],
                    "comment_reactions": null,
                    "comment_reaction_count": null
                },
                {
                    "comment_id": "10159580243103904",
                    "comment_url": "https://facebook.com/10159580243103904",
                    "commenter_id": "504748535",
                    "commenter_url": "https://facebook.com/AaronG33K?fref=nf&rc=p",
                    "commenter_name": "Aaron Taylor",
                    "commenter_meta": null,
                    "comment_text": "Bonnie Cull I feel like even if JT admitted directly to your face that he was part of the World Economic Forum, you would still find a way to call it fake news.",
                    "comment_time": "2022-02-24 00:00:00",
                    "comment_image": "https://scontent.xx.fbcdn.net/m1/v/t6/An_UvxJXg9tdnLU3Y5qjPi0200MLilhzPXUgxzGjQzUMaNcmjdZA6anyrngvkdub33NZzZhd51fpCAEzNHFhko5aKRFP5fS1w_lKwYrzcNLupv27.png?ccb=10-5&oh=00_AT9C82irDy7Sn8cI_UEelmRC1FY5K5jw2pfWXlZ8QaKL1g&oe=62246CF9&_nc_sid=55e238",
                    "comment_reactors": [],
                    "comment_reactions": null,
                    "comment_reaction_count": null
                },
                {
                    "comment_id": "10159580243138904",
                    "comment_url": "https://facebook.com/10159580243138904",
                    "commenter_id": "100043257961739",
                    "commenter_url": "https://facebook.com/bonnie.cull.7?fref=nf&rc=p",
                    "commenter_name": "Bonnie Cull",
                    "commenter_meta": null,
                    "comment_text": "Aaron Taylor saw it",
                    "comment_time": "2022-02-24 00:00:00",
                    "comment_image": null,
                    "comment_reactors": [],
                    "comment_reactions": null,
                    "comment_reaction_count": null
                },
                {
                    "comment_id": "10159580249538904",
                    "comment_url": "https://facebook.com/10159580249538904",
                    "commenter_id": "504748535",
                    "commenter_url": "https://facebook.com/AaronG33K?fref=nf&rc=p",
                    "commenter_name": "Aaron Taylor",
                    "commenter_meta": null,
                    "comment_text": "Bonnie Cull all you've done is buy into the hate and divide your oligarch masters are selling you. You've deleted 40 \"ex friends\" eh... they'll all be there for you with love and support and open arms when your'e done being an SJW for the Liberals. I can see you are deeply troubled and filled with hate, if you ever need somebody to talk to, feel free to message me <3",
                    "comment_time": "2022-02-24 00:00:00",
                    "comment_image": "https://scontent.xx.fbcdn.net/m1/v/t6/An-SJYN61eefFdoaV8pa0G_5_APCa0prZaqkZGXpCFeUCLCg89UPOqSkSZxJkLy0hAKKpUIPEB91mo9yBBfcAqcwmpEu5jN_jmJufFtJoVJCUklu.png?ccb=10-5&oh=00_AT-HD_fAz1FOkFJ77AGea0mU96-fTFoUboA_JCHdWzyUDQ&oe=6223C91F&_nc_sid=55e238",
                    "comment_reactors": [],
                    "comment_reactions": null,
                    "comment_reaction_count": null
                },
                {
                    "comment_id": "10159580332398904",
                    "comment_url": "https://facebook.com/10159580332398904",
                    "commenter_id": "100043257961739",
                    "commenter_url": "https://facebook.com/bonnie.cull.7?fref=nf&rc=p",
                    "commenter_name": "Bonnie Cull",
                    "commenter_meta": null,
                    "comment_text": "Another coward who deleted his comments lol",
                    "comment_time": "2022-02-24 00:00:00",
                    "comment_image": "https://scontent.xx.fbcdn.net/m1/v/t6/An_F9bJG7govfshSMBkvcRLcxT0jmiXVYKtr7lgH5AHgUrjjpZ1OD0xyxXYgf7arc0lWgCdrR_KN4Mg7RSN3Gm3W6Gg03N1tQ-ZXzVvFJ_KvvB4.png?ccb=10-5&oh=00_AT8ScZKrgCPhmfSgYBZgvnQHv14vvPQpgzOW8DDMFGGodg&oe=62243F67&_nc_sid=55e238",
                    "comment_reactors": [],
                    "comment_reactions": null,
                    "comment_reaction_count": null
                },
                {
                    "comment_id": "10159582027608904",
                    "comment_url": "https://facebook.com/10159582027608904",
                    "commenter_id": "742580796",
                    "commenter_url": "https://facebook.com/patrick.rose.58323?fref=nf&rc=p",
                    "commenter_name": "Paderick Rose",
                    "commenter_meta": null,
                    "comment_text": "Rino del Vecchio wow so original",
                    "comment_time": "2022-02-25 00:00:00",
                    "comment_image": null,
                    "comment_reactors": [],
                    "comment_reactions": null,
                    "comment_reaction_count": null
                }
            ]
        },
        {
            "comment_id": "10159580013108904",
            "comment_url": "https://facebook.com/10159580013108904",
            "commenter_id": "553711319",
            "commenter_url": "https://facebook.com/gary.desjardins.3?fref=nf&rc=p&refid=52",
            "commenter_name": "Gary Desjardins",
            "commenter_meta": null,
            "comment_text": "populism is the greater good.",
            "comment_time": "2022-02-24 00:00:00",
            "comment_image": null,
            "comment_reactors": [],
            "comment_reactions": null,
            "comment_reaction_count": null,
            "replies": [
                {
                    "comment_id": "10159580030413904",
                    "comment_url": "https://facebook.com/10159580030413904",
                    "commenter_id": "100002891938194",
                    "commenter_url": "https://facebook.com/louise.michelle.71?fref=nf&rc=p",
                    "commenter_name": "Louise Michelle",
                    "commenter_meta": null,
                    "comment_text": "Gary Desjardins so now can we stop saying that loving your country equals being a gasp nationalist and bad",
                    "comment_time": "2022-02-24 00:00:00",
                    "comment_image": "https://scontent.xx.fbcdn.net/m1/v/t6/An_UvxJXg9tdnLU3Y5qjPi0200MLilhzPXUgxzGjQzUMaNcmjdZA6anyrngvkdub33NZzZhd51fpCAEzNHFhko5aKRFP5fS1w_lKwYrzcNLupv27.png?ccb=10-5&oh=00_AT9C82irDy7Sn8cI_UEelmRC1FY5K5jw2pfWXlZ8QaKL1g&oe=62246CF9&_nc_sid=55e238",
                    "comment_reactors": [],
                    "comment_reactions": null,
                    "comment_reaction_count": null
                }
            ]
        }
    ],
    "reactors": null,
    "w3_fb_url": null,
    "reactions": null,
    "reaction_count": null,
    "with": null,
    "page_id": "140961138903",
    "sharers": null,
    "image_id": null,
    "image_ids": [],
    "was_live": false
}