﻿comment|username|datetime|isreply|num_replies|comment_ids|post_id|label
Were those at the railway blockades trying to overthrow the government? |Delores1953|2022-02-18 13:18:10.522|1|4|cc3bf06d-3a9f-4331-80c7-cb0bbe2f9daf|article-if-covid-19-didnt-clear-the-bar-for-the-emergencies-act-does-this.json|globemail
"Too bad the debate has shifted away from the real issue. If the government had been open to a ""reasonable debate"" about lifting what are increasingly unnecessary and intrusive regulations around Covid all of this could have been avoided. "|dcarletons|2022-02-18 13:35:23.908|0|3|fa928f3b-7758-49f2-8f03-8ffc67f7483f|article-if-covid-19-didnt-clear-the-bar-for-the-emergencies-act-does-this.json|globemail
Name an example when something like this has happened.   They keep saying this is unprecedented for a reason.  And normally the way they break up illegal protests is with pretty forceful measures like using tear gas, etc to disperse a crowd. There are not normally big machines and children involved in occupations. Using the typical means to disperse crowds cannot be used in this case. |Lisa Weber|2022-02-18 13:03:08.672|1|3|ef9c53a9-2a3e-4639-a80c-8ea3c6a60d40|article-if-covid-19-didnt-clear-the-bar-for-the-emergencies-act-does-this.json|globemail
Normally I am a great supporter of the police, but the violent incidents being reported in Ottawa cause great concern.  No matter how it’s spun at the end of the day, a majority of these protesters merely didn’t want to take a vaccine, parked illegally, honked their horns and disobeyed Trudeau. They didn’t cause violence. So why the heavy hand in their mission to win back the city? That’s the question Ottawa Police, the Prime Minister, Premier Doug Ford and Ottawa Mayor Jim Watson need to answer.|Laforeg001|2022-02-19 16:00:38.380|0|3|92083fe6-3270-4b0c-a05c-7c96a84d2349|article-if-covid-19-didnt-clear-the-bar-for-the-emergencies-act-does-this.json|globemail
Without the emergencies act, the municipal and provincial powers have yet to clear the occupation in three weeks. We have an illegal occupation of a city and an attack on a democratically elected government. The definition of insanity is doing the same thing and expecting different results. If this isn't the time to declare an emergency, I don't know what would be.|thechard|2022-02-18 11:58:52.662|0|2|ebb817d6-4e9a-45b9-a466-43a28da3cf50|article-if-covid-19-didnt-clear-the-bar-for-the-emergencies-act-does-this.json|globemail
What? And support Bergen who welcomed those dudes in Ottawa? There’s a problem when O’Toole who seemed sensible got nuked by his caucus. It appears that when the next election comes around I will have to pinch my nose trying to avoid the stinkiest. I predict that Trudeau will not run again and the Liberals will win again. If Trudeau stays we might even see a coalition government led by the NDP.|Powder pig 13|2022-02-19 15:58:35.036|1|2|7289733d-d337-4e5c-81da-0d5db69608c2|article-if-covid-19-didnt-clear-the-bar-for-the-emergencies-act-does-this.json|globemail
Way too funny and even more scary. The question you might need to ask is if anyone agrees with the race to hard left socialism? The check marks eerily similar to many of the failed regimes from years gone past. There is no consistency to any of this. Government cannot squash gun crime but look to squash nana for handing out coffee? Maybe the low hanging fruit is the easy way. ..if you can be scared in submission for any reason they you have lost the war.   “If you fight with all your might, there is a chance of life; where as death is certain if you cling to your corner.”…Sun Tzu |minethatbird|2022-02-18 14:15:23.908|0|2|c4f0ed9f-5760-4142-b1a1-4264c977e156|article-if-covid-19-didnt-clear-the-bar-for-the-emergencies-act-does-this.json|globemail
Good to have the emergencies act, it is needed for the violent protests occurring in BC right now at the Coastal Gaslink site.  https://nationalpost.com/news/local-news/coastal-gaslink-site-attacked-overnight-with-millions-in-damage-to-equipment/wcm/146aca3f-2ebd-41b6-97f9-95aaf2a6dbde |Paolotc|2022-02-18 12:33:44.536|0|2|a9bb424b-45d3-4832-acee-221a2f21c693|article-if-covid-19-didnt-clear-the-bar-for-the-emergencies-act-does-this.json|globemail
The message in the article would have been strengthened by mentioning the debilitating railway blockades of trains and the lengthy refusal of Team Trudeau to do anything at all back then, let alone invoke the Emergencies Act. Indeed the hesitancy and words of Team Trudeau led many Canadians to infer that he viewed an air of respectability upon those railway activists, that the actions of those railway activists was somehow justified. That is a troubling aspect upon which the above editorial is strangely silent: The government's picking and choosing of which activist causes shall receive a large pack of police attack dogs at their throats and which activist causes shall receive nice boxed lunches, figuratively speaking, |Doctor Demento|2022-02-18 12:09:28.588|0|2|599a1a27-50f1-444e-a885-beec42f464dc|article-if-covid-19-didnt-clear-the-bar-for-the-emergencies-act-does-this.json|globemail
"To get the police to do their jobs? Huh? So why do you suppose the Emergencies Act was not declared back when the railway train blockades were happening? Kind of hard to separate away the concept of ""there's some politics going on here"" whenever a non-uniform application of any policy happens."|Doctor Demento|2022-02-18 12:28:34.160|1|2|2f573059-7274-485f-8b12-98e14b649d0a|article-if-covid-19-didnt-clear-the-bar-for-the-emergencies-act-does-this.json|globemail
our laws are designed to deter illegal activity.  We have a network of provincial laws and criminal laws designed to compel compliance.  What we never contemplated was that enormous financial support, much of that foreign, would neutralize the deterrence of our legal system which is comprised of fines.  The truckers were being paid to continue the blockade--the laws were of no effect because there were no consequences for breaking them.  The Emergencies Act provided the means to cancel out the financing behind the law breaking activity.  It restored the deterrent value of the fines and other measures.  If it encourages some of the truckers to move along, it may well prevent bloodshed--we simply don't know how this will unfold.  On top of that, there is concern that the militants in Coutts may have associates in Ottawa too.  There may be other reasons justifying the Emergency Act powers that have not been revealed and may never be revealed.|Fred8888|2022-02-18 12:42:59.117|0|2|ef276bae-1d76-447a-beda-0385346ae377|article-if-covid-19-didnt-clear-the-bar-for-the-emergencies-act-does-this.json|globemail
Several Premiers in Canada did not think the Emergency Act was required now.    The borders are open, the Police are managing any protests that continue. If the people in charge in Ottawa had done their job, this event could have been controlled in Ottawa also.  The Act is extreme over-reach with a vindictive, mean, undertone.  Freezing bank accounts without due process is not very Canadian.|Redwineisfine|2022-02-18 15:35:17.696|0|2|242f5d1c-6247-4d2a-af50-ae346f47fcc6|article-if-covid-19-didnt-clear-the-bar-for-the-emergencies-act-does-this.json|globemail
"""Without the Emergencies Act the police would not have the power to set up a perimeter around the blockade restricting protesters from entering the area.""  Huh? Police routinely do this kind of thing all the time, from situations where a movie company is filming a movie scene on a city street to when a Prime Minister or a prominent foreign dignitary makes a visit to a Canadian neighbourhood.    "|Doctor Demento|2022-02-18 12:42:34.221|1|2|8857ba45-93d0-45be-9e18-2c38eab9ecd3|article-if-covid-19-didnt-clear-the-bar-for-the-emergencies-act-does-this.json|globemail
So Team Peterbilt has been encamped in Ottawa for a few weeks now.  Authorities (local? provincial? federal?) haven't managed to clear the streets and end the protest, much to the dismay of many Ottawa residents.  The feds have therefore invoked the Emergencies Act to access more 'tools'. For instance, authorities are now freezing bank accounts.  And the Emergencies Act is emphatically not as broad or sweeping as the War Measures Act. As the author rightly points out:  The government has the unilateral power to trigger the law, but Parliament can revoke that decision, or limit any measures and powers derived from it. In other words, it is now in the hands of Parliament to ensure the government is not using an indiscriminate sledgehammer.  Added bonus: Trudeau has a minority, making it far easier for Parliament to ensure the government isn't wielding a 'sledgehammer'. Singh has clearly stated he'll pull his support, if necessary.  A further added bonus: unlike the WMA, the Emergencies Act must abide by the Charter.  As for setting a 'precedent', those can be both good or bad. If this gets messier, maybe it'll be less likely for governments to invoke it in future.   |crobert|2022-02-18 12:32:59.460|0|2|e7ec2b06-768c-4fe2-8b05-c5693f60574c|article-if-covid-19-didnt-clear-the-bar-for-the-emergencies-act-does-this.json|globemail
Without the Emergencies Act the police would not have the power to set up a perimeter around the blockade restricting protesters from entering the area.   We cannot under normal circumstances restrict Canadians from legally protesting and in effect that means we have no legal means to restrict people from joining an illegal protest until they actually engage in illegal activity.   It is a bit of a catch 22 that renders the police pretty powerless to stop things like the massive lawless parties that cripple downtown businesses from safely opening and make residents prisoners in their homes and subject to such misery.   So the Emergencies Act has already proven itself to be needed otherwise this weekend would have looked just like the last three and there would be nothing police could do to stop people either from bringing in innocent children and puppy dogs to use as human shields to prevent police action.   This occupation was staged with the support of former police officers who know exactly what to do to foil any police actions that would normally be used. So something more needed to be done.   |Lisa Weber|2022-02-18 12:38:14.276|0|2|254f5324-e31e-4a0a-b137-8c3e84b48fbe|article-if-covid-19-didnt-clear-the-bar-for-the-emergencies-act-does-this.json|globemail
Here's a question or two. Many of these people are being arrested based on being in an illegal place according to the Emergency Act. If the Emergency Act is not approved in the House of Commons, do these charges get dropped? Can these police officers be sued for false imprisonment if this Emergency Act does not get passed?|TimBee100.|2022-02-19 17:21:48.818|0|2|ff0e0bab-3d7d-4727-9fab-14a42f2d3417|article-if-covid-19-didnt-clear-the-bar-for-the-emergencies-act-does-this.json|globemail
Have to agree with you that all Management, bureaucrats ( esp. the Libs, but Ford was weak as well ) decision  making was poor - and more heads should roll. BUT, no matter how it's spun, at the end of the day, the majority of downtown Ottawa was being held hostage, their safety, their businesses, their employment  and their freedom to move was taken away. Democracy was being challenged for all Canadians.|Concerned citizen1962|2022-02-20 19:18:12.023|1|1|ca383598-0781-4db3-9eab-29df235f235c|article-if-covid-19-didnt-clear-the-bar-for-the-emergencies-act-does-this.json|globemail
"It is hard to overstate the impact that COVID-19 has had on Canada.""  Yawn. My eyes (and perhaps the eyes of other readers) would widen more than a bit if that opening statement reflected the more accurate state of affairs. Thusly:   ""It is hard to overstate the impact that prov. govts and the fed. govt. allowed COVID-19 to have on Canada.""  From various prov. govts.' lapses in LTC and faulty injection rollouts, to the fed's over-purchase* of limited-efficacy injections and ""easy-money"" assistance packagers to over-the-top travellers restrictions and targeted mandates, you'd be forgiven for forgetting that this virus, at its worse, had a mortality rate of just 2%.   Craziness. "|Rich Mole|2022-02-18 20:28:21.501|0|1|7cc09826-cfb8-44f0-bcfa-673a0be955d0|article-if-covid-19-didnt-clear-the-bar-for-the-emergencies-act-does-this.json|globemail
This is simply not true.  This same measure have been applied before, for high security events.  As for barring people before they even arrive on scene, see the 2006 conflict in Caledonia.   Also eco protests in BC. |DollyParker|2022-02-18 14:09:27.763|1|1|4a5f532f-0a91-4175-a7d0-eca016923f50|article-if-covid-19-didnt-clear-the-bar-for-the-emergencies-act-does-this.json|globemail
Trudeau has manipulated the Emergencies Act for political posturing.    His purpose is to cast all Canadians who disagree with his views as terrorists of the state.  Especially if they share conservative or populist views.    These are the actions of a maniacal dictator. The parallels with certain historical figures is cause for concern.  |Bryan1031|2022-02-19 12:18:37.697|0|1|a94cfc3d-fa39-4f58-919a-e819a0eeb776|article-if-covid-19-didnt-clear-the-bar-for-the-emergencies-act-does-this.json|globemail
Let me be a bit more clear about the nonsense of your comment comparing protests to crowd and traffic control for events.  There is a world of difference between rerouting traffic for events to allow for the safe and controlled movement fo crowds and telling people they cannot attend a protest. When permits are granted for events, the police can set up barriers and checkpoints to ensure public safety and free movement around events.  We cannot legally, under normal circumstances, prevent people from protesting. Period.   The Emergencies Act actually gives police the power to tell people they cannot protest. And that is needed in this case to stop the swell of crowds that prevent the police from ending the blockade.|Lisa Weber|2022-02-18 14:09:02.279|1|1|bddb5873-be75-49e6-98d8-d63de9cfada2|article-if-covid-19-didnt-clear-the-bar-for-the-emergencies-act-does-this.json|globemail
I will take the word of Police experts who have been commenting on the news that these measures are needed and helpful. Thank you.  |Lisa Weber|2022-02-18 15:18:41.131|1|1|847986d3-74bc-4f64-892a-8e5f8bd880ca|article-if-covid-19-didnt-clear-the-bar-for-the-emergencies-act-does-this.json|globemail
Anyone left in this country that still supports the execrable Trudeau?  Stand up so your neighbours can see you!|Whizzdom|2022-02-19 15:38:00.830|0|1|3a636843-318b-4af5-9ec8-8d75affc7c3d|article-if-covid-19-didnt-clear-the-bar-for-the-emergencies-act-does-this.json|globemail
But the municipality and province already had all the authority they needed. Basic fact that you ignore. The Emergencies Act is political theatre to salvage Trudeau's failing leadership. It is also gross over-reach and a terrible precedent. I demand the Act now be applied to climate terrorists, like the ones who violently attached the Coastal Link pipeline last night. See how that works?|Mom'sMoney|2022-02-18 12:04:26.424|1|1|7f503f1e-5305-474b-9577-812bffe70b52|article-if-covid-19-didnt-clear-the-bar-for-the-emergencies-act-does-this.json|globemail
All the debate about the Emergencies Act makes the dim ray of hope that residents of Ottawa have, that this nightmare might come to an end, become dimmer and dimmer. Apparently, people can occupy, pollute, attack (as long as it isn't with guns or knives), harass, a neighbourhood, and that is their right. Residents, apparently, have no rights.|Histteach|2022-02-18 13:15:13.427|0|1|8334ad4c-12d3-4fe0-8f0b-74ecf7d09e50|article-if-covid-19-didnt-clear-the-bar-for-the-emergencies-act-does-this.json|globemail
the Ottawa police chief stated without the Emergencies Act he couldn't imagine clearing the streets of Ottawa.  From the video I have watched I agree with his assessment!|G_Bain|2022-02-19 15:25:41.075|0|1|14abbdce-ba10-4eeb-b1c3-51c1a92aa25f|article-if-covid-19-didnt-clear-the-bar-for-the-emergencies-act-does-this.json|globemail
the restrictions are all temporary and reviewed on a daily basis by the authorities that imposed them.  This is the most infuriating thing.  Restrictions were being lifted before Omicron hit us.  Omicron is now burning itself out.  All the protesters had to do was wait.  We're almost through this.|Fred8888|2022-02-18 14:32:28.726|1|1|8452c4f5-d093-497e-836b-194b8f2727e8|article-if-covid-19-didnt-clear-the-bar-for-the-emergencies-act-does-this.json|globemail
"The Emergencies Act is in existence for a reason, to ensure acts of sedition and violence (passive or active) can be put down by force if necessary. This so called Editorial Board is clearly not from Ottawa. Ask the folks from Ottawa how they feel, as they've had to take matters into their own hands to stop the encampments from growing. This 3 week + occupation is set up and supported by command and control centers ran by ex-military extremists that want to over throw a duly elected Government of Canada.  Wake up ""Editorial Board"" and give your head a shake! Canadians want order restored and mechanisms put in place to ensure this nonsense never happens again! Thank God for the Emergencies Act!  Peter, Barrie On"|Peter McArthur69|2022-02-18 13:49:25.788|0|1|13a07b7a-c194-4ed2-92dd-c29c4349d8c5|article-if-covid-19-didnt-clear-the-bar-for-the-emergencies-act-does-this.json|globemail
People threatened, officers attacked, serious damage....Naah  But bouncy castles and dancing?|Reality czech|2022-02-18 14:22:25.841|1|1|4acc1420-8282-4e90-b027-ada09a5b2a6b|article-if-covid-19-didnt-clear-the-bar-for-the-emergencies-act-does-this.json|globemail
When the border protests dissolved, any remaining justification for imposing the Emergencies Act dissolved along with it.   The remaining situation in Ottawa could have easily been dealt with via conventional legal means and oversight, including injunctions (which have been used successfully in other protests and occupations)  The Federal government has spouted another significant lie — that any use of the EA will be done in full compliance with the Charter, thus further eroding trust in the government, which, ironically enough, is what led to the protests in the first place.   For the EA to be used retroactively to freeze financial assets, absent due process and absent any recourse is not just illegal in Canada (see s.11 of Charter) but it is also illegal with respect to international human rights law.   To be clear, if identified accounts that were actively funding the protests continued to be used for that purpose after the EA was invoked, then the freezing would appear to be permitted.   To punish citizens retroactively for a non-criminal activity, and effectively convict them for aiding and abetting what has not been established as criminal, is both immoral and illegal |T.O. Mann|2022-02-18 13:36:21.533|0|1|13352523-781c-4df8-97d3-d1f5ad2b4f9d|article-if-covid-19-didnt-clear-the-bar-for-the-emergencies-act-does-this.json|globemail
The hot tub and bouncy castle antics make it easy to dismiss the illegal occupation as not meeting the standard of the Emergencies Act. But as Carney and others have implied, there may be something much darker afoot in geopolitical terms. Following the money trail may expose forces with a stake in disrupting western democracies and economies. The antics are a distraction from the real game. |Barista53|2022-02-18 15:43:13.932|0|1|68ad37f8-1eaa-4867-a964-d0c2daaace06|article-if-covid-19-didnt-clear-the-bar-for-the-emergencies-act-does-this.json|globemail
Yes they were. They were claiming that the Canadian government had no authority over the land they claim is theirs to govern exclusively. |dcarletons|2022-02-18 13:46:21.192|1|1|d41a3540-1c61-496b-a234-e56b639d2c71|article-if-covid-19-didnt-clear-the-bar-for-the-emergencies-act-does-this.json|globemail
Most people can understand why countries maintain legislation like the Emergencies Act on the books – there are exceptional situations that require exceptional remedies. A world war, for instance, might well require that a government abrogate certain peacetime rights and freedoms. But a truckers' convoy that was thoroughly, some might even say, ostentatiously peaceful? Margaritaville on the Rideau is about right. Bouncy castles. Hot tubs. Thousands of Canadian flags. Yes, the convoy in Ottawa needed to be cleared, but had the police merely been competent they would have done so weeks ago. The current police action could have been carried out under other existing laws, without resort to this extraordinary legislation. Was the inconvenience caused by the convoy in Ottawa a legitimate reason to freeze people's bank accounts, confiscate and destroy their property? Clearly not. As you note, the blockades at the border were being dispersed before Trudeau invoked the Act. Trudeau has engaged the massive authority of the state to punish, without the necessary legal and factual basis to do so. He has irrevocably harmed his legacy. The mask is off. We should all be concerned.|NBrooks|2022-02-20 19:20:32.055|0|1|72fadc11-8221-445d-a5af-92200e7899a4|article-if-covid-19-didnt-clear-the-bar-for-the-emergencies-act-does-this.json|globemail
The Canadian Civil Liberties Association has it right.  There is no adequate justification for invoking the Emergencies Act at this time. The protest, which was completely the right thing to do, given the Trudeau government's intransigence, is now dissolving peacefully of its own accord.|William Lyon Mackenzie1|2022-02-18 12:02:38.471|0|1|06a2c00a-66a3-4732-bc66-fbcff997251e|article-if-covid-19-didnt-clear-the-bar-for-the-emergencies-act-does-this.json|globemail
Have any of these protestors ended up in an Ottawa hospital from covid? ICU? Died from covid? 4 weeks with no masks, close contact and with nothing amiss. I believe the protestors have made their point. Is the media capable of hearing it???|app_69614698|2022-02-19 00:10:54.466|0|1|71db0be7-3892-47b5-96e7-39490a7c95f3|article-if-covid-19-didnt-clear-the-bar-for-the-emergencies-act-does-this.json|globemail
This was all Grand Theatre brought to you by the clown in the PMO and the lady in red.  The Emergency Bill will not be debated today.  The HofC is shuttered.  Why?  The Debate was supposed to continue, non-stop until the vote.    The PM is doing anything but addressing the nation regarding the Domestic Terrorism in Northern BC.  He is not available for questions from the press.  How convenient.  We don’t want to talk about that.    By Monday the Emergency Act will not be necessary and the PM looks like a  hero. Maybe.  The violence in BC is much more severe than anything we have seen in Ottawa.  That violence will not end.  The perpetrators are empowered and enabled by a weak, virtue-signalling PM who has lost site of his responsibility to ALL Canadians.|Redwineisfine|2022-02-18 15:56:54.636|0|1|79dd2e40-9aad-419b-92ad-19d2144f2979|article-if-covid-19-didnt-clear-the-bar-for-the-emergencies-act-does-this.json|globemail
The Emergencies Act is political theatre to salvage Trudeau's failing leadership. It is also gross over-reach and a terrible precedent. Trudeau created these protests by using Covid as a political wedge and then inflamed the situation. Now that the Emergencies Act is in play I demand it be applied to climate terrorists, like the ones who violently attacked the Coastal Gas Link pipeline last night. |Mom'sMoney|2022-02-18 12:07:04.157|0|1|b0427565-6146-4264-a245-9493709e8af2|article-if-covid-19-didnt-clear-the-bar-for-the-emergencies-act-does-this.json|globemail
I can't for the life of me understand why the NDP would risk losing what little support they they have to be swallowed up by Liberals. The NDP had a real chance to show it has some shred of ability to be an opposition party and helpn show Trudeau the door.  mr. Singh and his fancy watch trying to get to pension town I guess.|Kidchiro|2022-02-18 13:39:56.997|1|1|9cfcb7e9-3d4f-4cbd-9336-36782bec7a89|article-if-covid-19-didnt-clear-the-bar-for-the-emergencies-act-does-this.json|globemail
Don't rush!  Who has the data?|prague|2022-02-19 01:10:34.117|1|1|bd81358c-c486-4e3b-92e7-4e90fca3eb06|article-if-covid-19-didnt-clear-the-bar-for-the-emergencies-act-does-this.json|globemail
Singh has clearly stated he'll pull his support, if necessary.   Necessary seems to have infinite boundaries|Reality czech|2022-02-18 14:23:58.589|1|1|bb739dbf-4587-47a4-978a-8b40d96038fa|article-if-covid-19-didnt-clear-the-bar-for-the-emergencies-act-does-this.json|globemail
Let us know where you live and we’ll come set up bouncy castles, hot tubs, maybe a beer garden and live music, or some big speakers in front of your house for the month on July.  You’ll let us use your bathroom, set up port-o-potties or hey, we can just pee behind your hedge. Cool.  Free camping!|JT1216|2022-02-21 15:59:46.684|1|1|6c97afcf-6efb-4b05-9249-919b6d783195|article-if-covid-19-didnt-clear-the-bar-for-the-emergencies-act-does-this.json|globemail
I hope and believe we can move forward from this debacle. A review of the use of the Emergency Act is in order and some soul searching.  The people who went to Ottawa were from all of Canada ! There actions were not good but remember the tens of thousands if not hundreds of thousands who cheered ! Our jails would not be big enough to put everyone in jail who supported this process and I sure hope the declaration of this emergency does not lead to someone acting out in a severe way.|JTPEI|2022-02-19 00:34:58.183|0|1|2623c507-3cf8-4eca-93cc-2648906d65a1|article-if-covid-19-didnt-clear-the-bar-for-the-emergencies-act-does-this.json|globemail
In our system of government, the executive (police) functions independently due to checks and balances…in this case the police refused to enforce the law and why the emergency was declared to force the police by law to do their job…|RMJ1339|2022-02-18 12:18:04.273|0|1|1fb000e1-34e3-4b9f-9133-7bb8c4c45a78|article-if-covid-19-didnt-clear-the-bar-for-the-emergencies-act-does-this.json|globemail
Ottawa's interim chief Bell said the federal Emergencies Act, as well as the provincial and municipal states of emergency, created the ability for police to use new and existing powers to be able to deal with the demonstrations. “Without the authorities that have been provided to us through these pieces of legislation, we wouldn’t be able to be doing the work we are today,” he said.|Villedor|2022-02-19 01:27:52.241|1|1|cc75a215-e815-4269-8b6b-59ea36db78c0|article-if-covid-19-didnt-clear-the-bar-for-the-emergencies-act-does-this.json|globemail
The Emergencies Act was employed politically so that Trudeau can be divisive in the next election. It's his built-in wedge issue.|Candace248|2022-02-18 16:37:32.189|1|1|e4da1fa9-385b-402c-943f-2f8e07f937b1|article-if-covid-19-didnt-clear-the-bar-for-the-emergencies-act-does-this.json|globemail
Team Peterbilt Peterbilt Pierre - new kids show staring Baby Pierre P.  Show modelled after Theodore Tugboat,  For new episodes watch Pierre  Poilievre in question period.   |GregaryPeckary|2022-02-18 13:25:41.511|1|1|2a48a908-b117-4820-a400-26773e4e6c8f|article-if-covid-19-didnt-clear-the-bar-for-the-emergencies-act-does-this.json|globemail
Polievere shows up for question period and doesnt storm out in a tantrum |Reality czech|2022-02-18 14:25:43.515|1|1|8b942f74-7daf-4bec-b058-7d131d8ffcd9|article-if-covid-19-didnt-clear-the-bar-for-the-emergencies-act-does-this.json|globemail
The Globe and Mail has failed miserably to hold the Premiers accountable for law enforcement and appear to have been a conduit for Bergen’s directive to hang this on Trudeau.|app_72746711|2022-02-19 13:39:47.181|0|1|b523ab02-3a12-4635-a3ef-f9e0487f85a2|article-if-covid-19-didnt-clear-the-bar-for-the-emergencies-act-does-this.json|globemail
OK editorial board, how about you take a position? Most of the elite talking heads have been remarkably silent this past week, waiting to see how this ends before declaring a position. They don't want to be seen on the wrong side of this since this will be historically relevant. This is called cowardice. |Mom'sMoney|2022-02-18 12:02:11.595|0|1|9cddfff1-b7c8-4726-b11e-7fed94c98312|article-if-covid-19-didnt-clear-the-bar-for-the-emergencies-act-does-this.json|globemail
Trudeau does not like anyone who believes in Individual Freedom.  He is a socialist/communist who believes in having Canadians mediocre and under his control.|Fiscal Responsibility|2022-02-21 18:30:11.268|1|0|521ed8f9-ea52-43cf-b9d8-7b710eef54cd|article-if-covid-19-didnt-clear-the-bar-for-the-emergencies-act-does-this.json|globemail
The Emergency Act power should be used by the BC Government to deal with the violence and destruction at the Coastal Pipeline Site...as well as other logging sites. First of all, use it to freeze bank accounts and also to investigate those who are financing the demonstrators. Impound their cars, cancel insurance   - you have the power now! |afbudd|2022-02-18 23:10:09.399|0|0|b761deae-d587-47fd-93e0-d1690d0183bd|article-if-covid-19-didnt-clear-the-bar-for-the-emergencies-act-does-this.json|globemail
The CCLA will do what they do so well. They take the position of the underdog and test the laws in court to highlight where we may be lacking in protecting civil liberties. That is how it should be. The courts are where we should test laws.  Not the House of Commons where partisan interests can twist the best laid plan into something ugly in the irrational, emotional fuelled game of politics.  I believe Senator Vern White was right when he said all we are witnessing in the House is politics and that it is likely that any government, of any stripe, would have likely used the Emergency Act for such an unprecedented moment to decisively end what should have never been allowed to happen, and which had been allowed to go on for too long.   Public trust in our institutions to protect civilians from criminals was eroding in a very dangerous way. Something needed to be done and even if it was not the only tool available, and even if it is overreach, it was the one that allows for the most decisive actions to be taken to end this and restore order.  |Lisa Weber|2022-02-19 12:27:23.357|0|0|586f61f6-e288-4ca7-8ba7-14005b4cd472|article-if-covid-19-didnt-clear-the-bar-for-the-emergencies-act-does-this.json|globemail
What about the fentanyl emergency that cause far more deaths than Covid in major cities yet authorities throw their hands in the air like nothing can be done. Shipments continue every day, often through Canada Post. Money is laundered in real estate and casinos with ABSOLUTE impunity. Where is the urgency? Dealers poison communities and police are told to stand down, it’s not like they don’t know who the dealers are, political masters refuse to prosecute. |ChuckT|2022-02-19 01:19:25.149|0|0|9cf6d1ad-2060-42ec-a508-2fa8c2083794|article-if-covid-19-didnt-clear-the-bar-for-the-emergencies-act-does-this.json|globemail
I assume those arrested will be tested so we should have a pretty good sample right there. |Villedor|2022-02-19 01:30:08.384|1|0|3cf92fb0-3ddf-4071-9e1f-c9ad789bba20|article-if-covid-19-didnt-clear-the-bar-for-the-emergencies-act-does-this.json|globemail
All that was needed was a court injunction as per the Windsor Bridge. The Emergency act was over the top as were the screams of sedition.  The Ottawa police chief and Mayor of Ottawa could have cleared this up in three days, if they were not paralysed by inaction and failures of leadership.|app_71276341|2022-02-19 17:55:49.206|1|0|bdbf54ac-61a6-423a-9438-25bd206dd75b|article-if-covid-19-didnt-clear-the-bar-for-the-emergencies-act-does-this.json|globemail
"The government accusations of ""sedition"" and ""treason"" sure sounded like we needed something significant as a response.  Now we find out that the arrested truckers are being charged with ""mischief"".  Surely ""mischief"" does not meet the standard for utilizing the Emergency Act."|RSouthward|2022-02-19 11:29:06.530|0|0|b54bcc7e-70f0-4e56-ab0b-0d34bee305b1|article-if-covid-19-didnt-clear-the-bar-for-the-emergencies-act-does-this.json|globemail
The protesters are going about it the wrong way. Peaceful protests with bouncy castles just gets you arrested and your bank account frozen. If you burn some churches and destroy statues Marc Miller will give you $40 billion of taxpayers' money.|old taxpayer|2022-02-19 01:01:22.932|0|0|0d12c01d-127f-4b7e-9383-111455d677a2|article-if-covid-19-didnt-clear-the-bar-for-the-emergencies-act-does-this.json|globemail
So people in Canada are losing their jobs because they donated to a political cause retroactively declared illegal by the federal government, on the basis of being publicly identified by the media, using stolen data from a fundraising website. Welcome to Venezuela without the obliging climate. The use of the Emergencies Act is a far overreach.|Laforeg001|2022-02-19 15:50:54.255|0|0|8504f446-346a-4d80-9171-0b886912d7b6|article-if-covid-19-didnt-clear-the-bar-for-the-emergencies-act-does-this.json|globemail
"This all falls on Trudeau for calling the truckers ""names"" before they even arrived in Ottawa, inflaming the situation.  He did not make one effort to dialogue with them.  Singh, leader of the supposedly ""working man's party"" also did nothing to dialogue with the protestors.  "|Fiscal Responsibility|2022-02-21 18:28:19.638|1|0|6a727ba7-6d8b-41f2-a1d3-633b28b34bb5|article-if-covid-19-didnt-clear-the-bar-for-the-emergencies-act-does-this.json|globemail
Canada, via Mr Trudeau's actions, has shown the free world how quickly an elected socialist imbecile can turn into a Fascist dictator.  Absolute power corrupts, absolutely.  |M. Grimaldi|2022-02-19 14:25:02.389|0|0|92bf7b67-058c-4259-88a5-2221aa384902|article-if-covid-19-didnt-clear-the-bar-for-the-emergencies-act-does-this.json|globemail
You must realize that these people had lost their jobs for the most part and had high expenses to own trucks.  So many people in Canada have lost their jobs, so many businesses went bankrupt because of lockdowns and mandates.  At the same time public servants mostly worked at home, if they even worked at all, and still got their pay. Government actions have hurt so many Canadians so badly that they went to Ottawa in desperation.   Some sympathy should be shown to Canadians who lost so much during this pandemic.|Fiscal Responsibility|2022-02-21 18:14:13.581|1|0|17a63625-cc70-4a0c-8a38-af9c87b8a4c9|article-if-covid-19-didnt-clear-the-bar-for-the-emergencies-act-does-this.json|globemail
Canadians must understand that the Trudeau Regime has de facto stripped them of their citizenship and made them mere subjects. It has given no clear indications of the limits of the severity of their measures nor their duration. We are now a de jure dictatorship. |HW01|2022-02-19 18:51:55.552|0|0|288cc84e-b9aa-4104-a264-9faf2946f06a|article-if-covid-19-didnt-clear-the-bar-for-the-emergencies-act-does-this.json|globemail
If it was possible to either freeze or at least disclose who was funding these blockages without the Emergencies Act, that should have been used. However, it was not some amazing coincidence that the blockades started to dissolve on hearing the Act was inevitable. Quite simply, funding under the cover of obscure donation schemes was going to be uncovered and supporters revealed. And some of this funding was about far more than anti-vaccine mandates. |Puckmarks|2022-02-19 18:36:15.896|0|0|32eb1bb4-0f2a-44ff-8a73-cc5f50a79f2c|article-if-covid-19-didnt-clear-the-bar-for-the-emergencies-act-does-this.json|globemail
Jagmeet says whatever Ms McKenna tells him to say|Peter Globe2|2022-02-19 18:29:26.402|0|0|bade77f4-5c25-43c8-a1a6-d691237bbe1c|article-if-covid-19-didnt-clear-the-bar-for-the-emergencies-act-does-this.json|globemail
The imposition of the Act is the type of action one would associate with a 3rd world dictator. Freezing Bank accounts of people who support a protest should never be part of the Canadian governments armory. It demonstrates just how authoritarian this government has become. |Mikethomas|2022-02-19 17:43:08.065|0|0|5e5efd6a-8e8f-40b1-bdaf-e24e707eaf7f|article-if-covid-19-didnt-clear-the-bar-for-the-emergencies-act-does-this.json|globemail
Short answer is NO... Not even close...The act was designed for war, true insurrection etc....What we had was a complete breakdown of policing... This may have been caused in part by how we handled protests over the past 20 years...The nuclear option should only be used when it meets the criteria stated in the act....My opinion is, it did not meet those standards... Not even close...|BMC9689|2022-02-19 17:34:04.331|0|0|148f802a-901a-4cc9-8a6d-b1478ca430d6|article-if-covid-19-didnt-clear-the-bar-for-the-emergencies-act-does-this.json|globemail
Why is the U N airplane in North Bay, Ontario?  Who?  |Fiscal Responsibility|2022-02-21 18:16:32.910|1|0|e3e88fc7-30a3-4474-9d64-dba52539a188|article-if-covid-19-didnt-clear-the-bar-for-the-emergencies-act-does-this.json|globemail
No, I believe the majority have been charged with mischief or counselling mischief. These are charges that will stand regardless of the Emergencies Act.|app_68531163|2022-02-21 07:55:01.285|1|0|2b09914f-4197-45ed-8c85-856d07d5811a|article-if-covid-19-didnt-clear-the-bar-for-the-emergencies-act-does-this.json|globemail
The EMA appears to have been invoked only when there was growing opposition to the policies of the Trudeau regime and for the sole purpose of crushing that opposition. |HW01|2022-02-19 16:38:26.847|0|0|ec20d842-641c-4d9e-a75a-32ddc0998ed2|article-if-covid-19-didnt-clear-the-bar-for-the-emergencies-act-does-this.json|globemail
"The Globe and Mail Editorial Board's stated motto (from Junius),   "" The subject who is truly loyal to the Chief Magistrate will neither advise nor submit to arbitrary measures.""   That from the 1840s.   "|kidspeed|2022-02-19 16:07:35.051|0|0|db086d4c-b6cb-4803-8f18-2b93db810ea6|article-if-covid-19-didnt-clear-the-bar-for-the-emergencies-act-does-this.json|globemail
"I was one of the greatest supporters of police in the country.  Now, I am all for ""Defund the Police"".  What I saw was horrendous actions - rubber bullets, gas, big batons, pepper spray - used against peaceful  Canadians.  "|Fiscal Responsibility|2022-02-21 18:19:56.363|1|0|08228ce9-630f-453a-becb-2325350db01b|article-if-covid-19-didnt-clear-the-bar-for-the-emergencies-act-does-this.json|globemail
"The Ottawa ""bubble"" participants need to go visit the rest of the country to see suffering."|Fiscal Responsibility|2022-02-21 18:21:13.608|1|0|ce12d985-30a1-48d2-ac43-8cec1d0c62db|article-if-covid-19-didnt-clear-the-bar-for-the-emergencies-act-does-this.json|globemail
I'd clarify that in my understanding it wasn't even that the protesters were against vaccines but rather that they are against vaccine mandates and other mandates that have impacted the economic, social, mental and physical health of our society.  And the worst thing that has happened is that Trudeau continually inflamed the situation with his words and actions.  He has expressed understanding for the anger that the indigenous people have felt about historical wrong doings when they burned down churches across the country but does not feel any empathy for the millions of Canadians who have been devastated by the policies of the last 2 years and have begun to speak out. Instead he resorted to name calling and character assassination.  |JRideau|2022-02-19 17:04:32.293|1|0|2f25eb74-7ecd-42fe-9273-67888f11be25|article-if-covid-19-didnt-clear-the-bar-for-the-emergencies-act-does-this.json|globemail
It was the Liberals and the NDP who really set riot police loose on Canadian citizens.  Canadians will never forget if they watched the internet and the horrors the police inflicted on peaceful Canadians.|Fiscal Responsibility|2022-02-21 18:23:34.355|1|0|dc0785ee-ab44-496d-adf3-feccbd741d35|article-if-covid-19-didnt-clear-the-bar-for-the-emergencies-act-does-this.json|globemail
I have been very impressed with Bergen these past couple of weeks.  If Trudeau had agreed to meet with the overwhelmingly peaceful protesters and hear their concerns instead of calling them names and continuing to paint the entire movement with the actions of a tiny number of rowdies this would most likely have been de-escalated and solved much more quickly. His disdain for anyone who disagrees with him should concern every Canadian.   |JRideau|2022-02-19 17:12:44.385|1|0|14bee935-e58a-4597-a5a6-9e6cd279a37b|article-if-covid-19-didnt-clear-the-bar-for-the-emergencies-act-does-this.json|globemail
Did you enjoy see the police using violence against peaceful protestors?  |Fiscal Responsibility|2022-02-21 18:24:32.326|1|0|4af5e516-74fc-4958-98cd-94c73efd5ec8|article-if-covid-19-didnt-clear-the-bar-for-the-emergencies-act-does-this.json|globemail
The Emergency Act was deemed necessary as demonstrators were honking horns, sitting in hot tubs and, in general, bothering the people of Ottawa.  The reality is that they should have been stopped at the outset and the vehicles should never been allowed to take over such strategic ground.   So, the city officials should wear this.  The trucker's actions have paralyzed this country.   Parliament is not functioning....and our sunny ways PM will not survive politically.     I wonder what the Hell this country would do if there was a real emergency?.   I note that the G and M failed to mention today the significant violence that took place in BC yesterday.....including many millions of dollars in damage, violence against workers and the injury of a police officer.   To my mind, the action by those eco terrorists that affected a major economic benefit  would necessitate the Act far more than dealing with  idiots demonstrating on Parliament Hill.  This country is leaderless and quickly becoming an international joke.|howieh|2022-02-19 14:40:16.572|0|0|9f7602b0-1630-4bd0-ae7d-3d3c386d9033|article-if-covid-19-didnt-clear-the-bar-for-the-emergencies-act-does-this.json|globemail
Wouldnt expect you to agree, understand, or have empathy for others Rich.    |Masked Avenger1|2022-02-20 23:23:47.365|1|0|37c0236c-7a03-4d0f-929c-069103ac0359|article-if-covid-19-didnt-clear-the-bar-for-the-emergencies-act-does-this.json|globemail
The Emergencies Act was not activated merely to dispel the truckers. It was enacted because the current government lacks the intellect and backbone to do anything else.  Democracy requires real leadership. Failing that, the only recourse is brute force.  Things are going to get worse before they get better - before someone who is actually capable steps forward to take charge,     |Spok|2022-02-18 14:13:40.792|0|0|363cff8d-cb5b-4c06-85b3-2725c78e7c0e|article-if-covid-19-didnt-clear-the-bar-for-the-emergencies-act-does-this.json|globemail
What irony that on the same day they are clearing the Ottawa fiasco, a serious incident occurs on a oil and gas site far removed from Ottawa.  Oh the best laid plans of mice and men, Trudeau's options are say and do nothing and show himself as a hypocrite, use his new found powers to snuff out those responsible, freeze their assets, and risk his left wing vote, or relent to local authorities he knows will do nothing and appear weak and cowardly.  He must be thinking about that retirement now, bc we call that a pickle and a half.|Corey Zimmermann|2022-02-18 16:40:35.335|0|0|60830332-fba9-47d5-92b9-80dc19be55fa|article-if-covid-19-didnt-clear-the-bar-for-the-emergencies-act-does-this.json|globemail
"""Last weekend, when the government would have been studying the law and preparing to announce its use on Monday, there were multiple border blockades. There was also a real fear that the sight of the law not being enforced risked emboldening other prospective blockaders, sparking copycat actions that could do grave harm to the economy, and even call into question whether Canada is governed by elected governments or convoys of trucks.""   Substitute border for Fairy Lake and the Liberals have allowed that spectacular failure to spawn the railway blockades, BLM riots, church burnings all without repercussions."|Candace248|2022-02-18 16:28:18.445|0|0|2fb9dd3e-742c-4d63-ae28-fbedc3e33a51|article-if-covid-19-didnt-clear-the-bar-for-the-emergencies-act-does-this.json|globemail
Doctor Demento, Every single expert of policing has been clear to state that the blockades at the bridges are entirely different from the encampments set up in downtown Ottawa. Apples to Oranges.  And while they may have been able to clear the bridges temporarily, they needed powers that would help them prevent playing a game of whack a mole with new protests popping up to form new blockades. They needed to stop the funding and limit the right to protest in certain areas.   We would be playing this game indefinitely without giving police certain powers under the Emergency Act. |Lisa Weber|2022-02-18 15:16:53.408|1|0|0ca7d7bc-6724-4126-b575-ec1df6b2183c|article-if-covid-19-didnt-clear-the-bar-for-the-emergencies-act-does-this.json|globemail
Hello Lisa, all that is required is for a local judge to grant an injunction: That is all that was done in Windsor to clear the bridge there. The clearing of the Windsor bridge, of all the men, women and children protesting, did not require the Emergencies Act.|Doctor Demento|2022-02-18 13:17:11.180|1|0|aa08170b-e163-48d5-bbdb-98881e1ea666|article-if-covid-19-didnt-clear-the-bar-for-the-emergencies-act-does-this.json|globemail
Since David Suzuki advocated for destruction of pipelines his foundation's funds should be frozen as well as anyone who contributed to that foundation, including those of Butts and Trudeau.  The Gov't of Canada has been providing CERB payments to the people protesting. Therefore freeze all of their accounts.|Candace248|2022-02-18 16:35:53.306|1|0|bb259f5c-31de-4baa-8ba5-623554b611af|article-if-covid-19-didnt-clear-the-bar-for-the-emergencies-act-does-this.json|globemail
I agree that the event in BC warrants serious action but let’s not pretend Ottawa is all bouncy castles and fun. Too many reports of hate crimes, vandalism, harassment, possibly even attempted arson. My boss thought it was progress when only two people got in her face, screaming at her, for wearing a mask into a coffee shop yesterday. Previously, it would have been more. |modoo|2022-02-18 15:42:58.741|1|0|8d4d1b49-ca9c-4cd7-a194-07444b2c9389|article-if-covid-19-didnt-clear-the-bar-for-the-emergencies-act-does-this.json|globemail
A shame that your obtuseness doesn't.|Richard McL|2022-02-18 15:35:01.559|1|0|98381183-27bb-45eb-b1d8-4a6bf1987da3|article-if-covid-19-didnt-clear-the-bar-for-the-emergencies-act-does-this.json|globemail
PP IS the figurative physical manifestation of a temper tantrum.|Richard McL|2022-02-18 14:38:07.835|1|0|7fb58087-c2d3-48f9-b11b-eae5ba6f2fac|article-if-covid-19-didnt-clear-the-bar-for-the-emergencies-act-does-this.json|globemail
Trudeau has become lightning rod, not a uniting leader...so wishing we had term limits for politicians.|app_71276341|2022-02-19 18:24:16.982|1|0|b4df453e-d1f3-400e-83cc-be85d61721be|article-if-covid-19-didnt-clear-the-bar-for-the-emergencies-act-does-this.json|globemail
the police still didnt do anything even after the court ordered injuction...they dragged their foot...RCMP usually only moves after that even during the railway blocaides|RMJ1339|2022-02-18 12:43:43.275|1|0|32e6e29e-2397-4310-bbf3-6ab08b12e18f|article-if-covid-19-didnt-clear-the-bar-for-the-emergencies-act-does-this.json|globemail
This part of the editorial seems to refer to the 2020 railroad blockades, at least indirectly:  The law, and the forces of law and order, must make those people move. And the law, and the forces of law and order, must ensure that no future blockades are set up on Canadian highways, rail lines or border crossings. Blockades and illegal occupations shouldn't be indulged in the future, no matter the group, no matter their grievance. |Recluse100|2022-02-18 16:31:50.734|1|0|48455fdc-477e-4a51-843b-5006daca684b|article-if-covid-19-didnt-clear-the-bar-for-the-emergencies-act-does-this.json|globemail
Delores: Yes, they were.  In the case of the Wet'suwet'en blockades, the hereditary chiefs were effecting the overthrow of the elected chiefs.  Trudeau's government acceded to it, too.  And in general, the indigenous-related blockades of Big Trout Lake, Caledonia, Idle No More and Wet'suwet'en organizers do not recognize the sovereignty of Canada.  Claims vary from sovereignty over traditional territory, unceded land or reneging on signed treaties. |DollyParker|2022-02-18 15:53:10.538|1|0|960e2904-f4ff-4c6d-bbe2-cf575196351a|article-if-covid-19-didnt-clear-the-bar-for-the-emergencies-act-does-this.json|globemail
Were those truckers at the Windsor bridge trying to overthrow the government? Kinda far away from Ottawa.  And for that matter, were the truckers in Ottawa trying to overthrow the government? SItting there for a month in their trucks, I did not see much news footage of them trying to rush the nearby entrance doors of the Parliament Buildings...|Doctor Demento|2022-02-18 14:14:22.622|1|0|eef06a5f-cf58-4d5b-8b5b-ded95b29c545|article-if-covid-19-didnt-clear-the-bar-for-the-emergencies-act-does-this.json|globemail
Land that the Supreme Court said they had title to. I don't support aboriginal rail blockades either, but claiming jurisdiction over a piece of land, rightly or wrongly, is NOT the same as the leaders of this convoy demanding that they replace the elected government and obliterate rules it has made, and even claim the right to obliterate acts of any other legally elected provincial or municipal government. Talk about overreach!|grey owl 3|2022-02-18 15:42:05.572|1|0|67be6148-6cb3-43d4-8d5f-f8b3f562c875|article-if-covid-19-didnt-clear-the-bar-for-the-emergencies-act-does-this.json|globemail
Yes they were attempting to overthrow the government. They were claiming the Canadian government had no authority over lands they claim they have a right to govern exclusively. Do some homework.|dcarletons|2022-02-18 13:42:45.897|1|0|38892197-94b4-4168-9755-c528a0c4d654|article-if-covid-19-didnt-clear-the-bar-for-the-emergencies-act-does-this.json|globemail
I agree, Singh is a likable relatable guy, but a horrible strategist and politician.|Corey Zimmermann|2022-02-18 16:36:53.553|1|0|3e247c51-b53c-4491-b961-382ba88bbd7b|article-if-covid-19-didnt-clear-the-bar-for-the-emergencies-act-does-this.json|globemail
Thanks to the Globe for recognizing this as a complete farce. The Cons were quite correct in saying this was done to save the skin of our inept PM.  Our country suffered international humiliation as we projected an image of a leaderless country. And sadly, our federal government took it to the limit.  The incompetence at the highest levels is frightening. Will Canadians remember this during the next election? Probably not. Sleep soundly.|Top Level2|2022-02-18 12:03:08.270|0|0|904b881c-9fe7-43f8-bbd9-66405a19c9b5|article-if-covid-19-didnt-clear-the-bar-for-the-emergencies-act-does-this.json|globemail
You are clearly not talking about Ottawa, where a core group still refuses to leave. Their leaders are still saying to keep going, even as they are being arrested.   Just yesterday, I saw police pulling over multiple pickup trucks on their way into the city festooned flags and protest signs and it always grows on the weekend. The City couldn’t handle this, obviously, so thankfully the Emergencies Act put it in the hands of the RCMP and OPP. |modoo|2022-02-18 12:10:07.802|1|0|a679f799-3a86-4a23-877e-2dc285964e65|article-if-covid-19-didnt-clear-the-bar-for-the-emergencies-act-does-this.json|globemail
No kidding.  Is this pearl-clutching, feeble editorial over such a serious issue the best you've got G&M?  With this piece, you're cementing your reputation as compromised, fawning, government-funded, propagandists.|anduril101|2022-02-18 12:37:34.307|1|0|516b5b2e-007d-4302-aa92-74ae2509ed56|article-if-covid-19-didnt-clear-the-bar-for-the-emergencies-act-does-this.json|globemail
"I've seen clips of Trudeau storming out of question period and lisping in the house. Where is there an ""attack"" on a democratically elected government in this country other than in the theatre of the mind? Because its on someones wish list? Trudeau has inspired far more radical wishes than that from many people.  We've had illegal occupations in Caledonia and blockades on FEDERAL rail lines that have gone this long. Where was it then?"|Reality czech|2022-02-18 15:02:45.769|1|0|91021c10-de72-4a3d-a51f-0f2275993247|article-if-covid-19-didnt-clear-the-bar-for-the-emergencies-act-does-this.json|globemail
Well, it doesn't work.  If, for instance, 'climate terrorists' (lol) attacked a pipeline last night, I'm sure the authorities have all the power and authority in the world to deal with the incident. I mean, it's not like the attack has been going on, in plain view, for three weeks, with police watching things unfold and insisting they're in no position to act.  Plus, come on, if 'the municipality and province' already had all the authority they needed, why are you insisting Trudeau failed? Surely Ottawa and Ontario did?   |crobert|2022-02-18 12:18:26.072|1|0|7d7328e7-b8cc-4061-8074-7f915f0db3b8|article-if-covid-19-didnt-clear-the-bar-for-the-emergencies-act-does-this.json|globemail
Lisa: there are no additional powers in the EA needed to keep protesters away.  It has been done without those powers to date.  Compelling tow truck operators did not require the EA either. |DollyParker|2022-02-18 15:46:25.010|1|0|0c399c53-19b5-4c32-abe5-d6dbe949d331|article-if-covid-19-didnt-clear-the-bar-for-the-emergencies-act-does-this.json|globemail
"Hello Lisa, all that is required is for a local judge to grant an injunction. Period. No Emergency Power law needed. And the police are not ""telling people they cannot protest"", they are clearing some streets of occupations that obstruct traffic flow."|Doctor Demento|2022-02-18 16:07:09.439|1|0|fbf5d425-670e-4155-9821-7433888cec4c|article-if-covid-19-didnt-clear-the-bar-for-the-emergencies-act-does-this.json|globemail
Up date: Ottawa's Interim chief Bell said the federal Emergencies Act, as well as the provincial and municipal states of emergency, created the ability for police to use new and existing powers to be able to deal with the demonstrations. “Without the authorities that have been provided to us through these pieces of legislation, we wouldn’t be able to be doing the work we are today,” he said.  |Villedor|2022-02-19 01:25:32.107|1|0|8bb66088-687c-4a43-9391-35dde63fb424|article-if-covid-19-didnt-clear-the-bar-for-the-emergencies-act-does-this.json|globemail
"Minethatbird, if the typical Ottawa occupier is just ""nana handing out coffee,"" are the children who were brought into this conflict zone to be used as human shields ""on a picnic""?"|grey owl 3|2022-02-18 15:33:48.190|1|0|cdac3c5e-993b-40a7-b817-c9685eca48d2|article-if-covid-19-didnt-clear-the-bar-for-the-emergencies-act-does-this.json|globemail
I find it hard to imagine PM Trudeau a hero in the Ottawa protest. He should have left it to Ottawa mayor and police to clean up and, if necessary, Premier Ford. In the case of the Ottawa protest, he could at least have not made incendiary remarks that only made things worse.|app_71276341|2022-02-19 18:01:31.925|1|0|296cec76-9357-40d7-9743-a0d47823530d|article-if-covid-19-didnt-clear-the-bar-for-the-emergencies-act-does-this.json|globemail
Thank you, Barista53.  This needs to be emphasized and said many, many times.|Marilyn0|2022-02-19 15:02:37.982|1|0|23d75226-8559-491f-b7e4-43786029d54b|article-if-covid-19-didnt-clear-the-bar-for-the-emergencies-act-does-this.json|globemail
Borders did not open until the threat of the EA was real.|Cynical in Toronto|2022-02-18 18:18:54.130|1|0|fe2b6f2b-e68b-4c50-b17b-b3a145f8cb9d|article-if-covid-19-didnt-clear-the-bar-for-the-emergencies-act-does-this.json|globemail
It's not very Canadian to harrass women and seniors either, Red.|TimBee100.|2022-02-18 15:59:21.203|1|0|2fa439fe-7523-4b3e-af6e-4e9e45d530c6|article-if-covid-19-didnt-clear-the-bar-for-the-emergencies-act-does-this.json|globemail
Obviously some government response to Covid was necessary.  But I would argue that Canada's actions were far from the right choice.  For instance, the lockdown that triggered the economic problems identified in the article was traced to Ottawa's reliance on a model(predicting 326,000 deaths) developed by a crackpot who made 2 highly inaccurate previous predictions.  The CERB program was assembled and implemented in a slapdash manner.  How much money was obtained illegally, no one knows.  The generosity encourages people NOT to work.  The borders were left open, Canada was unprepared for the long term care crisis, we gave away PPE and then were caught short-handed.  One could go on and on.  The end result is we have accumulated a huge debt that will require tax increases.  Heaven help us if interest rates rise.   Of all the Canadian leaders, only Premier Legault of Quebec seemed to realize that there needed to be attention paid to the fiscal impact of policies.  All others reiterated the well worn bromide - 'I'm listening to my medical experts'.  Leaders should lead, not be led.   I always thought Premier Legault showed courage in opening up the day cares and schools in 2020.  |StuporDuck|2022-02-18 15:21:03.406|0|0|a0c49648-95ea-4a16-9f24-8127e5342ae3|article-if-covid-19-didnt-clear-the-bar-for-the-emergencies-act-does-this.json|globemail
NO.  Not even close... We had laws on the books to deal with this, but the government, city hall and the province chose to ignore it...|BMC9689|2022-02-18 15:13:14.865|0|0|ac32cbf4-f8a8-41ec-afa8-08779eee7941|article-if-covid-19-didnt-clear-the-bar-for-the-emergencies-act-does-this.json|globemail
  Please Globe get off the fence, the use of the Emergency Act was simply an abuse of power by Trudeau because the conditions for its use were not meet. It is stunning that the Globe can not come out and just tell the truth. The only real question is what is the consequence to the Trudeau legally for using it?    Can peaceful protesters sue for instance? Is the government immune? Will the next government impose the Act as a president to curb political opposition. Is Canada now on a dangerous slippery slope away from fundamental democratic principles protecting civil rights?    Is the Globe missing a significant moment in Canada's history to avoid questioning the liberal party overreach?|tinman1957|2022-02-18 14:37:43.012|0|0|42c1a066-870d-47c6-a52a-1d4def8b4129|article-if-covid-19-didnt-clear-the-bar-for-the-emergencies-act-does-this.json|globemail
The health systems of the provinces were able to cope with it so covid did not meet the criteria for the emergency act.  Silly editorial. Stop posturing G&M editors.|Valzar|2022-02-18 14:32:46.766|0|0|9302cf4c-4601-4d5c-b7bb-3d874af01aed|article-if-covid-19-didnt-clear-the-bar-for-the-emergencies-act-does-this.json|globemail
"minethatbird, you ask ""if anyone agrees with the race to hard left socialism"" -- I assume you mean the Liberals are hard-left socialists --- well, in the recent national election,  they were returned to government and the general thrust of their ""hard-left socialist"" policies was supported by parties that earned 60% of the popular vote (Lib, NDP, Bloc, Green total) - so that's the biggest public opinion poll available. I guess u cling to the belief that Canadians want right-wing policies that 2 parties (CPC,PPC) ran on, achieving less than 40% of the vote. So policies u describe as ""hard left socialism"" were supported by an overwhelming majority of Canadians. Your definition is out of synch with reality, as is your characterization of the people who paralysed Ottawa's downtown for 3 weeks as just ""nana handing out coffee."""|grey owl 3|2022-02-18 15:12:34.160|1|0|9a6b24fb-5ab7-4b8d-aac2-69fba7e1c270|article-if-covid-19-didnt-clear-the-bar-for-the-emergencies-act-does-this.json|globemail
It has been happening with eco-zealots for 15 years.   Criminal anarchists terrorize the Coastal Gas project with virtual impunity despite multiple court injunctions, how many bank accounts have been frozen?   Look at the fentanyl crisis, when was the last successful money laundering prosecution in Canada? High level dealers launder billions in casinos and real estate, what has been the response besides tweets and speeches? Every year is worse than the last, it has never been worse in terms of deaths and addictions - the response from every level of government has been an unmitigated failure. |ChuckT|2022-02-19 01:25:11.203|1|0|d678d91a-7fd2-4e24-b83f-c924383c106d|article-if-covid-19-didnt-clear-the-bar-for-the-emergencies-act-does-this.json|globemail
Ottawa is NOT Canada.  The Emergency Act was not required in most of Canada.   Order in most of Canada was restored through peaceful means by laws that are in place. The Domestic Terrorism in northern BC is another story and may require more powers to end the violence.|Redwineisfine|2022-02-18 15:39:16.708|1|0|5ed39e24-77a7-4100-ae9f-a3f5b7e90669|article-if-covid-19-didnt-clear-the-bar-for-the-emergencies-act-does-this.json|globemail
Rather naïve to think border blockages are gone for good. The Ottawa occupation is part of Covid. They aren’t two separate issues. So the Covid emergency in its later stages,  we hope, spawned right wing rebellions which closed the borders. I think they’ll be back, at least we should be prepared for that.  The Ottawa occupation is an off shoot of Covid, being used for anti democratic cause.  However like its antecedent Jan 6 innocent parties such as truckers were used by the Trump inspired autocratic, white supremacist movement in Canada to draw attention to the extremist cause.  The Globe and other sources have reviewed the history of the Ottawa occupation leaders. The occupation has nothing to do with truckers, mandates, or vaccines . As clearly stated by the occupiers and repeated openly, the occupation wanted to draw attention to the possibility of a replacement of the legal Government. The same goal as Jan 6. Many investigators have looked at the international white supremacist autocratic movement now being carried forward by in North America by Fox News. Hardly surprising Fox was enthusiastic about the Canadian rebellion.    |John W.|2022-02-18 13:39:47.019|0|0|207f16a4-d2a0-483f-a03b-a35d0b2ba56f|article-if-covid-19-didnt-clear-the-bar-for-the-emergencies-act-does-this.json|globemail
Why do you think the border blockages won’t happen again?|John W.|2022-02-18 15:54:01.130|1|0|8f89a73b-b83e-4059-b4bd-19949beffe27|article-if-covid-19-didnt-clear-the-bar-for-the-emergencies-act-does-this.json|globemail
The imposition of vaccine mandates for truckers crossing the international border was not necessary.  Trudeau and Biden didn’t read the room and realize that the citizens were ready to lift restrictions.  By the way, truckers transporting vaccines across the international border are exempt from the vaccine mandate!  I didn’t make that up.|Redwineisfine|2022-02-18 15:43:08.742|1|0|91fd7f5a-f138-44ab-9ea2-cd04368c6bf4|article-if-covid-19-didnt-clear-the-bar-for-the-emergencies-act-does-this.json|globemail
And all the federal government had to do is wait instead of imposing a vaccine mandate at this late date.|Redwineisfine|2022-02-18 15:44:16.938|1|0|dfc9337b-f3a8-4ce3-ba1c-11145832c9e4|article-if-covid-19-didnt-clear-the-bar-for-the-emergencies-act-does-this.json|globemail
Really!?! Most restrictions happen at a provincial level and when some of the provinces lifted mandates it made absolutely zero difference in their resolve.  So many fo the people out there protesting mandates absolutely and completely refuse to listen to reasonable debate around the need for mandates or the fact that vaccines are safe, effective, and have had an enormous impact on reducing serious illness and death. They have decided their own truth that is beyond reason.  This whole Bergen driven narrative that if Trudeau just went out there and reasoned with these people is just partisan drivel.   That said, people have a right to fill their own heads with nonsense and make their own choices over what goes into their bodies. And they have a right, through legal precedence, to be granted reasonable accommodations when they conscientiously object to certain mandates. The Federal government has not really been open to reasonable accommodations around vaccine mandates. This could be a reasonable argument the Cons could make, but sadly it is too ethically complex for a base who need issues to be black and white.  |Lisa Weber|2022-02-18 14:02:39.239|1|0|f5649469-5b21-447c-a51f-2edce4df30b9|article-if-covid-19-didnt-clear-the-bar-for-the-emergencies-act-does-this.json|globemail
The problem was the total lack of leadership from Ottawa's mayor and police chief.|app_71276341|2022-02-19 18:16:04.100|1|0|507fe043-42a6-4569-b5ca-c7d790017c37|article-if-covid-19-didnt-clear-the-bar-for-the-emergencies-act-does-this.json|globemail
We have laws in place for tackling fraud and the financing of illegal activity.  All the EA does is remove due process and eliminates liability for institutions that wrongly target innocent people.  There is also no standard and, from what I can tell, no recourse.   The issue is, rather, that for all of this century we have done nothing to resolve the issue of laundering in Canada (esp in real estate) and the rampant fraud and financing of activist groups who have cost this country hundreds of billions in future earnings....tens of thousands of jobs.   ...and why? Because those same groups donate big money to the socialists in Gov't.   The EA is a disgusting abuse of power. |M. Grimaldi|2022-02-19 14:30:34.793|1|0|96258d53-667a-43c3-852e-2919a2ce6d8a|article-if-covid-19-didnt-clear-the-bar-for-the-emergencies-act-does-this.json|globemail
The Emergencies Act was needed because the Ottawa police rolled over on day one, directed the trucks where to set up and did nothing to protect residents for three weeks. The video of blockaders in Coutts going through a line of mounties for hugs as they left tells it all. Kindred spirits.|thorncha|2022-02-22 23:49:41.705|0|0|8635f922-53ad-4407-8665-f5e57b794acb|article-if-covid-19-didnt-clear-the-bar-for-the-emergencies-act-does-this.json|globemail
