﻿comment|username|datetime|isreply|num_replies|comment_ids|post_id|label
"Is that what they are called? Tuned mufflers?  I live in a smallish city and these modified cars are everywhere and make me crazy.  Why? That's what I don't understand. What on earth does it do for the driver? That, and the blasting of one's car stereo so loudly that those going about their business in their homes are forced to endure a reverberating bass until the vehicle is some distance away. My theory is that these are mostly men who have issues around their manhood. Yep, I said it. Whenever I encounter these unbearable noisemakers I take my pointer finger and thumb as if to show a very small length and I say, ""Oh dear, you must have a teeny tiny penis.""  Freedom has been the buzzword lately. I do not feel free when I have to endure the unnecessary noises of others. Don't bother telling me to go and live in the country. I can't and I shouldn't have to.    "|Maurice333|2022-02-26 12:30:03.853|1|2|826946b0-d054-49c4-acbf-bf7d54addd09|article-turn-down-the-racket-were-trying-to-live-here.json|globemail
thank you for bringing this up. the noise from tuned mufflers has been one of the terrible outcomes from the pandemic and the removal of this menace will require coordination across local, provincial, and federal agencies. so even though a few bad actors are holding the rest of society hostage preventing a good night's rest or enjoying our backyards in the summer, nothing seems to get done. police websites have online complaint forms but even after several tries i cannot get them to act on the tuners in my neighborhood. i really hope all citizens will begin to rally their representatives to address the problem. that's one freedom convoy i would be happy to support....|tjmachado|2022-02-24 22:13:23.645|0|1|292e47bd-6295-4cdc-a3a7-3c76f120ed1f|article-turn-down-the-racket-were-trying-to-live-here.json|globemail
Thank you for today's Globe column on noise. I whole heartedly concur and let me add: leaf blowers, leaf blowers, leaf blowers. Ear-shattering, pollution belching monsters! Many municipalities have enacted by-laws prohibiting or limiting their use, but no matter how many times I message my councillor, Toronto seems unable to do anything. That's my vent... best, Donnie, Toronto|app_65882812|2022-02-26 19:01:42.527|0|1|d3fc81b1-084c-44c3-9dc1-a000325b1a7d|article-turn-down-the-racket-were-trying-to-live-here.json|globemail
Air conditioners can be oppressive as well.  But you need only check your local by-laws for noise limits, download an app to record the sound levels, and if they exceed the maximum levels allowed, you can call by-law enforcement.  They can be very effective in eliminating unwanted noise.  |sullutuk|2022-02-24 20:21:20.893|0|0|45051554-524a-4158-8dfd-5f482a18c144|article-turn-down-the-racket-were-trying-to-live-here.json|globemail
If I gave you my neighbour's phone number would you give them a call? The personal touch says so much more.   |Fcfrancis|2022-02-24 20:35:46.905|0|0|5d511254-8db5-41db-b7ef-b4c6aad4bec6|article-turn-down-the-racket-were-trying-to-live-here.json|globemail
And the police do nothing. I have watched while a noisy car goes roaring by a police officer and they do nothing. City representatives like Councillor Wong-Tam do nothing. It’s an issue for so many city residents, a candidate willing to do something to stop loud motorists has my vote.|james007|2022-02-26 14:05:14.521|1|0|434f5182-5ae9-4eed-b114-fd03ab8900b8|article-turn-down-the-racket-were-trying-to-live-here.json|globemail
Quite a Sexist comment. |Mike5|2022-02-26 22:17:30.284|1|0|051de50a-726f-4a70-87cd-7066bb751ada|article-turn-down-the-racket-were-trying-to-live-here.json|globemail
Great column. Hopefully an up and coming issue.|Rob88|2022-02-25 02:58:35.927|0|0|d0ad8e04-8f35-4e50-bc32-d53de7784559|article-turn-down-the-racket-were-trying-to-live-here.json|globemail
I agree, Elizabeth.  Silence is golden!|Biff24|2022-02-25 12:03:56.613|0|0|09aa11d3-399a-46ca-a09d-4bf2a578840a|article-turn-down-the-racket-were-trying-to-live-here.json|globemail
Time to move to the country. I live in the inner city in Calgary (a few blocks north of the river and eight blocks down the hill south of the Trans-Canada Highway, which goes right through the city). At night in the summer I close the north side window and leave the south side one open and it's not that noisy. Yes police helicopters, but not daily.  I stay at my sister's in the southern Ontario woods a couple of times a year and it is quiet as a tomb. And just as scary. No thanks!|thorncha|2022-02-25 14:30:49.892|0|0|efe065ab-16e8-479e-bab9-f874fd79eaa5|article-turn-down-the-racket-were-trying-to-live-here.json|globemail
Since I moved to my current location emergency services moved to a location a few short blocks from where I live. I also live near the local airport with aircraft often flying overhead. Sometimes I consider moving but I also dislike moving house.|Ian_BC|2022-02-25 17:48:13.565|0|0|95c402dc-f253-495b-863c-e7eb1fb3bcab|article-turn-down-the-racket-were-trying-to-live-here.json|globemail
The police do nothing about noise from souped up mufflers. The city feels lawless. A 30 minute walk will yield 3 to 4 roaring cars with souped up exhausts. Councillor Wong-Tam doesn’t seem to care.|james007|2022-02-26 14:00:28.196|0|0|2d085eb0-d37a-45fb-ad77-cd9960648e4a|article-turn-down-the-racket-were-trying-to-live-here.json|globemail
No matter how many times I message Councillor Wong-Tam she does nothing.|james007|2022-02-27 03:04:46.320|1|0|ef548767-fc61-4f65-876b-7701d1c63f0e|article-turn-down-the-racket-were-trying-to-live-here.json|globemail
Good column Renzetti. Next up - Light Pollution. Time to legislate these cretins with their blinding led soffit and exterior house lighting.|Dr. Evil|2022-02-26 22:26:23.985|0|0|51e5f3c9-af1c-489b-97f3-f3f18737b897|article-turn-down-the-racket-were-trying-to-live-here.json|globemail
For a lot of city dwellers, the noise is what makes the city seem “alive” and interesting and vibrant and all the other exciting concepts that make up a large city (crowded streets, unusual smells, litter, graffiti, traffic jams, massive neon light signs flashing all through the night, etc.). The what excites the average urbanite. Collectively, it’s called “culture”. If anyone doesn’t like it, they can move to a smaller town and enjoy a cheaper house price at the same time (er….ah…. not any more I guess). |Son 1 of 5|2022-02-26 23:56:11.355|0|0|a3f66b28-c2af-4f21-944a-71d3606a602d|article-turn-down-the-racket-were-trying-to-live-here.json|globemail
