﻿comment|username|datetime|isreply|num_replies|comment_ids|post_id|label
Hundreds of millions in funding to tarnish the oil sands and stop pipelines over the past decade? Right wing conspiracy    Billions in money laundering into Toronto and Vancouver real estate by international crime syndicates since the 1990s? Racist to even talk about it.  Ten million dollars donated by everyday citizens over a two week period? Five alarm fire!!! Ridiculous propaganda by the liberal government, amplified by their  activist journalists.|batzaakir|2022-02-08 08:46:46.039|0|4|bfb8b246-74b2-40a9-819a-9b2ecd7929b6|article-ottawa-has-ability-to-investigate-trucker-convoy-funding-public-safety.json|globemail
Hi Bob:  The site operates in US currency. What's the issue? If just means that a Canadian making a contribution is making that contribution in USD.|CookeV|2022-02-08 14:38:19.436|1|4|90b2dd7b-7988-48b9-bdd7-6770bd19ed21|article-ottawa-has-ability-to-investigate-trucker-convoy-funding-public-safety.json|globemail
Time to change the tin foil hat, and take your medication|ricof|2022-02-08 10:58:16.577|1|4|488bcc0d-454f-447d-ae1d-b69656110cc9|article-ottawa-has-ability-to-investigate-trucker-convoy-funding-public-safety.json|globemail
We hear that Beijing influenced the last Canadian election turning over several seats to Liberals. We now know that Chinese billionaires had private meetings with Liberal brass and donated millions to Trudeau's trust fund. We now know the WE foundation was funneling money to Trudeau's family. We now know that GoFundMe supported the BLM, CHOP and 2020 democrat/liberal supported riots that many from Canada’s chatterng class supported. We now know SNC was saved from corruption charges only later to be given a sole source $400 million contract to build mobile hospitals in Ontario ( still not built).  It's time our leadership stop the double standard, and investigate all of these. But that would require a parliament that is functional not Disfunctional as it is today.|keenrs|2022-02-08 13:38:41.605|0|4|047ad36c-c81b-43ad-b428-bfd70fa48d20|article-ottawa-has-ability-to-investigate-trucker-convoy-funding-public-safety.json|globemail
"OK...so now this:  ""“We have very strong laws in this country that are covered extensively in the Criminal Code that would legally prohibit anybody from contributing to an effort to undermine public safety or national security,” Mr. Mendicino told reporters.""  It is GREAT to hear that the Liberals have suddenly discovered this as an issue!  Timing is a bit curious but...  Maybe after reading ""Wilful Blindness"" by Sam Cooper they could look into some of the PRC funded entities that are (and have been for decades) undercurring the public safety and national security that the LIberal party has suddenly become so concerned about.  That damage is far worse that anything going on in Ottawa right now.  Very much looking forward to hearing back from the MInister on that.    "|MAP|2022-02-08 05:12:56.824|0|4|9c7ac1cb-dd80-4454-a6f3-488a70f9c61a|article-ottawa-has-ability-to-investigate-trucker-convoy-funding-public-safety.json|globemail
The obvious question is if the tools are there, why hasn't anything been done yet?  We've had American environmental groups funneling hundreds of millions of dollars to shut down Alberta and Trans Mountain.  How did that investigation go?  |tip2|2022-02-08 08:54:39.557|0|4|a9caebde-fb00-4c97-9dd5-a360d840582d|article-ottawa-has-ability-to-investigate-trucker-convoy-funding-public-safety.json|globemail
How about checking where the money and people come from regarding the rail and pipeline blockades as well?|PILLOCK|2022-02-08 10:58:05.186|0|3|15d52a93-0f68-4e6b-a341-f2be0ad06447|article-ottawa-has-ability-to-investigate-trucker-convoy-funding-public-safety.json|globemail
As for foreign funding? USD 6,000,000 !!!  Who is adding all those yankee dollahs ?  |Bob.McK|2022-02-08 13:56:57.634|1|3|d823723b-acc3-4acc-b6b3-9c03cc12e33b|article-ottawa-has-ability-to-investigate-trucker-convoy-funding-public-safety.json|globemail
Where are you getting this information? Please point me to links. |Flippintheswitch|2022-02-08 13:54:32.028|1|3|11b82eda-d30a-4336-9b78-c6448435ce5b|article-ottawa-has-ability-to-investigate-trucker-convoy-funding-public-safety.json|globemail
"There is total transparency on the ""givesendgo"" website.  The money has come from 63,405 small donors as of midnight on February 8, most of which are very angry average people in Canada and the USA.  You can audit this for yourself right on the website.  There.  Can I please have a couple of million dollars for that info rather than wasting it on a commission that will find the same thing?  It's not the Russians, it's not China, it's not shadowy US interests.  It's just a whole lot of ticked off average Joes and Janes who want to send a message to their elite masters in Ottawa and DC."|Jesse Pewarchuk|2022-02-08 08:57:27.876|0|3|4a503b60-f3d2-455a-868e-d71f6fbbc0ce|article-ottawa-has-ability-to-investigate-trucker-convoy-funding-public-safety.json|globemail
Let's investigate funding for the trudeau foundation. Let see if we can get some answers around the fired Chinese scientists?|app_72153486|2022-02-08 11:52:54.280|1|2|975d430d-abae-4462-9e8b-9703110bdc95|article-ottawa-has-ability-to-investigate-trucker-convoy-funding-public-safety.json|globemail
Which ones are you suggesting are legal?  Please hand in your test as you leave the room.  a) Blocking railways  b) Blocking access to private property  (e.g. Caledonia)  c) Blocking construction sites  d) Preventing companies from conducting their business  e) Foreign interference in our elections  f) Anything as dictated by the left|Industrial Research|2022-02-08 13:08:14.573|1|2|e739ab6e-50a1-4ed8-8366-faf7dbdbdc7d|article-ottawa-has-ability-to-investigate-trucker-convoy-funding-public-safety.json|globemail
Absolutely terrifying to think that the Libs think they have the right to track donations by Canadians. How will they use this information against us? |Peter Globe2|2022-02-08 16:03:57.765|0|2|a93f819e-3dc2-487b-81ba-2b5e138d6869|article-ottawa-has-ability-to-investigate-trucker-convoy-funding-public-safety.json|globemail
“We need to be very vigilant about external forces, about foreign interference,” Marco Mendicino said.  I think that 99% of Canadians would support blocking foreign funding of political causes in Canada, including the trucker protest, aboriginal protests, interference against Conservative candidates in the federal election, interference in university politics, and interference in various environmental protests.  But once again, Trudeau would prefer to create wedges issues and divide Canadians by only pretending to care about foreign funding when it is directed against his government. |Industrial Research|2022-02-08 11:43:05.582|0|2|b94f0e2f-a0ea-4c90-b4ac-ed2d4d441bac|article-ottawa-has-ability-to-investigate-trucker-convoy-funding-public-safety.json|globemail
MAGA HATS Bergen and Poilievre promote this.  They do not deserve to be in Parliament as the Opposition Party.|jangm|2022-02-08 03:36:20.258|0|2|ff138ffc-7624-49db-a7fa-1d510f53e61a|article-ottawa-has-ability-to-investigate-trucker-convoy-funding-public-safety.json|globemail
According to reports David Alexander Zegarac , who is charged with using a car to hit protesters in Winnipeg, is a far-left activist.  Somehow the Winnipeg Police and most of the media missed that connection.|GMO4|2022-02-08 14:06:26.306|0|2|8c2fea80-b78a-4988-b0a5-e1911812c126|article-ottawa-has-ability-to-investigate-trucker-convoy-funding-public-safety.json|globemail
Thank God for every one of the Institutes you have named. They are the only voices of civilization in Canada’s political wilderness. |lifetimesubscriber |2022-02-08 11:50:12.500|1|2|49bada80-a62b-49e8-9cc9-0df62b798136|article-ottawa-has-ability-to-investigate-trucker-convoy-funding-public-safety.json|globemail
That's exactly correct.  The Chinese government dislikes the Liberal government intensely.  keenr seems to have forgotten the nature of the relations between the Chinese dictatorship and the  Liberal government over the last few years.  Or perhaps he never was aware of the state of  the relationship.  Or perhaps it was too challenging an issue for him to grasp.|Thomas Darcy McGee|2022-02-08 16:36:10.224|1|2|fc5ef40a-2c74-4e10-85d2-3b61d152140a|article-ottawa-has-ability-to-investigate-trucker-convoy-funding-public-safety.json|globemail
Funneling monies....like illegal donations to the liberal party from SNC execs.....or funneling money to WE to keep blackface's ma and bro employed...or funneling $300 million to SNC to build tents or is it the legal,open donations from average Canadians that oppose justin?|john l gee|2022-02-08 09:38:12.545|0|2|1ace1951-28ce-4bfa-acb7-9b2f914d4e63|article-ottawa-has-ability-to-investigate-trucker-convoy-funding-public-safety.json|globemail
A third of the Population support the Truckers.  Once the Army removes the Truckers who is going to replace them? Liberals base don't include people who get their hands dirty working.|Canada allan1|2022-02-08 14:46:05.973|1|2|d09923a2-9540-41f1-b7dc-3452fa257b79|article-ottawa-has-ability-to-investigate-trucker-convoy-funding-public-safety.json|globemail
Sounds good, can they also investigate funding of Canadian politicians while their at it. |HW01|2022-02-08 11:28:50.170|0|2|858b9cb5-c0ec-4e64-bad2-3865454ade3f|article-ottawa-has-ability-to-investigate-trucker-convoy-funding-public-safety.json|globemail
“We need to be very vigilant about external forces, about foreign interference,” he said.  Well........of course we do.  We just seem to reserve our scorn for Russia, China and Iran, perpetually giving the far-right within the United States the go-ahead to interfere in Canadian domestic affairs without giving it a second thought.  Who finances the Fraser Institute? Name them, as in a detailed list of $$$$$ contributed and by who. These people/the Fraser Institute are extremely influential on the Canadian political landscape, yet, we have no idea who the money entities behind the Fraser Institute are.  Jason Kenney went after the Environmental groups, and screwed up royally making himself and Alberta the laughingstock of Canada/the world bu coming back with 53 million dollars over 13 YEARS spent on funding by foreigner entities.  When can we hope for the same kind of scrutiny over foreign funding of the Fraser Institute, the Manning Institute, the CD Howe Institute?  Do tell boys and girls.......  .  |Ivan Dobren|2022-02-08 11:38:18.109|0|2|433dd9e1-72ea-4bc3-9612-0df22b6814c0|article-ottawa-has-ability-to-investigate-trucker-convoy-funding-public-safety.json|globemail
If it's TRUE that most of the money is from the US and Russia the CPC is done for   Imagine getting help with foreign powers  to try and remove the duly elected PM.  That's treason.  And I  believe it is true |Richard Wright|2022-02-08 12:12:49.764|0|2|3af48522-9a60-48bd-a8d9-54dcfb285390|article-ottawa-has-ability-to-investigate-trucker-convoy-funding-public-safety.json|globemail
You can investigate it yourself quite easily.  As of right now, just over 63,000 small donors are listed on the givesendgo website.  There is no mystery.  There's a very sizeable part of the population that is very angry with the government and wants to send a message.|Jesse Pewarchuk|2022-02-08 08:58:54.885|1|2|aa64f4ae-70c6-4a7f-8f8e-4dbc80e9f400|article-ottawa-has-ability-to-investigate-trucker-convoy-funding-public-safety.json|globemail
Flip:  Where have you been the past few years?  In a coma?|Industrial Research|2022-02-08 14:26:56.014|1|2|767748dd-d938-4371-8df1-38e558c0c7b4|article-ottawa-has-ability-to-investigate-trucker-convoy-funding-public-safety.json|globemail
I thought we had enough to worry about with Chinese interference in our electoral system but even worse now we have nefarious American extremists involved in funding insurrection and blockades in our country. |zuglo9|2022-02-08 04:19:02.763|0|2|22fdb451-f9ff-478e-a096-06ff1eb28771|article-ottawa-has-ability-to-investigate-trucker-convoy-funding-public-safety.json|globemail
We now know that this occupation of Ottawa is being led by Ex RCMP and Ex Military forces who are anti vaxxers. They are being funded by foreign contributers to overthrow the democratically elected government of Canada.  This is an  insurrection,  a coup.  This group needs to be labelled insurrectionists who are a threat to our democracy.  They need to be given an injunction to leave without criminal penalty,  otherwise, start charging each driver that won't leave  with sedition which is a criminal offence and impound their trucks.  Everytime a driver gets out of his truck, cuff him and put him jail. Time to stop all payments to the insurrectionists.  This is a coup,  call it what it is.  If the police forces & government can't deal with it as an insurrection, drop all the mandates as requested so the country can get back to work. |app_65115117|2022-02-08 13:02:03.313|0|2|611006eb-7314-4414-94e3-cd3507da8a7c|article-ottawa-has-ability-to-investigate-trucker-convoy-funding-public-safety.json|globemail
So now foreign funding is a big deal. Environmental organizations received foreign funding to disparage our Oil sands. A journalist wrote extensively on the topic of foreign funding.|LSuzuki1|2022-02-08 18:33:11.721|0|2|1def7f11-1f9e-45c2-a8dc-639ea2bc99c4|article-ottawa-has-ability-to-investigate-trucker-convoy-funding-public-safety.json|globemail
Kenney and the UCP government had a so-called inquiry into anti Alberta (the oil industry) foreign funding and found that there was just over 50 million over 17 years to environmental charities with honest concerns on climate change. The inquiry itself at 3.5 million had more funding annually than the environmentalists. No surprise, it was Kenney making up a convenient controversy to get elected. His own inquiry found it was free speech.   I realize it’s actually freedom of expression. What can I say? Alberta. |anne wilson|2022-02-08 13:03:46.235|1|2|994b030a-51b5-4587-a1d4-0eb2e18b0d64|article-ottawa-has-ability-to-investigate-trucker-convoy-funding-public-safety.json|globemail
So, why hasn't the Trudeau Government investigated all of the foreign funding long ago that has come to third part political groups and funded environmental groups against the gas and oil industry?  Because they will only do it when it suits their objectives.  Canada should ban all foreign funding to these groups who are outside influencers.|ThinkAboutIt42|2022-02-08 12:40:50.994|0|2|5b7b4515-e840-4ed6-ae01-341840a122ac|article-ottawa-has-ability-to-investigate-trucker-convoy-funding-public-safety.json|globemail
Maybe there's also secret funding from the PQ and Quebec City? Its in their interest to forment this kind of insurrection to give more credence to the separatist narrative. Time to follow the money but the corrupt LPC are not the people to be doing that.  They're most probably taking a slice off the top and feeding it to the Trudeau Silver Spoon fund, hence his silence.  |bruane|2022-02-08 08:12:53.004|0|2|50e3b725-6f5e-4f93-b699-068e3375a2a3|article-ottawa-has-ability-to-investigate-trucker-convoy-funding-public-safety.json|globemail
While your at it; The spouse of a BLM cofounder just purchased a 7m mansion in Toronto that used to belong to the Communist party.   Maybe we should look into that?   Given that BLM is the exemplary activist group according to the PM. |M. Grimaldi|2022-02-08 14:30:33.625|0|2|679c4af1-4762-41c5-84e0-05d23ba4edc2|article-ottawa-has-ability-to-investigate-trucker-convoy-funding-public-safety.json|globemail
"A must read  FOX:  “GiveSendGo founder rips 'authoritarian' Big Tech after GoFundMe seizes Canadian trucker's cash Canada 'Freedom Convoy' donors flocked to Christian crowdfunding platform GiveSendGo after GoFundMe gave them the boot”  “After GoFundMe shut down fundraising for the Canadian ""Freedom Convoy,"" donors flocked to Christian crowdfunding platform GiveSendGo to support truckers protesting vaccine mandates in Ottawa. The founder and CFO of the platform, Jacob Wells, is now calling out GoFundMe and Big Tech for their ""authoritarian style of social platforms,"" which he says promote bias as fact and causes further division. The campaign ""Freedom Convoy 2022"" has raised nearly $5 million through GiveSendGo as of Monday”  https://www.foxnews.com/us/canada-freedom-convoy-givesendgo-founder-big-tech-gofundme-authoritarian  Bravo 👏 Justin, you are a international joke !!!   "|Rochdale68|2022-02-08 12:12:57.089|0|2|1897bf11-4926-478a-89d1-c5707efd245e|article-ottawa-has-ability-to-investigate-trucker-convoy-funding-public-safety.json|globemail
The Chinese may very well have interfered in the  last election in several races, but they weren't doing it on behalf of the Liberals.  Nor has anyone produced evidence that they were interfering on behalf of the Liberals.  Nor have you presented any evidence at all that the Chinese government influenced the last election to benefit the Liberals.  If you have such evidence, why are you hiding it and why have you not given it to the authorities??  So your post is, in essence, false.   |Thomas Darcy McGee|2022-02-08 16:33:19.084|1|1|2c234c77-368b-465e-9a5f-b1d5db67e6da|article-ottawa-has-ability-to-investigate-trucker-convoy-funding-public-safety.json|globemail
international joke !!!  Almost all the world admires the freedom of Canada.    Aren't you the international j-ke ?    |GregaryPeckary|2022-02-08 12:57:49.148|1|1|5d9ec34e-d4b7-417b-a797-a24dea26671e|article-ottawa-has-ability-to-investigate-trucker-convoy-funding-public-safety.json|globemail
Bob , millions in money laundering coming from China through the west coast casinos...whose following that trail?   Let's investigate china's influence in  the last few elections too. I hear several liberal may have benefited.   But that would mean allowing parliament to function. And handing over intelligence documents that they are preventing.|keenrs|2022-02-08 14:20:51.777|1|1|1fe459dc-ac45-4c9a-8a6a-7277cb3e1f7f|article-ottawa-has-ability-to-investigate-trucker-convoy-funding-public-safety.json|globemail
If they decide to go ahead with that, put China on the list as well for their influence in the last election |JeffSpooner|2022-02-08 11:28:24.741|0|1|fffd0073-d4ef-4f9c-a307-c46792bdfd6b|article-ottawa-has-ability-to-investigate-trucker-convoy-funding-public-safety.json|globemail
So from your figures 2/3 rds. don’t support what the truckers are doing and yet you want their ideology to become law? This is Anarchy. The demonstrators in Ottawa will lose their licenses for years— not rocket science to teach old and new Canadians how to drive these vehicles.  |rbccibcbmo|2022-02-08 16:22:02.036|1|1|9be3320c-8c3e-4e05-a00e-6ad7ad72f0bf|article-ottawa-has-ability-to-investigate-trucker-convoy-funding-public-safety.json|globemail
"It looks like this week's narratives are ""insurrection"" and ""foreign funding"". This after all the previous smears (Nazi rally, white supremacy, fringe minority, violent mob, etc) have been debunked. So, fabricate a new smear, feed it to the obedient media and see if it sticks.  On the insurrection front, the government has already debunked it itself, through inaction. If there was any credible threat of a violent coup against the government, the military would have been deployed to protect Parliament.  Note that this is not the same as using the military to disperse protesters. This is using the military against a military threat. So what's happened on that front? Nothing. No military deployed. Hence, no threat of insurrection.  As for foreign funding? Does anyone really think that foreigners care if Canadians have to show vax passports at restaurants? Or wear masks? They care as much as Canadians do about those same mandates in Germany.  There is less benefit to foreigners on this topic than there is about shutting down Canada's oil sands industry (big bucks implications). Why would they fund anti-mandate rallies if there is nothing in it for them? "|CookeV|2022-02-08 13:27:49.387|0|1|3ce8c9b2-f2cc-4d7c-a725-18a871fdd60f|article-ottawa-has-ability-to-investigate-trucker-convoy-funding-public-safety.json|globemail
What a load of crap.   The only thing we ACTUALLY know is people are disgusted with Liberal divisive politics and are holding them to account.   We see you and we reject you !!!   |Rochdale68|2022-02-08 13:22:26.876|1|1|41ed8112-7370-45cd-b9c8-feba61437c71|article-ottawa-has-ability-to-investigate-trucker-convoy-funding-public-safety.json|globemail
With this Ambassador Bridge blockade —if the military are not brought in to deal with all these blockades we have lost democracy and succumbed to anarchy. Like it or not we have to accept that we Harbour rt. wing zealots just like the U.S. and perhaps we need to learn from them that force is the only way. They are incapable of assimilating rational logic but are driven by pied piper like weakness.|rbccibcbmo|2022-02-08 14:16:45.192|0|1|c092632f-bcd3-4cb5-8a7d-1d788c99d141|article-ottawa-has-ability-to-investigate-trucker-convoy-funding-public-safety.json|globemail
Do you have any indication that the funds were not obtained in an ethical manner?  Does it make any difference who the former owner is?  Or do you just enjoy unrelated broadsides?|WhistlingInTheDark|2022-02-08 15:09:25.926|1|1|6cee9a6a-b928-49b2-a30e-bb67f81cf1e9|article-ottawa-has-ability-to-investigate-trucker-convoy-funding-public-safety.json|globemail
I guess you didn't watch the emergency parliament debate last night or read the news for the last 4 years.    |keenrs|2022-02-08 13:57:06.408|1|1|bbbb5b15-0be8-4d1e-b2a0-1be2c8891dcc|article-ottawa-has-ability-to-investigate-trucker-convoy-funding-public-safety.json|globemail
Give it up   This would be a NOTHING burger in France 🇫🇷   You want to blindly pray at the altar of the most divisive government in Canadian knock your self out !!!  We see Justin and we reject him.  |Rochdale68|2022-02-08 13:24:54.764|1|1|4618b0cd-d9e0-4695-a97c-7ca6b2a7a263|article-ottawa-has-ability-to-investigate-trucker-convoy-funding-public-safety.json|globemail
I think that is what everyone was asking you to do,  insurrectionist.  This is a coup to overthrow a democratically elected government.  If you don't go home,  You and the rest of the insurrectionists need to be charged with sedition, which are criminal charges with prison terms and seize their assets.   |app_65115117|2022-02-08 13:05:16.528|1|1|920cece1-c291-4202-8884-8eca8f5ba68f|article-ottawa-has-ability-to-investigate-trucker-convoy-funding-public-safety.json|globemail
Marco looks like a fool grasping at straws in a sad attempt to salvage the most failed governance in Canadian history.   We see Trudope and we reject you.  Take your racial  slurs, divisive politics and move along !!!|Rochdale68|2022-02-08 12:08:27.742|0|1|2292eb38-c32a-4834-b3b4-468f627518f2|article-ottawa-has-ability-to-investigate-trucker-convoy-funding-public-safety.json|globemail
Go ahead and do so   You wouldnt be the first |Richard Wright|2022-02-08 12:14:51.471|1|1|f1607208-af1d-4da0-b96e-7bb833fdd1b9|article-ottawa-has-ability-to-investigate-trucker-convoy-funding-public-safety.json|globemail
Didn't read the article eh?|Richard Wright|2022-02-08 12:13:08.818|1|1|43222892-67a0-4fc0-9ee2-1e6d7d532a44|article-ottawa-has-ability-to-investigate-trucker-convoy-funding-public-safety.json|globemail
"""Robust government agencies"" Hmm, I didn't know we had any.  What are these agencies, the ministry of sloth and incompitence perhaps, or maybe WCATESOLALGE (who cares about the economy or the standard of living as long as we get elected)."|Keesha|2022-02-08 11:50:50.777|0|1|e5effbe9-c8bd-4d07-b231-ad7dee2dfc2f|article-ottawa-has-ability-to-investigate-trucker-convoy-funding-public-safety.json|globemail
Most of those are perfectly legal and fine though   Foreign money used to try and overthrow the duly elected government however?  That's treason |Richard Wright|2022-02-08 12:14:17.351|1|1|493229ad-afbb-4d00-92b8-b8bbe45c0825|article-ottawa-has-ability-to-investigate-trucker-convoy-funding-public-safety.json|globemail
"""We hear that Beijing influenced the last Canadian election turning over several seats to Liberals."" _____  That's really unlikely. The government of China has no respect, at all, for Mr. Trudeau. It would very much like to see him replaced. . There is, however, at least one riding in Canada where one of the Candidates did or said something that the government of China dislikes, and the Chinese government never forgets that kind of thing, particularly if the person involved is ethnically Chinese.  The government of China is notorious for harassing expatriate Chinese."|OldBanister|2022-02-08 15:04:05.350|1|1|4e6fc822-a431-41bd-b8e4-75b7327fa8ed|article-ottawa-has-ability-to-investigate-trucker-convoy-funding-public-safety.json|globemail
You support China’s authoritarian regime, your opinion is meaningless. |ChuckT|2022-02-08 06:16:56.373|1|1|44922ddd-7609-4895-8e18-38f09bf1b348|article-ottawa-has-ability-to-investigate-trucker-convoy-funding-public-safety.json|globemail
Finally, in the second week of the protest and seventh year of Trudeau and the Liberals being in power, we see some people start to work.  |Free Me|2022-02-08 10:59:47.500|0|1|65b63789-7636-406c-8845-f5ff7c2b663d|article-ottawa-has-ability-to-investigate-trucker-convoy-funding-public-safety.json|globemail
Ottawa has proven to be unable to investigate a two-piece puzzle. |Mom'sMoney|2022-02-08 19:37:52.444|0|1|bc0b6bef-4e4a-4d66-90e7-2ebbbbd3f654|article-ottawa-has-ability-to-investigate-trucker-convoy-funding-public-safety.json|globemail
Alberta already spent millions investigating that   And found nothing   Just last year |Richard Wright|2022-02-08 12:18:10.177|1|1|48564597-2ab9-43ac-9432-6c2e95d02d14|article-ottawa-has-ability-to-investigate-trucker-convoy-funding-public-safety.json|globemail
He is a FORMER parliamentary secretary...|lmc93|2022-02-08 21:01:38.874|1|1|a2300902-44e9-4e2c-aff6-ec4fa1d29889|article-ottawa-has-ability-to-investigate-trucker-convoy-funding-public-safety.json|globemail
Bob, ill-informed? Indeed. |keenrs|2022-02-08 16:15:41.143|1|1|6e6c6afa-2a1c-4cc3-9327-7f7669fb17dc|article-ottawa-has-ability-to-investigate-trucker-convoy-funding-public-safety.json|globemail
Hundreds of millions in funding to tarnish the oil sands and stop pipelines over the past decade? Hundreds of millions? Link please |Bob.McK|2022-02-08 11:45:02.731|1|1|6e8226f0-0c33-442e-a212-5dfd60c5349a|article-ottawa-has-ability-to-investigate-trucker-convoy-funding-public-safety.json|globemail
and these leftists including the G&M all decried Alberta Governments investigation into anti -energy international funding as censorship.  Hypocrisy from these latte sippers is incredible|DMetcalfe17|2022-02-08 18:11:45.403|0|1|5b5b65a2-bae1-4456-9b1f-a7a294141a16|article-ottawa-has-ability-to-investigate-trucker-convoy-funding-public-safety.json|globemail
"""Public Safety Minister Marco Mendicino says the federal government has “robust” investigative agencies that are well-situated to probe financial contributions from outside Canada to causes that would undermine this country’s safety and national security."" _____  This is years, and years overdue."|OldBanister|2022-02-08 14:58:32.222|0|1|9ddb0544-710d-4a4c-8c10-4e32ca7dcfc1|article-ottawa-has-ability-to-investigate-trucker-convoy-funding-public-safety.json|globemail
I wonder if Marco is going to investigate the hundreds of thousands of SNOWBIRDS who flock to the US each winter? I expect many have donated to the GoFundMe cause. Are they considered suspect of foreign influence too??|keenrs|2022-02-08 18:41:44.890|0|1|49bcc8d4-aa72-4221-91de-fac221c9edee|article-ottawa-has-ability-to-investigate-trucker-convoy-funding-public-safety.json|globemail
I'm all for the Government tracking the money to these people.   But wait a sec, why couldn't they track all that money being laundered through Casinos and Housing in Vancouver for the past 20 years?|lizn|2022-02-08 14:52:46.507|0|1|db3fbdbd-14be-4d4f-aefd-156052cb5048|article-ottawa-has-ability-to-investigate-trucker-convoy-funding-public-safety.json|globemail
I hope the government looks into the funding of this and other blockades that affect the rule of law and sovereignty of Canada, including all the illegal eco activist blockades.  I also hope the government does not negotiate with the organisers of this illegal blockade like the did with the organisers of the illegal rail and pipeline blockades.  I also hope that media continues to denounce the politicians that support this illegal blockade, unlike the previous favourable treatment granted to politicians (Mayor and MPs) that illegally blockaded pipelines.  In short, I would like hypocrites from both sides of the political spectrum from justifying illegal blockades. Protests are great, illegal blockades are not.  |Practical Guy from Alberta|2022-02-08 05:15:49.018|0|1|05f58a45-79fe-40cb-94a9-3c70168eddad|article-ottawa-has-ability-to-investigate-trucker-convoy-funding-public-safety.json|globemail
But they can’t get investigate funding when railways are illegally blocked, causing hundreds of millions in damages to Canada’s economy?  Right, because eco-zealots get support from Trudeau and his dunce groomsman.   |ChuckT|2022-02-08 04:13:53.548|0|1|2448bcb7-626a-4585-bedc-cd32574e31e3|article-ottawa-has-ability-to-investigate-trucker-convoy-funding-public-safety.json|globemail
What crime are you alleging they've committed?|Richard Wright|2022-02-08 17:19:26.369|1|1|65021e92-820a-491e-b3f8-331163f83eb3|article-ottawa-has-ability-to-investigate-trucker-convoy-funding-public-safety.json|globemail
Was WE not fully exposed by this very newspaper? |Bob.McK|2022-02-08 11:43:38.721|1|1|7906c51a-aed0-4975-8b1c-e60e004fb49f|article-ottawa-has-ability-to-investigate-trucker-convoy-funding-public-safety.json|globemail
It certainly wasn't this govt that did the expose' or this govt proposing an investigation.|john l gee|2022-02-08 13:39:40.066|1|1|a6e99e87-e942-4128-847c-95b63608ce22|article-ottawa-has-ability-to-investigate-trucker-convoy-funding-public-safety.json|globemail
Funny, the government ignores foreign financial contributions to the ecoradical groups that operate in this country . . . |app_68857773|2022-02-08 14:51:41.437|0|1|d3b5eb45-9675-458c-9c4b-57ee7c53c82d|article-ottawa-has-ability-to-investigate-trucker-convoy-funding-public-safety.json|globemail
The money is coming from the far GOP right through the Russians.  The Russians want to destabilize the west.  You see it already.  Tucker Carlson is siding with the Russians just like Trump did|Mount Manhattan|2022-02-08 17:01:39.691|0|1|0e7462dc-99fb-428e-b61e-e84f0054b96a|article-ottawa-has-ability-to-investigate-trucker-convoy-funding-public-safety.json|globemail
Looks like Quebec liberals are breaking ranks with the PMO...NP today.  Quebec MP Joël Lightbound says, 'I am hopeful as well that there is room in the Liberal Party for dissent'.  Marco better hurry up with that GoFundME investigation, his soldiers are losing faith in their leader.|keenrs|2022-02-08 18:31:13.371|0|1|cd975f0c-a53f-40f5-9b3f-31dc4ce22c54|article-ottawa-has-ability-to-investigate-trucker-convoy-funding-public-safety.json|globemail
Then do it already and stop jawing about it.|Since When|2022-02-08 06:13:29.307|0|1|3945e877-9868-48dd-be6e-87687a3a2cb1|article-ottawa-has-ability-to-investigate-trucker-convoy-funding-public-safety.json|globemail
Try Google. |hal951|2022-02-08 17:41:49.705|1|0|b657df26-86ab-4e01-89f0-09311c22f24f|article-ottawa-has-ability-to-investigate-trucker-convoy-funding-public-safety.json|globemail
Obviously, not where you have been. So enlighten me on the information. |Flippintheswitch|2022-02-08 14:30:26.500|1|0|d1134121-8e88-460b-a624-e1843c5d0bd3|article-ottawa-has-ability-to-investigate-trucker-convoy-funding-public-safety.json|globemail
We don’t know if it was ethical or not. That’s the point.   No one has bothered to look even though BLM was responsible for some of the most violent riots in recent memory. |M. Grimaldi|2022-02-08 23:32:50.993|1|0|6ab67e38-630d-4cd9-bd17-ea560b716253|article-ottawa-has-ability-to-investigate-trucker-convoy-funding-public-safety.json|globemail
"Environmental organizations don't get foreign funding to overthrow a duly elected government, which is the case here. See the shambolic but revelatory ""Letter of Understanding"" penned by the occupation's leaders."|d'Avenport|2022-02-08 21:05:29.655|1|0|741619cc-b18d-4870-9035-5ed5b356ecdb|article-ottawa-has-ability-to-investigate-trucker-convoy-funding-public-safety.json|globemail
Chair of Quebec Liberal caucus, no less. |keenrs|2022-02-08 23:34:11.311|1|0|72c54b76-7eb6-4f58-ad2f-09a0fbc66634|article-ottawa-has-ability-to-investigate-trucker-convoy-funding-public-safety.json|globemail
You are now the new linkman|aa3|2022-02-08 14:19:31.035|1|0|e38f2377-d896-40ef-b99e-a1119ed8026b|article-ottawa-has-ability-to-investigate-trucker-convoy-funding-public-safety.json|globemail
Or lazy|Joe_Canuck|2022-02-08 14:17:53.376|1|0|38733c84-db9b-4645-a659-038e4d02f6f1|article-ottawa-has-ability-to-investigate-trucker-convoy-funding-public-safety.json|globemail
Bite your tongue! Nothing to see here! How dare you state the truth?!|lmc93|2022-02-08 21:01:00.597|1|0|595539cf-ce84-4a3a-bde2-44ca57702c01|article-ottawa-has-ability-to-investigate-trucker-convoy-funding-public-safety.json|globemail
I was also wondering about the Canadian Snowbirds that received free vaccinations in the US Sunshine States, are they classified as unvaccinated because they didn't receive their vaccinations in Canada? |app_72733276|2022-02-09 19:28:23.692|1|0|4a4e4510-14ed-4783-97f8-9f5a15b3ce93|article-ottawa-has-ability-to-investigate-trucker-convoy-funding-public-safety.json|globemail
Putin never uses his own accounts; Xi Jinping doesn't either.  Trump never uses his own money for anything; he collects money from acolytes; he doesn't give it out!  US Evangelicals don't give money out either; they collect it from the gullible.  Perhaps some of these peoples' followers contributed; not surprising considering the nonsense they swallow daily!|B.S.H|2022-02-08 18:54:05.253|0|0|b665eb0b-d22b-448c-8f88-04959d0e20c9|article-ottawa-has-ability-to-investigate-trucker-convoy-funding-public-safety.json|globemail
Or a one car funeral...|lmc93|2022-02-08 20:59:51.511|1|0|051efd49-b9d7-4b4e-a5ce-95bbeb44a1cb|article-ottawa-has-ability-to-investigate-trucker-convoy-funding-public-safety.json|globemail
"""who is adding those yankee dollars"" ?  Snowbirds"|keenrs|2022-02-08 18:12:33.492|1|0|43e881ed-c7aa-4c08-b6c0-fa189e544e80|article-ottawa-has-ability-to-investigate-trucker-convoy-funding-public-safety.json|globemail
"Unfortunately, I don't see anything ""robust"" happening in the government response to the Ottawa hostage-taking. How about the War Measures Act? JT should take a page from his father's book!"|d'Avenport|2022-02-08 21:03:10.021|0|0|1603e5ec-08e9-456d-86db-fbc76a5c9199|article-ottawa-has-ability-to-investigate-trucker-convoy-funding-public-safety.json|globemail
So now foreign funding is a big deal.  Environmental organizations received foreign funding to disparage our Oil sands.  A journalist wrote extensively on the topic of foreign funding.|LSuzuki1|2022-02-08 18:33:01.477|1|0|50cb9027-42cb-49cc-a15e-f90a1f6a48c7|article-ottawa-has-ability-to-investigate-trucker-convoy-funding-public-safety.json|globemail
It specifically says they want to understand FOREIGN FUNDS, not Canadian funds  If it's true that Russia and China contributed hundreds of thousands to this we need to know  Do you want to align with Russia and China?|Richard Wright|2022-02-08 17:18:26.177|1|0|9603e759-5cf4-4e0b-830c-1b49b4982ca0|article-ottawa-has-ability-to-investigate-trucker-convoy-funding-public-safety.json|globemail
Majority of the money raised is from people of foreign countries |DougS1|2022-02-08 18:02:40.319|0|0|3d359618-3fc0-470c-b678-646dae9487f8|article-ottawa-has-ability-to-investigate-trucker-convoy-funding-public-safety.json|globemail
Xi is very efficient with his use of China's money.....his copy of the WPG NDA is worth many times the cost to get it and he has ear of the PM anytime of the day or night|aa3|2022-02-08 17:57:01.428|0|0|940d82cc-e019-4a18-9615-25cb47fb5e4d|article-ottawa-has-ability-to-investigate-trucker-convoy-funding-public-safety.json|globemail
Over 90 percent of truckers are still on road driving for us, not at some convoy protest  These truckers can all lose their jobs for all we care now, they brought it on themselves|Richard Wright|2022-02-08 17:20:13.940|1|0|f32ecd44-7c1d-4bdb-a76c-581b8c7d456a|article-ottawa-has-ability-to-investigate-trucker-convoy-funding-public-safety.json|globemail
""" not rocket science to teach old and new Canadians how to drive these vehicles."" -----------------------------------------------------  Yep, just like the guy who hit the Humboldt Bronco's bus. "|app_69608563|2022-02-08 19:40:13.411|1|0|eed015f4-02af-4b67-9424-3a74bd570d29|article-ottawa-has-ability-to-investigate-trucker-convoy-funding-public-safety.json|globemail
"Grim posts:  ""The spouse of a BLM cofounder just purchased a 7m mansion in Toronto that used to belong to the Communist party.""  --  I see that is on Infowars.  Where it belongs.   "|Thomas Darcy McGee|2022-02-08 16:26:21.725|1|0|2e3a5857-2b89-4810-9a1b-fd3da2422a05|article-ottawa-has-ability-to-investigate-trucker-convoy-funding-public-safety.json|globemail
I saw it and it's terrible, lock him up  But the convoy in Ottawa is still an issue|Richard Wright|2022-02-08 17:20:49.754|1|0|72cb41df-f382-4744-8970-f0907bd08026|article-ottawa-has-ability-to-investigate-trucker-convoy-funding-public-safety.json|globemail
anti  energy development propaganda ...energy of course is key to national security.  Fraud is another word for it that resulted in financial harm to a province and industry.  ...but your ok with that as it supports your brain conditioned narrative|DMetcalfe17|2022-02-08 18:13:34.039|1|0|5c58beff-d17d-46e2-879b-79d63be3f001|article-ottawa-has-ability-to-investigate-trucker-convoy-funding-public-safety.json|globemail
Mr. Zegarac must have learned the tactic from far-right activist James Alex Fields, Jr.  Apparently he didn't learn it very well as this Canadian hit-and-run only resulted in three people sustaining minor injuries and were treated at the scene by Winnipeg Fire Paramedic Service.  The fourth was treated in hospital and released.  Far-right extremist James Alex Fields, Jr proved to be much more efficient, killing one and injuring dozens in Charlottesville.   |Thomas Darcy McGee|2022-02-08 16:51:41.141|1|0|702934c0-4eb3-4f19-9936-d3c230eb7c12|article-ottawa-has-ability-to-investigate-trucker-convoy-funding-public-safety.json|globemail
Discovering who donated through a public website is not the same as tracking cash-based transactions in a casino|Richard Wright|2022-02-08 17:19:10.874|1|0|aef8a394-7977-464e-a0f7-2fa470894e13|article-ottawa-has-ability-to-investigate-trucker-convoy-funding-public-safety.json|globemail
Yes you have the means to do it. Unfortunately like their leader Trudeau they won't use them.|Mac45|2022-02-08 14:57:27.391|0|0|95006f1c-a7d1-46c8-8871-78a1a1d14b06|article-ottawa-has-ability-to-investigate-trucker-convoy-funding-public-safety.json|globemail
Oops. I must be on the wrong comment section. Vitriol aplenty. |Flippintheswitch|2022-02-08 13:57:37.657|0|0|804c4bbb-4ea1-4381-aef1-32f1c86eb1e9|article-ottawa-has-ability-to-investigate-trucker-convoy-funding-public-safety.json|globemail
Go after Zuckerberg...  https://www.facebook.com/Freedom-Convoy-2022-100286905896085/ |Bob.McK|2022-02-08 13:53:47.939|0|0|b0fcdc69-b51f-4503-99fd-a54054742a71|article-ottawa-has-ability-to-investigate-trucker-convoy-funding-public-safety.json|globemail
Agreed!|HeatherDavid|2022-02-08 16:06:59.692|1|0|3ad7012e-1728-4697-bcef-7d476ce9eb02|article-ottawa-has-ability-to-investigate-trucker-convoy-funding-public-safety.json|globemail
The report specifically said it did NOT change the results of any riding  But we need to be wary to make sure it doesn't|Richard Wright|2022-02-08 17:21:19.686|1|0|2de9e52a-f9bf-4c1f-82ba-65b63669e93b|article-ottawa-has-ability-to-investigate-trucker-convoy-funding-public-safety.json|globemail
Dear Globe. Please stop referring to the events as protests. They stopped fitting the definition of protest and became an internationally funded insurrection before the original truckers convoy even got to Ottawa. |marga1|2022-02-08 15:58:52.510|0|0|30135d95-a230-40ed-b9ab-bc309489bf3e|article-ottawa-has-ability-to-investigate-trucker-convoy-funding-public-safety.json|globemail
Doubting Thomas, the defender of Liberal wrong-doing. Hang on to the flag Tommy.|keenrs|2022-02-08 17:01:24.933|1|0|332340a7-b3ad-480d-a277-b00988e80b2e|article-ottawa-has-ability-to-investigate-trucker-convoy-funding-public-safety.json|globemail
Of course they would have that right where the funding of criminal activity is going on.  Why would you want to hamstring the government's capacity to stop  the funding of crime?   |Thomas Darcy McGee|2022-02-08 16:40:06.395|1|0|e40ff21a-efdc-4dd1-b1db-d1b134200339|article-ottawa-has-ability-to-investigate-trucker-convoy-funding-public-safety.json|globemail
"Hows that Huawei decision coming along?   When are you going to take action on the Millions in money laundering coming in daily from Beijing via the west coast?  So how much did Trudeau receive from the Beijing contingent he met with privately only to receiv millions later in a donation to his Trust?  Whats with the Winnipeg scientists, secretly jettisoned home, and with the Liberals suing their own speaker of the house to prevent the story from coming out?  Maybe the Chinese Gov't doesn't like the little potatoe, but they are sure having their way with him and his gov't.  Is this part of calling in their favors?  Ok, keep defending this, while you chase peaceful Canadian protestors who want some action on MANY MANY FILES ignored by the PM.  I'll refer you to a couple of reads as well: ""Claws of the Panda"", or ""Silent Invasion"".. Or check out former intelligence reports and former ambassadors  of China who have been raising alarms for years.    "|keenrs|2022-02-08 16:54:00.272|1|0|868255b1-decb-4aa5-86e9-650f947ffbcf|article-ottawa-has-ability-to-investigate-trucker-convoy-funding-public-safety.json|globemail
False, hundreds of thousands of dollars were donated openly from the US alone - you can see it right there on the website  We also know Russia and China donated hundreds of thousands, either directly or through their citizens in North America  That's whose donating|Richard Wright|2022-02-08 17:22:43.804|1|0|e2a33380-ad1c-4644-aac2-137c2198248b|article-ottawa-has-ability-to-investigate-trucker-convoy-funding-public-safety.json|globemail
Only biden's son is being investigated with russia ties.  Recall, the Dems gave up on the Russua conpsiracy after 4 years and no proof. Now the Canadian Liberal chattering class (always a step behind their Democrat cousins) will try the same stupid conspiracy in an effort to distract from their own failed leadership.|keenrs|2022-02-08 18:18:08.490|1|0|66d5cb7f-9bca-45ee-8cef-e97973a81642|article-ottawa-has-ability-to-investigate-trucker-convoy-funding-public-safety.json|globemail
It's mis-direction.|OldBanister|2022-02-08 16:52:36.080|1|0|cca23a7f-9444-4c82-a47f-2f6499b6b677|article-ottawa-has-ability-to-investigate-trucker-convoy-funding-public-safety.json|globemail
I wonder how many of those alleged US donations are from SnowBirds?|keenrs|2022-02-08 18:11:34.869|1|0|dd5be13d-6811-46e1-9241-03f9b1631ddb|article-ottawa-has-ability-to-investigate-trucker-convoy-funding-public-safety.json|globemail
"It is unlikely that Russia has supplied any of the funding. . But you can be certain that the Russian propaganda machine is having a field day with this. Over the last ten years they have persistently and consistently stoked division in western democracies by using social media to amplify stuff like this, to make it more toxic and more divisive.  They are the world leaders at that activity. This event is a huge propaganda gift to Russia. It might as well be wrapped with a big red ribbon that says ""To Vladimir, with Love"". . As for the money (and organization) from the US, that is certainly stamped all over this.  . For many years people have been warning the government about this threat. Our government has been very poor at understanding how dangerous it is, how well funded it is, and how urgent it is to take vastly stronger steps to protect our Democratic Institutions."|OldBanister|2022-02-08 17:30:15.469|1|0|316ca449-f7fb-407e-8eeb-a7517f99fddb|article-ottawa-has-ability-to-investigate-trucker-convoy-funding-public-safety.json|globemail
Hi Bob:  I addressed that in my post: There is no advantage to anyone foreign to donate to what is purely an internal Canadian policy, affecting only Canadians.  Yes, there may be the odd foreigner who does donate out of sympathy. But given the findings of the Alberta Anti-Oil audit, where REAL money was at stake, the donations to this campaign would be rounding error in the grand scheme of things.|CookeV|2022-02-08 16:43:11.750|1|0|bea789aa-9b21-45e6-a1f0-1daf19035e19|article-ottawa-has-ability-to-investigate-trucker-convoy-funding-public-safety.json|globemail
The PQ? . You must be joking. The PQ is one of the most law abiding political parties in Canada.|OldBanister|2022-02-08 14:38:35.148|1|0|90bef707-cc2c-4465-b4c0-d41c0e12594e|article-ottawa-has-ability-to-investigate-trucker-convoy-funding-public-safety.json|globemail
So if you can audit this right on the website please tell me who the source of the Anonymous $215,000 USD is from.    GiveSendGo just like GoFund me does not publically show who is making the donation.  You can list any public name you want.  Now I am sure the website know who is making the donations because they need to for Fintrac and in the case a refund is needed.|Jennifer_M|2022-02-08 12:30:20.604|1|0|ad4ac562-c07f-4b3f-8855-143ec86fa1d4|article-ottawa-has-ability-to-investigate-trucker-convoy-funding-public-safety.json|globemail
That's false theres no proper paper trail or audit trail available to the public   I've looked at the site it doesnt provide the answers |Richard Wright|2022-02-08 12:16:51.350|1|0|08809b32-18cc-43ff-874f-813274086c02|article-ottawa-has-ability-to-investigate-trucker-convoy-funding-public-safety.json|globemail
"""... hundreds of millions of dollars ..."" . In what universe? . Laughable."|OldBanister|2022-02-08 14:41:38.861|1|0|95c35bc6-a842-42b9-9128-3ecaf8edd2e3|article-ottawa-has-ability-to-investigate-trucker-convoy-funding-public-safety.json|globemail
Environmental charities were proven to be honestly concerned and using their freedom of expression. The funds were less than 54 million over 17 years. This is from the UCP inquiry report. |anne wilson|2022-02-08 13:11:46.437|1|0|37669f22-cfb0-40ec-ab57-1f0e6f2dfa88|article-ottawa-has-ability-to-investigate-trucker-convoy-funding-public-safety.json|globemail
That was investigated and proven not illegal   This is different   The stated goals are to overthrow the government not to save the whales |Richard Wright|2022-02-08 12:17:36.205|1|0|0585b774-89a0-4483-a596-42d198b3b1c0|article-ottawa-has-ability-to-investigate-trucker-convoy-funding-public-safety.json|globemail
Like Trudeau has personally stated:  I have joined protests for causes I believe in.   He has always known where the money came from on those issues - but he is a hypocrite. |Free Me|2022-02-08 11:01:36.105|1|0|44a7d842-8b28-4fde-814a-910385bc0103|article-ottawa-has-ability-to-investigate-trucker-convoy-funding-public-safety.json|globemail
So now foreign funding is a big deal.  Environmental organizations received foreign funding to disparage our Oil sands.  A journalist wrote extensively on the topic of foreign funding.|LSuzuki1|2022-02-08 18:34:37.307|1|0|b275c2cd-f638-4f45-a877-20c173a6080e|article-ottawa-has-ability-to-investigate-trucker-convoy-funding-public-safety.json|globemail
Notably the Government of Alberta did not investigate Oil Industry funding of Climate Change Denial.|OldBanister|2022-02-08 14:40:08.789|1|0|1c824c93-e1ed-4214-80bd-f4e476076e0f|article-ottawa-has-ability-to-investigate-trucker-convoy-funding-public-safety.json|globemail
Not seeing a link. |Bob.McK|2022-02-08 16:29:07.163|1|0|50357e0e-93fc-4f6c-8505-28e36d70cb1e|article-ottawa-has-ability-to-investigate-trucker-convoy-funding-public-safety.json|globemail
Boys let's keep this civil eh?|Corey Zimmermann|2022-02-08 17:38:25.084|1|0|3eb0f2e6-33e8-4436-975d-2d27c20e0825|article-ottawa-has-ability-to-investigate-trucker-convoy-funding-public-safety.json|globemail
Ricof go back to your cave. You’ll feel safer there.|lifetimesubscriber |2022-02-08 11:53:20.732|1|0|7edcd2a4-a095-4e66-a20e-6913c90acc02|article-ottawa-has-ability-to-investigate-trucker-convoy-funding-public-safety.json|globemail
"ricf:  Please do tell us, what did Batzaakir write that was ""tin foil hat"" untrue?"|Industrial Research|2022-02-08 11:48:23.360|1|0|c79c4214-414b-43b2-81ba-0ecb82a19a89|article-ottawa-has-ability-to-investigate-trucker-convoy-funding-public-safety.json|globemail
Time to stop hacking your daddys G&M account kiddie|QueChimba1|2022-02-08 11:08:43.518|1|0|fe1c34d4-3188-437c-babd-4073d0771a14|article-ottawa-has-ability-to-investigate-trucker-convoy-funding-public-safety.json|globemail
Fevered imagination |Bob.McK|2022-02-08 11:45:27.332|1|0|34b39ec5-a871-4e58-be30-426b2b2524c6|article-ottawa-has-ability-to-investigate-trucker-convoy-funding-public-safety.json|globemail
It was The Globe and Mail which you clowns keep saying has been bribed by the media fund. You just keep spinning and spinning. |Bob.McK|2022-02-08 14:01:22.554|1|0|4acafedf-f87d-4386-8b0d-26a4beacaf66|article-ottawa-has-ability-to-investigate-trucker-convoy-funding-public-safety.json|globemail
'zackley what i was thinking...|ricof|2022-02-08 10:59:29.604|1|0|13d64da9-eb43-4314-b056-28815f6b8dfe|article-ottawa-has-ability-to-investigate-trucker-convoy-funding-public-safety.json|globemail
If all 63K are CDN then you are looking  at 0.16% of the Population - this isn't a sizeable part of the population.|Jennifer_M|2022-02-08 12:26:19.990|1|0|d1692514-fe40-4cc2-97cd-6d13e33de6ab|article-ottawa-has-ability-to-investigate-trucker-convoy-funding-public-safety.json|globemail
As of right now, just over 63,000 small donors are listed on the givesendgo website A lot of the money donated is in USD. Why is that? |Bob.McK|2022-02-08 11:46:20.836|1|0|7993f566-3d05-4a37-a003-cb96deac30ce|article-ottawa-has-ability-to-investigate-trucker-convoy-funding-public-safety.json|globemail
I'm no fan of the PRC or President Xi, and China is a problem, to be sure. . But China wouldn't even make the podium when it comes to groups that are undermining elections and public safety in Canada.  Not close.|OldBanister|2022-02-08 14:37:14.599|1|0|242d85b8-8567-4aed-9475-ed8979bb876f|article-ottawa-has-ability-to-investigate-trucker-convoy-funding-public-safety.json|globemail
To be clear our police agencies do the investigations not the government itself   And they dont take orders from elected officials justice is seperate on purpose    |Richard Wright|2022-02-08 12:19:29.401|1|0|b0bfe8c5-60c8-45e1-997c-02799a2781bc|article-ottawa-has-ability-to-investigate-trucker-convoy-funding-public-safety.json|globemail
How are the protestors undermining national security?|Skeptical Man|2022-02-08 11:58:47.320|1|0|69cda60c-9d67-413f-a1d2-e1d46a0cb8fe|article-ottawa-has-ability-to-investigate-trucker-convoy-funding-public-safety.json|globemail
"should be ""undercutting""."|MAP|2022-02-08 06:30:00.653|1|0|9e3f4b53-5043-43e5-bc5f-0c9330c9ec3a|article-ottawa-has-ability-to-investigate-trucker-convoy-funding-public-safety.json|globemail
Great Keith Wilson, CPC hack funnelling money to the so-called truckers.  Time to stop pretending that this is anything but an Alberta based CPC game to embarrass the government and disrupt the lives of the hated eastern Canadians.  |Fralick56|2022-02-08 04:38:40.917|0|0|8f7a3dcf-efe3-4f15-a9e9-e826dbe6c8ec|article-ottawa-has-ability-to-investigate-trucker-convoy-funding-public-safety.json|globemail
The Chinese? . Take a number, and stand in line. . There are plenty of groups well ahead of China when it comes to interference in Canada's electoral system.|OldBanister|2022-02-08 14:35:15.471|1|0|9af70cd0-98af-4848-84ae-e6176c197433|article-ottawa-has-ability-to-investigate-trucker-convoy-funding-public-safety.json|globemail
"Not sure if your are being facetious or not.  If not, I'll ask you what I get asked whenever I make a statement on this board?  ""What is the source of your information regarding the nefarious Americans involved in funding insurrection and blockades in our country.""?   "|MAP|2022-02-08 05:06:55.172|1|0|b2ecece8-bb07-49a4-abf8-67505ea476d5|article-ottawa-has-ability-to-investigate-trucker-convoy-funding-public-safety.json|globemail
Who says they cant?  We just did it last year |Richard Wright|2022-02-08 12:20:00.870|1|0|cd383512-c0bc-49c7-8b69-0e943c93e19d|article-ottawa-has-ability-to-investigate-trucker-convoy-funding-public-safety.json|globemail
Typical response from a left wing supporter.   You will stop at nothing short of completely silencing anyone who disagrees with The Party.   |Industrial Research|2022-02-08 11:53:31.544|1|0|075e0515-fa2e-40fe-82be-be8fcece8f39|article-ottawa-has-ability-to-investigate-trucker-convoy-funding-public-safety.json|globemail
your opinion is meaningless.   Woah there ChuckT. Watch that cancel culture!!! |Bob.McK|2022-02-08 11:47:16.777|1|0|0f7feda5-cd0c-4b7e-bf4c-5d68f5c5187b|article-ottawa-has-ability-to-investigate-trucker-convoy-funding-public-safety.json|globemail
"""It's not the Russians, it's not China, it's not shadowy US interests."" _____  You don't know that, at all. . China is unlikely, that's probably true.  This isn't China's kind of game. . But if you think that Russian Intelligence isn't having a field day with this, you're dreaming. This event is an absolute gift to the Russian Propaganda machine. They are notorious for infiltrating and amplifying white supremacist movements all across Europe. This is like Christmas, five times a day for them. . And as for US interests, again, that is improbable, given the history of white supremacy in the US, and of the entities that have consistently funded christian white nationalism in the US over the last 150 years. "|OldBanister|2022-02-08 14:49:26.143|1|0|5937a364-8933-45d0-ad91-4df44f77b242|article-ottawa-has-ability-to-investigate-trucker-convoy-funding-public-safety.json|globemail
Those were all big scandals yes   And this will be even bigger if proven true |Richard Wright|2022-02-08 12:16:00.633|1|0|b6b60626-8bb5-4afe-ac4d-549b3635a698|article-ottawa-has-ability-to-investigate-trucker-convoy-funding-public-safety.json|globemail
What's the issue? How would you know who's making the contributions? This has entered the Republican media stream courtesy of the usual suspects: Carlson, DeSantis, Cruz and the big noise himself, Trump.  Sloly has said there is substantial involvement of foreign money. This will be investigated. Then we'll find out what the issue is. |Bob.McK|2022-02-08 15:27:02.511|1|0|165664ba-a2c9-431f-8b30-17bc8e0e756d|article-ottawa-has-ability-to-investigate-trucker-convoy-funding-public-safety.json|globemail
Did they demand that the government be dissolved? |Bob.McK|2022-02-08 15:28:05.199|1|0|194209b6-cea7-4a2d-b752-e90289934b49|article-ottawa-has-ability-to-investigate-trucker-convoy-funding-public-safety.json|globemail
Squirrel !!! |Bob.McK|2022-02-08 14:49:14.387|1|0|8218eede-bcbc-4ab3-a575-4f3912b74350|article-ottawa-has-ability-to-investigate-trucker-convoy-funding-public-safety.json|globemail
We now know that this occupation of Ottawa is being led by Ex RCMP and Ex Military forces who are anti vaxxers. Link please. |Bob.McK|2022-02-08 14:49:56.462|1|0|4cdd3086-2366-428d-b89f-5883ff9a8355|article-ottawa-has-ability-to-investigate-trucker-convoy-funding-public-safety.json|globemail
Rubbish|rbccibcbmo|2022-02-08 14:17:55.943|1|0|63d84fb2-2b97-4053-a873-c3e8ec6a2845|article-ottawa-has-ability-to-investigate-trucker-convoy-funding-public-safety.json|globemail
What law are you alleging they broke?  Here there's laws being broken|Richard Wright|2022-02-08 17:23:07.803|1|0|65f44c49-bef8-4817-bfd2-8334bb281fa9|article-ottawa-has-ability-to-investigate-trucker-convoy-funding-public-safety.json|globemail
Drumming up your usual NDP  verbiage?|rbccibcbmo|2022-02-08 14:19:28.779|1|0|4e7c9c70-0935-430e-a8cb-f3638d08aa2e|article-ottawa-has-ability-to-investigate-trucker-convoy-funding-public-safety.json|globemail
The Alberta study you reference Anne, comfirmed foreign infuence by  environmental donors and oil and gas competitors around the world, to namely landlock Canada's production. They used Canadian  eco-activist thugs to create blockades around pipeline infrastructure. These thugs were more willing to destroy our economy whilen the  federal government stood by and did nothing.  The freedom convoy wants our economy to open and wants mandates lifted to save jobs. So far the feds have stood by and thrown verbal assaults which is beyond stupid for the highest office leader to do.  Peaceful protests are legal in Canada. But when blockades are used like the pipeline, railline, border crossing or highways then they are not legal.  So, the convoy freedom must stop. Too bad the feds  didn't set precedent on other left leaning protests. That will only fuel more anger now.|keenrs|2022-02-08 14:14:51.116|1|0|c1b48b6c-92f9-4ca7-8296-94fdfa466e24|article-ottawa-has-ability-to-investigate-trucker-convoy-funding-public-safety.json|globemail
In true socialist fashion its not enough to just denounce the truckers you must go after their families, those who support them, anyone who says they agree with them. This article has convinced me to donate to the truckers cause. Again. |art_2011|2022-02-08 12:19:26.709|0|0|e265e06c-db1e-44b2-a22a-27c997bb47ee|article-ottawa-has-ability-to-investigate-trucker-convoy-funding-public-safety.json|globemail
This all adds to the Trudeau Inflation.  Happy Retirement everybody!!!|Canada allan1|2022-02-08 12:16:58.657|0|0|e1465fc8-e902-4780-b3d5-274ebd668ab6|article-ottawa-has-ability-to-investigate-trucker-convoy-funding-public-safety.json|globemail
"Did you click the ""Pray"" button? "|Bob.McK|2022-02-08 13:58:43.489|1|0|60afc3aa-a25d-4346-a250-7487ecf993de|article-ottawa-has-ability-to-investigate-trucker-convoy-funding-public-safety.json|globemail
Only Justin ! |Rochdale68|2022-02-08 13:22:45.855|1|0|232f17b2-685d-44d3-a8b1-b2e3273003c5|article-ottawa-has-ability-to-investigate-trucker-convoy-funding-public-safety.json|globemail
80,000 donations on gofundme for the truckers. Largest was 25,000. Average was $50. All this information was publically available information until gofundme took down the page.   No one tried to remove Trudeau from power.   No one is committing treason.   Looking forward to the investigation so that - once again - these baseless accusations will be proven false just like all the rest of vilification attempts against the protesters.   |HeatherDavid|2022-02-08 16:46:37.624|1|0|f4e66691-85b2-4261-a2cb-76ae01f634c5|article-ottawa-has-ability-to-investigate-trucker-convoy-funding-public-safety.json|globemail
Move to France.|app_69680838|2022-02-08 14:14:43.137|1|0|0fc046f1-3697-4f29-8903-57fc10d133fd|article-ottawa-has-ability-to-investigate-trucker-convoy-funding-public-safety.json|globemail
Why do you say that?  Explain why you came to that conclusion or don't bother to comment on my post with some 5 word insult.|Keesha|2022-02-08 13:51:27.514|1|0|34ca24ac-f44b-4a0d-be90-45b42e80468d|article-ottawa-has-ability-to-investigate-trucker-convoy-funding-public-safety.json|globemail
Liberals are slime !!|Rochdale68|2022-02-08 13:33:27.149|1|0|1fd5d48e-666e-4f47-83a4-bc8cf79c4652|article-ottawa-has-ability-to-investigate-trucker-convoy-funding-public-safety.json|globemail
Did they demand the dissolution of government? |Bob.McK|2022-02-08 11:43:11.033|1|0|11010704-080d-426c-8331-0ddb8ce959cf|article-ottawa-has-ability-to-investigate-trucker-convoy-funding-public-safety.json|globemail
I think a lot of Canadians would support Trudeau resigning.   Labeling people as “Racist” in an attempt to score political points is disturbing.   RESIGN !!!   |Rochdale68|2022-02-08 12:03:08.712|1|0|a32a7254-2959-4b04-87f4-9be37015ecdc|article-ottawa-has-ability-to-investigate-trucker-convoy-funding-public-safety.json|globemail
Well, that's much more the style of thing that China is notorious for doing. But the lawlessness in Ottawa doesn't look like China. Not at all.|OldBanister|2022-02-08 14:55:21.253|1|0|97efcb6a-7267-42b2-8478-4e53a6541928|article-ottawa-has-ability-to-investigate-trucker-convoy-funding-public-safety.json|globemail
would we find anything going to maggie?  Or anything going to his father in Cuba?|aa3|2022-02-08 13:37:31.971|1|0|45436c68-7a01-4e12-a444-a4a50b3d50cb|article-ottawa-has-ability-to-investigate-trucker-convoy-funding-public-safety.json|globemail
right wing propaganda  |app_65115117|2022-02-08 13:06:27.427|1|0|acbed4bb-596b-4728-b457-af7b090d58fa|article-ottawa-has-ability-to-investigate-trucker-convoy-funding-public-safety.json|globemail
Certainly not the Fraser Institute.|kevin8790|2022-02-08 12:29:45.282|1|0|d650a4ac-8138-4c5d-86b6-dc38e7d77df2|article-ottawa-has-ability-to-investigate-trucker-convoy-funding-public-safety.json|globemail
The Liberal slugs are on a witch hunt.  How about Justin starts with an apology for defaming the working men and women of this country !!!    |Rochdale68|2022-02-08 11:34:56.326|0|0|1c427e5e-ad20-4cbe-b80c-b203b2256037|article-ottawa-has-ability-to-investigate-trucker-convoy-funding-public-safety.json|globemail
If you paid attention, you'd know that this is done after every election. |Moimeme|2022-02-08 12:10:33.271|1|0|0a45d8d8-fd70-48c6-85c2-0a34fafe55b2|article-ottawa-has-ability-to-investigate-trucker-convoy-funding-public-safety.json|globemail
Canadian political funding is very tightly regulated with requirements for record keeping. Monkey business gets you jail terms as Del Mastro found out. Don't try to push that trope here. |Bob.McK|2022-02-08 11:42:28.170|1|0|5d2cbb1f-90d5-44f7-a14a-48408eca92c8|article-ottawa-has-ability-to-investigate-trucker-convoy-funding-public-safety.json|globemail
Fine, put China on the list. But this doesn't look like their kind of campaign at all. China has no history of finding white supremacist groups.    |OldBanister|2022-02-08 14:52:47.819|1|0|73b26ab1-582a-43f4-a544-0eaa676d3111|article-ottawa-has-ability-to-investigate-trucker-convoy-funding-public-safety.json|globemail
When a semi goes to the wrecker how much do they make in parts ?    |GregaryPeckary|2022-02-08 11:27:02.604|0|0|145a49f7-2d58-4873-a57f-c88865060e0b|article-ottawa-has-ability-to-investigate-trucker-convoy-funding-public-safety.json|globemail
NOPE !    Canada is doing comparatively well in the world and is positioned to do well in the future.  Nice try on the misinformation though.   |GregaryPeckary|2022-02-08 11:31:43.626|1|0|27bccd37-d9a0-4b45-a37d-f81b5a9c3b6c|article-ottawa-has-ability-to-investigate-trucker-convoy-funding-public-safety.json|globemail
I think Kenny tried that and it was a joke.|kevin8790|2022-02-08 12:30:56.332|1|0|3d7e540c-70df-414e-bc39-e24b6f26e3a6|article-ottawa-has-ability-to-investigate-trucker-convoy-funding-public-safety.json|globemail
No no funding globalist elite agendas is fine, let’s not be silly !!|Rochdale68|2022-02-08 12:04:12.221|1|0|ae13ae05-4e8e-4290-87be-9b7d74e397d7|article-ottawa-has-ability-to-investigate-trucker-convoy-funding-public-safety.json|globemail
"Excellent.  I guess ""investigating"" is a form of action to make us believe that something is actually happening to remove the protesters.  Like Mr. Ford who says he has given the City of Ottawa everything it has asked for (where are those 1,800 additional police officers?).  But, wait, all the protesters are still there.  So what are you actually doing to remove the protesters Minister Mendicino? (I mean, you are after all Minister of Public Safety!)  What are you actually doing to remove the protesters Mr. Premier?   You prefer to tell us that you will remove renewal fees for car plates to garner votes during the upcoming election but you are doing little of any consequence for the safety of Ottawa residents?   This is a sad spectacle of deflection and no action."|Wendyvv|2022-02-08 21:58:12.451|0|0|73ebe2ad-8614-40d1-ba5e-b0ae42f6d7f3|article-ottawa-has-ability-to-investigate-trucker-convoy-funding-public-safety.json|globemail
