﻿comment|username|datetime|isreply|num_replies|comment_ids|post_id|label
The Trudeau haters are out in full force, yelling at the top of their lungs. I smell fear.   The reality is that, thus far, the effective police handling of the protesters in Ottawa since they got the green light under the Emergencies Act has been getting high praise from nearly every quarter. If the police succeed in clearing the streets and restoring normalcy to Ottawa in the next couple of days - all while conducting themselves with the utmost professionalism and restraint, in full view of the camera-toting public, and, last but not least, bringing great credit to doing things “the Canadian way” - well, that would have to be extremely popular with the vast majority of Canadians.  The Prime Minister stands to get some of the credit.  That’s what has the Trudeau haters so roiled.|Michael-Rosella|2022-02-20 02:54:15.937|0|10|08bbfac6-191c-45e0-8af1-aeabd3b8a125|article-federal-government-announces-20-million-in-funding-for-ottawa.json|globemail
The Prime Minister does not meet with street level hoodlums that want to dismantle government.  Canada is not a backwater country! |Sweet Red Dog|2022-02-20 02:38:46.637|1|3|ec03f401-1b25-4bf4-a3b1-dbc4fcfcc106|article-federal-government-announces-20-million-in-funding-for-ottawa.json|globemail
This protest is still going strong in Rural Canada. It is not over. Farmers may not plant crops this year as taxes, high gas and fertilizer costs, new expensive equipment and repairs and excessive regulation eat up their margins.|Jack Reacher|2022-02-20 02:45:25.981|1|3|d3966602-d49f-4e0d-9f1a-a748638ee018|article-federal-government-announces-20-million-in-funding-for-ottawa.json|globemail
What do you mean? They had thousands of protesters to sell to. All the civil servants they used to sell to have been at home in the suburbs for 2+ years now.|Henry Egan|2022-02-20 06:06:32.978|1|3|9ea0aff1-d785-4575-9654-44152ae8336d|article-federal-government-announces-20-million-in-funding-for-ottawa.json|globemail
Please Prime Minister, do share with the lowly working class, tax exhausted Canadians the proof that these recipient businesses will need to provide in order to cash in on this fiasco at the expense of all Canadians? Will they need to show proof of losses?  Will this include the gobs of taxpayers dollars that you have already stuffed in their pockets while flooding our citizens with debt fuelled dollars? Truth be told, this sort of behavior is what drove these protesters to Ottawa in the first place.  You and your government are the ones that are tone deaf.   |AJRax|2022-02-20 02:14:05.247|0|3|7e045bee-5c57-4ef7-899e-964a06a94323|article-federal-government-announces-20-million-in-funding-for-ottawa.json|globemail
The CBC is reporting that the Ottawa police will still pursue charges against the protesters who left  on the own accord. The interim chief said it may take months but they will pursue charges.  Very scary when the leader of the country claims some Canadians hold unacceptable views and shouldn't be tolerated as they take up space. |Bovine Scatologist II |2022-02-20 04:07:02.459|0|3|0b5e6a93-7a1b-46e7-92a3-e960eec90134|article-federal-government-announces-20-million-in-funding-for-ottawa.json|globemail
Yes you did miss something Ranxerox.  Trudy issued a vaccine mandate on Jan 16th, two years after truckers had been delivering goods across the border without problems.  He provoked the drivers with this mandate which caused this whole problem.  If he had been watching the Super Bowl where 80,000 were watching the game without masks, we would understand that COVID no longer poses a problem.  Even Queen Elizabeth has COVID now and she's still working.|gordonmacrae1|2022-02-20 17:30:18.934|1|3|137541a4-b9ed-4f0f-812d-375174d34693|article-federal-government-announces-20-million-in-funding-for-ottawa.json|globemail
Buying votes again? And widening the chasm in our country.   Is the Federal Government going to provide reimbursement to the many small family owned businesses that have gone bankrupt during the past 2 years? Is the Federal Government going to also support resource companies that have been held hostage by protesters? Any comments about Coastal GasLink?|TomatoGirl|2022-02-20 01:35:43.609|0|3|a0cea1ed-8fdb-422b-bfd8-13ae91122175|article-federal-government-announces-20-million-in-funding-for-ottawa.json|globemail
Where do you get 10k?  Most  businesses make more than that in 1 day let alone 3 weeks   |Richard Wright|2022-02-20 03:43:02.849|1|3|cd8df46e-21e2-4f15-8036-78c106d400ae|article-federal-government-announces-20-million-in-funding-for-ottawa.json|globemail
100’s of small businesses in Calgary’s +15 service sector have been decimated by Trudeau’s assault on the oil/gas sector over the last 6 years. Not a dime for them though. Just more proof of the fed’s priorities. |NotaLaurentianelite|2022-02-20 06:52:02.213|0|3|815f94f5-afa0-429d-9775-c21668d31995|article-federal-government-announces-20-million-in-funding-for-ottawa.json|globemail
Why do Canadian taxpayers have to cover the costs of the hooligans' blockade of Ottawa - get the money from the hooligans. |ontario7|2022-02-20 00:57:10.882|0|3|f04c92e8-4aaa-4d9a-9fbb-9a993c985ecd|article-federal-government-announces-20-million-in-funding-for-ottawa.json|globemail
Should be paid for from the Trudeau family trust for inciting the nonsense |Matt K Brown|2022-02-20 08:44:19.159|0|3|435f30f5-09ef-4d20-b1e8-6a6a607d0475|article-federal-government-announces-20-million-in-funding-for-ottawa.json|globemail
Confiscate the monies from the GoFundMe crowd or place liens on the protesters to pay the $20m, don't use our tax dollars.|Julie cruise director|2022-02-20 13:39:08.952|0|2|054b0f66-5d82-4fc1-b941-a4007e03d5ff|article-federal-government-announces-20-million-in-funding-for-ottawa.json|globemail
Trudeau dealt with all those issues decisively it's some premiers who ducked and thus became flashpoint for protest  Then  Trudeau cleaned up for ford   |Richard Wright|2022-02-20 12:51:02.262|1|2|39bd92bd-b210-42ab-8a90-756de5c6f87c|article-federal-government-announces-20-million-in-funding-for-ottawa.json|globemail
At a max $10,000 each, that would be 2000 small businesses. The article mentioned 200 small businesses. Did I miss something?|Susan-Ed|2022-02-20 16:28:54.357|0|2|2ed23b67-8d52-42a8-850d-67178c40bd8f|article-federal-government-announces-20-million-in-funding-for-ottawa.json|globemail
Coastal Gas Link should be getting a big government  check  in the mail also. They have had terrific damage due to protestors.|Van Island Boy|2022-02-20 16:24:08.725|0|2|c51ea2f7-adc3-47de-8700-f78aa460dad7|article-federal-government-announces-20-million-in-funding-for-ottawa.json|globemail
Is Trudy going to rebate $1 billion to the losses to the auto industry that was shut down for a week?  That's fair, no?  And what about all the truck drivers that were stuck on the Ambassador Bridge?  And what about the drivers stuck on the Manitoba and Alberta borders?  And what about all the businesses in Windsor ON that support the auto industry?|gordonmacrae1|2022-02-20 16:44:21.428|1|2|be7602eb-4b81-43af-b9a6-065e0c4a0496|article-federal-government-announces-20-million-in-funding-for-ottawa.json|globemail
"Were businesses in downtown Ottawa ""forced"" to close?  Or did they ""choose"" to close?  Are the Liberals simply using taxpayer funds to buy future votes?  I live downtown.  During the 3 weeks, I visited a barber.  Stayed for one night at a hotel on Slater Street.  Bought pizzas from stores on Bank Street.  Visited a drug store.  Visited two grocery stores on Bank Street.  Visited the Byward Market.  Bought fish from Lapointe fish store.   1.  The Rideau Centre closed.  That was a decision of its management - because people were walking through without masks.  The Rideau Centre could have stayed open.  2.   Some stores on Bank Street, Queen Street and in the Byward Market closed.  That was because of concern that people might come in without masks.  The Ontario government can fine businesses that serve customers not wearing mask?  3.  Downtown hotels stayed open.  They were full.  Hotel owners made lots of $$$.  Particularly on weekends when out of town protesters poured in and needed a place to stay.  4.  Had restaurants stayed open, they would have been full of hungry protesters   The Government's narrative about businesses being ""forced"" to close is highly misleading.     "|Starlight|2022-02-20 18:13:10.700|0|2|73337e69-c73c-42e7-98c6-3de3b8502a87|article-federal-government-announces-20-million-in-funding-for-ottawa.json|globemail
Twenty Million Dollars.  Please for a moment wrap your head around that number.  Where did that number come from, what research was done to arrive at that number?  It's a ridiculous amount of money and typical of the gross fiscal mismangement of this government. Let's call it what it is, more vote buying and handouts to Liberal supporting freeloaders. Google Snow Goose Gallery.  10K a month in profit selling Inuit carvings?  I don't think so.|AJRax|2022-02-20 02:02:02.906|0|2|105bfcf9-8268-480d-b101-1264069792ed|article-federal-government-announces-20-million-in-funding-for-ottawa.json|globemail
That's not a fair statement; the federal government was quick to help the entire country financially when Covid struck without warning and caused massive shutdowns everywhere.|Nick Wright|2022-02-20 03:17:11.212|1|2|5c960f87-d59e-4965-b869-a6c65779606e|article-federal-government-announces-20-million-in-funding-for-ottawa.json|globemail
"OK, you still haven't got it. Why don't you read Stephanie Kelton's ""The deficit Myth"" You don't have to accept it but at least by reading it , it may further your understanding of how a modern economy running on its own currency works. Yes all that money coming in has contributed to inflation but the other side of MMT states that you can create money as long as there are the resources to soak it up. The broken supply chains, pandemic effects have prevented the supply side of the economy from matching the financial resources created during the pandemic to support workers and businesses. The quickest way to end that would be to raise taxes.... not to replenish Gov. coffers but to remove excess $$ from the system.And Venezuela, besides being in an economic war being waged by the US does not use its own currency, so has nothing to do with the situation in Canada."|curiousgeorge|2022-02-20 17:57:13.591|1|2|8620798d-4518-458b-931b-d6e7a999a605|article-federal-government-announces-20-million-in-funding-for-ottawa.json|globemail
I want to say goodbye to all of you. I have cancelled my G&M subscription. I need to direct my energy elsewhere. I cannot nor will not support biased left leaning journalism. Canadians deserve more. It is a very, very sad state of affairs when I, as a Canadian, am able to read more balanced and informative articles about Canada in the NYTIMES(yep, I am a subscriber ). I have spoken to Globe Customer Services to cancel my subscription… may end within a few days or another month. Regardless, I wish all of the commentators goodbye…take care of yourselves…thank you for your voice. Please contribute to the well being of all Canadians. Goodbye from a distraught Canadian Grandmother.|TomatoGirl|2022-02-20 17:17:01.122|0|2|0bb476d2-8903-4f09-9bfb-c541fe6c6c60|article-federal-government-announces-20-million-in-funding-for-ottawa.json|globemail
It’s amazing how quick and efficient this government can come to the assistance of its citizens, especially when it’s at the centre of its power base. What is more amazing is that all of his MPs are lining up with their pro talking points. None of them have any integrity, but then again, isn’t that what 90% of politicians are, failed private citizens. |Practical|2022-02-20 03:06:01.874|0|2|7ad24831-b96c-4912-ad11-77facb47d7dc|article-federal-government-announces-20-million-in-funding-for-ottawa.json|globemail
Wrong!  The Emergencies Act hasn't passed yet.|gordonmacrae1|2022-02-20 17:02:40.558|1|2|7b99999a-de0f-4adb-a148-86116396a3d8|article-federal-government-announces-20-million-in-funding-for-ottawa.json|globemail
Liberal territory.  Handouts to Air Canada in Montreal but not Westjet in Calgary?  Handouts to CAE, Bombardier, SNC Lavalin, Montreal Pharma and a new plant there that produced no Covid stuff in the end, etc etc  - all Montreal, Liberal turf.  If you cannot see the pattern, you are totally blind.  |Henry Egan|2022-02-20 06:10:47.722|1|2|a0fd22e9-a0c6-4e5b-bd14-e3f578c01c13|article-federal-government-announces-20-million-in-funding-for-ottawa.json|globemail
Concentrating votes to likely <500 ppl is buying votes?   Please sharpen those critical thinking skills….|bretski__gretzky|2022-02-20 01:37:25.545|1|2|2111ffba-5bce-4300-9261-d5f310d288ce|article-federal-government-announces-20-million-in-funding-for-ottawa.json|globemail
Trudeau will be there for a bit.   My idea,  pack ur bags and head to Colombia.   Leave the rest of us alone|Laugher|2022-02-20 01:31:32.709|1|2|8a3952c1-2ec7-4f07-8799-3374d84e47a8|article-federal-government-announces-20-million-in-funding-for-ottawa.json|globemail
Oh yawn this is not at all about Ford, he had already communicated a timeline for the easing of restrictions and was in the process of doing so. These protest where about federal mandates and the protests were all over the country. Trudeau doesn’t deal with anything decisively other than legalizing pot and that hasn’t even worked out well. Unless you call having a bunch of ugly covered up store fronts littering every city in Canada a national success. |Farmie1|2022-02-20 13:13:48.080|1|2|115f379f-ba8c-4d3f-8ec1-4c5b0f0aae44|article-federal-government-announces-20-million-in-funding-for-ottawa.json|globemail
Business loses $10,000 in sales.  200 businesses affected.  Simple multiplication says they are out a total of $2 million in sales.  Obiously profits would be less.  So how come the government if forking over $20 million.    I hope this is not the kind of math we should expect from our new Minister of Finance.  We all know the PM does not do math at all.  Amazing how fast they have responded when there is a need for good political optics.|RSouthward|2022-02-20 01:33:51.352|0|2|d793c71c-1c76-4cc2-86cf-2947eddda050|article-federal-government-announces-20-million-in-funding-for-ottawa.json|globemail
$20 M of your money that Trudeau blew because he was unwilling to meet with the demonstrators and take a conciliatory approach to the problem. |rgo29|2022-02-20 01:29:05.544|0|2|1f74e964-ca68-4783-84b1-80cf62495b56|article-federal-government-announces-20-million-in-funding-for-ottawa.json|globemail
Please, just stop with funding left right and centre.  Stop.  The City of Ottawa should be doing any “funding”, it was their responsibility.   Stop with this idea that government is always there to come to the rescue.  A country comprised of citizens always looking to the government to solve all their problems is poor.   |comcon|2022-02-20 15:39:59.227|0|2|0d39dd50-ea9d-4d6b-b5c7-6d81bef34126|article-federal-government-announces-20-million-in-funding-for-ottawa.json|globemail
"Any business affected by protest should be able to have protester assets frozen, Only if the protestor's actions are illegal. Things like boycotts, PR campaigns, peaceful and legal demonstrations, lobbying for legislative changes etc are all things a business could claim are ""affecting"" their business. Obviously they are perfectly legal and acceptable in a democratic society.   I think the Alberta critical infrastructure law should be examined and perhaps adopted elsewhere.    "|Ranxerox|2022-02-20 14:54:16.610|1|2|1d3a409d-9742-4981-aa78-f0e6170cffda|article-federal-government-announces-20-million-in-funding-for-ottawa.json|globemail
Trudeau pushed the deal with the US, he did this for himself because he leads through division - he only cares about himself. Justin is a narcissist and a coward. |ChuckT|2022-02-20 06:35:47.425|1|2|cbb0b0bd-45a5-4a3f-8ec5-c429e25d56d9|article-federal-government-announces-20-million-in-funding-for-ottawa.json|globemail
What do you mean?  Local businesses had to shut down due to occupiers   Why wouldn't they get compensation?  |Richard Wright|2022-02-20 03:40:52.193|1|2|2fbde0e6-a70c-4634-9edd-862ae2ae24ea|article-federal-government-announces-20-million-in-funding-for-ottawa.json|globemail
Tough guy eh! When you can yell and hide behind the fence.|Jack Reacher|2022-02-20 01:39:26.947|1|2|4724f51c-9c17-4b88-80ed-4b16cf65f1ef|article-federal-government-announces-20-million-in-funding-for-ottawa.json|globemail
  Jackboot Justin making tax payers pay for his doubling down on his bad mistake of imposing an unneccessary and unneeded mandate on truckers. Lol|tinman1957|2022-02-20 14:38:20.885|0|2|e196e3a6-1e95-4ffa-ae50-7c7e98eea183|article-federal-government-announces-20-million-in-funding-for-ottawa.json|globemail
Nope   90% of truckers are vaxxed  80% of Canadians are double vaxxed  two thirds of Canadians support the emergency declaration  Left of centre parties get two thirds of the popular vote in every election in this country  You're in the minority Tinman deal with it. |Ranxerox|2022-02-20 15:15:20.192|1|1|586b6c98-4352-472e-91b1-57269e75a5ec|article-federal-government-announces-20-million-in-funding-for-ottawa.json|globemail
And while we're at it , seize and sell the 6 million dollar mansion that BLM purchased in Toronto.  Use the proceeds for costs associated for  destruction of statues,  policing  etc during their protests. Sounds fair. |Bobm60|2022-02-20 15:06:11.544|0|1|c3b97f34-0602-4560-9a72-146e9531aa21|article-federal-government-announces-20-million-in-funding-for-ottawa.json|globemail
Michael, Justin is a spineless coward, don’t embarrass yourself. |ChuckT|2022-02-20 06:37:43.774|1|1|a2e4efdf-8a5d-4ce6-9b2a-fb8dea34d3ce|article-federal-government-announces-20-million-in-funding-for-ottawa.json|globemail
Oh, so it’s open season for any person who suffered losses due to a protest.   I look forward to the next public sector union strike, every Canadian who was impacted will be invoicing the state.   ..let’s be honest, this is a bribe to keep Ottawa voting liberal. |M. Grimaldi|2022-02-20 03:05:04.090|0|1|4777cba4-7e6a-488b-8a94-19585c193e92|article-federal-government-announces-20-million-in-funding-for-ottawa.json|globemail
Helena Jaczek is a Physician.  A Doctor.  She serves in the Liberal Caucus as the Minister of Federal Economic Development.  Her boss is a Drama Teacher, Snowboard Instructor and amateur actor with a tickle trunk full of costumes that he is fond of travelling the world with. Is it any wonder our country is in it's current state?|AJRax|2022-02-20 03:11:17.727|0|1|3d4023a3-8172-417f-8110-6a0a9814af11|article-federal-government-announces-20-million-in-funding-for-ottawa.json|globemail
Of course, no one in the Toronto-Ottawa-Montreal “Triangle of Privilege” can be ever allowed to be inconvenienced.  The rest of the country can live on potato peels for as much as the Liberals care.|Nelson100|2022-02-20 03:11:29.530|0|1|54ff7da9-8a47-4837-881c-603bb7e4839f|article-federal-government-announces-20-million-in-funding-for-ottawa.json|globemail
Bringing BLM into this says a lot about you. |Ranxerox|2022-02-20 15:08:14.498|1|1|bbd85e81-9723-4739-9215-45260dda9b24|article-federal-government-announces-20-million-in-funding-for-ottawa.json|globemail
What has people riled about Trudeau is his juvenile behaviour which Canada has had to endure since 2015. The convoy is but the pinnacle of people’s fatigue with his behaviour and the destruction of Canada. The police will do what they’ll do. That’s their job and what they signed up for. |Cuevas|2022-02-20 03:13:59.742|1|1|cd8b546e-4aac-4d29-a6d5-49f04f79358e|article-federal-government-announces-20-million-in-funding-for-ottawa.json|globemail
So the government is admitting that they screwed up? This should open a can of worms. |NM0047|2022-02-20 03:29:59.732|0|1|b11099fb-0d05-4d79-9fb6-1af83bd33cfa|article-federal-government-announces-20-million-in-funding-for-ottawa.json|globemail
Thanks for your opinion but I hope that you don't mind if I disagree with you. The fact is that the truckers' siege caused financial losses for local businesses by shutting down those particular businesses. I hope that the government uses seized funds to help pay for the support program.|Wotsrite|2022-02-20 14:45:06.145|1|1|ae695d00-1c61-487a-85f7-c59f85e3759c|article-federal-government-announces-20-million-in-funding-for-ottawa.json|globemail
Time for you to head back to the National Post.|Bikerman|2022-02-20 13:04:09.203|1|1|bc910a21-d449-44ba-8f67-bf9ce9012222|article-federal-government-announces-20-million-in-funding-for-ottawa.json|globemail
The police hours, the cleanup, and losses in revenues have cost Canadians 100s of $millions already and now this vote buying - all because the Trudeau Government did not give Ottawa assistance with the RCMP when they asked for it.|ThinkAboutIt42|2022-02-20 12:58:24.173|0|1|1da80b76-3c92-44a6-af78-10ee8682e238|article-federal-government-announces-20-million-in-funding-for-ottawa.json|globemail
Lol you think the whining is bad now just wait until the fossil fuel era comes to an end. |Ranxerox|2022-02-20 15:06:00.433|1|1|9b203848-f4d7-44a5-b068-d440246319c4|article-federal-government-announces-20-million-in-funding-for-ottawa.json|globemail
Just another COVID shutdown.  Just another support program.   |BC Thoughts|2022-02-20 13:53:08.177|0|1|bc2d9f11-e94b-40f2-a9b8-ec1ea33f7f0e|article-federal-government-announces-20-million-in-funding-for-ottawa.json|globemail
Take this money from the protestors. Why should taxpayers bear this cost. |MMM7|2022-02-20 03:44:16.141|0|1|7c6a8282-fb70-4585-99ee-cfb72ee23335|article-federal-government-announces-20-million-in-funding-for-ottawa.json|globemail
All of us suffered during the pandemic so lose the nauseating Alberta whining.|Bikerman|2022-02-20 13:06:39.377|1|1|8c9c316b-c18e-4c4d-9456-f191ea90403d|article-federal-government-announces-20-million-in-funding-for-ottawa.json|globemail
The silent majority of us shouldn't have to pay for the insurrection, seize the frozen funds & use that.|Bikerman|2022-02-20 13:03:38.873|0|1|74f922c0-6c2a-40c9-b7bb-e53942a2af96|article-federal-government-announces-20-million-in-funding-for-ottawa.json|globemail
"Any business affected by protest should be able to have protester assets frozen, as well as the assets of any person or ""charity"" that provides support to that protest.  That money should then be used to compensate the company for it's losses.  Blockading the construction of oil and gas pipelines or blockading a logging road in an old growth forest are perfect examples of the kind of eco-terrorism that should be stopped, using this new tool.  "|Gcw74|2022-02-20 14:17:23.252|1|1|15d47c56-674e-4a99-bd4c-be7b16f94b64|article-federal-government-announces-20-million-in-funding-for-ottawa.json|globemail
"Why are you afraid of differing opinions??  And you simply assume hes ""far right"" cause he dislikes Trudeau. Why dont people grow up and act like adults and realize people have different ideas. "|DownesSteve|2022-02-20 13:52:13.289|1|1|5864949f-9311-4365-8a58-1eaf34a9567a|article-federal-government-announces-20-million-in-funding-for-ottawa.json|globemail
And you need to take your nonsense back to the National Post where the rest of your far right buddies hang out.|Bikerman|2022-02-20 13:08:50.168|1|1|f1516e3d-5a90-4189-8e78-68b7dae8ccd7|article-federal-government-announces-20-million-in-funding-for-ottawa.json|globemail
Trudeau is a trust fund brat who has been buying his way through life since his 20’s.   Coastal Gas has suffered tens of millions in damages from career activists engaged in violence, sabotage, and criminal contempt for court injunctions with impunity.   Justin is a gutless coward who only cares about himself. |ChuckT|2022-02-20 06:34:13.282|0|1|39453345-71e7-40e3-be2f-9dfaa49a04ba|article-federal-government-announces-20-million-in-funding-for-ottawa.json|globemail
Justin Trudeau is a complete failure. Using tax dollars to cover up what he created and then pretend he is with Canadians and a movie star. Shoot I am incented to buy a big rig and park in Toronto in front a store. Wait until the owner gets $20 million then split the difference. Great moral aptitude you twit of a PM. Freeland may actually worse be worse. She scares me with her basic lack of understanding economics while Justin is just purely incompetent. Both are super dangerous. Don’t forget that Canada. |bob doug mac|2022-02-20 13:26:02.859|0|1|c9b566d1-13ed-4360-a1f2-2fddc6d121b2|article-federal-government-announces-20-million-in-funding-for-ottawa.json|globemail
Using tax dollars to cover up what he created Trudeau was the leader of the Convoy? I must have missed that. |Ranxerox|2022-02-20 14:49:01.999|1|1|1d8e659f-95aa-486b-83d5-02cd549859c1|article-federal-government-announces-20-million-in-funding-for-ottawa.json|globemail
It's the same old, same old.  Fail to deal with issues - covid, occupations, children, whatever....  Pay millions, billions of tax dollars to compensate.  Wouldn't it be easier and cheaper to just get things right the first time? |app_73140336|2022-02-20 05:37:30.618|0|1|aab149d2-c127-4d8b-9c09-af21c43fdc41|article-federal-government-announces-20-million-in-funding-for-ottawa.json|globemail
Election stumping....removing highway tolls, so we all get to pay for them instead of the acual users.|ricof|2022-02-20 10:16:20.628|1|1|27a180f7-9a55-4384-9d17-45f986c3fbaa|article-federal-government-announces-20-million-in-funding-for-ottawa.json|globemail
The Federal Government failed to support Ottawa with enough RCMP anf intelligence to end the occupy in the first week, so Trudeau thinks he can undo his inaction and hiding out and passing buck by writing a cheque out of the pockets of taxpayers.  What an irresponsible disgraceful Government that thinks flinging away tax money when we are already in so debt will buy votes.|ThinkAboutIt42|2022-02-20 12:54:35.117|0|1|4bca0dae-1367-4c0f-abfe-604a563501dc|article-federal-government-announces-20-million-in-funding-for-ottawa.json|globemail
What do the ottawa police have to do with Trudeau?  They arent even a federal force |Richard Wright|2022-02-20 12:52:05.667|1|1|90814b0c-a46c-43d6-94eb-fcab75f7887f|article-federal-government-announces-20-million-in-funding-for-ottawa.json|globemail
Kneeling on someone's neck for nine minutes kind of generates a certain response.|Bikerman|2022-02-20 13:14:30.276|1|1|d9c3c8a0-6352-4c70-abe8-5ae8631eeb26|article-federal-government-announces-20-million-in-funding-for-ottawa.json|globemail
It’s just spin initiated by the PMO. Any person with an IQ knows that most mischief charges will be dropped especially for first time offenders.   And any fines will be paid by new donors because, drumroll, there’s nothing illegal about paying someone’s fine/bail.   Just ask BLM.|Mike McFae|2022-02-20 06:06:39.773|1|1|f672ad09-6f08-45bf-b697-96fd5b14ae8f|article-federal-government-announces-20-million-in-funding-for-ottawa.json|globemail
They literally weren't allowed until the emergencies act was passed  And even moreso, it's for the Ottawa police and Doug Ford government to request and manage the RCMP even if they are needed|Richard Wright|2022-02-20 14:40:53.023|1|1|0a36634a-3c73-455b-813a-560c8139f5f1|article-federal-government-announces-20-million-in-funding-for-ottawa.json|globemail
And your point is what ?|Bikerman|2022-02-20 13:14:52.299|1|1|549fdc9f-d353-4643-9dfb-7288f128f195|article-federal-government-announces-20-million-in-funding-for-ottawa.json|globemail
Any compensation for pipeline facilities which were vandalized or churches which were burned down by arsonists? |app_72107751|2022-02-20 04:05:22.471|0|1|f66cc657-3f7c-4545-940c-b8ea94ae76da|article-federal-government-announces-20-million-in-funding-for-ottawa.json|globemail
Can I get some Justin funding? I'm in commissioned sales and some of my sales were delayed by the border blockade and cross border vaccine restrictions which resulted in me falling short of benchmark levels costing me about $7,000. |Bovine Scatologist II |2022-02-20 04:01:14.955|0|1|74c4bf8f-5be3-42d2-8b5a-b57d05f9551b|article-federal-government-announces-20-million-in-funding-for-ottawa.json|globemail
"""Federal govt announces-20-million in funding to buy back votes from Ottawa businesses who think Trudeau is an incompetent clown.""  There fixed it for ya.."|yyc2017|2022-02-20 12:44:32.042|0|1|3e60eb6f-6ae8-4e74-a26f-afd5e00fba93|article-federal-government-announces-20-million-in-funding-for-ottawa.json|globemail
And where is Doug???|Jessica67|2022-02-20 04:40:32.657|0|1|fd08a844-0abf-43c1-9581-9e4617f7e91c|article-federal-government-announces-20-million-in-funding-for-ottawa.json|globemail
The PM should resign, he’s an embarrassment.  We look like a third world country in international media. |M. Grimaldi|2022-02-20 03:05:37.172|1|1|95dd1b57-39c6-43ff-9bd4-4596923746c2|article-federal-government-announces-20-million-in-funding-for-ottawa.json|globemail
The divisiveness of compensation…  I “hope” the Federal Government is a going to compensate the individuals who have applied for work permits, Permanent Residency etc. during COVID but have not been processed by the “hard working” Public Service. Lives are being destroyed…not able to work, no healthcare; PR not granted, no healthcare, not able to work. Severe financial hardship for these families for past  1-2 years. Some provinces have extended healthcare coverage for an additional 6 months, but the Federal Government drags its feet.   And then, what about all of the Canadians that have closed their businesses and are teetering on financial ruin?  And then, there are the citizens of Ottawa…And the terrorized employees of Coastal GasLink…  So, how should we decide WHO or IF anyone should be financially compensated? Is compensation a fair & reasonable burden to put on taxpayers?   The Federal Government seems to think that making financial payouts/buyouts to select groups is an acceptable solution for failing to do their job on a very wide spectrum of portfolios. Wrong. The solution is a competent and ethical government with a mature work ethic. The massive cash bleed must stop.   |TomatoGirl|2022-02-20 15:47:42.936|0|1|b1aca67a-a7ec-4291-bdc1-1efb68596f67|article-federal-government-announces-20-million-in-funding-for-ottawa.json|globemail
Yep and just wait for the Clean Fuel Standard which is to come into effect in December. You think life is expensive now?|Cuevas|2022-02-20 03:15:11.956|1|1|a340592b-6a26-4730-b9ee-fcf82b0584a2|article-federal-government-announces-20-million-in-funding-for-ottawa.json|globemail
I’ll leave that to you to post. The fact that you even have to ask.,, speaks volumes. |TomatoGirl|2022-02-20 18:15:13.931|1|1|08b81cb7-e15e-491c-941c-a973a26459c4|article-federal-government-announces-20-million-in-funding-for-ottawa.json|globemail
Bye. I sincerely hope that you can find some biased right leaning journalism that suits your need for news.|Wotsrite|2022-02-20 18:05:34.752|1|1|0ad6a8c3-d71a-4846-b07a-44386c3f7c63|article-federal-government-announces-20-million-in-funding-for-ottawa.json|globemail
"These days the federal government seems to have endless amounts of money for anything like blowing ""loans"" to the Ukraine never to be seen again, Billions of $ to all ""indigenous concerns"" (criminal ones included!). Where is all the money coming from? "|EEbner|2022-02-20 01:46:48.475|0|1|86d3a767-bb08-4796-92a4-54794288302a|article-federal-government-announces-20-million-in-funding-for-ottawa.json|globemail
The reference to 10K was in the article.  And saying most businesses make more than that in a day only points out that you have never been in business.|RSouthward|2022-02-20 11:21:12.300|1|1|2024f65f-a07c-4619-9e41-3b43f1790e04|article-federal-government-announces-20-million-in-funding-for-ottawa.json|globemail
Easy to calculate theyve had experts doing it daily for 3 weeks now |Richard Wright|2022-02-20 03:41:30.868|1|1|d57743c6-71b4-4949-9ed1-1ce08d4727ac|article-federal-government-announces-20-million-in-funding-for-ottawa.json|globemail
You have no proof of that , and the government has no experts, |DownesSteve|2022-02-20 14:06:00.745|1|1|26a4754c-8937-4226-a8e2-76278b0b6d3c|article-federal-government-announces-20-million-in-funding-for-ottawa.json|globemail
Of course this compensation would be unnecessary if the various levels of government and police leadership had used existing laws to break up the illegal blockade early rather than wait for the equally unnecessary Emergencies Act legislation to be granted. Neither side comes out of this mess well.  The only people I have respect for are the police on the ground this weekend that managed a very difficult situation well without any serious casualties.|gettingreal|2022-02-20 17:29:08.182|0|1|973be3b8-4495-4cf3-828b-6b76c6c3d90c|article-federal-government-announces-20-million-in-funding-for-ottawa.json|globemail
Give me a GD break - it is never enough.  Crawl under a rock!|Sweet Red Dog|2022-02-20 02:34:21.383|1|1|4e95d9c8-7a14-41dd-ac2d-35388b46866e|article-federal-government-announces-20-million-in-funding-for-ottawa.json|globemail
An interesting precedent.    Will we begin compensating every business affected by environmentalist blockades and aboriginal blockades?  Businesses in the oil and gas, mining, and forestry sectors could be eligible for hundreds of billions in compensation.  Or we could elect governments that do not take sides, but instead enforce the law equally regardless of the cause.  This entire mess is the result of Trudeau and his Liberal minions dividing Canadians by dictating to 37 million citizens what causes are noble and which causes are deplorable.|Industrial Research|2022-02-20 01:32:11.894|0|1|c68c7c72-33b9-4390-b003-8bfba39ebadc|article-federal-government-announces-20-million-in-funding-for-ottawa.json|globemail
Listening to retired police chiefs on CBC on Saturday throughout the protest clean up there seemed to be  agreement from them that the Emergency act was necessary for these reasons;' it allowed police to cordon off an area of the city. It allowed  police from jurisdictions throughout Canada to be brought in and used without having to swear each one in individually, it allowed them to compel tow truck drivers to tow rigs away that refused to move, it allowed donations to be confiscated and bank accounts of participants to be frozen, Without the Emergencies act this would not have been possible and further delay would be inevitable.|curiousgeorge|2022-02-21 01:25:28.728|1|1|f59a8098-66a1-47dc-afb1-ece3b35d8444|article-federal-government-announces-20-million-in-funding-for-ottawa.json|globemail
What a joke our country has become. Our parliamentarians are spending long hours on the weekend debating a measure that is no longer necessary.   Saw Minister Bill Blair on CTV this morning - he has a master’s degree in bafflegab.  Only in Canada.|DRYBURGH6|2022-02-20 17:44:48.214|0|1|692fff57-818d-4e60-9991-a94cc200383f|article-federal-government-announces-20-million-in-funding-for-ottawa.json|globemail
Maybe you could let us know what examples of left leaning journalism that has upset you?|curiousgeorge|2022-02-20 17:44:14.776|1|1|3fb6150f-bfc7-4af0-86d6-4d22bd0a5552|article-federal-government-announces-20-million-in-funding-for-ottawa.json|globemail
Already setting up in Mexico.  Better weather, better government.  |AJRax|2022-02-20 02:04:08.413|1|1|fc570d8e-ecf9-4d87-aac0-e1cb899f6f85|article-federal-government-announces-20-million-in-funding-for-ottawa.json|globemail
"Do a bit more research before posting this stuff.  Multiple prominent economists across the spectrum have criticized that Kelton for having no basis or support for her theories  One such quote …the book cited ""no articles in major peer-reviewed journals, monographs with explicit models and evidence, or any of the other trappings of economic discourse"".  In other words her its her view not reality…if you think we can keep going  like this then you are dreaming.  The only country that can come remotely close is the US given the diversified nature of their economy….Canada is not even close"|app_72278146|2022-02-20 18:29:01.336|1|1|059407f9-3ede-4792-9565-918a5a1044be|article-federal-government-announces-20-million-in-funding-for-ottawa.json|globemail
Convenient, the convoy ringleaders had $20 milloon in donations.|Bruce0|2022-02-20 02:30:34.753|0|1|8179ea01-1692-4e28-b90d-fa9da7ef5705|article-federal-government-announces-20-million-in-funding-for-ottawa.json|globemail
How much money is being offered for the attacks and vandalism that occurred at the Coastal GasLink worksite? |Lousy Investor|2022-02-20 01:17:54.461|0|1|d7948932-eae6-434f-b436-1a7253fcbfc1|article-federal-government-announces-20-million-in-funding-for-ottawa.json|globemail
Why only $20m? why not do at least $1b given this is all Monopoly money right?  Reality check: Morgan Stanley is predicting the Fed will raise interest rates 6 times this year and the Bank of Canada is going to need to follow suit or the dollar will tank.  People in Canada have no idea what’s about to happen to the finances of the country as well as their own personal finances.  You can’t just keep printing money to buy votes and expect there won’t be consequences.  Ask Venezuela how that worked out for them.|app_72278146|2022-02-20 16:21:39.467|0|1|8469e86a-3daf-48ba-8da2-afb4c39d1a57|article-federal-government-announces-20-million-in-funding-for-ottawa.json|globemail
The feds already have formal programs to compensate business for covid losses|Richard Wright|2022-02-20 18:20:43.638|1|1|ab44035b-05a4-4a9d-a40a-80d641bcb9e6|article-federal-government-announces-20-million-in-funding-for-ottawa.json|globemail
Trudeau’s own MP'S said he is enacting these border mandates as a political wedge issue and not based on science or data. Trudeau himself and or the liberal party should be paying for any reparations not the Canadian taxpayers. |Coastermike93|2022-02-20 02:35:39.829|0|1|38a51c44-d753-4dbc-a26b-06cfdeaa0da4|article-federal-government-announces-20-million-in-funding-for-ottawa.json|globemail
That $20 million dollar amount will grow! I guarantee it. Any Trudeau announcement with taxpayers dollars in it grows!!! I guarantee it. We all know the old saying, taxpayers money fixes everything. |app_65797032|2022-02-20 10:40:12.200|1|1|e2ea1578-ab27-489b-be1e-9141e1cdb880|article-federal-government-announces-20-million-in-funding-for-ottawa.json|globemail
We made a deal with the US why shouldn't we honor it?  We will lift at Same time as US |Richard Wright|2022-02-20 03:39:28.239|1|1|cc0d354b-5367-4e0b-a736-db8d0f51f625|article-federal-government-announces-20-million-in-funding-for-ottawa.json|globemail
It doesn’t matter how much he spends to buy favour. Canadians know PM Trudeau has to go. Nobody trusts him. He has shown us who and what he is.|Jack Reacher|2022-02-20 01:22:34.175|0|1|e2e4a4f8-dd29-45c8-9cd1-2eabfdbdf6de|article-federal-government-announces-20-million-in-funding-for-ottawa.json|globemail
Hmm. Trudeau demonstrates he's a complete failure by hiding while the convoy blossomed.  Then he takes taxpayer dollars and looks like a hero by paying for something that should have ended in 3 days.   Thank goodness it's a mere 20 million. As for future votes...it's priceless.|Top Level2|2022-02-20 02:50:30.099|0|1|cca31e1b-34b0-4ecc-a172-240dd35b8793|article-federal-government-announces-20-million-in-funding-for-ottawa.json|globemail
“Are the Liberals simply using taxpayer funds to buy future votes?”  You already know the answer to this question |app_72278146|2022-02-20 18:20:01.295|1|0|0824d9b5-8fd9-4b5d-a778-d349a3955673|article-federal-government-announces-20-million-in-funding-for-ottawa.json|globemail
Going to send a few million to Coastal Gas Link and their traumatized employees too?  Not a single word from the PM on that eh?|DDNN1|2022-02-21 13:27:34.711|0|0|d4851bb7-264a-41f0-8227-ebe5de0a70dd|article-federal-government-announces-20-million-in-funding-for-ottawa.json|globemail
"Seriously, can you give me some examples of  ""biased left leaning journalism"". If there's so much of it that should be easy, if you can't then I must assume you  have no evidence."|curiousgeorge|2022-02-21 00:59:31.149|1|0|14ae41d6-3194-4b79-bec8-bf770869bd04|article-federal-government-announces-20-million-in-funding-for-ottawa.json|globemail
Nope…will continue to try to find a centrist view. Hope you can do the same rather than gaslighting.|TomatoGirl|2022-02-20 18:43:25.094|1|0|c0102a69-9301-4bf5-9012-20907cff6c86|article-federal-government-announces-20-million-in-funding-for-ottawa.json|globemail
Will this be like cerb where your compensation will be 7x higher than any losses . Hopefully the Freeland ck doesnt bounce . One thing you can guarantee is one day the cks will bounce. Only in Canada.|DW15|2022-02-21 03:44:56.186|0|0|c71ac304-57c1-4112-9c39-f8e95d77a64a|article-federal-government-announces-20-million-in-funding-for-ottawa.json|globemail
Use seized donations given to pay for an illegal protest to pay for this. Maybe it will teach people not to give money to unlawful agitators.|gettingreal|2022-02-20 17:23:31.520|0|0|e8d0f179-f2e8-497d-b7ef-18d8d2405953|article-federal-government-announces-20-million-in-funding-for-ottawa.json|globemail
Hmm,  and what about all the people affected by the past environmental protests?  Are they entitled to compensation and damages? Or, does it only apply to those movements that are close to our fearless leaders hearts?   What about Fairy Creek?  What about the pipeline protests?   Were people compensated with the environmental minster was a protestor?|PGrehan|2022-02-20 18:25:24.638|0|0|a72c32b8-4d51-420f-bc11-a58c7b6eaf98|article-federal-government-announces-20-million-in-funding-for-ottawa.json|globemail
Justin's MO.  Create a problem. Then solve the problem by writing a mulit million or multi billion cheque from taxpayers.   Store owners, Trans Mountain, WE Charity, Omar Khadr,.....   Our entire economy. |Ceejaybee|2022-02-20 13:22:29.659|0|0|0e8f64af-c3c1-4f77-8ece-38e49af40660|article-federal-government-announces-20-million-in-funding-for-ottawa.json|globemail
"Definition of an ""illegal"" protest:  Any protest that discomforts the ruling elite.  Any protest that might be successful.  If the protest is not illegal at the start, the government will pass laws to make it illegal.  Hence the invocation by Trudeau of the Emergencies Act.  That is how the law worked in pre-war Italy under Mussolini - and in Canada today."|Starlight|2022-02-20 18:31:25.914|1|0|d04e07ec-d603-41a7-9146-c93c61ff34dc|article-federal-government-announces-20-million-in-funding-for-ottawa.json|globemail
"Were truckers ""forced"" to get vaccinated ? Or did they ""choose"" to raise hell in Ottawa instead?"|Wotsrite|2022-02-20 18:19:28.333|1|0|519e16ec-fb54-4e5f-8ebb-d41f518f53cb|article-federal-government-announces-20-million-in-funding-for-ottawa.json|globemail
"Wrong. It's in effect. If it doesn't ""pass"" within 7 ""sitting days"" of Parliament it will be revoked."|Wotsrite|2022-02-20 18:12:01.232|1|0|69f4da5c-6ccc-486b-96d4-5fe94de18222|article-federal-government-announces-20-million-in-funding-for-ottawa.json|globemail
Come on, Ranxerox. Obviously, I'm not talking about legal protests.  People will still be able to a park and hold up a sign.  As long as the State approves of the protest, there wont be a problem.  It's obvious that I'm talking about illegal protests.  Those that arent sanctioned by governments and result in harm to business.  Just yesterday, Gofundme did the right thing and cancelled the fundraiser for a Wet'suwet'en land defender mobile command centre.  Finally, Eco-terrorists who illegally disrupt the flow of capital may finally be stopped in this country.|Gcw74|2022-02-20 15:18:18.092|1|0|402f9bbe-fd70-488a-81b6-48644df9404c|article-federal-government-announces-20-million-in-funding-for-ottawa.json|globemail
And it allowed the liberals to freeze the bank accounts of anyone they wanted and throw whoever they wanted in jail . Wait for your turn.|DW15|2022-02-21 03:40:49.824|1|0|d3152b6e-a379-4623-9bf5-ac1547d5c928|article-federal-government-announces-20-million-in-funding-for-ottawa.json|globemail
It still matters whether it passes |Richard Wright|2022-02-20 18:18:23.834|1|0|0971a674-2e4a-4c73-a093-e8cae0cdb5f7|article-federal-government-announces-20-million-in-funding-for-ottawa.json|globemail
They literally weren't allowed until the emergencies act was passed Wrong!  Say what you mean Richard.  And what happens if the law doesn't pass?  Was the whole thing then illegal?|gordonmacrae1|2022-02-20 18:54:33.440|1|0|b8faaa28-b1a3-4d22-9718-87bd08d91c61|article-federal-government-announces-20-million-in-funding-for-ottawa.json|globemail
Trudeau loves to make himself look with other people's money, but why so cheap?|kbaumgart|2022-02-20 17:48:12.520|0|0|58ff36c8-994a-48ff-af6f-d455916905ee|article-federal-government-announces-20-million-in-funding-for-ottawa.json|globemail
The border mandate started in november 2021  |Richard Wright|2022-02-20 18:22:08.040|1|0|749d9afd-459f-41bc-9f53-78b472cfa8dc|article-federal-government-announces-20-million-in-funding-for-ottawa.json|globemail
It really should be the Province of Ontario, under Doug Ford's leadership, that should be making an offer for relief funds to the businesses affected by the terrorists who occupied and harassed Ottawa. After all, his colleague in Alberta said yesterday that such events can be (could have been) managed under provincial jurisdiction.  So the question is why is Doug Ford not utilizing this opportunity for a photo op/marketing on twitter for his image/brand?  And by extension, why is the CPC not offering an apology and funds (from their purses and wallets) to say sorry to the folks in Ottawa? After all, they were supporters for the terrorists right from the start. Now, perhaps they can sorry to Canadians by demonstrating some leadership to heal the divisions they created. No?|pbonline|2022-02-20 16:49:45.747|0|0|6ab6fbb6-5150-440a-9abe-3538faf9e265|article-federal-government-announces-20-million-in-funding-for-ottawa.json|globemail
Here's some of your own money back to make up for our mismanagement of a peaceful protest. |bubbapaco|2022-02-20 17:02:13.356|0|0|d52a0641-5d83-4660-9be1-1c3bf1d61a99|article-federal-government-announces-20-million-in-funding-for-ottawa.json|globemail
"Economists are a notorious bunch for sticking to accepted theory even when its wrong. Where do you think pretty well all governments found the resources to get us through the pandemic? Quantitative easing is basically bankspeak for creating money. However we mustn't let the peasants know that; that it's possible or they might expect to have decently funded healthcare, education etc etc..how come we can always fund wars? Paul Samuelson, Nobel prize winner in economics has said that the idea that deficits matter is a myth , a bit like the threat of hell by religious people to keep people in line. And why would it be possible for the US to do this.. the fact that they have a diversified economy is irrelevant... so de we. What's their debt/deficit now um... $29 trillion? How can they do that unless they are actually practising MMT? And don't say its because they are ""the reserve currency"" all that means is that they are considered to be the biggest and safest place to put your money.... despite a multi trillion debt. What does that tell you?"|curiousgeorge|2022-02-21 01:13:55.538|1|0|68b92150-60ca-4a8b-b0a4-ec711f4eca58|article-federal-government-announces-20-million-in-funding-for-ottawa.json|globemail
Indeed|TomatoGirl|2022-02-20 15:52:27.819|1|0|1c16713f-045c-4eb9-a127-870bb00ae45f|article-federal-government-announces-20-million-in-funding-for-ottawa.json|globemail
More about you|TomatoGirl|2022-02-20 17:32:29.694|1|0|297f7e11-8544-4f0a-8234-001b6d0eebd6|article-federal-government-announces-20-million-in-funding-for-ottawa.json|globemail
What about oil and gas companies? The industries that provide raw materials for automotive industries( fuel & plastics)? Fertilizers for our agriculture industries? Plastics for EV vehicles…and on and on…|TomatoGirl|2022-02-20 18:46:37.851|1|0|ad6788ad-f4d8-4494-a3e3-4e58ed502a21|article-federal-government-announces-20-million-in-funding-for-ottawa.json|globemail
I realize this is just another wedge issue, and a drop in the bucket, but any city in Canada, except maybe Toronto would gladly accept three weeks disruption for the tens of billions of subsidies Ottawa already receives.|Cricket|2022-02-20 16:21:23.740|0|0|0ebfabe5-47f0-41ea-9c07-3337719ce873|article-federal-government-announces-20-million-in-funding-for-ottawa.json|globemail
That's the problem!  33% of the country is continually ignored by the Government and this 33% is probably paying 90% of the taxes.  This is not going to end well.|gordonmacrae1|2022-02-20 16:39:51.704|1|0|bbf6c09f-d262-4eb1-9bc6-eaca715c6f9b|article-federal-government-announces-20-million-in-funding-for-ottawa.json|globemail
Nope   Canadians helping other Canadians who were innocent victims of a right wing mob. Hopefully costs can be offset by seizing the assets of some of the criminals. |Ranxerox|2022-02-20 15:09:52.567|1|0|f3a49405-44e1-4d96-9eee-77659861a4e3|article-federal-government-announces-20-million-in-funding-for-ottawa.json|globemail
$10k per business means many businesses will go bankrupt. As usual taxpayers will be on the hook to keep up Trudeau’s mess… |merarmou|2022-02-20 14:38:20.084|0|0|292e2b35-017f-4652-baf1-5c769b854a84|article-federal-government-announces-20-million-in-funding-for-ottawa.json|globemail
Take all the donations and frozen accounts as collateral to help pay for all this.  These renegades forfeit it all!|Kothar|2022-02-20 14:20:35.035|0|0|6d2b11cf-1348-4a6f-9b89-ea6dcce814aa|article-federal-government-announces-20-million-in-funding-for-ottawa.json|globemail
That makes sense after what they have endured.|Mr. Costanza|2022-02-20 14:02:02.099|0|0|f3535eb5-32f4-41c8-ac78-53c1f7fb838a|article-federal-government-announces-20-million-in-funding-for-ottawa.json|globemail
I can see the need for this action.  The only thing I hope is that the guidelines prevent abuse of the funds as I'm sure some will attempt it.  Look what happened to  CERB.  As others have mentioned, it will be taxpayers funding this and because the former Ottawa police chief and Mayor were tried and found wanting during the crisis.   The other point I'd like to make is the filed class action lawsuit.  If that succeeds and Ottawa residents(including the small business owners) are given a generous settlement, that would like this payment superfluous.  If the business owners did receive the settlement, they should have to refund this payment.|StuporDuck|2022-02-20 13:57:19.452|0|0|68f33745-9e24-45b2-a965-0f1ea34a45da|article-federal-government-announces-20-million-in-funding-for-ottawa.json|globemail
Auto industry has been heavily compensated long before the Convoys. You know, the auto industry that depends on fossil fuels? Foreign fuels??? Yep, both ICE and EV.  |TomatoGirl|2022-02-20 18:09:49.026|1|0|2c0544d6-d6bf-49c5-b825-0e61958c43f8|article-federal-government-announces-20-million-in-funding-for-ottawa.json|globemail
"Hey gordon... What part of ""I hope that the government uses seized funds to help pay for the support program"" do you not understand? The perps should pay for the damage they have caused."|Wotsrite|2022-02-20 17:14:14.807|1|0|02ea4b73-7166-4255-935b-9a038d514908|article-federal-government-announces-20-million-in-funding-for-ottawa.json|globemail
I will also add that Kelton is a professor at Stony Brook University which is ranked as the 149th best economics program in the US…so not exactly Ivy League.  The fact that she is championed by the likes of Bernie Sanders and AOC should tell you everything you need to know about her “economics”  |app_72278146|2022-02-20 19:09:36.058|1|0|ae6f421c-fa05-4a07-ba47-eb299246de0e|article-federal-government-announces-20-million-in-funding-for-ottawa.json|globemail
Not for Truckers.  It started Jan 16th|gordonmacrae1|2022-02-20 18:50:32.069|1|0|da20dcad-3704-4863-bc21-9b44437c52f3|article-federal-government-announces-20-million-in-funding-for-ottawa.json|globemail
Do not hold your breath for that to happen...|BMC9689|2022-02-20 16:41:49.154|1|0|0569864e-765d-4870-a14c-3441cb70f4d4|article-federal-government-announces-20-million-in-funding-for-ottawa.json|globemail
Are these businesses not covered by insurance? Their stated losses should be checked against their previous tax returns. While I sympathize with them I find it ironic how quickly businesses line up with their hands out when they suffer a disruption whereas workers who lose/are injured on their jobs  are forced to wait and receive only partial compensation (unless full compensation discourages them from returning to work, implying that a choice is involved!) Please compensate the workers who were not able to work during this disruption direction not through their employers.|curiousgeorge|2022-02-20 17:50:57.599|1|0|d7a72b41-0589-447f-8759-8cc1e26f942b|article-federal-government-announces-20-million-in-funding-for-ottawa.json|globemail
20 million to business owners who suffered losses because of 3 weeks of inaction by the Government. That is a classic example of incompetency.  This is basically Trudeau asking for forgiveness for his ineptitude.|Uncle Fester|2022-02-20 16:24:59.956|0|0|ed752afd-bdf9-4e19-b351-6c558329aae7|article-federal-government-announces-20-million-in-funding-for-ottawa.json|globemail
start selling off those seized trucks...|AceConner|2022-02-20 15:04:06.505|1|0|7e7f2e2b-6eca-4b7e-bc1c-ab2ac617c6a9|article-federal-government-announces-20-million-in-funding-for-ottawa.json|globemail
Please forgive the government... They are using Liberal math....|BMC9689|2022-02-20 16:41:16.040|1|0|16eb889e-c486-49e2-be2d-41e49a3855c8|article-federal-government-announces-20-million-in-funding-for-ottawa.json|globemail
Same goes for ecoterrorists like Greenpeace or PETA. Companies and shareholders should be able to be compensated through the seizure of these terror-funders assets. |Gcw74|2022-02-20 14:23:46.684|1|0|1859c328-a460-4833-ab63-aab6690ca4ab|article-federal-government-announces-20-million-in-funding-for-ottawa.json|globemail
Yes you did!  Trudy was a math teacher, which says it all.  Pity the poor kids he taught.|gordonmacrae1|2022-02-20 16:54:18.387|1|0|bb5cb592-1060-4ec7-b02b-c17abe03f370|article-federal-government-announces-20-million-in-funding-for-ottawa.json|globemail
Instead of compensating select groups…let’s honour and exceed our financial commitment to NORAD? To our CoastGuard? To our sparse, insufficient MILITARY( I am so sorry for not speaking up for you!!! ). To Canada’s sovereignty? This benefits ALL Canadians. |TomatoGirl|2022-02-20 16:30:45.980|0|0|01c9265e-4cc4-4edb-89e6-4c430f19623d|article-federal-government-announces-20-million-in-funding-for-ottawa.json|globemail
The left is addicted to govt handouts…it’s like crack for them|app_72278146|2022-02-20 16:26:11.699|1|0|a00ce66c-6059-4d66-9ee2-c682c2646169|article-federal-government-announces-20-million-in-funding-for-ottawa.json|globemail
Another justin failure, another cheque tossed out without a care...|app_67455407|2022-02-20 13:32:17.836|0|0|0bca283d-40f0-42f0-826a-dd405f8ee099|article-federal-government-announces-20-million-in-funding-for-ottawa.json|globemail
Trudeau’s use of IOUs and debt debentures appears to be a pattern. |MLLC8|2022-02-20 16:51:19.506|0|0|3661d5bc-2b5b-445b-b2f3-2e1f2e019d6f|article-federal-government-announces-20-million-in-funding-for-ottawa.json|globemail
And unvaccinated truckers that carry COVID supplies can still cross the border.  This is all political Richard|gordonmacrae1|2022-02-20 18:51:34.836|1|0|a6c26f97-16ef-46c4-b979-3db02001e5ac|article-federal-government-announces-20-million-in-funding-for-ottawa.json|globemail
They couldn't use RCMP until after the EA, that was a key reason they passed it|Richard Wright|2022-02-20 14:41:10.661|1|0|e5417c0c-5174-4c17-94b4-c8ba4974fa1a|article-federal-government-announces-20-million-in-funding-for-ottawa.json|globemail
It was more scary when the far right fringe group Canada Unity orchestrated & led the insurrection against the rest of us without a mandete.  That is called a putsch or coup d'état which is how extremist types do business.|Bikerman|2022-02-20 13:12:15.645|1|0|20b6cd60-92a1-4e07-a67e-52792b795601|article-federal-government-announces-20-million-in-funding-for-ottawa.json|globemail
Federal government announces $20 trillion funding of Canadian affected by 7 years of stupid economic policies of the Justin Trudeau regime.|Chris Lalonde 3.0|2022-02-20 12:52:47.550|0|0|e314b87b-9cf9-463f-ae27-1220ad061b12|article-federal-government-announces-20-million-in-funding-for-ottawa.json|globemail
Indeed! They see another several years in the political wilderness (well deserved after this episode). |SStratford|2022-02-20 02:55:57.281|1|0|da5def3e-a381-4aec-bc39-3bd9d403bbaf|article-federal-government-announces-20-million-in-funding-for-ottawa.json|globemail
Any money for Coastal GasLink which has been delayed by constant illegal blockades, threats, harassment and a recent violent attack that caused millions in damages?  The attackers are likely linked to the illegal rail blockades in 2020 where the PM negotiated and capitulated to most of the protesters demands. Of course this is that same rail blockades that the Conservatives complained about.  Hypocritical politicians and their mindless followers have determined that illegal blockades that they agree with are ok, while illegal blockades that they don’t agree with are horrible. Meanwhile the country loses a little democracy each time. |Practical Guy from Alberta|2022-02-20 09:34:43.231|1|0|496378c3-f120-4b44-8cc8-5b66a9667fbd|article-federal-government-announces-20-million-in-funding-for-ottawa.json|globemail
Just little you and me...|Henry Egan|2022-02-20 06:07:29.668|1|0|06c8a29e-8fc0-4b76-94a3-dc4eae9be12c|article-federal-government-announces-20-million-in-funding-for-ottawa.json|globemail
This  government  of ours can not govern  at all , all they do is throw money  at the issues. By the way our money  not theirs.|canac|2022-02-20 01:47:12.967|0|0|9ff2e4ce-c6c8-4722-b375-527126cbf220|article-federal-government-announces-20-million-in-funding-for-ottawa.json|globemail
Drop in the bucket, it would take 60 bailouts like that to equal the amount the government blew in the last few months on the unnecessary mandatory spot-testing of incoming travellers at our airports.|Lousy Investor|2022-02-20 02:56:06.114|1|0|fd513ac1-79cb-4999-9bb4-4e32752ddb35|article-federal-government-announces-20-million-in-funding-for-ottawa.json|globemail
It's been all over the TV and news for 3 weeks...  regularly bringing economists and others on to comment on this.    Some people positing here seem unfamiliar with basic facts about the occupation.|Richard Wright|2022-02-20 14:46:45.905|1|0|207412a4-ee46-433e-811a-4bfb9df53224|article-federal-government-announces-20-million-in-funding-for-ottawa.json|globemail
Coastal GasLink should send Trudeau a bill.|Laforeg001|2022-02-20 02:04:23.307|0|0|11464397-4fc3-43ee-a35f-28bf8630cdb1|article-federal-government-announces-20-million-in-funding-for-ottawa.json|globemail
Clearly Sweet Red Dog, you aren't a net contributor of taxes but likely a recipient of handouts.  I think if you were a net contributor you would get upset when you see your efforts taxed and handed out to businesses that feed off government largesse.|AJRax|2022-02-20 03:05:02.368|1|0|46e5879e-b25c-43b2-b9df-674b85a37930|article-federal-government-announces-20-million-in-funding-for-ottawa.json|globemail
Well said. How many thousands of business across the country have been decimated, families bankrupted because of the ill advised actions of government throughout this pandemic. Followed by gobs of money tossed around, much of it in a cavalier manner, driving the country into a massive deficit. Where is the relief for all those affected business owners and their families? I presume like the veterans they are asking for more than Trudeau can give. |Cuevas|2022-02-20 03:20:04.553|1|0|06552ffe-0af8-402a-86af-c16f7f8e889f|article-federal-government-announces-20-million-in-funding-for-ottawa.json|globemail
False they couldnt even get to work |Richard Wright|2022-02-20 12:57:26.335|1|0|5d610224-1cad-4d09-a251-ffd9d2088566|article-federal-government-announces-20-million-in-funding-for-ottawa.json|globemail
Please, thousands of people walked to the protests every day, your telling theses workers couldnt walk to work, which they probably do as its downtown. Some business said it was the best have done in two years since the pandemic started. |DownesSteve|2022-02-20 14:04:35.892|1|0|7707fe73-135c-40cb-988e-b9cba1d8f261|article-federal-government-announces-20-million-in-funding-for-ottawa.json|globemail
Are you aware of the situation?  Have you watched any of the coverage or read interviews with any business owners?  You seem unfamiliar with what happened the past 3 weeks.  It was a complete shutdown of the area.|Richard Wright|2022-02-20 14:45:50.673|1|0|f8a7f8db-9919-49fb-afe8-5ab1db9f581d|article-federal-government-announces-20-million-in-funding-for-ottawa.json|globemail
The lack of rationale thinking on display is jaw dropping.  The taxpayers of Ottawa first should be on the hook, then the province. I don’t see how the federal government should be getting involved. Why do Nova Scotia taxpayers need to contribute.  A citizenry trained to always look for entitlements - how could that be bad?|comcon|2022-02-20 15:44:01.474|1|0|c2c91bc3-f53f-4111-b7f3-37f06fdfe8fe|article-federal-government-announces-20-million-in-funding-for-ottawa.json|globemail
Keep them in the ground..  See if I care.   Ur biting off your nose to spite your face.   |Laugher|2022-02-20 02:50:48.841|1|0|0f3d0634-2bb1-47be-b837-248e6b68ec9e|article-federal-government-announces-20-million-in-funding-for-ottawa.json|globemail
The more dictators try to crush dissent, the more it flourishes.  Trudeau is finished. He just doesn't realize it yet. |Genghis McCann|2022-02-20 03:10:18.237|1|0|e77d9c21-5893-4c82-b1d1-899819fa1a16|article-federal-government-announces-20-million-in-funding-for-ottawa.json|globemail
Big carbon tax increase coming. Farmers don’t get a break on Natural gas, which they use a ton of. This government is taxing people to poverty. |NM0047|2022-02-20 03:37:53.389|1|0|f3eea15f-cad5-4a3c-9f0f-d582511030f1|article-federal-government-announces-20-million-in-funding-for-ottawa.json|globemail
False the US initiated it and did it first|Richard Wright|2022-02-20 12:56:31.748|1|0|eea82f4b-d026-415b-a53b-6316552d43c3|article-federal-government-announces-20-million-in-funding-for-ottawa.json|globemail
Richard, you really have no idea regarding the origins of the mandate.|comcon|2022-02-20 15:46:37.866|1|0|363fe707-4bed-488a-a399-5d55c0026c41|article-federal-government-announces-20-million-in-funding-for-ottawa.json|globemail
You're aware they spent records amounts to do exactly that right?  Massive financial assistance has been given |Richard Wright|2022-02-20 03:42:20.091|1|0|3aded1df-9908-4acb-8533-94a4211ba691|article-federal-government-announces-20-million-in-funding-for-ottawa.json|globemail
I see math isnt your strong subject. 20 million given out at a max of 10000 per workplace, is 2000 places of business, with say a average of 6 workers. Thats 12000 votes just in a few blocks of a city.  Please sharpen up those math skills......|DownesSteve|2022-02-20 14:09:47.595|1|0|49d052f6-1d37-4406-8ef6-9f7e3ee2a8e8|article-federal-government-announces-20-million-in-funding-for-ottawa.json|globemail
Then the west needs more people for votes then.|Kothar|2022-02-20 14:21:40.494|1|0|e46ca2c4-5de6-4b4f-b37e-bef825f7f591|article-federal-government-announces-20-million-in-funding-for-ottawa.json|globemail
jt is a hood=lom he fits in well|app_71012866|2022-02-20 03:08:38.303|1|0|432a2f3a-4197-4e41-a2ca-c075c8876f96|article-federal-government-announces-20-million-in-funding-for-ottawa.json|globemail
‘Hooligans’ is aptly used here.|bretski__gretzky|2022-02-20 01:39:26.529|1|0|289a4893-a677-4a93-97dc-eea3cbe9264c|article-federal-government-announces-20-million-in-funding-for-ottawa.json|globemail
Agree use the GoFundMe|Richard Wright|2022-02-20 03:43:53.350|1|0|306dc133-19d8-4fe9-bf98-546d3f61f364|article-federal-government-announces-20-million-in-funding-for-ottawa.json|globemail
or the burnt churches...|Henry Egan|2022-02-20 06:11:17.269|1|0|59d56621-a41b-4daa-af03-cf7c63fc4497|article-federal-government-announces-20-million-in-funding-for-ottawa.json|globemail
Ha ha ha. Most Canadians do not agree with you, tough smelling guy.|Bruce0|2022-02-20 02:32:09.530|1|0|52c7cd31-96e6-41d5-9744-701027863606|article-federal-government-announces-20-million-in-funding-for-ottawa.json|globemail
Considering he only won with 30% of the vote, it looks like 70% cant stand Trudeau|DownesSteve|2022-02-20 14:17:50.501|1|0|a00807c8-cd80-4ec5-a424-23e7d374b0de|article-federal-government-announces-20-million-in-funding-for-ottawa.json|globemail
Better crime rate...|app_70335371|2022-02-20 03:03:27.764|1|0|dd331fc0-38d9-42e5-8b9e-0716cf6dc555|article-federal-government-announces-20-million-in-funding-for-ottawa.json|globemail
I’m glad he didn’t meet them. They aren’t legitimate. Not to say JT handled this all well, but that wasn’t a mistake.|bretski__gretzky|2022-02-20 01:38:37.573|1|0|11a96826-ac9a-4309-92ba-57295097a4c2|article-federal-government-announces-20-million-in-funding-for-ottawa.json|globemail
No he just meets with whack jobs who were rescued from the Taliban and other grifters looking for a hand up and a virtue signalling megalomaniac. If he wants to give these people $20 million maybe he should call Trevor Noah and ask for some of the $50 million back.  |Cuevas|2022-02-20 03:24:53.385|1|0|77d63b7e-6a79-433d-860d-acc2cc391a55|article-federal-government-announces-20-million-in-funding-for-ottawa.json|globemail
Westjet did not accept handouts because the Liberals wanted to have a seat on the board and power to run the business. Air Canada accepted these conditions and, I suspect, once they found out how interfering the Liberals were quickly revoked the agreement and paid back the monies forwarded. |Julie cruise director|2022-02-20 13:43:13.227|1|0|7846075c-6911-4201-b88e-79a212ce6cca|article-federal-government-announces-20-million-in-funding-for-ottawa.json|globemail
Correct.  Trudeau prefers to conduct his corruption with well dressed, nice smelling folks like SNC Lavalin, the Kielberger's, those sort of folks.  He wouldn't want to shake the hand of a real Canadian with dirt under their fingernails or those that smell of diesel fuel. I wonder in Trudeau has ever fueled up a vehicle in the last 6 years or paid a bill of any sort?  Somehow I strongly doubt it.|AJRax|2022-02-20 03:25:03.170|1|0|c6645271-f14e-4353-8e90-54c5c9ce22bd|article-federal-government-announces-20-million-in-funding-for-ottawa.json|globemail
seize the bank accounts of the protesters and give it to the business people |Laugher|2022-02-20 01:30:58.867|0|0|a73e63f5-7227-4967-b4e3-365bc6ad1829|article-federal-government-announces-20-million-in-funding-for-ottawa.json|globemail
We have to take into consideration that Ottawa is our nation's capital.   The government has always poured an inordinate amount of money into the city to make sure it is appealing to residents, tourists and visiting dignitaries.   I don't view that as a bad thing.   And no, I do not reside in Ottawa.  |TillyTrillium|2022-02-20 16:19:45.536|1|0|40217923-9516-4e59-a92e-2301c4789e05|article-federal-government-announces-20-million-in-funding-for-ottawa.json|globemail
This is the pot - you apply for a grant - wake up!|Sweet Red Dog|2022-02-20 02:35:44.807|1|0|3eddb251-a134-4c10-8d11-471b7151a16c|article-federal-government-announces-20-million-in-funding-for-ottawa.json|globemail
10k in revenue in 1 day is nothing for a downtown business I know first hand |Richard Wright|2022-02-20 12:59:38.968|1|0|2bc5775d-bc86-46da-a53d-820ffd552609|article-federal-government-announces-20-million-in-funding-for-ottawa.json|globemail
From the article? Did you read it or just come to the comment section|DownesSteve|2022-02-20 14:10:57.280|1|0|a51c9a89-8d17-41b2-ab9f-a7ad4ccae526|article-federal-government-announces-20-million-in-funding-for-ottawa.json|globemail
Richard, do you really think the average small business has almost $4 million in sales?|comcon|2022-02-20 15:50:15.760|1|0|40ce3512-3f27-4f13-aa0b-3a73ea4f250f|article-federal-government-announces-20-million-in-funding-for-ottawa.json|globemail
Its bipartisan....  the parties agreed together...|Richard Wright|2022-02-20 12:55:53.114|1|0|c79686fc-b69b-4a22-a063-5391179a01cd|article-federal-government-announces-20-million-in-funding-for-ottawa.json|globemail
Disagree but even if so that's the protestors fault   Trudeau fixed the problem when others failed |Richard Wright|2022-02-20 12:55:05.882|1|0|0aded93c-2896-4776-8829-e365168a9ec0|article-federal-government-announces-20-million-in-funding-for-ottawa.json|globemail
I truth is hard to accept & digest|TomatoGirl|2022-02-20 15:03:25.973|1|0|5f96808c-b6c0-4283-80d3-c4d19c5ccd49|article-federal-government-announces-20-million-in-funding-for-ottawa.json|globemail
“Highly effective police handling”  ...surely this is a form of satire?|Nelson100|2022-02-20 03:12:18.346|1|0|16c02311-fd84-4448-93bc-0d85eea32af0|article-federal-government-announces-20-million-in-funding-for-ottawa.json|globemail
Local BLM chapter posts bail for man charged with attempted murder of mayoral candidate|Ceejaybee|2022-02-20 13:25:43.358|1|0|4c50284c-8636-4a5d-9c0f-b2ad15f07fcb|article-federal-government-announces-20-million-in-funding-for-ottawa.json|globemail
The Ottawa police are acting under the federal emergency act |Bovine Scatologist II |2022-02-20 20:19:06.629|1|0|7f5c9995-6e43-4536-b5f1-af9963c6d9c2|article-federal-government-announces-20-million-in-funding-for-ottawa.json|globemail
You are right. They should not pay. Trudeau should pay personally.|rgo29|2022-02-20 01:29:51.478|1|0|b50d5f19-efbc-4751-b548-65cf22fa7074|article-federal-government-announces-20-million-in-funding-for-ottawa.json|globemail
Worry not.  Trudeau will gladly sign the IOU on your behalf. |MLLC8|2022-02-20 16:47:47.495|1|0|908fd5a6-0cfc-4662-b6aa-3f1374ff7b50|article-federal-government-announces-20-million-in-funding-for-ottawa.json|globemail
This is just gross... What about Teal Jones, railways, ports, pipelines?  How can one man be so stupid and divisive??   So can any Liberal supporter come up with an explanation?? You people have gone certifiable insane... How can anyone have faith in our government... |BMC9689|2022-02-20 05:36:23.506|0|0|ca9ec522-afe3-462a-aefe-fee4096a7140|article-federal-government-announces-20-million-in-funding-for-ottawa.json|globemail
Ford timeline came out in the middle of the protests  And they stopped being about the border mandate about 3 weeks, by the convoys OWN admission.  And the protests around the country are about PROVINCIAL mandates.  Listen to the words of the protestors, read the interviews, read the signs, they've very clear.|Richard Wright|2022-02-20 14:42:38.713|1|0|95ce35dc-b2bd-4cc7-9713-14a8e30e4d28|article-federal-government-announces-20-million-in-funding-for-ottawa.json|globemail
Before omicron happened the province had already committed to a timetable which coincides almost perfectly with the timetable that we have now. Trudeau put his head in the sand and vilified people because they don’t confirm to his narrative. That is it plain and simple. We get it you don’t like Ford, you like Trudeau but you can’t hang national protests on a provincial government.|Farmie1|2022-02-20 16:31:16.219|1|0|c4f17266-6790-4069-96ca-9650accf6c56|article-federal-government-announces-20-million-in-funding-for-ottawa.json|globemail
Hilarious |Ceejaybee|2022-02-20 13:24:00.294|1|0|39ad38e6-e7e9-40c7-9511-4ebe69fea4c7|article-federal-government-announces-20-million-in-funding-for-ottawa.json|globemail
Yep, toss out yet another cheque.|Henry Egan|2022-02-20 05:37:47.336|0|0|23126421-d3c0-45d3-a056-a2d6e38d97b5|article-federal-government-announces-20-million-in-funding-for-ottawa.json|globemail
Because Steve, just like their leader , they like to label people, divide and don't respect someone's right to a different opinion|Bobm60|2022-02-20 16:44:12.864|1|0|3802d5b3-d33c-49b9-b718-56178f98cdd2|article-federal-government-announces-20-million-in-funding-for-ottawa.json|globemail
People from the east would be wise to stay home this summer.  Go to Toronto, much more exciting.  So much so they need a handgun ban so you can safely go out your front  door.|yyc2017|2022-02-20 12:46:07.368|1|0|0db1a851-519a-4b3d-8fbc-a8e55b909ce2|article-federal-government-announces-20-million-in-funding-for-ottawa.json|globemail
If you can show protestors caused the damage and that it's not provincial owned then sure   Hut that's not the case |Richard Wright|2022-02-20 12:49:19.940|1|0|74973e80-8ff5-43f5-84af-1bd345bb66a4|article-federal-government-announces-20-million-in-funding-for-ottawa.json|globemail
If gas prices keep rising the way they did last month that end will come even faster.|Expectationzs|2022-02-20 16:27:53.229|1|0|9639c776-991e-4cfd-80ea-fbce90013c4f|article-federal-government-announces-20-million-in-funding-for-ottawa.json|globemail
They weren't even protesting him it quickly morphed  to provincial mandates   At least that's what all the supporters and convoy interviews say if you listen to their true complaints |Richard Wright|2022-02-20 12:48:09.666|1|0|912e46b3-137b-49dc-8368-87718feeeb18|article-federal-government-announces-20-million-in-funding-for-ottawa.json|globemail
Should be paid from the frozen funds the far right donated to the insurrection.|Bikerman|2022-02-20 13:05:37.115|1|0|d0b275dc-3378-4600-9608-28ed09530b82|article-federal-government-announces-20-million-in-funding-for-ottawa.json|globemail
Nah but we could fund it with a special tax on everyone who subscribes to Fox News, National Post, and has a CPC or PPC membership seeing as they are the ones who incited this. |Ranxerox|2022-02-20 14:56:39.398|1|0|bc008eea-3ace-4a75-9593-62ed841a68de|article-federal-government-announces-20-million-in-funding-for-ottawa.json|globemail
Aianas must make a killing to cover the $100,000 in rent and utilities he has lost over three weeks of protests.|Matt K Brown|2022-02-20 08:55:27.633|0|0|3463f630-9131-42f6-9c24-979414e18645|article-federal-government-announces-20-million-in-funding-for-ottawa.json|globemail
If you can’t understand the point then maybe G&M requires a level of comprehension ability that is beyond you.|comcon|2022-02-20 15:45:26.189|1|0|66483bdd-6fc9-4c52-891c-103246a0f77d|article-federal-government-announces-20-million-in-funding-for-ottawa.json|globemail
Get in with the class action against the far right fringe for compensation.|Bikerman|2022-02-20 13:15:32.847|1|0|8883bcc1-72b9-4a99-bed8-60e13ec73830|article-federal-government-announces-20-million-in-funding-for-ottawa.json|globemail
Take it from the city if Ottawa. Their bungling of the protest right from the start is one of the reasons it went in for this long |Bovine Scatologist II |2022-02-20 20:20:43.111|1|0|30e20095-0f1b-40a8-9823-47257f0be547|article-federal-government-announces-20-million-in-funding-for-ottawa.json|globemail
How much are the workers who just had their blown away in BC by terrorists going to get. Or as Trudeau likes to say, are “they are just taking up space.”|Jack Reacher|2022-02-20 02:59:48.882|0|0|f8174f24-7c96-4e62-a3a8-586b95eb05c1|article-federal-government-announces-20-million-in-funding-for-ottawa.json|globemail
Wait what?  I thought it was about border mandates and then provincial restrictions  Why does the goal keep changing?|Richard Wright|2022-02-20 14:44:04.181|1|0|9946d6e4-e66e-4ff2-a5a3-66d3e0b95eec|article-federal-government-announces-20-million-in-funding-for-ottawa.json|globemail
Certainly in comparison with the behaviour of the Conservative leadership, who encouraged the insurgents in taking downtown Ottawa hostage. My guess is Candice Bergen, Pierre Poilievre and Andrew Scheer will be eating bag lunches on park benches for a while, since no downtown restaurant will want to serve them.|Nick Wright|2022-02-20 03:20:13.383|1|0|4f50660c-7121-4a51-b398-da763b2263dc|article-federal-government-announces-20-million-in-funding-for-ottawa.json|globemail
"Well I suspect spending your time in the halls of self described academia or at the over priced latte counter, you might hear that, I agree.  I did my long delayed visit to the barbershop today, amongst the ""common folk"" so to speak, was an ear opener, he gets zero credit among the folks there. In fact, I would describe it as something much harsher than that.  Makes sense, latest polls show he had only 16% support.  I figure that he is gone by summer.  Second female Prime Minister is in the offing, PM Freeland, though I suspect that her reign will not be much longer than the first one. The connection to her unhinged predecessor was a little too close."|Henry Egan|2022-02-20 06:01:23.694|1|0|009fd43b-48a6-4467-ab5c-45639fa955de|article-federal-government-announces-20-million-in-funding-for-ottawa.json|globemail
Chuck T, the PM once climbed into the ring with a guy who was supposed to clean his clock, with Conservatives everywhere licking their chops in anticipation.   Spineless cowards don’t do that.  I’m no fan, but he’s no coward. And whenever someone calls him that, it just sounds deranged and desperate.|Michael-Rosella|2022-02-20 13:59:45.150|1|0|ae8c4c87-64be-4afb-ac31-5004047b6121|article-federal-government-announces-20-million-in-funding-for-ottawa.json|globemail
I guess you missed those folks getting trampled by horses….|NotaLaurentianelite|2022-02-20 06:58:19.513|1|0|339c0f6d-f6c7-480e-99c6-6be6aca89596|article-federal-government-announces-20-million-in-funding-for-ottawa.json|globemail
Credit to the front line enforcement resources.  Not Trudeau.|billy112|2022-02-20 12:49:47.276|1|0|9ee56fa5-22d5-413c-b079-479490491f83|article-federal-government-announces-20-million-in-funding-for-ottawa.json|globemail
In their warped world, everything is Trudeau Jr's fault !|Bikerman|2022-02-20 13:20:57.787|1|0|1f97aceb-3a5f-4264-af73-f4daf46138d0|article-federal-government-announces-20-million-in-funding-for-ottawa.json|globemail
Justice would be the demonstrators forking over the 20 million.|app_70335371|2022-02-20 03:04:50.124|0|0|26a44272-ef0a-448f-ad29-5c234b271329|article-federal-government-announces-20-million-in-funding-for-ottawa.json|globemail
Pretty snappy decision. - amazing aver this latest gaff.  Mr. Dithers 2.0 must lunch somewhere nearby or shop for socks there.|James Mitchelson|2022-02-20 03:37:54.243|0|0|f8320a20-038d-41ce-ae32-19d634cdf2e0|article-federal-government-announces-20-million-in-funding-for-ottawa.json|globemail
Yup.|BMC9689|2022-02-20 05:35:11.100|1|0|59e30fcb-d557-4709-a59a-5416ff7db070|article-federal-government-announces-20-million-in-funding-for-ottawa.json|globemail
Only because they were planning an election - it was bribery - and it failed.  But result was 60% increase in federal government debt, effects will only be felt when the Liberals are out of power.  Think about it, took 153 years to get to that original debt level then they increase it another 60% in a couple of years.|Henry Egan|2022-02-20 05:42:27.319|1|0|54ea7e64-9c3c-4bb3-aa69-2413f8d18fcf|article-federal-government-announces-20-million-in-funding-for-ottawa.json|globemail
100s of $billions in pandemic spending still lost and unaccounted for,which trudeau refuses to disclose any info of...according to the PBO. Quick to help....who? SNC...$300 million...to build a few tents..which still haven't been built.|john l gee|2022-02-20 12:05:39.646|1|0|4d69b3c2-6daf-425f-9316-950e89865ab8|article-federal-government-announces-20-million-in-funding-for-ottawa.json|globemail
How is ottawa the center of power base?  Why did the other parties support it?  |Richard Wright|2022-02-20 03:37:58.317|1|0|2a3089ea-f971-4245-ae4f-c0e938522bbc|article-federal-government-announces-20-million-in-funding-for-ottawa.json|globemail
Far right led occupations & a federal conservative party that activelly supported a lawless insurrection has left us in a far worse state, you can vote Trudeau Jr out, that option wasn't availabel the last three weeks as the far right & the conservative party have no use for democracy & the rule of law.|Bikerman|2022-02-20 13:19:51.128|1|0|c32906cb-0326-4c71-a890-232aab801f88|article-federal-government-announces-20-million-in-funding-for-ottawa.json|globemail
Oh puhleeeeze.  Newfoundland has been bailed out financially by the feds too many times to count.  That's just one example of the feds looking after citizens who do not reside in 'Evil' Ontario.  |TillyTrillium|2022-02-20 16:23:06.741|1|0|147db5f5-4f1f-4a2b-a37f-d0276e203975|article-federal-government-announces-20-million-in-funding-for-ottawa.json|globemail
I dont think mayor Watson will ever admit that but clearly the ottawa police did mess up |Richard Wright|2022-02-20 12:53:17.574|1|0|4637d0f3-10e4-4923-aed9-7aa2fdb47c9a|article-federal-government-announces-20-million-in-funding-for-ottawa.json|globemail
So the Felony Convoy is costing us over $100 million...|The Mississaugan|2022-02-22 00:21:47.453|0|0|811f30f7-52aa-4cf8-a12e-4c6ab2338f1d|article-federal-government-announces-20-million-in-funding-for-ottawa.json|globemail
