﻿comment|username|datetime|isreply|num_replies|comment_ids|post_id|label
The solution is simple. The politicians in Ottawa as well the the provincial capitals have to lay out a schedule for removing covid restrictions. A schedule  that starts by eliminating any vaccine mandates and forces the politicians to focus on reopening the economy and showing respect for working people. An apology from some politicians for using inappropriately demeaning language in describing the participants in this protest would be a good start. Hopefully these politicians are taking note of the John Hopkins study that showed how ineffective lock downs have been around the world. |brookie16|2022-02-03 17:26:16.358|0|4|7afe511b-ef66-4e5f-987d-36a22439f415|article-partial-reopening-of-alberta-border-crossing-running-into-problems.json|globemail
And you know that how?   Utter nonsense, of course. |Don Griffiths|2022-02-03 15:52:27.258|1|4|91a68c3b-ab67-4cdb-9832-1fbced8968f7|article-partial-reopening-of-alberta-border-crossing-running-into-problems.json|globemail
It is exceptionally difficult to tow a tractor trailer with disabled air-brakes.  Let alone tow hundreds of semi trucks with disabled air-brakes.  Best to negotiate. Like we did in Northern BC two years ago with the pipeline protesters.  It's the Canadian way.|Jesse Pewarchuk|2022-02-03 19:26:46.404|0|4|872ce521-b575-46ac-a209-c4fa25d53586|article-partial-reopening-of-alberta-border-crossing-running-into-problems.json|globemail
If your vehicle breaks down on a public road or highway it is not illegal.  The RCMP can not find one tow truck company to tow any protesters vehicle.  Amazing that people think the governments have all the power. The people have the power and governments work for them. |NM0047|2022-02-03 16:04:31.106|1|4|6b5586e9-6eb8-47b4-812d-eb304f69a29f|article-partial-reopening-of-alberta-border-crossing-running-into-problems.json|globemail
Not one tow truck company will remove a protesters vehicle. RCMP have contacted all of them within 200kms|NM0047|2022-02-03 15:40:54.478|1|4|c4b3ac9c-fcca-4f6b-a43c-14f8a4185bca|article-partial-reopening-of-alberta-border-crossing-running-into-problems.json|globemail
Time is up on the anarchist nonsense. Time to ticket and tow these vehicles. The drivers can pay to get them out of impound. Obviously they don't need to be working. Time for governments to stop being held hostage by lawbreakers.|History Hunter|2022-02-03 14:52:05.691|0|3|7e87e63e-9716-4a61-a7b8-485a46505218|article-partial-reopening-of-alberta-border-crossing-running-into-problems.json|globemail
Thank you truckers! Your protests have triggered the yellow bellies. Trudeau and the branch covidians are absolutely frustrated and miserable. Mission accomplished!|RfcMcD|2022-02-03 15:56:10.209|0|3|9ee5c3aa-4ed6-43f5-abcb-88ee8ccb0eca|article-partial-reopening-of-alberta-border-crossing-running-into-problems.json|globemail
These people have to be the slowest witted, dullest bulbs in the bunch.  How they think for one second that this doesn't make them look crazy is beyond me.  How impacting the lives of regular Canadians does anything but make people hate them is astounding.  Guess what geniuses, the politicians have already proven that they don't care what you do, or what happens around this.  So all you're doing it ticking off the rest of us just trying to get through the day, who don't have time or the ability to drop our lives for the sake of having a tantrum no one will listen to in the first place.  God save us from well meaning idiots.|Phil King|2022-02-03 18:12:44.671|0|3|b61b4808-cdbb-4272-8ec0-c1c286e210eb|article-partial-reopening-of-alberta-border-crossing-running-into-problems.json|globemail
They let the natives block railroads for alot longer with no actions......|Bob Brother|2022-02-03 15:55:11.802|1|3|b0fbdd69-2233-4ea0-8f62-e0d0c90da149|article-partial-reopening-of-alberta-border-crossing-running-into-problems.json|globemail
Alberta anarchists in Ottawa or Alberta anarchists in Coutts.  Two places, same crowd.  Just as reasonable. . |michaelmoore|2022-02-03 15:54:51.366|0|3|a070ed90-a93e-4216-8834-e7f4d5c0e6e4|article-partial-reopening-of-alberta-border-crossing-running-into-problems.json|globemail
How did you feel about the BLM riots? We’re you lobbying for justice?|NM0047|2022-02-03 19:09:17.530|1|3|5ec5d5b3-407c-45ae-a4f2-61adc0984842|article-partial-reopening-of-alberta-border-crossing-running-into-problems.json|globemail
They, and Kenney’s pathetic non response, have most assuredly “triggered” this “yellow belly”. I dislike Kenney intensely, and have voted against him at every opportunity. But I have never been as enraged at his, and his party’s, gutless response to the Coutts blockade. It has triggered me to do more than just vote against Kenney and his party. I will give much more, both financially and hours worked, to ensure that they lose power in Alberta. Complete and utter feckless…… Thanks, Samantha Bee.|JAMESJOHN2650|2022-02-03 16:02:31.646|1|2|11666c01-dda4-49a5-b93d-d275f5f52436|article-partial-reopening-of-alberta-border-crossing-running-into-problems.json|globemail
"My definition of ""reasonable"":  In Coutts: Truckers voluntarily ""...moved their trucks over to the right side of the highway...""  Result: ""One lane each way has been cleared on the highway at the main United States border crossing...""     In Ottawa: No screaming matches, pushing or punching or blood on the pavement; very little property damage--if any. Result: no helmeted, shield-carrying police swinging batons, no mace in the air, rubber bullets fired, handcuffs tightened on cowed miscreants on their way to jail.   Pretty reasonable.   Meanwhile, elsewhere in AB, ""A long line of RCMP vehicles, with their lights flashing, blocked off the highway..."""|Rich Mole|2022-02-03 16:14:30.321|1|2|6e619ea4-fb25-4813-839c-a50bc91aeb5b|article-partial-reopening-of-alberta-border-crossing-running-into-problems.json|globemail
The people in the Alberta blockade should all be arrested, but the RCMP does not want to do its job. All the blockade is doing is alienating people rather than garnishing support , and they want to talk to Kenney who does not make the rules when it comes to border crossing. .Even if Trudeau changed his covid policy the USA similar policy. At least Trudeau could eliminate isolation time if covid testing  was negative. |daveeo1234|2022-02-03 16:51:51.118|0|2|96a6fe03-8c97-4984-86a8-0615b2a69780|article-partial-reopening-of-alberta-border-crossing-running-into-problems.json|globemail
Partial reopening of Alberta border crossing running into problems: RCMP  So......;  The federal and Ottawa/Ontario governments are incapable of upholding basic Law of the land/Canada, and now we can add Alberta to the mix. Make no mistake, the truckers in Ottawa and Alberta are breaking so many Laws, they should be on the receiving end of 1 000.00 of dollars in fines/tickets, and in all reality should be facing a Judge in a Court of Law, and soon.  What will be interesting, there is a truckers convoy planned in/on Quebec City this weekend. Let see if the Quebec government has the will and backbone to stand up to the said truckers. Hopefully, they do.  . |Ivan Dobren|2022-02-03 15:38:50.541|0|2|c80f1c65-818e-47f9-8820-29a1b522134d|article-partial-reopening-of-alberta-border-crossing-running-into-problems.json|globemail
With much fanfare , Jason Kennedy last year passed the Critical Infrastructure Defence Act to making  it illegal to block pipelines, highways, hospitals etc. Wonder when he plans on using it - only for the next pipeline protest? |northerncrank|2022-02-03 19:04:33.245|0|2|57a8dd2c-1c51-4300-bf25-e82288860946|article-partial-reopening-of-alberta-border-crossing-running-into-problems.json|globemail
What a mess.  At some point will Trudeau crawl out from under his bed and actually show some leadership to diffuse this situation?  Do something!|app_72278146|2022-02-03 17:47:15.771|0|2|c4206455-9431-4801-8aba-aabcdbfbe175|article-partial-reopening-of-alberta-border-crossing-running-into-problems.json|globemail
Again, what does one expect to happen when our country's most incompetent irresponsible failed non-leading and #1 Alberta politician Kenney, brainlessly comes out in solidarity & support with these truckers and their rejection of Ottawa's vaccine mandate to cross the US-Canada border!!!???  I find it utterly reprehensible, irresponsible and just plain unacceptable for any people-elected politico anywhere in our country like Kenney, etc., to ever come out in full support & solidarity of a small minority of truckers (15% I last heard) willing to give-up upwards of a $100K annual income by flat out refusing to join the majority (85-90%) of their fellow fully vaccinated truckers & members of the CTA (https://cantruck.ca/) still working period!!!!!  Furthermore, these people-elected politicos like Kenney, etc., wrongfully trying to get votes and stir the pot by showing any darn public support for these illegal protestors, absolutely all need & should be sacked, given they all know frigging darn-well fully vaccinated mandates are the law in both Canada and the US for ALL truckers crossing the US-Canada border period!!!!!!!! |Rob A, Van, BC|2022-02-03 18:48:55.779|0|2|24f9082c-b667-493b-8bc4-34eac72664a9|article-partial-reopening-of-alberta-border-crossing-running-into-problems.json|globemail
Here's a solution. Enforce the law. Put the truckers who refuse to move in jail. Tow their vehicles to compounds. Let the courts assign sentences and costs. It's nor complicated. And it is why we have police, and, if necessary an army.|jpwjpw|2022-02-03 15:54:40.027|0|2|0a843efd-a671-4b80-87f2-d9c9fad88b1e|article-partial-reopening-of-alberta-border-crossing-running-into-problems.json|globemail
"The AB border is open, to reduced levels of traffic, but at least things are moving.  Bob, ""reduced"" signifies that someone is reducing the said traffic and doing so illegally.   . "|Ivan Dobren|2022-02-03 17:54:46.158|1|2|0848ccab-4d99-4742-8596-373af38838f6|article-partial-reopening-of-alberta-border-crossing-running-into-problems.json|globemail
Yeah, negotiate with the terrorists, that'll help.  Name me a single protest or blockade or occupation that ever achieved their goals.  It never works, because the population would never put up with it.  Just get your fifteen minute vaccine appointment for X's sake.  Imagine having so little to do and so little imagination as a human being that you'd do this to your fellow Canadians for the sake of impacting politicians you already know don't give a damn what happens to us.|Phil King|2022-02-03 18:10:27.515|1|1|db9583b5-5450-479b-9b36-72e3b9e3a5e2|article-partial-reopening-of-alberta-border-crossing-running-into-problems.json|globemail
Not a fan of Trudeau in any sense, so I sometimes pretend we have a competent Prime Minister instead.  However, THAT imaginary competent person wouldn't step in the way of this either.  As they say: Never Interfere With an Enemy While He’s in the Process of Destroying Himself  The occupiers have set themselves up to fail. Just like the occupy wall street types did.  They have no spokesperson. They have set up a situation that ticks off regular people who already have it hard.  They have no plan. They have no control of the fringe elements that make them look bad.  The whole thing will collapse based on time.  All the PM has to do is wait for them to implode.  |Phil King|2022-02-03 18:26:08.175|1|1|c88a4f77-957b-4426-9391-779e3991a6bb|article-partial-reopening-of-alberta-border-crossing-running-into-problems.json|globemail
Assuming most of the trucks belong to independent operators.  Not trucking corporation would risk their assets which would not be covered by insurance for such a task,  When these trucks are involved in the blockade, they are not working and the independent drivers are not making any money.  Who is paying these people?  If the US is not allowing unvaccinated drivers entry, maybe this is how anti-vax drivers are making a pay cheque?|LeonTrotsky53|2022-02-03 17:58:43.832|0|1|f1a1de89-b7aa-48bf-b7c6-4087f205f3c9|article-partial-reopening-of-alberta-border-crossing-running-into-problems.json|globemail
hahaha|kroe|2022-02-03 16:17:33.782|1|1|fe84ccd5-a264-4291-8bbf-ed499718d9a1|article-partial-reopening-of-alberta-border-crossing-running-into-problems.json|globemail
"No, brookie16 - the governments involved don't ""have to"" do anything of the sort.  What convoy protestors ""have to do"" is stop breaking the law. "|Alceste|2022-02-03 17:44:00.580|1|1|07ea6e8c-dc35-4dd8-962c-fb0c5c387813|article-partial-reopening-of-alberta-border-crossing-running-into-problems.json|globemail
I hope that's just misplaced sarcasm - I'd hate to think any Canadian actually believes that.|Alceste|2022-02-03 16:05:37.774|1|1|38c86f43-704e-4499-90db-80412c07ec3a|article-partial-reopening-of-alberta-border-crossing-running-into-problems.json|globemail
"Rather than worrying about towing the blockade vehicles simply bulldoze them into the ditch and clean up in the spring. The protest is idiotic having nothing to do about ""freedom"" or ""responsibility"". We the 90% want our freedom from the 10% fools pretending we are not in a pandemic."|app_65003167|2022-02-03 16:38:00.221|0|1|fa8a5763-1ab1-4a52-b6d7-04be71ffda96|article-partial-reopening-of-alberta-border-crossing-running-into-problems.json|globemail
It’s already been used against some anti vaxxers who decided to test it.  The were obstructing access to medical facilities and shouting insults at medical staff.  They were arrested, charged, convicted and had to pay substantial fines. No one else has been dumb enough to follow their lead.  That’s what happens when adults take charge, make the rules of the game clear and then follow through.  It’s not rocket science.|Bobm|2022-02-03 20:33:22.898|1|1|2a202869-f7ca-4885-ac68-3fddae95501b|article-partial-reopening-of-alberta-border-crossing-running-into-problems.json|globemail
These people have to be the slowest witted, dullest bulbs in the bunch.  Yes they are........right there next to the people that support them. I'd love to see  a bunch of Environmental groups put up a blockade of Fort Mac.  No doubt, that would get Jason Kenny moving at the speed of light.  No doubt.....what so ever.  . |Ivan Dobren|2022-02-03 19:24:17.405|1|1|44152120-9bfc-4ce0-b805-7da336419eeb|article-partial-reopening-of-alberta-border-crossing-running-into-problems.json|globemail
Actually the blockade is due to Trudeau as the federal government controls the border and the rules to cross it. THE gutless people are the RCMP ,who are afraid of escalation and just watch. ,just like the uselaee police in Ottawa. The RCMP should be arresting people ,who are breaking the law ,which is what Kenney is asking them to do.|daveeo1234|2022-02-03 16:47:28.651|1|1|c6ca185f-26e4-4438-a00b-3a064f8b3bf1|article-partial-reopening-of-alberta-border-crossing-running-into-problems.json|globemail
"Perhaps quote the whole sentence?  ""A long line of RCMP vehicles, with their lights flashing, blocked off the highway as hundreds of vehicles continued to gather on both sides of the highway with their horns blaring.""  So a bunch of yahoos moved north and continued to threaten traffic and the RCMP have to provide escorts to those using the highway.  And don't get me started on the attempts to threaten legislators in Ottawa and the virtual shutdown of businesses for several days.  You might want to look up ""reasonable"" in the dictionary. "|EdmontonGuy|2022-02-03 16:30:10.378|1|1|990ed430-a302-41f0-9333-aa4751effeb6|article-partial-reopening-of-alberta-border-crossing-running-into-problems.json|globemail
The army has lots of Big tow trucks!!  Give them a chance to practice.|Crackerjack|2022-02-03 16:51:27.233|1|1|e07729a5-1997-4d77-9dfd-245cecf4e0da|article-partial-reopening-of-alberta-border-crossing-running-into-problems.json|globemail
"Challenges and Issues  1) Towing a Tractor Trailer unit is complicated. 2) Doing that while surrounded by protestors is more complicated. 3) Good luck getting a call EVER again if you tow away a trucker. 4) If someone else decommissions my vehicle and it won't operate, then I didn't do it.  How can you arrest me?  Even if you do, my vehicle doesn't move.  I don't like the blockade.  I don't like the mandate. I am double vaxed and boosted I disagree that we should force others to do so.  Some nations of the world have a vax rate under 10% (as example, many third world citizens don't want to be vaccinated despite what you are told.)  Forcing a few truckers to get vaccinated, whose job is to sit in their cabs and drive and deliver essential services is accomplishing absolutely nothing.   If we instead force them to drive domestically, then what exactly does that accomplish?  ""Thou shalt vaccinate or you cannot work!"" is truly an awful position to take.     Take that a step further. This is an essential service that impacts millions by focusing on the few.  Lastly. We are already seeing health personnel being allowed to treat people even though they are unvaccinated.   "|SvenAnj|2022-02-03 18:59:06.267|1|1|52f6d946-1c2d-4634-a8d7-af4b62082979|article-partial-reopening-of-alberta-border-crossing-running-into-problems.json|globemail
Remove all mandates and restrictions once the vaccination rate has reached 90%.|Kim2301|2022-02-03 21:13:20.344|0|1|56bec3ed-c4f8-4cd3-b5bd-6f1091dbb358|article-partial-reopening-of-alberta-border-crossing-running-into-problems.json|globemail
I really don't want these truck drivers determining provincial or national health policy.  I prefer people with medical training to give medical advice. Similarly, I wouldn't ask a doctor or nurse to grind through 18 gears and hook up gladhands while sliding a fifth wheel under the nose of a trailer.  Let's all just stick to what we do best. Speaking of which, where does that leave the RCMP? Diplomacy is for politicians, Mounties are supposed to enforce the law and protect the public peace.|Black Swan|2022-02-03 22:25:30.430|0|1|8496e11e-d2c4-4605-a024-4611184a8a34|article-partial-reopening-of-alberta-border-crossing-running-into-problems.json|globemail
The AB border is open, to reduced levels of traffic, but at least things are moving.  To equate that with Ottawa, still completely shut down and no end in sight, is a false comparison.  And to shut the highway and provide an escort to the border to avoid additional problems only makes sense.  It’s called being proactive; do one’s best to avoid/minimize problems before things fall apart.  Not ideal, but much better than the Rambo wannabes: Bring in the army!  Bring in the tanks!  Bring in the bulldozers!  Stupid!  Canada is already looking bad over this, without such an over the top response. There’s been no bloodshed, no terrorist action, no burning, looting, violence.  BTW, I agree with your stand regarding laws are being broke and there should be consequences.  Unfortunately, the precedent for little consequences in these situations has been set (rail blockades, access to remote work camps, environmental protests, etc.).  The response to those situations has been pretty mild.  Until the adults realize negotiation is the only way out of this, instead of stonewalling, derogatory name calling and hysterics, nothing will be solved.|Bobm|2022-02-03 17:03:25.833|1|1|6a441727-9d9f-48c4-927a-6cd2a28d0b34|article-partial-reopening-of-alberta-border-crossing-running-into-problems.json|globemail
Despite what Rebel News says, that's just not true, NM0047.|Alceste|2022-02-03 16:06:24.351|1|1|08100d54-cdab-4a2b-aeda-d10aab467cf1|article-partial-reopening-of-alberta-border-crossing-running-into-problems.json|globemail
Bobm, I haven't been able to find a published account of this charge and trial or guilty plea, and conviction.  There's no reported case either.  Could you give a few details on this charge?|anne wilson|2022-02-03 22:58:55.461|1|0|53abb1b5-3a9e-43c0-b4f4-5e9fd82fa711|article-partial-reopening-of-alberta-border-crossing-running-into-problems.json|globemail
The people protesting and the politicians supporting them need to wake up to the reality of their changing world.   Technology is working behind the scenes to where it seems in 5 years we will see autonomous trucks become part of the transport industry fleet.  See attached videos illustrating just how advanced robotics are becoming, the day is not far away….  This video shows successful testing of autonomous trucks: https://youtu.be/L9l90xQmBHA  This video shows how advanced robots have become, to where they could be doing loading and offloading: https://youtu.be/uhND7Mvp3f4  Change is coming.|DebbieTy|2022-02-03 21:25:53.900|0|0|1f337f1c-4d8b-49d1-b79d-8ed047a9db6b|article-partial-reopening-of-alberta-border-crossing-running-into-problems.json|globemail
because yo say so? |dirtyduck|2022-02-03 21:58:23.249|1|0|d42aefc2-4e9e-42aa-b43b-f9eb09a918d8|article-partial-reopening-of-alberta-border-crossing-running-into-problems.json|globemail
"When these trucks are involved in the blockade, they are not working and the independent drivers are not making any money. Who is paying these people?  The ""GoFundMe"" group.  The piece de resistance? This $$$$ is (by the CRA) considered as ""income"". Wait till the mutts find out they will have to pay income taxes on the said $$$$.  I can hardly wait.....  . "|Ivan Dobren|2022-02-03 19:27:10.152|1|0|73ab5466-3da0-4b38-9011-9742adfb1b52|article-partial-reopening-of-alberta-border-crossing-running-into-problems.json|globemail
You don't negotiate with terrorists-just have the Army roll a couple of Leopard tanks down the road, clearing the lanes. Then bill the truckers for the paint jobs.|RonWilliams|2022-02-03 21:15:13.031|0|0|f5eb2bbd-4cb4-49cc-ae16-da2c05e86010|article-partial-reopening-of-alberta-border-crossing-running-into-problems.json|globemail
Have the Calgary Flames disowned Theo Fleury yet.|GregaryPeckary|2022-02-03 21:29:45.713|0|0|83ef81ad-90d3-4f9c-8afe-07adc27f5960|article-partial-reopening-of-alberta-border-crossing-running-into-problems.json|globemail
"I am retired lets go to Fort Mac.   Which blockade will be moved first.   Read somewhere before - "" The police have their guns set to white."|GregaryPeckary|2022-02-03 19:58:02.925|1|0|eb69cc87-f542-4910-af0a-e0d308b4989b|article-partial-reopening-of-alberta-border-crossing-running-into-problems.json|globemail
What do you suggest? They obviously won’t debate anything. |northerncrank|2022-02-03 18:54:01.677|1|0|c0050180-26b7-4b28-93a8-328974adbaa8|article-partial-reopening-of-alberta-border-crossing-running-into-problems.json|globemail
What will you say when the next demonstration occurs based on the activity of these ignorant zealots. |robert1051|2022-02-03 19:55:43.009|1|0|7345f14e-7b84-4fb1-8c82-ddafd9fcd170|article-partial-reopening-of-alberta-border-crossing-running-into-problems.json|globemail
The RCMP look like they're doing a decent job in Alberta.   The Ottawa Police...... Not so much.|THE GLOB|2022-02-04 02:27:04.480|1|0|455f0c34-225c-4e0d-86b3-0ab57f2c4d76|article-partial-reopening-of-alberta-border-crossing-running-into-problems.json|globemail
To the legitimate truckers who are trying to do their job under these harsh circumstances I say well done. To the rest of you anti vaccine truckers which has caused choas, caused life to to lost and generally been a pest to the general public, you've been used. You've been used by some backroom boys who only wanted you to do that so that they think that the populace would give them sympathy and maybe their vote at the next eclection. Fat chance, people are now seeing this whole masquerade as a manipulated manovere in trying to overthrow the government. These truckers (any you have an MD or PHD so you can give clear and reseached advice to fellow Canadians) are just average joe's being led by the nose. Someone's pulling your strings guys'|Jeffclaydon2|2022-02-04 09:31:57.071|0|0|5548e342-08ab-4169-8bd3-0809d2292162|article-partial-reopening-of-alberta-border-crossing-running-into-problems.json|globemail
1st nations please form a posse and remove these guys.  The Police don't know what they are doing  |GregaryPeckary|2022-02-03 17:34:27.696|0|0|004e7f37-78d3-4030-8b65-f9e73ee439fe|article-partial-reopening-of-alberta-border-crossing-running-into-problems.json|globemail
Most of these truckers aren’t truckers at all, those trucks are grain trucks, pickups, oil field trucks.  Most real truckers have bills to pay and loans to pay off.  What we see are the usual Alberta rednecks (and I’m an Albertan) who don’t like living in a democracy if it means they don’t always get their way taking the opportunity to feel important.  Add in a lame duck Premier who talks tough against natives and environmentalists, but really has no spine at all to do what’s right.    The UCP offered up to end the REP program but backed off when the outrage from the majority began. The blockaders want the REP ended so they can get back to the bar.|arctic parrot|2022-02-03 21:09:30.877|0|0|1ac75b62-af1c-4d7a-ba27-5539525baeb2|article-partial-reopening-of-alberta-border-crossing-running-into-problems.json|globemail
Cancel their driver's licenses. |williamjpower|2022-02-03 20:36:50.068|0|0|7e2ccf00-16ff-4db1-8323-1306f29a951c|article-partial-reopening-of-alberta-border-crossing-running-into-problems.json|globemail
Well said.|robert1051|2022-02-03 19:53:02.086|1|0|21464549-1c1b-4ffe-bd94-589260fba93c|article-partial-reopening-of-alberta-border-crossing-running-into-problems.json|globemail
 Leopard tanks can clear the roads easily. After the first truck is smashed, the rest will flee.|RonWilliams|2022-02-03 21:13:44.239|1|0|5dc7eaa9-de39-4cbc-8e6a-082812e31c3c|article-partial-reopening-of-alberta-border-crossing-running-into-problems.json|globemail
"Good old Jason , this is what you get for pandering to the anti-vaxxers and crazies.  Doug Ford is learning the same lesson with his ""tisk-tisk"" response to the Canada Goose mob attacking homeless people and other law abiding citizens in Ottawa. "|Richard Ottawa|2022-02-03 17:30:42.575|0|0|143dccd9-49d9-4f22-a4a7-c39872d80247|article-partial-reopening-of-alberta-border-crossing-running-into-problems.json|globemail
Only to be used on First Nations and environmental protesters, no white rednecks. |Alison_D|2022-02-03 20:14:31.014|1|0|31793090-4e93-4acd-8175-a4ca24853529|article-partial-reopening-of-alberta-border-crossing-running-into-problems.json|globemail
"This is the new reality:  ""RCMP arrest photojournalist Amber Bracken and 14 others during pipeline protest in Wet’suwet’en territory""  TMX  ""Canadian police on Thursday started arresting indigenous protesters at the site of TC Energy Corp's (TRP.TO) Coastal GasLink pipeline in British Columbia,... The Royal Canadian Mounted Police earlier said they would break up a blockade around the project in the remote northern part of the province, which has long been opposed by the Gidimt'en clan and others on environmental grounds. ""Arrests are being made at Gidimt'en checkpoint,"" "|dirtyduck|2022-02-03 19:50:59.256|1|0|4f649935-c0c9-4761-bf5f-132b3bdb3de3|article-partial-reopening-of-alberta-border-crossing-running-into-problems.json|globemail
This has nothing do to with freedom or vaccine mandates. This is about fear, and a desire for revenge for pre-COVID grievances (many of which can be voiced through formal political channels).  |Lyndondary|2022-02-03 19:04:18.304|0|0|1534be46-d354-43f9-9679-2066994917c2|article-partial-reopening-of-alberta-border-crossing-running-into-problems.json|globemail
Something about lying down with dogs and getting up with fleas...|RonWilliams|2022-02-03 21:17:01.669|1|0|b8e6b9d3-cfe5-47a9-8107-9546634ffeeb|article-partial-reopening-of-alberta-border-crossing-running-into-problems.json|globemail
WE should NOT harm fellow Canadians even if they are idiotic enough to throttle the cross border business activities, unless, of course, they are further silly enough to harm the police officers.|Just Society|2022-02-03 21:01:35.306|1|0|21165ff5-1260-4aa1-abb7-ca8d460c7544|article-partial-reopening-of-alberta-border-crossing-running-into-problems.json|globemail
Who says anything about towing? A D-9 Cat can just push sideways into the nearest ditch. Just get it off the road. Towing is for sissies.  The driver can explain to the owner why they are being charged for hauling the remaining scrap metal to the nearest salvage yard.|Black Swan|2022-02-03 22:16:38.649|1|0|3367e72d-f48f-402e-8ab8-6fd927d70dee|article-partial-reopening-of-alberta-border-crossing-running-into-problems.json|globemail
Not allowing unvaccinated Canadian truckers into the US,  is a US mandate they announced in October. they would be implementing.. Canada retaliated on US unvaxxed truckers. It seems these morons would rather have unvaxxed US truckers delivering goods to Canada |dirtyduck|2022-02-03 19:15:35.089|0|0|643c7a63-d1fe-4a52-b93b-9f8e1182bb10|article-partial-reopening-of-alberta-border-crossing-running-into-problems.json|globemail
""" Ottawa's vaccine mandate to cross the US-Canada border!!!???""  It is a US mandate they announced in October.. Canada retaliated on US unvaxxed truckers.  It seems these morons would rather have unvaxxed US truckers delivering goods to Canada. "|dirtyduck|2022-02-03 19:13:03.555|1|0|47b148db-9b6f-4492-8ba4-6efe0759fd94|article-partial-reopening-of-alberta-border-crossing-running-into-problems.json|globemail
Why should there be any negotiation.  They are doing an illegal act.  This UCP government should not allow everyone to be held hostage.  Grow a set get the military and enough law enforcement officers and round them all up. Time get tough |Superdave1168|2022-02-03 19:33:00.029|0|0|1e96051c-c2b7-4aa3-a028-fdb7fe68b25f|article-partial-reopening-of-alberta-border-crossing-running-into-problems.json|globemail
Time to play hard ball with these kooks. If not then we all can do whatever we want. That s not a good idea. |Tomkatt1212|2022-02-03 19:55:54.364|0|0|556a6581-697a-4513-abc3-431cb9e14a5b|article-partial-reopening-of-alberta-border-crossing-running-into-problems.json|globemail
What about the 'freedom' of people who want or need to travel?  Arrest& charge them, tow the tricks, sue in civil court.  No political party should allow them as members, ever  Mind you, since shutting down the national rail system is allowed, well................. |TandT|2022-02-03 18:44:37.518|0|0|354b424e-6905-4a2b-a9b5-9df8f38f4a7b|article-partial-reopening-of-alberta-border-crossing-running-into-problems.json|globemail
Start sending tickets by courier immediately to registered owners. |BRUCEHUNTER3|2022-02-03 18:16:43.212|0|0|1009937b-40ae-4436-bc2e-9f34fe0a30d9|article-partial-reopening-of-alberta-border-crossing-running-into-problems.json|globemail
If the GO Fund Me releases the rest of the funds, I will then know that there is no hope.  Co-operation to combat climate change, social media and other major issues will soon be needed but,   why bother if GFM can raise money against this issues.   |GregaryPeckary|2022-02-03 19:54:11.164|1|0|507170b1-b204-4826-9d24-bbc1df69f7b7|article-partial-reopening-of-alberta-border-crossing-running-into-problems.json|globemail
Send them to Somalia for a few weeks.  I hear it is very free there. |dirtyduck|2022-02-03 17:31:30.312|0|0|09bbdd45-c8d3-449b-8777-68fd9e2a7f57|article-partial-reopening-of-alberta-border-crossing-running-into-problems.json|globemail
"Now if I was to park my truck in the middle of the road, I'd be arrested, fined and or sent to jail.  Watching the RCMP ""Three Stooges"" routine at the Alberta border is embarrassing. "|Pa Kettle|2022-02-03 16:57:26.568|0|0|8093a277-8ffa-499d-a673-85d66efc0560|article-partial-reopening-of-alberta-border-crossing-running-into-problems.json|globemail
Solution is simple.  Fine and arrest them all!! They are breaking the law.  |Foz G-M reader|2022-02-03 18:12:13.259|1|0|88bdd44d-bdb4-4f3e-87f2-f04bbe85d6d9|article-partial-reopening-of-alberta-border-crossing-running-into-problems.json|globemail
.  No arrests in BC? Really?  Ask Ms May all about it.................  . |Ivan Dobren|2022-02-03 16:31:19.821|1|0|d68898fd-9177-4b8e-845d-b7eae5f21a2d|article-partial-reopening-of-alberta-border-crossing-running-into-problems.json|globemail
THe Canadian army?  |Corey Zimmermann|2022-02-03 19:00:28.486|1|0|9b7ea64d-0ced-4029-a84f-6b1db5ab26a5|article-partial-reopening-of-alberta-border-crossing-running-into-problems.json|globemail
If your vehicle breaks down on a public road or highway it is not illegal.  It is if you immobilize the said vehicle by yourself/on purpose. It is as well illegal (in all of the Canadian provinces) to purposely block streets, roads and highways.  . |Ivan Dobren|2022-02-03 16:30:02.880|1|0|bb09e8d7-cd7f-4659-831b-d1dcd171932c|article-partial-reopening-of-alberta-border-crossing-running-into-problems.json|globemail
Is your space vehicle now at warp speed?|jpwjpw|2022-02-03 16:17:29.474|1|0|d0b5138f-db3d-48db-9db3-68ff3160135f|article-partial-reopening-of-alberta-border-crossing-running-into-problems.json|globemail
Time for the police in this country to start doing their job. Bust up these obstructionists.|Don Griffiths|2022-02-03 15:53:55.782|0|0|6e6c9b18-a83c-4ddc-a1fc-e32890d90079|article-partial-reopening-of-alberta-border-crossing-running-into-problems.json|globemail
As long as traffic moves it is not illegal at least not criminally. Highway traffic act yes and I'm sure the tickets will be in the mail. Unlike 'down east', Alberta and the Prairies have never put up with highways being blocked, hence the quick legislation for the faux Wet'suwet'en protests and the quick resolution of those trying the same as the radical Mohawks. When Idle no more was blocking highways and rail lines a few years back in ON and QC, one Alberta nation tried to block the whole highway and that ended quickly when people tried to run the protesters down so they only blocked one lane in Alberta and other Nations did the same. The RCMP are quite clear when these protests happen that there is no blocking of the highway or the handcuffs start to come out. That is what has happened at Coutts. Maybe it is because it is the RCMP and not Provincial or local police (as in Ottawa) that people out West including FN's who are policed by them seem to cooperate more when protesting. |ckernzie|2022-02-03 18:19:00.798|1|0|8884336a-aa0e-41e5-9340-6cc330e476e8|article-partial-reopening-of-alberta-border-crossing-running-into-problems.json|globemail
I never said it wasn’t. I said those actions were illegal and there should be consequences. I said there has been some progress, and that’s true.  So I’m not sure of what you’re saying.  I think most folks would agree, at least some progress towards a resolution is better than none.  And I’m not saying there might not be more problems, either.  But small steps in the right direction are better than none.|Bobm|2022-02-03 18:10:29.494|1|0|274acddb-2bda-447b-abb4-68d8791ec737|article-partial-reopening-of-alberta-border-crossing-running-into-problems.json|globemail
So that makes it right? These people protesting can never again complain about a native protest or blockade.|northerncrank|2022-02-03 18:59:54.467|1|0|711cc3dd-fc27-4ae0-a88a-a7b2d5c7aa69|article-partial-reopening-of-alberta-border-crossing-running-into-problems.json|globemail
That non action set the tone for this kind of protest|doug5985|2022-02-03 18:29:30.596|1|0|99908eba-d4a1-46d8-b09b-2748a507e43d|article-partial-reopening-of-alberta-border-crossing-running-into-problems.json|globemail
once again, it is the US blocking Canadian unvaxxed truckers.  announced they would be doing this, down the road, in October.  Nearly 4 months ago |dirtyduck|2022-02-03 19:25:12.804|1|0|d55875cc-3b74-4ec3-8d4c-ebfd8e3f73dc|article-partial-reopening-of-alberta-border-crossing-running-into-problems.json|globemail
Phil: Lots of protests are immediately successful.  Clayoquot Sound.  Kettle Point.  Kettle Point led to a slew of illegal protests and blockades being very successful: Caledonia, Big Trout Lake, etc. The Wet'suwet'en protests of 2020 were very successful for the hereditary chiefs.  Other protests shift the needle, and push actions to speed up or change course. |DollyParker|2022-02-03 20:36:17.259|1|0|7c22b2e1-da2c-4733-9c50-cbe9dc44533d|article-partial-reopening-of-alberta-border-crossing-running-into-problems.json|globemail
Like they did with the native protestors on railways and roads?|Bob Brother|2022-02-03 15:56:01.533|1|0|ba6cbebf-a1e9-4719-9279-e21cc504f99d|article-partial-reopening-of-alberta-border-crossing-running-into-problems.json|globemail
Time for the police to ban the transport of  gas and diesel jerry jans to fill up the rigs.  If the truckers don't have heat or power they will soon move on. as well, get the bureaucrats to threaten to cancel all the truckers licences so they are not allowed to drive as a warning, otherwise, cancel their licences, inform their insurance companies, fine them, and impound their vehicles. The police in Ottawa seem to be bending over backwards to be nice to the truckers and are not stopping them from lighting fires, transporting flammable liquids, carrying firearms and defacing public monuments.  Time to call in the military.  Forget about Ukraine, we need troops on the ground here to uphold our democracy.|app_65115117|2022-02-03 16:41:41.997|1|0|5af48841-07cd-40ba-886d-23003f826410|article-partial-reopening-of-alberta-border-crossing-running-into-problems.json|globemail
"The tow truck companies are all currently negotiating for the exclusive contract for a 2 hour edition of ""Heavy Rescue - Thugs in Ottawa"""|app_72900336|2022-02-03 16:09:32.911|1|0|874bc21a-69c2-4004-9033-740cc32edb2c|article-partial-reopening-of-alberta-border-crossing-running-into-problems.json|globemail
So you say. Until we see a picture or video towing a vehicle. You are wrong. Two different news sources are reporting what I said. |NM0047|2022-02-03 19:13:01.384|1|0|304070d4-af0d-43d4-8f78-dc30fb731613|article-partial-reopening-of-alberta-border-crossing-running-into-problems.json|globemail
It is not utter nonsense, these are mostly local people and tow truck companies don't want to lose their business. Take a look at the trucks, farm vehicles, seed trucks, gravel trucks, flat deck equipment haulers, even a local crane truck. Most or all of these vehicles are not border crossing long haul truck drivers 'from away'. They are locals and the tow truck companies don't want to be blacklisted. They would have to bring in trucks from Calgary if they wanted to tow but I don't think that will be necessary. With the laws Alberta has in place we are talking criminal charges and any new protesters arriving on scene will be apprised of that not just by the RCMP but the lawyers representing the protesters. The border will not be blocked nor will the highway. |ckernzie|2022-02-03 18:01:40.336|1|0|cc18832b-1a23-4530-962b-0233747dd9c1|article-partial-reopening-of-alberta-border-crossing-running-into-problems.json|globemail
Now it is many, before it was all. |dirtyduck|2022-02-03 17:39:14.127|1|0|2643a653-fdc3-4cd9-9439-b3febb5c4a2a|article-partial-reopening-of-alberta-border-crossing-running-into-problems.json|globemail
Do a little research and get back to us with what you found. Many of the tow companies are supporting the protesters. |NM0047|2022-02-03 16:20:07.724|1|0|38de47f0-5d86-4a89-82b2-8673782ceda0|article-partial-reopening-of-alberta-border-crossing-running-into-problems.json|globemail
"Lemme get this: you question NM0047's statement. Issue the verification challenge: ""And you know that how?"" I'm fine with that, Don.  But then, you add, ""Utter nonsense of course."" But offer NO verification for your own statement.  Got evidence of ""nonsense"". Nope.  Laughable.  Proof: I'm laughing.    "|Rich Mole|2022-02-03 16:19:44.147|1|0|3956d24c-89a4-407d-9753-44e619fbff02|article-partial-reopening-of-alberta-border-crossing-running-into-problems.json|globemail
RCMP have their own trucks and many capitalist tow companies would like to make millions.|GregaryPeckary|2022-02-03 17:19:49.824|1|0|c7323950-5c0f-45e4-958a-93a47ae218ba|article-partial-reopening-of-alberta-border-crossing-running-into-problems.json|globemail
It is exceptionally difficult to tow a tractor trailer with disabled air-brakes.  Best to negotiate.  Like we did in Northern BC two years ago with the pipeline protesters.  It's the Canadian way.|Jesse Pewarchuk|2022-02-03 19:25:04.750|1|0|4fb96d65-a2d7-4ff2-bd10-6e83e9a493de|article-partial-reopening-of-alberta-border-crossing-running-into-problems.json|globemail
"""...threaten traffic""?  One lane in each direction now available to south bound and north bound traffic.  What...threat, exactly?    No, RCMP do not ""have to"" provide escorts. They chose to. It's never been 'drive at your own risk.'  "|Rich Mole|2022-02-03 23:56:59.823|1|0|04761ce4-99d4-474e-9427-760c67943c1f|article-partial-reopening-of-alberta-border-crossing-running-into-problems.json|globemail
well that is right neighbourly.  Especially as they have no right to block the highway at all. |dirtyduck|2022-02-03 17:36:11.882|1|0|bad90955-d17f-4fc3-91f4-ca9ce4331364|article-partial-reopening-of-alberta-border-crossing-running-into-problems.json|globemail
"Nonsense, nothing about this is simple. The pandemic has been anything but predictable all along, and its future remains very unclear despite politicians and their rosy presumptions. A reliable reopening ""schedule"" would be extremely difficult. That said, the economy is already reopening - StatsCan has reported that employment was 883,000 higher in December 2021 than a year ago.  Over 30,000 Canadians have died, several million diagnostic and surgical procedures have been delayed, health care professionals are burned out and leaving their professions...so I'd like to understand how many more pandemic casualties are acceptable to those who deny its massive impact on health and the health system. "|CGBe|2022-02-03 18:03:46.930|1|0|103c12bd-2b8d-44d4-9d20-47128764d24c|article-partial-reopening-of-alberta-border-crossing-running-into-problems.json|globemail
...for instance, partricipants in the Freedom Convoy, Magnus. If they weren't reasonable... Fistfights, injuries and loss of life, significant property damage, blood on the asphalt, mace in the air, handcuffs around wrists.  It's been days now. None of the above. |Rich Mole|2022-02-03 23:54:39.998|1|0|24f3d9d9-b54a-485f-a31c-96a17a932ab1|article-partial-reopening-of-alberta-border-crossing-running-into-problems.json|globemail
We're not sure of the relevance of this question, other than a whataboutism. |PIFCO3|2022-02-03 20:25:31.753|1|0|b438e6ea-fcb5-4adb-9d1b-b7c0e5071104|article-partial-reopening-of-alberta-border-crossing-running-into-problems.json|globemail
It might surprise you, but reasonable people can have different opinions about different events.|Magnus Eiesegrim|2022-02-03 20:19:25.324|1|0|7e483ac5-2dc4-41c0-9e2d-2ec1be2da93a|article-partial-reopening-of-alberta-border-crossing-running-into-problems.json|globemail
Can we not enlist the assistance of the :    RAGING GRANNIES    A mob of grannies and grandpas would go a long way to embarrass these testosterone no-neckers.|GregaryPeckary|2022-02-03 17:05:26.328|0|0|8489dad4-016a-4ac2-89c3-bc414b8e2e11|article-partial-reopening-of-alberta-border-crossing-running-into-problems.json|globemail
"Just use water cannons, its cold out.   Soak them, They will run into their truck s and be imprisend in 6 "" of ice."|GregaryPeckary|2022-02-03 17:02:35.207|0|0|86c1bc24-e8be-482c-8fc4-9d5826d2a96f|article-partial-reopening-of-alberta-border-crossing-running-into-problems.json|globemail
the Americans are banning unvaxxed Canadian truckers.  You know, the land of the free. |dirtyduck|2022-02-03 17:32:58.568|1|0|9312410c-a673-4ad4-ac7a-9e8e1202c204|article-partial-reopening-of-alberta-border-crossing-running-into-problems.json|globemail
And the protesters in Ottawa?|Bobm|2022-02-03 17:24:20.823|1|0|343ec097-6660-4ed1-9819-0fa621043786|article-partial-reopening-of-alberta-border-crossing-running-into-problems.json|globemail
Just enforce existing laws. Ticket trucks heavily and register liens against them. Prevent registration renewals until fines are paid. Sue the registered owners. Contact the trucks' insurers: is using a vehicle in this manner covered? Use asset forfeiture laws. Enforce the laws against infrastructure blockage. Our lawful authorities have all the tools – just not the gumption. Try blocking a highway in Switzerland or Japan, see how authorities respond. And remember: this moron rally has zero impact on US vaccination entry truck requirements.|Skeptical Canadian|2022-02-03 16:46:46.874|0|0|e591fe71-dca4-4d3b-bdca-d607c9062b85|article-partial-reopening-of-alberta-border-crossing-running-into-problems.json|globemail
Bad idea. You'd wind up this a lot of diesel and motor oil in the ditches. Skeptical Canadian {above} has the right idea. Just write tickets every day they are illegally parked. In Alberta, if you have outstanding tickets you can't renew your license until they are paid|Very Old Guy|2022-02-03 17:57:06.834|1|0|aa8e73eb-c1d2-43a6-b20c-9096433bc7cd|article-partial-reopening-of-alberta-border-crossing-running-into-problems.json|globemail
They can protest all they want and honk their horns but as soon as that highway is blocked, arrest and impound. The infrastructure law is clear, there should be no issues. |ckernzie|2022-02-03 16:30:19.793|0|0|7ba40f28-268a-4196-9834-71814884e212|article-partial-reopening-of-alberta-border-crossing-running-into-problems.json|globemail
You are right there - Trudeau Sr would definitely not have put up with this - and I would like to think that Peter Lougheed wouldn't have put up with it either. |doug's a slug|2022-02-03 16:32:18.889|1|0|dd5b65b7-56c0-459a-b1b2-947f2c663e46|article-partial-reopening-of-alberta-border-crossing-running-into-problems.json|globemail
It's sad, but they actually are this delusional. |Tamas78|2022-02-03 19:16:24.260|1|0|5d174504-5ad8-44f4-a360-2823b897ef36|article-partial-reopening-of-alberta-border-crossing-running-into-problems.json|globemail
the US is blocking unvaxxed Canadian truckers.  They announced they were doing this in early October.  |dirtyduck|2022-02-03 17:34:51.929|1|0|da61d3d5-4fda-49fb-818b-04e6c605ed20|article-partial-reopening-of-alberta-border-crossing-running-into-problems.json|globemail
Profound. |northerncrank|2022-02-03 18:56:37.702|1|0|c77bb695-d096-41ef-8a8e-4385d87d4e7a|article-partial-reopening-of-alberta-border-crossing-running-into-problems.json|globemail
Agree with you that it's the same crowd and just as reasonable.  I'd suggest calling them anarchists, not Alberta Anarchists.  I travelled from Calgary to Edmonton and back in the last 24 hours for work.  Life is carrying on as usual, 99.9999 percent of Albertans are not protesting and are not trying to make trouble.  There were many many truckers on the highway just moving loads.  No flags, no honking, no non-sense.  And I am sorry that anyone's life is being made worse from this idiocy.  I imagine that the police can't immediately respond with force because they are grossly outnumbered in a tiny rural community but I hope that they are organizing now that it is not clearing up.  I would support identification of the perpetrators, arrests and property seizure. |replayer|2022-02-03 17:13:05.278|1|0|2052aa24-6b53-40b7-8ac6-c66d06969ddc|article-partial-reopening-of-alberta-border-crossing-running-into-problems.json|globemail
Oh yes the standard divisive Liberal smear of Alberta. Divide the country for electoral gain at your peril. You'll find those in Ottawa protesting are from closer to the area. |ckernzie|2022-02-03 16:21:29.760|1|0|9b5b5d06-436a-4360-beda-202f2bbb82df|article-partial-reopening-of-alberta-border-crossing-running-into-problems.json|globemail
Well that is the problem, isn't it.  There are other roads into the US.  And the Coutts blockade is looking less and less like its about freedom and more and more like its about stubborness.|J steele5|2022-02-08 20:57:24.052|0|0|013bd075-e8d9-4c13-ab03-b1b029e41924|article-partial-reopening-of-alberta-border-crossing-running-into-problems.json|globemail
