﻿comment|username|datetime|isreply|num_replies|comment_ids|post_id|label
The truckers have a right to protest and engage in civil disobedience.  They were a metaphorical dagger to the epicentre of woke in this country.  Yes, Ottawans have been inconvenienced but they cannot get around the irrefutable fact this was a peaceful demonstration directed against an incompetent government and a corrupt PM.  His latest response is a threat to get out of the land of woke, or else.  It is he that threatens peace, order, and good governance that has not been seen since 2016. He has divided the country, not the truckers.|moon howler|2022-02-12 01:45:32.326|0|7|e5ed7135-0a91-4222-a254-14bacb3b5168|article-two-weeks-in-the-life-of-ottawans-trapped-by-the-convoys-chaos.json|globemail
So sad for the people of Ottawa. That they have been sooo inconvenienced for two whole weeks is heart rending.  Almost as bad as when 200,000 ALBERTANS LOST THIER JOBS, right?   Yes, that's sarcasm.  The Liberals of the East couldn't care less if families lost their livelyhoods in Alberta.  Ditto here.  You overwhelming voted for the black face hypocrite. Looks like you're getting the government you deserve.     |Alberta Love|2022-02-12 02:53:18.690|0|7|54c5cd77-6467-4120-a86c-e41aeb25d5c9|article-two-weeks-in-the-life-of-ottawans-trapped-by-the-convoys-chaos.json|globemail
The amount of attention that's been paid to this shows how truly out of touch the government and media in Ottawa is with the rest of the country, and the working class. Yes the protest was LOUD, it was obnoxious at times, and there were people harassing others about their masks. 70% of Ottawa works for the government, and has barely been impacted at all by the mandates. It's time they check their priveledge.   On the other side of the country, there are spiking suicide rates, opiod deaths, massive government mandated unemployment, and broken families. These articles equating a few weeks of discomfort and noise to an assault, and these three women to Tiananmen square are frankly getting old.   It's important to put things in perspective so we can move forward and heal. Science no longer supports the mandates. End them, the truckers go home, and we can all move on.  |PrudentInvest0r|2022-02-11 23:05:29.492|0|6|2bd85768-23ac-4ab0-a2c7-31a4fcbebf74|article-two-weeks-in-the-life-of-ottawans-trapped-by-the-convoys-chaos.json|globemail
"The G&M coverage has lost me - CDC is reporting boosters drop off after 4 Months.   But Natural Immunity has NO waning.    What Orwellian world do we live in where a person Vaxed in the summer (me) has no anti-bodies, but my sister-in-law who got COVID as a essential work has anti-bodies off the chart.  Yet I am ""deemed"" safe  and she isn't?!?!     How can you support Mandates without Natural Immunity?  It contradicts all science and data. "|Tom_TO|2022-02-12 14:55:43.848|0|5|33078fa5-197a-4f46-9036-0d7625165d52|article-two-weeks-in-the-life-of-ottawans-trapped-by-the-convoys-chaos.json|globemail
This article summed up: Ottawans feel upset when the actions of people from other provinces detract from their quality of life.  As a Western Canadian, I sympathize with this. Ottawa based bureaucrats, the activist national media outlets and Laurentian political elite have combined to do this to us since 2015. Together, their misguided policy and energy tourism have done long-term injury to our economy and smeared our industries. This arrogance and ignorance has cost Western Canada tens-of-thousands of jobs and  livelihoods and left the entire region less well off than it would have been without such interference.  Sending my most sincere thoughts and prayers. If we have endured for seven years, I know you will muster the strength to make it another few weeks. One team, one dream. Go Canada Go.|batzaakir|2022-02-12 04:35:28.429|0|5|3539bbe1-eca3-461e-a5e8-c7dd28ac6014|article-two-weeks-in-the-life-of-ottawans-trapped-by-the-convoys-chaos.json|globemail
Its hard to feel much sympathy for the privileged workforce in Ottawa, funded by Canadian taxpayers.|Redwineisfine|2022-02-12 00:19:19.952|0|4|cf6be3d2-5a52-4652-b370-ed4ef2bd4c42|article-two-weeks-in-the-life-of-ottawans-trapped-by-the-convoys-chaos.json|globemail
If you live in the downtown of any national capital you should expect some protests and dislocation from time to time.  If that doesn't suit you, move to the suburbs.|GIP Main|2022-02-12 14:03:08.204|0|4|5285e5d3-3011-45a6-a61d-d28181c5532c|article-two-weeks-in-the-life-of-ottawans-trapped-by-the-convoys-chaos.json|globemail
"""The whole point of protesting is to make people uncomfortable. Activists take that discomfort w/ the status quo & advocate for concrete policy changes. Popular support often starts small & grows. To folks who complain protest demands make others uncomfortable... that’s the point."" - Alexandria Ocasio-Cortez "|PrudentInvest0r|2022-02-11 23:00:29.968|0|4|82e0bff5-f115-41b3-a5e8-098c3c6b7f21|article-two-weeks-in-the-life-of-ottawans-trapped-by-the-convoys-chaos.json|globemail
If anyone is not happy with the atmosphere specific to a nation’s capital why they don’t move. The world is big and emigration is always an option. With the recent amount of left wing brainwashing happening in Ottawa, a lot of these complainers would fit ideologically pretty well in Cuba. Plus the weather is better |The only honest liberal|2022-02-12 01:27:58.531|0|3|c0c5d8c0-07ac-4e97-b417-0d8424f3024e|article-two-weeks-in-the-life-of-ottawans-trapped-by-the-convoys-chaos.json|globemail
Oh please, check your privilege. Want to experience a real occupation, visit Ukraine. |KEVIN2210|2022-02-12 01:34:42.764|0|3|8b966b8f-471f-4a08-a489-60ebe27d6bfd|article-two-weeks-in-the-life-of-ottawans-trapped-by-the-convoys-chaos.json|globemail
OJ, The truckers presence comprises of the direction of this demonstration if the the tractor trailers are any indicator which in fact is proof positive.  Time to get the spectacles strengthened.  The Liberal government has insulted, disrespected, and threatened the truckers, and growl like the paper tigers that lead our governance.  The problem is the government has left us in such a weak state that it cannot enforce its threats.  It is a humiliation for our nation when the American Homeland Security has offered to help bring this protest to an end.  To agree to this would be an intrusion upon our sovereignty.|moon howler|2022-02-12 12:40:21.476|1|3|2ad6a897-d0c9-410c-942e-e37d85a7ee9b|article-two-weeks-in-the-life-of-ottawans-trapped-by-the-convoys-chaos.json|globemail
Think- where is the vandalism, theft, destruction of personal and private property, lawlessness and anarchy that is the result of leftist demonstrations and civil disobedience.  Did you lapse into woke forgetfulness of recent and past history?  This is the difference.|moon howler|2022-02-12 12:24:42.111|1|3|40408984-d445-4c2d-8561-988df3fbfee7|article-two-weeks-in-the-life-of-ottawans-trapped-by-the-convoys-chaos.json|globemail
So the commenters defending the occupiers keep backing up and constantly changing their narrative I guess desperate to control it. First they said it was a peaceful protest against mandates. Then it was about government overthrow. Then it’s an occupation. Now it’s about government overreach. Who knows? what we do know is it’s an occupation.   They mocked those who were concerned this might get out of control. Hmm interesting how wrong there were on this.   Then when criminal investigations and the yelling and honking at people for two weeks is clearly harassment or implied violence, it’s an “inconvenience” for Ottawa citizens. Notice how they care nothing for those Canadians they hurl insults at, who honestly disagree with them, who are simply trying to live their lives. They ask for freedom yet forcibly deny it to those in Ottawa and elsewhere.   The Hypocrite anti-democracy Occupation. Brought to you by white nationalists, pretending to care about Canada, but only if your white and drive a truck.   |The jolly hangman|2022-02-12 06:47:10.110|0|3|89660c36-c20b-43e1-9ca4-17e24bc21662|article-two-weeks-in-the-life-of-ottawans-trapped-by-the-convoys-chaos.json|globemail
Trudeau’s pernicious incompetence finally reaps a legitimate vocal response and we get a Globe report on local whining. |Hatley1|2022-02-12 02:17:20.761|0|3|606ae5d4-0bcd-4204-ad7b-5762af07257e|article-two-weeks-in-the-life-of-ottawans-trapped-by-the-convoys-chaos.json|globemail
Why aren't the trucking companies demanding the return of their trucks?|Mr. Costanza|2022-02-13 13:31:40.405|0|2|81baa52e-eb39-4c46-b075-991b5aefb595|article-two-weeks-in-the-life-of-ottawans-trapped-by-the-convoys-chaos.json|globemail
job, you have forgotten about the international leftist Occupy Movement in 2011.  This set the precedent for ongoing peaceful demonstration.  |moon howler|2022-02-12 13:24:10.921|1|2|f125d367-79e3-4ded-8ac7-504bc97d1cfd|article-two-weeks-in-the-life-of-ottawans-trapped-by-the-convoys-chaos.json|globemail
"Well, if you had watched any television news on Global or CTV if you couldn't stand CBC, you would have seen the footage. No ""biased"" commentary needed."|Histteach|2022-02-12 17:07:49.718|1|2|0b624285-0195-4eca-be3b-e31f2e64515a|article-two-weeks-in-the-life-of-ottawans-trapped-by-the-convoys-chaos.json|globemail
Awww....poor people of Ottawa.  No sympathy here...join the fun.  I do respect your right to a different although pretty poor opinion of the convoy.  Don't worry, just put in earplugs and tough it out.  |CLFraser|2022-02-12 15:40:57.401|0|2|0ae2a4bc-075b-4352-9ee8-6c60e742777e|article-two-weeks-in-the-life-of-ottawans-trapped-by-the-convoys-chaos.json|globemail
The behaviour of the truckers has been abhorrent. But I do find it interesting that in every article I have read in the Globe on this matter, like a mantra , the sentences “reports of protesters urinating on the Tomb of the Unknown Soldier. Some of the flags were emblazoned with swastikas. At least one truck was flying the Confederate Flag.” comes up.. I would like to question the author on that …|Pause Button|2022-02-12 14:26:46.493|0|2|320fc370-ccfb-4dbb-82f1-981701bf3613|article-two-weeks-in-the-life-of-ottawans-trapped-by-the-convoys-chaos.json|globemail
You don’t need a permit to protest. |app_70799841|2022-02-12 20:11:08.463|1|2|cde82684-b8b3-4517-8fed-19937d28a1e5|article-two-weeks-in-the-life-of-ottawans-trapped-by-the-convoys-chaos.json|globemail
It’s over. The majority of Canadians are done with Covid. The legacy media is nearly dead. The next few days will be very important. It’s over. The politicians need to catch up to the population. It’s over.    |tj91|2022-02-12 11:34:05.733|0|2|472ea517-7138-458b-bdfc-e6781199c9e2|article-two-weeks-in-the-life-of-ottawans-trapped-by-the-convoys-chaos.json|globemail
Bergen and Poilievre and Ford own this.  They don't deserve to be Government leaders.|jangm|2022-02-12 01:13:17.747|0|2|54438c17-a0b4-4470-b1bb-88e562b11c9a|article-two-weeks-in-the-life-of-ottawans-trapped-by-the-convoys-chaos.json|globemail
Time Sit and wait Watch the enthusiasm decrease.|montrealer0|2022-02-12 00:58:52.140|0|2|929a49ef-c321-40cb-b0f5-6e9f3eb7c6f2|article-two-weeks-in-the-life-of-ottawans-trapped-by-the-convoys-chaos.json|globemail
First world problems.|Nellis1|2022-02-11 22:58:07.953|0|2|b51d534f-37cc-4c20-936f-c6451d2764d2|article-two-weeks-in-the-life-of-ottawans-trapped-by-the-convoys-chaos.json|globemail
I think all the article was trying to accomplish was to provide a little insight into the what it is like for some of the residents in the city, it hardly warrants the kind of juvenile cruelty espoused in many of these comments. As to the protests themselves, the fact is that they are contravening any number of laws and by-laws, plus a court-ordered injunction (and more to come on that). The border blockades now threaten Canada's trade relationship with the US and thousands of jobs - a little more than an inconvenience I would say. So ask yourself, do you believe in the rule of law or don't you? If it is yes - then the protesters have crossed the line, are breaking laws and should be punished accordingly. If it is no, then go join them - in Ottawa or at the border - because you are a thug and you need to be with your people. |muscovado|2022-02-12 12:21:56.233|0|2|b712eb81-f9a6-443d-93f9-017f11bffe43|article-two-weeks-in-the-life-of-ottawans-trapped-by-the-convoys-chaos.json|globemail
"No, actually.  Most ""1st world countries"" don't put up with this nonsense."|Marilyn0|2022-02-12 02:36:55.277|1|2|d422460f-adc6-48a5-9f2a-dc1897fc0104|article-two-weeks-in-the-life-of-ottawans-trapped-by-the-convoys-chaos.json|globemail
Let’s have and article on the damage and misery caused by excessive, prolonged, and arbitrary (mainly political) restrictions. It might also comment on how the “science” is magically different from jurisdiction to jurisdiction, and sometimes varying from one side of the street to the other, (as in Vaughan vs Toronto).|LM21|2022-02-13 19:53:54.017|0|2|a4c52e6f-ffca-4825-888e-e024f2f0fe01|article-two-weeks-in-the-life-of-ottawans-trapped-by-the-convoys-chaos.json|globemail
I don’t read manipulative journalism.  But insincere marks for diversity.  Pathetic.|comcon|2022-02-11 23:01:47.687|0|2|789a028d-6315-40de-a13c-52958dc3acea|article-two-weeks-in-the-life-of-ottawans-trapped-by-the-convoys-chaos.json|globemail
Sneer after you have experienced even half of what these people are going through. Do you really think that people lighting bonfires on your property is just a slight inconvenience?|Histteach|2022-02-12 12:54:01.754|1|1|20b1730f-ee73-4198-b050-b87d9cae4f20|article-two-weeks-in-the-life-of-ottawans-trapped-by-the-convoys-chaos.json|globemail
It’s more than time to end this masquerade. Feeling powerful feels good for those who never had any. Time to re-consider who should lead this country. Brave people emerge at a time of crisis. Fake leaders stay idle by the way side.|Tremblam|2022-02-12 01:53:04.805|0|1|e814e494-0f15-44b4-9eaf-9a5f30b0a06e|article-two-weeks-in-the-life-of-ottawans-trapped-by-the-convoys-chaos.json|globemail
When this gets cleared, which is coming, anyone keeping their kids in the picture as a tactic needs to be charged with child endangerment.  Spare is the line that you brought them there is they could see what fighting for freedom looks like.|Prairie Logic|2022-02-12 02:28:37.145|0|1|32634b55-3fb2-4331-ac19-b615d65d8593|article-two-weeks-in-the-life-of-ottawans-trapped-by-the-convoys-chaos.json|globemail
The one consolation we can take out of this is that, within a decade, self driving trucks will make these protesters irrelevant. |MyOwnAccount|2022-02-12 14:48:27.046|0|1|dd909cdb-fbaf-470c-9f1c-55de9e2d0ea9|article-two-weeks-in-the-life-of-ottawans-trapped-by-the-convoys-chaos.json|globemail
Technology will also make many government workers like yourself obsolete.|Leroy1234|2022-02-12 23:20:16.506|1|1|f4a73078-4f87-4dce-ba9e-79019ea96a71|article-two-weeks-in-the-life-of-ottawans-trapped-by-the-convoys-chaos.json|globemail
I suppose you would not be in any way upset by people camping on your lawn, complete with bonfire.|Histteach|2022-02-12 12:57:40.750|1|1|bbf8df6f-44fc-4859-bfd6-07327896a95e|article-two-weeks-in-the-life-of-ottawans-trapped-by-the-convoys-chaos.json|globemail
Actually, yes, you do read manipulative journalism.|IronMac|2022-02-12 02:51:56.195|1|1|c8647271-8596-4e54-8519-05191f8b90a5|article-two-weeks-in-the-life-of-ottawans-trapped-by-the-convoys-chaos.json|globemail
What damage. Mandates are suddenly ending. Wow. What a coincidence |Sledder1205|2022-02-13 21:59:47.871|1|1|51dfe542-5b3d-48c8-9708-57798b506f3c|article-two-weeks-in-the-life-of-ottawans-trapped-by-the-convoys-chaos.json|globemail
Do we have a PM in this country or a dish cloth? Time to act to save the country and his image of a pseudo leader Stomping feet is not good enough. His father would be ashamed. Mark Carney you are more than welcome…|Tremblam|2022-02-12 01:48:25.993|0|1|9a791774-a5ca-42a3-9e65-b184f6b67922|article-two-weeks-in-the-life-of-ottawans-trapped-by-the-convoys-chaos.json|globemail
Poor little darlings couldn't get their favorite croissants or cafe au laits. |Mom'sMoney|2022-02-12 11:41:39.005|0|1|5ae30eb5-5fc3-45d4-aa50-86e88b0e4669|article-two-weeks-in-the-life-of-ottawans-trapped-by-the-convoys-chaos.json|globemail
Your irrefutable fact was just refuted. But we know, you guys stopped doing reality some time ago.|MavnGoose|2022-02-12 13:41:49.209|1|1|f26cb432-9fdf-49c7-965f-d2cfd92bd447|article-two-weeks-in-the-life-of-ottawans-trapped-by-the-convoys-chaos.json|globemail
Agree...arrest them all.|IronMac|2022-02-12 02:52:56.314|1|1|d47335f0-4183-4d06-86df-0d0e38a17d92|article-two-weeks-in-the-life-of-ottawans-trapped-by-the-convoys-chaos.json|globemail
One bit of quiet in this noisy mayhem is Pierre Poilievre. Where is he? No doubt sleeping soundly well away from the chaos while the mob he incited does the dirty work.   I expect Mr. Poilievre will soon re-emerge to weakly denounce his so-called freedom protesters and the damage they have inflicted on Ottawa, Windsor, etc. — inflicted on Canada as a whole — while continuing his bid for leadership of the Conservative Party. Watch for it. I’m sure it will be a masterful feat of political stick handling.|Mossback|2022-02-13 19:38:57.288|0|1|01ef17c3-3887-454d-a526-9af4b1c4d50c|article-two-weeks-in-the-life-of-ottawans-trapped-by-the-convoys-chaos.json|globemail
Right to protest, yes. Right to occupy, disrupt, harass, and block free movement of people and goods. Not a chance. |hackjob|2022-02-12 12:43:30.107|1|1|af73ecf0-3b66-4397-9edf-550ca3459923|article-two-weeks-in-the-life-of-ottawans-trapped-by-the-convoys-chaos.json|globemail
If the protesters (don't label them as truckers .. most truckers are still doing honest and vital work) engage in civil disobedience, then they should be arrested. That's the trade off with civil disobedience. If you are that angry with the incompetent government, then vote them out of office. By your logic, the woke people that you have a problem with should be allowed to occupy the centre of Calgary the next time the Conservatives win an election.|Radio Free OJ|2022-02-12 03:01:12.982|1|1|ff92e030-7ce0-49a7-af8c-8b1718443f9e|article-two-weeks-in-the-life-of-ottawans-trapped-by-the-convoys-chaos.json|globemail
Headline   Two weeks in the life of Ottawans trapped by the convoy’s chaos   The real story, the true story headline - which we all know - that won't be told by Thomson Reuters' Globe and Mail because of its complicity with covidmania and the associated myth, is:  Two years in the life of Canadians trapped by the covid hysteria's control and corruption of society  The protests are long, long overdue; two years overdue.     |wild life|2022-02-12 16:18:15.275|0|1|ee046d32-a644-457a-bf9d-1a6a41e07c0e|article-two-weeks-in-the-life-of-ottawans-trapped-by-the-convoys-chaos.json|globemail
Thanks for this article. I grew up in Ottawa and still know people there.  By nature we are not confrontational people. I wish there was more resistance, more counter protests.|pebbles1987|2022-02-12 02:29:36.223|0|1|dbe8907a-b525-460e-957b-90572b7ad2b2|article-two-weeks-in-the-life-of-ottawans-trapped-by-the-convoys-chaos.json|globemail
We were told not to, for our own safety, and to avoid distracting the police.|Histteach|2022-02-12 17:13:43.642|1|1|b8330abd-ff4e-412d-9111-9507a7e7195e|article-two-weeks-in-the-life-of-ottawans-trapped-by-the-convoys-chaos.json|globemail
Let me reword your comment:  The people of Ottawa have talked to protesters and discovered that they are nice human beings, with many justified concerns.  |Starlight|2022-02-12 15:08:20.519|1|1|997e8c5f-cb4e-492a-b353-6cb2c50f590c|article-two-weeks-in-the-life-of-ottawans-trapped-by-the-convoys-chaos.json|globemail
Anything but peaceful. Canada has a very clear democratic way to peacefully change the government in power. Get out and vote. |ThinkingCdn|2022-02-12 02:38:59.275|1|1|f6ace76b-3764-40d2-ae68-ca1df47de281|article-two-weeks-in-the-life-of-ottawans-trapped-by-the-convoys-chaos.json|globemail
Politicians need to be aware that the Ottawa version of the Stockholm Syndrome is setting in.|willow bark|2022-02-12 14:30:10.856|0|1|4a43c5e7-6b3a-4cab-91ef-7e459dccd44c|article-two-weeks-in-the-life-of-ottawans-trapped-by-the-convoys-chaos.json|globemail
Lol. And here we go. Blaming everyone for the work of market forces. You hitch your wagon to a volatile industry, crow about how brilliant you are at the highs, then throw your food and toys at the lows. I think we've all pretty much had it with you people and your whingeing. As far as I'm concerned we should boot your whiney cans out of this country. But don't expect to go with all your current territory or any access to tidewater. Let your American friends help you |MavnGoose|2022-02-12 13:39:48.410|1|1|e05dcbf0-62a8-4501-8d87-3351806a945f|article-two-weeks-in-the-life-of-ottawans-trapped-by-the-convoys-chaos.json|globemail
"I don't doubt that people are urinating and displaying swastikas, but I'd like to see pictures, not ""reports""."|omigosh|2022-02-12 16:05:31.159|1|1|7acaa01a-e5bf-4724-a498-74883ac47280|article-two-weeks-in-the-life-of-ottawans-trapped-by-the-convoys-chaos.json|globemail
well 'duh'.  |CLFraser|2022-02-12 15:42:10.267|1|1|8bf6348c-1354-48fb-a5e0-f0007a9b5882|article-two-weeks-in-the-life-of-ottawans-trapped-by-the-convoys-chaos.json|globemail
"OMG unbelievable - even the Globe is a shrill for JT. I live in Centretown, sure, it would be nice to have no demonstrations, but the whole thing has been very very Canadian polite. ""Gangs"" of protestors? Courageous individuals standing up to big bad truckers. oh boy. If only every Stanley cup playoff win or loss in MTL (where i grew up) was as peaceful, if only the monthly this or that antifa rant, UQAM mobilization & smash events on Berri & Ste Catherine were as calm...."|SWIZ3|2022-02-12 15:15:15.166|1|1|eb1e5f30-0bb6-478a-83dd-a93f58da2631|article-two-weeks-in-the-life-of-ottawans-trapped-by-the-convoys-chaos.json|globemail
This is what happens when this protest was started by many far right groups in Canada for the past two years and now getting advice and lots of money from far right groups around the world. Although they are attempting to make this a happy sing along demonstration with kiddy jump castles, their motive is have Trudeau removed. |FinVE|2022-02-12 14:59:08.998|1|1|20ee2f51-e28b-4da3-92e7-0d5333af5b69|article-two-weeks-in-the-life-of-ottawans-trapped-by-the-convoys-chaos.json|globemail
Time for you to stop playing the victim card and stand on your own feet. |Rank Stranger|2022-02-12 14:34:47.020|1|1|81b3b2b7-3a72-42e3-a423-7a181457ce31|article-two-weeks-in-the-life-of-ottawans-trapped-by-the-convoys-chaos.json|globemail
Hogwash. Get your province to diversify. |northernguitarguy|2022-02-12 14:43:45.409|1|1|fde56567-7dd9-40ed-a0e1-be5edfd1b267|article-two-weeks-in-the-life-of-ottawans-trapped-by-the-convoys-chaos.json|globemail
Ottawa mishandled this from the very beginning!    It is time to severely fine these people, take away truck licenses and remove the trucks by the army if need be.  Canada's weak handling of these insurrectionists make us a global laughingstock. |ReaderNB|2022-02-12 15:11:24.626|1|1|ac8b04f9-7ff8-4820-9548-f2f51db74668|article-two-weeks-in-the-life-of-ottawans-trapped-by-the-convoys-chaos.json|globemail
There are weekly protests. Law abiding ones, where the appropriate permits had been taken out. In fact, it looks like this protest had a permit for a 3 day protest, over the first weekend. That is why the police were so accommodating. But then the huge mob with the huge trucks just dug in.  And I do live in the suburbs. But my church is in the red zone, and I rather resent being shut out of that. With elderly parishioners and no place to park, plus the horrible air quality, they decided to stay shut after we were able to reopen.|Histteach|2022-02-12 17:10:52.128|1|1|1c2512e3-9a1c-4934-b48e-7dc6a9a00939|article-two-weeks-in-the-life-of-ottawans-trapped-by-the-convoys-chaos.json|globemail
We may be done with Covid, but it is not done with us. We will have to be careful for quite a while. And no, it is not Trudeau's fault.|Histteach|2022-02-12 12:54:51.933|1|1|521da5e6-4428-4359-bcff-d3fe9e8163b2|article-two-weeks-in-the-life-of-ottawans-trapped-by-the-convoys-chaos.json|globemail
I, as it happens, agree with you.  COVID will be around forever...but I am quite capable of isolating myself when necessary (as I have in the past) or wearing a mask when I think I should.  I am a good Canadian after-all.  |CLFraser|2022-02-12 15:46:15.936|1|1|5da8230f-850f-4538-87e9-22020512d61d|article-two-weeks-in-the-life-of-ottawans-trapped-by-the-convoys-chaos.json|globemail
What chaos? It was barely noticeable to the vast majority of Ottawans who continued to skate on the canal, attend medical appointments, ski in the Gatineau's and for the most part work from home. It may have inconvenienced the winos, panhandlers and politicians that inhabit downtown Ottawa.|HW01|2022-02-12 12:01:12.611|0|1|572fc2f4-3ec3-4d2d-8436-9f5e914b1236|article-two-weeks-in-the-life-of-ottawans-trapped-by-the-convoys-chaos.json|globemail
Dude we get your story, it’s everyone’s story, every day.  Point made now go home.|IanT49|2022-02-13 01:14:52.925|1|1|883fb894-2f23-4972-949b-fd5f4f1e6e43|article-two-weeks-in-the-life-of-ottawans-trapped-by-the-convoys-chaos.json|globemail
And beat them up thoroughly in the process.|MavnGoose|2022-02-12 13:47:33.636|1|1|3e56a726-1432-4c1f-b020-7a3becda7262|article-two-weeks-in-the-life-of-ottawans-trapped-by-the-convoys-chaos.json|globemail
Those poor public servants with their job security, defined benefit pensions and raises during the pandemic. I cry for thee. |El Guapo 66|2022-02-13 14:49:26.628|0|1|d4e90d7d-033a-4ae9-8481-69e366eb71a8|article-two-weeks-in-the-life-of-ottawans-trapped-by-the-convoys-chaos.json|globemail
Right?   The truckers are languishing in the land of milk and honey, doing Tim's runs and drinking beer by fires and listening to tunes, with free health care ready for them if they need it.  That's why I call the protests children's theatre.  People who don't understand words like freedom and tyranny shouldn't use them.|Prairie Logic|2022-02-12 02:40:22.420|1|1|cb66066d-a5a8-47ea-8946-b4872a4ce1e6|article-two-weeks-in-the-life-of-ottawans-trapped-by-the-convoys-chaos.json|globemail
Pretty much wrong there.|IronMac|2022-02-12 02:50:28.903|1|1|6184fc83-4625-4ba7-93a8-3ccdc4558d8e|article-two-weeks-in-the-life-of-ottawans-trapped-by-the-convoys-chaos.json|globemail
No, Bernier and alt-right American propaganda own this.  Almost literally.|Prairie Logic|2022-02-12 02:43:12.747|1|1|e75f2c15-59a9-487a-9fb7-ab8d8f175244|article-two-weeks-in-the-life-of-ottawans-trapped-by-the-convoys-chaos.json|globemail
The protesters confirm the maxim that there is an inverse relationship between the size of a man’s vehicle and the size of his ……… !|Stonebridge|2022-02-13 14:12:21.283|1|1|eb4caa3a-46da-4164-9c7a-d598083d54f7|article-two-weeks-in-the-life-of-ottawans-trapped-by-the-convoys-chaos.json|globemail
I expect the actual neighbors of these people are quite happy to have them collected in Ottawa instead of on their own streets, wherever they live.   However, I must also admit to being surprised that Canada has a significant human population that can only be defined as animals.  I thought this genome was restricted to the collection of Trump fascists south of the border.|DrGoLeafsGO|2022-02-13 08:35:05.938|0|1|8c20ad67-eefa-42c5-ac69-968355734710|article-two-weeks-in-the-life-of-ottawans-trapped-by-the-convoys-chaos.json|globemail
The federal government is roughly 18% of Ottawas GDP, it is completely untrue that 70% of ottawa works for the federal government. That's also roughly the same percentage as the technology sector. Ottawa is simply a well-educated diverse city economy.  The horns have been measured at over 150 decibels outside (thanks to some idiot bringing a train horn) and over 80 decibels inside homes, that's enough to cause permanent hearing damage.  They were also shooting off fireworks inches from people apartment windows. The leaders of the convoy, aren't even truckers, but far-right members of such groups like the Maverick party.|AE|2022-02-12 01:42:43.551|1|1|9dff3b70-5dfb-495e-97af-9832faf8a591|article-two-weeks-in-the-life-of-ottawans-trapped-by-the-convoys-chaos.json|globemail
Same nonsense as Coyne said. Forget it. Clear then out with extreme prejudice.|MavnGoose|2022-02-12 13:46:08.154|1|1|0c4a5784-0e91-42fe-a521-91024364c447|article-two-weeks-in-the-life-of-ottawans-trapped-by-the-convoys-chaos.json|globemail
Do you have a link?  I don't mean to be skeptical of your claim, but I have seen polls that were merely the results of anonymous web pages on small time news outlets.    Your numbers sound about right to me.  The more badly behaved the protesters (sorry, can't call them truckers) are and the more people learn about the organizers, the further the support number will drop.|WhistlingInTheDark|2022-02-13 07:18:37.849|1|1|5e0e2ddd-75e8-4ae8-8044-8725f8008191|article-two-weeks-in-the-life-of-ottawans-trapped-by-the-convoys-chaos.json|globemail
Or maybe Greta Thunberg can finance a protest that shuts down Calgary and the people who don't like it can move to Texas. |Radio Free OJ|2022-02-12 03:03:27.662|1|1|3c3c64b8-4562-47c7-a7ce-aa0cf520fd68|article-two-weeks-in-the-life-of-ottawans-trapped-by-the-convoys-chaos.json|globemail
A new poll finds more than two-thirds of Canadians would support the use of military force to help clear out Ottawa protesters, while support for the truckers has fallen to 20 per cent – both for what they are protesting and how they are going about it.|JW95|2022-02-13 01:11:56.589|0|1|9baaeb7c-cd77-4060-b3ec-a497d73f20a6|article-two-weeks-in-the-life-of-ottawans-trapped-by-the-convoys-chaos.json|globemail
"The G and M constantly paints the protesters as a bunch of - pick your slur. The truth, however, is easily seen by the deluge of citizen broadcasters who, to the G and M's infinite chagrin I am sure, provide live footage of the protesters up and down every inch of the blocks surrounding Parliament Hill. I have no doubt they are the envy of every supposed ""journalist"" working at the G and M. They have journalistic integrity. You are slaves. They protesters are, in fact, a bunch of remarkably ordinary Canadians who have had enough.  Defund the CBC!!! "|Redmaple|2022-02-13 13:10:51.440|0|1|7d94e97c-be2a-4ea0-bb81-6a18fd97f32d|article-two-weeks-in-the-life-of-ottawans-trapped-by-the-convoys-chaos.json|globemail
The people of Ottawa have been deserted by the local police. Sloly must resign.|Ge Lu1|2022-02-13 11:39:50.181|0|1|a12d998f-c610-4d8d-b224-c93a16ceee34|article-two-weeks-in-the-life-of-ottawans-trapped-by-the-convoys-chaos.json|globemail
you want real freedom from government--go to Haiti or Somalia|Fred8888|2022-02-12 01:57:34.096|1|1|c36313bc-d2ec-4ccb-a9f6-2ca01f9b92c5|article-two-weeks-in-the-life-of-ottawans-trapped-by-the-convoys-chaos.json|globemail
Ten comments? I don’t think the rest of the country really cares about the poor citizens of Ottawa |Bovine Scatologist II |2022-02-12 01:03:13.579|0|1|34a535b6-94be-460b-8e64-fc0c98a5e30b|article-two-weeks-in-the-life-of-ottawans-trapped-by-the-convoys-chaos.json|globemail
The woke definition differs in its application by liberal leftist social control with a broader goal of mass single likemindedness.  It has embraced socialist revisionism in a reinterpretation of history with a modern perspective which is propaganda and, therefore a lie.  It weakens initiative, leadership, security, defence, and meaningful eduction of the populace.  The losers are winners and winners, the losers. It has no respect for history, the preceding generations, and the critical lessons learned from it.  It is leading our nation to ruin.  A growing sense of Orwell's 1984 in 2022.  The end result is that Canada is a lamb before the slaughter that is incapable of defending its own borders.  A nation losing its hard earned respect developed over the last 155 years, and the respect of our allies as we cannot be depended upon. The tally of dsisastrous debt will be the final straw of woke.|moon howler|2022-02-12 12:19:36.057|1|1|57ace39a-b450-4c56-bd08-79010bf274fe|article-two-weeks-in-the-life-of-ottawans-trapped-by-the-convoys-chaos.json|globemail
Endless horns going and clouds of diesel soot wafting in the air.  I'd go crazy. |Kothar|2022-02-13 00:41:18.174|0|1|cb4b3b38-1258-4fa7-9637-be8c1c9f161c|article-two-weeks-in-the-life-of-ottawans-trapped-by-the-convoys-chaos.json|globemail
"As we have all seen prior to the occupation of Ottawa, this is the same mentality that makes it ""OK"" to harrass healthcare workers who have been working non-stop to look after all of us. It's also the same mentality that makes if ""OK"" to denigrate teachers in the public education sector. Could we all just drop the BS and cut to the quick: the goal is to undermine high-quality public healthcare and public education. Heck, from what I've seen this week, it's also to undermine the idea of publicly paid civil police forces, by having them (knowingly? unknowingly?) appear hapless and unable to carry out their actual duties. For some in Canada (and outside of it), there are ripe pickings in privatizing each of these sectors."|fixed air|2022-02-12 21:26:56.332|1|1|04b529b0-1a1a-41c7-8c7a-301a604f6cbe|article-two-weeks-in-the-life-of-ottawans-trapped-by-the-convoys-chaos.json|globemail
I'm just thankful that they haven't started showing their junk to everyone like naked Athena in Seattle |David Christian Poulsen|2022-02-12 17:30:43.214|0|1|c2235106-6b4e-4a48-b3b8-61668d75e4a1|article-two-weeks-in-the-life-of-ottawans-trapped-by-the-convoys-chaos.json|globemail
Fire the chief of police. His response to all this has been nothing short of pathetic. |roger36|2022-02-13 13:17:01.333|0|1|91c1df77-009a-47b8-9ba7-b0ec9f4ef32a|article-two-weeks-in-the-life-of-ottawans-trapped-by-the-convoys-chaos.json|globemail
His biggest fault is not being clairvoyant and allowing the trucks to get as far as they did in the first place.  Toronto police, for example, were able to learn from that mistake and take appropriate action to prevent a similar siege.  I suspect that Ottawa's chief of police has a much better sense than we do of the armament many of these trucks contain.  Recognizing early on that his force may be out gunned he reported through proper channels and asked for help before the end of the first week.   What did he get?  Federal Conservative Party Leadership firmly supporting the insurrection, two Provincial Conservative Premiers racing to accede to their demands and the person with the responsibility to help shut it down taking holidays with his snowmobile.    Premier Ford waited a full two weeks before announcing a state of emergency - only doing so because if he didn't the Americans would likely have ended the Windsor blockade for him. Having done that - where has Premier Ford been over the past 48 hours since that declaration?  When the dust finally settles there will likely be a Royal Commission called.  Plenty of time for second guessing and, if warranted, firings.    |doug's a slug|2022-02-13 20:38:50.491|1|1|bc6caf2d-4b38-4884-bc26-16f98b9fe4d5|article-two-weeks-in-the-life-of-ottawans-trapped-by-the-convoys-chaos.json|globemail
"Wokedom is stuff like anti-racism, anti-misogyny, anti-police brutality, anti-fascism, stuff like that.  What you call a metaphorical dagger is a mere theatrical tantrum co-organized by a known, documented, and rabid Islamophobe. One trucker on the news said, ""We have guns, we'll pull him out."" Yeah, yeah, not all truckers are like that.  Back off the word woke. You simply disagree with mandates, so say that that, instead of sounding like Fox News being hysterical about culture wars.    "|Prairie Logic|2022-02-12 02:37:56.897|1|1|909b92d1-6a01-4a47-986d-8951af19ddd4|article-two-weeks-in-the-life-of-ottawans-trapped-by-the-convoys-chaos.json|globemail
It’s time to evacuate the hostages to a secure location.  Once that’s done give the insurrectionists - both Canadian and foreign - 24 hours to leave under police escort.  Since the organizers can’t really believe that they can overthrow the Canadian Government I find it difficult to believe they ever intended this siege to end peacefully.|doug's a slug|2022-02-11 23:57:05.242|0|1|f039795a-395d-4d7a-a3c6-69855f0d7fdd|article-two-weeks-in-the-life-of-ottawans-trapped-by-the-convoys-chaos.json|globemail
Some of them have. Some western trucking companies have sent people out to take back the trucks, and fired the drivers.|John T.|2022-02-13 14:12:32.816|1|0|d57f7e47-28e7-47eb-a19d-097d343263fd|article-two-weeks-in-the-life-of-ottawans-trapped-by-the-convoys-chaos.json|globemail
Well put!|app_72746866|2022-02-12 16:19:21.317|1|0|47f13b07-8c76-4182-b341-7835c3f91349|article-two-weeks-in-the-life-of-ottawans-trapped-by-the-convoys-chaos.json|globemail
The PM and Mayor seem to have deserted them too.   Doug Ford was late but did show up.  Speaking of showing up, Fox News did and then interviewed the protestors. I guess journalistic stuff like that is way beyond the call of duty for the G&M|TGAM frustrates|2022-02-13 19:23:46.442|1|0|0c8c2ae6-5983-4d15-b4c0-cd5803360b62|article-two-weeks-in-the-life-of-ottawans-trapped-by-the-convoys-chaos.json|globemail
Follow the political science not the medical science |Sledder1205|2022-02-13 21:37:22.126|1|0|942331be-3fbe-40a0-8b2b-2cab9c08f27a|article-two-weeks-in-the-life-of-ottawans-trapped-by-the-convoys-chaos.json|globemail
Health care workers, teachers and front line workers all heroes.  Citizens of Ottawa are now recruited as heroes.  Pleases remember this when voting in Pierre Poilievre's riding.  Speaking of Pierre where did you get all those books in your library ?            I thought you burned all those books. ( did you borrow Steve's copy of 1984. )           |GregaryPeckary|2022-02-13 11:41:04.874|0|0|6c68eecd-6bb9-438c-b65d-fe7d5ff74a88|article-two-weeks-in-the-life-of-ottawans-trapped-by-the-convoys-chaos.json|globemail
No one is saying don't protest. However, most Canadians are saying, you can't camp here any longer. Go home, you kooks!|app_71592176|2022-02-13 19:11:55.848|1|0|df09f144-b88a-4d55-bfde-b34d746a2974|article-two-weeks-in-the-life-of-ottawans-trapped-by-the-convoys-chaos.json|globemail
There are permits in Ottawa to regulate the traffic disruption for the safety of the bystanders and the protesters. Police issue the permits, and block traffic legally, so a frustrated bystander does not drive into the protest. These people got one, because they knew they would not find it easy to get into the Capital without it. But they then said that they were not leaving. And how many people want to argue with one truck cab, let alone 40?|Histteach|2022-02-13 13:54:25.103|1|0|d6a3bfd4-dc94-41f7-8850-f4e132e5888c|article-two-weeks-in-the-life-of-ottawans-trapped-by-the-convoys-chaos.json|globemail
This is no longer a protest. It’s an occupation. |Pattington246|2022-02-13 04:00:07.253|1|0|f0d42d2f-851a-4d89-92f8-edcbc1786ecb|article-two-weeks-in-the-life-of-ottawans-trapped-by-the-convoys-chaos.json|globemail
I am not sure ‘clairvoyant’ is the right term for reading the social media posts from many of these trucking protesters about their intentions.  Reading social media doesn’t require the same skills as decoding German Enigma messages did in WWII.  Even if you did not think the current situation was highly probable it sure was not highly improbable. Trucks should have been blocked and people let through to truly peaceably protest.  During Canada Day celebrations, in the ‘before times’ but after the Nice truck attack, much of the downtown core was blocked off to trucks by concrete barriers.  Why not before this?  |Cliff Halliwell|2022-02-13 22:03:11.928|1|0|d16d0267-57c5-4db8-9654-bf931998671c|article-two-weeks-in-the-life-of-ottawans-trapped-by-the-convoys-chaos.json|globemail
Go ahead and write such an article.  And don't forget that restrictions have saved 100s of thousands of lives in Canada|The Last Honest Conservative|2022-02-13 22:25:05.303|1|0|f0a5025d-5505-40e3-a6bf-a6ed36fc765e|article-two-weeks-in-the-life-of-ottawans-trapped-by-the-convoys-chaos.json|globemail
Boo hoo hoo. I’m a privileged weaner. I’ve never had a hard day in my life. These protestors who have lost their livelihoods are inconveniencing me. |Sledder1205|2022-02-13 22:27:00.906|0|0|e86bac33-5b1b-49c8-9d35-8defdb38f656|article-two-weeks-in-the-life-of-ottawans-trapped-by-the-convoys-chaos.json|globemail
Learnt a new word Ottawans. |app_72155046|2022-02-12 13:16:28.301|0|0|b5d9356f-4fab-497b-bd83-33c9210e0a7d|article-two-weeks-in-the-life-of-ottawans-trapped-by-the-convoys-chaos.json|globemail
When everything becomes alt-right then nothing is alt-right |Sledder1205|2022-02-13 21:36:53.901|0|0|3861ed97-0629-4294-9e78-363724e6f9ec|article-two-weeks-in-the-life-of-ottawans-trapped-by-the-convoys-chaos.json|globemail
But as been said this one is way worse and has gone way beyond a couple of blocks from the hill  plus the duration.|Doug skis out west|2022-02-12 15:49:42.830|1|0|e4ee7efe-cffd-4d35-8a03-58f199d3c6d4|article-two-weeks-in-the-life-of-ottawans-trapped-by-the-convoys-chaos.json|globemail
The remarkably ordinary Canadians I know are not forcibly occupying city streets, blocking vital highways and other arterial, nor honking truck horns throughout the night.|Mossback|2022-02-13 19:43:04.599|1|0|7cabcdf1-1eee-4834-93d2-192715308cba|article-two-weeks-in-the-life-of-ottawans-trapped-by-the-convoys-chaos.json|globemail
Read the story. |omigosh|2022-02-12 16:05:54.949|1|0|c4ce51c1-2690-4975-b4d7-4a6fd4e7af01|article-two-weeks-in-the-life-of-ottawans-trapped-by-the-convoys-chaos.json|globemail
Part of the problem is that the laws have been so appropriated with the other protests in the past that the police would get roasted for enforcing them now.  Caledonia and the railway blockades come to mind.  How could the police enforce the law when they certainly didn't then?  |CLFraser|2022-02-12 15:44:20.468|1|0|c7f85dc8-318b-45a7-a3d1-f71f62dbe1e0|article-two-weeks-in-the-life-of-ottawans-trapped-by-the-convoys-chaos.json|globemail
"Street party that keeps the kids front and centre in order to deter police. But if the police confiscate fuel, more is found, and the rigs keep idling. The first weekend had many flags, some with swastikas over the Maple Leaf, but these have disappeared. Organizers realized that this could be weaponized by the media. So now they ""peacefully"" let off fireworks at 5 a.m. near residences, and scream and intimidate people who walk by (because the buses have been rerouted) or ""peacefully"" ignore the injunction against sounding their horns from 8 a.m. to 2 a.m., but the loud loud music goes on, and the dancing on the Tomb of the Unknown Soldier happens again because the barricades protecting his grave have been ""peacefully"" taken down. The street party is showing contempt for the police, the government, and the people of Ottawa."|Histteach|2022-02-13 13:49:56.203|1|0|73cc2243-2da7-41a0-84bd-c8205b633646|article-two-weeks-in-the-life-of-ottawans-trapped-by-the-convoys-chaos.json|globemail
Well we know you are for fascism. |FinVE|2022-02-12 16:55:52.304|1|0|9e9e3fa4-ed07-49e3-9541-38c3d7e4f97c|article-two-weeks-in-the-life-of-ottawans-trapped-by-the-convoys-chaos.json|globemail
"""Natural immunity is the antibody protection your body creates against a germ once you’ve been infected with it. Natural immunity varies according to the person and the germ. For example, people who have had the measles are not likely to get it again, but this is not the case for every disease. A mild case of an illness may not result in strong natural immunity. New studies show that natural immunity to the coronavirus weakens (wanes) over time, and does so faster than immunity provided by COVID-19 vaccination.""  Source: https://www.hopkinsmedicine.org/health/conditions-and-diseases/coronavirus/covid-natural-immunity-what-you-need-to-know"|BB1960|2022-02-12 17:01:46.291|1|0|ae6742fb-5560-41bf-9888-a32754c1697a|article-two-weeks-in-the-life-of-ottawans-trapped-by-the-convoys-chaos.json|globemail
I am embarrassed to be a Canadian. In my 76yrs I have never seen such a discussing  display of lack of leadership!  They all need to Go soon!|colt45|2022-02-12 15:57:28.558|0|0|bf310b60-923b-42f5-9865-4d179a26b4ab|article-two-weeks-in-the-life-of-ottawans-trapped-by-the-convoys-chaos.json|globemail
Maybe you could provide us your address and we'll be happy to go down there and honk endlessly while spewing all sorts of pollutants on to your place. We may even use your front lawn as a toilet. That's what the people of Ottawa have had to put up with. |dchap|2022-02-13 08:49:14.374|1|0|541d4406-dac3-4b5d-9b04-c1cffd0749a8|article-two-weeks-in-the-life-of-ottawans-trapped-by-the-convoys-chaos.json|globemail
The equivalence drawn by the liberal press between the freedom convoys and the January 6 Capitol demonstration in the US is unpersuasive. A much closer parallel is the Jarrow March in England in 1936. What is described by the Canadian elite and haute bourgeoisie as an insurrection is better understood as a groundswell of protest against dubious technocratic authoritarianism that has tightened its grip on the country during the pandemic.  The latter is only the latest hubristic wave of Whiggism led by elite, ‘enlightened,’ ‘rationalist’ technocrats who believe that history must follow a teleological arc of progress - progress conveniently defined in their own terms - towards a perfected, enlightened society, as long as the masses have the boot firmly on their neck.   Against this bourgeois totalitarianism the convoys are a reaction of the ancestral wisdom and organic consciousness of the people and the spirit of the nation. The country has seen pandemics before and will again. The collective mind of the community of citizens is wiser than the individual technocrats, talking-head physicians, and self-indulgent politicians. The pandemic measures have been misguided and must end. |Freddie Silk|2022-02-13 19:36:48.232|0|0|5d820ba0-9c29-48be-aab6-1d893dce069e|article-two-weeks-in-the-life-of-ottawans-trapped-by-the-convoys-chaos.json|globemail
Awww poor anti vaxxer. We're sorry you have had such an insignificant life that you have to honk your horns for attention. Don't worry, it gets better when you grow up. |omigosh|2022-02-12 16:03:21.468|1|0|efdba278-b1c9-4623-a1f2-9d53790a7909|article-two-weeks-in-the-life-of-ottawans-trapped-by-the-convoys-chaos.json|globemail
Remember:  the majority of Canadian truckers want nothing to do with these protests and the protesters.    These protesters do NOT represent truckers.   They are angry, low info losers some of whine own trucks.  |Not the Alliance|2022-02-13 19:38:49.846|0|0|80280c01-2e80-43c6-a0f6-2e44c967477c|article-two-weeks-in-the-life-of-ottawans-trapped-by-the-convoys-chaos.json|globemail
The part of natural immunity via infection that is most effective is…death.  With the non-vaccinated likely twenty times more likely to die of Covid these days we are definitely reducing the extent to which they can subsequently infect others.  If the unvaccinated (by choice) also excised a right to not ask for expensive hospital care if they do get sick and just stayed in bed watching Fox TV until their oxygen levels dropped off this natural selection would be even faster. And, without the masking and distancing etc. that the rest of us are doing it would be even faster still.  Morbid, yes.  But reflective of the state of mind these protesters have pushed me towards.  |Cliff Halliwell|2022-02-13 22:27:23.978|1|0|69aa72c0-1907-46f1-a9aa-ea3c75c73a7e|article-two-weeks-in-the-life-of-ottawans-trapped-by-the-convoys-chaos.json|globemail
Sounds like you've decided that everyone living in Ottawa is sub-human and a liar and you're enjoying reading about the suffering of others, Mr. Gustapo.  Do you live in a truck? |Michael Lewis|2022-02-13 18:05:06.242|1|0|558a7509-85e5-4f3c-b2e5-79cbeacc840b|article-two-weeks-in-the-life-of-ottawans-trapped-by-the-convoys-chaos.json|globemail
You are aware that was a far left protest right? Antifa and BLM, notice how the buildings were on fire then. |AMac1978|2022-02-13 04:54:02.629|1|0|66348851-2677-452b-9b98-880fd75d65a0|article-two-weeks-in-the-life-of-ottawans-trapped-by-the-convoys-chaos.json|globemail
It's amazing how someone who is not a doctor or a medical person seems to be able to tell the rest of us what is science and data and what is best for us. When you get your training and medical degree maybe you can then advice us. Until then.....|dchap|2022-02-13 08:35:06.049|1|0|286093c6-677f-46f7-93cf-214aa5dbc729|article-two-weeks-in-the-life-of-ottawans-trapped-by-the-convoys-chaos.json|globemail
Many of us are, going crazy. Even far enough away to only hear if the wind is right. The noise injunction wears of in 4 days, and life will be even more horrible.  I am not impressed with the veterans (not WW2, but of Afghanistan) who have ripped down the fences protecting the War Memorial and the Tomb of the Unknown Soldier so as to take selfies, and then dance on the Tomb. But it was a happy dance, so I guess it was peaceful, says I with heavy sarcasm.|Histteach|2022-02-13 13:40:46.904|1|0|e03036d5-cc8f-41e9-821d-2aae64802f54|article-two-weeks-in-the-life-of-ottawans-trapped-by-the-convoys-chaos.json|globemail
"What I constantly hear is that is that this illegal blockade is just a street party by well meaning people exercising their right to free speech. Well the G20 in 2010 the people were exercising their right to free speech and it was just a street party. That is until the riot clad police entered with their Billy clubs swinging arresting people left right and center throwing them into deplorable conditions kettling even taking the artificial leg of an amputee. The G20 riot was over in a day. This one is dragging on for weeks and the police stand around saying ""please leave, pretty please"". The difference between the two and how they are being handled is startling. Seems to be one rule for so called left wing protests and another for right wing fascists protests. If these people were left wing protests with people of colour and indigenous people the tear gas would flowing the Billy clubs swinging. "|dchap|2022-02-13 08:44:04.694|0|0|da764822-2468-4a63-97c8-a1525f2bd1d8|article-two-weeks-in-the-life-of-ottawans-trapped-by-the-convoys-chaos.json|globemail
You miss the plot.  You get vaxxed so when you do get covid you don't end up with a serious case and possibly end up in a hospital or worse and ICU and take that ICU bed from a person who really needs it.  Now do I support pulling off the mandates now, yes but my feeling is that this bunch of  blank blank  is slowing the process.|Doug skis out west|2022-02-12 15:43:07.917|1|0|91d0bed6-5ee6-46d3-a70d-7f6c92f7fc8c|article-two-weeks-in-the-life-of-ottawans-trapped-by-the-convoys-chaos.json|globemail
Excuse me? And what suggests that MyOwnAcccount is a government worker? You're a sudden expert on detecting what a person does for a living? Leroy1234 is the one who should be made obsolete. |dchap|2022-02-13 08:37:06.269|1|0|e1664ebf-ad21-4744-887b-e6d42e671984|article-two-weeks-in-the-life-of-ottawans-trapped-by-the-convoys-chaos.json|globemail
And, look at how quickly the federal Conservatives (maybe, but too late for me) realized that their support for political extortion was killing them with the swing voters they will need.  The majority view of this small group has obviously been hardened by what has happened.  Thank God we are a national of democratically elected governments, laws and courts, and careful police, because I get a sense that what the majority of the people of Ottawa would like done to the protesters is ugly now.  |Cliff Halliwell|2022-02-13 22:14:42.739|1|0|d7148d7a-7e6c-4847-aec4-1e8cde2f42ba|article-two-weeks-in-the-life-of-ottawans-trapped-by-the-convoys-chaos.json|globemail
" Let me correct you  ""Some are nice people""  ""with some justified concerns and alot of anti gov't /science  and very poor math skills  and some deplorable lets have a coup feelings""  This para describes the situation well ""Are there good, frustrated people just trying to be heard in the crowd? Yes. Are there bad people in the crowd, including some who've waved hate symbols and harassed or attacked others? Yes. Are there people taking careful care of the roads, sweeping up trash and shovelling ice and snow off the sidewalk? Yes. Are there hard men milling about, keeping a wary eye on anyone who seems out of place? Yes. Is it a place where some people are having good-natured fun? Yes. Is it a place some other people would rightly be afraid to go? Yes. And so on."""|Doug skis out west|2022-02-12 15:48:06.054|1|0|99c17eec-2ede-4788-87a1-b5298d44d839|article-two-weeks-in-the-life-of-ottawans-trapped-by-the-convoys-chaos.json|globemail
Wow, good way to start a constructive dialog|TGAM frustrates|2022-02-13 19:25:08.967|1|0|8cb363c5-725f-4606-9585-3c6aa49a9b60|article-two-weeks-in-the-life-of-ottawans-trapped-by-the-convoys-chaos.json|globemail
The difference is, for these protesters, it's me, me, me, honk, honk, me, me, honk, honk. For the majority of Canadians, we wear masks to stop the spread of covid while these protesters rather not wear masks. And the majority of Canadian got vaccinated again to reduce the spread of covid while these protesters don't want to be vaccinated based on junk science. |FinVE|2022-02-13 13:05:56.352|1|0|cea6b926-0a19-4fee-8eb8-fc1cc1164498|article-two-weeks-in-the-life-of-ottawans-trapped-by-the-convoys-chaos.json|globemail
I saw one guy carrying a confederate flag, by himself with a fully covered face… surely a plant for the media, I saw one guy with a Canadian flag that had needles in he shape of a hate symbol. THATS IT!! But I hear about it daily. What I see most of the time is a street party. |app_70799841|2022-02-12 19:33:16.940|1|0|64f24924-d51c-4dfd-8c03-445c6e88b630|article-two-weeks-in-the-life-of-ottawans-trapped-by-the-convoys-chaos.json|globemail
Don't be silly. Mandates are suddenly ending in only 3 small provinces.  And those provinces are facing more blocks as a result.  At least the wingnuts are not harassing nurses and hospitals as bad now. Keep locking them up !|The Last Honest Conservative|2022-02-13 22:29:19.324|1|0|44283869-1ebe-476a-8f4a-ad712ec961f4|article-two-weeks-in-the-life-of-ottawans-trapped-by-the-convoys-chaos.json|globemail
"Some are. One owner profiled in this story, upon seeing a photo of one of her trucks in the protest, sent four workers to reclaim the truck and plans to fire the employee who took it.  ""Truckers misrepresenting employers by joining Ottawa protest, companies say""  https://www.cbc.ca/news/canada/ottawa/truck-drivers-companies-ottawa-convoy-protest-1.6343705  A site that identifies the companies, https://convoytraitors.ca/, has grown considerably since I first looked at it. "|TKennit|2022-02-13 14:31:21.447|1|0|259185bc-096c-4379-a55c-b49ee3f830d3|article-two-weeks-in-the-life-of-ottawans-trapped-by-the-convoys-chaos.json|globemail
The misinformation regarding COVID rivals the misinformation regarding Trump.  There may be a correlation between the two.  It would not surprise me if much of it comes from the same sources.|WhistlingInTheDark|2022-02-13 13:47:52.229|1|0|ba6dc8de-b0a1-427d-a67a-c3432aeb9536|article-two-weeks-in-the-life-of-ottawans-trapped-by-the-convoys-chaos.json|globemail
There is a thing called the oil market that goes up and down on the basis of Econ 101.  The Feds have very little to do with that. |Doug skis out west|2022-02-12 15:53:39.207|1|0|771ad915-0c12-4a98-b72d-1827f66fadec|article-two-weeks-in-the-life-of-ottawans-trapped-by-the-convoys-chaos.json|globemail
Did you watch the video that resident posted? Would you like to live there? |omigosh|2022-02-12 16:07:35.860|1|0|46186a48-886d-4d64-8590-ced63e36d3ae|article-two-weeks-in-the-life-of-ottawans-trapped-by-the-convoys-chaos.json|globemail
Perhaps Mom would be good enough to let me know where she lives.    I have a hankering to practice protest techniques; given she finds them innocuous, I could rehearse there without worrying I was bothering anyone.  A few bean burritos and a gallon or so of water to ensure I can properly use her lawn, some cordwood and a handheld airhorn and I'll be all set.    Howsaboutit, Mom?  Little help?|WhistlingInTheDark|2022-02-13 07:26:03.054|1|0|3c7d1308-18a7-41a2-bc88-9480fe6aaa59|article-two-weeks-in-the-life-of-ottawans-trapped-by-the-convoys-chaos.json|globemail
Good observation, fixed air.|chondo|2022-02-12 23:57:06.225|1|0|2cc602c5-c42d-4562-9367-70347f0873ec|article-two-weeks-in-the-life-of-ottawans-trapped-by-the-convoys-chaos.json|globemail
"On day 16, it hasn't decreased. I guess I don't deserve to have access to my church, since I had the misfortune to be born in Ottawa and made my life here. I can't go to my church, because it is in the red zone, and because a rotating group of ""protesters"" wait outside the LRT station to scream at people who emerge. And I will wear a mask downtown to protect my poor old lungs from all the particulate thanks to dozens of idling diesels in urban canyons."|Histteach|2022-02-12 13:02:56.316|1|0|5ebd4c51-fe21-4582-a8fd-c3d3a3b95205|article-two-weeks-in-the-life-of-ottawans-trapped-by-the-convoys-chaos.json|globemail
That'll help.|GMel1101|2022-02-12 14:25:37.848|1|0|f60dd568-6c4a-4b0a-8094-9216efd0f5b5|article-two-weeks-in-the-life-of-ottawans-trapped-by-the-convoys-chaos.json|globemail
Long live inertia|montrealer0|2022-02-12 00:59:22.850|0|0|626eac89-1b40-418c-a154-3dff0ade5705|article-two-weeks-in-the-life-of-ottawans-trapped-by-the-convoys-chaos.json|globemail
Send in the ptsd counselling |Bovine Scatologist II |2022-02-12 01:01:32.902|0|0|f7544e01-8e30-4ff0-89fe-0ab58240907b|article-two-weeks-in-the-life-of-ottawans-trapped-by-the-convoys-chaos.json|globemail
No, pretty accurate statement.  We don’t care. |Stephen184|2022-02-12 04:03:43.226|1|0|7a8ac3a5-6bd4-4381-be21-2c7aff199ccf|article-two-weeks-in-the-life-of-ottawans-trapped-by-the-convoys-chaos.json|globemail
It might be more accurate to say that Bernier, Polievre, Ford and Bergen are all competing to see who owns it most, which would be a badge of honour for any of them.|fixed air|2022-02-12 21:28:43.172|1|0|7ea796f1-a1eb-42c0-8d49-d0b5af02346a|article-two-weeks-in-the-life-of-ottawans-trapped-by-the-convoys-chaos.json|globemail
Bergen and Pollievre are responsible for the a federal mandates?  Who knew?  Or Jagm, should we be looking at your man crush, Justin, as someone who needs to bear the ultimate responsibility for this. |Stephen184|2022-02-12 04:03:05.990|1|0|dc0ae3bd-ac97-4596-a1ea-7e5ca92245ee|article-two-weeks-in-the-life-of-ottawans-trapped-by-the-convoys-chaos.json|globemail
You all reflect my Canada. Thanks You!|MICHAEL_LLOYD|2022-02-12 01:20:02.764|0|0|089c7c8f-57b7-4d2d-a827-52011ea4c52b|article-two-weeks-in-the-life-of-ottawans-trapped-by-the-convoys-chaos.json|globemail
those complaining about covid restrictions could also movee to scandinavia or UK, or a number of other countries that don't have mandates. Good luck folks|pebbles1987|2022-02-12 02:27:35.136|1|0|9cb80a2f-e96f-4c7f-9c95-85de010452af|article-two-weeks-in-the-life-of-ottawans-trapped-by-the-convoys-chaos.json|globemail
"""left-wing brainwashing""  Says the crew recycling Bannon and Fox News talking points like song rotations on classic rock stations.   "|Prairie Logic|2022-02-12 02:42:11.931|1|0|05bfb8b1-7a64-4d7c-b094-ecb92fbadc2d|article-two-weeks-in-the-life-of-ottawans-trapped-by-the-convoys-chaos.json|globemail
Good one.|chondo|2022-02-13 00:41:01.617|1|0|9efa5040-4334-42ae-a329-6398ad6174fd|article-two-weeks-in-the-life-of-ottawans-trapped-by-the-convoys-chaos.json|globemail
Don’t racism and misogyny as well. |Mike McFae|2022-02-13 17:42:22.678|1|0|7937f385-dc37-40ab-a449-263510adf8cb|article-two-weeks-in-the-life-of-ottawans-trapped-by-the-convoys-chaos.json|globemail
don't want mandates? Move to South Carolina, Texas, Florida. Byee!!!|pebbles1987|2022-02-12 02:30:39.720|1|0|84f721a4-02bc-430a-b4e7-741fc3ecc328|article-two-weeks-in-the-life-of-ottawans-trapped-by-the-convoys-chaos.json|globemail
Dude, I currently live in a place where if you even put up a protest sign the police would be hauling you away for questioning. These protesters are lucky they're living in a country with a namby pamby government. Spare the rod and spoil the child I say.|IronMac|2022-02-12 02:55:28.024|1|0|3ecc725d-ba25-45ec-8745-03aeaa8e3a42|article-two-weeks-in-the-life-of-ottawans-trapped-by-the-convoys-chaos.json|globemail
It's easy to be jealous when you are a failure, huh red.|MavnGoose|2022-02-12 13:46:46.418|1|0|00d7572e-5225-426d-871c-94eed6e78eff|article-two-weeks-in-the-life-of-ottawans-trapped-by-the-convoys-chaos.json|globemail
Okay. How about some sympathy for retail and food serviceworkers who are not getting paid because their places of work were forced to close due to the occupiers. |Boomerang5|2022-02-12 02:06:30.680|1|0|d875e071-2349-4b52-9f1a-3ebdbb591017|article-two-weeks-in-the-life-of-ottawans-trapped-by-the-convoys-chaos.json|globemail
"Ottawa isn't only public service workers, and most of those that are, took the time to get good grades, get a university education, gain private sector experience, before becoming public servants.  Sometimes dear ""Redwineisfine"" you make your own luck."|AE|2022-02-12 01:33:48.189|1|0|3f98486b-61a3-407f-95ee-8ad7b92203ad|article-two-weeks-in-the-life-of-ottawans-trapped-by-the-convoys-chaos.json|globemail
Yes, I do.   This one seemed to manufactured from the get go.|comcon|2022-02-13 14:09:26.680|1|0|c35e12f4-343b-450f-a89e-e6cbc10a012f|article-two-weeks-in-the-life-of-ottawans-trapped-by-the-convoys-chaos.json|globemail
Agree, where I currently live, if you put up even a protest sign they would haul you away for questioning. |IronMac|2022-02-12 12:28:20.025|1|0|09272098-5ed1-4d2d-8396-6080c2fe60c3|article-two-weeks-in-the-life-of-ottawans-trapped-by-the-convoys-chaos.json|globemail
BC, Quebec and the 4 Atlantic provinces don't put up with this nonsense.  Its just the 4 provinces with the worst premiers.|The Last Honest Conservative|2022-02-13 22:59:29.590|1|0|2ac15bf0-8846-4549-a08b-324aa4467736|article-two-weeks-in-the-life-of-ottawans-trapped-by-the-convoys-chaos.json|globemail
This is a fringe group motivated by hate and conspiracy theories. The vast majority do not support them nor will they ever. |Ranxerox|2022-02-12 00:49:52.327|1|0|ea038be0-bfbb-4af1-9a8e-254631ed7f79|article-two-weeks-in-the-life-of-ottawans-trapped-by-the-convoys-chaos.json|globemail
I am assuming you don’t live in Centretown, Ottawa. How’s your neighbourhood through all this? Are you holding up OK? Getting enough sleep? Not being harassed every time you go out for a walk?   Oh good…I was worried…|Friend2021|2022-02-12 00:50:36.166|1|0|743bc96f-c097-4d1a-b5da-74580efda2bd|article-two-weeks-in-the-life-of-ottawans-trapped-by-the-convoys-chaos.json|globemail
Once people protests enter people homes, they have crossed a line.  They aren't protesting to get a message across, they are trying to break up our democracy.|AE|2022-02-12 01:44:52.845|1|0|b16e4d41-0259-488f-85a1-7a835f455560|article-two-weeks-in-the-life-of-ottawans-trapped-by-the-convoys-chaos.json|globemail
Yes. AOC is right. This is not a protest. It’s an occupation. Why deny the difference ? This is way beyond protest. They planned for an occupation. Uncomfortable is not harassment. Yelling at others trying to get to work with masks that they are sheep all while drunk at Tim Hortons is nasty.  See the difference ? think man think. |The jolly hangman|2022-02-12 06:55:40.292|1|0|2062bd43-29e0-454c-88ae-10160bacf5e7|article-two-weeks-in-the-life-of-ottawans-trapped-by-the-convoys-chaos.json|globemail
I doubt you can read.|MavnGoose|2022-02-12 13:49:03.666|1|0|6352438a-2a3c-41af-83bd-3e0c9abce6b5|article-two-weeks-in-the-life-of-ottawans-trapped-by-the-convoys-chaos.json|globemail
No, put them in a room with a train horn. One of those mega-brains was traveling up and down the 417for 2 hours yesterday, blaring a train horn. Lucky he didn't cause an accident. We don't need violence. According to some of the commenters I have read, noise is not violent, so we can subject the Occupying force to lots and lots of noise, once we get them away from the innocent bystanders.|Histteach|2022-02-12 17:19:49.800|1|0|804f89df-4040-4406-946d-d1123586d50b|article-two-weeks-in-the-life-of-ottawans-trapped-by-the-convoys-chaos.json|globemail
"Respectful Canadians would sue the federal government to get whatever mandate they want removed.  Here is an article about a Canadian doing just that:   ""Last living signer of Canadian constitutional charter of rights sues government over COVID travel ban""  https://nypost.com/2022/01/27/last-living-signer-of-canadian-constitutional-charter-of-rights-sues-government-over-covid-travel-ban/ "|Alison_D|2022-02-12 00:46:28.898|1|0|95b616df-acf7-432e-85d1-cf23a08f2e78|article-two-weeks-in-the-life-of-ottawans-trapped-by-the-convoys-chaos.json|globemail
Fringe opinion The vast majority of Canadians want the crowdfunding welfare bums to go home.  Also it's pretty clear that even if all restrictions were lifted at midnight the so called protestors in Ottawa would come up with some other reason to stick around.  Clear them put and send them back to work|Ranxerox|2022-02-12 00:48:39.226|1|0|1235b86a-0697-43a4-a5a2-9f0bb836e8b2|article-two-weeks-in-the-life-of-ottawans-trapped-by-the-convoys-chaos.json|globemail
70% works for government? You’re just making stuff up. According to the latest census, 24% of Ottawa’s labour force works for the public sector. And most of those who are affected by this occupation and live in centretown, are actually *students* attending the University of Ottawa/Carleton U or are young new workers who have to rent. Public sector employees live in the ‘burbs. And FYI- the IT sector is the biggest employer in ottawa. |AMcalister|2022-02-12 01:02:54.207|1|0|5f59334d-ad92-4999-b589-dbb3218931f4|article-two-weeks-in-the-life-of-ottawans-trapped-by-the-convoys-chaos.json|globemail
Whoa PrudentInvestur, did you get that info from the Bouncy Castle dwellers? Federal employees comprise nearly 20% of Ottawa–Gatineau's employed labour force. https://www150.statcan.gc.ca/n1/pub/11-402-x/2011000/chap/gov-gouv/gov-gouv-eng.htm   |Villedor|2022-02-12 01:24:14.438|1|0|36f66eb5-674a-4281-a8ca-671131888077|article-two-weeks-in-the-life-of-ottawans-trapped-by-the-convoys-chaos.json|globemail
Facts? They don't need no stinking facts.|MavnGoose|2022-02-12 13:48:35.037|1|0|83baec1a-87ef-4a51-9dc4-22ccbab12021|article-two-weeks-in-the-life-of-ottawans-trapped-by-the-convoys-chaos.json|globemail
Get bent. The occupiers are selfish traitors to democracy. Everyone has had a hard time. We all made sacrifices to control this pandemic, but these same guys were harassing health care workers who exhausted have been busting their …  to keep us safe. So They get to whine and cry about it? No truck nor trade with traitors. No pity for self inflicted wounds. Your sympathy for bullies blinds you to the unnecessary havoc and fear they are causing. |The jolly hangman|2022-02-12 06:32:10.033|1|0|7b67e6ab-c35c-4cfd-b23e-b60ecc74cfb3|article-two-weeks-in-the-life-of-ottawans-trapped-by-the-convoys-chaos.json|globemail
"your definition of ""peaceful"" is  questionable."|pebbles1987|2022-02-12 02:26:01.015|1|0|7bddc0ea-59c6-41b5-9110-4b2ff352d2f3|article-two-weeks-in-the-life-of-ottawans-trapped-by-the-convoys-chaos.json|globemail
The '' dsisastrous debt'' is now on you too and we will remind you of the costs of this seditious occupation whenever you complain about the deficit.  Because you don't have the moral character to accept the results of the last election, you bring chaos onto the whole of Canada.  The government was elected by Canadians who are outraged that the likes the ilk that illegitimately uses force in an attempt to selfishly impose your will on all of Canada.   |Villedor|2022-02-12 13:37:39.622|1|0|3a79a213-0e18-490c-9e0c-9e8fe13f1f83|article-two-weeks-in-the-life-of-ottawans-trapped-by-the-convoys-chaos.json|globemail
Ottawa residents haven't slept for weeks. Torture. And it is wrong when any demonstration gets out of hand. |northernguitarguy|2022-02-12 14:23:42.295|1|0|5a1dea16-f827-40e1-99bb-e689a3920e94|article-two-weeks-in-the-life-of-ottawans-trapped-by-the-convoys-chaos.json|globemail
Same could be said for Ottawa |Mike McFae|2022-02-13 17:38:05.464|1|0|3c7c93e2-0862-4e5c-ac51-626c89ace05a|article-two-weeks-in-the-life-of-ottawans-trapped-by-the-convoys-chaos.json|globemail
So this isn't about FREEEEDOOOM its about anger and divisiveness. thought so.|pebbles1987|2022-02-12 12:04:22.075|1|0|c36affbe-6348-4e78-997e-b548682c9a9d|article-two-weeks-in-the-life-of-ottawans-trapped-by-the-convoys-chaos.json|globemail
In 1870, the Government of Canada acquired Rupert’s Land from the HBC for $1.5-million. It is the largest real estate transaction (by land area) in the country’s history. The purchase of Rupert’s Land transformed Canada geographically. It changed from a modest country in the northeast of the continent into an expansive one that reached across North America. Rupert’s Land was eventually divided among Quebec, Ontario, Manitoba, Saskatchewan, Alberta and the Northwest Territories.|Villedor|2022-02-12 18:19:32.089|1|0|376d8d49-5ba6-4707-abb5-9adbd42f19e6|article-two-weeks-in-the-life-of-ottawans-trapped-by-the-convoys-chaos.json|globemail
Thanks for bringing us a 3rd world experience.|Ponders|2022-02-12 00:42:35.939|1|0|f955abfe-5726-4ece-adf6-402bcdd35e02|article-two-weeks-in-the-life-of-ottawans-trapped-by-the-convoys-chaos.json|globemail
Separate ... please see how that works out for you ... Ontario would be better off.|RonsterG|2022-02-12 17:06:03.393|1|0|94a4addb-a146-442b-ac21-e0063444154e|article-two-weeks-in-the-life-of-ottawans-trapped-by-the-convoys-chaos.json|globemail
Oh please. Pathetic.|MavnGoose|2022-02-12 13:36:01.273|1|0|0cae3e78-9edf-4b1e-b3ad-74de85ef6dd5|article-two-weeks-in-the-life-of-ottawans-trapped-by-the-convoys-chaos.json|globemail
Talk about victim card. That's the only thing besides a way cyst card liberals have.|AMac1978|2022-02-13 05:07:38.695|1|0|7253549e-ff8b-4e01-a954-0d6487fecc67|article-two-weeks-in-the-life-of-ottawans-trapped-by-the-convoys-chaos.json|globemail
"Funny. It seems the people who live in Edmonton, and in Coutts, and who are subject to the, ahem, ""behaviour"" of the anti-vaxx convoy have become quite the soul-sisters of we who live in Ottawa. I await your comment justifying how the Edmonton-based and Coutts-based workers and residents basically deserve the treatment they are experiencing."|fixed air|2022-02-12 22:00:03.456|1|0|f76ff513-210c-4610-852b-9bf510de92f4|article-two-weeks-in-the-life-of-ottawans-trapped-by-the-convoys-chaos.json|globemail
From an Ontario dude. 💪👍 💯 |KEVIN2210|2022-02-12 06:04:09.280|1|0|17709c0c-d052-42bf-8219-b10d6e106c15|article-two-weeks-in-the-life-of-ottawans-trapped-by-the-convoys-chaos.json|globemail
I'm from western Canada too. I sympathize with the residents of Ottawa who have to endure the baloney and BS spewed by the above kook and and all his kook buddies.|app_71592176|2022-02-13 19:15:36.867|1|0|be9e2381-289a-4375-a31b-15fe18270d72|article-two-weeks-in-the-life-of-ottawans-trapped-by-the-convoys-chaos.json|globemail
And what about the kids in the trucks, brought here by their parents?|Histteach|2022-02-13 13:58:27.377|1|0|15b2d678-1a9f-4d26-aa05-5d638e0ac9c7|article-two-weeks-in-the-life-of-ottawans-trapped-by-the-convoys-chaos.json|globemail
We can only hope there are some grownups on Parliament Hill advising Trudeau. They weren't in evidence when he went to Tofino though . . .|thorncha|2022-02-12 15:34:31.219|1|0|80f54791-3072-4d2a-9324-1f40c7f754ef|article-two-weeks-in-the-life-of-ottawans-trapped-by-the-convoys-chaos.json|globemail
Yseny|Dcdc4|2022-02-13 00:41:48.962|1|0|1db59f02-4972-4b39-9dde-3ac3eab5c87f|article-two-weeks-in-the-life-of-ottawans-trapped-by-the-convoys-chaos.json|globemail
Try wearing a mask in downtown Ottawa, to protect yourself against diesel fumes. Then you can be: screamed at, spat on, have your mask grabbed, be pushed to the ground. These Freedom Protesters don't want anyone to have the freedom to choose to wear a mask if they want.|Histteach|2022-02-13 13:57:26.525|1|0|233e1cbf-c125-4a4d-9e99-513f13cb6705|article-two-weeks-in-the-life-of-ottawans-trapped-by-the-convoys-chaos.json|globemail
Glad to hear it. Now go home! The majority of Canadians are done with you!|app_71592176|2022-02-13 19:13:38.051|1|0|73fc7a88-8a2f-4d83-ab4a-8982375b4547|article-two-weeks-in-the-life-of-ottawans-trapped-by-the-convoys-chaos.json|globemail
200,000 Albertans did not lose their jobs. |pebbles1987|2022-02-12 11:50:45.598|1|0|a1c948ff-9ae7-4225-8706-d5c6c899bdba|article-two-weeks-in-the-life-of-ottawans-trapped-by-the-convoys-chaos.json|globemail
From an East Coaster.  Preach! |Stephen184|2022-02-12 03:59:23.397|1|0|7cbfce22-cce0-4b58-a1ae-449ebcdd71fa|article-two-weeks-in-the-life-of-ottawans-trapped-by-the-convoys-chaos.json|globemail
An arson attempt at a nearby apartment building; urinating and defecating on private and public property; forcing the closure of the area's largest retail mall and most of the small businesses downtown; destruction of people's right to enjoy their private property (condos and apartments). I just described a small amount of the behaviour of the convoy in Ottawa. It seems to fit your description of things you find abhorrent. I guess when it's done by people you identify with, it's wonderful. BTW, I have lived in Ottawa for 43 years, and there has never been anything as harmful, destructive, disrespectful and shameful as what these occupiers are doing. We are so used to demonstrations here, across the political spectrum, throughout the year. If anyone has expertise in living on the daily with the right of Canadians to protest and their right to free speech, it is us. But go ahead, gaslight us, and tell the world that it's all in our heads.  |fixed air|2022-02-12 21:49:13.078|1|0|b2d76a36-f84b-4579-8e0f-013c0f859089|article-two-weeks-in-the-life-of-ottawans-trapped-by-the-convoys-chaos.json|globemail
"""International leftists."" What revisionist history you spout. How nice for you to omit the 2008 subprime mortgage crisis, brought on by the financial sector, and how that sector was bailed out to the tune of trillions with public dollars. Ordinary people lost their homes after that bailout. Oh, I guess they are ""leftists."" "|fixed air|2022-02-12 21:54:26.293|1|0|7e48dc52-171b-4c2d-9b92-845392c0901c|article-two-weeks-in-the-life-of-ottawans-trapped-by-the-convoys-chaos.json|globemail
The arson attempt was fake news…..there is no investigation |Mellowcanadian|2022-02-13 05:47:52.258|1|0|792ab3cb-5fd0-4c2f-8264-7b202d71dc15|article-two-weeks-in-the-life-of-ottawans-trapped-by-the-convoys-chaos.json|globemail
They absolutely have the right to protest.  They don’t have the right to pull masks off people passing by, put diesel exhaust into the atmosphere, intimidate people or deafen them with truck horns.   Ottawa made a mistake by not preventing the trucks from parking downtown.   Trucks are weaponized in some conflicts and this is a conflict.   These people lost support from many of us with the intimidation, the brain dead manifesto and the trucks not leaving.  Go home.|Sceptical1|2022-02-12 02:53:46.289|1|0|cef44d82-34cd-459a-bd59-260f85a8df8e|article-two-weeks-in-the-life-of-ottawans-trapped-by-the-convoys-chaos.json|globemail
That was quite the jumble of nonsense and grammatical butchery. Been a long night of howling, huh moon.|MavnGoose|2022-02-12 13:43:39.419|1|0|1eb7c545-8f7b-453d-960c-0f8d8e65db25|article-two-weeks-in-the-life-of-ottawans-trapped-by-the-convoys-chaos.json|globemail
We already have an serious intrusion upon our sovereignty, so we welcome the Yankees to help us.  Sovereignty is the author and source of law; in our system, while sovereign powers are delegated to the agencies of government, sovereignty itself remains with the people, by whom and for whom all government exists and acts.|Villedor|2022-02-12 13:49:43.849|1|0|cb6ec255-43d4-4697-8d01-cc5140a15ec6|article-two-weeks-in-the-life-of-ottawans-trapped-by-the-convoys-chaos.json|globemail
  You chose not to comment on the article that you did not read.  It is interesting that your comment made it past the moderator.  You may want to review the community comments section in relation to respectful dialogue.|moon howler|2022-02-12 19:31:59.341|1|0|db617700-a676-44a0-90ad-5aac2a7b806b|article-two-weeks-in-the-life-of-ottawans-trapped-by-the-convoys-chaos.json|globemail
No disruption to commerce or to people's right to sleep. |northernguitarguy|2022-02-12 14:24:53.921|1|0|c6375067-76de-4343-9f99-98a6b3db30f7|article-two-weeks-in-the-life-of-ottawans-trapped-by-the-convoys-chaos.json|globemail
Yeah right. There were differences to my irrefutable fact that posed inconvenience to Ottawans.  And your last sentence makes no sense. |moon howler|2022-02-12 19:35:55.039|1|0|80b86661-0bda-4157-b301-98aa274dc2f1|article-two-weeks-in-the-life-of-ottawans-trapped-by-the-convoys-chaos.json|globemail
"""to avoid distracting police""  Sorry, can't help but chuckle.  Distract them from what?  Their crullers and double doubles?  From what I can see they are doing bupkes.  They enforced the injunction for a couple of days, then went back to whinging about needing more resources.  They're overworked and tired, I get that.  But handing out some tickets and making some arrests beats doing nothing at all.  If I lived in that area I would be circulating a petition for Sloly's immediate dismissal, preferably sans pension.  The man is an embarrassment to the uniform."|WhistlingInTheDark|2022-02-13 07:29:47.147|1|0|a372e745-5c80-4751-813a-30dae9e884f8|article-two-weeks-in-the-life-of-ottawans-trapped-by-the-convoys-chaos.json|globemail
Mark will be eating Sedition salad for years. It was a stupid, inappropriate intervention that will define him - another divider. |Mike McFae|2022-02-13 17:40:17.638|1|0|6fc33d0c-9fc7-4491-ba1f-5e6d0c2f4af7|article-two-weeks-in-the-life-of-ottawans-trapped-by-the-convoys-chaos.json|globemail
Tremblam: You mean the big rigs make the people inside feel powerful because they have no power in their lives?|thorncha|2022-02-12 15:37:14.901|1|0|e1e214fc-d942-4c28-8a80-b97f6129446f|article-two-weeks-in-the-life-of-ottawans-trapped-by-the-convoys-chaos.json|globemail
Illegitimate.|IronMac|2022-02-12 02:49:15.118|1|0|a06ea3d7-47d8-4347-a2e6-0cc5f0653210|article-two-weeks-in-the-life-of-ottawans-trapped-by-the-convoys-chaos.json|globemail
and taking a dump on your lawn,  I would have used a paint ball gun|Doug skis out west|2022-02-12 15:54:49.298|1|0|70bcc609-8c24-4b55-a8ca-24cb284a6796|article-two-weeks-in-the-life-of-ottawans-trapped-by-the-convoys-chaos.json|globemail
Jordan Peterson sure made that “p” word popular. |MDAM1|2022-02-13 20:44:27.655|1|0|e935a7dc-426f-4a06-b77b-d98b23f75c2a|article-two-weeks-in-the-life-of-ottawans-trapped-by-the-convoys-chaos.json|globemail
On the upside, by having been there the little children are apt to understand that mum and dad are on a time out for the tantrum honk honk .|Villedor|2022-02-12 18:27:51.618|1|0|2e282efe-53a9-4aad-87bc-f29af634f42e|article-two-weeks-in-the-life-of-ottawans-trapped-by-the-convoys-chaos.json|globemail
"The media coverage of the ""protests"" is incredibly biased in favour of the illegal occupations and blockades across this land. Hardly a mention of the futility of protesting the requirement that truckers crossing the border must be vaccinated, as the USA requires it too. Hardly a mention that almost all of the other restrictions and police actions or inactions are under provincial jurisdiction. Hardly a mention how divisive the Conservatives have been in egging on the protestors despite their obvious illegalities.  This is Trudeau's fault? Hardly."|RichardSharp1|2022-02-13 23:28:39.542|0|0|ba5f51b4-8f8f-4719-8004-4684bbc3e190|article-two-weeks-in-the-life-of-ottawans-trapped-by-the-convoys-chaos.json|globemail
