﻿comment|username|datetime|isreply|num_replies|comment_ids|post_id|label
Slowly is clueless.     He has no practical way to impound  the trucks.  No towing companies will take the job.|kws6000|2022-02-07 20:40:40.266|0|3|4f0eaeee-7c86-49f0-96c3-50d7fd8377ad|article-politics-briefing-chief-sloly-says-ottawa-police-looking-at-impounding.json|globemail
Police Chief Sloly is going to write a letter to the Mayor asking for more resources.  Well, be sure to put the right stamp on it and let’s hope it gets across town in the next week.  Here’s the thing, Chief:  Alexander Graham Bell has invented a device called the telephone.  You can pick it up and talk to anybody.  You should try it some time.  The fact that he even uttered the word “letter” tells you Chief Sloly is not up to his job.|Peter Woodward1952|2022-02-08 15:23:33.416|0|1|2ddff7e6-6dfe-4289-b0e9-72f16d86057b|article-politics-briefing-chief-sloly-says-ottawa-police-looking-at-impounding.json|globemail
It’s about time|yvre|2022-02-07 19:21:20.688|0|0|aefbd714-b16f-4baf-b334-6f8fdd44b2ce|article-politics-briefing-chief-sloly-says-ottawa-police-looking-at-impounding.json|globemail
I agree with you.  He has to cut off all supplies to the truckers:  food, water, fuel.  This can be done by not allowing people access to the streets where they are parked.  I am quite sure Ottawa residents would be happy to comply.  When they get cold enough or hungry enough or thirsty enough and are unable to honk any more, give them enough gas to get them to a gas station at the end of town and escort each truck out one by one.  Expensive yes.  Peaceful yes.  Doable yes.|dubdubu|2022-02-07 22:22:27.773|1|0|0dea35b1-d9cc-4f27-a7bc-a77a90b26075|article-politics-briefing-chief-sloly-says-ottawa-police-looking-at-impounding.json|globemail
A well paying job offer always talks |Ken77777|2022-02-07 22:43:01.589|1|0|fb9f2aed-19ee-4906-95bc-adda4724fc4f|article-politics-briefing-chief-sloly-says-ottawa-police-looking-at-impounding.json|globemail
Just drive them away. Easy peasy.|Ian_TO|2022-02-08 03:38:29.347|1|0|ed01e43e-c533-435f-8aa1-eed800f5b191|article-politics-briefing-chief-sloly-says-ottawa-police-looking-at-impounding.json|globemail
"Removing trucks could be almost 'impossible,' say heavy towing experts  Incredibly difficult without co-operation from drivers, say those in the field  Michelle Allan · CBC News · Posted: Feb 07, 2022 4:00 AM ET |  Heavy-duty towing experts say it will be difficult or impossible to remove the hundreds of heavy trucks entrenched in Ottawa's downtown — unless the drivers allow it.   Trucker Lloyd Crowe from Picton, Ont., has been parked just a couple of blocks away from Parliament Hill since last weekend, but he's not worried about being towed.  ""If you know anything about truck air brakes, once you pull that button, all 18 wheels are locked,"" Crowe told CBC on Wednesday."|BC Thoughts|2022-02-07 21:25:46.590|0|0|fbafcc08-a339-4af9-8e12-ab8c67426df8|article-politics-briefing-chief-sloly-says-ottawa-police-looking-at-impounding.json|globemail
If you can't tow the trucks, dismantle them - carelessly.|BTrue1|2022-02-07 21:39:11.111|0|0|477d678a-6971-4ea6-860d-1d852863a47c|article-politics-briefing-chief-sloly-says-ottawa-police-looking-at-impounding.json|globemail
Sounds like an excellent idea .|Ken77777|2022-02-07 22:41:21.291|0|0|8d262c5f-cc79-4584-8c86-9c97f312d64e|article-politics-briefing-chief-sloly-says-ottawa-police-looking-at-impounding.json|globemail
If towing is a challenge, simply removing the driver, should be quite easy, and then put an appointed driver behind the wheel. Then just drive - not tow - the truck away to the impound yard. Many qualified City and other personnel, to do this. T oo many excuses, not enough solutions and action, IMHO. How do you eat an elephant? One bite at a time.|app_72272881|2022-02-07 22:41:35.387|0|0|2f55258f-d4d7-43f6-a33d-677814972d85|article-politics-briefing-chief-sloly-says-ottawa-police-looking-at-impounding.json|globemail
Bravo. This sounds like the best solution as truckers are unlikely to remain their vehicles will be seized, and it makes them unlikely to come back.  What`s needed is a fast procedure for all provinces to act quickly should any future occupation be threatened with vehicles. Canadians need to know that vehicles will be seized and held until all fines are paid and that hooligans will have to foot the bill for any occupation. If needed, vehicles should be sold, preferably within 30 days.  However, it cannot be the case that police only seize vehicles. These occupiers need to face trial and jail or their appalling and lawless conduct. They should also have to compensate all of their victims. Also, we need to ask whether anyone who uses a truck in this fashion should be permitted to be a licensed driver of trucking rigs anywhere in Canada.|Westerlies44|2022-02-08 11:00:08.271|0|0|338f4393-aed6-496f-918d-db240b52fae6|article-politics-briefing-chief-sloly-says-ottawa-police-looking-at-impounding.json|globemail
Not up to the job indeed....but he is not th eonly one...SADLY|Aldo16|2022-02-08 21:43:57.721|1|0|32265abd-a656-4db8-94d8-f26c52227800|article-politics-briefing-chief-sloly-says-ottawa-police-looking-at-impounding.json|globemail
Amidst all the reports and Opinion articles there is NOTHING on Doug Ford and his mandate around the Administration of Justice in Ontario.  it’s almost like the MSM is protecting him.|app_72746711|2022-02-08 22:40:54.588|0|0|c8b670b6-4e7b-4361-87c8-59a37890c48a|article-politics-briefing-chief-sloly-says-ottawa-police-looking-at-impounding.json|globemail
