﻿comment|username|datetime|isreply|num_replies|comment_ids|post_id|label
Interesting that the Mounties will threaten enforcement on these guys, but won't touch the natives when they block rail mainlines.|IanT49|2022-02-01 15:20:37.305|1|4|1c49316b-a0c4-43b0-9477-c210005dc488|article-border-crossing-near-coutts-alta-blocked-for-third-day-by-truck-convoy.json|globemail
I'm starting to think this Freedom Convoy movement represents something much bigger than vaccinations. Maybe this thing will morph into some grander concerns about liberty. Or maybe it will morph into some real-world concerns about carbon-taxes and the cost of living.  Regardless, it is almost certain this thing will morph into something that no one person or institution can stop, moderate, suppress or control.  Good luck, Justin Trudeau. |Fabulous Fabs|2022-02-01 02:47:48.299|0|3|af615b29-514b-47a2-b578-7d3f0c5a5084|article-border-crossing-near-coutts-alta-blocked-for-third-day-by-truck-convoy.json|globemail
Hmm. Ever hear of theCritical Infrastructure Defence Act, passed by Kenney to prevent protests at critical infrastructure- like highways, pipelines. If this was a pipeline you know  what would be happening.|northerncrank|2022-02-01 13:11:02.183|1|3|400c3d29-b47e-47d2-9f48-dedd8dfe96dd|article-border-crossing-near-coutts-alta-blocked-for-third-day-by-truck-convoy.json|globemail
RCMP are employed as the provincial police force in the western provinces, Ontario and Quebec have their own police forces.|wellworn|2022-02-01 03:32:37.046|1|3|e09639e8-9b1f-4b7b-a34f-a0ddba7f391a|article-border-crossing-near-coutts-alta-blocked-for-third-day-by-truck-convoy.json|globemail
When folks cannot access basic food, gas and medicine, this is no longer airing grievances. This is hostage taking and the police should be dealing with it accordingly. |LL Trippe|2022-02-01 01:32:43.476|0|2|e5f377dd-0b3c-4020-8837-402d826eeb51|article-border-crossing-near-coutts-alta-blocked-for-third-day-by-truck-convoy.json|globemail
The RCMP responded very slowly to the First Nations illegal blockades on railways in Canada.  Why be surprised the same with any border issues.  The RCMP appear so cautious and possibly fearful to act decisively.  Their government perhaps stop them from taking any action at all?|Observance|2022-02-01 16:32:28.775|0|2|66c93082-b695-4311-9eb5-a439d9e270b8|article-border-crossing-near-coutts-alta-blocked-for-third-day-by-truck-convoy.json|globemail
Just like when BLM and Antifa riots right ? We should ask the government to have the cell phone services disconnected to stop the rioters ! Great idea . I’ll let BLM know what you suggest . |Grant Rogers|2022-02-01 03:13:04.841|1|2|b64691b7-374e-45f5-9d69-83279fe1ea1f|article-border-crossing-near-coutts-alta-blocked-for-third-day-by-truck-convoy.json|globemail
"""Enforcement is an option""  It should be the only option.  When did enforcing the law in Canada become optional?"|Don D|2022-02-01 04:28:54.152|0|2|415f6dd9-76a3-4240-b987-e2c7bd85782a|article-border-crossing-near-coutts-alta-blocked-for-third-day-by-truck-convoy.json|globemail
There is a man who regularly walks along the middle of Yonge St in Toronto, between King and Richmond Streets, howling his head off. The nicest thing that can be said about him is that he makes no sense. Do the police arrest him? Nope. Same with the truckers. They'll run out of gas and money and hot air.|Bishenden|2022-02-01 03:50:26.934|1|2|69ef9813-6e03-43e1-916f-52c73a0e8fa6|article-border-crossing-near-coutts-alta-blocked-for-third-day-by-truck-convoy.json|globemail
Is forcibly barring people from their legitimate movement not illegal?  If I stand on a city sidewalk and block someone from passing, is that not illegal?  Would the cops not be called?  Do legitimate travellers not have rights?   Not enough cops?  Fine, bring in the army.  Trudeau Sr. did it in Quebec when the FLQ got nasty.  |app_68916973|2022-02-01 02:31:45.649|0|2|b2c31405-9066-47d0-95fd-4f184920d4d5|article-border-crossing-near-coutts-alta-blocked-for-third-day-by-truck-convoy.json|globemail
People and food were not threatened by the rail protests, its was purely economic. This has the supply of food and daily essentials, as well as honest hard-working truckers trapped on either side of the border with decaying goods. Nice deflection to vent your angst about the indigenous though. Very creative.|Chuck Blair|2022-02-01 17:54:18.902|1|2|f1d71f40-e073-468e-8417-b3804326771b|article-border-crossing-near-coutts-alta-blocked-for-third-day-by-truck-convoy.json|globemail
Isn't blocking a public thoroughfare illegal.? Move 'em out!!|JohnR|2022-02-01 13:41:39.797|0|2|2c199aa9-be07-4295-bb45-a4a462ac574d|article-border-crossing-near-coutts-alta-blocked-for-third-day-by-truck-convoy.json|globemail
If Indigenous people or environmentalists were blocking the border, the RCMP sure as hell wouldn't be negotiating with anyone, they'd have charged in with riot gear.  |Sub-Arctic Guy|2022-02-01 03:37:25.763|0|2|8bce6fc4-0677-4cf1-a232-49b2ec1ec316|article-border-crossing-near-coutts-alta-blocked-for-third-day-by-truck-convoy.json|globemail
The RCMP?|BRUCEHUNTER3|2022-02-01 02:53:40.105|1|2|2a0d40bf-83cd-44e5-9ca1-b574ada3364e|article-border-crossing-near-coutts-alta-blocked-for-third-day-by-truck-convoy.json|globemail
Good thing they weren't trying to block a clear cut - RCMP would have been all over them. |JE Hoover|2022-02-01 17:23:38.135|0|2|fccacbe6-1d61-4027-8aa5-3cace1cdc4f0|article-border-crossing-near-coutts-alta-blocked-for-third-day-by-truck-convoy.json|globemail
How about this...you have 15 minutes to move your truck otherwise you will be arrested and your truck will be forfeited and sold at an auction. |ima.robot|2022-02-01 11:09:39.372|0|1|f17ec60b-2e12-4876-a2ca-c04f2714e256|article-border-crossing-near-coutts-alta-blocked-for-third-day-by-truck-convoy.json|globemail
These truckers  lost all credibility when they demanded food at a homeless shelter charity. A shameful bunch of poorly brought up folks. And yet...heroes to many. Worry about that. I have been around independent truckers all my life. They do whatever they want because they can disappear down a road and not be found. The real stories I could write a book on. |johnange|2022-02-01 20:32:15.472|0|1|ca995d0e-6338-4a75-9ee1-6d826778640d|article-border-crossing-near-coutts-alta-blocked-for-third-day-by-truck-convoy.json|globemail
Not true. We've had plenty of these protests and the RCMP response was typically extremely delayed. As I recall, the most recent RCMP clearing of a blockade in BC delayed right to the end of the discretion allowed by the court order. |Ric M1|2022-02-01 04:44:41.872|1|1|349277e7-ceb0-480d-bd0f-f367cf5d5b10|article-border-crossing-near-coutts-alta-blocked-for-third-day-by-truck-convoy.json|globemail
"That's because the protest was on Indigenous land.  This blockade is on a public highway.  White privilege is the only reason the police are ""negotiating""   "|Sub-Arctic Guy|2022-02-01 16:03:47.685|1|1|fbea1122-0501-40ce-99ac-53bc833f002a|article-border-crossing-near-coutts-alta-blocked-for-third-day-by-truck-convoy.json|globemail
When Aboriginals blockaded highways and railway lines I wanted the law the be enforced and the protesters to be removed and charged, same applies here.  These idiots should all be charged with their vehicles towed and impounded.  I would be willing to bet these people have all been vaccinated against Polio and MMR and would be willing to take a hypothetical vaccine that had a guarantee of a 50 fold reduction in their chances of getting cancer.  The Covid vaccine should not have become a political weapon which when taken to this extreme simply allows the pandemic to continue.  Take the bloody vaccine already.|rcalon|2022-02-01 03:43:52.880|0|1|1f9bf0ba-2e48-4888-9ca4-325bdb836eed|article-border-crossing-near-coutts-alta-blocked-for-third-day-by-truck-convoy.json|globemail
Elon Musk must be soiling his pants laughing.  It will become all the more reason to roll out his driverless trucks.|I.N. Flagrantedelecto|2022-02-01 03:54:31.394|0|1|fbe21ef9-89db-4493-bbf2-89ab601b5ff4|article-border-crossing-near-coutts-alta-blocked-for-third-day-by-truck-convoy.json|globemail
"As soon as he gets the problem of those efficiency-killing heavy batteries making up the large chunk of the GVW and can deliver what he promised in 2017 for delivery by 2019. Not to mention finally getting all the bugs out of his ""self-driving"" technology. "|PIFCO3|2022-02-01 17:25:50.247|1|1|7cd62af8-6d1b-4c27-bc88-d78a46c63070|article-border-crossing-near-coutts-alta-blocked-for-third-day-by-truck-convoy.json|globemail
And where do you suppose the 7 $ million gofundme money will go? This is American style grifting. It works well south of us. |johnange|2022-02-01 20:23:27.778|0|1|d2e41ebd-288c-4932-8213-266dae066c11|article-border-crossing-near-coutts-alta-blocked-for-third-day-by-truck-convoy.json|globemail
Years from now their grandchildren and grandchildren will be embarrassed to be their descendants. |WebbSean|2022-02-01 05:16:01.205|0|1|96a641dc-d96d-48ac-8d1e-3c1cb7a81087|article-border-crossing-near-coutts-alta-blocked-for-third-day-by-truck-convoy.json|globemail
".  Precious........absolutely precious.  Last wee on live TV, Jason Kenney was (once again) screaming from the rooftops in support of the ""truckers"" taking on Ottawa/Trudeau,spewing his usual nonsense/lies, yet, we now have Alberta truckers making Jason eat his words by for all intents and purposes closing down the Alberta - US border.   Oh, the irony, the ""beauty"" of the outright Kenney lie exposed, the satisfaction in seeing the far-right Reformers sinking into quicksand, administering another self-inflicted wound/screw-up.  Have fun boys and girls, and the one thing I/we can guarantee you, these ""truckers"" will supply the rest of us/Canadians with plenty of laughs watching the Reformers twisting in the wind, tripping over their own lies.  Enjoy........  . "|Ivan Dobren|2022-02-01 10:44:09.961|0|1|dcfbacde-9536-47c7-b347-8f89babbda18|article-border-crossing-near-coutts-alta-blocked-for-third-day-by-truck-convoy.json|globemail
Tag and tow.  |dougiedorite|2022-02-01 18:02:18.550|0|1|de3e25a6-7fc2-4791-812a-48a1ae955cb8|article-border-crossing-near-coutts-alta-blocked-for-third-day-by-truck-convoy.json|globemail
Try blocking clear-cutting in BC. RCMP aren't cautious when it comes to grannies in the woods. |JE Hoover|2022-02-01 17:25:32.266|1|1|1d292e10-da32-4697-a6d4-49077ee826c9|article-border-crossing-near-coutts-alta-blocked-for-third-day-by-truck-convoy.json|globemail
But they have white privilege !  Just like the truckers in Ottawa.  |The Last Honest Conservative|2022-02-01 02:32:52.298|1|1|784b9378-4511-493c-b0e6-6d4bd535b6cc|article-border-crossing-near-coutts-alta-blocked-for-third-day-by-truck-convoy.json|globemail
"Blocking a highway as a tactic brings this:  Criminal Code of Canada, ""section 423(1):Every one is guilty of an indictable offence and liable to imprisonment for a term of not more than five years or is guilty of an offence punishable on summary conviction who, wrongfully and without lawful authority, for the purpose of compelling another person to abstain from doing anything that he or she has a lawful right to do, or to do anything that he or she has a lawful right to abstain from doing, [. . . ]  ""(g) blocks or obstructs a highway."""|Alceste|2022-02-01 15:30:14.579|0|1|32dbb745-2f3d-4d7a-8f55-32317f080d60|article-border-crossing-near-coutts-alta-blocked-for-third-day-by-truck-convoy.json|globemail
OH no! OH no; There's no pop, chips, cookies, or Count Chocula.  Advice: eat more fruit and veg..|GregaryPeckary|2022-02-01 11:32:14.978|0|1|05e53bc9-808a-44fa-b67d-6b3e07e66c37|article-border-crossing-near-coutts-alta-blocked-for-third-day-by-truck-convoy.json|globemail
I expect the insurance companies covering any perishable goods will be talking to their lawyers about civil actions against the vile separatist who organised this nonsense.|Bob.McK|2022-02-01 12:24:20.782|0|1|43c9ea41-2cf8-48f8-9469-0308e2651098|article-border-crossing-near-coutts-alta-blocked-for-third-day-by-truck-convoy.json|globemail
Cries of “freedom” and “my body my choice” permeates among the protestors at the border. Well, why don’t they put their their demand for  so-called “freedom’ to the test by ignoring the US requirements for truckers and just drive across the border? Why be constrained by established  rules and regulations or, for that matter, social norms that you don’t agree with? What, chicken? On behalf of the vast majority of Canadians, I dare you. |zukowep2|2022-02-01 13:27:42.897|0|1|8f976ebd-08d8-4275-91ef-4fc790e9a50b|article-border-crossing-near-coutts-alta-blocked-for-third-day-by-truck-convoy.json|globemail
The truckers blocking the highway are only a small minority of the truck drivers in the province. The rest of them are still busy earning a living to support themselves and their families. 90% of the international truckers have been vaccinated so it is time for these protestors to either go home or park their rigs somewhere else so international trade can resume. These protestors are only hurting the Alberta and Canadian economy and in the end the public will turn on them when they find their grocery shelves empty due to their actions. Why do we let the tail wag the dog in this country. Time for action.|edwin007|2022-02-01 17:33:48.327|0|1|b6b02f42-f727-4fc9-8bdc-8a9d1db66731|article-border-crossing-near-coutts-alta-blocked-for-third-day-by-truck-convoy.json|globemail
I would not want to be the tow truck driver ! |Grant Rogers|2022-02-01 03:11:41.391|0|1|35cb2912-c810-42ec-9518-7c434cb1d267|article-border-crossing-near-coutts-alta-blocked-for-third-day-by-truck-convoy.json|globemail
There is no history of abuse and oppression in the Coutts blockade, and nor are there land and jurisdictional ambiguities.  In other words it's not an apple to apples comparison. |Black Swan|2022-02-01 16:37:03.594|1|1|f39b9221-6366-44b5-b2e0-4954f2934572|article-border-crossing-near-coutts-alta-blocked-for-third-day-by-truck-convoy.json|globemail
…….never, ever touch natives……and now, truckers.  Twenty years ago, my eight years as school administrator in First Nations schools, three times local louts damaged personal possessions worth thousands of dollars.  Three times, local RCMP just laughed, when they knew who stole my gear and told me to ‘suck it up’.  What a farce…….you expect any trucker action at the Alberta/Montana border…….ha !   |Observance|2022-02-01 16:40:24.813|1|1|cf833670-7e2c-4d4c-a931-638cadd1b2c5|article-border-crossing-near-coutts-alta-blocked-for-third-day-by-truck-convoy.json|globemail
One of the pictures shows a flatbed with hay bales spray painted with protest slogans.  Given the cattle feed crisis this is especially insensitive. What a waste. Meanwhile, many feedlots and ranchers are increasingly desperate for cattle fed and trucks to transport it.  I can't believe the folks are not in jail already, and their vehicles impounded. |Black Swan|2022-02-01 16:41:28.815|0|1|235856b7-dbf9-45b2-a3ce-cc190a2e720b|article-border-crossing-near-coutts-alta-blocked-for-third-day-by-truck-convoy.json|globemail
"So much for the steady stream of posts that the truckers are a ""better kind of protester"" than those on the left side of the political spectrum. I am not saying that one side is better than the other, just that this kind of a comparison is childish 'whataboutism'.  Good to see an end of it.  "|Rank Stranger|2022-02-01 15:18:45.562|0|1|660a754e-62dd-43f5-a9d5-3343bb22d36b|article-border-crossing-near-coutts-alta-blocked-for-third-day-by-truck-convoy.json|globemail
If this were the Ambassador Bridge in Detroit / Windsor, it would have been a military operation in conjunction with the US to clear the way on day one. But, it's not. So it won't be.|Chuck Blair|2022-02-01 17:50:49.579|0|1|195767fc-29ab-4464-9d55-ef60824a82cc|article-border-crossing-near-coutts-alta-blocked-for-third-day-by-truck-convoy.json|globemail
good luck with that |Jack Bauer|2022-02-01 11:44:41.590|1|1|e3d29873-908c-435d-85b9-72a9bc0569e0|article-border-crossing-near-coutts-alta-blocked-for-third-day-by-truck-convoy.json|globemail
"This is still Canada. I have no sympathy this ridiculous movement or for using the military to ""solve"" disputes. At any rate, it would only make matters worse.  Remember Oka and Ipperwash?"|Magnus Eiesegrim|2022-02-01 12:04:57.827|1|1|60696329-26e6-4323-b4d8-1474bbabe6d7|article-border-crossing-near-coutts-alta-blocked-for-third-day-by-truck-convoy.json|globemail
Of course we do just look at how we have handle rail blockades, you are not suggesting we handle things differently now are you? That would be racism? That would be just wrong.|Jack Bauer|2022-02-01 11:48:39.527|1|1|82d429a1-ba56-46d2-8e8e-bf9e14a4a2a0|article-border-crossing-near-coutts-alta-blocked-for-third-day-by-truck-convoy.json|globemail
Come on Alberta Police Force; arrest these people. You can use JK 's new critical infrastructure laws.|GregaryPeckary|2022-02-01 01:53:51.133|0|1|9ade7761-374f-476e-b1a2-b35e106d7a45|article-border-crossing-near-coutts-alta-blocked-for-third-day-by-truck-convoy.json|globemail
Well, it better start morphing and quick because the Freedom Convoy is stuck in Crackpot mode.  Travelling all the way to Ottawa to complain about vaccine mandates that are set in provincial capitals and local municipalities.  Writing a silly sounding petition that calls for the Prime Minister to resign.  And if that isn't enough, blocking truckers from delivering their cargoes of food and other necessities. Hurry up and start morphing already.|app_71592176|2022-02-01 06:09:37.712|1|1|ef85bf5c-1ab4-4821-a182-788db15b3da4|article-border-crossing-near-coutts-alta-blocked-for-third-day-by-truck-convoy.json|globemail
Give him a truck to join the others.|northerncrank|2022-02-01 13:17:36.818|1|1|0801eba6-5b6a-48ce-bb46-5e7737d11e16|article-border-crossing-near-coutts-alta-blocked-for-third-day-by-truck-convoy.json|globemail
Ah yes, our brave RCMP, the force who tackled a First Nations chief in a parking lot for giving them some lip.  But the renegade truckers who are openly defying Alberta's new anti-blockade law get negotiations. |rationalist|2022-02-01 01:47:35.803|0|1|8716bc82-af3c-479b-ba34-98efe2b9d4c8|article-border-crossing-near-coutts-alta-blocked-for-third-day-by-truck-convoy.json|globemail
If they cut Facebook everybody would go home.|GregaryPeckary|2022-02-01 02:57:00.890|0|1|32b7c2c3-8204-468c-acba-96ddda2fe073|article-border-crossing-near-coutts-alta-blocked-for-third-day-by-truck-convoy.json|globemail
“Our government position on this is pretty clear: Even though we respect the right of people to protest, blocking highways is illegal,”  Unless of course you hold a 1st nations blockade then settle in for a month or two, no one will touch you.|Jack Bauer|2022-02-01 02:48:38.936|0|1|11b37223-c1c8-49ff-a68d-38720ec2360c|article-border-crossing-near-coutts-alta-blocked-for-third-day-by-truck-convoy.json|globemail
Behave children ! Trudeau is already too high in the polls.  I don't want him calling another election   |The Last Honest Conservative|2022-02-01 02:37:51.351|0|1|8334b229-d288-491b-a655-ca8fafe7d7bd|article-border-crossing-near-coutts-alta-blocked-for-third-day-by-truck-convoy.json|globemail
"Jason. Jason. What about ""Freedom"". Isn't it ""tyranny"" to force these truckers out. Shouldn't they be allowed to voice their protest by blocking thousands of vehicles for days? Don't tell us you support fascism Jason!"|zuglo9|2022-02-01 02:23:15.712|0|1|89eb5927-65dd-4b27-b4b4-b90d224d8be3|article-border-crossing-near-coutts-alta-blocked-for-third-day-by-truck-convoy.json|globemail
We let the illegal FN blockage go on for months, and now this.  What has happened to the rule of law in this country?  Can any disaffected group or person hold us all hostage with impunity?  Get a bunch of cops, maybe the military, and a fleet of tow trucks out and deal with these criminals.|I calls 'em as I sees 'em|2022-02-01 02:11:02.801|0|1|2265a3fd-eed4-417a-beb2-e9927ad7a911|article-border-crossing-near-coutts-alta-blocked-for-third-day-by-truck-convoy.json|globemail
The RCMP are acting under provincial law in Alberta.|Stephen Saines|2022-02-01 22:18:02.611|1|0|243c03e6-acfc-480f-8f73-3edccc482155|article-border-crossing-near-coutts-alta-blocked-for-third-day-by-truck-convoy.json|globemail
Waaaaa … we don’t want to eat our veggies !!!! waaaaa … we don’t want to go to bed !!!!  Waaaa … we don’t want our life saving vaccinations !!!!  And immigrants, no replacements ! And … And … And …|app_72746711|2022-02-01 13:45:37.607|0|0|aa9f1437-8a66-4129-b0db-088a30158384|article-border-crossing-near-coutts-alta-blocked-for-third-day-by-truck-convoy.json|globemail
Mr Kenney - you have the law in place - enforce the law.   |Canuck_in_UK_007|2022-02-01 17:09:12.026|0|0|78c3f501-bbd0-44cc-929a-57b936c78e8f|article-border-crossing-near-coutts-alta-blocked-for-third-day-by-truck-convoy.json|globemail
It is normal for the wind to come in and melt all the snow down here.  What is not normal is how we've only had a month or so of winter conditions. Have lived here so long the warming climate is easy to notice.  Thankfully it has snowed again. If we do not get enough, there will be people blaming money printing for causing bad growing conditions again. |Canadian in Alberta|2022-02-01 17:04:22.799|0|0|53171dda-935b-4deb-a33a-b5260a24c6a0|article-border-crossing-near-coutts-alta-blocked-for-third-day-by-truck-convoy.json|globemail
Unfortunately, all of these antics just help our gaslighting, hider-in-chief PM.|kai2.0|2022-02-01 16:58:05.017|0|0|ccb8eb76-befc-454c-beca-6eba9b18ef0d|article-border-crossing-near-coutts-alta-blocked-for-third-day-by-truck-convoy.json|globemail
No amount of negotiation will do anything to remove these people because logic is not within their grasp. After all, if it was, they would have been vaccinated by now and following the same virus protections as the rest of society. There is a percentage within society who will always be against the rules, even when they are for their own good. They currently are blocking the highway…then they will be on to something else!|app_72121831|2022-02-01 13:59:20.824|0|0|cf384b07-9660-40c6-930d-ecf41a36da96|article-border-crossing-near-coutts-alta-blocked-for-third-day-by-truck-convoy.json|globemail
I bet they used washable non-toxic paint!! haha |dirtyduck|2022-02-02 21:32:32.627|1|0|4adc6394-bc78-4455-b82e-3d8465b11516|article-border-crossing-near-coutts-alta-blocked-for-third-day-by-truck-convoy.json|globemail
And the maritimes, less NL. |Ric M1|2022-02-01 04:36:03.925|1|0|440265a2-01b1-4a2e-b2e2-7fdd0090922c|article-border-crossing-near-coutts-alta-blocked-for-third-day-by-truck-convoy.json|globemail
Amen to that. |app_67413957|2022-02-01 20:24:58.145|1|0|f4ca9156-4cd6-4f82-a27d-c8f19f6f3415|article-border-crossing-near-coutts-alta-blocked-for-third-day-by-truck-convoy.json|globemail
They were there for at least three weeks...|Callahan|2022-02-01 18:25:47.005|1|0|affe0e32-4841-44c7-b161-72d68e9f7023|article-border-crossing-near-coutts-alta-blocked-for-third-day-by-truck-convoy.json|globemail
Anyone blocking the bridges should be charged. It’s that simple. |M. Grimaldi|2022-02-01 15:26:33.961|0|0|a54870a9-7ae2-45d6-950c-d597e7a195a7|article-border-crossing-near-coutts-alta-blocked-for-third-day-by-truck-convoy.json|globemail
"that was one municipality lately, and it hasn't proceeded smoothly as the mayor, who promoted it, is in trouble.  ""Surrey since Mayor Doug McCallum was criminally charged with one count of mischief stemming from claims he was hit by a car following an altercation with pro-RCMP supporters:"" "|dirtyduck|2022-02-02 22:19:34.488|1|0|4ee12474-8480-45ad-ad78-8842100d78d9|article-border-crossing-near-coutts-alta-blocked-for-third-day-by-truck-convoy.json|globemail
Yes, a double standard made visible.|Steven Forth|2022-02-01 17:32:52.493|1|0|292e0a70-1fac-4672-be56-8ec92c7a37b9|article-border-crossing-near-coutts-alta-blocked-for-third-day-by-truck-convoy.json|globemail
Why would we allow the RCMP to negotiate with anyone after 3 days?  Get on with enforcing the law. |Peter Globe2|2022-02-01 16:01:12.087|0|0|8448c229-0eba-4775-bc32-b95ee987d100|article-border-crossing-near-coutts-alta-blocked-for-third-day-by-truck-convoy.json|globemail
Besides, those empty shelves won’t just happen on their own.|app_72746711|2022-02-01 15:53:17.151|0|0|47d05406-23be-471d-9464-a82eedef68e6|article-border-crossing-near-coutts-alta-blocked-for-third-day-by-truck-convoy.json|globemail
Good enough for me. Book em Dano!  Ticket and tow, cuffs and incarceration. I know, I know, they're of that privileged skin hue and gender, and so they are allowed to break the law with impunity where other demographics would face harsh reprisals, but still they are adults who are making an irresponsible personal and social choice, and choices have consequences.   Enough with the kid gloves and velvet paws. It's time for the mounties to enforce the laws. |Black Swan|2022-02-01 16:33:55.293|1|0|95a254f9-8e91-4fcc-8952-0ba32370b042|article-border-crossing-near-coutts-alta-blocked-for-third-day-by-truck-convoy.json|globemail
NWMP more like.|Bishenden|2022-02-01 03:51:36.541|1|0|dfc144f5-179c-4ba0-9302-d1b7c944abc8|article-border-crossing-near-coutts-alta-blocked-for-third-day-by-truck-convoy.json|globemail
Do the RCMP still have a contract with the Government of BC? |Fabulous Fabs|2022-02-01 20:45:25.854|1|0|80354cbc-0943-41f5-ab94-9c81fa7474ac|article-border-crossing-near-coutts-alta-blocked-for-third-day-by-truck-convoy.json|globemail
Hey you truckers.....enough is enough....go home, get vaccinated and don't be sucked up in Trumpian right-wing behaviour.  Shame on you, all.|hs1982|2022-02-01 03:10:46.794|0|0|fc208018-1c74-4cc9-b537-c12cbd57a651|article-border-crossing-near-coutts-alta-blocked-for-third-day-by-truck-convoy.json|globemail
How long did the RCMP allow the clear cut protesters to blockade?  Please check your facts.|Callahan|2022-02-01 18:23:33.360|1|0|9bb4334a-5a49-4835-83c4-c784daeb76b5|article-border-crossing-near-coutts-alta-blocked-for-third-day-by-truck-convoy.json|globemail
Rail traffic was routed around the blockade. That can't be done in the case of Coutts, it's the only crossing truckers can use for export goods out of Alberta.|Stephen Saines|2022-02-01 22:27:03.773|1|0|33323151-f5a4-4fe2-803f-cc53f232cae9|article-border-crossing-near-coutts-alta-blocked-for-third-day-by-truck-convoy.json|globemail
"""Chad Williamson, a lawyer representing truckers blocking access to the crossing at Coutts, Alta., says they have spoken with RCMP and agreed to open a lane of the highway in each direction.""  They need to get  to heck off all the lanes.  A lawyer representing them?  They are breaking the law.  They still should be charged "|dirtyduck|2022-02-02 21:26:12.427|0|0|790d3618-df72-4c07-9e82-a60e30aa72c1|article-border-crossing-near-coutts-alta-blocked-for-third-day-by-truck-convoy.json|globemail
So many politicians are a nasty bunch of self serving, well paid opportunists. Especially in the west and Quebec. I am a southern Ontario life long independent voter. Have voted all 3 parties over my lifetime. I  have a son in red neck Alberta and a brother and sister  in laid back BC. Alberta and Quebec care only for themselves and are happy to take all the federal money they can grasp while whining away about how Canada should break up and let them be free. Shamelessly selfish cultures in those two provinces.  So reflected in their politicians.  Canada has forsaken so many  wonderful opportunities in my life time. What prosperity and social fairness could be nurtured if we only united with pride and mutual respect.  |johnange|2022-02-02 00:29:54.594|0|0|c9fc8e00-26e1-4c13-97c6-30de4db9ed19|article-border-crossing-near-coutts-alta-blocked-for-third-day-by-truck-convoy.json|globemail
glen mortz' shifting position on the blockade seems to demonstrate the erratic behaviour of mr o'toole appears to be a feature of the far-right fringe's forever-changing behaviour on pretty much anything. does he support the protesters inconveniencing others to bully them into obeying their extremism or not? does he endorse adding to the burden of all small businesses in ottawa by obstructing commerce or not?  if the whole point is about allowing people the right to make a living, how is this any different than what they claim by denying others' of theirs? of all people, truckers may feel put upon by fuel taxes and regulation - among other impositions. it doesn't mean they get to do it to innocent bystanders.  kudos to cops in alberta taking aggressive action to get rid of those petulant truckers barring other drivers from gaining access to the u.s. border. |jplondon1|2022-02-01 21:06:25.406|0|0|2a1c5a21-6237-4c42-abdf-d8256e9bdbda|article-border-crossing-near-coutts-alta-blocked-for-third-day-by-truck-convoy.json|globemail
I've got to go to bat for the vast majority of *actual* truckers. This isn't them. The vast majority of truckers want nothing to do with these losers.|Stephen Saines|2022-02-01 22:11:48.593|1|0|923b75cd-57d7-4975-87d0-17e27e00fcdc|article-border-crossing-near-coutts-alta-blocked-for-third-day-by-truck-convoy.json|globemail
Yeah sure - just like the natives that blockaded the rail ines for weeks, without being touched by anyone.|kai2.0|2022-02-01 16:55:43.660|1|0|87335d64-7c30-46c0-8b4d-fcb80d51ce54|article-border-crossing-near-coutts-alta-blocked-for-third-day-by-truck-convoy.json|globemail
"One  imagines all those freedom fighters will submit their ""expense"" receipts for reimbursement. No chance of padding and faking can also be imagined. "|PIFCO3|2022-02-01 20:50:33.042|1|0|7e0a5181-70cd-488b-b7da-624265471011|article-border-crossing-near-coutts-alta-blocked-for-third-day-by-truck-convoy.json|globemail
Start by suspending any commercial licenses. |Jon Q Public|2022-02-01 03:23:58.727|1|0|dd76e37e-8a45-4717-aebb-3130836845a6|article-border-crossing-near-coutts-alta-blocked-for-third-day-by-truck-convoy.json|globemail
Why have these yahoo's not been arrested and towed?  The right wing rabble|LastHonestPersonOnTheRight|2022-02-01 19:00:56.608|0|0|7aa1682f-cfd5-4e6b-94ac-5759036be8d3|article-border-crossing-near-coutts-alta-blocked-for-third-day-by-truck-convoy.json|globemail
"Is there no other way forward, ""other than protesting"" and causing closures?    Greens protest, shut down Oil sands. Indigenous protest, block Pipelines, Railways and Forestry. Woke protest, tear down Historical Statues. Trucker Anti-Vaccine protest, block Border crossings. Black lives matter protest, block city streets. Anti-War protest, block city streets. Energy cost protest in France, Spain and Greece.  That said, some protests do have their place.  Is poor government the cause?  Left vs. Right?  What happened to the Moderates?  Can governments even please everyone?   Europe Fears That Rising Cost of Climate Action Is Stirring Anger - The New York Times  Seems an expensive mess.   Right now, my money is on Russia, China and special interests stirring the social media pot. "|gordon2J7|2022-02-01 18:31:01.104|0|0|7451362d-aa1b-4f45-b6d9-76c7bd962bc7|article-border-crossing-near-coutts-alta-blocked-for-third-day-by-truck-convoy.json|globemail
Impound all vehicles in the blockade for a month.   Then charge them for towing and storage if they want the vehicle back.  Sometimes, when dealing with children you have to take the toys away and give them a time out.|Rod Sheridan|2022-02-01 18:27:07.346|0|0|c71967c1-918f-4559-b701-2cdec78a0aa5|article-border-crossing-near-coutts-alta-blocked-for-third-day-by-truck-convoy.json|globemail
Time to round up every big-rig tow truck in southern Alberta, and start hauling these rigs to some sort of lock up.  Not safe for the tow truck drivers?  Then just bring in the army to protect them.  It's perfectly legit for the army to be used to quell civil unrest.  |app_68916973|2022-02-01 18:02:46.433|0|0|fe2b6f85-a121-47ab-8dcd-aa6d0e83a46a|article-border-crossing-near-coutts-alta-blocked-for-third-day-by-truck-convoy.json|globemail
An army D8 would be more efficient.  Just push them in the ditch and let them explain the bills to their bankers|The Last Honest Conservative|2022-02-02 01:48:38.562|1|0|e3f2b635-5c41-4086-bbef-b70c6862c286|article-border-crossing-near-coutts-alta-blocked-for-third-day-by-truck-convoy.json|globemail
Tow the trucks and fine the drivers. Or keep giving in to anarchy and self interest and look what happens. This is a disgrace. |johnange|2022-02-01 18:02:04.195|0|0|f98e0ab2-cb71-4a03-b292-ea1e5729a80d|article-border-crossing-near-coutts-alta-blocked-for-third-day-by-truck-convoy.json|globemail
Note to Premier Kenney: Time to punt MLA Hunter from caucus.|app_68916973|2022-02-01 17:57:34.599|0|0|3be6976d-4e84-401f-9ec9-fc8d5dd56d00|article-border-crossing-near-coutts-alta-blocked-for-third-day-by-truck-convoy.json|globemail
"Be they the group in Ottawa, the group at this border crossing or the group headed for Quebec City, the majority of these misguided, mislabeled, ""freedom fighters"" are brokers. hat means they are independents who have contract commitments or depend on return load trips at every destination. I hope the companies they have agreements with to transport their goods sue the brokers, even though most are incorporated but owner operator, for breach of contract which they are entitled to do.  Having spent 37 of my 49 yrs in the workforce in the transportation industry, I can tell you their flare for civil disobedience will dissipate quickly once they are served notice they are being sued. A majority of brokers, despite the myth in recent years regarding their earnings, live hand to mouth because it is expensive to buy and maintain a truck especially the times you're running no load or have no waiting time clause in your agreement which most companies won't give you. I'm keeping my fingers crossed that big business shows its muscle in this case. "|Wordpower|2022-02-01 17:53:59.689|0|0|418e3fd8-b73d-432d-be92-853e75d4b0bb|article-border-crossing-near-coutts-alta-blocked-for-third-day-by-truck-convoy.json|globemail
Absolutely |Pause Button|2022-02-02 04:46:34.035|1|0|c1bdaa31-ace0-4dd1-9b8e-807974164d76|article-border-crossing-near-coutts-alta-blocked-for-third-day-by-truck-convoy.json|globemail
You mean like all the other renegade blockading protesters who have got negotiations in the past? |BRUCEHUNTER3|2022-02-01 02:57:08.377|1|0|91cdd5d7-38b9-401c-9662-f023dce96516|article-border-crossing-near-coutts-alta-blocked-for-third-day-by-truck-convoy.json|globemail
Well, this is consistent. They block the hospitals for people who have non-preventable health issues, they block the roads for people who need them.  Totally not selfish, correct?|3sidedcoin|2022-02-01 17:46:48.560|0|0|42e49acf-4cfb-40d7-8182-0f9561cc0139|article-border-crossing-near-coutts-alta-blocked-for-third-day-by-truck-convoy.json|globemail
At Coutts, all identifiable vehicles involved were 'locals' (Not Coutts, which is extremely upset at this, but surrounding regions, half of them are farm vehicles).  The real truckers are all very upset and hurting financially from this.|Stephen Saines|2022-02-01 22:16:04.650|1|0|1aa24895-7626-479f-a27c-54e8ffb55776|article-border-crossing-near-coutts-alta-blocked-for-third-day-by-truck-convoy.json|globemail
Keep it up protesters, don't back down even if the police move in and cart you off.  By the end of it, you will have alienated just about everyone.|J steele5|2022-02-01 01:50:27.410|0|0|d57ad890-1b2a-4361-acc8-d008dd04f7a0|article-border-crossing-near-coutts-alta-blocked-for-third-day-by-truck-convoy.json|globemail
Pretty clear that this is organized by political hacks that have no interest in helping real truckers get their jobs done and make a living.|Steven Forth|2022-02-01 17:32:34.964|0|0|3679f607-8202-4522-adf1-7f6f845062c3|article-border-crossing-near-coutts-alta-blocked-for-third-day-by-truck-convoy.json|globemail
Once again these clowns refuse to acknowledge public health and instead whine on about their rights and freedoms. How about showing some responsibility. Clearly they don't know what that word even means. This is has never been about rights and freedoms. It has always been about public health. These selfish people could care less about other people. As are the ones in Ottawa. Arrest them. |dchap|2022-02-01 17:31:28.763|0|0|874c3c9f-96be-4b5a-be09-da4549d6896b|article-border-crossing-near-coutts-alta-blocked-for-third-day-by-truck-convoy.json|globemail
I’ll call BS on that observation because motivation is irrelevant.|IanT49|2022-02-01 17:28:10.595|1|0|dd5685ec-695e-41dd-8f95-778358828b44|article-border-crossing-near-coutts-alta-blocked-for-third-day-by-truck-convoy.json|globemail
Right there Chuck, and the people's livelihoods affected by rail blockades were entirely unimportant I suppose.|IanT49|2022-02-01 21:24:44.685|1|0|14b37014-03cf-4bf1-9038-81599a93fa4d|article-border-crossing-near-coutts-alta-blocked-for-third-day-by-truck-convoy.json|globemail
The law wasn't even written back then. Now that the law is passed, Kenney is scared to use it on his base. |The Last Honest Conservative|2022-02-02 02:52:07.455|1|0|c358e709-bdc3-4cb0-a725-6624dfcaeb7a|article-border-crossing-near-coutts-alta-blocked-for-third-day-by-truck-convoy.json|globemail
they probably are already embarrassed!|Peter Globe2|2022-02-01 16:03:59.714|1|0|fcc52b3c-b52d-4d58-8b3a-78477c122eca|article-border-crossing-near-coutts-alta-blocked-for-third-day-by-truck-convoy.json|globemail
Just wonder what would Trudeau senior do ?  Take  a bit of time and call the army to clean the mess?    |prague|2022-02-01 04:47:27.295|0|0|6f212e15-247a-450f-be9c-0ecb8475fbf6|article-border-crossing-near-coutts-alta-blocked-for-third-day-by-truck-convoy.json|globemail
Arrest them as you would any other citizen.|app_67780008|2022-02-01 04:46:20.042|0|0|6c6c799a-a4c9-486c-a7af-3ade5d21569a|article-border-crossing-near-coutts-alta-blocked-for-third-day-by-truck-convoy.json|globemail
What's up with this country? Riot police and tear gas please. Followed by tow trucks and a massive impound lot. |Ric M1|2022-02-01 04:32:58.227|0|0|dbd4d88d-baa8-4821-be4b-4c290f30b730|article-border-crossing-near-coutts-alta-blocked-for-third-day-by-truck-convoy.json|globemail
When white conservatives are involved |The Last Honest Conservative|2022-02-02 02:53:30.850|1|0|144b96e5-fd7e-40ec-97a6-c2707c29a7e2|article-border-crossing-near-coutts-alta-blocked-for-third-day-by-truck-convoy.json|globemail
When white conservatives are involved |The Last Honest Conservative|2022-02-02 02:53:20.658|1|0|81bc1ea8-40df-438c-af56-895f8b80c991|article-border-crossing-near-coutts-alta-blocked-for-third-day-by-truck-convoy.json|globemail
The vaccine mandate at the border was federal. But agree with the last two sentences.|northerncrank|2022-02-01 13:16:43.574|1|0|61e9191e-23af-45a2-8786-ea5e50708881|article-border-crossing-near-coutts-alta-blocked-for-third-day-by-truck-convoy.json|globemail
there are tens of thousands of people world wide constantly shifting the goalposts on transportation.  Edmonton just ordered more all electric buses with over a 300 kilometer range.  Fuel costs down to 1/4 vs diesel, and savings of 50% on repair and maintenance.. |dirtyduck|2022-02-02 22:30:00.554|1|0|4a53a8dd-6393-4f01-b34c-f9ad31bfa437|article-border-crossing-near-coutts-alta-blocked-for-third-day-by-truck-convoy.json|globemail
What it’s doing is preventing the ReformaCons from ever becoming the federal government again, and providing lots of humour for sensible Canadians |Rod Sheridan|2022-02-01 18:32:16.319|1|0|f2c48abb-e509-4dff-a3a7-0fe69d9a0bbe|article-border-crossing-near-coutts-alta-blocked-for-third-day-by-truck-convoy.json|globemail
You don't seem to grasp the huge differences between legitimate centuries-old greivances that the government has ensured get clogged in the courts for decades and a few whinging truckers pitching a fit.|Magnus Eiesegrim|2022-02-01 12:01:27.999|1|0|e3ae3e6d-f9c2-47bd-8948-2ff28f777766|article-border-crossing-near-coutts-alta-blocked-for-third-day-by-truck-convoy.json|globemail
"Since every trucker and every Canadian born in Canada is ""native"", I guess it applies. "|PIFCO3|2022-02-01 18:00:20.068|1|0|b197a842-f8c1-476b-b047-4058f2df066f|article-border-crossing-near-coutts-alta-blocked-for-third-day-by-truck-convoy.json|globemail
That has been proved time and again. You are correct.|app_67780008|2022-02-01 04:46:49.502|1|0|61cbbaef-b3e5-46fe-8811-a1fc707a7fa4|article-border-crossing-near-coutts-alta-blocked-for-third-day-by-truck-convoy.json|globemail
The protest was blocking a roadway and completely closed access to an industrial site. Not at all legally. |Ric M1|2022-02-01 22:36:50.531|1|0|1a6455d7-b09a-4926-831e-1766c9cceba2|article-border-crossing-near-coutts-alta-blocked-for-third-day-by-truck-convoy.json|globemail
So Mr. Kenney’s gov’t passed a bill called the Critical Infrastructure Defence Act that came into force in 2020, outlawing blockades of critical infrastructure - including highways. So why isn’t they blockade  being dismantled ? I imagine if this was a pipeline it would be done already.|northerncrank|2022-02-01 02:52:40.633|0|0|e93feb82-ba23-43d1-ac06-59e8dbd239c3|article-border-crossing-near-coutts-alta-blocked-for-third-day-by-truck-convoy.json|globemail
We’re there BLM Antifa riots in Canada? |northerncrank|2022-02-01 13:14:52.437|1|0|4606120c-59c9-40dd-9f51-26bf5a62547c|article-border-crossing-near-coutts-alta-blocked-for-third-day-by-truck-convoy.json|globemail
"Get the butter out because Kenney is toast.  He has gone from failure to failure without lose of enthusiasm, investing billions in underwriting a pipeline cancelled a few days later.  Investing pension funds in oil and gas speculation,  Opened up Alberta for the ""best summer ever""; best summer for hospitalizations.  And Notely sounds very much like the voice of reason from the only mature adult in the legislature.  "|wellworn|2022-02-01 03:26:54.987|0|0|5ace1e31-d112-4b50-931e-207e553cea58|article-border-crossing-near-coutts-alta-blocked-for-third-day-by-truck-convoy.json|globemail
Ohoy there Jason. Come back from WASHINGTON !!!|GregaryPeckary|2022-02-01 03:22:39.551|0|0|2526ecd5-bec9-4800-80ca-2d772af7bb2c|article-border-crossing-near-coutts-alta-blocked-for-third-day-by-truck-convoy.json|globemail
That's the problem when these MuteDonkeys own rigs like these. It only takes 15-20 to shut down a major border crossing.  so talk nicely for a bit, and when that doesn't work (because rational discussion with irrational people doesn't work), then arrest them, haul away their trucks, and impound them at exorbitant rates. |Sahd Man|2022-02-01 03:15:58.644|0|0|cab37f0c-57f1-4c04-b7e5-c421784deb63|article-border-crossing-near-coutts-alta-blocked-for-third-day-by-truck-convoy.json|globemail
Why does the RCMP representing the law enforcement arm of the Federal Government of Canada have to “negotiate” with truckers illegally parking on public highways & making them impassable to the public that pays the taxes to build & maintain them? Tow them away, ticket them severely  & impound their vehicles just as you would if they were passenger cars.|Ali and Lewis|2022-02-01 03:15:15.896|0|0|8f72b8e3-5588-47f3-bb85-83ddf14bb1c8|article-border-crossing-near-coutts-alta-blocked-for-third-day-by-truck-convoy.json|globemail
Oh the irony...is a tow truck driver not a truck driver? |Fabulous Fabs|2022-02-01 19:25:50.497|1|0|13601074-3d09-46f8-a520-09de29d78e64|article-border-crossing-near-coutts-alta-blocked-for-third-day-by-truck-convoy.json|globemail
Why would people obey laws that are not enforced.  It's a joke played on us by the likes of Kenney and Trudeau and their ilk. Just ask our Native folks, the environmentalists, or any of the multitude of other protesters who break our laws with impunity.  Can you imagine what it must be like for those who live or work close to Parliament Hill?  The whole protest in disgusting and leads no where as the US has the same restrictions in place for crossing the border.  |barrister|2022-02-01 05:32:40.133|0|0|e07136f2-42a2-438f-be1a-e84c23759128|article-border-crossing-near-coutts-alta-blocked-for-third-day-by-truck-convoy.json|globemail
"Another anti-vaxxer throws their life away.  Previously praised, now unmentionable, on Fox ""News"",  that unmatched vendor of poison.  https://www.youtube.com/watch?v=Yf-G6TUv3ck  "|chgraham|2022-02-01 05:52:45.169|0|0|b0125cc5-c8dc-41bb-9d10-b185109c1a37|article-border-crossing-near-coutts-alta-blocked-for-third-day-by-truck-convoy.json|globemail
The overwhelming majority of Canadians are vaccinated, because they care about themselves, their families, their communities and want to get this over with.  Some people who are poop scared of a needle want individual freedoms.  My guess is the Conservative brand is going round and round the white bowl before the final drop.|wellworn|2022-02-01 03:29:58.991|1|0|bb0e868a-0425-4a82-ae5f-39c2511e69ca|article-border-crossing-near-coutts-alta-blocked-for-third-day-by-truck-convoy.json|globemail
The Jekyll and Hyde personalities of Jason Kenney.  It's tearing him up inside. |THE GLOB|2022-02-01 12:58:29.618|1|0|e1cb6398-6f54-4d3e-a142-329b723f4581|article-border-crossing-near-coutts-alta-blocked-for-third-day-by-truck-convoy.json|globemail
You forgot Caledonia. |Fabulous Fabs|2022-02-01 19:30:13.821|1|0|367c0563-8828-4124-a46f-a0db1a94ac54|article-border-crossing-near-coutts-alta-blocked-for-third-day-by-truck-convoy.json|globemail
Did you get confused at the border.  This is Canada.  |dirtyduck|2022-02-02 22:23:20.638|1|0|0363e5c5-13e3-489c-b33a-3f039ad4eede|article-border-crossing-near-coutts-alta-blocked-for-third-day-by-truck-convoy.json|globemail
Or make any serious effort to find a mass murderer in NS|Peter Globe2|2022-02-01 16:02:17.216|1|0|9f4cdb09-972a-4f8c-95cb-1b63d5a551c5|article-border-crossing-near-coutts-alta-blocked-for-third-day-by-truck-convoy.json|globemail
It is.  On top of this Alberta recently passed special statutes to deal with environmentalist interference with infrastructure that should also apply here.   |Rank Stranger|2022-02-01 15:15:21.515|1|0|b2ed7e7d-fce0-4de6-b966-4984de0c3760|article-border-crossing-near-coutts-alta-blocked-for-third-day-by-truck-convoy.json|globemail
Yup, the truckers have decades of grievances with little being done about them.|northerncrank|2022-02-01 13:18:18.934|1|0|4f6e8c00-c92c-458f-b166-e11c0d777b6e|article-border-crossing-near-coutts-alta-blocked-for-third-day-by-truck-convoy.json|globemail
Double dog dare! |bretski__gretzky|2022-02-01 15:36:12.851|1|0|402315cd-f5b1-487e-b7d4-59a17b7c96f1|article-border-crossing-near-coutts-alta-blocked-for-third-day-by-truck-convoy.json|globemail
Good Point.|GregaryPeckary|2022-02-01 09:58:12.428|1|0|eb10f529-b308-46c3-9dce-4a746f9a054b|article-border-crossing-near-coutts-alta-blocked-for-third-day-by-truck-convoy.json|globemail
This will not end well and this bunch and the wexit money behind it will blame trudeau over and over. Kenney's strategy will be to sit at the sidelines and let it happen...|Cailín|2022-02-01 13:24:44.104|0|0|b6a067d2-f241-4896-a577-f03e801a29bb|article-border-crossing-near-coutts-alta-blocked-for-third-day-by-truck-convoy.json|globemail
Hopefully the insurance companies are not liable for this egregious behavior. The companies who own the trucks should be sued by the producers whose products are spoiled by their delay. The police and RCMP need to stop posturing and use force as this is unlawful.|rbccibcbmo|2022-02-01 15:04:53.335|1|0|f4b34296-bf3b-4f7e-8ab8-acc0de0a16b9|article-border-crossing-near-coutts-alta-blocked-for-third-day-by-truck-convoy.json|globemail
Amazing how less than 100 truckers, and some right-wing politicians, can flagrantly break the law and, in due course, bring down the UCP and help destroy the CPC. |Robert 01|2022-02-01 12:16:08.079|0|0|dba299fe-6fae-4abf-a465-47ecc0c56a13|article-border-crossing-near-coutts-alta-blocked-for-third-day-by-truck-convoy.json|globemail
Ah, these Conservative politicians -- anyway which way the wind blows.|The Big Bad Wolf|2022-02-01 11:56:15.312|0|0|f8376c9b-1517-499e-b353-adf4345de7a4|article-border-crossing-near-coutts-alta-blocked-for-third-day-by-truck-convoy.json|globemail
"""The RCMP negotiated...""  Negotiated?! What a total mockery of the rule of law. Laws are not negotiable! If some mob of deplorables doesn't have to obey the law, none of us should have to respect the law. Are we going to be a nation of laws or not? I don't want Canada to decline into a failed state ruled by the strongest gangs.  We have laws against blockading roads, etc. Those laws are for the protection of society. There's a right to protest, but there is no right to obstruct. Society has rights and we pay plenty to have them protected. Let's find our long-lost backbone and enforce our laws. "|independentlypoor|2022-02-01 11:40:49.402|0|0|dcd95722-b656-456c-b2c8-0c2b8d362e05|article-border-crossing-near-coutts-alta-blocked-for-third-day-by-truck-convoy.json|globemail
Most of these products are made in Canada.|GregaryPeckary|2022-02-01 12:01:06.233|1|0|9b8d0855-ba20-4cd3-ac56-656382d3a164|article-border-crossing-near-coutts-alta-blocked-for-third-day-by-truck-convoy.json|globemail
Your reply deserves 10 respects.|GregaryPeckary|2022-02-01 13:50:00.358|1|0|a2f5839a-8714-4ee6-abef-9fadcccd0b42|article-border-crossing-near-coutts-alta-blocked-for-third-day-by-truck-convoy.json|globemail
and base they are |dirtyduck|2022-02-02 22:12:38.076|1|0|3e937c58-91eb-4044-8463-571ee328a590|article-border-crossing-near-coutts-alta-blocked-for-third-day-by-truck-convoy.json|globemail
It's not what they are blocking, it's who is blocking it. UCP's base. |rationalist|2022-02-01 15:09:15.823|1|0|23c00a1d-58bc-426b-8ebd-f93c8d446904|article-border-crossing-near-coutts-alta-blocked-for-third-day-by-truck-convoy.json|globemail
That rule only applies to Natives and Hippies. Not the good ol' boys.... |Dirty Swagger|2022-02-01 13:50:07.929|1|0|5dcefae0-e187-4de1-bdf2-1122e523addf|article-border-crossing-near-coutts-alta-blocked-for-third-day-by-truck-convoy.json|globemail
"""Nasty"" is a relative term. The FLQ was about bombings, kidnapping and murder.  Certainly you can get enough cops together. "|PIFCO3|2022-02-01 17:32:11.029|1|0|6909f0e6-c98c-4c24-a2a2-96d1b6231218|article-border-crossing-near-coutts-alta-blocked-for-third-day-by-truck-convoy.json|globemail
Prime Minister Trudea would get a significant majority if it happens soon.|wellworn|2022-02-01 03:30:55.887|1|0|8e512e0c-2f92-4a7d-87b7-1b22632454ab|article-border-crossing-near-coutts-alta-blocked-for-third-day-by-truck-convoy.json|globemail
I'm never comfortable with our parliamentary system that requires MPs and MLAs to toe the party line on every issue.  But having said that Jason Kenney has to punt Mr. Hunter from his caucus.  Hunter  is encouraging others to break the law.  He is supporting those who are in effect blackmailing the rest of civil society.  He is cheering on a mob that blocks others from  their legitimate travel.   Premier Kenney, don't wait for a caucus poll to be taken.  Forget political maneurvering.  This is all about governance - you can't have that kind of criminal (not a lawyer but I seem to remember that encouraging others to break the law is in itself a criminal offence) in your government.|app_68916973|2022-02-05 05:04:57.723|0|0|43f5a719-547c-4c9b-ad7e-8374694f0b2b|article-border-crossing-near-coutts-alta-blocked-for-third-day-by-truck-convoy.json|globemail
