﻿comment|username|datetime|isreply|num_replies|comment_ids|post_id|label
And you know that how?   More idle speculation on your part.  A major driver in that legislation was that anti vaxxers were obstructing access to medical facilities and shouting insults at medical staff.  The legislation worked, in that as soon as it came into effect, those idiots had to retreat far enough away to no longer be such an obstruction.  |Bobm|2022-02-02 23:25:05.468|1|5|4193c85c-6ed5-468f-9c13-7ff0077c9010|article-protesters-in-southern-alberta-allow-coutts-border-to-partially-reopen.json|globemail
What this means for democracy?  It is a certainty that the majority of Albertans, vaxxed or not, support the principles behind protests of the interminable Covid lockdown measures aside from just vaccine mandates, which are now being eliminated in much of the world.  However, when your hero, Prime Minister Junior, caved in to the demands of the FN's blockading railroads in 2020, it would be a stretch to say that anything even close to a majority of Canadians supported THAT action.  You're as confused about what democracy is as you are about Quebec's demands, acceded to by Trudeau, to unilaterally change the Canadian Constitution.  You lawyer you.|ALBERTA FIRST CDN FEDERALIST|2022-02-03 01:51:01.930|1|5|ba10bb65-6ce6-422a-9124-87783a694896|article-protesters-in-southern-alberta-allow-coutts-border-to-partially-reopen.json|globemail
Apparently Kenney is going to cave in and accelerate move the vaccine passport program to please a bunch of angry farmers. Last week he said it might end by the end of March, depending on the data, earlier this week he said maybe by late February now it’s “a matter of days.  Data and science and the public good thrown out the window to placate extremists… I hope to God he won’t do that in some vain attempt to save his political rear end.  If he does extremists all over Alberta will be emboldened and his reputation as a cowardly leader will be solidified, he’ll solve one short term issue and create a lot more Kenney, for once in your GD tenure as Premier, make the right decision, do not give in to these extremists. |TW.|2022-02-03 00:58:26.825|0|3|a7d1e744-4b91-4835-be94-2c951e54bf1e|article-protesters-in-southern-alberta-allow-coutts-border-to-partially-reopen.json|globemail
keep the highway open - arrest those blocking access|Canuck_in_UK_007|2022-02-02 22:06:15.948|0|3|2c65de6a-42a4-47a9-9f44-b7e5be358a1a|article-protesters-in-southern-alberta-allow-coutts-border-to-partially-reopen.json|globemail
"""Data and science and the public good thrown out the window to placate extremists...""  What data is that - the data that is being used by other countries to eliminate Covid restrictions? The science that has experts such as Dr. Fauci testifying that Covid is inextricably moving from the pandemic phase to being endemic?   Or perhaps you cling to the inflated data on Covid ""hospitalization records"" that we have been fed during this Omicron wave, believing that those inflated numbers are evidence that the pandemic is still ""raging"" across Canada.  (Yesterday's Globe carried a Canadian Press piece on the startling admission by BC's Bawling Bonnie Henry herself that over 60% of hospitalizations counted as Covid hospitalizations in fact have nothing to do with Covid - it is merely a case of patients in hospital for non-Covid reasons testing positive once admitted to hospital. now THAT is a ""smoking gun"")  These protests might be the only way that the federal and provincial governments can be shaken out of their lockdown lunacy so that Canadians can get back to normalcy.     "|ALBERTA FIRST CDN FEDERALIST|2022-02-03 01:32:25.432|1|2|b417b482-303c-414b-b014-b2a6554d7fb2|article-protesters-in-southern-alberta-allow-coutts-border-to-partially-reopen.json|globemail
Truckers or anyone blocking a highway for political purposes is violating the Criminal Code.  That's true whether the highway is provincial or somehow federal.  No injunction required; provincial police should arrest and charge them.  No orders from Kenney required; they should just do it.|Alceste|2022-02-03 01:42:39.310|1|2|f59312e6-022a-4ace-95a5-1e2d3a149f39|article-protesters-in-southern-alberta-allow-coutts-border-to-partially-reopen.json|globemail
What it means for democracy is that some people (truckers and others in this case) can get what they want by violating the Criminal Code. I think most people would agree that's bad for democracy.  And yes, since you mention it -  I am a lawyer.  I also am familiar (and have practiced) constitutional law.  I take it you are neither.|Alceste|2022-02-03 02:21:11.416|1|2|5a7919bc-2b3c-4fbf-a721-211492c83c0a|article-protesters-in-southern-alberta-allow-coutts-border-to-partially-reopen.json|globemail
Did I read correctly?  The protestors have hired lawyers...this is an illegal blockade...they should be arrested.  These idiots are impeding the delivery of food and medical supplies!|Bender111|2022-02-02 21:43:10.919|0|2|1110786b-7b81-48ee-a229-63ca9298cbdc|article-protesters-in-southern-alberta-allow-coutts-border-to-partially-reopen.json|globemail
Where's the RCMP? Where's the army?  You and your fellow Alberta hating mopes have long argued that Trudeau was powerless to order the RCMP to end the illegal and far more damaging rail blockades of 2020.  So how can Kenney end this relatively minor border blockade, especially since international borders are within federal jurisdiction?  Can he order the police or army to do something, while Trudeau cannot?  The problem with being confused, as you chronically are Ivan, is that you are constantly exposed to embarrassment associated with the hypocrisies and inconsistencies in your positions.  But, I'm sure you're used to that.   |ALBERTA FIRST CDN FEDERALIST|2022-02-03 01:37:45.339|1|2|5853fa1a-79fc-4da2-acca-69593d84e790|article-protesters-in-southern-alberta-allow-coutts-border-to-partially-reopen.json|globemail
Protesters in southern Alberta allow Coutts border to partially reopen after five days of protests over COVID-19 rules   Partially? How nice/generous of the truckers.  Anyway, where is Jason Kenny on all of this? Was it not he/the UCP that passed all kinds of Laws on road/rail/highway blockades?  Oh well,earth to Jason, where are you?  . |Ivan Dobren|2022-02-03 00:36:25.157|0|2|f7eac5a1-bf28-4ed8-aeaf-a4e6e8c885ea|article-protesters-in-southern-alberta-allow-coutts-border-to-partially-reopen.json|globemail
Your source of your claim about the majority of Albertans.  Easy to spout all source of nonsense that you are so good at without any real data!|prague|2022-02-03 02:32:18.873|1|2|cea67430-8017-4289-be21-53b901e34ecd|article-protesters-in-southern-alberta-allow-coutts-border-to-partially-reopen.json|globemail
"Bobm wrote: ""Of course anyone breaking the law should be charged""  All of the people blockading the highway in or around Coutts were violating the Criminal Code of Canada.  And yes, they should be charged."|Alceste|2022-02-03 01:38:28.512|1|2|d3b84f9a-f1fb-4035-af85-a7eda61a7ff0|article-protesters-in-southern-alberta-allow-coutts-border-to-partially-reopen.json|globemail
No. No ‘we’ don’t. |Karen Johnson|2022-02-03 03:03:08.470|1|2|d5cee47f-3227-4d50-966f-da1275e604d5|article-protesters-in-southern-alberta-allow-coutts-border-to-partially-reopen.json|globemail
I'm with Karen Johnson  - No. No 'we' don't. |DebbieTy|2022-02-03 03:43:26.846|1|1|18c1eaf9-0a29-45a1-ad10-f734f5951910|article-protesters-in-southern-alberta-allow-coutts-border-to-partially-reopen.json|globemail
Elected governments run this country and are doing a pretty good job. Who elected the the blockade protesters?|Jimbo5|2022-02-03 00:03:16.940|1|1|c5741294-e7a4-4cd3-ab43-30d2a5428911|article-protesters-in-southern-alberta-allow-coutts-border-to-partially-reopen.json|globemail
Allow? Who's running this country?|HJDS|2022-02-02 23:42:45.571|0|1|94098788-4eb9-4f94-b54d-57e204c1cfcf|article-protesters-in-southern-alberta-allow-coutts-border-to-partially-reopen.json|globemail
He held a press briefing yesterday.  Talk about hiding, where’s Trudeau after his incompetent rant?  Even the Editorial here today called him out for his latest blunder:|Bobm|2022-02-03 02:20:54.337|1|1|f8302c03-392e-435b-befd-427c0af03927|article-protesters-in-southern-alberta-allow-coutts-border-to-partially-reopen.json|globemail
Partially? Come on RCMP start arresting , bring the riot squad in seriously  The party is over |Jeff ScottWarren|2022-02-03 00:38:22.830|0|1|91d474d7-7b1b-4e90-a274-5106acf954ac|article-protesters-in-southern-alberta-allow-coutts-border-to-partially-reopen.json|globemail
The UCP has stepped in.  Heard Kenney said the restrictions exemption program might be rolled back in a few days.  The UCP caucus has majority voted in favour of it.  If they all vote the same way in the Legislature, odds are the unvaccinated will return to drinking and going out to eat.  The road occupiers will not be touched.|Canadian in Alberta|2022-02-03 00:43:42.823|1|1|ac93847d-ba74-440d-9edf-e9b0bf1896fa|article-protesters-in-southern-alberta-allow-coutts-border-to-partially-reopen.json|globemail
"~ Rebel News, February 2, 2022  ""Rural ministers of Alberta's legislative assembly appear set to agree to demands put forward by the truckers that have been blockading the Canada-U.S. border crossing.  ""As broken by Rebel News' Kian Simone, the truckers revealed that rural MLAs in the province are set to hold a meeting this afternoon to discuss agreeing to the truckers' demands.  ""The agreement hinges on the protesters allowing one lane of traffic to pass through the border.""  If true, I'm flabbergasted at what this means for democracy in Alberta."|Alceste|2022-02-03 00:04:32.108|0|1|8831c1e0-387c-49f5-ae0e-b5a6029a69f1|article-protesters-in-southern-alberta-allow-coutts-border-to-partially-reopen.json|globemail
"Its long past time for the Covid restrictions under Kenney's control to be rolled back.  Omicron is a bust, Covid hospitalization ""records"" in this wave are now proven to be a fabrication (""Most B.C. COVID-19 patients test positive after going to hospital for other reasons"" - Camille Bains, Canadian Press Feb 01 2022), time to move on.  In Alberta at least. You others can stay locked up forever for if you wish.   BTW: Border issues are Junior's bailiwick."|ALBERTA FIRST CDN FEDERALIST|2022-02-03 01:21:48.140|1|1|666b93a5-2577-4526-948b-f90287a8d148|article-protesters-in-southern-alberta-allow-coutts-border-to-partially-reopen.json|globemail
"Your ""source"" of the inflated data on Covid hospitalization records please."|prague|2022-02-03 02:28:35.608|1|1|bfa8f097-0d0b-49cd-918c-300c0b2e14ba|article-protesters-in-southern-alberta-allow-coutts-border-to-partially-reopen.json|globemail
I'm sure that new law only applies to First Nations and environmentalists blocking critical infrastructure. |Alison_D|2022-02-02 22:29:48.500|1|1|cac83ec3-8923-45fc-b6b3-89e3dfc2c655|article-protesters-in-southern-alberta-allow-coutts-border-to-partially-reopen.json|globemail
So anyone who violates a law should not have access to lawyers.  FYI by handling this the way AB is, at least there’s been some progress.  Problems never get solved by stonewalling. Of course anyone breaking the law should be charged, but thankfully all you Rambo approach advocates aren’t involved in any attempt at resolving the issue.  The situation would be far worse if you were.|Bobm|2022-02-02 23:50:37.380|1|1|158dd25b-7b14-4625-a5b9-1ad0e9efc030|article-protesters-in-southern-alberta-allow-coutts-border-to-partially-reopen.json|globemail
The UCP government is very slow to enforce its new critical infrastructure law against UCP supporters blocking a provincial highway. It was not intended for UCP wingnuts.  Bring in an old army D8 and pile them in the ditch. Let the bankers and insurance companies sort it out.|The Last Honest Conservative|2022-02-02 22:25:49.982|0|1|58843f11-8113-4d4d-98ad-bc1e0cb7e0cc|article-protesters-in-southern-alberta-allow-coutts-border-to-partially-reopen.json|globemail
Time for the protesters to go back to their day jobs.  The only thing this blockade has done is to swing public opinion against them. |J steele5|2022-02-02 22:18:29.811|0|1|f52b7845-84ee-4908-a926-4aeb14e29c5a|article-protesters-in-southern-alberta-allow-coutts-border-to-partially-reopen.json|globemail
Kenney knows he is powerless against this particular group of protesters. They have money, jobs, businesses, farms, big trucks, trailers, tractors etc. They also have the support of thousands of people like them that will happily participate and even bankroll them if it means people can get back to their lives.  Supporters of eco radicals and BLM wouldn’t understand how this is so different. |NM0047|2022-02-03 04:01:04.470|0|1|b5a8092a-ac62-404d-a876-fcf01554f631|article-protesters-in-southern-alberta-allow-coutts-border-to-partially-reopen.json|globemail
Careful there, AFCF, your cognitive dissonance is showing.|TW.|2022-02-03 02:19:55.843|1|1|ab01bf5c-3278-4672-8d2c-064deacd7636|article-protesters-in-southern-alberta-allow-coutts-border-to-partially-reopen.json|globemail
So next time this group doesn't like the direction the rest of the province is heading they again will hold all of us hostage again. |Superdave1168|2022-02-03 13:04:56.335|1|0|58a2a708-566a-4860-80d9-134143f473ed|article-protesters-in-southern-alberta-allow-coutts-border-to-partially-reopen.json|globemail
Only England and Denmark has readjusted their mandates. Far cry from most of the world. More fabrication |DougS1|2022-02-03 07:49:47.572|1|0|19ae8f07-78d8-4cb0-a4a4-c182ad4ac4ec|article-protesters-in-southern-alberta-allow-coutts-border-to-partially-reopen.json|globemail
A tractor convoy to Ottawa, originating in the North Glengarry village of Alexandria, is being organized for Saturday, Feb. 5.  According to the public Facebook group — Farmer Convoy to Ottawa 2.0 — which has 1,500 members, the group intends to “keep it peaceful, but let’s support the truckers!!”|GMO4|2022-02-03 00:05:44.168|0|0|3e5e18e9-e8b1-4ba5-8702-e65137adaf9c|article-protesters-in-southern-alberta-allow-coutts-border-to-partially-reopen.json|globemail
This blockage is over NM0047, once the traffic start flowing and they try to stop it again, the police will bring in reinforcements and start arresting the people blocking the road.|DougS1|2022-02-03 07:39:10.549|1|0|194346a3-7982-4185-94f5-435ef33c0d72|article-protesters-in-southern-alberta-allow-coutts-border-to-partially-reopen.json|globemail
"The people blacking the border are not in any way ""conservative,"" they are radicals who seem to think that might makes right.  Arrest them, tow the trucks, sue in civil court for damages. "|TandT|2022-02-03 01:35:31.055|0|0|38950f82-c350-4f7e-952f-72afd2cd7177|article-protesters-in-southern-alberta-allow-coutts-border-to-partially-reopen.json|globemail
BC lost 19 more people today to Corvid and are averaging 6-10 a day. The corvid records are not fabricated unless you are one of the ones who died from it.|DougS1|2022-02-03 07:43:05.933|1|0|3fd1b89d-a8a2-4950-82dd-00cebef429ec|article-protesters-in-southern-alberta-allow-coutts-border-to-partially-reopen.json|globemail
Both lanes in each direction are now open; though there’s a big back up, at least things are starting to move.  If that’s your idea of “caving in” you’re welcome to it.  BTW, how’s the situation in Ottawa coming along?|Bobm|2022-02-03 03:50:05.241|1|0|7fa963ae-9358-43a7-a07b-1fd5b8cc1902|article-protesters-in-southern-alberta-allow-coutts-border-to-partially-reopen.json|globemail
"""https://www.theglobeandmail.com/canada/article-most-bc-covid-19-patients-test-positive-after-going-to-hospital-for/""  Is that enough, or do we need to send a tech to your home to help you further?  Too funny."|ALBERTA FIRST CDN FEDERALIST|2022-02-03 03:56:18.155|1|0|2950bc65-6d44-4399-a5f2-3a7a05768e4f|article-protesters-in-southern-alberta-allow-coutts-border-to-partially-reopen.json|globemail
That's right Alcie, but don't lecture me, lecture your fellow Alberta hater Ivan the Confusable.  He seems to think that Kenney just has to order it, and it becomes so.  The head honchos in RCMP and the CAF, who DO control the actions of the officers of those agencies, are however appointed exclusively by the feds. So, if Junior in fact disapproved, he would just have to invent some reason to fire those bosses, as he has done many times, and appoint someone who would do his bidding  Ivan's almost as confused on this issue as you are on Trudeau's position on Quebec's demands to change the Canadian Constitution unilaterally. |ALBERTA FIRST CDN FEDERALIST|2022-02-03 02:01:04.016|1|0|e46c7bac-dde6-48c5-87f7-e392514e904e|article-protesters-in-southern-alberta-allow-coutts-border-to-partially-reopen.json|globemail
"You misspelled ""towering intellect"".  Thank you for the effort though, I do appreciate the compliment, mangled spelling or not."|ALBERTA FIRST CDN FEDERALIST|2022-02-03 03:58:10.814|1|0|3bc040d8-f6ae-42c9-b2bc-334420257363|article-protesters-in-southern-alberta-allow-coutts-border-to-partially-reopen.json|globemail
"You've said this situation is within federal jurisdiction, which it clearly is not.  It's a highway and criminal code enforcement is up to provincial authorities.  Kenney shouldn't get to order enforcement in an individual case, but that doesn't prevent him from telling his provincial police to enforce the law in blockading situations. Do you think he has not?  So you're wrong on those two issues - just as you were on Quebec's ""demands"" to change the Canadian Constitution.  As the members of every political party in the House of Commons knew, it was Quebec's own constitution, which they are empowered to do unilaterally. Because it has no legal effect."|Alceste|2022-02-03 02:18:12.933|1|0|fbdf7f31-84ab-4275-bd47-c4c64d434efb|article-protesters-in-southern-alberta-allow-coutts-border-to-partially-reopen.json|globemail
It’s not Trudeau job to clear the blockage. It’s the police commissioner job to direct the police.|DougS1|2022-02-03 07:44:34.231|1|0|db95435d-a70f-470a-b79f-4da373ac84b6|article-protesters-in-southern-alberta-allow-coutts-border-to-partially-reopen.json|globemail
And who loss his job?. O’Tool did for not being a leader|DougS1|2022-02-03 07:47:35.752|1|0|5137b176-9998-419d-977d-3c98fc712224|article-protesters-in-southern-alberta-allow-coutts-border-to-partially-reopen.json|globemail
Good for you Debbie.  The world needs quivering drones as well. For something.  |ALBERTA FIRST CDN FEDERALIST|2022-02-03 03:52:53.521|1|0|82a598f2-f38e-442c-96bc-68c58a5cd91f|article-protesters-in-southern-alberta-allow-coutts-border-to-partially-reopen.json|globemail
I, Alcie, have something far better: a towering intellect and a perfect record at exposing incompetent dilettantes.  Be they Prime Ministers, or lawyers.  No offense.  I do have lawyers in my immediate family: fortunately they have credentials AND intellect. Perhaps not possessing an intellect equal to mine, but then again, who does?|ALBERTA FIRST CDN FEDERALIST|2022-02-03 03:51:37.517|1|0|50aa569c-ce58-42de-8e38-6619a7d51e2c|article-protesters-in-southern-alberta-allow-coutts-border-to-partially-reopen.json|globemail
You are absolutely right, AF. You definitely speak for yourself, and no one else.   Your “towering intellect”, and yes, I am quoting you now, is just a steaming pile.|JAMESJOHN2650|2022-02-03 04:20:06.865|1|0|ac505fef-3ce1-4642-b82b-51403abbaa7c|article-protesters-in-southern-alberta-allow-coutts-border-to-partially-reopen.json|globemail
"I'm sure ""you"" don't Karen.  You put the word ""we"" in quotations, which implies that you are quoting from my post.  Where did I use the term ""we""  in my post ?"|ALBERTA FIRST CDN FEDERALIST|2022-02-03 03:48:02.370|1|0|56568826-b6f9-4dd2-92b2-e8e23272da5a|article-protesters-in-southern-alberta-allow-coutts-border-to-partially-reopen.json|globemail
Of course.  No argument there.  And the ones in Ottawa, too.|Bobm|2022-02-03 02:28:54.198|1|0|7db58882-2b7e-4bd9-88cd-4b0d2759b228|article-protesters-in-southern-alberta-allow-coutts-border-to-partially-reopen.json|globemail
Bobm, I also meant to add that of course they should have access to lawyers.|Alceste|2022-02-03 03:19:26.749|1|0|ff22bb8a-246d-4fbd-a220-371888ae3023|article-protesters-in-southern-alberta-allow-coutts-border-to-partially-reopen.json|globemail
A good sign that these criminals have hired lawyers. Here's hoping they have to use them in court.|app_71592176|2022-02-02 21:58:38.839|0|0|954a4cd9-7cb7-4f1c-bf1d-85eba1e51fbc|article-protesters-in-southern-alberta-allow-coutts-border-to-partially-reopen.json|globemail
That would be Truseau.  |eds2|2022-02-02 22:06:49.950|1|0|1714912a-9aa7-4a93-bb89-0686a353c628|article-protesters-in-southern-alberta-allow-coutts-border-to-partially-reopen.json|globemail
"The highway is open--""unimpeded access, both ways,"" says Williamson. ""As a sign of good faith"" in negotiations.   Two hours ago, he also reported MLAs representing rural areas (likely southern) would assist in the negotiations with RCMP and listen to what truckers had to say. No word on MLAs' part affiliation."|Rich Mole|2022-02-02 22:13:31.102|1|0|754c3bd3-a020-4a79-86f4-687a4848d5a7|article-protesters-in-southern-alberta-allow-coutts-border-to-partially-reopen.json|globemail
keep the highway open - arrest those blocking access   Keep the highway open; arrest those blocking access.  There, I fixed it for you. |TandT|2022-02-03 01:33:25.281|1|0|c159e91b-7f2e-4b5e-b77b-2698ebf6ae1a|article-protesters-in-southern-alberta-allow-coutts-border-to-partially-reopen.json|globemail
Stop saying that this is a protest about covid ... a protest last an afternoon or a day. This is an occupation that is allowed to violate all of the rules.|EDIGLOBAL|2022-02-02 22:15:07.001|0|0|537979b9-9608-48d3-9cad-8365dd960050|article-protesters-in-southern-alberta-allow-coutts-border-to-partially-reopen.json|globemail
Block all hospital entrances for them.|Proctor|2022-02-03 00:04:13.376|1|0|1a76b617-9942-4782-a4d1-0add01c09a9c|article-protesters-in-southern-alberta-allow-coutts-border-to-partially-reopen.json|globemail
Actually you're thinking of a different law.  Critical infrastructure was brought in because of pipeline protests.|Isabel Alexander|2022-02-03 01:12:06.773|1|0|40f265fd-01f2-4b56-bf3e-4bbe4636729c|article-protesters-in-southern-alberta-allow-coutts-border-to-partially-reopen.json|globemail
It’s the same law; it covers all aspects of unlawful interference in all infrastructure.  Do some research before you post. I guess you didn’t read my comment about the anti vaxxers and how the law applied to them.  Nothing to do with pipelines.  BTW it was the anti vaxxers who challenged the act by violating it.  They were arrested, charged, convicted and paid a significant fine.  No one has challenged the legislation since.  That’s what happens when adults make the rules clear and then follow through on them, rather than making vitriolic rants.|Bobm|2022-02-03 02:27:14.559|1|0|7a3dbba6-4b1c-46a1-9f1d-3cb2b6cc8a70|article-protesters-in-southern-alberta-allow-coutts-border-to-partially-reopen.json|globemail
Actually there is no legislation protecting hospitals.  The critical infrastructure act (circa 2020 predating vaccines) included only pipelines, highways etc, the government said in late 2021 they would modify the regulation (not the act) to add hospitals but it’s not clear that has happened.|arctic parrot|2022-02-03 02:56:05.720|1|0|c903817a-f739-4aec-be03-4ef5688df813|article-protesters-in-southern-alberta-allow-coutts-border-to-partially-reopen.json|globemail
When? Details please|anne wilson|2022-02-03 07:32:08.375|1|0|c7e79d71-70d0-4a8a-a4c7-e9593b3fd5c0|article-protesters-in-southern-alberta-allow-coutts-border-to-partially-reopen.json|globemail
When was this conviction? |anne wilson|2022-02-03 07:32:53.776|1|0|fde4ea6a-2a62-4b38-bbc6-08669d4f17f0|article-protesters-in-southern-alberta-allow-coutts-border-to-partially-reopen.json|globemail
"""Protesters in southern Alberta allow Coutts border to partially reopen""  As if they have jurisdiction there.   In the recent environmental protest to protect one of the last stands of old growth forest in BC protesters were pepper sprayed and hauled off to jail by RCMP. "|Alison_D|2022-02-02 22:28:05.003|0|0|17e737ef-6ff2-4268-8333-dafc6ef50345|article-protesters-in-southern-alberta-allow-coutts-border-to-partially-reopen.json|globemail
From all appearances these are pickups, farm grain trucks, and oil field trucks.  Doesn’t appear these are the long haul truckers who are supposedly impacted by mandates.  These are not penniless natives, or asset less college graduates protesting. These are deep pocketed individuals.  Ticket their vehicles and launch lawsuits for damages.  They can chose between their dollars or their beliefs.  Judging from the number of grain trucks in the blockade, they probably flew back from Mesa for the protest.  These aren’t the hard working truckers who deliver our goods.|arctic parrot|2022-02-02 22:37:52.228|0|0|34cdac30-6010-4da6-95ef-05a753888901|article-protesters-in-southern-alberta-allow-coutts-border-to-partially-reopen.json|globemail
This is not about freedom anymore. These people that are building the blockades are bullies. They represent the minor amount of people and are the problem.  People that have lost their wage and supplies should now have the right to sue the leaders of this movement for their losses|Superdave1168|2022-02-02 22:54:41.671|0|0|aac0a7b9-f6f3-4e88-add2-531c0ab1f9f4|article-protesters-in-southern-alberta-allow-coutts-border-to-partially-reopen.json|globemail
And another article is replaced. Too much of that happens here.|app_72746711|2022-02-02 23:10:09.876|0|0|ba5676f8-aa62-48fd-bff0-1c0ce072d53a|article-protesters-in-southern-alberta-allow-coutts-border-to-partially-reopen.json|globemail
"I am old enough to remeber when a policeman told you to move your car, you did. I am old enough to remeber when a Judge made an order and there was no talk - EVERYONE knew you had to follow it. I am old enough to remeber when police said ""this is your final warning"" everyone knew what came next and no one cried over what happened next. We need to get back to ""reading the riot act.""  A time for talk. A time for action. "|bkirk|2022-02-02 23:12:39.579|0|0|69e44218-b9dd-4bd8-80dd-6052729590b7|article-protesters-in-southern-alberta-allow-coutts-border-to-partially-reopen.json|globemail
"""Allow""?  Gee, thanks fellers...  Are the RCMP serving coffee and donuts? "|Rileyparker|2022-02-02 23:31:29.289|0|0|87e96ef7-a9a6-467e-aba1-3a2f6340491f|article-protesters-in-southern-alberta-allow-coutts-border-to-partially-reopen.json|globemail
The UCP.|Canadian in Alberta|2022-02-03 00:18:29.683|1|0|565a506e-6cab-49be-9fa6-94c3ebfec124|article-protesters-in-southern-alberta-allow-coutts-border-to-partially-reopen.json|globemail
"And the ""tail wags the dog"" once again. What the heck is going on? Minority, self-interest groups, hold the country to ransom. "|Glenhest|2022-02-02 23:45:49.068|0|0|2f934b4b-40d8-4b89-a91e-547121c07f4a|article-protesters-in-southern-alberta-allow-coutts-border-to-partially-reopen.json|globemail
"Yes, you ""heard correctly"" a team of 3 lawyers, accessed through Rebel Media and financed through Crowdfund. "|Rich Mole|2022-02-02 22:14:18.206|1|0|a328cb1e-66cf-4236-92fc-c18c4a69d710|article-protesters-in-southern-alberta-allow-coutts-border-to-partially-reopen.json|globemail
My pet rabbit.|JAMESJOHN2650|2022-02-03 04:15:45.684|1|0|108acfe7-25eb-4f68-9bed-b0c9e57f6180|article-protesters-in-southern-alberta-allow-coutts-border-to-partially-reopen.json|globemail
Your source that says I'm wrong?|ALBERTA FIRST CDN FEDERALIST|2022-02-03 03:45:51.991|1|0|f973e18d-fc98-4683-b811-e4db1a3c9f08|article-protesters-in-southern-alberta-allow-coutts-border-to-partially-reopen.json|globemail
It’s east to talk cheap behind a key board |DougS1|2022-02-03 07:50:49.321|1|0|18469a90-1138-4800-ad4f-574cb6999051|article-protesters-in-southern-alberta-allow-coutts-border-to-partially-reopen.json|globemail
Protestors ALLOW???? partial opening of the border.  What have we come to when a rabble of loud-mouthed deplorables are in control of our borders?  Sumfin wrong wid dis picture, wouldn't ya say govner?|ReginaldLafontaine|2022-02-15 14:18:38.587|0|0|a5661c20-de46-4d0a-8878-f0d00860d029|article-protesters-in-southern-alberta-allow-coutts-border-to-partially-reopen.json|globemail
