﻿comment|username|datetime|isreply|num_replies|post_id|label
    I love it how the progressives are now friends with the police.  Last year they spat at and hated the police, blaming them for the killing of a Minnesota man.   They wanted them defunded.    Now that the working class have risen up against non-sensical mandates and unnecessarily prolonged mandates the progressives are enraged.   The progressives want the police and army to brutally take down these protestors.        The simple, peaceful and Canadian way is to negotiate with the peaceful truckers and quickly repeal the vaccine mandates.   Trudeau overplayed his hand and needs to end the hatred.  Hopefully he can act like a Lester Pearson and start acting like respected Canadian leader.|matt calgary|2022-02-11 06:51:10.833|0|8|article-police-say-us-based-calls-flooded-ottawas-911-system-endangering-lives.json|globemail
Ever since the protests have started I get triggered when I see a Canadian flag and I am getting PTSD attacks.  |Sledder1205|2022-02-11 03:47:30.119|0|5|article-police-say-us-based-calls-flooded-ottawas-911-system-endangering-lives.json|globemail
The protesters are smart, well organized with wide supply chains and enough money to stay in place  comfortably for some time. Maybe the people in Ottawa should ask the trudeau liberals to leave and get some well organized planning and implementation of policies done for way less   money? |app_72153486|2022-02-11 03:50:17.932|0|3|article-police-say-us-based-calls-flooded-ottawas-911-system-endangering-lives.json|globemail
Another misinformation campaign  brought to you by CSIS and the CIA. . |PaulAngus|2022-02-11 10:20:44.424|0|3|article-police-say-us-based-calls-flooded-ottawas-911-system-endangering-lives.json|globemail
"Yet, no one was worried when Obama sent up his foreign ""election team"" to help get Justin elected or twice endorsed Justin in our elections!?  ""A gloating CBC credited the Obama Ground Team sent to Canada last year to ensure election victory for the Liberals in tonight’s outcome. Members of Obama’s election team—who revolutionized data mining for political campaigns—shared it with Trudeau, and the rest is now history."" canadafreepress.com/article/obama-campaign-team-hands-canada-over-to-the-lib-left    "|Ratiocinator|2022-02-11 15:29:59.663|1|3|article-police-say-us-based-calls-flooded-ottawas-911-system-endangering-lives.json|globemail
How does someone in the US place a call to Ottawa 9-1-1 service?  I thought the 9-1-1 system was designed so that your call automatically gets routed to the service you are closest to, determined by the home address if it's from a landline, or from the closest cell tower if it's from a mobile phone?|against the wind|2022-02-11 11:21:18.238|0|3|article-police-say-us-based-calls-flooded-ottawas-911-system-endangering-lives.json|globemail
Please help me understand the protestors and those who are supporting them. They are protesting against vaccinations that save lives. They are flooding the 911 system that saves lives.  Many people seem to view them as heroic. In reality, they are causing harm to many. I am serious - what is going on?|Leslie Ellestad|2022-02-11 03:34:19.323|0|3|article-police-say-us-based-calls-flooded-ottawas-911-system-endangering-lives.json|globemail
Government and the police should always release the evidence to support their allegations.  Our lazy press/media takes what the government and police say as fact.   |pdf1959|2022-02-11 13:35:11.873|0|3|article-police-say-us-based-calls-flooded-ottawas-911-system-endangering-lives.json|globemail
They were coming in from the United States – not exclusively, but significantly from United States-based addresses,” he said. “These are tactics that we’ve seen deployed in other locations across North America and they’re being employed here.  There is something sick and twisted about a coordinated plan to attack the 911 system.   For a group to sink to that level of depravity says something about their moral standards.|Masked Avenger1|2022-02-11 04:12:03.176|0|3|article-police-say-us-based-calls-flooded-ottawas-911-system-endangering-lives.json|globemail
So how does one call 911 from outside the area, unless you are dialing police, fire etc directly with a local exchange?|Lamont Cranston|2022-02-11 05:04:53.732|0|2|article-police-say-us-based-calls-flooded-ottawas-911-system-endangering-lives.json|globemail
You’re concerned with “moral standards”?  Yet defend Trudeau consistently in these comment pages?  I guess moral standards are only important some of the time?|Puma2|2022-02-11 13:08:20.254|1|2|article-police-say-us-based-calls-flooded-ottawas-911-system-endangering-lives.json|globemail
I see a lot of photos of these guys waving the Canadian flag and posters quoting lines from the national anthem. Their vision of Canada where a minority imposes its will on the majority is not the Canada I want to be a part of.   |SCLEB|2022-02-11 12:39:31.003|0|2|article-police-say-us-based-calls-flooded-ottawas-911-system-endangering-lives.json|globemail
It is simple.  They don't feel that they should be treated as second-class citizens just because they have decided that they do not want to be vaccinated.  They think that they should have the same rights and privileges as vaccinated Canadians. |Tom Kitten|2022-02-11 04:18:15.602|1|2|article-police-say-us-based-calls-flooded-ottawas-911-system-endangering-lives.json|globemail
Is anyone else wondering if the police are not acting to clean this mess up because they would have to confront their own blue wall? I sure am. They let the trucks come pouring into downtown Ottawa even when they had days to understand what was happening. Now for two weeks they've just been wandering around downtown, apparently aimlessly. What gives?|CGBe|2022-02-11 03:50:27.170|0|2|article-police-say-us-based-calls-flooded-ottawas-911-system-endangering-lives.json|globemail
"One commenter below repeated a statement often made in these stories, and I haven't seen it addressed properly. The statement was:  ""[Those in the convoy] are simply following precedents established by Natives blocking railways, environmentalists blocking logging roads"".  This is a profoundly flawed comparison.  There were very few treaties signed with the First Nations in BC, unlike the Prairies and points East. These are FIRST NATIONS defending un-ceded territory. Their protests were held near their communities on their land by their people (and yes, some sympathizers and also some opportunists) to defend their resources and their way of life, after *decades* (i.e. 150+ years) of being unheard. The Fairy Creek protests last year are now the most protested cause in Canadian history with over 1,000 arrests made, even with negligible economic loss to society.  This ""convoy"" is engaged in forced occupation. The organizers have no claim to the public streets of Ottawa let alone the major trade routes with the USA.   Please, disabuse yourself of the notion that the First Nations blockades in BC are even remotely similar to the occupations we see underway in Ottawa, Windsor, or Coutts."|TM_VICTORIA|2022-02-11 09:54:53.477|0|2|article-police-say-us-based-calls-flooded-ottawas-911-system-endangering-lives.json|globemail
As somebody who lived in a dictatorship with state press, I recognize some worrying signs in the reporting of the truck protests. It follows a pattern perfected by the likes of Castro, Xi and other JT idols. With all the government money flowing into the media, the ridiculousness of some articles is really worrying. Trying to blame the Ambassador Bridge closing for food inflation is one good example. The air quality of Ottawa the other. The only reason why I have some sympathy for the truckers is the way media treats them. I feel that we are shifting to a dictatorship. Yes we have elections in a system designed to favour Laurentian elites, but between elections we have little say. |Herakles1|2022-02-11 17:24:00.012|0|2|article-police-say-us-based-calls-flooded-ottawas-911-system-endangering-lives.json|globemail
I wonder if these freedom fighters are starting to realize just who they've crawled into bed with. |Steve2210|2022-02-11 05:11:09.318|0|2|article-police-say-us-based-calls-flooded-ottawas-911-system-endangering-lives.json|globemail
"These protests are not setting a precedent.  They are simply following precedents established by Natives blocking railways, environments blocking logging roads, other protesters blocking roads, etc.  When ""we"" (the various governments) let the previous protests get away with blockades and obstruction, then the current set of protesters feel that they can do the same thing.  If you are going to crack down on the obstruction that is being caused by this current set of protests, then you should be doing the same with all the other kinds of obstruction that is done by other types of protests. "|Tom Kitten|2022-02-11 04:25:33.174|1|2|article-police-say-us-based-calls-flooded-ottawas-911-system-endangering-lives.json|globemail
Wonder Why US Whacko's are trying to take down Canada and the Canadian PEOPLE and Canadian Economy.|pathdoc|2022-02-11 09:45:42.862|0|2|article-police-say-us-based-calls-flooded-ottawas-911-system-endangering-lives.json|globemail
"Mr. Marazzo, the protest spokesperson, said ""....demonstrators have no interest in meddling with the mechanisms of government.""  H'mm.   That's sort of like  someone telling Chamberlain that Germany had no further interest in territorial  expansion after the seizure of the Sudetenland.  Neville Chamberlain wasn't a stupid man. But he was a man who deplored war and he didn't want it.  Hitler too deplored war but only if you lost.   And he wasn't planning on losing.    Nor is Mr. Marazzo and his motley crew.  We lack the political will deal effectively  with these people for the good and suffcient reason we do not see them as a threat -- merely a bunch of people who think our notion of democracy is fundamentally flawed and want to take over and make it all better.  And our Achilles heel  is we know they are right. Democracy in Canada is fundamentally flawed. But as Mr Churchill once noted our fundamentally flawed democracy is way better than anything anyone else  has come up with so far.  If it wasn't, these protests wouldn't be allowed."|C Wilson|2022-02-11 03:02:25.236|0|1|article-police-say-us-based-calls-flooded-ottawas-911-system-endangering-lives.json|globemail
There are reports that some Trump advisor also showed up in Ottawa at the protest. Outrageous, this is not a pipeline protest! We can not allow foreigners to take part..|Herakles1|2022-02-11 14:09:27.618|0|1|article-police-say-us-based-calls-flooded-ottawas-911-system-endangering-lives.json|globemail
The truckers are a disgusting disgrace to Canadians and misguided traitors to our country. They truly are the enemy of the people who chose to be fait, unselfish and caring. Time to clear this belligerence out of the way and allow people to return to the freedom of the majority,|John England 1|2022-02-11 04:24:12.566|0|1|article-police-say-us-based-calls-flooded-ottawas-911-system-endangering-lives.json|globemail
"The protesters chanted ""we love you""; so did certain Ottawa Police Services officers (we were witness to it). That was intended to be a sound-bite making them look like peaceful protesters, like this is a love-in.  It is in fact far from it, as evidenced by the fact that they are taking steps to endanger the lives of people in Ottawa by clogging our emergency system.  Disgusting display by QANON-organized lawless anarchists.  If OPS members were doing their job, they would have done so by now. There needs to be an enquiry after this is over to see who in fact these rogue officers are and they must be expelled from the force - for the safety and security of us all. Start by checking their real vaccine status..."|Helen of Troy|2022-02-11 13:44:32.075|0|1|article-police-say-us-based-calls-flooded-ottawas-911-system-endangering-lives.json|globemail
This is and was never a protest against vaccines and their mandates. It's about a number of very far right groups wanting to replace this government and funded by other far right groups around the world.   https://mrsbrittanybested.com/2022/02/03/rotten-to-the-core/?fbclid=IwAR0CGLJb_LXAfvaJ-hrSht6_73v-qdqqS72Z8fG2IVcLg8hGSBBDBxWV0K8  |FinVE|2022-02-11 13:34:13.223|0|1|article-police-say-us-based-calls-flooded-ottawas-911-system-endangering-lives.json|globemail
When the G20 was hosted in Toronto the police had devised multiple strategies to handle the protests.  Kettling, where protestors were methodically circled and then held for hours without the ability to move seems like an appropriate action now. Kettle the protesters and their supporters.  Dismantle the saunas, toilets and support infrastructure.   Put them in jail if they resist.   |jaybe|2022-02-11 12:24:39.756|0|1|article-police-say-us-based-calls-flooded-ottawas-911-system-endangering-lives.json|globemail
"A couple of months ago I could understand having some level of frustration over how long that pandemic has been going on, how much it has impacted our lives and how impossible it seems to ""go back to normal."" But this is 'freedumb' not 'freedom'. By putting a stranglehold on Ottawa's streets these dumdums endanger lives, choke off supply chains and make me ashamed of my country. This is an occupation and it's not a peaceful one. "|danni_marie|2022-02-11 15:19:01.514|0|1|article-police-say-us-based-calls-flooded-ottawas-911-system-endangering-lives.json|globemail
The ones pulling the strings James Bauder Martin Brodmann Pat King Tamara Lich B.J (Benjamin) Dichter  These are the people intent on overthrowing the government.  Close ties with US extremists, Wexit supporters and Qanon types. |dirtyduck|2022-02-11 07:50:01.708|0|1|article-police-say-us-based-calls-flooded-ottawas-911-system-endangering-lives.json|globemail
"“It has significant levels of fundraising, co-ordination and communication""  Why so surprised? The protest is organized by people who work for a living and who have a very diverse set of skills, from transportation, mechanics, and health care to law enforcement and government policy. They aren't the professional layabouts who blockaded off the autonomous zone in Seattle, Washington in 2020 and planted a garden to feed the poor with an inch of topsoil and some potted plants. All of which died because the citizens of ""Chaz"" were too stoned and lazy to water them. And in that ""peaceful protest"" there were two gun murders and four serious injuries.  You p-off the working class at your peril.  "|Genghis McCann|2022-02-14 15:13:09.197|0|1|article-police-say-us-based-calls-flooded-ottawas-911-system-endangering-lives.json|globemail
Tell me all you convoy supporters.  Still think they are heroes?|ABCforever|2022-02-11 05:32:19.155|0|1|article-police-say-us-based-calls-flooded-ottawas-911-system-endangering-lives.json|globemail
So I guess anyone can just shut down borders and disrupt economy and hold citizens hostage moving forward if they disagree with a policy or law - yeah that is not democracy. Sets a crazy precedent for how future protesters want to get attention. The lack of anything being done by the government to actually stop this is mind blowing and beyond embarrassing. While I personally was never a fan of Pierre Trudeau there is not a chance this would have ever happened on his watch. Pathetic performance by our government on all fronts. |app_67785668|2022-02-11 03:25:51.876|1|1|article-police-say-us-based-calls-flooded-ottawas-911-system-endangering-lives.json|globemail
What is wrong with these impotent Canadian authorities?  What are they allowing these protesting cretins to run rings around them? If they know this much about the organization they know enough to shut it down.  The Ottawa police shut down a child's lemonade stand, for crying out loud!  Don't tell me that was a greater threat.|ozpcr|2022-02-11 09:01:09.960|0|1|article-police-say-us-based-calls-flooded-ottawas-911-system-endangering-lives.json|globemail
Russians?  The same ones who almost succeeded in destabilizing the US and Britain over the past 4 years?|mike1211|2022-02-11 03:15:18.875|0|1|article-police-say-us-based-calls-flooded-ottawas-911-system-endangering-lives.json|globemail
So you can call Ottawa 911 from the US?  Really?  Any other whoppers?|Burton30|2022-02-12 16:00:18.954|0|1|article-police-say-us-based-calls-flooded-ottawas-911-system-endangering-lives.json|globemail
"Someone wrote, "" The simple, peaceful and Canadian way is to negotiate with the peaceful truckers and quickly repeal the vaccine mandates.""  If one successfully negotiates an agreement, then the next step is to begin applying the negotiated settlement. When one says negotiate with someone and then repeal the mandates, then there is every suggestion that, no matter what the negotiated agreement is, the next step is to do what the other party demands. That's extortion which, though it may be simple, is anything but peaceful. It's criminal.   "|SenseOfPlace|2022-02-11 19:18:17.208|0|1|article-police-say-us-based-calls-flooded-ottawas-911-system-endangering-lives.json|globemail
Does a anyone really feel that this was ever about mandates, about needing to provide proof of vaccination to enter a coffee shop, funeral, airplane, or sovereign country?  The mandates are the hook, that seems likely. What is really going on, though, is far more sinister, dangerous, and violent. That does not mean everyone involved is involved at such levels. Some people actively blockading our critical infrastructures are probably victims as much as anyone, though they are also participants who are answerable.  It seems likely to me that there is a part of this that is more closely connected to January 6 2021 than to any vaccine.|SenseOfPlace|2022-02-11 19:27:17.292|0|1|article-police-say-us-based-calls-flooded-ottawas-911-system-endangering-lives.json|globemail
Trudeau needs to double down on the insults until the truckers agree and go home  |Sledder1205|2022-02-11 03:39:29.779|0|1|article-police-say-us-based-calls-flooded-ottawas-911-system-endangering-lives.json|globemail
"interesting photo:   one shot captures a ""Q"" flag, a reminder of the role of religious fundamentalism in the anti-vax movement, and an absurd suggestion that Trudeau will be arrested, convicted and imprisoned --this latter echoing the Trumpists' mantra about Hillary Clinton.  who are these people?  a quick search of how the this protest is viewed Canadian Teamsters, the Canadian Trucking Alliance and Canada TFI International -- whose members are overwhelmingly vaccinated-- tells us this is not really a truckers' movement:  ""The Real Enemy for Truckers is Covid-19..."" --Canadian Teamsters  ""The vast majority of the Canadian trucking industry is vaccinated ...The Canadian Trucking Alliance (CTA) does not support and strongly disapproves of any protests on public roadways, highways, and bridges.... especially those that interfere with public safety.""  ""'Vaccination at TFI is not an issue at all... The biggest issue for us really in January is sick people in the U.S. with COVID...""  "|hangdog|2022-02-11 12:41:09.729|0|0|article-police-say-us-based-calls-flooded-ottawas-911-system-endangering-lives.json|globemail
Ottawa Police have said  that their is concerted effort of death threats towards tow truck drivers tasked   with removing vehicles. Their social media accounts have been hacked and a criminal investigation is on   going. The 911 calls are also part of this effort.    |GregaryPeckary|2022-02-11 11:16:45.912|0|0|article-police-say-us-based-calls-flooded-ottawas-911-system-endangering-lives.json|globemail
"I went to the Trenton air show in 2016.  No one got on the grounds without their bags being inspected and the metal detector wand up and down their body.  And that was a peaceful event.  Fast forward to the protest in Ottawa (and now elsewhere).  The ""authorities"" knew well in advance the group was not there for a friendly picnic yet they allowed heavy trucks etc into the city with open arms.  No inspections for firearms, explosives etc.  There is something very strange and severely lacking about the early decisions made and look at the result.  The cancer has spread across the country and threatens our trade and law abiding citizens alike.  What the heck is going on behind the curtain ?  Is the Ottawa police chief really that incompetent or was there a sympathetic blind eye turned to the risks ?  The US went after the Capitol riot perps, for the future security of our country, we should too. "|Malty2|2022-02-11 12:44:28.460|0|0|article-police-say-us-based-calls-flooded-ottawas-911-system-endangering-lives.json|globemail
"""The organizers, who declined to be identified,""  Why?  "|ramblinpaul|2022-02-11 12:41:37.442|0|0|article-police-say-us-based-calls-flooded-ottawas-911-system-endangering-lives.json|globemail
"""Patriotism"" is the last refuge of the scoundrel."|w_smith|2022-02-11 14:40:44.101|1|0|article-police-say-us-based-calls-flooded-ottawas-911-system-endangering-lives.json|globemail
 Its easy for hackers. Route info through local number.   |GregaryPeckary|2022-02-11 11:49:24.169|1|0|article-police-say-us-based-calls-flooded-ottawas-911-system-endangering-lives.json|globemail
"Police say U.S.-based calls flooded Ottawa’s 911 system, endangering lives    Ahhhh.......the far-right was always so ""classy"".   NOT  Anyway, get used to the nonsense, stupidity and flagrant lies, the gar-right n Canada with the help from the lunatic fringe in the United States has managed to dictate to our governments the what, when, where and how which embolden these specimens and will no doubt embolden them in the future.  I was very much against calling in the army from day one, but, maybe it's time.  . "|Ivan Dobren|2022-02-11 11:55:51.605|0|0|article-police-say-us-based-calls-flooded-ottawas-911-system-endangering-lives.json|globemail
"Yes, they have, as the saying goes, ""weaponized"" it.  It is absolutely disgusting, and runs counter to everything this country is supposed to stand for."|Magnus Eiesegrim|2022-02-11 13:41:22.784|1|0|article-police-say-us-based-calls-flooded-ottawas-911-system-endangering-lives.json|globemail
Spoofing is remarkably easy   Telemarketers do it all the time   You can do it at home with simple tech |Richard Wright|2022-02-11 12:06:02.707|1|0|article-police-say-us-based-calls-flooded-ottawas-911-system-endangering-lives.json|globemail
"When you disable the toilets you put the health of the city at risk. Bad enough that some ""protesters"" have been roaming through neighbourhoods defecating on front lawns when the mood struck. And there are not enough spaces in jail. These people are in it for the long haul, and some are ready to die. G20 had an end point. These guys negotiated a 3 day protest with the city, city behaved in good faith (we in Ottawa are really accustomed to regular protests), and then we got blindsided."|Histteach|2022-02-11 13:18:52.634|1|0|article-police-say-us-based-calls-flooded-ottawas-911-system-endangering-lives.json|globemail
was my question too.. too bad the author does not explain how reliable the phone number is |Herakles1|2022-02-11 14:03:38.202|1|0|article-police-say-us-based-calls-flooded-ottawas-911-system-endangering-lives.json|globemail
"search:  ""Experts warn about ending vaccine mandates too soon"" "|hangdog|2022-02-11 12:23:54.057|0|0|article-police-say-us-based-calls-flooded-ottawas-911-system-endangering-lives.json|globemail
"Just wait until some vehicle, mortgage, rent  payments are due and the money that has been raised does not flow to the ""protesters"" very quickly, or at all..."|ramblinpaul|2022-02-11 12:47:23.777|0|0|article-police-say-us-based-calls-flooded-ottawas-911-system-endangering-lives.json|globemail
The truckers offend all the moderates like you and me. I like the one about checking vaccination status. wow|Herakles1|2022-02-11 14:21:41.832|1|0|article-police-say-us-based-calls-flooded-ottawas-911-system-endangering-lives.json|globemail
all organizations have simpletons that eventually get pushed out....i'd say this mandate was a good excuse to get rid of the bottom 5-10% that would eventually get pushed for other reasons anyway....the issue here of course is that WE (the majority - the 90%) have wasted millions training these selfish, miopic canadians.|CMA4|2022-02-11 12:52:16.915|0|0|article-police-say-us-based-calls-flooded-ottawas-911-system-endangering-lives.json|globemail
Send in the army. I'm sick of these un-Canadian fools and their clown show.|LLLibéral|2022-02-11 14:34:42.125|0|0|article-police-say-us-based-calls-flooded-ottawas-911-system-endangering-lives.json|globemail
Working class people are not criminals calling 911 for a prank - especially if they rely/ied on this service working in transportation and law enforcement.|BebaB|2022-02-17 03:27:14.356|1|0|article-police-say-us-based-calls-flooded-ottawas-911-system-endangering-lives.json|globemail
If people from the US can make 911 calls to Ottawa, they are probably using the same spoofing methods that fraudsters are using to mask their numbers.   Perhaps it is time to introduce a law that forces TelCos to finally deal with the problem.    The technology surely exists but it might be expensive for the TelCos to build robust defences. |app_70779526|2022-02-13 03:04:37.593|0|0|article-police-say-us-based-calls-flooded-ottawas-911-system-endangering-lives.json|globemail
Of course you can.  Never used a phone?|jangm|2022-02-13 02:49:30.290|1|0|article-police-say-us-based-calls-flooded-ottawas-911-system-endangering-lives.json|globemail
It would certainly appear so.  Unvaccinated truckers were not prevented from working, only from crossing the border, which they could not do in any case because of American restrictions.  They were free to continue working in Canada unlike the many people in any other occupations where mandates did cause job loss.  Why truckers?  Because the organizers likely realized that large rigs blocking access to cross border trade and preventing citizens from moving about the targeted cities without impediment, fear, noise or disruption would have a great effect.  Arguably this was the genesis of a plan to destabilize democracy; most of the organizers were dupes but some of those identified, particularly in fundraising and other activities, were the real perpetrators.  |DennisCasaccio|2022-02-14 12:13:20.075|1|0|article-police-say-us-based-calls-flooded-ottawas-911-system-endangering-lives.json|globemail
And cowardly.|BebaB|2022-02-17 03:29:11.678|1|0|article-police-say-us-based-calls-flooded-ottawas-911-system-endangering-lives.json|globemail
All propelled, funded, and co-ordinated by Twitler the Fraud, his criminal sycophants, and his Russian mobster cronies. Do I have proof? No. Can anyone disprove it? If there's a better hypothesis, let's hear it.|Numerist|2022-02-11 18:27:12.864|0|0|article-police-say-us-based-calls-flooded-ottawas-911-system-endangering-lives.json|globemail
care to show where there is anything or anyone who says the current situation is responsible for food inflation from the previous month?  Not sure what we have in Canada compares to state media - exaggeration is never a good thing |Mr. Yellin|2022-02-11 18:33:24.264|1|0|article-police-say-us-based-calls-flooded-ottawas-911-system-endangering-lives.json|globemail
"""a system designed to favour Laurentian elites"" ... oh look... your bias is showing."|Guest_1840|2022-02-11 17:45:57.425|1|0|article-police-say-us-based-calls-flooded-ottawas-911-system-endangering-lives.json|globemail
How do you call 911 in another country?  I'm in Canada, can I call 911 in washington?|DC Toronto|2022-02-11 17:23:28.813|0|0|article-police-say-us-based-calls-flooded-ottawas-911-system-endangering-lives.json|globemail
What was your opinion of the railway blockade?|Herakles1|2022-02-11 17:25:20.884|1|0|article-police-say-us-based-calls-flooded-ottawas-911-system-endangering-lives.json|globemail
"Some words from that article: ""Why is the Obama campaign team working Canada? Primarily because current circumstances make The Land of the Maple Leaf easy pickings. The Justin Trudeau-led Liberal Party and Tom Mulcair-led New Democratic Party (NDP)—who have tried it twice before and came close—are poised to form a Coalition to rid Canada of Israel-loving Prime Minister Stephen Harper.""  Sounds like a bona fide news article"|rich2020|2022-02-11 18:34:48.547|1|0|article-police-say-us-based-calls-flooded-ottawas-911-system-endangering-lives.json|globemail
"I listened to a report this morning in which a former CSIS agent who is now an independent consultant explained the presence of disinformation from guess who -- Russia, China, Iran, and out Trump-loving QAnon friends in the U.S.  Convoy supporters will, of course, call that ""fake news"".    I'm an old school rebel -- question authority, take nothing at face value, all that good stuff.  But these poor, pathetic, gullible, delusional nuts have taken good, reasonable skepticism and injected it full of bad meth.  Suddenly, ""the authorities"" have turned into the ones making sense."|Magnus Eiesegrim|2022-02-11 13:25:22.930|0|0|article-police-say-us-based-calls-flooded-ottawas-911-system-endangering-lives.json|globemail
false equivalency |Mr. Yellin|2022-02-11 18:33:56.562|1|0|article-police-say-us-based-calls-flooded-ottawas-911-system-endangering-lives.json|globemail
Obama or Trump. You pick.|Magnus Eiesegrim|2022-02-11 17:20:01.794|1|0|article-police-say-us-based-calls-flooded-ottawas-911-system-endangering-lives.json|globemail
so far the truckers are accused of shutting down debate in the Commons ( no, Justin does not drive a truck!), polluting the air in downtown Ottawa ( those BBQ's are mentioned too), being responsible for high food prices and shutdown of auto plants, and now for flooding the 911 system. They also received donations from abroad ( no it was not in form of vacations on a remote island!).  This is totally outrageous!|Herakles1|2022-02-11 14:07:36.309|0|0|article-police-say-us-based-calls-flooded-ottawas-911-system-endangering-lives.json|globemail
I also get 2-3 duct cleaning calls from Ontario numbers, made from India. Do the phone numbers mean anything anymore?|Herakles1|2022-02-11 14:01:01.568|0|0|article-police-say-us-based-calls-flooded-ottawas-911-system-endangering-lives.json|globemail
""" 911, what is your emergency."" Caller: ""I would like to put a border mandate on truckers.""    Operator: "" Why is that? There is no emergency at the border? And the US already has a mandate in place.""  Caller :"" because I can""  Operator: "" Well sir that is not an emergency and you are wasting my time."""|tinman1957|2022-02-11 13:49:12.477|0|0|article-police-say-us-based-calls-flooded-ottawas-911-system-endangering-lives.json|globemail
What do you mean?|Richard Wright|2022-02-11 12:06:28.473|1|0|article-police-say-us-based-calls-flooded-ottawas-911-system-endangering-lives.json|globemail
Dey need ta Google more like me do all day. Get information good|Animal Crackers|2022-02-11 15:07:06.582|1|0|article-police-say-us-based-calls-flooded-ottawas-911-system-endangering-lives.json|globemail
This is actually true. The media narrative is that all Ottawa residents are against the protest. While I am sure that many on the area are affected by the noise and disruption, I havent seen any articles about people offering services, offering their homes, food and shelter to the protests. |boo48|2022-02-11 14:31:44.864|1|0|article-police-say-us-based-calls-flooded-ottawas-911-system-endangering-lives.json|globemail
I have to agree with you. Lazy reporting..|Herakles1|2022-02-11 14:18:06.253|1|0|article-police-say-us-based-calls-flooded-ottawas-911-system-endangering-lives.json|globemail
It gets a little stranger every day that very little attention is being paid to who these people are.|Magnus Eiesegrim|2022-02-11 14:06:46.699|1|0|article-police-say-us-based-calls-flooded-ottawas-911-system-endangering-lives.json|globemail
"So because you don't like what is being reported you call it ""misinformation""?"|Rationalthought|2022-02-11 13:05:44.101|1|0|article-police-say-us-based-calls-flooded-ottawas-911-system-endangering-lives.json|globemail
This information needs to get out. These people you’ve listed need to be charged and imprisoned for crimes against the government. When anyone plots to overthrow the Canadian government, they need to be silenced and eliminated. Quickly. Now. |Golf guy3|2022-02-11 11:58:21.574|1|0|article-police-say-us-based-calls-flooded-ottawas-911-system-endangering-lives.json|globemail
The protesters have fallen for antivax propaganda promoted by the Russian government to undermine western democracies. |Ko1000|2022-02-11 12:06:19.517|1|0|article-police-say-us-based-calls-flooded-ottawas-911-system-endangering-lives.json|globemail
Don't confuse pointing out misinformation with defending the Prime Minister. |Masked Avenger1|2022-02-11 18:05:34.703|1|0|article-police-say-us-based-calls-flooded-ottawas-911-system-endangering-lives.json|globemail
We may have to build that wall after all.|SCLEB|2022-02-11 12:40:43.930|1|0|article-police-say-us-based-calls-flooded-ottawas-911-system-endangering-lives.json|globemail
I agree MA - it's a real low. It is an attack on the government, and on society, notably those in need.  I suspect there are multiple groups involved, not just one. There are the well-organized, coordinated efforts, and then the rag-tag joiners and opportunists who take advantage of the opportunity and are welcomed to the party.   Somewhere in there a week or two ago was a small group of hard-working honest truckers that wanted to make a point. That's plainly over. What's left of the protest is ugly in every respect.  These protests have nothing to do with freedom, the economy, democracy, the rule of law, or in support of our health care systems or certainly not our emergency response crews, as discussed in this article.      |TM_VICTORIA|2022-02-11 06:47:49.084|1|0|article-police-say-us-based-calls-flooded-ottawas-911-system-endangering-lives.json|globemail
the continuing trucker protest’s sophisticated tactics, which he said included a flood of U.S.-based phone calls to the local 911 service This is considered sophisticated? The Ottawa police force needs help.|Shocked and Appalled|2022-02-11 04:03:00.105|0|0|article-police-say-us-based-calls-flooded-ottawas-911-system-endangering-lives.json|globemail
Thank you all Canadian willing idiots for generating potentially life threatening issues from your US comrades!|prague|2022-02-11 04:01:41.062|0|0|article-police-say-us-based-calls-flooded-ottawas-911-system-endangering-lives.json|globemail
To be fair, I don’t think anyone expected or was predicting this would happen.   |jaybe|2022-02-11 12:31:36.915|1|0|article-police-say-us-based-calls-flooded-ottawas-911-system-endangering-lives.json|globemail
Sure, the cops on the street, like almost everyone in Ottawa, had plenty of time to prepare - but their bosses didn’t, for some reason.  if I’d been a cop that day I wouldn’t have done anything, either. Both cuz nobody’d given any clear orders, and I wouldn’t want to be reduced to a “blue smear on the blacktop” by someone in the convoy who *wasn’t* a cop-lover (to put it mildly.)|Zippidydooda1|2022-02-11 07:40:17.805|1|0|article-police-say-us-based-calls-flooded-ottawas-911-system-endangering-lives.json|globemail
They aren’t as well financed as the military. Now only if our leadership had cojones. |bretski__gretzky|2022-02-11 05:25:19.598|1|0|article-police-say-us-based-calls-flooded-ottawas-911-system-endangering-lives.json|globemail
"The ""protestors"" have become or let themselves to become  criminals.  Deal with them as such."|prague|2022-02-11 04:03:55.878|1|0|article-police-say-us-based-calls-flooded-ottawas-911-system-endangering-lives.json|globemail
What kind of rubbish can you come up with!  Congratulation.|prague|2022-02-11 03:59:18.150|1|0|article-police-say-us-based-calls-flooded-ottawas-911-system-endangering-lives.json|globemail
I’m sure you feel entitled. To make other’s “pay” for your unhappiness with the current Liberal government.  Get over it.|app_72746711|2022-02-11 13:35:42.128|1|0|article-police-say-us-based-calls-flooded-ottawas-911-system-endangering-lives.json|globemail
Are you targeting people with PTSD with this sarcastic remark? Do you know what it is likely to have been the victim of severe trauma? |Leslie Ellestad|2022-02-11 11:04:15.200|1|0|article-police-say-us-based-calls-flooded-ottawas-911-system-endangering-lives.json|globemail
You should write a letter to Trudeau explaining how you are a victim.  They will probably send you a cheque. |Tom Kitten|2022-02-11 04:15:52.706|1|0|article-police-say-us-based-calls-flooded-ottawas-911-system-endangering-lives.json|globemail
They have ruined the meaning of the flag, that is the saddest part|1533030955135|2022-02-11 04:09:12.427|1|0|article-police-say-us-based-calls-flooded-ottawas-911-system-endangering-lives.json|globemail
Triggered when you see a Canadian flag? What is wrong with you? It is everyone's flag, not just the protesters.|Louisbourger|2022-02-11 04:08:03.092|1|0|article-police-say-us-based-calls-flooded-ottawas-911-system-endangering-lives.json|globemail
I assume you are trying to make a joke. Not funny.|Louisbourger|2022-02-11 04:08:52.233|1|0|article-police-say-us-based-calls-flooded-ottawas-911-system-endangering-lives.json|globemail
Could you help me understand why you assume the 911 calls are coming from the right rather than the left? The Ottawa protesters have taken great pains to keep emergency lanes open. There are dozens of cellphone videos showing them clearing snow from these lanes. Why would they damage their own protest?  I'll wait until the police discover the origins of the calls. It's my bet they're coming from antifa and BLM supporters, not the supporters of the truckers. |Genghis McCann|2022-02-14 15:47:17.075|1|0|article-police-say-us-based-calls-flooded-ottawas-911-system-endangering-lives.json|globemail
You are not alone, I can assure you. The Trudeau government is totally inept! |John England 1|2022-02-11 04:25:40.339|1|0|article-police-say-us-based-calls-flooded-ottawas-911-system-endangering-lives.json|globemail
Tom Kitten what about having the same responsibilities as other Canadians, not just rights and privileges?|1533030955135|2022-02-11 05:29:01.415|1|0|article-police-say-us-based-calls-flooded-ottawas-911-system-endangering-lives.json|globemail
Thank you Tom. My point of view is that they freely made a decision that put them in a position of  harm to other Canadians and they have not wanted to take the consequences of being excluded from public venues where that harm could increase(increase the spread of covid to vulnerable people and increase the stress on our public health care).  The other consequence they did not want to take was losing their jobs where, were they to remain on the job, they could bring harm to other Canadians.  Do you know some of them and do they understand the other side of the issue? And are the protestors and those flooding 911 aware of the harm they are causing now? Are they able to take responsibility for it?|Leslie Ellestad|2022-02-11 05:17:40.116|1|0|article-police-say-us-based-calls-flooded-ottawas-911-system-endangering-lives.json|globemail
So all protesters will go home when mandates, masks and passports are scrapped? I believe it when I see it. |app_73250801|2022-02-11 03:27:40.560|0|0|article-police-say-us-based-calls-flooded-ottawas-911-system-endangering-lives.json|globemail
Indeed, Zuckerberg's morons can be easily weaponized. |Moseby1|2022-02-11 04:19:23.597|1|0|article-police-say-us-based-calls-flooded-ottawas-911-system-endangering-lives.json|globemail
There were arrests at the protests.  There have been nearly 1,000 arrests at Fairy Creek alone..  Also pipeline protesters have been arrested.  Not hard to find |dirtyduck|2022-02-11 06:00:23.915|1|0|article-police-say-us-based-calls-flooded-ottawas-911-system-endangering-lives.json|globemail
Could not have said it better myself.   When the court injunctions were received to remove the railway blockages the police would not enforce them.   Equality for all !!! |app_70970011|2022-02-11 04:50:53.179|1|0|article-police-say-us-based-calls-flooded-ottawas-911-system-endangering-lives.json|globemail
Confused are we? |allvodi|2022-02-11 15:32:50.628|1|0|article-police-say-us-based-calls-flooded-ottawas-911-system-endangering-lives.json|globemail
"Well, in the short term, suspending commercial licences and seizing vehicles will give the police a bit more leverage but I expect we'll soon see a new law or highway act reg that prohibits the use of heavy equipment in ""demonstrations"" or to impede the flow of traffic. This will allow police to quash such attacks in future before they develop critical mass. "|Moseby1|2022-02-11 04:17:11.042|0|0|article-police-say-us-based-calls-flooded-ottawas-911-system-endangering-lives.json|globemail
Two wrongs don’t make a right. |Masked Avenger1|2022-02-11 18:03:52.735|1|0|article-police-say-us-based-calls-flooded-ottawas-911-system-endangering-lives.json|globemail
90% of truckers are vaccinated, and keeping the country running. There are truckers losing thousands of dollars a day because they are stuck at the border behind the blockade. Don't blame them. They are victims of this, too.  There is a small group of truckers whose protest has been hijacked by anti-science extremists. |Ko1000|2022-02-11 11:31:19.982|1|0|article-police-say-us-based-calls-flooded-ottawas-911-system-endangering-lives.json|globemail
I suspect any manisfestation of this scale from natives or enviromentalist would have been crushed long ago.  The federal government is tiptoeing around this at it's own peril.  The country is leaderless it seems.|Dear Departed|2022-02-11 12:48:35.000|1|0|article-police-say-us-based-calls-flooded-ottawas-911-system-endangering-lives.json|globemail
Don't forget Caledonia -- which was also for all intents and purposes an occupation of land that had in fact been ceded to the feds years prior.|against the wind|2022-02-11 11:23:29.914|1|0|article-police-say-us-based-calls-flooded-ottawas-911-system-endangering-lives.json|globemail
the pestilence of global fascism was given huge boost by the election of trump, and later by the instability and havoc of a global pandemic: canada is not immune. stand on guard.   |hangdog|2022-02-11 11:18:59.843|1|0|article-police-say-us-based-calls-flooded-ottawas-911-system-endangering-lives.json|globemail
I suspect the fact that there are Children present complicates things. Maybe these cowardly dingbats shoukd stop hiding behind their children.|Magnus Eiesegrim|2022-02-11 12:01:02.190|1|0|article-police-say-us-based-calls-flooded-ottawas-911-system-endangering-lives.json|globemail
People need to search  rotten to the core  brittany to see who is behind this protest |dirtyduck|2022-02-11 07:21:56.031|0|0|article-police-say-us-based-calls-flooded-ottawas-911-system-endangering-lives.json|globemail
Surround them with razor wire fence and fully loaded garbage trucks.  Protect the fence with armed military personnel.  Then give them 3 hours to give their vehicle keys to the authorities so that they can start moving the vehicles.  Those who do not comply get arrested and charged, with their vehicles impounded and their driver or commercial licenses revoked.|robert-by-the-lake|2022-02-11 06:53:40.197|0|0|article-police-say-us-based-calls-flooded-ottawas-911-system-endangering-lives.json|globemail
"When the mob is out for blood the voice of reason is ignored, Matt. I'm afraid those of us asking for dialogue and compromise, principles we used to take for granted, are drowned out by the screams for vengeance. And I'm sure Trudeau will oblige. When he comes out from his ""undisclosed location."" "|Genghis McCann|2022-02-14 15:34:05.931|1|0|article-police-say-us-based-calls-flooded-ottawas-911-system-endangering-lives.json|globemail
"You do raise a good point.  Back when it first stopped being cool to kill black people at will, all the conservatives said ""if you defund the police, you'll be sorry when you actually need them"". So we didn't defund them. Now that we actually need them to act, they're impotent. So, why are we still funding them?"|zeroes|2022-02-11 14:33:25.762|1|0|article-police-say-us-based-calls-flooded-ottawas-911-system-endangering-lives.json|globemail
"The working class, matt?  No, they're out working.  Or at least, they're trying to, but people in the auto sector are being laid off, and people who work in the Rideau Centre can't get to work.    And sorry -- you don't negotiate with fools just because they have made absurd demands.  Do you expect a Canadian PM -- any PM -- to negotiate with an incoherent mess that has demanded the overthrow of the government and runs around with ""That rude word"" Trudeau signs?"|Magnus Eiesegrim|2022-02-11 13:29:32.075|1|0|article-police-say-us-based-calls-flooded-ottawas-911-system-endangering-lives.json|globemail
matt, you apparently don't understand the whole BLM-police thing, do you?  There is a huge difference between bad policing and racial injustice (real and perceived) and the need for police for bona fide problem in which police are required.  There is no equivalency between BLM and the COVID trucker protest beyond there being a large group of people involved.|Rationalthought|2022-02-11 13:08:25.438|1|0|article-police-say-us-based-calls-flooded-ottawas-911-system-endangering-lives.json|globemail
Who are these progressives?  Names please |Richard Wright|2022-02-11 12:07:30.449|1|0|article-police-say-us-based-calls-flooded-ottawas-911-system-endangering-lives.json|globemail
"there's been documented harassment and ties to far-right racist movements; we have a small minority --to some extent foreign-inspired and funded-- exploiting a global pandemic and willing to inflict suffering on, indeed endanger (flooding 911 call centres), their fellow citizens.   yes most canadians have had enough of the pandemic --but they have even less patience for this self-important cluster of malcontents and dupes who think that their ""freedom"" includes the right to endanger and  abuse others.  "|hangdog|2022-02-11 11:35:00.238|1|0|article-police-say-us-based-calls-flooded-ottawas-911-system-endangering-lives.json|globemail
"Well, matt calgary, you should know that the Coutts blockaders scoffed at Premier Kenney's announcement that the vaccine passports in Alberta would be immediately repealed. One blockader said that the Premier had given them only 10% of what they wanted, and they're still there.   You may want all the vaccine mandates repealed but I doubt that most Albertans with relatives in LTC or in hospital would want them cared for by unvaccinated staff.  The ""working class"" has not risen up. A few hundred people are blocking Ottawa and border crossings. The working class, including the 90% of vaccinated truckers, is working. Well, except for those laid off as a result of the blockades."|rocz1|2022-02-11 07:53:16.726|1|0|article-police-say-us-based-calls-flooded-ottawas-911-system-endangering-lives.json|globemail
"give it a rest.  The ""average person"" is fed up with these clowns.  Coming to Ottawa to demand the government resign and impose a council, shutting down neighbourhoods, blocking bridges, and now their supporters jamming 991 with calls.   Arrest them, Clear them out, and find the brains behind this, because they are not these yobos. "|dirtyduck|2022-02-11 07:25:33.835|1|0|article-police-say-us-based-calls-flooded-ottawas-911-system-endangering-lives.json|globemail
The news this morning is that they are talking about protesting schools.  Yep...places where our kids are at a time when they too are struggling through this public health crisis.   Can't go much lower than that.  Sick people.|Rationalthought|2022-02-11 13:09:56.224|1|0|article-police-say-us-based-calls-flooded-ottawas-911-system-endangering-lives.json|globemail
What an absolutely vile tactic (trying to prevent people needing help from getting it). The protests are unlawful, ridiculous, and quite clearly going to achieve the opposite of their goal. If these clowns didn’t do this, I bet we’d be talking about reopening because that’s what everyone wants and it’s data-supported. Instead, these yahoos take international funds (is that patriotic?) and expose what pathetic leadership this country has,   SEND IN THE MILITARY. They’re putting Ottawa resident lives at risk.|bretski__gretzky|2022-02-11 05:23:30.708|0|0|article-police-say-us-based-calls-flooded-ottawas-911-system-endangering-lives.json|globemail
I’m not one to believe in conspiracies, but this latest attempt to disrupt something in Canada has me wondering.   I can’t explain it well, but the whole business seems like some sort of “trial run.” It’s testing some very sophisticated strategies - there are no obvious leaders for the police to target, funding is “distributed” (it didn’t work well, but that’s still valuable information), and now a distributed attack on a crucial public service - that only lasted one hour! That looked a lot like a test, and a well-coordinated one.  At least there’s no doubt where it’s coming from, with all that American money and all those calls from the U.S.  I won’t wonder any further, for fear of becoming a conspiracist myself!|Zippidydooda1|2022-02-11 05:20:42.058|0|0|article-police-say-us-based-calls-flooded-ottawas-911-system-endangering-lives.json|globemail
"I'm sure a family tree of the 'freedom fighters"" would show a long history of reproduction with those who shouldn't reproduce together."|Chuck Blair|2022-02-11 17:12:11.617|1|0|article-police-say-us-based-calls-flooded-ottawas-911-system-endangering-lives.json|globemail
I doubt it |ES2021|2022-02-11 13:15:47.648|1|0|article-police-say-us-based-calls-flooded-ottawas-911-system-endangering-lives.json|globemail
"""Caller ID spoofing is the practice of causing the telephone network to indicate to the receiver of a call that the originator of the call is a station other than the true originating station. This can lead to a caller ID display showing a phone number different from that of the telephone from which the call was placed."" (Wikipedia) "|rocz1|2022-02-11 08:19:27.641|1|0|article-police-say-us-based-calls-flooded-ottawas-911-system-endangering-lives.json|globemail
"I believe it's called ""spoofing."" "|Moseby1|2022-02-11 05:06:29.485|1|0|article-police-say-us-based-calls-flooded-ottawas-911-system-endangering-lives.json|globemail
In Ottawa there is a stadium that has been set up as a staging area by unknown peoples. It seems the truckers are being used by this other faction. One of the frequent posters here has made a statement: wait until Sat. He has since disappeared off of these and other comments. |Saltspringer|2022-02-11 04:57:22.861|0|0|article-police-say-us-based-calls-flooded-ottawas-911-system-endangering-lives.json|globemail
What a bunch of jerks|Saltspringer|2022-02-11 04:49:55.606|0|0|article-police-say-us-based-calls-flooded-ottawas-911-system-endangering-lives.json|globemail
With friends like these, who needs enemies?|BebaB|2022-02-17 03:23:22.448|0|0|article-police-say-us-based-calls-flooded-ottawas-911-system-endangering-lives.json|globemail
