﻿comment|username|datetime|isreply|num_replies|post_id|label
why not just take those trucks...these are the 10% of selfish, low-minded 'me first' canadians who live in the middle of nowhere and consequently have no idea what sharing, caring and science mean.  what they do understand is money - take it away, throw them in jail....done.|CMA4|2022-02-11 12:32:41.117|0|4|article-meet-the-21-year-old-who-silenced-the-ottawa-truckers-horns.json|globemail
Why not a picture? She deserves praise.. |Redmaple|2022-02-11 19:20:54.249|0|3|article-meet-the-21-year-old-who-silenced-the-ottawa-truckers-horns.json|globemail
Pierre Polievere is the elected MP for Ottawa, ask him.|Nevyn42|2022-02-11 14:42:21.794|1|3|article-meet-the-21-year-old-who-silenced-the-ottawa-truckers-horns.json|globemail
Great display of hatred.  Next step, a fascist state where the ruling class decides who’s acceptable and who’s not and obviously how to deal with the “live in the middle of nowhere” minority.   Or might it just be that that’s already happened?|bmac71|2022-02-11 15:23:35.433|1|3|article-meet-the-21-year-old-who-silenced-the-ottawa-truckers-horns.json|globemail
Granted hindsight is always 20/20, but why was this even allowed to happen? They knew that mob were coming, and should have been safeguards to keep people from simply parking to block streets. Should have been foot access only for a certain area, or at the least only allowed to park in one lane. That would be more in keeping with a protest vs. an occupation. |DRG-rant|2022-02-11 14:31:36.336|0|2|article-meet-the-21-year-old-who-silenced-the-ottawa-truckers-horns.json|globemail
You mean the man against free speech?|HW01|2022-02-11 21:15:30.815|0|2|article-meet-the-21-year-old-who-silenced-the-ottawa-truckers-horns.json|globemail
Honk Honk, end all mandates and restrictions and open up our country! Sore losers lol Honk Honk!!|Tony1G2|2022-02-11 12:48:10.552|0|2|article-meet-the-21-year-old-who-silenced-the-ottawa-truckers-horns.json|globemail
That's new....a requirement that a speech must be an expression of great thought.  So much for the next election's leadership debates.....|app_72107751|2022-02-12 02:03:56.803|1|2|article-meet-the-21-year-old-who-silenced-the-ottawa-truckers-horns.json|globemail
How is it that a 21 year old knows more than our elected leaders?|Jackie-Jackie|2022-02-13 12:13:21.362|0|2|article-meet-the-21-year-old-who-silenced-the-ottawa-truckers-horns.json|globemail
Where were her elected representatives? Why did they not step up and act on behalf of the citizens. A lot of people living on the public purse have snoozed their way through this so far.  |Concerned In NS|2022-02-11 11:12:11.767|0|1|article-meet-the-21-year-old-who-silenced-the-ottawa-truckers-horns.json|globemail
Presiding Justice Hugh McLean said “Tooting a horn is not an expression of any great thought I’m aware of.”|app_69680838|2022-02-11 22:11:09.465|1|1|article-meet-the-21-year-old-who-silenced-the-ottawa-truckers-horns.json|globemail
I don’ think it occurred to any of us how hateful this group would be.|JT1216|2022-02-11 16:35:51.507|1|1|article-meet-the-21-year-old-who-silenced-the-ottawa-truckers-horns.json|globemail
You weren't listening close enough.|app_72107751|2022-02-12 02:02:49.798|1|1|article-meet-the-21-year-old-who-silenced-the-ottawa-truckers-horns.json|globemail
Thank you Ms. Li and Mr. Champ for stepping up and doing the right thing, the right way. I'm so impressed with Ms. Li. She expressed her/our concerns so powerfully. If she doesn't have a job yet, someone hire her right now!|AYOUNGIN|2022-02-11 16:43:02.905|0|1|article-meet-the-21-year-old-who-silenced-the-ottawa-truckers-horns.json|globemail
She is sabotaging the fight for freedom in Canada. Probably she is a foreign agent|The only honest liberal|2022-02-11 14:07:38.370|0|1|article-meet-the-21-year-old-who-silenced-the-ottawa-truckers-horns.json|globemail
A blaring horn is not speech....it is a nuisance . |no lies no wars|2022-02-11 21:54:13.658|1|1|article-meet-the-21-year-old-who-silenced-the-ottawa-truckers-horns.json|globemail
Ms. Li has been interviewed on CBC TV.|app_69680838|2022-02-11 20:34:19.427|1|1|article-meet-the-21-year-old-who-silenced-the-ottawa-truckers-horns.json|globemail
I have great admiration for Zexi Li. Why did it have to take an injunction to stop the honking? It's assault on every resident, plain and simple.|Shocked and Appalled|2022-02-11 20:00:14.264|0|1|article-meet-the-21-year-old-who-silenced-the-ottawa-truckers-horns.json|globemail
Ms. Li has more backbone, integrity and honesty than all of our provincial and federal politicians combined.  The behaviour of our police has been disgusting, from those former police officers that are instrumental in the organization of this terrorist attack and on duty police who ignore their duty to protect the public and collude and hobnob with the terrorists.  She is the true hero of this terrorist attack on our democracy.   |app_69680838|2022-02-11 14:26:40.440|0|1|article-meet-the-21-year-old-who-silenced-the-ottawa-truckers-horns.json|globemail
Hate to distract from the worthy efforts of this young person but whoever wrote the headline is not in Ottawa.  Why would anyone believe an injunction would affect the behaviour of these doofae?|ol_griz|2022-02-14 15:53:49.991|0|1|article-meet-the-21-year-old-who-silenced-the-ottawa-truckers-horns.json|globemail
Not enough jail space for them all...unfortunately.|Histteach|2022-02-11 13:11:09.907|1|1|article-meet-the-21-year-old-who-silenced-the-ottawa-truckers-horns.json|globemail
They are not even close to 10% of Canadians.  They are 10% of truckers.|dubdubu|2022-02-11 19:36:12.286|1|1|article-meet-the-21-year-old-who-silenced-the-ottawa-truckers-horns.json|globemail
Li is a true Canadian hero. She will be celebrated in history. At a time when bravery is lacking, one person steps forward to combat the forces of darkness.|app_67983643|2022-02-12 02:45:43.672|0|0|article-meet-the-21-year-old-who-silenced-the-ottawa-truckers-horns.json|globemail
Not difficult to explain - on any issue.  |Jake127|2022-02-14 17:41:57.788|1|0|article-meet-the-21-year-old-who-silenced-the-ottawa-truckers-horns.json|globemail
So far, Lexi is the only hero in this mess.|StanD21|2022-02-11 20:26:22.772|0|0|article-meet-the-21-year-old-who-silenced-the-ottawa-truckers-horns.json|globemail
It did work until the weekend. Instead of 10 days of peace, the residents got 4.|Histteach|2022-02-14 16:22:06.707|1|0|article-meet-the-21-year-old-who-silenced-the-ottawa-truckers-horns.json|globemail
Typically the most dynamic story on this thug mob is buried in the paper as a podcast. |eighttigers|2022-02-11 20:54:19.927|0|0|article-meet-the-21-year-old-who-silenced-the-ottawa-truckers-horns.json|globemail
Thank you Zexi  Li.     |Val_Trudeau|2022-02-11 21:12:08.075|0|0|article-meet-the-21-year-old-who-silenced-the-ottawa-truckers-horns.json|globemail
"This young lady shows more intelligence than the protestors.  Heard her interview.  The ""truckers"" sound like country hicks compared her."|Peacechild|2022-02-14 00:08:38.252|0|0|article-meet-the-21-year-old-who-silenced-the-ottawa-truckers-horns.json|globemail
There doesn’t appear to be any reporting on the massive march in Ottawa yesterday of anti truck occupation people ? Not:newsworthy? |eighttigers|2022-02-13 20:22:42.864|0|0|article-meet-the-21-year-old-who-silenced-the-ottawa-truckers-horns.json|globemail
"We have a right to free speech, not free horn-blowing. Horns do not equal speech, in case anyone failed to notice that. The self-contradictory ""Freedom Convoys""  (which don't seem to involve all that many truckers, interestingly) seek to deafen and silence everybody else. Blew horns incessantly...refused to get a needle to protect self and others...What monumental heroes of freedom and its partner, responsibility!  But the young lady actually is a hero. Thank you for your courage, Zexi Li!   "|Pete321|2022-02-14 01:39:55.126|1|0|article-meet-the-21-year-old-who-silenced-the-ottawa-truckers-horns.json|globemail
It appears as though Ottawa's modernist theories have not stood the test of reality. A young women clearly demonstrated its failure.|oldwillum|2022-02-12 15:39:42.921|0|0|article-meet-the-21-year-old-who-silenced-the-ottawa-truckers-horns.json|globemail
One might say that it doesn't take all that much to know more than our elected leaders.   |T. Stewart2|2022-02-13 19:39:23.425|1|0|article-meet-the-21-year-old-who-silenced-the-ottawa-truckers-horns.json|globemail
Wow. Wonderful interview. What an amazing young woman. So poised and articulate, and a good storyteller. Gratitude.|app_71225341|2022-02-12 23:37:15.446|0|0|article-meet-the-21-year-old-who-silenced-the-ottawa-truckers-horns.json|globemail
I'd settle for any thought, but apparently that's too much to expect, |app_69680838|2022-02-12 03:50:59.684|1|0|article-meet-the-21-year-old-who-silenced-the-ottawa-truckers-horns.json|globemail
Speech must actually be...words.|Pete321|2022-02-14 01:41:17.126|1|0|article-meet-the-21-year-old-who-silenced-the-ottawa-truckers-horns.json|globemail
The sad part is that this courageous young woman is now subjected to hate speech and death threats. What has happened to Canada?|Ancient Hibernian|2022-02-11 23:02:17.230|0|0|article-meet-the-21-year-old-who-silenced-the-ottawa-truckers-horns.json|globemail
Good for you, young lady!|Midlife Crisis Athlete|2022-02-12 23:14:20.482|0|0|article-meet-the-21-year-old-who-silenced-the-ottawa-truckers-horns.json|globemail
"The story wrote itself right after the line ""a lawyer approached her."" "|app_73541506|2022-02-12 22:04:55.401|0|0|article-meet-the-21-year-old-who-silenced-the-ottawa-truckers-horns.json|globemail
It's an Indulgence Convoy! Glad to see the court has ordered to halt it.|app_73355611|2022-02-12 02:30:14.888|0|0|article-meet-the-21-year-old-who-silenced-the-ottawa-truckers-horns.json|globemail
Obviously against noise bylaws but City of Ottawa is totally inept at enforcing their bylaws.  I would support a protest to boot out the huge portion of City of O employees who do nothing and do it well for great pay, pensions and job security.|no lies no wars|2022-02-11 21:57:55.621|1|0|article-meet-the-21-year-old-who-silenced-the-ottawa-truckers-horns.json|globemail
Zexi Li is my hero!  This old man is happy to know that youngsters like Ms. Li are standing up for Canadian law and for civil society.  She speaks for the majority of us who find the arrogance and selfishness of the demonstrators appalling.|garyanton|2022-02-11 18:37:46.988|0|0|article-meet-the-21-year-old-who-silenced-the-ottawa-truckers-horns.json|globemail
Lexi Li did what no Premier, Prime Minister or Mayor even tried to do.  She stopped the inhuman suffering of Ottawa residents from the incessant noise. She deserves the Order of Canada.  Please note how different levels of government have taken baby steps since her victory in court.  One could argue she shamed them into action.|dubdubu|2022-02-11 19:30:43.597|0|0|article-meet-the-21-year-old-who-silenced-the-ottawa-truckers-horns.json|globemail
Hilarious.|JT1216|2022-02-11 16:36:07.324|1|0|article-meet-the-21-year-old-who-silenced-the-ottawa-truckers-horns.json|globemail
Hmmm. Sounds like a real gem|sterretje|2022-02-11 15:20:33.680|1|0|article-meet-the-21-year-old-who-silenced-the-ottawa-truckers-horns.json|globemail
He was pretty busy taking selfies with the terrorists (along with Candice Bergen and other bottom feeder CPC MPs), seems to have gone into hiding now.|app_69680838|2022-02-11 16:31:25.600|1|0|article-meet-the-21-year-old-who-silenced-the-ottawa-truckers-horns.json|globemail
He is only one of the 4 MPs elected in the Ottawa area. He has been strangely silent the last couple of days. The central Ottawa MP is a liberal, the MPP for Ottawa Centre is NDP - and probably one reason why Doug Ford was only interested in stopping these outrages when the economy was threatened by the blockade at the Ambassador Bridge.|Histteach|2022-02-14 16:27:41.126|1|0|article-meet-the-21-year-old-who-silenced-the-ottawa-truckers-horns.json|globemail
Overcrowd, it’d be worth it.|JT1216|2022-02-11 16:36:51.051|1|0|article-meet-the-21-year-old-who-silenced-the-ottawa-truckers-horns.json|globemail
Yeah. That one got me too|Saltspringer|2022-02-11 16:16:00.403|1|0|article-meet-the-21-year-old-who-silenced-the-ottawa-truckers-horns.json|globemail
Or, just stop being pusillanimous about it and get the jab. |northernguitarguy|2022-02-11 16:54:00.172|1|0|article-meet-the-21-year-old-who-silenced-the-ottawa-truckers-horns.json|globemail
I think that is what the protesters would like to happen with them as the ruling class.|dubdubu|2022-02-11 19:36:53.042|1|0|article-meet-the-21-year-old-who-silenced-the-ottawa-truckers-horns.json|globemail
I don't even think they're 10% of truckers....maybe 10% of the 10% not vaccinated. |MSM is making me barf|2022-02-12 01:01:16.524|1|0|article-meet-the-21-year-old-who-silenced-the-ottawa-truckers-horns.json|globemail
Judging by the number of respects this silly rant received I can understand why Trudeau got elected…|Roadglide3040|2022-02-13 06:41:41.197|1|0|article-meet-the-21-year-old-who-silenced-the-ottawa-truckers-horns.json|globemail
Typically, governments do not capitulate to hostage takers|Magnolia|2022-02-11 13:40:47.546|1|0|article-meet-the-21-year-old-who-silenced-the-ottawa-truckers-horns.json|globemail
Great attitude - absolutely shows how self-cantered and selfish this protest really is..|IanT49|2022-02-11 14:11:40.849|1|0|article-meet-the-21-year-old-who-silenced-the-ottawa-truckers-horns.json|globemail
Yes and former government employees. They are criminals|Saltspringer|2022-02-11 16:15:16.712|1|0|article-meet-the-21-year-old-who-silenced-the-ottawa-truckers-horns.json|globemail
And she has received death threats.|Ancient Hibernian|2022-02-11 23:03:43.795|1|0|article-meet-the-21-year-old-who-silenced-the-ottawa-truckers-horns.json|globemail
Then we are wearing the same blinders as the Capitol Police when they were told what was coming on Jan 6th and failed to prepare.  Obviously a lot of senior officials have got their job despite being unqualified to do it.  They have never been tested before.  Now they have been and have failed.  They should not be allowed to remain in their jobs.|dubdubu|2022-02-11 19:33:56.287|1|0|article-meet-the-21-year-old-who-silenced-the-ottawa-truckers-horns.json|globemail
Unfortunately, today you get elected, sometimes even appointed, precisely because you are not an expert. What matters is how you look on TV and what your sound bites are. Case in point robertshaw above would have Ms Li be the PM. While having experts in key positions does not guarantee good policy or decisions it sure beats the flip of a coin outcomes of someone who has insufficient experience.|deuce4|2022-02-11 17:52:32.661|1|0|article-meet-the-21-year-old-who-silenced-the-ottawa-truckers-horns.json|globemail
Ms. Li and Mr. Champ have done more than many others.  My thanks to them.  Let the class action be certified and proceed against these people who just don't have any regard for others.  |George Bay|2022-02-11 15:09:59.592|0|0|article-meet-the-21-year-old-who-silenced-the-ottawa-truckers-horns.json|globemail
She gets my vote for PM or Premier or Ottawa police chief. Her choice.|robertshaw0|2022-02-11 16:19:35.246|0|0|article-meet-the-21-year-old-who-silenced-the-ottawa-truckers-horns.json|globemail
I like how there’s no photo.|JT1216|2022-02-11 16:37:30.508|0|0|article-meet-the-21-year-old-who-silenced-the-ottawa-truckers-horns.json|globemail
She's very very well spoken and good at articulating her thoughts.|Bison|2022-02-11 17:35:49.083|1|0|article-meet-the-21-year-old-who-silenced-the-ottawa-truckers-horns.json|globemail
Well done Zexi Li and thanks for coming forward. |app_72155046|2022-02-11 17:12:33.992|0|0|article-meet-the-21-year-old-who-silenced-the-ottawa-truckers-horns.json|globemail
Absolute respect for Ms.Li, it takes guts and leadership to do this. She knew full well what would happen and she didn’t shy away, she stepped up after the cops and politicians completely and utterly failed the people of Ottawa.  I could never be so brave at 21, let alone today, so my hats off to her and I look forward to a successful class action lawsuit.|TW.|2022-02-11 17:23:06.833|0|0|article-meet-the-21-year-old-who-silenced-the-ottawa-truckers-horns.json|globemail
Harassing people for wearing a mask.  Embarrassing.  Protestors support freedom? Totally hypocritical. |Bison|2022-02-11 17:40:31.297|0|0|article-meet-the-21-year-old-who-silenced-the-ottawa-truckers-horns.json|globemail
She'd be a target for this rabble.  There are some situations where you do not want to be identified. Too bad.|MaryJay1|2022-02-11 20:07:36.575|1|0|article-meet-the-21-year-old-who-silenced-the-ottawa-truckers-horns.json|globemail
I wouldn't be surprised if she has received death threats...  |Emma Read|2022-02-11 20:10:56.630|1|0|article-meet-the-21-year-old-who-silenced-the-ottawa-truckers-horns.json|globemail
She is quite a brave woman with fortitude doing a million times more for the people of Ottawa than the entire Ottawa Police force as done so far who really are complicit with the people who are making the lives of residents unbearable.|zuglo9|2022-02-14 16:21:55.064|0|0|article-meet-the-21-year-old-who-silenced-the-ottawa-truckers-horns.json|globemail
