﻿comment|username|datetime|isreply|num_replies|post_id|label
Health Canada approved some treatments in June but were not adequate available until late in the fall, but if on hand could have alleviated much of the hospital overcrowding this summer.  IVs in remote areas to the vulnerable could have kept the transit from rural and First Nations communities from clogging hospital beds in the city etc.  But then the PM wouldn't have had those juicy protests to shore up election coverage.  His power comes first.  Just calling the election in the summer before vaccines could be finalized polarized uptake, and we might be farther ahead by waiting.  And maybe he could have attended to the dire situation in Afghahnistan.  But he wanted the election over early so he could spew carbon across the nation to surf from the 10MM glass mansion on our first National Reconciliation day.  Has to be a tough job to work in his propaganda machine  |THX138|2022-02-11 14:24:52.002|1|4|article-between-apathy-and-outrage-the-pandemic-has-reached-its-messiest-phase.json|globemail
"""Should the Brits look away from Johnsons parties if they feel overall average was acceptable for leadership during Covid?""  Actually, they should take BoJo's parties as the confirmation that the leadership wasn't....  ""Trump was quicker to deliver vaccines [...]"" Actually, the first day of vaccinations in Canada and the US is exactly the same. Trump was quicker to promote ill-founded treatments too.  The Biden administration did the bulk of vaccine roll-outs in the States. And, whatever you think of the Liberal Party's policies, Justin Trudeau is far, far from being ""our version of Trump"" (I'd say this reflects a fundamental misunderstanding of the motivations for Liberal voters)."|MMackinnon|2022-02-11 14:05:57.924|1|3|article-between-apathy-and-outrage-the-pandemic-has-reached-its-messiest-phase.json|globemail
"The disdainful tone of this piece would be appropriate, if the current Emergency pandemic measures had any useful purpose, were supported by data instead of ""rationale"" and were sane, in the Omicron phase of the pandemic.  They are not.  Put the hoser protest to one side for a moment.  This columnist's disgust is also targeted at sensible well-informed people who are ""fed up"" with Public Health refusing to read the Omicron memo: there's no ""stopping/slowing/flattening"" this one.  We aren't selfish louts moaning about freedom, we're grownups saying ""enough unscientific nonsense!"".  Once Omicron took hold, the old weapons were useless in the new war.  ""But we can't do nothing!""  isn't a basis for policy."|DenbighPatton|2022-02-11 02:34:43.473|0|3|article-between-apathy-and-outrage-the-pandemic-has-reached-its-messiest-phase.json|globemail
Trudeau has done a lot that makes people hate him. He deserves this grief. He continues to negatively impact the future of this country.|PILLOCK|2022-02-10 22:13:06.892|0|3|article-between-apathy-and-outrage-the-pandemic-has-reached-its-messiest-phase.json|globemail
https://nationalpost.com/news/world/johns-hopkins-university-study-covid-19-lockdowns https://nationalpost.com/health/johns-hopkins-study-finding-lockdowns-do-little-to-prevent-covid-deaths-flawed-critics-say  Both sides of the story, but the study was done. I love your argument -- Trump/|Bprov|2022-02-11 13:59:03.676|1|3|article-between-apathy-and-outrage-the-pandemic-has-reached-its-messiest-phase.json|globemail
I'm not sure I agree with the opinion the protest is all about Mr. Trudeau and not the vaccine mandate.  One of the 'conditions' set by the demonstrators was the lifting of the restrictions.  Although certainly the PM's demonizing of them did not help and he never was popular in the Prairie provinces.  One of the demands, that the PM step down, was obviously absurd.  To give credit where it is due, a fellow poster named JeffSpooner pointed out that while the provincial governments are rolling back restrictions, the federal government seems to be going in the opposite direction.  That may have made Mr.Trudeau a lighting rod for discontent.  I'm not sure but increasing measures may not be entirely his doing.  How many times have we heard our leaders say 'I'm following the advice of my medical experts.'?  Maybe Dr.Tam holds the view there are still concerns and he is acting on that.  Although I must admit that is speculation on my part.|StuporDuck|2022-02-10 23:00:31.967|0|3|article-between-apathy-and-outrage-the-pandemic-has-reached-its-messiest-phase.json|globemail
Respectfully, no one is stopping you from locking yourself in the basement if you're scared?  ..and that's a bit of a stretch but truthfully if you are concerned, say you're compromised, we can completely empathize with that position.  What is also true is your friends and family will continue to support you if you want them to wear masks around you or if you can't attend some events or functions.  No one who lived through this will ever judge anyone who has concerns...  ...but that doesn't mean we should continue to curtail society because we empathize with your apprehension.  |M. Grimaldi|2022-02-11 20:53:12.127|1|3|article-between-apathy-and-outrage-the-pandemic-has-reached-its-messiest-phase.json|globemail
Many countries in Europe — including Sweden, Denmark, the U.K., Norway, Ireland and Switzerland — are removing all mandates and restrictions.  When Canadian provinces start to do the same they are called Right Wing Neanderthals.   When truckers and others protest against NEW mandates they ae demonized and vilified.  Trudeau's divisive tactics for political purposes are repulsive. Boxed and corned politically, he offers no plan to end restrictions, no health bench marks that would lead to relaxation of restrictions. |BC Thoughts|2022-02-11 14:06:10.929|0|2|article-between-apathy-and-outrage-the-pandemic-has-reached-its-messiest-phase.json|globemail
We are one of the most vaccinated countries on the planet.  Please tell me why 90% of us still have restrictions on travel or why businesses have capacity limits if the passport remains in place.  Why can other countries, with lower vaccination rates, can open fully without masks but we can’t?    What is the end game if this isn’t it?  |Skeptical Man|2022-02-10 23:06:02.066|0|2|article-between-apathy-and-outrage-the-pandemic-has-reached-its-messiest-phase.json|globemail
Excellent article, Mr.  Mason. I have often wondered about how today's gaggle of malcontents who rail against simple things, such  as getting vaccinated, wearing a mask in public, or vaccine passports in the face of a global pandemic, would have coped with the rationing mandated during World War II, and other hardships of that era.  Sadly, I am afraid it is the way children have been raised in the last two or three decades. Selfishness is what prevails nowadays. Little seems to have been taught about  community, manners, respect for elders, critical thinking, and empathy towards other people. It is so sad.   |UrbanMT|2022-02-11 00:36:23.850|0|2|article-between-apathy-and-outrage-the-pandemic-has-reached-its-messiest-phase.json|globemail
The pandemic killed nearly 6 million people. How many died from wearing a mask.|omigosh|2022-02-11 03:14:51.244|1|2|article-between-apathy-and-outrage-the-pandemic-has-reached-its-messiest-phase.json|globemail
"Your one sentence, ""It’s why the federal Conservative Party of Canada were so comfortable crawling into a proverbial bed with these losers."", is emblematic of the rot that has overtaken main stream Press.   Hard working men and women, and children, travelled from all across the country just to make the politicians pay some attention to their fears, anger, concerns and demands.  No different than protesters of any stripe except without violence, wanton destruction of private and public property, and threats against police which, in every single instance in the past, Justin Trudeau and the Liberal Party of Canada has deliberately chosen to ignore or even encourage for their own gain.    I challenge you or anyone else to point to any single protest in the past 50 years when there have been so many Canadian flags on display, waved with pride. And yet you, like our Prime Moron, choose instead to slander and demonize those in Ottawa and call them losers?  That's disgusting. "|Ceejaybee|2022-02-11 13:43:15.168|0|2|article-between-apathy-and-outrage-the-pandemic-has-reached-its-messiest-phase.json|globemail
"This article may pass as ""opinion"" but it is certainly not investigative journalism, but there is something of even greater importance here; this article denies and minimizes the rub that has set a good portion of the country against the handling of the pandemic. In imposing the mandates, JT stirred up the country and undermined the public faith in the handling of the pandemic. Put the blame where it belongs - on our prime minister, on our leadership, and stop blaming the ordinary people of Canada who have now put up their hands in the face of all this craziness and are now so done with it. If there were real consequences, JT would apologize and resign."|speaking of that|2022-02-11 00:52:46.859|0|2|article-between-apathy-and-outrage-the-pandemic-has-reached-its-messiest-phase.json|globemail
Respect for Trudeau - you really mean Justin Castro. There are no shortage of ethics violations and to think this is not on him? SNC, We Charity, Blackface, Aga Khan holiday, B.C. surfing holiday to avoid the natives for reconciliation, Huawei (still not banned) and a host of things we don't even know about. This full stop never had to happen in the first place. Truckers went from heroes in the early days to Zeroes now? You failed on this one Gary. |SIRFRANCISDRAKE|2022-02-11 22:10:02.464|0|2|article-between-apathy-and-outrage-the-pandemic-has-reached-its-messiest-phase.json|globemail
"Gary Mason says:  ""It’s why the federal Conservative Party of Canada were so comfortable crawling into a proverbial bed with these losers.""  How can the Globe & Mail allow this clearly unobjective, denegrating comment about the truckers who are fighting to keep their income stream?  I would like to to see  how Gary responding if someone aborted his ability to earn a living."|Pauline888|2022-02-10 20:22:09.227|0|2|article-between-apathy-and-outrage-the-pandemic-has-reached-its-messiest-phase.json|globemail
It's not just the frustration.  We have endured them patiently.  It's that the situation has changed, which means the justifying science has changed.  Trudeau is defending a position that is no obsolete.   When public health is fighting an epidemic, they try to separate the sick from the healthy, and contact trace people as new cases appear.   But this is no longer possible.  The virus is endemic, and like it or not, we are already approaching herd immunity.  The methods of continuing an epidemic strategy are not productive when a disease is endemic.  So, in fact, THE SCIENCE IS WITH THE PROTESTERS!  Public health should now focus on therapeutics for the disease, and giving people the information they need to make the best decisions for themselves. It is arguable that the milder form o the virus should be let run because it will endow most of the population with natural immunity, while the vaccine has diminishing effects,  |app_68948708|2022-02-11 17:08:43.423|0|2|article-between-apathy-and-outrage-the-pandemic-has-reached-its-messiest-phase.json|globemail
There is a lot of anger, sadness, and frustration about the damage caused by Covid-19 restrictions. As research on the impact of the restrictions and lockdowns is being published by scientific groups such as the British Medical Journal, Frontiers in Psychology, and the recent research by Johns Hopkins, more and more citizens around the world are facing the reality that the medical strategy caused more harm than any good. It is time to get rid of all remnants of the lockdowns and restrictions. It is time to let the world heal and recover.|Bprov|2022-02-11 01:48:10.973|0|2|article-between-apathy-and-outrage-the-pandemic-has-reached-its-messiest-phase.json|globemail
Should the Brits look away from Johnsons parties if they feel overall average was acceptable for leadership during Covid?  The public has a right to state concerns over poor leadership, hypocrisy etc.  And the PM should address founded concerns.  Convoys of trucks blocking bridges etc no, but he has displayed little accountability to a significant number of missteps that leave us where we are.  Looking back in our history I don't see many (any?) that would have done worse.|THX138|2022-02-10 22:37:47.279|1|2|article-between-apathy-and-outrage-the-pandemic-has-reached-its-messiest-phase.json|globemail
"One of the more sober-minded  G & M commentaries on the current state of play--Coyne's, by comparison, today, contradicts itself at times, as well as previous articles by him, and he lets his imagination run away with him here and there.    Mason is right to wonder what would have happened if this were year 4 of WWII. Would people be able to do without their social media, the NHL , the Raptors etc?? Rather let people overseas fight the War for them??   Mason is ""right on"" when he says that the protest etc. is really directed almost exclusively at Trudeau and the need to remove him as PM. Fair enough; but the Liberal Party and the Canadian public had the opportunity to do that just last year (# 2 of the pandemic) in a general election and did not.   Surely the point is that Covid-19 is a fearsome invisible enemy that has tested most world leaders. Trudeau's record is creditable, but, of course, with some mistakes. But which other Canadian political leader would have done better?    "|Pere Goriot|2022-02-10 22:28:03.367|0|2|article-between-apathy-and-outrage-the-pandemic-has-reached-its-messiest-phase.json|globemail
Gary is upset the ruling class is being questioned by people who should just do as they are told.|S Why|2022-02-11 11:05:51.787|1|2|article-between-apathy-and-outrage-the-pandemic-has-reached-its-messiest-phase.json|globemail
I’m double fascinated, boosted, I think covid restrictions should end, don’t like the border crossings being disruptive, our laws need to be enforced, however, I can understand protesters frustration, I’m frustrated and have lost trust in our politicians, especially our Prime Minister. |app_69289858|2022-02-11 15:48:32.813|0|2|article-between-apathy-and-outrage-the-pandemic-has-reached-its-messiest-phase.json|globemail
I love the comparison to WW2.  We in Canada have become so spoiled.  We want our politicians to be able to give us whatever we want, and give it to us now.  People tend to think they are 'experts' in whatever they decide to be.  I am not a Doctor.  I want to follow the guidelines or the real experts, not some frustrated individual dying to get to Florida for some sun.  I have not been a Trudeau supporter, but I support his desire to keep us healthy until the expert scientists and Doctors give us the 'OK'.|Older and Wiser|2022-02-11 14:24:15.770|0|2|article-between-apathy-and-outrage-the-pandemic-has-reached-its-messiest-phase.json|globemail
"What a disappointing editorial! When will we stop calling people we disagree with names, eg. ""losers"". And when is it ever o.k. to scold or even insult the readers eg. ""Have people forgotten how this country works?"". We need to rise above the schoolyard mentality. I expect so much more from our national newspaper. Additionally, I didn't find there was much compelling content. I learned nothing. Mr. Mason, you need to do better. To the publisher of the Globe & Mail, you need to do better. "|Roland Walton|2022-02-11 23:30:47.182|0|2|article-between-apathy-and-outrage-the-pandemic-has-reached-its-messiest-phase.json|globemail
Firearms control is the same divisiveness and vilifying antics with lies and punishment for licensed firearm owners that are not the problem and have broken no laws,along with 2,2million owners they are quite peaceful, don't you think? If they were like Trudeau or Bill Blair says  (you just believe without facts) , every city would sound like the Firecracker day on halloween! What if's sounds like your vilifying RCMP licensed Firearm owners.Why?If they did as you say why just a few 100 people? Truckers took 3000 Truckers again, if if's! Its time to stop vilifying with dividing Canadians in to camps,you sound afraid and intitles more than others?|Ken3185|2022-02-11 09:22:06.601|1|1|article-between-apathy-and-outrage-the-pandemic-has-reached-its-messiest-phase.json|globemail
Oh - stop it, Older and Wiser (and Gary)! This has never been a war, and people are tired of pretending it is. The comparison is ridiculous.|rich2099|2022-02-11 15:51:39.895|1|1|article-between-apathy-and-outrage-the-pandemic-has-reached-its-messiest-phase.json|globemail
And you believed that the US would devolve into chaos before Canada does, Steve?  |Snowaway|2022-02-11 04:52:28.280|1|1|article-between-apathy-and-outrage-the-pandemic-has-reached-its-messiest-phase.json|globemail
Excellent article.  I continue to be amazed reading through the comments how divorced from reality so many people are. ..And here I have been thinking all the stupid and ignorant people against health safety are in the U.S.  Tis is not right against left, rich against poor.  It is about elected politicians doing what they are supposed to do- protect the people they represent.  The truckers are being used as pawns and controlled by right wing media  from America and eastern Europe.  The pandemic will soon be over, and we can take the masks off and travel.  Until then, let's just relax and get this unfortunate situation behind us, and not get taken in by Trumpism.  -And enjoy a level of health not enjoyed by many countries around the world.|Older and Wiser|2022-02-11 14:20:17.214|0|1|article-between-apathy-and-outrage-the-pandemic-has-reached-its-messiest-phase.json|globemail
There is only one exit strategy from this mess. Legislate mandatory vaccination for all the over 60s.   There are over half a million Canadians over 60 and still unvaccinated. This is the population that is prolonging a continual healthcare crisis, filling ICUs and preventing others from accessing treatment; disrupting education; and causing economic devastation through unemployment and spiralling debt.   They must be made to take their vaccines. |Freddie Silk|2022-02-11 03:21:06.802|0|1|article-between-apathy-and-outrage-the-pandemic-has-reached-its-messiest-phase.json|globemail
"The ""old weapons"" - vaccines, masks, ventilation, etc - are just as effective now in protecting most people against serious disease caused by Covid. The reason that the hospital systems did not collapse during the Omicron wave is because of the high vaccination rate. Vaccines prevented most people from developing serious disease, which was their mission.  I don't think that Mr. Mason was disdainful of people who are tired of restrictions. I think he is critical of people who that that public health policy should be based on whether they are done with Covid or not."|rocz1|2022-02-11 05:41:54.856|1|1|article-between-apathy-and-outrage-the-pandemic-has-reached-its-messiest-phase.json|globemail
Candice Bergen stated that the protesters were   Passionate, patriotic, and peaceful -  the 3 P's of enabling   Then she flip flopped.  I think for this to end we at at least need to determine the difference between facts and alternate facts.    |GregaryPeckary|2022-02-11 09:30:16.228|0|1|article-between-apathy-and-outrage-the-pandemic-has-reached-its-messiest-phase.json|globemail
Did your own research, eh?|on the Plateau|2022-02-11 02:56:57.103|1|1|article-between-apathy-and-outrage-the-pandemic-has-reached-its-messiest-phase.json|globemail
Yes, it looks like a messy ending but that is what happens when people lose faith in things and decide to move on.  While not the best, a suboptimal ending is not a disaster.  It just means adjustments in the management of the pandemic, and in expectations, will have to be made.  The writer would do well to start making some expectation adjustments of his own as a great number of people in Canada have lost a lot through the pandemic and it is inappropriate that they are ridiculed for saying they have had enough.    Further, there is a very bold assertion in in this article that need to be called out.    See Pt 2 following.|speaking of that|2022-02-11 00:50:47.293|0|1|article-between-apathy-and-outrage-the-pandemic-has-reached-its-messiest-phase.json|globemail
With the politicization of Covid as a wedge issue, governments cant unwind the restrictions, even if it is the appropriate thing to do, without being accused of caving into the protesters.   So now we are stuck with keeping them longer than necessary just to support partisan political interests.|app_72107751|2022-02-11 16:07:10.004|0|1|article-between-apathy-and-outrage-the-pandemic-has-reached-its-messiest-phase.json|globemail
"The author writes that the protests in Ottawa are not about vaccine mandates but are simply a protest against JT. This defies belief as the simplest explanation is that the protests are against both. JT brought in the mandates as a wedge issue during the election to make the unvaccinated pay - and now there is payback. Targeted truckers and their trucks are at the heart of these protests and everywhere there are large visual signs calling for an end to the mandates. There is no need for the writer to invoke a deceptive conspiracy theory by which ""the losers"" have concocted vaccine mandates as a 'cover story' for their opposition to JT. Real pain was applied and real (however crazy) protests emerged.  Pt 3 following."|speaking of that|2022-02-11 00:52:10.029|0|1|article-between-apathy-and-outrage-the-pandemic-has-reached-its-messiest-phase.json|globemail
"Not really!  USA put on the mandate for truckers before Canada!  No unvaccinated canadian trucker would be let into the USA!  You and so many others are using this empty ""excuse"" to go on with damaging their own country for what?"|prague|2022-02-11 03:37:30.046|1|1|article-between-apathy-and-outrage-the-pandemic-has-reached-its-messiest-phase.json|globemail
Seems our elected official seems to skirt the Charter of Rights and Freedoms and this by our elected official need to have a refresher in said Rights and Freedom as well as our public Fundamental freedoms 2 Everyone has the following fundamental freedoms: (a) freedom of conscience and religion; (b) freedom of thought, belief, opinion and expression, including freedom of the press and other media of communication; (c) freedom of peaceful assembly; and (d) freedom of association. Life, liberty and security of person. they are not folowing these rules and these laws were made so Government and officials can't step on us to put us down! These are the highest laws in Canada, who gave politicians the right to ignor these rights or any entitled citizen that I see here! We have rule of law protest are in these rights no matter how wronged you feel They are what definds us a Canadians. |Ken3185|2022-02-11 09:44:22.035|1|1|article-between-apathy-and-outrage-the-pandemic-has-reached-its-messiest-phase.json|globemail
If Justin would have chose not to denigrate people just because they don’t agree with him we wouldn’t be where we are now. Especially with his MSM political lackeys doubling down on alot of unfounded bs. All this has only helped make the protesters even more determined. They want to be listened too not insulted. There are adjustments the government could have made to their covid measures , while saving face for everyone , but unfortunately that takes leadership. |app_69507493|2022-02-11 10:42:36.699|1|1|article-between-apathy-and-outrage-the-pandemic-has-reached-its-messiest-phase.json|globemail
You are into semantics rich.  No, it is not a war but the need for all of us to pull in the same direction is real.  By the way, 42,000 Canadian soldier died in WW2.  That's less than have died from COVID in a shorter time period. |Walter vV|2022-02-13 17:17:00.183|1|1|article-between-apathy-and-outrage-the-pandemic-has-reached-its-messiest-phase.json|globemail
This protest could have been over (or at least scaled back) a week ago if the PM had publicly said in front of the Ottawa crowds what he said just recently inside parliament.  Albeit I am paraphrasing the PM, he is also sick and tired of this pandemic;  Negotiators know the key to stakeholders collaborating to reach their own objectives is acknowledging the other's point of view, not necessarily agreeing with each other; however, acknowledging they were heard and understood. If this protest ends calmly, the world will notice and treat it as a model on how well people are lead, act, and are treated in Canada; however, if this protest ends poorly and shamefully, it will get the same notice and consideration of a hockey game riot on the streets of Vancouver. |G.E.S. AA|2022-02-11 03:56:13.383|0|1|article-between-apathy-and-outrage-the-pandemic-has-reached-its-messiest-phase.json|globemail
Apparently you did not read the article, nor do you understand that Trudeau did not put up the mandates that really matter in our lives. This is the provinces jurisdiction.|on the Plateau|2022-02-11 02:58:51.798|1|1|article-between-apathy-and-outrage-the-pandemic-has-reached-its-messiest-phase.json|globemail
OTP - Trudeau put a lot of mandates in place, all COVID mandates around borders, inter-provincial travel, civil servants etc. All 'really matter'.   Let's review the federal 'leadership' highlights from the last 2 years: Trudeau thought developing a vaccine with the Chinese state was the way forward at the beginning of the pandemic. Then his ministers sent a huge amount of our scarce PPE to China. Then we witnessed federal flip flops on borders and mask wearing, AKA the 'easy stuff'. Then vaccines arrived late due to the China vaccine co-development fiasco. Then the politicization of vaccines/COVID containment measures began... Then Trudeau called an unnecessary election during the delta wave where Canadians got to see packed political rallies with no distancing or masks - then we had to all go line up and vote - while it was way too dangerous to do literally anything else.   None of this should be blamed on the man leading the country tho, right? Just because Trudeau was in charge and made so many errors - and with those errors ultimately gave rise to massive, globally recognized trucker protests. But no way is Trudeau to blame for any of it.   Must be all Harper's fault. Right? |HeatherDavid|2022-02-11 16:14:10.330|1|1|article-between-apathy-and-outrage-the-pandemic-has-reached-its-messiest-phase.json|globemail
Well, your 1st sentence, Gary, is also likely to be true in Canada where our Convoys are concerned.    When we think back (hindsight is always 100 %) if we had placed a number of barriers in a few strategic places, the Taking of Ottawa might never have happened.  |Val_Trudeau|2022-02-11 04:07:40.774|0|1|article-between-apathy-and-outrage-the-pandemic-has-reached-its-messiest-phase.json|globemail
"Alberta announced a plan to end pandemic restrictions, including the immediate end of the vaccine passport, and the Coutts blockaders just scoffed. One blockader said on TV that Kenney only gave them ""10%"" of what they wanted and they were going to stay.  What would negotiations with a group of people who want 100% or nothing look like? And why should an elected Government ignore its scientific advisors, parliament and cabinet and cave in to the demands of a few hundred people?  You're suggesting that we should be governed by negotiations between a PM or Premier and blockaders. A few hundred people opposed to  gun control or abortion or whatever could roll up next, blockading an airport or border, and demand that the Government do everything they want or resign. It would be an ugly and undemocratic future."|rocz1|2022-02-11 05:27:44.807|1|1|article-between-apathy-and-outrage-the-pandemic-has-reached-its-messiest-phase.json|globemail
"""...and the recent research by Johns Hopkins...""  1. Not done by Johns Hopkins 2. Not done by epidemiologists 3. Not actually research.  ...But hey, other than these small flaws, let's Trumpet it across Facebook for the gullible..."|MMackinnon|2022-02-11 13:07:44.059|1|1|article-between-apathy-and-outrage-the-pandemic-has-reached-its-messiest-phase.json|globemail
"So it seems that a movement that began to protest public health measures to reduce the burgeoning load on hospitals and the health care system is rapidly morphing into a coup. ""Coup"" is not too strong a term to use for a movement that has the aim of replacing our duly elected government (and based on some of the banners – to imprison or execute our prime minister), a movement that is well-funded and, as stated in a recent CBC article, is advised on strategy and tactics by ex police, counter-intelligence and military personnel, a movement that seems intent on damaging our economy. Our leaders seem powerless to come up with solutions to stop the insurrection and our police seem reluctant to enforce the law for fear of “escalating” the situation. While I applaud law-enforcement authorities for wanting to avoid violence, the situation is “escalating” by the day as the blockades continue to grow, the occupiers get more firmly entrenched, and international funds from right-wing groups pour in. The international support of the coup by right-wing groups reminds me of wolves focusing their efforts to bring down the most vulnerable member of the herd. Who will be their next victim? "|LYNVIKRAM|2022-02-10 23:37:25.634|0|1|article-between-apathy-and-outrage-the-pandemic-has-reached-its-messiest-phase.json|globemail
Totally agree. If laws aren't going to be enforced, bridges blocked, commerce interrupted, and now plans to block airports and schools this is a coup. Pandemic restrictions are coming down, but this mob wants nothing less to overthrow the government. If the armed force are not on high alert at this point, are we going to end up fighting hand-to-hand combat in the streets? |Steve M8|2022-02-10 23:44:15.947|1|1|article-between-apathy-and-outrage-the-pandemic-has-reached-its-messiest-phase.json|globemail
Getting a bit of news now that, of course, both Trudeau and Ford are working behind the scenes and to their credit both have had to keep quiet and just accept the continuous attacks from media, politicians and commenters. It actually takes some courage to keep what you know secret and get pummeled every day by Candice Bergen.  Always remember that Trudeau and other leaders are getting a constant flow intelligence from various sources. I know this is hard to believe, but they actually know a lot more than the pundits, columnists, and anchors.  |John W.|2022-02-11 13:49:12.718|1|1|article-between-apathy-and-outrage-the-pandemic-has-reached-its-messiest-phase.json|globemail
Mason sounds disappointed but what else is new?  |tip2|2022-02-11 09:49:18.523|0|1|article-between-apathy-and-outrage-the-pandemic-has-reached-its-messiest-phase.json|globemail
Yes, but....  It's true that our governments haven't done a good job at protecting our hospitals beyond moving into lockdown at the 11th hour when things were looking grim.  They could have done MUCH more and both of these past winters waves wouldn't have been as bad in terms of lockdowns if they had.  That said however, beyond band-aid emergency measures (which they didn't use effectively), improving surge capacity in our hospitals is a longer term fix.  Even 2 years into this there was never a way that our hospitals could have been fully ready.  It takes a minimum of three years to train a new nurse, for example.  |Rationalthought|2022-02-11 13:20:02.460|1|1|article-between-apathy-and-outrage-the-pandemic-has-reached-its-messiest-phase.json|globemail
So it's fine for them to put lots of other people out of work due to their protests. Also there is a nation wide shortage of truckers with many of the routes being within Canada so if they want to work there is lots of work for them. No sympathy at all for their whining.|b_archibald|2022-02-10 20:35:30.492|1|1|article-between-apathy-and-outrage-the-pandemic-has-reached-its-messiest-phase.json|globemail
Again you missed @Pauline888's  point |Reality77|2022-02-10 22:27:31.522|1|1|article-between-apathy-and-outrage-the-pandemic-has-reached-its-messiest-phase.json|globemail
Oh Gary Mason - You must be so, so tired of defending the endlessly error prone Trudeau. Yet again - nothing is Trudeau's fault. What was the poor boy wonder of a PM supposed to do - all he ever wanted was the very best for Canadians **cue the faux sorrow**   If you take a step back Gary - just for a moment - you might have considered all the mandates reconsidered by premiers coast to coast. Most notably Quebec, where Legault imposed and then repealed a vaccine mandate for health care workers. The Quebec premier must have listened to feedback from his colleagues and those representing health care workers - heard it would cause more trouble than it was worth - reconsidered, and moved on. Disaster averted.   Trudeau on the other hand - heard the same from the trucker organizations, 'this won't go over well at all!' We now know, thanks to Joel Lightbound and Yves Robillard he heard pleas from colleagues to act more responsibly, more PM-like, 'don't demonize and vilify Canadians who disagree with your COVID strategies, it's causing acute social divisions'   Unlike Legault, Trudeau refused to listen. The now globally famous protest and its ruinous handling are entirely on Trudeau |HeatherDavid|2022-02-11 13:36:42.135|0|1|article-between-apathy-and-outrage-the-pandemic-has-reached-its-messiest-phase.json|globemail
One more thing about the writer. It seems for him this is about the invisible caste system. We have the ruling class and the working class, for Gary it seems he is upset the working class is daring to question the ruling class, which he feels he is a part of. The complete disdain he shows for people he believes are under him shows through in his articles|S Why|2022-02-11 13:38:19.497|0|1|article-between-apathy-and-outrage-the-pandemic-has-reached-its-messiest-phase.json|globemail
You make some good points Gary but you miss several too.  Our PM has flipped and flopped on many fronts that could have helped us during the pandemic, from passports (no) to passports (yes), to a billion given to Premiers he doesn't trust to roll out a platform that didn't allow for cross border travel, to no to treatments that could have eased the burden, to the election call itself at a time when we were vulnerable.  And in it he displayed his own lack of attention to controls.  Families could not convene for funerals in Ontario but he smashes hundreds together in a hotel in Brampton so they could pay him tribute.  At a time when vaccination rates were lower.  The hypocrisy has been an issue.    I do NOT support the blockades or the supposed protests, but concern over our PMs actions are founded and not addressed.  He owns much of the angst here.   |THX138|2022-02-10 20:52:26.335|0|1|article-between-apathy-and-outrage-the-pandemic-has-reached-its-messiest-phase.json|globemail
"Actually, I'd say the hyperbole has been an issue. Just to pick a few....  ""...no to treatments that could have eased the burden...""  So, which treatments that could have eased the burden have not been approved by Health Canada?  ...Not that the review of drugs is actually something performed by Justin Trudeau, but hey, let's see some actual evidence, there, not promotion of snake-oil treatments....  ""Families could not convene for funerals in Ontario...""  Sure: how's the ventilation in most funeral homes? Lots of people have gone on about the whole, ""OMG, they're targeting small businesses and letting Costco and Walmart stay open!!!1!"" when the bottom line was 1) Costco and Walmart are essentially in big warehouses and 2) even they had limits on the number of people they let in. So, how did Justin Trudeau breach the restrictions put in place by Ontario, there?"|MMackinnon|2022-02-11 14:12:41.811|1|1|article-between-apathy-and-outrage-the-pandemic-has-reached-its-messiest-phase.json|globemail
"These days, journalists -- even columnists -- are definitely not part of the ""ruling class"" and this particular columnist has never been shy about questioning the ruling class, so I'm not sure where your presumption about his beliefs comes from. "|a_parent|2022-02-11 14:58:14.548|1|1|article-between-apathy-and-outrage-the-pandemic-has-reached-its-messiest-phase.json|globemail
It’s a protest against Prime Minister Justin Trudeau. The organizers, who hail mainly from the Prairies, hate the man. Many who have since joined the encampment have an intense dislike for him as well. Some are anarchists who want to overthrow the government. It’s why the federal Conservative Party of Canada were so comfortable crawling into a proverbial bed with these losers. Spot on.|MavnGoose|2022-02-12 08:55:28.133|0|1|article-between-apathy-and-outrage-the-pandemic-has-reached-its-messiest-phase.json|globemail
He is most assuredly elitist and demeaning.|Jim _Peg|2022-02-11 23:36:40.189|1|1|article-between-apathy-and-outrage-the-pandemic-has-reached-its-messiest-phase.json|globemail
Thanks Gary for saying what needs to be said. You couldn't have done it any better.|app_66104517|2022-02-11 13:03:55.750|0|1|article-between-apathy-and-outrage-the-pandemic-has-reached-its-messiest-phase.json|globemail
  The pandemic is essentially over but authoritarian practices are not. The trucker mandate is unneeded and unneccessary and needs to be removed as a common sense measure.|tinman1957|2022-02-10 21:46:32.851|0|1|article-between-apathy-and-outrage-the-pandemic-has-reached-its-messiest-phase.json|globemail
You are aptly named, sir|TerriDube|2022-02-10 22:30:28.986|1|1|article-between-apathy-and-outrage-the-pandemic-has-reached-its-messiest-phase.json|globemail
"Let's not pretend Canadians were fully united and in lockstep in the WWI and WWII efforts. We had riots against conscription (mainly in Quebec) and a divisive plebiscite on conscription in 1942. I'm sure the rioters were fighting for their ""freedom"" from the draft. In times of great stress, it's understandable that fractures arise in society."|frank_sobotka|2022-02-11 22:41:57.917|0|1|article-between-apathy-and-outrage-the-pandemic-has-reached-its-messiest-phase.json|globemail
"Most of the ""losers"" are not cross border truckers.  You know that right?"|Martin_in_BC|2022-02-11 01:27:05.446|1|1|article-between-apathy-and-outrage-the-pandemic-has-reached-its-messiest-phase.json|globemail
"""It takes a minimum of three years to train a new nurse, for example.""  This. We saw on these very pages the criticism around the federal procurement of mobile hospital / ICUs, which ended up not being taken up by the provinces because the real choke point is the lack of trained ICU doctors and nurses.  ...And Doogie Howser aside, it's around seven years to train a doctor, last I looked...."|MMackinnon|2022-02-11 13:26:05.324|1|1|article-between-apathy-and-outrage-the-pandemic-has-reached-its-messiest-phase.json|globemail
If govt wants to solve this. Set up stronger medical system - field hospital covid 19 for the uvaxxed (bare bones military basic icu care).  Free up the hospitals, give medical workers some well deserved capcity.  And the population can transition to normal.  Stop the border population control as it does nothing but crush trade and drive inflation.   Fix the root cause  - an overwhelmed medical system which should have been P1 in the first days of this.  Stop vaxxination politics  cause you will never reach 100%. Common sense govt has disappeared and our military capacity never really tested enough.|Dlacey77|2022-02-11 11:46:50.018|0|1|article-between-apathy-and-outrage-the-pandemic-has-reached-its-messiest-phase.json|globemail
Thanks Gary for a well written article. It doesn't matter what Trudeau does, there will be criticism. I think Justin should ignore all of the noise and do what he is elected to do. If those who hate him want him tossed out, the opportunity will come next election. Until then, he is our PM and deserves respect.|ivy14|2022-02-11 20:25:40.114|0|1|article-between-apathy-and-outrage-the-pandemic-has-reached-its-messiest-phase.json|globemail
"These ""losers"" were essential workers from March 11 2020 until January 2022 when they became a fringe minority of racist misogynist anti vaxers. Surely the PM could face the nation and explain how many cases the scientific modelling found that these losers who live in a truck cab alone most of the time are the cause of the infection problem more so than the non vaxers who are free to enter most grocery stores without a vaccine passport. That would be leadership with Canadian values!"|BHolden|2022-02-10 23:31:26.748|0|1|article-between-apathy-and-outrage-the-pandemic-has-reached-its-messiest-phase.json|globemail
"What a HORRIBLE apologist for Mr Trudeau. The PM has been missing in action and when he does pops his head above ground, hurtles invectives at Canadians. Canadians, that are Canadians and that are Canadians. The government is supposed to be for all of it's citizens, not the latte sipping, granola crunching elites that Gary so epitomises.  Mr Trudau hides behind the ""science""  which he clearly does not understand other than to use it as a foil to control the populace and advance his political cause. The sooner that the ""Laurentine Elitiest"" goes , the better for the country.  BTW, another missive from Gary not demonising Kenny? "|TBayrock99|2022-02-11 17:08:48.289|0|1|article-between-apathy-and-outrage-the-pandemic-has-reached-its-messiest-phase.json|globemail
Those countries, unfortunately, are also ignoring the fact that populations are dying 3 times faster in places like the US and Brazil, Argentina.  Kind of self-centered, don't you think? That's what ''learning to live with the Virus'' is all about.    All very self-serving, personally, and politically.   |Val_Trudeau|2022-02-11 14:46:36.500|1|1|article-between-apathy-and-outrage-the-pandemic-has-reached-its-messiest-phase.json|globemail
AB and SASK  capitulating.  This is what will prolong these blockades.  The protesters are emboldened.   |GregaryPeckary|2022-02-11 10:14:41.339|0|1|article-between-apathy-and-outrage-the-pandemic-has-reached-its-messiest-phase.json|globemail
Hey GP, is NY state capitulating too? Is the UK capitulating? What about most of continental Europe, also capitulating? What about Michigan, Minnesota, New Jersey, Delaware, Maine too? All capitulating?   It's pretty clear the time has come to end the mandates for one of the most vaccinated counties on the planet.   Dropping increasingly unnecessary mandates will end the blockades. |HeatherDavid|2022-02-11 15:43:36.129|1|1|article-between-apathy-and-outrage-the-pandemic-has-reached-its-messiest-phase.json|globemail
Are you in the 10%?  And what’s this got to do with the op-ed?|arctic parrot|2022-02-11 21:37:20.639|1|1|article-between-apathy-and-outrage-the-pandemic-has-reached-its-messiest-phase.json|globemail
Be patient it almost over.   |GregaryPeckary|2022-02-11 18:26:19.234|1|1|article-between-apathy-and-outrage-the-pandemic-has-reached-its-messiest-phase.json|globemail
I'm going to age myself slightly with this comment but...  ...if you opened the phonebook and took ten names at random, you have a 90% chance that one of the people you picked would be a better PM than Mr Trudeau.   He has failed on every file.   i.  On the economy: Canadians were poorer in real terms pre-covid than they were before he showed up and Canadians are poorer still today.  ii. Domestic Affairs: As of today, there are entire segments of the country who despise other entire segments of the country.  On top of the fact that he has created a new class of people, the unvaccinated who are to be feared, tortured and demeaned.  Add that to the last election which was, if I'm remembering correctly, the lowest share of the vote to ever yield a gov't in the second lowest turnout in Canadian history.  iii. International Affairs: Well when you're excluded from a 3 party trade agreement, and you're the 2nd largest economy, I would put it to you that it's hard to do worse than that?  On top of every dress-up field trip he took and caught gossiping in the U.K.   ..but hey, legal pot right?  C'mon people, it's time to admit that we've elected an idiot...multiple times. |M. Grimaldi|2022-02-11 21:15:51.900|0|1|article-between-apathy-and-outrage-the-pandemic-has-reached-its-messiest-phase.json|globemail
Great job Gary.  Calling the protesters losers will really help the situation. Maybe you should show some empathy towards the people that have lost their jobs and businesses due to the mandates and lockdowns.  |Cameron Turnbull|2022-02-10 22:38:27.926|0|1|article-between-apathy-and-outrage-the-pandemic-has-reached-its-messiest-phase.json|globemail
Odd opinion piece Gary, even for you. I just have to ask, do so called losers write their own opinion pieces or do they just recycle what is passed on from the PMO.  This pandemic has become messy, for one reason and one reason alone, the complete lack of leadership from the top. As Mr Lightbound so eloquently opined, the Liberals have politicized vaccines and vaccine mandates and now it's coming back to haunt them.  This is not this hapless government's finest hour, far from it. |HeavyJetCaptain|2022-02-11 03:09:58.698|0|1|article-between-apathy-and-outrage-the-pandemic-has-reached-its-messiest-phase.json|globemail
No, he is saying it is your right to be hyper vigilant, but don't expect all of society to follow your extreme risk aversion. |Jim _Peg|2022-02-11 23:34:52.142|1|0|article-between-apathy-and-outrage-the-pandemic-has-reached-its-messiest-phase.json|globemail
"Guy with Canadian flag on his back at the protest being interviewed, ""It's like the Nazis, and we're the Jews!""...I guess they doctored the sound to get that bite, the fake news and all.  Easy to grab a flag, fly it rightside up or upside down if you're not sure which is up.  Justification of your point of view by numbers of flags, actually the Nazis did get that statistic VERY right!  Take a look at any Canada Day, huge number of flags, the real Canadians.  "|Canadian70|2022-02-12 01:11:41.662|1|0|article-between-apathy-and-outrage-the-pandemic-has-reached-its-messiest-phase.json|globemail
Bouncy castles and waving Canadian flags are a clever tactic.  If you can't see the con, you're the mark. |news reader 2020|2022-02-11 20:25:56.944|1|0|article-between-apathy-and-outrage-the-pandemic-has-reached-its-messiest-phase.json|globemail
These days the rabble demeans itself. It isn't elitist to refuse to legitimize the rantings of the rabble.|MavnGoose|2022-02-12 09:02:27.680|1|0|article-between-apathy-and-outrage-the-pandemic-has-reached-its-messiest-phase.json|globemail
Wow.   That's one complicated way of saying what exactly?   Living in a society where a higher death rate is perfectly OK with you.   You realize, I hope, that many of our citizens don't feel that way.|Val_Trudeau|2022-02-11 21:31:13.447|1|0|article-between-apathy-and-outrage-the-pandemic-has-reached-its-messiest-phase.json|globemail
Oh, I understood that part.   Very questionable.  1.  Why should some people have to hide from Covid once they're fully vaccinated? 2.  How do you live with the yourselves, knowing the additional cost of lives.  Some of those will be in your families, also.|Val_Trudeau|2022-02-12 03:40:33.193|1|0|article-between-apathy-and-outrage-the-pandemic-has-reached-its-messiest-phase.json|globemail
This is so full of blatant strawman and other fallacies that it’s barely worth addressing.  we get it Gary… you have a perspective here, but clearly your journalistic training wasn’t enough for you to at least pretend to present a balanced account of both sides of what is a nuanced subject.|sjg22|2022-02-11 13:40:49.265|0|0|article-between-apathy-and-outrage-the-pandemic-has-reached-its-messiest-phase.json|globemail
"Many countries in Europe have higher rates of people with booster shots (~60% in Denmark).  Despite this, many of these countries are also facing criticisms for going too early, at a time when their hospitalizations continue to be high (UK, Sweden, even Denmark as well).  ...I'd say the UK's response is no model to be emulated there, BC...if it weren't for far worse examples out there (Brazil, Russia, India or the US), the see-sawing UK response would be getting far more criticism.  I haven't called either Premier Kenney or Moe ""Right Wing Neanderthals"" -- I've certainly, though, said they're rolling the dice with the lives of the people in their provinces. It's down to a strategy of ""hope and be lucky"" that they won't get another wave.  And, as I've said earlier, the US response really is a dumpster fire: approaching one million dead. Maybe our government wants something in place to prevent that from coming here, in a context where it doesn't have a lot of levers, and at least some provinces are looking to roll the dice. Setting the rhetoric aside, there is a real policy rationale there.  ""Living with endemic"" doesn't have to mean sitting back and letting 'er rip."|MMackinnon|2022-02-11 14:48:44.009|1|0|article-between-apathy-and-outrage-the-pandemic-has-reached-its-messiest-phase.json|globemail
So many people have lost jobs during this pandemic. Industries teeter on the verge of collapse, and yet our Prime Minister wants to maintain the status quo with regards to restrictions. The airline and travel sectors are hanging by a thread yet, Trudeau insists that if more people get vaccinated that is some kind of magic bullet for helping out families without jobs or hope. He needs to introduce real dates for reopening and sooner rather than later. This is so irresponsible. The Conservatives understand this rationale; and so do many Liberals. Enough with changing the goalposts, open up our economy now; for people's health and personal economic safety. Stop putting people's livelihoods at risk. That part of the pandemic should have ended 3 months ago. Enough!|SittinPretty|2022-02-10 19:31:29.799|0|0|article-between-apathy-and-outrage-the-pandemic-has-reached-its-messiest-phase.json|globemail
"I don't elect politicians to ""protect me"". Think I'll assume that responsibility myself thanks."|Jim _Peg|2022-02-11 23:32:39.054|1|0|article-between-apathy-and-outrage-the-pandemic-has-reached-its-messiest-phase.json|globemail
The pandemic is made up of phases and variants, we are in the post vaccination phase and we are dealing with a much less deadly variant. Lockdowns should be instigated when appropriate, and if not for the fact that the Ford government have done nothing to increase our health system capacity since the start of the pandemic we would have no need of a lockdown. The lockdown for Omicron should not have been required. Even now we could ask what is the Ford government doing to increase our health system capacity so that we don’t need a lockdown when the next Covid variant surfaces? With a vaccination rate approaching 90% it’s hard to justify continuing lockdown measures. Let’s increase ICU capacity so there are no more protecting the health system excuses.|DerekH111|2022-02-11 20:16:26.323|0|0|article-between-apathy-and-outrage-the-pandemic-has-reached-its-messiest-phase.json|globemail
Excellent column Mr. Mason.  You are right on the money.  |AMD88|2022-02-13 21:05:18.124|0|0|article-between-apathy-and-outrage-the-pandemic-has-reached-its-messiest-phase.json|globemail
But you are missing a key point.....as always Vaccination rates are approaching 90% ......what do you expect...100% ? It's like asking for a 100% passing grade on an exam. Federals are responsible for travel restrictions...it's their direct responsibility. Provincial leaders are responsible for restrictions within their own province. What the feds should do is provide targets for reducing/eliminating travel restrictions , based on hospitalization rates, ICU , positivity rates ..etc  For example he can re-introduce PCR tests for travel (no mandate) as an interim step There is NO end on sight. Cheer up....these are the sunny ways he promised !!....let's all enjoy them|Mike_Ithaca|2022-02-13 14:50:36.103|0|0|article-between-apathy-and-outrage-the-pandemic-has-reached-its-messiest-phase.json|globemail
I think I agree with your comment.  A hatred of Trudeau is a big part of what is driving the Freedom Convoy.  Whether that hatred is justified though, is where I would disagree.  Trudeau is not my favourite leader and I hope that the Liberals soon get a new leader.  But the intensity of the hatred is astonishing and uncomfortable.  The hatred I often see in these reader comment  pages is also not what I want Canada to be.  Not only is the intensity excessive, worse it is often so uninformed.  For example most - but not all - COVID mandates are the responsibility of the province.  Not Trudeau.  Yet the Premiers seem to largely escape this hatred.  The anti-Trudeauers often complain about the Trudeau scandal, but has any PM escaped those.  Mulroney had Airbus, Chrétien had Gomrey, Harper had robocalls and Senator spending.  And they all had a few more.  So if you don't like Trudeau, vote for another party, join the Liberals and get another leader.  Do something positive. |Walter vV|2022-02-13 02:48:43.774|1|0|article-between-apathy-and-outrage-the-pandemic-has-reached-its-messiest-phase.json|globemail
"Great column that captured perfectly so many of the frustrations I've felt watching this transpire....remember Kenney's ""best"" something ever...we'll see?  The vast majority, the very silent majority, grumble but carry on, doing what's best for society, and care for fellow Canadians.  Once again, the old adage is proven, ""Empty cans make the most noise""....of course, urged on by politicians of various stripes while our fragile, but so vaunted, health care system totters on the brink of collapse.  I guess then, we can expect a big ""I told you so, Trudeau is the cause of all that is evil"", and the unfortunates are once again forgotten in the noise."|Canadian70|2022-02-12 01:00:15.636|0|0|article-between-apathy-and-outrage-the-pandemic-has-reached-its-messiest-phase.json|globemail
They are not losers. They unfortunate souls who have fallen to a cult of misinformation, resentment, and a fool's errand of a protest that will accomplish nothing. Is that helpful?|David Cooke2.0|2022-02-14 11:59:20.717|1|0|article-between-apathy-and-outrage-the-pandemic-has-reached-its-messiest-phase.json|globemail
"columnists are free to tell us what they think in any language they care to use. That includes Editorial Board.   News reporters, however, are supposed to be ""objective."" Objectivity went out the window at this newspaper. Both in the selection of stories (until very recently, very rarely the ""other side"") and... Language used in the stories. You often don't have to guess which side the ""objective"" reporter personally supports. It's right there in the language used."|Rich Mole|2022-02-12 17:43:56.540|1|0|article-between-apathy-and-outrage-the-pandemic-has-reached-its-messiest-phase.json|globemail
But in retrospect, I hope we can now agree that Canada was correct to join with the other allies and fight.  Difficult decisions often are like surgery.  It hurts at the time but after you recover you feel better and can get back to enjoying life.  It will be interesting to see how history views Canada's response compared to New Zealand's compared to the US's. |Walter vV|2022-02-12 19:12:24.563|1|0|article-between-apathy-and-outrage-the-pandemic-has-reached-its-messiest-phase.json|globemail
"Most Canadians understand that the ""protest"" in Ottawa is only partially driven by trucker issues, and as well that the majority of truckers do not support the actions of the Ottawa protestors.  As for heroes, I applaud the truckers, but many other Canadians were heroes, none more than medical workers who now fear being out on the street in their uniforms.  Ironically it is many on the Freedom Convoy who they are afraid of.  The Freedom Convoyors do not represent truckers or Canadians.  They have had their protest, made their point and should now go home.  "|Walter vV|2022-02-12 19:29:00.816|1|0|article-between-apathy-and-outrage-the-pandemic-has-reached-its-messiest-phase.json|globemail
No, they were zeroes all along, except to other zeroes.  As for Justin Castro - the physical resemblance of Justin to Pierre is obvious. Your resemblance to your ostensible father? Who knows.|MavnGoose|2022-02-12 08:58:05.077|1|0|article-between-apathy-and-outrage-the-pandemic-has-reached-its-messiest-phase.json|globemail
What it has to do with the op-ed is that Mason is, as typical for him, suggesting that most of the blame must fall somewhere other than at Justin's feet. He seems to think that the total lack of federal leadership is just something we should now have come to expect.|Jim _Peg|2022-02-11 23:18:11.695|1|0|article-between-apathy-and-outrage-the-pandemic-has-reached-its-messiest-phase.json|globemail
"Our military now has a good list of prospects that they do NOT want to enlist. Such childish behaviour when compared to the long days of heavy wartime bombing in Europe and Vietnam makes the ""protesters"" rather small.   "|allvodi|2022-02-11 20:59:45.351|0|0|article-between-apathy-and-outrage-the-pandemic-has-reached-its-messiest-phase.json|globemail
I promise if you remove the mandates, masking, vaccine shots and future lockdowns, we promise never ever to use these tactics ever again when we don't like something. Anything. Ever again.  Promise.  |Steve2210|2022-02-11 20:37:27.277|0|0|article-between-apathy-and-outrage-the-pandemic-has-reached-its-messiest-phase.json|globemail
He has not earned our respect. I can't believe the sheep-like acceptance of governmental paternalism and mediocrity in our country.|Jim _Peg|2022-02-11 23:19:47.448|1|0|article-between-apathy-and-outrage-the-pandemic-has-reached-its-messiest-phase.json|globemail
"A powerful piece of writing!  Your reference related to how Canadian citizens handled the anxiety, deprivation,  sacrifice, sorrow, rationing of goods and services, along with continuous uncertainty is something that needed to be recalled!  IT ALSO AMPLIFIED HOW A SENSE OF ENTITLEMENT has infected our present society.   Entitlement and selfishness are poisonous ingredients,  Whatever happened to one of the greatest commandments (  The Golden Rule.."" Thou shall love your neighbour as yourself"")? "|Dennis Lindoff|2022-02-11 20:22:03.157|0|0|article-between-apathy-and-outrage-the-pandemic-has-reached-its-messiest-phase.json|globemail
Not sure why people the organizers or those who joined the encampment are 'losers'. Perhaps Mr. Mason should tone down his rhetoric.|PhilVanS|2022-02-11 20:07:55.495|0|0|article-between-apathy-and-outrage-the-pandemic-has-reached-its-messiest-phase.json|globemail
A person I know who doesn’t follow politics or this issue said, “does this mean the doctors don’t know what they’re doing, and the truckers know more about how to handle a pandemic than the doctors?” I said. “A lot of people think that’s true”.   |John W.|2022-02-11 15:39:01.853|1|0|article-between-apathy-and-outrage-the-pandemic-has-reached-its-messiest-phase.json|globemail
Well done Gary Mason!  Another perceptive and well written opinion piece! He is correct; the protests/occupations were always more about anti government/Trudeau hatreds than vaccine mandates, likely exacerbated by another Conservative right wing loss in the last election. Well, if you can't win Democratically, let's take to the streets, form truck barricades and see if that will work. As for dropping the mandates, didn't Alberta and Saskatchewan try that last summer, with disastrous results, as the virus filled the hospitals and those two provinces had to send patients to other provinces.  It would be prudent to wait a few more months with mandates to ensure that another virus mutation doesn't wreck havoc.|Jay Smyth|2022-02-11 18:53:08.269|0|0|article-between-apathy-and-outrage-the-pandemic-has-reached-its-messiest-phase.json|globemail
Well, when Justin is not snowboarding out in Tofino, he does try to make the odd appearance in his favourite dramatic role as leader of our country - so long as Gerald Butts provides his script, of course.|Jim _Peg|2022-02-11 23:22:49.930|1|0|article-between-apathy-and-outrage-the-pandemic-has-reached-its-messiest-phase.json|globemail
I agree, we should give the people 'the information they need to make the best decisions for themselves.' And we have. It was: GET VACCINATED! This 'milder form of the virus' has filled the hospitals to near over capacity, with almost 50% of hospital patients and ICU patients filled with the unvaccinated, and the untaxed are only about 10% of the population And last summer, didn't Alberta and Saskatchewan declare the pandemic over, open up, with disastrous results? The best course of action is to keep the mandates in place for another 2 or 3 months until the numbers recede and the hospitals get back to normal and perform all the cancelled surgeries.|Jay Smyth|2022-02-11 22:04:14.826|1|0|article-between-apathy-and-outrage-the-pandemic-has-reached-its-messiest-phase.json|globemail
Amazing, so the response to endemic disease is nothing. How far we have fallen. I guess endemic diseases such as malaria, yellow fever, polio, smallpox and the like should have just been ignored.    A disease is currently killing 150 Canadians a day (compare to polio at 500 deaths in the WORST year) and we have people protesting to let the disease rip.  Clearly Canadians were better people when I was a child.|arctic parrot|2022-02-11 20:22:06.805|1|0|article-between-apathy-and-outrage-the-pandemic-has-reached-its-messiest-phase.json|globemail
I, for one, am completely disgusted and fed up with PM Trudeau for his timid, cowardly non-leadership of the country that has allow the illegal protests to fester and spread. He should have done everything he could to uphold the law. Instead he has allowed the people of Ottawa to be besieged for weeks on end.   And now it's taken American pressure for Trudeau to respond to blockade at the border crossing at Windsor. Such an embarrassment.|app_64548352|2022-02-11 16:56:10.045|0|0|article-between-apathy-and-outrage-the-pandemic-has-reached-its-messiest-phase.json|globemail
Gary's contempt for those with a different perspective is on full display. I hate (Gary's word) Trudeau as much as he most likely hates Stephen Harper, but my lukewarm support for the protests (three vaccine shots myself) is because I know how much of the restrictions are political in nature, and how every single new directive is focus grouped to death to see how it will fly with the base prior to launch. It is disgusting partisan politics at its worst. If it was anything else truckers would not have had the mandate handed down in the waning days of the pandemic (during an unnecessary election) with no evidence from anyone ever that they were the cause of the spread, and teachers in BC who bleat incessantly about the danger of it all would have had their own mandate a year ago. If Gary honestly thinks it is all about the few truck drivers left unvaccinated then he really needs to crawl out of his shell and go out and actually talk to people and listen to them. But I won't hold my breath. Easier to sit on his laptop and use his public platform to spew scorn.|Bearmtnmartin|2022-02-11 16:19:10.815|0|0|article-between-apathy-and-outrage-the-pandemic-has-reached-its-messiest-phase.json|globemail
Because we sadly have learned not to expect to see courage and conviction from our politicians. Instead we have Justin and Doug - maybe we have the politicians we deserve.|Jim _Peg|2022-02-11 23:30:49.921|1|0|article-between-apathy-and-outrage-the-pandemic-has-reached-its-messiest-phase.json|globemail
Yep, but a large part of the problem is that they are either using their ''intell''  to further their political agendas, or, to simply prepare political responses to their attackers.|Val_Trudeau|2022-02-11 14:40:21.568|1|0|article-between-apathy-and-outrage-the-pandemic-has-reached-its-messiest-phase.json|globemail
I agree Gary!  Losers kind of sums up the protesters for me!  Maybe angry cry babies as well.|G_Bain|2022-02-11 15:56:34.419|0|0|article-between-apathy-and-outrage-the-pandemic-has-reached-its-messiest-phase.json|globemail
If you're truly concerned about covid restrictions, why would you focus on the PM?  Unless you're an unvaccinated trucker, wouldn't your premier be your focus?  They control your daily lives.|Richard Wright|2022-02-11 20:41:50.313|1|0|article-between-apathy-and-outrage-the-pandemic-has-reached-its-messiest-phase.json|globemail
Exactly.  Your voice echoes the majority in Canada.  |app_72107751|2022-02-11 16:04:08.899|1|0|article-between-apathy-and-outrage-the-pandemic-has-reached-its-messiest-phase.json|globemail
Excellent piece. We are fumbling the ball at the goal line.|rationibus|2022-02-11 15:29:05.919|0|0|article-between-apathy-and-outrage-the-pandemic-has-reached-its-messiest-phase.json|globemail
If we had listened to people like the truckers convoy during WW2, we'd have been back from the war by the end of 1941, and Europe...and most of the world...would look very different today, and not in a good way...but no doubt in a way that too many current day conservatives would approve.|John T.|2022-02-11 15:27:57.244|0|0|article-between-apathy-and-outrage-the-pandemic-has-reached-its-messiest-phase.json|globemail
Disagree that it's semantics. My parents grew up in the Soviet Union, their parents went through the Second World War (in the country in fact most devasted and with the greatest sacrifices in the war), and they think what has been happening in Canada over the last two years is nonsense. How easy for an arrogant leader to turn this into something it's not, and then require everyone to make all kinds of ill-informed 'sacrifices' that make little material difference in the end, while doing enormous damage economically, psychologically, and socially.|rich2099|2022-02-13 21:16:13.826|1|0|article-between-apathy-and-outrage-the-pandemic-has-reached-its-messiest-phase.json|globemail
I, also refer to conditions of the Second World War in conversations about our present “inconveniences”. Our collective memories about “hardship” are pitifully shallow and prevent us from distinguishing between what is temporary and inconvenient from what is real threat of harm. It seems clear that the blockaders have a political agenda that has nothing to do with masking itself. The convoy is a political action in which the disaffected seek relevance.  Noise-making and intimidation appear to be street theatre which serves as an easy alternative to real political work which requires long-term commitment to something substantive.   Once the curtain comes down on this particular “stage” and the lights dim, we will wait to see what the silence brings. |app_73540936|2022-02-11 16:04:51.826|0|0|article-between-apathy-and-outrage-the-pandemic-has-reached-its-messiest-phase.json|globemail
Here's one: I agree with you, Ken.  It would be nice to have evidence-based, rather than rhetoric based discussions on firearms controls. No major party seems to be in that space, though.|MMackinnon|2022-02-11 14:17:07.026|1|0|article-between-apathy-and-outrage-the-pandemic-has-reached-its-messiest-phase.json|globemail
Gary - working hard to give Trudeau some credibility.  Fail.  |Puma2|2022-02-11 13:13:37.321|0|0|article-between-apathy-and-outrage-the-pandemic-has-reached-its-messiest-phase.json|globemail
"Had the legacy media been doing their job Trudeau never would have won the last election, so I have to disagree with your comment  ""Mason is ""right on"" when he says that the protest etc. is really directed almost exclusively at Trudeau and the need to remove him as PM. Fair enough; but the Liberal Party and the Canadian public had the opportunity to do that just last year (# 2 of the pandemic) in a general election and did not.""  It took this protest to finally make some Liberal MPs and social media take a close look a how badly the Liberals governed. "|Western Rider|2022-02-10 22:45:48.567|1|0|article-between-apathy-and-outrage-the-pandemic-has-reached-its-messiest-phase.json|globemail
Yeah, they are stopping the real truckers from doing their jobs.  My nephew being one of them.|MaryJay1|2022-02-11 03:21:20.852|1|0|article-between-apathy-and-outrage-the-pandemic-has-reached-its-messiest-phase.json|globemail
Well, let’s see. Justin Trudeau is handsome, athletic and rich, and he has a beautiful wife, lovely children and a good job. What’s not to hate :-)|MH39|2022-02-10 23:23:43.590|0|0|article-between-apathy-and-outrage-the-pandemic-has-reached-its-messiest-phase.json|globemail
Many other countries are doing similar gradual plans over the coming weeks, similar to where we have been headed as well.|LL Trippe|2022-02-10 23:45:04.964|1|0|article-between-apathy-and-outrage-the-pandemic-has-reached-its-messiest-phase.json|globemail
"I for one appreciate our various governments not making decisions based on what other governments may nor may not be doing.  As my mother asked, ""if all your friends jumped off a tall building, would you do it too?"" "|vandude|2022-02-10 23:08:10.114|1|0|article-between-apathy-and-outrage-the-pandemic-has-reached-its-messiest-phase.json|globemail
We are all talking about the end of the pandemic the way we were towards the end of the previous wave, and the end of the wave prior to that...  Omicron might not be the end.  Alberta has been the poster child of on/off knee-jerk responses, and has just done the same yesterday with SK right behind.  There is the strong possibility that restrictions will need to be re-imposed in a sixth wave and so that eventually needs to be factored into everyone's thinking.  Can't hope that only time will heal this would, the rule of law needs to be applied in a fashion that isn't founded merely on the hope that the pandemic conveniently peters out at just the right time. |vandude|2022-02-10 23:02:06.066|0|0|article-between-apathy-and-outrage-the-pandemic-has-reached-its-messiest-phase.json|globemail
For this, and I don't know whether the data are publicly available, I wonder if the test positivity rates at the US border would be any indication.  Quite frankly, for all that posters are praising the ability to go to full stadiums for football games...the US COVID response is a hot mess (working its way to 1 million dead, roughly 3,500 per day at a time), to a large degree because so many Republican governors don't want to do anything at all about the pandemic (it's far more politically convenient to treat it as an act of God, say that they can't do anything and blame the White House whenever someone asks).  As with so many other policy areas, the spectre of the US looms large in this.  It would probably be really awkward to say this out loud, given that our government is looking for good relations with the Biden administration, but to speculate, I would think that the instinctive reaction is to keep. that. out. as much as possible.|MMackinnon|2022-02-11 13:20:57.512|1|0|article-between-apathy-and-outrage-the-pandemic-has-reached-its-messiest-phase.json|globemail
Tam recently (within the last couple of weeks) stated we are now at a point to review all mandates and restrictions.   Trudeau is being a stubbon mule to not step back and follow her advice.|Montreal Guy|2022-02-11 02:47:29.122|1|0|article-between-apathy-and-outrage-the-pandemic-has-reached-its-messiest-phase.json|globemail
Do we know when the US was planning to end the vaccine requirement for truck drivers from Canada AND Mexico? No and considering it was only brought in recently, probably not for awhile still. The Federal government cannot make this decision unilaterally.|LL Trippe|2022-02-10 23:48:15.706|1|0|article-between-apathy-and-outrage-the-pandemic-has-reached-its-messiest-phase.json|globemail
I think some of your assumptions are wrong. I believe most Canadians, aware of the serious global ups and downs of this pandemic, feel the restrictions are normal and reasonable.  Yes, giving up social and cultural activities has been a drag. But, we also rely on scientific and expert guidance to get us through this thing, whenever that comes.  Canada has weathered this storm better than most countries. Be grateful we call Canada home. Most people around the World would love to be in our shoes!|app_71199186|2022-02-10 22:42:24.386|0|0|article-between-apathy-and-outrage-the-pandemic-has-reached-its-messiest-phase.json|globemail
Another great column by Gary Mason. It's about time to speak in direct language about the actual motivation of the trucker protest in Ottawa and to stop placating the umvaccinated as if they have a valid argument for not getting a jab. Not getting the vaccine is far more political then medical.|Jimbo5|2022-02-10 22:42:18.525|0|0|article-between-apathy-and-outrage-the-pandemic-has-reached-its-messiest-phase.json|globemail
Good news!  An Angus Reid poll released last week indicated the number of Canadians in favour of lifting all COVID-19 restrictions and letting people “self-isolate if they’re at risk” had tipped over to 54 per cent.  That's good because we all know Trudeau can't leader he can only react to polls |Western Rider|2022-02-10 22:39:32.713|0|0|article-between-apathy-and-outrage-the-pandemic-has-reached-its-messiest-phase.json|globemail
Mason has been vilifying the un-vaxxed for over a year and now he wants a measured ending - really? You have been a COVID panic peddler Mason for two years and now you try to take the middle ground? Wow. Utterly shameless. |Mom'sMoney|2022-02-10 22:39:03.591|0|0|article-between-apathy-and-outrage-the-pandemic-has-reached-its-messiest-phase.json|globemail
And the ones who are losing them because of the current blockades?|MH39|2022-02-10 23:18:58.277|1|0|article-between-apathy-and-outrage-the-pandemic-has-reached-its-messiest-phase.json|globemail
And for the record, if you haven't caught my posts before, I am a Liberal.  I am deeply ashamed of how the Party has been usurped by the Tsar.  I understand many benefits by his rule.  Public accounts are a mess but the money goes somewhere.  The cartels and triads and bike gangs are thriving too.  So I guess for some that is something..|THX138|2022-02-11 14:36:48.863|1|0|article-between-apathy-and-outrage-the-pandemic-has-reached-its-messiest-phase.json|globemail
"I am rather wondering, Gary if you are not making the same mistake the truckers have focusing on Mr Trudeau and his short comings  rather than the underlying problem fueling this travelling blockade.  Which is Western Canadian political anomie.  These people, who think the way to get freedom is to impinge on the freedom of others, are concerned about the lack of voice they have in  Ottawa.  So realizing that nobody is listening to them, perhaps because they express themselves badly and present even worse, they resort to street rabble tactics.   The Mayor of Windsor said it best. ""They have no leaders to talk to so I cannot negotiate"".  And that tells us all a little about where this is going.  Just as a solution looking for a problem creates a  problem, so protests looking for definition create leaders who do provide ersatz definition.  I won't cite the obvious historical precedent.  Trudeau is not the problem, he is a direct consequence of the problem.  He was given the job to get votes for Liberals by rolling back the drug laws. He did that.  He really is irrelevant now.   The question is who provides direction for the mob as she or he may be our next leader, god help us.  "|C Wilson|2022-02-11 00:11:50.745|0|0|article-between-apathy-and-outrage-the-pandemic-has-reached-its-messiest-phase.json|globemail
"""And what won the election was cheap daycare for millionaires.""  If you really think that, GeorgeLucasFirstMovie, I'd again say you're not understanding Liberal voters. Not that I am one, but you know, I'd say it's the overall policy mix (including at least recognizing climate change as an issue) that motivated their vote in the last election.  The myriad of cheap attacks on Justin Trudeau's looks, locks, socks or whatever (as if that was what made people vote Liberal) just seem to miss that point."|MMackinnon|2022-02-11 14:27:03.297|1|0|article-between-apathy-and-outrage-the-pandemic-has-reached-its-messiest-phase.json|globemail
Oh so many items but I'll leave this and move on.  First dose and pace were not the same.  And what won the election was cheap daycare for millionaires.  People want their own needs met.  JT knows that.  The future isn't relevant, only his remaining in power.  And yes, the similarities to Trump are astounding. |THX138|2022-02-11 14:19:33.137|1|0|article-between-apathy-and-outrage-the-pandemic-has-reached-its-messiest-phase.json|globemail
Trump was quicker to deliver vaccines, much quicker to deliver treatments, and perhaps as generous with the treasury to provide cash in the early crisis.  By your measure Pere, should we consider his leadership capable and relieve him for his other gaffes?  I can't.  And I don't feel our version of Trump should get a pass either. |THX138|2022-02-10 22:42:07.191|1|0|article-between-apathy-and-outrage-the-pandemic-has-reached-its-messiest-phase.json|globemail
Is he dealing with any grief?  I don't see this hurting him that's for sure|Richard Wright|2022-02-11 20:54:06.658|1|0|article-between-apathy-and-outrage-the-pandemic-has-reached-its-messiest-phase.json|globemail
You should be addressing your point on grief to Doug Ford, Premier of Ontario.  He has a role in the Ontario occupations that needs addressing/scrutiny big time.   You can deal with your feelings of Trudeau next election.  Will you deal with Doug Ford's largely invisible efforts the same way?  Many of us would love to hear more detail from him on that in light of the upcoming provincial election. |CsOpining|2022-02-10 22:40:53.951|1|0|article-between-apathy-and-outrage-the-pandemic-has-reached-its-messiest-phase.json|globemail
No kidding! I can't believe someone would choose that handle on purpose. Unbelievable. |news reader 2020|2022-02-11 20:36:03.322|1|0|article-between-apathy-and-outrage-the-pandemic-has-reached-its-messiest-phase.json|globemail
Maybe you'd like to initiate discussions with the Americans, who put it in place first?  |CsOpining|2022-02-10 22:42:54.861|1|0|article-between-apathy-and-outrage-the-pandemic-has-reached-its-messiest-phase.json|globemail
Well, THX, if you take polite challenges of assumptions as propaganda, that's on you. Cheers.|MMackinnon|2022-02-11 14:52:58.151|1|0|article-between-apathy-and-outrage-the-pandemic-has-reached-its-messiest-phase.json|globemail
Keep slogging, I appreciate how tough of a job some have.  Hopefully the economy can improve soon and people can find something with integrity.  Cheers.|THX138|2022-02-11 14:42:01.521|1|0|article-between-apathy-and-outrage-the-pandemic-has-reached-its-messiest-phase.json|globemail
...And, I'll note that you haven't actually answered the issues I responded to in my earlier post, just added on new ones....|MMackinnon|2022-02-11 14:37:32.063|1|0|article-between-apathy-and-outrage-the-pandemic-has-reached-its-messiest-phase.json|globemail
"""Health Canada approved some treatments in June but were not adequate available until late in the fall [...]""  ...There is this thing called a global marketplace, GeorgeLucasFirstFilm...would you have had the federal government (or, provincially managed hospitals) buying the stuff before it was approved? The federal government was out buying up courses of treatment (because it's not just one dose) pretty quickly once it was approved.  ...You also seem to put a lot of weight on the treatments, which (for those that are actually useful) uniformly need to be administered really early on in an infection...and that's after people have gotten sick, rather than preventing it....  Pretty sure it wasn't cases from rural areas and First Nations that clogged hospital beds. Certainly, if that were the case, I would have heard about it in the news when I was up in Thunder Bay over Christmastime.  And yes, maybe the government could have done a much better job on Afghan refugees. Pretty sure they have little influence over what happens in Afghanistan itself, though. Few people seem to have listened to the warnings that the army there was basically a house of cards."|MMackinnon|2022-02-11 14:36:18.616|1|0|article-between-apathy-and-outrage-the-pandemic-has-reached-its-messiest-phase.json|globemail
How can the Globe & Mail allow this clearly unobjective, denegrating comment about the truckers who are fighting to keep their income stream? You have fallen into the trap of thinking that this is what the anarchist blockade is there for. |AndyReynolds|2022-02-10 21:09:55.518|1|0|article-between-apathy-and-outrage-the-pandemic-has-reached-its-messiest-phase.json|globemail
Again, I think you missed who these protesters actually are.|MMackinnon|2022-02-11 14:13:27.845|1|0|article-between-apathy-and-outrage-the-pandemic-has-reached-its-messiest-phase.json|globemail
Hey, two months ago, I probably would have made that bet as well.|MMackinnon|2022-02-11 13:13:08.055|1|0|article-between-apathy-and-outrage-the-pandemic-has-reached-its-messiest-phase.json|globemail
Indeed, me me me, sounding as loud as the horns.|on the Plateau|2022-02-11 02:59:55.454|1|0|article-between-apathy-and-outrage-the-pandemic-has-reached-its-messiest-phase.json|globemail
Moe is dropping restrictions in SK as we are approaching our highest number of hospitalized covid patients ever.  And he's stopped daily reports so that those who are vulnerable can't judge where things are at. If your numbers are so bad that you have to hide them, then chances are that people need the protections of mask mandates and proof of vaccination until covid does truly go away.  The whole point of exercise was to keep hospitals functioning, not kneecap the public and healthcare workers by waving a magic wand and declaring the pandemic over when it isn't.  I am beginning to think that bankrupting the healthcare system through bad management is the goal so he can justify privatizing it off, selling it to his buddies like happened with that regina land deal.  I'm sure anyone who disagrees with the dismantling of the Canada Health Act is welcome to come  and set up a blockade.     |app_73140336|2022-02-11 13:10:11.721|0|0|article-between-apathy-and-outrage-the-pandemic-has-reached-its-messiest-phase.json|globemail
"""It’s too bad no one thought of just getting a bunch of truckers together to have them honk their horns until someone ended the war."" Best line I've read in a while, Gary.  This article reminds me of a something from a recent NY Times op/ed by Paul Krugman who wrote: ""the truth is that at this point New Yorkers with vaccine cards in their wallets and masks in their pockets can do pretty much whatever they want, at the cost of only slight inconvenience. What this means, in turn, is that those who refuse to take basic Covid precautions are, at best, being selfish — ignoring the welfare and comfort of their fellow citizens. At worst, they’re engaged in deliberate aggression — putting others at risk to make a point."" "|mabroko|2022-02-11 03:06:00.349|0|0|article-between-apathy-and-outrage-the-pandemic-has-reached-its-messiest-phase.json|globemail
Which part did you like best?  I’ll bet it was when he called all the protesters losers.|Roadglide3040|2022-02-11 14:34:21.230|1|0|article-between-apathy-and-outrage-the-pandemic-has-reached-its-messiest-phase.json|globemail
Mr. Mason has obviously spent a lot of time personally talking with the people and we should heed his words. |The Emperor's Paparazzi|2022-02-11 12:36:25.257|0|0|article-between-apathy-and-outrage-the-pandemic-has-reached-its-messiest-phase.json|globemail
There were things that governments could have done, but didn’t.  As I noted before they couldn’t have prevented the crunch but they could have made it less severe.|Rationalthought|2022-02-11 14:25:01.657|1|0|article-between-apathy-and-outrage-the-pandemic-has-reached-its-messiest-phase.json|globemail
Something missing here is that there is a recognition that significant minority of Canadians that have totally checked out of reality.  It's not that they are in Ottawa with the purpose of eliminating Trudeau (although I'm sure they wish to), but rather, they actually do believe that Trudeau 'runs the show' and is directing provincial governments to introduce these mandates.  |scevrog123|2022-02-11 11:20:45.690|0|0|article-between-apathy-and-outrage-the-pandemic-has-reached-its-messiest-phase.json|globemail
I think what Gary is missing is this isn't about mandates and mandatory vaccines this is about timing.  Vaccine mandates will end, restrictions will be lifted, we will go back to normal, the only thing people are arguing about at this point is when. The feds are in no rush, the majority of Canadians are. For the writer to say it could backfire may be correct, who knows, but the point is the majority of the people are willing to take that risk. So, at this point Gary is saying the people who have lived it don't know what is best for them and they need the gov to tell them it's over. |S Why|2022-02-11 11:04:32.624|0|0|article-between-apathy-and-outrage-the-pandemic-has-reached-its-messiest-phase.json|globemail
Think I heard that a year ago.|Jim _Peg|2022-02-11 23:39:32.998|1|0|article-between-apathy-and-outrage-the-pandemic-has-reached-its-messiest-phase.json|globemail
LOL - exactly. |HeatherDavid|2022-02-11 15:45:52.148|1|0|article-between-apathy-and-outrage-the-pandemic-has-reached-its-messiest-phase.json|globemail
Amazing how you can read his mind or somehow know this about him. Are you his relative or his beer-drinking buddy?|a_parent|2022-02-11 15:00:52.538|1|0|article-between-apathy-and-outrage-the-pandemic-has-reached-its-messiest-phase.json|globemail
"alternate facts. Whoops forgot to give proper credit  "" alternate facts ""     Kelly Ann Conway "|GregaryPeckary|2022-02-11 12:25:14.976|1|0|article-between-apathy-and-outrage-the-pandemic-has-reached-its-messiest-phase.json|globemail
"If feel really bad now for saying mean things about the neo-Nazis who were protesting in my town recently. I should have just come out and talked to them, extended an olive branch. I should have listened to ""their side"". "|news reader 2020|2022-02-11 20:29:06.103|1|0|article-between-apathy-and-outrage-the-pandemic-has-reached-its-messiest-phase.json|globemail
It really is too bad no one is suggesting we stop fighting and attacking each other simply because it is wrong.  There’s always the caveat “Yes, but”...and you can fill in the blank.  The reason people were able to sacrifice in the war years was they believed they were sacrificing for something bigger than themselves.  People these days don’t even know what that feels like, and take satisfaction in trying to be the one that comes out on top.    The government encourages us to fight amongst ourselves.  It keeps us busy.|Since When|2022-02-11 03:46:04.604|0|0|article-between-apathy-and-outrage-the-pandemic-has-reached-its-messiest-phase.json|globemail
Yup…get some big dudes in white coats to wrestle them into their chairs for their shot while they’re screaming and fighting.  Maybe dart guns?  Pick them off from a distance?|Roadglide3040|2022-02-11 14:38:24.224|1|0|article-between-apathy-and-outrage-the-pandemic-has-reached-its-messiest-phase.json|globemail
Well said HJC. |HeatherDavid|2022-02-11 15:49:06.506|1|0|article-between-apathy-and-outrage-the-pandemic-has-reached-its-messiest-phase.json|globemail
"...Agreed entirely, although I would have put the emphasis on the ""they"" in the last sentence myself."|MMackinnon|2022-02-11 13:28:49.065|1|0|article-between-apathy-and-outrage-the-pandemic-has-reached-its-messiest-phase.json|globemail
No comparison. This is not a war. Vaccination was great, and most people got it - why are we pretending that didn't happen? Cloth masks do next to nothing - that's been explained well for anyone paying attention. There were nearly no real restrictions on air travel to Canada in the first year of the pandemic (before most people got vaccinated), but then suddenly in January 2021 it became a priority to punish people in 'quarantine hotels' (i.e. throw a bone to the tourism industry at $500/night after nearly destroying it) and ban halt nonstop flights to 'sun destinations' (right - because those were the only places where COVID-19 existed). People are tired of the charade, and the longer you drag it out and draw ridiculous comparisons to the Second World War, the more people will get frustrated and protest.|rich2099|2022-02-12 21:31:22.729|1|0|article-between-apathy-and-outrage-the-pandemic-has-reached-its-messiest-phase.json|globemail
"The ""old"" weapons made it possible for those vaccinated and infected to deal with it much better than otherwise.  Vaccines never ""promised"" that you will not get infected!  The real benefit is that your body will be in much better condition to deal with it, reduce hospital and ICU admissions and death.  All of which has been proven all over the world."|prague|2022-02-11 03:33:29.720|1|0|article-between-apathy-and-outrage-the-pandemic-has-reached-its-messiest-phase.json|globemail
Most have, and at this point most are informed enough to make their own reasoned conclusions. That wasn't the case 16 months ago, so we did what we thought we had to do. At this point, millions in this country have had it, have lived it, know the risk factors and the limitations of our vaccines. We are willing to live with it. The gov will as well, only question is when will the catch up. |S Why|2022-02-11 11:10:42.015|1|0|article-between-apathy-and-outrage-the-pandemic-has-reached-its-messiest-phase.json|globemail
You wrote an excellent analysis of what is happening. Respect and societal value for our public servants are gone. It seems replace by an anger that remains difficult to understand. Some restrictive measures to save life!!! Nothing funny but real. The virus is real and the risks are real.|Michel Carrier1|2022-02-11 02:33:57.496|0|0|article-between-apathy-and-outrage-the-pandemic-has-reached-its-messiest-phase.json|globemail
Another sorry column by Trudeau’s biggest sycophant in his never ending quest for that coveted Senate appointment.|Solera|2022-02-11 02:13:02.634|0|0|article-between-apathy-and-outrage-the-pandemic-has-reached-its-messiest-phase.json|globemail
...It fits with the tendency to focus on the one research paper that confirms people's views, rather than on the entire body of evidence...but then, people would then have to accept that a lifetime for people studying a given area (like, say, infectious disease epidemiology) is needed to assess how that one research paper fits....  I'll be clear: I'm not an epidemiologist, nor do I play one on TV.|MMackinnon|2022-02-11 21:43:27.076|1|0|article-between-apathy-and-outrage-the-pandemic-has-reached-its-messiest-phase.json|globemail
Thanks for doing the digging. I wish people wouldn't be such naifs and would take the time to learn how this actually works. |news reader 2020|2022-02-11 20:32:11.302|1|0|article-between-apathy-and-outrage-the-pandemic-has-reached-its-messiest-phase.json|globemail
"To be clear, it's a meta-analysis, of a limited number of cherry-picked sources (e.g., only one epidemiology study), done by economists who were known to have a starting position against state intervention in anything.  They also categorized as ""lockdown"" every possible public health measure, including just encouraging people to wear a mask.   It's self-published as a working paper, not done by or recognized by Johns Hopkins University (as only one of the authors is vaguely associated with them) and not supported by any peer reviewed journal.  So, read at your own peril."|MMackinnon|2022-02-11 15:00:20.782|1|0|article-between-apathy-and-outrage-the-pandemic-has-reached-its-messiest-phase.json|globemail
https://www.bmj.com/content/371/bmj.m4074 Here is ine of the BMJ articles. https://www.frontiersin.org/articles/10.3389/fpubh.2021.625778/full Here is one of the Frontier in Psychology Articles.  |Bprov|2022-02-11 14:03:00.225|1|0|article-between-apathy-and-outrage-the-pandemic-has-reached-its-messiest-phase.json|globemail
According to the British Medical Journal, including increased death by starvation, increased death by non-covid-19 illnesses like cancer, and increased suicide and deaths from domestic violence, 200 million innocent victims died as a direct result of restrictions and lockdowns in 2020 alone. |Bprov|2022-02-11 13:53:54.431|1|0|article-between-apathy-and-outrage-the-pandemic-has-reached-its-messiest-phase.json|globemail
Well said SOT. |HeatherDavid|2022-02-11 15:55:53.736|1|0|article-between-apathy-and-outrage-the-pandemic-has-reached-its-messiest-phase.json|globemail
So, in chronological sequence... - the government sent near-expired PPE to China in February 2020, back when people thought we could contain the outbreak at the source - we then had pretty consistent borders policy: self-isolate if you come from a country at risk and seek medical help if you develop these symptoms; absolute mandatory quarantine for the people evacuated from Wuhan, again, based on the best knowledge available at the time - then, in the absence of any domestic manufacturing capacity, the government placed orders with as many providers as seemed reasonable -- one of these, CanSino, didn't pay off, and didn't get the contract money; the rest of the vaccines arrived on schedule (we had our first vaccination of an approved vaccine the same day as the US did; only Israel was significantly ahead of any other developed country due to a side deal with Pfizer) and - we had a back-and-forth on face coverings, due to poor understanding of aerosol transmission.  Hard to argue we should have known something in retrospect. And, personally, I didn't feel particularly at risk when I went to vote in a well-ventilated community centre, but you may feel differently.|MMackinnon|2022-02-11 21:52:45.242|1|0|article-between-apathy-and-outrage-the-pandemic-has-reached-its-messiest-phase.json|globemail
"You missed from s.1, ""subject only to such reasonable limits prescribed by law as can be demonstrably justified in a free and democratic society.""  ...A test which the overwhelming majority of these public health measures meet. And hey, if you really want to take on the one mandate that affects truckers, have at it -- we have a courts system.  Blockading a city, obstructing trade -- that's also against the rule of law."|MMackinnon|2022-02-11 13:11:18.230|1|0|article-between-apathy-and-outrage-the-pandemic-has-reached-its-messiest-phase.json|globemail
"""While not the best, a suboptimal ending is not a disaster.""  I guess that depends on who you are. Cancer patients might argue."|MMackinnon|2022-02-11 13:11:51.851|1|0|article-between-apathy-and-outrage-the-pandemic-has-reached-its-messiest-phase.json|globemail
Spot on.  One wonders once Trudeau has left office for parts unknown (UN, skiing the Alps etc) who these same cult followers will blame then for their life grievances.  Seems they need someone to blame. To whom will the organizers of this occupation target for attention?  And for the people sympathetic to the protests or their cause? Please invite them to your town to set up camp and wreak havoc. In the mean time, the rest of us are  vaccinated, working, and  trying to get on with our lives, restrictions and all.        |David Cooke2.0|2022-02-14 11:57:28.825|0|0|article-between-apathy-and-outrage-the-pandemic-has-reached-its-messiest-phase.json|globemail
