﻿comment|username|datetime|isreply|num_replies|post_id|label
No one person represents the views of all Canadians  and never will but all Canadians should expect the Prime Minister of Canada to listen to there  views and not label them as Nazis, etc because they are different to his. And not hide in his basement when they come to the Capital to express them to their government , Trudeau should have been there on Day 1 meeting them on Parliament Hill, not negotiating, just listening. Is this too much to expect  |Joe cool|2022-02-19 18:48:46.695|1|6|article-childrens-safety-a-concern-in-ottawa-as-police-move-to-end-convoy.json|globemail
Anyone watching live YouTube feeds will see that this is a fabrication of the Government and MSM. Scary.|rgo29|2022-02-19 02:54:32.337|0|5|article-childrens-safety-a-concern-in-ottawa-as-police-move-to-end-convoy.json|globemail
"Quite the article comments..... Children rights people and academics weighing in all very concerned about the children's well being - and so they should be. But they are with their parents and Children's Aid say they haven't had to take care of any children.... which is the way it should be. As for the posters using the expression ""human shields"", that is simply disgusting. They don't seem to know the context and where those original two words were used......  hope the children are having fun and learning about democracy...."|JDart88|2022-02-19 18:39:42.113|0|4|article-childrens-safety-a-concern-in-ottawa-as-police-move-to-end-convoy.json|globemail
Would you pls comment on the Coastal Gas pipeline violence just this week? One cannot call this a peaceful demonstration. No children were at this specific location but when will a protest turn violent?   RCMP investigate ‘violent attack’ at Coastal GasLink work site in B.C. WENDY STUECK Feb 18, 2022  RCMP are investigating allegations that a group of about 20 people, some of them armed with axes, attacked security guards and smashed vehicle windows at a Coastal GasLink work site.  “This coordinated and criminal attack from multiple directions threatened the lives of several workers,” Coastal GasLink said in its statement, adding that there was an attempt to set a vehicle on fire while people were inside.  xxxxxxxxxxxxxxxxxxxxxxxxxxx  The stuff in Ottawa is pretty tame stuff in comparison to this Environmental-First Nations demonstration. Should theses people in BC be called Extreme Right Wing Terrorists? Will the Emergencies Act be applied in this area?     |BC Thoughts|2022-02-19 14:00:06.133|1|4|article-childrens-safety-a-concern-in-ottawa-as-police-move-to-end-convoy.json|globemail
I can guarantee that most of these children do not go to public schools. They will be homeschooled or will attend small Christian fundamentalist schools.  Their parents beliefs are so far off from the mainstream that they refuse to send their children to public schools where they believe their children will be indoctrinated in harmful progressive beliefs.  So they shut them off from the broader society where they can only be indoctrinated in their parents harmful beliefs about the government and other Canadians.   There is no freedom for these children. What they learn and what they must believe to be accepted and loved by their family and community is completely controlled. The concept of an open mind is just not possible under these conditions that these children are raised.  And Canada does precisely nothing to protect these children. If these parents were part of a cult doing precisely the same thing we would step in, but religion is a protected ground so parents can use the techniques of a cult with impunity.   That is pretty messed up.    |Lisa Weber|2022-02-19 11:44:58.741|0|4|article-childrens-safety-a-concern-in-ottawa-as-police-move-to-end-convoy.json|globemail
The media could not find any violence by protestors.  They had to find something to criticize. Questionable parenting was a poor second choice.|jhtm|2022-02-19 02:28:54.250|0|3|article-childrens-safety-a-concern-in-ottawa-as-police-move-to-end-convoy.json|globemail
What would you call placing children between protestors and police operations?|app_70789131|2022-02-19 19:28:29.919|1|3|article-childrens-safety-a-concern-in-ottawa-as-police-move-to-end-convoy.json|globemail
The state is outraged that children are with their parents instead of in state-run, taxpayer-funded indoctrination centres.  These kids travelled to Ottawa from across Canada, a trip many kids in Canada never get a chance to have.  Lots of kids stuck in dilapidated social housing in Toronto can only dream of a vacation like that and only dream of parents who provide bouncey castles and other fun stuff. |Redwineisfine|2022-02-19 14:44:50.779|0|3|article-childrens-safety-a-concern-in-ottawa-as-police-move-to-end-convoy.json|globemail
"Seems too many Canadians have been listening to far too many dog whistles.   When the Berlin Wall finally toppled ALL PARENTS AND THEIR CHILDREN around the world were witnesses to the end of that concrete monument of division and segregation of its citizens.  Does ""division"" and ""segregation"" of citizens fit what is occurring in Canada?  Absolutely!  Two WORLD WARS were fought on the principles of FREEDOM. Canadians of ALL nationalities and races in Canada stepped up to DEFEND freedoms and that is exactly what the Trucker protests were doing, and was allowed, by the Government ,to do so in downtown Ottawa for 4 weeks.  I have no doubt the protest was encouraged in order to then use the option to implement the Emergency Act for no good reason as the pandemic was over a few weeks ago!!!.  How many of the protesters children were not being cared for? NONE! Why are so many commenters in THE GLOBE such rabid supporters of forced experimental injections? Be careful about the evil that you are openly promoting  "|app_70563881|2022-02-19 15:17:08.185|1|3|article-childrens-safety-a-concern-in-ottawa-as-police-move-to-end-convoy.json|globemail
"""Tara Collins, an associate professor at Ryerson University’s School of Child and Youth Care, said she is worried about whether the children in the demonstrations are receiving basic care. “What about the quality of sleep? What about their right to education? What about their right to protection? What kind of ear damage have they had? Have they had enough food? Have they had adequate sanitation?” she said.""  Very valid questions indeed considering the HORRIFIC pictures of the kids laughing and playing and jumping in the bouncy castles..  Missed too many days of school? How many days have they already missed during the last 2 years for the unnecessary lock downs.  Propaganda at its best.."|MackdaddyBob|2022-02-19 14:13:51.429|0|3|article-childrens-safety-a-concern-in-ottawa-as-police-move-to-end-convoy.json|globemail
In 1975 in Vancouver, there were children in the anti-nuclear submarine demonstrations.  The difference is, we did not put them in harms way.  If we had behaved like these protesters, blockaded streets, occupied parts of the city, prevented people from enjoying their lives and forced businesses to close for weeks, and then were warned by the police that an action was imminent, our first reaction would not have been to move our children to the front of the line to prevent the police from arresting us.   They may not be right wing barbarians, but they are operating under different rules and values than any protesters I have ever seen in the past.  |Fralick56|2022-02-19 13:15:05.634|1|2|article-childrens-safety-a-concern-in-ottawa-as-police-move-to-end-convoy.json|globemail
People in these comments continue to suggest that the protesters are peaceful. The tweets from the Ottawa Police Services debunk this myth.  |Fralick56|2022-02-19 16:52:36.980|0|2|article-childrens-safety-a-concern-in-ottawa-as-police-move-to-end-convoy.json|globemail
Shame on them for hiding behind kids. Not surprised... bullies.  |BebaB|2022-02-19 02:37:44.463|0|2|article-childrens-safety-a-concern-in-ottawa-as-police-move-to-end-convoy.json|globemail
Schools we’re providing remote instruction.  Claiming that education was not provided is also propaganda.|Anne Johnson|2022-02-19 15:01:28.412|1|2|article-childrens-safety-a-concern-in-ottawa-as-police-move-to-end-convoy.json|globemail
Using children as human shields. The shame!! |SStratford|2022-02-19 15:47:01.351|0|2|article-childrens-safety-a-concern-in-ottawa-as-police-move-to-end-convoy.json|globemail
There are a lot of assumptions in your post.  You connect a religion to ignorance and indoctrination.  You also assert that Christianity is a cult.   There are ~ 22.1 million Christians in Canada which constitutes 67.3% of our population.  That is a pretty big paintbrush you are using to portray a wide range of people.|Nellis1|2022-02-19 14:54:56.830|1|2|article-childrens-safety-a-concern-in-ottawa-as-police-move-to-end-convoy.json|globemail
Responsible adults like Justin Trudeau? Talk about freedom without responsibility |Reality czech|2022-02-19 19:05:27.896|1|2|article-childrens-safety-a-concern-in-ottawa-as-police-move-to-end-convoy.json|globemail
Enjoy mediocrity, my friend. The world isn’t black and white.|bretski__gretzky|2022-02-19 15:50:18.519|1|2|article-childrens-safety-a-concern-in-ottawa-as-police-move-to-end-convoy.json|globemail
"You can guarantee?  Your post has very strong : ""I'm alright and your not."" I have total respect for freedom. Why is everything in a Liberal's  mindset a conspiracy or a cult. Are you quoting any research to back up your claims."|GroverLR2|2022-02-19 15:52:40.996|1|2|article-childrens-safety-a-concern-in-ottawa-as-police-move-to-end-convoy.json|globemail
To me, safety of all of our children and grandchildren and future generations requires an ethical and responsible Federal Government that represents all Canadians. |TomatoGirl|2022-02-19 18:10:20.858|0|2|article-childrens-safety-a-concern-in-ottawa-as-police-move-to-end-convoy.json|globemail
Unfortunately kids never get the opportunity to choose their parents. This is not by any stretch a “ teaching moment”; it’s a group of parents who are passing along their own twisted belief system ( cultish) to their impressionable children. I have to ask, what kind of parent inflicts this anti cultural nonsense on their children? I can understand if these parents were living in poverty, but a $150,000.00 rig doesn’t scream poor to me.  |Golf guy3|2022-02-19 15:00:35.255|0|2|article-childrens-safety-a-concern-in-ottawa-as-police-move-to-end-convoy.json|globemail
"It is not something new for children to be with their parents during a protest.  In Canada it has not been uncommon to see environmentalists, First Nations, and union people to bring their children along to the protest or picket line.  I don't agree with the parents that do such things but it would not be fair to infer that only Right Wing Barbarians that drive big trucks expose their children to such an ""event.""  PS: I do not think that the Ottawa protesters are Right Wing Barbarians. I leave that idea to our PM.   "|BC Thoughts|2022-02-19 12:34:38.623|0|2|article-childrens-safety-a-concern-in-ottawa-as-police-move-to-end-convoy.json|globemail
Yep. Nothing like ISIS…|bretski__gretzky|2022-02-19 15:53:37.815|1|1|article-childrens-safety-a-concern-in-ottawa-as-police-move-to-end-convoy.json|globemail
In the 1960's  we were protesting the bomb in the Aldermaston marches and discrimination  based on race in the civil rights movement.  We also didn't like the Vietnam war our parents were waging and we thought flower power and the pill were liberating.   Try as we might, our ability to pursuade our parents that the age of Aquarius made sense largely failed, crashing and burning most spectacularly at the 1968 Chicago Democratic Convention.   Now it seems our children want their children to participate in their protests which are against restraints on freedom generally.  This is some sort of progress, I suppose.   All children learn fairly quickly that parents are fallible. This seems to be an immersion course in parental fallibility.   Let's hope it works.  |C Wilson|2022-02-19 17:23:55.666|0|1|article-childrens-safety-a-concern-in-ottawa-as-police-move-to-end-convoy.json|globemail
This is going to generate stories families will tell for decades around the dinner table.  Sally, ”Grandpa, remember the time you took us to Ottawa, got arrested, lost your truck and had to take the bus home?”  Billy, “Haha, that wasn’t the best part, the best part is Grandma hasn’t let him go anywhere alone since”|Rod Sheridan|2022-02-19 12:42:04.296|0|1|article-childrens-safety-a-concern-in-ottawa-as-police-move-to-end-convoy.json|globemail
The mob isn't in Ottawa.  It's right here, in the comments section. |Genghis McCann|2022-02-19 13:28:47.909|0|1|article-childrens-safety-a-concern-in-ottawa-as-police-move-to-end-convoy.json|globemail
Mommy and Daddy are brave warriors fighting for your freedom.  Now, stand in front of the big bad police...|Magnus Eiesegrim|2022-02-19 13:42:52.740|0|1|article-childrens-safety-a-concern-in-ottawa-as-police-move-to-end-convoy.json|globemail
There was plenty of violence; psychological violence from blasting horns and making life difficult for citizens, economic violence for people who lost money because their work or business was shuttered, emotional violence, and so on.  You don't have to throw a brick at someone to be violent; there are many kinds of violence.|Magnus Eiesegrim|2022-02-19 13:47:01.094|1|1|article-childrens-safety-a-concern-in-ottawa-as-police-move-to-end-convoy.json|globemail
I don;t think the police are ISIS, but close |Joe cool|2022-02-19 19:27:02.053|1|1|article-childrens-safety-a-concern-in-ottawa-as-police-move-to-end-convoy.json|globemail
The parents  and children were doing fine  in this  PEACEFUL demonstration until the police appeared in their riot gear, pepper spray , rifles, horses  etc That's what has put the children in danger  Don't blame the protestors,   where was Trudeau on Day 1 listening to their grievances that's what they came to the Capital for, for their voices to be heard . Hiding in his basement, that's where he was. |Joe cool|2022-02-19 19:04:27.302|1|1|article-childrens-safety-a-concern-in-ottawa-as-police-move-to-end-convoy.json|globemail
Hiding them from the police bullies, nothing wrong with that |Joe cool|2022-02-19 19:35:30.740|1|1|article-childrens-safety-a-concern-in-ottawa-as-police-move-to-end-convoy.json|globemail
"It's a left wing,  last chance  University that is rated last on a scale of Ontario University you would not want to send your children to.  It devotes itself to Left wing causes, outing all and every Professors that doesn't  agree with  them by the Wok students by declaring they feel ""unsafe"" in his/her class  while the Administration does nothing  Education for  any worthwhile  profession or activity is unknown. Better to send your kids to a Chinese re-education school  "|Joe cool|2022-02-19 19:26:08.325|1|1|article-childrens-safety-a-concern-in-ottawa-as-police-move-to-end-convoy.json|globemail
Just watching someone get arrested via TV - even though I think every single one of them should be - is pretty traumatic to any reasonable human being.  The idea that children should be experiencing any of it in person is abhorrent. |Richard McL|2022-02-19 18:40:35.512|1|1|article-childrens-safety-a-concern-in-ottawa-as-police-move-to-end-convoy.json|globemail
"""The state is outraged that children are with their parents instead of in state-run, taxpayer-funded indoctrination centres.""  You seem to be at odds with the vast majority of parents who send their kids to ""state-run"" schools. Bouncy castles indeed!!"|Wotsrite|2022-02-19 17:38:01.074|1|1|article-childrens-safety-a-concern-in-ottawa-as-police-move-to-end-convoy.json|globemail
The kids  have had the time of their lives, sleeping in the trucks, BBQ, lots of friends  etc. They will have a tale to tell to their friends when they get home. I wish I  had been one when i was a kid |Joe cool|2022-02-19 20:08:59.521|1|1|article-childrens-safety-a-concern-in-ottawa-as-police-move-to-end-convoy.json|globemail
"Kids are pretty astute: whether they're at a protest or in school. The ""trucker"" protest is/was a mild taste of the right wing determination not be swayed by left wing policies. Better than remain in school where the left wing ideology is being drilled into their heads..."|Pensionado|2022-02-19 15:20:17.169|0|1|article-childrens-safety-a-concern-in-ottawa-as-police-move-to-end-convoy.json|globemail
"Well, with two veteran parents from WW2 and many more relatives from WW1, I, too, was indoctrinated with your ""twisted belief system"" as a child.  We were actually taught the reasons why those two wars happened - why we should stand up for human rights - and why our father suffered ""shell shock"" and shrapnel pieces exiting his body until he died at 54.  The way our Government reacted to a virus is simply over the top with the unscientific idea that every man woman child and fetus on the planet should be shot up to 4 times (and more to come) with an experimental EUA product that does not stop infection or transmission.    Pharma DISBANDED its control groups after 2 months into the roll out of the shots.  WHY??  Not one control group member was tested with the boosters.  WHY? You can find out if you care to do some research.  The number of possible injuries from the injections is available to anyone who knows how to read for themselves.  Where there is risk there must always be choice.  I will CERTAINLY defend my rights to freedom of choice to the death.  All you have to do is remove the Charter of Rights and Freedoms - at which point you can then be free to have no say at all. "|app_70563881|2022-02-19 17:01:41.952|1|1|article-childrens-safety-a-concern-in-ottawa-as-police-move-to-end-convoy.json|globemail
No one wants to see children involved in a police raid, especially if things were to turn ugly. How we got to this desperate state of affairs' is an open question? Perhaps if we already had universal daycare the truckers children would of had some place to go while their parents demonstrated. As well, some left wing types were advocating that universal guaranteed income would allow more people to exercise their democratic rights. Next year maybe. But, be careful what you wish for. That said, would the police be fixing to separate the children from their trucker parents? How Trumpian! Last election year, forcing children out of the arms of their illegal immigrant parents down on the US/Mexican boarder as the parents were trotted of to jail was broadly condemned by progressives. Child safety was not even on the table. |Edward161|2022-02-19 14:51:34.539|0|1|article-childrens-safety-a-concern-in-ottawa-as-police-move-to-end-convoy.json|globemail
The police have been admirably restrained as of Saturday morning.  Anyone who brings kids to a large protest even after the Emergency Act has been invoked is either incredibly stupid or doesn't care much about those kids.  |Marilyn0|2022-02-19 14:57:23.313|0|1|article-childrens-safety-a-concern-in-ottawa-as-police-move-to-end-convoy.json|globemail
Who do you recommend for PM in your utopia? Do the views of say, Pat King represent the views of all Canadians?|Wotsrite|2022-02-19 18:16:49.550|1|1|article-childrens-safety-a-concern-in-ottawa-as-police-move-to-end-convoy.json|globemail
What’s “Ryerson University”?|Reality czech|2022-02-19 18:48:50.228|1|1|article-childrens-safety-a-concern-in-ottawa-as-police-move-to-end-convoy.json|globemail
It’s not just the children. Nobody is safe. |kpare|2022-02-19 04:17:58.452|0|1|article-childrens-safety-a-concern-in-ottawa-as-police-move-to-end-convoy.json|globemail
Your comment is indefensible under the Charter of Rights and Freedoms.  So until that Charter is REMOVED from Canada, for a legitimate reason, you, too will suddenly realize what it means to lose both rights and freedoms.|app_70563881|2022-02-19 15:24:19.908|1|1|article-childrens-safety-a-concern-in-ottawa-as-police-move-to-end-convoy.json|globemail
The people who are using the term ‘Human Shields’ picked it up from Liberal MPs.|Redwineisfine|2022-02-19 19:41:21.057|1|1|article-childrens-safety-a-concern-in-ottawa-as-police-move-to-end-convoy.json|globemail
Is this satire?|kofalls|2022-02-19 14:37:57.458|1|1|article-childrens-safety-a-concern-in-ottawa-as-police-move-to-end-convoy.json|globemail
"Anyone who took packed their child into one of the semis, pickups or RVs that blocked the streets of Ottawa, and then kept them there, is not fit for parenthood.  Instead of teaching their kids to be law-abiding citizens who are properly educated about the legitimate political process of Canadian government and about medical science, these so-called parents have shown their children how to break the law, how to engage in insurrection rather than achieve change through legitimate political process, and how to deny medical science.  Freedom without responsibility is what defines these ""parents"": freedom to spawn children while abdicating their duty to raise them to become responsible adults.        "|Allan19531|2022-02-19 03:31:28.105|0|1|article-childrens-safety-a-concern-in-ottawa-as-police-move-to-end-convoy.json|globemail
"The other parties in the House hold him responsible in every Question Period and every eligible voter in Canada, including you, can hold him responsible in the next federal election - that's all part of the legitimate political process that I refer to in my post.  When Trudeau involves his children in the commission of criminal offences (as some of the ""protesters"" have), perhaps your comment will become a credible one.                 "|Allan19531|2022-02-19 19:34:16.767|1|1|article-childrens-safety-a-concern-in-ottawa-as-police-move-to-end-convoy.json|globemail
Just what we need, Reality Czech, a whopping serving of irrelevant whataboutism with a topping of red herring  |grey owl 3|2022-02-20 00:15:30.548|1|1|article-childrens-safety-a-concern-in-ottawa-as-police-move-to-end-convoy.json|globemail
Blasting horns Psychological violence ? Poor babies,  They should have lived  6 years in the UK in WW2 where the sirens went off very night and you got out of bed into the air raid shelters  where  you can hear the bombs dropping. and hoped it wan;t on your house   What weaklings we have become Just tell these poor babies to smarten up and get some backbone  |Joe cool|2022-02-19 19:40:00.459|1|1|article-childrens-safety-a-concern-in-ottawa-as-police-move-to-end-convoy.json|globemail
Yeah, I know! A truckers' convention in Ottawa is a great place to learn about democracy. Lesson one: Trudeau sucks! Lesson two: Mommy, mommy... the cops took away my bouncy castle.|Wotsrite|2022-02-19 18:58:48.812|1|1|article-childrens-safety-a-concern-in-ottawa-as-police-move-to-end-convoy.json|globemail
They've been admirably restrained all along. |Richard McL|2022-02-19 18:32:22.012|1|1|article-childrens-safety-a-concern-in-ottawa-as-police-move-to-end-convoy.json|globemail
Bringing children to a peaceful demonstration for a few hours is hardly comparable to this situation. Horns blaring 24/7, trucks polluting the air around them, and finally, keeping them there when police are moving in for a confrontation that could turn violent. It seems that the protesters' denial of reality extends to the situation around them. The parents can see only love and peace while it is clear that a large portion of the protesters are full of hate and prepared to use violence. |HilkkaW|2022-02-19 13:14:37.080|1|1|article-childrens-safety-a-concern-in-ottawa-as-police-move-to-end-convoy.json|globemail
"The ""Raving Loonies"" Party in the UK visit the local zoo to chose its leader. How's  that an idea for a Canadian replacement , can't be worse. "|Joe cool|2022-02-19 19:56:11.874|1|0|article-childrens-safety-a-concern-in-ottawa-as-police-move-to-end-convoy.json|globemail
These protesters are even more pathetic than the PM they’re repudiating.   Do any of us now get our cues on what’s right from truckers? |bretski__gretzky|2022-02-19 16:02:21.488|0|0|article-childrens-safety-a-concern-in-ottawa-as-police-move-to-end-convoy.json|globemail
I've taken my kid to a protest in the knowledge that the first sign of trouble means we head home. I cannot imagine being so blinded by ideology that I'd put my child at risk of injury. Having a child means putting their wellbeing first.|app_72294276|2022-02-19 23:52:17.574|0|0|article-childrens-safety-a-concern-in-ottawa-as-police-move-to-end-convoy.json|globemail
The rigs are probably financed to the hilt.  And now the bank may call the loan in, which is what happens when you use your property in the commission of a crime.  Assuming they aren't just confiscated by the state. |app_69680838|2022-02-19 15:48:25.465|1|0|article-childrens-safety-a-concern-in-ottawa-as-police-move-to-end-convoy.json|globemail
You bring your children to a political action that could turn violent, and then you use them to make sure the police won't come in with tear gas and batons.  That is called using your children as human shields. Only the most deranged ideologues cannot see that. |news reader 2020|2022-02-20 02:12:46.526|1|0|article-childrens-safety-a-concern-in-ottawa-as-police-move-to-end-convoy.json|globemail
Nonsense.  It's been evident to anyone with a brain, exactly why those children are there.  Except to you Cons who support that kind of thing, of course.|Richard McL|2022-02-19 21:15:57.400|1|0|article-childrens-safety-a-concern-in-ottawa-as-police-move-to-end-convoy.json|globemail
Wow!  Your baseless illogical jumbled message has clarified why I do not support the convoy of anti vax truckers.   |Fralick56|2022-02-19 17:19:12.085|1|0|article-childrens-safety-a-concern-in-ottawa-as-police-move-to-end-convoy.json|globemail
Yes it is too much to expect. Is Pat King as PM a suitable replacement for Trudeau?|Wotsrite|2022-02-19 19:02:32.967|1|0|article-childrens-safety-a-concern-in-ottawa-as-police-move-to-end-convoy.json|globemail
depends who you ask. The vast majority of Canadians would consider this to be blatant child abuse to the point most are probably wondering why haven't the children been removed yet. However to the CPC, and Candice Bergen this reflects their new platform on family values with this as the exemplar of responsible parenting. |Gary Machan 2|2022-02-19 19:54:42.039|1|0|article-childrens-safety-a-concern-in-ottawa-as-police-move-to-end-convoy.json|globemail
Their manifesto indicated a change of goverment that overides our system of government.  No PM should ever talk to these muppets.  EVER!!!!!!!|gamread2|2022-02-19 19:07:24.481|1|0|article-childrens-safety-a-concern-in-ottawa-as-police-move-to-end-convoy.json|globemail
@C.W.  You have a good point.  However, modelling is a powerful learning tool.  There is much in research to support why abused victims will continue the cycle of abuse.  Without guidance, children could interpret that all protest behaviors are appropriate.  How likely will a child exposed to violent interactions in these protests use these strategies to solve problems at home, in school, or on the playground?    |iv8|2022-02-21 02:06:06.971|1|0|article-childrens-safety-a-concern-in-ottawa-as-police-move-to-end-convoy.json|globemail
He’ll have a long road to achieve mediocrity.|SStratford|2022-02-19 17:11:33.297|1|0|article-childrens-safety-a-concern-in-ottawa-as-police-move-to-end-convoy.json|globemail
terrorists.|Matt Sinclair|2022-02-19 19:47:23.927|1|0|article-childrens-safety-a-concern-in-ottawa-as-police-move-to-end-convoy.json|globemail
We should have Recall legislation for Federally elected representatives....  It's quite plain that the PM is usually in over his head..... |JDart88|2022-02-19 19:17:28.766|1|0|article-childrens-safety-a-concern-in-ottawa-as-police-move-to-end-convoy.json|globemail
Friends of government are only anointed until government changes. Then you’re a criminal|Reality czech|2022-02-19 18:43:53.535|1|0|article-childrens-safety-a-concern-in-ottawa-as-police-move-to-end-convoy.json|globemail
Using children as Human Shields is a Hamas tactic on a far more lethal scale.... let's not go there. tks|JDart88|2022-02-19 19:44:59.605|1|0|article-childrens-safety-a-concern-in-ottawa-as-police-move-to-end-convoy.json|globemail
quit the exaggeration. They are Not human shields. |JDart88|2022-02-19 18:56:53.628|1|0|article-childrens-safety-a-concern-in-ottawa-as-police-move-to-end-convoy.json|globemail
It is the police in their riot gear, body armor, side arms, rifles, pepper spray, horses , over-sized batons etc that are the ones that are not peaceful There is no record of the protestors ever having clubs, firearms,, destroying property,  overturning cars , blocking rail lines  etc.  You must be thinking of the hockey fans when they win a major tournament  and others |Joe cool|2022-02-19 18:55:27.396|1|0|article-childrens-safety-a-concern-in-ottawa-as-police-move-to-end-convoy.json|globemail
jhtm, Bang, you hit the nail right on the head. |MackdaddyBob|2022-02-19 14:19:18.836|1|0|article-childrens-safety-a-concern-in-ottawa-as-police-move-to-end-convoy.json|globemail
Yes, trudeau, bouncy castle all true.... !!  We have some fine young patriots that will grow into adults and able to voice their opinions... As U Do......!!|JDart88|2022-02-19 19:43:38.302|1|0|article-childrens-safety-a-concern-in-ottawa-as-police-move-to-end-convoy.json|globemail
How did you see the G20 riots being handled in Toronto in 2010. The police had their perspective yet the courts saw it differently.  Any chance Ottawa police could see things like Torontos did? Any chance it may not be as obvious as you want it to be?|Reality czech|2022-02-19 18:36:58.662|1|0|article-childrens-safety-a-concern-in-ottawa-as-police-move-to-end-convoy.json|globemail
Please post your address. A lot of people want to park in front of your house with speakers.  Because you're not a baby, it will be fine. Right. |news reader 2020|2022-02-20 02:10:37.683|1|0|article-childrens-safety-a-concern-in-ottawa-as-police-move-to-end-convoy.json|globemail
"Maybe Max Bernier would be suitable material for PM. Maybe the ""success"" of the truckers' convention in Ottawa will guarantee a majority for the PPC next time out. What do you think?"|Wotsrite|2022-02-19 18:42:16.992|1|0|article-childrens-safety-a-concern-in-ottawa-as-police-move-to-end-convoy.json|globemail
I know, Joe Cool, the parents using their kids as human shields is Trudeau's fault.|grey owl 3|2022-02-20 00:17:34.835|1|0|article-childrens-safety-a-concern-in-ottawa-as-police-move-to-end-convoy.json|globemail
The recall should be for the seditionist CPC leader(s)|Matt Sinclair|2022-02-19 19:58:42.076|1|0|article-childrens-safety-a-concern-in-ottawa-as-police-move-to-end-convoy.json|globemail
If you use children to influence police strategy and tactics, you’re far more like ISIS than you aren’t. Look in the mirror. Most of us who oppose current restrictions don’t do such horrific things. Political pressure works more than protests and occupation. |bretski__gretzky|2022-02-19 16:01:10.953|0|0|article-childrens-safety-a-concern-in-ottawa-as-police-move-to-end-convoy.json|globemail
"@Joe cool: ""No one person represents the views of all Canadians and never will but all Canadians should expect the Prime Minister of Canada to listen to there views and not label them as Nazis, etc because they are different to his. And not hide in his basement when they come to the Capital to express them to their government , Trudeau should have been there on Day 1 meeting them on Parliament Hill, not negotiating, just listening. Is this too much to expect"" ~ ~ ~  Well Said, Joe .. !   /.."|ForestCreature|2022-02-19 18:59:39.848|1|0|article-childrens-safety-a-concern-in-ottawa-as-police-move-to-end-convoy.json|globemail
"Joe Cool, you should go into comedy as the next Rodney Dangerfield, because you get no respect here. ""Nothing wrong with"" putting your kids in danger, eh? I'll be charitable and assume you really are a comedian."|grey owl 3|2022-02-19 21:35:42.706|1|0|article-childrens-safety-a-concern-in-ottawa-as-police-move-to-end-convoy.json|globemail
"They were  missing in action until the demonstration got out of hand Now these burly fellows  are all brave  in their riot gear, large batons, rifles, pepper spray, horses etc against unarmed men, women and children protestors that have shown zero violence. And you describe them as ""admirable"" They screwed up and now are over reacting . Shame on them! "|Joe cool|2022-02-19 20:05:40.418|1|0|article-childrens-safety-a-concern-in-ottawa-as-police-move-to-end-convoy.json|globemail
Don't forget that a lot of those Canadians didn't step up voluntarily. They were conscripted, yet we still consider the overall objective was protecting our freedoms. Obviously not absolute ones. Risking your life was a lot more to ask than getting a little needle. |HilkkaW|2022-02-19 16:12:51.967|1|0|article-childrens-safety-a-concern-in-ottawa-as-police-move-to-end-convoy.json|globemail
Grover, by Nellis' account, there is a VERY LARGE religious left!!|Matt Sinclair|2022-02-19 20:26:07.069|1|0|article-childrens-safety-a-concern-in-ottawa-as-police-move-to-end-convoy.json|globemail
Cultists only see cults|Reality czech|2022-02-19 19:04:10.655|1|0|article-childrens-safety-a-concern-in-ottawa-as-police-move-to-end-convoy.json|globemail
Imagine what we did before that?|Reality czech|2022-02-19 19:03:36.747|1|0|article-childrens-safety-a-concern-in-ottawa-as-police-move-to-end-convoy.json|globemail
Wow half the Christians in this country vote left!!|Matt Sinclair|2022-02-19 20:23:20.404|1|0|article-childrens-safety-a-concern-in-ottawa-as-police-move-to-end-convoy.json|globemail
By definition religion is indoctrination. You can't reach religious beliefs through logical thinking, how could you possibly decide which world religious belief is the right one. Every religion says, these are our beliefs, accept them  because we say so.|Paul45|2022-02-19 19:30:32.083|1|0|article-childrens-safety-a-concern-in-ottawa-as-police-move-to-end-convoy.json|globemail
YOU can guarantee.  Well, lets round them up and lock them up!|Redwineisfine|2022-02-19 14:46:33.431|1|0|article-childrens-safety-a-concern-in-ottawa-as-police-move-to-end-convoy.json|globemail
And narcissists - the crowd is obviously full of them.|Richard McL|2022-02-19 18:38:29.451|1|0|article-childrens-safety-a-concern-in-ottawa-as-police-move-to-end-convoy.json|globemail
"Children as Human Shields! This is imitating groups such as Al Qaeda, Boko Haram, and Isis; not participating in a lawful protest. Shame!  If you want to protest, that is fine. Come on foot and behave decently, not harassing others and endangering your children.  A sad day when such a Police operation has to happen because of a bunch of misbehaving adults behaving like schoolyard bullies at recess.  Finally, the Ottawa Police are acting for the citizens, rather than pandering to a fringe of a fringe of ""The Base""."|B.S.H|2022-02-19 05:08:34.993|0|0|article-childrens-safety-a-concern-in-ottawa-as-police-move-to-end-convoy.json|globemail
The difference being that the parents voluntarily put themselves in harm's way.  Not so their children.|Richard McL|2022-02-19 18:37:06.353|1|0|article-childrens-safety-a-concern-in-ottawa-as-police-move-to-end-convoy.json|globemail
If you keep your children in potential harm's way when you know that this could potentially get violent and then they get hurt. That is on you. |Mountain Mojo|2022-02-19 03:40:46.831|0|0|article-childrens-safety-a-concern-in-ottawa-as-police-move-to-end-convoy.json|globemail
... just enough to make a person's stomach turn.|Allan19531|2022-02-20 00:58:50.871|1|0|article-childrens-safety-a-concern-in-ottawa-as-police-move-to-end-convoy.json|globemail
Too bad justin didn't stick around during question period instead of slinking out midway.|john l gee|2022-02-20 12:27:36.158|1|0|article-childrens-safety-a-concern-in-ottawa-as-police-move-to-end-convoy.json|globemail
No - this is ignorance, 'informed' by You Tube.|Richard McL|2022-02-19 18:38:04.102|1|0|article-childrens-safety-a-concern-in-ottawa-as-police-move-to-end-convoy.json|globemail
"What ""this"" is a fabrication of the Government? What is ""scary""? "|Ellevin|2022-02-19 14:16:12.161|1|0|article-childrens-safety-a-concern-in-ottawa-as-police-move-to-end-convoy.json|globemail
RGO, you can read for yourself the threads on the convoys communications.  They were asked to bring their children to the protests for two reasons.  The first, to elicit sympathy from the Canadian Public at large; second, to make it harder for the police to dislodge them from the streets.  The second reason sounds an awful lot like instructions on how to create a human shield.|Fralick56|2022-02-19 13:21:29.337|1|0|article-childrens-safety-a-concern-in-ottawa-as-police-move-to-end-convoy.json|globemail
We’re not buying your lies, these insurrectionists are deplorable.|Rod Sheridan|2022-02-19 12:36:14.955|1|0|article-childrens-safety-a-concern-in-ottawa-as-police-move-to-end-convoy.json|globemail
You're not going to bs you're way out of this one. A protest started by white nationalists where the protesters use children as human shields|ToadBrother|2022-02-19 03:44:55.483|1|0|article-childrens-safety-a-concern-in-ottawa-as-police-move-to-end-convoy.json|globemail
"Based on the last two paragraphs of your comment, I think the last line of your post has to read:  ""Be careful about the conspiracy theories that I am openly promoting""   "|Allan19531|2022-02-19 16:09:13.580|1|0|article-childrens-safety-a-concern-in-ottawa-as-police-move-to-end-convoy.json|globemail
Only the French Canadians which considering France was rolled over was somewhat surprising. If the choice kills you it doesn’t matter what it is. Curious why you choose to minimize a possible death sentence as “a little needle”. For some it is the end of days|Reality czech|2022-02-19 18:54:58.742|1|0|article-childrens-safety-a-concern-in-ottawa-as-police-move-to-end-convoy.json|globemail
Here's a great idea - just stay home. |rationalist|2022-02-19 15:12:38.357|1|0|article-childrens-safety-a-concern-in-ottawa-as-police-move-to-end-convoy.json|globemail
For 3 weeks the kids have been are happy, playing and feeling  it's like on holiday sleeping in a truck. They did not experience anything abhorrent until the nasty black clothed policemen  in their riot gear, with guns, pepper spray etc appeared . The kids will go back to school and tell their friends of their experience who will wish they had been there with them. |Joe cool|2022-02-19 19:49:20.493|1|0|article-childrens-safety-a-concern-in-ottawa-as-police-move-to-end-convoy.json|globemail
I think the ‘bullies’ are on line this morning!!|Redwineisfine|2022-02-19 14:47:36.195|0|0|article-childrens-safety-a-concern-in-ottawa-as-police-move-to-end-convoy.json|globemail
Bouncy castles? Yes, those loving parents driving their kids to Ottawa, because that's the only place in the country where they can jump on bouncy castles!  Hey kids, all you have to do to try them out is suck up diesel fumes from hundreds of idling trucks and then stand out in the freezing cold for hours nose to nose with police in riot gear? In fact, it's so much fun, it's a riot!|grey owl 3|2022-02-19 21:53:29.854|1|0|article-childrens-safety-a-concern-in-ottawa-as-police-move-to-end-convoy.json|globemail
Just imagine if the police had moved in as you wanted (because as you said, they should be ashamed not to).  You have a screw loose if you think that would have been good for kids.|Richard McL|2022-02-19 21:18:30.565|1|0|article-childrens-safety-a-concern-in-ottawa-as-police-move-to-end-convoy.json|globemail
Travelled across Canada to see their ignorant parents throw a temper tantrum? Yeah. Great lesson.   What comedy!. You just can’t do any better than these bonkers commenters!|bretski__gretzky|2022-02-19 15:52:42.591|1|0|article-childrens-safety-a-concern-in-ottawa-as-police-move-to-end-convoy.json|globemail
"""Wok students""  Yes, stirfrying 101.  Proper ratios of garlic to ginger.  Properties of sesame oil..."|Matt Sinclair|2022-02-19 20:17:17.638|1|0|article-childrens-safety-a-concern-in-ottawa-as-police-move-to-end-convoy.json|globemail
Yup, the old “but, but bouncy castles,” excuse. If they have bouncy castles that means they’re good people and what they’re doing is good? No. They are breaking the law, blackmailing a democratically elected government, illegally occupying a city and preventing citizens from living peacefully and earning their living. And they purposely put their children into the middle of a dangerous and illegal situation. Shame, and no sympathy.|mlejcogs|2022-02-19 16:01:10.890|1|0|article-childrens-safety-a-concern-in-ottawa-as-police-move-to-end-convoy.json|globemail
There are numerous means and ways to teach children.   Indoctrination is what we see in our school systems.  Dividing and shaming students based on  the requirement of 64 injections of 16 vaccines - we SEE the damaged children, don't you?  Some parents choose which of those 64 injections are safe and effective.  We do NOT need the added shots that rolled out right after Liability for deaths and damages was removed from Pharma in 1986 when Pharma faced so many lawsuits for deaths and damages.   Instead of telling Pharma to CLEAN UP their shots, the USA gave Pharma freedom from liability.  In Canada we had, in 1983 - 22 shots of 7 vaccines.  In 2017 -  we now have 64 doses of 16 vaccines along with an explosion of neurological and autoimmune problems in heavily injected children.  Of course now the Covid shot will be added unless Public Health stops being a tool for Pharma.  |app_70563881|2022-02-19 17:19:31.474|1|0|article-childrens-safety-a-concern-in-ottawa-as-police-move-to-end-convoy.json|globemail
Anne, I have 2 young boys myself. One in grade 3 and the other in grade 6. They haven't learned a thing in the last 2 years with this BS online learning for the last 2 years. Particularly in Ontario where we have had the most days out of school compared with other provinces. This was only created to justify paying the teachers to sit at home with full pay while mine and many other children got a pretend education.|MackdaddyBob|2022-02-19 16:05:10.048|1|0|article-childrens-safety-a-concern-in-ottawa-as-police-move-to-end-convoy.json|globemail
Bretski meant the parents, not the police, are like ISIS (who used children as human shields) Joe Cool, you really should learn something about the world around you so you stop putting your foot in your mouth.|grey owl 3|2022-02-19 21:39:27.255|1|0|article-childrens-safety-a-concern-in-ottawa-as-police-move-to-end-convoy.json|globemail
"You have a point, Genghis. I just read a comment that begins:  ""The state is outraged that children are with their parents instead of in state-run, taxpayer-funded indoctrination centres.""  Hard to get more unthinking=mob than that."|Alceste|2022-02-19 16:26:32.873|1|0|article-childrens-safety-a-concern-in-ottawa-as-police-move-to-end-convoy.json|globemail
Honestly, what kind of people put their children in the front lines?  They didn't even do that in the Washington January 6 protest.|WatchWood|2022-02-19 12:58:08.394|0|0|article-childrens-safety-a-concern-in-ottawa-as-police-move-to-end-convoy.json|globemail
Remember in the 70's when Mom  burned her Bra and was arrested. That when I first fancied her. |Joe cool|2022-02-19 19:33:06.428|1|0|article-childrens-safety-a-concern-in-ottawa-as-police-move-to-end-convoy.json|globemail
If you put them in harms way regarding subs they likely would have drown|Reality czech|2022-02-19 18:58:09.243|1|0|article-childrens-safety-a-concern-in-ottawa-as-police-move-to-end-convoy.json|globemail
But where is the inflammatory name calling from the PMO. Has he cut funding to this terror cell?|Reality czech|2022-02-19 19:02:08.554|1|0|article-childrens-safety-a-concern-in-ottawa-as-police-move-to-end-convoy.json|globemail
So actually sending officers to hospital and threatening to burn equipment with people inside is “better” than an unused cache of firearms?  The point the poster made was how these were “handled” specifically by the prime minister|Reality czech|2022-02-19 19:00:58.886|1|0|article-childrens-safety-a-concern-in-ottawa-as-police-move-to-end-convoy.json|globemail
I am happy to comment on the Coastal Gaslink so called protest.  It is terrorism masquerading as environmental dissent.  The people who attacked the pipeline are criminals.  I sincerely hope they are caught the police and dealt with by the courts.  |Fralick56|2022-02-19 16:47:41.993|1|0|article-childrens-safety-a-concern-in-ottawa-as-police-move-to-end-convoy.json|globemail
Better than a trailer filled with firearms, ammunition, and a plan to kill police officers. But yeah bud, they’re both wrong. Very very wrong. I repudiate both.   happy?|bretski__gretzky|2022-02-19 15:56:25.547|1|0|article-childrens-safety-a-concern-in-ottawa-as-police-move-to-end-convoy.json|globemail
Kids are canon fodder to these prancing  tough guys.|gnoid|2022-02-21 01:53:01.632|0|0|article-childrens-safety-a-concern-in-ottawa-as-police-move-to-end-convoy.json|globemail
