﻿comment|username|datetime|isreply|num_replies|post_id|label
Where’s the evidence? Usually the RCMP displays seizures. I wouldn’t be surprised if this was a disinformation campaign created to justify armed police intervention. |KEVIN2210|2022-02-14 23:58:03.735|0|8|article-rcmp-arrest-11-seize-cache-of-guns-at-alberta-border-blockade.json|globemail
"""RCMP seized 13 long guns, handguns, multiple sets of body armour, a machete, a “large quantity” of ammunition, and high-capacity magazines.""  Is that it? I have seen police here on the west coast display a much bigger arsenal after a drug bust seizure. I suspect gangs in Vancouver and Toronto are better armed. Something is amiss here."|HeavyJetCaptain|2022-02-15 00:24:14.211|0|6|article-rcmp-arrest-11-seize-cache-of-guns-at-alberta-border-blockade.json|globemail
"If all the protesters had guns they'd be an army. Thirteen rifles is hardly an army. These events attract radicals by their nature. To broad brush them as all a bunch of crazies is, well, crazy.  It would be like calling all Liberals racists just because their leader wore blackface more times than the number of guns seized in this raid. Or do you think every time he did that was recorded by a picture?  It's not like a church has been burnt down. How many guns do the ones who did that own? We don't know because nobody was charged in those acts. But JT ""understood"" what led them to that violence nevertheless.  That's what this protest is about. The double standards and division created by the Liberal left."|gpspat|2022-02-14 19:56:51.838|1|4|article-rcmp-arrest-11-seize-cache-of-guns-at-alberta-border-blockade.json|globemail
"Through no fault of my own, I have a connection to someone who claims to be a member of the III%er militia in east-central Alberty, and via their social media, I've been able to tap into the pages of many of their friends. I'll just say that these people are all pseudo-Christian 45-worshipping, anti-immigrant, Tucker-radicalized, gun-loving nut cases. They call themselves law-abiding ""patriots"", and constantly preach ""personal responsibility"" while clearly refusing to adhere to either value when it fails to suit them. They have been fantasizing for years about going to Ottawa en masse and arresting Trudeau for any variety of offenses usually rooted in vague (and erroneous) notions of treason. Mostly grown men preaching Agenda 21, the Great Reset, Wexit, etc. These ""protests"" have made them all giddy, and I'm concerned about how far they'll actually go."|Arcadelt|2022-02-15 00:24:34.852|0|4|article-rcmp-arrest-11-seize-cache-of-guns-at-alberta-border-blockade.json|globemail
Yes. Not one shot was fired and not one threat made with those weapons. So yes, peaceful. Like the movie the Minority report, those 11 were apparently arrested for the crimes they were going to commit in the future. It is legal to carry a firearm in Canada if it's unloaded and properly stored in a vehicle. Hand guns not so much. It's unfortunate those guys joined the protest because it allows JT's narrative about the nature of the people protesting to continue when the majority are hard working, law abiding common folk who are passionate about their desire to live free.|gpspat|2022-02-14 20:06:02.554|1|4|article-rcmp-arrest-11-seize-cache-of-guns-at-alberta-border-blockade.json|globemail
“War is peace. Freedom is slavery. Ignorance is strength.”|PrudentInvest0r|2022-02-14 19:12:47.939|0|3|article-rcmp-arrest-11-seize-cache-of-guns-at-alberta-border-blockade.json|globemail
I voted con and have been 100% against these ridiculous convoys the whole time. I really wanted JT gone and was reassured to see major talking points (minus the wedge issues) converge between parties before the election. There are plenty of P.C. voters that aren’t bonkers. And we have all our shots, our boosters, wear our masks, and respect health professionals.|bretski__gretzky|2022-02-15 03:24:39.418|1|3|article-rcmp-arrest-11-seize-cache-of-guns-at-alberta-border-blockade.json|globemail
The weapons were all found at a house in town and those arrested had zero to do with the border protest except for having showed sympathy on social media. |Jack Chiavarini|2022-02-15 01:42:07.960|0|3|article-rcmp-arrest-11-seize-cache-of-guns-at-alberta-border-blockade.json|globemail
The RCMP have been doing a good job at the Coutts blockade and fettering out this militant group of criminals will allow more enforcement to move forward in removing the blockade peacefully. The keyboard warriors including me can get impatient for action but clearly we don't know all the details. The RCMP have been in dialogue with the protesters and their lawyers throughout the blockade and today we will see much more movement at Coutts. This will be over soon peacefully thanks to the professional handling of the situation by the RCMP. |ckernzie|2022-02-14 20:10:01.948|0|3|article-rcmp-arrest-11-seize-cache-of-guns-at-alberta-border-blockade.json|globemail
How very convenient - the RCMP find the cache so that now they can use force to move on the truckers. Their unclear statement makes me wonder about how this seizure is related to this protest. Remember the flood in High River and what the RCMP did there.|Rouser9|2022-02-14 19:57:09.500|0|3|article-rcmp-arrest-11-seize-cache-of-guns-at-alberta-border-blockade.json|globemail
There is a protest group at Main and Hastings in Vancouver today bocking the intersection today and the police are just standings by.  Business are closed, people do not feel safe.  Where is the Army, where are the tanks.  We also need to expose all who attended and who donated to this cause!   |yuknon|2022-02-14 19:50:27.947|0|3|article-rcmp-arrest-11-seize-cache-of-guns-at-alberta-border-blockade.json|globemail
"Apparently at a press conference with Tamara Lich today, this was brought up.  People in the room shouted ""Lies!"" and that was the end of the meeting.  Those who have advocated for negotiation with the protesters may wish to rethink their position in the face of such blind dogma.    At the same meeting, Lich appealed to protesters to hold the line, saying love will always conquer hate.  Passing strange given the wording on the anti-Trudeau banners, unless, of course, those displaying them are actually expressing secret desires."|WhistlingInTheDark|2022-02-14 23:18:42.548|0|3|article-rcmp-arrest-11-seize-cache-of-guns-at-alberta-border-blockade.json|globemail
Totally peaceful though right?|Jellybird|2022-02-14 19:18:05.773|0|3|article-rcmp-arrest-11-seize-cache-of-guns-at-alberta-border-blockade.json|globemail
trudeau created this whole issue. He can not control his massive EGO. He is a very small man indeed.|12345Bill|2022-02-14 23:40:28.870|0|2|article-rcmp-arrest-11-seize-cache-of-guns-at-alberta-border-blockade.json|globemail
Pierre Poilievre is backpedaling as we breathe. I for one will never vote Conservative if he becomes the leader. |CYNIC11|2022-02-14 19:58:10.442|1|2|article-rcmp-arrest-11-seize-cache-of-guns-at-alberta-border-blockade.json|globemail
Albertans, just Texans with universal health care.|In For The Long Haul|2022-02-14 19:34:44.168|0|2|article-rcmp-arrest-11-seize-cache-of-guns-at-alberta-border-blockade.json|globemail
Exactly.   Dodge Trucks,  all papered up,  shotgun in the back window,  bottle of moonshine at the hip.|Laugher|2022-02-14 19:42:20.617|1|2|article-rcmp-arrest-11-seize-cache-of-guns-at-alberta-border-blockade.json|globemail
meanwhile 2000 guns are stolen in Peterborough, Ontario -- were those Albertans as well? Grow up. |1JohnGalt|2022-02-14 22:38:43.246|1|2|article-rcmp-arrest-11-seize-cache-of-guns-at-alberta-border-blockade.json|globemail
And there goes the last shred of sympathy I had for any of these protesters.  If you're involved in any of these blockades and reading this, especially if you have your children with you, please go home immediately before somebody gets seriously hurt.  The description in the article of high capacity magazines means that you have amongst you people who are comfortable with being criminal prior to this blockade. Possession of such items is prohibited and everyone in the firearms community knows it. Owning them means you anticipate violence on a large scale, being around such people means you may be the recipient of such violence.  Please, enough already. |Just gave up|2022-02-14 19:35:39.473|0|2|article-rcmp-arrest-11-seize-cache-of-guns-at-alberta-border-blockade.json|globemail
Luckily the Liberals have just recently reduced the mandatory sentences for those with illegal guns so the sentence will be light.|yuknon|2022-02-14 19:52:17.617|1|2|article-rcmp-arrest-11-seize-cache-of-guns-at-alberta-border-blockade.json|globemail
All you have to do is look at some of their signs and banners and the websites they frequent.  Infowars flags. Confederate flags. Trump 2024 flags.  I defy anyone to explain to me what these have to do with Covid mandates in Canada.|Nostorski Pookinskichuk|2022-02-14 19:52:49.196|1|2|article-rcmp-arrest-11-seize-cache-of-guns-at-alberta-border-blockade.json|globemail
Second that - the Conservatives have a major hole to dig themselves out of.|FBGCAI|2022-02-14 22:41:34.075|1|2|article-rcmp-arrest-11-seize-cache-of-guns-at-alberta-border-blockade.json|globemail
Huh? Kenney surrendered to them quite a while ago. And I used to be a Conservative voter...|WesternPatriot|2022-02-14 19:44:49.542|1|2|article-rcmp-arrest-11-seize-cache-of-guns-at-alberta-border-blockade.json|globemail
But there were bouncy castles too! |news reader 2020|2022-02-14 22:42:15.767|0|2|article-rcmp-arrest-11-seize-cache-of-guns-at-alberta-border-blockade.json|globemail
Update: Coutts protest has been totally abandoned, everybody has pulled out peacefully. Protesters did not want to be associated with the violent cell that had these weapons. News that the Province had acquired heavy equipment to move large vehicles and Justin's power move sealed the deal. It's over. |ckernzie|2022-02-15 01:23:52.712|0|2|article-rcmp-arrest-11-seize-cache-of-guns-at-alberta-border-blockade.json|globemail
A large tractor used in the hit and run.  The tractor will probably not be available this spring for cultivating fields.    Hope all the other tractor owners make note of this.  |Kim2301|2022-02-15 01:18:57.864|0|2|article-rcmp-arrest-11-seize-cache-of-guns-at-alberta-border-blockade.json|globemail
Pink Floyd?  |Michael_L|2022-02-14 19:20:07.508|1|2|article-rcmp-arrest-11-seize-cache-of-guns-at-alberta-border-blockade.json|globemail
"Gee whizzers, and we were led to believe this was a freedom loving peaceful ""protest"" !!"|Bikerman|2022-02-15 00:38:01.263|0|2|article-rcmp-arrest-11-seize-cache-of-guns-at-alberta-border-blockade.json|globemail
You're not a conservative, you are an authoritarian, every position you hold is authoritarian.|Free_1|2022-02-14 19:51:49.792|1|2|article-rcmp-arrest-11-seize-cache-of-guns-at-alberta-border-blockade.json|globemail
Difference being those arsenals are usually at a  house/clubhouse of some kind, not at a “protest”. Why was the person(s) storing so many guns in his vehicle? We’re they on a hunting trip? |fcporto|2022-02-15 00:46:45.684|1|2|article-rcmp-arrest-11-seize-cache-of-guns-at-alberta-border-blockade.json|globemail
When one reads reports like this and the unconfirmed reports that two members of the elite JTF2 are involved with this so called protest, it confirms my suspicion that insurrectionists are at work funded by the ultra extreme right wing element in the US.  If in fact members of the military and police are involved they need to rounded up and arrested for subversive activities against our country.  |TorontoGooner|2022-02-14 19:32:25.558|0|2|article-rcmp-arrest-11-seize-cache-of-guns-at-alberta-border-blockade.json|globemail
Lots of firearm laws being broken here.  Not for the rifle but having a handgun there as a restricted firearm means jail time.  Also large capacity mags.  Anything greater than 5 jail time.  If any of those rifles are now on the restricted or prohibited  list if they wanted to , jail time.|Doug skis out west|2022-02-14 23:06:27.083|1|2|article-rcmp-arrest-11-seize-cache-of-guns-at-alberta-border-blockade.json|globemail
For owning a rifle? |gpspat|2022-02-14 19:58:48.943|1|2|article-rcmp-arrest-11-seize-cache-of-guns-at-alberta-border-blockade.json|globemail
Hi JH:  No. I have always been consistent that laws must be obeyed.  The truckers who parked illegally, blared horns or did other bylaw infractions should be issued tickets.  And these people, when the full circumstances are known, should face similar charges.  I've seen social media reports that the seizures happened at a residence away from the protest. So unless the guns were stored illegally, the only real crime would be the possession of a high capacity (>5 rounds) magazine.|CookeV|2022-02-15 00:17:51.320|1|2|article-rcmp-arrest-11-seize-cache-of-guns-at-alberta-border-blockade.json|globemail
It's Vancouver, they're probably yelling about pipelines, no?|ALK8343|2022-02-14 22:42:58.447|1|1|article-rcmp-arrest-11-seize-cache-of-guns-at-alberta-border-blockade.json|globemail
Coincidentally, lately I've been listening and playing Hymn to Freedom by Oscar Peterson, which some people believe should be a new national anthem for Canada. It's a beautiful, inspiring piece of music. These people have dragged the word freedom and the Canadian flag through the mud and worse in support of their twisted goals. They've done their best to ruin this song for me but Oscar still prevails.|app_72425581|2022-02-15 02:40:03.496|0|1|article-rcmp-arrest-11-seize-cache-of-guns-at-alberta-border-blockade.json|globemail
Candice Bergen's peaceful and passionate Canadians? Okay, I know she was talking about the goofballs in Ottawa, but the front end of the horse and the tail of the horse are still the same horse. |Magnus Eiesegrim|2022-02-14 19:40:49.590|0|1|article-rcmp-arrest-11-seize-cache-of-guns-at-alberta-border-blockade.json|globemail
Let them reflect behind the bar. Hope they will throw away the keys.|app_69557013|2022-02-14 19:23:26.565|0|1|article-rcmp-arrest-11-seize-cache-of-guns-at-alberta-border-blockade.json|globemail
But they look so nice and reasonable on the tv. |bkirk|2022-02-14 19:29:25.846|0|1|article-rcmp-arrest-11-seize-cache-of-guns-at-alberta-border-blockade.json|globemail
No doubt the spineless waffling Candy (MAGA) Berg & the rest of the traitorous far right fringe in the blue party will lamely explain away this weapons find.|Bikerman|2022-02-15 03:05:18.304|0|1|article-rcmp-arrest-11-seize-cache-of-guns-at-alberta-border-blockade.json|globemail
But you will if he doesn't? I get this feeling you wouldn't vote Conservative ever, but I could be wrong.....|ALK8343|2022-02-14 22:44:37.656|1|1|article-rcmp-arrest-11-seize-cache-of-guns-at-alberta-border-blockade.json|globemail
Yes, great work by the RCMP.  For those still referring to this as peaceful, wake-up to what is before you.  This can’t be explained away by simply saying it was only 12 people, others in the group had to know or at minimum had hints to what was lurking among them.|DebbieTy|2022-02-15 03:38:29.508|1|1|article-rcmp-arrest-11-seize-cache-of-guns-at-alberta-border-blockade.json|globemail
Good work RCMP; reason number 3,671 why we should maintain you as our Provincial law enforcement body rather than spending more on a new bunch of Keystone Kops. |1535639634416|2022-02-15 02:56:28.178|0|1|article-rcmp-arrest-11-seize-cache-of-guns-at-alberta-border-blockade.json|globemail
So what do you say then to the provincial premiers who are responsible for the majority of the mandates?  Or to the Biden Administration who will not allow unvaccinated truckers across the border even if the Canadian mandate was lifted?  Or is your small brain incapable of anything more than a blinding hate focused on one individual? |stuckatadesk|2022-02-14 23:58:09.413|1|1|article-rcmp-arrest-11-seize-cache-of-guns-at-alberta-border-blockade.json|globemail
Lock up those with illegal possession and make sure they  serve maximum terms. These are among the far right that have hijacked the trucker movement.|lucy102|2022-02-15 02:42:38.550|0|1|article-rcmp-arrest-11-seize-cache-of-guns-at-alberta-border-blockade.json|globemail
The far right types tend to live in a world of their own.|Bikerman|2022-02-15 00:41:14.063|1|1|article-rcmp-arrest-11-seize-cache-of-guns-at-alberta-border-blockade.json|globemail
How convenient |Sledder1205|2022-02-15 01:06:54.991|0|1|article-rcmp-arrest-11-seize-cache-of-guns-at-alberta-border-blockade.json|globemail
your leaders stoop to kissing up to the maga conspirators just for votes |Sovereign2|2022-02-15 03:33:45.640|1|1|article-rcmp-arrest-11-seize-cache-of-guns-at-alberta-border-blockade.json|globemail
Body Armour ? |Jay from Canada|2022-02-15 19:30:43.779|0|1|article-rcmp-arrest-11-seize-cache-of-guns-at-alberta-border-blockade.json|globemail
You may be right, ckernzie.  Not sure why it took over two weeks of blockade to discover the guns, but now they've done it.  Let's see Alberta police clear away the highway blockers now.|Alceste|2022-02-14 22:55:33.193|1|1|article-rcmp-arrest-11-seize-cache-of-guns-at-alberta-border-blockade.json|globemail
I wouldn't know, because I'd rather smash every screen in the house than allow that garbage to air in my place. |morantbay|2022-02-15 00:45:18.413|1|1|article-rcmp-arrest-11-seize-cache-of-guns-at-alberta-border-blockade.json|globemail
Truckers from the border have reported the people who were arrested with weapons rolled in in the middle of the night and were promptly arrested. It is highly suspected that it was RCMP who set it up. The RCMP also vandalized three excavators that were on private land near by and actually admitted to “disabling”them.  Kenney and Trudeau are both crooked and would easily do this.  It will be interesting to see if the names of those arrested are released.  The photo is almost identical of the weapons the RCMP have been seizing from gangs on reserves. |NM0047|2022-02-15 20:11:20.374|0|1|article-rcmp-arrest-11-seize-cache-of-guns-at-alberta-border-blockade.json|globemail
All just families having a great time!|Mat in Victoria|2022-02-14 23:12:52.259|1|1|article-rcmp-arrest-11-seize-cache-of-guns-at-alberta-border-blockade.json|globemail
Will this even be mentions on Fox News at 6 ?|The Last Honest Conservative|2022-02-14 23:16:41.961|0|1|article-rcmp-arrest-11-seize-cache-of-guns-at-alberta-border-blockade.json|globemail
Nice. Now adults can exert political pressure to actually get out of this pandemic. These yahoos have set us all back.|bretski__gretzky|2022-02-15 02:29:26.643|1|1|article-rcmp-arrest-11-seize-cache-of-guns-at-alberta-border-blockade.json|globemail
The cache of arms and assorted items were destined for Surrey, BC...There's nothing to shoot at on the prairie anyway.|chilcotinbob|2022-02-14 22:50:21.804|0|1|article-rcmp-arrest-11-seize-cache-of-guns-at-alberta-border-blockade.json|globemail
"""RCMP seized 13 long guns, handguns, multiple sets of body armour, a machete, a “large quantity” of ammunition, and high-capacity magazines.""   --  That reads like something you'd find at an American Republican's neighbourhood backyard barbecue and pool party.    "|Thomas Darcy McGee|2022-02-14 23:01:06.254|0|1|article-rcmp-arrest-11-seize-cache-of-guns-at-alberta-border-blockade.json|globemail
Here's the proof of the very dangerous people involved in these occupations. This took place in an isolated stretch of road. The biggest fear is that there are people similarly equipped in downtown Ottawa ready to shoot when the police come to evict them. There is a real possibility that we may be faced with armed insurrection in front of Parliament Hill. |zuglo9|2022-02-14 23:12:17.275|0|1|article-rcmp-arrest-11-seize-cache-of-guns-at-alberta-border-blockade.json|globemail
I hear there's a sale on tin foil at Walmart. Better hurry over!|Who Are You|2022-02-15 00:04:20.939|1|1|article-rcmp-arrest-11-seize-cache-of-guns-at-alberta-border-blockade.json|globemail
They were going to make some Christmas cards.|Randall Leigh|2022-02-15 01:22:09.426|1|1|article-rcmp-arrest-11-seize-cache-of-guns-at-alberta-border-blockade.json|globemail
You seem to one of those precious left wingers who would never fly, drive a car or heat your house with hydrocarbons.  You are a princess in fact.|yuknon|2022-02-14 19:54:52.305|1|1|article-rcmp-arrest-11-seize-cache-of-guns-at-alberta-border-blockade.json|globemail
Go to CBC Calgary, I saw the usual table full of weapons just 10 minutes ago. But beware, it could be a still from an action movie if that helps you. |slug1953|2022-02-15 02:19:20.850|1|1|article-rcmp-arrest-11-seize-cache-of-guns-at-alberta-border-blockade.json|globemail
Take screen shots!|bretski__gretzky|2022-02-15 01:48:25.541|1|1|article-rcmp-arrest-11-seize-cache-of-guns-at-alberta-border-blockade.json|globemail
Is the investigation over, the facts in and the case in court?  Just wondering G&M what FACTS you are reporting?  Or is this just sensationalism?|Conrad_Horvath|2022-02-15 05:47:39.493|0|1|article-rcmp-arrest-11-seize-cache-of-guns-at-alberta-border-blockade.json|globemail
Speaking as an Albertan whose family has been here since 1888, you are painting all Albertans with the same brush. The majority of Albertans are law abiding citizens. |app_72638441|2022-02-14 23:29:52.987|1|1|article-rcmp-arrest-11-seize-cache-of-guns-at-alberta-border-blockade.json|globemail
"It's time to bring to mind the lyrics of that old Buffalo Springfield song ""For what It's Worth"" because it is becoming clearer the longer this goes on that this is about a lot more than just covid for some of the protestors in this ""protest""."|RedDrum|2022-02-14 19:40:15.207|0|1|article-rcmp-arrest-11-seize-cache-of-guns-at-alberta-border-blockade.json|globemail
Is that it? I have seen police here on the west coast display a much bigger arsenal after a drug bust seizure. Yeah........so did all of us/Canadians in the Alberta floods aftermath when the RCMP seized well over 400 unsecured guns from homes abandoned in the said floods.  And no-one was charged. No one....................go figure. Is that what you had in mind as a comparison?  By the way, do you know/realize that Regina, Saskatoon, Winnipeg, Edmonton, Calgary are way ahead of Vancouver and TO in gun related crime?  No................I guess not. It just does not fit your distorted/irrelevant  agenda, now does it.  . |Ivan Dobren|2022-02-15 00:45:09.357|1|1|article-rcmp-arrest-11-seize-cache-of-guns-at-alberta-border-blockade.json|globemail
Great minds bretski---I have LOTS of screen shots.|Arcadelt|2022-02-15 04:39:58.972|1|1|article-rcmp-arrest-11-seize-cache-of-guns-at-alberta-border-blockade.json|globemail
Really Cooke? A few days ago you were accusing people of overreacting and scare mongering about the situation. Now you see the light. Huh. |The jolly hangman|2022-02-14 23:05:04.365|1|1|article-rcmp-arrest-11-seize-cache-of-guns-at-alberta-border-blockade.json|globemail
We have:  The RCMP say they have arrested 11 people tied to the blockade of the Canada-U.S. border crossing at Coutts, Alta., after seizing a cache of guns. Investigators believe the seizure is tied to a group willing to use force to prevent police from dismantling the blockade.  I hope the police release the names of these individuals, quickly, along with a list of the specific crimes they are charged with.  There is no place for violence within the protests.|CookeV|2022-02-14 19:32:24.456|0|1|article-rcmp-arrest-11-seize-cache-of-guns-at-alberta-border-blockade.json|globemail
Um, I think the SCoC ruled that mandatory sentences were against the  Charter. But correct me if I’m wrong.|northerncrank|2022-02-14 23:34:46.067|1|1|article-rcmp-arrest-11-seize-cache-of-guns-at-alberta-border-blockade.json|globemail
I always wonder, do conspiracy theorists actually believe what they say, or just repeats their own lies? |gettingreal|2022-02-15 01:07:29.136|1|1|article-rcmp-arrest-11-seize-cache-of-guns-at-alberta-border-blockade.json|globemail
Thanks Stalin.|gpspat|2022-02-14 19:58:09.534|1|1|article-rcmp-arrest-11-seize-cache-of-guns-at-alberta-border-blockade.json|globemail
"Finally! Some specifics!! A picture is worth a thousand words.  Some serious guns there.   So, does anybody know what happened to them arrestees today. Were they booked and  released with a ""Promise to Appear""? Or bailed-out? Or still cooling their heels in the RCMP pokey?  Canada has huge penalties for anybody having the wrong kind of gun in the wrong place at the wrong time. Please please keep us up-to-date ... especially would like to know if the Restricted/Prohibited firearms (handguns and the assorted AR15 variants) in the photo are smuggled/untraceable.  Or is there a paper trail between them firearms and any of the folks who possessed them today? Obviously, us legal/licensed firearms-owners would like to see these goofs just hung out to dry."|Captain R|2022-02-15 03:37:22.791|0|1|article-rcmp-arrest-11-seize-cache-of-guns-at-alberta-border-blockade.json|globemail
Was it Bigfoot or the Rozwell aliens that suggested that cheap excuse.|jrdiaz|2022-02-15 01:03:48.248|1|1|article-rcmp-arrest-11-seize-cache-of-guns-at-alberta-border-blockade.json|globemail
"The Radical Left hasn't cornered the market on nuts. Who do you think the whackos are that torch cop cars in the G20? Or run rampant in Hamilton at the Anarchist Book Fair? Or call old Ladies Nazis and block their walker access because she wants to hear Bernier talk?  Was it ""patriotic"" when TIDES foundation (Soros) funded Leadnow for the ""Vote Together"" campaign to influence a federal election?  To paraphrase you; They fantasized for years about going to Ottawa en masse and arresting Harper for any variety of offenses usually rooted in vague (and erroneous) notions of treason. Mostly grown men preaching Big Oil, Anti-Science, Anti-Climate Change, etc. These ""protests"" have made them all giddy, and I'm concerned about how far they'll actually go.  Just curious are you even aware of the Antifa Kook that ran over 4 protesters in Winnipeg? The MSM went to great lengths to keep that on the QT and even when it ran it disappeared just as quickly unlike some articles that linger ad nauseum. Imagine that was the coverage in Charlottesville? The only difference is nobody died although Dave Zegarac hit 4 people and not one."|Reality czech|2022-02-15 03:37:59.634|1|1|article-rcmp-arrest-11-seize-cache-of-guns-at-alberta-border-blockade.json|globemail
As I said earlier, I give credit to Kenney who forcefully and unequivocally condemned the blockade / occupiers.  And I am not a Kenney fan. |Michael_L|2022-02-14 19:33:38.220|0|1|article-rcmp-arrest-11-seize-cache-of-guns-at-alberta-border-blockade.json|globemail
Sure, so the RCMP and the Alberta provincial government are able to spread disinformation campaigns with no fear of discovery or the implications.  Seriously?  You watch way too much Hollywood...  |Callahan|2022-02-15 00:39:40.543|1|1|article-rcmp-arrest-11-seize-cache-of-guns-at-alberta-border-blockade.json|globemail
Yes, I guess that's all there was--just a few firearms, but remember, this was a so-called peaceful protest.  You don't bring handguns to a peaceful protest.  At least I wouldn't.  Maybe you would HJC.|Ray Curtin1|2022-02-15 01:25:52.194|1|0|article-rcmp-arrest-11-seize-cache-of-guns-at-alberta-border-blockade.json|globemail
It might not seem like much but the pics show a militaristic setup that could have caused a lot of fatalities. One of the guys that tried to ram the RCMP vehicle had 40 warrants out for his arrest. Protests no matter what they are for/against will attract those that want to cause real trouble.  |ckernzie|2022-02-15 01:28:10.016|1|0|article-rcmp-arrest-11-seize-cache-of-guns-at-alberta-border-blockade.json|globemail
Should be a banner year for police auctions across the country.  Looking forward to seeing all these trucks online.|YHZinYHZ|2022-02-15 08:09:21.411|1|0|article-rcmp-arrest-11-seize-cache-of-guns-at-alberta-border-blockade.json|globemail
And the minimization machine starts churning out hot air…|bretski__gretzky|2022-02-15 01:48:53.982|1|0|article-rcmp-arrest-11-seize-cache-of-guns-at-alberta-border-blockade.json|globemail
“Guns are peaceful. Vaccines are killers. Occupiers are kind. Freedom is trucks.” An update for 2022. |The jolly hangman|2022-02-14 23:08:22.345|1|0|article-rcmp-arrest-11-seize-cache-of-guns-at-alberta-border-blockade.json|globemail
Baloney|app_70884961|2022-02-15 04:01:11.858|1|0|article-rcmp-arrest-11-seize-cache-of-guns-at-alberta-border-blockade.json|globemail
Why are these losers let out on bail?  Then again, it is Alberta.|Chris771|2022-02-15 20:34:20.129|0|0|article-rcmp-arrest-11-seize-cache-of-guns-at-alberta-border-blockade.json|globemail
Yeah. Was this the FBI plants too?|bretski__gretzky|2022-02-15 01:47:22.159|1|0|article-rcmp-arrest-11-seize-cache-of-guns-at-alberta-border-blockade.json|globemail
Bbb...but bouncey castles !!!|Bob.McK|2022-02-15 02:34:30.474|1|0|article-rcmp-arrest-11-seize-cache-of-guns-at-alberta-border-blockade.json|globemail
Send them to the Ukraine border|ClaireSz|2022-02-15 01:36:52.364|1|0|article-rcmp-arrest-11-seize-cache-of-guns-at-alberta-border-blockade.json|globemail
I hope you've shared them with the authorities.|Leese1|2022-02-15 10:18:38.185|1|0|article-rcmp-arrest-11-seize-cache-of-guns-at-alberta-border-blockade.json|globemail
They'll fold like cardboard as soon as the RCMP arrive with armored cars and bull whips. Just like they've already done at Coutts.|eighttigers|2022-02-15 03:06:04.046|1|0|article-rcmp-arrest-11-seize-cache-of-guns-at-alberta-border-blockade.json|globemail
How can this be?  The alt-right are teddy bears who would never act in such radical fashion.  I mean, just listen to them on Rumble, Parler, and 4Chan.  Such tempered speech. Such careful words. |Prairie Logic|2022-02-15 00:26:51.904|0|0|article-rcmp-arrest-11-seize-cache-of-guns-at-alberta-border-blockade.json|globemail
"""Radical Left"" [FOX talking point], ""Soros"" [tired anti-Semitic trope], ""antifa"" [see FOX earlier]."|Arcadelt|2022-02-15 04:42:32.860|1|0|article-rcmp-arrest-11-seize-cache-of-guns-at-alberta-border-blockade.json|globemail
Oh yeah.  The protesters are just a bunch of peaceful truckers.  Pffffft !|ABCforever|2022-02-15 01:05:52.717|0|0|article-rcmp-arrest-11-seize-cache-of-guns-at-alberta-border-blockade.json|globemail
Yes, it's more effective than Under Armour!|idoubtit most of the time|2022-02-15 20:20:11.065|1|0|article-rcmp-arrest-11-seize-cache-of-guns-at-alberta-border-blockade.json|globemail
Was probably stolen |ckernzie|2022-02-15 20:36:54.776|1|0|article-rcmp-arrest-11-seize-cache-of-guns-at-alberta-border-blockade.json|globemail
In case you don't know, this is Canada.  There is no information about the people who were carrying these lethal weapons. I doubt anything will happen, few people will be presented in the court and they will be released. We don't have the will and power to enforce the law. |MMM7|2022-02-15 04:44:22.020|0|0|article-rcmp-arrest-11-seize-cache-of-guns-at-alberta-border-blockade.json|globemail
"I've voted Liberal, NDP, Green, and Rhinoceros. In order to get rid of a tired and poorly led Liberal government (such as we've currently got) I could occasionally vote for a PC party in which O'Toole (the real O'Toole, not the fake ""true blue"" one) was in the mainstream. But I just ain't never, ever going to vote for a party with a bunch of Reformist so-cons in the base."|1535639634416|2022-02-15 04:06:00.527|1|0|article-rcmp-arrest-11-seize-cache-of-guns-at-alberta-border-blockade.json|globemail
I don't vote con but agree with you.|idoubtit most of the time|2022-02-15 20:22:15.485|1|0|article-rcmp-arrest-11-seize-cache-of-guns-at-alberta-border-blockade.json|globemail
Play stupid games, win stupid prizes. Throw the book at them.|bretski__gretzky|2022-02-15 03:28:24.727|0|0|article-rcmp-arrest-11-seize-cache-of-guns-at-alberta-border-blockade.json|globemail
Captain sounds like you’re from Arkansa! Them ?|Hjohn4|2022-02-15 13:33:14.905|1|0|article-rcmp-arrest-11-seize-cache-of-guns-at-alberta-border-blockade.json|globemail
Will Jason Kenney be empanelling an inquiry to look into the foreign funding of these anti-Alberta protestors? Surely he must have a friend somewhere who needs a job and a 6-figure government salary!  I won't be holding my breath, mind.|1535639634416|2022-02-15 03:51:30.966|0|0|article-rcmp-arrest-11-seize-cache-of-guns-at-alberta-border-blockade.json|globemail
They are just very stupid hunters!  They need big guns, machine gun preferably, to get any deer.  |prague|2022-02-15 04:20:49.187|0|0|article-rcmp-arrest-11-seize-cache-of-guns-at-alberta-border-blockade.json|globemail
Really?|idoubtit most of the time|2022-02-15 20:20:56.930|1|0|article-rcmp-arrest-11-seize-cache-of-guns-at-alberta-border-blockade.json|globemail
“It is highly suspected…” by whom?  |Michael_L|2022-02-15 20:35:42.936|1|0|article-rcmp-arrest-11-seize-cache-of-guns-at-alberta-border-blockade.json|globemail
We need to make room in the jails for those who want  to self-declare that laws don't apply to them and they threaten violence. Peaceful protests that don't infringe on other people's rights are fine, but violence or the intent to commit violence has no room for leniency.|dato6966|2022-02-15 12:45:25.991|0|0|article-rcmp-arrest-11-seize-cache-of-guns-at-alberta-border-blockade.json|globemail
"Judging by many of the comments people seem to have a ""Liberal"" perspective of kindness!  ""Kind Senator Cursed Protest Now-retired Senator James Munson (Ont.) tomorrow is to lead national observance of “Kindness Week” after calling Freedom Convoy truckers racists and hostage takers. Munson, a former Liberal press aide, sponsored An Act Respecting Kindness Week to “encourage values such as empathy.” www.blacklocks.ca/kind-senator-cursed-protest/ "|Ratiocinator|2022-02-15 19:54:43.529|0|0|article-rcmp-arrest-11-seize-cache-of-guns-at-alberta-border-blockade.json|globemail
Jason let it get out of hand with his pandering.|James Mitchelson|2022-02-15 19:37:05.611|0|0|article-rcmp-arrest-11-seize-cache-of-guns-at-alberta-border-blockade.json|globemail
Hmm, 13 long guns.  Well, I guess it's a good start, given the 10's of thousands of illegal guns crossing the border.|Top Level2|2022-02-15 16:03:22.579|0|0|article-rcmp-arrest-11-seize-cache-of-guns-at-alberta-border-blockade.json|globemail
Some scarry stuff...imagine if one of the protestors would have fired at a police officer?? What a massacre that would have started. Morons.|doctor crs|2022-02-15 16:23:08.073|0|0|article-rcmp-arrest-11-seize-cache-of-guns-at-alberta-border-blockade.json|globemail
Someday people will learn that there is an inverse relationship between gun ownership and freedom.  If you depend on guns for freedom in that patriotic head of yours, you're more likely to  need a criminal defence lawyer to get your freedom.|Fred8888|2022-02-15 16:50:14.988|0|0|article-rcmp-arrest-11-seize-cache-of-guns-at-alberta-border-blockade.json|globemail
that was embarrassing....I am not a fan of JT but at this time I can honestly say the the Conservative has party lost a loyal supporter. Me.|doctor crs|2022-02-15 16:25:12.219|1|0|article-rcmp-arrest-11-seize-cache-of-guns-at-alberta-border-blockade.json|globemail
Ya know, them thar deer are pretty dangerous and body armour is needed in case they fire back. |Fobar Too|2022-02-15 19:59:11.860|0|0|article-rcmp-arrest-11-seize-cache-of-guns-at-alberta-border-blockade.json|globemail
Orwell, 1984 I think|MIDTOWNTORONTO11|2022-02-14 19:33:30.080|1|0|article-rcmp-arrest-11-seize-cache-of-guns-at-alberta-border-blockade.json|globemail
Quite a picture|Richard Wright|2022-02-15 20:02:20.382|0|0|article-rcmp-arrest-11-seize-cache-of-guns-at-alberta-border-blockade.json|globemail
Probably how they got caught. |ckernzie|2022-02-15 20:35:43.402|1|0|article-rcmp-arrest-11-seize-cache-of-guns-at-alberta-border-blockade.json|globemail
Lets call a spade a spade. These guys are domestic terrorists!|edwin007|2022-02-15 17:17:30.847|1|0|article-rcmp-arrest-11-seize-cache-of-guns-at-alberta-border-blockade.json|globemail
Hijacked? Ha!   Thanks for the laugh!|bretski__gretzky|2022-02-15 03:05:09.548|1|0|article-rcmp-arrest-11-seize-cache-of-guns-at-alberta-border-blockade.json|globemail
Just played this during our bath and bedtime routine for my 2-year-old. Beautiful music. Thanks for this post.   We the adults of this nation will prevail.|bretski__gretzky|2022-02-15 03:21:07.355|1|0|article-rcmp-arrest-11-seize-cache-of-guns-at-alberta-border-blockade.json|globemail
Has to be a big fib.  These people are the most peaceful people in the world.  They told us that.  They didn't have their fingers crossed behind their backs, did they?  I am shocked and surprised to an equal degree that the RCMP would say such a thing.. |dirtyduck|2022-02-15 02:19:32.568|0|0|article-rcmp-arrest-11-seize-cache-of-guns-at-alberta-border-blockade.json|globemail
whack jobs|app_65708252|2022-02-15 02:04:38.589|0|0|article-rcmp-arrest-11-seize-cache-of-guns-at-alberta-border-blockade.json|globemail
Thugs and insurrectionists go hand in hand especially when you are the puppets of the oath keepers and proud boys from down south.   |TorontoGooner|2022-02-15 01:50:38.777|0|0|article-rcmp-arrest-11-seize-cache-of-guns-at-alberta-border-blockade.json|globemail
‘Peaceful’ protest…. I wonder if these firearms and ammunition were paid for by the millions of dollars sent over from the US.|bretski__gretzky|2022-02-15 01:46:52.848|0|0|article-rcmp-arrest-11-seize-cache-of-guns-at-alberta-border-blockade.json|globemail
Already ramping up the disinformation campaign. Nice.|bretski__gretzky|2022-02-15 02:28:17.700|1|0|article-rcmp-arrest-11-seize-cache-of-guns-at-alberta-border-blockade.json|globemail
riiiiight...|app_65708252|2022-02-15 02:05:05.217|1|0|article-rcmp-arrest-11-seize-cache-of-guns-at-alberta-border-blockade.json|globemail
1984  |DavidCReed|2022-02-14 19:33:55.428|1|0|article-rcmp-arrest-11-seize-cache-of-guns-at-alberta-border-blockade.json|globemail
Typical. And here I was wanting to see some broken eggs. Damn.|eighttigers|2022-02-15 03:03:09.614|1|0|article-rcmp-arrest-11-seize-cache-of-guns-at-alberta-border-blockade.json|globemail
Political pressure? LOL! Right|Reality czech|2022-02-15 03:21:10.955|1|0|article-rcmp-arrest-11-seize-cache-of-guns-at-alberta-border-blockade.json|globemail
Supply depot.|Bob.McK|2022-02-15 02:33:46.780|1|0|article-rcmp-arrest-11-seize-cache-of-guns-at-alberta-border-blockade.json|globemail
Got an explanation for the body armour?|Randall Leigh|2022-02-15 01:32:13.194|1|0|article-rcmp-arrest-11-seize-cache-of-guns-at-alberta-border-blockade.json|globemail
Those far right types were hunting for enemies of the revolution.|Bikerman|2022-02-15 03:08:43.321|1|0|article-rcmp-arrest-11-seize-cache-of-guns-at-alberta-border-blockade.json|globemail
Nothing says peaceful protest like a cache of firearms.  Or were they looking to do a little sport shooting to unwind after a hard day blocking the border?  Body armour and large capacity magazines are needed because, well, with the border closed, it's getting harder to re-arm sufficiently. |Mark P. Angel|2022-02-14 19:37:58.078|0|0|article-rcmp-arrest-11-seize-cache-of-guns-at-alberta-border-blockade.json|globemail
the SCC has been working their way through the mandatory minimums.  one at a time|Fred8888|2022-02-15 16:33:20.044|1|0|article-rcmp-arrest-11-seize-cache-of-guns-at-alberta-border-blockade.json|globemail
Those weapons some of them being restricted you are breaking the law.  Handguns can be in your vehicle on way to or from range.  Pretty sure they can charge them.  High cap mags are illegal in Canada so jail time.  A future mass shooter off the streets.|Doug skis out west|2022-02-14 23:09:07.468|1|0|article-rcmp-arrest-11-seize-cache-of-guns-at-alberta-border-blockade.json|globemail
Right, so nothing to see. It's only 13 people with a lot of firepower. Why, there are probably more than 13 people with body armour and a lot of fire power at every Raging Grannies protest. |news reader 2020|2022-02-14 22:41:06.370|1|0|article-rcmp-arrest-11-seize-cache-of-guns-at-alberta-border-blockade.json|globemail
"Please explain how weapons (illegal at that) equate to a ""peaceful"" protest?"|FBGCAI|2022-02-14 22:43:53.421|1|0|article-rcmp-arrest-11-seize-cache-of-guns-at-alberta-border-blockade.json|globemail
Each of us gets judged by the company we choose to keep.|Aeastham|2022-02-14 23:05:37.888|1|0|article-rcmp-arrest-11-seize-cache-of-guns-at-alberta-border-blockade.json|globemail
I think you should get your GPS recalibrated because you're lost in right field |dirtyduck|2022-02-15 03:42:12.845|1|0|article-rcmp-arrest-11-seize-cache-of-guns-at-alberta-border-blockade.json|globemail
Excellent observation and point. |The jolly hangman|2022-02-14 22:55:15.620|1|0|article-rcmp-arrest-11-seize-cache-of-guns-at-alberta-border-blockade.json|globemail
Today's 'protest' in Vancouver was the annual march to remember murdered and missing women. They had something a little more worthwhile to be concerned about than being afraid to get a vaccine shot.|gettingreal|2022-02-15 01:01:22.574|1|0|article-rcmp-arrest-11-seize-cache-of-guns-at-alberta-border-blockade.json|globemail
Plus American trucks. https://convoytraitors.ca/tag/usa/ |The Last Honest Conservative|2022-02-14 23:07:52.561|1|0|article-rcmp-arrest-11-seize-cache-of-guns-at-alberta-border-blockade.json|globemail
No. Time to down shovels and find a long enough ladder to get out of the deep hole they've dug themselves into. |PIFCO3|2022-02-15 00:16:51.697|1|0|article-rcmp-arrest-11-seize-cache-of-guns-at-alberta-border-blockade.json|globemail
This isn't the Conservative Party. This is the Reform Party which took over the Conservative party and moved it to the right big time!|edwin007|2022-02-15 17:24:49.388|1|0|article-rcmp-arrest-11-seize-cache-of-guns-at-alberta-border-blockade.json|globemail
Would you prefer Pierre Poutine ? He is out of prison now.|The Last Honest Conservative|2022-02-14 23:05:41.945|1|0|article-rcmp-arrest-11-seize-cache-of-guns-at-alberta-border-blockade.json|globemail
No. Wrong. |The jolly hangman|2022-02-14 23:06:14.658|1|0|article-rcmp-arrest-11-seize-cache-of-guns-at-alberta-border-blockade.json|globemail
Make sure it aligns with white Canadian values before calling in the police and expecting them to do their jobs, please|LunchBurger|2022-02-14 22:48:57.637|1|0|article-rcmp-arrest-11-seize-cache-of-guns-at-alberta-border-blockade.json|globemail
yuknon, removing mandatory minimum sentences doesn't produce light sentences, it produces sentences appropriate for the crime and the criminal.|Alceste|2022-02-14 22:57:56.863|1|0|article-rcmp-arrest-11-seize-cache-of-guns-at-alberta-border-blockade.json|globemail
As are most Texans. The crazies per thousand is just a lot higher in both jurisdictions.|Fobar Too|2022-02-15 00:57:51.192|1|0|article-rcmp-arrest-11-seize-cache-of-guns-at-alberta-border-blockade.json|globemail
Well, you raise a good point.  Just where are those 2,000 guns headed?  In the direction of Ottawa?|Leese1|2022-02-15 00:55:26.541|1|0|article-rcmp-arrest-11-seize-cache-of-guns-at-alberta-border-blockade.json|globemail
No irony here. |PIFCO3|2022-02-15 00:24:27.071|1|0|article-rcmp-arrest-11-seize-cache-of-guns-at-alberta-border-blockade.json|globemail
You got a problem with princesses?!|Daysofmiracle|2022-02-17 00:23:25.110|1|0|article-rcmp-arrest-11-seize-cache-of-guns-at-alberta-border-blockade.json|globemail
That is a surprising comment coming from you. Maybe there is decency in some conservatives.|Nevyn42|2022-02-15 02:02:17.673|1|0|article-rcmp-arrest-11-seize-cache-of-guns-at-alberta-border-blockade.json|globemail
?? What |The jolly hangman|2022-02-14 23:02:52.600|1|0|article-rcmp-arrest-11-seize-cache-of-guns-at-alberta-border-blockade.json|globemail
Sounds like a pretty authoritarian comment!|LunchBurger|2022-02-14 22:49:43.749|1|0|article-rcmp-arrest-11-seize-cache-of-guns-at-alberta-border-blockade.json|globemail
Let’s have it confirmed first. |The jolly hangman|2022-02-14 23:03:36.539|1|0|article-rcmp-arrest-11-seize-cache-of-guns-at-alberta-border-blockade.json|globemail
that comes with the job and they know it|Doug skis out west|2022-02-14 23:02:51.499|1|0|article-rcmp-arrest-11-seize-cache-of-guns-at-alberta-border-blockade.json|globemail
Hi Terry:  I wasn't aware of the body armor prohibition. Thanks!|CookeV|2022-02-15 14:47:48.711|1|0|article-rcmp-arrest-11-seize-cache-of-guns-at-alberta-border-blockade.json|globemail
Body armour is illegal, transporting restricted weapons to anywhere not authorized by the Chief Firearms Officer is illegal. |TerryG1|2022-02-15 01:31:35.516|1|0|article-rcmp-arrest-11-seize-cache-of-guns-at-alberta-border-blockade.json|globemail
February 14th at 8pm? I think that’s tonight. Editors where are you?|Cuevas|2022-02-14 19:31:35.869|0|0|article-rcmp-arrest-11-seize-cache-of-guns-at-alberta-border-blockade.json|globemail
Have you seen those ones from the Ottawa  Protest? One of the early scenes they looked like a group of Proud Boys from the US.|CYNIC11|2022-02-14 19:53:55.212|1|0|article-rcmp-arrest-11-seize-cache-of-guns-at-alberta-border-blockade.json|globemail
And exactly why would they need body armour?  Gophers and deer don't shoot back.|Randall Leigh|2022-02-15 01:30:28.788|1|0|article-rcmp-arrest-11-seize-cache-of-guns-at-alberta-border-blockade.json|globemail
Unless the Supreme Court decides that it would be mean to punish people for first convictions on these charges and having not gone to Disney World as a kid.|Fobar Too|2022-02-15 01:02:17.069|1|0|article-rcmp-arrest-11-seize-cache-of-guns-at-alberta-border-blockade.json|globemail
Did you read the article?|RedDrum|2022-02-14 20:05:07.340|1|0|article-rcmp-arrest-11-seize-cache-of-guns-at-alberta-border-blockade.json|globemail
That is a municipal issue.  Contact your councillor, who is likely on the local Police Services Board, or has sway over it...|ramblinpaul|2022-02-14 23:00:56.325|1|0|article-rcmp-arrest-11-seize-cache-of-guns-at-alberta-border-blockade.json|globemail
gpspat, did you miss the part where a truck tried to ram an RCMP cruiser last night?|Kazrick|2022-02-14 23:01:15.637|1|0|article-rcmp-arrest-11-seize-cache-of-guns-at-alberta-border-blockade.json|globemail
"You mean you expected these ""peaceful protesters"" to be *better armed* than drug gangs? I'm not quite sure what you're getting at."|Arcadelt|2022-02-15 00:46:13.013|1|0|article-rcmp-arrest-11-seize-cache-of-guns-at-alberta-border-blockade.json|globemail
Better head back to Postmedia where all the conspiracy types hang out !|Bikerman|2022-02-15 00:40:18.494|1|0|article-rcmp-arrest-11-seize-cache-of-guns-at-alberta-border-blockade.json|globemail
Not surprised with these cowardly thugs.|BebaB|2022-02-14 23:37:01.667|0|0|article-rcmp-arrest-11-seize-cache-of-guns-at-alberta-border-blockade.json|globemail
Anyone who breaks the law or blocks critical infrastructure should face the full force of the law, anyone.   Exactly two years ago when eco-radicals and US funded career activists blocked railways and caused over $300 million in damages, Trudeau said the police are not the answer and that dialogue must be used. He capitulated to career activists and paid them off with his dunce groomsman minister sent in with a check book. |ChuckT|2022-02-14 22:38:25.040|1|0|article-rcmp-arrest-11-seize-cache-of-guns-at-alberta-border-blockade.json|globemail
"What do you  say?  "" jTDS made me do it!"" "|PIFCO3|2022-02-15 00:06:16.268|1|0|article-rcmp-arrest-11-seize-cache-of-guns-at-alberta-border-blockade.json|globemail
He put the guns there?|bretski__gretzky|2022-02-15 01:49:55.735|1|0|article-rcmp-arrest-11-seize-cache-of-guns-at-alberta-border-blockade.json|globemail
.....and pick up some false flags while you're at it. |PIFCO3|2022-02-15 00:11:55.742|1|0|article-rcmp-arrest-11-seize-cache-of-guns-at-alberta-border-blockade.json|globemail
Cause I found this site on social media that most people don't know of but they only tell the truth and the RCMP is a bunch of crooks and the earth is flat...!!!|app_72425581|2022-02-15 02:29:49.639|1|0|article-rcmp-arrest-11-seize-cache-of-guns-at-alberta-border-blockade.json|globemail
Both !|Bikerman|2022-02-15 03:09:21.828|1|0|article-rcmp-arrest-11-seize-cache-of-guns-at-alberta-border-blockade.json|globemail
Seems pretty clear to me. Of course, I'm not wearing conservative libertarian ideological blinders so there's that.  Speaking of remembering, do you remember when people used to do things to help make our country stronger instead of sabotaging it and holding economic growth hostage to get their selfish desires?|Black Swan|2022-02-14 20:42:27.039|1|0|article-rcmp-arrest-11-seize-cache-of-guns-at-alberta-border-blockade.json|globemail
I doubt they have the brain cells to know the difference.|Bikerman|2022-02-15 03:10:01.917|1|0|article-rcmp-arrest-11-seize-cache-of-guns-at-alberta-border-blockade.json|globemail
More fake news Kevin? Some people believe anything Fox tells them.|peckj|2022-02-15 01:17:39.911|1|0|article-rcmp-arrest-11-seize-cache-of-guns-at-alberta-border-blockade.json|globemail
Right….. only the other side uses disinformation and plants….|bretski__gretzky|2022-02-15 01:49:33.681|1|0|article-rcmp-arrest-11-seize-cache-of-guns-at-alberta-border-blockade.json|globemail
It was a Liberal plot !!!|Bikerman|2022-02-15 03:10:26.381|1|0|article-rcmp-arrest-11-seize-cache-of-guns-at-alberta-border-blockade.json|globemail
Rochdale68|Masked Avenger1|2022-02-14 23:42:22.891|1|0|article-rcmp-arrest-11-seize-cache-of-guns-at-alberta-border-blockade.json|globemail
You have to realise the RCMP are extremely sensitive to weapons aimed at them. Remember March, 2005?  A raid on a suspected marijuana grow operation in rural Alberta has left five people dead â four of them RCMP officers. It is the single worst multiple killing of RCMP officers in modern Canadian history.  Anyone arming themselves against the RCMP, especially in Alberta, can expect lethal retaliation. These guys were lucky.  |eighttigers|2022-02-15 03:12:48.704|1|0|article-rcmp-arrest-11-seize-cache-of-guns-at-alberta-border-blockade.json|globemail
You know, that's what I have always thought! |muscovado|2022-02-15 02:02:35.450|1|0|article-rcmp-arrest-11-seize-cache-of-guns-at-alberta-border-blockade.json|globemail
They have to, their friends get tired eyeballs from rolling them too much.|peckj|2022-02-15 01:20:47.066|1|0|article-rcmp-arrest-11-seize-cache-of-guns-at-alberta-border-blockade.json|globemail
The entire freedumb protest is filled with irony, contradictions, misinformation, and children who dont understand the purpose of health measures.|Masked Avenger1|2022-02-14 23:39:37.451|1|0|article-rcmp-arrest-11-seize-cache-of-guns-at-alberta-border-blockade.json|globemail
I watch it once in a while to compare how crazy right is vs left. Fox is by far more bonkers. Imagine OAN… Then my YouTube gets inundated by alt-right insanity. I just want to tell the algorithm, “I’m a centrist!” It doesn’t seem to want to accept that.|bretski__gretzky|2022-02-15 03:12:27.188|1|0|article-rcmp-arrest-11-seize-cache-of-guns-at-alberta-border-blockade.json|globemail
I've no doubt the police will be ready and possibly the military too.  Anyone who isn't prepared to fight should make their exit quickly or risk getting caught in the cross fire.|Leese1|2022-02-15 00:43:06.345|1|0|article-rcmp-arrest-11-seize-cache-of-guns-at-alberta-border-blockade.json|globemail
Nah, they were just hunting rabbits.  Nothing to see here.|TiredRobert|2022-02-15 03:13:31.821|1|0|article-rcmp-arrest-11-seize-cache-of-guns-at-alberta-border-blockade.json|globemail
Is that what you told the cops before they locked you up ?  |The Last Honest Conservative|2022-02-14 23:15:06.373|1|0|article-rcmp-arrest-11-seize-cache-of-guns-at-alberta-border-blockade.json|globemail
The machetes would make short work of the bouncy castles, unfortunately.  Not much bounce after that. |IsabellavalancyC|2022-02-15 01:30:13.735|1|0|article-rcmp-arrest-11-seize-cache-of-guns-at-alberta-border-blockade.json|globemail
I question the sanity of anyone who would bring children along for that ride.|Richard McL|2022-02-15 01:28:34.594|1|0|article-rcmp-arrest-11-seize-cache-of-guns-at-alberta-border-blockade.json|globemail
Are we done yet with his Mr. nice guy business. Not all of them but some of these people are dangerous we need to deal with the problem today and we need to be sure that it never reoccurs. Anyone near a gun should go to jail for a long long time. Everyone block hitting the road after a warning should have his truck seized be subjected to a find that will bankrupt him and lose his license to earn a living. No slap on the wrist.|Cincinnatus Model|2022-02-14 22:37:02.090|0|0|article-rcmp-arrest-11-seize-cache-of-guns-at-alberta-border-blockade.json|globemail
The Coutts protest is over and has been totally abandoned by all the tractors, trucks and vehicles as of 6pm MST. A meeting was held at the Smugglers Saloon and it was decided nobody wanted to be associated with violent militants with weapons and packed up and left en masse. I'm sure news of Emergency measures and the fact the Province 'acquired' or commandeered heavy equipment to move large vehicles helped too. The RCMP did a good job of managing this protest and having it end peacefully. Makes you pause when talking about ditching the RCMP and instituting a Provincial Police force like in Ontario. |ckernzie|2022-02-15 01:35:06.946|1|0|article-rcmp-arrest-11-seize-cache-of-guns-at-alberta-border-blockade.json|globemail
The RCMP stated they knew about this for a week, but needed the time because it was a very complex investigation and they needed to have a tactical plan in place before they risked a situation that could lead to violence.  They stated the safety of the public and their officers was primary.  Supt. McKale, “We moved as fast as we could.”  I applaud the professionalism and intelligence of the RCMP, unlike the armchair Rambo wanta be’s, who advocate recklessly charging in without evaluating the situation and developing a plan to try to minimize the possibility of violence.  BTW, AB police did not have to clear anything; the protesters left quickly and voluntarily. RCMP said quite a number of them didn’t seem to know about “this small group.”  In addition, to all the posters who were raging over Coutts being closed, yes, it was an inconvenience, but cargo still moved.  5 other border crossings between Montana and AB remained open throughout this situation.  |Bobm|2022-02-15 02:45:24.641|1|0|article-rcmp-arrest-11-seize-cache-of-guns-at-alberta-border-blockade.json|globemail
I agree. |The jolly hangman|2022-02-14 22:52:54.644|1|0|article-rcmp-arrest-11-seize-cache-of-guns-at-alberta-border-blockade.json|globemail
Well, that's what Breitbart keeps saying over and over again, so it must be true.|Nostorski Pookinskichuk|2022-02-14 19:35:19.641|1|0|article-rcmp-arrest-11-seize-cache-of-guns-at-alberta-border-blockade.json|globemail
Renegades are now armed!   Send in SWAT to all these before we have another mass shooting like in NS 2020!!!!|Kothar|2022-02-14 20:03:58.114|0|0|article-rcmp-arrest-11-seize-cache-of-guns-at-alberta-border-blockade.json|globemail
No.  I don't remember.  Tell me.  |Leonidas Baltas|2022-02-15 00:58:29.029|1|0|article-rcmp-arrest-11-seize-cache-of-guns-at-alberta-border-blockade.json|globemail
I knew I would see a comment like yours today rouser. |Masked Avenger1|2022-02-14 23:40:14.053|1|0|article-rcmp-arrest-11-seize-cache-of-guns-at-alberta-border-blockade.json|globemail
Wannabe Americans; ship them to one of those nice American prisons!|B.S.H|2022-02-15 20:43:45.156|0|0|article-rcmp-arrest-11-seize-cache-of-guns-at-alberta-border-blockade.json|globemail
