﻿comment|username|datetime|isreply|num_replies|post_id|label
This is a situation manufactured by a Prime Minister who loves to create divisive issues for political gain.  A few rambling thoughts:  When The Covid pandemic began, and the lethality was unknown, J.T. defended truckers as necessary workers, hero’s who were taking risks to keep the economy moving and Canadians supplied with essential goods.  When polls said it would be popular to restrict cross border travel, Trudeau implemented restrictions including Covid hotels, despite health experts saying the measures  were not effective.  Truckers crossing the border were exempted as necessary workers supporting the economy and Canadians.  When indigenous protesters blockaded railways and caused hundreds of millions of dollars damage to the economy, Trudeau stayed silent, ( and missing in action), with regard to the issue.  Now with vaccination rates well above the 70% touted as required for herd immunity, with the omicron variant being less severe than earlier variants, and with ICU’s not facing massive overcrowding….truckers are no longer “essential” and trade can be constricted.    Another great wedge issue for Justin to promote, while hiding in his bunker.       |app_69939571|2022-02-01 19:32:17.282|0|5|article-truck-blockade-continues-at-us-border-as-rcmp-ready-to-make-arrests.json|globemail
The truckers are firing a warning shot across the bow. Politicians need to heed the warning because the trucker's frustrations with the inconsistent and sometimes completely irrational restrictions are very similar to what millions of Canadians have experienced in the last two years. Vaccine mandates for anyone at this point are just not going to make the slightest difference. To take away someone's job over this is immoral. It is especially repulsive when you think about how much our society has depended on these essential workers for the last two years. Most of us are fully aware that we need truckers a whole lot more than we need politicians. So when politicians like Trudeau mock truckers, they are treading into very dangerous territory.|brookie16|2022-02-01 22:06:45.195|0|5|article-truck-blockade-continues-at-us-border-as-rcmp-ready-to-make-arrests.json|globemail
Just think about this.  Had Justin Trudeau come out and met with a representative group of these truckers and listened to them the truckers just might have gone home. These truckers are representing a lot of Canadians who can't be there and want to be heard.   |Fiscal Responsibility|2022-02-02 12:02:09.598|0|5|article-truck-blockade-continues-at-us-border-as-rcmp-ready-to-make-arrests.json|globemail
Trudeau Sr said just watch me & dealt with the FLQ so time for history to repeat itself.|Bikerman|2022-02-02 02:34:53.251|0|4|article-truck-blockade-continues-at-us-border-as-rcmp-ready-to-make-arrests.json|globemail
Not what I’m reading here.  Just curious - what’s the source of your information?  Thanks.|Bobm|2022-02-01 23:58:10.288|1|4|article-truck-blockade-continues-at-us-border-as-rcmp-ready-to-make-arrests.json|globemail
Mounties should be busy arresting the biggest traitor in this country’s history |The only honest liberal|2022-02-02 02:30:01.539|0|4|article-truck-blockade-continues-at-us-border-as-rcmp-ready-to-make-arrests.json|globemail
There are 250,000 class 8 trucks sold in the US every year. How is Elon going to match that production?|Bovine Scatologist II |2022-02-02 03:50:14.339|1|4|article-truck-blockade-continues-at-us-border-as-rcmp-ready-to-make-arrests.json|globemail
"Science unfortunately doesn't support your conclusion, according to John's Hopkins University.   NEW - Meta-analysis by Hopkins University concludes that ""lockdowns have had little to no public health effects, while they have imposed enormous economic and social costs."" Lockdown policies are ill-founded and should be rejected as a pandemic policy. https://sites.krieger.jhu.edu/iae/files/2022/01/A-Literature-Review-and-Meta-Analysis-of-the-Effects-of-Lockdowns-on-COVID-19-Mortality.pdf  Ultimately whether or not you support this rally is irrelevant. The science doesn't support the mandates with Omicron at this stage, and they are doing more harm than good. "|PrudentInvest0r|2022-02-02 00:33:32.286|1|4|article-truck-blockade-continues-at-us-border-as-rcmp-ready-to-make-arrests.json|globemail
so lets see if I get this right. So, when rioters toppled statues and broke windows , while the police watched and did nothing and  1st nations blockade roads and highways and rail lines while the police stood by and no arrest were made?  And yet , they are ready to move in and rest these truckers....does anyone see an interesting comparison here?|app_72283311|2022-02-01 22:17:20.006|0|4|article-truck-blockade-continues-at-us-border-as-rcmp-ready-to-make-arrests.json|globemail
Is it silly to suggest that maybe our Canadian Military should be involved here?  They were called in to help at nursing homes.  This seems much more like their thing.  Wouldn't they have all the strategy know how and equipment to escort or force these trucks and truckers out of the way? Too me, what is going on in Ottawa and in Alberta is no longer looking like protests but more like holding a city's core (Ottawa) or a border (Alberta) for ransom (removal of all Covid restrictions and vaccination mandates).  |app_72317271|2022-02-02 06:16:49.755|0|3|article-truck-blockade-continues-at-us-border-as-rcmp-ready-to-make-arrests.json|globemail
The blockade in Ontario was under OPP jurisdiction and they were the force that handled it, along with CN Police. If you think they took too long to end it you know who to blame. |rationalist|2022-02-01 22:04:49.621|1|3|article-truck-blockade-continues-at-us-border-as-rcmp-ready-to-make-arrests.json|globemail
The decision to move the RCMP into the Coutts border crossing area came from Edmonton, you know that out to lunch, incompetent, awful UPC and Kenny.  RCMP moved in about an hour ago, and the trucks are leaving.  I’m no fan of Kenny, but at least he got this right.  That’s what happens when the adults take clear, decisive action, as opposed to degrading insults, childish put downs  and very inflammatory, derisive language.|Bobm|2022-02-01 22:47:06.259|0|3|article-truck-blockade-continues-at-us-border-as-rcmp-ready-to-make-arrests.json|globemail
All these truckers should be fired from their companies if they don’t disband their blockage. They are not representing the trucking industry anymore. They just representing themselves only, not the people who they work for.|DougS1|2022-02-02 06:11:56.020|0|3|article-truck-blockade-continues-at-us-border-as-rcmp-ready-to-make-arrests.json|globemail
Sorry but I would argue that you are incorrect on your comment about Zero Tolerance for Blockades. Please see the blockades committed in Caledonia and the blockades committed along the main freight line in Ontario. The Trudeau Liberals have selective Zero Tolerance when there are political gains to be made.  |Meduim Size Red|2022-02-01 21:29:20.737|1|3|article-truck-blockade-continues-at-us-border-as-rcmp-ready-to-make-arrests.json|globemail
I have read the msm narrative. Now I will read other news sources and try to find the truth |Sledder1205|2022-02-02 02:31:13.236|0|3|article-truck-blockade-continues-at-us-border-as-rcmp-ready-to-make-arrests.json|globemail
I am baffled by the lack of enforcement in this country when dealing with illegal protests.  Certain groups can block railway lines, block developments in Caledonia, and now shut down our country's capital, while truckers at the Alberta blockade are going hungry trapped in their trucks.  I wonder if I could go block the railway in Toronto if I decided to protest something? Not bloody likely! I guess there are different laws for different people.  Why do the RCMP and OPP and police in general tolerate these protests at the expense of everyone else affected by them? This country is pathetic. |lala|2022-02-01 21:34:41.576|0|2|article-truck-blockade-continues-at-us-border-as-rcmp-ready-to-make-arrests.json|globemail
I'm in Alberta.  Roll the tanks.|deejay|2022-02-02 03:37:16.259|1|2|article-truck-blockade-continues-at-us-border-as-rcmp-ready-to-make-arrests.json|globemail
It's time to ticket, tow and fine the offenders, both at the border and in Ottawa. It's time these truckers got back to work!|Anne324|2022-02-01 20:02:01.494|0|2|article-truck-blockade-continues-at-us-border-as-rcmp-ready-to-make-arrests.json|globemail
If this was a group of native protesters blocking a major highway the blockade would already be over. The 2020 law was written to stop this particular activity. Any sensible government would have already acted to get the supply trucks moving. This clearly shows the cowardice and two faced policies of the UCP. This is disgusting, unlawful, and a disgrace to any law abiding citizen. Put your own adjective on this craziness.|Scriptorius|2022-02-02 12:03:08.466|0|2|article-truck-blockade-continues-at-us-border-as-rcmp-ready-to-make-arrests.json|globemail
Confiscate any equipment used, auction it off to pay the costs and compensate people whose livelihood was damaged by the protest.|Steven Forth|2022-02-02 00:46:51.734|0|2|article-truck-blockade-continues-at-us-border-as-rcmp-ready-to-make-arrests.json|globemail
Are you even in Alberta?  Calm down. |Canadian in Alberta|2022-02-02 03:34:53.410|1|2|article-truck-blockade-continues-at-us-border-as-rcmp-ready-to-make-arrests.json|globemail
One hopes the voters in his riding can liberate themselves from this low-life MLA in the next election.|app_71592176|2022-02-01 21:01:45.219|1|2|article-truck-blockade-continues-at-us-border-as-rcmp-ready-to-make-arrests.json|globemail
To all the truckers who have been vaccinated and are trying to do their job, please know that the rest of us understand you are not part of this senseless blockade, and sympathize with your desire to simply do your job and make a living for your family.  |DebbieTy|2022-02-01 21:08:03.311|0|2|article-truck-blockade-continues-at-us-border-as-rcmp-ready-to-make-arrests.json|globemail
Ottawa is part of Ontario and the OPP can operate anywhere in the province they want. The sad fact is that the Ottawa police, OPP, and RCMP have all wimped out. They say they don't want any violence, well they've never had any problems dishing out violence when the numbers were on their side. |rationalist|2022-02-01 21:51:14.050|1|2|article-truck-blockade-continues-at-us-border-as-rcmp-ready-to-make-arrests.json|globemail
"""Protesters also rented out a nearby bar, Smugglers Saloon, in Coutts to serve as an ad hoc rest centre and gathering spot.""  Rednecks and booze are a dangerous combination."|B Tuckwell|2022-02-02 00:23:38.162|0|2|article-truck-blockade-continues-at-us-border-as-rcmp-ready-to-make-arrests.json|globemail
Nobody coming back for them?  Do you know how much they cost?  Where are you getting all your info anyway?  Don't confuse your imagination with reality.|deejay|2022-02-02 03:44:22.248|1|2|article-truck-blockade-continues-at-us-border-as-rcmp-ready-to-make-arrests.json|globemail
"""there have been reports of residents have not receiving at-home medical care for four days, with the nearest medical centre in the neighbouring town of Milk River, he said.""  Ok, that's enough!  They're talking about seniors getting homecare, and could be disabled.  Get this miscreants the H out of there. "|Alison_D|2022-02-01 20:35:23.434|0|2|article-truck-blockade-continues-at-us-border-as-rcmp-ready-to-make-arrests.json|globemail
The inaction of police in Ottawa is becoming dangerous. People who are tired of waiting are starting to take action themselves - for example, standing in the street to block oncoming trucks. |HilkkaW|2022-02-02 00:11:41.708|0|2|article-truck-blockade-continues-at-us-border-as-rcmp-ready-to-make-arrests.json|globemail
"""On Saturday, backbencher Grant Hunter took his grandchildren took the blockade and posted pictures on Facebook, saying he wanted to show the youngsters “freedom and liberty.”""  Too bad he didn't take them to a hospital to check out the people in the ICU. "|BRUCEHUNTER3|2022-02-01 19:51:45.857|0|2|article-truck-blockade-continues-at-us-border-as-rcmp-ready-to-make-arrests.json|globemail
So, they’re not moving in the name of freedom and will restrict freedom for others until the government caves and gives them what they want, which is not based on science, fact or anything. These people are extremist, so there is no negotiating with them, it’s time to call in the tow trucks and the GOC needs to amend the criminal code to address and mitigate this extremist behaviour. |TW.|2022-02-01 19:36:21.128|0|2|article-truck-blockade-continues-at-us-border-as-rcmp-ready-to-make-arrests.json|globemail
Albertans should line the highway !  With thank you signs for the RCMP|GregaryPeckary|2022-02-01 21:50:24.462|0|2|article-truck-blockade-continues-at-us-border-as-rcmp-ready-to-make-arrests.json|globemail
these truckers are going to guarantee a liberal majority federally and an ndp majority in alberta...just what they wanted!|pancakeshouse|2022-02-02 02:52:48.891|0|2|article-truck-blockade-continues-at-us-border-as-rcmp-ready-to-make-arrests.json|globemail
Blame the government, not the truckers|Charlton3|2022-02-02 21:53:41.602|0|2|article-truck-blockade-continues-at-us-border-as-rcmp-ready-to-make-arrests.json|globemail
Who has the 7$ million gofundme donations? Ask yourself what is really going on: lots of easy money. Just milk the naive public. |johnange|2022-02-01 23:38:40.405|0|2|article-truck-blockade-continues-at-us-border-as-rcmp-ready-to-make-arrests.json|globemail
Time for the military to be deployed in Alberta and especially Ottawa.  Or will Trudeau refrain because the louts help him by making the Conservatives look bad?  |Thinking Ahead|2022-02-02 03:55:42.761|0|2|article-truck-blockade-continues-at-us-border-as-rcmp-ready-to-make-arrests.json|globemail
Yes Trudeau makes political gains every time the Tories self-destruct.|The Last Honest Conservative|2022-02-01 21:46:24.852|1|2|article-truck-blockade-continues-at-us-border-as-rcmp-ready-to-make-arrests.json|globemail
"Yep. Then Manitoba. Then Ottawa. Thank you ""truckers"" for letting us who you really are. Bye. "|BebaB|2022-02-01 21:59:23.067|0|2|article-truck-blockade-continues-at-us-border-as-rcmp-ready-to-make-arrests.json|globemail
Why don't you start your on GoFundMe? Did you feel the same way about rail blockades, pipeline blockades etc?|Bovine Scatologist II |2022-02-02 03:52:47.179|1|2|article-truck-blockade-continues-at-us-border-as-rcmp-ready-to-make-arrests.json|globemail
Are the protestors real truckers or are free loaders and welfare bums who have rented rigs to block the highway?  Because following guy looks like a hard working trucker!  “That’s not how Canadians behave,” said Singh in an interview. “There are people (who) have medical issues like blood pressure issues, thyroid issues, asthma.” He said many of those waiting ate pizza every day from a nearby store while listening to a constant refrain from police to sit tight and wait. Singh said he eventually detoured through icy roads in British Columbia at a cost of seven extra hours and $400 in gas. Some truck drivers who left earlier risked driving through snow squalls, he said. One rig hit the ditch. “We don’t make enough money to survive in these kinds of situations,” said Singh. “It’s even hard for us to pay all the bills and (provide) for our family.” |prairie001|2022-02-02 01:50:56.999|0|2|article-truck-blockade-continues-at-us-border-as-rcmp-ready-to-make-arrests.json|globemail
Easy solution, Premier. Give us back our Charter rights and freedoms.|ctheorist|2022-02-02 03:39:01.987|0|2|article-truck-blockade-continues-at-us-border-as-rcmp-ready-to-make-arrests.json|globemail
These guys are really making me feel bad.  I drove truck for years. Much of it was wonderful, often the money was quite good, sometimes it was brutal but always it was an adventure.  I moved on but whenever I've been faced with a tough problem I just shrug and say, hey man I'm  a trucker, I got this one.  Being a trucker for me has always been a source of pride. I tried to be a good trucker.  But this? How can I be proud of being a trucker now?  I heard about Lovepreet Singh, blocked at the Coutts border and drove 7 hours around it through a bilzzard that put other hard working drivers in the ditch. Cost him an extra $700 but he got the job done. Got the rig home, Delivered the load, and I hope he made it back to his family.  So, thanks Lovepreet, maybe I still can carry my trucker memories with pride. Keep it between the ditches, and keep the shiny side up.|Black Swan|2022-02-02 03:59:00.532|0|2|article-truck-blockade-continues-at-us-border-as-rcmp-ready-to-make-arrests.json|globemail
Call the tow trucks.|B-o-o-t-s|2022-02-02 10:51:01.053|0|2|article-truck-blockade-continues-at-us-border-as-rcmp-ready-to-make-arrests.json|globemail
Well in Alberta the RCMP is the police. They don't have a provincial police force. As to Ottawa I think Watson would have to ask Ford to send in the OPP to reinforce the Ottawa police. I don't believe the Ottawa police are equipped to handle them if this got ugly and it turned into a riot. |dchap|2022-02-01 21:28:27.523|1|2|article-truck-blockade-continues-at-us-border-as-rcmp-ready-to-make-arrests.json|globemail
The OPP and Ottawa police are too afraid to do this to the Ottawa blockade.  Good for the RCMP!|kramnot|2022-02-01 21:16:29.528|0|2|article-truck-blockade-continues-at-us-border-as-rcmp-ready-to-make-arrests.json|globemail
If it was 77 degrees warmer, it could be Florida..rednecks & booze.|JOHN358|2022-02-02 02:21:49.327|1|1|article-truck-blockade-continues-at-us-border-as-rcmp-ready-to-make-arrests.json|globemail
Get army in. Get those a-holes out!|prague|2022-02-02 03:31:06.200|0|1|article-truck-blockade-continues-at-us-border-as-rcmp-ready-to-make-arrests.json|globemail
"The media is failing to recognize that most of these ""truckers"" are not trans-border long-haul truck drivers. Many if not most, appear to be various oil-field types, who would never have cause to cross the border for work. In any case, the Americans won't let in unvaccinated truckers, so the point is moot for a Canadian origin truck. Canadian truckers are only affected by US vaccine mandates, and American truckers are the only ones affected by Canadian laws requiring vaccinations The police are also failing to do their job.  Clean this mess up in Ottawa and at the border in Alberta."|monkala2|2022-02-01 21:55:30.885|0|1|article-truck-blockade-continues-at-us-border-as-rcmp-ready-to-make-arrests.json|globemail
5 hours ago CBC and CTV had live video . Now nothing.  Not a good sign.|The Last Honest Conservative|2022-02-02 00:24:04.679|0|1|article-truck-blockade-continues-at-us-border-as-rcmp-ready-to-make-arrests.json|globemail
"Truckers are attempting to assault RCMP officers at the blockade in Alberta. These people are capable of violence and yes let us channel Hillary Clinton's apt description of ""the deplorables."" They are bad boys who weren't taught how to behave as children and as adults it is up to the legal system to now teach them."|zuglo9|2022-02-02 00:18:44.492|0|1|article-truck-blockade-continues-at-us-border-as-rcmp-ready-to-make-arrests.json|globemail
I never thought that the RCMP and the Ottawa police would be such a bunch of wimps. Enforce the law and fine and forcibly remove the truckers if need be. Do your job!|Trophyman|2022-02-02 05:31:21.676|0|1|article-truck-blockade-continues-at-us-border-as-rcmp-ready-to-make-arrests.json|globemail
So what have we got from Ford? Just talk. |rationalist|2022-02-01 23:52:47.451|1|1|article-truck-blockade-continues-at-us-border-as-rcmp-ready-to-make-arrests.json|globemail
I find it odd that CBC's comments aren't even there.Pretty soon the only place we can read each other's comments will be on Reddit|Elllen|2022-02-01 23:38:52.331|0|1|article-truck-blockade-continues-at-us-border-as-rcmp-ready-to-make-arrests.json|globemail
"Get on the loudspeaker:  ""The best offer you are getting is to surrender in the next 90 minutes and you will see a judge in the coming days.  The worst offer is forced removal using whatever means necessary. Survivors will still see a judge.  Consider your loved ones and if this is what is best for them.""  90 minutes later, roll the tanks."|deejay|2022-02-02 03:54:04.169|0|1|article-truck-blockade-continues-at-us-border-as-rcmp-ready-to-make-arrests.json|globemail
"The Charter was never violated in the whole pandemic.  The so called ""truckers"" don't even seem to know what freedom is."|Canadian in Alberta|2022-02-02 04:54:13.123|1|1|article-truck-blockade-continues-at-us-border-as-rcmp-ready-to-make-arrests.json|globemail
Which would have political consequences if done in anger.  Justin Trudeau is a political genius. I believe he will make the right call at the right time here.  I don't have that confidence in Jason Kenney. He might handle this the same way he's handled the pandemic: put in recommendations, and when a few don't follow them, make phony sympathic speeches about cops getting run over.|Canadian in Alberta|2022-02-02 04:10:02.165|1|1|article-truck-blockade-continues-at-us-border-as-rcmp-ready-to-make-arrests.json|globemail
One D8 will do the job.  Just push them in the ditch and let them explain to their bankers. Pavement is cheap in Alberta|The Last Honest Conservative|2022-02-01 23:35:32.463|1|1|article-truck-blockade-continues-at-us-border-as-rcmp-ready-to-make-arrests.json|globemail
Bring in a few tanks.|Bob.McK|2022-02-01 23:32:22.899|0|1|article-truck-blockade-continues-at-us-border-as-rcmp-ready-to-make-arrests.json|globemail
"Singh said he eventually detoured through icy roads in British Columbia at a cost of seven extra hours and $400 in gas.  “We don’t make enough money to survive in these kinds of situations,” said Singh. “It’s even hard for us to pay all the bills and (provide) for our family.”  One wonders if the GoFundMe kitty for the Ottawa ""freedom riders"" would consider alleviating the financial burdens on truckers such as Mr. Singh. "|PIFCO3|2022-02-02 00:00:10.275|0|1|article-truck-blockade-continues-at-us-border-as-rcmp-ready-to-make-arrests.json|globemail
"Organizers of GoFund Me should compensate the drivers who were forced to stay on the US side for almost 5 days. As Singh states : ""We don't make enough money to survive these kinds of situations"". "|gupta|2022-02-02 00:01:40.601|0|1|article-truck-blockade-continues-at-us-border-as-rcmp-ready-to-make-arrests.json|globemail
when the conservatives validate this behaviour with their support it leads to this...the conservatives, ucp, sask party are culpable in this...hopefully the next election sends them packing|pancakeshouse|2022-02-02 02:36:01.553|0|1|article-truck-blockade-continues-at-us-border-as-rcmp-ready-to-make-arrests.json|globemail
Almost makes you yearn for the good ole days (like the '30's) when police acted as strikebreakers by riding into crowds on horseback and 'cracking a few heads'. |chicken nuggets|2022-02-02 04:20:21.640|0|1|article-truck-blockade-continues-at-us-border-as-rcmp-ready-to-make-arrests.json|globemail
The trucks are not leaving. Far more trucknuts are arriving.|The Last Honest Conservative|2022-02-01 23:09:19.367|1|1|article-truck-blockade-continues-at-us-border-as-rcmp-ready-to-make-arrests.json|globemail
Tell us again how these peaceful protesters are winning over the hearts and minds of Canadians. We all could use a laugh. |CoachQ|2022-02-02 04:29:23.481|0|1|article-truck-blockade-continues-at-us-border-as-rcmp-ready-to-make-arrests.json|globemail
Doubt it, no one tries to assault a RCMP officer without being arrested and charged.  That rumour is a piece of fiction.|Bobm|2022-02-02 01:16:03.944|1|1|article-truck-blockade-continues-at-us-border-as-rcmp-ready-to-make-arrests.json|globemail
"You beat me to it.  Global news reported last night that Ottawa ""trucker"" protesters cleaned up the streets in the area.  What other protest group has ever cleaned up after themselves?"|LSuzuki1|2022-02-01 22:43:34.156|1|1|article-truck-blockade-continues-at-us-border-as-rcmp-ready-to-make-arrests.json|globemail
"""Mandate Freedom or Liberation is Coming.""  Nonsense, and an echo of a Donald Trump slogan."|Magnus Eiesegrim|2022-02-01 22:14:40.514|0|1|article-truck-blockade-continues-at-us-border-as-rcmp-ready-to-make-arrests.json|globemail
These truckers have lost the plot a  long time ago. They DONOT represent the hardworking truckers and grocery store staffers  that have aided us get through this pandemic. Fire this lot and lets move on. Have zero respect left for these Yahoos who don't understand the difference between rights and privilege. Kindly start your own ultra right ultra reform party and good lock getting 2% of the Canadian public vote if at all. Better yet move to the tea party movement in US today. Now move on and do something useful with your lives. Canada needs to live.|Yodda|2022-02-02 05:29:54.266|0|1|article-truck-blockade-continues-at-us-border-as-rcmp-ready-to-make-arrests.json|globemail
where is the conservative rage against this ?|Weatherman4|2022-02-01 19:17:42.166|0|1|article-truck-blockade-continues-at-us-border-as-rcmp-ready-to-make-arrests.json|globemail
These truckers need to realize they are going to be replaced sooner than later with their conduct. Elon will be supplying and recusing this industry. No driver equals no attitude or wages|Superdave1168|2022-02-02 03:30:14.076|0|1|article-truck-blockade-continues-at-us-border-as-rcmp-ready-to-make-arrests.json|globemail
Why are these people not being arrested? Do the police need military backup? If so they should have it, both in Alberta and Ottawa. It’s beginning to look like the rule of law is only for some.|T.O.Fluffy|2022-02-02 06:40:30.142|0|1|article-truck-blockade-continues-at-us-border-as-rcmp-ready-to-make-arrests.json|globemail
RCMP moved in twenty minutes ago. |Stephen Saines|2022-02-01 20:37:00.536|0|1|article-truck-blockade-continues-at-us-border-as-rcmp-ready-to-make-arrests.json|globemail
"To ensure continued public protection Ottawa should take a lesson from this. If trucks and especially trailers are allowed to intimidate and threaten law enforcement, and come and go without being monitored or adequately restricted, it is inevitable that some drivers will abandon and perhaps even disable old trailers and ""borrowed"" or leased trucks after parking them to solidify the blockade. Then they ride out in a newer, smaller vehicle.  To prevent or safeguard against this, police should be empowered to move in and tow any vehicle that they suspect of being abandoned. If a driver parks his rig and walk away for a long coffee with his buds, then the truck gets towed. But those vehicles already sitting there, cold, idling or otherwise seemingly abandoned should be moved out of the blockade and into impound. In many cases it is highly likely nobody is coming back for them."|Black Swan|2022-02-02 03:15:09.893|0|1|article-truck-blockade-continues-at-us-border-as-rcmp-ready-to-make-arrests.json|globemail
Really? You are defending driving a vehicle into the cops? |Canadian in Alberta|2022-02-02 03:38:24.596|1|1|article-truck-blockade-continues-at-us-border-as-rcmp-ready-to-make-arrests.json|globemail
The government  of Canada and provinces such as BC has legitimatized this type behavior such as blocking  of railways,pipeline projects and logging. It should not be a surprise that this has happened |Mauja|2022-02-02 03:08:43.997|0|1|article-truck-blockade-continues-at-us-border-as-rcmp-ready-to-make-arrests.json|globemail
natives would not block a major highway and imperil residents of a town.|app_65708252|2022-02-02 14:04:15.658|1|1|article-truck-blockade-continues-at-us-border-as-rcmp-ready-to-make-arrests.json|globemail
It was also aimed at the anti vaxxers who were obstructing access to medical facilities and insulting medical staff.|Bobm|2022-02-01 22:57:58.044|1|1|article-truck-blockade-continues-at-us-border-as-rcmp-ready-to-make-arrests.json|globemail
"No they do not. Alberta recently passed a law prohibiting the blocking of infrastructure and empowering the police to make arrests. It was aimed at Indigenous protesters, but it appears that these ""truckers"" (I will use the term without quotes for people like Mr. Singh) will be the first to be hit with it. "|rationalist|2022-02-01 20:16:41.021|1|1|article-truck-blockade-continues-at-us-border-as-rcmp-ready-to-make-arrests.json|globemail
How does it take 3 days for arrests to made? Surely cutting off a town  from the rest of the country vastly exceeds any right to protest after 1 day.  Does the RCMP need an injunction or some other administrative step in order to arrest these people? Seems this happens all to often in Canada were people blatantly flout the law and consequence aren't found.  |rkgilmour|2022-02-01 19:44:29.551|0|1|article-truck-blockade-continues-at-us-border-as-rcmp-ready-to-make-arrests.json|globemail
In a fit of contrition, backbencher Gnat Hunter has removed the incriminating Facebook post photo of his family at the protest. Flying by the seat of his pants. UPC will chuck him out.  |farmbot|2022-02-01 19:39:12.602|0|1|article-truck-blockade-continues-at-us-border-as-rcmp-ready-to-make-arrests.json|globemail
Charge and convict some of these truckers.  Their travel to and from the USA may be ended if they have a criminal record. |ToryForever|2022-02-02 12:14:41.776|0|1|article-truck-blockade-continues-at-us-border-as-rcmp-ready-to-make-arrests.json|globemail
It IS based on science. Have you not been following it? The UK, Ireland, all of Scandinavia--are they or are they not following the science in removing all restrictions?|ctheorist|2022-02-02 03:40:30.961|1|1|article-truck-blockade-continues-at-us-border-as-rcmp-ready-to-make-arrests.json|globemail
They are illegally blocking a border crossing and refuse to move  That's all the the information you need.|deejay|2022-02-02 03:45:47.640|1|1|article-truck-blockade-continues-at-us-border-as-rcmp-ready-to-make-arrests.json|globemail
"The ""Right to Protes"" in Canada does NOT give a free ticket to break the law while doing so.  The truckers who are preventing the economy and working people from functioning should face civil suits to hold them answerable for the financial losses. The Go Fund Me money should be part of that legal move."|Seagull2401|2022-02-02 03:03:45.516|0|1|article-truck-blockade-continues-at-us-border-as-rcmp-ready-to-make-arrests.json|globemail
Jason- when you lie down with dogs....|RonWilliams|2022-02-01 19:36:07.750|0|1|article-truck-blockade-continues-at-us-border-as-rcmp-ready-to-make-arrests.json|globemail
Sorry, but the FLQ committed bombing, kidnapping and murder. Calm down and let the police handle it. |PIFCO3|2022-02-02 05:33:30.217|1|1|article-truck-blockade-continues-at-us-border-as-rcmp-ready-to-make-arrests.json|globemail
Pierre Pepper is on his way to lie down in front of the police cruisers.|RonWilliams|2022-02-01 19:37:32.188|1|1|article-truck-blockade-continues-at-us-border-as-rcmp-ready-to-make-arrests.json|globemail
Conservatives support the rule of law when it suits them.|Bikerman|2022-02-02 02:41:44.799|1|1|article-truck-blockade-continues-at-us-border-as-rcmp-ready-to-make-arrests.json|globemail
And you should head back to Postmedia, you'll be more at home there.|Bikerman|2022-02-02 02:41:16.239|1|1|article-truck-blockade-continues-at-us-border-as-rcmp-ready-to-make-arrests.json|globemail
I hope they are charged and prosecuted. It is truly deplorable that it took three days for anything to be done about this.  We need a zero tolerance policy in this country for blockades, no matter who they are commited by. |app_73140336|2022-02-01 21:23:11.726|0|1|article-truck-blockade-continues-at-us-border-as-rcmp-ready-to-make-arrests.json|globemail
So many truckers are still working every day, that they have to manufacture a supply chain issue. This will backfire. |Last display name available|2022-02-02 15:44:16.041|1|1|article-truck-blockade-continues-at-us-border-as-rcmp-ready-to-make-arrests.json|globemail
Thumbs up, but it remains to be seen. It's Ford's call...|Stephen Saines|2022-02-01 21:58:10.304|1|1|article-truck-blockade-continues-at-us-border-as-rcmp-ready-to-make-arrests.json|globemail
Dry run for Ottawa.  It won't be long. |bookcabinet|2022-02-01 21:25:55.337|0|1|article-truck-blockade-continues-at-us-border-as-rcmp-ready-to-make-arrests.json|globemail
Ironic how the protestors claim they are fighting for freedom however have no hesitation in denying others their freedom.  I understand that the residents of Coutts have been trapped in their village and that there has been no passage in or out of the village for school buses or ambulances. Truckers not associated with the protest have been denied their right to make a living by being denied their right to cross the border. These are a bunch of thugs pretending to be something they are not.|doug5985|2022-02-02 01:41:33.410|0|1|article-truck-blockade-continues-at-us-border-as-rcmp-ready-to-make-arrests.json|globemail
I found it interesting that a Moderna as for their vaccine said there could be adverse events(like ms vaccines)interesting|Elllen|2022-02-01 23:46:06.741|0|1|article-truck-blockade-continues-at-us-border-as-rcmp-ready-to-make-arrests.json|globemail
What do we call using a truck to attack people. Oh right... terrorism. |rationalist|2022-02-02 02:26:32.998|0|1|article-truck-blockade-continues-at-us-border-as-rcmp-ready-to-make-arrests.json|globemail
All the talk of empty store shelves? This blockade is stopping trucks full of produce from the USA getting into Canada. How is that sitting with the anti-van and anti-mandate crowd?|georgepopper|2022-02-02 11:42:27.541|0|1|article-truck-blockade-continues-at-us-border-as-rcmp-ready-to-make-arrests.json|globemail
Would be funny to tell these social media addicts that if they do not get off the road, they will be banned from using the internet for 5 years. |Canadian in Alberta|2022-02-02 03:51:51.377|0|1|article-truck-blockade-continues-at-us-border-as-rcmp-ready-to-make-arrests.json|globemail
To all the truckers that are part of the blockade, we support you too!|ctheorist|2022-02-02 03:41:13.576|1|1|article-truck-blockade-continues-at-us-border-as-rcmp-ready-to-make-arrests.json|globemail
Breaking News:         95 % of Go Fund Me contributions are from liberals.|GregaryPeckary|2022-02-02 11:46:48.134|0|1|article-truck-blockade-continues-at-us-border-as-rcmp-ready-to-make-arrests.json|globemail
Liar |MavnGoose|2022-02-02 13:30:39.835|1|1|article-truck-blockade-continues-at-us-border-as-rcmp-ready-to-make-arrests.json|globemail
There is no justification for driving into a police officer.  That is criminal behaviour.   I think Mauja is reflecting on the fact that the failure to enforce the law in some cases just emboldens other movements to break it and even up the ante.    I wouldn’t call it legitimizing the behaviour but rather being afraid to enforce the law for fear of escalating violence and a police officer or a protestor or innocent bystander getting killed in the fray.  The police would end up raked over the coals as oversight bodies second guessed their actions.    |res ipsa loquitor|2022-02-02 17:30:51.876|1|0|article-truck-blockade-continues-at-us-border-as-rcmp-ready-to-make-arrests.json|globemail
They have also never read the Charter and s. 1 in particular.  Rights are subject to limits in a free and democratic society.  |res ipsa loquitor|2022-02-02 17:22:07.500|1|0|article-truck-blockade-continues-at-us-border-as-rcmp-ready-to-make-arrests.json|globemail
He's planning on going to Mars.  You can bet that this kind of production is exactly what he is aiming for. |Lyndondary|2022-02-02 04:31:31.645|1|0|article-truck-blockade-continues-at-us-border-as-rcmp-ready-to-make-arrests.json|globemail
"What a clunky headline. Surely an online editor can do better than ""says told ""  "|bestcoast1960|2022-02-02 02:38:24.868|0|0|article-truck-blockade-continues-at-us-border-as-rcmp-ready-to-make-arrests.json|globemail
Promised in 2017 for 2019 but....as soon as Elon can build a truck whose batteries whose weight don't make up a large percentage of the vehicle's actual hauling capacity;  not to mention getting self-to self drive.   |PIFCO3|2022-02-02 05:30:26.904|1|0|article-truck-blockade-continues-at-us-border-as-rcmp-ready-to-make-arrests.json|globemail
Depends on how well this is handled.|Canadian in Alberta|2022-02-02 03:43:07.437|1|0|article-truck-blockade-continues-at-us-border-as-rcmp-ready-to-make-arrests.json|globemail
The Conservative alliance, which is really what the Conservative Party is, no longer works.    As the leaders pander to the anti-vaxers and social conservatives, they are leaving more votes on the table from middle of the road Canadians who don’t have a political home. |res ipsa loquitor|2022-02-02 17:34:49.366|1|0|article-truck-blockade-continues-at-us-border-as-rcmp-ready-to-make-arrests.json|globemail
Still here?|Michael_L|2022-02-02 04:25:55.409|1|0|article-truck-blockade-continues-at-us-border-as-rcmp-ready-to-make-arrests.json|globemail
If anything is left on the road abandoned it would be rolling scrap or a company vehicle left by a driver with a grudge.  Even if the vehicles get bulldozed the driver can claim some of the nine million.   There's not much downside for a determined protestor, so I think law enforcement should anticipate that and be proactive. |Black Swan|2022-02-02 05:05:34.528|1|0|article-truck-blockade-continues-at-us-border-as-rcmp-ready-to-make-arrests.json|globemail
What makes you think these acts weren't met with law enforcement?  Does driving a tractor into the cops count as protesting? This ain't the standard rock.|Canadian in Alberta|2022-02-02 04:16:30.042|1|0|article-truck-blockade-continues-at-us-border-as-rcmp-ready-to-make-arrests.json|globemail
Roll the tanks.|app_71900471|2022-02-02 05:09:01.769|1|0|article-truck-blockade-continues-at-us-border-as-rcmp-ready-to-make-arrests.json|globemail
I don't think that is the right move politically speaking. |Canadian in Alberta|2022-02-02 03:41:33.927|1|0|article-truck-blockade-continues-at-us-border-as-rcmp-ready-to-make-arrests.json|globemail
Yes I did! Protesting should never include permission to break the law.|Seagull2401|2022-02-03 00:15:35.224|1|0|article-truck-blockade-continues-at-us-border-as-rcmp-ready-to-make-arrests.json|globemail
We do have police.|Canadian in Alberta|2022-02-02 03:48:48.777|1|0|article-truck-blockade-continues-at-us-border-as-rcmp-ready-to-make-arrests.json|globemail
Roll the tanks.|app_71900471|2022-02-02 05:09:27.644|1|0|article-truck-blockade-continues-at-us-border-as-rcmp-ready-to-make-arrests.json|globemail
Likely longer than you.|prague|2022-02-02 03:35:44.599|1|0|article-truck-blockade-continues-at-us-border-as-rcmp-ready-to-make-arrests.json|globemail
If they own their own trucks, firing them may be impossible.|res ipsa loquitor|2022-02-02 17:18:41.869|1|0|article-truck-blockade-continues-at-us-border-as-rcmp-ready-to-make-arrests.json|globemail
Roll the tanks.|app_71900471|2022-02-02 05:07:51.083|1|0|article-truck-blockade-continues-at-us-border-as-rcmp-ready-to-make-arrests.json|globemail
lulz|baretta|2022-02-02 15:57:46.154|1|0|article-truck-blockade-continues-at-us-border-as-rcmp-ready-to-make-arrests.json|globemail
They did call every tow truck company within 200kms. None would come because they know the government is wrong on this. |NM0047|2022-02-02 14:14:02.199|1|0|article-truck-blockade-continues-at-us-border-as-rcmp-ready-to-make-arrests.json|globemail
Exactly.  |res ipsa loquitor|2022-02-02 17:15:58.615|1|0|article-truck-blockade-continues-at-us-border-as-rcmp-ready-to-make-arrests.json|globemail
Sorry you feel that way  Think facetious|GregaryPeckary|2022-02-02 14:25:09.065|1|0|article-truck-blockade-continues-at-us-border-as-rcmp-ready-to-make-arrests.json|globemail
If only Canadian police had a lower bar to use lethal force to defend themselves. |davidhs56|2022-02-02 11:50:31.363|0|0|article-truck-blockade-continues-at-us-border-as-rcmp-ready-to-make-arrests.json|globemail
This story is about a blockade in alberta   Not the convoy in ottawa |Richard Wright|2022-02-02 12:43:25.408|1|0|article-truck-blockade-continues-at-us-border-as-rcmp-ready-to-make-arrests.json|globemail
Yeah right.|MavnGoose|2022-02-02 13:30:17.073|1|0|article-truck-blockade-continues-at-us-border-as-rcmp-ready-to-make-arrests.json|globemail
Because they just have so much respect for Trudeau, right? It would be like poking a hornets nest with a short stick.|Randall Leigh|2022-02-02 13:46:39.371|1|0|article-truck-blockade-continues-at-us-border-as-rcmp-ready-to-make-arrests.json|globemail
More likely they would have thrown rocks.  I think he had his fill of them on the campaign trail.  Whether you agree with them or not, stopping a political campaign from getting its message out is interfering with an election and our democracy.  The voters are entitled to hear the message and make their decision.  |res ipsa loquitor|2022-02-02 17:15:04.540|1|0|article-truck-blockade-continues-at-us-border-as-rcmp-ready-to-make-arrests.json|globemail
Had Justin Trudeau come out and met with a representative group of these truckers and listened to them the truckers just might have gone home. Mmm…very doubtful.|Peter Woodward1952|2022-02-02 17:58:11.696|1|0|article-truck-blockade-continues-at-us-border-as-rcmp-ready-to-make-arrests.json|globemail
I guess you missed the rail blockade from a few years back.  It lasted quite a while and there were no arrests.|M_G|2022-02-02 13:50:43.596|1|0|article-truck-blockade-continues-at-us-border-as-rcmp-ready-to-make-arrests.json|globemail
Most of them never cross the border.  Many are local farmers that just want to be able to smoke on the local bar again.|The Last Honest Conservative|2022-02-02 22:49:53.217|1|0|article-truck-blockade-continues-at-us-border-as-rcmp-ready-to-make-arrests.json|globemail
These truckers have the full support of Preston Manning and his sidekick Rex Murphy. |cjpm|2022-02-02 10:41:41.418|0|0|article-truck-blockade-continues-at-us-border-as-rcmp-ready-to-make-arrests.json|globemail
We've heard their message, in Alberta and in Ottawa. Today is the day to wrap it up and head home. Tomorrow, the police need to break out the riot gear and clear our roads.|Exofficio.|2022-02-02 12:20:37.759|0|0|article-truck-blockade-continues-at-us-border-as-rcmp-ready-to-make-arrests.json|globemail
This will ruin the truckers goodwill real fast   End it while you can   Premiers are giving you stuff if you keep going you risk losing it all again |Richard Wright|2022-02-02 12:42:46.553|0|0|article-truck-blockade-continues-at-us-border-as-rcmp-ready-to-make-arrests.json|globemail
So hundreds of people and dozens of RCMP at the protest, but Jason Kenney is the only one claiming a police car was rammed? Not one picture or video of this.  Kenney should step down immediately.  So many terrible politicians in this country who do not care for the people. |NM0047|2022-02-02 14:11:43.551|0|0|article-truck-blockade-continues-at-us-border-as-rcmp-ready-to-make-arrests.json|globemail
Arrest them all, seize their vehicles and resell them on the open market. |See History|2022-02-02 14:36:25.289|0|0|article-truck-blockade-continues-at-us-border-as-rcmp-ready-to-make-arrests.json|globemail
This might be one of those times to arrest yourself out of a crisis. Also, if the RCMP start seizing and impounding trucks, attitudes will change quickly.|Peter Woodward1952|2022-02-02 14:46:18.607|0|0|article-truck-blockade-continues-at-us-border-as-rcmp-ready-to-make-arrests.json|globemail
"Where are all the ""law and order"" conservatives speaking out and taking action?"|luv2ski|2022-02-02 15:55:37.577|0|0|article-truck-blockade-continues-at-us-border-as-rcmp-ready-to-make-arrests.json|globemail
I don’t know if their truck driving licences can be removed for blockading a road and border crossing but, if not, maybe such a law should be considered.  They are interfering with the delivery of essential goods, a small town, and other people’s livelihoods.    In Ottawa, the protestors are blocking roads and making a nuisance, interfering with the ability of the downtown residents of the City to work, shop and sleep and generally go about their business.  Businesses have had to close as well.   There is too much tolerance for lawlessness in the name of protests and that includes blockading railways, holding mass demonstrations at the height of the pandemic in defiance of public health gathering limits (one of which the Prime Minister joined), and damaging or destroying public sculptures.   Where is the peace and order in all of this?  Freedoms have limits in a free and democratic society and IMHO the lines aren’t being drawn appropriately.  |res ipsa loquitor|2022-02-02 17:06:30.797|0|0|article-truck-blockade-continues-at-us-border-as-rcmp-ready-to-make-arrests.json|globemail
Which government ? The Hamlet of Coutts ? The Province ?|The Last Honest Conservative|2022-02-02 22:48:14.211|1|0|article-truck-blockade-continues-at-us-border-as-rcmp-ready-to-make-arrests.json|globemail
It’s the demonstrators who are breaking the law and assaulting police officers. They are to blame - them and only them…|JKerby|2022-02-03 03:26:39.777|1|0|article-truck-blockade-continues-at-us-border-as-rcmp-ready-to-make-arrests.json|globemail
Millions of $$$$$$$  of  Illegal Political money being transferred from the extremists south of the border to extremists North of the border.  Who gets these monies ???|pathdoc|2022-02-03 03:06:36.079|0|0|article-truck-blockade-continues-at-us-border-as-rcmp-ready-to-make-arrests.json|globemail
And the Tasers.  Take these clowns down. Cuff them and impound their trucks.|Valzar|2022-02-02 11:53:47.499|1|0|article-truck-blockade-continues-at-us-border-as-rcmp-ready-to-make-arrests.json|globemail
Hey Jason quit Taking advice from Viktor Orban|GregaryPeckary|2022-02-02 10:22:45.449|0|0|article-truck-blockade-continues-at-us-border-as-rcmp-ready-to-make-arrests.json|globemail
Roll the tanks.|app_71900471|2022-02-02 05:08:14.818|1|0|article-truck-blockade-continues-at-us-border-as-rcmp-ready-to-make-arrests.json|globemail
Have the police even ticketed them? A hefty fine might help with a few.|app_70475301|2022-02-02 05:18:30.038|0|0|article-truck-blockade-continues-at-us-border-as-rcmp-ready-to-make-arrests.json|globemail
Roll the tanks.|app_71900471|2022-02-02 05:08:02.405|1|0|article-truck-blockade-continues-at-us-border-as-rcmp-ready-to-make-arrests.json|globemail
Apparently Kenney has been making decisive moves while I wasn't watching.|Canadian in Alberta|2022-02-02 06:11:40.678|1|0|article-truck-blockade-continues-at-us-border-as-rcmp-ready-to-make-arrests.json|globemail
We don't know what he will do or when.  What we do know, is Pierre Trudeau spent 2 hours everyday with his kids while Prime Minister.  And though I have never voted for his party, Justin Trudeau is masterful at politics itself.  He will know what to do. Stand with Canada, Stand with Alberta, Stand with our Elected Leaders and our Prime Minister!|Canadian in Alberta|2022-02-02 04:13:21.139|1|0|article-truck-blockade-continues-at-us-border-as-rcmp-ready-to-make-arrests.json|globemail
I think you are a good trucker.|app_71900471|2022-02-02 05:05:23.364|1|0|article-truck-blockade-continues-at-us-border-as-rcmp-ready-to-make-arrests.json|globemail
My step-grandson is cut from the same cloth as you.  Trucked for 5 years, went every place he was sent, delivered the loads down into the US, Labrador City, The Rock, all over, now studying to enter a career building digital worlds but still driving truck to pay his way.  And fully vaccinated.|Randall Leigh|2022-02-02 13:59:24.218|1|0|article-truck-blockade-continues-at-us-border-as-rcmp-ready-to-make-arrests.json|globemail
Almost.|MavnGoose|2022-02-02 10:08:56.764|1|0|article-truck-blockade-continues-at-us-border-as-rcmp-ready-to-make-arrests.json|globemail
The donations grow larger every day.  Many hearts and minds have been won over and more are being won over every day by looking at the donations increasing.|Fiscal Responsibility|2022-02-02 12:05:36.207|1|0|article-truck-blockade-continues-at-us-border-as-rcmp-ready-to-make-arrests.json|globemail
Ironically those most affected by the truck blockade might be...wait for it...other truckers? I'm not sure this is even really about trucks, nevermind vaccine mandates. |Lyndondary|2022-02-02 04:29:43.570|0|0|article-truck-blockade-continues-at-us-border-as-rcmp-ready-to-make-arrests.json|globemail
This blockade just brings into focus all the other blockades that Canada tolerates.  This one is starting to hit home the fact that when we do not apply the law evenly, others think it is ok to break the law as well.  You may have a your own point of view but you can not thru intimidation or violence bludgeon your own way to victory.  We have lost our way with the courts not upholding the law.  Read Teal Jones vs Rainbow Coalition, Court of Appeal, Province of BC.... Recent decision.  Senior judges are recognizing this fact and hopefully others will follow suit.  Our  society is fraying at the margins and changes need to take place.|BMC9689|2022-02-02 04:34:54.953|0|0|article-truck-blockade-continues-at-us-border-as-rcmp-ready-to-make-arrests.json|globemail
Time for spike belts|Morven|2022-02-02 05:12:53.556|0|0|article-truck-blockade-continues-at-us-border-as-rcmp-ready-to-make-arrests.json|globemail
This is Canada where Policing is different from the US in terms of the scope of rules of engagement, conduct and our laws that apply in these sorts of situations. They are showing restraint in the face of stupidity and we are better for it...|RMJ1339|2022-02-02 12:58:19.001|1|0|article-truck-blockade-continues-at-us-border-as-rcmp-ready-to-make-arrests.json|globemail
If the police in this country are going to be so weak and useless, defunding them might be justified. We're not getting the protection we are paying for.   Do we have to defend ourselves now? |independentlypoor|2022-02-02 10:14:30.050|0|0|article-truck-blockade-continues-at-us-border-as-rcmp-ready-to-make-arrests.json|globemail
These goons never represented the trucking industry. The majority of truckers are hard-working, law-abiding folks who are hard at work today moving the goods we rely on. |independentlypoor|2022-02-02 10:16:55.675|1|0|article-truck-blockade-continues-at-us-border-as-rcmp-ready-to-make-arrests.json|globemail
On the evening news last night, I saw several dump trucks, cement trucks, and even a Grader parked as part of the protest in Ottawa. Clearly, the operators of those trucks and equipment have never crossed the border and they are not impacted by the vaccine mandate. This all about intimidation. |fcporto|2022-02-02 12:15:14.118|1|0|article-truck-blockade-continues-at-us-border-as-rcmp-ready-to-make-arrests.json|globemail
They might be mostly owner operators. |res ipsa loquitor|2022-02-02 17:17:45.891|1|0|article-truck-blockade-continues-at-us-border-as-rcmp-ready-to-make-arrests.json|globemail
Is it silly to suggest that maybe our Canadian Military should be involved here?   Only if it snows. |TandT|2022-02-02 06:30:44.626|1|0|article-truck-blockade-continues-at-us-border-as-rcmp-ready-to-make-arrests.json|globemail
Yes it is silly. Sending medics to nursing homes is one thing. Sending soldiers against civilians is another. They are trained for combat, not law enforcement. Unless you want the protestors massacred, leave it to the RCMP. They are trained and equipped for the job.|MavnGoose|2022-02-02 10:08:00.183|1|0|article-truck-blockade-continues-at-us-border-as-rcmp-ready-to-make-arrests.json|globemail
we did it in Oka|app_65708252|2022-02-02 14:06:58.523|1|0|article-truck-blockade-continues-at-us-border-as-rcmp-ready-to-make-arrests.json|globemail
Two of those protesters were seen in tractors with Canadian flags, racing down a ditch along the highway.  I would not want  pictures of that to get out.  I mean, without context, without explanation of what is going on....... I mean I wouldn't want Canadians to be known for.......... |TandT|2022-02-02 06:29:53.452|0|0|article-truck-blockade-continues-at-us-border-as-rcmp-ready-to-make-arrests.json|globemail
Could be wrong but think Ford and Kenny have to ask for military help?|Proudfoot5960|2022-02-02 14:20:03.990|1|0|article-truck-blockade-continues-at-us-border-as-rcmp-ready-to-make-arrests.json|globemail
This is about peaceful protests on freedom? This is really about creating chaos in discord. Looks like behavior i expect south of the border not in Canada.|EDIGLOBAL|2022-02-02 07:54:42.982|0|0|article-truck-blockade-continues-at-us-border-as-rcmp-ready-to-make-arrests.json|globemail
Simple. Bring in a large CAT dozer and push them into the ditch.|Anne Browne|2022-02-02 09:50:47.452|0|0|article-truck-blockade-continues-at-us-border-as-rcmp-ready-to-make-arrests.json|globemail
Absolutely.  Am tired of listening to Kenney pandering to freeloaders. |Canadian in Alberta|2022-02-02 04:51:27.289|1|0|article-truck-blockade-continues-at-us-border-as-rcmp-ready-to-make-arrests.json|globemail
They claimed to be for opening borders . . .|jimjamiejames|2022-02-01 18:54:14.167|0|0|article-truck-blockade-continues-at-us-border-as-rcmp-ready-to-make-arrests.json|globemail
Yes, he did, but people are still criticizing him for it.    I think the police could deal with this if they go out in sufficient force in an attempt to dissuade the truckers from violence.  Block the ditches to keep out reinforcements and start towing and impounding the trucks and charging the drivers.    People who use their vehicles like this to block roads and border crossings should not have truckers licences. |res ipsa loquitor|2022-02-02 17:39:07.420|1|0|article-truck-blockade-continues-at-us-border-as-rcmp-ready-to-make-arrests.json|globemail
When it comes to the truckers being vaccinated to cross the border, there's nothing inconsistent. Everyone who enters the country needs to be vaccinated. They've had plenty of time to prepare for the mandate, and yet they CHOSE not to abide by it. Actions have consequences. As for the rest of these people involved in the blockades - they're not truckers. Just sad, angry little people with axes to grind who've never missed the opportunity to jump on a bandwagon.|Guest_1840|2022-02-02 00:17:18.449|1|0|article-truck-blockade-continues-at-us-border-as-rcmp-ready-to-make-arrests.json|globemail
Good point. Thank you for making it.|zuglo9|2022-02-01 22:17:05.237|1|0|article-truck-blockade-continues-at-us-border-as-rcmp-ready-to-make-arrests.json|globemail
No, “we” do not |res ipsa loquitor|2022-02-02 17:49:57.325|1|0|article-truck-blockade-continues-at-us-border-as-rcmp-ready-to-make-arrests.json|globemail
OPP and even Toronto police were in Ottawa all weekend.|The Last Honest Conservative|2022-02-01 21:48:05.913|1|0|article-truck-blockade-continues-at-us-border-as-rcmp-ready-to-make-arrests.json|globemail
Gave you thumbs up, but this is not correct: [OPP can operate anywhere in the province they want.]  *On the Hill* it is one of the federally commissioned forces. And on rail lines, airports, and many other federal jurisdictions.   |Stephen Saines|2022-02-01 22:02:52.285|1|0|article-truck-blockade-continues-at-us-border-as-rcmp-ready-to-make-arrests.json|globemail
"It's coming: first let pc governments disperse those ""heroes"" in alberta and manitoba. Then wait for snow and freeze in ottawa. More complaints about yahoo bevaviour, 0 % support from people in that city. Then ticket and bye drive back safy:)"|BebaB|2022-02-01 22:06:06.601|1|0|article-truck-blockade-continues-at-us-border-as-rcmp-ready-to-make-arrests.json|globemail
The order came from Edmonton, not Ottawa.  This was a provincial action. Ford...hello? Callling Mr Doug Ford...anyone home?|Stephen Saines|2022-02-01 22:00:23.901|1|0|article-truck-blockade-continues-at-us-border-as-rcmp-ready-to-make-arrests.json|globemail
So what is Mr. Trudeau's true motivation, is he really concerned about the protest or is he looking to further weaken the conservatives (not that they need much help there) and build political capital. I would argue his only motivation is the further destruction of the Conservatives.|Meduim Size Red|2022-02-01 22:09:51.641|1|0|article-truck-blockade-continues-at-us-border-as-rcmp-ready-to-make-arrests.json|globemail
They don't seem to need help on that these days.  |m_b2|2022-02-01 23:50:11.181|1|0|article-truck-blockade-continues-at-us-border-as-rcmp-ready-to-make-arrests.json|globemail
Fair comment, but Mr. Trudeau was very silent on the blockade in Ontario, in comparison to his outspoken views on this protest. I find the inconsistency very frustrating. |Meduim Size Red|2022-02-01 22:35:15.069|1|0|article-truck-blockade-continues-at-us-border-as-rcmp-ready-to-make-arrests.json|globemail
Sure, pal.  It’s always Trudeau’s fault for everything.  We get it.|Cert1|2022-02-02 00:55:22.921|1|0|article-truck-blockade-continues-at-us-border-as-rcmp-ready-to-make-arrests.json|globemail
But you agree that at least he and Jason Kenney and every sane person in Canada is correct in supporting the RCMP action.|app_71592176|2022-02-02 01:47:42.545|1|0|article-truck-blockade-continues-at-us-border-as-rcmp-ready-to-make-arrests.json|globemail
Jason Kenney has been very vocal in opposition to this blockade stupidity.  He has been reporting on the RCMP action with glee this afternoon.|app_71592176|2022-02-02 01:46:44.857|1|0|article-truck-blockade-continues-at-us-border-as-rcmp-ready-to-make-arrests.json|globemail
No, it is actually up to Watson and Sloly, both of whom are not doing their jobs.      But they can call on all levels of police and military and that should have happened days ago.     |app_72272881|2022-02-02 02:00:32.866|1|0|article-truck-blockade-continues-at-us-border-as-rcmp-ready-to-make-arrests.json|globemail
Its the Scheerites|GregaryPeckary|2022-02-01 21:31:14.185|0|0|article-truck-blockade-continues-at-us-border-as-rcmp-ready-to-make-arrests.json|globemail
If a foreign entity wanted to take over this nation (Vlad takes note!), all they have to do is be incredibly obnoxious, low IQ, loud, wave flags (evidently any denomination will do) but proclaim their RIGHTS! to take over the nation.  No action will be taken.|Stephen Saines|2022-02-01 21:57:31.849|1|0|article-truck-blockade-continues-at-us-border-as-rcmp-ready-to-make-arrests.json|globemail
truckers at the Alberta blockade are going hungry trapped in their trucks. How can that be when much of Alberta's agricultural output is lined up on the road behind them?|Bob.McK|2022-02-01 23:55:19.285|1|0|article-truck-blockade-continues-at-us-border-as-rcmp-ready-to-make-arrests.json|globemail
Won't happen.|The Last Honest Conservative|2022-02-01 23:04:54.875|1|0|article-truck-blockade-continues-at-us-border-as-rcmp-ready-to-make-arrests.json|globemail
Changed my mind.|GregaryPeckary|2022-02-04 23:20:32.534|1|0|article-truck-blockade-continues-at-us-border-as-rcmp-ready-to-make-arrests.json|globemail
Most of the media have pointed out.  Most people with IQs higher than room temperature can see that. The CPC is having trouble in that regard. |The Last Honest Conservative|2022-02-01 23:02:10.959|1|0|article-truck-blockade-continues-at-us-border-as-rcmp-ready-to-make-arrests.json|globemail
A lot of truckers aren't happy that you think this is who they are. |HilkkaW|2022-02-02 00:08:39.898|1|0|article-truck-blockade-continues-at-us-border-as-rcmp-ready-to-make-arrests.json|globemail
Don't tar the majority of truckers with the brush that these numbskulls wield.  |app_71592176|2022-02-02 01:42:45.663|1|0|article-truck-blockade-continues-at-us-border-as-rcmp-ready-to-make-arrests.json|globemail
Val, the tow trucks!|B-o-o-t-s|2022-02-01 21:59:24.607|0|0|article-truck-blockade-continues-at-us-border-as-rcmp-ready-to-make-arrests.json|globemail
Many bad truckers lose their jobs every day. I want them off the highway.|The Last Honest Conservative|2022-02-01 22:58:36.613|1|0|article-truck-blockade-continues-at-us-border-as-rcmp-ready-to-make-arrests.json|globemail
If the trucks are involved in criminal activity - such as an illegal and harmful blockade - seize them as asset forfeiture. Of course, this protest has no possible effect on the US requirement for truckers entering the US to be vaccinated.  |Skeptical Canadian|2022-02-01 21:07:43.107|0|0|article-truck-blockade-continues-at-us-border-as-rcmp-ready-to-make-arrests.json|globemail
That's good news. Hope they will arrest and inbound trucks and not just threaten. These people are threatening the wellbeing of 90% of Canadians.|Jeffclaydon2|2022-02-01 20:42:25.779|1|0|article-truck-blockade-continues-at-us-border-as-rcmp-ready-to-make-arrests.json|globemail
I find it odd that our government effectively killed thousands of seniors through an egregious lack of oversight and care, yet the miscreants are the truckers trying to end the mandates and insanity. Reminds me a bit of the Plato's Cave analogy.|PrudentInvest0r|2022-02-02 00:34:36.578|1|0|article-truck-blockade-continues-at-us-border-as-rcmp-ready-to-make-arrests.json|globemail
The primary outcome of the study was to determine if the “lockdowns”, which were not a homogeneous thing, reduced COVID-19 mortality. Did lockdowns prevent deaths.   The authors from Denmark and Sweden did not offer any real data or compelling analytics that looked at “morbidity”. This means people who got sick from COVID-19, but didn’t die.  Thank goodness for vaccines and for the heroic efforts of the health care professionals to keep people alive.   At the risk of sounding repetitive, if everyone who was eligible got the vaccines,  the economic impact of COVID-19 would be substantially reduced BECAUSE LOCKDOWNS WOULD NOT BE AS NECESSARY.   |CoachQ|2022-02-02 04:49:03.131|1|0|article-truck-blockade-continues-at-us-border-as-rcmp-ready-to-make-arrests.json|globemail
I heard that Andrew Scheer sent lots of milk for all the baby bottles.|GregaryPeckary|2022-02-02 10:24:52.842|1|0|article-truck-blockade-continues-at-us-border-as-rcmp-ready-to-make-arrests.json|globemail
They say that usually wisdom comes with age.  However sometimes age comes alone.|3sidedcoin|2022-02-01 19:29:00.839|0|0|article-truck-blockade-continues-at-us-border-as-rcmp-ready-to-make-arrests.json|globemail
That tRump U medical degree isn't serving you well. Hope you didn't pay retail for it.|RonWilliams|2022-02-01 19:35:32.940|1|0|article-truck-blockade-continues-at-us-border-as-rcmp-ready-to-make-arrests.json|globemail
Rambling is the only part you got right.|app_69680838|2022-02-01 19:57:44.330|1|0|article-truck-blockade-continues-at-us-border-as-rcmp-ready-to-make-arrests.json|globemail
Trudeau trudeau trudeau...good lord save us.  Most people actually agree, fully, with the positions put forth by the Canadian government.  They don't really care about who puts the things forward either, based on science, based on common sense, basedon whatever.  Not everything is about Trudeau.  Good lord, get over it already.|thunderbaybee|2022-02-01 19:59:51.136|1|0|article-truck-blockade-continues-at-us-border-as-rcmp-ready-to-make-arrests.json|globemail
At least jTDS sufferers aren't clogging ERs and ICUs. Fortunately for them there is unlimited space in cyberspace. |PIFCO3|2022-02-01 20:45:41.122|1|0|article-truck-blockade-continues-at-us-border-as-rcmp-ready-to-make-arrests.json|globemail
That is all good politics. Don't like it? Vote for bernier? Rogan? Trump? No idea whom.. idc|BebaB|2022-02-01 22:10:31.115|1|0|article-truck-blockade-continues-at-us-border-as-rcmp-ready-to-make-arrests.json|globemail
More like chase the dogs away )|BebaB|2022-02-01 20:54:05.423|1|0|article-truck-blockade-continues-at-us-border-as-rcmp-ready-to-make-arrests.json|globemail
The study has just come out now. It may well be correct but I didn’t see any peer reviews of it either. Government policy had to be made up as they went along and let’s face it, restricting movement of people who have a highly communicable disease makes a great deal of sense especially when vaccines aren’t available. |D_Knight|2022-02-02 02:19:57.201|1|0|article-truck-blockade-continues-at-us-border-as-rcmp-ready-to-make-arrests.json|globemail
Except that my argument had nothing to do with lock downs. As a reminder, if you can go to a restaurant, see a play, go to the theatre, watch a hockey game, visit your elderly relatives, which we can, then it’s not a lockdown. |TW.|2022-02-02 02:22:18.335|1|0|article-truck-blockade-continues-at-us-border-as-rcmp-ready-to-make-arrests.json|globemail
We know that study is seriously flawed.  Garbage in, garbage out.  Canada had stricter public health restrictions than the US which had a much higher death rate from COVID.    According to the Daily Mail in the UK, the authors relied on 24 papers out of 18,590 global studies on lockdown and lockdown restrictions, ignored data based on modelling and data from countries with early effective lockdowns, and the lead author has described vaccine mandates as fascist and openly supports the Great Barrington Declaration.  |res ipsa loquitor|2022-02-02 18:02:49.977|1|0|article-truck-blockade-continues-at-us-border-as-rcmp-ready-to-make-arrests.json|globemail
Normal people who pay taxes don't matter anymore. It's all about coddling and funding the anti-vaxxers, whether they are clogging our hospitals or our streets.  And it's time for it to stop, today. Boot the seditious brigade out of Ottawa at the same time.  So done with footing the bill for the selfish few who have willingly joined an anti-democratic cult. |app_73140336|2022-02-01 21:27:17.595|1|0|article-truck-blockade-continues-at-us-border-as-rcmp-ready-to-make-arrests.json|globemail
can you say Mutant.|GregaryPeckary|2022-02-02 10:26:22.381|1|0|article-truck-blockade-continues-at-us-border-as-rcmp-ready-to-make-arrests.json|globemail
Good riddance!|app_71592176|2022-02-01 21:02:18.739|1|0|article-truck-blockade-continues-at-us-border-as-rcmp-ready-to-make-arrests.json|globemail
The area of Coutts is the gun capital of Canada.   Police don't want to die or maybe the RCMP want the UCP and CON party to die.  |GregaryPeckary|2022-02-02 10:29:37.894|1|0|article-truck-blockade-continues-at-us-border-as-rcmp-ready-to-make-arrests.json|globemail
Don't count on it. The voters in that riding were the ones dumb enough to elect that low-life.  Shame on them !|The Last Honest Conservative|2022-02-01 21:52:31.597|1|0|article-truck-blockade-continues-at-us-border-as-rcmp-ready-to-make-arrests.json|globemail
A donkey would win Grant Hunter's riding if it ran under the UCP banner.|luv2ski|2022-02-02 04:58:47.108|1|0|article-truck-blockade-continues-at-us-border-as-rcmp-ready-to-make-arrests.json|globemail
Oh please. The science clearly demonstrates that all mandates and restrictions should be eliminated--yesterday.|ctheorist|2022-02-02 03:39:47.877|1|0|article-truck-blockade-continues-at-us-border-as-rcmp-ready-to-make-arrests.json|globemail
Good. Protest all you want, but don't screw things up for everyone else while you're doing it.|Fiddle While Rome Burns|2022-02-01 19:53:10.476|0|0|article-truck-blockade-continues-at-us-border-as-rcmp-ready-to-make-arrests.json|globemail
Agee but let’s remember these folks are a small group with extreme views,  there are thousands of truckers who are vaccinated and are trying to do their job for us and their families.  Let’s be careful not to lump the majority of truckers into this extreme group.|DebbieTy|2022-02-01 21:11:14.068|1|0|article-truck-blockade-continues-at-us-border-as-rcmp-ready-to-make-arrests.json|globemail
Don't care if they get back to work. Just get out of the way. The truck payments however will still be due whether they work or not.|dougiedorite|2022-02-01 22:22:27.901|1|0|article-truck-blockade-continues-at-us-border-as-rcmp-ready-to-make-arrests.json|globemail
Enough Already! Where on earth is the law when we need them. These constant protest movements have to be stopped early in the game. We are becoming a laughing stock. My God we are in the middle of a pandemic...or haven't they noticed!|app_72121831|2022-02-01 20:15:22.031|0|0|article-truck-blockade-continues-at-us-border-as-rcmp-ready-to-make-arrests.json|globemail
Give me a break. These people don't speak for truckers, just themselves. |HilkkaW|2022-02-02 00:07:41.734|1|0|article-truck-blockade-continues-at-us-border-as-rcmp-ready-to-make-arrests.json|globemail
"Get Vaxxed, keep your job.  Sounds pretty simple to me.  We wouldn't need restrictions at all if common sense was common.  Sadly, personal ""freedom"" seems to trump common sense as usual."|jdchambers1965|2022-02-02 00:22:16.599|1|0|article-truck-blockade-continues-at-us-border-as-rcmp-ready-to-make-arrests.json|globemail
The FLQ kidnapped and killed.  How can you link this with peaceful protest?  |Fiscal Responsibility|2022-02-02 12:11:33.810|1|0|article-truck-blockade-continues-at-us-border-as-rcmp-ready-to-make-arrests.json|globemail
The vast majority of truckers are vaccinated and obey laws.  Only a small group of kooks are doing things like blocking the border crossing.  |app_71592176|2022-02-02 01:41:35.255|1|0|article-truck-blockade-continues-at-us-border-as-rcmp-ready-to-make-arrests.json|globemail
They are assaulting police officers and resisting arrest and they will be arrested.|app_71592176|2022-02-02 01:36:57.659|1|0|article-truck-blockade-continues-at-us-border-as-rcmp-ready-to-make-arrests.json|globemail
If it was 77 degrees warmer it could be Venus.  It's ˚C anada. |PIFCO3|2022-02-02 05:38:50.732|1|0|article-truck-blockade-continues-at-us-border-as-rcmp-ready-to-make-arrests.json|globemail
Tequila and firearms. What could possibly go wrong?|Bruce0|2022-02-02 05:20:50.698|1|0|article-truck-blockade-continues-at-us-border-as-rcmp-ready-to-make-arrests.json|globemail
They may want to deny them the publicity that comes with 24/7 coverage.  |res ipsa loquitor|2022-02-02 17:41:08.599|1|0|article-truck-blockade-continues-at-us-border-as-rcmp-ready-to-make-arrests.json|globemail
Enough is enough start arresting these bullies and confiscating their trucks.  The majority of Canadians don't support this behaviour.|Nevergoingretire|2022-02-02 00:34:32.763|0|0|article-truck-blockade-continues-at-us-border-as-rcmp-ready-to-make-arrests.json|globemail
Too slow !  Push them in the ditch with an army D8. Let them explain to their bankers and insurance companies. |The Last Honest Conservative|2022-02-02 01:32:04.310|1|0|article-truck-blockade-continues-at-us-border-as-rcmp-ready-to-make-arrests.json|globemail
Better yet, tap into that GoFundMe account worth about $9 million.|Bikerman|2022-02-02 02:49:50.047|1|0|article-truck-blockade-continues-at-us-border-as-rcmp-ready-to-make-arrests.json|globemail
Looks to me like some residents of Coutts with farm equipment were quick to support the truckers.  Go door to door in Coutts and see who supports what.|Fiscal Responsibility|2022-02-02 12:16:14.228|1|0|article-truck-blockade-continues-at-us-border-as-rcmp-ready-to-make-arrests.json|globemail
Troublemakers have their own reasons. |ZayWhat|2022-02-02 02:11:28.152|1|0|article-truck-blockade-continues-at-us-border-as-rcmp-ready-to-make-arrests.json|globemail
Spoken like an Albertan!|Canadian in Alberta|2022-02-02 05:28:49.049|1|0|article-truck-blockade-continues-at-us-border-as-rcmp-ready-to-make-arrests.json|globemail
#ShutItDown Any means necessary Totally illegal TIMES UP|app_72272881|2022-02-02 01:54:16.032|0|0|article-truck-blockade-continues-at-us-border-as-rcmp-ready-to-make-arrests.json|globemail
Jason Kenny, Canadas answered to Ron DeSantis.|JOHN358|2022-02-02 02:20:07.673|0|0|article-truck-blockade-continues-at-us-border-as-rcmp-ready-to-make-arrests.json|globemail
Have you so quickly forgotten our current Lib. PM refusing then MP Jodie Wilson G pointing out a Canadian company operating illegally? That co. is situated in his own riding. He said he didn't want to put those workers out of work. Always a reason but that time convenient for his benefit. Those workers could easily get work at other Canadian companies who do that kind of work. That is only one example. |PLGerow|2022-02-02 10:16:47.936|1|0|article-truck-blockade-continues-at-us-border-as-rcmp-ready-to-make-arrests.json|globemail
Stephen Harper?|pancakeshouse|2022-02-02 02:36:34.998|1|0|article-truck-blockade-continues-at-us-border-as-rcmp-ready-to-make-arrests.json|globemail
"Now you're even trying to separate readers in National Post or Globe and Mail.  I subscribe to both and try to get an informed opinion. Enough of ""them"" and ""us""."|Fiscal Responsibility|2022-02-02 12:13:34.054|1|0|article-truck-blockade-continues-at-us-border-as-rcmp-ready-to-make-arrests.json|globemail
you are correct Harper better watch out|pancakeshouse|2022-02-02 02:54:41.628|1|0|article-truck-blockade-continues-at-us-border-as-rcmp-ready-to-make-arrests.json|globemail
What a stupid remark.  You've obviously never heard of Adrien Arcand.  Read a history book, you fool.|This Old Man|2022-02-02 05:28:03.725|1|0|article-truck-blockade-continues-at-us-border-as-rcmp-ready-to-make-arrests.json|globemail
Give QAnon a try|LastHonestPersonOnTheRight|2022-02-02 03:19:43.503|1|0|article-truck-blockade-continues-at-us-border-as-rcmp-ready-to-make-arrests.json|globemail
Well said.|Canadian in Alberta|2022-02-02 04:17:06.306|1|0|article-truck-blockade-continues-at-us-border-as-rcmp-ready-to-make-arrests.json|globemail
Try reading it backwards. It may come to you. |PIFCO3|2022-02-02 05:35:16.780|1|0|article-truck-blockade-continues-at-us-border-as-rcmp-ready-to-make-arrests.json|globemail
Sorry, you can't do that unless you are a h-r-d-t-ry ch-ef |credenhill|2022-02-02 02:32:50.599|0|0|article-truck-blockade-continues-at-us-border-as-rcmp-ready-to-make-arrests.json|globemail
Exactly!|prague|2022-02-02 03:31:46.539|1|0|article-truck-blockade-continues-at-us-border-as-rcmp-ready-to-make-arrests.json|globemail
The handful of killings by the FLQ will be dwarfed by the extra Covid deaths triggered by the super-spreader event the protesters are unleashing, especially in Ottawa.|Thinking Ahead|2022-02-02 08:28:57.323|1|0|article-truck-blockade-continues-at-us-border-as-rcmp-ready-to-make-arrests.json|globemail
"What do you bet that if more people take such action to counter the ""protest"", the police will arrest them. "|independentlypoor|2022-02-02 10:37:14.300|1|0|article-truck-blockade-continues-at-us-border-as-rcmp-ready-to-make-arrests.json|globemail
Those 3 ladies for the new Chief of Police and Mayor. #ShutItDown TIMES UP|app_72272881|2022-02-02 01:55:13.780|1|0|article-truck-blockade-continues-at-us-border-as-rcmp-ready-to-make-arrests.json|globemail
Civil suit. Sue the group benefiting from it. Millions for the taking.|ZayWhat|2022-02-02 02:13:01.891|1|0|article-truck-blockade-continues-at-us-border-as-rcmp-ready-to-make-arrests.json|globemail
Ford has an election coming up - 4 months tomorrow to be exact.|doug's a slug|2022-02-02 01:06:01.042|1|0|article-truck-blockade-continues-at-us-border-as-rcmp-ready-to-make-arrests.json|globemail
Yes Freedom from traffic light mandates, highway speed mandates and brake check mandates.  Smells like Trump.   |The Last Honest Conservative|2022-02-01 22:53:56.108|1|0|article-truck-blockade-continues-at-us-border-as-rcmp-ready-to-make-arrests.json|globemail
Oh yes, one group of a few people did a little cleanup. A drop in the puddle of the mess that's been made. Most of the protest groups that gather on Parliament Hill (it happens all the time) clean up after themselves and don't try to occupy the whole area. |HilkkaW|2022-02-02 00:06:33.285|1|0|article-truck-blockade-continues-at-us-border-as-rcmp-ready-to-make-arrests.json|globemail
I think that you are thinking about the wrong province.   https://www.cbc.ca/news/canada/edmonton/controversial-bill-targeting-rail-blockade-protesters-soon-to-be-alberta-law-1.5589557  What I find is interesting is that they have allowed this to go on for as long as it has, saying that it peaceful assembly to begin with.  Violates the law but they weren't willing to enforce it.|m_b2|2022-02-01 23:47:53.877|1|0|article-truck-blockade-continues-at-us-border-as-rcmp-ready-to-make-arrests.json|globemail
You are right all the above yahoos and kooks should be arrested.|app_71592176|2022-02-02 01:39:37.208|1|0|article-truck-blockade-continues-at-us-border-as-rcmp-ready-to-make-arrests.json|globemail
The law should be enforced against all of the people who are breaking it.  This reminds me of the broken window theory where if vandals break a window and nothing is done, more windows will be broken.  |res ipsa loquitor|2022-02-02 17:46:51.996|1|0|article-truck-blockade-continues-at-us-border-as-rcmp-ready-to-make-arrests.json|globemail
Aren't they too busy acting as bellboys for Illegal Immigrants crossing from the U.S?|Darryl005|2022-02-01 22:17:32.589|0|0|article-truck-blockade-continues-at-us-border-as-rcmp-ready-to-make-arrests.json|globemail
Just read an update from RCMP stating some vehicles had arrived, “including 2 tractors driving down the ditch,”  Doesn’t sound like much to me.|Bobm|2022-02-02 00:16:55.186|1|0|article-truck-blockade-continues-at-us-border-as-rcmp-ready-to-make-arrests.json|globemail
Jason Kenney on CTV. |The Last Honest Conservative|2022-02-02 00:19:42.462|1|0|article-truck-blockade-continues-at-us-border-as-rcmp-ready-to-make-arrests.json|globemail
Police were assaulted when the wingnuts ran an RCMP barricade near Milk River|The Last Honest Conservative|2022-02-02 00:21:16.472|1|0|article-truck-blockade-continues-at-us-border-as-rcmp-ready-to-make-arrests.json|globemail
Tried to research this on line.  There is absolutely nothing, anywhere to support your statement.  Cite where this assault information came from, or better yet, if you can’t, quit spreading falsehoods.  Either way, I’m done with your inaccurate, sketchy posts.  Good bye.  |Bobm|2022-02-02 01:32:55.026|1|0|article-truck-blockade-continues-at-us-border-as-rcmp-ready-to-make-arrests.json|globemail
Well, that’s ONE good decision he’s made…|JOHN358|2022-02-02 02:34:13.152|1|0|article-truck-blockade-continues-at-us-border-as-rcmp-ready-to-make-arrests.json|globemail
Of course not. he doesn't fit the profile for their agenda.|Guest_1840|2022-02-02 00:18:05.887|1|0|article-truck-blockade-continues-at-us-border-as-rcmp-ready-to-make-arrests.json|globemail
It's about time that this was broken up.   Move on or get arrested.|Canuck_in_UK_007|2022-02-01 23:27:56.022|0|0|article-truck-blockade-continues-at-us-border-as-rcmp-ready-to-make-arrests.json|globemail
Good idea! So readily at hand up at Fort McMoney !|Bob.McK|2022-02-02 03:03:11.852|1|0|article-truck-blockade-continues-at-us-border-as-rcmp-ready-to-make-arrests.json|globemail
This is not about freedom anymore. These people that are building the blockades are now being bullies. Other that want to work and have supplies should now have the right to sue the leaders of this movement for loss wages. |Superdave1168|2022-02-01 23:35:43.732|0|0|article-truck-blockade-continues-at-us-border-as-rcmp-ready-to-make-arrests.json|globemail
It it a registered charity for tax purposes?|haqrvey|2022-02-02 01:31:45.949|1|0|article-truck-blockade-continues-at-us-border-as-rcmp-ready-to-make-arrests.json|globemail
Freeze and confiscate the funds; most likely from foreign agents, nice cheap disruption for them to do this.     |app_72272881|2022-02-02 01:56:35.193|1|0|article-truck-blockade-continues-at-us-border-as-rcmp-ready-to-make-arrests.json|globemail
might be a good thing |HilkkaW|2022-02-02 00:03:43.486|1|0|article-truck-blockade-continues-at-us-border-as-rcmp-ready-to-make-arrests.json|globemail
Got to love Ontario and Alberta.  5 days of protests and bring the army/police and throw them in jail.  In the left coast of Canada (BC) we allow protests to go on forever.  Years in fact.  No one does jail time.  No consequences to violence and intimidation.  People should read the Court of Appeal decision Teal Jones vs Rainforest Coalition,  just to see what real violent protesters are up to.  I guess there are different laws in different parts of Canada.|BMC9689|2022-02-01 23:40:10.726|0|0|article-truck-blockade-continues-at-us-border-as-rcmp-ready-to-make-arrests.json|globemail
Absolutely the right decision.  |M. Grimaldi|2022-02-01 23:40:38.203|0|0|article-truck-blockade-continues-at-us-border-as-rcmp-ready-to-make-arrests.json|globemail
In what per cent of recipients? |Bob.McK|2022-02-02 02:58:00.841|1|0|article-truck-blockade-continues-at-us-border-as-rcmp-ready-to-make-arrests.json|globemail
There must a law to revoke the trucking licenses for bad behavior.|namenotknown|2022-02-01 23:46:10.255|0|0|article-truck-blockade-continues-at-us-border-as-rcmp-ready-to-make-arrests.json|globemail
This story should be amended to point out that Jason Kenney is once again caught in a lie. He is the only person who said, without evidence, assaults were made on RCMP. |BLeslie2|2022-02-05 21:36:40.720|0|0|article-truck-blockade-continues-at-us-border-as-rcmp-ready-to-make-arrests.json|globemail
