﻿comment|username|datetime|isreply|num_replies|post_id|label
You’re impressed that Russia hauls 4 times as much by rail as Canada?  Did you know that Russia has 4 times the population of Canada?|TMcGuire|2022-02-19 20:19:05.099|0|4|article-truck-blockades-present-a-compelling-argument-for-moving-more-goods-by.json|globemail
"""Instead, we should pivot to nationalizing and sustainably expanding our railways into a network that connects the country fully and efficiently.""  Nationalizing private railways? Really?  Is that because Canadian governments have such an exceptional track (no pun intended) record in operating large commercial companies?  And would Via Rail's horrendous performance results be the benchmark for the newly nationalized freight railways?   "|Ottawa Poog|2022-02-19 14:21:21.305|0|2|article-truck-blockades-present-a-compelling-argument-for-moving-more-goods-by.json|globemail
This article makes zero sense. Have the author Mr. Patterson, as well as the G & M editor, forgotten the early-2020 Indigenous blockade of the CNR national rail line, which paralyzed rail shipments for weeks?  |PDC1959|2022-02-19 15:46:32.428|0|2|article-truck-blockades-present-a-compelling-argument-for-moving-more-goods-by.json|globemail
"Two problems.  1 the anti science pipeline haters have necessitated that all our oil products go on trains instead of pipes...thereby reducing rail capacity.  2 the ""just in time"" economy has basically demanded that stationary Warehouses become extinct and all warehousing now is essentially mobile.  But ya get rid of those two problems and the article is bang on."|mabraham69|2022-02-19 19:40:09.894|0|2|article-truck-blockades-present-a-compelling-argument-for-moving-more-goods-by.json|globemail
How about India? They've embraced capitalism quite warmly and have a larger railway network than we do, all under government ownership. |djhaisell|2022-02-21 17:37:36.622|1|2|article-truck-blockades-present-a-compelling-argument-for-moving-more-goods-by.json|globemail
"The Canadian railways today haul more ""truck type freight"" than conventional trucking could ever dream of doing.  The longest trains leaving Vancouver heading East carry intermodal shipping containers. These containers carry the Asian manufactured consumer goods destined for our big box stores. The rail cars carrying the containers are dropped off at terminals across Canada.  At the terminal, the shipping container is off loaded from the rail car, placed on a truck, and delivered to the big box store.  The railways haul bulk commodities across the country. Potash, grain sulphur, etc. Trains also carry lumber and new automobiles. "|BC Thoughts|2022-02-19 21:49:00.308|0|2|article-truck-blockades-present-a-compelling-argument-for-moving-more-goods-by.json|globemail
Except we have to reserve train capacity for carrying oil.|app_69614698|2022-02-19 18:09:55.744|0|2|article-truck-blockades-present-a-compelling-argument-for-moving-more-goods-by.json|globemail
Hundreds and hundreds of billions to continue underpinning the vast national highway network which has no direct payback through the farebox.  Hundreds and hundreds of billions to maintain and expand the public urban road network merely to increase dependency on the most egregiously inefficient form of transport ever invented: the single occupant private car.  Cars take up so much city road space there's not enough left for commercial vehicles or transit.  Rail is far better, kilogram for kilogram, dollar for dollar and return on investment.|Urbana Borealis|2022-02-21 08:11:11.921|1|2|article-truck-blockades-present-a-compelling-argument-for-moving-more-goods-by.json|globemail
There are many many compelling reasons for moving more goods by rail.  This is just one of several.  Also for moving goods by ship in our inland waters.  We need an alternative to the 10s of thousands of deisel trucks on our highways.|Jane Ontario|2022-02-20 21:57:46.752|0|2|article-truck-blockades-present-a-compelling-argument-for-moving-more-goods-by.json|globemail
The rails are owned by huge corporations. The last thing our country needs is more power in the hands of the corporate elite. Trucks and trucking has been one of the last financially relevant areas that has been available to ordinary working people. Making everyone more dependent on government and corporate handouts, which is really the same thing, is only going to create more hostility and civil unrest. You can't take away all the power of the people and really believe they are going to accept it well. |brookie16|2022-02-20 13:12:43.325|0|2|article-truck-blockades-present-a-compelling-argument-for-moving-more-goods-by.json|globemail
Pipelines for food?|Richard Wright|2022-02-20 01:46:53.078|1|2|article-truck-blockades-present-a-compelling-argument-for-moving-more-goods-by.json|globemail
Amen to using trains because they can be a more environmentally friendly alternative to trucks.   And amen to needing less people to move large amounts of goods because we have fewer people to move goods.   But the malcontents who have a burning need to make innocent people suffer for their grievances will just block railways.   |Lisa Weber|2022-02-20 19:27:28.909|0|1|article-truck-blockades-present-a-compelling-argument-for-moving-more-goods-by.json|globemail
Truckers work for huge corporations and rarely own their own rigs, there's literally no difference, it's all corporate elite by your definition|Richard Wright|2022-02-20 14:49:17.856|1|1|article-truck-blockades-present-a-compelling-argument-for-moving-more-goods-by.json|globemail
Interesting argument, but not for the treasons mentioned here.  The author forgot that just a few months ago railways were blocked for weeks by native protesters. At that time Trudeau did nothing and Conservatives were calling for strong response.  Now the positions have been reversed.  What is needed is to enforce the law and put politics aside.   All native protesters and their supporters, who caused millions of dollars of damage to our economy, should have been punished.  Exactly the same thing should apply to all breaking the law during  blockades of the borders and Ottawa during the last few weeks.|Cedrowa|2022-02-20 17:15:29.861|0|1|article-truck-blockades-present-a-compelling-argument-for-moving-more-goods-by.json|globemail
Pipelines work too.  Take all of that tonnage out of rail that has migrated there on pipeline protests, and put it back into pipelines.  Presto - expanded rail capacity.|mikestjames|2022-02-21 15:43:05.459|0|1|article-truck-blockades-present-a-compelling-argument-for-moving-more-goods-by.json|globemail
More goods by rail? More goods to be blockaded by native disputes.|Bob Fournier|2022-02-20 17:17:08.198|0|1|article-truck-blockades-present-a-compelling-argument-for-moving-more-goods-by.json|globemail
Comments appear to be almost all negative towards this idea and author, alas. In the current and ongoing climate catastrophe, there is a need to reduce drastically and immediately carbon emissions, burning of fossil fuels. Having x000,s of large dangerous long haul vehicles on the road 24/7 driven by individuals pushed/harassed to deliver on time is inefficient and potentially disastrous.  |jkerr46|2022-02-21 14:43:44.947|0|1|article-truck-blockades-present-a-compelling-argument-for-moving-more-goods-by.json|globemail
Truck blockades present a more compelling argument for:   1. charging those blockading truckers with criminal offences that are a heck of a lot more serious than mischief; 2. immediate seizure and forfeiture of any trucks/vehicles that blockade Canada's most important international commercial border crossings; 3. facilitation by the courts of the certification and successful litigation (including Mareva injunctions) of class action suits against such blockaders.   Give me another minute or two and I'll come up with more to add to the list.|Allan19531|2022-02-20 18:49:09.951|0|1|article-truck-blockades-present-a-compelling-argument-for-moving-more-goods-by.json|globemail
"Next week the G&M will have an article:  ""Rail blockades present a compelling argument for moving more goods by truck"" "|Nelson100|2022-02-19 21:48:49.761|0|1|article-truck-blockades-present-a-compelling-argument-for-moving-more-goods-by.json|globemail
They are starting with Mischief charges for now. It will take months for the police to go through all of the video footage (I sure that much of that will actually be what the participants themselves have streamed).  All offences that have been recorded can be added later.|BB1960|2022-02-20 19:55:53.999|1|1|article-truck-blockades-present-a-compelling-argument-for-moving-more-goods-by.json|globemail
Thank you for this article, long overdue. The argument for rail is the most logical, cost effective, most environmentally friendly, most efficient. Rail makes sense between cities and from the US.  If the rail network with regional hubs which are distribution centres.  Distrubution to end users can then be done by electric vehicles.  The toll that all tlhese huge trucks take on our roads which their licenses do not cover the cost of wear and tear and congestion.  Having rail serve regional hubs will reduce the number of trucks on the roads, the wear and tear on our roads, the pollution caused and the grid lock that is caused by trucks.  Rail has been usurped because of lobbying by the automotive and oil & gas sectors.  We need to invest in fast passenger rail and efficient, robust trail network across our country. The only caveat,  there need to be measures in place to quickly move any protest movement from blocking the rail network.|app_65115117|2022-02-20 14:30:37.669|0|1|article-truck-blockades-present-a-compelling-argument-for-moving-more-goods-by.json|globemail
So it can be blocked at anytime like in 2020?|Kothar|2022-02-20 14:24:49.152|0|1|article-truck-blockades-present-a-compelling-argument-for-moving-more-goods-by.json|globemail
Billions upon billions to electrify the lines, billions and billions more to replace locomotives, billions to buy spare locomotives to handle surges. Hundreds of millions to add interchange sites to swap out out power at the border.  And on and on and on .... |Tryin' Hard|2022-02-21 06:32:29.679|1|1|article-truck-blockades-present-a-compelling-argument-for-moving-more-goods-by.json|globemail
Intermodal train transport to trucking hubs, twinning even tripling lines (one line could be high speed to get a load off the airports), tunnels through the Rockies and electrifying lines (if there is a reliable supply of electric energy) is in principle a good idea.  But were is the corporate and governmental will and foresight, let alone financing and getting social licence of the people impacted (land is needed to do something like that). Canada has by now a poor track record for overcoming such issues, would be nice though.|Hubert Birkner|2022-02-21 01:25:02.142|0|1|article-truck-blockades-present-a-compelling-argument-for-moving-more-goods-by.json|globemail
This article so incurs incorrect assumptions that I can't believe that it was printed without consulting someone with broad Logistics experience. I've worked for a railroad, a continent wide trucking company, and trucked a couple of million tonnes of bulk product annually for several years across western Canada. Training and experiences says that reversing 70 years of railroads shedding branch lines would cost trillions we don't have. Moreover, rail hasn't had the network reach, speed or flexibility to replace truck since the1970's, if then.  Clearly Mr. Patterson is unfamiliar with the complexity involved in the vast number of long distance multi-leg interconnected moves that trucks perform every day.  Truck sleeper teams have circumnavigated North America every six weeks continuously, in both flat deck and bulk liquid service.  As a practical risk management matter, you generally ship your relatively time and damage insensitive, lower unit cost, shortest replacement time, high volume, medium to high density goods between major hubs by rail. Time sensitive, damage sensitive, lower density, lower volume, higher unit cost, highly disaggregated distribution goods go by truck.    |SStevenson|2022-02-21 01:02:21.552|0|1|article-truck-blockades-present-a-compelling-argument-for-moving-more-goods-by.json|globemail
Indigenous groups and Extinction Rebellion LOVE railway blockades!  So, yeah, that'll work.|A Thousand Monkeys Typing|2022-02-21 00:35:49.799|0|1|article-truck-blockades-present-a-compelling-argument-for-moving-more-goods-by.json|globemail
As I understand it, trains in mountainous regions spend enormous energy to get up then 'waste' it on braking on the way down.  Electric trains would expend just as much energy getting up but could regenerate on the way down. I would also think that instead of having a series of locomotives pushing/pulling the train, there would be several cars interspersed along its length that would have motors underneath and cargo above - much like subway cars.  The usual caveat applies - I do not know what I am talking about. |Lawrence from Toronto|2022-02-21 00:14:29.816|0|1|article-truck-blockades-present-a-compelling-argument-for-moving-more-goods-by.json|globemail
No this is a Trump Plot that was very transparent from the start of the Convoy. It didn't take long to note his donors to the occupation.  He owns a fleet of trains. #LacMegantic #BirdBox.  Biggest no for me.|IsabelleMorgan|2022-02-19 15:17:53.725|1|1|article-truck-blockades-present-a-compelling-argument-for-moving-more-goods-by.json|globemail
Ha!  I can just imagine my Amazon package loaded on a freight car on a siding waiting for the next local freight train to come along and hook up the freight car.  Then the freight train trundles along to somewhere in the outskirts of Toronto where my package is offloaded to a railway warehouse.  From there it finally gets put on a truck for eventual delivery.  And let’s not forget this is a government owned railroad complete with the attendant work ethic.|Colchester2|2022-02-20 13:50:02.888|1|1|article-truck-blockades-present-a-compelling-argument-for-moving-more-goods-by.json|globemail
How do you measure efficiency?  Most people would agree that it is the lowest cost to do an activity.  That is why rail lines and spurs have been abandoned.  They are not an efficient means for moving most items.  At one time in Canada items were moved on rail then transferred to horse drawn wagons for final delivery.  That isn't done any more.  For similar reasons much rail shipment has been replaced by trucks.  They are more efficient.|George O.|2022-02-20 06:02:53.571|0|1|article-truck-blockades-present-a-compelling-argument-for-moving-more-goods-by.json|globemail
As long as trucks are truly paying for their share of highway construction and maintenance. Otherwise, trucking is subsidized which is an unfair competitive advantage. |Agnostic|2022-02-20 14:26:55.278|1|1|article-truck-blockades-present-a-compelling-argument-for-moving-more-goods-by.json|globemail
Has J.R put a dollar value on his dream?  |9401doug|2022-02-20 20:52:19.043|0|1|article-truck-blockades-present-a-compelling-argument-for-moving-more-goods-by.json|globemail
At least tractor-trailer traffic should be more closely regulated now that extremists have shown how easily these vehicles are weaponized.|truthismight|2022-02-19 20:18:01.043|0|1|article-truck-blockades-present-a-compelling-argument-for-moving-more-goods-by.json|globemail
The writer makes some good points.  But I'm old enough to remember rail strikes of the 1960s.  With only two companies providing coast-to-coast rail service, one grumpy union can quickly paralyze a large part of our economy. |app_68916973|2022-02-20 16:46:03.796|0|1|article-truck-blockades-present-a-compelling-argument-for-moving-more-goods-by.json|globemail
Many posters seem to be lacking vision about transportation. Rail is not the solution to everything, but it is underutilized,  and arguably technically outdated, in Canada right now. Better co-ordination between CN, CP and VIA would dramatically improve how people in Canada move by rail. (Interesting how GO in Ontario can move people by rail far cheaper and more effectively than VIA)  Finally, no mention was made of ships. Canada has a natural inland water corridor (St. Lawrence Seaway) than can connect any east coast port to major ports as far inland as Thunder Bay. Even further into the US. The container handling infrastructure along that waterway is minimal.|app_69988621|2022-02-21 15:47:19.252|0|1|article-truck-blockades-present-a-compelling-argument-for-moving-more-goods-by.json|globemail
This was my morning smile  Yes  How about India? They have a few more folks , maybe a reason for a few more trains.. But what made me smile was my memories of enjoying that wonderful IndianRailways passenger rail service experience . Have you enjoyed it?  Its quite warmly … |Pause Button|2022-02-21 18:18:34.358|1|1|article-truck-blockades-present-a-compelling-argument-for-moving-more-goods-by.json|globemail
I remember in the past that trains running across Canada used to have semi trailers on rail flat cars. The idea was to do the long haul by using rail  and then the trucks were used at the terminus to deliver locally-- seemed efficient and definitely a greener form of transport.|McDsmith|2022-02-21 17:02:51.075|0|1|article-truck-blockades-present-a-compelling-argument-for-moving-more-goods-by.json|globemail
Article is a knee jerk reaction to a situation, maybe author just wants to stir the pot.   The lesson from the truck blockade is clear, don’t put all your eggs is one basket. The trains run when the trucks stop and visa versa.  The pipelines run when the trains stop and visa versa……diversification is key. |NDJ2|2022-02-19 17:35:02.054|0|1|article-truck-blockades-present-a-compelling-argument-for-moving-more-goods-by.json|globemail
I said when this Convoy began exactly, This is why Trump contributed to the Freedom Convoy for his fleet of trains. #LacMegantic will tell you they never carry the proper insurance south of the border. Then they film your tragedy #BirdBox so biggest no ever digging in my heels.|IsabelleMorgan|2022-02-19 15:14:46.559|0|1|article-truck-blockades-present-a-compelling-argument-for-moving-more-goods-by.json|globemail
A legacy of colonialism, the network was ever thus. The author here is talking about nationalising private industry. I have zero faith in government improving the system or operating it more efficiently nor am I in favour of nationalising large industries generally. What next? Telcos etc? I'd rather see more competition than more government. |1066 and all that|2022-02-21 22:30:44.215|1|1|article-truck-blockades-present-a-compelling-argument-for-moving-more-goods-by.json|globemail
Brrr!  Mr. Patterson has a short memory.  At least in Ontario, rail traffic was held up by demonstrators near Belleville Ontario for quite some time.  And the response in both cases wasn't exactly prompt.  Increased rail traffic would no doubt increase the number of demonstrations for the same reason the border blockades were done.  To paralyze the flow of goods and services and embarrass the government.  I would agree if the Canadian federal and provincial governments ensures the rail traffic could flow unimpeded. |StuporDuck|2022-02-19 15:06:55.419|0|1|article-truck-blockades-present-a-compelling-argument-for-moving-more-goods-by.json|globemail
But definately not by pipeline right, the most efficient of ways to move certain goods cannot be considered. |Free_1|2022-02-19 17:06:45.151|0|1|article-truck-blockades-present-a-compelling-argument-for-moving-more-goods-by.json|globemail
I always enjoy reading articles by nostalgic, unreformed communists. Railways and heavy industry are some of their favourite talking points when it comes to government's role in directing/owning our economy and Russia, especially post 1917, re-90s Russia, is their model for development. Oh for the days of the tractor factory quota! Good for a laugh on a holiday Monday.  Meanwhile, to avoid tracks not being replaced or repaired, draw up good contracts. An obligation to fulfill certain requirements in the event of a calamity should address a company's reluctance to fulfill its responsibilities. No need to impose a failed economic system on the country to accomplish this.|1066 and all that|2022-02-21 16:16:49.768|0|1|article-truck-blockades-present-a-compelling-argument-for-moving-more-goods-by.json|globemail
..I was wondering why there was no aluminum foil at the grocery store today.|M. Grimaldi|2022-02-19 16:36:40.433|1|1|article-truck-blockades-present-a-compelling-argument-for-moving-more-goods-by.json|globemail
How about great Lakes Shipping for cross border movements?|dougiedorite|2022-02-19 18:43:10.491|0|1|article-truck-blockades-present-a-compelling-argument-for-moving-more-goods-by.json|globemail
1) We have plenty of rail and pipe capacity 2) The just in time economy went out the window this year.|sethdayal|2022-02-20 01:17:01.397|1|1|article-truck-blockades-present-a-compelling-argument-for-moving-more-goods-by.json|globemail
Mr. Patterson suggests nationalizing our efficient privately owned rail companies as part of the solution. He need only look at CN Rail and how bloated, over levered and inefficient it was for all the years the Feds owned it. They privatized it in 1995 and it has been an incredible success story ever since. The book written about the privatization process was entitled The Pig That Flew. That says it all about Crown Corporation efficiencies by Governments of any stripe in any industry. Currently Via Rail is an example of inefficiency as was Air Canada and Petro Canada before they were privatized. And of course we still have Canada Post. The combination of Government ownership and public sector unions simply does not fit with efficiency.  While I agree with Mr. Patterson's thesis that we should be using rail transportation to move more goods vs trucks, part of the problem is political because truckers vote and train owners don't. The cost and challenge of both upgrading and building new rail infrastructure is enormous but Government ownership surely isn't the solution unless you want another Trans Mountain Pipeline experience.  Be careful what you wish for!   Gordon Lackenbauer|Gordon Lackenbauer|2022-02-22 01:37:26.071|0|0|article-truck-blockades-present-a-compelling-argument-for-moving-more-goods-by.json|globemail
Maybe the truly professional truckers who didn't join this mob will sadly realize the potential implications of this careless attempt by others to represent the industry!|John England 1|2022-02-21 22:38:08.584|0|0|article-truck-blockades-present-a-compelling-argument-for-moving-more-goods-by.json|globemail
The blockade was a temporary tantrum. A better argument for moving more cargo to rail is the shortage of truck drivers that has been growing over the years. The shift to just-in-time delivery for more or less everything has led to a poor quality of life for drivers. Add in the lack of respect for trucks by other drivers on the road, the isolation, the wages, there's not much incentive to take on the job.  Regarding the last point, Canada used to have far more publicly owned rail infrastructure, but lost it when CN was privatized in the 90s. Now it's few and far between - GO/EXO-owned track, a stretch of VIA-owned track around Smith's Falls, Ontario Northland, the CN-operated former BC Rail tracks, a couple of municipally-owned shortlines, and Tshiuetin Rail Corporation in Quebec/Labrador. Somehow I can't see a government of either red or blue stripe renationalizing CN any time soon, so opportunities to increase publicly-owned rail infrastructure is going to be a challenge. |djhaisell|2022-02-21 17:35:10.359|0|0|article-truck-blockades-present-a-compelling-argument-for-moving-more-goods-by.json|globemail
How does J.R. assume that the rail companies can ever expect to get public stakeholder approval?  We essentially can't build anything in Canada anymore.|Tryin' Hard|2022-02-21 06:39:13.019|1|0|article-truck-blockades-present-a-compelling-argument-for-moving-more-goods-by.json|globemail
Re Rail Its a little late in the game .   |Pause Button|2022-02-21 18:13:56.198|0|0|article-truck-blockades-present-a-compelling-argument-for-moving-more-goods-by.json|globemail
On a dollar-for-dollar basis, CN is the most efficient, most profitable railroad on Earth. CP is not that far behind. . Why would anyone imagine for a second that nationalizing these two incredibly successful railroads would be an improvement? . . . Encouraging these two railroads to electrify is a good idea.  They are the two largest private sector purchasers of diesel fuel in Canada.  Electrification of their main lines would make them even more profitable.   . It is also a really good idea to help railroads reduce their average minimum profitable haul distance from roughly 500 miles (at present) to something closer to 250 miles. . The railroads are presently expanding the capacity of their existing lines, and adding (some) new track.  That hasn't happened on a large scale since prior to 1946. . But the idea that railroads should expand to reach un-serviced communities is not likely a good one.  Railroads excel at hauling large volumes of heavy things a long way, very inexpensively. But it takes close to 10 million ton-miles per mile of mainline for a railroad to be economically viable. . The railroads are presently doing an excellent job. . If it ain't broke, don't fix it.   |OldBanister|2022-02-20 20:27:40.673|0|0|article-truck-blockades-present-a-compelling-argument-for-moving-more-goods-by.json|globemail
Lisa - do you expect that a rail line will be built to deliver groceries to your local supermarket?|Retired Dude1|2022-02-21 02:40:50.990|1|0|article-truck-blockades-present-a-compelling-argument-for-moving-more-goods-by.json|globemail
We also need to stop ripping up existing tracks.|atbowler|2022-02-21 18:54:44.037|0|0|article-truck-blockades-present-a-compelling-argument-for-moving-more-goods-by.json|globemail
" I live in what was once known as ""Train Town"" in North Bay, Ontario. This community was a hub to North, South, East and West.  Our community sees not only a decline in commercial rail services, but also passenger services. What we do see is our highways with massive need of repair due to transport trucks wreaking damage on roads. Our rail system is also essential for health care. From Moosonee, Timmins, Cochrane and other Northern Ontario communities, people need rail to access medical care.  "|app_73610786|2022-02-21 22:22:11.297|0|0|article-truck-blockades-present-a-compelling-argument-for-moving-more-goods-by.json|globemail
Very pleased to see this topic discussed. Yes, we are over-reliant on highways (and trucks) and have not invested for adequate growth in rail transport. Indeed, a new era of rail development will be needed particularly in respect of environmental, energy and community rationalization.  One intermediate step would be to increase intermodal transportation of goods, with more road-rail transshipment nodes.  |Humble Economist 52|2022-02-20 18:53:01.682|0|0|article-truck-blockades-present-a-compelling-argument-for-moving-more-goods-by.json|globemail
I think we should improve our rail service to reduce the heavy vehicle traffic on our highways and to reduce GHG emissions.  However, we need to be realistic.  It would not necessarily eliminate obstruction of goods moving across the country.|Redwineisfine|2022-02-20 19:13:04.103|0|0|article-truck-blockades-present-a-compelling-argument-for-moving-more-goods-by.json|globemail
It is ironic that indigenous people and refugees are exempt the emergency measures act.|lucy102|2022-02-20 17:41:49.986|1|0|article-truck-blockades-present-a-compelling-argument-for-moving-more-goods-by.json|globemail
Maybe rail could move more goods. Sadly it is filled up with oil tanker cars. Oil could be shipped to the same destination by pipeline at less cost, less energy used, less risk to the public and with fewer emissions but alas that horse has left the barn. What we need is transportation systems built or at least operated with cost, safety and efficiency in mind. Again horses are long gone. Methods of transport fit for purpose is a very odd and outdated concept in these days of wok progressiveness supported by corporate greed. Want Ottawa to de-risk transportation? How's the TransMountain Pipeline working for you?|Edward161|2022-02-20 16:55:17.010|0|0|article-truck-blockades-present-a-compelling-argument-for-moving-more-goods-by.json|globemail
I have to wonder where a railroad company would find the empty real estate necessary to build a new line.  |Randall Leigh|2022-02-20 21:16:23.002|0|0|article-truck-blockades-present-a-compelling-argument-for-moving-more-goods-by.json|globemail
You're right about more charges to come but I believe there is already plenty of prima facie evidence currently available to have laid more serious charges.  On a related matter, the police decided to allow most of the trucks to leave rather than seizing them, a decision that was tactically correct from a policing point of view. However, if one believes that the independent trucking industry needs to have a greater number of  responsible driver-owners, seizing more of the vehicles of the rotten apples among them would have sent the right. message.|Allan19531|2022-02-20 20:32:44.627|1|0|article-truck-blockades-present-a-compelling-argument-for-moving-more-goods-by.json|globemail
I love the idea in theory, but here's the problem, the infrastructure is gone, a lot of branch lines were pulled up over 40 years ago on average, some rights of way became rail trails, others, reverted to private ownership. Railroads across North America made a decision at different points to get out of the less than boxcar load freight traffic and give it to trucking companies. Take for example along the CN main line from Toronto Union Station to about Aldershot. It's now owned by Metrolinx, the freight terminals just west of Toronto's downtown core became Roy Thompson Hall, Metro Hall, and later the CBC Broadcast Centre and whole host of office and condo towers.   |Bill Smith1|2022-02-21 23:45:35.955|0|0|article-truck-blockades-present-a-compelling-argument-for-moving-more-goods-by.json|globemail
"""Treasons"" interesting typo ( I assume). The lands indigenous people protested on were expropriated from them a century ago. Yet conservatives demanded law and order. The illegal actions of the demented few in ottawa who have listened to too much fox news are cheered on by those same conservatives. Try to tell me this is not the party of racists."|Guest_2386|2022-02-20 23:25:26.509|1|0|article-truck-blockades-present-a-compelling-argument-for-moving-more-goods-by.json|globemail
Has this author never heard of intermodal (container) service. Canada’s largest retailers including Loblaws, Walmart and Canadian Tire all make use of intermodal rail service to the extent of tens of thousands of container loads each year. Truck will always be the short haul mode of choice as rail spurs to every warehouse and manufacturer is very inefficient (financially as well as  transit time) but long haul intermodal moves between Eastern and Western Canada are very logical and occur today to a very large extent. Also the suggestion of nationalization of our rail network is scary. We’ve been down that path before and it resulted in a bloated inefficient Crown Corporation called CN that despite its public service mandate served almost nobody effectively at very high cost. Since privatization that has completely changed and they are the envy of the freight rail industry. While it is fair to criticize the abysmal passenger rail system in North America (which has to receive public funds to be effective), the freight rail system in North America is among the most efficient in the world.|Always Mobile|2022-02-22 01:13:51.414|0|0|article-truck-blockades-present-a-compelling-argument-for-moving-more-goods-by.json|globemail
I like this idea, but I suspect it wouldn’t be long before we’d have some yahoos blocking the rail lines….|Ponders|2022-02-21 23:03:25.541|0|0|article-truck-blockades-present-a-compelling-argument-for-moving-more-goods-by.json|globemail
Some times those diesel trucks are the only practicable way to move certain goods in a timely and efficient fashion.  Some folks are experimenting with other fuels as alternatives to pure-diesel - electric. hydrogen, bio-diesel, etc.|Retired Dude1|2022-02-21 00:15:30.557|1|0|article-truck-blockades-present-a-compelling-argument-for-moving-more-goods-by.json|globemail
Seem to remember the country being held hostage with a rail line blockade only two years ago.|Bishop in Toronto|2022-02-20 21:44:01.261|0|0|article-truck-blockades-present-a-compelling-argument-for-moving-more-goods-by.json|globemail
"""Rail is far better, kilogram for kilogram, dollar for dollar and return on investment.""  Is that why air cargo has done so well in recent years?  "|FRH1|2022-02-21 08:47:30.025|1|0|article-truck-blockades-present-a-compelling-argument-for-moving-more-goods-by.json|globemail
GO and VIA aren't exactly a fair comparison. The typical GO passenger is only on the train for an hour-hour and a half tops and has few expectations of comfort or amenities. I can't see anyone being happy sitting in a GO train coach for three or four hours, or overnight. |djhaisell|2022-02-21 17:44:12.480|1|0|article-truck-blockades-present-a-compelling-argument-for-moving-more-goods-by.json|globemail
"Having x000,s of large dangerous long haul vehicles on the road 24/7 driven by individuals pushed/harassed to deliver on time is inefficient and potentially disastrous  ""A total of 93 main-track derailments (Table 4) were reported in 2019, an increase from the 2018 total of 87, and 15% above the 10-year average of 81 (Figure 6). Twenty–four percent of the 93 main-track derailments occurred in British Columbia, 18% occurred in Alberta, and 18% occurred in Ontario.""  https://www.bst-tsb.gc.ca/eng/stats/rail/2019/sser-ssro-2019.html "|1066 and all that|2022-02-21 16:26:51.751|1|0|article-truck-blockades-present-a-compelling-argument-for-moving-more-goods-by.json|globemail
"The Mop & Pail has turned into a sort of old Russia ""Pravda"" where we can look for the latest idiotic notions from our national high school drama teacher.  "|FRH1|2022-02-21 08:50:28.656|0|0|article-truck-blockades-present-a-compelling-argument-for-moving-more-goods-by.json|globemail
Clearly written by someone who has never had to order a rail car ever.  Good luck with that.  Let me know how it works out for ya|app_69133708|2022-02-21 04:43:35.840|0|0|article-truck-blockades-present-a-compelling-argument-for-moving-more-goods-by.json|globemail
"Shocking that the G&M would publish such nonsense.  ""… we should pivot to nationalizing and sustainably expanding our railways …"" Because the government knows better than the free market how to most efficiently distribute goods. And because government can efficiently and ""sustainably"" build distribution infrastructure better than the private sector, just like the TMX pipeline experience has shown. A  nd Via Rail's lack of viability could be improved by throwing more government money at building more infrastructure to serve the complete lack of demand for rural passenger rail service.  Presumably the author is a bureaucrat or worse, a university professor. As Thomas Sowell says, some ideas are so bad, only an intellectual could believe them."|Ed Zibitinov|2022-02-21 04:11:27.391|0|0|article-truck-blockades-present-a-compelling-argument-for-moving-more-goods-by.json|globemail
You have to think back to the 60's?  In 2020 a few bums with lawnchairs and posters paralyzed the rail systems in Canada for weeks.|ALBERTA FIRST CDN FEDERALIST|2022-02-20 18:41:43.929|1|0|article-truck-blockades-present-a-compelling-argument-for-moving-more-goods-by.json|globemail
The silliest article in the Globe for months.  One indigenous protest could block a railroad for weeks.  And you can bet your boots that the emergency act wouldn't be called out for that. |Genghis McCann|2022-02-21 01:34:45.346|0|0|article-truck-blockades-present-a-compelling-argument-for-moving-more-goods-by.json|globemail
I have enjoyed travelling on India's trains. Third class was less fun but very educational. |1066 and all that|2022-02-21 22:31:20.947|1|0|article-truck-blockades-present-a-compelling-argument-for-moving-more-goods-by.json|globemail
Excise taxes on diesel more than pay for the road system. How do you intend to pay for the rail system without subsidies?|WesternPatriot|2022-02-21 16:55:03.586|1|0|article-truck-blockades-present-a-compelling-argument-for-moving-more-goods-by.json|globemail
It doesn't seem likely, but it wouldn't be the first time. What was CN, after all, but the government bailing out half a dozen private industries? |djhaisell|2022-02-22 03:28:17.450|1|0|article-truck-blockades-present-a-compelling-argument-for-moving-more-goods-by.json|globemail
It's very faulty thinking to believe that granting more power and control to huge railway corporations is going create a better country. Its just bad as believing that creating more and bigger government makes a better country. The more power and control you allow these organizations to accumulate the more dependent and insignificant citizens become. The least amount of government and corporate power and control ourcountry can get by with is the direction we should be striving to achieve. |brookie16|2022-02-20 21:46:20.324|0|0|article-truck-blockades-present-a-compelling-argument-for-moving-more-goods-by.json|globemail
"Your post brilliantly shows how media like the G&M really need more validation of the qualifications of those writing these ""opinion"" pieces before they print them."|Tryin' Hard|2022-02-21 06:35:16.680|1|0|article-truck-blockades-present-a-compelling-argument-for-moving-more-goods-by.json|globemail
I agree with the author. And there would be significant economies on the repairs of highways and urban infrastructures. With our harsh climate and the cycle of extreme cold followed by rain and then quick freezing, lessening our dépendance on heavy transport using those roads would be a plus. For example, if the Montreal expressways and bridges had not been over utilized by the more heavy truck traffic than anticipated caused by the just-in-time trend, re-building of the Champlain bridge and the Decarie exchange could have been postponed. There were days in the 2010’s when many kilometres of solid tractor trailers could be seen, even heavy wood logs transiting. Bringing goods by train to distribution centres or manufacturing sites and then using lighter trucks for local distribution could at least help.|Milamarc|2022-02-21 16:36:08.322|0|0|article-truck-blockades-present-a-compelling-argument-for-moving-more-goods-by.json|globemail
The RCMP seems to love breaking up small railway blockades more than orders-of-magnitude worse blockades of an entire city centre by trucks.  The blockade argument doesn't pass cursory scrutiny in opposing the suggestion our transport network could use some serious upgrading to meet 21st Century challenges and standards.|Urbana Borealis|2022-02-21 08:17:38.551|1|0|article-truck-blockades-present-a-compelling-argument-for-moving-more-goods-by.json|globemail
Given how poorly our government(s) handled the last rail blockade, you might want to think a bit longer on this one.|Top Level2|2022-02-21 16:49:54.157|0|0|article-truck-blockades-present-a-compelling-argument-for-moving-more-goods-by.json|globemail
Trains are more efficient than trucks.  No question.  The problem is that trucks have far more reach than trains because we have let the rail lines degrade over the past 50 years.|Skeptical Man|2022-02-21 03:28:51.564|1|0|article-truck-blockades-present-a-compelling-argument-for-moving-more-goods-by.json|globemail
Truck and rail transport exist in an almost symbiotic relationship complementing each other where there is only one practicable option.  Based on the number of train loads of containers that go by my condo on a daily basis, I would say that this argument is over and has been for years.|Retired Dude1|2022-02-20 22:03:52.746|0|0|article-truck-blockades-present-a-compelling-argument-for-moving-more-goods-by.json|globemail
"The problem is that the customer of truckload freight want trucks ... they don't want to wait for the extra time and extra steps that comes with ""local"" intermodal."|Tryin' Hard|2022-02-21 06:37:35.388|1|0|article-truck-blockades-present-a-compelling-argument-for-moving-more-goods-by.json|globemail
Airships, as long they fly high enough so turkeys with guns can't damage them.... |Qwls Mirror|2022-02-24 23:47:19.025|1|0|article-truck-blockades-present-a-compelling-argument-for-moving-more-goods-by.json|globemail
That still happens today but it is shipping containers that you see which are less obvious than trailer units.  At the destination the containers can be loaded on a trailer and it looks similar to a conventional tractor-trailer unit.|George O.|2022-02-21 18:27:39.257|1|0|article-truck-blockades-present-a-compelling-argument-for-moving-more-goods-by.json|globemail
I'm all for more rail as there are a lot of excellent arguments for Canada to upgrade its rail systems but blockades are clearly not one of them if we remember back a couple of years. Regardless of temporary disruptions we need to move forward in the spirit of the last spike and reinvigorate and re-imagine the possibilities that rail can bring to Canada. From hydrogen powered electric locomotives to vastly improved passenger rail. Unfortunately Canada suffers from an inability to do anything let alone major infrastructure projects so I think we'll see smaller local projects like the new passenger rail track from Calgary to Banff. |ckernzie|2022-02-21 02:21:53.165|0|0|article-truck-blockades-present-a-compelling-argument-for-moving-more-goods-by.json|globemail
Great initiative article!  Here are a few challenges for the rail future.  All tracks should have no crossings, same as our 400 series highways.  Consider 300 km/hour high speed trains, passenger and long distance freight.  Design time for Prince Rupert to Toronto in 1 day! I have enjoyed the high speed trains of Japan, France and so on.  Try them.  John Clark.|nexclark|2022-02-20 13:39:16.116|0|0|article-truck-blockades-present-a-compelling-argument-for-moving-more-goods-by.json|globemail
Rail freight is not practical for just in time manufacturing.  If anything is learned from the shutdown of the Ambassador bridge it should be how  the  beginning of the construction of another bridge right beside it is necessary.|Expectationzs|2022-02-20 16:41:14.970|0|0|article-truck-blockades-present-a-compelling-argument-for-moving-more-goods-by.json|globemail
One cannot help but note the contrast between the responses of the Trudeau liberals to a First Nations blockade of rail lines vs the trucker’s blockage of roads and bridges. I am not particularly a supporter of the causes that were being propounded by either group but this government’s weak, woke and cynical responses to both have eroded the faith of many Canadians in their country.|Robb English|2022-02-20 16:31:10.457|0|0|article-truck-blockades-present-a-compelling-argument-for-moving-more-goods-by.json|globemail
Did this imbecile ever watch a WW2 Commando film? What a logistical dunce! There are tens of thousands of kilometers of isolated rail lines that could be sabotaged at will. Then you need drop shippers to take the containers off the train to move them to their destinations. You know? Transport trucks. |Jack Chiavarini|2022-02-19 21:47:49.058|0|0|article-truck-blockades-present-a-compelling-argument-for-moving-more-goods-by.json|globemail
Wait till they stop the  trains. They will be taking rails home.Wouldnt be surprised if thats next. Then they will fill buckets with water , emptying the lakes so ships cant move..|RONDA|2022-02-19 21:06:35.834|0|0|article-truck-blockades-present-a-compelling-argument-for-moving-more-goods-by.json|globemail
No homelessness in Canada, eh?|Insidethewall|2022-02-20 03:08:42.871|1|0|article-truck-blockades-present-a-compelling-argument-for-moving-more-goods-by.json|globemail
4 times the population yet still poorer than canada |Richard Wright|2022-02-20 01:46:00.519|1|0|article-truck-blockades-present-a-compelling-argument-for-moving-more-goods-by.json|globemail
But the economy is smaller.|sethdayal|2022-02-20 01:15:27.482|1|0|article-truck-blockades-present-a-compelling-argument-for-moving-more-goods-by.json|globemail
And three more time zones, I think.|Ted Baker1|2022-02-19 21:39:50.648|1|0|article-truck-blockades-present-a-compelling-argument-for-moving-more-goods-by.json|globemail
Background checks for commercial licenses?|Agnostic|2022-02-20 14:40:12.936|1|0|article-truck-blockades-present-a-compelling-argument-for-moving-more-goods-by.json|globemail
This author doesn’t have a clue about the rail industry and the existing use of intermodal service. Actually Amazon makes extensive use of intermodal today - even owning their own fleet of containers for use in the US. But it’s a hub system where rail handles the long haul and truck does the short haul and it works well. If you bought an item from Amazon manufactured in Asia (which is pretty much everything) it has almost guaranteed sat on a train at some point (e.g. Port of Vancouver to a CP or CN inland terminals) but it was trucked from there to an Amazon DC and then of course final delivery by truck/van to customer. |Always Mobile|2022-02-22 01:39:32.871|1|0|article-truck-blockades-present-a-compelling-argument-for-moving-more-goods-by.json|globemail
No, the just-in-time economy will survive quite nicely.  There has been too much focus on supply chain breakdowns and not enough on how the system still worked generally in spite of the pandemic.|Colchester2|2022-02-20 13:42:43.055|1|0|article-truck-blockades-present-a-compelling-argument-for-moving-more-goods-by.json|globemail
Only those routes take the winter off.|17steve|2022-02-20 01:46:05.297|1|0|article-truck-blockades-present-a-compelling-argument-for-moving-more-goods-by.json|globemail
Until the natives, with the tacit support of theLiberal government, blockade the railroad|Peter Globe2|2022-02-19 18:18:49.035|0|0|article-truck-blockades-present-a-compelling-argument-for-moving-more-goods-by.json|globemail
even better, use ships which go almost to the centre of our country in Thunder Bay. That is, except nuclear waste which is too dangerous and shouldn't be transported.|mineshaft|2022-02-19 18:11:57.991|0|0|article-truck-blockades-present-a-compelling-argument-for-moving-more-goods-by.json|globemail
Not much.|sethdayal|2022-02-20 01:17:32.842|1|0|article-truck-blockades-present-a-compelling-argument-for-moving-more-goods-by.json|globemail
Yes because apparently pipelines are soooo dangerous.|IanT49|2022-02-19 23:24:04.455|1|0|article-truck-blockades-present-a-compelling-argument-for-moving-more-goods-by.json|globemail
Setting aside the impracticalities of nationalizing two of the largest corporations in Canada with extensive operations in the US and Mexico, I would assume that a diffuse system of roadways would be less susceptible to economic barricades than single track infrastructure assets like rail lines or pipelines.|frank_sobotka|2022-02-19 17:40:52.774|0|0|article-truck-blockades-present-a-compelling-argument-for-moving-more-goods-by.json|globemail
Except after BC flooding when everything stops running.|IanT49|2022-02-19 23:25:00.325|1|0|article-truck-blockades-present-a-compelling-argument-for-moving-more-goods-by.json|globemail
"""Truck blockades present a compelling argument for moving more goods by rail""  Sure, because activists in Canada never blockade the train tracks.  Next!"|Doctor Demento|2022-02-19 17:31:21.066|0|0|article-truck-blockades-present-a-compelling-argument-for-moving-more-goods-by.json|globemail
So nationalizing private industry is your answer.... The TMX pipeline nationalized did not work out so well for us...$23 Billion down the drain so far....Governments are not then answer... Just look at the mess they have created....|BMC9689|2022-02-19 17:18:21.689|0|0|article-truck-blockades-present-a-compelling-argument-for-moving-more-goods-by.json|globemail
You do know that there is a lot of oil transported by rail? |Reality77|2022-02-20 18:07:34.551|1|0|article-truck-blockades-present-a-compelling-argument-for-moving-more-goods-by.json|globemail
Soylent black. Made from genuine tailing pond plankton! |VirtualMachine|2022-02-20 05:03:06.152|1|0|article-truck-blockades-present-a-compelling-argument-for-moving-more-goods-by.json|globemail
And thus leave ourselves even more vulnerable to rail blockades...|Goober|2022-02-19 16:52:48.924|0|0|article-truck-blockades-present-a-compelling-argument-for-moving-more-goods-by.json|globemail
Only in this country does one look at the response to socialist psychopath and then argue for more socialism.   What's happened to this place...|M. Grimaldi|2022-02-19 16:35:51.499|0|0|article-truck-blockades-present-a-compelling-argument-for-moving-more-goods-by.json|globemail
I am sure in 2020 there were articles saying we should move more goods by trucks, since rail is still unreliable. Typical knee jerk reaction from an ‘expert’ that wants to push their pet project. |Practical Guy from Alberta|2022-02-19 22:29:38.065|1|0|article-truck-blockades-present-a-compelling-argument-for-moving-more-goods-by.json|globemail
That blockade also should have been broken up posted haste.|mabraham69|2022-02-19 19:42:33.416|1|0|article-truck-blockades-present-a-compelling-argument-for-moving-more-goods-by.json|globemail
The truck convoy started January 14th in Prince Rupert, BC. |Rock Doctor|2022-02-19 17:35:30.130|1|0|article-truck-blockades-present-a-compelling-argument-for-moving-more-goods-by.json|globemail
Even without any demonstrations, shipping by rail is not exactly timely. Just like airlines railways use hub systems, I remember the chaos caused by floods in the mid west a number of years ago. Freight (no matter what its point of origin) ran weeks late.|Cumbrian|2022-02-20 05:15:44.224|1|0|article-truck-blockades-present-a-compelling-argument-for-moving-more-goods-by.json|globemail
Finally, a sensible solution: sustainable and cost effective (if done properly) and will provide good jobs.|JWESSELIUS|2022-02-19 14:37:03.119|0|0|article-truck-blockades-present-a-compelling-argument-for-moving-more-goods-by.json|globemail
Via is at the mercy of CN Rail. Via trains get to wait for freight trains to pass. Hence Via is late.|dougiedorite|2022-02-19 18:42:00.271|1|0|article-truck-blockades-present-a-compelling-argument-for-moving-more-goods-by.json|globemail
And there was I thinking the shortage was because all the truckers were in Ottawa.|Rock Doctor|2022-02-19 17:30:18.026|1|0|article-truck-blockades-present-a-compelling-argument-for-moving-more-goods-by.json|globemail
LOL!|app_68857773|2022-02-19 23:58:12.042|1|0|article-truck-blockades-present-a-compelling-argument-for-moving-more-goods-by.json|globemail
It makes sense. Assign long haulage to rail, short to trucks. Let trucks do what they do best .. haul those final kilometers.|Agnostic|2022-02-20 14:39:08.913|1|0|article-truck-blockades-present-a-compelling-argument-for-moving-more-goods-by.json|globemail
Well said @BC Thoughts  There is an excellent supply chain now between Ocean, Rail and Truck and some journalist wades in at 30,000' and says we should ship more by rail. Companies are not stupid and look at all options to bring efficiencies to their supply chains.  BTW, would the journalist also like to wade into the very emotional CN Rail Hub that is proposed for the Milton area? More rail = more hub capacity. Come on down from 30,000' and tell us exactly where you stand on this issue. |Reality77|2022-02-20 18:16:18.808|1|0|article-truck-blockades-present-a-compelling-argument-for-moving-more-goods-by.json|globemail
We need to utilize all means of transporation including rail, because due to an excessive emphasis on rights in this country at the expense of actual freedoms we never know what nutjob is going to blockade something next.  Put a 2 hours limit on all protests, no vehicles, have the organizer post a $20,000 bond and require a permit. So done with protests that turn into uprisings. If we don't get this under control there will be no freedoms for anyone.  Better build more prisons too.   |app_73140336|2022-02-20 05:48:42.638|0|0|article-truck-blockades-present-a-compelling-argument-for-moving-more-goods-by.json|globemail
Well at least until FN blockade the rail lines again.|Zakrat|2022-02-20 16:02:56.748|0|0|article-truck-blockades-present-a-compelling-argument-for-moving-more-goods-by.json|globemail
Tying the case for more railways to the recent blockades is the article's unfortunate weakness. Cut that topical lead and we are left with a thoughtful article that makes a compelling case for more rail transport from environmental and social perspectives. |independentlypoor|2022-02-20 15:03:49.943|0|0|article-truck-blockades-present-a-compelling-argument-for-moving-more-goods-by.json|globemail
Agreed, but what is the plan to prevent, deter, investigate and prosecute those who have been blocking, vandalizing and sabotaging rail  lines with impunity the last six years?  Most of the attacks go unreported by the Government of Canada, or the media refuses to report them.|From Sea to Sea|2022-02-20 15:01:51.902|0|0|article-truck-blockades-present-a-compelling-argument-for-moving-more-goods-by.json|globemail
Right, because the railways have never been blockaded by protesters.  https://en.wikipedia.org/wiki/2020_Canadian_pipeline_and_railway_protests  |DJN1|2022-02-20 14:33:52.052|0|0|article-truck-blockades-present-a-compelling-argument-for-moving-more-goods-by.json|globemail
"I'd like to see some evidence of the rail being ""usurped because of lobbying by the automotive and oil & gas sectors.""  In my experience trucks have taken over the freight-shipment business (when was the last time you saw a box car?) because it's quicker and in many ways more efficient.  If I want to send something from Vancouver to Calgary, a truck will pick it up at my place of business, and barring mishap, can be at it final destination in Calgary within 24 hours.  If by rail, I need one truck to get the goods to the railyards, and then another to get it from the Calgary railyards to destination.  "|app_68916973|2022-02-20 16:54:49.195|1|0|article-truck-blockades-present-a-compelling-argument-for-moving-more-goods-by.json|globemail
and Blocked for a long time as Justin would not use the Extreme measures act for rail blockers.|Geomc10|2022-02-20 17:36:09.616|1|0|article-truck-blockades-present-a-compelling-argument-for-moving-more-goods-by.json|globemail
Great idea!   Let’s be more efficient like Russia!  Is this piece in the humorous section?|kreskin|2022-02-20 13:31:14.226|0|0|article-truck-blockades-present-a-compelling-argument-for-moving-more-goods-by.json|globemail
Many if not most truckers are self employed or work for smaller trucking companies. At the very least these smaller operators keep the large trucking corporations from completely dictating. Capitalism at the smaller business level is productive and  wonderful for any society but capitalism at the huge corporate level is always oppressive and destructive for any society. |brookie16|2022-02-20 16:23:08.626|1|0|article-truck-blockades-present-a-compelling-argument-for-moving-more-goods-by.json|globemail
It has been the large automotive sector and the oil & gas sector who have destroyed our rail network.  Road transport costs too much, is inefficient, is environmentally damaging.  Design a hub and spoke network of rail that is a public private partnership for our governments to invest in.  Regional distribution centres using evehicles to end users will enable us to provide, efficient, clean distribution, rather than the inefficient, costly trucking network that the automotive and oil & gas sector lobby for every day.   |app_65115117|2022-02-20 14:34:00.279|1|0|article-truck-blockades-present-a-compelling-argument-for-moving-more-goods-by.json|globemail
Rail should be enhanced in this country. The fed should spend on this and other infrastructure instead of focusing on wealth re-distribution.|capeskeggs|2022-02-20 12:40:34.637|0|0|article-truck-blockades-present-a-compelling-argument-for-moving-more-goods-by.json|globemail
So we should spend public money on trains to nowhere?|MyOwnAccount|2022-02-20 09:37:43.722|0|0|article-truck-blockades-present-a-compelling-argument-for-moving-more-goods-by.json|globemail
"We need to pursue far more criminal prosecutions against anyone and everyone who blocks a public road, railway, pipeline etc. for whatever political or personal reason. No exceptions, big fines, jail times and criminal records should be the result of illegal activities. It's time ""peace, order and good government"" was taken seriously. From a former conservative party member and donor. "|jpcrow|2022-02-20 06:20:03.402|0|0|article-truck-blockades-present-a-compelling-argument-for-moving-more-goods-by.json|globemail
Dear Agnostic, Its the other way around. You're driving your personal vehicle on the intercity roads that the trucks paid for. As a matter of fact, they do own the road. You clearly have no clue the vast amount of taxes that commercial trucks pay.  Business tax, fuel tax, registration tax, sales tax, tire recycling tax. Employee income taxes. Who is going to pay for the massive revenue drop to Government if you suddenly switch large volumes of goods to rail? You and I will, that's who.|SStevenson|2022-02-21 00:14:44.210|1|0|article-truck-blockades-present-a-compelling-argument-for-moving-more-goods-by.json|globemail
If anything this has really brought to light the Achilles heel of Canada and how quickly we can be impacted by a couple of blockades. I was surprised that our version of Homeland Security, we do have one right? Didn’t recognize what was about to play out, the implications, and a play book pre written to defend against it.  As for railways, two tracks basically cover the country from the ports. Block YVR and YYZ ports, the St Lawrence, block two railway tracks and the Ambassador bridge we’d be crushed. |reynolds5|2022-02-20 05:04:58.519|0|0|article-truck-blockades-present-a-compelling-argument-for-moving-more-goods-by.json|globemail
This sounds great. Right up to the time that the annual First Nations blockades start .|DonnaF2|2022-02-19 21:53:18.756|0|0|article-truck-blockades-present-a-compelling-argument-for-moving-more-goods-by.json|globemail
Or don't hire incompetent police chiefs that allow this to happen. |Ric M1|2022-02-20 04:42:53.767|0|0|article-truck-blockades-present-a-compelling-argument-for-moving-more-goods-by.json|globemail
Forget about rail. The elephant in the room is that autonomous trucks are already in limited use, and will soon become widespread.   The irony is that these arrogant selfish truckers have only hastened the demise of their profession by making it painfully obvious that the best truck is one without a driver. And semiconductors can do that.|arrbee|2022-02-20 04:34:11.347|0|0|article-truck-blockades-present-a-compelling-argument-for-moving-more-goods-by.json|globemail
Much of the public is also no longer willing to harm the environment with 12 to 40 plastic containers per year when bulk buying could reduce this number to a few. Removing packaging would also remove the need for much transport . Even companies like Amzn mostly deliver in envelopes now, many being paper ones. We need a faster pace of change.|Westerlies44|2022-02-20 04:26:19.080|0|0|article-truck-blockades-present-a-compelling-argument-for-moving-more-goods-by.json|globemail
I have to wonder if the author has ever shipped freight by rail. Anything time sensitive can be a challenge.  shipping by rail to local terminals for off loading to delivery trucks can make economic sense but not for time sensitive articles.|Cumbrian|2022-02-20 03:58:45.014|0|0|article-truck-blockades-present-a-compelling-argument-for-moving-more-goods-by.json|globemail
In 2020 the indigenous rail blockades made a good case for delivery by drone.|HW01|2022-02-20 02:24:23.252|0|0|article-truck-blockades-present-a-compelling-argument-for-moving-more-goods-by.json|globemail
Yes indeed. Rails and maybe sails while we're at it. |Moseby1|2022-02-20 01:55:02.906|0|0|article-truck-blockades-present-a-compelling-argument-for-moving-more-goods-by.json|globemail
Yes, Canada now has a major transport problem. Canada has the worlds longest coast line and is the second biggest in size with a small 36 million population. Because of this should never have done what England and the US did when the unions- who ruined all our economies were trashed and we all emulated the US's success with its version of capitalism and trashed unions. Now US capitalists do the same as unions did. The  federal government needs to take the lead a plan national and North American transport systems and services operating in a national/international  transport corridor. Civilian and military heavy transport needs overlap. Spread the costs between both to reduce private sector costs to a reasonable level, say like Europe. Germany, Russia and China already operate Siemens high speed - 350kpm electric trains. Directed contracts - in the nations best interests- should be used. One Pacific Corridor from Alaska to Mexico. Another just south of the Arctic Circle and its melting permafrost to link Pacific and Atlantic markets. Build them like we did in WW2. Use the military - in the nations bests interests. Let them operate them as well. Who wants CN or Pacific National?|oldwillum|2022-02-20 00:11:46.363|0|0|article-truck-blockades-present-a-compelling-argument-for-moving-more-goods-by.json|globemail
I like it, trails back to rails.|SB26|2022-02-20 00:09:58.787|0|0|article-truck-blockades-present-a-compelling-argument-for-moving-more-goods-by.json|globemail
Pretty stupid argument.... as if rail couldn't be tampered with.... The Globe and Mail is not up to standards...  |Keen NLer|2022-02-20 00:01:07.425|0|0|article-truck-blockades-present-a-compelling-argument-for-moving-more-goods-by.json|globemail
Pretty well the dumbest article ever published in the G&M!|app_68857773|2022-02-19 23:59:24.574|0|0|article-truck-blockades-present-a-compelling-argument-for-moving-more-goods-by.json|globemail
I thought Bombardier had closed its railcar manufacturing facilities in Canada but wikipedia says there is still one in Thunder Bay. |Alison_D|2022-02-19 23:25:11.337|0|0|article-truck-blockades-present-a-compelling-argument-for-moving-more-goods-by.json|globemail
Great idea. Add airplanes to the list -anything to get the goons in rigs off our streets|prairiejo|2022-02-19 22:50:40.304|0|0|article-truck-blockades-present-a-compelling-argument-for-moving-more-goods-by.json|globemail
"""Truck blockades present a compelling argument for moving more goods by rail.""  Perhaps, but only when the wokest national leader in history is, well, history. "|A.E. Neuman|2022-02-19 21:57:47.684|0|0|article-truck-blockades-present-a-compelling-argument-for-moving-more-goods-by.json|globemail
Japan has by far and away the most extensive railway system in the world relative to landmass and the most efficient. Its passenger system is world famous, with bullet trains and regular passenger trains running every few minutes through multitrack stations, even giving notes for passengers to give to employers when trains are late. However, its freight system is equally impressive, even if less known to the world.   Nonetheless, half the freight carried in Japan is still carried by truck. Trucks have more flexibility for shipping loads of all sorts of sizes and and road systems will alway be more extensive and go to more places than trains.   Moreover, Japan privatized its rail system years ago. That was seen as essential to its continued modernization and efficiency. Even most of the Tokyo subway system is privatized. The last time I was in Japan, the year before the pandemic, i was zipping around Tokyo in modern refreshed comfort in spotless cars while reading about the massive air conditioning failure in the TTC and the massive sweating and breathing issues faced by Torontonians underground. |BRUCEHUNTER3|2022-02-22 15:49:47.139|0|0|article-truck-blockades-present-a-compelling-argument-for-moving-more-goods-by.json|globemail
