﻿comment|username|datetime|isreply|num_replies|post_id|label
The protesters are parked right in front of my building, so I am living this first hand. It is nowhere as bad as the media is presenting it. On Saturday I walked all over the city where the trucks were parked and also visited Parliament Hill. I found the protesters to be a friendly group of people, anxious to give their point of view and explain why they are in Ottawa. There were families and children playing hockey. As for racism, I chatted with a number of Sikhs who were part of the protest. Their rally poses no measurable risk to the city. The only escalation that is in the offing has been the Mayor's decision to echo the PM's hateful, divisive rhetoric and the police chief's appalling and unconstitutional statements about people are simply exercising their Charter rights of freedom of expression, assembly and association.   The protesters are not engaging in violence and there is reasonable prospect of it happening.  If violence comes it will be at the instigation of the government and its ill led and misinformed employees.  Our leadership is arrogant and ideologically possessed, and is intellectually and morally incapable of admitting error. |SirHarryFlashmanVC|2022-02-08 02:55:00.407|0|7|article-ottawa-mayor-wants-more-help-to-take-back-the-streets.json|globemail
"""On Sunday, Ottawa police announced that they would begin arresting anyone who attempted to bring material aid, such as fuel, to the protesters.""  Under what charge?   "|ALBERTA FIRST CDN FEDERALIST|2022-02-08 06:28:59.579|0|6|article-ottawa-mayor-wants-more-help-to-take-back-the-streets.json|globemail
From the horses mouth:  To our Fellow Canadians, the time for political over reach is over. Our current government is implementing rules and mandates that are destroying the foundation of our businesses, industries and livelihoods. Canadians have been integral to the fabric of humanity in many ways that have shaped the planet. We are a peaceful country that has helped protect nations across the globe from tyrannical governments who oppressed their people, and now it seems it is happening here.  We are taking our fight to the doorsteps of our Federal Government and demanding that they cease all mandates against its people. Small businesses are being destroyed, homes are being destroyed, and people are being mistreated and denied fundamental necessities to survive. It's our duty as Canadians to put an end to this mandates. It is imperative that this happens because if we don't our country will no longer be the country we have come to love. We are doing this for our future Generations and to regain our lives back.  Nothing there about overthrowing the government.  Sorry.|BruiseKnee|2022-02-08 15:08:51.808|0|6|article-ottawa-mayor-wants-more-help-to-take-back-the-streets.json|globemail
What do the truckers, officers, military  and tow truck drivers ALLLL have a in common ?  You got it - they ALLLL loath Trudeau  |Rochdale68|2022-02-08 10:47:33.973|0|4|article-ottawa-mayor-wants-more-help-to-take-back-the-streets.json|globemail
Bouncy Castles, trash pick up, snow shoveling, free food, music, dancing etc are now signs of an insurrection?  Get real people! You live in the nation's capital protests happen. |CDickens|2022-02-08 09:18:49.077|0|4|article-ottawa-mayor-wants-more-help-to-take-back-the-streets.json|globemail
A State of emergency has been declared - the City of Ottawa should:  1. Restrict people from entering the demonstration area.  If people need to eat, they should leave the area and not be allowed to return (even if their vehicle is still in place)  2. Impose a Curfew at 12:00 noon and arrest anyone who is either on the street or inside a vehicle in the area.  3. Impound all vehicles (take the keys) and leave them where they are parked - charging the owners a fine of $1000 per day.  4. Give the demonstrators 24 hours notice and assure them that the City is not bluffing.    This is a City of Ottawa problem - not the Government of Canada. Trudeau should not acknowledge them in any way. The Government should continue as if the demonstrators are not even there - business as usual.  If the Federal or Provincial governments provide any resources to assist, it should be at the City's request - and the City should take the lead on this.   |Rocksteady|2022-02-08 03:40:18.530|0|4|article-ottawa-mayor-wants-more-help-to-take-back-the-streets.json|globemail
"""The mayor added that 1,800 additional police personnel are required to “quell the insurrection that the Ottawa Police Service is not able to contain""  Insurrection?  A violent attack against government like January 6th in the USA?  Get a grip, mister mayor."|Doctor Demento|2022-02-08 03:16:09.297|0|4|article-ottawa-mayor-wants-more-help-to-take-back-the-streets.json|globemail
Hi Bob:  A third-party website, hosting a wacky memo written last year, means nothing.  Here is the Convoy's home page. Where is the insurrection talk there? Again, if the goal was an insurrection, you'd figure it would be front-and-center.  https://www.facebook.com/Freedom-Convoy-2022-100286905896085/ |CookeV|2022-02-08 12:39:49.941|1|4|article-ottawa-mayor-wants-more-help-to-take-back-the-streets.json|globemail
The inaction of the Ottawa Police is simply inexcusable.  One thousand officers can’t deal with 300-500 trucks.   Hooligans break the law in front of a group of them and they  do squat.  Reminds me of US police forces standing by and supporting Far Right groups in U.S. demonstrations.    |Canadalover1|2022-02-08 02:40:06.234|0|3|article-ottawa-mayor-wants-more-help-to-take-back-the-streets.json|globemail
The problem you have, and you can see it in the language from the Ottawa mayor, is that the perception and the reality differ.   The reality is while this protest is overwhelmingly annoying, the perception - or at least the perception some want you to believe - is that the protest is overwhelmingly violent, unlawful or dangerous.   This is over and above the other perception, which is that the demands of the protest are unreasonable. Indeed, the demand to eliminate all ‘public health’ mandates, given current vaccination rates, is far from unreasonable but rather an important part of a debate we should be having right now.   Thus, instead of engaging in this political nonsense, the best way to clear this protest out is to recognize that it is time to look at removing mandates at all levels. |M. Grimaldi|2022-02-08 03:26:12.609|0|3|article-ottawa-mayor-wants-more-help-to-take-back-the-streets.json|globemail
"Ottawa police continue to ignore orders from Chief Sloly. Fuel deliveries to the convoy still occur right in front of the police’s eyes even though Sloly ordered that they be arrested. If this is indeed insubordination, is it a deliberate slap in the face by police to Chief Sloly and Ottawa residents? With ""defund the police"" and BLM signs posted on street corners and further encouraged by the media, you wonder if the cops have felt unappreciated and even hated by some Ottawa residents and various governments. While I deplore the current inaction by the Ottawa police, would you risk your life to protect a society that has openly loathed you for years? Let's hope that the RCMP and military don't feel similarly ostracized because they are Ottawa's last resorts. Perhaps the woke media, the public and their governments should have thought twice before often unfairly biting the hands of those that protect us (or at least used to)."|Thinking Ahead|2022-02-08 05:10:42.767|0|3|article-ottawa-mayor-wants-more-help-to-take-back-the-streets.json|globemail
Trudeau banned plastic straws. What else do you want him to do this year.|Toosoon|2022-02-08 14:09:54.827|0|3|article-ottawa-mayor-wants-more-help-to-take-back-the-streets.json|globemail
If you have been following closely, you would know that the Police Service worked closely with the organizers who specifically indicated it would be a three day event.|J. K. Galbraith|2022-02-08 03:58:16.011|1|3|article-ottawa-mayor-wants-more-help-to-take-back-the-streets.json|globemail
Have any of you heard the interviews as the leaders sit in their comfortable hotel room....smug.....in control.....self-serving?  Steve Bannon wannabes or someone like him.  Regardless, they are feeling very pleased with themselves.  Life is good...someone is actually putting a microphone in front of me.  Have you ever noticed the gleam in Steve Bannon's eyes when the camera catches him coming or going?  Such people live to intimidate.|Judith M.|2022-02-08 06:31:15.948|0|3|article-ottawa-mayor-wants-more-help-to-take-back-the-streets.json|globemail
A cup of sugar in the gas tank during the night delivers an effective message.|Valzar|2022-02-08 12:16:50.480|0|3|article-ottawa-mayor-wants-more-help-to-take-back-the-streets.json|globemail
Ottawa may be in Canada but from Government  actions towards these peaceful protestors you would think Chairman Xi Jinping was running our Government action on behalf of PM Trudeau. |Jack Reacher|2022-02-08 06:45:35.517|0|3|article-ottawa-mayor-wants-more-help-to-take-back-the-streets.json|globemail
Two thousand additional officers on top of the 375 OPP and RCMP staff already sent and the existing roster of City of Ottawa police (1,200 + 900 other personnel).  Given that there are around 11,000 protesters(obtained from a CBC report) in Ottawa, it appears there would be a ratio of a little over 2 protesters for every officer or support staff.  That seems like an excessive number of officers required.    I noticed something else of interest from an earlier article.  The Ottawa police chief mentioned a problem with getting adequate tow trucks to deal with the blockages.  Given that the protest is a little over a week old, why haven't the various levels of government got their heads together to arrange for more to be brought in.  They knew the protesters were coming well in advance but no one, not even the 'Emergency Preparedness Minister', gave any thought about a most basic issue - enough tow trucks.  Is it any wonder the situation has become a costly shambles?.  It seems like everyone involved was caught with their pants down.|StuporDuck|2022-02-08 02:48:10.837|0|3|article-ottawa-mayor-wants-more-help-to-take-back-the-streets.json|globemail
Hilarious to watch all the 'mostly peaceful protest' police defunders, for years, suddenly become law and order social conservatives demanding military action the first week that the 'other side' protests, even with no burning, no looting, and no murder.  You are all worse than Trump now, by your own yardsticks.  When the hooting starts, the shooting starts, am-I-rite?  Send in the troops.  We want 'soldiers in our streets, with guns' now!    If it wasn't for double standards, there'd be no standards at all. |BruiseKnee|2022-02-08 07:56:44.707|0|3|article-ottawa-mayor-wants-more-help-to-take-back-the-streets.json|globemail
"""Canadians want help to take back their country from the Liberal Party.""  There, I fixed the headline for you. You're welcome."|Guido83|2022-02-08 16:41:24.178|0|3|article-ottawa-mayor-wants-more-help-to-take-back-the-streets.json|globemail
This is a very complex problem with no easy solutions.  The federal government, provincial government and even the municipal government are trying to be patient and let the truckers and other protestors get tired enough that they will drift off homeward. That would be the best thing.  The last thing that anyone wants is for the police to be forced to act in a heavy-handed way that would see someone get hurt. Sadly, the protestors have painted themselves into an all-or-nothing position and when they should be considering the long-term impact of their actions on themselves, their families, and their livelihoods; they are doubling down on a plan that will not end well.   I notice that some of the key organizers are ex-RCMP members and so they will have some insight into how the Police will act and can anticipate when some kinetic actions will begin.    Eventually the Public Safety Minister must act and will call in the Army to come and sort out this mess. If the organizers of the protest are at all smart they will realize that they have reached a tipping point and it might be best for them to call it a day and go home. If they decide to stay, the Army will be less than gentle. |L. E. Irvine|2022-02-08 15:51:42.138|0|2|article-ottawa-mayor-wants-more-help-to-take-back-the-streets.json|globemail
White Privilege.   This has already be labeled an occupation.    If this was anything else - ie. Black, Brown, Native -  someone would be shot. Thats what the police do.  Selective Action.   - like those on Jan 6 in Washington.   And wait - when there is some type of inquiry, this will be dragged on and nothing will happen.   |Bradley031|2022-02-08 03:17:47.230|0|2|article-ottawa-mayor-wants-more-help-to-take-back-the-streets.json|globemail
Canadian Unity Code Of Conduct - find the lies. And seditious statements.   Violence ONLY begets violence. In the event of violence, threat of violence, disengage and inform an officer. Be kind and respectful towards you fellow Canadians & International supporters  We are working with the police and other local authorities to help ensure public safety, we ask that all individuals be on their best behavior while spreading the message of unity, love & forgiveness.  It is time to take back & heal our country for these & future generations.  The Canada Unity Freedom Convoy Condemns ALL Hate Symbols. Individuals who are expressing messages of HATE and division are NOT members of the BearHug movement. Those individuals DO NOT represent the Values and Code of Conduct by BearHug Participants.|RTS62|2022-02-08 16:37:16.076|0|2|article-ottawa-mayor-wants-more-help-to-take-back-the-streets.json|globemail
The old Chinese saying is that the journey of a thousand miles begins with the first step. The Ottawa Police are so intimidated by the task that they have not even taken the first step of removing any trucks. It is complete impotence and abdication of duty.|zuglo9|2022-02-08 04:23:46.821|0|2|article-ottawa-mayor-wants-more-help-to-take-back-the-streets.json|globemail
"Sloly defended his officers' inactions by saying that ""if they try to make an arrest they could be swarmed by 100 demonstrators"".  If that's the case, the cops should defend themselves.  Put snipers on roofs to shoot anyone who tries to attack a cop.  THAT type of protection will allow the police to do their jobs."|Thinking Ahead|2022-02-08 05:42:17.120|0|2|article-ottawa-mayor-wants-more-help-to-take-back-the-streets.json|globemail
The Silent Majority - A modest proposal.  Put on your n95 masks and something red and white to show your loyalty in that typically unflagging-waving Canadian way. God how the wrap-yourself-in-the-flag types turn my stomach. Then go where the occupiers are and silently watch them. No counter-protest shouting matches. Silence. Just watch. Make eye contact.  Gather in large numbers all around and just watch silently.  When it’s ten or twenty to one, perhaps they’ll understand what The Silent Majority really means.  Keep your cell phone cameras handy.|app_72746711|2022-02-08 04:48:23.120|0|2|article-ottawa-mayor-wants-more-help-to-take-back-the-streets.json|globemail
 The Ottawa Police Service can't cope with this. Sloly needs to resign. He seems to pour cold water on every idea to deal with the insurrection. Isn't there someone better qualified to lead the cops?|app_73425696|2022-02-08 05:02:02.956|0|2|article-ottawa-mayor-wants-more-help-to-take-back-the-streets.json|globemail
My gosh!  The protesters only occupy a few streets.  I saw protesters cooking hot dogs on Lyon Street.  On Saturday night, there was a party of protesters and joyous downtown Ottawa residents on Wellington Street.  As an environmental initiative, the City should declare those streets to be car-free streets for pedestrians.  Then the City can say it is taken back the streets.     |Starlight|2022-02-08 05:09:34.235|0|2|article-ottawa-mayor-wants-more-help-to-take-back-the-streets.json|globemail
Must be pretty pathetic to be a cop - must really feel there are better things to do in life than to chase down some peaceful protesters. Suggestion - go catch some criminals - perhaps the fentanyl traffickers that are making life a mess for some of our society.|Have I got news for you|2022-02-08 05:27:31.039|0|2|article-ottawa-mayor-wants-more-help-to-take-back-the-streets.json|globemail
Insurrection?  An insurrection is a violent uprising against a government. Horns honking and roasting hot dogs on the street is not an insurrection.  The worst way to deal with this protest is to use hyperbole and empty rhetoric to cast the protest as something else.  It is shameful and embarrassing that a person in a position of authority should try to fan the flames of anger rather than trying to calm the situation. |Losing Investor|2022-02-08 05:47:04.107|0|2|article-ottawa-mayor-wants-more-help-to-take-back-the-streets.json|globemail
Clearly the Ottawa police are incompetent.  How they cannot clear this out is beyond me.  Could their be violence, yes, but you are police go and deal with it.|RonsterG|2022-02-08 12:48:10.787|0|2|article-ottawa-mayor-wants-more-help-to-take-back-the-streets.json|globemail
NP:  “Where is Justin Trudeau? NDP Leader Jagmeet Singh says PM has ‘not been visible’ Singh on Monday called for an emergency debate in Parliament to find a way to get the protesters to 'go home now'|Rochdale68|2022-02-08 11:38:24.657|0|2|article-ottawa-mayor-wants-more-help-to-take-back-the-streets.json|globemail
Fascism begins the moment a ruling class, fearing the people may use their political democracy to gain economic democracy, begins to destroy political democracy in order to retain its power of exploitation and special privilege. Tommy Douglas |Canadian in Alberta|2022-02-08 07:59:28.013|0|2|article-ottawa-mayor-wants-more-help-to-take-back-the-streets.json|globemail
Has anyone ever heard of ear plugs?|app_69939571|2022-02-08 08:12:57.335|0|2|article-ottawa-mayor-wants-more-help-to-take-back-the-streets.json|globemail
Insurrections come in many forms.|J. K. Galbraith|2022-02-08 03:56:26.572|1|2|article-ottawa-mayor-wants-more-help-to-take-back-the-streets.json|globemail
"Thee state wants these protesters to bow to it.   It's starting to look like the state will have to bow to the protesters.   The state does not have the resources and cannot acquire the resources to handle this, other than calling in the military.  Does Justin really want to be the one to have our military come in and get ""boots on the ground in our cities""?   We're here in this position now because of Trudeau's failings.  From day one, he decided the best approach was to call them names and deride them while refusing to speak to them about something so simple back then: cross border mandates.  The truckers know travel mandates are all they can get from the Federal government.  They were able to travel freely across the border for two years and then Trudeau said no more.  What a stupid sword to fall upon."|Free Me|2022-02-08 10:37:32.237|0|2|article-ottawa-mayor-wants-more-help-to-take-back-the-streets.json|globemail
You can't label it a false report when you aren't everywhere.  I can assure you that honking has not been all hours of the day and night, at least in most places where the trucks are.  Many of us who live here find the so-called 'occupation' to be little to no inconvenience, more of a curiosity.  The protesters who I've conversed with are all deluded, but mostly quite polite. |DollyParker|2022-02-08 04:38:35.666|1|2|article-ottawa-mayor-wants-more-help-to-take-back-the-streets.json|globemail
That's a false report if there ever was one.  There are no occupiers and trucks in front of your building.  Measured sound level from the truck horns and other disturbances from them is 80 dB inside buildings in the area, all hours of the day and night.  You would not have been able to sleep for the past week or so with that kind of noise.|Norman571|2022-02-08 03:47:35.214|1|2|article-ottawa-mayor-wants-more-help-to-take-back-the-streets.json|globemail
Trudeau is talking to President Xi about the correct deployment of tanks up Wellingtom Street.  Our very own Tiananmen Square in the making.|yuknon|2022-02-08 17:25:24.908|0|2|article-ottawa-mayor-wants-more-help-to-take-back-the-streets.json|globemail
How many protesters have been hauled away, put before a kangaroo court and disappeared into an opaque prison system? How many ?!  Give it time, man!  They've only just got the facial recognition software running.  www.cbc.ca/news/canada/british-columbia/facial-recognition-liberals-1.6081006 |BruiseKnee|2022-02-08 15:00:43.684|1|1|article-ottawa-mayor-wants-more-help-to-take-back-the-streets.json|globemail
Honestly... how many cops you need. Just arrest them.|BebaB|2022-02-08 05:03:46.526|0|1|article-ottawa-mayor-wants-more-help-to-take-back-the-streets.json|globemail
No, I don't think anyone is soul-less, but there are some of us that are easily led these days for some reason.  Steve Bannon causes a lot of chaos in a world that already has so much to deal with and he's very proud of it.|Judith M.|2022-02-08 10:33:44.719|1|1|article-ottawa-mayor-wants-more-help-to-take-back-the-streets.json|globemail
No group in our society deserves to be shamed. At all. But sadly, it seems you have taken the hostile vocal voices shouting to “defund the police” as an indication that ALL of Ottawa despises you. Not so. And now innocent citizens are getting caught in the crossfire. Two wrongs don’t make a right. Maybe the Ottawa Police chief should have hired a PR firm for you guys well before all this happened, to better communicate how you serve all of us. But his oversight then should not be used to make innocent civilians suffer now. |Ponders|2022-02-08 05:34:16.509|1|1|article-ottawa-mayor-wants-more-help-to-take-back-the-streets.json|globemail
You sure you weren't watching an interview with Trudeau?   Now THAT is smug.|Free Me|2022-02-08 10:39:20.250|1|1|article-ottawa-mayor-wants-more-help-to-take-back-the-streets.json|globemail
Get a grip on yourself. This is nothing even close to Tiananmen Square, in either the form of protest or the response. Our military is not going to open fire on citizens unless it's out of self defense, same as our police forces (at least, the vast majority of the time).|dublin44|2022-02-08 17:52:13.329|1|1|article-ottawa-mayor-wants-more-help-to-take-back-the-streets.json|globemail
Attempting to light a condo building on fire and taping it's door shut is a reflection of the insurrectionists' growing escalations. Many whose health and safety are being hurt need help.|AL_gm|2022-02-08 14:13:14.178|0|1|article-ottawa-mayor-wants-more-help-to-take-back-the-streets.json|globemail
The need an additional 1800 as of right now, on top of what they have.   Toronto's force is 2100 in strength.   That should give you some perspective as to how much they need.   On the weekends, you can triple that requirement.|Free Me|2022-02-08 10:45:45.895|1|1|article-ottawa-mayor-wants-more-help-to-take-back-the-streets.json|globemail
In 1970 the War Measure Act was a response to a request from the Provincial Government. Ford does not see the need for such a request. #blameTrudeau ?  Ironically most Alberta conservatives supported this response. Not so much from the same group today. |Ric_hard|2022-02-08 13:11:03.966|1|1|article-ottawa-mayor-wants-more-help-to-take-back-the-streets.json|globemail
How many protesters have been hauled away, put before a kangaroo court and disappeared into an opaque prison system?  How many ?!|Bob.McK|2022-02-08 11:09:52.835|1|1|article-ottawa-mayor-wants-more-help-to-take-back-the-streets.json|globemail
So vandalism is your solution?|Bovine Scatologist II |2022-02-08 21:38:21.624|1|1|article-ottawa-mayor-wants-more-help-to-take-back-the-streets.json|globemail
fence them in and play the Kars4Kids commercial all day long.  they'll be begging to leave.|Fred8888|2022-02-08 14:39:14.293|0|1|article-ottawa-mayor-wants-more-help-to-take-back-the-streets.json|globemail
I think the only thing the poor citizens of Ottawa need is to QUICKLY replace Chief SLOLY!  That man is an embarrassment to law enforcement and poor value for the taxpayers of Ottawa! |srr2|2022-02-08 04:50:17.412|0|1|article-ottawa-mayor-wants-more-help-to-take-back-the-streets.json|globemail
The coward Doug Ford hides.|app_72746711|2022-02-08 22:26:28.946|0|1|article-ottawa-mayor-wants-more-help-to-take-back-the-streets.json|globemail
Where is Rochedale68 ? |Bob.McK|2022-02-08 12:21:39.814|1|1|article-ottawa-mayor-wants-more-help-to-take-back-the-streets.json|globemail
"I just love that last line  two weeks in to the ""violent"" protests, and so far those thousands of cameras have captured a flag draped over a Terry Fox statue and a plywood soup shack in a park.  Too funny.   "|ALBERTA FIRST CDN FEDERALIST|2022-02-08 06:33:54.903|1|1|article-ottawa-mayor-wants-more-help-to-take-back-the-streets.json|globemail
I thought they all looked like the worst-person-I-can-imagine-that-I-want-others-to-think-of too!   They are all worst-person-I-can-imagine-that-I-want-others-to-think-of wannabes.  Have you noticed the gleam in worst-person-I-can-imagine-that-I-want-others-to-think-of's eyes?  They are dead and soul-less.  Such people live to eat babies.  |BruiseKnee|2022-02-08 09:00:05.020|1|1|article-ottawa-mayor-wants-more-help-to-take-back-the-streets.json|globemail
You are sadly mislead. Or are misleading others. Get a grip.|app_71565431|2022-02-08 02:56:51.939|1|1|article-ottawa-mayor-wants-more-help-to-take-back-the-streets.json|globemail
It could be done tomorrow over lunch if you had proper leaders.   Real simple; Admit that the trucking mandate was made without a proper cost/benefit analysis, apologize for treating these people like dogs, remind them that the remainder of the mandates are provincial in nature and promise them that, within 30 days, the Govt will coordinate with provincial Govt to release regional plans to removing all or most mandates.   …and it’s done, everyone goes home.   |M. Grimaldi|2022-02-08 03:41:20.300|1|1|article-ottawa-mayor-wants-more-help-to-take-back-the-streets.json|globemail
have you ever been to Ottawa? no one dances in the streets, lol , much too buttoned up.       |WallyMum|2022-02-08 05:33:58.807|1|1|article-ottawa-mayor-wants-more-help-to-take-back-the-streets.json|globemail
Directly in front of parliament, the driver of a semi-tractor parked in the road was sounding his horn and revving his engine, sending out plumes of black exhaust. Emblazoned on the side of the vehicle was the slogan: “God-given immUNITY works best.”|alarich|2022-02-08 13:10:44.259|0|1|article-ottawa-mayor-wants-more-help-to-take-back-the-streets.json|globemail
Deflate the tires and paint the trucks pink, or yarn bomb them.  Will make a great tourist attraction, much like the pink tank in downtown Prague was.|IsabellavalancyC|2022-02-08 18:50:55.398|0|1|article-ottawa-mayor-wants-more-help-to-take-back-the-streets.json|globemail
Again with the insurrection talk. You want insurrection talk? Here ya' go...  https://canada-unity.com/mou/  You have been hoisted by your own petard.|Bob.McK|2022-02-08 11:17:51.326|1|1|article-ottawa-mayor-wants-more-help-to-take-back-the-streets.json|globemail
The Ottawa mayor is upset:  The mayor added that 1,800 additional police personnel are required to “quell the insurrection that the Ottawa Police Service is not able to contain,” including 1,000 regular officers, 600 public order officers, 100 investigative officers and 100 civilian staff. ... “We must do everything in our power to take back the streets of Ottawa, and our parliamentary precinct, from the criminal activity and hooliganism that has transpired over the last nine days,” he wrote.  Again with the insurrection talk. Someone should tell the PM. You'd figure with an insurrection afoot, he would have the military guarding Parliament, the Supreme Court and Rideau Hall. But no. He explicitly ruled out using the army the other day. Why? Because this is a protest, not an insurrection!  A protest full of bouncy castles, food tents, warming saunas and hot tubs. People are playing street hockey, and singing & dancing in the street. They're even picking up trash and shoveling snow!  And THAT is overwhelming?  It makes you wonder: what would this mayor and police chief do when confronted with a REAL insurrection, like what the far-left BLM did with the Seattle CHOP in 2020?|CookeV|2022-02-08 06:14:13.792|0|1|article-ottawa-mayor-wants-more-help-to-take-back-the-streets.json|globemail
Sedition.|dave1405|2022-02-08 07:04:25.866|1|1|article-ottawa-mayor-wants-more-help-to-take-back-the-streets.json|globemail
There seems to be some sub group      embedded among the truckers who have ulterior motives other than vaccine/freedom issues. Am I wrong ?  -30-|Morven|2022-02-08 06:11:54.766|0|1|article-ottawa-mayor-wants-more-help-to-take-back-the-streets.json|globemail
Ottawa has discovered why Slolly was passed over for the Toronto Police Chief position.   Slolly by name,  Slowly by thought and action.|MyOwnAccount|2022-02-08 13:36:29.915|0|1|article-ottawa-mayor-wants-more-help-to-take-back-the-streets.json|globemail
Language is lost these days.   Hyperbole and rhetoric rule.   Sad times, but we've been heading here for a few years now.|Free Me|2022-02-08 10:41:36.144|1|1|article-ottawa-mayor-wants-more-help-to-take-back-the-streets.json|globemail
You realize that that’s a myth? Sugar doesn’t dissolve in gas…|WesternPatriot|2022-02-08 13:13:34.662|1|1|article-ottawa-mayor-wants-more-help-to-take-back-the-streets.json|globemail
"Take back the streets indeed !!!  A good start yesterday was police wrestling with and arresting a 4'-3"", 78 yr old man for honking his horn as he drove past the protesters..  All over YouTube.  Nothing on CBC.   We're all in this together, yeah, Justin?"|Ceejaybee|2022-02-08 17:57:21.361|0|1|article-ottawa-mayor-wants-more-help-to-take-back-the-streets.json|globemail
It might also lead to an unexpected all expenses paid extended trip to hospital if you were caught doing it.|StuporDuck|2022-02-08 12:54:40.544|1|1|article-ottawa-mayor-wants-more-help-to-take-back-the-streets.json|globemail
Time for the local residents to take matters in their own hands as the cops and the city have basically left them totally vulnerable. Do whatever it takes to get your city back, guys.|On Edge|2022-02-08 14:04:45.879|0|1|article-ottawa-mayor-wants-more-help-to-take-back-the-streets.json|globemail
Violence was first introduced by the police when they decided to come to a peaceful protest in riot gear.|Free Me|2022-02-08 10:42:59.135|1|1|article-ottawa-mayor-wants-more-help-to-take-back-the-streets.json|globemail
Itr's not a peaceful protest. When the protesters threaten violence, which I've seen them do in interviews on Parliament Hill, if the police try to enforce the law, that's not peace.|dave1405|2022-02-08 06:24:05.376|1|1|article-ottawa-mayor-wants-more-help-to-take-back-the-streets.json|globemail
I heard a CBC journalist on TV speaking as if Ottawa is perfectly entitled to expect the RCMP to provide up almost 2,000 officers. Ontario is policed by municipal and provincial officers. Most RCMP officers are in Atlantic and western Canada. Many of those communities already need more officers, not less. Ontario should provide the necessary officers, they can easily be found from the OPP and the many municipal and regional police forces there.|dave1405|2022-02-08 06:30:36.563|0|1|article-ottawa-mayor-wants-more-help-to-take-back-the-streets.json|globemail
It should be obvious two years into the pandemic that our emergency planning and operations apparatus in Canada are largely a joke. |DollyParker|2022-02-08 04:39:50.523|1|1|article-ottawa-mayor-wants-more-help-to-take-back-the-streets.json|globemail
They need to get this done before next weekend. |Alison_D|2022-02-08 02:55:19.464|0|1|article-ottawa-mayor-wants-more-help-to-take-back-the-streets.json|globemail
"well, there is this: ""SCGGC will represent itself as The Government of Canada as a whole and not party related."" SC= unelected Senate GGC= unelected Governor General  all of this orchestrated by three unelected representatives of Canada Unity.    sorry, but the MP you elected just last year is out.  "|Fred8888|2022-02-08 15:57:21.489|1|1|article-ottawa-mayor-wants-more-help-to-take-back-the-streets.json|globemail
"[…and it’s done, everyone goes home.]  Errr...no. The US requirement for vaccination to cross into the US remains. ""Real simple"" is relative.  U.S. confirms Canadian truckers will need to be vaccinated as of Jan. 22  [The U.S. Department of Homeland Security (DHS) has confirmed Jan. 22 as the date Canadian truckers will need to be fully vaccinated to enter the country. [...] Those who don’t comply will be refused entry and will possibly be subjected to fines.] [...] https://www.trucknews.com/health-safety/u-s-confirms-canadian-truckers-will-need-to-be-vaccinated-as-of-jan-22/1003156530/ "|Stephen Saines|2022-02-08 05:31:34.949|1|1|article-ottawa-mayor-wants-more-help-to-take-back-the-streets.json|globemail
Minister Blair said earlier today that the Ottawa police already had sufficient resources to deal with the situation.  Now the Mayor of Ottawa says the opposite.  Their stories don't match.  Also interesting that the judge gave only a temporary halt to the honking and asked for more evidence to make it permanent.  Why wasn't sufficient evidence provided to the court today? The professor saw dancing in the street and immediately linked it to the January 6 event.  Doesn't she understand that people dance in the streets for any number of reasons?|William Lyon Mackenzie1|2022-02-08 03:16:03.419|0|1|article-ottawa-mayor-wants-more-help-to-take-back-the-streets.json|globemail
Insurrections come in very few flavours.  Making noise and refusing to move is civil disobedience, not an insurrection.  Watson has clearly lost perspective. Hyperbole won't help solve the problem. |DollyParker|2022-02-08 04:33:16.988|1|1|article-ottawa-mayor-wants-more-help-to-take-back-the-streets.json|globemail
Personally, I'm much more comfortable calling it sedition. OK with you, Demento?|Alceste|2022-02-08 05:26:50.435|1|1|article-ottawa-mayor-wants-more-help-to-take-back-the-streets.json|globemail
I agree with all but your last sentence.  I think this is to spread the madness of QAnon, Proud Boys and Trump Followers....all those social media inspired groups that find some sort of meaning in being part of a make-believe revolution.|Judith M.|2022-02-08 10:31:01.649|1|1|article-ottawa-mayor-wants-more-help-to-take-back-the-streets.json|globemail
Is the occupation about freedom?  Freedom to endanger a vulnerable senior? Freedom to terrorize residents? Freedom to disobey rules for public health? Freedom to disrupt the livelihood of people and businesses? Abolishing public health regulations will not stop the pandemic.  The only logic behind this occupation is to spread the extremist americano-russian propaganda.|Charlilie|2022-02-08 10:19:44.855|1|1|article-ottawa-mayor-wants-more-help-to-take-back-the-streets.json|globemail
Link please |Bob.McK|2022-02-08 12:30:19.166|1|1|article-ottawa-mayor-wants-more-help-to-take-back-the-streets.json|globemail
The reason is not some race baiting nonsense but rather that the protest is policing itself and reporting bad behaviour to law enforcement.   As such, it does law enforcement no benefit to lean on them.  |M. Grimaldi|2022-02-08 03:35:40.710|1|1|article-ottawa-mayor-wants-more-help-to-take-back-the-streets.json|globemail
Nonsense.  They have fought all the way.|Fralick56|2022-02-08 04:23:07.808|1|1|article-ottawa-mayor-wants-more-help-to-take-back-the-streets.json|globemail
If the City had heeded the news reports of the advancing convoys they would have prepared. They did not ,so now they are overrun.  M/s Watson and Slowly should resign  |MarieHinge1|2022-02-08 16:06:52.218|0|1|article-ottawa-mayor-wants-more-help-to-take-back-the-streets.json|globemail
it is amazing that the Ottawa police are so overworked and need another 1800  people to do what ,stand around and watch. There are apparently 400 -500 trucks  belonging to the protestors The police could certainly seize all the pickups first for illegal parking which happens all the time ., and then  proceed to removing the large trucks. , one at a time ,|daveeo1234|2022-02-08 16:58:37.959|0|1|article-ottawa-mayor-wants-more-help-to-take-back-the-streets.json|globemail
Trudeau should ask Chinese military to help. They have extensive experience putting down democratic fighters in Honk Kong and suppressing Uyghur dissidence in Xinjiang. If Chinese military will have trouble helping, maybe Trudeau should ask Cuba for a military deployment. I’m pretty sure they would have no hesitation sending help for one of their own. This intervention will ensure the flow of money printing machine towards the liberal voting lefties parasites that drain this country’s resources on a regular basis while holding these do nothing jobs in exchange for liberal votes. We are on this together!!! Please remember this line when voting next time|The only honest liberal|2022-02-08 03:27:31.112|0|1|article-ottawa-mayor-wants-more-help-to-take-back-the-streets.json|globemail
Um right, thanks Chief Slowly. I’m sure the police union is really glad their members have been on the street for 14 12-hour days, raking in the overtime. But what have they actually accomplished aside from…nothing? Metrics and facts, please.|arrbee|2022-02-08 03:01:43.247|0|1|article-ottawa-mayor-wants-more-help-to-take-back-the-streets.json|globemail
The truth is that the protesters are self policing and self reporting bad behaviour to the police.   As that’s the case, it does the police no benefit to lean on a largely well behaved group. |M. Grimaldi|2022-02-08 03:27:34.349|1|1|article-ottawa-mayor-wants-more-help-to-take-back-the-streets.json|globemail
78 year old grandfather arrested fr honking horn at Trucker.  Police State???|app_73019566|2022-02-08 15:49:24.439|0|1|article-ottawa-mayor-wants-more-help-to-take-back-the-streets.json|globemail
Fire and replace Sloly with someone who can get the job done.  He failed to prepare his force and the Police Services Board to whom he reports for the threat that he had to know was on the road heading to Ottawa before last week. He clearly had no practical plan or strategy for handling the protesters when they arrived and emboldened them by repeatedly and publicly admitting that his force was too weak to deal with them. He took far too long to to request and obtain the necessary reinforcements from other police services.  In war, you relieve the commanding officer when he yields his ground to the enemy, fails to marshal the necessary reinforcements and then repel the invaders. In business, you fire a CEO who could have prevented or at least mitigated a massive loss, especially a loss that worsens over time.  What does it take to dump a Chief of Police that had failed to properly command his force?    |Allan19531|2022-02-08 03:28:36.524|0|1|article-ottawa-mayor-wants-more-help-to-take-back-the-streets.json|globemail
I think the truckers should give the people of Ottawa a break and move the protest to the Montreal riding of Papineau.|RfcMcD|2022-02-08 15:24:24.769|0|1|article-ottawa-mayor-wants-more-help-to-take-back-the-streets.json|globemail
But we need mandates so that your friends with hypothermia can slink to ER.|BebaB|2022-02-08 05:06:59.275|1|1|article-ottawa-mayor-wants-more-help-to-take-back-the-streets.json|globemail
City of Ottawa COVID stats. Watch this page over the next few weeks...  https://www.ottawapublichealth.ca/en/reports-research-and-statistics/daily-covid19-dashboard.aspx?_mid_=32067 |Bob.McK|2022-02-08 15:33:40.927|0|1|article-ottawa-mayor-wants-more-help-to-take-back-the-streets.json|globemail
A well behaved group would have left after 1 or 2 days. A continuous occupation with truck horns blowing day and night is not a peaceful group. The fact their demands will never be met and they say they won’t leave until they are makes this an impasse that they need to realize will not be overcome. Give it up, it’s a lost cause….if it ever really was a cause. |Retiré|2022-02-08 04:08:40.383|1|1|article-ottawa-mayor-wants-more-help-to-take-back-the-streets.json|globemail
No need for the military. A few water cannons in combination with sub zero temperature should do the trick.|Deskota|2022-02-08 03:52:44.028|0|1|article-ottawa-mayor-wants-more-help-to-take-back-the-streets.json|globemail
You're referring to the folks demonstrating in downtown Ottawa, right?|RTS62|2022-02-08 16:16:00.081|1|1|article-ottawa-mayor-wants-more-help-to-take-back-the-streets.json|globemail
They should just pressure the government to end the mandates. Simple.|Ken C from T.O.|2022-02-08 04:00:20.270|0|1|article-ottawa-mayor-wants-more-help-to-take-back-the-streets.json|globemail
Authoritarianism + intolerance = fascism|RfcMcD|2022-02-08 15:26:52.597|0|1|article-ottawa-mayor-wants-more-help-to-take-back-the-streets.json|globemail
Hi Valzar:  So you are advocating vandalism? Actual property damage?|CookeV|2022-02-08 14:39:22.156|1|0|article-ottawa-mayor-wants-more-help-to-take-back-the-streets.json|globemail
He’s not the PM.  Guess you didn’t notice,|Bobm|2022-02-08 15:21:39.158|1|0|article-ottawa-mayor-wants-more-help-to-take-back-the-streets.json|globemail
A gathering of former schoolyard bullies asking “wadaya gonna do about it?” “You and whose army?”  An interesting opportunity.|D Poissant|2022-02-08 11:44:44.479|0|0|article-ottawa-mayor-wants-more-help-to-take-back-the-streets.json|globemail
"Saying ""Trudeau"" casts it too narrowly, but Yes.  Only some parts of the state have been infiltrated by the right-wing insurrection. Others oppose it. That's why we are frozen in stalemate. "|independentlypoor|2022-02-08 12:17:58.535|1|0|article-ottawa-mayor-wants-more-help-to-take-back-the-streets.json|globemail
I hear the Ottawa Police department just hired a Crisis Management Firm.  I hope that is not somehow being funded with our tax dollars.|Cornelia Gracchi|2022-02-10 02:50:14.993|0|0|article-ottawa-mayor-wants-more-help-to-take-back-the-streets.json|globemail
The state has the resources, they’re just not using them for some reason|1533030955135|2022-02-08 12:57:04.701|1|0|article-ottawa-mayor-wants-more-help-to-take-back-the-streets.json|globemail
Too busy working on protecting their pensions and wages. |Toosoon|2022-02-08 14:08:01.965|1|0|article-ottawa-mayor-wants-more-help-to-take-back-the-streets.json|globemail
Chief Sloly and his “police” department has been a National embarrassment. His do-nothing approach - let’s stand around and watch - should lead to his resignation or dismissal.     Nothing will be resolved on his watch.|B-o-o-t-s|2022-02-08 11:29:02.028|0|0|article-ottawa-mayor-wants-more-help-to-take-back-the-streets.json|globemail
"The ""truckers"" convoy is much like Covid. Once you let it take hold in an area, it's very hard to get rid of, impossible if you don't close the perimeter.  I'd say let them stay until they get tired of themselves or their money runs out. But the organizers have already thwarted that frustrating outcome. Their campaign of threats and intimidation against local residents are meant to compel the authorities to do something.  The nasty campaign against local residents (""urban elites"" I suppose) continues in the shadow of the friendly all-day all-freebies carnival. Some of the folks affected by it are my friends. It's real. It's not about some rogue ""bad apples"". It is by design.  Can police protect the residents sufficiently that we can wait out the occupation? It's like waiting out Covid after taking only half-measures against it. A long haul. Or, do we go all out, go hard, go early, and do what is necessary to rid ourselves of this occupying infection?  Either way, we will repeal pandemic mandates only for valid scientific reasons. Mob tantrums must not dictate policy. "|independentlypoor|2022-02-08 11:13:09.977|0|0|article-ottawa-mayor-wants-more-help-to-take-back-the-streets.json|globemail
Ever see those great big heavily reinforced bags with great big loops used for refuse on construction sites? They use them where dumpsters would be inaccessible. When they're full of scrap lumber, drywall, what have you, a crane lifts them out and into a dump truck to be carted off. Care must be taken to secure both big loops or oops!  Does the city have an organic household waste recycling program? Does the federal agricultural farm on the edge of the city have any agricultural waste to be disposed of?  Can the Ottawa police get their hands on a few helicopters for a day or two?   |Bob.McK|2022-02-08 10:54:45.042|0|0|article-ottawa-mayor-wants-more-help-to-take-back-the-streets.json|globemail
Actually water is death to diesels as are egg whites according to my diesel mechanic.|Albert74|2022-02-09 18:08:59.961|1|0|article-ottawa-mayor-wants-more-help-to-take-back-the-streets.json|globemail
Where you’ll be around plenty of covid infected folks…|WesternPatriot|2022-02-08 13:23:53.843|1|0|article-ottawa-mayor-wants-more-help-to-take-back-the-streets.json|globemail
Time for our so-called leaders to read The Revolt of the Public by Martin Gurri. It was only originally published in 2014. Gurri called out what we are seeing play out in Ottawa years ago. Talk about clueless leadership that is too busy watching Netflix or reading Mad Magazine. If they want updated shortcut versions, they can just listen to Gurri on recent podcasts. Duh. |A.E. Neuman|2022-02-08 10:50:33.108|0|0|article-ottawa-mayor-wants-more-help-to-take-back-the-streets.json|globemail
The protest has become completely ridiculous at this late stage of things (although it is silly to call it an insurrection when it is more of a very badly-mannered tailgate / block party), but the protest has proven one thing: there is no level of government in Canada that has ever bothered to prepare for this sort of event by putting in place suitable legislative powers to allow officials and police to effectively discourage, minimize or control this kind of ceaseless disruption. Although to be fair, why would they have bothered to prepare when the Canadian sheeple don't often assemble like this? Still, you cannot go through life counting on court injunctions.    |Have Pail - Will Mop|2022-02-09 00:01:45.643|0|0|article-ottawa-mayor-wants-more-help-to-take-back-the-streets.json|globemail
Well no link. Yet another product of Rochedale68's fevered imagination?  We see you and we laugh in your face ! |Bob.McK|2022-02-08 14:45:53.678|1|0|article-ottawa-mayor-wants-more-help-to-take-back-the-streets.json|globemail
Not all. 10% is not all. |Ric_hard|2022-02-08 13:22:58.827|1|0|article-ottawa-mayor-wants-more-help-to-take-back-the-streets.json|globemail
Yeah, in your example the FLQ were kidnapping and murdering politicians.  Oh, and planting bombs in mailboxes and killing people in Westmount in Montreal.   In all 8 people were murdered.  So you think honking horns and blocking a few streets is the same thing?  Really?    |ChandlerDay|2022-02-08 20:46:38.922|1|0|article-ottawa-mayor-wants-more-help-to-take-back-the-streets.json|globemail
He has been like a groundhog lately.  Where is our fearless Premier?|THE GLOB|2022-02-08 22:38:42.915|1|0|article-ottawa-mayor-wants-more-help-to-take-back-the-streets.json|globemail
Ah yes however a court marshal is a very serious undertaking versus a potential finger wag for police refusal to carry out an order.  When a soldier's superior orders a soldier to do something they do it, a cop well maybe in a haphazard way and tow truck drivers will do whatever makes them the most money aka the GTA gang. It's a sliding scale of performance that really slides once past the military.|Albert74|2022-02-09 18:14:58.904|1|0|article-ottawa-mayor-wants-more-help-to-take-back-the-streets.json|globemail
You have GOT to be kidding! Ottawa has dealt with 10 days of lawless behaviour and you're worried about pink paint? |solapony|2022-02-09 13:31:11.554|1|0|article-ottawa-mayor-wants-more-help-to-take-back-the-streets.json|globemail
Thanks, our lives and our country.|Stacy60|2022-02-08 17:16:35.493|1|0|article-ottawa-mayor-wants-more-help-to-take-back-the-streets.json|globemail
great vigilanteism |Cailín|2022-02-08 14:48:22.171|1|0|article-ottawa-mayor-wants-more-help-to-take-back-the-streets.json|globemail
They don't seem to have any problem shooting people with mental issues.|Toosoon|2022-02-08 14:08:45.740|1|0|article-ottawa-mayor-wants-more-help-to-take-back-the-streets.json|globemail
Ottawa really should not receive any help until they can demonstrate an ability to make about 10 arrests and seize (and impound) about 10 vehicles. Once they do that, everyone may just leave, making re-enforcements moot.  To my mind, the city then needs to hire some lawyers, obtain a new Crown attorney, new counsel for police etc. This has been appalling mismanagement, no doubt tailored to billing opportunities and overtime.|Westerlies44|2022-02-08 17:28:37.625|1|0|article-ottawa-mayor-wants-more-help-to-take-back-the-streets.json|globemail
"So one statement was made that wasn't seditious.  Congratulations.  Try quoting from the MOU of Canada Unity, the group the National Post calls the ""main organizers"" of the convoy.  It's still on their home page, still gathering signatures.  It's the one that starts:  ""CU [Canada Unity] & SCGGC [the Senate of Canada and Governor General] agree to form a committee, called the Citizens of Canada Committee (CCC).....""  That's where you find sedition."|Alceste|2022-02-08 15:57:17.792|1|0|article-ottawa-mayor-wants-more-help-to-take-back-the-streets.json|globemail
just to add to this, even the unelected representative you are familiar with (the Senate and the GG) are to: “RESIGN their lawful positions of authority Immediately” if they do not agree with the terms imposed by Canada Unity.  if the protestors truly believed in freedom, they would be marching against Canada Unity.|Fred8888|2022-02-08 16:11:09.127|1|0|article-ottawa-mayor-wants-more-help-to-take-back-the-streets.json|globemail
"Tom Marazzo saying he is willing to sit and meet with NDP, PC, GG.... to form a coalition... what right does he have behave as an elected member of parliament and demand such actions? So a group of angry, frustrated people holding a city hostage and wanting to get together with elected members of opposition parties to overthrow the elected government (yes, elected - and please spare the minority, spoiled ballots, rigged election rhetoric) is not sedition? I think Tom (retire CAF) should go back to teaching IT. Judging by his ""Rate my Teacher"" score, he needs to up his game.  https://www.ratemyprofessors.com/ShowRatings.jsp?tid=2530574  "|RTS62|2022-02-08 16:13:22.291|1|0|article-ottawa-mayor-wants-more-help-to-take-back-the-streets.json|globemail
"Actually it's not about ""political over reach""  it's about ending a GLOBAL PANDEMIC and trying to save lives, which some people don't seem to be able to understand. The babies can't handle a bit of discomfort and a temporary curtailment of some freedom. I wonder how these ""brave patriots"" would have handled being in an actual war zone?  No, the majority of Canadians don't demand that the government ""cease mandates against it's people"".  The majority of Canadians demand the end to the illegal occupation of downtown Ottawa and cooperation and demonstrating respect for your fellow citizens by following the public health guidelines so that we can end the pandemic with minimal loss of life and get back to normal living again. "|Man of La Mancha|2022-02-08 16:33:31.909|1|0|article-ottawa-mayor-wants-more-help-to-take-back-the-streets.json|globemail
Not a bad idea|JCUD|2022-02-08 16:37:27.397|1|0|article-ottawa-mayor-wants-more-help-to-take-back-the-streets.json|globemail
No. to all the people who do not care about their rights and freedoms.|Stacy60|2022-02-08 17:18:49.948|1|0|article-ottawa-mayor-wants-more-help-to-take-back-the-streets.json|globemail
Easy fix to that.  Refuse health care to the truckers and their supporters. |See History|2022-02-08 17:21:57.717|1|0|article-ottawa-mayor-wants-more-help-to-take-back-the-streets.json|globemail
Laws do not a police state make. |Canadian in Alberta|2022-02-08 17:14:52.958|1|0|article-ottawa-mayor-wants-more-help-to-take-back-the-streets.json|globemail
Positions are becoming entrenched, but a graceful de-escalation on both sides is not impossible. Canada Unity could withdraw their ridiculous Memorandum of Understanding, and Trudeau could agree to receive their pandemic-related demands as a petition on condition that they now go home. I agree, though, that it's not likely. |independentlypoor|2022-02-08 16:16:13.973|1|0|article-ottawa-mayor-wants-more-help-to-take-back-the-streets.json|globemail
Extortion. |Bob.McK|2022-02-08 15:44:00.412|1|0|article-ottawa-mayor-wants-more-help-to-take-back-the-streets.json|globemail
I disagree - it's not a complex problem to resolve.  It just takes willingness to enforce the laws.  This was foolishly allowed to escalate and the same gutless approach won't solve it. Unfortunately it won't end well as you've stated and people will get hurt.  It's inevitable, particularly since it's been condoned by the Conservatives and others, instead of being quickly shut down at the beginning. Our governments have demonstrated gross incompetence for years and an inability to get anything meaningful accomplished.  It's no surprise that they've bungle this one to and will continue to do so. |Man of La Mancha|2022-02-08 16:26:12.804|1|0|article-ottawa-mayor-wants-more-help-to-take-back-the-streets.json|globemail
City of Ottawa should start suing the leaders of the protest for financial compensation. The people have the right to protest but they do NOT have the right to inflict personal and financial injuries to others. There is no reason why Ottawa residents have to pay more taxes because of this bunch of people who seek freedom for themselves and decide others, that is the majority of Canadians, should enjoy NO freedom.|salontario|2022-02-08 15:59:47.200|0|0|article-ottawa-mayor-wants-more-help-to-take-back-the-streets.json|globemail
Exactly, there was lots of warning and it's inexcusable that the City sat idle when the trucks started coming downtown.  It should have NEVER been allowed. They've continued to allow the illegal occupation and mayhem. Where did the police get their orders to not bother enforcing the law? |Man of La Mancha|2022-02-08 16:21:35.161|1|0|article-ottawa-mayor-wants-more-help-to-take-back-the-streets.json|globemail
You had your chance to take it back from the Liberals last September. You screwed it up.|LaserTrotsky|2022-02-08 17:54:49.460|1|0|article-ottawa-mayor-wants-more-help-to-take-back-the-streets.json|globemail
"Oh, I say, that's clever. You were one of those smart kids who thought ""I know you are; what am I?"" a crushing retort, right?"|Dr. Howland Owl|2022-02-08 17:43:14.737|1|0|article-ottawa-mayor-wants-more-help-to-take-back-the-streets.json|globemail
They`ve also made more invites for more Ottawa occupiers, especially if arrests are made. Ottawa needs to move now.|Westerlies44|2022-02-08 17:29:45.508|1|0|article-ottawa-mayor-wants-more-help-to-take-back-the-streets.json|globemail
"Really - they're calling themselves ""Canadian Unity""?  So, a teensy bit different name from ""Canada Unity"" -  the group which organized the convoy and published the seditious MOU .... but similar enough to attract all of Canada Unity's supporters.  Their MOU is still online, by the way, still attracting signatures."|Alceste|2022-02-08 20:52:12.393|1|0|article-ottawa-mayor-wants-more-help-to-take-back-the-streets.json|globemail
Dancing in the street is the same as taking over the Capitol building! An academic (Regina Bateson) quoted in this article actually said that! The insanity, the gaslighting, the blatant dishonesty of the sheltered cultural elite! No, facts still matter. |Mom'sMoney|2022-02-08 16:38:54.012|0|0|article-ottawa-mayor-wants-more-help-to-take-back-the-streets.json|globemail
MOU of the Unity Party, led by Tamara Lich, the separatist who organized this seditious hostage taking and extortion attempt. This MOU is still on their web site...  https://canada-unity.com/wp-content/uploads/2022/01/Combined-MOU-Dec03.pdf  Tamara Lich, TAKE THAT MOU DOWN !!!   |Bob.McK|2022-02-08 15:49:34.159|1|0|article-ottawa-mayor-wants-more-help-to-take-back-the-streets.json|globemail
Immigrants are taught in Citizenship classes that the granting of rights come with responsibilities, but rarely is this taught to the rest of us. Ok, you don't want the responsibilities to help society? Then don't get the rights.  I call upon the doctors and nurses associations across Canada to formally adopt the policy of refusing treatment to the unvaccinated. Doctors and nurses have been worked to utter exhaustion and burnout. They have endured verbal, written and physical attacks by the unvaccinated. Time to cut the unvaccinated off from our health system. If the Canada Health Act needs amendments to allow this, then get 'em done quickly. Time to show the 10% that the 90% means business.|See History|2022-02-08 17:20:47.830|0|0|article-ottawa-mayor-wants-more-help-to-take-back-the-streets.json|globemail
During the week, there are only a few hundred occupiers.  On the weekend, thousands of vacation-occupiers arrive with their family for a fun weekend tormenting Ottawa.  The police could clear this out during the week but the Ottawa police chief and his force are either incompetent or sympathetic to the occupiers or both.|kramnot|2022-02-08 12:59:45.982|0|0|article-ottawa-mayor-wants-more-help-to-take-back-the-streets.json|globemail
Diversity EH?  Next time use ability for promotion.|Toosoon|2022-02-08 14:06:13.730|0|0|article-ottawa-mayor-wants-more-help-to-take-back-the-streets.json|globemail
If one relies on God, then they do not need our health care system. I think it is time to cancel a few thousand health cards.|See History|2022-02-08 17:29:30.189|1|0|article-ottawa-mayor-wants-more-help-to-take-back-the-streets.json|globemail
What's really happening with all levels of Government? Why are the Mayor and Police Chief asking for help through the media? Is the Premier not supplying the help he's promised?  It seems to me that there may be a power play of some kind going on here between the three levels of Government.  Regardless of the reason, City of Ottawa, Province, Feds, get your act together and get the job done. No more jawboning, time for action. Imagine what Canada would look like today if Montreal, Quebec Province, and the Feds were having debates about what to do about the FLQ. |robit17|2022-02-08 13:25:41.765|0|0|article-ottawa-mayor-wants-more-help-to-take-back-the-streets.json|globemail
Diversity eh?|Toosoon|2022-02-08 14:06:47.311|1|0|article-ottawa-mayor-wants-more-help-to-take-back-the-streets.json|globemail
More staged drama.|app_72746711|2022-02-08 22:27:31.075|1|0|article-ottawa-mayor-wants-more-help-to-take-back-the-streets.json|globemail
Somebody else in the aiding and abetting category... Mark Zuckerberg...  https://www.facebook.com/Freedom-Convoy-2022-100286905896085/ |Bob.McK|2022-02-08 13:40:28.604|0|0|article-ottawa-mayor-wants-more-help-to-take-back-the-streets.json|globemail
When this is reviewed the sum total for this event will be incompetent leadership and dithering. |WALLEYES|2022-02-08 14:03:13.411|0|0|article-ottawa-mayor-wants-more-help-to-take-back-the-streets.json|globemail
Hey Ottawa, your mayor is useless.|Bovine Scatologist II |2022-02-08 14:03:17.407|0|0|article-ottawa-mayor-wants-more-help-to-take-back-the-streets.json|globemail
Clear them out with tear gas and flamethrowers. |LaserTrotsky|2022-02-08 17:53:16.722|0|0|article-ottawa-mayor-wants-more-help-to-take-back-the-streets.json|globemail
Apparently you missed Kenney’s caucus with Republican State Governors and DeSantis’ fingers in our sovereign affairs.  China … pffft|app_72746711|2022-02-08 22:29:56.695|1|0|article-ottawa-mayor-wants-more-help-to-take-back-the-streets.json|globemail
It would be interesting to know if these are additonal officers, or replacement officers for those who may side with the protestors.  After all, if Pierre Poilievre, Andrew Scheer, Candice Bergen, Rachel Thompson, and other CPC members, and a segment of the public, can show support for the protestors, perhaps some police can too.|George Bay|2022-02-08 14:54:48.106|0|0|article-ottawa-mayor-wants-more-help-to-take-back-the-streets.json|globemail
Wow. Real hardship. |Bob.McK|2022-02-08 14:20:33.998|1|0|article-ottawa-mayor-wants-more-help-to-take-back-the-streets.json|globemail
Resign|Bovine Scatologist II |2022-02-08 14:55:08.744|1|0|article-ottawa-mayor-wants-more-help-to-take-back-the-streets.json|globemail
The Tiananmen square motif is better employed in relation to the little old ladies standing up to the big bully trucks.|IsabellavalancyC|2022-02-08 18:50:17.640|1|0|article-ottawa-mayor-wants-more-help-to-take-back-the-streets.json|globemail
Skipped civics class, did you?  Thankfully, Canada is not a country where the prime minister can order around police forces, and is one where police governance is independent from political interference. |TKennit|2022-02-08 15:18:53.618|1|0|article-ottawa-mayor-wants-more-help-to-take-back-the-streets.json|globemail
Sure, it's a big operation but a relatively simple one. Set up temporary holding cells, begin the process of towing the trucks (a time coordinated multi- pronged approach would divide the so called protesters), arrest those that physically impede the police and repeat.  Could take a week or so but you have to start somewhere. |M-P-C|2022-02-08 14:10:02.034|0|0|article-ottawa-mayor-wants-more-help-to-take-back-the-streets.json|globemail
Hi AL:  The police are looking for that fellow. Thankfully there is a picture (slightly blurry) of him. And yes, once caught, identify him and prosecute.  But since he hasn't been caught yet, we have no idea who he is or who he is affiliated with.  Link: https://www.ottawapolice.ca/Modules/News/index.aspx?keyword=&date=02/01/2022&newsId=46eea503-f886-4e7a-9188-edbecabca0a6|CookeV|2022-02-08 14:43:00.263|1|0|article-ottawa-mayor-wants-more-help-to-take-back-the-streets.json|globemail
Help?  Start with the Chief of Police of the City of Ottawa doing his job. |DDU2004|2022-02-08 14:35:25.291|0|0|article-ottawa-mayor-wants-more-help-to-take-back-the-streets.json|globemail
If the state bows policy decisions to whatever pressure group can most disrupt society, all is lost.  I await advice from my leaders, or others I trust, on what I as a senior citizen can do to help preserve the rule of law. I am poorly equipped to survive in a mob-rule society. |independentlypoor|2022-02-08 12:25:37.348|1|0|article-ottawa-mayor-wants-more-help-to-take-back-the-streets.json|globemail
Oh, that is a beautiful solution!! My compliments on your idea!|See History|2022-02-08 17:26:54.486|1|0|article-ottawa-mayor-wants-more-help-to-take-back-the-streets.json|globemail
Ontario should provide the necessary officers, they can easily be found from the OPP and the many municipal and regional police forces there. According to Chris Lewis, CP24's go-to for police matters, and former head of the OPP, this would be 25% of the force.|Bob.McK|2022-02-08 11:13:06.954|1|0|article-ottawa-mayor-wants-more-help-to-take-back-the-streets.json|globemail
children = human shields  |pebbles1987|2022-02-08 12:25:35.526|1|0|article-ottawa-mayor-wants-more-help-to-take-back-the-streets.json|globemail
It's a hostage taking with extortion...and yes, an insurrection and sedition to boot. The police will move to clear it, the protesters will go violent and play the victim card shouting look what they did to us as they haul out their guns.|Bob.McK|2022-02-08 12:41:11.514|1|0|article-ottawa-mayor-wants-more-help-to-take-back-the-streets.json|globemail
The reason is that if the cops weren't in uniform, they'd be the same kind of working class Joes in the protest.|FrankyT|2022-02-08 03:27:47.056|1|0|article-ottawa-mayor-wants-more-help-to-take-back-the-streets.json|globemail
Mr stefan, that is entirely false and there is days of publicly available footage to the contrary. |M. Grimaldi|2022-02-08 14:25:08.726|1|0|article-ottawa-mayor-wants-more-help-to-take-back-the-streets.json|globemail
Nice try.  But it is rubbish!  This has become much more than mandates.  Get them out, fast, and with force.|prague|2022-02-08 03:58:33.105|1|0|article-ottawa-mayor-wants-more-help-to-take-back-the-streets.json|globemail
So is trying to light a building with residents on fire just annoying? Are you just repeating the cards you are given or do you lack judgment? |CPFC08|2022-02-08 04:08:48.519|1|0|article-ottawa-mayor-wants-more-help-to-take-back-the-streets.json|globemail
What rock have you been living under?  Provinces have been scaling back restrictions.  This protest started just as Ontario lifted restriction on restaurants and businesses.  |THE GLOB|2022-02-08 12:35:15.187|1|0|article-ottawa-mayor-wants-more-help-to-take-back-the-streets.json|globemail
You’re not fooling anyone with that name|1533030955135|2022-02-08 04:02:52.144|1|0|article-ottawa-mayor-wants-more-help-to-take-back-the-streets.json|globemail
Fool me once, shame on you; fool me twice, shame on me.  We are more than a few days past three now... |Justin Case 007|2022-02-08 04:59:28.491|1|0|article-ottawa-mayor-wants-more-help-to-take-back-the-streets.json|globemail
... and the Police Services were told explicitly that dozens of big rigs would park themselves so as to block the downtown core of Ottawa for 3 straight days, blaring their horns at all hours of the day and night and that if the protesters didn't get what they wanted within 3 days, they would turn the event into an endless occupation?  I guess neither I or the Ottawa Police Service were following closely enough to catch that ... but I'm sure you did, genius.  |Allan19531|2022-02-08 05:04:52.555|1|0|article-ottawa-mayor-wants-more-help-to-take-back-the-streets.json|globemail
... and the Police Service and its slow-witted Chief had no back-up plan in case, heaven forbid!!, the organizers were umm, lying through their teeth?|Allan19531|2022-02-08 05:07:27.820|1|0|article-ottawa-mayor-wants-more-help-to-take-back-the-streets.json|globemail
You're assuming, though, that the Ottawa police will follow their orders.  I'm starting to wonder if there is insubordination among some cops who are bitter about how our woke society has been demonizing them.  I hope I'm wrong but you have to wonder why they have allowed this unlawful occupation to occur and expand unscathed.|Thinking Ahead|2022-02-08 05:23:44.826|1|0|article-ottawa-mayor-wants-more-help-to-take-back-the-streets.json|globemail
It also makes one wonder why Chief Sloly has not requested that the military be used to tow the trucks away if local tow operators are refusing to do it.  |THE GLOB|2022-02-08 12:31:07.205|1|0|article-ottawa-mayor-wants-more-help-to-take-back-the-streets.json|globemail
You've got everything right except the last point. The warning should be given one hour ahead of action. If you give 24 hours notice it gives the occupiers time to call in reinforcements and that would lead to a battle we don't want to see on the streets of any Canadian city. If you give the warning early in the morning, by the time you've got it cleaned up it will be too late for anyone to come to the aid of the occupiers.|robit17|2022-02-08 13:19:55.224|1|0|article-ottawa-mayor-wants-more-help-to-take-back-the-streets.json|globemail
Bring in the troops. This unlawful siege has gone on far too long. Stop coddling this unruly mob that is  making daily living of the citizens of Ottawa intolerable. |eclectic voyeur|2022-02-08 17:44:48.687|1|0|article-ottawa-mayor-wants-more-help-to-take-back-the-streets.json|globemail
Military is needed to tow the trucks.|Stephen Saines|2022-02-08 05:17:30.571|1|0|article-ottawa-mayor-wants-more-help-to-take-back-the-streets.json|globemail
City of Ottawa wants more help ‘to take back the streets’ from convoy protest  Holy dog whistle, Batman!|BruiseKnee|2022-02-08 03:56:01.568|0|0|article-ottawa-mayor-wants-more-help-to-take-back-the-streets.json|globemail
"Watch the Ottawa COVID stats in a week.  Hospital Admissions staff : ""So you 're from Alberta?""  Seditionist : ""Yes ma'am!"", Cough, cough... long coughing episode... finally chokes out ""strong and"" cough ""free!""  Hospital Admin : ""Well we can arrange for you to be medivac'd to Calgary. You'd have to pay up front. It's about $6000. Can I have your credit card?""  Seditionist : Sputter, cough. More coughing.. "|Bob.McK|2022-02-08 12:50:16.083|1|0|article-ottawa-mayor-wants-more-help-to-take-back-the-streets.json|globemail
It has been reported in the Globe, CBC News, CTV Ottawa etc that the diehard core of these protesters, the ones who are digging in during the week, are about 500-600 strong.  Why do we need so many officers, when Sloly himself said last week we already have 1800 so far?|Since When|2022-02-08 04:02:25.832|0|0|article-ottawa-mayor-wants-more-help-to-take-back-the-streets.json|globemail
Clean up the scum on the streets.|Rob88|2022-02-08 04:10:49.938|0|0|article-ottawa-mayor-wants-more-help-to-take-back-the-streets.json|globemail
"The headline reads: ""City of Ottawa wants more help ‘to take back the streets’ from convoy protest.""  Well, if you really want help, consult Dr. Julie Ponesse at Western. She has some good ideas on ""Why are so many choosing a life in a cage?""   "|A.E. Neuman|2022-02-08 04:12:56.697|0|0|article-ottawa-mayor-wants-more-help-to-take-back-the-streets.json|globemail
Learn from toronto. In and kicked out.|BebaB|2022-02-08 05:04:48.443|1|0|article-ottawa-mayor-wants-more-help-to-take-back-the-streets.json|globemail
I’m not convinced that the police wanted to manage the insurrection. Their stand back a watch the take over speaks volumes.|app_72746711|2022-02-08 14:42:59.023|1|0|article-ottawa-mayor-wants-more-help-to-take-back-the-streets.json|globemail
pretty close.|app_68916973|2022-02-08 16:32:57.829|1|0|article-ottawa-mayor-wants-more-help-to-take-back-the-streets.json|globemail
Sedition, insurrection, unlawful occupation, illegal siege...  Take your pick. It all amounts to the same thing. It is well past time for the authorities to regain control of the streets and rid the city these unruly anarchists. |eclectic voyeur|2022-02-08 17:49:39.551|1|0|article-ottawa-mayor-wants-more-help-to-take-back-the-streets.json|globemail
Look inside yourself.  There are horns honking all day long!  How would you like that in your backyard???|janmacdo|2022-02-08 11:52:30.959|1|0|article-ottawa-mayor-wants-more-help-to-take-back-the-streets.json|globemail
insurrection, an organized and usually violent act of revolt or rebellion against an established government or governing authority of a nation-state or other political entity by a group of its citizens or subjects; also, any act of engaging in such a revolt.|Stephen Saines|2022-02-08 05:24:34.304|1|0|article-ottawa-mayor-wants-more-help-to-take-back-the-streets.json|globemail
That’s BS|app_72746711|2022-02-08 14:37:03.451|1|0|article-ottawa-mayor-wants-more-help-to-take-back-the-streets.json|globemail
Antifa was a far left group.|matt calgary|2022-02-08 03:19:53.657|1|0|article-ottawa-mayor-wants-more-help-to-take-back-the-streets.json|globemail
I agree they should have left precisely because there demands, dropping mandates, will be met sooner or later.   It could have been resolved over lunch on day one if we had proper leadership. |M. Grimaldi|2022-02-08 14:23:18.927|1|0|article-ottawa-mayor-wants-more-help-to-take-back-the-streets.json|globemail
That is for sure.  The 'protesters' were obviously better prepared for the event than the police and politicians were.|StuporDuck|2022-02-08 12:30:02.269|1|0|article-ottawa-mayor-wants-more-help-to-take-back-the-streets.json|globemail
I'll bet that most of the police officers have the same opinion about mandates as the protesters do.|Whatsitallabout|2022-02-08 04:40:24.126|1|0|article-ottawa-mayor-wants-more-help-to-take-back-the-streets.json|globemail
got a crane? |WallyMum|2022-02-08 05:35:42.382|1|0|article-ottawa-mayor-wants-more-help-to-take-back-the-streets.json|globemail
Yes, it is a false report and so is what you are saying.  It isn't material if they just stop honking from 2:30 am to 3 am and are honking the rest of the time.  You don't live in Ottawa downtown either.  Or maybe you do in that imaginary 200-story condo tower there.  You certainly could have trouble hearing the horns blaring all night up there on the 180th floor and have been sleeping soundly like your neighbour SirHarryF!|Norman571|2022-02-08 07:33:59.657|1|0|article-ottawa-mayor-wants-more-help-to-take-back-the-streets.json|globemail
Ontario Superior Court Justice Hugh McLean granted a temporary 10-day injunction Monday, banning the horn honking and air horn blowing that has echoed through downtown Ottawa since demonstrators arrived in the city on Jan. 28. The ongoing noisy protest has interfered with “citizens’ right to quiet,” ....|Charlilie|2022-02-08 10:48:02.016|1|0|article-ottawa-mayor-wants-more-help-to-take-back-the-streets.json|globemail
So you know where I live do you?  Stop making up stuff.  They are parked right in front of my condo.  As for sleep, the noise stopped at 9 pm and started around 8 am.  |SirHarryFlashmanVC|2022-02-08 10:11:31.409|1|0|article-ottawa-mayor-wants-more-help-to-take-back-the-streets.json|globemail
Apparently your building must be very soundproof as you make no mention of the constant honking of horns.  Of course maybe you are being very selective in what you observed.|J. K. Galbraith|2022-02-08 03:55:25.338|1|0|article-ottawa-mayor-wants-more-help-to-take-back-the-streets.json|globemail
What error would that be?  Congratulations that you are able to get some sleep while the honking goes on.|prague|2022-02-08 04:00:32.878|1|0|article-ottawa-mayor-wants-more-help-to-take-back-the-streets.json|globemail
You could at least try to make it believable. |Retiré|2022-02-08 04:19:13.263|1|0|article-ottawa-mayor-wants-more-help-to-take-back-the-streets.json|globemail
Media is being pumped by the government narrative.  More divisive rhetoric.  Gotta have something to keep the pot boiling.|Whatsitallabout|2022-02-08 04:36:47.961|1|0|article-ottawa-mayor-wants-more-help-to-take-back-the-streets.json|globemail
This is a typical Trumpism communication skills, its read just like the american-russian propaganda:  The phone call was a very nice one, You have fine people on the both side...Remember??  Except in the reality, Ontario Superior Court Justice Hugh McLean granted a temporary 10-day injunction Monday, banning the horn honking and air horn blowing that has echoed through downtown Ottawa since demonstrators arrived in the city on Jan. 28. The ongoing noisy protest has interfered with “citizens’ right to quiet,” he said.   |Charlilie|2022-02-08 10:45:05.517|1|0|article-ottawa-mayor-wants-more-help-to-take-back-the-streets.json|globemail
This is probably the one time It helps to be hard of hearing.  |THE GLOB|2022-02-08 12:38:45.004|1|0|article-ottawa-mayor-wants-more-help-to-take-back-the-streets.json|globemail
That is a U.S. directive, has nothing to do with us.   If they wish continue dumb policies that impact their people that’s on them. |M. Grimaldi|2022-02-08 14:24:24.596|1|0|article-ottawa-mayor-wants-more-help-to-take-back-the-streets.json|globemail
"""..raking in the overtime.""  Hmm, if true--hey, why would police accelerate the expulsion of the convoy?   "|Rich Mole|2022-02-08 03:27:28.828|1|0|article-ottawa-mayor-wants-more-help-to-take-back-the-streets.json|globemail
Why no military?  |NornIreland|2022-02-08 03:06:49.314|0|0|article-ottawa-mayor-wants-more-help-to-take-back-the-streets.json|globemail
Well, it seems clear that the Ottawa police misplayed this initially by allowing the insurrectionists to dig in. Now the police will indeed need overwhelming force to dismantle it. It seems they are marshalling both the legal tools and the brute force required and soon the good people of Ottawa will have their city back. |Moseby1|2022-02-08 03:14:33.609|0|0|article-ottawa-mayor-wants-more-help-to-take-back-the-streets.json|globemail
They go to the bars like everone else.|Bob.McK|2022-02-08 12:41:43.956|1|0|article-ottawa-mayor-wants-more-help-to-take-back-the-streets.json|globemail
"Insurrections are VIOLENT attacks AGAINST GOVERNMENT.  Nice try with the ""many forms"" quip. Maybe you think this sentence I am typing is an insurrection. All it is missing is the violent attack against government bit."|Doctor Demento|2022-02-08 04:28:50.252|1|0|article-ottawa-mayor-wants-more-help-to-take-back-the-streets.json|globemail
I know one thing for sure, there needs to be an inquest into how Ottawa Police responded to this event.|app_72746711|2022-02-08 04:33:00.632|0|0|article-ottawa-mayor-wants-more-help-to-take-back-the-streets.json|globemail
Is this a joke?  The Police are publicly appealing for more support?  Feels like maybe the Ottawa Chief of Police isn't motivated to get rid of the insurrectionists after all but welcoming them in.  I don't think it does our country any favours by having all of this dirty laundry aired in public - you need support you discretely ask for it from Canada and the Province (who've said they've stepped up to give you what you need.)  Now go and do your job and let us go back to being a country of Peace, Order, and Good Government.  Because right now there is no peace or order in allowing these protests to continue.|jeanc8880|2022-02-08 04:37:42.585|0|0|article-ottawa-mayor-wants-more-help-to-take-back-the-streets.json|globemail
Been triggered have we? How sad for you and the kneeling man.  Evil hates the light of day. In this crowd the “what are you looking at” mentality will surface.  The prospect of multiple videos should help protect normal citizens.|app_72746711|2022-02-08 14:46:25.222|1|0|article-ottawa-mayor-wants-more-help-to-take-back-the-streets.json|globemail
"The Silent Majority Be careful who you invoke.  They might not think what you think they think.  The term was popularized by U.S. President Richard Nixon in a televised address on November 3, 1969, in which he said, ""And so tonight—to you, the great silent majority of my fellow Americans—I ask for your support.""[2][3] In this usage it referred to those Americans who did not join in the large demonstrations against the Vietnam War at the time, who did not join in the counterculture, and who did not participate in public discourse. Nixon, along with many others, saw this group of Middle Americans as being overshadowed in the media by the more vocal minority.   https://en.wikipedia.org/wiki/Silent_majority "|BruiseKnee|2022-02-08 08:05:19.413|1|0|article-ottawa-mayor-wants-more-help-to-take-back-the-streets.json|globemail
😂😂😂😂. No wonder we’re being laughed at internationally.  Carney?  Another Ignatieff.  Remember how that worked out?  No, I guess if he’s your poster boy, you don’t.   |Bobm|2022-02-08 15:31:56.526|1|0|article-ottawa-mayor-wants-more-help-to-take-back-the-streets.json|globemail
ask the police yourself |Cailín|2022-02-08 09:16:48.823|1|0|article-ottawa-mayor-wants-more-help-to-take-back-the-streets.json|globemail
There's a small army of lawyers on the ground now that will be defending the protesters.   Camera's are setup to catch everything the state does.  |Free Me|2022-02-08 10:40:15.803|1|0|article-ottawa-mayor-wants-more-help-to-take-back-the-streets.json|globemail
Aiding and abetting.|Bob.McK|2022-02-08 11:14:18.429|1|0|article-ottawa-mayor-wants-more-help-to-take-back-the-streets.json|globemail
mischief  |pebbles1987|2022-02-08 12:26:45.401|1|0|article-ottawa-mayor-wants-more-help-to-take-back-the-streets.json|globemail
Your associative smear is my point.|BruiseKnee|2022-02-08 15:01:29.111|1|0|article-ottawa-mayor-wants-more-help-to-take-back-the-streets.json|globemail
Your reply is smug. |Retiré|2022-02-08 12:13:03.602|1|0|article-ottawa-mayor-wants-more-help-to-take-back-the-streets.json|globemail
I'd be surprised if Bannon doesn't have a hand in this.|Bob.McK|2022-02-08 11:10:49.619|1|0|article-ottawa-mayor-wants-more-help-to-take-back-the-streets.json|globemail
This whole thing just illustrates how utterly useless the Ottawa police force has been.  All tough talk and no action.  The police are armed yet they seem petrified of some racist thugs that have taken over a city.  |Nevergoingretire|2022-02-08 06:35:09.002|0|0|article-ottawa-mayor-wants-more-help-to-take-back-the-streets.json|globemail
About that... well... um...  :-D|BruiseKnee|2022-02-08 08:55:04.613|1|0|article-ottawa-mayor-wants-more-help-to-take-back-the-streets.json|globemail
So none.|Bob.McK|2022-02-08 15:55:23.410|1|0|article-ottawa-mayor-wants-more-help-to-take-back-the-streets.json|globemail
Jack Reacher What Action??!! They’re being given free reign|1533030955135|2022-02-08 12:59:56.747|1|0|article-ottawa-mayor-wants-more-help-to-take-back-the-streets.json|globemail
eye roll|Cailín|2022-02-08 09:14:44.990|1|0|article-ottawa-mayor-wants-more-help-to-take-back-the-streets.json|globemail
You are all worse than Trump now, by your own yardsticks. By my yardstick, you lot are Trump.  I do love how you slide in a slag against Trump while you do the old turnabout trying to equate those who abhor this hostage taking to be like him. |Bob.McK|2022-02-08 11:07:28.482|1|0|article-ottawa-mayor-wants-more-help-to-take-back-the-streets.json|globemail
"So you think lawlessness of the sort on display in Ottawa is the way to show ""the left"" that defunding the police is a mistake. Goes to show that you have no idea what they meant by that term, it just sounds great when you spin it to your POV. Tearing the country apart because of fear of vaccination and not wanting to do their part in combatting this pandemic. And you have the nerve to say Trudeau is divisive. The reform party mantra has been to divide from day 1. Blaming someone else for what one is doing is nothing new, it’s been used so many times. "|Retiré|2022-02-08 12:09:21.952|1|0|article-ottawa-mayor-wants-more-help-to-take-back-the-streets.json|globemail
Fascism is when a person or group seizes control outside the demicratic process and proceeds to rule by fiat.   Me.|Bob.McK|2022-02-08 11:04:26.803|1|0|article-ottawa-mayor-wants-more-help-to-take-back-the-streets.json|globemail
Fascism begins during times of great social upheaval when those that see the opportunity of using peoples fears of the changes to obtain power by other methods are able to do so. That’s what the founder of Fascism did after WWI in Italy. Tommy Douglas just spun it to his advantage to use in the eternal  battle of the west against the east. He was a great man no doubt, but he was also a politician and knew how to work the crowd. That’s what the protesters and their handlers are trying to do in Ottawa. Subverting democracy for any reason is fascism and that’s what the Canada Unity gang wants to do, it’s written right there on their manifest and the poor serfs in the streets do not even recognize what they’re being used for. |Retiré|2022-02-08 12:30:46.806|1|0|article-ottawa-mayor-wants-more-help-to-take-back-the-streets.json|globemail
"has anyone ever heard ""go home?"""|Cailín|2022-02-08 09:12:56.729|1|0|article-ottawa-mayor-wants-more-help-to-take-back-the-streets.json|globemail
irony coming from the folks who refuse to wear masks. |RTS62|2022-02-08 17:01:23.540|1|0|article-ottawa-mayor-wants-more-help-to-take-back-the-streets.json|globemail
Yes. Think of those gifts as a charm offensive. By day, curious people come for the carnival atmosphere, regardless of their views on the cause. Opponents might want to reconsider visiting, as all attendance looks like support on camera.  A demonstration lasts for an afternoon or perhaps a day. This is an occupation. |independentlypoor|2022-02-08 10:04:08.365|1|0|article-ottawa-mayor-wants-more-help-to-take-back-the-streets.json|globemail
"Great line""make believe revolution"". "|JeffSpooner|2022-02-08 11:23:16.283|1|0|article-ottawa-mayor-wants-more-help-to-take-back-the-streets.json|globemail
aiding and abetting anti liberal behaviour perhaps?|Calgary Republican|2022-02-08 06:40:32.444|1|0|article-ottawa-mayor-wants-more-help-to-take-back-the-streets.json|globemail
I never have either Bob.McK.  It's what freedom is all about in my opinion!|Judith M.|2022-02-09 02:45:46.573|1|0|article-ottawa-mayor-wants-more-help-to-take-back-the-streets.json|globemail
You have 1200 characters. Let 'er rip.   |Bob.McK|2022-02-08 15:30:40.181|1|0|article-ottawa-mayor-wants-more-help-to-take-back-the-streets.json|globemail
Ole, Ole, Ole!! Ole, Ole, Ole!! Ole, Ole, Ole, Ole!! .. Prime Minister!!|Northernboy99|2022-02-08 05:11:30.004|0|0|article-ottawa-mayor-wants-more-help-to-take-back-the-streets.json|globemail
Maybe not if his normal mandate is dealing with more docile citizens, tourists & politicians.  The citizens of Ottawa will have to pay much much more in taxes if they want fully trained tactical officers as their general duty members at all times.    |WallyMum|2022-02-08 05:31:37.475|1|0|article-ottawa-mayor-wants-more-help-to-take-back-the-streets.json|globemail
He does seem out if his depth here. Cordon them off. If they leave the cordon, they don't get back in. No Supplies or people in. Nada. Is that so hard? You don't need 1800 more officers to do that.|WMDs_404|2022-02-08 05:11:19.188|1|0|article-ottawa-mayor-wants-more-help-to-take-back-the-streets.json|globemail
He has said many times the police didn't have the authority to stop vehicles from parking in that area at the beginning of the occupation. That's ridiculous and I'm surprised he was never challenged on it. The city can close any streets it wants to. Now, if the Ottawa police had asked the city to close the streets and the city refused, then he should say so.|dave1405|2022-02-08 06:35:42.382|1|0|article-ottawa-mayor-wants-more-help-to-take-back-the-streets.json|globemail
Why is it you never seem to get anything right?  Today, the Toronto Police Service employs over 5,500 officers and more than 2,200 civilian staff. http://www.torontopolice.on.ca/careers/history.php#:~:text=Today%2C%20the%20Toronto%20Police%20Service,calls%20for%20service%20a%20year.|Bob.McK|2022-02-08 12:37:36.103|1|0|article-ottawa-mayor-wants-more-help-to-take-back-the-streets.json|globemail
I've lived in Ottawa. Your post really minimizes the fact that the seditious hostage taking is occupying a huge part of the city core. From Wellington, around the War Memorial, down past the Rideau Centre and Confederation Park under the Laurier bridge. The National Arts Centre is surrounded as is the old railway station. They have also taken over other parts of the city like the parking lot of the baseball stadium, major arteries like Metcalf etc..  My gosh indeed.|Bob.McK|2022-02-08 11:30:35.340|1|0|article-ottawa-mayor-wants-more-help-to-take-back-the-streets.json|globemail
I love how your posts have that disingenuous air about them.  Typical of marketing propaganda we see every day.|app_72746711|2022-02-08 14:48:26.385|1|0|article-ottawa-mayor-wants-more-help-to-take-back-the-streets.json|globemail
I am NOT a cop.  I don't even know any police!  I am only hypothesizing about why they aren't doing anything.  I totally sympathize with the residents being held hostage, and fyi I am a resident indirectly affected by, and very annoyed with, the hooliganism that's occurring.|Thinking Ahead|2022-02-08 05:59:56.202|1|0|article-ottawa-mayor-wants-more-help-to-take-back-the-streets.json|globemail
If the Ottawa police don't want to do their job they should quit or be fired.|Leese1|2022-02-08 10:00:56.859|1|0|article-ottawa-mayor-wants-more-help-to-take-back-the-streets.json|globemail
I think this seditious hostage taking is like COVID. Nobody saw it coming and it overwhelmed those we depend on to protect us.|Bob.McK|2022-02-08 11:24:32.856|1|0|article-ottawa-mayor-wants-more-help-to-take-back-the-streets.json|globemail
This has nothing to do with long haul truckers as 90 % have been vaccinated  This has nothing to do with vaccince mandates as majority of people have been vaccinated with 2 shots and 45 % with booster  Hooligans and anarchis .  . pure and simple .  . they come to protest |Wild Bill 2|2022-02-08 05:15:08.522|0|0|article-ottawa-mayor-wants-more-help-to-take-back-the-streets.json|globemail
I don't use facebook.  You don't seem to be interested in the truth about what they are demanding.|BruiseKnee|2022-02-08 15:05:54.235|1|0|article-ottawa-mayor-wants-more-help-to-take-back-the-streets.json|globemail
Yeah, keep telling yourself that. |Retiré|2022-02-08 12:34:08.498|1|0|article-ottawa-mayor-wants-more-help-to-take-back-the-streets.json|globemail
You are kidding right?  Peaceful protestors not what I see I see a bunch of thugs and bullies attacking the public making businesses close out of fear and residents held hostage by these racist bullies for over a week.|Nevergoingretire|2022-02-08 06:32:05.404|1|0|article-ottawa-mayor-wants-more-help-to-take-back-the-streets.json|globemail
Which I suspect is why the Quebec City protesters were all gone by the 5 pm police deadline on Sunday. They know it's not smart to take on police officers in Quebec.|dave1405|2022-02-08 06:22:23.193|1|0|article-ottawa-mayor-wants-more-help-to-take-back-the-streets.json|globemail
Have you ever been to Homs?|Bob.McK|2022-02-08 11:19:58.677|1|0|article-ottawa-mayor-wants-more-help-to-take-back-the-streets.json|globemail
Sad times, but we've been heading here for a few years now. And you’re helping it out by paving the way.|Retiré|2022-02-08 12:46:10.252|1|0|article-ottawa-mayor-wants-more-help-to-take-back-the-streets.json|globemail
Minimization is a familiar tactic of evildoers.  Check out this MOU. Now that's insurrection !  https://canada-unity.com/mou/|Bob.McK|2022-02-08 11:19:17.632|1|0|article-ottawa-mayor-wants-more-help-to-take-back-the-streets.json|globemail
The organizing group has the ulterior motives.  The truckers are suckers. |Canadian in Alberta|2022-02-08 17:36:42.938|1|0|article-ottawa-mayor-wants-more-help-to-take-back-the-streets.json|globemail
A Peaceful Protest is not a insurrection? Officials are making this up. They should be directing their anger towards PM Trudeau who again today pored more gasoline onto the fire. Now vaccinated people are tearing up their vaccine cards. When will the Prime Minister stand and apologize for his behaviour?|Jack Reacher|2022-02-08 06:12:38.497|0|0|article-ottawa-mayor-wants-more-help-to-take-back-the-streets.json|globemail
I don't use facebook.|Bob.McK|2022-02-08 13:27:36.808|1|0|article-ottawa-mayor-wants-more-help-to-take-back-the-streets.json|globemail
"It's a tough one for the mayor as we now know that the illiterate mob is being led by a group of dedicated ex military and police security experts now making use of use of contacts with the abundant 5th column fascists in the relevant police forces.  ""convoy-protesters-police-tactical-knowledge""  Guerilla tactics like spreading children in the convoy and sprinkling containers of volatiles amongst the sheep looks like they are planning a Jonestown or ruby ridge.  These are traitors - they must be arrested and sentenced appropriately immediately. "|sethdayal|2022-02-10 22:58:21.329|0|0|article-ottawa-mayor-wants-more-help-to-take-back-the-streets.json|globemail
