﻿comment|username|datetime|isreply|num_replies|post_id|label
"Turns out that this little camping trip to Ottawa is the work of the main organizers of something called ""Canada Unity"", a cabal of far right wing extremists (gee, whodda thunk it?) with connections to ""Action4Canada"" (Bill Gates is injecting microchips via vaccine!) and ""Hold Fast Canada"" (Canada is operating concentration camps!) as well as:  - James Bauder, an admitted conspiracy theorist who has endorsed QAnon and called Covid-19 “the biggest political scam in history"".  - Chris Barber, a Saskatchewan trucker who was fined $14,000 in October for violating provincial public health measures.  - Tamara Lich, an activist for the Alberta secessionist Maverick Party.  - Benjamin Dichter, who has warned of the “growing Islamization of Canada”  - Pat King an anti-government agitator who has repeatedly called for Trudeau to be arrested.  ""Canada Unity"" issued a “memorandum of understanding” that it says will require the Senate to “go after the prime minister” for “corruption” and “fascism”.  In January organizer Pat King stated that their goals should be ""What we want to focus on is our politicians, their houses, their locations”.  These are the people behind this.   "|Thomas Darcy McGee|2022-02-08 17:48:29.330|0|7|article-ceo-of-canadas-largest-trucking-company-says-covid-19-vaccine-mandate.json|globemail
Good for him.  Doesn't change the fact that the PM ought to try to resolve this protest with dialogue before he resorts to busting heads with police or military. |BruiseKnee|2022-02-08 19:39:41.726|0|5|article-ceo-of-canadas-largest-trucking-company-says-covid-19-vaccine-mandate.json|globemail
An article about one man's opinion?  The government is going to have to answer some very difficult questions about why Canada is not ready like other nations to enter the endemic stage.|Nellis1|2022-02-08 17:01:06.207|0|5|article-ceo-of-canadas-largest-trucking-company-says-covid-19-vaccine-mandate.json|globemail
“ On Jan. 15, the federal government required non-essential Canadian workers including truck drivers to be fully vaccinated if they want to avoid a 14-day quarantine upon re-entry from the United States – a rule the Canadian Trucking Alliance asked to be delayed but has now accepted. “  Add to this quote - found an item on my cell phone if correct - with news that Ontario tow truck companies now REFUSE to hook up to big rigs in Ottawa and areas, what is going to happen now?  Any further thoughts about these two issues and the impact?|Observance|2022-02-08 16:53:47.686|0|5|article-ceo-of-canadas-largest-trucking-company-says-covid-19-vaccine-mandate.json|globemail
This isn't surprising given the fact that 90% are vaccinated.  Not to many trucks at the protest or convoys that are owned by large companies.  Most of those involved, if they are truckers, are the independent drivers.   However... “We have a few drivers that still say no, but what we do with them is we just keep them in Canada.”  This could present a problem if Trudeau follows through with the mandate that a driver has to be vaccinated to travel between Provinces.  |9401doug|2022-02-08 17:15:48.250|0|5|article-ceo-of-canadas-largest-trucking-company-says-covid-19-vaccine-mandate.json|globemail
When is Justin meeting with them ?|Dcdc4|2022-02-08 19:23:27.900|1|4|article-ceo-of-canadas-largest-trucking-company-says-covid-19-vaccine-mandate.json|globemail
I see that Saskatchewan and Alberta are leading the move to relax masking and gathering restrictions.  Well that certainly makes sense.  The provinces that have had the most success in keeping their citizens protected from COVID should be the first to be able to relax restrictions.  So, of the ten Canadian provinces, where do Alberta and Saskatchewan stand in protecting their people from contracting COVID?  Well, er, gulp, the statistics have them worst and second worst.  It seems that Jason Kenney's Alberta has, to-date, rung up the highest COVID cases-per-100,000-of-population at 11,435 and, never one to disappoint, Scott Moe has Saskatchewan in a close second place with 10,447.  Want more of your province's citizens to get COVID?  Just follow the strategy that Kenney and Moe have used to date - let 'er rip!   |Thomas Darcy McGee|2022-02-08 21:25:05.330|0|4|article-ceo-of-canadas-largest-trucking-company-says-covid-19-vaccine-mandate.json|globemail
CEO of Canada’s largest trucking company says COVID-19 vaccine mandate ‘not an issue at all’  He said this clueless elitist comment as he was licking the stamp of his Liberal Party of Canada donation remittance?  His opinion is of just one single elite Canadian, but he gets a headline.  Meanwhile, the thousands of workers who are in his industry and who think that there is an issue get called scum.  In the same publication.  What exactly is the message here?|Henry Egan|2022-02-09 00:06:28.133|0|4|article-ceo-of-canadas-largest-trucking-company-says-covid-19-vaccine-mandate.json|globemail
It’s nice to see his company is unaffected but that’s not the case for everyone else it the bigger picture is that our rights and freedoms have been sacrificed and that’s too big of a price, give us our darn freedoms back and don’t ever take them again, this is the underlying problem. |JETLAGJOHNNY|2022-02-08 21:33:32.143|0|4|article-ceo-of-canadas-largest-trucking-company-says-covid-19-vaccine-mandate.json|globemail
"""CEO of Canada’s largest trucking company says COVID-19 vaccine mandate ‘not an issue at all'  The biggest issue for us really in January is sick people in the U.S. with COVID”   Pretty much clarifies the situation.  This is about far right wing extremists who don't believe that all Canadians should take responsibility to protect each other.  It's about selfishness driving political action, at the expense of everyone else.  The CEO of this trucking company's point that COVID is much worse in the US, where mandates are much weaker or non-existent, makes very clear the outcome of selfishness and the failure of responsibility to act for the benefit of all.  This is Canada, not America, thank goodness.  Act like Canadians.   "|Thomas Darcy McGee|2022-02-08 17:02:39.242|0|3|article-ceo-of-canadas-largest-trucking-company-says-covid-19-vaccine-mandate.json|globemail
What one individual company does in the trucking industry in this country is irrelevant. The Canadian trucking industry is comprised of tens of thousands of individual drivers with their own trucks, they have heavy investment in their own capital equipment, working as sole operators. This gives them enormous independence, not to mention earning capacity, particularly if they haul fuel, especially in remote regions. These truckers know this country well. Globe and Mail, you don't understand basic things about how the real economy works, with the result you have failed to appreciate the power of this protest, or how widely shared these views are. Without these truckers the real economy will collapse. There's a reason - all of a sudden!!! - these provinces are lifting the mandates. Have the humility and the sense to admit that this is a legitimate and successful protest that is achieving its aims.  |app_73205541|2022-02-09 00:52:16.364|0|3|article-ceo-of-canadas-largest-trucking-company-says-covid-19-vaccine-mandate.json|globemail
I love this story because if you read it carefully, you’ll realize it is not what you think it’s about but rather trying to convince you of something that isn’t when it is.   G&M must think it’s readers are idiots. |M. Grimaldi|2022-02-08 18:47:24.877|0|3|article-ceo-of-canadas-largest-trucking-company-says-covid-19-vaccine-mandate.json|globemail
How do you know that kreskin? Are you allow to look over their financial books.|DougS1|2022-02-08 19:18:06.351|1|2|article-ceo-of-canadas-largest-trucking-company-says-covid-19-vaccine-mandate.json|globemail
A VERY important quote:  “We have a few drivers that still say no, but what we do with them is we just keep them in Canada.”  So, the NO segment either shares COVID while remaining at home, or, if you qualify, potentially carries it in with approval at the border.  Somehow this isn't working either way. Oh wait, I forgot: Joe had called and dictated what had to be done. Now it makes sense.|Top Level2|2022-02-08 22:01:52.367|0|2|article-ceo-of-canadas-largest-trucking-company-says-covid-19-vaccine-mandate.json|globemail
No Doug. I read the article.   Profit up 66%, revenue up 92%   I don’t need super powers to read. |kreskin|2022-02-08 19:59:42.827|1|2|article-ceo-of-canadas-largest-trucking-company-says-covid-19-vaccine-mandate.json|globemail
yawn… a third of the population supports the truckers and here is a list of a few people who many have never heard of.   Leger poll  44 per cent of those polled agreed with the statement: “I am vaccinated against COVID-19 but I do sympathize with the concerns and frustrations being voiced by people involved in the trucker protest in Ottawa.”  Also interesting,  the same percentage of people who support the trucker protest (32%) is the identical percentage of people who voted for Justin in the last election!  So if the truckers are a fringe minority, per Justin himself, does that make the people who voted for him also a fringe minority? |kreskin|2022-02-08 18:56:02.159|1|2|article-ceo-of-canadas-largest-trucking-company-says-covid-19-vaccine-mandate.json|globemail
Of course he doesn’t have a problem with it his revenue is up 90%!!!!!!  His company is not getting 90% more orders, they have increased the price 90%!  He is making 60% more profit on the same number of trucks moving!!n  Does everyone really think that the extra cost is going to just disappear?  If you think this is a feel good story about truckers making due you are sadly mistaken.      |kreskin|2022-02-08 18:42:16.997|0|2|article-ceo-of-canadas-largest-trucking-company-says-covid-19-vaccine-mandate.json|globemail
People don’t get vaccinated for the common good, they get vaccinated for themselves.   The sooner you realize that the better.   PS you just got swindled by this column. |M. Grimaldi|2022-02-08 18:50:16.095|1|2|article-ceo-of-canadas-largest-trucking-company-says-covid-19-vaccine-mandate.json|globemail
Nope 👎   We need to join the world and open up, we are sufficiently vaccinated.  Back to work OTTAWA!!!|Rochdale68|2022-02-08 22:48:09.817|1|2|article-ceo-of-canadas-largest-trucking-company-says-covid-19-vaccine-mandate.json|globemail
Oddly enough the same percentage of people who support the truckers, 32%, is also the same percentage who voted for Justin.    |kreskin|2022-02-08 18:59:02.722|1|2|article-ceo-of-canadas-largest-trucking-company-says-covid-19-vaccine-mandate.json|globemail
Dropping mandates will not return us to normal any more than an ostrich burying it's head in the sand will make a pack of wolves go away. Your ideas are literally as evolved as those of a large flightless bird.|morantbay|2022-02-09 02:15:30.601|1|2|article-ceo-of-canadas-largest-trucking-company-says-covid-19-vaccine-mandate.json|globemail
The Guardian....give me a break...it's an opinion piece.|FST3|2022-02-08 18:29:21.763|1|2|article-ceo-of-canadas-largest-trucking-company-says-covid-19-vaccine-mandate.json|globemail
Was there ever a time when these words of the great bard were more relevant?  Life's but a walking shadow, a poor player, That struts and frets his hour upon the stage, And then is heard no more. It is a tale Told by an idiot, full of sound and fury, Signifying nothing. |Rank Stranger|2022-02-08 17:19:10.028|0|2|article-ceo-of-canadas-largest-trucking-company-says-covid-19-vaccine-mandate.json|globemail
I wish I could afford not to work like those truckers in Ottawa.  |rich2020|2022-02-09 01:59:04.477|1|2|article-ceo-of-canadas-largest-trucking-company-says-covid-19-vaccine-mandate.json|globemail
Maybe a Globe reporter should interview some of truckers in Ottawa too?|TGAM frustrates|2022-02-09 05:08:11.889|0|2|article-ceo-of-canadas-largest-trucking-company-says-covid-19-vaccine-mandate.json|globemail
"These ""truckers"" are liars. Here is behind the protest: https://www.theguardian.com/world/2022/feb/08/canada-ottawa-trucker-protest-extremist-qanon-neo-nazi  "|scottd|2022-02-08 16:58:32.936|0|2|article-ceo-of-canadas-largest-trucking-company-says-covid-19-vaccine-mandate.json|globemail
What I find interesting is Candace Bergen and Pierre Poilievre are quick to support, and even suggest we should listen to the protesters, but have said nothing about their efforts to actually meet with industry leaders to gain their perspective of actual facts, like those expressed above.  And they have the nerve to talk about divisive politics.   |DebbieTy|2022-02-08 19:19:43.179|0|2|article-ceo-of-canadas-largest-trucking-company-says-covid-19-vaccine-mandate.json|globemail
Then why have they handed out price increases to keep drivers and why am I having such delay in booking loads weeks in advance?  Their people on the ground seem to be experiencing it differently but hey Im only a customer|Reality czech|2022-02-08 20:03:07.590|0|2|article-ceo-of-canadas-largest-trucking-company-says-covid-19-vaccine-mandate.json|globemail
you guys make me laugh why do you go to trucking companys for input on the protest.they don,t drive a truck and most of them never did.thats old school truckers not many of them left that built their trucking companys that way anymore.so most sit in a office all day and you go to them for commets on the protest.lets something straight here they are full of self interest so thats what you get.you guys appeal to certain indiveduals but i,ve been there and done that so i know bull trash when i read it.ask any trucker about the daily put on hold over and over on a phone call they just called it for what it was  ignore. they are use to the ignore line and it seems the liberal goverment opperates the same system. this time though they want someone to answer  the phone and get some attention10/4. its about more than covid and you all know it.|app_69258133|2022-02-09 11:30:03.799|0|2|article-ceo-of-canadas-largest-trucking-company-says-covid-19-vaccine-mandate.json|globemail
The opinions of CEOs is not what matters here. We don't need to hear from CEOs, we hear from them enough as it is. Globe lost the plot once again. |EastCoastSkeptic|2022-02-08 19:19:22.243|0|2|article-ceo-of-canadas-largest-trucking-company-says-covid-19-vaccine-mandate.json|globemail
What? But theyre wearing Canadian flags as capes. How can you deny their special level of patriotism?|roy_f|2022-02-08 19:19:20.065|1|2|article-ceo-of-canadas-largest-trucking-company-says-covid-19-vaccine-mandate.json|globemail
It’s over - time to drop all mandates and return normal !!|Rochdale68|2022-02-08 22:46:43.721|1|2|article-ceo-of-canadas-largest-trucking-company-says-covid-19-vaccine-mandate.json|globemail
"This article proves that the ""anarchists"" in Ottawa ""Truckers Protest"" are nothing but a bunch of trouble causing misfits who deserve no support from Canadians! The purpose of the ""protest"" is to cause as much inconvenience as possible and to create a phony crisis so anarchists can try to control the government! "|Retired04|2022-02-08 16:40:12.939|0|1|article-ceo-of-canadas-largest-trucking-company-says-covid-19-vaccine-mandate.json|globemail
Yet an unvaccinated trucker going from the US to Ontario must quarantine for 14 days but a trucker going from Alberta  to Ontario is exempt. I'm pro vaccine but the logic is missing. |mainvestor|2022-02-08 21:29:26.949|1|1|article-ceo-of-canadas-largest-trucking-company-says-covid-19-vaccine-mandate.json|globemail
When is Justin meeting with them ? Why should Trudeau meet with them when, as indicated by the CEO of Canada's largest trucking company, there is NO issue to discuss in the first place.  Their so-called mandate grievance is a total fabrication, which alt-right and foreign forces have blown out of proportion for their own political purposes.  |PHILCO3|2022-02-08 20:54:55.364|1|1|article-ceo-of-canadas-largest-trucking-company-says-covid-19-vaccine-mandate.json|globemail
This has little to do with truckers . . . they just don't realize that they are being used   |SCP|2022-02-08 21:53:19.384|0|1|article-ceo-of-canadas-largest-trucking-company-says-covid-19-vaccine-mandate.json|globemail
I’ve heard that towing companies in Ottawa are refusing to respond to authorities requests to tow away trucks in the Freedom Convoy that have been declared illegally blocking streets. The reason they give is that they’ll be black- listed by the trucking companies who own the trucks or hire the drivers and their trucks. Since TFI appears to be neutral and unaffected by the vaccine mandate for truckers, why can’t it and other trucking companies announce a policy that they will never withdraw business from towing operators who respond to authorities’ requests to tow away protesters’ trucks that are illegally parked? |Robert Turnbull|2022-02-08 18:43:10.205|0|1|article-ceo-of-canadas-largest-trucking-company-says-covid-19-vaccine-mandate.json|globemail
"Is the point of this article to suggest that none of these protesting people have suffered any real loss as a result of Covid restrictions. Why doesn't the G&M try to interview some of them so they could detail what those losses might be? We need more ""information"" from real reporters and less gas lighting from pundits sitting in warm offices."|dcarletons|2022-02-08 20:48:09.424|0|1|article-ceo-of-canadas-largest-trucking-company-says-covid-19-vaccine-mandate.json|globemail
I did business with TFI for many years.  Top quality transport firm.  I appreciate their perspective, and believe it is accurate of the real picture.  |BScammell|2022-02-08 20:39:41.931|0|1|article-ceo-of-canadas-largest-trucking-company-says-covid-19-vaccine-mandate.json|globemail
Awww, doesn't fit your narrative? |TKennit|2022-02-08 20:00:53.280|1|1|article-ceo-of-canadas-largest-trucking-company-says-covid-19-vaccine-mandate.json|globemail
I would say more than majority of people do not support the trucker as of now. They may of had support the 1st week of the protest but not now. They are fed up with the far right fringe protestors as we are all fed up with this Virus. No more excuses for the convoy protestors. It’s getting kind of ridiculous for their reasons for more blockages.|DougS1|2022-02-08 19:28:08.862|1|1|article-ceo-of-canadas-largest-trucking-company-says-covid-19-vaccine-mandate.json|globemail
Big tough truck drivers scared of a needle?   My granddaughter asked for the vaccination and got it.  She is 11. She has more sense than a (supposedly adult) truck driver.  |Expectationzs|2022-02-08 22:08:22.326|1|1|article-ceo-of-canadas-largest-trucking-company-says-covid-19-vaccine-mandate.json|globemail
Wow.  I hope the truckers are getting bonuses out of those record profits. |Alison_D|2022-02-08 17:49:09.046|0|1|article-ceo-of-canadas-largest-trucking-company-says-covid-19-vaccine-mandate.json|globemail
This is such a cop-out response- claiming its wrong, providing no evidence, and stating that anyone who doesn't see it is an idiot.  |1580509653743|2022-02-08 19:22:02.367|1|1|article-ceo-of-canadas-largest-trucking-company-says-covid-19-vaccine-mandate.json|globemail
No, we’re doing fine, time for those who chose not to work instead of getting vaccinated need to continue to stay home or get vaccinated.|Rod Sheridan|2022-02-08 21:52:33.401|1|1|article-ceo-of-canadas-largest-trucking-company-says-covid-19-vaccine-mandate.json|globemail
Well said Alain Bedard. The vaccine mandates should not be an issue and for TFI they are clearly not consequential. Mask mandates and Covid-19 vaccines have saved tens of thousands of Canadian lives and billions of dollars in health care spending. It is unfortunate that a small minority of Canadians are placing unnecessary strain on truly heroic health care workers, ignoring the welfare of friends and family, wallowing in a sea of conspiracy theories and breaking a growing number of Canadian laws for no good reason.  It is past time for all Canadians to get fully vaccinated. It is the caring and patriotic thing to do.|Torbayguy|2022-02-08 18:20:51.438|0|1|article-ceo-of-canadas-largest-trucking-company-says-covid-19-vaccine-mandate.json|globemail
I believe he answered your question in the final paragraph….  “The trucking sector continues to face hurdles including a dire labour shortage, but surging demand for consumer items, raw materials and manufacturing components has fuelled growth across the industry.”  The industry has been faced with a labor shortage before the pandemic even started.|DebbieTy|2022-02-08 20:20:52.216|1|1|article-ceo-of-canadas-largest-trucking-company-says-covid-19-vaccine-mandate.json|globemail
Thanks to the posters before me shedding more light on who is behind this ridiculous and now dangerous movement.  Come on Globe and Mail!  Where is your reporting on these organizers?!  Get the info out on a headline, not buried here somewhere in the comments with links to the Guardian.  More Canadians need to understand what is really going on here. Seditionists who don’t really believe in democracy, want to impose their minority uneducated, backward, delusional opinions on the rest of us.  Enough is enough!|Candace9911|2022-02-08 19:12:44.634|0|1|article-ceo-of-canadas-largest-trucking-company-says-covid-19-vaccine-mandate.json|globemail
You must be a slow learner, the CEO says he has no problem with the mandate of being vaccinated. Only the the American driver getting sick down south in the companies they own and getting replacements for them. Lots of work in Canada for the unvaccinated. Plain and simple|DougS1|2022-02-08 19:16:18.151|1|1|article-ceo-of-canadas-largest-trucking-company-says-covid-19-vaccine-mandate.json|globemail
I have been vaccinated three times for myself and everyone else!  This is the way to end the pandemic.  Not everybody is completely self centred as you suggest.|davidb1948|2022-02-08 19:04:16.877|1|1|article-ceo-of-canadas-largest-trucking-company-says-covid-19-vaccine-mandate.json|globemail
Then the trucker mandate is even more pointless and unneeded.|tinman1957|2022-02-08 18:48:39.611|0|1|article-ceo-of-canadas-largest-trucking-company-says-covid-19-vaccine-mandate.json|globemail
Good to hear that real truckers are doing well.|ZayWhat|2022-02-08 18:21:01.962|0|1|article-ceo-of-canadas-largest-trucking-company-says-covid-19-vaccine-mandate.json|globemail
Wake up Thomas - it’s coming apart and fast.  NP:  “Liberal MP breaks ranks and criticizes public health policies dividing Canadians 1103 Comments”  How is muse   Back to work lefties !!!!!|Rochdale68|2022-02-08 22:53:16.313|1|1|article-ceo-of-canadas-largest-trucking-company-says-covid-19-vaccine-mandate.json|globemail
"Real Truckers are working; wannabes are parked in Ottawa.  Tow these faux ""patriots""; impound their ""Rigs"".  Lay all possible charges, and watch them fail to renew their vehicle permits and Drivers' Licences."|B.S.H|2022-02-08 19:00:03.930|0|1|article-ceo-of-canadas-largest-trucking-company-says-covid-19-vaccine-mandate.json|globemail
I would have asked:  what are the implications for truck insurance for owners and drivers who are not using the vehicles for the licensed purpose. can there be repercussions on driver's licenses for truckers who are charged? Does he have drivers or trucks involved in the protest. Would he hire a driver who has participating in the occupation?  |app_73140336|2022-02-08 20:16:18.222|0|1|article-ceo-of-canadas-largest-trucking-company-says-covid-19-vaccine-mandate.json|globemail
So what is it really about?  A leading figure in the trucking industry stated that the mandates aren't an issue for him or his drivers.  The article goes on to provide details which support it and goes on to furnish interesting statistics about freight volumes.  Evidently I missed something.  Perhaps you could be explicit rather than oblique for the benefit of those who see nothing between the lines.|WhistlingInTheDark|2022-02-08 19:11:49.238|1|1|article-ceo-of-canadas-largest-trucking-company-says-covid-19-vaccine-mandate.json|globemail
On my drive out this morning, I saw many large trucks driving down the road on their various routes and deliveries. I wanted to wave “thank you” but didn’t want to distract them on the road. It occurred to me that we have said thank you to many of the front line workers and felt frustrated that, especially now, it is hard to say thank you to the hard working truckers who make our lives easier and better by doing their hard and dangerous work. It would be great to have a way to say “thank you” to the truck drivers still on the road!|Thomas Kell|2022-02-08 19:22:44.095|0|1|article-ceo-of-canadas-largest-trucking-company-says-covid-19-vaccine-mandate.json|globemail
"It's looking more and more like all the illegal blockades are a hissy fit by truckers who didn't like their previous status as ""essential"" downgraded to that of ""vaccinated"" or ""unvaccinated"". For this outrage, Trudeau  must go. Or Kenney should go. Or...whatever."|Jimbo5|2022-02-08 16:41:15.312|0|1|article-ceo-of-canadas-largest-trucking-company-says-covid-19-vaccine-mandate.json|globemail
Bigger and more widespread…amongst the people you choose to associate with.  This is the very definition of an echo chamber.|Haywood|2022-02-08 18:12:34.674|1|1|article-ceo-of-canadas-largest-trucking-company-says-covid-19-vaccine-mandate.json|globemail
elite?   someone worked hard all his life to get to the place he is at and you call his success elite?  what are you lazy and jealous?|app_65708252|2022-02-09 03:38:07.747|1|1|article-ceo-of-canadas-largest-trucking-company-says-covid-19-vaccine-mandate.json|globemail
We aren't surprised because this protest isn't about mandates.  It's about not being able to win an election.|Jellybird|2022-02-08 17:31:27.255|0|1|article-ceo-of-canadas-largest-trucking-company-says-covid-19-vaccine-mandate.json|globemail
"These protests are not trucker protests. They are wingnut, far right, CON protests. The wingnuts are very good at hijacking the identities of groups that have a more simpathetic profile and concepts - such as ""freedom"" - which have a wider appeal than their actual profile and actual agenda.  Most of us are not fooled."|morantbay|2022-02-09 02:12:25.452|0|1|article-ceo-of-canadas-largest-trucking-company-says-covid-19-vaccine-mandate.json|globemail
From a link helpfully provided by another poster.  More here:  theguardian.com/world/2022/feb/08/canada-ottawa-trucker-protest-extremist-qanon-neo-nazi  These are the people that Conservative Party leaders Pierre Poilievre, Candice Bergen, Marilyn Gladu are offering their support to.|Thomas Darcy McGee|2022-02-08 17:50:53.711|1|1|article-ceo-of-canadas-largest-trucking-company-says-covid-19-vaccine-mandate.json|globemail
“Vaccination at TFI is not an issue at all,” chairman and CEO Alain Bedard said Tuesday.” says it all. What’s the rumpus in Ottawa. |app_72155046|2022-02-09 05:36:43.126|0|1|article-ceo-of-canadas-largest-trucking-company-says-covid-19-vaccine-mandate.json|globemail
Are you talking about JT, it sure reads like it.|Stacy60|2022-02-08 17:57:06.670|1|1|article-ceo-of-canadas-largest-trucking-company-says-covid-19-vaccine-mandate.json|globemail
I was grateful to hear the court ordered the trucks and cars to stop honking for ten days while he determined the status of the class-action law-suit for damages.|dubdubu|2022-02-08 17:28:54.390|0|1|article-ceo-of-canadas-largest-trucking-company-says-covid-19-vaccine-mandate.json|globemail
This could present a problem if Trudeau follows through with the mandate that a driver has to be vaccinated to travel between Provinces.  He will not..............it's not his call.  . |Ivan Dobren|2022-02-08 17:18:28.277|1|1|article-ceo-of-canadas-largest-trucking-company-says-covid-19-vaccine-mandate.json|globemail
I just got back home after spending the last weekend in Ottawa.   It should be obvious to anyone who spends time walking around the downtown that the truckers blockade -- regardless of how legitimate or true to its original cause it was in the beginning -- has been shanghaied by a group that is ...well, you name it: angry, bitter, confused and disillusioned ... with their life in Canada. Call them anti-government, call them American-style Trumpsters, call them the religious right. Call them whatever -- it ain't about truckers anymore, or even mandates, and the negative sentiment is a lot bigger and more widespread than many people think,|The Big Bad Wolf|2022-02-08 17:15:27.591|0|1|article-ceo-of-canadas-largest-trucking-company-says-covid-19-vaccine-mandate.json|globemail
Amazing how truckers changed the science. Example, vax tax axed, O'Fool turfed, Trudeau vanished, Lego in a tizzy, Alberta and Sask dropped all mandates; but its not political. Lmao.|DunkSib|2022-02-09 03:38:18.608|0|0|article-ceo-of-canadas-largest-trucking-company-says-covid-19-vaccine-mandate.json|globemail
Yes! The truckers are being used by the Conservative party and the extreme right. The Conservatives helped create the fire and they keep feeding it. They then scream that Trudeau must put out the fire. Anyone who falls for this right-wing scam is a fool.|Charurls|2022-02-09 02:41:31.811|1|0|article-ceo-of-canadas-largest-trucking-company-says-covid-19-vaccine-mandate.json|globemail
There are labour shortages all through the economy. Truck drivers do not have to be truck drivers, then can take other jobs if the pay does not keep up.|Steven Forth|2022-02-08 22:47:32.718|1|0|article-ceo-of-canadas-largest-trucking-company-says-covid-19-vaccine-mandate.json|globemail
So the official reason for the protests is a load of B.S.? |BRUCEHUNTER3|2022-02-09 03:25:36.566|0|0|article-ceo-of-canadas-largest-trucking-company-says-covid-19-vaccine-mandate.json|globemail
"It is discussions with people representing science, politics, business that should gather attention, not some ""Russian style"" hooligan gatherings... Using trucks to try to destabilize public life is a new idea that may require legal amendments to tackle with it in a predictable way."|app_66456147|2022-02-09 02:55:02.449|0|0|article-ceo-of-canadas-largest-trucking-company-says-covid-19-vaccine-mandate.json|globemail
Real truckers are in their trucks, moving things. Real farmers are at the curling rink.  Real journalists should ask how several tractors appeared in front of the ROM on Friday night. They were all John Deere, and while not the best of the best, they all had heated cabs. Now that's a story. Who is funding this scam?|Bishenden|2022-02-09 02:43:57.911|0|0|article-ceo-of-canadas-largest-trucking-company-says-covid-19-vaccine-mandate.json|globemail
All good questions. I would like to know the answers!|Steven Forth|2022-02-08 20:30:44.873|1|0|article-ceo-of-canadas-largest-trucking-company-says-covid-19-vaccine-mandate.json|globemail
Amazing how easy it seems to be to whip up public enthusiasm for a police state.|dcarletons|2022-02-08 20:39:09.724|0|0|article-ceo-of-canadas-largest-trucking-company-says-covid-19-vaccine-mandate.json|globemail
"The ""protest"" has been planned and ""highjacked"" by people who have very little to do with trucking!  Their goals are to destabilize Canada, cause as much trouble as possible, interfere in the day life of Canadians and see what power they can get out of that.   That is why the Feds have to move strongly, get the leaders arrested, and the movement eliminated."|prague|2022-02-09 04:10:26.933|0|0|article-ceo-of-canadas-largest-trucking-company-says-covid-19-vaccine-mandate.json|globemail
"In Ottawa we have ""people with trucks"", not truckers."|Leese1|2022-02-09 12:09:20.581|1|0|article-ceo-of-canadas-largest-trucking-company-says-covid-19-vaccine-mandate.json|globemail
There’s been a driver shortage since the 90s.|MarkTilley|2022-02-08 20:35:44.767|1|0|article-ceo-of-canadas-largest-trucking-company-says-covid-19-vaccine-mandate.json|globemail
Those aren’t real long haul truckers. These are guys and some women who drive a truck to weaponize and choke off the city of Ottawa. Real hard working truckers don’t align with this occupation. I’m not aware of any trucking company owned or operated by any extremist organization. I’m also not aware of any Canadian trucking company seeking crazy concessions from the government. The people in Ottawa are the worst of us. |Golf guy3|2022-02-09 10:59:24.949|1|0|article-ceo-of-canadas-largest-trucking-company-says-covid-19-vaccine-mandate.json|globemail
Exactly, and like he said, the end to the exemption was predictable…|Alex1120|2022-02-09 05:56:45.123|1|0|article-ceo-of-canadas-largest-trucking-company-says-covid-19-vaccine-mandate.json|globemail
Punctuation and grammar are your friends.|Leese1|2022-02-09 12:08:09.221|1|0|article-ceo-of-canadas-largest-trucking-company-says-covid-19-vaccine-mandate.json|globemail
Of course it is not an issue as the drivers can't get into the US in the first place without vaccination.   |Zakrat|2022-02-08 20:01:08.036|0|0|article-ceo-of-canadas-largest-trucking-company-says-covid-19-vaccine-mandate.json|globemail
because it comments on the falsehood that the so-called 'mandate on truckers' is costing them their job or that it'll slow down supply/cause supply shortage. The reality is, as evidenced by this report, it has zero impact on truckers employment or the trucking industries ability to transport goods. Unvaxxed drivers merely get re-assigned to domestic routes.    |Luhar|2022-02-09 23:06:10.641|1|0|article-ceo-of-canadas-largest-trucking-company-says-covid-19-vaccine-mandate.json|globemail
What kind of dialogue do you suggest. Is there a middle position here, like we will lift federal mandates as quickly as possible, while following the lead of public health experts. Oh, that's what we are already doing.|Steven Forth|2022-02-08 22:49:18.666|1|0|article-ceo-of-canadas-largest-trucking-company-says-covid-19-vaccine-mandate.json|globemail
The major trucking companies in Canada must, as one, step up and speakk out against this insurrection being committed by radical elements in Canada, in the name of the trucking industry. If this activity is indeed condemned by the majority in the industry, they must speak up and out loudly against it all. Otherwise their silence implies complicity and agreement with the behaviours and Canadians will view it as an attack upon themselves. Truckers will pay the price for years to come if they don't separate themselves from criminal activity clearly decisively. Businesses employing truckers must look seriously at whom they hire from this point on, as employing law breakers will taint their reputations and business success as time goes on. |History Hunter|2022-02-09 20:56:04.630|0|0|article-ceo-of-canadas-largest-trucking-company-says-covid-19-vaccine-mandate.json|globemail
No, people whose objective is to have the Governor General help them stage a coup, don’t deserve any time from officials.  Time for those people to step up, get vaccinated and go to work.|Rod Sheridan|2022-02-08 21:55:06.997|1|0|article-ceo-of-canadas-largest-trucking-company-says-covid-19-vaccine-mandate.json|globemail
"with who? the ""self-declared spokesman for the anti-vaccine mandate protest clogging Ottawa who said late Monday night he wants to form a “coalition” with the Conservatives, NDP and Bloc Quebecois"" see globe article Blain and Mendocino.... A non elected person trying to overthrow an elected government? The alleged issue of quarantining after travel for non vaccinated will be resolved and should have been addressed by common sense a long time ago. But that is clearly not the issue now.   Trudeau has painted himself into a corner. Looks weak by doing nothing for a long time. Divisive with his refusal to address the concerns of the  ""fringe"". A military or heavy police solution may backfire.   The right solution of addressing the stupid travel restrictions and border mandates has long passed. If he implements the correct solution regarding border crossing, he looks weak. Also won't be enough because his lack of response has emboldened the group. they want more! A problem of his own making. "|mainvestor|2022-02-08 21:25:40.890|1|0|article-ceo-of-canadas-largest-trucking-company-says-covid-19-vaccine-mandate.json|globemail
It does change things.  Not only is the trucking industry not negatively affected by the Covid mandate, it is making record profits.  In other words, the whole reason for the convoy, as cited by the small minority of noisy truckers pushing it,  is totally bogus.  Thx for calling out these fraudsters, Mr. Bedard.   This provides even further reason to clear them out of Ottawa immediately.    |PHILCO3|2022-02-08 20:47:43.186|1|0|article-ceo-of-canadas-largest-trucking-company-says-covid-19-vaccine-mandate.json|globemail
"Do you think the Prime Minister should ""dialogue"" with every group that sets up a blockade on Wellington Street? Are there any groups your rule wouldn't apply to? "|news reader 2020|2022-02-08 20:26:50.618|1|0|article-ceo-of-canadas-largest-trucking-company-says-covid-19-vaccine-mandate.json|globemail
We all have more Freedom than most countries in the world. To use this protest as a Freedom convoy is a Joke|DougS1|2022-02-11 10:58:26.031|1|0|article-ceo-of-canadas-largest-trucking-company-says-covid-19-vaccine-mandate.json|globemail
Afford not to work. Their employment was terminated thanks to the scamdemic. The Scamdemic has already taken $700 bn from Canadian taxpayers.|DunkSib|2022-02-09 03:39:21.406|1|0|article-ceo-of-canadas-largest-trucking-company-says-covid-19-vaccine-mandate.json|globemail
driverless trucks.  no more whining.|Fred8888|2022-02-09 02:03:53.771|0|0|article-ceo-of-canadas-largest-trucking-company-says-covid-19-vaccine-mandate.json|globemail
The truckers are the Trojan Horse of the alt right and ne’er do wells in general.|Stonebridge|2022-02-09 01:39:14.598|0|0|article-ceo-of-canadas-largest-trucking-company-says-covid-19-vaccine-mandate.json|globemail
nope|idoubtit most of the time|2022-02-08 23:43:56.375|1|0|article-ceo-of-canadas-largest-trucking-company-says-covid-19-vaccine-mandate.json|globemail
You never loss your rights or Freedom Jetlag. If you figured you loss them then go over to China and is what losing your rights and Freedom is really about. You will never know, talk is cheap behind a key board|DougS1|2022-02-11 11:11:38.098|1|0|article-ceo-of-canadas-largest-trucking-company-says-covid-19-vaccine-mandate.json|globemail
"Your rights and freedoms were given to you by the sacrifice of our brave men in uniform who fought in wars. Our Charter states that ""Section 1 effects a balance between the rights of the individual and the interests of society  by permitting limits to be placed on guaranteed rights and freedoms."" In the case of vaccination, the Public Health policy was instituted to protect the interests of society! So complain to the virus not the people who are trying to protect you from yourselves!!!"|Concerned407|2022-02-09 02:16:16.087|1|0|article-ceo-of-canadas-largest-trucking-company-says-covid-19-vaccine-mandate.json|globemail
My 7 year old wanted it....got it....no problem. Big bunch of babies whining right now. |MSM is making me barf|2022-02-08 22:59:56.552|1|0|article-ceo-of-canadas-largest-trucking-company-says-covid-19-vaccine-mandate.json|globemail
jackals, hyenas, wild dogs maybe, not wolves.|app_65708252|2022-02-09 03:39:15.947|1|0|article-ceo-of-canadas-largest-trucking-company-says-covid-19-vaccine-mandate.json|globemail
other parts of the civilized world asked people to get vaccinated and then started to progress towards endemic.. whereas in Canada, we got vaccinated and are still stuck in the same reoccurring cycle.  Truth is, majority of the country is just doing what it's told.. but at the same time, the majority of the country isn't being empathetic or compassionate enough to the minority who are greatly affected by the mandates, lockdowns, etc. We write them off as loons and this or that, but when did some on the opposing side actually take a step back to understand what they plights are? I know several restaurant owners who invested in their business, got vaccinate, their staff is vaccinated, but the govt still says nope, you can't open up.. some restaurants can't survive off take out.. clubs and bars can't survive at all.. do those people not matter?  I am triple vaxxed but I am against gov't overreach. Especially when there's so many holes in the game plans that they issue out (I would say most of the fault is at the provincial level).|$ADV$00754639|2022-02-09 16:24:53.676|1|0|article-ceo-of-canadas-largest-trucking-company-says-covid-19-vaccine-mandate.json|globemail
You'll note of course, that the rest of the civilized world requires you to get a vaccine.  Lose again!|idoubtit most of the time|2022-02-08 23:44:58.127|1|0|article-ceo-of-canadas-largest-trucking-company-says-covid-19-vaccine-mandate.json|globemail
Fair enough. Now the metaphor is zoologicaly accurate 😏|morantbay|2022-02-09 04:45:27.313|1|0|article-ceo-of-canadas-largest-trucking-company-says-covid-19-vaccine-mandate.json|globemail
You're still at the bottom level. Your elevator isn't working. |MSM is making me barf|2022-02-08 22:58:55.209|1|0|article-ceo-of-canadas-largest-trucking-company-says-covid-19-vaccine-mandate.json|globemail
Science- The Variant doesn't care about the Vaccine. Vaccines don't protect you from getting or spreading as I know (Positive 3 weeks after Boosted ). They do protect against serious illness.  Vaccinated Truckers can bring it over but who doesn't think it is already here?  Great News on his profits. I am raising prices too.  |Canada allan1|2022-02-08 22:39:28.389|0|0|article-ceo-of-canadas-largest-trucking-company-says-covid-19-vaccine-mandate.json|globemail
Well said!  |Paperboy81|2022-02-09 00:38:40.738|1|0|article-ceo-of-canadas-largest-trucking-company-says-covid-19-vaccine-mandate.json|globemail
I think the message is you have someone clueless about an industry commenting on something they really don’t know. Kinda feels like deja vu.  |CPFC08|2022-02-09 01:21:11.000|1|0|article-ceo-of-canadas-largest-trucking-company-says-covid-19-vaccine-mandate.json|globemail
You think that because you make stuff up, everyone will believe you.  Well I guess 32 do.  If they’d checked the statistics, they’d see that Quebec is the worse, both in terms of deaths and case counts. But keep spinning the fiction; as Barnum Bailey said, there’s one born every minute.|Bobm|2022-02-09 15:26:04.136|1|0|article-ceo-of-canadas-largest-trucking-company-says-covid-19-vaccine-mandate.json|globemail
It’s going to be the best summer ever! (Not)|app_70580971|2022-02-09 02:36:50.323|1|0|article-ceo-of-canadas-largest-trucking-company-says-covid-19-vaccine-mandate.json|globemail
nope- it's back to work cs truckers.|idoubtit most of the time|2022-02-08 23:46:20.701|1|0|article-ceo-of-canadas-largest-trucking-company-says-covid-19-vaccine-mandate.json|globemail
Some people are born into the elite.. some get there through hard work.. doesn't mean they are not elite? lol..  |$ADV$00754639|2022-02-09 16:17:19.293|1|0|article-ceo-of-canadas-largest-trucking-company-says-covid-19-vaccine-mandate.json|globemail
Don’t waste your breath - the fool prays at the altar of Justin 24/7 |Rochdale68|2022-02-08 22:51:22.298|1|0|article-ceo-of-canadas-largest-trucking-company-says-covid-19-vaccine-mandate.json|globemail
He the biggest trucking company in Canada, so what he says means something, it doesn’t he a liberal or Conservative or NDP supporter. He just telling the facts about the border crossing for his company employee and there is no problem. There is enough work here in Canada for his unvaccinated truckers to work who can’t cross the border|DougS1|2022-02-11 11:05:14.128|1|0|article-ceo-of-canadas-largest-trucking-company-says-covid-19-vaccine-mandate.json|globemail
If you read the article it basically says the impact at the border is negligible.  The trucking company is just on example.  The economy will collapse.  Lol.  The majority of them are vaccinated and just keep on driving. Simple case of 10% of the population making the most noise. |willy701|2022-02-09 01:25:17.216|1|0|article-ceo-of-canadas-largest-trucking-company-says-covid-19-vaccine-mandate.json|globemail
"Any losses the protesters have ""suffered"" are self-inflicted."|Ken in Kingston|2022-02-08 22:16:04.941|1|0|article-ceo-of-canadas-largest-trucking-company-says-covid-19-vaccine-mandate.json|globemail
a lot of folks in ottawa cant afford not to work and the yahoos are preventing them.|app_65708252|2022-02-09 03:36:48.540|1|0|article-ceo-of-canadas-largest-trucking-company-says-covid-19-vaccine-mandate.json|globemail
Ditto.|DarwinBeard|2022-02-09 00:51:57.798|1|0|article-ceo-of-canadas-largest-trucking-company-says-covid-19-vaccine-mandate.json|globemail
There is around 15,000 long haul rigs in Canada.|DougS1|2022-02-11 10:59:52.873|1|0|article-ceo-of-canadas-largest-trucking-company-says-covid-19-vaccine-mandate.json|globemail
"So much for the hype about the Ottawa occupiers -- the whiners -- as ""the truck drivers..."" The *real* truck drivers are on the job instead of partying and trying to throw their weight around. They're off the road now, and they should be kept off the road with rigs impounded and licenses suspended. None of them will be missed."|kapkum|2022-02-08 16:37:30.651|0|0|article-ceo-of-canadas-largest-trucking-company-says-covid-19-vaccine-mandate.json|globemail
 The protests are unneeded most definitely as it is the USA that mandates who enters their country not a foreign country . |Ken77777|2022-02-08 19:48:34.228|1|0|article-ceo-of-canadas-largest-trucking-company-says-covid-19-vaccine-mandate.json|globemail
I saw a driver yesterday aggressively cut off a line of traffic to back his rig into a space.  While there are many examples of good and responsible drivers, I have seen some dangerous and bonehead moves as well.  I work in healthcare and no one is launching a parade to give us thanks. We just get spit on by the anti-vaxxers and dumped on by an premier who has handed the government's health system over to the right wing fringe.  I personally don't think we need to thank people for not being anti-vax insurrectionists and for doing their job. It should be the norm. |app_73140336|2022-02-08 20:20:02.587|1|0|article-ceo-of-canadas-largest-trucking-company-says-covid-19-vaccine-mandate.json|globemail
But it's not an opinion...|Jellybird|2022-02-08 17:33:23.191|1|0|article-ceo-of-canadas-largest-trucking-company-says-covid-19-vaccine-mandate.json|globemail
Well said. Thank you. |Mike Risk|2022-02-08 17:39:24.930|1|0|article-ceo-of-canadas-largest-trucking-company-says-covid-19-vaccine-mandate.json|globemail
Clearly the trucking companies are able to accommodate the small number of unvaccinated truckers by giving them domestic routes. This really is about making trouble for ideological purposes and has nothing to do with making a living. The foreign funding of this insurrection is especially disturbing.|zuglo9|2022-02-08 19:01:32.228|1|0|article-ceo-of-canadas-largest-trucking-company-says-covid-19-vaccine-mandate.json|globemail
Every one should look at the graphs for infections. The curves in the US and Canada are almost identical. Omicron cases falling daily. Parallel  in both countries. Of course more infections in USA as it ha 10X the population of Canada.Texas has a population of 35M. Canada 37 M. Compare the graphs and stats.|lucy102|2022-02-09 02:52:22.874|1|0|article-ceo-of-canadas-largest-trucking-company-says-covid-19-vaccine-mandate.json|globemail
“We have a few drivers that still say no, but what we do with them is we just keep them in Canada.” Great idea|Richard Wright|2022-02-08 17:13:56.941|0|0|article-ceo-of-canadas-largest-trucking-company-says-covid-19-vaccine-mandate.json|globemail
"Haywood, I don't ""associate"" with anybody."|The Big Bad Wolf|2022-02-08 20:01:52.210|1|0|article-ceo-of-canadas-largest-trucking-company-says-covid-19-vaccine-mandate.json|globemail
So why are they still talking about it if it's not his call?  The federal government confirmed Monday that they’re looking to bring in vaccine mandates for any truck drivers going across provincial boundaries and Toronto is looking at a mandate for cab and Uber drivers.   https://torontosun.com/opinion/lilley-time-to-finally-allow-us-to-get-back-to-living-normal-lives |9401doug|2022-02-08 17:48:02.364|1|0|article-ceo-of-canadas-largest-trucking-company-says-covid-19-vaccine-mandate.json|globemail
You would think there are enough actual problems in this world without having to fabricate non-existent ones.   |Rank Stranger|2022-02-08 17:20:47.765|1|0|article-ceo-of-canadas-largest-trucking-company-says-covid-19-vaccine-mandate.json|globemail
"please share the source for ""mandate a driver has to be vaccinated to travel between provinces"""|Cailín|2022-02-08 17:26:57.408|1|0|article-ceo-of-canadas-largest-trucking-company-says-covid-19-vaccine-mandate.json|globemail
In have not heard that there is any suggestion of that.  Reference please.|dubdubu|2022-02-08 17:30:07.263|1|0|article-ceo-of-canadas-largest-trucking-company-says-covid-19-vaccine-mandate.json|globemail
No problem, those drivers will simply not be crossing provincial borders.|Rod Sheridan|2022-02-08 22:06:44.001|1|0|article-ceo-of-canadas-largest-trucking-company-says-covid-19-vaccine-mandate.json|globemail
“We have a few drivers that still say no, but what we do with them is we just keep them in Canada.”  Oh boy.......what a logical / reasoned / intelligent proposition. Perhaps that would be the reason  why Mr Bedard  is the CEO of the largest trucking company in the world and the truckers in Ottawa are doing ......what again? Getting $$$$ for protesting? Brilliant.  Anyway, typical far-right populist nonsense/junk. You don't like something so you try to impose your views/will on the majority of Canadians.  Shades of January 6th in the States.  . |Ivan Dobren|2022-02-08 17:17:33.261|0|0|article-ceo-of-canadas-largest-trucking-company-says-covid-19-vaccine-mandate.json|globemail
O’Tool but oh yea he gone|DougS1|2022-02-08 19:29:31.259|1|0|article-ceo-of-canadas-largest-trucking-company-says-covid-19-vaccine-mandate.json|globemail
I always thought this passage was bemoaning the ultimate futility of human existence.   Not sure it really has much to do with the current situation unless we remove the first sentence, in which case both sides would be quick to point to it as truth.       |WhistlingInTheDark|2022-02-08 18:44:05.720|1|0|article-ceo-of-canadas-largest-trucking-company-says-covid-19-vaccine-mandate.json|globemail
It is my contention that truckers are a convenient smokescreen for the organizers.    Much like draping flags, talk of Charter rights, and reciting the Lord's Prayer, it's a distraction from the real agenda, which is that they are fed up with COVID restrictions and would like them to become a wedge issue to drum up support for a wider populist movement.  It isn't really about truckers at all, but they are symbolic of working class people and have acted nobly as we struggle through COVID, making them the perfect poster child.  It doesn't hurt that semis are ideal for blocking traffic.  It is my contention that the people occupying downtown Ottawa are being duped by Lich and Canada Unity.|WhistlingInTheDark|2022-02-08 17:28:42.144|0|0|article-ceo-of-canadas-largest-trucking-company-says-covid-19-vaccine-mandate.json|globemail
While I support the protest I also agree there was no need for the honking to continue. |kreskin|2022-02-08 19:24:11.529|1|0|article-ceo-of-canadas-largest-trucking-company-says-covid-19-vaccine-mandate.json|globemail
One very informed man's opinion.  It's worth countless uninformed opinions.|George Bay|2022-02-08 17:34:35.520|1|0|article-ceo-of-canadas-largest-trucking-company-says-covid-19-vaccine-mandate.json|globemail
No it's about facts, provided by the head of Canada's largest trucking company.  What are your credentials to speak about trucking? |rationalist|2022-02-08 17:29:16.666|1|0|article-ceo-of-canadas-largest-trucking-company-says-covid-19-vaccine-mandate.json|globemail
Oddly enough 33 1/3% of the dogs in my house are female.  Coincidence? I think not.|Rod Sheridan|2022-02-08 22:05:08.906|1|0|article-ceo-of-canadas-largest-trucking-company-says-covid-19-vaccine-mandate.json|globemail
NO, the gov't does not have to answer difficult questions, they're too busy focusing on the economy, managing a global pandemic and fringe protestors who are holding parts of Canada hostage!  |Cailín|2022-02-08 17:29:05.912|1|0|article-ceo-of-canadas-largest-trucking-company-says-covid-19-vaccine-mandate.json|globemail
Please remember the leader of the CPC and her caucus are 100% behind these anarchists.  And yet somehow they think they are fit to govern.|dubdubu|2022-02-08 17:37:17.169|1|0|article-ceo-of-canadas-largest-trucking-company-says-covid-19-vaccine-mandate.json|globemail
Or they should go to a vaccination clinic, roll up their sleeve like an adult and solve the issue.|Rod Sheridan|2022-02-08 22:10:12.932|1|0|article-ceo-of-canadas-largest-trucking-company-says-covid-19-vaccine-mandate.json|globemail
The adults are working. They understand.|Randall Leigh|2022-02-08 16:41:27.083|0|0|article-ceo-of-canadas-largest-trucking-company-says-covid-19-vaccine-mandate.json|globemail
Which proves that all these protesters are raging against anything that interferes with their freedom if if somewhat limiting that freedom helps society. Most Canadians don't support their protests but they don't care. It is all about imposing their demands on an unwilling public.|Paul45|2022-02-08 16:42:18.972|0|0|article-ceo-of-canadas-largest-trucking-company-says-covid-19-vaccine-mandate.json|globemail
of course not!! I support the drivers working day in and day out...respect!!|Cailín|2022-02-08 16:51:50.704|0|0|article-ceo-of-canadas-largest-trucking-company-says-covid-19-vaccine-mandate.json|globemail
1. They have to accept it since the U.S. won't let unvaccinated truck drivers in anyways. 2. The tow truck drivers are concerned for their safety, and some are sympathizers. If they tow they risk being harassed, doxxed, or worse, as we've seen how the occupiers behave. Can we guarantee their safety or will the army be required to do the towing. Hopefully we'll find out soon enough.|LyndonL|2022-02-08 17:03:35.149|1|0|article-ceo-of-canadas-largest-trucking-company-says-covid-19-vaccine-mandate.json|globemail
"Observance, you are correct, at least according to aCBC report from early this morning: ""According to Kanellakos (Steve Kanellakos, Ottawa City Manager), Mayor Jim Watson has reached out to his counterparts in other Ontario municipalities, but no dice. ""Right now, the consensus seems to be that many of them (tow truck drivers) — or most of them — don't want to do the work because … they rely on on the the heavy truck industry for their livelihood, and they don't want to damage that part of their business. That's the position they're taking, at least."" Source: https://www.cbc.ca/news/canada/ottawa/tow-truck-ottawa-convoy-protest-refuse-1.6343177  "|with kind regards|2022-02-08 17:11:42.978|1|0|article-ceo-of-canadas-largest-trucking-company-says-covid-19-vaccine-mandate.json|globemail
They've already had people towed, the city also has their own vehicles (albiet it'll take longer with private companies help)|Richard Wright|2022-02-08 17:16:54.695|1|0|article-ceo-of-canadas-largest-trucking-company-says-covid-19-vaccine-mandate.json|globemail
All towers refusing to work for the City now will not be permitted to later.  It is quite simple.  It is called capitalism.|dubdubu|2022-02-08 17:35:21.919|1|0|article-ceo-of-canadas-largest-trucking-company-says-covid-19-vaccine-mandate.json|globemail
If the private tow operators won't do it -- afraid of getting on the bad side of some of the truckers -- the Canadian army has the capability.  It will just take a little longer.  It's called Aid to Civil Authority. . |michaelmoore|2022-02-08 18:40:43.889|1|0|article-ceo-of-canadas-largest-trucking-company-says-covid-19-vaccine-mandate.json|globemail
And the Ontario Truckers Association does not support these people. This has less to do with COVID than White Supremacy and conspiracy theories.|James C. Butler|2022-02-08 16:55:22.020|0|0|article-ceo-of-canadas-largest-trucking-company-says-covid-19-vaccine-mandate.json|globemail
It’s not about mandates or truckers..it’s about arrogant selfish thugs|Johnaitken1|2022-02-08 16:58:08.560|0|0|article-ceo-of-canadas-largest-trucking-company-says-covid-19-vaccine-mandate.json|globemail
Thanks for the link.  Pretty much what I had suspected all along.  Much more to this than a bunch of random truck drivers getting together to protest against vaccination requirements.  We need a full scale inquiry as the depth and criminality seem quite apparent,|Thomas Darcy McGee|2022-02-08 17:11:50.228|1|0|article-ceo-of-canadas-largest-trucking-company-says-covid-19-vaccine-mandate.json|globemail
Thanks.  Very useful reference. |Rank Stranger|2022-02-08 17:28:35.484|1|0|article-ceo-of-canadas-largest-trucking-company-says-covid-19-vaccine-mandate.json|globemail
Am I missing something?  Is removing restrictions going to be difficult?  Are the health care workers going to miss the long hours, and the hassling from the denialists? Might I forget that I won't need to wear a mask, and put it on anyway, or forget to hug relatives with whom I'm not bubbling?  I think everyone is ready for the endemic stage, but we're not quite there yet.  |Rank Stranger|2022-02-08 17:27:04.068|1|0|article-ceo-of-canadas-largest-trucking-company-says-covid-19-vaccine-mandate.json|globemail
Oddly enough, the percentages are irrelevant when it comes to the vote in Canada. |PIFCO3|2022-02-08 19:45:29.857|1|0|article-ceo-of-canadas-largest-trucking-company-says-covid-19-vaccine-mandate.json|globemail
It's not marked as an opinion piece, and gives some very interesting background about the organizers, much of which I knew already.  The Guardian is a left leaning paper, of that there can be no doubt.  But if there are misrepresenations contained within the article, I am sure many on this forum would appreciate it if you were to point them out.  Dismissing a well-researched news story as an opinion piece isn't the most credible way to counter the information contained within it.   Many people who support the protest might be disturbed to learn of the history and background of the organizers.  M. Poilievre and Ms Bergen certainly ought to be; the CPC is not a far right organization.|WhistlingInTheDark|2022-02-08 18:50:53.431|1|0|article-ceo-of-canadas-largest-trucking-company-says-covid-19-vaccine-mandate.json|globemail
Hey Debbie if you think it’s divisive google   Joel Lightbound  |kreskin|2022-02-08 21:16:42.280|1|0|article-ceo-of-canadas-largest-trucking-company-says-covid-19-vaccine-mandate.json|globemail
"Revenue is derived from P*Q (Price X quantity for those without business training).   From the Q3 company results ""For the nine-months ended September 30, 2021, revenue increased by $82.7 million or 25.3%, from $327.4 million in 2020 to $410.1 million in 2021. This increase is mostly related to higher e-commerce volume that remains strong since the beginning of the COVID-19 situation, and to increases in businessto-business volume which is beginning to recover.""  Q4 results have not yet been released."|JT15|2022-02-08 20:20:42.937|1|0|article-ceo-of-canadas-largest-trucking-company-says-covid-19-vaccine-mandate.json|globemail
The profit and revenue are as stated in the article; the question is how is the huge increase in profit derived.  If (hypothetically) the company was making 15% profit on their services the previous quarter and, for sake of argument, increased revenue by 100% then they should still be making 15% profit even though in reality they would have actually doubled the amount of cash profit.  I think (and I could be wrong) that the CEO is talking about the cash and not about a percentage increase in charges levied.|M-P-C|2022-02-08 20:29:04.713|1|0|article-ceo-of-canadas-largest-trucking-company-says-covid-19-vaccine-mandate.json|globemail
Works both ways, trucking companies and logistic companies can refuse to give work to protesting rigs and drivers. It appears that these trucks and drivers are surplus anyway as some companies have more than 1 or 2 trucks parked on the streets. They will need to get rolling just to pay for the fines accumulated. |slug1953|2022-02-08 19:57:32.331|1|0|article-ceo-of-canadas-largest-trucking-company-says-covid-19-vaccine-mandate.json|globemail
You must have some sort of sixth sense.  He says people getting sick in the US is causing difficulty.  Sick employees are always a problem given that they can't report to work.  Nowhere does he say that the border figures into it.|WhistlingInTheDark|2022-02-08 19:46:34.248|1|0|article-ceo-of-canadas-largest-trucking-company-says-covid-19-vaccine-mandate.json|globemail
That's our Grim.  Evidence?  Citations?  Links?  A credible refutation?  Never.|Thomas Darcy McGee|2022-02-08 19:49:21.960|1|0|article-ceo-of-canadas-largest-trucking-company-says-covid-19-vaccine-mandate.json|globemail
I am convinced you might be on to something - then again after  carefully rereading the article and your post - maybe not .|Ken77777|2022-02-08 19:57:16.628|1|0|article-ceo-of-canadas-largest-trucking-company-says-covid-19-vaccine-mandate.json|globemail
A breath of fresh air from the trucking industry. Given reports of a shortage of truckers, those in Ottawa could probably all be fully employed by just staying on this side of the border. The only ones impeding their livelyhood are themselves. Good on ya TFI. |moatview1|2022-02-08 18:59:54.609|0|0|article-ceo-of-canadas-largest-trucking-company-says-covid-19-vaccine-mandate.json|globemail
"""Patriotism is the last refuge of a scoundrel"" "|PIFCO3|2022-02-08 19:54:01.536|1|0|article-ceo-of-canadas-largest-trucking-company-says-covid-19-vaccine-mandate.json|globemail
I guess action speaks more than fashion?|Emma Read|2022-02-08 19:58:08.099|1|0|article-ceo-of-canadas-largest-trucking-company-says-covid-19-vaccine-mandate.json|globemail
"An article in another paper said that Unity One is connected to the pipeline protests. I'm not saying that is good or bad but it is one piece of information that was missed in previous information revealing who is really behind ""Occupation Ottawa"".  These professional protest groups needed the truckers equipment to create chaos. When are the truckers, many who appear to be independent operators, going to realize they have been taken advantage of and used to do the dirty work of others on a major stage?}"|JGGJCK|2022-02-09 02:19:29.250|1|0|article-ceo-of-canadas-largest-trucking-company-says-covid-19-vaccine-mandate.json|globemail
Exactly|Agnostic|2022-02-08 20:40:07.000|1|0|article-ceo-of-canadas-largest-trucking-company-says-covid-19-vaccine-mandate.json|globemail
Wow|Bruce6012|2022-02-08 20:02:40.774|1|0|article-ceo-of-canadas-largest-trucking-company-says-covid-19-vaccine-mandate.json|globemail
His minister has, he spoke of it this morning in a presser.  They have also spoken to representatives from the auto and grocers industry who are being impacted.  You can deflect all you wish, but at minimum be honest with yourself and ask yourself why Bergen and Poilievre haven’t said anything about speaking with industry leaders, It’s a fair question. |DebbieTy|2022-02-08 19:42:39.119|1|0|article-ceo-of-canadas-largest-trucking-company-says-covid-19-vaccine-mandate.json|globemail
"He shouldn't because then he will have to meet with the squatters of every ""dog and pony"" show (occupation) that comes to town! "|JGGJCK|2022-02-09 02:08:03.527|1|0|article-ceo-of-canadas-largest-trucking-company-says-covid-19-vaccine-mandate.json|globemail
He shouldn't.|coolman|2022-02-08 22:14:42.527|1|0|article-ceo-of-canadas-largest-trucking-company-says-covid-19-vaccine-mandate.json|globemail
Never - why would he?|idoubtit most of the time|2022-02-08 23:48:14.951|1|0|article-ceo-of-canadas-largest-trucking-company-says-covid-19-vaccine-mandate.json|globemail
Thanks for some random acedemic google search that shows numbers from the summer and have nothing to do with the current situation that was discussed in the interview.   If you have one truck already stretched thin and working overtime (supply chain) your sole source of added revenue can only be an increase in price.   so using your snappy little equation   $100 x 1 = 100 $190 x 1 = 190   190/100 = 90% increase.    |kreskin|2022-02-08 20:38:58.138|1|0|article-ceo-of-canadas-largest-trucking-company-says-covid-19-vaccine-mandate.json|globemail
Ummm..... he's kreskin. Get it? |PIFCO3|2022-02-08 19:51:01.863|1|0|article-ceo-of-canadas-largest-trucking-company-says-covid-19-vaccine-mandate.json|globemail
The CPC might be becoming a far right organization. |app_65775827|2022-02-08 19:48:27.797|1|0|article-ceo-of-canadas-largest-trucking-company-says-covid-19-vaccine-mandate.json|globemail
For goodness sake, Globe & Mail editors, in the name of good journalism stop printing that this is a truckers protest...read your own story.  Pick-up trucks and gravel trucks have nothing to do with commercial interprovincial and international commerce...and unless there is international commerce in Confederate flags that the Bank of Canada has yet to identify in their GDP calculations or your vaunted business reporters have missed, call it what it is...right wing zealots with selfish...or worse intentions. If it walks like a skunk...and smells like a skunk...and looks like a skunk...it is likely a skunk...it most definitely is NOT a national or international OTR trucker.|DQNS|2022-02-08 18:34:40.602|0|0|article-ceo-of-canadas-largest-trucking-company-says-covid-19-vaccine-mandate.json|globemail
Ah, so they are seditionists. Charge them and lock them all up as a flight risk.|ricof|2022-02-08 18:28:26.364|1|0|article-ceo-of-canadas-largest-trucking-company-says-covid-19-vaccine-mandate.json|globemail
I wonder if CRA audits the income taxes of these individuals |rollin hand1|2022-02-08 18:40:46.964|1|0|article-ceo-of-canadas-largest-trucking-company-says-covid-19-vaccine-mandate.json|globemail
That is your opinion and your welcome to it.  Leger conducted an actual poll 2 days ago.  It is much more credible. |kreskin|2022-02-08 20:03:00.249|1|0|article-ceo-of-canadas-largest-trucking-company-says-covid-19-vaccine-mandate.json|globemail
"An ""identical percentage"" which means zero in the Canadian voting system and is simply a coincidence otherwise. "|PIFCO3|2022-02-08 19:49:05.415|1|0|article-ceo-of-canadas-largest-trucking-company-says-covid-19-vaccine-mandate.json|globemail
I believe Ditchter is also being sued.... |app_73140336|2022-02-08 20:07:06.049|1|0|article-ceo-of-canadas-largest-trucking-company-says-covid-19-vaccine-mandate.json|globemail
I this gentleman was the treasurer   Joel Lightbound   Maybe google him. |kreskin|2022-02-08 20:33:05.938|1|0|article-ceo-of-canadas-largest-trucking-company-says-covid-19-vaccine-mandate.json|globemail
Yes and the SOO as well in Ontario. Lots of radical groups latched on to this. Trudeau, CSIS, the RCMP and regional police  know who these guys are. Why are they not calling them out? Typical for Trudeau: Duck, Dodge, Deny, Deceive. If that is not an option become invisible like Trudeau. Total collapse of leadership. |lucy102|2022-02-09 02:58:53.614|1|0|article-ceo-of-canadas-largest-trucking-company-says-covid-19-vaccine-mandate.json|globemail
They’re certainly getting overtime pay.|Rod Sheridan|2022-02-08 22:02:39.376|1|0|article-ceo-of-canadas-largest-trucking-company-says-covid-19-vaccine-mandate.json|globemail
No problems says the CEO,  Let's find the money says the GoldmanSach hedge fund weasel, we can't sleep says the white collar elites that run the country while wearing their pj's during zoom calls.  This is quite the Class Conflict... |Tom_TO|2022-02-08 18:05:09.400|0|0|article-ceo-of-canadas-largest-trucking-company-says-covid-19-vaccine-mandate.json|globemail
Interesting...not sure how he justifies the 20 to 35% increases per load that occurred within days of the mandate going into effect.  Our company was hit hard by them and forced to immediately pass them on.  Those increases were real...not sure that the cost justification is real based on his side of the story.   |Roadglide3040|2022-02-08 18:12:25.098|0|0|article-ceo-of-canadas-largest-trucking-company-says-covid-19-vaccine-mandate.json|globemail
"The viewpoint of myself and my family exactly, well said.  It is my observation that the most selfish among us invariably believe that self-interest is the sole motivation for everyone around them as well.  Like Steinbeck said in a more folksy way:  ""Why does he have to make everyone out to be the same kind of sorry SOB he is?""."|WhistlingInTheDark|2022-02-08 19:17:41.667|1|0|article-ceo-of-canadas-largest-trucking-company-says-covid-19-vaccine-mandate.json|globemail
M. Grimaldi,  You are mistaken. My wife and I are both parents and grandparents. We did seek vaccinations to protect our own health but we were even more interested in the well being of younger family members. We also wished to help protect the health of younger friends who were not able to get a shot as soon as we were. As well, we wished to make the lives of supermarket staff and other essential workers as safe as possible by not infecting them. I know many people who share our views. Most Canadians do.   |Torbayguy|2022-02-08 19:32:56.116|1|0|article-ceo-of-canadas-largest-trucking-company-says-covid-19-vaccine-mandate.json|globemail
Also good to hear that a leading employer is accommodating those who choose to exercise their right not to be vaccinated.  A simple solution to the problem, which the yahoos in Ottawa and Coutts elect to ignore in order to further an agenda which isn't really about trucking at all.|WhistlingInTheDark|2022-02-08 19:13:46.698|1|0|article-ceo-of-canadas-largest-trucking-company-says-covid-19-vaccine-mandate.json|globemail
Did this guy not get the memo?|K2GMAN|2022-02-08 18:21:10.653|0|0|article-ceo-of-canadas-largest-trucking-company-says-covid-19-vaccine-mandate.json|globemail
Excellent, FACTUAL article and congratulations for Mr. Bedard to speak the facts openly.   It is not surprising given his success in business (decisions based on facts, not drama!).     |Robert the pinko neocon|2022-02-08 18:28:48.268|0|0|article-ceo-of-canadas-largest-trucking-company-says-covid-19-vaccine-mandate.json|globemail
Dude might change his tune when Trudeau enacts his intraprovincial ban.|Coastermike93|2022-02-09 23:50:19.453|0|0|article-ceo-of-canadas-largest-trucking-company-says-covid-19-vaccine-mandate.json|globemail
