﻿comment|username|datetime|isreply|num_replies|post_id|label
In my opinion, invocation of the Emergency Measures Act was an overreach.  The protest at the City of Toronto and Quebec City and even the convoy protest at Vancouver shows what happens when police resources are used intelligently to thwart such demonstrations.  Even the Windsor bridge and Coutts border point could have been done much more quickly if the police had intervened at the outset.  I don't know if this is possible(probably isn't) but if the affected province could immediately petition the courts for an injunction when a border point is blockaded and have it expedited through quickly.  It should not take days to remove an obstruction from a major artery.  And Ottawa?  That was a textbook example about how NOT to deal with a protest.  Enough has been written about that squalid endeavour on the part of both the police and our political masters.|StuporDuck|2022-02-16 12:59:16.660|0|3|article-if-this-is-a-national-emergency-make-it-limited-localized-and-brief.json|globemail
     Vaccine mandates and border restrictions represent a large violation of the Charter of Rights and Freedoms.  This was justifiable in September when the vaccines actually stopped the spread.   With omicron section 1 limits no longer apply.         It is sad our judiciary isn’t acting as a check and balance on government.  It is frightening that Trudeau thinks his cratering polling numbers are reason to invoke the emergencies act.  He is weaponizing companies against his own people with no due process because he is weak.       I feel bad for the people of Ottawa.  Instead of pushing for violence and using corporations to bully protesting working class Canadians, maybe write your Liberal MPs.  Have them END THE MANDATES and the truckers will go home with their bouncy castles.   A Canadian is a Canadian is a Canadian.  |matt calgary|2022-02-16 14:44:15.340|0|3|article-if-this-is-a-national-emergency-make-it-limited-localized-and-brief.json|globemail
This is a national emergency? A few guys in hot tubs in Ottawa? A few trucks blocking roads at border crossings? What's really happening here is the Lemmings are reaping the fruits of their divisive social policies, and they don't like it, so they are trying to protect themselves. Mr. Trudeau, Mr. Blair and their cronies don't like dealing with social groups they can't deceive and manipulate. The Freedom Convoy is the political equivalent of a short squeeze by the wallstreetbets crowd. Thank God the Conservative government of Brian Mulroney repealed the War Measures Act and replaced it with the Emergencies Act.|STEVEBOND1|2022-02-16 13:48:20.977|0|3|article-if-this-is-a-national-emergency-make-it-limited-localized-and-brief.json|globemail
I think history will record this as un-necessary over-reach implemented to salvage the PM's sinking reputation. |Mom'sMoney|2022-02-16 13:37:31.117|0|3|article-if-this-is-a-national-emergency-make-it-limited-localized-and-brief.json|globemail
What you said here is correct, but is silence in a situation like this not tantamount to support?   I agree though that silence doesn’t equate to “egging them on”.|Rationalthought|2022-02-16 14:33:08.055|1|3|article-if-this-is-a-national-emergency-make-it-limited-localized-and-brief.json|globemail
"""Then she advocated for the Occupation and Blockades to continue to make it the Prime Minister's problem."" ....................................................................................................................................................................... You are free to be partisan.  But you should be accurate & fair in your attributions.  Miss Bergen did not advocate ""for the Occupation and Blockades to continue.""  In a private meeting of her caucus, she advised members to leave resolution to the prime minister because, in her view, he had provoked this crisis."|Joel Banks|2022-02-16 14:28:55.286|1|3|article-if-this-is-a-national-emergency-make-it-limited-localized-and-brief.json|globemail
We omit the discussion about why the OPS failed to act. This fact must question some of our basic understandings about how the civil authority functions. We are avoiding that discussion. |Ric_hard|2022-02-16 13:32:10.081|0|2|article-if-this-is-a-national-emergency-make-it-limited-localized-and-brief.json|globemail
From an earlier article:  “Bloc Québécois Leader Yves-François Blanchet urged the Prime Minister to make it clear the powers will not be used in Quebec, where Premier François Legault said this week they are not needed. Mr. Trudeau said local police will decide whether or not the powers are needed.“  So it appears the government is giving power to police departments country wide… to deal with an event occurring in Ottawa, but not restricted to events in Ottawa.  An event where the local police department has failed to enforce existing laws and regulations.  Does the liberal government truly believe this is an appropriate action, and How close are we moving to a police state?|app_69939571|2022-02-16 14:47:45.749|0|2|article-if-this-is-a-national-emergency-make-it-limited-localized-and-brief.json|globemail
"He makes a valid point about necessary reform but ""Mr. Trudeau, Mr. Blair and their cronies don't like dealing with social groups they can't deceive and manipulate"" is over reach and not ""well said"".  "|Ric_hard|2022-02-16 14:37:44.980|1|2|article-if-this-is-a-national-emergency-make-it-limited-localized-and-brief.json|globemail
"What she actually said was to ""make it Trudeau's problem"". She has no worry about the victims of the Occupiers.  Then Poilievre went outside for a selfie with the Occupying Forces. (People got upset with Trudeau taking selfies with people who just asked him for one.) And recommended using bitcoin to support their process, as it is hard to control. Just sayin'"|Histteach|2022-02-16 14:35:59.645|1|1|article-if-this-is-a-national-emergency-make-it-limited-localized-and-brief.json|globemail
... even better, write to your conservative MP and tell them to stop supporting anti vaxx insurrectionists.  |Masked Avenger1|2022-02-16 22:09:31.670|1|1|article-if-this-is-a-national-emergency-make-it-limited-localized-and-brief.json|globemail
an appropriate action Is stopping lawlessness in our streets, highways and cities.|jangm|2022-02-16 15:11:27.600|1|1|article-if-this-is-a-national-emergency-make-it-limited-localized-and-brief.json|globemail
I suspect that any chances that Canada could minimize the current “buy in the USA” sentiments that US politicians are currently pushing into legislation (with major implications for the auto industry) have been vaporized by the border blockades. The idiots that participated in the blockades may not have had a clue about  this, but one might have hoped that there was at least one grown up in provincial or federal governments who would have immediately realized the implications. Now there’ll be anxious debates over whether the invocation of the emergencies act was overreach - after all the border blockades have pretty much been resolved … in a matter of weeks! The more important discussion should be around why these blockades weren’t resolved in a matter of hours and who’s crisis management negligence has resulted in irreparable damage to our trade relationship with the US. |DWBM|2022-02-16 14:56:27.933|0|1|article-if-this-is-a-national-emergency-make-it-limited-localized-and-brief.json|globemail
But reasonable people can ask whether police already have enough legal tools to do that. Maybe they do, but the local police, local govt., nor the provincial govt. used them.  The federal govt. had to step in and they did, thankfully.  |Fcfrancis|2022-02-16 15:09:23.406|0|1|article-if-this-is-a-national-emergency-make-it-limited-localized-and-brief.json|globemail
"???  Like father, like son!  ""Public opinion was, initially, strongly favourable to the War Measures Act. But over the years doubts grew. The federal use of war powers in Quebec fed a growing alienation of Quebecers from federalism. Six years after the crisis, the Parti Québécois came to power in Quebec. The Conservative government of Brian Mulroney repealed the War Measures Act, replacing it in 1988 with the Emergencies Act, a more measured statute that provides graduated emergency powers proportionate to the level of threat. In retrospect, the use of the War Measures Act was an overreaction to a threat that, while real enough to cost the life of Pierre Laporte, did not constitute grounds for suspending civil liberties in peacetime. It would not be the last time that a government has seized on terrorist threats to shift the balance sharply away from liberty to security. Thanks to the experience of the October Crisis, Canadians are perhaps now more reluctant to be panicked into giving away their hard-won liberties."" legionmagazine.com/en/2015/09/face-to-face-was-prime-minister-pierre-trudeau-justified-in-invoking-the-war-measures-act-during-the-flq-crisis-of-october-1970/ "|Ratiocinator|2022-02-16 16:34:18.855|1|1|article-if-this-is-a-national-emergency-make-it-limited-localized-and-brief.json|globemail
"Brief ? I say the point to which it would be considered a crime to bring children to protests, rallies, occupations and the likes needs a permanent fixture in our law books.  Of course teachers need this law to be brief. It needs to be permanent.  As for actually invoking the Emergency Act.  We all knew we would find a reason for Justin to mark his Father's history.  Transparent as hell the audience would not have settled for less during his term in office.  One way or another an excuse would come along where we all wanted him to say ""Watch Me"" Like him or not we all wanted the Emergency Act."|IsabelleMorgan|2022-02-16 16:26:44.634|0|1|article-if-this-is-a-national-emergency-make-it-limited-localized-and-brief.json|globemail
"This editorial diminishes the problems to undermine the federal government's response.  The ""bunch of parked vehicles and a hot tum"" in Ottawa comprise 360 trucks and vehicles and serious infrastructure and funding. It looks like the insolent insurgents -- who list replacing the government with an unelected committee as one non-negotiable demand to end the hostage-taking -- are only digging in deeper and for longer.  They're holding the capital and three levels of government hostage before the world, a situation government must clear up without appearing to give in to them, as Alberta Premier Jason Kenney has done to his disgrace.  The federal government has been very patient, waiting for local police agencies to do their job, but they haven't; Windsor lasted a week longer than it should. Now it's forced to deal with an obvious national crisis of governance in Ottawa.  The editorial plays down the threats, but only by ignoring the real possibility of new border blockades and the likelihood of the Ottawa blockaders also being armed, not to mention their use of children as shields. At what point does newspaper opinion become just more disinformation in service of a political agenda?"|Nick Wright|2022-02-16 16:31:02.932|0|1|article-if-this-is-a-national-emergency-make-it-limited-localized-and-brief.json|globemail
A well written article that puts the extent of what is happening in Canada into some perspective.  ”The Parliament Hill park-in has been a long, loud, illegal imposition on Ottawa residents. But a bunch of parked vehicles and drivers in hot tubs is not exactly an existential threat to the country.”  I suspect many will eventually see this for what it really is; a political over reaction to make up for abysmal leadership and weak policing. What’s the point of laws if they are not enforced.|HeavyJetCaptain|2022-02-16 16:52:51.258|0|1|article-if-this-is-a-national-emergency-make-it-limited-localized-and-brief.json|globemail
Maybe its not a crisis, but the illegal occupation cant be allowed to go on forever.  Maybe large groups of people ignoring the rule of law and calling for an overthrow of the government is a crisis.   Maybe your attitude would be different if the Conservatives were currently leading a minority government.  The act allows for significant financial penalties rather then police force to clean up the mess.   If I had to choose between use of force and casualties, versus strong financial penalties under this act, well I choose enabling the act.    |Masked Avenger1|2022-02-16 22:07:34.109|1|1|article-if-this-is-a-national-emergency-make-it-limited-localized-and-brief.json|globemail
October crisis this is not.  It is about optics, power and control.  Limited power like limiting calorie intake it will always result in more.  As people who diet full know, you generally end up with more weight than when you started limiting your intake.  This too is a slippery slop.   But hey, the majority are happy with despotic measures.  It seems to reassure them that they have power as long as the strong man-Trudeau is exercising his  power. Power by proxy, what every minion enjoys.   |1561215|2022-02-16 14:05:48.344|0|1|article-if-this-is-a-national-emergency-make-it-limited-localized-and-brief.json|globemail
  It is not a national emergency but it is time to remove unneeded covid restrictions, especially regarding the border.    Trudeau made a bad decision by imposing the unneeded and unneccessary mandate on truckers. Doubling down on a bad decision with another bad decision just reveals what a mess he has created.|tinman1957|2022-02-16 17:20:18.813|0|1|article-if-this-is-a-national-emergency-make-it-limited-localized-and-brief.json|globemail
Give your head a shake. The Americans are preventing unvaxxed truckers from entering the US.   And what is the truckers reason for not being vaccinated again? Microchips or fetuses?|Masked Avenger1|2022-02-16 22:01:19.189|1|1|article-if-this-is-a-national-emergency-make-it-limited-localized-and-brief.json|globemail
Unless you cut off the head of the snake, this will continue to fester and result in various versions of whack a mole. The hard truth is this was an extremely well financed, planned and executed occupation.  Far more important than going after the foot soldiers of this occupation will be to hold the kingpins to account. Who organized it. Who financed it. And what were the ties to the CPC. The very fact that the CPC cheered on a mob to demand the arrest of the PM and disbanding of parliament goes beyond the pale. Not to mention, even if the PM did capituate to all their demands, it wouldn't have changed anything since the Americans wouldn't have let them enter because they had the same requirements. The CPC knew all of this and still persisted all of which demands that they be held to account. I believe they should be barred from parliament because they do not respect the rule of law, neither do they believe in democratic rule. Say what you will about the Bloc, but they respect the law and honor democratic norms as evidenced when they lost the referendum by just one percent. The CPC has gone rogue. Kick them out. |Gary Machan 2|2022-02-16 17:45:03.088|0|1|article-if-this-is-a-national-emergency-make-it-limited-localized-and-brief.json|globemail
how many terrorists/insurrectionists does it take to make a nation dysfunctional?  why bring a knife to a gun fight?|lescaine|2022-02-16 17:54:42.923|0|1|article-if-this-is-a-national-emergency-make-it-limited-localized-and-brief.json|globemail
"Another soft-on-Trudeau editorial.  When is this newspaper going to get some spine?  The government is giving itself the right to freeze bank accounts WITHOUT A COURT ORDER and telling the citizen who thinks he is being wronged THAT HE OR SHE CAN'T SUE.  Stand up for the rights and freedoms of Canadians or get out of the newspaper business. The government already has plenty of people working on ""communications."""|William Lyon Mackenzie1|2022-02-16 18:32:09.069|0|1|article-if-this-is-a-national-emergency-make-it-limited-localized-and-brief.json|globemail
already cancelled my subscription to this lefty rag|Sledder1205|2022-02-16 22:04:44.473|1|1|article-if-this-is-a-national-emergency-make-it-limited-localized-and-brief.json|globemail
It's not a national emergency.  It's a political emergency, for our gutless PM.|Puma2|2022-02-16 18:50:40.008|0|1|article-if-this-is-a-national-emergency-make-it-limited-localized-and-brief.json|globemail
Meanwhile in Vancouver on Monday, protestors blocked streets, closed business's, made citizens feel unsafe and defaced and destroyed public property.  When are the assets of the Squamish Nation to be frozen?|yuknon|2022-02-16 19:18:18.428|0|1|article-if-this-is-a-national-emergency-make-it-limited-localized-and-brief.json|globemail
There is a long history of dealing with illegal parking and moving violations. This could have been dealt with if law enforcement were evenly applied across the country and in different situations. Canada has become used to the police/enforcement system being applied erratically (Caledonia, rail road blockades, occupying camps in most major cities are all illegal, yet tolerated). We must go back to simply enforcing the laws to the best of our abilities, which would have covered this situation.|Rouser9|2022-02-16 20:26:59.830|0|1|article-if-this-is-a-national-emergency-make-it-limited-localized-and-brief.json|globemail
Not likely ...  This government is going to milk it for all its worth ...|Tryin' Hard|2022-02-16 20:44:10.457|0|1|article-if-this-is-a-national-emergency-make-it-limited-localized-and-brief.json|globemail
the only emergency is our government punishing those people they disagree with and our acceptance of communism.|Jack Bauer|2022-02-17 11:50:03.704|0|1|article-if-this-is-a-national-emergency-make-it-limited-localized-and-brief.json|globemail
communism = Russia invading the good people of Ukraine.  Egotistical entitled entertained little men in BIG rigs. = well paid loafers.  |jangm|2022-02-17 12:01:17.449|1|1|article-if-this-is-a-national-emergency-make-it-limited-localized-and-brief.json|globemail
I think we will find that it was not a question of not having the tools but a complete lack of planning for such a situation that necessitated the need for the Federal Government to step in.  It is painfully obvious after listening to Interim Chief Bell speak to the Ottawa Council yesterday that never did the OPS ever imagine a situation of this magnitude that they would need to readily get support from the OPP and RCMP to address a crisis situation. They seem to have been caught without any sort of preplanning to organize a coordinated effort between the three levels of police services and had to scramble to figure out a plan while in the thick of things.  Seriously. It is hard to imagine that the police in a capital city had no plan for such a situation as this. Likewise, it also appears that it never occurred to the RCMP that people might block major infrastructure with vehicles.   Canada, once again, got caught unprepared for a crisis. Makes you wonder just what it is that so many of these well paid bureaucrats are doing with their time that we would even need to consider invoking the Emergency Measures Act.|Lisa Weber|2022-02-17 11:51:38.210|0|1|article-if-this-is-a-national-emergency-make-it-limited-localized-and-brief.json|globemail
The EA was required because Premiers did not take the Occupations and Blockades seriously and are negligent in their leadership to secure our border trade crossings.  Kenney, Stephanson, Ford all failed citizens, with lawlessness allowed by the Convoy.  Probably working  with their Federal Conservative cousin, Bergen who egged them on  in Manitoba.  Then she advocated for the Occupation and Blockades to continue  to make it the Prime Minister's problem.  O'Toole releasing Bergen's Emails says a lot about the Conservative Party of (America).|jangm|2022-02-16 14:23:30.734|0|1|article-if-this-is-a-national-emergency-make-it-limited-localized-and-brief.json|globemail
Most the vaccine mandates were imposed by the Provincial Governments, not the Federal Government. Many of the people opposed to these seem to forget that, they are putting the all the blame on Trudeau. There was waffling on all levels, you saw this when our Premier Kenney kept passing the buck and was not willing to take action. I'm not a Trudeau fan, but in the end he finally did something. The Federal Conservatives have done a lot to inflame the situation. There are a lot more problems than just vaccine mandates, such toppling the elected Federal Government, we saw this with the discovery of weapons at Coutts.|app_72638441|2022-02-16 15:55:02.516|1|1|article-if-this-is-a-national-emergency-make-it-limited-localized-and-brief.json|globemail
Weak editorial from a weak newspaper.|D.S.G.|2022-02-16 13:57:07.946|0|1|article-if-this-is-a-national-emergency-make-it-limited-localized-and-brief.json|globemail
Why do you subscribe?|WhistlingInTheDark|2022-02-16 14:59:30.333|1|1|article-if-this-is-a-national-emergency-make-it-limited-localized-and-brief.json|globemail
The Emergencies Act is necessary to burnish Trudeau's tarnished image in Ontario.  He hid and said nothing about events for many days. His standing in some polls dropped like a rock.  The Premiers of Alberta, Sask, Manitoba, and Quebec have said that the act is not required in their province.   I am extremely surprised that the NDP supports this move. Blockades erected by striking unions, First Nations, and environmentalists could be challenged by a future federal government.   The Alberta Union of Provincial Employees (AUPE) said Friday it will seek leave from Canada's top court to continue its constitutional challenge of the Critical Infrastructure Defence Act of Alberta that was passed in 2020 with the intent to stop blockages of public infrastructure.  |BC Thoughts|2022-02-16 13:49:04.827|0|1|article-if-this-is-a-national-emergency-make-it-limited-localized-and-brief.json|globemail
Winnipeg streets has had Occupation and Blockades with the convoy impeding traffic for weeks.  CTV and The Sun don't report that. Calling Candice Bergen - The Boss  Where are the Police?  Emerson Blockades have impeded trade for weeks.  The RCMP are at Tim Hortons having coffee, bringing  the Occupiers donuts.  The Winnipeg Free Press doesn't report that.  CTV reports the EA will deprive Ottawa Occupation and Blockades of food. Their Headlines are very sympathetic to the Occupation of our country's Capital.  Canadians needs better reporting, to tell us what is really going on locally.  Bias news stories sow division and fear.  Stephanson is in cahoots with Bergen and Gazan, locals see that.  Canada needs better policing for all citizens, locally and nationally.  |jangm|2022-02-16 13:37:38.243|0|1|article-if-this-is-a-national-emergency-make-it-limited-localized-and-brief.json|globemail
"You may find your edition of ""better reporting"" on the CBC, the apologist for PM Trudeau and President Biden."|Joel Banks|2022-02-16 14:06:55.292|1|1|article-if-this-is-a-national-emergency-make-it-limited-localized-and-brief.json|globemail
"Whether one hates the truckers or supports them, there is no question that the Liberals have shockingly bungled this.  First by making vaccines a political wedge during the election, then refusing any attempt at dialogue, followed by inflammatory comments and now unnecessarily invoking the ""nuclear option.""  This whole thing could have been headed off if the government had allowed the 15-minute quick test at vehicle border crossings two weeks earlier, which was the root cause of the protest."|Nelson100|2022-02-16 13:53:50.261|0|1|article-if-this-is-a-national-emergency-make-it-limited-localized-and-brief.json|globemail
It’s fairly straightforward.   As it stands today, there is no need for the EA.  Thus any MP who votes for this will, rightly, be labelled a socialist who puts the interest of the state above the interest of Canadians.   Before the day is out, the PM should rescind the mandate on truck driver vaccination and walk back the emergency declaration.   As of Friday, he should resign in shame. |M. Grimaldi|2022-02-16 13:43:36.616|0|1|article-if-this-is-a-national-emergency-make-it-limited-localized-and-brief.json|globemail
The more I think about it the less I like it.  Ottawa is more than bouncy castles and hot tubs, it's a large gang of louts deliberately being as annoying as possible without resorting to violence.  Incompetence on the part of Sloly and indifference on the part of Ford allowed it to fester, and we have already seen the tactics copied both here and internationally.  Don't think it won't be tried again.  But one city held hostage by nogoodniks does not a national emergency make.  I don't think they need to declare one because tow truck operators are too scared to do their jobs.  More power in cutting funding and suspending insurance would help, but again, is not critical.  Tell the owners of the rigs and pickups they have 8 hours to move them and at the end of that time they will be charged under the section of the criminal code that carries a 5 year prison term for deliberately blocking a road.  Read the riot act to the rest of them.  If they don't clear out, let the arrests begin.  Sloly waffled because he was afraid of stoking tension.  The Emergencies Act will stoke it in a different way which over time ,may prove more dangerous.|WhistlingInTheDark|2022-02-16 13:59:23.034|0|1|article-if-this-is-a-national-emergency-make-it-limited-localized-and-brief.json|globemail
Well said.|Joel Banks|2022-02-16 14:07:47.992|1|1|article-if-this-is-a-national-emergency-make-it-limited-localized-and-brief.json|globemail
if the police had intervened Why didn't they?  This is the question all Canadians need to ask.|jangm|2022-02-16 14:06:53.620|1|1|article-if-this-is-a-national-emergency-make-it-limited-localized-and-brief.json|globemail
No. Been there done that.  CTV is worse.  Combined maybe we get a better picture of what is really going on.  It's a sad state of affairs when the majority of Canada's media is  sympathizing with lawlessness across the country.|jangm|2022-02-16 14:10:31.966|1|0|article-if-this-is-a-national-emergency-make-it-limited-localized-and-brief.json|globemail
It's tinman.  You don't need to know anything else.|Fcfrancis|2022-02-16 23:13:19.194|1|0|article-if-this-is-a-national-emergency-make-it-limited-localized-and-brief.json|globemail
Sadly our PM and his hapless government are always in crisis mode, lurching from fumble to scandal on a regular basis. Sadly, the PMO has let this one get out of hand and then with his dumb remarks threw fuel on it, further inflaming the crisis.  I’m sure the world is laughing at Canada, if they are in fact even paying attention to Canada now.   |HeavyJetCaptain|2022-02-16 19:21:04.730|1|0|article-if-this-is-a-national-emergency-make-it-limited-localized-and-brief.json|globemail
Is that what the PMO is floating? Don't think it will stick, try another smear. |ckernzie|2022-02-16 18:29:10.243|1|0|article-if-this-is-a-national-emergency-make-it-limited-localized-and-brief.json|globemail
One champagne Liberal and his band of elites have already done a brilliant job of it. |Tryin' Hard|2022-02-16 20:45:32.785|1|0|article-if-this-is-a-national-emergency-make-it-limited-localized-and-brief.json|globemail
I think overreach is an understatement. The Emergencies Act for parking violations is ridiculous. |Practical Guy from Alberta|2022-02-17 00:54:14.177|1|0|article-if-this-is-a-national-emergency-make-it-limited-localized-and-brief.json|globemail
I hope it comes to be known as The Totalitarian Measures Act and never used again.|pondus|2022-02-16 19:59:59.630|1|0|article-if-this-is-a-national-emergency-make-it-limited-localized-and-brief.json|globemail
Nope.  Another name  -  Shredder1205.|jangm|2022-02-17 03:12:53.803|1|0|article-if-this-is-a-national-emergency-make-it-limited-localized-and-brief.json|globemail
A minority government with the lowest popular vote in history with a feckless leader unable to detach his ego after painting himself into a corner to see that a solution could be had with true leadership and not complete government overreach.  One of the highest vaccinated countries in the world, we are seeing case counts and hospitalizations fall daily, Norway, Sweden, UK, Ireland, Spain and most of the US are done with vaccine passports and masks.  |DDNN1|2022-02-16 18:44:23.760|0|0|article-if-this-is-a-national-emergency-make-it-limited-localized-and-brief.json|globemail
You are right.|Joel Banks|2022-02-16 14:07:25.648|1|0|article-if-this-is-a-national-emergency-make-it-limited-localized-and-brief.json|globemail
Over and over, the prime minister has referred to the protests as illegal.  If true, why were the local police forces, the Ottawa Police Force in particular, and the prime minister too so feckless in their response on day 1 & 2 & 3 of the protests?|Joel Banks|2022-02-16 14:03:21.486|0|0|article-if-this-is-a-national-emergency-make-it-limited-localized-and-brief.json|globemail
Trudeau has hidden from sight, except to poke his head out to insult anyone who disagrees with him. Now he overplays his hand with this “nuclear option”. He has essentially no management or organizational experience, and has demonstrated a desire to inflame and divide Canadians. Is this really who we want as our leader?|Guido83|2022-02-16 13:33:25.821|0|0|article-if-this-is-a-national-emergency-make-it-limited-localized-and-brief.json|globemail
Oh no Team Canada mens hockey team lost -                      DARN TRUDEAU !!!    |GregaryPeckary|2022-02-16 19:08:25.718|0|0|article-if-this-is-a-national-emergency-make-it-limited-localized-and-brief.json|globemail
I actually choose police enforcing existing laws and able leadership. Sadly, both seemed to be in short supply.|HeavyJetCaptain|2022-02-16 22:31:30.198|1|0|article-if-this-is-a-national-emergency-make-it-limited-localized-and-brief.json|globemail
Where's Horgan's Highway Laws - left them with the Greens.|jangm|2022-02-17 03:11:26.210|1|0|article-if-this-is-a-national-emergency-make-it-limited-localized-and-brief.json|globemail
"RE: ""If this is a national emergency, make it limited, localized – and brief""  You're dreaming and wishing big time if you think that our grand and glorious, self-entitled, narcissistic PM will do that.  This is a deliberately contrived event that the Liberals will keep going as long as possible.  They've been waiting to do this ever since the first days of COVID when they failed to usurp the Canadian Parliament. "|Retired Dude1|2022-02-16 19:40:32.284|0|0|article-if-this-is-a-national-emergency-make-it-limited-localized-and-brief.json|globemail
One seldom has even the slightest hope of the Canadian Senate doing anything, but maybe they'll turn this 'national emergency' back on its head.   Extremely doubtful, but maybe.|Ochre|2022-02-16 20:16:01.818|0|0|article-if-this-is-a-national-emergency-make-it-limited-localized-and-brief.json|globemail
make it limited and localized  Cordon off all of the trucks, don’t allow access to the drivers.   Search each truck for weapons.   Have the driver present during the search to avoid the accusation of the weapons were planted.    |Kim2301|2022-02-16 20:25:59.588|0|0|article-if-this-is-a-national-emergency-make-it-limited-localized-and-brief.json|globemail
A serious discussion is needed to why the Police are failing to act across the country?  Are they infiltrated by ........?  Sympathizers?  Bought off?   We know the convoy is well funded.  The RCMP were seen bringing timbits to the Blockaders.|jangm|2022-02-16 14:05:10.445|1|0|article-if-this-is-a-national-emergency-make-it-limited-localized-and-brief.json|globemail
Agreed.  But why wasn't it?  Where was Ford's support?  He was negligent from the start.|jangm|2022-02-17 03:21:37.818|1|0|article-if-this-is-a-national-emergency-make-it-limited-localized-and-brief.json|globemail
Excellent point.  |Joel Banks|2022-02-16 14:03:55.725|1|0|article-if-this-is-a-national-emergency-make-it-limited-localized-and-brief.json|globemail
This government didnt ask for illegal blockades and occupations.   This government would be very happy for the illegal blockades and occupations to end peacefully.|Masked Avenger1|2022-02-16 22:17:27.986|1|0|article-if-this-is-a-national-emergency-make-it-limited-localized-and-brief.json|globemail
But it turned out that though fear of an insurrection had been real, the facts of it were not. The FLQ was a tiny organization and it quickly ceased to exist. The War Measures Act, and its easy evisceration of civil liberties, came to be remembered as overkill.  All hindsight. Just like whether the current action is overkill.   This editorial mentions all the blockades that have been cleared up - how much did the Emergency Act play a part in resolving these illegal blockades? Hindsight will tell. And no one will be able to agree on that point anyway.   If anything the implementation of the act allows law enforcement to resolve this mess without the use of force. No tear gas, no bullets, no ugly scenes to fuel the right wing agenda.   Rational Canadians do not want to be dictated  toor held hostage by a mob. I dont agree with all the restrictions in place, and I support many others. I am also confident that the end of health restrictions is near.    An anti vaxx mob doesn't get to decide that a government is to be removed, or that public health measures need to be eliminated.   I support the federal governments action for the above noted reasons. |Masked Avenger1|2022-02-16 21:59:06.034|0|0|article-if-this-is-a-national-emergency-make-it-limited-localized-and-brief.json|globemail
"The author states that parked trucks and hot tubs are not ""an existential threat to the country.""   Could be right, but when the U.S. government magnanimously offered to send in their Homeland Security force to restore order, I did for a few moments have doubt.  "|app_68916973|2022-02-17 01:30:51.068|0|0|article-if-this-is-a-national-emergency-make-it-limited-localized-and-brief.json|globemail
Well said.|Joel Banks|2022-02-16 14:08:13.747|1|0|article-if-this-is-a-national-emergency-make-it-limited-localized-and-brief.json|globemail
Maybe they don’t  like Trudeau  !|Geomc10|2022-02-16 22:42:46.063|1|0|article-if-this-is-a-national-emergency-make-it-limited-localized-and-brief.json|globemail
Communism = stealing people's money because you are opposed to their views. It also equals enacting special powers to ruin those who disagree.  Its all good until you're on the wrong side of the argument |Jack Bauer|2022-02-17 13:56:19.056|1|0|article-if-this-is-a-national-emergency-make-it-limited-localized-and-brief.json|globemail
From the 2020 rail blockades:   Cabinet tolerated First Nations blockades at ports and railways in 2020 as part of its “broader commitments to reconciliation,” according to briefing notes.   Federal staff said First Nation protesters were exercising “important democratic rights.” “The Government of Canada is committed to working on these matters in a manner consistent with its broader commitments to reconciliation,” said a 2020 Department of Transport briefing note Rail Blockades.   “All parties must engage in open and respectful dialogue to ensure this situation is resolved quickly and peacefully.”  Compare that to Justin’s hiding at the cottage during the trucker mandates and lobbing potshots to stoke division with talk of “disgusting” “unacceptable views”.   Since it was hashtag 2015, Justin has revealed himself to be a smarmy two-faced brat and a gutless coward.  |ChuckT|2022-02-16 16:54:54.502|0|0|article-if-this-is-a-national-emergency-make-it-limited-localized-and-brief.json|globemail
Well said.|mlejcogs|2022-02-17 13:39:54.833|1|0|article-if-this-is-a-national-emergency-make-it-limited-localized-and-brief.json|globemail
so you are an advocate of mob rule. Any guy with a truck can blockade a road and his demands should be met - who needs elections. I agree the Emergencies Act is not needed because this is a police matter (and therefore a Provincial issue) but the police and Ford have done nothing except facilitate and encourage law breaking. That is the real problem.|APPLEBY4|2022-02-16 14:46:17.665|1|0|article-if-this-is-a-national-emergency-make-it-limited-localized-and-brief.json|globemail
The border and travel mandates are federal and are can be removed by Trudeau.  |matt calgary|2022-02-16 18:31:42.466|1|0|article-if-this-is-a-national-emergency-make-it-limited-localized-and-brief.json|globemail
That’s just silly.  Whatever your views on whether this should have happened, this happened because the protesters refused to back down.  |Rationalthought|2022-02-16 14:34:42.124|1|0|article-if-this-is-a-national-emergency-make-it-limited-localized-and-brief.json|globemail
The Ottawa Police should have been able to handle this.  The Chief should have resigned or been fired 2 weeks ago and the law enforced. If they cannot handle this then what are they there for?   Seeing this unfold in real time, it looks like a slow motion train wreck.  Neither the Mayor not the Police Chief seem capable of organizing a BBQ.|M_G|2022-02-16 14:15:17.156|0|0|article-if-this-is-a-national-emergency-make-it-limited-localized-and-brief.json|globemail
He gets it free, with his Tucker Carlson Fan Club subscription.|JOHN358|2022-02-16 17:51:03.516|1|0|article-if-this-is-a-national-emergency-make-it-limited-localized-and-brief.json|globemail
silence in a situation   There was no silence.  Bergen wore her MAGA HAT screaming in a field.  No silence.|jangm|2022-02-16 15:17:29.333|1|0|article-if-this-is-a-national-emergency-make-it-limited-localized-and-brief.json|globemail
Please.  Let us all be honest.  Bergen wearing a MAGA hat is an old picture taken before Covid's birth in China.|Joel Banks|2022-02-16 18:29:42.430|1|0|article-if-this-is-a-national-emergency-make-it-limited-localized-and-brief.json|globemail
And so, freaking, what?|Richard McL|2022-02-16 18:59:50.890|1|0|article-if-this-is-a-national-emergency-make-it-limited-localized-and-brief.json|globemail
"Occupied France during WW2 was an Occupation. Taking over several city blocks in Ottawa and p_ssing off residents is not an ""occupation"".  They should have been immediately ""dehorned"" the truckers when they started honking and forced them out of the city.  P.S. went to school and lived in Ottawa and now have very angry friends there."|app_71276341|2022-02-17 17:57:47.571|1|0|article-if-this-is-a-national-emergency-make-it-limited-localized-and-brief.json|globemail
O'Toole released her Emails:  https://www.theglobeandmail.com/politics/article-interim-conservative-leader-candice-bergen-advocated-against-asking/  Was her Emails:    Accurate?           Fair? |jangm|2022-02-16 15:16:00.829|1|0|article-if-this-is-a-national-emergency-make-it-limited-localized-and-brief.json|globemail
The government should use this opportunity to freeze the assets that are supporting the Fairy Creek blockade. The rule of law should be applied equally. |trgmerr|2022-02-16 14:25:24.239|0|0|article-if-this-is-a-national-emergency-make-it-limited-localized-and-brief.json|globemail
don't tell me it's not violent.  the Ottawa Police had to retreat from confiscating fuel when they were surrounded by a mob.  It's calm on the surface, but the threat has always been there.  Pat King said it would end with bullets.  Many others have said they would die for the cause.  Is it bravado?  Probably. But the police have to treat as a real possibility. If one officer could go in with one tow truck and start towing away the vehicles without backup, I would declare this to be nonviolent.  None of us believe that to be possible.|Fred8888|2022-02-16 14:27:17.919|0|0|article-if-this-is-a-national-emergency-make-it-limited-localized-and-brief.json|globemail
Behind the hot tubs and the kids' bouncy castle is the Memo of Understanding which demands the overthrow of the government. The dissolution of the entire House of Commons, and the country to be governed by a committee headed by Tamara Lich, supported by the Governor General and the unelected Senate. Just happens to be illegal and unconstitutional. There are also implicit and explicit threats against an elected Prime Minister. Whether we like him or not, doesn't matter. Threats are illegal. These people who are occupying Ottawa are laying siege to the people to get to the government, even the Opposition. Bergen and Poilievre support the truckers who don't seem to realize how they are being manipulated by King, Lich, Dichter et al. These organizers have expert advice, they are using people with a misreading of the Charter of Rights (Freedom of Speech is wonderful, but what about the responsibility that goes with the Freedom? And what about a non-protesters right to go to their job, and not have it shut down out of fear?) The Emergencies Act may not be the right weapon to use against these people. But the people of Ottawa would like any kind of action to stop the occupation.|Histteach|2022-02-16 14:32:35.292|0|0|article-if-this-is-a-national-emergency-make-it-limited-localized-and-brief.json|globemail
Accept the applications of the emergency act warily.  Remember that vindictive government is a force for authoritarian government and political instability.|Joel Banks|2022-02-16 13:56:22.704|0|0|article-if-this-is-a-national-emergency-make-it-limited-localized-and-brief.json|globemail
There is a reason the RCMP  did not intervene at the outset in Coutts -- the arms cache.  I don't know enough about the Ottawa situation to make a judgment. |The Emperor's Paparazzi|2022-02-16 13:54:18.600|1|0|article-if-this-is-a-national-emergency-make-it-limited-localized-and-brief.json|globemail
A Canadian is a Canadian is a Canadian.  Not in Emerson.  Not in Coutts.  Not in Windsor.  Not in Ottawa.  Where Conservative MPs support lawlessness.|jangm|2022-02-16 16:00:26.882|1|0|article-if-this-is-a-national-emergency-make-it-limited-localized-and-brief.json|globemail
Yeah, I don't quite understand why the police could not arrest everyone participating and leave the trucks to deal with at another time. Then cordon off and completely secure the area so no one gets in or out except residents, at least until trucks can be removed and things return to normal. Seems pretty straightforward. The police have set up secure zones like this many, many times. |mabroko|2022-02-16 15:29:57.474|1|0|article-if-this-is-a-national-emergency-make-it-limited-localized-and-brief.json|globemail
Many feel that the vaccine mandates were at best the proverbial straw and at worst a convenient excuse.  Given the history of the protest organizers, I favour the latter.  Trudeau is a yutz with a gift for thoroughly annoying people who disagree with him, and political opportunists with curious ideas have shown aplomb in leveraging that annoyance.  Swapping out the tests earlier would have done little or nothing to stop what happened.|WhistlingInTheDark|2022-02-16 15:02:51.669|1|0|article-if-this-is-a-national-emergency-make-it-limited-localized-and-brief.json|globemail
hahahahaa|Jack Bauer|2022-02-17 13:58:12.265|1|0|article-if-this-is-a-national-emergency-make-it-limited-localized-and-brief.json|globemail
Manitoba's new Premier has never been to Emerson and couldn't find it a map.  Pallister had the RCMP under his thumb, probably so does his replacement.|jangm|2022-02-16 14:13:12.773|1|0|article-if-this-is-a-national-emergency-make-it-limited-localized-and-brief.json|globemail
Since the major problem is and has been in Ottawa, the failure in leadership is on their mayor, police chief and police commission.  Now, every Canadian citizen's bank account can be opened and frozen. hunting for those who might have donated to convoys. Overkill.|app_71276341|2022-02-17 17:48:38.217|1|0|article-if-this-is-a-national-emergency-make-it-limited-localized-and-brief.json|globemail
The reason why Québec doesn't need these special powers is b/c the Sûreté du Québec know what they're doing.|Fcfrancis|2022-02-16 23:18:29.383|1|0|article-if-this-is-a-national-emergency-make-it-limited-localized-and-brief.json|globemail
I woke up today and because of the invocation of the Emergency Act I could not set up my barbeque and disco in front of the Parliament buildings.  They wouldn't let me park my semi there permanently either.  I couldn't even set up my La-Z-Boy chair on Huron Church St. in Windsor.  And I couldn't pay other people to do those things. The injustice!  Where are my freedoms!!  |Fred8888|2022-02-16 14:53:59.657|0|0|article-if-this-is-a-national-emergency-make-it-limited-localized-and-brief.json|globemail
weren't resolved in a matter of hours - No coordination from one Police force to the other.  The OPP, RCMP, City Police have their own fiefdoms and don't talk to each other.  Border Services could have alerted the Police immediately.  The OPP saw them coming and did nothing.  Why?|jangm|2022-02-16 15:09:22.136|1|0|article-if-this-is-a-national-emergency-make-it-limited-localized-and-brief.json|globemail
Our PM has invoked the Emergencies Act for the first time ever due to bylaw infractions. There are the ones we know about like parking, noise, public urination, operating a BbQ without a licence, operating a hot tub without a licence. The PM believes these are gateway crimes, one minute they are having a hot tub, the next minute they are storming Parliament with BBQ utensils, and maybe even have dogs that are not on leashes.  I certainly now have my eye out for bylaw infractions. There are trucks parked in a no parking zone on our street everyday for several months. They seem nice on the outside, and are volunteering for Habitat for Humanity, but our PM has made me think. I, like our PM, have put 2 and 2 together and come up with 5. The trucks, the tools, the illegal parking and volunteering for a charity that started in the US. It definitely makes you wonder……..|Practical Guy from Alberta|2022-02-17 01:55:44.153|1|0|article-if-this-is-a-national-emergency-make-it-limited-localized-and-brief.json|globemail
"C'mon. You don't really believe that this was just ""hot tubs and a few trucks blocking roads at border crossings""? Seriously, look at what is actually going on (hundreds of millions of dollars in trade shut down for a week, job losses, business closures, a city under siege, demands for the overthrow of the govt, etc.) and tell me that this is all no big deal. I'm not saying the Emergency Act is the right response, but don't minimize what is happening here and the precedent it sets if not dealt with swiftly and effectively. "|mabroko|2022-02-16 15:33:04.296|1|0|article-if-this-is-a-national-emergency-make-it-limited-localized-and-brief.json|globemail
Please make an attempt to at least pretend that you're addressing my comment. You're looking foolish.|Fcfrancis|2022-02-16 23:15:26.852|1|0|article-if-this-is-a-national-emergency-make-it-limited-localized-and-brief.json|globemail
He speaks HIGHLY of you though!|JOHN358|2022-02-16 17:51:56.166|1|0|article-if-this-is-a-national-emergency-make-it-limited-localized-and-brief.json|globemail
So no children at a climate change rally then? How about a teachers' strike? Save the whales? Be careful what civil liberties you wish to be taken away. |ckernzie|2022-02-16 18:49:02.396|1|0|article-if-this-is-a-national-emergency-make-it-limited-localized-and-brief.json|globemail
It’s not over reach at all, Trudeau is a gutless two-faced coward|ChuckT|2022-02-16 17:02:08.073|1|0|article-if-this-is-a-national-emergency-make-it-limited-localized-and-brief.json|globemail
Bang on Lisa.... |BMC9689|2022-02-17 20:08:57.948|1|0|article-if-this-is-a-national-emergency-make-it-limited-localized-and-brief.json|globemail
