﻿comment|username|datetime|isreply|num_replies|post_id|label
Any of them lost there lively hood and  $250 000 trucks ?  Justin cult followers don’t even have the courage to put on “ I Love Trudeau “ bumper stickers.  Yes key board warriors - sacral indeed 🤪|Rochdale68|2022-02-23 20:39:10.401|1|3|article-us-truckers-plan-pandemic-demonstrations-inspired-by-canadian-convoys.json|globemail
"If US truckers think that they will get better treatment from US riot police than Canadian truckers got from Canadian police they are dreaming in technicolor. The US has been arming its police forced with military weaponry for decades, so a big response from them could be very uncomfortable. And after the fiasco of the January 6 attack on the US Congress and Senate the D.C> and Capitol police have been planning and tooling up so they can respond ""vigorously"" if something like that happens again. So, maybe not such a good idea? "|EdmontonGuy|2022-02-23 19:38:34.419|0|3|article-us-truckers-plan-pandemic-demonstrations-inspired-by-canadian-convoys.json|globemail
No no no no !!  Little Putin stated it’s a “ Fringe Group “  This isn’t supposed to be happening…|Rochdale68|2022-02-23 19:25:41.082|0|2|article-us-truckers-plan-pandemic-demonstrations-inspired-by-canadian-convoys.json|globemail
Penultimate paragraph:  “Prime Minister Justin Trudeau invoked never before used emergency powers to end the protests, and Canadian police restored a sense of normalcy in Ottawa over the weekend.  However those emergency powers were repealed effective 5:00 pm on February 23rd when it became clear that the drastic government overreach would not likely pass in the Senate, a requirement to keep the state of emergency in place”.  There, fixed it for you.|Leroy1234|2022-02-23 22:48:03.362|0|1|article-us-truckers-plan-pandemic-demonstrations-inspired-by-canadian-convoys.json|globemail
do a slow roll past Trucker Carlson's office and remind him how much he likes air horns   |Fred8888|2022-02-23 21:35:39.246|0|1|article-us-truckers-plan-pandemic-demonstrations-inspired-by-canadian-convoys.json|globemail
Remember to pack the Bouncy Castles, hot tubs and sports gear. Oh, and you'll have to bring your own poutine. But this could be a non-starter if they don't have a Timmies on every block. |mmaser|2022-02-23 21:32:17.973|0|1|article-us-truckers-plan-pandemic-demonstrations-inspired-by-canadian-convoys.json|globemail
If these so-called truckers were really as concerned about ‘Freedom’ as they claim to be then they’d be heading to Ukraine to offer their expertise and assistance.  Those citizens are far more likely to lose their freedom in the coming weeks than anyone in the US - or Canada for that matter.|doug's a slug|2022-02-23 21:07:56.615|0|1|article-us-truckers-plan-pandemic-demonstrations-inspired-by-canadian-convoys.json|globemail
I imagine that these people are among those who were so against highways being blocked by protesters in the past.Remember those memes asking if you agreed that people blocking highways should be arrested? Guess it depends on who's protesting.|dougiedorite|2022-02-23 19:54:09.763|0|1|article-us-truckers-plan-pandemic-demonstrations-inspired-by-canadian-convoys.json|globemail
A trucker convoy advocating freedom, is yesterday's news. Come up with something original. |JeffSpooner|2022-02-23 19:50:34.364|0|1|article-us-truckers-plan-pandemic-demonstrations-inspired-by-canadian-convoys.json|globemail
"Several years ago a singer by the name of Merle Haggard had a great hit song that included lines of ""it you don't love it - leave it""  The truckers from the Duck Dynasty convoy can sing along to it on their way to Washington.   "|app_73631106|2022-02-23 16:10:26.086|0|1|article-us-truckers-plan-pandemic-demonstrations-inspired-by-canadian-convoys.json|globemail
Key Board warrior - laugh 😆 |Rochdale68|2022-02-23 19:26:05.214|1|1|article-us-truckers-plan-pandemic-demonstrations-inspired-by-canadian-convoys.json|globemail
There are still 2000 people a day dying in the US? Incredible. Seems like its become normal.|curiousgeorge|2022-02-23 16:27:13.437|0|1|article-us-truckers-plan-pandemic-demonstrations-inspired-by-canadian-convoys.json|globemail
truckers plan....covid laughs|mugsmagoon0l1g5|2022-02-23 19:23:10.572|0|1|article-us-truckers-plan-pandemic-demonstrations-inspired-by-canadian-convoys.json|globemail
The truckers keep promising that they won't go anywhere until they get what they demand. I'd like to see someone follow up on these broken promises and pledges to give their lives before yielding their piece of the roadway. 'All hat, no cattle'. |Fobar Too|2022-02-23 21:32:43.278|0|0|article-us-truckers-plan-pandemic-demonstrations-inspired-by-canadian-convoys.json|globemail
Opening the economy without massive stimulus is important. We will know nothing about the real direction of the economy until stimulus measures have ended.  Looks like the Americans have plenty of capacity to handle things if they get out of hand. No playing Goldilocks down there. |Redmaple|2022-02-23 19:12:48.366|0|0|article-us-truckers-plan-pandemic-demonstrations-inspired-by-canadian-convoys.json|globemail
Most of them follow FOXNEWS and tRump and love Putin.|RonWilliams|2022-02-25 03:51:39.081|1|0|article-us-truckers-plan-pandemic-demonstrations-inspired-by-canadian-convoys.json|globemail
Vaccine mandates and the cost of fuel lumped together as the reason for a convoy of ragamuffins. Undoubtedly, they pick up a few other issues along the way ... maybe the length of handmaidens skirts....  Good luck dudes. |haddon|2022-02-23 21:15:00.048|0|0|article-us-truckers-plan-pandemic-demonstrations-inspired-by-canadian-convoys.json|globemail
“We plan to stay a while and hope they don’t escalate it the way Trudeau did with his disgusting government overreach,” Brase  They hope that the government just passively sits around while the convoy illegally makes other people’s lives miserable.  Its not “overreach”. It’s the government spanking a tiny fraction of individuals throwing a tantrum, on behalf of we the people  |Weatherman4|2022-02-23 18:45:25.560|0|0|article-us-truckers-plan-pandemic-demonstrations-inspired-by-canadian-convoys.json|globemail
...or the Mcdonald's at the Ambassador Bridge blockade.|Jimbo5|2022-02-23 21:52:10.711|1|0|article-us-truckers-plan-pandemic-demonstrations-inspired-by-canadian-convoys.json|globemail
It’ a fringe group.|roger432|2022-02-23 20:02:05.287|1|0|article-us-truckers-plan-pandemic-demonstrations-inspired-by-canadian-convoys.json|globemail
This is perfect timing for those who were upset with all of the contributions from the American right for the Canadian trucker occupation in Ottawa. Where do we send money to give them a bit of their own medicine? Even better,  let’s get some high profile Canadians to declare that they support the truckers!|Donald Gagne05|2022-02-23 20:42:06.051|0|0|article-us-truckers-plan-pandemic-demonstrations-inspired-by-canadian-convoys.json|globemail
The true figures are higher and family plead not to report the deaths as COVID related. I still have a long-standing wager on 1 million Americans dead by the end of this (official (low) count). |Fobar Too|2022-02-23 21:38:56.443|1|0|article-us-truckers-plan-pandemic-demonstrations-inspired-by-canadian-convoys.json|globemail
That's the one with the Russia flag in the window.|RonWilliams|2022-02-25 03:50:37.469|1|0|article-us-truckers-plan-pandemic-demonstrations-inspired-by-canadian-convoys.json|globemail
Oh good. Another export opportunity to make the world love us.|Jimbo5|2022-02-23 21:50:00.515|0|0|article-us-truckers-plan-pandemic-demonstrations-inspired-by-canadian-convoys.json|globemail
I wonder how many of them will be saying their Charter rights are being abused|northerncrank|2022-02-23 22:44:50.462|0|0|article-us-truckers-plan-pandemic-demonstrations-inspired-by-canadian-convoys.json|globemail
When were you appointed to the Senate or did the voices in your head tell you that?|RonWilliams|2022-02-25 03:49:47.954|1|0|article-us-truckers-plan-pandemic-demonstrations-inspired-by-canadian-convoys.json|globemail
An important difference in this saga will be the different status of the 2 national capitals.  The District of Columbia is governed under Federal jurisdiction. The City of Ottawa is governed under Ontario's jurisdiction.  Washington, DC, has been the site for many angry demonstrations, the January 6th riot being only the latest example.  One assumes the US Government will be ready to control this new 'Convoy' & doesn't need to seek or force the cooperation of State Governments to get the police it will need.  On the other hand, given the squirrelly & confrontational mindset of many GOP Representatives & Senators, theirs an outside chance for a disunited Federal response.  Interestingly, the Federal & State Governments use the National Guard for policing.  Hopefully, the National Guards called upon to control demonstrations are trained to do police work & understand the difference of police work & acting as soldiers.|bob adamson|2022-02-23 20:55:20.166|0|0|article-us-truckers-plan-pandemic-demonstrations-inspired-by-canadian-convoys.json|globemail
I feel REAL pride.  Most new US productions: we generate “_______CANADA” without capacity to be original.  Even the nonsense/drivel, and lack of American originality:  “ This is for our freedoms, our human rights. Enough is enough,” said Ron Coleman, 61, a trucker from Reno, Nevada, as he prepared to make the 2,500-mile (4,000-km) journey. “  Even Pennsylvania must almost lack originality: one lonely ‘Trucker’ joining the ‘fun’ in DC?  We have created something NEW and originally Canadian: PRIDE!!   |Observance|2022-02-23 20:28:33.026|0|0|article-us-truckers-plan-pandemic-demonstrations-inspired-by-canadian-convoys.json|globemail
Qanon/Republican/Conservative/Poorboys.... Those are your friends.....   Losers. |Laugher|2022-02-23 20:10:52.826|1|0|article-us-truckers-plan-pandemic-demonstrations-inspired-by-canadian-convoys.json|globemail
As in Canada, this protest will be hijacked by malcontents with a wide variety of unrelated complaints. Always happens. ( anybody remember “ occupy Wall St “) ?|roger432|2022-02-23 20:01:19.309|0|0|article-us-truckers-plan-pandemic-demonstrations-inspired-by-canadian-convoys.json|globemail
That's rich calling them keyboard warriors from your tindonimium in Florida. If you supported them that much you would have joined them.|northerncrank|2022-02-23 22:43:04.306|1|0|article-us-truckers-plan-pandemic-demonstrations-inspired-by-canadian-convoys.json|globemail
That's because they are not cult followers, unlike Trumpsters, who need to show how tough they are (not).  Besides, most Canadians recognize the stupidity of such a slogan.  They prefer to examine politicians' policies and vote accordingly.  Love has nothing to do with their decisions.|Sanity in Insanity|2022-02-23 21:45:37.625|1|0|article-us-truckers-plan-pandemic-demonstrations-inspired-by-canadian-convoys.json|globemail
I am a Canadian.   Any trucker that lost his job and truck,  I feel nothing for.   Same as the above poster|Laugher|2022-02-23 21:06:10.261|1|0|article-us-truckers-plan-pandemic-demonstrations-inspired-by-canadian-convoys.json|globemail
Actually 50+ years ago, but still true.|dougiedorite|2022-02-23 19:55:28.037|1|0|article-us-truckers-plan-pandemic-demonstrations-inspired-by-canadian-convoys.json|globemail
They are not able to.|Sanity in Insanity|2022-02-23 21:46:12.061|1|0|article-us-truckers-plan-pandemic-demonstrations-inspired-by-canadian-convoys.json|globemail
Replace those truckers by trains. Better for the environment in any case.|Milamarc|2022-02-23 19:48:50.101|0|0|article-us-truckers-plan-pandemic-demonstrations-inspired-by-canadian-convoys.json|globemail
Well at least in the US it's their first amendment right...|ramblinpaul|2022-02-23 19:48:23.687|0|0|article-us-truckers-plan-pandemic-demonstrations-inspired-by-canadian-convoys.json|globemail
The police around the Capitol are very adept and gunning down Black motorists. They are confused as to what they should do when the drivers or protesters are white. |Fobar Too|2022-02-23 21:35:49.339|1|0|article-us-truckers-plan-pandemic-demonstrations-inspired-by-canadian-convoys.json|globemail
Rocket launcher will pretty much destroy your Kenworth.|dougiedorite|2022-02-23 19:57:14.257|1|0|article-us-truckers-plan-pandemic-demonstrations-inspired-by-canadian-convoys.json|globemail
The existence of the National Guard puts a different spin on it compared to Canada.|roger432|2022-02-23 19:54:40.424|1|0|article-us-truckers-plan-pandemic-demonstrations-inspired-by-canadian-convoys.json|globemail
Takes one to know one. |Laugher|2022-02-23 21:06:54.207|1|0|article-us-truckers-plan-pandemic-demonstrations-inspired-by-canadian-convoys.json|globemail
A trucker convoy from Pennsylvania (consisting of one tRumper truck and a few cars) got lost in DC, never found the White House  and, at last report, was looking for the right freeway exit to get back to PA. tRumpers are even dumber in America than in Canada|RonWilliams|2022-02-25 03:47:25.814|0|0|article-us-truckers-plan-pandemic-demonstrations-inspired-by-canadian-convoys.json|globemail
