﻿comment|username|datetime|isreply|num_replies|post_id|label
Google Jonathan Kay Twitter for a more revealing account of what went down.   Alt left disinformation campaign attempting to defame the Ottawa protestors.   Check out the faked anti-Semitic flyer while you are browsing.   Shame on the Globe for publishing this story, but looking forward to the retraction. |theobservant1|2022-02-08 03:05:00.462|0|2|article-police-arson-unit-probes-ottawa-fire-allegation-in-heat-of-anti.json|globemail
Check Jon Kay or Andy Lee on Twitter.    Some sort or incident happened, but the person who reported it isn’t credible, and the story makes very little sense at the detail level.  This seems like a “false flag” operation.  The police have posted clear photos of the two arsonists, who you might be able to identify.|Super Mittens|2022-02-08 03:01:49.597|0|1|article-police-arson-unit-probes-ottawa-fire-allegation-in-heat-of-anti.json|globemail
There maybe a few truckers in Ottawa who were originally protesters, but this is no longer a protest, it is TERRORISM, and needs to stop.|oldestsailor|2022-02-08 11:58:44.555|0|1|article-police-arson-unit-probes-ottawa-fire-allegation-in-heat-of-anti.json|globemail
Why do these protestors feel that they can get away with anything?  Because they have been permitted to get away with anything?|CognitiveDisonnance|2022-02-08 02:01:53.768|0|0|article-police-arson-unit-probes-ottawa-fire-allegation-in-heat-of-anti.json|globemail
Disgraceful that authorities have allowed this occupation to go this far. The abusive occupation must end  - tomorrow.  Why would G&M print the full names of the tenants and the location of the woman's apartment?  This article contains information that could put the tenants at risk.|ThinkAboutIt42|2022-02-08 02:39:05.110|0|0|article-police-arson-unit-probes-ottawa-fire-allegation-in-heat-of-anti.json|globemail
you left out alt left |dirtyduck|2022-02-08 06:12:29.547|1|0|article-police-arson-unit-probes-ottawa-fire-allegation-in-heat-of-anti.json|globemail
always the alt left for some people.  never the protesters.   Then they point you to another alt left subscriber and their twitter account. Unbelievable.  |dirtyduck|2022-02-08 06:11:54.935|1|0|article-police-arson-unit-probes-ottawa-fire-allegation-in-heat-of-anti.json|globemail
Truckers Go Home!|CognitiveDisonnance|2022-02-08 06:45:29.944|1|0|article-police-arson-unit-probes-ottawa-fire-allegation-in-heat-of-anti.json|globemail
Investigate the funding.....|Arcot|2022-02-08 04:39:15.398|0|0|article-police-arson-unit-probes-ottawa-fire-allegation-in-heat-of-anti.json|globemail
I think that a better word might be hysteria. |BC Thoughts|2022-02-08 14:12:30.374|1|0|article-police-arson-unit-probes-ottawa-fire-allegation-in-heat-of-anti.json|globemail
So the truckers are going to be prime suspects in any crime that now happens in Ottawa?   This article is an inflammatory piece of propaganda that reflects badly on the Globe for publishing it.   |BC Thoughts|2022-02-08 14:11:52.077|0|0|article-police-arson-unit-probes-ottawa-fire-allegation-in-heat-of-anti.json|globemail
