﻿comment|username|datetime|isreply|num_replies|post_id|label
Good.  This looks like fundraising for Western separatists or some shadow right wing group.  Really sad raise so much for something like this when there are so many other good things $4.5 million could be used for.  Some better ideas include:  1.  $4.5 million for clean water on reserves 2.  $4.5 million to pay for treatment of cancer patients abroad who have surgeries delayed thanks to COVID-19 3.  $4.5 million to help businesses that have been forced to shutdown due to pandemic.  I can think of many far more worthwhile places for $4.5 million than this.  GoFundme is for helping individuals struggling and charities, not political fundraising.|monkey121|2022-01-25 22:00:41.652|0|9|article-gofundme-withholding-45-million-from-trucker-convoy-until-plan.json|globemail
You have the right to refuse vaccinations but you do not have the right to infect other people. It is not tyrannical that children must get many vaccinations before entering the school system. |The happy Canadian|2022-01-25 20:19:46.829|0|6|article-gofundme-withholding-45-million-from-trucker-convoy-until-plan.json|globemail
already the prices at the grocery store are up lots and the shelves are empty in toronto area, This is bad policy what the government did. I will not vote liberal . |siguy1|2022-01-25 21:38:37.750|0|6|article-gofundme-withholding-45-million-from-trucker-convoy-until-plan.json|globemail
Just got back from Costco Ottawa. They have moved furniture to aisles where food used to be. Fruit and vegetable rows are much smaller than a few weeks ago.  It is starting.|app_69671608|2022-01-25 22:40:05.070|0|6|article-gofundme-withholding-45-million-from-trucker-convoy-until-plan.json|globemail
"For the past 18 months these same truckers were considered ""heroes"" for tirelessly moving freight to Canadians.   But virtually overnight, Justin Trudeau has made them enemies of the state.   Consider that if it can happen to them it can happen to you.  And it may not be vaccine related.  Justin Trudeau's divide Canadians and conquer them strategy is causing undeniable damage to the fabric this country is made of.   We really need to put an adult in charge.   Stephen Harper where are you?   "|Big Guy 2018|2022-01-25 22:47:43.095|0|6|article-gofundme-withholding-45-million-from-trucker-convoy-until-plan.json|globemail
The truckers were unvaccinated heroes a year ago. Now they're unvaccinated villains. Whatever suits the Liberals at the time.  Will Trudeau once again ask if millions of unvaccinated Canadians should be 'tolerated'?  No it isn't the truckers causing division. Unless you call anyone not simply giving blind unquestioning obedience divisive.   |VelvetSilk|2022-01-25 23:40:40.348|1|5|article-gofundme-withholding-45-million-from-trucker-convoy-until-plan.json|globemail
"Good for GoFundMe to holdout out for a reasonable disbursement plan. To do otherwise would be to risk losing their credibility, which is vital for any fundraising organization. That said, it would have been much better to review the plan up front and decide whether it was acceptable before accepting any donations.   What is the intended use of the money? ""the money will go toward fuel as well as food and lodgings for big-riggers taking part"". What good is that for society, other than for a handful of highway hoteliers and commercial fuel stations?   - Tons of greenhouse gas emissions generated with zero goods delivered - Dozens (hundreds?) of trucks and drivers unavailable for work during a supply chain crisis - No upside for public health, hospitals, nor the truckers themselves - Noise, pollution, crowding, disruption for others trying to use highways near urban centres  This was a very wasteful and poorly conceived protest that will likely raise the ire of the very public the organizers were hoping to bring to their side. Think of what $4.5M in donations could have done if directed at the actual problems society is facing.    "|TM_VICTORIA|2022-01-25 21:17:52.135|0|4|article-gofundme-withholding-45-million-from-trucker-convoy-until-plan.json|globemail
This convoy of truckers sure better not block roads anywhere, thereby preventing emergency services such as fire, police, and paramedic services from doing their jobs. If an ambulance can't get to the hospital, a fire truck can't get to a fire, and police can't get to an emergency because of them, the truckers should be liable. Which begs the question, where exactly do they plan to park along the way and in Ottawa?|Kwrite|2022-01-25 21:10:30.445|0|4|article-gofundme-withholding-45-million-from-trucker-convoy-until-plan.json|globemail
Definitely not significant.  Of course if Velvet Silk was really concerned, he would be supporting stronger vaccine mandates but then he would have to contain his animosity toward the PM.|J. K. Galbraith|2022-01-25 23:18:28.481|1|4|article-gofundme-withholding-45-million-from-trucker-convoy-until-plan.json|globemail
Wonder how many tonnes of carbon this convoy of trucks will spew into the atmosphere. Not what the world needs now.|Kwrite|2022-01-25 22:17:47.149|0|4|article-gofundme-withholding-45-million-from-trucker-convoy-until-plan.json|globemail
  This isn't the first time Gofundme has opted to restrict funds into causes they disagree with. Again this is just another example of tech and the pitch fork mob teaming up politically to cancel and scapegoat.          Good luck to these truckers and others that value the Charter right of bodily autonomy. This move by Turdeau was unnecessary, unethical and ignorant. But ethics have not been his Forte. |tinman1957|2022-01-25 22:19:34.451|0|4|article-gofundme-withholding-45-million-from-trucker-convoy-until-plan.json|globemail
Big Brother clamps down on freedom of thought.|Insidethewall|2022-01-25 20:53:30.822|0|4|article-gofundme-withholding-45-million-from-trucker-convoy-until-plan.json|globemail
It started a long time ago early last year i used to buy the 3 KG honey for 16.99 to save money at Costco. it is currently 22.99 now. Everything i buy has gone up by a buck or two at Costco. |app_72128606|2022-01-25 23:10:43.386|1|4|article-gofundme-withholding-45-million-from-trucker-convoy-until-plan.json|globemail
A giant f.u to vile Trudeau and his divisive politics.|BOZ2412|2022-01-26 00:14:09.969|0|4|article-gofundme-withholding-45-million-from-trucker-convoy-until-plan.json|globemail
Assuming that the funds are being used to pay for fuel, food and shelter for the truck drivers than I can see no reason to withhold the funds?  Has GoFundMe offered a public statement on when their review will conclude or what information they are waiting on?  That would be a good question. |M. Grimaldi|2022-01-25 22:47:13.283|0|4|article-gofundme-withholding-45-million-from-trucker-convoy-until-plan.json|globemail
Hoping the Feds beef up security around our House of Commons and other buildings so that these wannabe Trump supporters don’t re-enact what happened last year at the Capitol in Washington. Crybabies….|whatsthisabout|2022-01-25 22:45:49.185|0|4|article-gofundme-withholding-45-million-from-trucker-convoy-until-plan.json|globemail
Conservative Leader Erin O’Toole warned last week that “we’re going to see prices skyrocket for groceries, for everything,” and that the Liberal government’s vaccine mandate would spark “division and pink slips.” The people refusing to get vaccinated are the ones causing the division. Get the shots and problem solved. By the way, I voted for your party in the last election, but you can kiss that goodbye next time around. |xxxyyy|2022-01-25 23:28:18.741|0|4|article-gofundme-withholding-45-million-from-trucker-convoy-until-plan.json|globemail
A lot of vaccinated truckers & people in general  have joined this convoy in order to protest the mandate altogether. Since it is proven that everyone is getting the virus whether vaccinated  or not, time for government to stop trying to control everyone. Canada is suppose to be a free country and it isn't looking much different then  China right now.|app_73019566|2022-01-25 22:53:19.971|1|4|article-gofundme-withholding-45-million-from-trucker-convoy-until-plan.json|globemail
"It's not the government's fault that the truckers are off-base. According to headlines, the ""majority"" of truckers are vaccinated. So this protest is for the hold-outs who haven't grown up yet.  "|Kwrite|2022-01-25 21:50:15.828|1|4|article-gofundme-withholding-45-million-from-trucker-convoy-until-plan.json|globemail
"While I greatly appreciated them doing their job during the pandemic, I didn't consider them ""heroes' either.   I also don't view them as enemies of the state. They are not complying with a new government regulation but that doesn't make them enemies of the state."|J. K. Galbraith|2022-01-25 23:39:01.294|1|3|article-gofundme-withholding-45-million-from-trucker-convoy-until-plan.json|globemail
Shamless give your head a shake.  This is the stupidity that FREEDOM CONVOY 2022 IS ABOUT!|Blair Rempel|2022-01-26 00:52:14.181|0|3|article-gofundme-withholding-45-million-from-trucker-convoy-until-plan.json|globemail
My doctor does not know how to drive an 18 wheeler. Truck drivers do not have medical degrees. We need both, but you should only take medical advice from a Doctor. Why do we even have to talk about this? They can think whatever they want, but stay in your lane. |bkirk|2022-01-25 21:24:03.119|0|3|article-gofundme-withholding-45-million-from-trucker-convoy-until-plan.json|globemail
Ridiculous Statement Why is it Russsia has to be brought into everything people don't agree with. Canadians are just tired of our rights being taken away|app_73019566|2022-01-25 23:25:52.727|1|3|article-gofundme-withholding-45-million-from-trucker-convoy-until-plan.json|globemail
Did GoFundMe take similar actions with all the funds raised for the various and sundry left-wing protests in 2020 and 2021? Or is this type of bureaucracy only reserved for a certain political viewpoint?|CookeV|2022-01-26 01:36:35.806|0|3|article-gofundme-withholding-45-million-from-trucker-convoy-until-plan.json|globemail
For every driver out there in that convoy there are at least 1,000x as many people cheering them on. |VelvetSilk|2022-01-26 00:01:43.470|0|3|article-gofundme-withholding-45-million-from-trucker-convoy-until-plan.json|globemail
NO! It's protesting the mandates and supporting a free society where choosing to be vaccinated does not limit your ability to be employed, limit your ability to move through society or make you a second class citizen.  The ignorant folks are the ones who are combining everyone into this as an anti-vax group. I am vaccinated, my whole family is vaccinated, we all have had covid as well. We are so done with JT and Tam's charade.  I support the truckers as they are standing for so much more than opposing the mandate.  This convey is for freedom and symbolizes a stance against the gross government over-reach that is occurring. Go Fund Me has been a great vehicle for grassroots fundraising. They will lose all credibility if they do not release these funds to truckers. No one has coerced anyone to donate to this cause. They have no right to hold the funds. I donated and personally don't care how they spend the funds, they can go have a round of beers on me, I just want them to know I support what they are doing. |MHK69|2022-01-25 23:19:31.640|1|2|article-gofundme-withholding-45-million-from-trucker-convoy-until-plan.json|globemail
Come on you truckers, most of you have had more pins stuck in your arms with more tattoos than the highland Scottish games so what's a couple more needles to be afraid of?|Jeffclaydon2|2022-01-25 21:49:59.414|0|2|article-gofundme-withholding-45-million-from-trucker-convoy-until-plan.json|globemail
“When are they going to stop to realize that you’ve got to stop screwing with people’s livelihoods,” he said.  When are the science-free anti-vaxxers going to stop to realize that they got to stop screwing with other people's lives, as in life and death disease. Sensible trucking company's will not likely hire such scientifically illiterate drivers in the future. A company cannot build a future on people who are incapable of comprehending reality after two years of global chaos, sickness, and death. Can't figure it out? Go away and find a less challenging line of work.|Cleanup|2022-01-25 22:00:34.152|0|2|article-gofundme-withholding-45-million-from-trucker-convoy-until-plan.json|globemail
Brain dead people|dunrob|2022-01-25 22:16:00.342|1|2|article-gofundme-withholding-45-million-from-trucker-convoy-until-plan.json|globemail
sounds fair that the organizers are paying for fuel(carbon tax included) plus lodging for the truckers, sounds like a good plan to me....now GOFUNDME release the funds to the organizers  |JETLAGJOHNNY|2022-01-25 22:05:39.373|0|2|article-gofundme-withholding-45-million-from-trucker-convoy-until-plan.json|globemail
Now that the US rules have also changed to require drivers to be fully vaccinated, what exactly does this fringe group think they will achieve? What a waste of time and energy, and such an insult to healthcare workers and all those who have made legitimate sacrifices because of this pandemic. Wanna drive? Get your shots - safe, easy and effective. |CGBe|2022-01-25 22:28:26.188|0|2|article-gofundme-withholding-45-million-from-trucker-convoy-until-plan.json|globemail
The decline was about 6 months…,,,dramatic ? No|Stephen184|2022-01-25 22:59:39.196|1|2|article-gofundme-withholding-45-million-from-trucker-convoy-until-plan.json|globemail
 It does not matter what the US government does Black Swan. Folks have the right to bodily autonomy according to the Charter for good reason. Unfortunately the Charter does not mean much in Canada. FYI Biden's vax mandate for companies with more than 100 employees was shot down by the SC.   Now Canadians will feel the pinch of Trudeau's rash and unethical mandate at the grocery store and you can virtue signal to the clerk all you want and it won't make any difference.|tinman1957|2022-01-25 23:23:57.242|1|2|article-gofundme-withholding-45-million-from-trucker-convoy-until-plan.json|globemail
I would not be surprised if some of this money would actually coming from Russia, which is well known to give a push to all marginal movements creating chaos.|3sidedcoin|2022-01-25 22:26:14.667|0|2|article-gofundme-withholding-45-million-from-trucker-convoy-until-plan.json|globemail
Very valid comment.  ““When are they going to stop to realize that you’ve got to stop screwing with people’s livelihoods,” he (Mr. Reese Evans) said.“ Nobody is trying to screw anyone’s livelihood! Just do the right thing, by society and science. Remember it is that which has made mankind so successful ( remember polio, smallpox, diphtheria, measles, tuberculosis….) I suppose when we all need to  start doing the right thing by society and science; and , not get fooled by shady Conspiracy Theorists and their wild falsehoods.  |kulprad911|2022-01-25 20:43:20.710|1|2|article-gofundme-withholding-45-million-from-trucker-convoy-until-plan.json|globemail
That’s because they now have had ample time to get vaccinated, time for them to get vaccinated or find a new job.|Rod Sheridan|2022-01-25 23:57:51.568|1|2|article-gofundme-withholding-45-million-from-trucker-convoy-until-plan.json|globemail
"Search Go Fund Me for ""truckers"" and see there's more than one fundraiser related to the ""Freedom Convoy."" For example, there's also ""Get the drum to Ottawa to support the truckers,"" ""Hold The Line Ottawa Convoy, Things That Matter,"" ""Help feed the truckers fighting for our freedom,"" ""[Individual's name] Ottawa Truckers Rally Fundraiser,"" and more. Wonder how much of this donated money will be used for the stated purpose. There is potential for some to take advantage of this to raise money for other purposes. "|Kwrite|2022-01-25 23:44:24.531|0|2|article-gofundme-withholding-45-million-from-trucker-convoy-until-plan.json|globemail
Why aren't you asking this about Liberal Party donations?  |VelvetSilk|2022-01-26 00:00:16.152|1|2|article-gofundme-withholding-45-million-from-trucker-convoy-until-plan.json|globemail
The point of this article seemed to hint at suspicions of fraud - that possibly the people collecting the money might have been scamming the people supporting the protest. . What are the facts underneath this story?|OldBanister|2022-01-26 00:02:23.647|0|2|article-gofundme-withholding-45-million-from-trucker-convoy-until-plan.json|globemail
"Hindsight being 20/20? They should have done it with BLM who had a very murky past financially prior to their George Floyd windfall, whose leaders admitted were ""trained Marxists"". Apparently they have absconded with the tens of millions of dollars raised on this same finance platform and according to local chapters sent nothing to them. Safe to bet this would not happen with those who risked their health to keep us fed. Hero to villains in 2 years, similar to our fired healthcare workers. "|Jack Chiavarini|2022-01-26 00:15:15.181|0|2|article-gofundme-withholding-45-million-from-trucker-convoy-until-plan.json|globemail
There was nothing heroic about those fired health care workers. They were anti-science and anti health care.|The Last Honest Conservative|2022-01-26 00:49:38.888|1|2|article-gofundme-withholding-45-million-from-trucker-convoy-until-plan.json|globemail
Sort of like snow boarder instructors running the country|Bovine Scatologist II |2022-01-25 22:27:24.882|1|2|article-gofundme-withholding-45-million-from-trucker-convoy-until-plan.json|globemail
Of course, since it's overpriced. Wonder how much of their stock they have to throw out or donate in a week, which would contribute even more to their higher prices.|Kwrite|2022-01-25 23:24:37.620|1|2|article-gofundme-withholding-45-million-from-trucker-convoy-until-plan.json|globemail
What is the risk to a vaccinated Canadian of unvaccinated truckers delivering goods?  I'm looking for the statistical number. |M. Grimaldi|2022-01-25 20:45:22.291|1|2|article-gofundme-withholding-45-million-from-trucker-convoy-until-plan.json|globemail
"It's easy ... ""fully vaccinated"" at this moment in time means three doses, even if the government's vaccination certificates still only requires two doses. Due to Omicron, anything less than three doses isn't adequate protection, which is why some public health officers are pushing for the proof of vaccination to mean proof of three (3) doses. Vaccinations are only as good as how well they keep up with the variants and what is required to be adequately protected from the latest variant. Of course, governments drag their feet and only get on board when it's smacking them in the face."|Kwrite|2022-01-25 22:10:26.265|1|2|article-gofundme-withholding-45-million-from-trucker-convoy-until-plan.json|globemail
And for all the other participants from the other provinces?  What do you propose? Rounding them all up, strapping them down and forcing them to get the shot? |Tryin' Hard|2022-01-25 21:03:10.414|1|2|article-gofundme-withholding-45-million-from-trucker-convoy-until-plan.json|globemail
Why doesn't Kenney just spend the time and effort to get the drivers and others vaccinated?|22_yossarian_22|2022-01-25 20:51:58.353|0|2|article-gofundme-withholding-45-million-from-trucker-convoy-until-plan.json|globemail
"Assumptions are usually wrong. No I don't. But these aren't people standing on a sidewalk blocking one entrance. These are huge trucks. There are very few highways that go west to east through Ontario (an only one main one) and only one highway through Ottawa. Emergency services are essential. Would you like me to return an assumption and ""assume"" you'd be fine with the paramedic service not being able to get to someone you care about having a medical emergency because truckers might be blocking the road/highway. Protests have to be done in a safe way, and it's completely unknown how they plan to do this. My point was, they shouldn't hamper emergency services no matter who they are and what they're protesting!!! Why do people take comments out of context? And as someone posted somewhere else, kids have to be vaccinated to go back to in-class learning and they're not protesting."|Kwrite|2022-01-25 21:37:43.888|1|2|article-gofundme-withholding-45-million-from-trucker-convoy-until-plan.json|globemail
Hello 'happy Canadian'  In your posting, you suggest that Canadians 'have the right to refuse vaccinations but you do not have the right to infect other people.'  What do you say to those Canadians who dutifully got all of their shots but still managed to get infected  and infect others?  This term, fully vaccinated is starting to feel like a scientific and bureaucratic farce.  You don't work in the public sector by chance?   BTW - Fabulous Fabs is 'fully vaccinated' whatever that practically means.       |Fabulous Fabs|2022-01-25 21:11:08.959|1|2|article-gofundme-withholding-45-million-from-trucker-convoy-until-plan.json|globemail
Why should we care that a bunch of anti-vaxxers are doing? Please report on news, not the activities of ignoramuses. |James778|2022-01-25 22:46:47.392|0|1|article-gofundme-withholding-45-million-from-trucker-convoy-until-plan.json|globemail
You want the truckers to tell Gofundme how to run their business???? Who the heck do you think you are anyway??  Stalin?  Mussolini? Don't like their rules?  Start your own crowdfunding company. |thunderbaybee|2022-01-25 22:50:23.760|1|1|article-gofundme-withholding-45-million-from-trucker-convoy-until-plan.json|globemail
What is divisive about implementing a vaccine mandate for truckers who have to go to the US when the Americans are making it a requirement for truckers entering their country.|J. K. Galbraith|2022-01-26 00:37:49.580|1|1|article-gofundme-withholding-45-million-from-trucker-convoy-until-plan.json|globemail
"This move by Trudeau was in sync with the US and with the majority sentiments in Canada.  So a bunch of unvaccinated truckers are having a tantrum, a bunch of conspiracy theorists are crying tyranny, and a bunch of separatists are trying to make a few quick bucks and use the situation to their political advantage....  ...and it's another day of the week ending in ""y"". Nothing new to see here."|Black Swan|2022-01-25 22:30:59.800|1|1|article-gofundme-withholding-45-million-from-trucker-convoy-until-plan.json|globemail
The protest has the support of a small but vocal minority.  But the impact of the policy and its timing will affect availability and pricing of consumer staples.    Tough to pick a side, other than the one strand of common ground, which is to blame Trudeau.   |billy112|2022-01-26 00:14:57.567|0|1|article-gofundme-withholding-45-million-from-trucker-convoy-until-plan.json|globemail
FREEDOM CONVOY 2020!!  Thank you to all the truckers both from Canada and the United States.|Blair Rempel|2022-01-26 00:34:47.361|1|1|article-gofundme-withholding-45-million-from-trucker-convoy-until-plan.json|globemail
Well Trudeau flies to Tofino on private Jet for surfing trips and we all seem to be ok with that. he keeps getting in. |app_72128606|2022-01-25 23:12:48.400|1|1|article-gofundme-withholding-45-million-from-trucker-convoy-until-plan.json|globemail
Considerably less than all the environmentalist flying to COP26 in Scotland  next question |Stephen184|2022-01-25 22:58:23.712|1|1|article-gofundme-withholding-45-million-from-trucker-convoy-until-plan.json|globemail
"For the past 18 months these same truckers were considered ""heroes"" for tirelessly moving freight to Canadians.  Really? By who?  . "|Ivan Dobren|2022-01-26 00:10:48.521|1|1|article-gofundme-withholding-45-million-from-trucker-convoy-until-plan.json|globemail
But it's all about them - and they couldn't care less about anyone other than themselves.|Richard McL|2022-01-25 22:50:00.355|1|1|article-gofundme-withholding-45-million-from-trucker-convoy-until-plan.json|globemail
We require that fundraisers be transparent about the flow of funds and have a clear plan for how those funds will be spent.  Transparent? Flow of funds and have a clear plan for how those funds will be spent???  From the far-right Maverick Party apparatchiks? The Proud Boys sympathizers? The same people that are calling for January 6 in Ottawa?  You must be ..................kidding.  . |Ivan Dobren|2022-01-26 00:08:39.901|0|1|article-gofundme-withholding-45-million-from-trucker-convoy-until-plan.json|globemail
"An almost 1% drop in life expectancy is not significant. Wow. You only seem concerned if it's the ""right"" sort of people. How progressive.   "|VelvetSilk|2022-01-26 01:26:28.238|1|1|article-gofundme-withholding-45-million-from-trucker-convoy-until-plan.json|globemail
The Maverick Party -- what a shock!  Now, since   a Canadian trucker can't even enter the U.S. if unvaccinated, there clearly is no issue about unvaccinated truckers returning to Canada...since they won't have been in the States in the first place. So, who will this 14 day quarrantine even affect, apart from perhaps a few stragglers?  I do appreciate the validity of concerns about bodily autonomy, freedom of movement and freedom to work. But vaccination is such an easy, obvious and socially responsible choice that it makes this a wierd hill to die on.  Get the jab.|Magnus Eiesegrim|2022-01-26 00:44:11.635|0|1|article-gofundme-withholding-45-million-from-trucker-convoy-until-plan.json|globemail
All the vaccinations you just mentioned have been around for a long time and we know the long term effects. The Covid Vaccine no one around the world knows if and what the long term  effects maybe.  To push this on parents to have their children vaccinated should 'be against the law. The government sure won't be our sides should there be any long term effects.|app_73019566|2022-01-25 23:17:58.984|1|1|article-gofundme-withholding-45-million-from-trucker-convoy-until-plan.json|globemail
"Life expectancy for Canadian men and women has declined significantly during the last two years but the drop for men is almost twice the drop that women have experienced. Given the deluge of ""covid is worse for women"" articles from the Globe perhaps they spare an article or two on this gender disparity. You know, once we've thoroughly examined the working of GoFundMe and had another 4 or 5 articles on why O'Toole should not lead the CPC.    "|VelvetSilk|2022-01-25 22:12:16.234|0|1|article-gofundme-withholding-45-million-from-trucker-convoy-until-plan.json|globemail
At least they are trying . Canada is being run to bankruptcy by the gov't. And the wealthy corporations aligned with the liberals are getting more wealthy. Give your head a shake. Maybe then you will wake up from your wokeness.|katch|2022-01-26 15:22:57.359|1|1|article-gofundme-withholding-45-million-from-trucker-convoy-until-plan.json|globemail
I am stunned by this fundraiser’. What do people think their money is going towards? |Karen Johnson|2022-01-25 22:06:01.622|0|1|article-gofundme-withholding-45-million-from-trucker-convoy-until-plan.json|globemail
Maybe you'll learn to communicate without meaningless buzzwords.|Alceste|2022-01-26 17:25:01.708|1|1|article-gofundme-withholding-45-million-from-trucker-convoy-until-plan.json|globemail
I assume that you feel the same way when unions, protesters, and First Nations do the same thing.|BC Thoughts|2022-01-25 21:12:30.174|1|1|article-gofundme-withholding-45-million-from-trucker-convoy-until-plan.json|globemail
76. Or 45, but that is not a statistical number. Some numbers are more statistical than others.|cbajona|2022-01-25 21:09:37.855|1|1|article-gofundme-withholding-45-million-from-trucker-convoy-until-plan.json|globemail
But apparently not the Truckers Association or the vast majority of vaccinated truckers who have done their part. |HilkkaW|2022-01-26 01:33:16.606|1|1|article-gofundme-withholding-45-million-from-trucker-convoy-until-plan.json|globemail
So this Go Fund Me was started by the Western separatist Maverick Party who stated Canada seems to be turning into a tyrannical government oppressing it's people. And then the Canadian Trucking Alliance stated that vaccination, used in combination with preventive public health measures, is the most effective tool to reduce the risk of COVID-19 for Canadians, and to protect public health. So yes, I'm 100% agree with the Canadian Trucking Alliance and in total disagreement with the Western separatist Maverick party. Yup, this isn't about our truckers and all about more noise from anti-vaxers.  |FinVE|2022-01-26 00:07:20.260|0|1|article-gofundme-withholding-45-million-from-trucker-convoy-until-plan.json|globemail
"""apparently not the Truckers Association""  The lobby group that supports the Liberals through donations? LOL  "|VelvetSilk|2022-01-26 02:00:53.863|1|1|article-gofundme-withholding-45-million-from-trucker-convoy-until-plan.json|globemail
Sounds like Parliament Hill would be an opportune location for a drive-through vaccine clinic this weekend.  From lemons, to lemonade!|George Bay|2022-01-25 23:16:40.296|0|1|article-gofundme-withholding-45-million-from-trucker-convoy-until-plan.json|globemail
I'll put money on that most of those truckers have more public safety infractions than no vaccines should their rigs be checked over.|Randall Leigh|2022-01-26 00:10:34.169|1|1|article-gofundme-withholding-45-million-from-trucker-convoy-until-plan.json|globemail
If a person could care less about the health of others, why would they care about their money?|Rank Stranger|2022-01-25 23:37:40.801|1|1|article-gofundme-withholding-45-million-from-trucker-convoy-until-plan.json|globemail
No they are not. |tinman1957|2022-01-25 23:39:42.192|1|1|article-gofundme-withholding-45-million-from-trucker-convoy-until-plan.json|globemail
Yes they are.  They belong to the now identifiable minority percentage of society that make life difficult for the majority, who individually ruin someone's day everyday of the year.|Randall Leigh|2022-01-26 00:04:37.026|1|1|article-gofundme-withholding-45-million-from-trucker-convoy-until-plan.json|globemail
After paying for the fuel, food and lodgings, what is their plan for the remaining $3.5 million?|Who Are You|2022-01-25 23:29:21.511|1|1|article-gofundme-withholding-45-million-from-trucker-convoy-until-plan.json|globemail
It is just an excuse to justify their embrace of cancel culture. |tinman1957|2022-01-25 23:29:10.153|1|1|article-gofundme-withholding-45-million-from-trucker-convoy-until-plan.json|globemail
Nobody is stopping them.  But they are still a small minority.  They ought to at some point acknowledge that at least.|Randall Leigh|2022-01-26 00:19:25.352|1|1|article-gofundme-withholding-45-million-from-trucker-convoy-until-plan.json|globemail
I think the people of Canada still have the right to  Protest or has that been taken away also|app_73019566|2022-01-25 23:22:03.849|1|1|article-gofundme-withholding-45-million-from-trucker-convoy-until-plan.json|globemail
Crybabies, the likes of you will be the first to whine as fruit and veggie prices skyrocket. |Stephen184|2022-01-25 22:56:51.790|1|1|article-gofundme-withholding-45-million-from-trucker-convoy-until-plan.json|globemail
The vaccinated can get and spread covid just as easily as the unvaccinated but more so just because of the large  number of vaccinated. Your post amounts to propagating a misinformation myth.|tinman1957|2022-01-25 23:13:12.354|1|1|article-gofundme-withholding-45-million-from-trucker-convoy-until-plan.json|globemail
Nor should they have the right to butt into health care queues ahead of people awaiting life-saving surgeries.|Thinking Ahead|2022-01-25 20:46:19.308|1|1|article-gofundme-withholding-45-million-from-trucker-convoy-until-plan.json|globemail
Donations to political parties have extensive paper trails...even to parties you don't like. Consider, when you post, the truthfulness of what you post. Just a thought! 😉|Magnus Eiesegrim|2022-01-26 00:49:54.508|1|1|article-gofundme-withholding-45-million-from-trucker-convoy-until-plan.json|globemail
Right, those avocado and banana plantations... |ChuckT|2022-01-25 23:06:42.737|1|1|article-gofundme-withholding-45-million-from-trucker-convoy-until-plan.json|globemail
Times like these are why we should always try to buy local as much a possible, which of course varies by season when it comes to fruit and vegetables. Still, there are greenhouses in Ontario that produce tomatoes and other vegetables year-round. If we don't support local producers on an ongoing basis, they won't be sustainable and won't be there when we need them the most.|Kwrite|2022-01-25 23:02:23.887|1|1|article-gofundme-withholding-45-million-from-trucker-convoy-until-plan.json|globemail
Nonsense. Just went to Whole Foods. It's fully stocked. |MyOwnAccount|2022-01-25 22:42:10.842|1|1|article-gofundme-withholding-45-million-from-trucker-convoy-until-plan.json|globemail
Yes like attracts like so a few hundred dumb truckers is going to be like a magnate for stupid.  That is how they got it up to 4.5 million.|LastHonestPersonOnTheRight|2022-01-26 01:15:43.989|1|1|article-gofundme-withholding-45-million-from-trucker-convoy-until-plan.json|globemail
How is this an insult to healthcare workers  |app_73019566|2022-01-25 23:26:54.516|1|1|article-gofundme-withholding-45-million-from-trucker-convoy-until-plan.json|globemail
Who are you to decide what causes people want to support?  |ctheorist|2022-01-26 00:57:18.341|1|1|article-gofundme-withholding-45-million-from-trucker-convoy-until-plan.json|globemail
A Canadian Press (owned by Toronto Star and Globe & Mail) article?  No, I've seen that movie, I know how it ends. |TandT|2022-01-26 00:58:50.494|0|1|article-gofundme-withholding-45-million-from-trucker-convoy-until-plan.json|globemail
Their laziness and stupidly killed thousands of Canadian seniors.|The Last Honest Conservative|2022-01-26 01:13:20.266|1|1|article-gofundme-withholding-45-million-from-trucker-convoy-until-plan.json|globemail
I wonder who applied the pressure for Go Fund Me to take this action?  I guess there were too many people donating and supporting this trucker action.  Too much oxygen that had to be deflated.  |JA20|2022-01-26 01:05:52.287|0|1|article-gofundme-withholding-45-million-from-trucker-convoy-until-plan.json|globemail
We knew communism was coming to Canada. We didn’t know it would be so soon.|Insidethewall|2022-01-26 05:01:50.338|0|1|article-gofundme-withholding-45-million-from-trucker-convoy-until-plan.json|globemail
Nope|El Guapo 66|2022-01-26 01:58:04.345|1|1|article-gofundme-withholding-45-million-from-trucker-convoy-until-plan.json|globemail
Reserved for money laundering risk situations.|MyOwnAccount|2022-01-26 02:01:04.353|1|1|article-gofundme-withholding-45-million-from-trucker-convoy-until-plan.json|globemail
Hah. I just went to the local Whole Foods. Lots of groceries on the shelves.   Siguy1, maybe you need a better class of grocery store.|MyOwnAccount|2022-01-25 22:24:06.729|1|1|article-gofundme-withholding-45-million-from-trucker-convoy-until-plan.json|globemail
Name one place where the shelves are empty.  Once again ... spurious claims from the small minority of vaccine holdouts.  In this case 10% of truckers who can still drive, they just can't cross the border.  This minority is screwing up the entire country's livelihoods and lives so don't whine to me about the poor trucker who can't go the US now.  All this doomsday nonsense about empty shelves as a direct result of this is overblown garbage.|JCH11|2022-01-25 22:19:00.977|1|1|article-gofundme-withholding-45-million-from-trucker-convoy-until-plan.json|globemail
At least go-fund-me let the money go to pay for the defense of Mark Norman when the Liberal government was persecuting him when his competent work hurt their feelings.  I even got my donation back when the taxpayers of Canada had to foot his legal bills.  More liberal waste|app_67617077|2022-01-26 02:21:49.419|0|1|article-gofundme-withholding-45-million-from-trucker-convoy-until-plan.json|globemail
"""The Canadian Trucking Alliance, which has denounced the convoy protest, says more than 85 per cent of the 120,000 Canadian truck drivers who regularly traverse the border are vaccinated..."" the others get their news solely from Facebook groups.  Finished that statement correctly.   "|ramblinpaul|2022-01-26 04:09:50.422|0|1|article-gofundme-withholding-45-million-from-trucker-convoy-until-plan.json|globemail
Who knew GoFundMe is communist?|Alceste|2022-01-26 06:57:00.879|1|1|article-gofundme-withholding-45-million-from-trucker-convoy-until-plan.json|globemail
Can you hear it?  All I want is money for gas!|JohnR|2022-01-25 22:00:20.347|0|1|article-gofundme-withholding-45-million-from-trucker-convoy-until-plan.json|globemail
"Freezing the funds has nothing to do with having ""a plan"" and everything to do with Go Fund Me trying to stop the fundraising period. They would love nothing more than finding a way to stop it as they are just another woke platform. "|art_2011|2022-01-26 13:02:50.619|0|1|article-gofundme-withholding-45-million-from-trucker-convoy-until-plan.json|globemail
Hmm - sounds to me like Go Fund Me has been bitten by the censorship-type bug.  It’s a recent illness that has percolated amongst once free (freedom of markets, thought and expression, and bodily autonomy) nations and corporations.  Now they’ve elected to backslide into states that increasingly emulate those nations we once distinguished ourselves from and that our forefathers fought wars against in previous generation.  Of course it will shake out and normalize - and all those parties/countries/corporations/individuals will, of course (yawn) be (yet again) on the wrong side of history - but we have to let it all flush through unfortunately. Total waste of time and energy. Guess it is what is is. |millef1|2022-01-25 21:15:00.110|0|1|article-gofundme-withholding-45-million-from-trucker-convoy-until-plan.json|globemail
If a clear purpose was set for a go fund me project who has the right to dictate anything other then what the organizers stipulated?|g henry|2022-01-26 22:18:50.467|0|1|article-gofundme-withholding-45-million-from-trucker-convoy-until-plan.json|globemail
Did you feel the same way when thousands of so called environmentalists flew to COP26 in Scotland? How much useless fuel burned to get them there? |Stephen184|2022-01-25 23:05:48.189|1|1|article-gofundme-withholding-45-million-from-trucker-convoy-until-plan.json|globemail
3) I am not sure what policies you are referring to specifically.  I am referring to the policy of mandating truck drivers be vaccinated.  Which is the reason for the GoFundMe to support their protest of the policy in question.  Said policy will exacerbate the supply chain crises and I was asking you to give me the net benefit of that policy to Canadians.   I assure you that there is no material or measurable benefit to Canadians of the policy but I invite you to provide one if you have one.|M. Grimaldi|2022-01-26 01:12:51.336|1|1|article-gofundme-withholding-45-million-from-trucker-convoy-until-plan.json|globemail
I'll address several responses at once, to Stephen, tinman, and M. Grimaldi:   1) Yes - although there is a climate crisis that is affecting millions of people (and the welfare of billions more) I'm deeply disappointed in how many self-declared climate leaders chartered jets to meet up for a week or two. No wonder so many people regard them as hypocritical. That doesn't change the underlying issue - GHG emissions is a known problem and two wrongs don't make a right. The truckers won zero support from me on this campaign.   2) Personally, I really struggle with mandatory vaccination, particularly of children. Vaccinations did their job very well and have probably been the single most effective tool to fight this pandemic, but I am still sympathetic to those who are deeply fearful of taking an injection. Restrictions, when required to keep a pandemic under control, are warranted. We might be near the end of one of those times.   3) I am not sure what policies you are referring to specifically. I didn't vote Liberal. Regardless of what government was in power, drastic action was needed to address the situation, and it appears Canada did reasonably well in comparison to others.      |TM_VICTORIA|2022-01-26 00:16:43.213|1|1|article-gofundme-withholding-45-million-from-trucker-convoy-until-plan.json|globemail
Another pinhead comment from somebody dependant on those truckers to deliver their food   |Stephen184|2022-01-25 23:01:59.966|1|1|article-gofundme-withholding-45-million-from-trucker-convoy-until-plan.json|globemail
So you support Mark Norman leaking bid documents to a competing bidder.|The Last Honest Conservative|2022-01-26 04:23:07.829|1|1|article-gofundme-withholding-45-million-from-trucker-convoy-until-plan.json|globemail
........... and be diverted from the CPC and PPC.|The Last Honest Conservative|2022-01-26 01:14:13.202|1|1|article-gofundme-withholding-45-million-from-trucker-convoy-until-plan.json|globemail
"Lawsuits after the ""United We Roll"" scam. The wingnuts had no money to make it back to Alberta   Google ""United we Roll""  "|The Last Honest Conservative|2022-01-26 01:29:59.085|1|1|article-gofundme-withholding-45-million-from-trucker-convoy-until-plan.json|globemail
Well most of it was due to disappear into the pockets of the leader or leaders so this is good news.|LastHonestPersonOnTheRight|2022-01-26 01:09:52.937|0|1|article-gofundme-withholding-45-million-from-trucker-convoy-until-plan.json|globemail
Gofundme is a business not a charity.|tinman1957|2022-01-25 22:20:56.931|1|1|article-gofundme-withholding-45-million-from-trucker-convoy-until-plan.json|globemail
No..  They have their own donors and those moneys are watched.  This money was free money.  Untracable|LastHonestPersonOnTheRight|2022-01-26 01:50:33.264|1|1|article-gofundme-withholding-45-million-from-trucker-convoy-until-plan.json|globemail
"In 2019, the wingnuts ran a similar go fund me scam. It was called ""united we roll""  "|The Last Honest Conservative|2022-01-26 01:26:44.727|0|1|article-gofundme-withholding-45-million-from-trucker-convoy-until-plan.json|globemail
You like MA cannot seem to post without an insult. Too bad, so sad.  |VelvetSilk|2022-01-26 02:01:48.270|1|0|article-gofundme-withholding-45-million-from-trucker-convoy-until-plan.json|globemail
Maybe, Go Fund Me does not want to get sued again .  Remember United We Roll roll 3 years ago  ?  |The Last Honest Conservative|2022-01-26 15:06:17.567|1|0|article-gofundme-withholding-45-million-from-trucker-convoy-until-plan.json|globemail
The truckers work long hours and have a difficult job, meeting deadlines, driving during crappy weather, often driving in the dark, and always on the lookout for stupid drivers trying to pass them and cut them off, and so on and so forth. We would all be in a world of hurt if it wasn’t for them. However, while it is their choice to get vaccinated or not, it should also be their choice  to not infect others. Also, I don’t buy their argument that they are always totally alone, and do not interact with others, when they drive. Do they have a kitchenette or a potty in their trucks? Do they not stop off for fuel at truck stops or eat at the restaurants? Do they not interact with people when they leave at point A and arrive at point B? Do they sit alone in their cab while their  cargo is being loaded and unloaded? Perhaps I am missing something.     |FRANCO UKRAINIAN|2022-01-25 21:35:27.817|1|0|article-gofundme-withholding-45-million-from-trucker-convoy-until-plan.json|globemail
"RE: ""The truckers were unvaccinated heroes a year ago. Now they're unvaccinated villains. Whatever suits the Liberals at the time.""  No, they're not villains and the govenrment didn't say they are. Headlines indicate that ""the majority"" of truckers are vaccinated (would like to know the %). It's the unvaccinated minority that have led to this convoy/rally/protest. Government of all levels are trying to get more people of all ages and working in all sectors vaccinated. It's not just about the minority of truckers who aren't vaccinated. It's not all about them, but it includes them."|Kwrite|2022-01-26 00:06:42.245|1|0|article-gofundme-withholding-45-million-from-trucker-convoy-until-plan.json|globemail
It is not the unvaccinated people causing the problem, I am vaccinated and definitely do not agree with all these mandates as do a lot of people most are just afraid to say anything due to political backlash|app_73019566|2022-01-26 00:50:14.540|1|0|article-gofundme-withholding-45-million-from-trucker-convoy-until-plan.json|globemail
FREEDOM CONVOY 2022!!!! Thankyou Canadian And American Truckers!|Blair Rempel|2022-01-26 00:38:50.969|1|0|article-gofundme-withholding-45-million-from-trucker-convoy-until-plan.json|globemail
Blind unquestioning just like repeating any right wing arguments over and over on every message board without any critical thinking? Were you referring to this kind of unquestioning blind obedience?   |CPFC08|2022-01-26 00:22:38.120|1|0|article-gofundme-withholding-45-million-from-trucker-convoy-until-plan.json|globemail
If the truckers want to do something positive, why don't they take the gofundme money, purchase corn, grain and hay from eastern Canada suppliers and turn around and truck the supplies back to Alberta.   The drought has put the cattle herds in Western Canada in peril and ranchers are desperate for feed now.  I would contribute to a fund to support that action but oppose any attempt to avoid vaccination.  |scottanddidi|2022-01-26 14:47:46.248|0|0|article-gofundme-withholding-45-million-from-trucker-convoy-until-plan.json|globemail
The story that will keep giving. Can you imagine the chaos when someone comes up with a formula to allocate the funds. To whom, only truckers, their co-drivers , the fleet of flag waving pickups coming along for the road trip, only if you reach Ottawa, only if you started in Alberta,  per mile travelled , including hamburgers , including beer, present receipts, tax implications  etc. etc.... What fun. |app_69909726|2022-01-26 15:21:43.697|0|0|article-gofundme-withholding-45-million-from-trucker-convoy-until-plan.json|globemail
My truck driving step grandson got vaccinated, his mother is at risk with no spleen, and his grandmother has a heart condition. He is doing the right thing, protecting the weak ad vulnerable. What are you doing?  Never mind, I have read your posts.|Randall Leigh|2022-01-26 00:08:45.682|1|0|article-gofundme-withholding-45-million-from-trucker-convoy-until-plan.json|globemail
"Can anyone say ""United We Roll""?   "|River1961|2022-01-26 08:23:41.911|0|0|article-gofundme-withholding-45-million-from-trucker-convoy-until-plan.json|globemail
Thoughts and Prayers.   |dchap|2022-01-26 01:07:46.472|0|0|article-gofundme-withholding-45-million-from-trucker-convoy-until-plan.json|globemail
Outright lie. |Paolotc|2022-01-26 12:54:59.977|1|0|article-gofundme-withholding-45-million-from-trucker-convoy-until-plan.json|globemail
"Only about 15% have said ""no thanks"". The rest have done the smart thing."|Magnus Eiesegrim|2022-01-26 00:52:40.013|1|0|article-gofundme-withholding-45-million-from-trucker-convoy-until-plan.json|globemail
85% of  the truckers are vaccinated. Lets not bow down to the vocal minority. Even if Canada was the change its rules those truckers would still not be allowed to go into the states. If the 15% got vaccinated they could cross the border. |mclbri1|2022-01-26 00:00:20.091|1|0|article-gofundme-withholding-45-million-from-trucker-convoy-until-plan.json|globemail
How does the Legion feel about excess go fund me money ?|GregaryPeckary|2022-01-27 12:09:25.398|0|0|article-gofundme-withholding-45-million-from-trucker-convoy-until-plan.json|globemail
First, healthcare workers. Heroes then villains. Now truckers. The nefarious PMO is at work calling in favours from their servants at the CBC, Star, Global etc. |El Guapo 66|2022-01-26 02:04:15.828|1|0|article-gofundme-withholding-45-million-from-trucker-convoy-until-plan.json|globemail
"Could you point to an example of the PM or some senior cabmin calling the handful of unvaccinated drivers ""villains?""  As for ""Where are you Stephen Harper?"" Hobnobbing with odious autocrats and still sulking after his electoral humiliation, LOL.   "|Dr. Howland Owl|2022-01-26 03:43:53.538|1|0|article-gofundme-withholding-45-million-from-trucker-convoy-until-plan.json|globemail
At least they took a stand against corruption. How much do you think the wingnuts that flew to DAVOS this year cost the country?|katch|2022-01-26 15:19:56.653|1|0|article-gofundme-withholding-45-million-from-trucker-convoy-until-plan.json|globemail
Not likely.|LastHonestPersonOnTheRight|2022-01-26 01:54:29.977|1|0|article-gofundme-withholding-45-million-from-trucker-convoy-until-plan.json|globemail
Arrest the right wing antivaxxer agitators and put them in jail for a month or two|vikingjorg|2022-01-27 19:45:51.086|0|0|article-gofundme-withholding-45-million-from-trucker-convoy-until-plan.json|globemail
With apologies to Tom Petty. Tamara Lich and her band of aggrieved 'patriots' : Rebels without a clue.|frankly_speaking|2022-01-27 18:05:13.897|0|0|article-gofundme-withholding-45-million-from-trucker-convoy-until-plan.json|globemail
What...wokeness? Thought my communication was inclusive.|katch|2022-01-26 19:47:22.525|1|0|article-gofundme-withholding-45-million-from-trucker-convoy-until-plan.json|globemail
Gee, could it be because this article is about a fundraiser for the truckers Freedom Convoy and not  the Liberal Party. Trying to stay on topic lol|Kwrite|2022-01-26 02:15:37.794|1|0|article-gofundme-withholding-45-million-from-trucker-convoy-until-plan.json|globemail
I always knew that Go Fund Me was a scam.  People put in cash and the service gets to keep it.|app_66932657|2022-01-27 03:57:52.945|0|0|article-gofundme-withholding-45-million-from-trucker-convoy-until-plan.json|globemail
FREEDOM CONVOY 2022!!  THANK YOU CANADIAN AND AMERICAN TRUCKERS!!|Blair Rempel|2022-01-26 00:40:27.076|1|0|article-gofundme-withholding-45-million-from-trucker-convoy-until-plan.json|globemail
I hope they wear their seatbelts, don't speed and heaven forbid they use their god given right to run red lights.    |SunnyWays|2022-01-26 23:04:32.684|0|0|article-gofundme-withholding-45-million-from-trucker-convoy-until-plan.json|globemail
I suspect that the vaccinated who still got infected and inadvertently passed it onto others weren't trying to exercise some sort of selfish right to spread it.  Stop being silly.|Richard McL|2022-01-25 21:35:42.975|1|0|article-gofundme-withholding-45-million-from-trucker-convoy-until-plan.json|globemail
That's the point. The organizers failed to stipulate.  Remember United We Roll when the wingnuts didn't have money to get back to Alberta ? |The Last Honest Conservative|2022-01-27 12:56:05.542|1|0|article-gofundme-withholding-45-million-from-trucker-convoy-until-plan.json|globemail
"Their answer to you is clearly ""no thanks"".  "|VelvetSilk|2022-01-26 00:00:45.030|1|0|article-gofundme-withholding-45-million-from-trucker-convoy-until-plan.json|globemail
It is certainly wealth redistribution.|The Last Honest Conservative|2022-01-26 15:07:45.595|1|0|article-gofundme-withholding-45-million-from-trucker-convoy-until-plan.json|globemail
Read the other articles about it here.|Kwrite|2022-01-25 22:03:29.129|1|0|article-gofundme-withholding-45-million-from-trucker-convoy-until-plan.json|globemail
Wonder how much of this donated money will be used for the stated purpose.  Minimal, that's how much  . |Ivan Dobren|2022-01-26 00:09:40.414|1|0|article-gofundme-withholding-45-million-from-trucker-convoy-until-plan.json|globemail
Will they stop to hold a protest at every government mandated traffic light ?|The Last Honest Conservative|2022-01-26 01:37:25.670|0|0|article-gofundme-withholding-45-million-from-trucker-convoy-until-plan.json|globemail
So you’re ignorant of history too.  The polio vaccine was also “rushed”, because we develop vaccines for things that are a threat, and that means urgency.  People protested those vaccines too, like you are now. They and their kids got sick.  We do this every time, and you never learn.|Pseudonymous Coward|2022-01-26 01:36:57.710|1|0|article-gofundme-withholding-45-million-from-trucker-convoy-until-plan.json|globemail
Many years  ago the best form of government was thought to be a benign dictator. This behavior by the Maverick party shows that not everyone deserves to have a vote. Democracy should mean decisions are made for the greater good of all— unfortunately in a democracy we see this type of holding the country to ransom for their inexplicable ability to see the greater good that the Provincial and Federal governments have promulgated.|rbccibcbmo|2022-01-25 21:08:06.213|1|0|article-gofundme-withholding-45-million-from-trucker-convoy-until-plan.json|globemail
"In 2019, the same wingnuts ran a similar scam. It was called ""United We Roll"" There was a fight about the money. Some did not have money to get back to Alberta . Look it up  "|The Last Honest Conservative|2022-01-26 01:44:07.734|1|0|article-gofundme-withholding-45-million-from-trucker-convoy-until-plan.json|globemail
Free Dumb Convoy 2022.  Thank you to all those dumb right wing hicks for showing us who you are.|LastHonestPersonOnTheRight|2022-01-26 01:11:51.654|1|0|article-gofundme-withholding-45-million-from-trucker-convoy-until-plan.json|globemail
And you would know...how? Very few people can even define science or anti-science. Just buzz words for politicians and people who have really have little knowledge.|katch|2022-01-26 15:27:24.818|1|0|article-gofundme-withholding-45-million-from-trucker-convoy-until-plan.json|globemail
Oh look here comes Jack on the wrong side again|LastHonestPersonOnTheRight|2022-01-26 01:11:05.789|1|0|article-gofundme-withholding-45-million-from-trucker-convoy-until-plan.json|globemail
"Grifters call basic accounting ""bureaucracy """|The Last Honest Conservative|2022-01-26 02:04:43.959|1|0|article-gofundme-withholding-45-million-from-trucker-convoy-until-plan.json|globemail
Who's being divisive again?  |Rank Stranger|2022-01-26 01:27:48.632|1|0|article-gofundme-withholding-45-million-from-trucker-convoy-until-plan.json|globemail
These donors would normally support the CPC and PPC . It looks like go fund me is demanding tracing|The Last Honest Conservative|2022-01-26 02:01:45.142|1|0|article-gofundme-withholding-45-million-from-trucker-convoy-until-plan.json|globemail
Y'know, there could be an interesting discussion to be had from both ends. But blathering like a schoolyard punk ? What does that accomplish?|Magnus Eiesegrim|2022-01-26 00:46:50.757|1|0|article-gofundme-withholding-45-million-from-trucker-convoy-until-plan.json|globemail
IT is about the Free Dumb|LastHonestPersonOnTheRight|2022-01-26 01:12:24.627|1|0|article-gofundme-withholding-45-million-from-trucker-convoy-until-plan.json|globemail
BLM?|VelvetSilk|2022-01-26 09:09:27.998|1|0|article-gofundme-withholding-45-million-from-trucker-convoy-until-plan.json|globemail
“Get the jab”. Take that to Jane and Finch. They need your wisdom. |El Guapo 66|2022-01-26 01:59:17.494|1|0|article-gofundme-withholding-45-million-from-trucker-convoy-until-plan.json|globemail
Sore Loser ! Would you like another election ?|The Last Honest Conservative|2022-01-26 00:32:18.016|1|0|article-gofundme-withholding-45-million-from-trucker-convoy-until-plan.json|globemail
How about some transparency for Trudeau handling out billions to Liberal cronies? Or is that too difficult to process?|El Guapo 66|2022-01-26 02:01:10.866|1|0|article-gofundme-withholding-45-million-from-trucker-convoy-until-plan.json|globemail
Disrespectful comment. At least they are trying to break the bureaucratic self-serving Federal gov't. What are you doing about anything?|katch|2022-01-26 15:17:50.513|1|0|article-gofundme-withholding-45-million-from-trucker-convoy-until-plan.json|globemail
FREEDOM FRIES!  10 - 4 mon ami!  Ah the good ol' days.  Hmmm...  wait a minute! |JDinVictoria|2022-01-26 00:50:47.995|0|0|article-gofundme-withholding-45-million-from-trucker-convoy-until-plan.json|globemail
"Yup, this isn't about our truckers and all about more noise from anti-vaxers.  Of course, the real beauty in this egregious fiasco/stupidity being;  Last Saturday the U.S. barred unvaccinated Canadian drivers from entering the country, mirroring Canada’s border filter for American truckers.    These  ""n.u.t,s""/specimens are actually so inept, lacking in basic intelligence they do not realize they can't enter the United States due to the US government Law(s).  Unbelievable.  . "|Ivan Dobren|2022-01-26 00:24:44.642|1|0|article-gofundme-withholding-45-million-from-trucker-convoy-until-plan.json|globemail
I never had any concerns that this money would be properly given to those on the convoy.  I knew it would never happen.  They will be lucky to see pennies.   There are Cons involved.  Never saw one that was not an out and out crook.|LastHonestPersonOnTheRight|2022-01-26 01:14:22.573|1|0|article-gofundme-withholding-45-million-from-trucker-convoy-until-plan.json|globemail
I didn't read suspicions of fraud as the concern but just the fact that GoFund Me wants to be sure there is a clear plan on how this large amount of money is going to be used.  They don't want their business to have egg on its face.|J. K. Galbraith|2022-01-26 00:36:29.337|1|0|article-gofundme-withholding-45-million-from-trucker-convoy-until-plan.json|globemail
Zero is the answer; It's not statistically significant. |M. Grimaldi|2022-01-25 22:27:16.456|1|0|article-gofundme-withholding-45-million-from-trucker-convoy-until-plan.json|globemail
And that the Liberals support back carbon spending on projects they manage.  |VelvetSilk|2022-01-26 09:11:02.946|1|0|article-gofundme-withholding-45-million-from-trucker-convoy-until-plan.json|globemail
Yet presumably you subscribe to the Globe and Mail, and here you are.|Alceste|2022-01-26 01:28:25.387|1|0|article-gofundme-withholding-45-million-from-trucker-convoy-until-plan.json|globemail
I thought all the leaking always comes from the government.|katch|2022-01-26 15:14:30.352|1|0|article-gofundme-withholding-45-million-from-trucker-convoy-until-plan.json|globemail
Take a nap|El Guapo 66|2022-01-26 02:01:49.248|1|0|article-gofundme-withholding-45-million-from-trucker-convoy-until-plan.json|globemail
Hopefully they pick some product on the way over.|yahyahyah|2022-01-26 03:06:58.673|0|0|article-gofundme-withholding-45-million-from-trucker-convoy-until-plan.json|globemail
The Canadian Trucking Alliance also backs the Liberal Party politically. Don't trust what either says. At least most of FB comes from grassroots people. The kind that are paying for Ottawa politicians and the trucking alliance to exist.|katch|2022-01-26 15:13:19.851|1|0|article-gofundme-withholding-45-million-from-trucker-convoy-until-plan.json|globemail
It is the Free Dumb Convoy.|LastHonestPersonOnTheRight|2022-01-26 01:10:14.097|1|0|article-gofundme-withholding-45-million-from-trucker-convoy-until-plan.json|globemail
"""This is the stupidity that FREEDOM CONVOY 2022 IS ABOUT!""  There's some truth in that."|Alceste|2022-01-26 01:29:21.439|1|0|article-gofundme-withholding-45-million-from-trucker-convoy-until-plan.json|globemail
Doubtful. Any evidence?|Magnus Eiesegrim|2022-01-26 00:48:01.129|1|0|article-gofundme-withholding-45-million-from-trucker-convoy-until-plan.json|globemail
Justin Trudeau for one. In fact he told people to make a point of thanking them for their service.  |VelvetSilk|2022-01-26 02:03:17.707|1|0|article-gofundme-withholding-45-million-from-trucker-convoy-until-plan.json|globemail
  You make a good argument for why Trudeau should not have made the mandate.|tinman1957|2022-01-25 23:08:39.387|1|0|article-gofundme-withholding-45-million-from-trucker-convoy-until-plan.json|globemail
Except for that wee problem about their association with separatists.|Richard McL|2022-01-26 00:19:05.408|1|0|article-gofundme-withholding-45-million-from-trucker-convoy-until-plan.json|globemail
"According to headlines, ""the majority"" of truckers are vaccinated. This is the result of the ones who won't get vaccinated."|Kwrite|2022-01-25 21:55:31.267|1|0|article-gofundme-withholding-45-million-from-trucker-convoy-until-plan.json|globemail
I wonder if they're bringing their skates ... the canal is open for skating. Hmmmm, traffic jam on the canal too.  |Kwrite|2022-01-25 22:14:50.411|1|0|article-gofundme-withholding-45-million-from-trucker-convoy-until-plan.json|globemail
If kids need the Covid Vaccine to have in class learning maybe the parents should be protesting considering there is no long term studies available any where in the world.   In order for new medications etc to be approved they used to have a long  term study minimum of 4 years.  Hopefully there is no long term effects but who is everyone going to go after is there ever is.|app_73019566|2022-01-25 23:09:59.410|1|0|article-gofundme-withholding-45-million-from-trucker-convoy-until-plan.json|globemail
Oh please. The science has passed you by. COVID vaccinations solve nothing because they aren't even vaccines, but barely effective therapeutics. No change in transmission levels.  Look at Israel--most vaccinated country in the world with highest daily case rates per capita. If anything, over-'vaccination' is destroying immune systems and making populations MORE vulnerable to Omicron.  |ctheorist|2022-01-26 00:56:42.947|1|0|article-gofundme-withholding-45-million-from-trucker-convoy-until-plan.json|globemail
Can you explain where is the end is though? Israel is one of the earliest and highest vaccinated countries in the world, currently on 4th doses. They also have the highest case rate per capita right now, and alarming levels of hospitalization.   Vaccines are excellent for lower adverse outcomes, but they've fallen far short of what we were promised and there seems to be no end in sight. There are effective therapeutics that can be coupled with vaccination, there is hospital capacity that can be added - yet our government is not focused on either of those things. We are acting like the MRNA vaccines are as effective as a polio vaxx which is alarming|PrudentInvest0r|2022-01-26 02:20:22.659|1|0|article-gofundme-withholding-45-million-from-trucker-convoy-until-plan.json|globemail
Yes perhaps Liberal donors can send their money that way instead of to the LPC. That way the money would do some good.   |VelvetSilk|2022-01-25 22:05:28.123|1|0|article-gofundme-withholding-45-million-from-trucker-convoy-until-plan.json|globemail
... and low-income housing. Food for those who can't afford it.|Kwrite|2022-01-25 22:13:53.867|1|0|article-gofundme-withholding-45-million-from-trucker-convoy-until-plan.json|globemail
Just like this convoy is a business.  Funny business by a western separatist party and some confidence men|LastHonestPersonOnTheRight|2022-01-26 02:04:26.517|1|0|article-gofundme-withholding-45-million-from-trucker-convoy-until-plan.json|globemail
Its people choice where they want to donate their money. The causes you listed are great and you should donate your money to them.|FatFord21|2022-01-25 22:26:12.297|1|0|article-gofundme-withholding-45-million-from-trucker-convoy-until-plan.json|globemail
..GoFundMe isn't used for political fundraising...you sure?|M. Grimaldi|2022-01-25 22:33:41.230|1|0|article-gofundme-withholding-45-million-from-trucker-convoy-until-plan.json|globemail
We could of put 45 million to all the causes above if Trudeau had not of wasted around 45 million on administration for things like the WE bros volunteer program, when we already had a Federal civil service that could did the job. No one seemed to care then. |app_72128606|2022-01-25 22:36:28.552|1|0|article-gofundme-withholding-45-million-from-trucker-convoy-until-plan.json|globemail
They had no problem funding groups that advocated for defunding the police. The result of that was a massive increase in crime.|tinman1957|2022-01-25 23:32:16.719|1|0|article-gofundme-withholding-45-million-from-trucker-convoy-until-plan.json|globemail
Who are you to decide what causes rubes want to support? == There fixed that for you.  Your welcome|LastHonestPersonOnTheRight|2022-01-26 02:05:26.348|1|0|article-gofundme-withholding-45-million-from-trucker-convoy-until-plan.json|globemail
FREEDOM CONVOY 2022!  THANK YOU ALL THE CANADIAN AND AMERICAN TRUCK DRIVERS.  YOU DESERVE EVERY PENNY!!|Blair Rempel|2022-01-26 01:21:58.621|1|0|article-gofundme-withholding-45-million-from-trucker-convoy-until-plan.json|globemail
Not going to happen. |MyOwnAccount|2022-01-25 22:26:03.734|1|0|article-gofundme-withholding-45-million-from-trucker-convoy-until-plan.json|globemail
I think they will want to have a say in where it goes and how it is handed out.  They will want invoices and receipts.|LastHonestPersonOnTheRight|2022-01-26 02:03:10.879|1|0|article-gofundme-withholding-45-million-from-trucker-convoy-until-plan.json|globemail
People just like themselves.  That should give you pause.  |LastHonestPersonOnTheRight|2022-01-26 02:02:19.886|1|0|article-gofundme-withholding-45-million-from-trucker-convoy-until-plan.json|globemail
#KarenKonvoy - what a bunch of babies.  Sorry, not a bunch, a smattering.  Less than.  But hey, thanks for all the extra taxes your waste of fuel trip will be providing the various governments you hate so much!|TSDson|2022-01-25 22:08:22.534|0|0|article-gofundme-withholding-45-million-from-trucker-convoy-until-plan.json|globemail
“We are a peaceful country that has helped protect nations across the globe from tyrannical governments who oppressed their people, and now it seems it is happening here.”  The sheer ignorance, and blatant untruth of this statement is mind-blowing. |MagPie23|2022-01-25 22:09:56.869|0|0|article-gofundme-withholding-45-million-from-trucker-convoy-until-plan.json|globemail
It goes to the wexit party |Richard Wright|2022-01-25 20:59:48.718|0|0|article-gofundme-withholding-45-million-from-trucker-convoy-until-plan.json|globemail
Insidethewall is proud to be free from thought. |MyOwnAccount|2022-01-25 22:25:04.685|1|0|article-gofundme-withholding-45-million-from-trucker-convoy-until-plan.json|globemail
Another cheap attack post from JK.  Of course if he bothered to know what he was talking about he'd know the change in life expectancy is not from covid deaths. But hey why let facts get in the way.   |VelvetSilk|2022-01-26 01:27:58.905|1|0|article-gofundme-withholding-45-million-from-trucker-convoy-until-plan.json|globemail
Well VS you would know one that is for sure. |LastHonestPersonOnTheRight|2022-01-26 02:01:17.396|1|0|article-gofundme-withholding-45-million-from-trucker-convoy-until-plan.json|globemail
Covid was the third largest cause of death over that time period. Given that it didn't exist before, of course it had the largest impact on reducing life expectancy.|J. K. Galbraith|2022-01-26 02:08:49.966|1|0|article-gofundme-withholding-45-million-from-trucker-convoy-until-plan.json|globemail
85%+ of whom will continue to do their job and deliver our food.|mclbri1|2022-01-26 00:08:41.863|1|0|article-gofundme-withholding-45-million-from-trucker-convoy-until-plan.json|globemail
There was no 4-year study for any age group before vaccines were approved. If we'd waited for that more people would have died.|Kwrite|2022-01-25 23:29:12.339|1|0|article-gofundme-withholding-45-million-from-trucker-convoy-until-plan.json|globemail
They aren't enemies until they do something much stupider than what they they are doing so far.  Peaceful protest is legal, and lets the steam dissapate. |Randall Leigh|2022-01-26 00:14:39.265|1|0|article-gofundme-withholding-45-million-from-trucker-convoy-until-plan.json|globemail
Just returned from the supermarket in Toronto, shelves are stocked, not sure where you were.|Rod Sheridan|2022-01-26 00:04:40.884|1|0|article-gofundme-withholding-45-million-from-trucker-convoy-until-plan.json|globemail
"Thanks for the clarification MG.   I can't quantify a particular ""net benefit"" for trucker restrictions in particular. It's a fair question. However, given the net benefits of vaccination that have been demonstrated in every jurisdiction in Canada and elsewhere, I think restrictions are justifiable while our hospitals are near capacity.   If we accept that a) there is a pandemic; b) vaccinations have proven to be very effective at reducing hospitalization/ICU rates and direct/indirect absences from work; c) that truckers perform an essential service that requires skill and training; and d) that truckers' skills are in short supply and not easily replaced, then there is value in protecting and keeping truckers healthy.   If a doctor, or a trucker, a nurse, or an engineer don't feel comfortable being vaccinated - fine - they are not required to do the work. It is up to them. Our unemployment rates are very low right now in fields where no such professional qualifications are required. That work needs to be done too. No one is being denied the opportunity to make a living.  Some people in critical functions are being prevented from putting their employers and others at risk.    "|TM_VICTORIA|2022-01-26 01:40:30.547|1|0|article-gofundme-withholding-45-million-from-trucker-convoy-until-plan.json|globemail
Yep, felt the same way.|George Bay|2022-01-25 23:13:49.445|1|0|article-gofundme-withholding-45-million-from-trucker-convoy-until-plan.json|globemail
Yes, good analogy. Have to wonder how much of this is about wanting to have their day in the spotlight, like the Capitol Hill rioters. Go get the shot like most people have because most people care about their family, friends, co-workers, neighbours etc.|Kwrite|2022-01-25 21:50:51.044|1|0|article-gofundme-withholding-45-million-from-trucker-convoy-until-plan.json|globemail
Erin O'Toole on a snowboard. Now that would be a sight.|Rank Stranger|2022-01-25 23:40:41.683|1|0|article-gofundme-withholding-45-million-from-trucker-convoy-until-plan.json|globemail
They can always substitute teach math and French where regular teachers are not coming to work. |PIFCO3|2022-01-26 00:35:07.978|1|0|article-gofundme-withholding-45-million-from-trucker-convoy-until-plan.json|globemail
Well there is a nurse who quit her job to become a truck driver. She was interviewed (on CBC) before the convoy was createdl and gave no hint of which lane she'd be occupying. |PIFCO3|2022-01-25 22:30:46.294|1|0|article-gofundme-withholding-45-million-from-trucker-convoy-until-plan.json|globemail
Tamara Lich, who is also secretary of the fledgling Western separatist Maverick Party, launched the campaign on Jan. 14. It states that the money will go toward fuel as well as food and lodgings for big-riggers taking part.  “Funds will be safely held until the organizer is able to provide the documentation to our team about how funds will be properly distributed.”    Sounds like you have been bitten by the incoherency bug.   |app_69680838|2022-01-25 22:28:05.131|1|0|article-gofundme-withholding-45-million-from-trucker-convoy-until-plan.json|globemail
And if they do, you’re gonna do what? Hide behind mommy and yell at them? |Stephen184|2022-01-25 23:07:00.605|1|0|article-gofundme-withholding-45-million-from-trucker-convoy-until-plan.json|globemail
Lots of suspect new posters who appear to be illiterate.  'This is bad policy what the government did'?|Richard McL|2022-01-25 22:53:28.587|1|0|article-gofundme-withholding-45-million-from-trucker-convoy-until-plan.json|globemail
That the likes of pinheads like you depend on to deliver them food |Stephen184|2022-01-25 23:03:02.969|1|0|article-gofundme-withholding-45-million-from-trucker-convoy-until-plan.json|globemail
"That's the job of ""First Nations"". Blocking roads and rail lines is their cultural tradition. "|El Guapo 66|2022-01-25 22:29:14.251|1|0|article-gofundme-withholding-45-million-from-trucker-convoy-until-plan.json|globemail
"""Everyone"" isn't catching the virus. I don't know anyone who has had Covid and neither do many people I know."|Kwrite|2022-01-25 23:26:50.178|1|0|article-gofundme-withholding-45-million-from-trucker-convoy-until-plan.json|globemail
Canada is supposed to be a free country and compared to China there is no comparison, except in your hyperbolic imagination. |PIFCO3|2022-01-26 00:32:23.703|1|0|article-gofundme-withholding-45-million-from-trucker-convoy-until-plan.json|globemail
We are becoming more & more like China food for thought  As per the narrative we are encouraging people to be vaccinated when they have demanded it.  Need proof of vaccination to attend movie theatres, restaurants and the list goes on. Can't even travel anywhere in Canada unless you have your own vehicle this even includes children. Demanding people vaccinate their children even though there is no long  term studies on the any of the effects there may be this takes approx four years to study. Making everyone walk around with a mask even though this proven to be ineffective.      |app_73019566|2022-01-26 00:45:06.259|1|0|article-gofundme-withholding-45-million-from-trucker-convoy-until-plan.json|globemail
Sorry need to clarify this statement, as per the news and Dr. Tam most people will get omicron.|app_73019566|2022-01-26 00:46:27.378|1|0|article-gofundme-withholding-45-million-from-trucker-convoy-until-plan.json|globemail
Preventing emergency services from attending to people who have heart attacks because they are sedentary and have poor diets?  Preventing emergency services from putting out the fire caused by the chain smoking drunk?  Truckers pay to use the roads, just like anyone else.  |Leroy1234|2022-01-25 22:12:42.134|1|0|article-gofundme-withholding-45-million-from-trucker-convoy-until-plan.json|globemail
Nobody is stopping the unvaccinated truckers from being employed. It just means they can't drive trucks to the United States.   They can still drive trucks in Canada.|J. K. Galbraith|2022-01-26 00:05:13.541|1|0|article-gofundme-withholding-45-million-from-trucker-convoy-until-plan.json|globemail
for now….|AddressNoFixed|2022-01-26 01:41:04.560|1|0|article-gofundme-withholding-45-million-from-trucker-convoy-until-plan.json|globemail
FREEDOM CONVOY 2022!  Thank you to all the Canadian and American truck drivers who are representing all the frustrated Canadians who have been watching more and more of our rights being taken away!  |Blair Rempel|2022-01-26 01:34:12.802|1|0|article-gofundme-withholding-45-million-from-trucker-convoy-until-plan.json|globemail
You'll have to look deeper to apply blame|Saltspringer|2022-01-25 22:00:45.331|1|0|article-gofundme-withholding-45-million-from-trucker-convoy-until-plan.json|globemail
Horse pucky!|JohnR|2022-01-25 22:02:15.226|1|0|article-gofundme-withholding-45-million-from-trucker-convoy-until-plan.json|globemail
There was a professor from the University of Guelph on the radio this morning who studies agriculture and food economics. As he stated, there may be a little less variety but there is no shortage of food.|J. K. Galbraith|2022-01-25 23:15:39.429|1|0|article-gofundme-withholding-45-million-from-trucker-convoy-until-plan.json|globemail
Thank you for making fun of poor people who can't afford to shop in Whole Foods. How very progressive of you..   |FatFord21|2022-01-25 22:28:47.549|1|0|article-gofundme-withholding-45-million-from-trucker-convoy-until-plan.json|globemail
So JK just making it up again I see.  |VelvetSilk|2022-01-26 09:13:28.634|1|0|article-gofundme-withholding-45-million-from-trucker-convoy-until-plan.json|globemail
"""The decline was about 6 months…,,,dramatic ? No""  And if you are going to be callous and dismissive at least be accurate - the decline for men was more than 8 months.  "|VelvetSilk|2022-01-26 02:07:26.755|1|0|article-gofundme-withholding-45-million-from-trucker-convoy-until-plan.json|globemail
Was not aware that there are so much money out there to support anti-government group.|salontario|2022-01-25 22:12:20.245|0|0|article-gofundme-withholding-45-million-from-trucker-convoy-until-plan.json|globemail
More horse pucky.|JohnR|2022-01-25 22:03:34.167|1|0|article-gofundme-withholding-45-million-from-trucker-convoy-until-plan.json|globemail
"Chuckee ... hope you amused yourself with your sarcasm. You'll note that I wrote ""which of course varies by season when it comes to fruit and vegetables."" And I also wrote that there are greenhouses in Ontario that produce some vegetables year-round. But okay, dismiss buy local if you must, just to amuse yourself."|Kwrite|2022-01-25 23:12:56.758|1|0|article-gofundme-withholding-45-million-from-trucker-convoy-until-plan.json|globemail
False, a vaccinated person with a booster is less likely to by half to get covid and spread it.  First because they are less likely to be infected and secondly because they clear the infection much faster if they do giving it less opportunity to spread.  It is true that two doses does not protect against infection significantly by Omicron which is why the booster campaign was pushed.  But the booster is showing to bring back immunity. See Ontario Science advisory table. If everyone was vaccinated that could our hospital and ICU admissions would be much much lower, which would allow for more people to be treated for their conditions other than covid.|AE|2022-01-26 12:01:44.826|1|0|article-gofundme-withholding-45-million-from-trucker-convoy-until-plan.json|globemail
Not an every day essential, but a certain brand of garage doors went up more than 100% in 2021.|Kwrite|2022-01-25 23:17:39.846|1|0|article-gofundme-withholding-45-million-from-trucker-convoy-until-plan.json|globemail
And this temper tantrum by unvaccinated truckers is supposed to help?|Richard McL|2022-01-25 23:19:19.298|1|0|article-gofundme-withholding-45-million-from-trucker-convoy-until-plan.json|globemail
Look around people, inflation is worldwide. It's not a Canadian/Trudeau problem as the outspoken minority would have you believe.|Who Are You|2022-01-25 23:26:31.356|1|0|article-gofundme-withholding-45-million-from-trucker-convoy-until-plan.json|globemail
"Definitely. Milk was $3.99 for 3 bags, now $4.69. Their double baguettes were $3.99, now $4.49.  Just two examples, but both well above the 4.8% ""official"" inflation rate."|app_69671608|2022-01-26 02:01:41.862|1|0|article-gofundme-withholding-45-million-from-trucker-convoy-until-plan.json|globemail
"Sorry to burst your bubble, app-6967, the Ottawa Costcos have had these arrangements for many moons - it was done early in the pandemic at their HQ branch when essentials were cordoned off from ""non-essential items.""   Personally, I am still seeing lots of imported veggies from Guatemala, Mexico, etc.  Oranges from South Africa, cherries from Chile, etc. etc.  And happily, local Canadian tomatoes and lettuce (go local!!)... Nevertheless, spin it any way you want. It adds to all the rest of the hysterical arm-waving about our so-called loss of ""freedoms and rights"".  Give me a break."|CMT|2022-01-25 23:54:14.525|1|0|article-gofundme-withholding-45-million-from-trucker-convoy-until-plan.json|globemail
Seriously, is that the best you can offer 184? Phreedumb!|Stephen Saines|2022-01-25 23:11:33.963|1|0|article-gofundme-withholding-45-million-from-trucker-convoy-until-plan.json|globemail
They are not a small minority. FREEDOM CONVOY 2022!  Thank you to all the Canadian and American truckers that are standing up for our rights. |Blair Rempel|2022-01-26 01:11:13.501|1|0|article-gofundme-withholding-45-million-from-trucker-convoy-until-plan.json|globemail
Your comment is fear mongering.  |VelvetSilk|2022-01-25 23:41:21.000|1|0|article-gofundme-withholding-45-million-from-trucker-convoy-until-plan.json|globemail
The House of Commons is empty courtesy of Trudeau. |El Guapo 66|2022-01-26 02:06:38.136|1|0|article-gofundme-withholding-45-million-from-trucker-convoy-until-plan.json|globemail
- Dozens (hundreds?) of trucks and drivers unavailable for work during a supply chain crisis  Here's a better question; What is the net benefit to society of a Gov't policy that, in effect, further exacerbates a currently supply chain crises?|M. Grimaldi|2022-01-25 23:12:12.922|1|0|article-gofundme-withholding-45-million-from-trucker-convoy-until-plan.json|globemail
How about all the “racialized” ignoramuses who refuse to be vaccinated? There are hundreds of thousands of them in Toronto suburbs. Save your bile for them. |El Guapo 66|2022-01-26 02:05:59.915|1|0|article-gofundme-withholding-45-million-from-trucker-convoy-until-plan.json|globemail
Infect other people from the solitude of your truck cab. LOL. |El Guapo 66|2022-01-25 22:29:51.217|1|0|article-gofundme-withholding-45-million-from-trucker-convoy-until-plan.json|globemail
Perhaps reading the terms and conditions of the gofundme would help answer why the funds are being held. Unless you are in favor of having the government intervene and rewriting the terms and conditions?  |CPFC08|2022-01-26 00:27:52.865|1|0|article-gofundme-withholding-45-million-from-trucker-convoy-until-plan.json|globemail
What they should do is purchase corn, grain and hay, load up their trucks and turn around to truck them back to the drought stricken ranchers and feedlot operators with starving herds in Albert.   I would support that cause but not this one.|scottanddidi|2022-01-26 14:59:20.067|1|0|article-gofundme-withholding-45-million-from-trucker-convoy-until-plan.json|globemail
It explains it in the article.|J. K. Galbraith|2022-01-25 23:37:13.275|1|0|article-gofundme-withholding-45-million-from-trucker-convoy-until-plan.json|globemail
Those kind of people care much more about their money than the health of others.  |Randall Leigh|2022-01-26 00:16:11.751|1|0|article-gofundme-withholding-45-million-from-trucker-convoy-until-plan.json|globemail
Oh my indeed.|AddressNoFixed|2022-01-26 01:30:40.257|1|0|article-gofundme-withholding-45-million-from-trucker-convoy-until-plan.json|globemail
85% of them are heroes.  That's a pretty good ratio for any group.|Rank Stranger|2022-01-25 23:36:14.713|1|0|article-gofundme-withholding-45-million-from-trucker-convoy-until-plan.json|globemail
"he ""heroes"" are the ones vaccinated, working and driving. These are guys with time on their hands driving pickups and SUVs "|Automatic 250|2022-01-25 23:38:19.295|1|0|article-gofundme-withholding-45-million-from-trucker-convoy-until-plan.json|globemail
oh my|Solomon1977|2022-01-25 23:24:27.521|1|0|article-gofundme-withholding-45-million-from-trucker-convoy-until-plan.json|globemail
Of course they’re not enemies of the state, they’re simply people who aren’t compliant with the requirements of their job.  Time to get vaccinated or find a new job.|Rod Sheridan|2022-01-25 23:59:36.624|1|0|article-gofundme-withholding-45-million-from-trucker-convoy-until-plan.json|globemail
The Ottawa bubble needs double doses and a booster of reality.  Camelot North can't last forever.  |Big Guy 2018|2022-01-25 22:55:12.751|1|0|article-gofundme-withholding-45-million-from-trucker-convoy-until-plan.json|globemail
lol.  Oooookkkkaaaayyyy|thunderbaybee|2022-01-25 22:51:50.295|1|0|article-gofundme-withholding-45-million-from-trucker-convoy-until-plan.json|globemail
Too funny. Just picked up my supply of organic produce from a local, independent supplier. There's two things: paying for quality, and paying for overprice quality. I pay for quality. There's one Whole Foods in the city where I live ... have shopped there from time to time, but on a lot of items they're milking it.|Kwrite|2022-01-26 19:30:27.764|1|0|article-gofundme-withholding-45-million-from-trucker-convoy-until-plan.json|globemail
GoFund Me has not cancelled anything and have not said they won't release the funds. They are only waiting for clear details on its distribution.  With respect to your claim of the Charter right of bodily autonomy, I am not sure that such a Charter right exists. If it did, I am quite sure some anti-vaxxer would have taken a case to the Supreme Court by now stopping their child from receiving mandatory vaccines for going to school.|J. K. Galbraith|2022-01-25 23:35:45.518|1|0|article-gofundme-withholding-45-million-from-trucker-convoy-until-plan.json|globemail
The Liberal's? |Stephen184|2022-01-25 22:58:50.551|1|0|article-gofundme-withholding-45-million-from-trucker-convoy-until-plan.json|globemail
It's all relevant ... the convoy and the COP26 meeting in Scotland.|Kwrite|2022-01-25 23:03:24.218|1|0|article-gofundme-withholding-45-million-from-trucker-convoy-until-plan.json|globemail
Only a right wing Klown would expect the PM and his family to fly commercial.   |LastHonestPersonOnTheRight|2022-01-26 02:00:31.519|1|0|article-gofundme-withholding-45-million-from-trucker-convoy-until-plan.json|globemail
How many people did the government fly to Scotland to talk about how emitting carbon is bad???  |VelvetSilk|2022-01-25 23:37:28.718|1|0|article-gofundme-withholding-45-million-from-trucker-convoy-until-plan.json|globemail
Yep. Sure. Keep telling yourself that|Saltspringer|2022-01-25 22:01:56.792|1|0|article-gofundme-withholding-45-million-from-trucker-convoy-until-plan.json|globemail
That's the problem. Thinking people listen to their doctors. |bkirk|2022-01-25 21:26:31.955|1|0|article-gofundme-withholding-45-million-from-trucker-convoy-until-plan.json|globemail
"I see statements like this quote often: ""Folks have the right to bodily autonomy according to the Charter"".  If this right were to be enforceable in a legal context, one would need to point to the clause(s) in the Charter to support the claim. Can you (or anyone else) point us to the relevant text, please? "|TM_VICTORIA|2022-01-25 23:58:51.318|1|0|article-gofundme-withholding-45-million-from-trucker-convoy-until-plan.json|globemail
More freedum from tinman|LastHonestPersonOnTheRight|2022-01-26 01:58:59.811|1|0|article-gofundme-withholding-45-million-from-trucker-convoy-until-plan.json|globemail
They are making the rules up on the fly. But I agree it undermines their business model to do so.|tinman1957|2022-01-25 23:25:30.759|1|0|article-gofundme-withholding-45-million-from-trucker-convoy-until-plan.json|globemail
Gofundme had no problem funding BLM groups that advocated for defunding the police and demonizing cops. The defunding effort paid off and resulted in a massive increase in crime.     Gofundme needs to cease politicizing its business model. Maybe some law suits by widows of cops killed by folks released without bail will have them rethink their business model oversight.|tinman1957|2022-01-25 23:01:53.341|1|0|article-gofundme-withholding-45-million-from-trucker-convoy-until-plan.json|globemail
With regards to the truckers why couldn’t we’ll enough be left alone?  The group has never been known as a Covid vector |Stephen184|2022-01-25 23:08:24.077|1|0|article-gofundme-withholding-45-million-from-trucker-convoy-until-plan.json|globemail
Kwrite, you pay for quality. Sad if you can't afford to |MyOwnAccount|2022-01-26 01:04:17.418|1|0|article-gofundme-withholding-45-million-from-trucker-convoy-until-plan.json|globemail
In terms of sowing internal discord, this would count as a high yield for the St Petersburg diddlers.|Stephen Saines|2022-01-25 23:15:03.196|1|0|article-gofundme-withholding-45-million-from-trucker-convoy-until-plan.json|globemail
No. . Why not just expect them to grow up and behave like adults?|OldBanister|2022-01-25 23:59:50.193|1|0|article-gofundme-withholding-45-million-from-trucker-convoy-until-plan.json|globemail
What rights are being taken away exactly?   I have listened to this bs for years from a couple of buddies,which always seem to boil down to losing the 'right' to blow cigarette smoke into the faces of anyone wherever they happened to light up; the 'right' to build a shack made of 2x4s without any inspections and then resell it as a 'passed' residence; the 'right' to carry a firearm anywhere at any time late at night in areas where deer congregate, and more. Russia is brought into it because who has any rights in that lawless state run by criminals?|Randall Leigh|2022-01-26 00:31:50.589|1|0|article-gofundme-withholding-45-million-from-trucker-convoy-until-plan.json|globemail
I agree that this is a ridiculous statement. If you want to sow discord, throw a couple of viruses into our banking or utility computer systems, like they did with Ukraine over the past years. This trucking protest would be a small potato operation to the Russians. Plus most Canadians honestly don't care what these truckers are doing...we are tired of the stupidity of antivax idiots. Keep driving South (if they will actually let you across) and stay there (btw I come from a family with fully vaxxed truckers).|mskaduggan|2022-01-26 01:10:36.012|1|0|article-gofundme-withholding-45-million-from-trucker-convoy-until-plan.json|globemail
My buddy today said we are less free than 2 yrs ago.  I said I am not less free.  Tell me one thing I can not do that I was able to do 2 yrs ago.    He said we are less free than 4 yrs ago.  I said name one thing.    He changed the subject|LastHonestPersonOnTheRight|2022-01-26 01:58:06.994|1|0|article-gofundme-withholding-45-million-from-trucker-convoy-until-plan.json|globemail
Not political at all. |El Guapo 66|2022-01-25 22:27:04.481|0|0|article-gofundme-withholding-45-million-from-trucker-convoy-until-plan.json|globemail
A stated plan is one thing. Execution is another.  Just ask Trudeau.  It's a nice policy by GFM, but what does accountability look like? For 1% of the pot I could write one hell of a plan, especially if I was free from having to actually do it.|Shawn Petriw|2022-01-25 22:27:21.822|0|0|article-gofundme-withholding-45-million-from-trucker-convoy-until-plan.json|globemail
No. Comply or don't drive across the border. Choices and consequences. |bkirk|2022-01-25 21:29:10.687|1|0|article-gofundme-withholding-45-million-from-trucker-convoy-until-plan.json|globemail
Well, errr...it's all about...ummm...Phreedumb!|Stephen Saines|2022-01-25 23:13:10.996|1|0|article-gofundme-withholding-45-million-from-trucker-convoy-until-plan.json|globemail
Who do you think will be burdened with looking after the unvaccinated?  If you have to ask, you're part of the problem.|Richard McL|2022-01-26 00:20:59.729|1|0|article-gofundme-withholding-45-million-from-trucker-convoy-until-plan.json|globemail
"""“We require that fundraisers be transparent about the flow of funds and have a clear plan for how those funds will be spent. In this case, we are in touch with the organizer to verify that information,” Rachel Hollis, a spokeswoman for the crowdfunding platform, said in an e-mail. Feb.3:  I understand that GoFundMe is refunding $10M to the donors because of possible fraud."|Brian_C1|2022-02-03 12:50:31.470|0|0|article-gofundme-withholding-45-million-from-trucker-convoy-until-plan.json|globemail
