﻿comment|username|datetime|isreply|num_replies|post_id|label
This protest was more about the present govt than the present govt will acknowledge and that's why the present govt resorted to juvenile name calling|john l gee|2022-02-24 21:56:25.267|0|5|article-where-does-the-anger-go-now-that-the-trucks-are-gone.json|globemail
The convoy was a HUGE success.   it showed who JT was really was.   A mean, spoiled rich kid that passes dumb political laws that hurt people he doesn’t like. Then one to talk down to everyone that disagrees with him and causes incredible division within populations all for his own political gains.   dont think the convoy exposed this about Trudeau, think again. It 100% did.   trudeau is done next election, if not sooner. |JBiz1667|2022-02-24 21:46:57.117|0|5|article-where-does-the-anger-go-now-that-the-trucks-are-gone.json|globemail
Polls from reputable sources indicate a MUCH higher percentage (~ 30%) of Canadians are sympathetic to some or all of the protestors' stated causes of anger and frustration with their lives. How do you think Trump got elected?|bcdave|2022-02-24 21:24:42.072|1|4|article-where-does-the-anger-go-now-that-the-trucks-are-gone.json|globemail
We should all be directly our anger squarely at Prime Minister Justin Trudeau and his caucus.|Leroy1234|2022-02-24 21:33:55.932|0|4|article-where-does-the-anger-go-now-that-the-trucks-are-gone.json|globemail
CBC.   it’s scary our govt pays off the media.   There is international media outrage from Trudeau’s trucker stance, but the Canadian media gives it the A-OK.   this should worry any sane person. |JBiz1667|2022-02-24 21:43:19.496|0|4|article-where-does-the-anger-go-now-that-the-trucks-are-gone.json|globemail
     Decent article and I agree there needs to be voters who think about ALL Canadians.    Canada’s urban elites and civil servants need to be more mindful of how they treat their fellow Canadians.  Toronto/Montreal voters elected MPs that decimated the lives of tens of thousands of their fellow citizens under the guise of environmentalism.   They brought in policies that minimally affected them but were crushing for others who lived 3000+km away.   All Canadians pay taxes but benefits and laws seem catered to specific urban demographics.           Canada needs more win-win policies by our government.  We could build gas pipelines and LNG plants to hurt Freeland’s hated Russians.   This would generate hundreds of billions in wealth, create thousands of jobs for the rural proliteriat, and give our Laurentians some international soft power they so crave.  Instead our decisive PM cancelled $100 billion in projects, weakened Canada and deprived thousands of good work.   Our legacy media dismisses these grievances while running daily “Canadians are racist” stories.         Liberal Canadians and their media are wondering what to do with all the anger?   Look in the mirror!       |matt calgary|2022-02-24 13:14:16.324|0|3|article-where-does-the-anger-go-now-that-the-trucks-are-gone.json|globemail
The media fuels the flames of divide once more. Can there be any solution other than “make the rednecks do what we want” Eastern Canada is completely out of touch with the west. Westerners love working hard and want to be rewarded for it. The east wants to unionize everyone and deprogram people from working hard.  The west is just the piggy bank for Ottawa and the East, and it’s probably time for the piggy bank to leave and watch the east crumble. |NM0047|2022-02-25 13:57:36.827|0|3|article-where-does-the-anger-go-now-that-the-trucks-are-gone.json|globemail
The resentment that festered over U.S. President Barack Obama’s expansion of government programs and spending, most notably through the Affordable Care Act, birthed the Tea Party movement, which morphed into the Donald Trump movement (which is ironic, since Mr. Trump went on to massively increase government spending as president).  Wrong. Most liberals, even psychologically normal ones, have no idea why millions of working-class people decided to vote for a billionaire who had inherited money, lived in and owned office towers, organized beauty contests and had probably never worked with his hands.  The answer is simple.  Trump was the first person to expound two policies: (1) trying to get back the millions of working class jobs which Wall Street companies sent to China in the preceding thirty years; (2) enforce border controls, especially at the southern border and end the open borders approach.  He proposed those two policies and that was it.  If Godzilla had proposed those policies, they would have voted for her, too.  All the claptrap about race and Nazis are just that.    How is that hug-China policy doing, Canada?|TandT|2022-02-24 22:24:06.223|0|3|article-where-does-the-anger-go-now-that-the-trucks-are-gone.json|globemail
"And it is precisely your sanctimonious attitude that lead Trudeau to demonize the whole group, because he was playing to your crowd as he thought it a ""winning"" strategy.  Disrespect is NEVER the path to reconcilliation or understanding. "|app_67508767|2022-02-24 22:24:40.193|1|3|article-where-does-the-anger-go-now-that-the-trucks-are-gone.json|globemail
The Tea Party started because of the financial bailout, well before the ACA was passed.  Do your research, Robyn.|dre3|2022-02-24 21:47:03.290|0|3|article-where-does-the-anger-go-now-that-the-trucks-are-gone.json|globemail
Within a few months likely all restrictions will be eased, so presumably the rage (about covid at least) goes away  The convoy largely won|Richard Wright|2022-02-24 21:05:38.343|0|3|article-where-does-the-anger-go-now-that-the-trucks-are-gone.json|globemail
“The key is to avoid linking racial, ethnic, and religious identities with partisan affiliation,”  But that's what the Liberals are so good at - dividing Canadians by focusing on certain races and religions as being beyond reproach.|LPG61|2022-02-24 13:35:48.259|0|3|article-where-does-the-anger-go-now-that-the-trucks-are-gone.json|globemail
Instead of criticizing Trudeau for his divisive comments the author criticizes the Conservatives.|GMO4|2022-02-24 21:28:33.753|0|2|article-where-does-the-anger-go-now-that-the-trucks-are-gone.json|globemail
They are a tiny percentage of the population just as the rabid Left, ultra Greens and toxic Feminists. They will always be there ready to let their anger rage out.  We jsut need to learn not to take them too seriously. They represent an very small minority and can be counted on to present twisted anecdotes and unworkable solutions.|Valzar|2022-02-25 13:49:46.659|0|2|article-where-does-the-anger-go-now-that-the-trucks-are-gone.json|globemail
I can suggest solutions for two aspects of the issue. To lessen the confusion and resulting anger, block Facebook in Canada. To make sure the confused and angry never gain actual power, channel their anger into support for Pierre Poilievre as Conservative Party leader.   To counter their influence on their children, emphasize in school that trying to get around democracy by resorting to force just gets you a criminal record, like anyone else who takes something that doesn't belong to them.   If those remedies fail, then stop trying to fight climate change, boost the oil industry, only give public money to rich people and big business, and forbid all public health measures. Then the anger might subside. But it still may not, because it's a form of entertainment that's increasingly popular. That's why the angry mob is so cheerful. They don't actually see a problem. |Nick Wright|2022-02-24 22:43:43.225|0|2|article-where-does-the-anger-go-now-that-the-trucks-are-gone.json|globemail
Good article, but just this week the G and M ran an article by a single anthropologist ascribing the protest fully and singly on the sum of one Province.  Dripped is bigotry, the finger pointed not at some, but on the sum.  Every person who made up Alberta are fully and solely to blame for the uprising, and the tone implied needed sanctions.  Protestors came from there yes.  But they came from elsewhere too.  And the one Province is not a unified voice, it composes many different opinions, dographics and I am sure many who did not support or condone the actions or the message.  But we have a swelling desire to lay blame to those we can identify, and punish.  And therein is danger.|THX138|2022-02-24 20:52:42.517|0|2|article-where-does-the-anger-go-now-that-the-trucks-are-gone.json|globemail
Proportional representation. Simple. |Vliegende Hollander|2022-02-24 23:55:32.138|1|2|article-where-does-the-anger-go-now-that-the-trucks-are-gone.json|globemail
I did notice that most of the men and women taking part had big burly beards.   |GregaryPeckary|2022-02-25 09:51:34.710|1|2|article-where-does-the-anger-go-now-that-the-trucks-are-gone.json|globemail
Now do Trudeau invoking The Emergency Act! Who was that catering to exactly,  especially after Bill Blair had said the police had all the tools necessary the previous business day? As I said below, it is the most blatant act of populism in the history of Confederation! |Jack Chiavarini|2022-02-24 20:53:41.094|1|2|article-where-does-the-anger-go-now-that-the-trucks-are-gone.json|globemail
"I've yet to see eastern Canadians attacking Albertans remotely as frequently and severely as Albertans attack easterners (and anyone who doesn't agree with them). Their constant name-calling, personal insults, blaming others for the same pains everyone feels, and their general refusal to acknowledge any view or perspective other than their own -- more often to reject it scornfully -- is the true source of any imagined division in Canada.  The Albertan complaints you list are mostly projections of their own attitudes onto others. There are no actual realities in terms of Albertans' ""representation"" or their being ""mistreated"" that anyone else can do anything about. No one else can ""fix"" or change a set of subjective attitudes.  When they say they're being mistreated by others, what they mean is they're not getting their way. This is the ""divisiveness"" of others they keep complaining about.  As we're seeing, they're giving up democratic methods of getting their way and resorting to force -- in politics and in adult tantrums like the Ottawa and border blockades. Resorting to aggression instead of persuasion is a logical outcome of populism, since ""me first"" is at the centre of it."|Nick Wright|2022-02-24 23:53:45.221|1|2|article-where-does-the-anger-go-now-that-the-trucks-are-gone.json|globemail
The angry .1%? Who cares.|peckj|2022-02-24 21:02:41.786|0|2|article-where-does-the-anger-go-now-that-the-trucks-are-gone.json|globemail
Has anyone looked at the obvious, Canada is too large geographically and in terms of the difference of people to sustain itself in it's current political structure. Look an Albertan is a Canadian, as is a Quebecer, right, but culturally they are completely different, speak different languages, have different values, customs, and mindsets.  We have to accept that in it's current political form Canada is very vulnerable to inconsistent application of laws and regulations bc people can read about it real time now.  So no more approving a cement plant in Quebec while disapproving of an oil and gas development in Alberta.  Canada is also very vulnerable to wedge politics.  Something our leader loves to exploit for his gain.  Laws and regulations have to be crafted in realization that we are a large diverse group of people, something that flies in TO might not fly in Saskatchewan and winning the smallest of small minorities may not allow you to pass it. To those who say they need to and they will, I ask, would you rather a divided Canada with your way or the highway attitude, or a united Canada with our shared values of compromise and consistency.    |Corey Zimmermann|2022-02-24 17:50:02.947|0|2|article-where-does-the-anger-go-now-that-the-trucks-are-gone.json|globemail
1st group - There are those with comfy secure well-paid jobs with good benefits and pensions.  2nd group - And there those without those comfy secure well-paid jobs and have few, if any, benefits.  There is a large gap between the two and as long as the first group demonizes and marginalizes the 2nd group there will be a lot of anger and frustration by the 2nd group towards the first group.|GMO4|2022-02-24 21:26:39.862|0|2|article-where-does-the-anger-go-now-that-the-trucks-are-gone.json|globemail
From my sense of Alberta and the comments expressed here, there is zero possibility of bridging the divides and there is zero interest in finding a better way forward as a nation.   The anger in Alberta has been growing for a long time.  It is not going to go away.  It is rooted in a lack of representation and in the conviction that Alberta is not treated right.  At root, I think the issues are mainly structural and political, not cultural - so that with some changes Alberta could be accommodated.  But I think central Canadian politics and populism gains from seeing Alberta in oppositional cultural terms - as redneck, racist, polluting, rural, vulgar - as something to minimize or oppose.  Without a common bridge forward, the alienation grows.  Currently, Alberta is too weak to carve its own path and too strong to be cast aside.  With leadership, a changing and assertive Alberta can find a respected place in an accommodating Canada.   But that may still be a generation away.|speaking of that|2022-02-24 23:18:10.404|0|2|article-where-does-the-anger-go-now-that-the-trucks-are-gone.json|globemail
I don't think it matters what we do, Robyn, unless there is some way to reel in the out-of-control, right-wing media channels that engage their audiences in a daily rage-fest. There is no equivalent on the center-left. The anger we're seeing is the sort of righteous anger that evolves from having your grievances validated on an almost hourly basis by media charlatans motivated by ratings and key-strokes. It's not tempered or mitigated by any counter-vailing force that I'm aware of. Peer pressure won't suppress the worst excesses when all of your peers are listening to the same voices.|truthismight|2022-02-24 21:52:46.761|0|2|article-where-does-the-anger-go-now-that-the-trucks-are-gone.json|globemail
What’s happening at the Globe? I can’t think of an article from Robyn Urback that I haven’t practically totally agreed with except this article and the previous article. So ‘interesting’ how the Conservatives have come under fire when anyone who has followed this protest knows  that at the very least, there is more blame to go around , the least of what the Conservatives have done. I’ve noticed a ‘changing trend’ in journalists such as Robyn, Andrew Coyne and John Ibbitson. Why?? Where’s the ‘common sense’ such as what the article from John Manly espouses? I used to enjoy reading ‘sensible’ articles in the past. So hope that in the future those commentaries will continue. |app_65823202|2022-02-24 22:05:20.801|0|2|article-where-does-the-anger-go-now-that-the-trucks-are-gone.json|globemail
In this paper today: 17% CEO raise seems acceptable or some such words. Now, many earn just over the minimum wage or truckers with the 'JIT' process are on the edge. And then the Apple CEO got 100 million. While I not share the convoy process I do understand their anger. In history , unfortunately, this results eventually in uprisings. France 1789, Russia 1917, Germany 1933 etc |Vliegende Hollander|2022-02-24 23:12:28.247|0|1|article-where-does-the-anger-go-now-that-the-trucks-are-gone.json|globemail
I would suggest we cancel the CBC.   Albertans aren’t the ones accusing Canadians of racism, germicidal, Nazis, and cheering on the burning of Catholic Churches. Albertans just want to export our products and be left alone.  |matt calgary|2022-02-25 00:41:59.002|1|1|article-where-does-the-anger-go-now-that-the-trucks-are-gone.json|globemail
The Prime Minister was speaking for the nearly 90% of Canadians who have complied with public health guidance, wore masks, abstained from socializing, endured separation from their parents and other relatives, no movie theatres, concerts, hockey games, the isolation of remote schooling, working from home etc etc all in the forlorn hope that our former lives would eventually return. Only to be held hostage by the tin foil hat wearing cast of Hee Haw; who in all likelihood did none of those civic minded things because they thought the whole pandemic thing was cooked up by Bill Gates so he could take over their bodies.|Peter Dawson|2022-02-24 22:00:06.655|1|1|article-where-does-the-anger-go-now-that-the-trucks-are-gone.json|globemail
CD is answering the question in the title.|Adi Morr|2022-02-24 22:01:21.944|1|1|article-where-does-the-anger-go-now-that-the-trucks-are-gone.json|globemail
Good article but I'm not sure anyone part of any political party is at all concerned about decreasing polarization.  We've seen that the liberal party from the beginning has used polarization as a tool to get votes and each time they do the conservatives use polarization to fight back.  As a result we have the most divisive, partisan group of politicians I've seen in my 30 years following this stuff.|Steve2014|2022-02-24 21:42:37.283|0|1|article-where-does-the-anger-go-now-that-the-trucks-are-gone.json|globemail
[Where does the anger go, now that the trucks are gone?]  Mmmmm...really bad punk music? Heavy Mental?  https://www.youtube.com/watch?v=ThrkJKxRNXo |Stephen Saines|2022-02-24 21:31:28.495|0|1|article-where-does-the-anger-go-now-that-the-trucks-are-gone.json|globemail
He invited all the racists and white nationalists who'd been pushed undercover to proudly fly their freak flags because he would love them for it. So rose the dark underbelly of US society still mired in racial enmity decades after the civil rights movement and more than a century-and-a-half after The Civil War.  But you be you.|truthismight|2022-02-24 22:47:22.516|1|1|article-where-does-the-anger-go-now-that-the-trucks-are-gone.json|globemail
It is scary that you think there is a conspiracy, but then sane people don't believe this bunk.|app_70789131|2022-02-24 22:05:31.110|1|1|article-where-does-the-anger-go-now-that-the-trucks-are-gone.json|globemail
You are correct about Trump.  Trump appealed to the working class and created policies that benefitted them.  The progressives just look down upon them.  |matt calgary|2022-02-25 00:44:10.733|1|1|article-where-does-the-anger-go-now-that-the-trucks-are-gone.json|globemail
You're still laying this off on a cherry-picked bit of name-calling? I don't buy it. That's ridiculous. To be so thin-skinned that you would abandon your home and job to drive cross-country in dead winter and freeze outdoors for three weeks? C'mon.  Let's get real.|truthismight|2022-02-24 22:04:50.770|1|1|article-where-does-the-anger-go-now-that-the-trucks-are-gone.json|globemail
I agree and have been arguing this for a while - it was never about mandates or freedom or masks. It was about an intense dislike of the government and its leader, and their inability to defeat the government through democratic means. |Michael_L|2022-02-24 22:02:15.187|1|1|article-where-does-the-anger-go-now-that-the-trucks-are-gone.json|globemail
All solutions have to do with order, respect, and caring about others. The convoy kooks are not interested. I think we should give them all a ticket to North Korea so they can see what actual tyranny looks like. Oddly they might like it because at the end of the day they are mob totalitarians.|scottd|2022-02-24 22:01:43.977|0|1|article-where-does-the-anger-go-now-that-the-trucks-are-gone.json|globemail
What they're getting is not even news...and the channels are not news channels. It's a free for all Jerry Springer type show online mixed with Enquirer stories and religious fundraising pleas for a blind faith. |WCG1997|2022-02-24 22:38:08.843|1|1|article-where-does-the-anger-go-now-that-the-trucks-are-gone.json|globemail
Agreed. In fact the number of calls to overthrow government you see from those folks is downright scary.  Or the lizard alien pedophile thing... the amount of crazy these days is off the charts.  We have a radicalization system in place now powered by corporate algorithms not overseen by anyone.  People don't get their news, information or anything from traditional channels, and in fact they attack those channels now.  We need to get control of those damn algorithms.   |Phil King|2022-02-24 22:14:30.756|1|1|article-where-does-the-anger-go-now-that-the-trucks-are-gone.json|globemail
"Maybe they can go to Russia and protest the invasion of Ukraine. Although ...   ""More than 1,700 people have been arrested during anti-war protests across dozens of cities in Russia, an independent monitor reports. More than 900 were arrested in Moscow and over 400 in Saint Petersburg, according to OVD-Info, which tracks arrests at opposition rallies."" - BBC  See, in Russia they don't let you whine for 3 weeks."|app_70789131|2022-02-24 22:03:28.078|0|1|article-where-does-the-anger-go-now-that-the-trucks-are-gone.json|globemail
The nascent glimmerings of the mobilization of the fundamental religious right leading towards the Tea Party can be traced as far back as the civil rights movement and liberalization of abortion laws.  |nkimberley|2022-02-24 22:14:02.693|1|1|article-where-does-the-anger-go-now-that-the-trucks-are-gone.json|globemail
So unless you agree with it, it's not sensible?|app_70789131|2022-02-24 22:06:12.153|1|1|article-where-does-the-anger-go-now-that-the-trucks-are-gone.json|globemail
Conservatism in Canada has clearly become more and more radicalized. As a former card carrying member of the PC party under Mulroney, I have become increasingly shocked and concerned about it.  The hate being spread online is insane. It's completely out of hand.  I don't care one whit for Trudeau, but this is getting dangerously stupid now.|Phil King|2022-02-24 22:07:40.894|1|1|article-where-does-the-anger-go-now-that-the-trucks-are-gone.json|globemail
No.  The left has gotten more left.  The Liberals used to be centerist.  Now rather are WEF globalists.  |matt calgary|2022-02-25 00:45:13.085|1|1|article-where-does-the-anger-go-now-that-the-trucks-are-gone.json|globemail
The only people I hear constantly maligned are so-called “urban elites”, whatever those are. So maybe you should look in the mirror!|SStratford|2022-02-24 20:47:47.196|1|1|article-where-does-the-anger-go-now-that-the-trucks-are-gone.json|globemail
"The polls show it was a ""huge success"" all right. "|scottd|2022-02-24 22:06:12.364|1|1|article-where-does-the-anger-go-now-that-the-trucks-are-gone.json|globemail
It goes online It goes on journalists It goes into hate It goes on women It goes on visible minorities |CognitiveDisonnance|2022-02-24 21:24:09.825|0|1|article-where-does-the-anger-go-now-that-the-trucks-are-gone.json|globemail
NY times, Wall Street journal, economist, Financial times and Fox News.   Fox has higher viewership in Canada than CBC news.  |matt calgary|2022-02-25 00:51:27.665|1|1|article-where-does-the-anger-go-now-that-the-trucks-are-gone.json|globemail
"Give us some links because I can find one major credible paper in the world that was ""outraged"" even though you post this talking point every day."|scottd|2022-02-24 22:07:08.274|1|1|article-where-does-the-anger-go-now-that-the-trucks-are-gone.json|globemail
"The second anyone says they know what the protest ""was about"" I know that they don't really know what it was about.  Literally I've watched portions of a dozen Youtube videos from that protest. You can't watch a whole one without feeling like you're losing your mind.  If they don't even remotely agree, then who are you to say?  The crazy nonsense the people there believed is off the charts insane.  I stopped at the ""lizard people"" thing. Crazy doesn't even start to describe it."|Phil King|2022-02-24 22:09:51.605|1|1|article-where-does-the-anger-go-now-that-the-trucks-are-gone.json|globemail
What does that mean?|WCG1997|2022-02-24 21:35:23.769|1|1|article-where-does-the-anger-go-now-that-the-trucks-are-gone.json|globemail
"It is very hard to believe that all the logistical support for this occupation such as staging area, kitchen, saunas, fuel etc. all got organized so effectively in the three days after Trudeau used the term 'fringe minority""."|J. K. Galbraith|2022-02-24 22:27:58.165|1|1|article-where-does-the-anger-go-now-that-the-trucks-are-gone.json|globemail
We did. And the various leaders and their entourage were exclusively 30ish - middle-aged white men (and a smattering of women).|Michael_L|2022-02-25 04:17:28.793|1|1|article-where-does-the-anger-go-now-that-the-trucks-are-gone.json|globemail
The real problem with populism is that it aways wants to blame someone else.|app_70789131|2022-02-24 20:45:05.412|0|1|article-where-does-the-anger-go-now-that-the-trucks-are-gone.json|globemail
They represent an very small minority and can be counted on to present twisted anecdotes and unworkable solutions. Unfortunately, you're describing the current federal government.|Puma2|2022-02-25 19:19:03.175|1|1|article-where-does-the-anger-go-now-that-the-trucks-are-gone.json|globemail
Watching events unfold in Ukraine it is a bit difficult to maintain a lot of anger about some trucks honking their horns. I hope our government can shift focus to what is really important with respect to the defence of democracy. |Al-Petten|2022-02-25 12:41:23.095|0|1|article-where-does-the-anger-go-now-that-the-trucks-are-gone.json|globemail
How can democratic methods work when every federal election is decided before votes cast west of Ontario are even counted? |Len F2|2022-02-25 14:06:19.521|1|1|article-where-does-the-anger-go-now-that-the-trucks-are-gone.json|globemail
"Why don't they move to New Mexico -  ""A New Mexico lawmaker is backing Canadian truckers with a bill that provides asylum to those who   face persecution by the government.""    "|GregaryPeckary|2022-02-25 09:47:26.480|0|1|article-where-does-the-anger-go-now-that-the-trucks-are-gone.json|globemail
You don't know what populism means.|peckj|2022-02-24 21:08:17.106|1|1|article-where-does-the-anger-go-now-that-the-trucks-are-gone.json|globemail
No guarantee it stays at 0.1%|billy112|2022-02-24 21:10:50.557|1|1|article-where-does-the-anger-go-now-that-the-trucks-are-gone.json|globemail
Trudeau's invocation of The Emergency Act was the biggest act of blatant populism since Confederation! |Jack Chiavarini|2022-02-24 20:48:17.022|1|1|article-where-does-the-anger-go-now-that-the-trucks-are-gone.json|globemail
“The key is to avoid … not to follow, the Right-Wing populists’ lead by refracting politics solely through the lens of identity.” If only that would work.  Robyn should review the “cute” labels affixed to various demographic identity by the Marketing world.  Business and Marketing know how to attract eyeballs, and The Business Party is Conservative. Which explains much about The Globe.|app_72746711|2022-02-24 17:28:09.912|0|1|article-where-does-the-anger-go-now-that-the-trucks-are-gone.json|globemail
(Demonizing opponents can win elections in Canada.)  Good post I would just like to add demonizing opponents DOES win elections in Canada. It is a tried and true method, the only thing that changes is the narrative. |S Why|2022-02-24 17:08:59.145|1|1|article-where-does-the-anger-go-now-that-the-trucks-are-gone.json|globemail
30% that's more then Trudeau got elected.  Oh, i forgot, his toadies the NDP that once stood up for the rights of the working man.  Why does this party still exist? |Joe cool|2022-02-24 21:30:42.628|1|1|article-where-does-the-anger-go-now-that-the-trucks-are-gone.json|globemail
Other than a minority of whiners, it's been doing fine for 155 years. And, the Constitution was designed to give a significant amount of authority to the provinces so they could deal with things locally. Geography has nothing to do with it. |app_70789131|2022-02-24 20:44:07.131|1|1|article-where-does-the-anger-go-now-that-the-trucks-are-gone.json|globemail
Political parties will try to channel the anger to inflame their base.  In today's world, the political base must be continuously fed raw meat to keep them motivated and inflamed. The more hate generated, the greater the success.   This applies to EVERY political party in Canada with almost all issues.  Vote for me, I will save you from the ravages of the wild beasts that oppose us. (Demonizing opponents can win elections in Canada.)|BC Thoughts|2022-02-24 15:13:37.998|0|1|article-where-does-the-anger-go-now-that-the-trucks-are-gone.json|globemail
"The chief Ontario doc said today 'it's far from over."""|truthismight|2022-02-24 21:54:33.574|1|1|article-where-does-the-anger-go-now-that-the-trucks-are-gone.json|globemail
Did we notice how few marginalized groups (Asian, Indigenous, Black, immigrants, etc.)were actually taking part in this behaviour? |SJoelC|2022-02-25 02:07:42.769|0|1|article-where-does-the-anger-go-now-that-the-trucks-are-gone.json|globemail
"I'm not so sure. At this time last year the 1st wave of Delta was in retreat and several provinces, including Ontario, were lifting restrictions and easing public health guidance.  By the end of April the 2nd wave of Delta was ripping through the country and the province. As Doug Ford would say, ""say la V""."|Peter Dawson|2022-02-24 21:29:19.922|1|1|article-where-does-the-anger-go-now-that-the-trucks-are-gone.json|globemail
The truckers received more donations and from more Canadians than the Liberal party.  |matt calgary|2022-02-25 00:54:49.504|1|1|article-where-does-the-anger-go-now-that-the-trucks-are-gone.json|globemail
"That's generally how it works.  ""Everyone who drives faster than me is a dangerous lunatic. Everyone who drives slower than me is a doddering fool and should get off the road."" "|news reader 2020|2022-02-24 22:12:28.649|1|0|article-where-does-the-anger-go-now-that-the-trucks-are-gone.json|globemail
Maybe these Freedumb types should head over to Ukraine where there is a more realistic example of lost freedoms.|Bikerman|2022-02-28 17:36:32.578|0|0|article-where-does-the-anger-go-now-that-the-trucks-are-gone.json|globemail
I went to Ottawa to see the circus.  I hadn't been to a circus since I was a kid.  I wasn't disappointed.|petpieve2|2022-02-24 23:06:01.453|1|0|article-where-does-the-anger-go-now-that-the-trucks-are-gone.json|globemail
The current federal government that got most of the seats which is how it's done in a society that follows democracy & the rule of law.  If you don't like that, move to Vlad's Russia, China, North Korea or Iran.|Bikerman|2022-02-28 17:40:58.457|1|0|article-where-does-the-anger-go-now-that-the-trucks-are-gone.json|globemail
I thought you had been claiming for the last couple of weeks that is was only about the vaccine mandate on truckers crossing the border.|J. K. Galbraith|2022-02-24 22:26:29.410|1|0|article-where-does-the-anger-go-now-that-the-trucks-are-gone.json|globemail
"Usually Robyn is pretty good on seeing both sides and calling someone out on their BS.  Here she missed a spot.  We are enjoined by Andrea Kendall-Taylor and Carisa Nietsche not to follow “the right-wing populists’ lead by refracting politics solely through the lens of identity.”  I literally had to read that a few times... and then broke out laughing.  Is it the right that engages in identity politics?  Maybe somewhat but only because ""progressives"" have been doing this for decades and with a great deal of success I might add.  It was only a matter of time until it was emulated.  The authors are right in the sense that we should not be ""...refracting politics solely through the lens of identity.""  Maybe they could have a chat with their social democrat / Liberal (note the large ""L"") / progressive friends and make the same point with them.  After all, they are the ones who built the lens (and wrote the playbook) on identity politics."|MAP|2022-02-26 17:31:54.863|0|0|article-where-does-the-anger-go-now-that-the-trucks-are-gone.json|globemail
Your North K. irony brings a chuckle, but the sad thing is, I believe you are right: If the convoy people somehow got what they think they want, they would end up with a “leader” who would soon render them much less “free” (or safe). And the tragic thing is how long it would take before they clued in to the grim fact...But hey! Let’s roll, bro.|jbrooke|2022-02-24 23:55:59.967|1|0|article-where-does-the-anger-go-now-that-the-trucks-are-gone.json|globemail
How are you supposed to appeae people who are fed a diet of lies on a daily basis which they seem powerless to resist? It's like try to reason with cultists.|rationibus|2022-02-25 22:42:56.743|0|0|article-where-does-the-anger-go-now-that-the-trucks-are-gone.json|globemail
What a simplistic characterization. Sadly, many believe it.|rationibus|2022-02-25 22:45:55.473|1|0|article-where-does-the-anger-go-now-that-the-trucks-are-gone.json|globemail
Be careful with 'percentage of the population' justifications given most of our equity initiatives, save those pertaining to woman, relate to a statistically insignificant percent of the population.   An essential precondition to a nation successfully addressing diversity & equity, is the inclusiveness of genuinely listening to and understanding views different than our own.   The author's point here is that the cost of not listening and doing nothing is the frustration and anger build.   What and how much did it cost this time to enforce the 'policing' solution?  How much next time?      |app_70002541|2022-03-01 16:00:42.929|1|0|article-where-does-the-anger-go-now-that-the-trucks-are-gone.json|globemail
Dont tread on my bouncy castle |Jeff ScottWarren|2022-02-24 22:19:59.644|1|0|article-where-does-the-anger-go-now-that-the-trucks-are-gone.json|globemail
Nonsense, everyone works hard and wants to be rewarded.  This has nothing to do with Westerners, most support the mandates and have been vaccinated, and do not support the insurrectionists.  Time for the whiners to get vaccinated, wear a mask and get back to work.|Rod Sheridan|2022-02-25 21:41:14.881|1|0|article-where-does-the-anger-go-now-that-the-trucks-are-gone.json|globemail
Nailed it.|Puma2|2022-02-25 19:18:02.153|1|0|article-where-does-the-anger-go-now-that-the-trucks-are-gone.json|globemail
Thanks for proving Phil correct.|Rod Sheridan|2022-02-25 21:50:08.852|1|0|article-where-does-the-anger-go-now-that-the-trucks-are-gone.json|globemail
So we agree, currently there is zero possibility and zero interest.  But in time, others will come to the dance.|speaking of that|2022-02-25 01:23:18.512|1|0|article-where-does-the-anger-go-now-that-the-trucks-are-gone.json|globemail
Various factions, especially the political leadership, in this country have indulged in creating more and political polarization. We have now reached a point where the anger that this type of political discourse creates just can't be stopped. We have regressed into a primitive tribalism that won't end without some type of serious divisive conflict and many innocent victims. |brookie16|2022-02-25 13:30:15.036|0|0|article-where-does-the-anger-go-now-that-the-trucks-are-gone.json|globemail
The under-class is narcotized by anger. It's the new oxy.|truthismight|2022-02-24 22:52:50.431|1|0|article-where-does-the-anger-go-now-that-the-trucks-are-gone.json|globemail
Well, you could try selecting a party leader, and a party that’s electable in the eyes of the majority of Canadians, you know, the 80% who live in cities.|Rod Sheridan|2022-02-25 21:45:38.877|1|0|article-where-does-the-anger-go-now-that-the-trucks-are-gone.json|globemail
The Conservatives would have won but how long would they have lasted.|MERRIL1|2022-02-25 13:51:38.175|1|0|article-where-does-the-anger-go-now-that-the-trucks-are-gone.json|globemail
Proportional representation will result in a permanent Liberal/NDP government.|Rod Sheridan|2022-02-25 21:46:39.003|1|0|article-where-does-the-anger-go-now-that-the-trucks-are-gone.json|globemail
Robyn have you ever discussed these points with a conservative?  |app_73541506|2022-02-24 23:58:12.735|0|0|article-where-does-the-anger-go-now-that-the-trucks-are-gone.json|globemail
Curiously, the convoys seemed to be about everything else.  Moreover, supply chain disruptions raise prices for everyone and put ordinary people out of work.  And the US politicians voicing support have no use for labor unions or employment standards. |w_smith|2022-02-26 16:09:24.144|1|0|article-where-does-the-anger-go-now-that-the-trucks-are-gone.json|globemail
The issue about the carbon tax is kind of interesting.  I've enclosed an article I found on the internet.  It appears that then Premier Rachel Notley imposed a very politically unpopular carbon levy on Alberta in exchange for the Trans Mountain Pipeline.  Alberta's acceptance led the way to similar actions being taken in other provinces and was crucial to the PM setting up his climate change plan.  Alberta held up their end of the bargain but the PM didn't keep his.  First there were days through failure to consult.  Then he exerted little influence when BC opposed the plan.  Now recently, the government has backed off claiming it is too expensive now - likely the result of bureaucrats running the show.  Here is the article in question.  If he had 'partnered' with Quebec or Ontario, do you think he would have reneged on them?  https://www.cbc.ca/news/politics/notley-trudeau-climate-oil-analysis-wherry-1.5099836  |StuporDuck|2022-02-25 00:32:40.979|0|0|article-where-does-the-anger-go-now-that-the-trucks-are-gone.json|globemail
I do think the theme about ignoring the festering anger is absolutely correct.    However I believe there was some justifiable anger that can't be explained away for 'far right hate groups' .  There is the inconsistency between the provinces and the federal government in the lifting of the restrictions.  There was the example cited where the truckers were wrong but it was ok for Health Canada truckers to be exempted.  There was the federal government giving half-hearted and lackluster efforts to energy projects and the silly and endless red tape that sabotaged many of them.  Others were repeatedly held up by occupations and blockades the federal government allowed to happen.  Ironically, for this kind of 'support', Alberta is the biggest contributor to the equalization scheme.  They are paying for the privilege of not being represented by the federal government.  You can't continually give the Prairie provinces the short end of the stick and NOT expect them to want to give the PM the middle finger or carry signs that make their frustration clear.   |StuporDuck|2022-02-24 22:47:17.653|0|0|article-where-does-the-anger-go-now-that-the-trucks-are-gone.json|globemail
Sounds like you’ve been drinking Kenny’s kool-aid.|Rex Steel|2022-02-25 13:26:34.246|1|0|article-where-does-the-anger-go-now-that-the-trucks-are-gone.json|globemail
"It looked like made-in-Canada movie: ""Letterkenny Meets Kenny vs Spenny Meets Trailer Park Boys"", all while auditioning for Duck Dynasty and Who Is Smarter Than a Fifth-Grader?"|Chuck Blair|2022-02-25 13:46:51.759|1|0|article-where-does-the-anger-go-now-that-the-trucks-are-gone.json|globemail
The anger goes where it always goes. Back inside families, into communities with visible minorities, social media and underground where it festers more.|Mr. Costanza|2022-02-25 13:09:31.392|0|0|article-where-does-the-anger-go-now-that-the-trucks-are-gone.json|globemail
Interesting that the great Canadian political divide is right at the Arctic / Atlantic watershed division and has been since the days of Riel. Perhaps it can finally be crossed with common observation of this demonstration of slovenly politics - one can hope anyway.  I've lived and played music on both sides and note the folks and their songs are different.  Perhaps political stupidity itself can offer a bridge and means for common discussion. |Black Spruce|2022-02-24 22:43:19.296|0|0|article-where-does-the-anger-go-now-that-the-trucks-are-gone.json|globemail
The anger Ms. Urback speaks of is manifest from guilt and self loathing in many cases. It will always be there. A small group of society will always be angry, regardless of the political landscape. The internet has provided the angry crowd with a spa of information tailored to their desires and a meeting place to offer support.|Rex Steel|2022-02-24 22:43:10.429|0|0|article-where-does-the-anger-go-now-that-the-trucks-are-gone.json|globemail
This analysis is as close to truth as it can get for being that succinct.   Polls on these issues from 2016 to 2020 showed this repeatedly. |DollyParker|2022-02-25 13:48:30.441|1|0|article-where-does-the-anger-go-now-that-the-trucks-are-gone.json|globemail
Well none of them turned out to be smarter than a fifth grader.|Rod Sheridan|2022-02-25 21:42:55.624|1|0|article-where-does-the-anger-go-now-that-the-trucks-are-gone.json|globemail
He ultimately did nothing for the working class. Lies. Nothing but lies.|truthismight|2022-02-25 02:10:41.738|1|0|article-where-does-the-anger-go-now-that-the-trucks-are-gone.json|globemail
Sad we are at this point.  The best thing for Canada may to be simply split up.  All of the crazies on the left and on the right can go to their own rooms.|srr2|2022-02-25 04:06:41.273|0|0|article-where-does-the-anger-go-now-that-the-trucks-are-gone.json|globemail
So 50% of Americans are racist? Don't bother to respond. |GMel1101|2022-02-25 13:34:54.697|1|0|article-where-does-the-anger-go-now-that-the-trucks-are-gone.json|globemail
Have them park in front of your house for three weeks & see how you like it.|Bikerman|2022-02-28 17:41:40.981|1|0|article-where-does-the-anger-go-now-that-the-trucks-are-gone.json|globemail
Ironically, American states, such as Florida,have passed laws that practically legalize running over a protester blocking the road. |w_smith|2022-02-26 15:26:51.817|1|0|article-where-does-the-anger-go-now-that-the-trucks-are-gone.json|globemail
Huh, the polls that said 16% believe JT handled it well? The majority that said JT exacerbates it? Those polls?|JBiz1667|2022-02-25 19:51:11.932|1|0|article-where-does-the-anger-go-now-that-the-trucks-are-gone.json|globemail
No kidding. This was so obviously orchestrated it could be resurrected Off-Broadway.|truthismight|2022-02-24 22:29:00.412|1|0|article-where-does-the-anger-go-now-that-the-trucks-are-gone.json|globemail
I know a guy who is constantly raging at everything and everyone. Life is unfair, he says. Everyone is out to get him.  He beats his wife and kids. Silly me. I didn't realize that I should have listened more and tried to understand his feelings.  He keeps saying it's his wife's fault that he beats her. Maybe I should have listened harder to what he was saying instead of calling the cops and taking his wife to the hospital. She works hard and tries to improve her family's situation; I can now see how that would enrage this fellow, because he doesn't. She's just making him look bad. It is her fault.  Thanks for opening my eyes Robyn. |news reader 2020|2022-02-24 20:45:12.124|0|0|article-where-does-the-anger-go-now-that-the-trucks-are-gone.json|globemail
"It goes back in to the bars. The grubby ones, where some guy standing at the sign that says ""Table Service Only"" and slurring a bit too much is demanding to be served. Cause, you know, ""freedumb"". "|Peter Dawson|2022-02-24 21:16:51.303|0|0|article-where-does-the-anger-go-now-that-the-trucks-are-gone.json|globemail
There is no other way say it, how do you deal with individuals who are completely irrational, and unwilling to either listen or accept the facts in front of them.  There comes a point where you have to walk away from the irrationality.  Today on a Calgary radio call in show, I listened as a woman informed the host her two daughters, two son in laws and a grandchild were in Turkey, waiting to immigrate into Russia.  When the host asked, why would her family do this, especially now, her response - because it was the only country without vaccine mandates.  The host responded - your family needs to watch less Russian television.    You can’t make this stuff up.  |DebbieTy|2022-02-24 21:10:54.159|0|0|article-where-does-the-anger-go-now-that-the-trucks-are-gone.json|globemail
Really? Because Ontario posted its restriction wind down last August and have followed it since except for a short period around Christmas because of Omicron, but back on schedule now.  I don't recall there being a convoy last August? lol|Phil King|2022-02-24 22:18:15.820|1|0|article-where-does-the-anger-go-now-that-the-trucks-are-gone.json|globemail
My only worry are the people at the occupation and blockades giving it to each other and then their communities. Maybe it's best they stay in their clans for a while before returning home.|WCG1997|2022-02-24 22:45:17.721|1|0|article-where-does-the-anger-go-now-that-the-trucks-are-gone.json|globemail
Well, restrictions will ease but not because of the convoy.  But protestors will think that they won and maybe that's enough to calm them down, at least of now.  Heaven help us if we have a third winter with a COVID crisis.|Rationalthought|2022-02-24 21:23:34.656|1|0|article-where-does-the-anger-go-now-that-the-trucks-are-gone.json|globemail
You can’t fix stupid, people give religious entities money as well.|Rod Sheridan|2022-02-25 22:06:11.367|1|0|article-where-does-the-anger-go-now-that-the-trucks-are-gone.json|globemail
Probably 100% are sympathetic to getting all covid mandates removed. Where the divisions is when, how and who gets to decide that.|J. K. Galbraith|2022-02-24 22:22:54.074|1|0|article-where-does-the-anger-go-now-that-the-trucks-are-gone.json|globemail
That was before the convoy leadership got outed: sad, deluded ex-military and police types, western separatists and white supremacists with a political agenda that went way, way beyond vaccines. |Peter Dawson|2022-02-24 22:07:02.941|1|0|article-where-does-the-anger-go-now-that-the-trucks-are-gone.json|globemail
Also working women, just so you know. |news reader 2020|2022-02-24 22:10:40.296|1|0|article-where-does-the-anger-go-now-that-the-trucks-are-gone.json|globemail
it was an idea for an opinion piece though.|truthismight|2022-02-24 21:54:56.766|1|0|article-where-does-the-anger-go-now-that-the-trucks-are-gone.json|globemail
Excellent|Johnaitken1|2022-02-24 21:02:01.656|0|0|article-where-does-the-anger-go-now-that-the-trucks-are-gone.json|globemail
I’m going to agree with you.  There were lots of protesters from Ontario, mostly from rural areas or smaller cities.  A good number came from Quebec too. I suspect some religious groups sent people.   |Sceptical1|2022-02-25 19:02:09.820|1|0|article-where-does-the-anger-go-now-that-the-trucks-are-gone.json|globemail
There will always be those that blame each other. Not going to end but it can be reduced. I don't know how you shut off the social media bombardment though.|WCG1997|2022-02-24 22:46:26.094|1|0|article-where-does-the-anger-go-now-that-the-trucks-are-gone.json|globemail
Blair never said that.|peckj|2022-02-24 21:03:42.936|1|0|article-where-does-the-anger-go-now-that-the-trucks-are-gone.json|globemail
This protest was about a fringe of anarchists that think they should be free to do whatever they want, regardless of what the rest of the country thinks.|app_70789131|2022-02-24 22:04:16.312|1|0|article-where-does-the-anger-go-now-that-the-trucks-are-gone.json|globemail
Conscription in World War 1 would probably outdo it.|J. K. Galbraith|2022-02-24 21:03:31.021|1|0|article-where-does-the-anger-go-now-that-the-trucks-are-gone.json|globemail
The country should break up into at least five nations: the west coast, the prairies with the territories to the north, Ontario, Quebec, and the Maritimes.  That would stop all the whining about Quebec nationalism and the Federal transfer system and allow everyone to make their own way as low/tax satellites of the US.  A possible sixth nation, Newfoundland, which is after all an iceberg, could be towed south to the Caribbean, where it would become a banana republic. |Freddie Silk|2022-02-24 20:56:37.660|1|0|article-where-does-the-anger-go-now-that-the-trucks-are-gone.json|globemail
Take religion out of a lot of things and it seems to be the common denominator that holds a lot of what the far right and white supremacy holds on to. They're no longer that king of the castle or that master of their domain. They are just the same as everyone else. No given hierarchy and having to work alongside others they don't particularly want to rather than dominate them. Equal rights are a hard pill for them to swallow.|WCG1997|2022-02-24 20:59:55.627|1|0|article-where-does-the-anger-go-now-that-the-trucks-are-gone.json|globemail
It took a month or more for a Globe journalist to reference the UNITED WE ROLL / Yellow Vest “Truckers For Oil” convoy exactly 3 years ago.  She should have dug deeper into the leadership and (foreign) funding that made this one possible, and the Conservative Premiers letting them do it.|app_72746711|2022-02-24 17:30:50.854|0|0|article-where-does-the-anger-go-now-that-the-trucks-are-gone.json|globemail
"Popular with his Quebec and Ottawa elite? .  ""How dare these  yahoo Canadians doubt  the wisdom of our Quebec Prime Minister  that hid in his basement when all we had come 2000 miles was to speak with him "|Joe cool|2022-02-24 21:25:02.672|1|0|article-where-does-the-anger-go-now-that-the-trucks-are-gone.json|globemail
I agree with the author that anger is a big problem, particular among those who feel left out. However, I am not sure that it's just about politics and a lack of engagement. Most of us are pretty grateful to live in country like Canada and know that we aren't a perfect society.  Let's hope we can channel passion, rather than destructive anger, as we advocate to make things better for all Canadians.|P Cube1|2022-02-24 15:44:32.125|0|0|article-where-does-the-anger-go-now-that-the-trucks-are-gone.json|globemail
Often it's not demonizing the opponents; it's simply pointing out that the opponents are demons.  Not the same thing.  If it looks like a duck and quacks like a duck, then it's a duck.|petpieve2|2022-02-24 22:57:32.119|1|0|article-where-does-the-anger-go-now-that-the-trucks-are-gone.json|globemail
"Which ""races"" are associated with the Liberal party?  That's what she means"|Richard Wright|2022-02-24 21:32:48.675|1|0|article-where-does-the-anger-go-now-that-the-trucks-are-gone.json|globemail
They're not beyond reproach if they prove they're not. Minorities and LGBTQ are not going away. They are more out and people now realize these are their friends and families (or themselves) and won't sell them out. This is Canada...the melting pot. Come from a place of love first than from hate. The far right represents mostly white, religious people, mostly men. What do we do when their belief system is different from the rest of Canada? I feel like everyone else has moved on.|WCG1997|2022-02-24 21:19:00.746|1|0|article-where-does-the-anger-go-now-that-the-trucks-are-gone.json|globemail
If only it were just the Liberals who acted like this! Robyn should cut this quote out and share it around the office - how many media articles are there these days that are some form of “everything is racist and white supremacy!!!”.   Beyond the media, school boards also thrive on race-based division that actually makes things worse under the guise of trying to be helpful. Or… remember how in the early days Covid vaccine access was race-based due to the brilliant work of various advisory councils??? Shocker: judging everyone by the colour of their skin, even in a “progressive” way, makes things worse.|Asino|2022-02-24 20:57:32.198|1|0|article-where-does-the-anger-go-now-that-the-trucks-are-gone.json|globemail
I thought we were building a pipeline. Some others, the US cancelled. Trudeau bought a pipeline. There's also the argument of looking ahead to the future and if oil and gas are going to be declining then we have to look at the big picture. With that said, for those provinces affected by that, they should be the first ones to benefit from any change in manufacturing and training for the future commodities.|WCG1997|2022-02-24 21:05:26.586|1|0|article-where-does-the-anger-go-now-that-the-trucks-are-gone.json|globemail
"""Toronto/Montreal voters elected MPs that decimated the lives of tens of thousands of their fellow citizens under the guise of environmentalism. They brought in policies that minimally affected them but were crushing for others who lived 3000+km away.""  Please explain how Toronto and Montreal MP's manipulated the world price of oil so it nosedived in 2014 before Trudeau was elected.  Please explain how foreign investment in the oilsands went from $27 billion in 2012 to just $2 billion in 2013 before Trudeau was elected?   Those were not policies implement by any Canadian government but they are responsible for 98% of the job losses."|J. K. Galbraith|2022-02-24 21:02:16.190|1|0|article-where-does-the-anger-go-now-that-the-trucks-are-gone.json|globemail
As well as Laurentian Elites.  I want to be Laurentian Elite, living in a mansion in the mountains sounds nice to me.|Rod Sheridan|2022-02-25 22:09:45.938|1|0|article-where-does-the-anger-go-now-that-the-trucks-are-gone.json|globemail
“the right-wing populists’ lead by refracting politics solely through the lens of identity.”  I don't think it is the right-wing who are the purveyors of identity politics in Canada.|app_68513098|2022-02-24 21:18:42.416|0|0|article-where-does-the-anger-go-now-that-the-trucks-are-gone.json|globemail
How about directing it towards someone who would really like to take away their freedom - Vladimir Putin?|doug's a slug|2022-02-24 21:20:05.131|0|0|article-where-does-the-anger-go-now-that-the-trucks-are-gone.json|globemail
Anger is the tool of opposition parties, and what they use to try and discredit the government so they can take power.  Everything else I agree with, except the last part, as anger is for opposition parties, not the governing party. |Richard Wright|2022-02-24 21:23:51.441|0|0|article-where-does-the-anger-go-now-that-the-trucks-are-gone.json|globemail
Got it. Thanks.|WCG1997|2022-02-24 22:04:09.764|1|0|article-where-does-the-anger-go-now-that-the-trucks-are-gone.json|globemail
Indeed. A temper tantrum because they can't win. |SStratford|2022-02-24 22:10:20.466|1|0|article-where-does-the-anger-go-now-that-the-trucks-are-gone.json|globemail
It's infotainment, calibrated to incite.|truthismight|2022-02-24 22:56:45.175|1|0|article-where-does-the-anger-go-now-that-the-trucks-are-gone.json|globemail
Very well put. I'm always surprised by the hatred and volatile demeanor coming from the right but I think you've summed up really well why that is.  They get a constant poke at the bear that's never tempered, in fact the anger is encouraged and the mob mentality is created.|WCG1997|2022-02-24 22:02:31.880|1|0|article-where-does-the-anger-go-now-that-the-trucks-are-gone.json|globemail
Thank you for this Robyn.  Media plays a critical role in public opinion.  This comes with a great responsibility.  I hope that going forward the Globe leads the charge in disassociating identities with partisan affiliations.  It oversimplifies complex situations, demeans groups of people and deviates from the truth.|Nellis1|2022-02-24 21:50:17.403|0|0|article-where-does-the-anger-go-now-that-the-trucks-are-gone.json|globemail
I never understood religious people not having respect for another human being no matter what colour of their skin. As long as they kept them down, it was okay. How is that Godly?|WCG1997|2022-02-24 23:03:55.210|1|0|article-where-does-the-anger-go-now-that-the-trucks-are-gone.json|globemail
The first tea party website was in 2002 paid for by the Citizens For a Sound Economy, a Koch brothers project which had started in 1984. This morphed into the Americans for Prosperity in 2004. The bailout was just something to latch an existing libertarian view to to. |scottd|2022-02-24 22:05:45.970|1|0|article-where-does-the-anger-go-now-that-the-trucks-are-gone.json|globemail
And in the same year they came out against ACA.|app_70789131|2022-02-24 22:01:06.466|1|0|article-where-does-the-anger-go-now-that-the-trucks-are-gone.json|globemail
The trucker convoy was a huge success.  Mandates and vaccine passes were lifted across Canada.   Trudeau was mocked around the world as were his Karen MPs who actually believe there were Nazis and a coup attempt.|matt calgary|2022-02-25 00:50:01.163|1|0|article-where-does-the-anger-go-now-that-the-trucks-are-gone.json|globemail
JBiz - if you don't like the currently elected government, you get to voice your opinion at the ballot box in the next election. The losers don't get to blockade the country because you don't like the results of a free and fair election.  That's now how democracy works. |Man of La Mancha|2022-02-25 00:11:45.424|1|0|article-where-does-the-anger-go-now-that-the-trucks-are-gone.json|globemail
Oh yeah a huge success. When these organizers get out of the Jail They are being sued for $360 Million . Oh yeah huge success   |Jeff ScottWarren|2022-02-24 22:21:39.991|1|0|article-where-does-the-anger-go-now-that-the-trucks-are-gone.json|globemail
Hugh failure actually. No mandates where lifted because of the protest. Nothing constructive was achieved. The majority of Canadians supported the EA against these occupiers. The far-right racist organizers are going to be charged. A large number of truckers now have lost their insurance/licenses. There is a 300 million lawsuit heading their way.  Dream on, seems the only people left supported this clown act are the other far-right racist crowd or the anti-vax crowd - what a mix. |FinVE|2022-02-24 22:19:02.230|1|0|article-where-does-the-anger-go-now-that-the-trucks-are-gone.json|globemail
There is international media outrage   Meanwhile, a column in the Guardian suggested New Zealand deal with its protests by following Canada's lead and abandoning a policy of de-escalation.  https://www.theguardian.com/world/commentisfree/2022/feb/21/as-new-zealand-police-face-criticism-over-parliament-protests-canada-could-provide-lessons |TKennit|2022-02-24 22:14:52.733|1|0|article-where-does-the-anger-go-now-that-the-trucks-are-gone.json|globemail
“Fox has higher viewership in Canada than CBC news”… That’s a very sad state of affairs.|Rex Steel|2022-02-25 13:39:36.644|1|0|article-where-does-the-anger-go-now-that-the-trucks-are-gone.json|globemail
Depends on what Canadian media you follow; the NP and Sun Media certainly didn't give him a free pass. |truthismight|2022-02-24 22:06:46.415|1|0|article-where-does-the-anger-go-now-that-the-trucks-are-gone.json|globemail
History will tell you govt money to media is a toxic mix.|JBiz1667|2022-02-25 19:52:16.761|1|0|article-where-does-the-anger-go-now-that-the-trucks-are-gone.json|globemail
I would. I'm tired of all this. It's not getting anyone further ahead but each side is afraid of what it could mean if it stops. One side is afraid of the cult bubble the other is in and the other side is afraid of overreach into their lives. How do you resolve that?|WCG1997|2022-02-24 22:40:07.314|1|0|article-where-does-the-anger-go-now-that-the-trucks-are-gone.json|globemail
"How is ""directly our anger squarely at Prime Minister Justin Trudeau and his caucus"".. going to make things better.  This is exactly what the protesters did and while it may have felt good venting their anger it was at great cost to everyone.  It's much better to think about the problem and propose viable solutions instead of throwing a temper tantrum. Learn how democracy functions and learn about science and controlling the spread of virus instead of wasting time in echo chambers with other ignoramuses. "|Man of La Mancha|2022-02-25 00:18:22.030|1|0|article-where-does-the-anger-go-now-that-the-trucks-are-gone.json|globemail
You're exactly the problem.|WCG1997|2022-02-24 22:40:46.076|1|0|article-where-does-the-anger-go-now-that-the-trucks-are-gone.json|globemail
Because they ruined your life? How so?|truthismight|2022-02-24 22:07:25.048|1|0|article-where-does-the-anger-go-now-that-the-trucks-are-gone.json|globemail
Then go out join a political party, donate, become a volunteer and make phone calls, go door-to-door, hang up signs.  See you at the next election. |Michael_L|2022-02-24 22:06:52.248|1|0|article-where-does-the-anger-go-now-that-the-trucks-are-gone.json|globemail
Well they already have the mullets.|scottd|2022-02-24 22:07:29.641|1|0|article-where-does-the-anger-go-now-that-the-trucks-are-gone.json|globemail
"So the protesters were ""respecting"" the rights of their fellow citizens? Funny, I must have missed something because it didn't look like respect to me. "|Man of La Mancha|2022-02-25 00:23:47.883|1|0|article-where-does-the-anger-go-now-that-the-trucks-are-gone.json|globemail
I disagree. I believe the PM was cognizant of the historical similarities between the convoy occupation and Mussolini's fasci brigades; that he was thoroughly briefed about the dangerous and deluded leadership of the group, their extremist ideologies and their demands as published on Facebook in the Memorandum of Understanding (MOU). By the time he spoke he was well aware of the conduct of the occupiers in Ottawa and in Windsor, Alberta and Saskatchewan. Although the goal of overthrowing the government was ludicrously out of reach, the troubled souls in the pickups, campers and tractors bought into it.     It also looks like that for a good portion of this clown show both the OPP and OPS were not fully responsive to their command structures. All in all, a dangerous and frustrating situation.|Peter Dawson|2022-02-24 23:30:49.240|1|0|article-where-does-the-anger-go-now-that-the-trucks-are-gone.json|globemail
It's born of frustration. We all did so much and yeah, it sucks that they preferred not to and just at the end of this thing, it gets blown up. Man, I hope we're at the end of it.|WCG1997|2022-02-24 22:44:00.553|1|0|article-where-does-the-anger-go-now-that-the-trucks-are-gone.json|globemail
And now you contribute to the divisiveness. See how it starts...and continues? Now we get the angry Conservatives who rails against that and on and on it goes.  I don't know about you but I'm truly tired of it all. I think it's because of the invasion of Ukraine today. Seriously, that is more alarming of what this beginning is and means, and where it will end given the last World War starting the same way. Discouraging.|WCG1997|2022-02-24 21:33:03.691|1|0|article-where-does-the-anger-go-now-that-the-trucks-are-gone.json|globemail
Nothing to do with the 2 groups you mentioned, try these 2 groups   1) group steps up when asked by their country to do something for the common good, such as get vaccinated, wear a mask, maintain distancing, keep working. For my father that meant serving overseas in WWII, a lot more than was asked of me.  2) group won’t step up when asked by their country to do something for the common good, such as getting vaccinated, wearing a mask, maintain distancing and keep working. Decide to whine, complain and engage in illegal activities.  Nothing to do with cushy jobs, see point number 1 above, both I and my father are blue collar working class people.|Rod Sheridan|2022-02-25 22:02:58.422|1|0|article-where-does-the-anger-go-now-that-the-trucks-are-gone.json|globemail
There's way more groups than this so I wouldn't put it on one group. There's a lot in the middle, probably the most. There's really not a lot of middle class any more. At least if you were in your 2nd group, you could aspire to the middle class but that's even getting harder to do now. More programs like training programs have to be developed to lift people up. And dare I say, co-op housing. It's a olive branch to people who just need a break for a while to get them on their feet again. |WCG1997|2022-02-24 21:42:01.103|1|0|article-where-does-the-anger-go-now-that-the-trucks-are-gone.json|globemail
"Robyn raises an interesting recommendation for trying to get the ends of different galaxies to talk to each other by ""... engaging with grass roots and local communities - rather than maintain the polished, professional and centralized approach ..."".   I agree whole heartedly, and here are 3 steps how it could work better: 1) First, when campaigning for an election, there can be a party President to organize and run the campaign, compile the party platform etc, but they 'can not' become the Party Leader' during that election cycle.   2) Once the election if complete, all those MP/MPP as the case may be, then choose from among them 'who' they want to lead them. That including being Prime Ministry or Premier.   3) If the party looses confidence in their Party Leader, they can internally choose a method to replace them, as the Conservatives have done.  So what does that do to make over how the party's work? For the first time is puts the focus on where it belongs, by ensuring the local community candidates actually have to listen and learn from their constituents, and no long be held speechless by the party Leader. They are now totally accountable to the grass roots. Problem remedied."|wjbryans|2022-02-28 17:43:30.549|0|0|article-where-does-the-anger-go-now-that-the-trucks-are-gone.json|globemail
