﻿comment|username|datetime|isreply|num_replies|post_id|label
While we are not quite as partisan as the US, we are headed in that direction.  The most common theme is the left trying to define their opponent.  Not a single legacy newspaper provided a fair assessment of who the protesters were, or what it was about.  We can all admit there were extreme elements, but these can be found in every protest group in Canada.  Most of our major newspapers are left leaning which creates a space where many voices feel not heard or opinions valued.  This was a part of the root cause of the dissatisfaction that fostered the protest movement.  In the US you have the dichotomy of Fox news and CNN (it is unfortunate that due to the left leaning nature of the Globe that the leftist 'attack dogs' were also not featured here) which are so far apart that they do not carry the same stories and spend most of their energy making their opponents look ridiculous to cater to their audience.  Our media needs to take note of this and ensure that we do not devolve in this direction because too often where the US leads, we follow. |Nellis1|2022-02-23 21:32:02.333|0|10|article-is-polarization-in-canada-comparable-to-the-us-not-even-close.json|globemail
"Rather than taking too seriously our small but loud Canadian bag of deplorables, we should be taking the Republican mouthpieces seriously when they start talking about ""sending troops"" north and equating our duly elected Prime Minister with Castro.  What if the Republicans do come to power and continue undermining the checks and balances of the US system, the rule of law etc.?  Will Canada become the North American Ukraine? Not a real country?  Already part of the US? Dangerous? Communist? repressive of its ""true"" patriots? And with lots of water and other resources? Manifest Destiny redux. "|d'Avenport|2022-02-24 00:26:05.772|0|5|article-is-polarization-in-canada-comparable-to-the-us-not-even-close.json|globemail
Re bias in the media. The Trudeau Govt has paid out multimillions to the media conglomerates e.g. Bell  Media. The CBC alone has received over a $billion when CBC TV has only 5% of the TV audience! There must be some anxiety in the media that if the CPC defeats the Liberals they might lose this financial support. No matter how bad Trudeau is - think SNC Lavalin, JW Raybold, Mr. Dress Up in India, Missing the TPP meeting, sky rocketing national debt and now not in the House when the Emergency Act was introduced there could be fear of loss of revenue which could influence the words they use. Isn't it time the drop Trump from any political discourse in this country? |afbudd|2022-02-24 00:24:53.843|0|4|article-is-polarization-in-canada-comparable-to-the-us-not-even-close.json|globemail
"I watched the whole thing  unfold last Saturday on CBC and didn't get past the shouts of ""freedom"" and the ""vulgarities"" that CBC chose to blank out! (it would have been interesting to hear  and blanking them out was a bit ""old ladyish""!)  Otherwise I too am still puzzled as to the reason for the anger and what they wanted to achieve. Most of the ""interviews"" lasted about 30 seconds.. I still think it would be a good idea to give someone in a leadership position a full page Op Ed to explain the cause and the object of these protests. They have to use a full page though...no one liners, surely there's more to it than ""F..k Trudeau... but what?"|curiousgeorge|2022-02-24 01:21:47.679|1|4|article-is-polarization-in-canada-comparable-to-the-us-not-even-close.json|globemail
When you visit MediaBiasFactcheck (which I suggest you do regularly), you will discover that the Globe has a moderate RIGHT bias. Learning begins with realising we can be wrong. |Mike Risk|2022-02-23 22:50:35.849|1|3|article-is-polarization-in-canada-comparable-to-the-us-not-even-close.json|globemail
I was teaching George Grant last week, and I think my students found his views still applicable today. |IsabellavalancyC|2022-02-24 01:22:28.038|1|3|article-is-polarization-in-canada-comparable-to-the-us-not-even-close.json|globemail
There is no Canadian identity beyond We Are Not Americans. When your only identity is what you are not then you stand for nothing and will fall for anything.|app_69857152|2022-02-23 23:47:09.271|0|3|article-is-polarization-in-canada-comparable-to-the-us-not-even-close.json|globemail
The real emergency is that the Conservatives are now leading the Liberals in the polls in Quebec.|William Lyon Mackenzie1|2022-02-24 00:12:14.127|1|3|article-is-polarization-in-canada-comparable-to-the-us-not-even-close.json|globemail
Canada is a left of center country and will stay that way. Two thirds of voters choose either the Liberals, NDP, Bloc, or Greens. The CPC and PPC will never get more than a third of the vote so long as they continue to embrace Trumpism and the MAGA movement.  Young people are even more left of center so it will only get worse for them as time goes on. |Ranxerox|2022-02-24 20:03:36.653|0|3|article-is-polarization-in-canada-comparable-to-the-us-not-even-close.json|globemail
I agree with the article and would add a couple of more differences:  1. Canada's Radio and Television broadcasters are subject to regulations requiring them to present news in a fact-based way. Equivalent US law (the Fairness Doctrine) was repealed between 1987 and 2011. As a result, Canadians tend to receive more balanced and informative news coverage.   2. On average, the quality of education in Canada is higher at the high-school, college and university levels. (Only in the top 5% of schools does US quality start to exceed Canada's.) As a result, in Canada there is less susceptibility to misinformation, etc.  3. Broad-based social programs, such as public health care, tend to draw Canadians together|MIDTOWNTORONTO11|2022-02-24 18:56:51.740|0|3|article-is-polarization-in-canada-comparable-to-the-us-not-even-close.json|globemail
""" 6. Immigration is a powder-keg issue in the U.S., especially on the southern border. Canada, by contrast, now takes in more than 300,000 immigrants a year without controversy. ""  Simply not true. Immigration has been jacked much higher, and has become quite controversial.  It's the main (but not only) driver of housing shortages, and that knowledge is gaining mindshare.  Illegal immigration has come to the forefront as well, albeit dampened during the pandemic.  Immigration is the issue the US Democrats miserably fail to understand, and the elites in Canada are even more deaf to it.  It is a powder-keg here too.   "|DollyParker|2022-02-24 03:10:30.088|0|2|article-is-polarization-in-canada-comparable-to-the-us-not-even-close.json|globemail
I'm not a Liberal supporter, but I'd bet the farm that if Freeland leads the Liberals in the next election, the party will win a majority.|Ken in Kingston|2022-02-24 02:08:17.783|1|2|article-is-polarization-in-canada-comparable-to-the-us-not-even-close.json|globemail
"Does Lawrence  realize  fox ""news"" is available  in Canada?"|mike88880|2022-02-24 00:47:01.405|0|2|article-is-polarization-in-canada-comparable-to-the-us-not-even-close.json|globemail
i,am proud say he will never speak for me i will do that myself .he only speaks for people who are afraid to say it and he says it from the bully pulpit.|app_69258133|2022-02-24 02:28:09.134|1|2|article-is-polarization-in-canada-comparable-to-the-us-not-even-close.json|globemail
"Clearly, a large majority of Canadians supports Trudeau and his politics. It drives the right wingers bananas that he does not take their shots and flips them right back at them. But under the nice Canadian layer and the eye-rolling, most of us probably felt like the ""balcony guy"". Job well done to end the occupation after the failure of leadership from Ottawa major, police and the Ford government that had all the means and the constitutional responsibility to do this before. In the end, nobody even got hurt - a very Canadian insurrection after all ;-) "|on the Plateau|2022-02-24 00:19:07.116|0|2|article-is-polarization-in-canada-comparable-to-the-us-not-even-close.json|globemail
I think if you googled the term 'right-leaning bias,' New York Times coverage of Canada's truckers' convoy would pop up on your screen.  It was disgusting to read.    |TillyTrillium|2022-02-23 22:43:03.440|0|2|article-is-polarization-in-canada-comparable-to-the-us-not-even-close.json|globemail
"All those points seem valid. One reason our lunatic fringe is and remains a fringe is because of fairly robust public education system. This has been systematically undermined in the US, with the use of charter schools, denominational schools and home ""schooling"" filling the void, nurturing tribalism."|d'Avenport|2022-02-24 00:14:36.639|0|2|article-is-polarization-in-canada-comparable-to-the-us-not-even-close.json|globemail
Who cares which country is more polarized?  The Freedom Convoy and the response to it show that Canada is plenty polarized.  Trudeau shouts, Emergency! Emergency! and 42 hours later says--scratch that, there is no emergency. What a way to run a country. |William Lyon Mackenzie1|2022-02-23 23:44:22.708|0|2|article-is-polarization-in-canada-comparable-to-the-us-not-even-close.json|globemail
You are wrong.  Trudeau has made the polarization of Canada much worse than than anything on the planet and throughout all of history.  It is a wonder we even get water and trash pickup in my city, things are so bad.  Every morning I wake up wondering if the revolution has started, all thanks to Trudeau.  |Leonidas Baltas|2022-02-24 00:07:29.761|1|2|article-is-polarization-in-canada-comparable-to-the-us-not-even-close.json|globemail
Our PM is doing a bang up job on ensuring our country is at least as polarized as the United States.|srr2|2022-02-23 23:12:14.786|0|2|article-is-polarization-in-canada-comparable-to-the-us-not-even-close.json|globemail
We also have more than 2 parties, that helps alot|Richard Wright|2022-02-24 18:13:04.802|1|2|article-is-polarization-in-canada-comparable-to-the-us-not-even-close.json|globemail
More questions: Who would watch it? Why? Does anyone under 55 even have cable? I guess the underlying question - why do old white men like to wallow in anger?|North Vancouver reader|2022-02-24 03:07:34.985|1|2|article-is-polarization-in-canada-comparable-to-the-us-not-even-close.json|globemail
"For all the crap Trudeau took for his very mooted ""divisive"" comments, he spoke for me and many others!  "|Canadian70|2022-02-24 00:37:35.831|1|1|article-is-polarization-in-canada-comparable-to-the-us-not-even-close.json|globemail
Goodness, what a bitter, immature comment!|Ken in Kingston|2022-02-24 02:12:38.109|1|1|article-is-polarization-in-canada-comparable-to-the-us-not-even-close.json|globemail
"It's called satire. We read Swift's ""A Modest Proposal"" in high school 50 years ago. I wonder if anyone still teaches it?  "|otisredding|2022-02-24 05:17:08.023|1|1|article-is-polarization-in-canada-comparable-to-the-us-not-even-close.json|globemail
Some time ago, I found myself in a discussion about whether the U.S. would ever consider invading Canada if it suited Trump.  At the time, I doubted such a scenario.  If Trump were to be re-elected in '24, however, I suspect he just might find an excuse to do something radical like that.  Hitler did it in '39 to invade Poland, and Putin (Donald's buddy) is doing it today in Ukraine.  Trump is the most successful American con artist of all time.  Nothing should surprise us.|Older and Wiser|2022-02-24 14:53:07.604|0|1|article-is-polarization-in-canada-comparable-to-the-us-not-even-close.json|globemail
It is not Trudeau who is polarizing. Look at the Conservative Party, Moe, Kenney, Bergen, Rempel Garner, Polievre etc, who have shamelessly attached their out of ideas party to the Trump and GOP wagon and are using their megaphone to dumb down their base even further. They, like Republican liars and grifters, don't care one bit about damaging Canadian democracy or turning citizens against each other. |cmchase1|2022-02-24 00:07:31.513|0|1|article-is-polarization-in-canada-comparable-to-the-us-not-even-close.json|globemail
With all the money we’ve spent decade after decade  on the CBC and other cultural agencies to create a distinct Canadian national identity and a unified country it’s impossible that Canadians are or could ever be polarized.  |Dannyboy789|2022-02-24 00:12:59.377|0|1|article-is-polarization-in-canada-comparable-to-the-us-not-even-close.json|globemail
And tuition is lower in Canada so more people can attend university, and not end up with tuition debt for life at above market interest rates.  When caring for one another is mandated through universal health care, people grow to care about everyone having health care.  Americans seem to have no concept of this.  Sometimes you have to behave a certain way to feel a certain way. |Alison_D|2022-02-24 19:32:46.141|1|1|article-is-polarization-in-canada-comparable-to-the-us-not-even-close.json|globemail
I guess when things are going really bad the one strategy that could help is saying someone else is worse.    The truth is that Trudeau has become a huge liability to Canada and the Liberal Party.  Internationally he is not only disrespected he has become a joke.  Why in the world has the Liberal Party not done something?  Surely they have seen the glowing and biased articles about Freeland and Carney.  Even some members of his own party are speaking out.  It is time for a walk in the snow.|RSouthward|2022-02-24 13:10:59.988|0|1|article-is-polarization-in-canada-comparable-to-the-us-not-even-close.json|globemail
"Is polarization in Canada comparable to the U.S.? Not even close  No.....it is not.  But, it is getting uncomfortably, uncharacteristically close. Meaning, this will be a good time for our security forces (the RCMP and CSIS) to get involved in identifying the who, where, when and why before we get anywhere close to the far-right lunatic fringe Tea Party worshipers in the US of A.  There are no other options, as in, it will be a cold day in HELL before we allow another far-right movement to occupy our Nation's Capital.  Not happening boys and girls. If you come to Ottawa to ""demonstrate"" and are involved in illegal ""acts""/activity, are in breech of our/Canada's Laws, you will be arrested and charged in a Court of Law.  It is really as simple as that...........  . "|Ivan Dobren|2022-02-24 00:15:48.759|0|1|article-is-polarization-in-canada-comparable-to-the-us-not-even-close.json|globemail
you need to get control of yourself you are infected by to much left wing media. if you need government that much in your life you have a problem and it really is simple as that.|app_69258133|2022-02-24 02:45:27.824|1|1|article-is-polarization-in-canada-comparable-to-the-us-not-even-close.json|globemail
Well, Lawrence, the trolls are forever busy on the Comments pages. I think most of us no longer go there as it's just too tiresome. I hope that you don't pay much attention. I always appreciate your columns.|wally127|2022-02-24 12:45:09.544|0|1|article-is-polarization-in-canada-comparable-to-the-us-not-even-close.json|globemail
"When MSM reporters tried to ask convoy protestors to articulate why there were there they were most often met with spitting, shouting and harassment. Those that did speak on camera would often shout ""FREEDOM!"" Or they would say there are doing this 'for their children.'  Doing what exactly? Ensuring they are not vaccinated? Refusing to follow public health regulations that were and are still killing fellow Canadians everyday? Demanding that the government resign and the country be taken over by a mob? "|Steve M8|2022-02-24 00:02:29.695|1|1|article-is-polarization-in-canada-comparable-to-the-us-not-even-close.json|globemail
How many articles are you going to pen about your Canadian superiority complex... get over it.  Are you 5 years old...?|amistro|2022-02-24 04:30:01.920|0|1|article-is-polarization-in-canada-comparable-to-the-us-not-even-close.json|globemail
Our political system and our political parties are less ideological, less divided, more respectful of traditional norms of behaviour and speech than their American counterparts. Unlike the United States, Canada’s multi party political system offers voters different options for expression of political differences. (The far left members of the US democratic party, eg Bernie Sanders and the Squad, would in Canada not be part of the Liberal party. ) We dont have a national Fox news or toxic, poisonous , crazy talk radio. But we do have social media and we can watch Fox news if we want. And as we watch the Conservative party -in yet another leadership race, seemingly divided between its traditional conservative and its Reform wings, apparently tempted by more American style angry populism-, we have to hope we are not witnessing a Trump- like take over of a traditional Conservative party. Every Canadian should hope for a healthy, strong, effective and united Conservative party that can effectively challenge the Liberals and win national elections. Our democracy depends upon it.     |Connie446|2022-02-24 15:17:23.080|0|1|article-is-polarization-in-canada-comparable-to-the-us-not-even-close.json|globemail
I for one can't understand the hatred of Trudeau. He has done a good enough job under the constraints of the pandemic. His govt ordered the vaccine, in amounts for which Canada was critized, he ordered the PPE, he listened to the science (which was imperfect and changing given the virus recent introduction) his govt looked after those who lost their jobs (blamed for spending too much but ask those for whom it saved their bacon). The mandates were primarily provincial, as was the responsibility of the Ontario (Ford) to come to Ottawa's aid. The western hatred is puzzling to me. And my family is from Central Alberta. |app_64663062|2022-02-24 01:35:39.641|1|1|article-is-polarization-in-canada-comparable-to-the-us-not-even-close.json|globemail
If anything most of our media and probably that around the world is pro-corporate simply because its the advertising that pays for most of it. Pro-corporate often means pro- capitalist, pro keeping the money you earn to yourself rather than spreading it around to the less fortunate to keep things a little even and moderately civilized, therefor if anything it is right leaning. The supposed leftward bent is a myth generally. |curiousgeorge|2022-02-24 01:12:27.287|1|1|article-is-polarization-in-canada-comparable-to-the-us-not-even-close.json|globemail
I see you don't understand how that media fund works. Please read up on it. |Mike Risk|2022-02-24 15:37:54.587|1|1|article-is-polarization-in-canada-comparable-to-the-us-not-even-close.json|globemail
Trudeau is still working to complete his polarization project. It's up to us if we will continue to fell for it|The only honest liberal|2022-02-24 03:14:36.059|0|1|article-is-polarization-in-canada-comparable-to-the-us-not-even-close.json|globemail
Good points!  People may not be aware that water will become in the next 30 years or so extremely valuable.  Canada is blessed with it,  good and also potentially dangerous as you have mentioned.  Interestingly I recall Peter Lougheed so many years ago saying that Canadian water will become more valuable than the oil/gas resources.|prague|2022-02-24 01:48:52.360|1|1|article-is-polarization-in-canada-comparable-to-the-us-not-even-close.json|globemail
I am always open to being wrong. I have used that site in the past for fact checking.   The website is American however and when being compared to the New York Times, CNN and Washington Post, almost all of our media outlets are centre or centre right.  The basis of comparison matters.  To find a more accurate picture, look at the credentials of the people writing the opinion pieces.  Regardless, the Globe remains the most central of all legacy papers and is the most central of all national media, which is why a lot of us subscribe.|Nellis1|2022-02-24 00:10:41.839|1|1|article-is-polarization-in-canada-comparable-to-the-us-not-even-close.json|globemail
Expect Alberta to declare itself an autonomous region and seek peacekeepers from the next GOP government.|ZayWhat|2022-02-24 02:02:09.579|1|1|article-is-polarization-in-canada-comparable-to-the-us-not-even-close.json|globemail
""" The Prime Minister is increasingly polarizing. He can’t seem to say anything without touching off a furor. His wealth, his looks, his style and his leftism grate.""  If we get the public inquiry that we need into the whole trucker protest/border blockade mess, Trudeau is definitely going to be hit with some (much?) of the blame. The harder he fights to avoid it, the more he will exacerbate that polarizing effect.  Hence the article (puff piece?) on Chrystia Freeland elsewhere in today's G&M. May as well float that balloon and see if people think she'd be the one to lead the LPC into the next election.  The LPC would be wise to ease him out of his position at the first politically opportune moment."|Allan19531|2022-02-24 00:26:46.730|0|1|article-is-polarization-in-canada-comparable-to-the-us-not-even-close.json|globemail
i hope not why is canada so in love with the left? i just can not imagine why people need government  so much lives.|app_69258133|2022-02-24 02:22:48.197|1|1|article-is-polarization-in-canada-comparable-to-the-us-not-even-close.json|globemail
Another meaningless column.   It doesn’t matter how our divided country compares to another divided country but how it compares to this country before the current leadership was in place.   No one less popular than Mr Trudeau has been elected, ever.   That, in and of itself, is a damning signal of how far we’ve fallen.   …but it shouldn’t be shocking since he’s the first PM in a very long time to actually make Canadians poorer. |M. Grimaldi|2022-02-24 01:27:04.107|0|1|article-is-polarization-in-canada-comparable-to-the-us-not-even-close.json|globemail
Same site that was slapped with a cease and desist order? For missrepresentation?|Mellowcanadian|2022-02-24 00:04:25.520|1|1|article-is-polarization-in-canada-comparable-to-the-us-not-even-close.json|globemail
Division?  It's not the truckers who are the wedge. It's those Laurentian Shield Elites stirring the pot. Power couples sitting in their bathtubs full of rose petals, drinking cocktails and grinding down salt of the earth Canadians to season their organic quinoa pretzels while planning the Great Reset, after which, presumably, I will have to figure out how to get all those little clock displays to stop flashing on my appliances. One thing I hate more than socialists is those danged Wedgies.|IsabellavalancyC|2022-02-23 23:53:26.454|0|1|article-is-polarization-in-canada-comparable-to-the-us-not-even-close.json|globemail
Once again a good article Lawrence . I am so disappointed in the United States now, and grateful to live in Canada.  Six years ago who would have believed America would elect a President like Donald Trump?  There is obviously something very wrong in that country, and it become more evident every day.  I truly fear for their future.  I have travelled a great deal and do a lot of reading.  Canadians have no idea just how good we have it here.  We are blessed.  The fact is, we are spoiled and whining has become a national pastime.  Trudeau?  Well I did not vote for him, but in the case of the emergency act, he had no choice.  I only wish he had acted sooner and glad it is now gone|Older and Wiser|2022-02-24 14:45:54.150|0|1|article-is-polarization-in-canada-comparable-to-the-us-not-even-close.json|globemail
There was an emergency as anyone who lives or works in Ottawa knows. It was dealt with in part thanks to the provisions of the Emergency Act. Likewise, the protests at the borders were influenced by the powers inherent in the Act. When a mob takes over the capital of the country intent on overthrowing the government, I would call that an emergency. |Steve M8|2022-02-23 23:57:11.533|1|1|article-is-polarization-in-canada-comparable-to-the-us-not-even-close.json|globemail
"app_69857152, you have a point. Yes, we are too reflexively anti-American. But look, the opposite of being ""American"" does not mean we are nothing. Canada does have certain social values, many of which are positive. When push comes to shove, as in a pandemic, most Canadians start paying attention to the social contract as opposed to individualism. That's why over 80% of us got vaccinated, partly to protect ourselves but also for the good of the community and the most vulnerable among us. And because of mandates that most Canadians supported when they were put in place. Furthermore, most of us accept that we are a multicultural country built by immigration. I taught English to adult immigrants for 30 years and they felt Canada was a more accepting place than the U.S. We are much more of a ""peace, order and good government"" country than our neighbour to the south. I don't mean our governments are always good, and we are way too complacent when they aren't."|grey owl 3|2022-02-24 01:20:03.345|1|1|article-is-polarization-in-canada-comparable-to-the-us-not-even-close.json|globemail
"So you think its Trudeau's job to make sure you get water and trash pickup? Is this what ""freedom"" means to you? You sound seriously confused. Is everything that doesn't go exactly right for you Trudeaus fault?"|curiousgeorge|2022-02-24 01:07:05.284|1|1|article-is-polarization-in-canada-comparable-to-the-us-not-even-close.json|globemail
The National Post is NOT left leaning. Just read Conrad Black and Rex Murphy for two examples. They have withered old hardons for Trudeau and take every chance at demonizing him they can. It's all rather pathetic that some Canadians take them seriously at all.|cmchase1|2022-02-24 00:11:04.925|1|1|article-is-polarization-in-canada-comparable-to-the-us-not-even-close.json|globemail
That's fine.  You may be right.  But remember  that there is only one  thing wrong with  socialism,  It doesn't work.  I hope you and you friends enjoy watching your country swirling down the toilet, because that is what is going to happen in the scenario you just described.|TerryM4|2022-02-25 16:30:44.191|1|1|article-is-polarization-in-canada-comparable-to-the-us-not-even-close.json|globemail
Agree.  And interestingly, Harper tried to eliminate Canada's own version of the fairness doctrine so that media could intentionally spread lies without consequence.  Fortunately, he failed, else Canada would now be much further down the US self-destructive path.|Richard McL|2022-02-24 19:04:53.112|1|1|article-is-polarization-in-canada-comparable-to-the-us-not-even-close.json|globemail
You may be right, Lawrence, but I fear that you wont be right for too much longer.  Polarization is getting worse, and no one of consequence has any workable suggestions for turning down the heat.|Since When|2022-02-24 19:31:15.385|0|1|article-is-polarization-in-canada-comparable-to-the-us-not-even-close.json|globemail
I don't mind admitting that I don't read either one. They both are relics dating back to the last century and are irrelevant to modern life.|Randall Leigh|2022-02-24 02:48:19.757|1|1|article-is-polarization-in-canada-comparable-to-the-us-not-even-close.json|globemail
A hurricane is heading straight for New Orleans. The Hurricane Center in Coral Gables forecasts it's a Category 5. The devastation will be total.  Then at the last minute, surprising everyone, it veers off, and New Orleans just gets a heavy rainstorm.  I guess there was no emergency after all. There was no need to board up all those windows and doors, stock up supplies, and evacuate anyone who could leave. |news reader 2020|2022-02-23 23:55:59.166|1|1|article-is-polarization-in-canada-comparable-to-the-us-not-even-close.json|globemail
"Larry, Larry, Larry, you have to keep your story straight....In other articles, you are claiming the ""truckers"" are aligned with the forces of darkness. and are fostering a Tucker Carlson fueled revolution in Canada.  Now that some time has passed and the acknowledged tiny protests have calmed downed, are you admitting you were wrong???"|Lamont Cranston|2022-02-24 18:22:36.055|0|1|article-is-polarization-in-canada-comparable-to-the-us-not-even-close.json|globemail
Other NATO countries would be obligated to help us.  But we do need to get our military service in better shape. |Alison_D|2022-02-24 19:38:07.439|1|0|article-is-polarization-in-canada-comparable-to-the-us-not-even-close.json|globemail
If it was a much higher issue the PPC would have gained far more than 1% and 6% in the last two elections.|J. K. Galbraith|2022-02-24 19:36:28.234|1|0|article-is-polarization-in-canada-comparable-to-the-us-not-even-close.json|globemail
"Oh Larry ! you never disappoint.  Point #1  there it is ""Trump"".  You cannot write an article without commenting on him in some way.  He is your addiction.  I always read your  articles because they are  so one-sided they make me laugh.  Biden, AOC, Pelosi, Bernie Saunders, Elizabeth Warren, Rachel Maddow and all the other left wing fanatics are your heroes.  Obama could be convicted of murder and you would find some way of defending him.  Fox news  is the most balanced and honest network in the US.  You would prefer the totally left wing networks like CNN, MSNBC and NBC.  We get it."|TerryM4|2022-02-25 13:26:44.231|0|0|article-is-polarization-in-canada-comparable-to-the-us-not-even-close.json|globemail
What is the problem you see with it?|prague|2022-02-24 03:24:34.839|1|0|article-is-polarization-in-canada-comparable-to-the-us-not-even-close.json|globemail
"""Is polarization in Canada comparable to the U.S.? Not even close""  Justin Trudeau: ""Hold my beer"""|app_68513098|2022-02-24 02:00:19.666|0|0|article-is-polarization-in-canada-comparable-to-the-us-not-even-close.json|globemail
Another couple of years and justin will get us on par with the US.|john l gee|2022-02-24 02:26:14.782|0|0|article-is-polarization-in-canada-comparable-to-the-us-not-even-close.json|globemail
Ban certain algorithms currently in use on social media platforms.|Nostorski Pookinskichuk|2022-02-24 19:59:17.124|1|0|article-is-polarization-in-canada-comparable-to-the-us-not-even-close.json|globemail
My morning smile.  I actually laughed out loud at the title.  |FRH1|2022-02-24 18:34:28.592|0|0|article-is-polarization-in-canada-comparable-to-the-us-not-even-close.json|globemail
"Its interesting to hear the protesters, some of them waving Trump flags ( now there's an example of wealth, looks, style  and grating rightism!)shout ""Freedom"" and compare Canada to a dictatorship, a tyranny when their compatriots in the US are doing whatever they can to eliminate as many voters from the rolls as they can, banning books, eliminating the right to abortion. And 2000 a day are still dying of Covid in the US. Crazy!"|curiousgeorge|2022-02-24 01:28:19.380|0|0|article-is-polarization-in-canada-comparable-to-the-us-not-even-close.json|globemail
you probably saw that Putin will never attack Ukraine ,, wait till oil goes to 200 dollars |rkrause|2022-02-26 01:12:56.066|0|0|article-is-polarization-in-canada-comparable-to-the-us-not-even-close.json|globemail
It's meaningless because you don't understand it.|Randall Leigh|2022-02-24 01:58:06.614|1|0|article-is-polarization-in-canada-comparable-to-the-us-not-even-close.json|globemail
Excellent analysis of key public policy differences in Canada. I think few Canadians are aware of our broadcasting rules which prevent a Fox news or toxic hate spewing shock/ talk radio programming. ( i hadnt realized Harper tried to remove this like US Republicans did) . It’s time now to regulate social media in the public interest ( The UK is poised to legislate, as us the EU).  |Connie446|2022-02-24 20:26:57.304|1|0|article-is-polarization-in-canada-comparable-to-the-us-not-even-close.json|globemail
I have recently started to watch it.  I was very much enjoying their opinions of Justin Trudeau.  |ws8|2022-02-24 21:03:35.902|1|0|article-is-polarization-in-canada-comparable-to-the-us-not-even-close.json|globemail
like the CBC,,,,PRAVDA|rkrause|2022-02-26 01:16:54.384|1|0|article-is-polarization-in-canada-comparable-to-the-us-not-even-close.json|globemail
Excellent parsing of this complex topic.  It is difficult for most individuals to understand the complexity inherent in a multivariable, non-linear system with its many contributing and interactive parameters.  This article is a fine start!|VOLODOMYR11|2022-02-24 18:50:58.336|0|0|article-is-polarization-in-canada-comparable-to-the-us-not-even-close.json|globemail
Lawrence, you have one thing and one thing wrong in your article, point 2 is a far from reality as can be. The $600M payoff by the Liberals has decidedly changed the info msm sends out - just like your articles do not bite the hand that feeds you. You alway defend the Liberals even though there is so much to criticize, but you can't be unbiased, you're not a true journalist but a propagandist. Note how the msm described the Ottawa protests - nazis, right wing lunatics, unhinged people, yet the truth is no one got hurt, no one got property damaged and in fact they even fed the homeless, where was that coverage Lawrence?  Where you are right is in your second last paragraph, I'll let people re-read it and make their own conclusions. Oh, how I miss the days of good reporting... As for the CBC, don't even get me started.|app_70143111|2022-02-24 03:26:25.128|0|0|article-is-polarization-in-canada-comparable-to-the-us-not-even-close.json|globemail
"As a counter:  1. The USA does not have 600 budding ""nations"" who believe they are full and complete countries like Denmark of Nigeria and are militantly asserting their ""rights""...just keep those support payments coming though.  2. The USA does not have political parties at the federal and state level whose goal is separatism, and a denial of the Canadian state, its laws and culture.  3. The USA does not have a large state that believes it should be a separate country, and that has elected state governments with that as a key goal.  The difference between Canada and the USA is that whatever their political stripe (crazy trumpism, or Democratic party), they all agree they are Americans, they just disagree on what type of ""America"" they want. In Canada? Large segments of the country do not believe in it, and actively want to break it up.  If one were an impartial observer, and had to place a bet on long term survivability, based upon objective analysis, I know how I would bet."|Lamont Cranston|2022-02-24 18:30:43.176|0|0|article-is-polarization-in-canada-comparable-to-the-us-not-even-close.json|globemail
I agree with you Lawrence. The moderate middle, the center is still the majority in Canada. I for one have social views which would be considered left-wing and economic views which would be considered right wing.  But Trudeau has to go. He is really divisive. There clearly will be a new crop of leaders soon both in the liberals and the conservatives. The country needs it|Sheryl8|2022-02-24 17:43:13.540|0|0|article-is-polarization-in-canada-comparable-to-the-us-not-even-close.json|globemail
True, in that the far right of the Republican party and the far left of the Democratic party make each of those parties toxic to a lot of voters and turn them off politics.  It's like smaller splinter parties are almost like political relief valves.|Nostorski Pookinskichuk|2022-02-24 20:02:30.610|1|0|article-is-polarization-in-canada-comparable-to-the-us-not-even-close.json|globemail
in socialism everybody is equal except some are more equal than others|rkrause|2022-02-26 01:10:30.271|1|0|article-is-polarization-in-canada-comparable-to-the-us-not-even-close.json|globemail
Are you kidding?  That is one of our problems.  Today Trudeau reigns because he can strike a deal with the NDP while only having 30% of the popular vote.  In fact Singh is leading him around by the nose.  The sad part is that people like you can't see that.  You think this is the way it should be.|TerryM4|2022-02-25 16:37:31.405|1|0|article-is-polarization-in-canada-comparable-to-the-us-not-even-close.json|globemail
Far too sensible. (Thanks.) |Mike Risk|2022-02-24 15:33:26.974|1|0|article-is-polarization-in-canada-comparable-to-the-us-not-even-close.json|globemail
I'm less cofident than Lawrence is.|rationibus|2022-02-24 16:22:25.847|0|0|article-is-polarization-in-canada-comparable-to-the-us-not-even-close.json|globemail
yes and that is what the west understands only to well and that has become problem for central Canada. its the big cities of ontario who elect left of center politicians and their interests which are almost entirely different than western thought. they are more independent do your own thing and go your own way people. to much government in your life? get rid of it be free do your own thing work for dreams that give meaning to your life government can not do it for you.|app_69258133|2022-02-28 12:40:06.316|1|0|article-is-polarization-in-canada-comparable-to-the-us-not-even-close.json|globemail
The article was about you and your fact-free diatribe. |Mike Risk|2022-02-24 15:34:08.414|1|0|article-is-polarization-in-canada-comparable-to-the-us-not-even-close.json|globemail
Indeed, this thread is truly a refuge!|Richard McL|2022-02-24 18:30:20.192|1|0|article-is-polarization-in-canada-comparable-to-the-us-not-even-close.json|globemail
And to think Cons are always calling Trudeau incompetent.  Apparently, what he really is, is some kind of god with such awesome powers that he controls everything!|Richard McL|2022-02-24 19:07:46.829|1|0|article-is-polarization-in-canada-comparable-to-the-us-not-even-close.json|globemail
"""Looking good by comparison with contemporary America is hardly a great feat."" And making Canadians believe that what happens in the US stays in the US as well has been a great feat. But that delusion has started to crumble."|The Work Farce|2022-02-24 17:53:51.807|0|0|article-is-polarization-in-canada-comparable-to-the-us-not-even-close.json|globemail
you can always find a relatively small percentage of conservatives that would embrace the  trump republicans.. but for the most part the conservative party of canada isnt even closely aligned with the GOP party in the states..in fact the conservative party here is much closer the the democratic party in the states...the liberal/ndp parties mirror more extreme left leaning democrats like AOC and Bernie SAnders..just the way i see it...|stevenpren|2022-02-24 22:46:38.617|1|0|article-is-polarization-in-canada-comparable-to-the-us-not-even-close.json|globemail
great article here..we are a much more tolerant society and have a stronger social safety net than our american cousins...we are a divided country that is firmly controlled by the laurentian elites and i think most canadians are okay with that...where we fall behind is without a doubt our middle and upper class have about a 20 percent less standard of living then our american cousins...the americans remain leaders in encouraging and fostering innovation that puts us to shame...our standard of living for our middle class has fallen further and further behind the americans as capital continues to leave this country..but we can be proud as we are a far more tolerant society and are proud of the taxes we pay..try taxing an american and they revolt...|stevenpren|2022-02-24 21:29:48.653|0|0|article-is-polarization-in-canada-comparable-to-the-us-not-even-close.json|globemail
As many as it takes!  |Mouse12345|2022-02-24 15:43:44.493|1|0|article-is-polarization-in-canada-comparable-to-the-us-not-even-close.json|globemail
tiny protest = shutting down the downtown core of a G7 capital and blocking the most significant trade route between two major G7 economies|Nostorski Pookinskichuk|2022-02-24 20:00:52.148|1|0|article-is-polarization-in-canada-comparable-to-the-us-not-even-close.json|globemail
FYI: Fox news is the most watched cable news network in the english speaking world. That's who is watching it. Perhaps you should look up CNN and MSNBC and look at their numbers. |app_73448981|2022-02-24 17:12:01.314|1|0|article-is-polarization-in-canada-comparable-to-the-us-not-even-close.json|globemail
'Anti-elite passions in Canada have been stirred by the truckers‘ convoy.'  I'd suggest that anti-elitism has been triggered and continually inflamed by none other than Justin Trudeau. |billy112|2022-02-24 21:56:05.959|0|0|article-is-polarization-in-canada-comparable-to-the-us-not-even-close.json|globemail
"To quote an article from the NY Times on the Canadian Health Care System ""  What is the use of universal health care if you cannot get access to it?"" The only country with a system like ours is Cuba.  We need two tiered health care in Canada.  We are slipping behind the rest of the world.  If you have an emergency you will get immediate and professional treatment.  Need a hip or knee replacement or any other elective surgery and you will wait and suffer and wait and suffer until the pain gets too bad and you will go to the US to get the treatment you absolutely must have in order to survive.  Tens of  thousands of Canadians do this every year.  Is that the health care you  want?  Is that what you are so proud of?"|TerryM4|2022-02-25 21:14:57.508|1|0|article-is-polarization-in-canada-comparable-to-the-us-not-even-close.json|globemail
I didn't vote for Trudeau the last few elections because of some of the issues you've listed. At the same time, I also didn't vote for the CPC because of the significant support of anti climate, anti abortion, anti immigration, anti vaccine/mandate views. The CPC will never get my support, and I have voted for them in the distant past, until they have more moderate, centrist policies and supporters.|Jay Smyth|2022-02-24 00:58:52.706|1|0|article-is-polarization-in-canada-comparable-to-the-us-not-even-close.json|globemail
Because we have had it too good for too long.|Older and Wiser|2022-02-24 14:55:25.846|1|0|article-is-polarization-in-canada-comparable-to-the-us-not-even-close.json|globemail
Numbers, please. |Leonidas Baltas|2022-02-24 02:44:48.758|1|0|article-is-polarization-in-canada-comparable-to-the-us-not-even-close.json|globemail
the real emergency is that the Conservatives are now leading the Liberals in the polls in Quebec.  BS....................  . |Ivan Dobren|2022-02-24 00:16:47.757|1|0|article-is-polarization-in-canada-comparable-to-the-us-not-even-close.json|globemail
"Saved by a ""Sharpie""? "|bcjoanne|2022-02-24 01:17:18.947|1|0|article-is-polarization-in-canada-comparable-to-the-us-not-even-close.json|globemail
Good article and a nice articulation of the contrast between the right in Canada and the U.S. The anger toward Trudeau is getting to crazy over-the-top levels. Some Liberal policies have certainly missed the mark but the attitude expressed during the Ottawa blockade is nearing meaningless from a political point of view. Trudeau now looks good as a leader who confronted the trucker convoy and came out ahead. The right wing made boosting Trudeau's legacy possible.|Jimbo5|2022-02-23 23:29:59.450|0|0|article-is-polarization-in-canada-comparable-to-the-us-not-even-close.json|globemail
"""....at least as polarized as the United States.""  You need to reread the column! Martin pointed out 10 ways in which Canada is not even close to being polarized as the US. Over 90% of Canadians supported vaccinations, and followed health guidelines and mandates. Most of the angry behaviour of the protestors is largely copying US right wing language, behaviour and beliefs. Much as the Trudeau haters would like it to be, Canadians are much more united and sensible than the rabid political/cultural hate warriors in the US."|Jay Smyth|2022-02-24 00:48:09.342|1|0|article-is-polarization-in-canada-comparable-to-the-us-not-even-close.json|globemail
Look to your municipal politicians to provide the services you mention. Please become aware of which level of government is responsible for what. There is plenty in our country that can be improved and as citizens we should know who is accountable for what. Not all our ills are directly attributable to Trudeau.|M-P-C|2022-02-24 01:08:41.226|1|0|article-is-polarization-in-canada-comparable-to-the-us-not-even-close.json|globemail
I was trying for irony.  It is clear I overdid it.  |Leonidas Baltas|2022-02-24 02:36:41.902|1|0|article-is-polarization-in-canada-comparable-to-the-us-not-even-close.json|globemail
Yes. The NY Times is known throughout America as being far-right…..|matt calgary|2022-02-24 13:54:48.537|1|0|article-is-polarization-in-canada-comparable-to-the-us-not-even-close.json|globemail
I enjoyed reading Canadian readers' response to Ross Douthat's sermon on the truckers. |IsabellavalancyC|2022-02-23 23:54:30.952|1|0|article-is-polarization-in-canada-comparable-to-the-us-not-even-close.json|globemail
I heard or read comments in the media legacy from at least 50 different protestors over the three weeks of the occupation. They were given ample opportunity to share their opinions and reasons for being there. Some of them were thoughtful in their comments, some were passionate, and others were very misguided and uninformed or clearly influence by American views such as Q-Anon.  Your assertion simply does not hold up to scrutiny.|J. K. Galbraith|2022-02-24 19:28:18.351|1|0|article-is-polarization-in-canada-comparable-to-the-us-not-even-close.json|globemail
CTV's Evan Solomon was in the Occupation LiVe, daily, trying to get occupiers to comment/interview.  All I heard was 'HOld the LIne'.|jangm|2022-02-24 18:54:57.412|1|0|article-is-polarization-in-canada-comparable-to-the-us-not-even-close.json|globemail
"How can anyone provide a ""fair assessment of who the protesters were"" when they won't talk to reporters  . . . or they are too inarticulate to do so. Many of these characters were hostile, Ill-informed, dogmatic, and incredibly native when it comes to understanding what real freedom and the Canadian federalism are all about what they entail. We need to teach civics in our schools."|Ken in Kingston|2022-02-24 02:18:56.750|1|0|article-is-polarization-in-canada-comparable-to-the-us-not-even-close.json|globemail
A couple of points:  The news media, especially CTV and CBC tried to give a balanced assessment to the demonstration/occupation by going among the protestors, asking for their views and opinions. The key word is 'tried' as they were shouted at, insulted, screamed at, intimidated and spit on. The protestors defined who they were on TV; not a pretty picture.  Yes, most of our newspapers are centre/ left leaning because Canada is a centre/left leaning country. The National Post is there for the right wing to read. The Toronto Sun attempted to start a conservative TV news show; it didn't get off the ground as there was little interest in it. I read the NP to get a balanced view.  Don't agree that there are extreme elements in all demonstrations. The Ottawa occupation was organized by extreme elements.  |Jay Smyth|2022-02-24 01:14:19.290|1|0|article-is-polarization-in-canada-comparable-to-the-us-not-even-close.json|globemail
"Nellis, do you really believe that only the left mischaracterizes their opponents? The mudslinging goes in both directions.  You also believe that ""not a single one"" of Canada's major newspapers fairly assessed the protest. So the reporters who actually spent days talking to hundreds of them don't know them as well as you do? And you read every one of the reports published in every major newspaper so u know ""not a single one"" got it right? You say you know what the convoy was about, but I wonder if you have read the Memorandum of Understanding  the lead organizers addressed to the Governor General ... they demanded that she dissolve Parliament and put Canada Unity members on a ""citizen's committee"" sharing power with another unelected body, the Senate. They would then use their power to overrule public health policies enacted by every other elected municipal or provincial government in Canada. I agree with you on one thing. Most of the protestors were not insurrectionists and didn't know what their leaders were trying to do. That's why you have to be careful what bandwagon you jump on. "|grey owl 3|2022-02-24 00:46:26.979|1|0|article-is-polarization-in-canada-comparable-to-the-us-not-even-close.json|globemail
Which major newspapers are left-leaning?  I can think only of The Star.  The vast majority of Canada's papers are owned by Postmedia and they are well right of centre. |Leonidas Baltas|2022-02-24 00:14:55.553|1|0|article-is-polarization-in-canada-comparable-to-the-us-not-even-close.json|globemail
And wow, are they angry about that.|Richard McL|2022-02-24 18:41:46.182|1|0|article-is-polarization-in-canada-comparable-to-the-us-not-even-close.json|globemail
In a couple of cases, the organizers chose who could attend the news conferences and excluded the so called legacy media.|J. K. Galbraith|2022-02-24 19:23:53.786|1|0|article-is-polarization-in-canada-comparable-to-the-us-not-even-close.json|globemail
The leaders had daily press conferences.  There were live feeds from vivafrei and others.  The legacy media wasn’t there to find truth or opinions from the other side.  They were looking to confirm their biases.  |matt calgary|2022-02-24 13:53:45.652|1|0|article-is-polarization-in-canada-comparable-to-the-us-not-even-close.json|globemail
Good idea.  But one caveat.  They would have to write it and edit themselves, no help.|Randall Leigh|2022-02-24 02:41:26.306|1|0|article-is-polarization-in-canada-comparable-to-the-us-not-even-close.json|globemail
Who appointed these so-called, self-appointed leaders of the protest? Why should elected officials take them seriously?|Ken in Kingston|2022-02-24 02:23:10.709|1|0|article-is-polarization-in-canada-comparable-to-the-us-not-even-close.json|globemail
The convoy participants were leery and downright antagonistic toward MSM so it's no wonder the trucker message didn't get out.|Jimbo5|2022-02-23 23:33:54.417|1|0|article-is-polarization-in-canada-comparable-to-the-us-not-even-close.json|globemail
Canada’s legacy media is funded by Trudeau.   It shows. |matt calgary|2022-02-24 13:51:30.519|1|0|article-is-polarization-in-canada-comparable-to-the-us-not-even-close.json|globemail
they may represent you but i,am from the wrong status being a former truck driver  there is not much coverage my type over the years.  most media outlets over the years give a hoot about drivers or working class people. you see i don,t have to worry if a million or two is enough for retirement. and just so you know, very few trucking companies have pension plans but their exs do. got it!|app_69258133|2022-02-24 03:04:28.348|1|0|article-is-polarization-in-canada-comparable-to-the-us-not-even-close.json|globemail
Ahh no, please say you aren't serious...so MediaBias said Principia pushed climate nonsense. We have all known that, forever. When you can't attack the message, attack the messenger. |Mike Risk|2022-02-24 15:47:37.040|1|0|article-is-polarization-in-canada-comparable-to-the-us-not-even-close.json|globemail
 And if even true, as News Reader 2020 forecasts, it will veer off before the next election. Otherwise, Sunny Days for the Canadian federation, WLM, sunny days, old boy.|Randall Leigh|2022-02-24 02:38:26.735|1|0|article-is-polarization-in-canada-comparable-to-the-us-not-even-close.json|globemail
What?   You mean the billions spent decade after decade on the CBC and other cultural agencies - which were set up, first and foremost, to create a distinct.Canadian identity - was all for nought?   Surely not. |Dannyboy789|2022-02-24 00:06:42.656|1|0|article-is-polarization-in-canada-comparable-to-the-us-not-even-close.json|globemail
"Good column....""Empty cans make the most noise!""  "|Canadian70|2022-02-24 00:36:18.401|0|0|article-is-polarization-in-canada-comparable-to-the-us-not-even-close.json|globemail
If you hate, as you admit, you need to remove yourself from the classroom.  No one should be allowed to teach who hates.|Randall Leigh|2022-02-24 02:28:01.899|1|0|article-is-polarization-in-canada-comparable-to-the-us-not-even-close.json|globemail
A majority of opposition seats|john l gee|2022-02-24 02:27:44.812|1|0|article-is-polarization-in-canada-comparable-to-the-us-not-even-close.json|globemail
The Liberals are the Centre.|BWF2|2022-02-25 02:34:23.841|1|0|article-is-polarization-in-canada-comparable-to-the-us-not-even-close.json|globemail
The War of 1812, resumed.  |Hermione|2022-02-24 02:27:04.764|1|0|article-is-polarization-in-canada-comparable-to-the-us-not-even-close.json|globemail
There is always Russia ready to provide peacekeepers. |Leonidas Baltas|2022-02-24 02:48:05.176|1|0|article-is-polarization-in-canada-comparable-to-the-us-not-even-close.json|globemail
Strengthen our borders & military….before 2024. As well as our NATO ties.|Ponders|2022-02-24 02:01:31.315|1|0|article-is-polarization-in-canada-comparable-to-the-us-not-even-close.json|globemail
Given the lack of water in the southwest, the “liberation” of ours is not as far-fetched as it might seem.|SStratford|2022-02-24 01:49:04.715|1|0|article-is-polarization-in-canada-comparable-to-the-us-not-even-close.json|globemail
I have heard for almost 45 years that water was going to be the big target of the Americans  , the hill to die on for the Canadians, well , maybe it will be but events have not led us there in all those years. Our problem is not the fight over water resources, but how to deal with the onslaught of flood waters.. There will be enough water for the American's uses once they realize how to retain the flood waters. We must learn to do the same. |Randall Leigh|2022-02-24 02:07:48.691|1|0|article-is-polarization-in-canada-comparable-to-the-us-not-even-close.json|globemail
All the issues you raised were all thoroughly covered in the media.  The paper probably benefitting the most form the Fund is the National Post and its papers across the country.  I wouldn't be calling them Trudeau supporters.|J. K. Galbraith|2022-02-24 19:34:05.149|1|0|article-is-polarization-in-canada-comparable-to-the-us-not-even-close.json|globemail
And have Con mythological talking point #5 disproven?|Richard McL|2022-02-24 18:33:42.358|1|0|article-is-polarization-in-canada-comparable-to-the-us-not-even-close.json|globemail
Don't understand the question. |M-P-C|2022-02-24 00:52:29.333|1|0|article-is-polarization-in-canada-comparable-to-the-us-not-even-close.json|globemail
I agree, and I am a displaced westerner.  It is about isolation. and Toronto is the only place in Canada that does not suffer from isolation.|Older and Wiser|2022-02-24 15:01:28.397|1|0|article-is-polarization-in-canada-comparable-to-the-us-not-even-close.json|globemail
A hilarious post, from a pseudonym. What courage! |Mike Risk|2022-02-24 15:38:44.903|1|0|article-is-polarization-in-canada-comparable-to-the-us-not-even-close.json|globemail
He is not a president; he does not have a bully pulpit. He's a first minister and if he loses the confidence of the House, he falls.|James Allen|2022-02-24 06:07:15.645|1|0|article-is-polarization-in-canada-comparable-to-the-us-not-even-close.json|globemail
if you need government that much in your life  If and when you come to my/our city/our Nation's Capital, if you insist on breaking existing Canadian Laws, you will be arrested and charged in a Court of Law.  The only unanswered question out there;  WHY you and so many on the far-right are having such a difficult time comprehending this simple/basic equation.  . |Ivan Dobren|2022-02-24 08:46:31.511|1|0|article-is-polarization-in-canada-comparable-to-the-us-not-even-close.json|globemail
"The article leaves out important differences between Canadians and Americans. First, our government system has boosters, such as OHIP to support the lower social mobility of needy citizens, so they don't sell their house to pay for a major health expense; second, our nation's motto is ""peace, order and good government,"" not ""live free or die,"" so we are apt to behave than carry a gun; third, Quebec! Even if you're a pissed off westerner, the melding of Waspiness and a distinct French culture acknowledges the fabric of our history, cajoling openness to an unsettling world.    "|talonega|2022-02-24 00:15:08.194|0|0|article-is-polarization-in-canada-comparable-to-the-us-not-even-close.json|globemail
"Well, our education system seems a lot less robust than it should be. So many commenters here have no idea about Canadian civics, history or the law.  There were trucker ""protesters"" going on about their ""first amendment"" rights — in other words completely clueless about our Charter and Constitution."|Moseby1|2022-02-24 18:53:15.412|1|0|article-is-polarization-in-canada-comparable-to-the-us-not-even-close.json|globemail
Quite right, and also our other income supports, ie mostly universal health care, etc.|Randall Leigh|2022-02-24 02:20:35.525|1|0|article-is-polarization-in-canada-comparable-to-the-us-not-even-close.json|globemail
Well, the CBC was the only channel I could get that carried the whole debacle, minute by minute. I got my tax dollars' worth. |Randall Leigh|2022-02-24 02:23:48.951|1|0|article-is-polarization-in-canada-comparable-to-the-us-not-even-close.json|globemail
"I agree... is disagreement necessarily ""divisive"" or  a ""wedge issue""? Is telling it like it is ""polarizing""? "|curiousgeorge|2022-02-24 01:03:34.100|1|0|article-is-polarization-in-canada-comparable-to-the-us-not-even-close.json|globemail
I do, I do! |IsabellavalancyC|2022-02-24 15:44:49.900|1|0|article-is-polarization-in-canada-comparable-to-the-us-not-even-close.json|globemail
Try to spend less time focused on USA entertainment, sports, news etc. With all that noise turned down you might come to appreciate Canada,|North Vancouver reader|2022-02-24 03:13:34.737|1|0|article-is-polarization-in-canada-comparable-to-the-us-not-even-close.json|globemail
Too bad it went over your head...I thought it was hilarious. |Mike Risk|2022-02-24 15:42:06.235|1|0|article-is-polarization-in-canada-comparable-to-the-us-not-even-close.json|globemail
I'm sorry: I probably should have added the sarcasm/satire emoticon thingy to my last post, but I can never figure out how to. Most of my students get when I'm joking...my evaluations aren't too bad. |IsabellavalancyC|2022-02-24 05:10:33.637|1|0|article-is-polarization-in-canada-comparable-to-the-us-not-even-close.json|globemail
(Late, so may be duplicative.)   The article makes some very good points, but it should not encourage complacency.  Fox commentators may not have counterparts in Canada, but they and related sources seem transmit across the border to substantial Canadian audiences.  Also, while our ultraconservative factions are not on U.S. scale, they have generated enough force to wreck, at least for the time being, a major Canadian political party.|mumey|2022-02-27 02:51:58.144|0|0|article-is-polarization-in-canada-comparable-to-the-us-not-even-close.json|globemail
