﻿comment|username|datetime|isreply|num_replies|post_id|label
Or the federal government could introduce plans to lift the vaccine mandates and the mandatory testing for travelers.  Given the recent findings that there is little difference in how the vaccinated and unvaccinated people spread the virus and the fact that that the virus is endemic in the country, there does not appear to be a rationale for those policies anymore, assuming there ever was, other than for the government to try and save face.|basket4|2022-02-11 12:18:36.105|0|5|article-enough-is-enough-the-blockades-must-be-brought-to-an-end.json|globemail
Yes the blockade should end but how it ends is what this is about. It is important to remember that we are here because the Trudeau government chose to impose an unnecessary vaccine mandate on truckers crossing the border. The timing for this measure was stupid. After two years of going through the worst of the pandemic and relying on truckers to keep our economy afloat it chose to impose this law as the whole world was starting to wind down restrictions. Truckers have every right to feel insulted and betrayed. It's time for Trudeau to take a knee to truckers, apologize, remove the trucker vaccine mandate and let our country move on. |brookie16|2022-02-11 12:45:58.099|0|3|article-enough-is-enough-the-blockades-must-be-brought-to-an-end.json|globemail
"His words helped him win the election, but then he doubled down and its become his Hilary ""deplorables"" moment. Basically, the PMO got it badly wrong due to their arrogance and the lack of any competent opposition. "|app_69909726|2022-02-11 16:06:18.047|0|2|article-enough-is-enough-the-blockades-must-be-brought-to-an-end.json|globemail
"It is pretty evident that this is not really a protest about COVID19 restrictions and vaccine mandates any more. It is an organized effort - most likely with significant financial and logistical support from US far right groups - to de-stabliize our governments and create as much chaos as possible. It is time to arrest the ringleaders and use as much force as necessary to remove the blockades. Some protesters have said they are willing to ""fight to the death"". Give them their wish."|Mikeitha|2022-02-11 16:38:05.528|0|2|article-enough-is-enough-the-blockades-must-be-brought-to-an-end.json|globemail
Agree To a point Moimeme  Clearly the economy cannot have groups unilaterally shutting down roads , or railways , for that matter. Supplemental. Do you believe all avenues for negotiation have been exhausted ?   |Pause Button|2022-02-11 15:59:16.312|1|2|article-enough-is-enough-the-blockades-must-be-brought-to-an-end.json|globemail
"Enough is enough. The useless COVID measures must be brought to an end in Canada.  Many countries in Europe — including Sweden, Denmark, the U.K., Norway, Ireland and Switzerland — are removing all mandates and restrictions  Our PM and other politicians have painted themselves and Canada into a corner.  They have made COVID restrictions an integral part of their political policy. They did not build in an off ramp and now find it politically impossible to back down. Thy now refuse to announce under what conditions this is all going to end. Hiding behind the word ""health"" without further explanation is extremely offensive.   When is the last time the fully vaccinated PM ha caught COVID.   There is dumb, dumber, and then there is PM Trudeau. "|BC Thoughts|2022-02-11 13:47:15.790|0|2|article-enough-is-enough-the-blockades-must-be-brought-to-an-end.json|globemail
It is time to dismantle restrictions. I loath protests of all kinds but this one is generating a lot of sympathy due to the expensive and foolish restrictions of the federal government.|Reginexile|2022-02-11 13:40:42.083|0|2|article-enough-is-enough-the-blockades-must-be-brought-to-an-end.json|globemail
Trudeau should enact the War Measures Act or as it is now called the Federal Emergencies Act and bring in the Military to remove the Trucks and Arrest any supporters and Confiscate the trucks|Mikky2|2022-02-12 16:15:23.905|0|2|article-enough-is-enough-the-blockades-must-be-brought-to-an-end.json|globemail
Good editorial. We cannot cave in to groups threatening or inflicting harm to  the community if our democratically elected governments don't follow the dictates of the mob. If we do that, we will lose our democracy. The convoys must stop, or be stopped. That's where we're now at. I hope today is the day that this madness ends, or is ended, if not voluntarily, then forcefully.|Moimeme|2022-02-11 12:16:34.691|0|1|article-enough-is-enough-the-blockades-must-be-brought-to-an-end.json|globemail
Seems  that our courts have abrogated their responsibilities in upholding our laws.  Catch and release for criminals.  Not upholding court orders.  Not ensuring timely access to justice.  Allowing the feds to bring in 2/3 sentencing requirements.  Allowing deportation hearings to go on for over 10 years... Making up rules that have nothing to do with the las (Ferry Creek/Teal Jones)  .The list goes on and on and is expanding.  The feds wear some of the blame but the courts should be setting the tone.|BMC9689|2022-02-11 21:07:33.638|0|1|article-enough-is-enough-the-blockades-must-be-brought-to-an-end.json|globemail
You have missed the news that the vaccine doesn’t prevent infection with the virus, it does make symptoms less  severe and cuts the number of hospitalizations, ICU admissions and deaths. I’m sure you are thankful that with three doses, the Prime Minister of Canada and his children did not become seriously ill.  There is dumb, dumber, and then there is BC Thoughts.  |John W.|2022-02-11 15:24:46.813|1|1|article-enough-is-enough-the-blockades-must-be-brought-to-an-end.json|globemail
You know, I could entertain an argument that governments haven't stepped up, often leaving it for the courts to enforce laws, but you seriously think the courts are the problem here?  You know that governments make the laws and the duty of the courts is to apply them, right?|Richard McL|2022-02-12 00:12:36.471|1|1|article-enough-is-enough-the-blockades-must-be-brought-to-an-end.json|globemail
  The blockades on the roads leading to the borders are a Provincial responsibility.  Where's Doug ?  Oh ya he's working out with his daughter.  He wants to try out for the Lingerie Football League.    |GregaryPeckary|2022-02-11 14:42:29.987|0|1|article-enough-is-enough-the-blockades-must-be-brought-to-an-end.json|globemail
"brookie16's comment below is pretty persuasive: ""It is important to remember that we are here because the Trudeau government chose to impose an unnecessary vaccine mandate on truckers crossing the border. The timing for this measure was stupid. After two years of going through the worst of the pandemic and relying on truckers to keep our economy afloat it chose to impose this law as the whole world was starting to wind down restrictions. Truckers have every right to feel insulted and betrayed. It's time for Trudeau to take a knee to truckers, apologize, remove the trucker vaccine mandate and let our country move on."" The other option is for the authorities to make mass arrests that could have very negative unforeseen consequences. This is a very difficult call to make."|Thomas Healy|2022-02-11 14:26:55.671|0|1|article-enough-is-enough-the-blockades-must-be-brought-to-an-end.json|globemail
The Sikh protesters did NOT occupy any cities, they did NOT block bridges and border crossings, and they did NOT blow air horns (which their pickup trucks don't have) in a residential neighborhood all day and night for 2 weeks.  In BC, the Sikh community, in solidarity with the farmers in India, drove through Vancouver in a parade on a weekend afternoon.   There is NO equivalence between the Sikh farmer protests and the current convoy Ottawa occupation and border blockades.  |rocz1|2022-02-11 21:41:39.411|1|1|article-enough-is-enough-the-blockades-must-be-brought-to-an-end.json|globemail
Prime Minister Justin Trudeau, on the occasion of the founder of the Sikh religion’s birthday on Nov. 30, 2020, told a virtual gathering of Sikh Canadians that he stood with the protesting farmers who were protesting by … bringing large trucks into Indian cities.  He said: “I would be remiss if I didn’t start by recognizing the news coming from India about the protest by farmers. The situation is concerning … Let me remind you, Canada will always be there to defend the rights of peaceful protesters. We believe in the process of dialogue … This is a moment for all of us to pull together.”|Nelson100|2022-02-11 20:45:00.589|0|1|article-enough-is-enough-the-blockades-must-be-brought-to-an-end.json|globemail
Enough is enough the unneeded and unneccessary trucker mandate trucker must come to an end. |tinman1957|2022-02-11 16:51:26.612|0|1|article-enough-is-enough-the-blockades-must-be-brought-to-an-end.json|globemail
"Perhaps there is a positive side to this trucker blockade in Ontario.    It may have sensitized the folks in major eastern cities to such demonstrations.    In BC we have suffered through a large number of these demonstrations surrounding pipelines and logging.   They carry on  for many months, cost many millions of dollars in public and private funds and damage the economy.    Hopefully the people who have been inconvenienced in Ontario (and specifically Ottawa) will now have, at the very least, some empathy and understanding for what we have faced.    There has been much talk about ""go fund me"" and the fact that the demonstrators are being supported by others including the US.    Well, the environmental activists that are doing their very best to shut down our resource industries are  financially supported by non Canadians as well.  Just remember that when you hear about our next shutdown."|howieh|2022-02-11 15:11:04.848|0|1|article-enough-is-enough-the-blockades-must-be-brought-to-an-end.json|globemail
The provincial government has finally chosen to act. That's good, even if overdue. . But settling for fines will not be sufficient. On-line funding means that some of these people may see a route to profit from this event, and therefore a profit making proposition for the future. . The people involved need to face jail time. On-line fundraising can't do anything to change a custodial sentence.|OldBanister|2022-02-11 16:35:42.506|0|1|article-enough-is-enough-the-blockades-must-be-brought-to-an-end.json|globemail
Seems like the G&M plays favourites.   It’s editorials (Feb 2020)  regarding pipeline, and train blockades by First Nations and eco-extremists was far more lenient.    Some advice to the woke G&M and leftist PM.   Let’s enforce equal treatment before the law.   The progressive penchant for legal ‘equity’ and favourites will simply inflame resentment and tear the country apart.   We need to get back to first principles which made this country great. |Bryan1031|2022-02-12 03:57:02.354|0|1|article-enough-is-enough-the-blockades-must-be-brought-to-an-end.json|globemail
I thought the US government brought in their vaccine mandates on truckers before Canada did. Am I correct?|jimmymullins|2022-02-11 14:34:09.048|1|1|article-enough-is-enough-the-blockades-must-be-brought-to-an-end.json|globemail
Looking at root causes Canadians really have to step back and look at the way Trudeau governs. As the leader taking the podium and insulting your fellow citizens who don’t agree with the “progressive” viewpoint of this Prime Minister with terms like “racist” and “misogynistic” and stating their views as “unacceptable” has only served to both divide our country and create a level of discontent leading to where we are today. |RondeauGuy|2022-02-12 13:15:34.904|0|1|article-enough-is-enough-the-blockades-must-be-brought-to-an-end.json|globemail
"Canada is behaving like a functional democracy at the moment.  Protests are legal until they are not and that's why the police have started issuing tickets/fines and simultaneously going through courts to trigger removal by orderly means. The delay and financial losses are the price we pay for living in a country with ""peace, order and good government"". "|RMJ1339|2022-02-11 12:23:36.394|0|1|article-enough-is-enough-the-blockades-must-be-brought-to-an-end.json|globemail
"Ford did not act fast enough, if he acted at all. Is he complicit in these activities as his ally Bergen was?  The players in this debacle are some of the police, the Conservatives and the following miscreants:    - James Bauder, an admitted conspiracy theorist who has endorsed QAnon and called Covid-19 “the biggest political scam in history"".  Chris Barber, a Saskatchewan trucker who was fined $14,000 in October for violating provincial public health measures.  Tamara Lich, an activist for the Alberta secessionist Maverick Party.  Benjamin Dichter, who has warned of the “growing Islamization of Canada”  - Pat King an anti-government agitator who has repeatedly called for Trudeau to be arrested.  Organizer Pat King stated that their goals should be ""What we want to focus on is our politicians, their houses, their locations”.  Doug, when your house is on fire when do you act? Do you call a meeting with the town and the fire department? When those trucks blocked the Ambassador bridge those participants should have been arrested immediately.   Something stinks here and it is more than just a few men with trucks."|Expectationzs|2022-02-11 12:23:05.451|0|1|article-enough-is-enough-the-blockades-must-be-brought-to-an-end.json|globemail
I certainly agree with the editorial regarding removing incompetent police officers.  The Ottawa Police Chief most assuredly fits that description.  His ineffective and whimpering presence has undoubtedly hindered efforts to rectify the situation.  The demonstrators know their dealing with a weakling.  As I just pointed out in another post, these demonstrations are the latest problems that have affected Canada.  What about the previous blockades or occupations or blocking of rail lines etc?  Hopefully whatever legal remedy is considered will also address those problems too and remove the presence of 2 tier justice that exists.|StuporDuck|2022-02-13 14:11:38.242|0|1|article-enough-is-enough-the-blockades-must-be-brought-to-an-end.json|globemail
"Blokades are not ""back to the basics"". "|Ric_hard|2022-02-12 12:02:00.616|1|0|article-enough-is-enough-the-blockades-must-be-brought-to-an-end.json|globemail
"The truckers will be stopped by law enforcement soon. In the meantime lets reflect on how we got here. Many Canadians did not have to suffer job losses and loss of income over the last two years. Those that did feel like they have been left behind and forgotten. These protests contain many working class people who want all restrictions removed so that they can earn a living and get back to ""normal"" life. Trudeau is dragging his feet on reopening for a variety of reasons; mostly because they help Trudeau. It is up to us to force his hand and remove these same restrictions. His own caucus has also gone public to state the same idea. We shouldn't need to disparage the people asking for restriction removal. They are standing up for what is right and fair and necessary. "|SittinPretty|2022-02-13 13:37:44.210|0|0|article-enough-is-enough-the-blockades-must-be-brought-to-an-end.json|globemail
The Ottawa mayor and police chief say they need help, they need more police resources. Federal cabinet Minister Bill Blair says they have enough and refuses to send RCMP officers to assist.  Ontario Premier Ford wont even attend meetings with federal and municipal government officials who are trying to coordinate efforts to stop the occupation.  The Ottawa occupation is a well organized and well funded, in part by foreign interests, attack on our democratic institutions. Trudeau needs to send in the RCMP. Ford needs to remember Ottawa is an Ontario city.  What is going on: why won’t they act?!    |Connie446|2022-02-13 19:31:15.485|0|0|article-enough-is-enough-the-blockades-must-be-brought-to-an-end.json|globemail
Dream on.....the thugs are having a great time urinating on the war memorial....SHAME|Aldo16|2022-02-13 14:57:10.907|0|0|article-enough-is-enough-the-blockades-must-be-brought-to-an-end.json|globemail
Absolutely!|Dr. Evil|2022-02-11 17:35:56.105|1|0|article-enough-is-enough-the-blockades-must-be-brought-to-an-end.json|globemail
"Liberals actually have the nerve to spout these types of conspiracy theories, and then accuse others of ""wearing tin hats"" LOL"|Nelson100|2022-02-11 20:45:56.157|1|0|article-enough-is-enough-the-blockades-must-be-brought-to-an-end.json|globemail
Incompetent?????you are complementing him....how about totally useless|Aldo16|2022-02-13 14:58:11.324|1|0|article-enough-is-enough-the-blockades-must-be-brought-to-an-end.json|globemail
"Thanks this cogent argument. Unfortunately many of those participating in these actions are too involved in their own social media algorithms and echo chambers to read, let alone compute what you've said.  I fear the resolution may not end well for those involved, including law enforcement.  There use to be an old joke, ""How do you get 100 drunk and rowdy Canadians out of pool?"" Answer. ""Will everyone please get out of the pool."" Those Canadians still live here and they are losing their patience.   "|app_65672712|2022-02-12 18:16:35.129|0|0|article-enough-is-enough-the-blockades-must-be-brought-to-an-end.json|globemail
Even Ford would disagree. |Ric_hard|2022-02-12 12:02:38.954|1|0|article-enough-is-enough-the-blockades-must-be-brought-to-an-end.json|globemail
Yes Richard, I think they are part of the problem.  Why can protesters break the law with no consequences.  The laws are there.  They are not being enforced.  |BMC9689|2022-02-12 21:54:31.657|1|0|article-enough-is-enough-the-blockades-must-be-brought-to-an-end.json|globemail
In total agreement......|Aldo16|2022-02-13 14:59:19.228|1|0|article-enough-is-enough-the-blockades-must-be-brought-to-an-end.json|globemail
What good would that do when the Premier in charge is gone snowmobiling.|jangm|2022-02-13 03:18:05.273|1|0|article-enough-is-enough-the-blockades-must-be-brought-to-an-end.json|globemail
They did all those things and more.|Nelson100|2022-02-12 02:53:14.505|1|0|article-enough-is-enough-the-blockades-must-be-brought-to-an-end.json|globemail
"The only relevant point is that the blockades are wrong and need to be stopped. I would personally be willing to see more than nasty words used against these ""hooligans"" and ""yahoos"". The complaint against Trudeau is that nasty words are ineffective against those who are  irrational and beyond shame. For some reason you #blameTrudeau for the inappropriate behaviour of others. Nonsense. "|Ric_hard|2022-02-13 11:17:24.795|1|0|article-enough-is-enough-the-blockades-must-be-brought-to-an-end.json|globemail
"It's amazing how quickly ""progressives"" have gone from ""defund the police!"" to ""bring in the police!  LOL"|Nelson100|2022-02-11 21:45:27.920|1|0|article-enough-is-enough-the-blockades-must-be-brought-to-an-end.json|globemail
Excellent point. There’s seems to be no concern about foreign entities like the Rockefeller Foundation or the Growald Family Foundation interference and influence in Canada’s oil and gas industry. Unlike many capitals up to now Ottawa has been relatively immune from large demonstrations. It’s likely Canadians with a variety of causes will stage mass protests in our nations capital. |RondeauGuy|2022-02-12 13:03:01.920|1|0|article-enough-is-enough-the-blockades-must-be-brought-to-an-end.json|globemail
Have you observed the behaviour of these blockheads? Have you listened to them speak? They do not represent the voices of the majority of Canadians. They are an embarrassment to our reputation in the world. Using their macho big rigs will not protect them from the slow careful rule of law. |chondo|2022-02-12 01:29:29.363|1|0|article-enough-is-enough-the-blockades-must-be-brought-to-an-end.json|globemail
Jimmy I think you are correct. Begs the question why Canada thought it wise to reciprocate .. To what end?|Pause Button|2022-02-11 16:02:03.270|1|0|article-enough-is-enough-the-blockades-must-be-brought-to-an-end.json|globemail
"""Do you believe all avenues for negotiation have been exhausted ?"" ____  No democratically elected government can negotiate with terrorists and hostage takers. . Your ship sailed a long time ago."|OldBanister|2022-02-11 16:29:50.817|1|0|article-enough-is-enough-the-blockades-must-be-brought-to-an-end.json|globemail
Do I believe that all avenues for negotiation are exhausted? Yes. Furthermore, negotiate with who? The leaders who demanded parliament be dissolved and they govern instead along with the senate and the Governor General? By any definition, insurrectionists. They have their boots on Canada’s throat and their deluded followers are mobilizing against democratic governments worldwide. Sorry they  don’t get to remove our elected government - they must be removed instead.|grey owl 3|2022-02-11 16:49:15.419|1|0|article-enough-is-enough-the-blockades-must-be-brought-to-an-end.json|globemail
Mandates are being loosened across the country as we speak, yet the besiegers and their trucks stay on.  |MarcoPatry|2022-02-11 12:20:45.503|1|0|article-enough-is-enough-the-blockades-must-be-brought-to-an-end.json|globemail
Sending the message that we govern by minority mob probably isn't a healthy  thing to send. Seize the Trucks, forfeit them to the crown, and move on as the  elected government decides is the democratic method of solving this.   In a democracy, the majority is supposed to set policy, I dont like the liberals nor many of their policies, but they ARE the government and the devil should always be given his due.    |TrulyGobSmacked|2022-02-11 12:23:22.220|1|0|article-enough-is-enough-the-blockades-must-be-brought-to-an-end.json|globemail
What recent findings? While studies are currently undergoing peer review, this has been found to be not even true   https://www.cnbc.com/2022/01/31/the-new-omicron-subvariant-is-more-contagious-but-vaccinated-people-are-less-likely-to-spread-it-study-finds.html  https://www.ctvnews.ca/health/coronavirus/covid-19-booster-dose-helped-neutralize-omicron-study-1.5732693   |RMJ1339|2022-02-11 12:29:47.526|1|0|article-enough-is-enough-the-blockades-must-be-brought-to-an-end.json|globemail
Basket Case,  Even a mild case of COVID-19 can increase a person’s risk of cardiovascular problems for at least a year after diagnosis, a new study1 shows. Researchers found that rates of many conditions, such as heart failure and stroke, were substantially higher in people who had recovered from COVID-19 than in similar people who hadn’t had the disease. What’s more, the risk was elevated even for those who were under 65 years of age and lacked risk factors, such as obesity or diabetes. “It doesn’t matter if you are young or old, it doesn’t matter if you smoked, or you didn’t,” says study co-author Ziyad Al-Aly at Washington University in St. Louis, Missouri, and the chief of research and development for the Veterans Affairs (VA) St. Louis Health Care System. “The risk was there.”   |Expectationzs|2022-02-11 12:46:34.065|1|0|article-enough-is-enough-the-blockades-must-be-brought-to-an-end.json|globemail
"You have to be infected to transmit the virus. A vaccinated person is less likely to be infected in the first place, especially if they've had a booster, so they are less likely to transmit the virus.  The federal government is only responsible for vaccine mandates in federally regulated areas (transportation, etc) and mandates for Canadians and non-Canadians at the border.  No matter what the Canadian government does, unvaccinated Canadian truckers will still not be able to cross the border into the USA because the USA will not allow them in. The blockaders seem not to understand this basic point.  The blockaders at Coutts scoffed when Kenney announced that the vaccine passport would end immediately while the other restrictions would phase out by the end of the month. That was only ""10%"" of what they wanted said one blockader.  Many people here don't seem to realize that these blockaders are demanding that all governments end ALL public health restrictions immediately. They seem to think that the blockaders would go home if the government just got rid of the ones they dislike (eg border testing for Canadians) but kept the ones they like (eg mandates and masks for LTC staff).    "|rocz1|2022-02-11 14:05:42.490|1|0|article-enough-is-enough-the-blockades-must-be-brought-to-an-end.json|globemail
This is utterly Trudeau’s fault|Bryan1031|2022-02-12 03:43:31.235|1|0|article-enough-is-enough-the-blockades-must-be-brought-to-an-end.json|globemail
It is not legal to block major border crossings thereby causing the loss of millions of dollars per day.  Issuing tickets is not a solution: the persons blockading should be arrested and their vehicles impounded.|Bender111|2022-02-11 13:16:43.604|1|0|article-enough-is-enough-the-blockades-must-be-brought-to-an-end.json|globemail
Just an excuse. Not about truckers at all. They were duped. This much, much bigger than that. So don’t bother with simplistic solutions.|John W.|2022-02-11 14:04:59.580|1|0|article-enough-is-enough-the-blockades-must-be-brought-to-an-end.json|globemail
Isn't it time truckers paid for all costs they caused with their unlawful blockade? This is an issue that is separate from the vaccine question.  Besides, truckers, who likely have had up to a dozen vaccines themselves, and their children surely have had in order to attend school (and to safely live to adulthood), are free to refuse vaccines and pass up any work that requires them. However, the vaccines pose virtually no risk so it is difficult to see the basis for their objection. People forget how dire the consequences were before we had vaccines. Even now, many live with permanent disabilities cause by childhood diseases society can now prevent.  I know families whose children suffered terribly with childhood diseases. They still suffer.  As for not liking self-righteous, classist, arrogant government, I hear you, and agree. We can fix that in the future, at the ballot box.|Westerlies44|2022-02-11 14:23:24.216|1|0|article-enough-is-enough-the-blockades-must-be-brought-to-an-end.json|globemail
but this one is generating a lot of sympathy  You wouldn’t know that by reading this paper.  |Fcfrancis|2022-02-11 13:58:47.176|1|0|article-enough-is-enough-the-blockades-must-be-brought-to-an-end.json|globemail
Disagree strongly.|Dr. Evil|2022-02-11 17:36:36.105|1|0|article-enough-is-enough-the-blockades-must-be-brought-to-an-end.json|globemail
Hard no one that. Mob rule would result, our democracy woukd end.  |Moimeme|2022-02-11 14:01:25.744|1|0|article-enough-is-enough-the-blockades-must-be-brought-to-an-end.json|globemail
And as someone who resides in BC, I resent his pretending he represents anyone other than himself with his uber-partisan nonsense.|Richard McL|2022-02-11 16:20:30.064|1|0|article-enough-is-enough-the-blockades-must-be-brought-to-an-end.json|globemail
Several posters are citing Denmark’s example. Have you seen the case counts in Denmark right now? Their death rate? It’s now their highest since the beginning of the pandemic!   And this is happening even though as a nation they are younger and healthier than we are, have much better testing and data capacity, and a much greater hospital capacity than us.  I wouldn’t be so quick to emulate them on what looks like a precipitous opening that will cost them dearly. |app_68531163|2022-02-13 05:19:01.734|1|0|article-enough-is-enough-the-blockades-must-be-brought-to-an-end.json|globemail
It may well be an enormous error to simply let these truckers leave without dire consequences to stop them from ever blocking traffic again.  Everyone I speak with thinks registrations and licenses should be pulled with their return contingent upon payment of fines, posting bonds and undertaking not to block roads on penalty of permanent loss of licenses and registrations, and forfeiture of vehicles. We cannot do any less.|Westerlies44|2022-02-11 14:13:32.188|0|0|article-enough-is-enough-the-blockades-must-be-brought-to-an-end.json|globemail
Trudeau seemed a little late to the game imposing the vaccine passport now.  At the same time, the Minister of Transport claims that the government is considering vaccine passports for interprovincial trucking.   That would really raise the temperature.|Redwineisfine|2022-02-11 15:23:32.770|1|0|article-enough-is-enough-the-blockades-must-be-brought-to-an-end.json|globemail
Bold comment .. incisive.|Pause Button|2022-02-11 15:56:20.725|1|0|article-enough-is-enough-the-blockades-must-be-brought-to-an-end.json|globemail
"auto plants in Southern Ontario will have to close, due to lack of supplies In better days, that would have been ""for lack of"" supplies.  The pervasive use of the adverbial ""due-to"" is a noxious weed choking out plain English. "|Patrick Clare|2022-02-11 14:46:03.600|0|0|article-enough-is-enough-the-blockades-must-be-brought-to-an-end.json|globemail
"Let us do a twofer... End the truckers protest and Fairy Creek in BC at the same time.  Throw them all in jail together for 6 months and let them have some ""friendly"" discussions...Could be a new CBC reality show..."|BMC9689|2022-02-11 15:06:27.056|0|0|article-enough-is-enough-the-blockades-must-be-brought-to-an-end.json|globemail
This whole thing is kind of a sad-funny postscript for the pandemic in Canada.   Government reach exceeded grasp , and the nutcases blew a fuse. and bonus points..Mr Trudeau seemed to go out of his way to antagonize the very people that he previously lauded as heroes. Trudeau made it personal - what a mistake ! So now you have every bored -young -old -with a cause - with out a cause ….all spittin mad. My concern. These folks are tough.  Certainly tougher than the editors at the Globe and Mail. They actually know - how to fight! Cops are reticent to jump in because they know whats coming. Who would blame ‘em. I noticed on the option tree the editors did not consider any climb down on a few government positions … No compromise … Ok.  Don t be surprised by the outcome.        |Pause Button|2022-02-11 15:12:49.717|0|0|article-enough-is-enough-the-blockades-must-be-brought-to-an-end.json|globemail
Doug Ford is worried about the wrath of his Conservative voters in the upcoming election.  If he deals with the occupiers by treating them the same way he treated the dump truck convoy last April, he would lose votes.  I think that both he and Trudeau have mishandled this crisis.  The truckers should lose their vehicle permits if they don’t leave the occupations within 24 hours.  They can return to picket on foot but remove the vehicles blocking Ottawa and the bridges.|Sceptical1|2022-02-11 15:18:00.145|0|0|article-enough-is-enough-the-blockades-must-be-brought-to-an-end.json|globemail
I hope our Prime Minister has learnt a lesson about the importance of language and tone.  During the ‘most important election since 1945’ Trudeau and his political team chose to use vaccinations as a wedge issue, even calling unvaccinated people ‘misogynist and almost always racist’.  It beggars believe that he could make a statement like that and get away with it.  His statement, ‘this is a fringe minority with unacceptable views’ became a rallying cry for ordinary Canadians who feel sidelined by the elites in Ottawa. Once this protest ends and it will, there will be others if the leader of this country continues to demean and vilify Canadians to suit his political goals.  ‘Denier’ is another word that should be put to bed permanently. |Redwineisfine|2022-02-11 15:34:52.205|0|0|article-enough-is-enough-the-blockades-must-be-brought-to-an-end.json|globemail
In the Globe's editorial opinion, at what point does an infringement of civil liberties warrant civil disobedience?  Is the point never reached?  Or is it simply the case we are not there yet on this particular issue?  Or that no-one has adequately articulated what civil liberties are at risk?|Peter642|2022-02-14 17:44:40.018|0|0|article-enough-is-enough-the-blockades-must-be-brought-to-an-end.json|globemail
