﻿comment|username|datetime|isreply|num_replies|post_id|label
It is minor but the opinion piece written by Mr. Alden pegs the damage at $400 million instead of $300 million.  And of course that doesn't include the hardships experienced by those who have been laid off because shipments never arrived.  The PM has invoked the Emergency Measures Act and that is great.  Although it appears that the federal government can supply RCMP officers to the Provinces even without it.  Some provinces are complaining however because it confers other sweeping powers to the federal government.  It implies a lack of trust in the federal government.  I guess it is water under the bridge now(no pun intended) but why did it take so long to do this?  It should have been done the moment the protesters blocked the Alberta crossing as well as this one.  With all due respect to Canada's responses to date, it seems they are continually beaten to the punch.|StuporDuck|2022-02-14 22:55:56.562|0|1|article-windsors-ambassador-bridge-is-open-but-industries-say-it-will-take.json|globemail
Covid lockdown did a lot more damage than this ever will. Woke up everybody!|Was up 2|2022-02-15 00:36:35.528|0|1|article-windsors-ambassador-bridge-is-open-but-industries-say-it-will-take.json|globemail
I suppose it's better late then never.|Bikerman|2022-02-15 03:03:19.771|1|0|article-windsors-ambassador-bridge-is-open-but-industries-say-it-will-take.json|globemail
Oh, I'm sure they will come up with new and innovative ways to rip off the consumers and taxpayers of Canada.|HW01|2022-02-14 23:53:06.740|0|0|article-windsors-ambassador-bridge-is-open-but-industries-say-it-will-take.json|globemail
I guess you mean wake up ???|Bikerman|2022-02-15 03:02:38.440|1|0|article-windsors-ambassador-bridge-is-open-but-industries-say-it-will-take.json|globemail
Like during WW2, one victory started the tide turning so the Emergency Measure should continue to defeat the far right threat facing the country.|Bikerman|2022-02-15 03:02:12.643|0|0|article-windsors-ambassador-bridge-is-open-but-industries-say-it-will-take.json|globemail
$300-million a day! Not including the impact of the blockades at the other sites!  the Armed Forced should have been deployed and encouraged to their jobs earlier in this circus  |Weatherman4|2022-02-15 09:58:27.750|0|0|article-windsors-ambassador-bridge-is-open-but-industries-say-it-will-take.json|globemail
I'm sure there will be requests for a few 100 $million...just to get them back on their feet. Which justin will be granting.....to buy more votes.|john l gee|2022-02-15 11:56:18.684|0|0|article-windsors-ambassador-bridge-is-open-but-industries-say-it-will-take.json|globemail
Ya and the average Canadian is going to take years to recover from Trudeau's lockdown policies that existed before the bridge incident. There is no context from the legacy media.|rgo29|2022-02-16 12:49:44.639|0|0|article-windsors-ambassador-bridge-is-open-but-industries-say-it-will-take.json|globemail
