﻿comment|username|datetime|isreply|num_replies|post_id|label
You’re right Judith. Few of the parks have bouncey castles and are in the centre of a major city. Do you think the provincial parks will soon mandate shower monitors to ensure everyone is keeping clean.|HeavyJetCaptain|2022-02-09 06:22:44.975|1|7|article-roughly-100-kids-living-in-trucks-involved-in-ottawa-convoy-protest.json|globemail
Children are learning first hand what democracy really means--standing up to a government that is taking away our freedoms.  An extremely valuable life lesson.|William Lyon Mackenzie1|2022-02-09 12:50:37.947|0|6|article-roughly-100-kids-living-in-trucks-involved-in-ottawa-convoy-protest.json|globemail
"Well, this is inconvenient for the narrative, so some facts have to be suppressed:  “We’re concerned about cold, we’re concerned about access to sanitation – the ability to shower – there’s a multitude of concerns,” Bell said.  The article suppresses the fact that the protesters brought hot tubs and portable toilets. Obviously, not the same level of quality as one would get at home, but still.  And here it it, only now, twelve days into the protest, and we are hearing about children there. Up to now, the narrative has been that this was a violent mob of white supremacists and neo-Nazi's, intent on overthrowing the government while spewing hate.  On Tuesday, young children in snowsuits were seen playing in the street downtown. Two elementary school-aged children walked around Wellington St., and one wore a Canada flag as a cape.  Parents were seen coming out of a nearby camper hitched to a parked car with a toddler in a stroller. A family-friendly ""Nation's Block Party"" with bouncy castles (another suppressed fact from this article), hot tubs, saunas, porta-potties, singing, dancing, all done by a multi-racial, multi-denominational group utterly destroys the narrative. "|CookeV|2022-02-09 13:03:17.663|0|6|article-roughly-100-kids-living-in-trucks-involved-in-ottawa-convoy-protest.json|globemail
"They aren't ""living in their trucks"" the framing of this is loaded. They are staying in the trucks with their families (who are making an unreal sacrifice to protest for YOUR rights and freedoms). Does the G&M think that truckers don't have homes and that they live in their trucks while working? More disconnect between the middle/working class the administrative/media class. "|EastCoastSkeptic|2022-02-09 15:29:29.218|0|5|article-roughly-100-kids-living-in-trucks-involved-in-ottawa-convoy-protest.json|globemail
Having served this country for 4 decades in uniform I don't need you lecturing me on free countries. What have you done internationally for freedom? That's right. Silence. |Mom'sMoney|2022-02-09 15:02:39.198|1|5|article-roughly-100-kids-living-in-trucks-involved-in-ottawa-convoy-protest.json|globemail
These kids are receiving an immersive lesson in civics and democracy; something that would be of great benefit to Canadians of all political strips.|Tryin' Hard|2022-02-09 16:53:04.731|0|4|article-roughly-100-kids-living-in-trucks-involved-in-ottawa-convoy-protest.json|globemail
  Yesterday Globe opinion writers were advocating a Tiananmen Square solution to these peaceful protest. Remember Waco?|tinman1957|2022-02-09 14:50:25.622|0|4|article-roughly-100-kids-living-in-trucks-involved-in-ottawa-convoy-protest.json|globemail
Now the left-wing totalitarians are going after children. Stalin would be impressed. |Mom'sMoney|2022-02-09 14:06:05.475|0|3|article-roughly-100-kids-living-in-trucks-involved-in-ottawa-convoy-protest.json|globemail
"Roughly 100 kids are living in the trucks idling on the streets of downtown Ottawa during the cold, noisy and prolonged protest that has grabbed hold of the capital, police say.  Wow, the perfect far-right welfare society.......  The parents don't work and get payed by who knows who to stay ""home""/in their pollution spewing trucks, the children don't go to school, no doubt ending up as high-school dropouts and following in their parents footsteps into trucking and sleeping in Walmart parking-lots.  And these are the people that have the full support of the Reform Cons in Ottawa. Unbelievable.  I don't actually blame the truckers for this fiasco(s), they jut do not have the education to know any better. BUT, I do and will lay the blame at the Reform Con door.  Egregious, disingenuous, lying, stupidity ""heavy"" approach only the far-right is capanle of.  . "|Ivan Dobren|2022-02-09 10:30:28.291|0|3|article-roughly-100-kids-living-in-trucks-involved-in-ottawa-convoy-protest.json|globemail
When other terrorists around the world use children as a shield all sides are quick to condemn. If these home grown terrorists had any concern for their children they would take them out of harm’s way and unacceptable living conditions, and  send them to relatives, grandparents, or friends outside, any safe refuge.    |John W.|2022-02-09 13:09:31.169|0|3|article-roughly-100-kids-living-in-trucks-involved-in-ottawa-convoy-protest.json|globemail
Terrorists? Did you just call them terrorists? I guess the propaganda is working huh?|app_67576477|2022-02-09 13:16:55.870|1|3|article-roughly-100-kids-living-in-trucks-involved-in-ottawa-convoy-protest.json|globemail
This is just another way of discrediting the protesters and their legitimate concerns - accuse them of being bad parents. It’s too bad this amount of concern for the children and youth has not been shown throughout the pandemic. Children across Canada, especially ones already disadvantaged, have been very negatively impacted by this pandemic on so many levels - socially, academically, and mentally -  yet this has not been a political issue, and it has not received much attention. But as soon the protesters are involved it suddenly becomes an issue. Children’s voices have not been heard during this pandemic so if their parents want to involve them in this movement who are we to judge.|woman1970|2022-02-09 16:12:01.242|0|3|article-roughly-100-kids-living-in-trucks-involved-in-ottawa-convoy-protest.json|globemail
It took the police 2 weeks to figure this out. Fire Slowly now with no pay.|Toosoon|2022-02-09 08:37:54.605|0|3|article-roughly-100-kids-living-in-trucks-involved-in-ottawa-convoy-protest.json|globemail
Getting desperate now.  Keep at it boys!  Kids are probably having fun, hanging out with their parents and getting to be part of a once in a lifetime experience. Probably getting lots of take out too.|baretta|2022-02-09 02:10:05.291|0|3|article-roughly-100-kids-living-in-trucks-involved-in-ottawa-convoy-protest.json|globemail
We are all soldiers in this war against the pandemic.Soldiers who give up and flee the battle are called deserters, and these people are no better than deserters. I feel nothing but scorn and disgust against them.|one-eighty|2022-02-09 16:48:16.726|0|3|article-roughly-100-kids-living-in-trucks-involved-in-ottawa-convoy-protest.json|globemail
Left-wing totalitarian thinking is on full display in the comment section. This is the left-wing elite for all to see. It is disgusting. |Mom'sMoney|2022-02-09 15:03:35.830|0|3|article-roughly-100-kids-living-in-trucks-involved-in-ottawa-convoy-protest.json|globemail
Human shields |Alison_D|2022-02-09 12:51:24.159|0|3|article-roughly-100-kids-living-in-trucks-involved-in-ottawa-convoy-protest.json|globemail
Oh the poor children of the white nationalist Terrorism front. The authorities have to take them into consideration especially when they are being used as pawns by their “ parents” Shouldn’t that justify their apprehension by the Ministry of Children and Families? Shouldn’t these kids be in school? Otherwise they could grow up uneducated like their parents.|CognitiveDisonnance|2022-02-09 08:06:24.436|0|3|article-roughly-100-kids-living-in-trucks-involved-in-ottawa-convoy-protest.json|globemail
If we actually lived in a totalitarian state, you would likely have been jailed or put to death for comments like this dissenting the autocrats and totalitarians.   You should appreciate that you live in one of the most free countries in the world, your government is democratically elected, the elections aren't rigged, you have access to social media, you can insult the prime minister on social media and consume whatever media you chose.    |Waterfox|2022-02-09 14:41:48.592|1|3|article-roughly-100-kids-living-in-trucks-involved-in-ottawa-convoy-protest.json|globemail
“The site also stinks of diesel fumes from the idling vehicles, smoke from barbecues and campfires lit by demonstrators, and marijuana.”  Hmmmm, can you imagine. Let me guess, the Deputy Chief has never been to a provincial campground during the summer.|HeavyJetCaptain|2022-02-09 05:58:54.480|0|3|article-roughly-100-kids-living-in-trucks-involved-in-ottawa-convoy-protest.json|globemail
How's Greta doing?|M. Grimaldi|2022-02-09 13:54:29.341|1|2|article-roughly-100-kids-living-in-trucks-involved-in-ottawa-convoy-protest.json|globemail
I mean from police or the military. It's becoming a more distinct possibility every day.|Jimbo5|2022-02-09 16:21:28.015|1|2|article-roughly-100-kids-living-in-trucks-involved-in-ottawa-convoy-protest.json|globemail
I see mostly white and Christian (primarily protestant). Toronto is multi-racial and multi-denominational.  This is primarily white !|Flying Dutchman Canada|2022-02-09 13:53:48.892|1|2|article-roughly-100-kids-living-in-trucks-involved-in-ottawa-convoy-protest.json|globemail
Kids get removed from their negigent and abusive parents every year.  Even  Indigenous kids, still. Parents who put kids intentionally in a situation that has the potential to become violent, ie, a long term blockade of the capital city, are irriesponsible in the extreme.  And as another poster pointed out, this is the tactic of fundementalists, such as ISIS.  It is as cowardly as any tactic can be.|Randall Leigh|2022-02-09 17:08:36.544|1|2|article-roughly-100-kids-living-in-trucks-involved-in-ottawa-convoy-protest.json|globemail
"""The children should be removed from the situation for their own safety.""  That was one of the arguments used for creating the residential school system.  How did that turn out?"|Clooneyrox|2022-02-09 14:40:13.769|1|2|article-roughly-100-kids-living-in-trucks-involved-in-ottawa-convoy-protest.json|globemail
No matter what the cause.  So there should be no children at BLM protests? Or is it just some protests that you choose and pick? |Reality77|2022-02-09 17:25:32.961|1|2|article-roughly-100-kids-living-in-trucks-involved-in-ottawa-convoy-protest.json|globemail
Totally agree. Someone should use the funds to make sure all these kids have ear protection. |M. Grimaldi|2022-02-09 04:24:34.662|1|2|article-roughly-100-kids-living-in-trucks-involved-in-ottawa-convoy-protest.json|globemail
For all intents and purposes, these kids are seem to be doing okay.   I strongly disagree with bringing your kids to a protest.  I think it sends the wrong message to them.   That said, at least the parents aren’t using their kids as political shields.  The same can’t be said for the climate commies. |M. Grimaldi|2022-02-09 04:23:57.322|0|2|article-roughly-100-kids-living-in-trucks-involved-in-ottawa-convoy-protest.json|globemail
Children are being indoctrinated by their parents, at an early age, and are being taught that disobeying the law is acceptable. It will not turn out well for them later in life.  |Robert 01|2022-02-09 12:58:20.223|1|2|article-roughly-100-kids-living-in-trucks-involved-in-ottawa-convoy-protest.json|globemail
I imagine their schooling is on hold also.  But it's ok.  They have bouncy castles.|WhistlingInTheDark|2022-02-09 12:43:31.712|0|2|article-roughly-100-kids-living-in-trucks-involved-in-ottawa-convoy-protest.json|globemail
Ottawa police have let us down by not doing their job. However it seems one my one the provinces are dropping mandates so it appears the mob wins. Very sad.|JohnR|2022-02-09 03:20:24.780|0|2|article-roughly-100-kids-living-in-trucks-involved-in-ottawa-convoy-protest.json|globemail
"cooke - you forgot ""... dominated, organized, funded, and sustained by White Supremacist groups."" "|Darryl Williams|2022-02-09 13:20:46.179|1|2|article-roughly-100-kids-living-in-trucks-involved-in-ottawa-convoy-protest.json|globemail
Kind of like in school where kindergarten kids are being taught that they need to question their gender.|app_67576477|2022-02-09 13:19:14.814|1|2|article-roughly-100-kids-living-in-trucks-involved-in-ottawa-convoy-protest.json|globemail
Kids are probably learning more at the protest than they would at school or in front of a screen. |Bovine Scatologist II |2022-02-09 04:59:59.050|0|2|article-roughly-100-kids-living-in-trucks-involved-in-ottawa-convoy-protest.json|globemail
Maybe Trudeau could talk to the kids?|Elllen|2022-02-08 23:08:01.002|0|2|article-roughly-100-kids-living-in-trucks-involved-in-ottawa-convoy-protest.json|globemail
From someone who has lost almost all of their hearing to overexposure to loud noises, please be careful with young ears.  Our ears evolved to be able to hear faint rustlings deep in the forests at night, not blaring airhorns. They are amazing and delicate instruments and we are blessed to have them.  It is a shame not to be able to hear birds, children and social conversation. Very isolating. Don't impose that on your children just to make a point.|Black Swan|2022-02-09 02:58:42.691|0|2|article-roughly-100-kids-living-in-trucks-involved-in-ottawa-convoy-protest.json|globemail
Oh Yeah Democracy is about abusing kids right.? |Jeff ScottWarren|2022-02-09 17:19:24.760|1|2|article-roughly-100-kids-living-in-trucks-involved-in-ottawa-convoy-protest.json|globemail
you funny|george19591|2022-02-09 01:21:59.408|1|2|article-roughly-100-kids-living-in-trucks-involved-in-ottawa-convoy-protest.json|globemail
Cold and poor sanitation are bad enough; I worry about constant exposure to diesel fumes as well. Some might remember the push to remove lead from gasoline decades ago: a major factor in that debate was studies that found lead was inhibiting brain development in children living in urban areas. I know diesel doesn't have lead in it, but...yikes. Wider issue: bringing children to political protests, whatever the cause, is just awful behaviour. At best, protests are potentially volatile situations, but protestors of all stripes and all causes seem to think it's okay to 'weaponize' their offspring. What about their freedom to enjoy the comforts and structure of life at home?|TomVradenburg|2022-02-09 14:40:40.808|0|2|article-roughly-100-kids-living-in-trucks-involved-in-ottawa-convoy-protest.json|globemail
Given the state of public education these days, frankly, I don't think they're missing much.  In fact, over the last couple of years, what we have done to the next generation in our policies around education is shameful.  Primarily the pandemic policies, but also the never ending storm of teaching practices grounded in social justice and not in education. |M. Grimaldi|2022-02-09 13:53:57.600|1|2|article-roughly-100-kids-living-in-trucks-involved-in-ottawa-convoy-protest.json|globemail
These truckers displayed Nazis and confederate flags all across Canada .  Now they don't look like Nazis and racists ?|The Last Honest Conservative|2022-02-09 15:12:01.977|1|2|article-roughly-100-kids-living-in-trucks-involved-in-ottawa-convoy-protest.json|globemail
Liberal heads exploding over this one.  Things don't fit the Trudeau and media narrative. Don't really look like Nazis, racists, terrorists, insurgents etc.  Gasp!  Its Canadian families.  Enough of your gaslighting  Mx Trudeau. |kidspeed|2022-02-09 14:40:03.965|0|2|article-roughly-100-kids-living-in-trucks-involved-in-ottawa-convoy-protest.json|globemail
Great, generation of whack jobs getting their 'education'.....|WINsTON_smith666|2022-02-09 14:49:52.515|0|2|article-roughly-100-kids-living-in-trucks-involved-in-ottawa-convoy-protest.json|globemail
This situation is totally out of control and ridiculous. What kind of parent drags their kids into something like this? If the police aren't willing to do something maybe the Children's Aid Society can. |JohnR|2022-02-09 14:36:48.677|0|2|article-roughly-100-kids-living-in-trucks-involved-in-ottawa-convoy-protest.json|globemail
Sounds like BS from the Liberals to try an make the truckers look bad.|Leroy1234|2022-02-09 01:34:18.486|0|2|article-roughly-100-kids-living-in-trucks-involved-in-ottawa-convoy-protest.json|globemail
Yes, those bouncy castles that are set up are sooo violent and sing O'Canada is horrifying and free food that is being handed out to who ever wants it is just awful....Quick everyone go hide under that rock again. |Dcowan16|2022-02-09 16:08:36.188|1|2|article-roughly-100-kids-living-in-trucks-involved-in-ottawa-convoy-protest.json|globemail
This sedition and occupation is not a peaceful protest and should be ended by ANY means necessary including military force as soon as possible.      |app_72272881|2022-02-09 15:05:37.885|1|2|article-roughly-100-kids-living-in-trucks-involved-in-ottawa-convoy-protest.json|globemail
It's not unusual for protest groups to bring the kiddies with them. They're also used at public hearings where mom or dad speak on behalf of retaining the character of their leafy neighbourhood. For the children!|Sandilou|2022-02-09 02:55:03.776|1|2|article-roughly-100-kids-living-in-trucks-involved-in-ottawa-convoy-protest.json|globemail
"Spoken like a true autocrat! ""Shield children from their parents."" Wow, just wow. I'm assuming with your personality and viewpoints you are childless. Good thing. "|Mom'sMoney|2022-02-09 14:07:14.343|1|2|article-roughly-100-kids-living-in-trucks-involved-in-ottawa-convoy-protest.json|globemail
Have daddy arrested for an illegal blockade and sedition.   Teachable moment for little Johnny!|Flying Dutchman Canada|2022-02-09 12:47:58.146|0|2|article-roughly-100-kids-living-in-trucks-involved-in-ottawa-convoy-protest.json|globemail
"It's not only ""left wing totalitarians"" who oppose this blockade. It's a lot of mainstream Canadians who simply support peace and order in society. Many of them are probably like myself - people who voted Conservative but have had it up to here with these truckers and people like Pierre Poilievre who support them wholeheartedly. I don't know what the future holds, but I can guarantee one thing - the Conservatives will not get my vote again anytime soon. "|xxxyyy|2022-02-09 15:32:51.029|1|2|article-roughly-100-kids-living-in-trucks-involved-in-ottawa-convoy-protest.json|globemail
Far right? Are you sure about that?|app_67576477|2022-02-09 13:20:19.628|1|2|article-roughly-100-kids-living-in-trucks-involved-in-ottawa-convoy-protest.json|globemail
Only with you.  There are two types of anti vaxxers:  con men and suckers|1563896646245|2022-02-09 13:45:14.342|1|2|article-roughly-100-kids-living-in-trucks-involved-in-ottawa-convoy-protest.json|globemail
8 comments in a few hours -- that fact says a lot about the people that post here.  I care about children more than anything else in this world and I know most of you must have similar feelings....why the silence....who are we?  There is so much that is stated in the article that makes having children at this protest completely wrong.  The noise is unhealthy for all people, but children's ears could be permanently damaged. Children need safe and peace homes.  Children need order in their lives.  They shouldn't be exposed to anger and shouting and fireworks constantly.  Then, there's the fact that we know little about children and Covid, especially Long Covid.  We do know most certainly that these are children that are being indoctrinated to whatever level they can understand considering their age.  I suppose that happens in many homes, but in this situation the conditions that they're exposed to could cause confusion and trauma.|Judith M.|2022-02-09 02:25:59.631|0|2|article-roughly-100-kids-living-in-trucks-involved-in-ottawa-convoy-protest.json|globemail
"Buddy, I hate to tell you this but if you think that all the ""remote learning"" that has been going on the last 2 years has been even remotely effective you are wrong, this is doubly so for young children who struggle to sit still for 1 hour, let alone a full day.  spending a couple weeks outside and with their parents is not going to be a gamechanger for them. What will? getting back to school and removing covid restrictions to allow children to participate in extracurricular activities. "|app_70610981|2022-02-09 17:08:24.586|1|2|article-roughly-100-kids-living-in-trucks-involved-in-ottawa-convoy-protest.json|globemail
Using children as human shields is yet another crime and desecration of our flag.|Thinking Ahead|2022-02-09 15:15:10.009|0|2|article-roughly-100-kids-living-in-trucks-involved-in-ottawa-convoy-protest.json|globemail
Neo-Nazi's don't love their children.  Who knew?  Search youtube on 'Hitler home movies'. You might be surprised. |Rank Stranger|2022-02-09 14:02:24.934|1|2|article-roughly-100-kids-living-in-trucks-involved-in-ottawa-convoy-protest.json|globemail
No more indoctrination than many left wingers taking their 5-6-7 yr old to BLM or other leftist riots,burning,tearing down statues....er...I mean...peaceful protests. |john l gee|2022-02-09 11:38:13.491|1|2|article-roughly-100-kids-living-in-trucks-involved-in-ottawa-convoy-protest.json|globemail
Why not send the kids to the front-line of a battle-zone to learn first hand? |zuglo9|2022-02-09 13:06:50.323|1|1|article-roughly-100-kids-living-in-trucks-involved-in-ottawa-convoy-protest.json|globemail
You really should , people that have school age children out of school are bad parents periods. I can tell you that they only thing these protestors really believe in, is the lies that they constantly circulate on covid. They are almost always wrong, they are laughable and they are not good people. |Tinmantwo|2022-02-09 16:49:13.029|1|1|article-roughly-100-kids-living-in-trucks-involved-in-ottawa-convoy-protest.json|globemail
Please indicate any violence other than the masked ANTIFA member in WInnipeg that decided to run over protestors with his SUV|Reality czech|2022-02-09 14:14:10.721|1|1|article-roughly-100-kids-living-in-trucks-involved-in-ottawa-convoy-protest.json|globemail
They're all three-year-olds. |Jazz13man|2022-02-09 15:35:49.486|0|1|article-roughly-100-kids-living-in-trucks-involved-in-ottawa-convoy-protest.json|globemail
If you know that you are way to close to this illegal blockade|Tinmantwo|2022-02-09 16:47:33.359|1|1|article-roughly-100-kids-living-in-trucks-involved-in-ottawa-convoy-protest.json|globemail
What democracy means? Trying to overthrow a democratically elected government by violent means? Some lesson.  |John W.|2022-02-09 13:13:16.217|1|1|article-roughly-100-kids-living-in-trucks-involved-in-ottawa-convoy-protest.json|globemail
??|Canadavisa|2022-02-09 14:47:29.764|1|1|article-roughly-100-kids-living-in-trucks-involved-in-ottawa-convoy-protest.json|globemail
What the heck? Who takes their kids to a truck rally where the possibility of violence hangs in the air.|Jimbo5|2022-02-09 15:33:46.890|0|1|article-roughly-100-kids-living-in-trucks-involved-in-ottawa-convoy-protest.json|globemail
"You ""see"" christian? Pretty sure faith isnt visible"|Reality czech|2022-02-09 14:10:12.096|1|1|article-roughly-100-kids-living-in-trucks-involved-in-ottawa-convoy-protest.json|globemail
Examples of Nazi Flags? There might have been, but the only Nazi symbols I have seen in a picture in the Globe ---I don't watch TV news---consisted of syringes arranged in the form of swastikas in each corner of a  Canadian flag. That rather obviously wasn't a Nazi flag or an expression of sympathy with Nazism but a symbolic comparison  of Canadian vaccination mandates to Nazi forced medical experiments and other coercive policies and thus a symbolic criticism of Canadian vaccination policies. That is a foolish comparison I think, but only the most literal minded could mistake this use of symbolism for an expression of sympathy with Nazism. |BRUCEHUNTER3|2022-02-09 16:21:10.492|1|1|article-roughly-100-kids-living-in-trucks-involved-in-ottawa-convoy-protest.json|globemail
#TimesUp #SlolyDoYourJob 1 - Remove driver from truck, arrest if needed 2 - Drive or tow truck away (alternate driver or City tow vehicle or Military D-8 are all options for this) 3 - Repeat until no more to do.      4 - Sell the forfeited vehicles and use proceeds toward the costs incurred by the City.     |app_72272881|2022-02-09 14:44:51.502|0|1|article-roughly-100-kids-living-in-trucks-involved-in-ottawa-convoy-protest.json|globemail
Well they do want to shut down the Rebel, Rogan, Peterson, Trump, Fox news etc etc etc|S Why|2022-02-09 15:21:47.827|1|1|article-roughly-100-kids-living-in-trucks-involved-in-ottawa-convoy-protest.json|globemail
Justin ....the world is laughing at you. Reading and watching some of the global media there is one thing they have in common .... blaming Trudeau for dividing the nation. They also question his arrogance and lack of understanding how to govern. Who knew the rest of the world would see what a fool of a PM we have.|Jack Bauer|2022-02-09 14:05:21.389|0|1|article-roughly-100-kids-living-in-trucks-involved-in-ottawa-convoy-protest.json|globemail
The children are being used as hostages and human shields and must be removed for their own safety. This is all part of their rationale to keep the fuel and food flowing and portray this as some sort of fun family fair event, which it is not.  I do not think that parents who oppose public health measures and who's judgement is so flawed that they would take children to an event where the decibel level can destroy hearing have any business being parents at all.  The children need to be saved from their parents, who will eventually be charged with criminal offenses and lose their livelihoods. I would think it they cared about their children they would be at work as there are lots of trucking jobs within Canada available.  These children are being indoctrinated and groomed to think that this illegal occupation is somehow about freedom, and not about oppression and tyranny.  One more reason for an intelligent use of our military and peacekeepers to step in and end this. They will squawk about their rights, but when they signed on for treason they gave those rights away.     |app_73140336|2022-02-09 13:42:35.242|0|1|article-roughly-100-kids-living-in-trucks-involved-in-ottawa-convoy-protest.json|globemail
Why not - they terrorize Ottawa and its citizens.  I would go after them sooooooo hard.|Flying Dutchman Canada|2022-02-09 13:49:54.519|1|1|article-roughly-100-kids-living-in-trucks-involved-in-ottawa-convoy-protest.json|globemail
These people are truly evil. Lets add child abuse to the long list of their sins.|sethdayal|2022-02-09 00:45:38.065|1|1|article-roughly-100-kids-living-in-trucks-involved-in-ottawa-convoy-protest.json|globemail
Take the kids away, yeah that'll go over well. Then expect another 40B payout in the future. |S Why|2022-02-09 15:19:19.956|0|1|article-roughly-100-kids-living-in-trucks-involved-in-ottawa-convoy-protest.json|globemail
Oh no, this is the Nation's Porta Potty - the whole thing.|sterretje|2022-02-09 13:32:06.577|1|1|article-roughly-100-kids-living-in-trucks-involved-in-ottawa-convoy-protest.json|globemail
"Funny, I thought learning about democracy would include things like a tour of Parliament, meeting with an MP or Senator, researching and learning about issues from all sides, setting up and running democratic systems in their schools, debating, engaging with the broad community in a positive manner, studying our history, and much, much more. All in a peacefully, respectfully and legally.   Yes, our Charter of Rights and Freedoms does spell out our fundamental freedoms (freedom of conscience and religion; freedom of thought, belief, opinion and expression, including freedom of the press and other media of communication; freedom of peaceful assembly; and freedom of association.)  But it also states that it ""...guarantees the rights and freedoms set out in it subject only to such reasonable limits prescribed by law as can be demonstrably justified in a free and democratic society.""  I suppose we shouldn't be surprised that our rights can easily be misinterpreted when our Charter begins with:  Whereas Canada is founded upon principles that recognize the supremacy of God and the rule of law...."|RTS62|2022-02-09 13:21:54.922|1|1|article-roughly-100-kids-living-in-trucks-involved-in-ottawa-convoy-protest.json|globemail
The article suppresses the fact that the protesters brought hot tubs and portable toilets. Thanks for bringing that up. So all evidence of an occupation. |Bob.McK|2022-02-09 13:26:25.760|1|1|article-roughly-100-kids-living-in-trucks-involved-in-ottawa-convoy-protest.json|globemail
Well that’s the narrative the Ottawa media bought into. And lost freedom just like MLK marching across the Pettis Bridge to Selma singing “We Shall Overcome”.   |John W.|2022-02-09 13:26:07.293|1|1|article-roughly-100-kids-living-in-trucks-involved-in-ottawa-convoy-protest.json|globemail
Another pathetic excuse from the Ottawa Police: there are kids in the convoy. After 11 days, they noticed. They failed the Ottawa community they vow to serve from the beginning, when they believed the truckers’ promise to leave after 3 days. Were they born yesterday?|ml_at_toronto|2022-02-09 15:24:04.058|0|1|article-roughly-100-kids-living-in-trucks-involved-in-ottawa-convoy-protest.json|globemail
and child abuse. |Darryl Williams|2022-02-09 13:21:24.465|1|1|article-roughly-100-kids-living-in-trucks-involved-in-ottawa-convoy-protest.json|globemail
Good thing they arent doing any of those things|Reality czech|2022-02-09 14:19:09.893|1|1|article-roughly-100-kids-living-in-trucks-involved-in-ottawa-convoy-protest.json|globemail
"the government's been duly elected, the regulations represent the clear will of the majority moved through democratic processes -- and do not violate minority rights under the charter.    this tiny minority of tantrum-throwers are not ""free"" to harass, threaten and in some case assault others simple because they think a public safety measure is ""not fair!""  They need to be picked up -- they can flail and scream all they want-- carried up to their rooms and be put to bed."|hangdog|2022-02-09 13:25:43.666|1|1|article-roughly-100-kids-living-in-trucks-involved-in-ottawa-convoy-protest.json|globemail
These kids grow up with a parent who leaves for days at a time to support their family so that those who look down upon truckers at the best of times can get all the things they expect in life. |Tryin' Hard|2022-02-09 16:49:33.090|1|1|article-roughly-100-kids-living-in-trucks-involved-in-ottawa-convoy-protest.json|globemail
The thing is Canada WAS founded upon principles that recognize the supremacy of God and the rule of law but God has been trampled by this government and the rule of law is a point of convenience|Reality czech|2022-02-09 14:18:00.251|1|1|article-roughly-100-kids-living-in-trucks-involved-in-ottawa-convoy-protest.json|globemail
They home school, of course. Given they don't trust public school systems. The one woman who has six kids there said they were put up in a hotel by 'friends' but their camper had all the amenities required, including a wood stove... |RTS62|2022-02-09 12:50:07.867|1|1|article-roughly-100-kids-living-in-trucks-involved-in-ottawa-convoy-protest.json|globemail
Saw this on the news. Wonder what she's qualified to teach them.|MMackinnon|2022-02-09 13:30:09.113|1|1|article-roughly-100-kids-living-in-trucks-involved-in-ottawa-convoy-protest.json|globemail
"""Then, there's the fact that we know little about children and Covid, especially Long Covid."" -----------------------------------------------------------  Actually, we know a lot, and it seems they are not any sicker than with the flu, unlike the geezers (of which I am one). "|app_69608563|2022-02-09 05:02:28.689|1|1|article-roughly-100-kids-living-in-trucks-involved-in-ottawa-convoy-protest.json|globemail
"Remember this is the ""Education is for pansies"" crowd. They already know everything because they read it on the internet....."|Daysofmiracle|2022-02-09 02:46:31.886|0|1|article-roughly-100-kids-living-in-trucks-involved-in-ottawa-convoy-protest.json|globemail
Who cares what they look like? Also, we only know that their are kids there because they are trying to accommodate the kids.  Compare that to the communist climate movements who trot kids out on the front line (ever heard of Greta?)  I suggest Mr RTS that if you want to be taken seriously, you drop the identity garbage.  |M. Grimaldi|2022-02-09 13:51:02.601|1|1|article-roughly-100-kids-living-in-trucks-involved-in-ottawa-convoy-protest.json|globemail
Johnny: “Daddy why can’t I go to school like all the other kids?” Dad:  “Because we are fighting for freedom by camping in Ottawa. We have a right to choose for our bodies!”   Sarah:  “Ok so then we can choose to go to school, get the vaccine, see our friends and learn right? Also it’s really cold outside”  Dad: “Shut up and get in the truck.”  Mom: “You heard your father”  Freedumb. |The jolly hangman|2022-02-09 17:14:27.683|0|1|article-roughly-100-kids-living-in-trucks-involved-in-ottawa-convoy-protest.json|globemail
Tell me again which BLM protests lasted weeks and involved incessant exposure to diesel fumes and 150 dB noise? |Anne Johnson|2022-02-09 17:44:53.580|1|1|article-roughly-100-kids-living-in-trucks-involved-in-ottawa-convoy-protest.json|globemail
Nothing like stereotyping …|Tryin' Hard|2022-02-09 18:15:39.243|1|1|article-roughly-100-kids-living-in-trucks-involved-in-ottawa-convoy-protest.json|globemail
It's hardly the same and you know it.|Judith M.|2022-02-09 06:09:25.059|1|1|article-roughly-100-kids-living-in-trucks-involved-in-ottawa-convoy-protest.json|globemail
Little human shields, good plan.|athome55|2022-02-09 01:43:54.506|0|1|article-roughly-100-kids-living-in-trucks-involved-in-ottawa-convoy-protest.json|globemail
People that sit in that protest with children that should be in school don't seem to be the greatest of parents. Anyone would hide behind children like that is not the best of people. No matter what the cause.|Tinmantwo|2022-02-09 16:41:00.700|0|1|article-roughly-100-kids-living-in-trucks-involved-in-ottawa-convoy-protest.json|globemail
Why aren’t the children in school? These are likely the same people complaining about online school during the pandemic. |MEH55|2022-02-09 17:13:03.174|1|1|article-roughly-100-kids-living-in-trucks-involved-in-ottawa-convoy-protest.json|globemail
May the vulnerable innocent  children lawfully be taken from their grossly negligent, reckless and abusive mothers.  Allowing their children to be used as shields for cowardly ignorant criminal adults demonstrates these women are unfit for the heavy important responsibilities of the sacred role of mother.|DTHB|2022-02-09 16:40:00.856|0|1|article-roughly-100-kids-living-in-trucks-involved-in-ottawa-convoy-protest.json|globemail
You know there are some wars where we should have walked away from. WWI - tens of thousands of Canadian dead all for the geopolitical aims of dying empires all wrapped up in mindless nationalism. Even today after all this time, there are people who defend these losses.  Trouble is that when you are so far into the war, that no leader would say - we need to stop this, because then it would expose all the casualties to-date as  pointless - and so you double down on the narrative and send more into the slaughter - and when people do start to question things, you label it as sedition and move against them. |Reality77|2022-02-09 17:23:58.081|1|1|article-roughly-100-kids-living-in-trucks-involved-in-ottawa-convoy-protest.json|globemail
The children should be removed from the situation for their own safety.  Or there will be a 40 billion dollar lawsuit down the road because we didn't protect the children. Even though it is their own parents who are harming them. |app_73140336|2022-02-09 13:47:33.078|1|1|article-roughly-100-kids-living-in-trucks-involved-in-ottawa-convoy-protest.json|globemail
These are not real truckers. The real truckers are actually working, not shirking.  These people make real truckers look bad, and they don't need any help from the Liberals or anyone else to do that.  I'm not often judgmental, but in this case I can say categorically that the people involved in these blockades and demonstrations are not good people. Their actions are deplorable. Their goals, if they have any, cannot be any better.|Black Swan|2022-02-09 02:54:28.844|1|1|article-roughly-100-kids-living-in-trucks-involved-in-ottawa-convoy-protest.json|globemail
Seriously...no child welfare laws?  No law to be in school? No law 're the best interests of the child?  No enforcement! No court applications by CAS? No media coverage that is central? Where is there kaw? This is abuse and cruelty. |MGladstone|2022-02-09 01:44:52.880|0|1|article-roughly-100-kids-living-in-trucks-involved-in-ottawa-convoy-protest.json|globemail
Their parents, who are responsible for their welfare?|MMackinnon|2022-02-09 13:31:55.867|1|1|article-roughly-100-kids-living-in-trucks-involved-in-ottawa-convoy-protest.json|globemail
A new low for the occupiers, hiding behind children.|Robert 01|2022-02-09 12:32:13.684|0|1|article-roughly-100-kids-living-in-trucks-involved-in-ottawa-convoy-protest.json|globemail
Yes theyre missing out on Gender Reassignment Surgery projects as we speak|Reality czech|2022-02-09 14:25:26.956|1|1|article-roughly-100-kids-living-in-trucks-involved-in-ottawa-convoy-protest.json|globemail
anything right of Xi is Far Right. Its 2022|Reality czech|2022-02-09 14:24:12.810|1|1|article-roughly-100-kids-living-in-trucks-involved-in-ottawa-convoy-protest.json|globemail
Some people know a lot. You are not one of them.  Paediatric hospital admissions shot up with Omicron so it is in fact much worse than the flu.  Children absolutely do get long haul complications.|1563896646245|2022-02-09 13:33:32.976|1|1|article-roughly-100-kids-living-in-trucks-involved-in-ottawa-convoy-protest.json|globemail
It WILL be the welfare society whereas these people are protesting to continue working supllying ingrates as they have for the past two years at their own risk to no extra benefit.  I guess when the pandemic hit they should have demanded double pay and lifetime contracts. They didnt go home and collect six figures like the professional workfare recipients in Ottawa on their couch|Reality czech|2022-02-09 14:23:46.289|1|1|article-roughly-100-kids-living-in-trucks-involved-in-ottawa-convoy-protest.json|globemail
Great parenting, mouth breathers. Hope someone calls CAS |splint|2022-02-09 16:03:29.134|0|1|article-roughly-100-kids-living-in-trucks-involved-in-ottawa-convoy-protest.json|globemail
So says a comfortable, well-salaried (or well-pensioned) smooth-skinned, non-calloused, acceptably nose-breathing resident of the 'Basket of Admirables.' You Deplorables are so infuriating – I'm trying to work at home here in my PJs, and you're disturbing me. Can one of your mouth-breathing brethren get going and deliver my lunch! |THE BOOKMAN1|2022-02-09 17:50:14.587|1|1|article-roughly-100-kids-living-in-trucks-involved-in-ottawa-convoy-protest.json|globemail
Given his disgusting behaviour while working as a teacher, most parents would not allow Trudeau anywhere near their kids. |nrh|2022-02-09 03:32:57.760|1|1|article-roughly-100-kids-living-in-trucks-involved-in-ottawa-convoy-protest.json|globemail
" "" They had their pistols set to white """|GregaryPeckary|2022-02-09 10:37:47.544|1|1|article-roughly-100-kids-living-in-trucks-involved-in-ottawa-convoy-protest.json|globemail
If the kids are of school age and they are being kept out of school, then it's pretty obvious they are not the best parents.|Tinmantwo|2022-02-09 16:41:48.199|1|1|article-roughly-100-kids-living-in-trucks-involved-in-ottawa-convoy-protest.json|globemail
Using your kids as human shields. Smart. I think they did this at Ruby Ridge.  |app_73352546|2022-02-09 01:13:17.835|0|1|article-roughly-100-kids-living-in-trucks-involved-in-ottawa-convoy-protest.json|globemail
Actually, they are using their kids as shields, knowing full well that law enforcement has a duty to protect them. This is all very calculated. Extreme measures by extreme persons holding extreme views. They claim to represent the typical working class Canadian, but they look nor sound anything like me. I actually have very little in common with them except the fact that we are privileged to live in this country.   And you can see the 'climate commies' comment from Grimaldi: this has little to do with mandates, restrictions and vaccines. These people are resistant to any change; defiant of any governance that doesn't suit their individual needs. A homogenous and xenophobic group who try and effect change in the most misguided and destructive ways. These people perhaps represent a slice of Canada. But they don't represent my Canada. |RTS62|2022-02-09 13:06:04.606|1|1|article-roughly-100-kids-living-in-trucks-involved-in-ottawa-convoy-protest.json|globemail
People using children as human shields is a new low I never thought I'd see in my country. |news reader 2020|2022-02-09 15:06:16.615|0|0|article-roughly-100-kids-living-in-trucks-involved-in-ottawa-convoy-protest.json|globemail
Send the tanks down Wellington.  This is Canada's Tiananmen Square moment|yuknon|2022-02-09 17:03:44.827|0|0|article-roughly-100-kids-living-in-trucks-involved-in-ottawa-convoy-protest.json|globemail
Clearly the moderators are on a break again.  Criticize ideas, not people appears to be acceptable again.   |willi-jo|2022-02-09 17:04:58.793|0|0|article-roughly-100-kids-living-in-trucks-involved-in-ottawa-convoy-protest.json|globemail
Pretty soon those who oppose the blockades will include the people who are waiting for spare parts, fresh food and medical supplies to arrive over the Ambassador bridge, |Randall Leigh|2022-02-09 17:14:51.042|1|0|article-roughly-100-kids-living-in-trucks-involved-in-ottawa-convoy-protest.json|globemail
So, are they being abused? Neglected?  If so then I guess social services should do their job and take the kids away.  But since they're not being taken away, then either the kids are not being abused or neglected, or they are being abused or neglected and the social services people are not doing their jobs.|ALBERTA FIRST CDN FEDERALIST|2022-02-09 17:09:28.440|0|0|article-roughly-100-kids-living-in-trucks-involved-in-ottawa-convoy-protest.json|globemail
My sentiments exactly.   |J.L. Granatstein|2022-02-09 16:21:02.700|1|0|article-roughly-100-kids-living-in-trucks-involved-in-ottawa-convoy-protest.json|globemail
No. Civics teaches us to respect democratic decisions and institutions and obey the law. Civics teaches us to attack ideas not people. Civics teaches us that disagreements are handled at the ballot box. In contrast, This teaches children that if your parents tantrum long and hard enough and park the truck illegally, you get to see your parents go to jail. You learn that sometimes parents know less than they should. It teaches them that they need to grow up fast and take care of themselves because Daddy is in jail again and mom had to sell the truck to keep the house. it teaches them that there are people out there who will try and manipulate people and whip up anger and false fear of government control for political gain.  It teaches them that Trump and his supporters north of the border don’t care about Canada, but pretend that they do. A sad, sad lesson. |The jolly hangman|2022-02-10 15:08:05.688|1|0|article-roughly-100-kids-living-in-trucks-involved-in-ottawa-convoy-protest.json|globemail
No.  Using children as human shields IS disgusting.  Criticizing that is NOT disgusting.|PHILCO3|2022-02-09 15:40:44.826|1|0|article-roughly-100-kids-living-in-trucks-involved-in-ottawa-convoy-protest.json|globemail
These so called protestors are really showing how responsible they are. Using their children as shields is not responsible! |wind gypsy|2022-02-09 15:09:18.820|0|0|article-roughly-100-kids-living-in-trucks-involved-in-ottawa-convoy-protest.json|globemail
Feel free to leave anytime.   Oh wait, you can't, the right wing totalitarians are blocking all the exits and access.     It is disgusting.    |app_72272881|2022-02-09 15:22:42.559|1|0|article-roughly-100-kids-living-in-trucks-involved-in-ottawa-convoy-protest.json|globemail
" I see our American republicans are on the scene .. the ""other"" virus spreads "|Mointo|2022-02-09 15:52:43.621|0|0|article-roughly-100-kids-living-in-trucks-involved-in-ottawa-convoy-protest.json|globemail
Keep shining a light on these rats .|The Last Honest Conservative|2022-02-09 14:55:51.857|0|0|article-roughly-100-kids-living-in-trucks-involved-in-ottawa-convoy-protest.json|globemail
Another pathetic excuse from the Ottawa Police after 11 days:  there are children in the convoy. They got suckered before the convoy even arrived: they believed the truckers promise to leave in 3 days. Were they born yesterday?   |ml_at_toronto|2022-02-09 15:14:26.063|0|0|article-roughly-100-kids-living-in-trucks-involved-in-ottawa-convoy-protest.json|globemail
You worry too much.|S Why|2022-02-09 15:19:55.021|1|0|article-roughly-100-kids-living-in-trucks-involved-in-ottawa-convoy-protest.json|globemail
Administrative State options to putdown the protest in Ottawa:   Police   Military  Children's Aid |C. Parsons|2022-02-09 19:01:18.137|0|0|article-roughly-100-kids-living-in-trucks-involved-in-ottawa-convoy-protest.json|globemail
Didn't Trudeau bring one of his kids to a climate protest recently?|Kelli S.|2022-02-09 18:36:51.420|0|0|article-roughly-100-kids-living-in-trucks-involved-in-ottawa-convoy-protest.json|globemail
It’s a cheap political trick to use children as a human shield to gloss over the inadequacy of the movement. Why aren’t these children in school with their peers? Wait another month and it will be March break so this school year is looking like a complete write off. I’m guessing many of these malcontents don’t value education for their children who will miss the lesson on “ conceptual thinking”. I guess many of these children will grow up to be just like their parents. And that is not a good thing. I’m thinking Donald Trump is seeing an opportunity here. |Golf guy3|2022-02-09 18:13:25.233|0|0|article-roughly-100-kids-living-in-trucks-involved-in-ottawa-convoy-protest.json|globemail
You don't seem to know Slowly too well. As he sees it, his job is to call press conferences to say nothing|dunrob|2022-02-09 16:02:39.718|1|0|article-roughly-100-kids-living-in-trucks-involved-in-ottawa-convoy-protest.json|globemail
Oh now I get it, most of these truckers are unemployed and not earning any wages, Their contracts will be gone once the owners of the companies see their company name on doors etc. Truckers don't hire truckers, business people do, and they'll not be pleased having their names bashed. For anyone who thinks that's positive, just do the numbers as to how many DON'T support the foolish convoy. Nice link to shame the convoy www.convoytraitors.ca  |GordJP|2022-02-09 17:52:35.003|0|0|article-roughly-100-kids-living-in-trucks-involved-in-ottawa-convoy-protest.json|globemail
CPC voters in training  !|The Last Honest Conservative|2022-02-09 14:51:27.099|1|0|article-roughly-100-kids-living-in-trucks-involved-in-ottawa-convoy-protest.json|globemail
One can only imagine the kind of thinking these kids are being exposed to on a daily basis being surrounded by these twits day after day. It likely doesn't end when they go home either . . . .|xxxyyy|2022-02-09 15:21:47.820|1|0|article-roughly-100-kids-living-in-trucks-involved-in-ottawa-convoy-protest.json|globemail
Clearly these aren't people who put much stock in things like school and learning.|Agnostic|2022-02-09 17:45:56.238|0|0|article-roughly-100-kids-living-in-trucks-involved-in-ottawa-convoy-protest.json|globemail
'There's no place for the state in the tractor trailors of the nation'|RoseBayNS|2022-02-09 17:34:35.557|0|0|article-roughly-100-kids-living-in-trucks-involved-in-ottawa-convoy-protest.json|globemail
All evidence suggests you are wrong, not that you care about being factual. |EastCoastSkeptic|2022-02-09 15:31:12.855|1|0|article-roughly-100-kids-living-in-trucks-involved-in-ottawa-convoy-protest.json|globemail
Gleeful anticipation of blood being spilled.....vampire.|Callmethey|2022-02-09 16:28:44.836|1|0|article-roughly-100-kids-living-in-trucks-involved-in-ottawa-convoy-protest.json|globemail
Yesterday Globe opinion writers were advocating a Tiananmen Square solution to these peaceful protest. No they weren't. It's one thing to suggest calling out the army to assist the police [which is what was suggested by opinion writers], but no-one was calling for armed soldiers to be out on the streets with live rounds and armour to crush civilians. |xxxyyy|2022-02-09 15:18:00.282|1|0|article-roughly-100-kids-living-in-trucks-involved-in-ottawa-convoy-protest.json|globemail
So are you saying that these people are like the Davidian cult in Waco, Texas who burned themselves alive after shooting government officers dead? Including children. This event inspired Timothy Mcveigh to blow up a federal building killing more children in a daycare Cente. God told him to do it.  Huh that is a very interesting parallel you are making there Tinman. You think they are armed ? |The jolly hangman|2022-02-09 16:47:56.693|1|0|article-roughly-100-kids-living-in-trucks-involved-in-ottawa-convoy-protest.json|globemail
David Koresh murdered those children at Waco. Are you implying that the truckers will order the killing of the children rather than surrender?|Randall Leigh|2022-02-09 17:17:11.985|1|0|article-roughly-100-kids-living-in-trucks-involved-in-ottawa-convoy-protest.json|globemail
You didn’t get the hypocrisy involved in the occupation I see. Try harder. |The jolly hangman|2022-02-10 14:58:37.707|1|0|article-roughly-100-kids-living-in-trucks-involved-in-ottawa-convoy-protest.json|globemail
Your point being?|Ken Erickson|2022-02-11 00:38:17.447|1|0|article-roughly-100-kids-living-in-trucks-involved-in-ottawa-convoy-protest.json|globemail
The kids are learning what it’s like to belong to a right wing political,movement. Lots of time spent in front of the television watching FoxNews and surfing the internet for QAnon wisdom. They’re not getting any lesson on how hard their parents work to afford a $120,000.00 rig either. They’re learning about the dark world of conspiracy theories. Learning an immersive education on how to be the next Ted Cruz or Marjory Taylor Greene. What ever happened to Sarah Palin? She would be so proud. |Golf guy3|2022-02-09 18:18:28.453|1|0|article-roughly-100-kids-living-in-trucks-involved-in-ottawa-convoy-protest.json|globemail
Lol  nice try |Richard Wright|2022-02-09 17:20:08.212|1|0|article-roughly-100-kids-living-in-trucks-involved-in-ottawa-convoy-protest.json|globemail
Can't we take them before they grow and they are like their parents?|cantab86|2022-02-09 16:30:25.094|0|0|article-roughly-100-kids-living-in-trucks-involved-in-ottawa-convoy-protest.json|globemail
What is this “class hatred” you speak of ? We look down on them not because of their job,  but because they are being duped into a selfish cynical ideological scam and they are falling for it. They are Trump suckers. They look down at others who wear masks and follow the rules. So arrogant in their cynicism and ignorance.  Most common sense working families are staying far away from these guys, so exactly who are you talking about?  Some are getting paid by trucking companies to be there. It’s a money scam. |The jolly hangman|2022-02-10 15:33:01.593|1|0|article-roughly-100-kids-living-in-trucks-involved-in-ottawa-convoy-protest.json|globemail
Using children as shields remines of the tactic ISIS used. Another group of fundamentalist believers. |coolman|2022-02-09 16:12:20.449|0|0|article-roughly-100-kids-living-in-trucks-involved-in-ottawa-convoy-protest.json|globemail
“Just another way” to distinguish good parents from not so good parents. We can judge them because they have judged us. They yell at us and call us sheep. They drink and harass  people with masks on the streets of Ottawa, The concerns about mandates are not legitimate. Our actions as a public, a democracy, helped us weather this pandemic and it’s not over. They do this and they betrayed us. They betray all the hard work of health care workers. All the suffering children, and adults alike we have had at home. And For what ? A winter party? A twisted selfish sense of freedom? An ideological paranoia about government control? Now to rub salt in an infected wound, they have the gall to demand the toppling of our government? To meet with the PM? Get bent. Police, army, arrests and charges now.   No more tolerance from those who clearly wish us harm. It’s an occupation, not a protest. |The jolly hangman|2022-02-10 15:21:56.396|1|0|article-roughly-100-kids-living-in-trucks-involved-in-ottawa-convoy-protest.json|globemail
Objectively, inclusion of children in this weeks long occupation is a bad parental choice.  Indeed, developing children have suffered because of the pandemic, but this movement is clearly not about the best interests of children.  Do, at least, be honest.     I would support the CAS removing the children from the site.   And then we can see whether parents prioritize their children or being dupes for the US far right. |Anne Johnson|2022-02-09 17:49:14.453|1|0|article-roughly-100-kids-living-in-trucks-involved-in-ottawa-convoy-protest.json|globemail
You think it just a couple of weeks do you? |The jolly hangman|2022-02-10 15:24:13.670|1|0|article-roughly-100-kids-living-in-trucks-involved-in-ottawa-convoy-protest.json|globemail
Who still has remote learning?  It's all person everywhere as far as I know.  It is Ontario I have kids |Richard Wright|2022-02-09 17:21:30.677|1|0|article-roughly-100-kids-living-in-trucks-involved-in-ottawa-convoy-protest.json|globemail
If they bring in the military this will go south super fast and I hope they know that. Approx 30%of those people are veterans and the rest are truckers, farmer, etc.  they know how to take care of themselves |Kingston63|2022-02-09 16:24:54.457|1|0|article-roughly-100-kids-living-in-trucks-involved-in-ottawa-convoy-protest.json|globemail
More threats ? Interesting. Is there a weapons cache you know about ? |The jolly hangman|2022-02-09 16:35:48.019|1|0|article-roughly-100-kids-living-in-trucks-involved-in-ottawa-convoy-protest.json|globemail
"NOW they want to ""think of the children!"" "|1sttomars|2022-02-09 16:07:36.739|0|0|article-roughly-100-kids-living-in-trucks-involved-in-ottawa-convoy-protest.json|globemail
Don't these kids have to go to school? Schools are open for in-person learning, this restriction has been lifted - (just in case they're not aware of this).|Morris.1|2022-02-09 16:03:58.167|0|0|article-roughly-100-kids-living-in-trucks-involved-in-ottawa-convoy-protest.json|globemail
Spoken like the true 'good person' I'm sure you are! |THE BOOKMAN1|2022-02-09 17:58:27.599|1|0|article-roughly-100-kids-living-in-trucks-involved-in-ottawa-convoy-protest.json|globemail
Bookman1:  A point rather well put. |B2thbda|2022-02-09 18:27:15.114|1|0|article-roughly-100-kids-living-in-trucks-involved-in-ottawa-convoy-protest.json|globemail
He means that all of the adults participating in the blockade are acting like 3 year olds.  Throwing a tantrum, threatening to hold their breath until they die, etc, etc - all the moves typical 3 year olds make when they don't get their way. |Darryl Williams|2022-02-09 17:06:08.949|1|0|article-roughly-100-kids-living-in-trucks-involved-in-ottawa-convoy-protest.json|globemail
Says a lot about the kind of people that this manifestation attracts!|dunrob|2022-02-09 16:01:21.529|0|0|article-roughly-100-kids-living-in-trucks-involved-in-ottawa-convoy-protest.json|globemail
"DTHB:  Why do you name just ""Mother""?  It would seem there are 2 parents there probably for each child.  Why name only 1 parent as being responsible for this deplorable mess of parenting?  "|B2thbda|2022-02-09 18:23:27.161|1|0|article-roughly-100-kids-living-in-trucks-involved-in-ottawa-convoy-protest.json|globemail
Poor kids. Too bad you can’t choose your parents like you can choose to have a vaccine. Why are they not in school? |The jolly hangman|2022-02-09 16:40:07.672|0|0|article-roughly-100-kids-living-in-trucks-involved-in-ottawa-convoy-protest.json|globemail
Where is children's aid? The kids obviously aren't in school or properly cared for.|policycynic1|2022-02-09 16:40:16.888|0|0|article-roughly-100-kids-living-in-trucks-involved-in-ottawa-convoy-protest.json|globemail
Hmmmm,  they've had time to all give each other covid by now...so the hospitals should let the kids in and treat them, and tell the adults to get lost. Gettin really tired of those self important yokels disrespecting other peoples rights. |LG190|2022-02-10 15:32:31.659|1|0|article-roughly-100-kids-living-in-trucks-involved-in-ottawa-convoy-protest.json|globemail
Abuse?  So what's stopping the authorities from stepping in?  100 kids is too overwhelming to handle?|ALBERTA FIRST CDN FEDERALIST|2022-02-09 18:07:40.711|1|0|article-roughly-100-kids-living-in-trucks-involved-in-ottawa-convoy-protest.json|globemail
Copy and paste response from obvious bot accounts. Multiple other accounts saying the exact same thing, no one believes you and no one is falling for it. |EastCoastSkeptic|2022-02-09 15:30:38.853|1|0|article-roughly-100-kids-living-in-trucks-involved-in-ottawa-convoy-protest.json|globemail
You must prove they are evil before using it in an argument.  |Reality77|2022-02-09 17:42:01.684|1|0|article-roughly-100-kids-living-in-trucks-involved-in-ottawa-convoy-protest.json|globemail
Ridiculous hyperbole.|Tryin' Hard|2022-02-09 18:18:01.996|1|0|article-roughly-100-kids-living-in-trucks-involved-in-ottawa-convoy-protest.json|globemail
And you have evidence of abuse or neglect in this case?|Tryin' Hard|2022-02-09 18:17:29.783|1|0|article-roughly-100-kids-living-in-trucks-involved-in-ottawa-convoy-protest.json|globemail
"More ""likely""  because that would reinforce your confirmation bias.  "|Reality77|2022-02-09 17:36:58.667|1|0|article-roughly-100-kids-living-in-trucks-involved-in-ottawa-convoy-protest.json|globemail
Well said. |splint|2022-02-09 17:08:45.557|1|0|article-roughly-100-kids-living-in-trucks-involved-in-ottawa-convoy-protest.json|globemail
They don’t speak for me. I voted. They don’t respect that. They have become the enemy of democracy. |The jolly hangman|2022-02-09 16:37:12.151|1|0|article-roughly-100-kids-living-in-trucks-involved-in-ottawa-convoy-protest.json|globemail
There were BLM protests in Canada ? Why do “Canadians” keep bringing this up? Why are you distracting from the real topic here? |The jolly hangman|2022-02-10 15:10:04.957|1|0|article-roughly-100-kids-living-in-trucks-involved-in-ottawa-convoy-protest.json|globemail
So you have a link to that promise |Kingston63|2022-02-09 16:25:28.302|1|0|article-roughly-100-kids-living-in-trucks-involved-in-ottawa-convoy-protest.json|globemail
"Tell me again which BLM protests lasted weeks and involved incessant exposure to diesel fumes and 150 dB noise?   The Oregonian, Jun. 09, 2021:  Portland After a year of Portland protests, activists see no end in sight  ""Much has changed in the ensuing year. The protests, once more frequent and driven by community marches and wide engagement, have grown more sporadic but also more prone to property damage. Organizers more regularly lead “direct action” events that frequently involve vandalism and fires set on or near buildings.  The protests often involve intense, violent clashes between police and protesters. The Portland Police Bureau, whose officers have been clad in riot gear, have consistently dispersed crowds with force, including batons, tear gas and impact munitions. Protesters, who have geared up with shields, gas masks and helmets, have thrown frozen water bottles, fireworks, rocks and eggs at officers.""  So we'll substitute building fire fumes for diesel fumes and fireworks for horns  You have a blatant bias.  "|Reality77|2022-02-09 19:13:18.854|1|0|article-roughly-100-kids-living-in-trucks-involved-in-ottawa-convoy-protest.json|globemail
They’re doing nothing for rights and freedoms. Give me a break. |splint|2022-02-09 16:04:15.261|1|0|article-roughly-100-kids-living-in-trucks-involved-in-ottawa-convoy-protest.json|globemail
"My rights and freedoms are quite intact.  What delusion to think they're fighting for ""freedom"".  They're not sacrificing anything except their children's well-being."|THE GLOB|2022-02-09 16:22:16.379|1|0|article-roughly-100-kids-living-in-trucks-involved-in-ottawa-convoy-protest.json|globemail
Sorry, ECS, so where are they living?  Kids don't belong here, sleeping in trucks.  They belong at home, hanging out with friends and family and going to school, not sleeping in trucks and hanging out with adults all day.  They have the right to a bed at night that is their's, food in the kitchen, love in a stable environment (not with blaring horns, dope, loud oafs, and hate - and please don't tell me its all peace, love and understanding, it is not).  The protestors are restricting other people's collective rights and freedoms, and are fighting for nothing but their own self-importance.   This is warped, by any standard, and you clearly seem to be the one who is disconnected from reality.  |luv2ski|2022-02-09 16:27:34.732|1|0|article-roughly-100-kids-living-in-trucks-involved-in-ottawa-convoy-protest.json|globemail
I worked underground with diesel equipment for a few decades and there's nothing wrong with my lung!|BMracek|2022-02-09 15:16:28.223|1|0|article-roughly-100-kids-living-in-trucks-involved-in-ottawa-convoy-protest.json|globemail
These children are being used as human shields by the insurrectionists. A red zone in a place under a State of Emergency with no sanitary facilities is obviously no place a child should be and it speaks to the shameful lack of judgement of the insurrectionists. Children's Aid Societies are often quite dysfunctional organizations. Moreover they wouldn't go anywhere near these protesters out of their own safety. If any intervention was needed it would require large scale police intervention with an incredibly hostile crowd. |zuglo9|2022-02-09 13:05:06.021|0|0|article-roughly-100-kids-living-in-trucks-involved-in-ottawa-convoy-protest.json|globemail
Whoever put a kids around and in the trucks are a complete IDIOTS!|Milan Jurjevic|2022-02-09 15:33:30.416|1|0|article-roughly-100-kids-living-in-trucks-involved-in-ottawa-convoy-protest.json|globemail
HJC, the law mandates that parents keep their children clean already.  Provincial parks needn't step up, although if park staff saw cases of neglect they would no doubt alert the authorities.  Whether there are actual cases of neglect at the protest is for CAS to determine, and I am content to wait for the report.  That said, I would never have risked the comfort, safety, and education of my children like this when they were young.  It is possible to provide the necessities of life under these conditions, although difficult and uncertain.  But it isn't possible to predict whether violence may break out.|WhistlingInTheDark|2022-02-09 15:18:17.139|1|0|article-roughly-100-kids-living-in-trucks-involved-in-ottawa-convoy-protest.json|globemail
For all intents and purposes, these kids are seem to be doing okay.   Well they do sell vap pens in Alberta flavoured with Diesel Fuel Exhaust Nicotine.      |GregaryPeckary|2022-02-09 06:38:06.332|1|0|article-roughly-100-kids-living-in-trucks-involved-in-ottawa-convoy-protest.json|globemail
Don't forget to book your physiotherapy appointment Mr. Ambassador. You're twisting yourself into a pretzel to defend people using children as human shields in their protest. |news reader 2020|2022-02-09 15:11:34.277|1|0|article-roughly-100-kids-living-in-trucks-involved-in-ottawa-convoy-protest.json|globemail
I don't know but did they teach you how to be a whiner in grade school  Or maybe you learned how to be a whiner from Theron Fluery.  Theron said that he could see the convoy from space.    |GregaryPeckary|2022-02-09 06:35:00.220|1|0|article-roughly-100-kids-living-in-trucks-involved-in-ottawa-convoy-protest.json|globemail
I don't think sedition, insurgency, lawlessness, and harassment come into the curriculum until High School. So you may be right. |RTS62|2022-02-09 12:53:29.613|1|0|article-roughly-100-kids-living-in-trucks-involved-in-ottawa-convoy-protest.json|globemail
Provincial Parks are about nature, not bouncy castles.  People are looking for peace and safety, not an escapade of following some alt-right crazies.|Judith M.|2022-02-09 07:05:22.287|1|0|article-roughly-100-kids-living-in-trucks-involved-in-ottawa-convoy-protest.json|globemail
Do parks and camgrounds have massive trucks idling and spewing diesel fumes around for everyone, including the children, to breath? |Magnolia|2022-02-09 13:00:17.611|1|0|article-roughly-100-kids-living-in-trucks-involved-in-ottawa-convoy-protest.json|globemail
"How are they ""alt-right""? Seriously, why is anyone who is not a Trudeau supporter considered alt-right now? How has this narrative become acceptable that anyone not supporting LPC, NDP or Green is now a Nazi? Think about that please."|app_67576477|2022-02-09 13:35:10.791|1|0|article-roughly-100-kids-living-in-trucks-involved-in-ottawa-convoy-protest.json|globemail
I suggest you think about it for once in your life.|1563896646245|2022-02-09 13:46:33.869|1|0|article-roughly-100-kids-living-in-trucks-involved-in-ottawa-convoy-protest.json|globemail
The whole adventure was planned and masterminded by extreme right whackos.|On Edge|2022-02-09 13:57:18.249|1|0|article-roughly-100-kids-living-in-trucks-involved-in-ottawa-convoy-protest.json|globemail
Trudeau has nominated Chris Ingvaldson and Ben Levin|Reality czech|2022-02-09 14:29:46.003|1|0|article-roughly-100-kids-living-in-trucks-involved-in-ottawa-convoy-protest.json|globemail
“The site also stinks of diesel fumes from the idling vehicles, smoke from barbecues and campfires lit by demonstrators, and marijuana.”  Don't forget about the stink from all baby bottles rancid with sour milk, donated by  Andrew ( big milk ) Scheer.   |GregaryPeckary|2022-02-09 06:30:43.198|1|0|article-roughly-100-kids-living-in-trucks-involved-in-ottawa-convoy-protest.json|globemail
They didnt go home and collect six figures like the professional workfare recipients in Ottawa on their couch  Who exactly sat on the couch? The  grocery store executives? The bank /insurance company CEOs?  Is that what you had in mind?  . |Ivan Dobren|2022-02-09 15:02:48.496|1|0|article-roughly-100-kids-living-in-trucks-involved-in-ottawa-convoy-protest.json|globemail
I've been to plenty. You're comparing a small generator (used on some campsites) to an 18 wheeler. Ridiculous. |Bob.McK|2022-02-09 13:16:56.626|1|0|article-roughly-100-kids-living-in-trucks-involved-in-ottawa-convoy-protest.json|globemail
I wonder if baby Pierre Poilievre is one of the children ?  Think Baby Yoda.   |GregaryPeckary|2022-02-09 06:25:28.750|0|0|article-roughly-100-kids-living-in-trucks-involved-in-ottawa-convoy-protest.json|globemail
The kids should be in school. People there are protesting the lockdowns. They want their kids in school.  The irony of your username speaks volumes.|app_67576477|2022-02-09 13:33:06.507|1|0|article-roughly-100-kids-living-in-trucks-involved-in-ottawa-convoy-protest.json|globemail
Sounds lie what happened to another group of people|Elllen|2022-02-09 13:45:15.204|1|0|article-roughly-100-kids-living-in-trucks-involved-in-ottawa-convoy-protest.json|globemail
Reality czech:  Hopefully the parents are doing home schooling while there by forcing the kids to question their gender, because that's what makes for Good Citizens. :P|app_67576477|2022-02-09 15:31:25.014|1|0|article-roughly-100-kids-living-in-trucks-involved-in-ottawa-convoy-protest.json|globemail
I don't think it took them two weeks to figure this out, but it gives the Ottawa police yet another excuse for why they are not acting to end this illegal occupation of the city.  Fire Sloly quickly!!|left-leaning|2022-02-09 13:40:25.017|1|0|article-roughly-100-kids-living-in-trucks-involved-in-ottawa-convoy-protest.json|globemail
Yes the lack of competence and street smarts is amazing. |Flying Dutchman Canada|2022-02-09 12:49:07.846|1|0|article-roughly-100-kids-living-in-trucks-involved-in-ottawa-convoy-protest.json|globemail
Incredible. So it's not about the kids at all? |Bob.McK|2022-02-09 13:14:57.786|1|0|article-roughly-100-kids-living-in-trucks-involved-in-ottawa-convoy-protest.json|globemail
Reality czech:  I totally agree and it's a scary prospect.|app_67576477|2022-02-09 15:28:37.322|1|0|article-roughly-100-kids-living-in-trucks-involved-in-ottawa-convoy-protest.json|globemail
Yes. Very sure. |The jolly hangman|2022-02-09 17:03:40.887|1|0|article-roughly-100-kids-living-in-trucks-involved-in-ottawa-convoy-protest.json|globemail
I wonder if the seditionists care at all about the country to use this gradual lifting of measures as a “face-saving” excuse to go home now. Probably not|1533030955135|2022-02-09 12:47:30.444|1|0|article-roughly-100-kids-living-in-trucks-involved-in-ottawa-convoy-protest.json|globemail
It's  like the seditionists are protesting winter.  They know it's going to end.|GregaryPeckary|2022-02-09 06:42:16.881|1|0|article-roughly-100-kids-living-in-trucks-involved-in-ottawa-convoy-protest.json|globemail
Oh my goodness!!!! 10 days of living in a truck with horns and fireworks and bouncy castles after a road trip to our nation's capital? Kids will certainly be traumatized.   Can someone not get these kids some screens to sit in front of??? I hope they are cohorting appropriately and waring mask 8+ hours a day as schools have taught us. As a parent that's what I've been taught to do for these last 2 years.   Meanwhile in QC the Government locks kids up in windowless rooms for 5-10 days... not sure if G&M ever even covered that. |TomPark|2022-02-09 03:02:38.398|0|0|article-roughly-100-kids-living-in-trucks-involved-in-ottawa-convoy-protest.json|globemail
Yes it was.|Callmethey|2022-02-09 16:42:20.936|1|0|article-roughly-100-kids-living-in-trucks-involved-in-ottawa-convoy-protest.json|globemail
Whaaaaat? I'm sorry I can't hear you... I lost my hearing from some truck and train horns that have been blaring non stop. |BGJM|2022-02-09 02:25:26.510|1|0|article-roughly-100-kids-living-in-trucks-involved-in-ottawa-convoy-protest.json|globemail
Atomic blast funny. |Big Guy 2018|2022-02-09 04:54:07.635|1|0|article-roughly-100-kids-living-in-trucks-involved-in-ottawa-convoy-protest.json|globemail
What has your silly comment got to do with the article we're discussing?|Judith M.|2022-02-09 04:24:03.102|1|0|article-roughly-100-kids-living-in-trucks-involved-in-ottawa-convoy-protest.json|globemail
This is why the government child agencies need to get involved.  Its child abuse.|1563896646245|2022-02-09 13:35:07.745|1|0|article-roughly-100-kids-living-in-trucks-involved-in-ottawa-convoy-protest.json|globemail
“Hey little Johnny, want to be part of an occupation?”  ”What’s that?”  ”Hop in the truck, I’ll teach ya.”|StanD21|2022-02-09 01:14:47.133|0|0|article-roughly-100-kids-living-in-trucks-involved-in-ottawa-convoy-protest.json|globemail
Is that your general attitude towards striking workers? Nice...|Callmethey|2022-02-09 16:44:59.045|1|0|article-roughly-100-kids-living-in-trucks-involved-in-ottawa-convoy-protest.json|globemail
You're in denial.  It doesn't take any political party to make this group of truckers and their followers look bad.|Judith M.|2022-02-09 03:49:38.492|1|0|article-roughly-100-kids-living-in-trucks-involved-in-ottawa-convoy-protest.json|globemail
not even close to being comparable, sandilou. |Darryl Williams|2022-02-09 13:28:59.626|1|0|article-roughly-100-kids-living-in-trucks-involved-in-ottawa-convoy-protest.json|globemail
It's one thing to bring your kids to an afternoon protest march and then go home after 3 hours.  The situation in Ottawa is a whole different ballgame.  It could get violent at any moment.  |Ben178|2022-02-09 14:09:00.415|1|0|article-roughly-100-kids-living-in-trucks-involved-in-ottawa-convoy-protest.json|globemail
Dear GM, All good questions.... Why are officials pandering to these people? |Daysofmiracle|2022-02-09 02:41:13.295|1|0|article-roughly-100-kids-living-in-trucks-involved-in-ottawa-convoy-protest.json|globemail
The trouble is, many parents think as you do.  They are not responsible parents and think they don't need to grow up when they have children -- just drag them along as  you continue to live as you like, without considering these children who see their parents as role models.|Judith M.|2022-02-09 02:50:00.308|1|0|article-roughly-100-kids-living-in-trucks-involved-in-ottawa-convoy-protest.json|globemail
Not to mention exposed to f!@# Trudeau signage and pics of him with a noose etc. What fun!|On Edge|2022-02-09 03:33:03.562|1|0|article-roughly-100-kids-living-in-trucks-involved-in-ottawa-convoy-protest.json|globemail
You are obviously not a parent.  The government needs to step in for the safety of the children.|1563896646245|2022-02-09 13:43:48.321|1|0|article-roughly-100-kids-living-in-trucks-involved-in-ottawa-convoy-protest.json|globemail
Some people just should not be parents.|NornIreland|2022-02-09 02:21:52.994|0|0|article-roughly-100-kids-living-in-trucks-involved-in-ottawa-convoy-protest.json|globemail
Since you obviously know so much -  please provide some real data comparing pediatric hospitalizations in Canada during a regular flu season vs omicron.  This article says that 2019/20 flu season saw 370 pediatric admission due to the flu (through Jan 12th, 2020).   What does your data say?   https://www.theglobeandmail.com/life/health-and-fitness/article-as-peak-flu-season-arrives-canadian-hospitals-seeing-higher-than/ |Clooneyrox|2022-02-09 14:33:39.755|1|0|article-roughly-100-kids-living-in-trucks-involved-in-ottawa-convoy-protest.json|globemail
not even close or comparable in magnitude or scale, John. |Darryl Williams|2022-02-09 13:28:31.263|1|0|article-roughly-100-kids-living-in-trucks-involved-in-ottawa-convoy-protest.json|globemail
Hey John.  The boss saw his truck on TV and wants it back.|The Last Honest Conservative|2022-02-09 15:01:29.558|1|0|article-roughly-100-kids-living-in-trucks-involved-in-ottawa-convoy-protest.json|globemail
Bingo!|On Edge|2022-02-09 03:31:42.345|1|0|article-roughly-100-kids-living-in-trucks-involved-in-ottawa-convoy-protest.json|globemail
Not these particular parents.  Are you joking ?|The Last Honest Conservative|2022-02-09 14:57:47.211|1|0|article-roughly-100-kids-living-in-trucks-involved-in-ottawa-convoy-protest.json|globemail
How about child protection?|Expectationzs|2022-02-09 15:03:01.480|1|0|article-roughly-100-kids-living-in-trucks-involved-in-ottawa-convoy-protest.json|globemail
No it wasn't. |The Last Honest Conservative|2022-02-09 14:58:32.933|1|0|article-roughly-100-kids-living-in-trucks-involved-in-ottawa-convoy-protest.json|globemail
I guess the kids would qualify to be Premieres of Ontario.Lots of kids get home schooling Don't know if these kids are and lots of families are living in campers because they can't afford anything else..|Elllen|2022-02-09 13:43:28.904|1|0|article-roughly-100-kids-living-in-trucks-involved-in-ottawa-convoy-protest.json|globemail
Sort of like what the Taliban do.  These occupiers are in good company there.  (/sarcasm). |Ben178|2022-02-09 14:10:00.674|1|0|article-roughly-100-kids-living-in-trucks-involved-in-ottawa-convoy-protest.json|globemail
"Sure, that particular symbol is clearly meant to imply that vaccination policies resemble Nazism. There are plenty of other examples, though -- I've seen photos showing actual Nazi flags, as well flags and graffiti bearing swastikas and SS bolts (plus lots of Confederate and Gadsden flags, which aren't ""Nazi"" per se but certainly don't reflect well on those waving them and their company). I don't know whether the Globe ran them, but they've certainly out there. "|Flipagain|2022-02-09 17:11:47.641|1|0|article-roughly-100-kids-living-in-trucks-involved-in-ottawa-convoy-protest.json|globemail
"I call BS. You would know what ""freedom"" is if you had served our country for 4 decades. "|JF2104|2022-02-09 15:06:26.837|1|0|article-roughly-100-kids-living-in-trucks-involved-in-ottawa-convoy-protest.json|globemail
what are the chronic outcomes of this experimental vaccine? When you cant answer the question you can re-evaluate who the suckers and con men are|Reality czech|2022-02-09 14:07:17.131|1|0|article-roughly-100-kids-living-in-trucks-involved-in-ottawa-convoy-protest.json|globemail
I'm triple vaxxed and so is my wife (a nurse) so try again. I even got astra zeneca for my first shot because it was the only one available.   Wake up and realize that there is something very wrong going on in this country and the LPC is gaslighting for a reason.|app_67576477|2022-02-09 15:20:11.035|1|0|article-roughly-100-kids-living-in-trucks-involved-in-ottawa-convoy-protest.json|globemail
Have you read The Great Reset by Klaus Schwab yet? I suggest you do.|app_67576477|2022-02-09 15:21:12.731|1|0|article-roughly-100-kids-living-in-trucks-involved-in-ottawa-convoy-protest.json|globemail
Some of them are ....caused an intentional fire at the Building.|Milan Jurjevic|2022-02-09 15:35:21.466|1|0|article-roughly-100-kids-living-in-trucks-involved-in-ottawa-convoy-protest.json|globemail
What makes them terrorists?  Noisy honking (an auditory terrorist)?  Spewing diesel fumes into the atmosphere and hastening climate catastrophe (a Gaia terrorist)?  Just want to be on the same page.   |TH16|2022-02-09 13:19:51.188|1|0|article-roughly-100-kids-living-in-trucks-involved-in-ottawa-convoy-protest.json|globemail
Dictionary Definition of terrorism  the unlawful use of violence or threats to intimidate or coerce a civilian population or government, with the goal of furthering political, social, or ideological objectives.|John W.|2022-02-09 14:28:55.253|1|0|article-roughly-100-kids-living-in-trucks-involved-in-ottawa-convoy-protest.json|globemail
The insurrectionists are using the children as human shields against law enforcement and for PR.|Nick Wright|2022-02-09 13:34:36.538|0|0|article-roughly-100-kids-living-in-trucks-involved-in-ottawa-convoy-protest.json|globemail
what nonsense . . . some parents are bad, or do freedom loving folk believe that bad parents should have the freedom to imperil their children? . . .|vitruvius II|2022-02-09 14:47:55.202|1|0|article-roughly-100-kids-living-in-trucks-involved-in-ottawa-convoy-protest.json|globemail
Based on the unhinged vitriol being expressed I would certainly hope that you are childless.|app_69680838|2022-02-09 15:13:01.795|1|0|article-roughly-100-kids-living-in-trucks-involved-in-ottawa-convoy-protest.json|globemail
shrill histrionics Jack . . . try again . . .|vitruvius II|2022-02-09 15:45:52.751|1|0|article-roughly-100-kids-living-in-trucks-involved-in-ottawa-convoy-protest.json|globemail
I'm glad you're not in uniform anymore. |news reader 2020|2022-02-09 15:06:51.454|1|0|article-roughly-100-kids-living-in-trucks-involved-in-ottawa-convoy-protest.json|globemail
That tantrums are acceptable behaviour and a legitimate life goal is to be a useful idiot for far right agitators.  |WhistlingInTheDark|2022-02-09 13:50:49.012|1|0|article-roughly-100-kids-living-in-trucks-involved-in-ottawa-convoy-protest.json|globemail
You seriously disgraced that uniform.  |The Last Honest Conservative|2022-02-09 15:15:49.168|1|0|article-roughly-100-kids-living-in-trucks-involved-in-ottawa-convoy-protest.json|globemail
Ah.  Four decades in uniform.  That explains it.  |Eric Savoy|2022-02-09 15:59:57.422|1|0|article-roughly-100-kids-living-in-trucks-involved-in-ottawa-convoy-protest.json|globemail
Garbage. I don’t think you served. My family servers now. You definitely don’t fit the bill.  No real soldier I have met has such an arrogant and ignorant attitude about democracy.  Or else they are not a soldier for very long. |The jolly hangman|2022-02-09 16:55:02.877|1|0|article-roughly-100-kids-living-in-trucks-involved-in-ottawa-convoy-protest.json|globemail
Mom'sMoney is just angry that the CPC losing election after election after election.  And have such pathetic MPs. |The Last Honest Conservative|2022-02-09 15:20:27.835|1|0|article-roughly-100-kids-living-in-trucks-involved-in-ottawa-convoy-protest.json|globemail
“They” an enemy made up to justify crazy right wing obsession, and violence and now treason and occupation. |The jolly hangman|2022-02-09 16:56:57.580|1|0|article-roughly-100-kids-living-in-trucks-involved-in-ottawa-convoy-protest.json|globemail
If you're having to torque your rhetoric like that, it's evident you have no actual arguments left that haven't been refuted. Hot air dissipates faster than diesel fumes.|TomVradenburg|2022-02-09 14:42:01.334|1|0|article-roughly-100-kids-living-in-trucks-involved-in-ottawa-convoy-protest.json|globemail
deceptaCon|Mgkootenay|2022-02-09 14:46:45.999|1|0|article-roughly-100-kids-living-in-trucks-involved-in-ottawa-convoy-protest.json|globemail
Unfortunately CAS depends on the police to enforce their decisions.|app_69680838|2022-02-09 15:10:05.068|1|0|article-roughly-100-kids-living-in-trucks-involved-in-ottawa-convoy-protest.json|globemail
What do you think is the IQ of these people? Ottawa citizen had a photo of a woman sitting in a truck holding her 4 weeks old newborn and proud of the fact that the eldest of her 9 children could keep the truck going.!!!!!|dunrob|2022-02-09 16:04:55.482|1|0|article-roughly-100-kids-living-in-trucks-involved-in-ottawa-convoy-protest.json|globemail
False. This never happened. |EastCoastSkeptic|2022-02-09 15:31:37.323|1|0|article-roughly-100-kids-living-in-trucks-involved-in-ottawa-convoy-protest.json|globemail
Hi RS:  Disagreeing with a government policy does not make one a neo-Nazi.  Nor does blaming one's kid's (as Trudeau did) for giving one COVID make one a neo-Bolshevik.|CookeV|2022-02-09 17:14:22.956|1|0|article-roughly-100-kids-living-in-trucks-involved-in-ottawa-convoy-protest.json|globemail
Search youtube for Indigenous Foster Children its not a new procedure|Reality czech|2022-02-09 14:09:30.116|1|0|article-roughly-100-kids-living-in-trucks-involved-in-ottawa-convoy-protest.json|globemail
"Hi FDC:  While I cannot ""see"" a person's religion, if you look at all the on-the-ground, non-MSM social media, you will see a very diverse racial makeup of the protesters."|CookeV|2022-02-09 17:10:22.253|1|0|article-roughly-100-kids-living-in-trucks-involved-in-ottawa-convoy-protest.json|globemail
Oh yes it is. |The jolly hangman|2022-02-09 17:01:24.843|1|0|article-roughly-100-kids-living-in-trucks-involved-in-ottawa-convoy-protest.json|globemail
Canada ranks 4th in the world in education according to World Population Report.  Whatever are you talking about?|WhistlingInTheDark|2022-02-09 14:44:31.703|1|0|article-roughly-100-kids-living-in-trucks-involved-in-ottawa-convoy-protest.json|globemail
OECD PISA reports put us right up near the top, next to homogenous city-states like Singapore and social-democratic Scandinavian governments.|MMackinnon|2022-02-09 16:22:56.962|1|0|article-roughly-100-kids-living-in-trucks-involved-in-ottawa-convoy-protest.json|globemail
And grant mommy occasional visiting rights while you're in foster care!|On Edge|2022-02-09 13:51:45.253|1|0|article-roughly-100-kids-living-in-trucks-involved-in-ottawa-convoy-protest.json|globemail
We should ask the bloc what they think about that|S Why|2022-02-09 15:28:27.244|1|0|article-roughly-100-kids-living-in-trucks-involved-in-ottawa-convoy-protest.json|globemail
I'm on the left and I don't like that either.  Can we agree that both are wrong?|Ben178|2022-02-09 14:14:27.870|1|0|article-roughly-100-kids-living-in-trucks-involved-in-ottawa-convoy-protest.json|globemail
"100% I agree that indoctrinating your kids into an ideology is wrong, no matter the side. I believe the kids should be taught to question what is happening and why it is happening. The media and politicians portrayal of this situation has me and my kids asking a lot of questions.  The footage I have seen that is live streamed from the area is not matching what the media is saying. That makes me quite nervous, especially considering the payments that were made to the media to support ""unbiased reporting"".  I'm jealous of my co-worker who lives in Ottawa because he has the ability to go see for himself and develop his own opinion that is not swayed by the nonsense the media and politicians are pushing.   "|app_67576477|2022-02-09 15:26:58.235|1|0|article-roughly-100-kids-living-in-trucks-involved-in-ottawa-convoy-protest.json|globemail
what law are they disobeying? The right to protest is a RESPONSIBILITY of citizenship. WE may one day actually have a LEADER instead of a globalist milquetoast|Reality czech|2022-02-09 14:13:17.888|1|0|article-roughly-100-kids-living-in-trucks-involved-in-ottawa-convoy-protest.json|globemail
women first|S Why|2022-02-09 15:26:53.720|1|0|article-roughly-100-kids-living-in-trucks-involved-in-ottawa-convoy-protest.json|globemail
"Sigh...trying to create an alternative truth?  ""On Saturday [Constable] Carver said he couldn't speak to the driver's motivations for allegedly striking the protesters, but said the driver had blurted out statements that made police think it wasn't about pandemic-related mandates.""  As far as I know you are the only one claiming the assailant was masked, and where's your evidence that a 42 year old from Headingley, Manitoba is a member of that loosely affiliated group Antifa?"|Michael P.1|2022-02-09 14:47:44.838|1|0|article-roughly-100-kids-living-in-trucks-involved-in-ottawa-convoy-protest.json|globemail
A civics lesson on what the Charter actually says would be better.  To my way of thinking, the only lesson they will take from this is that tantrums are appropriate behaviour.|WhistlingInTheDark|2022-02-09 13:16:07.776|1|0|article-roughly-100-kids-living-in-trucks-involved-in-ottawa-convoy-protest.json|globemail
Imaginary entities cannot be trampled, and the rule of law is clearly a point of convenience for you. |chgraham|2022-02-09 15:52:02.665|1|0|article-roughly-100-kids-living-in-trucks-involved-in-ottawa-convoy-protest.json|globemail
Take off the blinders, multiple reports of people, particularly the elderly and women, being harassed for wearing masks and of at least one person being subjected to ethnic slurs for wearing a mask before being pushed to the ground.  Not representative of all protestors, but stop denying that there are these elements among the protestors.|Michael P.1|2022-02-09 14:52:50.729|1|0|article-roughly-100-kids-living-in-trucks-involved-in-ottawa-convoy-protest.json|globemail
I heard that they are actually using the kids as weapons and shooting them out of kid cannons at anyone not wearing a mask. Did you hear that G&M? I expect an article on this _fact_!!!|app_67576477|2022-02-09 13:18:26.155|1|0|article-roughly-100-kids-living-in-trucks-involved-in-ottawa-convoy-protest.json|globemail
I saw a video where they were using kids as firewood to keep themselves warm. |app_67576477|2022-02-09 15:22:22.193|1|0|article-roughly-100-kids-living-in-trucks-involved-in-ottawa-convoy-protest.json|globemail
Who cares....|Alberta Brooksy|2022-02-09 15:09:46.637|1|0|article-roughly-100-kids-living-in-trucks-involved-in-ottawa-convoy-protest.json|globemail
I suspect that these people that are exposing their children to danger would be quite comfortable daemonizing Greta Thurnberg, not having the integrity or intellectual capacity to promote their ideas peacefully they stoop to abusing children.|app_69680838|2022-02-09 15:17:05.065|1|0|article-roughly-100-kids-living-in-trucks-involved-in-ottawa-convoy-protest.json|globemail
like the POC4FreedomConvoy people?|Reality czech|2022-02-09 14:08:20.210|1|0|article-roughly-100-kids-living-in-trucks-involved-in-ottawa-convoy-protest.json|globemail
Hi Darryl:  I didn't include that smear since it had already been thorough debunked by the very multi-racial nature of the protest.  There was one hilarious social media post of a black protester being accused of being a white supremacist!|CookeV|2022-02-09 17:02:31.094|1|0|article-roughly-100-kids-living-in-trucks-involved-in-ottawa-convoy-protest.json|globemail
I’m talking about the fraudulent use of the word “freedom” by the protesters. They have lots of freedom and no one is taking it away. This is not some kind of 60’s civil rights protest.  |John W.|2022-02-09 20:08:41.051|1|0|article-roughly-100-kids-living-in-trucks-involved-in-ottawa-convoy-protest.json|globemail
Hi Bob:  As is every protest that lasts more than a day, such as the BLM, Indigenous and (in a rare display of truthful intent) Occupy Wall Street protests.  Protesters bringing porta-potties and cleaning up after themselves is a good thing, after all.  Unlike some so-called friends of the environment at their protests:  In addition to law enforcement, our Members have regularly removed hundreds of thousands of pounds of refuse and garbage — including feces and other biohazards — left behind by the protestors, who claim to be environmentalists, including 20,000 lbs in a single day.  https://www.newswire.ca/news-releases/new-bc-wide-survey-finds-significant-majority-of-british-columbians-support-rcmp-enforcement-of-fairy-creek-injunction-870343588.html |CookeV|2022-02-09 17:08:38.864|1|0|article-roughly-100-kids-living-in-trucks-involved-in-ottawa-convoy-protest.json|globemail
6 years running|Reality czech|2022-02-09 14:10:24.737|1|0|article-roughly-100-kids-living-in-trucks-involved-in-ottawa-convoy-protest.json|globemail
What kind of “Christian” pastor preaches sedition ? That is seriously messed up. |The jolly hangman|2022-02-10 14:55:23.861|0|0|article-roughly-100-kids-living-in-trucks-involved-in-ottawa-convoy-protest.json|globemail
