﻿comment|username|datetime|isreply|num_replies|post_id|label
Quite happy with the way things are going in Canada, thank you.  If you don't like it, first realize you are in the minority 10%, then go buy a map of the world and figure out where you would like to move to.|DarwinBeard|2022-02-15 13:52:25.843|1|10|article-data-leak-reveals-canadians-americans-donated-millions-to-fund-convoy.json|globemail
Good work G&M.  You've named a few individuals and their companies. A full list coming soon would be appreciated.  I think many Canadians would like to know who is funding and therefore manipulating the hard right movement in this country.  |Proudfoot5960|2022-02-15 13:18:36.957|0|7|article-data-leak-reveals-canadians-americans-donated-millions-to-fund-convoy.json|globemail
Most Canadians and Americans still believe in individual freedom. |HW01|2022-02-15 13:54:12.891|0|6|article-data-leak-reveals-canadians-americans-donated-millions-to-fund-convoy.json|globemail
The article says:  Hackers targeted the platform on the weekend, replacing the website with a video addressed to “GiveSendGo grifters and hatriots” and linking to a spreadsheet containing data on 92,844 donations to the convoy’s official fundraiser.  This means that the G&M is explicitly aware that the data contained in that spreadsheet was the result of an unauthorized data hack.  Yet, the G&M then goes on to say:  One Canadian donor, Brad Howland of Easy-Kleen Pressure Systems in Sussex Corner, N.B., confirmed that he had given $75,000 to the fundraiser.  So the G&M just revealed the private financial information for a Canadian from data that it knows originated from an unauthorized hack.  Did the G&M just break one or more privacy laws by publishing this data?|CookeV|2022-02-15 13:31:19.923|0|5|article-data-leak-reveals-canadians-americans-donated-millions-to-fund-convoy.json|globemail
Chinese billionaires donated to the Justin Trudeau Liberals and we hear the sound of crickets from the Canadian Press.|Chris Lalonde 3.0|2022-02-15 13:36:50.436|0|5|article-data-leak-reveals-canadians-americans-donated-millions-to-fund-convoy.json|globemail
So you are saying any evidence of Canadians donating money to BLM in the US delegitimizes it as an organization ? Just trying to understand|Kinkamania|2022-02-15 19:05:22.089|1|5|article-data-leak-reveals-canadians-americans-donated-millions-to-fund-convoy.json|globemail
Trudeau was elected by 21% of eligible voters and lost the popular vote to the conservatives. As a minority government do you not think he should at least listen to and consider minority views? If not why should we listen to him?   He holds power thanks to the New Democratic Party, the party of the working man, the downtrodden and the underprevilidged.........thats a laugh.|norvan goldcard|2022-02-15 16:44:34.811|1|4|article-data-leak-reveals-canadians-americans-donated-millions-to-fund-convoy.json|globemail
And here I thought the backwoods survivalists in Kentucky and the occasional contributor to FOX were lunatics. But when you look at how mainstream Canadian media has become a lapdog for the Liberals, how Banks will arbitrarily seize/freeze funds of individuals, makes you wonder....Let`s see, who else in history never garnered more than 32% of popular voting support, but usurped power in a coalition by assuming full direct control of state police....Nah, could never happen here....|SWIZ3|2022-02-15 13:13:22.646|0|4|article-data-leak-reveals-canadians-americans-donated-millions-to-fund-convoy.json|globemail
"The hack also revealed messages that accompanied the donations, including more than 13,000 references to ""God"" or ""Jesus,"" according to an analysis by Vice magazine.  For many inside the Freedom Convoy, faith fuels the resistance  Some protesters say they went to Ottawa on God's instruction  Jorge Barrera · CBC News · Posted: Feb 15, 2022 4:00 AM ET | Last Updated: 1 hour ago  It's unclear how many of the roughly 4,000 people who gathered in the Parliament precinct this past weekend call themselves Christians, but the biblical references were everywhere — in the hand-made placards lining the stone and iron fence at the border of Parliament Hill reading, ""We are praying for Justin [Trudeau],"" quoting parts of Psalm 23 or paraphrasing 1 Corinthians 1:27 in the New Testament:  We might not agree with the protesters but it would be incorrect to label all of them as Right Wing Barbarians.  Why does the Globe and other media outlets not report more of the news?   "|BC Thoughts|2022-02-15 14:41:39.548|0|4|article-data-leak-reveals-canadians-americans-donated-millions-to-fund-convoy.json|globemail
The US disease of extreme partisanship has metastasized in Canada and will no doubt spread, chewing through key organs that keep our society healthy and connected. It is interesting that the US is a vector for this through direct dollars.|Steven Forth|2022-02-15 16:14:35.583|0|4|article-data-leak-reveals-canadians-americans-donated-millions-to-fund-convoy.json|globemail
56% of the donations are from Americans.  A very telling figure.  |Fralick56|2022-02-15 13:08:30.153|0|4|article-data-leak-reveals-canadians-americans-donated-millions-to-fund-convoy.json|globemail
Could one person tell me what individual rights are being violated by wearing a mask? Most of the people I know are too cheap to go to a restaurant.  Personally I think it's too much mandating vaccine passports and vaccines for all. Health care workers yes. But wearing masks yes. So what rights are you missing? |Saltspringer|2022-02-15 15:32:00.033|0|4|article-data-leak-reveals-canadians-americans-donated-millions-to-fund-convoy.json|globemail
Brad Howland since you are blessed enough to support a movement that took my freedom away to work as I was laid off do to the trucker blockade. Can you send $10,000 to the Mental Health Association of Canada as I will not be able to donate. Thanks |JamesGG|2022-02-15 12:38:32.246|0|3|article-data-leak-reveals-canadians-americans-donated-millions-to-fund-convoy.json|globemail
They don’t work.   That’s what your missing.|in-my-view|2022-02-15 15:51:08.444|1|3|article-data-leak-reveals-canadians-americans-donated-millions-to-fund-convoy.json|globemail
You have no idea the kind of totalitarian state you’re advocating for. |M. Grimaldi|2022-02-15 14:42:47.241|1|3|article-data-leak-reveals-canadians-americans-donated-millions-to-fund-convoy.json|globemail
"Canadians accepted vaccine mandates in the 1950's to fight polio. 90% of us think it is as small a price to pay for public health and safety as the drivers testing and licensing you had to undertake to drive your truck. You are licensed, or are you one of the ""free man on the land"" types?  You could have continued work inside Canada as inter-provincial mandates were discussed but never implemented. Unemployment is your choice."|ZayWhat|2022-02-15 13:56:40.162|1|3|article-data-leak-reveals-canadians-americans-donated-millions-to-fund-convoy.json|globemail
Please, publish the names.  I want to ensure I never, ever do business with any of the supporters.  |MONTAG|2022-02-15 13:10:04.517|0|3|article-data-leak-reveals-canadians-americans-donated-millions-to-fund-convoy.json|globemail
How are you paying for that?|Craig Stewart|2022-02-15 16:41:18.597|1|3|article-data-leak-reveals-canadians-americans-donated-millions-to-fund-convoy.json|globemail
Many people feel that Trudeau made a huge mistake by demonizing the protesters.   Not all of the protesters were anti vax, many were vaccinated people. Many opposed the direction that our PM has gone in creating division within the country, trying to create special interest groups that will support him.   I think that our PM has forgotten that Canada is an inclusive society.  He needs a reminder that those that do not agree with him are not automatically the mortal enemies of Canada.  We reap what we sow. |BC Thoughts|2022-02-15 12:54:41.876|0|3|article-data-leak-reveals-canadians-americans-donated-millions-to-fund-convoy.json|globemail
It is also interesting how the entire national security establishment in this country ( from CSIS on down) has been goaded by the CIA into being obsessed with China, as if China, halfway around the world, is any kind of existential threat to Canada.  As CSIS has its agents checking and following Chinese-Canadian professors across Canada, right-wing-funded anarchists have flourished and are now entrenched in downtown Ottawa, blocks from CSIS headquarters.   Of course, it's easier to justify chasing the evil, nasty foreigners,  than to confront the angry white guys in the F-150s who are actually demanding the overthrow of our elected govt. |PHILCO3|2022-02-15 16:57:42.156|1|2|article-data-leak-reveals-canadians-americans-donated-millions-to-fund-convoy.json|globemail
Was it Americans or Canadians living or vacationing in the U.S. who made those donations?  Until you can clarity that, the numbers mean nothing!|kbaumgart|2022-02-15 16:06:01.429|0|2|article-data-leak-reveals-canadians-americans-donated-millions-to-fund-convoy.json|globemail
The United States is a foreign country, try not to spin your convoluted logic to the rest of us.|app_69395153|2022-02-15 17:55:44.171|1|2|article-data-leak-reveals-canadians-americans-donated-millions-to-fund-convoy.json|globemail
Please, publish the names. I want to ensure I never FAIL to do business with any of the supporters.|Chris Lalonde 3.0|2022-02-15 13:38:08.205|1|2|article-data-leak-reveals-canadians-americans-donated-millions-to-fund-convoy.json|globemail
An ethical hack, as far as I'm concerned.|Richard McL|2022-02-15 14:28:18.989|1|2|article-data-leak-reveals-canadians-americans-donated-millions-to-fund-convoy.json|globemail
Those who identify with the Ottawa truckers as a peaceful protest will now be shocked at the measures that can be put into play against them: freezing bank accounts, seizing assets and tracing funding. However, these kinds of measures are in play against illegal activity now, and at some point this protest crossed a line into illegal activity: occupying the city of Ottawa and disturbing the peace, blocking key trade routes, and even stashing weapons for a potential confrontation. Yes, we can hear the bleating now. If the perpetrators were upset at having to wear a cloth mask, imagine how their ‘freedom paranoia’ will play out with these measures brought into play. The general public should understand that there is a process through which these measures have been brought into play, and any reasonable person would look at recent events and agree they are warranted.|Rank Stranger|2022-02-15 14:30:41.447|0|2|article-data-leak-reveals-canadians-americans-donated-millions-to-fund-convoy.json|globemail
I find the convoys and their actions obscene. |Rank Stranger|2022-02-15 14:31:55.498|1|2|article-data-leak-reveals-canadians-americans-donated-millions-to-fund-convoy.json|globemail
MOST OF THE MONEY CAME FROM CANADIANS! This alone was probably enough to fund the whole shebang if it had gotten to the convoys. They didn't get the money and yet, they are there. Trudeau caused this through insult and this paper's opinion makers seem happy reenforcing the message. Does anybody here find this obscene?|app_69614698|2022-02-15 14:17:15.492|0|2|article-data-leak-reveals-canadians-americans-donated-millions-to-fund-convoy.json|globemail
It would still be better than what the left is doing. Oh ya, you do not care about your rights.|Stacy60|2022-02-15 13:28:27.999|1|2|article-data-leak-reveals-canadians-americans-donated-millions-to-fund-convoy.json|globemail
I see the Globe has struggle with how to title this, a lot of loud ideological complexes I guess.   Here’s a simple title.   “Canadians the largest donor to the trucker convoy” |M. Grimaldi|2022-02-15 14:42:08.422|0|2|article-data-leak-reveals-canadians-americans-donated-millions-to-fund-convoy.json|globemail
"If The Globe itself was unable to conclusively determine donors’ geographical locations, on what evidence was Prof. Carvin basing her claims?  Are we assuming  e-mail addresses pointing to Canadian farms, a gun range, and companies in the resource sector indicate ""Islamophobic and anti-Semitic views” ?  Have I misstated this incredible bias in this article?"|Peter642|2022-02-15 15:56:25.986|0|2|article-data-leak-reveals-canadians-americans-donated-millions-to-fund-convoy.json|globemail
It's official, we have an AUTHORITARIAN Gov't in CANADA:   1) Regulation of our personal BANK Accounts; 2)( Collecting private Donor information in an effort to classify citizens and  American (er, SNOWBIRDs) as anti-Canadian/possible terrorists'; and, 3) SPYING on CANADIANS by tracking phone movement for the past 2 years.without notice.   |keenrs|2022-02-15 22:21:06.429|0|2|article-data-leak-reveals-canadians-americans-donated-millions-to-fund-convoy.json|globemail
"""Nayib Bukele, the president of El Salvador, said on Sunday the crisis in Ukraine is just a distraction, while the “real war” of interest to free people around the world is being fought over authoritarian coronavirus mandates in Europe, Canada, and the United States. ""The real war is not in Ukraine, it’s in Canada, Australia, France, Brussels, England, Germany, Italy… They just want you to look the other way."" realnews45.com/el-salvador-president-on-ukraine-the-real-war-is-in-canada/ "|Ratiocinator|2022-02-15 22:00:51.961|0|2|article-data-leak-reveals-canadians-americans-donated-millions-to-fund-convoy.json|globemail
The donations show that a lot of people worldwide supported the Truckers convoy protest.|GMO4|2022-02-15 21:36:27.505|0|2|article-data-leak-reveals-canadians-americans-donated-millions-to-fund-convoy.json|globemail
Most of the press is ideological aligned with the Chinese state. |M. Grimaldi|2022-02-15 14:43:17.026|1|2|article-data-leak-reveals-canadians-americans-donated-millions-to-fund-convoy.json|globemail
Yes, you have. You have read in your own biases. The article was an attempt to report a complex set of facts. But whenever possible, redirect, right?|Steven Forth|2022-02-15 16:15:57.035|1|2|article-data-leak-reveals-canadians-americans-donated-millions-to-fund-convoy.json|globemail
"So Mark Carney, after reading your article from last week - this is what you mean by ""foreign money"" - donations, the vast majority of which are under $1,000 - from like minded citizens of a functioning democracy, located directly south of us, with which we share the worlds longest undefended border, international trade, five eyes intelligence, NATO participation, . . .  ? That ""foreign money ? Where is all that funding from countries wanting to tear down our democracy. You know, Russia, China, Iran, etc.  What a joke."|Kinkamania|2022-02-15 17:35:18.097|0|2|article-data-leak-reveals-canadians-americans-donated-millions-to-fund-convoy.json|globemail
If the enviros show up with a truck full of 2000 guns and demand the government be replaced by themselves by extralegal means, then of course they should be tracked the same way.|Bruce0|2022-02-15 14:16:38.156|1|2|article-data-leak-reveals-canadians-americans-donated-millions-to-fund-convoy.json|globemail
The government is requiring us to wear masks even though they have proven to be ineffective. It is not the wearing of the mask that is the problem it is the requirement imposed by government and its refusal to consider the social impact the wearing of masks has on Canadians and the lack of effectness. It is the loss of freedom to choose and conduct our lives based on personal responsibillty and not by government dictat.  If it has been proven that masks as worn by most Canadians work in any signifcant way please provide that information.|norvan goldcard|2022-02-15 16:52:44.549|1|2|article-data-leak-reveals-canadians-americans-donated-millions-to-fund-convoy.json|globemail
Funny how a data HACK is being reported as a data LEAK. |ANR01|2022-02-15 12:58:13.457|0|2|article-data-leak-reveals-canadians-americans-donated-millions-to-fund-convoy.json|globemail
Last night I listened to the Emergency Broadcast from the Convoy.  Well I was one of 6700 plus listeners.  If these are the leaders, we need to spend more on mental health.|TDFW|2022-02-15 15:15:55.853|0|2|article-data-leak-reveals-canadians-americans-donated-millions-to-fund-convoy.json|globemail
They like freedom and democratic rights.  That’s what it tells us.  Thank you USA.|in-my-view|2022-02-15 16:05:03.534|1|2|article-data-leak-reveals-canadians-americans-donated-millions-to-fund-convoy.json|globemail
Foreign interference in our affairs is gravely concerning. Hacktivists shining light on these so-called Christian supporters and organizations is equally concerning.  I'd rather see transparency from the fund raising organizations and their enablers. Perhaps that needs to be legislated. |CAHAIG|2022-02-15 13:05:27.959|0|2|article-data-leak-reveals-canadians-americans-donated-millions-to-fund-convoy.json|globemail
The Globe avoids in speculating about the influence of foreign housing money.  And it mostly avoids non-speculative reporting too, at least relative to peers outside Canada. |DollyParker|2022-02-16 04:17:50.163|1|2|article-data-leak-reveals-canadians-americans-donated-millions-to-fund-convoy.json|globemail
And you have to stop pretending that foreign interests aren't interfering in Canada.|Richard McL|2022-02-15 16:50:27.605|1|2|article-data-leak-reveals-canadians-americans-donated-millions-to-fund-convoy.json|globemail
Those protests were supported solely via American funding. This is Canada funded with additional US $. By all means stop all foreign funding but then, LPC would need to quit CCP sourced donations.|app_69614698|2022-02-15 15:57:02.851|1|2|article-data-leak-reveals-canadians-americans-donated-millions-to-fund-convoy.json|globemail
Your correct, and they are going through the same hard left crisis we are. Two idiots running their own countries.|Stacy60|2022-02-15 13:30:27.898|1|2|article-data-leak-reveals-canadians-americans-donated-millions-to-fund-convoy.json|globemail
I remember during the Harper era, he & the other usual far right types were whining about all the foreign money supporting the environmental movement.  Where is Mr. Harper now his pet cause is in the same boat ?|Bikerman|2022-02-15 15:10:50.862|0|2|article-data-leak-reveals-canadians-americans-donated-millions-to-fund-convoy.json|globemail
The Globe has reported on this a ton, along with lots of recent reporting about how investors (both foreign and domestic) are feeding the market bonfire. |1535639634416|2022-02-16 03:13:35.341|1|2|article-data-leak-reveals-canadians-americans-donated-millions-to-fund-convoy.json|globemail
Is this news? Many Americans have dual citizenship.|CMF|2022-02-15 21:17:29.152|0|1|article-data-leak-reveals-canadians-americans-donated-millions-to-fund-convoy.json|globemail
VPNs allow you to appear where ever you want.  I have an American bank account & postal address but I live in Canada. Even have U.S. cell service when travelling in the U.S. that I have also continued to use while back in Canada.  I could easily make a donation & have it appear it's coming from the U.S.|kbaumgart|2022-02-15 16:12:49.748|1|1|article-data-leak-reveals-canadians-americans-donated-millions-to-fund-convoy.json|globemail
Hi ZayWhat:  You visited a hacker's website? That's awfully brave of you.  I'll wait while you scrub your hard drive and rebuild your system, what with you not knowing what kind of payload they left hiding on it.|CookeV|2022-02-15 14:13:46.186|1|1|article-data-leak-reveals-canadians-americans-donated-millions-to-fund-convoy.json|globemail
Get them out from under the rocks and into the open.  Sunshine and daylight is a great disinfectant. |Randall Leigh|2022-02-15 20:26:07.929|0|1|article-data-leak-reveals-canadians-americans-donated-millions-to-fund-convoy.json|globemail
GiveSendGo is back up:  2022-Feb-15 15:30 (EST): 106,074 Individual Contributors (US$9.351mm) |CookeV|2022-02-15 20:33:40.137|0|1|article-data-leak-reveals-canadians-americans-donated-millions-to-fund-convoy.json|globemail
Oh those Russians... |Redmaple|2022-02-15 15:59:37.370|0|1|article-data-leak-reveals-canadians-americans-donated-millions-to-fund-convoy.json|globemail
A great precedent.   This will have a great impact on pipeline and similar protests and removing foreign influence from pipeline/indigenous protests is a move in the right direction . |Mike McFae|2022-02-15 16:56:56.259|0|1|article-data-leak-reveals-canadians-americans-donated-millions-to-fund-convoy.json|globemail
Except for Fox News and its allies. They are the only truth machines out there.|Sher-eh-Hindustan|2022-02-15 15:43:51.400|1|1|article-data-leak-reveals-canadians-americans-donated-millions-to-fund-convoy.json|globemail
"Still waiting to see the ""Law and Order! Punishment!"" crowd here make denunciations of the break and enter on the website, desecration of the page, theft of data and the doxxing of donators.    "|Janey7|2022-02-15 21:04:06.584|0|1|article-data-leak-reveals-canadians-americans-donated-millions-to-fund-convoy.json|globemail
...and overhaul our Education system.|Seenitdoneitbeenthere|2022-02-15 16:10:33.391|1|1|article-data-leak-reveals-canadians-americans-donated-millions-to-fund-convoy.json|globemail
Of course, but that does not include the freedom to do harm to others. |DennisCasaccio|2022-02-15 15:33:57.794|1|1|article-data-leak-reveals-canadians-americans-donated-millions-to-fund-convoy.json|globemail
I seem to recall an old adage along the lines of fools and their money soon part. |David Smith44|2022-02-15 21:26:19.432|0|1|article-data-leak-reveals-canadians-americans-donated-millions-to-fund-convoy.json|globemail
My fundamental freedom of expression & belief, section 2 of our charter of rights & freedoms.  The same section that allows women to walk around topless.  Would you be ok with government's proclaiming everyone has to wear a hat or no shoes?|kbaumgart|2022-02-15 16:19:39.115|1|1|article-data-leak-reveals-canadians-americans-donated-millions-to-fund-convoy.json|globemail
I have to smell my own bad breath!|IsabellavalancyC|2022-02-15 15:41:00.860|1|1|article-data-leak-reveals-canadians-americans-donated-millions-to-fund-convoy.json|globemail
"""Canadians, Americans donated millions to fund convoy protests"" A bunch of armchair idiots with nothing better to do with their money!  Ya, let's fund the 'Convoy of Fools' and see what trouble we can cause; pure stupidity!!"|bwana4swahili|2022-02-15 20:02:01.042|0|1|article-data-leak-reveals-canadians-americans-donated-millions-to-fund-convoy.json|globemail
Barely.  The fact that nearly 50% came from outside the country should alarm everyone.|Rationalthought|2022-02-15 15:17:24.457|1|1|article-data-leak-reveals-canadians-americans-donated-millions-to-fund-convoy.json|globemail
only your duly elected govt can do that|todd_m|2022-02-15 16:40:49.870|1|1|article-data-leak-reveals-canadians-americans-donated-millions-to-fund-convoy.json|globemail
By tyrant do you mean the democratically elected prime minster? Or perhaps the premier of your province as virtually all the mandates are at the provincial level.|Steven Forth|2022-02-15 16:17:07.312|1|1|article-data-leak-reveals-canadians-americans-donated-millions-to-fund-convoy.json|globemail
Like SNC execs donating 100s of 1000s illegally to the LPC?|john l gee|2022-02-15 22:13:01.657|1|1|article-data-leak-reveals-canadians-americans-donated-millions-to-fund-convoy.json|globemail
Again, all the necessary funding came from Canadians. Trudeau drew the connection to the US and media dutifully followed. This is a made in Canada protest. Stop pretending otherwise.|app_69614698|2022-02-15 16:40:50.444|1|1|article-data-leak-reveals-canadians-americans-donated-millions-to-fund-convoy.json|globemail
When the far right rabble heed the call of Canada Unity to launch an insurrection against a democratically voted for parliament, they are right wing barbarians.  As are the ones who had that weapons cache in Alberta.  The shoe fits BC.|Bikerman|2022-02-15 15:13:06.792|1|1|article-data-leak-reveals-canadians-americans-donated-millions-to-fund-convoy.json|globemail
Far right types aren't reasonable.|Bikerman|2022-02-15 15:13:43.422|1|1|article-data-leak-reveals-canadians-americans-donated-millions-to-fund-convoy.json|globemail
Well M & M, Canada Unity launched an insurrection against a democratically elected government without a mandate from the people so where I come from, that results in a totalitarian state.|Bikerman|2022-02-15 15:14:57.304|1|1|article-data-leak-reveals-canadians-americans-donated-millions-to-fund-convoy.json|globemail
It’s heartwarming to see how many countries around the world supported this Peaceful Protest for our rights and freedoms.   Wear it like a badge of honour.  This tyrant has to go.|in-my-view|2022-02-15 15:52:34.168|0|1|article-data-leak-reveals-canadians-americans-donated-millions-to-fund-convoy.json|globemail
Trudeau talks hatred for fellow Canadians from his PMO pulpit and you are worried the far right?  |app_69614698|2022-02-15 15:23:11.759|1|1|article-data-leak-reveals-canadians-americans-donated-millions-to-fund-convoy.json|globemail
MAGA chuds are easy to milk.  Just ask Steve Bannon or any other grifty Republican.  This is a solid business idea for Canadians now that we have proof of concept.  We just need to come up with new reasons to organize trucker convoys.  Perhaps a convoy to keep Hillary Clinton out of the country.  Or a convoy to stop the government from putting feminizing chemicals in the water supply.  The possibilities are as endless as right-wingers are credulous.  Send us your cash, MAGA chuds.  You have nothing to lose but your ... cash. |CFL Uncancelled|2022-02-15 18:37:51.927|0|1|article-data-leak-reveals-canadians-americans-donated-millions-to-fund-convoy.json|globemail
Trudeau had nothing to do with any of this and what I find obscene is the far right antigovernment people/groups that think they can remove a PM. It's the haltered the people in the far right have for our PM that got this whole thing started and helped along with the anti-vaxxers. And what most Canadians cannot tolerate is this far right group thinking they can get their way by holding cities hostage, blocking borders, and blocking bridges. And this is what you call freedom - a big no thank you.  |FinVE|2022-02-15 14:44:15.478|1|1|article-data-leak-reveals-canadians-americans-donated-millions-to-fund-convoy.json|globemail
"I see several posts pointing out ""Americans interfering in our country""  True, and not good news.  How is this different from the articles the G&M has after every US election by one of the numerous Canadians who go to the USA to worn on US election campaigns, going door to door, etc?"|Lamont Cranston|2022-02-15 17:43:37.490|0|1|article-data-leak-reveals-canadians-americans-donated-millions-to-fund-convoy.json|globemail
The Spanish Flu ran riot in the city between September 1918 and January 1919.  In early May 1919, what became known as the Winnipeg General Strike began when the city’s building trades and metal trades downed tools after failing to get contracts with their employers.   Soon 25,000 to 30,000 union and non-union workers were on strike.  As the work stoppage wore on, many business and government people worried it was more than just a labour dispute. Were Bolshevik revolutionaries planning to take over Winnipeg, like Russia in 1917? Local businessmen formed the Citizens’ Committee of One Thousand and encouraged employers to resist the strikers’ demands. They also tried to stir up resentment of “alien” immigrants from Europe, who, they said, were the strike’s instigators and leaders.  Welcome to the future.|app_69614698|2022-02-15 17:06:28.524|0|1|article-data-leak-reveals-canadians-americans-donated-millions-to-fund-convoy.json|globemail
"So when Obama endorsed Trudeau for PM during the election was that ""Americans interfering in our country""?   Any Greenpeace action/demonstration that is international funded is the ""Americans interfering in our country""?  The liberal left only calls fowl when it interferes with their own agenda.  Otherwise all is fair in love and politics."|Tellsitlikeitis|2022-02-15 19:46:44.720|1|1|article-data-leak-reveals-canadians-americans-donated-millions-to-fund-convoy.json|globemail
Which fowl does it call? Chicken or turkey?|Randall Leigh|2022-02-15 20:29:17.572|1|1|article-data-leak-reveals-canadians-americans-donated-millions-to-fund-convoy.json|globemail
Kinder Morgan is an American company with primarily American shareholders and they spent a lot on media exposure to support the TMX. Should that be allowed because they are not Canadian? |LSJM|2022-02-15 17:04:33.500|1|1|article-data-leak-reveals-canadians-americans-donated-millions-to-fund-convoy.json|globemail
I didn't see your name published so that's a no.|ZayWhat|2022-02-15 13:44:13.292|1|1|article-data-leak-reveals-canadians-americans-donated-millions-to-fund-convoy.json|globemail
I didn’t read  the article, just the comments. Since you published the same information, did you just break one or more privacy laws?|northerncrank|2022-02-15 14:02:36.006|1|1|article-data-leak-reveals-canadians-americans-donated-millions-to-fund-convoy.json|globemail
Hi NG:  So someone can hack and publish the donor list for Greenpeace, or the Suzuki Foundation, without consequence?  I find that hard to believe.|CookeV|2022-02-15 13:45:55.088|1|1|article-data-leak-reveals-canadians-americans-donated-millions-to-fund-convoy.json|globemail
When they call for dissolution of elected govt and takeover by Canada Unity, when they harass citizens for obeying the law, honk all night in residential areas, etc., that's intimidation and as Canada is still a democracy, it does make them mortal enemies of Canada.|ZayWhat|2022-02-15 13:51:48.134|1|1|article-data-leak-reveals-canadians-americans-donated-millions-to-fund-convoy.json|globemail
Excellent investigative article in todays Washington Post concerning the profile of  those Americans who donated to the illegal protests: they are overwhelmingly Republicans harboring alt- right views who live in rich enclaves|RedDrum|2022-02-16 06:34:00.458|0|1|article-data-leak-reveals-canadians-americans-donated-millions-to-fund-convoy.json|globemail
Why are we not showing similar articles for the impact on foreign money on the housing market. Ask an average Canadian which foreign dollar impacts their lives more truck protests or lack of housing. How about freezing those funds?? |boo48|2022-02-16 02:59:11.055|0|1|article-data-leak-reveals-canadians-americans-donated-millions-to-fund-convoy.json|globemail
"We have:  The data include names, e-mail addresses, IP addresses, amounts donated and messages of support for the demonstrators, among other details.  Data analysis shows that just over 50 per cent of donations were said to originate in Canada, totalling US$4.3-million. Another 43 per cent, or US$3.6-million, were said to originate from the United States.  What data analysis was done to ""sanitize"" the data?  For example, Have fake donations from ""Justin Trudeau"" and similar obviously fake names been removed from the analysis?  And if so, what was the blacklist of names that was used for that sanity pass?  Next, was a jurisdiction & zip/postal code check performed? For example, to ensure that a ""90210"" zip code was associated with a California address.  Next, some e-mail addresses are associated with country-specific Internet providers. Was a sanity check performed to ensure that a person with a ""Verizon"" address was tagged as US, and one with a ""Rogers"" address was tagged as Canada?  Finally, do the same geo match for IP addresses.  I find it hard to believe that such an analysis was done by the media for 92,844 donations in the span of a few hours. "|CookeV|2022-02-15 13:14:39.853|0|1|article-data-leak-reveals-canadians-americans-donated-millions-to-fund-convoy.json|globemail
Mr Trudeau, thank you for reminding me that Big Gov will take my kids, my house, my vehicle, and my bank account if I disagree with you on any government policy. Now I know why the firearms owners are so upset. The government will sacrifice anyone for a photo op. Our translators in Afghanistan can corroborate that. |app_73541506|2022-02-16 05:57:40.417|0|1|article-data-leak-reveals-canadians-americans-donated-millions-to-fund-convoy.json|globemail
I do NOT support demonstrations that block roads, damage property, or interfere with other peoples lives and livelihoods. But I have to say this: The leaked list of donors is for the re-established fundraising effort put on  Givesendgo AFTER the gofundme account was frozen and after more than a week of international coverage of the demonstrations in Ottawa . There was outrage that Gofundme froze the funds and donors were told that they would have to ask for their money back and if they didn’t, gofundme would donate it to their choice of charity. The money donated to the Givesendgo might well have been donated from a larger swath of donors both in Canada, US and others who were incredulous that money given to support a cause would be confiscated. So this list that has been exposed by who? so that everyone can cry about political international interference by the US and others. This is a tired gaslighting technique to further separate Canadians from one another. The list of donors to the original GoFundme campaign better represents those who supported this campaign in the first place. But I know we will never see that list.  It might tell us another story altogether. Nancy Bailey|Brian Bailey MD|2022-02-15 23:40:21.933|0|1|article-data-leak-reveals-canadians-americans-donated-millions-to-fund-convoy.json|globemail
“Ethical” illegal hack. You also probably support “ethical” illegal blockades - ones that you like. |Practical Guy from Alberta|2022-02-15 15:55:51.619|1|1|article-data-leak-reveals-canadians-americans-donated-millions-to-fund-convoy.json|globemail
This co-ordinated manufacturing of a narrative, exploitation of martial law, and outing of donors is noticed by all freedom-loving Canadians as a hitjob against those who don't subscribe to left-wing identity politics and draconian covid mandates. Another with half a brain sees this trickery, and it will only backfire in the face of those who have propogated it.|dantate|2022-02-16 00:38:06.077|0|1|article-data-leak-reveals-canadians-americans-donated-millions-to-fund-convoy.json|globemail
Hi SWIZ:  On the plus side, just think: Take a picture of a chartered bus ferrying protesters to the Fairy Creek logging camp, and that bus company risks having the license for it's bus revoked!  Right now the convoy is top-of-mind. But boy, this FINTRAC and associated set of financial, insurance and licensing powers stick one sharp, pointy stick into the eye of the environmental movement!|CookeV|2022-02-15 13:23:39.444|1|1|article-data-leak-reveals-canadians-americans-donated-millions-to-fund-convoy.json|globemail
To Americans supporting anarchists in Canada. Mind your own damn business.|app_70789131|2022-02-16 00:43:53.249|0|1|article-data-leak-reveals-canadians-americans-donated-millions-to-fund-convoy.json|globemail
"I hope these donations are not tax-deductible since the true mission of this ""protest"" is to overthrow a democratically-elected government by whatever means necessary by a right-wing cabal of disaffected white men financed and supported by foreign interests. "|GolfProf|2022-02-15 12:58:21.500|0|1|article-data-leak-reveals-canadians-americans-donated-millions-to-fund-convoy.json|globemail
I donated. Can you publish your name so I can avoid your business? |El Guapo 66|2022-02-15 13:53:21.126|1|1|article-data-leak-reveals-canadians-americans-donated-millions-to-fund-convoy.json|globemail
Shouldn’t it be a crime for foreigners to fund insurrection in Canada? They should be investigated and minimally barred from Canada. I would also bring over the us embassador and have a talk with him about bringing charges against those us residents that funded this insurrection. |CPFC08|2022-02-16 03:33:17.108|0|1|article-data-leak-reveals-canadians-americans-donated-millions-to-fund-convoy.json|globemail
Legislation won’t matter. There will always be a way to achieve their goal.|helen d|2022-02-15 13:20:52.426|1|1|article-data-leak-reveals-canadians-americans-donated-millions-to-fund-convoy.json|globemail
Nope. |northernguitarguy|2022-02-15 13:43:25.498|1|1|article-data-leak-reveals-canadians-americans-donated-millions-to-fund-convoy.json|globemail
This is not the first article to mention that the protestors raised more money than political parties.  What they don't mention is that we don't allow corporate donations to Federal parties in Canada and Individual donations are caped at $ 1675.  Over half the donations were larger that $100, and from this list those in the top 20 % would be in excess of the maximum.  So comparing it to what the parties took in isn't a reasonable comparison.|Jennifer_M|2022-02-15 13:07:45.146|0|1|article-data-leak-reveals-canadians-americans-donated-millions-to-fund-convoy.json|globemail
It's official ... everything is a government conspiracy to you.|app_70789131|2022-02-16 00:46:44.990|1|1|article-data-leak-reveals-canadians-americans-donated-millions-to-fund-convoy.json|globemail
"Look it up yourself, the data can be found in the ""wayback machine"" G&M probably will not allow the link to the data to be published so you have to do a little snooping. Its pretty easy ;)"|snahata1|2022-02-15 13:53:05.705|1|1|article-data-leak-reveals-canadians-americans-donated-millions-to-fund-convoy.json|globemail
Americans can contribute to Canadian causes the same way that Canadians can contribute to American causes.  If one is wrong then the other is wrong too.|GMO4|2022-02-15 21:34:52.048|0|1|article-data-leak-reveals-canadians-americans-donated-millions-to-fund-convoy.json|globemail
Prof. Carvin makes an accusation that this is a antisemitic movement - that is a pretty heavy accusation - how?   Or is this the first time the Professor has met the Working Class and is recoiling in horror? |Tom_TO|2022-02-15 12:39:16.196|0|1|article-data-leak-reveals-canadians-americans-donated-millions-to-fund-convoy.json|globemail
Approximately 36,000 Canadians contributed, about one contributor for every 1050 Canadians.     As long a the Trudeau Liberal government does everything in its power to protect Canadian democracy, including using the Emergencies Act to expedite the breakup of infrastructure blockades, small cohorts should not be able to overthrow the government via blockades.  Now, while we are dealing with people working for the breakup of the country, we have a separatist party with MPs in the House of Commons.   The Bloc has advocated for Quebec sovereignty or separation, and supported abolition of the Canadian senate.   Talk about a threat to Canada!  While we are concerned about actions that are racist (anti-Islam, anti-semitic), we have the leaders of the three major political parties dragging their feet on challenging the racist Quebec legislation, Bill 21, even Trudeau, who opposes the legislation.   A Leger poll showed that 63% of Quebec adults support bill 21, and only 37% had a positive view of Muslims.     Somehow, when the threats to Canada and to racialized Canadians originate in Quebec they are not pursued with much enthusiasm.     |Snowaway|2022-02-17 12:52:04.912|0|1|article-data-leak-reveals-canadians-americans-donated-millions-to-fund-convoy.json|globemail
The largest number of donors were from the US. Why doesn't the Canadian government officially complain to the US government for involvement in spreading violence in Canada? What if this was from China? |MMM7|2022-02-15 21:34:53.625|0|1|article-data-leak-reveals-canadians-americans-donated-millions-to-fund-convoy.json|globemail
Laid off for a few days, oh the horror!  How long did the Covid lockdowns keep you from working?|in-my-view|2022-02-15 16:01:57.829|1|1|article-data-leak-reveals-canadians-americans-donated-millions-to-fund-convoy.json|globemail
Governments are typically authoritarian, to a degree. Helps protect the general public from what is currently happening albeit a poor job so far. And spying via tracking cellphones? LOL! Do you mean Apple, Samsung, all of the cellphone network providers, GPS satellites, etc.? |app_67791708|2022-02-15 23:07:18.650|1|1|article-data-leak-reveals-canadians-americans-donated-millions-to-fund-convoy.json|globemail
"I read the article, RedDrum.   Thanks for the suggestion.      I did not see the description ""alt right"" used anywhere in the Post article, to describe contributors.  Were you assigning this label based on your own opinion, but attributing it to the newspaper?  The Post reported that there were likely many Democrats among the contributors, RedDrum:  [Nearly a third of the donations came from zip codes where Democrats outnumber Republicans, according to voter registration records.]  IMHO: Maybe the Democrats are disgusted with the anti-democratic behavior of the federal Liberals.  Just as American environmental activists support and have supported Canadians protesting pipelines and forestry in Canada, American's who are politically active support like-minded groups in Canada.  Welcome to the internet, and ease of money transfer, RedDrum.  "|Snowaway|2022-02-17 13:12:30.176|1|0|article-data-leak-reveals-canadians-americans-donated-millions-to-fund-convoy.json|globemail
Spot on! We don't need the bitter division that is experienced in the USA. Democracy is never perfect, but it is so much better than anachy.|robert1051|2022-02-15 19:52:01.404|1|0|article-data-leak-reveals-canadians-americans-donated-millions-to-fund-convoy.json|globemail
Very true that I read in my own biases.  That is the point of asking questions - to be held to account on both sides.  In this case I see unwarranted speculation about motives and group affiliations.|Peter642|2022-02-15 21:21:31.150|1|0|article-data-leak-reveals-canadians-americans-donated-millions-to-fund-convoy.json|globemail
Kinder Morgan - do they have any Canadian operations left?|Lamont Cranston|2022-02-15 17:44:32.947|1|0|article-data-leak-reveals-canadians-americans-donated-millions-to-fund-convoy.json|globemail
"Good point Sam Cooper's book ""Wilful Blindness"" should be a text book for our high school kids. "|app_73541506|2022-02-16 06:03:32.683|1|0|article-data-leak-reveals-canadians-americans-donated-millions-to-fund-convoy.json|globemail
Kids can no longer read books. the successive pages are too much. |Anewnameeh|2022-02-16 12:29:09.699|1|0|article-data-leak-reveals-canadians-americans-donated-millions-to-fund-convoy.json|globemail
Hi Snowaway:  You say:  Approximately 36,000 Canadians contributed, about one contributor for every 1050 Canadians.  In 2021, about 12,638 Canadians donated to the Liberal Party. And that's WITH the benefit of a tax deduction for their donations.  So three times as many Canadians support the convoy without any tax assistance, than support the Liberals.|CookeV|2022-02-17 22:59:53.427|1|0|article-data-leak-reveals-canadians-americans-donated-millions-to-fund-convoy.json|globemail
Maybe it was the: SNL scandal, or the R/Admiral Norman scandal where he tried to imprison one of Canada's top military leaders for doing his job, or the Jody Wilson-Raybould scandal where he fired a First Nations lady for doing her job, or the WE Charity scandal, or the India Apology Tour, or the Indian Farmer debacle, or the Afghanistan debacle, or multiple COVID-19 missteps, or the BLM demonstration debacle, or the $40 Billion for a mass grave that didn't contain any human remains, or proroguing Parliament when it was most needed, or financially destroying a provincial resource, or paying $20 million to a terrorist who murdered a medic or the multiple assaults on women. But now he is going after the jobs, homes and bank accounts of thousands of peaceful Canadians with Bouncy Castles. We need a non-confidence vote now.|app_73541506|2022-02-17 06:05:55.142|0|0|article-data-leak-reveals-canadians-americans-donated-millions-to-fund-convoy.json|globemail
Yankee please stay home, we don’t need what you are selling, snake oil.|Craig Stewart|2022-02-15 16:33:34.817|0|0|article-data-leak-reveals-canadians-americans-donated-millions-to-fund-convoy.json|globemail
I disagree -- we have too many political parties for this to be an immediate threat like in the US|rosedaled|2022-02-15 20:19:43.017|1|0|article-data-leak-reveals-canadians-americans-donated-millions-to-fund-convoy.json|globemail
Exactly!  And rather than Canada sending our military to train Ukrainians forces, it would be more helpful if the Ukrainians  sent their their security experts to train out national security people.|PHILCO3|2022-02-15 17:07:46.893|1|0|article-data-leak-reveals-canadians-americans-donated-millions-to-fund-convoy.json|globemail
You mean the bouncy castle insurrection? BTW the January 6th insurrection is imploding. Kamala has some explaining to do. |app_73541506|2022-02-16 06:00:45.362|1|0|article-data-leak-reveals-canadians-americans-donated-millions-to-fund-convoy.json|globemail
Who cares where the money came from.  The Liberals don't seem to be too concerned with the illegal money that flowed in from the US during the 2015 election to help them win.  Millions of dollars flowed in from US donor to target 29 Conservative ridings.  If it helps the Liberals, it's good.  Otherwise, it's bad. Basically, this government is illegitimate.  They won the election illegally, FRAUD.  See the Calgary Herald article on this:  https://calgaryherald.com/opinion/columnists/corbella-when-foreign-money-helped-trudeau-win-elections-he-doesnt-care-but-hes-going-after-the-truckers  |SK001|2022-02-16 22:56:38.568|0|0|article-data-leak-reveals-canadians-americans-donated-millions-to-fund-convoy.json|globemail
Most Canadians would be using there credit card to make those payments or there bank card, both of which uses the address that the bank has on file, so Canada|Craig Stewart|2022-02-15 16:35:06.072|1|0|article-data-leak-reveals-canadians-americans-donated-millions-to-fund-convoy.json|globemail
"Where do you think our drug trade such a huge ""business"" ? "|robert1051|2022-02-15 19:53:28.958|1|0|article-data-leak-reveals-canadians-americans-donated-millions-to-fund-convoy.json|globemail
Will we follow the money for all donations to all causes? Will we release names of contributors to all religious charities? The social media platforms are on fire with people combing through the list and investigating each person and their occupation and past. Then they release the details to the world without any consideration. Of course, certain people are given a pass for their mistaken donation, all to reinforce the narrative. If we want to live in a world where every donation we make is subject to world scrutiny, then let everyone know and make the details known in every case! |RobinRain|2022-02-16 04:01:43.923|0|0|article-data-leak-reveals-canadians-americans-donated-millions-to-fund-convoy.json|globemail
Remember the two Michaels?|app_69614698|2022-02-15 18:16:27.743|1|0|article-data-leak-reveals-canadians-americans-donated-millions-to-fund-convoy.json|globemail
There are several big donors who chose not to do so anonymously - Americans - interfering in our country.|Richard McL|2022-02-15 16:51:26.529|1|0|article-data-leak-reveals-canadians-americans-donated-millions-to-fund-convoy.json|globemail
I can't figure out why, if someone is truly proud and convinced they are giving to a worthwhile and honourable cause they would care at all who knows whether they donated?  I don't know that the exact amount someone donated needs to be published, but if anyone is donating money or contributing time or other efforts to illegal activities.......Yes, that can and should be known and investigated.  The entrance to many hospitals have been in have entire walls displaying their donors names. This is true in theatres for the performing arts, museums......None of those donors are concerned about people knowing who they are. |app_72317271|2022-02-16 14:55:04.833|0|0|article-data-leak-reveals-canadians-americans-donated-millions-to-fund-convoy.json|globemail
So what? |Anewnameeh|2022-02-16 12:23:35.236|0|0|article-data-leak-reveals-canadians-americans-donated-millions-to-fund-convoy.json|globemail
We are all aware that the Internet itself has become a global banking system for corporations and individuals to send and receive funds.  Are you checking incoming and outgoing funds from the Government coffers? Any funds in those records received from foreign countries?  Can we see the paper trail of accounting for the coming in and going out of taxpayer funds?  How much revenue has come in from the Covid 19 injection Lipid Nanoparticle component that Canadians apparently invented and to whom did we sell it to?   |app_70563881|2022-02-15 23:28:29.844|1|0|article-data-leak-reveals-canadians-americans-donated-millions-to-fund-convoy.json|globemail
It's a Leftist ideology to utterly hate anyone that disagrees. Trudeau's little hate rant in December in Quebec is a clear example.  But this is all extremists. At this point I consider all three levels of government my enemy as big government needs to control everything. I work in the home construction industry and the obsessive regulations in Ontario have added tens of thousands to the cost of a new home for the 'good of the people'. Build the empires, one little little bureaucrat at a time.  I don't think it could happen if politicians knew what was going on or cared what was going on....   |Anewnameeh|2022-02-16 12:28:02.569|1|0|article-data-leak-reveals-canadians-americans-donated-millions-to-fund-convoy.json|globemail
Like the Chinese influence in the recent election against Conservative candidates in BC.|DONALDTRUMP2|2022-02-15 17:34:12.945|1|0|article-data-leak-reveals-canadians-americans-donated-millions-to-fund-convoy.json|globemail
Funny how when there is a major environmental action in western Canada to block pipeline construction, other oil and gas development or logging, no one is concerned where the money comes from. The G&M doesn’t try to get the donor information. Most of that money is likely foreign. Organizations such as the Tides Foundation  pump a lot of money into Canada to hinder our economy. But of course they are doing “God’s Work.” But let the group in question be unapproved by the Canadian press, donors will need to be exposed. |app_70393871|2022-02-16 10:35:14.892|0|0|article-data-leak-reveals-canadians-americans-donated-millions-to-fund-convoy.json|globemail
Names?|RobinRain|2022-02-16 04:02:31.007|1|0|article-data-leak-reveals-canadians-americans-donated-millions-to-fund-convoy.json|globemail
Justin and his idiot Ministers repeat non stop that 'foreign money' is funding the protesters.  Justin was caught raking in $ millions from Chinese billionaires at the direction of the Communist Dictatorship of China.  Now that's what I call treason. |Ceejaybee|2022-02-16 00:51:29.839|0|0|article-data-leak-reveals-canadians-americans-donated-millions-to-fund-convoy.json|globemail
We've come a long way since the Roaring 20's...now we're in the 21st century...try to keep up....not a lot changes other than the soup of the day that could be HOT or could be COLD.  We're in the HOT soup at this point in time, despite the past 3 weeks of  -20 degree weather.|app_70563881|2022-02-15 23:11:00.026|1|0|article-data-leak-reveals-canadians-americans-donated-millions-to-fund-convoy.json|globemail
Does not mean the money is going to go where you want it.   Do you think money from some monkey in the States is going to overthrow my democratically elected nation.   Please,  move on.   |Laugher|2022-02-15 21:09:28.504|1|0|article-data-leak-reveals-canadians-americans-donated-millions-to-fund-convoy.json|globemail
Its fairly obvious to anyone with 1/2 a brain.|DW15|2022-02-16 05:45:53.647|1|0|article-data-leak-reveals-canadians-americans-donated-millions-to-fund-convoy.json|globemail
Have you seen the ads on American tv for Trumpy Bear?  Only $19.95!|Randall Leigh|2022-02-15 20:27:37.957|1|0|article-data-leak-reveals-canadians-americans-donated-millions-to-fund-convoy.json|globemail
PHAC is and was tracking Canadians  cell phone location (To and From location data...WHY?)  Apparently PHAC will be doing it for another 2-3 years for some reason.  It was in the news not long ago so you should be able to find it using Google, or just ask Theresa of the PHAC.|app_70563881|2022-02-15 23:41:07.146|1|0|article-data-leak-reveals-canadians-americans-donated-millions-to-fund-convoy.json|globemail
Calm down your ck from the liberal socialist govt of Canada is in the mail. |DW15|2022-02-16 05:48:37.247|1|0|article-data-leak-reveals-canadians-americans-donated-millions-to-fund-convoy.json|globemail
You mean the same dude who decided it was a good idea to adopt Bitcoin as a national currency? El Salvador was already basically the worst place outside of an active war zone to live on Earth (and even some active war zones are less violent), and he's done nothing but make it worse. Not somebody I'd look to for insight into anything.|1535639634416|2022-02-16 03:08:12.276|1|0|article-data-leak-reveals-canadians-americans-donated-millions-to-fund-convoy.json|globemail
Like the Liberal Party of Canada and the funnel of billionaires money from China into Justin's campaign funds.  Remember that mess? |Ceejaybee|2022-02-16 00:53:44.318|1|0|article-data-leak-reveals-canadians-americans-donated-millions-to-fund-convoy.json|globemail
The president of El Salvador? Ukraine is just a distraction? Sure. All very believable. An imminent war is much less important then having to wear a mask or proving vaccination. I feel sorry for you. But your self-centred, selfish ego might be fixable. |app_67791708|2022-02-15 23:12:43.288|1|0|article-data-leak-reveals-canadians-americans-donated-millions-to-fund-convoy.json|globemail
What a waste! That level of donations could have done so much good in any of thousands of worthwhile charities. Instead its funding a bunch of childish, entitled idiots who never learnt that in life you sometimes have you have to do things you don't like.|app_69937326|2022-02-15 20:52:23.306|0|0|article-data-leak-reveals-canadians-americans-donated-millions-to-fund-convoy.json|globemail
How much taxpayer money has been “donated” by the liberals to foundations of past presidents, and how many of those people have donated to Trudeau’s foundation?  It almost appears that’s it’s just a circle, one gives taxpayer money to one, and in return they get money for theirs. And the lowly taxpayer gets no credit receipt for the donation using their money, and may not even support the group / person / cause receiving funds. But the Feds can’t  raise the $$ for health care funds to the provinces, which has been cut back over the years?  It’s all just corrupt.  Do I don’t have a problem with groups crowd funding if they want to. No.  Pam |Albert Reinholdt|2022-02-16 02:50:22.154|0|0|article-data-leak-reveals-canadians-americans-donated-millions-to-fund-convoy.json|globemail
There's 7 billion people on earth. Hardly any of them donated.|app_70789131|2022-02-16 00:47:32.657|1|0|article-data-leak-reveals-canadians-americans-donated-millions-to-fund-convoy.json|globemail
Not many! It is difficult to fathom a group of people blocking roads and border crossings in order to remove limitations put in place to protect their own lives. Quite bizarre!|app_72121831|2022-02-15 22:08:28.509|1|0|article-data-leak-reveals-canadians-americans-donated-millions-to-fund-convoy.json|globemail
I suspect there has been and that US authorities may have 'assisted' with this data leak.|Richard McL|2022-02-15 22:34:51.746|1|0|article-data-leak-reveals-canadians-americans-donated-millions-to-fund-convoy.json|globemail
So you aren't a fan of WikiLeaks then?|app_70789131|2022-02-16 00:48:58.498|1|0|article-data-leak-reveals-canadians-americans-donated-millions-to-fund-convoy.json|globemail
Not quite. Foreigners are barred from providing funding for political causes that may influence elections in the US.|app_70789131|2022-02-16 00:48:33.513|1|0|article-data-leak-reveals-canadians-americans-donated-millions-to-fund-convoy.json|globemail
I'm not aware of any of the big-name US donors involved as such.  Where are you getting your information?|Richard McL|2022-02-15 22:35:43.596|1|0|article-data-leak-reveals-canadians-americans-donated-millions-to-fund-convoy.json|globemail
Um, they also donated to the Con’s. |northerncrank|2022-02-17 16:28:39.964|1|0|article-data-leak-reveals-canadians-americans-donated-millions-to-fund-convoy.json|globemail
as the saying goes - 'there is a sucker born every minute'|TedKras|2022-02-15 22:39:44.363|0|0|article-data-leak-reveals-canadians-americans-donated-millions-to-fund-convoy.json|globemail
Unfortunately a turkey is running Canada .|DW15|2022-02-16 05:49:50.406|1|0|article-data-leak-reveals-canadians-americans-donated-millions-to-fund-convoy.json|globemail
Next comes the witch-hunt for those who contributed to 'non-approved' causes.|GMO4|2022-02-15 22:44:52.578|0|0|article-data-leak-reveals-canadians-americans-donated-millions-to-fund-convoy.json|globemail
Funny, listening to the comments you would not realize that Canadians contributed the most dollars....|sakogreywolf|2022-02-15 22:47:52.973|0|0|article-data-leak-reveals-canadians-americans-donated-millions-to-fund-convoy.json|globemail
The article doesn't mention that many donors did so from municipal, provincial and federal email addresses.....|Lamont Cranston|2022-02-15 17:18:52.671|0|0|article-data-leak-reveals-canadians-americans-donated-millions-to-fund-convoy.json|globemail
American money of the Sierra fund for environmental action was highly criticist by some. Kenny even set up a monitoring agency to block it. Probably the same people who objected to it are now welcome American money for their own specific goals.|coolman|2022-02-16 02:34:56.787|0|0|article-data-leak-reveals-canadians-americans-donated-millions-to-fund-convoy.json|globemail
"“The biggest public misunderstanding of this protest is that it is about mandates and truckers,” Prof. Carvin said. “It is not.  That is the clear and true statement as to what this ""protest"" was all about. Right wing radicals whose hatred of democracy has been whipped up by Trump and the Republican Party.   The fact that our own right wing abusurdists commonly known as members of the Conservative party rushed out to fawn and ingratiate themselves with this rabble, and by extension Trump, show just how misguided is the CPC. Ms. Bergen is the Chief Ingratiator!"|Robbie11|2022-02-16 02:27:30.887|0|0|article-data-leak-reveals-canadians-americans-donated-millions-to-fund-convoy.json|globemail
Them crazy evangelist Americans.  Folks who've been nicely brainwashed.|app_70335371|2022-02-16 01:58:32.234|0|0|article-data-leak-reveals-canadians-americans-donated-millions-to-fund-convoy.json|globemail
BLM is a movement and not the US government. This is about foreign funding of people trying to undermine democratically elected governments in foreign countries.  Canadians should not be allowed to fund any group trying to undermine the US or State government. |BJF2|2022-02-15 21:00:19.818|1|0|article-data-leak-reveals-canadians-americans-donated-millions-to-fund-convoy.json|globemail
But its ok For Obama to influence Canadian elections by endorsing Trudeau . They endorse him knowing what a weak leader he is that America can walk all over.|DW15|2022-02-16 05:43:24.592|1|0|article-data-leak-reveals-canadians-americans-donated-millions-to-fund-convoy.json|globemail
. . . or stand up for their rights - gotcha|Kinkamania|2022-02-15 21:15:04.270|1|0|article-data-leak-reveals-canadians-americans-donated-millions-to-fund-convoy.json|globemail
Who has the right to demand that the democratically-elected government step down and be replaced by parties of their choosing?|Richard McL|2022-02-15 22:36:56.103|1|0|article-data-leak-reveals-canadians-americans-donated-millions-to-fund-convoy.json|globemail
That would be a Non-Confidence vote in the HOC.  Followed by Elections Canada calling an Election...then THE PEOPLE Vote.  And believe me EVERYONE will be voting in the next Election!!|app_70563881|2022-02-15 23:05:15.010|1|0|article-data-leak-reveals-canadians-americans-donated-millions-to-fund-convoy.json|globemail
Golly, not being able to eat in a restaurant for a couple of weeks and having to put on a mask with ouchy hurty elastics to go to the grocery store sure is draconian.  Also, nearly every Covid restriction that has any impact on our everyday lives is due to PROVINCIAL regulations and mandates, because federalism.|1535639634416|2022-02-16 03:05:21.743|1|0|article-data-leak-reveals-canadians-americans-donated-millions-to-fund-convoy.json|globemail
More like supporting an illegal siege. |app_67791708|2022-02-15 23:15:04.399|1|0|article-data-leak-reveals-canadians-americans-donated-millions-to-fund-convoy.json|globemail
"So the fact that Canadians donated money to BLM  - does that de-legitimize that organization ? Did they benefit from ""foreign money "" ? Just trying to understand your logic.  Maybe we should have a panel to decide what international donations are allowed and not allowed ? "|Kinkamania|2022-02-15 19:25:34.700|1|0|article-data-leak-reveals-canadians-americans-donated-millions-to-fund-convoy.json|globemail
"Just because a donation says ""America"" (or even ""Canada"") as its origin, doesn't mean that's it's actual home base. If I were the FSB I would have put the month's budget into this one - great turmoil and a demonstration of the uselessness of democracy for very modest bucks."|app_69937326|2022-02-16 00:02:28.478|0|0|article-data-leak-reveals-canadians-americans-donated-millions-to-fund-convoy.json|globemail
So what is your opinion of WikiLeaks?|app_70789131|2022-02-16 00:44:48.836|1|0|article-data-leak-reveals-canadians-americans-donated-millions-to-fund-convoy.json|globemail
"""functioning democracy""  I think not"|russb5|2022-02-15 20:43:22.263|1|0|article-data-leak-reveals-canadians-americans-donated-millions-to-fund-convoy.json|globemail
I beg to differ. It is you that have a baked in bias. The information presented in the article is very clear. It is very difficult to prove the domicile of these donations or the citizenship of the donors. Even it was provable it means nothing. The fact of thew matter is there are more than a few wacko fringe protestors that agree with some or all of their issues regarding the mandates.  Having said that the blockage of trade routes for more than one day was a mistake on their part. As was the infringement in residential and commercial areas in Ottawa. At the same time our government allowed it to continue until it became a huge problem, allowing them to come in with the heavy hand of government on all Canadians and not simply those in or supporting the protest.  It truly begs the question: Why it took the Trudeau government so long to act.. Their excuses make no sense.|norvan goldcard|2022-02-15 16:38:34.336|1|0|article-data-leak-reveals-canadians-americans-donated-millions-to-fund-convoy.json|globemail
Less than 1/10th of 1 % of Canadians donate, or you can say 36,000+ donors.  Lies, Damn Lies, and Statistics.|TDFW|2022-02-15 15:13:47.725|0|0|article-data-leak-reveals-canadians-americans-donated-millions-to-fund-convoy.json|globemail
Go ahead and make another donation then, stop making stuff up as the story goes along.   |Craig Stewart|2022-02-15 20:08:40.420|1|0|article-data-leak-reveals-canadians-americans-donated-millions-to-fund-convoy.json|globemail
Can we also review donors to the Pierre Elliot Trudeau Foundation. While I think that privacy in all cases should be kept, there are always the types of people that turn in Ann Frank or sell out people they dont agree with.|Jack Bauer|2022-02-16 13:00:37.239|1|0|article-data-leak-reveals-canadians-americans-donated-millions-to-fund-convoy.json|globemail
Well start by publishing your name and your business. You haven’t said much. |CPFC08|2022-02-16 03:35:37.227|1|0|article-data-leak-reveals-canadians-americans-donated-millions-to-fund-convoy.json|globemail
Ditto|DarwinBeard|2022-02-15 13:53:34.458|1|0|article-data-leak-reveals-canadians-americans-donated-millions-to-fund-convoy.json|globemail
Sorry I missed where there were 2000 guns in Ottawa. And I think I also missed their declaration that they were overthrowing the government. But I’m sure you have links to all that? |Cuevas|2022-02-15 14:52:51.640|1|0|article-data-leak-reveals-canadians-americans-donated-millions-to-fund-convoy.json|globemail
"the ""leader"" of the convoy has said as much on social media, prior to creating this protest."|rosedaled|2022-02-15 20:13:21.691|1|0|article-data-leak-reveals-canadians-americans-donated-millions-to-fund-convoy.json|globemail
What concerns me the most is Liberal+NDP governments just voted AGAINST a bill to have simply a PLAN to move forward out of covid mandates+restrictions - https://www.ourcommons.ca/members/en/live-vote?voteId=234  They literally want perpetual power and control, and will feed us any story that allows them to continue. This is the real issue, everything else frankly is noise. You would think our government would be excited about opening up...|PrudentInvest0r|2022-02-15 15:25:46.266|1|0|article-data-leak-reveals-canadians-americans-donated-millions-to-fund-convoy.json|globemail
"Are you familiar with how our democracy works?   We are not American.  As a matter of interest, as democracy was adopted around the world no other country has decided to follow the American political model.  A Parliamentary democracy is often led by a minority Government that must work in coalition with other parties.  It forces co-operation and compromise.   Remember the ""good-governance"" part of our constitution?  These protestors are proposing to usurp power - a removal of our PM is their starting position.  I don't disagree with their right to protest.  Taking over central Ottawa or blockading borders goes too far.  They can take their trucks and blessed protest elsewhere.  They should do like the vast majority of law abiding Canadians and participate in our parliamentary democracy to get Trudeau elected out of office.  As a society we need to remember that living in a democracy means we don't always get our way.  We won't always get a participation trophy.    "|jaybe|2022-02-15 18:35:09.367|1|0|article-data-leak-reveals-canadians-americans-donated-millions-to-fund-convoy.json|globemail
"arbitrarily freeze funds?  do you know what the word arbitrarily means?  I'm going to say ""No""."|rosedaled|2022-02-15 20:12:32.827|1|0|article-data-leak-reveals-canadians-americans-donated-millions-to-fund-convoy.json|globemail
Hi snahata:  Thanks for the pointer, but I'm not going anywhere near a site nor archived pages that were run by hackers.  I'm not as smart as they are, and I'll have no way of knowing if any kind of malicious payload was upload as part of visiting such a page. |CookeV|2022-02-15 14:17:16.943|1|0|article-data-leak-reveals-canadians-americans-donated-millions-to-fund-convoy.json|globemail
You Darwin, are the reason that Canada has become a global laughingstock. It's high time we sort it out and send the likes of you packing. Actually you deserve Canada as much as it deserves you at this point. Maybe send all of you to northern Ontario? Or Ukraine? Then you can learn some appreciation for the value of personal freedom. Because the soft, easy life your parents and grandparents gifted you has clearly been wasted. |todd_m|2022-02-15 14:09:43.909|1|0|article-data-leak-reveals-canadians-americans-donated-millions-to-fund-convoy.json|globemail
"Canada is not ""a global laughingstock"", as the right would like to portray it in order to implement a right-wing libertarian agenda of deregulation, tax cuts and small govt.  Many, many studies show otherwise.   A recent one, by the Wharton School of the University of Pennsylvania, in consultation with U.S. News & World Report, ranks Canada #1 country in the world to live after a survey of 78 countries, using a wide variety of metrics.  https://www.usnews.com/news/best-countries/overall-rankings  "|PHILCO3|2022-02-15 15:01:34.377|1|0|article-data-leak-reveals-canadians-americans-donated-millions-to-fund-convoy.json|globemail
Aren't you concerned our government is voting AGAINST having a plan to move forward? https://www.ourcommons.ca/members/en/live-vote?voteId=234|PrudentInvest0r|2022-02-15 15:24:11.171|1|0|article-data-leak-reveals-canadians-americans-donated-millions-to-fund-convoy.json|globemail
#1 in the world to live. Now that is indeed richly worth laughing about. |todd_m|2022-02-15 16:42:21.430|1|0|article-data-leak-reveals-canadians-americans-donated-millions-to-fund-convoy.json|globemail
1945 to 2018 were the best years so we can be thankful for that.  The compass pointing to the ideology of rights and freedoms has officially been broken.|app_70563881|2022-02-15 17:12:44.228|1|0|article-data-leak-reveals-canadians-americans-donated-millions-to-fund-convoy.json|globemail
Climate alone would knock Canada out of the top 10, as scoring a 'zero' in one category would be an automatic disqualification.|Lamont Cranston|2022-02-15 17:20:41.075|1|0|article-data-leak-reveals-canadians-americans-donated-millions-to-fund-convoy.json|globemail
Have you traveled outside of Canada?  What are you using as a comparison to Canada?|rosedaled|2022-02-15 20:05:35.194|1|0|article-data-leak-reveals-canadians-americans-donated-millions-to-fund-convoy.json|globemail
Now the real mask is coming off.   You'd just love to start sorting out 'undesirables' according to your definition, right?|Randall Leigh|2022-02-15 20:58:07.055|1|0|article-data-leak-reveals-canadians-americans-donated-millions-to-fund-convoy.json|globemail
great point|Jack Bauer|2022-02-16 13:01:17.519|1|0|article-data-leak-reveals-canadians-americans-donated-millions-to-fund-convoy.json|globemail
Wake up ... we are the laughing stock. You are simply so entrenched in the liberal fantasy you cant see clearly recent events.|Jack Bauer|2022-02-16 13:03:12.276|1|0|article-data-leak-reveals-canadians-americans-donated-millions-to-fund-convoy.json|globemail
"what rights, specifically, have been taken away?  I'm sick of these cry babies or say something is ""tyranny"" or ""authoritarian""... do you know what those words mean?!?!  Have any of these cry babies seen what ACTUAL tyranny looks like?  REAL authoritarianism?   If they did, they would know not to use those words.  #sad #notsurprised"|rosedaled|2022-02-15 20:04:47.932|1|0|article-data-leak-reveals-canadians-americans-donated-millions-to-fund-convoy.json|globemail
"@Proudfoot5950  It sounds like the usual suspects judging by the following:  ""Many of those top donations noted e-mail addresses pointing to Canadian farms, a gun range and companies in the resource sector."" "|PHILCO3|2022-02-15 14:52:50.654|1|0|article-data-leak-reveals-canadians-americans-donated-millions-to-fund-convoy.json|globemail
I would also like the names of those who funded illegal rail blockade, illegal pipeline blockades etc. Also would be nice to get funding info from US anti oil organizations that sent targeted funding to defeat Conservatives in vulnerable ridings.   All blockades are illegal and should be treated the same. |Practical Guy from Alberta|2022-02-15 15:12:20.649|1|0|article-data-leak-reveals-canadians-americans-donated-millions-to-fund-convoy.json|globemail
Further to my last point, I find all politicians and the majority of the people I talk to about this are hypocrites. I am for protests and against all illegal blockades. I find most people pick and choose - they support some illegal blockades and not others.   Until all illegal blockades are dealt with similarly, we are not upholding the rule of law or democracy. |Practical Guy from Alberta|2022-02-15 15:20:11.917|1|0|article-data-leak-reveals-canadians-americans-donated-millions-to-fund-convoy.json|globemail
I'd love to see the money trail between Covid spending and our politicians. Ford was already revealed to have given no-bid contracts to his donors for vaccine clinics & testing centres. Let's air all the laundry and see where the chips truly fall|PrudentInvest0r|2022-02-15 15:23:02.424|1|0|article-data-leak-reveals-canadians-americans-donated-millions-to-fund-convoy.json|globemail
with at least a 2-1 ratio of Canadians opposing these occupations,  I doubt this will be a winning proposition for these businesses..... |guy up north|2022-02-15 15:56:48.345|1|0|article-data-leak-reveals-canadians-americans-donated-millions-to-fund-convoy.json|globemail
exactly. Montag - add no respect to privacy laws to lack of appreciation for the freedom gifted to you. Hand in your passport on the way out. |todd_m|2022-02-15 14:14:35.821|1|0|article-data-leak-reveals-canadians-americans-donated-millions-to-fund-convoy.json|globemail
Could be from overseas Canadians.|Chris Lalonde 3.0|2022-02-15 20:40:30.926|1|0|article-data-leak-reveals-canadians-americans-donated-millions-to-fund-convoy.json|globemail
Yeah, just like the DNC email hack. Foreign agencies attack the US govt and call it a leak.|ZayWhat|2022-02-15 13:48:35.421|1|0|article-data-leak-reveals-canadians-americans-donated-millions-to-fund-convoy.json|globemail
I could be wrong, but I don't think James is saying he is a trucker, laid off because he refused to get vaccinated - he said he was laid off do (due) to the blockade (and their illegal activities have definitely caused suffering to others).|Richard McL|2022-02-15 14:33:08.220|1|0|article-data-leak-reveals-canadians-americans-donated-millions-to-fund-convoy.json|globemail
"The comparison to Polio is weak at best. The Polio vaccine, for example, PREVENTED you from GETTING Polio. IF covid vaccine prevented the spread of covid there would be a much stronger argument for ""Following the science"". People are tired of this trope. We are okay knowing that it was effective harm reduction. But Canadians are tired of being politicized over a vaccine. The fear and smear campaign is exhausting. The moral self righteousness from Team Trudeau is nauseating. I have no more to FEAR from my fellow compatriots whether they be vaccinated or not. Time to ""Follow the Common Sense"" for a change and let's get on with our lives...as CANADIANS all. "|Bruce Gerrard|2022-02-15 14:43:58.753|1|0|article-data-leak-reveals-canadians-americans-donated-millions-to-fund-convoy.json|globemail
Comparing the polio vaccine to the covid vaccines is like comparing a proven antibiotic, to using honey and essential oils to treat an infected wound.|PrudentInvest0r|2022-02-15 15:27:22.522|1|0|article-data-leak-reveals-canadians-americans-donated-millions-to-fund-convoy.json|globemail
Is this directed to the small minority of truckers who couldn't enter the US anyway without being innoculated?  Or, to the poster above who lost work due to illegal blockades?|rosedaled|2022-02-15 20:10:30.780|1|0|article-data-leak-reveals-canadians-americans-donated-millions-to-fund-convoy.json|globemail
Have you listened to Justin Trudeau babble lately, his divisive politics and government overreach?  He and his cabinet ministers needs more help from the Metal Health Association of Canada than anyone else.|Chris Lalonde 3.0|2022-02-15 20:37:24.418|1|0|article-data-leak-reveals-canadians-americans-donated-millions-to-fund-convoy.json|globemail
Tom_TO look up the organisers and fundraisers - Prof Carver is correct. One has a video on Twitter and posts on his Facebook page claiming the superiority of the “Caucasian bloodline.” Others were involved in the Yellow Vest movement a few years back, with connections to the Soldiers of Odin and their Edmonton splinter group the Wolves of Odin. Another was involved in disrupting an anti-racist demonstration in Alberta with violence.  I think the press has much more work to do to expose these backgrounds. The G&M made a half-hearted attempt about a week ago, but did not go into depth.|Northern Passage|2022-02-15 15:05:58.854|1|0|article-data-leak-reveals-canadians-americans-donated-millions-to-fund-convoy.json|globemail
Not all of the protesters were anti vax, You are correct some were nat zees   |GregaryPeckary|2022-02-15 13:34:45.127|1|0|article-data-leak-reveals-canadians-americans-donated-millions-to-fund-convoy.json|globemail
'mortal enemies'... for honking. How many of you are there out there? Canada needs a major flush of the ol toilet bowl|todd_m|2022-02-15 14:16:00.134|1|0|article-data-leak-reveals-canadians-americans-donated-millions-to-fund-convoy.json|globemail
Hmm. A ‘special interest group’ is 90% of the population? |northerncrank|2022-02-15 14:04:31.704|1|0|article-data-leak-reveals-canadians-americans-donated-millions-to-fund-convoy.json|globemail
Canadian money, eh? How do you know for sure that some of that wasn’t also transferred to Canadians from Americans? There seems to be a cosy relationship between many of these protestors and the American alt-right. |Ponders|2022-02-15 12:57:42.638|0|0|article-data-leak-reveals-canadians-americans-donated-millions-to-fund-convoy.json|globemail
"It will be interesting to see the scope of ""ethical hacking"".  "|Cricket|2022-02-15 15:45:16.303|1|0|article-data-leak-reveals-canadians-americans-donated-millions-to-fund-convoy.json|globemail
indeed. Americans clearly value freedom more. No surprise there. Canadians prefer their govt to make decisions for them. |todd_m|2022-02-15 16:43:36.344|1|0|article-data-leak-reveals-canadians-americans-donated-millions-to-fund-convoy.json|globemail
well done, Practical.  You make a very valid point.|rosedaled|2022-02-15 20:15:01.695|1|0|article-data-leak-reveals-canadians-americans-donated-millions-to-fund-convoy.json|globemail
"Misinformation there - golfprof.  The mission was always clearly stated:  End the Mandates.  Instead we get the escalation of imagined hostilities vs peaceful protest, via an unprecedented (now historic)  Emergency Act implemented on Valentine's Day by ""Liberals"" and ""NDP"", refusing to end the Trucker Protest while mandates are ending around the world and in 6-7 provinces so far this week.  GO FIGURE THAT OUT.  "|app_70563881|2022-02-15 18:01:35.732|1|0|article-data-leak-reveals-canadians-americans-donated-millions-to-fund-convoy.json|globemail
The fight against criminal activity is never ending.|ZayWhat|2022-02-15 13:47:46.466|1|0|article-data-leak-reveals-canadians-americans-donated-millions-to-fund-convoy.json|globemail
I agree. The activity of US organizations like the Tides Foundation and the Sierra Club are disturbing. They need to be investigated. |El Guapo 66|2022-02-15 13:54:38.309|1|0|article-data-leak-reveals-canadians-americans-donated-millions-to-fund-convoy.json|globemail
We'll need one more headline to break the tie lol....|Bob.McK|2022-02-15 13:07:44.127|0|0|article-data-leak-reveals-canadians-americans-donated-millions-to-fund-convoy.json|globemail
Hi Jennifer:  Conversely, political donations in Canada receive a tax deduction, starting at 75%. So a $100 donation to a political party in Canada leaves the donor only $25 out-of-pocket.  Donations to the convoy are not eligible for a deduction.  So while a direct number-to-number comparison won't hold water, a much larger trend-based (depth and breadth) comparison would.|CookeV|2022-02-15 13:18:42.528|1|0|article-data-leak-reveals-canadians-americans-donated-millions-to-fund-convoy.json|globemail
I didn't realize MAGA was a hard left movement. Thanks for clearing that up.|ZayWhat|2022-02-15 13:47:08.496|1|0|article-data-leak-reveals-canadians-americans-donated-millions-to-fund-convoy.json|globemail
Hard left. Give your head a shake!|antoine111|2022-02-15 14:47:49.664|1|0|article-data-leak-reveals-canadians-americans-donated-millions-to-fund-convoy.json|globemail
"is ""Freedom"" occupying the streets, preventing traffic and commerce, and annoying people all throughout the night...?"|rosedaled|2022-02-15 20:15:45.914|1|0|article-data-leak-reveals-canadians-americans-donated-millions-to-fund-convoy.json|globemail
Freedom should not include the right to inflict suffering on others by spreading a disease that has killed nearly 6M people, globally. Hard to imagine that there are people out there who would not jump at the chance to inconvenience themselves a little if it meant saving the life of someone else. |My2CentsEh|2022-02-15 23:47:27.616|1|0|article-data-leak-reveals-canadians-americans-donated-millions-to-fund-convoy.json|globemail
Other papers are reporting that a significant number of the donors were doing so from government email addresses at all three levels - municipal, provincial, and federal.|Lamont Cranston|2022-02-15 17:22:18.837|1|0|article-data-leak-reveals-canadians-americans-donated-millions-to-fund-convoy.json|globemail
Yes, I'd like to see those too.  Transparency is a good thing. |P S Cove|2022-02-15 14:56:50.272|1|0|article-data-leak-reveals-canadians-americans-donated-millions-to-fund-convoy.json|globemail
Through funds in my American bank account.  It can be traced back to me through legal means such as a court order but not by the news media or a university professor.|kbaumgart|2022-02-15 17:46:03.880|1|0|article-data-leak-reveals-canadians-americans-donated-millions-to-fund-convoy.json|globemail
I have the list... it was widely available online.  do you want to see it?|rosedaled|2022-02-15 20:18:47.566|1|0|article-data-leak-reveals-canadians-americans-donated-millions-to-fund-convoy.json|globemail
"Why is it that so many people quote the bible or some other religious text when they are about to do something monumentally stupid?  It's like ""Hold my beer..."""|See History|2022-02-15 16:31:58.131|1|0|article-data-leak-reveals-canadians-americans-donated-millions-to-fund-convoy.json|globemail
Seems the donations are about half & half.|Bikerman|2022-02-15 15:11:10.296|1|0|article-data-leak-reveals-canadians-americans-donated-millions-to-fund-convoy.json|globemail
RT, respectfully, this is nothing compared to the types of funding that stops projects in their tracks.   The truth is this column is meaningless. |M. Grimaldi|2022-02-15 16:26:40.839|1|0|article-data-leak-reveals-canadians-americans-donated-millions-to-fund-convoy.json|globemail
Uh, no. There was, and remains a lot of Canadian money in the environmental causes. Why?  Because we believe that if we poison our environment, we poison ourselves.  And unless you are suicidal, that's not a good idea.  And so we support environmental causes.|See History|2022-02-15 16:30:01.298|1|0|article-data-leak-reveals-canadians-americans-donated-millions-to-fund-convoy.json|globemail
False. I am one of the people who funded and continues to fund opposition to bitumen extraction and transport. We can go into the reasons somewhere else but the fact is that many, many Canadians across the country, including Alberta, contributed and contribute to campaigns to make our economy sustainable.|Steven Forth|2022-02-15 20:40:48.021|1|0|article-data-leak-reveals-canadians-americans-donated-millions-to-fund-convoy.json|globemail
Kenney spent millions trying to root out US funding of the environmental movement.  Came up with zilch.  |Rank Stranger|2022-02-15 20:22:09.512|1|0|article-data-leak-reveals-canadians-americans-donated-millions-to-fund-convoy.json|globemail
And I listened to the one coming from the PMO. We need to spend more time teaching interpersonal skills to our leaders.|app_69614698|2022-02-15 15:45:58.099|1|0|article-data-leak-reveals-canadians-americans-donated-millions-to-fund-convoy.json|globemail
"The only "" school "" they go to is Fox News apparently ."|Ken77777|2022-02-15 16:30:51.717|1|0|article-data-leak-reveals-canadians-americans-donated-millions-to-fund-convoy.json|globemail
Data leak, blah blah ... so?|2 Windy|2022-02-15 15:25:15.703|0|0|article-data-leak-reveals-canadians-americans-donated-millions-to-fund-convoy.json|globemail
The Winnipeg general strike of 1919 was one of the most famous and influential strikes in Canadian history. For six weeks, May 15 to June 26, more than 30,000 strikers brought economic activity to a standstill in Winnipeg, Manitoba, which at the time was Canada's third largest city. In the short term, the strike ended in arrests, bloodshed and defeat, but in the long run it contributed to the development of...  Repeat and rinse.   |app_69614698|2022-02-15 15:30:24.598|0|0|article-data-leak-reveals-canadians-americans-donated-millions-to-fund-convoy.json|globemail
Then perhaps you should use mouth wash. Donald Trump recommends bleach, mixed with Ivermectin|See History|2022-02-15 16:27:00.327|1|0|article-data-leak-reveals-canadians-americans-donated-millions-to-fund-convoy.json|globemail
99 per cent effective IF one wears an N95 . |Ken77777|2022-02-15 16:28:11.483|1|0|article-data-leak-reveals-canadians-americans-donated-millions-to-fund-convoy.json|globemail
And you know this because you have done research or from what you read on your social media feeds?|Steven Forth|2022-02-15 20:38:28.961|1|0|article-data-leak-reveals-canadians-americans-donated-millions-to-fund-convoy.json|globemail
Those silly surgeons. All those years of wearing masks to prevent spread of germs. Whatever gave them the idea that they were necessary?|Randall Leigh|2022-02-15 20:39:23.763|1|0|article-data-leak-reveals-canadians-americans-donated-millions-to-fund-convoy.json|globemail
"Read the whole bill.  https://www.justice.gc.ca/eng/csj-sjc/rfc-dlc/ccrf-ccdl/check/art1.html  ""Section 1 effects a balance between the rights of the individual and the interests of society by permitting limits to be placed on guaranteed rights and freedoms. “Most modern constitutions recognize that rights are not absolute and can be limited if this is necessary to achieve an important objective and if the limit is appropriately tailored, or proportionate.” (Canada (Attorney General) v. JTI-Macdonald Corp., [2007] 2 S.C.R. 610, at paragraph 36)."|APRoots|2022-02-15 17:05:29.883|1|0|article-data-leak-reveals-canadians-americans-donated-millions-to-fund-convoy.json|globemail
Howard et al 2021, Proc Nat Acad Sci. You are very, very wrong. |Mike Risk|2022-02-15 18:56:57.065|1|0|article-data-leak-reveals-canadians-americans-donated-millions-to-fund-convoy.json|globemail
As I watch the HOC sessions and see ALL parliamentarians in masks it looks like a macabre theatrical play.  Talking Heads / half a face.  They are all triple jabbed by now so why wear a mask?  Then the Speakers can take off the mask...so what's the point?|app_70563881|2022-02-16 00:08:54.110|1|0|article-data-leak-reveals-canadians-americans-donated-millions-to-fund-convoy.json|globemail
“We have to understand this movement as Canadian with overt American influence,” This is the scariest part in the article, as we all understand that the ‘American influence’ means Donald Trump’s influence. Those who think they are protesting for ‘freedom’ just unwittingly become the foot soldiers of the far-right extremists and anarchists.|MSL from Princeton|2022-02-15 15:38:25.651|0|0|article-data-leak-reveals-canadians-americans-donated-millions-to-fund-convoy.json|globemail
Let me get this straight:  Trudeau is not the democratically-elected Prime Minister, your Prime Minister?   |Richard McL|2022-02-15 16:55:09.752|1|0|article-data-leak-reveals-canadians-americans-donated-millions-to-fund-convoy.json|globemail
"You've identified the leadership problem Richard that is the root cause of he protests and the failure of governments to resolve them.   We have a democratically-elected Prime Minister who speaks for and too a small minority of Canadians.  This PM does not inspire or lead the country.  Instead of uniting the country he searches for and drives wedges that pit Canadians against each other.    Very dissappointing but we live in a divided nation where the  ""democratically-elected Prime Minister"" and their party (Liberal or Conservative) failed to capture the majority of the popular vote, in 5 out of the last 6 elections.  Do you really think the current PM represents the diverse views of Canadians?       "|app_70002541|2022-02-15 21:11:21.780|1|0|article-data-leak-reveals-canadians-americans-donated-millions-to-fund-convoy.json|globemail
This is our multi-party Parliamentary system.  If you don't like it, you could support the government in moving to proportional election or you could work to elect someone you prefer.  You do NOT get to declare OUR DEMOCRATICALLY-ELECTED GOVERNMENT illegitimate because you don't happen to like the PM.|Richard McL|2022-02-15 22:40:37.100|1|0|article-data-leak-reveals-canadians-americans-donated-millions-to-fund-convoy.json|globemail
He doesn't speak for 415 destructive truck drivers. |Rank Stranger|2022-02-16 00:27:26.938|1|0|article-data-leak-reveals-canadians-americans-donated-millions-to-fund-convoy.json|globemail
Exactly.  I have all of what KBaumgart has as well, but you still need that link to and from your Canadian source of funds.|Richard McL|2022-02-15 16:53:39.315|1|0|article-data-leak-reveals-canadians-americans-donated-millions-to-fund-convoy.json|globemail
Barbarians nonetheless if they have no compunction in doing harm to others in the name of religion. |DennisCasaccio|2022-02-15 15:31:40.855|1|0|article-data-leak-reveals-canadians-americans-donated-millions-to-fund-convoy.json|globemail
Right!  There were children at the protest, so that would be unfair.|Mgkootenay|2022-02-15 15:25:51.171|1|0|article-data-leak-reveals-canadians-americans-donated-millions-to-fund-convoy.json|globemail
"The Protest was about the MANDATES - you need to read the facts now and then.  ""Far Right Rabble"" and ""insurrection"",  ""right wing barbarians"" is NOT what this peaceful protest was or is.  The G&M used to just deep six or remove such language not too long ago.  G&M is losing subscriptions from fair minded, thoughtful, articulate citizens but obviously gaining subscriptions from other types of commenting.  Too bad.  "|app_70563881|2022-02-16 00:22:07.773|1|0|article-data-leak-reveals-canadians-americans-donated-millions-to-fund-convoy.json|globemail
Exactly. Get it together people. It matters. |todd_m|2022-02-15 14:04:05.788|1|0|article-data-leak-reveals-canadians-americans-donated-millions-to-fund-convoy.json|globemail
Hi NC:  That's a very interesting observation: what liability is there for someone who, in order to question the actions of another, calls attention to the salient fact used by that other party?  Well worth pondering. Kudos!|CookeV|2022-02-15 14:21:44.604|1|0|article-data-leak-reveals-canadians-americans-donated-millions-to-fund-convoy.json|globemail
I was thinking the same thing.  Why are all the media outlets releasing hacked, private information?  More double standards against the working class Canadians.|in-my-view|2022-02-15 16:09:50.189|1|0|article-data-leak-reveals-canadians-americans-donated-millions-to-fund-convoy.json|globemail
"Well, I don't believe it was a ""hack"", more like a government demand (whose Gov't we don't know), likely untraceable - have to ask CSIS if they have any idea?  Or maybe Homeland Security??  Or China? Or Russia?  I haven't a clue but it certainly wasn't me.  It's not a wonderful life anymore and, obviously, the only privacy we thought we might have had has been blown up by the whims of any and all political winds."|app_70563881|2022-02-15 17:03:09.182|1|0|article-data-leak-reveals-canadians-americans-donated-millions-to-fund-convoy.json|globemail
What? |Saltspringer|2022-02-15 15:26:04.818|1|0|article-data-leak-reveals-canadians-americans-donated-millions-to-fund-convoy.json|globemail
seriously, seriously flawed... |rosedaled|2022-02-15 20:11:17.519|1|0|article-data-leak-reveals-canadians-americans-donated-millions-to-fund-convoy.json|globemail
What does that have to do with a mob of anarchists occupying downtown Ottawa?  Curious.|PHILCO3|2022-02-15 14:49:43.011|1|0|article-data-leak-reveals-canadians-americans-donated-millions-to-fund-convoy.json|globemail
"Well said. Get a copy of ""Red Handed "" and read up on the Trudeau Foundation. "|GroverLR2|2022-02-15 15:25:26.086|1|0|article-data-leak-reveals-canadians-americans-donated-millions-to-fund-convoy.json|globemail
Please print the list. It is available. |Saltspringer|2022-02-15 15:26:40.248|1|0|article-data-leak-reveals-canadians-americans-donated-millions-to-fund-convoy.json|globemail
"I can get behind this... two wrongs do not make a right.  Let's be consistent and not participate in ""whataboutism"""|rosedaled|2022-02-15 20:11:00.890|1|0|article-data-leak-reveals-canadians-americans-donated-millions-to-fund-convoy.json|globemail
Using Carvin Illogic:  If a White male published Islamophobic slurs, then all White males are Islamophobic:  “The biggest public misunderstanding of this protest is that it is about mandates and truckers,” Prof. Carvin said. “It is not. The origins of this movement date back to at least 2019. These are anti-government extremists who have espoused Islamophobic and anti-Semitic views.”    |C. Parsons|2022-02-15 13:47:06.572|0|0|article-data-leak-reveals-canadians-americans-donated-millions-to-fund-convoy.json|globemail
Unfortunately they have this illusion they can have absolute freedom which is impossible in the average society where your freedom can butt into your neighbour's freedom.  That certainly happened when the far right fringe insurgents in Ottawa restricted the freedom of the downtown residents.  And the other insurgents on the Windsor bridge who revoked the freedom of the auto workers to have a good paying job.  Critical thinking isn't a skill with the far right fringe types.|Bikerman|2022-02-15 15:18:18.042|1|0|article-data-leak-reveals-canadians-americans-donated-millions-to-fund-convoy.json|globemail
And far left usually have there hand out.|DW15|2022-02-16 06:00:15.561|1|0|article-data-leak-reveals-canadians-americans-donated-millions-to-fund-convoy.json|globemail
That's the responsibility of the electorate. |DennisCasaccio|2022-02-15 20:06:18.570|1|0|article-data-leak-reveals-canadians-americans-donated-millions-to-fund-convoy.json|globemail
Alt-right freedom: If I don't like a sitting PM, I have the right to hold cities in lockdown and the right to shut down trade until the PM removed.   Anti-vax freedom: Same as above but with the addition of not liking vaccines. |FinVE|2022-02-15 16:01:05.530|1|0|article-data-leak-reveals-canadians-americans-donated-millions-to-fund-convoy.json|globemail
The Justin Trudeau government, the NDP and all their supporters clearly don’t.|Chris Lalonde 3.0|2022-02-15 20:41:22.691|1|0|article-data-leak-reveals-canadians-americans-donated-millions-to-fund-convoy.json|globemail
However, if we behave in a way that makes someone else sick and they end up struggling to breathe in the hospital ... what about their freedom? Freedom is pretty theoretical until you can't catch a breath and you realize that your freedom has been taken from you. |My2CentsEh|2022-02-15 23:49:54.159|1|0|article-data-leak-reveals-canadians-americans-donated-millions-to-fund-convoy.json|globemail
Congratulations?|app_69614698|2022-02-15 15:05:09.140|1|0|article-data-leak-reveals-canadians-americans-donated-millions-to-fund-convoy.json|globemail
So do most Canadians. |Steven Forth|2022-02-15 20:53:36.621|1|0|article-data-leak-reveals-canadians-americans-donated-millions-to-fund-convoy.json|globemail
Trudeau has endured the death threats because he has to. He has not talked as much hatred as Pat King spews forth in an hour.|Histteach|2022-02-15 19:12:13.516|1|0|article-data-leak-reveals-canadians-americans-donated-millions-to-fund-convoy.json|globemail
As always you have no idea what a totalitarian state is.|antoine111|2022-02-15 14:51:38.735|1|0|article-data-leak-reveals-canadians-americans-donated-millions-to-fund-convoy.json|globemail
"This idea of ""insurrection"" is quite a stretch.  The Queen( Or her representative the GG) can dismiss a Prime Minister as he/she serves "" at her pleasure"".  This goofy MOU simply asked that this be done.  As everyone is aware this would never happen and the group have since renounced this option.  You may disagree with the convoy, hate what they are doing etc. but this continuous talk of ""insurrection"" is not justification for the EMA as all tools are presently available to remove them without it.  Going after people who donated $50 or $100 is comical.  The EMA was a political move by JT to appear that he is doing something."|MARKHAMON|2022-02-15 18:25:47.158|1|0|article-data-leak-reveals-canadians-americans-donated-millions-to-fund-convoy.json|globemail
The key point is that drastic measures must have an independent point of control.  For example, police can't surveil an individual without a specific cause, and that cause must be verified by a judge, who then issues a warrant.  If you review the Emergencies Act, you'll find similar controls and conditions exist around its use.   So I do have an idea of the kind of state I'm advocating for.  It is the state that we have, and have had at least since 1988. |Rank Stranger|2022-02-15 18:36:11.128|1|0|article-data-leak-reveals-canadians-americans-donated-millions-to-fund-convoy.json|globemail
Looking forward to a data leak that will show us how many politicians in Canada and the States have shares in Pfizer and Moderna? Too many layers to go through. But we can always hope for a whistleblower who will sell his or her options, then explain how the aforementioned companies bribed their way into owning the podium when it came to vaccines. At 16 times the prices of the competition.|badger22|2022-02-19 19:13:16.462|0|0|article-data-leak-reveals-canadians-americans-donated-millions-to-fund-convoy.json|globemail
