﻿comment|username|datetime|isreply|num_replies|post_id|label
Let's agree on what a vaccine really is.  I vote  to call the polio, measles rubella vaccine a vaccine.  Anything that requires 2, 3, 4 and on going shots not be called vaccines as they do not stop transmission like the real vaccines do.  Lets call them...shots, like the flue shot.  No more confusion.   Want to celebrate shots, why not?  The collateral damage to our country has been and will be enormous. |1561215|2022-02-14 14:58:02.104|0|4|article-let-us-praise-vaccine-mandates-before-we-bury-them.json|globemail
"As for vaccines - mandates or otherwise - pay attention: Before vaccines the Spanish Flu virus after WW1 killed more civilians than WW1 military and civilian collateral deaths combined - in the order of 50 million. Prior to that in the post Columbian era 1500 - 1700 European diseases wiped out 90% of the native American populations - measles, small pox, TB .... The natives had no immunity and vaccines were another 400 years in the future. Inspect any older cemetery and note that perhaps half the headstones are of children who succumbed to the then normal childhood diseases - today all but forgotten due to universal vaccination. In my genealogical records back to the 1500s half the children died from disease - not starvation or conflict. The hype about "" freedom "" - you are free to do whatever to yourself, but when it impacts public health by allowing the virus to spread then all of us are entitled to limit that. And to provide a point of reference - until the day you are at the wrong end of a gun the minor ""medical procedure"" of getting vaccinated is hardly a cause for ""freedom"" convoys. The vaccines are proven highly effective absent statistically significant side effects. "|DieterHH|2022-02-14 16:22:18.540|0|3|article-let-us-praise-vaccine-mandates-before-we-bury-them.json|globemail
What's a gaud?  Better open your thesaurus and have a look in there.|Max Unvaxxed|2022-02-14 15:14:02.059|1|2|article-let-us-praise-vaccine-mandates-before-we-bury-them.json|globemail
Please.  What on earth are your credentials to declare that anything requires more than your arbitrary 1 booster isn't a vaccine?  My gaud, you can't even spell flu, yet you think we should accept your opinion over that of experts?|Richard McL|2022-02-14 15:08:24.962|1|2|article-let-us-praise-vaccine-mandates-before-we-bury-them.json|globemail
More nonsense from the far right!|bwana4swahili|2022-02-14 18:35:49.027|1|2|article-let-us-praise-vaccine-mandates-before-we-bury-them.json|globemail
Don't EVER celebrate blackmail used as a tactic! When you willingly hand over your lunch money to the bully on the first day of school rest assured you wont be eating for the rest of the school year. This is the slippery slope that needs to be fenced off immediately. Once we cede power governments will abuse it like they have done for ever! |Jack Chiavarini|2022-02-14 17:59:23.033|0|2|article-let-us-praise-vaccine-mandates-before-we-bury-them.json|globemail
The reputation of COVID vaccines are different than that of past vaccines that seemed to stop disease in its tracks.  Polio and smallpox vaccines were both highly effective in stopping these threats. The COVID vaccine appeared on the scene extremely fast but is much less potent in stopping the pandemic.  It was hard to disagree with the success of the polio and smallpox vaccines. The less potent COVID vaccines have left some wondering.  I am fully vaccinated with a booster. I have encouraged people to get vaccinated.   I disagree with the un-vaccinated but they are still Canadians an deserve respect. Our PM's actions were not those of someone leading an inclusive country like Canada. A very shameful performance that has scarred the country. |BC Thoughts|2022-02-15 14:15:15.560|0|2|article-let-us-praise-vaccine-mandates-before-we-bury-them.json|globemail
"While other newspapers publish retrospective analyses citing peer-reviewed meta studies on the failure of governments to contain the virus despite the ineffective lockdowns, the Globe publishes a self-aggrandizing piece by a bureaucrat directly responsible for these harmful policies.   An article where the author is proud to demonstrate the effect of government coercion against its citizens to participate in an experimental medical treatment, where global data increasingly reveals evidence of original antigenic sin, unprecedented levels of mortality, and a ballooning adverse affect database, not to mention skyrocketing case counts.   All while looking back proudly by proffering the 'illusion' of choice, ""take the vax and live your normal lives, don't take it, and we segregate and punish you"".   This is an abhorrent piece, written by an official with a guilty conscience published by a once-respectable newspaper that has descended to a propagandist tabloid for a government ruling against its own people.   The tides are turning, and it will be revealed that this author and this newspaper will be on the wrong side of history, despite their dubious, last-ditch efforts to deceive us."|Paul Hookham|2022-02-15 14:57:53.832|0|1|article-let-us-praise-vaccine-mandates-before-we-bury-them.json|globemail
Mandates are wrong when the vaccinated also get infected and spread the disease.  You need an overwhelming case based on the efficacy of the vaccine, not a minimal case such as we have in this instance.  Also many experts are now coming out and saying that total lockdowns and shutting down the economy did little good and significant harm.|William Lyon Mackenzie1|2022-02-15 04:07:20.307|0|1|article-let-us-praise-vaccine-mandates-before-we-bury-them.json|globemail
Care to comment on natural immunity in your science rambles? Care to comment about how quickly the booster loses effectiveness? Care to try, if even just for a half second, to think critically?  |RyBrSp|2022-02-15 03:51:44.816|1|1|article-let-us-praise-vaccine-mandates-before-we-bury-them.json|globemail
Agreed.  There is a legitimate public health role here for mandates, and they were imposed based on healthcare system impacts we all heard of. They won't last forever, and they have served to lower our hospitalization and death rates compared to many other countries.  Most Canadians got vaccinated and were tolerant of the mandates.  That we are at the point of even being able to debate lifting the various mandates based on public health data is a testament to their effectiveness.  And for those still debating vaccine effectiveness under Omicron, 3rd shot booster deemed by CDC to give +60% protection in lowering chances of getting/transmitting Covid (by lowering viral load in body, because antibodies & memory cells are killing Covid virus at the same time Covid is trying to replicate), whereas 2-shot vaccines has largely been outstripped by Omicron (down around 30-40% effective at best now) based on epidemiologists following data.   Mandates, when needed, work.  So do vaccines.   |CsOpining|2022-02-14 19:33:42.142|0|1|article-let-us-praise-vaccine-mandates-before-we-bury-them.json|globemail
Those who give up liberty for a bit of security deserve neither.|Caloric|2022-02-15 04:33:56.373|0|1|article-let-us-praise-vaccine-mandates-before-we-bury-them.json|globemail
"Time will tell how effective the mandates were but the majority of people supported them, as well as the restrictions, until Omicron arrived.  No stopping that freight train.  My family of 5 got it (two triple and three double vaxed) and they were careful.  A survey by Maru Public Opinion for Postmedia, shows that 64% of Canadians want restrictions and mandates lifted.   This number has been increasing week by week.  Public opinion is the ""follow the science"" that politicians are listening to. "|suedaninvestments|2022-02-14 17:30:26.715|0|1|article-let-us-praise-vaccine-mandates-before-we-bury-them.json|globemail
 same experts who said don't touch playground equipment in July, or deep clean every surface 8 times a day.  Experts are wrong all the time, we're right to call them out when they are wrong.  In this case, their wrong, mandates served a short lived usefulness, that usefulness is over now as Vaccines are proven to not prevent spread.  The only use they serve now is punishment and false security.  Both of which are not justifiable much longer.  Fact is, economically speaking we're going to have to learn to live with COVID sooner than later.  We are out of free money, you think truckers are something, wait until food and gas prices climb even higher.  |Corey Zimmermann|2022-02-14 17:29:37.757|0|1|article-let-us-praise-vaccine-mandates-before-we-bury-them.json|globemail
So this column is what socialists call ‘misinformation’   mandates, largely, have had almost no measurable public health benefit.   The addl. take up specifically for mandates is in the single digits and given that after 3mo a vax person and an unvaccinated person have roughly the same transmission level (~40%) means that the net public health effect is statistically insignificant.   Wirh that in mind, forced inoculation is a significant infringement on one’s bodily autonomy. |M. Grimaldi|2022-02-14 17:16:47.250|0|1|article-let-us-praise-vaccine-mandates-before-we-bury-them.json|globemail
Public health experts must be crying themselves to sleep. Politics has ruined all and any good that came out of following the science towards good public health policy decisions.   There are always two sides to very coin, and yes the anti-vaccine message is full of holes not validated in reason or science, and we need to reach these people somehow to help them understand vaccines are safe and effective.  But,  The decision to vilify the unvaccinated and turn this into a battle of us and them as a means to troll for votes has done so very much harm in trying to win people over to have faith in the system and trust in the science.   If another wave hits that demands more measures we are pooched as we have lost the battle in the ground where it really needed to be won. We cannot fight disinformation in the way we have chosen by making enemies out of the people we need to befriend and gain their trust. |Lisa Weber|2022-02-15 14:52:00.379|0|1|article-let-us-praise-vaccine-mandates-before-we-bury-them.json|globemail
The argument for vaccines is not the same argument as for vaccine mandates.   Once you get that straight, come back. |M. Grimaldi|2022-02-14 17:17:44.717|1|1|article-let-us-praise-vaccine-mandates-before-we-bury-them.json|globemail
"Considering the historic death toll of pandemics, the ""freedom"" complainers are just lucky to be alive."|vegan ninja|2022-02-15 03:49:17.446|0|1|article-let-us-praise-vaccine-mandates-before-we-bury-them.json|globemail
"While it is true that vaccine mandates have led to higher vaccination levels I would ask at what cost? Trust in public health officials is falling.  Our one size fits all ""get everyone vaccinated now with whatever vaccine is available"" policy has had some huge downsides that will become more evident as we move forward. There have been some huge red flags that have led me, and many others, to question whether the intent is public health or simply to get as many vaccines into arms as possible.  One is the refusal to acknowledge that naturally acquired immunity is real and robust.  Another is the refusal to recognize the safety issues and balance them against risk of serious Covid outcomes for the different demographics.  The most glaring of those is the myo/pericarditis issue with young men and the mRNA vaccines.  It is becoming more clear all the time that the risk for young men is many times (at least 84X) higher from the vaccine than from Covid."|JRideau|2022-02-14 15:31:41.217|0|1|article-let-us-praise-vaccine-mandates-before-we-bury-them.json|globemail
"I think it's spelled ""gawd"". "|The Emperor's Paparazzi|2022-02-14 15:27:05.714|1|1|article-let-us-praise-vaccine-mandates-before-we-bury-them.json|globemail
Yes Vaccine Mandates work very well at tearing apart the fabric of our society and allowing government shills to enlarge their egos.  |srr2|2022-02-15 18:58:26.801|0|1|article-let-us-praise-vaccine-mandates-before-we-bury-them.json|globemail
We should definetly evaluate the effectiveness of the mandates.   Some of them were created for political purposes and the optics of doing something (PCR border mandates plastic barriers in public settings, any mask that isn't N95, etc.).  Some of them were created to coerce individuals to tow the line and to increase vaccination rates (vaccine mandates- be honest, when we hit the herd immunity percentages, did we really get our freedoms ba k as promised?).  Some of them were created because we didn't know any better (lockdowns).  Before we begin celebrating mandates, let's hold an open forum and research their true effectiveness at mitigating worst case scenarios.   We also need clearly communicated metrics that lay a path for getting rid of mandates to avoid eroding trust in the medical system and the government.  It is amazing how many scientists spoke up against the mandates once people started protesting...  We will have a pandemic again, next time let's learn from our mistakes.|Nellis1|2022-02-14 15:01:46.643|0|1|article-let-us-praise-vaccine-mandates-before-we-bury-them.json|globemail
The federal and provincial governments made various decisions, some wrong, some right, in many cases we won't know for years or ever. There was a great deal of disagreement, debate and discussion, which is as it should be. What is undeniable is that governments had the right to make decisions and needed to make decisions. That is the dividing line. Who makes and enforces decisions? Elected governments or men with giant trucks?|Artie|2022-02-15 16:07:31.775|0|1|article-let-us-praise-vaccine-mandates-before-we-bury-them.json|globemail
If we followed your logic we might say things like it has even a waste of money to try and treat cancer because after years of heroic efforts to battle cancer it remains a leading cause of death.   You could say that but you would need to ignore the number of lives that have been saved.   If we also followed your logic we might also say that government policies around cigarette smoking that forced tobacco companies to print the harms of smoking on the packages, and public health campaigns aimed at getting people to quit smoking was government coercion aimed at taking away choice and which vilified smokers.   You could say that but you would have to ignore that such policies also saved lives by influencing choices people made.   We can say just about anything if we cherry pick information to support whatever conclusion we have decided must be right.   And if we separate the politics, which I agree has poisoned the arguments on both sides, we might be able to see the truth around all of the lies out there aimed to deceive us. |Lisa Weber|2022-02-15 16:22:23.736|1|1|article-let-us-praise-vaccine-mandates-before-we-bury-them.json|globemail
I have to disagree with this comment:   'The federal and provincial governments made various decisions, some wrong, some right, in many cases we won't know for years or ever. There was a great deal of disagreement, debate and discussion, which is as it should be.'  Throughout this pandemic there have been many attempts to stifle debate amongst highly accredited medical professionals. Governments have stymied debate and not permitted certain questions to be asked - Patty Hadju chastising a reporter in 2021 for asking her thoughts on a lab leak theory (now a main steam origin theory) to which she accused the reporter of spreading conspiracy theories. Canadians were told by Trudeau that closing borders was 'racist' - in actual fact it is a basic tenet of quarantine.   The Oxford, Harvard and Stanford academics who - after careful data analysis, related to both the virus and economics - came up with the 'great barrington declaration' have had their work and reputations smeared by the US government repeatedly.   Only recently has it become possible to say on social media without censorship that clothe masks are useless, and surviving COVID is as good as being vaccinated.  |HeatherDavid|2022-02-15 22:03:32.990|1|1|article-let-us-praise-vaccine-mandates-before-we-bury-them.json|globemail
So the Twinrix vaccine isn’t a vaccine?|bretski__gretzky|2022-02-14 16:17:03.287|1|1|article-let-us-praise-vaccine-mandates-before-we-bury-them.json|globemail
I consider choosing to get a vaccine or wear a mask as a demonstration of my freedom to choose. I have lost nothing!|BB1960|2022-02-21 19:02:38.113|1|0|article-let-us-praise-vaccine-mandates-before-we-bury-them.json|globemail
"What a deranged headline, it's like saying -  ""Before we stop burning witches at the stake, let's praise all the good work we've done!""  Delusional. Read the John Hopkins piece - Lockdowns did nothing - the entire response in terms of public health policy is a massive failure and the media helped it all happen. So I guess this headline is like a last gasp of insanity. "|RyBrSp|2022-02-15 03:50:19.830|0|0|article-let-us-praise-vaccine-mandates-before-we-bury-them.json|globemail
"A well written, intelligent report. As a BC person, I appreciate hearing how a Manitoba government person went about making decisions regarding health policy. I happen to be a Christian. So I have a concept of God as creator. The question is, how are diseases, viruses, and other evils, how do these fit into the scheme of Creation? And, how much power should a government have over our health ?  I think health is primarily an issue between a person and his god. But I came across an insight from Augustine (a bishop, 354-430). The quote said something like "" pathogens have no being, or have partial being"". Augustine understood the universe was a hierarchy of being, with God as pure, highest Being, man partway down, and rocks, trees, earth as more basic beings. Viruses need to enter a body, they attach onto some cells in a body, in order to live and replicate. So, isn't Augustine correct in his analysis? He doesn't answer the question does God create disease, but he sees disease, cancer, viruses, as evil and destroyers of life, having a place in the scheme of being. As a christian, I see God as giving hope, grace, and faith to live, in the midst of danger, risks, suffering and death."|Dave from Vancouver|2022-02-15 19:09:44.886|0|0|article-let-us-praise-vaccine-mandates-before-we-bury-them.json|globemail
Spoken like someone who has no understanding of those around them  Vaccine mandates worked.  Working in a retirement home I witnessed the most depressing Christmas of 2020 that has ever been.  Families could not be together. 2021 the vaccines brought hope and, while they aren't perfect, they have allowed families to be together again.  Not only at Christmas of 2021 but through out the year.  So while you see the mandates as Gov't control some of us see them as freedom.  It was your choice not to join in.  |9401doug|2022-02-15 20:19:42.989|1|0|article-let-us-praise-vaccine-mandates-before-we-bury-them.json|globemail
False stop spreading misinformation   Vaccines reduce your chances to get or spread it   And massively reduce hospitalization and death   The rest is irrelevant |Richard Wright|2022-02-15 15:11:49.788|1|0|article-let-us-praise-vaccine-mandates-before-we-bury-them.json|globemail
"Well, nothing's perfect -- I read the Great Barrington Declaration and took it seriously --  but there was still a great deal of disagreement, debate and discussion. Are you saying you'd rather have ""men with giant trucks"" make the decisions?"|Artie|2022-02-16 00:17:36.221|1|0|article-let-us-praise-vaccine-mandates-before-we-bury-them.json|globemail
Yes, there are two sides to every story!  Agree 100%|srr2|2022-02-15 19:05:01.975|1|0|article-let-us-praise-vaccine-mandates-before-we-bury-them.json|globemail
The absolute bestest part was we got locked up and were forced to watch the PM ramble on TV every single morning!!  No opposition leaders got to speak afterwards, ever!!! Media focussed on PM 24 X 7!! Week after week. Month after month.  Doling out money left and right, free money to whoever wanted it!!! Seemingly unlimited supply of money!! Every day more money.  Then he held a snap election and only got 32% of the vote. PM was pretty disappointed.  All that effort, all those massive resources unleashed for that once in a lifetime political opportunity, then little to show for it.  Man, this country is great. I think we proved that George Orwell was wrong.  |Henry Egan|2022-02-15 06:40:20.914|0|0|article-let-us-praise-vaccine-mandates-before-we-bury-them.json|globemail
They definitively worked at first   Tons of people got vaxxed who otherwise wouldn't have   However at this point theyve served their purpose.  If you arent vax by now you never will be |Richard Wright|2022-02-15 15:09:25.902|0|0|article-let-us-praise-vaccine-mandates-before-we-bury-them.json|globemail
"The problem isn't just that an infinitesimal amount of lives 'may' have been saved by the lockdown measures.  It's that the measures have resulted in a massive amount of avoidable deaths.  The fundamental premise in medicine is ""first do no harm"".  "|Paul Hookham|2022-02-15 20:19:41.219|1|0|article-let-us-praise-vaccine-mandates-before-we-bury-them.json|globemail
What PMs actions?  His words?  How do they differ from what Ford Kenney etc say?    I  never understood that.  Lots of people say the same things |Richard Wright|2022-02-15 15:10:31.303|1|0|article-let-us-praise-vaccine-mandates-before-we-bury-them.json|globemail
There are different kinds of vaccines, and diseases react to vaccines. You are correct that diseases such as Smallpox have been eliminated by vaccine. Polio is close to that status, but occasional cases still occur.  Other diseases, such as the flu are constantly changing are relatively mild in the young and healthy, but annual vaccines are recommended for the elderly or medically vulnerable.  COVID will fall into the second category, except that the symptoms so far are statistically more serious overall. Many will have mild symptoms, but COVID is more likely than flu to have serious symptoms.  Studies have shown that natural immunity to COVID wanes slightly more quickly the immunity gained through vaccination.  For the foreseeable future I will be getting flu and COVID vaccines as medically suggested. |BB1960|2022-02-21 19:00:46.439|1|0|article-let-us-praise-vaccine-mandates-before-we-bury-them.json|globemail
Unloved but appreciated describes my view.|Valzar|2022-02-15 14:44:58.922|0|0|article-let-us-praise-vaccine-mandates-before-we-bury-them.json|globemail
The death toll you speak of is concentrated on the very elderly, obese and unhealthy, ie, those with existing co-morbidities.  For the rest of us, covid was about as risky as influenza, though you wouldn't know it by the authoritarian reaction of our governments and their lapdog media.  Let's hope the most egregious example of government overreach in our lifetimes will not soon be repeated, though I doubt it, judging from the elevated fear that remains in the in the hearts of millions of weak-minded people.  |OPTIMIZAM|2022-02-15 04:34:47.977|1|0|article-let-us-praise-vaccine-mandates-before-we-bury-them.json|globemail
It didn’t work as well described. Most Canadians got the vaccine because it is a good health decision and fulfills an obligation to their fellow Canadians to assist in easing the pandemic.   while I’m sure the vaccine mandate helped some get vaccinated. I’d bet the impact is less then 5%. The rest of us did it because it was the right thing to do not because we were told. |rkgilmour|2022-02-15 04:44:11.850|0|0|article-let-us-praise-vaccine-mandates-before-we-bury-them.json|globemail
A small c conservative who believes in fiscal responsibility from governments, could care less who sleeps with whom nor whether adults uses whatever drugs the choose. I believe in meritocracy though if there are two equally qualified candidates I support a minority hire. I  get it, to the unhinged left that is about two notches below Mussolini. Now state your beliefs. |Jack Chiavarini|2022-02-15 15:17:39.895|1|0|article-let-us-praise-vaccine-mandates-before-we-bury-them.json|globemail
"So many experts and laymen commenting on how lifting restrictions, even in a phased manner which governments are doing, is ""too soon"" and not ""science-based"".  And yet one seldom, if ever, hears about when is ""soon enough"", as supported by the ""science"".  No matter where the line gets drawn, someone will complain that it is too soon and not supported by the science.  "|app_72107751|2022-02-15 02:55:42.642|0|0|article-let-us-praise-vaccine-mandates-before-we-bury-them.json|globemail
Vaccine protection lasts longer and natural immunity is only on the strain you already got  Vaccines are way better |Richard Wright|2022-02-15 15:13:08.733|1|0|article-let-us-praise-vaccine-mandates-before-we-bury-them.json|globemail
That you don't understand doesn't surprise me in the least.|Richard McL|2022-02-14 15:34:35.213|1|0|article-let-us-praise-vaccine-mandates-before-we-bury-them.json|globemail
Ya got called out on that one and rightly so....be careful when being sanctimonious with people ...it always backfires on you as it did here |app_72283311|2022-02-14 17:40:40.294|1|0|article-let-us-praise-vaccine-mandates-before-we-bury-them.json|globemail
It's not actually a word, so I think how one spells it until it is, is really up to them.|Richard McL|2022-02-14 17:57:32.635|1|0|article-let-us-praise-vaccine-mandates-before-we-bury-them.json|globemail
Nope.  They are actually vaccines.|Rationalthought|2022-02-14 15:22:17.600|1|0|article-let-us-praise-vaccine-mandates-before-we-bury-them.json|globemail
By 'definition'!|Richard McL|2022-02-14 16:52:05.528|1|0|article-let-us-praise-vaccine-mandates-before-we-bury-them.json|globemail
You don't get to vote on this.  What's next, a vote to repeal the laws of gravity and motion ?|app_69680838|2022-02-14 16:20:11.993|1|0|article-let-us-praise-vaccine-mandates-before-we-bury-them.json|globemail
You don’t need to do much research. Take a look at the statistics south of the 49th Parallel. Compare them to Canada’s. They have worked.|JAMESJOHN2650|2022-02-14 17:55:48.534|1|0|article-let-us-praise-vaccine-mandates-before-we-bury-them.json|globemail
Just to point out: 1) a vaccine passport by itself is not a mandate, and 2) choice between proof of vaccination or a negative test is not a mandate. |The Emperor's Paparazzi|2022-02-14 15:23:59.645|0|0|article-let-us-praise-vaccine-mandates-before-we-bury-them.json|globemail
Please. Those that refused to play ball don’t trust any authority that isn’t a football QB. They were never going to trust public health measures. We don’t need to bend over backward for a fringe of petulant children. They aren’t worth the time of day.|bretski__gretzky|2022-02-14 16:16:15.193|1|0|article-let-us-praise-vaccine-mandates-before-we-bury-them.json|globemail
I suspect that we’ll learn a great deal in the next couple of years about what was effective and what wasn’t during this pandemic. Initially governments at every level made decisions that showed how unprepared they were for such an event. As a result confusing messages were put out and not enough was done to protect the most vulnerable like those in long term care. That, in spite of the fact that by the time it arrived in many communities we knew this was where most of the risk lay.  Having said that, there needs to be some level of understanding for any mistakes that were made. We hadn’t face anything similar in a hundred years. And to think that our health care system can be permanently staffed for potential pandemics is completely unrealistic.  As I indicated we’ll learn a lot in the months and years to come. A recent study out of Oxford for example, intentionally inserted the virus in the noses of 39 volunteer participants. Eighteen of those developed no symptoms at all indicating that there might be a great deal of natural resistance in our population.   Still a lot of lessons to learn and planning to be done, but as humans it’s what we do.|DRYBURGH6|2022-02-14 15:40:21.289|0|0|article-let-us-praise-vaccine-mandates-before-we-bury-them.json|globemail
"""every available tool"" ? Apparently Mr. McLaughlin didn't get the memo that there is a family doctor shortage in Canada of tens of thousands, oh and also most of our hospitals are grossly understaffed. I don't know if we are better prepared to deal with any major health crisis in the future. "|Miller.Andrew|2022-02-14 16:18:55.007|0|0|article-let-us-praise-vaccine-mandates-before-we-bury-them.json|globemail
Vaccines work. In addition, masks also help. During the Spanish Flu pandemic there were no vaccines, but in jurisdictions that imposed mask mandates, infections declined. Vaccines work better than masks, but both masks and vaccines together work best. |atbowler|2022-02-14 17:03:17.198|1|0|article-let-us-praise-vaccine-mandates-before-we-bury-them.json|globemail
If people were smart enough to get vaccinated, there wouldn't be a need for mandates.  Come back when you get that straight!|bwana4swahili|2022-02-14 18:39:04.383|1|0|article-let-us-praise-vaccine-mandates-before-we-bury-them.json|globemail
Stating facts from vastly different pandemics which have no bearing on the current pandemic is not helpful.  Covid, prior to vaccination, had a CFR of somewhere in the .2 range and most fatalities were concentrated in the older and sicker demographics.  Add in vaccines that have proven to be ineffective at stopping transmission and the argument for mandating everyone to be vaccinated really is on shaky ground.  The only thing the vaccines seem to be doing at this point is reducing the chance of severe outcomes, but they are not guaranteeing that either as we see by the number of fully vaccinated people in hospital and ICU.  |JRideau|2022-02-14 17:26:28.853|1|0|article-let-us-praise-vaccine-mandates-before-we-bury-them.json|globemail
"And Covid says ""Hold my beer...you asked for it..."""|See History|2022-02-14 16:51:15.656|0|0|article-let-us-praise-vaccine-mandates-before-we-bury-them.json|globemail
If you compare Canada with USA, death rates are 1/3.  BOth countries very similar in urban/rural, however mandates and other precautions commonly used in Canada, longer and stronger than USA.  THe health outcomes for vaccinated indivduals are so much better thanthe unvaccinated.  Clear evidence everywhere in the world.   THe mandates do force some employees to make a choice, but no person being strapped to a gurney .|rich2020|2022-02-15 01:48:21.451|1|0|article-let-us-praise-vaccine-mandates-before-we-bury-them.json|globemail
Tired of lies.  Vaccines have proven to be very successful, in the USA the unvaccinated die at a rate 97 times the vaccinated.   THe difference is not so stark in Canada, because of higher vaccination rates.  https://www.factcheck.org/2022/02/scicheck-latest-cdc-data-unvaccinated-adults-97-times-more-likely-to-die-from-covid-19-than-boosted-adults/ |rich2020|2022-02-15 01:43:04.085|1|0|article-let-us-praise-vaccine-mandates-before-we-bury-them.json|globemail
Thanks to those vaccinations, your family survived.  People who think you just throw everything out the window because Omnicron is so contagious are morons.|Richard McL|2022-02-14 17:54:39.851|1|0|article-let-us-praise-vaccine-mandates-before-we-bury-them.json|globemail
Your views about government power are just regurgitated American right wing propoganda and paranoia.  One of the great strengths of our country is the integrity and professionalism of our governments. They aren't perfect, but shine compared to the other countries in the world, including the US.  US News and World Report, a respected news organization, ranks each country yearly. In 2021 Canada was ranked # 1 and our governance was highly rated.   |Jay Smyth|2022-02-15 03:31:53.441|1|0|article-let-us-praise-vaccine-mandates-before-we-bury-them.json|globemail
Blackmail is what the blockades are doing.|mlejcogs|2022-02-15 15:24:41.308|1|0|article-let-us-praise-vaccine-mandates-before-we-bury-them.json|globemail
"""In fighting COVID-19, governments have required the use of every available tool to protect the health of their citizens and the security of the health care system. Vaccine mandates were part of this tool kit. The mandates increased vaccine uptake, kept many people from winding up in hospital or dying, and allowed businesses and society to function more freely than at any previous point in the pandemic. Simply put, the mandates worked.""  And yet people are so determined to fight mandates tooth and nail!  How stupid have Canadians become!?"|bwana4swahili|2022-02-14 18:35:03.679|0|0|article-let-us-praise-vaccine-mandates-before-we-bury-them.json|globemail
I have 3 shots. I got c-19. I have 3 employees working for me who do have shots. I respect their choice.|cantab86|2022-02-20 22:24:12.666|0|0|article-let-us-praise-vaccine-mandates-before-we-bury-them.json|globemail
