﻿comment|username|datetime|isreply|num_replies|post_id|label
Per capita deaths from Covid. USA= 2819 per 1 million CAN= 924 per 1 million Pretty clear what country has done a better job of protecting it's people. Keenrs, what planet are you living on?|Nevyn42|2022-02-13 07:08:02.689|1|5|article-albertas-premier-is-confident-hes-done-the-right-thing-still-theres.json|globemail
I guess my problem with your statement is that I can't catch diabetes sitting next to you at a Flames game.|J steele5|2022-02-13 16:25:13.923|1|4|article-albertas-premier-is-confident-hes-done-the-right-thing-still-theres.json|globemail
Can't you just be happy for us Kelly?  The truckers are still on the borders because of JT.  We appreciate the lifting of mandates here.|Max Unvaxxed|2022-02-12 15:30:49.781|0|3|article-albertas-premier-is-confident-hes-done-the-right-thing-still-theres.json|globemail
And even with the reported number of COVID-19 cases declining in the province, hospitals are still full. “The system has no give. It has no tank of gas for that final push, if something should happen,” Ms. Notley said this week. Complete lie, and of course she isn't challenged on it. Hospital numbers in the province are in line with non covid years, simple union whining and propaganda and ndp garbage.   The numbers are there for anyone to look at. |Free_1|2022-02-13 15:51:25.082|0|3|article-albertas-premier-is-confident-hes-done-the-right-thing-still-theres.json|globemail
I forgot no such thing little man.  My post is, as always, perfect as it is written.  To summarize, last summer may not have been the Best Summer Ever.  But for me, and many I know, it was very, very good.  For the unvaxxed, not so much.  And this spring may be similar.  Perhaps it's Darwinism at work.  If so, you should be very careful.  |ALBERTA FIRST CDN FEDERALIST|2022-02-13 16:26:36.879|1|3|article-albertas-premier-is-confident-hes-done-the-right-thing-still-theres.json|globemail
Cryderman specializes in Kenney-bashing as does the Globe and Mail. Enough already.  Find some other whipping target.|William Lyon Mackenzie1|2022-02-13 18:16:23.377|0|3|article-albertas-premier-is-confident-hes-done-the-right-thing-still-theres.json|globemail
seems you have limited, if any, experience with fascism NOPE - CiA got it right.  Fascist - a political philosophy or movement that exalts race above the individual.  Check out the history of the organizers.   |GregaryPeckary|2022-02-13 10:38:23.670|1|3|article-albertas-premier-is-confident-hes-done-the-right-thing-still-theres.json|globemail
The eastern newspapers along with their buddies at CBC, CTV and Canadian Press thoroughly enjoy bashing Conservative premiers.  Its in their DNA.  Unfortunately western newspapers too often rely on what they are sent by the above organizations.  The Victoria Times-Colonists is a good example.  Every article on the current situation is positive for Trudeau and his minions.  During the recent election T-C reporters only went north of the Malahat to cover political leaders if the leaders were named Trudeau and Singh!|Torytwo|2022-02-13 19:42:55.064|1|3|article-albertas-premier-is-confident-hes-done-the-right-thing-still-theres.json|globemail
Kenney, a Great Follower and Believer and Advocate of the Patron Saint of Low Intelligence. Kenney is also, a Great Follower and Believer and Advocate of the Patron Saint of pancake flipping.  Jason Kenney - always flipping pancakes somewhere.   |GregaryPeckary|2022-02-13 10:12:37.806|1|2|article-albertas-premier-is-confident-hes-done-the-right-thing-still-theres.json|globemail
"As reported by Bloomberg, Americans, if injured, cannot sue Pfizer. In fact,  govts including our own, gave immunity to an industry to push a 'for emergency use only ' drug..  Some Insurance companies are using this clause to deny compensation.  This might explain why the terms signed by the feds with the VAX manfs was locked down and not released. And just maybe why Kenney is eager to get ahead of the curve.  https://news.bloomberglaw.com/health-law-and-business/why-a-judge-ordered-fda-to-release-covid-19-vaccine-data-pronto "" "|keenrs|2022-02-13 17:43:09.528|0|2|article-albertas-premier-is-confident-hes-done-the-right-thing-still-theres.json|globemail
He has more credibly than “we follow science” Trudeau!|SK001|2022-02-13 04:41:53.808|1|2|article-albertas-premier-is-confident-hes-done-the-right-thing-still-theres.json|globemail
"Alberta First - you forgot to mention in your post that this will be the ""best spring ever!!""     Except for the dead and all of their families. "|Darryl Williams|2022-02-13 15:26:58.135|1|2|article-albertas-premier-is-confident-hes-done-the-right-thing-still-theres.json|globemail
The fascists will not be satisfied until the children of the useful idiots are shot in the streets.  These are the people manipulating the social media feeds. |Canadian in Alberta|2022-02-12 18:39:17.738|0|2|article-albertas-premier-is-confident-hes-done-the-right-thing-still-theres.json|globemail
Kenny lifting mandates has done nothing to stop the protests. They will continue to block the border as they take on their new career as professional protestors. Kenny is abandoning farmers whos cattle will starve as feed cannot get across the border.|beau123|2022-02-13 14:35:35.726|0|2|article-albertas-premier-is-confident-hes-done-the-right-thing-still-theres.json|globemail
"Yeah we should wait.  Until the all clear from ""someone in authority""  Like Trudeau. Or maybe the WHO or the UN.  Let's deal with a couple of fictions, right off the bat.  First - last summer. Kenney declared Alberta is Open and Best Summer Ever.  And you know what? For the vast majority of Albertans, it was a great summer. For those vaxxed, the freedom was intoxicating  So, when the delta surge happened, who really suffered?  The unvaxxed, that's who. Whose fault was that?  And health care workers? I have three physicians in my family, and none of them had their practices seriously impacted by Covid. Any wave. Ever  Nurses, who apparently were exhausted, have received a generous new contract, and suddenly we don't hear about their exhaustion anymore.  Next:  Covid hospitalizations. BC's Bawling Bonnie Henry admitted that over 60% of Covid hospitalizations have nothing to do with Covid: folks in hospital for surgeries or other reasons who then test positive, few seeing any effects.  Lastly, Omicron: It IS mild. VERY mild: an estimated 4 million Ontarians infected, many with no symptoms, almost all shrugging it off like a head cold.  Time to open up.  But, quiverers gotta quiver.   "|ALBERTA FIRST CDN FEDERALIST|2022-02-13 14:16:37.895|0|2|article-albertas-premier-is-confident-hes-done-the-right-thing-still-theres.json|globemail
Job killing, irrational lockdowns to protect a very small minority of vulnerable ( they are overwhelmingly compromised of certain well known risk factors) in the population makes zero sense now. Kenney is doing what many countries around the world have already done, and what even many deep blue US States like California and New Jersey are now doing. As the Norwegians, amongst others, declared, this is now endemic, no longer a pandemic. What has been to our young people in particular is now bordering on criminal.|Layla13|2022-02-13 17:31:08.975|0|1|article-albertas-premier-is-confident-hes-done-the-right-thing-still-theres.json|globemail
"Malcom Gladwell has a piece that perfectly describes Kenney's tenure as Premier.  There are the competent, the incompetent and the overconfident. Overconfident leaders often “have an estimation of their abilities that is greater than their actual abilities. That’s a very serious problem and that leads to mistakes every bit as consequential, if not more consequential than the mistakes of incompetence”.  Name a policy failure that Kenney has committed that could not have been avoided if he had just slowed things down and asked someone outside of his caucus ""what could go wrong?""  But that would only happen if Mr Kenney was competent.  Its a shame as there are deeply competent conservatives in Alberta, but they seem to be avoiding provincial politics altogether."|J steele5|2022-02-13 16:40:43.436|0|1|article-albertas-premier-is-confident-hes-done-the-right-thing-still-theres.json|globemail
"""   Alberta’s premier is confident he’s done the right thing. Still, there’s good reason for skepticism  ""  Kenney, a Great Follower and Believer and Advocate of the Patron Saint of Low Intelligence."|pathdoc|2022-02-13 09:52:50.467|0|1|article-albertas-premier-is-confident-hes-done-the-right-thing-still-theres.json|globemail
There is a lane open. Has been for 10 days.  Kenney is finished anyway as he has turned his back on his voters. He will be gone by end of April and replaced by someone that isn’t a globalist. |NM0047|2022-02-13 15:31:52.706|1|1|article-albertas-premier-is-confident-hes-done-the-right-thing-still-theres.json|globemail
Fatigue doesn't mean a race is over.|Mgkootenay|2022-02-13 16:37:17.010|0|1|article-albertas-premier-is-confident-hes-done-the-right-thing-still-theres.json|globemail
  Its Kenney the Spendy rolling down the highway smiling  The Debt is big  on the back of Kenney's rig  Cause he's from the Laurentian Valley  he's from the Laurentian Valley   My apologies to Stompin Tom.     |GregaryPeckary|2022-02-13 10:48:37.907|0|1|article-albertas-premier-is-confident-hes-done-the-right-thing-still-theres.json|globemail
Kelly, have you ever not been skeptical of Alberta's, current governing party?  Why not Embrace lifting covid mandates? Celebrate what 4 provinces, many countries and even some blue and red states have started.   Yes our Healthcare is under distress. That's been the case for a decade or more. Our universal institution is a national disgrace and rated as one of the lowest performers in the OECD. That makes ALL disease a serious risk. But restricting human freedom is nolonger the mitigating factor to such incompetence.  Now get the feds to deliver on that $400m mobile hospital contract given to SNC. There is a big problem when the feds continue to not deliver.  |keenrs|2022-02-13 05:14:41.436|0|1|article-albertas-premier-is-confident-hes-done-the-right-thing-still-theres.json|globemail
Your last comment is the one that concerns me as well. Alberta born, Saskatchewan raised, I'm probably more conservative in many ways than anything else. But I cannot imagine supporting the Conservative parties in any of the provincial iterations, or the federal party as they are currently positioned. I think there are a lot of people like me, who are simply appalled at the kind of leadership we have seen through the pandemic, and at the prospect of the expected assumption of leadership of the Conservatives in Ottawa by yet another extremist.|JC60|2022-02-13 18:08:02.088|1|1|article-albertas-premier-is-confident-hes-done-the-right-thing-still-theres.json|globemail
He was confident he did the right thing the last time he took all mandates off and look what happened. In a couple of weeks when all these protesters come back home to Alberta fully infected, the Covid rates of infection will sky rocket. Russian roulette which ones will die from it but the hospitals will be overrun when they beg to be treated.  Will the army be brought in again to help with this self inflicted crisis? Will people have to be medevacked to other provinces? We've seen this all play out before. And to top it all off, after lifting mandates, they didn't stop the blockade anyway. This protest is about causing anarchy and hoping it buries the Liberals when in fact it's having the opposite effect. Who would vote for Conservatives now knowing these people are their base? Sad but true. |WCG1997|2022-02-13 16:20:43.116|0|1|article-albertas-premier-is-confident-hes-done-the-right-thing-still-theres.json|globemail
Thé blockaders not truckers are working a political agenda against our democratically elected government. My Alberta friends and community aren’t happy about Kenney’s actions. |anne wilson|2022-02-12 16:10:13.874|1|1|article-albertas-premier-is-confident-hes-done-the-right-thing-still-theres.json|globemail
Some may be frightened into paralysis for the rest of their lives by the pandemic,  If you are determined to avoid this virus you’ll have to live a life of solitude and fear.  The rest of us don’t want to live that way.  The vaccine mandates at the border are useless to anyone with some common sense.   The virus is here and putting 30 nurses at the Calgary airport testing randomly is pure comedy, a waste of resources and annoying.|Roadglide3040|2022-02-13 15:54:16.676|1|1|article-albertas-premier-is-confident-hes-done-the-right-thing-still-theres.json|globemail
Yes the numbers are there for everyone to look at and they do not support your observation that hospital numbers resemble non covid years. In the last 7 days there have been 11,418 covid cases, new cases today are 1363 and there have been 22  new deaths. Hospitals according to kenny himself are at 87% capacity.. not overwhelmed thats true but how many of those beds are being taken up by covid patients that could be taken up by cancer/surgical patients?|curiousgeorge|2022-02-13 17:30:54.659|1|1|article-albertas-premier-is-confident-hes-done-the-right-thing-still-theres.json|globemail
Where? Don't just claim statistics -- show them. |Sahd Man|2022-02-13 16:40:04.977|1|1|article-albertas-premier-is-confident-hes-done-the-right-thing-still-theres.json|globemail
"Can't agree with you more Alberta First...  to add to your comments:  We should ALL care about ALL deadly disease, equally. Not just the one our hospital is hyperfocused on; or, apparently the only one that counts politically.  Trudeaus MPs said it, ""the $600m election was intentionally politicized on covid"". Trudeau says the same, ""it's all about covid"".  How many lives were lost over a nothing election? Why didn't they use the money to fix the capacity issue?  A dog in this country can receive surgery within days. Yet our Healthcare won't give humans the same decency. Some must wait years, if they last that long. Now delayed surgeries number in the 100's of thousands. Opioid deaths are skyrocketing in BC, far worse than covid. Mental Health and rated disease is skyrocketing.  It's time we look at the big picture. There is more to disease than covid numbers."|keenrs|2022-02-13 14:28:56.353|1|1|article-albertas-premier-is-confident-hes-done-the-right-thing-still-theres.json|globemail
The one that cares about the living more than the dead. |LGA_2012|2022-02-13 07:57:38.480|1|1|article-albertas-premier-is-confident-hes-done-the-right-thing-still-theres.json|globemail
So: What do you say the odds are of harm from these vaccines?  Given that the doses delivered are in the billions, you would expect lots of data to be available. Real data that is.  Quite frankly, in the race to the bottom of the gene pool, it is a neck and neck contest between you anti-vax mopes and the lockdown-forever quiverers.|ALBERTA FIRST CDN FEDERALIST|2022-02-13 18:52:00.862|1|1|article-albertas-premier-is-confident-hes-done-the-right-thing-still-theres.json|globemail
Um, the blockage in Windsor didn't end. It came back with even more people. |LGA_2012|2022-02-13 08:00:05.093|1|1|article-albertas-premier-is-confident-hes-done-the-right-thing-still-theres.json|globemail
"Kelly and her media friends must think they are still running student union newspapers at university.  The constant conservative-bashing is a prime reason why the protesters have turned on the media.  Journalists used to report the news, as opposed to ""spinning"" it so much."|app_72107751|2022-02-14 02:53:43.468|0|1|article-albertas-premier-is-confident-hes-done-the-right-thing-still-theres.json|globemail
Pray tell what the science says.  That Covid isn't over?  Of course it's not.  If we are to wait until Covid is over to end the restrictions, we'll never get there.  The science has not offered any advice on when the restrictions should be lifted.  No matter what level/date is chosen, there will be outrage by people on both sides who say it is too soon or too late.   |app_72107751|2022-02-14 02:47:31.049|1|1|article-albertas-premier-is-confident-hes-done-the-right-thing-still-theres.json|globemail
"Mr Kenney - always following the ""base"" and not bothering with science.  It is ironic that he is opening up now  when the virus count is coming down in the two big cities where he has less support and it is rising in the non-urban areas where his support is higher.   "|Canuck_in_UK_007|2022-02-13 21:02:54.081|0|1|article-albertas-premier-is-confident-hes-done-the-right-thing-still-theres.json|globemail
It seems you have limited, if any, experience with fascism. Tends to weaken your arguments even more,|Don227|2022-02-13 09:23:37.305|1|1|article-albertas-premier-is-confident-hes-done-the-right-thing-still-theres.json|globemail
Mr. Kenney is in the fight of his life. Staunch conservative supporters of the UCP have spoken openly against him. After only two years in office, to suffer a humiliating leadership loss would be the end of his political career. There is a lot at stake for the conservative movement in Canada.|Jimbo5|2022-02-13 20:15:18.593|0|1|article-albertas-premier-is-confident-hes-done-the-right-thing-still-theres.json|globemail
Jason Kenny has never allowed the health and welfare of the people of Alberta to get in the way of his personal political welfare and survival, so this latest gambit is nothing new.   He and Scott Schmoe, the two most craven Premiers ever.     |Allan19531|2022-02-13 04:34:48.380|0|1|article-albertas-premier-is-confident-hes-done-the-right-thing-still-theres.json|globemail
We have seen what happens when a province like ontario (finally!) gets serious and decides that border blockades have to go.  They declare a state of emergency, marshal all necessary resources, and back it up with court orders, threats of fines, loss of licenses, confiscation of assets, and personal detention.  When faced with the power of the state, the protestors melted away like snow in april.    That course of action is open to Mr Kenney at coutts, but I suspect he won't take it because he basically can't trust some of his caucus and base to be onside with it and has a leadership review coming up.    So he tried to appease the protesters by prematurely and quickly dropping the alberta vaccine mandate.  It may work out but who knows?  In any case, he has angered some voters who thought a more science based gradual approach was warranted.  And dropping the mandate didn't seem to help the border situation for the protesters didn't budge.  Blackmailers are like that - always wanting more.    Now Mr Kenney has the worst of both worlds.  I almost feel sorry for him until i remember he is partly the architect of his own misery    |Huntsman57|2022-02-12 20:07:37.439|0|1|article-albertas-premier-is-confident-hes-done-the-right-thing-still-theres.json|globemail
What are Alberta doctors saying about this? |Alison_D|2022-02-12 19:00:28.599|0|1|article-albertas-premier-is-confident-hes-done-the-right-thing-still-theres.json|globemail
My neighbour got called in while still sick with Covid to work in the ER last week.  There was no one else to call in.  So while hospital numbers are in line, available staff are not.  I know that is a very complicated notion for certain people to understand, but generally its better if hospital staff are not spreading the disease themselves.|J steele5|2022-02-13 16:23:49.479|1|1|article-albertas-premier-is-confident-hes-done-the-right-thing-still-theres.json|globemail
Kenny might have some credibility if he were to denounce the foreign money being sent to the occupiers.|Paul45|2022-02-13 03:09:00.388|0|1|article-albertas-premier-is-confident-hes-done-the-right-thing-still-theres.json|globemail
True, we’ve stopped helping those that need the hospital for something other than Covid. People in pain, people with life threatening illnesses and people needing cancer treatments. Sad that people don’t think about them unless they know of someone or are that someone.|WCG1997|2022-02-13 18:03:19.062|1|0|article-albertas-premier-is-confident-hes-done-the-right-thing-still-theres.json|globemail
"Is 2022 going to outdo the ""best summer ever""? That summer ended with the health care system overwhelmed and Kenney requesting military support to transport patients to other hospitals. ""Boom and bust"" Kenney never learns but maybe this time it's different. ""This time it's different"" is the constant hope of all Alberta conservatives. "|Ric_hard|2022-02-14 11:24:54.097|0|0|article-albertas-premier-is-confident-hes-done-the-right-thing-still-theres.json|globemail
Let's see, the federal conservative party is in disarray because the far right fringe is in bed with the insurrection so now you know why there is this conservative bashing.  Maybe if they fixed their misplaced loyalties, there wouldn't be this bashing.  |Bikerman|2022-02-15 15:28:24.474|1|0|article-albertas-premier-is-confident-hes-done-the-right-thing-still-theres.json|globemail
And why is it that staff aren't available? Could it be the overburden some quarantine requirements.  Im not actually arguing our system isn't terrible and constantly on the brink of collapse, im saying it's not because of covid, it's because of poor management and bureaucracy. |Free_1|2022-02-13 17:36:19.774|1|0|article-albertas-premier-is-confident-hes-done-the-right-thing-still-theres.json|globemail
A third category - two is enuf vax'r.  |keenrs|2022-02-13 20:52:11.442|1|0|article-albertas-premier-is-confident-hes-done-the-right-thing-still-theres.json|globemail
"Check out ""covid statistics canada"" there are probably other sites but that is the one I used."|curiousgeorge|2022-02-13 17:31:52.613|1|0|article-albertas-premier-is-confident-hes-done-the-right-thing-still-theres.json|globemail
The CPC, and right wing in general, has chosen to focus on the individual risk -- for example, to students.  It has chosen to ignore the communal risk.  Students who live with elderly relatives now have to balance both their safety (generally good, especially with vaccination) with that of their relatives; and this discounts the long-term effects as well, which include both long-Covid and a heightened risk for coronary complications equivalent to smoking.    Science doesn't offer any insight into when the pandemic should be 'over' because it deals with facts and not policy. The seven-day average of Covid-19 deaths in Canada is over 100; the seven-day average of cases is over 4000; the disease is an infectious one where there is both a communal and an individual risk.  Science suggests that there is one safe, legal, and quick measure that would lessen a huge amount of the communal risk;  requiring vaccination.   |Nick2244|2022-02-14 14:33:08.310|1|0|article-albertas-premier-is-confident-hes-done-the-right-thing-still-theres.json|globemail
It’s not ‘emergency use’ only anymore- full approval was given months ago.|northerncrank|2022-02-13 18:31:13.964|1|0|article-albertas-premier-is-confident-hes-done-the-right-thing-still-theres.json|globemail
The Emperor of Alberta has shown his true colours which is a weak & waffling Neville Chamberlain as he appeased & then surrendered to the mob who are still at Coutts.  So did his buddy Scotty Moe in Saskatchewan.|Bikerman|2022-02-13 18:12:52.860|0|0|article-albertas-premier-is-confident-hes-done-the-right-thing-still-theres.json|globemail
Boss, regarding that task you've made me responsible for ...  I've reflected on the right and prudent way to do it and reached an inflection point in my understanding which allows me to calibrate an original solution.  ....... Is this solution any different than what you've shown me few times before?  No.  ...... You're fired.|gdp42|2022-02-13 20:44:42.194|0|0|article-albertas-premier-is-confident-hes-done-the-right-thing-still-theres.json|globemail
Lots of Albertans are disgusted with him giving into blackmail and pandering to covidiots. Clear the borders you incompetent Muppet!|WesternPatriot|2022-02-13 23:39:20.331|1|0|article-albertas-premier-is-confident-hes-done-the-right-thing-still-theres.json|globemail
You know what actually moves Jason Kenney to tears? Pulling out his nose hairs. That's it. This man has no emotions, and cannot be moved to tears ... unless he's putting on a show for the camera.|Sahd Man|2022-02-13 16:39:13.524|0|0|article-albertas-premier-is-confident-hes-done-the-right-thing-still-theres.json|globemail
My Dad use to say something like this to me when referencing some of my friends.   “just because Boris jumps off a cliff, doesn’t mean you should.”|Kim2301|2022-02-13 21:01:20.313|1|0|article-albertas-premier-is-confident-hes-done-the-right-thing-still-theres.json|globemail
Kenney make himself an easy target of criticism. |Kim2301|2022-02-13 20:53:36.344|1|0|article-albertas-premier-is-confident-hes-done-the-right-thing-still-theres.json|globemail
How about another target - Trudeau.|beatsal|2022-02-13 19:53:17.038|1|0|article-albertas-premier-is-confident-hes-done-the-right-thing-still-theres.json|globemail
"sounds a lot like ""The Peter Principle"". "|Darryl Williams|2022-02-13 17:49:39.621|1|0|article-albertas-premier-is-confident-hes-done-the-right-thing-still-theres.json|globemail
And I for the first time was looking at the Conservatives when they brought in Scheer and then he just did a nose dive with his ideologies. Couldn't pull the switch. Then when they got O'Toole I was interested again but after the Scheer debacle was not trusting enough and wanted to have more time to see what he and the party was like as I liked his outlook. So what happens? They get rid of him because he's not far right enough. That tells me that they are not a party I would want anything to do with. With these latest tactics of what is known as the Conservative base, they've managed to make it a long time before I could trust them to have the same outlook as myself. Even though I'm not a fan of the Liberals, they leave no choice as for me, the Conservative base is more of a threat with their 50's outlook and longing for yesteryear. It's the lesser of two evils. |WCG1997|2022-02-13 18:36:17.287|1|0|article-albertas-premier-is-confident-hes-done-the-right-thing-still-theres.json|globemail
Maybe if those conservative premiers weren't such spineless appeasers, there might not be so much bashing.|Bikerman|2022-02-15 15:33:34.132|1|0|article-albertas-premier-is-confident-hes-done-the-right-thing-still-theres.json|globemail
PostMedia and Sun newspapers provide a wealth of conservative opinion. Regardless, the MSM in Canada is much more politically balanced then partisan media in the U.S. and the U.K. |Jimbo5|2022-02-13 20:25:23.825|1|0|article-albertas-premier-is-confident-hes-done-the-right-thing-still-theres.json|globemail
For some, the race will never be over and will want restrictions to continue forever.|The Laast Conservative |2022-02-13 17:24:06.747|1|0|article-albertas-premier-is-confident-hes-done-the-right-thing-still-theres.json|globemail
Kenny is a yahoo.|12345Bill|2022-02-13 16:37:19.131|0|0|article-albertas-premier-is-confident-hes-done-the-right-thing-still-theres.json|globemail
The biggest is their love affair with the far right fringe which counters the silent majority of Canadians who prefer the center of the spectrum.|Bikerman|2022-02-15 15:30:12.687|1|0|article-albertas-premier-is-confident-hes-done-the-right-thing-still-theres.json|globemail
Bee Ess.  I'm triple vaxxed, and could not care less about you fear mongering quiverers.  And you've never paid for me, for anything, in your life.  Keep quivering, keep shaking, and stay home.   |ALBERTA FIRST CDN FEDERALIST|2022-02-13 17:29:25.210|1|0|article-albertas-premier-is-confident-hes-done-the-right-thing-still-theres.json|globemail
So what the heck are all the farm tractors etc doing there. They are abandoning their own..|Bob McLean1|2022-02-13 19:19:39.722|1|0|article-albertas-premier-is-confident-hes-done-the-right-thing-still-theres.json|globemail
And that will help them in Alberta. LOL|WCG1997|2022-02-13 16:21:14.945|1|0|article-albertas-premier-is-confident-hes-done-the-right-thing-still-theres.json|globemail
Awesome.  Simply awesome.|Fcfrancis|2022-02-13 08:48:57.349|1|0|article-albertas-premier-is-confident-hes-done-the-right-thing-still-theres.json|globemail
The Alberta mandates have always been a divisive issue within the UCP &, I believe, something that the WildRose Party members are fairly united against.  If I'm correct, then Kenney is phasing out the mandates as a political move to limit leakage of supporters to WildRose.  It's a shame that a health isuue is treated as a political & not a public health question.|bob adamson|2022-02-13 02:18:24.867|0|0|article-albertas-premier-is-confident-hes-done-the-right-thing-still-theres.json|globemail
He's always been pretty incompetent.|TimBee100.|2022-02-12 21:30:37.358|0|0|article-albertas-premier-is-confident-hes-done-the-right-thing-still-theres.json|globemail
My wife is a frontline healthcare worker in Alberta and Covid is entering the hospital in a big way during every shift she works. We are far away from being ready to significantly reduce restrictions. this is all about Kenney submitting to the rural hillbilly base in advance of his upcoming leadership review. Most Albertans are disgusted by him. |opescador|2022-02-12 20:14:07.863|0|0|article-albertas-premier-is-confident-hes-done-the-right-thing-still-theres.json|globemail
Um, the blockage in Windsor didn't end Thats why I invested in Big Toilet eventually, the blockage will end.|GregaryPeckary|2022-02-13 10:32:35.036|1|0|article-albertas-premier-is-confident-hes-done-the-right-thing-still-theres.json|globemail
Who cares, they have been wrong time and again on this and never had to explain themselves. |Free_1|2022-02-13 15:58:09.031|1|0|article-albertas-premier-is-confident-hes-done-the-right-thing-still-theres.json|globemail
                             WARNING WARNING    -     Alternative Facts !!    |GregaryPeckary|2022-02-13 17:50:57.298|1|0|article-albertas-premier-is-confident-hes-done-the-right-thing-still-theres.json|globemail
Qanon believer whaat?|Rex Steel|2022-02-13 17:33:14.414|1|0|article-albertas-premier-is-confident-hes-done-the-right-thing-still-theres.json|globemail
Fascism - here's a bit of insight greg:  1) the PM  insuated race by demonizing and marginalizing the fringe (a diverse crowd from all reports) 2) propaganda -  use the govt paid media to spew hatred at the fringe and provide unbalanced coverage; 3) tactical warfare (plant 2 flags in the crowd to shift the narrative (peaceful protestors object as well);  4) follow the chattering class noise, who are naive of the working class and who accept authoritarian rule if it compromises their power structure.  The boiled frog syndrome appears to be alive and well among the chattering class.|keenrs|2022-02-13 14:21:02.918|1|0|article-albertas-premier-is-confident-hes-done-the-right-thing-still-theres.json|globemail
Bring out your dead!|Fcfrancis|2022-02-13 08:50:21.253|1|0|article-albertas-premier-is-confident-hes-done-the-right-thing-still-theres.json|globemail
Kenney led us into a health care disaster last summer because of his primary interest in retention of personal political power. With him reacting so quickly, without consultation with those affected by this unneccesarily rapid change, his motivation seems to be the same. |Leslie Ellestad|2022-02-12 17:34:28.520|0|0|article-albertas-premier-is-confident-hes-done-the-right-thing-still-theres.json|globemail
I believe Kenney's lifting of restrictions had nothing to do with the blockade BUT EVERYTHING to do with the upcoming leadership review on April 9. |DebbieTy|2022-02-12 17:28:17.140|0|0|article-albertas-premier-is-confident-hes-done-the-right-thing-still-theres.json|globemail
Oh is that the greatest summer ever? I would love to see the greatest spring ever. |Jeff ScottWarren|2022-02-12 16:34:11.019|0|0|article-albertas-premier-is-confident-hes-done-the-right-thing-still-theres.json|globemail
Another slimy politician busy checking to see which way the wind is blowing.|Mac45|2022-02-12 16:07:59.917|0|0|article-albertas-premier-is-confident-hes-done-the-right-thing-still-theres.json|globemail
Well Max, those of us who are vaxxed have carried the weight for you, you're welcome. You could add a thank you to the over-burdened medical staff who have to care for covid patients. And who are likely to remain over-burdened by those like you who refuse to step up and help get this thing under control. You're a draft dodger, Max, leaving the hard work to others. Shame on you.|app_70398181|2022-02-12 17:32:05.990|1|0|article-albertas-premier-is-confident-hes-done-the-right-thing-still-theres.json|globemail
Max I have a song for you. Ramranchresistance. That will make you feel at home |Jeff ScottWarren|2022-02-12 16:35:01.022|1|0|article-albertas-premier-is-confident-hes-done-the-right-thing-still-theres.json|globemail
I'm one of you. It would have been wiser to go bit by bit for the next couple of months.|app_70398181|2022-02-12 17:44:00.651|1|0|article-albertas-premier-is-confident-hes-done-the-right-thing-still-theres.json|globemail
Yes, Facebook epidemiology is so much better. It can tell you whatever you want to hear.|Nick Wright|2022-02-13 17:16:08.789|1|0|article-albertas-premier-is-confident-hes-done-the-right-thing-still-theres.json|globemail
Fords pretty bad too -  HE is all ways on the phone 24/7 even while sledding.   |GregaryPeckary|2022-02-13 10:23:15.642|1|0|article-albertas-premier-is-confident-hes-done-the-right-thing-still-theres.json|globemail
They weren’t dead when we started caring.|Fcfrancis|2022-02-13 08:47:46.447|1|0|article-albertas-premier-is-confident-hes-done-the-right-thing-still-theres.json|globemail
that's what Albertans get when they vote for an import from Ontario   rumour has it that Premier Dug is headed west on his snowmobile ... Jason... watch out|sullutuk|2022-02-13 16:37:37.778|1|0|article-albertas-premier-is-confident-hes-done-the-right-thing-still-theres.json|globemail
"What kind of ""uniform"" is my opinion wearing?  Too funny."|ALBERTA FIRST CDN FEDERALIST|2022-02-13 18:45:56.696|1|0|article-albertas-premier-is-confident-hes-done-the-right-thing-still-theres.json|globemail
Your modesty is astounding - a ‘perfect’ post . Earlier a  ‘brilliant ‘ mind. Why does it remind me of someone further south? |northerncrank|2022-02-13 18:35:26.033|1|0|article-albertas-premier-is-confident-hes-done-the-right-thing-still-theres.json|globemail
There's so much you are forgetting or ignoring, Alberta First, it isn't even funny.  Wow - you know 3 physicians in Alberta - out of 12,000!???!!!!  Spectacular.  Brilliant.  So you base your uniformed and ignorant opinions about Covid on 3 out of 12000. |Darryl Williams|2022-02-13 17:56:55.816|1|0|article-albertas-premier-is-confident-hes-done-the-right-thing-still-theres.json|globemail
"No we do not want, or in fact living a life of ""solitude and fear"" Small precautions like getting a vaccine, wearing a mask allow life to go on pretty much normally. The only ""paralysis "" I see is on the roads that are being blocked harming everyone else because of the Paralysis and fear of many of the participants at getting a vaccine!"|curiousgeorge|2022-02-13 17:38:05.823|1|0|article-albertas-premier-is-confident-hes-done-the-right-thing-still-theres.json|globemail
You can get stitches at a walk in clinic. Emergency is for emergencies.|ALK8343|2022-02-13 20:51:54.057|1|0|article-albertas-premier-is-confident-hes-done-the-right-thing-still-theres.json|globemail
"Except I am paying for all you freedom fighters when you show up in emerge feeling unwell. Last time I needed stitches about half of us got a red piece of paper and told to sit in the other side of the waiting room.  Its a different thing to see people clogging up an emergency room because they couldn't be bothered to take basic precautions.   And I'll pay again if in your rush to end the pandemic ""because you are not afraid of anything"" results in yet another lockdown.  I think the only difference between us is you have not considered that rushing to open has failed 4 times now.  We both want it to end."|J steele5|2022-02-13 16:55:59.892|1|0|article-albertas-premier-is-confident-hes-done-the-right-thing-still-theres.json|globemail
Stay home then J steele.  Watch the game on TV.  Wear a mask while doing so.  If, at this point in the pandemic, with all of the known data on risks of death or serious illness,  based on vaccination status and other factors,  if you are still fearful of going out, of being exposed to Covid, that is your problem, not a problem for the rest of us.  And it is not a physical problem that you suffer from.  |ALBERTA FIRST CDN FEDERALIST|2022-02-13 16:32:49.003|1|0|article-albertas-premier-is-confident-hes-done-the-right-thing-still-theres.json|globemail
Will Jason Kenney be joining the pumpkin coloured guy and Steve on their trip to visit Viktor Orban in   Hungary.   |GregaryPeckary|2022-02-13 10:08:47.183|0|0|article-albertas-premier-is-confident-hes-done-the-right-thing-still-theres.json|globemail
what planet are you living on? With all the F*** signs around, they seem infatuated with  thURANUS.   |GregaryPeckary|2022-02-13 10:20:59.173|1|0|article-albertas-premier-is-confident-hes-done-the-right-thing-still-theres.json|globemail
"Vaccines are  ""divisive"" Vaccines divide the Sick from the Healthy the Living from the Dead  the Stupid from the Intelligent."|pathdoc|2022-02-13 10:03:50.188|0|0|article-albertas-premier-is-confident-hes-done-the-right-thing-still-theres.json|globemail
I like Buttermilk pancakes.|pathdoc|2022-02-14 00:19:57.322|1|0|article-albertas-premier-is-confident-hes-done-the-right-thing-still-theres.json|globemail
Kenney only flips pancakes when the cameras are rolling. |Kim2301|2022-02-13 21:10:49.066|1|0|article-albertas-premier-is-confident-hes-done-the-right-thing-still-theres.json|globemail
Polling shows Albertans have overwhelmingly chosen children's mental health over the health of unvaxxed boomers. This is what the people want, they see the rest of the world opening up (outside risk adverse Canada) and they believe in the vaccines and science.   This is yet another case where where chattering classes have lost to the people. |LGA_2012|2022-02-13 07:57:04.869|0|0|article-albertas-premier-is-confident-hes-done-the-right-thing-still-theres.json|globemail
Again have to educate people. It's not about the deaths, it's about not overwhelming the healthcare system with people sick in the hospital and ICU's. Can you imagine if no one got vaccinated how we would be able to sustain the hospitals. They've been overrun through much of the pandemic. Not getting vaccinated also affects those who need life saving operations and cancer treatments. Your selfishness has hurt many people and unfortunately those who could not survive the prolong timeline. |WCG1997|2022-02-13 16:25:57.406|1|0|article-albertas-premier-is-confident-hes-done-the-right-thing-still-theres.json|globemail
COVID statistics are not equally reported, basically junk stats, that are not comparable.  Need to look at actual deaths and death rate, that can be your next post?  Liberal Canada Covid policy was never about what is best, it’s always about “appearing” to be better than Americans.|JawaGord|2022-02-13 14:52:30.003|1|0|article-albertas-premier-is-confident-hes-done-the-right-thing-still-theres.json|globemail
"We should ALL care about ALL deadly disease, equally.  Not just the one our hospital is hyperfocused on; or, apparently  the only one that counts politically.  Trudeaus MPs said it, their $600m election politicized COVID  Trudeau says, ""it's all about covid"".  How many lives were lost over a nothing election? Why didn't they use the money to fix the capacity issue?   A dog in this country can receive surgery within days. Yet our Healthcare won't give humans the same decency. Some must wait years, if they last that long. Now delayed surgeries number in the 100's of thousands.  Opioid deaths are skyrocketing in BC, far worse than covid.  Mental Health and rated disease is skyrocketing.   Time we look at the big picture folks. Don't lose site of the Forrest for the trees. There is more to disease than covid numbers.  "|keenrs|2022-02-13 13:53:06.854|1|0|article-albertas-premier-is-confident-hes-done-the-right-thing-still-theres.json|globemail
Who's kidding who, the spineless Emperor of Alberta channeled his inner Neville Chamberlain & appeased the far right fringe by giving them what they wanted so maybe Alberta voters need to keep this in mind when the next election comes.|Bikerman|2022-02-15 15:25:56.572|0|0|article-albertas-premier-is-confident-hes-done-the-right-thing-still-theres.json|globemail
