﻿comment|username|datetime|isreply|num_replies|post_id|label
And how was the US  trusted friendshoring partner when it came to selling vaccines and masks to Canada?  My recollection is the exports were blocked by the US administration.|Candace248|2022-02-14 18:06:50.754|0|3|article-the-border-closings-have-done-enormous-damage-to-canadas-reputation-at.json|globemail
Well they inconvenienced a few CEO's I suppose but I doubt if they did anywhere near the economic damage the indigenous blockades of Canada's railways did.|HW01|2022-02-15 01:08:31.229|0|3|article-the-border-closings-have-done-enormous-damage-to-canadas-reputation-at.json|globemail
There's one place all Canadians can agree on...trudeau has made our reputation at the bottom of any international reputation list . Not including his most favored country...China|john l gee|2022-02-14 23:03:53.697|0|3|article-the-border-closings-have-done-enormous-damage-to-canadas-reputation-at.json|globemail
"All blame rests on conservatives and their supporters.  It is their so called ""freedom"" convoy in Ottawa and at border crossings supported very publicly by CPC politicians.  I actually don't care much if Alberta can't open it's border for weeks.  They are the heart of this madness.  We can over analyze prospective damage to our trade with the US but this will be quickly placed behind us.  Trade will commence as before.  No country can produce all it needs.  We don't have enough workers here or US.     "|Peacechild|2022-02-14 18:30:16.778|0|3|article-the-border-closings-have-done-enormous-damage-to-canadas-reputation-at.json|globemail
Trudeau doesn’t have a clue where Coutts AB is and I’m quite sure he could care less. His failure to engage the protesters in some form of meaningful dialogue is the crux of this leadership vacuum and until he is willing to represent All Canadians disruptions will persist.|Janet Miller 77|2022-02-14 19:21:20.828|0|3|article-the-border-closings-have-done-enormous-damage-to-canadas-reputation-at.json|globemail
Canada's reputation has being doing downhill for years. In the last 6 years, we've become a joke on the world stage.|Tryin' Hard|2022-02-14 22:57:39.662|0|2|article-the-border-closings-have-done-enormous-damage-to-canadas-reputation-at.json|globemail
Actually as has already been pointed out many times   Canadas reputation was damaged long ago  The World’s Most Reputable Countries 2019   “Reputation determines whether people support a country through their behaviors. Good reputation means more exports, more investments, more people coming to visit,” says Nicolas Georges Trad, chief operating officer at the Reputation Institute, a reputation measurement and management services firm.   Since 2008, RI has published the Country RepTrak, an annual study of countries’ reputations, based on a survey of some 60,000 citizens of G8 nations.   Some of the countries that appear in this year’s list may, in light of recent events, come as a surprise. Canada, for example, despite revelations regarding Prime Minister Justin Trudeau appearing in brownface and blackface on three occasions, actually climbed one spot to claim the No. 6 position, a rise that may have been due to the fact that research for this list was conducted between March and April 2019.   Forbes Magazine Oct 15, 2019   FYI as Mr Harper left office in 2015 Canada was in 1st place   and   Canada was never ranked lower than 2nd place during the Harper years |Calgary Republican|2022-02-14 23:49:20.254|0|2|article-the-border-closings-have-done-enormous-damage-to-canadas-reputation-at.json|globemail
The truckers' beef was about nothing, but it created the opportunity for a great big temper tantrum. Time out for the children came a bit late.|vegan ninja|2022-02-15 00:44:30.407|0|2|article-the-border-closings-have-done-enormous-damage-to-canadas-reputation-at.json|globemail
the truckers beef was not about nothing, it was about freedom and basic individual rights. At the start of the pandemic when there was a real fear factor because of the unknown the truckers and others went out and did their jobs, no crying about it. Now when there is an end in sight the feds vaccine mandate makes no sense at all. There is no proven need to force 100 percent of the population,  and fyi I am fully vaxed and the truckers have similar vax rates to the average canadians. And on top of that trudeau used mandates for is own political advantage,  |myhumbleopinion54|2022-02-15 02:20:57.979|1|2|article-the-border-closings-have-done-enormous-damage-to-canadas-reputation-at.json|globemail
Correction.  Governments, and this includes Federal (who have done absolutely nothing except make things worse with their rhetoric), Provincial (action taken but delayed) and Municipal (action taken but delayed), have done enormous damage to Canada's reputation.  Politicians have become too comfortable in their incompetence.  They need to be shaken up.|Skeptical Man|2022-02-14 19:46:15.163|0|2|article-the-border-closings-have-done-enormous-damage-to-canadas-reputation-at.json|globemail
"Time will tell if Mr. Alden is correct, but I think he correctly identifies a number of issues that we in Canada had better take very seriously if we want to survive as a country.  I believe Mr. Alden rightly notes Canada's increasingly precarious position in the world, caught between hostile China and Russia and a United States whose ongoing good will towards us is no longer a given.  We in Canada can blame the usual suspects we like to trot out, such as ""racist"" protesters, Trump, etc., but I think the fault lies with us and our governments, who have not shown the unity and insight to recognize and respond to the rapid changes in the world.  I hope the trucker's protest provides a necessary kick to wake this country up. "|RBauer|2022-02-14 19:41:48.854|0|2|article-the-border-closings-have-done-enormous-damage-to-canadas-reputation-at.json|globemail
"You're going to have to decide whether Trudeau is a teacher/snowboarding instructor or an ""elitist"".    The oppositions criticisms of Trudeau all over the map and have become white noise - with no impact.  Consider the following.   Andrew Scheer was in a position to win in 2019 but managed to pull defeat from the jaws of victory.   How?   By fumbling questions on abortion.   By faking his own resume?   By being dishonest and cowardly about his dual citizenship (imagine - he allowed his party to attack Dion for being a dual citizen without speaking up even once about his own status).  O'Toole was turfed because he lost the trust of his own party.   So how on earth do you expect Canadian swing voters to trust the guy.  It's NOT Liberal voters who are to blame - after all, there are fewer voting Liberal now than in 2015.    The CPC need to get their act together, stop blaming the MSM and others for their own internal problems - clean house, and present a party that can be swept into power because of their own appeal.  I.e. if you want somebody to blame for Trudeau - look in the mirror."|Not the Alliance|2022-02-15 16:13:07.998|1|2|article-the-border-closings-have-done-enormous-damage-to-canadas-reputation-at.json|globemail
I think the long-term damage will be to any pro-Christian right wingers. They are about to have their financial pants pulled down in public showing them taking American money.   What ever remains of the exposure the hacker of Givesendgo has caused the emergency ct will finish off.|Valzar|2022-02-15 00:48:50.797|0|2|article-the-border-closings-have-done-enormous-damage-to-canadas-reputation-at.json|globemail
It's safe to say that all police forces were caught totally unprepared  for the size and staying power of the trucker blockades. From a weekend protest morphed into an insurrection demanding the federal government resign. The Emergencies Act is the only effective response the feds have.  |Jimbo5|2022-02-14 23:06:48.366|0|2|article-the-border-closings-have-done-enormous-damage-to-canadas-reputation-at.json|globemail
Not as much damage Trudeau has done. The legacy media didn't have this level of hyperbole for WE bros, SNC, 3 ethics convictions, Governor General Julie, Vance, Philpott, Norman, rail blockades, pipelines, failed UN seats, nannies, vacations, India dress up, face painting, peoplekind, elbowgate, Chinese army on Canadian soil.|rgo29|2022-02-16 13:14:55.454|0|2|article-the-border-closings-have-done-enormous-damage-to-canadas-reputation-at.json|globemail
The damage to the country was done by Mr. Trudeau with his divisive and dehumanizing rhetoric.  Our reputation has been damaged by this would-be dictator who invokes martial law to shut down a peaceful protest while kneeing with rioters.  The political left strives for equity, forgetting that equality is paramount in a free and democratic society. I am ashamed of my country.|Caloric|2022-02-15 13:26:50.965|0|2|article-the-border-closings-have-done-enormous-damage-to-canadas-reputation-at.json|globemail
The author is incorrect.  The radical leftist policies of prime minister Trudeau, supported by the NDP, have been, and continue to be, the greatest threat to prosperity in Canada. Under Trudeau's anti-business regime, foreign direct investment has been falling for years and shows no prospect of improving while Trudeau remains prime minister.|Ottawa Poog|2022-02-14 16:55:22.924|0|2|article-the-border-closings-have-done-enormous-damage-to-canadas-reputation-at.json|globemail
Where is the credibility of this author?  [The good news is Canada-U.S. co-operation has improved considerably since Mr. Biden replaced the extremely unreliable and occasionally aggressive Donald Trump.]  One the first day Biden came to power, Jan 21, 2021, he cancelled the Keystone XL oil pipeline, costing Canadian corporations $billions.  And Biden hasn't stepped in to stop Michigan Governor Whitmer's war on the Line 5 oil pipeline, which is an important conduit supplying oil to Ontario.  With allies like Biden, who needs enemies?|Snowaway|2022-02-15 01:55:40.377|0|2|article-the-border-closings-have-done-enormous-damage-to-canadas-reputation-at.json|globemail
The Business Community and Ontarians and Canadians must hold the Ford Government accountable for this.  Ford knew or should have known when the convoy left BC and was egged on in  Manitoba by Bergen, this was serious.  He has Highways Acts and powers to stop occupations and blockades.  He was negligent in his leadership big time.|jangm|2022-02-15 03:40:00.298|1|2|article-the-border-closings-have-done-enormous-damage-to-canadas-reputation-at.json|globemail
And the protest that shut down Canada’s national railway didn’t hurt Canada’s economy or reputation?|app_67617077|2022-02-15 01:58:26.581|0|2|article-the-border-closings-have-done-enormous-damage-to-canadas-reputation-at.json|globemail
And I'm wrong how?|Tryin' Hard|2022-02-15 00:21:24.894|1|2|article-the-border-closings-have-done-enormous-damage-to-canadas-reputation-at.json|globemail
"Just to be clear. I meant ""faraway"" ironically. I live much closer to Coutts than I do to Ottawa or DC. And my whole point was that Trudeau needed to be paying closer attention to the events in Coutts than to those in Ottawa. "|ECON 365 Spring 2019|2022-02-15 01:12:53.876|1|2|article-the-border-closings-have-done-enormous-damage-to-canadas-reputation-at.json|globemail
I suspect the freedom phalanx is nearing its end. If the PM enacts the emergency act, it will confirm the seriousness of these actions. It is ironic that the citizens of Ottawa have had their lives altered when I think the altering of Canadian lives generally are what prompted the rebellion.  Also ironic is that the blocking of the border created so much havoc. I think it is time to open the border to all Canadians and Americans if we expect to resume a normal relationship with the USA. I think in phase 3 and 4 of the covid the vaccine mandate had some very good if not excellent results. I think with advent of Omicron it is not particularly relevant as vaccinated people are infecting other vaccinated people. I am however looking for leadership from all levels of government and hope for the best.|BHolden|2022-02-14 16:02:20.307|0|1|article-the-border-closings-have-done-enormous-damage-to-canadas-reputation-at.json|globemail
You sure about that?|Puma2|2022-02-15 00:02:43.514|1|1|article-the-border-closings-have-done-enormous-damage-to-canadas-reputation-at.json|globemail
Anyone else think that maybe the big prize here was not Ottawa but the border crossings? The capital got all the attention but the border was where the real damage was done. And so easily. Someone fell asleep at the switch. Thanks to the protestors we can expect even more  legislation to prevent a reoccurrence. |Steve2210|2022-02-15 13:01:22.476|0|1|article-the-border-closings-have-done-enormous-damage-to-canadas-reputation-at.json|globemail
You do realize that with that opinion, you are in the minority, right? |1533903305072|2022-02-14 23:40:01.776|1|1|article-the-border-closings-have-done-enormous-damage-to-canadas-reputation-at.json|globemail
Sure, Canadian reputation has suffered because of the convoy, border blockages and all the other stupid that brought.   However, you have to ask yourself about the world we live in, where Rob Ford's stint as mayor and JT's good looks have comprised the rest of the focus towards Canada these years. |sterretje|2022-02-15 13:38:32.773|0|1|article-the-border-closings-have-done-enormous-damage-to-canadas-reputation-at.json|globemail
The flaw in your argument Steve is that the border blockades were cleared without emergency powers.  The question becomes whether the Emergencies Act was invoked as a symbol or due to panic?|George O.|2022-02-15 22:00:45.137|1|1|article-the-border-closings-have-done-enormous-damage-to-canadas-reputation-at.json|globemail
I think you really underestimate the depth of the Buy America movement. Americans tend to be far, far more vocal about this and consider it their patriotic duty to support their country with their wallets. Speaking from first hand business experience. |Steve2210|2022-02-15 12:53:19.155|1|1|article-the-border-closings-have-done-enormous-damage-to-canadas-reputation-at.json|globemail
[Canadians have not quite woken up to how perilous their position in the world has become]  On much of anything...  How 'bout those Leafs, eh?|Stephen Saines|2022-02-14 23:42:57.553|0|1|article-the-border-closings-have-done-enormous-damage-to-canadas-reputation-at.json|globemail
This mess began when poor judgement and minimal risk assessment was used by the Fed. government who impose a fully vaccinated mandate on truckers crossing the Canada/USA border!  90% of truckers are fully vaccinated and going about their important work. 10% of truckers are not vaccinated and many of them are domestic and have no need to cross the border  Truckers work 'alone' for hours/days in the cabs if their rigs. Where is the risk of spreading the virus among such a small group of truckers? The resulting backlash to the policy change not only increased thd spread of the virus, it created social and economical unrest.  Summary - The Liberal policy change at the border for truckers was VERY poorly assessed from a 'risk' perspective.|Seagull2401|2022-02-14 23:48:55.473|0|1|article-the-border-closings-have-done-enormous-damage-to-canadas-reputation-at.json|globemail
The blockade of the Ambassador Bridge is treated like a a national calamity because of the effect on the auto industry.  Cancelling the Energy East pipeline is costing Canada $100M/day in exports but nary a dissenting peep came out of the East.  Now you know why Ottawa is occupied.|yyc2017|2022-02-15 12:52:48.108|0|1|article-the-border-closings-have-done-enormous-damage-to-canadas-reputation-at.json|globemail
"DO YOU HEAR YOURSELF?  ""The Trudeau government, and most of Canada, paid little attention to faraway Coutts.""  Calgary is not ""faraway"" from Coutts.    Mr. Alden thinks all of Canada that matter lives just north of Wash. D.C. where he works.  I'm left of centre but trust me when I say that all Albertans are sick of reading people with throwaway, regionally prejudiced lines like that, folks who don't even understand that 'faraway' is a relative term but who somehow have a day job in economic relations."|Prairie Logic|2022-02-15 00:37:56.703|0|1|article-the-border-closings-have-done-enormous-damage-to-canadas-reputation-at.json|globemail
This article is just more piling-on.  Was the Ambassador Bridge situation ugly?  Yes.  Are we building another bridge?  Yes.  Is the Coutts thing ugly?  Yes.  Is it getting fixed, safely (i.e. dealing with the gun issue)?  Yes.  Is the Ottawa situation ugly?  Yes.  Is it getting fixed?  Well, it's being worked on.  Anybody with money to invest has to consider the answers to these questions against a backdrop of what is going on in the U,S,: storming of the capitol, serious efforts to undo a legal election, serious efforts to thwart ballot-counting in future elections, nearly a million COVID deaths, rampant crime, polarization and political grid-lock.  Canada's not perfect, but for dollars, euros, yen seeking a place to grow, it's a great place.  |Brodie Farmer|2022-02-15 11:07:51.480|0|1|article-the-border-closings-have-done-enormous-damage-to-canadas-reputation-at.json|globemail
Let’s be honest. It’s a mutually beneficial arrangement that would take years - possibly decades to unwind.   So it’s not just Canada dependent upon the US.    This was demonstrated during Trump’s Steel and Aluminum tariffs.   Because the North American Steel industry had segmented over the 30 - 40 years, it was not a simple solution to replace Tariffed Canadian Steel with American product.     What this crisis as well as Trump and Biden’s protectionists actions show is that Canada needs to diversify our trading relationships with ALL major regions.   This would include China who are too big to ignore (and the reality is Canada deals with a lot of bad actors - of varying degrees, including so called “friends”.)  This should be a priority for the next generation of Canadian legislators from any party.  |Not the Alliance|2022-02-15 10:53:06.446|0|1|article-the-border-closings-have-done-enormous-damage-to-canadas-reputation-at.json|globemail
Hahaha this is so dumb. I don't even know where to begin.  |Ramsey0|2022-02-15 07:07:34.668|0|1|article-the-border-closings-have-done-enormous-damage-to-canadas-reputation-at.json|globemail
Good article.  We do need the US  ( trade , military, security of borders & coastlines) whether we like it or not.   We do elect our own leaders though, please. And quite a winner the last few times, eh? Maybe we will all get a better lot next time. |WallyMum|2022-02-15 06:24:02.304|0|1|article-the-border-closings-have-done-enormous-damage-to-canadas-reputation-at.json|globemail
"Still today so many people commenting have no idea that the USA imposed mandatory vaccination on any trucker entering their country well before Canada followed!  The original ""reason/excuse"" for this so called ""protest"" didn't exist.  Most of those involved were either manipulated, or ignored the fact that they were just pawns in someone else's game.  All designed to damage Canada."|prague|2022-02-15 01:53:23.276|0|1|article-the-border-closings-have-done-enormous-damage-to-canadas-reputation-at.json|globemail
Canada does a fine job of damaging itself. The US doesn’t need to do it.|app_69857152|2022-02-15 02:05:00.663|1|1|article-the-border-closings-have-done-enormous-damage-to-canadas-reputation-at.json|globemail
It was a failure of the three levels of government. If allowed to continue would undermine our trust in our institutions. |app_69557013|2022-02-15 02:48:39.809|0|1|article-the-border-closings-have-done-enormous-damage-to-canadas-reputation-at.json|globemail
Try harder. |1533903305072|2022-02-14 23:40:43.179|1|1|article-the-border-closings-have-done-enormous-damage-to-canadas-reputation-at.json|globemail
I’m a Canadian and will be typically “ polite” in my post, and try not to offend anyone, but don’t you detect some irony and, indeed, hypocrisy when Canada is lecturing Russia, and threatening them with “sanctions” (if Russia invades Ukraine), meanwhile sitting on our hands while our Prime Minister stood by and allowed demonstrators to block the Cdn/US borders in Alberta, and at Windsor, Ontario, (not to mention the truckers blockade in Ottawa) resulting my hundreds of million dollars lost to Canadian business?|Watson37|2022-02-15 13:58:17.249|0|1|article-the-border-closings-have-done-enormous-damage-to-canadas-reputation-at.json|globemail
Let us hope that the damage is eventually repaired.  Let us also hope that Trump and Trumpism, now spreading around the world is contained and eventually destroyed.  In the meantime, 'God save Canada'.  I sure don't want to see us become part of the U.S.|Older and Wiser|2022-02-15 15:08:57.448|0|1|article-the-border-closings-have-done-enormous-damage-to-canadas-reputation-at.json|globemail
The author is saying that damaging the usual trade practices means that countries like the States, will look elsewhere and do it in the U.S. instead of relying on Canada in the future. Actions have consequences. |Ari55|2022-02-15 20:49:14.512|1|1|article-the-border-closings-have-done-enormous-damage-to-canadas-reputation-at.json|globemail
I completely agree. It's too bad Canada has a weak and divisive PM who doesn't understand this. This situation never had to happen. The PM used Covid as a wedge issue for his own political gain and then responded with vilifying language but little else to protestors. Whatever your opinion on Covid mandates or anti-mandate protests, this mess lands squarely at Trudeau's feet. The irony is that Ontario's urban population who support Trudeau will suffer the most if US protectionism takes hold. |Mom'sMoney|2022-02-14 16:52:20.968|0|1|article-the-border-closings-have-done-enormous-damage-to-canadas-reputation-at.json|globemail
Nope nope NOPE  The division is the free dumb trucker convoy You have divided yourselves from Canadians  Your problem  i support PM Trudeau|CognitiveDisonnance|2022-02-14 19:08:09.978|1|1|article-the-border-closings-have-done-enormous-damage-to-canadas-reputation-at.json|globemail
“Radical leftist policies.” To the left of whom? Attila the Hun?|MH39|2022-02-14 23:02:05.501|1|1|article-the-border-closings-have-done-enormous-damage-to-canadas-reputation-at.json|globemail
Another opinion piece which completely ignores the precedents set by the Liberal Party during the rail, highway, and pipeline blockades of 2020.  How many of these can the Globe muster?|BruiseKnee|2022-02-16 00:19:25.302|0|1|article-the-border-closings-have-done-enormous-damage-to-canadas-reputation-at.json|globemail
"Our lifestyle, universal healthcare, excellent public education system, largely successful multiculturalism, an educated populace, and lower dollar compated to the US, will draw investment in new technologies to Canada.  no it wont   The 2021 Bloomberg index of the worlds most innovative economies: based upon:  Research and Development spending per capita Advanced manufacturing capability Concentration of high-tech company head offices National postsecondary education levels Percent of population involved in research  and  Patent generation per capita  #1 South Korea #2 Singapore #3 Switzerland #4 Germany #5 Sweden #6 Denmark #7 Israel #8 Finland #9 Netherlands #10 Austria #11 United States #12 Japan #13 France #14 Belgium #15 Norway #16 China #17 Ireland #18 United Kingdom #19 Australia #20 Italy   only one ""G7"" nation fails to qualify within the worlds top 20 countries as defined by this index    any guesses?    "|Calgary Republican|2022-02-15 22:50:18.027|1|1|article-the-border-closings-have-done-enormous-damage-to-canadas-reputation-at.json|globemail
I don't believe this.  Canada will continue to be the no. 1 most desirable place to live in the world though much smarter for this convoy business having happened, in terms of preventing it from happening again.  Our lifestyle, universal healthcare, excellent public education system, largely successful multiculturalism, an educated populace, and lower dollar compated to the US, will draw investment in new technologies to Canada. |Alison_D|2022-02-15 18:37:35.144|0|1|article-the-border-closings-have-done-enormous-damage-to-canadas-reputation-at.json|globemail
Mr. Alden did.   Here: https://www.theglobeandmail.com/opinion/article-its-time-for-trudeau-to-reopen-the-border/ Here: https://www.theglobeandmail.com/opinion/article-the-border-reopening-is-a-chance-for-ottawa-and-washington-to-learn-to/ Here: https://foreignpolicy.com/2021/02/26/covid-19-pandemic-border-closures-travel-restrictions-human-cost/  And lots of other articles, interviews etc.|ECON 365 Spring 2019|2022-02-15 16:58:22.423|1|1|article-the-border-closings-have-done-enormous-damage-to-canadas-reputation-at.json|globemail
The police started clearing the bridge on Saturday morning but it took until the end of Sunday to finish it. Poor policing, obviously, but also complete ignorance of the US news cycle.  The bridge needed to be clear and open by Sunday morning to avoid being a topic of the US Sunday morning political shows. Bad policing and bad foreign relations.  Bad government.|B Tuckwell|2022-02-14 19:01:07.542|0|1|article-the-border-closings-have-done-enormous-damage-to-canadas-reputation-at.json|globemail
Trump and Cruz... you should put earplugs in when these 2 open their traps. Trudeau certainly should have done a much better job with the protesters. There should have been discussions. As soon as the group of fringe supporters started their stupidity urinating on war memorials, blocking streets for prolonged time etc. they should have been hauled off. Demonstrations are part of a democracy...but they need to be respectful and peaceful. Bringing guns to a protest? They are lucky they didn't engage in a gunfight. Would have been a massacre. Just plain dumb. Many of us who support vaccines also support an individual's rights to decide whether or not they get the vaccine. The restrictions are easing. Most Canadians have done a good job to ensure the timing is good. But we needed a better balance. After all, why did we get the vaccine? We needed 'covid' hospitals centralizing the disease. We needed stores to cater to the unvaccinated, so those of us wanting to avoid them could (and Vica versa). Many things could have been done differently and smarter. But if COVID central (USA) doesn't want to deal with us, that is their choice. |doctor crs|2022-02-15 16:07:19.656|0|1|article-the-border-closings-have-done-enormous-damage-to-canadas-reputation-at.json|globemail
hard to do meaningful dialogue with incoherent agitators and mixed-motive bullies, especially those demanding actions that the federal government had no power to alter, and other actions that the provinces were already starting to do.|JOHNDGREGORY|2022-02-14 22:52:13.989|1|1|article-the-border-closings-have-done-enormous-damage-to-canadas-reputation-at.json|globemail
I don't like JT any more than you seem to, but one thing I would not blame him for is refusing to chat with the goons and bullies occupying the streets of Ottawa, the Ambassador Bridge, and the border crossings at Coutts and Surrey.  The correct response would have been to clear those locations of nuisance vehicles and structures promptly.  |Richard--Vancouver|2022-02-14 22:57:13.612|1|1|article-the-border-closings-have-done-enormous-damage-to-canadas-reputation-at.json|globemail
If people like Mr. Alden had spoken up a year ago criticizing the ridiculous travel restrictions imposed by the Canadian and US government maybe we would not be in this situation today.|dcarletons|2022-02-15 16:28:54.326|0|1|article-the-border-closings-have-done-enormous-damage-to-canadas-reputation-at.json|globemail
Occupation and Blockades Windsor February 2022.  Keep up.  |jangm|2022-02-15 03:04:50.261|1|1|article-the-border-closings-have-done-enormous-damage-to-canadas-reputation-at.json|globemail
We've got lots of what the world needs ...  - Can't develop it - Can't process it - Can't up value it - Can't get it to market  It's what happens with tunnel-visioned ideology takes over the control of government. Our businesses are already looking elsewhere. Why? Not because of the last three weeks, but rather because we are no longer competitive and have a government that panders to special interests and virtue signalers stopping everything in their path.  What are we good at now, anyways? Videogames?|Tryin' Hard|2022-02-14 23:02:56.641|1|1|article-the-border-closings-have-done-enormous-damage-to-canadas-reputation-at.json|globemail
Trust me, Canada has what the world needs. We are in a much better position than the dire picture painted in this article. As the Wall Street Journal recently commented, the world is short of EVERYTHING! Canada has everything - we just need to get it to market. Yes, the border blockages were unfortunate and the protesters are shooting us all in the foot with their poorly thought out actions but it looks like that situation has now been resolved and the goods are flowing again. Pleaser, no more sensationalist, hyperbolic articles - the last thing a frazzled public needs right now after two years of a nasty Pandemic. How about an article instead on the Roaring 20's that are surely just around the corner. Everyone would rather read about that far more likely speculation.|BaileyBrian|2022-02-14 19:50:29.007|0|1|article-the-border-closings-have-done-enormous-damage-to-canadas-reputation-at.json|globemail
Justin and the Liberals are elitists and they have damaged Canada even more than border issues. if you vote for a elitist, you are to blame. |erthling|2022-02-15 15:55:58.677|0|1|article-the-border-closings-have-done-enormous-damage-to-canadas-reputation-at.json|globemail
"Damage to trading relations, yes at least temporarily. Some of the ""lost"" trade to the US will be made up as traffic moves. Violence None. In fact the police have reported less crime in Ottawa than usual! Where was the PM in all this? He started by calling the truckers racists, homophobes etc and then disappeared  and wasn't even in the House when the Emergencies Act was invoked!  He shows his authoratarian impulses by invoking the Emergencies Act when this situation clearly does not meet the criteria for this ...even as the Ambassador Bridge opens with a notable absence of violence on both sides.It would have been much better to have rolled back a number of mandates including removing PCR tests for travel and the mandate    for vaccinations for Canadian truckers. Interesting that Liberals who have been somewhat vocal about Black Lives Matter/Defund the Police are now relying on that organisation to help them out with the spectre of the army in the background for the Emergencies Act "|afbudd|2022-02-15 16:04:06.669|0|1|article-the-border-closings-have-done-enormous-damage-to-canadas-reputation-at.json|globemail
Blocking highways violates more than one Criminal Code section - which are also up to provincial or municipal police to enforce.|Alceste|2022-02-15 05:24:17.751|1|0|article-the-border-closings-have-done-enormous-damage-to-canadas-reputation-at.json|globemail
@rgo29: “ Not as much damage Trudeau has done. The legacy media didn't have this level of hyperbole for WE bros, SNC, 3 ethics convictions, Governor General Julie, Vance, Philpott, Norman, rail blockades, pipelines, failed UN seats, nannies, vacations, India dress up, face painting, peoplekind, elbowgate, Chinese army on Canadian soil.“ ~ ~ ~  You Are Quite Right, Canadian.  Well Said..   /..🍁|ForestCreature|2022-02-17 19:09:13.899|1|0|article-the-border-closings-have-done-enormous-damage-to-canadas-reputation-at.json|globemail
I don't think anyone guessed that the Freedom Convoy would become an unwanted guest who would not leave.  As distasteful as I find the Freedom Convoy, they had a right to protest, and that's why our governments allowed it to get a foothold.  Now that the Freedom Convoy has had its day in the media sun, it is time to go home though.  |Walter vV|2022-02-15 15:38:11.327|1|0|article-the-border-closings-have-done-enormous-damage-to-canadas-reputation-at.json|globemail
I want to point something out.  The media here covered each and every one of his missteps, often for weeks, as it should have.  That was not a failure.  There is just as much Trudeau fatigue as there was beforehand, and people are well-aware of his failings.  The problem is that there is no one ready to replace him.  The Conservatives are up for leader #3 in as many years.  The only one that was remotely palatable just got stabbed in the back for not being extreme enough.  On the other side, we have Jagmit Singh, who never met woke he didn't love, and can't seem to stop making stupid mis-steps like accepting furniture sponsorships or keynoting for extremists.  The Green party just imploded into a black hole.  And I won't even talk about the PPC.  The closest thing within the LPC itself is Freeland, whom the Liberal party won't let near the leadership as long as Trudeau thinks he can win again.  Other than staying home, what is our alternative?  You can say Trudeau sucks all you want, and I will support your right to do that.  But not liking someone is not a reason to vote for someone else.  You have to present a credible alternative! |Sahala|2022-02-16 18:53:23.470|1|0|article-the-border-closings-have-done-enormous-damage-to-canadas-reputation-at.json|globemail
Give it a try.  Your comment is not helpful.|Walter vV|2022-02-15 15:33:39.659|1|0|article-the-border-closings-have-done-enormous-damage-to-canadas-reputation-at.json|globemail
Kenney has all the powers and knows Federal laws from his time Federally.  Coutts should never have been blocked one day. |jangm|2022-02-15 03:06:52.967|0|0|article-the-border-closings-have-done-enormous-damage-to-canadas-reputation-at.json|globemail
The Russians with Chinese capital help, are building ports and railroads in the ARCTIC. A LOT.  We have the US and soon middle class Mexico for EASY trading and the E.U. as well th our fair-free trade pact.  As an entrepreneur I would place my bets in our free trade market. = 460 million + Canada.=500 Million, +Europe = 5oo Million, that make a billion people.  So why waste our precious time with the communists who are NOT our friends.   |Rocheda|2022-02-16 12:11:39.456|0|0|article-the-border-closings-have-done-enormous-damage-to-canadas-reputation-at.json|globemail
yes you are right we need the US for all those reasons because we need to grow up and do it for ourselves. whats wrong with a country that can,t do these things for them selves and depends on another country to do it for them? thats part of canadas problem it refuses to do the right thing.we need a leader that has a grand vision for the second largest land mass in the world and we cant get it.why?|app_69258133|2022-02-15 12:59:38.233|1|0|article-the-border-closings-have-done-enormous-damage-to-canadas-reputation-at.json|globemail
I agree with you that the prepandemic chicanery was very badly handled.  But two wrongs don't make a right.  They compound each other.|Sahala|2022-02-16 18:55:59.556|1|0|article-the-border-closings-have-done-enormous-damage-to-canadas-reputation-at.json|globemail
""" The failure to do so has done enormous damage to Canada’s reputation at the worst possible time "" Understatement ! When you or I park on the street and exceed our 2Hr ( whatever ) limit we get a parking ticked and full force of the law to curtail our rebellious terrorist behavior. When a bunch of "" protestors "" park their trucks in the middle of an intersection the police stand by and guard the right to protest lest some Canadian citizen objects to such blatant disregard of the "" law "" ! Forgive me - but ALL the legal tools necessary to control the convoy and its collateral damage are/were in place to be engaged by the police !! They did NOTHING ! Claiming insufficient resources ... Please give us all a break. The whole issue was handled by a bunch of political Wusssies afraid to deal with reality. They saw it coming and welcomed them with open arms until the situation went out of control. Simple as that. The Emergency Act merely an excuse to sweep this grotesque failure under the carpet. Simple as that. So now what - are we going to obtain "" court injunctions "" to enforce the Emergency Powers act !? The whole so unbelievably incompetent as to merit the IgNobel Prize of Wokeism !"|DieterHH|2022-02-16 15:26:54.469|0|0|article-the-border-closings-have-done-enormous-damage-to-canadas-reputation-at.json|globemail
Tell that to Bergen, Scheer and Polievere.|Nevyn42|2022-02-15 02:07:49.603|0|0|article-the-border-closings-have-done-enormous-damage-to-canadas-reputation-at.json|globemail
"Not the same at all.  One with 100,000 heavily armed troops apparently poised to attack and another dealing with the civil unrest of a few thousand citizens.    Besides, if governments had acted too quickly in shutting down the ""protests"" they - especially Trudeau - would have been accused of not permitting Canadians the right to protest.  Trudeau is such a target for hatred, far too often unjustified, and very often in these pages here, that it was a no win situation.  I agree, though, all these protests have gone on far too long.  I understand the one in Ottawa, especially, there is a real concern that it will turn to violence, and the protestors are using a classic strategy of keeping their children with them. An ugly situation.  "|Walter vV|2022-02-15 15:18:20.482|1|0|article-the-border-closings-have-done-enormous-damage-to-canadas-reputation-at.json|globemail
Ultimately it is voters who elect these prime specimens of political poseurs into office ! As long as we are impressed by curly hair celebrity status, colored socks and the usual equality platitudes this is what will govern us. Welcome to the consequences of our uninformed left leaning greenie activists and media pundits who replace any personal interest or thinking. |DieterHH|2022-02-16 15:36:13.200|1|0|article-the-border-closings-have-done-enormous-damage-to-canadas-reputation-at.json|globemail
Desperation on the part of the government which has been subject to worldwide attention.  The truckers have committed the ultimate cardinal sin of hitting the big time and getting massive global media attention, support and emulation.  The limelight shifted away from the PM to no name truckers who paralysed the nations capital while he was no where to be seen.  The invoking of the Emergencies Act is an attempt at damage control (for the sake of image not anything remotely involving the economy) and to be seen to be in control.|Rock Doctor|2022-02-16 05:57:17.910|1|0|article-the-border-closings-have-done-enormous-damage-to-canadas-reputation-at.json|globemail
Our decline picked up speed  starting here  McGuinty,Wynne,Trudeau,  |MrT123|2022-02-16 01:16:44.577|1|0|article-the-border-closings-have-done-enormous-damage-to-canadas-reputation-at.json|globemail
Considering that Canada and Canadians are hated by the Chinese Communist Party I think that you will have a great deal of difficulty increasing trade with that country except by giving much of our country away.|Rock Doctor|2022-02-16 06:00:43.444|1|0|article-the-border-closings-have-done-enormous-damage-to-canadas-reputation-at.json|globemail
Well, thank you Mr. Alden for overstating the obvious and your remarkable 20:20 hindsight. Maybe calling in the riot police and the National Guard would have been your preferred solution which may have escalated the situation to blood bath status.|Jimbo5|2022-02-15 17:53:39.539|0|0|article-the-border-closings-have-done-enormous-damage-to-canadas-reputation-at.json|globemail
He may have been a lone voice in the COVID measures wilderness.|Jimbo5|2022-02-15 18:01:38.738|1|0|article-the-border-closings-have-done-enormous-damage-to-canadas-reputation-at.json|globemail
I think that is a bit of a reach.  It's not the people who voted for the person in power who are to blame for him being in power, it's the people who didn't.|app_68513098|2022-02-15 21:13:00.148|1|0|article-the-border-closings-have-done-enormous-damage-to-canadas-reputation-at.json|globemail
"As our Prime Minister considers this country the first ""post national nation"" perhaps you are correct in seeking divine intervention as help will certainly not becoming from our government. "|Rock Doctor|2022-02-16 05:50:41.292|1|0|article-the-border-closings-have-done-enormous-damage-to-canadas-reputation-at.json|globemail
"Did they bring guns to a protest?  I assume you are talking about Alberta.  It is not clear where the guns were found if you read the articles carefully.  The RCMP executed a search warrant in Couts on a ""trailer"".  Couts is a town, not the border.  Is the trailer someone's home?  A staging area?  Also not clear, I believe deliberately so.  The articles also say some of the protestors ""had access to"" guns.  It didn't say the guns were on them."|app_68513098|2022-02-15 21:10:53.220|1|0|article-the-border-closings-have-done-enormous-damage-to-canadas-reputation-at.json|globemail
"I generally agree with you Brodie Farmer, and Steve2210, both, as well as Mr. Alden.  But I think something that is very ironic about the discussion on trade and this article, is where a good part of the rhetoric of the Freedom Convoy comes from.  America.  Waving and wrapping oneself in flags, the cries for ""freedom"", Confederate flags, an occupation of our capitol with demands for the Governor General and the Senate to displace our elected government, statements of support from leading Republicans especially Donald Trump, are all evidence how the American experience has coloured this protests and maybe Canadian attitudes in general.    So has the week long closure of the Ambassador Bridge done some damage to our trade reputation, yes. Did the closure have some of its roots in America, yes also.  "|Walter vV|2022-02-15 15:32:07.098|1|0|article-the-border-closings-have-done-enormous-damage-to-canadas-reputation-at.json|globemail
While the economic impacts of the blockades are an urgent situation that needs immediate focus, an assault on the seat of democracy, including the utterance of death threats against a sitting prime minister might also rate as a strike against a stable trading partner???  I'm alarmed that the writer has left this out, but then again I suppose the US isn't one to throw stones in its glass houses.|macduff88|2022-02-15 12:21:39.006|0|0|article-the-border-closings-have-done-enormous-damage-to-canadas-reputation-at.json|globemail
"Do you know what ""Martial law"" means?"|Not the Alliance|2022-02-15 16:13:41.859|1|0|article-the-border-closings-have-done-enormous-damage-to-canadas-reputation-at.json|globemail
I am ashamed of having a clown lead our country. |Blair Rempel|2022-02-15 15:31:21.380|1|0|article-the-border-closings-have-done-enormous-damage-to-canadas-reputation-at.json|globemail
Thank you, thank you, thank you.  I am sick and tired of watching the Conservative party bumble about since 2015 and alienate voters instead of getting its head on straight and figuring out a way forward.  Whose fault is it to miss two goals on an empty net?|Sahala|2022-02-16 18:59:58.299|1|0|article-the-border-closings-have-done-enormous-damage-to-canadas-reputation-at.json|globemail
because Quebec is in the hydro business and doesn,t want competion from gas or oil. they have made huge investments in hydro construction. they sit on big deposits gas but don,t exploit it. if they ever become a have province there would be a problem because they won,t be a alberta that  gives to the rest of canada there would be a revolt in QUEBEC. they rig it so they never will after all QUEBEC is a nation.|app_69258133|2022-02-15 13:15:02.721|1|0|article-the-border-closings-have-done-enormous-damage-to-canadas-reputation-at.json|globemail
You might not have noticed but we've had this problem for the last five years as our global competitiveness has quietly eroded.  Our energy industry has gradually shrunk as much of it has moved south.  Our manufacturers have struggled with our onerous tax system as well as high energy costs and are also moving elsewhere.  We really don't have much to sell them that can't be obtained somewhere else.|Rock Doctor|2022-02-16 05:47:49.065|1|0|article-the-border-closings-have-done-enormous-damage-to-canadas-reputation-at.json|globemail
Wife of writing:  Mr. Alden, you forgot that it was the American administration imposing the vaccine mandate for truckers crossing the border which was the initial cause of the blockade.|R82A|2022-02-15 07:32:22.746|0|0|article-the-border-closings-have-done-enormous-damage-to-canadas-reputation-at.json|globemail
 Working truck drivers are still doing their jobs. The only people who are making it difficult for truck drivers to do their jobs are the border crossing blockaders.  They have stranded working truck drivers at borders for days at a time. A Calgary Sikh temple brought food and water to working drivers who had been stranded at Coutts for days.  Now, these working drivers have to go 100s of miles out of their way to do their jobs, which often means money out of their own pockets. These are the people we should be thanking.  Given the shortage of truckers in Canada, any unvaccinated trucker could get a job driving within Canada. If they're unemployed it's because they don't want to work.|rocz1|2022-02-15 03:26:07.173|1|0|article-the-border-closings-have-done-enormous-damage-to-canadas-reputation-at.json|globemail
app_67617077 is pointing out the selective nature of our law enforcement.  Blockade rail lines that affect Western Canada and the response is a call for dialog.  Blockade a bridge in Southern Ontario and the response is a demand for armed intervention.|Rock Doctor|2022-02-16 06:05:31.403|1|0|article-the-border-closings-have-done-enormous-damage-to-canadas-reputation-at.json|globemail
Mr. Trump has criticized Mr. Trudeau as a “far-left lunatic [who] has destroyed Canada with insane COVID mandates.”  Many Chump supporters here|CognitiveDisonnance|2022-02-14 18:49:47.277|0|0|article-the-border-closings-have-done-enormous-damage-to-canadas-reputation-at.json|globemail
Only if our Prime Minister says so ....|Sincinnatus|2022-02-14 23:43:06.464|1|0|article-the-border-closings-have-done-enormous-damage-to-canadas-reputation-at.json|globemail
I would love nothing more than to see five new leaders square off at the next debate.|Sahala|2022-02-16 19:10:57.599|1|0|article-the-border-closings-have-done-enormous-damage-to-canadas-reputation-at.json|globemail
You get the representation you deserve in a democracy.  Cdns had best take a damn good look at themselves, and through others' eyes. |Stephen Saines|2022-02-15 00:14:32.831|1|0|article-the-border-closings-have-done-enormous-damage-to-canadas-reputation-at.json|globemail
I agree.  We fight amongst ourselves at our own peril.  Just a little more cooperation and good will can go a long way.|jangm|2022-02-15 02:55:07.458|1|0|article-the-border-closings-have-done-enormous-damage-to-canadas-reputation-at.json|globemail
Don't count on it. The Church of Liberal is so full of their moral superiority, they will never admit there is anything to learn.|Tryin' Hard|2022-02-14 23:04:12.821|1|0|article-the-border-closings-have-done-enormous-damage-to-canadas-reputation-at.json|globemail
I don't believe a PM should negotiate with hostage takers. We didn't with China over the two Michaels and we should not have with a minority of truckies and their political hangers-on. Canadian citizens have every right to protest.  Canadian trucks do not. |ausca|2022-02-15 12:44:51.312|1|0|article-the-border-closings-have-done-enormous-damage-to-canadas-reputation-at.json|globemail
Ditto. Dressup is an embarrassment, but even more of one are those thinking that he's the cause of all their ignorance.|Stephen Saines|2022-02-15 00:16:08.269|1|0|article-the-border-closings-have-done-enormous-damage-to-canadas-reputation-at.json|globemail
Do you live in The Glebe by any chance?|Sincinnatus|2022-02-14 23:44:07.904|1|0|article-the-border-closings-have-done-enormous-damage-to-canadas-reputation-at.json|globemail
Bad overall failing mark to all.|Aldo16|2022-02-14 19:57:38.047|1|0|article-the-border-closings-have-done-enormous-damage-to-canadas-reputation-at.json|globemail
Way to go G&M. Opinion pieces two days in a row on how bridge blockages damaged Canada’s reputation. This time it’s from a tenured professor who I would guess was not economically harmed in the least by government mandates. I don’t think a lot of long term harm has been done. That harm was done the day we signed the North American Free Trade pact and those auto manufacturing jobs took off to Mexico. Strike 2 was when Katie Telford and Gerald Butts’s boss at the time Dalton McGuinty shot the price of electricity through the roof and the rest of the manufacturing left. Oh yeah, Katie and Gerald now work for you know who, in Ottawa. Same plan there. The US is going after us with new tariffs on softwood lumber and other products. So, what difference will this make? I don’t think a month from now anyone will remember. Especially Joe Biden. I don’t think he can remember what he had for breakfast.|app_70393871|2022-02-14 18:56:52.631|0|0|article-the-border-closings-have-done-enormous-damage-to-canadas-reputation-at.json|globemail
the border disruptions have “caused potentially irreparable harm to Canada’s reputation as a reliable trading partner.”  Free Dumb Trucker Convoy Lagacy™️|CognitiveDisonnance|2022-02-14 18:51:02.820|0|0|article-the-border-closings-have-done-enormous-damage-to-canadas-reputation-at.json|globemail
Mr. Alden's article was obviously correct and I particularly noted the Congresswoman's comments about 'not being reliant on another country' if the problems continue.  I thought the trade loss was $300 million daily but will defer to him on that point.  As far as a trading partner goes, the United States must see Canada in the same light as the lunatic aunt relatives keep locked in the attic.  As I noted on another post, these latest demonstrations no doubt happened because governments, particularly the federal government, turned a blind eye to previous demonstrations.  Why not demonstrate when your 'opponent' will do nothing but take it on the chin?  There is also the matter of the federal government giving tepid support, if that, to major initiatives important to the western provinces.  Most have these have died out as the sponsoring companies were tired of the blockades, occupations and red tape, not to mention the continually late arrival of the police.|StuporDuck|2022-02-14 18:34:54.559|0|0|article-the-border-closings-have-done-enormous-damage-to-canadas-reputation-at.json|globemail
Well for one thing, if we were going to be a joke on the world stage, the world would have to notice us first.  We have an unpopular PM who, beggaring belief, is still more popular than his opponents.  That’s depressing, but only domestically. Nobody else cares.|Pseudonymous Coward|2022-02-15 01:39:56.576|1|0|article-the-border-closings-have-done-enormous-damage-to-canadas-reputation-at.json|globemail
Peace, you may want to look at the licence plates on those trucks ... they come from every province.|Tryin' Hard|2022-02-14 23:06:20.159|1|0|article-the-border-closings-have-done-enormous-damage-to-canadas-reputation-at.json|globemail
With all due respect, that is quite an answer.  I don't care what happens as long as it doesn't happen to me.|StuporDuck|2022-02-14 22:39:53.017|1|0|article-the-border-closings-have-done-enormous-damage-to-canadas-reputation-at.json|globemail
"Well, that is quite the little bigoted rant: rolling up your hatred of conservatives and Albertans into a neat little bundle.  Do you you think maybe a divorce is required?  If so, make sure to spell the name ""Alberta"" correctly on the $400 billion settlement cheque that you'll be cutting to us.  And that's after applying the ""friends and family "" discount. Maybe we'll have to rethink that when we see that such naughty haters such as yourself are involved.  Too funny.  "|ALBERTA FIRST CDN FEDERALIST|2022-02-14 19:21:18.050|1|0|article-the-border-closings-have-done-enormous-damage-to-canadas-reputation-at.json|globemail
Well Candace, it might be expecting too much for you to remember back two years, but here's from the Globe and Mail:  Trump gives FEMA power to restrict trade of essential goods into Canada despite warning from Trudeau https://www.theglobeandmail.com/canada/article-trudeau-warns-us-over-restricting-the-trade-of-essential-goods-into/ |Stephen Saines|2022-02-15 00:20:20.072|1|0|article-the-border-closings-have-done-enormous-damage-to-canadas-reputation-at.json|globemail
Hello Candace, so you are saying that America did what ANY country does at a time of deadly pandemic: It protects its own citizens as job number one.  Go complain to Ottawa if you think Canada should do better at making masks and medicines and vaccines here.|Doctor Demento|2022-02-14 22:58:26.561|1|0|article-the-border-closings-have-done-enormous-damage-to-canadas-reputation-at.json|globemail
Yeah, and that's be Joey the drooling POTUS, Justin's preferred counterpart since the last President called him out for the clown he is. |Ceejaybee|2022-02-14 18:33:44.263|1|0|article-the-border-closings-have-done-enormous-damage-to-canadas-reputation-at.json|globemail
"A good leader correctly identifies and assesses a threat and moves to avert it.  If he fails to do so, and the threat grows into an actual problem, he then acts to prevent that problem from becoming a crisis. If he fails to do that, he must resolve the crisis as quickly and completely as possible so as to contain the damage it has caused.  What Messrs. Sloly, Ford, Kenney and Trudeau (in descending orders of culpability) have failed to provide good leadership at every step.  Their inability to act decisively has done grievous damage to Canada's reputation for ""peace, order and good government"". The entire world, not just the U.S., has taken notice of it.        "|Allan19531|2022-02-14 17:06:03.280|0|0|article-the-border-closings-have-done-enormous-damage-to-canadas-reputation-at.json|globemail
I doubt that Attila the Hun would fit on any political spectrum. Ever read any history or political science?|Sincinnatus|2022-02-14 23:46:59.284|1|0|article-the-border-closings-have-done-enormous-damage-to-canadas-reputation-at.json|globemail
"completely hilarious to describe any policies of Trudeau's liberals as ""radical leftist"". Barely off centre for most of the developed world.  The problem with the blockades is, as the article says, is that Trudeau did not take them seriously soon enough - but to be fair, it is not clear what to do with so many people who might well be inclined to meet (police) force with force, in a country where free speech is still a value. So just how  can one be tough without spilling blood on the streets?  Leaders have to decide, but it's not surprising that nobody rushed to decide."|JOHNDGREGORY|2022-02-14 22:50:10.245|1|0|article-the-border-closings-have-done-enormous-damage-to-canadas-reputation-at.json|globemail
The glacial pace of action on the part of government, both federal and provincial is eye popping. How could they let this border closure crap go on so long. |Beatlefan1963|2022-02-14 16:52:36.786|0|0|article-the-border-closings-have-done-enormous-damage-to-canadas-reputation-at.json|globemail
Bergen and Poilievre should be tried for treason.  O'Toole can bring their Emails as evidence.|jangm|2022-02-15 03:00:50.679|1|0|article-the-border-closings-have-done-enormous-damage-to-canadas-reputation-at.json|globemail
"The reputation of Canada has unfortunately been going down for at least 2 decades, if not more. Back under PM Harper, the British newspaper The Guardian, in a report for a G7/G20 meeting in the UK, characterized Canada as ""benevolently irrelevant"". Canada needs to develop and protect its sovereign capabilities, and the leadership there rests entirely with the federal government and the federal civil service."|Milamarc|2022-02-14 22:45:45.588|0|0|article-the-border-closings-have-done-enormous-damage-to-canadas-reputation-at.json|globemail
He's not as bad as it could be.  Think of how many people who would be bankrupt or dead from chancing covid to go to work if he hadn't opened the taps. And as far as it putting a burden on the children, how much more of a burden would it be if they lost their parents to the virus>  Remember what it was like in Italy in the early days of the pandemic.|Randall Leigh|2022-02-15 02:02:55.818|1|0|article-the-border-closings-have-done-enormous-damage-to-canadas-reputation-at.json|globemail
Yes it did. So?|app_69557013|2022-02-15 02:49:47.222|1|0|article-the-border-closings-have-done-enormous-damage-to-canadas-reputation-at.json|globemail
aw damnit, long day, my bad|Prairie Logic|2022-02-15 02:07:22.457|1|0|article-the-border-closings-have-done-enormous-damage-to-canadas-reputation-at.json|globemail
Biden was not much of a choice. It was an anti Trump vote that secured the election. He has turned his back on his greatest ally. Hopefully sooner or later it will come back to haunt him.|doctor crs|2022-02-15 16:11:14.084|1|0|article-the-border-closings-have-done-enormous-damage-to-canadas-reputation-at.json|globemail
As an American I realize that the Democratic Party in its desire to be green is in the ridiculous position of discouraging North American hydrocarbon production with the result that more money flows to Russia and Middle Eastern oil producers rather than to Americans and Canadians. How dumb is that? But you can be sure the Republicans will capitalize on that, altho it may be too late for the Keystone Pipeline.  However, older American haven't forgotten how Canada helped get some American diplomats out of Tehran when the American Embassy was occupied during Jimmy Carter's presidency. |jonathan reed1|2022-02-15 04:36:04.816|1|0|article-the-border-closings-have-done-enormous-damage-to-canadas-reputation-at.json|globemail
Case in point.  Kenney pays $Billions for Keystone pipeline to nowhere USA.  Trudeau buys TMX to get our oil to market.   |jangm|2022-02-15 03:03:47.848|1|0|article-the-border-closings-have-done-enormous-damage-to-canadas-reputation-at.json|globemail
$3 to $6 billion at Windsor alone. What are your figures?|Steve2210|2022-02-15 12:55:52.735|1|0|article-the-border-closings-have-done-enormous-damage-to-canadas-reputation-at.json|globemail
You are letting your biases cloud  understanding of the difference  between internal movement of goods and the external international trade, and the scale of magnitude, not to mention the long term implications.|Randall Leigh|2022-02-15 01:46:53.290|1|0|article-the-border-closings-have-done-enormous-damage-to-canadas-reputation-at.json|globemail
Did you read it?  Do you have any idea about the value of trade that was destroyed by the simpletons ?|prague|2022-02-15 01:42:36.710|1|0|article-the-border-closings-have-done-enormous-damage-to-canadas-reputation-at.json|globemail
I wish you were right, but I doubt it.  If so Donald Trump would have lost the last election in a landslide.  Inappropriateness, verbal assault on one's opponents, disrespect for science, winning at all costs, polarisation seem to be the rules of the day, especially in American politics. Candice Bergen has a cup of coffee and a selfie with the Freedom Convoy, and a few days later is in the House complaining that Trudeau has done too little to end the blockades.  It all defies logic and good sense.   |Walter vV|2022-02-15 15:47:00.231|1|0|article-the-border-closings-have-done-enormous-damage-to-canadas-reputation-at.json|globemail
They are about to have their financial pants pulled down in public showing them taking American money.  The American money financing eco-protesters wasn't considered illegal, or even inappropriate, by the blue panel committee investigating American interference in Canadian energy policy.|app_72107751|2022-02-15 03:03:29.217|1|0|article-the-border-closings-have-done-enormous-damage-to-canadas-reputation-at.json|globemail
The Feds have done absolutely nothing but use inflammatory rhetoric to get their supporters poltically motivated and you think it is appropriate for them to invoke an Act that grants essentially martial law?|Skeptical Man|2022-02-14 19:52:20.887|1|0|article-the-border-closings-have-done-enormous-damage-to-canadas-reputation-at.json|globemail
The US announced the mandate October 2021. Enacted it January 21, 2022.  The entire country has had to deal with restrictions. Which are done by Premiers not 'trudeau'.  Saskatchewan ended theirs last week. |jangm|2022-02-15 03:10:40.550|1|0|article-the-border-closings-have-done-enormous-damage-to-canadas-reputation-at.json|globemail
The time out should be in the salt mines!|prague|2022-02-15 01:43:20.677|1|0|article-the-border-closings-have-done-enormous-damage-to-canadas-reputation-at.json|globemail
You use irony at your peril on this board, sir.  Believe me.  |Randall Leigh|2022-02-15 01:50:05.621|1|0|article-the-border-closings-have-done-enormous-damage-to-canadas-reputation-at.json|globemail
"""6 years""? You have a short memory."|Stephen Saines|2022-02-15 00:12:06.554|1|0|article-the-border-closings-have-done-enormous-damage-to-canadas-reputation-at.json|globemail
You’re like an aging former beauty pageant contestant.     Look in the mirror, fellah.   The CPC keep losing because they’re “coyote ugly” to the people they need to win Govt.     The sooner you realize this simple fact, instead of a selective memory of past “beauty” the sooner your sorry party might get elected to govern again.    |Not the Alliance|2022-02-15 11:03:00.987|1|0|article-the-border-closings-have-done-enormous-damage-to-canadas-reputation-at.json|globemail
Rankings have different meanings.  Harper and Poilievre enacted their Fair Elections Act. Specifically to eliminate Elections Canada and set up their own electoral college.  Canadians saw through that.  And Poilievre will never get a second chance to try again.|jangm|2022-02-15 03:13:57.205|1|0|article-the-border-closings-have-done-enormous-damage-to-canadas-reputation-at.json|globemail
"So bloody wrong you are!  As were the so called truckers who became willing idiots in much different game.  It didn't matter what Canada did!!! The USA imposed mandatory vaccination on any trucker entering well before Canada did.   No Canadian trucker without vaccination was going to get to the US.  The useless, so costly ""protest"" was supposedly for the wrong reason they publicized. Either there were really stupid, or just didn't care, or were just used by the real ones behind .  "|prague|2022-02-15 01:48:45.037|1|0|article-the-border-closings-have-done-enormous-damage-to-canadas-reputation-at.json|globemail
That comment from our dear columnist you quote was baseless condescension.  Canadians are worried sick about what he describes.  We don't need lecturers about geopolitical peril from the States, a country where half its population can't find most places in the world on a map and which gave us Trump and the alt-right.   |Prairie Logic|2022-02-15 00:47:41.597|1|0|article-the-border-closings-have-done-enormous-damage-to-canadas-reputation-at.json|globemail
Oh well, at least a slightly different angle on yet another hit piece against the truckers ....|Sincinnatus|2022-02-14 23:41:11.394|0|0|article-the-border-closings-have-done-enormous-damage-to-canadas-reputation-at.json|globemail
The theme and tenor of this article very much matches the messaging coming out of Ottawa today.|William Lyon Mackenzie1|2022-02-14 23:22:46.952|0|0|article-the-border-closings-have-done-enormous-damage-to-canadas-reputation-at.json|globemail
That should be something that needs to be closely examined and corrected. Too many levels of jurisdiction that seemed to be paralyzed because it was maybe someone else's job. |Randall Leigh|2022-02-15 01:54:38.412|1|0|article-the-border-closings-have-done-enormous-damage-to-canadas-reputation-at.json|globemail
Gave you a thumbs up, but the Emergencies Act is limp. The Defence Act is far more empowering.|Stephen Saines|2022-02-14 23:44:21.286|1|0|article-the-border-closings-have-done-enormous-damage-to-canadas-reputation-at.json|globemail
Do you see Trudeau in your sleep?  What exactly was he supposed to do? And don't give that line about not respecting the truckers. They were profane, ignorant , and completely wrong. He was rather polite in fact.|Randall Leigh|2022-02-15 01:58:44.296|1|0|article-the-border-closings-have-done-enormous-damage-to-canadas-reputation-at.json|globemail
Yes.|Pseudonymous Coward|2022-02-15 01:35:22.596|1|0|article-the-border-closings-have-done-enormous-damage-to-canadas-reputation-at.json|globemail
No, the truckers who can’t understand the law are the problem. Let me repeat, health care is a provincial mandate, not the federal government. As per usual this motley well funded group wants to play the victim. Again. They caused this mess and hardship, make them pay by revoking their ability to earn a living. That concept they should understand. Hopefully. Maybe. |Golf guy3|2022-02-14 23:37:48.316|1|0|article-the-border-closings-have-done-enormous-damage-to-canadas-reputation-at.json|globemail
Absolutely right.|mumey|2022-02-27 02:43:23.763|0|0|article-the-border-closings-have-done-enormous-damage-to-canadas-reputation-at.json|globemail
