﻿comment|username|datetime|isreply|num_replies|post_id|label
My daughter and son in law spent two years in Ottawa. He was a student and she worked as a school teacher. They both absolutely loved it. We moved them back out west and we ended up staying for a few weeks. A few things struck me about the place. One was the generally relaxed and happy nature of the people and the vibe in general. Another was the absence of private industry. It really is a government / university town. If I had one message to give it would be to sort out that arena and make a decision and get something built downtown. For the nations capital (cmon folks) and with all the money flying around right now surely something can get done!   One of the things that they both hated to see upon their return was all the signs on vehicles and road sides of the F… Trudeau message. The hate alarmed them and they saw it as ugly and divisive. I explained to them that they didn’t understand why it was so prevalent. It was a response. It was an answer back. It was a way of saying we see what are are doing and the way you are dividing and this is what we think of you and what you are doing to OUR Canada. |tj91|2022-02-25 15:29:25.570|0|5|article-the-occupation-showed-ottawa-is-a-city-still-satisfied-with-mediocrity.json|globemail
You either don't live in Ottawa and know the area in question or you're a developer's shill.  What's at stake here is not just a bit of green space.    If the proposed hospital is built on the current site, it will not just ruin the Experimental Farm and the adjacent picturesque Dow's Lake area that attracts thousands of visitors throughout the year.  It will  create a traffic nightmare beyond the imagination of most residents.  It will also be a true insult to Canada's historic relationship with the Netherlands which is honoured in the annual tulip festival, and a park named after their war time queen, Juliana.  The decision on the site was sprung on the city in a coup after closed door meetings, overturning previous decisions made in a public process.  It benefits no one but developers who stand to make billions by gaining control of Tunney's Pasture, a large area vastly more suitable and more accessible for a large hospital complex.  That's a scandal which isn't even being investigated so far, on a scale larger than the Lansdowne debacle or the LRT mess. |zebra71|2022-02-24 15:41:46.445|1|4|article-the-occupation-showed-ottawa-is-a-city-still-satisfied-with-mediocrity.json|globemail
Andrew, I hate to tell you, but most of Canada is mediocre. Here and there are hints of something better, inspired, outside of group-think decision-by-committee. But given the relative wealth and opportunity in this country, it's heart-breaking that the examples of people, places and things that are beyond cookie-cutter are so few. Thank goodness Mother Nature gave us amazingly good looks because we sure aren't capable of coming up with anything awesome to show the world.|batgirl|2022-02-23 14:50:05.543|0|4|article-the-occupation-showed-ottawa-is-a-city-still-satisfied-with-mediocrity.json|globemail
"""Those bouncy castles were the worst, let me tell you! We never knew when we would be set upon by cruelly laughing traitorous little miscreants!"""|THE BOOKMAN1|2022-02-25 13:01:17.314|0|3|article-the-occupation-showed-ottawa-is-a-city-still-satisfied-with-mediocrity.json|globemail
"Exactly. I have to wonder that Cohen couldn't write a more precise piece.  The reality is that the region has over a million people in it, less of 20% of which are ""public servants"" unless you try to stretch the numbers by including garbage collectors, cops and firemen.  Anyone here consider firemen as ""cushy well-paid public servants""? I should bloody well hope not. It's a challenging job.   "|Phil King|2022-02-23 17:56:54.962|1|3|article-the-occupation-showed-ottawa-is-a-city-still-satisfied-with-mediocrity.json|globemail
""" Here, at the Pond, the mirthless city that forced kids to dismantle a lemonade stand ""  As the linked article itself points out, it was the NCC that shut it down, not the City. And that's one of the problems Ottawa has that other cities don't. The NCC controls much of the City's infrastructure and greatly complicates governance.  And I can't believe that anyone could write a column about Ottawa and not mention that it's Canada's high tech capital, the very opposite of mediocrity. High tech employs more people than the federal government. "|rationalist|2022-02-23 15:33:14.372|0|3|article-the-occupation-showed-ottawa-is-a-city-still-satisfied-with-mediocrity.json|globemail
Ottawa should be an autonomous national capital region rather than part of Ontario. One federal funding stream, one police force, some ambition and imagination....|Rovenbird|2022-02-24 13:28:47.313|0|3|article-the-occupation-showed-ottawa-is-a-city-still-satisfied-with-mediocrity.json|globemail
I do not agree with those protestors, or I say I disagree with them.  However we must look beyond what is happening on streets. The sad thing is that politicians only tell people what is on surface, because addressing the root of this problem requires resolve and time beyond their terms of mandate.  People are discontent because our society is breaking down. Wealth is more and more concentrated to the few, and especially when there is a financial or economic crisis including current pandemic. While the rich get richer, the poor lose their jobs, assets, and even struggle to pay their rents. It only takes some reason, good or bad, for them to vent their anger.  |Max-power|2022-02-23 15:53:10.257|0|3|article-the-occupation-showed-ottawa-is-a-city-still-satisfied-with-mediocrity.json|globemail
Not so much rich versus poor, as government employees versus private sector. The same politicians and bureaucrats complaining of the incovenience of the protest did much to cause the loss of hundreds of thousands of jobs, business closures, and broken families in western Canada.|Len F2|2022-02-23 17:03:53.229|1|3|article-the-occupation-showed-ottawa-is-a-city-still-satisfied-with-mediocrity.json|globemail
Good article. Describes what happens when you fill a space with government and union employees. It just sucks the soul out of a person.  I’m surprised anyone in Ottawa knows how to smile. |NM0047|2022-02-25 14:03:08.130|0|3|article-the-occupation-showed-ottawa-is-a-city-still-satisfied-with-mediocrity.json|globemail
Thanks for the response although I slightly disagree about 'the need for more resources'.  The City of Toronto and Quebec City seemed to manage ok with what the resources they possessed.  I'll admit the Ottawa demonstration was larger in size but if the Ottawa police had taken steps at the beginning or intervened earlier . . .?   PS - Ontario DID supply 100 OPP officers.|StuporDuck|2022-02-23 15:02:15.203|1|3|article-the-occupation-showed-ottawa-is-a-city-still-satisfied-with-mediocrity.json|globemail
Your so called idiots came from across the country, including Quebec. Get off the Alberta bashing for once. |Susan-Ed|2022-02-23 16:02:15.402|1|2|article-the-occupation-showed-ottawa-is-a-city-still-satisfied-with-mediocrity.json|globemail
A careful reading of the events invariably lead one to conclude that the Ottawa Police were complicit in the occupation - Other cities responded proactively and either had blockades quickly disassembled or not allowed to get a toe-hold in the first place.  Ottawa's refusal to stop people from coming and going to their vehicles and staging area; bringing gasoline, food, and water - allowing the setting up of bouncy castles and hottubes - constructing makeshift shelters - and then when ALL TEN of the local towing companies refused to respond - everything points to a feckless and complicit policing. The Chief rightly resigned - but this has to go beyond his resignation - a full enquiry with a view to sanctioning, dismissing and possibly even charging individual members of the force for deriliction of duty.   And this failure was the sole reason that our Prime Minister was compelled to invoke the Emergencies Act. No other reason. |Rocksteady|2022-02-24 15:08:14.274|0|2|article-the-occupation-showed-ottawa-is-a-city-still-satisfied-with-mediocrity.json|globemail
Not just Ottawa dude. You need to get out more. This is Canada coast to coast! Afraid of it’s own shadow. Don’t say anything, don’t do anything.   We are now a country where micro aggressions are considered a really big problem. And since practically anything can be considered a micro aggression, we have simply become paralyzed. |Shanedd|2022-02-24 15:42:40.318|0|2|article-the-occupation-showed-ottawa-is-a-city-still-satisfied-with-mediocrity.json|globemail
Well the Liberal government moved it from it's original site... The cost to burying the parking would be enormous and government funding is not allowed to pay for this portion of the project.  Also opposing/stalling the construction of a hospital DURING A PANDEMIC is not a good look...  Ottawa has no shortage of green space, get over yourselves.|amistro|2022-02-23 17:04:41.607|1|2|article-the-occupation-showed-ottawa-is-a-city-still-satisfied-with-mediocrity.json|globemail
Nothing demonstrates Ottawa's lack of imagination better than the council agreeing to put up a 4 story hospital garage on a UNESCO heritage site.|Skeptical Man|2022-02-23 14:53:06.551|0|2|article-the-occupation-showed-ottawa-is-a-city-still-satisfied-with-mediocrity.json|globemail
You forgot to complain about the fact that the new US Embassy was allowed to take the shape, size and menacing symbolism of a Death Star Destroyer, and park its ugly, block-sized self in one of the (formerly) prettiest parts of downtown. That ugly monstrosity was the last straw for me. I not only feel spied upon when I walk anywhere close, I know that I am spied upon!|Your Huckleberry Friend|2022-02-24 17:20:35.704|0|2|article-the-occupation-showed-ottawa-is-a-city-still-satisfied-with-mediocrity.json|globemail
Even more strange, Mr. Cohen writes from his comfortable pew in cosy, comfortable Rockckiffe, which was itself an independent village with it's own town council and police service not so very long ago.  Amalgamation of surrounding areas into a sprawling city almost as large in geography as Prince Edward Island, with a population (not including the Gatineau side) over six times that province and growing very fast mostly from immigration, has posed governance challenges far beyond the capacity of its current municipal leaders to handle.  A legacy of bad planning and neglect from Queen's Park.|Ted Baker1|2022-02-24 14:32:51.120|1|2|article-the-occupation-showed-ottawa-is-a-city-still-satisfied-with-mediocrity.json|globemail
Ottawa is very very different from Vancouver. Vancouver is a core city with its own council. Ottawa on the other hand is an amalgamated city where the suburbs have the majority of seats on council.  The occupation didn't affect the suburbs which is one reason why proper attention wasn't given to it IMHO. |rationalist|2022-02-23 19:05:03.066|1|2|article-the-occupation-showed-ottawa-is-a-city-still-satisfied-with-mediocrity.json|globemail
Wow. your a one way thinker, the truckers brought millions of dollars into Ottawa through purchases of Hotel rooms, food, gas/diesel and other services, as well, fed the homeless on your streets for you. They also picked up the garbage, cleared the sidewalks, and reduced crime by 31% for the short time they were there. |Stacy60|2022-02-24 17:42:05.708|1|2|article-the-occupation-showed-ottawa-is-a-city-still-satisfied-with-mediocrity.json|globemail
Ottawa City is the canary in the coal mine... What we saw in this protest was pure incompetence...Ideologically driven incompetence.... Many of cities are led by these woke fools... Vancouver etc...defund the police indeed.  It is time for true leadership to step up and lead... City mayors and councils should stay in their lane, crime, roads, sewers.. The basics... But no, they like solving climate change... New people are required for the job because these fools have lost the thread  of the story.... |BMC9689|2022-02-23 15:35:57.896|0|2|article-the-occupation-showed-ottawa-is-a-city-still-satisfied-with-mediocrity.json|globemail
I guess you're disappointed we can't all be white colonists and settlers as usual, huh, ?|Mark P. Angel|2022-02-24 16:58:33.587|1|2|article-the-occupation-showed-ottawa-is-a-city-still-satisfied-with-mediocrity.json|globemail
Spending a little too much time on US television there Rovenbird? Turning our capital city into a quasi state will only deepen the divide between citizens in our country. It could also encourage separatists in Quebec and Alberta. This could further motivate those who feel disenfranchised by change to become even more radical.   Improve security and policing. Spend some federal tax payers money on modernization. Make Ottawa a fantastic centre of innovation, arts, culture, entertainment, and education. That would be fantastic.  Ottawa DC. No disrespect, but no thanks.     |JAJ|2022-02-24 16:08:46.686|1|2|article-the-occupation-showed-ottawa-is-a-city-still-satisfied-with-mediocrity.json|globemail
As an Ottawa resident for going on 50 years, I can’t really disagree.  The city council and the mayor have always acted like a bunch of dysfunctional squabbling entitled children, and this protest just brought it all out to the fore.  Many of us watched in disbelief as they completely cocked up the LRT project, then had to keep revising our travel as the system continually broke down.  And that’s just one of the debacles, albeit the most expensive one.  Guaranteed, if we didn’t have Winterlude and the Canada Day celebrations, we would rarely see tourists.  There’s nothing to see.   Still love the green spaces, though.|Since When|2022-02-23 16:26:32.095|0|2|article-the-occupation-showed-ottawa-is-a-city-still-satisfied-with-mediocrity.json|globemail
It is still a snobbish , elitist town that is controlled by the national capitol commission and gets all kinds of services that are paid for by the federal government that the rest of the country pays into.|TerryM4|2022-02-25 13:11:50.148|1|2|article-the-occupation-showed-ottawa-is-a-city-still-satisfied-with-mediocrity.json|globemail
Ottawa isn’t “satisfied with mediocrity” - it is “mediocrity” personified. The home of the entitled woke class, the shiftless and bloated civil service, an apathetic police force, and outdated and demographically doomed concepts like official bilingualism. As a Canadian taxpayer I actually enjoyed seeing Ottawa feel a little pain. |El Guapo 66|2022-02-23 14:06:07.793|0|2|article-the-occupation-showed-ottawa-is-a-city-still-satisfied-with-mediocrity.json|globemail
Agree on the city streets being worse than Jakarta.  Can you imagine how many diplomats return to their home country with stories about our city streets looking like a third world country?  In the capital of Canada, supposedly one of the best countries in the world?  And just as bad, the trucks through downtown, Waller to Rideau, and down King Edward.  If you stand on the corner of Rideau and Waller for 15 minutes, anytime on any day, you will think you were on an industrial thoroughfare.  Problem has always existed.  Political will to make downtown of the capital of our country enjoyable?  Not enough.  The citizens of Ottawa are some of the most educated, cultured, thoughtful people in Canada.  They really are, and to say otherwise is simply ignorant of the truth.  I think there is something deeply wrong with our political structure.  For some reason, with a few but insufficient bright exceptions, the councillors and Mayor seem to be employees of the city developers, not leaders of a civic adventure.  If anyone knows how to fix this, please run, and make a splash.  The hunger for real leadership is huge.  You would win. |WS1|2022-02-23 14:24:06.620|0|2|article-the-occupation-showed-ottawa-is-a-city-still-satisfied-with-mediocrity.json|globemail
Yes. Nasty but true. Mayor Watson has proven himself as much devoid of leadership as Trudeau. Without leadership Ottawa will continue to decline.|lucy102|2022-02-23 21:46:57.834|1|1|article-the-occupation-showed-ottawa-is-a-city-still-satisfied-with-mediocrity.json|globemail
"If Dr. Cohen doesn't like Ottawa, he should move somewhere else. Ottawa is a wonderful city, and after much consideration, there is not another city in Canada I would move to - visit, yes - but not move to.   What the good professor fails to consider is that Ottawa is a mix of federal and municipal jurisdictions, that complicate administration. And while I agree that the police could and should have done more, faster, that is no reason to drag the entire city down.  Ottawa is a city of 1 million people, where you can still get anywhere you want to go in 20 minutes. It is a city that has a strategy of actively NOT having everything downtown. And in fact, as more people work from home, the city has a strategy of creating 15 minute communities, where you can walk or cycle from your house to your local ""village green"" and town centre to shop, go to the library, eat a meal, etc.  Ottawa has the stunning National Gallery, the natural Capital ""mall"" (unlike the US mall, ours is the roaring Chaudiere falls and the confluence of three rivers), has 4 grassy parkways, a network of bike paths, the preserved Chateau Laurier, the lovely (coming) Lebreton Flats, the Aberdeen Pavillion, and more."|Exofficio.|2022-02-25 14:26:19.707|0|1|article-the-occupation-showed-ottawa-is-a-city-still-satisfied-with-mediocrity.json|globemail
When the leader of a country prints money and showers it on his supporters it keeps him in power. But it devalues the currency, causes inflation, and hurts the very people who gratefully took the handouts. See S Africa, Venezuela, Argentina, Turkey, and now Canada. |Genghis McCann|2022-02-24 15:40:28.751|1|1|article-the-occupation-showed-ottawa-is-a-city-still-satisfied-with-mediocrity.json|globemail
Maybe this is wake-up time for a renewed city? I like Ottawa, love the bilingualism, the river and green spaces, the bus system, national museums, sense of being in the centre of things, but the public service system is badly broken and sets the tone for mediocrity and disconnection.|John Criticus|2022-02-24 10:42:26.064|0|1|article-the-occupation-showed-ottawa-is-a-city-still-satisfied-with-mediocrity.json|globemail
ANDREW COHEN SPECIAL TO THE GLOBE AND MAIL  You’re not that special.  |Fcfrancis|2022-02-24 06:29:52.356|0|1|article-the-occupation-showed-ottawa-is-a-city-still-satisfied-with-mediocrity.json|globemail
I thought Vancouver was the no fun capital of Canada.|Guest_1840|2022-02-24 23:35:42.281|1|1|article-the-occupation-showed-ottawa-is-a-city-still-satisfied-with-mediocrity.json|globemail
The New Zealand High Court has upheld a challenge to a vaccine mandate for Police and Defence Force staff, stating that it was not a “demonstrably justified” breach of the Bill of Rights.|GMO4|2022-02-25 14:34:43.121|0|1|article-the-occupation-showed-ottawa-is-a-city-still-satisfied-with-mediocrity.json|globemail
Ottawa like every City in Ontario is completely under the jurisdiction of the Province of Ontario.  So, if the province actually did it's job and helped the Police Chief (who was proven right in the need for more resources) and the City, the protestors would not have been there for 3 weeks.  Premier Ford, was/is more concerned with winning an election in June (which he actually has zero chance of losing) than actually helping the citizens of Ottawa. |fcporto|2022-02-23 14:40:58.095|1|1|article-the-occupation-showed-ottawa-is-a-city-still-satisfied-with-mediocrity.json|globemail
Mr. Cohen has a point, though he vastly overstates it. But speaking of big trucks, is there another city that forces enormous trucks (travelling north-south) onto small streets through the centre of downtown?|Artie|2022-02-23 16:43:16.221|0|1|article-the-occupation-showed-ottawa-is-a-city-still-satisfied-with-mediocrity.json|globemail
"The ""green spaces"" are mostly empty land, and brown or grey rather than green for most of the year.. They only contribute to sprawl, pushing everything further from everything."|On Edge|2022-02-25 13:53:38.337|1|1|article-the-occupation-showed-ottawa-is-a-city-still-satisfied-with-mediocrity.json|globemail
The dismissive tone was a bit overdone. Perhaps it works as clickbait. But thanks for the link to Horizon Ottawa. I'll check them out. We certainly need a change from the current regime that operates Ottawa as nothing more than a land bank for property developers. |independentlypoor|2022-02-23 16:04:44.174|0|1|article-the-occupation-showed-ottawa-is-a-city-still-satisfied-with-mediocrity.json|globemail
I looked at the Horizon site, and read its policy proposals.  Sadly, they just offer more progressive babble.  Defund the police.  Divest from Oil & Gas.  Reconciliation.  More taxes.  What the city needs is a proper reform (small 'r') movement that focuses on city administration - water and sewers, policing, roads, transit, zoning and neighborhoods.  Deal with the essentials before wasting another penny on frippery.  |John and Melanie|2022-02-23 17:37:21.920|1|1|article-the-occupation-showed-ottawa-is-a-city-still-satisfied-with-mediocrity.json|globemail
Frippery!  Thanks, a new word for me.|Since When|2022-02-23 18:10:34.369|1|1|article-the-occupation-showed-ottawa-is-a-city-still-satisfied-with-mediocrity.json|globemail
"Ottawa is led by a Woke Council and Mayor that are more interested in their personal political position with in their Woke world than in managing the city. A not so civilized ongoing civil war  Twenty five quarreling ""children"" have led to the imposition of the Emergencies Act.  The CBS web city ran a great article outlining the disfunction.   Only in Canada.   "|BC Thoughts|2022-02-23 16:13:39.580|0|1|article-the-occupation-showed-ottawa-is-a-city-still-satisfied-with-mediocrity.json|globemail
Agreed!|Brodie Farmer|2022-02-24 14:47:21.693|1|1|article-the-occupation-showed-ottawa-is-a-city-still-satisfied-with-mediocrity.json|globemail
Ottawa sounds very much like Vancouver with its handout mayor and council and excuses for not getting everyday things done (hint: look in the mirror). More generally, Ottawa seems like metaphor for the country under Trudeau. Mediocrity is the high bar for this government which it mostly fails to meet. It is fitting that our country's parliament is situated in a civic bastion of the same. |1066 and all that|2022-02-23 17:41:35.055|0|1|article-the-occupation-showed-ottawa-is-a-city-still-satisfied-with-mediocrity.json|globemail
That’s what the truckers saw too! The city didn’t disappoint.|app_69614698|2022-02-23 16:49:29.928|0|1|article-the-occupation-showed-ottawa-is-a-city-still-satisfied-with-mediocrity.json|globemail
The trucks have to go through downtown because there's a gap between the 417 (built by the province) and the bridge to Gatineau (built by the feds).  Does this make the problem clearer? |rationalist|2022-02-23 19:09:16.427|1|1|article-the-occupation-showed-ottawa-is-a-city-still-satisfied-with-mediocrity.json|globemail
What a nasty article |Martin9414|2022-02-23 21:19:20.042|0|1|article-the-occupation-showed-ottawa-is-a-city-still-satisfied-with-mediocrity.json|globemail
app70: Let's give credit for that description: Maclean's columnist Allan Fotheringham called Ottawa the “town that fun forgot” in the last century.|thorncha|2022-02-25 14:16:44.765|1|1|article-the-occupation-showed-ottawa-is-a-city-still-satisfied-with-mediocrity.json|globemail
An eloquent take-down of the city. So Mr. Cohen, if you're so knowledgeable about what's wrong, how about you run for mayor and make it right?|SteveWilliams3|2022-02-24 14:54:05.322|0|1|article-the-occupation-showed-ottawa-is-a-city-still-satisfied-with-mediocrity.json|globemail
Not sure this is right. The scale of the occupation was unprecedented, so the OPS were caught flat-footed without the necessary resources to deal with several hundred very large trucks and tractor trailers downtown. Once they were entrenched, the trucks were unmovable without cooperation from other jurisdictions to bring in the necessary number of officers - and the EA to force the tow companies to cooperate and cut off funds.  Other cities, having seen what happened to Ottawa, were proactive in protecting their downtown, but Ottawa was struck first.  A valid criticism might be that the should have known how large the convoy was and prevented them from taking their rigs downtown. But I'm not even sure that would have been possible.|megd|2022-02-24 19:32:52.984|1|1|article-the-occupation-showed-ottawa-is-a-city-still-satisfied-with-mediocrity.json|globemail
I find it telling that the author of the article refers to Ottawa as one of the capitals of the G8 (aka G7+1).  I kind of thought we kicked Russia out of that particular club after Crimea in 2014. |Brozo Magnus|2022-02-25 13:08:11.059|0|1|article-the-occupation-showed-ottawa-is-a-city-still-satisfied-with-mediocrity.json|globemail
"During the Freedom Convoy's protests, the Mayor of Ottawa was well televised by CTV news with his disheveled rambling, seemingly impaired, rants.  These were largely fictional.  From a tourism perspective, the City missed a great opportunity for business in the dead of winter.  Most of the protesters had money, and they were staying in local hotels.  Rather than insulting them, and lying about them, the Mayor might have welcomed his fellow Canadians.  He could have tried to broker a meeting for them with our ""missing in action"" P.M. to discuss their concerns.  Further, there were a lot of folks traveling to Ottawa, as the peaceful protest had become a ""tourist attraction"".  Families and friends were getting their photos taken in front of some of the ""big rigs"" with the historic buildings as a background.  This story could have had a ""happy ending"" for everyone.  But like Russia, Canada suffers from poor leadership.  "|FRH1|2022-02-25 12:42:14.727|0|1|article-the-occupation-showed-ottawa-is-a-city-still-satisfied-with-mediocrity.json|globemail
When you compare Ottawa with similar sized metros such as Edmonton, Calgary or Quebec City it's no contest, those metros are much more dynamic , ambitious and dare I say competent than Ottawa.   It all comes down to culture. There is something seriously wrong with the civic and even overall culture in Ottawa. |LGA_2012|2022-02-25 01:04:32.619|0|1|article-the-occupation-showed-ottawa-is-a-city-still-satisfied-with-mediocrity.json|globemail
Following Larry O'Brian, a mayor who thought government could be run like a business, Ottawa was more than happy to have someone who seemed to be a competent manager, despite a lack of vision. Sadly, it turns out Watson wasn't a competent manager, either. What he was good at was convincing local councilors that they needed him to succeed, and he is taking his final opportunity to settle scores on council.   I just wish he was running again to see him finally lose.|CSparks2|2022-02-24 21:53:13.542|0|1|article-the-occupation-showed-ottawa-is-a-city-still-satisfied-with-mediocrity.json|globemail
While the author has some good points, I think he is laying it on pretty thick.  I lived in the Washington DC area for years.  Bad roads - yes.  Bad city government - yup.  Lots of crime - yessirree.  Terrible sports teams, bad football stadium, stupid owners - yea man.  Traffic - lots and lots.  Capital cities are like this, and Ottawa is not bad when compared to Washington DC, Brasilia, Hague, and other single purpose capitals.|kramnot|2022-02-24 21:51:47.761|0|1|article-the-occupation-showed-ottawa-is-a-city-still-satisfied-with-mediocrity.json|globemail
Strange that you think Ottawa (the part that was assaulted) is just civil servants. I’ve lived here for a decade and a half (Centretown, the “red zone”) and personally know very few. I do know of number of students, doctors, dentists, lawyers, business owners, teachers, retail workers, restaurant workers. Most of the civil servants drive across the bridge from Gatineau as far as I can tell. |SStratford|2022-02-24 21:51:07.184|1|1|article-the-occupation-showed-ottawa-is-a-city-still-satisfied-with-mediocrity.json|globemail
Not one federal civil servant lost their job due to COVID.  As a matter of fact they got a raise.  To add more misery for the rest of  the country the number of federal civil servants increased by 10,000 in 2021.  They have been insulated from the deep felt pains that the rest of the country has had to suffer through.  A few trucks and a peaceful demonstration was disturbing their solitude so the PM came to  their rescue with draconian tactics so they could go back to sleep.|TerryM4|2022-02-24 21:06:02.976|0|1|article-the-occupation-showed-ottawa-is-a-city-still-satisfied-with-mediocrity.json|globemail
I am usually supportive of Mr Cohen’s position but this article makes me think he may have slipped on the ice and landed on his head. How could the city have located the hockey arena downtown when a private developer built it in Kanata when it wasn’t part of Ottawa? As to Lansdowne park the city sought proposals and proceeded with what was decided was the best proposal. Perhaps they should have done nothing. The location of the new library is very close to the national archives and a major transportation hub. Where would Mr Cohen like to see it located? It’s early to draw conclusions about the LRT but surely it’s not the folly Mr Cohen suggests until it’s completed and operational. Perhaps if he thinks he can do better he should run for mayor. Jim T|Jane Panet|2022-02-24 18:59:36.058|0|1|article-the-occupation-showed-ottawa-is-a-city-still-satisfied-with-mediocrity.json|globemail
Well, I guess you won't be getting any invites from the BIA group in Ottawa this year.  I'll tell you someone who loves Ottawa and that is former Police Chief Peter Stoly.  Did he really walk away with a settlement of 3 times his base salary ?  3 x $335K.  That will buy a lot of beavertails eh ?|app_73631106|2022-02-24 18:47:48.061|0|1|article-the-occupation-showed-ottawa-is-a-city-still-satisfied-with-mediocrity.json|globemail
Ottawa was amalgamated in 2001 by Ernie Eves.|Bill_M6|2022-02-24 21:48:16.652|1|1|article-the-occupation-showed-ottawa-is-a-city-still-satisfied-with-mediocrity.json|globemail
Reality is complex and messy. One of the factors making Ottawa what it is was the forced amalgamation by the Mike Harris Conservative government in the 1990s of the suburban and rural surrounding county with the urban core, setting up a pernicious system where rural councillors routinely outvote the urban councillors. Mayor Jim Watson has manipulated this system, making sure that zero downtown councillors chair any of the city committees. As for the scandal of the light rail transport system, this is a textbook case of how public private partnerships can go wrong. More than that, the LRT shortcomings are baked into the system's design and aren't yet completely obvious. |AndrewHallOttawa|2022-02-24 18:34:03.332|0|1|article-the-occupation-showed-ottawa-is-a-city-still-satisfied-with-mediocrity.json|globemail
This speech could very well apply to all of Canada.Weak,spineless govt twiddling their fingers while minority special interest groups tear down historic statues of those who built this country,churches razed,mainline railroads blocked....and not a word from those who are elected to represent the majority....lest they be labeled by that minority. What has this country developed,created,constructed in the past 50 years?...nothing. But then again,,,,they're sooo occupied with not offending simple minorities,defining pronouns and apologizing for something no one knew 400 yrs ago...our politicians don't have much time for anything else. We deserve to be taken over by anyone else. RESPECT12|Bob Williams2|2022-02-24 18:28:56.052|0|1|article-the-occupation-showed-ottawa-is-a-city-still-satisfied-with-mediocrity.json|globemail
"This article seems to be using the occupation of Ottawa as an excuse to air a laundry list of grievances that the writer has been harbouring. He has picked a moment when the city is starting to recover from a traumatic event to take a slap at it. It is ironic that he begins his complaints by talking about a pond in Rockcliffe Park, which most citizens of Ottawa have probably never heard of and would not be welcome to use. There is no evidence at all that a ""clean, smart, kicking...Nordic metropolis"" would have resisted this occupation any better. The occupiers would certainly have despised it even more. This was a coordinated attack with heavy trucks aimed at the federal government using the downtown neighbourhoods and residents as hostages, and in addition to the suffering of the residents, it has cost the city tens of millions of dollars in extra costs and its local businesses hundreds of millions in losses. Ottawa as a regular Ontario municipality was left at first to confront this crisis with only its city resources and criss-crossing jurisdictions that left the citizens exposed. The people of Ottawa deserve to have answers and compensation, not an exercise in victim blaming. "|Louise_S1|2022-02-24 17:23:06.276|0|1|article-the-occupation-showed-ottawa-is-a-city-still-satisfied-with-mediocrity.json|globemail
And there it is. The reflexive anti-Americanism of the Laurentians whenever they feel threatened for being inadequate|LGA_2012|2022-02-25 02:34:07.315|1|1|article-the-occupation-showed-ottawa-is-a-city-still-satisfied-with-mediocrity.json|globemail
"The next time a really attractive, eye-catching building goes up in Ottawa will be the first time in my life. The city, and the federal national capital commission have, together, a vision so bland and dull it makes Ikea seem cutting edge. ""How cheap can we build it?"" is always the deciding factor in any discussion about putting in new infrastructure or a new building, government or private. Whatever attractive features Ottawa possesses were put there by previous generations as nothing interesting or worth looking at has been constructed in over 50 years. Its downtown might as well be Cleveland for all the casual glance can tell. There's nothing beyond Wellington Street to tell you it's the capital of Canada. Or even IN Canada. Other nations put up grand buildings to house their governmental departments - see Washington, London or Paris for examples. Ottawa puts up a bland office building whose only guide to its occupant is a black and white sign out front. Fountains? Statues? Great plazas? No those would take up space we could use for parking lots or more condos."|Goober|2022-02-24 17:20:04.203|0|1|article-the-occupation-showed-ottawa-is-a-city-still-satisfied-with-mediocrity.json|globemail
Ottawa will be better once Mayor Watson leaves for good. Putin has nothing on Mayor Jimmy when it comes to autocratic ways of governing.  The shutdown in Ottawa will always be on the incompetent Mayor. |halifax81|2022-02-25 14:22:23.046|0|1|article-the-occupation-showed-ottawa-is-a-city-still-satisfied-with-mediocrity.json|globemail
Ottawa, full of civil servants who wish to impose their views of life on a nation, and when they do not get their way, well you know what happened.  |Stacy60|2022-02-24 17:13:24.193|0|1|article-the-occupation-showed-ottawa-is-a-city-still-satisfied-with-mediocrity.json|globemail
Missed the joke that is the NCC.|PILLOCK|2022-02-24 17:13:15.340|0|1|article-the-occupation-showed-ottawa-is-a-city-still-satisfied-with-mediocrity.json|globemail
Excellent analysis.  Watson is not the only person responsible for the demise of Ottawa, but his dictatorship has been a leading cause.  It is extraordinary that the most mediocre people come forward to run for mayor.  The additional layer of NCC authority completes the paralysis.|475|2022-02-24 16:05:51.166|0|1|article-the-occupation-showed-ottawa-is-a-city-still-satisfied-with-mediocrity.json|globemail
A nice place to live but I wouldn’t want to visit. It’s the town fun forgot. |app_70799841|2022-02-25 13:31:53.026|0|1|article-the-occupation-showed-ottawa-is-a-city-still-satisfied-with-mediocrity.json|globemail
This speech could very well apply to all of Canada.Weak,spineless govt twiddling their fingers while minority special interest groups tear down historic statues of those who built this country,churches razed,mainline railroads blocked....and not a word from those who are elected to represent the majority....lest they be labeled by that minority. What has this country developed,created,constructed in the past 50 years?...nothing. But then again,,,,they're sooo occupied with not offending simple minorities,defining pronouns and apologizing for something no one knew 400 yrs ago...our politicians don't have much time for anything else. We deserve to be taken over by anyone else.|john l gee|2022-02-24 15:29:26.385|0|1|article-the-occupation-showed-ottawa-is-a-city-still-satisfied-with-mediocrity.json|globemail
I think this article is a little unfair in laying the blame on the City of Ottawa citizens('contented constituency') for the mess that engulfed it.  I'm sure most if not all of it's citizens wished(or perhaps demanded is the better term) that something be done.  Was it the citizen's fault that an utterly incapable Police Chief had been hired and that an equally incompetent Ottawa Police Services Board appeared to do nothing to spur him on?  Did the citizens of Ottawa demand the Ontario Solicitor General's office remain on the sideline instead of requesting the Board address the problems?  One must also blame the citizens for a PM and an Emergency Preparedness Minister who pointed fingers or berated the protesters from their places of hiding.  And what about the Mayor of Ottawa?  Essentially a well advertised and well known demonstration was allowed to waltz into the city unopposed and firmly become set up.  Ironically, the demonstrators showed a degree of planning far superior to those supposedly protecting the City's interests.  Yup, the citizens were sure contented with mediocrity all right.|StuporDuck|2022-02-23 13:28:50.007|0|1|article-the-occupation-showed-ottawa-is-a-city-still-satisfied-with-mediocrity.json|globemail
Ottawa was once described by The Foth (Allen Fotheringham) as “ the city that fun forgot”. Sounds like an accurate assessment. |Guido83|2022-02-24 06:26:14.570|0|1|article-the-occupation-showed-ottawa-is-a-city-still-satisfied-with-mediocrity.json|globemail
Blaming Ottawa because a bunch of idiots from Alberta swamped it with people whose imagination didn’t raise above that of a foghorn.|DerekH111|2022-02-23 14:47:14.317|0|1|article-the-occupation-showed-ottawa-is-a-city-still-satisfied-with-mediocrity.json|globemail
in fairness to it's roads and  living in a cold weather city myself, if it's minus 30 on Monday and plus 8 on Thursday how good do you expect the roads to be really?|Corey Zimmermann|2022-02-23 15:16:02.364|1|1|article-the-occupation-showed-ottawa-is-a-city-still-satisfied-with-mediocrity.json|globemail
The carbuncle of Ottawa is the federal government that the municipal government serves in a kowtowing king of way.  That is a given.  I believe this to be a long term problem, and not exclusive to the present worst government in Canadian history.  Its bread and butter is the taxation base from its federally employed citizenry who make a career of it and then hightail it out of town the moment their accumulated overtime and banked sick days allows them to retire two years + early.  To them, the concept of freedom is freedom 55.  It has a lousy football team and a promising hockey team that takes third place in the hearts and minds of its citzenry. Two teams screaming to be relocated for lack of community support.  All the same, not bad for a provincial backwater town.  And then, the town gets rattled by prolonged peaceful protest and democratic dissent.  Complaining loud enough to get a weakminded PM to enact the Emergencies Act, resulting in the 30 day suspension of the rights of all Canadians, with talk of this being extended.  One would think that Ottawa had gone through a Siege of Leningrad type of experience, so loud was their inconvenience and sense of entitlement.|moon howler|2022-02-23 15:02:36.924|0|1|article-the-occupation-showed-ottawa-is-a-city-still-satisfied-with-mediocrity.json|globemail
So move.|Tesslove|2022-02-23 14:01:15.006|0|1|article-the-occupation-showed-ottawa-is-a-city-still-satisfied-with-mediocrity.json|globemail
The death of the Sparks Street Mall lies at the feet of the NCC, and the requirement put in by some previous government that Public Works should charge 'market rents' to tenants.  ...I've seen a number of unique local businesses get driven out by these policies....|MMackinnon|2022-02-24 16:23:58.254|1|1|article-the-occupation-showed-ottawa-is-a-city-still-satisfied-with-mediocrity.json|globemail
Ottawa is far from perfect, but I thought this piece really nasty as well as poorly-timed.  But hey, quick 'em while they're down, right Globe and Mr. 'Special' Correspondent?|Richard McL|2022-02-24 14:36:55.628|1|1|article-the-occupation-showed-ottawa-is-a-city-still-satisfied-with-mediocrity.json|globemail
Finally, Andrew Cohen hits one out of the park!  I have disagreed with quite a few things Mr. Cohen has written, e.g. a recent column on the truckers convoy, but I very much agree with him on this column.   This is a brilliant, much needed characterization of the City of Ottawa, Mr. Cohen. |Dannyboy789|2022-02-23 14:41:19.459|0|1|article-the-occupation-showed-ottawa-is-a-city-still-satisfied-with-mediocrity.json|globemail
Same is true of Victoria. |Susan-Ed|2022-02-23 15:57:07.318|1|1|article-the-occupation-showed-ottawa-is-a-city-still-satisfied-with-mediocrity.json|globemail
Sadly , it also describes the rest of Canada.  Full of Platitudes.    Woke , Broke and Weak. |Bryland211|2022-02-24 13:47:32.993|1|1|article-the-occupation-showed-ottawa-is-a-city-still-satisfied-with-mediocrity.json|globemail
"Surprise!  Surprise!  Ottawa as a city mirrors its population: unimaginative, complacent and ""blasés"" civil servants and politicos!"|jocousino|2022-02-23 14:13:02.911|0|1|article-the-occupation-showed-ottawa-is-a-city-still-satisfied-with-mediocrity.json|globemail
You should check out Surrey  British Columbia, our fastest growing city soon to over take Vancouver in population. It is run by McCallum, an authorcratic former mayor, that squeeked up with 30%of 40%of voters, and is running his slim majority without any involvement or consideration of the other councillors. He was mad at the RCMP so decided to set up his own police force with himself as chair. It is deeply upsetting and I can just image what would have happened at the 176 street truck crossing, had not the RCMP been still responsible. Something has to change in Municipal Governance. |app_64663062|2022-02-23 16:34:36.686|1|1|article-the-occupation-showed-ottawa-is-a-city-still-satisfied-with-mediocrity.json|globemail
"Ya, but they are still paid from the 'public purse"""|chilcotinbob|2022-02-23 23:06:39.401|1|1|article-the-occupation-showed-ottawa-is-a-city-still-satisfied-with-mediocrity.json|globemail
Understanding that, have you noticed how highways rarely ever have cracks/potholes? Because of their traffic loads and speeds they have to be built with a higher grade of asphalt. This requirement could be set for all roads but $$$$ and the infrastructure companies are in the pockets of city officials. Why do the job well when you can do it poorly multiple times.  Also have you noticed that most potholes start around manhole covers? The paving process has to stop around these obstacles so you get joints and that's where the water gets in and starts to freeze/thaw cycle. Moving these to the extremities of the roadways could keep cracks from forming in the middle of the road.   These are not perfect solutions but could greatly improve the road quality IMO. Ask yourself why nothing new is ever attempted.|amistro|2022-02-23 17:12:09.208|1|1|article-the-occupation-showed-ottawa-is-a-city-still-satisfied-with-mediocrity.json|globemail
I won’t disagree on the chosen hospital site.  I do understand that putting parking deep under ground…next to a lake … won’t work.  The problem was too many people folded like an overcooked lasagna noodle when some people objected to building the new hospital across the street from the existing hospital…in a corn field (that was part of the Central Experimental Farm).  For the people who opposed that location and are now apoplectic about the new location: be careful what you wish for.  Suggests our root problem is we have trouble doing anything unless no-one objects.  |Cliff Halliwell|2022-02-24 14:44:55.952|1|1|article-the-occupation-showed-ottawa-is-a-city-still-satisfied-with-mediocrity.json|globemail
The Pond is environmentally sensitive, and those ice swimmers are quite content in the Ottawa River according to a recent photo shoot and story on them in the Citizen.  They would have also been the first to sue the City had anything happened to them.  What this had to do with your general topic escapes me, Mr. Cohen.  If you hate Ottawa so much, you could always move.  |Marilyn0|2022-02-23 15:36:04.706|0|1|article-the-occupation-showed-ottawa-is-a-city-still-satisfied-with-mediocrity.json|globemail
Not to mention there are no washrooms at the site nor any public parking, just street parking.  Ottawa’s major beaches do have washrooms and parking.  |Cliff Halliwell|2022-02-24 17:11:07.542|1|1|article-the-occupation-showed-ottawa-is-a-city-still-satisfied-with-mediocrity.json|globemail
As a resident of Ottawa, I find it hard to argue much with Andrew Cohen’s assessment. (Although he’s underselling the quality of life benefits.) We did just experience a shocking failure of municipal leadership, and that rests on a long history of limited vision and thinking.  But our government structures are designed to prevent vision. Every municipality has to manage the province, but Ottawa also has the Federal government to deal with. And for true regional thinking, you have to bring on board Gatineau and Quebec as well. The financial situation also works against big thinking. We pay much higher municipal taxes and transit fares than Toronto, for comparison, for about the same level of per capita spending.  The conclusion to me is obvious. If you want a true national capital – one with global presence – create a Capital Territory. But I very much doubt there is much appetite for that. The ugly civic architecture, bad planning and limited thinking on show in Ottawa have exactly the same roots as the collapsing state of 24 Sussex – no politician thinks it’s worth investing in. So, in the end, Canadians have the capital they want.|RedReason|2022-02-23 15:03:03.865|0|1|article-the-occupation-showed-ottawa-is-a-city-still-satisfied-with-mediocrity.json|globemail
"infested with vagrants and drug addicts   ""Infested"" is the correct word."|John and Melanie|2022-02-24 21:42:00.523|1|1|article-the-occupation-showed-ottawa-is-a-city-still-satisfied-with-mediocrity.json|globemail
"It's a city of ""progressives"". Enough said. It's a very misleading term. Progressives aren't focused on building a community. They are hell bent on sensoring, tearing things apart, shaming. I can't think of a single ""progressive"" city that moves forward and gets better."|strat89|2022-02-23 14:49:13.800|0|1|article-the-occupation-showed-ottawa-is-a-city-still-satisfied-with-mediocrity.json|globemail
Agree with most of this, but I thought the Chateau Laurier was considered Châteauesque rather than gothic.  |dre3|2022-02-23 15:53:06.962|0|1|article-the-occupation-showed-ottawa-is-a-city-still-satisfied-with-mediocrity.json|globemail
"You're downtown is ""Infested"" by your fellow citizens?  I mean, at least try to hide your hatred. "|Mark P. Angel|2022-02-24 17:11:34.149|1|1|article-the-occupation-showed-ottawa-is-a-city-still-satisfied-with-mediocrity.json|globemail
Mediocrity?   You are too kind.  We have a police force that cannot, or will not, police.  And a police union that fights the slightest reform.   We have a roads department that cannot maintain the roads nor clear snow properly.  We have a downtown infested with vagrants and drug addicts.  We have a development and zoning process that sacrifices the character of existing neighborhoods in the service of developers.  We have a mayor who has the council in his pocket, sidelines anyone who suggests reform, and seems entirely focused on building his monument, the LRT.  The fact that the LRT constantly breaks down did not stop the city from awarding the next phase to the same builder.  The city administration stinks on ice.  Sadly, I do not see a reform movement, and the next civic election will likely produce an equally dismal outcome.  Mediocrity?  If only.|John and Melanie|2022-02-23 15:17:17.755|0|1|article-the-occupation-showed-ottawa-is-a-city-still-satisfied-with-mediocrity.json|globemail
It’s because it’s a bureaucratic culture devoid of imagination and humour. Everyone walks around with a pained expression of their face clutching a briefcase obviously aggrieved by some perceived wrong. |app_70799841|2022-02-25 13:41:09.505|1|0|article-the-occupation-showed-ottawa-is-a-city-still-satisfied-with-mediocrity.json|globemail
One of the runners for the mayor's chair (Diane Deans) has been on Council since 1994! Never worked in the real world and pampered by developers who share in the ugliness of the city.  You're right about the Byward Market. The ugliest area in the world. When Ottawans read 'formal attire' on an invitation to a function, they flull up their Root's 10 year old outfit.|dunrob|2022-02-24 22:58:00.741|0|0|article-the-occupation-showed-ottawa-is-a-city-still-satisfied-with-mediocrity.json|globemail
This kind of searing critique could be applied to any Canadian city including and perhaps especially Toronto. Decades of political failure and neglect have made the Ontario capital a dreary mess; the potentially beautiful lakefront walled off by soulless condos in what amounts to a crime against nature AND humanity. Employees of the public transit system must be among the laziest and most jaded on earth, wearing contempt for their customers on their sleeves. The subway is a screeching relic, perpetually under repair and subject to constant delays and failures. Nothing much gets done, not least because of interference by the premier and a controlling faction of right-wing councillors totally enamoured with the automobile despite the shockingly high pedestrian death rate on our roads. By comparison, Ottawa actually sounds pretty good to me.   |truthismight|2022-02-25 04:08:44.576|0|0|article-the-occupation-showed-ottawa-is-a-city-still-satisfied-with-mediocrity.json|globemail
Local politicians sold out to the developers years ago. Mayor Watson is quitting ahead of an investigation into the LRT that is likely to be scathing in its criticism of his conduct.  Most of Ottawa looks like it was constructed by a 5 year old with a Lego set. Ordinary working folk cannot afford to live in the City but are commuting in from Arnprior and Kemptville. Public transit, police services, garbage collection and other civic services are a running gag  Bidonville on the Rideau|HW01|2022-02-25 11:22:29.864|0|0|article-the-occupation-showed-ottawa-is-a-city-still-satisfied-with-mediocrity.json|globemail
The voters are happy with mediocrity. Watson would be re-elected|dunrob|2022-02-24 22:48:00.142|1|0|article-the-occupation-showed-ottawa-is-a-city-still-satisfied-with-mediocrity.json|globemail
Apparently the architectural style is “French gothic revival chateauesque” so you’re both right.|Since When|2022-02-23 16:34:39.227|1|0|article-the-occupation-showed-ottawa-is-a-city-still-satisfied-with-mediocrity.json|globemail
Name one.|MMackinnon|2022-02-25 13:32:12.841|1|0|article-the-occupation-showed-ottawa-is-a-city-still-satisfied-with-mediocrity.json|globemail
Thats why Ottawa is like Ottawa|dunrob|2022-02-24 22:48:48.957|1|0|article-the-occupation-showed-ottawa-is-a-city-still-satisfied-with-mediocrity.json|globemail
A few years ago the (then new) city auditor discovered that for years pavers had been using sub-standard asphalt for road repairs and renewals.  City officials never bothered testing.  The city is getting better now.  When a major road is redone the final asphalt coat is done after the winter, to be able to fix what moved with freeze-thaw cycles.  But, this should have been what a friend calls a ‘blinding glimpse of the obvious’.  |Cliff Halliwell|2022-02-24 16:05:14.916|1|0|article-the-occupation-showed-ottawa-is-a-city-still-satisfied-with-mediocrity.json|globemail
A few examples of these wonderful services exclusive to Ottawa would help you make your case.|On Edge|2022-02-25 13:41:45.678|1|0|article-the-occupation-showed-ottawa-is-a-city-still-satisfied-with-mediocrity.json|globemail
Well said!|Jack Canuck|2022-02-23 15:03:39.892|1|0|article-the-occupation-showed-ottawa-is-a-city-still-satisfied-with-mediocrity.json|globemail
"Please explain the term ""woke"". What does that even mean?"|megd|2022-02-24 19:50:49.989|1|0|article-the-occupation-showed-ottawa-is-a-city-still-satisfied-with-mediocrity.json|globemail
But how do you really feel about Ottawa Andrew?|jpwjpw|2022-02-24 19:52:03.511|0|0|article-the-occupation-showed-ottawa-is-a-city-still-satisfied-with-mediocrity.json|globemail
Generally, Ottawa's architecture is staggeringly dull, particularly in the downtown core - the federal government and developers retreat to the lowest common denominator of grey concrete and reflective glass - there's no particular genius in pointing that out - and, for sure, it's more noticeable this time of year than the summer or fall - maybe Mr Cohen needs a holiday - Pat M|rebecca.murray|2022-02-25 19:15:44.934|1|0|article-the-occupation-showed-ottawa-is-a-city-still-satisfied-with-mediocrity.json|globemail
Excellent writing, thank you Andrew Cohen.  I was born and raised in Ottawa but lived abroad for 21 years; 18 of those years in London, England.   I observed, with utter disbelief, the paralysis that overtook our Capital city. Then as days turned to weeks, I watched in horror, a disgusting display of antics served up by so-called 'freedom fighters'...24 Hour Party People infiltrated with extremists, who could not even articulate their cause.  We have shown the world how meek and vulnerable we truly are.   Shocking: a change of vision and leadership is required....we must learn lessons from this.|minipug|2022-02-24 18:59:17.174|0|0|article-the-occupation-showed-ottawa-is-a-city-still-satisfied-with-mediocrity.json|globemail
"No, it was $300 million, a chalet in the laurentians and a boat.  Really, the guy's salary was $360k +$15k benefits.  keeps his pension but severance not necessary upon resignation but ""mutually agreed separation"" could include termination pay. Some contracts like CEO's get severance regardless of circumstances. Can't find any mention of severance."|ZayWhat|2022-02-24 21:50:36.608|1|0|article-the-occupation-showed-ottawa-is-a-city-still-satisfied-with-mediocrity.json|globemail
https://www.theglobeandmail.com/canada/alberta/article-criminal-anthropologist-says-alberta-at-heart-of-unrest-protests/|DerekH111|2022-02-23 19:20:01.124|1|0|article-the-occupation-showed-ottawa-is-a-city-still-satisfied-with-mediocrity.json|globemail
Ernie Eves became Premier of Ontario on April 15, 2002. |rationalist|2022-02-25 13:49:37.006|1|0|article-the-occupation-showed-ottawa-is-a-city-still-satisfied-with-mediocrity.json|globemail
Says the person who just bashed all Ottawa civil servants?  Please - what hypocrisy.|Richard McL|2022-02-24 14:39:04.025|1|0|article-the-occupation-showed-ottawa-is-a-city-still-satisfied-with-mediocrity.json|globemail
Nothing in the last 50 years? Simple minorities? Deserve to be taken over by anyone else? That's laughable. As for the churches, they get raised because parishioners don't fill them anymore, not because someone is out to get them. We still tolerate religious bigotry in Canada, lucky for you.|UrbanFringe|2022-02-24 22:37:47.378|1|0|article-the-occupation-showed-ottawa-is-a-city-still-satisfied-with-mediocrity.json|globemail
So you don’t like cities.|SStratford|2022-02-24 21:58:19.041|1|0|article-the-occupation-showed-ottawa-is-a-city-still-satisfied-with-mediocrity.json|globemail
Ottawa is as exciting as a wet dish rag. It's really just a big small town, boring to the core.|Ron McAllister|2022-02-24 18:13:22.013|0|0|article-the-occupation-showed-ottawa-is-a-city-still-satisfied-with-mediocrity.json|globemail
Ah yes, grandparents – their eyes blazing, voices shaking with emotion - will tell the heroic tale to their wide-eyed grandchildren: “We survived the Hot-Tub Siege of Ottawa back in those dark days of ’22! Oh, we got ‘em good alright – our fearless leader trashed those working-class ne’er-do-wells, but good!” I’ve never been so proud to be Canadian as when Justin Trudeau hurled the ultimate insult to that bunch of miscreants as he and his family fled Ottawa – “Why, you’re nothing but an insult to truth!”|THE BOOKMAN1|2022-02-25 12:08:31.779|0|0|article-the-occupation-showed-ottawa-is-a-city-still-satisfied-with-mediocrity.json|globemail
And who are the other 80% of the inhabitants?|megd|2022-02-24 19:52:59.341|1|0|article-the-occupation-showed-ottawa-is-a-city-still-satisfied-with-mediocrity.json|globemail
You obviously didn’t hear how protesters were treating the people that lived there. Maybe you will when their lawsuit comes to court.|MERRIL1|2022-02-25 14:20:02.698|1|0|article-the-occupation-showed-ottawa-is-a-city-still-satisfied-with-mediocrity.json|globemail
Ah yes, grandparents – their eyes blazing, voices shaking with emotion - will tell the heroic tale to their wide-eyed grandchildren: “We survived the Hot-Tub Siege of Ottawa back in those dark days of ’22! Those bouncy castles were the worst, let me tell you! We never knew when we would be set upon by cruelly laughing little miscreants. Oh, we got ‘em good alright – our fearless leader trashed those working-class ne’er-do-wells with his usual razor-sharp brilliance!” I’ve never been so proud to be Canadian as when Justin Trudeau hurled the ultimate insult to that bunch of miscreants as he and his family fled Ottawa – “Why, you’re nothing but an insult to truth!”|THE BOOKMAN1|2022-02-25 12:42:26.315|0|0|article-the-occupation-showed-ottawa-is-a-city-still-satisfied-with-mediocrity.json|globemail
"""The occupation of Ottawa was the apotheosis of an inept city. Spiritually and aesthetically, Ottawa is insipid and ugly. It is easily satisfied with mediocrity.""  As a resident of Ottawa who moved here as an adult, I have to agree with this assessment. I long to move back to Montreal or the west coast one day where there is joie de vivre, passion, creativity and a willingness to take chances.  I would only take issue with one point in this op/ed, however. There is in fact an exciting progressive candidate running for mayor this year who has the potential to transform the city for the better if not held back by our timid and risk-averse city council. Catherine McKenny distinguished themselves during the Ottawa occupation as a tireless fighter and leader and I will be working hard to help get them elected as our new mayor. "|mabroko|2022-02-25 18:03:53.676|0|0|article-the-occupation-showed-ottawa-is-a-city-still-satisfied-with-mediocrity.json|globemail
Somebody has an insipid and ugly chip on their shoulder. Attacking a city after people have just endured almost a month of harassment. Classy. You can stop being a hypocrite any time and quit your job in Ottawa. |scottd|2022-02-25 16:08:16.836|0|0|article-the-occupation-showed-ottawa-is-a-city-still-satisfied-with-mediocrity.json|globemail
"Ottawa has been home for some 50 years. Like many, I came here for work, in research, not as a bureaucrat. There IS private industry here, but perhaps not so much of the heavy industrial kind in the west. Ottawa industry tends more to towards high-tech, not heavy industrial.  I doubt that Vancouver would show much ""industry"" either.  But maybe two weeks of exploration, especially where Ottawa industry is housed in west-end office towers, would give you an impression of no ""industry"". No, there are no oil refineries, but we do have paper mills on the Quebec side of the Ottawa River. But that is another province. And to see them you need to cross the water. Maybe too much for a couple of weeks. But there is a great History Museum right next to a paper mill there. The problem for Ottawa is that there are simply too many levels of governance. Two provinces who only see it as a tax base and defer to the feds for all services; a National Capital Commision without any teeth. And the ""real"" federal government which couldn't care less because all the MPs are from somewhere else.  But, a GREAT city, my home, that reflects what makes up all of Canada - mediocrity.  Wear it - it is yours!   "|CMT|2022-02-26 02:23:58.097|1|0|article-the-occupation-showed-ottawa-is-a-city-still-satisfied-with-mediocrity.json|globemail
Ottawa is not the federal government, and it does not run the federal government. That's run by 338 MPs from all over Canada. It's an Ontario city that happens to be the seat of the federal government, which is the largest single employer.  Nobody with any sense or decency, which obviously excludes those recently occupying the central area, would take out their issues with the federal government by making life miserable for the retail workers, retirees, disabled and other ordinary people who make up the population of the central area.  |rationalist|2022-02-25 16:30:27.839|1|0|article-the-occupation-showed-ottawa-is-a-city-still-satisfied-with-mediocrity.json|globemail
Actually there is a lot of private industry in Ottawa. Outside of government, the tech sector in Ottawa has the same GDP as that of the government followed by health and education. |FinVE|2022-02-25 16:11:12.107|1|0|article-the-occupation-showed-ottawa-is-a-city-still-satisfied-with-mediocrity.json|globemail
""" Another was the absence of private industry. ""  I take it you've never been to Kanata. If you mean traditional heavy industry, there's not a lot, but there is some. There was a tragic explosion at a tank trunk maker not long ago. "|rationalist|2022-02-25 16:02:02.574|1|0|article-the-occupation-showed-ottawa-is-a-city-still-satisfied-with-mediocrity.json|globemail
The truckers message encompassed more than Covid frustrations. The federal bureaucracy works for the benefit of industry and for the bureaucrats themselves, but not for the protection of Canadian consumers/ taxpayers. The Canadian Transport Agency being an example. When the Prime Minister requests his Justice Minister to look with favour on SNC Lavalin and causes her to resign when she refuses says volumes about the moral character of the Federal administration based in Ottawa.|Mexberry|2022-02-25 15:57:21.828|1|0|article-the-occupation-showed-ottawa-is-a-city-still-satisfied-with-mediocrity.json|globemail
Toronto and Quebec City treated their protesters differently because of what had happened in Ottawa.  The City of Ottawa allows protests all the time, these protesters changed the game when they stayed.  Ottawa was the siege target.  Toronto and Quebec were noise and distraction for those who did not want to make the trip to Ottawa, the less committed.  Chief Slowly begged for reinforcements and was denied for far too long.  Had the Chief gone forward undermanned, it could have turned out very differently.  In my mind, loss of life was very likely.  Premier Ford and his Solicitor General grossly neglected Ottawa.  |athome55|2022-02-23 15:12:19.317|1|0|article-the-occupation-showed-ottawa-is-a-city-still-satisfied-with-mediocrity.json|globemail
Perhaps I am a Philistine, but I always look forward to visiting Ottawa as a tourist. I love the downtown core by the parliament buildings, the stunning new look of the National Arts Centre, the amazing array of high quality restaurants, the canal, Byward Market (produce wonderful and cheap), the grandeur of the Chateau Laurier, the Art Gallery, War Museum, the availability of Montreal bagels....... and I'm going to make a point of visiting more often after the abomination experienced by Ottawa citizens and businesses, and try to spend a few more tourist dollars.  |Madeliene1|2022-02-25 15:26:35.524|0|0|article-the-occupation-showed-ottawa-is-a-city-still-satisfied-with-mediocrity.json|globemail
Well said.   as for the pond, though, there’s a story behind this barricade.   First it’s a CONSERVATION area.   Come in summer to see the turtles and herons.  And its protection is necessary due to a few undisciplined yahoos. Secondly, people came from far and wide in winter, cut large holes in the ice to swim. They would leave, and leave the large holes.  Thin ice would form and any kid or dog would walk over, and fall through.   So - although overstated, signs needed for the lower i.q. folks.   |Cedar5|2022-02-25 15:24:19.628|0|0|article-the-occupation-showed-ottawa-is-a-city-still-satisfied-with-mediocrity.json|globemail
Think those signs at the pond might be related to the kid who recently died at the illegal Ottawa sliding hill? |peckj|2022-02-25 14:46:15.433|0|0|article-the-occupation-showed-ottawa-is-a-city-still-satisfied-with-mediocrity.json|globemail
Uh, wrong article.|Dr. Evil|2022-02-26 22:32:57.908|1|0|article-the-occupation-showed-ottawa-is-a-city-still-satisfied-with-mediocrity.json|globemail
athome55:  You made a slight but very appropriate mistake.  The former chief's name was Sloly not 'Slowly'.  Had he dealt with the convoy as it was rolling in, the police force would not have been undermanned. |StuporDuck|2022-02-23 15:32:52.359|1|0|article-the-occupation-showed-ottawa-is-a-city-still-satisfied-with-mediocrity.json|globemail
Yes there are many attraction in particular some of the museums like the War Museum, the National art Gallery, the Museum of History in Gatineau etc.  I also think it is a gentle place that did not expect the brutality of the Convoy protestors. Peter Sloly was a progressive police chief who specialized in deescalation  and was unprepared for an assault on Ottawa that no-one had previously experienced. Like the January 6th attack on Washington where the Capital Police force were unprepared for malevolent rioters hopped up on clickbait assaults on reason and science. Law Enforcement could not imagine that Canadians would attack their historic and beloved parliament and the downtown area of Ottawa.|Barbara1945|2022-02-25 15:48:25.952|1|0|article-the-occupation-showed-ottawa-is-a-city-still-satisfied-with-mediocrity.json|globemail
StuporDuck, not so sure. There were hundreds and trucks and tractor trailers and they came in very quickly. The onslaught was unprecedented, and of course the police were under-resourced to deal with it. Chief Sloly said he need 1,800 officers in addition to his own force to deal with the occupation in anything like a peaceful fashion - he observed that his own officers were swarmed when they tried to stop the illegal activities. He got no help from the province for weeks on end, and finally resigned. Not because he was incompetent, but because he wasn't getting support.|megd|2022-02-24 20:01:09.441|1|0|article-the-occupation-showed-ottawa-is-a-city-still-satisfied-with-mediocrity.json|globemail
Wasnt the knock against Watson that he took NO action? Isnt that the opposite of autocratic? |scottd|2022-02-25 16:09:15.730|1|0|article-the-occupation-showed-ottawa-is-a-city-still-satisfied-with-mediocrity.json|globemail
Guess you never been to Ottawa. The tech sector has a slightly higher GDP than the government and the last time I checked, the tech sector is not full of government or union employees. |FinVE|2022-02-25 16:21:14.616|1|0|article-the-occupation-showed-ottawa-is-a-city-still-satisfied-with-mediocrity.json|globemail
Most have the opposite reaction to you.|NornIreland|2022-02-25 16:16:16.550|1|0|article-the-occupation-showed-ottawa-is-a-city-still-satisfied-with-mediocrity.json|globemail
Because there are no teachers, firefighters, restaurant workers, day care workers, or anybody else there. You should visit some time.|scottd|2022-02-25 16:10:31.593|1|0|article-the-occupation-showed-ottawa-is-a-city-still-satisfied-with-mediocrity.json|globemail
Oh, but he doesn't want to move - he wants a return to the old ways, where Rockcliffe got special treatment for which everybody else had to pay.|Richard McL|2022-02-24 17:51:50.945|1|0|article-the-occupation-showed-ottawa-is-a-city-still-satisfied-with-mediocrity.json|globemail
Ok credit given? I’m not trying to take credit for the phrase. Not sure if I’d heard that before but perhaps I did. All I can tell is that was my impression when I worked there for four months in 2006.|app_70799841|2022-02-25 15:40:33.992|1|0|article-the-occupation-showed-ottawa-is-a-city-still-satisfied-with-mediocrity.json|globemail
"People who have nothing to say, say it by using ""woke"".  "|Leonidas Baltas|2022-02-23 15:50:03.452|1|0|article-the-occupation-showed-ottawa-is-a-city-still-satisfied-with-mediocrity.json|globemail
"Please explain what ""woke"" means. What policies are ""woke""?"|megd|2022-02-24 19:53:54.633|1|0|article-the-occupation-showed-ottawa-is-a-city-still-satisfied-with-mediocrity.json|globemail
Funnily enough, Professor Cohen is in the journalism and communications department at Carleton U. I would have thought that part of journalism is getting ones facts correct.|Exofficio.|2022-02-25 14:29:43.880|1|0|article-the-occupation-showed-ottawa-is-a-city-still-satisfied-with-mediocrity.json|globemail
Well, it certainly appears that these freedumb loving occupiers sure love their bouncy castles and hot tubes. |FinVE|2022-02-25 16:25:01.588|1|0|article-the-occupation-showed-ottawa-is-a-city-still-satisfied-with-mediocrity.json|globemail
I don't know what the implications are of your quotation marks, or what the source of that quote is supposed to have been, but you clearly weren't around to endure what Ottawa people downtown endured.|Exofficio.|2022-02-25 14:31:36.443|1|0|article-the-occupation-showed-ottawa-is-a-city-still-satisfied-with-mediocrity.json|globemail
Ya, the people who had to close their businesses because of large gangs of unmasked protestors yelling threats and spitting on customers and staff was a real hoot. The people, mostly minimum wage earners, who could not work were really happy about losing three weeks pay.   If all you saw a was bouncy castles and hot tubs then you really have no clue what was really going on. |Lisa Weber|2022-02-25 13:59:49.648|1|0|article-the-occupation-showed-ottawa-is-a-city-still-satisfied-with-mediocrity.json|globemail
The truckers took millions of dollars from Ottawa in law enforcement fees and reduced Winterlude tourism.   And criminal charges went up dramatically when all the 'protesters' were charged.  They did feed some of the homeless though - after robbing a soup kitchen for breakfast!|Bill_M6|2022-02-24 21:50:26.477|1|0|article-the-occupation-showed-ottawa-is-a-city-still-satisfied-with-mediocrity.json|globemail
I lived in Ottawa for 25 years and I would say columns like this are what is wrong with Ottawa.   Everyone has a vitriolic opinion they wish to spew all over the people who do step up to the plate to serve their community. Community service is a thankless task in Ottawa because all of the wannabe politicians looking to cut their political teeth will seek to find fault in absolutely everything and anything.   People with imagination and ambition come forward with solutions and support others with ways to improve what is already good. Ottawa is a great city full of potential but it is also full of people who want to make a name for themselves by tearing other people down.  |Lisa Weber|2022-02-25 12:53:19.640|0|0|article-the-occupation-showed-ottawa-is-a-city-still-satisfied-with-mediocrity.json|globemail
Cost $30 million in policing to make them leave. Reduced crime? Other than their own, yeah. When Vegas was run by the mob, no robberies.|ZayWhat|2022-02-24 21:52:19.314|1|0|article-the-occupation-showed-ottawa-is-a-city-still-satisfied-with-mediocrity.json|globemail
I repeat - it is a UNESCO hertiage site.   |Skeptical Man|2022-02-23 17:22:58.485|1|0|article-the-occupation-showed-ottawa-is-a-city-still-satisfied-with-mediocrity.json|globemail
This is what happens when you create a country that is addicted to taxes and govt handouts.  The successful and hard working people leave and the rest are just satisfied to do the bare minimum while be “protected” by the govt.  Our model is not sustainable and Canada will continue its decline globally.|app_72278146|2022-02-23 15:00:51.998|1|0|article-the-occupation-showed-ottawa-is-a-city-still-satisfied-with-mediocrity.json|globemail
Without the parliament buildings and other federal structures, the Gatineau Park and the NCC,  Ottawa is just another mediocre north American city.  Designed to enhance developer profits and minimize property taxes with a concrete canyon downtown and endless suburbs...   |JanL|2022-02-23 15:54:28.319|1|0|article-the-occupation-showed-ottawa-is-a-city-still-satisfied-with-mediocrity.json|globemail
"Also ""You're"" is not. "|englishpub|2022-02-25 13:52:49.615|1|0|article-the-occupation-showed-ottawa-is-a-city-still-satisfied-with-mediocrity.json|globemail
Ottawa is boring.  Vancouver is vapid.  |Michael S|2022-02-25 04:48:14.153|1|0|article-the-occupation-showed-ottawa-is-a-city-still-satisfied-with-mediocrity.json|globemail
Ottawa has some very attractive qualities.  You needn't travel far to enjoy bucolic countryside and the city itself has an enviable amount of greenspace.  It's still affordable by Canadian housing standards.  But public transit was a bad joke before light rail, which actually made things worse rather than better.  The nightlife might be better than it was in the 70s, but that's like saying Wendy's makes a better burger than McDonald's.  It's still tasteless and uninspiring.  Traffic verges on unbearable and the climate is the worst of any capital in the G20; hot and sticky summers followed by bone-chillingly cold winters.  On the whole, people are cold and unfriendly -- not quite as bad as Toronto, but that city is the least welcoming I have ever visited.    It has often been called the city that fun forgot, and like all good jokes, there is a large grain of truth there.|WhistlingInTheDark|2022-02-23 15:21:08.941|0|0|article-the-occupation-showed-ottawa-is-a-city-still-satisfied-with-mediocrity.json|globemail
And he will be replaced by same or worst|dunrob|2022-02-24 23:19:12.690|1|0|article-the-occupation-showed-ottawa-is-a-city-still-satisfied-with-mediocrity.json|globemail
Chilcotin: If you would like to fight your own fires, figure out what to do with your trash, arrest your own lawbreakers and, oh, say, build your own streets and highways and bridges and dams and electricity grid -- feel free to do it on your own and dig into your piggybank to do it. |kapkum|2022-02-24 15:46:56.295|1|0|article-the-occupation-showed-ottawa-is-a-city-still-satisfied-with-mediocrity.json|globemail
Indeed, the occupation affected the core of the city and some of the inner suburbs.  That's also the reason why the dominant suburban councillors, who totally control the council even though they represent less than half of the city's population, were totally silent throughout this ordeal.  |zebra71|2022-02-24 15:17:46.227|1|0|article-the-occupation-showed-ottawa-is-a-city-still-satisfied-with-mediocrity.json|globemail
Not to mention the lemonade stand. That gets trotted out a lot. |app_70410856|2022-02-24 16:30:43.944|1|0|article-the-occupation-showed-ottawa-is-a-city-still-satisfied-with-mediocrity.json|globemail
And I think the whole piece motivated by a hissy fit over winter pond access.|Richard McL|2022-02-24 14:41:22.478|1|0|article-the-occupation-showed-ottawa-is-a-city-still-satisfied-with-mediocrity.json|globemail
*kick*|Richard McL|2022-02-24 15:19:33.557|1|0|article-the-occupation-showed-ottawa-is-a-city-still-satisfied-with-mediocrity.json|globemail
Firemen for sure: overpaid, overrated, cronyism, nepotism, maybe not as bad as the civil servants but close.|William T2|2022-02-24 15:56:20.084|1|0|article-the-occupation-showed-ottawa-is-a-city-still-satisfied-with-mediocrity.json|globemail
Ottawa attracts tech because it is the place to be for government handouts.|William T2|2022-02-24 15:50:11.422|1|0|article-the-occupation-showed-ottawa-is-a-city-still-satisfied-with-mediocrity.json|globemail
An issue in Ottawa is the fact that the vast majority of the population and the city council live in suburban or rural areas. The actual core of the city, the place where stuff should be, is therefore neglected or ignored. Note the complete silence of almost the entire city council during the occupation.|On Edge|2022-02-23 17:41:15.502|0|0|article-the-occupation-showed-ottawa-is-a-city-still-satisfied-with-mediocrity.json|globemail
And you would know this how?|Richard McL|2022-02-24 15:33:17.118|1|0|article-the-occupation-showed-ottawa-is-a-city-still-satisfied-with-mediocrity.json|globemail
...And a planning history that includes the NCC's Greber Plan....|MMackinnon|2022-02-24 16:20:15.629|1|0|article-the-occupation-showed-ottawa-is-a-city-still-satisfied-with-mediocrity.json|globemail
Sparks Street was a failure long before then.|Richard McL|2022-02-24 17:48:13.823|1|0|article-the-occupation-showed-ottawa-is-a-city-still-satisfied-with-mediocrity.json|globemail
I love the museums and Galleries, notably the National Art gallery, The Canadian Museum of History in Gatineau, the War museum, the Rideau canal on which one can skate in the winter, the Parliament buildings, the monuments. . .|Barbara1945|2022-02-25 15:28:27.951|1|0|article-the-occupation-showed-ottawa-is-a-city-still-satisfied-with-mediocrity.json|globemail
I think you're thinking of Calgary.  I lived in Ottawa for almost 30 years and rarely was the greenspace brown.  White, as in covered in snow - yes.  Brown for a short time until the spring grass takes - yes.  But brown as you routinely find in Alberta, or even during a BC summer - rarely.|Richard McL|2022-02-25 20:31:31.883|1|0|article-the-occupation-showed-ottawa-is-a-city-still-satisfied-with-mediocrity.json|globemail
Don't get me started about Victoria....Just a painful place to visit these days....|chilcotinbob|2022-02-23 23:05:57.077|1|0|article-the-occupation-showed-ottawa-is-a-city-still-satisfied-with-mediocrity.json|globemail
And the chair of the police board who had hired Sloly tried a quick one and hired a replacement. A joke!|dunrob|2022-02-24 23:21:43.103|1|0|article-the-occupation-showed-ottawa-is-a-city-still-satisfied-with-mediocrity.json|globemail
Yes it does before they destroy the fabric of our cities....|BMC9689|2022-02-23 16:51:04.141|1|0|article-the-occupation-showed-ottawa-is-a-city-still-satisfied-with-mediocrity.json|globemail
A red flag for self-loathing Canadians; I like the town and always enjoy visiting. The river and canal system are lovely, neighbourhoods like the Glebe and Old Ottawa South are charmingly diverse. The author is correct about the weather, though, I'll give him that.|James Allen|2022-02-23 16:12:19.282|0|0|article-the-occupation-showed-ottawa-is-a-city-still-satisfied-with-mediocrity.json|globemail
J & M, cops drawing OT to stand guard, lights flashing, at suburban construction sites strikes some of us residents as frippery. |Dr. Howland Owl|2022-02-24 14:03:40.471|1|0|article-the-occupation-showed-ottawa-is-a-city-still-satisfied-with-mediocrity.json|globemail
Neither do most LRT stations - despite our (I was an Ottawa resident at the time) many protestations.  I find it strange that people like to blame the NCC for the state of Ottawa, when in fact, it's only the federal money that has provided anything nice.  The City government, I find totally incompetent and lacking in foresight and I think Ottawa would have been much better off without the return of Watson.|Richard McL|2022-02-24 17:46:52.920|1|0|article-the-occupation-showed-ottawa-is-a-city-still-satisfied-with-mediocrity.json|globemail
"I'll say this, on ""the Pond"" he is 100% correct. I didn't realize it was closed in the winter, which seems ludicrous. In the summer it's a great place to swim but I believe it closes at 2:30PM? I think the idea being that having it open any later would attract people who want to have a bit too much fun and might even make noise... the last 3 weeks have shown that if there's one thing Ottawa doesn't like it's noise!  "|TomPark|2022-02-23 16:01:29.612|0|0|article-the-occupation-showed-ottawa-is-a-city-still-satisfied-with-mediocrity.json|globemail
“All this happens in Ottawa because it’s cheap and pinched, terrified of an ambush of imagination.” Given that many Ottawa residents are civil servants, is this surprising?|Susan-Ed|2022-02-23 15:55:49.299|0|0|article-the-occupation-showed-ottawa-is-a-city-still-satisfied-with-mediocrity.json|globemail
Trudeau showered small businesses and laid-off workers with billions during COVID. Know what you are talking about.|On Edge|2022-02-25 13:58:54.341|1|0|article-the-occupation-showed-ottawa-is-a-city-still-satisfied-with-mediocrity.json|globemail
People are discontented because they have too much leisure time and not enough connections to real people.  You don't get to own a big rig unless you're earning decent money. You don't buy a $90,000 king cab pickup truck if you're struggling to make rent. |kggg|2022-02-23 21:54:15.853|1|0|article-the-occupation-showed-ottawa-is-a-city-still-satisfied-with-mediocrity.json|globemail
"The feds, based in Ottawa, did not create the lockdowns which affected small businesses across the country, that was provincial governments acting on the info received from experts in epidemiology, infectious disease, and public health. The feds poured billions into the pockets of those affected by those lockdowns. As for western Canada, it needs to get its act together and stop using the ""east"" and the federal government as excuses."|On Edge|2022-02-25 13:57:41.859|1|0|article-the-occupation-showed-ottawa-is-a-city-still-satisfied-with-mediocrity.json|globemail
The virus did that. Because the alternative was to have people dying in the streets. |kggg|2022-02-23 21:54:51.565|1|0|article-the-occupation-showed-ottawa-is-a-city-still-satisfied-with-mediocrity.json|globemail
more smart and special than you though|dan541665|2022-02-24 13:51:47.833|1|0|article-the-occupation-showed-ottawa-is-a-city-still-satisfied-with-mediocrity.json|globemail
Bilingualism?? In name only. As an experiment, try to spend a day in Ottawa using nothing but French as you go about your daily interactions in shops, restaurants, etc. You won't get very far. |Overington1|2022-02-25 13:24:47.383|1|0|article-the-occupation-showed-ottawa-is-a-city-still-satisfied-with-mediocrity.json|globemail
"Andrew also fails to mention that Canada as currently structured has not just one but two ""national capitals.""  Quebec officially and culturally describes it's centre of government as ""La Capitale Nationale"" and Gatineau (the second city of Quebec) is usually ignored as being in foreign territory.  Herein is a difficult nut that well intentioned politicians have failed to crack since before Confederation, and eludes them to this day.  Poor old shabby ex-lumbertown Ottawa is not and never has been the cultural and economic heart of a ""nation"" (however you define nation), but it stumbles along, bravely pretending.  It's no less a success or failure as Canberra or Brazillia or Harare.   Silk purse?  Sow's ear?  You choose."|Ted Baker1|2022-02-23 15:31:29.656|1|0|article-the-occupation-showed-ottawa-is-a-city-still-satisfied-with-mediocrity.json|globemail
Wow. Very well said!|minipug|2022-02-24 19:01:00.716|1|0|article-the-occupation-showed-ottawa-is-a-city-still-satisfied-with-mediocrity.json|globemail
Have you ever seen that bunker?  I don't care whose embassy it is - it's horrendous and never should have been allowed.|Richard McL|2022-02-25 12:50:22.191|1|0|article-the-occupation-showed-ottawa-is-a-city-still-satisfied-with-mediocrity.json|globemail
I totally agree.  Souless and insipid are words that often describe more than just our capital.  The country needs some flair to escape from its blandness.  Oherwise we are little more than a network of shopping malls and subdivisions.|englishpub|2022-02-23 16:59:04.980|1|0|article-the-occupation-showed-ottawa-is-a-city-still-satisfied-with-mediocrity.json|globemail
It is truly atrocious and when I think about it, that really does seem to mark the beginning of the downhill slide in Ottawa.|Richard McL|2022-02-24 18:50:46.053|1|0|article-the-occupation-showed-ottawa-is-a-city-still-satisfied-with-mediocrity.json|globemail
Medocrity or worse happens when excellence is not celebrated but rather attacked as being unfair.  Pronouns anyone?|comcon|2022-02-24 18:09:18.268|1|0|article-the-occupation-showed-ottawa-is-a-city-still-satisfied-with-mediocrity.json|globemail
Just make sure it's in both official languages. That's what Ottawa really cares about.   Canadians are cheap. It's nothing new |LGA_2012|2022-02-25 02:35:14.227|1|0|article-the-occupation-showed-ottawa-is-a-city-still-satisfied-with-mediocrity.json|globemail
"It wasn't the ""politicians and bureaucrats"" who were inconvenienced by the occupation, it was the ordinary residents and small businesses of central Ottawa who were much more than inconvenienced, more like terrorized.  Anyone willing to pay attention knows this. Unfortunately too many people aren't willing, it seems. "|rationalist|2022-02-23 17:48:43.105|1|0|article-the-occupation-showed-ottawa-is-a-city-still-satisfied-with-mediocrity.json|globemail
Oh please.|Guest_1840|2022-02-24 23:32:30.504|1|0|article-the-occupation-showed-ottawa-is-a-city-still-satisfied-with-mediocrity.json|globemail
All thanks to HarperCon, John Baird.  Never did hear why he so mysteriously high-tailed it out of town.|Richard McL|2022-02-24 17:49:41.047|1|0|article-the-occupation-showed-ottawa-is-a-city-still-satisfied-with-mediocrity.json|globemail
Without the NCC's money, greenbelt and other initiatives, Ottawa would actually be the hole so many are claiming it to be.|Richard McL|2022-02-24 18:51:38.973|1|0|article-the-occupation-showed-ottawa-is-a-city-still-satisfied-with-mediocrity.json|globemail
The Dutch still honour our war dead and visit their graves. We can't even be bothered to keep a park open.|B93|2022-02-24 18:55:32.229|1|0|article-the-occupation-showed-ottawa-is-a-city-still-satisfied-with-mediocrity.json|globemail
Good point, 475, re adding the NCC to the mix. I’d add other federal agencies to the mix as well, e.g. the National Museums Corporation.  For things like interprovincial bridges you also have to add the province of Ontario, the city of Gatineau and the province of Quebec to the mix. |Dannyboy789|2022-02-24 16:43:15.603|1|0|article-the-occupation-showed-ottawa-is-a-city-still-satisfied-with-mediocrity.json|globemail
I live in Westboro boss.... pretty familiar with Dow's Lake.  You're going to complain about a 4 story parking garage, have you seen what's already across the street?? Also putting a hospital at Tunney's is a horrible idea, it's not well serviced by main roads.|amistro|2022-02-25 02:50:05.016|1|0|article-the-occupation-showed-ottawa-is-a-city-still-satisfied-with-mediocrity.json|globemail
If tearing off someone's mask or mocking someone for wearing a mask to the point they don't feel comfortable leaving their home is a micro-aggression, I'm all for demanding something concrete be done about it. Why should people not feel safe on their own street? This is not a war zone.|thorncha|2022-02-25 14:08:41.339|1|0|article-the-occupation-showed-ottawa-is-a-city-still-satisfied-with-mediocrity.json|globemail
"Ruin the experimental farm LOL. Vast acreage of useless emptiness ""ruined"" by one parking structure not even technically on the farm."|On Edge|2022-02-25 14:04:02.760|1|0|article-the-occupation-showed-ottawa-is-a-city-still-satisfied-with-mediocrity.json|globemail
JAJ, I totally get what you're saying.  Living in Ottawa was never my plan, but from the perspective of a CFA in this town I think that it's the best option.  Right now the city is policed by three forces - two of them (the RCMP and OPP) with better things to do. The divide between Ottawa and NCC lands makes everything over-complex and the Ontario government tends to see the place as the Federal Government's problem.  If this place was autonomous, and I am thinking more along the lines of the Australian Capital Territory than Washington DC, it would at least reduce the bureaucratic snarl somewhat and get some fingers out of the pie and make possible some of those great ideas you listed.  I am sure Ontario would happy to have Ottawa off the books and as to separatists in general - I am sure they'll continue to be full of hot air regardless.  |Rovenbird|2022-02-24 16:59:58.801|1|0|article-the-occupation-showed-ottawa-is-a-city-still-satisfied-with-mediocrity.json|globemail
He touches on this....Ottawa, as a city is just great on paper desparetly trying to avoid realising its potential.  I did 5 years in Ottawa. I gave it my best shot. What a disappointment. People are friendlier in Toronto. Yes they are. |droy50|2022-02-24 15:31:40.745|0|0|article-the-occupation-showed-ottawa-is-a-city-still-satisfied-with-mediocrity.json|globemail
A lot of true Canadians are disappointed |john l gee|2022-02-24 18:00:01.080|1|0|article-the-occupation-showed-ottawa-is-a-city-still-satisfied-with-mediocrity.json|globemail
"I colonized brittania heights.  Lots of us ""settlers"" here."|mabraham69|2022-02-24 17:40:42.931|1|0|article-the-occupation-showed-ottawa-is-a-city-still-satisfied-with-mediocrity.json|globemail
...The fault line running directly under the old Sir John Carling building site should have also been a consideration, in my view. |MMackinnon|2022-02-24 16:29:42.193|1|0|article-the-occupation-showed-ottawa-is-a-city-still-satisfied-with-mediocrity.json|globemail
The organizers claimed it would only last a couple of days. In hindsight, it should have been obvious that people who would go to the trouble of driving across the country and forgoing work would be fanatical about what they were doing and that there must have been more to their plans. |w_smith|2022-02-24 23:08:32.788|1|0|article-the-occupation-showed-ottawa-is-a-city-still-satisfied-with-mediocrity.json|globemail
You may be right. What ever the reasons, it was a pathetic non-response to the situation, a shameful dereliction of duty.|CGW2012|2022-02-24 16:49:23.123|1|0|article-the-occupation-showed-ottawa-is-a-city-still-satisfied-with-mediocrity.json|globemail
Smiling and singing did not make it peaceful. Ask my neighbour who was spat on for wearing a mask as he rolled his wheelchair on the street. Ask my neighbour who was harassed at  a bus stop for wearing a mask as he was on his way to his hospital job. Ask business owners and customers who were intimidated and unable to go to work. It was lawless - breaking local noise, parking and air pollutions by laws is lawless. See how you would like your drive way blocked, your peace and quiet disrupted, your access to earning your living prevented - I suspect you might call on some local police for help. It doesn't matter what opinion you hold about vaccines or mandates - this was not civil disobedience. It was not civil at all.|Susan Strelioff|2022-02-24 15:58:26.185|1|0|article-the-occupation-showed-ottawa-is-a-city-still-satisfied-with-mediocrity.json|globemail
Love this guy.|San416|2022-02-24 15:01:32.195|0|0|article-the-occupation-showed-ottawa-is-a-city-still-satisfied-with-mediocrity.json|globemail
He's a good critic not sure how well he gets along with other people or how constructive he'd be. He's also very opinionated.|Barbara1945|2022-02-25 15:16:46.698|1|0|article-the-occupation-showed-ottawa-is-a-city-still-satisfied-with-mediocrity.json|globemail
...a hidden natural phenomenon: a shaded pocket of water filling a former sand and gravel pit. Wow, that's gotta be the oxymoron of the day!|Viajero|2022-02-24 14:18:10.572|0|0|article-the-occupation-showed-ottawa-is-a-city-still-satisfied-with-mediocrity.json|globemail
The federal has built the worst Brutalist buildings so nonthanks, just look at the moronic NCC|dunrob|2022-02-24 23:17:48.878|1|0|article-the-occupation-showed-ottawa-is-a-city-still-satisfied-with-mediocrity.json|globemail
Hey - how about abolishing Provinces. Just have a Federal Government and a bunch of municipalities. Would work a whole lot better.|Rocksteady|2022-02-24 16:41:07.125|1|0|article-the-occupation-showed-ottawa-is-a-city-still-satisfied-with-mediocrity.json|globemail
Ontario would never let Ottawa go simply because it's a large net contributor to the Ontario treasury. |rationalist|2022-02-25 16:06:17.235|1|0|article-the-occupation-showed-ottawa-is-a-city-still-satisfied-with-mediocrity.json|globemail
"Mr Cohen's points about lack of imagination and ambition also apply nationally. Take the CBC: other than the news, there's no national radio programme. On Ottawa Morning, there is nothing about what's happening in Montreal or Calgary, much less Johannesburg or Beijing. ""World Report"" often has - literally - not a single foreign story.  And Mr Trudeau has set the tone: ""Canada is back"", but no increase in foreign aid, no strengthened diplomatic corps, not much on the military. It adopts a good Poverty Reduction Strategy, and then forgets about it.  Canada is a decent country, and does some things very well. It's tolerant, and politically much less corrupt than others. The CBC and Ottawa are also honest and decent. But there's not enough ambition around, or the risk taking that comes with it.   And, yes, Lansdowne Park is awful. Concrete and loud music on outdoor speakers. Rideau Street - what should be the heart of the city - has pizza joints and discount stores...and rock music to entertain all pedestrians"|M Singleton and J Bear|2022-02-28 10:55:48.920|0|0|article-the-occupation-showed-ottawa-is-a-city-still-satisfied-with-mediocrity.json|globemail
