﻿comment|username|datetime|isreply|num_replies|post_id|label
Next time check the liberal approved donations and protest site. Life gets so much simpler with justin in charge.|john l gee|2022-02-23 18:18:11.809|0|2|article-opp-investigating-reports-police-officers-donated-to-trucker-convoy.json|globemail
Breach of public trust.  These officers need to find another job.  |Cincinnatus Model|2022-02-23 18:29:20.439|0|1|article-opp-investigating-reports-police-officers-donated-to-trucker-convoy.json|globemail
Cough cough...can you say WE Charity? |Fabulous Fabs|2022-02-23 22:44:40.545|1|1|article-opp-investigating-reports-police-officers-donated-to-trucker-convoy.json|globemail
Best get that Covid cough checked out.|app_72746711|2022-02-24 13:46:57.172|1|1|article-opp-investigating-reports-police-officers-donated-to-trucker-convoy.json|globemail
If any officers did, it would be important to find out WHEN the donation was made.  If the donation was made before the convoy arrived in Ottawa, then maybe the individual believed it would be a peaceful demonstration.  I didn't make any donation but believed that was the purpose of the demonstration.  If the donation was made after the demonstration started and the problems became known, then I guess some sort of disciplinary action is required.  Certainly the money would not be returned.  Nothing really rigid though such as dismissal; maybe a days suspension or written reprimand..  |StuporDuck|2022-02-23 18:35:55.879|0|1|article-opp-investigating-reports-police-officers-donated-to-trucker-convoy.json|globemail
I’m not surprised. There are some very right wing thinkers in the police force. But, if they donated while the convoy was moving towards Ottawa, then it was a perfectly legal protest. |chondo|2022-02-23 18:38:55.060|0|1|article-opp-investigating-reports-police-officers-donated-to-trucker-convoy.json|globemail
The intent was never peaceful - doesn’t matter when they donated.|BWF2|2022-02-24 12:06:17.633|1|1|article-opp-investigating-reports-police-officers-donated-to-trucker-convoy.json|globemail
Is that why the police sat around and did nothing?|Mac45|2022-02-23 20:19:21.806|0|1|article-opp-investigating-reports-police-officers-donated-to-trucker-convoy.json|globemail
""" A Toronto Star investigation published Tuesday revealed that 15 Ontario police officers were named in a leaked list of donors to the so-called “freedom” convoy-turned-occupation of Ottawa.  The Star explained: “The police donations were small, ranging from $20 to $200, and all were made on or after Feb. 5 — by which time the prime minister and Ottawa’s police chief had declared the protests “illegal” or “unlawful.””  The Star did not name the officers, but said they were on the payroll of the Ontario Provincial Police, the Toronto Police Service and the Ottawa Police Service as of 2020.""  https://www.thestar.com/news/investigations/2022/02/22/ontario-police-officers-are-named-in-leaked-list-of-donors-to-the-freedom-convoy.html?  So yup, these donations weren't made innocently, they knew full well the implications."|Malcolm09|2022-02-23 21:13:20.562|0|0|article-opp-investigating-reports-police-officers-donated-to-trucker-convoy.json|globemail
Many platforms have been reporting on the list of donors for the protest.  Seeing that the information was obtained illegally, there is some gray area about these platforms becoming an accomplice to a crime if they publish the illegally obtained names.  The fact that repercussions for donating to a cause are even being discussed is a disturbing new precedent. |Nellis1|2022-02-27 18:13:42.072|0|0|article-opp-investigating-reports-police-officers-donated-to-trucker-convoy.json|globemail
I'm not that comfortable with focusing on the donations. But unprofessional behaviour should be dealt with. The alleged OPP officer who told a protester he pulled over for a traffic violation that he supported the protest would be a good place to start. Fire him.|dave1405|2022-02-25 21:37:29.815|0|0|article-opp-investigating-reports-police-officers-donated-to-trucker-convoy.json|globemail
Big surprise that some Ottawa police supported the occupiers.  Three weeks of shaking hands with the occupiers and big smiles in photo ops.  We need an inquiry regarding Ottawa Police and OPP and Ontario Government actions to go along with the Emergencies Act inquiry.  |Sceptical1|2022-02-25 15:15:14.519|0|0|article-opp-investigating-reports-police-officers-donated-to-trucker-convoy.json|globemail
If you read the news, you shouldn’t be surprised.  https://globalnews.ca/news/8128463/extremist-groups-military-recruitment-report/  When the Harper Cabinet sent Admiral Norman to Dave Shipyards with “secret” insider information, the RCMP failed to even interview them.  https://globalnews.ca/news/5267667/peter-mackay-mark-norman/  The RCMP definitely appears to play favourites.|app_72746711|2022-02-24 17:51:31.316|0|0|article-opp-investigating-reports-police-officers-donated-to-trucker-convoy.json|globemail
Fire them.|BWF2|2022-02-24 12:05:20.390|0|0|article-opp-investigating-reports-police-officers-donated-to-trucker-convoy.json|globemail
Police officers were paid thousands of dollars a day to police the occupation. Seems like a real conflict of interest.|Nevyn42|2022-02-23 22:16:29.779|0|0|article-opp-investigating-reports-police-officers-donated-to-trucker-convoy.json|globemail
It was lawful enough that the cops could plead ignorance.  |The Last Honest Conservative|2022-02-26 01:36:06.864|1|0|article-opp-investigating-reports-police-officers-donated-to-trucker-convoy.json|globemail
You mean like waiting 14 days to even write a parking ticket ?|The Last Honest Conservative|2022-02-26 01:33:58.095|1|0|article-opp-investigating-reports-police-officers-donated-to-trucker-convoy.json|globemail
Police officers or current Canadian armed forces’ members who donated to the violators of civil rights and the overthrow of the govt should be fired from their posts and jobs. There is no nice when it comes to the overthrow of the govt.  |plrowan|2022-02-23 19:29:54.550|0|0|article-opp-investigating-reports-police-officers-donated-to-trucker-convoy.json|globemail
Then I don't understand why you always sound so confused.|Malcolm09|2022-02-23 21:09:31.645|1|0|article-opp-investigating-reports-police-officers-donated-to-trucker-convoy.json|globemail
Please see the comment from Malcolm09 above with a link to The Toronto Star article stating the donations were made after February 5.|Rod Sheridan|2022-02-26 14:41:41.779|1|0|article-opp-investigating-reports-police-officers-donated-to-trucker-convoy.json|globemail
If only he had got vaccinated.|app_69680838|2022-02-25 00:03:11.335|1|0|article-opp-investigating-reports-police-officers-donated-to-trucker-convoy.json|globemail
So you think it is ok for armed police officers to donate to a group dedicated to ousting the elected government?  I would not fire these people but would put a note on their personnel files with this information.  |Sceptical1|2022-02-25 15:11:13.350|1|0|article-opp-investigating-reports-police-officers-donated-to-trucker-convoy.json|globemail
Why is the Canadian Media not investigating the actions behind this blockade?  A group besieged Ottawa for 3 weeks and did not even receive a ticket.  No police action for 3 weeks.  No cooperation between the 3 levels of government that controlled the police.  We have NO answers for why this happened and I am sure Trudeau, Ford, Mayor Watson, and the police would want us to never get any answers.  The press needs to investigate, because our governments will not do it.|kramnot|2022-03-01 00:52:54.400|0|0|article-opp-investigating-reports-police-officers-donated-to-trucker-convoy.json|globemail
