﻿comment|username|datetime|isreply|num_replies|post_id|label
"So you have a firm opinion on the credibility of information that guides my opinion.  You don't know where I saw it, what other experts have said about it.  You don't know who I'm reading or what data they've used.  But when I say it contradicts the guidance we get from Public Health Canada and Ontario, you dismiss it glibly and disdainfully, stating as fact that I'm ""wrong"" to believe it.  Is this what we've come to?  Is this what one can expect in 2022 from people who can read and write?"|DenbighPatton|2022-02-23 20:46:40.940|1|7|article-in-the-midst-of-cries-for-individual-freedoms-canadian-collectivism.json|globemail
The Globe is a Liberal biased newspaper my friend.|Ray614|2022-02-23 17:00:56.024|1|5|article-in-the-midst-of-cries-for-individual-freedoms-canadian-collectivism.json|globemail
"No, I don't mean Fox news, or conspiracy theory websites.  I mean responsible scientific reports from foreign countries further ahead in the Omicron wave than Canada.  I have no professional qualifications whatsoever, so the issue of the CrackerJack box is moot.  I recovered from Omicron in early January so the idea of putting a mask on me is completely unfounded.  Even the government admits that, in their border control policy exempting me from testing for 3 months.  There is no actual data to support the specific policies I cited in my criticism.  There is rationale and the ""precautionary principle"".  Your dismissal of policy criticism and your knee-jerk association of it with brands of cereal or foreign entertainment are the problem.  Would you object to real experts debating specific pandemic policies like local mask mandates, distancing outdoors in gale-force wind, refusing to share elevator with neighbour, and the like? People welcome sound guidance on these issues, but I'm not the person to provide it.  Too bad it's entirely absent from all Public Health talking points."|DenbighPatton|2022-02-23 20:40:03.447|1|4|article-in-the-midst-of-cries-for-individual-freedoms-canadian-collectivism.json|globemail
"Like all such opinion pieces by prominent Canadians recently, this one too gives short shrift to the actual criticisms of policy. Airy musings about Canada's constitutional structure have their place. But the chattering classes make a mistake when they ""don't understand"" how anyone can possibly believe this or that. Underneath all the trash talk and Trumpian crowd theatre, there's opinion among swing voters in the 905 and elsewhere (the people who decide elections). They're not ""fed up with the pandemic"". They're fed up with bad responses to it. They've seen better science, better studies, faster adaptation elsewhere. What's actually wrong with current pandemic restrictions? Plenty. Any requirement that people wear masks is obsolete. The concept of limiting the spread of Omicron is patently silly. Putting masks on children is so obviously pointless and stupid, it's shocking that nontrivial numbers of people favour it. Sure the Ottawa thing was a trashfest. But it's a distraction from a real problem. Our Public Health regimes, provincial and Federal, are adapting too slowly to the situation. The substance of the criticisms needs a proper airing."|DenbighPatton|2022-02-23 18:05:03.070|0|4|article-in-the-midst-of-cries-for-individual-freedoms-canadian-collectivism.json|globemail
"By ""Canadian collectivism"" do you mean the entitlement of the old Chateau Clique and Family Compact elites in Upper and lower Canada?  It should be no surprise that when rich men take control of the government, they pass laws that are favorable to themselves. The surprise is that those who are not rich vote for such people, even though they should know from bitter experience that the rich will continue to rip off the rest of us. Perhaps the reason is that rich men are very clever at covering up what they do.""  Andrew Greeley  "|HW01|2022-02-23 20:26:02.580|0|3|article-in-the-midst-of-cries-for-individual-freedoms-canadian-collectivism.json|globemail
You can't have Life, Liberty and the Pursuit of Happiness without Peace, Order and Good Government.|megd|2022-02-23 21:55:31.694|1|3|article-in-the-midst-of-cries-for-individual-freedoms-canadian-collectivism.json|globemail
Was the Ottawa occupation an act of civil disobedience or an (unarmed) insurrection?  It was certainly uncomfortable for people living and working in downtown Ottawa but that is one of the main points of civil disobedience, to make people uncomfortable.|George O.|2022-02-23 19:34:37.391|0|3|article-in-the-midst-of-cries-for-individual-freedoms-canadian-collectivism.json|globemail
What every column, including this one, fail to understand is the protest - and subsequent reaction by law enforcement - we just witnessed is the product of a decade plus of kid glove treatment of protests.   …be it public sector unions, FNs, the climate commies or the occupy movement.  The press, and politicians, demanded that these grievances be given incredible deference.  Even as the damages piled on.   Now, all of a sudden when a protest occurs - one far more peaceful than most of those - that the politicians and their stenographers in the press don’t like; It’s time to bring the full force of the state.   If you want these types of demonstrations to stop, then you need to be consistent with what the state will and won’t tolerate. Irrespective of who’s protest and what they’re protesting. |M. Grimaldi|2022-02-23 17:50:16.302|0|3|article-in-the-midst-of-cries-for-individual-freedoms-canadian-collectivism.json|globemail
"It would be quite a shame if Canadians started to think of themselves as ""collectivists"".  The word stinks of the gulag, mass starvation, the trampling of individual rights in the name of the Volk or the Party or the Tribe, whatever.   A collective is not a big individual with preferences and desires of its own, for which people should sacrifice themselves.  Institutions exist for the sake of real human beings, not the other way around.   There is no ""collective good"" that is the imaginary result of adding together a bunch of particular good things into one big good thing.  That's just a confused way of talking in order to persuade individuals to cooperate so as to realize benefits that they couldn't achieve by themselves.  We can and should work together in many ways, without pretending that we compose some sort of mass that is a collective."|Faustus|2022-02-24 16:01:09.989|0|2|article-in-the-midst-of-cries-for-individual-freedoms-canadian-collectivism.json|globemail
Where are the intelligent liberals like Manley?  Why have they abandoned the party and basically sit silently on the sidelines?  I've seen Manley speak on Bloomberg and there's no question he considers the current liberal government to be a dumpster fire.  Yet he won't come out and say it - why not?  This country is reeling after 6 years of corruption and incompetence - it's time to throw reservations aside and speak up!!|Puma2|2022-02-23 22:24:46.907|0|2|article-in-the-midst-of-cries-for-individual-freedoms-canadian-collectivism.json|globemail
What a crock of humblebrag, when I was in cabinet Canada was a paradise of law and order. But now our once great government is a failure without wise Liberals. The erosion for the respect for laws comes from a grossly unfair application of enforcement-people will resist a tyranny of special interests-entitled to my entitlements attitude. Liberal governments over the past 50 years have gradually eroded democracy with ever increasing special interest authoritarian governance. Special interests like WE charities, friends of government, banks, utilities, and large corporations have benefited greatly from Liberal generosity while middle and low income Canadians bear the burden of high taxes. There is very little evidence of democracy coming from Ottawa thanks to the arrogance of a Liberal right to power. maybe I should have said powerbrag|Scriptorius|2022-02-24 14:38:03.460|0|2|article-in-the-midst-of-cries-for-individual-freedoms-canadian-collectivism.json|globemail
Ultimately this was a failure in police enforcement and when after three long weeks for the citizens of Ottawa the appropriate manpower was assembled, it was put to an end….peacefully thank goodness.   But the EA was totally unnecessary. Minister Bill Blair when interviewed and asked what measures were contained in the act were necessary at that point his reply was…… tow trucks. Yes, tow trucks were the reason this Act was brought forward.  Never mind that the military had the equipment to move the trucks but were never asked according to an officer interviewed last week.  So yes, a failure by government.|DRYBURGH6|2022-02-23 20:29:48.852|0|2|article-in-the-midst-of-cries-for-individual-freedoms-canadian-collectivism.json|globemail
"""The Prime Minister is by no means the only politician to have sometimes shown a willingness to divide rather than unite, but with his office comes the greatest responsibility""  Interesting the only two times Canadians seem to be this divided is when a Trudeau is in power.  Is it possible in a country as vast and different as Canada that ruling with one of the slimiest of minorities but acting like a dictator might not be a prudent strategy for unity and togetherness we keep hearing about so much lately? It wouldn't even bother me that much if it were at least consistent across the country and from decision to decision but clearly it isn't, and even JT supporters are starting to realize the man rules on division with a wedge and conquer type of politics.  We can argue against what these people did till the cows come home, but we must realize as long as we allow the divide and conquer game from politicians in a country as vast as Canada it's going to be a losing game for us all."|Corey Zimmermann|2022-02-23 17:36:48.397|0|2|article-in-the-midst-of-cries-for-individual-freedoms-canadian-collectivism.json|globemail
As John Manley states that he doesn't understand why many people won't get vaccinated, what I find more illuminating is that this group refuse to wear masks.  I can understand that some people don't want to have a supposed new drug in their body, but to refuse to wear a mask to protect others from infection is a basic courtesy to our fellow citizens.  This group of occupiers who pretend to be the loving, caring people are anything but.  If you won't wear a mask to protect others, you are selfish and you don't care about the health and welfare of others.  There is no discussion to be had about people refusing to wear masks.  They try to trot out that masks don't work.  All the scientific evidence shows that wearing Masks does work and maybe be 100% effective but wearing masks reduces the rate of transmission. |app_65115117|2022-02-25 12:55:45.713|0|1|article-in-the-midst-of-cries-for-individual-freedoms-canadian-collectivism.json|globemail
"""... they've seen better science, better studies...""  Oh, you mean like the ones you can hear about on Fox News or read about on conspiracy-theory websites?  Why listen to Teresa Tam or Tony Fauci when you can go online and become a self-taught expert in epidemiology and public health policy?  BTW, what are YOUR professional qualifications in those fields and which Craker-Jack box did you get them from?"|Allan19531|2022-02-23 18:53:26.999|1|1|article-in-the-midst-of-cries-for-individual-freedoms-canadian-collectivism.json|globemail
reality tends to have a liberal bias|FPasqualini|2022-02-23 18:51:22.268|1|1|article-in-the-midst-of-cries-for-individual-freedoms-canadian-collectivism.json|globemail
If they had the military come in you all would have had first a fit (happy dance) and then a field day.   |Fcfrancis|2022-02-23 20:53:25.220|1|1|article-in-the-midst-of-cries-for-individual-freedoms-canadian-collectivism.json|globemail
  Why does the author just not say the obvious which was the EA was not justified. Further now that the protests have been dispersed continuing suspensions of civil protections troubling in a society that values the principles of liberal democracy. |tinman1957|2022-02-23 19:47:25.942|0|1|article-in-the-midst-of-cries-for-individual-freedoms-canadian-collectivism.json|globemail
As a lifelong Conservative, I must say that I have always found John Manley to be a very decent and principled Liberal, and would say that I admire his common sense and pragmatic approach especially to finance not to mention honesty.   I do not however, completely agree with his admiration for Peace, Order and Good Government over Life Liberty and the Pursuit of Happiness. Canada as well as the US are dramatically changed since the formation of our countries and POGG is a relic in time when you could trust our politicians (like Manley) to have our best interests at heart. Time for a shift from collectivism to personal rights, responsibilities...and yes I dare say Freedoms!  |app_70970981|2022-02-23 20:31:57.508|0|1|article-in-the-midst-of-cries-for-individual-freedoms-canadian-collectivism.json|globemail
"""The United States has been a great and successful democracy .  ."" John, John, John when you and the likes of you stop perpetuating this propaganda. Any country whose founding fathers were colonial racists who held a philosophy of manifest destiny, who almost managed total genocide against Indigenous people, established their economy on the basis of enslaved people for 350 years, created an incredibly undemocratic institution called the Electoral College to assuage the slave-owning states following the civil which gives them an upper hand in elections, didn't have a Voter's Right's Bill until 1964, where women are still not included in the equal Rights Amendment  . .   do I need to go on? "|LHallmark|2022-02-26 18:20:59.640|0|1|article-in-the-midst-of-cries-for-individual-freedoms-canadian-collectivism.json|globemail
"""Uncomfortable?"" Depriving people of sleep for days on end because of blaring horns goes WAY beyond uncomfortable."|D_London|2022-02-23 19:49:22.460|1|1|article-in-the-midst-of-cries-for-individual-freedoms-canadian-collectivism.json|globemail
They're being careful what they say.  It would be much worse to trash the current government and possibly give comfort and succour to the much worse alternative: a Conservative government.|DenbighPatton|2022-02-23 22:43:17.764|1|1|article-in-the-midst-of-cries-for-individual-freedoms-canadian-collectivism.json|globemail
An excellent article by Manley, especially describing the differences between the US individualism, with the emphasis on individual freedom, and the Canadian collectivism, in which the greater good of society is at the forefront. The collective well being, described by Manley, is being challenged by the vacuous chants of 'freedom' by protestors who wish to adopt US individual rights and have little concern about society as a whole.|Jay Smyth|2022-02-24 01:29:13.594|0|1|article-in-the-midst-of-cries-for-individual-freedoms-canadian-collectivism.json|globemail
Oh heavens, not another dumbing-down of the Canadian mindset by repetitively getting it to compare itself to America America America America.  For crying out loud, how about a comparison of Canada to Britain? After all, we are both parliamentary democracies and Canada sprang from British protocols, and yet SOMEHOW Britain is way, way ahead of Canada in treating Covid as something like the flu and opening up from the restrictions.  Maybe that's because Britain, although also having collectivist tendencies, is not run by Justin Trudeau?|Doctor Demento|2022-02-23 17:43:42.450|0|1|article-in-the-midst-of-cries-for-individual-freedoms-canadian-collectivism.json|globemail
"They've seen better science, better studies, faster adaptation elsewhere The problem with your argument is that this quote reproduced here, is wrong.  People THINK they've seen better science, but too often what they are reading (and which leads them to their conclusions, is just wrong.    Misinformation is rife and we've seen misinformation about the science arise in multiple ways:  1)  misinformation about the actual science 2)  misinformation spread through faulty ""studies"" that don't stand up to scrutiny 3)  misrepresentation of what experts actually said 4)  listening to talking heads who are not experts but have an agenda to push misinformation  I've listened to many of these trucker-protestors talk about what they believe, and what they believe is demonstrably wrong.  I'm sure they truly believe what they said, but they are just not right.   "|Rationalthought|2022-02-23 18:53:31.530|1|1|article-in-the-midst-of-cries-for-individual-freedoms-canadian-collectivism.json|globemail
So the only politician Manley names and questions their motives, is Trudeau.  https://en.wikipedia.org/wiki/John_Manley#Political_ideology  A pro-North American integration warrior looking to tie us tighter to the US.  No mention at all of the failure of our Premiers to proactively enforce the law until forced to do so by the impending Emergencies Act. No mention of how their tolerance with border blockades was harmful to the Canadian economy.  While vaguely alluding to “governments … incapable of setting self interest aside …”  Well, the Globe is a pro-business publication so we shouldn’t be surprised to find a bit of an echo chamber.  Still, it should be more balanced.|app_72746711|2022-02-23 15:04:01.975|0|1|article-in-the-midst-of-cries-for-individual-freedoms-canadian-collectivism.json|globemail
If you think Britain, run by BoJo the Clown who promoted a pack of lies behind the worst foreign and domestic policy decision (i.e. Brexit) the UK has made since the end of WW 2, is the example for Canada to follow then you are not playing with a full deck.  If present-day Britain has anything to show us, it's that a parliamentary democracy is no safer than a republic (like America) from mendacious, populist fools who are willing to take huge chances with the health and welfare of their country's people.   |Allan19531|2022-02-23 18:46:24.987|1|1|article-in-the-midst-of-cries-for-individual-freedoms-canadian-collectivism.json|globemail
Hello Allan, you have (not intentionally) highlighted and applauded the point in my post: The column's thesis is that collectivism in a parliamentary democracy is what places Canada on a wiser trajectory than America, and you have articulately rejected the notion that a collectivism-oriented parliamentary democracy places a nation (Britain) on a wise trajectory. Indeed, the columnist's thesis is bunk, and it requires an extension of the conversation to just one additional country, a total set of three countries, to see that clearly. When one obsesses over comparisons of only Canada versus America one can wander down a garden path of unsubstantiated fancy.|Doctor Demento|2022-02-23 19:50:22.451|1|1|article-in-the-midst-of-cries-for-individual-freedoms-canadian-collectivism.json|globemail
"""protest...far more peaceful than most"" ?   That's only because the RCMP was able to seize the cache of deadly weapons at the Coutts blockade before it could be used against the police.  And there are hundreds of citizens of Ottawa who got no peace whatsoever (but lots of intimidation) from the ""protesters"".  These ""demonstrations"" were unprecedented in their scope and damaging effect, which is why they've been met with an unprecedented measure (i.e. the EA) that sends a very clear message about what the state won't tolerate.  If you threaten the state by demanding the removal without due process of the legally elected government and the blockading of the state's borders  to threaten its trading economy, then that is indeed the ""time to bring the full force of the state"" to put an end to those threats. To think otherwise is naïve and invites the recurrence of these particular types of ""protest"".  "|Allan19531|2022-02-23 20:32:47.864|1|1|article-in-the-midst-of-cries-for-individual-freedoms-canadian-collectivism.json|globemail
Such statements are “claims for truth” and cannot be supported with evidence or logical argument. They do, however, give comfort to the incurious. |app_73540936|2022-02-25 14:42:30.589|1|0|article-in-the-midst-of-cries-for-individual-freedoms-canadian-collectivism.json|globemail
This is a collection of generalizations which, unfortunately fail to say anything at all. But perhaps serve as a way to blow off steam. |app_73540936|2022-02-25 14:31:14.698|1|0|article-in-the-midst-of-cries-for-individual-freedoms-canadian-collectivism.json|globemail
The military would be an even worse solution.  Being thankful that bad decisions were made instead of even worse decisions is not a feather in the cap. |DollyParker|2022-02-23 22:09:32.789|1|0|article-in-the-midst-of-cries-for-individual-freedoms-canadian-collectivism.json|globemail
“according to an officer…” |app_73540936|2022-02-25 14:39:08.944|1|0|article-in-the-midst-of-cries-for-individual-freedoms-canadian-collectivism.json|globemail
"counterpoint:  there is no such thing as ""the autonomous individual""; it's a fiction.  consciousness (beyond the rudimentary), reason, selfness, identity, value, ethics, law  are all language dependent, society-dependent. a human infant provided with the biological necessities, but deprived of language and society and human relationship could not develop a sense of ""self"".  unlike other species, a large and fundamental set of neural connections and developments occur *outside* the womb. As a species, we are foremost social entities, who then through continued social and cultural interactions, through the shared medium of language (collective symbolic meanings), through reflection, develop ""self""-consciousness.  without others, without society, there is limited consciousness and no ""self""."|hangdog|2022-02-24 19:27:52.246|1|0|article-in-the-midst-of-cries-for-individual-freedoms-canadian-collectivism.json|globemail
"Bravo, Mr. Manley - a thoughtful, even-handed and polite critique of the illegal protests and failures of leadership and policing that we all just witnessed.  I agree and believe that Canadian collectivism will result in better long-term outcomes for a group of people rather than rugged individualism.  I expect that statement will be immediately attacked as promoting ""socialism"" (which has become the extreme right's boogeyman of the decade, replacing communism from the 50s and 60s).  You are correct to emphasize that government needs to earn the public's trust.  Unfortunately, as Mr. Coyne correctly pointed out in his column yesterday, there are forces that are actively and self-interestedly undermining that trust with the cultivation of post-truth politics and a broader post-truth society.  While we must be vigilant of abuses of government, we must be more worried about the radicalization of those mired in misinformation."|Pencil Neck Squid|2022-02-24 15:59:09.246|0|0|article-in-the-midst-of-cries-for-individual-freedoms-canadian-collectivism.json|globemail
I see basically two options: either truckers are pawns of the menacing alt-right, or the government and legacy media failed to accurately present the truckers' case and we all went down a rabbit hole. |Peter642|2022-02-25 17:22:03.285|0|0|article-in-the-midst-of-cries-for-individual-freedoms-canadian-collectivism.json|globemail
Good article.... The rule of law is under attack by our institutions... Some laws are recognized and some are not....Some people get to protest, some do not.. Some are arrested some are not... It seems to depend if those that rule ( Jagmeet Singh) agrees with your clause...When people start to believe the law is bias (Fairy Creek Logging) you start to take into your own hands ... That is start of anarchy (Ottawa)....Time to get back to basics... Start by applying the law without discrimination, uniformly, in a timely matter without fear....|BMC9689|2022-02-24 15:31:35.968|0|0|article-in-the-midst-of-cries-for-individual-freedoms-canadian-collectivism.json|globemail
Thank you for these observations, expressed clearly and in a non-partisan way. The principles you describe are the ones that guide me in my work and play and in my family. |app_73540936|2022-02-25 14:12:05.018|0|0|article-in-the-midst-of-cries-for-individual-freedoms-canadian-collectivism.json|globemail
Agree, the problem is we don't have a Good Government.|srr2|2022-02-23 22:40:04.746|1|0|article-in-the-midst-of-cries-for-individual-freedoms-canadian-collectivism.json|globemail
Yes you can, if you have a reasonable degree of good luck.  Ask any American who reached old age without violent crime, with continuous good employment (and health care).  It's only when bad stuff happens that you need a net.  Nets block the sun and cost money.|DenbighPatton|2022-02-23 22:45:21.365|1|0|article-in-the-midst-of-cries-for-individual-freedoms-canadian-collectivism.json|globemail
I agree. I also promote the notion that Happiness is not a goal, but an “outcome”. So don’t go looking for it, but recognize it when it happens. |app_73540936|2022-02-25 14:37:48.389|1|0|article-in-the-midst-of-cries-for-individual-freedoms-canadian-collectivism.json|globemail
Listening to interviews with some of the so/called leaders of this disastrous uprising, it is clear that they lack the capacity for rational thought. Glib and fast-talking, never stopping for a breath, flush with certitude, incapable of listening to another voice,  they are in a state of euphoria of their creation. This is what I see when the camera is on them. |app_73540936|2022-02-25 14:22:38.268|1|0|article-in-the-midst-of-cries-for-individual-freedoms-canadian-collectivism.json|globemail
I really wish Manley had chosen a word other than collectivism.  It conjures up images of nationalized agriculture and a grim worker's paradise, and will provide yet more fodder for the absurd claims that Canada is becoming a communist dicatorship.  I realize it was not his intended meaning.  But quotes out of context and selective perception are the principal tools used by misinformation trolls, and this headline is sure to send them into new paroxysms of faux outrage.|WhistlingInTheDark|2022-02-24 14:58:42.448|0|0|article-in-the-midst-of-cries-for-individual-freedoms-canadian-collectivism.json|globemail
A rational conservative voice is much needed. But who?|app_73540936|2022-02-25 14:33:48.309|1|0|article-in-the-midst-of-cries-for-individual-freedoms-canadian-collectivism.json|globemail
Liberals in name only. Best exemplified by Jean Charest.  https://en.wikipedia.org/wiki/Jean_Charest#Leadership_bids_and_leadership_of_the_PCs  https://en.wikipedia.org/wiki/Jean_Charest#Provincial_politics  The internal disruptor Paul Martin certainly seemed more Conservative than Liberal.|app_72746711|2022-02-24 14:09:03.135|1|0|article-in-the-midst-of-cries-for-individual-freedoms-canadian-collectivism.json|globemail
The inquiry will focus on why the Ottawa police didn't stop it, why did the province and eventually the feds have to get so involved?  Use the laws that exist|Richard Wright|2022-02-24 16:34:06.254|0|0|article-in-the-midst-of-cries-for-individual-freedoms-canadian-collectivism.json|globemail
Good article from a smart person who used to be part of a TEAM of smart people who served and governed the nation.   |THX138|2022-02-24 14:48:00.362|0|0|article-in-the-midst-of-cries-for-individual-freedoms-canadian-collectivism.json|globemail
Collectivism?  Collective think?  Canada?  It seems the issue is more about governments demonstrating loyalty to polls and re-election than to any highfalutin moral standard. |1561215|2022-02-24 14:38:13.984|0|0|article-in-the-midst-of-cries-for-individual-freedoms-canadian-collectivism.json|globemail
“Wish to adopt” with little understanding of what that might entail….|app_73540936|2022-02-25 14:32:57.743|1|0|article-in-the-midst-of-cries-for-individual-freedoms-canadian-collectivism.json|globemail
The 'Convoy of Fools' has had their few minutes of media fame.  Time to go home and back to work.  Your holiday in Ottawa is over!|bwana4swahili|2022-02-24 22:15:43.075|0|0|article-in-the-midst-of-cries-for-individual-freedoms-canadian-collectivism.json|globemail
What a crock. Should have stopped there. Why would material like this convince anyone Conservatives were fit to govern? |Mike Risk|2022-02-24 21:02:49.370|1|0|article-in-the-midst-of-cries-for-individual-freedoms-canadian-collectivism.json|globemail
Nonsense. The collective good is the social good. It exists because we create it through laws and culture and shared experiences and we benefit from it. Individual rights and the Charter are an expression of what we desire and what cannot be interfered with unless restrictions can be demonstrated to be necessary for the public good. Humans live much better in groups. History and evolution have demonstrated this. Individualism is a nice luxury, but it is through collective action that humanity has achieved it greatest and possibly worst results. |The jolly hangman|2022-02-24 16:33:29.756|1|0|article-in-the-midst-of-cries-for-individual-freedoms-canadian-collectivism.json|globemail
Urinating on the tomb of the unknown soldier is not civil disobedience. The moment that act took place and was not denounced by the leamlders of the protest was when my sympathies for their demonstration ended, as it should have for every other proud Canadian. The police should have moved in then to stop any further criminal activity.|hunter54|2022-02-23 20:30:36.991|1|0|article-in-the-midst-of-cries-for-individual-freedoms-canadian-collectivism.json|globemail
I think the Canadian government has done a good job of attempting to share the wealth fairly among Canadians through social programs and supports. A much better and clearer picture of rich men controlling the government to enrich themselves and their class is in the US where for decades the rich in Washington worked hard to keep the poor in their place and maintain a hight standard of living for themselves.|Jay Smyth|2022-02-24 01:34:46.602|1|0|article-in-the-midst-of-cries-for-individual-freedoms-canadian-collectivism.json|globemail
Hard to measure, but I would say Canada was far more divided by the conscription crises of both world wars, and even by the inadequate response to the ravages of the great depression.  But it is hard to measure, so I take your point. |Ted Baker1|2022-02-23 18:07:02.524|1|0|article-in-the-midst-of-cries-for-individual-freedoms-canadian-collectivism.json|globemail
Well said.|Skeptical Man|2022-02-23 18:09:36.151|1|0|article-in-the-midst-of-cries-for-individual-freedoms-canadian-collectivism.json|globemail
Yes, the response to the 2010 G20 protests in Toronto in was so measured and reasonable.  Hardly any innocent bystanders were kettled and arrested.  Only 39 protesters were injured by the police.  Not! |Sceptical1|2022-02-24 17:33:16.827|1|0|article-in-the-midst-of-cries-for-individual-freedoms-canadian-collectivism.json|globemail
It's not just who the protesters were, it's where they blockaded - in the urban seat of power.  The urban majority found it easier to endure blockades that impoverished people and businesses operating in and through rural and remote places.  Some of those blockades extended for months or were effectively made permanent. |DollyParker|2022-02-23 22:17:35.496|1|0|article-in-the-midst-of-cries-for-individual-freedoms-canadian-collectivism.json|globemail
Yes, “intimidation” is the word that came to my mind. This is why I supported my PM’s decision not to meet or negotiate. If you’re been a parent you know that you don’t negotiate when the kid is holding his breath. Seems elementary to me. |app_73540936|2022-02-25 14:59:51.190|1|0|article-in-the-midst-of-cries-for-individual-freedoms-canadian-collectivism.json|globemail
"Hi Doc. Thanks for expanding upon your earlier comment.  You haven't identified which additional (third) country you have in mind so, until you do, I can't agree just yet with your assertion that Manley's thesis is ""bunk"" ot that he's wandering down any garden path.  I will agree that ""Canadian collectivism"" (whatever the heck that's supposed to mean) is a bit of wishful thinking on Manley's part, given the historical and current divisions in Canada.   To be fair to Manley, and without putting words in his mouth, I think he's using the phrase to try to highlight the basic difference in the governmental and constitutional philosophies of Canada vs the USA:  ""Peace, Order and Good Government"" requires collective consent and acquiescence to that principle. ""Life, Liberty and the Pursuit of Happiness"" suggests that one can do whatever the hell one wants, government be damned."|Allan19531|2022-02-23 22:34:58.976|1|0|article-in-the-midst-of-cries-for-individual-freedoms-canadian-collectivism.json|globemail
Trust me, public opinion was very much divided with Harper’s so-called Fair Elections Act and the robocalls used in the 2011 election.  I was very upset with this anti-democratic interference in elections.|Sceptical1|2022-02-24 17:36:59.324|1|0|article-in-the-midst-of-cries-for-individual-freedoms-canadian-collectivism.json|globemail
"Blink and you'll miss the reality: In a nation of divide and conquer, fool and rule, at the top; fear, envy and greed at the bottom,  Canada's ""collectivism"" is disappearing fast under the pressure of US individualism."|The Work Farce|2022-02-23 17:05:21.705|0|0|article-in-the-midst-of-cries-for-individual-freedoms-canadian-collectivism.json|globemail
"DP, thank you for clarifying your earlier post. I'm glad to hear that you recovered from Omicon (fully recovered, I hope).  What triggered my acerbic comment was your statement that ""the concept of limiting the spread of Omicron is patently silly.""  Our provincial and federal governments have decided to take a conservative, cautious pandemic-containment route which is based, in part, on our limited hospital capacities and severely stressed health care workers whose numbers are already stretched thin. Countries like Denmark have different (and more resilient) health care resources.  Britain is run by BoJo the Clown whose abysmal judgement (Brexit, private partying during lockdown, etc.) gives one no comfort that his decision to remove all Covid restrictions is well founded. I would have no objection to real experts debating specific pandemic policies but, if you've been following the public comments of Teresa Tam, and Drs. Kieran Moore and Peter Jüni, I think you'd find much of the sound guidance that you are seeking."|Allan19531|2022-02-23 21:45:04.580|1|0|article-in-the-midst-of-cries-for-individual-freedoms-canadian-collectivism.json|globemail
Excellent commentary and summary of what has historically represented the majority view for Canadian regard of civil discourse and liberty under our cultural standard of community values. |allthingsbeingequal|2022-02-23 15:05:40.282|0|0|article-in-the-midst-of-cries-for-individual-freedoms-canadian-collectivism.json|globemail
MediaBias/Factcheck: the Globe has a right slant. |Mike Risk|2022-02-24 21:10:29.757|1|0|article-in-the-midst-of-cries-for-individual-freedoms-canadian-collectivism.json|globemail
Thus their recurring feature entitled “Tax and Spend.” Literally a Conservative attack slogan.|app_72746711|2022-02-24 14:11:20.196|1|0|article-in-the-midst-of-cries-for-individual-freedoms-canadian-collectivism.json|globemail
If you mean biased against the Liberals then you’d be correct.|app_72746711|2022-02-23 23:00:51.962|1|0|article-in-the-midst-of-cries-for-individual-freedoms-canadian-collectivism.json|globemail
Only if your political compass is skewed in a very American direction in relation to what is liberal or conservative. From the perspective of anywhere else in the world it it a centrist, pro-business publication. |TURTLEBONES|2022-02-23 18:54:47.935|1|0|article-in-the-midst-of-cries-for-individual-freedoms-canadian-collectivism.json|globemail
Now that is dangerous thinking, FP.|Since When|2022-02-23 20:00:10.117|1|0|article-in-the-midst-of-cries-for-individual-freedoms-canadian-collectivism.json|globemail
Here in Alberta we are going to learn to what degree your views on the efficacy of measures to contain covid are true. I hope you are right, but because I am 74 and have a weakened immune system, I am still going to wear a mask inside public places. |app_70398181|2022-02-23 18:48:14.703|1|0|article-in-the-midst-of-cries-for-individual-freedoms-canadian-collectivism.json|globemail
"Shall we wait until hospitals and staff aren't ""stressed""?  Years before the pandemic my 93-year-old mother spent 3 nights on a gurney in a corridor in a highly respected Toronto hospital.  Forgive me if I am skeptical of this rationale for putting restrictions on people whose exhalations cannot, possibly, be a threat to anyone.  ""Pandemic containment"" was a defensible concept with previous variants but with Omicron, it's just silly.  We can't and we shouldn't waste treasure, time and effort trying.  There's ample proof all over the world to support this contention.  We should have policies that fully incorporate the unstoppable unslowable transmissibility and the minimal pathogenicity of Omicron.  Most Canadians believe that ""catching COVID"" is worse than cathing flu or strep or chlamydia  or swimmer's ear and that it should be avoided if at all possible. Most Canadians believe that avoiding omicron and protecting others from infection is a realistic goal.  Neither belief is appropriate at this stage in the pandemic.  I have sound responsible expert sources of information.  ""I am a gay urban, left-leaning lifelong Liberal and I approved this message""."|DenbighPatton|2022-02-23 22:27:18.008|1|0|article-in-the-midst-of-cries-for-individual-freedoms-canadian-collectivism.json|globemail
You really are clueless then because the current Conservative parties all derive from the old entitled Colonial boot lickers.  https://en.wikipedia.org/wiki/Upper_Canada_Tories  That probably escapes those who don’t live here in Canada.|app_72746711|2022-02-23 22:56:12.520|1|0|article-in-the-midst-of-cries-for-individual-freedoms-canadian-collectivism.json|globemail
If you make assertions that you claim are based on facts and data, then show us those facts and data if you want us to accept those assertions. There is not enough room here to walk through all the actual evidence and science and show that so much of the information people are using to attack public policy is demonstrably wrong.  |Rationalthought|2022-02-24 15:53:41.040|1|0|article-in-the-midst-of-cries-for-individual-freedoms-canadian-collectivism.json|globemail
Good analysis. |Since When|2022-02-23 19:57:47.030|0|0|article-in-the-midst-of-cries-for-individual-freedoms-canadian-collectivism.json|globemail
Prevailed mainly because of Cartesianism Facts|montrealer0|2022-02-23 19:57:02.142|0|0|article-in-the-midst-of-cries-for-individual-freedoms-canadian-collectivism.json|globemail
So, a five-word commentary would have sufficed?|app_73540936|2022-02-25 14:44:28.917|1|0|article-in-the-midst-of-cries-for-individual-freedoms-canadian-collectivism.json|globemail
The people who were made way more than uncomfortable were people who were utterly powerless to do anything to effect what the occupiers of Ottawa claimed to want.  |Leonidas Baltas|2022-02-24 20:50:53.083|1|0|article-in-the-midst-of-cries-for-individual-freedoms-canadian-collectivism.json|globemail
I call it intimidation. |app_73540936|2022-02-25 14:47:05.155|1|0|article-in-the-midst-of-cries-for-individual-freedoms-canadian-collectivism.json|globemail
This is a particularly thoughtful article; certainly superior to the one penned by Ms. McLachlin which seemed to imply that criticism of the government is out of bounds.  Mr. Manley was a formal Liberal Minister but the article doesn't follow the 'My Party is always right!' strain we have become accustomed to.  Good for him!  As I said on another post today, part of the reluctance for vaccines is no doubt due to the way the 'reasons' were presented to the public.  It seemed in the initial stages the WHO spoke and Canada listened.  Our federal Health Minister was obviously inadequate and should have been replaced early on.  Flip flops were commonplace.  I also appreciated, and not for partisan reasons, that he mentioned the PM's role and that, given his office, could have done better.  You catch a lot more flies with honey than with vinegar.  His public quotes probably inflamed the situation.  The other salient point he raised was citizens should not take the law into their own hands.  When your dealing with irrational people, confronting them isn't always wise.|StuporDuck|2022-02-23 19:02:29.308|0|0|article-in-the-midst-of-cries-for-individual-freedoms-canadian-collectivism.json|globemail
to the conclusion that criticism of demostrably bad policy is wrong I never said that criticism of policy is wrong.  What is wrong is using misinformation as a reason to attack policy.|Rationalthought|2022-02-24 15:52:06.831|1|0|article-in-the-midst-of-cries-for-individual-freedoms-canadian-collectivism.json|globemail
"Shall we rather wait for you to get Covid (of whatever variant) again and require admission to the hospital for treatment by those lazy doctors and nurses who currently have too much free time on their hands right now?   Perhaps they should not ""waste treasure, time and effort trying"" to treat you. What will you say then?  You ""have sound responsible expert sources of information"" for your assertions, do you? Well, as John Lennon says in ""Revolution"": we'd all love to see the plan.  In fact, until we see the plan, there's no reason to believe anything you say, or that the ""information"" you have is relevant to the Covid situation in Canada.    "|Allan19531|2022-02-23 23:51:44.934|1|0|article-in-the-midst-of-cries-for-individual-freedoms-canadian-collectivism.json|globemail
"We're just talking past each other.  Too bad really.  I got all my shots at earliest possible moment.  I don't criticize all measures. I'm not anti-vax.  But the current measures are oriented around transmission, a silly policy priority.  The policy priorities should have been changed months ago, as the ultra-transmissible Omicron variant took over (97% of Canadian cases now, according to Our World in Data).  Perhaps you disagree that Omicron is that much more transmissible, or you disagree that Omicron's high transmissibility should make us drop the attempt at stopping spread, or maybe you think I'm naive to expect promptness in government response, or am I just an antivaxxer ""not to be agreed with"".  In any case, I can't respect the current mandates or the testing at the border, among other things.  I guess there are some people who still believe those measures accomplish a measurable benefit worth the cost.  I'm not really sure my position is as shrill and unreasonable as my detractors seem to think.  None has yet defended a specific policy I've criticized.  That's the convo I want, if not with me, then among experts.  It's not happening.  That's sad."|DenbighPatton|2022-02-24 02:26:44.990|1|0|article-in-the-midst-of-cries-for-individual-freedoms-canadian-collectivism.json|globemail
If you make assertions that you claim are based on facts and data, then show us those facts and data if you want us to accept those assertions.  It can be conceded that you can read and write.  What cannot be verified is whether you understand what you're reading. Inferring that you do (based on your histrionic comments above) is premature.|Allan19531|2022-02-23 23:24:23.571|1|0|article-in-the-midst-of-cries-for-individual-freedoms-canadian-collectivism.json|globemail
"... and there's every reason to believe that you are a consumer and believer of that misinformation.   You have yet to ""demostrably"" demonstrate that it is ""bad policy"" or that your criticism of it has any merit."|Allan19531|2022-02-23 23:14:33.993|1|0|article-in-the-midst-of-cries-for-individual-freedoms-canadian-collectivism.json|globemail
There is a huge, immeasurable, massive amount of misinformation.  That's a given.  I struggle with the logical leap from that point of agreement between us, to the conclusion that criticism of demostrably bad policy is wrong.|DenbighPatton|2022-02-23 22:53:46.936|1|0|article-in-the-midst-of-cries-for-individual-freedoms-canadian-collectivism.json|globemail
What are you going on about?  I've been keeping up to date on the science and the statistics of this crisis, and the amount of demonstrable misinformation out there was large and easy to find (not to mention easy to prove as wrong).   |Rationalthought|2022-02-23 21:18:07.475|1|0|article-in-the-midst-of-cries-for-individual-freedoms-canadian-collectivism.json|globemail
Statistics from provincial and Federal health authorities show that though Omicron has milder symptoms, it still can be dangerous for the unvaccinated who are 6x more likely to be hospitalized, and 12x more likely to end up in the ICU. People are still dying from Omicron, 44 in the last few days in my province. So, it still is important to mask and follow health directives. Yes, case numbers are dropping. It would be prudent to wait 2 or 3 months more until hospitals are back close to normal and at least, give hospital staff a period of time to recuperate. And yes, I agree, we need to review and improve our health care systems, looking at other countries - not the US - to figure out how they have better and less expensive outcomes.|Jay Smyth|2022-02-24 02:22:00.201|1|0|article-in-the-midst-of-cries-for-individual-freedoms-canadian-collectivism.json|globemail
At least the US has an elected Senate. Canada doesn't even have that.|LGA_2012|2022-02-28 22:01:34.227|1|0|article-in-the-midst-of-cries-for-individual-freedoms-canadian-collectivism.json|globemail
