﻿comment|username|datetime|isreply|num_replies|comment_ids|post_id|label
Too late.  Trudeau inflamed the issue and it has grown so much due to his divisive ineptitude.   There aren't enough police in Canada to control the sprawl of this - it's much bigger than Ottawa now.  Great job, Justin.  To think that some actual leadership at the beginning could have really helped control this before it ballooned.  |Free Me|2022-02-08 15:29:35.433|0|9|d736b143-faca-430c-98ea-8cff27223f82|article-after-a-week-of-tightrope-walking-police-in-ottawa-must-actively.json|globemail
Criticisms currently levelled at Ottawa police and its chief, Peter Sloly, are unfair. The number and size of trucks from across Canada occupying the city have made it a Canadian, not an Ottawa or even an Ontario, crisis. Covid-19 was unforeseeable and unprecedented; at best, federal policies and programmes to deal with it could only be developed on the fly, through trial and error. If imperfect, on the whole, they’ve been sound. Truckers’ hooliganism, masquerading as legitimate protest, is a threat to democracy. The only authority with the wherewithal to end the crisis in Ottawa, and elsewhere, is that of the government of Canada. For its ministers to seek to pass on responsibility to local authorities to end the disorder, as they have, is cowardly and shameful.  Pierre Joncas|Pierre Joncas1|2022-02-08 15:21:49.779|0|7|e36188fd-a62b-47a9-8be0-ec1fb7118330|article-after-a-week-of-tightrope-walking-police-in-ottawa-must-actively.json|globemail
"""To win without fighting is best."" "|The Emperor's Paparazzi|2022-02-08 17:14:43.397|1|4|2be916f8-f6d6-4dc3-a719-70fa39275ff4|article-after-a-week-of-tightrope-walking-police-in-ottawa-must-actively.json|globemail
Whatever your opinion on this protest, lots of people are eager to tell us what should be done, including the author of this piece, but no-one is talking about how to do it. Moving these rigs is not easy and the tow truck drivers refuse to participate and help. So what now? More huffing and puffing by downtown elites who couldn't even change a tire on their EV?  |Mom'sMoney|2022-02-08 14:56:58.463|0|4|939aa40e-8424-4ead-9c8b-643938b3fc33|article-after-a-week-of-tightrope-walking-police-in-ottawa-must-actively.json|globemail
The man on the ground is saying that there is no police solution, just a political solution.  If anyone follows the advice of Messrs. Zaccardelli, Carney, and others, future Canadians will be reading about this in the history books, just like the Winnipeg strike of 1919. |The Emperor's Paparazzi|2022-02-08 15:39:42.322|0|3|eb5a8ab6-8965-4cb5-b8cb-220b84567f26|article-after-a-week-of-tightrope-walking-police-in-ottawa-must-actively.json|globemail
A lot of people are wondering how well armed the Occupiers are. The trucks are weapons in and of themselves, and what is concealed in the cabs of those trucks? We are all shocked. I hate the fact that I am not able to go anywhere I want in my city. Even though I don't live near the Red Zone, 5 km away I could hear the horns if the wind was right. And the fireworks at 5 a.m. Is it possible that the Occupying force actually wants escalation?|Histteach|2022-02-08 18:28:54.690|1|3|4c0ee13c-ced8-4a34-9e37-50c94d3dc655|article-after-a-week-of-tightrope-walking-police-in-ottawa-must-actively.json|globemail
Presumably, Ottawa has bylaws of which many were and are being broken by the occupation and yet, no one in authority took any action.  Instead, a young citizen of that neighbourhood successfully got a judge to stop the honking.  Speaks volumes.  Time is long past up.  Move the convoy out.|StanD21|2022-02-08 15:16:37.515|0|3|2e7ecc64-9589-48c4-9ae5-8dab779336a2|article-after-a-week-of-tightrope-walking-police-in-ottawa-must-actively.json|globemail
How?|Mom'sMoney|2022-02-08 14:57:07.175|1|2|a2e46aa6-1258-4e9a-bc9a-9b4b3a86934c|article-after-a-week-of-tightrope-walking-police-in-ottawa-must-actively.json|globemail
Double standards again,  the protest in Caledonia has been going on for 16 years but lets end the one in Ottawa after 12 days!|Alessandro16|2022-02-08 15:38:19.309|0|2|9aed8536-d479-433d-ad07-b4bcbf24fd0f|article-after-a-week-of-tightrope-walking-police-in-ottawa-must-actively.json|globemail
Can you show me the court order declaring this illegal please. Just want to read up on the legal arguments in the ruling since you are so confident they on they are breaking the law. |boo48|2022-02-08 17:52:52.971|1|2|173a29f7-99ed-4d4f-9029-8b9c8b962a07|article-after-a-week-of-tightrope-walking-police-in-ottawa-must-actively.json|globemail
"How true, and a 'big high five"" to the young citizen who had the gut's to go forth! "|Oltguy71|2022-02-08 15:23:15.605|1|2|c2acf57d-7d1c-4e6f-b792-e335ceb6e7bb|article-after-a-week-of-tightrope-walking-police-in-ottawa-must-actively.json|globemail
Don't need tow trucks. Issue an absolute but short deadline . In the middle of the night use overwhelming police numbers to enforce.  Truckers refuse. Then arrest  the drivers. Put police drivers in the cabs and drive them away. |app_69909726|2022-02-08 15:08:22.807|1|2|a189b9c7-8611-4d98-b00a-da911c13242b|article-after-a-week-of-tightrope-walking-police-in-ottawa-must-actively.json|globemail
No need to tow immediately. Suspend the trucks' registrations and impound them on-site. Arrest drivers who refuse to vacate the cab. Police can then drive them away in due time. These trucks are highly regulated assets. Registration, safety inspection, insurance coverage and loan liens are pressure points for legal action.|Skeptical Canadian|2022-02-08 15:13:15.865|0|2|ed4d61d9-1d81-42cf-99b0-b48d80e7c59a|article-after-a-week-of-tightrope-walking-police-in-ottawa-must-actively.json|globemail
I abhor the protest, but the current situation tests largely on the shoulders of  Chief of Police Slolly.   I think Ottawa now sees why Toronto didn't choose Slolly for Chief of Police.|MyOwnAccount|2022-02-08 14:24:59.005|0|2|c7b2f404-ed15-4c41-ada3-423ac8be7dce|article-after-a-week-of-tightrope-walking-police-in-ottawa-must-actively.json|globemail
Since Timothy McVeigh blew up that building in Oklahoma, no vehicles whatsoever are allowed on the mall in Washington DC near the Capitol and White House. |Alison_D|2022-02-08 21:32:25.459|1|1|844cb264-0ecb-41a3-8d17-ab7c4bedc508|article-after-a-week-of-tightrope-walking-police-in-ottawa-must-actively.json|globemail
It might take arresting 10 truckers near their rigs in downtown Ottawa and then actually driving the rigs away to impound them. Apparently Toronto has this capability if Ottawa does not. Not too many will stay around for their rigs to be seized, after that.  But no one likes a drama and a spending opportunity like the PM, so this 30-min. solution with up to 10 officers might not satisfy the wish for drama and spending.  And Ottawa`s mayor has mused that he worries that demonstrators might come back, revealing his lack of grasp of the situation and remedies. Truly, the citizens of Canada are shocked.    |Westerlies44|2022-02-08 16:58:21.854|0|1|583c778f-a9c4-442a-a566-b9b1c0520849|article-after-a-week-of-tightrope-walking-police-in-ottawa-must-actively.json|globemail
Is it retired RCMP staff who determine the laws or is it the courts?  There has been no legal order that would allow the strong show of force you are describing. There was a court order for noise which stopped the honking.  This author would bring in armed police and heavy machinery to solve the problems instead of our justice system |boo48|2022-02-08 17:50:35.970|0|1|04071229-3f52-497e-9ae2-e17d0c0090d9|article-after-a-week-of-tightrope-walking-police-in-ottawa-must-actively.json|globemail
Caledonia was a disgrace. I didn't know it was still going on.|MavnGoose|2022-02-08 18:15:37.034|1|1|95475f1c-f5e2-4788-bb65-92c343e05a4e|article-after-a-week-of-tightrope-walking-police-in-ottawa-must-actively.json|globemail
Get an injunction. Seize the bank accounts. |Tom Gray|2022-02-08 15:54:14.779|1|1|23abf0a6-57d3-4936-938d-2cc26b251824|article-after-a-week-of-tightrope-walking-police-in-ottawa-must-actively.json|globemail
"What an absolute crock.  Former RCMP officers and RCMP associates are part of the leadership of this protest.  Former RCMP Officer Daniel Bulford was once part of the the of PM's security detail.  Tom Quiggin is a former intelligence officer who served in Bosnia. Following uniformed service, he worked for the International War Crimes Tribunal, the Royal Canadian Mounted Police and Nanyang Technological University in Singapore. A court expert on terrorism, he has a sole author book on national security intelligence. He is a Senior Research Fellow with the Canadian Centre of Intelligence and Security Studies and an Adjunct at the Royal Military College.  A former Commissioner of the RCMP continues to support the ""snow job"" that the government is feeding us.  He should be suggesting possible reasons why former trusted members of those that once were part of the RCMP & establishment are now part of the opposition. "|BC Thoughts|2022-02-09 12:33:22.271|0|1|5c5ac98a-15db-4f56-9169-df866b20bb6f|article-after-a-week-of-tightrope-walking-police-in-ottawa-must-actively.json|globemail
Odd then that the police in Toronto did|Tom Gray|2022-02-08 15:56:24.832|1|1|eeebec68-75f4-4b4f-aa79-890e3383ff9f|article-after-a-week-of-tightrope-walking-police-in-ottawa-must-actively.json|globemail
Advice from one disgraced cop to one about to be disgraced.  All we now need is Fantino to write an opinion piece.|Flying Dutchman Canada|2022-02-08 14:50:05.610|0|1|35043e8d-b918-42a3-a8af-fb618cd53ce9|article-after-a-week-of-tightrope-walking-police-in-ottawa-must-actively.json|globemail
You are apparently more expert than Sloly. Hilariously, the guy said on the record last week that he had no legal power to do so!!!|MavnGoose|2022-02-08 15:44:21.516|1|1|6a734fb4-9d04-48ed-9913-cdea13b03e10|article-after-a-week-of-tightrope-walking-police-in-ottawa-must-actively.json|globemail
I'm not an expert at crowd control, but question why didn't the City of Ottawa place barricades and check points before the trucks arrived?  Kept the convoy away from the downtown core rather than let them get parked and established. There was at least a week of time before they showed up.|Doug Lippay|2022-02-08 14:40:42.277|0|1|2a945930-5e62-472f-a3ac-a14e20122b53|article-after-a-week-of-tightrope-walking-police-in-ottawa-must-actively.json|globemail
You were on track until close to the end. You'd have to ignore a whole lot of law and reality to make that last point stick. I think you just want to blame the federal government whether that's right or not.|MavnGoose|2022-02-08 18:09:18.491|1|1|0ef3450c-bfa5-4cb9-b8bd-906d91400c49|article-after-a-week-of-tightrope-walking-police-in-ottawa-must-actively.json|globemail
I agree 100%.  We need a strong and determined application of force to clear out the miscreants.|Cynical in Toronto|2022-02-08 15:54:50.997|0|1|0e3337e2-8cf2-470a-bf3b-38249df55fca|article-after-a-week-of-tightrope-walking-police-in-ottawa-must-actively.json|globemail
At least start fining them for all the laws they're breaking. That would add up pretty fast!|peckj|2022-02-08 15:25:48.225|0|1|20f2c931-9d84-4162-aa90-8b940bcb7c5e|article-after-a-week-of-tightrope-walking-police-in-ottawa-must-actively.json|globemail
OK. You can start. Show us the way, brave one. |Mom'sMoney|2022-02-08 16:41:13.732|1|1|244f8c63-dccf-4b73-a8fc-7b77b39c0c65|article-after-a-week-of-tightrope-walking-police-in-ottawa-must-actively.json|globemail
The world watched on Jan. 6/2021 as the U.S. capital was attacked.  Sloly cannot possibly claim this convoy occupation took them by surprise.   |PHILCO3|2022-02-08 15:54:46.075|1|1|eab201ba-4712-4405-8d73-afad4b4d89b9|article-after-a-week-of-tightrope-walking-police-in-ottawa-must-actively.json|globemail
You are quite right, of course he couldn’t. But, compared with the size and the resources of the Ottawa police force, given the magnitude (both in numbers and in size of the trucks) of the convoy coming from all directions at once and the hooliganism of the truckers, pray explain how could he have controlled it.  Pierre Joncas|Pierre Joncas1|2022-02-08 16:08:08.480|1|1|c3785ce5-6f26-4268-a187-705fdb4b26a1|article-after-a-week-of-tightrope-walking-police-in-ottawa-must-actively.json|globemail
Police should never allow any protesters to break the law, period. This “long established “ immunity to inconvenience others while protesting needs to end. Blocking intersections, railways, highways always inconveniences someone, it’s all a matter of degree, and police shouldn’t be picking and choosing who gets a pass and who doesn’t. Your freedom to protest doesn’t supersede my right to be protected from your crimes.|brent154|2022-02-08 16:15:27.717|0|1|ebc7b625-441c-472e-92fe-a10bc03e58c6|article-after-a-week-of-tightrope-walking-police-in-ottawa-must-actively.json|globemail
Chief Sloly was with Toronto Police during the G20 when 20,000 fully armed & equipped police & military were ready when the convention started.  So not sure what his problem is with this insurrection.|Bikerman|2022-02-08 15:56:46.288|1|1|224e030d-2f93-473a-8abb-42a7e1c987bd|article-after-a-week-of-tightrope-walking-police-in-ottawa-must-actively.json|globemail
Add the Ambassador Bridge in Windsor to area's locked down.  It's spread to the largest goods crossing and brought it to a halt.   It's going to get worse and it's going to spread across the country.|Free Me|2022-02-08 15:34:11.867|1|1|ec0e7d68-c753-4b97-b150-823109a49adc|article-after-a-week-of-tightrope-walking-police-in-ottawa-must-actively.json|globemail
If we were talking about garden variety protestors that show up at protests with placards and bull horns then I am sure by now the Ottawa Police would have things under control. Ditto goes for the situation in Coutts which is being managed quite unsuccessful by the RCMP.  The problem is that these protestors showed up with heavy machinery which if wielded as weapons would be disastrous. If the police try to make arrests, what is going to stop any of these angry protestors from using their trucks as weapons?  How is any law enforcement body supposed to enforce the law when heavy machinery is involved? That is what I want to know. How are law enforcement officers supposed to stop trucks from running people over or from using them as a means to destroy surrounding infrastructure should these truckers decide to evade arrest by using their trucks?   Do they really have what they need to prevent unnecessary loss of life or damage? Or are we sending human bodies in to try and stop trucks? |Lisa Weber|2022-02-08 14:59:56.676|0|1|213e05aa-d041-4ab4-aa7b-1322b3805f0c|article-after-a-week-of-tightrope-walking-police-in-ottawa-must-actively.json|globemail
More huffing and puffing by downtown elites who couldn't even change a tire on their EV Says the guy who doesn't even have his own money.|Leese1|2022-02-08 14:58:50.306|1|1|1c428afb-5d44-40d2-b63e-433d1a60c346|article-after-a-week-of-tightrope-walking-police-in-ottawa-must-actively.json|globemail
As truckers have already said on social media that they will not resist, why not wait for them to exit their truck cabs, arrest them, take their keys and drive away? Many vehicles have remote starters so that manufacturers could provide this option under court order, if needed.  At blocked bridges, gov, drivers can take vehicles across and until this occurs, all vehicles can be parked out of the line of traffic.   If police are unwilling to seize vehicles, their overseers can replace chiefs.|Westerlies44|2022-02-09 10:38:20.017|1|1|a271ed08-686e-4662-8835-6849263bd35f|article-after-a-week-of-tightrope-walking-police-in-ottawa-must-actively.json|globemail
Well said.|MavnGoose|2022-02-08 14:51:00.400|0|1|505bdf4a-16c3-451e-bff1-26933fe65e7c|article-after-a-week-of-tightrope-walking-police-in-ottawa-must-actively.json|globemail
Chief Slowly should be sent home with no pay today.|Toosoon|2022-02-09 08:29:01.644|0|1|eb3734b3-a75e-45aa-a5b9-3535bd9ad71e|article-after-a-week-of-tightrope-walking-police-in-ottawa-must-actively.json|globemail
The protestors have ignored Ottawa bylaws around noise and parking and HTA provisions around blocking roads.  Other than that, what laws are being broken?  Does anyone actually know?|interestedinthis|2022-02-09 14:50:14.977|0|1|9625729e-683e-445f-a1a1-82b3df6ee7b3|article-after-a-week-of-tightrope-walking-police-in-ottawa-must-actively.json|globemail
Total agreement. Times up. Move along or you will get moved.|Proudfoot5960|2022-02-08 14:53:20.355|0|1|5f058260-d295-45d9-bb35-8a7c9d5ca5f6|article-after-a-week-of-tightrope-walking-police-in-ottawa-must-actively.json|globemail
The man on the ground is out of his depth.  He should not be in the job.  I hope we are reading about the crushing of this revolt in the history books. These are selfish people attempting to arrogate to themselves the right to usurp government policies and powers through intimidation and blackmail. A sharp punishment must be imposed on that attempt, sharp enough to be remembered.|MavnGoose|2022-02-08 15:42:46.291|1|1|18c26267-6e25-4f9d-9bc9-7498edb5cecf|article-after-a-week-of-tightrope-walking-police-in-ottawa-must-actively.json|globemail
Yup really devisive to express support for the 85%. Unlike the Cons supporting the fringe of all descriptions.|antoine111|2022-02-08 18:05:37.276|1|1|bd98212c-9b35-4fba-9f2f-04a050edf7b4|article-after-a-week-of-tightrope-walking-police-in-ottawa-must-actively.json|globemail
A good piece by Zac.  Hire him on contract to put things in motion.  It is abundantly clear that neither the Mayor nor the Police Chief are able to do the job.  Why are we waiting for more proof of that?  |475|2022-02-08 14:56:02.039|0|1|020786b4-f2ce-4564-8845-31f34dd7f3c9|article-after-a-week-of-tightrope-walking-police-in-ottawa-must-actively.json|globemail
Their MoU could have been written by a 5th grader. Gimme a break.|kevin8790|2022-02-08 17:12:36.721|1|1|95a131b0-da87-4f6c-ac23-0b950fb466da|article-after-a-week-of-tightrope-walking-police-in-ottawa-must-actively.json|globemail
The police are paid to break heads when necessary.|lmc93|2022-02-08 22:26:43.536|1|1|d49849be-f316-4c78-8c1f-48a4be8e9a5e|article-after-a-week-of-tightrope-walking-police-in-ottawa-must-actively.json|globemail
No.  The aim of the convoy - as stated in their Memorandum of Understanding - is to replace a democratically elected Federal government.  Such sedition cannot be endorsed or tolerated if you value democracy.  The ineptitude lies with those few parliamentarians who have condoned the seditious behaviour by supporting the so-called protestors.|George Bay|2022-02-08 15:54:07.384|1|1|f94e917a-7617-4847-b9d5-ae365246dcc2|article-after-a-week-of-tightrope-walking-police-in-ottawa-must-actively.json|globemail
Because police officers are trained semi-drivers. Sure. |Mom'sMoney|2022-02-08 16:43:56.143|1|1|1df8f008-7bf5-4bad-82bb-24a667a54857|article-after-a-week-of-tightrope-walking-police-in-ottawa-must-actively.json|globemail
Giuliano Zaccardelli, please come out of retirement and show Ottawa how it's done!|thorncha|2022-02-08 21:48:55.677|0|1|2a96ade7-c371-4ab2-8af3-c11aa37967ca|article-after-a-week-of-tightrope-walking-police-in-ottawa-must-actively.json|globemail
I's start by dropping pig manure on them. |Bob.McK|2022-02-08 15:17:42.623|1|1|fc654bb3-7c5d-4b92-a8ce-781316455198|article-after-a-week-of-tightrope-walking-police-in-ottawa-must-actively.json|globemail
Never mind :)|MavnGoose|2022-02-08 21:08:39.590|1|0|24d2ff03-4140-4866-b94d-b0d3526be3b5|article-after-a-week-of-tightrope-walking-police-in-ottawa-must-actively.json|globemail
"The various political leaders are the ones who have to give the mission is a go statement so the police can do their job but first the same politiclal leaders have to get the courage to do that as so far that hasn't been done.  The comparison to Trudeau Sr when he told the nation to ""just watch me"" is gaining ground so it's time the leadership listened."|Bikerman|2022-02-08 15:52:08.231|0|0|f0f4c617-4791-42bb-90ab-91f7e85bc097|article-after-a-week-of-tightrope-walking-police-in-ottawa-must-actively.json|globemail
Perhaps. But to lose for fear of fighting is to surrender. I thought Cons liked to play Churchill, send little chills up their little spines?|MavnGoose|2022-02-08 18:11:58.298|1|0|cd60679b-1e12-4227-bf69-078916af797c|article-after-a-week-of-tightrope-walking-police-in-ottawa-must-actively.json|globemail
Isn't that what it's always about? Follow the money...|lmc93|2022-02-08 22:28:01.002|1|0|8cda6d46-c789-450f-90e0-6af08ca814a2|article-after-a-week-of-tightrope-walking-police-in-ottawa-must-actively.json|globemail
Another great evaluation of this demonstration, time to for both Trudeau and Ford to act.. |fluffy|2022-02-09 13:30:16.857|0|0|fb560efa-06c3-4856-a222-4dcf1d944d8e|article-after-a-week-of-tightrope-walking-police-in-ottawa-must-actively.json|globemail
Perhaps.  ?? |The Emperor's Paparazzi|2022-02-08 20:46:37.663|1|0|75896ec4-e45d-4cea-96c8-42123fd20083|article-after-a-week-of-tightrope-walking-police-in-ottawa-must-actively.json|globemail
The fringe doesn't have to be beaten & shot as today there are civilized crowd control measures available like the water cannon.|Bikerman|2022-02-08 15:53:17.102|1|0|dcd9ad09-79b5-4f3d-8774-df5b604b2e8f|article-after-a-week-of-tightrope-walking-police-in-ottawa-must-actively.json|globemail
Oh, give over!|lmc93|2022-02-08 22:27:18.205|1|0|7948a63c-7fb6-470d-9be4-e4935224dc4b|article-after-a-week-of-tightrope-walking-police-in-ottawa-must-actively.json|globemail
The Liberal party should get rid of JT today to save Canada. No excuse for allowing blockade of Ambassador Bridge.|Toosoon|2022-02-09 08:30:25.887|0|0|f8dee600-eae7-4944-b7f7-01634dfc8129|article-after-a-week-of-tightrope-walking-police-in-ottawa-must-actively.json|globemail
not needed here.|Westerlies44|2022-02-09 10:50:36.481|1|0|8ba216d5-207c-4115-a53e-33d5590d0fda|article-after-a-week-of-tightrope-walking-police-in-ottawa-must-actively.json|globemail
So, traitors to their oath of loyalty to the Crown. Thanks for that, BC.|MMackinnon|2022-02-09 14:27:48.506|1|0|5f24d222-fbdf-4cae-8617-a1b89d5bc241|article-after-a-week-of-tightrope-walking-police-in-ottawa-must-actively.json|globemail
The police board apparently has the right of staff replacement,|Westerlies44|2022-02-09 10:31:44.714|1|0|f6d2aa70-78e2-4b1e-b7a5-8d39335c0774|article-after-a-week-of-tightrope-walking-police-in-ottawa-must-actively.json|globemail
And where is Doug Ford while all of this is going on?   Where are the OPP? Also lacking leadership? Or something worse, leadership that tilts right?|Don Griffiths|2022-02-09 01:28:44.339|0|0|6a03d735-a0af-4d2b-8cea-41183fed2b3f|article-after-a-week-of-tightrope-walking-police-in-ottawa-must-actively.json|globemail
It seems to me that male-dominated activities often do things the hard way, when easier avenues are available, such as waiting for drivers to exit their trucks and moving in to arrest them and then have expert drivers drive the vehicles to impound compounds.  |Westerlies44|2022-02-09 10:58:11.456|0|0|207f57d3-036b-4a74-aceb-0751d41418a8|article-after-a-week-of-tightrope-walking-police-in-ottawa-must-actively.json|globemail
How are police going to enforce the law with these protesters given that a worrying number of them are sympathizers? |Penny Burke|2022-02-09 01:04:29.948|0|0|b2928efd-2c41-4829-9eca-94a32d452e4c|article-after-a-week-of-tightrope-walking-police-in-ottawa-must-actively.json|globemail
Maybe Mr. Z should 'put the boots' to them, eh wot?|lmc93|2022-02-08 22:25:18.637|0|0|e343f489-6a60-4460-ab89-d1b4549135fd|article-after-a-week-of-tightrope-walking-police-in-ottawa-must-actively.json|globemail
Just launch them off the bridge and into the river.|app_70201256|2022-02-09 20:58:33.551|1|0|40043876-34ab-4b63-8b72-782c34e7112f|article-after-a-week-of-tightrope-walking-police-in-ottawa-must-actively.json|globemail
It's curious that Ontario hasn't yet enacted regulations to apply to these truckers in future to ensure they pose no threat to traffic flow anywhere.  For example, shouldn't special handling apply to all trucks documented to have blocked traffic in Ottawa or anywhere. 1. Posting a $100,000 bonds to use Ontario roadways. 2. Providing complete and up-to-date copies of keys to authorities. 3. Payment of up to $200 and waiitng a minimum of 8 hours for every future border crossing as outside drivers are retained to drive their rigs across any international bridges. Payment for border parking for their rigs while arrangements are made. 4. These people pose a future risk. It should be handled in advance with regulations.  Too many government actors have limited focus, but enacting regulations will impact the current  behaviour of current occupiers.|Westerlies44|2022-02-09 11:11:39.962|0|0|23a659fa-b03d-47a6-84b6-245df4c54e50|article-after-a-week-of-tightrope-walking-police-in-ottawa-must-actively.json|globemail
No driver who has been documented to have used a truck rig to block traffic should be permitted to drive a rig in the future.|Westerlies44|2022-02-09 11:24:51.450|0|0|cac24112-d327-4654-a8ce-22648797c168|article-after-a-week-of-tightrope-walking-police-in-ottawa-must-actively.json|globemail
Best article written.  Thank you Mr. Zaccardelli.|Alison_D|2022-02-08 21:29:38.108|0|0|cc15bc61-9007-4b52-9d76-389674c39e22|article-after-a-week-of-tightrope-walking-police-in-ottawa-must-actively.json|globemail
Thanks for this coming from someone who understands the difficult balance!  |Canadian70|2022-02-08 19:29:17.755|0|0|93eda03f-b4ae-4b28-bcab-97acae6bb1f5|article-after-a-week-of-tightrope-walking-police-in-ottawa-must-actively.json|globemail
Glad to see Giuliano Zaccardelli is still interested in Canadian politics.  His 'retirement' a few years back was not pleasant to watch. |Fabulous Fabs|2022-02-08 18:50:29.123|0|0|eed0bf75-da0e-40d4-9095-9173caa92e42|article-after-a-week-of-tightrope-walking-police-in-ottawa-must-actively.json|globemail
Legal order? Try the laws and regulations on the books. Injunctions, when delivered, on on their authority.  Do you think the police can't arrest you for breaking the law absent a court order to do so?|MavnGoose|2022-02-08 19:23:24.904|1|0|05ac325e-5fca-4d86-8d55-6b88fd6d07b0|article-after-a-week-of-tightrope-walking-police-in-ottawa-must-actively.json|globemail
Any truck that someone tries to use as a weapon can be disabled.  Police SWAT teams have the ability.|See History|2022-02-11 00:50:08.033|1|0|3a8dc778-5ff0-4425-89ce-5024004aa5c9|article-after-a-week-of-tightrope-walking-police-in-ottawa-must-actively.json|globemail
Seems very unlikely that occupiers want escalation, based on their behaviour and their own statements on camera. They have said they will not object to arrests.,|Westerlies44|2022-02-09 10:45:49.859|1|0|6047a841-4cbf-47cd-a7ff-88cce9d95870|article-after-a-week-of-tightrope-walking-police-in-ottawa-must-actively.json|globemail
It seems we have to learn these basic lessons.|Don Griffiths|2022-02-09 01:20:30.179|1|0|bf9420e0-65c1-46ed-9925-9ecba416b83a|article-after-a-week-of-tightrope-walking-police-in-ottawa-must-actively.json|globemail
The Criminal Code has many annotated editions in which key cases prosecuted under each section of the Code are listed. They state facts in plain English. Libraries have them. The info is likely online. Type terms into google. |Westerlies44|2022-02-09 10:49:55.400|1|0|c10b9fee-4ac5-4719-8fe1-d3d506c2ee9e|article-after-a-week-of-tightrope-walking-police-in-ottawa-must-actively.json|globemail
Is it legal to park in the middle of the road and deliberately block the streets for days on end?|CJSB2|2022-02-08 20:57:43.796|1|0|fd4297a6-34be-4738-bf50-0fd5be4f07ad|article-after-a-week-of-tightrope-walking-police-in-ottawa-must-actively.json|globemail
@MavnGoose - Alessandro16 may have used a tiny bit of hyperbole.  There have been periodic repeated and sometimes lengthy protests in Caledonia but it has certainly NOT been a 16 year continuous occupation as is implied A's statement.|D Turner1|2022-02-09 02:26:52.182|1|0|76f33726-60ff-479f-9391-13de0e1c9e13|article-after-a-week-of-tightrope-walking-police-in-ottawa-must-actively.json|globemail
Somebody is going to take the wheel here. Question is 'who'?|Thaumaturgus|2022-02-08 14:10:46.674|0|0|b9c04c27-4b6e-466d-b89b-d9c6e5fec383|article-after-a-week-of-tightrope-walking-police-in-ottawa-must-actively.json|globemail
And Caledonia is the capital of a G 7 nation ?|Stonebridge|2022-02-08 16:42:50.519|1|0|3396e2e3-1104-40b3-8bc8-a5e175c1488e|article-after-a-week-of-tightrope-walking-police-in-ottawa-must-actively.json|globemail
.It might take 10 to 40 officers to seize a few trucks, to finally create a negative consequence for participators, as would regulations to control them in future. Why is Ontario so paralysed when it has so much power?|Westerlies44|2022-02-09 11:17:56.731|1|0|6508bcf1-a1e7-4c72-9062-63a3faded56b|article-after-a-week-of-tightrope-walking-police-in-ottawa-must-actively.json|globemail
"Generally a good piece .  However this is like getting a lawyer to sue another lawyer.  More ""couldn't' be foreseen /its clear now""  etc. excuses for Sloly.  No. -  the objectives and tactics of this convey were online and broadcast for a week in advance of the occupation and the Ottawa police just waved them on in.  No excuses for that failure please. Sloly should be removed from responsibility for response decision making now and  his position just as soon as this is over."|app_69909726|2022-02-08 15:00:18.426|0|0|b5e25ff8-16b9-4601-8a6e-abce60032a30|article-after-a-week-of-tightrope-walking-police-in-ottawa-must-actively.json|globemail
The bridge has reopened |kevin8790|2022-02-08 17:15:00.665|1|0|f3a77ed1-1a03-4ad4-bfa0-dcdbeefbd3cd|article-after-a-week-of-tightrope-walking-police-in-ottawa-must-actively.json|globemail
 1) Mobilize the riot squad, get one or two heavy tow trucks from OC Transport or the local army base, head over to Wellington St & start with the first truck, inform the driver he has five minutes to move it or it gets towed to the local pound & not released until all parking tickets are paid as well as the $1,000 towing & storage fee.  2) If the driver locks the door or doesn't comply, arrest him & then release the air brakes which can be done by the turn of a wrench & then repeat #1  3) Mobilize the riot squad & gather some dump trucks & a front end loader & head over to the various camps, inform anyone there they have five minutes to gather their personal stuf & scram, if they resist, arrest them & start tearing down the structures.   That's how you do it.|Bikerman|2022-02-08 23:08:40.045|1|0|6066d906-d0f9-478a-b989-3554fa3cdece|article-after-a-week-of-tightrope-walking-police-in-ottawa-must-actively.json|globemail
Ok, and I'll bell the cat.  ;^) |The Emperor's Paparazzi|2022-02-08 15:55:47.588|1|0|28b4a0ae-0b49-410e-ada1-cd7a9bcdf48b|article-after-a-week-of-tightrope-walking-police-in-ottawa-must-actively.json|globemail
Turn fire hoses on them all?    In this weather, it's not exactly pleasant to be cold and drenched.  |TillyTrillium|2022-02-09 10:47:55.886|1|0|bc370a5a-cec9-487a-a302-cf6ac71eacce|article-after-a-week-of-tightrope-walking-police-in-ottawa-must-actively.json|globemail
It ain't rocket science.|MavnGoose|2022-02-08 18:16:34.919|1|0|47d2cf6e-31c3-4475-a559-f8ffabf79443|article-after-a-week-of-tightrope-walking-police-in-ottawa-must-actively.json|globemail
Hey! Mom gives me an allowance!|Mom'sMoney|2022-02-08 16:42:40.282|1|0|027bc628-e0dc-4e1e-9b1f-dc6e8b87b152|article-after-a-week-of-tightrope-walking-police-in-ottawa-must-actively.json|globemail
And to hear a certain leader and a Federal one at that; offering advice to the Ukraine; and cannot look after things at home??? |Oltguy71|2022-02-08 15:27:41.904|1|0|0a31640d-6754-4f4d-91af-143c8b336e08|article-after-a-week-of-tightrope-walking-police-in-ottawa-must-actively.json|globemail
As outlined in the opinion piece.|George Bay|2022-02-08 15:45:10.415|1|0|eb108c6a-eb55-4b62-a9ef-658df7a3a65d|article-after-a-week-of-tightrope-walking-police-in-ottawa-must-actively.json|globemail
Barricade the street and tell the truckers that their vehicles have been seized and are not going anywhere. They are being held to ensure payment of the judgements for contempt of court.  The truckers whine that their means of making a living has been taken away from them. Well so has the means of making a living by downtown merchants. So, it is just too bad.|Tom Gray|2022-02-08 15:36:50.712|1|0|565b95e5-71ab-4c1a-9858-5d226f2cf91e|article-after-a-week-of-tightrope-walking-police-in-ottawa-must-actively.json|globemail
I agree with the writer. Times up - they have had their say - its no longer just a protest - it is an infringement on others. I am also quite frankly embarrassed to see this type of disorderly conduct happening in Canada - and to read it is now having global influence and not in a good way. |app_71144411|2022-02-08 14:51:52.298|0|0|80f81890-8be7-4326-9dc5-d22123429710|article-after-a-week-of-tightrope-walking-police-in-ottawa-must-actively.json|globemail
Agree X2 |Oltguy71|2022-02-08 15:29:03.347|1|0|6b625192-84d3-4ce8-ae78-f7c67cf0d954|article-after-a-week-of-tightrope-walking-police-in-ottawa-must-actively.json|globemail
This disgraced cop was an important member of Harper's cabinet.|MavnGoose|2022-02-08 16:15:05.869|1|0|f5e85d16-be9e-4001-b36f-03f976a8d969|article-after-a-week-of-tightrope-walking-police-in-ottawa-must-actively.json|globemail
Exellent summation.  Thank you, Mr. Zaccardelli.  |Marilyn0|2022-02-08 14:49:43.026|0|0|063542fb-65ae-4fe0-834f-0182c6387d29|article-after-a-week-of-tightrope-walking-police-in-ottawa-must-actively.json|globemail
This goes without saying. |Agnostic|2022-02-08 14:47:59.792|0|0|6942286d-264d-4231-878d-3c99d6afff91|article-after-a-week-of-tightrope-walking-police-in-ottawa-must-actively.json|globemail
Totally agree. This is a minority group who have made their point. Time to shut it down, if necessary, by force.|jouster44|2022-02-08 14:45:32.950|0|0|654131b5-c217-4fd1-b3c8-ab69ad22901f|article-after-a-week-of-tightrope-walking-police-in-ottawa-must-actively.json|globemail
A very well articulated synopsis of the Ottawa Occupation. We, as Canadians, cherish the rights of the individual, but also the safeguards of public good and wellbeing.  I endorse the thoughts of Mr. Zaccardelli. Hopefully he is being consulted by the decision makers to end the Ottawa Seige.  |Newsy Suzy|2022-02-08 14:44:21.017|0|0|90833971-af21-419b-9c20-18fd3448787d|article-after-a-week-of-tightrope-walking-police-in-ottawa-must-actively.json|globemail
Indeed. Everybody can see the absurdity of Sloly's claims |MavnGoose|2022-02-08 18:17:33.881|1|0|147162ab-ee6f-4105-9660-203505502d79|article-after-a-week-of-tightrope-walking-police-in-ottawa-must-actively.json|globemail
Police Chief Sloley, DO YOUR JOB!!|DDU2004|2022-02-08 14:29:12.374|0|0|1e2afbb9-fe60-4a8b-944c-13ed5498bee7|article-after-a-week-of-tightrope-walking-police-in-ottawa-must-actively.json|globemail
The Ottawa police force surely made serious mistakes at the start, the worst being that they didn't take the protest sufficiently seriously even though they had a week's warning; they also appear to have naively taken at face value early assurances by the convoy leaders that they'd leave after three days.  That said, I also believe we haven't been told the full story about how the police prepared for this event.  A sizable contingent of the Ottawa police resisted the vaccination mandate.  It is well known that the new Chief faced considerable reservations if not outright hostility among the Ottawa force upon his appointment. There were also repeated reports about police high-fiving the protesters and assisting them in various ways.  Did Sloly really have his team fully behind him at the outset?  All these points have caused me to withhold negative judgment of the police chief for the time being. |zebra71|2022-02-08 21:25:58.772|1|0|9b829ea6-4e44-48b8-a605-3d556c826630|article-after-a-week-of-tightrope-walking-police-in-ottawa-must-actively.json|globemail
I don't know how Sloly could get another job after this debacle.|Leese1|2022-02-08 15:00:09.836|1|0|8f082516-bbb7-4644-a89f-88688a0a3167|article-after-a-week-of-tightrope-walking-police-in-ottawa-must-actively.json|globemail
Some very good points, but if there was no gas to keep the truck running; I'm sure he would be very cold before too many hours just sitting there. I thought the police had this gas situation under control. What happened? |Oltguy71|2022-02-08 15:47:33.700|1|0|dd94e64c-287b-4456-bc50-f4dc580cbc1d|article-after-a-week-of-tightrope-walking-police-in-ottawa-must-actively.json|globemail
Agreed.  And it's a provincial jurisdiction.  Doug Ford must act.|Cynical in Toronto|2022-02-08 16:04:24.335|1|0|0a8bc1b3-67a4-499e-96ca-7e276d5f6977|article-after-a-week-of-tightrope-walking-police-in-ottawa-must-actively.json|globemail
They didn't stop honking. Indeed when told of the injunction they started honking. They know that they are above the law and that Canadian police forces will not enforce injunctions.|Tom Gray|2022-02-08 15:20:49.420|1|0|c6a56d75-fcee-49df-ae6d-96fcb54c5818|article-after-a-week-of-tightrope-walking-police-in-ottawa-must-actively.json|globemail
The residents and businesses of downtown Ottawa should file lawsuits against all of the participating drivers.  Get the judgements and start seizing the trucks. These drivers will take notice when their means of livelihood are booted and the engines disabled|Tom Gray|2022-02-08 15:28:20.092|0|0|562520a2-9351-485e-87eb-be51c4845801|article-after-a-week-of-tightrope-walking-police-in-ottawa-must-actively.json|globemail
Free Me: Why would Trudeau negotiate with people who want to oust him and take over the government. It's a ridiculous request.  That said, I wish he were more like his dad. He's just not tough enough.|thorncha|2022-02-08 21:58:01.774|1|0|8946ccfa-08c2-4a66-9d70-3fafeceb7738|article-after-a-week-of-tightrope-walking-police-in-ottawa-must-actively.json|globemail
antoine: I agree. How is it divisive when only 15% of people aren't vaccinated. I would call the country divided if it were half and half.|thorncha|2022-02-08 21:59:27.797|1|0|2a194e43-038d-4ac8-b99e-6409a2f39c1c|article-after-a-week-of-tightrope-walking-police-in-ottawa-must-actively.json|globemail
Probably it was. It's obvious this whole crowd isn't the honour roll.|MavnGoose|2022-02-08 18:06:56.243|1|0|e8c2abbb-eac0-4358-b40d-40fe3fe5f0ec|article-after-a-week-of-tightrope-walking-police-in-ottawa-must-actively.json|globemail
Too late. Trudeau inflamed the issue and it has grown so much due to his divisive ineptitude. No. Up is not down. Black is not white.  Trudeau and his party were elected by Canadians in free and fair elections just a few months ago. This minority group in the trucking industry was not.  Trudeau isn't blockading downtown Ottawa and torturing its citizens with blaring horns. The minority group in the trucking industry is occupying downtown Ottawa.  Trudeau isn't the problem.  This relatively small mob of unpatriotic Canadians is the problem.     |PHILCO3|2022-02-08 15:48:50.678|1|0|2d10165c-e6b6-4335-8ef4-be75d4620057|article-after-a-week-of-tightrope-walking-police-in-ottawa-must-actively.json|globemail
"And the protesters and people who refuse to obey the laws, and in fact, seem quite happy to show that they are intentionally breaking the law, have no responsibility in this? When you have a group (Canada Unity - some of the organizers) posting a manifesto that reads like something out of the French Revolution or early Karl Marx on their website, you don't give them credibility by sitting down and ""negotiating"" with them. What's to negotiate? "|Trainfan2000|2022-02-08 15:47:30.159|1|0|e5bf4ba4-5224-498b-8a4c-087d5fe6f0f4|article-after-a-week-of-tightrope-walking-police-in-ottawa-must-actively.json|globemail
"It takes a ""special"" kind of mind to come to the conclusion that the Liberals are more responsible for this mess than are the CPC."|John T.|2022-02-08 15:43:29.454|1|0|691995c2-0999-46b4-af21-7d1588b3026e|article-after-a-week-of-tightrope-walking-police-in-ottawa-must-actively.json|globemail
At this point, these people must be crushed simply on general principle. Resorting to force to usurp the government's power must be made example of.|MavnGoose|2022-02-08 15:38:45.299|1|0|63cadefa-063d-4482-9a19-c34ec50bdcfd|article-after-a-week-of-tightrope-walking-police-in-ottawa-must-actively.json|globemail
"What about the Conservative ""leaders"" that are supporting the ""protesters"" and seem to be actually egging them on."|ARH0210|2022-02-08 15:31:45.715|1|0|427d8836-beff-473e-87e2-630c73f6c17d|article-after-a-week-of-tightrope-walking-police-in-ottawa-must-actively.json|globemail
Good article.  |cbrf|2022-02-08 14:17:54.899|0|0|41a916b9-9c05-4262-a149-a78b11151a85|article-after-a-week-of-tightrope-walking-police-in-ottawa-must-actively.json|globemail
They have been. Result has been a lot of confetti.  |Histteach|2022-02-08 18:30:27.614|1|0|82c02d9d-8114-4f57-85fe-f1d22574b890|article-after-a-week-of-tightrope-walking-police-in-ottawa-must-actively.json|globemail
A huge thank you to Paul Champ and his team for taking this on.  |Cynical in Toronto|2022-02-08 16:03:50.359|1|0|23e85890-06de-4578-8d66-792c4cd7f867|article-after-a-week-of-tightrope-walking-police-in-ottawa-must-actively.json|globemail
Why not take 10 officers and start seizing trucks and arresting a few occupiers? |Westerlies44|2022-02-09 11:02:27.251|1|0|f02a8b95-c468-49d5-bc9a-a9710f14479e|article-after-a-week-of-tightrope-walking-police-in-ottawa-must-actively.json|globemail
Thanks for your comment.  Generally, given the sudden onset of Covid-19 and its rapid propagation, the Trudeau government’s measures to deal with the pandemic have been altogether defensible. So long as it enjoys the confidence of Parliament, it has not only the right, but the responsibility, to govern. Being the sole authority with enough resources to ensure ‘peace order and good government’ in the capital (where it, not the municipality, is under attack), the government ought to have intervened vigorously from the outset. As former minister of defence David Pratt shows in How Canadian law allows for military assistance in ending the Ottawa occupation, (elsewhere in today’s G&M), it has the legal authority and the power to do so. My criticism is that, by standing idly by, this government has shirked its duty to protect democracy as well as ‘peace, order and good government’ for the citizens of Ottawa.  Pierre Joncas|Pierre Joncas1|2022-02-08 20:17:02.468|1|0|edc9cecb-940d-458a-b6f6-3a1a2782890c|article-after-a-week-of-tightrope-walking-police-in-ottawa-must-actively.json|globemail
I think that it's the absence of those additional 18,800 men. |The Emperor's Paparazzi|2022-02-08 16:23:11.723|1|0|da4c9fb4-f433-4f41-a77b-df2fb47872ab|article-after-a-week-of-tightrope-walking-police-in-ottawa-must-actively.json|globemail
PJ: Toronto did it.|thorncha|2022-02-08 22:00:32.357|1|0|a368e392-0022-4c04-8d39-4610f0e57e12|article-after-a-week-of-tightrope-walking-police-in-ottawa-must-actively.json|globemail
Disagree with the final sentiment.  Laws are in place.  A surge of police can accomplish the task.  Just pick away at the convoy, one by one, and prevent any new arrivals.|George Bay|2022-02-08 15:48:26.224|1|0|f94fc6ce-f62c-42ec-98af-0f2bea39c612|article-after-a-week-of-tightrope-walking-police-in-ottawa-must-actively.json|globemail
For a carefully reasoned approach to deal with this crisis, read How Canadian law allows for military assistance in ending the Ottawa occupation by former Minister of Defence David Pratt in this newspaper.  Pierre Joncas|Pierre Joncas1|2022-02-08 15:37:04.949|1|0|bc2fe402-e6c5-4d8b-901d-f66e6e42d97b|article-after-a-week-of-tightrope-walking-police-in-ottawa-must-actively.json|globemail
"Nobody, especially Trudeau, wants to be holding the bag of ""stuff"" at the end of this.   He's always been happy to let others do the work.  If it ends badly, he gets to say they really messed up.  If it ends well, he'll be there for a photo op."|Free Me|2022-02-08 15:31:45.102|1|0|e42a17ba-495c-488d-8b1e-0cf61b28f893|article-after-a-week-of-tightrope-walking-police-in-ottawa-must-actively.json|globemail
People cannot be arrested for bylaw infractions. All the police can do is write at ticket, which they have done hundreds of times. They are simply ignored. |rationalist|2022-02-08 15:30:33.534|1|0|316f17e4-d44b-4e41-a15b-8e0f2c8aff83|article-after-a-week-of-tightrope-walking-police-in-ottawa-must-actively.json|globemail
Zexy Li, we’re all proud of ya!|Ponders|2022-02-12 00:57:07.406|1|0|edc46326-83d7-42a3-88aa-d60ed07b8225|article-after-a-week-of-tightrope-walking-police-in-ottawa-must-actively.json|globemail
Are you implying that occupying streets, with hundreds of huge trucks driven by angry drivers, using open space as washrooms, having fires where they please etc etc is not enough to get them out of where they are?   You can be certain that the legal community has all the necessary knowhow about what laws are being broken as we speak.  You can read about it in many articles. |KalleJ|2022-02-09 18:40:25.552|1|0|414503c8-ca86-4ef0-89c4-beea9fdf21e9|article-after-a-week-of-tightrope-walking-police-in-ottawa-must-actively.json|globemail
