﻿comment|username|datetime|isreply|num_replies|comment_ids|post_id|label
Thank you Justin for inflaming the country.... you reap what you sew.|Jack Bauer|2022-02-19 13:54:47.929|0|6|2b22d551-f761-4d62-8727-42c1f77c3696|article-cities-prepare-for-further-covid-19-protests-this-weekend.json|globemail
"Nobody voted for an undisclosed global agenda directed at destroying the Canadian Charter of Rights and Freedoms alongside Canadian living standards. Trudeau has resorted to violence to disperse a peaceful, joyful protest, using the excuse of a noise complaint from one of Canada's most privileged residential districts. He has criminalized dissent and destroyed this country's banking system. He has attempted to make January 6 protesters out of a bunch of truckers, determindedly peaceful, because they demanded that Trudeau do his job properly, and bring Canada in line with global trend toward lifting Covid mandates. Trudeau is resisting because these mandates are essential to his stated commitment to a ""Reset,"" a plan which was not discussed prior to election, and which nobody voted for. Nor would they, because it is actively destructive to Canadian interests. Ultimately, Trudeau has betrayed Canada, and he has betrayed Canadians. There are going to be disastrous consequences, especially for him. He is the most destructive Prime Minister this country has ever had, and it's unlikely Canada will survive him without severe potentially teminal damage."|app_73205541|2022-02-19 14:10:41.106|0|5|adc9d7a0-0376-4b4c-8081-f7d5bd910727|article-cities-prepare-for-further-covid-19-protests-this-weekend.json|globemail
“I think the Conservative Party is to blame for much of the unrest.”  Really, I don’t see many wearing name tags. Out here in NDP country, there were hosts of protestors that came from all over the Island to Victoria in protest. Are they all Conservatives too.  Here in BC there was a violent attack on a gas facility yesterday where a building was set afire with people in it. There were others wielding axes. Let me guess, they were Conservatives too.  The real source of this unrest is abysmally weak leadership at the top and police forces that have failed to fulfil their primary responsibilities.  Show me an opinion piece where PM Trudeau has been praised for his handling of this issue. Just like competence and common sense within our government, they are few if there are in fact any.|HeavyJetCaptain|2022-02-19 07:33:35.744|1|4|1eb1f139-bc36-449e-9825-26431816e5e3|article-cities-prepare-for-further-covid-19-protests-this-weekend.json|globemail
I find some of these comments hilarious. The ones that call the shut down of the protests brute force or suggesting we like in a totalitarian society. I've seen a lot of other comments suggesting Trudeau is a tyrant which is laughable. Tyrant would suggest that he's a decisive and strong leader, which he isn't.  All this to say that when your comment is comical it kind of detracts from your point. You might want to rethink what you're trying to say.|SCLEB|2022-02-19 13:04:51.457|1|3|4c0c7d97-c5e4-455a-9796-3799c00c2794|article-cities-prepare-for-further-covid-19-protests-this-weekend.json|globemail
Thanks Cliff. Personally I was against this protest, until, the Feds likened them to terrorists. Since then, it has become very clear that we have a national issue with how our political leadership has failed us all and prefer to pit us against each other. This is not new. It occurs at all levels of government but has become an increasingly bitter problem the last 5-7 years. What started as an anti vax protest has become something much more. I sit back and watch and read how our media has been covering this and very little is directed towards a failed municipal leadership in the City of Ottawa or towards a divisive leadership style at the federal level. |Practical|2022-02-19 14:39:42.958|1|3|f6f2bce6-5f50-4d62-8c3e-d233620a5aa9|article-cities-prepare-for-further-covid-19-protests-this-weekend.json|globemail
What is the point of a demonstration when COVID measures are being removed?  Do the people demonstrating literally have nothing better to do than wander around in the cold?  |Huntsman57|2022-02-19 14:23:43.252|0|3|d67ff8ab-f344-41a7-932f-ac5d7547a95f|article-cities-prepare-for-further-covid-19-protests-this-weekend.json|globemail
The protesters are going about it the wrong way. Peaceful protests with bouncy castles just gets you arrested and your bank account frozen. If you burn some churches and destroy statues Justin's crony Marc Miller will give you $40 billion of taxpayers' money.|old taxpayer|2022-02-19 00:58:25.581|0|3|be075b1a-1483-4932-a246-06399007896e|article-cities-prepare-for-further-covid-19-protests-this-weekend.json|globemail
"Look nobody likes covid-19.  Nobody likes getting several vaccinations or wearing a mask either, but both are necessary.  I think the Conservative Party is to blame for much of the unrest. These are ""their"" people and they should have been telling them to bear with it."|Alceste|2022-02-19 01:07:30.199|1|3|fc8bae4b-ef2b-417d-90a2-e1ec0d75790b|article-cities-prepare-for-further-covid-19-protests-this-weekend.json|globemail
Trudeau has become a liability to the Liberal Party, he needs to go |David Prokop|2022-02-19 10:45:47.886|0|2|b2b0fb63-db1b-4494-a4cc-dc2d0efa5eb6|article-cities-prepare-for-further-covid-19-protests-this-weekend.json|globemail
I am very proud of Mr. Trudeau and the way we- our government and the police have handled this. Would you not agree they showed these supporters respect for 3 weeks. Unfortunately, the supporters didn't care about the people in Ottawa and the major trauma they imposed upon them. The ones left still don't care. They, the supporters - don't care!!       |Checkers4|2022-02-19 13:52:18.666|1|2|749bf8cf-4f05-46d6-a6ea-d3f058b81181|article-cities-prepare-for-further-covid-19-protests-this-weekend.json|globemail
The history of using brute force against civil disobedience. Is not a good one.|jameswmblack|2022-02-19 11:26:02.252|0|2|c556633c-3589-471b-9644-8f51183c8f2d|article-cities-prepare-for-further-covid-19-protests-this-weekend.json|globemail
What, no protests planned in Calgary?   Where is everyone?   My friends tell me there are many empty barstools there, too, this weekend.  Where did they all go?|IsabellavalancyC|2022-02-19 00:29:53.002|0|2|1a32e0c1-fff1-45e2-882e-9aeda5b5374b|article-cities-prepare-for-further-covid-19-protests-this-weekend.json|globemail
Well simple people often laugh at complex problems. There is more to being a tyrant than character. Stealing people's lawful donations is tyrannical given they are not a criminal organization. They merely oppose Justin's mandates and for that money is seized. I never supported the protests until that happened.|Jack Bauer|2022-02-19 13:58:41.202|1|2|c170eb67-6e28-473f-a9d3-8320f5c35017|article-cities-prepare-for-further-covid-19-protests-this-weekend.json|globemail
Trudeau and Freeland need to look in the mirror to find the cause of this explosion of social unrest in many places from coast to coast. How are you going to run a successful public health program when large numbers of people are rising up against you even to the point of being arrested?|William Lyon Mackenzie1|2022-02-19 00:29:56.450|0|2|a80bf40c-9f69-43e9-a73f-5f2385cb1a70|article-cities-prepare-for-further-covid-19-protests-this-weekend.json|globemail
The vaccine mandates and passports were put in place to save lives. Let that sink in. Once it has sunk in, start over with your attitude toward the word freedom. The protestors are asking for the freedom to act in such a way that they jeopardize their own life and the lives of other Canadians in the setting of a pandemic.  The actions of the protestors echo this lack of awareness of the impact of their actions on others. Despite the launching of a class action suit for the impact of the protests on the residents of downtown Ottawa, there is scant acknowledgement from the protestors that their behaviours are harmful to others. |Leslie Ellestad|2022-02-19 15:27:45.618|1|1|f9d4c21e-c41a-484a-907b-9427db5fa195|article-cities-prepare-for-further-covid-19-protests-this-weekend.json|globemail
They might be sick at home with Covid.|Trophyman|2022-02-19 04:37:38.294|1|1|a8ad6b12-e4e7-4d5f-b31a-72485a260e48|article-cities-prepare-for-further-covid-19-protests-this-weekend.json|globemail
Trampling protesters on mobility scooters is not hilarious.|app_73205541|2022-02-19 14:02:00.528|1|1|b733cd37-bc64-4fd8-9c83-f80734a1f7b3|article-cities-prepare-for-further-covid-19-protests-this-weekend.json|globemail
These protests look more and more like a celebration of ignorance… and disproportionate co offence in that ignorance.  While I want a reopening as much as anyone, I won’t be protesting. I have vastly more important/productive things to do than to go downtown and throw a temper tantrum in the toy aisle. |bretski__gretzky|2022-02-19 14:03:58.603|0|1|74a11b19-1606-47cb-9bf6-f82c62719dbe|article-cities-prepare-for-further-covid-19-protests-this-weekend.json|globemail
We hope the cops realize that Trudeau has no respect for them and he will throw them under the bus as soon as this protest is over.|app_73541506|2022-02-19 07:08:18.887|0|1|43470928-6185-4c30-9624-bc3b17024b62|article-cities-prepare-for-further-covid-19-protests-this-weekend.json|globemail
I think this headline does little to encapsulate what has been happening the last month. Yes, it started as a protest against Covid mandates but has now morphed into a protest against a government that views its own citizens as terrorists.  The public is tired and had enough of self serving politicians and I think this anger and frustration will only grow against various levels of governments including municipalities. |Practical|2022-02-19 14:21:04.310|0|1|3885b3bd-8284-4c11-aedc-b26fc5a8b8d7|article-cities-prepare-for-further-covid-19-protests-this-weekend.json|globemail
The police are showing so much restraint I'm concerned they will be there for the next six months.  I'm not sure why they are using formations from 100 years ago. Wouldn't it be better to be more unpredictable and use an element of surprise, picking small groups off here and there?  If they had used the corrent formation in the war of 1812 we would be American right now. The slow progress simply allows the other side more time and flexibility to respond.  The use of children is completely abhorent. Anyone who would put their child in harm's way has no business being a parent. Please someone save the children from the parents who are delusional, dysfunctional and now criminal.  This is not the hill you want to die on - you are simply a pawn in the tireless self promotion efforts of the organizers, one of whom has already fled the scene to be on a tv show and left you to be arrested. Hold the line, sure.....  Let's hope the little people wake up and realize who the real oppressors are and turn on them...no money coming their way and a criminal record might be a little clarifying. |app_73140336|2022-02-19 05:48:52.467|0|1|c46b8a76-6108-4a90-aa01-a4cb8d9fd730|article-cities-prepare-for-further-covid-19-protests-this-weekend.json|globemail
As a resident of Ottawa I am amazed that other municipal governments have had or have been able to give themselves legal authorities to deal with protesters whose primary approach has been to…violate numerous traffic and noise bylaws.  The City of Ottawa? Zilch. Nada.  Nothing.  Not even much issuing of tickets if you think about the official claims of how many have been issued relative to how many should have.  Instead, the City of Ottawa ends up crying out for legal authorities from Daddy Feds.  Why not, once you had enough police to enforce (likely far fewer after the first weekend than are now being used)  implement a curfew?  No ambiguity about whether one is violating a curfew, unlike whether one is peaceful or not.  Yes, of course, Ottawa should have not let them even get entrenched.  But, total city government  fail all around.  |Cliff Halliwell|2022-02-19 14:21:18.176|0|1|17bf927c-e805-4afc-886b-4e4a8226f17d|article-cities-prepare-for-further-covid-19-protests-this-weekend.json|globemail
I feel sorry for the police having to put up with these protesters. Watching the live news on TV they are showing remarkable methodical restraint in the face of what seems to be outright anarchism.|Trophyman|2022-02-19 04:40:22.667|0|1|184b1fd9-b4d3-4d5d-b8b5-5d3ecf3baf8c|article-cities-prepare-for-further-covid-19-protests-this-weekend.json|globemail
I’ve not seen a COVID headline in days.|kpare|2022-02-19 04:19:35.706|0|1|8a71886c-43fd-4a84-ae07-5b8fecc85caa|article-cities-prepare-for-further-covid-19-protests-this-weekend.json|globemail
Yep, initially not for the truckers at all, full vaxxwd/boosted, but when I saw how the elite political class/institutions treated these folks’ compared to the treatment of other recent protests and then went after them like they were ISIS, I garnered some sympathy for the truckers.  The champagne Liberals are tone deaf to the consideration of blue collar workers.   |Dolbydo2002|2022-02-19 15:16:52.384|1|1|fbc80f92-4176-4a53-bfb7-4106525e0259|article-cities-prepare-for-further-covid-19-protests-this-weekend.json|globemail
give it a rest.  Great people in Calgary.  Most were never born there.  Toronto, Montreal, all of Saskatchewan, Vancouver housing refugees, etc|hitslong|2022-02-19 06:38:42.068|1|1|2d4614a8-c2b3-4f70-8ea9-0a2b170dd6dd|article-cities-prepare-for-further-covid-19-protests-this-weekend.json|globemail
We are hearing nothing about the protests in Montreal (are there any ) ?  Maybe if the noise and pollution were the same as in Ottawa from the trucking fiasco the Quebec gov't would back the Emergency act and jump on board with Trudeau on this one.  I can't believe there is any debate at all in our House of Commons.  The Quebecois are sheltered by language which most truckers cannot speak so they don't go there and stage protests.    |Anne2301|2022-02-19 16:47:44.407|0|1|2155248f-3dc4-434b-8d6c-e058da7f9189|article-cities-prepare-for-further-covid-19-protests-this-weekend.json|globemail
And they will pay next election. |Rileyparker|2022-02-19 01:45:02.767|1|1|b0b66342-f18f-491f-8bc1-eb303a3bc094|article-cities-prepare-for-further-covid-19-protests-this-weekend.json|globemail
There is an unbridgeable divide between people protesting against a life-saving vaccine and the rest of us. Yes, a person's bodily integrity is protected by laws and the constitution but most of us are willing to surrender that right for the 20 seconds it takes to get a shot. Medical science trumps ignorance every time.|Jimbo5|2022-02-19 14:56:51.911|0|1|52085d66-6c78-44c9-addd-b1c1261eb4cf|article-cities-prepare-for-further-covid-19-protests-this-weekend.json|globemail
I especially look forward to Sohi imposing and enforcing masking mandates within Edmonton after provincial rules are removed March 01.  Now THAT would be something they could sell tickets to watch.   |ALBERTA FIRST CDN FEDERALIST|2022-02-19 14:54:27.647|0|0|1c7f1753-231f-4902-b14a-4127a111775e|article-cities-prepare-for-further-covid-19-protests-this-weekend.json|globemail
Maybe  he is  sewing patches for his supporters can wear?|Elllen|2022-02-19 19:38:44.213|1|0|08b6d7f4-e57f-4e56-853b-644eb51e2899|article-cities-prepare-for-further-covid-19-protests-this-weekend.json|globemail
The protestors focus on capital cities and there were indeed attempts in Quebec City.  But the police there like the police in Toronto (and Montreal) knew how to prepare so protestors couldn’t shut down traffic.  As for Québécois participation in Ottawa I’m sure I saw some fleur de lis flags on a few of the trucks.     |Huntsman57|2022-02-19 17:17:50.557|1|0|a3321602-23c2-41f9-b59c-e957b6c9a084|article-cities-prepare-for-further-covid-19-protests-this-weekend.json|globemail
Voting for Trudeau is the ultimate celebration of ignorance.  Think about it!  Everything that has come out of his mouth for the last 2 months is spin and lies.  Calling the protesters nazis, calling them violent - it is all lies. The last 5 years has been fiscal incompetency under his tax and spend and borrow tyranny.  The budget will balance itself will it?  Allowing lefty protesters to burn down 50 churches and tear down innumerable public property statues, unpunished.  Supremely ignorance.|Angus S Miskers|2022-02-20 11:38:04.040|1|0|5ef38b18-0794-4f2a-a226-fbb129314e85|article-cities-prepare-for-further-covid-19-protests-this-weekend.json|globemail
Oh baloney, get off your soapbox and try to appreciate the good things that this country provides. Starting with safety and security currently threatened by a small band of nutters.|Jimbo5|2022-02-19 15:07:39.784|1|0|402c7525-be38-4005-bb82-3f0df344fe03|article-cities-prepare-for-further-covid-19-protests-this-weekend.json|globemail
I think it is somewhat naive to think these protests are solely about being against life saving vaccines. The original protest started as a protest against mandates and has morphed into something completely different. But feel free to pile on.|HeavyJetCaptain|2022-02-19 16:28:40.689|1|0|d1ede82a-76b7-4130-bb09-0c4cb5bc44ab|article-cities-prepare-for-further-covid-19-protests-this-weekend.json|globemail
Amen.  However I fear that our country will not see the change we so desperately need.  Listening to the drivel being shovelled out on all national media, one might believe these protesters are terrorists.  We don't have any leaders left in this country.  This is why Justin and Jagmeet run rampage with our lives. |app_69802243|2022-02-19 15:10:27.557|1|0|b313f9ce-f703-415c-85f2-4e298fdd22b3|article-cities-prepare-for-further-covid-19-protests-this-weekend.json|globemail
If the tin foil hat fits....|Marilyn0|2022-02-19 14:48:33.946|0|0|a29bbc54-c938-478a-9809-7b69f605d602|article-cities-prepare-for-further-covid-19-protests-this-weekend.json|globemail
Justin sews in his spare time? |northerncrank|2022-02-19 16:34:59.643|1|0|a288569f-83fa-4a96-a4c3-e61a044230f4|article-cities-prepare-for-further-covid-19-protests-this-weekend.json|globemail
They didn’t get the mail..hard to deliver to a camper.|JOHN358|2022-02-19 17:10:31.374|1|0|ed125e5d-8706-4795-8cc8-86d63b7bdd6f|article-cities-prepare-for-further-covid-19-protests-this-weekend.json|globemail
You fail to grasp that a lot of the folks who agree with the protest and some who engage in it are fully vaxxed and were willing to put up with restrictions when they were brought in as a temporary measure in the face of dangerous covid variants.  What is frustrating right now is that the restrictions have been in place far too long, all the dangerous variants are gone and the rest of World realizes this scientific truth and have reduced or removed all restrictions but Trudeau and certain provinces have kept the 'show your papers' and mask mandates and border hassles in place to this day.  It's been 2 years of the miserable restrictions, the danger has passed and it is time to help encourage politicians to do the right thing and end all the unnecessary intrusions|Angus S Miskers|2022-02-20 11:34:00.137|1|0|8eedbd61-13f9-4018-af6e-fc67789f4610|article-cities-prepare-for-further-covid-19-protests-this-weekend.json|globemail
I keep asking the same question, it's like there is a segment of the population are living in another world. They don't trust MSM so their news comes from social media, Fox, or something along that line. Most of the mandates are either removed or will be in a couple of week across Canada and yet there they are screaming for freedom from mandates. Worst, these protesters in Ottawa are being lead by a bunch of far-right individuals/groups with zero interest in mandates and all about having Trudeau removed.|FinVE|2022-02-19 15:29:08.731|1|0|13cc4af1-37b6-41a4-84af-6ea47e67ce24|article-cities-prepare-for-further-covid-19-protests-this-weekend.json|globemail
I won’t address any broader question here.  Just the claim that this is a ‘peaceful protest’.  If I dislike your views and I parked my car in front of your driveway, preventing you from leaving or even going to earn a living, and honking my horn 24 hours a day for three weeks, is that ok?|Cliff Halliwell|2022-02-19 15:34:34.118|1|0|feb2503a-9134-4f79-a242-95e2625281b6|article-cities-prepare-for-further-covid-19-protests-this-weekend.json|globemail
Vaccine protests are a pretext for the political undercurrent of right wing extremism on display in Ottawa. The demonstrators can't articulate in any comprehensive way what they're doing and why. It seems to be an incomprehensible anger at every thing connected to a functioning society.|Jimbo5|2022-02-19 15:01:59.292|1|0|5712ebdf-93f3-410e-b44d-7b6adb27bcfe|article-cities-prepare-for-further-covid-19-protests-this-weekend.json|globemail
‘Has destroyed this country’s banking system’ ! Pray tell, how has he done that? |northerncrank|2022-02-19 16:33:43.974|1|0|89e4f614-bbaa-4670-a17f-3d2ad1c68d9d|article-cities-prepare-for-further-covid-19-protests-this-weekend.json|globemail
"They were likened to terrorists because they ARE terrorists. I supported their original aims when I naively thought it was just a ""convoy"" and a demonstration for a couple of days in Ottawa.  I like seeing freedom of speech and democracy in action. But, whether they were co-opted by other forces, or had evil on their minds from the get-go I don't know -- by day four they were terrorists and day 4-21 was a long string of failures by Sloly and Ford."|Chuck Blair|2022-02-20 14:01:43.472|1|0|e4d37b02-a133-4268-82e3-bf4bc166590b|article-cities-prepare-for-further-covid-19-protests-this-weekend.json|globemail
Absolutely.  Even includes the media. Yesterday the mounted police walked, not even trotted, into the crowd once.  Today CTV is referring to the mounted police ‘charge’.  Just nice and sensational.  |Cliff Halliwell|2022-02-19 15:22:29.990|1|0|36b4b23d-cbfd-4fc9-8a36-b28281fa8a22|article-cities-prepare-for-further-covid-19-protests-this-weekend.json|globemail
I'm a Canadian citizen and I view this radical expression of anger against authority as a form of urban terrorism.|Jimbo5|2022-02-19 15:05:15.156|1|0|354665f7-916e-4c47-9d6a-d3b13753e0ef|article-cities-prepare-for-further-covid-19-protests-this-weekend.json|globemail
The occupiers acted like they were above the law.  The Ottawa police seemed to be colluding with the protesters, until this week.  If the occupiers had not brought big trucks, tents and shacks to downtown Ottawa, but just marched around with signs, they would be permitted to protest.  However, the behaviour towards the downtown residents with the honking, diesel fumes and aggression towards mask wearers meant they needed to leave.  I checked out the Occupy MOU online before it was taken down.  The organizers are seditionists and deserve to go to jail.      |Sceptical1|2022-02-19 21:54:06.881|1|0|402fc51a-8cf4-4831-95f1-5d63523fe3b2|article-cities-prepare-for-further-covid-19-protests-this-weekend.json|globemail
It’s “ sow” Billy Bob..try and keep up.|JOHN358|2022-02-19 17:11:53.430|1|0|c32c1671-66f3-470f-b07b-62c65c8e57c7|article-cities-prepare-for-further-covid-19-protests-this-weekend.json|globemail
There's nothing lawful about this Jack. As the people currently being arrested in Ottawa are finding out.|Jimbo5|2022-02-19 15:13:53.007|1|0|cc512bfb-012d-44df-b947-6ef32c27d350|article-cities-prepare-for-further-covid-19-protests-this-weekend.json|globemail
Thank you to all the short fuse zealots who can’t take a ribbing from a PM that’s clearly got the charisma of a cockroach. If that’s what sets you off, you’ve got bigger problems. Grow up.|bretski__gretzky|2022-02-19 15:12:44.156|1|0|02ffe268-20ea-41a4-8345-3ab8d37c72a8|article-cities-prepare-for-further-covid-19-protests-this-weekend.json|globemail
It isn't rocket science.  Take initial steps as Toronto and City previously did and it will fizzle out.  Simple.|StuporDuck|2022-02-19 02:56:39.101|0|0|52a453be-30ed-4e1a-a4cf-ad8851c32925|article-cities-prepare-for-further-covid-19-protests-this-weekend.json|globemail
In ICU|WCG1997|2022-02-19 04:59:19.019|1|0|4517b526-a39b-4d0b-879f-ba81346e5aec|article-cities-prepare-for-further-covid-19-protests-this-weekend.json|globemail
That’s why there are great people in Calgary?  Thanks, I thought the locals were great.|Rod Sheridan|2022-02-19 13:17:34.841|1|0|14dea9e2-98ec-46be-a105-cb087b9a3079|article-cities-prepare-for-further-covid-19-protests-this-weekend.json|globemail
Rghto..the protesters can’t WAIT, to NOT vote!|JOHN358|2022-02-19 17:16:03.296|1|0|176aa9d0-70f2-4032-ba00-773d9fa523dc|article-cities-prepare-for-further-covid-19-protests-this-weekend.json|globemail
There's a photo of Candice Bergen wearing a hat that CLEARLY identifies which side she's on |Hibs4ever|2022-02-19 09:15:20.181|1|0|73a6b02a-5286-449e-84b6-aba47756f01b|article-cities-prepare-for-further-covid-19-protests-this-weekend.json|globemail
That’s right.  And we all know, given recent remarks from Canada’s AG, that being a Trump supporter is grounds for having your rights removed.  We should probably lock her up?!?|AddressNoFixed|2022-02-19 11:53:46.500|1|0|049c4cab-c248-485c-aa79-d2d5c07b7f7d|article-cities-prepare-for-further-covid-19-protests-this-weekend.json|globemail
Unfortunately the Conservatives have way too many of the pro-anti-vaxer types which is unfortunate. Unless the Con party is overhauled and the extremists kicked out  we'll be stuck with the Liberals through the next election....   Or even scarier, anti Liberal votes might elect an NDP government and then we'll truly be like a that metal fastener that you twist into wood to hold it together. |SCLEB|2022-02-19 13:12:56.301|1|0|b881eb8d-011e-4d30-a356-a7447e8deaf5|article-cities-prepare-for-further-covid-19-protests-this-weekend.json|globemail
When did Murphy run for office in Canada? |SCLEB|2022-02-19 13:14:14.190|1|0|da49d94a-46cd-4abd-b694-2118497fe1db|article-cities-prepare-for-further-covid-19-protests-this-weekend.json|globemail
au contraire...I VERY MUCH like getting a vaccination so that I dont die |Hibs4ever|2022-02-19 09:14:32.808|1|0|c2ba8efc-bb4f-4bb9-9665-0c4cc11494ae|article-cities-prepare-for-further-covid-19-protests-this-weekend.json|globemail
"""large numbers of people are rising up""  Right, and Donald Trump won the election  /s "|Alison_D|2022-02-19 06:09:10.383|1|0|2bf497ed-1d94-4dac-b6f9-19bd55f3f2f6|article-cities-prepare-for-further-covid-19-protests-this-weekend.json|globemail
Nothing peaceful about harassing people who chose to wear masks, blocking access to businesses and honking non-stop 24h.|uchu|2022-02-19 01:16:52.375|1|0|0d69a2fc-f34a-44c2-94b0-69be66d7ab73|article-cities-prepare-for-further-covid-19-protests-this-weekend.json|globemail
"old taxpayer writes: ""If you burn some churches and destroy statues Justin's crony Marc Miller will give you $40 billion of taxpayers' money.""  So you believe the same ones that burnt the churches got the money for shortcomings in child welfare.  Is that because you think all first nations people look alike?"|Alceste|2022-02-19 01:29:27.835|1|0|2c609617-52ee-4c70-852e-b80014efe5cd|article-cities-prepare-for-further-covid-19-protests-this-weekend.json|globemail
old taxpayer:  Maybe some of the Ottawa protesters were peaceful but a good percentage(likely the majority) made Ottawa resident's lives miserable and caused considerable police resources to clear them.  In my view, your second sentence is more accurate.  There obviously IS a two tier justice system in Canada(which is explouited gleefully) and Minister Miller IS an apologist for any errant behaviour exhibited.|StuporDuck|2022-02-19 11:39:01.365|1|0|72a97e37-4794-4707-80c9-81bf33c40085|article-cities-prepare-for-further-covid-19-protests-this-weekend.json|globemail
The wing nuts just don't get it.    Back into town with their jelopies and flags.  Stay home and go away!|Kothar|2022-02-19 01:42:57.676|0|0|8cfb2474-13c1-4a19-b0bf-bae0e7fa3c91|article-cities-prepare-for-further-covid-19-protests-this-weekend.json|globemail
I am not really looking for them, but it’s been weeks in my opinion. At least 3.  |AddressNoFixed|2022-02-19 11:55:20.697|1|0|3bbc7cb8-c004-46cd-9d7d-03735c442f7d|article-cities-prepare-for-further-covid-19-protests-this-weekend.json|globemail
Unfortunately he didn't sew anything.  If only he had sewn his mouth shut instead of inflaming the issue. |app_69802243|2022-02-19 15:12:01.511|1|0|486bc635-fb1a-4879-a320-2b4cf19ccf41|article-cities-prepare-for-further-covid-19-protests-this-weekend.json|globemail
Hilarious … it’s been far from anarchism ..even hand shanking and hugs in some instances   https://twitter.com/radiogenova/status/1493587546550542338?s=21  however most would not know this ..  https://twitter.com/cancivlib/status/1494700995024150535?s=21 |Dcdc4|2022-02-19 17:34:21.268|1|0|28ad1bac-5e5f-4801-9106-8eec217598df|article-cities-prepare-for-further-covid-19-protests-this-weekend.json|globemail
Using the children as pawns was smart and cowardly.|doctor crs|2022-02-19 13:26:54.891|1|0|44c1bc02-33fa-447d-8496-1917a3b9a25b|article-cities-prepare-for-further-covid-19-protests-this-weekend.json|globemail
"Great picture of the guy wearing the tinfoil hat in front of the police line.  He may think he's mocking his detractors but that look on his face as he's glancing back at his fellow ""protesters"" says it all:  ""... c'mon guys, I'm not afraid to admit that I'm a lunatic. Grab some silver-paper and join me."""|Allan19531|2022-02-19 05:55:47.652|0|0|5df804fd-78bb-4f44-8d1a-ee71aa4407d3|article-cities-prepare-for-further-covid-19-protests-this-weekend.json|globemail
Why do you think that?|Brucester0|2022-02-19 09:55:28.328|1|0|80cfceb4-df48-40e7-b5ab-1ff05328c06e|article-cities-prepare-for-further-covid-19-protests-this-weekend.json|globemail
A bigger liability to the country, I hate to think what kind of war zone we live in if he's around for 2 or 3 more years.|yyc2017|2022-02-19 13:06:58.477|1|0|db1620b9-1b50-4d9b-b630-ae1d05cc3419|article-cities-prepare-for-further-covid-19-protests-this-weekend.json|globemail
"I agree, Checkers4.  People don't appear to understand that this was never really about vaccine mandates, but that the truckers had been used as tools by a very far-right agenda with a lot of support coming from the U.S.  That's what is scary.  Simplifying this as a ""peaceful"" protest (it was not in Ottawa or Coutts) misses a much more important point not to mention the racist, homophobic actions by a lot of Ottawa protesters."|Marilyn0|2022-02-19 14:55:05.065|1|0|6d5888df-68e5-4ff0-8109-985de3d68b19|article-cities-prepare-for-further-covid-19-protests-this-weekend.json|globemail
I guess there are plenty of people in China who are proud of their dear leader too, of like mind to yourself.|Angus S Miskers|2022-02-20 11:42:39.394|1|0|2a8b1cd6-974b-40d4-ad14-34bd1fed3d81|article-cities-prepare-for-further-covid-19-protests-this-weekend.json|globemail
Most Canadians thought our govt's were not aggressive enough. Personally once some of the protesters started to act inappropriately,  I thought the govt. had an excuse to hit them hard. I had a vision of some tanks rolling down the roads with turrets pointed at the protesters. Now that would have been very Russian/ Chinese of our govt.|doctor crs|2022-02-19 13:54:24.611|1|0|7dbae8bb-1063-42d0-a906-fbdbc6dd619d|article-cities-prepare-for-further-covid-19-protests-this-weekend.json|globemail
Well then are they also confiscating the property of obstructionist protesters here in BC for the last several years???  These protests have been repeatedly violent, and just yesterday the lefty terrorists destroyed a million dollars in private property.   Justin did NOTHING about it for years and still does nothing.  He certainly never confiscated as much as a toque from those violent lefty protesters heads.|Angus S Miskers|2022-02-20 11:41:50.824|1|0|20fd4de6-92f7-4055-9fe7-79748f7c8045|article-cities-prepare-for-further-covid-19-protests-this-weekend.json|globemail
Ok..your taxes will go up, to build venues for illegal demonstrations that are “ accessible “.|JOHN358|2022-02-19 17:14:01.156|1|0|f81c60e8-cd3b-49f7-b53f-7efc13d17e51|article-cities-prepare-for-further-covid-19-protests-this-weekend.json|globemail
True, however that’s not what is happening, in Toronto the protestors are welcome to walk or take the TTC downtown and protest all they want.  What they aren’t allowed to do is block roads or access to hospitals and buildings, or bring a vehicle to the protest   We have had weeks of protest in Toronto without any brute force.|Rod Sheridan|2022-02-19 13:14:14.916|1|0|9c22e585-fc4e-4d32-9a8b-fe1ce93202c8|article-cities-prepare-for-further-covid-19-protests-this-weekend.json|globemail
As the restrictions ease, the truckers , protesters et al, continue to complain about restrictions etc. Am I missing something here?? This tells me that this is not simply about restrictions. If so the protests would have ended.  With the world on the brink of a major war, we still get to hear about these selfish, inconsiderate protesters. I guess it is good to take our minds off something that is truly relevant.|doctor crs|2022-02-19 13:32:17.662|0|0|7ee84a94-01e1-4649-af34-2285f9d198c4|article-cities-prepare-for-further-covid-19-protests-this-weekend.json|globemail
It's not the country Jack. The vast majority of us are gob smacked about how stupid this whole protest is grabbing more attention then it deserves.|Jimbo5|2022-02-19 15:10:22.130|1|0|d2f94d42-3160-4efb-ab36-790ca3463914|article-cities-prepare-for-further-covid-19-protests-this-weekend.json|globemail
"Listening to Murray Faulkner, ex-police chief of London, on CBC.  He says and I quote, ""Canadians have developed a certain amount of smugness"", or ""anyone who thinks this is different from the Jan 6 insurrection at the US Senate, this is exactly the same"".  People need to open their eyes.  Trudeau and his cabal cabinet and law enforcers who like to kiss the ring will stoop to any low, openly lie, make provocative statements, all in an attempt to control the lives of ordinary citizens. "|app_69802243|2022-02-19 19:41:42.522|0|0|cb621b72-2635-4410-9393-1a7d63891254|article-cities-prepare-for-further-covid-19-protests-this-weekend.json|globemail
