﻿comment|username|datetime|isreply|num_replies|comment_ids|post_id|label
The truckers can't go home as they have been denied their incomes. They need to stay and fight for their constitutional rights to earn an income and mobility.|DunkSib|2022-02-07 11:22:24.048|0|4|91ea4d62-21dc-4a33-bfb5-e5347cdc508f|article-ottawa-business-groups-call-on-governments-to-provide-financial.json|globemail
Meeting them is not bowing, and, that should have been done on Day 3 or 4 when everyone saw this for what it was.  Biggest protest in Canadian history and the Canadian PM has not been seen from or heard from, don't care what political side you take, that's just weird, strange and will only hurt him.|Billg8|2022-02-07 13:15:45.928|1|3|acbb44b1-beb4-4960-966b-e83e83bec1c9|article-ottawa-business-groups-call-on-governments-to-provide-financial.json|globemail
I'm tired of this global pandemic but understand the need for restrictions. I'm not selfish thinking this is only about me and making life miserable for other Canadians. We're so close but this isn't about covid restrictions, it's about the hate of trudeau...the leader of wexit, Tich, started the GFM and is hoghly funded by Americans. |Cailín|2022-02-07 13:16:23.994|1|3|3278abc5-cdf9-4781-b184-99fef1335396|article-ottawa-business-groups-call-on-governments-to-provide-financial.json|globemail
Few truckers at the protests are denied work as either domestic or international haulers ... most are farmers, businesses and people who are tired of the pandemic like the rest of us and are protesting for nothing to do with income denial.  If you said it was retail workers or specifically impacted food sector workers then I might buy some legitimacy to your argument.  The time line facts to this protest movement is that it is a right wing motivated event to establish social/separatist divide and shift CPC/PPC further right.|Brucester0|2022-02-07 12:56:14.653|1|2|ab9e7351-bfca-4c03-87b4-1888445b38e3|article-ottawa-business-groups-call-on-governments-to-provide-financial.json|globemail
"Brucestar0:  I think you are correct, but, what you said at the end is how the next election will unfold.  This movement is Canada wide now, it has not unfolded as the PM hoped, it is about an individual's Charter Rights and the Freedoms that have been removed from the individual, and, as you said ""it's right wing motivated"", as in, the right will fight for those rights and the left will not.  Elections normally morph into things no one expected, what better way for the Right to set the election platform on their terms, individual rights and freedoms.  It's all a shell game but when you only need 38% of the vote to form a majority in this country its not something the Liberals or the NDP should wave off as ""fringe""."|Billg8|2022-02-07 13:04:37.580|1|2|b802d5bb-1546-4fb8-8ef7-04112f6fd2f1|article-ottawa-business-groups-call-on-governments-to-provide-financial.json|globemail
How about redirect the $10M held back from GoFundMe to the businesses that have been impacted by this illegal encampment?|Anne324|2022-02-07 22:58:04.759|0|2|03a9d3a3-183c-489e-a052-887e7528583d|article-ottawa-business-groups-call-on-governments-to-provide-financial.json|globemail
Prime Minister and Minister of Everything should come out of hiding and reroute the chunk of $120 million they promised to Ukraine to the Ottawa business community to Make Ottawa Great Again. It would be even better if the Highnesses would manage to hear the protesters. This protest is purely political and should be resolved by the politicians, not by the police or military.|Ottawa Old Geezer|2022-02-07 12:31:07.335|0|2|a3b8734d-8d6a-47b6-9753-fcdbdee9f9a5|article-ottawa-business-groups-call-on-governments-to-provide-financial.json|globemail
Absolutely give them assistance.   The Qanon Christians are supporting the low lifes.  |Laugher|2022-02-07 02:25:24.892|0|1|dcb24f2c-f13d-4ec4-b46b-9c113c4021f6|article-ottawa-business-groups-call-on-governments-to-provide-financial.json|globemail
The 'Convoy of Fools' has had their holiday and wasted enough diesel fuel.  Time to go home and earn a living!|bwana4swahili|2022-02-07 18:52:20.766|0|1|7ac4489f-a551-49f8-8a0a-4c645668c2b6|article-ottawa-business-groups-call-on-governments-to-provide-financial.json|globemail
If people can find time to spend nine or ten days blocking traffic and blowing truck horns you have to wonder how fulfilling the rest of their lives are.  They are insisting it is their democratic right that the huge majority of people who disagree with them should nevertheless do what they say.  You have to wonder if they are serious or just amusing themselves at public expense.|ianinbc|2022-02-07 13:14:11.550|0|1|15a72ae3-8aa3-48d0-b8d3-8d3248c7b693|article-ottawa-business-groups-call-on-governments-to-provide-financial.json|globemail
There are no low lives.  Nice people, some of whom have views different from your leftist collectivism mentality.  Try talking to them instead of resorting to insults.|Alan121|2022-02-07 14:41:12.038|1|1|9c1b6bb4-9004-43ac-bd39-2571e80c676f|article-ottawa-business-groups-call-on-governments-to-provide-financial.json|globemail
You know very well trudeau is not in hiding. Under no circumstance should any PM bow to protestors, ever!   Can you imagine the impact?  I didn't think so. Given you know this protest is politicial you can now understand why GFM stopped donations and returning the money...they do not support political protests or uprisings...I'm sure all protestors appreciate the clarification Old Geezer|Cailín|2022-02-07 13:11:35.407|1|1|1aeed97f-9dbc-4139-a004-8eef3804971e|article-ottawa-business-groups-call-on-governments-to-provide-financial.json|globemail
"Absolutely not!  Business organizations in downtown Ottawa are calling on governments to roll out monetary support for businesses that have been forced to shut down during a week of protests against COVID-19 measures, demonstrations that show no signs of abating.  Not a single business has been ""forced"" to close. They closed voluntarily.  Those that remained open in the area are doing gangbuster business.  So drop the entitled Ivory Tower mentality and re-open. "|CookeV|2022-02-07 13:12:49.596|0|1|c0429b4d-2339-4f8c-a9dd-7b9b1b8d473f|article-ottawa-business-groups-call-on-governments-to-provide-financial.json|globemail
The leaders of the protest will have to foot the bill, not the federal or provincial governments.|salontario|2022-02-08 02:31:20.336|0|1|0810bb83-9e2c-4bc2-b89a-f550a9dd2204|article-ottawa-business-groups-call-on-governments-to-provide-financial.json|globemail
Very true.  There has been no need to shutter any business in downtown Ottawa up to this point.|Alan121|2022-02-07 14:34:03.942|1|0|c866e4a1-ef1d-406b-8698-069a35b9d532|article-ottawa-business-groups-call-on-governments-to-provide-financial.json|globemail
Having been to downtown Ottawa during the protests, very few businesses, if any, needed to close as everything is peaceful and quite civilized.  Compensation isn't warranted, at least not on a large scale.|Alan121|2022-02-07 14:31:27.949|0|0|9acfdec4-225c-4405-9734-e8958f3edcd7|article-ottawa-business-groups-call-on-governments-to-provide-financial.json|globemail
Ottawa business groups have enjoyed the gravy flowing down hill from Parliament Hill for decades.  Ten days of lean gravy-tough sledding.  Zero sympathy.  Meet the realities faced by business groups across Canada for periods much longer  than 10 days.   The Trough of Canada|BC Thoughts|2022-02-07 14:23:27.270|0|0|0d36a7c9-50fa-42cc-bb84-19e9efea2148|article-ottawa-business-groups-call-on-governments-to-provide-financial.json|globemail
"Survey Question: ""Would you like free money from the Government?"""|DonnaF2|2022-02-07 21:35:52.868|0|0|995899bf-8407-4f08-9fab-f5db4184bf9c|article-ottawa-business-groups-call-on-governments-to-provide-financial.json|globemail
You can always spot a Socialist. They have no problem with Theft.   |Canada allan1|2022-02-08 12:20:39.404|1|0|dcf62203-6690-4983-8587-66ebae738c0b|article-ottawa-business-groups-call-on-governments-to-provide-financial.json|globemail
Not a bad idea if done properly. A lien.  And Canada allan1 - liens aren't the least bit socialist.|Alceste|2022-02-08 23:17:49.856|1|0|166be3cf-6505-4643-98dc-4da2b36c3799|article-ottawa-business-groups-call-on-governments-to-provide-financial.json|globemail
"""monetary support for businesses that have been forced to shut down during a week of protests against COVID-19 measures, demonstrations that show no signs of abating""  Add that to the astronomical cost of caring for the unvaccinated in hospital and the $800,000 a day bill to police this so-called protest in Ottawa and in other Canadian locations, to taxpayers.  Remind me, who are the elite?   "|Alison_D|2022-02-07 13:41:08.681|0|0|ffb1ebf5-99f2-4b7e-9e5e-3055c2060841|article-ottawa-business-groups-call-on-governments-to-provide-financial.json|globemail
Yes, they are serious and voicing valid concerns of many Canadians.  Bravo how restrained and peaceful this has been!|Alan121|2022-02-07 14:33:00.771|1|0|8cd95e4f-d0e4-4b13-be99-4d4ca431a963|article-ottawa-business-groups-call-on-governments-to-provide-financial.json|globemail
How?|Mr. Yellin|2022-02-08 11:53:28.384|1|0|50c08004-909b-42f7-bc61-483309d32f87|article-ottawa-business-groups-call-on-governments-to-provide-financial.json|globemail
If people can find time to spend nine or ten days blocking traffic and blowing truck horns you have to wonder how fulfilling the rest of their lives are.  They are insisting it is their democratic right that the huge majority of people who disagree with them should nevertheless do what they say.  You have to wonder if they are serious or just amusing themselves at public expense.|ianinbc|2022-02-07 13:14:07.276|0|0|359667f6-36f8-46d1-9322-13fbfb38e2d0|article-ottawa-business-groups-call-on-governments-to-provide-financial.json|globemail
Collecting pandemic payments I bet|Mr. Yellin|2022-02-08 11:53:56.691|1|0|0e2b4837-16a6-45e4-b174-37926b111980|article-ottawa-business-groups-call-on-governments-to-provide-financial.json|globemail
They are demanding their concerns be heard.  The PM is a coward.|Alan121|2022-02-07 14:35:32.289|1|0|a91b4f9d-45d8-469b-a544-9705f5fdb8d4|article-ottawa-business-groups-call-on-governments-to-provide-financial.json|globemail
File a class action suit against the truckers for retail closure and harassment damages ....|Brucester0|2022-02-07 12:49:43.988|0|0|e6376025-2ac8-4546-8dd4-debe8daad4bd|article-ottawa-business-groups-call-on-governments-to-provide-financial.json|globemail
"The PM is not responsible for Ottawa, Doug Ford is. That's the reason his minister of finance spoke earlier abut financing, although he didn't say anything definitive about it.  Ford is behind a glass speaking, but how many truckers are watching TV. He ""God Bless them, I'm frustrated too"" on the radio, then told them to go home on TV. What is that? "|Flippintheswitch|2022-02-07 14:32:55.265|1|0|8567bc91-c537-42cb-a314-0de414460a14|article-ottawa-business-groups-call-on-governments-to-provide-financial.json|globemail
What do you think the PM should say to them? Again, it is Ford who should speak to protestors. Ottawa is his jurisdiction. It would be inappropriate for the PM to override a premier's position of any province. |Flippintheswitch|2022-02-07 14:35:55.963|1|0|3b2660ad-3f85-4653-88c1-319d8d2719eb|article-ottawa-business-groups-call-on-governments-to-provide-financial.json|globemail
It is not appropriate for the PM to meet with protest organizers who are demanding dissolution of govt. |Brucester0|2022-02-07 13:30:09.044|1|0|98becb00-f21b-42a6-855a-2c1f55311550|article-ottawa-business-groups-call-on-governments-to-provide-financial.json|globemail
"If they believe their ""constitutional rights"" have been denied, there are plenty of lawyers ready to take their money or even handle their case for free.  So far, all such cases have lost - a good hint that their constitutional rights aren't actually being denied.  And massively violating the Criminal Code by blocking highways is not the way to try to gain ""rights."""|Alceste|2022-02-08 23:22:35.483|1|0|5365e84a-762d-4764-b7b3-d31195f6a4c4|article-ottawa-business-groups-call-on-governments-to-provide-financial.json|globemail
What a line of bull!  Vaccinated truckers are in high demand and have no problem earning a good living!!|bwana4swahili|2022-02-07 18:56:34.574|1|0|f5ac5ecc-89ce-4ea7-a77f-744ad3600f91|article-ottawa-business-groups-call-on-governments-to-provide-financial.json|globemail
Denied income?  From their employers?   THey are NOT denided the right to earn an income and mobilitym, the constitution does NOT include entering the USA freely!   The USA does not permit them to enter...their country, their laws!    |Cailín|2022-02-07 13:14:28.536|1|0|59ca0e7f-87c2-4915-9519-f35f08f7385e|article-ottawa-business-groups-call-on-governments-to-provide-financial.json|globemail
Because the original target were Federal Mandates and not provincial, then it morphed into freedoms and Charter Rights, and that is Federal as well, then, the PM said what he said and after he said it this turned into an Anti-Trudeau rally, then it gained support all over Canada with most major TV News outlets in the world carrying it.  Nothing ever goes as planned and this may just end up with Pierre Poilievre as our next PM, all this because the PM and his staff refused to believe what they were seeing was really happening. |Billg8|2022-02-07 15:42:43.885|1|0|7b762370-6125-4bd0-8c4a-8eec37668f60|article-ottawa-business-groups-call-on-governments-to-provide-financial.json|globemail
Yes to most of what you say but and here is the big but, you are showing the fact that most of the issues you are protesting against are Provincial. Ergo, why is the protest not more focused on Toronto than here in Ottawa?|Thain Property Management Ltd|2022-02-07 14:31:28.065|1|0|2f3f182a-20c0-4f3d-9888-64ec2808386c|article-ottawa-business-groups-call-on-governments-to-provide-financial.json|globemail
"Cailin:  I respectfully think you've missed the point.  There were no objections to restrictions at first, the unvaxxed were isolated and basically took their punishment, then, as the virus changed and being unvaxxed was no longer an issue the restrictions did not change.  During the course of the last few years we've seen children refused sports and schools while pro hockey teams received ""special status"", we've seen a small business fined for opening while Costco received ""special status"", at the very same time the massive BLM rally was taking place children's playground were closed off with yellow police tape. I could go on and on and much of this is provincial, but, eventually there would be a tipping point, that unless something drastic was done govt's would feel embolden to do whatever they wanted to.  The vaccine passport we all have now will be no longer required in a few weeks or months, we all know that now, so why the refusal of the PM to just meet and talk, could have been day 3 or day 4 but, a meeting with them with some photo's and he wins an easy re-election and the Con's chase their tail, now, poof, that's all gone."|Billg8|2022-02-07 13:34:43.471|1|0|53820967-c3a9-4520-a7bc-c5c80e85e631|article-ottawa-business-groups-call-on-governments-to-provide-financial.json|globemail
What right has been removed?|C_williams 1|2022-02-07 23:17:17.981|1|0|a5692e4a-5ee4-47bf-a83b-0c8558ebfba3|article-ottawa-business-groups-call-on-governments-to-provide-financial.json|globemail
I do share that concern.  |Brucester0|2022-02-07 13:15:20.675|1|0|2e7d0aeb-5636-4354-93d1-fdd6cc7f3617|article-ottawa-business-groups-call-on-governments-to-provide-financial.json|globemail
Tell them to phone their CPC MPs. They invited them.   Candice Bergen asked them to stay and cause trouble for Trudeau. |The Last Honest Conservative|2022-02-07 03:42:04.483|0|0|1ba270f0-3db3-4bde-8e5a-05044f0355e3|article-ottawa-business-groups-call-on-governments-to-provide-financial.json|globemail
"First Alan121 says the original poster has a ""leftist collectivism mentality.""  Then he lectures him about ""resorting to insults.""  I hear a ""whoosh."""|Alceste|2022-02-08 23:24:40.930|1|0|158c6149-b901-425b-ada4-58cb73b2e975|article-ottawa-business-groups-call-on-governments-to-provide-financial.json|globemail
Why not?  Those protesting are probably collecting government dole.|Mr. Yellin|2022-02-08 11:53:18.761|0|0|25c37507-a675-4ee8-8c07-b82da1d10701|article-ottawa-business-groups-call-on-governments-to-provide-financial.json|globemail
