﻿comment|username|datetime|isreply|num_replies|comment_ids|post_id|label
The global Covid pandemic appears to be in the decline stage. First our government talked about Herd Immunity. At 90% vaccinated we should be safely there. The Federal government used vaccination as a wedge issue to win the last election; some of the Provinces picked up that ball and ran with it too. It was not ethically right to demonize the unvaccinated, but Provinces and the Liberals took that road.  We have a Charter of Rights and Freedoms and a Privacy Act. While not 100%  Absolute, a persons' Medical History is Private, between the individual and their Doctor. Possibly being in a Pandemic made the hard edges of those rights a bit murky. The Leader of our Federal government would know these rules; yet he verbally attacked people using extremely derogatory language.   Both the Federal government and my Provincial government of Quebec have broken the Social Contract with me: they were dishonest. I am a double vaccinated Senior. I will not be getting a third booster because I am not interested. |app_72733276|2022-02-20 03:08:33.055|0|5|4a79f01a-1c99-489e-9f59-6ee9e9b5e82b|article-canadas-unvaccinated-not-always-who-you-think-they-are.json|globemail
"""Canada’s unvaccinated not always who you think they are""  That sounds like a confession by the mainstream media, indeed reading between the lines it sounds a bit like the journalism industry saying this:  ""Oops, we may have been telling you several times a day for the past two weeks that the unvaccinated are ultra-far-right white dangerous swastika-waving ignorant and deluded failures at being parents, so please let us give you here this one little article to provide a bit of balance..."""|Doctor Demento|2022-02-19 18:23:33.548|0|4|fcd52abe-43bd-4c6d-9690-69fb76f0ee46|article-canadas-unvaccinated-not-always-who-you-think-they-are.json|globemail
Easily solved. Immigrants must speak one of French or English. Vaccination is mandatory to enter Canada. Proof of vaccination required to maintain residency status.  Tired of so many lives in upheaval because of a small minority. Enougj.|Cat150|2022-02-20 12:48:35.638|0|4|6273ff1a-8092-43fb-9468-a502d353a055|article-canadas-unvaccinated-not-always-who-you-think-they-are.json|globemail
It’s been pretty clear for a while masks are worthless. Your analogy is very loose. And, don’t worry, my uncle died over France and my father in law was a DDay vet. |Cuevas|2022-02-20 14:28:53.305|1|4|384b80bb-4771-426d-87e3-a264ac608c81|article-canadas-unvaccinated-not-always-who-you-think-they-are.json|globemail
The article does not mention the other people who refuse to get vaccinated.  They are not just people on the Right or new Canadians.  The unvaxxed that I know have some or all of the following attributes:  natural health advocates environmentalists vegans many are 20-40 years of age easily influenced by the health/ life coach gurus as seen on Oprah some male but most are female they live in every region of Canada do not trust the government do not trust physicians/healthcare system ideology is on the Left vote Liberal, NDP, or Green    |ThinkAboutIt42|2022-02-20 17:56:36.229|0|4|975eed88-e419-4981-92f8-53adb8acc886|article-canadas-unvaccinated-not-always-who-you-think-they-are.json|globemail
Skepticism over vaccines is a symptom over two much larger problems.  1. Too many people do not trust the governments across Canada.   2. We allow media streams that sow disinformation to go unchecked.   Ethics. Ethics. Ethics. Accountability. Accountability. Accountability. We need governments and media driven by ethics and held to account when they do not behave ethically.   Even Tamara Lich and her husband might well have been saved form the nonsense that has filled their heads for so many years. It is painfully obvious that they are just ignorant fools who might well have rolled up their sleeves if only they trusted government and did not live on a steady diet of lies. |Lisa Weber|2022-02-20 12:05:49.624|0|4|2fed2d47-4b82-4ec2-a21e-37a877eeb6b7|article-canadas-unvaccinated-not-always-who-you-think-they-are.json|globemail
We know exactly who the anti-vaxxers are here thank you very much, because they swagger around without masks and scream at staff in stores who ask them to put one on. Then they bully their way around the store glaring at everyone and then take off in their truck with their tires squealing.  The immigrants on the other hand, want the vaccine, wear a mask and their kids are all in school to be doctors.  Maybe it depends on where in this country you live. |app_73140336|2022-02-20 05:56:49.210|0|4|7c95b105-1c1f-4f40-a664-600327ce7827|article-canadas-unvaccinated-not-always-who-you-think-they-are.json|globemail
Being unvaccinated is not a smart health decision. But so is drinking, smoking, being overweight, not exercising, driving fast etc. I believe that these choices put a much a higher cumulative burden on our healthcare system than unvaccinated people ever will. Why the witch-hunt for the unvaxed?|LM21|2022-02-20 15:42:22.728|0|4|e2e506f0-8e49-449d-8b47-39699294e536|article-canadas-unvaccinated-not-always-who-you-think-they-are.json|globemail
No need to vax everybody, just the majority.  The divisive politics that divides black against whites, vaccinated against unvaccinated and masked against unmasked is OVER !!!   Our fascist PM has caused untold harm to this country and made us a international mockery.   Change will come…..  |Rochdale68|2022-02-20 23:24:29.332|1|3|9fb72d9d-0374-4e7d-b3c9-3c7ff4925502|article-canadas-unvaccinated-not-always-who-you-think-they-are.json|globemail
"I suspect Canada's eventual Social Credit System will take care of that, and systematically penalize those who don't make the ""right"" life choices. It's working so well in China, after all, a country that Trudeau has admitted he has a certain fondness for. "|Paperboy81|2022-02-20 16:12:18.156|1|3|21ce7422-bfc6-4f6d-a14f-db965c097887|article-canadas-unvaccinated-not-always-who-you-think-they-are.json|globemail
"Most of the commenters here appear to agree on one thing: no person has the right to make their own health decisions. The right to penetrate your body to administer whatever is recommended by government belongs to the state, and individuals should have NO say in this. Anyone who tries to choose otherwise should be coerced, shamed and pursued doggedly until they surrender. Your skin is not your own personal barrier, it too belongs to the state and every time the state penetrates another arm it is ""a victory"".   Ignore the way the rest of the world is proceeding out of this - that is irrelevant. Keep reminding yourselves that you and everyone you know is probably going to die from covid if you don't get more boosters, because the truth is that you are not a healthy human being. You do not have a functioning immune system. Regardless of your age and how good you think you feel, all you really can count on is the government. Do what you are told.  "|Sound Barkley|2022-02-20 17:02:02.439|0|3|f6deff34-44d0-41d3-8d2c-e73be687751e|article-canadas-unvaccinated-not-always-who-you-think-they-are.json|globemail
Well maybe not, a quick look at Alberta’s data is very clear about who’s vax’d and who isn’t.  Areas with large  immigrant populations, say, NE calgary, are almost 100 vaccinated on eligible people, same goes for wealthy urban areas.  Rural municipalities linger down near 50% or less. So why is that? Thats who’re filling the ICU’s in the cities.  I think a big issue is that people in urban areas just “know” more people, almost everyone I know has a relative or friend who has either died or ended up ventilated.  I suspect those living in rural areas don’t get the same exposure, And some die without ever getting tested. Add in the government not really trying too hard in the rural areas and we have an issue.|arctic parrot|2022-02-20 01:51:45.324|0|3|99ae151a-9ec4-417e-b16a-100213b94189|article-canadas-unvaccinated-not-always-who-you-think-they-are.json|globemail
Because the rest of us suffer lockdowns to protect them and the health system they are disproportionately using.  But I do feel we will never get to 100 percent and need strategies to mitigate and manage the risks without simply saying we can't open up until we reach the uanmageable.  90 percent is actually pretty impressive if we stop and think about it.  It is my feeling we might have got further if the Emporer didn't try to use this as an election wedge.|THX138|2022-02-20 15:51:06.987|1|3|ee0fd52a-ede9-44f7-bb72-3205804e564b|article-canadas-unvaccinated-not-always-who-you-think-they-are.json|globemail
Sounds like they're not all white supremist, racist, misogynists. Never woulda thought. |Sandilou|2022-02-20 00:57:19.019|0|2|5e2f447b-2246-4ff7-a551-9d8b7edcaf06|article-canadas-unvaccinated-not-always-who-you-think-they-are.json|globemail
That is inaccurate. We have no idea what % of unvaccinated people that got covid ended up in the hospital but that number would likely be lower than 5% and way less than 5% of vaxxed people were hospitalized.   |tinman1957|2022-02-20 21:00:50.260|1|2|478521a6-9470-4aa6-b2c9-8932eb73b122|article-canadas-unvaccinated-not-always-who-you-think-they-are.json|globemail
I’m sure app fully understands the context but at least you didn’t say he was endangering everyone else. |Cuevas|2022-02-20 14:34:43.032|1|2|75e45789-36a4-433e-9983-5b15186081b8|article-canadas-unvaccinated-not-always-who-you-think-they-are.json|globemail
Every time I mention vaccine apartheid the usual left wing zealots chime in and attempt to shoot down the narrative because it offends their sensibilities that they are behaving in a racist manner. These same people were unusually vocal during the BLM riots errrrr, mostly peaceful protests across the U.S. championing their cause, quoting their leaders saying their demands must be met.  However? In NYC and other cities with vaccine passports the chapters of BLM call those draconian measures vaccine apartheid. So which is it? Are you a BLM supporter or a blatant racist? Maybe you only believe in helping POC when their plight agrees with your woke pilgrimage. |Jack Chiavarini|2022-02-20 17:28:01.817|0|2|532af3b8-6c3e-45a8-b521-89f3566d3c6f|article-canadas-unvaccinated-not-always-who-you-think-they-are.json|globemail
Uneducated or new to Canada....|stockpicker55|2022-02-19 20:38:14.214|0|2|7d83e77f-89f3-4dc5-bc2b-3217ff6b3e23|article-canadas-unvaccinated-not-always-who-you-think-they-are.json|globemail
But, but, but Trudeau says they are all racists and misogynists? How can this be?|Mom'sMoney|2022-02-20 21:18:35.547|0|2|9e4e7c3c-d0cf-4212-9bd8-2a48587b959e|article-canadas-unvaccinated-not-always-who-you-think-they-are.json|globemail
"""but left enough unprotected to fill up hospitals – lessons are timely."" ??? One thing the MSM can do in these times of CoVid crisis is use some facts to support sweeping generalization. Four of our close family members have come down with Omicron. Sorry tested positive. All but one was fully vaccinated and the other a child of 3. None had more than a sniffle. All followed protocols to the limit. Some fully exposed to family members with CoVid, did not test positive ever. The rest of us probably may have tested positive but had no symptoms. Why would you go get a test if you are not sick? Even if you are fully vaccinated you are still a carrier and spreader. The folks I know who are anti-vaxxers include: a dental hygienist, a postal delivery person and a retired golf course member. All are as fully informed as anyone else. Some more so. More than half of the hospital cases, I hear, are in fact fully vaccinated. Hence MSM has stopped reporting those numbers? "|Edward161|2022-02-20 16:41:35.373|0|2|0cafa1ea-fb2a-4ca0-8887-7024f8bc1a04|article-canadas-unvaccinated-not-always-who-you-think-they-are.json|globemail
We have met our objective of vaccinating more than enough people. Its over and is nothing more than divisive politics at this point.   The world is opening !!!|Rochdale68|2022-02-20 23:30:55.651|1|2|e50eb146-289a-46ff-8925-7efdb4057f2d|article-canadas-unvaccinated-not-always-who-you-think-they-are.json|globemail
The proper teminology is vaccine hesitant & anti vaxxers, the first is cautious about a new vaccine & wants to see it in action before committing like I was & the second are just plain stupids who don't have the brain cells required to get education which would give them the ability to make an informed decision.|Bikerman|2022-02-21 01:56:02.453|0|2|2bf98511-29ee-4011-b4dc-1fbb9a72015e|article-canadas-unvaccinated-not-always-who-you-think-they-are.json|globemail
Masks aren't useless - do your research. Even in Bangladesh which has way fewer resources than we do they make a 10% difference. They aren't perfect by any means and the study wasn't done with N95 level masks. Every little bit helps. Synergy is when the whole is greater than the sum of the parts.  https://med.stanford.edu/news/all-news/2021/09/surgical-masks-covid-19.html   |MDAM1|2022-02-20 16:35:52.037|1|2|980d2c0d-9ea8-4b2f-9685-8fa9d5b62838|article-canadas-unvaccinated-not-always-who-you-think-they-are.json|globemail
I have to say, I’m increasingly impressed with Quebec’s approach.  They had a difficult start to the pandemic, especially with the deaths in LTC, and I hope they (& other provinces) learn from this moving forward.  However I applaud their efforts to continue reaching out to those who have been reluctant not because of politics, but maybe language barriers or other fears.   |DebbieTy|2022-02-20 20:02:17.076|0|2|8e2d77c3-1ff9-48d8-bd81-9a856b5ea980|article-canadas-unvaccinated-not-always-who-you-think-they-are.json|globemail
Vaccine efficacy at reducing severity of illness, number of hospitalizations, and number of deaths has been fantastic.  The jury is in on that one, scientifically dude, all across the board, and vaccination is what this article is about.  The majority view of infectious disease experts is clear, and pro-vaxxers in comments sections are wayyyyyyyyyy past needing to bother anymore with exhausting themselves in arguments with remaining holdouts.  Y'all made the wrong call if you didn't get vaxxed.  Follow the science.  |Prairie Logic|2022-02-20 22:11:17.749|1|2|82072a9b-e4b7-4d75-95c2-ee66cd95bf38|article-canadas-unvaccinated-not-always-who-you-think-they-are.json|globemail
@Globe & Mail…Cuevas “I know several people who I used to play hockey with who are not vaccinated. These are well to do Caucasian males who just aren’t interested. In a few instances I know it is their wives who are the ones really calling the shots (no pun intended) and to keep the peace these guys are going along… “ ~ ~ ~  Petty bigoted gossiping concoction designed to hit all the Woke-ified high notes, it seems…  . . . as gratuitously published for you by Canada’s national toilet bowl which has evolved to, once more, denigrate & splatter Canadian Culture with more Liberal propaganda & bigoted racist crap..  Congratulations on getting published, Canadian… Appears Canada’s culture is becoming nought but a bigot’s whining haven ..    /..🍁|ForestCreature|2022-02-20 17:51:03.117|1|2|7df57b21-a782-470c-9b19-e9ddc892d161|article-canadas-unvaccinated-not-always-who-you-think-they-are.json|globemail
It’s also possible they don’t trust government because of all the corruption that has gone on and seems to go on, unchecked, particularly by our current PM. When the person running the country has little credibility to begin it’s not hard for many to brush his requests off. And when that same person has been marginalizing you all along as worthless or replaceable your back would likely tend to go up as well. |Cuevas|2022-02-20 14:27:33.407|1|2|170b75f2-ab29-4240-9e72-cfbd52088d9c|article-canadas-unvaccinated-not-always-who-you-think-they-are.json|globemail
Actually, it been pretty clear for a while that masks ARE worthwhile.  Cuevas, either you are sadly misinformed or you are a robo-troll.  |Biff24|2022-02-20 16:22:00.012|1|2|68b703c7-c02d-4c79-ba48-9f24a7df14e9|article-canadas-unvaccinated-not-always-who-you-think-they-are.json|globemail
The G&M just cant stop writing about the unvaccinated and its getting old. The Covid is now in a endemic phase, look around the world its open. Soon in Ontario we are back open, move on. And really what is fully vaccinated now, surely cant be 2 shot people as science has proven that efficacy fades after 4 months . So only around 50% of Canadians have had a  3rd shot, and if it was 4 months ago,??? Move on its over for now enjoy some life while you can people.|DownesSteve|2022-02-20 14:35:58.928|0|2|f9bede1e-d846-4f0e-a542-8c965d316c1b|article-canadas-unvaccinated-not-always-who-you-think-they-are.json|globemail
Seventy five years ago my father, my uncles and countless others put their lives on the line in WWII for the good of their countrymen. Now we have those who refuse to  wear a mask in order to protect others. Freedom to infect is their motto. How sad ! |jpcrow|2022-02-20 06:09:57.235|0|2|6dc068b8-305d-4135-9c69-4d73fff1c786|article-canadas-unvaccinated-not-always-who-you-think-they-are.json|globemail
here's my edit of the story  they have a lot  in common with the vocal conservatives who have led the self-described freedom convoy. The first is people who have not received their shots because of literacy or cultural barriers –  – and the second is those who suffer from mental illness .  its how you look at it   From all the interviews I have seen from Ottawa , a lot of them suffer from literacy issues or cultural barriers  caused by too much time on right wing sites,   and  suffer from mental illness .|Doug skis out west|2022-02-20 14:37:24.959|0|2|29985c5e-9904-4493-91d3-56cc7a3a7c01|article-canadas-unvaccinated-not-always-who-you-think-they-are.json|globemail
Maybe…? But I’ll bet the majority in Ottawa are vaccinated. |app_70799841|2022-02-20 16:20:06.210|1|2|9a970e45-1325-48ac-8569-5756ff72bd1f|article-canadas-unvaccinated-not-always-who-you-think-they-are.json|globemail
According to McLeans the typical 'vaccine hesitant' person is a 42-year-old Ontario woman who votes Liberal as determined by Abacus polling. |whodat singer|2022-02-20 16:27:50.907|1|1|a23bdf29-d064-4c3b-913c-5fc21ee466b7|article-canadas-unvaccinated-not-always-who-you-think-they-are.json|globemail
Many here feel the government has extended their powers during this Covid era. To them, I say follow the science, follow the advice of public health, ... those are institutions that support us as a society and have advanced our longevity. The anti-vax/mask represent the small minority with a bully horn, the Putin want to be, that need a heavy hand to be placed to protect our most vulnerable. Wearing a simple mask is a small price to saving a life. Getting vaccinated is a personal choice if you want to work and socialize with others. Why do I have to take risks in the workplace and public arenas against those that do not? Removing vaccine restrictions too early will open the gateway to harsher restrictions when the next strain is in the rear view mirror ... follow the past 2yr  history ... the TicDog misinformation is feeding the frenzy and the sheep follow|4Leaf4Ever|2022-02-20 18:00:01.346|0|1|65b55d7f-59e0-49ee-bc38-09dde08668a3|article-canadas-unvaccinated-not-always-who-you-think-they-are.json|globemail
Edward: You wrote: More than half of the hospital cases, I hear, are in fact fully vaccinated.  There's some math involved in this. I found a clear explanation in a CTV news story:  Dr. Nazeem Muhajarine is an epidemiologist at the University of Saskatchewan. He used the example of a population of 100 people, 90 of whom are fully vaccinated against COVID-19 and 10 of whom are not. If five of the 90 people who are vaccinated are admitted to hospital and five of the 10 unvaccinated people are admitted to hospital, it may appear as though there’s a 50/50 chance of being hospitalized, but that is not actually the case. “Five out of 90 is quite a different proportion compared to five out of 10,” he said.  In fact, it's 5.6% of vaccinated people being hospitalized compared to 50% of unvaccinated people.|thorncha|2022-02-20 20:38:28.325|1|1|7d5338fc-403c-4784-a038-06bfb793980c|article-canadas-unvaccinated-not-always-who-you-think-they-are.json|globemail
So much for freedom and democracy. I wouldn't want to live in a country where you were head of government. While I may disagree with the choices of others, I support their right to make their own decisions so long as it doesn't endanger others. At this point since the unvaccinated and the vaccinated can spread the virus equally, getting vaccinated or not comes down to personal health decisions.  As for speaking French or English, what difference is it to you what language people speak and how is it relevant to this discussion? Your stance however speaks volumes with regards to your intolerance for people who are different.   |RonsterG|2022-02-20 13:58:28.037|1|1|c6e1cef4-54bf-486a-bd1f-687e7bedd35a|article-canadas-unvaccinated-not-always-who-you-think-they-are.json|globemail
It’s like you didn’t bother to read Lisa’s comment at all. |DC Toronto|2022-02-20 14:53:56.980|1|1|a4b76684-0b31-42ea-8413-6fbdb27a2a9d|article-canadas-unvaccinated-not-always-who-you-think-they-are.json|globemail
Don’t forget that there are plenty of conservative voters that disagree with just about everything that you type. One doesn’t need to be a wokeist to disagree with you.|bretski__gretzky|2022-02-20 20:30:43.708|1|1|329eee81-b28e-4789-b3f7-016b93ddfba7|article-canadas-unvaccinated-not-always-who-you-think-they-are.json|globemail
"There is another reason that there is large vaccine hesitancy regarding the current Covid vaccines - the readily available data about adverse events.  Health Canada reported another 122 SERIOUS adverse events between Feb 5 and 11, bringing the total serious events to 7,999.  Worldwide there are now over 3.2 million reports to the WHO's data base which is intended to be an early warning system for problems with pharmaceuticals.  One must wonder why so many medical professionals are willing to even risk loss of their careers to avoid the vaccine.  Why are we not recognizing the immunity of those who have recovered from Covid as having at least as good protection as the vaccinated, despite a growing body of evidence that says the protection is most likely stronger and more durable.    We are continually told the current vaccines are proven ""safe and effective"" - but we are now very aware that they don't stop or even slow transmission and it doesn't take much work to realize that there are some big red flags about how safe they really are.  "|JRideau|2022-02-20 17:53:43.202|1|1|76d26fa3-fec3-4465-9837-a8dd8d93ba8a|article-canadas-unvaccinated-not-always-who-you-think-they-are.json|globemail
"Bigoted?  Do you spend much time online?  The bigoted stuff (like white replacement theory hyperbole) comes often from reformist CPC folks, tons from PPC folks, and more as seen on Rumble, Parler, 4Chan, and Qanon.  And, um....al those folks support the liberals and write for the Globe?  This ""I know you are but what am I?"" tactic of the alt-right these days is really a bit much."|Prairie Logic|2022-02-20 22:34:38.915|1|1|524dc91f-b43f-453b-888a-b9117de6ee51|article-canadas-unvaccinated-not-always-who-you-think-they-are.json|globemail
I don't know what you're talking when you say 'no person has the right to make their own health decisions'. I know people who haven't vaxxed and there has been absolutely no repercussions for them whatsoever. What have they suffered? Can't go to the gym? Have to wear a mask to go into a grocery store? As if that's the end of the world. Stop with the hyperbole. Stop listening to alt-right provocateurs who've scare mongered the weak of mind with a bunch of lies. If you work where you could infect other vulnerable people because you refuse to vac or wear a mask, what does that make you? Far from being a good citizen, but that hasn't entered into your mind has it. |J. Adene|2022-02-20 19:34:27.080|1|1|700ee8f1-02f6-4556-90a1-e4ea674469b7|article-canadas-unvaccinated-not-always-who-you-think-they-are.json|globemail
I'm pretty sure vaxx was a requirement for much of Canada's History.  |Doug skis out west|2022-02-20 14:38:28.244|1|1|014c3fc1-d683-4d7a-9691-b537ddf0fc7c|article-canadas-unvaccinated-not-always-who-you-think-they-are.json|globemail
Setting up a mobile vaccination bus for a morning and getting one person to get a third shot seems surreal. Then to describe such a failure as a happy event and something to celebrate is unbelievable. When did the vaccination campaign transition from providing a necessary service into complete insanity. |brookie16|2022-02-20 14:02:52.178|0|1|fa230312-7af4-4338-9a8e-80bd669ace4b|article-canadas-unvaccinated-not-always-who-you-think-they-are.json|globemail
Canada, COVID as a pandemic is just about over. Infections are plumetting down. Hospitalizations are stable, ICUs even in Canada’s poor system are not overflowing. Using so many scarce resources for a vaccine that does not work well to jab a few extra people is borderline irresponsible. Time to treat all the health backlogs. There are lots of other health issues that now need to be attended to. The rest of the developed world has started to move on. |GrabAColdOne|2022-02-20 16:53:43.706|0|1|976b8a3c-0556-43ee-abf0-70809890acc5|article-canadas-unvaccinated-not-always-who-you-think-they-are.json|globemail
Congratulations Quebec! About time somebody in power came to a clear realization. Trudeau's behaviour is dangerous, careless and hence, unforgivable.|app_69614698|2022-02-20 16:47:56.790|0|1|8406395b-a134-442d-a1e0-87f1d0aae87e|article-canadas-unvaccinated-not-always-who-you-think-they-are.json|globemail
I know several people who I used to play hockey with who are not vaccinated. These are well to do Caucasian males who just aren’t interested. In a few instances I know it is their wives who are the ones really calling the shots (no pun intended) and to keep the peace these guys are going along.  We had an Albanian fellow do some work for us before Christmas. Probably mid 60s. Not vaccinated and likely doesn’t trust government given what he went through in the old country before coming here. His son, born in Canada, vaccinated. It is what it is. |Cuevas|2022-02-20 14:43:13.894|0|1|8676c0a5-dd10-44e6-829f-c047968683d7|article-canadas-unvaccinated-not-always-who-you-think-they-are.json|globemail
FC: I'm not quite getting the bigot connection here. Cuevas has white, hockey-playing friends, so he's a bigot? Huh?|thorncha|2022-02-20 18:55:10.775|1|1|33eb86e6-0858-4391-9893-64f17ba2b42c|article-canadas-unvaccinated-not-always-who-you-think-they-are.json|globemail
sure a vaxx that works stopping disease and transmission, one that does neither is pure stupidity|JETLAGJOHNNY|2022-02-20 16:10:24.225|1|1|6d20abe8-2ac3-41b6-a58c-c9656b0a7061|article-canadas-unvaccinated-not-always-who-you-think-they-are.json|globemail
So tired of “follow the science” which is stated without giving any scientific evidence to support it and repeated as a blanket defence of everything. This Covid “science” is the only “science” I know that changes from jurisdiction to jurisdiction and over time. At the very least, when someone says that, they should be able to provide the data/link/study science that supports it.|LM21|2022-02-20 21:20:20.740|1|1|f0c04bad-5fbc-446f-8ff0-2ce4539be145|article-canadas-unvaccinated-not-always-who-you-think-they-are.json|globemail
This article reinforces that true anti-vaxxers and especially the hooligans and anarchists, who held Ottawa hostage for 3 weeks are a tiny minority in Canada.  Moreover, the article reinforces the need for good Public Health in Canada to reach marginalized communities with a variety of approaches.  The article also confirms discrimination is alive and well in the healthcare system as well as society in general.|ontario7|2022-02-20 22:04:59.232|0|1|ae70f775-ac33-4410-a361-2a9ed63d9805|article-canadas-unvaccinated-not-always-who-you-think-they-are.json|globemail
Yes and there was a study that confirmed this recently which explains why the Scandinavian countries have fared well.  Homogeneous populations with high trust in government faired the best. |John McCain|2022-02-20 17:04:50.505|1|1|a93b746c-e137-4d05-b7f3-e6e05da4cb3f|article-canadas-unvaccinated-not-always-who-you-think-they-are.json|globemail
Rural areas of Alberta is where the far right extremists (freedom fighters) live.|petpieve2|2022-02-20 02:04:30.141|1|1|1a59bb48-df0a-4137-a37c-7f9b2ffe503c|article-canadas-unvaccinated-not-always-who-you-think-they-are.json|globemail
There is a difference between anti-vax and vaccine hesitant.|BB1960|2022-02-20 21:34:26.373|1|1|c6931457-3855-4e07-a11b-58aa0029e180|article-canadas-unvaccinated-not-always-who-you-think-they-are.json|globemail
Didn't MacLeans magazine say that the typical anti-vaxxer was a middle-aged white female who votes Liberal.  https://www.macleans.ca/society/typical-vaccine-hesitant-person-is-a-42-year-old-ontario-woman-who-votes-liberal-abacus-polling/  |John McCain|2022-02-20 17:11:08.480|1|1|ee1ad390-3985-4c77-b35f-7c1448a02a52|article-canadas-unvaccinated-not-always-who-you-think-they-are.json|globemail
It took 800 community organizations to get the immigrant NE of Calgary vaccinated.  They had fallen far behind the rest of Calgary and had far more cases.  It took A LOT of community work to convince them to get vaccinated.  My partner worked in the NE and there were mobil vax units and signs everywhere.  The rest of Calgary we just figured it out on our own and went to get vaccinated where/when we could.|Kelli S.|2022-02-20 07:27:40.645|1|1|dbacb86d-ab01-4217-8a11-a4fc8d597723|article-canadas-unvaccinated-not-always-who-you-think-they-are.json|globemail
“You present symptoms, your concerns are not taken seriously, they’re downsized, you’re told that you’re confused,” Ms. Allen said. “I’ve seen among a lot of my aunts and relatives … ‘I don’t trust the vaccine. It’s this system that has always neglected me, why would it care about me now – why would I trust it?’ ” What, asking for prescription (recreational) drugs and the healthcare provider refusing???|Sincinnatus|2022-02-20 02:12:47.792|0|1|a85c660c-5e88-427a-913b-6e05d3336ff7|article-canadas-unvaccinated-not-always-who-you-think-they-are.json|globemail
Yes our fascist PM blew up this country with a HILLARY  CLINTON moment.  Pitting brother against brother is over, what will Justin do !!!|Rochdale68|2022-02-20 23:26:45.628|1|1|8ad069ea-473c-43cb-b513-1b9bf817f4c5|article-canadas-unvaccinated-not-always-who-you-think-they-are.json|globemail
There has been far too much sanctimonious preaching against the unvaccinated, with people (including the PM) more than willing to paint everyone with the same brush applicable to a very small minority of extremists.  The reality is nowhere near as nefarious.|app_72107751|2022-02-20 01:17:59.652|1|1|f4949fd9-884c-4e91-a496-27a4cf4dc3ac|article-canadas-unvaccinated-not-always-who-you-think-they-are.json|globemail
"Don't get your 3rd shot if you don't want to, but know that the person most at risk because of that is you.  Covid is not a pleasant way to die.  And btw, vaccinations aren't ""medical history""."|Leese1|2022-02-20 11:40:14.151|1|1|4e583b5a-6b27-4b10-b93e-596ed71b9da4|article-canadas-unvaccinated-not-always-who-you-think-they-are.json|globemail
I'm always amazed at the Anti Vaxx individual. If he or she were lying in a hospital bed and dying and a medicine that could save their life could be injected then what would they do? Well I think we all know the answer to that don't we.|Gary_NS1|2022-02-20 23:57:24.692|0|1|f63e4c4c-15f7-408b-a582-e614e0ba7899|article-canadas-unvaccinated-not-always-who-you-think-they-are.json|globemail
I know plenty of immigrants, and from what they've mentioned, I'm quite sure they're all vaccinated, and all their kids and grandparents too. These are people from China, Kenya, Egypt,  and the UK.   Do we really have a problem in this country with immigrants not getting vaccinated?    How come?  |Richard--Vancouver|2022-02-20 01:21:03.891|0|1|be06f1e2-f984-440d-ac8c-86d274df3be1|article-canadas-unvaccinated-not-always-who-you-think-they-are.json|globemail
Ya no there isnt read the Charter|DownesSteve|2022-02-20 14:29:49.851|1|1|502de11c-bdb6-4a9e-add8-e98ff1cd6488|article-canadas-unvaccinated-not-always-who-you-think-they-are.json|globemail
There is a legal mandate to require vaccination.  Look at the laws in your province. It has been in existence longer than you.  In a pandemic the rules are different|Cat150|2022-02-20 12:50:08.307|1|1|71dcc660-1069-4f98-96ae-3b76b2e098c0|article-canadas-unvaccinated-not-always-who-you-think-they-are.json|globemail
The definition of having a hammer and seeing the world as nothing but nails.  Let me summarize almost two years of articles:  Countries with low trust in government faired poorly in the pandemic.  Groups that have low trust in government have lower vaccination rates.|Tricky.|2022-02-20 13:34:30.442|1|1|d0bf4b56-e7c0-41fc-a61a-cf4ae14fd00b|article-canadas-unvaccinated-not-always-who-you-think-they-are.json|globemail
Of the East Europeans I've met on construction sites during the pandemic most were against vaccination and highly suspect of any mandated Covid restrictions.  Of course it's simply an observation but the more corrupt the country of origin the greater likelihood of non-compliance. I try to remind the more deeply suspicious newcomers that corruption is a matter of degrees.  Of course there is corruption in Canada but it doesn't inform every aspect of Canadian life. Alas, from their perspectives Covid measures are all part of a bigger plan. What can you say?  |Dan3211|2022-02-20 18:53:26.891|0|1|fc3eedd0-87be-4bb1-add4-316b44c8acf1|article-canadas-unvaccinated-not-always-who-you-think-they-are.json|globemail
“Two groups make up this persuadable cohort, the minister argues, and they have little in common with the vocal conservatives who have led the self-described freedom convoy.”  The article is about the people who do eventually decide to get vaxxed;  it is not about the “ultra-far-right white dangerous swastika-waving ignorant and deluded failures at being parent” nutbars driving around with flags.  |Fcfrancis|2022-02-20 01:07:32.113|1|1|dd390319-25a3-4b35-9edb-64f844a40311|article-canadas-unvaccinated-not-always-who-you-think-they-are.json|globemail
"I agree with making informed decisions for yourself, it being a bit ""premature"" to suggest anyone could be wrong, yet, in such regard, (things still being experimental, or not true to the ""individual"" and, where some of us can't afford to be heard in a court of law, [as to, what, justice?] or want to risk it for the cost or, abuse, say, where it might not go well, and you don't believe you'll be compensated for the ""reality"" some of us have seen, as, where being too trusting, and not going with being better informed) which, somewhat invalidates ""mandating"" things! Talk about reasoning, (to justice?!) as good as anyone.. . Thanks for helping me in such respect.   I'd be on the same page with you  in such respect.."|champofJustice|2022-02-21 03:03:14.559|1|1|866c2cbc-0754-464f-ba25-f58c5e95d231|article-canadas-unvaccinated-not-always-who-you-think-they-are.json|globemail
I thin you missed my point about journalism of late...|Doctor Demento|2022-02-20 03:42:25.305|1|1|73c678b5-95e9-4d09-80af-e8cb8dd8c352|article-canadas-unvaccinated-not-always-who-you-think-they-are.json|globemail
No one? How can anyone write something like that and expect to be taken seriously?|MH39|2022-02-20 16:22:34.043|1|1|7f783eed-5e93-4359-ae64-e6151a0d5978|article-canadas-unvaccinated-not-always-who-you-think-they-are.json|globemail
Because legacy media are supported by the government and no one trusts them anymore. |Cuevas|2022-02-20 14:33:09.437|1|1|f32e2600-f5c8-4b72-8d82-2a23a292b2ae|article-canadas-unvaccinated-not-always-who-you-think-they-are.json|globemail
I am a triple vaccinated senior who has kept to family bubble. I attribute my good health to our public health system. I just don't understand all the misinformation surrounding the vaccination process. Medical science has improved our longevity so why would people not have faith in the process ... why is social media tic docs becoming leaders of this misinformation?  People have cut the cable cords in favour of the TicDogs |4Leaf4Ever|2022-02-20 05:09:37.234|0|1|5b296213-b6e5-43be-8d34-0635cf8ff66a|article-canadas-unvaccinated-not-always-who-you-think-they-are.json|globemail
Tin, it's over, the anti-vaxx side lost, badly, start to finish, the jury is in all across the board.  Picking away at the numbers (weakly, btw) won't change facts you disagree with.  Same with that recent American election and the clear electoral outcome you also disagree with.|Prairie Logic|2022-02-20 22:26:51.646|1|0|d70fbe81-b1f4-47f8-8384-4e833e86fc2d|article-canadas-unvaccinated-not-always-who-you-think-they-are.json|globemail
Until the trucker goons invade your city....then call on the People's Party or the Tories to get rid of them  - good luck with that...Maybe you can appoint Pierre Poilievre for life (I think that's what he's aiming for) and everyone can go home happy with their new leader and - mob rule! |J. Adene|2022-02-20 19:41:01.862|1|0|94a6e132-eb6b-43fb-bdff-c77c524b98ee|article-canadas-unvaccinated-not-always-who-you-think-they-are.json|globemail
Sure Roch, the far right Canada Unity fringe promised change, how did that end there Roch ?|Bikerman|2022-02-21 01:57:43.663|1|0|af46cec8-83f1-4b0f-805b-ea567924189a|article-canadas-unvaccinated-not-always-who-you-think-they-are.json|globemail
tinman: I quoted an epidemiologist who used a hypothetical example to explain the math. These were not actual, real numbers he was using. It was just an example to illustrate the point for the previous commenter. Not real numbers! I think you skipped to the last line without reading the middle.|thorncha|2022-02-20 21:22:48.263|1|0|770e8b4a-d0f5-421b-b92d-40ff9abde8fe|article-canadas-unvaccinated-not-always-who-you-think-they-are.json|globemail
All you have proven is that vaccines mostly prevent serious illness. As for those hospitalized - when the vast majority of the population is vaccinated, they will be overrepresented statistically. However the probability of serious illness and death remains very much higher for individuals who remain unvaccinated. Don't confuse rates with aggregated counts. |ThinkingCdn|2022-02-20 18:25:31.247|1|0|b92d97e2-0643-429b-89de-704ad27ed2aa|article-canadas-unvaccinated-not-always-who-you-think-they-are.json|globemail
The witch hunt for the unvaxxed is all about governments having scapegoats to blame for their failures.|hoagy1|2022-02-20 17:56:23.234|1|0|835dc57c-4227-4f45-a440-2841b7e0e474|article-canadas-unvaccinated-not-always-who-you-think-they-are.json|globemail
COVID might prove a faster option... except maybe for the driving fast (yes this is tongue in cheek)|BB1960|2022-02-20 21:35:57.553|1|0|67e107fb-3a6e-4eea-8367-ca00803a9ee6|article-canadas-unvaccinated-not-always-who-you-think-they-are.json|globemail
Lack of basic intelligence & critical thinking skills will do that do a person.|Bikerman|2022-02-21 01:56:49.659|1|0|a93ba7a5-ce07-4456-8414-e38820a32e90|article-canadas-unvaccinated-not-always-who-you-think-they-are.json|globemail
"“At first our goal was to vaccinate the masses,” she said. “Now we can take approaches that are tailor made.”  Says what?  It seems now they are doing things more reasonably, as justly, re., ""individualizing"" things to the truth of justice and how everything should work, if not does work, best. True, if not only to me, doctors not muzzled by politics and laws of secrecy if not threats relative to as much, (if not of the larger, lie, and mob) agrees that it should be up to the individual, of sound mind, to decide how we should help them, alas, how we forget, and/or don't seem to know what we used to, of what was ours.  We probably don't know who is vaccinated, as much as we should, because ""laws of privacy"" seem more to protect the political, the abusive, and those confused by as much, (requiring big bucks to get around, how unfair that is) as to the ""evidence,"" the same ones (but who else) doing most of the lying, (often, nicely, if not to our baser wants, so difficult to challenge) of their, masterclass style and way.  For access to the ""evidence"" and true justice, and a better democracy, (etc.) I propose ""open voting,"" that we would have the healthcare we deserve and need.   "|champofJustice|2022-02-21 01:30:51.738|0|0|4111914b-8ffe-4f78-8611-97bed7c5812c|article-canadas-unvaccinated-not-always-who-you-think-they-are.json|globemail
"But how do we know who you're talking about, say, if they're not honest, or, somehow, validated? I believe that's ""on topic,"" and, not off.. . What you've said merely says more about you, and not whether you are vaccinated, no, but, more surely, your seeming to think it should be ""mandated"" (like, what with everything, including the schools?) more than ""reasoned through,"" (what you might not get from a, public or political education...) of your disparaging and not So, considerate and objective way.  I figure I deserve to have more to say, in such respect, feeling there should be no limitations to communication, like there is with our present politics, if not democracy, if not a mob of as much..  You didn't even mention how long it should take to determine what might be best, of whether the experiment has been validated, and for whom, in such regard. Nice try. Keep at it. I await your intelligence.. ."|champofJustice|2022-02-21 02:46:06.902|1|0|c95cc4d6-2be8-45cf-9eca-e64e60d238a9|article-canadas-unvaccinated-not-always-who-you-think-they-are.json|globemail
Change will come Roch.   Another win by the Liberals in the next election.  And a win in Ontario in June.  Those are the changes.   |Laugher|2022-02-21 01:30:59.996|1|0|6308eeca-1421-4be1-9fcd-2df316ac7690|article-canadas-unvaccinated-not-always-who-you-think-they-are.json|globemail
I am not sure what you are saying. No one is denying the science of getting vaxed. That is crystal clear. In fact so much so that people have not even needed to say “follow the science”. This phrase is used way more often to justify restrictions for which the science has been nonexistent.|LM21|2022-02-20 22:45:11.560|1|0|03d3a007-6483-4dc5-a2f0-db3e7f90e46f|article-canadas-unvaccinated-not-always-who-you-think-they-are.json|globemail
Roch, you continue to demonstrate your lack of fundamental understanding.  The better able to spread a virus is, the higher proportion of the population that needs to be vaccinated to prevent its ongoing spread.  Given there are individuals who have compromised immune systems, with a variant like Omicron nearly the entire population needs to be vaccinated. |ToryForever|2022-02-21 01:25:37.937|1|0|1a94c7bd-a96b-4d94-99d9-dfac4b8ca809|article-canadas-unvaccinated-not-always-who-you-think-they-are.json|globemail
It really would have been great if; in conjunction with social distancing, etc. at the outset that there was at least some focus on being generally healthier as Canada wasn't exactly starting from a great spot in early 2020 (granted better than our neighbors to the south but that's a pretty low bar).  Alcohol sales increased across the country over the past 2 years; that will have lasting impacts on our healthcare system. More people live an increasingly sedentary lifestyle; you don't even need to walk from a parking lot to your place of employment anymore. This too will have a lasting and significant impact on the healthcare system.|MiKlassen|2022-02-20 18:00:01.217|1|0|d5a67a32-3353-40b4-ab57-0b40f6550721|article-canadas-unvaccinated-not-always-who-you-think-they-are.json|globemail
I feel like we are living in some alternative times with the “them” vs “us” narrative everywhere. Just like 1984 or Lord of the Flies. Frightening.|LM21|2022-02-20 17:08:48.242|1|0|0eb82cbc-87a5-45cd-8434-f3dc824354e4|article-canadas-unvaccinated-not-always-who-you-think-they-are.json|globemail
Tell that to my Polish brothers and sisters in KW and TO. The ones that fled communism absolutely cannot be told anything, even if it’s a plain acknowledgment of reality. Blanket denial of anything coming from any authority. As if somehow believing nothing is an advantage.|bretski__gretzky|2022-02-20 20:28:03.433|1|0|db0cf307-4012-4d23-9f17-024f085020ae|article-canadas-unvaccinated-not-always-who-you-think-they-are.json|globemail
I was surprised that wasn't touched on as well.|Prairie Logic|2022-02-20 22:11:52.997|1|0|a59b2db2-ceca-4c0a-9eb0-19d6b8a786bb|article-canadas-unvaccinated-not-always-who-you-think-they-are.json|globemail
Doug Ford's daughter voted Green?|Bishenden|2022-02-20 21:31:15.394|1|0|43eaf446-6215-425d-9510-a5ae19e9555f|article-canadas-unvaccinated-not-always-who-you-think-they-are.json|globemail
You mean like every other province and the feds who have spent millions to prioritize vaccinations to FN communities, both remote and urban?|ALBERTA FIRST CDN FEDERALIST|2022-02-20 20:27:44.817|1|0|ea6a1387-2bdf-49f2-9cf9-3c05300b1606|article-canadas-unvaccinated-not-always-who-you-think-they-are.json|globemail
True|tinman1957|2022-02-20 20:47:48.919|1|0|92c10ab2-0b4c-406c-a533-85eadbd25d72|article-canadas-unvaccinated-not-always-who-you-think-they-are.json|globemail
Health/Life coaches/gurus = new age scum. Snake oil and its salesmen come in many forms.|bretski__gretzky|2022-02-20 20:29:50.475|1|0|d175ef3e-679f-4f57-9301-9571920def31|article-canadas-unvaccinated-not-always-who-you-think-they-are.json|globemail
Roch...educate yourself rather than continuing to make such foolish statements. |ToryForever|2022-02-21 01:27:29.356|1|0|a3b2f2a4-28ee-443e-bfd8-8253321ed8ff|article-canadas-unvaccinated-not-always-who-you-think-they-are.json|globemail
"So Pat King is Stephen Biko?  Calling it apartheid is a sad, sick, disrespectful thing to say, given what real apartheid victims have suffered.  The alt-right who are down with such terrible comparisons are freedom- and rights-pampered children here in Canada, putting on a bad high school play starring themselves as fake victims, seemingly for some kind of hobby.  Time to take some liberal arts courses at your nearest university to understand how false equivalence works. (You'd also learn why Rober Malone is a joke.)  Heck, just search for the term:   ""False equivalence is a logical fallacy in which an equivalence is drawn between two subjects based on flawed or false reasoning. This fallacy is categorized as a fallacy of inconsistency. Colloquially, a false equivalence is often called 'comparing apples and oranges.'""  Or, as I say, comparing Pat King and Stephen Biko....very far past apples and oranges and deep into the realm of the deplorable.  "|Prairie Logic|2022-02-20 22:19:57.147|1|0|672eaa6a-a646-4708-8c11-ea66276dc1cc|article-canadas-unvaccinated-not-always-who-you-think-they-are.json|globemail
So is Canada.  What's your point?|Laugher|2022-02-21 01:32:07.715|1|0|44b68093-389d-4c8e-bbe8-61587175c85d|article-canadas-unvaccinated-not-always-who-you-think-they-are.json|globemail
True, and one doesn't need to disagree with everything wokeist anyway, things like not wanting visible minorities harassed (or worse) by white police or wanting fresh fresh water resources poisoned by corporations who don't care, that sort of thing.|Prairie Logic|2022-02-20 22:21:51.283|1|0|f61bb301-5cfc-4a84-aef3-a740f55d403f|article-canadas-unvaccinated-not-always-who-you-think-they-are.json|globemail
it doesn't seem very rational for someone to refuse vaccination on the grounds that they have experienced racial discrimination from the health system in Canada when what they are refusing is what the vast majority of white folks are getting and wanting. There is racial discrimination in the health care system-----aboriginal friends  have made this very clear, with concrete examples, including recent ones----but being treated the same as others isn't racial discrimination. Perhaps the health authorities need to flood the airwaves with pictures of happy white folks getting vaccinated and enjoying the benefits of being vaccinated to make clear that vaccination is not racial discrimination. |BRUCEHUNTER3|2022-02-20 20:25:11.973|0|0|4c948136-3edf-4b8c-b016-1e904ee70078|article-canadas-unvaccinated-not-always-who-you-think-they-are.json|globemail
"The provincial government is starting from a premise that can be easy to forget as anti-vaccine protesters occupy downtown Ottawa: Many who have not received their shots can still be persuaded to. Various studies have put the share of that population who are strict anti-vaxxers at somewhere between 25 and 60 per cent, said Mr. Carmant. That means more than half of the unvaccinated are likely reachable.  ------------  There is a difference bwteeen anti-vaccine protesters and anti-vaccine ""mandate"" protesters.  Although there were undoubtedly those occupying Ottawa who were against both, the ficus of protest was about the ""mandate"" not the vaccine: the former a civil rights issue the latter a question of medical efficacy. I suspect that many of the protesters were vaccinated but all objected to a mandate forcing people to be vaccinated.  "|Concordia|2022-02-20 17:25:51.386|0|0|638da609-caae-43d7-973f-7b4504ea1091|article-canadas-unvaccinated-not-always-who-you-think-they-are.json|globemail
"(1) Many public sector employees must get vaccinated or be fired. I know one, who just doesn't believe in the vaccine (a naturopath type). Plus many private employers, particularly in the professions and office environments have instituted mandatory vaccine policies, or else being fired. Most law firms, for example, have these and are enforcing them. (2) Getting vaccinated has no effect on transmission. This is the official public health position (not some ""alt-right provocateur"") which is that vaccination has no significant effect on transmission. The sole purpose of getting vaccinated is to protect yourself from getting very sick and being hospitalized, and possibly from death. "|app_71717126|2022-02-21 01:53:49.445|1|0|0434923f-2e46-4cdc-9f83-139a30ef52ad|article-canadas-unvaccinated-not-always-who-you-think-they-are.json|globemail
What will you do? Hopefully head back to the National Post.|Bikerman|2022-02-21 01:58:27.279|1|0|a46263ee-06e6-42a1-a96a-b9a169844be6|article-canadas-unvaccinated-not-always-who-you-think-they-are.json|globemail
no he didn't but keep repeating an exaggeration |Mr. Yellin|2022-02-22 02:37:39.709|1|0|e3a3f826-81e6-4f31-98b2-a6c49f2b8aa8|article-canadas-unvaccinated-not-always-who-you-think-they-are.json|globemail
The history of vaccinations is more than a century old. We have been living with the proof of this science for decades. I.e.: there is no longer any reason to prove the earth is not flat. |Loztep|2022-02-21 17:48:28.304|1|0|c4add787-cd70-4228-9351-5424d2794ada|article-canadas-unvaccinated-not-always-who-you-think-they-are.json|globemail
"SB: Thanks for your rant. But you're incorrect. No one in Canada has been forced to take a vaccination.  ""My body, my choice"" is a pro-choice mantra. Yes, believe it or not, women and girls have been routinely forced to endure another human being growing inside their body that they do not want there,i n different countries and here in different times. That's something worth protesting over. Bring your ""My body, my choice"" signs, I dare you!  Some European countries are facing backlash over the proposal to make vaccines mandatory. Their vaccination rates are much lower than ours. This won't happen here."|thorncha|2022-02-20 18:46:25.739|1|0|a2475818-547c-4832-8522-5794b69d9079|article-canadas-unvaccinated-not-always-who-you-think-they-are.json|globemail
The legislation allowing vaccine mandates existed from decades ago. We've been living in tyranny for a while now I guess.|MiKlassen|2022-02-20 17:53:06.143|1|0|3b4e02a8-09d8-47a8-ab74-fa0fc51bf508|article-canadas-unvaccinated-not-always-who-you-think-they-are.json|globemail
Don't recycle Sacks without crediting him, please.  Don't compare China and Canada because to do so is beyond ridiculous.  And explain why Canadians and their governments should pay over $30 million in policing, cleanup, and compensation costs because people who can't distinguish between collective health policies and real tyranny want to have a self-indulgent hysterical meltdown.|Prairie Logic|2022-02-20 22:29:43.407|1|0|b5a5fd4e-4e0c-4817-a51f-c2b42169314e|article-canadas-unvaccinated-not-always-who-you-think-they-are.json|globemail
Well done. More health systems should show similar initiative and creativity to reach the hesitant or those for whom mass vax clinics or pre-set appointments are inconvenient.|RonsterG|2022-02-20 13:39:03.548|0|0|fc043ab8-2ede-4d03-8948-ac2bfd7c865b|article-canadas-unvaccinated-not-always-who-you-think-they-are.json|globemail
Freezing back accounts was the first step~ David Sacks, former COO of PayPal wrote an excellent article on SubStack, sights Mendocino’s reasons for freezing accounts including “hateful” language. All his reasoning were not by any definition against the law. Why invest in this country if governments can arbitrarily freeze or expropriate your money|Mellowcanadian|2022-02-20 16:51:00.250|1|0|699da9b1-00fe-46db-9a6a-4061b5b51107|article-canadas-unvaccinated-not-always-who-you-think-they-are.json|globemail
And who shops at Whole Foods. |John McCain|2022-02-20 17:12:49.139|1|0|44c0a02c-6d4a-493a-9009-571ca9c58e5f|article-canadas-unvaccinated-not-always-who-you-think-they-are.json|globemail
App, thanks for your encapsulation. Just wondering if you’d be able to provide us any actual evidence of what you’ve described or is this just more of the Justin Trudeau “fringe” tongue lashing. as well please stay on topic this article was clearly being written about the immigrant community in Montreal. |Cuevas|2022-02-20 14:31:17.461|1|0|04cbb63d-2aa7-4a29-9b90-64d136aec9f9|article-canadas-unvaccinated-not-always-who-you-think-they-are.json|globemail
Living in Calgary, I have never seen the type of person you describe in your 1st paragraph.  I know people like to smear Albertans, but honestly I have only seen compliance with the rules and respect for others the entire pandemic.|Kelli S.|2022-02-20 07:31:07.422|1|0|5ab0cef5-c0e4-4b9a-aba4-9dd491574dbb|article-canadas-unvaccinated-not-always-who-you-think-they-are.json|globemail
"Perhaps not ""most"" yet, but more and more people. Wonder why ..."|gtatar|2022-02-20 16:38:38.449|1|0|00ec1b8b-6f00-4600-bdb2-ff003605ca27|article-canadas-unvaccinated-not-always-who-you-think-they-are.json|globemail
Toronto hospitals are staffed at all levels by mostly racialized people so I have trouble understanding the racism argument for not being vaccinated. Perhaps Quebec is different though.|lewick|2022-02-20 04:57:29.494|0|0|9b6fc17d-8d10-4c32-845e-dfa53c6bd99a|article-canadas-unvaccinated-not-always-who-you-think-they-are.json|globemail
Trudeau purposely ignores the demographic statistics of unvaccinated Canadians and pushes his own personal opinion instead because he’s a shameless coward.  I wonder why the Globe waited until today to post this…   |ChuckT|2022-02-20 19:01:37.833|1|0|a1ecafbf-9fca-4342-866e-0abd57cda4c8|article-canadas-unvaccinated-not-always-who-you-think-they-are.json|globemail
There is more than just a doctor involved with a medical file.|Kothar|2022-02-20 18:44:52.568|1|0|036659f6-ce47-4581-8329-8e99cbb1a33a|article-canadas-unvaccinated-not-always-who-you-think-they-are.json|globemail
Saying that you're not getting your third shot because you're not interested is a poor reason.  You should be evaluating your circumstances to determine if the benefit is better than the risk of catching covid.  Ninety percent of covid deaths in BC are people over age 60.  Each covid variant is more contagious than previous ones.  Three shots gives better protection than two.  Those are facts you should consider, not whether your governments have politicized vaccinations.|BMracek|2022-02-20 13:04:26.968|1|0|d39961e6-d2b3-466a-bef1-8b4d61b9a75c|article-canadas-unvaccinated-not-always-who-you-think-they-are.json|globemail
You read it. It clearly states that rights aren't absolute and are subject to the common good.  |MDAM1|2022-02-20 16:39:02.745|1|0|7b594a91-2d57-4295-bbbb-7d124e017118|article-canadas-unvaccinated-not-always-who-you-think-they-are.json|globemail
“He serves as a repository and an opportunity for the virus to mutate  Misinformation  .. |Dcdc4|2022-02-20 18:45:54.992|1|0|2b1b85f9-d32c-41e6-bb94-eaeb5a6fa055|article-canadas-unvaccinated-not-always-who-you-think-they-are.json|globemail
He serves as a repository  and an opportunity for the virus to mutate. And if he gets admitted he puts a strain on an already strained system. The unvaccinated inpatients are the straw that broke the camels back. I note that few anti-vaxxers refuse medical care when ill.|MDAM1|2022-02-20 16:42:32.638|1|0|4b0180fa-4daa-458b-8f2e-66ce72a4a95f|article-canadas-unvaccinated-not-always-who-you-think-they-are.json|globemail
Vancouver resident Stephanie Allen said an elderly female relative of hers in Montreal is difficult, demanding and ungrateful and rather than changing her behaviour she prefers to call others racist.|comcon|2022-02-20 03:05:29.771|0|0|54ebba51-eeec-46a0-afb8-2a5b685fa82b|article-canadas-unvaccinated-not-always-who-you-think-they-are.json|globemail
Casual racism is so fun, eh? |mcrowetoronto|2022-02-20 16:23:52.661|1|0|52a6a2fe-497e-491d-93b4-cf59fadb3823|article-canadas-unvaccinated-not-always-who-you-think-they-are.json|globemail
In Ontario it is partially do to almost all our share of vaccine being redirected to Toronto and other GTA hotspots. We learned to mask and stand apart because we had no other options.  Our pharmacies would get one delivery, our doctors one or 2 and then nothing. Rural people were severely disadvantaged during the riskiest parts of the pandemic.  |Cat150|2022-02-20 12:53:57.678|1|0|2d4cce9e-911a-42b1-9d8b-9b78704ff36f|article-canadas-unvaccinated-not-always-who-you-think-they-are.json|globemail
But the effort was made. That's very good. Nothing in life is all easy.|MDAM1|2022-02-20 16:44:53.979|1|0|a521fa8e-330d-499e-9868-542cd750a5e0|article-canadas-unvaccinated-not-always-who-you-think-they-are.json|globemail
Albertans have got to realize that Kenny is leading your right wing extremists  views with the truck train to Ottawa originating from there ... disruptors/goons that need to stay in cowboy country |4Leaf4Ever|2022-02-20 04:52:12.692|1|0|603dff99-85cb-4099-9ebd-fc228dfc0184|article-canadas-unvaccinated-not-always-who-you-think-they-are.json|globemail
I’m not getting it, because I know someone who knows someone who knows someone who knows someone who knows someone who saw on the internet, that someone said they heard it was not safe. I’m convinced..the government wants to control me. Would be funny,if it want so accurate.|JOHN358|2022-02-20 01:26:35.503|0|0|5fe48025-4c4f-4640-930b-e269edaac5cb|article-canadas-unvaccinated-not-always-who-you-think-they-are.json|globemail
Just a gratuitous, virtue signalling opportunity to demonize a country which accepts hundreds of thousands of immigrants from around the world each year.|Sincinnatus|2022-02-20 02:14:58.306|1|0|c966fe08-e4c9-40d5-82af-7bf318c1f7d5|article-canadas-unvaccinated-not-always-who-you-think-they-are.json|globemail
Unfortunately, we paint them both with the same brush. |Sandilou|2022-02-21 00:12:31.810|1|0|cdadea2f-c057-40f4-a29d-b30fb2991f32|article-canadas-unvaccinated-not-always-who-you-think-they-are.json|globemail
Nice if our leaders would behave that way. |Skeptical Man|2022-02-20 16:48:09.327|1|0|73cfa06f-518d-4cc6-a42b-26a88676700c|article-canadas-unvaccinated-not-always-who-you-think-they-are.json|globemail
When something is free, people usually jump at the opportunity, unless they listen to social media, then their brain shuts down and they have no clue.|tims2|2022-02-20 00:53:32.269|0|0|51ee070a-eb26-470c-a69c-6267399f6df3|article-canadas-unvaccinated-not-always-who-you-think-they-are.json|globemail
Highly ignorant comment. Please check some statistics to round your knowledge & understanding.  Lots of other countries have a superior educational system and a better educated population than Canada.|gtatar|2022-02-20 16:45:03.341|1|0|fb6a4ad6-54c4-4c30-9070-05cb5c18f01a|article-canadas-unvaccinated-not-always-who-you-think-they-are.json|globemail
Is there no education outside Canada?  |LPG61|2022-02-19 23:45:34.910|1|0|89767f6c-6de9-4cbf-98ab-5dd3806729c8|article-canadas-unvaccinated-not-always-who-you-think-they-are.json|globemail
Like Sweden LOL|app_70884961|2022-02-20 17:23:36.806|1|0|af3b2edd-8664-4bf2-aed5-088898194984|article-canadas-unvaccinated-not-always-who-you-think-they-are.json|globemail
Recent immigrants from 3rd world countries don’t trust the government. Visible minorities, I won’t get more specific, are disproportionately under vaccinated. These same folks have had more cases and more severe disease. Scientists have observed that many of the virus spike proteins are arranged as a cross with bent arms and suspect this could explain the disparity.  |comcon|2022-02-20 03:11:33.129|1|0|2079be89-cf80-41c7-9d91-afdb25438014|article-canadas-unvaccinated-not-always-who-you-think-they-are.json|globemail
I think you missed their point about reading the article.|Pseudonymous Coward|2022-02-20 18:50:42.542|1|0|1fcb310e-95e7-48ae-bbb2-e2a06567c44d|article-canadas-unvaccinated-not-always-who-you-think-they-are.json|globemail
336….I’ve never ever heard or seen anything like you’ve just posted. Why do people have to lie to support their beliefs? |app_70799841|2022-02-20 16:24:50.091|1|0|b0a3defe-a676-4c23-afc0-c5755090c912|article-canadas-unvaccinated-not-always-who-you-think-they-are.json|globemail
Actually no according to the Washington Post….look it up|Mellowcanadian|2022-02-20 16:52:58.416|1|0|ec56ae3c-1a48-427a-b5d5-91a78599fb77|article-canadas-unvaccinated-not-always-who-you-think-they-are.json|globemail
BS |baloneyhole|2022-02-20 17:27:17.264|1|0|d161b328-ea57-4d45-ab93-790a1716a6db|article-canadas-unvaccinated-not-always-who-you-think-they-are.json|globemail
Okay. Wearing any kind of mask indoors is associated with significantly better protection from the coronavirus, with high-quality N95 and KN95 masks providing the best chance of avoiding infection, the Centers for Disease Control and Prevention reported Friday. From the Post article N95, KN95 masks provide best protection against covid, CDC study shows, posted Feb 4, 2022.  Your turn.|Pseudonymous Coward|2022-02-20 18:54:59.966|1|0|831150dc-fc6a-4e96-b1f3-5e7211a4e3e6|article-canadas-unvaccinated-not-always-who-you-think-they-are.json|globemail
Interesting thought but somewhat untrue. Most of the lockdowns occurred March  2020 to June 2021. This was at a time when vaccines were either not available or slow to roll out due to procurement issues. Since June when vaccines have been available, the only lockdown was Jan 2022 for a few weeks. The 90% vaccination rate is likely to thank for this. I find it difficult to blame the 10% unvaxed for the massive omicron surge ( which was composed of both vaxed and unvaxed.)|LM21|2022-02-20 17:15:40.463|1|0|1689bd1e-8334-401c-b857-3327e0c5c9d4|article-canadas-unvaccinated-not-always-who-you-think-they-are.json|globemail
Lockdowns were excessive, prolonged, arbitrary and mostly ineffective. Most countries, even the highly regarded Scandinavian ones got away with much less severe restrictions. This was bad policy decision by the government. The unvaxed are the scapegoats to take the blame for this. Put the blame where it belongs, to a disorganized/mismanaged government response and our very weak healthcare system with no surge capacity.|LM21|2022-02-20 17:07:22.135|1|0|e61ed3ae-e512-42b8-94a9-9c0c81d221c6|article-canadas-unvaccinated-not-always-who-you-think-they-are.json|globemail
"@Prairie Logic: "" Bigoted? Do you spend much time online? The bigoted stuff (like white replacement theory hyperbole) comes often from reformist CPC folks, tons from PPC folks, and more as seen on Rumble, Parler, 4Chan, and Qanon. And, um....al those folks support the liberals and write for the Globe? This ""I know you are but what am I?"" tactic of the alt-right these days is really a bit much. "" ~ ~ ~ Why would you think that 'skin colour' has an ingrained determinative effect on one's state of mind.. ?  But then again -- it would seem that there are those who think with the epidermal layer of their skin tissue instead of the frontal lobe of their neocortex ..    "" (sic) And, um.... ""  By the way, that's quite the bizarre grouping of Qanon associations you've created.   The manipulative inclusions are quite telling, in so much as they indicate how far some will go to influence the narrative..   /.."|ForestCreature|2022-02-21 04:52:50.381|1|0|368cdd22-523d-4917-9f81-b284b282a3a8|article-canadas-unvaccinated-not-always-who-you-think-they-are.json|globemail
"@thorncha: ""FC: I'm not quite getting the bigot connection here. Cuevas has white, hockey-playing friends, so he's a bigot? Huh?"" ~ ~ ~  Yes... well, it would seem that the actual point, as outlined, has escaped you..  Here's a clue... skin colour.  Two more clues... financial status; "" (sic) wives...really calling the shots "".  Yeah Canadian.. something to ponder.   /.."|ForestCreature|2022-02-21 04:02:16.339|1|0|2f30eeaf-c6af-4415-8f97-906749b5e9c0|article-canadas-unvaccinated-not-always-who-you-think-they-are.json|globemail
"From all the interviews I have seen from Ottawa , a lot of them suffer from literacy issues or cultural barriers caused by too much time on right wing sites, and suffer from mental illness .  Agreed. So sad to see how many people have succumbed to ""disinformation"". This is a huge problem in the USA - we are seeing the same here. Fox News was originally granted a license based on being a fair, balanced and politically unbiased ""news"" outlet.  They have ceased to call themselves 'news' to avoid lawsuits for defamation. FoxNews is in contravention of the Broadcasting Act with regards to ethical and allowable content. Unfortunately, I understand that the content of what is picked up by cable, now rests with the cable companies who get to choose what to air. Where is the CRTC's involvement? I am offered extreme-right wing propaganda from my cable company - such as Fox News, News Max etc because they're bundled in cable packages. If a station's content contravenes the Canadian Broadcast Act, its authorization should be denied. They can get this crap over the internet if they really want it so why is it piped into people's living rooms when they haven't asked for it. "|J. Adene|2022-02-20 20:05:23.637|1|0|38de72f5-9c21-4ca6-ab68-0293daf7d01a|article-canadas-unvaccinated-not-always-who-you-think-they-are.json|globemail
Maybe but the ones in my town in the FREEDUMB crowd are the unvaxxed who live in a echo chamber of anti vax and anti mandate social media.|Doug skis out west|2022-02-20 22:51:31.386|1|0|316aa2a3-ffad-4e3a-b24a-50ba14ffc938|article-canadas-unvaccinated-not-always-who-you-think-they-are.json|globemail
Now that the pandemic is winding down, perhaps governments who have budget deficits out of control and excessive debt levels can start to take a realistic look at their finances. In Ottawa, there are many federal works who do not have work from home jobs and have done virtually nothing for 2 years except collect a salary and accrue pension. With interest rates rising, there will be a need to find savings to stop the debt from ballooning further. If an individual can hide out at home for two years is the job required? This could be the great reset our PM previously discussed. A little housecleaning is always prudent.|app_70393871|2022-02-20 17:40:12.224|1|0|6fce5994-e0e6-4cc7-820a-6221e0eb2886|article-canadas-unvaccinated-not-always-who-you-think-they-are.json|globemail
Not so. Covid is still causing a strain on our healthcare workers. If you have a look at the current stats you will see that we are still in an all-time peak, though it is declining: https://health-infobase.canada.ca/covid-19/epidemiological-summary-covid-19-cases.html#a4 Check out the section entitled: Severe illness and outcomes Hospital use Figure 6. Daily number of hospital beds and ICU beds occupied by COVID-19 patients as of February 14, 2022 There are still 129,819 people in hospital. 36% are under the age of 60 and that includes about 4100 under the age of 20. |ThinkingCdn|2022-02-20 18:39:12.645|1|0|a44b72c5-7536-418c-ad8b-5dc9096ab195|article-canadas-unvaccinated-not-always-who-you-think-they-are.json|globemail
Sure bud.|maybemaybe|2022-02-20 16:50:07.088|1|0|1540f24b-b7b4-40b2-a22e-b3f17feaa859|article-canadas-unvaccinated-not-always-who-you-think-they-are.json|globemail
What is surreal is the fact that you miss the wholepoint of the article, and cherry pick one part of it to fit your outrage. |Malcolm09|2022-02-20 16:30:37.869|1|0|bea034e8-bb67-4a08-86cc-20c17f8449d3|article-canadas-unvaccinated-not-always-who-you-think-they-are.json|globemail
You can put “For those with no common sense” in front of that.|JT1216|2022-02-19 21:30:10.747|1|0|1f744a89-074d-4837-8ef7-da2973db89dd|article-canadas-unvaccinated-not-always-who-you-think-they-are.json|globemail
Immigrants must speak one of French or English. [...]. Enougj.   Thanks for the chuckle. |TKennit|2022-02-20 16:54:40.992|1|0|7eed4494-b724-407e-9cb6-69c77c53ff07|article-canadas-unvaccinated-not-always-who-you-think-they-are.json|globemail
Ahh, the tolerant left. |Paperboy81|2022-02-20 16:14:33.983|1|0|55ef351a-c2fd-4154-acbb-d9b4bdfc7d58|article-canadas-unvaccinated-not-always-who-you-think-they-are.json|globemail
Its certainly reduces the severity of disease and it certainly reduced transmission early on, yes less now.  Your definition of stupidity is different than mine.  If I could reduce the chances of going to hospital by 8 times why wouldn't you take it?  If I could reduce my chances of a investment going sour by a factor of even 5 I would be a billionaire.|Doug skis out west|2022-02-20 22:55:51.834|1|0|5f28b51b-cf44-4f55-b987-28af904651c0|article-canadas-unvaccinated-not-always-who-you-think-they-are.json|globemail
The language issue is obviously pretty clear when the article states that many of these unvaccinated people don’t understand either French or English and, therefore, have no idea the messaging from public health or government etc. It also means they are far more likely to live below the poverty line and be abused or taken advantage of because they cannot communicate effectively nor comprehend. |Cuevas|2022-02-20 14:23:39.896|1|0|10f57697-7365-446a-b0ec-5cfb2af79e33|article-canadas-unvaccinated-not-always-who-you-think-they-are.json|globemail
Great Post.|IIROC Public Affairs|2022-02-21 23:06:47.584|1|0|84f7a721-7f9e-443f-a6da-f63b4a7e5127|article-canadas-unvaccinated-not-always-who-you-think-they-are.json|globemail
Do you trust a government whose leader has multiple ethic violations? Who cannot remember his black faces, says he experienced groping a young lady differently?   Canadians for the most part did well filtering out all the bad advice and views from multiple sides.|GrabAColdOne|2022-02-20 16:56:45.614|1|0|45c31a7a-466f-4302-95d5-cd5a595e5294|article-canadas-unvaccinated-not-always-who-you-think-they-are.json|globemail
"There's the rub, eh? I mean, yay free-speech - all for it ... and, yet, when people were told it would be a good idea to take animal anti-worm medicine to ""cure"" a disease for which there was a ready vaccine AND they actually believed it, I started to wonder about free speech. Who knew people would believe anything they were told so easily and that these unbelievable beliefs could actually harm them? It may be that too many people (a minority, for sure, but still a lot of people) aren't able to tell truth from lies, even when they are quite transparent. Now, about that free speech thing. "|My2CentsEh|2022-02-20 16:50:09.586|1|0|e1cdd61c-f822-4e97-9da9-f8da7481dbfd|article-canadas-unvaccinated-not-always-who-you-think-they-are.json|globemail
A useful rule of thumb: anybody who blames the vaccination imbroglio on Justin Trudeau or ‘the government’ can be ignored.|MH39|2022-02-20 16:19:27.360|1|0|33c975da-6587-4e02-8791-c42a7b2031c3|article-canadas-unvaccinated-not-always-who-you-think-they-are.json|globemail
I suspect it’s you that didn’t read it. She mentioned the trust factor right off the top. I made a comment on why that might be. You didn’t. You just pulled a Justin and tried to tear me down. It’s people like you who are most often intolerant and the problem. |Cuevas|2022-02-20 18:03:26.024|1|0|f379c548-e8e6-4f63-b65b-372ca37e19e3|article-canadas-unvaccinated-not-always-who-you-think-they-are.json|globemail
Presumably they fought for freedom. Not a government edict to comply with a facemask maddate which has little to no health benefit. |Jack Devainy|2022-02-21 04:01:22.934|1|0|30289aa8-ccca-4b3f-a970-fb55da1f042d|article-canadas-unvaccinated-not-always-who-you-think-they-are.json|globemail
Worthless if not the right material and worthless if not worn correctly, sure.|Kothar|2022-02-20 18:46:45.215|1|0|589ea63a-691e-4410-896b-9333f09abed5|article-canadas-unvaccinated-not-always-who-you-think-they-are.json|globemail
MDAM1,  If you look at the raw numbers in that gold standard Bangladesh study you will see what that 10% (they actually say 12%) actually means.  “About 7.6% of people in the intervention villages reported COVID-19 symptoms compared with about 8.6% of those in the control villages during the eight-week study period.”  “In total, 178,288 people were in the intervention group (masks), and 163,838 people were in the control group.”  So doing the math, 13550 in the masked group got Covid and 14090 in the unmasked group got Covid.  And in both groups >92% did not catch Covid.   The other studies referenced to demonstrate mask effectiveness against Covid transmission are even weaker.   That’s the science.      |app_71556776|2022-02-20 21:59:20.725|1|0|c07c49ab-e7cf-4e8d-97df-235cba914ae9|article-canadas-unvaccinated-not-always-who-you-think-they-are.json|globemail
And masks also seem to have helped us,  especially seniors,  avoid colds and influenza these past two years. My elderly parent usually suffers from several bad colds every year and in the past two years, nada. Can it be the masks and frequent hand washing? I think so. I might take to  wearing masks  in public long into the future just to reduce exposure to air pollution and airborne illnesses. |AYOUNGIN|2022-02-20 19:02:07.851|1|0|d9816eae-3ac2-48cb-ac3e-cf6cde27cc3b|article-canadas-unvaccinated-not-always-who-you-think-they-are.json|globemail
"You must be turning to Fox news for your non science base response that ""masks are worthless"" .  The vast majority of Scientific evidence, not fox & co state categorically  that mask wearing reduces transmissibility per contact by reducing transmission of infected respiratory diseases.  https://www.pnas.org/content/118/4/e2014564118,  the WHO, CDC, Lancet and every other credible medical resource.  "|app_65115117|2022-02-20 16:32:32.249|1|0|f3912123-949b-4637-8993-f0cb050b0348|article-canadas-unvaccinated-not-always-who-you-think-they-are.json|globemail
What?|The Atlantic Edge|2022-02-21 08:31:02.116|1|0|69bca7f0-1866-410e-9dbc-6e6e456566cc|article-canadas-unvaccinated-not-always-who-you-think-they-are.json|globemail
