﻿comment|username|datetime|isreply|num_replies|comment_ids|post_id|label
Wow! Just reported that 25% of the truckers have kids with them. Children's aid society is being called to discuss it. What a mess. Makes it challenging for the police go in for enforcement against the protesters but if I had my kid there, you should really think about leaving before Children's aid deems living in a truck cab during an occupation is dangerous for a child. So irresponsible!|WCG1997|2022-02-08 22:10:14.125|0|5|8501b5c6-533f-4f0e-a93d-331500a7e7c1|article-blair-and-mendicino-meet-with-ottawa-mayor-to-discuss-trucker-convoy.json|globemail
Not once have I heard the overthrow of the government mentioned by protestors. The protestors ask for the removal of Government Mandates so Citizens can participate and prosper within a healthy society.|Jack Reacher|2022-02-08 21:19:17.565|0|4|c045b99a-d90e-47b6-9aa4-8806ab2dbd64|article-blair-and-mendicino-meet-with-ottawa-mayor-to-discuss-trucker-convoy.json|globemail
"Turns out that this little camping trip to Ottawa is the work of the main organizers of something called ""Canada Unity"", a cabal of far right wing extremists (gee, whodda thunk it?) with connections to ""Action4Canada"" (Bill Gates is injecting microchips via vaccine!) and ""Hold Fast Canada"" (Canada is operating concentration camps!) as well as:  - James Bauder, an admitted conspiracy theorist who has endorsed QAnon and called Covid-19 “the          biggest political scam in history"".  - Chris Barber, a Saskatchewan trucker who was fined $14,000 in October for violating provincial public    health measures.  - Tamara Lich, an activist for the Alberta secessionist Maverick Party.  - Benjamin Dichter, who has warned of the “growing Islamization of Canada”  - Pat King an anti-government agitator who has repeatedly called for Trudeau to be arrested.  ""Canada Unity"" issued a “memorandum of understanding” that it says will require the Senate to “go after the prime minister” for “corruption” and “fascism”.  In January organizer Pat King stated that their goals should be ""What we want to focus on is our politicians, their houses, their locations”.  These are the people behind this.  "|Thomas Darcy McGee|2022-02-08 20:25:08.697|0|4|913ec922-f965-4458-a661-a5b17ac43bd7|article-blair-and-mendicino-meet-with-ottawa-mayor-to-discuss-trucker-convoy.json|globemail
I know that this is a conservative promoted problem and that Ford should be asking for the military but is not, in another sorry attempt to save his bacon. But this just isn't within the means of municipal or provincial police to solve.  We have used the military for natural disasters and nursing homes - assisting with an invasion should be the response when the police say they can't cope. Pulling rcmp from other locations will only make those places vulnerable. This is a war and they don't seem to have cottoned on to what they are dealing with.  I keep thinking about Trudeau and his big show of boxing when he was running for election. The cruel reality is that this was empty posturing, designed to make us think that he would defend Canada - when in truth he will not. He should really stand up for Canada and let go of his baggage about his father and use the military to defend our capital.  If he cannot, at this point in time do this, then he should resign as he is not worth of leadership, because he is more afraid of con attacks than he cares about our citizens.  The majority of the country would support this if it is done from a peace keeping and reasonable perspective.   |app_73140336|2022-02-08 20:56:27.418|0|4|bd1c4e43-e686-4f32-8f2a-2220542d3411|article-blair-and-mendicino-meet-with-ottawa-mayor-to-discuss-trucker-convoy.json|globemail
Nice try, minister. Yes they need to leave. But these are not insurgents. Stop labelling your fellow citizens who are “annoyingly” but peacefully protesting as people worthy of your disdain. |Curiousasalways|2022-02-08 21:15:13.559|0|4|ceab7547-80ff-4ac6-b701-1f530d2d36e9|article-blair-and-mendicino-meet-with-ottawa-mayor-to-discuss-trucker-convoy.json|globemail
Perhaps Blair and Mendocino could meet with the truckers, I think that would be more productive. |app_70799841|2022-02-08 21:11:05.243|0|4|bc0dc8fc-a28e-490e-bd62-07c1ae2f24d8|article-blair-and-mendicino-meet-with-ottawa-mayor-to-discuss-trucker-convoy.json|globemail
Who is going to pay the cost for this lawless mob occupying Ottawa costing now $2 million per day for policing alone? - Every Canadian taxpayer. |zuglo9|2022-02-08 19:37:22.497|0|3|e1f54d4f-2c1e-4ad1-88eb-9c59557ff1b0|article-blair-and-mendicino-meet-with-ottawa-mayor-to-discuss-trucker-convoy.json|globemail
I notice the mayor for Windsor is now also demanding RCMP officers. Do they realize every officer sent to their cities comes from a community in western and Atlantic Canada? Communities that are already struggling with their own problem. Policing is a provincial/municipal responsibility. Where are the OPP and regional/municipal police forces in Ontario. The RCMP cannot look after Ontario. |dave1405|2022-02-08 19:56:08.239|0|3|93d84580-6272-4ba7-a780-e0a1867fe564|article-blair-and-mendicino-meet-with-ottawa-mayor-to-discuss-trucker-convoy.json|globemail
These are the people that Conservative Party leaders Pierre Poilievre, Candice Bergen, Marilyn Gladu are offering their support to.  Really?   Seems kind of silly that they would support the overthrow of their own positions in government.  Or are they just supporting the tens of thousands of people who are demonstrating to end the mandates? |BruiseKnee|2022-02-08 21:06:29.150|1|3|ddee377c-ac0e-4230-8490-d4e86339840a|article-blair-and-mendicino-meet-with-ottawa-mayor-to-discuss-trucker-convoy.json|globemail
March the tanks down Wellington Street an crush the demonstrators.  It will be Canadas own Tiananmen Square moment.|yuknon|2022-02-08 19:45:04.970|0|3|82d077de-ec58-49b4-9363-82562073d603|article-blair-and-mendicino-meet-with-ottawa-mayor-to-discuss-trucker-convoy.json|globemail
The solution is so easy, but Trudeau is too stubborn to make it. Drop the ridiculous border mandates for truckers. It's not based on science and is nothing more than a political statement.|Bobbopper|2022-02-08 19:54:37.360|0|3|57a325ff-f038-48a9-90f9-5a76214317d8|article-blair-and-mendicino-meet-with-ottawa-mayor-to-discuss-trucker-convoy.json|globemail
Every protestor knows that if a government was ever to give into their demands it would only encourage  others, the Parliament Hill  protestors know this. In order to bring this to an end those with vehicles blocking the roads should be given 24 hours to vacate. After that police should show up in force and start towing. Advise those that remain that vehicles will be towed and impounded for 45 days while an investigation is carried out. All costs will be passed on to those who own the vehicles. Once you two one of two, the rest will move. |JeffSpooner|2022-02-08 20:26:01.398|0|3|cc9ff71c-8e5e-4e8f-bbb1-ea07ef8fe374|article-blair-and-mendicino-meet-with-ottawa-mayor-to-discuss-trucker-convoy.json|globemail
Potential for a huge mistake, using force on a peaceful protest.  International media (London) indicated being on site and saw no evidence of violent behavior.  A courageous leader (and advisors) would hear what these Canadian have come to Ottawa to discuss.  A coward, will resort to force above dialogue.  Although Trudeau has stated that he admires the Chinese method, I believe the majority of Canadians don't wish to emulate Tiananmen Square.  Much caution needed here. The world is watching. |kidspeed|2022-02-08 19:51:16.049|0|3|292c50bc-0371-4e1e-862e-2abbc10a5094|article-blair-and-mendicino-meet-with-ottawa-mayor-to-discuss-trucker-convoy.json|globemail
Time to bring in the army.  Overwhelming force. Done.|B Tuckwell|2022-02-08 19:25:34.342|0|3|d595aa11-ab8a-4054-b26d-6b125bed8f02|article-blair-and-mendicino-meet-with-ottawa-mayor-to-discuss-trucker-convoy.json|globemail
Unelected people attempting to overturn the Constitutional order are called insurrectionists. |Moseby1|2022-02-08 21:22:09.496|1|2|56cb4f2e-e443-4824-af09-5f59e0c93aad|article-blair-and-mendicino-meet-with-ottawa-mayor-to-discuss-trucker-convoy.json|globemail
That is not a step we should be in a hurry to take in a Democracy. . Still the time has probably come. The US would have called in the National Guard as an aid to the civilian power a long time ago.|OldBanister|2022-02-08 19:45:50.501|1|2|91e0a25e-161d-4f26-a236-03ff270d4fcf|article-blair-and-mendicino-meet-with-ottawa-mayor-to-discuss-trucker-convoy.json|globemail
You mean the turncoat Lightbound who should now cross the floor and join the Conservatives. There will be a trade because there are a few Conservatives not pleased with their parties response and support of this. |dchap|2022-02-08 20:09:32.116|1|2|785c1b84-52fd-4b0e-8e9c-a91e8db1b9d3|article-blair-and-mendicino-meet-with-ottawa-mayor-to-discuss-trucker-convoy.json|globemail
Anti-democracy forces here and in the USA hire a mercenary team of truckers to bring the Canadian government to its knees.  This is what is happening, I don't understand the dithering and confusion being expressed by our government. One citizen convinced a judge to stop the airhorns. Why couldn't the municipal, provincial or federal government do the same 10 days ago?  Something isn't making sense. Other than those occupiers still in Ottawa and elsewhere.|Ian_TO|2022-02-08 19:39:46.249|0|2|8a4b7c84-a49d-4c6b-9643-e6f781493c93|article-blair-and-mendicino-meet-with-ottawa-mayor-to-discuss-trucker-convoy.json|globemail
CBC says it is the Russians?|yuknon|2022-02-08 19:53:02.502|1|2|94096e78-126a-47b7-a951-0b906278dedb|article-blair-and-mendicino-meet-with-ottawa-mayor-to-discuss-trucker-convoy.json|globemail
"To get a point of view of the truckers/ protest that is rarely given in the media: Youtube, search for Freedom Convoy Preemptive SOS Press Conference Feb.7, 2022 | IrnieracingNews"|GMO4|2022-02-08 21:03:37.308|0|2|ee0c0cfe-c820-4db6-b14d-250de11a7d22|article-blair-and-mendicino-meet-with-ottawa-mayor-to-discuss-trucker-convoy.json|globemail
Clear out the rabble rousers, these people DO NOT represent mainstream Canadians.|TorontoGooner|2022-02-08 19:37:24.217|0|2|f037dd08-9d01-48bc-9b5c-c7f9014ea0a0|article-blair-and-mendicino-meet-with-ottawa-mayor-to-discuss-trucker-convoy.json|globemail
Isn't law and order typically a conservative imperative?|B Tuckwell|2022-02-08 19:47:21.712|1|2|4248f225-6127-45d3-a062-3c229151b543|article-blair-and-mendicino-meet-with-ottawa-mayor-to-discuss-trucker-convoy.json|globemail
"Compare honking horns and bouncy castles to this.  ""On the Saturday of the G20 meeting, Chief Bill Blair watched TV news and closed-circuit feeds at police headquarters of the first images of protesters burning police cars and smashing windows. Over the next two days, police arrested 1,118 people, the largest mass arrest in the history of Canada. Among those taken into custody was a TTC employee walking to work in full uniform, who was tackled by police and spent the next 32 hours in a makeshift prison. A 57-year-old employee of Revenue Canada sitting on the grass at Queen’s Park with his daughter was pushed to the ground, his artificial leg torn from his body, before he was dragged to a paddy wagon.""  And now Billy's going to solve this mess Justin created? In a pigs eye. Both of them deserve to be tossed out on their ears. "|Ceejaybee|2022-02-08 19:25:53.376|0|2|e8caa678-35cb-4a3e-9c31-dd1905647641|article-blair-and-mendicino-meet-with-ottawa-mayor-to-discuss-trucker-convoy.json|globemail
This is obviously an anti-truck protest news story that does not attempt to give both sides to the story.|GMO4|2022-02-08 19:55:00.181|0|2|29adba0c-95c6-4c49-b790-b17c0a3d4d5e|article-blair-and-mendicino-meet-with-ottawa-mayor-to-discuss-trucker-convoy.json|globemail
One of the principle organizers, a group known as Canada Unity has said, the best way to end nationwide COVID mandates would be via a de facto overthrow of the federal government.  From National Post: This committee of entirely unelected figures would then “instruct all levels of the Federal, Provincial, Territorial, and Municipal governments to immediately cease and desist all unconstitutional human rights, discriminatory and segregated actions.” If enacted, the memo of understanding would represent an unprecedented dissolution of the federal system and put an abrupt end to 155 years of continuous parliamentary rule. |WCG1997|2022-02-08 21:48:09.967|1|2|208d4d13-887a-47f2-b685-3b90129e9b59|article-blair-and-mendicino-meet-with-ottawa-mayor-to-discuss-trucker-convoy.json|globemail
Watched Mendocino calling them 'insurrectionists' in Parliament.  Canadians should already know where he stands, by his rhetoric.|BruiseKnee|2022-02-08 19:35:59.546|0|2|04c08757-f0da-4722-91b2-45735db3129a|article-blair-and-mendicino-meet-with-ottawa-mayor-to-discuss-trucker-convoy.json|globemail
Well. Blair and Mendicino what are you doing about it except for criticizing the occupiers? Where is action to remove the mob? You let them entrench themselves. You had no plan to protect our nation's capital from occupation by a mob with heavy machinery. You have no plan to protect a bridge that facilitates one quarter of all Canada-US trade. |zuglo9|2022-02-09 01:14:09.581|0|2|37296f08-8103-4c32-8c61-48f471948183|article-blair-and-mendicino-meet-with-ottawa-mayor-to-discuss-trucker-convoy.json|globemail
Where is FORD in all of this? Ottawa protest is not a Federal jurisdiction, it's a Provincial jurisdiction. This is FORD's problem to solve. Even if the Fed's lifted the cross border mandate the US has the same rule so it wouldn't help the truckers anyway. We know the original premise was BS and an excuse for the far right to create chaos. Seems the PC's are going full on GOP on this. Meanwhile FORD hides whenever there is controversy. June can't come fast enough. |KSD888|2022-02-08 20:46:20.179|0|2|9fdc49a1-d4ed-4ac4-9537-f3d34807e44e|article-blair-and-mendicino-meet-with-ottawa-mayor-to-discuss-trucker-convoy.json|globemail
Wake up - the entire country is giving Justin the middle finger. The fool single handily started a global awaking.   RESIGN !!!!!|Rochdale68|2022-02-08 20:53:23.399|1|2|1a3a4d95-3e20-4d92-9f9a-023d5da1bdf2|article-blair-and-mendicino-meet-with-ottawa-mayor-to-discuss-trucker-convoy.json|globemail
Tow trucks drivers in Alberta were called in to tow the rigs.   They showed up and joined the protest !!!   We see you Justin and we reject you.  |Rochdale68|2022-02-08 20:51:49.028|0|2|8af468fe-a5d0-4af4-bf8d-eed5c996afa5|article-blair-and-mendicino-meet-with-ottawa-mayor-to-discuss-trucker-convoy.json|globemail
so what does some lunatic group who call themselves. ''''  Canada Unity '''''  ??? don't associate them with the truckers convey,,, there are all kinds of nut cases in Canada,, as an example there I the liberal government another nut cases group call themselves. '''' the new democrat'e '''  I don't know what was wrong with the '''old democrats,,, then there is the black lives matter group,,, who knows what they want ??? so take a look before you start throwing stones at hard working Canadian truck drivers who want to be in control of their own bodies,,|Robin316|2022-02-08 23:45:10.547|1|1|69b7ab84-558e-47e5-96ec-89cf5e5bcf43|article-blair-and-mendicino-meet-with-ottawa-mayor-to-discuss-trucker-convoy.json|globemail
I have a feeling they'll put pressure on the insurance companies to cancel their policies as a first step so it's still not the government doing it. Then if that doesn't work, they will start to tow and with no insurance if a rig gets damaged, it will be hard to recover anything for damages or fixing the rigs. Otherwise they won't move.|WCG1997|2022-02-08 20:41:08.339|1|1|7a5f08f3-0d44-4d71-a543-65528a9c70b6|article-blair-and-mendicino-meet-with-ottawa-mayor-to-discuss-trucker-convoy.json|globemail
Sending 10,000 officers won't help one bit unless they stop the convoys by letting truckers know they will lose their freedom and their rigs unoess they quit now. The means seizing at least 10 or so rigs and arresting as many truckers. No biggie. The truckers have already said they do not plan to fight arrests.|Westerlies44|2022-02-08 20:22:50.255|1|1|d2c81da3-deda-4de3-8b21-212bcb9fb41d|article-blair-and-mendicino-meet-with-ottawa-mayor-to-discuss-trucker-convoy.json|globemail
Here's a side of the truckers' protest that is not mentionned in most of the media. Press conference: https://www.youtube.com/watch?v=x6fBFdLGUZw&ab_channel=MarcelIrnie|GMO4|2022-02-08 20:58:26.567|0|1|fbc83f7b-e08f-493c-8377-9b19ab1eb271|article-blair-and-mendicino-meet-with-ottawa-mayor-to-discuss-trucker-convoy.json|globemail
Can you imagine the Fed getting involved in Quebec Protest?  Isn't this a provincial matter?   More Liberal Posturing.     Canada has become an international laughing stock. |Tom_TO|2022-02-08 20:16:12.884|0|1|f7908fd5-3414-4ac3-9ecb-093784b51575|article-blair-and-mendicino-meet-with-ottawa-mayor-to-discuss-trucker-convoy.json|globemail
I think your hearing is bad. Or you din’t Want to hear.|Jack Reacher|2022-02-08 22:57:30.270|1|1|2f44ccd1-a44c-47f8-b859-e748f5cc0e29|article-blair-and-mendicino-meet-with-ottawa-mayor-to-discuss-trucker-convoy.json|globemail
Look out citizens of Ottawa!  The thug Blair will have you kettled up for hours in the rain, or snow, even if you hadn't had anything to do with these protests.  Worst Police Chief ever. And such a fine addition to a Liberal government. |Peplerguy|2022-02-08 20:18:32.678|0|1|fe22d27c-c74c-4adf-8d3b-c55899834e97|article-blair-and-mendicino-meet-with-ottawa-mayor-to-discuss-trucker-convoy.json|globemail
What the problem?  Invite the people that are driving or own the tractors (trucks) to leave of their own accord. Give them 12-24 hours max. Inform them they are breaking the law (traffic, parking, etc.). Give them only ONE exit out of town (block all others with heavy equipment).  After the warning period - no one leaves or, if they leave the area before hand (including on foot) they aren't allowed back in under threat of arrest (loitering, causing a disturbance, etc.). Anyone still in the area - same arrest process. Once the area is cleared begin moving the vehicles.  Under armed guard at all times. Full-scale terrorism or insurrection operations.  Use military equipment if necessary, cranes, commandeer tow trucks (for police operations). The tow truck operators will ultimately work with police. If they refuse - use military equipment specialists.  This is our seat of the National Government. It should never be allowed to be occupied and held hostage by militants or terrorists.  Once the vehicles are cleared. Allow those arrested to come and pick up their vehicles. Include storage & removal costs as well as fines.  Charges for the organisers - but that's a whole different issue.|alternative facts|2022-02-08 22:00:25.326|0|1|16d3c27e-01de-4478-9126-eb0072a37af8|article-blair-and-mendicino-meet-with-ottawa-mayor-to-discuss-trucker-convoy.json|globemail
The story does not accurately depict the arsonists who started a fire in an apartment block and secured the doors so no one could get out. It also doesn't describe how the fascists are crying that cutting off their fuel will cause their children and little babies to freeze to death. (more lies and misinformation). This story is far too kind to the racist insurrectionists who want to overthrow the government are using tactical wartime measures to hold citizens ransom and destroy their hearing.  Unfortunately for you, the so called truckers make lots of noise but have nothing of substance or value to say. . If you have something of value to add to the conversation than by all means give it a try. I will be here. |app_73140336|2022-02-08 21:03:48.812|1|1|41d8ba10-9922-4d8e-9bf1-ed91b3094450|article-blair-and-mendicino-meet-with-ottawa-mayor-to-discuss-trucker-convoy.json|globemail
"""Marazzo did not explain how an unelected person can sit with elected lawmakers and form a democratic government."" ______  Now that's journalism. . Give this writer a bonus."|OldBanister|2022-02-08 19:10:04.132|0|1|f7ad9788-5bf7-429d-8c76-be2cdace5288|article-blair-and-mendicino-meet-with-ottawa-mayor-to-discuss-trucker-convoy.json|globemail
If I owned a rig valued at $75 to $250K, I would not risk losing it to police. If they get serious, I would go home.|Westerlies44|2022-02-08 20:25:06.823|0|1|02a288fd-9ec2-4108-bfb3-c44599b07b40|article-blair-and-mendicino-meet-with-ottawa-mayor-to-discuss-trucker-convoy.json|globemail
Elon Musk supports the protesters and he a far better man then any Liberal cabinet member . |PaulAngus|2022-02-08 21:15:40.785|0|1|ead2a07c-8dc5-4d03-b2ca-8a603a293055|article-blair-and-mendicino-meet-with-ottawa-mayor-to-discuss-trucker-convoy.json|globemail
From a link helpfully provided by another poster.  More here:  theguardian.com/world/2022/feb/08/canada-ottawa-trucker-protest-extremist-qanon-neo-nazi  These are the people that Conservative Party leaders Pierre Poilievre, Candice Bergen, Marilyn Gladu are offering their support to. |Thomas Darcy McGee|2022-02-08 20:25:48.967|1|1|ee847f5b-e68c-4170-9495-18ea4708620d|article-blair-and-mendicino-meet-with-ottawa-mayor-to-discuss-trucker-convoy.json|globemail
Charge this mob with insurrection, these are same likeminded losers that attacked democracy in DC on January 6.  It’s time to take the gloves off and strike this trash hard.  |TorontoGooner|2022-02-08 20:30:54.444|1|1|75265b1a-c90a-4b76-a16b-7050d9b29c12|article-blair-and-mendicino-meet-with-ottawa-mayor-to-discuss-trucker-convoy.json|globemail
Your right , only environmental and anti oil blockades allowed in liberal Canada.|DW15|2022-02-09 01:50:26.470|1|1|6873d4ea-64ed-44f3-a861-35957df2ac23|article-blair-and-mendicino-meet-with-ottawa-mayor-to-discuss-trucker-convoy.json|globemail
The truckers should not leave Ottawa until every Indian is compensated for residential schools !!|Canadian Tax Lawyer|2022-02-08 20:26:55.330|0|1|9e936fb5-4f72-496f-9d60-63e62331492d|article-blair-and-mendicino-meet-with-ottawa-mayor-to-discuss-trucker-convoy.json|globemail
Yeah, sorta like our medical officers of health having a run of the place for the past two years.|anduril101|2022-02-08 19:39:04.564|1|1|80b34bba-8247-456b-8560-14262296989b|article-blair-and-mendicino-meet-with-ottawa-mayor-to-discuss-trucker-convoy.json|globemail
Hey guys - the time for talk is long over (tough talk and condemnations are lame and reflect an utter lack of leadership). Time to dismantle the barricades, arrest the protestors, impose heavy fines, cancel licenses and insurance (what company would cover damages for using trucks for purposes it was not intended) . . .|P S1|2022-02-08 21:14:46.009|0|1|c863f41f-a5be-4c77-9bd6-11f4282a04cd|article-blair-and-mendicino-meet-with-ottawa-mayor-to-discuss-trucker-convoy.json|globemail
No\ot sure how much of an education ourPremiere has.Obviously not a requirement|Elllen|2022-02-08 22:43:07.001|1|1|d365b282-b018-4284-abde-13cc3d254463|article-blair-and-mendicino-meet-with-ottawa-mayor-to-discuss-trucker-convoy.json|globemail
"Tell the ""truckers"" to get an education first and then get elected. "|Moseby1|2022-02-08 21:24:10.229|1|1|f6f4d0e1-1a75-40d1-8e64-20b217c9d328|article-blair-and-mendicino-meet-with-ottawa-mayor-to-discuss-trucker-convoy.json|globemail
When all else fails they eventually have to  participate.|James Mitchelson|2022-02-08 20:52:00.913|0|1|8d864014-a665-4de5-84cd-2fc8b0ba477e|article-blair-and-mendicino-meet-with-ottawa-mayor-to-discuss-trucker-convoy.json|globemail
Hard to imagine such ideological nonsense concentrated in one spot.|MarieHinge1|2022-02-08 21:10:23.970|0|1|73318574-7848-4eb8-9670-147833908902|article-blair-and-mendicino-meet-with-ottawa-mayor-to-discuss-trucker-convoy.json|globemail
I know that this is a conservative promoted problem  Trudeau should have defused this with dialogue on day one. |BruiseKnee|2022-02-08 21:01:27.688|1|1|a84cac2c-876f-465d-95df-5df42f9b890c|article-blair-and-mendicino-meet-with-ottawa-mayor-to-discuss-trucker-convoy.json|globemail
They can all go to Saskatchewan.  Moe says -  no moe masks - no moe restrictions.|jangm|2022-02-08 20:57:16.609|0|1|7dbd8f0c-ddb0-4c9d-b724-96d6838a7f3e|article-blair-and-mendicino-meet-with-ottawa-mayor-to-discuss-trucker-convoy.json|globemail
Even if they lifted them tomorrow the US has them in place so nothing would change. |dchap|2022-02-08 20:02:00.929|1|1|1eb26e8d-f05b-4e55-b510-9e81efb9b923|article-blair-and-mendicino-meet-with-ottawa-mayor-to-discuss-trucker-convoy.json|globemail
Certainly a bit premature to end mask mandates in the northern climes. We live a lot indoors with generally poor ventilation systems. |Milamarc|2022-02-08 21:58:07.384|0|1|aecdfa28-a2ef-4b4f-8b53-864e51d49980|article-blair-and-mendicino-meet-with-ottawa-mayor-to-discuss-trucker-convoy.json|globemail
where is the boo button. respect is not an option. you can't bring in military like some far right wing or left wing government would do.  Dr Trudeau reached out to India and said he wanted dialogue for the Indian tractor convoy protests in India and that all protesters deserve to be heard. He said he understood and supported BLM marches even after looting, violence and businesses being set on fire.  But he taunts, defames and spreads lies about the truckers rather than calming the situation. The world is disgusted with this immature lack of leadership.   |dave1409|2022-02-09 01:06:09.138|1|1|94acf2c6-4f81-4870-b610-5a7499560f43|article-blair-and-mendicino-meet-with-ottawa-mayor-to-discuss-trucker-convoy.json|globemail
4) manhandle 4’-10” seniors to show everyone who’s boss. |app_70799841|2022-02-09 12:22:36.992|1|1|d38e73f7-c7f0-47ec-8ef6-1a439ec218e4|article-blair-and-mendicino-meet-with-ottawa-mayor-to-discuss-trucker-convoy.json|globemail
Why sue ? Here's a plan.  Start laying charges, for  mischief , and go after the organizers first. Let them out on bail , on the condition that they stay out of downtown Ottawa , except to go to court . And seize their trucks . |People's Judean Front|2022-02-08 19:36:44.391|1|1|cc75229d-f2a2-4ce9-8c75-bf1ca9a3af72|article-blair-and-mendicino-meet-with-ottawa-mayor-to-discuss-trucker-convoy.json|globemail
The NDP and the Bloc will do no truck or trade with these truckers. |dchap|2022-02-09 00:04:15.176|0|1|ae005687-bebd-41d6-b7e9-246f33e996fb|article-blair-and-mendicino-meet-with-ottawa-mayor-to-discuss-trucker-convoy.json|globemail
"Watson has said the city is keeping a tally of all extraordinary costs associated with the protest and will seek compensation from higher levels of government when the protest finally ends.  ""seek compensation from higher levels of government""????!!!!!  Seriously? We'll help as Canadians, we always do. But, first of all start suing the tracker's organizers as well as the truckers themselves. After all, it is not the average Canadian that is responsible for this mammoth display of far-right lunacy, it is a minuscule minority of unhinged far-right specimens that have succeeded in giving a bad name to the trucking industry.  Sue their ""derriere"" off.............without fail.  . "|Ivan Dobren|2022-02-08 19:30:11.476|0|1|40ef61e8-32e4-4b60-bf6b-e0e38ec3fe32|article-blair-and-mendicino-meet-with-ottawa-mayor-to-discuss-trucker-convoy.json|globemail
Instead they should meet with the protesters and talk to them.|GMO4|2022-02-08 19:52:45.584|0|1|190cbbd8-ed39-4db8-8300-33a740c40118|article-blair-and-mendicino-meet-with-ottawa-mayor-to-discuss-trucker-convoy.json|globemail
Yet the court cases against the police action dragged on for years and cost the province millions in damages.|Bobbopper|2022-02-08 19:57:48.622|1|1|922f9a3a-4198-4c14-b9a8-8c832414e6c3|article-blair-and-mendicino-meet-with-ottawa-mayor-to-discuss-trucker-convoy.json|globemail
awww, the protesters actually think the NDP wants to have something to do with them....cute.  The last NDP zoom call I listened in on, someone came on and verbally harassed one of the speakers with a racial slur, it was about the protests.  So, no, I think it's fair to say dear protesters that that ship has sailed.  |AE|2022-02-08 23:54:47.514|0|1|65d72d01-93d9-4635-874f-9023e8b84e1b|article-blair-and-mendicino-meet-with-ottawa-mayor-to-discuss-trucker-convoy.json|globemail
The protests ended when the G20 ended. Onevday. Compare indeed.|Bob.McK|2022-02-08 19:48:57.148|1|1|681a6cc7-9ee4-4e57-9f7d-28ac38ee77a8|article-blair-and-mendicino-meet-with-ottawa-mayor-to-discuss-trucker-convoy.json|globemail
Most of the people are confined to their homes by high taxation in Canada. We want to get rid of that too.|Jack Reacher|2022-02-08 22:58:42.570|1|1|cd2457b9-5452-42bc-99cb-d7b7fed7dd57|article-blair-and-mendicino-meet-with-ottawa-mayor-to-discuss-trucker-convoy.json|globemail
Not according the Liberal MP Lightbound?|yuknon|2022-02-08 19:47:22.977|1|1|802c4eed-17d8-47e6-b9ab-fa350169845c|article-blair-and-mendicino-meet-with-ottawa-mayor-to-discuss-trucker-convoy.json|globemail
Polievere and Bergen should invite all the protesting truckers to their neighbourhoods for a 24/7 honking good time, with air horns, outdoor saunas, fireworks and bodily function demonstrations on the neighbour's front doors.  I am sure the protestors will be happily accepted as family.  The Trojan Horse that slipped into Ottawa with the protestors has duped them into providing cover. It was either carelessness, incompetence, sympathy or plain ignorance on the part of OPS. It is going to get worse. |FlorenceMK|2022-02-08 22:19:59.048|0|1|41f9dfe6-da1e-4267-b279-cc97a6e5eada|article-blair-and-mendicino-meet-with-ottawa-mayor-to-discuss-trucker-convoy.json|globemail
1. Arrest. 2. Massive fines 3. Civil forfeiture|news reader 2020|2022-02-09 01:43:52.425|0|1|61d6b28f-1225-4183-a09c-eb498ea02c53|article-blair-and-mendicino-meet-with-ottawa-mayor-to-discuss-trucker-convoy.json|globemail
who reported that number? The media or government who said it was a small protest.  let me get his straight The Liberals use our tax dollars to buy up the hotel rooms and instruct hotels not to rent rooms to the truckers. So they are forced to live in their trucks with their family. Then the police confiscate the fuel depot so they can't heat or run their trucks in freezing weather, Then the so called bleeding hearts might send in child services to traumatize the kids by removing them from their family because they are forced to live in the trucks.    |dave1409|2022-02-09 00:28:29.631|1|1|3cbea6fa-12d6-40a4-b8c5-049adbf63ee9|article-blair-and-mendicino-meet-with-ottawa-mayor-to-discuss-trucker-convoy.json|globemail
It's what it is, when you threaten the state and democracy it is called insurrection.|TorontoGooner|2022-02-08 19:49:26.041|1|1|56905bf3-f5b3-477c-b8d6-fbb575b18369|article-blair-and-mendicino-meet-with-ottawa-mayor-to-discuss-trucker-convoy.json|globemail
There has been nothing peaceful about this protest. Women particularly have been harrassed and molested. Wear a mask and you are a target to be hassled and harrassed. They have hassled and harrassed health care workers at a nearby hospital. They have urinated and defecated on peoples door steps. Honking all night keeping residents awake in their homes tearing their hair out because  they can't get any sleep. A number who could have moved elsewhere to stay with friends or relatives. Businesses shut down. An entire mall shut down. Destruction of property. People prevented from getting to work, the bank, their medical appointments.  There was even an arson attempt at an apartment building where some residents from the apartment building had confronted the truckers. There has been numerous arrests and dozens of criminal investigations are underway. Peaceful? This has been anything but. |dchap|2022-02-08 20:08:18.201|1|1|a51b5879-bd2c-46dc-b01d-50044564bef0|article-blair-and-mendicino-meet-with-ottawa-mayor-to-discuss-trucker-convoy.json|globemail
Yes.  How about some drone strikes too?  The Canadian left have left their senses.|BruiseKnee|2022-02-08 19:36:57.750|1|1|083ac448-0655-40c9-af76-c40a12f8848b|article-blair-and-mendicino-meet-with-ottawa-mayor-to-discuss-trucker-convoy.json|globemail
Actions have consequences. They've put their children in a volatile and dangerous situation. They should be prepared for the consequences of that. Zero sympathy if they are taken away.|Guest_1840|2022-02-08 22:57:25.311|1|1|ba093dc2-3629-40bb-92d2-a061daec815e|article-blair-and-mendicino-meet-with-ottawa-mayor-to-discuss-trucker-convoy.json|globemail
One never gives in to mob rule and mob disorder. The role of the state is to ensure that the rights of the majority are protected.  Get rid of these thugs by whatever means.   |TorontoGooner|2022-02-08 19:58:25.386|1|1|e94b1760-c205-4e09-a638-f771c39b0b9b|article-blair-and-mendicino-meet-with-ottawa-mayor-to-discuss-trucker-convoy.json|globemail
It seems like the socialists in power are losing; As the senseless hyperventilating seems to only increase.   Irony of all ironies, it seems like the protesters are calm.   It’s like upside down world over there. |M. Grimaldi|2022-02-09 04:19:43.312|0|1|a1ff0fd7-599f-4033-ba4b-ce7c407ef62d|article-blair-and-mendicino-meet-with-ottawa-mayor-to-discuss-trucker-convoy.json|globemail
Quite the sweetheart, aren't you.  What do you do for an encore, speed through school zones  ?|app_69680838|2022-02-09 19:26:47.943|1|0|93ad2343-8550-4938-b554-38f6f1589f19|article-blair-and-mendicino-meet-with-ottawa-mayor-to-discuss-trucker-convoy.json|globemail
Absolutely 0 leadership from any of these clowns . |DW15|2022-02-09 01:44:27.436|1|0|13aef311-b3f1-43be-be87-8966fbc8ef8d|article-blair-and-mendicino-meet-with-ottawa-mayor-to-discuss-trucker-convoy.json|globemail
Re:  Tom Marazzo's comments, “He’s got a 22-calibre mind and a 357 world.” That comes straight out of an episode of the West Wing. See a youtube clip here - https://www.youtube.com/watch?v=IdnyiotdLFw  Very dweebish but I suppose one works with what one has.  I agree, some of these folks are delusional. |uncivilservant|2022-02-09 10:58:54.736|0|0|9e1318f8-e291-46a2-9232-ae70ebf6da54|article-blair-and-mendicino-meet-with-ottawa-mayor-to-discuss-trucker-convoy.json|globemail
Only the guerillas' carefully coordinated agitators are excited, everyone else is calmly waiting for the blockades to be removed.|Bruce0|2022-02-10 04:32:36.423|1|0|c7959cd2-e8b8-4eb6-a4a5-8ae35e459a62|article-blair-and-mendicino-meet-with-ottawa-mayor-to-discuss-trucker-convoy.json|globemail
They can all go to Saskatchewan.               GMO4  Moe just said -  no moe masks - no moe restrictions.|jangm|2022-02-08 21:10:35.650|1|0|e193fd97-3e9d-4156-b4bc-0cfafd59c1b6|article-blair-and-mendicino-meet-with-ottawa-mayor-to-discuss-trucker-convoy.json|globemail
Hey, Biil Blair.  Fixed that gang and illegal smuggled hand guns problem from your time as Toronto Chief of Police yet?  Or did taking away rifles from the law abiding public have ulterior motives?|Tryin' Hard|2022-02-09 00:49:27.053|0|0|5d9e36d4-3ee1-44fa-9fcc-70594621b7cc|article-blair-and-mendicino-meet-with-ottawa-mayor-to-discuss-trucker-convoy.json|globemail
New survey found that 65 per cent thought the trucker convoy in Ottawa was a “small minority of Canadians who are thinking only about themselves and not the thousands of Canadians who are suffering through delayed surgeries and postponed treatments because of the growing pandemic.” Fifty-seven per cent thought the convoy was not about vaccine mandates but “an opportunity for right-wing supremacist groups to rally and voice their frustrations about society.”|JW95|2022-02-08 21:13:37.441|0|0|bab85f7b-9386-41de-b476-41e1803b0504|article-blair-and-mendicino-meet-with-ottawa-mayor-to-discuss-trucker-convoy.json|globemail
Pretty sure your prime minister’s degree was bought for him .|DW15|2022-02-09 01:51:46.113|1|0|b724cb31-08c0-42de-8766-a82b2e5f6fbb|article-blair-and-mendicino-meet-with-ottawa-mayor-to-discuss-trucker-convoy.json|globemail
Their point of view (if they really had one) has been hijacked by US right wing extremists ideology that has infiltrated groups in Canada.  |TorontoGooner|2022-02-08 21:13:23.558|1|0|b6a6b6c8-bf4a-4217-bba8-f14028bb128a|article-blair-and-mendicino-meet-with-ottawa-mayor-to-discuss-trucker-convoy.json|globemail
Sure.  Let's go meet them at the Fifth Wheel.in Cornwall! |Flying Dutchman Canada|2022-02-08 21:17:53.993|1|0|f2c133ca-dbd4-443b-96cc-4ad272a0ded9|article-blair-and-mendicino-meet-with-ottawa-mayor-to-discuss-trucker-convoy.json|globemail
I expect that if anyone looked into the police, you would find many have called in sick, and most won't accept overtime, because they believe in the protest, and therefore are standing around doing nothing.  They should all be fired!  They are as right wing as the protestors, which is why nothing is getting done.|dim|2022-02-09 18:53:22.321|1|0|69fb2489-7b33-4a59-95de-5823187028d2|article-blair-and-mendicino-meet-with-ottawa-mayor-to-discuss-trucker-convoy.json|globemail
Blair has a history of dealing of rounding up folks for no reason...especially in the rain.  Remember the G20?  He was a disgrace to his uniform then, and now he is a cabinet minister!    A nice sideways move.  Is this ok, G&M?|Peplerguy|2022-02-08 21:19:43.938|1|0|9aab96fc-6b74-4221-8741-e7bd72638a81|article-blair-and-mendicino-meet-with-ottawa-mayor-to-discuss-trucker-convoy.json|globemail
Admit the government is wrong  |George dog|2022-02-09 03:56:23.312|0|0|7fde9051-1183-4911-9728-2161437b2b0a|article-blair-and-mendicino-meet-with-ottawa-mayor-to-discuss-trucker-convoy.json|globemail
Marazzo said he had “an ample amount of support and a lot of people that seem to want me here, and I’m not going home until the job is done,” This is what Poilievre gave legitimacy to.      Delusional. |Not the Alliance|2022-02-09 00:28:40.709|0|0|3bb58de6-1e9b-47d8-845f-cf86f2288e64|article-blair-and-mendicino-meet-with-ottawa-mayor-to-discuss-trucker-convoy.json|globemail
If you are talking about these insurgents' pea brains, I agree.|MavnGoose|2022-02-08 21:19:29.472|1|0|2f7b8f1f-6635-4dd0-a9d9-44f4300afab8|article-blair-and-mendicino-meet-with-ottawa-mayor-to-discuss-trucker-convoy.json|globemail
Sure. Meet with insurgents to discuss their demands to disband democracy.|MavnGoose|2022-02-08 21:18:54.542|1|0|891ed30a-f93b-4cfa-a000-b8a5b6ffaecd|article-blair-and-mendicino-meet-with-ottawa-mayor-to-discuss-trucker-convoy.json|globemail
Boring|yyc2017|2022-02-08 22:44:27.089|1|0|d7d11f2e-ed98-49e9-8926-d64ca44a4613|article-blair-and-mendicino-meet-with-ottawa-mayor-to-discuss-trucker-convoy.json|globemail
If you're going to engage in non-violent civil disobedience, you have to be prepared to be arrested. Its the trade-off. If you can't accept that, the other types of protest should be used.|AE|2022-02-09 03:10:27.408|1|0|17d1c0e1-95c2-453c-9e97-7c1e48a4753b|article-blair-and-mendicino-meet-with-ottawa-mayor-to-discuss-trucker-convoy.json|globemail
Or maybe you are just selectively deaf. |dchap|2022-02-09 00:07:29.596|1|0|44e6d9c3-b098-4179-87e5-d2773b09aa17|article-blair-and-mendicino-meet-with-ottawa-mayor-to-discuss-trucker-convoy.json|globemail
We get vaccinated so we don't have to wear mask or lock down. If you are one of the few who cant get vaccinated don't go in risky environments. We cant lock down 99.9% of the population forever.  I guess if everyone had a N95 mask it could help a little when someone gets to close but In closed spaces with poor ventilation none of the masks help. That has been well know for a long time even though many won't report it. State controlled I guess. That fool in Ottawa went out with a cloth mask and no social distancing to support the BLM march, thus going against the science he always talks about. Nice example of what not to do,|dave1409|2022-02-09 01:23:11.780|1|0|4a9fcde8-6739-4b52-80f6-7de1d68f625c|article-blair-and-mendicino-meet-with-ottawa-mayor-to-discuss-trucker-convoy.json|globemail
you can't bring in military like some far right wing or left wing government would do Offer the anarchists the chance to leave peacefully. Give them 12-24 hours max.  Additionally, if the tow truck operators refuse to cooperate, commandeer their vehicles (for official police operations).  Utilise military equipment specialists to tow and move the trucks, etc. They know how to do these things - because they are specialists.  If the police are determined and equipped they can do this.  I don't see the issue.  This is a situation where our governmental precinct is under siege. It needs to stop ASAP.  RCMP, OPP, officers from other police services, Ottawa city police, and Military technical support (under the direction of police) is not a direct military action. |alternative facts|2022-02-09 01:53:51.106|1|0|99825838-2029-495d-88d3-955d109aeb7d|article-blair-and-mendicino-meet-with-ottawa-mayor-to-discuss-trucker-convoy.json|globemail
Nothing to see here, the fear mongering from the left continues|Dolbydo2002|2022-02-08 21:43:31.540|0|0|59295d30-1023-455f-8027-bd49f1487180|article-blair-and-mendicino-meet-with-ottawa-mayor-to-discuss-trucker-convoy.json|globemail
Kids have probably been living with them for years.This is a nice break for the kids,|Elllen|2022-02-08 22:37:18.094|1|0|7aab2319-c825-4381-a3de-242299c63cf7|article-blair-and-mendicino-meet-with-ottawa-mayor-to-discuss-trucker-convoy.json|globemail
exactly, well said it has also showed us the serious problem of this government not listening to us and thinking we work for their agenda. One more good Liberal has resigned today. the others are fired. This is a rogue party and has been taken over by the far left who only care about their radical agenda.|dave1409|2022-02-09 01:09:10.539|1|0|339cec70-a34f-4200-b937-4e6d83668939|article-blair-and-mendicino-meet-with-ottawa-mayor-to-discuss-trucker-convoy.json|globemail
The adults (such as they are) should face the consequences for their actions.  The children are unwilling (in the sense of being unable to make an informed choice) participants and they most certainly have my sympathy.|app_69680838|2022-02-09 19:31:05.867|1|0|e2f7ae3c-afdb-4060-bae5-78514038a2d5|article-blair-and-mendicino-meet-with-ottawa-mayor-to-discuss-trucker-convoy.json|globemail
Probably when you were taking a couple of winks or drinks, lad...?  Try to keep up as it is not that hard!|FlorenceMK|2022-02-08 23:23:09.015|1|0|9728d228-6b28-47ab-b72c-d6e15dc2387d|article-blair-and-mendicino-meet-with-ottawa-mayor-to-discuss-trucker-convoy.json|globemail
You’re paying attention.|Jon Q Public|2022-02-08 22:45:31.110|1|0|468bc8a0-51fa-4e47-815c-c17d3411360d|article-blair-and-mendicino-meet-with-ottawa-mayor-to-discuss-trucker-convoy.json|globemail
"1) The main organizers of the convoy include ""Canada unity"" 2) Its not really a truckers protest, very few of the protesters are actually truckers, and even fewer are Canadian truckers.  Considering there are over 130,000 truckers in Canada, the few causing a ruckus are just that a few. Don't call it a truckers protest because most truckers are hard working people who work long hours to support our system and their families. "|AE|2022-02-09 03:07:19.160|1|0|7bb1d57a-1044-4f8f-83f5-f9406a295ef7|article-blair-and-mendicino-meet-with-ottawa-mayor-to-discuss-trucker-convoy.json|globemail
Human shields? |Michael_L|2022-02-08 23:18:15.189|1|0|a463bb17-7201-41f0-ac73-827f82c5e4b9|article-blair-and-mendicino-meet-with-ottawa-mayor-to-discuss-trucker-convoy.json|globemail
Just drive your trucks home to sleep, then take the LRT in the next day to protest the way that most law-abiding Canadians do |Ponders|2022-02-09 04:10:36.570|1|0|6a8124f2-2dba-49fd-9020-77c63c30079a|article-blair-and-mendicino-meet-with-ottawa-mayor-to-discuss-trucker-convoy.json|globemail
The bloc would if the truckers let Quebec Separate|S Why|2022-02-09 12:21:00.121|1|0|c0360830-ab35-42c1-a31a-8e6cd5bcfd82|article-blair-and-mendicino-meet-with-ottawa-mayor-to-discuss-trucker-convoy.json|globemail
Having children in the convoy is a tactic!  You see how it limiting police action.|Sweet Red Dog|2022-02-09 23:06:55.485|1|0|59916770-30af-46c1-99cd-6804fa66eecb|article-blair-and-mendicino-meet-with-ottawa-mayor-to-discuss-trucker-convoy.json|globemail
He is tge epitome of the rich person who does not have to care.|Milamarc|2022-02-08 21:56:24.756|1|0|6d356ea3-9ef9-494a-8c1e-0e31793721d2|article-blair-and-mendicino-meet-with-ottawa-mayor-to-discuss-trucker-convoy.json|globemail
Jack - Texas and Florida beckon. If you want to get out of paying taxes perhaps you should answer their call.|doug's a slug|2022-02-09 00:56:28.166|1|0|eaf2b2f1-560f-4e9c-a783-dd1a9735b5ea|article-blair-and-mendicino-meet-with-ottawa-mayor-to-discuss-trucker-convoy.json|globemail
Mendicino, the King of Smarmy, yuch....I need a shower.|yyc2017|2022-02-08 22:43:29.196|0|0|03f53754-2ffc-4d06-9175-d93bbd422866|article-blair-and-mendicino-meet-with-ottawa-mayor-to-discuss-trucker-convoy.json|globemail
headline : Blair and Mandicino blasts protesters  reality : inside the walled garden Blair and Mandicino speak to reporters in news conference |rollin hand1|2022-02-08 23:12:22.155|0|0|0c94b4e5-e1b9-4242-84a6-a85b8ce7238b|article-blair-and-mendicino-meet-with-ottawa-mayor-to-discuss-trucker-convoy.json|globemail
right on,  the hateful liberals are out in force trying to tarnish any one who disagrees with them, following their dope smoking prime minister..|Robin316|2022-02-08 23:47:19.053|1|0|f3fdcbb5-f2c2-468a-a949-5773ed64b03e|article-blair-and-mendicino-meet-with-ottawa-mayor-to-discuss-trucker-convoy.json|globemail
Curious... Most are dupes for the real reason this thing is happening.  The key ones are are militants, insurrectionists, anarchists, any of these terms apply here. Don't let the bouncy castles fool you.|alternative facts|2022-02-08 22:03:25.595|1|0|7000f015-8d56-4197-bc97-b9b806765025|article-blair-and-mendicino-meet-with-ottawa-mayor-to-discuss-trucker-convoy.json|globemail
They are palpably not peaceful and they are breaking the law. Lots of laws.|Sceptic29|2022-02-08 21:52:39.434|1|0|ad9a68e8-89fd-4f72-89d2-3511ca290496|article-blair-and-mendicino-meet-with-ottawa-mayor-to-discuss-trucker-convoy.json|globemail
What a moronic comment |Sledder1205|2022-02-09 00:31:18.043|1|0|9d07add0-375e-4732-877e-b8c32413222e|article-blair-and-mendicino-meet-with-ottawa-mayor-to-discuss-trucker-convoy.json|globemail
And insurrectionists is what the Liberal friendly media such as the CBC and the G&M have been calling the Truckers since they arrived in Ottawa.  Other hurtful words the media has used include mercenaries and occupiers, besides calling them lawless.  Wonder when the media will begin attacking Lightfoot?|Torytwo|2022-02-08 22:22:51.387|1|0|3d98a33c-7eac-4d24-93ec-170863e6dbf5|article-blair-and-mendicino-meet-with-ottawa-mayor-to-discuss-trucker-convoy.json|globemail
More right wing propaganda, we are not stupid.|TorontoGooner|2022-02-08 21:15:05.439|1|0|dfcc5db9-394d-434c-80b1-a6b2df5a6d66|article-blair-and-mendicino-meet-with-ottawa-mayor-to-discuss-trucker-convoy.json|globemail
lol        Lawyer.|jangm|2022-02-08 20:58:17.648|1|0|3ec96210-5c84-4ca1-884f-095c5f14d02a|article-blair-and-mendicino-meet-with-ottawa-mayor-to-discuss-trucker-convoy.json|globemail
they would double the population of Saskatchewan|pebbles1987|2022-02-08 21:49:05.057|1|0|b9ddbdc1-3eb3-4ffe-9f22-719e7139dc5c|article-blair-and-mendicino-meet-with-ottawa-mayor-to-discuss-trucker-convoy.json|globemail
Tanks?   Doesn’t Canada only have one operational tank?|kws6000|2022-02-08 20:37:35.410|1|0|e645c2b6-850c-40fe-84fd-b09d836c7775|article-blair-and-mendicino-meet-with-ottawa-mayor-to-discuss-trucker-convoy.json|globemail
Do you mean anti liberal rousers?|john l gee|2022-02-08 20:41:51.988|1|0|668033b0-982d-4544-9c66-ed25f846bfb3|article-blair-and-mendicino-meet-with-ottawa-mayor-to-discuss-trucker-convoy.json|globemail
And make sure to rough-up any passersby showing solidarity with (or even curiosity toward) the protesters.  The older, and weaker, the better - lest anyone doubt how tough you really are.   Pour encourager les autres, and all that.  And, if they still show any cheek, given em a whiff of the 'ol grapeshot.  https://torontosun.com/news/provincial/warmington-arrested-78-year-old-great-grandfather-meant-no-harm-by-honking   Clap - clap - clap.  |anduril101|2022-02-08 19:37:49.087|0|0|00d0b10b-602b-4b74-88be-5a2606f0a77c|article-blair-and-mendicino-meet-with-ottawa-mayor-to-discuss-trucker-convoy.json|globemail
So backbenchers, under the Liberals, do not represent the views of their constituents, just the party line.|yuknon|2022-02-08 20:19:42.481|1|0|96fed8d0-3a3f-46ab-9edc-a7bf9dea59e0|article-blair-and-mendicino-meet-with-ottawa-mayor-to-discuss-trucker-convoy.json|globemail
Do you think Lightbound's constituents support what these ruffians have done during the past week?  The majority of Canadians are appalled by the behaviour of protestors and anti-government groups  and equally appalled by the inaction of the Ottawa Police.  I doubt Lightbounds' constituents will support his position, rather they  will support the Quebec Premier's actions to prevent such hooliganism in his province.  |An Informed Source|2022-02-08 20:56:09.731|1|0|55566c06-8988-482e-893b-ec3d20b462fa|article-blair-and-mendicino-meet-with-ottawa-mayor-to-discuss-trucker-convoy.json|globemail
And Trump, and Harper.|kws6000|2022-02-08 20:41:20.742|1|0|92b38830-b6f7-4ea5-8fd0-ebff1e6daf42|article-blair-and-mendicino-meet-with-ottawa-mayor-to-discuss-trucker-convoy.json|globemail
CBC says it is the Russians?  Yep.  They've jumped the shark too.  www.dailymail.co.uk/news/article-10468751/CBC-spreading-conspiracy-theory-Russian-actors-trucker-vaccine-mandate-protests.html |BruiseKnee|2022-02-08 21:03:24.592|1|0|afbb68ec-ecd0-403c-a394-7298290fe3a9|article-blair-and-mendicino-meet-with-ottawa-mayor-to-discuss-trucker-convoy.json|globemail
What an absurd post. Our police aren't going to harm anyone unless there is violent resistance. They will, however, eventually arrest the protesters and seize the vehicles blocking our major roads and supply lines (e.g., border points).|dublin44|2022-02-08 20:38:31.293|1|0|ed069468-fd53-4cac-a951-b1c0c7776d41|article-blair-and-mendicino-meet-with-ottawa-mayor-to-discuss-trucker-convoy.json|globemail
What dont we pay for?|Since When|2022-02-08 20:38:00.945|1|0|28d8e701-2936-412b-b6b6-1fca92757e54|article-blair-and-mendicino-meet-with-ottawa-mayor-to-discuss-trucker-convoy.json|globemail
Yikes!!!|WEE1|2022-02-08 21:28:26.829|1|0|67c8aa9c-7884-458a-90a6-ba47261c3fab|article-blair-and-mendicino-meet-with-ottawa-mayor-to-discuss-trucker-convoy.json|globemail
And then clear out Caledonia, right?|kws6000|2022-02-08 20:36:26.046|1|0|3bd05800-7bac-460e-a6bc-8e3fe549779e|article-blair-and-mendicino-meet-with-ottawa-mayor-to-discuss-trucker-convoy.json|globemail
Really, think you are over doing it.  With all the smart phones out there in the day and age how come there are no video's to prove your claim|app_73019566|2022-02-08 22:18:59.947|1|0|d2e06a23-6a56-43e6-8369-1aa4e2521af2|article-blair-and-mendicino-meet-with-ottawa-mayor-to-discuss-trucker-convoy.json|globemail
"International media (London) explained the organizers behind this blockade. It is titled:  ""5G and QAnon: how conspiracy theorists steered Canada’s anti-vaccine trucker protest  Ottawa’s occupation was a result of unrivaled coordination between anti-vax and anti-government organizations""  https://www.theguardian.com/world/2022/feb/08/canada-ottawa-trucker-protest-extremist-qanon-neo-nazi   I hope that it is not your peer group!  You have been duped!   "|Flying Dutchman Canada|2022-02-08 20:16:21.501|1|0|e5ea9c78-66bc-4d6f-99db-b182e2789f4f|article-blair-and-mendicino-meet-with-ottawa-mayor-to-discuss-trucker-convoy.json|globemail
You don't talk to people advocating the overthrow of the government which is what they want. |dchap|2022-02-08 20:02:30.124|1|0|57bbe477-5f60-4c2d-8ecf-ae5107a39c3b|article-blair-and-mendicino-meet-with-ottawa-mayor-to-discuss-trucker-convoy.json|globemail
We would get unvaxxed US truckers.  God knows where they have been!|Flying Dutchman Canada|2022-02-08 20:12:12.245|1|0|89e74cc3-5f0c-445d-91b8-3ae0e44d0929|article-blair-and-mendicino-meet-with-ottawa-mayor-to-discuss-trucker-convoy.json|globemail
...these people DO NOT represent mainstream Canadians. Since when was representing mainstream Canadians a condition for protesting?|BruiseKnee|2022-02-08 20:31:58.156|1|0|2ddf2f70-3790-44f2-8012-46e8818c032a|article-blair-and-mendicino-meet-with-ottawa-mayor-to-discuss-trucker-convoy.json|globemail
Plus the cost of hospital health care for the unvaccinated also borne by taxpayers.  Remind me who the elite are again? |Alison_D|2022-02-08 19:59:08.766|1|0|4794d4c0-a35d-4038-ae05-24e692497af5|article-blair-and-mendicino-meet-with-ottawa-mayor-to-discuss-trucker-convoy.json|globemail
Sorry, the solution is to give in to blackmail? That's never an option.|Just gave up|2022-02-08 20:43:39.573|1|0|5413ba52-8957-4d8e-aa0b-090e93e9ca6d|article-blair-and-mendicino-meet-with-ottawa-mayor-to-discuss-trucker-convoy.json|globemail
The US That's all we hear.                      OB  Americans.  US.  Buzz Off.|jangm|2022-02-08 21:08:40.566|1|0|a5accf2f-8e36-452f-bc7f-988baa0eaa78|article-blair-and-mendicino-meet-with-ottawa-mayor-to-discuss-trucker-convoy.json|globemail
"How is your comment a ""reply"" to anything?"|OldBanister|2022-02-08 19:42:21.716|1|0|3c28e96d-50d1-479f-a190-3802d6a690ea|article-blair-and-mendicino-meet-with-ottawa-mayor-to-discuss-trucker-convoy.json|globemail
Bill Blair will  suggest ketteling  the trucks like he did to contain the citizens of Toronto while police chief.|Wayfarers|2022-02-08 19:16:30.063|0|0|7d410917-2b6f-45f9-a774-4ca81d1e050a|article-blair-and-mendicino-meet-with-ottawa-mayor-to-discuss-trucker-convoy.json|globemail
3 rabid liberals…what could go wrong?|in-my-view|2022-02-08 19:21:08.856|0|0|0bb29f14-48b3-4112-b553-acad3e3af009|article-blair-and-mendicino-meet-with-ottawa-mayor-to-discuss-trucker-convoy.json|globemail
Law and order Conservatives? Obviously not any more. |dchap|2022-02-08 20:14:13.440|1|0|5625974d-8cda-47ae-84c8-9eea13c1df4c|article-blair-and-mendicino-meet-with-ottawa-mayor-to-discuss-trucker-convoy.json|globemail
Isn't law and order typically a conservative imperative?  Yes.  That's why it's so funny that the left are now Trumpian 'send in the army' types.  Who said I'm a conservative?  Maybe fiscally, but otherwise certainly not!|BruiseKnee|2022-02-08 20:36:11.747|1|0|3214b59f-c0ba-4c43-9163-0d5b970d0f2b|article-blair-and-mendicino-meet-with-ottawa-mayor-to-discuss-trucker-convoy.json|globemail
The National Guard is however not the Army.  WIth all the different levels of policing in Ontario we should be able to manage this without the Military.  If they need more people then ask Quebec to borrow some of their officers.  The Military is not a police force and shouldn't be turned on Protesting people in the capital.  Even if I don't agree with what they are protesting about.|Jennifer_M|2022-02-08 19:52:47.199|1|0|e35f3cb1-0770-4b87-b60d-a9ac30c1f9e2|article-blair-and-mendicino-meet-with-ottawa-mayor-to-discuss-trucker-convoy.json|globemail
We don't need force. We need their heavy equipment.|Just gave up|2022-02-08 20:47:05.604|1|0|106b9dc2-c255-4ab3-8ec8-68d1bcf3c7d2|article-blair-and-mendicino-meet-with-ottawa-mayor-to-discuss-trucker-convoy.json|globemail
"you are to call them ""Deplorables"" according to directions from Hilary Clinton"|yuknon|2022-02-08 19:54:04.910|1|0|4846a930-8a7e-4ecf-8916-c49258f22db2|article-blair-and-mendicino-meet-with-ottawa-mayor-to-discuss-trucker-convoy.json|globemail
And the police lost.|Since When|2022-02-08 20:38:37.436|1|0|9f22d63a-0d51-433a-bf2a-56c96eb371ac|article-blair-and-mendicino-meet-with-ottawa-mayor-to-discuss-trucker-convoy.json|globemail
I met the guy and his daughter Riding across Canada on bikes to bring attention to their cause.,Creep that pull artificial legs off people now are in high offices.Does not make sense.|Elllen|2022-02-08 23:00:56.067|1|0|147921af-3cb7-46aa-89b3-1941a571f9d5|article-blair-and-mendicino-meet-with-ottawa-mayor-to-discuss-trucker-convoy.json|globemail
The best approach to pest control is to keep rodents out of a home. Once rodents get in it is harder to get rid of them. |MyOwnAccount|2022-02-08 19:27:51.133|0|0|f5e12ef1-d657-49e0-90d0-1798cc033b50|article-blair-and-mendicino-meet-with-ottawa-mayor-to-discuss-trucker-convoy.json|globemail
Put liens on their trucks. They have already taken a lot of tickets which are probably in the tens of thousands of dollars. And they won't be able to renew their licenses if the fines are unpaid no matter what province they live in. |dchap|2022-02-08 20:13:05.418|1|0|4d94fe18-7e7d-428f-948c-9b3224416d42|article-blair-and-mendicino-meet-with-ottawa-mayor-to-discuss-trucker-convoy.json|globemail
It's what it is, when you threaten the state and democracy it is called insurrection.  Link to actual freedom convoy protest threatening the state and democracy, please.  And the Unity thing doesn't count, as it's not a freedom convoy demand.|BruiseKnee|2022-02-08 20:34:01.568|1|0|2e6f458b-4bb9-484c-84bd-c0b89d0d68f9|article-blair-and-mendicino-meet-with-ottawa-mayor-to-discuss-trucker-convoy.json|globemail
"Anyone who disagrees with the Liberals is to be called a ""Deplorable"" that was a mistake by Mendocino"|yuknon|2022-02-08 19:51:50.478|1|0|21c7c297-d1b4-46a9-913c-78b96cce20ae|article-blair-and-mendicino-meet-with-ottawa-mayor-to-discuss-trucker-convoy.json|globemail
The US requires them to be vaccinated to cross the border.  Trudeau's mandate prevents them from arriving at the border with a full load and being turned away by US customs for not being vaccinated. |Alison_D|2022-02-08 20:08:35.925|1|0|f9649109-903b-4574-a4d7-97ef810c749e|article-blair-and-mendicino-meet-with-ottawa-mayor-to-discuss-trucker-convoy.json|globemail
No need.  The demonstration, sorry blockade, is also only one-sided!    |Flying Dutchman Canada|2022-02-08 20:11:22.182|1|0|ccc19ced-8455-44bd-8ad9-13735788cc50|article-blair-and-mendicino-meet-with-ottawa-mayor-to-discuss-trucker-convoy.json|globemail
Take a good hard look at what's on the front page today, including this article. It tells me that military intervention is coming. I suspect the first move will be to use the military to protect the parliamentary precinct, and free up more RCMP. This would not require approval from Ford, thankfully. |rationalist|2022-02-08 21:21:55.544|1|0|5c3326a6-4f79-4503-ae40-6b1b5cc01bc5|article-blair-and-mendicino-meet-with-ottawa-mayor-to-discuss-trucker-convoy.json|globemail
"All of our enemies who want to overtake this country and destroy democracy are showing just how easy it is.  One column from Mark Carney and now the federal ministers are going to ""meet and talk.""  I've been saying for years that an overthrow when it happens won't be tanks at the border, it will be an infilatration from within funded by foreign anarchists and racists from the us and europe, and now endemic to our country.  The chipping away at social norms. People who are wearing masks being screamed at and spit on. Starting a fire in an apartment building and securing the doors so that no one can get out (two nights ago in Ottawa). They wrap themselves in the flag and talk about freedom, as they descreate the meaning of the flag and advance tyranny.  If nothing else, concern about the precedent this sets and the loss of our international reputation, should be compelling immediate and decisive action. When the people who are supposed to protect you, won't, this will unlease a tirade of vigilante justice and complete loss of trust in government.  Please be worthy of my trust and my vote and act now to quell a terrorist funded insurrection. "|app_73140336|2022-02-08 20:46:27.215|0|0|498af832-53d4-4832-a52d-e4e607be8777|article-blair-and-mendicino-meet-with-ottawa-mayor-to-discuss-trucker-convoy.json|globemail
Wil they all pull the trucks like the Dhubacour in the prairies?  |Elllen|2022-02-08 22:49:02.998|1|0|80f5f879-c937-40e3-82a5-8f75cd2d4078|article-blair-and-mendicino-meet-with-ottawa-mayor-to-discuss-trucker-convoy.json|globemail
The thing is, this Omicron variant appears to be winding down, and the restrictions left in place are being removed as I write. (See todays headlines) The people in this protest are clearly upset about having to partake in a democracy, where sometimes things don't go your way but you hold your nose because it's the will of the majority, and that's part of the deal with democracy. It's also part of being compassionate about others, though that clearly isn't in some peoples DNA.  As far as the vaccine mandate, this is all temporary, and it will come to an end, probably sooner than later as things wind down, barring another more serious variant appearing.  I suppose the demonstrators could stay put until the restrictions come off anyway, then claim it was all because of them. Whatever works for you.|DRG-rant|2022-02-08 20:36:56.801|0|0|7e1a084b-6c8f-40e0-8f73-3291ee65024d|article-blair-and-mendicino-meet-with-ottawa-mayor-to-discuss-trucker-convoy.json|globemail
Putting Blair in charge of breaking up a protest is probably not going to be a win for Canadian civil rights, and I don't think many on the left or the right would disagree.  But perhaps that's why he got the job with the Liberals.  I don't know.|BruiseKnee|2022-02-08 20:40:50.539|0|0|692f5f14-3f8a-4e25-948f-cd251311d208|article-blair-and-mendicino-meet-with-ottawa-mayor-to-discuss-trucker-convoy.json|globemail
The survey found that 65 per cent thought the trucker convoy in Ottawa was a “small minority of Canadians who are thinking only about themselves and not the thousands of Canadians who are suffering through delayed surgeries and postponed treatments because of the growing pandemic.” Fifty-seven per cent thought the convoy was not about vaccine mandates but “an opportunity for right-wing supremacist groups to rally and voice their frustrations about society.”|JW95|2022-02-08 21:12:48.683|1|0|9d753c33-af88-429f-8e56-322b726700fe|article-blair-and-mendicino-meet-with-ottawa-mayor-to-discuss-trucker-convoy.json|globemail
What entire country, delusion is not a good quality.|TorontoGooner|2022-02-08 21:16:34.817|1|0|7d54ca7a-3c21-46b6-9369-7bed0cd06575|article-blair-and-mendicino-meet-with-ottawa-mayor-to-discuss-trucker-convoy.json|globemail
FORD is letting Trudeau stew on his own juice. Has enough sense to keep his head down. |MarieHinge1|2022-02-08 21:14:22.403|1|0|3d87d852-fff0-4606-a274-23d165feabec|article-blair-and-mendicino-meet-with-ottawa-mayor-to-discuss-trucker-convoy.json|globemail
Larry, Moe and Curly. That should fix this problem real quick. |Mom'sMoney|2022-02-08 20:50:33.816|0|0|576c8f3a-651c-4a4c-988b-4be841234d9f|article-blair-and-mendicino-meet-with-ottawa-mayor-to-discuss-trucker-convoy.json|globemail
I am so tired of our lackadaisical approach to this illegal action. We need leaders to say enough is enough and remove them by force if necessary and then really hit their pocketbooks with fines. Because the provincial government, Ford, has been MIA, now the Ambassador Bridge is blocked. Give us back our Flag, respect the, 85% of us who are vaccinated, both for our own health and for yours . Join your Maverick party or Bernier's and get the votes needed for the type of freedom you think you are entitled to. |app_64663062|2022-02-08 20:59:49.744|1|0|f1d54cca-0b4e-4d5b-913e-92893b2eab66|article-blair-and-mendicino-meet-with-ottawa-mayor-to-discuss-trucker-convoy.json|globemail
New survey found that 65 per cent thought the trucker convoy in Ottawa was a “small minority of Canadians who are thinking only about themselves and not the thousands of Canadians who are suffering through delayed surgeries and postponed treatments because of the growing pandemic.” Fifty-seven per cent thought the convoy was not about vaccine mandates but “an opportunity for right-wing supremacist groups to rally and voice their frustrations about society.”|JW95|2022-02-08 21:12:26.080|1|0|a8d30bfb-7e5f-46b2-9ccb-6df981df5e86|article-blair-and-mendicino-meet-with-ottawa-mayor-to-discuss-trucker-convoy.json|globemail
This is not how we change governments in Canada. If you reject the Liberals and their leader be sure to vote in the next election, work for the candidate of your choice, donate to the party that you support, but we don't hand the keys to power over to insurrectionists, not now, not ever.|David N Walters|2022-02-08 21:14:28.840|1|0|df978606-ba50-47ad-8ce9-b1782fe847d0|article-blair-and-mendicino-meet-with-ottawa-mayor-to-discuss-trucker-convoy.json|globemail
Or quash it!|Flying Dutchman Canada|2022-02-08 21:19:33.502|1|0|ce4d2013-4f14-4223-b907-ab8a81e8d6d0|article-blair-and-mendicino-meet-with-ottawa-mayor-to-discuss-trucker-convoy.json|globemail
I am non-partisan and a member of no party, so don't even start with the partisan attacks. |app_73140336|2022-02-08 20:56:58.356|1|0|361153ec-0bde-4546-8a6e-bdd9a0521a5c|article-blair-and-mendicino-meet-with-ottawa-mayor-to-discuss-trucker-convoy.json|globemail
Wrong again, but then there's no point talking to crazy. |app_73140336|2022-02-08 21:04:38.817|1|0|c427caa1-04f0-4fb5-a110-ed32136ac4d3|article-blair-and-mendicino-meet-with-ottawa-mayor-to-discuss-trucker-convoy.json|globemail
MAGA HATS Bergen and Poilievre promoted Occupation and Blockades in our Capital.  And made it the whole country's problem.                      app_731  They should give their pension money to pay for this sedition.|jangm|2022-02-08 21:13:19.996|1|0|cf477e93-141d-44a9-9d32-fd7e48e07c94|article-blair-and-mendicino-meet-with-ottawa-mayor-to-discuss-trucker-convoy.json|globemail
Show up with all their sexy SWAT gear and heavy weaponry. And use it if necessary. These are insurgents. No kidd gloves.|MavnGoose|2022-02-08 21:25:05.301|1|0|8b267e7b-c39e-4950-b7c6-ce3ee267a87c|article-blair-and-mendicino-meet-with-ottawa-mayor-to-discuss-trucker-convoy.json|globemail
I don't have to like them, or agree with the protest goals (I don't - I think mandates should continue until April at least) or subscribe to their nutty conspiracy theories either.  They can believe aliens stole our PM and replaced him with a droid containing Lenin's brain for all I care.    But I do have to acknowledge that the protest states an official aim of ending mandates is being conducted to a high standard of peace and non-violence, and that even uneducated people with BS beliefs have a right to peacefully assemble and raise their voices.  If protests are only tolerated when the government approves of them, or their organizers don't hate the government, then we have lost democracy, not defended it.   That's why I argue for dialogue instead of batons and rifles.|BruiseKnee|2022-02-08 20:57:21.299|1|0|ffe2d1a8-9822-4d2d-a2d2-2eed94e9167d|article-blair-and-mendicino-meet-with-ottawa-mayor-to-discuss-trucker-convoy.json|globemail
"Amen app! They tried to murder people in a horrible way. That's the reality of this ""peaceful protest""."|MavnGoose|2022-02-08 21:30:40.557|1|0|8da9d4dc-21ad-4bd2-95d0-f50ebedf4b3d|article-blair-and-mendicino-meet-with-ottawa-mayor-to-discuss-trucker-convoy.json|globemail
Emergency Preparedness and Public Safety Ministers ought to resign. Aside from finger pointing and enthusiasm for meetings neither has demonstrated anything akin to being prepared. Nice jobs if you can get them.|Waltj|2022-02-08 20:20:16.528|0|0|78e3837b-11ef-4f50-b703-ab8c0a429004|article-blair-and-mendicino-meet-with-ottawa-mayor-to-discuss-trucker-convoy.json|globemail
1. Arrest. 2. Massive fines 3. Civil forfeiture|news reader 2020|2022-02-09 01:49:13.330|1|0|a5c0a492-e7b8-4a5c-9982-1e48b457f0fb|article-blair-and-mendicino-meet-with-ottawa-mayor-to-discuss-trucker-convoy.json|globemail
Thats a good point.  Our RCMP are not in limitless supply.|Since When|2022-02-08 20:26:47.265|1|0|13bfd72a-625a-479f-bee5-1f0a5ad62df2|article-blair-and-mendicino-meet-with-ottawa-mayor-to-discuss-trucker-convoy.json|globemail
""" Do they realize every officer sent to their cities comes from a community in western and Atlantic Canada? ""  They're not. Those officers are from federal duties, not the contract RCMP working for the provinces. "|rationalist|2022-02-08 21:55:09.623|1|0|ce5549dd-0483-483a-9b69-e402f60c83ee|article-blair-and-mendicino-meet-with-ottawa-mayor-to-discuss-trucker-convoy.json|globemail
“We all have a role to play to keep Canadians safe.” Translation: Don't just blame us for this debacle.|1066 and all that|2022-02-08 20:14:43.237|0|0|e80e657e-6643-4256-b618-428d84d67f84|article-blair-and-mendicino-meet-with-ottawa-mayor-to-discuss-trucker-convoy.json|globemail
Where's Ford?|jangm|2022-02-08 21:16:03.038|1|0|253b8bb3-5db6-49fa-89ef-8bae165b7aef|article-blair-and-mendicino-meet-with-ottawa-mayor-to-discuss-trucker-convoy.json|globemail
At least he wasn't scared of his own shadow.|MavnGoose|2022-02-08 21:29:22.179|1|0|be03c125-6ea9-4c7a-b39b-09cf1c4f1180|article-blair-and-mendicino-meet-with-ottawa-mayor-to-discuss-trucker-convoy.json|globemail
90% of Canadians and truckers have spoken. This is no longer a debate or polarization. Ask them politely to leave--give them a bit more time to vent. If refuse to leave --turf them out.|app_69557013|2022-02-08 20:24:17.748|0|0|b8533f9f-87f8-4724-9ef2-e6cdaae6845d|article-blair-and-mendicino-meet-with-ottawa-mayor-to-discuss-trucker-convoy.json|globemail
Well that settles it then.   Send in the army!|BruiseKnee|2022-02-08 20:44:18.325|1|0|f569c2b5-f62a-4c1a-8e1f-067c0cf30ea1|article-blair-and-mendicino-meet-with-ottawa-mayor-to-discuss-trucker-convoy.json|globemail
where are all the Defund the Police opinions?|Voice of Reason1|2022-02-08 20:24:23.734|0|0|3d7c87c6-0f75-427c-9c32-88f3d44373e7|article-blair-and-mendicino-meet-with-ottawa-mayor-to-discuss-trucker-convoy.json|globemail
But first they'll cancel their commercial insurance so they will have to go home with no insurance as they drive home. And in the meantime, their commercial licenses get cancelled.|WCG1997|2022-02-08 20:45:55.547|1|0|547d76e7-618b-4259-974c-01569dd0e0d6|article-blair-and-mendicino-meet-with-ottawa-mayor-to-discuss-trucker-convoy.json|globemail
The conservatives will get hammered in the next election for supporting the seditionists.|1563896646245|2022-02-08 21:08:42.653|1|0|5662223b-e222-4c85-9fda-533b0d9b5c35|article-blair-and-mendicino-meet-with-ottawa-mayor-to-discuss-trucker-convoy.json|globemail
The Conservatives don't deserve to be in Parliament as Opposition Party, now.          1563  Bergen and Poilievre should step down.|jangm|2022-02-08 21:15:02.010|1|0|d00d61ea-c950-4f20-9c97-e1546d3e758d|article-blair-and-mendicino-meet-with-ottawa-mayor-to-discuss-trucker-convoy.json|globemail
""" Seems kind of silly that they would support the overthrow of their own positions in government. ""  They're not. The seditionists want to set up a new coalition of the Conservatives, NDP, BQ and of course themselves. I am not making this up. "|rationalist|2022-02-08 21:26:02.906|1|0|4cf482e8-8e3b-405f-85c5-c328c8fecb01|article-blair-and-mendicino-meet-with-ottawa-mayor-to-discuss-trucker-convoy.json|globemail
Agreed.|Thomas Darcy McGee|2022-02-08 21:02:34.269|1|0|db184e7e-0286-4a10-a0a4-767595fe34d2|article-blair-and-mendicino-meet-with-ottawa-mayor-to-discuss-trucker-convoy.json|globemail
Know what’s best for the country? Then why doesn’t  Tom and his big-rig pals get themselves duly elected?    |J Fishhh|2022-02-09 21:41:24.974|0|0|d59d0e5b-286e-4b5e-80a2-67c340ae70c3|article-blair-and-mendicino-meet-with-ottawa-mayor-to-discuss-trucker-convoy.json|globemail
