{
    "original_request_url": "10159542121403904",
    "post_url": "https://facebook.com/story.php?story_fbid=10159542121403904&id=140961138903",
    "post_id": "10159542121403904",
    "text": "Lawyers working with the group say that despite the apparent progress in the stalemate, the demonstration is not over\n\nTHEGLOBEANDMAIL.COM\nProtesters in southern Alberta allow Coutts border to partially reopen after five days of protests over COVID-19 rules",
    "post_text": "Lawyers working with the group say that despite the apparent progress in the stalemate, the demonstration is not over",
    "shared_text": "THEGLOBEANDMAIL.COM\nProtesters in southern Alberta allow Coutts border to partially reopen after five days of protests over COVID-19 rules",
    "original_text": null,
    "time": "2022-02-02 23:19:17",
    "timestamp": 1643843957,
    "image": "https://www.theglobeandmail.com/resizer/JPoLjbnHT7Mp9IeIt8kRcEAl2nQ=/1200x764/filters:quality(80)/cloudfront-us-east-1.images.arcpublishing.com/tgam/JPDVZU7W45N6RMJUOQZ2EZMGRE.JPG",
    "image_lowquality": "https://external-sea1-1.xx.fbcdn.net/safe_image.php?d=AQHc3cdlEcEVydCK&w=476&h=249&url=https%3A%2F%2Fwww.theglobeandmail.com%2Fresizer%2FJPoLjbnHT7Mp9IeIt8kRcEAl2nQ%3D%2F1200x764%2Ffilters%3Aquality%2880%29%2Fcloudfront-us-east-1.images.arcpublishing.com%2Ftgam%2FJPDVZU7W45N6RMJUOQZ2EZMGRE.JPG&cfs=1&jq=75&ext=jpg&_nc_oe=6fabb&_nc_sid=06c271&ccb=3-5&_nc_hash=AQEp8MBtsQsDpHaA",
    "images": [
        "https://www.theglobeandmail.com/resizer/JPoLjbnHT7Mp9IeIt8kRcEAl2nQ=/1200x764/filters:quality(80)/cloudfront-us-east-1.images.arcpublishing.com/tgam/JPDVZU7W45N6RMJUOQZ2EZMGRE.JPG"
    ],
    "images_description": [],
    "images_lowquality": [
        "https://external-sea1-1.xx.fbcdn.net/safe_image.php?d=AQHc3cdlEcEVydCK&w=476&h=249&url=https%3A%2F%2Fwww.theglobeandmail.com%2Fresizer%2FJPoLjbnHT7Mp9IeIt8kRcEAl2nQ%3D%2F1200x764%2Ffilters%3Aquality%2880%29%2Fcloudfront-us-east-1.images.arcpublishing.com%2Ftgam%2FJPDVZU7W45N6RMJUOQZ2EZMGRE.JPG&cfs=1&jq=75&ext=jpg&_nc_oe=6fabb&_nc_sid=06c271&ccb=3-5&_nc_hash=AQEp8MBtsQsDpHaA"
    ],
    "images_lowquality_description": [
        null
    ],
    "video": null,
    "video_duration_seconds": null,
    "video_height": null,
    "video_id": null,
    "video_quality": null,
    "video_size_MB": null,
    "video_thumbnail": null,
    "video_watches": null,
    "video_width": null,
    "likes": 51,
    "comments": 10,
    "shares": 4,
    "link": "http://www.theglobeandmail.com/canada/alberta/article-protesters-in-southern-alberta-allow-coutts-border-to-partially-reopen/?utm_campaign=sophi-pop&utm_medium=post&utm_source=facebook&fbclid=IwAR05mWgQza-bO2NWjDvHOcEu1j9RI8NP52DUCc8OIwpgKmud0H0Ana_j-Pw",
    "links": [],
    "user_id": "140961138903",
    "username": "The Globe and Mail",
    "user_url": "https://facebook.com/theglobeandmail/?refid=52",
    "is_live": false,
    "factcheck": null,
    "shared_post_id": null,
    "shared_time": null,
    "shared_user_id": null,
    "shared_username": null,
    "shared_post_url": null,
    "available": true,
    "comments_full": [
        {
            "comment_id": "10159542285943904",
            "comment_url": "https://facebook.com/10159542285943904",
            "commenter_id": "875650346",
            "commenter_url": "https://facebook.com/jimmy.voskakis?fref=nf&rc=p&refid=52",
            "commenter_name": "Jimmy Voskakis",
            "commenter_meta": null,
            "comment_text": "We\u2019ll find out if the critical infrastructure defence act applies to all people \u2026we\u2019re already finding out I guess!",
            "comment_time": "2022-02-02 23:30:28",
            "comment_image": null,
            "comment_reactors": [],
            "comment_reactions": null,
            "comment_reaction_count": null,
            "replies": []
        },
        {
            "comment_id": "10159542737373904",
            "comment_url": "https://facebook.com/10159542737373904",
            "commenter_id": "1671922813",
            "commenter_url": "https://facebook.com/dirk.hurst?fref=nf&rc=p&refid=52",
            "commenter_name": "Ryker Hurst",
            "commenter_meta": null,
            "comment_text": "\u201cBlocking the border\u201d doesn\u2019t seem consistent with \u201cfreedom\u201d but what do I know?",
            "comment_time": "2022-02-02 23:30:28",
            "comment_image": null,
            "comment_reactors": [],
            "comment_reactions": null,
            "comment_reaction_count": null,
            "replies": [
                {
                    "comment_id": "10159543614383904",
                    "comment_url": "https://facebook.com/10159543614383904",
                    "commenter_id": "1020142733",
                    "commenter_url": "https://facebook.com/bruce.peacock.37?fref=nf&rc=p",
                    "commenter_name": "Bruce Peacock",
                    "commenter_meta": null,
                    "comment_text": "Ryker Hurst obviously allowing medical tyranny doesn\u2019t ring a bell with you... wake up sunshine",
                    "comment_time": "2022-02-02 23:30:30",
                    "comment_image": "https://scontent.xx.fbcdn.net/m1/v/t6/An_UvxJXg9tdnLU3Y5qjPi0200MLilhzPXUgxzGjQzUMaNcmjdZA6anyrngvkdub33NZzZhd51fpCAEzNHFhko5aKRFP5fS1w_lKwYrzcNLupv27.png?ccb=10-5&oh=00_AT9C82irDy7Sn8cI_UEelmRC1FY5K5jw2pfWXlZ8QaKL1g&oe=62246CF9&_nc_sid=55e238",
                    "comment_reactors": [],
                    "comment_reactions": null,
                    "comment_reaction_count": null
                },
                {
                    "comment_id": "10159543683198904",
                    "comment_url": "https://facebook.com/10159543683198904",
                    "commenter_id": "1671922813",
                    "commenter_url": "https://facebook.com/dirk.hurst?fref=nf&rc=p",
                    "commenter_name": "Ryker Hurst",
                    "commenter_meta": null,
                    "comment_text": "Bruce Peacock yeah I miss smallpox",
                    "comment_time": "2022-02-02 23:30:30",
                    "comment_image": "https://scontent.xx.fbcdn.net/m1/v/t6/An_F9bJG7govfshSMBkvcRLcxT0jmiXVYKtr7lgH5AHgUrjjpZ1OD0xyxXYgf7arc0lWgCdrR_KN4Mg7RSN3Gm3W6Gg03N1tQ-ZXzVvFJ_KvvB4.png?ccb=10-5&oh=00_AT8ScZKrgCPhmfSgYBZgvnQHv14vvPQpgzOW8DDMFGGodg&oe=62243F67&_nc_sid=55e238",
                    "comment_reactors": [],
                    "comment_reactions": null,
                    "comment_reaction_count": null
                },
                {
                    "comment_id": "10159544326808904",
                    "comment_url": "https://facebook.com/10159544326808904",
                    "commenter_id": "100033744802481",
                    "commenter_url": "https://facebook.com/lukasz.suckiel1990?fref=nf&rc=p",
                    "commenter_name": "Lukasz Suckiel",
                    "commenter_meta": null,
                    "comment_text": "Ryker Hurst\nI wasn't aware smallpox had an over 98% survival rate.",
                    "comment_time": "2022-02-02 23:30:30",
                    "comment_image": null,
                    "comment_reactors": [],
                    "comment_reactions": null,
                    "comment_reaction_count": null
                },
                {
                    "comment_id": "10159544533213904",
                    "comment_url": "https://facebook.com/10159544533213904",
                    "commenter_id": "1671922813",
                    "commenter_url": "https://facebook.com/dirk.hurst?fref=nf&rc=p",
                    "commenter_name": "Ryker Hurst",
                    "commenter_meta": null,
                    "comment_text": "Lukasz Suckiel the vaccine rate is even higher, nearly 100%, but let me guess\u2014 you\u2019re not impressed with those statistics.\n\nI know, I know. Those stats are fake, but yours come from the mouth of God. The thing is, they really both come from the same place.",
                    "comment_time": "2022-02-02 23:30:30",
                    "comment_image": "https://scontent.xx.fbcdn.net/m1/v/t6/An_UvxJXg9tdnLU3Y5qjPi0200MLilhzPXUgxzGjQzUMaNcmjdZA6anyrngvkdub33NZzZhd51fpCAEzNHFhko5aKRFP5fS1w_lKwYrzcNLupv27.png?ccb=10-5&oh=00_AT9C82irDy7Sn8cI_UEelmRC1FY5K5jw2pfWXlZ8QaKL1g&oe=62246CF9&_nc_sid=55e238",
                    "comment_reactors": [],
                    "comment_reactions": null,
                    "comment_reaction_count": null
                }
            ]
        },
        {
            "comment_id": "10159542147883904",
            "comment_url": "https://facebook.com/10159542147883904",
            "commenter_id": "100047501863564",
            "commenter_url": "https://facebook.com/philip.standard.50?fref=nf&rc=p&refid=52",
            "commenter_name": "Philip Standard",
            "commenter_meta": null,
            "comment_text": "\u201cAllow\u201d. Really? They have been holding people hostage. People who are trying to pay their bills and get home to their families. They are doing exactly what they are accusing the government of doing. Nothing but bullies who are slapping our front line health care workers in the face.",
            "comment_time": "2022-02-02 23:30:28",
            "comment_image": null,
            "comment_reactors": [],
            "comment_reactions": null,
            "comment_reaction_count": null,
            "replies": [
                {
                    "comment_id": "10159542154488904",
                    "comment_url": "https://facebook.com/10159542154488904",
                    "commenter_id": "100000739302837",
                    "commenter_url": "https://facebook.com/profile.php?id=100000739302837&fref=nf&rc=p",
                    "commenter_name": "Dana Frum",
                    "commenter_meta": null,
                    "comment_text": "Philip Standard Dont you think \ud83e\udd14 that this country is not what used to be ? I mean we are in fast forward to become a dictatorship enclaves !\nIs this what you like to live in Oh I forgot you don\u2019t know what that means and how is implemented\nIf you don\u2019t know history sit and watch for your own good",
                    "comment_time": "2022-02-02 23:30:31",
                    "comment_image": "https://scontent.xx.fbcdn.net/m1/v/t6/An_UvxJXg9tdnLU3Y5qjPi0200MLilhzPXUgxzGjQzUMaNcmjdZA6anyrngvkdub33NZzZhd51fpCAEzNHFhko5aKRFP5fS1w_lKwYrzcNLupv27.png?ccb=10-5&oh=00_AT9C82irDy7Sn8cI_UEelmRC1FY5K5jw2pfWXlZ8QaKL1g&oe=62246CF9&_nc_sid=55e238",
                    "comment_reactors": [],
                    "comment_reactions": null,
                    "comment_reaction_count": null
                },
                {
                    "comment_id": "10159542174473904",
                    "comment_url": "https://facebook.com/10159542174473904",
                    "commenter_id": "1453725581",
                    "commenter_url": "https://facebook.com/marc.neal?fref=nf&rc=p",
                    "commenter_name": "Marc Neal",
                    "commenter_meta": null,
                    "comment_text": "Dana Frum how do you figure that? I understand that maybe you feel your freedoms are being infringed? But exactly how are your freedoms being infringed? I truely don't understand that argument. Freedom is about the choices made individually and with any choice we make there are consequences...\nfreedom without consequence is anarchy. You are free to choose to rob a bank, but the consequences are that you go to jail and have all your freedoms taken away. With the mandates you are free to choose to follow them with one set of outcomes or choose not to follow them with a different set of outcomes. Given the pandemic and the risk that poses and the expert medical advice you should be able to make an informed choice one way or another, which you are free to do.",
                    "comment_time": "2022-02-02 23:30:31",
                    "comment_image": "https://scontent.xx.fbcdn.net/m1/v/t6/An_UvxJXg9tdnLU3Y5qjPi0200MLilhzPXUgxzGjQzUMaNcmjdZA6anyrngvkdub33NZzZhd51fpCAEzNHFhko5aKRFP5fS1w_lKwYrzcNLupv27.png?ccb=10-5&oh=00_AT9C82irDy7Sn8cI_UEelmRC1FY5K5jw2pfWXlZ8QaKL1g&oe=62246CF9&_nc_sid=55e238",
                    "comment_reactors": [],
                    "comment_reactions": null,
                    "comment_reaction_count": null
                },
                {
                    "comment_id": "10159542187403904",
                    "comment_url": "https://facebook.com/10159542187403904",
                    "commenter_id": "100047501863564",
                    "commenter_url": "https://facebook.com/philip.standard.50?fref=nf&rc=p",
                    "commenter_name": "Philip Standard",
                    "commenter_meta": null,
                    "comment_text": "Dana Frum do you need some tinfoil for your hat, Dana?",
                    "comment_time": "2022-02-02 23:30:31",
                    "comment_image": "https://scontent.xx.fbcdn.net/m1/v/t6/An_UvxJXg9tdnLU3Y5qjPi0200MLilhzPXUgxzGjQzUMaNcmjdZA6anyrngvkdub33NZzZhd51fpCAEzNHFhko5aKRFP5fS1w_lKwYrzcNLupv27.png?ccb=10-5&oh=00_AT9C82irDy7Sn8cI_UEelmRC1FY5K5jw2pfWXlZ8QaKL1g&oe=62246CF9&_nc_sid=55e238",
                    "comment_reactors": [],
                    "comment_reactions": null,
                    "comment_reaction_count": null
                },
                {
                    "comment_id": "10159542207543904",
                    "comment_url": "https://facebook.com/10159542207543904",
                    "commenter_id": "100033744802481",
                    "commenter_url": "https://facebook.com/lukasz.suckiel1990?fref=nf&rc=p",
                    "commenter_name": "Lukasz Suckiel",
                    "commenter_meta": null,
                    "comment_text": "Philip Standard\nA lot of fired health care workers are supporting this protest.\n\nWhen during a pandemic of all times Canada fires over 10,000 medical workers who dedicated themselves to years of education and hard work to achieve that position you know something is very wrong with the entire picture.\n\nThese medical workers are highly knowledgeable in the very field you profess them to trust in as they worked in that field and decided to not take the vaccine. Yet people such as yourself have deemed even they are not qualified to decide what is injected in their own bodies. Do you hear yourselves?",
                    "comment_time": "2022-02-02 23:30:31",
                    "comment_image": "https://scontent.xx.fbcdn.net/m1/v/t6/An_F9bJG7govfshSMBkvcRLcxT0jmiXVYKtr7lgH5AHgUrjjpZ1OD0xyxXYgf7arc0lWgCdrR_KN4Mg7RSN3Gm3W6Gg03N1tQ-ZXzVvFJ_KvvB4.png?ccb=10-5&oh=00_AT8ScZKrgCPhmfSgYBZgvnQHv14vvPQpgzOW8DDMFGGodg&oe=62243F67&_nc_sid=55e238",
                    "comment_reactors": [],
                    "comment_reactions": null,
                    "comment_reaction_count": null
                },
                {
                    "comment_id": "10159542209483904",
                    "comment_url": "https://facebook.com/10159542209483904",
                    "commenter_id": "100047501863564",
                    "commenter_url": "https://facebook.com/philip.standard.50?fref=nf&rc=p",
                    "commenter_name": "Philip Standard",
                    "commenter_meta": null,
                    "comment_text": "Lukasz Suckiel \u201cmedical workers\u201d really?? Almost of all of them barely had a high school education let alone a medical degree. It was 90% support staff like custodians, PSWS and kitchen workers. You do know that to work in a hospital in any capacity you have to be fully vaccinated right???",
                    "comment_time": "2022-02-02 23:30:31",
                    "comment_image": "https://scontent.xx.fbcdn.net/m1/v/t6/An_F9bJG7govfshSMBkvcRLcxT0jmiXVYKtr7lgH5AHgUrjjpZ1OD0xyxXYgf7arc0lWgCdrR_KN4Mg7RSN3Gm3W6Gg03N1tQ-ZXzVvFJ_KvvB4.png?ccb=10-5&oh=00_AT8ScZKrgCPhmfSgYBZgvnQHv14vvPQpgzOW8DDMFGGodg&oe=62243F67&_nc_sid=55e238",
                    "comment_reactors": [],
                    "comment_reactions": null,
                    "comment_reaction_count": null
                },
                {
                    "comment_id": "10159542212843904",
                    "comment_url": "https://facebook.com/10159542212843904",
                    "commenter_id": "100033744802481",
                    "commenter_url": "https://facebook.com/lukasz.suckiel1990?fref=nf&rc=p",
                    "commenter_name": "Lukasz Suckiel",
                    "commenter_meta": null,
                    "comment_text": "Philip Standard\nNow you're just trolling and it's really sad. Medical education for many of the positions within a hospital are lengthy and costly.\n\nI saw their protests too before the winter. That wasn't all custodians and kitchen workers by any means at all, you're wildly exaggerating. You're so disingenuous that you have to lie to win an argument that effects so many people's lives. No integrity whatsoever within you.",
                    "comment_time": "2022-02-02 23:30:31",
                    "comment_image": "https://scontent.xx.fbcdn.net/m1/v/t6/An_UvxJXg9tdnLU3Y5qjPi0200MLilhzPXUgxzGjQzUMaNcmjdZA6anyrngvkdub33NZzZhd51fpCAEzNHFhko5aKRFP5fS1w_lKwYrzcNLupv27.png?ccb=10-5&oh=00_AT9C82irDy7Sn8cI_UEelmRC1FY5K5jw2pfWXlZ8QaKL1g&oe=62246CF9&_nc_sid=55e238",
                    "comment_reactors": [],
                    "comment_reactions": null,
                    "comment_reaction_count": null
                },
                {
                    "comment_id": "10159542226898904",
                    "comment_url": "https://facebook.com/10159542226898904",
                    "commenter_id": "701824325",
                    "commenter_url": "https://facebook.com/peter.vanveggel.7?fref=nf&rc=p",
                    "commenter_name": "Peter Van Veggel",
                    "commenter_meta": null,
                    "comment_text": "Philip Standard get over yourself, go do something worthwhile like supporting freedom",
                    "comment_time": "2022-02-02 23:30:31",
                    "comment_image": "https://scontent.xx.fbcdn.net/m1/v/t6/An_F9bJG7govfshSMBkvcRLcxT0jmiXVYKtr7lgH5AHgUrjjpZ1OD0xyxXYgf7arc0lWgCdrR_KN4Mg7RSN3Gm3W6Gg03N1tQ-ZXzVvFJ_KvvB4.png?ccb=10-5&oh=00_AT8ScZKrgCPhmfSgYBZgvnQHv14vvPQpgzOW8DDMFGGodg&oe=62243F67&_nc_sid=55e238",
                    "comment_reactors": [],
                    "comment_reactions": null,
                    "comment_reaction_count": null
                },
                {
                    "comment_id": "10159542272988904",
                    "comment_url": "https://facebook.com/10159542272988904",
                    "commenter_id": "1020142733",
                    "commenter_url": "https://facebook.com/bruce.peacock.37?fref=nf&rc=p",
                    "commenter_name": "Bruce Peacock",
                    "commenter_meta": null,
                    "comment_text": "Philip Standard tinfoil hat is your only argument for dictatorship ... lol",
                    "comment_time": "2022-02-02 23:30:31",
                    "comment_image": "https://scontent.xx.fbcdn.net/m1/v/t6/An_UvxJXg9tdnLU3Y5qjPi0200MLilhzPXUgxzGjQzUMaNcmjdZA6anyrngvkdub33NZzZhd51fpCAEzNHFhko5aKRFP5fS1w_lKwYrzcNLupv27.png?ccb=10-5&oh=00_AT9C82irDy7Sn8cI_UEelmRC1FY5K5jw2pfWXlZ8QaKL1g&oe=62246CF9&_nc_sid=55e238",
                    "comment_reactors": [],
                    "comment_reactions": null,
                    "comment_reaction_count": null
                },
                {
                    "comment_id": "10159542486678904",
                    "comment_url": "https://facebook.com/10159542486678904",
                    "commenter_id": "582728745",
                    "commenter_url": "https://facebook.com/stefan.breton?fref=nf&rc=p",
                    "commenter_name": "St\u00e9fan Breton",
                    "commenter_meta": null,
                    "comment_text": "Philip Standard yes... truckers are now our almighty dictators, because you know, they have big trucks",
                    "comment_time": "2022-02-02 23:30:31",
                    "comment_image": "https://scontent.xx.fbcdn.net/m1/v/t6/An_UvxJXg9tdnLU3Y5qjPi0200MLilhzPXUgxzGjQzUMaNcmjdZA6anyrngvkdub33NZzZhd51fpCAEzNHFhko5aKRFP5fS1w_lKwYrzcNLupv27.png?ccb=10-5&oh=00_AT9C82irDy7Sn8cI_UEelmRC1FY5K5jw2pfWXlZ8QaKL1g&oe=62246CF9&_nc_sid=55e238",
                    "comment_reactors": [],
                    "comment_reactions": null,
                    "comment_reaction_count": null
                },
                {
                    "comment_id": "10159542772928904",
                    "comment_url": "https://facebook.com/10159542772928904",
                    "commenter_id": "1020142733",
                    "commenter_url": "https://facebook.com/bruce.peacock.37?fref=nf&rc=p",
                    "commenter_name": "Bruce Peacock",
                    "commenter_meta": null,
                    "comment_text": "Lukasz Suckiel you are exactly correct ... especially on the troll",
                    "comment_time": "2022-02-02 23:30:31",
                    "comment_image": null,
                    "comment_reactors": [],
                    "comment_reactions": null,
                    "comment_reaction_count": null
                },
                {
                    "comment_id": "10159543353423904",
                    "comment_url": "https://facebook.com/10159543353423904",
                    "commenter_id": "100000342574845",
                    "commenter_url": "https://facebook.com/umar.hkan?fref=nf&rc=p",
                    "commenter_name": "Umar Khan Niazi",
                    "commenter_meta": null,
                    "comment_text": "Philip Standard\nAre you talking about the government. The government has been holding us hostage for the last two years enough of this no more roasted this is a protest against the government to normal bandit no masks no more nothing",
                    "comment_time": "2022-02-02 23:30:31",
                    "comment_image": "https://scontent.xx.fbcdn.net/m1/v/t6/An_F9bJG7govfshSMBkvcRLcxT0jmiXVYKtr7lgH5AHgUrjjpZ1OD0xyxXYgf7arc0lWgCdrR_KN4Mg7RSN3Gm3W6Gg03N1tQ-ZXzVvFJ_KvvB4.png?ccb=10-5&oh=00_AT8ScZKrgCPhmfSgYBZgvnQHv14vvPQpgzOW8DDMFGGodg&oe=62243F67&_nc_sid=55e238",
                    "comment_reactors": [],
                    "comment_reactions": null,
                    "comment_reaction_count": null
                },
                {
                    "comment_id": "10159543435633904",
                    "comment_url": "https://facebook.com/10159543435633904",
                    "commenter_id": "517976743",
                    "commenter_url": "https://facebook.com/elizabeth.marion.923?fref=nf&rc=p",
                    "commenter_name": "Elizabeth Marion",
                    "commenter_meta": "Top fan",
                    "comment_text": "Bruce Peacock what\u2019s really funny is truckers for freedom blocking other truckers from doing their jobs.",
                    "comment_time": "2022-02-02 23:30:31",
                    "comment_image": "https://static.xx.fbcdn.net/rsrc.php/v3/y7/r/4bRBCBmu1Q9.png",
                    "comment_reactors": [],
                    "comment_reactions": null,
                    "comment_reaction_count": null
                },
                {
                    "comment_id": "10159543447628904",
                    "comment_url": "https://facebook.com/10159543447628904",
                    "commenter_id": "100047501863564",
                    "commenter_url": "https://facebook.com/philip.standard.50?fref=nf&rc=p",
                    "commenter_name": "Philip Standard",
                    "commenter_meta": null,
                    "comment_text": "Elizabeth Marion exactly! Blocking hard working people from putting food on their family\u2019s table. Exactly what they are accusing the government of doing. This is what a lack of education looks like.",
                    "comment_time": "2022-02-02 23:30:31",
                    "comment_image": "https://scontent.xx.fbcdn.net/m1/v/t6/An_UvxJXg9tdnLU3Y5qjPi0200MLilhzPXUgxzGjQzUMaNcmjdZA6anyrngvkdub33NZzZhd51fpCAEzNHFhko5aKRFP5fS1w_lKwYrzcNLupv27.png?ccb=10-5&oh=00_AT9C82irDy7Sn8cI_UEelmRC1FY5K5jw2pfWXlZ8QaKL1g&oe=62246CF9&_nc_sid=55e238",
                    "comment_reactors": [],
                    "comment_reactions": null,
                    "comment_reaction_count": null
                },
                {
                    "comment_id": "10159543449458904",
                    "comment_url": "https://facebook.com/10159543449458904",
                    "commenter_id": "517976743",
                    "commenter_url": "https://facebook.com/elizabeth.marion.923?fref=nf&rc=p",
                    "commenter_name": "Elizabeth Marion",
                    "commenter_meta": "Top fan",
                    "comment_text": "Philip Standard you nailed it",
                    "comment_time": "2022-02-02 23:30:31",
                    "comment_image": "https://static.xx.fbcdn.net/rsrc.php/v3/y7/r/4bRBCBmu1Q9.png",
                    "comment_reactors": [],
                    "comment_reactions": null,
                    "comment_reaction_count": null
                },
                {
                    "comment_id": "10159543965423904",
                    "comment_url": "https://facebook.com/10159543965423904",
                    "commenter_id": "100033744802481",
                    "commenter_url": "https://facebook.com/lukasz.suckiel1990?fref=nf&rc=p",
                    "commenter_name": "Lukasz Suckiel",
                    "commenter_meta": null,
                    "comment_text": "St\u00e9fan Breton\nThe truckers protesting to end mandates from a dictatorial government are the dictators according to you. Great observation \ud83d\ude44",
                    "comment_time": "2022-02-02 23:30:31",
                    "comment_image": null,
                    "comment_reactors": [],
                    "comment_reactions": null,
                    "comment_reaction_count": null
                },
                {
                    "comment_id": "10159543982933904",
                    "comment_url": "https://facebook.com/10159543982933904",
                    "commenter_id": "582728745",
                    "commenter_url": "https://facebook.com/stefan.breton?fref=nf&rc=p",
                    "commenter_name": "St\u00e9fan Breton",
                    "commenter_meta": null,
                    "comment_text": "Lukasz Suckiel I suggest that you go live in a dictatorship for a few years, then we\u2019ll talk. These so-called protesters would already be rotting in rat infested prisons, if not dead. People in Thailand and Myanmar are thrown in jail for FB posts.",
                    "comment_time": "2022-02-02 23:30:31",
                    "comment_image": "https://scontent.xx.fbcdn.net/m1/v/t6/An_UvxJXg9tdnLU3Y5qjPi0200MLilhzPXUgxzGjQzUMaNcmjdZA6anyrngvkdub33NZzZhd51fpCAEzNHFhko5aKRFP5fS1w_lKwYrzcNLupv27.png?ccb=10-5&oh=00_AT9C82irDy7Sn8cI_UEelmRC1FY5K5jw2pfWXlZ8QaKL1g&oe=62246CF9&_nc_sid=55e238",
                    "comment_reactors": [],
                    "comment_reactions": null,
                    "comment_reaction_count": null
                },
                {
                    "comment_id": "10159544019878904",
                    "comment_url": "https://facebook.com/10159544019878904",
                    "commenter_id": "100033744802481",
                    "commenter_url": "https://facebook.com/lukasz.suckiel1990?fref=nf&rc=p",
                    "commenter_name": "Lukasz Suckiel",
                    "commenter_meta": null,
                    "comment_text": "St\u00e9fan Breton\nNo I suggest that for you.\n\nMy family brought me here for freedom not to be told what to wear on my face and inject in my body and be oppressed because I refuse.\n\nThe only reason protestors are not rotting in prison right now is because they chose to stand up before the people lose the ability to even protest.\n\nFreedom being taken away doesn't happen over night, it's systematic.",
                    "comment_time": "2022-02-02 23:30:31",
                    "comment_image": "https://scontent.xx.fbcdn.net/m1/v/t6/An_F9bJG7govfshSMBkvcRLcxT0jmiXVYKtr7lgH5AHgUrjjpZ1OD0xyxXYgf7arc0lWgCdrR_KN4Mg7RSN3Gm3W6Gg03N1tQ-ZXzVvFJ_KvvB4.png?ccb=10-5&oh=00_AT8ScZKrgCPhmfSgYBZgvnQHv14vvPQpgzOW8DDMFGGodg&oe=62243F67&_nc_sid=55e238",
                    "comment_reactors": [],
                    "comment_reactions": null,
                    "comment_reaction_count": null
                },
                {
                    "comment_id": "10159544023978904",
                    "comment_url": "https://facebook.com/10159544023978904",
                    "commenter_id": "100033744802481",
                    "commenter_url": "https://facebook.com/lukasz.suckiel1990?fref=nf&rc=p",
                    "commenter_name": "Lukasz Suckiel",
                    "commenter_meta": null,
                    "comment_text": "St\u00e9fan Breton\nLaugh all you want but you're only making yourself look like a dictator.\n\nWho are you to say which protests can go on and which can't?\n\nWho are you to tell people they can't work because they didn't let the government inject them with a drug?\n\nSmh.",
                    "comment_time": "2022-02-02 23:30:31",
                    "comment_image": null,
                    "comment_reactors": [],
                    "comment_reactions": null,
                    "comment_reaction_count": null
                },
                {
                    "comment_id": "10159544316368904",
                    "comment_url": "https://facebook.com/10159544316368904",
                    "commenter_id": "100047501863564",
                    "commenter_url": "https://facebook.com/philip.standard.50?fref=nf&rc=p",
                    "commenter_name": "Philip Standard",
                    "commenter_meta": null,
                    "comment_text": "Lukasz Suckiel what are they protesting?!? I can go anywhere I want and do anything I want right now. It makes zero sense.",
                    "comment_time": "2022-02-02 23:30:31",
                    "comment_image": "https://scontent.xx.fbcdn.net/m1/v/t6/An_UvxJXg9tdnLU3Y5qjPi0200MLilhzPXUgxzGjQzUMaNcmjdZA6anyrngvkdub33NZzZhd51fpCAEzNHFhko5aKRFP5fS1w_lKwYrzcNLupv27.png?ccb=10-5&oh=00_AT9C82irDy7Sn8cI_UEelmRC1FY5K5jw2pfWXlZ8QaKL1g&oe=62246CF9&_nc_sid=55e238",
                    "comment_reactors": [],
                    "comment_reactions": null,
                    "comment_reaction_count": null
                },
                {
                    "comment_id": "10159544325293904",
                    "comment_url": "https://facebook.com/10159544325293904",
                    "commenter_id": "100033744802481",
                    "commenter_url": "https://facebook.com/lukasz.suckiel1990?fref=nf&rc=p",
                    "commenter_name": "Lukasz Suckiel",
                    "commenter_meta": null,
                    "comment_text": "Philip Standard\nUnvaccinated people are unable to do those things when many such as myself are healthier than an ox. I haven't even had a cold for over 4 years. I consider myself naturally immune since I've been working and shopping the entire pandemic and have never gotten sick.\n\nBut the lockdowns, mandates, etc are causing a large number of issues whether mental health crisis, drug addiction, or violence but also many opportunities for employment and areas to move up and advance in life have been stifled for over 20% of the population.\n\nNo one is considering just how many people everyday are deciding to not take another booster ever again because they see it has not worked in ending this \"new normal\".",
                    "comment_time": "2022-02-02 23:30:31",
                    "comment_image": null,
                    "comment_reactors": [],
                    "comment_reactions": null,
                    "comment_reaction_count": null
                }
            ]
        },
        {
            "comment_id": "10159544694123904",
            "comment_url": "https://facebook.com/10159544694123904",
            "commenter_id": "670352393",
            "commenter_url": "https://facebook.com/brian.lambie?fref=nf&rc=p&refid=52",
            "commenter_name": "Brian Lambie",
            "commenter_meta": "Top fan",
            "comment_text": "I wonder if we could host the negotiations on the U.S. side, and then refuse re-entry without proof of a highschool level civics education?",
            "comment_time": "2022-02-02 23:30:28",
            "comment_image": null,
            "comment_reactors": [],
            "comment_reactions": null,
            "comment_reaction_count": null,
            "replies": []
        },
        {
            "comment_id": "10159543551678904",
            "comment_url": "https://facebook.com/10159543551678904",
            "commenter_id": "100000624502260",
            "commenter_url": "https://facebook.com/melvin.argue?fref=nf&rc=p&refid=52",
            "commenter_name": "Melvin Argue",
            "commenter_meta": null,
            "comment_text": "So what happened to all the \"law and order \" Conservatives? Didn't Kenney bring in a law especially to act swiftly on these protests? The border has always been open it's the provincial highway that's blocked.",
            "comment_time": "2022-02-02 23:30:28",
            "comment_image": null,
            "comment_reactors": [],
            "comment_reactions": null,
            "comment_reaction_count": null,
            "replies": []
        },
        {
            "comment_id": "10159542221368904",
            "comment_url": "https://facebook.com/10159542221368904",
            "commenter_id": "590075735",
            "commenter_url": "https://facebook.com/sdchakra?fref=nf&rc=p&refid=52",
            "commenter_name": "S.d. Chakrabarti",
            "commenter_meta": null,
            "comment_text": "Kenney's own people are blocking so he can't bring himself to clear them out! The law of unintended consequences ;)",
            "comment_time": "2022-02-02 23:30:29",
            "comment_image": null,
            "comment_reactors": [],
            "comment_reactions": null,
            "comment_reaction_count": null,
            "replies": []
        },
        {
            "comment_id": "10159542764798904",
            "comment_url": "https://facebook.com/10159542764798904",
            "commenter_id": "100000467697605",
            "commenter_url": "https://facebook.com/karleen.bardal?fref=nf&rc=p&refid=52",
            "commenter_name": "Karleen Bardal",
            "commenter_meta": null,
            "comment_text": "It\u2019s an illegal blockade not a demonstration.",
            "comment_time": "2022-02-02 23:30:29",
            "comment_image": null,
            "comment_reactors": [],
            "comment_reactions": null,
            "comment_reaction_count": null,
            "replies": [
                {
                    "comment_id": "10159543018673904",
                    "comment_url": "https://facebook.com/10159543018673904",
                    "commenter_id": "1671922813",
                    "commenter_url": "https://facebook.com/dirk.hurst?fref=nf&rc=p",
                    "commenter_name": "Ryker Hurst",
                    "commenter_meta": null,
                    "comment_text": "Karleen Bardal \u201cfreedom\u201d means doing whatever I want to at everyone else\u2019s expense!",
                    "comment_time": "2022-02-02 23:30:32",
                    "comment_image": "https://scontent.xx.fbcdn.net/m1/v/t6/An_UvxJXg9tdnLU3Y5qjPi0200MLilhzPXUgxzGjQzUMaNcmjdZA6anyrngvkdub33NZzZhd51fpCAEzNHFhko5aKRFP5fS1w_lKwYrzcNLupv27.png?ccb=10-5&oh=00_AT9C82irDy7Sn8cI_UEelmRC1FY5K5jw2pfWXlZ8QaKL1g&oe=62246CF9&_nc_sid=55e238",
                    "comment_reactors": [],
                    "comment_reactions": null,
                    "comment_reaction_count": null
                }
            ]
        },
        {
            "comment_id": "10159542170898904",
            "comment_url": "https://facebook.com/10159542170898904",
            "commenter_id": "701824325",
            "commenter_url": "https://facebook.com/peter.vanveggel.7?fref=nf&rc=p&refid=52",
            "commenter_name": "Peter Van Veggel",
            "commenter_meta": null,
            "comment_text": "Keep it closed.",
            "comment_time": "2022-02-02 23:30:29",
            "comment_image": null,
            "comment_reactors": [],
            "comment_reactions": null,
            "comment_reaction_count": null,
            "replies": []
        },
        {
            "comment_id": "10159542267513904",
            "comment_url": "https://facebook.com/10159542267513904",
            "commenter_id": "655732237",
            "commenter_url": "https://facebook.com/neil.bristol.3?fref=nf&rc=p&refid=52",
            "commenter_name": "Neil Bristol",
            "commenter_meta": null,
            "comment_text": "Time for equal consideration from the Government",
            "comment_time": "2022-02-02 23:30:29",
            "comment_image": null,
            "comment_reactors": [],
            "comment_reactions": null,
            "comment_reaction_count": null,
            "replies": []
        },
        {
            "comment_id": "10159542193043904",
            "comment_url": "https://facebook.com/10159542193043904",
            "commenter_id": "630743638",
            "commenter_url": "https://facebook.com/kenneth.w.mcdonald.7?fref=nf&rc=p&refid=52",
            "commenter_name": "Kenneth W. McDonald",
            "commenter_meta": null,
            "comment_text": "You mean...they \"allowed\" other truckers to get on with making a living?",
            "comment_time": "2022-02-02 23:30:29",
            "comment_image": null,
            "comment_reactors": [],
            "comment_reactions": null,
            "comment_reaction_count": null,
            "replies": []
        }
    ],
    "reactors": null,
    "w3_fb_url": null,
    "reactions": null,
    "reaction_count": null,
    "with": null,
    "page_id": "140961138903",
    "sharers": null,
    "image_id": null,
    "image_ids": [],
    "was_live": false
}