{
    "original_request_url": "10159558074383904",
    "post_url": "https://facebook.com/story.php?story_fbid=10159558074383904&id=140961138903",
    "post_id": "10159558074383904",
    "text": "Q. Anthony Omene: Many allied with the progressive left appear to have given up on crusading for better government or supporting its advocates and are instead content to campaign corporations to enact pale imitations of change\n\nTHEGLOBEANDMAIL.COM\nBy co-opting the convoy\u2019s populist message, the reactionary right notches another grim political win over the distracted left\n\nHashem Al-Ghaili posted an episode of COVID-19.\nFebruary 11 at 2:45 PM \u00b7\n\nChildren make up a larger proportion of hospitalized Omicron patients.\n\nHashem Al-Ghaili posted an episode of COVID-19.\nFebruary 11 at 2:45 PM \u00b7\n\nChildren make up a larger proportion of hospitalized Omicron patients.",
    "post_text": "Q. Anthony Omene: Many allied with the progressive left appear to have given up on crusading for better government or supporting its advocates and are instead content to campaign corporations to enact pale imitations of change",
    "shared_text": "THEGLOBEANDMAIL.COM\nBy co-opting the convoy\u2019s populist message, the reactionary right notches another grim political win over the distracted left\n\nHashem Al-Ghaili posted an episode of COVID-19.\nFebruary 11 at 2:45 PM \u00b7\n\nChildren make up a larger proportion of hospitalized Omicron patients.\n\nHashem Al-Ghaili posted an episode of COVID-19.\nFebruary 11 at 2:45 PM \u00b7\n\nChildren make up a larger proportion of hospitalized Omicron patients.",
    "original_text": null,
    "time": "2022-02-11 17:24:18",
    "timestamp": 1644600258,
    "image": "https://www.theglobeandmail.com/resizer/ovousQRzZ8FOMOVnsfEORCZC_tQ=/1200x800/filters:quality(80)/cloudfront-us-east-1.images.arcpublishing.com/tgam/PARMCDY6MNHJRCCRCZUX6TWWNI.jpg",
    "image_lowquality": "https://external-sea1-1.xx.fbcdn.net/safe_image.php?d=AQESX7AHHDN1HWkA&w=476&h=249&url=https%3A%2F%2Fwww.theglobeandmail.com%2Fresizer%2FovousQRzZ8FOMOVnsfEORCZC_tQ%3D%2F1200x800%2Ffilters%3Aquality%2880%29%2Fcloudfront-us-east-1.images.arcpublishing.com%2Ftgam%2FPARMCDY6MNHJRCCRCZUX6TWWNI.jpg&cfs=1&jq=75&ext=jpg&_nc_oe=6fab6&_nc_sid=06c271&ccb=3-5&_nc_hash=AQE6Dj3EchGBzrbi",
    "images": [
        "https://www.theglobeandmail.com/resizer/ovousQRzZ8FOMOVnsfEORCZC_tQ=/1200x800/filters:quality(80)/cloudfront-us-east-1.images.arcpublishing.com/tgam/PARMCDY6MNHJRCCRCZUX6TWWNI.jpg"
    ],
    "images_description": [],
    "images_lowquality": [
        "https://external-sea1-1.xx.fbcdn.net/safe_image.php?d=AQESX7AHHDN1HWkA&w=476&h=249&url=https%3A%2F%2Fwww.theglobeandmail.com%2Fresizer%2FovousQRzZ8FOMOVnsfEORCZC_tQ%3D%2F1200x800%2Ffilters%3Aquality%2880%29%2Fcloudfront-us-east-1.images.arcpublishing.com%2Ftgam%2FPARMCDY6MNHJRCCRCZUX6TWWNI.jpg&cfs=1&jq=75&ext=jpg&_nc_oe=6fab6&_nc_sid=06c271&ccb=3-5&_nc_hash=AQE6Dj3EchGBzrbi",
        "https://scontent-sea1-1.xx.fbcdn.net/v/t15.5256-10/241405659_696510215051799_3914436519354880630_n.jpg?stp=cp0_dst-jpg_e15_p320x320_q65&_nc_cat=106&ccb=1-5&_nc_sid=ccf8b3&efg=eyJpIjoidCJ9&_nc_ohc=EPoJIeI9uLkAX9p9IVn&_nc_ht=scontent-sea1-1.xx&oh=00_AT-vMPMGOwVUYWgpFIE0yT64qtdHkQVB1yDIsOtjDrEnoA&oe=62259E05",
        "https://scontent-sea1-1.xx.fbcdn.net/v/t15.5256-10/241405659_696510215051799_3914436519354880630_n.jpg?stp=cp0_dst-jpg_e15_p320x320_q65&_nc_cat=106&ccb=1-5&_nc_sid=ccf8b3&efg=eyJpIjoidCJ9&_nc_ohc=EPoJIeI9uLkAX9p9IVn&_nc_ht=scontent-sea1-1.xx&oh=00_AT-vMPMGOwVUYWgpFIE0yT64qtdHkQVB1yDIsOtjDrEnoA&oe=62259E05"
    ],
    "images_lowquality_description": [
        null,
        null,
        null
    ],
    "video": null,
    "video_duration_seconds": null,
    "video_height": null,
    "video_id": "359462829100590",
    "video_quality": null,
    "video_size_MB": null,
    "video_thumbnail": null,
    "video_watches": null,
    "video_width": null,
    "likes": 11,
    "comments": 3,
    "shares": 1,
    "link": "http://www.theglobeandmail.com/opinion/article-by-co-opting-the-convoys-populist-message-the-reactionary-right/?utm_campaign=sophi-pop&utm_medium=post&utm_source=facebook&fbclid=IwAR0xoQmnBMY6uv_sMSMCJ2dJvckwKVVQvAVQNqjz1Gca41_8p3RtOIItlmE",
    "links": [],
    "user_id": "140961138903",
    "username": "The Globe and Mail",
    "user_url": "https://facebook.com/theglobeandmail/?refid=52",
    "is_live": false,
    "factcheck": null,
    "shared_post_id": null,
    "shared_time": null,
    "shared_user_id": null,
    "shared_username": null,
    "shared_post_url": null,
    "available": true,
    "comments_full": [
        {
            "comment_id": "10159558412563904",
            "comment_url": "https://facebook.com/10159558412563904",
            "commenter_id": "100010296467765",
            "commenter_url": "https://facebook.com/profile.php?id=100010296467765&fref=nf&rc=p&refid=52",
            "commenter_name": "Marilyn Taylor",
            "commenter_meta": null,
            "comment_text": "While many speak of populism in derogatory terms, the fact remains that populism is the belief in the power of the people and their right to have control over their government as opposed to a small group of political insiders or a wealthy elite having all the control. As defined in the dictionary, populism \u201cappeals to ordinary people who feel that their concerns are disregarded by established elite groups.\u201d Populism is the very essence of democracy given that in a democracy, the people rule. It\u2019s the arrogant elitism of out-of-touch political leaders that has caused the populist movement to grow. People worldwide are fighting against leaders who ignore them to do as they please. Populism gains support when the public no longer trust politicians and feel that the government is serving their own interests and not those of the people.",
            "comment_time": "2022-02-09 19:11:42",
            "comment_image": null,
            "comment_reactors": [],
            "comment_reactions": null,
            "comment_reaction_count": null,
            "replies": []
        },
        {
            "comment_id": "10159558129058904",
            "comment_url": "https://facebook.com/10159558129058904",
            "commenter_id": "1657421673",
            "commenter_url": "https://facebook.com/lori.gildemeister?fref=nf&rc=p&refid=52",
            "commenter_name": "Lori Gildemeister",
            "commenter_meta": null,
            "comment_text": "Imagine what would happen if we all joined together to get our healthcare system fixed!",
            "comment_time": "2022-02-09 19:11:42",
            "comment_image": null,
            "comment_reactors": [],
            "comment_reactions": null,
            "comment_reaction_count": null,
            "replies": [
                {
                    "comment_id": "10159558149558904",
                    "comment_url": "https://facebook.com/10159558149558904",
                    "commenter_id": "100033744802481",
                    "commenter_url": "https://facebook.com/lukasz.suckiel1990?fref=nf&rc=p",
                    "commenter_name": "Lukasz Suckiel",
                    "commenter_meta": null,
                    "comment_text": "Lori Gildemeister\nThe left opposes anything that's right wing so it'll never get done.\n\nThere's a simple solution to healthcare but the left doesn't want to hear it.\n\nHomegrown Canadian privatized options that get taxed and help fund the public option which simultaneously relieves wait times.\n\nAlso keeps money in Canada instead of Canadians going to America to spend it when they are in dire need and can't wait.",
                    "comment_time": "2022-02-09 19:11:43",
                    "comment_image": "https://scontent.xx.fbcdn.net/m1/v/t6/An_UvxJXg9tdnLU3Y5qjPi0200MLilhzPXUgxzGjQzUMaNcmjdZA6anyrngvkdub33NZzZhd51fpCAEzNHFhko5aKRFP5fS1w_lKwYrzcNLupv27.png?ccb=10-5&oh=00_AT9C82irDy7Sn8cI_UEelmRC1FY5K5jw2pfWXlZ8QaKL1g&oe=62246CF9&_nc_sid=55e238",
                    "comment_reactors": [],
                    "comment_reactions": null,
                    "comment_reaction_count": null
                },
                {
                    "comment_id": "10159558189723904",
                    "comment_url": "https://facebook.com/10159558189723904",
                    "commenter_id": "502442894",
                    "commenter_url": "https://facebook.com/ryan.doherty.165?fref=nf&rc=p",
                    "commenter_name": "Ryan Doherty",
                    "commenter_meta": null,
                    "comment_text": "Lori Gildemeister we had the chance last election. There was this guy named Erin otoole who was running on the promise to increase healthcare funding by increasing payments the federal government made thru \u201chealth transfers\u201d to the provinces. We chose the other guy. The one who didn\u2019t want to improve healthcare. The guy That people were throwing rocks at. We have to live with this choice we made. Can\u2019t blame the government.",
                    "comment_time": "2022-02-09 19:11:43",
                    "comment_image": "https://scontent.xx.fbcdn.net/m1/v/t6/An_UvxJXg9tdnLU3Y5qjPi0200MLilhzPXUgxzGjQzUMaNcmjdZA6anyrngvkdub33NZzZhd51fpCAEzNHFhko5aKRFP5fS1w_lKwYrzcNLupv27.png?ccb=10-5&oh=00_AT9C82irDy7Sn8cI_UEelmRC1FY5K5jw2pfWXlZ8QaKL1g&oe=62246CF9&_nc_sid=55e238",
                    "comment_reactors": [],
                    "comment_reactions": null,
                    "comment_reaction_count": null
                }
            ]
        },
        {
            "comment_id": "10159558344068904",
            "comment_url": "https://facebook.com/10159558344068904",
            "commenter_id": "100002417842763",
            "commenter_url": "https://facebook.com/andrew.merritt.948?fref=nf&rc=p&refid=52",
            "commenter_name": "Andrew Merritt",
            "commenter_meta": null,
            "comment_text": "Whats are the antivaxxers proud about again, the right to be wrong? The right to ignore what all the experts in science has to say about pandemics and on how it can effect other people? Next thing you know he will be agreeing with the pseudo science of how global warming isn't caused by fossil fuels. Thats whats so dangerous of creating government policies no matter what political party on alternative facts. There are no alternative facts, just facts .This isnt the same as using the same facts but have a alternative method. Ive seen what the alternative facts group promote ,and its often dumb. This guy should run for the Conservative party as they seem to be lacking a leader and have adopted Trump to represent the antivaxx cults as this isnt really about truckers as 99% of Trucker support the mandate and have already had their shots.I support as well as Canada ,support truckers.This convoy is just a ploy manipulated by various groups that HAVE VESTED INTERESTS and simply want the liberal government out and the conservatives in,at ALL COSTS.It has nothing to do with FREEDOM. Looks like the Omnicron isnt as mild as people was hoping it would be.Its killing some otherwise healthy kids. Some appear to have potentially life long chronic health issues because of this virus. https://\nfb.watch/\nb6uBe8ic7g/",
            "comment_time": "2022-02-11 14:45:00",
            "comment_image": "https://fb.watch/b6uBe8ic7g/?fbclid=IwAR05bfVmpRXgpHGLREC5gW79EWekFLws0aP5o69xqAdUTeCEYBorqwwVm84",
            "comment_reactors": [],
            "comment_reactions": null,
            "comment_reaction_count": null,
            "replies": [
                {
                    "comment_id": "361476145539080",
                    "comment_url": "https://facebook.com/361476145539080",
                    "commenter_id": "100000570193720",
                    "commenter_url": "https://facebook.com/isabel.sandersegriff?fref=nf&rc=p",
                    "commenter_name": "Isabel Sander",
                    "commenter_meta": null,
                    "comment_text": "Andrew Merritt do you not see the irony in bringing up vested interests? \ud83d\ude02",
                    "comment_time": "2022-02-09 19:11:44",
                    "comment_image": null,
                    "comment_reactors": [],
                    "comment_reactions": null,
                    "comment_reaction_count": null
                },
                {
                    "comment_id": "10159558488813904",
                    "comment_url": "https://facebook.com/10159558488813904",
                    "commenter_id": "100060912137513",
                    "commenter_url": "https://facebook.com/river.sutton.988?fref=nf&rc=p",
                    "commenter_name": "River Sutton",
                    "commenter_meta": "Top fan",
                    "comment_text": "The science! the science! scream the same morons who think their are more then 2 genders.",
                    "comment_time": "2022-02-09 19:11:44",
                    "comment_image": "https://static.xx.fbcdn.net/rsrc.php/v3/y7/r/4bRBCBmu1Q9.png",
                    "comment_reactors": [],
                    "comment_reactions": null,
                    "comment_reaction_count": null
                }
            ]
        }
    ],
    "reactors": null,
    "w3_fb_url": null,
    "reactions": null,
    "reaction_count": null,
    "with": [
        {
            "name": "Hashem Al-Ghaili",
            "link": "/ScienceNaturePage/?refid=52"
        }
    ],
    "page_id": "140961138903",
    "sharers": null,
    "image_id": null,
    "image_ids": [],
    "was_live": false,
    "header": "The Globe and Mail"
}