{
    "original_request_url": "10159571710628904",
    "post_url": "https://facebook.com/story.php?story_fbid=10159571710628904&id=140961138903",
    "post_id": "10159571710628904",
    "text": "Key protest figures Pat King, Tamara Lich appearing in court Saturday as Ottawa police continue to remove blockade\n\nTHEGLOBEANDMAIL.COM\nPolice advance on main demonstration on Parliament Hill in Ottawa",
    "post_text": "Key protest figures Pat King, Tamara Lich appearing in court Saturday as Ottawa police continue to remove blockade",
    "shared_text": "THEGLOBEANDMAIL.COM\nPolice advance on main demonstration on Parliament Hill in Ottawa",
    "original_text": null,
    "time": "2022-02-19 16:54:08",
    "timestamp": 1645289648,
    "image": "https://www.theglobeandmail.com/resizer/Q7Wfk-ZSIOqJ3840l_E9xAgJM-Q=/1200x810/filters:quality(80)/cloudfront-us-east-1.images.arcpublishing.com/tgam/PJ2BEHEMBNNGXAB5PMBJ4JINEQ.JPG",
    "image_lowquality": "https://external-sea1-1.xx.fbcdn.net/safe_image.php?d=AQHRm20z9tr9pEsR&w=476&h=249&url=https%3A%2F%2Fwww.theglobeandmail.com%2Fresizer%2FQ7Wfk-ZSIOqJ3840l_E9xAgJM-Q%3D%2F1200x810%2Ffilters%3Aquality%2880%29%2Fcloudfront-us-east-1.images.arcpublishing.com%2Ftgam%2FPJ2BEHEMBNNGXAB5PMBJ4JINEQ.JPG&cfs=1&jq=75&ext=jpg&_nc_oe=6faba&_nc_sid=06c271&ccb=3-5&_nc_hash=AQGI0Zrr5116LDTd",
    "images": [
        "https://www.theglobeandmail.com/resizer/Q7Wfk-ZSIOqJ3840l_E9xAgJM-Q=/1200x810/filters:quality(80)/cloudfront-us-east-1.images.arcpublishing.com/tgam/PJ2BEHEMBNNGXAB5PMBJ4JINEQ.JPG"
    ],
    "images_description": [],
    "images_lowquality": [
        "https://external-sea1-1.xx.fbcdn.net/safe_image.php?d=AQHRm20z9tr9pEsR&w=476&h=249&url=https%3A%2F%2Fwww.theglobeandmail.com%2Fresizer%2FQ7Wfk-ZSIOqJ3840l_E9xAgJM-Q%3D%2F1200x810%2Ffilters%3Aquality%2880%29%2Fcloudfront-us-east-1.images.arcpublishing.com%2Ftgam%2FPJ2BEHEMBNNGXAB5PMBJ4JINEQ.JPG&cfs=1&jq=75&ext=jpg&_nc_oe=6faba&_nc_sid=06c271&ccb=3-5&_nc_hash=AQGI0Zrr5116LDTd"
    ],
    "images_lowquality_description": [
        null
    ],
    "video": null,
    "video_duration_seconds": null,
    "video_height": null,
    "video_id": null,
    "video_quality": null,
    "video_size_MB": null,
    "video_thumbnail": null,
    "video_watches": null,
    "video_width": null,
    "likes": 143,
    "comments": 15,
    "shares": 2,
    "link": "http://www.theglobeandmail.com/politics/article-police-advance-on-main-demonstration-on-parliament-hill-in-ottawa/?utm_campaign=sophi-pop&utm_medium=post&utm_source=facebook&fbclid=IwAR1UdHA3C_BA08VuINJDj0RHcYxZcFn0NcyHrLovy_ERcSOSKjkdEz3WOwg",
    "links": [],
    "user_id": "140961138903",
    "username": "The Globe and Mail",
    "user_url": "https://facebook.com/theglobeandmail/?refid=52",
    "is_live": false,
    "factcheck": null,
    "shared_post_id": null,
    "shared_time": null,
    "shared_user_id": null,
    "shared_username": null,
    "shared_post_url": null,
    "available": true,
    "comments_full": [
        {
            "comment_id": "10159571786633904",
            "comment_url": "https://facebook.com/10159571786633904",
            "commenter_id": "100005246173048",
            "commenter_url": "https://facebook.com/rita.giacomelli.50?fref=nf&rc=p&refid=52",
            "commenter_name": "Rita Cugini-Giacomelli",
            "commenter_meta": null,
            "comment_text": "Thank you for standing against this toxic dictator government who\u2019s so hateful and divisive it\u2019s an embarrassment to Canada. Who uses force instead of lead and who must be defeated in the next election or have a non confidence vote asap!!!",
            "comment_time": "2022-02-16 23:19:22",
            "comment_image": null,
            "comment_reactors": [],
            "comment_reactions": null,
            "comment_reaction_count": null,
            "replies": [
                {
                    "comment_id": "10159571884318904",
                    "comment_url": "https://facebook.com/10159571884318904",
                    "commenter_id": "100043257961739",
                    "commenter_url": "https://facebook.com/bonnie.cull.7?fref=nf&rc=p",
                    "commenter_name": "Bonnie Cull",
                    "commenter_meta": null,
                    "comment_text": "Since when do regular folks wear body armour? Time to put the conservative party on a terrorist watch list. I've been saying it since 2010. I knew this day was coming form the.western separatist terrorist movement. #LOCKTHEMUP\n\nhttps://\nglobalnews.ca/\nnews/8632832/\nottawa-police-fr\needom-convoy-bl\nockade/",
                    "comment_time": "2022-02-16 23:19:23",
                    "comment_image": "https://globalnews.ca/news/8632832/ottawa-police-freedom-convoy-blockade/?fbclid=IwAR1FQ_H5lc3PleZ2Cf_uVqDQw2tkLoDVJL2rmlEy1m1KHjqxT9gG5qBzuhI",
                    "comment_reactors": [],
                    "comment_reactions": null,
                    "comment_reaction_count": null
                },
                {
                    "comment_id": "10159571914688904",
                    "comment_url": "https://facebook.com/10159571914688904",
                    "commenter_id": "537438865",
                    "commenter_url": "https://facebook.com/kruetters?fref=nf&rc=p",
                    "commenter_name": "Kurt Ruetters",
                    "commenter_meta": null,
                    "comment_text": "Rita Cugini-Giacomel\nli do you know the key characteristics\nof a dictatorship and can you please explain to me how anything in Canada is a dictatorship given we have a minority government?\n\nI'm intrigued and I'm sure plenty of poli-sci professors would be too",
                    "comment_time": "2022-02-16 23:19:23",
                    "comment_image": "https://scontent.xx.fbcdn.net/m1/v/t6/An_UvxJXg9tdnLU3Y5qjPi0200MLilhzPXUgxzGjQzUMaNcmjdZA6anyrngvkdub33NZzZhd51fpCAEzNHFhko5aKRFP5fS1w_lKwYrzcNLupv27.png?ccb=10-5&oh=00_AT9C82irDy7Sn8cI_UEelmRC1FY5K5jw2pfWXlZ8QaKL1g&oe=62246CF9&_nc_sid=55e238",
                    "comment_reactors": [],
                    "comment_reactions": null,
                    "comment_reaction_count": null
                }
            ]
        },
        {
            "comment_id": "10159571919898904",
            "comment_url": "https://facebook.com/10159571919898904",
            "commenter_id": "100005412677637",
            "commenter_url": "https://facebook.com/profile.php?id=100005412677637&fref=nf&rc=p&refid=52",
            "commenter_name": "Lorraine Thomas",
            "commenter_meta": null,
            "comment_text": "is the woman in rainbow attire with a bird on her head part of the freedom trucker convoy? baffling",
            "comment_time": "2022-02-16 23:19:22",
            "comment_image": null,
            "comment_reactors": [],
            "comment_reactions": null,
            "comment_reaction_count": null,
            "replies": [
                {
                    "comment_id": "10159572042918904",
                    "comment_url": "https://facebook.com/10159572042918904",
                    "commenter_id": "100001177407585",
                    "commenter_url": "https://facebook.com/kate.plant.94?fref=nf&rc=p",
                    "commenter_name": "Kate Plant",
                    "commenter_meta": null,
                    "comment_text": "Lorraine Thomas I, too, was curious as to her role.",
                    "comment_time": "2022-02-16 23:19:24",
                    "comment_image": null,
                    "comment_reactors": [],
                    "comment_reactions": null,
                    "comment_reaction_count": null
                },
                {
                    "comment_id": "10159572079988904",
                    "comment_url": "https://facebook.com/10159572079988904",
                    "commenter_id": "100001760509455",
                    "commenter_url": "https://facebook.com/kate.jones.75054689?fref=nf&rc=p",
                    "commenter_name": "Kay Em Jay",
                    "commenter_meta": null,
                    "comment_text": "Lorraine Thomas Canada's very own QAnon Shaman, female version?",
                    "comment_time": "2022-02-16 23:19:24",
                    "comment_image": "https://scontent.xx.fbcdn.net/m1/v/t6/An_UvxJXg9tdnLU3Y5qjPi0200MLilhzPXUgxzGjQzUMaNcmjdZA6anyrngvkdub33NZzZhd51fpCAEzNHFhko5aKRFP5fS1w_lKwYrzcNLupv27.png?ccb=10-5&oh=00_AT9C82irDy7Sn8cI_UEelmRC1FY5K5jw2pfWXlZ8QaKL1g&oe=62246CF9&_nc_sid=55e238",
                    "comment_reactors": [],
                    "comment_reactions": null,
                    "comment_reaction_count": null
                },
                {
                    "comment_id": "10159572370943904",
                    "comment_url": "https://facebook.com/10159572370943904",
                    "commenter_id": "650096277",
                    "commenter_url": "https://facebook.com/richard.evans.22?fref=nf&rc=p",
                    "commenter_name": "Richard Evans",
                    "commenter_meta": "Top fan",
                    "comment_text": "Lorraine Thomas All hail the Rainbow Pigeon Lady",
                    "comment_time": "2022-02-16 23:19:24",
                    "comment_image": "https://static.xx.fbcdn.net/rsrc.php/v3/y7/r/4bRBCBmu1Q9.png",
                    "comment_reactors": [],
                    "comment_reactions": null,
                    "comment_reaction_count": null
                }
            ]
        },
        {
            "comment_id": "10159571836753904",
            "comment_url": "https://facebook.com/10159571836753904",
            "commenter_id": "907090261",
            "commenter_url": "https://facebook.com/tdamour1?fref=nf&rc=p&refid=52",
            "commenter_name": "Tracy D'Amour",
            "commenter_meta": "Top fan",
            "comment_text": "Good. I hope these charges stick! They caused a lot of mayhem especially to the citizens of Ottawa. I wouldn\u2019t wish this on any city or town!",
            "comment_time": "2022-02-16 23:19:22",
            "comment_image": null,
            "comment_reactors": [],
            "comment_reactions": null,
            "comment_reaction_count": null,
            "replies": [
                {
                    "comment_id": "10159571911758904",
                    "comment_url": "https://facebook.com/10159571911758904",
                    "commenter_id": "100046680392996",
                    "commenter_url": "https://facebook.com/keith.lariviere.319?fref=nf&rc=p",
                    "commenter_name": "Keith LaRiviere",
                    "commenter_meta": null,
                    "comment_text": "Lukasz Suckiel\n\nMan, I am proud of you. Keep telling it like it is. Never mind how they want to see it or interpret it. But you are a young man and you can only work down effective to change the minds of younger people. These PeopleKind are lost and you can\u2019t change the slower thought process. Work to toward the future not the passed\u2026.",
                    "comment_time": "2022-02-16 23:19:25",
                    "comment_image": "https://scontent.xx.fbcdn.net/m1/v/t6/An_UvxJXg9tdnLU3Y5qjPi0200MLilhzPXUgxzGjQzUMaNcmjdZA6anyrngvkdub33NZzZhd51fpCAEzNHFhko5aKRFP5fS1w_lKwYrzcNLupv27.png?ccb=10-5&oh=00_AT9C82irDy7Sn8cI_UEelmRC1FY5K5jw2pfWXlZ8QaKL1g&oe=62246CF9&_nc_sid=55e238",
                    "comment_reactors": [],
                    "comment_reactions": null,
                    "comment_reaction_count": null
                },
                {
                    "comment_id": "10159571930883904",
                    "comment_url": "https://facebook.com/10159571930883904",
                    "commenter_id": "505490762",
                    "commenter_url": "https://facebook.com/ljfowles?fref=nf&rc=p",
                    "commenter_name": "Laurie Fowles",
                    "commenter_meta": null,
                    "comment_text": "Lukasz Suckiel I think that the people responsible should be arrested and charged. Those who break the law should be arrested and charged, regardless of \u201cideology\u201d.",
                    "comment_time": "2022-02-16 23:19:25",
                    "comment_image": "https://scontent.xx.fbcdn.net/m1/v/t6/An_UvxJXg9tdnLU3Y5qjPi0200MLilhzPXUgxzGjQzUMaNcmjdZA6anyrngvkdub33NZzZhd51fpCAEzNHFhko5aKRFP5fS1w_lKwYrzcNLupv27.png?ccb=10-5&oh=00_AT9C82irDy7Sn8cI_UEelmRC1FY5K5jw2pfWXlZ8QaKL1g&oe=62246CF9&_nc_sid=55e238",
                    "comment_reactors": [],
                    "comment_reactions": null,
                    "comment_reaction_count": null
                },
                {
                    "comment_id": "10159571939948904",
                    "comment_url": "https://facebook.com/10159571939948904",
                    "commenter_id": "100033744802481",
                    "commenter_url": "https://facebook.com/lukasz.suckiel1990?fref=nf&rc=p",
                    "commenter_name": "Lukasz Suckiel",
                    "commenter_meta": null,
                    "comment_text": "Laurie Fowles\nThat's not the question I asked. The question I asked was what should be done about the ideology that fuels it?\n\nYou will arrest these 20 axe wielding maniacal protestors and 20 more will be created because of the left wing ideology.\n\nEvery day in our schools more minds capable of that type of protest are being created. This ideology invented \"micro aggression\" which is where they pretend words are equivalent to violence and therefore can be retaliated with violence. It's terrorist.",
                    "comment_time": "2022-02-16 23:19:25",
                    "comment_image": null,
                    "comment_reactors": [],
                    "comment_reactions": null,
                    "comment_reaction_count": null
                },
                {
                    "comment_id": "10159571948428904",
                    "comment_url": "https://facebook.com/10159571948428904",
                    "commenter_id": "505490762",
                    "commenter_url": "https://facebook.com/ljfowles?fref=nf&rc=p",
                    "commenter_name": "Laurie Fowles",
                    "commenter_meta": null,
                    "comment_text": "Lukasz Suckiel You don\u2019t have all the information. This did not happen because of \u201cleft wing\u201d ideology. Look up who they think did this. It was not environmentalis\nts or left wing groups and not an ideology. I do not have an answer for how to deal with the issues behind this attack in BC because the issues are extremely complex and span generations. Other than arresting those responsible because the attack was violent and illegal I don\u2019t know what can be done at this point. There are many very sad, unsolvable issues in our country but breaking the law and violence are never the right answer from my perspective.",
                    "comment_time": "2022-02-16 23:19:25",
                    "comment_image": "https://scontent.xx.fbcdn.net/m1/v/t6/An-OzaYGRs8HJMUUdL-Q9pzzUe-6dYQYH0YuulfJGzClIwZB6ubbGwhtChGS8FxnChgEmifrcrhalKyw7ubZeQmjvur00_4Bm3UKlJBnXJyqwKsR.png?ccb=10-5&oh=00_AT9QK4usHUu4e7hPO5sxMa4kIEUG_AoGS6YTJ_1zAMxiLg&oe=6224136B&_nc_sid=55e238",
                    "comment_reactors": [],
                    "comment_reactions": null,
                    "comment_reaction_count": null
                },
                {
                    "comment_id": "10159571952608904",
                    "comment_url": "https://facebook.com/10159571952608904",
                    "commenter_id": "100033744802481",
                    "commenter_url": "https://facebook.com/lukasz.suckiel1990?fref=nf&rc=p",
                    "commenter_name": "Lukasz Suckiel",
                    "commenter_meta": null,
                    "comment_text": "Laurie Fowles\nYou're lying to me and yourself.\n\nMy last reply explains exactly what's happening and who the culprit is.\n\nAccording to a new Manu poll only 16% of people would vote for Trudeau and his Liberal/NDP/\nGreen agenda again. Everyone now knows those 3 parties are working together in Parliament to override the people they're supposed to serve.\n\nAre you part of that 16%?",
                    "comment_time": "2022-02-16 23:19:25",
                    "comment_image": "https://scontent.xx.fbcdn.net/m1/v/t6/An_UvxJXg9tdnLU3Y5qjPi0200MLilhzPXUgxzGjQzUMaNcmjdZA6anyrngvkdub33NZzZhd51fpCAEzNHFhko5aKRFP5fS1w_lKwYrzcNLupv27.png?ccb=10-5&oh=00_AT9C82irDy7Sn8cI_UEelmRC1FY5K5jw2pfWXlZ8QaKL1g&oe=62246CF9&_nc_sid=55e238",
                    "comment_reactors": [],
                    "comment_reactions": null,
                    "comment_reaction_count": null
                },
                {
                    "comment_id": "10159571954723904",
                    "comment_url": "https://facebook.com/10159571954723904",
                    "commenter_id": "505490762",
                    "commenter_url": "https://facebook.com/ljfowles?fref=nf&rc=p",
                    "commenter_name": "Laurie Fowles",
                    "commenter_meta": null,
                    "comment_text": "Lukasz Suckiel No, I don\u2019t see indigenous activity as \u201cleft wing\u201d and that is what happened in BC. I have a family member who works in that camp. It was not environmentalis\nts.",
                    "comment_time": "2022-02-16 23:19:25",
                    "comment_image": null,
                    "comment_reactors": [],
                    "comment_reactions": null,
                    "comment_reaction_count": null
                },
                {
                    "comment_id": "10159571955843904",
                    "comment_url": "https://facebook.com/10159571955843904",
                    "commenter_id": "100044726982766",
                    "commenter_url": "https://facebook.com/justin.shovin.9?fref=nf&rc=p",
                    "commenter_name": "Justin Shovin",
                    "commenter_meta": null,
                    "comment_text": "Tracy D'Amour there was no mayhem there is literally the opposite of mayhem you should just be happy it's not a leftist cause in Ottawa because it would be destroyed instead it was CLEANED",
                    "comment_time": "2022-02-16 23:19:25",
                    "comment_image": "https://scontent.xx.fbcdn.net/m1/v/t6/An_UvxJXg9tdnLU3Y5qjPi0200MLilhzPXUgxzGjQzUMaNcmjdZA6anyrngvkdub33NZzZhd51fpCAEzNHFhko5aKRFP5fS1w_lKwYrzcNLupv27.png?ccb=10-5&oh=00_AT9C82irDy7Sn8cI_UEelmRC1FY5K5jw2pfWXlZ8QaKL1g&oe=62246CF9&_nc_sid=55e238",
                    "comment_reactors": [],
                    "comment_reactions": null,
                    "comment_reaction_count": null
                },
                {
                    "comment_id": "10159571957158904",
                    "comment_url": "https://facebook.com/10159571957158904",
                    "commenter_id": "100033744802481",
                    "commenter_url": "https://facebook.com/lukasz.suckiel1990?fref=nf&rc=p",
                    "commenter_name": "Lukasz Suckiel",
                    "commenter_meta": null,
                    "comment_text": "Laurie Fowles\nYeah sure you do. Just forget it. I'm sick of fake \"liberals\" poisoning the minds of good people. It's created more violence than I have ever witnessed in my lifetime.\n\nI am going to keep waking up people to the actual ideology that's causing the division and creating the radicals in our society.",
                    "comment_time": "2022-02-16 23:19:25",
                    "comment_image": "https://scontent.xx.fbcdn.net/m1/v/t6/An_UvxJXg9tdnLU3Y5qjPi0200MLilhzPXUgxzGjQzUMaNcmjdZA6anyrngvkdub33NZzZhd51fpCAEzNHFhko5aKRFP5fS1w_lKwYrzcNLupv27.png?ccb=10-5&oh=00_AT9C82irDy7Sn8cI_UEelmRC1FY5K5jw2pfWXlZ8QaKL1g&oe=62246CF9&_nc_sid=55e238",
                    "comment_reactors": [],
                    "comment_reactions": null,
                    "comment_reaction_count": null
                },
                {
                    "comment_id": "10159571970628904",
                    "comment_url": "https://facebook.com/10159571970628904",
                    "commenter_id": "1361771984",
                    "commenter_url": "https://facebook.com/rolf.lemmor?fref=nf&rc=p",
                    "commenter_name": "Rolf Lemmor",
                    "commenter_meta": null,
                    "comment_text": "Tracy D'Amour whatever you say you Marxist communist Trudeau Lover, As you\u2019re a black face racist supporter how can any person of integrity stand with a Prime Minister who has belittled people of colour not to mention the scandals that he has caused and damage certain charities or organizations .. birds of a feather will flock together !!",
                    "comment_time": "2022-02-16 23:19:25",
                    "comment_image": "https://scontent.xx.fbcdn.net/m1/v/t6/An_F9bJG7govfshSMBkvcRLcxT0jmiXVYKtr7lgH5AHgUrjjpZ1OD0xyxXYgf7arc0lWgCdrR_KN4Mg7RSN3Gm3W6Gg03N1tQ-ZXzVvFJ_KvvB4.png?ccb=10-5&oh=00_AT8ScZKrgCPhmfSgYBZgvnQHv14vvPQpgzOW8DDMFGGodg&oe=62243F67&_nc_sid=55e238",
                    "comment_reactors": [],
                    "comment_reactions": null,
                    "comment_reaction_count": null
                },
                {
                    "comment_id": "10159571985728904",
                    "comment_url": "https://facebook.com/10159571985728904",
                    "commenter_id": "1178017029",
                    "commenter_url": "https://facebook.com/lorrenda.legendre?fref=nf&rc=p",
                    "commenter_name": "Lorrenda Lorri",
                    "commenter_meta": null,
                    "comment_text": "Diane Hackman Yes your right ; I have become to realize that this past while. At least in the US, the citizens have a choice. I find out more from their news than ours.",
                    "comment_time": "2022-02-16 23:19:25",
                    "comment_image": "https://scontent.xx.fbcdn.net/m1/v/t6/An_F9bJG7govfshSMBkvcRLcxT0jmiXVYKtr7lgH5AHgUrjjpZ1OD0xyxXYgf7arc0lWgCdrR_KN4Mg7RSN3Gm3W6Gg03N1tQ-ZXzVvFJ_KvvB4.png?ccb=10-5&oh=00_AT8ScZKrgCPhmfSgYBZgvnQHv14vvPQpgzOW8DDMFGGodg&oe=62243F67&_nc_sid=55e238",
                    "comment_reactors": [],
                    "comment_reactions": null,
                    "comment_reaction_count": null
                },
                {
                    "comment_id": "10159571986103904",
                    "comment_url": "https://facebook.com/10159571986103904",
                    "commenter_id": "1361771984",
                    "commenter_url": "https://facebook.com/rolf.lemmor?fref=nf&rc=p",
                    "commenter_name": "Rolf Lemmor",
                    "commenter_meta": null,
                    "comment_text": "Lorrenda Lorri you can\u2019t appeal to liberal leftist Looneys \u2026 she would rather stand with a guy like Justin Trudeau who\u2019s a real racist who belittled people of colour with his black face incident on multiple occasions then support people who want freedom of choice\u2026",
                    "comment_time": "2022-02-16 23:19:25",
                    "comment_image": "https://scontent.xx.fbcdn.net/m1/v/t6/An_UvxJXg9tdnLU3Y5qjPi0200MLilhzPXUgxzGjQzUMaNcmjdZA6anyrngvkdub33NZzZhd51fpCAEzNHFhko5aKRFP5fS1w_lKwYrzcNLupv27.png?ccb=10-5&oh=00_AT9C82irDy7Sn8cI_UEelmRC1FY5K5jw2pfWXlZ8QaKL1g&oe=62246CF9&_nc_sid=55e238",
                    "comment_reactors": [],
                    "comment_reactions": null,
                    "comment_reaction_count": null
                },
                {
                    "comment_id": "10159571992028904",
                    "comment_url": "https://facebook.com/10159571992028904",
                    "commenter_id": "907090261",
                    "commenter_url": "https://facebook.com/tdamour1?fref=nf&rc=p",
                    "commenter_name": "Tracy D'Amour",
                    "commenter_meta": "Top fan",
                    "comment_text": "Rolf Lemmor go pound sand toddler Neanderthals",
                    "comment_time": "2022-02-16 23:19:25",
                    "comment_image": "https://static.xx.fbcdn.net/rsrc.php/v3/y7/r/4bRBCBmu1Q9.png",
                    "comment_reactors": [],
                    "comment_reactions": null,
                    "comment_reaction_count": null
                },
                {
                    "comment_id": "10159571993918904",
                    "comment_url": "https://facebook.com/10159571993918904",
                    "commenter_id": "1361771984",
                    "commenter_url": "https://facebook.com/rolf.lemmor?fref=nf&rc=p",
                    "commenter_name": "Rolf Lemmor",
                    "commenter_meta": null,
                    "comment_text": "Tracy D'Amour You\u2019re an awful being of some type\u2026",
                    "comment_time": "2022-02-16 23:19:25",
                    "comment_image": "https://scontent.xx.fbcdn.net/m1/v/t6/An_F9bJG7govfshSMBkvcRLcxT0jmiXVYKtr7lgH5AHgUrjjpZ1OD0xyxXYgf7arc0lWgCdrR_KN4Mg7RSN3Gm3W6Gg03N1tQ-ZXzVvFJ_KvvB4.png?ccb=10-5&oh=00_AT8ScZKrgCPhmfSgYBZgvnQHv14vvPQpgzOW8DDMFGGodg&oe=62243F67&_nc_sid=55e238",
                    "comment_reactors": [],
                    "comment_reactions": null,
                    "comment_reaction_count": null
                },
                {
                    "comment_id": "10159571996353904",
                    "comment_url": "https://facebook.com/10159571996353904",
                    "commenter_id": "1361771984",
                    "commenter_url": "https://facebook.com/rolf.lemmor?fref=nf&rc=p",
                    "commenter_name": "Rolf Lemmor",
                    "commenter_meta": null,
                    "comment_text": "Justin Shovin Don\u2019t bother Justin she\u2019s just an awful human being.. she supports a racist Prime Minister who\u2019s done black face on multiple occasions she supports a Prime Minister who has caused more damage to Canada than any other Prime Minister in the last 50 years\u2026",
                    "comment_time": "2022-02-16 23:19:25",
                    "comment_image": "https://scontent.xx.fbcdn.net/m1/v/t6/An_F9bJG7govfshSMBkvcRLcxT0jmiXVYKtr7lgH5AHgUrjjpZ1OD0xyxXYgf7arc0lWgCdrR_KN4Mg7RSN3Gm3W6Gg03N1tQ-ZXzVvFJ_KvvB4.png?ccb=10-5&oh=00_AT8ScZKrgCPhmfSgYBZgvnQHv14vvPQpgzOW8DDMFGGodg&oe=62243F67&_nc_sid=55e238",
                    "comment_reactors": [],
                    "comment_reactions": null,
                    "comment_reaction_count": null
                },
                {
                    "comment_id": "10159571999348904",
                    "comment_url": "https://facebook.com/10159571999348904",
                    "commenter_id": "100001760509455",
                    "commenter_url": "https://facebook.com/kate.jones.75054689?fref=nf&rc=p",
                    "commenter_name": "Kay Em Jay",
                    "commenter_meta": null,
                    "comment_text": "Lorrenda Lorri lol..I'll let you know when I need a bunch rednecks to defend my freedumbs. \ud83d\ude02",
                    "comment_time": "2022-02-16 23:19:25",
                    "comment_image": "https://scontent.xx.fbcdn.net/m1/v/t6/An_UvxJXg9tdnLU3Y5qjPi0200MLilhzPXUgxzGjQzUMaNcmjdZA6anyrngvkdub33NZzZhd51fpCAEzNHFhko5aKRFP5fS1w_lKwYrzcNLupv27.png?ccb=10-5&oh=00_AT9C82irDy7Sn8cI_UEelmRC1FY5K5jw2pfWXlZ8QaKL1g&oe=62246CF9&_nc_sid=55e238",
                    "comment_reactors": [],
                    "comment_reactions": null,
                    "comment_reaction_count": null
                },
                {
                    "comment_id": "10159572013873904",
                    "comment_url": "https://facebook.com/10159572013873904",
                    "commenter_id": "907090261",
                    "commenter_url": "https://facebook.com/tdamour1?fref=nf&rc=p",
                    "commenter_name": "Tracy D'Amour",
                    "commenter_meta": "Top fan",
                    "comment_text": "Rolf Lemmor who said I was a Trudeau supporter dingbat, this mayhem is not what the people of Ottawa should have to go through, it\u2019s one thing to protest but this is now an occupation and illegal. What about their freedom not able to feel safe where they live or go to work and open their businesses. And yelling freedom, freedom, omg lol you bunch of Neanderthals crack me up aimlessly wondering around yelling freedom freedom. Omg seen one women wondering around with a pigeon on her head \ud83d\ude02",
                    "comment_time": "2022-02-16 23:19:25",
                    "comment_image": "https://static.xx.fbcdn.net/rsrc.php/v3/y7/r/4bRBCBmu1Q9.png",
                    "comment_reactors": [],
                    "comment_reactions": null,
                    "comment_reaction_count": null
                },
                {
                    "comment_id": "10159572014078904",
                    "comment_url": "https://facebook.com/10159572014078904",
                    "commenter_id": "100044726982766",
                    "commenter_url": "https://facebook.com/justin.shovin.9?fref=nf&rc=p",
                    "commenter_name": "Justin Shovin",
                    "commenter_meta": null,
                    "comment_text": "Rolf Lemmor I have no doubt especially when she tries to paint the last 3 weeks like that",
                    "comment_time": "2022-02-16 23:19:25",
                    "comment_image": "https://scontent.xx.fbcdn.net/m1/v/t6/An_UvxJXg9tdnLU3Y5qjPi0200MLilhzPXUgxzGjQzUMaNcmjdZA6anyrngvkdub33NZzZhd51fpCAEzNHFhko5aKRFP5fS1w_lKwYrzcNLupv27.png?ccb=10-5&oh=00_AT9C82irDy7Sn8cI_UEelmRC1FY5K5jw2pfWXlZ8QaKL1g&oe=62246CF9&_nc_sid=55e238",
                    "comment_reactors": [],
                    "comment_reactions": null,
                    "comment_reaction_count": null
                },
                {
                    "comment_id": "10159572043878904",
                    "comment_url": "https://facebook.com/10159572043878904",
                    "commenter_id": "1361771984",
                    "commenter_url": "https://facebook.com/rolf.lemmor?fref=nf&rc=p",
                    "commenter_name": "Rolf Lemmor",
                    "commenter_meta": null,
                    "comment_text": "Justin Shovin Ps \u2026come visit Alberta the fish are bigger \ud83d\ude01",
                    "comment_time": "2022-02-16 23:19:25",
                    "comment_image": null,
                    "comment_reactors": [],
                    "comment_reactions": null,
                    "comment_reaction_count": null
                },
                {
                    "comment_id": "10159572046443904",
                    "comment_url": "https://facebook.com/10159572046443904",
                    "commenter_id": "100044726982766",
                    "commenter_url": "https://facebook.com/justin.shovin.9?fref=nf&rc=p",
                    "commenter_name": "Justin Shovin",
                    "commenter_meta": null,
                    "comment_text": "Rolf Lemmor no they aren't lol that's one of the few things Alberta looses on is fishing",
                    "comment_time": "2022-02-16 23:19:25",
                    "comment_image": null,
                    "comment_reactors": [],
                    "comment_reactions": null,
                    "comment_reaction_count": null
                },
                {
                    "comment_id": "10159572048188904",
                    "comment_url": "https://facebook.com/10159572048188904",
                    "commenter_id": "1361771984",
                    "commenter_url": "https://facebook.com/rolf.lemmor?fref=nf&rc=p",
                    "commenter_name": "Rolf Lemmor",
                    "commenter_meta": null,
                    "comment_text": "Justin Shovin no way Jose \u2026",
                    "comment_time": "2022-02-16 23:19:25",
                    "comment_image": null,
                    "comment_reactors": [],
                    "comment_reactions": null,
                    "comment_reaction_count": null
                },
                {
                    "comment_id": "10159572051033904",
                    "comment_url": "https://facebook.com/10159572051033904",
                    "commenter_id": "100044726982766",
                    "commenter_url": "https://facebook.com/justin.shovin.9?fref=nf&rc=p",
                    "commenter_name": "Justin Shovin",
                    "commenter_meta": null,
                    "comment_text": "Rolf Lemmor there's no comparison sorry to break it to you lol hard to compete with these great lakes and rediculous amounts of little lakes \ud83e\udd23",
                    "comment_time": "2022-02-16 23:19:25",
                    "comment_image": null,
                    "comment_reactors": [],
                    "comment_reactions": null,
                    "comment_reaction_count": null
                },
                {
                    "comment_id": "10159572071368904",
                    "comment_url": "https://facebook.com/10159572071368904",
                    "commenter_id": "100004349823078",
                    "commenter_url": "https://facebook.com/chevyman.wild?fref=nf&rc=p",
                    "commenter_name": "Michael W Wilde",
                    "commenter_meta": null,
                    "comment_text": "Tracy D'Amour. You should read the letters to the editor on the Ottawa Sun, if you want to know what the citizens of Ottawa really think, instead expressing your hate like Trudeau and a lot of mainstream media does. They have way more support than you think, especially in your province",
                    "comment_time": "2022-02-16 23:19:25",
                    "comment_image": null,
                    "comment_reactors": [],
                    "comment_reactions": null,
                    "comment_reaction_count": null
                },
                {
                    "comment_id": "10159572076303904",
                    "comment_url": "https://facebook.com/10159572076303904",
                    "commenter_id": "1361771984",
                    "commenter_url": "https://facebook.com/rolf.lemmor?fref=nf&rc=p",
                    "commenter_name": "Rolf Lemmor",
                    "commenter_meta": null,
                    "comment_text": "Justin Shovin well .. our lakes have the bluest freshwater no acid rain less pollution \u2026 \ud83d\ude01",
                    "comment_time": "2022-02-16 23:19:25",
                    "comment_image": null,
                    "comment_reactors": [],
                    "comment_reactions": null,
                    "comment_reaction_count": null
                },
                {
                    "comment_id": "10159572090573904",
                    "comment_url": "https://facebook.com/10159572090573904",
                    "commenter_id": "100044726982766",
                    "commenter_url": "https://facebook.com/justin.shovin.9?fref=nf&rc=p",
                    "commenter_name": "Justin Shovin",
                    "commenter_meta": null,
                    "comment_text": "Rolf Lemmor that's not true either you get some nasty toxic algea growth lol \"I lived there a few years \" great lakes are actually really clean now we'll atleast compared to the 80s lol",
                    "comment_time": "2022-02-16 23:19:25",
                    "comment_image": null,
                    "comment_reactors": [],
                    "comment_reactions": null,
                    "comment_reaction_count": null
                },
                {
                    "comment_id": "10159572114468904",
                    "comment_url": "https://facebook.com/10159572114468904",
                    "commenter_id": "505490762",
                    "commenter_url": "https://facebook.com/ljfowles?fref=nf&rc=p",
                    "commenter_name": "Laurie Fowles",
                    "commenter_meta": null,
                    "comment_text": "Lukasz Suckiel You actually have no idea how I vote. Look up what happened at the camp in BC and I do have a family member who was unable to work because of the attack. All I said is violence isn\u2019t the answer to any problem. I\u2019m not sure how that qualifies me as \u201cfake liberal\u201d, whatever that means.",
                    "comment_time": "2022-02-16 23:19:25",
                    "comment_image": null,
                    "comment_reactors": [],
                    "comment_reactions": null,
                    "comment_reaction_count": null
                },
                {
                    "comment_id": "10159572221593904",
                    "comment_url": "https://facebook.com/10159572221593904",
                    "commenter_id": "100060034165217",
                    "commenter_url": "https://facebook.com/richard.prychitko.7?fref=nf&rc=p",
                    "commenter_name": "Richard Prychitko",
                    "commenter_meta": null,
                    "comment_text": "Tracy D'Amour yeah tell us how exactly the peaceful protest by the Truckers ruined your life? So you had some ol your downtown blocked off and horns honking - big deal!!!\nHow about the mayhem of millions made unemployed by Trudeau's ill conceived ineffective measures?",
                    "comment_time": "2022-02-16 23:19:25",
                    "comment_image": null,
                    "comment_reactors": [],
                    "comment_reactions": null,
                    "comment_reaction_count": null
                },
                {
                    "comment_id": "10159572222678904",
                    "comment_url": "https://facebook.com/10159572222678904",
                    "commenter_id": "100060034165217",
                    "commenter_url": "https://facebook.com/richard.prychitko.7?fref=nf&rc=p",
                    "commenter_name": "Richard Prychitko",
                    "commenter_meta": null,
                    "comment_text": "Tracy D'Amour Trudeau had no problem wishing it on India via the farmers protest a few yrs ago",
                    "comment_time": "2022-02-16 23:19:25",
                    "comment_image": null,
                    "comment_reactors": [],
                    "comment_reactions": null,
                    "comment_reaction_count": null
                },
                {
                    "comment_id": "10159572409733904",
                    "comment_url": "https://facebook.com/10159572409733904",
                    "commenter_id": "100000216982075",
                    "commenter_url": "https://facebook.com/marilyn.wood.906?fref=nf&rc=p",
                    "commenter_name": "Marilyn Wood",
                    "commenter_meta": null,
                    "comment_text": "Lorrenda Lorri - what an inane comment. These idiots do not understand that with rights come responsibilitie\ns. They are doing absolutely nothing for me except make me question how our education system failed them.",
                    "comment_time": "2022-02-16 23:19:25",
                    "comment_image": null,
                    "comment_reactors": [],
                    "comment_reactions": null,
                    "comment_reaction_count": null
                },
                {
                    "comment_id": "10159573395178904",
                    "comment_url": "https://facebook.com/10159573395178904",
                    "commenter_id": "642068107",
                    "commenter_url": "https://facebook.com/carol.gammel.5?fref=nf&rc=p",
                    "commenter_name": "Carol Gammel",
                    "commenter_meta": null,
                    "comment_text": "Tracy D'Amour your name calling as an answer shows you are either Liberal orNDP, why is it your type always resorts to name calling, wishing I\u2019ll will on those that don\u2019t have the same mentality as you?",
                    "comment_time": "2022-02-23 23:19:25",
                    "comment_image": null,
                    "comment_reactors": [],
                    "comment_reactions": null,
                    "comment_reaction_count": null
                },
                {
                    "comment_id": "10159576508538904",
                    "comment_url": "https://facebook.com/10159576508538904",
                    "commenter_id": "510935617",
                    "commenter_url": "https://facebook.com/Jason.m.noble?fref=nf&rc=p",
                    "commenter_name": "Jason Noble",
                    "commenter_meta": "Top fan",
                    "comment_text": "You\u2019re generation sucked all the wealth and freedom from everyone else shame on you.",
                    "comment_time": "2022-02-23 23:19:25",
                    "comment_image": "https://static.xx.fbcdn.net/rsrc.php/v3/y7/r/4bRBCBmu1Q9.png",
                    "comment_reactors": [],
                    "comment_reactions": null,
                    "comment_reaction_count": null
                }
            ]
        },
        {
            "comment_id": "10159571787428904",
            "comment_url": "https://facebook.com/10159571787428904",
            "commenter_id": "100030240076103",
            "commenter_url": "https://facebook.com/anna.lenzi.750?fref=nf&rc=p&refid=52",
            "commenter_name": "Anna Lenzi",
            "commenter_meta": null,
            "comment_text": "A sad day for your country. \ud83d\ude22",
            "comment_time": "2022-02-16 23:19:22",
            "comment_image": null,
            "comment_reactors": [],
            "comment_reactions": null,
            "comment_reaction_count": null,
            "replies": [
                {
                    "comment_id": "10159571794028904",
                    "comment_url": "https://facebook.com/10159571794028904",
                    "commenter_id": "100043257961739",
                    "commenter_url": "https://facebook.com/bonnie.cull.7?fref=nf&rc=p",
                    "commenter_name": "Bonnie Cull",
                    "commenter_meta": null,
                    "comment_text": "Best day ever \ud83d\ude0d\ud83e\udd29\ud83e\udd70\ud83d\ude18 #LOCKTHEMUP",
                    "comment_time": "2022-02-16 23:19:26",
                    "comment_image": "https://scontent.xx.fbcdn.net/m1/v/t6/An_UvxJXg9tdnLU3Y5qjPi0200MLilhzPXUgxzGjQzUMaNcmjdZA6anyrngvkdub33NZzZhd51fpCAEzNHFhko5aKRFP5fS1w_lKwYrzcNLupv27.png?ccb=10-5&oh=00_AT9C82irDy7Sn8cI_UEelmRC1FY5K5jw2pfWXlZ8QaKL1g&oe=62246CF9&_nc_sid=55e238",
                    "comment_reactors": [],
                    "comment_reactions": null,
                    "comment_reaction_count": null
                },
                {
                    "comment_id": "10159571853538904",
                    "comment_url": "https://facebook.com/10159571853538904",
                    "commenter_id": "100018199336193",
                    "commenter_url": "https://facebook.com/amigo.wright?fref=nf&rc=p",
                    "commenter_name": "Jim Wright",
                    "commenter_meta": null,
                    "comment_text": "Bonnie Cull Love it when stupid people actually show how stupid they are!!!",
                    "comment_time": "2022-02-16 23:19:26",
                    "comment_image": "https://scontent.xx.fbcdn.net/m1/v/t6/An_UvxJXg9tdnLU3Y5qjPi0200MLilhzPXUgxzGjQzUMaNcmjdZA6anyrngvkdub33NZzZhd51fpCAEzNHFhko5aKRFP5fS1w_lKwYrzcNLupv27.png?ccb=10-5&oh=00_AT9C82irDy7Sn8cI_UEelmRC1FY5K5jw2pfWXlZ8QaKL1g&oe=62246CF9&_nc_sid=55e238",
                    "comment_reactors": [],
                    "comment_reactions": null,
                    "comment_reaction_count": null
                },
                {
                    "comment_id": "10159571854293904",
                    "comment_url": "https://facebook.com/10159571854293904",
                    "commenter_id": "100043257961739",
                    "commenter_url": "https://facebook.com/bonnie.cull.7?fref=nf&rc=p",
                    "commenter_name": "Bonnie Cull",
                    "commenter_meta": null,
                    "comment_text": "Jim Wright and here you are #NEVERCON",
                    "comment_time": "2022-02-16 23:19:26",
                    "comment_image": "https://scontent.xx.fbcdn.net/m1/v/t6/An_UvxJXg9tdnLU3Y5qjPi0200MLilhzPXUgxzGjQzUMaNcmjdZA6anyrngvkdub33NZzZhd51fpCAEzNHFhko5aKRFP5fS1w_lKwYrzcNLupv27.png?ccb=10-5&oh=00_AT9C82irDy7Sn8cI_UEelmRC1FY5K5jw2pfWXlZ8QaKL1g&oe=62246CF9&_nc_sid=55e238",
                    "comment_reactors": [],
                    "comment_reactions": null,
                    "comment_reaction_count": null
                },
                {
                    "comment_id": "10159572037318904",
                    "comment_url": "https://facebook.com/10159572037318904",
                    "commenter_id": "699896450",
                    "commenter_url": "https://facebook.com/cathy.harris.39566?fref=nf&rc=p",
                    "commenter_name": "Cathy Harris",
                    "commenter_meta": null,
                    "comment_text": "Bonnie Cull you really need to lay off the kool-aid sunshine",
                    "comment_time": "2022-02-16 23:19:26",
                    "comment_image": "https://scontent.xx.fbcdn.net/m1/v/t6/An_F9bJG7govfshSMBkvcRLcxT0jmiXVYKtr7lgH5AHgUrjjpZ1OD0xyxXYgf7arc0lWgCdrR_KN4Mg7RSN3Gm3W6Gg03N1tQ-ZXzVvFJ_KvvB4.png?ccb=10-5&oh=00_AT8ScZKrgCPhmfSgYBZgvnQHv14vvPQpgzOW8DDMFGGodg&oe=62243F67&_nc_sid=55e238",
                    "comment_reactors": [],
                    "comment_reactions": null,
                    "comment_reaction_count": null
                },
                {
                    "comment_id": "10159572041783904",
                    "comment_url": "https://facebook.com/10159572041783904",
                    "commenter_id": "100054639604418",
                    "commenter_url": "https://facebook.com/profile.php?id=100054639604418&fref=nf&rc=p",
                    "commenter_name": "Raj Dhaliwal",
                    "commenter_meta": null,
                    "comment_text": "Bonnie Cull You could have run a concentration camp with that attitude.",
                    "comment_time": "2022-02-16 23:19:26",
                    "comment_image": "https://scontent.xx.fbcdn.net/m1/v/t6/An_UvxJXg9tdnLU3Y5qjPi0200MLilhzPXUgxzGjQzUMaNcmjdZA6anyrngvkdub33NZzZhd51fpCAEzNHFhko5aKRFP5fS1w_lKwYrzcNLupv27.png?ccb=10-5&oh=00_AT9C82irDy7Sn8cI_UEelmRC1FY5K5jw2pfWXlZ8QaKL1g&oe=62246CF9&_nc_sid=55e238",
                    "comment_reactors": [],
                    "comment_reactions": null,
                    "comment_reaction_count": null
                },
                {
                    "comment_id": "10159572195698904",
                    "comment_url": "https://facebook.com/10159572195698904",
                    "commenter_id": "599066781",
                    "commenter_url": "https://facebook.com/edmond.engelbrecht?fref=nf&rc=p",
                    "commenter_name": "Edmond Engelbrecht",
                    "commenter_meta": null,
                    "comment_text": "Jim Wright like duck dynasty types quote the charter but don\u2019t read any of the associated fine details?",
                    "comment_time": "2022-02-16 23:19:26",
                    "comment_image": "https://scontent.xx.fbcdn.net/m1/v/t6/An_UvxJXg9tdnLU3Y5qjPi0200MLilhzPXUgxzGjQzUMaNcmjdZA6anyrngvkdub33NZzZhd51fpCAEzNHFhko5aKRFP5fS1w_lKwYrzcNLupv27.png?ccb=10-5&oh=00_AT9C82irDy7Sn8cI_UEelmRC1FY5K5jw2pfWXlZ8QaKL1g&oe=62246CF9&_nc_sid=55e238",
                    "comment_reactors": [],
                    "comment_reactions": null,
                    "comment_reaction_count": null
                },
                {
                    "comment_id": "10159572679153904",
                    "comment_url": "https://facebook.com/10159572679153904",
                    "commenter_id": "661720559",
                    "commenter_url": "https://facebook.com/cheryl.lorraine6?fref=nf&rc=p",
                    "commenter_name": "Cheryl Lorraine",
                    "commenter_meta": null,
                    "comment_text": "Anna Lenzi the belligerent mob needed to go, the vast majority of Canadians do not support them.",
                    "comment_time": "2022-02-16 23:19:26",
                    "comment_image": "https://scontent.xx.fbcdn.net/m1/v/t6/An_UvxJXg9tdnLU3Y5qjPi0200MLilhzPXUgxzGjQzUMaNcmjdZA6anyrngvkdub33NZzZhd51fpCAEzNHFhko5aKRFP5fS1w_lKwYrzcNLupv27.png?ccb=10-5&oh=00_AT9C82irDy7Sn8cI_UEelmRC1FY5K5jw2pfWXlZ8QaKL1g&oe=62246CF9&_nc_sid=55e238",
                    "comment_reactors": [],
                    "comment_reactions": null,
                    "comment_reaction_count": null
                },
                {
                    "comment_id": "10159572713533904",
                    "comment_url": "https://facebook.com/10159572713533904",
                    "commenter_id": "100030240076103",
                    "commenter_url": "https://facebook.com/anna.lenzi.750?fref=nf&rc=p",
                    "commenter_name": "Anna Lenzi",
                    "commenter_meta": null,
                    "comment_text": "Cheryl LorraineCheryl Lorraine Ok but not this way. Today they, tomorrow.....? Sorry if I don't speak English properly. By from Italy \ud83d\udc4b",
                    "comment_time": "2022-02-16 23:19:26",
                    "comment_image": null,
                    "comment_reactors": [],
                    "comment_reactions": null,
                    "comment_reaction_count": null
                }
            ]
        },
        {
            "comment_id": "10159571809018904",
            "comment_url": "https://facebook.com/10159571809018904",
            "commenter_id": "1150360690",
            "commenter_url": "https://facebook.com/joanne.ryan.946?fref=nf&rc=p&refid=52",
            "commenter_name": "Joanne Ryan",
            "commenter_meta": null,
            "comment_text": "Godspeed and safety to Ottawa police.",
            "comment_time": "2022-02-16 23:19:22",
            "comment_image": null,
            "comment_reactors": [],
            "comment_reactions": null,
            "comment_reaction_count": null,
            "replies": [
                {
                    "comment_id": "10159572062043904",
                    "comment_url": "https://facebook.com/10159572062043904",
                    "commenter_id": "100004349823078",
                    "commenter_url": "https://facebook.com/chevyman.wild?fref=nf&rc=p",
                    "commenter_name": "Michael W Wilde",
                    "commenter_meta": null,
                    "comment_text": "Joanne Ryan wow, are you kidding",
                    "comment_time": "2022-02-16 23:19:27",
                    "comment_image": "https://scontent.xx.fbcdn.net/m1/v/t6/An_F9bJG7govfshSMBkvcRLcxT0jmiXVYKtr7lgH5AHgUrjjpZ1OD0xyxXYgf7arc0lWgCdrR_KN4Mg7RSN3Gm3W6Gg03N1tQ-ZXzVvFJ_KvvB4.png?ccb=10-5&oh=00_AT8ScZKrgCPhmfSgYBZgvnQHv14vvPQpgzOW8DDMFGGodg&oe=62243F67&_nc_sid=55e238",
                    "comment_reactors": [],
                    "comment_reactions": null,
                    "comment_reaction_count": null
                }
            ]
        },
        {
            "comment_id": "10159571829193904",
            "comment_url": "https://facebook.com/10159571829193904",
            "commenter_id": "537438865",
            "commenter_url": "https://facebook.com/kruetters?fref=nf&rc=p&refid=52",
            "commenter_name": "Kurt Ruetters",
            "commenter_meta": null,
            "comment_text": "The restraint shown by the police in the uncut live footage has been outstanding",
            "comment_time": "2022-02-16 23:19:22",
            "comment_image": null,
            "comment_reactors": [],
            "comment_reactions": null,
            "comment_reaction_count": null,
            "replies": [
                {
                    "comment_id": "10159571835808904",
                    "comment_url": "https://facebook.com/10159571835808904",
                    "commenter_id": "537438865",
                    "commenter_url": "https://facebook.com/kruetters?fref=nf&rc=p",
                    "commenter_name": "Kurt Ruetters",
                    "commenter_meta": null,
                    "comment_text": "Mark Rubello ah yes ad hominem fallacy as an opener, a great marker of intelligence.",
                    "comment_time": "2022-02-16 23:19:28",
                    "comment_image": "https://scontent.xx.fbcdn.net/m1/v/t6/An_UvxJXg9tdnLU3Y5qjPi0200MLilhzPXUgxzGjQzUMaNcmjdZA6anyrngvkdub33NZzZhd51fpCAEzNHFhko5aKRFP5fS1w_lKwYrzcNLupv27.png?ccb=10-5&oh=00_AT9C82irDy7Sn8cI_UEelmRC1FY5K5jw2pfWXlZ8QaKL1g&oe=62246CF9&_nc_sid=55e238",
                    "comment_reactors": [],
                    "comment_reactions": null,
                    "comment_reaction_count": null
                },
                {
                    "comment_id": "10159571861513904",
                    "comment_url": "https://facebook.com/10159571861513904",
                    "commenter_id": "537438865",
                    "commenter_url": "https://facebook.com/kruetters?fref=nf&rc=p",
                    "commenter_name": "Kurt Ruetters",
                    "commenter_meta": null,
                    "comment_text": "Mark Rubello Trampling is to \"tread on and crush\" correct?\n\nIf you watch any of the angles of the video the two protestors who were knocked over you can see that the horse didn't step on either.\n\nSecondly there are no confirmed reports of either persons death and the only place anything like that shows up is bogus web page links with no evidence.\n\nI guess they don't teach you observation skills or logic and reasoning nevermind understanding what words like trample mean at Canada's best school.\n\nhttps://\nmobile.twitter.c\nom/VigilantFox/\nstatus/\n1494808224008179\n714?ref_src=tws\nrc%5Etfw%7Ctwca\nmp%5Etweetembed\n%7Ctwterm%5E149\n480822400817971\n4%7Ctwgr%5E%7Ct\nwcon%5Es1_&ref_\nurl=https%3A%2F\n%2Fen.memesrand\nom.com%2Fwho-is\n-roberta-paulse\nn-is-dead-woman\n-trampled-by-po\nlice-horse-otta\nwa%2F",
                    "comment_time": "2022-02-16 23:19:28",
                    "comment_image": "https://mobile.twitter.com/VigilantFox/status/1494808224008179714?ref_src=twsrc%5Etfw%7Ctwcamp%5Etweetembed%7Ctwterm%5E1494808224008179714%7Ctwgr%5E%7Ctwcon%5Es1_&ref_url=https%3A%2F%2Fen.memesrandom.com%2Fwho-is-roberta-paulsen-is-dead-woman-trampled-by-police-horse-ottawa%2F&fbclid=IwAR31kldrSw7dwxbqRMj79PrFbZbj8Ug5Zs5v9D1YNXU61oqsqCy-H4mzerg",
                    "comment_reactors": [],
                    "comment_reactions": null,
                    "comment_reaction_count": null
                },
                {
                    "comment_id": "10159571909038904",
                    "comment_url": "https://facebook.com/10159571909038904",
                    "commenter_id": "100000384889337",
                    "commenter_url": "https://facebook.com/pat.kniginyzky?fref=nf&rc=p",
                    "commenter_name": "Pat Kniginyzky",
                    "commenter_meta": null,
                    "comment_text": "Kurt, I agree. I have watched several videos and the people who got caught up by these horses did not make any attempt to get out of their way even though several protesters were chanting \"here come the horses\". Watching protesters close to the trucks that are leaving was a bit scary too.....too many close to the trucks as they are turning corners on their way out of the city. Police were having a heck of a time holding them back to what could be considered a safe distance. If they keep this up it is just a matter of time before one of these big rigs runs over someone that has slipped and fallen on the snow/ice. It is no wonder the police asked protesters to take their children away from these protests. Frankly most of them look drunk on their own perceived \"glorious moments\". That's when people get hurt by their own stupidity.",
                    "comment_time": "2022-02-16 23:19:28",
                    "comment_image": "https://scontent.xx.fbcdn.net/m1/v/t6/An_UvxJXg9tdnLU3Y5qjPi0200MLilhzPXUgxzGjQzUMaNcmjdZA6anyrngvkdub33NZzZhd51fpCAEzNHFhko5aKRFP5fS1w_lKwYrzcNLupv27.png?ccb=10-5&oh=00_AT9C82irDy7Sn8cI_UEelmRC1FY5K5jw2pfWXlZ8QaKL1g&oe=62246CF9&_nc_sid=55e238",
                    "comment_reactors": [],
                    "comment_reactions": null,
                    "comment_reaction_count": null
                },
                {
                    "comment_id": "10159571912188904",
                    "comment_url": "https://facebook.com/10159571912188904",
                    "commenter_id": "537438865",
                    "commenter_url": "https://facebook.com/kruetters?fref=nf&rc=p",
                    "commenter_name": "Kurt Ruetters",
                    "commenter_meta": null,
                    "comment_text": "Pat Kniginyzky indeed even on the live coverage you can see police helping clean up and console a protestor who was pepper sprayed and arrested",
                    "comment_time": "2022-02-16 23:19:28",
                    "comment_image": "https://scontent.xx.fbcdn.net/m1/v/t6/An_UvxJXg9tdnLU3Y5qjPi0200MLilhzPXUgxzGjQzUMaNcmjdZA6anyrngvkdub33NZzZhd51fpCAEzNHFhko5aKRFP5fS1w_lKwYrzcNLupv27.png?ccb=10-5&oh=00_AT9C82irDy7Sn8cI_UEelmRC1FY5K5jw2pfWXlZ8QaKL1g&oe=62246CF9&_nc_sid=55e238",
                    "comment_reactors": [],
                    "comment_reactions": null,
                    "comment_reaction_count": null
                },
                {
                    "comment_id": "10159571966498904",
                    "comment_url": "https://facebook.com/10159571966498904",
                    "commenter_id": "100001719760922",
                    "commenter_url": "https://facebook.com/peter.mesi.7?fref=nf&rc=p",
                    "commenter_name": "Peter Mesi",
                    "commenter_meta": null,
                    "comment_text": "you must have missed the horse brigade ?",
                    "comment_time": "2022-02-16 23:19:28",
                    "comment_image": "https://scontent.xx.fbcdn.net/m1/v/t6/An_F9bJG7govfshSMBkvcRLcxT0jmiXVYKtr7lgH5AHgUrjjpZ1OD0xyxXYgf7arc0lWgCdrR_KN4Mg7RSN3Gm3W6Gg03N1tQ-ZXzVvFJ_KvvB4.png?ccb=10-5&oh=00_AT8ScZKrgCPhmfSgYBZgvnQHv14vvPQpgzOW8DDMFGGodg&oe=62243F67&_nc_sid=55e238",
                    "comment_reactors": [],
                    "comment_reactions": null,
                    "comment_reaction_count": null
                },
                {
                    "comment_id": "10159571979488904",
                    "comment_url": "https://facebook.com/10159571979488904",
                    "commenter_id": "1361771984",
                    "commenter_url": "https://facebook.com/rolf.lemmor?fref=nf&rc=p",
                    "commenter_name": "Rolf Lemmor",
                    "commenter_meta": null,
                    "comment_text": "Kurt Ruetters yeah whatever you say Liberal Plant \u2026 but funny how you probably weren\u2019t saying that when BLM or Antifa was destroying some of Ottawa and tearing down statues and burning churches throughout Canada huh .. you\u2019re fake",
                    "comment_time": "2022-02-16 23:19:28",
                    "comment_image": "https://scontent.xx.fbcdn.net/m1/v/t6/An_F9bJG7govfshSMBkvcRLcxT0jmiXVYKtr7lgH5AHgUrjjpZ1OD0xyxXYgf7arc0lWgCdrR_KN4Mg7RSN3Gm3W6Gg03N1tQ-ZXzVvFJ_KvvB4.png?ccb=10-5&oh=00_AT8ScZKrgCPhmfSgYBZgvnQHv14vvPQpgzOW8DDMFGGodg&oe=62243F67&_nc_sid=55e238",
                    "comment_reactors": [],
                    "comment_reactions": null,
                    "comment_reaction_count": null
                },
                {
                    "comment_id": "10159571986758904",
                    "comment_url": "https://facebook.com/10159571986758904",
                    "commenter_id": "537438865",
                    "commenter_url": "https://facebook.com/kruetters?fref=nf&rc=p",
                    "commenter_name": "Kurt Ruetters",
                    "commenter_meta": null,
                    "comment_text": "Peter Mesi you must have missed the comments above",
                    "comment_time": "2022-02-16 23:19:28",
                    "comment_image": "https://scontent.xx.fbcdn.net/m1/v/t6/An_UvxJXg9tdnLU3Y5qjPi0200MLilhzPXUgxzGjQzUMaNcmjdZA6anyrngvkdub33NZzZhd51fpCAEzNHFhko5aKRFP5fS1w_lKwYrzcNLupv27.png?ccb=10-5&oh=00_AT9C82irDy7Sn8cI_UEelmRC1FY5K5jw2pfWXlZ8QaKL1g&oe=62246CF9&_nc_sid=55e238",
                    "comment_reactors": [],
                    "comment_reactions": null,
                    "comment_reaction_count": null
                },
                {
                    "comment_id": "10159572012078904",
                    "comment_url": "https://facebook.com/10159572012078904",
                    "commenter_id": "100001719760922",
                    "commenter_url": "https://facebook.com/peter.mesi.7?fref=nf&rc=p",
                    "commenter_name": "Peter Mesi",
                    "commenter_meta": null,
                    "comment_text": "Kurt Ruetters there is only yours . so did you see the horse brigade clip ?",
                    "comment_time": "2022-02-16 23:19:28",
                    "comment_image": "https://scontent.xx.fbcdn.net/m1/v/t6/An_UvxJXg9tdnLU3Y5qjPi0200MLilhzPXUgxzGjQzUMaNcmjdZA6anyrngvkdub33NZzZhd51fpCAEzNHFhko5aKRFP5fS1w_lKwYrzcNLupv27.png?ccb=10-5&oh=00_AT9C82irDy7Sn8cI_UEelmRC1FY5K5jw2pfWXlZ8QaKL1g&oe=62246CF9&_nc_sid=55e238",
                    "comment_reactors": [],
                    "comment_reactions": null,
                    "comment_reaction_count": null
                },
                {
                    "comment_id": "10159572074843904",
                    "comment_url": "https://facebook.com/10159572074843904",
                    "commenter_id": "537438865",
                    "commenter_url": "https://facebook.com/kruetters?fref=nf&rc=p",
                    "commenter_name": "Kurt Ruetters",
                    "commenter_meta": null,
                    "comment_text": "Peter Mesi you need to watch it again from multiple angles to see that the person was not stepped on by the horse and thus not trampled?\n\nThe police moved the horses to that area after protestors got aggressive towards police that were there on foot yesterday.",
                    "comment_time": "2022-02-16 23:19:28",
                    "comment_image": "https://scontent.xx.fbcdn.net/m1/v/t6/An_UvxJXg9tdnLU3Y5qjPi0200MLilhzPXUgxzGjQzUMaNcmjdZA6anyrngvkdub33NZzZhd51fpCAEzNHFhko5aKRFP5fS1w_lKwYrzcNLupv27.png?ccb=10-5&oh=00_AT9C82irDy7Sn8cI_UEelmRC1FY5K5jw2pfWXlZ8QaKL1g&oe=62246CF9&_nc_sid=55e238",
                    "comment_reactors": [],
                    "comment_reactions": null,
                    "comment_reaction_count": null
                },
                {
                    "comment_id": "10159572078663904",
                    "comment_url": "https://facebook.com/10159572078663904",
                    "commenter_id": "100071424922215",
                    "commenter_url": "https://facebook.com/profile.php?id=100071424922215&fref=nf&rc=p",
                    "commenter_name": "Alex Buchanan",
                    "commenter_meta": null,
                    "comment_text": "Peter Mesi Some POS threw a bicycle at a horse further and caused the horse to trip.",
                    "comment_time": "2022-02-16 23:19:28",
                    "comment_image": "https://scontent.xx.fbcdn.net/m1/v/t6/An_F9bJG7govfshSMBkvcRLcxT0jmiXVYKtr7lgH5AHgUrjjpZ1OD0xyxXYgf7arc0lWgCdrR_KN4Mg7RSN3Gm3W6Gg03N1tQ-ZXzVvFJ_KvvB4.png?ccb=10-5&oh=00_AT8ScZKrgCPhmfSgYBZgvnQHv14vvPQpgzOW8DDMFGGodg&oe=62243F67&_nc_sid=55e238",
                    "comment_reactors": [],
                    "comment_reactions": null,
                    "comment_reaction_count": null
                }
            ]
        },
        {
            "comment_id": "10159571895613904",
            "comment_url": "https://facebook.com/10159571895613904",
            "commenter_id": "100000130719760",
            "commenter_url": "https://facebook.com/jessicahun.hun?fref=nf&rc=p&refid=52",
            "commenter_name": "Massia A Tracy",
            "commenter_meta": null,
            "comment_text": "Time get back ottawa ottawa back city",
            "comment_time": "2022-02-16 23:19:22",
            "comment_image": null,
            "comment_reactors": [],
            "comment_reactions": null,
            "comment_reaction_count": null,
            "replies": []
        },
        {
            "comment_id": "10159572533658904",
            "comment_url": "https://facebook.com/10159572533658904",
            "commenter_id": "816718865",
            "commenter_url": "https://facebook.com/Crs1056?fref=nf&rc=p&refid=52",
            "commenter_name": "Carsten Sorensen",
            "commenter_meta": null,
            "comment_text": "I heard protesters proclaim they were prepared to die for their freedoms, in the end, fortunately for all involved they weren\u2019t.",
            "comment_time": "2022-02-16 23:19:22",
            "comment_image": null,
            "comment_reactors": [],
            "comment_reactions": null,
            "comment_reaction_count": null,
            "replies": []
        },
        {
            "comment_id": "10159572032593904",
            "comment_url": "https://facebook.com/10159572032593904",
            "commenter_id": "100001060669001",
            "commenter_url": "https://facebook.com/eddie.davidson.52?fref=nf&rc=p&refid=52",
            "commenter_name": "Eddie Davidson",
            "commenter_meta": null,
            "comment_text": "I guess when you can't defend your position any other way you turn to agression.",
            "comment_time": "2022-02-16 23:19:22",
            "comment_image": null,
            "comment_reactors": [],
            "comment_reactions": null,
            "comment_reaction_count": null,
            "replies": []
        },
        {
            "comment_id": "10159572001548904",
            "comment_url": "https://facebook.com/10159572001548904",
            "commenter_id": "100030284227761",
            "commenter_url": "https://facebook.com/brad.peterson.18007218?fref=nf&rc=p&refid=52",
            "commenter_name": "Brad Peterson",
            "commenter_meta": null,
            "comment_text": "This should have never come to this. Trudeau\u2019s insulting dismissiveness of the truckers began well before they reached Ottawa. We need a Prime Minister that treats all Canadians with respect.",
            "comment_time": "2022-02-16 23:19:22",
            "comment_image": null,
            "comment_reactors": [],
            "comment_reactions": null,
            "comment_reaction_count": null,
            "replies": [
                {
                    "comment_id": "10159572039578904",
                    "comment_url": "https://facebook.com/10159572039578904",
                    "commenter_id": "699896450",
                    "commenter_url": "https://facebook.com/cathy.harris.39566?fref=nf&rc=p",
                    "commenter_name": "Cathy Harris",
                    "commenter_meta": null,
                    "comment_text": "Brad Peterson yup...this one truly hates Canadians, he's nothing but an arrogant POS",
                    "comment_time": "2022-02-16 23:19:30",
                    "comment_image": "https://scontent.xx.fbcdn.net/m1/v/t6/An_UvxJXg9tdnLU3Y5qjPi0200MLilhzPXUgxzGjQzUMaNcmjdZA6anyrngvkdub33NZzZhd51fpCAEzNHFhko5aKRFP5fS1w_lKwYrzcNLupv27.png?ccb=10-5&oh=00_AT9C82irDy7Sn8cI_UEelmRC1FY5K5jw2pfWXlZ8QaKL1g&oe=62246CF9&_nc_sid=55e238",
                    "comment_reactors": [],
                    "comment_reactions": null,
                    "comment_reaction_count": null
                },
                {
                    "comment_id": "10159572132448904",
                    "comment_url": "https://facebook.com/10159572132448904",
                    "commenter_id": "849850022",
                    "commenter_url": "https://facebook.com/alicetu3?fref=nf&rc=p",
                    "commenter_name": "Alice Tu",
                    "commenter_meta": null,
                    "comment_text": "Brad Peterson these people had 3 weeks to express their views and go home. They stayed because they wanted to give an ultimatum.\n\nTruckers already have distanced themselves from this.\n\n38 million Canadians all have an equal voice and voice our concerns in elections.\n\nAll Canadians deserve respect if they follow the law and respect other Canadian. 3 weeks of shitting on the streets, honking horns, and creating chaos is not respectful of other Canadians. You reap what you sow.",
                    "comment_time": "2022-02-16 23:19:30",
                    "comment_image": "https://scontent.xx.fbcdn.net/m1/v/t6/An_UvxJXg9tdnLU3Y5qjPi0200MLilhzPXUgxzGjQzUMaNcmjdZA6anyrngvkdub33NZzZhd51fpCAEzNHFhko5aKRFP5fS1w_lKwYrzcNLupv27.png?ccb=10-5&oh=00_AT9C82irDy7Sn8cI_UEelmRC1FY5K5jw2pfWXlZ8QaKL1g&oe=62246CF9&_nc_sid=55e238",
                    "comment_reactors": [],
                    "comment_reactions": null,
                    "comment_reaction_count": null
                },
                {
                    "comment_id": "10159572156293904",
                    "comment_url": "https://facebook.com/10159572156293904",
                    "commenter_id": "100030284227761",
                    "commenter_url": "https://facebook.com/brad.peterson.18007218?fref=nf&rc=p",
                    "commenter_name": "Brad Peterson",
                    "commenter_meta": null,
                    "comment_text": "Alice Tu likewise, the federal government had three weeks to open dialogue. Trudeau is the only politician globally, that imposes things like mandates and never talks about their eventual end. When you impose on the rights of Canadians, it is important to reflect that this is not permanent. Until now, Trudeau has benefited from this pandemic, gaining political advantage by squandering the financial resources of future generations. He wants it to continue, it\u2019s all about power for him. Just look at the growing dissent inside the Liberal Party. He\u2019s desperately trying to hold onto power now.",
                    "comment_time": "2022-02-16 23:19:30",
                    "comment_image": "https://scontent.xx.fbcdn.net/m1/v/t6/An_UvxJXg9tdnLU3Y5qjPi0200MLilhzPXUgxzGjQzUMaNcmjdZA6anyrngvkdub33NZzZhd51fpCAEzNHFhko5aKRFP5fS1w_lKwYrzcNLupv27.png?ccb=10-5&oh=00_AT9C82irDy7Sn8cI_UEelmRC1FY5K5jw2pfWXlZ8QaKL1g&oe=62246CF9&_nc_sid=55e238",
                    "comment_reactors": [],
                    "comment_reactions": null,
                    "comment_reaction_count": null
                },
                {
                    "comment_id": "10159572187698904",
                    "comment_url": "https://facebook.com/10159572187698904",
                    "commenter_id": "100073088222361",
                    "commenter_url": "https://facebook.com/profile.php?id=100073088222361&fref=nf&rc=p",
                    "commenter_name": "Diana Akyurek",
                    "commenter_meta": "Top fan",
                    "comment_text": "Alice Tu \u201cThese people\u201d? You sound like a Trudeau groupie.",
                    "comment_time": "2022-02-16 23:19:30",
                    "comment_image": "https://static.xx.fbcdn.net/rsrc.php/v3/y7/r/4bRBCBmu1Q9.png",
                    "comment_reactors": [],
                    "comment_reactions": null,
                    "comment_reaction_count": null
                },
                {
                    "comment_id": "10159572191153904",
                    "comment_url": "https://facebook.com/10159572191153904",
                    "commenter_id": "849850022",
                    "commenter_url": "https://facebook.com/alicetu3?fref=nf&rc=p",
                    "commenter_name": "Alice Tu",
                    "commenter_meta": null,
                    "comment_text": "Brad Peterson\n\n1. You don\u2019t discuss mandates with protesters, you discuss them with public health professionals which he did. And you debate them in the house, which we did. People forget that at the start of the pandemic all parties were unified.\n\nNot to mention most mandates are provincial. Nothing to do with Trudeau and many provinces exercised different mandates with different results.\n\nYou don\u2019t debate public health with protesters because:\n\n1. No clear leader, they say they speak for truckers but the truckers association said they don\u2019t.\n\n2. No clear demands. Some said no vaccine mandate for truckers, some said no mandates period (that would be provincial), some said PM resign. That would be undemocratic to disrespect the vote because 10k people wanted it. Some said get rid of the government health app, that was a voluntary app.\n\n3. You don\u2019t override the voice of 38 million people with whoever shows up in Ottawa with a truck honking. Even if 19 million and 1 person showed up, it would still be an undemocratic process. We vote for representatives\nand they represent us.\n\nAs for Trudeau and power.\n\n1. All politicians are trying to maintain power. Trudeau is no different than any other politician in that regard.\n\n2. He has a minority government which means that power is already checked by both his party and his need to get the support of another party to pass anything in the house.\n\nIn that regard, this has been a far more controlled government than most governments in history.\n\nYou\u2019re making wild accusations based on a feeling while ignoring facts.",
                    "comment_time": "2022-02-16 23:19:30",
                    "comment_image": "https://scontent.xx.fbcdn.net/m1/v/t6/An_UvxJXg9tdnLU3Y5qjPi0200MLilhzPXUgxzGjQzUMaNcmjdZA6anyrngvkdub33NZzZhd51fpCAEzNHFhko5aKRFP5fS1w_lKwYrzcNLupv27.png?ccb=10-5&oh=00_AT9C82irDy7Sn8cI_UEelmRC1FY5K5jw2pfWXlZ8QaKL1g&oe=62246CF9&_nc_sid=55e238",
                    "comment_reactors": [],
                    "comment_reactions": null,
                    "comment_reaction_count": null
                },
                {
                    "comment_id": "10159572192958904",
                    "comment_url": "https://facebook.com/10159572192958904",
                    "commenter_id": "849850022",
                    "commenter_url": "https://facebook.com/alicetu3?fref=nf&rc=p",
                    "commenter_name": "Alice Tu",
                    "commenter_meta": null,
                    "comment_text": "Diana Akyurek I believe in a minority government to keep everyone in check and if you believe in \u201cfreedom\u201d as protesters say they do, you should respect that all Canadians have a right to vote for who they wish.",
                    "comment_time": "2022-02-16 23:19:30",
                    "comment_image": "https://scontent.xx.fbcdn.net/m1/v/t6/An_UvxJXg9tdnLU3Y5qjPi0200MLilhzPXUgxzGjQzUMaNcmjdZA6anyrngvkdub33NZzZhd51fpCAEzNHFhko5aKRFP5fS1w_lKwYrzcNLupv27.png?ccb=10-5&oh=00_AT9C82irDy7Sn8cI_UEelmRC1FY5K5jw2pfWXlZ8QaKL1g&oe=62246CF9&_nc_sid=55e238",
                    "comment_reactors": [],
                    "comment_reactions": null,
                    "comment_reaction_count": null
                },
                {
                    "comment_id": "10159572253888904",
                    "comment_url": "https://facebook.com/10159572253888904",
                    "commenter_id": "100065403370622",
                    "commenter_url": "https://facebook.com/cary.mackenzie.503?fref=nf&rc=p",
                    "commenter_name": "Cary Mackenzie",
                    "commenter_meta": null,
                    "comment_text": "Alice Tu except 67% of the population didn't vote for him. He doesn't care what the people think. It's his way or your a terrorist, racist bigot.",
                    "comment_time": "2022-02-16 23:19:30",
                    "comment_image": "https://scontent.xx.fbcdn.net/m1/v/t6/An_UvxJXg9tdnLU3Y5qjPi0200MLilhzPXUgxzGjQzUMaNcmjdZA6anyrngvkdub33NZzZhd51fpCAEzNHFhko5aKRFP5fS1w_lKwYrzcNLupv27.png?ccb=10-5&oh=00_AT9C82irDy7Sn8cI_UEelmRC1FY5K5jw2pfWXlZ8QaKL1g&oe=62246CF9&_nc_sid=55e238",
                    "comment_reactors": [],
                    "comment_reactions": null,
                    "comment_reaction_count": null
                },
                {
                    "comment_id": "10159572286223904",
                    "comment_url": "https://facebook.com/10159572286223904",
                    "commenter_id": "849850022",
                    "commenter_url": "https://facebook.com/alicetu3?fref=nf&rc=p",
                    "commenter_name": "Alice Tu",
                    "commenter_meta": null,
                    "comment_text": "Cary Mackenzie that\u2019s why it\u2019s a minority government that needs the support of one other party.\n\nAlso didn\u2019t realize you know what all Canadians think.\n\nThe reason we have elected officials and not referendums on every decision is because it takes a lot of time and understanding to look at complex situations and not all citizens will have that time to look at all factors and hear all citizens.\n\nOur government needs to weigh all considerations and debate them in the house and come to decisions that best fits society on the whole, even if some people don\u2019t agree.\n\nIt\u2019s not his way or you\u2019re a terrorist but if you use terrorizing people through intimidation, unlawful behaviour, blocking roads and nuisance to try to push agendas like forcing a democratically elected official to resign then you\u2019re actually a terrorist.\n\nThere\u2019s only one way to lawfully change government in Canada and that\u2019s through elections. If you try to do it by occupation then yeah it\u2019s terrorism.",
                    "comment_time": "2022-02-16 23:19:30",
                    "comment_image": "https://scontent.xx.fbcdn.net/m1/v/t6/An_UvxJXg9tdnLU3Y5qjPi0200MLilhzPXUgxzGjQzUMaNcmjdZA6anyrngvkdub33NZzZhd51fpCAEzNHFhko5aKRFP5fS1w_lKwYrzcNLupv27.png?ccb=10-5&oh=00_AT9C82irDy7Sn8cI_UEelmRC1FY5K5jw2pfWXlZ8QaKL1g&oe=62246CF9&_nc_sid=55e238",
                    "comment_reactors": [],
                    "comment_reactions": null,
                    "comment_reaction_count": null
                },
                {
                    "comment_id": "10159572295668904",
                    "comment_url": "https://facebook.com/10159572295668904",
                    "commenter_id": "100065403370622",
                    "commenter_url": "https://facebook.com/cary.mackenzie.503?fref=nf&rc=p",
                    "commenter_name": "Cary Mackenzie",
                    "commenter_meta": null,
                    "comment_text": "Alice Tu Actually if an elected official commits a crime or breach of trust. You know like the Section 2 or The Charter Of Rights an Freedoms being breached right now.",
                    "comment_time": "2022-02-16 23:19:30",
                    "comment_image": null,
                    "comment_reactors": [],
                    "comment_reactions": null,
                    "comment_reaction_count": null
                },
                {
                    "comment_id": "10159572314983904",
                    "comment_url": "https://facebook.com/10159572314983904",
                    "commenter_id": "849850022",
                    "commenter_url": "https://facebook.com/alicetu3?fref=nf&rc=p",
                    "commenter_name": "Alice Tu",
                    "commenter_meta": null,
                    "comment_text": "Cary Mackenzie you should probably consult a lawyer on that cause you\u2019re way off the mark.",
                    "comment_time": "2022-02-16 23:19:30",
                    "comment_image": "https://scontent.xx.fbcdn.net/m1/v/t6/An_UvxJXg9tdnLU3Y5qjPi0200MLilhzPXUgxzGjQzUMaNcmjdZA6anyrngvkdub33NZzZhd51fpCAEzNHFhko5aKRFP5fS1w_lKwYrzcNLupv27.png?ccb=10-5&oh=00_AT9C82irDy7Sn8cI_UEelmRC1FY5K5jw2pfWXlZ8QaKL1g&oe=62246CF9&_nc_sid=55e238",
                    "comment_reactors": [],
                    "comment_reactions": null,
                    "comment_reaction_count": null
                },
                {
                    "comment_id": "10159572320833904",
                    "comment_url": "https://facebook.com/10159572320833904",
                    "commenter_id": "100065403370622",
                    "commenter_url": "https://facebook.com/cary.mackenzie.503?fref=nf&rc=p",
                    "commenter_name": "Cary Mackenzie",
                    "commenter_meta": null,
                    "comment_text": "Alice Tu Vote of non confidence is with out question legal Alice and can remove him from his dictatorship",
                    "comment_time": "2022-02-16 23:19:30",
                    "comment_image": null,
                    "comment_reactors": [],
                    "comment_reactions": null,
                    "comment_reaction_count": null
                },
                {
                    "comment_id": "10159572326098904",
                    "comment_url": "https://facebook.com/10159572326098904",
                    "commenter_id": "849850022",
                    "commenter_url": "https://facebook.com/alicetu3?fref=nf&rc=p",
                    "commenter_name": "Alice Tu",
                    "commenter_meta": null,
                    "comment_text": "Cary Mackenzie yep and if the conservatives really supported the protesters then they would have tried to ally with the other parties to do that but really they won\u2019t because they know that if they support a less than 10k people protest, in a population of 38 million changing a government then it can happen to them.\n\nThese protesters have been played for fools. Organizers telling them what they were doing was lawful when anyone not drinking the kool aid could see it wasn\u2019t. The organizers collected $20 million while protesters slept on the streets in the cold. Conservatives saying they support the cause while doing nothing to further it.\n\nI feel sorry for them, they were told they were special when really all Canadians get an equal voice. And now they\u2019ll have their trucks confiscated, bank accounts frozen, and arrest records because they couldn\u2019t see the truth.",
                    "comment_time": "2022-02-16 23:19:30",
                    "comment_image": "https://scontent.xx.fbcdn.net/m1/v/t6/An_UvxJXg9tdnLU3Y5qjPi0200MLilhzPXUgxzGjQzUMaNcmjdZA6anyrngvkdub33NZzZhd51fpCAEzNHFhko5aKRFP5fS1w_lKwYrzcNLupv27.png?ccb=10-5&oh=00_AT9C82irDy7Sn8cI_UEelmRC1FY5K5jw2pfWXlZ8QaKL1g&oe=62246CF9&_nc_sid=55e238",
                    "comment_reactors": [],
                    "comment_reactions": null,
                    "comment_reaction_count": null
                },
                {
                    "comment_id": "10159573717303904",
                    "comment_url": "https://facebook.com/10159573717303904",
                    "commenter_id": "100030284227761",
                    "commenter_url": "https://facebook.com/brad.peterson.18007218?fref=nf&rc=p",
                    "commenter_name": "Brad Peterson",
                    "commenter_meta": null,
                    "comment_text": "Cary Mackenzie He\u2019s actually the racist bigot. Blackface wearing anti semite.",
                    "comment_time": "2022-02-23 23:19:30",
                    "comment_image": null,
                    "comment_reactors": [],
                    "comment_reactions": null,
                    "comment_reaction_count": null
                }
            ]
        },
        {
            "comment_id": "10159572166573904",
            "comment_url": "https://facebook.com/10159572166573904",
            "commenter_id": "538518155",
            "commenter_url": "https://facebook.com/True.Newfoundlander?fref=nf&rc=p&refid=52",
            "commenter_name": "Gordon Earle",
            "commenter_meta": null,
            "comment_text": "Freeze their cash, seize their assets and jail their assess",
            "comment_time": "2022-02-16 23:19:22",
            "comment_image": null,
            "comment_reactors": [],
            "comment_reactions": null,
            "comment_reaction_count": null,
            "replies": [
                {
                    "comment_id": "10159572318498904",
                    "comment_url": "https://facebook.com/10159572318498904",
                    "commenter_id": "723395424",
                    "commenter_url": "https://facebook.com/gale.roossien?fref=nf&rc=p",
                    "commenter_name": "Gale Roossien",
                    "commenter_meta": null,
                    "comment_text": "Gordon Earle hope you feel the same when the communist come for you and they will come, if trudope has his say. I pray for you",
                    "comment_time": "2022-02-16 23:19:31",
                    "comment_image": "https://scontent.xx.fbcdn.net/m1/v/t6/An_F9bJG7govfshSMBkvcRLcxT0jmiXVYKtr7lgH5AHgUrjjpZ1OD0xyxXYgf7arc0lWgCdrR_KN4Mg7RSN3Gm3W6Gg03N1tQ-ZXzVvFJ_KvvB4.png?ccb=10-5&oh=00_AT8ScZKrgCPhmfSgYBZgvnQHv14vvPQpgzOW8DDMFGGodg&oe=62243F67&_nc_sid=55e238",
                    "comment_reactors": [],
                    "comment_reactions": null,
                    "comment_reaction_count": null
                },
                {
                    "comment_id": "10159572435553904",
                    "comment_url": "https://facebook.com/10159572435553904",
                    "commenter_id": "538518155",
                    "commenter_url": "https://facebook.com/True.Newfoundlander?fref=nf&rc=p",
                    "commenter_name": "Gordon Earle",
                    "commenter_meta": null,
                    "comment_text": "Gale Roossien Thank you for proving that the so-called protesters are a bunch of crazy conspiracy theorists, anarchists and far-right extremists of low intelligence and little education aiming to over-throw the elected government and replace it with an illegimate government. However, it was unnecessary because there was already so much proof before you added more.",
                    "comment_time": "2022-02-16 23:19:31",
                    "comment_image": "https://scontent.xx.fbcdn.net/m1/v/t6/An_UvxJXg9tdnLU3Y5qjPi0200MLilhzPXUgxzGjQzUMaNcmjdZA6anyrngvkdub33NZzZhd51fpCAEzNHFhko5aKRFP5fS1w_lKwYrzcNLupv27.png?ccb=10-5&oh=00_AT9C82irDy7Sn8cI_UEelmRC1FY5K5jw2pfWXlZ8QaKL1g&oe=62246CF9&_nc_sid=55e238",
                    "comment_reactors": [],
                    "comment_reactions": null,
                    "comment_reaction_count": null
                },
                {
                    "comment_id": "10159572440523904",
                    "comment_url": "https://facebook.com/10159572440523904",
                    "commenter_id": "723395424",
                    "commenter_url": "https://facebook.com/gale.roossien?fref=nf&rc=p",
                    "commenter_name": "Gale Roossien",
                    "commenter_meta": null,
                    "comment_text": "Gordon Earle love you Gordon.",
                    "comment_time": "2022-02-16 23:19:31",
                    "comment_image": "https://scontent-sea1-1.xx.fbcdn.net/v/t39.1997-6/47270791_937342239796388_4222599360510164992_n.png?stp=cp0_dst-png_s110x80&_nc_cat=1&ccb=1-5&_nc_sid=ac3552&efg=eyJpIjoidCJ9&_nc_ohc=9vv20wo-jN0AX9lJ434&tn=2m0tZsHH2_bfCWNH&_nc_ht=scontent-sea1-1.xx&oh=00_AT-vEp-p_6aGgXbiSOmEJaIdaT2FNDRnK112U3b_czq4ig&oe=62258F32",
                    "comment_reactors": [],
                    "comment_reactions": null,
                    "comment_reaction_count": null
                },
                {
                    "comment_id": "10159572457068904",
                    "comment_url": "https://facebook.com/10159572457068904",
                    "commenter_id": "538518155",
                    "commenter_url": "https://facebook.com/True.Newfoundlander?fref=nf&rc=p",
                    "commenter_name": "Gordon Earle",
                    "commenter_meta": null,
                    "comment_text": "Gale Roossien - Look at the crazy conspiracy theorists with their tinfoil hats ... and the organizers/\nleaders who conspired to kill police and overthrow government as evidenced by the high calibre rifles, hand guns, ammunition, knives, machettes, body armour, maltia insigna and communications intercepted ... undemocratic, deplorable and dispictable acts of insurrection and sedition - and they are also cowards who brought their children to act as human shileds while the parents hid behind their own children as police advanced on them\nhttps://\nwww.theglobeandm\nail.com/\npolitics/\narticle-police-a\ndvance-on-main-\ndemonstration-o\nn-parliament-hi\nll-in-ottawa/",
                    "comment_time": "2022-02-16 23:19:31",
                    "comment_image": "https://www.theglobeandmail.com/politics/article-police-advance-on-main-demonstration-on-parliament-hill-in-ottawa/?fbclid=IwAR3ED28etHVUJQR-sbJonyHbtmZ9yn2IplXnpwzpU_f9KDFGgZwYL6L2Gho",
                    "comment_reactors": [],
                    "comment_reactions": null,
                    "comment_reaction_count": null
                }
            ]
        },
        {
            "comment_id": "10159572369898904",
            "comment_url": "https://facebook.com/10159572369898904",
            "commenter_id": "100002937370793",
            "commenter_url": "https://facebook.com/jimhmilne?fref=nf&rc=p&refid=52",
            "commenter_name": "James Milne",
            "commenter_meta": null,
            "comment_text": "The occupation has been broken/ crushed and dismantled",
            "comment_time": "2022-02-16 23:19:22",
            "comment_image": null,
            "comment_reactors": [],
            "comment_reactions": null,
            "comment_reaction_count": null,
            "replies": []
        },
        {
            "comment_id": "10159573467198904",
            "comment_url": "https://facebook.com/10159573467198904",
            "commenter_id": "28112860",
            "commenter_url": "https://facebook.com/aziza.mamedova1987?fref=nf&rc=p&refid=52",
            "commenter_name": "Aziza Mamoru",
            "commenter_meta": null,
            "comment_text": "How have they not swept them away already. They should get rid of them all in time for Family Day",
            "comment_time": "2022-02-23 23:19:22",
            "comment_image": null,
            "comment_reactors": [],
            "comment_reactions": null,
            "comment_reaction_count": null,
            "replies": []
        },
        {
            "comment_id": "10159571747378904",
            "comment_url": "https://facebook.com/10159571747378904",
            "commenter_id": "688073964",
            "commenter_url": "https://facebook.com/dan.george.969?fref=nf&rc=p&refid=52",
            "commenter_name": "Dan George",
            "commenter_meta": null,
            "comment_text": "LOCK THEM UP!",
            "comment_time": "2022-02-16 23:19:22",
            "comment_image": null,
            "comment_reactors": [],
            "comment_reactions": null,
            "comment_reaction_count": null,
            "replies": [
                {
                    "comment_id": "10159571754543904",
                    "comment_url": "https://facebook.com/10159571754543904",
                    "commenter_id": "100043257961739",
                    "commenter_url": "https://facebook.com/bonnie.cull.7?fref=nf&rc=p",
                    "commenter_name": "Bonnie Cull",
                    "commenter_meta": null,
                    "comment_text": "Hell yeah",
                    "comment_time": "2022-02-16 23:19:33",
                    "comment_image": "https://scontent.xx.fbcdn.net/m1/v/t6/An_UvxJXg9tdnLU3Y5qjPi0200MLilhzPXUgxzGjQzUMaNcmjdZA6anyrngvkdub33NZzZhd51fpCAEzNHFhko5aKRFP5fS1w_lKwYrzcNLupv27.png?ccb=10-5&oh=00_AT9C82irDy7Sn8cI_UEelmRC1FY5K5jw2pfWXlZ8QaKL1g&oe=62246CF9&_nc_sid=55e238",
                    "comment_reactors": [],
                    "comment_reactions": null,
                    "comment_reaction_count": null
                },
                {
                    "comment_id": "10159571759028904",
                    "comment_url": "https://facebook.com/10159571759028904",
                    "commenter_id": "553711319",
                    "commenter_url": "https://facebook.com/gary.desjardins.3?fref=nf&rc=p",
                    "commenter_name": "Gary Desjardins",
                    "commenter_meta": null,
                    "comment_text": "Dan George karma Grandpa.",
                    "comment_time": "2022-02-16 23:19:33",
                    "comment_image": "https://scontent.xx.fbcdn.net/m1/v/t6/An_UvxJXg9tdnLU3Y5qjPi0200MLilhzPXUgxzGjQzUMaNcmjdZA6anyrngvkdub33NZzZhd51fpCAEzNHFhko5aKRFP5fS1w_lKwYrzcNLupv27.png?ccb=10-5&oh=00_AT9C82irDy7Sn8cI_UEelmRC1FY5K5jw2pfWXlZ8QaKL1g&oe=62246CF9&_nc_sid=55e238",
                    "comment_reactors": [],
                    "comment_reactions": null,
                    "comment_reaction_count": null
                }
            ]
        },
        {
            "comment_id": "10159572091748904",
            "comment_url": "https://facebook.com/10159572091748904",
            "commenter_id": "553711319",
            "commenter_url": "https://facebook.com/gary.desjardins.3?fref=nf&rc=p&refid=52",
            "commenter_name": "Gary Desjardins",
            "commenter_meta": null,
            "comment_text": "the World is watching.",
            "comment_time": "2022-02-16 23:19:22",
            "comment_image": null,
            "comment_reactors": [],
            "comment_reactions": null,
            "comment_reaction_count": null,
            "replies": []
        }
    ],
    "reactors": null,
    "w3_fb_url": null,
    "reactions": null,
    "reaction_count": null,
    "with": null,
    "page_id": "140961138903",
    "sharers": null,
    "image_id": null,
    "image_ids": [],
    "was_live": false
}