{
    "original_request_url": "10159579413953904",
    "post_url": "https://facebook.com/story.php?story_fbid=10159579413953904&id=140961138903",
    "post_id": "10159579413953904",
    "text": "The Canadian Constitution Foundation and the Canadian Civil Liberties Association say existing laws were sufficient to address the border blockades and the Ottawa protests and the act\u2019s use violated constitutional rights\n\nTHEGLOBEANDMAIL.COM\nFederal government facing lawsuits over Emergencies Act",
    "post_text": "The Canadian Constitution Foundation and the Canadian Civil Liberties Association say existing laws were sufficient to address the border blockades and the Ottawa protests and the act\u2019s use violated constitutional rights",
    "shared_text": "THEGLOBEANDMAIL.COM\nFederal government facing lawsuits over Emergencies Act",
    "original_text": null,
    "time": "2022-02-24 03:19:04",
    "timestamp": 1645672744,
    "image": "https://www.theglobeandmail.com/resizer/fBeyPCPd-Xx0mlRasWbFjhammc0=/1200x752/filters:quality(80)/cloudfront-us-east-1.images.arcpublishing.com/tgam/UB25XFMBRVO3FI72HAH4ZIMUEI.JPG",
    "image_lowquality": "https://external-iad3-2.xx.fbcdn.net/safe_image.php?d=AQGQlNu48OfanWdV&w=476&h=249&url=https%3A%2F%2Fwww.theglobeandmail.com%2Fresizer%2FfBeyPCPd-Xx0mlRasWbFjhammc0%3D%2F1200x752%2Ffilters%3Aquality%2880%29%2Fcloudfront-us-east-1.images.arcpublishing.com%2Ftgam%2FUB25XFMBRVO3FI72HAH4ZIMUEI.JPG&cfs=1&jq=75&ext=jpg&_nc_oe=6fad3&_nc_sid=06c271&ccb=3-5&_nc_hash=AQGeS_R8784B9vXR",
    "images": [
        "https://www.theglobeandmail.com/resizer/fBeyPCPd-Xx0mlRasWbFjhammc0=/1200x752/filters:quality(80)/cloudfront-us-east-1.images.arcpublishing.com/tgam/UB25XFMBRVO3FI72HAH4ZIMUEI.JPG"
    ],
    "images_description": [],
    "images_lowquality": [
        "https://external-iad3-2.xx.fbcdn.net/safe_image.php?d=AQGQlNu48OfanWdV&w=476&h=249&url=https%3A%2F%2Fwww.theglobeandmail.com%2Fresizer%2FfBeyPCPd-Xx0mlRasWbFjhammc0%3D%2F1200x752%2Ffilters%3Aquality%2880%29%2Fcloudfront-us-east-1.images.arcpublishing.com%2Ftgam%2FUB25XFMBRVO3FI72HAH4ZIMUEI.JPG&cfs=1&jq=75&ext=jpg&_nc_oe=6fad3&_nc_sid=06c271&ccb=3-5&_nc_hash=AQGeS_R8784B9vXR"
    ],
    "images_lowquality_description": [
        null
    ],
    "video": null,
    "video_duration_seconds": null,
    "video_height": null,
    "video_id": null,
    "video_quality": null,
    "video_size_MB": null,
    "video_thumbnail": null,
    "video_watches": null,
    "video_width": null,
    "likes": 318,
    "comments": 29,
    "shares": 22,
    "link": "http://www.theglobeandmail.com/canada/article-federal-government-facing-lawsuits-over-emergencies-act/?utm_campaign=sophi-pop&utm_medium=post&utm_source=facebook&fbclid=IwAR0iA3-skFxKb-yb4mLEwQEJmz8Wq5xVlhdh8MqkSfWfRX4b1ub5zeENT18",
    "links": [],
    "user_id": "140961138903",
    "username": "The Globe and Mail",
    "user_url": "https://facebook.com/theglobeandmail/?refid=52",
    "is_live": false,
    "factcheck": null,
    "shared_post_id": null,
    "shared_time": null,
    "shared_user_id": null,
    "shared_username": null,
    "shared_post_url": null,
    "available": true,
    "comments_full": [
        {
            "comment_id": "10159579598363904",
            "comment_url": "https://facebook.com/10159579598363904",
            "commenter_id": "100000492802080",
            "commenter_url": "https://facebook.com/frank.vandoorn.12?fref=nf&rc=p&refid=52",
            "commenter_name": "Frank van Doorn",
            "commenter_meta": null,
            "comment_text": "Of course they would say that, it\u2019s their job. Remains to be seen if it will be pursued in court however. Trudeau and his party will be going through a full parliamentary review, as required by the EA anyway.",
            "comment_time": "2022-02-25 00:00:50",
            "comment_image": null,
            "comment_reactors": [],
            "comment_reactions": null,
            "comment_reaction_count": null,
            "replies": []
        },
        {
            "comment_id": "10159579893093904",
            "comment_url": "https://facebook.com/10159579893093904",
            "commenter_id": "100002092669588",
            "commenter_url": "https://facebook.com/andrew.aulenback?fref=nf&rc=p&refid=52",
            "commenter_name": "Andrew Aulenback",
            "commenter_meta": null,
            "comment_text": "I agree with Singh on this one. IF both federal and provincial governments had acted sooner against the \u201cbad actors\u201d embedded in the organization, fundraising, spokespeople of this protest, using existing law, the Act would not have been necessary.\n\nBut by ignoring the heavy involvement of white nationalist and of violently seditionist organizations and giving those elements free rein, the government(s) caused this necessity.",
            "comment_time": "2022-02-25 00:00:50",
            "comment_image": null,
            "comment_reactors": [],
            "comment_reactions": null,
            "comment_reaction_count": null,
            "replies": [
                {
                    "comment_id": "10159579904543904",
                    "comment_url": "https://facebook.com/10159579904543904",
                    "commenter_id": "100043257961739",
                    "commenter_url": "https://facebook.com/bonnie.cull.7?fref=nf&rc=p",
                    "commenter_name": "Bonnie Cull",
                    "commenter_meta": null,
                    "comment_text": "Con govts did this. Ford needs to pay dearly for supporting these insurrectionist\ns and letting that protest go 19 days before issuing a state of emergency. Time to put the conservative party on a terrorist watch list #LOCKTHEMUP",
                    "comment_time": "2022-02-25 00:00:51",
                    "comment_image": "https://scontent.xx.fbcdn.net/m1/v/t6/An_UvxJXg9tdnLU3Y5qjPi0200MLilhzPXUgxzGjQzUMaNcmjdZA6anyrngvkdub33NZzZhd51fpCAEzNHFhko5aKRFP5fS1w_lKwYrzcNLupv27.png?ccb=10-5&oh=00_AT-8IB4_MVzBL0DGJmuoIQF0G7Gnvn-P5033Y0aKKmSWlw&oe=62266739&_nc_sid=55e238",
                    "comment_reactors": [],
                    "comment_reactions": null,
                    "comment_reaction_count": null
                },
                {
                    "comment_id": "10159580021428904",
                    "comment_url": "https://facebook.com/10159580021428904",
                    "commenter_id": "100043257961739",
                    "commenter_url": "https://facebook.com/bonnie.cull.7?fref=nf&rc=p",
                    "commenter_name": "Bonnie Cull",
                    "commenter_meta": null,
                    "comment_text": "Fascist insurrectionist\ns are going down #LOCKTHEMUP",
                    "comment_time": "2022-02-25 00:00:52",
                    "comment_image": "https://scontent.xx.fbcdn.net/m1/v/t6/An_UvxJXg9tdnLU3Y5qjPi0200MLilhzPXUgxzGjQzUMaNcmjdZA6anyrngvkdub33NZzZhd51fpCAEzNHFhko5aKRFP5fS1w_lKwYrzcNLupv27.png?ccb=10-5&oh=00_AT-8IB4_MVzBL0DGJmuoIQF0G7Gnvn-P5033Y0aKKmSWlw&oe=62266739&_nc_sid=55e238",
                    "comment_reactors": [],
                    "comment_reactions": null,
                    "comment_reaction_count": null
                },
                {
                    "comment_id": "10159580035703904",
                    "comment_url": "https://facebook.com/10159580035703904",
                    "commenter_id": "100043257961739",
                    "commenter_url": "https://facebook.com/bonnie.cull.7?fref=nf&rc=p",
                    "commenter_name": "Bonnie Cull",
                    "commenter_meta": null,
                    "comment_text": "Pot calling kettle insurrectionist\nsupporter. Buy a dictionary. REPORTED",
                    "comment_time": "2022-02-25 00:00:52",
                    "comment_image": "https://scontent.xx.fbcdn.net/m1/v/t6/An_F9bJG7govfshSMBkvcRLcxT0jmiXVYKtr7lgH5AHgUrjjpZ1OD0xyxXYgf7arc0lWgCdrR_KN4Mg7RSN3Gm3W6Gg03N1tQ-ZXzVvFJ_KvvB4.png?ccb=10-5&oh=00_AT95623ZBW5YJ0Q2WmnW2bWTGPhSGCS23eXvXSocAisvYw&oe=622639A7&_nc_sid=55e238",
                    "comment_reactors": [],
                    "comment_reactions": null,
                    "comment_reaction_count": null
                },
                {
                    "comment_id": "10159580092048904",
                    "comment_url": "https://facebook.com/10159580092048904",
                    "commenter_id": "100007128573578",
                    "commenter_url": "https://facebook.com/peter.morel.779?fref=nf&rc=p",
                    "commenter_name": "Peter Morel",
                    "commenter_meta": null,
                    "comment_text": "Singh is Trudeau\u2019s pawn.",
                    "comment_time": "2022-02-25 00:00:52",
                    "comment_image": null,
                    "comment_reactors": [],
                    "comment_reactions": null,
                    "comment_reaction_count": null
                },
                {
                    "comment_id": "10159580129743904",
                    "comment_url": "https://facebook.com/10159580129743904",
                    "commenter_id": "100000869909074",
                    "commenter_url": "https://facebook.com/nancy.honey.7?fref=nf&rc=p",
                    "commenter_name": "Nancy Honey",
                    "commenter_meta": null,
                    "comment_text": "Bonnie Cull you give certifiable a whole new meaning!!! WOW!!",
                    "comment_time": "2022-02-25 00:00:52",
                    "comment_image": "https://scontent.xx.fbcdn.net/m1/v/t6/An-SJYN61eefFdoaV8pa0G_5_APCa0prZaqkZGXpCFeUCLCg89UPOqSkSZxJkLy0hAKKpUIPEB91mo9yBBfcAqcwmpEu5jN_jmJufFtJoVJCUklu.png?ccb=10-5&oh=00_AT_uC16R89XISW2BLH-gvAeIZ-6knN-rLSiRLuYO7e7b3A&oe=6225C35F&_nc_sid=55e238",
                    "comment_reactors": [],
                    "comment_reactions": null,
                    "comment_reaction_count": null
                },
                {
                    "comment_id": "10159580228228904",
                    "comment_url": "https://facebook.com/10159580228228904",
                    "commenter_id": "100043257961739",
                    "commenter_url": "https://facebook.com/bonnie.cull.7?fref=nf&rc=p",
                    "commenter_name": "Bonnie Cull",
                    "commenter_meta": null,
                    "comment_text": "Nancy Honey cry",
                    "comment_time": "2022-02-25 00:00:52",
                    "comment_image": "https://scontent.xx.fbcdn.net/m1/v/t6/An-0mG6nK_Uk-eBw_Z5hXaQPl2Il-GAtgNisMF_CPi6qvu85Lx2-5PalMJvS7fIbuodHct0V3tJrvSxzau9mOcNxqVhoiy8lxxQ9edz-6r6_o9YroQ.png?ccb=10-5&oh=00_AT97zVkkRR7G8XpcE0d0Ne-93xZzsRz9MIOSq7EvLNrcVA&oe=62271A84&_nc_sid=55e238",
                    "comment_reactors": [],
                    "comment_reactions": null,
                    "comment_reaction_count": null
                },
                {
                    "comment_id": "10159583640948904",
                    "comment_url": "https://facebook.com/10159583640948904",
                    "commenter_id": "100012437119148",
                    "commenter_url": "https://facebook.com/gordon.jamex?fref=nf&rc=p",
                    "commenter_name": "Gordon James",
                    "commenter_meta": null,
                    "comment_text": "Andrew Aulenback, too dumb for comments, race card being played for no reason.",
                    "comment_time": "2022-02-26 00:00:00",
                    "comment_image": null,
                    "comment_reactors": [],
                    "comment_reactions": null,
                    "comment_reaction_count": null
                },
                {
                    "comment_id": "10159584252528904",
                    "comment_url": "https://facebook.com/10159584252528904",
                    "commenter_id": "1107210462",
                    "commenter_url": "https://facebook.com/john.skippy.9?fref=nf&rc=p",
                    "commenter_name": "John Skippy",
                    "commenter_meta": null,
                    "comment_text": "Bonnie Cull #BellLetsTalk202\n2",
                    "comment_time": "2022-02-26 00:00:00",
                    "comment_image": null,
                    "comment_reactors": [],
                    "comment_reactions": null,
                    "comment_reaction_count": null
                }
            ]
        },
        {
            "comment_id": "10159581580498904",
            "comment_url": "https://facebook.com/10159581580498904",
            "commenter_id": "100008898847016",
            "commenter_url": "https://facebook.com/profile.php?id=100008898847016&fref=nf&rc=p&refid=52",
            "commenter_name": "Lyne Bourgoin",
            "commenter_meta": null,
            "comment_text": "GOOD! Take this arrogant self righteous corrupt fool to court and freeze his account and see how he will like this . Follow the liberals money and put him in jail without bail.",
            "comment_time": "2022-02-25 00:00:00",
            "comment_image": null,
            "comment_reactors": [],
            "comment_reactions": null,
            "comment_reaction_count": null,
            "replies": []
        },
        {
            "comment_id": "10159580123028904",
            "comment_url": "https://facebook.com/10159580123028904",
            "commenter_id": "100000869909074",
            "commenter_url": "https://facebook.com/nancy.honey.7?fref=nf&rc=p&refid=52",
            "commenter_name": "Nancy Honey",
            "commenter_meta": null,
            "comment_text": "Our narcissistic PM, after hiding out for the first week, had to come up with some way to stop the parade of \" Fxxk Trudeau \" signs and criticism..... He was becoming not only a national laughing stock, but worldwide...",
            "comment_time": "2022-02-25 00:00:50",
            "comment_image": null,
            "comment_reactors": [],
            "comment_reactions": null,
            "comment_reaction_count": null,
            "replies": []
        },
        {
            "comment_id": "10159579873403904",
            "comment_url": "https://facebook.com/10159579873403904",
            "commenter_id": "100002340892977",
            "commenter_url": "https://facebook.com/michael.suksi.7?fref=nf&rc=p&refid=52",
            "commenter_name": "Michael Suksi",
            "commenter_meta": null,
            "comment_text": "I call attention to two inconsistencies\nfrom the right wing, anti mandate, Trudeau hating types. 1/ A favourite claim of theirs is that MSM is \u201cbought and paid for\u201d by Trudeau and that all MSM lies. Why don\u2019t we see any of them making that claim for this article? Or any of the other numerous articles that are not in favour of Trudeau? 2/ You are excited about these court cases that you like, so you draw attention to them. But if you want to talk about legal issues, what about all the provincial court cases that have been brought forth against the mandates, virtually all of which have been decided in favour of the mandates? Why don\u2019t you mention those?\n\nThese are just two examples of how most right wing, anti mandate, Trudeau hating posts on these strings are irrational and non-sensical. Totally without facts.",
            "comment_time": "2022-02-25 00:00:50",
            "comment_image": null,
            "comment_reactors": [],
            "comment_reactions": null,
            "comment_reaction_count": null,
            "replies": [
                {
                    "comment_id": "10159579985548904",
                    "comment_url": "https://facebook.com/10159579985548904",
                    "commenter_id": "586970314",
                    "commenter_url": "https://facebook.com/christine.blacquiere.9?fref=nf&rc=p",
                    "commenter_name": "Christine Blacquiere",
                    "commenter_meta": null,
                    "comment_text": "Michael Suksi I certainly hope they're non-sensual!",
                    "comment_time": "2022-02-25 00:00:53",
                    "comment_image": "https://scontent.xx.fbcdn.net/m1/v/t6/An_UvxJXg9tdnLU3Y5qjPi0200MLilhzPXUgxzGjQzUMaNcmjdZA6anyrngvkdub33NZzZhd51fpCAEzNHFhko5aKRFP5fS1w_lKwYrzcNLupv27.png?ccb=10-5&oh=00_AT-8IB4_MVzBL0DGJmuoIQF0G7Gnvn-P5033Y0aKKmSWlw&oe=62266739&_nc_sid=55e238",
                    "comment_reactors": [],
                    "comment_reactions": null,
                    "comment_reaction_count": null
                },
                {
                    "comment_id": "10159580040243904",
                    "comment_url": "https://facebook.com/10159580040243904",
                    "commenter_id": "100002340892977",
                    "commenter_url": "https://facebook.com/michael.suksi.7?fref=nf&rc=p",
                    "commenter_name": "Michael Suksi",
                    "commenter_meta": null,
                    "comment_text": "Christine Blacquiere Thanks, and fixed.",
                    "comment_time": "2022-02-25 00:00:53",
                    "comment_image": null,
                    "comment_reactors": [],
                    "comment_reactions": null,
                    "comment_reaction_count": null
                }
            ]
        },
        {
            "comment_id": "10159582062228904",
            "comment_url": "https://facebook.com/10159582062228904",
            "commenter_id": "515046735",
            "commenter_url": "https://facebook.com/ricky.bourque.5?fref=nf&rc=p&refid=52",
            "commenter_name": "Mshrm Bourque",
            "commenter_meta": null,
            "comment_text": "What a joke our PM is. Can\u2019t wait to get him out of there and replace him with another joke \ud83e\udd26\ud83c\udffb\ud83e\udd26\ud83c\udffb",
            "comment_time": "2022-02-25 00:00:00",
            "comment_image": null,
            "comment_reactors": [],
            "comment_reactions": null,
            "comment_reaction_count": null,
            "replies": []
        },
        {
            "comment_id": "10159581418738904",
            "comment_url": "https://facebook.com/10159581418738904",
            "commenter_id": "583983476",
            "commenter_url": "https://facebook.com/sandy.diguer?fref=nf&rc=p&refid=52",
            "commenter_name": "Sandy Diguer",
            "commenter_meta": null,
            "comment_text": "People who are still in jail and can\u2019t get out on bail should be released. This tyranny has lasted long enough!",
            "comment_time": "2022-02-25 00:00:00",
            "comment_image": null,
            "comment_reactors": [],
            "comment_reactions": null,
            "comment_reaction_count": null,
            "replies": []
        },
        {
            "comment_id": "10159579724018904",
            "comment_url": "https://facebook.com/10159579724018904",
            "commenter_id": "831284548",
            "commenter_url": "https://facebook.com/CatBejot?fref=nf&rc=p&refid=52",
            "commenter_name": "Bejot Cat",
            "commenter_meta": "Top fan",
            "comment_text": "this can not be Canadians fighting this, there must be American nonsense trying to control Canada's politics...sham\neful!",
            "comment_time": "2022-02-25 00:00:50",
            "comment_image": null,
            "comment_reactors": [],
            "comment_reactions": null,
            "comment_reaction_count": null,
            "replies": []
        },
        {
            "comment_id": "10159579477143904",
            "comment_url": "https://facebook.com/10159579477143904",
            "commenter_id": "100014605660180",
            "commenter_url": "https://facebook.com/profile.php?id=100014605660180&fref=nf&rc=p&refid=52",
            "commenter_name": "Steven Ma Goo",
            "commenter_meta": null,
            "comment_text": "You did the right thing \"for the people\" of Canada ,great job PM ,the municipality could not act and the provincial CON goverment would NOT act against their political base.",
            "comment_time": "2022-02-25 00:00:50",
            "comment_image": null,
            "comment_reactors": [],
            "comment_reactions": null,
            "comment_reaction_count": null,
            "replies": [
                {
                    "comment_id": "10159579541863904",
                    "comment_url": "https://facebook.com/10159579541863904",
                    "commenter_id": "100072036022069",
                    "commenter_url": "https://facebook.com/profile.php?id=100072036022069&fref=nf&rc=p",
                    "commenter_name": "Moe Seke",
                    "commenter_meta": null,
                    "comment_text": "Steven Ma Goo Truth.",
                    "comment_time": "2022-02-25 00:00:54",
                    "comment_image": "https://scontent.xx.fbcdn.net/m1/v/t6/An_F9bJG7govfshSMBkvcRLcxT0jmiXVYKtr7lgH5AHgUrjjpZ1OD0xyxXYgf7arc0lWgCdrR_KN4Mg7RSN3Gm3W6Gg03N1tQ-ZXzVvFJ_KvvB4.png?ccb=10-5&oh=00_AT95623ZBW5YJ0Q2WmnW2bWTGPhSGCS23eXvXSocAisvYw&oe=622639A7&_nc_sid=55e238",
                    "comment_reactors": [],
                    "comment_reactions": null,
                    "comment_reaction_count": null
                },
                {
                    "comment_id": "10159580074058904",
                    "comment_url": "https://facebook.com/10159580074058904",
                    "commenter_id": "817480461",
                    "commenter_url": "https://facebook.com/NGB13?fref=nf&rc=p",
                    "commenter_name": "Norm Burke",
                    "commenter_meta": null,
                    "comment_text": "Steven Ma Goo lol fake account how\u2019s it going comrade",
                    "comment_time": "2022-02-25 00:00:54",
                    "comment_image": null,
                    "comment_reactors": [],
                    "comment_reactions": null,
                    "comment_reaction_count": null
                },
                {
                    "comment_id": "10159580156688904",
                    "comment_url": "https://facebook.com/10159580156688904",
                    "commenter_id": "627125562",
                    "commenter_url": "https://facebook.com/francise.miller.14?fref=nf&rc=p",
                    "commenter_name": "Francise Miller",
                    "commenter_meta": null,
                    "comment_text": "Steven Ma Goo you have got to be kiddinv",
                    "comment_time": "2022-02-25 00:00:54",
                    "comment_image": null,
                    "comment_reactors": [],
                    "comment_reactions": null,
                    "comment_reaction_count": null
                }
            ]
        },
        {
            "comment_id": "10159579498248904",
            "comment_url": "https://facebook.com/10159579498248904",
            "commenter_id": "712025618",
            "commenter_url": "https://facebook.com/adam.slater3?fref=nf&rc=p&refid=52",
            "commenter_name": "Adam Slater",
            "commenter_meta": null,
            "comment_text": "Trudeau abused his power in suspending civil liberties with the eager assistance of Singh's NDP. Hopefully the courts will prevent such shameful future power grabs without the Senate having to humiliate the PM.",
            "comment_time": "2022-02-25 00:00:50",
            "comment_image": null,
            "comment_reactors": [],
            "comment_reactions": null,
            "comment_reaction_count": null,
            "replies": [
                {
                    "comment_id": "10159579694173904",
                    "comment_url": "https://facebook.com/10159579694173904",
                    "commenter_id": "100011054794661",
                    "commenter_url": "https://facebook.com/profile.php?id=100011054794661&fref=nf&rc=p",
                    "commenter_name": "Billy Black",
                    "commenter_meta": null,
                    "comment_text": "Adam Slater He didn't suspend anything , The EA specifically prohibits the government from suspending or altering the charter of rights.",
                    "comment_time": "2022-02-25 00:00:56",
                    "comment_image": "https://scontent.xx.fbcdn.net/m1/v/t6/An_UvxJXg9tdnLU3Y5qjPi0200MLilhzPXUgxzGjQzUMaNcmjdZA6anyrngvkdub33NZzZhd51fpCAEzNHFhko5aKRFP5fS1w_lKwYrzcNLupv27.png?ccb=10-5&oh=00_AT-8IB4_MVzBL0DGJmuoIQF0G7Gnvn-P5033Y0aKKmSWlw&oe=62266739&_nc_sid=55e238",
                    "comment_reactors": [],
                    "comment_reactions": null,
                    "comment_reaction_count": null
                },
                {
                    "comment_id": "10159579929858904",
                    "comment_url": "https://facebook.com/10159579929858904",
                    "commenter_id": "712025618",
                    "commenter_url": "https://facebook.com/adam.slater3?fref=nf&rc=p",
                    "commenter_name": "Adam Slater",
                    "commenter_meta": null,
                    "comment_text": "Billy Black Do people under 18 have the rights of free expression and free assembly?",
                    "comment_time": "2022-02-25 00:00:56",
                    "comment_image": null,
                    "comment_reactors": [],
                    "comment_reactions": null,
                    "comment_reaction_count": null
                },
                {
                    "comment_id": "10159580141023904",
                    "comment_url": "https://facebook.com/10159580141023904",
                    "commenter_id": "100011054794661",
                    "commenter_url": "https://facebook.com/profile.php?id=100011054794661&fref=nf&rc=p",
                    "commenter_name": "Billy Black",
                    "commenter_meta": null,
                    "comment_text": "Adam Slater If they live in Canada then yes.",
                    "comment_time": "2022-02-25 00:00:56",
                    "comment_image": null,
                    "comment_reactors": [],
                    "comment_reactions": null,
                    "comment_reaction_count": null
                },
                {
                    "comment_id": "10159580167763904",
                    "comment_url": "https://facebook.com/10159580167763904",
                    "commenter_id": "712025618",
                    "commenter_url": "https://facebook.com/adam.slater3?fref=nf&rc=p",
                    "commenter_name": "Adam Slater",
                    "commenter_meta": null,
                    "comment_text": "Billy Black Yet it was illegal for them to protest under the EA. So it does affect Charter rights.",
                    "comment_time": "2022-02-25 00:00:56",
                    "comment_image": null,
                    "comment_reactors": [],
                    "comment_reactions": null,
                    "comment_reaction_count": null
                },
                {
                    "comment_id": "10159580235838904",
                    "comment_url": "https://facebook.com/10159580235838904",
                    "commenter_id": "510543146",
                    "commenter_url": "https://facebook.com/kerwin.lewis?fref=nf&rc=p",
                    "commenter_name": "Kerwin Lewis",
                    "commenter_meta": null,
                    "comment_text": "Adam Slater That wasn't a protest, that was an occupation.",
                    "comment_time": "2022-02-25 00:00:56",
                    "comment_image": "https://scontent.xx.fbcdn.net/m1/v/t6/An_UvxJXg9tdnLU3Y5qjPi0200MLilhzPXUgxzGjQzUMaNcmjdZA6anyrngvkdub33NZzZhd51fpCAEzNHFhko5aKRFP5fS1w_lKwYrzcNLupv27.png?ccb=10-5&oh=00_AT-8IB4_MVzBL0DGJmuoIQF0G7Gnvn-P5033Y0aKKmSWlw&oe=62266739&_nc_sid=55e238",
                    "comment_reactors": [],
                    "comment_reactions": null,
                    "comment_reaction_count": null
                },
                {
                    "comment_id": "10159580270543904",
                    "comment_url": "https://facebook.com/10159580270543904",
                    "commenter_id": "712025618",
                    "commenter_url": "https://facebook.com/adam.slater3?fref=nf&rc=p",
                    "commenter_name": "Adam Slater",
                    "commenter_meta": null,
                    "comment_text": "Kerwin Lewis Were you as troubled by Occupy Wall Street?",
                    "comment_time": "2022-02-25 00:00:56",
                    "comment_image": "https://scontent.xx.fbcdn.net/m1/v/t6/An_UvxJXg9tdnLU3Y5qjPi0200MLilhzPXUgxzGjQzUMaNcmjdZA6anyrngvkdub33NZzZhd51fpCAEzNHFhko5aKRFP5fS1w_lKwYrzcNLupv27.png?ccb=10-5&oh=00_AT-8IB4_MVzBL0DGJmuoIQF0G7Gnvn-P5033Y0aKKmSWlw&oe=62266739&_nc_sid=55e238",
                    "comment_reactors": [],
                    "comment_reactions": null,
                    "comment_reaction_count": null
                }
            ]
        },
        {
            "comment_id": "10159579484893904",
            "comment_url": "https://facebook.com/10159579484893904",
            "commenter_id": "100009120120240",
            "commenter_url": "https://facebook.com/profile.php?id=100009120120240&fref=nf&rc=p&refid=52",
            "commenter_name": "Joseph Whitty",
            "commenter_meta": null,
            "comment_text": "Go and talk to the actual real people who live in the heart of Ottawa and see what they have to say. They lived through a wake up call that few experience in their daily life.",
            "comment_time": "2022-02-25 00:00:50",
            "comment_image": null,
            "comment_reactors": [],
            "comment_reactions": null,
            "comment_reaction_count": null,
            "replies": [
                {
                    "comment_id": "10159579544638904",
                    "comment_url": "https://facebook.com/10159579544638904",
                    "commenter_id": "712025618",
                    "commenter_url": "https://facebook.com/adam.slater3?fref=nf&rc=p",
                    "commenter_name": "Adam Slater",
                    "commenter_meta": null,
                    "comment_text": "Joseph Whitty Yeah. Just like WWI and WWII.",
                    "comment_time": "2022-02-25 00:00:57",
                    "comment_image": "https://scontent.xx.fbcdn.net/m1/v/t6/An_UvxJXg9tdnLU3Y5qjPi0200MLilhzPXUgxzGjQzUMaNcmjdZA6anyrngvkdub33NZzZhd51fpCAEzNHFhko5aKRFP5fS1w_lKwYrzcNLupv27.png?ccb=10-5&oh=00_AT-8IB4_MVzBL0DGJmuoIQF0G7Gnvn-P5033Y0aKKmSWlw&oe=62266739&_nc_sid=55e238",
                    "comment_reactors": [],
                    "comment_reactions": null,
                    "comment_reaction_count": null
                },
                {
                    "comment_id": "10159581037283904",
                    "comment_url": "https://facebook.com/10159581037283904",
                    "commenter_id": "100014924973528",
                    "commenter_url": "https://facebook.com/zane.grey.3954?fref=nf&rc=p",
                    "commenter_name": "Zane Grey",
                    "commenter_meta": null,
                    "comment_text": "Joseph Whitty Yes I do not know how the people of Ottawa survived all those Canadian flags and bouncy castles. Oh the horror of it!!!",
                    "comment_time": "2022-03-03 00:00:00",
                    "comment_image": "https://scontent.xx.fbcdn.net/m1/v/t6/An_UvxJXg9tdnLU3Y5qjPi0200MLilhzPXUgxzGjQzUMaNcmjdZA6anyrngvkdub33NZzZhd51fpCAEzNHFhko5aKRFP5fS1w_lKwYrzcNLupv27.png?ccb=10-5&oh=00_AT-8IB4_MVzBL0DGJmuoIQF0G7Gnvn-P5033Y0aKKmSWlw&oe=62266739&_nc_sid=55e238",
                    "comment_reactors": [],
                    "comment_reactions": null,
                    "comment_reaction_count": null
                }
            ]
        },
        {
            "comment_id": "10159579547138904",
            "comment_url": "https://facebook.com/10159579547138904",
            "commenter_id": "100001428319348",
            "commenter_url": "https://facebook.com/ron.pohl.14?fref=nf&rc=p&refid=52",
            "commenter_name": "Ron Pohl",
            "commenter_meta": null,
            "comment_text": "And here (I guess they weren't aware of it) the CLS isnt an elected body, they're not the government",
            "comment_time": "2022-02-25 00:00:50",
            "comment_image": null,
            "comment_reactors": [],
            "comment_reactions": null,
            "comment_reaction_count": null,
            "replies": []
        },
        {
            "comment_id": "10159580155698904",
            "comment_url": "https://facebook.com/10159580155698904",
            "commenter_id": "100008348410491",
            "commenter_url": "https://facebook.com/profile.php?id=100008348410491&fref=nf&rc=p&refid=52",
            "commenter_name": "Glen Edwards",
            "commenter_meta": null,
            "comment_text": "All depends who the judge is !! The convoy organizers where lucky enough to get a former Liberal candidate , who was appointed as a judge after she FAILED to get a seat !!\ud83e\uddd0",
            "comment_time": "2022-02-25 00:00:50",
            "comment_image": null,
            "comment_reactors": [],
            "comment_reactions": null,
            "comment_reaction_count": null,
            "replies": []
        },
        {
            "comment_id": "10159579867283904",
            "comment_url": "https://facebook.com/10159579867283904",
            "commenter_id": "1428511025",
            "commenter_url": "https://facebook.com/janet.carmichael.98?fref=nf&rc=p&refid=52",
            "commenter_name": "Jan Carmichael",
            "commenter_meta": null,
            "comment_text": "Nothing got done until the Act was invoked.",
            "comment_time": "2022-02-25 00:00:50",
            "comment_image": null,
            "comment_reactors": [],
            "comment_reactions": null,
            "comment_reaction_count": null,
            "replies": [
                {
                    "comment_id": "10159580036183904",
                    "comment_url": "https://facebook.com/10159580036183904",
                    "commenter_id": "100001514270153",
                    "commenter_url": "https://facebook.com/profile.php?id=100001514270153&fref=nf&rc=p",
                    "commenter_name": "Tom Edwards",
                    "commenter_meta": null,
                    "comment_text": "Jan Carmichael , the ambassador bridge, along with more bridges were all ready open",
                    "comment_time": "2022-02-25 00:00:58",
                    "comment_image": "https://scontent.xx.fbcdn.net/m1/v/t6/An_UvxJXg9tdnLU3Y5qjPi0200MLilhzPXUgxzGjQzUMaNcmjdZA6anyrngvkdub33NZzZhd51fpCAEzNHFhko5aKRFP5fS1w_lKwYrzcNLupv27.png?ccb=10-5&oh=00_AT-8IB4_MVzBL0DGJmuoIQF0G7Gnvn-P5033Y0aKKmSWlw&oe=62266739&_nc_sid=55e238",
                    "comment_reactors": [],
                    "comment_reactions": null,
                    "comment_reaction_count": null
                },
                {
                    "comment_id": "10159581224678904",
                    "comment_url": "https://facebook.com/10159581224678904",
                    "commenter_id": "861410633",
                    "commenter_url": "https://facebook.com/marion.hill.75436?fref=nf&rc=p",
                    "commenter_name": "Marion Hill",
                    "commenter_meta": null,
                    "comment_text": "Jan Carmichael bridge was already open and the Trucks were already gone. Friday when the riot Police came in, there were just protestors, no trucks.",
                    "comment_time": "2022-03-03 00:00:00",
                    "comment_image": "https://scontent.xx.fbcdn.net/m1/v/t6/An_UvxJXg9tdnLU3Y5qjPi0200MLilhzPXUgxzGjQzUMaNcmjdZA6anyrngvkdub33NZzZhd51fpCAEzNHFhko5aKRFP5fS1w_lKwYrzcNLupv27.png?ccb=10-5&oh=00_AT-8IB4_MVzBL0DGJmuoIQF0G7Gnvn-P5033Y0aKKmSWlw&oe=62266739&_nc_sid=55e238",
                    "comment_reactors": [],
                    "comment_reactions": null,
                    "comment_reaction_count": null
                }
            ]
        },
        {
            "comment_id": "10159579441813904",
            "comment_url": "https://facebook.com/10159579441813904",
            "commenter_id": "715811347",
            "commenter_url": "https://facebook.com/chase.gaudenzi?fref=nf&rc=p&refid=52",
            "commenter_name": "Chase Gaudenzi",
            "commenter_meta": null,
            "comment_text": "Yeah, even Trudeau basically admitted that today went he ended it. I can't believe people are still supporting him.",
            "comment_time": "2022-02-25 00:00:50",
            "comment_image": null,
            "comment_reactors": [],
            "comment_reactions": null,
            "comment_reaction_count": null,
            "replies": [
                {
                    "comment_id": "10159579904983904",
                    "comment_url": "https://facebook.com/10159579904983904",
                    "commenter_id": "100043257961739",
                    "commenter_url": "https://facebook.com/bonnie.cull.7?fref=nf&rc=p",
                    "commenter_name": "Bonnie Cull",
                    "commenter_meta": null,
                    "comment_text": "Time to put the conservative party on a terrorist watch list #LOCKTHEMUP",
                    "comment_time": "2022-02-25 00:00:59",
                    "comment_image": "https://scontent.xx.fbcdn.net/m1/v/t6/An_F9bJG7govfshSMBkvcRLcxT0jmiXVYKtr7lgH5AHgUrjjpZ1OD0xyxXYgf7arc0lWgCdrR_KN4Mg7RSN3Gm3W6Gg03N1tQ-ZXzVvFJ_KvvB4.png?ccb=10-5&oh=00_AT95623ZBW5YJ0Q2WmnW2bWTGPhSGCS23eXvXSocAisvYw&oe=622639A7&_nc_sid=55e238",
                    "comment_reactors": [],
                    "comment_reactions": null,
                    "comment_reaction_count": null
                },
                {
                    "comment_id": "10159580064478904",
                    "comment_url": "https://facebook.com/10159580064478904",
                    "commenter_id": "715811347",
                    "commenter_url": "https://facebook.com/chase.gaudenzi?fref=nf&rc=p",
                    "commenter_name": "Chase Gaudenzi",
                    "commenter_meta": null,
                    "comment_text": "Bonnie Cull again, lock them up is an American movement. We're in Canada.",
                    "comment_time": "2022-02-25 00:00:59",
                    "comment_image": "https://scontent.xx.fbcdn.net/m1/v/t6/An_UvxJXg9tdnLU3Y5qjPi0200MLilhzPXUgxzGjQzUMaNcmjdZA6anyrngvkdub33NZzZhd51fpCAEzNHFhko5aKRFP5fS1w_lKwYrzcNLupv27.png?ccb=10-5&oh=00_AT-8IB4_MVzBL0DGJmuoIQF0G7Gnvn-P5033Y0aKKmSWlw&oe=62266739&_nc_sid=55e238",
                    "comment_reactors": [],
                    "comment_reactions": null,
                    "comment_reaction_count": null
                },
                {
                    "comment_id": "10159580096653904",
                    "comment_url": "https://facebook.com/10159580096653904",
                    "commenter_id": "100007128573578",
                    "commenter_url": "https://facebook.com/peter.morel.779?fref=nf&rc=p",
                    "commenter_name": "Peter Morel",
                    "commenter_meta": null,
                    "comment_text": "The cult prevails",
                    "comment_time": "2022-02-25 00:00:59",
                    "comment_image": null,
                    "comment_reactors": [],
                    "comment_reactions": null,
                    "comment_reaction_count": null
                },
                {
                    "comment_id": "10159581725943904",
                    "comment_url": "https://facebook.com/10159581725943904",
                    "commenter_id": "100008213499648",
                    "commenter_url": "https://facebook.com/profile.php?id=100008213499648&fref=nf&rc=p",
                    "commenter_name": "Glen Zerebeski",
                    "commenter_meta": null,
                    "comment_text": "Chase Gaudenzi look at the posts supporting JT, 905 area code east. JT wanted to divide and conquer he has done that maybe time to use that as a border and have two countries.",
                    "comment_time": "2022-02-25 00:00:00",
                    "comment_image": null,
                    "comment_reactors": [],
                    "comment_reactions": null,
                    "comment_reaction_count": null
                }
            ]
        },
        {
            "comment_id": "10159579704493904",
            "comment_url": "https://facebook.com/10159579704493904",
            "commenter_id": "100001137073949",
            "commenter_url": "https://facebook.com/kate.winston.73?fref=nf&rc=p&refid=52",
            "commenter_name": "Kate Winston",
            "commenter_meta": null,
            "comment_text": "I'm just going to put this out there .. what would it have taken to put a stop to this protest? A protest that was against mandates to protect the majority from an ongoing pandemic.",
            "comment_time": "2022-02-25 00:00:50",
            "comment_image": null,
            "comment_reactors": [],
            "comment_reactions": null,
            "comment_reaction_count": null,
            "replies": [
                {
                    "comment_id": "10159580013863904",
                    "comment_url": "https://facebook.com/10159580013863904",
                    "commenter_id": "100061370771385",
                    "commenter_url": "https://facebook.com/profile.php?id=100061370771385&fref=nf&rc=p",
                    "commenter_name": "Nofrendze Cleveland",
                    "commenter_meta": null,
                    "comment_text": "Kate Winston Removing all of the oppressive mandates, restrictions, lockdowns and emergency order powers, and then pushing all provinces to do the same. Would've been easy for Trudeau to do, and highly logical. He chose inaction and then he chose extreme action, and now he has lost the general public.",
                    "comment_time": "2022-02-25 00:01:00",
                    "comment_image": "https://scontent.xx.fbcdn.net/m1/v/t6/An_UvxJXg9tdnLU3Y5qjPi0200MLilhzPXUgxzGjQzUMaNcmjdZA6anyrngvkdub33NZzZhd51fpCAEzNHFhko5aKRFP5fS1w_lKwYrzcNLupv27.png?ccb=10-5&oh=00_AT-8IB4_MVzBL0DGJmuoIQF0G7Gnvn-P5033Y0aKKmSWlw&oe=62266739&_nc_sid=55e238",
                    "comment_reactors": [],
                    "comment_reactions": null,
                    "comment_reaction_count": null
                },
                {
                    "comment_id": "10159581034093904",
                    "comment_url": "https://facebook.com/10159581034093904",
                    "commenter_id": "100014924973528",
                    "commenter_url": "https://facebook.com/zane.grey.3954?fref=nf&rc=p",
                    "commenter_name": "Zane Grey",
                    "commenter_meta": null,
                    "comment_text": "It makes no difference what a protest is about the rights to protest are meant to be be same. You are free to condemn or support any protest you want just as all others have the same right",
                    "comment_time": "2022-03-03 00:00:00",
                    "comment_image": "https://scontent.xx.fbcdn.net/m1/v/t6/An_UvxJXg9tdnLU3Y5qjPi0200MLilhzPXUgxzGjQzUMaNcmjdZA6anyrngvkdub33NZzZhd51fpCAEzNHFhko5aKRFP5fS1w_lKwYrzcNLupv27.png?ccb=10-5&oh=00_AT-8IB4_MVzBL0DGJmuoIQF0G7Gnvn-P5033Y0aKKmSWlw&oe=62266739&_nc_sid=55e238",
                    "comment_reactors": [],
                    "comment_reactions": null,
                    "comment_reaction_count": null
                },
                {
                    "comment_id": "10159581363528904",
                    "comment_url": "https://facebook.com/10159581363528904",
                    "commenter_id": "100013378722366",
                    "commenter_url": "https://facebook.com/RomeoX21?fref=nf&rc=p",
                    "commenter_name": "Ben Davidson",
                    "commenter_meta": "Top fan",
                    "comment_text": "Kate Winston if the pm would have met with them as the were constantly requesting and as the pm constantly ignored. It likely would have ended had he just spoken with them and explained why the mandates were necessary and then heard why they feel it wasn't and the came to an agreement. Similar to labor relations situations between a union (Canadian citizens) and management (government).",
                    "comment_time": "2022-03-03 00:00:00",
                    "comment_image": "https://static.xx.fbcdn.net/rsrc.php/v3/y7/r/4bRBCBmu1Q9.png",
                    "comment_reactors": [],
                    "comment_reactions": null,
                    "comment_reaction_count": null
                },
                {
                    "comment_id": "10159581395828904",
                    "comment_url": "https://facebook.com/10159581395828904",
                    "commenter_id": "100006996225158",
                    "commenter_url": "https://facebook.com/profile.php?id=100006996225158&fref=nf&rc=p",
                    "commenter_name": "Verna Vee Adolf",
                    "commenter_meta": null,
                    "comment_text": "Requesting to talk to Trudeau and to put and end to mandates, mostly regulated by provinces, was just a red herring. Many became pawns in this protest which is unfortunate.",
                    "comment_time": "2022-03-03 00:00:00",
                    "comment_image": null,
                    "comment_reactors": [],
                    "comment_reactions": null,
                    "comment_reaction_count": null
                }
            ]
        },
        {
            "comment_id": "10159579757313904",
            "comment_url": "https://facebook.com/10159579757313904",
            "commenter_id": "651931885",
            "commenter_url": "https://facebook.com/robin.morgan.1690?fref=nf&rc=p&refid=52",
            "commenter_name": "Robin Morgan",
            "commenter_meta": null,
            "comment_text": "Of course, it was wrong to do it.",
            "comment_time": "2022-02-25 00:00:50",
            "comment_image": null,
            "comment_reactors": [],
            "comment_reactions": null,
            "comment_reaction_count": null,
            "replies": []
        },
        {
            "comment_id": "10159579928488904",
            "comment_url": "https://facebook.com/10159579928488904",
            "commenter_id": "100035962486177",
            "commenter_url": "https://facebook.com/agust.klerk.1?fref=nf&rc=p&refid=52",
            "commenter_name": "Agustin Klerk",
            "commenter_meta": "media1.tenor.co",
            "comment_text": "Agustin Klerk",
            "comment_time": "2022-02-25 00:00:50",
            "comment_image": "https://media1.tenor.co/images/6495fa499f5fd6282e7b0b93408bb877/tenor.gif?ver=1112&c=VjFfZmFjZWJvb2tfd2ViY29tbWVudHM&itemid=12389001&fbclid=IwAR0NRz3BUQeB6QnN7Z_3_-dzfzpnZgRYKwH5kLkznQrP95ql1xAENmJ9a1I",
            "comment_reactors": [],
            "comment_reactions": null,
            "comment_reaction_count": null,
            "replies": []
        },
        {
            "comment_id": "10159579928468904",
            "comment_url": "https://facebook.com/10159579928468904",
            "commenter_id": "100035962486177",
            "commenter_url": "https://facebook.com/agust.klerk.1?fref=nf&rc=p&refid=52",
            "commenter_name": "Agustin Klerk",
            "commenter_meta": "media0.giphy.com",
            "comment_text": "Agustin Klerk",
            "comment_time": "2022-02-25 00:00:50",
            "comment_image": "https://media0.giphy.com/media/4PXUYM1bXS3lRXO7lX/giphy.gif?cid=120c0147c7j0mx9ud63yu5se614uju0d4iopr7hunixi42di&rid=giphy.gif&ct=g&fbclid=IwAR1zyKrqVnAIj7OoHnsOP2LF7eMvtaU1f5AgxqIx03XnPbO0pqdEJN1GUwQ",
            "comment_reactors": [],
            "comment_reactions": null,
            "comment_reaction_count": null,
            "replies": []
        },
        {
            "comment_id": "10159579928618904",
            "comment_url": "https://facebook.com/10159579928618904",
            "commenter_id": "100035962486177",
            "commenter_url": "https://facebook.com/agust.klerk.1?fref=nf&rc=p&refid=52",
            "commenter_name": "Agustin Klerk",
            "commenter_meta": "media0.giphy.com",
            "comment_text": "Agustin Klerk",
            "comment_time": "2022-02-25 00:00:50",
            "comment_image": "https://media0.giphy.com/media/1236TCtX5dsGEo/giphy.gif?cid=120c0147c7j0mx9ud63yu5se614uju0d4iopr7hunixi42di&rid=giphy.gif&ct=g&fbclid=IwAR1dCED9mLqBkGDY8e_XMdEhOnbzybbHtlF7anT3uXolzAFzsBx4AiO-Eww",
            "comment_reactors": [],
            "comment_reactions": null,
            "comment_reaction_count": null,
            "replies": []
        },
        {
            "comment_id": "10159579928433904",
            "comment_url": "https://facebook.com/10159579928433904",
            "commenter_id": "100035962486177",
            "commenter_url": "https://facebook.com/agust.klerk.1?fref=nf&rc=p&refid=52",
            "commenter_name": "Agustin Klerk",
            "commenter_meta": "media3.giphy.com",
            "comment_text": "Agustin Klerk",
            "comment_time": "2022-02-25 00:00:50",
            "comment_image": "https://media3.giphy.com/media/8PBfNDoySmsRc49P4F/giphy.gif?cid=120c0147c7j0mx9ud63yu5se614uju0d4iopr7hunixi42di&rid=giphy.gif&ct=g&fbclid=IwAR0TYF8a0bt5jwNv63KkOrwV6X-hIvhVZT05ih_GIRqZYcuNEzCp16DBx6Y",
            "comment_reactors": [],
            "comment_reactions": null,
            "comment_reaction_count": null,
            "replies": []
        },
        {
            "comment_id": "10159579574208904",
            "comment_url": "https://facebook.com/10159579574208904",
            "commenter_id": "100004600094071",
            "commenter_url": "https://facebook.com/daniel.okeefe.1420?fref=nf&rc=p&refid=52",
            "commenter_name": "Daniel O'Keefe",
            "commenter_meta": null,
            "comment_text": "Yep",
            "comment_time": "2022-02-25 00:00:50",
            "comment_image": null,
            "comment_reactors": [],
            "comment_reactions": null,
            "comment_reaction_count": null,
            "replies": []
        },
        {
            "comment_id": "10159579439773904",
            "comment_url": "https://facebook.com/10159579439773904",
            "commenter_id": "100001144987406",
            "commenter_url": "https://facebook.com/rudy.beckman.1?fref=nf&rc=p&refid=52",
            "commenter_name": "Rudy Beckman",
            "commenter_meta": null,
            "comment_text": "Too bad there isn`t some way to personally nail that idiot for this stupidity.",
            "comment_time": "2022-02-25 00:00:50",
            "comment_image": null,
            "comment_reactors": [],
            "comment_reactions": null,
            "comment_reaction_count": null,
            "replies": []
        },
        {
            "comment_id": "10159579459218904",
            "comment_url": "https://facebook.com/10159579459218904",
            "commenter_id": "724585970",
            "commenter_url": "https://facebook.com/petar.ticinovic?fref=nf&rc=p&refid=52",
            "commenter_name": "Petar Ticinovic",
            "commenter_meta": "Top fan",
            "comment_text": "Go teach snowboarding at some girl's finishing school in Switzerland or France. They're much more tolerant of certain-ahem-\"r\nelationships\" over there.\ud83e\udd23",
            "comment_time": "2022-02-25 00:00:50",
            "comment_image": null,
            "comment_reactors": [],
            "comment_reactions": null,
            "comment_reaction_count": null,
            "replies": [
                {
                    "comment_id": "10159579464393904",
                    "comment_url": "https://facebook.com/10159579464393904",
                    "commenter_id": "100012234764182",
                    "commenter_url": "https://facebook.com/ray.beam.794?fref=nf&rc=p",
                    "commenter_name": "Rob Scott",
                    "commenter_meta": null,
                    "comment_text": "Petar Ticinovic please quit making your pedo fantasies public! We don't wana know",
                    "comment_time": "2022-02-25 00:01:02",
                    "comment_image": "https://scontent.xx.fbcdn.net/m1/v/t6/An_F9bJG7govfshSMBkvcRLcxT0jmiXVYKtr7lgH5AHgUrjjpZ1OD0xyxXYgf7arc0lWgCdrR_KN4Mg7RSN3Gm3W6Gg03N1tQ-ZXzVvFJ_KvvB4.png?ccb=10-5&oh=00_AT95623ZBW5YJ0Q2WmnW2bWTGPhSGCS23eXvXSocAisvYw&oe=622639A7&_nc_sid=55e238",
                    "comment_reactors": [],
                    "comment_reactions": null,
                    "comment_reaction_count": null
                },
                {
                    "comment_id": "10159579711503904",
                    "comment_url": "https://facebook.com/10159579711503904",
                    "commenter_id": "100049653967278",
                    "commenter_url": "https://facebook.com/robbie.ramone.14?fref=nf&rc=p",
                    "commenter_name": "Robbie Ramone",
                    "commenter_meta": null,
                    "comment_text": "Rob Scott must be a Catholic....",
                    "comment_time": "2022-02-25 00:01:02",
                    "comment_image": null,
                    "comment_reactors": [],
                    "comment_reactions": null,
                    "comment_reaction_count": null
                }
            ]
        },
        {
            "comment_id": "10159581363843904",
            "comment_url": "https://facebook.com/10159581363843904",
            "commenter_id": "1248628350",
            "commenter_url": "https://facebook.com/profile.php?id=1248628350&fref=nf&rc=p&refid=52",
            "commenter_name": "Gary McCaig",
            "commenter_meta": null,
            "comment_text": "The NDP came out of this looking the worst of any party. The ignored all the things they claim to stand for because Singh feared losing his special status as Trudeau's handmaiden",
            "comment_time": "2022-03-03 00:00:00",
            "comment_image": null,
            "comment_reactors": [],
            "comment_reactions": null,
            "comment_reaction_count": null,
            "replies": []
        },
        {
            "comment_id": "10159579514258904",
            "comment_url": "https://facebook.com/10159579514258904",
            "commenter_id": "1651160512",
            "commenter_url": "https://facebook.com/rino.delvecchio.5?fref=nf&rc=p&refid=52",
            "commenter_name": "Rino del Vecchio",
            "commenter_meta": null,
            "comment_text": "Best Crime Minister Canada has ever had...",
            "comment_time": "2022-02-25 00:00:50",
            "comment_image": null,
            "comment_reactors": [],
            "comment_reactions": null,
            "comment_reaction_count": null,
            "replies": []
        },
        {
            "comment_id": "10159580455268904",
            "comment_url": "https://facebook.com/10159580455268904",
            "commenter_id": "100002417842763",
            "commenter_url": "https://facebook.com/andrew.merritt.948?fref=nf&rc=p&refid=52",
            "commenter_name": "Andrew Merritt",
            "commenter_meta": null,
            "comment_text": "Kinda hard to take these frivolous lawsuits seriously ,especially now that this pandemic turned out to be far from over. Civil liberties can not override civic responsibilitie\ns to our fellow Canadians if not the world. Pseudo science can not override evidence based science.Its really that simple.",
            "comment_time": "2022-02-25 00:00:50",
            "comment_image": null,
            "comment_reactors": [],
            "comment_reactions": null,
            "comment_reaction_count": null,
            "replies": []
        },
        {
            "comment_id": "10159581174078904",
            "comment_url": "https://facebook.com/10159581174078904",
            "commenter_id": "505611407",
            "commenter_url": "https://facebook.com/stelios.agaliotis.3?fref=nf&rc=p&refid=52",
            "commenter_name": "Stelios Agaliotis",
            "commenter_meta": null,
            "comment_text": "PEOPLE NEED TO SUE OVER VACCINE MANDATES TOO",
            "comment_time": "2022-03-03 00:00:00",
            "comment_image": null,
            "comment_reactors": [],
            "comment_reactions": null,
            "comment_reaction_count": null,
            "replies": []
        },
        {
            "comment_id": "10159579886323904",
            "comment_url": "https://facebook.com/10159579886323904",
            "commenter_id": "100061370771385",
            "commenter_url": "https://facebook.com/profile.php?id=100061370771385&fref=nf&rc=p&refid=52",
            "commenter_name": "Nofrendze Cleveland",
            "commenter_meta": null,
            "comment_text": "Too little too late. Nobodies going to forget this atrocious leadership during a crisis.",
            "comment_time": "2022-02-25 00:00:50",
            "comment_image": null,
            "comment_reactors": [],
            "comment_reactions": null,
            "comment_reaction_count": null,
            "replies": [
                {
                    "comment_id": "10159580962768904",
                    "comment_url": "https://facebook.com/10159580962768904",
                    "commenter_id": "100071424922215",
                    "commenter_url": "https://facebook.com/profile.php?id=100071424922215&fref=nf&rc=p",
                    "commenter_name": "Alex Buchanan",
                    "commenter_meta": null,
                    "comment_text": "Nofrendze Cleveland Many are appaulding it. Just because you and some others think this doesn't make it universal. Me? Not sure, I'm not on either side, but it did get the job done. Just sad that the police etc. did not act with force sooner when they certainly could have. This was an illegal occupation, not a protest, that was \"organized\" by an alt-right, white nationalist group. They stained the entire purpose of the protest. Those who attended were mostly participating in a hatefest for Trudeau.",
                    "comment_time": "2022-03-03 00:00:00",
                    "comment_image": "https://scontent.xx.fbcdn.net/m1/v/t6/An_UvxJXg9tdnLU3Y5qjPi0200MLilhzPXUgxzGjQzUMaNcmjdZA6anyrngvkdub33NZzZhd51fpCAEzNHFhko5aKRFP5fS1w_lKwYrzcNLupv27.png?ccb=10-5&oh=00_AT-8IB4_MVzBL0DGJmuoIQF0G7Gnvn-P5033Y0aKKmSWlw&oe=62266739&_nc_sid=55e238",
                    "comment_reactors": [],
                    "comment_reactions": null,
                    "comment_reaction_count": null
                }
            ]
        }
    ],
    "reactors": null,
    "w3_fb_url": null,
    "reactions": null,
    "reaction_count": null,
    "with": null,
    "page_id": "140961138903",
    "sharers": null,
    "image_id": null,
    "image_ids": [],
    "was_live": false
}