{
    "original_request_url": "10159531940003904",
    "post_url": "https://facebook.com/story.php?story_fbid=10159531940003904&id=140961138903",
    "post_id": "10159531940003904",
    "text": "Ottawa Police have warned city residents to avoid travelling in the nation\u2019s capital over the weekend and to be prepared for delays if they do\n\nTHEGLOBEANDMAIL.COM\nParliamentary security, police preparing as truckers\u2019 protest convoy nears Ottawa",
    "post_text": "Ottawa Police have warned city residents to avoid travelling in the nation\u2019s capital over the weekend and to be prepared for delays if they do",
    "shared_text": "THEGLOBEANDMAIL.COM\nParliamentary security, police preparing as truckers\u2019 protest convoy nears Ottawa",
    "original_text": null,
    "time": "2022-01-27 23:19:14",
    "timestamp": 1643325554,
    "image": "https://www.theglobeandmail.com/resizer/pBoUwQ-lKH1a9cDlLLT02dwgVJg=/1200x866/filters:quality(80)/cloudfront-us-east-1.images.arcpublishing.com/tgam/LT637L2WNJJ3NKPWPHJIZ6KLPE.JPG",
    "image_lowquality": "https://external-sea1-1.xx.fbcdn.net/safe_image.php?d=AQHHfKT__frisfxU&w=476&h=249&url=https%3A%2F%2Fwww.theglobeandmail.com%2Fresizer%2FpBoUwQ-lKH1a9cDlLLT02dwgVJg%3D%2F1200x866%2Ffilters%3Aquality%2880%29%2Fcloudfront-us-east-1.images.arcpublishing.com%2Ftgam%2FLT637L2WNJJ3NKPWPHJIZ6KLPE.JPG&cfs=1&jq=75&ext=jpg&_nc_oe=6fabb&_nc_sid=06c271&ccb=3-5&_nc_hash=AQH8afc24Jp2yBK0",
    "images": [
        "https://www.theglobeandmail.com/resizer/pBoUwQ-lKH1a9cDlLLT02dwgVJg=/1200x866/filters:quality(80)/cloudfront-us-east-1.images.arcpublishing.com/tgam/LT637L2WNJJ3NKPWPHJIZ6KLPE.JPG"
    ],
    "images_description": [],
    "images_lowquality": [
        "https://external-sea1-1.xx.fbcdn.net/safe_image.php?d=AQHHfKT__frisfxU&w=476&h=249&url=https%3A%2F%2Fwww.theglobeandmail.com%2Fresizer%2FpBoUwQ-lKH1a9cDlLLT02dwgVJg%3D%2F1200x866%2Ffilters%3Aquality%2880%29%2Fcloudfront-us-east-1.images.arcpublishing.com%2Ftgam%2FLT637L2WNJJ3NKPWPHJIZ6KLPE.JPG&cfs=1&jq=75&ext=jpg&_nc_oe=6fabb&_nc_sid=06c271&ccb=3-5&_nc_hash=AQH8afc24Jp2yBK0"
    ],
    "images_lowquality_description": [
        null
    ],
    "video": null,
    "video_duration_seconds": null,
    "video_height": null,
    "video_id": null,
    "video_quality": null,
    "video_size_MB": null,
    "video_thumbnail": null,
    "video_watches": null,
    "video_width": null,
    "likes": 101,
    "comments": 15,
    "shares": 6,
    "link": "http://www.theglobeandmail.com/canada/article-parliamentary-security-police-preparing-as-truckers-protest-convoy/?utm_campaign=sophi-pop&utm_medium=post&utm_source=facebook&fbclid=IwAR3dmHR37nfrdR1OsKHNxR1WCAHoMx3QVSrA9pwwLCNxr5ei1hR3uOv4dcQ",
    "links": [],
    "user_id": "140961138903",
    "username": "The Globe and Mail",
    "user_url": "https://facebook.com/theglobeandmail/?refid=52",
    "is_live": false,
    "factcheck": null,
    "shared_post_id": null,
    "shared_time": null,
    "shared_user_id": null,
    "shared_username": null,
    "shared_post_url": null,
    "available": true,
    "comments_full": [
        {
            "comment_id": "10159532286698904",
            "comment_url": "https://facebook.com/10159532286698904",
            "commenter_id": "574176945",
            "commenter_url": "https://facebook.com/jamiecmccurrach?fref=nf&rc=p&refid=52",
            "commenter_name": "Jamie McCurrach",
            "commenter_meta": null,
            "comment_text": "The extra costs for policing should come out of the gofundme slush fund.",
            "comment_time": "2022-02-03 00:08:12",
            "comment_image": null,
            "comment_reactors": [],
            "comment_reactions": null,
            "comment_reaction_count": null,
            "replies": [
                {
                    "comment_id": "10159532740223904",
                    "comment_url": "https://facebook.com/10159532740223904",
                    "commenter_id": "100065424798351",
                    "commenter_url": "https://facebook.com/profile.php?id=100065424798351&fref=nf&rc=p",
                    "commenter_name": "Mike Crowbear",
                    "commenter_meta": null,
                    "comment_text": "Jamie McCurrach why? Did BLM pay for cops and RC's in Ottawa when castro jr. took a knee on wellington street? Cry more or cope.",
                    "comment_time": "2022-02-03 00:08:13",
                    "comment_image": "https://scontent.xx.fbcdn.net/m1/v/t6/An_UvxJXg9tdnLU3Y5qjPi0200MLilhzPXUgxzGjQzUMaNcmjdZA6anyrngvkdub33NZzZhd51fpCAEzNHFhko5aKRFP5fS1w_lKwYrzcNLupv27.png?ccb=10-5&oh=00_AT9C82irDy7Sn8cI_UEelmRC1FY5K5jw2pfWXlZ8QaKL1g&oe=62246CF9&_nc_sid=55e238",
                    "comment_reactors": [],
                    "comment_reactions": null,
                    "comment_reaction_count": null
                },
                {
                    "comment_id": "10159532987513904",
                    "comment_url": "https://facebook.com/10159532987513904",
                    "commenter_id": "100026059009472",
                    "commenter_url": "https://facebook.com/chris.twofish.1?fref=nf&rc=p",
                    "commenter_name": "Chris Nichols",
                    "commenter_meta": null,
                    "comment_text": "Jamie McCurrach dumbest take of the year award goes to\u2026",
                    "comment_time": "2022-02-03 00:08:13",
                    "comment_image": "https://scontent.xx.fbcdn.net/m1/v/t6/An_UvxJXg9tdnLU3Y5qjPi0200MLilhzPXUgxzGjQzUMaNcmjdZA6anyrngvkdub33NZzZhd51fpCAEzNHFhko5aKRFP5fS1w_lKwYrzcNLupv27.png?ccb=10-5&oh=00_AT9C82irDy7Sn8cI_UEelmRC1FY5K5jw2pfWXlZ8QaKL1g&oe=62246CF9&_nc_sid=55e238",
                    "comment_reactors": [],
                    "comment_reactions": null,
                    "comment_reaction_count": null
                },
                {
                    "comment_id": "10159533186218904",
                    "comment_url": "https://facebook.com/10159533186218904",
                    "commenter_id": "100000070067407",
                    "commenter_url": "https://facebook.com/teds.ptak?fref=nf&rc=p",
                    "commenter_name": "Ted S Ptak",
                    "commenter_meta": null,
                    "comment_text": "Jamie McCurrach let me guess u voted for Turdumb or Singh ?",
                    "comment_time": "2022-02-03 00:08:13",
                    "comment_image": "https://scontent.xx.fbcdn.net/m1/v/t6/An_UvxJXg9tdnLU3Y5qjPi0200MLilhzPXUgxzGjQzUMaNcmjdZA6anyrngvkdub33NZzZhd51fpCAEzNHFhko5aKRFP5fS1w_lKwYrzcNLupv27.png?ccb=10-5&oh=00_AT9C82irDy7Sn8cI_UEelmRC1FY5K5jw2pfWXlZ8QaKL1g&oe=62246CF9&_nc_sid=55e238",
                    "comment_reactors": [],
                    "comment_reactions": null,
                    "comment_reaction_count": null
                },
                {
                    "comment_id": "10159533296753904",
                    "comment_url": "https://facebook.com/10159533296753904",
                    "commenter_id": "735140568",
                    "commenter_url": "https://facebook.com/emil.harba?fref=nf&rc=p",
                    "commenter_name": "Emil Harba",
                    "commenter_meta": null,
                    "comment_text": "Ted S Ptak yes he cares alot about tax money haha",
                    "comment_time": "2022-02-03 00:08:13",
                    "comment_image": null,
                    "comment_reactors": [],
                    "comment_reactions": null,
                    "comment_reaction_count": null
                }
            ]
        },
        {
            "comment_id": "10159532135103904",
            "comment_url": "https://facebook.com/10159532135103904",
            "commenter_id": "628080155",
            "commenter_url": "https://facebook.com/MelissaDLovelace?fref=nf&rc=p&refid=52",
            "commenter_name": "Melissa Lovelace",
            "commenter_meta": null,
            "comment_text": "Delays is an understatement,\ntry gridlock lol",
            "comment_time": "2022-02-03 00:08:12",
            "comment_image": null,
            "comment_reactors": [],
            "comment_reactions": null,
            "comment_reaction_count": null,
            "replies": []
        },
        {
            "comment_id": "10159532050768904",
            "comment_url": "https://facebook.com/10159532050768904",
            "commenter_id": "100000602333942",
            "commenter_url": "https://facebook.com/john.camilleri.37?fref=nf&rc=p&refid=52",
            "commenter_name": "John Camilleri",
            "commenter_meta": null,
            "comment_text": "Are they arranging the Antifa entrance and exit area too?",
            "comment_time": "2022-02-03 00:08:12",
            "comment_image": null,
            "comment_reactors": [],
            "comment_reactions": null,
            "comment_reaction_count": null,
            "replies": [
                {
                    "comment_id": "10159532058028904",
                    "comment_url": "https://facebook.com/10159532058028904",
                    "commenter_id": "100076073846620",
                    "commenter_url": "https://facebook.com/profile.php?id=100076073846620&fref=nf&rc=p",
                    "commenter_name": "Carter Breeze",
                    "commenter_meta": null,
                    "comment_text": "John Camilleri CTV did an interview with Ottawa Police and they had received a call from \"Counter Protesters\" threatening them if they shown support for the convoy. They will be there but the protestors will not engage with them.",
                    "comment_time": "2022-02-03 00:08:13",
                    "comment_image": "https://scontent.xx.fbcdn.net/m1/v/t6/An_UvxJXg9tdnLU3Y5qjPi0200MLilhzPXUgxzGjQzUMaNcmjdZA6anyrngvkdub33NZzZhd51fpCAEzNHFhko5aKRFP5fS1w_lKwYrzcNLupv27.png?ccb=10-5&oh=00_AT9C82irDy7Sn8cI_UEelmRC1FY5K5jw2pfWXlZ8QaKL1g&oe=62246CF9&_nc_sid=55e238",
                    "comment_reactors": [],
                    "comment_reactions": null,
                    "comment_reaction_count": null
                }
            ]
        },
        {
            "comment_id": "10159532029463904",
            "comment_url": "https://facebook.com/10159532029463904",
            "commenter_id": "713406436",
            "commenter_url": "https://facebook.com/fran.girling?fref=nf&rc=p&refid=52",
            "commenter_name": "Fran Girling",
            "commenter_meta": null,
            "comment_text": "And we're all paying for it.",
            "comment_time": "2022-02-03 00:08:12",
            "comment_image": null,
            "comment_reactors": [],
            "comment_reactions": null,
            "comment_reaction_count": null,
            "replies": [
                {
                    "comment_id": "10159532058488904",
                    "comment_url": "https://facebook.com/10159532058488904",
                    "commenter_id": "100076073846620",
                    "commenter_url": "https://facebook.com/profile.php?id=100076073846620&fref=nf&rc=p",
                    "commenter_name": "Carter Breeze",
                    "commenter_meta": null,
                    "comment_text": "Fran Girling Good!",
                    "comment_time": "2022-02-03 00:08:14",
                    "comment_image": "https://scontent.xx.fbcdn.net/m1/v/t6/An_UvxJXg9tdnLU3Y5qjPi0200MLilhzPXUgxzGjQzUMaNcmjdZA6anyrngvkdub33NZzZhd51fpCAEzNHFhko5aKRFP5fS1w_lKwYrzcNLupv27.png?ccb=10-5&oh=00_AT9C82irDy7Sn8cI_UEelmRC1FY5K5jw2pfWXlZ8QaKL1g&oe=62246CF9&_nc_sid=55e238",
                    "comment_reactors": [],
                    "comment_reactions": null,
                    "comment_reaction_count": null
                },
                {
                    "comment_id": "10159532080858904",
                    "comment_url": "https://facebook.com/10159532080858904",
                    "commenter_id": "100052815473559",
                    "commenter_url": "https://facebook.com/profile.php?id=100052815473559&fref=nf&rc=p",
                    "commenter_name": "C.A. Cross",
                    "commenter_meta": null,
                    "comment_text": "Fran Girling, sorry I\u2019m not. My small town is ignoring the whole thing. Have fun.",
                    "comment_time": "2022-02-03 00:08:14",
                    "comment_image": null,
                    "comment_reactors": [],
                    "comment_reactions": null,
                    "comment_reaction_count": null
                }
            ]
        },
        {
            "comment_id": "10159531962443904",
            "comment_url": "https://facebook.com/10159531962443904",
            "commenter_id": "501985025",
            "commenter_url": "https://facebook.com/nico.valerio.10?fref=nf&rc=p&refid=52",
            "commenter_name": "Nico Valerio",
            "commenter_meta": null,
            "comment_text": "And Trudeau hiding like a little girl.",
            "comment_time": "2022-02-03 00:08:12",
            "comment_image": null,
            "comment_reactors": [],
            "comment_reactions": null,
            "comment_reaction_count": null,
            "replies": [
                {
                    "comment_id": "10159532094018904",
                    "comment_url": "https://facebook.com/10159532094018904",
                    "commenter_id": "613120432",
                    "commenter_url": "https://facebook.com/shpilka?fref=nf&rc=p",
                    "commenter_name": "Anastasia Bee",
                    "commenter_meta": null,
                    "comment_text": "Nico Valerio he has the Cry-micron",
                    "comment_time": "2022-02-03 00:08:15",
                    "comment_image": "https://scontent.xx.fbcdn.net/m1/v/t6/An_UvxJXg9tdnLU3Y5qjPi0200MLilhzPXUgxzGjQzUMaNcmjdZA6anyrngvkdub33NZzZhd51fpCAEzNHFhko5aKRFP5fS1w_lKwYrzcNLupv27.png?ccb=10-5&oh=00_AT9C82irDy7Sn8cI_UEelmRC1FY5K5jw2pfWXlZ8QaKL1g&oe=62246CF9&_nc_sid=55e238",
                    "comment_reactors": [],
                    "comment_reactions": null,
                    "comment_reaction_count": null
                },
                {
                    "comment_id": "10159532095528904",
                    "comment_url": "https://facebook.com/10159532095528904",
                    "commenter_id": "501985025",
                    "commenter_url": "https://facebook.com/nico.valerio.10?fref=nf&rc=p",
                    "commenter_name": "Nico Valerio",
                    "commenter_meta": null,
                    "comment_text": "Anastasia Bee \ud83d\ude04",
                    "comment_time": "2022-02-03 00:08:15",
                    "comment_image": null,
                    "comment_reactors": [],
                    "comment_reactions": null,
                    "comment_reaction_count": null
                },
                {
                    "comment_id": "10159532342353904",
                    "comment_url": "https://facebook.com/10159532342353904",
                    "commenter_id": "100002627454926",
                    "commenter_url": "https://facebook.com/kyle.nowosad.1?fref=nf&rc=p",
                    "commenter_name": "Kyle Nowosad",
                    "commenter_meta": null,
                    "comment_text": "Nico Valerio He's been infected with COWARD-19.",
                    "comment_time": "2022-02-03 00:08:15",
                    "comment_image": "https://scontent.xx.fbcdn.net/m1/v/t6/An_UvxJXg9tdnLU3Y5qjPi0200MLilhzPXUgxzGjQzUMaNcmjdZA6anyrngvkdub33NZzZhd51fpCAEzNHFhko5aKRFP5fS1w_lKwYrzcNLupv27.png?ccb=10-5&oh=00_AT9C82irDy7Sn8cI_UEelmRC1FY5K5jw2pfWXlZ8QaKL1g&oe=62246CF9&_nc_sid=55e238",
                    "comment_reactors": [],
                    "comment_reactions": null,
                    "comment_reaction_count": null
                },
                {
                    "comment_id": "10159533264108904",
                    "comment_url": "https://facebook.com/10159533264108904",
                    "commenter_id": "604150466",
                    "commenter_url": "https://facebook.com/brian.hough.796?fref=nf&rc=p",
                    "commenter_name": "Brian Hough",
                    "commenter_meta": null,
                    "comment_text": "Nico Valerio Parliament doesn't sit at Saturdays. Why would he be there?",
                    "comment_time": "2022-02-03 00:08:15",
                    "comment_image": "https://scontent.xx.fbcdn.net/m1/v/t6/An_UvxJXg9tdnLU3Y5qjPi0200MLilhzPXUgxzGjQzUMaNcmjdZA6anyrngvkdub33NZzZhd51fpCAEzNHFhko5aKRFP5fS1w_lKwYrzcNLupv27.png?ccb=10-5&oh=00_AT9C82irDy7Sn8cI_UEelmRC1FY5K5jw2pfWXlZ8QaKL1g&oe=62246CF9&_nc_sid=55e238",
                    "comment_reactors": [],
                    "comment_reactions": null,
                    "comment_reaction_count": null
                },
                {
                    "comment_id": "10159534938468904",
                    "comment_url": "https://facebook.com/10159534938468904",
                    "commenter_id": "100012350889067",
                    "commenter_url": "https://facebook.com/profile.php?id=100012350889067&fref=nf&rc=p",
                    "commenter_name": "Lisa Kurytnik",
                    "commenter_meta": null,
                    "comment_text": "Nico Valerio would you prefer he spoke? Would that end the hissy fit? What exactly do you believe will happen?",
                    "comment_time": "2022-02-03 00:08:15",
                    "comment_image": "https://scontent.xx.fbcdn.net/m1/v/t6/An_UvxJXg9tdnLU3Y5qjPi0200MLilhzPXUgxzGjQzUMaNcmjdZA6anyrngvkdub33NZzZhd51fpCAEzNHFhko5aKRFP5fS1w_lKwYrzcNLupv27.png?ccb=10-5&oh=00_AT9C82irDy7Sn8cI_UEelmRC1FY5K5jw2pfWXlZ8QaKL1g&oe=62246CF9&_nc_sid=55e238",
                    "comment_reactors": [],
                    "comment_reactions": null,
                    "comment_reaction_count": null
                }
            ]
        },
        {
            "comment_id": "10159532068368904",
            "comment_url": "https://facebook.com/10159532068368904",
            "commenter_id": "100001942028680",
            "commenter_url": "https://facebook.com/mark.n.tavares?fref=nf&rc=p&refid=52",
            "commenter_name": "Mark Tavares",
            "commenter_meta": null,
            "comment_text": "Ottawa Residents should join in\u2026.",
            "comment_time": "2022-02-03 00:08:12",
            "comment_image": null,
            "comment_reactors": [],
            "comment_reactions": null,
            "comment_reaction_count": null,
            "replies": [
                {
                    "comment_id": "10159532079468904",
                    "comment_url": "https://facebook.com/10159532079468904",
                    "commenter_id": "100052815473559",
                    "commenter_url": "https://facebook.com/profile.php?id=100052815473559&fref=nf&rc=p",
                    "commenter_name": "C.A. Cross",
                    "commenter_meta": null,
                    "comment_text": "Mark Tavares, right. When you attempting to close down the city.\nWhat are you smoking again? Must be good stuff.",
                    "comment_time": "2022-02-03 00:08:16",
                    "comment_image": "https://scontent.xx.fbcdn.net/m1/v/t6/An_UvxJXg9tdnLU3Y5qjPi0200MLilhzPXUgxzGjQzUMaNcmjdZA6anyrngvkdub33NZzZhd51fpCAEzNHFhko5aKRFP5fS1w_lKwYrzcNLupv27.png?ccb=10-5&oh=00_AT9C82irDy7Sn8cI_UEelmRC1FY5K5jw2pfWXlZ8QaKL1g&oe=62246CF9&_nc_sid=55e238",
                    "comment_reactors": [],
                    "comment_reactions": null,
                    "comment_reaction_count": null
                },
                {
                    "comment_id": "10159532079958904",
                    "comment_url": "https://facebook.com/10159532079958904",
                    "commenter_id": "598074594",
                    "commenter_url": "https://facebook.com/citlalli.bustamante?fref=nf&rc=p",
                    "commenter_name": "Citlalli Bustamante",
                    "commenter_meta": null,
                    "comment_text": "Friends from Ottawa are joining!",
                    "comment_time": "2022-02-03 00:08:16",
                    "comment_image": "https://scontent.xx.fbcdn.net/m1/v/t6/An_UvxJXg9tdnLU3Y5qjPi0200MLilhzPXUgxzGjQzUMaNcmjdZA6anyrngvkdub33NZzZhd51fpCAEzNHFhko5aKRFP5fS1w_lKwYrzcNLupv27.png?ccb=10-5&oh=00_AT9C82irDy7Sn8cI_UEelmRC1FY5K5jw2pfWXlZ8QaKL1g&oe=62246CF9&_nc_sid=55e238",
                    "comment_reactors": [],
                    "comment_reactions": null,
                    "comment_reaction_count": null
                },
                {
                    "comment_id": "10159532113298904",
                    "comment_url": "https://facebook.com/10159532113298904",
                    "commenter_id": "100000542160212",
                    "commenter_url": "https://facebook.com/dapperndarlene.brooks?fref=nf&rc=p",
                    "commenter_name": "Darlene Brooks",
                    "commenter_meta": null,
                    "comment_text": "Mark Tavares I am hoping they do",
                    "comment_time": "2022-02-03 00:08:16",
                    "comment_image": "https://scontent.xx.fbcdn.net/m1/v/t6/An_F9bJG7govfshSMBkvcRLcxT0jmiXVYKtr7lgH5AHgUrjjpZ1OD0xyxXYgf7arc0lWgCdrR_KN4Mg7RSN3Gm3W6Gg03N1tQ-ZXzVvFJ_KvvB4.png?ccb=10-5&oh=00_AT8ScZKrgCPhmfSgYBZgvnQHv14vvPQpgzOW8DDMFGGodg&oe=62243F67&_nc_sid=55e238",
                    "comment_reactors": [],
                    "comment_reactions": null,
                    "comment_reaction_count": null
                },
                {
                    "comment_id": "10159532145428904",
                    "comment_url": "https://facebook.com/10159532145428904",
                    "commenter_id": "100001653565845",
                    "commenter_url": "https://facebook.com/dabarrett64?fref=nf&rc=p",
                    "commenter_name": "David Barrett",
                    "commenter_meta": null,
                    "comment_text": "Mark Tavares you may just find there is also counter protest .Ottawa is no wimpy city .",
                    "comment_time": "2022-02-03 00:08:16",
                    "comment_image": null,
                    "comment_reactors": [],
                    "comment_reactions": null,
                    "comment_reaction_count": null
                },
                {
                    "comment_id": "10159532162003904",
                    "comment_url": "https://facebook.com/10159532162003904",
                    "commenter_id": "100052815473559",
                    "commenter_url": "https://facebook.com/profile.php?id=100052815473559&fref=nf&rc=p",
                    "commenter_name": "C.A. Cross",
                    "commenter_meta": null,
                    "comment_text": "David Barrett, shhh don\u2019t ruin his dreams.",
                    "comment_time": "2022-02-03 00:08:16",
                    "comment_image": "https://scontent.xx.fbcdn.net/m1/v/t6/An_UvxJXg9tdnLU3Y5qjPi0200MLilhzPXUgxzGjQzUMaNcmjdZA6anyrngvkdub33NZzZhd51fpCAEzNHFhko5aKRFP5fS1w_lKwYrzcNLupv27.png?ccb=10-5&oh=00_AT9C82irDy7Sn8cI_UEelmRC1FY5K5jw2pfWXlZ8QaKL1g&oe=62246CF9&_nc_sid=55e238",
                    "comment_reactors": [],
                    "comment_reactions": null,
                    "comment_reaction_count": null
                },
                {
                    "comment_id": "10159532185463904",
                    "comment_url": "https://facebook.com/10159532185463904",
                    "commenter_id": "100001653565845",
                    "commenter_url": "https://facebook.com/dabarrett64?fref=nf&rc=p",
                    "commenter_name": "David Barrett",
                    "commenter_meta": null,
                    "comment_text": "C.A. Cross yes as an Ottawa native bystanding in the \"riot\" on parliament hill in 1993 with the heritage front neo Nazis I known how fast Ottawa citizens can reacted to hate .",
                    "comment_time": "2022-02-03 00:08:16",
                    "comment_image": "https://scontent.xx.fbcdn.net/m1/v/t6/An-0mG6nK_Uk-eBw_Z5hXaQPl2Il-GAtgNisMF_CPi6qvu85Lx2-5PalMJvS7fIbuodHct0V3tJrvSxzau9mOcNxqVhoiy8lxxQ9edz-6r6_o9YroQ.png?ccb=10-5&oh=00_AT8DpL6XSGnu65BlEd0wzMCl-j1aj9LQDKehRcc83MPQgg&oe=62252044&_nc_sid=55e238",
                    "comment_reactors": [],
                    "comment_reactions": null,
                    "comment_reaction_count": null
                },
                {
                    "comment_id": "10159532229083904",
                    "comment_url": "https://facebook.com/10159532229083904",
                    "commenter_id": "100012234764182",
                    "commenter_url": "https://facebook.com/ray.beam.794?fref=nf&rc=p",
                    "commenter_name": "Rob Scott",
                    "commenter_meta": null,
                    "comment_text": "Mark Tavares we don't associate with losers with no clue",
                    "comment_time": "2022-02-03 00:08:16",
                    "comment_image": null,
                    "comment_reactors": [],
                    "comment_reactions": null,
                    "comment_reaction_count": null
                },
                {
                    "comment_id": "10159532425123904",
                    "comment_url": "https://facebook.com/10159532425123904",
                    "commenter_id": "100003584179943",
                    "commenter_url": "https://facebook.com/scott.verge.1?fref=nf&rc=p",
                    "commenter_name": "Scott Verge",
                    "commenter_meta": null,
                    "comment_text": "Mark Tavares why would anyone willingly leave their home to sit in a traffic jam?",
                    "comment_time": "2022-02-03 00:08:16",
                    "comment_image": "https://scontent.xx.fbcdn.net/m1/v/t6/An_UvxJXg9tdnLU3Y5qjPi0200MLilhzPXUgxzGjQzUMaNcmjdZA6anyrngvkdub33NZzZhd51fpCAEzNHFhko5aKRFP5fS1w_lKwYrzcNLupv27.png?ccb=10-5&oh=00_AT9C82irDy7Sn8cI_UEelmRC1FY5K5jw2pfWXlZ8QaKL1g&oe=62246CF9&_nc_sid=55e238",
                    "comment_reactors": [],
                    "comment_reactions": null,
                    "comment_reaction_count": null
                },
                {
                    "comment_id": "10159532605023904",
                    "comment_url": "https://facebook.com/10159532605023904",
                    "commenter_id": "100052815473559",
                    "commenter_url": "https://facebook.com/profile.php?id=100052815473559&fref=nf&rc=p",
                    "commenter_name": "C.A. Cross",
                    "commenter_meta": null,
                    "comment_text": "Rob Scott, instead of calling us names why don\u2019t you tell why you are doing this . There are so many variations going around I can\u2019t tell which a fact and which aren\u2019t. The more I get insulted the more I won\u2019t support you. Why would I support a group who insults and belittles me?",
                    "comment_time": "2022-02-03 00:08:16",
                    "comment_image": null,
                    "comment_reactors": [],
                    "comment_reactions": null,
                    "comment_reaction_count": null
                },
                {
                    "comment_id": "10159533053868904",
                    "comment_url": "https://facebook.com/10159533053868904",
                    "commenter_id": "100001942028680",
                    "commenter_url": "https://facebook.com/mark.n.tavares?fref=nf&rc=p",
                    "commenter_name": "Mark Tavares",
                    "commenter_meta": null,
                    "comment_text": "Rob Scott oh no\u2026I think I was insulted by some random person on the internet\u2026my heart hurts\u2026",
                    "comment_time": "2022-02-03 00:08:16",
                    "comment_image": null,
                    "comment_reactors": [],
                    "comment_reactions": null,
                    "comment_reaction_count": null
                },
                {
                    "comment_id": "10159533054893904",
                    "comment_url": "https://facebook.com/10159533054893904",
                    "commenter_id": "100001942028680",
                    "commenter_url": "https://facebook.com/mark.n.tavares?fref=nf&rc=p",
                    "commenter_name": "Mark Tavares",
                    "commenter_meta": null,
                    "comment_text": "Scott Verge you do realize people are gathering at Parliament right? So why would Ottawa citizens sit in traffic\u2026.",
                    "comment_time": "2022-02-03 00:08:16",
                    "comment_image": "https://scontent.xx.fbcdn.net/m1/v/t6/An_UvxJXg9tdnLU3Y5qjPi0200MLilhzPXUgxzGjQzUMaNcmjdZA6anyrngvkdub33NZzZhd51fpCAEzNHFhko5aKRFP5fS1w_lKwYrzcNLupv27.png?ccb=10-5&oh=00_AT9C82irDy7Sn8cI_UEelmRC1FY5K5jw2pfWXlZ8QaKL1g&oe=62246CF9&_nc_sid=55e238",
                    "comment_reactors": [],
                    "comment_reactions": null,
                    "comment_reaction_count": null
                },
                {
                    "comment_id": "10159534935503904",
                    "comment_url": "https://facebook.com/10159534935503904",
                    "commenter_id": "100012350889067",
                    "commenter_url": "https://facebook.com/profile.php?id=100012350889067&fref=nf&rc=p",
                    "commenter_name": "Lisa Kurytnik",
                    "commenter_meta": null,
                    "comment_text": "Mark Tavares if they don't agree why should they?",
                    "comment_time": "2022-02-03 00:08:16",
                    "comment_image": null,
                    "comment_reactors": [],
                    "comment_reactions": null,
                    "comment_reaction_count": null
                },
                {
                    "comment_id": "10159534943663904",
                    "comment_url": "https://facebook.com/10159534943663904",
                    "commenter_id": "100001942028680",
                    "commenter_url": "https://facebook.com/mark.n.tavares?fref=nf&rc=p",
                    "commenter_name": "Mark Tavares",
                    "commenter_meta": null,
                    "comment_text": "Lisa Kurytnik some do some don\u2019t\u2026",
                    "comment_time": "2022-02-03 00:08:16",
                    "comment_image": null,
                    "comment_reactors": [],
                    "comment_reactions": null,
                    "comment_reaction_count": null
                }
            ]
        },
        {
            "comment_id": "10159532008263904",
            "comment_url": "https://facebook.com/10159532008263904",
            "commenter_id": "100001267127669",
            "commenter_url": "https://facebook.com/jan.behrend.37?fref=nf&rc=p&refid=52",
            "commenter_name": "Jan Behrend",
            "commenter_meta": null,
            "comment_text": "Soviet-Russian T-34 Tanks have already destroyed Fascist mad run! ;)",
            "comment_time": "2022-02-03 00:08:12",
            "comment_image": null,
            "comment_reactors": [],
            "comment_reactions": null,
            "comment_reaction_count": null,
            "replies": []
        },
        {
            "comment_id": "10159532078423904",
            "comment_url": "https://facebook.com/10159532078423904",
            "commenter_id": "100052815473559",
            "commenter_url": "https://facebook.com/profile.php?id=100052815473559&fref=nf&rc=p&refid=52",
            "commenter_name": "C.A. Cross",
            "commenter_meta": null,
            "comment_text": "Be truthful, they aren\u2019t full time truckers, just part timers and wannabes.\nOnce I heard the National Association won\u2019t back them, they lost any understanding I had.",
            "comment_time": "2022-02-03 00:08:12",
            "comment_image": null,
            "comment_reactors": [],
            "comment_reactions": null,
            "comment_reaction_count": null,
            "replies": [
                {
                    "comment_id": "10159532093493904",
                    "comment_url": "https://facebook.com/10159532093493904",
                    "commenter_id": "613120432",
                    "commenter_url": "https://facebook.com/shpilka?fref=nf&rc=p",
                    "commenter_name": "Anastasia Bee",
                    "commenter_meta": null,
                    "comment_text": "C.A. Cross Karen Klan",
                    "comment_time": "2022-02-03 00:08:17",
                    "comment_image": "https://scontent.xx.fbcdn.net/m1/v/t6/An_F9bJG7govfshSMBkvcRLcxT0jmiXVYKtr7lgH5AHgUrjjpZ1OD0xyxXYgf7arc0lWgCdrR_KN4Mg7RSN3Gm3W6Gg03N1tQ-ZXzVvFJ_KvvB4.png?ccb=10-5&oh=00_AT8ScZKrgCPhmfSgYBZgvnQHv14vvPQpgzOW8DDMFGGodg&oe=62243F67&_nc_sid=55e238",
                    "comment_reactors": [],
                    "comment_reactions": null,
                    "comment_reaction_count": null
                },
                {
                    "comment_id": "10159532096763904",
                    "comment_url": "https://facebook.com/10159532096763904",
                    "commenter_id": "1005803546",
                    "commenter_url": "https://facebook.com/bernie.harding.1?fref=nf&rc=p",
                    "commenter_name": "Bernie Harding",
                    "commenter_meta": null,
                    "comment_text": "From a little leftist troll. ..\ud83d\ude05",
                    "comment_time": "2022-02-03 00:08:17",
                    "comment_image": "https://scontent.xx.fbcdn.net/m1/v/t6/An_UvxJXg9tdnLU3Y5qjPi0200MLilhzPXUgxzGjQzUMaNcmjdZA6anyrngvkdub33NZzZhd51fpCAEzNHFhko5aKRFP5fS1w_lKwYrzcNLupv27.png?ccb=10-5&oh=00_AT9C82irDy7Sn8cI_UEelmRC1FY5K5jw2pfWXlZ8QaKL1g&oe=62246CF9&_nc_sid=55e238",
                    "comment_reactors": [],
                    "comment_reactions": null,
                    "comment_reaction_count": null
                },
                {
                    "comment_id": "10159532097163904",
                    "comment_url": "https://facebook.com/10159532097163904",
                    "commenter_id": "100052815473559",
                    "commenter_url": "https://facebook.com/profile.php?id=100052815473559&fref=nf&rc=p",
                    "commenter_name": "C.A. Cross",
                    "commenter_meta": null,
                    "comment_text": "Anastasia Bee, is that your real name, Karen Klan is it? Then why don\u2019t you use it? Too\nashamed to name yourself.\nYour opinion matters zilch to me. Try harder, sweetie.",
                    "comment_time": "2022-02-03 00:08:17",
                    "comment_image": "https://scontent.xx.fbcdn.net/m1/v/t6/An_F9bJG7govfshSMBkvcRLcxT0jmiXVYKtr7lgH5AHgUrjjpZ1OD0xyxXYgf7arc0lWgCdrR_KN4Mg7RSN3Gm3W6Gg03N1tQ-ZXzVvFJ_KvvB4.png?ccb=10-5&oh=00_AT8ScZKrgCPhmfSgYBZgvnQHv14vvPQpgzOW8DDMFGGodg&oe=62243F67&_nc_sid=55e238",
                    "comment_reactors": [],
                    "comment_reactions": null,
                    "comment_reaction_count": null
                },
                {
                    "comment_id": "10159532098603904",
                    "comment_url": "https://facebook.com/10159532098603904",
                    "commenter_id": "100052815473559",
                    "commenter_url": "https://facebook.com/profile.php?id=100052815473559&fref=nf&rc=p",
                    "commenter_name": "C.A. Cross",
                    "commenter_meta": null,
                    "comment_text": "Cathy Harris, they will need it to go home. I hear the GoFundMe attempt went belly up.",
                    "comment_time": "2022-02-03 00:08:17",
                    "comment_image": "https://scontent.xx.fbcdn.net/m1/v/t6/An_UvxJXg9tdnLU3Y5qjPi0200MLilhzPXUgxzGjQzUMaNcmjdZA6anyrngvkdub33NZzZhd51fpCAEzNHFhko5aKRFP5fS1w_lKwYrzcNLupv27.png?ccb=10-5&oh=00_AT9C82irDy7Sn8cI_UEelmRC1FY5K5jw2pfWXlZ8QaKL1g&oe=62246CF9&_nc_sid=55e238",
                    "comment_reactors": [],
                    "comment_reactions": null,
                    "comment_reaction_count": null
                },
                {
                    "comment_id": "10159532099413904",
                    "comment_url": "https://facebook.com/10159532099413904",
                    "commenter_id": "699896450",
                    "commenter_url": "https://facebook.com/cathy.harris.39566?fref=nf&rc=p",
                    "commenter_name": "Cathy Harris",
                    "commenter_meta": null,
                    "comment_text": "C.A. Cross turn up your hearing aids...it has not and is growing larger by the hour",
                    "comment_time": "2022-02-03 00:08:17",
                    "comment_image": null,
                    "comment_reactors": [],
                    "comment_reactions": null,
                    "comment_reaction_count": null
                },
                {
                    "comment_id": "10159532100603904",
                    "comment_url": "https://facebook.com/10159532100603904",
                    "commenter_id": "100052815473559",
                    "commenter_url": "https://facebook.com/profile.php?id=100052815473559&fref=nf&rc=p",
                    "commenter_name": "C.A. Cross",
                    "commenter_meta": null,
                    "comment_text": "Bernie Harding, do you enjoy labelling people you have never met? Makes you feel good and superior inside.\nHey whatever works for, bless your heart.",
                    "comment_time": "2022-02-03 00:08:17",
                    "comment_image": "https://scontent.xx.fbcdn.net/m1/v/t6/An_F9bJG7govfshSMBkvcRLcxT0jmiXVYKtr7lgH5AHgUrjjpZ1OD0xyxXYgf7arc0lWgCdrR_KN4Mg7RSN3Gm3W6Gg03N1tQ-ZXzVvFJ_KvvB4.png?ccb=10-5&oh=00_AT8ScZKrgCPhmfSgYBZgvnQHv14vvPQpgzOW8DDMFGGodg&oe=62243F67&_nc_sid=55e238",
                    "comment_reactors": [],
                    "comment_reactions": null,
                    "comment_reaction_count": null
                },
                {
                    "comment_id": "10159532101863904",
                    "comment_url": "https://facebook.com/10159532101863904",
                    "commenter_id": "1005803546",
                    "commenter_url": "https://facebook.com/bernie.harding.1?fref=nf&rc=p",
                    "commenter_name": "Bernie Harding",
                    "commenter_meta": null,
                    "comment_text": "C.A. Cross one look at your page shows what you are. .little leftist troll. ..\ud83d\ude05\ud83d\ude05",
                    "comment_time": "2022-02-03 00:08:17",
                    "comment_image": "https://scontent.xx.fbcdn.net/m1/v/t6/An_UvxJXg9tdnLU3Y5qjPi0200MLilhzPXUgxzGjQzUMaNcmjdZA6anyrngvkdub33NZzZhd51fpCAEzNHFhko5aKRFP5fS1w_lKwYrzcNLupv27.png?ccb=10-5&oh=00_AT9C82irDy7Sn8cI_UEelmRC1FY5K5jw2pfWXlZ8QaKL1g&oe=62246CF9&_nc_sid=55e238",
                    "comment_reactors": [],
                    "comment_reactions": null,
                    "comment_reaction_count": null
                },
                {
                    "comment_id": "10159532103293904",
                    "comment_url": "https://facebook.com/10159532103293904",
                    "commenter_id": "100052815473559",
                    "commenter_url": "https://facebook.com/profile.php?id=100052815473559&fref=nf&rc=p",
                    "commenter_name": "C.A. Cross",
                    "commenter_meta": null,
                    "comment_text": "Cathy Harris, really? Hmm then every new source I read (across county- out west, east, central must be ignorant.\nMane if I listened to\na Maverick station or FOXNews, I\u2019d get the truth. Will that work you think?\nHeaven forbid Calgary Herald would lie to me.",
                    "comment_time": "2022-02-03 00:08:17",
                    "comment_image": null,
                    "comment_reactors": [],
                    "comment_reactions": null,
                    "comment_reaction_count": null
                },
                {
                    "comment_id": "10159532105578904",
                    "comment_url": "https://facebook.com/10159532105578904",
                    "commenter_id": "100052815473559",
                    "commenter_url": "https://facebook.com/profile.php?id=100052815473559&fref=nf&rc=p",
                    "commenter_name": "C.A. Cross",
                    "commenter_meta": null,
                    "comment_text": "Bernie Hardingis that way I am? Because I\u2019m fully vaccinated.\nOk so you are saying essentially every person who is fully vaccinated is a lefty?\nInteresting. Please continue, you have my full attention now.",
                    "comment_time": "2022-02-03 00:08:17",
                    "comment_image": "https://scontent.xx.fbcdn.net/m1/v/t6/An_F9bJG7govfshSMBkvcRLcxT0jmiXVYKtr7lgH5AHgUrjjpZ1OD0xyxXYgf7arc0lWgCdrR_KN4Mg7RSN3Gm3W6Gg03N1tQ-ZXzVvFJ_KvvB4.png?ccb=10-5&oh=00_AT8ScZKrgCPhmfSgYBZgvnQHv14vvPQpgzOW8DDMFGGodg&oe=62243F67&_nc_sid=55e238",
                    "comment_reactors": [],
                    "comment_reactions": null,
                    "comment_reaction_count": null
                },
                {
                    "comment_id": "10159532114808904",
                    "comment_url": "https://facebook.com/10159532114808904",
                    "commenter_id": "100000542160212",
                    "commenter_url": "https://facebook.com/dapperndarlene.brooks?fref=nf&rc=p",
                    "commenter_name": "Darlene Brooks",
                    "commenter_meta": null,
                    "comment_text": "C.A. Cross \ud83d\udc48 works for government as a troll",
                    "comment_time": "2022-02-03 00:08:17",
                    "comment_image": "https://scontent.xx.fbcdn.net/m1/v/t6/An_UvxJXg9tdnLU3Y5qjPi0200MLilhzPXUgxzGjQzUMaNcmjdZA6anyrngvkdub33NZzZhd51fpCAEzNHFhko5aKRFP5fS1w_lKwYrzcNLupv27.png?ccb=10-5&oh=00_AT9C82irDy7Sn8cI_UEelmRC1FY5K5jw2pfWXlZ8QaKL1g&oe=62246CF9&_nc_sid=55e238",
                    "comment_reactors": [],
                    "comment_reactions": null,
                    "comment_reaction_count": null
                },
                {
                    "comment_id": "10159532116848904",
                    "comment_url": "https://facebook.com/10159532116848904",
                    "commenter_id": "100052815473559",
                    "commenter_url": "https://facebook.com/profile.php?id=100052815473559&fref=nf&rc=p",
                    "commenter_name": "C.A. Cross",
                    "commenter_meta": null,
                    "comment_text": "Oh come on Bernie Harding, tell me your thoughts. I\u2019m listening, you are so quick to judge someone you have never met, don\u2019t stop there.",
                    "comment_time": "2022-02-03 00:08:17",
                    "comment_image": "https://scontent.xx.fbcdn.net/m1/v/t6/An_F9bJG7govfshSMBkvcRLcxT0jmiXVYKtr7lgH5AHgUrjjpZ1OD0xyxXYgf7arc0lWgCdrR_KN4Mg7RSN3Gm3W6Gg03N1tQ-ZXzVvFJ_KvvB4.png?ccb=10-5&oh=00_AT8ScZKrgCPhmfSgYBZgvnQHv14vvPQpgzOW8DDMFGGodg&oe=62243F67&_nc_sid=55e238",
                    "comment_reactors": [],
                    "comment_reactions": null,
                    "comment_reaction_count": null
                },
                {
                    "comment_id": "10159532118208904",
                    "comment_url": "https://facebook.com/10159532118208904",
                    "commenter_id": "100052815473559",
                    "commenter_url": "https://facebook.com/profile.php?id=100052815473559&fref=nf&rc=p",
                    "commenter_name": "C.A. Cross",
                    "commenter_meta": null,
                    "comment_text": "Darlene Brooks, ohhhh another judger who has never met me.\nPlease elaborate. I\u2019m so interested. Don\u2019t stop there, continue on please.",
                    "comment_time": "2022-02-03 00:08:17",
                    "comment_image": "https://scontent.xx.fbcdn.net/m1/v/t6/An_F9bJG7govfshSMBkvcRLcxT0jmiXVYKtr7lgH5AHgUrjjpZ1OD0xyxXYgf7arc0lWgCdrR_KN4Mg7RSN3Gm3W6Gg03N1tQ-ZXzVvFJ_KvvB4.png?ccb=10-5&oh=00_AT8ScZKrgCPhmfSgYBZgvnQHv14vvPQpgzOW8DDMFGGodg&oe=62243F67&_nc_sid=55e238",
                    "comment_reactors": [],
                    "comment_reactions": null,
                    "comment_reaction_count": null
                },
                {
                    "comment_id": "10159532120373904",
                    "comment_url": "https://facebook.com/10159532120373904",
                    "commenter_id": "1005803546",
                    "commenter_url": "https://facebook.com/bernie.harding.1?fref=nf&rc=p",
                    "commenter_name": "Bernie Harding",
                    "commenter_meta": null,
                    "comment_text": "C.A. Cross , your posts say it all. .and I'm not wasting my time on a foolish troll. ..",
                    "comment_time": "2022-02-03 00:08:17",
                    "comment_image": "https://scontent.xx.fbcdn.net/m1/v/t6/An_UvxJXg9tdnLU3Y5qjPi0200MLilhzPXUgxzGjQzUMaNcmjdZA6anyrngvkdub33NZzZhd51fpCAEzNHFhko5aKRFP5fS1w_lKwYrzcNLupv27.png?ccb=10-5&oh=00_AT9C82irDy7Sn8cI_UEelmRC1FY5K5jw2pfWXlZ8QaKL1g&oe=62246CF9&_nc_sid=55e238",
                    "comment_reactors": [],
                    "comment_reactions": null,
                    "comment_reaction_count": null
                },
                {
                    "comment_id": "10159532122178904",
                    "comment_url": "https://facebook.com/10159532122178904",
                    "commenter_id": "100052815473559",
                    "commenter_url": "https://facebook.com/profile.php?id=100052815473559&fref=nf&rc=p",
                    "commenter_name": "C.A. Cross",
                    "commenter_meta": null,
                    "comment_text": "Bernie Harding, won\u2019t bite eh?\nWell that\u2019s too bad because it would have made my day. See I\u2019m awfully bored sitting in my house here in cold Ontario under Covid restrictions put upon us by an inept Tory govt.\nBut alas I\u2019m some other fool will take my bait. They are a dime a dozen you know.\nThank you for the laugher and smiles.",
                    "comment_time": "2022-02-03 00:08:17",
                    "comment_image": "https://scontent.xx.fbcdn.net/m1/v/t6/An_F9bJG7govfshSMBkvcRLcxT0jmiXVYKtr7lgH5AHgUrjjpZ1OD0xyxXYgf7arc0lWgCdrR_KN4Mg7RSN3Gm3W6Gg03N1tQ-ZXzVvFJ_KvvB4.png?ccb=10-5&oh=00_AT8ScZKrgCPhmfSgYBZgvnQHv14vvPQpgzOW8DDMFGGodg&oe=62243F67&_nc_sid=55e238",
                    "comment_reactors": [],
                    "comment_reactions": null,
                    "comment_reaction_count": null
                },
                {
                    "comment_id": "10159532123503904",
                    "comment_url": "https://facebook.com/10159532123503904",
                    "commenter_id": "100052815473559",
                    "commenter_url": "https://facebook.com/profile.php?id=100052815473559&fref=nf&rc=p",
                    "commenter_name": "C.A. Cross",
                    "commenter_meta": null,
                    "comment_text": "Bernie Harding, I\u2019m a troll? Have we ever met? Do I frighten you? Make you uncomfortable so you feel you must put me below you feet? Are you really that insecure. Gee I\u2019m sorry for you. You have my sympathy.",
                    "comment_time": "2022-02-03 00:08:17",
                    "comment_image": "https://scontent.xx.fbcdn.net/m1/v/t6/An_F9bJG7govfshSMBkvcRLcxT0jmiXVYKtr7lgH5AHgUrjjpZ1OD0xyxXYgf7arc0lWgCdrR_KN4Mg7RSN3Gm3W6Gg03N1tQ-ZXzVvFJ_KvvB4.png?ccb=10-5&oh=00_AT8ScZKrgCPhmfSgYBZgvnQHv14vvPQpgzOW8DDMFGGodg&oe=62243F67&_nc_sid=55e238",
                    "comment_reactors": [],
                    "comment_reactions": null,
                    "comment_reaction_count": null
                },
                {
                    "comment_id": "10159532125393904",
                    "comment_url": "https://facebook.com/10159532125393904",
                    "commenter_id": "100052815473559",
                    "commenter_url": "https://facebook.com/profile.php?id=100052815473559&fref=nf&rc=p",
                    "commenter_name": "C.A. Cross",
                    "commenter_meta": null,
                    "comment_text": "Darlene Brooks, why are everyone is who so judgemental so afraid to continue on.\nSo pathetic. Tsk..",
                    "comment_time": "2022-02-03 00:08:17",
                    "comment_image": "https://scontent.xx.fbcdn.net/m1/v/t6/An_F9bJG7govfshSMBkvcRLcxT0jmiXVYKtr7lgH5AHgUrjjpZ1OD0xyxXYgf7arc0lWgCdrR_KN4Mg7RSN3Gm3W6Gg03N1tQ-ZXzVvFJ_KvvB4.png?ccb=10-5&oh=00_AT8ScZKrgCPhmfSgYBZgvnQHv14vvPQpgzOW8DDMFGGodg&oe=62243F67&_nc_sid=55e238",
                    "comment_reactors": [],
                    "comment_reactions": null,
                    "comment_reaction_count": null
                },
                {
                    "comment_id": "10159532125408904",
                    "comment_url": "https://facebook.com/10159532125408904",
                    "commenter_id": "1406274164",
                    "commenter_url": "https://facebook.com/randy.gaunt?fref=nf&rc=p",
                    "commenter_name": "Randy Gaunt",
                    "commenter_meta": null,
                    "comment_text": "C.A. Cross 6.4 million and growing. Go Fund ME just released the first million. Nice try",
                    "comment_time": "2022-02-03 00:08:17",
                    "comment_image": "https://scontent.xx.fbcdn.net/m1/v/t6/An_UvxJXg9tdnLU3Y5qjPi0200MLilhzPXUgxzGjQzUMaNcmjdZA6anyrngvkdub33NZzZhd51fpCAEzNHFhko5aKRFP5fS1w_lKwYrzcNLupv27.png?ccb=10-5&oh=00_AT9C82irDy7Sn8cI_UEelmRC1FY5K5jw2pfWXlZ8QaKL1g&oe=62246CF9&_nc_sid=55e238",
                    "comment_reactors": [],
                    "comment_reactions": null,
                    "comment_reaction_count": null
                },
                {
                    "comment_id": "10159532126123904",
                    "comment_url": "https://facebook.com/10159532126123904",
                    "commenter_id": "1406274164",
                    "commenter_url": "https://facebook.com/randy.gaunt?fref=nf&rc=p",
                    "commenter_name": "Randy Gaunt",
                    "commenter_meta": null,
                    "comment_text": "https://\nwww.ctvnews.ca/\ncanada/\ngofundme-releasi\nng-1-million-of\n-fundraising-mo\nney-to-trucker-\nconvoy-1.575750\n2?cid=sm%3Atrue\nanthem%3Actvnew\ns%3Apost&utm_ca\nmpaign=trueAnth\nem%3A+New+Conte\nnt+%28Feed%29&u\ntm_medium=trueA\nnthem&utm_sourc\ne=facebook&fbcl\nid=IwAR2vjieKKB\nRi-Ttj9-VQm-YQb\nmCdhlxaK_pwd4c6\nnXYGRIqH9ErKyJH\n5DsQ",
                    "comment_time": "2022-02-03 00:08:17",
                    "comment_image": "https://www.ctvnews.ca/canada/gofundme-releasing-1-million-of-fundraising-money-to-trucker-convoy-1.5757502?cid=sm%3Atrueanthem%3Actvnews%3Apost&utm_campaign=trueAnthem%3A+New+Content+%28Feed%29&utm_medium=trueAnthem&utm_source=facebook&fbclid=IwAR3VM4_kJHkHPBzWyiop-PgFOoaKmYIaENX0P7k4tz_NariVzlDv7cIIZbY",
                    "comment_reactors": [],
                    "comment_reactions": null,
                    "comment_reaction_count": null
                },
                {
                    "comment_id": "10159532126473904",
                    "comment_url": "https://facebook.com/10159532126473904",
                    "commenter_id": "100052815473559",
                    "commenter_url": "https://facebook.com/profile.php?id=100052815473559&fref=nf&rc=p",
                    "commenter_name": "C.A. Cross",
                    "commenter_meta": null,
                    "comment_text": "Randy Gaunt, the one who has been shut down or have tried under a new name. Please enlighten me.",
                    "comment_time": "2022-02-03 00:08:17",
                    "comment_image": "https://scontent.xx.fbcdn.net/m1/v/t6/An_UvxJXg9tdnLU3Y5qjPi0200MLilhzPXUgxzGjQzUMaNcmjdZA6anyrngvkdub33NZzZhd51fpCAEzNHFhko5aKRFP5fS1w_lKwYrzcNLupv27.png?ccb=10-5&oh=00_AT9C82irDy7Sn8cI_UEelmRC1FY5K5jw2pfWXlZ8QaKL1g&oe=62246CF9&_nc_sid=55e238",
                    "comment_reactors": [],
                    "comment_reactions": null,
                    "comment_reaction_count": null
                },
                {
                    "comment_id": "10159532129793904",
                    "comment_url": "https://facebook.com/10159532129793904",
                    "commenter_id": "1406274164",
                    "commenter_url": "https://facebook.com/randy.gaunt?fref=nf&rc=p",
                    "commenter_name": "Randy Gaunt",
                    "commenter_meta": null,
                    "comment_text": "C.A. Cross read above.. https://\nwww.ctvnews.ca/\ncanada/\ngofundme-releasi\nng-1-million-of\n-fundraising-mo\nney-to-trucker-\nconvoy-1.575750\n2?cid=sm%3Atrue\nanthem%3Actvnew\ns%3Apost&utm_ca\nmpaign=trueAnth\nem%3A+New+Conte\nnt+%28Feed%29&u\ntm_medium=trueA\nnthem&utm_sourc\ne=facebook&fbcl\nid=IwAR2vjieKKB\nRi-Ttj9-VQm-YQb\nmCdhlxaK_pwd4c6\nnXYGRIqH9ErKyJH\n5DsQ",
                    "comment_time": "2022-02-03 00:08:17",
                    "comment_image": "https://www.ctvnews.ca/canada/gofundme-releasing-1-million-of-fundraising-money-to-trucker-convoy-1.5757502?cid=sm%3Atrueanthem%3Actvnews%3Apost&utm_campaign=trueAnthem%3A+New+Content+%28Feed%29&utm_medium=trueAnthem&utm_source=facebook&fbclid=IwAR1xV8SOZtyyMouYxiBk1Ymb4IDYtIMdoIgquTFDaA37ggJZN0g08p0fuFQ",
                    "comment_reactors": [],
                    "comment_reactions": null,
                    "comment_reaction_count": null
                },
                {
                    "comment_id": "10159532131123904",
                    "comment_url": "https://facebook.com/10159532131123904",
                    "commenter_id": "100052815473559",
                    "commenter_url": "https://facebook.com/profile.php?id=100052815473559&fref=nf&rc=p",
                    "commenter_name": "C.A. Cross",
                    "commenter_meta": null,
                    "comment_text": "Randy Gaunt, did you tell the Herald this? They might want to update their facts.",
                    "comment_time": "2022-02-03 00:08:17",
                    "comment_image": null,
                    "comment_reactors": [],
                    "comment_reactions": null,
                    "comment_reaction_count": null
                },
                {
                    "comment_id": "10159532133733904",
                    "comment_url": "https://facebook.com/10159532133733904",
                    "commenter_id": "100005088480729",
                    "commenter_url": "https://facebook.com/mike.joseph.507679?fref=nf&rc=p",
                    "commenter_name": "Mike Joseph",
                    "commenter_meta": null,
                    "comment_text": "Darlene Brooks of course the troll does.",
                    "comment_time": "2022-02-03 00:08:17",
                    "comment_image": null,
                    "comment_reactors": [],
                    "comment_reactions": null,
                    "comment_reaction_count": null
                },
                {
                    "comment_id": "10159532146433904",
                    "comment_url": "https://facebook.com/10159532146433904",
                    "commenter_id": "100002247797224",
                    "commenter_url": "https://facebook.com/irena.lebioda.7?fref=nf&rc=p",
                    "commenter_name": "Lebioda Irena",
                    "commenter_meta": null,
                    "comment_text": "C.A. Cross After WE Charity money and BLM funds went to buying properties for founders it's actually a good thing to learn from it and double check; after that clears I am sure all 6 fundraised millions will be released.",
                    "comment_time": "2022-02-03 00:08:17",
                    "comment_image": "https://scontent.xx.fbcdn.net/m1/v/t6/An_UvxJXg9tdnLU3Y5qjPi0200MLilhzPXUgxzGjQzUMaNcmjdZA6anyrngvkdub33NZzZhd51fpCAEzNHFhko5aKRFP5fS1w_lKwYrzcNLupv27.png?ccb=10-5&oh=00_AT9C82irDy7Sn8cI_UEelmRC1FY5K5jw2pfWXlZ8QaKL1g&oe=62246CF9&_nc_sid=55e238",
                    "comment_reactors": [],
                    "comment_reactions": null,
                    "comment_reaction_count": null
                },
                {
                    "comment_id": "10159532157353904",
                    "comment_url": "https://facebook.com/10159532157353904",
                    "commenter_id": "1406274164",
                    "commenter_url": "https://facebook.com/randy.gaunt?fref=nf&rc=p",
                    "commenter_name": "Randy Gaunt",
                    "commenter_meta": null,
                    "comment_text": "C.A. Cross they ae as bad as the globe and fail always penny short and A DAY LATE",
                    "comment_time": "2022-02-03 00:08:17",
                    "comment_image": null,
                    "comment_reactors": [],
                    "comment_reactions": null,
                    "comment_reaction_count": null
                },
                {
                    "comment_id": "10159532159993904",
                    "comment_url": "https://facebook.com/10159532159993904",
                    "commenter_id": "100052815473559",
                    "commenter_url": "https://facebook.com/profile.php?id=100052815473559&fref=nf&rc=p",
                    "commenter_name": "C.A. Cross",
                    "commenter_meta": null,
                    "comment_text": "Mike Joseph, oh you can prove this please do. I do people who hide behind their computers screens (my you are the brave ones aren\u2019t you?) call stranger names and yet can\u2019t back up their taunts.\nRather boring aren\u2019t you.\n\nWell it\u2019s almost bedtime here and I\u2019m watching the Canadian team playing soccer. Enjoy insulting me. I mean you do need a past time don\u2019t you. Poor wee things. You do have sympathy.\nNight all. Big kisses. \ud83d\ude18 \ud83d\ude18 \ud83d\ude18",
                    "comment_time": "2022-02-03 00:08:17",
                    "comment_image": "https://scontent.xx.fbcdn.net/m1/v/t6/An_F9bJG7govfshSMBkvcRLcxT0jmiXVYKtr7lgH5AHgUrjjpZ1OD0xyxXYgf7arc0lWgCdrR_KN4Mg7RSN3Gm3W6Gg03N1tQ-ZXzVvFJ_KvvB4.png?ccb=10-5&oh=00_AT8ScZKrgCPhmfSgYBZgvnQHv14vvPQpgzOW8DDMFGGodg&oe=62243F67&_nc_sid=55e238",
                    "comment_reactors": [],
                    "comment_reactions": null,
                    "comment_reaction_count": null
                },
                {
                    "comment_id": "10159532161208904",
                    "comment_url": "https://facebook.com/10159532161208904",
                    "commenter_id": "100052815473559",
                    "commenter_url": "https://facebook.com/profile.php?id=100052815473559&fref=nf&rc=p",
                    "commenter_name": "C.A. Cross",
                    "commenter_meta": null,
                    "comment_text": "Randy Gaunt, really thanks for update.",
                    "comment_time": "2022-02-03 00:08:17",
                    "comment_image": null,
                    "comment_reactors": [],
                    "comment_reactions": null,
                    "comment_reaction_count": null
                },
                {
                    "comment_id": "10159532741313904",
                    "comment_url": "https://facebook.com/10159532741313904",
                    "commenter_id": "100065424798351",
                    "commenter_url": "https://facebook.com/profile.php?id=100065424798351&fref=nf&rc=p",
                    "commenter_name": "Mike Crowbear",
                    "commenter_meta": null,
                    "comment_text": "Darlene Brooks Heavy glow for this sock puppet account.",
                    "comment_time": "2022-02-03 00:08:17",
                    "comment_image": null,
                    "comment_reactors": [],
                    "comment_reactions": null,
                    "comment_reaction_count": null
                },
                {
                    "comment_id": "10159533445723904",
                    "comment_url": "https://facebook.com/10159533445723904",
                    "commenter_id": "715113511",
                    "commenter_url": "https://facebook.com/lisa.kruckel.7?fref=nf&rc=p",
                    "commenter_name": "Lisa Kruckel",
                    "commenter_meta": null,
                    "comment_text": "C.A. Cross paid activists trying to destroy our country",
                    "comment_time": "2022-02-03 00:08:17",
                    "comment_image": "https://scontent.xx.fbcdn.net/m1/v/t6/An_UvxJXg9tdnLU3Y5qjPi0200MLilhzPXUgxzGjQzUMaNcmjdZA6anyrngvkdub33NZzZhd51fpCAEzNHFhko5aKRFP5fS1w_lKwYrzcNLupv27.png?ccb=10-5&oh=00_AT9C82irDy7Sn8cI_UEelmRC1FY5K5jw2pfWXlZ8QaKL1g&oe=62246CF9&_nc_sid=55e238",
                    "comment_reactors": [],
                    "comment_reactions": null,
                    "comment_reaction_count": null
                },
                {
                    "comment_id": "10159533716028904",
                    "comment_url": "https://facebook.com/10159533716028904",
                    "commenter_id": "100052815473559",
                    "commenter_url": "https://facebook.com/profile.php?id=100052815473559&fref=nf&rc=p",
                    "commenter_name": "C.A. Cross",
                    "commenter_meta": null,
                    "comment_text": "Mike J. Rowbear , kissy, kissy, Mikey. \ud83d\ude01",
                    "comment_time": "2022-02-03 00:08:17",
                    "comment_image": null,
                    "comment_reactors": [],
                    "comment_reactions": null,
                    "comment_reaction_count": null
                }
            ]
        },
        {
            "comment_id": "10159531963228904",
            "comment_url": "https://facebook.com/10159531963228904",
            "commenter_id": "898890299",
            "commenter_url": "https://facebook.com/JessieBlue?fref=nf&rc=p&refid=52",
            "commenter_name": "James Carey",
            "commenter_meta": null,
            "comment_text": "Yeah but did anybody warn the truckers of a possible eight hour delay getting out of Toronto? \ud83e\udd23",
            "comment_time": "2022-02-03 00:08:12",
            "comment_image": null,
            "comment_reactors": [],
            "comment_reactions": null,
            "comment_reaction_count": null,
            "replies": [
                {
                    "comment_id": "10159532058283904",
                    "comment_url": "https://facebook.com/10159532058283904",
                    "commenter_id": "100076073846620",
                    "commenter_url": "https://facebook.com/profile.php?id=100076073846620&fref=nf&rc=p",
                    "commenter_name": "Carter Breeze",
                    "commenter_meta": null,
                    "comment_text": "James Carey They will keep on trucking on to Ottawa!",
                    "comment_time": "2022-02-03 00:08:18",
                    "comment_image": "https://scontent.xx.fbcdn.net/m1/v/t6/An_UvxJXg9tdnLU3Y5qjPi0200MLilhzPXUgxzGjQzUMaNcmjdZA6anyrngvkdub33NZzZhd51fpCAEzNHFhko5aKRFP5fS1w_lKwYrzcNLupv27.png?ccb=10-5&oh=00_AT9C82irDy7Sn8cI_UEelmRC1FY5K5jw2pfWXlZ8QaKL1g&oe=62246CF9&_nc_sid=55e238",
                    "comment_reactors": [],
                    "comment_reactions": null,
                    "comment_reaction_count": null
                },
                {
                    "comment_id": "10159532079993904",
                    "comment_url": "https://facebook.com/10159532079993904",
                    "commenter_id": "100052815473559",
                    "commenter_url": "https://facebook.com/profile.php?id=100052815473559&fref=nf&rc=p",
                    "commenter_name": "C.A. Cross",
                    "commenter_meta": null,
                    "comment_text": "James Carey, shhh they don\u2019t understand logic. That takes thinking.",
                    "comment_time": "2022-02-03 00:08:18",
                    "comment_image": "https://scontent.xx.fbcdn.net/m1/v/t6/An_UvxJXg9tdnLU3Y5qjPi0200MLilhzPXUgxzGjQzUMaNcmjdZA6anyrngvkdub33NZzZhd51fpCAEzNHFhko5aKRFP5fS1w_lKwYrzcNLupv27.png?ccb=10-5&oh=00_AT9C82irDy7Sn8cI_UEelmRC1FY5K5jw2pfWXlZ8QaKL1g&oe=62246CF9&_nc_sid=55e238",
                    "comment_reactors": [],
                    "comment_reactions": null,
                    "comment_reaction_count": null
                }
            ]
        },
        {
            "comment_id": "10159532146578904",
            "comment_url": "https://facebook.com/10159532146578904",
            "commenter_id": "1048944966",
            "commenter_url": "https://facebook.com/dennis.levandier?fref=nf&rc=p&refid=52",
            "commenter_name": "Dennis Paul",
            "commenter_meta": null,
            "comment_text": "This has grown to become an anti Trudeau movement opposed to vaccinations.\nPeople are finally realising how he's destroying our country.",
            "comment_time": "2022-02-03 00:08:12",
            "comment_image": null,
            "comment_reactors": [],
            "comment_reactions": null,
            "comment_reaction_count": null,
            "replies": [
                {
                    "comment_id": "10159532152133904",
                    "comment_url": "https://facebook.com/10159532152133904",
                    "commenter_id": "536350239",
                    "commenter_url": "https://facebook.com/ron.closs?fref=nf&rc=p",
                    "commenter_name": "Ron Closs",
                    "commenter_meta": null,
                    "comment_text": "David Barrett 2/3 voted against him\u2026that\u2019s our system of voting",
                    "comment_time": "2022-02-03 00:08:19",
                    "comment_image": "https://scontent.xx.fbcdn.net/m1/v/t6/An_UvxJXg9tdnLU3Y5qjPi0200MLilhzPXUgxzGjQzUMaNcmjdZA6anyrngvkdub33NZzZhd51fpCAEzNHFhko5aKRFP5fS1w_lKwYrzcNLupv27.png?ccb=10-5&oh=00_AT9C82irDy7Sn8cI_UEelmRC1FY5K5jw2pfWXlZ8QaKL1g&oe=62246CF9&_nc_sid=55e238",
                    "comment_reactors": [],
                    "comment_reactions": null,
                    "comment_reaction_count": null
                },
                {
                    "comment_id": "10159532154153904",
                    "comment_url": "https://facebook.com/10159532154153904",
                    "commenter_id": "100001653565845",
                    "commenter_url": "https://facebook.com/dabarrett64?fref=nf&rc=p",
                    "commenter_name": "David Barrett",
                    "commenter_meta": null,
                    "comment_text": "Ron Closs whatever , I didn't vote for him but the third party and glad we have it .",
                    "comment_time": "2022-02-03 00:08:19",
                    "comment_image": null,
                    "comment_reactors": [],
                    "comment_reactions": null,
                    "comment_reaction_count": null
                },
                {
                    "comment_id": "10159532230608904",
                    "comment_url": "https://facebook.com/10159532230608904",
                    "commenter_id": "100012234764182",
                    "commenter_url": "https://facebook.com/ray.beam.794?fref=nf&rc=p",
                    "commenter_name": "Rob Scott",
                    "commenter_meta": null,
                    "comment_text": "Dennis Paul it's bums like you and the conservative party,ppc party and other fringe groups. The nutters",
                    "comment_time": "2022-02-03 00:08:19",
                    "comment_image": "https://scontent.xx.fbcdn.net/m1/v/t6/An_UvxJXg9tdnLU3Y5qjPi0200MLilhzPXUgxzGjQzUMaNcmjdZA6anyrngvkdub33NZzZhd51fpCAEzNHFhko5aKRFP5fS1w_lKwYrzcNLupv27.png?ccb=10-5&oh=00_AT9C82irDy7Sn8cI_UEelmRC1FY5K5jw2pfWXlZ8QaKL1g&oe=62246CF9&_nc_sid=55e238",
                    "comment_reactors": [],
                    "comment_reactions": null,
                    "comment_reaction_count": null
                },
                {
                    "comment_id": "10159532340998904",
                    "comment_url": "https://facebook.com/10159532340998904",
                    "commenter_id": "100002627454926",
                    "commenter_url": "https://facebook.com/kyle.nowosad.1?fref=nf&rc=p",
                    "commenter_name": "Kyle Nowosad",
                    "commenter_meta": null,
                    "comment_text": "Rob Scott Settle down edge lord.",
                    "comment_time": "2022-02-03 00:08:19",
                    "comment_image": "https://scontent.xx.fbcdn.net/m1/v/t6/An_UvxJXg9tdnLU3Y5qjPi0200MLilhzPXUgxzGjQzUMaNcmjdZA6anyrngvkdub33NZzZhd51fpCAEzNHFhko5aKRFP5fS1w_lKwYrzcNLupv27.png?ccb=10-5&oh=00_AT9C82irDy7Sn8cI_UEelmRC1FY5K5jw2pfWXlZ8QaKL1g&oe=62246CF9&_nc_sid=55e238",
                    "comment_reactors": [],
                    "comment_reactions": null,
                    "comment_reaction_count": null
                },
                {
                    "comment_id": "10159532670368904",
                    "comment_url": "https://facebook.com/10159532670368904",
                    "commenter_id": "100070043290129",
                    "commenter_url": "https://facebook.com/profile.php?id=100070043290129&fref=nf&rc=p",
                    "commenter_name": "Matty Mac",
                    "commenter_meta": null,
                    "comment_text": "Dennis Paul yep. All these \u2018truckers\u2019 might as well put on their PPC shirts and red Maga hats because this is a political convoy. Doesn\u2019t have anything to do with \u2018fighting for freedom for all Canadians\u2019. These people want a Canadian version of January 6th.",
                    "comment_time": "2022-02-03 00:08:19",
                    "comment_image": "https://scontent.xx.fbcdn.net/m1/v/t6/An_UvxJXg9tdnLU3Y5qjPi0200MLilhzPXUgxzGjQzUMaNcmjdZA6anyrngvkdub33NZzZhd51fpCAEzNHFhko5aKRFP5fS1w_lKwYrzcNLupv27.png?ccb=10-5&oh=00_AT9C82irDy7Sn8cI_UEelmRC1FY5K5jw2pfWXlZ8QaKL1g&oe=62246CF9&_nc_sid=55e238",
                    "comment_reactors": [],
                    "comment_reactions": null,
                    "comment_reaction_count": null
                },
                {
                    "comment_id": "10159532671078904",
                    "comment_url": "https://facebook.com/10159532671078904",
                    "commenter_id": "100070043290129",
                    "commenter_url": "https://facebook.com/profile.php?id=100070043290129&fref=nf&rc=p",
                    "commenter_name": "Matty Mac",
                    "commenter_meta": null,
                    "comment_text": "Kyle Nowosad he\u2019s not wrong\u2026",
                    "comment_time": "2022-02-03 00:08:19",
                    "comment_image": "https://scontent.xx.fbcdn.net/m1/v/t6/An_UvxJXg9tdnLU3Y5qjPi0200MLilhzPXUgxzGjQzUMaNcmjdZA6anyrngvkdub33NZzZhd51fpCAEzNHFhko5aKRFP5fS1w_lKwYrzcNLupv27.png?ccb=10-5&oh=00_AT9C82irDy7Sn8cI_UEelmRC1FY5K5jw2pfWXlZ8QaKL1g&oe=62246CF9&_nc_sid=55e238",
                    "comment_reactors": [],
                    "comment_reactions": null,
                    "comment_reaction_count": null
                }
            ]
        },
        {
            "comment_id": "10159532121108904",
            "comment_url": "https://facebook.com/10159532121108904",
            "commenter_id": "100014038540673",
            "commenter_url": "https://facebook.com/profile.php?id=100014038540673&fref=nf&rc=p&refid=52",
            "commenter_name": "Steve Wilson",
            "commenter_meta": null,
            "comment_text": "Sounds like \"the authorities\" and the media dramatists are juicing this up to be a Maple Leaf version of our neighbour's January 6 experience last year. I don't think it will happen - maybe a little more disruptive than the Ottawa Pride Parade, but still no biggie.",
            "comment_time": "2022-02-03 00:08:12",
            "comment_image": null,
            "comment_reactors": [],
            "comment_reactions": null,
            "comment_reaction_count": null,
            "replies": []
        },
        {
            "comment_id": "10159532166883904",
            "comment_url": "https://facebook.com/10159532166883904",
            "commenter_id": "100000333123832",
            "commenter_url": "https://facebook.com/susan.larocque.9?fref=nf&rc=p&refid=52",
            "commenter_name": "Susan Larocque",
            "commenter_meta": null,
            "comment_text": "90% of Truckers are vaccinated! These idiots are complaining about their freedom and rights when hospitals are overwhelmed, surgeries and treatments postponed. They can all go to hell!!",
            "comment_time": "2022-02-03 00:08:12",
            "comment_image": null,
            "comment_reactors": [],
            "comment_reactions": null,
            "comment_reaction_count": null,
            "replies": [
                {
                    "comment_id": "10159532307828904",
                    "comment_url": "https://facebook.com/10159532307828904",
                    "commenter_id": "100000503020721",
                    "commenter_url": "https://facebook.com/richard.husar.52?fref=nf&rc=p",
                    "commenter_name": "Richard Husar",
                    "commenter_meta": null,
                    "comment_text": "Susan Larocque 50% of hospitalized are vaccinated. Stop smoking whatever you're smoking.",
                    "comment_time": "2022-02-03 00:08:20",
                    "comment_image": "https://scontent.xx.fbcdn.net/m1/v/t6/An_UvxJXg9tdnLU3Y5qjPi0200MLilhzPXUgxzGjQzUMaNcmjdZA6anyrngvkdub33NZzZhd51fpCAEzNHFhko5aKRFP5fS1w_lKwYrzcNLupv27.png?ccb=10-5&oh=00_AT9C82irDy7Sn8cI_UEelmRC1FY5K5jw2pfWXlZ8QaKL1g&oe=62246CF9&_nc_sid=55e238",
                    "comment_reactors": [],
                    "comment_reactions": null,
                    "comment_reaction_count": null
                },
                {
                    "comment_id": "10159532426318904",
                    "comment_url": "https://facebook.com/10159532426318904",
                    "commenter_id": "100003584179943",
                    "commenter_url": "https://facebook.com/scott.verge.1?fref=nf&rc=p",
                    "commenter_name": "Scott Verge",
                    "commenter_meta": null,
                    "comment_text": "Richard Husar yet the vaccinated make up 85% of the population. What does that tell you?",
                    "comment_time": "2022-02-03 00:08:20",
                    "comment_image": "https://scontent.xx.fbcdn.net/m1/v/t6/An_UvxJXg9tdnLU3Y5qjPi0200MLilhzPXUgxzGjQzUMaNcmjdZA6anyrngvkdub33NZzZhd51fpCAEzNHFhko5aKRFP5fS1w_lKwYrzcNLupv27.png?ccb=10-5&oh=00_AT9C82irDy7Sn8cI_UEelmRC1FY5K5jw2pfWXlZ8QaKL1g&oe=62246CF9&_nc_sid=55e238",
                    "comment_reactors": [],
                    "comment_reactions": null,
                    "comment_reaction_count": null
                },
                {
                    "comment_id": "10159532529398904",
                    "comment_url": "https://facebook.com/10159532529398904",
                    "commenter_id": "100000503020721",
                    "commenter_url": "https://facebook.com/richard.husar.52?fref=nf&rc=p",
                    "commenter_name": "Richard Husar",
                    "commenter_meta": null,
                    "comment_text": "Scott Verge That tells me that unvaccinated are NOT overwhelming the hospitals",
                    "comment_time": "2022-02-03 00:08:20",
                    "comment_image": null,
                    "comment_reactors": [],
                    "comment_reactions": null,
                    "comment_reaction_count": null
                },
                {
                    "comment_id": "10159532623478904",
                    "comment_url": "https://facebook.com/10159532623478904",
                    "commenter_id": "100003584179943",
                    "commenter_url": "https://facebook.com/scott.verge.1?fref=nf&rc=p",
                    "commenter_name": "Scott Verge",
                    "commenter_meta": null,
                    "comment_text": "Richard Husar it is when they make up a much larger contingent of the people hospitalized than they represent as the overall population.\n\nIf they were vaccinated they'd be less likely to end up in the hospital and therefore hospitals wouldn't be so busy.\n\nThis is simple math.",
                    "comment_time": "2022-02-03 00:08:20",
                    "comment_image": "https://scontent.xx.fbcdn.net/m1/v/t6/An_UvxJXg9tdnLU3Y5qjPi0200MLilhzPXUgxzGjQzUMaNcmjdZA6anyrngvkdub33NZzZhd51fpCAEzNHFhko5aKRFP5fS1w_lKwYrzcNLupv27.png?ccb=10-5&oh=00_AT9C82irDy7Sn8cI_UEelmRC1FY5K5jw2pfWXlZ8QaKL1g&oe=62246CF9&_nc_sid=55e238",
                    "comment_reactors": [],
                    "comment_reactions": null,
                    "comment_reaction_count": null
                },
                {
                    "comment_id": "10159532642118904",
                    "comment_url": "https://facebook.com/10159532642118904",
                    "commenter_id": "100000503020721",
                    "commenter_url": "https://facebook.com/richard.husar.52?fref=nf&rc=p",
                    "commenter_name": "Richard Husar",
                    "commenter_meta": null,
                    "comment_text": "Scott Verge If vaccine was actually somewhat working than the percentage of hospitalization\ns would go along the vaccination rate. If there was 90% unvaccinated clogging hospitals and only 10% vaccinated than we could conclude that its somewhat working. But as we know this is not the case.",
                    "comment_time": "2022-02-03 00:08:20",
                    "comment_image": null,
                    "comment_reactors": [],
                    "comment_reactions": null,
                    "comment_reaction_count": null
                },
                {
                    "comment_id": "10159535454223904",
                    "comment_url": "https://facebook.com/10159535454223904",
                    "commenter_id": "100003584179943",
                    "commenter_url": "https://facebook.com/scott.verge.1?fref=nf&rc=p",
                    "commenter_name": "Scott Verge",
                    "commenter_meta": null,
                    "comment_text": "Richard Husar around 85% of people in Ontario are vaccinated. Until 85% of people hospitalized are vaccinated then the vaccines are working.",
                    "comment_time": "2022-02-03 00:08:20",
                    "comment_image": null,
                    "comment_reactors": [],
                    "comment_reactions": null,
                    "comment_reaction_count": null
                },
                {
                    "comment_id": "10159535510188904",
                    "comment_url": "https://facebook.com/10159535510188904",
                    "commenter_id": "100000503020721",
                    "commenter_url": "https://facebook.com/richard.husar.52?fref=nf&rc=p",
                    "commenter_name": "Richard Husar",
                    "commenter_meta": null,
                    "comment_text": "About 50% hospitalized are vaccinated. 35% differential shows this experimental vaccine never tested on humans before is somewhat working. Totally not worth the risk of unknown long term side effects for a healthy young person who has Covid survival rate of 99.998%. Good luck to you",
                    "comment_time": "2022-02-03 00:08:20",
                    "comment_image": null,
                    "comment_reactors": [],
                    "comment_reactions": null,
                    "comment_reaction_count": null
                }
            ]
        },
        {
            "comment_id": "10159532098703904",
            "comment_url": "https://facebook.com/10159532098703904",
            "commenter_id": "588720642",
            "commenter_url": "https://facebook.com/derek.s.cunningham?fref=nf&rc=p&refid=52",
            "commenter_name": "Derek Steven Cunningham",
            "commenter_meta": null,
            "comment_text": "COWARD of a Prime Minister!!!",
            "comment_time": "2022-02-03 00:08:12",
            "comment_image": null,
            "comment_reactors": [],
            "comment_reactions": null,
            "comment_reaction_count": null,
            "replies": [
                {
                    "comment_id": "10159532233103904",
                    "comment_url": "https://facebook.com/10159532233103904",
                    "commenter_id": "100047501863564",
                    "commenter_url": "https://facebook.com/philip.standard.50?fref=nf&rc=p",
                    "commenter_name": "Philip Standard",
                    "commenter_meta": null,
                    "comment_text": "Derek Steven Cunningham what would you like him to do? This is a minority government. Do you even understand what that means?? Mandates are provincial. The people involved in this have to have zero education.",
                    "comment_time": "2022-02-03 00:08:21",
                    "comment_image": "https://scontent.xx.fbcdn.net/m1/v/t6/An_UvxJXg9tdnLU3Y5qjPi0200MLilhzPXUgxzGjQzUMaNcmjdZA6anyrngvkdub33NZzZhd51fpCAEzNHFhko5aKRFP5fS1w_lKwYrzcNLupv27.png?ccb=10-5&oh=00_AT9C82irDy7Sn8cI_UEelmRC1FY5K5jw2pfWXlZ8QaKL1g&oe=62246CF9&_nc_sid=55e238",
                    "comment_reactors": [],
                    "comment_reactions": null,
                    "comment_reaction_count": null
                },
                {
                    "comment_id": "10159532947098904",
                    "comment_url": "https://facebook.com/10159532947098904",
                    "commenter_id": "588720642",
                    "commenter_url": "https://facebook.com/derek.s.cunningham?fref=nf&rc=p",
                    "commenter_name": "Derek Steven Cunningham",
                    "commenter_meta": null,
                    "comment_text": "Trudeau is running the show and making hundred of Missions $$$ from Pfizer etc. pushing the vaccines that do NOT work. Shoveling Billions $$$ to the pockets of the provincial Premiers to push HIS mandates!!!!",
                    "comment_time": "2022-02-03 00:08:21",
                    "comment_image": null,
                    "comment_reactors": [],
                    "comment_reactions": null,
                    "comment_reaction_count": null
                },
                {
                    "comment_id": "10159533023238904",
                    "comment_url": "https://facebook.com/10159533023238904",
                    "commenter_id": "100047501863564",
                    "commenter_url": "https://facebook.com/philip.standard.50?fref=nf&rc=p",
                    "commenter_name": "Philip Standard",
                    "commenter_meta": null,
                    "comment_text": "Derek Steven Cunningham uh huh. Ok there, Derek. I have some tinfoil for you here.",
                    "comment_time": "2022-02-03 00:08:21",
                    "comment_image": "https://scontent.xx.fbcdn.net/m1/v/t6/An_UvxJXg9tdnLU3Y5qjPi0200MLilhzPXUgxzGjQzUMaNcmjdZA6anyrngvkdub33NZzZhd51fpCAEzNHFhko5aKRFP5fS1w_lKwYrzcNLupv27.png?ccb=10-5&oh=00_AT9C82irDy7Sn8cI_UEelmRC1FY5K5jw2pfWXlZ8QaKL1g&oe=62246CF9&_nc_sid=55e238",
                    "comment_reactors": [],
                    "comment_reactions": null,
                    "comment_reaction_count": null
                }
            ]
        },
        {
            "comment_id": "10159532080123904",
            "comment_url": "https://facebook.com/10159532080123904",
            "commenter_id": "598074594",
            "commenter_url": "https://facebook.com/citlalli.bustamante?fref=nf&rc=p&refid=52",
            "commenter_name": "Citlalli Bustamante",
            "commenter_meta": null,
            "comment_text": "Go truckers!",
            "comment_time": "2022-02-03 00:08:12",
            "comment_image": null,
            "comment_reactors": [],
            "comment_reactions": null,
            "comment_reaction_count": null,
            "replies": []
        },
        {
            "comment_id": "10159532000953904",
            "comment_url": "https://facebook.com/10159532000953904",
            "commenter_id": "577760525",
            "commenter_url": "https://facebook.com/Andres.Ruiz11111?fref=nf&rc=p&refid=52",
            "commenter_name": "Andres Ruiz",
            "commenter_meta": "Top fan",
            "comment_text": "They should move the capitol back to Kingston Ontario.. with the offices in downtown Toronto \ud83e\udd14\ud83d\udcaa",
            "comment_time": "2022-02-03 00:08:12",
            "comment_image": null,
            "comment_reactors": [],
            "comment_reactions": null,
            "comment_reaction_count": null,
            "replies": []
        }
    ],
    "reactors": null,
    "w3_fb_url": null,
    "reactions": null,
    "reaction_count": null,
    "with": null,
    "page_id": "140961138903",
    "sharers": null,
    "image_id": null,
    "image_ids": [],
    "was_live": false
}