{
    "original_request_url": "10159578882463904",
    "post_url": "https://facebook.com/story.php?story_fbid=10159578882463904&id=140961138903",
    "post_id": "10159578882463904",
    "text": "Organizers of a U.S. truck convoy want to \u2018jumpstart the economy\u2019 and reopen the country. They will approach the Beltway around the capital on March 5\n\nTHEGLOBEANDMAIL.COM\nU.S. truckers plan pandemic demonstrations, inspired by Canadian convoys",
    "post_text": "Organizers of a U.S. truck convoy want to \u2018jumpstart the economy\u2019 and reopen the country. They will approach the Beltway around the capital on March 5",
    "shared_text": "THEGLOBEANDMAIL.COM\nU.S. truckers plan pandemic demonstrations, inspired by Canadian convoys",
    "original_text": null,
    "time": "2022-02-23 20:14:01",
    "timestamp": 1645647241,
    "image": "https://www.theglobeandmail.com/resizer/ZC0459-eyI9e8RByUE8TTEmkezw=/1200x800/filters:quality(80)/cloudfront-us-east-1.images.arcpublishing.com/tgam/BR65LHKCKFKQXJ3JX6I7BE35KE.JPG",
    "image_lowquality": "https://external-sea1-1.xx.fbcdn.net/safe_image.php?d=AQHQmPFseYJbMZSA&w=476&h=249&url=https%3A%2F%2Fwww.theglobeandmail.com%2Fresizer%2FZC0459-eyI9e8RByUE8TTEmkezw%3D%2F1200x800%2Ffilters%3Aquality%2880%29%2Fcloudfront-us-east-1.images.arcpublishing.com%2Ftgam%2FBR65LHKCKFKQXJ3JX6I7BE35KE.JPG&cfs=1&jq=75&ext=jpg&_nc_oe=6fabb&_nc_sid=06c271&ccb=3-5&_nc_hash=AQEVsQxsYtsB4tuu",
    "images": [
        "https://www.theglobeandmail.com/resizer/ZC0459-eyI9e8RByUE8TTEmkezw=/1200x800/filters:quality(80)/cloudfront-us-east-1.images.arcpublishing.com/tgam/BR65LHKCKFKQXJ3JX6I7BE35KE.JPG"
    ],
    "images_description": [],
    "images_lowquality": [
        "https://external-sea1-1.xx.fbcdn.net/safe_image.php?d=AQHQmPFseYJbMZSA&w=476&h=249&url=https%3A%2F%2Fwww.theglobeandmail.com%2Fresizer%2FZC0459-eyI9e8RByUE8TTEmkezw%3D%2F1200x800%2Ffilters%3Aquality%2880%29%2Fcloudfront-us-east-1.images.arcpublishing.com%2Ftgam%2FBR65LHKCKFKQXJ3JX6I7BE35KE.JPG&cfs=1&jq=75&ext=jpg&_nc_oe=6fabb&_nc_sid=06c271&ccb=3-5&_nc_hash=AQEVsQxsYtsB4tuu"
    ],
    "images_lowquality_description": [
        null
    ],
    "video": null,
    "video_duration_seconds": null,
    "video_height": null,
    "video_id": null,
    "video_quality": null,
    "video_size_MB": null,
    "video_thumbnail": null,
    "video_watches": null,
    "video_width": null,
    "likes": 59,
    "comments": 3,
    "shares": 3,
    "link": "http://www.theglobeandmail.com/world/us-politics/article-us-truckers-plan-pandemic-demonstrations-inspired-by-canadian-convoys/?utm_campaign=sophi-pop&utm_medium=post&utm_source=facebook&fbclid=IwAR2Xm-QXu7LvsIUk4WfXqGuznlC-8HQupqKJeqHJHJylAcHhQVrCE7e_xZE",
    "links": [],
    "user_id": "140961138903",
    "username": "The Globe and Mail",
    "user_url": "https://facebook.com/theglobeandmail/?refid=52",
    "is_live": false,
    "factcheck": null,
    "shared_post_id": null,
    "shared_time": null,
    "shared_user_id": null,
    "shared_username": null,
    "shared_post_url": null,
    "available": true,
    "comments_full": [
        {
            "comment_id": "10159579367033904",
            "comment_url": "https://facebook.com/10159579367033904",
            "commenter_id": "565881821",
            "commenter_url": "https://facebook.com/gloria.d.bruce?fref=nf&rc=p&refid=52",
            "commenter_name": "Gloria Dawe Bruce",
            "commenter_meta": null,
            "comment_text": "Another JOKE and FIASCO ... south of the border!!!",
            "comment_time": "2022-02-23 00:00:00",
            "comment_image": null,
            "comment_reactors": [],
            "comment_reactions": null,
            "comment_reaction_count": null,
            "replies": []
        },
        {
            "comment_id": "10159579506598904",
            "comment_url": "https://facebook.com/10159579506598904",
            "commenter_id": "849850022",
            "commenter_url": "https://facebook.com/alicetu3?fref=nf&rc=p&refid=52",
            "commenter_name": "Alice Tu",
            "commenter_meta": null,
            "comment_text": "Civil unrest as Russia goes to war... I hope those fighting for freedom know what they\u2019re actually supporting.",
            "comment_time": "2022-02-23 00:00:00",
            "comment_image": null,
            "comment_reactors": [],
            "comment_reactions": null,
            "comment_reaction_count": null,
            "replies": []
        },
        {
            "comment_id": "10159578904913904",
            "comment_url": "https://facebook.com/10159578904913904",
            "commenter_id": "1047909464",
            "commenter_url": "https://facebook.com/john.currie1?fref=nf&rc=p&refid=52",
            "commenter_name": "John Currie",
            "commenter_meta": null,
            "comment_text": "Not a good idea, the National Guard is not like our RCMP.",
            "comment_time": "2022-02-23 23:20:36",
            "comment_image": null,
            "comment_reactors": [],
            "comment_reactions": null,
            "comment_reaction_count": null,
            "replies": [
                {
                    "comment_id": "10159578914703904",
                    "comment_url": "https://facebook.com/10159578914703904",
                    "commenter_id": "100002937370793",
                    "commenter_url": "https://facebook.com/jimhmilne?fref=nf&rc=p",
                    "commenter_name": "James Milne",
                    "commenter_meta": null,
                    "comment_text": "John Currie truth",
                    "comment_time": "2022-02-23 23:20:37",
                    "comment_image": null,
                    "comment_reactors": [],
                    "comment_reactions": null,
                    "comment_reaction_count": null
                },
                {
                    "comment_id": "10159579006548904",
                    "comment_url": "https://facebook.com/10159579006548904",
                    "commenter_id": "642026493",
                    "commenter_url": "https://facebook.com/Spenny90?fref=nf&rc=p",
                    "commenter_name": "Spens Robert",
                    "commenter_meta": null,
                    "comment_text": "John Exactly they are honest and respectful of their constitution unlike the RCMP",
                    "comment_time": "2022-02-23 23:20:37",
                    "comment_image": "https://scontent.xx.fbcdn.net/m1/v/t6/An_F9bJG7govfshSMBkvcRLcxT0jmiXVYKtr7lgH5AHgUrjjpZ1OD0xyxXYgf7arc0lWgCdrR_KN4Mg7RSN3Gm3W6Gg03N1tQ-ZXzVvFJ_KvvB4.png?ccb=10-5&oh=00_AT8ScZKrgCPhmfSgYBZgvnQHv14vvPQpgzOW8DDMFGGodg&oe=62243F67&_nc_sid=55e238",
                    "comment_reactors": [],
                    "comment_reactions": null,
                    "comment_reaction_count": null
                },
                {
                    "comment_id": "10159579199863904",
                    "comment_url": "https://facebook.com/10159579199863904",
                    "commenter_id": "1281165251",
                    "commenter_url": "https://facebook.com/tina.knott.90?fref=nf&rc=p",
                    "commenter_name": "Tina Knott",
                    "commenter_meta": null,
                    "comment_text": "John Currie Some say the US has stronger civil liberties protection. We shall see.",
                    "comment_time": "2022-02-23 00:00:00",
                    "comment_image": "https://scontent.xx.fbcdn.net/m1/v/t6/An_UvxJXg9tdnLU3Y5qjPi0200MLilhzPXUgxzGjQzUMaNcmjdZA6anyrngvkdub33NZzZhd51fpCAEzNHFhko5aKRFP5fS1w_lKwYrzcNLupv27.png?ccb=10-5&oh=00_AT9C82irDy7Sn8cI_UEelmRC1FY5K5jw2pfWXlZ8QaKL1g&oe=62246CF9&_nc_sid=55e238",
                    "comment_reactors": [],
                    "comment_reactions": null,
                    "comment_reaction_count": null
                },
                {
                    "comment_id": "10159579472003904",
                    "comment_url": "https://facebook.com/10159579472003904",
                    "commenter_id": "1047909464",
                    "commenter_url": "https://facebook.com/john.currie1?fref=nf&rc=p",
                    "commenter_name": "John Currie",
                    "commenter_meta": null,
                    "comment_text": "Spens Robert If you say so, it must be true. I bow to your superior insights.",
                    "comment_time": "2022-02-23 00:00:00",
                    "comment_image": null,
                    "comment_reactors": [],
                    "comment_reactions": null,
                    "comment_reaction_count": null
                },
                {
                    "comment_id": "10159579472563904",
                    "comment_url": "https://facebook.com/10159579472563904",
                    "commenter_id": "1047909464",
                    "commenter_url": "https://facebook.com/john.currie1?fref=nf&rc=p",
                    "commenter_name": "John Currie",
                    "commenter_meta": null,
                    "comment_text": "Tina Knott If you think so.",
                    "comment_time": "2022-02-23 00:00:00",
                    "comment_image": null,
                    "comment_reactors": [],
                    "comment_reactions": null,
                    "comment_reaction_count": null
                },
                {
                    "comment_id": "10159579640058904",
                    "comment_url": "https://facebook.com/10159579640058904",
                    "commenter_id": "100000183754621",
                    "commenter_url": "https://facebook.com/ben.bliesner.7?fref=nf&rc=p",
                    "commenter_name": "Ben Bliesner",
                    "commenter_meta": null,
                    "comment_text": "John Currie we have the 1st amendment, protecting our right to peacefully protest!",
                    "comment_time": "2022-02-23 00:00:00",
                    "comment_image": "https://scontent.xx.fbcdn.net/m1/v/t6/An_UvxJXg9tdnLU3Y5qjPi0200MLilhzPXUgxzGjQzUMaNcmjdZA6anyrngvkdub33NZzZhd51fpCAEzNHFhko5aKRFP5fS1w_lKwYrzcNLupv27.png?ccb=10-5&oh=00_AT9C82irDy7Sn8cI_UEelmRC1FY5K5jw2pfWXlZ8QaKL1g&oe=62246CF9&_nc_sid=55e238",
                    "comment_reactors": [],
                    "comment_reactions": null,
                    "comment_reaction_count": null
                },
                {
                    "comment_id": "10159579641153904",
                    "comment_url": "https://facebook.com/10159579641153904",
                    "commenter_id": "100000183754621",
                    "commenter_url": "https://facebook.com/ben.bliesner.7?fref=nf&rc=p",
                    "commenter_name": "Ben Bliesner",
                    "commenter_meta": null,
                    "comment_text": "Spens Robert 100%! \ud83c\uddfa\ud83c\uddf8!\n1st amendment protected from tyranny!",
                    "comment_time": "2022-02-23 00:00:00",
                    "comment_image": "https://scontent.xx.fbcdn.net/m1/v/t6/An-SJYN61eefFdoaV8pa0G_5_APCa0prZaqkZGXpCFeUCLCg89UPOqSkSZxJkLy0hAKKpUIPEB91mo9yBBfcAqcwmpEu5jN_jmJufFtJoVJCUklu.png?ccb=10-5&oh=00_AT_uC16R89XISW2BLH-gvAeIZ-6knN-rLSiRLuYO7e7b3A&oe=6225C35F&_nc_sid=55e238",
                    "comment_reactors": [],
                    "comment_reactions": null,
                    "comment_reaction_count": null
                },
                {
                    "comment_id": "10159579792733904",
                    "comment_url": "https://facebook.com/10159579792733904",
                    "commenter_id": "1047909464",
                    "commenter_url": "https://facebook.com/john.currie1?fref=nf&rc=p",
                    "commenter_name": "John Currie",
                    "commenter_meta": null,
                    "comment_text": "Ben Bliesner Yes you do while we have Freedom of Expression.",
                    "comment_time": "2022-02-24 00:00:00",
                    "comment_image": null,
                    "comment_reactors": [],
                    "comment_reactions": null,
                    "comment_reaction_count": null
                },
                {
                    "comment_id": "10159580048093904",
                    "comment_url": "https://facebook.com/10159580048093904",
                    "commenter_id": "100000183754621",
                    "commenter_url": "https://facebook.com/ben.bliesner.7?fref=nf&rc=p",
                    "commenter_name": "Ben Bliesner",
                    "commenter_meta": null,
                    "comment_text": "John Currie. What is \u201cfreedom of expression\u201d?",
                    "comment_time": "2022-02-24 00:00:00",
                    "comment_image": null,
                    "comment_reactors": [],
                    "comment_reactions": null,
                    "comment_reaction_count": null
                },
                {
                    "comment_id": "10159580049418904",
                    "comment_url": "https://facebook.com/10159580049418904",
                    "commenter_id": "1047909464",
                    "commenter_url": "https://facebook.com/john.currie1?fref=nf&rc=p",
                    "commenter_name": "John Currie",
                    "commenter_meta": null,
                    "comment_text": "Ben Bliesner Look it up, I know your First Amendment.",
                    "comment_time": "2022-02-24 00:00:00",
                    "comment_image": null,
                    "comment_reactors": [],
                    "comment_reactions": null,
                    "comment_reaction_count": null
                },
                {
                    "comment_id": "10159580064483904",
                    "comment_url": "https://facebook.com/10159580064483904",
                    "commenter_id": "100000183754621",
                    "commenter_url": "https://facebook.com/ben.bliesner.7?fref=nf&rc=p",
                    "commenter_name": "Ben Bliesner",
                    "commenter_meta": null,
                    "comment_text": "John Currie copy, it\u2019s basically some pretty words. The 1st actually offers some protections and explicitly protests, protest, positioning the government, and speech etc..\nthere is no freedom of speech if the government can squash \u201chate speech\u201d",
                    "comment_time": "2022-02-24 00:00:00",
                    "comment_image": "https://scontent.xx.fbcdn.net/m1/v/t6/An_F9bJG7govfshSMBkvcRLcxT0jmiXVYKtr7lgH5AHgUrjjpZ1OD0xyxXYgf7arc0lWgCdrR_KN4Mg7RSN3Gm3W6Gg03N1tQ-ZXzVvFJ_KvvB4.png?ccb=10-5&oh=00_AT8ScZKrgCPhmfSgYBZgvnQHv14vvPQpgzOW8DDMFGGodg&oe=62243F67&_nc_sid=55e238",
                    "comment_reactors": [],
                    "comment_reactions": null,
                    "comment_reaction_count": null
                },
                {
                    "comment_id": "10159580069848904",
                    "comment_url": "https://facebook.com/10159580069848904",
                    "commenter_id": "1047909464",
                    "commenter_url": "https://facebook.com/john.currie1?fref=nf&rc=p",
                    "commenter_name": "John Currie",
                    "commenter_meta": null,
                    "comment_text": "Ben Bliesner \u0415\u0441\u043b\u0438 \u0432\u044b \u0442\u0430\u043a \u0433\u043e\u0432\u043e\u0440\u0438\u0442\u0435, \u044d\u0442\u043e \u0434\u043e\u043b\u0436\u043d\u043e \u0431\u044b\u0442\u044c \u043f\u0440\u0430\u0432\u0434\u043e\u0439.",
                    "comment_time": "2022-02-24 00:00:00",
                    "comment_image": "https://scontent.xx.fbcdn.net/m1/v/t6/An_UvxJXg9tdnLU3Y5qjPi0200MLilhzPXUgxzGjQzUMaNcmjdZA6anyrngvkdub33NZzZhd51fpCAEzNHFhko5aKRFP5fS1w_lKwYrzcNLupv27.png?ccb=10-5&oh=00_AT9C82irDy7Sn8cI_UEelmRC1FY5K5jw2pfWXlZ8QaKL1g&oe=62246CF9&_nc_sid=55e238",
                    "comment_reactors": [],
                    "comment_reactions": null,
                    "comment_reaction_count": null
                },
                {
                    "comment_id": "10159580077773904",
                    "comment_url": "https://facebook.com/10159580077773904",
                    "commenter_id": "100000183754621",
                    "commenter_url": "https://facebook.com/ben.bliesner.7?fref=nf&rc=p",
                    "commenter_name": "Ben Bliesner",
                    "commenter_meta": null,
                    "comment_text": "John Currie don\u2019t take my word, friend. You can read the documents for yourself!\n\ud83c\udde8\ud83c\udde6 should adopt the \ud83c\uddfa\ud83c\uddf8 constitution.\nNot to say tyrannical factions of our government will honor the words. But it is the peoples rights protected from that very thing.",
                    "comment_time": "2022-02-24 00:00:00",
                    "comment_image": null,
                    "comment_reactors": [],
                    "comment_reactions": null,
                    "comment_reaction_count": null
                }
            ]
        }
    ],
    "reactors": null,
    "w3_fb_url": null,
    "reactions": null,
    "reaction_count": null,
    "with": null,
    "page_id": "140961138903",
    "sharers": null,
    "image_id": null,
    "image_ids": [],
    "was_live": false
}