{
    "original_request_url": "10159563171873904",
    "post_url": "https://facebook.com/story.php?story_fbid=10159563171873904&id=140961138903",
    "post_id": "10159563171873904",
    "text": "The RCMP say officers seized weapons including long guns, hand guns and high-capacity magazines\n\nTHEGLOBEANDMAIL.COM\nRCMP arrest 11, seize cache of guns at Alberta border blockade",
    "post_text": "The RCMP say officers seized weapons including long guns, hand guns and high-capacity magazines",
    "shared_text": "THEGLOBEANDMAIL.COM\nRCMP arrest 11, seize cache of guns at Alberta border blockade",
    "original_text": null,
    "time": "2022-02-14 19:38:56",
    "timestamp": 1644867536,
    "image": "https://www.theglobeandmail.com/resizer/3kh3IxP6S82EQAO7QKq4vKiqzRM=/1200x674/filters:quality(80)/cloudfront-us-east-1.images.arcpublishing.com/tgam/IH7DYENVPNKKNELWVM4VFIM5N4.jpg",
    "image_lowquality": "https://external-sea1-1.xx.fbcdn.net/safe_image.php?d=AQG7vnio1R9RZBfn&w=476&h=249&url=https%3A%2F%2Fwww.theglobeandmail.com%2Fresizer%2F3kh3IxP6S82EQAO7QKq4vKiqzRM%3D%2F1200x674%2Ffilters%3Aquality%2880%29%2Fcloudfront-us-east-1.images.arcpublishing.com%2Ftgam%2FIH7DYENVPNKKNELWVM4VFIM5N4.jpg&cfs=1&jq=75&ext=jpg&_nc_oe=6faba&_nc_sid=06c271&ccb=3-5&_nc_hash=AQFPQpj1r3Nlln9H",
    "images": [
        "https://www.theglobeandmail.com/resizer/3kh3IxP6S82EQAO7QKq4vKiqzRM=/1200x674/filters:quality(80)/cloudfront-us-east-1.images.arcpublishing.com/tgam/IH7DYENVPNKKNELWVM4VFIM5N4.jpg"
    ],
    "images_description": [],
    "images_lowquality": [
        "https://external-sea1-1.xx.fbcdn.net/safe_image.php?d=AQG7vnio1R9RZBfn&w=476&h=249&url=https%3A%2F%2Fwww.theglobeandmail.com%2Fresizer%2F3kh3IxP6S82EQAO7QKq4vKiqzRM%3D%2F1200x674%2Ffilters%3Aquality%2880%29%2Fcloudfront-us-east-1.images.arcpublishing.com%2Ftgam%2FIH7DYENVPNKKNELWVM4VFIM5N4.jpg&cfs=1&jq=75&ext=jpg&_nc_oe=6faba&_nc_sid=06c271&ccb=3-5&_nc_hash=AQFPQpj1r3Nlln9H"
    ],
    "images_lowquality_description": [
        null
    ],
    "video": null,
    "video_duration_seconds": null,
    "video_height": null,
    "video_id": null,
    "video_quality": null,
    "video_size_MB": null,
    "video_thumbnail": null,
    "video_watches": null,
    "video_width": null,
    "likes": 184,
    "comments": 29,
    "shares": 34,
    "link": "http://www.theglobeandmail.com/canada/alberta/article-rcmp-arrest-11-seize-cache-of-guns-at-alberta-border-blockade/?utm_campaign=sophi-pop&utm_medium=post&utm_source=facebook&fbclid=IwAR08fUpEn9wgWu6YFej8Zr1o9NEFUEbv7VbH2msbQqMOSNJazyXXr1vtfg4",
    "links": [],
    "user_id": "140961138903",
    "username": "The Globe and Mail",
    "user_url": "https://facebook.com/theglobeandmail/?refid=52",
    "is_live": false,
    "factcheck": null,
    "shared_post_id": null,
    "shared_time": null,
    "shared_user_id": null,
    "shared_username": null,
    "shared_post_url": null,
    "available": true,
    "comments_full": [
        {
            "comment_id": "10159563226828904",
            "comment_url": "https://facebook.com/10159563226828904",
            "commenter_id": "515819310",
            "commenter_url": "https://facebook.com/RoboHar?fref=nf&rc=p&refid=52",
            "commenter_name": "Robin Hardement",
            "commenter_meta": null,
            "comment_text": "Probably planted by RCMP",
            "comment_time": "2022-02-16 23:25:39",
            "comment_image": null,
            "comment_reactors": [],
            "comment_reactions": null,
            "comment_reaction_count": null,
            "replies": [
                {
                    "comment_id": "10159563322178904",
                    "comment_url": "https://facebook.com/10159563322178904",
                    "commenter_id": "100000401703493",
                    "commenter_url": "https://facebook.com/joe.keefhaver?fref=nf&rc=p",
                    "commenter_name": "Joe Keefhaver",
                    "commenter_meta": null,
                    "comment_text": "Robin Hardement That's quite a worldwide conspiracy you believe in!",
                    "comment_time": "2022-02-16 23:25:42",
                    "comment_image": "https://media1.tenor.co/images/255d2bb502fee92b3cdb115304e65ee8/tenor.gif?ver=1112&c=VjFfZmFjZWJvb2tfd2ViY29tbWVudHM&itemid=18004007&fbclid=IwAR0dePpubTxilJUbmzBq-d2lZALELf8SIE30iJUzKH0t1GgkMJ_cwE3ji7w",
                    "comment_reactors": [],
                    "comment_reactions": null,
                    "comment_reaction_count": null
                },
                {
                    "comment_id": "10159563342518904",
                    "comment_url": "https://facebook.com/10159563342518904",
                    "commenter_id": "1534155321",
                    "commenter_url": "https://facebook.com/Sammexp?fref=nf&rc=p",
                    "commenter_name": "Samuel Gagnon",
                    "commenter_meta": null,
                    "comment_text": "Robin Hardement Yeah\u2026 what a coincidence that they find it, just a hour before Trudeau invoque the war mesures act",
                    "comment_time": "2022-02-16 23:25:42",
                    "comment_image": "https://scontent.xx.fbcdn.net/m1/v/t6/An_UvxJXg9tdnLU3Y5qjPi0200MLilhzPXUgxzGjQzUMaNcmjdZA6anyrngvkdub33NZzZhd51fpCAEzNHFhko5aKRFP5fS1w_lKwYrzcNLupv27.png?ccb=10-5&oh=00_AT9C82irDy7Sn8cI_UEelmRC1FY5K5jw2pfWXlZ8QaKL1g&oe=62246CF9&_nc_sid=55e238",
                    "comment_reactors": [],
                    "comment_reactions": null,
                    "comment_reaction_count": null
                },
                {
                    "comment_id": "10159563344083904",
                    "comment_url": "https://facebook.com/10159563344083904",
                    "commenter_id": "1534155321",
                    "commenter_url": "https://facebook.com/Sammexp?fref=nf&rc=p",
                    "commenter_name": "Samuel Gagnon",
                    "commenter_meta": null,
                    "comment_text": "Joe Keefhaver They just found it a hour before the prime minister invoque the war mesure act. Just a coincidence like that\u2026",
                    "comment_time": "2022-02-16 23:25:42",
                    "comment_image": "https://scontent.xx.fbcdn.net/m1/v/t6/An_UvxJXg9tdnLU3Y5qjPi0200MLilhzPXUgxzGjQzUMaNcmjdZA6anyrngvkdub33NZzZhd51fpCAEzNHFhko5aKRFP5fS1w_lKwYrzcNLupv27.png?ccb=10-5&oh=00_AT9C82irDy7Sn8cI_UEelmRC1FY5K5jw2pfWXlZ8QaKL1g&oe=62246CF9&_nc_sid=55e238",
                    "comment_reactors": [],
                    "comment_reactions": null,
                    "comment_reaction_count": null
                },
                {
                    "comment_id": "10159563353813904",
                    "comment_url": "https://facebook.com/10159563353813904",
                    "commenter_id": "100000401703493",
                    "commenter_url": "https://facebook.com/joe.keefhaver?fref=nf&rc=p",
                    "commenter_name": "Joe Keefhaver",
                    "commenter_meta": null,
                    "comment_text": "Samuel Gagnon",
                    "comment_time": "2022-02-16 23:25:42",
                    "comment_image": "https://media1.tenor.co/images/0cffd327e083bdea7e8a22f057022afb/tenor.gif?ver=1112&c=VjFfZmFjZWJvb2tfd2ViY29tbWVudHM&itemid=16206142&fbclid=IwAR12558tDn4GTnbjlws_HnqBHvWJdUGZUtclGpJHOQWKbxjUE1C3mJ3eBwQ",
                    "comment_reactors": [],
                    "comment_reactions": null,
                    "comment_reaction_count": null
                },
                {
                    "comment_id": "10159563356553904",
                    "comment_url": "https://facebook.com/10159563356553904",
                    "commenter_id": "760164154",
                    "commenter_url": "https://facebook.com/jeff.heisler1?fref=nf&rc=p",
                    "commenter_name": "Jeff Heisler",
                    "commenter_meta": "Top fan",
                    "comment_text": "Joe Keefhaver Exactly! I mean what's next? The RCMP are sabotaging heavy equipment and vehicles? As if!! \ud83d\ude44 Just another \"Crazy Conspiracy Theory!\" They would NEVER do that! (Oozing Sarcasm in case you couldn't tell.)",
                    "comment_time": "2022-02-16 23:25:42",
                    "comment_image": "https://static.xx.fbcdn.net/rsrc.php/v3/y7/r/4bRBCBmu1Q9.png",
                    "comment_reactors": [],
                    "comment_reactions": null,
                    "comment_reaction_count": null
                },
                {
                    "comment_id": "10159563359693904",
                    "comment_url": "https://facebook.com/10159563359693904",
                    "commenter_id": "100002465512037",
                    "commenter_url": "https://facebook.com/ann.howardcherski?fref=nf&rc=p",
                    "commenter_name": "Ann Howard-Cherski",
                    "commenter_meta": null,
                    "comment_text": "Joe Keefhaver......\n.. given Trudeau's past behaviour and arrogance and that of his associates.....\n..........why should anyone believe him? Another one of his smear campaigns?",
                    "comment_time": "2022-02-16 23:25:42",
                    "comment_image": "https://scontent.xx.fbcdn.net/m1/v/t6/An_UvxJXg9tdnLU3Y5qjPi0200MLilhzPXUgxzGjQzUMaNcmjdZA6anyrngvkdub33NZzZhd51fpCAEzNHFhko5aKRFP5fS1w_lKwYrzcNLupv27.png?ccb=10-5&oh=00_AT9C82irDy7Sn8cI_UEelmRC1FY5K5jw2pfWXlZ8QaKL1g&oe=62246CF9&_nc_sid=55e238",
                    "comment_reactors": [],
                    "comment_reactions": null,
                    "comment_reaction_count": null
                },
                {
                    "comment_id": "10159563364663904",
                    "comment_url": "https://facebook.com/10159563364663904",
                    "commenter_id": "1424624058",
                    "commenter_url": "https://facebook.com/Daniel.Malcolm.Carroll?fref=nf&rc=p",
                    "commenter_name": "Dan Carroll",
                    "commenter_meta": null,
                    "comment_text": "I mean, a simple Google search would prove hes quite correct. Unless the cbc is too fringe for your tastes? Start with Wiebo Ludwigs history with the rcmp.",
                    "comment_time": "2022-02-16 23:25:42",
                    "comment_image": "https://scontent.xx.fbcdn.net/m1/v/t6/An_F9bJG7govfshSMBkvcRLcxT0jmiXVYKtr7lgH5AHgUrjjpZ1OD0xyxXYgf7arc0lWgCdrR_KN4Mg7RSN3Gm3W6Gg03N1tQ-ZXzVvFJ_KvvB4.png?ccb=10-5&oh=00_AT8ScZKrgCPhmfSgYBZgvnQHv14vvPQpgzOW8DDMFGGodg&oe=62243F67&_nc_sid=55e238",
                    "comment_reactors": [],
                    "comment_reactions": null,
                    "comment_reaction_count": null
                },
                {
                    "comment_id": "10159563373313904",
                    "comment_url": "https://facebook.com/10159563373313904",
                    "commenter_id": "100011400318063",
                    "commenter_url": "https://facebook.com/ileen.macdonald.9?fref=nf&rc=p",
                    "commenter_name": "Ileen Macdonald",
                    "commenter_meta": null,
                    "comment_text": "OMGosh Give it UP!! Go Home And Listen to Your Right Wing Preachers from The States",
                    "comment_time": "2022-02-16 23:25:42",
                    "comment_image": "https://scontent.xx.fbcdn.net/m1/v/t6/An_UvxJXg9tdnLU3Y5qjPi0200MLilhzPXUgxzGjQzUMaNcmjdZA6anyrngvkdub33NZzZhd51fpCAEzNHFhko5aKRFP5fS1w_lKwYrzcNLupv27.png?ccb=10-5&oh=00_AT9C82irDy7Sn8cI_UEelmRC1FY5K5jw2pfWXlZ8QaKL1g&oe=62246CF9&_nc_sid=55e238",
                    "comment_reactors": [],
                    "comment_reactions": null,
                    "comment_reaction_count": null
                },
                {
                    "comment_id": "10159563414118904",
                    "comment_url": "https://facebook.com/10159563414118904",
                    "commenter_id": "100067975994400",
                    "commenter_url": "https://facebook.com/jeremy.devos.106?fref=nf&rc=p",
                    "commenter_name": "Jeremiah Devose",
                    "commenter_meta": null,
                    "comment_text": "Robin Hardement 100%",
                    "comment_time": "2022-02-16 23:25:42",
                    "comment_image": null,
                    "comment_reactors": [],
                    "comment_reactions": null,
                    "comment_reaction_count": null
                },
                {
                    "comment_id": "10159563730388904",
                    "comment_url": "https://facebook.com/10159563730388904",
                    "commenter_id": "509741956",
                    "commenter_url": "https://facebook.com/chris.ruest1?fref=nf&rc=p",
                    "commenter_name": "Chris Ruest",
                    "commenter_meta": null,
                    "comment_text": "Robin Hardement",
                    "comment_time": "2022-02-16 23:25:42",
                    "comment_image": "https://media1.giphy.com/media/7Jq6ufAgpblcm0Ih2z/giphy.gif?cid=120c01473bb7uhnib6h8vukcaqr4qx528chpiwieluxc4vc6&rid=giphy.gif&ct=g&fbclid=IwAR1LVrzJzlVFpApRF3mJD9UNg4quUl323WSkFwIrPFeAkXrj3ao88AHsYOY",
                    "comment_reactors": [],
                    "comment_reactions": null,
                    "comment_reaction_count": null
                },
                {
                    "comment_id": "10159565426103904",
                    "comment_url": "https://facebook.com/10159565426103904",
                    "commenter_id": "830900505",
                    "commenter_url": "https://facebook.com/foogie71?fref=nf&rc=p",
                    "commenter_name": "Peter Stuart",
                    "commenter_meta": "Top fan",
                    "comment_text": "Samuel Gagnon lol... it wasn't the war measures act... honestly... if you don't know what you're talking about... don't bother",
                    "comment_time": "2022-02-16 23:25:42",
                    "comment_image": "https://static.xx.fbcdn.net/rsrc.php/v3/y7/r/4bRBCBmu1Q9.png",
                    "comment_reactors": [],
                    "comment_reactions": null,
                    "comment_reaction_count": null
                },
                {
                    "comment_id": "10159565443603904",
                    "comment_url": "https://facebook.com/10159565443603904",
                    "commenter_id": "1424624058",
                    "commenter_url": "https://facebook.com/Daniel.Malcolm.Carroll?fref=nf&rc=p",
                    "commenter_name": "Dan Carroll",
                    "commenter_meta": null,
                    "comment_text": "Google rcmp officer Robert sampson too. What a character!!!",
                    "comment_time": "2022-02-16 23:25:42",
                    "comment_image": null,
                    "comment_reactors": [],
                    "comment_reactions": null,
                    "comment_reaction_count": null
                },
                {
                    "comment_id": "10159566094953904",
                    "comment_url": "https://facebook.com/10159566094953904",
                    "commenter_id": "536650649",
                    "commenter_url": "https://facebook.com/christine.ploeg?fref=nf&rc=p",
                    "commenter_name": "Christine Ploeg",
                    "commenter_meta": null,
                    "comment_text": "Peter Stuart they rebranded it and expanded its application but trust me it\u2019s the war measures act. Dont be naive.",
                    "comment_time": "2022-02-16 23:25:42",
                    "comment_image": "https://scontent.xx.fbcdn.net/m1/v/t6/An_UvxJXg9tdnLU3Y5qjPi0200MLilhzPXUgxzGjQzUMaNcmjdZA6anyrngvkdub33NZzZhd51fpCAEzNHFhko5aKRFP5fS1w_lKwYrzcNLupv27.png?ccb=10-5&oh=00_AT9C82irDy7Sn8cI_UEelmRC1FY5K5jw2pfWXlZ8QaKL1g&oe=62246CF9&_nc_sid=55e238",
                    "comment_reactors": [],
                    "comment_reactions": null,
                    "comment_reaction_count": null
                }
            ]
        },
        {
            "comment_id": "10159563339323904",
            "comment_url": "https://facebook.com/10159563339323904",
            "commenter_id": "734314458",
            "commenter_url": "https://facebook.com/pina.b.hayes?fref=nf&rc=p&refid=52",
            "commenter_name": "Pina Boragina Hayes",
            "commenter_meta": null,
            "comment_text": "Good - it\u2019s not the Canadian way! We are NOT a gun loving culture\u2026.",
            "comment_time": "2022-02-16 23:25:39",
            "comment_image": null,
            "comment_reactors": [],
            "comment_reactions": null,
            "comment_reaction_count": null,
            "replies": [
                {
                    "comment_id": "10159563351068904",
                    "comment_url": "https://facebook.com/10159563351068904",
                    "commenter_id": "100000724843245",
                    "commenter_url": "https://facebook.com/troy.cooper.750?fref=nf&rc=p",
                    "commenter_name": "Troy Cooper",
                    "commenter_meta": null,
                    "comment_text": "No you are a boot licking culture",
                    "comment_time": "2022-02-16 23:25:42",
                    "comment_image": "https://scontent.xx.fbcdn.net/m1/v/t6/An_F9bJG7govfshSMBkvcRLcxT0jmiXVYKtr7lgH5AHgUrjjpZ1OD0xyxXYgf7arc0lWgCdrR_KN4Mg7RSN3Gm3W6Gg03N1tQ-ZXzVvFJ_KvvB4.png?ccb=10-5&oh=00_AT8ScZKrgCPhmfSgYBZgvnQHv14vvPQpgzOW8DDMFGGodg&oe=62243F67&_nc_sid=55e238",
                    "comment_reactors": [],
                    "comment_reactions": null,
                    "comment_reaction_count": null
                },
                {
                    "comment_id": "10159563354608904",
                    "comment_url": "https://facebook.com/10159563354608904",
                    "commenter_id": "100005858438143",
                    "commenter_url": "https://facebook.com/matthew.foley.7359?fref=nf&rc=p",
                    "commenter_name": "Matt Foley",
                    "commenter_meta": null,
                    "comment_text": "Troy oh, cupcake..who hurt you?",
                    "comment_time": "2022-02-16 23:25:42",
                    "comment_image": "https://scontent.xx.fbcdn.net/m1/v/t6/An_UvxJXg9tdnLU3Y5qjPi0200MLilhzPXUgxzGjQzUMaNcmjdZA6anyrngvkdub33NZzZhd51fpCAEzNHFhko5aKRFP5fS1w_lKwYrzcNLupv27.png?ccb=10-5&oh=00_AT9C82irDy7Sn8cI_UEelmRC1FY5K5jw2pfWXlZ8QaKL1g&oe=62246CF9&_nc_sid=55e238",
                    "comment_reactors": [],
                    "comment_reactions": null,
                    "comment_reaction_count": null
                },
                {
                    "comment_id": "10159563375128904",
                    "comment_url": "https://facebook.com/10159563375128904",
                    "commenter_id": "100000407906902",
                    "commenter_url": "https://facebook.com/donna.mccaw.7?fref=nf&rc=p",
                    "commenter_name": "Donna McCaw",
                    "commenter_meta": null,
                    "comment_text": "Troy Cooper try to nice Troy. You can do it.",
                    "comment_time": "2022-02-16 23:25:42",
                    "comment_image": "https://scontent.xx.fbcdn.net/m1/v/t6/An_UvxJXg9tdnLU3Y5qjPi0200MLilhzPXUgxzGjQzUMaNcmjdZA6anyrngvkdub33NZzZhd51fpCAEzNHFhko5aKRFP5fS1w_lKwYrzcNLupv27.png?ccb=10-5&oh=00_AT9C82irDy7Sn8cI_UEelmRC1FY5K5jw2pfWXlZ8QaKL1g&oe=62246CF9&_nc_sid=55e238",
                    "comment_reactors": [],
                    "comment_reactions": null,
                    "comment_reaction_count": null
                },
                {
                    "comment_id": "10159563380288904",
                    "comment_url": "https://facebook.com/10159563380288904",
                    "commenter_id": "773015172",
                    "commenter_url": "https://facebook.com/shane.gallinger.3?fref=nf&rc=p",
                    "commenter_name": "Shane Gallinger",
                    "commenter_meta": null,
                    "comment_text": "Pina Boragina Hayes correction. We are not ALLOWED to be a gun loving culture by our masters.",
                    "comment_time": "2022-02-16 23:25:42",
                    "comment_image": "https://scontent.xx.fbcdn.net/m1/v/t6/An_UvxJXg9tdnLU3Y5qjPi0200MLilhzPXUgxzGjQzUMaNcmjdZA6anyrngvkdub33NZzZhd51fpCAEzNHFhko5aKRFP5fS1w_lKwYrzcNLupv27.png?ccb=10-5&oh=00_AT9C82irDy7Sn8cI_UEelmRC1FY5K5jw2pfWXlZ8QaKL1g&oe=62246CF9&_nc_sid=55e238",
                    "comment_reactors": [],
                    "comment_reactions": null,
                    "comment_reaction_count": null
                },
                {
                    "comment_id": "10159563416448904",
                    "comment_url": "https://facebook.com/10159563416448904",
                    "commenter_id": "734314458",
                    "commenter_url": "https://facebook.com/pina.b.hayes?fref=nf&rc=p",
                    "commenter_name": "Pina Boragina Hayes",
                    "commenter_meta": null,
                    "comment_text": "Troy Cooper - Canadians are not paranoid that everyone is packing and are coming to get you\u2026typically we can go to the mall, school, church, etc \u2026walk down any street and not feel like someone may shoot us\u2026that\u2019s who Canadians are\u2026",
                    "comment_time": "2022-02-16 23:25:42",
                    "comment_image": "https://scontent.xx.fbcdn.net/m1/v/t6/An_UvxJXg9tdnLU3Y5qjPi0200MLilhzPXUgxzGjQzUMaNcmjdZA6anyrngvkdub33NZzZhd51fpCAEzNHFhko5aKRFP5fS1w_lKwYrzcNLupv27.png?ccb=10-5&oh=00_AT9C82irDy7Sn8cI_UEelmRC1FY5K5jw2pfWXlZ8QaKL1g&oe=62246CF9&_nc_sid=55e238",
                    "comment_reactors": [],
                    "comment_reactions": null,
                    "comment_reaction_count": null
                },
                {
                    "comment_id": "10159563417728904",
                    "comment_url": "https://facebook.com/10159563417728904",
                    "commenter_id": "734314458",
                    "commenter_url": "https://facebook.com/pina.b.hayes?fref=nf&rc=p",
                    "commenter_name": "Pina Boragina Hayes",
                    "commenter_meta": null,
                    "comment_text": "Shane Gallinger trust me, you don\u2019t want to go that route - careful what you wish for, trust me I know what I\u2019m talking about\u2026",
                    "comment_time": "2022-02-16 23:25:42",
                    "comment_image": "https://scontent.xx.fbcdn.net/m1/v/t6/An_F9bJG7govfshSMBkvcRLcxT0jmiXVYKtr7lgH5AHgUrjjpZ1OD0xyxXYgf7arc0lWgCdrR_KN4Mg7RSN3Gm3W6Gg03N1tQ-ZXzVvFJ_KvvB4.png?ccb=10-5&oh=00_AT8ScZKrgCPhmfSgYBZgvnQHv14vvPQpgzOW8DDMFGGodg&oe=62243F67&_nc_sid=55e238",
                    "comment_reactors": [],
                    "comment_reactions": null,
                    "comment_reaction_count": null
                },
                {
                    "comment_id": "10159563426368904",
                    "comment_url": "https://facebook.com/10159563426368904",
                    "commenter_id": "773015172",
                    "commenter_url": "https://facebook.com/shane.gallinger.3?fref=nf&rc=p",
                    "commenter_name": "Shane Gallinger",
                    "commenter_meta": null,
                    "comment_text": "Pina Boragina Hayes I've seen how governments treat an unarmed populace. I think that's a whole lot worse.",
                    "comment_time": "2022-02-16 23:25:42",
                    "comment_image": "https://scontent.xx.fbcdn.net/m1/v/t6/An_UvxJXg9tdnLU3Y5qjPi0200MLilhzPXUgxzGjQzUMaNcmjdZA6anyrngvkdub33NZzZhd51fpCAEzNHFhko5aKRFP5fS1w_lKwYrzcNLupv27.png?ccb=10-5&oh=00_AT9C82irDy7Sn8cI_UEelmRC1FY5K5jw2pfWXlZ8QaKL1g&oe=62246CF9&_nc_sid=55e238",
                    "comment_reactors": [],
                    "comment_reactions": null,
                    "comment_reaction_count": null
                },
                {
                    "comment_id": "10159563429048904",
                    "comment_url": "https://facebook.com/10159563429048904",
                    "commenter_id": "734314458",
                    "commenter_url": "https://facebook.com/pina.b.hayes?fref=nf&rc=p",
                    "commenter_name": "Pina Boragina Hayes",
                    "commenter_meta": null,
                    "comment_text": "Shane Gallinger don\u2019t drink too much of the juice - don\u2019t go conspiracy theory\u2026.",
                    "comment_time": "2022-02-16 23:25:43",
                    "comment_image": "https://scontent.xx.fbcdn.net/m1/v/t6/An_UvxJXg9tdnLU3Y5qjPi0200MLilhzPXUgxzGjQzUMaNcmjdZA6anyrngvkdub33NZzZhd51fpCAEzNHFhko5aKRFP5fS1w_lKwYrzcNLupv27.png?ccb=10-5&oh=00_AT9C82irDy7Sn8cI_UEelmRC1FY5K5jw2pfWXlZ8QaKL1g&oe=62246CF9&_nc_sid=55e238",
                    "comment_reactors": [],
                    "comment_reactions": null,
                    "comment_reaction_count": null
                },
                {
                    "comment_id": "10159563432808904",
                    "comment_url": "https://facebook.com/10159563432808904",
                    "commenter_id": "773015172",
                    "commenter_url": "https://facebook.com/shane.gallinger.3?fref=nf&rc=p",
                    "commenter_name": "Shane Gallinger",
                    "commenter_meta": null,
                    "comment_text": "Pina Boragina Hayes the term \"conspiracy theory\" means nothing anymore.\n\nI need only look around the world today and consider the events of history. Therefore, it is no theory. It is reality.",
                    "comment_time": "2022-02-16 23:25:43",
                    "comment_image": "https://scontent.xx.fbcdn.net/m1/v/t6/An_UvxJXg9tdnLU3Y5qjPi0200MLilhzPXUgxzGjQzUMaNcmjdZA6anyrngvkdub33NZzZhd51fpCAEzNHFhko5aKRFP5fS1w_lKwYrzcNLupv27.png?ccb=10-5&oh=00_AT9C82irDy7Sn8cI_UEelmRC1FY5K5jw2pfWXlZ8QaKL1g&oe=62246CF9&_nc_sid=55e238",
                    "comment_reactors": [],
                    "comment_reactions": null,
                    "comment_reaction_count": null
                },
                {
                    "comment_id": "10159563456718904",
                    "comment_url": "https://facebook.com/10159563456718904",
                    "commenter_id": "100000724843245",
                    "commenter_url": "https://facebook.com/troy.cooper.750?fref=nf&rc=p",
                    "commenter_name": "Troy Cooper",
                    "commenter_meta": null,
                    "comment_text": "The indigenous people of Canada sure could use some guns to protect themselves from Canadians!",
                    "comment_time": "2022-02-16 23:25:43",
                    "comment_image": "https://scontent.xx.fbcdn.net/m1/v/t6/An_UvxJXg9tdnLU3Y5qjPi0200MLilhzPXUgxzGjQzUMaNcmjdZA6anyrngvkdub33NZzZhd51fpCAEzNHFhko5aKRFP5fS1w_lKwYrzcNLupv27.png?ccb=10-5&oh=00_AT9C82irDy7Sn8cI_UEelmRC1FY5K5jw2pfWXlZ8QaKL1g&oe=62246CF9&_nc_sid=55e238",
                    "comment_reactors": [],
                    "comment_reactions": null,
                    "comment_reaction_count": null
                },
                {
                    "comment_id": "10159563527748904",
                    "comment_url": "https://facebook.com/10159563527748904",
                    "commenter_id": "1832108224",
                    "commenter_url": "https://facebook.com/michael.szeller?fref=nf&rc=p",
                    "commenter_name": "Michael Szeller",
                    "commenter_meta": null,
                    "comment_text": "Troy Cooper most have them. You clearly don\u2019t have a clue about Canada. Many hunt and fish for food.",
                    "comment_time": "2022-02-16 23:25:43",
                    "comment_image": "https://scontent.xx.fbcdn.net/m1/v/t6/An-SJYN61eefFdoaV8pa0G_5_APCa0prZaqkZGXpCFeUCLCg89UPOqSkSZxJkLy0hAKKpUIPEB91mo9yBBfcAqcwmpEu5jN_jmJufFtJoVJCUklu.png?ccb=10-5&oh=00_AT_uC16R89XISW2BLH-gvAeIZ-6knN-rLSiRLuYO7e7b3A&oe=6225C35F&_nc_sid=55e238",
                    "comment_reactors": [],
                    "comment_reactions": null,
                    "comment_reaction_count": null
                },
                {
                    "comment_id": "10159564747048904",
                    "comment_url": "https://facebook.com/10159564747048904",
                    "commenter_id": "1205308651",
                    "commenter_url": "https://facebook.com/n3axe?fref=nf&rc=p",
                    "commenter_name": "Jim Dietz",
                    "commenter_meta": null,
                    "comment_text": "Pina Boragina Hayes ... Canada is full of hunters.... it is a way of life... get over yourself... maybe city dwellers think like you, but 90% of Canada is hunting country..... deal with it...",
                    "comment_time": "2022-02-16 23:25:43",
                    "comment_image": null,
                    "comment_reactors": [],
                    "comment_reactions": null,
                    "comment_reaction_count": null
                },
                {
                    "comment_id": "10159565189718904",
                    "comment_url": "https://facebook.com/10159565189718904",
                    "commenter_id": "734314458",
                    "commenter_url": "https://facebook.com/pina.b.hayes?fref=nf&rc=p",
                    "commenter_name": "Pina Boragina Hayes",
                    "commenter_meta": null,
                    "comment_text": "Jim Dietz that\u2019s different - growing up many of my friends dads were hunters - that\u2019s NOT what I\u2019m referring to, I think you know what I\u2019m getting at, that whole US gun mentality - you get a gun, you get a gun, you get a gun\u2026like Oprah giving out cars!",
                    "comment_time": "2022-02-16 23:25:43",
                    "comment_image": null,
                    "comment_reactors": [],
                    "comment_reactions": null,
                    "comment_reaction_count": null
                },
                {
                    "comment_id": "10159566096453904",
                    "comment_url": "https://facebook.com/10159566096453904",
                    "commenter_id": "536650649",
                    "commenter_url": "https://facebook.com/christine.ploeg?fref=nf&rc=p",
                    "commenter_name": "Christine Ploeg",
                    "commenter_meta": null,
                    "comment_text": "Pina Boragina Hayes i am.",
                    "comment_time": "2022-02-16 23:25:43",
                    "comment_image": null,
                    "comment_reactors": [],
                    "comment_reactions": null,
                    "comment_reaction_count": null
                }
            ]
        },
        {
            "comment_id": "10159565481248904",
            "comment_url": "https://facebook.com/10159565481248904",
            "commenter_id": "1587237855",
            "commenter_url": "https://facebook.com/michdistasi1?fref=nf&rc=p&refid=52",
            "commenter_name": "Distasi Mich",
            "commenter_meta": null,
            "comment_text": "This was a set up from the rcmp, shame on them",
            "comment_time": "2022-02-16 23:25:39",
            "comment_image": null,
            "comment_reactors": [],
            "comment_reactions": null,
            "comment_reaction_count": null,
            "replies": []
        },
        {
            "comment_id": "10159563406523904",
            "comment_url": "https://facebook.com/10159563406523904",
            "commenter_id": "100011229437944",
            "commenter_url": "https://facebook.com/profile.php?id=100011229437944&fref=nf&rc=p&refid=52",
            "commenter_name": "Dale Domshy",
            "commenter_meta": null,
            "comment_text": "Peaceful protesters.....\n.ya right",
            "comment_time": "2022-02-16 23:25:39",
            "comment_image": null,
            "comment_reactors": [],
            "comment_reactions": null,
            "comment_reaction_count": null,
            "replies": []
        },
        {
            "comment_id": "10159565387188904",
            "comment_url": "https://facebook.com/10159565387188904",
            "commenter_id": "529208994",
            "commenter_url": "https://facebook.com/trevorholsworth?fref=nf&rc=p&refid=52",
            "commenter_name": "Trevor Holsworth",
            "commenter_meta": null,
            "comment_text": "has anyone ever had police frame them with planted evidence?",
            "comment_time": "2022-02-16 23:25:39",
            "comment_image": null,
            "comment_reactors": [],
            "comment_reactions": null,
            "comment_reaction_count": null,
            "replies": []
        },
        {
            "comment_id": "10159563311748904",
            "comment_url": "https://facebook.com/10159563311748904",
            "commenter_id": "100004600094071",
            "commenter_url": "https://facebook.com/daniel.okeefe.1420?fref=nf&rc=p&refid=52",
            "commenter_name": "Daniel O'Keefe",
            "commenter_meta": null,
            "comment_text": "This should stand out...\n\n\"became aware of a small organized group WITHIN the larger Coutts protest\u201d who had access to firearms and \u201cwas said to have a willingness to use force against police\u201d\n\nMore info is needed. Were other protesters aware? What was the dynamic which made the RCMP look in the first place?\n\nWere they already watching any of these people or this organization BEFORE and allowed them to participate?...\n.\ud83e\udd14\n\nThis changes how the law can handle the protest, not saying it is or isn't, but what if it was let alone long enough so that they COULD change the game through this \"became aware\" situation\ud83e\udd37...just sayin'",
            "comment_time": "2022-02-16 23:25:39",
            "comment_image": null,
            "comment_reactors": [],
            "comment_reactions": null,
            "comment_reaction_count": null,
            "replies": [
                {
                    "comment_id": "10159563325093904",
                    "comment_url": "https://facebook.com/10159563325093904",
                    "commenter_id": "100000401703493",
                    "commenter_url": "https://facebook.com/joe.keefhaver?fref=nf&rc=p",
                    "commenter_name": "Joe Keefhaver",
                    "commenter_meta": null,
                    "comment_text": "Daniel O'Keefe Maybe the RCMP is telling the truth.",
                    "comment_time": "2022-02-16 23:25:44",
                    "comment_image": null,
                    "comment_reactors": [],
                    "comment_reactions": null,
                    "comment_reaction_count": null
                },
                {
                    "comment_id": "10159563335398904",
                    "comment_url": "https://facebook.com/10159563335398904",
                    "commenter_id": "100004600094071",
                    "commenter_url": "https://facebook.com/daniel.okeefe.1420?fref=nf&rc=p",
                    "commenter_name": "Daniel O'Keefe",
                    "commenter_meta": null,
                    "comment_text": "Joe Keefhaver I don't doubt it. But maybe they are leaving out details which clarify that truth....\ud83e\udd14...so I ask for that..",
                    "comment_time": "2022-02-16 23:25:44",
                    "comment_image": "https://scontent.xx.fbcdn.net/m1/v/t6/An_UvxJXg9tdnLU3Y5qjPi0200MLilhzPXUgxzGjQzUMaNcmjdZA6anyrngvkdub33NZzZhd51fpCAEzNHFhko5aKRFP5fS1w_lKwYrzcNLupv27.png?ccb=10-5&oh=00_AT9C82irDy7Sn8cI_UEelmRC1FY5K5jw2pfWXlZ8QaKL1g&oe=62246CF9&_nc_sid=55e238",
                    "comment_reactors": [],
                    "comment_reactions": null,
                    "comment_reaction_count": null
                },
                {
                    "comment_id": "10159563341258904",
                    "comment_url": "https://facebook.com/10159563341258904",
                    "commenter_id": "100003706554785",
                    "commenter_url": "https://facebook.com/colin.young.9404?fref=nf&rc=p",
                    "commenter_name": "Colin Young",
                    "commenter_meta": null,
                    "comment_text": "Daniel O'Keefe tin foil hat wearing mofo",
                    "comment_time": "2022-02-16 23:25:44",
                    "comment_image": "https://scontent.xx.fbcdn.net/m1/v/t6/An_F9bJG7govfshSMBkvcRLcxT0jmiXVYKtr7lgH5AHgUrjjpZ1OD0xyxXYgf7arc0lWgCdrR_KN4Mg7RSN3Gm3W6Gg03N1tQ-ZXzVvFJ_KvvB4.png?ccb=10-5&oh=00_AT8ScZKrgCPhmfSgYBZgvnQHv14vvPQpgzOW8DDMFGGodg&oe=62243F67&_nc_sid=55e238",
                    "comment_reactors": [],
                    "comment_reactions": null,
                    "comment_reaction_count": null
                },
                {
                    "comment_id": "10159563358553904",
                    "comment_url": "https://facebook.com/10159563358553904",
                    "commenter_id": "629645530",
                    "commenter_url": "https://facebook.com/david.rochon?fref=nf&rc=p",
                    "commenter_name": "David Rochon",
                    "commenter_meta": "Top fan",
                    "comment_text": "Daniel O'Keefe why do any of your questions matter? They were there. They were armed. A better question is what attracts these people to this protest?",
                    "comment_time": "2022-02-16 23:25:44",
                    "comment_image": "https://static.xx.fbcdn.net/rsrc.php/v3/y7/r/4bRBCBmu1Q9.png",
                    "comment_reactors": [],
                    "comment_reactions": null,
                    "comment_reaction_count": null
                },
                {
                    "comment_id": "10159563362803904",
                    "comment_url": "https://facebook.com/10159563362803904",
                    "commenter_id": "100004600094071",
                    "commenter_url": "https://facebook.com/daniel.okeefe.1420?fref=nf&rc=p",
                    "commenter_name": "Daniel O'Keefe",
                    "commenter_meta": null,
                    "comment_text": "David Rochon they were NOT armed. That's why. The RCMP raided locations KNOWN to be associated with a small group at the protest. Those things were found at 3 locations.\n\nThey don't wear t-shirts that announce that they are not with the greater protest.\n\nJust like all of the other protests, ever, there will always be people who find their way in and cause trouble. It is the bane of legitimate protest.",
                    "comment_time": "2022-02-16 23:25:44",
                    "comment_image": null,
                    "comment_reactors": [],
                    "comment_reactions": null,
                    "comment_reaction_count": null
                },
                {
                    "comment_id": "10159563380678904",
                    "comment_url": "https://facebook.com/10159563380678904",
                    "commenter_id": "629645530",
                    "commenter_url": "https://facebook.com/david.rochon?fref=nf&rc=p",
                    "commenter_name": "David Rochon",
                    "commenter_meta": "Top fan",
                    "comment_text": "Daniel O'Keefe funny, I didn\u2019t hear about racist flags and guns associated with the BLM protests in Canada.",
                    "comment_time": "2022-02-16 23:25:44",
                    "comment_image": "https://static.xx.fbcdn.net/rsrc.php/v3/y7/r/4bRBCBmu1Q9.png",
                    "comment_reactors": [],
                    "comment_reactions": null,
                    "comment_reaction_count": null
                },
                {
                    "comment_id": "10159563386003904",
                    "comment_url": "https://facebook.com/10159563386003904",
                    "commenter_id": "100004600094071",
                    "commenter_url": "https://facebook.com/daniel.okeefe.1420?fref=nf&rc=p",
                    "commenter_name": "Daniel O'Keefe",
                    "commenter_meta": null,
                    "comment_text": "David Rochon \ud83e\udd26\u200d\u2642\ufe0f...listen. You've decided the outcome you desire and what it all means.\n\nThat the RCMP has been investigating for DAYS. That they were made aware BEFORE this SMALL GROUP independent from the protest (all their words) arrived.....doe\nsn't appear to matter, you will parrot words into dialogue and hope it blends to form a narrative.....t\nhat's a shame really, when folks are willing to massage pieces of truth into a narrative which says something totally different.\n\nOh, this was live presser from the RCMP before you dismiss it because it's YouTube....\n\nhttps://\nyoutu.be/\nS64j7NmihY4",
                    "comment_time": "2022-02-16 23:25:45",
                    "comment_image": "https://youtu.be/S64j7NmihY4?fbclid=IwAR3kgG3c-yJco7oUL73msIfn_eUbL_vq9lSgxrs9oKWT9BE3L0Q5Qbc-Oxg",
                    "comment_reactors": [],
                    "comment_reactions": null,
                    "comment_reaction_count": null
                },
                {
                    "comment_id": "10159563397658904",
                    "comment_url": "https://facebook.com/10159563397658904",
                    "commenter_id": "629645530",
                    "commenter_url": "https://facebook.com/david.rochon?fref=nf&rc=p",
                    "commenter_name": "David Rochon",
                    "commenter_meta": "Top fan",
                    "comment_text": "Daniel O'Keefe you stated this element is part of all protests. It\u2019s not. And so my question is, what is drawing this element to the trucker protest? Why are people being arrested now?",
                    "comment_time": "2022-02-16 23:25:45",
                    "comment_image": "https://static.xx.fbcdn.net/rsrc.php/v3/y7/r/4bRBCBmu1Q9.png",
                    "comment_reactors": [],
                    "comment_reactions": null,
                    "comment_reaction_count": null
                },
                {
                    "comment_id": "10159563406678904",
                    "comment_url": "https://facebook.com/10159563406678904",
                    "commenter_id": "100004600094071",
                    "commenter_url": "https://facebook.com/daniel.okeefe.1420?fref=nf&rc=p",
                    "commenter_name": "Daniel O'Keefe",
                    "commenter_meta": null,
                    "comment_text": "David Rochon interesting. You just did what I accused you of being willing to do. You stated that I said this element is part of all protests. When in fact what I said is there will always be people who find their way in and cause trouble. I challenge you to look at any protest including the BLM protest and any other protest that's happened in Canada and show me that there weren't people who cause trouble.\n\nThere are often arrests. In fact it's unusual to have protests anymore without arrest. Now, if you want to focus on one protest that had no negative outcomes fine, find one. It's not the majority in almost all if not all cases there's vandalism, there's assault, there's disruption, there are arrests, and yes there are vile unacceptable expressions of hate and intolerance and not necessarily from one side or the other.\n\nSo if your goal here is somehow to suggest the purity of one protest of over another. Good luck.\n\nThese protests in Ottawa Coutts and Milk River and elsewhere have been largely uneventful except when LE has entered the scene.\n\nAll that said. If you can't accept that this group (which has been present it seems for many days) is a fringe in and of itself. Not part of the larger organization despite those words directly from the RCMP, that's on you.\n\nAdditionally the Alberta protests at the border are not part of the trucker convoy and its organization for what it's worth. You can also choose to believe that or not. If you're curious enough you'll find out and learn about the leaders of the trucker convoy and how the Coutts and Milk River ones sympathized but we're not part of the same organization any more than the convoys in Australia and the US and France and England and Brazil and many other places are..... A common feeling shared and expressed in a common way by a huge majority.... peaceful, like we've never seen peaceful protest before.... And then you get these yahoos.... The exception, not the rule.",
                    "comment_time": "2022-02-16 23:25:45",
                    "comment_image": null,
                    "comment_reactors": [],
                    "comment_reactions": null,
                    "comment_reaction_count": null
                },
                {
                    "comment_id": "10159563409123904",
                    "comment_url": "https://facebook.com/10159563409123904",
                    "commenter_id": "629645530",
                    "commenter_url": "https://facebook.com/david.rochon?fref=nf&rc=p",
                    "commenter_name": "David Rochon",
                    "commenter_meta": "Top fan",
                    "comment_text": "Daniel O'Keefe show me one shot of a Canadian BLM protester waving a Nazi flag.",
                    "comment_time": "2022-02-16 23:25:45",
                    "comment_image": "https://static.xx.fbcdn.net/rsrc.php/v3/y7/r/4bRBCBmu1Q9.png",
                    "comment_reactors": [],
                    "comment_reactions": null,
                    "comment_reaction_count": null
                },
                {
                    "comment_id": "10159563412118904",
                    "comment_url": "https://facebook.com/10159563412118904",
                    "commenter_id": "629645530",
                    "commenter_url": "https://facebook.com/david.rochon?fref=nf&rc=p",
                    "commenter_name": "David Rochon",
                    "commenter_meta": "Top fan",
                    "comment_text": "Daniel O'Keefe so you only consider those you approve of as part of the protest? They\u2019re all claiming to be part of the trucker protest and all calling for an end to mandated. As well people are being arrested at the Ottawa occupation. You know, the official protest.",
                    "comment_time": "2022-02-16 23:25:45",
                    "comment_image": "https://static.xx.fbcdn.net/rsrc.php/v3/y7/r/4bRBCBmu1Q9.png",
                    "comment_reactors": [],
                    "comment_reactions": null,
                    "comment_reaction_count": null
                },
                {
                    "comment_id": "10159564392143904",
                    "comment_url": "https://facebook.com/10159564392143904",
                    "commenter_id": "100009177555020",
                    "commenter_url": "https://facebook.com/profile.php?id=100009177555020&fref=nf&rc=p",
                    "commenter_name": "Problematic Voice",
                    "commenter_meta": null,
                    "comment_text": "Daniel O'Keefe I wonder who was leading this \u201csmall group\u201d and if their names and photos will be released to the public, or would that involve something as nefarious as blowing the cover off our brave men and women in CSIS",
                    "comment_time": "2022-02-16 23:25:45",
                    "comment_image": "https://scontent.xx.fbcdn.net/m1/v/t6/An_UvxJXg9tdnLU3Y5qjPi0200MLilhzPXUgxzGjQzUMaNcmjdZA6anyrngvkdub33NZzZhd51fpCAEzNHFhko5aKRFP5fS1w_lKwYrzcNLupv27.png?ccb=10-5&oh=00_AT9C82irDy7Sn8cI_UEelmRC1FY5K5jw2pfWXlZ8QaKL1g&oe=62246CF9&_nc_sid=55e238",
                    "comment_reactors": [],
                    "comment_reactions": null,
                    "comment_reaction_count": null
                },
                {
                    "comment_id": "10159565199908904",
                    "comment_url": "https://facebook.com/10159565199908904",
                    "commenter_id": "1205308651",
                    "commenter_url": "https://facebook.com/n3axe?fref=nf&rc=p",
                    "commenter_name": "Jim Dietz",
                    "commenter_meta": null,
                    "comment_text": "Daniel O'Keefe ..no proof, fake news... you made this up...",
                    "comment_time": "2022-02-16 23:25:45",
                    "comment_image": null,
                    "comment_reactors": [],
                    "comment_reactions": null,
                    "comment_reaction_count": null
                },
                {
                    "comment_id": "10159565203613904",
                    "comment_url": "https://facebook.com/10159565203613904",
                    "commenter_id": "100004600094071",
                    "commenter_url": "https://facebook.com/daniel.okeefe.1420?fref=nf&rc=p",
                    "commenter_name": "Daniel O'Keefe",
                    "commenter_meta": null,
                    "comment_text": "Jim Dietz made what up? Nothing to make up. What I wrote were words right out of the RCMP's spokespersons mouth yesterday and the transcript of that, hence the quotes. My questions? Yeah, I made those up, that's why they are called questions.....",
                    "comment_time": "2022-02-16 23:25:45",
                    "comment_image": null,
                    "comment_reactors": [],
                    "comment_reactions": null,
                    "comment_reaction_count": null
                }
            ]
        },
        {
            "comment_id": "10159563211633904",
            "comment_url": "https://facebook.com/10159563211633904",
            "commenter_id": "100003482750320",
            "commenter_url": "https://facebook.com/pgjoly?fref=nf&rc=p&refid=52",
            "commenter_name": "Pierre G. Joly",
            "commenter_meta": null,
            "comment_text": "So, if the RCMP stops all cars on an Alberta highway, on any day, they would likely find some guns the drivers have with them for a variety of good, valid and legal reasons. Same would apply in all other provinces, let's not jump to conclusions.",
            "comment_time": "2022-02-16 23:25:39",
            "comment_image": null,
            "comment_reactors": [],
            "comment_reactions": null,
            "comment_reaction_count": null,
            "replies": [
                {
                    "comment_id": "10159563225463904",
                    "comment_url": "https://facebook.com/10159563225463904",
                    "commenter_id": "650936396",
                    "commenter_url": "https://facebook.com/simon.a.james.420?fref=nf&rc=p",
                    "commenter_name": "Simon A. James",
                    "commenter_meta": "Top fan",
                    "comment_text": "Pierre G. Joly What's the good, valid, and legal reason to have high capacity magazines...?",
                    "comment_time": "2022-02-16 23:25:45",
                    "comment_image": "https://static.xx.fbcdn.net/rsrc.php/v3/y7/r/4bRBCBmu1Q9.png",
                    "comment_reactors": [],
                    "comment_reactions": null,
                    "comment_reaction_count": null
                },
                {
                    "comment_id": "10159563227303904",
                    "comment_url": "https://facebook.com/10159563227303904",
                    "commenter_id": "100011255710508",
                    "commenter_url": "https://facebook.com/profile.php?id=100011255710508&fref=nf&rc=p",
                    "commenter_name": "Jim Preyde",
                    "commenter_meta": null,
                    "comment_text": "Simon A. James... at a protest?",
                    "comment_time": "2022-02-16 23:25:45",
                    "comment_image": "https://scontent.xx.fbcdn.net/m1/v/t6/An_UvxJXg9tdnLU3Y5qjPi0200MLilhzPXUgxzGjQzUMaNcmjdZA6anyrngvkdub33NZzZhd51fpCAEzNHFhko5aKRFP5fS1w_lKwYrzcNLupv27.png?ccb=10-5&oh=00_AT9C82irDy7Sn8cI_UEelmRC1FY5K5jw2pfWXlZ8QaKL1g&oe=62246CF9&_nc_sid=55e238",
                    "comment_reactors": [],
                    "comment_reactions": null,
                    "comment_reaction_count": null
                },
                {
                    "comment_id": "10159563227733904",
                    "comment_url": "https://facebook.com/10159563227733904",
                    "commenter_id": "650936396",
                    "commenter_url": "https://facebook.com/simon.a.james.420?fref=nf&rc=p",
                    "commenter_name": "Simon A. James",
                    "commenter_meta": "Top fan",
                    "comment_text": "Jim Preyde Exactly",
                    "comment_time": "2022-02-16 23:25:45",
                    "comment_image": "https://static.xx.fbcdn.net/rsrc.php/v3/y7/r/4bRBCBmu1Q9.png",
                    "comment_reactors": [],
                    "comment_reactions": null,
                    "comment_reaction_count": null
                },
                {
                    "comment_id": "10159563229488904",
                    "comment_url": "https://facebook.com/10159563229488904",
                    "commenter_id": "100011255710508",
                    "commenter_url": "https://facebook.com/profile.php?id=100011255710508&fref=nf&rc=p",
                    "commenter_name": "Jim Preyde",
                    "commenter_meta": null,
                    "comment_text": "Pierre G. Joly also confiscated were numerous handguns and body armour so I'm sure it was a jovial moose hunting trip.\n\n\ud83d\ude44",
                    "comment_time": "2022-02-16 23:25:45",
                    "comment_image": "https://scontent.xx.fbcdn.net/m1/v/t6/An_UvxJXg9tdnLU3Y5qjPi0200MLilhzPXUgxzGjQzUMaNcmjdZA6anyrngvkdub33NZzZhd51fpCAEzNHFhko5aKRFP5fS1w_lKwYrzcNLupv27.png?ccb=10-5&oh=00_AT9C82irDy7Sn8cI_UEelmRC1FY5K5jw2pfWXlZ8QaKL1g&oe=62246CF9&_nc_sid=55e238",
                    "comment_reactors": [],
                    "comment_reactions": null,
                    "comment_reaction_count": null
                },
                {
                    "comment_id": "10159563236638904",
                    "comment_url": "https://facebook.com/10159563236638904",
                    "commenter_id": "650936396",
                    "commenter_url": "https://facebook.com/simon.a.james.420?fref=nf&rc=p",
                    "commenter_name": "Simon A. James",
                    "commenter_meta": "Top fan",
                    "comment_text": "Jim Preyde How many Canadians does this guy think just drive around on the highway with handguns and body armour \"for a variety of good, valid and legal reasons\"?? What a ridiculous strawman argument \ud83d\ude44\ud83d\ude44",
                    "comment_time": "2022-02-16 23:25:45",
                    "comment_image": "https://static.xx.fbcdn.net/rsrc.php/v3/y7/r/4bRBCBmu1Q9.png",
                    "comment_reactors": [],
                    "comment_reactions": null,
                    "comment_reaction_count": null
                },
                {
                    "comment_id": "10159563244628904",
                    "comment_url": "https://facebook.com/10159563244628904",
                    "commenter_id": "831040006",
                    "commenter_url": "https://facebook.com/adrian.ayotte.1?fref=nf&rc=p",
                    "commenter_name": "Adrian Ayotte",
                    "commenter_meta": null,
                    "comment_text": "Pierre G. Joly Question? How bad a shot are you as a hunter that you need body armor and high capacity mags lmao",
                    "comment_time": "2022-02-16 23:25:45",
                    "comment_image": "https://scontent.xx.fbcdn.net/m1/v/t6/An_UvxJXg9tdnLU3Y5qjPi0200MLilhzPXUgxzGjQzUMaNcmjdZA6anyrngvkdub33NZzZhd51fpCAEzNHFhko5aKRFP5fS1w_lKwYrzcNLupv27.png?ccb=10-5&oh=00_AT9C82irDy7Sn8cI_UEelmRC1FY5K5jw2pfWXlZ8QaKL1g&oe=62246CF9&_nc_sid=55e238",
                    "comment_reactors": [],
                    "comment_reactions": null,
                    "comment_reaction_count": null
                },
                {
                    "comment_id": "10159563252758904",
                    "comment_url": "https://facebook.com/10159563252758904",
                    "commenter_id": "585041535",
                    "commenter_url": "https://facebook.com/bjm3174?fref=nf&rc=p",
                    "commenter_name": "Barry Martin",
                    "commenter_meta": null,
                    "comment_text": "Simon A. James Bears are scary!!!",
                    "comment_time": "2022-02-16 23:25:45",
                    "comment_image": "https://scontent.xx.fbcdn.net/m1/v/t6/An_UvxJXg9tdnLU3Y5qjPi0200MLilhzPXUgxzGjQzUMaNcmjdZA6anyrngvkdub33NZzZhd51fpCAEzNHFhko5aKRFP5fS1w_lKwYrzcNLupv27.png?ccb=10-5&oh=00_AT9C82irDy7Sn8cI_UEelmRC1FY5K5jw2pfWXlZ8QaKL1g&oe=62246CF9&_nc_sid=55e238",
                    "comment_reactors": [],
                    "comment_reactions": null,
                    "comment_reaction_count": null
                },
                {
                    "comment_id": "10159563271508904",
                    "comment_url": "https://facebook.com/10159563271508904",
                    "commenter_id": "100003482750320",
                    "commenter_url": "https://facebook.com/pgjoly?fref=nf&rc=p",
                    "commenter_name": "Pierre G. Joly",
                    "commenter_meta": null,
                    "comment_text": "Simon A. James Not sure where you get that idea, but the vast majority of guns do not have high capacity magazines. Most people are responsible and there are no reasons why someone would carry such gun.",
                    "comment_time": "2022-02-16 23:25:45",
                    "comment_image": null,
                    "comment_reactors": [],
                    "comment_reactions": null,
                    "comment_reaction_count": null
                },
                {
                    "comment_id": "10159563273453904",
                    "comment_url": "https://facebook.com/10159563273453904",
                    "commenter_id": "650936396",
                    "commenter_url": "https://facebook.com/simon.a.james.420?fref=nf&rc=p",
                    "commenter_name": "Simon A. James",
                    "commenter_meta": "Top fan",
                    "comment_text": "Pierre G. Joly That's what was found at this \"protest\", so your comparison is futile.",
                    "comment_time": "2022-02-16 23:25:45",
                    "comment_image": "https://static.xx.fbcdn.net/rsrc.php/v3/y7/r/4bRBCBmu1Q9.png",
                    "comment_reactors": [],
                    "comment_reactions": null,
                    "comment_reaction_count": null
                },
                {
                    "comment_id": "10159563287098904",
                    "comment_url": "https://facebook.com/10159563287098904",
                    "commenter_id": "717945922",
                    "commenter_url": "https://facebook.com/wally.salamanchuk?fref=nf&rc=p",
                    "commenter_name": "Wally H Salamanchuk",
                    "commenter_meta": null,
                    "comment_text": "Pierre G. Joly",
                    "comment_time": "2022-02-16 23:25:45",
                    "comment_image": "https://media1.tenor.co/images/1c3fe9a91955e527b403c1a92ba11cdc/tenor.gif?itemid=13499396&fbclid=IwAR2GSfl6SK_CCmqVm5HkfRamhJ591inwWdb0QxnltSsO2tSSnc1HD_p54SI",
                    "comment_reactors": [],
                    "comment_reactions": null,
                    "comment_reaction_count": null
                },
                {
                    "comment_id": "10159563300813904",
                    "comment_url": "https://facebook.com/10159563300813904",
                    "commenter_id": "784235523",
                    "commenter_url": "https://facebook.com/jason.stephenson1?fref=nf&rc=p",
                    "commenter_name": "Jason Stephenson",
                    "commenter_meta": null,
                    "comment_text": "Simon A. James Or body armor",
                    "comment_time": "2022-02-16 23:25:46",
                    "comment_image": "https://scontent.xx.fbcdn.net/m1/v/t6/An_UvxJXg9tdnLU3Y5qjPi0200MLilhzPXUgxzGjQzUMaNcmjdZA6anyrngvkdub33NZzZhd51fpCAEzNHFhko5aKRFP5fS1w_lKwYrzcNLupv27.png?ccb=10-5&oh=00_AT9C82irDy7Sn8cI_UEelmRC1FY5K5jw2pfWXlZ8QaKL1g&oe=62246CF9&_nc_sid=55e238",
                    "comment_reactors": [],
                    "comment_reactions": null,
                    "comment_reaction_count": null
                },
                {
                    "comment_id": "10159563393543904",
                    "comment_url": "https://facebook.com/10159563393543904",
                    "commenter_id": "507841386",
                    "commenter_url": "https://facebook.com/colinrichardson.rocksyoursocks?fref=nf&rc=p",
                    "commenter_name": "Colin Richardson",
                    "commenter_meta": null,
                    "comment_text": "Pierre G. Joly Wow, that is some Olympic-level mental gymnastics you're doing, buddy. Absolutely panicked at the revelations that they're literally domestic terrorists and desperately trying to brush it under the rug with flimsy excuses. Absolutely shameful",
                    "comment_time": "2022-02-16 23:25:46",
                    "comment_image": "https://scontent.xx.fbcdn.net/m1/v/t6/An_UvxJXg9tdnLU3Y5qjPi0200MLilhzPXUgxzGjQzUMaNcmjdZA6anyrngvkdub33NZzZhd51fpCAEzNHFhko5aKRFP5fS1w_lKwYrzcNLupv27.png?ccb=10-5&oh=00_AT9C82irDy7Sn8cI_UEelmRC1FY5K5jw2pfWXlZ8QaKL1g&oe=62246CF9&_nc_sid=55e238",
                    "comment_reactors": [],
                    "comment_reactions": null,
                    "comment_reaction_count": null
                },
                {
                    "comment_id": "10159563416218904",
                    "comment_url": "https://facebook.com/10159563416218904",
                    "commenter_id": "100000727693357",
                    "commenter_url": "https://facebook.com/octozer.fest?fref=nf&rc=p",
                    "commenter_name": "Darren Tozer",
                    "commenter_meta": null,
                    "comment_text": "Pierre G. Joly The Russian judge gives you a 10 for those mental gymnastics.",
                    "comment_time": "2022-02-16 23:25:46",
                    "comment_image": "https://scontent.xx.fbcdn.net/m1/v/t6/An_UvxJXg9tdnLU3Y5qjPi0200MLilhzPXUgxzGjQzUMaNcmjdZA6anyrngvkdub33NZzZhd51fpCAEzNHFhko5aKRFP5fS1w_lKwYrzcNLupv27.png?ccb=10-5&oh=00_AT9C82irDy7Sn8cI_UEelmRC1FY5K5jw2pfWXlZ8QaKL1g&oe=62246CF9&_nc_sid=55e238",
                    "comment_reactors": [],
                    "comment_reactions": null,
                    "comment_reaction_count": null
                }
            ]
        },
        {
            "comment_id": "10159563228478904",
            "comment_url": "https://facebook.com/10159563228478904",
            "commenter_id": "100036435459417",
            "commenter_url": "https://facebook.com/ben.meggison.96?fref=nf&rc=p&refid=52",
            "commenter_name": "Ben Meggison",
            "commenter_meta": null,
            "comment_text": "Body armour and high-capacity magazines. Totally not terrorists.",
            "comment_time": "2022-02-16 23:25:39",
            "comment_image": null,
            "comment_reactors": [],
            "comment_reactions": null,
            "comment_reaction_count": null,
            "replies": [
                {
                    "comment_id": "10159563236203904",
                    "comment_url": "https://facebook.com/10159563236203904",
                    "commenter_id": "701452550",
                    "commenter_url": "https://facebook.com/profile.php?id=701452550&fref=nf&rc=p",
                    "commenter_name": "Debbie Moore",
                    "commenter_meta": null,
                    "comment_text": "Ben Meggison Totally not protesters either",
                    "comment_time": "2022-02-16 23:25:47",
                    "comment_image": "https://scontent.xx.fbcdn.net/m1/v/t6/An_UvxJXg9tdnLU3Y5qjPi0200MLilhzPXUgxzGjQzUMaNcmjdZA6anyrngvkdub33NZzZhd51fpCAEzNHFhko5aKRFP5fS1w_lKwYrzcNLupv27.png?ccb=10-5&oh=00_AT9C82irDy7Sn8cI_UEelmRC1FY5K5jw2pfWXlZ8QaKL1g&oe=62246CF9&_nc_sid=55e238",
                    "comment_reactors": [],
                    "comment_reactions": null,
                    "comment_reaction_count": null
                },
                {
                    "comment_id": "10159563380293904",
                    "comment_url": "https://facebook.com/10159563380293904",
                    "commenter_id": "560366007",
                    "commenter_url": "https://facebook.com/foodsmith?fref=nf&rc=p",
                    "commenter_name": "Wayne Smith",
                    "commenter_meta": null,
                    "comment_text": "Ben Meggison probably hunters\ud83e\udd14",
                    "comment_time": "2022-02-16 23:25:47",
                    "comment_image": "https://scontent.xx.fbcdn.net/m1/v/t6/An_F9bJG7govfshSMBkvcRLcxT0jmiXVYKtr7lgH5AHgUrjjpZ1OD0xyxXYgf7arc0lWgCdrR_KN4Mg7RSN3Gm3W6Gg03N1tQ-ZXzVvFJ_KvvB4.png?ccb=10-5&oh=00_AT8ScZKrgCPhmfSgYBZgvnQHv14vvPQpgzOW8DDMFGGodg&oe=62243F67&_nc_sid=55e238",
                    "comment_reactors": [],
                    "comment_reactions": null,
                    "comment_reaction_count": null
                },
                {
                    "comment_id": "10159563414788904",
                    "comment_url": "https://facebook.com/10159563414788904",
                    "commenter_id": "100000727693357",
                    "commenter_url": "https://facebook.com/octozer.fest?fref=nf&rc=p",
                    "commenter_name": "Darren Tozer",
                    "commenter_meta": null,
                    "comment_text": "Debbie Moore you can be a protester and a terrorist.",
                    "comment_time": "2022-02-16 23:25:47",
                    "comment_image": "https://scontent.xx.fbcdn.net/m1/v/t6/An_UvxJXg9tdnLU3Y5qjPi0200MLilhzPXUgxzGjQzUMaNcmjdZA6anyrngvkdub33NZzZhd51fpCAEzNHFhko5aKRFP5fS1w_lKwYrzcNLupv27.png?ccb=10-5&oh=00_AT9C82irDy7Sn8cI_UEelmRC1FY5K5jw2pfWXlZ8QaKL1g&oe=62246CF9&_nc_sid=55e238",
                    "comment_reactors": [],
                    "comment_reactions": null,
                    "comment_reaction_count": null
                },
                {
                    "comment_id": "10159563451193904",
                    "comment_url": "https://facebook.com/10159563451193904",
                    "commenter_id": "100036435459417",
                    "commenter_url": "https://facebook.com/ben.meggison.96?fref=nf&rc=p",
                    "commenter_name": "Ben Meggison",
                    "commenter_meta": null,
                    "comment_text": "Wayne Smith Yah the body armor protects when the deer start shooting back.",
                    "comment_time": "2022-02-16 23:25:47",
                    "comment_image": "https://scontent.xx.fbcdn.net/m1/v/t6/An_UvxJXg9tdnLU3Y5qjPi0200MLilhzPXUgxzGjQzUMaNcmjdZA6anyrngvkdub33NZzZhd51fpCAEzNHFhko5aKRFP5fS1w_lKwYrzcNLupv27.png?ccb=10-5&oh=00_AT9C82irDy7Sn8cI_UEelmRC1FY5K5jw2pfWXlZ8QaKL1g&oe=62246CF9&_nc_sid=55e238",
                    "comment_reactors": [],
                    "comment_reactions": null,
                    "comment_reaction_count": null
                },
                {
                    "comment_id": "10159563465363904",
                    "comment_url": "https://facebook.com/10159563465363904",
                    "commenter_id": "560366007",
                    "commenter_url": "https://facebook.com/foodsmith?fref=nf&rc=p",
                    "commenter_name": "Wayne Smith",
                    "commenter_meta": null,
                    "comment_text": "Ben Meggison for sure that must be it.",
                    "comment_time": "2022-02-16 23:25:47",
                    "comment_image": null,
                    "comment_reactors": [],
                    "comment_reactions": null,
                    "comment_reaction_count": null
                },
                {
                    "comment_id": "10159563973418904",
                    "comment_url": "https://facebook.com/10159563973418904",
                    "commenter_id": "657550516",
                    "commenter_url": "https://facebook.com/cvdavis1?fref=nf&rc=p",
                    "commenter_name": "Cory Vernon Davis",
                    "commenter_meta": null,
                    "comment_text": "Ben Meggison I wouldn\u2019t engage these people. Mental capacity is\u2026 nvm",
                    "comment_time": "2022-02-16 23:25:47",
                    "comment_image": null,
                    "comment_reactors": [],
                    "comment_reactions": null,
                    "comment_reaction_count": null
                }
            ]
        },
        {
            "comment_id": "10159563333073904",
            "comment_url": "https://facebook.com/10159563333073904",
            "commenter_id": "508069158",
            "commenter_url": "https://facebook.com/steve.doherty.923?fref=nf&rc=p&refid=52",
            "commenter_name": "Steve Doherty",
            "commenter_meta": null,
            "comment_text": "Thought the Karen konvoy was a peaceful protest.",
            "comment_time": "2022-02-16 23:25:39",
            "comment_image": null,
            "comment_reactors": [],
            "comment_reactions": null,
            "comment_reaction_count": null,
            "replies": [
                {
                    "comment_id": "10159563387613904",
                    "comment_url": "https://facebook.com/10159563387613904",
                    "commenter_id": "100000542160212",
                    "commenter_url": "https://facebook.com/dapperndarlene.brooks?fref=nf&rc=p",
                    "commenter_name": "Darlene Brooks",
                    "commenter_meta": null,
                    "comment_text": "Steve Doherty in a press release in Ottawa with the organizers , lawyers etc ..media asked them about this and they a responded that this is an absolute lie",
                    "comment_time": "2022-02-16 23:25:47",
                    "comment_image": "https://scontent.xx.fbcdn.net/m1/v/t6/An_UvxJXg9tdnLU3Y5qjPi0200MLilhzPXUgxzGjQzUMaNcmjdZA6anyrngvkdub33NZzZhd51fpCAEzNHFhko5aKRFP5fS1w_lKwYrzcNLupv27.png?ccb=10-5&oh=00_AT9C82irDy7Sn8cI_UEelmRC1FY5K5jw2pfWXlZ8QaKL1g&oe=62246CF9&_nc_sid=55e238",
                    "comment_reactors": [],
                    "comment_reactions": null,
                    "comment_reaction_count": null
                },
                {
                    "comment_id": "10159563858613904",
                    "comment_url": "https://facebook.com/10159563858613904",
                    "commenter_id": "100005088480729",
                    "commenter_url": "https://facebook.com/mike.joseph.507679?fref=nf&rc=p",
                    "commenter_name": "Mike Joseph",
                    "commenter_meta": null,
                    "comment_text": "Darlene Brooks false flag",
                    "comment_time": "2022-02-16 23:25:47",
                    "comment_image": null,
                    "comment_reactors": [],
                    "comment_reactions": null,
                    "comment_reaction_count": null
                },
                {
                    "comment_id": "10159564433208904",
                    "comment_url": "https://facebook.com/10159564433208904",
                    "commenter_id": "1205308651",
                    "commenter_url": "https://facebook.com/n3axe?fref=nf&rc=p",
                    "commenter_name": "Jim Dietz",
                    "commenter_meta": null,
                    "comment_text": "Steve Doherty ... and how many riots, city burnings and police killed have you heard of with the truckers protest.. None, because this is peaceful, look to your own Antifa and BLM groups for that... you are really brainwashed....",
                    "comment_time": "2022-02-16 23:25:47",
                    "comment_image": "https://scontent.xx.fbcdn.net/m1/v/t6/An_F9bJG7govfshSMBkvcRLcxT0jmiXVYKtr7lgH5AHgUrjjpZ1OD0xyxXYgf7arc0lWgCdrR_KN4Mg7RSN3Gm3W6Gg03N1tQ-ZXzVvFJ_KvvB4.png?ccb=10-5&oh=00_AT8ScZKrgCPhmfSgYBZgvnQHv14vvPQpgzOW8DDMFGGodg&oe=62243F67&_nc_sid=55e238",
                    "comment_reactors": [],
                    "comment_reactions": null,
                    "comment_reaction_count": null
                }
            ]
        },
        {
            "comment_id": "10159563384788904",
            "comment_url": "https://facebook.com/10159563384788904",
            "commenter_id": "100000542160212",
            "commenter_url": "https://facebook.com/dapperndarlene.brooks?fref=nf&rc=p&refid=52",
            "commenter_name": "Darlene Brooks",
            "commenter_meta": null,
            "comment_text": "Where is the videoing of this happening?? ...you think mainstream media wouldn't report this with live feed??\nC'mon ppl ...",
            "comment_time": "2022-02-16 23:25:39",
            "comment_image": null,
            "comment_reactors": [],
            "comment_reactions": null,
            "comment_reaction_count": null,
            "replies": []
        },
        {
            "comment_id": "10159563341223904",
            "comment_url": "https://facebook.com/10159563341223904",
            "commenter_id": "694536011",
            "commenter_url": "https://facebook.com/carolgerry.taylor?fref=nf&rc=p&refid=52",
            "commenter_name": "Carol-Gerry Taylor",
            "commenter_meta": null,
            "comment_text": "good",
            "comment_time": "2022-02-16 23:25:39",
            "comment_image": null,
            "comment_reactors": [],
            "comment_reactions": null,
            "comment_reaction_count": null,
            "replies": []
        },
        {
            "comment_id": "10159563388023904",
            "comment_url": "https://facebook.com/10159563388023904",
            "commenter_id": "100000353753499",
            "commenter_url": "https://facebook.com/shea.kellogg?fref=nf&rc=p&refid=52",
            "commenter_name": "Shea Kellogg",
            "commenter_meta": null,
            "comment_text": "RCMP vandalized and destroyed machinery and then just happen to stumble across some guns.",
            "comment_time": "2022-02-16 23:25:39",
            "comment_image": null,
            "comment_reactors": [],
            "comment_reactions": null,
            "comment_reaction_count": null,
            "replies": []
        },
        {
            "comment_id": "10159563461868904",
            "comment_url": "https://facebook.com/10159563461868904",
            "commenter_id": "608357321",
            "commenter_url": "https://facebook.com/jane.langille?fref=nf&rc=p&refid=52",
            "commenter_name": "Jane Langille",
            "commenter_meta": "Top fan",
            "comment_text": "They should do this more often.",
            "comment_time": "2022-02-16 23:25:39",
            "comment_image": null,
            "comment_reactors": [],
            "comment_reactions": null,
            "comment_reaction_count": null,
            "replies": []
        },
        {
            "comment_id": "10159567660813904",
            "comment_url": "https://facebook.com/10159567660813904",
            "commenter_id": "100006081734003",
            "commenter_url": "https://facebook.com/shamus.mcmillin?fref=nf&rc=p&refid=52",
            "commenter_name": "Shamus McMillin",
            "commenter_meta": null,
            "comment_text": "This screams of being an set-up by the RCMP, the timing is too convenient, and it wouldn't be the first time they've played dirty games when the war measures act was invoked.",
            "comment_time": "2022-02-16 23:25:39",
            "comment_image": null,
            "comment_reactors": [],
            "comment_reactions": null,
            "comment_reaction_count": null,
            "replies": []
        },
        {
            "comment_id": "10159563201358904",
            "comment_url": "https://facebook.com/10159563201358904",
            "commenter_id": "1063477397",
            "commenter_url": "https://facebook.com/stephen.duke.104?fref=nf&rc=p&refid=52",
            "commenter_name": "Stephen Duke",
            "commenter_meta": null,
            "comment_text": "I guess that isn't considered \"fringe\" in Alberta?",
            "comment_time": "2022-02-16 23:25:39",
            "comment_image": null,
            "comment_reactors": [],
            "comment_reactions": null,
            "comment_reaction_count": null,
            "replies": []
        },
        {
            "comment_id": "10159563344058904",
            "comment_url": "https://facebook.com/10159563344058904",
            "commenter_id": "100000721970123",
            "commenter_url": "https://facebook.com/doug.richardson.562?fref=nf&rc=p&refid=52",
            "commenter_name": "Doug Richardson",
            "commenter_meta": null,
            "comment_text": "Media fearmongering. as normal for them",
            "comment_time": "2022-02-16 23:25:39",
            "comment_image": null,
            "comment_reactors": [],
            "comment_reactions": null,
            "comment_reaction_count": null,
            "replies": []
        },
        {
            "comment_id": "10159563366848904",
            "comment_url": "https://facebook.com/10159563366848904",
            "commenter_id": "100001595214468",
            "commenter_url": "https://facebook.com/jeff.hunter.52438?fref=nf&rc=p&refid=52",
            "commenter_name": "Jeff Hunter",
            "commenter_meta": null,
            "comment_text": "we need to build a wall",
            "comment_time": "2022-02-16 23:25:39",
            "comment_image": null,
            "comment_reactors": [],
            "comment_reactions": null,
            "comment_reaction_count": null,
            "replies": []
        },
        {
            "comment_id": "10159563325478904",
            "comment_url": "https://facebook.com/10159563325478904",
            "commenter_id": "1294562038",
            "commenter_url": "https://facebook.com/darrylbg?fref=nf&rc=p&refid=52",
            "commenter_name": "Darryl Goossen",
            "commenter_meta": null,
            "comment_text": "To absolutely no one's surprise.",
            "comment_time": "2022-02-16 23:25:39",
            "comment_image": null,
            "comment_reactors": [],
            "comment_reactions": null,
            "comment_reaction_count": null,
            "replies": [
                {
                    "comment_id": "10159563341678904",
                    "comment_url": "https://facebook.com/10159563341678904",
                    "commenter_id": "1424624058",
                    "commenter_url": "https://facebook.com/Daniel.Malcolm.Carroll?fref=nf&rc=p",
                    "commenter_name": "Dan Carroll",
                    "commenter_meta": null,
                    "comment_text": "Your tax dollars at work.",
                    "comment_time": "2022-02-16 23:25:48",
                    "comment_image": null,
                    "comment_reactors": [],
                    "comment_reactions": null,
                    "comment_reaction_count": null
                },
                {
                    "comment_id": "10159563714468904",
                    "comment_url": "https://facebook.com/10159563714468904",
                    "commenter_id": "1294562038",
                    "commenter_url": "https://facebook.com/darrylbg?fref=nf&rc=p",
                    "commenter_name": "Darryl Goossen",
                    "commenter_meta": null,
                    "comment_text": "Dan Carroll keeping the peace is one of the reasons I'm willing to pay the taxes we do.\n\nNow, the organizers of the #flutruzklan should be billed for the costs of the extra security.",
                    "comment_time": "2022-02-16 23:25:48",
                    "comment_image": "https://scontent.xx.fbcdn.net/m1/v/t6/An_UvxJXg9tdnLU3Y5qjPi0200MLilhzPXUgxzGjQzUMaNcmjdZA6anyrngvkdub33NZzZhd51fpCAEzNHFhko5aKRFP5fS1w_lKwYrzcNLupv27.png?ccb=10-5&oh=00_AT9C82irDy7Sn8cI_UEelmRC1FY5K5jw2pfWXlZ8QaKL1g&oe=62246CF9&_nc_sid=55e238",
                    "comment_reactors": [],
                    "comment_reactions": null,
                    "comment_reaction_count": null
                }
            ]
        },
        {
            "comment_id": "10159563358798904",
            "comment_url": "https://facebook.com/10159563358798904",
            "commenter_id": "100002247381814",
            "commenter_url": "https://facebook.com/kathy.atkin.58?fref=nf&rc=p&refid=52",
            "commenter_name": "Kathy Atkin",
            "commenter_meta": null,
            "comment_text": "\ud83d\ude02 sure! This doesn\u2019t pass the smell test.",
            "comment_time": "2022-02-16 23:25:39",
            "comment_image": null,
            "comment_reactors": [],
            "comment_reactions": null,
            "comment_reaction_count": null,
            "replies": []
        },
        {
            "comment_id": "10159563446503904",
            "comment_url": "https://facebook.com/10159563446503904",
            "commenter_id": "100059500045597",
            "commenter_url": "https://facebook.com/profile.php?id=100059500045597&fref=nf&rc=p&refid=52",
            "commenter_name": "David Clark",
            "commenter_meta": null,
            "comment_text": "Just everyday folks fighting for freedom. Stickin up for the little guy and all that.",
            "comment_time": "2022-02-16 23:25:39",
            "comment_image": null,
            "comment_reactors": [],
            "comment_reactions": null,
            "comment_reaction_count": null,
            "replies": []
        },
        {
            "comment_id": "10159563348848904",
            "comment_url": "https://facebook.com/10159563348848904",
            "commenter_id": "100002465512037",
            "commenter_url": "https://facebook.com/ann.howardcherski?fref=nf&rc=p&refid=52",
            "commenter_name": "Ann Howard-Cherski",
            "commenter_meta": null,
            "comment_text": "Were these seized guns coming into Canada or an infiltration of the peaceful protest blocking border crossing to the US? Inquiring minds want to know.",
            "comment_time": "2022-02-16 23:25:39",
            "comment_image": null,
            "comment_reactors": [],
            "comment_reactions": null,
            "comment_reaction_count": null,
            "replies": []
        },
        {
            "comment_id": "10159563763718904",
            "comment_url": "https://facebook.com/10159563763718904",
            "commenter_id": "591150735",
            "commenter_url": "https://facebook.com/hurricane1no?fref=nf&rc=p&refid=52",
            "commenter_name": "Bell Miche Ofly",
            "commenter_meta": null,
            "comment_text": "Sounds like a setup to me after watching what has been going on with a \"leader\" calling them terrorists before they even arrived in Ottawa! Trudeau has done nothing but divide people in the last couple of years! Stop and think a little bit....how darn stupid do u think protesters are??? Go and block a border and bring 5 shipments of guns with them, knowing cowardly Trudeau is going to send in the big guns to oust them??? Ridiculous... for the love of god stop listening to the idiots in government, and watch what really is happening in Ottawa. They are spreading love, compassion for the homeless, 90 percent less crime...yet Trudeau has done nothing other then cause hate and division. Sure, they steal food from the homeless, terrorize the neighbors so they are terrified to leave their houses, big time terrorists!! Just hilarious if it wasn't so sad, I am ashamed to call myself Canadian. For the love of god, stop listening to the news who are in the liberals pockets. The CBC especially, print what they are told to print, after all they get millions of our tax dollars! If ur rag magazines /so called journalists have nothing better to print then lies and prompting hate/closing your eyes to the real truth, then there is something terribly wrong with this scenario!! Bet you will delete my comment here too as Justin does with anyone who speaks the truth! Go to the hill and open your eyes! Hats off to the truckers and scientists who are speaking out!! They opened my eyes! Guess over one third of Canada now will be called terrorists!",
            "comment_time": "2022-02-16 23:25:39",
            "comment_image": null,
            "comment_reactors": [],
            "comment_reactions": null,
            "comment_reaction_count": null,
            "replies": [
                {
                    "comment_id": "10159563771678904",
                    "comment_url": "https://facebook.com/10159563771678904",
                    "commenter_id": "1147257564",
                    "commenter_url": "https://facebook.com/brian.d.lupton.1?fref=nf&rc=p",
                    "commenter_name": "Brian David Lupton",
                    "commenter_meta": null,
                    "comment_text": "Bell Miche Ofly one third? lmfao",
                    "comment_time": "2022-02-16 23:25:49",
                    "comment_image": "https://scontent.xx.fbcdn.net/m1/v/t6/An_F9bJG7govfshSMBkvcRLcxT0jmiXVYKtr7lgH5AHgUrjjpZ1OD0xyxXYgf7arc0lWgCdrR_KN4Mg7RSN3Gm3W6Gg03N1tQ-ZXzVvFJ_KvvB4.png?ccb=10-5&oh=00_AT8ScZKrgCPhmfSgYBZgvnQHv14vvPQpgzOW8DDMFGGodg&oe=62243F67&_nc_sid=55e238",
                    "comment_reactors": [],
                    "comment_reactions": null,
                    "comment_reaction_count": null
                }
            ]
        },
        {
            "comment_id": "10159564808648904",
            "comment_url": "https://facebook.com/10159564808648904",
            "commenter_id": "1450603548",
            "commenter_url": "https://facebook.com/lynn.stratton1?fref=nf&rc=p&refid=52",
            "commenter_name": "Lynn Stratton",
            "commenter_meta": null,
            "comment_text": "Good. What are they doing with guns over there anyway.",
            "comment_time": "2022-02-16 23:25:39",
            "comment_image": null,
            "comment_reactors": [],
            "comment_reactions": null,
            "comment_reaction_count": null,
            "replies": []
        },
        {
            "comment_id": "10159563398778904",
            "comment_url": "https://facebook.com/10159563398778904",
            "commenter_id": "535395358",
            "commenter_url": "https://facebook.com/Bob72Boordeau?fref=nf&rc=p&refid=52",
            "commenter_name": "Basil Bourdeau",
            "commenter_meta": null,
            "comment_text": "Now go to Jail !",
            "comment_time": "2022-02-16 23:25:40",
            "comment_image": null,
            "comment_reactors": [],
            "comment_reactions": null,
            "comment_reaction_count": null,
            "replies": []
        },
        {
            "comment_id": "10159563365898904",
            "comment_url": "https://facebook.com/10159563365898904",
            "commenter_id": "100013293520617",
            "commenter_url": "https://facebook.com/profile.php?id=100013293520617&fref=nf&rc=p&refid=52",
            "commenter_name": "Patrick Boyer",
            "commenter_meta": null,
            "comment_text": "So bring your guns and children.",
            "comment_time": "2022-02-16 23:25:40",
            "comment_image": null,
            "comment_reactors": [],
            "comment_reactions": null,
            "comment_reaction_count": null,
            "replies": [
                {
                    "comment_id": "10159563385863904",
                    "comment_url": "https://facebook.com/10159563385863904",
                    "commenter_id": "100000542160212",
                    "commenter_url": "https://facebook.com/dapperndarlene.brooks?fref=nf&rc=p",
                    "commenter_name": "Darlene Brooks",
                    "commenter_meta": null,
                    "comment_text": "Patrick Boyer quit being so naive",
                    "comment_time": "2022-02-16 23:25:49",
                    "comment_image": null,
                    "comment_reactors": [],
                    "comment_reactions": null,
                    "comment_reaction_count": null
                },
                {
                    "comment_id": "10159563388133904",
                    "comment_url": "https://facebook.com/10159563388133904",
                    "commenter_id": "100013293520617",
                    "commenter_url": "https://facebook.com/profile.php?id=100013293520617&fref=nf&rc=p",
                    "commenter_name": "Patrick Boyer",
                    "commenter_meta": null,
                    "comment_text": "you\u2019ve convinced me\n\nEvian water backwards is naive",
                    "comment_time": "2022-02-16 23:25:49",
                    "comment_image": null,
                    "comment_reactors": [],
                    "comment_reactions": null,
                    "comment_reaction_count": null
                },
                {
                    "comment_id": "10159563391738904",
                    "comment_url": "https://facebook.com/10159563391738904",
                    "commenter_id": "100013293520617",
                    "commenter_url": "https://facebook.com/profile.php?id=100013293520617&fref=nf&rc=p",
                    "commenter_name": "Patrick Boyer",
                    "commenter_meta": null,
                    "comment_text": "The main thing that I learned about conspiracy theory, is that conspiracy theorists believe in a conspiracy because that is more comforting. The truth of the world is that it is actually chaotic. The truth is that it is not The Iluminati, or The Jewish Banking Conspiracy, or the Gray Alien Theory.\n\nThe truth is far more frightening - Nobody is in control.\n\nThe world is rudderless.\n\nAlan Moore author",
                    "comment_time": "2022-02-16 23:25:49",
                    "comment_image": null,
                    "comment_reactors": [],
                    "comment_reactions": null,
                    "comment_reaction_count": null
                }
            ]
        },
        {
            "comment_id": "10159563351113904",
            "comment_url": "https://facebook.com/10159563351113904",
            "commenter_id": "100001813081194",
            "commenter_url": "https://facebook.com/benoit.paquette.56?fref=nf&rc=p&refid=52",
            "commenter_name": "Benoit Paquette",
            "commenter_meta": null,
            "comment_text": "the \" No Compromise \" fringe AR-15 crazy lovers pro-guns .. shame on you",
            "comment_time": "2022-02-16 23:25:40",
            "comment_image": null,
            "comment_reactors": [],
            "comment_reactions": null,
            "comment_reaction_count": null,
            "replies": []
        },
        {
            "comment_id": "10159565509888904",
            "comment_url": "https://facebook.com/10159565509888904",
            "commenter_id": "100007584516282",
            "commenter_url": "https://facebook.com/tim.cameron.3114?fref=nf&rc=p&refid=52",
            "commenter_name": "Tim Cameron",
            "commenter_meta": null,
            "comment_text": "FFS, it WAS NOT AT THE BORDER BLOCKADE",
            "comment_time": "2022-02-16 23:25:40",
            "comment_image": null,
            "comment_reactors": [],
            "comment_reactions": null,
            "comment_reaction_count": null,
            "replies": []
        },
        {
            "comment_id": "10159563345858904",
            "comment_url": "https://facebook.com/10159563345858904",
            "commenter_id": "100007479554921",
            "commenter_url": "https://facebook.com/profile.php?id=100007479554921&fref=nf&rc=p&refid=52",
            "commenter_name": "Neil Horner",
            "commenter_meta": null,
            "comment_text": "They're bringing arms to a peaceful protest? How does that work? Clearly this is an insurrection and needs to be put down.",
            "comment_time": "2022-02-16 23:25:40",
            "comment_image": null,
            "comment_reactors": [],
            "comment_reactions": null,
            "comment_reaction_count": null,
            "replies": [
                {
                    "comment_id": "10159565598618904",
                    "comment_url": "https://facebook.com/10159565598618904",
                    "commenter_id": "100003489358279",
                    "commenter_url": "https://facebook.com/greg.novik.7?fref=nf&rc=p",
                    "commenter_name": "Greg Novik",
                    "commenter_meta": null,
                    "comment_text": "Neil Horner let's me guess your rcmp",
                    "comment_time": "2022-02-16 23:25:50",
                    "comment_image": null,
                    "comment_reactors": [],
                    "comment_reactions": null,
                    "comment_reaction_count": null
                }
            ]
        },
        {
            "comment_id": "10159563379038904",
            "comment_url": "https://facebook.com/10159563379038904",
            "commenter_id": "773015172",
            "commenter_url": "https://facebook.com/shane.gallinger.3?fref=nf&rc=p&refid=52",
            "commenter_name": "Shane Gallinger",
            "commenter_meta": null,
            "comment_text": "\"high capacity magazines?\" you mean more than 5 rounds?",
            "comment_time": "2022-02-16 23:25:40",
            "comment_image": null,
            "comment_reactors": [],
            "comment_reactions": null,
            "comment_reaction_count": null,
            "replies": []
        }
    ],
    "reactors": null,
    "w3_fb_url": null,
    "reactions": null,
    "reaction_count": null,
    "with": null,
    "page_id": "140961138903",
    "sharers": null,
    "image_id": null,
    "image_ids": [],
    "was_live": false
}