{
    "original_request_url": "10159572370403904",
    "post_url": "https://facebook.com/story.php?story_fbid=10159572370403904&id=140961138903",
    "post_id": "10159572370403904",
    "text": "Each small business will be able to apply for up to $10,000 in funding, government agency says\n\nTHEGLOBEANDMAIL.COM\nFederal government announces $20-million in funding for Ottawa businesses affected by convoy protests",
    "post_text": "Each small business will be able to apply for up to $10,000 in funding, government agency says",
    "shared_text": "THEGLOBEANDMAIL.COM\nFederal government announces $20-million in funding for Ottawa businesses affected by convoy protests",
    "original_text": null,
    "time": "2022-02-20 01:14:13",
    "timestamp": 1645319653,
    "image": "https://www.theglobeandmail.com/resizer/uOE8VYfQrQDvIdrHmGk4vCBYjIA=/1200x800/filters:quality(80)/cloudfront-us-east-1.images.arcpublishing.com/tgam/QPIRIC32OZL5ZCQBHK4S2KJKJM.JPG",
    "image_lowquality": "https://external-sea1-1.xx.fbcdn.net/safe_image.php?d=AQFyld6mj1RI6USj&w=476&h=249&url=https%3A%2F%2Fwww.theglobeandmail.com%2Fresizer%2FuOE8VYfQrQDvIdrHmGk4vCBYjIA%3D%2F1200x800%2Ffilters%3Aquality%2880%29%2Fcloudfront-us-east-1.images.arcpublishing.com%2Ftgam%2FQPIRIC32OZL5ZCQBHK4S2KJKJM.JPG&cfs=1&jq=75&ext=jpg&_nc_oe=6fab9&_nc_sid=06c271&ccb=3-5&_nc_hash=AQHjukbUrPobYgBY",
    "images": [
        "https://www.theglobeandmail.com/resizer/uOE8VYfQrQDvIdrHmGk4vCBYjIA=/1200x800/filters:quality(80)/cloudfront-us-east-1.images.arcpublishing.com/tgam/QPIRIC32OZL5ZCQBHK4S2KJKJM.JPG"
    ],
    "images_description": [],
    "images_lowquality": [
        "https://external-sea1-1.xx.fbcdn.net/safe_image.php?d=AQFyld6mj1RI6USj&w=476&h=249&url=https%3A%2F%2Fwww.theglobeandmail.com%2Fresizer%2FuOE8VYfQrQDvIdrHmGk4vCBYjIA%3D%2F1200x800%2Ffilters%3Aquality%2880%29%2Fcloudfront-us-east-1.images.arcpublishing.com%2Ftgam%2FQPIRIC32OZL5ZCQBHK4S2KJKJM.JPG&cfs=1&jq=75&ext=jpg&_nc_oe=6fab9&_nc_sid=06c271&ccb=3-5&_nc_hash=AQHjukbUrPobYgBY"
    ],
    "images_lowquality_description": [
        null
    ],
    "video": null,
    "video_duration_seconds": null,
    "video_height": null,
    "video_id": null,
    "video_quality": null,
    "video_size_MB": null,
    "video_thumbnail": null,
    "video_watches": null,
    "video_width": null,
    "likes": 158,
    "comments": 14,
    "shares": 9,
    "link": "http://www.theglobeandmail.com/canada/article-federal-government-announces-20-million-in-funding-for-ottawa/?utm_campaign=sophi-pop&utm_medium=post&utm_source=facebook&fbclid=IwAR2WhRbu9xbaCeOxd_Z-EpV3YIe5z8-WJG2YIskFY4SIkgKOPrQ-pW4PkGk",
    "links": [],
    "user_id": "140961138903",
    "username": "The Globe and Mail",
    "user_url": "https://facebook.com/theglobeandmail/?refid=52",
    "is_live": false,
    "factcheck": null,
    "shared_post_id": null,
    "shared_time": null,
    "shared_user_id": null,
    "shared_username": null,
    "shared_post_url": null,
    "available": true,
    "comments_full": [
        {
            "comment_id": "10159572495733904",
            "comment_url": "https://facebook.com/10159572495733904",
            "commenter_id": "100044377901226",
            "commenter_url": "https://facebook.com/sureshsingaratnam?fref=nf&rc=p&refid=52",
            "commenter_name": "Suresh Singaratnam",
            "commenter_meta": null,
            "comment_text": "Fine GoFundMe and the truckers who shut down and Ottawa to pay for this.",
            "comment_time": "2022-02-16 21:51:37",
            "comment_image": null,
            "comment_reactors": [],
            "comment_reactions": null,
            "comment_reaction_count": null,
            "replies": [
                {
                    "comment_id": "10159572504123904",
                    "comment_url": "https://facebook.com/10159572504123904",
                    "commenter_id": "100003635650005",
                    "commenter_url": "https://facebook.com/jerome.henen?fref=nf&rc=p",
                    "commenter_name": "Jerome Henen",
                    "commenter_meta": null,
                    "comment_text": "Suresh Singaratnam WHAT??? Are we living under fascism and you are ok with it?",
                    "comment_time": "2022-02-16 21:51:38",
                    "comment_image": "https://scontent.xx.fbcdn.net/m1/v/t6/An_UvxJXg9tdnLU3Y5qjPi0200MLilhzPXUgxzGjQzUMaNcmjdZA6anyrngvkdub33NZzZhd51fpCAEzNHFhko5aKRFP5fS1w_lKwYrzcNLupv27.png?ccb=10-5&oh=00_AT9C82irDy7Sn8cI_UEelmRC1FY5K5jw2pfWXlZ8QaKL1g&oe=62246CF9&_nc_sid=55e238",
                    "comment_reactors": [],
                    "comment_reactions": null,
                    "comment_reaction_count": null
                },
                {
                    "comment_id": "10159572527218904",
                    "comment_url": "https://facebook.com/10159572527218904",
                    "commenter_id": "531865822",
                    "commenter_url": "https://facebook.com/natalie.curwin?fref=nf&rc=p",
                    "commenter_name": "Natalie Curwin",
                    "commenter_meta": "Top fan",
                    "comment_text": "Jerome Henen get a grip man",
                    "comment_time": "2022-02-16 21:51:38",
                    "comment_image": "https://static.xx.fbcdn.net/rsrc.php/v3/y7/r/4bRBCBmu1Q9.png",
                    "comment_reactors": [],
                    "comment_reactions": null,
                    "comment_reaction_count": null
                },
                {
                    "comment_id": "10159572604923904",
                    "comment_url": "https://facebook.com/10159572604923904",
                    "commenter_id": "594661083",
                    "commenter_url": "https://facebook.com/angus.mcallister.canada?fref=nf&rc=p",
                    "commenter_name": "Angus McAllister",
                    "commenter_meta": null,
                    "comment_text": "Jerome Henen",
                    "comment_time": "2022-02-16 21:51:38",
                    "comment_image": "https://media.tenor.co/images/cdd9650a5fdc95ca2fe2570ac9c935f1/tenor.gif?ver=1112&c=VjFfZmFjZWJvb2tfd2ViY29tbWVudHM&fbclid=IwAR0hGQe7wt8sXF68EVQv3pvEthqnTtwh_gtk8Vm01N5p42CLxnlcGRseezY",
                    "comment_reactors": [],
                    "comment_reactions": null,
                    "comment_reaction_count": null
                },
                {
                    "comment_id": "10159572726518904",
                    "comment_url": "https://facebook.com/10159572726518904",
                    "commenter_id": "791540028",
                    "commenter_url": "https://facebook.com/PUGSLEY3?fref=nf&rc=p",
                    "commenter_name": "Chris Nordness",
                    "commenter_meta": null,
                    "comment_text": "Suresh Singaratnam get lost",
                    "comment_time": "2022-02-16 21:51:38",
                    "comment_image": "https://scontent.xx.fbcdn.net/m1/v/t6/An_UvxJXg9tdnLU3Y5qjPi0200MLilhzPXUgxzGjQzUMaNcmjdZA6anyrngvkdub33NZzZhd51fpCAEzNHFhko5aKRFP5fS1w_lKwYrzcNLupv27.png?ccb=10-5&oh=00_AT9C82irDy7Sn8cI_UEelmRC1FY5K5jw2pfWXlZ8QaKL1g&oe=62246CF9&_nc_sid=55e238",
                    "comment_reactors": [],
                    "comment_reactions": null,
                    "comment_reaction_count": null
                },
                {
                    "comment_id": "10159572727938904",
                    "comment_url": "https://facebook.com/10159572727938904",
                    "commenter_id": "553711319",
                    "commenter_url": "https://facebook.com/gary.desjardins.3?fref=nf&rc=p",
                    "commenter_name": "Gary Desjardins",
                    "commenter_meta": null,
                    "comment_text": "Suresh Singaratnam nope , GOD willing you will pay by whatever means the eternal truth sees fit.",
                    "comment_time": "2022-02-16 21:51:38",
                    "comment_image": null,
                    "comment_reactors": [],
                    "comment_reactions": null,
                    "comment_reaction_count": null
                },
                {
                    "comment_id": "10159572805298904",
                    "comment_url": "https://facebook.com/10159572805298904",
                    "commenter_id": "512372051",
                    "commenter_url": "https://facebook.com/justin.matthew1?fref=nf&rc=p",
                    "commenter_name": "Justin Van Marrum",
                    "commenter_meta": null,
                    "comment_text": "Suresh Singaratnam\nIt was Give Send Go you knob.",
                    "comment_time": "2022-02-16 21:51:38",
                    "comment_image": "https://scontent.xx.fbcdn.net/m1/v/t6/An_F9bJG7govfshSMBkvcRLcxT0jmiXVYKtr7lgH5AHgUrjjpZ1OD0xyxXYgf7arc0lWgCdrR_KN4Mg7RSN3Gm3W6Gg03N1tQ-ZXzVvFJ_KvvB4.png?ccb=10-5&oh=00_AT8ScZKrgCPhmfSgYBZgvnQHv14vvPQpgzOW8DDMFGGodg&oe=62243F67&_nc_sid=55e238",
                    "comment_reactors": [],
                    "comment_reactions": null,
                    "comment_reaction_count": null
                },
                {
                    "comment_id": "10159572811973904",
                    "comment_url": "https://facebook.com/10159572811973904",
                    "commenter_id": "100000113186390",
                    "commenter_url": "https://facebook.com/IkkyCal?fref=nf&rc=p",
                    "commenter_name": "Erryn Iseman",
                    "commenter_meta": null,
                    "comment_text": "Suresh all these people taking you serious is as funny as your initial joke. \ud83d\ude05",
                    "comment_time": "2022-02-16 21:51:38",
                    "comment_image": "https://scontent.xx.fbcdn.net/m1/v/t6/An_F9bJG7govfshSMBkvcRLcxT0jmiXVYKtr7lgH5AHgUrjjpZ1OD0xyxXYgf7arc0lWgCdrR_KN4Mg7RSN3Gm3W6Gg03N1tQ-ZXzVvFJ_KvvB4.png?ccb=10-5&oh=00_AT8ScZKrgCPhmfSgYBZgvnQHv14vvPQpgzOW8DDMFGGodg&oe=62243F67&_nc_sid=55e238",
                    "comment_reactors": [],
                    "comment_reactions": null,
                    "comment_reaction_count": null
                },
                {
                    "comment_id": "10159572990603904",
                    "comment_url": "https://facebook.com/10159572990603904",
                    "commenter_id": "752276958",
                    "commenter_url": "https://facebook.com/vin.scott.7?fref=nf&rc=p",
                    "commenter_name": "Vin Scott",
                    "commenter_meta": null,
                    "comment_text": "Suresh you've been duped. Government scared buisness to close, not the convoy. Now they've fooled you into believing they are the hero. Smh",
                    "comment_time": "2022-02-23 21:51:38",
                    "comment_image": "https://scontent.xx.fbcdn.net/m1/v/t6/An_UvxJXg9tdnLU3Y5qjPi0200MLilhzPXUgxzGjQzUMaNcmjdZA6anyrngvkdub33NZzZhd51fpCAEzNHFhko5aKRFP5fS1w_lKwYrzcNLupv27.png?ccb=10-5&oh=00_AT9C82irDy7Sn8cI_UEelmRC1FY5K5jw2pfWXlZ8QaKL1g&oe=62246CF9&_nc_sid=55e238",
                    "comment_reactors": [],
                    "comment_reactions": null,
                    "comment_reaction_count": null
                },
                {
                    "comment_id": "10159573290708904",
                    "comment_url": "https://facebook.com/10159573290708904",
                    "commenter_id": "100025865511019",
                    "commenter_url": "https://facebook.com/markssons?fref=nf&rc=p",
                    "commenter_name": "Nicklas S Marksson",
                    "commenter_meta": null,
                    "comment_text": "Suresh Singaratnam You're a clownish pleb. Seek help.",
                    "comment_time": "2022-02-23 21:51:38",
                    "comment_image": null,
                    "comment_reactors": [],
                    "comment_reactions": null,
                    "comment_reaction_count": null
                },
                {
                    "comment_id": "10159573680333904",
                    "comment_url": "https://facebook.com/10159573680333904",
                    "commenter_id": "590075735",
                    "commenter_url": "https://facebook.com/sdchakra?fref=nf&rc=p",
                    "commenter_name": "S.d. Chakrabarti",
                    "commenter_meta": null,
                    "comment_text": "Suresh Singaratnam It's gonna happen.",
                    "comment_time": "2022-02-23 21:51:38",
                    "comment_image": "https://scontent.xx.fbcdn.net/m1/v/t6/An_UvxJXg9tdnLU3Y5qjPi0200MLilhzPXUgxzGjQzUMaNcmjdZA6anyrngvkdub33NZzZhd51fpCAEzNHFhko5aKRFP5fS1w_lKwYrzcNLupv27.png?ccb=10-5&oh=00_AT9C82irDy7Sn8cI_UEelmRC1FY5K5jw2pfWXlZ8QaKL1g&oe=62246CF9&_nc_sid=55e238",
                    "comment_reactors": [],
                    "comment_reactions": null,
                    "comment_reaction_count": null
                },
                {
                    "comment_id": "10159574333233904",
                    "comment_url": "https://facebook.com/10159574333233904",
                    "commenter_id": "100004367706398",
                    "commenter_url": "https://facebook.com/taylan.knowles.1?fref=nf&rc=p",
                    "commenter_name": "Taylan Knowles",
                    "commenter_meta": null,
                    "comment_text": "Suresh Singaratnam sorry, we are all gonna pay for it, you, me and everyone else \ud83d\ude44\ud83d\ude44\ud83e\udd21\ud83e\udd23\ud83e\udd23\ud83d\udc11",
                    "comment_time": "2022-02-23 21:51:38",
                    "comment_image": null,
                    "comment_reactors": [],
                    "comment_reactions": null,
                    "comment_reaction_count": null
                }
            ]
        },
        {
            "comment_id": "10159572398473904",
            "comment_url": "https://facebook.com/10159572398473904",
            "commenter_id": "1203685324",
            "commenter_url": "https://facebook.com/profile.php?id=1203685324&fref=nf&rc=p&refid=52",
            "commenter_name": "Jack White",
            "commenter_meta": null,
            "comment_text": "WOW, with the heavy handed approach the cops use on the protesters, sure looks like they learned a great deal from the open abuse the cops in Toronto used during the G10 G20 protests. And, of course we are going to see a resurection of the Defund the Police movement.",
            "comment_time": "2022-02-16 21:51:37",
            "comment_image": null,
            "comment_reactors": [],
            "comment_reactions": null,
            "comment_reaction_count": null,
            "replies": [
                {
                    "comment_id": "10159572430193904",
                    "comment_url": "https://facebook.com/10159572430193904",
                    "commenter_id": "1474094664",
                    "commenter_url": "https://facebook.com/Robfather?fref=nf&rc=p",
                    "commenter_name": "Robert Craig",
                    "commenter_meta": null,
                    "comment_text": "Jack White\nGet off Fox News and go outside.",
                    "comment_time": "2022-02-16 21:51:39",
                    "comment_image": "https://scontent.xx.fbcdn.net/m1/v/t6/An_UvxJXg9tdnLU3Y5qjPi0200MLilhzPXUgxzGjQzUMaNcmjdZA6anyrngvkdub33NZzZhd51fpCAEzNHFhko5aKRFP5fS1w_lKwYrzcNLupv27.png?ccb=10-5&oh=00_AT9C82irDy7Sn8cI_UEelmRC1FY5K5jw2pfWXlZ8QaKL1g&oe=62246CF9&_nc_sid=55e238",
                    "comment_reactors": [],
                    "comment_reactions": null,
                    "comment_reaction_count": null
                },
                {
                    "comment_id": "10159572438138904",
                    "comment_url": "https://facebook.com/10159572438138904",
                    "commenter_id": "100000116090771",
                    "commenter_url": "https://facebook.com/bob.sobie?fref=nf&rc=p",
                    "commenter_name": "Bob Sobie",
                    "commenter_meta": null,
                    "comment_text": "Jack White The occupiers ran away with their tails between their legs, got their bank accounts frozen and their vehicles confiscated.\nAll they had to do was leave when asked.",
                    "comment_time": "2022-02-16 21:51:39",
                    "comment_image": "https://scontent.xx.fbcdn.net/m1/v/t6/An_UvxJXg9tdnLU3Y5qjPi0200MLilhzPXUgxzGjQzUMaNcmjdZA6anyrngvkdub33NZzZhd51fpCAEzNHFhko5aKRFP5fS1w_lKwYrzcNLupv27.png?ccb=10-5&oh=00_AT9C82irDy7Sn8cI_UEelmRC1FY5K5jw2pfWXlZ8QaKL1g&oe=62246CF9&_nc_sid=55e238",
                    "comment_reactors": [],
                    "comment_reactions": null,
                    "comment_reaction_count": null
                },
                {
                    "comment_id": "10159572464393904",
                    "comment_url": "https://facebook.com/10159572464393904",
                    "commenter_id": "100043257961739",
                    "commenter_url": "https://facebook.com/bonnie.cull.7?fref=nf&rc=p",
                    "commenter_name": "Bonnie Cull",
                    "commenter_meta": null,
                    "comment_text": "The leader of the insurrectionist\ncon party is a Trumper who had lunch with these insurrectionist\ntruckers #LOCKHERUP\n\nhttps://\nwinnipeg.ctvnews\n.ca/\nmanitoba-mp-face\ns-questions-ove\nr-maga-hat-phot\no-1.5259664",
                    "comment_time": "2022-02-16 21:51:39",
                    "comment_image": "https://winnipeg.ctvnews.ca/manitoba-mp-faces-questions-over-maga-hat-photo-1.5259664?fbclid=IwAR0cW1Jrlkx_rPTQ-7DKibOyLRhhLSz5Qmqq0tkUv6tSB8mes89XKT2DCCU",
                    "comment_reactors": [],
                    "comment_reactions": null,
                    "comment_reaction_count": null
                },
                {
                    "comment_id": "10159572468213904",
                    "comment_url": "https://facebook.com/10159572468213904",
                    "commenter_id": "538518155",
                    "commenter_url": "https://facebook.com/True.Newfoundlander?fref=nf&rc=p",
                    "commenter_name": "Gordon Earle",
                    "commenter_meta": null,
                    "comment_text": "Jack White - After being asked to end their illegal and unlawful seige/\noccupation many many many times, the so-called protesters that stayed: 1) used their own children as human shields, putting their children between themselves and advancing police 2) assaulted police and tried to get the officers' guns 3) organizers/\nleaders had a command post set-up in the middle of siege/\noccupation and from there they conspired and coordinated failed plans to kill police and over-throw government; 4) etc etc.\nGive your head a shake ...",
                    "comment_time": "2022-02-16 21:51:39",
                    "comment_image": "https://scontent.xx.fbcdn.net/m1/v/t6/An_UvxJXg9tdnLU3Y5qjPi0200MLilhzPXUgxzGjQzUMaNcmjdZA6anyrngvkdub33NZzZhd51fpCAEzNHFhko5aKRFP5fS1w_lKwYrzcNLupv27.png?ccb=10-5&oh=00_AT9C82irDy7Sn8cI_UEelmRC1FY5K5jw2pfWXlZ8QaKL1g&oe=62246CF9&_nc_sid=55e238",
                    "comment_reactors": [],
                    "comment_reactions": null,
                    "comment_reaction_count": null
                },
                {
                    "comment_id": "10159572528278904",
                    "comment_url": "https://facebook.com/10159572528278904",
                    "commenter_id": "531865822",
                    "commenter_url": "https://facebook.com/natalie.curwin?fref=nf&rc=p",
                    "commenter_name": "Natalie Curwin",
                    "commenter_meta": "Top fan",
                    "comment_text": "Jack White are for real? Come on now",
                    "comment_time": "2022-02-16 21:51:39",
                    "comment_image": "https://static.xx.fbcdn.net/rsrc.php/v3/y7/r/4bRBCBmu1Q9.png",
                    "comment_reactors": [],
                    "comment_reactions": null,
                    "comment_reaction_count": null
                },
                {
                    "comment_id": "10159572727923904",
                    "comment_url": "https://facebook.com/10159572727923904",
                    "commenter_id": "791540028",
                    "commenter_url": "https://facebook.com/PUGSLEY3?fref=nf&rc=p",
                    "commenter_name": "Chris Nordness",
                    "commenter_meta": null,
                    "comment_text": "Bonnie Cull lock up the PM he is a traitor an ethics breaker, I can go on but you love this Trudeau like most that vited him back east",
                    "comment_time": "2022-02-16 21:51:39",
                    "comment_image": "https://scontent.xx.fbcdn.net/m1/v/t6/An_UvxJXg9tdnLU3Y5qjPi0200MLilhzPXUgxzGjQzUMaNcmjdZA6anyrngvkdub33NZzZhd51fpCAEzNHFhko5aKRFP5fS1w_lKwYrzcNLupv27.png?ccb=10-5&oh=00_AT9C82irDy7Sn8cI_UEelmRC1FY5K5jw2pfWXlZ8QaKL1g&oe=62246CF9&_nc_sid=55e238",
                    "comment_reactors": [],
                    "comment_reactions": null,
                    "comment_reaction_count": null
                },
                {
                    "comment_id": "10159572729093904",
                    "comment_url": "https://facebook.com/10159572729093904",
                    "commenter_id": "791540028",
                    "commenter_url": "https://facebook.com/PUGSLEY3?fref=nf&rc=p",
                    "commenter_name": "Chris Nordness",
                    "commenter_meta": null,
                    "comment_text": "Gordon Earle using police force in a democracy is beyond the most stupid idea ever I hope Trudeau gets the boot from his party after what he has done",
                    "comment_time": "2022-02-16 21:51:39",
                    "comment_image": "https://scontent.xx.fbcdn.net/m1/v/t6/An_UvxJXg9tdnLU3Y5qjPi0200MLilhzPXUgxzGjQzUMaNcmjdZA6anyrngvkdub33NZzZhd51fpCAEzNHFhko5aKRFP5fS1w_lKwYrzcNLupv27.png?ccb=10-5&oh=00_AT9C82irDy7Sn8cI_UEelmRC1FY5K5jw2pfWXlZ8QaKL1g&oe=62246CF9&_nc_sid=55e238",
                    "comment_reactors": [],
                    "comment_reactions": null,
                    "comment_reaction_count": null
                },
                {
                    "comment_id": "10159572729993904",
                    "comment_url": "https://facebook.com/10159572729993904",
                    "commenter_id": "553711319",
                    "commenter_url": "https://facebook.com/gary.desjardins.3?fref=nf&rc=p",
                    "commenter_name": "Gary Desjardins",
                    "commenter_meta": null,
                    "comment_text": "Jack White trolls are thick as d#$#ks here.",
                    "comment_time": "2022-02-16 21:51:39",
                    "comment_image": null,
                    "comment_reactors": [],
                    "comment_reactions": null,
                    "comment_reaction_count": null
                },
                {
                    "comment_id": "10159572746008904",
                    "comment_url": "https://facebook.com/10159572746008904",
                    "commenter_id": "606237976",
                    "commenter_url": "https://facebook.com/ryan.brooks.77964?fref=nf&rc=p",
                    "commenter_name": "Ryan Jon",
                    "commenter_meta": null,
                    "comment_text": "Chris Nordness yes exactly!!!",
                    "comment_time": "2022-02-16 21:51:39",
                    "comment_image": "https://scontent.xx.fbcdn.net/m1/v/t6/An_UvxJXg9tdnLU3Y5qjPi0200MLilhzPXUgxzGjQzUMaNcmjdZA6anyrngvkdub33NZzZhd51fpCAEzNHFhko5aKRFP5fS1w_lKwYrzcNLupv27.png?ccb=10-5&oh=00_AT9C82irDy7Sn8cI_UEelmRC1FY5K5jw2pfWXlZ8QaKL1g&oe=62246CF9&_nc_sid=55e238",
                    "comment_reactors": [],
                    "comment_reactions": null,
                    "comment_reaction_count": null
                },
                {
                    "comment_id": "10159572748693904",
                    "comment_url": "https://facebook.com/10159572748693904",
                    "commenter_id": "606237976",
                    "commenter_url": "https://facebook.com/ryan.brooks.77964?fref=nf&rc=p",
                    "commenter_name": "Ryan Jon",
                    "commenter_meta": null,
                    "comment_text": "Gordon Earle cool story bro you should write a book with that amazing imagination of yours",
                    "comment_time": "2022-02-16 21:51:39",
                    "comment_image": "https://scontent.xx.fbcdn.net/m1/v/t6/An_UvxJXg9tdnLU3Y5qjPi0200MLilhzPXUgxzGjQzUMaNcmjdZA6anyrngvkdub33NZzZhd51fpCAEzNHFhko5aKRFP5fS1w_lKwYrzcNLupv27.png?ccb=10-5&oh=00_AT9C82irDy7Sn8cI_UEelmRC1FY5K5jw2pfWXlZ8QaKL1g&oe=62246CF9&_nc_sid=55e238",
                    "comment_reactors": [],
                    "comment_reactions": null,
                    "comment_reaction_count": null
                },
                {
                    "comment_id": "10159572751023904",
                    "comment_url": "https://facebook.com/10159572751023904",
                    "commenter_id": "606237976",
                    "commenter_url": "https://facebook.com/ryan.brooks.77964?fref=nf&rc=p",
                    "commenter_name": "Ryan Jon",
                    "commenter_meta": null,
                    "comment_text": "Bonnie Cull Make Canada Great Again!!! \ud83c\udde8\ud83c\udde6\ud83c\udde8\ud83c\udde6\ud83c\udde8\ud83c\udde6",
                    "comment_time": "2022-02-16 21:51:39",
                    "comment_image": "https://scontent.xx.fbcdn.net/m1/v/t6/An-OzaYGRs8HJMUUdL-Q9pzzUe-6dYQYH0YuulfJGzClIwZB6ubbGwhtChGS8FxnChgEmifrcrhalKyw7ubZeQmjvur00_4Bm3UKlJBnXJyqwKsR.png?ccb=10-5&oh=00_AT9QK4usHUu4e7hPO5sxMa4kIEUG_AoGS6YTJ_1zAMxiLg&oe=6224136B&_nc_sid=55e238",
                    "comment_reactors": [],
                    "comment_reactions": null,
                    "comment_reaction_count": null
                },
                {
                    "comment_id": "10159572777733904",
                    "comment_url": "https://facebook.com/10159572777733904",
                    "commenter_id": "807608900",
                    "commenter_url": "https://facebook.com/anthony.fornasier?fref=nf&rc=p",
                    "commenter_name": "Anthony Fornasier",
                    "commenter_meta": null,
                    "comment_text": "\ud83e\udd2e",
                    "comment_time": "2022-02-16 21:51:39",
                    "comment_image": null,
                    "comment_reactors": [],
                    "comment_reactions": null,
                    "comment_reaction_count": null
                },
                {
                    "comment_id": "10159573011263904",
                    "comment_url": "https://facebook.com/10159573011263904",
                    "commenter_id": "100001760509455",
                    "commenter_url": "https://facebook.com/kate.jones.75054689?fref=nf&rc=p",
                    "commenter_name": "Kay Em Jay",
                    "commenter_meta": null,
                    "comment_text": "Jack White \u2b05\ufe0f delusional",
                    "comment_time": "2022-02-23 21:51:39",
                    "comment_image": "https://scontent.xx.fbcdn.net/m1/v/t6/An_UvxJXg9tdnLU3Y5qjPi0200MLilhzPXUgxzGjQzUMaNcmjdZA6anyrngvkdub33NZzZhd51fpCAEzNHFhko5aKRFP5fS1w_lKwYrzcNLupv27.png?ccb=10-5&oh=00_AT9C82irDy7Sn8cI_UEelmRC1FY5K5jw2pfWXlZ8QaKL1g&oe=62246CF9&_nc_sid=55e238",
                    "comment_reactors": [],
                    "comment_reactions": null,
                    "comment_reaction_count": null
                },
                {
                    "comment_id": "10159573226883904",
                    "comment_url": "https://facebook.com/10159573226883904",
                    "commenter_id": "831040006",
                    "commenter_url": "https://facebook.com/adrian.ayotte.1?fref=nf&rc=p",
                    "commenter_name": "Adrian Ayotte",
                    "commenter_meta": null,
                    "comment_text": "Jack White heavy handed in Canada. 2.5 weeks of please go home. 2 days of warnings of being arrested. Form up rows of cops on one side of the protest only so that they can leave of their own accord. Slowly push in taking nonstop verbal abuse from protesters. Allowing them to leave still. 2 days of slow pushing. \"NAZIS! ABUSE ABUSE!",
                    "comment_time": "2022-02-23 21:51:39",
                    "comment_image": null,
                    "comment_reactors": [],
                    "comment_reactions": null,
                    "comment_reaction_count": null
                },
                {
                    "comment_id": "10159573295643904",
                    "comment_url": "https://facebook.com/10159573295643904",
                    "commenter_id": "647204739",
                    "commenter_url": "https://facebook.com/robert.drain?fref=nf&rc=p",
                    "commenter_name": "Robert James Drain",
                    "commenter_meta": null,
                    "comment_text": "You're joking of course. The TPS make the OPD look like a bunch of 4 year old girls. Toronto would have crushed this on day 3. But the TPS did even better, they didn't even let it start.",
                    "comment_time": "2022-02-23 21:51:39",
                    "comment_image": null,
                    "comment_reactors": [],
                    "comment_reactions": null,
                    "comment_reaction_count": null
                },
                {
                    "comment_id": "10159573456253904",
                    "comment_url": "https://facebook.com/10159573456253904",
                    "commenter_id": "630162645",
                    "commenter_url": "https://facebook.com/frederick.hollinger?fref=nf&rc=p",
                    "commenter_name": "Frederick Hollinger",
                    "commenter_meta": null,
                    "comment_text": "Robert James Drain So crushing people's right to protest is \"better\"? - smh...",
                    "comment_time": "2022-02-23 21:51:39",
                    "comment_image": "https://scontent.xx.fbcdn.net/m1/v/t6/An_F9bJG7govfshSMBkvcRLcxT0jmiXVYKtr7lgH5AHgUrjjpZ1OD0xyxXYgf7arc0lWgCdrR_KN4Mg7RSN3Gm3W6Gg03N1tQ-ZXzVvFJ_KvvB4.png?ccb=10-5&oh=00_AT8ScZKrgCPhmfSgYBZgvnQHv14vvPQpgzOW8DDMFGGodg&oe=62243F67&_nc_sid=55e238",
                    "comment_reactors": [],
                    "comment_reactions": null,
                    "comment_reaction_count": null
                },
                {
                    "comment_id": "10159573664083904",
                    "comment_url": "https://facebook.com/10159573664083904",
                    "commenter_id": "647204739",
                    "commenter_url": "https://facebook.com/robert.drain?fref=nf&rc=p",
                    "commenter_name": "Robert James Drain",
                    "commenter_meta": null,
                    "comment_text": "Frederick Hollinger Stopping an organized movement to disrupt an entire city is not a right. Pro Tip: actually understand what your rights are before quoting rights.\nIt goes way back to the simple anecdote, your right to swing your fist ends where my nose begins. Once your protest negatively impacts others you've broken the law.",
                    "comment_time": "2022-02-23 21:51:39",
                    "comment_image": "https://scontent.xx.fbcdn.net/m1/v/t6/An_UvxJXg9tdnLU3Y5qjPi0200MLilhzPXUgxzGjQzUMaNcmjdZA6anyrngvkdub33NZzZhd51fpCAEzNHFhko5aKRFP5fS1w_lKwYrzcNLupv27.png?ccb=10-5&oh=00_AT9C82irDy7Sn8cI_UEelmRC1FY5K5jw2pfWXlZ8QaKL1g&oe=62246CF9&_nc_sid=55e238",
                    "comment_reactors": [],
                    "comment_reactions": null,
                    "comment_reaction_count": null
                },
                {
                    "comment_id": "10159573676008904",
                    "comment_url": "https://facebook.com/10159573676008904",
                    "commenter_id": "630162645",
                    "commenter_url": "https://facebook.com/frederick.hollinger?fref=nf&rc=p",
                    "commenter_name": "Frederick Hollinger",
                    "commenter_meta": null,
                    "comment_text": "Robert James Drain But your quote said Toronto didn't even let it start (which is against their right to protest), and that that was \"better\". Try to keep up, there's a quiz later.",
                    "comment_time": "2022-02-23 21:51:39",
                    "comment_image": "https://scontent.xx.fbcdn.net/m1/v/t6/An_F9bJG7govfshSMBkvcRLcxT0jmiXVYKtr7lgH5AHgUrjjpZ1OD0xyxXYgf7arc0lWgCdrR_KN4Mg7RSN3Gm3W6Gg03N1tQ-ZXzVvFJ_KvvB4.png?ccb=10-5&oh=00_AT8ScZKrgCPhmfSgYBZgvnQHv14vvPQpgzOW8DDMFGGodg&oe=62243F67&_nc_sid=55e238",
                    "comment_reactors": [],
                    "comment_reactions": null,
                    "comment_reaction_count": null
                }
            ]
        },
        {
            "comment_id": "10159572761028904",
            "comment_url": "https://facebook.com/10159572761028904",
            "commenter_id": "100000183754621",
            "commenter_url": "https://facebook.com/ben.bliesner.7?fref=nf&rc=p&refid=52",
            "commenter_name": "Ben Bliesner",
            "commenter_meta": null,
            "comment_text": "Hope this includes independent owner operators. \ud83d\ude9b\ud83c\udde8\ud83c\udde6",
            "comment_time": "2022-02-16 21:51:37",
            "comment_image": null,
            "comment_reactors": [],
            "comment_reactions": null,
            "comment_reaction_count": null,
            "replies": []
        },
        {
            "comment_id": "10159574338033904",
            "comment_url": "https://facebook.com/10159574338033904",
            "commenter_id": "100004600094071",
            "commenter_url": "https://facebook.com/daniel.okeefe.1420?fref=nf&rc=p&refid=52",
            "commenter_name": "Daniel O'Keefe",
            "commenter_meta": null,
            "comment_text": "Unbelievable. They were closed because of Covid and closed because the Gov TOLD them to.....then this....they would have made this and more had they stayed open...",
            "comment_time": "2022-02-23 21:51:37",
            "comment_image": null,
            "comment_reactors": [],
            "comment_reactions": null,
            "comment_reaction_count": null,
            "replies": []
        },
        {
            "comment_id": "10159577016233904",
            "comment_url": "https://facebook.com/10159577016233904",
            "commenter_id": "100053784489586",
            "commenter_url": "https://facebook.com/peter.soltesz.56?fref=nf&rc=p&refid=52",
            "commenter_name": "Peter Soltesz",
            "commenter_meta": null,
            "comment_text": "tourism boom and bonanza that the egos of politicians couldnt work with local business to reap benefits",
            "comment_time": "2022-02-23 21:51:37",
            "comment_image": null,
            "comment_reactors": [],
            "comment_reactions": null,
            "comment_reaction_count": null,
            "replies": []
        },
        {
            "comment_id": "10159574296683904",
            "comment_url": "https://facebook.com/10159574296683904",
            "commenter_id": "48911243",
            "commenter_url": "https://facebook.com/michael.soudebov?fref=nf&rc=p&refid=52",
            "commenter_name": "Michael Soudebov",
            "commenter_meta": null,
            "comment_text": "Yes, lovely, more free money. And more inflation",
            "comment_time": "2022-02-23 21:51:37",
            "comment_image": null,
            "comment_reactors": [],
            "comment_reactions": null,
            "comment_reaction_count": null,
            "replies": []
        },
        {
            "comment_id": "10159572431068904",
            "comment_url": "https://facebook.com/10159572431068904",
            "commenter_id": "100001060669001",
            "commenter_url": "https://facebook.com/eddie.davidson.52?fref=nf&rc=p&refid=52",
            "commenter_name": "Eddie Davidson",
            "commenter_meta": null,
            "comment_text": "Buying public opinion with the public's own money...smh....\nWhat a winner.",
            "comment_time": "2022-02-16 21:51:37",
            "comment_image": null,
            "comment_reactors": [],
            "comment_reactions": null,
            "comment_reaction_count": null,
            "replies": [
                {
                    "comment_id": "10159572449788904",
                    "comment_url": "https://facebook.com/10159572449788904",
                    "commenter_id": "577760525",
                    "commenter_url": "https://facebook.com/Andres.Ruiz11111?fref=nf&rc=p",
                    "commenter_name": "Andres Ruiz",
                    "commenter_meta": "Top fan",
                    "comment_text": "Eddie Davidson I know eh, the money should go towards more abortion clinics in parts of the country with alot of truckers",
                    "comment_time": "2022-02-16 21:51:40",
                    "comment_image": "https://static.xx.fbcdn.net/rsrc.php/v3/y7/r/4bRBCBmu1Q9.png",
                    "comment_reactors": [],
                    "comment_reactions": null,
                    "comment_reaction_count": null
                },
                {
                    "comment_id": "10159572451823904",
                    "comment_url": "https://facebook.com/10159572451823904",
                    "commenter_id": "100012234764182",
                    "commenter_url": "https://facebook.com/ray.beam.794?fref=nf&rc=p",
                    "commenter_name": "Rob Scott",
                    "commenter_meta": null,
                    "comment_text": "Eddie Davidson the public opinion of the losers is overwhelming. Go home traitors",
                    "comment_time": "2022-02-16 21:51:40",
                    "comment_image": "https://scontent.xx.fbcdn.net/m1/v/t6/An_UvxJXg9tdnLU3Y5qjPi0200MLilhzPXUgxzGjQzUMaNcmjdZA6anyrngvkdub33NZzZhd51fpCAEzNHFhko5aKRFP5fS1w_lKwYrzcNLupv27.png?ccb=10-5&oh=00_AT9C82irDy7Sn8cI_UEelmRC1FY5K5jw2pfWXlZ8QaKL1g&oe=62246CF9&_nc_sid=55e238",
                    "comment_reactors": [],
                    "comment_reactions": null,
                    "comment_reaction_count": null
                },
                {
                    "comment_id": "10159572461873904",
                    "comment_url": "https://facebook.com/10159572461873904",
                    "commenter_id": "538518155",
                    "commenter_url": "https://facebook.com/True.Newfoundlander?fref=nf&rc=p",
                    "commenter_name": "Gordon Earle",
                    "commenter_meta": null,
                    "comment_text": "Eddie Davidson - helping people and businesses in need is below you?",
                    "comment_time": "2022-02-16 21:51:40",
                    "comment_image": "https://scontent.xx.fbcdn.net/m1/v/t6/An_UvxJXg9tdnLU3Y5qjPi0200MLilhzPXUgxzGjQzUMaNcmjdZA6anyrngvkdub33NZzZhd51fpCAEzNHFhko5aKRFP5fS1w_lKwYrzcNLupv27.png?ccb=10-5&oh=00_AT9C82irDy7Sn8cI_UEelmRC1FY5K5jw2pfWXlZ8QaKL1g&oe=62246CF9&_nc_sid=55e238",
                    "comment_reactors": [],
                    "comment_reactions": null,
                    "comment_reaction_count": null
                },
                {
                    "comment_id": "10159574043238904",
                    "comment_url": "https://facebook.com/10159574043238904",
                    "commenter_id": "509546034",
                    "commenter_url": "https://facebook.com/ashley.faller.9?fref=nf&rc=p",
                    "commenter_name": "Ashley Faller",
                    "commenter_meta": null,
                    "comment_text": "Eddie Davidson How is giving money to business these truckers forced to close and workers who harassed winning publics opinion.",
                    "comment_time": "2022-02-23 21:51:40",
                    "comment_image": "https://scontent.xx.fbcdn.net/m1/v/t6/An_UvxJXg9tdnLU3Y5qjPi0200MLilhzPXUgxzGjQzUMaNcmjdZA6anyrngvkdub33NZzZhd51fpCAEzNHFhko5aKRFP5fS1w_lKwYrzcNLupv27.png?ccb=10-5&oh=00_AT9C82irDy7Sn8cI_UEelmRC1FY5K5jw2pfWXlZ8QaKL1g&oe=62246CF9&_nc_sid=55e238",
                    "comment_reactors": [],
                    "comment_reactions": null,
                    "comment_reaction_count": null
                },
                {
                    "comment_id": "10159574112558904",
                    "comment_url": "https://facebook.com/10159574112558904",
                    "commenter_id": "100001060669001",
                    "commenter_url": "https://facebook.com/eddie.davidson.52?fref=nf&rc=p",
                    "commenter_name": "Eddie Davidson",
                    "commenter_meta": null,
                    "comment_text": "Andres Ruiz Yeah I know your opinion Andres it doesn't matter what I post you make fun of it or give me the grouchy face. \ud83d\ude18",
                    "comment_time": "2022-02-23 21:51:40",
                    "comment_image": null,
                    "comment_reactors": [],
                    "comment_reactions": null,
                    "comment_reaction_count": null
                },
                {
                    "comment_id": "10159574117238904",
                    "comment_url": "https://facebook.com/10159574117238904",
                    "commenter_id": "100001060669001",
                    "commenter_url": "https://facebook.com/eddie.davidson.52?fref=nf&rc=p",
                    "commenter_name": "Eddie Davidson",
                    "commenter_meta": null,
                    "comment_text": "Gordon Earle It wouldn't get me so much if the one tanking credit for doing it wasn't the one that put them in jeopardy in the first place and blaming someone else for their hardship....Or if Justin was using funds from his investments in this pandemic....",
                    "comment_time": "2022-02-23 21:51:40",
                    "comment_image": null,
                    "comment_reactors": [],
                    "comment_reactions": null,
                    "comment_reaction_count": null
                },
                {
                    "comment_id": "10159574119568904",
                    "comment_url": "https://facebook.com/10159574119568904",
                    "commenter_id": "100001060669001",
                    "commenter_url": "https://facebook.com/eddie.davidson.52?fref=nf&rc=p",
                    "commenter_name": "Eddie Davidson",
                    "commenter_meta": null,
                    "comment_text": "Ashley Faller Excuse me! Who forced to close???",
                    "comment_time": "2022-02-23 21:51:40",
                    "comment_image": null,
                    "comment_reactors": [],
                    "comment_reactions": null,
                    "comment_reaction_count": null
                },
                {
                    "comment_id": "10159574121988904",
                    "comment_url": "https://facebook.com/10159574121988904",
                    "commenter_id": "509546034",
                    "commenter_url": "https://facebook.com/ashley.faller.9?fref=nf&rc=p",
                    "commenter_name": "Ashley Faller",
                    "commenter_meta": null,
                    "comment_text": "Eddie Davidson The truckers, thought that was pretty clear when I said it. Not only did the truckers force business to close but that this happened right before Ontario opened up again.",
                    "comment_time": "2022-02-23 21:51:40",
                    "comment_image": null,
                    "comment_reactors": [],
                    "comment_reactions": null,
                    "comment_reaction_count": null
                },
                {
                    "comment_id": "10159574146528904",
                    "comment_url": "https://facebook.com/10159574146528904",
                    "commenter_id": "100001060669001",
                    "commenter_url": "https://facebook.com/eddie.davidson.52?fref=nf&rc=p",
                    "commenter_name": "Eddie Davidson",
                    "commenter_meta": null,
                    "comment_text": "Ashley Faller Justin Trudeau shut those businesses down trying to starve the protesters out and make it look like something it wasn't. Why would the protesters force businesses to close what would that gain them? Where are you getting your information....\nI spent hours watching live feeds there was no harassment. If there was the media would have been all over it. The livestreams I saw the protestors were helping the businesses out themselves. I don't know what you were watching.",
                    "comment_time": "2022-02-23 21:51:40",
                    "comment_image": null,
                    "comment_reactors": [],
                    "comment_reactions": null,
                    "comment_reaction_count": null
                },
                {
                    "comment_id": "10159574152063904",
                    "comment_url": "https://facebook.com/10159574152063904",
                    "commenter_id": "100001060669001",
                    "commenter_url": "https://facebook.com/eddie.davidson.52?fref=nf&rc=p",
                    "commenter_name": "Eddie Davidson",
                    "commenter_meta": null,
                    "comment_text": "Ashley Faller I did see the police trampling an old woman and some other guy with a horse and driving the butts of their rifles into people....I don't know....You were seeing something I didn't.",
                    "comment_time": "2022-02-23 21:51:40",
                    "comment_image": null,
                    "comment_reactors": [],
                    "comment_reactions": null,
                    "comment_reaction_count": null
                },
                {
                    "comment_id": "10159574157853904",
                    "comment_url": "https://facebook.com/10159574157853904",
                    "commenter_id": "509546034",
                    "commenter_url": "https://facebook.com/ashley.faller.9?fref=nf&rc=p",
                    "commenter_name": "Ashley Faller",
                    "commenter_meta": null,
                    "comment_text": "Eddie Davidson That is absolutely not true especially since all the other business around the city were open it was ONLY in the core and it was because these truckers blocked roads, bridges, bus routes and were harassing and threatening business and their workers.\n\nWhat was the POINT of truckers to honk their horns day and night in primary residential areas that literally only hurt the residents in these areas? What is the POINT of truckers to go to the Rideau Center and hold signs and harass the workers with different stores as was shown in numerous articles? What was the POINT of truckers to continue to hot tub in the middle of the street when ALL Provinces lifted their mandates including the Vaccines and Passport?\n\nI live in ottawa.",
                    "comment_time": "2022-02-23 21:51:40",
                    "comment_image": null,
                    "comment_reactors": [],
                    "comment_reactions": null,
                    "comment_reaction_count": null
                },
                {
                    "comment_id": "10159574159583904",
                    "comment_url": "https://facebook.com/10159574159583904",
                    "commenter_id": "509546034",
                    "commenter_url": "https://facebook.com/ashley.faller.9?fref=nf&rc=p",
                    "commenter_name": "Ashley Faller",
                    "commenter_meta": null,
                    "comment_text": "Eddie Davidson what you didn't see in that video was the man in the brown jacket backing into the path of the horses, which is why the horses had to move around him and knocked over the lady.",
                    "comment_time": "2022-02-23 21:51:40",
                    "comment_image": null,
                    "comment_reactors": [],
                    "comment_reactions": null,
                    "comment_reaction_count": null
                },
                {
                    "comment_id": "10159574183673904",
                    "comment_url": "https://facebook.com/10159574183673904",
                    "commenter_id": "100001060669001",
                    "commenter_url": "https://facebook.com/eddie.davidson.52?fref=nf&rc=p",
                    "commenter_name": "Eddie Davidson",
                    "commenter_meta": null,
                    "comment_text": "Ashley Faller That I know is a lie they left lanes open so people could pass the only barricades I saw were concrete barricades the government set up to block traffic which I thought was weird....hahaha\n....I guess you're the expert....Quite\nhonestly I don't watch MSM....Ya know....I could probably enlighten you about how the MSM works but you probably don't want to hear it and wouldn't listen anyway.....But let's say this....Let's say I want to create a suicide bomber and I want to use that situation to sway public opinion....Now how would I do that....I'd hire some unwitting delivery company to deliver a package every day to the same place at the same time....deliver\n, deliver, deliver, BOOM!!! Suicide bomber!!!! I watched live feeds and I watched these news feeds....I never saw any of that happening. Could I create an isolated event and blame it on anyone I wanted to? Yes I could if I could afford it. Could I make people believe it was happening all over the place? Yes, if I was telling the story to people who weren't living there I sure could....By the time they broke the protest up the honking had stopped and if any of that other stuff was happening I'm sure that was stopped too....I really never saw any of that happening maybe you did like I say I didn't.....and yes it was the government putting up concrete barricades and you've just explained to me why they did that because I quite frankly understands them complaining about the streets being blocked when it was them blocking them....You solved that mystery for me I can thank you for that at least. Can't chat any longer tonight have a good night Ashley. Pleasant dreams.",
                    "comment_time": "2022-02-23 21:51:40",
                    "comment_image": null,
                    "comment_reactors": [],
                    "comment_reactions": null,
                    "comment_reaction_count": null
                },
                {
                    "comment_id": "10159574186423904",
                    "comment_url": "https://facebook.com/10159574186423904",
                    "commenter_id": "100001060669001",
                    "commenter_url": "https://facebook.com/eddie.davidson.52?fref=nf&rc=p",
                    "commenter_name": "Eddie Davidson",
                    "commenter_meta": null,
                    "comment_text": "Ashley Faller They didn't stop to pick her up....",
                    "comment_time": "2022-02-23 21:51:40",
                    "comment_image": null,
                    "comment_reactors": [],
                    "comment_reactions": null,
                    "comment_reaction_count": null
                },
                {
                    "comment_id": "10159574189538904",
                    "comment_url": "https://facebook.com/10159574189538904",
                    "commenter_id": "577760525",
                    "commenter_url": "https://facebook.com/Andres.Ruiz11111?fref=nf&rc=p",
                    "commenter_name": "Andres Ruiz",
                    "commenter_meta": "Top fan",
                    "comment_text": "Eddie Davidson",
                    "comment_time": "2022-02-23 21:51:40",
                    "comment_image": "https://media1.tenor.co/images/bc9135d16b2959912c31d9aef0eac5d4/tenor.gif?ver=1112&c=VjFfZmFjZWJvb2tfd2ViY29tbWVudHM&itemid=17588662&fbclid=IwAR2yvPqDUAuz7GB5g3MzXrPL2I10a56pLX79GFbLMMugh-ax6AxK0mHOPWc",
                    "comment_reactors": [],
                    "comment_reactions": null,
                    "comment_reaction_count": null
                },
                {
                    "comment_id": "10159574214748904",
                    "comment_url": "https://facebook.com/10159574214748904",
                    "commenter_id": "509546034",
                    "commenter_url": "https://facebook.com/ashley.faller.9?fref=nf&rc=p",
                    "commenter_name": "Ashley Faller",
                    "commenter_meta": null,
                    "comment_text": "Eddie Davidson actually they did, police on the ground on the other side stopped and went to her to help her. You would have seen that .",
                    "comment_time": "2022-02-23 21:51:40",
                    "comment_image": null,
                    "comment_reactors": [],
                    "comment_reactions": null,
                    "comment_reaction_count": null
                }
            ]
        },
        {
            "comment_id": "10159574072123904",
            "comment_url": "https://facebook.com/10159574072123904",
            "commenter_id": "588720642",
            "commenter_url": "https://facebook.com/derek.s.cunningham?fref=nf&rc=p&refid=52",
            "commenter_name": "Derek Steven Cunningham",
            "commenter_meta": null,
            "comment_text": "Business in the downtown core has not been better in the last 2+ years!! The government lockdowns closed and bankrupted businesses!!...\n.and all they want to do is throw money at the problem without ever fixing anything!! Don't forget the the entire government workforce is now working from home......this alone is total destruction to the downtown economy!!!",
            "comment_time": "2022-02-23 21:51:37",
            "comment_image": null,
            "comment_reactors": [],
            "comment_reactions": null,
            "comment_reaction_count": null,
            "replies": []
        },
        {
            "comment_id": "10159572508483904",
            "comment_url": "https://facebook.com/10159572508483904",
            "commenter_id": "100012408785573",
            "commenter_url": "https://facebook.com/al.ei.58?fref=nf&rc=p&refid=52",
            "commenter_name": "Lu Ma",
            "commenter_meta": null,
            "comment_text": "Fck, govt just handed out our money like it was toilet paper.. our children and their children will be enslaved by debt.. wake up canada",
            "comment_time": "2022-02-16 21:51:37",
            "comment_image": null,
            "comment_reactors": [],
            "comment_reactions": null,
            "comment_reaction_count": null,
            "replies": [
                {
                    "comment_id": "10159573299993904",
                    "comment_url": "https://facebook.com/10159573299993904",
                    "commenter_id": "538518155",
                    "commenter_url": "https://facebook.com/True.Newfoundlander?fref=nf&rc=p",
                    "commenter_name": "Gordon Earle",
                    "commenter_meta": null,
                    "comment_text": "Lu Ma and Justin Van Marrum - so why is Canadian dollar now worth the same as it was worth for the past 6 six years? ... Could it be that your economic theory has no basis in reality? Could it be that the value of the Canadian dollar rises and lowers with the value of oil, wood products, soybean and other Canadian exports? Could it be that you have no knowledge whatsoever about macro and micro economics?",
                    "comment_time": "2022-02-23 21:51:41",
                    "comment_image": "https://scontent.xx.fbcdn.net/m1/v/t6/An_UvxJXg9tdnLU3Y5qjPi0200MLilhzPXUgxzGjQzUMaNcmjdZA6anyrngvkdub33NZzZhd51fpCAEzNHFhko5aKRFP5fS1w_lKwYrzcNLupv27.png?ccb=10-5&oh=00_AT9C82irDy7Sn8cI_UEelmRC1FY5K5jw2pfWXlZ8QaKL1g&oe=62246CF9&_nc_sid=55e238",
                    "comment_reactors": [],
                    "comment_reactions": null,
                    "comment_reaction_count": null
                }
            ]
        },
        {
            "comment_id": "10159573994658904",
            "comment_url": "https://facebook.com/10159573994658904",
            "commenter_id": "574386973",
            "commenter_url": "https://facebook.com/lisa.barron.9461?fref=nf&rc=p&refid=52",
            "commenter_name": "Lee Choui",
            "commenter_meta": null,
            "comment_text": "Why didn't they open? They would of sold out.",
            "comment_time": "2022-02-23 21:51:37",
            "comment_image": null,
            "comment_reactors": [],
            "comment_reactions": null,
            "comment_reaction_count": null,
            "replies": []
        },
        {
            "comment_id": "10159573211138904",
            "comment_url": "https://facebook.com/10159573211138904",
            "commenter_id": "1107492545",
            "commenter_url": "https://facebook.com/gatogordo?fref=nf&rc=p&refid=52",
            "commenter_name": "Maxime Comtois",
            "commenter_meta": null,
            "comment_text": "Do we need to register a business in order to live decently and get a decent \u201cwage\u201d? Asking for a friend",
            "comment_time": "2022-02-23 21:51:37",
            "comment_image": null,
            "comment_reactors": [],
            "comment_reactions": null,
            "comment_reaction_count": null,
            "replies": []
        },
        {
            "comment_id": "10159573082033904",
            "comment_url": "https://facebook.com/10159573082033904",
            "commenter_id": "630162645",
            "commenter_url": "https://facebook.com/frederick.hollinger?fref=nf&rc=p&refid=52",
            "commenter_name": "Frederick Hollinger",
            "commenter_meta": null,
            "comment_text": "If these idiots had stayed open during this they might have made their year!",
            "comment_time": "2022-02-23 21:51:37",
            "comment_image": null,
            "comment_reactors": [],
            "comment_reactions": null,
            "comment_reaction_count": null,
            "replies": []
        },
        {
            "comment_id": "10159572403153904",
            "comment_url": "https://facebook.com/10159572403153904",
            "commenter_id": "100002417842763",
            "commenter_url": "https://facebook.com/andrew.merritt.948?fref=nf&rc=p&refid=52",
            "commenter_name": "Andrew Merritt",
            "commenter_meta": null,
            "comment_text": "I wish I didnt have to say,I told you so but I told you so. People may be finished with the Pandemic but the pandemic isnt finished with people. The Corna virus wishes to thank the Antivaxx convoy,the Conservative party and the far left for its support for the freedom of the virus to spread.Thank you. https://\nwww.msn.com/\nen-ca/health/\nmedical/\ncoronavirus-as-b\na-2-subvariant-\nof-omicron-rise\ns-lab-studies-p\noint-to-signs-o\nf-severity/\nar-AAU086M?ocid=\nmsedgdhp&pc=U53\n1&fbclid=IwAR0I\nF1xWRaOJnE6Tp3i\nC7LVFysiGEliEgz\nKKtS5KT0AaIPfoq\n5dSaboBfwE",
            "comment_time": "2022-02-16 21:51:37",
            "comment_image": "https://www.msn.com/en-ca/health/medical/coronavirus-as-ba-2-subvariant-of-omicron-rises-lab-studies-point-to-signs-of-severity/ar-AAU086M?ocid=msedgdhp&pc=U531&fbclid=IwAR2LT8mrho_Gb-j6ZrfExh8qiXBbRqnZUZQ__75_KM6kkVxseaiuzswyQ9s",
            "comment_reactors": [],
            "comment_reactions": null,
            "comment_reaction_count": null,
            "replies": [
                {
                    "comment_id": "10159572440678904",
                    "comment_url": "https://facebook.com/10159572440678904",
                    "commenter_id": "100001514270153",
                    "commenter_url": "https://facebook.com/profile.php?id=100001514270153&fref=nf&rc=p",
                    "commenter_name": "Tom Edwards",
                    "commenter_meta": null,
                    "comment_text": "Andrew Merritt , clueless ???\n3 week party, outside, all types of weather, lots of hugging, dancing,Vax and unvax, and hospital numbers go down, nobody died a grisely death ??? Hmmmmmm ?,\nSomebody is lying here ??\nYet it goes right over your head",
                    "comment_time": "2022-02-16 21:51:41",
                    "comment_image": "https://scontent.xx.fbcdn.net/m1/v/t6/An_F9bJG7govfshSMBkvcRLcxT0jmiXVYKtr7lgH5AHgUrjjpZ1OD0xyxXYgf7arc0lWgCdrR_KN4Mg7RSN3Gm3W6Gg03N1tQ-ZXzVvFJ_KvvB4.png?ccb=10-5&oh=00_AT8ScZKrgCPhmfSgYBZgvnQHv14vvPQpgzOW8DDMFGGodg&oe=62243F67&_nc_sid=55e238",
                    "comment_reactors": [],
                    "comment_reactions": null,
                    "comment_reaction_count": null
                }
            ]
        },
        {
            "comment_id": "10159572443818904",
            "comment_url": "https://facebook.com/10159572443818904",
            "commenter_id": "1150636590",
            "commenter_url": "https://facebook.com/richard.courtemanche.5?fref=nf&rc=p&refid=52",
            "commenter_name": "Richard Courtemanche",
            "commenter_meta": null,
            "comment_text": "Fidel Junior could have prevented that!!!\n\nHopefully, the unlawfully jailed patriots will be released soon and any charges against them must be dropped without any financial burden or otherwise upon them. You cannot charge patriots in a peaceful protest at any time, especially when the instigator of the protest, narcissistic criminal Trudeau, has yet to be investigated for treason, fraud, theft, etc If only some international investigative entity could do that as Canadian ones are impotent. Socialism has superseded democracy; Canada is in free fall; The national idiot is a pitiful little being salivating on the situation.\n\nPolice officers have a tough moral dilemma, and so they should. When one looks at the big picture, they and their superiors must help advance the evil agenda of a pitiful communist little man. An agenda that will detrimentally affect what veterans fought against through blood and tears throughout history and families and children will be enslaved. Pretty sure many would like to chop off the head of the snake instead, but they probably won\u2019t. Pretty sad!\n\nIf people obey irrational orders from the State, when will it stop! With media and political leaders reinforcing this divisive narrative, is it any wonder that thousands of angry people should spill into the streets! Truckers stood up for the best of humanity against Fidel Junior\u2019s evil.\n\nFar too many people, people who know better, are simply taking the path of least resistance, perhaps hoping the storm will pass.\n\nThe future very much depends upon people finding the courage to stand up for principles they know to be true. Nobody ever said doing the right thing was easy.",
            "comment_time": "2022-02-16 21:51:37",
            "comment_image": null,
            "comment_reactors": [],
            "comment_reactions": null,
            "comment_reaction_count": null,
            "replies": []
        }
    ],
    "reactors": null,
    "w3_fb_url": null,
    "reactions": null,
    "reaction_count": null,
    "with": null,
    "page_id": "140961138903",
    "sharers": null,
    "image_id": null,
    "image_ids": [],
    "was_live": false
}