{
    "original_request_url": "10159565053358904",
    "post_url": "https://facebook.com/story.php?story_fbid=10159565053358904&id=140961138903",
    "post_id": "10159565053358904",
    "text": "Analysis shows just over 50 per cent, US$4.3-million, originated in Canada, while 43 per cent, or US$3.6-million, were said to originate from the United States\n\nTHEGLOBEANDMAIL.COM\nData leak reveals Canadians, Americans donated millions to fund convoy protests",
    "post_text": "Analysis shows just over 50 per cent, US$4.3-million, originated in Canada, while 43 per cent, or US$3.6-million, were said to originate from the United States",
    "shared_text": "THEGLOBEANDMAIL.COM\nData leak reveals Canadians, Americans donated millions to fund convoy protests",
    "original_text": null,
    "time": "2022-02-15 20:38:58",
    "timestamp": 1644957538,
    "image": "https://www.theglobeandmail.com/resizer/zgiw52rPstSTwScDjSr9EfIlmPQ=/1200x800/filters:quality(80)/cloudfront-us-east-1.images.arcpublishing.com/tgam/H3MY4WVXMBMJVPIVVNFVYZ6CJQ.JPG",
    "image_lowquality": "https://external-sea1-1.xx.fbcdn.net/safe_image.php?d=AQFpJCx367HdhC36&w=476&h=249&url=https%3A%2F%2Fwww.theglobeandmail.com%2Fresizer%2Fzgiw52rPstSTwScDjSr9EfIlmPQ%3D%2F1200x800%2Ffilters%3Aquality%2880%29%2Fcloudfront-us-east-1.images.arcpublishing.com%2Ftgam%2FH3MY4WVXMBMJVPIVVNFVYZ6CJQ.JPG&cfs=1&jq=75&ext=jpg&_nc_oe=6fab9&_nc_sid=06c271&ccb=3-5&_nc_hash=AQFvoWvc5ojQWki4",
    "images": [
        "https://www.theglobeandmail.com/resizer/zgiw52rPstSTwScDjSr9EfIlmPQ=/1200x800/filters:quality(80)/cloudfront-us-east-1.images.arcpublishing.com/tgam/H3MY4WVXMBMJVPIVVNFVYZ6CJQ.JPG"
    ],
    "images_description": [],
    "images_lowquality": [
        "https://external-sea1-1.xx.fbcdn.net/safe_image.php?d=AQFpJCx367HdhC36&w=476&h=249&url=https%3A%2F%2Fwww.theglobeandmail.com%2Fresizer%2Fzgiw52rPstSTwScDjSr9EfIlmPQ%3D%2F1200x800%2Ffilters%3Aquality%2880%29%2Fcloudfront-us-east-1.images.arcpublishing.com%2Ftgam%2FH3MY4WVXMBMJVPIVVNFVYZ6CJQ.JPG&cfs=1&jq=75&ext=jpg&_nc_oe=6fab9&_nc_sid=06c271&ccb=3-5&_nc_hash=AQFvoWvc5ojQWki4"
    ],
    "images_lowquality_description": [
        null
    ],
    "video": null,
    "video_duration_seconds": null,
    "video_height": null,
    "video_id": null,
    "video_quality": null,
    "video_size_MB": null,
    "video_thumbnail": null,
    "video_watches": null,
    "video_width": null,
    "likes": 62,
    "comments": 24,
    "shares": 4,
    "link": "http://www.theglobeandmail.com/canada/article-data-leak-reveals-canadians-americans-donated-millions-to-fund-convoy/?utm_campaign=sophi-pop&utm_medium=post&utm_source=facebook&fbclid=IwAR0xWSah1NX7IF07ctYeoKaTbsJI71icQkztZLd18rQFFkp4ZqHXfybozS4",
    "links": [],
    "user_id": "140961138903",
    "username": "The Globe and Mail",
    "user_url": "https://facebook.com/theglobeandmail/?refid=52",
    "is_live": false,
    "factcheck": null,
    "shared_post_id": null,
    "shared_time": null,
    "shared_user_id": null,
    "shared_username": null,
    "shared_post_url": null,
    "available": true,
    "comments_full": [
        {
            "comment_id": "10159565159313904",
            "comment_url": "https://facebook.com/10159565159313904",
            "commenter_id": "1138567581",
            "commenter_url": "https://facebook.com/BendaHartwell?fref=nf&rc=p&refid=52",
            "commenter_name": "Brenda Hartwell",
            "commenter_meta": null,
            "comment_text": "These protesters seem to think they are the majority because they see the people beside the highway and clogging the streets. They haven't quite figured out that 10% of 37 million is 370,000 people. So if 20% of the population disagree, it is 740,000 people and still not anywhere near a majority.",
            "comment_time": "2022-02-16 21:42:30",
            "comment_image": null,
            "comment_reactors": [],
            "comment_reactions": null,
            "comment_reaction_count": null,
            "replies": [
                {
                    "comment_id": "10159565260143904",
                    "comment_url": "https://facebook.com/10159565260143904",
                    "commenter_id": "693613157",
                    "commenter_url": "https://facebook.com/robert.mielnik.31?fref=nf&rc=p",
                    "commenter_name": "Robert Mielnik",
                    "commenter_meta": null,
                    "comment_text": "Brenda Hartwell Recent Globe and Mail poll suggests that 84% of Canadians support protesters in removing mandates. 84% pro, 16% against. This is a HUGE MAJORITY. Of course, my advice is to take any and all articles/\ninformation manufactured by Globe and Mail with a grain of salt, as they are manufactured, not real.",
                    "comment_time": "2022-02-16 21:42:32",
                    "comment_image": "https://scontent.xx.fbcdn.net/m1/v/t6/An_UvxJXg9tdnLU3Y5qjPi0200MLilhzPXUgxzGjQzUMaNcmjdZA6anyrngvkdub33NZzZhd51fpCAEzNHFhko5aKRFP5fS1w_lKwYrzcNLupv27.png?ccb=10-5&oh=00_AT9C82irDy7Sn8cI_UEelmRC1FY5K5jw2pfWXlZ8QaKL1g&oe=62246CF9&_nc_sid=55e238",
                    "comment_reactors": [],
                    "comment_reactions": null,
                    "comment_reaction_count": null
                },
                {
                    "comment_id": "10159565604603904",
                    "comment_url": "https://facebook.com/10159565604603904",
                    "commenter_id": "711696194",
                    "commenter_url": "https://facebook.com/JCMS22?fref=nf&rc=p",
                    "commenter_name": "Jayce Lavoie",
                    "commenter_meta": null,
                    "comment_text": "Robert Mielnik people agreeing it's time to ease restrictions is not the same as siding with people blocking the border.",
                    "comment_time": "2022-02-16 21:42:32",
                    "comment_image": "https://scontent.xx.fbcdn.net/m1/v/t6/An_UvxJXg9tdnLU3Y5qjPi0200MLilhzPXUgxzGjQzUMaNcmjdZA6anyrngvkdub33NZzZhd51fpCAEzNHFhko5aKRFP5fS1w_lKwYrzcNLupv27.png?ccb=10-5&oh=00_AT9C82irDy7Sn8cI_UEelmRC1FY5K5jw2pfWXlZ8QaKL1g&oe=62246CF9&_nc_sid=55e238",
                    "comment_reactors": [],
                    "comment_reactions": null,
                    "comment_reaction_count": null
                },
                {
                    "comment_id": "10159566154483904",
                    "comment_url": "https://facebook.com/10159566154483904",
                    "commenter_id": "874445095",
                    "commenter_url": "https://facebook.com/ricky.mihalyk?fref=nf&rc=p",
                    "commenter_name": "Ricky Mihalyk",
                    "commenter_meta": null,
                    "comment_text": "Ahhh liberal math\u2026 370,000\u2026 that would be one percent. 10% is 3.7 million.",
                    "comment_time": "2022-02-16 21:42:32",
                    "comment_image": "https://scontent.xx.fbcdn.net/m1/v/t6/An_UvxJXg9tdnLU3Y5qjPi0200MLilhzPXUgxzGjQzUMaNcmjdZA6anyrngvkdub33NZzZhd51fpCAEzNHFhko5aKRFP5fS1w_lKwYrzcNLupv27.png?ccb=10-5&oh=00_AT9C82irDy7Sn8cI_UEelmRC1FY5K5jw2pfWXlZ8QaKL1g&oe=62246CF9&_nc_sid=55e238",
                    "comment_reactors": [],
                    "comment_reactions": null,
                    "comment_reaction_count": null
                },
                {
                    "comment_id": "10159566172698904",
                    "comment_url": "https://facebook.com/10159566172698904",
                    "commenter_id": "703510766",
                    "commenter_url": "https://facebook.com/murray.purvis.1?fref=nf&rc=p",
                    "commenter_name": "Murray Purvis",
                    "commenter_meta": null,
                    "comment_text": "Yup and when the PM called them a minority they got upset. Simply because they do can't elementary school level math. Hahahahaha",
                    "comment_time": "2022-02-16 21:42:32",
                    "comment_image": "https://scontent.xx.fbcdn.net/m1/v/t6/An-SJYN61eefFdoaV8pa0G_5_APCa0prZaqkZGXpCFeUCLCg89UPOqSkSZxJkLy0hAKKpUIPEB91mo9yBBfcAqcwmpEu5jN_jmJufFtJoVJCUklu.png?ccb=10-5&oh=00_AT_uC16R89XISW2BLH-gvAeIZ-6knN-rLSiRLuYO7e7b3A&oe=6225C35F&_nc_sid=55e238",
                    "comment_reactors": [],
                    "comment_reactions": null,
                    "comment_reaction_count": null
                },
                {
                    "comment_id": "10159566507123904",
                    "comment_url": "https://facebook.com/10159566507123904",
                    "commenter_id": "100043257961739",
                    "commenter_url": "https://facebook.com/bonnie.cull.7?fref=nf&rc=p",
                    "commenter_name": "Bonnie Cull",
                    "commenter_meta": null,
                    "comment_text": "Liar. The latest polls say 72% want the military sent in on these terrorists #LOCKTHEMUP",
                    "comment_time": "2022-02-16 21:42:32",
                    "comment_image": null,
                    "comment_reactors": [],
                    "comment_reactions": null,
                    "comment_reaction_count": null
                },
                {
                    "comment_id": "10159566508308904",
                    "comment_url": "https://facebook.com/10159566508308904",
                    "commenter_id": "100043257961739",
                    "commenter_url": "https://facebook.com/bonnie.cull.7?fref=nf&rc=p",
                    "commenter_name": "Bonnie Cull",
                    "commenter_meta": null,
                    "comment_text": "Ottawa protest at its peak was 5000 people says Ottawa cops, these insurrectionist\ns said 2 million lol",
                    "comment_time": "2022-02-16 21:42:32",
                    "comment_image": null,
                    "comment_reactors": [],
                    "comment_reactions": null,
                    "comment_reaction_count": null
                },
                {
                    "comment_id": "10159567106458904",
                    "comment_url": "https://facebook.com/10159567106458904",
                    "commenter_id": "100053211585845",
                    "commenter_url": "https://facebook.com/profile.php?id=100053211585845&fref=nf&rc=p",
                    "commenter_name": "Shane Jones",
                    "commenter_meta": null,
                    "comment_text": "Brenda Hartwell Brenda the cognitive dissonance on your side is you really think that everyone who took a vaccine is pro mandates. Do you think the people who were forced to get a vaccine to keep their job are in support of these mandates? Do you think the people who were told life would go back to normal when vaccination numbers hit a threshold and they kept moving the goalposts like these mandates? Reality is you're actually looking at about 33% in support of mandates. Nobody young, nobody strong, nobody healthy wants this crap",
                    "comment_time": "2022-02-16 21:42:32",
                    "comment_image": null,
                    "comment_reactors": [],
                    "comment_reactions": null,
                    "comment_reaction_count": null
                },
                {
                    "comment_id": "10159567169108904",
                    "comment_url": "https://facebook.com/10159567169108904",
                    "commenter_id": "100002891938194",
                    "commenter_url": "https://facebook.com/louise.michelle.71?fref=nf&rc=p",
                    "commenter_name": "Louise Michelle",
                    "commenter_meta": null,
                    "comment_text": "Jayce Lavoie not is the blocked border like to convoy with bouncy castles but you like to confuse those different protests.",
                    "comment_time": "2022-02-16 21:42:32",
                    "comment_image": null,
                    "comment_reactors": [],
                    "comment_reactions": null,
                    "comment_reaction_count": null
                }
            ]
        },
        {
            "comment_id": "10159566269408904",
            "comment_url": "https://facebook.com/10159566269408904",
            "commenter_id": "694706798",
            "commenter_url": "https://facebook.com/gwatrich?fref=nf&rc=p&refid=52",
            "commenter_name": "Greg Waters",
            "commenter_meta": null,
            "comment_text": "Whatever happened to privacy laws for data? Doesn\u2019t it apply to stolen data too? Aren\u2019t all of these news outlets accomplices in breaking the law?",
            "comment_time": "2022-02-16 21:42:30",
            "comment_image": null,
            "comment_reactors": [],
            "comment_reactions": null,
            "comment_reaction_count": null,
            "replies": []
        },
        {
            "comment_id": "10159565093933904",
            "comment_url": "https://facebook.com/10159565093933904",
            "commenter_id": "824385556",
            "commenter_url": "https://facebook.com/ed.gilpin.90?fref=nf&rc=p&refid=52",
            "commenter_name": "Ed Gilpin",
            "commenter_meta": null,
            "comment_text": "How could that be? Were not they a fringe minority, with unacceptable views.",
            "comment_time": "2022-02-16 21:42:30",
            "comment_image": null,
            "comment_reactors": [],
            "comment_reactions": null,
            "comment_reaction_count": null,
            "replies": [
                {
                    "comment_id": "10159565100393904",
                    "comment_url": "https://facebook.com/10159565100393904",
                    "commenter_id": "100010067385198",
                    "commenter_url": "https://facebook.com/profile.php?id=100010067385198&fref=nf&rc=p",
                    "commenter_name": "Kristen Thomlinson",
                    "commenter_meta": "Top fan",
                    "comment_text": "Ed Gilpin Yeah you are.",
                    "comment_time": "2022-02-16 21:42:33",
                    "comment_image": "https://static.xx.fbcdn.net/rsrc.php/v3/y7/r/4bRBCBmu1Q9.png",
                    "comment_reactors": [],
                    "comment_reactions": null,
                    "comment_reaction_count": null
                }
            ]
        },
        {
            "comment_id": "10159566609343904",
            "comment_url": "https://facebook.com/10159566609343904",
            "commenter_id": "100077672803851",
            "commenter_url": "https://facebook.com/profile.php?id=100077672803851&fref=nf&rc=p&refid=52",
            "commenter_name": "Unnaceptable Views Labelle",
            "commenter_meta": null,
            "comment_text": "Definately a Russian psyop",
            "comment_time": "2022-02-16 21:42:30",
            "comment_image": null,
            "comment_reactors": [],
            "comment_reactions": null,
            "comment_reaction_count": null,
            "replies": []
        },
        {
            "comment_id": "10159565209913904",
            "comment_url": "https://facebook.com/10159565209913904",
            "commenter_id": "100008248920918",
            "commenter_url": "https://facebook.com/profile.php?id=100008248920918&fref=nf&rc=p&refid=52",
            "commenter_name": "George Haiderali",
            "commenter_meta": null,
            "comment_text": "Canadians are increasingly confident that Justin, our immaculate PM, will be able to turn this dire situation around quickly. In the process, people of this country will learn, how funds were transferred in guise of freedom convoy to hurt Canada and instill fear among its citizens. Thank you Mr. PM, keep up the good work....",
            "comment_time": "2022-02-16 21:42:30",
            "comment_image": null,
            "comment_reactors": [],
            "comment_reactions": null,
            "comment_reaction_count": null,
            "replies": []
        },
        {
            "comment_id": "10159565297393904",
            "comment_url": "https://facebook.com/10159565297393904",
            "commenter_id": "1472894653",
            "commenter_url": "https://facebook.com/earl.stewart.3150?fref=nf&rc=p&refid=52",
            "commenter_name": "Earl Stewart",
            "commenter_meta": null,
            "comment_text": "Thats wonderful the funds should be sent to where they were intended trudeau just seen the $$ and got jealous he could come close to that campaign fundraising over a much longer timeframe",
            "comment_time": "2022-02-16 21:42:30",
            "comment_image": null,
            "comment_reactors": [],
            "comment_reactions": null,
            "comment_reaction_count": null,
            "replies": [
                {
                    "comment_id": "10159565353238904",
                    "comment_url": "https://facebook.com/10159565353238904",
                    "commenter_id": "100000333123832",
                    "commenter_url": "https://facebook.com/susan.larocque.9?fref=nf&rc=p",
                    "commenter_name": "Susan Larocque",
                    "commenter_meta": null,
                    "comment_text": "Earl Stewart what level of idiot are you??",
                    "comment_time": "2022-02-16 21:42:34",
                    "comment_image": "https://scontent.xx.fbcdn.net/m1/v/t6/An_UvxJXg9tdnLU3Y5qjPi0200MLilhzPXUgxzGjQzUMaNcmjdZA6anyrngvkdub33NZzZhd51fpCAEzNHFhko5aKRFP5fS1w_lKwYrzcNLupv27.png?ccb=10-5&oh=00_AT9C82irDy7Sn8cI_UEelmRC1FY5K5jw2pfWXlZ8QaKL1g&oe=62246CF9&_nc_sid=55e238",
                    "comment_reactors": [],
                    "comment_reactions": null,
                    "comment_reaction_count": null
                },
                {
                    "comment_id": "10159565376438904",
                    "comment_url": "https://facebook.com/10159565376438904",
                    "commenter_id": "1472894653",
                    "commenter_url": "https://facebook.com/earl.stewart.3150?fref=nf&rc=p",
                    "commenter_name": "Earl Stewart",
                    "commenter_meta": null,
                    "comment_text": "Susan Larocque im smart enough to know our prime minister is a comunist tyrant how about yourself have you figured that out as yet?",
                    "comment_time": "2022-02-16 21:42:34",
                    "comment_image": null,
                    "comment_reactors": [],
                    "comment_reactions": null,
                    "comment_reaction_count": null
                }
            ]
        },
        {
            "comment_id": "10159565102773904",
            "comment_url": "https://facebook.com/10159565102773904",
            "commenter_id": "1151975229",
            "commenter_url": "https://facebook.com/matthew.leger.7?fref=nf&rc=p&refid=52",
            "commenter_name": "Matthew Leger",
            "commenter_meta": null,
            "comment_text": "Well most people believe in freedom unless your a liberal it seems \ud83e\udd37\u200d\u2642\ufe0f",
            "comment_time": "2022-02-16 21:42:30",
            "comment_image": null,
            "comment_reactors": [],
            "comment_reactions": null,
            "comment_reaction_count": null,
            "replies": [
                {
                    "comment_id": "10159565105418904",
                    "comment_url": "https://facebook.com/10159565105418904",
                    "commenter_id": "100010067385198",
                    "commenter_url": "https://facebook.com/profile.php?id=100010067385198&fref=nf&rc=p",
                    "commenter_name": "Kristen Thomlinson",
                    "commenter_meta": "Top fan",
                    "comment_text": "Matthew Leger \"Freedom\" does not entail impinging on the rights of others. It doesn't entail the freedom to break the law and create economic chaos.",
                    "comment_time": "2022-02-16 21:42:34",
                    "comment_image": "https://static.xx.fbcdn.net/rsrc.php/v3/y7/r/4bRBCBmu1Q9.png",
                    "comment_reactors": [],
                    "comment_reactions": null,
                    "comment_reaction_count": null
                },
                {
                    "comment_id": "10159565113263904",
                    "comment_url": "https://facebook.com/10159565113263904",
                    "commenter_id": "607532796",
                    "commenter_url": "https://facebook.com/john.meadows.545?fref=nf&rc=p",
                    "commenter_name": "John Meadows",
                    "commenter_meta": null,
                    "comment_text": "Matthew Leger unless your brainless moron like you",
                    "comment_time": "2022-02-16 21:42:34",
                    "comment_image": "https://scontent.xx.fbcdn.net/m1/v/t6/An_F9bJG7govfshSMBkvcRLcxT0jmiXVYKtr7lgH5AHgUrjjpZ1OD0xyxXYgf7arc0lWgCdrR_KN4Mg7RSN3Gm3W6Gg03N1tQ-ZXzVvFJ_KvvB4.png?ccb=10-5&oh=00_AT8ScZKrgCPhmfSgYBZgvnQHv14vvPQpgzOW8DDMFGGodg&oe=62243F67&_nc_sid=55e238",
                    "comment_reactors": [],
                    "comment_reactions": null,
                    "comment_reaction_count": null
                },
                {
                    "comment_id": "10159565127188904",
                    "comment_url": "https://facebook.com/10159565127188904",
                    "commenter_id": "506542369",
                    "commenter_url": "https://facebook.com/kevin.pera.7?fref=nf&rc=p",
                    "commenter_name": "Kevin Pera",
                    "commenter_meta": null,
                    "comment_text": "Kristen Thomlinson so why are mandates allowed then... they impinge on rights and freedoms pretty hard.",
                    "comment_time": "2022-02-16 21:42:34",
                    "comment_image": "https://scontent.xx.fbcdn.net/m1/v/t6/An-SJYN61eefFdoaV8pa0G_5_APCa0prZaqkZGXpCFeUCLCg89UPOqSkSZxJkLy0hAKKpUIPEB91mo9yBBfcAqcwmpEu5jN_jmJufFtJoVJCUklu.png?ccb=10-5&oh=00_AT_uC16R89XISW2BLH-gvAeIZ-6knN-rLSiRLuYO7e7b3A&oe=6225C35F&_nc_sid=55e238",
                    "comment_reactors": [],
                    "comment_reactions": null,
                    "comment_reaction_count": null
                },
                {
                    "comment_id": "10159565160213904",
                    "comment_url": "https://facebook.com/10159565160213904",
                    "commenter_id": "100010067385198",
                    "commenter_url": "https://facebook.com/profile.php?id=100010067385198&fref=nf&rc=p",
                    "commenter_name": "Kristen Thomlinson",
                    "commenter_meta": "Top fan",
                    "comment_text": "Kevin Pera Public health orders are in place to stop the spread of the virus and to prevent hospitals from being unable to cope. Is wearing a mask really the biggest problem in your life?",
                    "comment_time": "2022-02-16 21:42:34",
                    "comment_image": "https://static.xx.fbcdn.net/rsrc.php/v3/y7/r/4bRBCBmu1Q9.png",
                    "comment_reactors": [],
                    "comment_reactions": null,
                    "comment_reaction_count": null
                },
                {
                    "comment_id": "10159565165083904",
                    "comment_url": "https://facebook.com/10159565165083904",
                    "commenter_id": "506542369",
                    "commenter_url": "https://facebook.com/kevin.pera.7?fref=nf&rc=p",
                    "commenter_name": "Kevin Pera",
                    "commenter_meta": null,
                    "comment_text": "Kristen Thomlinson it's lockdowns forcing people out of work that I was talking about.",
                    "comment_time": "2022-02-16 21:42:34",
                    "comment_image": null,
                    "comment_reactors": [],
                    "comment_reactions": null,
                    "comment_reaction_count": null
                },
                {
                    "comment_id": "10159565165408904",
                    "comment_url": "https://facebook.com/10159565165408904",
                    "commenter_id": "100005647385506",
                    "commenter_url": "https://facebook.com/lulu.gabster?fref=nf&rc=p",
                    "commenter_name": "Angela Lawz",
                    "commenter_meta": null,
                    "comment_text": "Kristen Thomlinson TYRANNY rules. You said nothing when BLM destroyed, looted, burned and threw over statues in our country. Turdo went and took a knee but dares not go down to the level of the unwashed blue collar workers. GET OFF YOUR HIGH HORSE. These are working people and by the way OTTAWA is the Capital of Canada and if OTTAWA is upset about the truckers being there, well my tax dollars should not go to Ottawa as i live in toronto. WAKE UP TO WHAT IS HAPPENING. we are going to have DICTATOR TURDO.",
                    "comment_time": "2022-02-16 21:42:34",
                    "comment_image": "https://scontent.xx.fbcdn.net/m1/v/t6/An_UvxJXg9tdnLU3Y5qjPi0200MLilhzPXUgxzGjQzUMaNcmjdZA6anyrngvkdub33NZzZhd51fpCAEzNHFhko5aKRFP5fS1w_lKwYrzcNLupv27.png?ccb=10-5&oh=00_AT9C82irDy7Sn8cI_UEelmRC1FY5K5jw2pfWXlZ8QaKL1g&oe=62246CF9&_nc_sid=55e238",
                    "comment_reactors": [],
                    "comment_reactions": null,
                    "comment_reaction_count": null
                },
                {
                    "comment_id": "10159565172568904",
                    "comment_url": "https://facebook.com/10159565172568904",
                    "commenter_id": "100010067385198",
                    "commenter_url": "https://facebook.com/profile.php?id=100010067385198&fref=nf&rc=p",
                    "commenter_name": "Kristen Thomlinson",
                    "commenter_meta": "Top fan",
                    "comment_text": "Kevin Pera Well, What are the protesters doing in Ottawa? The Rideau Mall had to close. People that work there have no paycheck. Businesses in DT Ottawa have had to shutter their doors. Ottawa has lost millions. What about the residents who have been subject to noise and harassment.\n\nWhat about Windsor? Car plants rolled back hours and cut shifts. What about those workers? They are out of work due to the bridge blockade. Billions in revenue have been lost.\n\nWhat about Emerson? Coutts? BC?\n\nI am not opposed to protest. I am opposed to illegal protest and thinking your rights trump the rights of others.",
                    "comment_time": "2022-02-16 21:42:34",
                    "comment_image": "https://static.xx.fbcdn.net/rsrc.php/v3/y7/r/4bRBCBmu1Q9.png",
                    "comment_reactors": [],
                    "comment_reactions": null,
                    "comment_reaction_count": null
                },
                {
                    "comment_id": "10159565174798904",
                    "comment_url": "https://facebook.com/10159565174798904",
                    "commenter_id": "506542369",
                    "commenter_url": "https://facebook.com/kevin.pera.7?fref=nf&rc=p",
                    "commenter_name": "Kevin Pera",
                    "commenter_meta": null,
                    "comment_text": "Kristen Thomlinson i guess they're fighting fire with fire.\n\nBlocking the bridge is stupid.\n\nThese copy cat protests wouldn't have escalated if Trudeau didn't demean and demonize the original protest. That's half the reason more protests are popping up.",
                    "comment_time": "2022-02-16 21:42:34",
                    "comment_image": null,
                    "comment_reactors": [],
                    "comment_reactions": null,
                    "comment_reaction_count": null
                },
                {
                    "comment_id": "10159565354063904",
                    "comment_url": "https://facebook.com/10159565354063904",
                    "commenter_id": "100000333123832",
                    "commenter_url": "https://facebook.com/susan.larocque.9?fref=nf&rc=p",
                    "commenter_name": "Susan Larocque",
                    "commenter_meta": null,
                    "comment_text": "Matthew Leger stupid comment!!",
                    "comment_time": "2022-02-16 21:42:34",
                    "comment_image": null,
                    "comment_reactors": [],
                    "comment_reactions": null,
                    "comment_reaction_count": null
                },
                {
                    "comment_id": "10159566508653904",
                    "comment_url": "https://facebook.com/10159566508653904",
                    "commenter_id": "100043257961739",
                    "commenter_url": "https://facebook.com/bonnie.cull.7?fref=nf&rc=p",
                    "commenter_name": "Bonnie Cull",
                    "commenter_meta": null,
                    "comment_text": "You're",
                    "comment_time": "2022-02-16 21:42:34",
                    "comment_image": null,
                    "comment_reactors": [],
                    "comment_reactions": null,
                    "comment_reaction_count": null
                }
            ]
        },
        {
            "comment_id": "10159565128963904",
            "comment_url": "https://facebook.com/10159565128963904",
            "commenter_id": "100000500070996",
            "commenter_url": "https://facebook.com/benjamin.pang.10?fref=nf&rc=p&refid=52",
            "commenter_name": "Benjamin Pang",
            "commenter_meta": null,
            "comment_text": "Soon Mr Trudeau will realize who the fringe minority is. He looks around, there will be himself and a few Liberals MP against 38M+ Canadian. Pride normal contribute to a person's fall.",
            "comment_time": "2022-02-16 21:42:30",
            "comment_image": null,
            "comment_reactors": [],
            "comment_reactions": null,
            "comment_reaction_count": null,
            "replies": [
                {
                    "comment_id": "2608154579314723",
                    "comment_url": "https://facebook.com/2608154579314723",
                    "commenter_id": "100010139536870",
                    "commenter_url": "https://facebook.com/KDRichardson1959?fref=nf&rc=p",
                    "commenter_name": "Jane Karen Sims",
                    "commenter_meta": "Top fan",
                    "comment_text": "Benjamin Pang Given that polls show almost 70% of Canadians are against the convoys, I'd say you're full of s**t.",
                    "comment_time": "2022-02-16 21:42:35",
                    "comment_image": "https://static.xx.fbcdn.net/rsrc.php/v3/y7/r/4bRBCBmu1Q9.png",
                    "comment_reactors": [],
                    "comment_reactions": null,
                    "comment_reaction_count": null
                },
                {
                    "comment_id": "10159565566263904",
                    "comment_url": "https://facebook.com/10159565566263904",
                    "commenter_id": "720381083",
                    "commenter_url": "https://facebook.com/john.a.jack?fref=nf&rc=p",
                    "commenter_name": "John Alan Jack",
                    "commenter_meta": null,
                    "comment_text": "Benjamin Pang Yeesh, no. Polling shows that's not true at all.",
                    "comment_time": "2022-02-16 21:42:35",
                    "comment_image": "https://scontent.xx.fbcdn.net/m1/v/t6/An_UvxJXg9tdnLU3Y5qjPi0200MLilhzPXUgxzGjQzUMaNcmjdZA6anyrngvkdub33NZzZhd51fpCAEzNHFhko5aKRFP5fS1w_lKwYrzcNLupv27.png?ccb=10-5&oh=00_AT9C82irDy7Sn8cI_UEelmRC1FY5K5jw2pfWXlZ8QaKL1g&oe=62246CF9&_nc_sid=55e238",
                    "comment_reactors": [],
                    "comment_reactions": null,
                    "comment_reaction_count": null
                }
            ]
        },
        {
            "comment_id": "10159565624813904",
            "comment_url": "https://facebook.com/10159565624813904",
            "commenter_id": "629645530",
            "commenter_url": "https://facebook.com/david.rochon?fref=nf&rc=p&refid=52",
            "commenter_name": "David Rochon",
            "commenter_meta": "Top fan",
            "comment_text": "That's interesting but doesn't surprise me. I'm more interested in if there are organizations or big doners that are affiliated to specific affiliations.",
            "comment_time": "2022-02-16 21:42:30",
            "comment_image": null,
            "comment_reactors": [],
            "comment_reactions": null,
            "comment_reaction_count": null,
            "replies": [
                {
                    "comment_id": "10159566442148904",
                    "comment_url": "https://facebook.com/10159566442148904",
                    "commenter_id": "655827624",
                    "commenter_url": "https://facebook.com/roxanne.pelletier.33?fref=nf&rc=p",
                    "commenter_name": "Roxanne Mackenzie",
                    "commenter_meta": null,
                    "comment_text": "David Rochon as far as I\u2019ve heard no affiliations but a US billionaire",
                    "comment_time": "2022-02-16 21:42:36",
                    "comment_image": null,
                    "comment_reactors": [],
                    "comment_reactions": null,
                    "comment_reaction_count": null
                }
            ]
        },
        {
            "comment_id": "10159566616663904",
            "comment_url": "https://facebook.com/10159566616663904",
            "commenter_id": "100073929722831",
            "commenter_url": "https://facebook.com/profile.php?id=100073929722831&fref=nf&rc=p&refid=52",
            "commenter_name": "David Moore",
            "commenter_meta": null,
            "comment_text": "Look at where JT\u2019s election contributions came from.",
            "comment_time": "2022-02-16 21:42:30",
            "comment_image": null,
            "comment_reactors": [],
            "comment_reactions": null,
            "comment_reaction_count": null,
            "replies": []
        },
        {
            "comment_id": "10159565117223904",
            "comment_url": "https://facebook.com/10159565117223904",
            "commenter_id": "100037253314035",
            "commenter_url": "https://facebook.com/mark.whitney.94009?fref=nf&rc=p&refid=52",
            "commenter_name": "Mark Whitney",
            "commenter_meta": null,
            "comment_text": "No one believe the globe and mail. \ud83d\udca9\ud83d\udca9",
            "comment_time": "2022-02-16 21:42:30",
            "comment_image": null,
            "comment_reactors": [],
            "comment_reactions": null,
            "comment_reaction_count": null,
            "replies": [
                {
                    "comment_id": "508201257331073",
                    "comment_url": "https://facebook.com/508201257331073",
                    "commenter_id": "100010139536870",
                    "commenter_url": "https://facebook.com/KDRichardson1959?fref=nf&rc=p",
                    "commenter_name": "Jane Karen Sims",
                    "commenter_meta": "Top fan",
                    "comment_text": "Mark Whitney Then why are you here literally s**tposting if nobody believes them? Seems like you think they do...",
                    "comment_time": "2022-02-16 21:42:36",
                    "comment_image": "https://static.xx.fbcdn.net/rsrc.php/v3/y7/r/4bRBCBmu1Q9.png",
                    "comment_reactors": [],
                    "comment_reactions": null,
                    "comment_reaction_count": null
                },
                {
                    "comment_id": "10159565203228904",
                    "comment_url": "https://facebook.com/10159565203228904",
                    "commenter_id": "653798802",
                    "commenter_url": "https://facebook.com/terry.hidichuk?fref=nf&rc=p",
                    "commenter_name": "Terry Hidichuk",
                    "commenter_meta": null,
                    "comment_text": "Jane Karen Sims Two great comments on this post Jane. I couldn't have said it better. Good grammar as well.",
                    "comment_time": "2022-02-16 21:42:36",
                    "comment_image": null,
                    "comment_reactors": [],
                    "comment_reactions": null,
                    "comment_reaction_count": null
                }
            ]
        },
        {
            "comment_id": "10159565167078904",
            "comment_url": "https://facebook.com/10159565167078904",
            "commenter_id": "1436752830",
            "commenter_url": "https://facebook.com/john.orr.750331?fref=nf&rc=p&refid=52",
            "commenter_name": "John Orr",
            "commenter_meta": null,
            "comment_text": "So",
            "comment_time": "2022-02-16 21:42:30",
            "comment_image": null,
            "comment_reactors": [],
            "comment_reactions": null,
            "comment_reaction_count": null,
            "replies": []
        },
        {
            "comment_id": "10159566338868904",
            "comment_url": "https://facebook.com/10159566338868904",
            "commenter_id": "849244511",
            "commenter_url": "https://facebook.com/davidhammar?fref=nf&rc=p&refid=52",
            "commenter_name": "David Hammar",
            "commenter_meta": null,
            "comment_text": "Somebody is making good money here.",
            "comment_time": "2022-02-16 21:42:30",
            "comment_image": null,
            "comment_reactors": [],
            "comment_reactions": null,
            "comment_reaction_count": null,
            "replies": []
        },
        {
            "comment_id": "10159565112218904",
            "comment_url": "https://facebook.com/10159565112218904",
            "commenter_id": "607532796",
            "commenter_url": "https://facebook.com/john.meadows.545?fref=nf&rc=p&refid=52",
            "commenter_name": "John Meadows",
            "commenter_meta": null,
            "comment_text": "Give it to the nurses",
            "comment_time": "2022-02-16 21:42:30",
            "comment_image": null,
            "comment_reactors": [],
            "comment_reactions": null,
            "comment_reaction_count": null,
            "replies": []
        },
        {
            "comment_id": "10159567999278904",
            "comment_url": "https://facebook.com/10159567999278904",
            "commenter_id": "100017069853482",
            "commenter_url": "https://facebook.com/benn.bodden.7?fref=nf&rc=p&refid=52",
            "commenter_name": "Benn Bodden",
            "commenter_meta": null,
            "comment_text": "This is why it's called donations...",
            "comment_time": "2022-02-16 21:42:30",
            "comment_image": null,
            "comment_reactors": [],
            "comment_reactions": null,
            "comment_reaction_count": null,
            "replies": []
        },
        {
            "comment_id": "10159565259268904",
            "comment_url": "https://facebook.com/10159565259268904",
            "commenter_id": "100000626046441",
            "commenter_url": "https://facebook.com/lloyd.sereda?fref=nf&rc=p&refid=52",
            "commenter_name": "Lloyd Sereda",
            "commenter_meta": null,
            "comment_text": "One more reason to tax excessive wealth. How long to learn where it came/comes from?",
            "comment_time": "2022-02-16 21:42:30",
            "comment_image": null,
            "comment_reactors": [],
            "comment_reactions": null,
            "comment_reaction_count": null,
            "replies": []
        },
        {
            "comment_id": "10159565454833904",
            "comment_url": "https://facebook.com/10159565454833904",
            "commenter_id": "690178975",
            "commenter_url": "https://facebook.com/donnafh?fref=nf&rc=p&refid=52",
            "commenter_name": "Donna Hamilton",
            "commenter_meta": null,
            "comment_text": "So they got the information they wanted. I guess that shows who was responsible for the hack",
            "comment_time": "2022-02-16 21:42:30",
            "comment_image": null,
            "comment_reactors": [],
            "comment_reactions": null,
            "comment_reaction_count": null,
            "replies": []
        },
        {
            "comment_id": "10159565701688904",
            "comment_url": "https://facebook.com/10159565701688904",
            "commenter_id": "573224038",
            "commenter_url": "https://facebook.com/DarkQuest?fref=nf&rc=p&refid=52",
            "commenter_name": "Brian Weiss",
            "commenter_meta": null,
            "comment_text": "Those darn snowbirds ...",
            "comment_time": "2022-02-16 21:42:30",
            "comment_image": null,
            "comment_reactors": [],
            "comment_reactions": null,
            "comment_reaction_count": null,
            "replies": []
        },
        {
            "comment_id": "10159565553688904",
            "comment_url": "https://facebook.com/10159565553688904",
            "commenter_id": "1016312594",
            "commenter_url": "https://facebook.com/dave.gattinger?fref=nf&rc=p&refid=52",
            "commenter_name": "Dave Gattinger",
            "commenter_meta": null,
            "comment_text": "Must be liberal analysists, the ones in the states it was 53% US funds, 28% Canadian and the rest came from around the world.",
            "comment_time": "2022-02-16 21:42:30",
            "comment_image": null,
            "comment_reactors": [],
            "comment_reactions": null,
            "comment_reaction_count": null,
            "replies": []
        },
        {
            "comment_id": "10159565103948904",
            "comment_url": "https://facebook.com/10159565103948904",
            "commenter_id": "100024651638766",
            "commenter_url": "https://facebook.com/jerry.chong.18007?fref=nf&rc=p&refid=52",
            "commenter_name": "Jerry Chong",
            "commenter_meta": null,
            "comment_text": "Every penny that came from out of Canada should be seized, and donated to food banks.",
            "comment_time": "2022-02-16 21:42:30",
            "comment_image": null,
            "comment_reactors": [],
            "comment_reactions": null,
            "comment_reaction_count": null,
            "replies": [
                {
                    "comment_id": "10159565109883904",
                    "comment_url": "https://facebook.com/10159565109883904",
                    "commenter_id": "100010067385198",
                    "commenter_url": "https://facebook.com/profile.php?id=100010067385198&fref=nf&rc=p",
                    "commenter_name": "Kristen Thomlinson",
                    "commenter_meta": "Top fan",
                    "comment_text": "Jerry Chong Stealing food from the homeless is just about as low as you can go but that is what the so called \"protesters\" did.",
                    "comment_time": "2022-02-16 21:42:38",
                    "comment_image": "https://static.xx.fbcdn.net/rsrc.php/v3/y7/r/4bRBCBmu1Q9.png",
                    "comment_reactors": [],
                    "comment_reactions": null,
                    "comment_reaction_count": null
                },
                {
                    "comment_id": "10159565141763904",
                    "comment_url": "https://facebook.com/10159565141763904",
                    "commenter_id": "824385556",
                    "commenter_url": "https://facebook.com/ed.gilpin.90?fref=nf&rc=p",
                    "commenter_name": "Ed Gilpin",
                    "commenter_meta": null,
                    "comment_text": "Kristen Thomlinson LOL That is an absolute lie. Your mother should wash your mouth out with soap. They had so much food they were giving it away, to anyone, homeless included. I have got photos from Ottawa but you cannot post them on this site. Don't believe everything the MSM tells you. They are bought and paid for by the government.",
                    "comment_time": "2022-02-16 21:42:38",
                    "comment_image": "https://scontent.xx.fbcdn.net/m1/v/t6/An_UvxJXg9tdnLU3Y5qjPi0200MLilhzPXUgxzGjQzUMaNcmjdZA6anyrngvkdub33NZzZhd51fpCAEzNHFhko5aKRFP5fS1w_lKwYrzcNLupv27.png?ccb=10-5&oh=00_AT9C82irDy7Sn8cI_UEelmRC1FY5K5jw2pfWXlZ8QaKL1g&oe=62246CF9&_nc_sid=55e238",
                    "comment_reactors": [],
                    "comment_reactions": null,
                    "comment_reaction_count": null
                },
                {
                    "comment_id": "10159565179763904",
                    "comment_url": "https://facebook.com/10159565179763904",
                    "commenter_id": "100010067385198",
                    "commenter_url": "https://facebook.com/profile.php?id=100010067385198&fref=nf&rc=p",
                    "commenter_name": "Kristen Thomlinson",
                    "commenter_meta": "Top fan",
                    "comment_text": "Ed Gilpin Those cretins stole food from the Shepards of Good Hope Shelter. You can believe it not believe it I don't care it's what happened. Are we supposed to congratulate them for cleaning up their feces and urine at the National War Memorial?",
                    "comment_time": "2022-02-16 21:42:38",
                    "comment_image": "https://static.xx.fbcdn.net/rsrc.php/v3/y7/r/4bRBCBmu1Q9.png",
                    "comment_reactors": [],
                    "comment_reactions": null,
                    "comment_reaction_count": null
                },
                {
                    "comment_id": "10159565197828904",
                    "comment_url": "https://facebook.com/10159565197828904",
                    "commenter_id": "824385556",
                    "commenter_url": "https://facebook.com/ed.gilpin.90?fref=nf&rc=p",
                    "commenter_name": "Ed Gilpin",
                    "commenter_meta": null,
                    "comment_text": "Kristen Thomlinson Do you have photos? Did you get their names? Just because someone went in and stole food does not mean they were truckers. Don't believe everything you hear.",
                    "comment_time": "2022-02-16 21:42:38",
                    "comment_image": "https://scontent.xx.fbcdn.net/m1/v/t6/An_UvxJXg9tdnLU3Y5qjPi0200MLilhzPXUgxzGjQzUMaNcmjdZA6anyrngvkdub33NZzZhd51fpCAEzNHFhko5aKRFP5fS1w_lKwYrzcNLupv27.png?ccb=10-5&oh=00_AT9C82irDy7Sn8cI_UEelmRC1FY5K5jw2pfWXlZ8QaKL1g&oe=62246CF9&_nc_sid=55e238",
                    "comment_reactors": [],
                    "comment_reactions": null,
                    "comment_reaction_count": null
                },
                {
                    "comment_id": "10159566481443904",
                    "comment_url": "https://facebook.com/10159566481443904",
                    "commenter_id": "650936396",
                    "commenter_url": "https://facebook.com/simon.a.james.420?fref=nf&rc=p",
                    "commenter_name": "Simon A. James",
                    "commenter_meta": "Top fan",
                    "comment_text": "Ed Gilpin \"Don't believe everything you hear, but I've got these photos from Ottawa that I can't seem to post for some reason\" \ud83e\udd23\ud83e\udd23",
                    "comment_time": "2022-02-16 21:42:38",
                    "comment_image": "https://static.xx.fbcdn.net/rsrc.php/v3/y7/r/4bRBCBmu1Q9.png",
                    "comment_reactors": [],
                    "comment_reactions": null,
                    "comment_reaction_count": null
                },
                {
                    "comment_id": "354928733154022",
                    "comment_url": "https://facebook.com/354928733154022",
                    "commenter_id": "824385556",
                    "commenter_url": "https://facebook.com/ed.gilpin.90?fref=nf&rc=p",
                    "commenter_name": "Ed Gilpin",
                    "commenter_meta": null,
                    "comment_text": "Simon A. James Ask the Globe and Mail why I can't. I can send you a gif or a smiley face but they won't allow photos on their post. Are you new to FB or just unaware how MSM operates? If you are interested and promise not to be my friend I can send you a private message with the photos.",
                    "comment_time": "2022-02-16 21:42:38",
                    "comment_image": null,
                    "comment_reactors": [],
                    "comment_reactions": null,
                    "comment_reaction_count": null
                }
            ]
        },
        {
            "comment_id": "10159566696838904",
            "comment_url": "https://facebook.com/10159566696838904",
            "commenter_id": "1412403262",
            "commenter_url": "https://facebook.com/grazyna.petela?fref=nf&rc=p&refid=52",
            "commenter_name": "Grazyna Petela",
            "commenter_meta": null,
            "comment_text": "Good job G&M, in dividing first Canadians, and now Americans as well!",
            "comment_time": "2022-02-16 21:42:30",
            "comment_image": null,
            "comment_reactors": [],
            "comment_reactions": null,
            "comment_reaction_count": null,
            "replies": []
        },
        {
            "comment_id": "10159567274348904",
            "comment_url": "https://facebook.com/10159567274348904",
            "commenter_id": "701824325",
            "commenter_url": "https://facebook.com/peter.vanveggel.7?fref=nf&rc=p&refid=52",
            "commenter_name": "Peter Van Veggel",
            "commenter_meta": null,
            "comment_text": "That's what it was all about. Americans know how tied they are to Canadian people it's natural they support them. Wait see the size of the American Convoy, get a grip people.",
            "comment_time": "2022-02-16 21:42:30",
            "comment_image": null,
            "comment_reactors": [],
            "comment_reactions": null,
            "comment_reaction_count": null,
            "replies": []
        },
        {
            "comment_id": "10159566621293904",
            "comment_url": "https://facebook.com/10159566621293904",
            "commenter_id": "100002417842763",
            "commenter_url": "https://facebook.com/andrew.merritt.948?fref=nf&rc=p&refid=52",
            "commenter_name": "Andrew Merritt",
            "commenter_meta": null,
            "comment_text": "The problem with the antivaxx cults is the things that they want are based on alternative facts and one cannot legally create international laws and or government policies on ideologies based upon aspects that literally reeks of THE LACK of basic scientific facts and the lack of personal responsibility of being citizens of Canada. I strongly feel that American Republicans have corrupted the Canadian Conservative party to the point of fracturing it into various splinter sects which are being financed by nefarious groups outside our country in order to destabilize our country economically and politically. Its not just about the antivaxx cults but other vested interests in getting rid of the liberal government so as they can reopen all the pipelines and forget about the renewable energy, the carbon tax, and shut down First Nations land claim issues. This is what it is really about. What its not about ,is the color of Justin Trudeaus socks(which says more about the critics then the Prime Minister. This whole protest thing is not at its heart a Canadian thing, if anything its anti Canadian and it ruins the reputation of Canadians on the world stage as being kind and polite friendly people.",
            "comment_time": "2022-02-16 21:42:30",
            "comment_image": null,
            "comment_reactors": [],
            "comment_reactions": null,
            "comment_reaction_count": null,
            "replies": []
        },
        {
            "comment_id": "10159565270153904",
            "comment_url": "https://facebook.com/10159565270153904",
            "commenter_id": "808470412",
            "commenter_url": "https://facebook.com/dbuote?fref=nf&rc=p&refid=52",
            "commenter_name": "Dave Buote",
            "commenter_meta": null,
            "comment_text": "Nigeria 2.7% Double Vaxxed\nCanada 81% Double Vaxxed\n\nCanada 3.19 Million Cases 35,470 Deaths 1.1%\nCanada Population 38.01 Million\nNigeria 254,000 Cases 3,141 Deaths 1.2%\nNigeria Population 214,391,267\n\nstill scratching my head on that one. Independent research!",
            "comment_time": "2022-02-16 21:42:30",
            "comment_image": null,
            "comment_reactors": [],
            "comment_reactions": null,
            "comment_reaction_count": null,
            "replies": [
                {
                    "comment_id": "10159565566718904",
                    "comment_url": "https://facebook.com/10159565566718904",
                    "commenter_id": "720381083",
                    "commenter_url": "https://facebook.com/john.a.jack?fref=nf&rc=p",
                    "commenter_name": "John Alan Jack",
                    "commenter_meta": null,
                    "comment_text": "Dave Buote citation needed.",
                    "comment_time": "2022-02-16 21:42:39",
                    "comment_image": "https://scontent.xx.fbcdn.net/m1/v/t6/An_UvxJXg9tdnLU3Y5qjPi0200MLilhzPXUgxzGjQzUMaNcmjdZA6anyrngvkdub33NZzZhd51fpCAEzNHFhko5aKRFP5fS1w_lKwYrzcNLupv27.png?ccb=10-5&oh=00_AT9C82irDy7Sn8cI_UEelmRC1FY5K5jw2pfWXlZ8QaKL1g&oe=62246CF9&_nc_sid=55e238",
                    "comment_reactors": [],
                    "comment_reactions": null,
                    "comment_reaction_count": null
                },
                {
                    "comment_id": "10159565842538904",
                    "comment_url": "https://facebook.com/10159565842538904",
                    "commenter_id": "715811347",
                    "commenter_url": "https://facebook.com/chase.gaudenzi?fref=nf&rc=p",
                    "commenter_name": "Chase Gaudenzi",
                    "commenter_meta": null,
                    "comment_text": "John Alan Jack type into Google Nigeria Covid, and see what happens...... Then do the same for Canada, and there's your citation.",
                    "comment_time": "2022-02-16 21:42:39",
                    "comment_image": null,
                    "comment_reactors": [],
                    "comment_reactions": null,
                    "comment_reaction_count": null
                },
                {
                    "comment_id": "10159566338608904",
                    "comment_url": "https://facebook.com/10159566338608904",
                    "commenter_id": "1052421152",
                    "commenter_url": "https://facebook.com/clark.whitelaw?fref=nf&rc=p",
                    "commenter_name": "Eric Whitelaw",
                    "commenter_meta": null,
                    "comment_text": "Dave Buote\n\nConclusion\nAfrica\u2019s lower COVID-19 mortality rate is due to the lower population mean age, lower life expectancy, lower pre-COVID-19 era \u201865yr+ mortality rate\u2019, and smaller pool of people surviving and living with cardiovascular\n\nCherry picking. Different demographics, climate, population density. Life expectancy is much lower because of malnutrition, higher crime rates ect...\n\nYou can stop scratching your head",
                    "comment_time": "2022-02-16 21:42:39",
                    "comment_image": null,
                    "comment_reactors": [],
                    "comment_reactions": null,
                    "comment_reaction_count": null
                },
                {
                    "comment_id": "10159566345758904",
                    "comment_url": "https://facebook.com/10159566345758904",
                    "commenter_id": "1052421152",
                    "commenter_url": "https://facebook.com/clark.whitelaw?fref=nf&rc=p",
                    "commenter_name": "Eric Whitelaw",
                    "commenter_meta": null,
                    "comment_text": "John Alan Jack I replied to that dude, its just cherry picking, you can't compare Canada with Nigeria and get any sort of accuracy.",
                    "comment_time": "2022-02-16 21:42:39",
                    "comment_image": "https://scontent.xx.fbcdn.net/m1/v/t6/An_UvxJXg9tdnLU3Y5qjPi0200MLilhzPXUgxzGjQzUMaNcmjdZA6anyrngvkdub33NZzZhd51fpCAEzNHFhko5aKRFP5fS1w_lKwYrzcNLupv27.png?ccb=10-5&oh=00_AT9C82irDy7Sn8cI_UEelmRC1FY5K5jw2pfWXlZ8QaKL1g&oe=62246CF9&_nc_sid=55e238",
                    "comment_reactors": [],
                    "comment_reactions": null,
                    "comment_reaction_count": null
                },
                {
                    "comment_id": "10159566389943904",
                    "comment_url": "https://facebook.com/10159566389943904",
                    "commenter_id": "808470412",
                    "commenter_url": "https://facebook.com/dbuote?fref=nf&rc=p",
                    "commenter_name": "Dave Buote",
                    "commenter_meta": null,
                    "comment_text": "Eric Whitelaw\nFrance 77.2% Double Vaxxed\nFrance 415 Million Cases 5.84 Million Deaths 1.4%\nFrance Population 67.39 Million\n\nUSA 64.7% Double Vaxxed\nUSA 78 Million Cases 924,000 Deaths 1.18%\nUSA Population 331,893,745\n\nIndia 55% Double Vaxxed\nIndia 42.7M Cases 510,000 Deaths 1.19%\npopulation 1.3 billion\n\nSweeden 73% Double Vaxxed (No Lockdown)\nSweeden 2.41 Million Cases 16,579 Deaths 0.6%\nSweeden Population 10.35 Million",
                    "comment_time": "2022-02-16 21:42:39",
                    "comment_image": null,
                    "comment_reactors": [],
                    "comment_reactions": null,
                    "comment_reaction_count": null
                },
                {
                    "comment_id": "10159566390548904",
                    "comment_url": "https://facebook.com/10159566390548904",
                    "commenter_id": "808470412",
                    "commenter_url": "https://facebook.com/dbuote?fref=nf&rc=p",
                    "commenter_name": "Dave Buote",
                    "commenter_meta": null,
                    "comment_text": "Eric Whitelaw France 77.2% Double Vaxxed\nFrance 415 Million Cases 5.84 Million Deaths 1.4%\nFrance Population 67.39 Million\n\nUSA 64.7% Double Vaxxed\nUSA 78 Million Cases 924,000 Deaths 1.18%\nUSA Population 331,893,745\n\nIndia 55% Double Vaxxed\nIndia 42.7M Cases 510,000 Deaths 1.19%\npopulation 1.3 billion\n\nSweeden 73% Double Vaxxed (No Lockdown)\nSweeden 2.41 Million Cases 16,579 Deaths 0.6%\nSweeden Population 10.35 Million",
                    "comment_time": "2022-02-16 21:42:39",
                    "comment_image": null,
                    "comment_reactors": [],
                    "comment_reactions": null,
                    "comment_reaction_count": null
                },
                {
                    "comment_id": "10159566392158904",
                    "comment_url": "https://facebook.com/10159566392158904",
                    "commenter_id": "808470412",
                    "commenter_url": "https://facebook.com/dbuote?fref=nf&rc=p",
                    "commenter_name": "Dave Buote",
                    "commenter_meta": null,
                    "comment_text": "So to sum it up for those not smart enough to interpret the data.. 1% death rate.. regardless of restrictions or vaccines.. The dataset is large enough for Nigeria to assume the missing numbers are the same!\n\nBOOM!",
                    "comment_time": "2022-02-16 21:42:39",
                    "comment_image": "https://scontent.xx.fbcdn.net/m1/v/t6/An_UvxJXg9tdnLU3Y5qjPi0200MLilhzPXUgxzGjQzUMaNcmjdZA6anyrngvkdub33NZzZhd51fpCAEzNHFhko5aKRFP5fS1w_lKwYrzcNLupv27.png?ccb=10-5&oh=00_AT9C82irDy7Sn8cI_UEelmRC1FY5K5jw2pfWXlZ8QaKL1g&oe=62246CF9&_nc_sid=55e238",
                    "comment_reactors": [],
                    "comment_reactions": null,
                    "comment_reaction_count": null
                },
                {
                    "comment_id": "10159566392483904",
                    "comment_url": "https://facebook.com/10159566392483904",
                    "commenter_id": "808470412",
                    "commenter_url": "https://facebook.com/dbuote?fref=nf&rc=p",
                    "commenter_name": "Dave Buote",
                    "commenter_meta": null,
                    "comment_text": "So to sum it up for those not smart enough to interpret the data.. 1% death rate.. regardless of restrictions or vaccines.. The dataset is large enough for Nigeria to assume the missing numbers are the same!\nBOOM!",
                    "comment_time": "2022-02-16 21:42:39",
                    "comment_image": null,
                    "comment_reactors": [],
                    "comment_reactions": null,
                    "comment_reaction_count": null
                },
                {
                    "comment_id": "10159566482553904",
                    "comment_url": "https://facebook.com/10159566482553904",
                    "commenter_id": "650936396",
                    "commenter_url": "https://facebook.com/simon.a.james.420?fref=nf&rc=p",
                    "commenter_name": "Simon A. James",
                    "commenter_meta": "Top fan",
                    "comment_text": "Dave Buote Whats your source for these numbers...?",
                    "comment_time": "2022-02-16 21:42:39",
                    "comment_image": "https://static.xx.fbcdn.net/rsrc.php/v3/y7/r/4bRBCBmu1Q9.png",
                    "comment_reactors": [],
                    "comment_reactions": null,
                    "comment_reaction_count": null
                },
                {
                    "comment_id": "10159566588458904",
                    "comment_url": "https://facebook.com/10159566588458904",
                    "commenter_id": "808470412",
                    "commenter_url": "https://facebook.com/dbuote?fref=nf&rc=p",
                    "commenter_name": "Dave Buote",
                    "commenter_meta": null,
                    "comment_text": "Simon A. James NY Times for the Map Data and Google Data/ WHO for the latest covid stats and Google data for population numbers.",
                    "comment_time": "2022-02-16 21:42:39",
                    "comment_image": null,
                    "comment_reactors": [],
                    "comment_reactions": null,
                    "comment_reaction_count": null
                }
            ]
        }
    ],
    "reactors": null,
    "w3_fb_url": null,
    "reactions": null,
    "reaction_count": null,
    "with": null,
    "page_id": "140961138903",
    "sharers": null,
    "image_id": null,
    "image_ids": [],
    "was_live": false
}