{
    "original_request_url": "10159552360323904",
    "post_url": "https://facebook.com/story.php?story_fbid=10159552360323904&id=140961138903",
    "post_id": "10159552360323904",
    "text": "Canadian truckers and their horn-blaring supporters have inspired copycat actions in Europe and worries of the same in the U.S.\n\nTHEGLOBEANDMAIL.COM\nTrucker convoy protest in Ottawa inspires right-wing activists globally",
    "post_text": "Canadian truckers and their horn-blaring supporters have inspired copycat actions in Europe and worries of the same in the U.S.",
    "shared_text": "THEGLOBEANDMAIL.COM\nTrucker convoy protest in Ottawa inspires right-wing activists globally",
    "original_text": null,
    "time": "2022-02-08 03:03:55",
    "timestamp": 1644289435,
    "image": "https://www.theglobeandmail.com/resizer/SDHowS0_-rX2FNzXQgngoB7A-1Y=/1200x779/filters:quality(80)/cloudfront-us-east-1.images.arcpublishing.com/tgam/TBLZ4HTFOFI2DJ75LAFQCL4PKU.JPG",
    "image_lowquality": "https://external-sea1-1.xx.fbcdn.net/safe_image.php?d=AQGA9446mEJ-P2eR&w=476&h=249&url=https%3A%2F%2Fwww.theglobeandmail.com%2Fresizer%2FSDHowS0_-rX2FNzXQgngoB7A-1Y%3D%2F1200x779%2Ffilters%3Aquality%2880%29%2Fcloudfront-us-east-1.images.arcpublishing.com%2Ftgam%2FTBLZ4HTFOFI2DJ75LAFQCL4PKU.JPG&cfs=1&jq=75&ext=jpg&_nc_oe=6fab8&_nc_sid=06c271&ccb=3-5&_nc_hash=AQEif-ZRHZkv88ao",
    "images": [
        "https://www.theglobeandmail.com/resizer/SDHowS0_-rX2FNzXQgngoB7A-1Y=/1200x779/filters:quality(80)/cloudfront-us-east-1.images.arcpublishing.com/tgam/TBLZ4HTFOFI2DJ75LAFQCL4PKU.JPG"
    ],
    "images_description": [],
    "images_lowquality": [
        "https://external-sea1-1.xx.fbcdn.net/safe_image.php?d=AQGA9446mEJ-P2eR&w=476&h=249&url=https%3A%2F%2Fwww.theglobeandmail.com%2Fresizer%2FSDHowS0_-rX2FNzXQgngoB7A-1Y%3D%2F1200x779%2Ffilters%3Aquality%2880%29%2Fcloudfront-us-east-1.images.arcpublishing.com%2Ftgam%2FTBLZ4HTFOFI2DJ75LAFQCL4PKU.JPG&cfs=1&jq=75&ext=jpg&_nc_oe=6fab8&_nc_sid=06c271&ccb=3-5&_nc_hash=AQEif-ZRHZkv88ao"
    ],
    "images_lowquality_description": [
        null
    ],
    "video": null,
    "video_duration_seconds": null,
    "video_height": null,
    "video_id": null,
    "video_quality": null,
    "video_size_MB": null,
    "video_thumbnail": null,
    "video_watches": null,
    "video_width": null,
    "likes": 116,
    "comments": 25,
    "shares": 5,
    "link": "http://www.theglobeandmail.com/world/article-trucker-convoy-protest-in-ottawa-inspires-right-wing-activists/?utm_campaign=sophi-pop&utm_medium=post&utm_source=facebook&fbclid=IwAR1dBtrLzHD9AA2HNSqXYkNQKk2T0KKgtxKbXiHwpjigxe7u3dwQz4bB6SM",
    "links": [],
    "user_id": "140961138903",
    "username": "The Globe and Mail",
    "user_url": "https://facebook.com/theglobeandmail/?refid=52",
    "is_live": false,
    "factcheck": null,
    "shared_post_id": null,
    "shared_time": null,
    "shared_user_id": null,
    "shared_username": null,
    "shared_post_url": null,
    "available": true,
    "comments_full": [
        {
            "comment_id": "10159555003778904",
            "comment_url": "https://facebook.com/10159555003778904",
            "commenter_id": "100000161332538",
            "commenter_url": "https://facebook.com/lyn.squires?fref=nf&rc=p&refid=52",
            "commenter_name": "Lyn Squires",
            "commenter_meta": null,
            "comment_text": "Just another \"fringe movement\" unacceptable movement that most do not support.",
            "comment_time": "2022-02-09 21:12:38",
            "comment_image": null,
            "comment_reactors": [],
            "comment_reactions": null,
            "comment_reaction_count": null,
            "replies": []
        },
        {
            "comment_id": "10159552457483904",
            "comment_url": "https://facebook.com/10159552457483904",
            "commenter_id": "640002141",
            "commenter_url": "https://facebook.com/shawnachad.ready?fref=nf&rc=p&refid=52",
            "commenter_name": "Shawna-Chad Ready",
            "commenter_meta": null,
            "comment_text": "Yet they decisively did not align with a political group, try again!",
            "comment_time": "2022-02-09 21:12:38",
            "comment_image": null,
            "comment_reactors": [],
            "comment_reactions": null,
            "comment_reaction_count": null,
            "replies": []
        },
        {
            "comment_id": "10159553245718904",
            "comment_url": "https://facebook.com/10159553245718904",
            "commenter_id": "751348486",
            "commenter_url": "https://facebook.com/Deegorri?fref=nf&rc=p&refid=52",
            "commenter_name": "Donna Marie",
            "commenter_meta": null,
            "comment_text": "Smh\nYou can pick off the people who haven\u2019t been paying attention \u2026 or have their heads into rebel, Tor. Sun, true North, post millennial garbage.",
            "comment_time": "2022-02-09 21:12:38",
            "comment_image": null,
            "comment_reactors": [],
            "comment_reactions": null,
            "comment_reaction_count": null,
            "replies": []
        },
        {
            "comment_id": "10159552462578904",
            "comment_url": "https://facebook.com/10159552462578904",
            "commenter_id": "632935672",
            "commenter_url": "https://facebook.com/jgodfreyson?fref=nf&rc=p&refid=52",
            "commenter_name": "John Godfreyson",
            "commenter_meta": null,
            "comment_text": "Stupidity is contagious",
            "comment_time": "2022-02-09 21:12:38",
            "comment_image": null,
            "comment_reactors": [],
            "comment_reactions": null,
            "comment_reaction_count": null,
            "replies": []
        },
        {
            "comment_id": "10159552512068904",
            "comment_url": "https://facebook.com/10159552512068904",
            "commenter_id": "875475572",
            "commenter_url": "https://facebook.com/jeff.durham.355?fref=nf&rc=p&refid=52",
            "commenter_name": "Jeff Durham",
            "commenter_meta": null,
            "comment_text": "Any perspective that departs from the media's narrative they call \"right-wing\".\nThat narrative is now very visibly falling apart... Finally!\nAnd therein lies the threat to government funded media like the Globe and Mail.\nRestore integrity to journalism.\nDefund the media.",
            "comment_time": "2022-02-09 21:12:38",
            "comment_image": null,
            "comment_reactors": [],
            "comment_reactions": null,
            "comment_reaction_count": null,
            "replies": [
                {
                    "comment_id": "10159553239318904",
                    "comment_url": "https://facebook.com/10159553239318904",
                    "commenter_id": "751348486",
                    "commenter_url": "https://facebook.com/Deegorri?fref=nf&rc=p",
                    "commenter_name": "Donna Marie",
                    "commenter_meta": null,
                    "comment_text": "Jeff Durham you really are clueless with regards of RW politics. Pay attention. Learn about IDU and the major money from republicans into that gofundme. Smdh",
                    "comment_time": "2022-02-09 21:12:39",
                    "comment_image": "https://scontent.xx.fbcdn.net/m1/v/t6/An_UvxJXg9tdnLU3Y5qjPi0200MLilhzPXUgxzGjQzUMaNcmjdZA6anyrngvkdub33NZzZhd51fpCAEzNHFhko5aKRFP5fS1w_lKwYrzcNLupv27.png?ccb=10-5&oh=00_AT9C82irDy7Sn8cI_UEelmRC1FY5K5jw2pfWXlZ8QaKL1g&oe=62246CF9&_nc_sid=55e238",
                    "comment_reactors": [],
                    "comment_reactions": null,
                    "comment_reaction_count": null
                }
            ]
        },
        {
            "comment_id": "10159552585693904",
            "comment_url": "https://facebook.com/10159552585693904",
            "commenter_id": "775129492",
            "commenter_url": "https://facebook.com/doug.wilcox.7161?fref=nf&rc=p&refid=52",
            "commenter_name": "Doug Wilcox",
            "commenter_meta": null,
            "comment_text": "Great news!\u2764\ufe0f\u2764\ufe0f\u2764\ufe0f\u2764\ufe0fHug a Trucker!",
            "comment_time": "2022-02-09 21:12:38",
            "comment_image": null,
            "comment_reactors": [],
            "comment_reactions": null,
            "comment_reaction_count": null,
            "replies": []
        },
        {
            "comment_id": "10159552457553904",
            "comment_url": "https://facebook.com/10159552457553904",
            "commenter_id": "555611446",
            "commenter_url": "https://facebook.com/peter.bjerkelund?fref=nf&rc=p&refid=52",
            "commenter_name": "Pete Bjerkelund",
            "commenter_meta": null,
            "comment_text": "Wish they wouldn't give them the honour of calling them truckers. Actual PROFESSIONAL CANADIAN TRUCKERS are all out on the road, doing something about the way things are. This clown show 10% in Ottawa, are just PARKERS.",
            "comment_time": "2022-02-09 21:12:38",
            "comment_image": null,
            "comment_reactors": [],
            "comment_reactions": null,
            "comment_reaction_count": null,
            "replies": [
                {
                    "comment_id": "10159552466708904",
                    "comment_url": "https://facebook.com/10159552466708904",
                    "commenter_id": "654645611",
                    "commenter_url": "https://facebook.com/slbjorn?fref=nf&rc=p",
                    "commenter_name": "Anastacia Bee",
                    "commenter_meta": null,
                    "comment_text": "Pete Bjerkelund Tell that to the trucker interviewed stating he has lost everything. Or the 400 000 people that cannot work. I'm sure glad your comfortable in your bubble mate. But 80 percent of the populus are hurting.",
                    "comment_time": "2022-02-09 21:12:40",
                    "comment_image": "https://scontent.xx.fbcdn.net/m1/v/t6/An_F9bJG7govfshSMBkvcRLcxT0jmiXVYKtr7lgH5AHgUrjjpZ1OD0xyxXYgf7arc0lWgCdrR_KN4Mg7RSN3Gm3W6Gg03N1tQ-ZXzVvFJ_KvvB4.png?ccb=10-5&oh=00_AT8ScZKrgCPhmfSgYBZgvnQHv14vvPQpgzOW8DDMFGGodg&oe=62243F67&_nc_sid=55e238",
                    "comment_reactors": [],
                    "comment_reactions": null,
                    "comment_reaction_count": null
                },
                {
                    "comment_id": "10159552569233904",
                    "comment_url": "https://facebook.com/10159552569233904",
                    "commenter_id": "654645611",
                    "commenter_url": "https://facebook.com/slbjorn?fref=nf&rc=p",
                    "commenter_name": "Anastacia Bee",
                    "commenter_meta": null,
                    "comment_text": "What's do funny Debrah Yundt? Please explain? Your response to me is very juvenile, selfish and uncaring",
                    "comment_time": "2022-02-09 21:12:40",
                    "comment_image": "https://scontent.xx.fbcdn.net/m1/v/t6/An_F9bJG7govfshSMBkvcRLcxT0jmiXVYKtr7lgH5AHgUrjjpZ1OD0xyxXYgf7arc0lWgCdrR_KN4Mg7RSN3Gm3W6Gg03N1tQ-ZXzVvFJ_KvvB4.png?ccb=10-5&oh=00_AT8ScZKrgCPhmfSgYBZgvnQHv14vvPQpgzOW8DDMFGGodg&oe=62243F67&_nc_sid=55e238",
                    "comment_reactors": [],
                    "comment_reactions": null,
                    "comment_reaction_count": null
                },
                {
                    "comment_id": "10159552614438904",
                    "comment_url": "https://facebook.com/10159552614438904",
                    "commenter_id": "530805098",
                    "commenter_url": "https://facebook.com/logan.creed?fref=nf&rc=p",
                    "commenter_name": "Logan Creed",
                    "commenter_meta": null,
                    "comment_text": "Anastacia Bee he lost everything? If only there was something he could do\u2026",
                    "comment_time": "2022-02-09 21:12:40",
                    "comment_image": "https://scontent.xx.fbcdn.net/m1/v/t6/An_UvxJXg9tdnLU3Y5qjPi0200MLilhzPXUgxzGjQzUMaNcmjdZA6anyrngvkdub33NZzZhd51fpCAEzNHFhko5aKRFP5fS1w_lKwYrzcNLupv27.png?ccb=10-5&oh=00_AT9C82irDy7Sn8cI_UEelmRC1FY5K5jw2pfWXlZ8QaKL1g&oe=62246CF9&_nc_sid=55e238",
                    "comment_reactors": [],
                    "comment_reactions": null,
                    "comment_reaction_count": null
                },
                {
                    "comment_id": "10159552624158904",
                    "comment_url": "https://facebook.com/10159552624158904",
                    "commenter_id": "654645611",
                    "commenter_url": "https://facebook.com/slbjorn?fref=nf&rc=p",
                    "commenter_name": "Anastacia Bee",
                    "commenter_meta": null,
                    "comment_text": "Logan Creed fool",
                    "comment_time": "2022-02-09 21:12:40",
                    "comment_image": "https://scontent.xx.fbcdn.net/m1/v/t6/An_F9bJG7govfshSMBkvcRLcxT0jmiXVYKtr7lgH5AHgUrjjpZ1OD0xyxXYgf7arc0lWgCdrR_KN4Mg7RSN3Gm3W6Gg03N1tQ-ZXzVvFJ_KvvB4.png?ccb=10-5&oh=00_AT8ScZKrgCPhmfSgYBZgvnQHv14vvPQpgzOW8DDMFGGodg&oe=62243F67&_nc_sid=55e238",
                    "comment_reactors": [],
                    "comment_reactions": null,
                    "comment_reaction_count": null
                },
                {
                    "comment_id": "10159552875433904",
                    "comment_url": "https://facebook.com/10159552875433904",
                    "commenter_id": "100003488951018",
                    "commenter_url": "https://facebook.com/debra.yundt.7?fref=nf&rc=p",
                    "commenter_name": "Debra Yundt",
                    "commenter_meta": null,
                    "comment_text": "Anastacia Bee You name call and get nasty with people who disagree with you and you wonder why I laugh at what you have to say..",
                    "comment_time": "2022-02-09 21:12:40",
                    "comment_image": "https://scontent.xx.fbcdn.net/m1/v/t6/An_UvxJXg9tdnLU3Y5qjPi0200MLilhzPXUgxzGjQzUMaNcmjdZA6anyrngvkdub33NZzZhd51fpCAEzNHFhko5aKRFP5fS1w_lKwYrzcNLupv27.png?ccb=10-5&oh=00_AT9C82irDy7Sn8cI_UEelmRC1FY5K5jw2pfWXlZ8QaKL1g&oe=62246CF9&_nc_sid=55e238",
                    "comment_reactors": [],
                    "comment_reactions": null,
                    "comment_reaction_count": null
                },
                {
                    "comment_id": "10159552899383904",
                    "comment_url": "https://facebook.com/10159552899383904",
                    "commenter_id": "100070043290129",
                    "commenter_url": "https://facebook.com/profile.php?id=100070043290129&fref=nf&rc=p",
                    "commenter_name": "Matty Mac",
                    "commenter_meta": null,
                    "comment_text": "Anastacia Bee you folks really love to over exaggerate claims. Nice projection Anastasia. You\u2019re the one being juvenile, selfish and uncaring.",
                    "comment_time": "2022-02-09 21:12:40",
                    "comment_image": "https://scontent.xx.fbcdn.net/m1/v/t6/An_UvxJXg9tdnLU3Y5qjPi0200MLilhzPXUgxzGjQzUMaNcmjdZA6anyrngvkdub33NZzZhd51fpCAEzNHFhko5aKRFP5fS1w_lKwYrzcNLupv27.png?ccb=10-5&oh=00_AT9C82irDy7Sn8cI_UEelmRC1FY5K5jw2pfWXlZ8QaKL1g&oe=62246CF9&_nc_sid=55e238",
                    "comment_reactors": [],
                    "comment_reactions": null,
                    "comment_reaction_count": null
                },
                {
                    "comment_id": "10159553157898904",
                    "comment_url": "https://facebook.com/10159553157898904",
                    "commenter_id": "806355549",
                    "commenter_url": "https://facebook.com/joanne.johnsonmeyers?fref=nf&rc=p",
                    "commenter_name": "Joanne Johnson-Meyers",
                    "commenter_meta": null,
                    "comment_text": "Pete Bjerkelund because .... Very few of them are .....",
                    "comment_time": "2022-02-09 21:12:40",
                    "comment_image": null,
                    "comment_reactors": [],
                    "comment_reactions": null,
                    "comment_reaction_count": null
                },
                {
                    "comment_id": "10159553237378904",
                    "comment_url": "https://facebook.com/10159553237378904",
                    "commenter_id": "751348486",
                    "commenter_url": "https://facebook.com/Deegorri?fref=nf&rc=p",
                    "commenter_name": "Donna Marie",
                    "commenter_meta": null,
                    "comment_text": "Pete Bjerkelund\nAlso interesting listening and hearing the jackasses blocking the ambassador bridge actually stating they know the long haul truckers are mad at them\u2026",
                    "comment_time": "2022-02-09 21:12:40",
                    "comment_image": "https://scontent.xx.fbcdn.net/m1/v/t6/An_UvxJXg9tdnLU3Y5qjPi0200MLilhzPXUgxzGjQzUMaNcmjdZA6anyrngvkdub33NZzZhd51fpCAEzNHFhko5aKRFP5fS1w_lKwYrzcNLupv27.png?ccb=10-5&oh=00_AT9C82irDy7Sn8cI_UEelmRC1FY5K5jw2pfWXlZ8QaKL1g&oe=62246CF9&_nc_sid=55e238",
                    "comment_reactors": [],
                    "comment_reactions": null,
                    "comment_reaction_count": null
                }
            ]
        },
        {
            "comment_id": "10159552592103904",
            "comment_url": "https://facebook.com/10159552592103904",
            "commenter_id": "673486053",
            "commenter_url": "https://facebook.com/william.dowbush?fref=nf&rc=p&refid=52",
            "commenter_name": "William Dowbush",
            "commenter_meta": null,
            "comment_text": "Right-wing activists. Such a dirty word.",
            "comment_time": "2022-02-09 21:12:38",
            "comment_image": null,
            "comment_reactors": [],
            "comment_reactions": null,
            "comment_reaction_count": null,
            "replies": []
        },
        {
            "comment_id": "10159553583468904",
            "comment_url": "https://facebook.com/10159553583468904",
            "commenter_id": "100036860595798",
            "commenter_url": "https://facebook.com/fitz.andantilus?fref=nf&rc=p&refid=52",
            "commenter_name": "Fitzroy Antdantilus",
            "commenter_meta": "Top fan",
            "comment_text": "The fight for freedom inspires the extreme left globally. The extreme left need to control, spread fear, cencertise, divide, and spread their hate towards those who have a difference of opinion.",
            "comment_time": "2022-02-09 21:12:38",
            "comment_image": null,
            "comment_reactors": [],
            "comment_reactions": null,
            "comment_reaction_count": null,
            "replies": [
                {
                    "comment_id": "10159554408663904",
                    "comment_url": "https://facebook.com/10159554408663904",
                    "commenter_id": "100014001078588",
                    "commenter_url": "https://facebook.com/steve.cobblehoff?fref=nf&rc=p",
                    "commenter_name": "Steve Cobblehoff",
                    "commenter_meta": null,
                    "comment_text": "Fitzroy Antdantilus quite the opposite. But nice fairytale!",
                    "comment_time": "2022-02-09 21:12:40",
                    "comment_image": "https://scontent.xx.fbcdn.net/m1/v/t6/An_UvxJXg9tdnLU3Y5qjPi0200MLilhzPXUgxzGjQzUMaNcmjdZA6anyrngvkdub33NZzZhd51fpCAEzNHFhko5aKRFP5fS1w_lKwYrzcNLupv27.png?ccb=10-5&oh=00_AT9C82irDy7Sn8cI_UEelmRC1FY5K5jw2pfWXlZ8QaKL1g&oe=62246CF9&_nc_sid=55e238",
                    "comment_reactors": [],
                    "comment_reactions": null,
                    "comment_reaction_count": null
                }
            ]
        },
        {
            "comment_id": "10159553510478904",
            "comment_url": "https://facebook.com/10159553510478904",
            "commenter_id": "100012655898700",
            "commenter_url": "https://facebook.com/oleg.kolenberg.1?fref=nf&rc=p&refid=52",
            "commenter_name": "Oleg Kolenberg",
            "commenter_meta": null,
            "comment_text": "And what is wrong with \u201cright-wing activism\u201d? It is an absolute right. Nobody promotes looting, burning and race riots. Nobody is advocating looting someone else\u2019s property.\nIf you don\u2019t like it, you\u2019re welcome to debate them. No physical harm will come to you",
            "comment_time": "2022-02-09 21:12:38",
            "comment_image": null,
            "comment_reactors": [],
            "comment_reactions": null,
            "comment_reaction_count": null,
            "replies": [
                {
                    "comment_id": "10159554400038904",
                    "comment_url": "https://facebook.com/10159554400038904",
                    "commenter_id": "100014001078588",
                    "commenter_url": "https://facebook.com/steve.cobblehoff?fref=nf&rc=p",
                    "commenter_name": "Steve Cobblehoff",
                    "commenter_meta": null,
                    "comment_text": "Oleg Kolenberg oh for sure. As welcoming as going to ma and pa kettles summer cabin for the weekend I bet?",
                    "comment_time": "2022-02-09 21:12:41",
                    "comment_image": null,
                    "comment_reactors": [],
                    "comment_reactions": null,
                    "comment_reaction_count": null
                }
            ]
        },
        {
            "comment_id": "10159552397833904",
            "comment_url": "https://facebook.com/10159552397833904",
            "commenter_id": "517430466",
            "commenter_url": "https://facebook.com/david.macleod.391?fref=nf&rc=p&refid=52",
            "commenter_name": "David Macleod",
            "commenter_meta": null,
            "comment_text": "OMG Panzer columns have broken through the border, SS stormtroopers are in command of the truckers. Every thing I don't agree with it literally white supremist. What a bunch of Drama queens the Globe is now. The media has pulled this card so much no one believes them now",
            "comment_time": "2022-02-09 21:12:38",
            "comment_image": null,
            "comment_reactors": [],
            "comment_reactions": null,
            "comment_reaction_count": null,
            "replies": [
                {
                    "comment_id": "10159552466083904",
                    "comment_url": "https://facebook.com/10159552466083904",
                    "commenter_id": "632935672",
                    "commenter_url": "https://facebook.com/jgodfreyson?fref=nf&rc=p",
                    "commenter_name": "John Godfreyson",
                    "commenter_meta": null,
                    "comment_text": "David Macleod Too bad FB doesn\u2019t have an idiot button",
                    "comment_time": "2022-02-09 21:12:42",
                    "comment_image": "https://scontent.xx.fbcdn.net/m1/v/t6/An_UvxJXg9tdnLU3Y5qjPi0200MLilhzPXUgxzGjQzUMaNcmjdZA6anyrngvkdub33NZzZhd51fpCAEzNHFhko5aKRFP5fS1w_lKwYrzcNLupv27.png?ccb=10-5&oh=00_AT9C82irDy7Sn8cI_UEelmRC1FY5K5jw2pfWXlZ8QaKL1g&oe=62246CF9&_nc_sid=55e238",
                    "comment_reactors": [],
                    "comment_reactions": null,
                    "comment_reaction_count": null
                },
                {
                    "comment_id": "10159552472483904",
                    "comment_url": "https://facebook.com/10159552472483904",
                    "commenter_id": "596335148",
                    "commenter_url": "https://facebook.com/brian.j.anderson.writer?fref=nf&rc=p",
                    "commenter_name": "Brian J Anderson",
                    "commenter_meta": null,
                    "comment_text": "David Macleod This is what a $600 million pay off buys.",
                    "comment_time": "2022-02-09 21:12:42",
                    "comment_image": "https://scontent.xx.fbcdn.net/m1/v/t6/An_F9bJG7govfshSMBkvcRLcxT0jmiXVYKtr7lgH5AHgUrjjpZ1OD0xyxXYgf7arc0lWgCdrR_KN4Mg7RSN3Gm3W6Gg03N1tQ-ZXzVvFJ_KvvB4.png?ccb=10-5&oh=00_AT8ScZKrgCPhmfSgYBZgvnQHv14vvPQpgzOW8DDMFGGodg&oe=62243F67&_nc_sid=55e238",
                    "comment_reactors": [],
                    "comment_reactions": null,
                    "comment_reaction_count": null
                }
            ]
        },
        {
            "comment_id": "10159552394988904",
            "comment_url": "https://facebook.com/10159552394988904",
            "commenter_id": "100012318063391",
            "commenter_url": "https://facebook.com/profile.php?id=100012318063391&fref=nf&rc=p&refid=52",
            "commenter_name": "Peter Ioannidis",
            "commenter_meta": "Top fan",
            "comment_text": "Actually refusing to discuss policy alternatives with constituents, is right wing. The people are exercising their liberal right to dissent, that\u2019s what gives our society plurality and differentiates us from totalitarian China, the host of the Olympics. The representative modality of trustees, is right wing, the representative modality of delegates is pluralism, true populist and liberal-democra\ntic.",
            "comment_time": "2022-02-09 21:12:38",
            "comment_image": null,
            "comment_reactors": [],
            "comment_reactions": null,
            "comment_reaction_count": null,
            "replies": [
                {
                    "comment_id": "10159552426838904",
                    "comment_url": "https://facebook.com/10159552426838904",
                    "commenter_id": "642820133",
                    "commenter_url": "https://facebook.com/raj.sra.50?fref=nf&rc=p",
                    "commenter_name": "Raj Sra",
                    "commenter_meta": "Top fan",
                    "comment_text": "Peter Ioannidis",
                    "comment_time": "2022-02-09 21:12:42",
                    "comment_image": "https://media.tenor.co/images/9c25153327abed01aa1b67595d081b49/tenor.gif?t=AAXACZCfG3kKtObNOASu9g&itemid=17710543&fbclid=IwAR31-G8XurdEFeL-h9UtskgofOaicvREoaBGqDwQvRIV-pS6epD0UvRI_8E",
                    "comment_reactors": [],
                    "comment_reactions": null,
                    "comment_reaction_count": null
                },
                {
                    "comment_id": "10159552470163904",
                    "comment_url": "https://facebook.com/10159552470163904",
                    "commenter_id": "100053211585845",
                    "commenter_url": "https://facebook.com/profile.php?id=100053211585845&fref=nf&rc=p",
                    "commenter_name": "Shane Jones",
                    "commenter_meta": null,
                    "comment_text": "Peter Ioannidis lolwut",
                    "comment_time": "2022-02-09 21:12:42",
                    "comment_image": "https://scontent.xx.fbcdn.net/m1/v/t6/An_UvxJXg9tdnLU3Y5qjPi0200MLilhzPXUgxzGjQzUMaNcmjdZA6anyrngvkdub33NZzZhd51fpCAEzNHFhko5aKRFP5fS1w_lKwYrzcNLupv27.png?ccb=10-5&oh=00_AT9C82irDy7Sn8cI_UEelmRC1FY5K5jw2pfWXlZ8QaKL1g&oe=62246CF9&_nc_sid=55e238",
                    "comment_reactors": [],
                    "comment_reactions": null,
                    "comment_reaction_count": null
                },
                {
                    "comment_id": "10159552515953904",
                    "comment_url": "https://facebook.com/10159552515953904",
                    "commenter_id": "100003373459498",
                    "commenter_url": "https://facebook.com/daniel.tate.33?fref=nf&rc=p",
                    "commenter_name": "Daniel Tate",
                    "commenter_meta": null,
                    "comment_text": "Peter Ioannidis unfortunately the left and their media servants are not interested in policy discussion. They are too busy manufacturing narratives that truckers are foreign-funded insurrectionist\ns.",
                    "comment_time": "2022-02-09 21:12:42",
                    "comment_image": "https://scontent.xx.fbcdn.net/m1/v/t6/An_F9bJG7govfshSMBkvcRLcxT0jmiXVYKtr7lgH5AHgUrjjpZ1OD0xyxXYgf7arc0lWgCdrR_KN4Mg7RSN3Gm3W6Gg03N1tQ-ZXzVvFJ_KvvB4.png?ccb=10-5&oh=00_AT8ScZKrgCPhmfSgYBZgvnQHv14vvPQpgzOW8DDMFGGodg&oe=62243F67&_nc_sid=55e238",
                    "comment_reactors": [],
                    "comment_reactions": null,
                    "comment_reaction_count": null
                },
                {
                    "comment_id": "10159552615393904",
                    "comment_url": "https://facebook.com/10159552615393904",
                    "commenter_id": "530805098",
                    "commenter_url": "https://facebook.com/logan.creed?fref=nf&rc=p",
                    "commenter_name": "Logan Creed",
                    "commenter_meta": null,
                    "comment_text": "Peter Ioannidis are any of these truckers from Justin Trudeau\u2019s riding?",
                    "comment_time": "2022-02-09 21:12:42",
                    "comment_image": null,
                    "comment_reactors": [],
                    "comment_reactions": null,
                    "comment_reaction_count": null
                },
                {
                    "comment_id": "10159553075868904",
                    "comment_url": "https://facebook.com/10159553075868904",
                    "commenter_id": "100012318063391",
                    "commenter_url": "https://facebook.com/profile.php?id=100012318063391&fref=nf&rc=p",
                    "commenter_name": "Peter Ioannidis",
                    "commenter_meta": "Top fan",
                    "comment_text": "Logan Creed Jr\u2019s riding is the entire country, hence the title PM.",
                    "comment_time": "2022-02-09 21:12:42",
                    "comment_image": "https://static.xx.fbcdn.net/rsrc.php/v3/y7/r/4bRBCBmu1Q9.png",
                    "comment_reactors": [],
                    "comment_reactions": null,
                    "comment_reaction_count": null
                }
            ]
        },
        {
            "comment_id": "10159553026853904",
            "comment_url": "https://facebook.com/10159553026853904",
            "commenter_id": "635560075",
            "commenter_url": "https://facebook.com/alan.skelhorne?fref=nf&rc=p&refid=52",
            "commenter_name": "Alan Skelhorne",
            "commenter_meta": null,
            "comment_text": "copycats, thats all you have globe n mail.",
            "comment_time": "2022-02-09 21:12:38",
            "comment_image": null,
            "comment_reactors": [],
            "comment_reactions": null,
            "comment_reaction_count": null,
            "replies": []
        },
        {
            "comment_id": "10159553023178904",
            "comment_url": "https://facebook.com/10159553023178904",
            "commenter_id": "100069271547398",
            "commenter_url": "https://facebook.com/profile.php?id=100069271547398&fref=nf&rc=p&refid=52",
            "commenter_name": "Maria Barnes",
            "commenter_meta": null,
            "comment_text": "This is terrible. What a disgrace.",
            "comment_time": "2022-02-09 21:12:38",
            "comment_image": null,
            "comment_reactors": [],
            "comment_reactions": null,
            "comment_reaction_count": null,
            "replies": []
        },
        {
            "comment_id": "10159552471748904",
            "comment_url": "https://facebook.com/10159552471748904",
            "commenter_id": "510871302",
            "commenter_url": "https://facebook.com/rick.fulford.1?fref=nf&rc=p&refid=52",
            "commenter_name": "Rick Fulford",
            "commenter_meta": null,
            "comment_text": "Why is everyone labelled as a wing. So stupid. People are upset with heavy handed government that is doing more harm than good.\nPeople",
            "comment_time": "2022-02-09 21:12:38",
            "comment_image": null,
            "comment_reactors": [],
            "comment_reactions": null,
            "comment_reaction_count": null,
            "replies": [
                {
                    "comment_id": "10159553157023904",
                    "comment_url": "https://facebook.com/10159553157023904",
                    "commenter_id": "806355549",
                    "commenter_url": "https://facebook.com/joanne.johnsonmeyers?fref=nf&rc=p",
                    "commenter_name": "Joanne Johnson-Meyers",
                    "commenter_meta": null,
                    "comment_text": "Rick Fulford cause ... Birds of a feather flock together ....",
                    "comment_time": "2022-02-09 21:12:43",
                    "comment_image": "https://scontent.xx.fbcdn.net/m1/v/t6/An_UvxJXg9tdnLU3Y5qjPi0200MLilhzPXUgxzGjQzUMaNcmjdZA6anyrngvkdub33NZzZhd51fpCAEzNHFhko5aKRFP5fS1w_lKwYrzcNLupv27.png?ccb=10-5&oh=00_AT9C82irDy7Sn8cI_UEelmRC1FY5K5jw2pfWXlZ8QaKL1g&oe=62246CF9&_nc_sid=55e238",
                    "comment_reactors": [],
                    "comment_reactions": null,
                    "comment_reaction_count": null
                },
                {
                    "comment_id": "10159553512128904",
                    "comment_url": "https://facebook.com/10159553512128904",
                    "commenter_id": "100012655898700",
                    "commenter_url": "https://facebook.com/oleg.kolenberg.1?fref=nf&rc=p",
                    "commenter_name": "Oleg Kolenberg",
                    "commenter_meta": null,
                    "comment_text": "Joanne Johnson-Meyers meaning what exactly? You do the same thing and associate with people of your beliefs",
                    "comment_time": "2022-02-09 21:12:43",
                    "comment_image": null,
                    "comment_reactors": [],
                    "comment_reactions": null,
                    "comment_reaction_count": null
                },
                {
                    "comment_id": "10159553536993904",
                    "comment_url": "https://facebook.com/10159553536993904",
                    "commenter_id": "100064633447540",
                    "commenter_url": "https://facebook.com/sandy.marr.94?fref=nf&rc=p",
                    "commenter_name": "Sandy Marr",
                    "commenter_meta": null,
                    "comment_text": "Rick Fulford Because the left decided that labeling people was the best way so they came up with nonsense like alt right, far right and when that didn't catch on they dropped everything but the right wing part. Yes, there's a right wing and left wing ideology, but the libs took it to a whole new level.",
                    "comment_time": "2022-02-09 21:12:43",
                    "comment_image": "https://scontent.xx.fbcdn.net/m1/v/t6/An_F9bJG7govfshSMBkvcRLcxT0jmiXVYKtr7lgH5AHgUrjjpZ1OD0xyxXYgf7arc0lWgCdrR_KN4Mg7RSN3Gm3W6Gg03N1tQ-ZXzVvFJ_KvvB4.png?ccb=10-5&oh=00_AT8ScZKrgCPhmfSgYBZgvnQHv14vvPQpgzOW8DDMFGGodg&oe=62243F67&_nc_sid=55e238",
                    "comment_reactors": [],
                    "comment_reactions": null,
                    "comment_reaction_count": null
                },
                {
                    "comment_id": "10159553577213904",
                    "comment_url": "https://facebook.com/10159553577213904",
                    "commenter_id": "806355549",
                    "commenter_url": "https://facebook.com/joanne.johnsonmeyers?fref=nf&rc=p",
                    "commenter_name": "Joanne Johnson-Meyers",
                    "commenter_meta": null,
                    "comment_text": "Oleg Kolenberg yes .. Yes i do ... Not \" those people \"",
                    "comment_time": "2022-02-09 21:12:43",
                    "comment_image": null,
                    "comment_reactors": [],
                    "comment_reactions": null,
                    "comment_reaction_count": null
                },
                {
                    "comment_id": "10159554000293904",
                    "comment_url": "https://facebook.com/10159554000293904",
                    "commenter_id": "510871302",
                    "commenter_url": "https://facebook.com/rick.fulford.1?fref=nf&rc=p",
                    "commenter_name": "Rick Fulford",
                    "commenter_meta": null,
                    "comment_text": "Sandy Marr I played left wing in hockey \ud83d\udc4d",
                    "comment_time": "2022-02-09 21:12:43",
                    "comment_image": null,
                    "comment_reactors": [],
                    "comment_reactions": null,
                    "comment_reaction_count": null
                },
                {
                    "comment_id": "10159554393803904",
                    "comment_url": "https://facebook.com/10159554393803904",
                    "commenter_id": "100014001078588",
                    "commenter_url": "https://facebook.com/steve.cobblehoff?fref=nf&rc=p",
                    "commenter_name": "Steve Cobblehoff",
                    "commenter_meta": null,
                    "comment_text": "Sandy Marr le boo hoo",
                    "comment_time": "2022-02-09 21:12:43",
                    "comment_image": null,
                    "comment_reactors": [],
                    "comment_reactions": null,
                    "comment_reaction_count": null
                }
            ]
        },
        {
            "comment_id": "10159552410648904",
            "comment_url": "https://facebook.com/10159552410648904",
            "commenter_id": "629356015",
            "commenter_url": "https://facebook.com/robert.hume3?fref=nf&rc=p&refid=52",
            "commenter_name": "Robert Hume",
            "commenter_meta": null,
            "comment_text": "What a load of pants, it's diverse protest as Canada is as a country, get over it already.",
            "comment_time": "2022-02-09 21:12:38",
            "comment_image": null,
            "comment_reactors": [],
            "comment_reactions": null,
            "comment_reaction_count": null,
            "replies": [
                {
                    "comment_id": "10159552427208904",
                    "comment_url": "https://facebook.com/10159552427208904",
                    "commenter_id": "642820133",
                    "commenter_url": "https://facebook.com/raj.sra.50?fref=nf&rc=p",
                    "commenter_name": "Raj Sra",
                    "commenter_meta": "Top fan",
                    "comment_text": "Robert Hume",
                    "comment_time": "2022-02-09 21:12:44",
                    "comment_image": "https://media1.tenor.co/images/27e7236247fd848fb6d68754fa78a1ca/tenor.gif?ver=1112&c=VjFfZmFjZWJvb2tfd2ViY29tbWVudHM&itemid=16343973&fbclid=IwAR1m347pvF6FCgw3gsOmHdkG5uIXlQnMN2O7-nxMRqU2-muByOCO0RSo79Y",
                    "comment_reactors": [],
                    "comment_reactions": null,
                    "comment_reaction_count": null
                },
                {
                    "comment_id": "10159552435548904",
                    "comment_url": "https://facebook.com/10159552435548904",
                    "commenter_id": "629356015",
                    "commenter_url": "https://facebook.com/robert.hume3?fref=nf&rc=p",
                    "commenter_name": "Robert Hume",
                    "commenter_meta": null,
                    "comment_text": "Raj Sra go down and see for yourself",
                    "comment_time": "2022-02-09 21:12:44",
                    "comment_image": "https://scontent.xx.fbcdn.net/m1/v/t6/An_F9bJG7govfshSMBkvcRLcxT0jmiXVYKtr7lgH5AHgUrjjpZ1OD0xyxXYgf7arc0lWgCdrR_KN4Mg7RSN3Gm3W6Gg03N1tQ-ZXzVvFJ_KvvB4.png?ccb=10-5&oh=00_AT8ScZKrgCPhmfSgYBZgvnQHv14vvPQpgzOW8DDMFGGodg&oe=62243F67&_nc_sid=55e238",
                    "comment_reactors": [],
                    "comment_reactions": null,
                    "comment_reaction_count": null
                },
                {
                    "comment_id": "10159552471078904",
                    "comment_url": "https://facebook.com/10159552471078904",
                    "commenter_id": "100053211585845",
                    "commenter_url": "https://facebook.com/profile.php?id=100053211585845&fref=nf&rc=p",
                    "commenter_name": "Shane Jones",
                    "commenter_meta": null,
                    "comment_text": "Robert Hume you're talking to a liberal dude they don't leave the house",
                    "comment_time": "2022-02-09 21:12:44",
                    "comment_image": "https://scontent.xx.fbcdn.net/m1/v/t6/An_F9bJG7govfshSMBkvcRLcxT0jmiXVYKtr7lgH5AHgUrjjpZ1OD0xyxXYgf7arc0lWgCdrR_KN4Mg7RSN3Gm3W6Gg03N1tQ-ZXzVvFJ_KvvB4.png?ccb=10-5&oh=00_AT8ScZKrgCPhmfSgYBZgvnQHv14vvPQpgzOW8DDMFGGodg&oe=62243F67&_nc_sid=55e238",
                    "comment_reactors": [],
                    "comment_reactions": null,
                    "comment_reaction_count": null
                },
                {
                    "comment_id": "10159553068433904",
                    "comment_url": "https://facebook.com/10159553068433904",
                    "commenter_id": "100003488951018",
                    "commenter_url": "https://facebook.com/debra.yundt.7?fref=nf&rc=p",
                    "commenter_name": "Debra Yundt",
                    "commenter_meta": null,
                    "comment_text": "Shane Jones Really, seems everyone is out and about where I live. Everyone is working, going to restaurants, out shopping. Nobody is staying at home here.",
                    "comment_time": "2022-02-09 21:12:44",
                    "comment_image": "https://scontent.xx.fbcdn.net/m1/v/t6/An_UvxJXg9tdnLU3Y5qjPi0200MLilhzPXUgxzGjQzUMaNcmjdZA6anyrngvkdub33NZzZhd51fpCAEzNHFhko5aKRFP5fS1w_lKwYrzcNLupv27.png?ccb=10-5&oh=00_AT9C82irDy7Sn8cI_UEelmRC1FY5K5jw2pfWXlZ8QaKL1g&oe=62246CF9&_nc_sid=55e238",
                    "comment_reactors": [],
                    "comment_reactions": null,
                    "comment_reaction_count": null
                },
                {
                    "comment_id": "10159553079688904",
                    "comment_url": "https://facebook.com/10159553079688904",
                    "commenter_id": "642820133",
                    "commenter_url": "https://facebook.com/raj.sra.50?fref=nf&rc=p",
                    "commenter_name": "Raj Sra",
                    "commenter_meta": "Top fan",
                    "comment_text": "Shane Jones",
                    "comment_time": "2022-02-09 21:12:44",
                    "comment_image": "https://media1.tenor.co/images/e268856d254376fc9f302182548bcfd7/tenor.gif?ver=1112&c=VjFfZmFjZWJvb2tfd2ViY29tbWVudHM&itemid=5347290&fbclid=IwAR10SyJxEYI3_cEAW5u2eca2km7wIvGKi_PJOVS20Wh3NeZYPEtVsxOKOuw",
                    "comment_reactors": [],
                    "comment_reactions": null,
                    "comment_reaction_count": null
                },
                {
                    "comment_id": "10159553415478904",
                    "comment_url": "https://facebook.com/10159553415478904",
                    "commenter_id": "100053211585845",
                    "commenter_url": "https://facebook.com/profile.php?id=100053211585845&fref=nf&rc=p",
                    "commenter_name": "Shane Jones",
                    "commenter_meta": null,
                    "comment_text": "Debra Yundt lol even before covid we were dealing with whiney mentally ill buttholes nice try though",
                    "comment_time": "2022-02-09 21:12:44",
                    "comment_image": null,
                    "comment_reactors": [],
                    "comment_reactions": null,
                    "comment_reaction_count": null
                },
                {
                    "comment_id": "10159553461393904",
                    "comment_url": "https://facebook.com/10159553461393904",
                    "commenter_id": "100003488951018",
                    "commenter_url": "https://facebook.com/debra.yundt.7?fref=nf&rc=p",
                    "commenter_name": "Debra Yundt",
                    "commenter_meta": null,
                    "comment_text": "Shane Jones Well you certainly would know all about those, one only has to look at your posts.",
                    "comment_time": "2022-02-09 21:12:44",
                    "comment_image": null,
                    "comment_reactors": [],
                    "comment_reactions": null,
                    "comment_reaction_count": null
                }
            ]
        },
        {
            "comment_id": "10159553076298904",
            "comment_url": "https://facebook.com/10159553076298904",
            "commenter_id": "1357476051",
            "commenter_url": "https://facebook.com/jake.christensen.102?fref=nf&rc=p&refid=52",
            "commenter_name": "Jake Christensen",
            "commenter_meta": null,
            "comment_text": "Why is always right wing? Hard working people who like freedom are always painted with this denigrating brush.",
            "comment_time": "2022-02-09 21:12:38",
            "comment_image": null,
            "comment_reactors": [],
            "comment_reactions": null,
            "comment_reaction_count": null,
            "replies": [
                {
                    "comment_id": "10159554627808904",
                    "comment_url": "https://facebook.com/10159554627808904",
                    "commenter_id": "100022363871297",
                    "commenter_url": "https://facebook.com/emelle.mybell.7?fref=nf&rc=p",
                    "commenter_name": "Emelle Mybell",
                    "commenter_meta": null,
                    "comment_text": "Jake Christensen This is not fighting for freedom. This is anarchy. Big difference.",
                    "comment_time": "2022-02-09 21:12:44",
                    "comment_image": null,
                    "comment_reactors": [],
                    "comment_reactions": null,
                    "comment_reaction_count": null
                }
            ]
        },
        {
            "comment_id": "10159552386168904",
            "comment_url": "https://facebook.com/10159552386168904",
            "commenter_id": "722917316",
            "commenter_url": "https://facebook.com/dvandassen?fref=nf&rc=p&refid=52",
            "commenter_name": "Derek van Dassen",
            "commenter_meta": null,
            "comment_text": "These aren\u2019t truckers. These rigs need to be pulling loads 24/7 to pay for their operational costs.\n\nThese were US-based white supremacists who happened to drive trucks.\n\nThe upcoming three years of investigations will reveal they were foreign insurgents.",
            "comment_time": "2022-02-09 21:12:38",
            "comment_image": null,
            "comment_reactors": [],
            "comment_reactions": null,
            "comment_reaction_count": null,
            "replies": [
                {
                    "comment_id": "10159552395833904",
                    "comment_url": "https://facebook.com/10159552395833904",
                    "commenter_id": "100064633447540",
                    "commenter_url": "https://facebook.com/sandy.marr.94?fref=nf&rc=p",
                    "commenter_name": "Sandy Marr",
                    "commenter_meta": null,
                    "comment_text": "Derek van Dassen Yeah, those darn white supremacists. It seems like we can't swing a dead cat by the tail without hitting one in Ottawa these days.",
                    "comment_time": "2022-02-09 21:12:45",
                    "comment_image": "https://media.tenor.co/images/c2a8dab9eaf705a34bbd0e15c8572f02/tenor.gif?ver=1112&c=VjFfZmFjZWJvb2tfd2ViY29tbWVudHM&itemid=15133405&fbclid=IwAR3XR-0HCUyU-dhyu3YQT_rQsmI0dGrovN7V9H1OVUpc6YuryD4Ic5Jb1ho",
                    "comment_reactors": [],
                    "comment_reactions": null,
                    "comment_reaction_count": null
                },
                {
                    "comment_id": "10159552396758904",
                    "comment_url": "https://facebook.com/10159552396758904",
                    "commenter_id": "100012318063391",
                    "commenter_url": "https://facebook.com/profile.php?id=100012318063391&fref=nf&rc=p",
                    "commenter_name": "Peter Ioannidis",
                    "commenter_meta": "Top fan",
                    "comment_text": "Derek van Dassen They\u2019ve paid for permits which renders them truckers, genius. Wooden shoes, wooden head, wouldn\u2019t listen.",
                    "comment_time": "2022-02-09 21:12:45",
                    "comment_image": "https://static.xx.fbcdn.net/rsrc.php/v3/y7/r/4bRBCBmu1Q9.png",
                    "comment_reactors": [],
                    "comment_reactions": null,
                    "comment_reaction_count": null
                },
                {
                    "comment_id": "10159552398053904",
                    "comment_url": "https://facebook.com/10159552398053904",
                    "commenter_id": "661231046",
                    "commenter_url": "https://facebook.com/jade.ethier.98?fref=nf&rc=p",
                    "commenter_name": "Jade Ethier",
                    "commenter_meta": null,
                    "comment_text": "Derek van Dassen Lol. This coming from the guy that was posting pictures of Barbie dolls just 3 hours ago",
                    "comment_time": "2022-02-09 21:12:45",
                    "comment_image": "https://scontent.xx.fbcdn.net/m1/v/t6/An_UvxJXg9tdnLU3Y5qjPi0200MLilhzPXUgxzGjQzUMaNcmjdZA6anyrngvkdub33NZzZhd51fpCAEzNHFhko5aKRFP5fS1w_lKwYrzcNLupv27.png?ccb=10-5&oh=00_AT9C82irDy7Sn8cI_UEelmRC1FY5K5jw2pfWXlZ8QaKL1g&oe=62246CF9&_nc_sid=55e238",
                    "comment_reactors": [],
                    "comment_reactions": null,
                    "comment_reaction_count": null
                },
                {
                    "comment_id": "10159552414778904",
                    "comment_url": "https://facebook.com/10159552414778904",
                    "commenter_id": "100008434897518",
                    "commenter_url": "https://facebook.com/profile.php?id=100008434897518&fref=nf&rc=p",
                    "commenter_name": "Hannah Woods",
                    "commenter_meta": null,
                    "comment_text": "Derek van Dassen maybe that\u2019s the point you plonker. They\u2019re out of work due to the vaccine mandate. Try to keep up.",
                    "comment_time": "2022-02-09 21:12:45",
                    "comment_image": "https://scontent.xx.fbcdn.net/m1/v/t6/An_UvxJXg9tdnLU3Y5qjPi0200MLilhzPXUgxzGjQzUMaNcmjdZA6anyrngvkdub33NZzZhd51fpCAEzNHFhko5aKRFP5fS1w_lKwYrzcNLupv27.png?ccb=10-5&oh=00_AT9C82irDy7Sn8cI_UEelmRC1FY5K5jw2pfWXlZ8QaKL1g&oe=62246CF9&_nc_sid=55e238",
                    "comment_reactors": [],
                    "comment_reactions": null,
                    "comment_reaction_count": null
                },
                {
                    "comment_id": "10159552417593904",
                    "comment_url": "https://facebook.com/10159552417593904",
                    "commenter_id": "517430466",
                    "commenter_url": "https://facebook.com/david.macleod.391?fref=nf&rc=p",
                    "commenter_name": "David Macleod",
                    "commenter_meta": null,
                    "comment_text": "Derek van Dassen I herd Joachim Piper is spearheading a panzer Colum coming our way.",
                    "comment_time": "2022-02-09 21:12:45",
                    "comment_image": null,
                    "comment_reactors": [],
                    "comment_reactions": null,
                    "comment_reaction_count": null
                },
                {
                    "comment_id": "10159552471578904",
                    "comment_url": "https://facebook.com/10159552471578904",
                    "commenter_id": "100053211585845",
                    "commenter_url": "https://facebook.com/profile.php?id=100053211585845&fref=nf&rc=p",
                    "commenter_name": "Shane Jones",
                    "commenter_meta": null,
                    "comment_text": "Derek van Dassen nobody is this senile are you real?",
                    "comment_time": "2022-02-09 21:12:45",
                    "comment_image": null,
                    "comment_reactors": [],
                    "comment_reactions": null,
                    "comment_reaction_count": null
                },
                {
                    "comment_id": "10159552517613904",
                    "comment_url": "https://facebook.com/10159552517613904",
                    "commenter_id": "100003373459498",
                    "commenter_url": "https://facebook.com/daniel.tate.33?fref=nf&rc=p",
                    "commenter_name": "Daniel Tate",
                    "commenter_meta": null,
                    "comment_text": "Derek van Dassen if they end up forcing the government to end the repressive vaccine mandates then regardless of who they are, I applaud them.",
                    "comment_time": "2022-02-09 21:12:45",
                    "comment_image": "https://scontent.xx.fbcdn.net/m1/v/t6/An_UvxJXg9tdnLU3Y5qjPi0200MLilhzPXUgxzGjQzUMaNcmjdZA6anyrngvkdub33NZzZhd51fpCAEzNHFhko5aKRFP5fS1w_lKwYrzcNLupv27.png?ccb=10-5&oh=00_AT9C82irDy7Sn8cI_UEelmRC1FY5K5jw2pfWXlZ8QaKL1g&oe=62246CF9&_nc_sid=55e238",
                    "comment_reactors": [],
                    "comment_reactions": null,
                    "comment_reaction_count": null
                },
                {
                    "comment_id": "10159552584658904",
                    "comment_url": "https://facebook.com/10159552584658904",
                    "commenter_id": "701593248",
                    "commenter_url": "https://facebook.com/alyson.macdonald.5?fref=nf&rc=p",
                    "commenter_name": "Alyson Macdonald",
                    "commenter_meta": null,
                    "comment_text": "How far right wing do you have to be to believe most newspapers are left wing. Do you not know who owns the majority of the media?",
                    "comment_time": "2022-02-09 21:12:45",
                    "comment_image": "https://scontent.xx.fbcdn.net/m1/v/t6/An_UvxJXg9tdnLU3Y5qjPi0200MLilhzPXUgxzGjQzUMaNcmjdZA6anyrngvkdub33NZzZhd51fpCAEzNHFhko5aKRFP5fS1w_lKwYrzcNLupv27.png?ccb=10-5&oh=00_AT9C82irDy7Sn8cI_UEelmRC1FY5K5jw2pfWXlZ8QaKL1g&oe=62246CF9&_nc_sid=55e238",
                    "comment_reactors": [],
                    "comment_reactions": null,
                    "comment_reaction_count": null
                },
                {
                    "comment_id": "10159552866608904",
                    "comment_url": "https://facebook.com/10159552866608904",
                    "commenter_id": "515360454",
                    "commenter_url": "https://facebook.com/john.metcalf.5?fref=nf&rc=p",
                    "commenter_name": "John A Metcalf",
                    "commenter_meta": null,
                    "comment_text": "Derek you forgot something",
                    "comment_time": "2022-02-09 21:12:45",
                    "comment_image": "https://media1.tenor.co/images/255d2bb502fee92b3cdb115304e65ee8/tenor.gif?ver=1112&c=VjFfZmFjZWJvb2tfd2ViY29tbWVudHM&itemid=18004007&fbclid=IwAR10rJ72BJfopfytQw9E9773w10-Rt0SzN4_7g7y_VgyjmTVG3b2ZPRIgtI",
                    "comment_reactors": [],
                    "comment_reactions": null,
                    "comment_reaction_count": null
                },
                {
                    "comment_id": "10159552883863904",
                    "comment_url": "https://facebook.com/10159552883863904",
                    "commenter_id": "100000570193720",
                    "commenter_url": "https://facebook.com/isabel.sandersegriff?fref=nf&rc=p",
                    "commenter_name": "Isabel Sander",
                    "commenter_meta": null,
                    "comment_text": "and \u2018anti vaxxers\u2019 are the conspiracy theorists \ud83d\ude02\ud83d\ude02 get a load of this guy",
                    "comment_time": "2022-02-09 21:12:45",
                    "comment_image": "https://scontent.xx.fbcdn.net/m1/v/t6/An_UvxJXg9tdnLU3Y5qjPi0200MLilhzPXUgxzGjQzUMaNcmjdZA6anyrngvkdub33NZzZhd51fpCAEzNHFhko5aKRFP5fS1w_lKwYrzcNLupv27.png?ccb=10-5&oh=00_AT9C82irDy7Sn8cI_UEelmRC1FY5K5jw2pfWXlZ8QaKL1g&oe=62246CF9&_nc_sid=55e238",
                    "comment_reactors": [],
                    "comment_reactions": null,
                    "comment_reaction_count": null
                },
                {
                    "comment_id": "10159553241068904",
                    "comment_url": "https://facebook.com/10159553241068904",
                    "commenter_id": "751348486",
                    "commenter_url": "https://facebook.com/Deegorri?fref=nf&rc=p",
                    "commenter_name": "Donna Marie",
                    "commenter_meta": null,
                    "comment_text": "Sandy Marr\n\nhttps://\ntwitter.com/\njbradshaw01/\nstatus/\n1488521020004777\n987?s=21",
                    "comment_time": "2022-02-09 21:12:45",
                    "comment_image": "https://twitter.com/jbradshaw01/status/1488521020004777987?s=21&fbclid=IwAR1lW_zaRqAwJG2eDQA4D2vyoNsdRcjkJYrQQY-FVZ70hAuW8OLqS64_toI",
                    "comment_reactors": [],
                    "comment_reactions": null,
                    "comment_reaction_count": null
                },
                {
                    "comment_id": "10159553651368904",
                    "comment_url": "https://facebook.com/10159553651368904",
                    "commenter_id": "1107210462",
                    "commenter_url": "https://facebook.com/john.skippy.9?fref=nf&rc=p",
                    "commenter_name": "John Skippy",
                    "commenter_meta": null,
                    "comment_text": "Derek van Dassen and when those three years (why three?) of investigation (if any) will not reveal any insurgency, will you eat your hat?",
                    "comment_time": "2022-02-09 21:12:45",
                    "comment_image": null,
                    "comment_reactors": [],
                    "comment_reactions": null,
                    "comment_reaction_count": null
                },
                {
                    "comment_id": "10159554396433904",
                    "comment_url": "https://facebook.com/10159554396433904",
                    "commenter_id": "100014001078588",
                    "commenter_url": "https://facebook.com/steve.cobblehoff?fref=nf&rc=p",
                    "commenter_name": "Steve Cobblehoff",
                    "commenter_meta": null,
                    "comment_text": "Hannah Woods not true. You know that.",
                    "comment_time": "2022-02-09 21:12:45",
                    "comment_image": null,
                    "comment_reactors": [],
                    "comment_reactions": null,
                    "comment_reaction_count": null
                }
            ]
        },
        {
            "comment_id": "10159552403313904",
            "comment_url": "https://facebook.com/10159552403313904",
            "commenter_id": "100065102807760",
            "commenter_url": "https://facebook.com/robson.trajano.144?fref=nf&rc=p&refid=52",
            "commenter_name": "Robson Ferreira",
            "commenter_meta": "Top fan",
            "comment_text": "I thought this was a people\u2019s protest, not a right wing one.",
            "comment_time": "2022-02-09 21:12:38",
            "comment_image": null,
            "comment_reactors": [],
            "comment_reactions": null,
            "comment_reaction_count": null,
            "replies": [
                {
                    "comment_id": "10159552414683904",
                    "comment_url": "https://facebook.com/10159552414683904",
                    "commenter_id": "697041119",
                    "commenter_url": "https://facebook.com/mbarnes1007?fref=nf&rc=p",
                    "commenter_name": "Mark Barnes",
                    "commenter_meta": null,
                    "comment_text": "Robson Ferreira since when",
                    "comment_time": "2022-02-09 21:12:46",
                    "comment_image": "https://scontent.xx.fbcdn.net/m1/v/t6/An_UvxJXg9tdnLU3Y5qjPi0200MLilhzPXUgxzGjQzUMaNcmjdZA6anyrngvkdub33NZzZhd51fpCAEzNHFhko5aKRFP5fS1w_lKwYrzcNLupv27.png?ccb=10-5&oh=00_AT9C82irDy7Sn8cI_UEelmRC1FY5K5jw2pfWXlZ8QaKL1g&oe=62246CF9&_nc_sid=55e238",
                    "comment_reactors": [],
                    "comment_reactions": null,
                    "comment_reaction_count": null
                },
                {
                    "comment_id": "10159552416738904",
                    "comment_url": "https://facebook.com/10159552416738904",
                    "commenter_id": "100065102807760",
                    "commenter_url": "https://facebook.com/robson.trajano.144?fref=nf&rc=p",
                    "commenter_name": "Robson Ferreira",
                    "commenter_meta": "Top fan",
                    "comment_text": "Mark Barnes since people involved where asked what kind of protest this is",
                    "comment_time": "2022-02-09 21:12:46",
                    "comment_image": "https://static.xx.fbcdn.net/rsrc.php/v3/y7/r/4bRBCBmu1Q9.png",
                    "comment_reactors": [],
                    "comment_reactions": null,
                    "comment_reaction_count": null
                },
                {
                    "comment_id": "10159552438913904",
                    "comment_url": "https://facebook.com/10159552438913904",
                    "commenter_id": "697041119",
                    "commenter_url": "https://facebook.com/mbarnes1007?fref=nf&rc=p",
                    "commenter_name": "Mark Barnes",
                    "commenter_meta": null,
                    "comment_text": "Robson Ferreira it's was never a people's protest, from the beginning it was organized by right wing western separatist groups / white supremist",
                    "comment_time": "2022-02-09 21:12:46",
                    "comment_image": "https://scontent.xx.fbcdn.net/m1/v/t6/An_UvxJXg9tdnLU3Y5qjPi0200MLilhzPXUgxzGjQzUMaNcmjdZA6anyrngvkdub33NZzZhd51fpCAEzNHFhko5aKRFP5fS1w_lKwYrzcNLupv27.png?ccb=10-5&oh=00_AT9C82irDy7Sn8cI_UEelmRC1FY5K5jw2pfWXlZ8QaKL1g&oe=62246CF9&_nc_sid=55e238",
                    "comment_reactors": [],
                    "comment_reactions": null,
                    "comment_reaction_count": null
                },
                {
                    "comment_id": "10159552443003904",
                    "comment_url": "https://facebook.com/10159552443003904",
                    "commenter_id": "880720477",
                    "commenter_url": "https://facebook.com/gregthomasparke?fref=nf&rc=p",
                    "commenter_name": "Greg Parke",
                    "commenter_meta": null,
                    "comment_text": "Mark Barnes don't forget the some of the founders have ties with white supremacy groups as well",
                    "comment_time": "2022-02-09 21:12:46",
                    "comment_image": "https://scontent.xx.fbcdn.net/m1/v/t6/An_UvxJXg9tdnLU3Y5qjPi0200MLilhzPXUgxzGjQzUMaNcmjdZA6anyrngvkdub33NZzZhd51fpCAEzNHFhko5aKRFP5fS1w_lKwYrzcNLupv27.png?ccb=10-5&oh=00_AT9C82irDy7Sn8cI_UEelmRC1FY5K5jw2pfWXlZ8QaKL1g&oe=62246CF9&_nc_sid=55e238",
                    "comment_reactors": [],
                    "comment_reactions": null,
                    "comment_reaction_count": null
                },
                {
                    "comment_id": "10159552444663904",
                    "comment_url": "https://facebook.com/10159552444663904",
                    "commenter_id": "697041119",
                    "commenter_url": "https://facebook.com/mbarnes1007?fref=nf&rc=p",
                    "commenter_name": "Mark Barnes",
                    "commenter_meta": null,
                    "comment_text": "Greg Parke oh yeah I meant to say that",
                    "comment_time": "2022-02-09 21:12:46",
                    "comment_image": null,
                    "comment_reactors": [],
                    "comment_reactions": null,
                    "comment_reaction_count": null
                },
                {
                    "comment_id": "10159552450133904",
                    "comment_url": "https://facebook.com/10159552450133904",
                    "commenter_id": "100065102807760",
                    "commenter_url": "https://facebook.com/robson.trajano.144?fref=nf&rc=p",
                    "commenter_name": "Robson Ferreira",
                    "commenter_meta": "Top fan",
                    "comment_text": "Mark Barnes well anyway, it pains me to say it but Canada is a white country at the end of the day and I wasn\u2019t born here anyway so I have no say either way.",
                    "comment_time": "2022-02-09 21:12:46",
                    "comment_image": "https://static.xx.fbcdn.net/rsrc.php/v3/y7/r/4bRBCBmu1Q9.png",
                    "comment_reactors": [],
                    "comment_reactions": null,
                    "comment_reaction_count": null
                },
                {
                    "comment_id": "10159552473023904",
                    "comment_url": "https://facebook.com/10159552473023904",
                    "commenter_id": "100053211585845",
                    "commenter_url": "https://facebook.com/profile.php?id=100053211585845&fref=nf&rc=p",
                    "commenter_name": "Shane Jones",
                    "commenter_meta": null,
                    "comment_text": "Greg Parke Funny because when you read the mission statements from these groups they aren't racist at all",
                    "comment_time": "2022-02-09 21:12:46",
                    "comment_image": "https://scontent.xx.fbcdn.net/m1/v/t6/An_F9bJG7govfshSMBkvcRLcxT0jmiXVYKtr7lgH5AHgUrjjpZ1OD0xyxXYgf7arc0lWgCdrR_KN4Mg7RSN3Gm3W6Gg03N1tQ-ZXzVvFJ_KvvB4.png?ccb=10-5&oh=00_AT8ScZKrgCPhmfSgYBZgvnQHv14vvPQpgzOW8DDMFGGodg&oe=62243F67&_nc_sid=55e238",
                    "comment_reactors": [],
                    "comment_reactions": null,
                    "comment_reaction_count": null
                },
                {
                    "comment_id": "10159552483983904",
                    "comment_url": "https://facebook.com/10159552483983904",
                    "commenter_id": "697041119",
                    "commenter_url": "https://facebook.com/mbarnes1007?fref=nf&rc=p",
                    "commenter_name": "Mark Barnes",
                    "commenter_meta": null,
                    "comment_text": "Robson Ferreira Canada is a multi cultural country and therre is no room for white supremist",
                    "comment_time": "2022-02-09 21:12:46",
                    "comment_image": "https://scontent.xx.fbcdn.net/m1/v/t6/An_UvxJXg9tdnLU3Y5qjPi0200MLilhzPXUgxzGjQzUMaNcmjdZA6anyrngvkdub33NZzZhd51fpCAEzNHFhko5aKRFP5fS1w_lKwYrzcNLupv27.png?ccb=10-5&oh=00_AT9C82irDy7Sn8cI_UEelmRC1FY5K5jw2pfWXlZ8QaKL1g&oe=62246CF9&_nc_sid=55e238",
                    "comment_reactors": [],
                    "comment_reactions": null,
                    "comment_reaction_count": null
                },
                {
                    "comment_id": "10159552485368904",
                    "comment_url": "https://facebook.com/10159552485368904",
                    "commenter_id": "697041119",
                    "commenter_url": "https://facebook.com/mbarnes1007?fref=nf&rc=p",
                    "commenter_name": "Mark Barnes",
                    "commenter_meta": null,
                    "comment_text": "Shane Jones yeah and the Masons and KKK aren't racist either.",
                    "comment_time": "2022-02-09 21:12:46",
                    "comment_image": null,
                    "comment_reactors": [],
                    "comment_reactions": null,
                    "comment_reaction_count": null
                },
                {
                    "comment_id": "10159552582753904",
                    "comment_url": "https://facebook.com/10159552582753904",
                    "commenter_id": "100053211585845",
                    "commenter_url": "https://facebook.com/profile.php?id=100053211585845&fref=nf&rc=p",
                    "commenter_name": "Shane Jones",
                    "commenter_meta": null,
                    "comment_text": "Mark Barnes ok boomer \ud83d\udc4c",
                    "comment_time": "2022-02-09 21:12:46",
                    "comment_image": null,
                    "comment_reactors": [],
                    "comment_reactions": null,
                    "comment_reaction_count": null
                },
                {
                    "comment_id": "10159552989658904",
                    "comment_url": "https://facebook.com/10159552989658904",
                    "commenter_id": "697041119",
                    "commenter_url": "https://facebook.com/mbarnes1007?fref=nf&rc=p",
                    "commenter_name": "Mark Barnes",
                    "commenter_meta": null,
                    "comment_text": "Shane Jones lol what's it got to do with being a boomer?",
                    "comment_time": "2022-02-09 21:12:46",
                    "comment_image": null,
                    "comment_reactors": [],
                    "comment_reactions": null,
                    "comment_reaction_count": null
                }
            ]
        },
        {
            "comment_id": "10159552961683904",
            "comment_url": "https://facebook.com/10159552961683904",
            "commenter_id": "1833837913",
            "commenter_url": "https://facebook.com/william.m.brienza?fref=nf&rc=p&refid=52",
            "commenter_name": "William Michael Brienza",
            "commenter_meta": null,
            "comment_text": "Just beware of Tiananmen Square.",
            "comment_time": "2022-02-09 21:12:38",
            "comment_image": null,
            "comment_reactors": [],
            "comment_reactions": null,
            "comment_reaction_count": null,
            "replies": [
                {
                    "comment_id": "10159554409563904",
                    "comment_url": "https://facebook.com/10159554409563904",
                    "commenter_id": "100014001078588",
                    "commenter_url": "https://facebook.com/steve.cobblehoff?fref=nf&rc=p",
                    "commenter_name": "Steve Cobblehoff",
                    "commenter_meta": null,
                    "comment_text": "William Michael Brienza hide in your basement",
                    "comment_time": "2022-02-09 21:12:46",
                    "comment_image": null,
                    "comment_reactors": [],
                    "comment_reactions": null,
                    "comment_reaction_count": null
                }
            ]
        },
        {
            "comment_id": "10159552409693904",
            "comment_url": "https://facebook.com/10159552409693904",
            "commenter_id": "100003106053968",
            "commenter_url": "https://facebook.com/profile.php?id=100003106053968&fref=nf&rc=p&refid=52",
            "commenter_name": "Michael Quinn",
            "commenter_meta": null,
            "comment_text": "So it\u2019s \u201cright wing\u201d to believe in Section 7 of the charter now?",
            "comment_time": "2022-02-09 21:12:38",
            "comment_image": null,
            "comment_reactors": [],
            "comment_reactions": null,
            "comment_reaction_count": null,
            "replies": []
        },
        {
            "comment_id": "10159553253178904",
            "comment_url": "https://facebook.com/10159553253178904",
            "commenter_id": "1104415972",
            "commenter_url": "https://facebook.com/karen.r.congdon?fref=nf&rc=p&refid=52",
            "commenter_name": "Karen Ripley Congdon",
            "commenter_meta": null,
            "comment_text": "They are not trucker they are domestic terrorists and insurgents.",
            "comment_time": "2022-02-09 21:12:38",
            "comment_image": null,
            "comment_reactors": [],
            "comment_reactions": null,
            "comment_reaction_count": null,
            "replies": []
        },
        {
            "comment_id": "10159552779723904",
            "comment_url": "https://facebook.com/10159552779723904",
            "commenter_id": "1028743974",
            "commenter_url": "https://facebook.com/john.shaw.3956?fref=nf&rc=p&refid=52",
            "commenter_name": "John Shaw",
            "commenter_meta": null,
            "comment_text": "I\u2019m not that \u201cright-wing\u201d , but I agree with the protesters that it\u2019s time to dial back the mandates.",
            "comment_time": "2022-02-09 21:12:38",
            "comment_image": null,
            "comment_reactors": [],
            "comment_reactions": null,
            "comment_reaction_count": null,
            "replies": [
                {
                    "comment_id": "10159553653428904",
                    "comment_url": "https://facebook.com/10159553653428904",
                    "commenter_id": "1107210462",
                    "commenter_url": "https://facebook.com/john.skippy.9?fref=nf&rc=p",
                    "commenter_name": "John Skippy",
                    "commenter_meta": null,
                    "comment_text": "John Shaw yes you are. Basically, everyone who does not support official propaganda is \"right wing\". \ud83e\udd23\ud83e\udd23\ud83e\udd23",
                    "comment_time": "2022-02-09 21:12:47",
                    "comment_image": "https://scontent.xx.fbcdn.net/m1/v/t6/An_F9bJG7govfshSMBkvcRLcxT0jmiXVYKtr7lgH5AHgUrjjpZ1OD0xyxXYgf7arc0lWgCdrR_KN4Mg7RSN3Gm3W6Gg03N1tQ-ZXzVvFJ_KvvB4.png?ccb=10-5&oh=00_AT8ScZKrgCPhmfSgYBZgvnQHv14vvPQpgzOW8DDMFGGodg&oe=62243F67&_nc_sid=55e238",
                    "comment_reactors": [],
                    "comment_reactions": null,
                    "comment_reaction_count": null
                },
                {
                    "comment_id": "10159553654998904",
                    "comment_url": "https://facebook.com/10159553654998904",
                    "commenter_id": "1028743974",
                    "commenter_url": "https://facebook.com/john.shaw.3956?fref=nf&rc=p",
                    "commenter_name": "John Shaw",
                    "commenter_meta": null,
                    "comment_text": "John Skippy , right wing and racist.",
                    "comment_time": "2022-02-09 21:12:47",
                    "comment_image": "https://scontent.xx.fbcdn.net/m1/v/t6/An_F9bJG7govfshSMBkvcRLcxT0jmiXVYKtr7lgH5AHgUrjjpZ1OD0xyxXYgf7arc0lWgCdrR_KN4Mg7RSN3Gm3W6Gg03N1tQ-ZXzVvFJ_KvvB4.png?ccb=10-5&oh=00_AT8ScZKrgCPhmfSgYBZgvnQHv14vvPQpgzOW8DDMFGGodg&oe=62243F67&_nc_sid=55e238",
                    "comment_reactors": [],
                    "comment_reactions": null,
                    "comment_reaction_count": null
                },
                {
                    "comment_id": "10159554394393904",
                    "comment_url": "https://facebook.com/10159554394393904",
                    "commenter_id": "100008270582928",
                    "commenter_url": "https://facebook.com/electpaulbell?fref=nf&rc=p",
                    "commenter_name": "Paul Bell",
                    "commenter_meta": null,
                    "comment_text": "John Shaw I'm not an antivaxxer but these clowns keep insisting I am just because I don't want the stupid passports. From now on, I'll be getting all my shots from a guy in the Walmart parking lot I suppose. \ud83d\ude09",
                    "comment_time": "2022-02-09 21:12:47",
                    "comment_image": "https://scontent.xx.fbcdn.net/m1/v/t6/An_UvxJXg9tdnLU3Y5qjPi0200MLilhzPXUgxzGjQzUMaNcmjdZA6anyrngvkdub33NZzZhd51fpCAEzNHFhko5aKRFP5fS1w_lKwYrzcNLupv27.png?ccb=10-5&oh=00_AT9C82irDy7Sn8cI_UEelmRC1FY5K5jw2pfWXlZ8QaKL1g&oe=62246CF9&_nc_sid=55e238",
                    "comment_reactors": [],
                    "comment_reactions": null,
                    "comment_reaction_count": null
                }
            ]
        },
        {
            "comment_id": "10159552398838904",
            "comment_url": "https://facebook.com/10159552398838904",
            "commenter_id": "1324254406",
            "commenter_url": "https://facebook.com/eugene.osudar?fref=nf&rc=p&refid=52",
            "commenter_name": "Eugene Osudar",
            "commenter_meta": null,
            "comment_text": "Putin funding these neo nazis as nato pressures Putin over Ukraine and Balkan states.",
            "comment_time": "2022-02-09 21:12:38",
            "comment_image": null,
            "comment_reactors": [],
            "comment_reactions": null,
            "comment_reaction_count": null,
            "replies": [
                {
                    "comment_id": "10159552867558904",
                    "comment_url": "https://facebook.com/10159552867558904",
                    "commenter_id": "515360454",
                    "commenter_url": "https://facebook.com/john.metcalf.5?fref=nf&rc=p",
                    "commenter_name": "John A Metcalf",
                    "commenter_meta": null,
                    "comment_text": "Eugene Osudar",
                    "comment_time": "2022-02-09 21:12:48",
                    "comment_image": "https://media1.tenor.co/images/255d2bb502fee92b3cdb115304e65ee8/tenor.gif?ver=1112&c=VjFfZmFjZWJvb2tfd2ViY29tbWVudHM&itemid=18004007&fbclid=IwAR1IgOPvC6I4vxN7eS1CVBY6wajA0BF2RdNOjrc6yx-gFYMetIkHGtgGDAM",
                    "comment_reactors": [],
                    "comment_reactions": null,
                    "comment_reaction_count": null
                }
            ]
        },
        {
            "comment_id": "10159553221438904",
            "comment_url": "https://facebook.com/10159553221438904",
            "commenter_id": "100002417842763",
            "commenter_url": "https://facebook.com/andrew.merritt.948?fref=nf&rc=p&refid=52",
            "commenter_name": "Andrew Merritt",
            "commenter_meta": null,
            "comment_text": "It has shown the failure of our education system and objective critical thinking. Although the deep divide is actually the Conservative government itself divided, with a smidge of the far left. The far left and the far right tend to have more in common then they like to admit from a psychological perspective. The far right don't like authority telling them what to do(its why they don't like government up in their private business and the far left don't like government at all. Anarchists. So really we are dealing with dueling egos. This is why the anti vaxx cults tend to use emotional arguments based upon insecurities and misinformation rather then facts and figures. Its really about ones ego. I noticed not only is the antivaxxers have been repeatably shown to be wrong they debate about the right to be wrong under the guise of civil liberties even though its been demonstrated scientifically that by giving in to the anti vaxxers we may worsen the spread with even more mutant strains. Cutting of the nose to spite the face. Do we really want to go there? Pride before the fall? When will the government get back to science(based) based policies instead of all these silly egocentric arguments that have little to do with health measures for the safety of the general public. People before ideologies please.",
            "comment_time": "2022-02-09 21:12:38",
            "comment_image": null,
            "comment_reactors": [],
            "comment_reactions": null,
            "comment_reaction_count": null,
            "replies": []
        }
    ],
    "reactors": null,
    "w3_fb_url": null,
    "reactions": null,
    "reaction_count": null,
    "with": null,
    "page_id": "140961138903",
    "sharers": null,
    "image_id": null,
    "image_ids": [],
    "was_live": false
}