{
    "original_request_url": "10159543563418904",
    "post_url": "https://facebook.com/story.php?story_fbid=10159543563418904&id=140961138903",
    "post_id": "10159543563418904",
    "text": "\u2018Currently travel is impeded at the north part of Hwy 4 where motorists can expect an RCMP escort to the border,\u2019 the Alberta RCMP tweets\n\nTHEGLOBEANDMAIL.COM\nPartial reopening of Alberta border crossing running into problems: RCMP",
    "post_text": "\u2018Currently travel is impeded at the north part of Hwy 4 where motorists can expect an RCMP escort to the border,\u2019 the Alberta RCMP tweets",
    "shared_text": "THEGLOBEANDMAIL.COM\nPartial reopening of Alberta border crossing running into problems: RCMP",
    "original_text": null,
    "time": "2022-02-03 14:54:14",
    "timestamp": 1643900054,
    "image": "https://www.theglobeandmail.com/resizer/sz7H2TG9v_qgBW3g-U3UL5VmFAE=/1200x701/filters:quality(80)/cloudfront-us-east-1.images.arcpublishing.com/tgam/6UUQ7ROENVJARMNRHQ4O6KXWEI.JPG",
    "image_lowquality": "https://external-sea1-1.xx.fbcdn.net/safe_image.php?d=AQFxQuEmnr5oPwob&w=476&h=249&url=https%3A%2F%2Fwww.theglobeandmail.com%2Fresizer%2Fsz7H2TG9v_qgBW3g-U3UL5VmFAE%3D%2F1200x701%2Ffilters%3Aquality%2880%29%2Fcloudfront-us-east-1.images.arcpublishing.com%2Ftgam%2F6UUQ7ROENVJARMNRHQ4O6KXWEI.JPG&cfs=1&jq=75&ext=jpg&_nc_oe=6faba&_nc_sid=06c271&ccb=3-5&_nc_hash=AQFQzmWgwsuNqVT-",
    "images": [
        "https://www.theglobeandmail.com/resizer/sz7H2TG9v_qgBW3g-U3UL5VmFAE=/1200x701/filters:quality(80)/cloudfront-us-east-1.images.arcpublishing.com/tgam/6UUQ7ROENVJARMNRHQ4O6KXWEI.JPG"
    ],
    "images_description": [],
    "images_lowquality": [
        "https://external-sea1-1.xx.fbcdn.net/safe_image.php?d=AQFxQuEmnr5oPwob&w=476&h=249&url=https%3A%2F%2Fwww.theglobeandmail.com%2Fresizer%2Fsz7H2TG9v_qgBW3g-U3UL5VmFAE%3D%2F1200x701%2Ffilters%3Aquality%2880%29%2Fcloudfront-us-east-1.images.arcpublishing.com%2Ftgam%2F6UUQ7ROENVJARMNRHQ4O6KXWEI.JPG&cfs=1&jq=75&ext=jpg&_nc_oe=6faba&_nc_sid=06c271&ccb=3-5&_nc_hash=AQFQzmWgwsuNqVT-"
    ],
    "images_lowquality_description": [
        null
    ],
    "video": null,
    "video_duration_seconds": null,
    "video_height": null,
    "video_id": null,
    "video_quality": null,
    "video_size_MB": null,
    "video_thumbnail": null,
    "video_watches": null,
    "video_width": null,
    "likes": 21,
    "comments": 9,
    "shares": 2,
    "link": "http://www.theglobeandmail.com/canada/article-partial-reopening-of-alberta-border-crossing-running-into-problems/?utm_campaign=sophi-pop&utm_medium=post&utm_source=facebook&fbclid=IwAR0SMhExkdBCa9WyxvW92SGKcqGn56ZuEHynBwWF3Z99Io5FF7dxSYSEGCI",
    "links": [],
    "user_id": "140961138903",
    "username": "The Globe and Mail",
    "user_url": "https://facebook.com/theglobeandmail/?refid=52",
    "is_live": false,
    "factcheck": null,
    "shared_post_id": null,
    "shared_time": null,
    "shared_user_id": null,
    "shared_username": null,
    "shared_post_url": null,
    "available": true,
    "comments_full": [
        {
            "comment_id": "10159544083143904",
            "comment_url": "https://facebook.com/10159544083143904",
            "commenter_id": "707852743",
            "commenter_url": "https://facebook.com/bob.vincent.5249?fref=nf&rc=p&refid=52",
            "commenter_name": "Bob Vincent",
            "commenter_meta": null,
            "comment_text": "The protest ers are trying to assume sway over the policies of national and provincial governments of Canada. They, LIKE ALL OF US, are tired of the restrictions put in place to protect us and to limit the spread of the Covid virus. These include vaccines, masking, separation in public, gathering sizes, immunization passports, border restrictions, travel requirements and a few other things. All of these are in place specifically to protect Canadians from the Covid virus that is STILL OUT THERE and is STILL SERIOUSLY INFECTIOUS and is SATURATING HOSPITAL CAPACITY. It is killing Canadians. We have to keep in mind that the virus is really the root cause of all of the fatigue and protest, and the necessary precautions are only a scape goat. Those restrictions cannot be lifted until the virus causing them to be imposed is eliminated. Protesters demanding they be eliminated before the virus threat is substantially reduced are asking to submit all of us to the virus and to let it devastate the population and the capacity to treat the sick. That is not an exaggeration. Doing nothing to cope with the virus is not an option worthy of consideration. The fact protesters cannot or will not cope with restrictions does not mean the virus has disappeared. The restrictions, therefore, cannot be lifted, and this makes the protest moot. The protest does not matter. The protest is misguided. The protesters need to be educated on the virus if they cannot understand the value of the imposed restrictions, because the protest is just wrong... on so many levels.",
            "comment_time": "2022-02-02 23:29:23",
            "comment_image": null,
            "comment_reactors": [],
            "comment_reactions": null,
            "comment_reaction_count": null,
            "replies": []
        },
        {
            "comment_id": "10159544010348904",
            "comment_url": "https://facebook.com/10159544010348904",
            "commenter_id": "1016312594",
            "commenter_url": "https://facebook.com/dave.gattinger?fref=nf&rc=p&refid=52",
            "commenter_name": "Dave Gattinger",
            "commenter_meta": null,
            "comment_text": "Guess G&M forgot to mention that the truckers did open a lane in good faith and the government decided to go against their word. So the truckers closed it down again.",
            "comment_time": "2022-02-02 23:29:23",
            "comment_image": null,
            "comment_reactors": [],
            "comment_reactions": null,
            "comment_reaction_count": null,
            "replies": []
        },
        {
            "comment_id": "10159543712433904",
            "comment_url": "https://facebook.com/10159543712433904",
            "commenter_id": "666311235",
            "commenter_url": "https://facebook.com/travis.heggie?fref=nf&rc=p&refid=52",
            "commenter_name": "Travis Heggie",
            "commenter_meta": null,
            "comment_text": "You can drive an hour west and cross the border at Del Bonita.",
            "comment_time": "2022-02-02 23:29:23",
            "comment_image": null,
            "comment_reactors": [],
            "comment_reactions": null,
            "comment_reaction_count": null,
            "replies": []
        },
        {
            "comment_id": "10159543830863904",
            "comment_url": "https://facebook.com/10159543830863904",
            "commenter_id": "868920612",
            "commenter_url": "https://facebook.com/sandra.flood.520?fref=nf&rc=p&refid=52",
            "commenter_name": "Sandra Flood",
            "commenter_meta": null,
            "comment_text": "It must be nice to have enough money to buy an expensive truck and then park it for days impeding other people going about their business. Where does the money come from - their own pockets? I don't think so.",
            "comment_time": "2022-02-02 23:29:23",
            "comment_image": null,
            "comment_reactors": [],
            "comment_reactions": null,
            "comment_reaction_count": null,
            "replies": []
        },
        {
            "comment_id": "10159543596288904",
            "comment_url": "https://facebook.com/10159543596288904",
            "commenter_id": "1424624058",
            "commenter_url": "https://facebook.com/Daniel.Malcolm.Carroll?fref=nf&rc=p&refid=52",
            "commenter_name": "Dan Carroll",
            "commenter_meta": null,
            "comment_text": "The people opened a lane as a sign of good faith. The government chose to disregard this and the lane has now been closed again. Mr kenney is free to do his job or quit at any time.",
            "comment_time": "2022-02-02 23:29:23",
            "comment_image": null,
            "comment_reactors": [],
            "comment_reactions": null,
            "comment_reaction_count": null,
            "replies": [
                {
                    "comment_id": "10159543597743904",
                    "comment_url": "https://facebook.com/10159543597743904",
                    "commenter_id": "807608900",
                    "commenter_url": "https://facebook.com/anthony.fornasier?fref=nf&rc=p",
                    "commenter_name": "Anthony Fornasier",
                    "commenter_meta": null,
                    "comment_text": "Dan Carroll They\u2019re breaking the law. The police should be able to do their job and clear them out.",
                    "comment_time": "2022-02-02 23:29:24",
                    "comment_image": "https://scontent.xx.fbcdn.net/m1/v/t6/An_UvxJXg9tdnLU3Y5qjPi0200MLilhzPXUgxzGjQzUMaNcmjdZA6anyrngvkdub33NZzZhd51fpCAEzNHFhko5aKRFP5fS1w_lKwYrzcNLupv27.png?ccb=10-5&oh=00_AT9C82irDy7Sn8cI_UEelmRC1FY5K5jw2pfWXlZ8QaKL1g&oe=62246CF9&_nc_sid=55e238",
                    "comment_reactors": [],
                    "comment_reactions": null,
                    "comment_reaction_count": null
                },
                {
                    "comment_id": "10159543604043904",
                    "comment_url": "https://facebook.com/10159543604043904",
                    "commenter_id": "1424624058",
                    "commenter_url": "https://facebook.com/Daniel.Malcolm.Carroll?fref=nf&rc=p",
                    "commenter_name": "Dan Carroll",
                    "commenter_meta": null,
                    "comment_text": "Justin isn't reading the comments, big guy.",
                    "comment_time": "2022-02-02 23:29:24",
                    "comment_image": null,
                    "comment_reactors": [],
                    "comment_reactions": null,
                    "comment_reaction_count": null
                },
                {
                    "comment_id": "10159543621918904",
                    "comment_url": "https://facebook.com/10159543621918904",
                    "commenter_id": "807608900",
                    "commenter_url": "https://facebook.com/anthony.fornasier?fref=nf&rc=p",
                    "commenter_name": "Anthony Fornasier",
                    "commenter_meta": null,
                    "comment_text": "Dan Carroll Justin has nothing to do with it. These protestors need to respect the law. It\u2019s very simple. The government can\u2019t give it this type of blackmail whether you agree with it or not.\nIt\u2019s not happened before and not likely to happen now.\n\nBesides it\u2019s not just the Canadian government with these vaccine rules. It\u2019s the American one as well.\nSimple solution. Get vaccinated to protect yourself your family and community. Problem solved. End of discussion.",
                    "comment_time": "2022-02-02 23:29:24",
                    "comment_image": "https://scontent.xx.fbcdn.net/m1/v/t6/An_UvxJXg9tdnLU3Y5qjPi0200MLilhzPXUgxzGjQzUMaNcmjdZA6anyrngvkdub33NZzZhd51fpCAEzNHFhko5aKRFP5fS1w_lKwYrzcNLupv27.png?ccb=10-5&oh=00_AT9C82irDy7Sn8cI_UEelmRC1FY5K5jw2pfWXlZ8QaKL1g&oe=62246CF9&_nc_sid=55e238",
                    "comment_reactors": [],
                    "comment_reactions": null,
                    "comment_reaction_count": null
                },
                {
                    "comment_id": "10159543679958904",
                    "comment_url": "https://facebook.com/10159543679958904",
                    "commenter_id": "1424624058",
                    "commenter_url": "https://facebook.com/Daniel.Malcolm.Carroll?fref=nf&rc=p",
                    "commenter_name": "Dan Carroll",
                    "commenter_meta": null,
                    "comment_text": "I notice the vaccine doesn't stop infection.",
                    "comment_time": "2022-02-02 23:29:24",
                    "comment_image": null,
                    "comment_reactors": [],
                    "comment_reactions": null,
                    "comment_reaction_count": null
                },
                {
                    "comment_id": "10159543681063904",
                    "comment_url": "https://facebook.com/10159543681063904",
                    "commenter_id": "1424624058",
                    "commenter_url": "https://facebook.com/Daniel.Malcolm.Carroll?fref=nf&rc=p",
                    "commenter_name": "Dan Carroll",
                    "commenter_meta": null,
                    "comment_text": "Can you describe how the spread of covid by vaccinated people is protecting the community?",
                    "comment_time": "2022-02-02 23:29:24",
                    "comment_image": null,
                    "comment_reactors": [],
                    "comment_reactions": null,
                    "comment_reaction_count": null
                },
                {
                    "comment_id": "10159543699683904",
                    "comment_url": "https://facebook.com/10159543699683904",
                    "commenter_id": "807608900",
                    "commenter_url": "https://facebook.com/anthony.fornasier?fref=nf&rc=p",
                    "commenter_name": "Anthony Fornasier",
                    "commenter_meta": null,
                    "comment_text": "Dan Carroll Read the statistics about transmission, severity and hospitalisation\nrates between vaccinated and unvaccinated.\nAnd then move on to tell me how upset you are that diseases like polio aren\u2019t ravaging your family and community. Like in the good old days.",
                    "comment_time": "2022-02-02 23:29:24",
                    "comment_image": "https://scontent.xx.fbcdn.net/m1/v/t6/An_UvxJXg9tdnLU3Y5qjPi0200MLilhzPXUgxzGjQzUMaNcmjdZA6anyrngvkdub33NZzZhd51fpCAEzNHFhko5aKRFP5fS1w_lKwYrzcNLupv27.png?ccb=10-5&oh=00_AT9C82irDy7Sn8cI_UEelmRC1FY5K5jw2pfWXlZ8QaKL1g&oe=62246CF9&_nc_sid=55e238",
                    "comment_reactors": [],
                    "comment_reactions": null,
                    "comment_reaction_count": null
                },
                {
                    "comment_id": "10159543726373904",
                    "comment_url": "https://facebook.com/10159543726373904",
                    "commenter_id": "1424624058",
                    "commenter_url": "https://facebook.com/Daniel.Malcolm.Carroll?fref=nf&rc=p",
                    "commenter_name": "Dan Carroll",
                    "commenter_meta": null,
                    "comment_text": "Now do alcohol, tobacco, marijuana, gambling and fast food. Why hasn't the government shut down these outlets and filled them with exercise equipment?",
                    "comment_time": "2022-02-02 23:29:24",
                    "comment_image": "https://scontent.xx.fbcdn.net/m1/v/t6/An_UvxJXg9tdnLU3Y5qjPi0200MLilhzPXUgxzGjQzUMaNcmjdZA6anyrngvkdub33NZzZhd51fpCAEzNHFhko5aKRFP5fS1w_lKwYrzcNLupv27.png?ccb=10-5&oh=00_AT9C82irDy7Sn8cI_UEelmRC1FY5K5jw2pfWXlZ8QaKL1g&oe=62246CF9&_nc_sid=55e238",
                    "comment_reactors": [],
                    "comment_reactions": null,
                    "comment_reaction_count": null
                },
                {
                    "comment_id": "10159543730428904",
                    "comment_url": "https://facebook.com/10159543730428904",
                    "commenter_id": "807608900",
                    "commenter_url": "https://facebook.com/anthony.fornasier?fref=nf&rc=p",
                    "commenter_name": "Anthony Fornasier",
                    "commenter_meta": null,
                    "comment_text": "Dan Carroll So you want your kids to have polio. Fine.\nAnd you must be against all no smoking regulations. Ok.\nSounds like you\u2019re also against common sense.",
                    "comment_time": "2022-02-02 23:29:24",
                    "comment_image": "https://scontent.xx.fbcdn.net/m1/v/t6/An_UvxJXg9tdnLU3Y5qjPi0200MLilhzPXUgxzGjQzUMaNcmjdZA6anyrngvkdub33NZzZhd51fpCAEzNHFhko5aKRFP5fS1w_lKwYrzcNLupv27.png?ccb=10-5&oh=00_AT9C82irDy7Sn8cI_UEelmRC1FY5K5jw2pfWXlZ8QaKL1g&oe=62246CF9&_nc_sid=55e238",
                    "comment_reactors": [],
                    "comment_reactions": null,
                    "comment_reaction_count": null
                },
                {
                    "comment_id": "10159543734198904",
                    "comment_url": "https://facebook.com/10159543734198904",
                    "commenter_id": "1424624058",
                    "commenter_url": "https://facebook.com/Daniel.Malcolm.Carroll?fref=nf&rc=p",
                    "commenter_name": "Dan Carroll",
                    "commenter_meta": null,
                    "comment_text": "Lol imagine seeing me point out the hypocrisy of government profiting from tobacco sales and deciding I support smoking somehow.",
                    "comment_time": "2022-02-02 23:29:24",
                    "comment_image": "https://scontent.xx.fbcdn.net/m1/v/t6/An_F9bJG7govfshSMBkvcRLcxT0jmiXVYKtr7lgH5AHgUrjjpZ1OD0xyxXYgf7arc0lWgCdrR_KN4Mg7RSN3Gm3W6Gg03N1tQ-ZXzVvFJ_KvvB4.png?ccb=10-5&oh=00_AT8ScZKrgCPhmfSgYBZgvnQHv14vvPQpgzOW8DDMFGGodg&oe=62243F67&_nc_sid=55e238",
                    "comment_reactors": [],
                    "comment_reactions": null,
                    "comment_reaction_count": null
                },
                {
                    "comment_id": "10159543735873904",
                    "comment_url": "https://facebook.com/10159543735873904",
                    "commenter_id": "1424624058",
                    "commenter_url": "https://facebook.com/Daniel.Malcolm.Carroll?fref=nf&rc=p",
                    "commenter_name": "Dan Carroll",
                    "commenter_meta": null,
                    "comment_text": "Polio had been almost eliminated along with cholera and dysentery by modern plumbing. The polio outbreaks in the 50s were from government operated community swimming pools.",
                    "comment_time": "2022-02-02 23:29:24",
                    "comment_image": "https://scontent.xx.fbcdn.net/m1/v/t6/An_F9bJG7govfshSMBkvcRLcxT0jmiXVYKtr7lgH5AHgUrjjpZ1OD0xyxXYgf7arc0lWgCdrR_KN4Mg7RSN3Gm3W6Gg03N1tQ-ZXzVvFJ_KvvB4.png?ccb=10-5&oh=00_AT8ScZKrgCPhmfSgYBZgvnQHv14vvPQpgzOW8DDMFGGodg&oe=62243F67&_nc_sid=55e238",
                    "comment_reactors": [],
                    "comment_reactions": null,
                    "comment_reaction_count": null
                },
                {
                    "comment_id": "10159543742813904",
                    "comment_url": "https://facebook.com/10159543742813904",
                    "commenter_id": "807608900",
                    "commenter_url": "https://facebook.com/anthony.fornasier?fref=nf&rc=p",
                    "commenter_name": "Anthony Fornasier",
                    "commenter_meta": null,
                    "comment_text": "Dan Carroll You struggle to follow basic logic.\n. Anyway \u2026.. lol. Have a good day. And be kind to anyone you meet.",
                    "comment_time": "2022-02-02 23:29:24",
                    "comment_image": "https://scontent.xx.fbcdn.net/m1/v/t6/An_UvxJXg9tdnLU3Y5qjPi0200MLilhzPXUgxzGjQzUMaNcmjdZA6anyrngvkdub33NZzZhd51fpCAEzNHFhko5aKRFP5fS1w_lKwYrzcNLupv27.png?ccb=10-5&oh=00_AT9C82irDy7Sn8cI_UEelmRC1FY5K5jw2pfWXlZ8QaKL1g&oe=62246CF9&_nc_sid=55e238",
                    "comment_reactors": [],
                    "comment_reactions": null,
                    "comment_reaction_count": null
                },
                {
                    "comment_id": "10159543787298904",
                    "comment_url": "https://facebook.com/10159543787298904",
                    "commenter_id": "1424624058",
                    "commenter_url": "https://facebook.com/Daniel.Malcolm.Carroll?fref=nf&rc=p",
                    "commenter_name": "Dan Carroll",
                    "commenter_meta": null,
                    "comment_text": "I would recommend you do some reading. Turn off the TV. There's no good guys and bad guys in real life.",
                    "comment_time": "2022-02-02 23:29:24",
                    "comment_image": null,
                    "comment_reactors": [],
                    "comment_reactions": null,
                    "comment_reaction_count": null
                },
                {
                    "comment_id": "10159543864753904",
                    "comment_url": "https://facebook.com/10159543864753904",
                    "commenter_id": "807608900",
                    "commenter_url": "https://facebook.com/anthony.fornasier?fref=nf&rc=p",
                    "commenter_name": "Anthony Fornasier",
                    "commenter_meta": null,
                    "comment_text": "Dan Carroll Ok. I\u2019m reading A biography of Abraham Lincoln.",
                    "comment_time": "2022-02-02 23:29:24",
                    "comment_image": "https://scontent.xx.fbcdn.net/m1/v/t6/An_UvxJXg9tdnLU3Y5qjPi0200MLilhzPXUgxzGjQzUMaNcmjdZA6anyrngvkdub33NZzZhd51fpCAEzNHFhko5aKRFP5fS1w_lKwYrzcNLupv27.png?ccb=10-5&oh=00_AT9C82irDy7Sn8cI_UEelmRC1FY5K5jw2pfWXlZ8QaKL1g&oe=62246CF9&_nc_sid=55e238",
                    "comment_reactors": [],
                    "comment_reactions": null,
                    "comment_reaction_count": null
                },
                {
                    "comment_id": "10159543871528904",
                    "comment_url": "https://facebook.com/10159543871528904",
                    "commenter_id": "1424624058",
                    "commenter_url": "https://facebook.com/Daniel.Malcolm.Carroll?fref=nf&rc=p",
                    "commenter_name": "Dan Carroll",
                    "commenter_meta": null,
                    "comment_text": "Does it cover little crows war? Thats my favourite Lincoln story.",
                    "comment_time": "2022-02-02 23:29:24",
                    "comment_image": null,
                    "comment_reactors": [],
                    "comment_reactions": null,
                    "comment_reaction_count": null
                }
            ]
        },
        {
            "comment_id": "10159543644263904",
            "comment_url": "https://facebook.com/10159543644263904",
            "commenter_id": "692472815",
            "commenter_url": "https://facebook.com/devon.kruggel?fref=nf&rc=p&refid=52",
            "commenter_name": "Devon Kruggel",
            "commenter_meta": "Top fan",
            "comment_text": "The truckers and their supporters will never, ever be able to say natives don't have a right to blockade a road now. If you can do it, so can they.",
            "comment_time": "2022-02-02 23:29:23",
            "comment_image": null,
            "comment_reactors": [],
            "comment_reactions": null,
            "comment_reaction_count": null,
            "replies": []
        },
        {
            "comment_id": "10159543635793904",
            "comment_url": "https://facebook.com/10159543635793904",
            "commenter_id": "588708592",
            "commenter_url": "https://facebook.com/bill.ferguson.507?fref=nf&rc=p&refid=52",
            "commenter_name": "Bill Ferguson",
            "commenter_meta": null,
            "comment_text": "Well, that's progress. Instead of blockade, they've been moved to a slowdown.",
            "comment_time": "2022-02-02 23:29:23",
            "comment_image": null,
            "comment_reactors": [],
            "comment_reactions": null,
            "comment_reaction_count": null,
            "replies": []
        },
        {
            "comment_id": "10159543620328904",
            "comment_url": "https://facebook.com/10159543620328904",
            "commenter_id": "100009445940896",
            "commenter_url": "https://facebook.com/profile.php?id=100009445940896&fref=nf&rc=p&refid=52",
            "commenter_name": "David Wale",
            "commenter_meta": null,
            "comment_text": "Children need to go home ffs",
            "comment_time": "2022-02-02 23:29:23",
            "comment_image": null,
            "comment_reactors": [],
            "comment_reactions": null,
            "comment_reaction_count": null,
            "replies": []
        },
        {
            "comment_id": "10159543849523904",
            "comment_url": "https://facebook.com/10159543849523904",
            "commenter_id": "100000390521198",
            "commenter_url": "https://facebook.com/keith.hendrickson.77?fref=nf&rc=p&refid=52",
            "commenter_name": "Hendrickson Keith",
            "commenter_meta": null,
            "comment_text": "The only thing that will perish.. is patience , there\u2019s more than one crossing . What little it takes to really f things up. Who knew",
            "comment_time": "2022-02-02 23:29:23",
            "comment_image": null,
            "comment_reactors": [],
            "comment_reactions": null,
            "comment_reaction_count": null,
            "replies": []
        }
    ],
    "reactors": null,
    "w3_fb_url": null,
    "reactions": null,
    "reaction_count": null,
    "with": null,
    "page_id": "140961138903",
    "sharers": null,
    "image_id": null,
    "image_ids": [],
    "was_live": false
}