{
    "original_request_url": "10159552335618904",
    "post_url": "https://facebook.com/story.php?story_fbid=10159552335618904&id=140961138903",
    "post_id": "10159552335618904",
    "text": "City mayor says 1,800 additional personnel required to \u2018quell the insurrection\u2019 police are unable \u2018to contain\u2019\n\nTHEGLOBEANDMAIL.COM\nOttawa mayor wants more help \u2018to take back the streets\u2019",
    "post_text": "City mayor says 1,800 additional personnel required to \u2018quell the insurrection\u2019 police are unable \u2018to contain\u2019",
    "shared_text": "THEGLOBEANDMAIL.COM\nOttawa mayor wants more help \u2018to take back the streets\u2019",
    "original_text": null,
    "time": "2022-02-08 02:38:58",
    "timestamp": 1644287938,
    "image": "https://www.theglobeandmail.com/resizer/1fvUM0aibR5m-zFE4aXn6beB-3Y=/1200x800/filters:quality(80)/cloudfront-us-east-1.images.arcpublishing.com/tgam/KBQX6IAONJIY5ECYUSV7TM7Y4A.JPG",
    "image_lowquality": "https://external-sea1-1.xx.fbcdn.net/safe_image.php?d=AQHbFoMzDlCLKGBM&w=476&h=249&url=https%3A%2F%2Fwww.theglobeandmail.com%2Fresizer%2F1fvUM0aibR5m-zFE4aXn6beB-3Y%3D%2F1200x800%2Ffilters%3Aquality%2880%29%2Fcloudfront-us-east-1.images.arcpublishing.com%2Ftgam%2FKBQX6IAONJIY5ECYUSV7TM7Y4A.JPG&cfs=1&jq=75&ext=jpg&_nc_oe=6fab9&_nc_sid=06c271&ccb=3-5&_nc_hash=AQEpQ7iXd7jeMF2v",
    "images": [
        "https://www.theglobeandmail.com/resizer/1fvUM0aibR5m-zFE4aXn6beB-3Y=/1200x800/filters:quality(80)/cloudfront-us-east-1.images.arcpublishing.com/tgam/KBQX6IAONJIY5ECYUSV7TM7Y4A.JPG"
    ],
    "images_description": [],
    "images_lowquality": [
        "https://external-sea1-1.xx.fbcdn.net/safe_image.php?d=AQHbFoMzDlCLKGBM&w=476&h=249&url=https%3A%2F%2Fwww.theglobeandmail.com%2Fresizer%2F1fvUM0aibR5m-zFE4aXn6beB-3Y%3D%2F1200x800%2Ffilters%3Aquality%2880%29%2Fcloudfront-us-east-1.images.arcpublishing.com%2Ftgam%2FKBQX6IAONJIY5ECYUSV7TM7Y4A.JPG&cfs=1&jq=75&ext=jpg&_nc_oe=6fab9&_nc_sid=06c271&ccb=3-5&_nc_hash=AQEpQ7iXd7jeMF2v"
    ],
    "images_lowquality_description": [
        null
    ],
    "video": null,
    "video_duration_seconds": null,
    "video_height": null,
    "video_id": null,
    "video_quality": null,
    "video_size_MB": null,
    "video_thumbnail": null,
    "video_watches": null,
    "video_width": null,
    "likes": 140,
    "comments": 31,
    "shares": 6,
    "link": "http://www.theglobeandmail.com/politics/article-ottawa-mayor-wants-more-help-to-take-back-the-streets/?utm_campaign=sophi-pop&utm_medium=post&utm_source=facebook&fbclid=IwAR22DWkW9Del9TTqOvJ8Qs9EwBr7NCxAyLrv023_kcdsX8uTpUtOd1aDHJc",
    "links": [],
    "user_id": "140961138903",
    "username": "The Globe and Mail",
    "user_url": "https://facebook.com/theglobeandmail/?refid=52",
    "is_live": false,
    "factcheck": null,
    "shared_post_id": null,
    "shared_time": null,
    "shared_user_id": null,
    "shared_username": null,
    "shared_post_url": null,
    "available": true,
    "comments_full": [
        {
            "comment_id": "10159552393638904",
            "comment_url": "https://facebook.com/10159552393638904",
            "commenter_id": "530943021",
            "commenter_url": "https://facebook.com/michelle.meinhardt.1?fref=nf&rc=p&refid=52",
            "commenter_name": "Michelle Meinhardt",
            "commenter_meta": null,
            "comment_text": "Street party at best but insurrection\u2026no\n. \ud83e\udd14\ud83d\ude06",
            "comment_time": "2022-02-09 22:31:00",
            "comment_image": null,
            "comment_reactors": [],
            "comment_reactions": null,
            "comment_reaction_count": null,
            "replies": [
                {
                    "comment_id": "10159553444648904",
                    "comment_url": "https://facebook.com/10159553444648904",
                    "commenter_id": "806355549",
                    "commenter_url": "https://facebook.com/joanne.johnsonmeyers?fref=nf&rc=p",
                    "commenter_name": "Joanne Johnson-Meyers",
                    "commenter_meta": null,
                    "comment_text": "Michelle Meinhardt right they want to keep that WOOL over your eyes .... Just dancing loving happy people .... That go home each night .... It is the hangers on ovcupying ottawa streets .. Where is chages ... Pawn",
                    "comment_time": "2022-02-09 22:31:03",
                    "comment_image": null,
                    "comment_reactors": [],
                    "comment_reactions": null,
                    "comment_reaction_count": null
                }
            ]
        },
        {
            "comment_id": "10159552953823904",
            "comment_url": "https://facebook.com/10159552953823904",
            "commenter_id": "528143162",
            "commenter_url": "https://facebook.com/ray.usher.9?fref=nf&rc=p&refid=52",
            "commenter_name": "Ray Usher",
            "commenter_meta": null,
            "comment_text": "People just can\u2019t see that Communism is taking over this country . This a freedom convoy for all of us our kids and grandkids . The great reset plan is moving on from the man made pandemic that slowly took away peoples rights believing they were and are doing the right thing. These truckers are standing up for our freedoms they would rather be working making money or home with their family\u2019s not parked on some street or highway standing up for all our Canadians freedom .",
            "comment_time": "2022-02-09 22:31:00",
            "comment_image": null,
            "comment_reactors": [],
            "comment_reactions": null,
            "comment_reaction_count": null,
            "replies": []
        },
        {
            "comment_id": "10159552355508904",
            "comment_url": "https://facebook.com/10159552355508904",
            "commenter_id": "100002798409005",
            "commenter_url": "https://facebook.com/profile.php?id=100002798409005&fref=nf&rc=p&refid=52",
            "commenter_name": "Shirley D. Johnson",
            "commenter_meta": null,
            "comment_text": "Get the RCMP from B.C. off CGL guard duty!",
            "comment_time": "2022-02-09 22:31:00",
            "comment_image": null,
            "comment_reactors": [],
            "comment_reactions": null,
            "comment_reaction_count": null,
            "replies": []
        },
        {
            "comment_id": "10159552354778904",
            "comment_url": "https://facebook.com/10159552354778904",
            "commenter_id": "100000403707387",
            "commenter_url": "https://facebook.com/jordan.hein.12?fref=nf&rc=p&refid=52",
            "commenter_name": "Jay Hiner",
            "commenter_meta": null,
            "comment_text": "The best is yet to come. Reinforcements are coming.",
            "comment_time": "2022-02-09 22:31:00",
            "comment_image": null,
            "comment_reactors": [],
            "comment_reactions": null,
            "comment_reaction_count": null,
            "replies": []
        },
        {
            "comment_id": "10159553253448904",
            "comment_url": "https://facebook.com/10159553253448904",
            "commenter_id": "576861189",
            "commenter_url": "https://facebook.com/roland.lacey.5?fref=nf&rc=p&refid=52",
            "commenter_name": "Roland Lacey",
            "commenter_meta": "Top fan",
            "comment_text": "I have to wonder at the mentality or lack of education perhaps of some of the people commenting on here about communism. It seems they absolutely no idea what they are talking about",
            "comment_time": "2022-02-09 22:31:00",
            "comment_image": null,
            "comment_reactors": [],
            "comment_reactions": null,
            "comment_reaction_count": null,
            "replies": []
        },
        {
            "comment_id": "10159552382823904",
            "comment_url": "https://facebook.com/10159552382823904",
            "commenter_id": "1429045033",
            "commenter_url": "https://facebook.com/gale.stewart3?fref=nf&rc=p&refid=52",
            "commenter_name": "Gale Stewart",
            "commenter_meta": null,
            "comment_text": "This is beyond sick....THIS WILL END SHAME ON U ALL",
            "comment_time": "2022-02-09 22:31:00",
            "comment_image": null,
            "comment_reactors": [],
            "comment_reactions": null,
            "comment_reaction_count": null,
            "replies": [
                {
                    "comment_id": "10159552949593904",
                    "comment_url": "https://facebook.com/10159552949593904",
                    "commenter_id": "100014924973528",
                    "commenter_url": "https://facebook.com/zane.grey.3954?fref=nf&rc=p",
                    "commenter_name": "Zane Grey",
                    "commenter_meta": null,
                    "comment_text": "Gale Stewart Whether you agree with the cause of these protests or not these protests are demonstrating the best of Canada, Thousands marching in peace displaying our flag and their pride in our nation. It is sad that many who supported far more violent protests are now condemning a peaceful one. It is sad that burning a dozen churches got less condemnation than a few few pee stains in the snow. It is sad that draping a Canadian flag on a statue got more condemnation than the destruction of hundreds of other monuments. But it is joyous to see that there is a peaceful non destructive way to get your message out hopefully other protesters follow the lead of this protest",
                    "comment_time": "2022-02-09 22:31:04",
                    "comment_image": "https://scontent.xx.fbcdn.net/m1/v/t6/An_UvxJXg9tdnLU3Y5qjPi0200MLilhzPXUgxzGjQzUMaNcmjdZA6anyrngvkdub33NZzZhd51fpCAEzNHFhko5aKRFP5fS1w_lKwYrzcNLupv27.png?ccb=10-5&oh=00_AT9C82irDy7Sn8cI_UEelmRC1FY5K5jw2pfWXlZ8QaKL1g&oe=62246CF9&_nc_sid=55e238",
                    "comment_reactors": [],
                    "comment_reactions": null,
                    "comment_reaction_count": null
                },
                {
                    "comment_id": "10159553159968904",
                    "comment_url": "https://facebook.com/10159553159968904",
                    "commenter_id": "1429045033",
                    "commenter_url": "https://facebook.com/gale.stewart3?fref=nf&rc=p",
                    "commenter_name": "Gale Stewart",
                    "commenter_meta": null,
                    "comment_text": "Zane Grey do what u think is right...freedom",
                    "comment_time": "2022-02-09 22:31:04",
                    "comment_image": null,
                    "comment_reactors": [],
                    "comment_reactions": null,
                    "comment_reaction_count": null
                },
                {
                    "comment_id": "10159553449423904",
                    "comment_url": "https://facebook.com/10159553449423904",
                    "commenter_id": "806355549",
                    "commenter_url": "https://facebook.com/joanne.johnsonmeyers?fref=nf&rc=p",
                    "commenter_name": "Joanne Johnson-Meyers",
                    "commenter_meta": null,
                    "comment_text": "Zane Grey the best of Canada .... Is watch waiting ... For you all to finally be removed ... And Orgainizers \" freedom convoy\" should be charged with treason and trying to overthrow the government and rot in jail",
                    "comment_time": "2022-02-09 22:31:04",
                    "comment_image": null,
                    "comment_reactors": [],
                    "comment_reactions": null,
                    "comment_reaction_count": null
                }
            ]
        },
        {
            "comment_id": "10159552413903904",
            "comment_url": "https://facebook.com/10159552413903904",
            "commenter_id": "567251380",
            "commenter_url": "https://facebook.com/angela.interiors?fref=nf&rc=p&refid=52",
            "commenter_name": "Angela Clarke",
            "commenter_meta": null,
            "comment_text": "Canadians are trying to take back their country and FREEDOM. Politicians seem to have forgotten they work for the people!",
            "comment_time": "2022-02-09 22:31:00",
            "comment_image": null,
            "comment_reactors": [],
            "comment_reactions": null,
            "comment_reaction_count": null,
            "replies": [
                {
                    "comment_id": "10159552830948904",
                    "comment_url": "https://facebook.com/10159552830948904",
                    "commenter_id": "633430887",
                    "commenter_url": "https://facebook.com/Barlingwood?fref=nf&rc=p",
                    "commenter_name": "Alex Bunker",
                    "commenter_meta": null,
                    "comment_text": "Carey Closs it was an issue that was discussed in the campaign two parties opposed vaccine mandates (Con and PPC) and four supported (green, bloc, lib, NDP) the mandate supporting parties won.",
                    "comment_time": "2022-02-09 22:31:06",
                    "comment_image": "https://scontent.xx.fbcdn.net/m1/v/t6/An_UvxJXg9tdnLU3Y5qjPi0200MLilhzPXUgxzGjQzUMaNcmjdZA6anyrngvkdub33NZzZhd51fpCAEzNHFhko5aKRFP5fS1w_lKwYrzcNLupv27.png?ccb=10-5&oh=00_AT9C82irDy7Sn8cI_UEelmRC1FY5K5jw2pfWXlZ8QaKL1g&oe=62246CF9&_nc_sid=55e238",
                    "comment_reactors": [],
                    "comment_reactions": null,
                    "comment_reaction_count": null
                },
                {
                    "comment_id": "10159552932128904",
                    "comment_url": "https://facebook.com/10159552932128904",
                    "commenter_id": "596425799",
                    "commenter_url": "https://facebook.com/andrew.karvonen.9?fref=nf&rc=p",
                    "commenter_name": "Andrew Karvonen",
                    "commenter_meta": null,
                    "comment_text": "Carey Closs the mandates were in full effect during the last election and one party\u2026the wing nut PPC literally ran no mandates as pretty much their only platform and got single digit support from Canadians. I guess democracy doesn\u2019t matter to the flu trucks clan.",
                    "comment_time": "2022-02-09 22:31:06",
                    "comment_image": "https://scontent.xx.fbcdn.net/m1/v/t6/An_UvxJXg9tdnLU3Y5qjPi0200MLilhzPXUgxzGjQzUMaNcmjdZA6anyrngvkdub33NZzZhd51fpCAEzNHFhko5aKRFP5fS1w_lKwYrzcNLupv27.png?ccb=10-5&oh=00_AT9C82irDy7Sn8cI_UEelmRC1FY5K5jw2pfWXlZ8QaKL1g&oe=62246CF9&_nc_sid=55e238",
                    "comment_reactors": [],
                    "comment_reactions": null,
                    "comment_reaction_count": null
                },
                {
                    "comment_id": "10159552935398904",
                    "comment_url": "https://facebook.com/10159552935398904",
                    "commenter_id": "633430887",
                    "commenter_url": "https://facebook.com/Barlingwood?fref=nf&rc=p",
                    "commenter_name": "Alex Bunker",
                    "commenter_meta": null,
                    "comment_text": "Andrew Karvonen \"flu trucks clan\" ROFL! I have to warn you now that I totally intend to steal that!",
                    "comment_time": "2022-02-09 22:31:06",
                    "comment_image": "https://scontent.xx.fbcdn.net/m1/v/t6/An_UvxJXg9tdnLU3Y5qjPi0200MLilhzPXUgxzGjQzUMaNcmjdZA6anyrngvkdub33NZzZhd51fpCAEzNHFhko5aKRFP5fS1w_lKwYrzcNLupv27.png?ccb=10-5&oh=00_AT9C82irDy7Sn8cI_UEelmRC1FY5K5jw2pfWXlZ8QaKL1g&oe=62246CF9&_nc_sid=55e238",
                    "comment_reactors": [],
                    "comment_reactions": null,
                    "comment_reaction_count": null
                },
                {
                    "comment_id": "10159552945278904",
                    "comment_url": "https://facebook.com/10159552945278904",
                    "commenter_id": "823494613",
                    "commenter_url": "https://facebook.com/carey.closs?fref=nf&rc=p",
                    "commenter_name": "Carey Closs",
                    "commenter_meta": null,
                    "comment_text": "Andrew Karvonen The Ppc's vote was about 5% last election. That was a significant jump from the 2019 election and not a bad result for a a party that was barely 3 years old. They received more than double the votes of the Greens who have been around since 1983.",
                    "comment_time": "2022-02-09 22:31:06",
                    "comment_image": null,
                    "comment_reactors": [],
                    "comment_reactions": null,
                    "comment_reaction_count": null
                },
                {
                    "comment_id": "10159552947123904",
                    "comment_url": "https://facebook.com/10159552947123904",
                    "commenter_id": "633430887",
                    "commenter_url": "https://facebook.com/Barlingwood?fref=nf&rc=p",
                    "commenter_name": "Alex Bunker",
                    "commenter_meta": null,
                    "comment_text": "Carey Closs so what 5% of the population wants must be heeded, whatever the other 95% want? that sounds like oppression to me...",
                    "comment_time": "2022-02-09 22:31:06",
                    "comment_image": null,
                    "comment_reactors": [],
                    "comment_reactions": null,
                    "comment_reaction_count": null
                },
                {
                    "comment_id": "10159552953648904",
                    "comment_url": "https://facebook.com/10159552953648904",
                    "commenter_id": "823494613",
                    "commenter_url": "https://facebook.com/carey.closs?fref=nf&rc=p",
                    "commenter_name": "Carey Closs",
                    "commenter_meta": null,
                    "comment_text": "Alex Bunker I was correcting his error.\n\n95% of the population is not in favor of vaccine mandates. Where are you getting that idea from? A recent Angus Reid poll showed that 54% of the population want ALL mandates to end. So if majority rule is the standard by which you judge the mandates legitimacy, then it's time to put an end to them.",
                    "comment_time": "2022-02-09 22:31:06",
                    "comment_image": null,
                    "comment_reactors": [],
                    "comment_reactions": null,
                    "comment_reaction_count": null
                },
                {
                    "comment_id": "10159552958543904",
                    "comment_url": "https://facebook.com/10159552958543904",
                    "commenter_id": "633430887",
                    "commenter_url": "https://facebook.com/Barlingwood?fref=nf&rc=p",
                    "commenter_name": "Alex Bunker",
                    "commenter_meta": null,
                    "comment_text": "Carey Closs no about 2/3 of Canadians support vaccine mandates: https://\nwww.hilltimes.co\nm/2022/02/07/\ntruckers-protest\n-reflects-rise-\nin-disruption-p\nolitics-increas\ning-polarizatio\nn-say-political\n-insiders/\n342272",
                    "comment_time": "2022-02-09 22:31:06",
                    "comment_image": "https://www.hilltimes.com/2022/02/07/truckers-protest-reflects-rise-in-disruption-politics-increasing-polarization-say-political-insiders/342272?fbclid=IwAR3RI_SbMvn608eGmM3EcaSDWRBAoUEmrhwpCk4XDAbpgtMOOIGYF3BUKf8",
                    "comment_reactors": [],
                    "comment_reactions": null,
                    "comment_reaction_count": null
                },
                {
                    "comment_id": "10159552960493904",
                    "comment_url": "https://facebook.com/10159552960493904",
                    "commenter_id": "596425799",
                    "commenter_url": "https://facebook.com/andrew.karvonen.9?fref=nf&rc=p",
                    "commenter_name": "Andrew Karvonen",
                    "commenter_meta": null,
                    "comment_text": "Carey Closs yes all of us want mandates lifted. Most of us want it done based on the advise of experts not petulant truckers.",
                    "comment_time": "2022-02-09 22:31:06",
                    "comment_image": null,
                    "comment_reactors": [],
                    "comment_reactions": null,
                    "comment_reaction_count": null
                },
                {
                    "comment_id": "10159552967853904",
                    "comment_url": "https://facebook.com/10159552967853904",
                    "commenter_id": "633430887",
                    "commenter_url": "https://facebook.com/Barlingwood?fref=nf&rc=p",
                    "commenter_name": "Alex Bunker",
                    "commenter_meta": null,
                    "comment_text": "thats precisely what is so inane about all this: everyone knows we are 2-3 weeks away from all restrictions being lifted. They just wanted a last tantrum so they can say \"we won\" when the experts give the advice it looks about 80% they will in a few weeks time. the priority of course is removing all restrictions on the responsible among us who got vaccinated, so the vaccine mandates can stay for a while when all the others are lifted.",
                    "comment_time": "2022-02-09 22:31:06",
                    "comment_image": "https://scontent.xx.fbcdn.net/m1/v/t6/An_UvxJXg9tdnLU3Y5qjPi0200MLilhzPXUgxzGjQzUMaNcmjdZA6anyrngvkdub33NZzZhd51fpCAEzNHFhko5aKRFP5fS1w_lKwYrzcNLupv27.png?ccb=10-5&oh=00_AT9C82irDy7Sn8cI_UEelmRC1FY5K5jw2pfWXlZ8QaKL1g&oe=62246CF9&_nc_sid=55e238",
                    "comment_reactors": [],
                    "comment_reactions": null,
                    "comment_reaction_count": null
                },
                {
                    "comment_id": "10159552971383904",
                    "comment_url": "https://facebook.com/10159552971383904",
                    "commenter_id": "823494613",
                    "commenter_url": "https://facebook.com/carey.closs?fref=nf&rc=p",
                    "commenter_name": "Carey Closs",
                    "commenter_meta": null,
                    "comment_text": "Alex Bunker https://\ntorontosun.com/\nnews/national/\nmajority-of-cana\ndians-want-covi\nd-restrictions-\nlifted-poll",
                    "comment_time": "2022-02-09 22:31:06",
                    "comment_image": "https://torontosun.com/news/national/majority-of-canadians-want-covid-restrictions-lifted-poll?fbclid=IwAR1TNBWs_v1b-28NTOAaYRRR8bt8TngRgwuAl_TNIWoz_YVKY7G8nXHJ-Bg",
                    "comment_reactors": [],
                    "comment_reactions": null,
                    "comment_reaction_count": null
                },
                {
                    "comment_id": "10159553257503904",
                    "comment_url": "https://facebook.com/10159553257503904",
                    "commenter_id": "823494613",
                    "commenter_url": "https://facebook.com/carey.closs?fref=nf&rc=p",
                    "commenter_name": "Carey Closs",
                    "commenter_meta": null,
                    "comment_text": "Andrew Karvonen Yes but because you live in an echo chamber, you assume that all experts agree with the mandates when in fact they do not. There's been numerous experts saying from day one that the mandates were a mistake but they've either been given very little attention in the media or have been vilified for speaking against the narrative.",
                    "comment_time": "2022-02-09 22:31:06",
                    "comment_image": "https://scontent.xx.fbcdn.net/m1/v/t6/An_F9bJG7govfshSMBkvcRLcxT0jmiXVYKtr7lgH5AHgUrjjpZ1OD0xyxXYgf7arc0lWgCdrR_KN4Mg7RSN3Gm3W6Gg03N1tQ-ZXzVvFJ_KvvB4.png?ccb=10-5&oh=00_AT8ScZKrgCPhmfSgYBZgvnQHv14vvPQpgzOW8DDMFGGodg&oe=62243F67&_nc_sid=55e238",
                    "comment_reactors": [],
                    "comment_reactions": null,
                    "comment_reaction_count": null
                },
                {
                    "comment_id": "10159553264448904",
                    "comment_url": "https://facebook.com/10159553264448904",
                    "commenter_id": "596425799",
                    "commenter_url": "https://facebook.com/andrew.karvonen.9?fref=nf&rc=p",
                    "commenter_name": "Andrew Karvonen",
                    "commenter_meta": null,
                    "comment_text": "Carey Closs like in all things there are always fringe elements. You see this in global warming deniers, evolution deniers, antivaxxers, and politics. If they want to be taken serious they need to bring forward their peer reviewed information and let it be assessed. That is how science works. Until that it is just hearsay and noise. This is actually one of the main problems we have in society. People think their opinions are just as valid as scientific evidence and peer reviewed data. Like I have always said on a topic I study. If someone has evidence against anthropogenic climate change. Bring it forward, let it be peer reviewed and collect your Nobel prize, fame, and multimillion dollar prize\u2026.the problem is they can\u2019t. Same thing for those who deny vaccinations work and those who think life in the planet has not evolved from simple life forms to what we see today.",
                    "comment_time": "2022-02-09 22:31:06",
                    "comment_image": "https://scontent.xx.fbcdn.net/m1/v/t6/An_UvxJXg9tdnLU3Y5qjPi0200MLilhzPXUgxzGjQzUMaNcmjdZA6anyrngvkdub33NZzZhd51fpCAEzNHFhko5aKRFP5fS1w_lKwYrzcNLupv27.png?ccb=10-5&oh=00_AT9C82irDy7Sn8cI_UEelmRC1FY5K5jw2pfWXlZ8QaKL1g&oe=62246CF9&_nc_sid=55e238",
                    "comment_reactors": [],
                    "comment_reactions": null,
                    "comment_reaction_count": null
                },
                {
                    "comment_id": "10159553271388904",
                    "comment_url": "https://facebook.com/10159553271388904",
                    "commenter_id": "633430887",
                    "commenter_url": "https://facebook.com/Barlingwood?fref=nf&rc=p",
                    "commenter_name": "Alex Bunker",
                    "commenter_meta": null,
                    "comment_text": "Andrew Karvonen yeah exactly like 10 years ago there was all this \u201chere is 100 scientists who don\u2019t believe in global warming/\nevolution etc\u2026\u201d you can find 100 people who could loosely be referred to as \u201cscientists\u201d who believe in whatever nonsense you want. Off the top of my head I can think of Nobel laureates who believe in eugenics, ESP, races have different IQs, women are inherently less intelligent than men etc\u2026",
                    "comment_time": "2022-02-09 22:31:06",
                    "comment_image": "https://scontent.xx.fbcdn.net/m1/v/t6/An_UvxJXg9tdnLU3Y5qjPi0200MLilhzPXUgxzGjQzUMaNcmjdZA6anyrngvkdub33NZzZhd51fpCAEzNHFhko5aKRFP5fS1w_lKwYrzcNLupv27.png?ccb=10-5&oh=00_AT9C82irDy7Sn8cI_UEelmRC1FY5K5jw2pfWXlZ8QaKL1g&oe=62246CF9&_nc_sid=55e238",
                    "comment_reactors": [],
                    "comment_reactions": null,
                    "comment_reaction_count": null
                },
                {
                    "comment_id": "10159553286093904",
                    "comment_url": "https://facebook.com/10159553286093904",
                    "commenter_id": "823494613",
                    "commenter_url": "https://facebook.com/carey.closs?fref=nf&rc=p",
                    "commenter_name": "Carey Closs",
                    "commenter_meta": null,
                    "comment_text": "Andrew Karvonen Calling professors from Harvard and Oxford and Nobel laureates fringe is just a little absurd. Certainly there\u2019s the possibility that they may be mistaken but it\u2019s not fair to label them fringe. Scientists disagree all the time after all. It is the norm, it\u2019s part of the process and it\u2019s how we get better results. Disagreements among scientists generally don\u2019t lead to them being labelled fringe unless the issue has been politicized and that is definitely true of Covid.\n\nPeer review is a lengthy process. It can take more than a year. Public health officials have been making decisions on the fly since day one. They\u2019re certainly not sitting around waiting for the latest peer reviews study to guide their decisions. Why are their critics held to that standard when they are not? Furthermore, a peer reviewed study doesn\u2019t mean it\u2019s certified true. The bottom line is we should be hearing a rigorous scientific debate instead of being told the science is whatever public health officials say.\n\nYou\u2019re rally just going with the same old liberal talking points. Say the science is settled and that there\u2019s a consensus. There\u2019s only a few fringe scientists who are opposed. Vilify and question their ethics and credentials if they speak out. Repeat over and over.",
                    "comment_time": "2022-02-09 22:31:06",
                    "comment_image": null,
                    "comment_reactors": [],
                    "comment_reactions": null,
                    "comment_reaction_count": null
                },
                {
                    "comment_id": "10159553305438904",
                    "comment_url": "https://facebook.com/10159553305438904",
                    "commenter_id": "596425799",
                    "commenter_url": "https://facebook.com/andrew.karvonen.9?fref=nf&rc=p",
                    "commenter_name": "Andrew Karvonen",
                    "commenter_meta": null,
                    "comment_text": "Carey Closs I am a scientist\u2026..how\nabout you? You clearly miss the point. Some science is absolutely settled by the way. The earth is round. We orbit the sun. Vaccines work. The data to show that COVID vaccines reduce the spread, limit likelihood of mutations, and reduce severity of infections is overwhelming. Send me a peer reviewed journal article that shows this is not the case. We have more data on this than probably any other I have ever seen. In this case we have a global dataset with billions of datapoints. The simple fact is you are wrong. You can think they don\u2019t do anything but that isn\u2019t supported by the data. Regardless\u2026.man\ndates will be down as they have been coming down for weeks. It will have nothing to do with uniformed truckers. Have a good day.",
                    "comment_time": "2022-02-09 22:31:06",
                    "comment_image": null,
                    "comment_reactors": [],
                    "comment_reactions": null,
                    "comment_reaction_count": null
                },
                {
                    "comment_id": "10159553316923904",
                    "comment_url": "https://facebook.com/10159553316923904",
                    "commenter_id": "633430887",
                    "commenter_url": "https://facebook.com/Barlingwood?fref=nf&rc=p",
                    "commenter_name": "Alex Bunker",
                    "commenter_meta": null,
                    "comment_text": "Carey Closs I am also a scientist. A pharmaceutical researcher in fact \ud83d\ude00. What you say is exactly what the oil companies said about global warming and the cigarette companies said about smoking before them. It\u2019s the common pattern of the far right of the political spectrum find someone with some educational credential who can be bought, put him up and undermine the consensus. Science always has a consensus, consensus could be wrong but changing it is a slow process best is for policy makers to go with the current consensus, any alternative is corruption, shifting consensus takes decades, maybe next pandemic we do things different but there is no alternative that is not corrupt than going with consensus.",
                    "comment_time": "2022-02-09 22:31:06",
                    "comment_image": null,
                    "comment_reactors": [],
                    "comment_reactions": null,
                    "comment_reaction_count": null
                },
                {
                    "comment_id": "10159553344428904",
                    "comment_url": "https://facebook.com/10159553344428904",
                    "commenter_id": "823494613",
                    "commenter_url": "https://facebook.com/carey.closs?fref=nf&rc=p",
                    "commenter_name": "Carey Closs",
                    "commenter_meta": null,
                    "comment_text": "Andrew Karvonen A political scientist lol?\n\nIf you're a scientist as claimed then you would know that disagreement and sometimes heated debate over issues is normal. When an issue is not politicized those disagreements do not usually lead to the vilification of ones peers. The topic covid is very much still being debated among scientists. The media does not give us the true picture.\n\nGenerally when science is said to be settled, debate ceases to happen because the evidence is so solid that no one challenges it. Even then the door is always open for revision should new evidence be discovered.\n\nYour back handed insult about the earth being round is just a big straw man. I'm not a flat earther or anti-science. I never said vaccines don't work or that they are not providing any benefit whatsoever, what I have said is they are not reducing the spread of covid and the evidence post Omicron supports that. If they reduce the severity of symptoms then that definitely is a reason why some people who at a greater risk from covid should consider getting the jab. The facts are, vaccinated or not, young people are not very likely to be seriously ill from covid let alone end up in the icu. There's no reason to force them or anyone else to get the jab. As epidemiologist Martin Kulldorff has stated, it's foolish to think everyone needs to get vaccinated but it's equally foolish to think no one needs to.\n\nWhat do you think is going to happen if we get 100% of the population vaccinated? Will the virus go away? Will it cease to mutate?",
                    "comment_time": "2022-02-09 22:31:06",
                    "comment_image": null,
                    "comment_reactors": [],
                    "comment_reactions": null,
                    "comment_reaction_count": null
                },
                {
                    "comment_id": "10159553348573904",
                    "comment_url": "https://facebook.com/10159553348573904",
                    "commenter_id": "633430887",
                    "commenter_url": "https://facebook.com/Barlingwood?fref=nf&rc=p",
                    "commenter_name": "Alex Bunker",
                    "commenter_meta": null,
                    "comment_text": "Carey Closs its basic probability and statistics, vaccination does not eliminate transition but reduces it so the more vaccinated the slower the transition, but non-scientists like you often have a difficult time comprehending probabilities. Sorry, if you walk like a duck and quack like a duck and swim and fly like a duck you are a duck; you speak exactly like a creationist or a climate denyer \"there is no settled science\" \"you should be open to debate\" real scientists roll their eyes at this naivetee...",
                    "comment_time": "2022-02-09 22:31:06",
                    "comment_image": null,
                    "comment_reactors": [],
                    "comment_reactions": null,
                    "comment_reaction_count": null
                },
                {
                    "comment_id": "10159553367373904",
                    "comment_url": "https://facebook.com/10159553367373904",
                    "commenter_id": "823494613",
                    "commenter_url": "https://facebook.com/carey.closs?fref=nf&rc=p",
                    "commenter_name": "Carey Closs",
                    "commenter_meta": null,
                    "comment_text": "Alex Bunker I understand probabilities quite well. The vaccines are not reducing the probability of getting and spreading Covid. That should be obvious given the number of people who are vaccinated but still got Omicron this winter. Make the choice that\u2019s right for you. Since you brought up probabilities, what is the probability a young person under the age of 20 will die from Covid compared to someone over the age of 80?",
                    "comment_time": "2022-02-09 22:31:06",
                    "comment_image": null,
                    "comment_reactors": [],
                    "comment_reactions": null,
                    "comment_reaction_count": null
                },
                {
                    "comment_id": "10159553375343904",
                    "comment_url": "https://facebook.com/10159553375343904",
                    "commenter_id": "823494613",
                    "commenter_url": "https://facebook.com/carey.closs?fref=nf&rc=p",
                    "commenter_name": "Carey Closs",
                    "commenter_meta": null,
                    "comment_text": "Alex Bunker It's a common practice for the left to ostracize,and vilify all scientists who disagree with them and then cut their funding until they get their opponents to self censor. That's how you create your so called scientific consensuses.",
                    "comment_time": "2022-02-09 22:31:06",
                    "comment_image": null,
                    "comment_reactors": [],
                    "comment_reactions": null,
                    "comment_reaction_count": null
                },
                {
                    "comment_id": "10159553378503904",
                    "comment_url": "https://facebook.com/10159553378503904",
                    "commenter_id": "633430887",
                    "commenter_url": "https://facebook.com/Barlingwood?fref=nf&rc=p",
                    "commenter_name": "Alex Bunker",
                    "commenter_meta": null,
                    "comment_text": "Carey Closs of course a 20 year old is very unlikely to die of it who says I deny that BUT you have stated an ABSOLUTE CONCRETE UNTRUTH: It is PROVEN and widely accepted that getting vaccinated reduces the probability you transmit Covid a large number of vaccinated get and transmit covid BUT the probability is still PROVEN to be lower: https://\ntheconversation.\ncom/\nno-vaccinated-pe\nople-are-not-ju\nst-as-infectiou\ns-as-unvaccinat\ned-people-if-th\ney-get-covid-17\n1302 https://\nwww.theatlantic.\ncom/ideas/\narchive/2021/09/\nthe-vaccinated-a\nrent-just-as-li\nkely-to-spread-\ncovid/620161/ https://\nwww.healthline.c\nom/health-news/\nvaccinated-peopl\ne-can-transmit-\nthe-coronavirus\n-but-its-still-\nmore-likely-if-\nyoure-unvaccina\nted And best of all Nature: https://\nwww.nature.com/\narticles/\nd41586-021-02689\n-y",
                    "comment_time": "2022-02-09 22:31:06",
                    "comment_image": "https://theconversation.com/no-vaccinated-people-are-not-just-as-infectious-as-unvaccinated-people-if-they-get-covid-171302?fbclid=IwAR3u-oRb1_ube6LUT7I_cOQaq5Xq_ql2JYDLOanGwQdHcH0H-DXoFeTsx7Q",
                    "comment_reactors": [],
                    "comment_reactions": null,
                    "comment_reaction_count": null
                },
                {
                    "comment_id": "10159553381498904",
                    "comment_url": "https://facebook.com/10159553381498904",
                    "commenter_id": "633430887",
                    "commenter_url": "https://facebook.com/Barlingwood?fref=nf&rc=p",
                    "commenter_name": "Alex Bunker",
                    "commenter_meta": null,
                    "comment_text": "Carey Closs Omg talk about waddling and quacking like a climate denyer/\ncigarette company lobbyist/\ncreationist\u2026",
                    "comment_time": "2022-02-09 22:31:06",
                    "comment_image": null,
                    "comment_reactors": [],
                    "comment_reactions": null,
                    "comment_reaction_count": null
                },
                {
                    "comment_id": "10159553383033904",
                    "comment_url": "https://facebook.com/10159553383033904",
                    "commenter_id": "823494613",
                    "commenter_url": "https://facebook.com/carey.closs?fref=nf&rc=p",
                    "commenter_name": "Carey Closs",
                    "commenter_meta": null,
                    "comment_text": "Alex Bunker It's kind of hilarious the way you single out the oil industry while ignoring the numerous controversies in the pharmaceutical industry.\n\nhttps://\nen.wikipedia.org\n/wiki/\nList_of_largest_\npharmaceutical_\nsettlements",
                    "comment_time": "2022-02-09 22:31:06",
                    "comment_image": "https://en.wikipedia.org/wiki/List_of_largest_pharmaceutical_settlements?fbclid=IwAR2btDsw-je5EXSNccR3WJV22hAWGMfffhc8yjstGH8uOsi3e2CnHuBGGCU",
                    "comment_reactors": [],
                    "comment_reactions": null,
                    "comment_reaction_count": null
                },
                {
                    "comment_id": "10159553391523904",
                    "comment_url": "https://facebook.com/10159553391523904",
                    "commenter_id": "633430887",
                    "commenter_url": "https://facebook.com/Barlingwood?fref=nf&rc=p",
                    "commenter_name": "Alex Bunker",
                    "commenter_meta": null,
                    "comment_text": "Carey Closs did I ever claim the pharmaceutical industry is without sin?",
                    "comment_time": "2022-02-09 22:31:06",
                    "comment_image": null,
                    "comment_reactors": [],
                    "comment_reactions": null,
                    "comment_reaction_count": null
                },
                {
                    "comment_id": "10159553391628904",
                    "comment_url": "https://facebook.com/10159553391628904",
                    "commenter_id": "633430887",
                    "commenter_url": "https://facebook.com/Barlingwood?fref=nf&rc=p",
                    "commenter_name": "Alex Bunker",
                    "commenter_meta": null,
                    "comment_text": "Carey Closs did I ever claim the pharmaceutical industry is without sin?",
                    "comment_time": "2022-02-09 22:31:06",
                    "comment_image": null,
                    "comment_reactors": [],
                    "comment_reactions": null,
                    "comment_reaction_count": null
                },
                {
                    "comment_id": "10159553437803904",
                    "comment_url": "https://facebook.com/10159553437803904",
                    "commenter_id": "806355549",
                    "commenter_url": "https://facebook.com/joanne.johnsonmeyers?fref=nf&rc=p",
                    "commenter_name": "Joanne Johnson-Meyers",
                    "commenter_meta": null,
                    "comment_text": "Carey Closs because ... It has been shared n shared ... Grow up ...",
                    "comment_time": "2022-02-09 22:31:06",
                    "comment_image": null,
                    "comment_reactors": [],
                    "comment_reactions": null,
                    "comment_reaction_count": null
                },
                {
                    "comment_id": "10159553440573904",
                    "comment_url": "https://facebook.com/10159553440573904",
                    "commenter_id": "823494613",
                    "commenter_url": "https://facebook.com/carey.closs?fref=nf&rc=p",
                    "commenter_name": "Carey Closs",
                    "commenter_meta": null,
                    "comment_text": "Joanne Johnson-Meyers I have no idea what you\u2019re talking about.",
                    "comment_time": "2022-02-09 22:31:06",
                    "comment_image": null,
                    "comment_reactors": [],
                    "comment_reactions": null,
                    "comment_reaction_count": null
                },
                {
                    "comment_id": "10159553651923904",
                    "comment_url": "https://facebook.com/10159553651923904",
                    "commenter_id": "596425799",
                    "commenter_url": "https://facebook.com/andrew.karvonen.9?fref=nf&rc=p",
                    "commenter_name": "Andrew Karvonen",
                    "commenter_meta": null,
                    "comment_text": "Carey Closs this is literally grade school math. Yes, there is always debate in science. Usually with people that have data and knowledge on the subject. The opinions of truckers (or politicians) is not equivalent to that of what would be close to the entirety of the medical community. I would never take the opinion of a doctor on how to handle an 18 wheeler either. I trust the experts in their field with data to back the claims. Regardless the restrictions will come down, the provincial governments that actually control the mandates have been doing so for awhile. We will have none is Saskatchewan come Sunday. We were already heading there in a staged rollback for weeks because of science\u2026\u2026.not truckers.",
                    "comment_time": "2022-02-09 22:31:06",
                    "comment_image": "https://scontent.xx.fbcdn.net/m1/v/t6/An-SJYN61eefFdoaV8pa0G_5_APCa0prZaqkZGXpCFeUCLCg89UPOqSkSZxJkLy0hAKKpUIPEB91mo9yBBfcAqcwmpEu5jN_jmJufFtJoVJCUklu.png?ccb=10-5&oh=00_AT_uC16R89XISW2BLH-gvAeIZ-6knN-rLSiRLuYO7e7b3A&oe=6225C35F&_nc_sid=55e238",
                    "comment_reactors": [],
                    "comment_reactions": null,
                    "comment_reaction_count": null
                }
            ]
        },
        {
            "comment_id": "10159552929013904",
            "comment_url": "https://facebook.com/10159552929013904",
            "commenter_id": "1079058758",
            "commenter_url": "https://facebook.com/donald.henderson.184?fref=nf&rc=p&refid=52",
            "commenter_name": "Donald Henderson",
            "commenter_meta": null,
            "comment_text": "Using vehicles for illegal activity their licenses should be suspended vehicles seized",
            "comment_time": "2022-02-09 22:31:00",
            "comment_image": null,
            "comment_reactors": [],
            "comment_reactions": null,
            "comment_reaction_count": null,
            "replies": [
                {
                    "comment_id": "10159553440943904",
                    "comment_url": "https://facebook.com/10159553440943904",
                    "commenter_id": "806355549",
                    "commenter_url": "https://facebook.com/joanne.johnsonmeyers?fref=nf&rc=p",
                    "commenter_name": "Joanne Johnson-Meyers",
                    "commenter_meta": null,
                    "comment_text": "Donald Henderson exactly what they will / have ( i have read ) are doing .... Can not rush a crowd ... They will not ... Be laughing telling us how awesome it is .... Soon i hope very soon",
                    "comment_time": "2022-02-09 22:31:07",
                    "comment_image": null,
                    "comment_reactors": [],
                    "comment_reactions": null,
                    "comment_reaction_count": null
                }
            ]
        },
        {
            "comment_id": "10159552390193904",
            "comment_url": "https://facebook.com/10159552390193904",
            "commenter_id": "100003934030406",
            "commenter_url": "https://facebook.com/josh.bos.71?fref=nf&rc=p&refid=52",
            "commenter_name": "Josh Bos",
            "commenter_meta": null,
            "comment_text": "How can you say there's only a few hundred people the turn and ask for 1800 more officers when you have 1200 their? You need 3000 cops to handel 3-500 truckers?that's\na small army!",
            "comment_time": "2022-02-09 22:31:00",
            "comment_image": null,
            "comment_reactors": [],
            "comment_reactions": null,
            "comment_reaction_count": null,
            "replies": [
                {
                    "comment_id": "10159553352518904",
                    "comment_url": "https://facebook.com/10159553352518904",
                    "commenter_id": "504757661",
                    "commenter_url": "https://facebook.com/sandra.salanki?fref=nf&rc=p",
                    "commenter_name": "Sandra Salanki",
                    "commenter_meta": null,
                    "comment_text": "Steve Cobblehoff can't attack what they said, attack the person or how they said it.",
                    "comment_time": "2022-02-09 22:31:08",
                    "comment_image": null,
                    "comment_reactors": [],
                    "comment_reactions": null,
                    "comment_reaction_count": null
                },
                {
                    "comment_id": "10159553357603904",
                    "comment_url": "https://facebook.com/10159553357603904",
                    "commenter_id": "100014001078588",
                    "commenter_url": "https://facebook.com/steve.cobblehoff?fref=nf&rc=p",
                    "commenter_name": "Steve Cobblehoff",
                    "commenter_meta": null,
                    "comment_text": "Sandra Salanki you never saw what he said to me. MYOB",
                    "comment_time": "2022-02-09 22:31:08",
                    "comment_image": null,
                    "comment_reactors": [],
                    "comment_reactions": null,
                    "comment_reaction_count": null
                },
                {
                    "comment_id": "10159554581208904",
                    "comment_url": "https://facebook.com/10159554581208904",
                    "commenter_id": "502739339",
                    "commenter_url": "https://facebook.com/brad.beaton.7?fref=nf&rc=p",
                    "commenter_name": "Brad Beaton",
                    "commenter_meta": null,
                    "comment_text": "Josh Bos that's because the media is lying... But eh.. If you don't believe me.. Watch the dozens of awesome live streamers \ud83d\udc4d",
                    "comment_time": "2022-02-09 22:31:08",
                    "comment_image": null,
                    "comment_reactors": [],
                    "comment_reactions": null,
                    "comment_reaction_count": null
                },
                {
                    "comment_id": "10159554620838904",
                    "comment_url": "https://facebook.com/10159554620838904",
                    "commenter_id": "100003934030406",
                    "commenter_url": "https://facebook.com/josh.bos.71?fref=nf&rc=p",
                    "commenter_name": "Josh Bos",
                    "commenter_meta": null,
                    "comment_text": "Brad Beaton I have and know people who have been their. Still insane how they feel they need 3000 cops",
                    "comment_time": "2022-02-09 22:31:08",
                    "comment_image": null,
                    "comment_reactors": [],
                    "comment_reactions": null,
                    "comment_reaction_count": null
                }
            ]
        },
        {
            "comment_id": "10159552373128904",
            "comment_url": "https://facebook.com/10159552373128904",
            "commenter_id": "685137000",
            "commenter_url": "https://facebook.com/tyler.popp2?fref=nf&rc=p&refid=52",
            "commenter_name": "Tyler Popp",
            "commenter_meta": null,
            "comment_text": "Pander pander and them pander some more. It never gets old for the folks at CTV",
            "comment_time": "2022-02-09 22:31:00",
            "comment_image": null,
            "comment_reactors": [],
            "comment_reactions": null,
            "comment_reaction_count": null,
            "replies": []
        },
        {
            "comment_id": "10159552656308904",
            "comment_url": "https://facebook.com/10159552656308904",
            "commenter_id": "599285934",
            "commenter_url": "https://facebook.com/john.osborne.142240?fref=nf&rc=p&refid=52",
            "commenter_name": "John Osborne",
            "commenter_meta": null,
            "comment_text": "An insurrection? Wtf? It\u2019s nothing like that.",
            "comment_time": "2022-02-09 22:31:00",
            "comment_image": null,
            "comment_reactors": [],
            "comment_reactions": null,
            "comment_reaction_count": null,
            "replies": []
        },
        {
            "comment_id": "10159552372208904",
            "comment_url": "https://facebook.com/10159552372208904",
            "commenter_id": "823494613",
            "commenter_url": "https://facebook.com/carey.closs?fref=nf&rc=p&refid=52",
            "commenter_name": "Carey Closs",
            "commenter_meta": null,
            "comment_text": "This sure went from a fringe minority, to a state of emergency to an insurrection really fast. The rhetoric and gas lighting surrounding this protest is absolutely unbelievable.",
            "comment_time": "2022-02-09 22:31:00",
            "comment_image": null,
            "comment_reactors": [],
            "comment_reactions": null,
            "comment_reaction_count": null,
            "replies": [
                {
                    "comment_id": "10159552375383904",
                    "comment_url": "https://facebook.com/10159552375383904",
                    "commenter_id": "100000542160212",
                    "commenter_url": "https://facebook.com/dapperndarlene.brooks?fref=nf&rc=p",
                    "commenter_name": "Darlene Brooks",
                    "commenter_meta": null,
                    "comment_text": "Carey Closs it's so absurd that it's borderline comical",
                    "comment_time": "2022-02-09 22:31:08",
                    "comment_image": "https://scontent.xx.fbcdn.net/m1/v/t6/An_UvxJXg9tdnLU3Y5qjPi0200MLilhzPXUgxzGjQzUMaNcmjdZA6anyrngvkdub33NZzZhd51fpCAEzNHFhko5aKRFP5fS1w_lKwYrzcNLupv27.png?ccb=10-5&oh=00_AT9C82irDy7Sn8cI_UEelmRC1FY5K5jw2pfWXlZ8QaKL1g&oe=62246CF9&_nc_sid=55e238",
                    "comment_reactors": [],
                    "comment_reactions": null,
                    "comment_reaction_count": null
                },
                {
                    "comment_id": "10159552378678904",
                    "comment_url": "https://facebook.com/10159552378678904",
                    "commenter_id": "823494613",
                    "commenter_url": "https://facebook.com/carey.closs?fref=nf&rc=p",
                    "commenter_name": "Carey Closs",
                    "commenter_meta": null,
                    "comment_text": "Darlene Brooks On one day it's \"nothing to see here folks\" and the next it's, \"call in the military\". Neither is an accurate depiction of the situation.",
                    "comment_time": "2022-02-09 22:31:08",
                    "comment_image": "https://scontent.xx.fbcdn.net/m1/v/t6/An_UvxJXg9tdnLU3Y5qjPi0200MLilhzPXUgxzGjQzUMaNcmjdZA6anyrngvkdub33NZzZhd51fpCAEzNHFhko5aKRFP5fS1w_lKwYrzcNLupv27.png?ccb=10-5&oh=00_AT9C82irDy7Sn8cI_UEelmRC1FY5K5jw2pfWXlZ8QaKL1g&oe=62246CF9&_nc_sid=55e238",
                    "comment_reactors": [],
                    "comment_reactions": null,
                    "comment_reaction_count": null
                },
                {
                    "comment_id": "10159552775558904",
                    "comment_url": "https://facebook.com/10159552775558904",
                    "commenter_id": "786465499",
                    "commenter_url": "https://facebook.com/aaron.manikoth?fref=nf&rc=p",
                    "commenter_name": "Aaron Manikoth",
                    "commenter_meta": null,
                    "comment_text": "Carey Closs it's honestly too funny seeing the media spin this! \ud83e\udd23",
                    "comment_time": "2022-02-09 22:31:08",
                    "comment_image": "https://scontent.xx.fbcdn.net/m1/v/t6/An_UvxJXg9tdnLU3Y5qjPi0200MLilhzPXUgxzGjQzUMaNcmjdZA6anyrngvkdub33NZzZhd51fpCAEzNHFhko5aKRFP5fS1w_lKwYrzcNLupv27.png?ccb=10-5&oh=00_AT9C82irDy7Sn8cI_UEelmRC1FY5K5jw2pfWXlZ8QaKL1g&oe=62246CF9&_nc_sid=55e238",
                    "comment_reactors": [],
                    "comment_reactions": null,
                    "comment_reaction_count": null
                },
                {
                    "comment_id": "10159553001808904",
                    "comment_url": "https://facebook.com/10159553001808904",
                    "commenter_id": "100000135913458",
                    "commenter_url": "https://facebook.com/stephen.rasmussen.73?fref=nf&rc=p",
                    "commenter_name": "Stephen Rasmussen",
                    "commenter_meta": null,
                    "comment_text": "Carey Closs Buddy, I got news for ya, you're the gaslighter.",
                    "comment_time": "2022-02-09 22:31:08",
                    "comment_image": null,
                    "comment_reactors": [],
                    "comment_reactions": null,
                    "comment_reaction_count": null
                },
                {
                    "comment_id": "10159553190168904",
                    "comment_url": "https://facebook.com/10159553190168904",
                    "commenter_id": "823494613",
                    "commenter_url": "https://facebook.com/carey.closs?fref=nf&rc=p",
                    "commenter_name": "Carey Closs",
                    "commenter_meta": "media1.tenor.co",
                    "comment_text": "Carey Closs",
                    "comment_time": "2022-02-09 22:31:08",
                    "comment_image": "https://media1.tenor.co/images/0df7797e3c6fbb7e295e1aea43cdf415/tenor.gif?ver=1112&c=VjFfZmFjZWJvb2tfd2ViY29tbWVudHM&itemid=11590179&fbclid=IwAR1HHDdknT-D4IJtPwOaDxNYmAdiVFhjaghi77SBkP0JnNbu31csk1j8Q1k",
                    "comment_reactors": [],
                    "comment_reactions": null,
                    "comment_reaction_count": null
                },
                {
                    "comment_id": "10159553250333904",
                    "comment_url": "https://facebook.com/10159553250333904",
                    "commenter_id": "1586745692",
                    "commenter_url": "https://facebook.com/paul.sammut.545?fref=nf&rc=p",
                    "commenter_name": "Paul Sammut",
                    "commenter_meta": null,
                    "comment_text": "Stephen Rasmussen did your master JT tell you that",
                    "comment_time": "2022-02-09 22:31:08",
                    "comment_image": null,
                    "comment_reactors": [],
                    "comment_reactions": null,
                    "comment_reaction_count": null
                },
                {
                    "comment_id": "10159553442933904",
                    "comment_url": "https://facebook.com/10159553442933904",
                    "commenter_id": "806355549",
                    "commenter_url": "https://facebook.com/joanne.johnsonmeyers?fref=nf&rc=p",
                    "commenter_name": "Joanne Johnson-Meyers",
                    "commenter_meta": null,
                    "comment_text": "Carey Closs because .... Like covid 19 ... It is changing ... Pretending to be something ... Your NOT ... Show us all we need ... Just lol the paper work in order ...",
                    "comment_time": "2022-02-09 22:31:08",
                    "comment_image": null,
                    "comment_reactors": [],
                    "comment_reactions": null,
                    "comment_reaction_count": null
                },
                {
                    "comment_id": "10159553444258904",
                    "comment_url": "https://facebook.com/10159553444258904",
                    "commenter_id": "823494613",
                    "commenter_url": "https://facebook.com/carey.closs?fref=nf&rc=p",
                    "commenter_name": "Carey Closs",
                    "commenter_meta": null,
                    "comment_text": "Joanne Johnson-Meyers Sorry but I don\u2019t understand gibberish?",
                    "comment_time": "2022-02-09 22:31:08",
                    "comment_image": null,
                    "comment_reactors": [],
                    "comment_reactions": null,
                    "comment_reaction_count": null
                }
            ]
        },
        {
            "comment_id": "10159555875848904",
            "comment_url": "https://facebook.com/10159555875848904",
            "commenter_id": "100002768516400",
            "commenter_url": "https://facebook.com/dave.cromarty.7?fref=nf&rc=p&refid=52",
            "commenter_name": "Dave Cromarty",
            "commenter_meta": null,
            "comment_text": "Get all 1800 of them to find Trudeau",
            "comment_time": "2022-02-09 22:31:00",
            "comment_image": null,
            "comment_reactors": [],
            "comment_reactions": null,
            "comment_reaction_count": null,
            "replies": []
        },
        {
            "comment_id": "10159553052573904",
            "comment_url": "https://facebook.com/10159553052573904",
            "commenter_id": "631059262",
            "commenter_url": "https://facebook.com/connor.mackenzie.58?fref=nf&rc=p&refid=52",
            "commenter_name": "Connor Mackenzie",
            "commenter_meta": "Top fan",
            "comment_text": "How is this an insurrection?",
            "comment_time": "2022-02-09 22:31:00",
            "comment_image": null,
            "comment_reactors": [],
            "comment_reactions": null,
            "comment_reaction_count": null,
            "replies": []
        },
        {
            "comment_id": "10159552390513904",
            "comment_url": "https://facebook.com/10159552390513904",
            "commenter_id": "100012318063391",
            "commenter_url": "https://facebook.com/profile.php?id=100012318063391&fref=nf&rc=p&refid=52",
            "commenter_name": "Peter Ioannidis",
            "commenter_meta": "Top fan",
            "comment_text": "This mayor should learn vocabulary. The liberal right to dissent is not an \u201cinsurrection\u201d.",
            "comment_time": "2022-02-09 22:31:00",
            "comment_image": null,
            "comment_reactors": [],
            "comment_reactions": null,
            "comment_reaction_count": null,
            "replies": []
        },
        {
            "comment_id": "10159552387458904",
            "comment_url": "https://facebook.com/10159552387458904",
            "commenter_id": "680575873",
            "commenter_url": "https://facebook.com/madesjardins?fref=nf&rc=p&refid=52",
            "commenter_name": "MaryAnn Desjardins Campbell",
            "commenter_meta": null,
            "comment_text": "Easier way to stop this is for Trudeau to sit with a few of the protesters and listen. This would end a lot faster.",
            "comment_time": "2022-02-09 22:31:00",
            "comment_image": null,
            "comment_reactors": [],
            "comment_reactions": null,
            "comment_reaction_count": null,
            "replies": [
                {
                    "comment_id": "10159553445398904",
                    "comment_url": "https://facebook.com/10159553445398904",
                    "commenter_id": "806355549",
                    "commenter_url": "https://facebook.com/joanne.johnsonmeyers?fref=nf&rc=p",
                    "commenter_name": "Joanne Johnson-Meyers",
                    "commenter_meta": null,
                    "comment_text": "MaryAnn Desjardins Campbell no ... This is Canada ....",
                    "comment_time": "2022-02-09 22:31:09",
                    "comment_image": null,
                    "comment_reactors": [],
                    "comment_reactions": null,
                    "comment_reaction_count": null
                }
            ]
        },
        {
            "comment_id": "10159552368948904",
            "comment_url": "https://facebook.com/10159552368948904",
            "commenter_id": "1017009150",
            "commenter_url": "https://facebook.com/vladimirnovakovic38?fref=nf&rc=p&refid=52",
            "commenter_name": "Vladimir Novakovic",
            "commenter_meta": null,
            "comment_text": "Is Doug fine with this?",
            "comment_time": "2022-02-09 22:31:00",
            "comment_image": null,
            "comment_reactors": [],
            "comment_reactions": null,
            "comment_reaction_count": null,
            "replies": [
                {
                    "comment_id": "10159552941758904",
                    "comment_url": "https://facebook.com/10159552941758904",
                    "commenter_id": "100001650082791",
                    "commenter_url": "https://facebook.com/bill.mcpherson.1840?fref=nf&rc=p",
                    "commenter_name": "Bill Mcpherson",
                    "commenter_meta": null,
                    "comment_text": "Vladimir Novakovic No help from Doug.",
                    "comment_time": "2022-02-09 22:31:10",
                    "comment_image": "https://scontent.xx.fbcdn.net/m1/v/t6/An_UvxJXg9tdnLU3Y5qjPi0200MLilhzPXUgxzGjQzUMaNcmjdZA6anyrngvkdub33NZzZhd51fpCAEzNHFhko5aKRFP5fS1w_lKwYrzcNLupv27.png?ccb=10-5&oh=00_AT9C82irDy7Sn8cI_UEelmRC1FY5K5jw2pfWXlZ8QaKL1g&oe=62246CF9&_nc_sid=55e238",
                    "comment_reactors": [],
                    "comment_reactions": null,
                    "comment_reaction_count": null
                }
            ]
        },
        {
            "comment_id": "10159552976018904",
            "comment_url": "https://facebook.com/10159552976018904",
            "commenter_id": "100000505762427",
            "commenter_url": "https://facebook.com/brooks.matthews.3?fref=nf&rc=p&refid=52",
            "commenter_name": "Brooks Matthews",
            "commenter_meta": null,
            "comment_text": "The army won't come so he ask for 1800 more cops which is probably more than the army can muster . Time to put a real mayor in thats eperieced as this guy at the first sign of trouble is having a meltdown.",
            "comment_time": "2022-02-09 22:31:00",
            "comment_image": null,
            "comment_reactors": [],
            "comment_reactions": null,
            "comment_reaction_count": null,
            "replies": []
        },
        {
            "comment_id": "10159552378343904",
            "comment_url": "https://facebook.com/10159552378343904",
            "commenter_id": "100001468386313",
            "commenter_url": "https://facebook.com/andrea.montanaro.31?fref=nf&rc=p&refid=52",
            "commenter_name": "Andrea Montanaro",
            "commenter_meta": null,
            "comment_text": "Are we still talking about the \u201csmall fringe\u201d ?\ud83e\udd23\ud83e\udd23",
            "comment_time": "2022-02-09 22:31:00",
            "comment_image": null,
            "comment_reactors": [],
            "comment_reactions": null,
            "comment_reaction_count": null,
            "replies": [
                {
                    "comment_id": "10159553522558904",
                    "comment_url": "https://facebook.com/10159553522558904",
                    "commenter_id": "100000135913458",
                    "commenter_url": "https://facebook.com/stephen.rasmussen.73?fref=nf&rc=p",
                    "commenter_name": "Stephen Rasmussen",
                    "commenter_meta": null,
                    "comment_text": "Andrea Montanaro Small lunatic fringe you mean.",
                    "comment_time": "2022-02-09 22:31:10",
                    "comment_image": null,
                    "comment_reactors": [],
                    "comment_reactions": null,
                    "comment_reaction_count": null
                },
                {
                    "comment_id": "10159553532438904",
                    "comment_url": "https://facebook.com/10159553532438904",
                    "commenter_id": "100001468386313",
                    "commenter_url": "https://facebook.com/andrea.montanaro.31?fref=nf&rc=p",
                    "commenter_name": "Andrea Montanaro",
                    "commenter_meta": null,
                    "comment_text": "Stephen Rasmussen oh yes \u2026 it\u2019s so small that it triggered a state of emergency in just a few days \ud83e\udd23",
                    "comment_time": "2022-02-09 22:31:10",
                    "comment_image": "https://scontent.xx.fbcdn.net/m1/v/t6/An_UvxJXg9tdnLU3Y5qjPi0200MLilhzPXUgxzGjQzUMaNcmjdZA6anyrngvkdub33NZzZhd51fpCAEzNHFhko5aKRFP5fS1w_lKwYrzcNLupv27.png?ccb=10-5&oh=00_AT9C82irDy7Sn8cI_UEelmRC1FY5K5jw2pfWXlZ8QaKL1g&oe=62246CF9&_nc_sid=55e238",
                    "comment_reactors": [],
                    "comment_reactions": null,
                    "comment_reaction_count": null
                }
            ]
        },
        {
            "comment_id": "10159552359993904",
            "comment_url": "https://facebook.com/10159552359993904",
            "commenter_id": "100027932117724",
            "commenter_url": "https://facebook.com/jess.class.14?fref=nf&rc=p&refid=52",
            "commenter_name": "Jess Class",
            "commenter_meta": null,
            "comment_text": "Have as much respect for what the truckers are saying as anti-vaxxers had for healthcare professionals. My body. My choice and all that.",
            "comment_time": "2022-02-09 22:31:00",
            "comment_image": null,
            "comment_reactors": [],
            "comment_reactions": null,
            "comment_reaction_count": null,
            "replies": [
                {
                    "comment_id": "10159552397418904",
                    "comment_url": "https://facebook.com/10159552397418904",
                    "commenter_id": "889600084",
                    "commenter_url": "https://facebook.com/jason.godin.376?fref=nf&rc=p",
                    "commenter_name": "Jason Godin",
                    "commenter_meta": "Top fan",
                    "comment_text": "And you'll believe anything the Internet tells you.",
                    "comment_time": "2022-02-09 22:31:11",
                    "comment_image": "https://static.xx.fbcdn.net/rsrc.php/v3/y7/r/4bRBCBmu1Q9.png",
                    "comment_reactors": [],
                    "comment_reactions": null,
                    "comment_reaction_count": null
                }
            ]
        },
        {
            "comment_id": "10159553641723904",
            "comment_url": "https://facebook.com/10159553641723904",
            "commenter_id": "608330965",
            "commenter_url": "https://facebook.com/tom.fagan.370?fref=nf&rc=p&refid=52",
            "commenter_name": "Tom Fagan",
            "commenter_meta": null,
            "comment_text": "maybe the mayor should ask Trudeau to end this, he caused it, he is the one keeping it going",
            "comment_time": "2022-02-09 22:31:00",
            "comment_image": null,
            "comment_reactors": [],
            "comment_reactions": null,
            "comment_reaction_count": null,
            "replies": []
        },
        {
            "comment_id": "10159552351323904",
            "comment_url": "https://facebook.com/10159552351323904",
            "commenter_id": "100002238717432",
            "commenter_url": "https://facebook.com/jim.rutter3?fref=nf&rc=p&refid=52",
            "commenter_name": "Jim Rutter",
            "commenter_meta": null,
            "comment_text": "CFB Petawawa is not far away. All the mayor has to do is ask for their help",
            "comment_time": "2022-02-09 22:31:00",
            "comment_image": null,
            "comment_reactors": [],
            "comment_reactions": null,
            "comment_reaction_count": null,
            "replies": [
                {
                    "comment_id": "10159552355818904",
                    "comment_url": "https://facebook.com/10159552355818904",
                    "commenter_id": "100000403707387",
                    "commenter_url": "https://facebook.com/jordan.hein.12?fref=nf&rc=p",
                    "commenter_name": "Jay Hiner",
                    "commenter_meta": null,
                    "comment_text": "It would like the dictatorship to use the military on its citizens. Sounds a lot like China or Russia.",
                    "comment_time": "2022-02-09 22:31:12",
                    "comment_image": "https://scontent.xx.fbcdn.net/m1/v/t6/An_UvxJXg9tdnLU3Y5qjPi0200MLilhzPXUgxzGjQzUMaNcmjdZA6anyrngvkdub33NZzZhd51fpCAEzNHFhko5aKRFP5fS1w_lKwYrzcNLupv27.png?ccb=10-5&oh=00_AT9C82irDy7Sn8cI_UEelmRC1FY5K5jw2pfWXlZ8QaKL1g&oe=62246CF9&_nc_sid=55e238",
                    "comment_reactors": [],
                    "comment_reactions": null,
                    "comment_reaction_count": null
                },
                {
                    "comment_id": "10159552357798904",
                    "comment_url": "https://facebook.com/10159552357798904",
                    "commenter_id": "1145336374",
                    "commenter_url": "https://facebook.com/matt.spears.12?fref=nf&rc=p",
                    "commenter_name": "Matt Spears",
                    "commenter_meta": null,
                    "comment_text": "Jay Hiner it will be the people of Ottawa asking for it. They already are.",
                    "comment_time": "2022-02-09 22:31:12",
                    "comment_image": "https://scontent.xx.fbcdn.net/m1/v/t6/An_UvxJXg9tdnLU3Y5qjPi0200MLilhzPXUgxzGjQzUMaNcmjdZA6anyrngvkdub33NZzZhd51fpCAEzNHFhko5aKRFP5fS1w_lKwYrzcNLupv27.png?ccb=10-5&oh=00_AT9C82irDy7Sn8cI_UEelmRC1FY5K5jw2pfWXlZ8QaKL1g&oe=62246CF9&_nc_sid=55e238",
                    "comment_reactors": [],
                    "comment_reactions": null,
                    "comment_reaction_count": null
                },
                {
                    "comment_id": "10159552359713904",
                    "comment_url": "https://facebook.com/10159552359713904",
                    "commenter_id": "100009297826248",
                    "commenter_url": "https://facebook.com/profile.php?id=100009297826248&fref=nf&rc=p",
                    "commenter_name": "Sean Ledwich",
                    "commenter_meta": null,
                    "comment_text": "Jay Hiner Other than the fact Canada is a democracy and a country of law and order, sure, I guess.",
                    "comment_time": "2022-02-09 22:31:12",
                    "comment_image": "https://scontent.xx.fbcdn.net/m1/v/t6/An_UvxJXg9tdnLU3Y5qjPi0200MLilhzPXUgxzGjQzUMaNcmjdZA6anyrngvkdub33NZzZhd51fpCAEzNHFhko5aKRFP5fS1w_lKwYrzcNLupv27.png?ccb=10-5&oh=00_AT9C82irDy7Sn8cI_UEelmRC1FY5K5jw2pfWXlZ8QaKL1g&oe=62246CF9&_nc_sid=55e238",
                    "comment_reactors": [],
                    "comment_reactions": null,
                    "comment_reaction_count": null
                },
                {
                    "comment_id": "10159552361218904",
                    "comment_url": "https://facebook.com/10159552361218904",
                    "commenter_id": "100065403370622",
                    "commenter_url": "https://facebook.com/cary.mackenzie.503?fref=nf&rc=p",
                    "commenter_name": "Cary Mackenzie",
                    "commenter_meta": null,
                    "comment_text": "Jim Rutter Then the UN would have to step in a minority government leader turning the Army on peaceful Canadians cause the world doesn't believe your BS and JTs. Sorry the world is watching and they don't believe the lie's.",
                    "comment_time": "2022-02-09 22:31:12",
                    "comment_image": "https://scontent.xx.fbcdn.net/m1/v/t6/An_UvxJXg9tdnLU3Y5qjPi0200MLilhzPXUgxzGjQzUMaNcmjdZA6anyrngvkdub33NZzZhd51fpCAEzNHFhko5aKRFP5fS1w_lKwYrzcNLupv27.png?ccb=10-5&oh=00_AT9C82irDy7Sn8cI_UEelmRC1FY5K5jw2pfWXlZ8QaKL1g&oe=62246CF9&_nc_sid=55e238",
                    "comment_reactors": [],
                    "comment_reactions": null,
                    "comment_reaction_count": null
                },
                {
                    "comment_id": "10159552366753904",
                    "comment_url": "https://facebook.com/10159552366753904",
                    "commenter_id": "1324254406",
                    "commenter_url": "https://facebook.com/eugene.osudar?fref=nf&rc=p",
                    "commenter_name": "Eugene Osudar",
                    "commenter_meta": null,
                    "comment_text": "Jay Hiner send in the military and they will defeat these neo nazis kkkonvoy terrorists. Like the Canadian military helped defeat the Nazis in 1945.",
                    "comment_time": "2022-02-09 22:31:12",
                    "comment_image": "https://scontent.xx.fbcdn.net/m1/v/t6/An_F9bJG7govfshSMBkvcRLcxT0jmiXVYKtr7lgH5AHgUrjjpZ1OD0xyxXYgf7arc0lWgCdrR_KN4Mg7RSN3Gm3W6Gg03N1tQ-ZXzVvFJ_KvvB4.png?ccb=10-5&oh=00_AT8ScZKrgCPhmfSgYBZgvnQHv14vvPQpgzOW8DDMFGGodg&oe=62243F67&_nc_sid=55e238",
                    "comment_reactors": [],
                    "comment_reactions": null,
                    "comment_reaction_count": null
                },
                {
                    "comment_id": "10159552366928904",
                    "comment_url": "https://facebook.com/10159552366928904",
                    "commenter_id": "100002238717432",
                    "commenter_url": "https://facebook.com/jim.rutter3?fref=nf&rc=p",
                    "commenter_name": "Jim Rutter",
                    "commenter_meta": null,
                    "comment_text": "Jay Hiner you forget Oka and the FLQ crisis",
                    "comment_time": "2022-02-09 22:31:12",
                    "comment_image": null,
                    "comment_reactors": [],
                    "comment_reactions": null,
                    "comment_reaction_count": null
                },
                {
                    "comment_id": "10159552368433904",
                    "comment_url": "https://facebook.com/10159552368433904",
                    "commenter_id": "100002891938194",
                    "commenter_url": "https://facebook.com/louise.michelle.71?fref=nf&rc=p",
                    "commenter_name": "Louise Michelle",
                    "commenter_meta": null,
                    "comment_text": "Jim Rutter how would you stop the government if you felt it was more of a dictatorship than a democracy",
                    "comment_time": "2022-02-09 22:31:12",
                    "comment_image": "https://scontent.xx.fbcdn.net/m1/v/t6/An_UvxJXg9tdnLU3Y5qjPi0200MLilhzPXUgxzGjQzUMaNcmjdZA6anyrngvkdub33NZzZhd51fpCAEzNHFhko5aKRFP5fS1w_lKwYrzcNLupv27.png?ccb=10-5&oh=00_AT9C82irDy7Sn8cI_UEelmRC1FY5K5jw2pfWXlZ8QaKL1g&oe=62246CF9&_nc_sid=55e238",
                    "comment_reactors": [],
                    "comment_reactions": null,
                    "comment_reaction_count": null
                },
                {
                    "comment_id": "10159552375018904",
                    "comment_url": "https://facebook.com/10159552375018904",
                    "commenter_id": "100000403707387",
                    "commenter_url": "https://facebook.com/jordan.hein.12?fref=nf&rc=p",
                    "commenter_name": "Jay Hiner",
                    "commenter_meta": null,
                    "comment_text": "Sorry folks. The day we use the military on unarmed citizens exercising their charter rights is the day we have fallen into the same level as China or Russia. Next will be civil war. This is the only way that will end.",
                    "comment_time": "2022-02-09 22:31:12",
                    "comment_image": "https://scontent.xx.fbcdn.net/m1/v/t6/An_UvxJXg9tdnLU3Y5qjPi0200MLilhzPXUgxzGjQzUMaNcmjdZA6anyrngvkdub33NZzZhd51fpCAEzNHFhko5aKRFP5fS1w_lKwYrzcNLupv27.png?ccb=10-5&oh=00_AT9C82irDy7Sn8cI_UEelmRC1FY5K5jw2pfWXlZ8QaKL1g&oe=62246CF9&_nc_sid=55e238",
                    "comment_reactors": [],
                    "comment_reactions": null,
                    "comment_reaction_count": null
                },
                {
                    "comment_id": "10159552380723904",
                    "comment_url": "https://facebook.com/10159552380723904",
                    "commenter_id": "100065403370622",
                    "commenter_url": "https://facebook.com/cary.mackenzie.503?fref=nf&rc=p",
                    "commenter_name": "Cary Mackenzie",
                    "commenter_meta": null,
                    "comment_text": "Jay Hiner let's hope JT and his band of marry clowns get there heads",
                    "comment_time": "2022-02-09 22:31:12",
                    "comment_image": "https://scontent.xx.fbcdn.net/m1/v/t6/An_UvxJXg9tdnLU3Y5qjPi0200MLilhzPXUgxzGjQzUMaNcmjdZA6anyrngvkdub33NZzZhd51fpCAEzNHFhko5aKRFP5fS1w_lKwYrzcNLupv27.png?ccb=10-5&oh=00_AT9C82irDy7Sn8cI_UEelmRC1FY5K5jw2pfWXlZ8QaKL1g&oe=62246CF9&_nc_sid=55e238",
                    "comment_reactors": [],
                    "comment_reactions": null,
                    "comment_reaction_count": null
                },
                {
                    "comment_id": "10159552466488904",
                    "comment_url": "https://facebook.com/10159552466488904",
                    "commenter_id": "640002141",
                    "commenter_url": "https://facebook.com/shawnachad.ready?fref=nf&rc=p",
                    "commenter_name": "Shawna-Chad Ready",
                    "commenter_meta": null,
                    "comment_text": "Jim Rutter sure why not, daddy did it",
                    "comment_time": "2022-02-09 22:31:12",
                    "comment_image": null,
                    "comment_reactors": [],
                    "comment_reactions": null,
                    "comment_reaction_count": null
                },
                {
                    "comment_id": "10159553447553904",
                    "comment_url": "https://facebook.com/10159553447553904",
                    "commenter_id": "806355549",
                    "commenter_url": "https://facebook.com/joanne.johnsonmeyers?fref=nf&rc=p",
                    "commenter_name": "Joanne Johnson-Meyers",
                    "commenter_meta": null,
                    "comment_text": "Cary Mackenzie she said ... The major",
                    "comment_time": "2022-02-09 22:31:12",
                    "comment_image": null,
                    "comment_reactors": [],
                    "comment_reactions": null,
                    "comment_reaction_count": null
                }
            ]
        },
        {
            "comment_id": "10159553026108904",
            "comment_url": "https://facebook.com/10159553026108904",
            "commenter_id": "584191268",
            "commenter_url": "https://facebook.com/mark.l.smith.39?fref=nf&rc=p&refid=52",
            "commenter_name": "Mark Leslie Smith",
            "commenter_meta": null,
            "comment_text": "It's an insurrection now is it....?\n\nDon't insurrections usually involve more...insurrec\ntioning..?\n\ud83e\udd14",
            "comment_time": "2022-02-09 22:31:00",
            "comment_image": null,
            "comment_reactors": [],
            "comment_reactions": null,
            "comment_reaction_count": null,
            "replies": []
        },
        {
            "comment_id": "10159552881598904",
            "comment_url": "https://facebook.com/10159552881598904",
            "commenter_id": "752276958",
            "commenter_url": "https://facebook.com/vin.scott.7?fref=nf&rc=p&refid=52",
            "commenter_name": "Vin Scott",
            "commenter_meta": null,
            "comment_text": "There ya go. Throw money at it, it'll disappear. Smh",
            "comment_time": "2022-02-09 22:31:00",
            "comment_image": null,
            "comment_reactors": [],
            "comment_reactions": null,
            "comment_reaction_count": null,
            "replies": []
        },
        {
            "comment_id": "10159552377883904",
            "comment_url": "https://facebook.com/10159552377883904",
            "commenter_id": "100006402677472",
            "commenter_url": "https://facebook.com/profile.php?id=100006402677472&fref=nf&rc=p&refid=52",
            "commenter_name": "Natalie Raine",
            "commenter_meta": null,
            "comment_text": "Insurrection !! Give us a break from your nonsense.",
            "comment_time": "2022-02-09 22:31:00",
            "comment_image": null,
            "comment_reactors": [],
            "comment_reactions": null,
            "comment_reaction_count": null,
            "replies": []
        },
        {
            "comment_id": "10159552353018904",
            "comment_url": "https://facebook.com/10159552353018904",
            "commenter_id": "100010819531215",
            "commenter_url": "https://facebook.com/profile.php?id=100010819531215&fref=nf&rc=p&refid=52",
            "commenter_name": "Maggie Ann",
            "commenter_meta": null,
            "comment_text": "Ask the truckers! \u2764\ud83c\udde8\ud83c\udde6",
            "comment_time": "2022-02-09 22:31:00",
            "comment_image": null,
            "comment_reactors": [],
            "comment_reactions": null,
            "comment_reaction_count": null,
            "replies": [
                {
                    "comment_id": "10159552353433904",
                    "comment_url": "https://facebook.com/10159552353433904",
                    "commenter_id": "100073092941731",
                    "commenter_url": "https://facebook.com/profile.php?id=100073092941731&fref=nf&rc=p",
                    "commenter_name": "Lee King Snach",
                    "commenter_meta": null,
                    "comment_text": "Velma Ann I'm a trucker. They are morons.",
                    "comment_time": "2022-02-09 22:31:13",
                    "comment_image": "https://scontent.xx.fbcdn.net/m1/v/t6/An_UvxJXg9tdnLU3Y5qjPi0200MLilhzPXUgxzGjQzUMaNcmjdZA6anyrngvkdub33NZzZhd51fpCAEzNHFhko5aKRFP5fS1w_lKwYrzcNLupv27.png?ccb=10-5&oh=00_AT9C82irDy7Sn8cI_UEelmRC1FY5K5jw2pfWXlZ8QaKL1g&oe=62246CF9&_nc_sid=55e238",
                    "comment_reactors": [],
                    "comment_reactions": null,
                    "comment_reaction_count": null
                },
                {
                    "comment_id": "10159552373718904",
                    "comment_url": "https://facebook.com/10159552373718904",
                    "commenter_id": "100008434897518",
                    "commenter_url": "https://facebook.com/profile.php?id=100008434897518&fref=nf&rc=p",
                    "commenter_name": "Hannah Woods",
                    "commenter_meta": null,
                    "comment_text": "Lee King Snach you\u2019re no more a trucker then I am. Want to be, maybe?",
                    "comment_time": "2022-02-09 22:31:13",
                    "comment_image": null,
                    "comment_reactors": [],
                    "comment_reactions": null,
                    "comment_reaction_count": null
                }
            ]
        },
        {
            "comment_id": "10159553428533904",
            "comment_url": "https://facebook.com/10159553428533904",
            "commenter_id": "610214561",
            "commenter_url": "https://facebook.com/terry.gelinas?fref=nf&rc=p&refid=52",
            "commenter_name": "Terry Gelinas",
            "commenter_meta": null,
            "comment_text": "Time for the army",
            "comment_time": "2022-02-09 22:31:00",
            "comment_image": null,
            "comment_reactors": [],
            "comment_reactions": null,
            "comment_reaction_count": null,
            "replies": []
        },
        {
            "comment_id": "10159552444998904",
            "comment_url": "https://facebook.com/10159552444998904",
            "commenter_id": "503201082",
            "commenter_url": "https://facebook.com/TheGrahamCarter?fref=nf&rc=p&refid=52",
            "commenter_name": "Graham Carter",
            "commenter_meta": null,
            "comment_text": "Unable or unwilling?",
            "comment_time": "2022-02-09 22:31:00",
            "comment_image": null,
            "comment_reactors": [],
            "comment_reactions": null,
            "comment_reaction_count": null,
            "replies": []
        },
        {
            "comment_id": "10159552834368904",
            "comment_url": "https://facebook.com/10159552834368904",
            "commenter_id": "1587237855",
            "commenter_url": "https://facebook.com/michdistasi1?fref=nf&rc=p&refid=52",
            "commenter_name": "Distasi Mich",
            "commenter_meta": null,
            "comment_text": "How about he put pressure on the coward of the country to stop his spoiled child I am not getting my own way so I will continue my temper tantrum top politician to come out from hiding and having everyone else doing his job and meet with these people instead of calling them names and dividing the country, he is the racist full of hate",
            "comment_time": "2022-02-09 22:31:00",
            "comment_image": null,
            "comment_reactors": [],
            "comment_reactions": null,
            "comment_reaction_count": null,
            "replies": []
        },
        {
            "comment_id": "10159553253913904",
            "comment_url": "https://facebook.com/10159553253913904",
            "commenter_id": "1586745692",
            "commenter_url": "https://facebook.com/paul.sammut.545?fref=nf&rc=p&refid=52",
            "commenter_name": "Paul Sammut",
            "commenter_meta": null,
            "comment_text": "Why not try sitting down and having a talk even if you chase them from Ottawa they will set up somewhere else even worse FJT",
            "comment_time": "2022-02-09 22:31:00",
            "comment_image": null,
            "comment_reactors": [],
            "comment_reactions": null,
            "comment_reaction_count": null,
            "replies": [
                {
                    "comment_id": "10159553450798904",
                    "comment_url": "https://facebook.com/10159553450798904",
                    "commenter_id": "806355549",
                    "commenter_url": "https://facebook.com/joanne.johnsonmeyers?fref=nf&rc=p",
                    "commenter_name": "Joanne Johnson-Meyers",
                    "commenter_meta": null,
                    "comment_text": "Paul Sammut good go ... N try",
                    "comment_time": "2022-02-09 22:31:14",
                    "comment_image": null,
                    "comment_reactors": [],
                    "comment_reactions": null,
                    "comment_reaction_count": null
                },
                {
                    "comment_id": "10159553452048904",
                    "comment_url": "https://facebook.com/10159553452048904",
                    "commenter_id": "806355549",
                    "commenter_url": "https://facebook.com/joanne.johnsonmeyers?fref=nf&rc=p",
                    "commenter_name": "Joanne Johnson-Meyers",
                    "commenter_meta": null,
                    "comment_text": "Paul Sammut f you .. Sit down with them ... the good citizens of downtown Ottoawa have tried several times and then told disgusting things by these (peaceful protesters sarcasm all the way there)",
                    "comment_time": "2022-02-09 22:31:14",
                    "comment_image": null,
                    "comment_reactors": [],
                    "comment_reactions": null,
                    "comment_reaction_count": null
                },
                {
                    "comment_id": "10159553454083904",
                    "comment_url": "https://facebook.com/10159553454083904",
                    "commenter_id": "1586745692",
                    "commenter_url": "https://facebook.com/paul.sammut.545?fref=nf&rc=p",
                    "commenter_name": "Paul Sammut",
                    "commenter_meta": null,
                    "comment_text": "Joanne Johnson-Meyers That would be JTs job FJT",
                    "comment_time": "2022-02-09 22:31:14",
                    "comment_image": null,
                    "comment_reactors": [],
                    "comment_reactions": null,
                    "comment_reaction_count": null
                },
                {
                    "comment_id": "10159553511508904",
                    "comment_url": "https://facebook.com/10159553511508904",
                    "commenter_id": "100002465512037",
                    "commenter_url": "https://facebook.com/ann.howardcherski?fref=nf&rc=p",
                    "commenter_name": "Ann Howard-Cherski",
                    "commenter_meta": null,
                    "comment_text": "They sure as hell will. Talk to them, settle this peacefully and lets all move on",
                    "comment_time": "2022-02-09 22:31:14",
                    "comment_image": null,
                    "comment_reactors": [],
                    "comment_reactions": null,
                    "comment_reaction_count": null
                },
                {
                    "comment_id": "10159553531243904",
                    "comment_url": "https://facebook.com/10159553531243904",
                    "commenter_id": "100000135913458",
                    "commenter_url": "https://facebook.com/stephen.rasmussen.73?fref=nf&rc=p",
                    "commenter_name": "Stephen Rasmussen",
                    "commenter_meta": null,
                    "comment_text": "Ann Howard-Cherski f off!",
                    "comment_time": "2022-02-09 22:31:14",
                    "comment_image": null,
                    "comment_reactors": [],
                    "comment_reactions": null,
                    "comment_reaction_count": null
                }
            ]
        },
        {
            "comment_id": "10159553212088904",
            "comment_url": "https://facebook.com/10159553212088904",
            "commenter_id": "1651160512",
            "commenter_url": "https://facebook.com/rino.delvecchio.5?fref=nf&rc=p&refid=52",
            "commenter_name": "Rino del Vecchio",
            "commenter_meta": null,
            "comment_text": "FK the mandates and the problem is over in a couple of hours...",
            "comment_time": "2022-02-09 22:31:01",
            "comment_image": null,
            "comment_reactors": [],
            "comment_reactions": null,
            "comment_reaction_count": null,
            "replies": [
                {
                    "comment_id": "10159553452498904",
                    "comment_url": "https://facebook.com/10159553452498904",
                    "commenter_id": "806355549",
                    "commenter_url": "https://facebook.com/joanne.johnsonmeyers?fref=nf&rc=p",
                    "commenter_name": "Joanne Johnson-Meyers",
                    "commenter_meta": null,
                    "comment_text": "Rino del Vecchio we do not give in to ... Demandes",
                    "comment_time": "2022-02-09 22:31:15",
                    "comment_image": null,
                    "comment_reactors": [],
                    "comment_reactions": null,
                    "comment_reaction_count": null
                }
            ]
        }
    ],
    "reactors": null,
    "w3_fb_url": null,
    "reactions": null,
    "reaction_count": null,
    "with": null,
    "page_id": "140961138903",
    "sharers": null,
    "image_id": null,
    "image_ids": [],
    "was_live": false
}