{
    "original_request_url": "10159571581328904",
    "post_url": "https://facebook.com/story.php?story_fbid=10159571581328904&id=140961138903",
    "post_id": "10159571581328904",
    "text": "Quebec\u2019s efforts to reach the final 10 per cent are providing both lessons and hope\n\nTHEGLOBEANDMAIL.COM\nCanada\u2019s unvaccinated not always who you think they are",
    "post_text": "Quebec\u2019s efforts to reach the final 10 per cent are providing both lessons and hope",
    "shared_text": "THEGLOBEANDMAIL.COM\nCanada\u2019s unvaccinated not always who you think they are",
    "original_text": null,
    "time": "2022-02-19 15:37:08",
    "timestamp": 1645285028,
    "image": "https://www.theglobeandmail.com/resizer/3OwDh7nN30Y9qzY3zkSJyeUVNHA=/1200x798/filters:quality(80)/cloudfront-us-east-1.images.arcpublishing.com/tgam/OV6KABHHUREULNMXQF4H6NOXUQ.JPG",
    "image_lowquality": "https://external-iad3-2.xx.fbcdn.net/safe_image.php?d=AQHS4K0P4WHPI-S7&w=476&h=249&url=https%3A%2F%2Fwww.theglobeandmail.com%2Fresizer%2F3OwDh7nN30Y9qzY3zkSJyeUVNHA%3D%2F1200x798%2Ffilters%3Aquality%2880%29%2Fcloudfront-us-east-1.images.arcpublishing.com%2Ftgam%2FOV6KABHHUREULNMXQF4H6NOXUQ.JPG&cfs=1&jq=75&ext=jpg&_nc_oe=6fad3&_nc_sid=06c271&ccb=3-5&_nc_hash=AQGjeHjcQueq-P9H",
    "images": [
        "https://www.theglobeandmail.com/resizer/3OwDh7nN30Y9qzY3zkSJyeUVNHA=/1200x798/filters:quality(80)/cloudfront-us-east-1.images.arcpublishing.com/tgam/OV6KABHHUREULNMXQF4H6NOXUQ.JPG"
    ],
    "images_description": [],
    "images_lowquality": [
        "https://external-iad3-2.xx.fbcdn.net/safe_image.php?d=AQHS4K0P4WHPI-S7&w=476&h=249&url=https%3A%2F%2Fwww.theglobeandmail.com%2Fresizer%2F3OwDh7nN30Y9qzY3zkSJyeUVNHA%3D%2F1200x798%2Ffilters%3Aquality%2880%29%2Fcloudfront-us-east-1.images.arcpublishing.com%2Ftgam%2FOV6KABHHUREULNMXQF4H6NOXUQ.JPG&cfs=1&jq=75&ext=jpg&_nc_oe=6fad3&_nc_sid=06c271&ccb=3-5&_nc_hash=AQGjeHjcQueq-P9H"
    ],
    "images_lowquality_description": [
        null
    ],
    "video": null,
    "video_duration_seconds": null,
    "video_height": null,
    "video_id": null,
    "video_quality": null,
    "video_size_MB": null,
    "video_thumbnail": null,
    "video_watches": null,
    "video_width": null,
    "likes": 55,
    "comments": 12,
    "shares": 4,
    "link": "http://www.theglobeandmail.com/canada/article-canadas-unvaccinated-not-always-who-you-think-they-are/?utm_campaign=sophi-pop&utm_medium=post&utm_source=facebook&fbclid=IwAR2gpv6zDrhkTS8rAGDyhaOGkmzCJ6maxvEYHx7xFlZTRN5w6gIR4lGIC2U",
    "links": [],
    "user_id": "140961138903",
    "username": "The Globe and Mail",
    "user_url": "https://facebook.com/theglobeandmail/?refid=52",
    "is_live": false,
    "factcheck": null,
    "shared_post_id": null,
    "shared_time": null,
    "shared_user_id": null,
    "shared_username": null,
    "shared_post_url": null,
    "available": true,
    "comments_full": [
        {
            "comment_id": "10159571660148904",
            "comment_url": "https://facebook.com/10159571660148904",
            "commenter_id": "522677372",
            "commenter_url": "https://facebook.com/maureen.parnell?fref=nf&rc=p&refid=52",
            "commenter_name": "Maureen Eede",
            "commenter_meta": null,
            "comment_text": "It has always been this way, to say so publicly had you labeled an anti-vaxxer or conspiracy theorist. I know this from personal experience.",
            "comment_time": "2022-02-18 00:01:17",
            "comment_image": null,
            "comment_reactors": [],
            "comment_reactions": null,
            "comment_reaction_count": null,
            "replies": [
                {
                    "comment_id": "10159571690443904",
                    "comment_url": "https://facebook.com/10159571690443904",
                    "commenter_id": "553711319",
                    "commenter_url": "https://facebook.com/gary.desjardins.3?fref=nf&rc=p",
                    "commenter_name": "Gary Desjardins",
                    "commenter_meta": null,
                    "comment_text": "Maureen Eede pfizer bot",
                    "comment_time": "2022-02-18 00:01:18",
                    "comment_image": "https://scontent.xx.fbcdn.net/m1/v/t6/An_UvxJXg9tdnLU3Y5qjPi0200MLilhzPXUgxzGjQzUMaNcmjdZA6anyrngvkdub33NZzZhd51fpCAEzNHFhko5aKRFP5fS1w_lKwYrzcNLupv27.png?ccb=10-5&oh=00_AT-8IB4_MVzBL0DGJmuoIQF0G7Gnvn-P5033Y0aKKmSWlw&oe=62266739&_nc_sid=55e238",
                    "comment_reactors": [],
                    "comment_reactions": null,
                    "comment_reaction_count": null
                },
                {
                    "comment_id": "10159574090988904",
                    "comment_url": "https://facebook.com/10159574090988904",
                    "commenter_id": "100006758716521",
                    "commenter_url": "https://facebook.com/profile.php?id=100006758716521&fref=nf&rc=p",
                    "commenter_name": "Lesley Brooke",
                    "commenter_meta": null,
                    "comment_text": "Maureen Eede true!",
                    "comment_time": "2022-02-18 00:01:18",
                    "comment_image": null,
                    "comment_reactors": [],
                    "comment_reactions": null,
                    "comment_reaction_count": null
                }
            ]
        },
        {
            "comment_id": "10159573733713904",
            "comment_url": "https://facebook.com/10159573733713904",
            "commenter_id": "591882615",
            "commenter_url": "https://facebook.com/ron.macgillivray.92?fref=nf&rc=p&refid=52",
            "commenter_name": "Ron MacGillivray",
            "commenter_meta": null,
            "comment_text": "Won\u2019t be long before the unvaxxed are considered anyone with two or less jabs.",
            "comment_time": "2022-02-18 00:01:17",
            "comment_image": null,
            "comment_reactors": [],
            "comment_reactions": null,
            "comment_reaction_count": null,
            "replies": [
                {
                    "comment_id": "10159574150053904",
                    "comment_url": "https://facebook.com/10159574150053904",
                    "commenter_id": "100029615885867",
                    "commenter_url": "https://facebook.com/profile.php?id=100029615885867&fref=nf&rc=p",
                    "commenter_name": "Carmen Olivia",
                    "commenter_meta": null,
                    "comment_text": "Ron MacGillivray , welcome to viruses.",
                    "comment_time": "2022-02-18 00:01:18",
                    "comment_image": null,
                    "comment_reactors": [],
                    "comment_reactions": null,
                    "comment_reaction_count": null
                },
                {
                    "comment_id": "10159577735848904",
                    "comment_url": "https://facebook.com/10159577735848904",
                    "commenter_id": "100000721970123",
                    "commenter_url": "https://facebook.com/doug.richardson.562?fref=nf&rc=p",
                    "commenter_name": "Doug Richardson",
                    "commenter_meta": null,
                    "comment_text": "Ron MacGillivray The RCMP not vaxed they say.",
                    "comment_time": "2022-02-25 00:01:18",
                    "comment_image": null,
                    "comment_reactors": [],
                    "comment_reactions": null,
                    "comment_reaction_count": null
                }
            ]
        },
        {
            "comment_id": "10159572628618904",
            "comment_url": "https://facebook.com/10159572628618904",
            "commenter_id": "100070820745275",
            "commenter_url": "https://facebook.com/profile.php?id=100070820745275&fref=nf&rc=p&refid=52",
            "commenter_name": "Sasha Krainikova",
            "commenter_meta": null,
            "comment_text": "Or just leave us the hell alone and stop trying to make sense of perfectly normal human beings who have made their own personal choices? Idk seems like a reasonable request.",
            "comment_time": "2022-02-18 00:01:17",
            "comment_image": null,
            "comment_reactors": [],
            "comment_reactions": null,
            "comment_reaction_count": null,
            "replies": [
                {
                    "comment_id": "10159574090588904",
                    "comment_url": "https://facebook.com/10159574090588904",
                    "commenter_id": "100006758716521",
                    "commenter_url": "https://facebook.com/profile.php?id=100006758716521&fref=nf&rc=p",
                    "commenter_name": "Lesley Brooke",
                    "commenter_meta": null,
                    "comment_text": "Sasha Krainikova \ud83d\ude4f",
                    "comment_time": "2022-02-18 00:01:19",
                    "comment_image": "https://scontent.xx.fbcdn.net/m1/v/t6/An-SJYN61eefFdoaV8pa0G_5_APCa0prZaqkZGXpCFeUCLCg89UPOqSkSZxJkLy0hAKKpUIPEB91mo9yBBfcAqcwmpEu5jN_jmJufFtJoVJCUklu.png?ccb=10-5&oh=00_AT_uC16R89XISW2BLH-gvAeIZ-6knN-rLSiRLuYO7e7b3A&oe=6225C35F&_nc_sid=55e238",
                    "comment_reactors": [],
                    "comment_reactions": null,
                    "comment_reaction_count": null
                },
                {
                    "comment_id": "10159574173268904",
                    "comment_url": "https://facebook.com/10159574173268904",
                    "commenter_id": "28112860",
                    "commenter_url": "https://facebook.com/aziza.mamedova1987?fref=nf&rc=p",
                    "commenter_name": "Aziza Mamoru",
                    "commenter_meta": null,
                    "comment_text": "Sasha Krainikova bad choices you mean? Selfish choices you mean?",
                    "comment_time": "2022-02-18 00:01:19",
                    "comment_image": "https://scontent.xx.fbcdn.net/m1/v/t6/An_F9bJG7govfshSMBkvcRLcxT0jmiXVYKtr7lgH5AHgUrjjpZ1OD0xyxXYgf7arc0lWgCdrR_KN4Mg7RSN3Gm3W6Gg03N1tQ-ZXzVvFJ_KvvB4.png?ccb=10-5&oh=00_AT95623ZBW5YJ0Q2WmnW2bWTGPhSGCS23eXvXSocAisvYw&oe=622639A7&_nc_sid=55e238",
                    "comment_reactors": [],
                    "comment_reactions": null,
                    "comment_reaction_count": null
                },
                {
                    "comment_id": "10159574187103904",
                    "comment_url": "https://facebook.com/10159574187103904",
                    "commenter_id": "100006758716521",
                    "commenter_url": "https://facebook.com/profile.php?id=100006758716521&fref=nf&rc=p",
                    "commenter_name": "Lesley Brooke",
                    "commenter_meta": null,
                    "comment_text": "Aziza Mamedova spare me your sanctimonious response! Imagine believing that wellness can only be achieved through questionable injectionSSSSSS\nSS",
                    "comment_time": "2022-02-18 00:01:19",
                    "comment_image": "https://scontent.xx.fbcdn.net/m1/v/t6/An_UvxJXg9tdnLU3Y5qjPi0200MLilhzPXUgxzGjQzUMaNcmjdZA6anyrngvkdub33NZzZhd51fpCAEzNHFhko5aKRFP5fS1w_lKwYrzcNLupv27.png?ccb=10-5&oh=00_AT-8IB4_MVzBL0DGJmuoIQF0G7Gnvn-P5033Y0aKKmSWlw&oe=62266739&_nc_sid=55e238",
                    "comment_reactors": [],
                    "comment_reactions": null,
                    "comment_reaction_count": null
                },
                {
                    "comment_id": "10159574187523904",
                    "comment_url": "https://facebook.com/10159574187523904",
                    "commenter_id": "100006758716521",
                    "commenter_url": "https://facebook.com/profile.php?id=100006758716521&fref=nf&rc=p",
                    "commenter_name": "Lesley Brooke",
                    "commenter_meta": null,
                    "comment_text": "Aziza Mamedova I\u2019ve seen injuries you \ud83e\udd21",
                    "comment_time": "2022-02-18 00:01:19",
                    "comment_image": "https://scontent.xx.fbcdn.net/m1/v/t6/An-SJYN61eefFdoaV8pa0G_5_APCa0prZaqkZGXpCFeUCLCg89UPOqSkSZxJkLy0hAKKpUIPEB91mo9yBBfcAqcwmpEu5jN_jmJufFtJoVJCUklu.png?ccb=10-5&oh=00_AT_uC16R89XISW2BLH-gvAeIZ-6knN-rLSiRLuYO7e7b3A&oe=6225C35F&_nc_sid=55e238",
                    "comment_reactors": [],
                    "comment_reactions": null,
                    "comment_reaction_count": null
                },
                {
                    "comment_id": "10159574187953904",
                    "comment_url": "https://facebook.com/10159574187953904",
                    "commenter_id": "100070820745275",
                    "commenter_url": "https://facebook.com/profile.php?id=100070820745275&fref=nf&rc=p",
                    "commenter_name": "Sasha Krainikova",
                    "commenter_meta": null,
                    "comment_text": "Aziza Mamedova selfish is you thinking you have absolutely any say about my health and how I get to live my life. Bye.",
                    "comment_time": "2022-02-18 00:01:19",
                    "comment_image": "https://scontent.xx.fbcdn.net/m1/v/t6/An-9fyYLftTy_Mg2cJpugh-vEVNfbtI-fVn4FNS7K-sgIMu9pT62Tb1u9Dfm-xYLtjbLQk-yVHp_IlY_4iMVYp0xLpO7sJvbxbC2OIiRxzS02cOuKEoo.png?ccb=10-5&oh=00_AT_evvEPzgG8oHH2CbVxQnG10RnLSPdfk3RDCKguKxkKDQ&oe=62271858&_nc_sid=55e238",
                    "comment_reactors": [],
                    "comment_reactions": null,
                    "comment_reaction_count": null
                },
                {
                    "comment_id": "10159574189468904",
                    "comment_url": "https://facebook.com/10159574189468904",
                    "commenter_id": "100070820745275",
                    "commenter_url": "https://facebook.com/profile.php?id=100070820745275&fref=nf&rc=p",
                    "commenter_name": "Sasha Krainikova",
                    "commenter_meta": null,
                    "comment_text": "Lesley Brooke I don\u2019t think she\u2019s actually read about any data pertaining to the efficacy of vaccines nor has she listened to anything other than MSM. It\u2019s ok. One day these people will wake up.",
                    "comment_time": "2022-02-18 00:01:19",
                    "comment_image": null,
                    "comment_reactors": [],
                    "comment_reactions": null,
                    "comment_reaction_count": null
                },
                {
                    "comment_id": "10159574201838904",
                    "comment_url": "https://facebook.com/10159574201838904",
                    "commenter_id": "100006758716521",
                    "commenter_url": "https://facebook.com/profile.php?id=100006758716521&fref=nf&rc=p",
                    "commenter_name": "Lesley Brooke",
                    "commenter_meta": null,
                    "comment_text": "Sasha Krainikova the jabbed haven\u2019t done much research at all. Otherwise, they would have waited to see the outcome. The willingness to take this experimental jab blew my mind",
                    "comment_time": "2022-02-18 00:01:19",
                    "comment_image": "https://scontent.xx.fbcdn.net/m1/v/t6/An_UvxJXg9tdnLU3Y5qjPi0200MLilhzPXUgxzGjQzUMaNcmjdZA6anyrngvkdub33NZzZhd51fpCAEzNHFhko5aKRFP5fS1w_lKwYrzcNLupv27.png?ccb=10-5&oh=00_AT-8IB4_MVzBL0DGJmuoIQF0G7Gnvn-P5033Y0aKKmSWlw&oe=62266739&_nc_sid=55e238",
                    "comment_reactors": [],
                    "comment_reactions": null,
                    "comment_reaction_count": null
                },
                {
                    "comment_id": "10159574202683904",
                    "comment_url": "https://facebook.com/10159574202683904",
                    "commenter_id": "100006758716521",
                    "commenter_url": "https://facebook.com/profile.php?id=100006758716521&fref=nf&rc=p",
                    "commenter_name": "Lesley Brooke",
                    "commenter_meta": null,
                    "comment_text": "Autoimmune disease is insidious and can years to present itself",
                    "comment_time": "2022-02-18 00:01:19",
                    "comment_image": "https://scontent.xx.fbcdn.net/m1/v/t6/An_UvxJXg9tdnLU3Y5qjPi0200MLilhzPXUgxzGjQzUMaNcmjdZA6anyrngvkdub33NZzZhd51fpCAEzNHFhko5aKRFP5fS1w_lKwYrzcNLupv27.png?ccb=10-5&oh=00_AT-8IB4_MVzBL0DGJmuoIQF0G7Gnvn-P5033Y0aKKmSWlw&oe=62266739&_nc_sid=55e238",
                    "comment_reactors": [],
                    "comment_reactions": null,
                    "comment_reaction_count": null
                },
                {
                    "comment_id": "10159574233023904",
                    "comment_url": "https://facebook.com/10159574233023904",
                    "commenter_id": "28112860",
                    "commenter_url": "https://facebook.com/aziza.mamedova1987?fref=nf&rc=p",
                    "commenter_name": "Aziza Mamoru",
                    "commenter_meta": null,
                    "comment_text": "Sasha Krainikova it's not just about you though. It's not just your health on the line. The way you live your life impacts others. That's why we care about it. Otherwise you would be more than welcome to contract whatever diseases you like.",
                    "comment_time": "2022-02-18 00:01:19",
                    "comment_image": null,
                    "comment_reactors": [],
                    "comment_reactions": null,
                    "comment_reaction_count": null
                },
                {
                    "comment_id": "10159574242313904",
                    "comment_url": "https://facebook.com/10159574242313904",
                    "commenter_id": "100070820745275",
                    "commenter_url": "https://facebook.com/profile.php?id=100070820745275&fref=nf&rc=p",
                    "commenter_name": "Sasha Krainikova",
                    "commenter_meta": null,
                    "comment_text": "Aziza Mamedova how does what I put in my body impact you? Again, it has been proven the thing doesn\u2019t stop transmission, and you with your three shots have the same symptoms and likelihood of contracting cvid (and perhaps more considering your immune system no longer functions as it should). You don\u2019t get to trot in here and act like a victim while calling people selfish based on toxic, divisive rhetoric you\u2019ve decided to subscribe to online.",
                    "comment_time": "2022-02-18 00:01:19",
                    "comment_image": null,
                    "comment_reactors": [],
                    "comment_reactions": null,
                    "comment_reaction_count": null
                },
                {
                    "comment_id": "10159574243638904",
                    "comment_url": "https://facebook.com/10159574243638904",
                    "commenter_id": "100070820745275",
                    "commenter_url": "https://facebook.com/profile.php?id=100070820745275&fref=nf&rc=p",
                    "commenter_name": "Sasha Krainikova",
                    "commenter_meta": null,
                    "comment_text": "Aziza Mamedova and my health isn\u2019t on the line, actually. My health is flourishing because I take personal accountability and take care of my body. However, if I was bullied into coercion by self righteous know it alls like you who like to stick their noses in places where it doesn\u2019t concern, I\u2019d be open to a slew of possibilities of health issues.",
                    "comment_time": "2022-02-18 00:01:19",
                    "comment_image": null,
                    "comment_reactors": [],
                    "comment_reactions": null,
                    "comment_reaction_count": null
                }
            ]
        },
        {
            "comment_id": "10159572005343904",
            "comment_url": "https://facebook.com/10159572005343904",
            "commenter_id": "573501203",
            "commenter_url": "https://facebook.com/john.blair.777701?fref=nf&rc=p&refid=52",
            "commenter_name": "John Blair",
            "commenter_meta": null,
            "comment_text": "Helpful article on the remaining 10% especially if, like me, you tend to assume they are all either conspiracy theorists or hopelessly uninformed, unscientific and intractable. Like all generalizing, that is wrong and unfair.",
            "comment_time": "2022-02-18 00:01:17",
            "comment_image": null,
            "comment_reactors": [],
            "comment_reactions": null,
            "comment_reaction_count": null,
            "replies": []
        },
        {
            "comment_id": "10159574183383904",
            "comment_url": "https://facebook.com/10159574183383904",
            "commenter_id": "100005717680477",
            "commenter_url": "https://facebook.com/tom.hartai?fref=nf&rc=p&refid=52",
            "commenter_name": "Tom Hartai",
            "commenter_meta": null,
            "comment_text": "Who cares . That's their private business.",
            "comment_time": "2022-02-18 00:01:17",
            "comment_image": null,
            "comment_reactors": [],
            "comment_reactions": null,
            "comment_reaction_count": null,
            "replies": []
        },
        {
            "comment_id": "10159574232528904",
            "comment_url": "https://facebook.com/10159574232528904",
            "commenter_id": "100000721970123",
            "commenter_url": "https://facebook.com/doug.richardson.562?fref=nf&rc=p&refid=52",
            "commenter_name": "Doug Richardson",
            "commenter_meta": null,
            "comment_text": "They said the RCMP were not Vax.",
            "comment_time": "2022-02-18 00:01:17",
            "comment_image": null,
            "comment_reactors": [],
            "comment_reactions": null,
            "comment_reaction_count": null,
            "replies": [
                {
                    "comment_id": "10159577589538904",
                    "comment_url": "https://facebook.com/10159577589538904",
                    "commenter_id": "1168052052",
                    "commenter_url": "https://facebook.com/mary.raymundo.5?fref=nf&rc=p",
                    "commenter_name": "Mary Ann A Raymundo",
                    "commenter_meta": null,
                    "comment_text": "Doug Richardson I heard someone in an interview of a police that they are not mandatory to get vaccine..",
                    "comment_time": "2022-02-25 00:01:21",
                    "comment_image": null,
                    "comment_reactors": [],
                    "comment_reactions": null,
                    "comment_reaction_count": null
                },
                {
                    "comment_id": "10159577734098904",
                    "comment_url": "https://facebook.com/10159577734098904",
                    "commenter_id": "100000721970123",
                    "commenter_url": "https://facebook.com/doug.richardson.562?fref=nf&rc=p",
                    "commenter_name": "Doug Richardson",
                    "commenter_meta": null,
                    "comment_text": "Mary Ann A Raymundo That right there tells you the Vaccine is poison I'm thinking.",
                    "comment_time": "2022-02-25 00:01:21",
                    "comment_image": "https://scontent.xx.fbcdn.net/m1/v/t6/An_UvxJXg9tdnLU3Y5qjPi0200MLilhzPXUgxzGjQzUMaNcmjdZA6anyrngvkdub33NZzZhd51fpCAEzNHFhko5aKRFP5fS1w_lKwYrzcNLupv27.png?ccb=10-5&oh=00_AT-8IB4_MVzBL0DGJmuoIQF0G7Gnvn-P5033Y0aKKmSWlw&oe=62266739&_nc_sid=55e238",
                    "comment_reactors": [],
                    "comment_reactions": null,
                    "comment_reaction_count": null
                }
            ]
        },
        {
            "comment_id": "10159571918063904",
            "comment_url": "https://facebook.com/10159571918063904",
            "commenter_id": "100004128970537",
            "commenter_url": "https://facebook.com/chris.urban.3956?fref=nf&rc=p&refid=52",
            "commenter_name": "Chris Urban",
            "commenter_meta": null,
            "comment_text": "Who really cares who\u2019s vaccinated and who\u2019s not? The virus is over, and it\u2019s time to move on with his BS",
            "comment_time": "2022-02-18 00:01:17",
            "comment_image": null,
            "comment_reactors": [],
            "comment_reactions": null,
            "comment_reaction_count": null,
            "replies": []
        },
        {
            "comment_id": "10159574269298904",
            "comment_url": "https://facebook.com/10159574269298904",
            "commenter_id": "510871302",
            "commenter_url": "https://facebook.com/rick.fulford.1?fref=nf&rc=p&refid=52",
            "commenter_name": "Rick Fulford",
            "commenter_meta": null,
            "comment_text": "Oh, please...do tell us who we think they are.\n\nMeanwhile we will all watch the fully vaccinated admitted to the hospital",
            "comment_time": "2022-02-18 00:01:17",
            "comment_image": null,
            "comment_reactors": [],
            "comment_reactions": null,
            "comment_reaction_count": null,
            "replies": []
        },
        {
            "comment_id": "10159573907583904",
            "comment_url": "https://facebook.com/10159573907583904",
            "commenter_id": "28112860",
            "commenter_url": "https://facebook.com/aziza.mamedova1987?fref=nf&rc=p&refid=52",
            "commenter_name": "Aziza Mamoru",
            "commenter_meta": null,
            "comment_text": "I don't really care who they are",
            "comment_time": "2022-02-18 00:01:17",
            "comment_image": null,
            "comment_reactors": [],
            "comment_reactions": null,
            "comment_reaction_count": null,
            "replies": []
        },
        {
            "comment_id": "10159573098983904",
            "comment_url": "https://facebook.com/10159573098983904",
            "commenter_id": "510866349",
            "commenter_url": "https://facebook.com/lbrizard?fref=nf&rc=p&refid=52",
            "commenter_name": "Lance Brizard",
            "commenter_meta": null,
            "comment_text": "It doesn't stop spread. Why keep beating this dead horse?",
            "comment_time": "2022-02-18 00:01:17",
            "comment_image": null,
            "comment_reactors": [],
            "comment_reactions": null,
            "comment_reaction_count": null,
            "replies": [
                {
                    "comment_id": "10159573194848904",
                    "comment_url": "https://facebook.com/10159573194848904",
                    "commenter_id": "100004401003959",
                    "commenter_url": "https://facebook.com/james.macgregor.1485?fref=nf&rc=p",
                    "commenter_name": "James MacGregor",
                    "commenter_meta": null,
                    "comment_text": "Lance Brizard would you rather have a few sniffles, or be in the ICU?",
                    "comment_time": "2022-02-18 00:01:21",
                    "comment_image": "https://scontent.xx.fbcdn.net/m1/v/t6/An_F9bJG7govfshSMBkvcRLcxT0jmiXVYKtr7lgH5AHgUrjjpZ1OD0xyxXYgf7arc0lWgCdrR_KN4Mg7RSN3Gm3W6Gg03N1tQ-ZXzVvFJ_KvvB4.png?ccb=10-5&oh=00_AT95623ZBW5YJ0Q2WmnW2bWTGPhSGCS23eXvXSocAisvYw&oe=622639A7&_nc_sid=55e238",
                    "comment_reactors": [],
                    "comment_reactions": null,
                    "comment_reaction_count": null
                },
                {
                    "comment_id": "10159573363168904",
                    "comment_url": "https://facebook.com/10159573363168904",
                    "commenter_id": "503250019",
                    "commenter_url": "https://facebook.com/anton.zbv?fref=nf&rc=p",
                    "commenter_name": "Anton Zbv",
                    "commenter_meta": null,
                    "comment_text": "James MacGregor you dont look healthy i would get it if i were you",
                    "comment_time": "2022-02-18 00:01:21",
                    "comment_image": null,
                    "comment_reactors": [],
                    "comment_reactions": null,
                    "comment_reaction_count": null
                },
                {
                    "comment_id": "10159573377218904",
                    "comment_url": "https://facebook.com/10159573377218904",
                    "commenter_id": "510866349",
                    "commenter_url": "https://facebook.com/lbrizard?fref=nf&rc=p",
                    "commenter_name": "Lance Brizard",
                    "commenter_meta": null,
                    "comment_text": "Anton Zbv I trust my immune system I am not in an at risk group. I socially distanced before covid made it cool. I'll be fine. Even if I dod catch it and it was bad, I still wouldn't bother with our terrible healtcare system. The majority of my experiences have been quite negative",
                    "comment_time": "2022-02-18 00:01:21",
                    "comment_image": null,
                    "comment_reactors": [],
                    "comment_reactions": null,
                    "comment_reaction_count": null
                },
                {
                    "comment_id": "10159573378118904",
                    "comment_url": "https://facebook.com/10159573378118904",
                    "commenter_id": "510866349",
                    "commenter_url": "https://facebook.com/lbrizard?fref=nf&rc=p",
                    "commenter_name": "Lance Brizard",
                    "commenter_meta": null,
                    "comment_text": "Anton Zbv sorry that comment was supposed to be directed at James MacGregor",
                    "comment_time": "2022-02-18 00:01:21",
                    "comment_image": "https://scontent.xx.fbcdn.net/m1/v/t6/An_UvxJXg9tdnLU3Y5qjPi0200MLilhzPXUgxzGjQzUMaNcmjdZA6anyrngvkdub33NZzZhd51fpCAEzNHFhko5aKRFP5fS1w_lKwYrzcNLupv27.png?ccb=10-5&oh=00_AT-8IB4_MVzBL0DGJmuoIQF0G7Gnvn-P5033Y0aKKmSWlw&oe=62266739&_nc_sid=55e238",
                    "comment_reactors": [],
                    "comment_reactions": null,
                    "comment_reaction_count": null
                },
                {
                    "comment_id": "10159573531958904",
                    "comment_url": "https://facebook.com/10159573531958904",
                    "commenter_id": "100004401003959",
                    "commenter_url": "https://facebook.com/james.macgregor.1485?fref=nf&rc=p",
                    "commenter_name": "James MacGregor",
                    "commenter_meta": null,
                    "comment_text": "Anton Zbv I got my 3 vaccines, not that it\u2019s any of your business!",
                    "comment_time": "2022-02-18 00:01:21",
                    "comment_image": null,
                    "comment_reactors": [],
                    "comment_reactions": null,
                    "comment_reaction_count": null
                },
                {
                    "comment_id": "10159573543488904",
                    "comment_url": "https://facebook.com/10159573543488904",
                    "commenter_id": "510866349",
                    "commenter_url": "https://facebook.com/lbrizard?fref=nf&rc=p",
                    "commenter_name": "Lance Brizard",
                    "commenter_meta": null,
                    "comment_text": "James MacGregor so then what are you so scared of?",
                    "comment_time": "2022-02-18 00:01:21",
                    "comment_image": null,
                    "comment_reactors": [],
                    "comment_reactions": null,
                    "comment_reaction_count": null
                },
                {
                    "comment_id": "10159573553398904",
                    "comment_url": "https://facebook.com/10159573553398904",
                    "commenter_id": "100004401003959",
                    "commenter_url": "https://facebook.com/james.macgregor.1485?fref=nf&rc=p",
                    "commenter_name": "James MacGregor",
                    "commenter_meta": null,
                    "comment_text": "Lance Brizard maybe I think about more than just myself.",
                    "comment_time": "2022-02-18 00:01:22",
                    "comment_image": null,
                    "comment_reactors": [],
                    "comment_reactions": null,
                    "comment_reaction_count": null
                },
                {
                    "comment_id": "10159573574798904",
                    "comment_url": "https://facebook.com/10159573574798904",
                    "commenter_id": "510866349",
                    "commenter_url": "https://facebook.com/lbrizard?fref=nf&rc=p",
                    "commenter_name": "Lance Brizard",
                    "commenter_meta": null,
                    "comment_text": "James MacGregor jab doesn't prevent spread so clearly you don't think about others if you're willing to force your fear on others",
                    "comment_time": "2022-02-18 00:01:22",
                    "comment_image": null,
                    "comment_reactors": [],
                    "comment_reactions": null,
                    "comment_reaction_count": null
                },
                {
                    "comment_id": "10159573608578904",
                    "comment_url": "https://facebook.com/10159573608578904",
                    "commenter_id": "503250019",
                    "commenter_url": "https://facebook.com/anton.zbv?fref=nf&rc=p",
                    "commenter_name": "Anton Zbv",
                    "commenter_meta": null,
                    "comment_text": "James MacGregor you can get 10 for all i care, just let me live my life you know?",
                    "comment_time": "2022-02-18 00:01:22",
                    "comment_image": null,
                    "comment_reactors": [],
                    "comment_reactions": null,
                    "comment_reaction_count": null
                }
            ]
        },
        {
            "comment_id": "10159573965188904",
            "comment_url": "https://facebook.com/10159573965188904",
            "commenter_id": "513370886",
            "commenter_url": "https://facebook.com/jason.merritt.96?fref=nf&rc=p&refid=52",
            "commenter_name": "Jason Merritt",
            "commenter_meta": null,
            "comment_text": "They really aren't gonna let this go until every man woman and child is jabbed repeatedly.\nScary. What is the purpose?. Since we were clearly lied to when told 80% would get us back to normal. \ud83d\ude12 \ud83e\udd14",
            "comment_time": "2022-02-18 00:01:17",
            "comment_image": null,
            "comment_reactors": [],
            "comment_reactions": null,
            "comment_reaction_count": null,
            "replies": []
        },
        {
            "comment_id": "10159576779233904",
            "comment_url": "https://facebook.com/10159576779233904",
            "commenter_id": "513062058",
            "commenter_url": "https://facebook.com/alicia.stacey.7?fref=nf&rc=p&refid=52",
            "commenter_name": "Alicia Stacey",
            "commenter_meta": null,
            "comment_text": "Desperate to eliminate the control group.",
            "comment_time": "2022-02-25 00:01:17",
            "comment_image": null,
            "comment_reactors": [],
            "comment_reactions": null,
            "comment_reaction_count": null,
            "replies": []
        }
    ],
    "reactors": null,
    "w3_fb_url": null,
    "reactions": null,
    "reaction_count": null,
    "with": null,
    "page_id": "140961138903",
    "sharers": null,
    "image_id": null,
    "image_ids": [],
    "was_live": false
}