{
    "original_request_url": "10159578374818904",
    "post_url": "https://facebook.com/story.php?story_fbid=10159578374818904&id=140961138903",
    "post_id": "10159578374818904",
    "text": "Andrew Cohen: The occupation of Ottawa was the apotheosis of an inept city. How could this happen in the capital of a G8 country? Easily, actually, if you have an autocratic mayor, a weak city council and a contented constituency\n\nTHEGLOBEANDMAIL.COM\nThe occupation showed Ottawa is a city still satisfied with mediocrity",
    "post_text": "Andrew Cohen: The occupation of Ottawa was the apotheosis of an inept city. How could this happen in the capital of a G8 country? Easily, actually, if you have an autocratic mayor, a weak city council and a contented constituency",
    "shared_text": "THEGLOBEANDMAIL.COM\nThe occupation showed Ottawa is a city still satisfied with mediocrity",
    "original_text": null,
    "time": "2022-02-23 14:03:53",
    "timestamp": 1645625033,
    "image": "https://www.theglobeandmail.com/resizer/y4tUXcfcKvQgifoUkae3NI3wGxE=/1200x800/filters:quality(80)/cloudfront-us-east-1.images.arcpublishing.com/tgam/2GBKCGGXUBBERG453CJZ26S3DM.jpg",
    "image_lowquality": "https://external-sea1-1.xx.fbcdn.net/safe_image.php?d=AQFrt8-8EueDSX-j&w=476&h=249&url=https%3A%2F%2Fwww.theglobeandmail.com%2Fresizer%2Fy4tUXcfcKvQgifoUkae3NI3wGxE%3D%2F1200x800%2Ffilters%3Aquality%2880%29%2Fcloudfront-us-east-1.images.arcpublishing.com%2Ftgam%2F2GBKCGGXUBBERG453CJZ26S3DM.jpg&cfs=1&jq=75&ext=jpg&_nc_oe=6fab4&_nc_sid=06c271&ccb=3-5&_nc_hash=AQHJ0jkqxhmcyoAS",
    "images": [
        "https://www.theglobeandmail.com/resizer/y4tUXcfcKvQgifoUkae3NI3wGxE=/1200x800/filters:quality(80)/cloudfront-us-east-1.images.arcpublishing.com/tgam/2GBKCGGXUBBERG453CJZ26S3DM.jpg"
    ],
    "images_description": [],
    "images_lowquality": [
        "https://external-sea1-1.xx.fbcdn.net/safe_image.php?d=AQFrt8-8EueDSX-j&w=476&h=249&url=https%3A%2F%2Fwww.theglobeandmail.com%2Fresizer%2Fy4tUXcfcKvQgifoUkae3NI3wGxE%3D%2F1200x800%2Ffilters%3Aquality%2880%29%2Fcloudfront-us-east-1.images.arcpublishing.com%2Ftgam%2F2GBKCGGXUBBERG453CJZ26S3DM.jpg&cfs=1&jq=75&ext=jpg&_nc_oe=6fab4&_nc_sid=06c271&ccb=3-5&_nc_hash=AQHJ0jkqxhmcyoAS"
    ],
    "images_lowquality_description": [
        null
    ],
    "video": null,
    "video_duration_seconds": null,
    "video_height": null,
    "video_id": null,
    "video_quality": null,
    "video_size_MB": null,
    "video_thumbnail": null,
    "video_watches": null,
    "video_width": null,
    "likes": 52,
    "comments": 3,
    "shares": 13,
    "link": "http://www.theglobeandmail.com/opinion/article-the-occupation-showed-ottawa-is-a-city-still-satisfied-with-mediocrity/?utm_campaign=sophi-pop&utm_medium=post&utm_source=facebook&fbclid=IwAR1w-m4_bI5XYZ42pU69zejXltQXILPp-HjwI0KC8cqrSnGMWeSepkNQ0HA",
    "links": [],
    "user_id": "140961138903",
    "username": "The Globe and Mail",
    "user_url": "https://facebook.com/theglobeandmail/?refid=52",
    "is_live": false,
    "factcheck": null,
    "shared_post_id": null,
    "shared_time": null,
    "shared_user_id": null,
    "shared_username": null,
    "shared_post_url": null,
    "available": true,
    "comments_full": [
        {
            "comment_id": "10159578434778904",
            "comment_url": "https://facebook.com/10159578434778904",
            "commenter_id": "100003663727479",
            "commenter_url": "https://facebook.com/bill.roest?fref=nf&rc=p&refid=52",
            "commenter_name": "Bill Roest",
            "commenter_meta": null,
            "comment_text": "Lots of interference by politicians of all levels with the police during this protest.",
            "comment_time": "2022-02-23 17:46:49",
            "comment_image": null,
            "comment_reactors": [],
            "comment_reactions": null,
            "comment_reaction_count": null,
            "replies": []
        },
        {
            "comment_id": "10159578460978904",
            "comment_url": "https://facebook.com/10159578460978904",
            "commenter_id": "545952038",
            "commenter_url": "https://facebook.com/profile.php?id=545952038&fref=nf&rc=p&refid=52",
            "commenter_name": "John P Sargeant",
            "commenter_meta": "Top fan",
            "comment_text": "It also showed that Canada is a free society where your opinions can be expressed, however inconveniently and misguided they might be. Freedom comes with the burden of allowing the outrageous their expression. What should have happened, happened. Give them their day(s) of sign-waving and honking and then put in place the legal means of ending their inconvenience to the rest of us. I say \"Well Played\".",
            "comment_time": "2022-02-23 17:46:49",
            "comment_image": null,
            "comment_reactors": [],
            "comment_reactions": null,
            "comment_reaction_count": null,
            "replies": []
        },
        {
            "comment_id": "10159578554223904",
            "comment_url": "https://facebook.com/10159578554223904",
            "commenter_id": "502126488",
            "commenter_url": "https://facebook.com/matt.jonathan.7?fref=nf&rc=p&refid=52",
            "commenter_name": "Matt Jonathan",
            "commenter_meta": null,
            "comment_text": "In fairness, Canada is a country TOO satisfied with mediocrity.",
            "comment_time": "2022-02-23 17:46:49",
            "comment_image": null,
            "comment_reactors": [],
            "comment_reactions": null,
            "comment_reaction_count": null,
            "replies": []
        }
    ],
    "reactors": null,
    "w3_fb_url": null,
    "reactions": null,
    "reaction_count": null,
    "with": null,
    "page_id": "140961138903",
    "sharers": null,
    "image_id": null,
    "image_ids": [],
    "was_live": false
}