{
    "original_request_url": "10159568138098904",
    "post_url": "https://facebook.com/story.php?story_fbid=10159568138098904&id=140961138903",
    "post_id": "10159568138098904",
    "text": "Tanya Talaga: At a time when Canadians at large are losing faith in an institution that has long ignored law and order when it comes to Indigenous and Black communities, we need a conversation around wholesale reform\n\nTHEGLOBEANDMAIL.COM\nThe convoy protests are an opportunity to talk about what defunding the police actually means",
    "post_text": "Tanya Talaga: At a time when Canadians at large are losing faith in an institution that has long ignored law and order when it comes to Indigenous and Black communities, we need a conversation around wholesale reform",
    "shared_text": "THEGLOBEANDMAIL.COM\nThe convoy protests are an opportunity to talk about what defunding the police actually means",
    "original_text": null,
    "time": "2022-02-17 16:54:14",
    "timestamp": 1645116854,
    "image": "https://www.theglobeandmail.com/resizer/5qfyBxAQo2rnZqixQr0j0_f3u5w=/1200x800/filters:quality(80)/cloudfront-us-east-1.images.arcpublishing.com/tgam/VFH2XOHKLZN6RGRXSF4YB6JMYU.JPG",
    "image_lowquality": "https://external-sea1-1.xx.fbcdn.net/safe_image.php?d=AQGLN6w7YDKUfkbJ&w=476&h=249&url=https%3A%2F%2Fwww.theglobeandmail.com%2Fresizer%2F5qfyBxAQo2rnZqixQr0j0_f3u5w%3D%2F1200x800%2Ffilters%3Aquality%2880%29%2Fcloudfront-us-east-1.images.arcpublishing.com%2Ftgam%2FVFH2XOHKLZN6RGRXSF4YB6JMYU.JPG&cfs=1&jq=75&ext=jpg&_nc_oe=6fab5&_nc_sid=06c271&ccb=3-5&_nc_hash=AQERwhZ-gpkFLgWh",
    "images": [
        "https://www.theglobeandmail.com/resizer/5qfyBxAQo2rnZqixQr0j0_f3u5w=/1200x800/filters:quality(80)/cloudfront-us-east-1.images.arcpublishing.com/tgam/VFH2XOHKLZN6RGRXSF4YB6JMYU.JPG"
    ],
    "images_description": [],
    "images_lowquality": [
        "https://external-sea1-1.xx.fbcdn.net/safe_image.php?d=AQGLN6w7YDKUfkbJ&w=476&h=249&url=https%3A%2F%2Fwww.theglobeandmail.com%2Fresizer%2F5qfyBxAQo2rnZqixQr0j0_f3u5w%3D%2F1200x800%2Ffilters%3Aquality%2880%29%2Fcloudfront-us-east-1.images.arcpublishing.com%2Ftgam%2FVFH2XOHKLZN6RGRXSF4YB6JMYU.JPG&cfs=1&jq=75&ext=jpg&_nc_oe=6fab5&_nc_sid=06c271&ccb=3-5&_nc_hash=AQERwhZ-gpkFLgWh"
    ],
    "images_lowquality_description": [
        null
    ],
    "video": null,
    "video_duration_seconds": null,
    "video_height": null,
    "video_id": null,
    "video_quality": null,
    "video_size_MB": null,
    "video_thumbnail": null,
    "video_watches": null,
    "video_width": null,
    "likes": 83,
    "comments": 9,
    "shares": 23,
    "link": "http://www.theglobeandmail.com/opinion/article-the-convoy-protests-are-an-opportunity-to-talk-about-what-defunding/?utm_campaign=sophi-pop&utm_medium=post&utm_source=facebook&fbclid=IwAR1PD-8NfBAmtSaiousXaUeHvKIg2gweqtJhpN8J3-cPvqk6GqwtEFR7D0U",
    "links": [],
    "user_id": "140961138903",
    "username": "The Globe and Mail",
    "user_url": "https://facebook.com/theglobeandmail/?refid=52",
    "is_live": false,
    "factcheck": null,
    "shared_post_id": null,
    "shared_time": null,
    "shared_user_id": null,
    "shared_username": null,
    "shared_post_url": null,
    "available": true,
    "comments_full": [
        {
            "comment_id": "10159572407013904",
            "comment_url": "https://facebook.com/10159572407013904",
            "commenter_id": "1461430098",
            "commenter_url": "https://facebook.com/helen.peever.9?fref=nf&rc=p&refid=52",
            "commenter_name": "Helen Peever",
            "commenter_meta": null,
            "comment_text": "Arrest all the white privileged /supremacy conspiracy theoriest Bible thumping propaganda following algorithms people who are breaking the law! Lock them up!",
            "comment_time": "2022-02-16 18:11:17",
            "comment_image": null,
            "comment_reactors": [],
            "comment_reactions": null,
            "comment_reaction_count": null,
            "replies": []
        },
        {
            "comment_id": "10159568160748904",
            "comment_url": "https://facebook.com/10159568160748904",
            "commenter_id": "100010062889126",
            "commenter_url": "https://facebook.com/profile.php?id=100010062889126&fref=nf&rc=p&refid=52",
            "commenter_name": "Robert Won",
            "commenter_meta": null,
            "comment_text": "Trudeau\u2019s resignation would solve many of Canada\u2019s problems.",
            "comment_time": "2022-02-16 18:11:17",
            "comment_image": null,
            "comment_reactors": [],
            "comment_reactions": null,
            "comment_reaction_count": null,
            "replies": [
                {
                    "comment_id": "10159568162008904",
                    "comment_url": "https://facebook.com/10159568162008904",
                    "commenter_id": "650936396",
                    "commenter_url": "https://facebook.com/simon.a.james.420?fref=nf&rc=p",
                    "commenter_name": "Simon A. James",
                    "commenter_meta": "Top fan",
                    "comment_text": "Robert Won How so? The Liberals would just appoint another of their number as PM, wouldn't they?",
                    "comment_time": "2022-02-16 18:11:19",
                    "comment_image": "https://static.xx.fbcdn.net/rsrc.php/v3/y7/r/4bRBCBmu1Q9.png",
                    "comment_reactors": [],
                    "comment_reactions": null,
                    "comment_reaction_count": null
                },
                {
                    "comment_id": "10159568163148904",
                    "comment_url": "https://facebook.com/10159568163148904",
                    "commenter_id": "650096277",
                    "commenter_url": "https://facebook.com/richard.evans.22?fref=nf&rc=p",
                    "commenter_name": "Richard Evans",
                    "commenter_meta": "Top fan",
                    "comment_text": "Simon A. James Yep, almost certainly Freeland",
                    "comment_time": "2022-02-16 18:11:19",
                    "comment_image": "https://static.xx.fbcdn.net/rsrc.php/v3/y7/r/4bRBCBmu1Q9.png",
                    "comment_reactors": [],
                    "comment_reactions": null,
                    "comment_reaction_count": null
                },
                {
                    "comment_id": "10159568166728904",
                    "comment_url": "https://facebook.com/10159568166728904",
                    "commenter_id": "100043257961739",
                    "commenter_url": "https://facebook.com/bonnie.cull.7?fref=nf&rc=p",
                    "commenter_name": "Bonnie Cull",
                    "commenter_meta": null,
                    "comment_text": "Yet Justin beat you cons 3x in a row and the next election isnt until 2025. Welcome to democracy, you lost, better luck next time champ.bahaha keep those con tears coming lol nom.nom.nom. #NEVERCON",
                    "comment_time": "2022-02-16 18:11:19",
                    "comment_image": "https://scontent.xx.fbcdn.net/m1/v/t6/An_F9bJG7govfshSMBkvcRLcxT0jmiXVYKtr7lgH5AHgUrjjpZ1OD0xyxXYgf7arc0lWgCdrR_KN4Mg7RSN3Gm3W6Gg03N1tQ-ZXzVvFJ_KvvB4.png?ccb=10-5&oh=00_AT8ScZKrgCPhmfSgYBZgvnQHv14vvPQpgzOW8DDMFGGodg&oe=62243F67&_nc_sid=55e238",
                    "comment_reactors": [],
                    "comment_reactions": null,
                    "comment_reaction_count": null
                },
                {
                    "comment_id": "10159568167238904",
                    "comment_url": "https://facebook.com/10159568167238904",
                    "commenter_id": "638371035",
                    "commenter_url": "https://facebook.com/vee.atyeo?fref=nf&rc=p",
                    "commenter_name": "Vee Atyeo",
                    "commenter_meta": null,
                    "comment_text": "Robert Won you had a chance to vote last year.. you lost ..",
                    "comment_time": "2022-02-16 18:11:19",
                    "comment_image": "https://scontent.xx.fbcdn.net/m1/v/t6/An_UvxJXg9tdnLU3Y5qjPi0200MLilhzPXUgxzGjQzUMaNcmjdZA6anyrngvkdub33NZzZhd51fpCAEzNHFhko5aKRFP5fS1w_lKwYrzcNLupv27.png?ccb=10-5&oh=00_AT9C82irDy7Sn8cI_UEelmRC1FY5K5jw2pfWXlZ8QaKL1g&oe=62246CF9&_nc_sid=55e238",
                    "comment_reactors": [],
                    "comment_reactions": null,
                    "comment_reaction_count": null
                },
                {
                    "comment_id": "10159568169598904",
                    "comment_url": "https://facebook.com/10159568169598904",
                    "commenter_id": "650936396",
                    "commenter_url": "https://facebook.com/simon.a.james.420?fref=nf&rc=p",
                    "commenter_name": "Simon A. James",
                    "commenter_meta": "Top fan",
                    "comment_text": "Richard Evans And does anyone see the Deputy PM changing the party line this late in the game...? Such futile and childish demands \ud83d\ude44\ud83d\ude44",
                    "comment_time": "2022-02-16 18:11:19",
                    "comment_image": "https://static.xx.fbcdn.net/rsrc.php/v3/y7/r/4bRBCBmu1Q9.png",
                    "comment_reactors": [],
                    "comment_reactions": null,
                    "comment_reaction_count": null
                },
                {
                    "comment_id": "10159568170723904",
                    "comment_url": "https://facebook.com/10159568170723904",
                    "commenter_id": "100001223060767",
                    "commenter_url": "https://facebook.com/steve.westing.9?fref=nf&rc=p",
                    "commenter_name": "Steve Westing",
                    "commenter_meta": null,
                    "comment_text": "Richard Evans I just threw up a little in my mouth at that thought.",
                    "comment_time": "2022-02-16 18:11:20",
                    "comment_image": null,
                    "comment_reactors": [],
                    "comment_reactions": null,
                    "comment_reaction_count": null
                },
                {
                    "comment_id": "10159568173558904",
                    "comment_url": "https://facebook.com/10159568173558904",
                    "commenter_id": "100001223060767",
                    "commenter_url": "https://facebook.com/steve.westing.9?fref=nf&rc=p",
                    "commenter_name": "Steve Westing",
                    "commenter_meta": null,
                    "comment_text": "Bonnie Cull \"next election isn't until 2025\" Go read about no confidence votes and educate yourself for once.",
                    "comment_time": "2022-02-16 18:11:20",
                    "comment_image": "https://scontent.xx.fbcdn.net/m1/v/t6/An_UvxJXg9tdnLU3Y5qjPi0200MLilhzPXUgxzGjQzUMaNcmjdZA6anyrngvkdub33NZzZhd51fpCAEzNHFhko5aKRFP5fS1w_lKwYrzcNLupv27.png?ccb=10-5&oh=00_AT9C82irDy7Sn8cI_UEelmRC1FY5K5jw2pfWXlZ8QaKL1g&oe=62246CF9&_nc_sid=55e238",
                    "comment_reactors": [],
                    "comment_reactions": null,
                    "comment_reaction_count": null
                },
                {
                    "comment_id": "10159568178218904",
                    "comment_url": "https://facebook.com/10159568178218904",
                    "commenter_id": "546244541",
                    "commenter_url": "https://facebook.com/cannuck1964?fref=nf&rc=p",
                    "commenter_name": "Peter McGrath",
                    "commenter_meta": "Top fan",
                    "comment_text": "Vee Atyeo Only because of FPTP voting system, which JT lied to Canadians when he stated after winning the election that 2015 would be the last year of it. JT, just full of crap.",
                    "comment_time": "2022-02-16 18:11:20",
                    "comment_image": "https://static.xx.fbcdn.net/rsrc.php/v3/y7/r/4bRBCBmu1Q9.png",
                    "comment_reactors": [],
                    "comment_reactions": null,
                    "comment_reaction_count": null
                },
                {
                    "comment_id": "10159568179938904",
                    "comment_url": "https://facebook.com/10159568179938904",
                    "commenter_id": "650096277",
                    "commenter_url": "https://facebook.com/richard.evans.22?fref=nf&rc=p",
                    "commenter_name": "Richard Evans",
                    "commenter_meta": "Top fan",
                    "comment_text": "Steve Westing it's true the government could fall at any time in a Minority. But the NDP seem happy having influence and the CPC has no permanent leader. Nothing's happening for some time. But I agree it will probably fall before 2025.",
                    "comment_time": "2022-02-16 18:11:20",
                    "comment_image": "https://static.xx.fbcdn.net/rsrc.php/v3/y7/r/4bRBCBmu1Q9.png",
                    "comment_reactors": [],
                    "comment_reactions": null,
                    "comment_reaction_count": null
                },
                {
                    "comment_id": "10159568183203904",
                    "comment_url": "https://facebook.com/10159568183203904",
                    "commenter_id": "650096277",
                    "commenter_url": "https://facebook.com/richard.evans.22?fref=nf&rc=p",
                    "commenter_name": "Richard Evans",
                    "commenter_meta": "Top fan",
                    "comment_text": "Peter McGrath True that Trudeau reneged on that promise. Very disappointing.\nHaving said that, if the CPC embraced Propertional Representation,\nthe 2021 Election would have given O'Toole 115 seats to Trudeau's 111.\nThat's a tiny plurality and I have no idea where O'Toole would find cooperative support.",
                    "comment_time": "2022-02-16 18:11:20",
                    "comment_image": "https://static.xx.fbcdn.net/rsrc.php/v3/y7/r/4bRBCBmu1Q9.png",
                    "comment_reactors": [],
                    "comment_reactions": null,
                    "comment_reaction_count": null
                },
                {
                    "comment_id": "10159568185328904",
                    "comment_url": "https://facebook.com/10159568185328904",
                    "commenter_id": "546244541",
                    "commenter_url": "https://facebook.com/cannuck1964?fref=nf&rc=p",
                    "commenter_name": "Peter McGrath",
                    "commenter_meta": "Top fan",
                    "comment_text": "Richard Evans Pretty sure the cons would jump into bed with the Block, anything for power......",
                    "comment_time": "2022-02-16 18:11:20",
                    "comment_image": "https://static.xx.fbcdn.net/rsrc.php/v3/y7/r/4bRBCBmu1Q9.png",
                    "comment_reactors": [],
                    "comment_reactions": null,
                    "comment_reaction_count": null
                },
                {
                    "comment_id": "10159568188243904",
                    "comment_url": "https://facebook.com/10159568188243904",
                    "commenter_id": "650096277",
                    "commenter_url": "https://facebook.com/richard.evans.22?fref=nf&rc=p",
                    "commenter_name": "Richard Evans",
                    "commenter_meta": "Top fan",
                    "comment_text": "Peter McGrath I'm not sure. The BQ is only 7 or 8% nationally. Unless seats were based \"for them\" on percentage of the vote within QC only? I have no clue how that would work.",
                    "comment_time": "2022-02-16 18:11:20",
                    "comment_image": "https://static.xx.fbcdn.net/rsrc.php/v3/y7/r/4bRBCBmu1Q9.png",
                    "comment_reactors": [],
                    "comment_reactions": null,
                    "comment_reaction_count": null
                },
                {
                    "comment_id": "10159568190743904",
                    "comment_url": "https://facebook.com/10159568190743904",
                    "commenter_id": "546244541",
                    "commenter_url": "https://facebook.com/cannuck1964?fref=nf&rc=p",
                    "commenter_name": "Peter McGrath",
                    "commenter_meta": "Top fan",
                    "comment_text": "Richard Evans Federal election should be based on federal percentages, but even with 7% of the vote nationally, that would still equate into 22 seats or so.....",
                    "comment_time": "2022-02-16 18:11:20",
                    "comment_image": "https://static.xx.fbcdn.net/rsrc.php/v3/y7/r/4bRBCBmu1Q9.png",
                    "comment_reactors": [],
                    "comment_reactions": null,
                    "comment_reaction_count": null
                },
                {
                    "comment_id": "10159568201213904",
                    "comment_url": "https://facebook.com/10159568201213904",
                    "commenter_id": "650096277",
                    "commenter_url": "https://facebook.com/richard.evans.22?fref=nf&rc=p",
                    "commenter_name": "Richard Evans",
                    "commenter_meta": "Top fan",
                    "comment_text": "Peter McGrath I agree! I was thinking more that CPC + BQ would not be a majority. Should have finished my full thought \ud83d\ude42",
                    "comment_time": "2022-02-16 18:11:20",
                    "comment_image": "https://static.xx.fbcdn.net/rsrc.php/v3/y7/r/4bRBCBmu1Q9.png",
                    "comment_reactors": [],
                    "comment_reactions": null,
                    "comment_reaction_count": null
                },
                {
                    "comment_id": "10159568256948904",
                    "comment_url": "https://facebook.com/10159568256948904",
                    "commenter_id": "1772037159",
                    "commenter_url": "https://facebook.com/scott.dubois.395?fref=nf&rc=p",
                    "commenter_name": "Scott Rwd",
                    "commenter_meta": null,
                    "comment_text": "Vee Atyeo we all lost big time!",
                    "comment_time": "2022-02-16 18:11:20",
                    "comment_image": null,
                    "comment_reactors": [],
                    "comment_reactions": null,
                    "comment_reaction_count": null
                },
                {
                    "comment_id": "10159568282848904",
                    "comment_url": "https://facebook.com/10159568282848904",
                    "commenter_id": "663237109",
                    "commenter_url": "https://facebook.com/jason.waters.7549?fref=nf&rc=p",
                    "commenter_name": "Jason Waters",
                    "commenter_meta": "Top fan",
                    "comment_text": "Bonnie Cull how many times in a row did the Liberals lose to the conservatives before they chose blackface sparkle socks to rescue them from third party status? It\u2019s cyclical Bonnie. They will spend another decade out of power. All in good time.",
                    "comment_time": "2022-02-16 18:11:20",
                    "comment_image": "https://static.xx.fbcdn.net/rsrc.php/v3/y7/r/4bRBCBmu1Q9.png",
                    "comment_reactors": [],
                    "comment_reactions": null,
                    "comment_reaction_count": null
                },
                {
                    "comment_id": "10159568320088904",
                    "comment_url": "https://facebook.com/10159568320088904",
                    "commenter_id": "647204739",
                    "commenter_url": "https://facebook.com/robert.drain?fref=nf&rc=p",
                    "commenter_name": "Robert James Drain",
                    "commenter_meta": null,
                    "comment_text": "Steve Westing NDP are happy playing number 2 while the cons figure out what they actually stand for, and we all grow to hate the libs.",
                    "comment_time": "2022-02-16 18:11:20",
                    "comment_image": null,
                    "comment_reactors": [],
                    "comment_reactions": null,
                    "comment_reaction_count": null
                },
                {
                    "comment_id": "10159568333378904",
                    "comment_url": "https://facebook.com/10159568333378904",
                    "commenter_id": "100025591085183",
                    "commenter_url": "https://facebook.com/profile.php?id=100025591085183&fref=nf&rc=p",
                    "commenter_name": "Matt Miller",
                    "commenter_meta": null,
                    "comment_text": "Vee Atyeo During a pandemic. Lowest voter turnout in history. Only 21% of Canadians voted for Trudope.",
                    "comment_time": "2022-02-16 18:11:20",
                    "comment_image": null,
                    "comment_reactors": [],
                    "comment_reactions": null,
                    "comment_reaction_count": null
                },
                {
                    "comment_id": "10159569150138904",
                    "comment_url": "https://facebook.com/10159569150138904",
                    "commenter_id": "504916593",
                    "commenter_url": "https://facebook.com/jay.labatte?fref=nf&rc=p",
                    "commenter_name": "Jay Labatte",
                    "commenter_meta": null,
                    "comment_text": "Vee Atyeo just because he got elected doesn\u2019t mean he is allowed to be a dictator",
                    "comment_time": "2022-02-16 18:11:20",
                    "comment_image": "https://scontent.xx.fbcdn.net/m1/v/t6/An_UvxJXg9tdnLU3Y5qjPi0200MLilhzPXUgxzGjQzUMaNcmjdZA6anyrngvkdub33NZzZhd51fpCAEzNHFhko5aKRFP5fS1w_lKwYrzcNLupv27.png?ccb=10-5&oh=00_AT9C82irDy7Sn8cI_UEelmRC1FY5K5jw2pfWXlZ8QaKL1g&oe=62246CF9&_nc_sid=55e238",
                    "comment_reactors": [],
                    "comment_reactions": null,
                    "comment_reaction_count": null
                },
                {
                    "comment_id": "10159569657428904",
                    "comment_url": "https://facebook.com/10159569657428904",
                    "commenter_id": "760164154",
                    "commenter_url": "https://facebook.com/jeff.heisler1?fref=nf&rc=p",
                    "commenter_name": "Jeff Heisler",
                    "commenter_meta": "Top fan",
                    "comment_text": "Vee Atyeo... Some of us never knew he would be this stupid! He lied to every one of his voters. This isn't why we voted for him.",
                    "comment_time": "2022-02-16 18:11:20",
                    "comment_image": "https://static.xx.fbcdn.net/rsrc.php/v3/y7/r/4bRBCBmu1Q9.png",
                    "comment_reactors": [],
                    "comment_reactions": null,
                    "comment_reaction_count": null
                },
                {
                    "comment_id": "10159569743133904",
                    "comment_url": "https://facebook.com/10159569743133904",
                    "commenter_id": "100053318832172",
                    "commenter_url": "https://facebook.com/teri.tee.921?fref=nf&rc=p",
                    "commenter_name": "Real Sense",
                    "commenter_meta": null,
                    "comment_text": "Richard Evans the CPC? Liberals have convenient memories. It was Justin that killed/\nrejected proportional representation as recommended by the committee composed of members of all parties. He wanted the ranked voting system to keep the Liberals in power for perpetuity. When it was not recommended he rejected the committee\u2019s work and kept the first past the post system.",
                    "comment_time": "2022-02-16 18:11:20",
                    "comment_image": "https://scontent.xx.fbcdn.net/m1/v/t6/An_UvxJXg9tdnLU3Y5qjPi0200MLilhzPXUgxzGjQzUMaNcmjdZA6anyrngvkdub33NZzZhd51fpCAEzNHFhko5aKRFP5fS1w_lKwYrzcNLupv27.png?ccb=10-5&oh=00_AT9C82irDy7Sn8cI_UEelmRC1FY5K5jw2pfWXlZ8QaKL1g&oe=62246CF9&_nc_sid=55e238",
                    "comment_reactors": [],
                    "comment_reactions": null,
                    "comment_reaction_count": null
                },
                {
                    "comment_id": "10159569750343904",
                    "comment_url": "https://facebook.com/10159569750343904",
                    "commenter_id": "650096277",
                    "commenter_url": "https://facebook.com/richard.evans.22?fref=nf&rc=p",
                    "commenter_name": "Richard Evans",
                    "commenter_meta": "Top fan",
                    "comment_text": "Real Sense Were the CPC openly arguing for PR? I don't think so",
                    "comment_time": "2022-02-16 18:11:20",
                    "comment_image": "https://static.xx.fbcdn.net/rsrc.php/v3/y7/r/4bRBCBmu1Q9.png",
                    "comment_reactors": [],
                    "comment_reactions": null,
                    "comment_reaction_count": null
                },
                {
                    "comment_id": "10159569886513904",
                    "comment_url": "https://facebook.com/10159569886513904",
                    "commenter_id": "100053318832172",
                    "commenter_url": "https://facebook.com/teri.tee.921?fref=nf&rc=p",
                    "commenter_name": "Real Sense",
                    "commenter_meta": null,
                    "comment_text": "Richard Evans it was a committee decision based on input from members of all parties led by Maryam Monsef. The committee did not recommend Trudeau\u2019s preferred ranked ballot system and as such he pulled the plug on the committee, the decision and reneged on an election promise. Try as you may Liberals cannot change history to suit their narrative. We continue to have first past the post instead of the preferred proportional representation because it is not beneficial to the Liberal Party of Canada so your boy Trudeau quashed it.",
                    "comment_time": "2022-02-16 18:11:20",
                    "comment_image": "https://scontent.xx.fbcdn.net/m1/v/t6/An_UvxJXg9tdnLU3Y5qjPi0200MLilhzPXUgxzGjQzUMaNcmjdZA6anyrngvkdub33NZzZhd51fpCAEzNHFhko5aKRFP5fS1w_lKwYrzcNLupv27.png?ccb=10-5&oh=00_AT9C82irDy7Sn8cI_UEelmRC1FY5K5jw2pfWXlZ8QaKL1g&oe=62246CF9&_nc_sid=55e238",
                    "comment_reactors": [],
                    "comment_reactions": null,
                    "comment_reaction_count": null
                },
                {
                    "comment_id": "10159569902153904",
                    "comment_url": "https://facebook.com/10159569902153904",
                    "commenter_id": "650096277",
                    "commenter_url": "https://facebook.com/richard.evans.22?fref=nf&rc=p",
                    "commenter_name": "Richard Evans",
                    "commenter_meta": "Top fan",
                    "comment_text": "Real Sense When you're correct, you're correct. That's not how I remembered it occurring, but you are right.\nI remembered the recommendations\nbeing too vague, according to Monsef, and while they WERE unspecified in what sort of PR should be on the referendum, that was to allow more discussion and wiggle room for the Liberals to move forward.\nThe Liberals then chose not to move forward.\nMy mistake!",
                    "comment_time": "2022-02-16 18:11:20",
                    "comment_image": "https://static.xx.fbcdn.net/rsrc.php/v3/y7/r/4bRBCBmu1Q9.png",
                    "comment_reactors": [],
                    "comment_reactions": null,
                    "comment_reaction_count": null
                }
            ]
        },
        {
            "comment_id": "10159570352488904",
            "comment_url": "https://facebook.com/10159570352488904",
            "commenter_id": "100003851436265",
            "commenter_url": "https://facebook.com/sctoday?fref=nf&rc=p&refid=52",
            "commenter_name": "Susan Cole",
            "commenter_meta": null,
            "comment_text": "2 days ago \u2014 Now that the motion is tabled, debate will begin Thursday and will continue, according to the Act, \u201cwithout interruption\u201d until the vote is ...The debate has now been suspended in Ottawa due to police action.",
            "comment_time": "2022-02-16 18:11:17",
            "comment_image": null,
            "comment_reactors": [],
            "comment_reactions": null,
            "comment_reaction_count": null,
            "replies": []
        },
        {
            "comment_id": "10159568529763904",
            "comment_url": "https://facebook.com/10159568529763904",
            "commenter_id": "1212821192",
            "commenter_url": "https://facebook.com/steve.forman.319?fref=nf&rc=p&refid=52",
            "commenter_name": "Steve Forman",
            "commenter_meta": "Top fan",
            "comment_text": "Defunding the police means budgeting less money for the police, so there are less officers and less resources to investigate crime. Let's call it what it is. If we can possibly come to some deal with the criminals to commit less crime at the same time we have less cops on the streets, all will be good. It's a fantasy world really!!",
            "comment_time": "2022-02-16 18:11:17",
            "comment_image": null,
            "comment_reactors": [],
            "comment_reactions": null,
            "comment_reaction_count": null,
            "replies": []
        },
        {
            "comment_id": "10159570247853904",
            "comment_url": "https://facebook.com/10159570247853904",
            "commenter_id": "525761347",
            "commenter_url": "https://facebook.com/pspearma?fref=nf&rc=p&refid=52",
            "commenter_name": "Peter Spearman",
            "commenter_meta": null,
            "comment_text": "Re-tasking is probably a better approach then look at the budget. All the SUVs and combat style uniforms were a waste of money. Look how a tactical plan with a coordinated approach was successful in Ottawa today.",
            "comment_time": "2022-02-16 18:11:17",
            "comment_image": null,
            "comment_reactors": [],
            "comment_reactions": null,
            "comment_reaction_count": null,
            "replies": []
        },
        {
            "comment_id": "10159570351553904",
            "comment_url": "https://facebook.com/10159570351553904",
            "commenter_id": "550118450",
            "commenter_url": "https://facebook.com/paul.ruffell.1?fref=nf&rc=p&refid=52",
            "commenter_name": "Paul Ruffell",
            "commenter_meta": "Top fan",
            "comment_text": "The problem Ms. Talaga has is that, because she only has her job because of her ethnicity, she must find anti-Indigenous\nbias in everything she writes.",
            "comment_time": "2022-02-16 18:11:17",
            "comment_image": null,
            "comment_reactors": [],
            "comment_reactions": null,
            "comment_reaction_count": null,
            "replies": []
        },
        {
            "comment_id": "10159568161733904",
            "comment_url": "https://facebook.com/10159568161733904",
            "commenter_id": "100002937370793",
            "commenter_url": "https://facebook.com/jimhmilne?fref=nf&rc=p&refid=52",
            "commenter_name": "James Milne",
            "commenter_meta": null,
            "comment_text": "LMFAO here we go defunding the Police\nHmmm where does that concept or idea come from ???",
            "comment_time": "2022-02-16 18:11:17",
            "comment_image": null,
            "comment_reactors": [],
            "comment_reactions": null,
            "comment_reaction_count": null,
            "replies": [
                {
                    "comment_id": "10159568164068904",
                    "comment_url": "https://facebook.com/10159568164068904",
                    "commenter_id": "650096277",
                    "commenter_url": "https://facebook.com/richard.evans.22?fref=nf&rc=p",
                    "commenter_name": "Richard Evans",
                    "commenter_meta": "Top fan",
                    "comment_text": "James Milne it's not bankrupting them, it's about better using their funds",
                    "comment_time": "2022-02-16 18:11:20",
                    "comment_image": "https://static.xx.fbcdn.net/rsrc.php/v3/y7/r/4bRBCBmu1Q9.png",
                    "comment_reactors": [],
                    "comment_reactions": null,
                    "comment_reaction_count": null
                },
                {
                    "comment_id": "10159568167503904",
                    "comment_url": "https://facebook.com/10159568167503904",
                    "commenter_id": "100043257961739",
                    "commenter_url": "https://facebook.com/bonnie.cull.7?fref=nf&rc=p",
                    "commenter_name": "Bonnie Cull",
                    "commenter_meta": null,
                    "comment_text": "Try researching yourself CON",
                    "comment_time": "2022-02-16 18:11:20",
                    "comment_image": "https://scontent.xx.fbcdn.net/m1/v/t6/An_F9bJG7govfshSMBkvcRLcxT0jmiXVYKtr7lgH5AHgUrjjpZ1OD0xyxXYgf7arc0lWgCdrR_KN4Mg7RSN3Gm3W6Gg03N1tQ-ZXzVvFJ_KvvB4.png?ccb=10-5&oh=00_AT8ScZKrgCPhmfSgYBZgvnQHv14vvPQpgzOW8DDMFGGodg&oe=62243F67&_nc_sid=55e238",
                    "comment_reactors": [],
                    "comment_reactions": null,
                    "comment_reaction_count": null
                },
                {
                    "comment_id": "10159568170713904",
                    "comment_url": "https://facebook.com/10159568170713904",
                    "commenter_id": "650936396",
                    "commenter_url": "https://facebook.com/simon.a.james.420?fref=nf&rc=p",
                    "commenter_name": "Simon A. James",
                    "commenter_meta": "Top fan",
                    "comment_text": "James Milne Where does it come from? Inquiring minds want to know \ud83d\ude02",
                    "comment_time": "2022-02-16 18:11:20",
                    "comment_image": "https://static.xx.fbcdn.net/rsrc.php/v3/y7/r/4bRBCBmu1Q9.png",
                    "comment_reactors": [],
                    "comment_reactions": null,
                    "comment_reaction_count": null
                },
                {
                    "comment_id": "10159568411168904",
                    "comment_url": "https://facebook.com/10159568411168904",
                    "commenter_id": "1535268227",
                    "commenter_url": "https://facebook.com/fleminglier?fref=nf&rc=p",
                    "commenter_name": "Liz Fleming",
                    "commenter_meta": null,
                    "comment_text": "Rather than overpolicing poor folks with endless budget increases, it is about allocating SOME of the funds to the community, including housing, programs and services that will help to lower the crime severity index.",
                    "comment_time": "2022-02-16 18:11:20",
                    "comment_image": "https://scontent.xx.fbcdn.net/m1/v/t6/An_UvxJXg9tdnLU3Y5qjPi0200MLilhzPXUgxzGjQzUMaNcmjdZA6anyrngvkdub33NZzZhd51fpCAEzNHFhko5aKRFP5fS1w_lKwYrzcNLupv27.png?ccb=10-5&oh=00_AT9C82irDy7Sn8cI_UEelmRC1FY5K5jw2pfWXlZ8QaKL1g&oe=62246CF9&_nc_sid=55e238",
                    "comment_reactors": [],
                    "comment_reactions": null,
                    "comment_reaction_count": null
                },
                {
                    "comment_id": "10159569288688904",
                    "comment_url": "https://facebook.com/10159569288688904",
                    "commenter_id": "100010590708316",
                    "commenter_url": "https://facebook.com/june.anderson.77377?fref=nf&rc=p",
                    "commenter_name": "June Anderson",
                    "commenter_meta": null,
                    "comment_text": "Liz Fleming check the budget for social services and ask where that money is really going.",
                    "comment_time": "2022-02-16 18:11:20",
                    "comment_image": null,
                    "comment_reactors": [],
                    "comment_reactions": null,
                    "comment_reaction_count": null
                },
                {
                    "comment_id": "10159569306523904",
                    "comment_url": "https://facebook.com/10159569306523904",
                    "commenter_id": "1535268227",
                    "commenter_url": "https://facebook.com/fleminglier?fref=nf&rc=p",
                    "commenter_name": "Liz Fleming",
                    "commenter_meta": null,
                    "comment_text": "June Anderson - one could say the exact same about policing.",
                    "comment_time": "2022-02-16 18:11:20",
                    "comment_image": "https://scontent.xx.fbcdn.net/m1/v/t6/An_UvxJXg9tdnLU3Y5qjPi0200MLilhzPXUgxzGjQzUMaNcmjdZA6anyrngvkdub33NZzZhd51fpCAEzNHFhko5aKRFP5fS1w_lKwYrzcNLupv27.png?ccb=10-5&oh=00_AT9C82irDy7Sn8cI_UEelmRC1FY5K5jw2pfWXlZ8QaKL1g&oe=62246CF9&_nc_sid=55e238",
                    "comment_reactors": [],
                    "comment_reactions": null,
                    "comment_reaction_count": null
                },
                {
                    "comment_id": "10159569394743904",
                    "comment_url": "https://facebook.com/10159569394743904",
                    "commenter_id": "1535268227",
                    "commenter_url": "https://facebook.com/fleminglier?fref=nf&rc=p",
                    "commenter_name": "Liz Fleming",
                    "commenter_meta": null,
                    "comment_text": "June Anderson - we are also experiencing a declared housing crisis.",
                    "comment_time": "2022-02-16 18:11:20",
                    "comment_image": "https://scontent.xx.fbcdn.net/m1/v/t6/An_UvxJXg9tdnLU3Y5qjPi0200MLilhzPXUgxzGjQzUMaNcmjdZA6anyrngvkdub33NZzZhd51fpCAEzNHFhko5aKRFP5fS1w_lKwYrzcNLupv27.png?ccb=10-5&oh=00_AT9C82irDy7Sn8cI_UEelmRC1FY5K5jw2pfWXlZ8QaKL1g&oe=62246CF9&_nc_sid=55e238",
                    "comment_reactors": [],
                    "comment_reactions": null,
                    "comment_reaction_count": null
                },
                {
                    "comment_id": "10159569807623904",
                    "comment_url": "https://facebook.com/10159569807623904",
                    "commenter_id": "100003503108506",
                    "commenter_url": "https://facebook.com/derek.bailey.52?fref=nf&rc=p",
                    "commenter_name": "Derek Bailey",
                    "commenter_meta": null,
                    "comment_text": "Richard Evans can we this concept on the government",
                    "comment_time": "2022-02-16 18:11:20",
                    "comment_image": null,
                    "comment_reactors": [],
                    "comment_reactions": null,
                    "comment_reaction_count": null
                }
            ]
        },
        {
            "comment_id": "10159569589118904",
            "comment_url": "https://facebook.com/10159569589118904",
            "commenter_id": "541213956",
            "commenter_url": "https://facebook.com/jack.steadman.16?fref=nf&rc=p&refid=52",
            "commenter_name": "Jack Steadman",
            "commenter_meta": null,
            "comment_text": "Yeah, we could have paid homeless guys five bucks an hour to stand around like Ottawa cops...",
            "comment_time": "2022-02-16 18:11:17",
            "comment_image": null,
            "comment_reactors": [],
            "comment_reactions": null,
            "comment_reaction_count": null,
            "replies": [
                {
                    "comment_id": "10159570250243904",
                    "comment_url": "https://facebook.com/10159570250243904",
                    "commenter_id": "525761347",
                    "commenter_url": "https://facebook.com/pspearma?fref=nf&rc=p",
                    "commenter_name": "Peter Spearman",
                    "commenter_meta": null,
                    "comment_text": "Jack Steadman I think they had only enforced parking rules up to this point",
                    "comment_time": "2022-02-16 18:11:21",
                    "comment_image": null,
                    "comment_reactors": [],
                    "comment_reactions": null,
                    "comment_reaction_count": null
                }
            ]
        },
        {
            "comment_id": "10159568162908904",
            "comment_url": "https://facebook.com/10159568162908904",
            "commenter_id": "566640481",
            "commenter_url": "https://facebook.com/jason.brinks.33?fref=nf&rc=p&refid=52",
            "commenter_name": "Jason Brinks",
            "commenter_meta": null,
            "comment_text": "What an absolute pant load of an article",
            "comment_time": "2022-02-16 18:11:17",
            "comment_image": null,
            "comment_reactors": [],
            "comment_reactions": null,
            "comment_reaction_count": null,
            "replies": [
                {
                    "comment_id": "10159568285218904",
                    "comment_url": "https://facebook.com/10159568285218904",
                    "commenter_id": "702640136",
                    "commenter_url": "https://facebook.com/lungs.to.redeemer?fref=nf&rc=p",
                    "commenter_name": "Adam Hopwood",
                    "commenter_meta": null,
                    "comment_text": "Jason Brinks The truckers would be experts on pantloads \ud83e\udd2d",
                    "comment_time": "2022-02-16 18:11:22",
                    "comment_image": "https://scontent.xx.fbcdn.net/m1/v/t6/An_F9bJG7govfshSMBkvcRLcxT0jmiXVYKtr7lgH5AHgUrjjpZ1OD0xyxXYgf7arc0lWgCdrR_KN4Mg7RSN3Gm3W6Gg03N1tQ-ZXzVvFJ_KvvB4.png?ccb=10-5&oh=00_AT8ScZKrgCPhmfSgYBZgvnQHv14vvPQpgzOW8DDMFGGodg&oe=62243F67&_nc_sid=55e238",
                    "comment_reactors": [],
                    "comment_reactions": null,
                    "comment_reaction_count": null
                },
                {
                    "comment_id": "10159568565668904",
                    "comment_url": "https://facebook.com/10159568565668904",
                    "commenter_id": "100001719760922",
                    "commenter_url": "https://facebook.com/peter.mesi.7?fref=nf&rc=p",
                    "commenter_name": "Peter Mesi",
                    "commenter_meta": null,
                    "comment_text": "Adam Hopwood try some of the members of the house of commons that we all ready no are full of ferilizer and methane gas !",
                    "comment_time": "2022-02-16 18:11:22",
                    "comment_image": "https://scontent.xx.fbcdn.net/m1/v/t6/An_0KlxkBZwTJgSV9p2pDQkaZcuO9nFP4R72nyZmCnWKIxG_MSUbtZ_uBFHkKhQVvjgeou7ijfWCAKaRfSRFqQS9RcziMUL4BTtfpxJ2KfylUgpq.png?ccb=10-5&oh=00_AT_cxGF_2RFS0MDeiX_yek-iHsa7CWkqScgt6v8Y4zqZXg&oe=6223D993&_nc_sid=55e238",
                    "comment_reactors": [],
                    "comment_reactions": null,
                    "comment_reaction_count": null
                },
                {
                    "comment_id": "10159568595628904",
                    "comment_url": "https://facebook.com/10159568595628904",
                    "commenter_id": "702640136",
                    "commenter_url": "https://facebook.com/lungs.to.redeemer?fref=nf&rc=p",
                    "commenter_name": "Adam Hopwood",
                    "commenter_meta": null,
                    "comment_text": "Peter Mesi Which members??",
                    "comment_time": "2022-02-16 18:11:22",
                    "comment_image": null,
                    "comment_reactors": [],
                    "comment_reactions": null,
                    "comment_reaction_count": null
                },
                {
                    "comment_id": "10159568597793904",
                    "comment_url": "https://facebook.com/10159568597793904",
                    "commenter_id": "100001719760922",
                    "commenter_url": "https://facebook.com/peter.mesi.7?fref=nf&rc=p",
                    "commenter_name": "Peter Mesi",
                    "commenter_meta": null,
                    "comment_text": "Adam Hopwood if your asking then you are not up to date on the fodder that a certain on espews and does not answer th equestions when asked !",
                    "comment_time": "2022-02-16 18:11:22",
                    "comment_image": "https://scontent.xx.fbcdn.net/m1/v/t6/An_0KlxkBZwTJgSV9p2pDQkaZcuO9nFP4R72nyZmCnWKIxG_MSUbtZ_uBFHkKhQVvjgeou7ijfWCAKaRfSRFqQS9RcziMUL4BTtfpxJ2KfylUgpq.png?ccb=10-5&oh=00_AT_cxGF_2RFS0MDeiX_yek-iHsa7CWkqScgt6v8Y4zqZXg&oe=6223D993&_nc_sid=55e238",
                    "comment_reactors": [],
                    "comment_reactions": null,
                    "comment_reaction_count": null
                },
                {
                    "comment_id": "10159568601268904",
                    "comment_url": "https://facebook.com/10159568601268904",
                    "commenter_id": "702640136",
                    "commenter_url": "https://facebook.com/lungs.to.redeemer?fref=nf&rc=p",
                    "commenter_name": "Adam Hopwood",
                    "commenter_meta": null,
                    "comment_text": "Peter Mesi That person sounds terrible! Who is it?",
                    "comment_time": "2022-02-16 18:11:22",
                    "comment_image": null,
                    "comment_reactors": [],
                    "comment_reactions": null,
                    "comment_reaction_count": null
                },
                {
                    "comment_id": "10159568605463904",
                    "comment_url": "https://facebook.com/10159568605463904",
                    "commenter_id": "100001719760922",
                    "commenter_url": "https://facebook.com/peter.mesi.7?fref=nf&rc=p",
                    "commenter_name": "Peter Mesi",
                    "commenter_meta": null,
                    "comment_text": "Adam Hopwood your making me laugh gotta go change my shirt i just spit my coffee !",
                    "comment_time": "2022-02-16 18:11:22",
                    "comment_image": null,
                    "comment_reactors": [],
                    "comment_reactions": null,
                    "comment_reaction_count": null
                },
                {
                    "comment_id": "10159568646033904",
                    "comment_url": "https://facebook.com/10159568646033904",
                    "commenter_id": "702640136",
                    "commenter_url": "https://facebook.com/lungs.to.redeemer?fref=nf&rc=p",
                    "commenter_name": "Adam Hopwood",
                    "commenter_meta": null,
                    "comment_text": "Peter Mesi LOL! I spit my coffee into my pants so I need to change those. K but who?",
                    "comment_time": "2022-02-16 18:11:22",
                    "comment_image": null,
                    "comment_reactors": [],
                    "comment_reactions": null,
                    "comment_reaction_count": null
                }
            ]
        }
    ],
    "reactors": null,
    "w3_fb_url": null,
    "reactions": null,
    "reaction_count": null,
    "with": null,
    "page_id": "140961138903",
    "sharers": null,
    "image_id": null,
    "image_ids": [],
    "was_live": false
}