{
    "original_request_url": "10159580095753904",
    "post_url": "https://facebook.com/story.php?story_fbid=10159580095753904&id=140961138903",
    "post_id": "10159580095753904",
    "text": "Elizabeth Renzetti: The airhorns in Ottawa were an anomaly, but they were useful in demonstrating one problem that plagues cities but doesn\u2019t get much attention: noise pollution\n\nTHEGLOBEANDMAIL.COM\nTurn down the racket, we\u2019re trying to live here",
    "post_text": "Elizabeth Renzetti: The airhorns in Ottawa were an anomaly, but they were useful in demonstrating one problem that plagues cities but doesn\u2019t get much attention: noise pollution",
    "shared_text": "THEGLOBEANDMAIL.COM\nTurn down the racket, we\u2019re trying to live here",
    "original_text": null,
    "time": "2022-02-24 14:54:09",
    "timestamp": 1645714449,
    "image": "https://www.theglobeandmail.com/resizer/dZ4UJHzmlUVEVQRfzdYdZ9Yxz-Q=/1200x1050/filters:quality(80)/cloudfront-us-east-1.images.arcpublishing.com/tgam/MM22WRDID5ARXAGG7DTAXIKJVE.jpg",
    "image_lowquality": "https://external-sea1-1.xx.fbcdn.net/safe_image.php?d=AQHYar_j7fA5pL6j&w=476&h=249&url=https%3A%2F%2Fwww.theglobeandmail.com%2Fresizer%2FdZ4UJHzmlUVEVQRfzdYdZ9Yxz-Q%3D%2F1200x1050%2Ffilters%3Aquality%2880%29%2Fcloudfront-us-east-1.images.arcpublishing.com%2Ftgam%2FMM22WRDID5ARXAGG7DTAXIKJVE.jpg&cfs=1&jq=75&ext=jpg&_nc_oe=6fab5&_nc_sid=06c271&ccb=3-5&_nc_hash=AQFLQQQHc1vIvRvn",
    "images": [
        "https://www.theglobeandmail.com/resizer/dZ4UJHzmlUVEVQRfzdYdZ9Yxz-Q=/1200x1050/filters:quality(80)/cloudfront-us-east-1.images.arcpublishing.com/tgam/MM22WRDID5ARXAGG7DTAXIKJVE.jpg"
    ],
    "images_description": [],
    "images_lowquality": [
        "https://external-sea1-1.xx.fbcdn.net/safe_image.php?d=AQHYar_j7fA5pL6j&w=476&h=249&url=https%3A%2F%2Fwww.theglobeandmail.com%2Fresizer%2FdZ4UJHzmlUVEVQRfzdYdZ9Yxz-Q%3D%2F1200x1050%2Ffilters%3Aquality%2880%29%2Fcloudfront-us-east-1.images.arcpublishing.com%2Ftgam%2FMM22WRDID5ARXAGG7DTAXIKJVE.jpg&cfs=1&jq=75&ext=jpg&_nc_oe=6fab5&_nc_sid=06c271&ccb=3-5&_nc_hash=AQFLQQQHc1vIvRvn"
    ],
    "images_lowquality_description": [
        null
    ],
    "video": null,
    "video_duration_seconds": null,
    "video_height": null,
    "video_id": null,
    "video_quality": null,
    "video_size_MB": null,
    "video_thumbnail": null,
    "video_watches": null,
    "video_width": null,
    "likes": 11,
    "comments": 1,
    "shares": 0,
    "link": "http://www.theglobeandmail.com/opinion/article-turn-down-the-racket-were-trying-to-live-here/?utm_campaign=sophi-pop&utm_medium=post&utm_source=facebook&fbclid=IwAR2IINA-r6mOma-UfVPPzeHrMpAx5Yf1SZF46BLUtHSStjf3zY0b2JPr9fE",
    "links": [],
    "user_id": "140961138903",
    "username": "The Globe and Mail",
    "user_url": "https://facebook.com/theglobeandmail/?refid=52",
    "is_live": false,
    "factcheck": null,
    "shared_post_id": null,
    "shared_time": null,
    "shared_user_id": null,
    "shared_username": null,
    "shared_post_url": null,
    "available": true,
    "comments_full": [
        {
            "comment_id": "10159580260058904",
            "comment_url": "https://facebook.com/10159580260058904",
            "commenter_id": "540533260",
            "commenter_url": "https://facebook.com/heather.johnston.923?fref=nf&rc=p&refid=52",
            "commenter_name": "Heather Johnston",
            "commenter_meta": null,
            "comment_text": "I live in a condo in downtown Vancouver. Summer is ruined by motorcycles and luxury cars tearing up and down West Georgia at all hours. Sirens add to the noise. But the worst is the cars that lay on their horns because someone is turning left where they shouldn\u2019t be. Does it really change your life if you have to wait a few minutes? It changes my life with your honking.",
            "comment_time": "2022-02-24 00:00:00",
            "comment_image": null,
            "comment_reactors": [],
            "comment_reactions": null,
            "comment_reaction_count": null,
            "replies": [
                {
                    "comment_id": "10159580301768904",
                    "comment_url": "https://facebook.com/10159580301768904",
                    "commenter_id": "100014738203338",
                    "commenter_url": "https://facebook.com/samuel.boafi?fref=nf&rc=p",
                    "commenter_name": "Scott Stevens",
                    "commenter_meta": null,
                    "comment_text": "Heather Johnston Hello how are you I always enjoy what you post \u2764\ufe0f\u2764\ufe0fhere on Facebook \ud83d\ude07\ud83d\ude07 I pray on seeing you next year my dear. I'm trying to send you a friend request but i can't send you a request without your consent. That why i decided to drop a comment here\ud83d\ude0d\ud83d\ude0d, If you don't mind kindly send me a friend request let's be friends Thanks\ud83e\udd1d",
                    "comment_time": "2022-02-24 00:00:00",
                    "comment_image": null,
                    "comment_reactors": [],
                    "comment_reactions": null,
                    "comment_reaction_count": null
                }
            ]
        }
    ],
    "reactors": null,
    "w3_fb_url": null,
    "reactions": null,
    "reaction_count": null,
    "with": null,
    "page_id": "140961138903",
    "sharers": null,
    "image_id": null,
    "image_ids": [],
    "was_live": false
}