{
    "original_request_url": "10159555118463904",
    "post_url": "https://facebook.com/story.php?story_fbid=10159555118463904&id=140961138903",
    "post_id": "10159555118463904",
    "text": "The Ambassador Bridge to Detroit, which carries about one quarter of Canada\u2019s trade with the United States, has been blocked by protesters and their vehicles for 48 hours, halting the flow of about $450-million in goods between the countries\n\nTHEGLOBEANDMAIL.COM\nProtestors blocking Ambassador Bridge won\u2019t be removed by police, says Windsor mayor",
    "post_text": "The Ambassador Bridge to Detroit, which carries about one quarter of Canada\u2019s trade with the United States, has been blocked by protesters and their vehicles for 48 hours, halting the flow of about $450-million in goods between the countries",
    "shared_text": "THEGLOBEANDMAIL.COM\nProtestors blocking Ambassador Bridge won\u2019t be removed by police, says Windsor mayor",
    "original_text": null,
    "time": "2022-02-09 19:54:11",
    "timestamp": 1644436451,
    "image": "https://www.theglobeandmail.com/resizer/H8lR8CMdN0SFl5XsZxj78J4HHQk=/1200x800/filters:quality(80)/cloudfront-us-east-1.images.arcpublishing.com/tgam/24JHAKFW5BN7FPOGHDRLZHYR3Y.JPG",
    "image_lowquality": "https://external-sea1-1.xx.fbcdn.net/safe_image.php?d=AQFcLFfNqkNwshyI&w=476&h=249&url=https%3A%2F%2Fwww.theglobeandmail.com%2Fresizer%2FH8lR8CMdN0SFl5XsZxj78J4HHQk%3D%2F1200x800%2Ffilters%3Aquality%2880%29%2Fcloudfront-us-east-1.images.arcpublishing.com%2Ftgam%2F24JHAKFW5BN7FPOGHDRLZHYR3Y.JPG&cfs=1&jq=75&ext=jpg&_nc_oe=6faba&_nc_sid=06c271&ccb=3-5&_nc_hash=AQGcbUPpvE4MfesU",
    "images": [
        "https://www.theglobeandmail.com/resizer/H8lR8CMdN0SFl5XsZxj78J4HHQk=/1200x800/filters:quality(80)/cloudfront-us-east-1.images.arcpublishing.com/tgam/24JHAKFW5BN7FPOGHDRLZHYR3Y.JPG"
    ],
    "images_description": [],
    "images_lowquality": [
        "https://external-sea1-1.xx.fbcdn.net/safe_image.php?d=AQFcLFfNqkNwshyI&w=476&h=249&url=https%3A%2F%2Fwww.theglobeandmail.com%2Fresizer%2FH8lR8CMdN0SFl5XsZxj78J4HHQk%3D%2F1200x800%2Ffilters%3Aquality%2880%29%2Fcloudfront-us-east-1.images.arcpublishing.com%2Ftgam%2F24JHAKFW5BN7FPOGHDRLZHYR3Y.JPG&cfs=1&jq=75&ext=jpg&_nc_oe=6faba&_nc_sid=06c271&ccb=3-5&_nc_hash=AQGcbUPpvE4MfesU"
    ],
    "images_lowquality_description": [
        null
    ],
    "video": null,
    "video_duration_seconds": null,
    "video_height": null,
    "video_id": null,
    "video_quality": null,
    "video_size_MB": null,
    "video_thumbnail": null,
    "video_watches": null,
    "video_width": null,
    "likes": 95,
    "comments": 29,
    "shares": 7,
    "link": "http://www.theglobeandmail.com/business/article-protestors-blocking-ambassador-bridge-wont-be-removed-by-police-says/?utm_campaign=sophi-pop&utm_medium=post&utm_source=facebook&fbclid=IwAR1-2wuYNFb4pKw2I-FJdgvaTinqsnOJuw3ujRxxlfrnPBLQfEbJeAQ74CM",
    "links": [],
    "user_id": "140961138903",
    "username": "The Globe and Mail",
    "user_url": "https://facebook.com/theglobeandmail/?refid=52",
    "is_live": false,
    "factcheck": null,
    "shared_post_id": null,
    "shared_time": null,
    "shared_user_id": null,
    "shared_username": null,
    "shared_post_url": null,
    "available": true,
    "comments_full": [
        {
            "comment_id": "10159555174988904",
            "comment_url": "https://facebook.com/10159555174988904",
            "commenter_id": "827002117",
            "commenter_url": "https://facebook.com/sylvia.watson.925?fref=nf&rc=p&refid=52",
            "commenter_name": "Sylvia Watson",
            "commenter_meta": null,
            "comment_text": "Freedom fighters?\u2026.hmmm\n\u2026How about job-destroyers?\nIf factories and businesses can\u2019t operate because essential equipment/\nparts/\nsupplies are not delivered they will be forced to close; and if they are American-based they may just close up permanently. The Canadian auto industry is already dealing with issues around the manufacturing of electric cars and their potential status in the free trade agreement with the US\u2026..With freedom comes responsibility\u2026.",
            "comment_time": "2022-02-09 22:55:40",
            "comment_image": null,
            "comment_reactors": [],
            "comment_reactions": null,
            "comment_reaction_count": null,
            "replies": [
                {
                    "comment_id": "10159555188303904",
                    "comment_url": "https://facebook.com/10159555188303904",
                    "commenter_id": "791540028",
                    "commenter_url": "https://facebook.com/PUGSLEY3?fref=nf&rc=p",
                    "commenter_name": "Chris Nordness",
                    "commenter_meta": null,
                    "comment_text": "Sylvia Watson sorry but the dictator Trudeau did destroy the energy industry in the west with his insane destructive policies we lost way more than the auto industry sorry I am with the truckers",
                    "comment_time": "2022-02-09 22:55:42",
                    "comment_image": "https://scontent.xx.fbcdn.net/m1/v/t6/An_F9bJG7govfshSMBkvcRLcxT0jmiXVYKtr7lgH5AHgUrjjpZ1OD0xyxXYgf7arc0lWgCdrR_KN4Mg7RSN3Gm3W6Gg03N1tQ-ZXzVvFJ_KvvB4.png?ccb=10-5&oh=00_AT8ScZKrgCPhmfSgYBZgvnQHv14vvPQpgzOW8DDMFGGodg&oe=62243F67&_nc_sid=55e238",
                    "comment_reactors": [],
                    "comment_reactions": null,
                    "comment_reaction_count": null
                },
                {
                    "comment_id": "10159555191678904",
                    "comment_url": "https://facebook.com/10159555191678904",
                    "commenter_id": "827002117",
                    "commenter_url": "https://facebook.com/sylvia.watson.925?fref=nf&rc=p",
                    "commenter_name": "Sylvia Watson",
                    "commenter_meta": null,
                    "comment_text": "Chris Nordness \u2026I have family in Alberta\u2026hyperbo\nle to use the word \u201cdestroy\u201d.",
                    "comment_time": "2022-02-09 22:55:42",
                    "comment_image": "https://scontent.xx.fbcdn.net/m1/v/t6/An_UvxJXg9tdnLU3Y5qjPi0200MLilhzPXUgxzGjQzUMaNcmjdZA6anyrngvkdub33NZzZhd51fpCAEzNHFhko5aKRFP5fS1w_lKwYrzcNLupv27.png?ccb=10-5&oh=00_AT9C82irDy7Sn8cI_UEelmRC1FY5K5jw2pfWXlZ8QaKL1g&oe=62246CF9&_nc_sid=55e238",
                    "comment_reactors": [],
                    "comment_reactions": null,
                    "comment_reaction_count": null
                },
                {
                    "comment_id": "10159555193348904",
                    "comment_url": "https://facebook.com/10159555193348904",
                    "commenter_id": "791540028",
                    "commenter_url": "https://facebook.com/PUGSLEY3?fref=nf&rc=p",
                    "commenter_name": "Chris Nordness",
                    "commenter_meta": null,
                    "comment_text": "Sylvia Watson what do you call 300 000 out of work AB to 3000 out of work in Ontarios auto industry?",
                    "comment_time": "2022-02-09 22:55:42",
                    "comment_image": "https://scontent.xx.fbcdn.net/m1/v/t6/An_UvxJXg9tdnLU3Y5qjPi0200MLilhzPXUgxzGjQzUMaNcmjdZA6anyrngvkdub33NZzZhd51fpCAEzNHFhko5aKRFP5fS1w_lKwYrzcNLupv27.png?ccb=10-5&oh=00_AT9C82irDy7Sn8cI_UEelmRC1FY5K5jw2pfWXlZ8QaKL1g&oe=62246CF9&_nc_sid=55e238",
                    "comment_reactors": [],
                    "comment_reactions": null,
                    "comment_reaction_count": null
                },
                {
                    "comment_id": "10159555193783904",
                    "comment_url": "https://facebook.com/10159555193783904",
                    "commenter_id": "1137233188",
                    "commenter_url": "https://facebook.com/david.mulcaster.33?fref=nf&rc=p",
                    "commenter_name": "David Mulcaster",
                    "commenter_meta": null,
                    "comment_text": "Chris Nordness the oil and gas industry is booming - its a commodity industry and its always boom bust boom bust",
                    "comment_time": "2022-02-09 22:55:42",
                    "comment_image": "https://scontent.xx.fbcdn.net/m1/v/t6/An_UvxJXg9tdnLU3Y5qjPi0200MLilhzPXUgxzGjQzUMaNcmjdZA6anyrngvkdub33NZzZhd51fpCAEzNHFhko5aKRFP5fS1w_lKwYrzcNLupv27.png?ccb=10-5&oh=00_AT9C82irDy7Sn8cI_UEelmRC1FY5K5jw2pfWXlZ8QaKL1g&oe=62246CF9&_nc_sid=55e238",
                    "comment_reactors": [],
                    "comment_reactions": null,
                    "comment_reaction_count": null
                },
                {
                    "comment_id": "10159555194933904",
                    "comment_url": "https://facebook.com/10159555194933904",
                    "commenter_id": "827002117",
                    "commenter_url": "https://facebook.com/sylvia.watson.925?fref=nf&rc=p",
                    "commenter_name": "Sylvia Watson",
                    "commenter_meta": null,
                    "comment_text": "Chris Nordness ..you don\u2019t know the auto sector in Ontario. Many manufacturers supply parts to the assembly plants.",
                    "comment_time": "2022-02-09 22:55:42",
                    "comment_image": null,
                    "comment_reactors": [],
                    "comment_reactions": null,
                    "comment_reaction_count": null
                },
                {
                    "comment_id": "10159555195578904",
                    "comment_url": "https://facebook.com/10159555195578904",
                    "commenter_id": "791540028",
                    "commenter_url": "https://facebook.com/PUGSLEY3?fref=nf&rc=p",
                    "commenter_name": "Chris Nordness",
                    "commenter_meta": null,
                    "comment_text": "David Mulcaster I was talking before the pandemic I know its booming and thank goodness now for LNG infrastructure to finally be online and make Canada a energy power house",
                    "comment_time": "2022-02-09 22:55:42",
                    "comment_image": null,
                    "comment_reactors": [],
                    "comment_reactions": null,
                    "comment_reaction_count": null
                },
                {
                    "comment_id": "10159555197818904",
                    "comment_url": "https://facebook.com/10159555197818904",
                    "commenter_id": "791540028",
                    "commenter_url": "https://facebook.com/PUGSLEY3?fref=nf&rc=p",
                    "commenter_name": "Chris Nordness",
                    "commenter_meta": null,
                    "comment_text": "Sylvia Watson and many in the oil and. gas industry are affected directly whats your point? Ont does not rule the country the west is Natural Resouces which is what Canada is",
                    "comment_time": "2022-02-09 22:55:42",
                    "comment_image": "https://scontent.xx.fbcdn.net/m1/v/t6/An_F9bJG7govfshSMBkvcRLcxT0jmiXVYKtr7lgH5AHgUrjjpZ1OD0xyxXYgf7arc0lWgCdrR_KN4Mg7RSN3Gm3W6Gg03N1tQ-ZXzVvFJ_KvvB4.png?ccb=10-5&oh=00_AT8ScZKrgCPhmfSgYBZgvnQHv14vvPQpgzOW8DDMFGGodg&oe=62243F67&_nc_sid=55e238",
                    "comment_reactors": [],
                    "comment_reactions": null,
                    "comment_reaction_count": null
                },
                {
                    "comment_id": "10159555207588904",
                    "comment_url": "https://facebook.com/10159555207588904",
                    "commenter_id": "827002117",
                    "commenter_url": "https://facebook.com/sylvia.watson.925?fref=nf&rc=p",
                    "commenter_name": "Sylvia Watson",
                    "commenter_meta": null,
                    "comment_text": "Chris Nordness \u2026124,00 direct auto assembly jobs in On. For every assembly job, approximately 10 other jobs are created. The Ambassador Bridge is the main conduit for the integrated North American auto trade. It is a huge deal that this bridge is closed..",
                    "comment_time": "2022-02-09 22:55:42",
                    "comment_image": "https://scontent.xx.fbcdn.net/m1/v/t6/An_UvxJXg9tdnLU3Y5qjPi0200MLilhzPXUgxzGjQzUMaNcmjdZA6anyrngvkdub33NZzZhd51fpCAEzNHFhko5aKRFP5fS1w_lKwYrzcNLupv27.png?ccb=10-5&oh=00_AT9C82irDy7Sn8cI_UEelmRC1FY5K5jw2pfWXlZ8QaKL1g&oe=62246CF9&_nc_sid=55e238",
                    "comment_reactors": [],
                    "comment_reactions": null,
                    "comment_reaction_count": null
                },
                {
                    "comment_id": "10159555208683904",
                    "comment_url": "https://facebook.com/10159555208683904",
                    "commenter_id": "791540028",
                    "commenter_url": "https://facebook.com/PUGSLEY3?fref=nf&rc=p",
                    "commenter_name": "Chris Nordness",
                    "commenter_meta": null,
                    "comment_text": "Sylvia Watson I have faith in the convoy they are doing what is best",
                    "comment_time": "2022-02-09 22:55:42",
                    "comment_image": "https://scontent.xx.fbcdn.net/m1/v/t6/An_F9bJG7govfshSMBkvcRLcxT0jmiXVYKtr7lgH5AHgUrjjpZ1OD0xyxXYgf7arc0lWgCdrR_KN4Mg7RSN3Gm3W6Gg03N1tQ-ZXzVvFJ_KvvB4.png?ccb=10-5&oh=00_AT8ScZKrgCPhmfSgYBZgvnQHv14vvPQpgzOW8DDMFGGodg&oe=62243F67&_nc_sid=55e238",
                    "comment_reactors": [],
                    "comment_reactions": null,
                    "comment_reaction_count": null
                },
                {
                    "comment_id": "10159555225528904",
                    "comment_url": "https://facebook.com/10159555225528904",
                    "commenter_id": "748382836",
                    "commenter_url": "https://facebook.com/kevinhokeiho?fref=nf&rc=p",
                    "commenter_name": "Kevin Ho",
                    "commenter_meta": null,
                    "comment_text": "Sylvia Watson you wanna take other people\u2019s job over vaccines, this is where they fight back? But why do we have to fight, just drop the mandates, peace",
                    "comment_time": "2022-02-09 22:55:42",
                    "comment_image": "https://scontent.xx.fbcdn.net/m1/v/t6/An_UvxJXg9tdnLU3Y5qjPi0200MLilhzPXUgxzGjQzUMaNcmjdZA6anyrngvkdub33NZzZhd51fpCAEzNHFhko5aKRFP5fS1w_lKwYrzcNLupv27.png?ccb=10-5&oh=00_AT9C82irDy7Sn8cI_UEelmRC1FY5K5jw2pfWXlZ8QaKL1g&oe=62246CF9&_nc_sid=55e238",
                    "comment_reactors": [],
                    "comment_reactions": null,
                    "comment_reaction_count": null
                },
                {
                    "comment_id": "10159555234628904",
                    "comment_url": "https://facebook.com/10159555234628904",
                    "commenter_id": "791540028",
                    "commenter_url": "https://facebook.com/PUGSLEY3?fref=nf&rc=p",
                    "commenter_name": "Chris Nordness",
                    "commenter_meta": null,
                    "comment_text": "Michael Haughton nope I am a Canada FREE CITIZEN",
                    "comment_time": "2022-03-02 04:55:42",
                    "comment_image": "https://scontent.xx.fbcdn.net/m1/v/t6/An_UvxJXg9tdnLU3Y5qjPi0200MLilhzPXUgxzGjQzUMaNcmjdZA6anyrngvkdub33NZzZhd51fpCAEzNHFhko5aKRFP5fS1w_lKwYrzcNLupv27.png?ccb=10-5&oh=00_AT9C82irDy7Sn8cI_UEelmRC1FY5K5jw2pfWXlZ8QaKL1g&oe=62246CF9&_nc_sid=55e238",
                    "comment_reactors": [],
                    "comment_reactions": null,
                    "comment_reaction_count": null
                },
                {
                    "comment_id": "10159555245663904",
                    "comment_url": "https://facebook.com/10159555245663904",
                    "commenter_id": "791540028",
                    "commenter_url": "https://facebook.com/PUGSLEY3?fref=nf&rc=p",
                    "commenter_name": "Chris Nordness",
                    "commenter_meta": null,
                    "comment_text": "Michael Haughton you have your opinion of what is happening the truckers are proud and doing this for Canadians not the extremists that are trying to do to the cause, Trudeau caused this to be worse by mandatong which he said would not happen yet look where we are at, and not to mention calling them minority what a joke hes an idiot",
                    "comment_time": "2022-03-02 04:55:42",
                    "comment_image": "https://scontent.xx.fbcdn.net/m1/v/t6/An_UvxJXg9tdnLU3Y5qjPi0200MLilhzPXUgxzGjQzUMaNcmjdZA6anyrngvkdub33NZzZhd51fpCAEzNHFhko5aKRFP5fS1w_lKwYrzcNLupv27.png?ccb=10-5&oh=00_AT9C82irDy7Sn8cI_UEelmRC1FY5K5jw2pfWXlZ8QaKL1g&oe=62246CF9&_nc_sid=55e238",
                    "comment_reactors": [],
                    "comment_reactions": null,
                    "comment_reaction_count": null
                },
                {
                    "comment_id": "10159555248343904",
                    "comment_url": "https://facebook.com/10159555248343904",
                    "commenter_id": "791540028",
                    "commenter_url": "https://facebook.com/PUGSLEY3?fref=nf&rc=p",
                    "commenter_name": "Chris Nordness",
                    "commenter_meta": null,
                    "comment_text": "Michael Haughton and your not very good at taking a hint at I really dont give a F$&@&$ what you are saying or think",
                    "comment_time": "2022-03-02 04:55:42",
                    "comment_image": "https://scontent.xx.fbcdn.net/m1/v/t6/An_UvxJXg9tdnLU3Y5qjPi0200MLilhzPXUgxzGjQzUMaNcmjdZA6anyrngvkdub33NZzZhd51fpCAEzNHFhko5aKRFP5fS1w_lKwYrzcNLupv27.png?ccb=10-5&oh=00_AT9C82irDy7Sn8cI_UEelmRC1FY5K5jw2pfWXlZ8QaKL1g&oe=62246CF9&_nc_sid=55e238",
                    "comment_reactors": [],
                    "comment_reactions": null,
                    "comment_reaction_count": null
                },
                {
                    "comment_id": "10159555249168904",
                    "comment_url": "https://facebook.com/10159555249168904",
                    "commenter_id": "100000506995329",
                    "commenter_url": "https://facebook.com/jack.hopkins.1460?fref=nf&rc=p",
                    "commenter_name": "Jack Hopkins",
                    "commenter_meta": null,
                    "comment_text": "Chris Nordness Give is list of his missdeeds.",
                    "comment_time": "2022-02-09 22:55:42",
                    "comment_image": null,
                    "comment_reactors": [],
                    "comment_reactions": null,
                    "comment_reaction_count": null
                },
                {
                    "comment_id": "10159555250203904",
                    "comment_url": "https://facebook.com/10159555250203904",
                    "commenter_id": "791540028",
                    "commenter_url": "https://facebook.com/PUGSLEY3?fref=nf&rc=p",
                    "commenter_name": "Chris Nordness",
                    "commenter_meta": null,
                    "comment_text": "Michael Haughton poor babies in Ottowa whats wrong dont like it when the East loses",
                    "comment_time": "2022-03-02 04:55:42",
                    "comment_image": "https://scontent.xx.fbcdn.net/m1/v/t6/An-SJYN61eefFdoaV8pa0G_5_APCa0prZaqkZGXpCFeUCLCg89UPOqSkSZxJkLy0hAKKpUIPEB91mo9yBBfcAqcwmpEu5jN_jmJufFtJoVJCUklu.png?ccb=10-5&oh=00_AT_uC16R89XISW2BLH-gvAeIZ-6knN-rLSiRLuYO7e7b3A&oe=6225C35F&_nc_sid=55e238",
                    "comment_reactors": [],
                    "comment_reactions": null,
                    "comment_reaction_count": null
                },
                {
                    "comment_id": "10159555459933904",
                    "comment_url": "https://facebook.com/10159555459933904",
                    "commenter_id": "100060034165217",
                    "commenter_url": "https://facebook.com/richard.prychitko.7?fref=nf&rc=p",
                    "commenter_name": "Richard Prychitko",
                    "commenter_meta": null,
                    "comment_text": "Sylvia Watson I think Trudeau and Tam hold the record for destroying jobs and small businesses when they shut down the national economy back in 2020 in a totally misguided attempt to \"flatten the curve\" dont you think?",
                    "comment_time": "2022-02-09 22:55:42",
                    "comment_image": "https://scontent.xx.fbcdn.net/m1/v/t6/An_UvxJXg9tdnLU3Y5qjPi0200MLilhzPXUgxzGjQzUMaNcmjdZA6anyrngvkdub33NZzZhd51fpCAEzNHFhko5aKRFP5fS1w_lKwYrzcNLupv27.png?ccb=10-5&oh=00_AT9C82irDy7Sn8cI_UEelmRC1FY5K5jw2pfWXlZ8QaKL1g&oe=62246CF9&_nc_sid=55e238",
                    "comment_reactors": [],
                    "comment_reactions": null,
                    "comment_reaction_count": null
                },
                {
                    "comment_id": "10159555898063904",
                    "comment_url": "https://facebook.com/10159555898063904",
                    "commenter_id": "511571143",
                    "commenter_url": "https://facebook.com/thesoundguy44?fref=nf&rc=p",
                    "commenter_name": "Ken Maynard",
                    "commenter_meta": null,
                    "comment_text": "Sylvia Watson exactly. They aren't about \"freedom\" for Canadians, they are just about themselves. They supposedly started out protesting not being able to cross the border without conditions, so now they're stopping people from crossing the border?? It's all just selfish BS.",
                    "comment_time": "2022-02-09 22:55:42",
                    "comment_image": "https://scontent.xx.fbcdn.net/m1/v/t6/An_UvxJXg9tdnLU3Y5qjPi0200MLilhzPXUgxzGjQzUMaNcmjdZA6anyrngvkdub33NZzZhd51fpCAEzNHFhko5aKRFP5fS1w_lKwYrzcNLupv27.png?ccb=10-5&oh=00_AT9C82irDy7Sn8cI_UEelmRC1FY5K5jw2pfWXlZ8QaKL1g&oe=62246CF9&_nc_sid=55e238",
                    "comment_reactors": [],
                    "comment_reactions": null,
                    "comment_reaction_count": null
                }
            ]
        },
        {
            "comment_id": "10159555654743904",
            "comment_url": "https://facebook.com/10159555654743904",
            "commenter_id": "100000212842652",
            "commenter_url": "https://facebook.com/anton.kritskiy.7?fref=nf&rc=p&refid=52",
            "commenter_name": "Anton Kritskiy",
            "commenter_meta": "Top fan",
            "comment_text": "Very bad that mayor is not willing to use power to defend normal citizens from hooligans and \u201cinternal terrorists\u201d! Lots of people in Windsor, including myself, need the bridge to go to work. Now everyone is forced to use the tunnel, and there is very bad traffic there. I was almost late to pick my kid from school today. These so called \u201cprotesters\u201d violating my rights, and I expect government to take all necessary measures to defend me from these idlers.",
            "comment_time": "2022-02-09 22:55:40",
            "comment_image": null,
            "comment_reactors": [],
            "comment_reactions": null,
            "comment_reaction_count": null,
            "replies": []
        },
        {
            "comment_id": "10159556341518904",
            "comment_url": "https://facebook.com/10159556341518904",
            "commenter_id": "100000384889337",
            "commenter_url": "https://facebook.com/pat.kniginyzky?fref=nf&rc=p&refid=52",
            "commenter_name": "Pat Kniginyzky",
            "commenter_meta": null,
            "comment_text": "They aren't protesters. They are anarchists. Should be dealt with as such.",
            "comment_time": "2022-02-09 22:55:40",
            "comment_image": null,
            "comment_reactors": [],
            "comment_reactions": null,
            "comment_reaction_count": null,
            "replies": []
        },
        {
            "comment_id": "10159556214668904",
            "comment_url": "https://facebook.com/10159556214668904",
            "commenter_id": "616903713",
            "commenter_url": "https://facebook.com/adam.grant.792?fref=nf&rc=p&refid=52",
            "commenter_name": "Adam Grant",
            "commenter_meta": null,
            "comment_text": "What did they think was going to happen ?. Epic fail on the police force for not foreseeing these protests.",
            "comment_time": "2022-02-09 22:55:40",
            "comment_image": null,
            "comment_reactors": [],
            "comment_reactions": null,
            "comment_reaction_count": null,
            "replies": []
        },
        {
            "comment_id": "10159555356033904",
            "comment_url": "https://facebook.com/10159555356033904",
            "commenter_id": "1522699935",
            "commenter_url": "https://facebook.com/rena.david?fref=nf&rc=p&refid=52",
            "commenter_name": "Rena David",
            "commenter_meta": "Top fan",
            "comment_text": "They should be.",
            "comment_time": "2022-02-09 22:55:40",
            "comment_image": null,
            "comment_reactors": [],
            "comment_reactions": null,
            "comment_reaction_count": null,
            "replies": []
        },
        {
            "comment_id": "10159555241828904",
            "comment_url": "https://facebook.com/10159555241828904",
            "commenter_id": "715091420",
            "commenter_url": "https://facebook.com/stephen.humphrey2?fref=nf&rc=p&refid=52",
            "commenter_name": "Stephen Humphrey",
            "commenter_meta": "Top fan",
            "comment_text": "Someone's got to call their bluff sooner or later.",
            "comment_time": "2022-02-09 22:55:40",
            "comment_image": null,
            "comment_reactors": [],
            "comment_reactions": null,
            "comment_reaction_count": null,
            "replies": []
        },
        {
            "comment_id": "10159556297063904",
            "comment_url": "https://facebook.com/10159556297063904",
            "commenter_id": "100000052466253",
            "commenter_url": "https://facebook.com/doug.galan?fref=nf&rc=p&refid=52",
            "commenter_name": "Doug Galan",
            "commenter_meta": null,
            "comment_text": "Its time for Trudeau to show leadership. His calling these truckers racists and terrorists is not working. There is too much video on social media which is disproving his accusations. Time for a new tactic. A real leader would call Biden and together work to eliminate the border quarantine requirements. A real leader would also meet with the Freedom Convoy leaders, even if you don't agree with what they are doing. Clearly Trudeau is not a leader - time to step away from the job and give it to someone to is up for the task.",
            "comment_time": "2022-02-09 22:55:41",
            "comment_image": null,
            "comment_reactors": [],
            "comment_reactions": null,
            "comment_reaction_count": null,
            "replies": [
                {
                    "comment_id": "10159557248493904",
                    "comment_url": "https://facebook.com/10159557248493904",
                    "commenter_id": "100004906270997",
                    "commenter_url": "https://facebook.com/marina.presniakova?fref=nf&rc=p",
                    "commenter_name": "Marina Presniakova",
                    "commenter_meta": null,
                    "comment_text": "Doug Galan Nobody gave you or members of a Convoy a mandate to decide on behalf of the country on how to elect our leaders..or how to behave during the pandemia. You are minority, so go work on increasing your membership, instead of asking for funding your actions or using the trucks to terrorize those who goes to work and support vaccination. How the trucks are diffent from the tanks or any other military equipment?",
                    "comment_time": "2022-02-09 22:55:43",
                    "comment_image": null,
                    "comment_reactors": [],
                    "comment_reactions": null,
                    "comment_reaction_count": null
                },
                {
                    "comment_id": "10159557292823904",
                    "comment_url": "https://facebook.com/10159557292823904",
                    "commenter_id": "100000052466253",
                    "commenter_url": "https://facebook.com/doug.galan?fref=nf&rc=p",
                    "commenter_name": "Doug Galan",
                    "commenter_meta": null,
                    "comment_text": "Marina Presniakova a totalitarian like Trudeau would not hesitate to institute the war measures act like his father did in the 1970s. Tanks will certainly roll, but it will be Trudeau that does so. I do support vaccination ( triple vaxed) but also support freedom. Trudeau has show a total lack of leadership and cowardice. Because he doesn't believe in their cause, he is demonizing them. He is the Prime Minister of all Canadians not just the ones he agrees with. Calling them racists and terrorists is right out of the American Democrats playbook and it doesn't wash. He needs to be a leader and if he is not prepared to do so, step down and let someone else do the jo .",
                    "comment_time": "2022-02-09 22:55:43",
                    "comment_image": null,
                    "comment_reactors": [],
                    "comment_reactions": null,
                    "comment_reaction_count": null
                },
                {
                    "comment_id": "10159557359638904",
                    "comment_url": "https://facebook.com/10159557359638904",
                    "commenter_id": "100004906270997",
                    "commenter_url": "https://facebook.com/marina.presniakova?fref=nf&rc=p",
                    "commenter_name": "Marina Presniakova",
                    "commenter_meta": null,
                    "comment_text": "It is not up to you to decide when it is time for the PM to step down..you are listening to your own rhetoric, ignoring what I said. There is a democratic way for our country to decide who is going to be a leader and for how long. The country is us.. not You. You are the small minority with TUNK like machines, which are Terrorizing the country Right now! Police just tiptoeing around \"Freedom\" members, while they are acting out to provoke the harsher measures..\nWho is Someone Else should do the better job, you are implying? The one of the truck bullies? The Trump -like \"money-money\" maker ? The anarchist? Are you blind enough to ignore what pandemic caused to the rest of the world? And you think there is a leader who knows it all, from the start, on how to protect the population during the pandemics, or you prefer a strong man, a \"mister Putin\" style? Give me a break, expand your horizon!",
                    "comment_time": "2022-02-09 22:55:43",
                    "comment_image": null,
                    "comment_reactors": [],
                    "comment_reactions": null,
                    "comment_reaction_count": null
                }
            ]
        },
        {
            "comment_id": "10159555712113904",
            "comment_url": "https://facebook.com/10159555712113904",
            "commenter_id": "688926071",
            "commenter_url": "https://facebook.com/gregory.beneteau.7?fref=nf&rc=p&refid=52",
            "commenter_name": "Gregory Beneteau",
            "commenter_meta": null,
            "comment_text": "There's one group that's been consistently overlooked during this whole blockade crisis: seniors. While they don't tend to take to the streets, they do turn out to vote, and in far greater numbers than young people.\n\nThe anti-vaxxers and anti-mandate crowds are basically asking society to leave behind the elderly and vulnerable to risk death from COVID-19. This blockade going to move the senior vote firmly into the Liberal camp.\n\nEnjoy being in the opposition for the next hundred years, Tories.",
            "comment_time": "2022-02-09 22:55:41",
            "comment_image": null,
            "comment_reactors": [],
            "comment_reactions": null,
            "comment_reaction_count": null,
            "replies": []
        },
        {
            "comment_id": "10159555168403904",
            "comment_url": "https://facebook.com/10159555168403904",
            "commenter_id": "100010296467765",
            "commenter_url": "https://facebook.com/profile.php?id=100010296467765&fref=nf&rc=p&refid=52",
            "commenter_name": "Marilyn Taylor",
            "commenter_meta": null,
            "comment_text": "We can all thank Trudeau for this mess. In his capacity as prime minister, his job is to treat all Canadians equally and to listen to the concerns of all Canadians whether or not, they agree with his policies. When our Indigenous people set up road blockades to protest pipelines, Trudeau listened to their concerns yet when our truckers set up road blockades, he dismissed them in his condescending way, as all being racist and refused to listen to them. Former Sergeant-at-Arm\ns Kevin Vickers is right that there should be respect when it comes to dialogue with the truckers\u2019 convoy. As he advises, \"Respect actually means listening to something you\u2019d rather not hear and listening must include the possibility of recognizing there may be a meaningful grievance on the other side.\u201d If Trudeau can't do his job, he needs to step down.",
            "comment_time": "2022-02-09 22:55:41",
            "comment_image": null,
            "comment_reactors": [],
            "comment_reactions": null,
            "comment_reaction_count": null,
            "replies": [
                {
                    "comment_id": "10159555205063904",
                    "comment_url": "https://facebook.com/10159555205063904",
                    "commenter_id": "510524166",
                    "commenter_url": "https://facebook.com/typedinjam?fref=nf&rc=p",
                    "commenter_name": "Jam O'Sherry",
                    "commenter_meta": null,
                    "comment_text": "Marilyn Taylor hey dumb dumb, you're supposed to complain to your MP and they move it up the chain",
                    "comment_time": "2022-02-09 22:55:43",
                    "comment_image": "https://scontent.xx.fbcdn.net/m1/v/t6/An_UvxJXg9tdnLU3Y5qjPi0200MLilhzPXUgxzGjQzUMaNcmjdZA6anyrngvkdub33NZzZhd51fpCAEzNHFhko5aKRFP5fS1w_lKwYrzcNLupv27.png?ccb=10-5&oh=00_AT9C82irDy7Sn8cI_UEelmRC1FY5K5jw2pfWXlZ8QaKL1g&oe=62246CF9&_nc_sid=55e238",
                    "comment_reactors": [],
                    "comment_reactions": null,
                    "comment_reaction_count": null
                }
            ]
        },
        {
            "comment_id": "10159555184318904",
            "comment_url": "https://facebook.com/10159555184318904",
            "commenter_id": "1611211997",
            "commenter_url": "https://facebook.com/angie.h.davies?fref=nf&rc=p&refid=52",
            "commenter_name": "Angie Hauser Davies",
            "commenter_meta": null,
            "comment_text": "They should be removed",
            "comment_time": "2022-02-09 22:55:41",
            "comment_image": null,
            "comment_reactors": [],
            "comment_reactions": null,
            "comment_reaction_count": null,
            "replies": []
        },
        {
            "comment_id": "10159555141398904",
            "comment_url": "https://facebook.com/10159555141398904",
            "commenter_id": "639694511",
            "commenter_url": "https://facebook.com/derek.mitchell.378?fref=nf&rc=p&refid=52",
            "commenter_name": "Derek Mitchell",
            "commenter_meta": null,
            "comment_text": "Well you created two classes of citizens , time to accept the consequences as they say",
            "comment_time": "2022-02-09 22:55:41",
            "comment_image": null,
            "comment_reactors": [],
            "comment_reactions": null,
            "comment_reaction_count": null,
            "replies": [
                {
                    "comment_id": "10159555143538904",
                    "comment_url": "https://facebook.com/10159555143538904",
                    "commenter_id": "100001468386313",
                    "commenter_url": "https://facebook.com/andrea.montanaro.31?fref=nf&rc=p",
                    "commenter_name": "Andrea Montanaro",
                    "commenter_meta": null,
                    "comment_text": "Derek Mitchell exactly \u2026. These are part of the \u201cconsequences\u201d that word that Trudeau liked using so much last year \u2026 now it\u2019s time for him to accept them too",
                    "comment_time": "2022-02-09 22:55:44",
                    "comment_image": "https://scontent.xx.fbcdn.net/m1/v/t6/An_UvxJXg9tdnLU3Y5qjPi0200MLilhzPXUgxzGjQzUMaNcmjdZA6anyrngvkdub33NZzZhd51fpCAEzNHFhko5aKRFP5fS1w_lKwYrzcNLupv27.png?ccb=10-5&oh=00_AT9C82irDy7Sn8cI_UEelmRC1FY5K5jw2pfWXlZ8QaKL1g&oe=62246CF9&_nc_sid=55e238",
                    "comment_reactors": [],
                    "comment_reactions": null,
                    "comment_reaction_count": null
                },
                {
                    "comment_id": "10159555248113904",
                    "comment_url": "https://facebook.com/10159555248113904",
                    "commenter_id": "639694511",
                    "commenter_url": "https://facebook.com/derek.mitchell.378?fref=nf&rc=p",
                    "commenter_name": "Derek Mitchell",
                    "commenter_meta": null,
                    "comment_text": "Michael Haughton what ? \ud83d\ude02",
                    "comment_time": "2022-02-09 22:55:44",
                    "comment_image": "https://scontent.xx.fbcdn.net/m1/v/t6/An_F9bJG7govfshSMBkvcRLcxT0jmiXVYKtr7lgH5AHgUrjjpZ1OD0xyxXYgf7arc0lWgCdrR_KN4Mg7RSN3Gm3W6Gg03N1tQ-ZXzVvFJ_KvvB4.png?ccb=10-5&oh=00_AT8ScZKrgCPhmfSgYBZgvnQHv14vvPQpgzOW8DDMFGGodg&oe=62243F67&_nc_sid=55e238",
                    "comment_reactors": [],
                    "comment_reactions": null,
                    "comment_reaction_count": null
                },
                {
                    "comment_id": "10159555625248904",
                    "comment_url": "https://facebook.com/10159555625248904",
                    "commenter_id": "647204739",
                    "commenter_url": "https://facebook.com/robert.drain?fref=nf&rc=p",
                    "commenter_name": "Robert James Drain",
                    "commenter_meta": null,
                    "comment_text": "Derek Mitchell we have never been a classless country. Not sure of what you're saying.",
                    "comment_time": "2022-02-09 22:55:44",
                    "comment_image": "https://scontent.xx.fbcdn.net/m1/v/t6/An_UvxJXg9tdnLU3Y5qjPi0200MLilhzPXUgxzGjQzUMaNcmjdZA6anyrngvkdub33NZzZhd51fpCAEzNHFhko5aKRFP5fS1w_lKwYrzcNLupv27.png?ccb=10-5&oh=00_AT9C82irDy7Sn8cI_UEelmRC1FY5K5jw2pfWXlZ8QaKL1g&oe=62246CF9&_nc_sid=55e238",
                    "comment_reactors": [],
                    "comment_reactions": null,
                    "comment_reaction_count": null
                },
                {
                    "comment_id": "10159555917608904",
                    "comment_url": "https://facebook.com/10159555917608904",
                    "commenter_id": "100000407906902",
                    "commenter_url": "https://facebook.com/donna.mccaw.7?fref=nf&rc=p",
                    "commenter_name": "Donna McCaw",
                    "commenter_meta": null,
                    "comment_text": "Derek Mitchell I did not!",
                    "comment_time": "2022-02-09 22:55:44",
                    "comment_image": null,
                    "comment_reactors": [],
                    "comment_reactions": null,
                    "comment_reaction_count": null
                }
            ]
        },
        {
            "comment_id": "10159555149318904",
            "comment_url": "https://facebook.com/10159555149318904",
            "commenter_id": "533201484",
            "commenter_url": "https://facebook.com/lindsay.pinnegarfehr?fref=nf&rc=p&refid=52",
            "commenter_name": "Lindsay Pinnegar-Fehr",
            "commenter_meta": null,
            "comment_text": "Then I better not see and indigenous blockade removed by police.",
            "comment_time": "2022-02-09 22:55:41",
            "comment_image": null,
            "comment_reactors": [],
            "comment_reactions": null,
            "comment_reaction_count": null,
            "replies": [
                {
                    "comment_id": "10159555166963904",
                    "comment_url": "https://facebook.com/10159555166963904",
                    "commenter_id": "100033849276903",
                    "commenter_url": "https://facebook.com/profile.php?id=100033849276903&fref=nf&rc=p",
                    "commenter_name": "Ian Robinson",
                    "commenter_meta": null,
                    "comment_text": "Lindsay Pinnegar-Fehr uh-- the Indigenous blockaded Canada's entire rail system for months several years ago-- remember? No one force removed them.",
                    "comment_time": "2022-02-09 22:55:45",
                    "comment_image": "https://scontent.xx.fbcdn.net/m1/v/t6/An_UvxJXg9tdnLU3Y5qjPi0200MLilhzPXUgxzGjQzUMaNcmjdZA6anyrngvkdub33NZzZhd51fpCAEzNHFhko5aKRFP5fS1w_lKwYrzcNLupv27.png?ccb=10-5&oh=00_AT9C82irDy7Sn8cI_UEelmRC1FY5K5jw2pfWXlZ8QaKL1g&oe=62246CF9&_nc_sid=55e238",
                    "comment_reactors": [],
                    "comment_reactions": null,
                    "comment_reaction_count": null
                },
                {
                    "comment_id": "10159555168083904",
                    "comment_url": "https://facebook.com/10159555168083904",
                    "commenter_id": "533201484",
                    "commenter_url": "https://facebook.com/lindsay.pinnegarfehr?fref=nf&rc=p",
                    "commenter_name": "Lindsay Pinnegar-Fehr",
                    "commenter_meta": null,
                    "comment_text": "Ian Robinson and many they have forcefully removed. Calling out the exception says we did one right thing in 50 wrong things.",
                    "comment_time": "2022-02-09 22:55:45",
                    "comment_image": "https://scontent.xx.fbcdn.net/m1/v/t6/An_F9bJG7govfshSMBkvcRLcxT0jmiXVYKtr7lgH5AHgUrjjpZ1OD0xyxXYgf7arc0lWgCdrR_KN4Mg7RSN3Gm3W6Gg03N1tQ-ZXzVvFJ_KvvB4.png?ccb=10-5&oh=00_AT8ScZKrgCPhmfSgYBZgvnQHv14vvPQpgzOW8DDMFGGodg&oe=62243F67&_nc_sid=55e238",
                    "comment_reactors": [],
                    "comment_reactions": null,
                    "comment_reaction_count": null
                },
                {
                    "comment_id": "10159555170938904",
                    "comment_url": "https://facebook.com/10159555170938904",
                    "commenter_id": "100033849276903",
                    "commenter_url": "https://facebook.com/profile.php?id=100033849276903&fref=nf&rc=p",
                    "commenter_name": "Ian Robinson",
                    "commenter_meta": null,
                    "comment_text": "Lindsay Pinnegar-Fehr --- hardly the exception. I lived through Oka here in Quebec and others. So easy on your rhetoric",
                    "comment_time": "2022-02-09 22:55:45",
                    "comment_image": "https://scontent.xx.fbcdn.net/m1/v/t6/An_UvxJXg9tdnLU3Y5qjPi0200MLilhzPXUgxzGjQzUMaNcmjdZA6anyrngvkdub33NZzZhd51fpCAEzNHFhko5aKRFP5fS1w_lKwYrzcNLupv27.png?ccb=10-5&oh=00_AT9C82irDy7Sn8cI_UEelmRC1FY5K5jw2pfWXlZ8QaKL1g&oe=62246CF9&_nc_sid=55e238",
                    "comment_reactors": [],
                    "comment_reactions": null,
                    "comment_reaction_count": null
                },
                {
                    "comment_id": "10159555273683904",
                    "comment_url": "https://facebook.com/10159555273683904",
                    "commenter_id": "553310071",
                    "commenter_url": "https://facebook.com/susan.mulholland.98?fref=nf&rc=p",
                    "commenter_name": "Susan Mulholland",
                    "commenter_meta": null,
                    "comment_text": "Lindsay Pinnegar-Fehr exactly",
                    "comment_time": "2022-02-09 22:55:45",
                    "comment_image": "https://scontent.xx.fbcdn.net/m1/v/t6/An_F9bJG7govfshSMBkvcRLcxT0jmiXVYKtr7lgH5AHgUrjjpZ1OD0xyxXYgf7arc0lWgCdrR_KN4Mg7RSN3Gm3W6Gg03N1tQ-ZXzVvFJ_KvvB4.png?ccb=10-5&oh=00_AT8ScZKrgCPhmfSgYBZgvnQHv14vvPQpgzOW8DDMFGGodg&oe=62243F67&_nc_sid=55e238",
                    "comment_reactors": [],
                    "comment_reactions": null,
                    "comment_reaction_count": null
                },
                {
                    "comment_id": "10159555461883904",
                    "comment_url": "https://facebook.com/10159555461883904",
                    "commenter_id": "100001736138337",
                    "commenter_url": "https://facebook.com/walter.rodd?fref=nf&rc=p",
                    "commenter_name": "Walter Rodd",
                    "commenter_meta": null,
                    "comment_text": "Lindsay Pinnegar-Fehr no kidding eh....real double standards there",
                    "comment_time": "2022-02-09 22:55:45",
                    "comment_image": null,
                    "comment_reactors": [],
                    "comment_reactions": null,
                    "comment_reaction_count": null
                },
                {
                    "comment_id": "10159555462668904",
                    "comment_url": "https://facebook.com/10159555462668904",
                    "commenter_id": "100001736138337",
                    "commenter_url": "https://facebook.com/walter.rodd?fref=nf&rc=p",
                    "commenter_name": "Walter Rodd",
                    "commenter_meta": null,
                    "comment_text": "Ian Robinson lol.....it was not for months",
                    "comment_time": "2022-02-09 22:55:45",
                    "comment_image": "https://scontent.xx.fbcdn.net/m1/v/t6/An_F9bJG7govfshSMBkvcRLcxT0jmiXVYKtr7lgH5AHgUrjjpZ1OD0xyxXYgf7arc0lWgCdrR_KN4Mg7RSN3Gm3W6Gg03N1tQ-ZXzVvFJ_KvvB4.png?ccb=10-5&oh=00_AT8ScZKrgCPhmfSgYBZgvnQHv14vvPQpgzOW8DDMFGGodg&oe=62243F67&_nc_sid=55e238",
                    "comment_reactors": [],
                    "comment_reactions": null,
                    "comment_reaction_count": null
                },
                {
                    "comment_id": "10159555466543904",
                    "comment_url": "https://facebook.com/10159555466543904",
                    "commenter_id": "100033849276903",
                    "commenter_url": "https://facebook.com/profile.php?id=100033849276903&fref=nf&rc=p",
                    "commenter_name": "Ian Robinson",
                    "commenter_meta": null,
                    "comment_text": "Walter Rodd no double standard -- just facts which you seem to have difficulty grasping.",
                    "comment_time": "2022-02-09 22:55:45",
                    "comment_image": "https://scontent.xx.fbcdn.net/m1/v/t6/An_UvxJXg9tdnLU3Y5qjPi0200MLilhzPXUgxzGjQzUMaNcmjdZA6anyrngvkdub33NZzZhd51fpCAEzNHFhko5aKRFP5fS1w_lKwYrzcNLupv27.png?ccb=10-5&oh=00_AT9C82irDy7Sn8cI_UEelmRC1FY5K5jw2pfWXlZ8QaKL1g&oe=62246CF9&_nc_sid=55e238",
                    "comment_reactors": [],
                    "comment_reactions": null,
                    "comment_reaction_count": null
                },
                {
                    "comment_id": "10159555468513904",
                    "comment_url": "https://facebook.com/10159555468513904",
                    "commenter_id": "100001736138337",
                    "commenter_url": "https://facebook.com/walter.rodd?fref=nf&rc=p",
                    "commenter_name": "Walter Rodd",
                    "commenter_meta": null,
                    "comment_text": "Ian Robinson sorry but more like you don't grasp it",
                    "comment_time": "2022-02-09 22:55:45",
                    "comment_image": "https://scontent.xx.fbcdn.net/m1/v/t6/An_F9bJG7govfshSMBkvcRLcxT0jmiXVYKtr7lgH5AHgUrjjpZ1OD0xyxXYgf7arc0lWgCdrR_KN4Mg7RSN3Gm3W6Gg03N1tQ-ZXzVvFJ_KvvB4.png?ccb=10-5&oh=00_AT8ScZKrgCPhmfSgYBZgvnQHv14vvPQpgzOW8DDMFGGodg&oe=62243F67&_nc_sid=55e238",
                    "comment_reactors": [],
                    "comment_reactions": null,
                    "comment_reaction_count": null
                },
                {
                    "comment_id": "10159555469858904",
                    "comment_url": "https://facebook.com/10159555469858904",
                    "commenter_id": "100033849276903",
                    "commenter_url": "https://facebook.com/profile.php?id=100033849276903&fref=nf&rc=p",
                    "commenter_name": "Ian Robinson",
                    "commenter_meta": null,
                    "comment_text": "Walter Rodd read my comments again -- see if you can comprehend my diction.-- seek help if necessary.",
                    "comment_time": "2022-02-09 22:55:45",
                    "comment_image": null,
                    "comment_reactors": [],
                    "comment_reactions": null,
                    "comment_reaction_count": null
                }
            ]
        },
        {
            "comment_id": "10159555189573904",
            "comment_url": "https://facebook.com/10159555189573904",
            "commenter_id": "100011517678935",
            "commenter_url": "https://facebook.com/profile.php?id=100011517678935&fref=nf&rc=p&refid=52",
            "commenter_name": "James McDonald",
            "commenter_meta": null,
            "comment_text": "Sue them all into oblivion for damages.",
            "comment_time": "2022-02-09 22:55:41",
            "comment_image": null,
            "comment_reactors": [],
            "comment_reactions": null,
            "comment_reaction_count": null,
            "replies": [
                {
                    "comment_id": "10159555301603904",
                    "comment_url": "https://facebook.com/10159555301603904",
                    "commenter_id": "596425799",
                    "commenter_url": "https://facebook.com/andrew.karvonen.9?fref=nf&rc=p",
                    "commenter_name": "Andrew Karvonen",
                    "commenter_meta": null,
                    "comment_text": "James McDonald confiscate their trucks\u2026absolute\nly can be done legally due to being used in a crime.",
                    "comment_time": "2022-02-09 22:55:45",
                    "comment_image": "https://scontent.xx.fbcdn.net/m1/v/t6/An_UvxJXg9tdnLU3Y5qjPi0200MLilhzPXUgxzGjQzUMaNcmjdZA6anyrngvkdub33NZzZhd51fpCAEzNHFhko5aKRFP5fS1w_lKwYrzcNLupv27.png?ccb=10-5&oh=00_AT9C82irDy7Sn8cI_UEelmRC1FY5K5jw2pfWXlZ8QaKL1g&oe=62246CF9&_nc_sid=55e238",
                    "comment_reactors": [],
                    "comment_reactions": null,
                    "comment_reaction_count": null
                }
            ]
        },
        {
            "comment_id": "10159555343848904",
            "comment_url": "https://facebook.com/10159555343848904",
            "commenter_id": "100009854688236",
            "commenter_url": "https://facebook.com/LiGaEr?fref=nf&rc=p&refid=52",
            "commenter_name": "Li Eron",
            "commenter_meta": null,
            "comment_text": "their licenses should be revoke! using vehicles is obviously illegal!",
            "comment_time": "2022-02-09 22:55:41",
            "comment_image": null,
            "comment_reactors": [],
            "comment_reactions": null,
            "comment_reaction_count": null,
            "replies": [
                {
                    "comment_id": "10159555500923904",
                    "comment_url": "https://facebook.com/10159555500923904",
                    "commenter_id": "658935130",
                    "commenter_url": "https://facebook.com/darryl.lamb.90?fref=nf&rc=p",
                    "commenter_name": "Darryl Lamb",
                    "commenter_meta": null,
                    "comment_text": "Li Eron their licenses were revoked by the prime minister",
                    "comment_time": "2022-02-09 22:55:46",
                    "comment_image": null,
                    "comment_reactors": [],
                    "comment_reactions": null,
                    "comment_reaction_count": null
                }
            ]
        },
        {
            "comment_id": "10159555893953904",
            "comment_url": "https://facebook.com/10159555893953904",
            "commenter_id": "100008270582928",
            "commenter_url": "https://facebook.com/electpaulbell?fref=nf&rc=p&refid=52",
            "commenter_name": "Paul Bell",
            "commenter_meta": null,
            "comment_text": "Simply end the mandates.",
            "comment_time": "2022-02-09 22:55:41",
            "comment_image": null,
            "comment_reactors": [],
            "comment_reactions": null,
            "comment_reaction_count": null,
            "replies": [
                {
                    "comment_id": "10159555964933904",
                    "comment_url": "https://facebook.com/10159555964933904",
                    "commenter_id": "100003584179943",
                    "commenter_url": "https://facebook.com/scott.verge.1?fref=nf&rc=p",
                    "commenter_name": "Scott Verge",
                    "commenter_meta": null,
                    "comment_text": "Paul Bell yes. Bow to pressure by a small group of people.",
                    "comment_time": "2022-02-09 22:55:46",
                    "comment_image": "https://scontent.xx.fbcdn.net/m1/v/t6/An_UvxJXg9tdnLU3Y5qjPi0200MLilhzPXUgxzGjQzUMaNcmjdZA6anyrngvkdub33NZzZhd51fpCAEzNHFhko5aKRFP5fS1w_lKwYrzcNLupv27.png?ccb=10-5&oh=00_AT9C82irDy7Sn8cI_UEelmRC1FY5K5jw2pfWXlZ8QaKL1g&oe=62246CF9&_nc_sid=55e238",
                    "comment_reactors": [],
                    "comment_reactions": null,
                    "comment_reaction_count": null
                },
                {
                    "comment_id": "10159555965553904",
                    "comment_url": "https://facebook.com/10159555965553904",
                    "commenter_id": "100008270582928",
                    "commenter_url": "https://facebook.com/electpaulbell?fref=nf&rc=p",
                    "commenter_name": "Paul Bell",
                    "commenter_meta": null,
                    "comment_text": "Scott Verge No. Follow the science and the Constitution. Do you think these mandates and controls are saving lives?",
                    "comment_time": "2022-02-09 22:55:46",
                    "comment_image": null,
                    "comment_reactors": [],
                    "comment_reactions": null,
                    "comment_reaction_count": null
                },
                {
                    "comment_id": "10159555989713904",
                    "comment_url": "https://facebook.com/10159555989713904",
                    "commenter_id": "100003584179943",
                    "commenter_url": "https://facebook.com/scott.verge.1?fref=nf&rc=p",
                    "commenter_name": "Scott Verge",
                    "commenter_meta": null,
                    "comment_text": "Paul Bell Canada has half the deaths per capita that the USA has had.\n\nYes.",
                    "comment_time": "2022-02-09 22:55:46",
                    "comment_image": null,
                    "comment_reactors": [],
                    "comment_reactions": null,
                    "comment_reaction_count": null
                },
                {
                    "comment_id": "10159555991078904",
                    "comment_url": "https://facebook.com/10159555991078904",
                    "commenter_id": "100008270582928",
                    "commenter_url": "https://facebook.com/electpaulbell?fref=nf&rc=p",
                    "commenter_name": "Paul Bell",
                    "commenter_meta": null,
                    "comment_text": "Scott Verge Nothing to do with the mandates. Compare New York and California to Florida. Compare Canada to Sweden.",
                    "comment_time": "2022-02-09 22:55:46",
                    "comment_image": null,
                    "comment_reactors": [],
                    "comment_reactions": null,
                    "comment_reaction_count": null
                },
                {
                    "comment_id": "10159555992253904",
                    "comment_url": "https://facebook.com/10159555992253904",
                    "commenter_id": "100003584179943",
                    "commenter_url": "https://facebook.com/scott.verge.1?fref=nf&rc=p",
                    "commenter_name": "Scott Verge",
                    "commenter_meta": null,
                    "comment_text": "Paul Bell what do you propose is the explanation for the difference?",
                    "comment_time": "2022-02-09 22:55:46",
                    "comment_image": null,
                    "comment_reactors": [],
                    "comment_reactions": null,
                    "comment_reaction_count": null
                },
                {
                    "comment_id": "10159555992823904",
                    "comment_url": "https://facebook.com/10159555992823904",
                    "commenter_id": "100003584179943",
                    "commenter_url": "https://facebook.com/scott.verge.1?fref=nf&rc=p",
                    "commenter_name": "Scott Verge",
                    "commenter_meta": null,
                    "comment_text": "And again. Why would we listen to a small minority and let them dictate how public health measures should be implemented?\n\nShould we have handed over control of the police to BLM protesters?",
                    "comment_time": "2022-02-09 22:55:46",
                    "comment_image": null,
                    "comment_reactors": [],
                    "comment_reactions": null,
                    "comment_reaction_count": null
                },
                {
                    "comment_id": "10159555993468904",
                    "comment_url": "https://facebook.com/10159555993468904",
                    "commenter_id": "100008270582928",
                    "commenter_url": "https://facebook.com/electpaulbell?fref=nf&rc=p",
                    "commenter_name": "Paul Bell",
                    "commenter_meta": null,
                    "comment_text": "Scott Verge People who kept safe by wearing proper PPE or staying away from where outbreaks were as well as people's comorbidities were factors. The lockdowns actually made things worse according to John Hopkins. You should read their report.",
                    "comment_time": "2022-02-09 22:55:46",
                    "comment_image": "https://scontent.xx.fbcdn.net/m1/v/t6/An_F9bJG7govfshSMBkvcRLcxT0jmiXVYKtr7lgH5AHgUrjjpZ1OD0xyxXYgf7arc0lWgCdrR_KN4Mg7RSN3Gm3W6Gg03N1tQ-ZXzVvFJ_KvvB4.png?ccb=10-5&oh=00_AT8ScZKrgCPhmfSgYBZgvnQHv14vvPQpgzOW8DDMFGGodg&oe=62243F67&_nc_sid=55e238",
                    "comment_reactors": [],
                    "comment_reactions": null,
                    "comment_reaction_count": null
                },
                {
                    "comment_id": "10159555995358904",
                    "comment_url": "https://facebook.com/10159555995358904",
                    "commenter_id": "100008270582928",
                    "commenter_url": "https://facebook.com/electpaulbell?fref=nf&rc=p",
                    "commenter_name": "Paul Bell",
                    "commenter_meta": null,
                    "comment_text": "Scott Verge You're making a silly gaslight now. spare that nonsense. End the mandates for whatever reason suits your fancy. If you think it's because the Viking hat guy is coming to brainwash you, so be it.",
                    "comment_time": "2022-02-09 22:55:46",
                    "comment_image": null,
                    "comment_reactors": [],
                    "comment_reactions": null,
                    "comment_reaction_count": null
                },
                {
                    "comment_id": "10159556031643904",
                    "comment_url": "https://facebook.com/10159556031643904",
                    "commenter_id": "100003584179943",
                    "commenter_url": "https://facebook.com/scott.verge.1?fref=nf&rc=p",
                    "commenter_name": "Scott Verge",
                    "commenter_meta": null,
                    "comment_text": "Paul Bell Viking hat guy?",
                    "comment_time": "2022-02-09 22:55:46",
                    "comment_image": null,
                    "comment_reactors": [],
                    "comment_reactions": null,
                    "comment_reaction_count": null
                },
                {
                    "comment_id": "10159556033938904",
                    "comment_url": "https://facebook.com/10159556033938904",
                    "commenter_id": "100008270582928",
                    "commenter_url": "https://facebook.com/electpaulbell?fref=nf&rc=p",
                    "commenter_name": "Paul Bell",
                    "commenter_meta": null,
                    "comment_text": "Scott Verge \"Fringe\". You're pushing a BS narrative. I was helping you along. You're probably eager to invoke Pearl Harbor before reading the John Hopkins report on lockdowns or learning about how PPE works. I will never deny you lockdowns, masks, vaccines, social distancing to your heart's content.",
                    "comment_time": "2022-02-09 22:55:46",
                    "comment_image": null,
                    "comment_reactors": [],
                    "comment_reactions": null,
                    "comment_reaction_count": null
                }
            ]
        },
        {
            "comment_id": "10159556263598904",
            "comment_url": "https://facebook.com/10159556263598904",
            "commenter_id": "760164154",
            "commenter_url": "https://facebook.com/jeff.heisler1?fref=nf&rc=p&refid=52",
            "commenter_name": "Jeff Heisler",
            "commenter_meta": "Top fan",
            "comment_text": "Still not important enough for Trudeau to acknowledge there is a huge problem. Drop the mandates and resign!!",
            "comment_time": "2022-02-09 22:55:41",
            "comment_image": null,
            "comment_reactors": [],
            "comment_reactions": null,
            "comment_reaction_count": null,
            "replies": []
        },
        {
            "comment_id": "10159555731328904",
            "comment_url": "https://facebook.com/10159555731328904",
            "commenter_id": "1124366508",
            "commenter_url": "https://facebook.com/kenneth.hill.92?fref=nf&rc=p&refid=52",
            "commenter_name": "Kenneth Hill",
            "commenter_meta": null,
            "comment_text": "cut off the fuel",
            "comment_time": "2022-02-09 22:55:41",
            "comment_image": null,
            "comment_reactors": [],
            "comment_reactions": null,
            "comment_reaction_count": null,
            "replies": []
        },
        {
            "comment_id": "10159555293593904",
            "comment_url": "https://facebook.com/10159555293593904",
            "commenter_id": "100002207027054",
            "commenter_url": "https://facebook.com/ernesto.agbuya.1?fref=nf&rc=p&refid=52",
            "commenter_name": "Ernesto Agbuya",
            "commenter_meta": null,
            "comment_text": "BE CAREFUL NOW ,THAT bridge migth collapse, then we will fly supply to both our border ,",
            "comment_time": "2022-02-09 22:55:41",
            "comment_image": null,
            "comment_reactors": [],
            "comment_reactions": null,
            "comment_reaction_count": null,
            "replies": []
        },
        {
            "comment_id": "10159555392118904",
            "comment_url": "https://facebook.com/10159555392118904",
            "commenter_id": "557525734",
            "commenter_url": "https://facebook.com/gwong.ca?fref=nf&rc=p&refid=52",
            "commenter_name": "Gordon Wong",
            "commenter_meta": "Top fan",
            "comment_text": "They are making sure Conservatives will get the minimum number of votes in next elections. Do you think Liberal government would want to stop them too soon?\ud83d\ude05",
            "comment_time": "2022-02-09 22:55:41",
            "comment_image": null,
            "comment_reactors": [],
            "comment_reactions": null,
            "comment_reaction_count": null,
            "replies": [
                {
                    "comment_id": "10159555732733904",
                    "comment_url": "https://facebook.com/10159555732733904",
                    "commenter_id": "1124366508",
                    "commenter_url": "https://facebook.com/kenneth.hill.92?fref=nf&rc=p",
                    "commenter_name": "Kenneth Hill",
                    "commenter_meta": null,
                    "comment_text": "Gordon Wong The Conservative are be hind this 100%",
                    "comment_time": "2022-02-09 22:55:47",
                    "comment_image": "https://scontent.xx.fbcdn.net/m1/v/t6/An_UvxJXg9tdnLU3Y5qjPi0200MLilhzPXUgxzGjQzUMaNcmjdZA6anyrngvkdub33NZzZhd51fpCAEzNHFhko5aKRFP5fS1w_lKwYrzcNLupv27.png?ccb=10-5&oh=00_AT9C82irDy7Sn8cI_UEelmRC1FY5K5jw2pfWXlZ8QaKL1g&oe=62246CF9&_nc_sid=55e238",
                    "comment_reactors": [],
                    "comment_reactions": null,
                    "comment_reaction_count": null
                },
                {
                    "comment_id": "10159556125858904",
                    "comment_url": "https://facebook.com/10159556125858904",
                    "commenter_id": "575190192",
                    "commenter_url": "https://facebook.com/jakkieh19?fref=nf&rc=p",
                    "commenter_name": "Jackie Jean",
                    "commenter_meta": null,
                    "comment_text": "Gordon Wong not sure what planet your on buddy but conservatives are going to win by a landslide.",
                    "comment_time": "2022-02-09 22:55:47",
                    "comment_image": null,
                    "comment_reactors": [],
                    "comment_reactions": null,
                    "comment_reaction_count": null
                },
                {
                    "comment_id": "10159556209073904",
                    "comment_url": "https://facebook.com/10159556209073904",
                    "commenter_id": "557525734",
                    "commenter_url": "https://facebook.com/gwong.ca?fref=nf&rc=p",
                    "commenter_name": "Gordon Wong",
                    "commenter_meta": "Top fan",
                    "comment_text": "Jackie Jean according the latest abacus poll, 87% of people in Ottawa do not support this convoy. You think Conservatives could win a seat in any big cities after this? They could win by landslide within extreme right only. You would wish your planet to get dominated by extreme right.",
                    "comment_time": "2022-02-09 22:55:47",
                    "comment_image": "https://static.xx.fbcdn.net/rsrc.php/v3/y7/r/4bRBCBmu1Q9.png",
                    "comment_reactors": [],
                    "comment_reactions": null,
                    "comment_reaction_count": null
                }
            ]
        },
        {
            "comment_id": "10159557232633904",
            "comment_url": "https://facebook.com/10159557232633904",
            "commenter_id": "100009120120240",
            "commenter_url": "https://facebook.com/profile.php?id=100009120120240&fref=nf&rc=p&refid=52",
            "commenter_name": "Joseph Whitty",
            "commenter_meta": null,
            "comment_text": "Why? Public roads\u2026.public accesss. Case closed. Arrest anyone blocking passage th movement. It is not nor should ever be their right..",
            "comment_time": "2022-02-09 22:55:41",
            "comment_image": null,
            "comment_reactors": [],
            "comment_reactions": null,
            "comment_reaction_count": null,
            "replies": []
        },
        {
            "comment_id": "10159556369098904",
            "comment_url": "https://facebook.com/10159556369098904",
            "commenter_id": "100007403595864",
            "commenter_url": "https://facebook.com/profile.php?id=100007403595864&fref=nf&rc=p&refid=52",
            "commenter_name": "Mike Guerrisi",
            "commenter_meta": "Top fan",
            "comment_text": "The police and children's aid need to go and check to see if any children are with these people. If there are children they need to remove them so they are not used as shields. Once that is done the police should then remove the protesters from these occupations as they are no longer protests.",
            "comment_time": "2022-02-09 22:55:41",
            "comment_image": null,
            "comment_reactors": [],
            "comment_reactions": null,
            "comment_reaction_count": null,
            "replies": []
        },
        {
            "comment_id": "10159556209423904",
            "comment_url": "https://facebook.com/10159556209423904",
            "commenter_id": "100047501863564",
            "commenter_url": "https://facebook.com/philip.standard.50?fref=nf&rc=p&refid=52",
            "commenter_name": "Philip Standard",
            "commenter_meta": null,
            "comment_text": "They are punishing farmers and truckers and taking away their freedom. What is the point of this??",
            "comment_time": "2022-02-09 22:55:41",
            "comment_image": null,
            "comment_reactors": [],
            "comment_reactions": null,
            "comment_reaction_count": null,
            "replies": []
        },
        {
            "comment_id": "10159556471368904",
            "comment_url": "https://facebook.com/10159556471368904",
            "commenter_id": "525761347",
            "commenter_url": "https://facebook.com/pspearma?fref=nf&rc=p&refid=52",
            "commenter_name": "Peter Spearman",
            "commenter_meta": null,
            "comment_text": "Well then you will have to bear the economic consequences!",
            "comment_time": "2022-02-09 22:55:41",
            "comment_image": null,
            "comment_reactors": [],
            "comment_reactions": null,
            "comment_reaction_count": null,
            "replies": []
        },
        {
            "comment_id": "10159555160498904",
            "comment_url": "https://facebook.com/10159555160498904",
            "commenter_id": "544710803",
            "commenter_url": "https://facebook.com/mike.boulet.56?fref=nf&rc=p&refid=52",
            "commenter_name": "Mike Boulet",
            "commenter_meta": null,
            "comment_text": "Can't wait to see what our people in the auto sector have to say...",
            "comment_time": "2022-02-09 22:55:41",
            "comment_image": null,
            "comment_reactors": [],
            "comment_reactions": null,
            "comment_reaction_count": null,
            "replies": [
                {
                    "comment_id": "10159555175783904",
                    "comment_url": "https://facebook.com/10159555175783904",
                    "commenter_id": "530155609",
                    "commenter_url": "https://facebook.com/profile.php?id=530155609&fref=nf&rc=p",
                    "commenter_name": "Bruce R Collens",
                    "commenter_meta": null,
                    "comment_text": "Mike Boulet Here\u2019s a quarter,,,",
                    "comment_time": "2022-02-09 22:55:47",
                    "comment_image": null,
                    "comment_reactors": [],
                    "comment_reactions": null,
                    "comment_reaction_count": null
                },
                {
                    "comment_id": "10159555181783904",
                    "comment_url": "https://facebook.com/10159555181783904",
                    "commenter_id": "544710803",
                    "commenter_url": "https://facebook.com/mike.boulet.56?fref=nf&rc=p",
                    "commenter_name": "Mike Boulet",
                    "commenter_meta": null,
                    "comment_text": "Bruce R Collens you seem smart. \ud83d\ude05",
                    "comment_time": "2022-02-09 22:55:47",
                    "comment_image": "https://scontent.xx.fbcdn.net/m1/v/t6/An_UvxJXg9tdnLU3Y5qjPi0200MLilhzPXUgxzGjQzUMaNcmjdZA6anyrngvkdub33NZzZhd51fpCAEzNHFhko5aKRFP5fS1w_lKwYrzcNLupv27.png?ccb=10-5&oh=00_AT9C82irDy7Sn8cI_UEelmRC1FY5K5jw2pfWXlZ8QaKL1g&oe=62246CF9&_nc_sid=55e238",
                    "comment_reactors": [],
                    "comment_reactions": null,
                    "comment_reaction_count": null
                },
                {
                    "comment_id": "10159555193938904",
                    "comment_url": "https://facebook.com/10159555193938904",
                    "commenter_id": "530155609",
                    "commenter_url": "https://facebook.com/profile.php?id=530155609&fref=nf&rc=p",
                    "commenter_name": "Bruce R Collens",
                    "commenter_meta": null,
                    "comment_text": "Mike Boulet And you seem like a douche finding it \u201chilarious\u201d that someone has broken his ankle.",
                    "comment_time": "2022-02-09 22:55:47",
                    "comment_image": "https://scontent.xx.fbcdn.net/m1/v/t6/An_F9bJG7govfshSMBkvcRLcxT0jmiXVYKtr7lgH5AHgUrjjpZ1OD0xyxXYgf7arc0lWgCdrR_KN4Mg7RSN3Gm3W6Gg03N1tQ-ZXzVvFJ_KvvB4.png?ccb=10-5&oh=00_AT8ScZKrgCPhmfSgYBZgvnQHv14vvPQpgzOW8DDMFGGodg&oe=62243F67&_nc_sid=55e238",
                    "comment_reactors": [],
                    "comment_reactions": null,
                    "comment_reaction_count": null
                }
            ]
        },
        {
            "comment_id": "10159555141333904",
            "comment_url": "https://facebook.com/10159555141333904",
            "commenter_id": "1650090131",
            "commenter_url": "https://facebook.com/david.szybalski.7?fref=nf&rc=p&refid=52",
            "commenter_name": "David Szy",
            "commenter_meta": null,
            "comment_text": "Stop calling these losers \u201cprotestors\u201d",
            "comment_time": "2022-02-09 22:55:41",
            "comment_image": null,
            "comment_reactors": [],
            "comment_reactions": null,
            "comment_reaction_count": null,
            "replies": [
                {
                    "comment_id": "10159555173388904",
                    "comment_url": "https://facebook.com/10159555173388904",
                    "commenter_id": "530155609",
                    "commenter_url": "https://facebook.com/profile.php?id=530155609&fref=nf&rc=p",
                    "commenter_name": "Bruce R Collens",
                    "commenter_meta": null,
                    "comment_text": "David Szy You\u2019re right. Freedom fighters is more apropos. \ud83d\udc4d\ud83d\udcaa\ud83c\udde8\ud83c\udde6",
                    "comment_time": "2022-02-09 22:55:48",
                    "comment_image": "https://scontent.xx.fbcdn.net/m1/v/t6/An_F9bJG7govfshSMBkvcRLcxT0jmiXVYKtr7lgH5AHgUrjjpZ1OD0xyxXYgf7arc0lWgCdrR_KN4Mg7RSN3Gm3W6Gg03N1tQ-ZXzVvFJ_KvvB4.png?ccb=10-5&oh=00_AT8ScZKrgCPhmfSgYBZgvnQHv14vvPQpgzOW8DDMFGGodg&oe=62243F67&_nc_sid=55e238",
                    "comment_reactors": [],
                    "comment_reactions": null,
                    "comment_reaction_count": null
                },
                {
                    "comment_id": "10159555291918904",
                    "comment_url": "https://facebook.com/10159555291918904",
                    "commenter_id": "1071103623",
                    "commenter_url": "https://facebook.com/patricia.dingle.1?fref=nf&rc=p",
                    "commenter_name": "Patricia Dingle",
                    "commenter_meta": null,
                    "comment_text": "David Szy They should be called illegal occupiers and removed by whatever means is required.",
                    "comment_time": "2022-02-09 22:55:48",
                    "comment_image": "https://scontent.xx.fbcdn.net/m1/v/t6/An_UvxJXg9tdnLU3Y5qjPi0200MLilhzPXUgxzGjQzUMaNcmjdZA6anyrngvkdub33NZzZhd51fpCAEzNHFhko5aKRFP5fS1w_lKwYrzcNLupv27.png?ccb=10-5&oh=00_AT9C82irDy7Sn8cI_UEelmRC1FY5K5jw2pfWXlZ8QaKL1g&oe=62246CF9&_nc_sid=55e238",
                    "comment_reactors": [],
                    "comment_reactions": null,
                    "comment_reaction_count": null
                },
                {
                    "comment_id": "10159555394138904",
                    "comment_url": "https://facebook.com/10159555394138904",
                    "commenter_id": "504358137",
                    "commenter_url": "https://facebook.com/green.bbastarrdd?fref=nf&rc=p",
                    "commenter_name": "Green Bastard",
                    "commenter_meta": null,
                    "comment_text": "Patricia Dingle they should be called karen snowflakes who want to speak to the manager?",
                    "comment_time": "2022-02-09 22:55:48",
                    "comment_image": "https://scontent.xx.fbcdn.net/m1/v/t6/An_F9bJG7govfshSMBkvcRLcxT0jmiXVYKtr7lgH5AHgUrjjpZ1OD0xyxXYgf7arc0lWgCdrR_KN4Mg7RSN3Gm3W6Gg03N1tQ-ZXzVvFJ_KvvB4.png?ccb=10-5&oh=00_AT8ScZKrgCPhmfSgYBZgvnQHv14vvPQpgzOW8DDMFGGodg&oe=62243F67&_nc_sid=55e238",
                    "comment_reactors": [],
                    "comment_reactions": null,
                    "comment_reaction_count": null
                },
                {
                    "comment_id": "10159555609158904",
                    "comment_url": "https://facebook.com/10159555609158904",
                    "commenter_id": "507841386",
                    "commenter_url": "https://facebook.com/colinrichardson.rocksyoursocks?fref=nf&rc=p",
                    "commenter_name": "Colin Richardson",
                    "commenter_meta": null,
                    "comment_text": "Bruce R Collens Domestic terrorists is more accurate.",
                    "comment_time": "2022-02-09 22:55:48",
                    "comment_image": "https://scontent.xx.fbcdn.net/m1/v/t6/An_F9bJG7govfshSMBkvcRLcxT0jmiXVYKtr7lgH5AHgUrjjpZ1OD0xyxXYgf7arc0lWgCdrR_KN4Mg7RSN3Gm3W6Gg03N1tQ-ZXzVvFJ_KvvB4.png?ccb=10-5&oh=00_AT8ScZKrgCPhmfSgYBZgvnQHv14vvPQpgzOW8DDMFGGodg&oe=62243F67&_nc_sid=55e238",
                    "comment_reactors": [],
                    "comment_reactions": null,
                    "comment_reaction_count": null
                },
                {
                    "comment_id": "10159555631778904",
                    "comment_url": "https://facebook.com/10159555631778904",
                    "commenter_id": "530155609",
                    "commenter_url": "https://facebook.com/profile.php?id=530155609&fref=nf&rc=p",
                    "commenter_name": "Bruce R Collens",
                    "commenter_meta": null,
                    "comment_text": "Colin Richardson Check under your bed tonight.",
                    "comment_time": "2022-02-09 22:55:48",
                    "comment_image": "https://scontent.xx.fbcdn.net/m1/v/t6/An_UvxJXg9tdnLU3Y5qjPi0200MLilhzPXUgxzGjQzUMaNcmjdZA6anyrngvkdub33NZzZhd51fpCAEzNHFhko5aKRFP5fS1w_lKwYrzcNLupv27.png?ccb=10-5&oh=00_AT9C82irDy7Sn8cI_UEelmRC1FY5K5jw2pfWXlZ8QaKL1g&oe=62246CF9&_nc_sid=55e238",
                    "comment_reactors": [],
                    "comment_reactions": null,
                    "comment_reaction_count": null
                },
                {
                    "comment_id": "10159555661398904",
                    "comment_url": "https://facebook.com/10159555661398904",
                    "commenter_id": "100000212842652",
                    "commenter_url": "https://facebook.com/anton.kritskiy.7?fref=nf&rc=p",
                    "commenter_name": "Anton Kritskiy",
                    "commenter_meta": "Top fan",
                    "comment_text": "Bruce R CollensInternal terrorists is correct definition.",
                    "comment_time": "2022-02-09 22:55:48",
                    "comment_image": "https://static.xx.fbcdn.net/rsrc.php/v3/y7/r/4bRBCBmu1Q9.png",
                    "comment_reactors": [],
                    "comment_reactions": null,
                    "comment_reaction_count": null
                },
                {
                    "comment_id": "10159557252763904",
                    "comment_url": "https://facebook.com/10159557252763904",
                    "commenter_id": "100004906270997",
                    "commenter_url": "https://facebook.com/marina.presniakova?fref=nf&rc=p",
                    "commenter_name": "Marina Presniakova",
                    "commenter_meta": null,
                    "comment_text": "Bruce R Collens enjoy CERB..send your thanks to Trudeau \ud83c\udde8\ud83c\udde6",
                    "comment_time": "2022-02-09 22:55:48",
                    "comment_image": null,
                    "comment_reactors": [],
                    "comment_reactions": null,
                    "comment_reaction_count": null
                },
                {
                    "comment_id": "10159557443993904",
                    "comment_url": "https://facebook.com/10159557443993904",
                    "commenter_id": "530155609",
                    "commenter_url": "https://facebook.com/profile.php?id=530155609&fref=nf&rc=p",
                    "commenter_name": "Bruce R Collens",
                    "commenter_meta": null,
                    "comment_text": "Marina Presniakova Never collected a dime from CERB but I know plenty that have illegally stolen from it.",
                    "comment_time": "2022-02-09 22:55:48",
                    "comment_image": null,
                    "comment_reactors": [],
                    "comment_reactions": null,
                    "comment_reaction_count": null
                },
                {
                    "comment_id": "10159557751523904",
                    "comment_url": "https://facebook.com/10159557751523904",
                    "commenter_id": "100004906270997",
                    "commenter_url": "https://facebook.com/marina.presniakova?fref=nf&rc=p",
                    "commenter_name": "Marina Presniakova",
                    "commenter_meta": null,
                    "comment_text": "Bruce R Collens I bet they are all on the band wagon, harassing the Government and the rest of us, who goes to work, demanding \"Freedom\"..as if they know what does it mean.",
                    "comment_time": "2022-02-09 22:55:48",
                    "comment_image": null,
                    "comment_reactors": [],
                    "comment_reactions": null,
                    "comment_reaction_count": null
                }
            ]
        },
        {
            "comment_id": "10159555166428904",
            "comment_url": "https://facebook.com/10159555166428904",
            "commenter_id": "786325570",
            "commenter_url": "https://facebook.com/Scruffable?fref=nf&rc=p&refid=52",
            "commenter_name": "Lori Anne Stoute",
            "commenter_meta": null,
            "comment_text": "So excited to be the real human middle fingers they are.",
            "comment_time": "2022-02-09 22:55:41",
            "comment_image": null,
            "comment_reactors": [],
            "comment_reactions": null,
            "comment_reaction_count": null,
            "replies": []
        },
        {
            "comment_id": "10159555608508904",
            "comment_url": "https://facebook.com/10159555608508904",
            "commenter_id": "507841386",
            "commenter_url": "https://facebook.com/colinrichardson.rocksyoursocks?fref=nf&rc=p&refid=52",
            "commenter_name": "Colin Richardson",
            "commenter_meta": null,
            "comment_text": "Blocking ports of entry is illegal. It is also illegal to aid and abet illegal actions. Remove the Windsor mayor by police, then arrest and remove the domestic terrorists blocking the bridge.",
            "comment_time": "2022-02-09 22:55:41",
            "comment_image": null,
            "comment_reactors": [],
            "comment_reactions": null,
            "comment_reaction_count": null,
            "replies": []
        },
        {
            "comment_id": "10159556675533904",
            "comment_url": "https://facebook.com/10159556675533904",
            "commenter_id": "790280256",
            "commenter_url": "https://facebook.com/charles.crosby1?fref=nf&rc=p&refid=52",
            "commenter_name": "Charles Crosby",
            "commenter_meta": null,
            "comment_text": "Domestic terrorists",
            "comment_time": "2022-02-09 22:55:41",
            "comment_image": null,
            "comment_reactors": [],
            "comment_reactions": null,
            "comment_reaction_count": null,
            "replies": []
        },
        {
            "comment_id": "10159555490273904",
            "comment_url": "https://facebook.com/10159555490273904",
            "commenter_id": "100002417842763",
            "commenter_url": "https://facebook.com/andrew.merritt.948?fref=nf&rc=p&refid=52",
            "commenter_name": "Andrew Merritt",
            "commenter_meta": null,
            "comment_text": "Its so important to keep politics out of science and science into politics as all government policies should be based upon the best current understanding of facts as opposed to mere ideologies. Otherwise it will be a dark dangerous road we will travel upon. All the science says that their are too many unknowns and what is known doesn't look good. Just because the general public is bored with the pandemic and want to let loose and party and businesses want to make money NOW and live like they used to as we are all social creatures. Fact is, the Coronavirus is indifferent and will do what viruses do, mutate. Just because people with a poor understanding of science and statistics and push alternative facts and ideologies as if they were of equal value with the scientific method ,doesn't mean we can just do away with restrictions because we don't feel like it ,ISNT a valid counterargument\n. Critical thinking and evidence based medicine ISNT a democracy. If anything its a dictator and if we don't follow the laws of nature(physics)\n.We will pay for it dearly through health care and our economics and education from all the missed work and school people missed because of looking after sick spouses and siblings. If we aren't careful ,we may end up breaking our health care system to the point of failure as our hospitals are already at their limits. Too many people are losing their Canadian heritage and instead seem to be gravitating to the American style of politics of the individual rather then the community as a whole. Both the far right and the far left have lost touch with what it is to be a Canadian. Its really a balance of both and we have to get rid of this American style of Conservative politics and become Canadian again.",
            "comment_time": "2022-02-09 22:55:41",
            "comment_image": null,
            "comment_reactors": [],
            "comment_reactions": null,
            "comment_reaction_count": null,
            "replies": []
        }
    ],
    "reactors": null,
    "w3_fb_url": null,
    "reactions": null,
    "reaction_count": null,
    "with": null,
    "page_id": "140961138903",
    "sharers": null,
    "image_id": null,
    "image_ids": [],
    "was_live": false
}