{
    "original_request_url": "10159568046068904",
    "post_url": "https://facebook.com/story.php?story_fbid=10159568046068904&id=140961138903",
    "post_id": "10159568046068904",
    "text": "Doug Saunders: The Canadian \u2018truck\u2019 protests are a deliberate knock-off of a larger convoy-based protest movement in France\n\nTHEGLOBEANDMAIL.COM\nOur protests are a weak copy of Europe\u2019s. We should learn from their response",
    "post_text": "Doug Saunders: The Canadian \u2018truck\u2019 protests are a deliberate knock-off of a larger convoy-based protest movement in France",
    "shared_text": "THEGLOBEANDMAIL.COM\nOur protests are a weak copy of Europe\u2019s. We should learn from their response",
    "original_text": null,
    "time": "2022-02-17 15:39:15",
    "timestamp": 1645112355,
    "image": "https://www.theglobeandmail.com/resizer/gMlJRYjr2wSVHCjyEdy9fdLdInQ=/1200x800/filters:quality(80)/cloudfront-us-east-1.images.arcpublishing.com/tgam/XZ2QZESZ6VKTNPUI5OV5342GCU.JPG",
    "image_lowquality": "https://external-sea1-1.xx.fbcdn.net/safe_image.php?d=AQG_yWqvJPcYTz1m&w=476&h=249&url=https%3A%2F%2Fwww.theglobeandmail.com%2Fresizer%2FgMlJRYjr2wSVHCjyEdy9fdLdInQ%3D%2F1200x800%2Ffilters%3Aquality%2880%29%2Fcloudfront-us-east-1.images.arcpublishing.com%2Ftgam%2FXZ2QZESZ6VKTNPUI5OV5342GCU.JPG&cfs=1&jq=75&ext=jpg&_nc_oe=6fab6&_nc_sid=06c271&ccb=3-5&_nc_hash=AQExWuQpM37XACOD",
    "images": [
        "https://www.theglobeandmail.com/resizer/gMlJRYjr2wSVHCjyEdy9fdLdInQ=/1200x800/filters:quality(80)/cloudfront-us-east-1.images.arcpublishing.com/tgam/XZ2QZESZ6VKTNPUI5OV5342GCU.JPG"
    ],
    "images_description": [],
    "images_lowquality": [
        "https://external-sea1-1.xx.fbcdn.net/safe_image.php?d=AQG_yWqvJPcYTz1m&w=476&h=249&url=https%3A%2F%2Fwww.theglobeandmail.com%2Fresizer%2FgMlJRYjr2wSVHCjyEdy9fdLdInQ%3D%2F1200x800%2Ffilters%3Aquality%2880%29%2Fcloudfront-us-east-1.images.arcpublishing.com%2Ftgam%2FXZ2QZESZ6VKTNPUI5OV5342GCU.JPG&cfs=1&jq=75&ext=jpg&_nc_oe=6fab6&_nc_sid=06c271&ccb=3-5&_nc_hash=AQExWuQpM37XACOD"
    ],
    "images_lowquality_description": [
        null
    ],
    "video": null,
    "video_duration_seconds": null,
    "video_height": null,
    "video_id": null,
    "video_quality": null,
    "video_size_MB": null,
    "video_thumbnail": null,
    "video_watches": null,
    "video_width": null,
    "likes": 50,
    "comments": 24,
    "shares": 1,
    "link": "http://www.theglobeandmail.com/opinion/article-our-protests-are-a-weak-copy-of-europes-we-should-learn-from-their/?utm_campaign=sophi-pop&utm_medium=post&utm_source=facebook&fbclid=IwAR0MbJNqnUmXjGfohD8PQp4AuZvOLJJT2aTS6qOwuc5lGOTWEnA2KxTGSS4",
    "links": [],
    "user_id": "140961138903",
    "username": "The Globe and Mail",
    "user_url": "https://facebook.com/theglobeandmail/?refid=52",
    "is_live": false,
    "factcheck": null,
    "shared_post_id": null,
    "shared_time": null,
    "shared_user_id": null,
    "shared_username": null,
    "shared_post_url": null,
    "available": true,
    "comments_full": [
        {
            "comment_id": "10159568215693904",
            "comment_url": "https://facebook.com/10159568215693904",
            "commenter_id": "100000407955277",
            "commenter_url": "https://facebook.com/eileen.longueville?fref=nf&rc=p&refid=52",
            "commenter_name": "Eileen M-Catherine",
            "commenter_meta": null,
            "comment_text": "Yes the gilet jaunes protested in a similar fashion here in France in 2018/19 but for very different reasons. Their gripes were mainly about carbon tax and money coming out of people\u2019s pockets. Macron\u2019s response of backing down was the right one, as the type of policy change he was trying to implement was far too ambitious for the time period allowed. You can\u2019t really compare that with a pandemic response or whatever you were trying to say there - they are two very different things.",
            "comment_time": "2022-02-16 18:55:57",
            "comment_image": null,
            "comment_reactors": [],
            "comment_reactions": null,
            "comment_reaction_count": null,
            "replies": []
        },
        {
            "comment_id": "10159568081758904",
            "comment_url": "https://facebook.com/10159568081758904",
            "commenter_id": "100009198974142",
            "commenter_url": "https://facebook.com/patrick.remillard.94?fref=nf&rc=p&refid=52",
            "commenter_name": "Patrick Remillard",
            "commenter_meta": null,
            "comment_text": "What a weak journalist , learn how to report facts instead of liberal propaganda",
            "comment_time": "2022-02-16 18:55:57",
            "comment_image": null,
            "comment_reactors": [],
            "comment_reactions": null,
            "comment_reaction_count": null,
            "replies": [
                {
                    "comment_id": "10159568090563904",
                    "comment_url": "https://facebook.com/10159568090563904",
                    "commenter_id": "650936396",
                    "commenter_url": "https://facebook.com/simon.a.james.420?fref=nf&rc=p",
                    "commenter_name": "Simon A. James",
                    "commenter_meta": "Top fan",
                    "comment_text": "Patrick Remillard \"lern\" lmfao \ud83e\udd23\ud83e\udd23",
                    "comment_time": "2022-02-16 18:56:00",
                    "comment_image": "https://static.xx.fbcdn.net/rsrc.php/v3/y7/r/4bRBCBmu1Q9.png",
                    "comment_reactors": [],
                    "comment_reactions": null,
                    "comment_reaction_count": null
                },
                {
                    "comment_id": "10159568107433904",
                    "comment_url": "https://facebook.com/10159568107433904",
                    "commenter_id": "650936396",
                    "commenter_url": "https://facebook.com/simon.a.james.420?fref=nf&rc=p",
                    "commenter_name": "Simon A. James",
                    "commenter_meta": "Top fan",
                    "comment_text": "That's better, good boy \ud83d\udc4d",
                    "comment_time": "2022-02-16 18:56:00",
                    "comment_image": "https://static.xx.fbcdn.net/rsrc.php/v3/y7/r/4bRBCBmu1Q9.png",
                    "comment_reactors": [],
                    "comment_reactions": null,
                    "comment_reaction_count": null
                },
                {
                    "comment_id": "10159568175428904",
                    "comment_url": "https://facebook.com/10159568175428904",
                    "commenter_id": "100043257961739",
                    "commenter_url": "https://facebook.com/bonnie.cull.7?fref=nf&rc=p",
                    "commenter_name": "Bonnie Cull",
                    "commenter_meta": null,
                    "comment_text": "Globe is a con rag, not lib, DERP #NEVERCON",
                    "comment_time": "2022-02-16 18:56:00",
                    "comment_image": "https://scontent.xx.fbcdn.net/m1/v/t6/An_UvxJXg9tdnLU3Y5qjPi0200MLilhzPXUgxzGjQzUMaNcmjdZA6anyrngvkdub33NZzZhd51fpCAEzNHFhko5aKRFP5fS1w_lKwYrzcNLupv27.png?ccb=10-5&oh=00_AT9C82irDy7Sn8cI_UEelmRC1FY5K5jw2pfWXlZ8QaKL1g&oe=62246CF9&_nc_sid=55e238",
                    "comment_reactors": [],
                    "comment_reactions": null,
                    "comment_reaction_count": null
                },
                {
                    "comment_id": "10159568568998904",
                    "comment_url": "https://facebook.com/10159568568998904",
                    "commenter_id": "100061370771385",
                    "commenter_url": "https://facebook.com/profile.php?id=100061370771385&fref=nf&rc=p",
                    "commenter_name": "Nofrendze Cleveland",
                    "commenter_meta": null,
                    "comment_text": "Bonnie Cull You bring the DERP wherever you go.",
                    "comment_time": "2022-02-16 18:56:00",
                    "comment_image": "https://scontent.xx.fbcdn.net/m1/v/t6/An_UvxJXg9tdnLU3Y5qjPi0200MLilhzPXUgxzGjQzUMaNcmjdZA6anyrngvkdub33NZzZhd51fpCAEzNHFhko5aKRFP5fS1w_lKwYrzcNLupv27.png?ccb=10-5&oh=00_AT9C82irDy7Sn8cI_UEelmRC1FY5K5jw2pfWXlZ8QaKL1g&oe=62246CF9&_nc_sid=55e238",
                    "comment_reactors": [],
                    "comment_reactions": null,
                    "comment_reaction_count": null
                },
                {
                    "comment_id": "10159568587528904",
                    "comment_url": "https://facebook.com/10159568587528904",
                    "commenter_id": "100009198974142",
                    "commenter_url": "https://facebook.com/patrick.remillard.94?fref=nf&rc=p",
                    "commenter_name": "Patrick Remillard",
                    "commenter_meta": null,
                    "comment_text": "Nofrendze Cleveland the DERP is the top level of her education.",
                    "comment_time": "2022-02-16 18:56:00",
                    "comment_image": "https://scontent.xx.fbcdn.net/m1/v/t6/An-SJYN61eefFdoaV8pa0G_5_APCa0prZaqkZGXpCFeUCLCg89UPOqSkSZxJkLy0hAKKpUIPEB91mo9yBBfcAqcwmpEu5jN_jmJufFtJoVJCUklu.png?ccb=10-5&oh=00_AT-HD_fAz1FOkFJ77AGea0mU96-fTFoUboA_JCHdWzyUDQ&oe=6223C91F&_nc_sid=55e238",
                    "comment_reactors": [],
                    "comment_reactions": null,
                    "comment_reaction_count": null
                },
                {
                    "comment_id": "10159568588168904",
                    "comment_url": "https://facebook.com/10159568588168904",
                    "commenter_id": "100043257961739",
                    "commenter_url": "https://facebook.com/bonnie.cull.7?fref=nf&rc=p",
                    "commenter_name": "Bonnie Cull",
                    "commenter_meta": null,
                    "comment_text": "My super power is triggering cons lol",
                    "comment_time": "2022-02-16 18:56:00",
                    "comment_image": "https://scontent.xx.fbcdn.net/m1/v/t6/An_UvxJXg9tdnLU3Y5qjPi0200MLilhzPXUgxzGjQzUMaNcmjdZA6anyrngvkdub33NZzZhd51fpCAEzNHFhko5aKRFP5fS1w_lKwYrzcNLupv27.png?ccb=10-5&oh=00_AT9C82irDy7Sn8cI_UEelmRC1FY5K5jw2pfWXlZ8QaKL1g&oe=62246CF9&_nc_sid=55e238",
                    "comment_reactors": [],
                    "comment_reactions": null,
                    "comment_reaction_count": null
                },
                {
                    "comment_id": "10159568591763904",
                    "comment_url": "https://facebook.com/10159568591763904",
                    "commenter_id": "100061370771385",
                    "commenter_url": "https://facebook.com/profile.php?id=100061370771385&fref=nf&rc=p",
                    "commenter_name": "Nofrendze Cleveland",
                    "commenter_meta": null,
                    "comment_text": "Bonnie Cull Typical liberal, always patting themselves on the back while performing poorly.",
                    "comment_time": "2022-02-16 18:56:00",
                    "comment_image": null,
                    "comment_reactors": [],
                    "comment_reactions": null,
                    "comment_reaction_count": null
                },
                {
                    "comment_id": "10159568701918904",
                    "comment_url": "https://facebook.com/10159568701918904",
                    "commenter_id": "1107210462",
                    "commenter_url": "https://facebook.com/john.skippy.9?fref=nf&rc=p",
                    "commenter_name": "John Skippy",
                    "commenter_meta": null,
                    "comment_text": "Patrick Remillard ignore, she's not well.",
                    "comment_time": "2022-02-16 18:56:00",
                    "comment_image": "https://scontent.xx.fbcdn.net/m1/v/t6/An_UvxJXg9tdnLU3Y5qjPi0200MLilhzPXUgxzGjQzUMaNcmjdZA6anyrngvkdub33NZzZhd51fpCAEzNHFhko5aKRFP5fS1w_lKwYrzcNLupv27.png?ccb=10-5&oh=00_AT9C82irDy7Sn8cI_UEelmRC1FY5K5jw2pfWXlZ8QaKL1g&oe=62246CF9&_nc_sid=55e238",
                    "comment_reactors": [],
                    "comment_reactions": null,
                    "comment_reaction_count": null
                }
            ]
        },
        {
            "comment_id": "10159568083303904",
            "comment_url": "https://facebook.com/10159568083303904",
            "commenter_id": "875475572",
            "commenter_url": "https://facebook.com/jeff.durham.355?fref=nf&rc=p&refid=52",
            "commenter_name": "Jeff Durham",
            "commenter_meta": null,
            "comment_text": "Defund all subsidized Canadian media.",
            "comment_time": "2022-02-16 18:55:57",
            "comment_image": null,
            "comment_reactors": [],
            "comment_reactions": null,
            "comment_reaction_count": null,
            "replies": [
                {
                    "comment_id": "10159568089558904",
                    "comment_url": "https://facebook.com/10159568089558904",
                    "commenter_id": "650936396",
                    "commenter_url": "https://facebook.com/simon.a.james.420?fref=nf&rc=p",
                    "commenter_name": "Simon A. James",
                    "commenter_meta": "Top fan",
                    "comment_text": "Jeff Durham So... Pretty much all media outlets, you mean...?",
                    "comment_time": "2022-02-16 18:56:01",
                    "comment_image": "https://static.xx.fbcdn.net/rsrc.php/v3/y7/r/4bRBCBmu1Q9.png",
                    "comment_reactors": [],
                    "comment_reactions": null,
                    "comment_reaction_count": null
                },
                {
                    "comment_id": "10159568093728904",
                    "comment_url": "https://facebook.com/10159568093728904",
                    "commenter_id": "875475572",
                    "commenter_url": "https://facebook.com/jeff.durham.355?fref=nf&rc=p",
                    "commenter_name": "Jeff Durham",
                    "commenter_meta": null,
                    "comment_text": "Simon A. James No. Just those being paid by the government.",
                    "comment_time": "2022-02-16 18:56:01",
                    "comment_image": "https://scontent.xx.fbcdn.net/m1/v/t6/An_UvxJXg9tdnLU3Y5qjPi0200MLilhzPXUgxzGjQzUMaNcmjdZA6anyrngvkdub33NZzZhd51fpCAEzNHFhko5aKRFP5fS1w_lKwYrzcNLupv27.png?ccb=10-5&oh=00_AT9C82irDy7Sn8cI_UEelmRC1FY5K5jw2pfWXlZ8QaKL1g&oe=62246CF9&_nc_sid=55e238",
                    "comment_reactors": [],
                    "comment_reactions": null,
                    "comment_reaction_count": null
                },
                {
                    "comment_id": "10159568097353904",
                    "comment_url": "https://facebook.com/10159568097353904",
                    "commenter_id": "650936396",
                    "commenter_url": "https://facebook.com/simon.a.james.420?fref=nf&rc=p",
                    "commenter_name": "Simon A. James",
                    "commenter_meta": "Top fan",
                    "comment_text": "Jeff Durham Just about every Canadian media outlets benefits from that grant though.",
                    "comment_time": "2022-02-16 18:56:01",
                    "comment_image": "https://static.xx.fbcdn.net/rsrc.php/v3/y7/r/4bRBCBmu1Q9.png",
                    "comment_reactors": [],
                    "comment_reactions": null,
                    "comment_reaction_count": null
                },
                {
                    "comment_id": "10159568104133904",
                    "comment_url": "https://facebook.com/10159568104133904",
                    "commenter_id": "875475572",
                    "commenter_url": "https://facebook.com/jeff.durham.355?fref=nf&rc=p",
                    "commenter_name": "Jeff Durham",
                    "commenter_meta": null,
                    "comment_text": "Simon A. James None of them should. Not a single one.",
                    "comment_time": "2022-02-16 18:56:01",
                    "comment_image": "https://scontent.xx.fbcdn.net/m1/v/t6/An_UvxJXg9tdnLU3Y5qjPi0200MLilhzPXUgxzGjQzUMaNcmjdZA6anyrngvkdub33NZzZhd51fpCAEzNHFhko5aKRFP5fS1w_lKwYrzcNLupv27.png?ccb=10-5&oh=00_AT9C82irDy7Sn8cI_UEelmRC1FY5K5jw2pfWXlZ8QaKL1g&oe=62246CF9&_nc_sid=55e238",
                    "comment_reactors": [],
                    "comment_reactions": null,
                    "comment_reaction_count": null
                },
                {
                    "comment_id": "10159568105623904",
                    "comment_url": "https://facebook.com/10159568105623904",
                    "commenter_id": "650936396",
                    "commenter_url": "https://facebook.com/simon.a.james.420?fref=nf&rc=p",
                    "commenter_name": "Simon A. James",
                    "commenter_meta": "Top fan",
                    "comment_text": "Jeff Durham Journalism is important, and keeping it out of the hands of corporate overlords even moreso. How do you see a better way to keep media independent?",
                    "comment_time": "2022-02-16 18:56:01",
                    "comment_image": "https://static.xx.fbcdn.net/rsrc.php/v3/y7/r/4bRBCBmu1Q9.png",
                    "comment_reactors": [],
                    "comment_reactions": null,
                    "comment_reaction_count": null
                },
                {
                    "comment_id": "10159568110153904",
                    "comment_url": "https://facebook.com/10159568110153904",
                    "commenter_id": "875475572",
                    "commenter_url": "https://facebook.com/jeff.durham.355?fref=nf&rc=p",
                    "commenter_name": "Jeff Durham",
                    "commenter_meta": null,
                    "comment_text": "Simon A. James It\u2019s very important and that is exactly why it must be defunded.",
                    "comment_time": "2022-02-16 18:56:01",
                    "comment_image": "https://scontent.xx.fbcdn.net/m1/v/t6/An_UvxJXg9tdnLU3Y5qjPi0200MLilhzPXUgxzGjQzUMaNcmjdZA6anyrngvkdub33NZzZhd51fpCAEzNHFhko5aKRFP5fS1w_lKwYrzcNLupv27.png?ccb=10-5&oh=00_AT9C82irDy7Sn8cI_UEelmRC1FY5K5jw2pfWXlZ8QaKL1g&oe=62246CF9&_nc_sid=55e238",
                    "comment_reactors": [],
                    "comment_reactions": null,
                    "comment_reaction_count": null
                },
                {
                    "comment_id": "10159568113873904",
                    "comment_url": "https://facebook.com/10159568113873904",
                    "commenter_id": "650936396",
                    "commenter_url": "https://facebook.com/simon.a.james.420?fref=nf&rc=p",
                    "commenter_name": "Simon A. James",
                    "commenter_meta": "Top fan",
                    "comment_text": "Jeff Durham But with what alternative to fund it? Corporate advertising just introduces bias of its own. At least the government grant is transparent.",
                    "comment_time": "2022-02-16 18:56:01",
                    "comment_image": "https://static.xx.fbcdn.net/rsrc.php/v3/y7/r/4bRBCBmu1Q9.png",
                    "comment_reactors": [],
                    "comment_reactions": null,
                    "comment_reaction_count": null
                },
                {
                    "comment_id": "10159568154748904",
                    "comment_url": "https://facebook.com/10159568154748904",
                    "commenter_id": "875475572",
                    "commenter_url": "https://facebook.com/jeff.durham.355?fref=nf&rc=p",
                    "commenter_name": "Jeff Durham",
                    "commenter_meta": null,
                    "comment_text": "Simon A. James Not even remotely the same bias and you know that don\u2019t you?\nDefund all media.",
                    "comment_time": "2022-02-16 18:56:01",
                    "comment_image": "https://scontent.xx.fbcdn.net/m1/v/t6/An_UvxJXg9tdnLU3Y5qjPi0200MLilhzPXUgxzGjQzUMaNcmjdZA6anyrngvkdub33NZzZhd51fpCAEzNHFhko5aKRFP5fS1w_lKwYrzcNLupv27.png?ccb=10-5&oh=00_AT9C82irDy7Sn8cI_UEelmRC1FY5K5jw2pfWXlZ8QaKL1g&oe=62246CF9&_nc_sid=55e238",
                    "comment_reactors": [],
                    "comment_reactions": null,
                    "comment_reaction_count": null
                },
                {
                    "comment_id": "10159568155993904",
                    "comment_url": "https://facebook.com/10159568155993904",
                    "commenter_id": "650936396",
                    "commenter_url": "https://facebook.com/simon.a.james.420?fref=nf&rc=p",
                    "commenter_name": "Simon A. James",
                    "commenter_meta": "Top fan",
                    "comment_text": "Jeff Durham Bias is bias. Explain how they aren't the same, in your opinion.",
                    "comment_time": "2022-02-16 18:56:01",
                    "comment_image": "https://static.xx.fbcdn.net/rsrc.php/v3/y7/r/4bRBCBmu1Q9.png",
                    "comment_reactors": [],
                    "comment_reactions": null,
                    "comment_reaction_count": null
                },
                {
                    "comment_id": "10159568176133904",
                    "comment_url": "https://facebook.com/10159568176133904",
                    "commenter_id": "100043257961739",
                    "commenter_url": "https://facebook.com/bonnie.cull.7?fref=nf&rc=p",
                    "commenter_name": "Bonnie Cull",
                    "commenter_meta": null,
                    "comment_text": "Show us on the doll where the big bad media hurt you con lol And the cons call us libs weak snowflakes LMAO #NEVERCON",
                    "comment_time": "2022-02-16 18:56:01",
                    "comment_image": "https://scontent.xx.fbcdn.net/m1/v/t6/An_F9bJG7govfshSMBkvcRLcxT0jmiXVYKtr7lgH5AHgUrjjpZ1OD0xyxXYgf7arc0lWgCdrR_KN4Mg7RSN3Gm3W6Gg03N1tQ-ZXzVvFJ_KvvB4.png?ccb=10-5&oh=00_AT8ScZKrgCPhmfSgYBZgvnQHv14vvPQpgzOW8DDMFGGodg&oe=62243F67&_nc_sid=55e238",
                    "comment_reactors": [],
                    "comment_reactions": null,
                    "comment_reaction_count": null
                },
                {
                    "comment_id": "10159568177028904",
                    "comment_url": "https://facebook.com/10159568177028904",
                    "commenter_id": "100043257961739",
                    "commenter_url": "https://facebook.com/bonnie.cull.7?fref=nf&rc=p",
                    "commenter_name": "Bonnie Cull",
                    "commenter_meta": null,
                    "comment_text": "Simon A. James they dont even read articles, just memes lol",
                    "comment_time": "2022-02-16 18:56:01",
                    "comment_image": null,
                    "comment_reactors": [],
                    "comment_reactions": null,
                    "comment_reaction_count": null
                },
                {
                    "comment_id": "10159568341068904",
                    "comment_url": "https://facebook.com/10159568341068904",
                    "commenter_id": "100025591085183",
                    "commenter_url": "https://facebook.com/profile.php?id=100025591085183&fref=nf&rc=p",
                    "commenter_name": "Matt Miller",
                    "commenter_meta": null,
                    "comment_text": "Bonnie Cull Did you name your 12 cats after Trudope and his cabinet?",
                    "comment_time": "2022-02-16 18:56:01",
                    "comment_image": null,
                    "comment_reactors": [],
                    "comment_reactions": null,
                    "comment_reaction_count": null
                },
                {
                    "comment_id": "10159568368593904",
                    "comment_url": "https://facebook.com/10159568368593904",
                    "commenter_id": "100043289049290",
                    "commenter_url": "https://facebook.com/ken.hass.520?fref=nf&rc=p",
                    "commenter_name": "Ken Hass",
                    "commenter_meta": null,
                    "comment_text": "Hitler paid his media. Heil Trudeau/",
                    "comment_time": "2022-02-16 18:56:01",
                    "comment_image": null,
                    "comment_reactors": [],
                    "comment_reactions": null,
                    "comment_reaction_count": null
                },
                {
                    "comment_id": "10159568591668904",
                    "comment_url": "https://facebook.com/10159568591668904",
                    "commenter_id": "100000658969077",
                    "commenter_url": "https://facebook.com/lelah.benderferguson?fref=nf&rc=p",
                    "commenter_name": "Lelah Bender- Ferguson",
                    "commenter_meta": null,
                    "comment_text": "Jeff Durham god no .. and then watch FOX rise :(",
                    "comment_time": "2022-02-16 18:56:01",
                    "comment_image": null,
                    "comment_reactors": [],
                    "comment_reactions": null,
                    "comment_reaction_count": null
                },
                {
                    "comment_id": "10159568599978904",
                    "comment_url": "https://facebook.com/10159568599978904",
                    "commenter_id": "100061370771385",
                    "commenter_url": "https://facebook.com/profile.php?id=100061370771385&fref=nf&rc=p",
                    "commenter_name": "Nofrendze Cleveland",
                    "commenter_meta": null,
                    "comment_text": "Jeff Durham Crime Minister Justin Trudeau is a treasonous, anti-Canadian, globalist puppet that we will get to vote OUT next October. No vote splitting. Pierre for PM!\n\n*We do need to end the subsidization I think. It would allow for some vigor and competition, and in turn would add more credibility to journalism as a whole, as you'd end up with more sources to corroborate details of ongoing stories and circumstances. Fully privatized media.",
                    "comment_time": "2022-02-16 18:56:01",
                    "comment_image": null,
                    "comment_reactors": [],
                    "comment_reactions": null,
                    "comment_reaction_count": null
                },
                {
                    "comment_id": "10159568666733904",
                    "comment_url": "https://facebook.com/10159568666733904",
                    "commenter_id": "100047501863564",
                    "commenter_url": "https://facebook.com/philip.standard.50?fref=nf&rc=p",
                    "commenter_name": "Philip Standard",
                    "commenter_meta": null,
                    "comment_text": "Jeff Durham let me guess, you watch Fox News??",
                    "comment_time": "2022-02-16 18:56:01",
                    "comment_image": "https://scontent.xx.fbcdn.net/m1/v/t6/An_UvxJXg9tdnLU3Y5qjPi0200MLilhzPXUgxzGjQzUMaNcmjdZA6anyrngvkdub33NZzZhd51fpCAEzNHFhko5aKRFP5fS1w_lKwYrzcNLupv27.png?ccb=10-5&oh=00_AT9C82irDy7Sn8cI_UEelmRC1FY5K5jw2pfWXlZ8QaKL1g&oe=62246CF9&_nc_sid=55e238",
                    "comment_reactors": [],
                    "comment_reactions": null,
                    "comment_reaction_count": null
                },
                {
                    "comment_id": "10159569547203904",
                    "comment_url": "https://facebook.com/10159569547203904",
                    "commenter_id": "100000658969077",
                    "commenter_url": "https://facebook.com/lelah.benderferguson?fref=nf&rc=p",
                    "commenter_name": "Lelah Bender- Ferguson",
                    "commenter_meta": null,
                    "comment_text": "Jeff Durham no this is the difficulty CBC and some newspapers need more money . otherwise fox news will become our Brave New World of Newspeak",
                    "comment_time": "2022-02-16 18:56:01",
                    "comment_image": null,
                    "comment_reactors": [],
                    "comment_reactions": null,
                    "comment_reaction_count": null
                }
            ]
        },
        {
            "comment_id": "10159568350838904",
            "comment_url": "https://facebook.com/10159568350838904",
            "commenter_id": "590075735",
            "commenter_url": "https://facebook.com/sdchakra?fref=nf&rc=p&refid=52",
            "commenter_name": "S.d. Chakrabarti",
            "commenter_meta": null,
            "comment_text": "With more than a bit of Trumpism and some \"country and western\" flavour \ud83d\ude06",
            "comment_time": "2022-02-16 18:55:57",
            "comment_image": null,
            "comment_reactors": [],
            "comment_reactions": null,
            "comment_reaction_count": null,
            "replies": [
                {
                    "comment_id": "10159568667338904",
                    "comment_url": "https://facebook.com/10159568667338904",
                    "commenter_id": "100047501863564",
                    "commenter_url": "https://facebook.com/philip.standard.50?fref=nf&rc=p",
                    "commenter_name": "Philip Standard",
                    "commenter_meta": null,
                    "comment_text": "S.d. Chakrabarti yes!! Perfect description",
                    "comment_time": "2022-02-16 18:56:02",
                    "comment_image": "https://scontent.xx.fbcdn.net/m1/v/t6/An_UvxJXg9tdnLU3Y5qjPi0200MLilhzPXUgxzGjQzUMaNcmjdZA6anyrngvkdub33NZzZhd51fpCAEzNHFhko5aKRFP5fS1w_lKwYrzcNLupv27.png?ccb=10-5&oh=00_AT9C82irDy7Sn8cI_UEelmRC1FY5K5jw2pfWXlZ8QaKL1g&oe=62246CF9&_nc_sid=55e238",
                    "comment_reactors": [],
                    "comment_reactions": null,
                    "comment_reaction_count": null
                },
                {
                    "comment_id": "10159568697958904",
                    "comment_url": "https://facebook.com/10159568697958904",
                    "commenter_id": "636785401",
                    "commenter_url": "https://facebook.com/clara.vanderweerd?fref=nf&rc=p",
                    "commenter_name": "Clara Chol",
                    "commenter_meta": null,
                    "comment_text": "S.d. Chakrabarti No I'd say pure canadian spirit. Lots of love, free food, bouncy castles amd hot tubs and spontaneous bursts of oh canada. Not to mention hugs and handshakes with police as the last protesters left coutts.",
                    "comment_time": "2022-02-16 18:56:02",
                    "comment_image": "https://scontent.xx.fbcdn.net/m1/v/t6/An_UvxJXg9tdnLU3Y5qjPi0200MLilhzPXUgxzGjQzUMaNcmjdZA6anyrngvkdub33NZzZhd51fpCAEzNHFhko5aKRFP5fS1w_lKwYrzcNLupv27.png?ccb=10-5&oh=00_AT9C82irDy7Sn8cI_UEelmRC1FY5K5jw2pfWXlZ8QaKL1g&oe=62246CF9&_nc_sid=55e238",
                    "comment_reactors": [],
                    "comment_reactions": null,
                    "comment_reaction_count": null
                },
                {
                    "comment_id": "10159569003588904",
                    "comment_url": "https://facebook.com/10159569003588904",
                    "commenter_id": "100047501863564",
                    "commenter_url": "https://facebook.com/philip.standard.50?fref=nf&rc=p",
                    "commenter_name": "Philip Standard",
                    "commenter_meta": null,
                    "comment_text": "Clara Chol domestic terrorism at its finest! I hope there are lots of hugs left when the next group decides they don\u2019t like something happening in our country.",
                    "comment_time": "2022-02-16 18:56:02",
                    "comment_image": null,
                    "comment_reactors": [],
                    "comment_reactions": null,
                    "comment_reaction_count": null
                },
                {
                    "comment_id": "10159569107173904",
                    "comment_url": "https://facebook.com/10159569107173904",
                    "commenter_id": "636785401",
                    "commenter_url": "https://facebook.com/clara.vanderweerd?fref=nf&rc=p",
                    "commenter_name": "Clara Chol",
                    "commenter_meta": null,
                    "comment_text": "Philip Standard check out houston bc, that is horrific and still doesn't require the war measures act...",
                    "comment_time": "2022-02-16 18:56:02",
                    "comment_image": null,
                    "comment_reactors": [],
                    "comment_reactions": null,
                    "comment_reaction_count": null
                }
            ]
        },
        {
            "comment_id": "10159568075628904",
            "comment_url": "https://facebook.com/10159568075628904",
            "commenter_id": "519146603",
            "commenter_url": "https://facebook.com/chuck.seward?fref=nf&rc=p&refid=52",
            "commenter_name": "Chuck Seward",
            "commenter_meta": null,
            "comment_text": "A weak copy that shutdown border trade lmao",
            "comment_time": "2022-02-16 18:55:57",
            "comment_image": null,
            "comment_reactors": [],
            "comment_reactions": null,
            "comment_reaction_count": null,
            "replies": [
                {
                    "comment_id": "10159568892963904",
                    "comment_url": "https://facebook.com/10159568892963904",
                    "commenter_id": "590075735",
                    "commenter_url": "https://facebook.com/sdchakra?fref=nf&rc=p",
                    "commenter_name": "S.d. Chakrabarti",
                    "commenter_meta": null,
                    "comment_text": "Chuck Seward Only because our cops didn't want a bloodbath. Next time might not be do lucky \ud83d\ude1c",
                    "comment_time": "2022-02-16 18:56:03",
                    "comment_image": null,
                    "comment_reactors": [],
                    "comment_reactions": null,
                    "comment_reaction_count": null
                }
            ]
        },
        {
            "comment_id": "10159568395813904",
            "comment_url": "https://facebook.com/10159568395813904",
            "commenter_id": "100000658969077",
            "commenter_url": "https://facebook.com/lelah.benderferguson?fref=nf&rc=p&refid=52",
            "commenter_name": "Lelah Bender- Ferguson",
            "commenter_meta": null,
            "comment_text": "these are strong copies unfortunately of what is happening in far right Texas or Florida .. sadly .. alot of American influence",
            "comment_time": "2022-02-16 18:55:57",
            "comment_image": null,
            "comment_reactors": [],
            "comment_reactions": null,
            "comment_reaction_count": null,
            "replies": [
                {
                    "comment_id": "10159568573258904",
                    "comment_url": "https://facebook.com/10159568573258904",
                    "commenter_id": "100061370771385",
                    "commenter_url": "https://facebook.com/profile.php?id=100061370771385&fref=nf&rc=p",
                    "commenter_name": "Nofrendze Cleveland",
                    "commenter_meta": null,
                    "comment_text": "Lelah Bender- Ferguson You have no clue. There's no trucker Convoy in Florida. You know why?? Because Florida didn't do lockdowns, emergency powers, mandates, restrictions, etc. They lived on like normal and provided vaccines for those who wanted them. None of the other crap, so their people are happy with the covid response, thus no protest. Florida did things the way everyone should have. Nothing's getting rid of the virus. It's here to stay. We should've learned to live with it FROM DAY ONE. Like Florida. Hard for some to swallow their pride though and admit it.",
                    "comment_time": "2022-02-16 18:56:04",
                    "comment_image": "https://scontent.xx.fbcdn.net/m1/v/t6/An_F9bJG7govfshSMBkvcRLcxT0jmiXVYKtr7lgH5AHgUrjjpZ1OD0xyxXYgf7arc0lWgCdrR_KN4Mg7RSN3Gm3W6Gg03N1tQ-ZXzVvFJ_KvvB4.png?ccb=10-5&oh=00_AT8ScZKrgCPhmfSgYBZgvnQHv14vvPQpgzOW8DDMFGGodg&oe=62243F67&_nc_sid=55e238",
                    "comment_reactors": [],
                    "comment_reactions": null,
                    "comment_reaction_count": null
                },
                {
                    "comment_id": "10159569538188904",
                    "comment_url": "https://facebook.com/10159569538188904",
                    "commenter_id": "100065102807760",
                    "commenter_url": "https://facebook.com/robson.trajano.144?fref=nf&rc=p",
                    "commenter_name": "Robson Ferreira",
                    "commenter_meta": "Top fan",
                    "comment_text": "Nofrendze Cleveland how come Florida and the States are an example of what should\u2019ve been done and they are nearing a million deaths but other countries like Brazil and India that followed the American way aren\u2019t shown as an example of anything? I\u2019ll answer that: because in America most deaths have happened outside of the white community so it doesn\u2019t matter.",
                    "comment_time": "2022-02-16 18:56:04",
                    "comment_image": "https://static.xx.fbcdn.net/rsrc.php/v3/y7/r/4bRBCBmu1Q9.png",
                    "comment_reactors": [],
                    "comment_reactions": null,
                    "comment_reaction_count": null
                },
                {
                    "comment_id": "10159569539948904",
                    "comment_url": "https://facebook.com/10159569539948904",
                    "commenter_id": "100061370771385",
                    "commenter_url": "https://facebook.com/profile.php?id=100061370771385&fref=nf&rc=p",
                    "commenter_name": "Nofrendze Cleveland",
                    "commenter_meta": null,
                    "comment_text": "Robson Ferreira Most deaths happen among the unvaccinated. So a lot of people made their choice there. At the the end of the day Florida, who did none of the measures, had less deaths than 18 other states who had them.",
                    "comment_time": "2022-02-16 18:56:04",
                    "comment_image": null,
                    "comment_reactors": [],
                    "comment_reactions": null,
                    "comment_reaction_count": null
                },
                {
                    "comment_id": "10159569546048904",
                    "comment_url": "https://facebook.com/10159569546048904",
                    "commenter_id": "100000658969077",
                    "commenter_url": "https://facebook.com/lelah.benderferguson?fref=nf&rc=p",
                    "commenter_name": "Lelah Bender- Ferguson",
                    "commenter_meta": null,
                    "comment_text": "Nofrendze Cleveland where is your proof of that .. far too many unvaccinated died .. and it is utterly irrespoinsible to run around unmasked in Home Hardware etc .. with many other people who you might accidently kill by passing your virus on to others. we do NOT have the freedom to damage the health of others . .. or even cause an early death taht is PREVENTABLE WITH the Vaccines",
                    "comment_time": "2022-02-16 18:56:04",
                    "comment_image": null,
                    "comment_reactors": [],
                    "comment_reactions": null,
                    "comment_reaction_count": null
                },
                {
                    "comment_id": "10159569551448904",
                    "comment_url": "https://facebook.com/10159569551448904",
                    "commenter_id": "100061370771385",
                    "commenter_url": "https://facebook.com/profile.php?id=100061370771385&fref=nf&rc=p",
                    "commenter_name": "Nofrendze Cleveland",
                    "commenter_meta": null,
                    "comment_text": "Lelah Bender- Ferguson vaccine helps the individual, it helps you not die, so I encourage it, but it doesn't affect the people in home hardware. It doesn't prevent spread. Also, you talk about going around unmasked in home hardware... Listen, this virus is here to stay, like colds, flus, etc we've always seen. We're not running around wearing masks forever. Those worried can get vaccinated.",
                    "comment_time": "2022-02-16 18:56:04",
                    "comment_image": "https://scontent.xx.fbcdn.net/m1/v/t6/An_0KlxkBZwTJgSV9p2pDQkaZcuO9nFP4R72nyZmCnWKIxG_MSUbtZ_uBFHkKhQVvjgeou7ijfWCAKaRfSRFqQS9RcziMUL4BTtfpxJ2KfylUgpq.png?ccb=10-5&oh=00_AT_cxGF_2RFS0MDeiX_yek-iHsa7CWkqScgt6v8Y4zqZXg&oe=6223D993&_nc_sid=55e238",
                    "comment_reactors": [],
                    "comment_reactions": null,
                    "comment_reaction_count": null
                },
                {
                    "comment_id": "10159569554313904",
                    "comment_url": "https://facebook.com/10159569554313904",
                    "commenter_id": "100000658969077",
                    "commenter_url": "https://facebook.com/lelah.benderferguson?fref=nf&rc=p",
                    "commenter_name": "Lelah Bender- Ferguson",
                    "commenter_meta": null,
                    "comment_text": "Nofrendze Cleveland it does prevent spread .. in that terrified vaccinated people seeing the irresponsibilit\ny in many shops in Florida just decided to stay at home all the time except for emergencies.. but many catch the viorus from the unmasked and unvaxxed as they carry a much higher load of the virus than the vaccinated",
                    "comment_time": "2022-02-16 18:56:04",
                    "comment_image": null,
                    "comment_reactors": [],
                    "comment_reactions": null,
                    "comment_reaction_count": null
                },
                {
                    "comment_id": "10159569595468904",
                    "comment_url": "https://facebook.com/10159569595468904",
                    "commenter_id": "100061370771385",
                    "commenter_url": "https://facebook.com/profile.php?id=100061370771385&fref=nf&rc=p",
                    "commenter_name": "Nofrendze Cleveland",
                    "commenter_meta": null,
                    "comment_text": "Lelah Bender- Ferguson Well deal with it. Virus is here to stay and we're done with masks. Wear two if you're terrified",
                    "comment_time": "2022-02-16 18:56:04",
                    "comment_image": null,
                    "comment_reactors": [],
                    "comment_reactions": null,
                    "comment_reaction_count": null
                },
                {
                    "comment_id": "10159578819783904",
                    "comment_url": "https://facebook.com/10159578819783904",
                    "commenter_id": "739796162",
                    "commenter_url": "https://facebook.com/fern.sharp?fref=nf&rc=p",
                    "commenter_name": "Fern Sharp",
                    "commenter_meta": null,
                    "comment_text": "Lelah Bender- Ferguson I think you the far left. They burn buildings and raid stores",
                    "comment_time": "2022-02-23 00:00:00",
                    "comment_image": "https://scontent.xx.fbcdn.net/m1/v/t6/An_UvxJXg9tdnLU3Y5qjPi0200MLilhzPXUgxzGjQzUMaNcmjdZA6anyrngvkdub33NZzZhd51fpCAEzNHFhko5aKRFP5fS1w_lKwYrzcNLupv27.png?ccb=10-5&oh=00_AT9C82irDy7Sn8cI_UEelmRC1FY5K5jw2pfWXlZ8QaKL1g&oe=62246CF9&_nc_sid=55e238",
                    "comment_reactors": [],
                    "comment_reactions": null,
                    "comment_reaction_count": null
                }
            ]
        },
        {
            "comment_id": "10159568110488904",
            "comment_url": "https://facebook.com/10159568110488904",
            "commenter_id": "615576078",
            "commenter_url": "https://facebook.com/rtebokkel?fref=nf&rc=p&refid=52",
            "commenter_name": "Randy TeBokkel",
            "commenter_meta": null,
            "comment_text": "The Globe and Mail is a weak copy of Pravda.",
            "comment_time": "2022-02-16 18:55:57",
            "comment_image": null,
            "comment_reactors": [],
            "comment_reactions": null,
            "comment_reaction_count": null,
            "replies": [
                {
                    "comment_id": "10159568177518904",
                    "comment_url": "https://facebook.com/10159568177518904",
                    "commenter_id": "100043257961739",
                    "commenter_url": "https://facebook.com/bonnie.cull.7?fref=nf&rc=p",
                    "commenter_name": "Bonnie Cull",
                    "commenter_meta": null,
                    "comment_text": "Show us on the doll where the big bad media hurt you con lol And the cons call us libs weak snowflakes LMAO #NEVERCON",
                    "comment_time": "2022-02-16 18:56:04",
                    "comment_image": "https://scontent.xx.fbcdn.net/m1/v/t6/An_F9bJG7govfshSMBkvcRLcxT0jmiXVYKtr7lgH5AHgUrjjpZ1OD0xyxXYgf7arc0lWgCdrR_KN4Mg7RSN3Gm3W6Gg03N1tQ-ZXzVvFJ_KvvB4.png?ccb=10-5&oh=00_AT8ScZKrgCPhmfSgYBZgvnQHv14vvPQpgzOW8DDMFGGodg&oe=62243F67&_nc_sid=55e238",
                    "comment_reactors": [],
                    "comment_reactions": null,
                    "comment_reaction_count": null
                }
            ]
        },
        {
            "comment_id": "10159569577663904",
            "comment_url": "https://facebook.com/10159569577663904",
            "commenter_id": "100000658969077",
            "commenter_url": "https://facebook.com/lelah.benderferguson?fref=nf&rc=p&refid=52",
            "commenter_name": "Lelah Bender- Ferguson",
            "commenter_meta": null,
            "comment_text": "i thought it was the other way around",
            "comment_time": "2022-02-16 18:55:57",
            "comment_image": null,
            "comment_reactors": [],
            "comment_reactions": null,
            "comment_reaction_count": null,
            "replies": []
        },
        {
            "comment_id": "10159568081173904",
            "comment_url": "https://facebook.com/10159568081173904",
            "commenter_id": "874460572",
            "commenter_url": "https://facebook.com/ImpYour?fref=nf&rc=p&refid=52",
            "commenter_name": "Jason Robichaud",
            "commenter_meta": null,
            "comment_text": "LMAO",
            "comment_time": "2022-02-16 18:55:57",
            "comment_image": null,
            "comment_reactors": [],
            "comment_reactions": null,
            "comment_reaction_count": null,
            "replies": []
        },
        {
            "comment_id": "10159568141363904",
            "comment_url": "https://facebook.com/10159568141363904",
            "commenter_id": "100052810238457",
            "commenter_url": "https://facebook.com/grace.siglos.319?fref=nf&rc=p&refid=52",
            "commenter_name": "Grace Siglos",
            "commenter_meta": null,
            "comment_text": "The Globe and Mail what a piece of garbage.",
            "comment_time": "2022-02-16 18:55:57",
            "comment_image": null,
            "comment_reactors": [],
            "comment_reactions": null,
            "comment_reaction_count": null,
            "replies": []
        },
        {
            "comment_id": "10159568135828904",
            "comment_url": "https://facebook.com/10159568135828904",
            "commenter_id": "529350412",
            "commenter_url": "https://facebook.com/rob.allan.9250?fref=nf&rc=p&refid=52",
            "commenter_name": "Rob Allan",
            "commenter_meta": null,
            "comment_text": "and the globe and mail is a weak copy of a news site - so what?",
            "comment_time": "2022-02-16 18:55:57",
            "comment_image": null,
            "comment_reactors": [],
            "comment_reactions": null,
            "comment_reaction_count": null,
            "replies": []
        },
        {
            "comment_id": "10159568158258904",
            "comment_url": "https://facebook.com/10159568158258904",
            "commenter_id": "100000237476976",
            "commenter_url": "https://facebook.com/pascal.briand2?fref=nf&rc=p&refid=52",
            "commenter_name": "Pascal Briand",
            "commenter_meta": null,
            "comment_text": "And trudeau should learn the exemplaire responsable from monsieur legault in Qu\u00e9bec city 2 week endos ago..",
            "comment_time": "2022-02-16 18:55:57",
            "comment_image": null,
            "comment_reactors": [],
            "comment_reactions": null,
            "comment_reaction_count": null,
            "replies": []
        },
        {
            "comment_id": "10159568696088904",
            "comment_url": "https://facebook.com/10159568696088904",
            "commenter_id": "636785401",
            "commenter_url": "https://facebook.com/clara.vanderweerd?fref=nf&rc=p&refid=52",
            "commenter_name": "Clara Chol",
            "commenter_meta": null,
            "comment_text": "And yet ours inspired the world! Nice try globe and mail!",
            "comment_time": "2022-02-16 18:55:57",
            "comment_image": null,
            "comment_reactors": [],
            "comment_reactions": null,
            "comment_reaction_count": null,
            "replies": []
        },
        {
            "comment_id": "10159570619898904",
            "comment_url": "https://facebook.com/10159570619898904",
            "commenter_id": "900455174",
            "commenter_url": "https://facebook.com/hadi.feltham?fref=nf&rc=p&refid=52",
            "commenter_name": "Hadi Feltham",
            "commenter_meta": null,
            "comment_text": "You know the Canadian protest started first!",
            "comment_time": "2022-02-16 18:55:57",
            "comment_image": null,
            "comment_reactors": [],
            "comment_reactions": null,
            "comment_reaction_count": null,
            "replies": []
        },
        {
            "comment_id": "10159568460348904",
            "comment_url": "https://facebook.com/10159568460348904",
            "commenter_id": "641584817",
            "commenter_url": "https://facebook.com/glendastan?fref=nf&rc=p&refid=52",
            "commenter_name": "Stan Riedel",
            "commenter_meta": null,
            "comment_text": "Just more crap from G n M...",
            "comment_time": "2022-02-16 18:55:57",
            "comment_image": null,
            "comment_reactors": [],
            "comment_reactions": null,
            "comment_reaction_count": null,
            "replies": []
        },
        {
            "comment_id": "10159568073163904",
            "comment_url": "https://facebook.com/10159568073163904",
            "commenter_id": "712025618",
            "commenter_url": "https://facebook.com/adam.slater3?fref=nf&rc=p&refid=52",
            "commenter_name": "Adam Slater",
            "commenter_meta": null,
            "comment_text": "Liberals are flat out lying about the protests, saying the War Memorial is being attacked. Trudeau father dodged the WWII draft. Our fallen troops paid for our freedoms, and now Trudeau son is taking them away.",
            "comment_time": "2022-02-16 18:55:58",
            "comment_image": null,
            "comment_reactors": [],
            "comment_reactions": null,
            "comment_reaction_count": null,
            "replies": [
                {
                    "comment_id": "10159568091473904",
                    "comment_url": "https://facebook.com/10159568091473904",
                    "commenter_id": "650936396",
                    "commenter_url": "https://facebook.com/simon.a.james.420?fref=nf&rc=p",
                    "commenter_name": "Simon A. James",
                    "commenter_meta": "Top fan",
                    "comment_text": "Adam Slater Stop pooping on it, then \ud83e\udd37\u200d\u2642\ufe0f",
                    "comment_time": "2022-02-16 18:56:05",
                    "comment_image": "https://static.xx.fbcdn.net/rsrc.php/v3/y7/r/4bRBCBmu1Q9.png",
                    "comment_reactors": [],
                    "comment_reactions": null,
                    "comment_reaction_count": null
                }
            ]
        },
        {
            "comment_id": "10159568493548904",
            "comment_url": "https://facebook.com/10159568493548904",
            "commenter_id": "100077670665949",
            "commenter_url": "https://facebook.com/profile.php?id=100077670665949&fref=nf&rc=p&refid=52",
            "commenter_name": "Richard Sixton",
            "commenter_meta": "Top fan",
            "comment_text": "Oddly, other newspapers say Canadian protests spread to Europe.\n\nhttps://\nnationalpost.com\n/news/\ntrucker-protests\n-what-started-i\nn-ottawa-could-\nroll-round-the-\nworld",
            "comment_time": "2022-02-16 18:55:58",
            "comment_image": "https://nationalpost.com/news/trucker-protests-what-started-in-ottawa-could-roll-round-the-world?fbclid=IwAR0O2Y9_Iiz0xINIDXtg1IrrGw-iYlIo1I_9PlKd3_Hxch_yUk_VYA7ztJE",
            "comment_reactors": [],
            "comment_reactions": null,
            "comment_reaction_count": null,
            "replies": []
        },
        {
            "comment_id": "10159568085338904",
            "comment_url": "https://facebook.com/10159568085338904",
            "commenter_id": "1037465762",
            "commenter_url": "https://facebook.com/steve.r.hunter?fref=nf&rc=p&refid=52",
            "commenter_name": "SteveR Hunter",
            "commenter_meta": null,
            "comment_text": "So we should tear gas the workers and billy club children?",
            "comment_time": "2022-02-16 18:55:58",
            "comment_image": null,
            "comment_reactors": [],
            "comment_reactions": null,
            "comment_reaction_count": null,
            "replies": []
        },
        {
            "comment_id": "10159568117758904",
            "comment_url": "https://facebook.com/10159568117758904",
            "commenter_id": "100073589562631",
            "commenter_url": "https://facebook.com/profile.php?id=100073589562631&fref=nf&rc=p&refid=52",
            "commenter_name": "Lombardo Montana",
            "commenter_meta": null,
            "comment_text": "1) Doug Ford: \"God bless 'em. I understand their frustration.\"\n2) Arsonists caught in the act of trying to burn down a building & it's residents #DomesticTerrori\nsm #FluTrucksKlan #FordFailedThePe\nople\nhttps://\ntwitter.com/\nTiMunoz/status/\n1490473045965815\n812\nhttps://\ntwitter.com/\nCBCQueensPark/\nstatus/\n1489708072645926\n912",
            "comment_time": "2022-02-16 18:55:58",
            "comment_image": "https://twitter.com/TiMunoz/status/1490473045965815812?fbclid=IwAR07OdB4Xa7n6TmapxlweTRVLdXNIJ0niHIsojKYIn95XcugME20eD88BY4",
            "comment_reactors": [],
            "comment_reactions": null,
            "comment_reaction_count": null,
            "replies": []
        },
        {
            "comment_id": "10159568141648904",
            "comment_url": "https://facebook.com/10159568141648904",
            "commenter_id": "516323348",
            "commenter_url": "https://facebook.com/mobilemarr?fref=nf&rc=p&refid=52",
            "commenter_name": "Kevin R Marr",
            "commenter_meta": null,
            "comment_text": "PAID FOR PROPAGANDA",
            "comment_time": "2022-02-16 18:55:58",
            "comment_image": null,
            "comment_reactors": [],
            "comment_reactions": null,
            "comment_reaction_count": null,
            "replies": []
        },
        {
            "comment_id": "10159568067943904",
            "comment_url": "https://facebook.com/10159568067943904",
            "commenter_id": "510187253",
            "commenter_url": "https://facebook.com/michael.curry.90281?fref=nf&rc=p&refid=52",
            "commenter_name": "Michael Curry",
            "commenter_meta": "Top fan",
            "comment_text": "Lol the globe and fail.",
            "comment_time": "2022-02-16 18:55:58",
            "comment_image": null,
            "comment_reactors": [],
            "comment_reactions": null,
            "comment_reaction_count": null,
            "replies": []
        },
        {
            "comment_id": "10159568332968904",
            "comment_url": "https://facebook.com/10159568332968904",
            "commenter_id": "1031809921",
            "commenter_url": "https://facebook.com/crackeryescracker?fref=nf&rc=p&refid=52",
            "commenter_name": "Daniel Joseph",
            "commenter_meta": null,
            "comment_text": "Doug Saunders is a knock off of a real journalist. Fake News \ud83e\udd21",
            "comment_time": "2022-02-16 18:55:58",
            "comment_image": null,
            "comment_reactors": [],
            "comment_reactions": null,
            "comment_reaction_count": null,
            "replies": []
        },
        {
            "comment_id": "10159568096973904",
            "comment_url": "https://facebook.com/10159568096973904",
            "commenter_id": "100002936171459",
            "commenter_url": "https://facebook.com/dsampson0181?fref=nf&rc=p&refid=52",
            "commenter_name": "Derek Sampson",
            "commenter_meta": null,
            "comment_text": "Hahahah good one",
            "comment_time": "2022-02-16 18:55:58",
            "comment_image": null,
            "comment_reactors": [],
            "comment_reactions": null,
            "comment_reaction_count": null,
            "replies": []
        },
        {
            "comment_id": "10159568477663904",
            "comment_url": "https://facebook.com/10159568477663904",
            "commenter_id": "503694821",
            "commenter_url": "https://facebook.com/luke.greatrex?fref=nf&rc=p&refid=52",
            "commenter_name": "Luke Anthony Greatrex",
            "commenter_meta": null,
            "comment_text": "Hold the line! Bear witness to \"inverted totalitarianism\n\"! Stand on guard for thee! True patriot love, true north strong and free! It's always been about up vs down, in between the left and right wing is an angel. The tyrant Son of Castro and the Frankenstein corporate elite are enemies to all free and democratic people. \u2764\ud83c\udde8\ud83c\udde6\ud83d\udcaa",
            "comment_time": "2022-02-16 18:55:58",
            "comment_image": null,
            "comment_reactors": [],
            "comment_reactions": null,
            "comment_reaction_count": null,
            "replies": []
        }
    ],
    "reactors": null,
    "w3_fb_url": null,
    "reactions": null,
    "reaction_count": null,
    "with": null,
    "page_id": "140961138903",
    "sharers": null,
    "image_id": null,
    "image_ids": [],
    "was_live": false
}