{
    "original_request_url": "10159553607183904",
    "post_url": "https://facebook.com/story.php?story_fbid=10159553607183904&id=140961138903",
    "post_id": "10159553607183904",
    "text": "Disruptions to economically vital border crossings in Ontario and Alberta continued Tuesday due to protesters sympathetic to Ottawa demonstrations\n\nTHEGLOBEANDMAIL.COM\nNo timeline for end to Ambassador Bridge blockade as traffic prevented from entering Canada",
    "post_text": "Disruptions to economically vital border crossings in Ontario and Alberta continued Tuesday due to protesters sympathetic to Ottawa demonstrations",
    "shared_text": "THEGLOBEANDMAIL.COM\nNo timeline for end to Ambassador Bridge blockade as traffic prevented from entering Canada",
    "original_text": null,
    "time": "2022-02-08 21:54:10",
    "timestamp": 1644357250,
    "image": "https://www.theglobeandmail.com/resizer/VGN9pS4wTEfEOjIE5EczSbFT1KA=/1200x800/filters:quality(80)/cloudfront-us-east-1.images.arcpublishing.com/tgam/HFQNIKLMXNIOJI6OPH4LWH5VGI.JPG",
    "image_lowquality": "https://external-sea1-1.xx.fbcdn.net/safe_image.php?d=AQHV9s83mDs1jdBu&w=476&h=249&url=https%3A%2F%2Fwww.theglobeandmail.com%2Fresizer%2FVGN9pS4wTEfEOjIE5EczSbFT1KA%3D%2F1200x800%2Ffilters%3Aquality%2880%29%2Fcloudfront-us-east-1.images.arcpublishing.com%2Ftgam%2FHFQNIKLMXNIOJI6OPH4LWH5VGI.JPG&cfs=1&jq=75&ext=jpg&_nc_oe=6faba&_nc_sid=06c271&ccb=3-5&_nc_hash=AQFWY8MXhStaaXHi",
    "images": [
        "https://www.theglobeandmail.com/resizer/VGN9pS4wTEfEOjIE5EczSbFT1KA=/1200x800/filters:quality(80)/cloudfront-us-east-1.images.arcpublishing.com/tgam/HFQNIKLMXNIOJI6OPH4LWH5VGI.JPG"
    ],
    "images_description": [],
    "images_lowquality": [
        "https://external-sea1-1.xx.fbcdn.net/safe_image.php?d=AQHV9s83mDs1jdBu&w=476&h=249&url=https%3A%2F%2Fwww.theglobeandmail.com%2Fresizer%2FVGN9pS4wTEfEOjIE5EczSbFT1KA%3D%2F1200x800%2Ffilters%3Aquality%2880%29%2Fcloudfront-us-east-1.images.arcpublishing.com%2Ftgam%2FHFQNIKLMXNIOJI6OPH4LWH5VGI.JPG&cfs=1&jq=75&ext=jpg&_nc_oe=6faba&_nc_sid=06c271&ccb=3-5&_nc_hash=AQFWY8MXhStaaXHi"
    ],
    "images_lowquality_description": [
        null
    ],
    "video": null,
    "video_duration_seconds": null,
    "video_height": null,
    "video_id": null,
    "video_quality": null,
    "video_size_MB": null,
    "video_thumbnail": null,
    "video_watches": null,
    "video_width": null,
    "likes": 47,
    "comments": 9,
    "shares": 0,
    "link": "http://www.theglobeandmail.com/business/article-no-timeline-for-end-to-ambassador-bridge-blockade-as-traffic-prevented/?utm_campaign=sophi-pop&utm_medium=post&utm_source=facebook&fbclid=IwAR2lJ_ZMIojZaVcwPn_-8isbxhL0PczacvZarFiwXPzdGErnN3Qocw7afEY",
    "links": [],
    "user_id": "140961138903",
    "username": "The Globe and Mail",
    "user_url": "https://facebook.com/theglobeandmail/?refid=52",
    "is_live": false,
    "factcheck": null,
    "shared_post_id": null,
    "shared_time": null,
    "shared_user_id": null,
    "shared_username": null,
    "shared_post_url": null,
    "available": true,
    "comments_full": [
        {
            "comment_id": "10159553890103904",
            "comment_url": "https://facebook.com/10159553890103904",
            "commenter_id": "599345660",
            "commenter_url": "https://facebook.com/philip.slade3?fref=nf&rc=p&refid=52",
            "commenter_name": "Philip Slade",
            "commenter_meta": "Top fan",
            "comment_text": "Give it up, G&M. It\u2019s just not supporting the truckers in Ottawa, it\u2019s about keeping freedom of choice for Canadians without government overreach.. keep on truckin.",
            "comment_time": "2022-02-09 23:05:01",
            "comment_image": null,
            "comment_reactors": [],
            "comment_reactions": null,
            "comment_reaction_count": null,
            "replies": []
        },
        {
            "comment_id": "10159554032388904",
            "comment_url": "https://facebook.com/10159554032388904",
            "commenter_id": "721989383",
            "commenter_url": "https://facebook.com/bill.kaufmann.520?fref=nf&rc=p&refid=52",
            "commenter_name": "Bill Kaufmann",
            "commenter_meta": null,
            "comment_text": "Doug Ford needs to step up or he will be out of a job shortly. He has been silent like Trudeau, other than some words that it is time for protestors to go home there has been no action. Both Trudeau's and Ford's jobs are at stake. If I was them I would lift the mandates, but that's me, but these two do not seem to care about being unemployed soon as a result of their inaction.",
            "comment_time": "2022-02-09 23:05:01",
            "comment_image": null,
            "comment_reactors": [],
            "comment_reactions": null,
            "comment_reaction_count": null,
            "replies": [
                {
                    "comment_id": "10159554789868904",
                    "comment_url": "https://facebook.com/10159554789868904",
                    "commenter_id": "518093915",
                    "commenter_url": "https://facebook.com/joeknight007?fref=nf&rc=p",
                    "commenter_name": "Joe Knight",
                    "commenter_meta": null,
                    "comment_text": "Bill Kaufmann who is going to replace Ford? The other candidates are clowns especially Del Duca. Things could be worse. Enjoy the protesting in Ottawa and everywhere else. It won\u2019t end until mandates and passports are gone",
                    "comment_time": "2022-02-09 23:05:02",
                    "comment_image": null,
                    "comment_reactors": [],
                    "comment_reactions": null,
                    "comment_reaction_count": null
                },
                {
                    "comment_id": "10159554909133904",
                    "comment_url": "https://facebook.com/10159554909133904",
                    "commenter_id": "721989383",
                    "commenter_url": "https://facebook.com/bill.kaufmann.520?fref=nf&rc=p",
                    "commenter_name": "Bill Kaufmann",
                    "commenter_meta": null,
                    "comment_text": "Joe Knight Ford will be taken out by his caucus. He will be replaced by somebody similar to a Pierre Poilievre. I do not follow Ontario politics closely, but there are plenty of good people that can step in the leadership role, way better than Doug Ford who is an authoritarian liberal.",
                    "comment_time": "2022-02-09 23:05:02",
                    "comment_image": null,
                    "comment_reactors": [],
                    "comment_reactions": null,
                    "comment_reaction_count": null
                },
                {
                    "comment_id": "10159555069023904",
                    "comment_url": "https://facebook.com/10159555069023904",
                    "commenter_id": "100022363871297",
                    "commenter_url": "https://facebook.com/emelle.mybell.7?fref=nf&rc=p",
                    "commenter_name": "Emelle Mybell",
                    "commenter_meta": null,
                    "comment_text": "Bill Kaufmann I would never lift the mandates for this rabble. I would not engage with criminals in any way.",
                    "comment_time": "2022-02-09 23:05:02",
                    "comment_image": null,
                    "comment_reactors": [],
                    "comment_reactions": null,
                    "comment_reaction_count": null
                }
            ]
        },
        {
            "comment_id": "10159553878583904",
            "comment_url": "https://facebook.com/10159553878583904",
            "commenter_id": "692476335",
            "commenter_url": "https://facebook.com/rocco.d.giacomo?fref=nf&rc=p&refid=52",
            "commenter_name": "Rocco De Giacomo",
            "commenter_meta": null,
            "comment_text": "Where the heck is Doug Ford? Most of what is happening in Windsor and Ottawa fall under his jurisdiction. Feds and municipalities are getting flack in the media about this crisis but no one is holding the provincial Cons to account. When is he going to step up and do something?",
            "comment_time": "2022-02-09 23:05:01",
            "comment_image": null,
            "comment_reactors": [],
            "comment_reactions": null,
            "comment_reaction_count": null,
            "replies": [
                {
                    "comment_id": "10159554033563904",
                    "comment_url": "https://facebook.com/10159554033563904",
                    "commenter_id": "721989383",
                    "commenter_url": "https://facebook.com/bill.kaufmann.520?fref=nf&rc=p",
                    "commenter_name": "Bill Kaufmann",
                    "commenter_meta": null,
                    "comment_text": "Rocco De Giacomo Good question, Doug Ford is a do nothing good for nothing politician like Justin Trudeau. Both will be unemployed shortly.",
                    "comment_time": "2022-02-09 23:05:03",
                    "comment_image": "https://scontent.xx.fbcdn.net/m1/v/t6/An_UvxJXg9tdnLU3Y5qjPi0200MLilhzPXUgxzGjQzUMaNcmjdZA6anyrngvkdub33NZzZhd51fpCAEzNHFhko5aKRFP5fS1w_lKwYrzcNLupv27.png?ccb=10-5&oh=00_AT9C82irDy7Sn8cI_UEelmRC1FY5K5jw2pfWXlZ8QaKL1g&oe=62246CF9&_nc_sid=55e238",
                    "comment_reactors": [],
                    "comment_reactions": null,
                    "comment_reaction_count": null
                },
                {
                    "comment_id": "10159554063553904",
                    "comment_url": "https://facebook.com/10159554063553904",
                    "commenter_id": "692476335",
                    "commenter_url": "https://facebook.com/rocco.d.giacomo?fref=nf&rc=p",
                    "commenter_name": "Rocco De Giacomo",
                    "commenter_meta": null,
                    "comment_text": "Highly unlikely. Ontarians haven't wizend in Ford, and the federal NDP aren't going to trigger another election.",
                    "comment_time": "2022-02-09 23:05:03",
                    "comment_image": null,
                    "comment_reactors": [],
                    "comment_reactions": null,
                    "comment_reaction_count": null
                },
                {
                    "comment_id": "10159554787573904",
                    "comment_url": "https://facebook.com/10159554787573904",
                    "commenter_id": "518093915",
                    "commenter_url": "https://facebook.com/joeknight007?fref=nf&rc=p",
                    "commenter_name": "Joe Knight",
                    "commenter_meta": null,
                    "comment_text": "Rocco De Giacomo the protest will remain until the mandates and passports are gone. If you have a problem with that then get over it",
                    "comment_time": "2022-02-09 23:05:03",
                    "comment_image": "https://scontent.xx.fbcdn.net/m1/v/t6/An_F9bJG7govfshSMBkvcRLcxT0jmiXVYKtr7lgH5AHgUrjjpZ1OD0xyxXYgf7arc0lWgCdrR_KN4Mg7RSN3Gm3W6Gg03N1tQ-ZXzVvFJ_KvvB4.png?ccb=10-5&oh=00_AT8ScZKrgCPhmfSgYBZgvnQHv14vvPQpgzOW8DDMFGGodg&oe=62243F67&_nc_sid=55e238",
                    "comment_reactors": [],
                    "comment_reactions": null,
                    "comment_reaction_count": null
                },
                {
                    "comment_id": "10159554838973904",
                    "comment_url": "https://facebook.com/10159554838973904",
                    "commenter_id": "692476335",
                    "commenter_url": "https://facebook.com/rocco.d.giacomo?fref=nf&rc=p",
                    "commenter_name": "Rocco De Giacomo",
                    "commenter_meta": null,
                    "comment_text": "Joe Knight They don't effect me in the slightest. However, those complaining or making hey of it should direct their complaints against the administration that has the mechanisms to stop/solve the problems: the Ontario PCs.",
                    "comment_time": "2022-02-09 23:05:03",
                    "comment_image": "https://scontent.xx.fbcdn.net/m1/v/t6/An_UvxJXg9tdnLU3Y5qjPi0200MLilhzPXUgxzGjQzUMaNcmjdZA6anyrngvkdub33NZzZhd51fpCAEzNHFhko5aKRFP5fS1w_lKwYrzcNLupv27.png?ccb=10-5&oh=00_AT9C82irDy7Sn8cI_UEelmRC1FY5K5jw2pfWXlZ8QaKL1g&oe=62246CF9&_nc_sid=55e238",
                    "comment_reactors": [],
                    "comment_reactions": null,
                    "comment_reaction_count": null
                },
                {
                    "comment_id": "10159554841463904",
                    "comment_url": "https://facebook.com/10159554841463904",
                    "commenter_id": "518093915",
                    "commenter_url": "https://facebook.com/joeknight007?fref=nf&rc=p",
                    "commenter_name": "Joe Knight",
                    "commenter_meta": null,
                    "comment_text": "Rocco De Giacomo they don\u2019t need to do anything as far as I\u2019m concerned. People have a right to protest",
                    "comment_time": "2022-02-09 23:05:03",
                    "comment_image": null,
                    "comment_reactors": [],
                    "comment_reactions": null,
                    "comment_reaction_count": null
                },
                {
                    "comment_id": "10159555065413904",
                    "comment_url": "https://facebook.com/10159555065413904",
                    "commenter_id": "100022363871297",
                    "commenter_url": "https://facebook.com/emelle.mybell.7?fref=nf&rc=p",
                    "commenter_name": "Emelle Mybell",
                    "commenter_meta": null,
                    "comment_text": "Joe Knight They will remain until people are so fed up the military is called and I for one wish Trudeau and Ford would do so soon. Bunch of idiots",
                    "comment_time": "2022-02-09 23:05:03",
                    "comment_image": null,
                    "comment_reactors": [],
                    "comment_reactions": null,
                    "comment_reaction_count": null
                }
            ]
        },
        {
            "comment_id": "10159553851013904",
            "comment_url": "https://facebook.com/10159553851013904",
            "commenter_id": "100065403370622",
            "commenter_url": "https://facebook.com/cary.mackenzie.503?fref=nf&rc=p&refid=52",
            "commenter_name": "Cary Mackenzie",
            "commenter_meta": null,
            "comment_text": "Be open tomorrow boys we won",
            "comment_time": "2022-02-09 23:05:01",
            "comment_image": null,
            "comment_reactors": [],
            "comment_reactions": null,
            "comment_reaction_count": null,
            "replies": []
        },
        {
            "comment_id": "10159553966513904",
            "comment_url": "https://facebook.com/10159553966513904",
            "commenter_id": "100021680855472",
            "commenter_url": "https://facebook.com/profile.php?id=100021680855472&fref=nf&rc=p&refid=52",
            "commenter_name": "Michael Smith",
            "commenter_meta": null,
            "comment_text": "End the Mandates then!\ud83e\udd14",
            "comment_time": "2022-02-09 23:05:01",
            "comment_image": null,
            "comment_reactors": [],
            "comment_reactions": null,
            "comment_reaction_count": null,
            "replies": [
                {
                    "comment_id": "10159555065978904",
                    "comment_url": "https://facebook.com/10159555065978904",
                    "commenter_id": "100022363871297",
                    "commenter_url": "https://facebook.com/emelle.mybell.7?fref=nf&rc=p",
                    "commenter_name": "Emelle Mybell",
                    "commenter_meta": null,
                    "comment_text": "Michael Smith Eff off then",
                    "comment_time": "2022-02-09 23:05:04",
                    "comment_image": null,
                    "comment_reactors": [],
                    "comment_reactions": null,
                    "comment_reaction_count": null
                }
            ]
        },
        {
            "comment_id": "10159553990013904",
            "comment_url": "https://facebook.com/10159553990013904",
            "commenter_id": "538518155",
            "commenter_url": "https://facebook.com/True.Newfoundlander?fref=nf&rc=p&refid=52",
            "commenter_name": "Gordon Earle",
            "commenter_meta": null,
            "comment_text": "There are 2 kinds of truckers: 1) those who are socially responsible and caring about the health and safety of others; and, 2) a fringe minority who have co-opted the word \"freedom\" to guise bigotry, hatred, bullying and violence as liberty.",
            "comment_time": "2022-02-09 23:05:01",
            "comment_image": null,
            "comment_reactors": [],
            "comment_reactions": null,
            "comment_reaction_count": null,
            "replies": []
        },
        {
            "comment_id": "10159553675458904",
            "comment_url": "https://facebook.com/10159553675458904",
            "commenter_id": "100009827686168",
            "commenter_url": "https://facebook.com/profile.php?id=100009827686168&fref=nf&rc=p&refid=52",
            "commenter_name": "Dave Smith",
            "commenter_meta": null,
            "comment_text": "This is a siege conducted by a radical element - nothing more.",
            "comment_time": "2022-02-09 23:05:01",
            "comment_image": null,
            "comment_reactors": [],
            "comment_reactions": null,
            "comment_reaction_count": null,
            "replies": [
                {
                    "comment_id": "10159553692718904",
                    "comment_url": "https://facebook.com/10159553692718904",
                    "commenter_id": "525821682",
                    "commenter_url": "https://facebook.com/erickson.ken?fref=nf&rc=p",
                    "commenter_name": "Ken Erickson",
                    "commenter_meta": "Top fan",
                    "comment_text": "Dave Smith haha, somebody who still believes Sock Boys \ud83d\udc34\ud83d\udca9.",
                    "comment_time": "2022-02-09 23:05:04",
                    "comment_image": "https://static.xx.fbcdn.net/rsrc.php/v3/y7/r/4bRBCBmu1Q9.png",
                    "comment_reactors": [],
                    "comment_reactions": null,
                    "comment_reaction_count": null
                },
                {
                    "comment_id": "10159553700263904",
                    "comment_url": "https://facebook.com/10159553700263904",
                    "commenter_id": "1047909464",
                    "commenter_url": "https://facebook.com/john.currie1?fref=nf&rc=p",
                    "commenter_name": "John Currie",
                    "commenter_meta": null,
                    "comment_text": "Ken Erickson Do you have ice in your Koolaid?",
                    "comment_time": "2022-02-09 23:05:04",
                    "comment_image": "https://scontent.xx.fbcdn.net/m1/v/t6/An_UvxJXg9tdnLU3Y5qjPi0200MLilhzPXUgxzGjQzUMaNcmjdZA6anyrngvkdub33NZzZhd51fpCAEzNHFhko5aKRFP5fS1w_lKwYrzcNLupv27.png?ccb=10-5&oh=00_AT9C82irDy7Sn8cI_UEelmRC1FY5K5jw2pfWXlZ8QaKL1g&oe=62246CF9&_nc_sid=55e238",
                    "comment_reactors": [],
                    "comment_reactions": null,
                    "comment_reaction_count": null
                },
                {
                    "comment_id": "10159553718083904",
                    "comment_url": "https://facebook.com/10159553718083904",
                    "commenter_id": "100009827686168",
                    "commenter_url": "https://facebook.com/profile.php?id=100009827686168&fref=nf&rc=p",
                    "commenter_name": "Dave Smith",
                    "commenter_meta": null,
                    "comment_text": "Ken Erickson Remember \" Stay home save lives\" ken?",
                    "comment_time": "2022-02-09 23:05:04",
                    "comment_image": "https://scontent.xx.fbcdn.net/m1/v/t6/An_UvxJXg9tdnLU3Y5qjPi0200MLilhzPXUgxzGjQzUMaNcmjdZA6anyrngvkdub33NZzZhd51fpCAEzNHFhko5aKRFP5fS1w_lKwYrzcNLupv27.png?ccb=10-5&oh=00_AT9C82irDy7Sn8cI_UEelmRC1FY5K5jw2pfWXlZ8QaKL1g&oe=62246CF9&_nc_sid=55e238",
                    "comment_reactors": [],
                    "comment_reactions": null,
                    "comment_reaction_count": null
                },
                {
                    "comment_id": "10159553720018904",
                    "comment_url": "https://facebook.com/10159553720018904",
                    "commenter_id": "525821682",
                    "commenter_url": "https://facebook.com/erickson.ken?fref=nf&rc=p",
                    "commenter_name": "Ken Erickson",
                    "commenter_meta": "Top fan",
                    "comment_text": "Dave Smith 0.2% I think that's been disproved.",
                    "comment_time": "2022-02-09 23:05:04",
                    "comment_image": "https://static.xx.fbcdn.net/rsrc.php/v3/y7/r/4bRBCBmu1Q9.png",
                    "comment_reactors": [],
                    "comment_reactions": null,
                    "comment_reaction_count": null
                },
                {
                    "comment_id": "10159553722553904",
                    "comment_url": "https://facebook.com/10159553722553904",
                    "commenter_id": "100009827686168",
                    "commenter_url": "https://facebook.com/profile.php?id=100009827686168&fref=nf&rc=p",
                    "commenter_name": "Dave Smith",
                    "commenter_meta": null,
                    "comment_text": "Ken Erickson Ya? you had better look back to your profile pictures - April 2020",
                    "comment_time": "2022-02-09 23:05:04",
                    "comment_image": "https://scontent.xx.fbcdn.net/m1/v/t6/An_UvxJXg9tdnLU3Y5qjPi0200MLilhzPXUgxzGjQzUMaNcmjdZA6anyrngvkdub33NZzZhd51fpCAEzNHFhko5aKRFP5fS1w_lKwYrzcNLupv27.png?ccb=10-5&oh=00_AT9C82irDy7Sn8cI_UEelmRC1FY5K5jw2pfWXlZ8QaKL1g&oe=62246CF9&_nc_sid=55e238",
                    "comment_reactors": [],
                    "comment_reactions": null,
                    "comment_reaction_count": null
                },
                {
                    "comment_id": "10159553749953904",
                    "comment_url": "https://facebook.com/10159553749953904",
                    "commenter_id": "525821682",
                    "commenter_url": "https://facebook.com/erickson.ken?fref=nf&rc=p",
                    "commenter_name": "Ken Erickson",
                    "commenter_meta": "Top fan",
                    "comment_text": "Dave Smith yeah 2 years ago before all the data was collected. Your point?",
                    "comment_time": "2022-02-09 23:05:04",
                    "comment_image": "https://static.xx.fbcdn.net/rsrc.php/v3/y7/r/4bRBCBmu1Q9.png",
                    "comment_reactors": [],
                    "comment_reactions": null,
                    "comment_reaction_count": null
                }
            ]
        },
        {
            "comment_id": "10159553722303904",
            "comment_url": "https://facebook.com/10159553722303904",
            "commenter_id": "100000692538573",
            "commenter_url": "https://facebook.com/john.snyder.5070?fref=nf&rc=p&refid=52",
            "commenter_name": "John Snyder",
            "commenter_meta": "Top fan",
            "comment_text": "Just a bunch of idiots. So immature.",
            "comment_time": "2022-02-09 23:05:01",
            "comment_image": null,
            "comment_reactors": [],
            "comment_reactions": null,
            "comment_reaction_count": null,
            "replies": []
        },
        {
            "comment_id": "10159553686823904",
            "comment_url": "https://facebook.com/10159553686823904",
            "commenter_id": "100007188558582",
            "commenter_url": "https://facebook.com/profile.php?id=100007188558582&fref=nf&rc=p&refid=52",
            "commenter_name": "Luc Henry",
            "commenter_meta": null,
            "comment_text": "Wow, they're shooting themselves in the foot. Defeating their own purpose.",
            "comment_time": "2022-02-09 23:05:01",
            "comment_image": null,
            "comment_reactors": [],
            "comment_reactions": null,
            "comment_reaction_count": null,
            "replies": [
                {
                    "comment_id": "10159553691443904",
                    "comment_url": "https://facebook.com/10159553691443904",
                    "commenter_id": "525821682",
                    "commenter_url": "https://facebook.com/erickson.ken?fref=nf&rc=p",
                    "commenter_name": "Ken Erickson",
                    "commenter_meta": "Top fan",
                    "comment_text": "Luc Henry the government closed the borders to them. They are just returning the favor.",
                    "comment_time": "2022-02-09 23:05:06",
                    "comment_image": "https://static.xx.fbcdn.net/rsrc.php/v3/y7/r/4bRBCBmu1Q9.png",
                    "comment_reactors": [],
                    "comment_reactions": null,
                    "comment_reaction_count": null
                },
                {
                    "comment_id": "10159553698468904",
                    "comment_url": "https://facebook.com/10159553698468904",
                    "commenter_id": "550634342",
                    "commenter_url": "https://facebook.com/leslie.m.kruger?fref=nf&rc=p",
                    "commenter_name": "Leslie Kruger",
                    "commenter_meta": null,
                    "comment_text": "Ken Erickson Take it up with Biden. Even if Trudeau changes our mandates what makes you think Biden will?",
                    "comment_time": "2022-02-09 23:05:06",
                    "comment_image": "https://scontent.xx.fbcdn.net/m1/v/t6/An_UvxJXg9tdnLU3Y5qjPi0200MLilhzPXUgxzGjQzUMaNcmjdZA6anyrngvkdub33NZzZhd51fpCAEzNHFhko5aKRFP5fS1w_lKwYrzcNLupv27.png?ccb=10-5&oh=00_AT9C82irDy7Sn8cI_UEelmRC1FY5K5jw2pfWXlZ8QaKL1g&oe=62246CF9&_nc_sid=55e238",
                    "comment_reactors": [],
                    "comment_reactions": null,
                    "comment_reaction_count": null
                },
                {
                    "comment_id": "10159553720463904",
                    "comment_url": "https://facebook.com/10159553720463904",
                    "commenter_id": "100011255710508",
                    "commenter_url": "https://facebook.com/profile.php?id=100011255710508&fref=nf&rc=p",
                    "commenter_name": "Jim Preyde",
                    "commenter_meta": null,
                    "comment_text": "Ken Erickson Elected governments who represent the wl of the citizenry are allowed to. Rioting mobs are not.\n\nSee the difference?\n\nhttps://\nwww.google.com/\nurl?sa=t&source=\nweb&rct=j&url=h\nttps%3A%2F%2Fto\nronto.citynews.\nca%2F2021%2F12%\n2F07%2Fcanada-b\norder-measures-\nomicron-poll%2F\namp%2F&ved=2ahU\nKEwiSuLDumfH1Ah\nXIjIkEHREQBrgQF\nnoECA0QAQ&usg=A\nOvVaw1GeX4DReYO\nH7JRTZ19fzy8",
                    "comment_time": "2022-02-09 23:05:06",
                    "comment_image": "https://www.google.com/url?sa=t&source=web&rct=j&url=https%3A%2F%2Ftoronto.citynews.ca%2F2021%2F12%2F07%2Fcanada-border-measures-omicron-poll%2Famp%2F&ved=2ahUKEwiSuLDumfH1AhXIjIkEHREQBrgQFnoECA0QAQ&usg=AOvVaw1GeX4DReYOH7JRTZ19fzy8&fbclid=IwAR3z3knDHaxEAtKRMD4vbTn4vQip_Dm6ucFEE9dKPE5nqlXT74eR7b7lbfE",
                    "comment_reactors": [],
                    "comment_reactions": null,
                    "comment_reaction_count": null
                },
                {
                    "comment_id": "10159553723523904",
                    "comment_url": "https://facebook.com/10159553723523904",
                    "commenter_id": "525821682",
                    "commenter_url": "https://facebook.com/erickson.ken?fref=nf&rc=p",
                    "commenter_name": "Ken Erickson",
                    "commenter_meta": "Top fan",
                    "comment_text": "Jim Preyde City , CBC , Global .... might as well be reading tea leaves.",
                    "comment_time": "2022-02-09 23:05:06",
                    "comment_image": "https://static.xx.fbcdn.net/rsrc.php/v3/y7/r/4bRBCBmu1Q9.png",
                    "comment_reactors": [],
                    "comment_reactions": null,
                    "comment_reaction_count": null
                },
                {
                    "comment_id": "10159553780323904",
                    "comment_url": "https://facebook.com/10159553780323904",
                    "commenter_id": "100011255710508",
                    "commenter_url": "https://facebook.com/profile.php?id=100011255710508&fref=nf&rc=p",
                    "commenter_name": "Jim Preyde",
                    "commenter_meta": null,
                    "comment_text": "Ken Erickson or you can stick with Rebel, Faux, Rumble, Bitchute . . .might as well be reading used toilet paper! \ud83d\ude02\ud83e\udd23\ud83d\ude00\ud83d\ude06",
                    "comment_time": "2022-02-09 23:05:06",
                    "comment_image": "https://scontent.xx.fbcdn.net/m1/v/t6/An_UvxJXg9tdnLU3Y5qjPi0200MLilhzPXUgxzGjQzUMaNcmjdZA6anyrngvkdub33NZzZhd51fpCAEzNHFhko5aKRFP5fS1w_lKwYrzcNLupv27.png?ccb=10-5&oh=00_AT9C82irDy7Sn8cI_UEelmRC1FY5K5jw2pfWXlZ8QaKL1g&oe=62246CF9&_nc_sid=55e238",
                    "comment_reactors": [],
                    "comment_reactions": null,
                    "comment_reaction_count": null
                }
            ]
        }
    ],
    "reactors": null,
    "w3_fb_url": null,
    "reactions": null,
    "reaction_count": null,
    "with": null,
    "page_id": "140961138903",
    "sharers": null,
    "image_id": null,
    "image_ids": [],
    "was_live": false
}