{
    "original_request_url": "10159577106918904",
    "post_url": "https://facebook.com/story.php?story_fbid=10159577106918904&id=140961138903",
    "post_id": "10159577106918904",
    "text": "David Schneiderman: The legislation, designed to limit government power grabs, established a high bar for the declaration of a \u2018public order emergency\u2019 \u2013 one that the Ottawa protest failed to meet\n\nTHEGLOBEANDMAIL.COM\nI witnessed the creation of the Emergencies Act. It shouldn\u2019t have been invoked in Ottawa",
    "post_text": "David Schneiderman: The legislation, designed to limit government power grabs, established a high bar for the declaration of a \u2018public order emergency\u2019 \u2013 one that the Ottawa protest failed to meet",
    "shared_text": "THEGLOBEANDMAIL.COM\nI witnessed the creation of the Emergencies Act. It shouldn\u2019t have been invoked in Ottawa",
    "original_text": null,
    "time": "2022-02-22 20:13:53",
    "timestamp": 1645560833,
    "image": "https://www.theglobeandmail.com/resizer/Xr94-pNnIiHG1t4LFmEDPlob8Bc=/1200x820/filters:quality(80)/cloudfront-us-east-1.images.arcpublishing.com/tgam/B6K7K55I3ROMVBQ2QYAPK4644A.jpg",
    "image_lowquality": "https://external-sea1-1.xx.fbcdn.net/safe_image.php?d=AQGsQtRuX3X-BbtE&w=476&h=249&url=https%3A%2F%2Fwww.theglobeandmail.com%2Fresizer%2FXr94-pNnIiHG1t4LFmEDPlob8Bc%3D%2F1200x820%2Ffilters%3Aquality%2880%29%2Fcloudfront-us-east-1.images.arcpublishing.com%2Ftgam%2FB6K7K55I3ROMVBQ2QYAPK4644A.jpg&cfs=1&jq=75&ext=jpg&_nc_oe=6fab4&_nc_sid=06c271&ccb=3-5&_nc_hash=AQH3mNuXKNzqoiSH",
    "images": [
        "https://www.theglobeandmail.com/resizer/Xr94-pNnIiHG1t4LFmEDPlob8Bc=/1200x820/filters:quality(80)/cloudfront-us-east-1.images.arcpublishing.com/tgam/B6K7K55I3ROMVBQ2QYAPK4644A.jpg"
    ],
    "images_description": [],
    "images_lowquality": [
        "https://external-sea1-1.xx.fbcdn.net/safe_image.php?d=AQGsQtRuX3X-BbtE&w=476&h=249&url=https%3A%2F%2Fwww.theglobeandmail.com%2Fresizer%2FXr94-pNnIiHG1t4LFmEDPlob8Bc%3D%2F1200x820%2Ffilters%3Aquality%2880%29%2Fcloudfront-us-east-1.images.arcpublishing.com%2Ftgam%2FB6K7K55I3ROMVBQ2QYAPK4644A.jpg&cfs=1&jq=75&ext=jpg&_nc_oe=6fab4&_nc_sid=06c271&ccb=3-5&_nc_hash=AQH3mNuXKNzqoiSH"
    ],
    "images_lowquality_description": [
        null
    ],
    "video": null,
    "video_duration_seconds": null,
    "video_height": null,
    "video_id": null,
    "video_quality": null,
    "video_size_MB": null,
    "video_thumbnail": null,
    "video_watches": null,
    "video_width": null,
    "likes": 105,
    "comments": 18,
    "shares": 22,
    "link": "http://www.theglobeandmail.com/opinion/article-i-witnessed-the-creation-of-the-emergencies-act-it-shouldnt-have-been/?utm_campaign=sophi-pop&utm_medium=post&utm_source=facebook&fbclid=IwAR1x4XdiTpVgRhdXsPu2YgapBlvxYZEtEdXMtCjl55tL4IpCK01g3cRN4qs",
    "links": [],
    "user_id": "140961138903",
    "username": "The Globe and Mail",
    "user_url": "https://facebook.com/theglobeandmail/?refid=52",
    "is_live": false,
    "factcheck": null,
    "shared_post_id": null,
    "shared_time": null,
    "shared_user_id": null,
    "shared_username": null,
    "shared_post_url": null,
    "available": true,
    "comments_full": [
        {
            "comment_id": "10159577294368904",
            "comment_url": "https://facebook.com/10159577294368904",
            "commenter_id": "571320226",
            "commenter_url": "https://facebook.com/robin.montreuil?fref=nf&rc=p&refid=52",
            "commenter_name": "Robin Montreuil",
            "commenter_meta": null,
            "comment_text": "Is it really a surprise that this Prime Minister enacted this Act?\nHe was clamouring to enact it in 2020 but the provinces actually said no, but this time most said no and he wants it to reaffirm control, it was not needed and a major overreach of power.\n\nDisgusting.",
            "comment_time": "2022-02-23 17:50:33",
            "comment_image": null,
            "comment_reactors": [],
            "comment_reactions": null,
            "comment_reaction_count": null,
            "replies": [
                {
                    "comment_id": "10159578388378904",
                    "comment_url": "https://facebook.com/10159578388378904",
                    "commenter_id": "100043257961739",
                    "commenter_url": "https://facebook.com/bonnie.cull.7?fref=nf&rc=p",
                    "commenter_name": "Bonnie Cull",
                    "commenter_meta": null,
                    "comment_text": "cry harder insurrectionist\nsupporter",
                    "comment_time": "2022-02-23 17:50:34",
                    "comment_image": "https://scontent.xx.fbcdn.net/m1/v/t6/An_UvxJXg9tdnLU3Y5qjPi0200MLilhzPXUgxzGjQzUMaNcmjdZA6anyrngvkdub33NZzZhd51fpCAEzNHFhko5aKRFP5fS1w_lKwYrzcNLupv27.png?ccb=10-5&oh=00_AT9C82irDy7Sn8cI_UEelmRC1FY5K5jw2pfWXlZ8QaKL1g&oe=62246CF9&_nc_sid=55e238",
                    "comment_reactors": [],
                    "comment_reactions": null,
                    "comment_reaction_count": null
                },
                {
                    "comment_id": "10159578812453904",
                    "comment_url": "https://facebook.com/10159578812453904",
                    "commenter_id": "571320226",
                    "commenter_url": "https://facebook.com/robin.montreuil?fref=nf&rc=p",
                    "commenter_name": "Robin Montreuil",
                    "commenter_meta": null,
                    "comment_text": "Bonnie Cull not crying about anything.\nI simply stated that this Prime Minister has wanted to enact the emergencies act since 2020.\nIt was not needed to clear the streets, the courts, and police had the tools necessary, but failed to even try to use them.\n\nI am glad that you know what I do and don\u2019t support.",
                    "comment_time": "2022-02-23 00:00:00",
                    "comment_image": "https://scontent.xx.fbcdn.net/m1/v/t6/An_F9bJG7govfshSMBkvcRLcxT0jmiXVYKtr7lgH5AHgUrjjpZ1OD0xyxXYgf7arc0lWgCdrR_KN4Mg7RSN3Gm3W6Gg03N1tQ-ZXzVvFJ_KvvB4.png?ccb=10-5&oh=00_AT8ScZKrgCPhmfSgYBZgvnQHv14vvPQpgzOW8DDMFGGodg&oe=62243F67&_nc_sid=55e238",
                    "comment_reactors": [],
                    "comment_reactions": null,
                    "comment_reaction_count": null
                }
            ]
        },
        {
            "comment_id": "10159577268653904",
            "comment_url": "https://facebook.com/10159577268653904",
            "commenter_id": "517430466",
            "commenter_url": "https://facebook.com/david.macleod.391?fref=nf&rc=p&refid=52",
            "commenter_name": "David Macleod",
            "commenter_meta": null,
            "comment_text": "The amount of un-self-awarene\nss in the Canadian left, cheering authoritarian power grabs, disregarding citizens' rights to due course of law, and justifying police brutality, all the while pontificating to us for two years how much they care about saving lives, is dumbfounding.",
            "comment_time": "2022-02-23 17:50:33",
            "comment_image": null,
            "comment_reactors": [],
            "comment_reactions": null,
            "comment_reaction_count": null,
            "replies": [
                {
                    "comment_id": "10159577296293904",
                    "comment_url": "https://facebook.com/10159577296293904",
                    "commenter_id": "100000157114178",
                    "commenter_url": "https://facebook.com/christine.loubier?fref=nf&rc=p",
                    "commenter_name": "Christine Loubier",
                    "commenter_meta": null,
                    "comment_text": "David Macleod well said.",
                    "comment_time": "2022-02-23 17:50:35",
                    "comment_image": "https://scontent.xx.fbcdn.net/m1/v/t6/An_UvxJXg9tdnLU3Y5qjPi0200MLilhzPXUgxzGjQzUMaNcmjdZA6anyrngvkdub33NZzZhd51fpCAEzNHFhko5aKRFP5fS1w_lKwYrzcNLupv27.png?ccb=10-5&oh=00_AT9C82irDy7Sn8cI_UEelmRC1FY5K5jw2pfWXlZ8QaKL1g&oe=62246CF9&_nc_sid=55e238",
                    "comment_reactors": [],
                    "comment_reactions": null,
                    "comment_reaction_count": null
                },
                {
                    "comment_id": "10159577340868904",
                    "comment_url": "https://facebook.com/10159577340868904",
                    "commenter_id": "612738486",
                    "commenter_url": "https://facebook.com/jennifer.palin.3?fref=nf&rc=p",
                    "commenter_name": "Jennifer Palin",
                    "commenter_meta": null,
                    "comment_text": "David Macleod Plenty of un-self-awarene\nss to go around.",
                    "comment_time": "2022-02-23 17:50:35",
                    "comment_image": null,
                    "comment_reactors": [],
                    "comment_reactions": null,
                    "comment_reaction_count": null
                },
                {
                    "comment_id": "10159577344208904",
                    "comment_url": "https://facebook.com/10159577344208904",
                    "commenter_id": "506238217",
                    "commenter_url": "https://facebook.com/jay.szpirs?fref=nf&rc=p",
                    "commenter_name": "Jay Szpirs",
                    "commenter_meta": null,
                    "comment_text": "David Macleod Yeah! How dare the police use tear gas and kettling and sabotage medical aid stations and hold people for hours without charging them and hide their faces and badge numbers!!\n\nOh wait, that was\u2026\n\nhttps://\nccla.org/\nmajor-cases-and-\nreports/\nprotest-rights-g\n20-summit/",
                    "comment_time": "2022-02-23 17:50:35",
                    "comment_image": "https://ccla.org/major-cases-and-reports/protest-rights-g20-summit/?fbclid=IwAR0e176APeL5lBwyHkmiSRMgN-hmxkFGhAxBIYuMKVGDgU-MQl5J7rI4QbY",
                    "comment_reactors": [],
                    "comment_reactions": null,
                    "comment_reaction_count": null
                },
                {
                    "comment_id": "10159577357793904",
                    "comment_url": "https://facebook.com/10159577357793904",
                    "commenter_id": "100000545404259",
                    "commenter_url": "https://facebook.com/matthew.harper.583?fref=nf&rc=p",
                    "commenter_name": "Matthew Harper",
                    "commenter_meta": null,
                    "comment_text": "David Macleod please explain the police brutality. I saw police lawfully advancing and occupy refusing to move. So pushing is now police brutality??\n\nDue course of law?? The occupation failed to follow court direction to stop noise and intimidation.",
                    "comment_time": "2022-02-23 17:50:35",
                    "comment_image": "https://scontent.xx.fbcdn.net/m1/v/t6/An_UvxJXg9tdnLU3Y5qjPi0200MLilhzPXUgxzGjQzUMaNcmjdZA6anyrngvkdub33NZzZhd51fpCAEzNHFhko5aKRFP5fS1w_lKwYrzcNLupv27.png?ccb=10-5&oh=00_AT9C82irDy7Sn8cI_UEelmRC1FY5K5jw2pfWXlZ8QaKL1g&oe=62246CF9&_nc_sid=55e238",
                    "comment_reactors": [],
                    "comment_reactions": null,
                    "comment_reaction_count": null
                },
                {
                    "comment_id": "10159577358748904",
                    "comment_url": "https://facebook.com/10159577358748904",
                    "commenter_id": "100000545404259",
                    "commenter_url": "https://facebook.com/matthew.harper.583?fref=nf&rc=p",
                    "commenter_name": "Matthew Harper",
                    "commenter_meta": null,
                    "comment_text": "Christine Loubier David poorly stated his opinion",
                    "comment_time": "2022-02-23 17:50:35",
                    "comment_image": "https://scontent.xx.fbcdn.net/m1/v/t6/An_UvxJXg9tdnLU3Y5qjPi0200MLilhzPXUgxzGjQzUMaNcmjdZA6anyrngvkdub33NZzZhd51fpCAEzNHFhko5aKRFP5fS1w_lKwYrzcNLupv27.png?ccb=10-5&oh=00_AT9C82irDy7Sn8cI_UEelmRC1FY5K5jw2pfWXlZ8QaKL1g&oe=62246CF9&_nc_sid=55e238",
                    "comment_reactors": [],
                    "comment_reactions": null,
                    "comment_reaction_count": null
                },
                {
                    "comment_id": "10159577375833904",
                    "comment_url": "https://facebook.com/10159577375833904",
                    "commenter_id": "100002891938194",
                    "commenter_url": "https://facebook.com/louise.michelle.71?fref=nf&rc=p",
                    "commenter_name": "Louise Michelle",
                    "commenter_meta": null,
                    "comment_text": "Matthew Harper there is video going worldwide in their news pages. Iran even condemned the police . Get a clue.",
                    "comment_time": "2022-02-23 17:50:35",
                    "comment_image": null,
                    "comment_reactors": [],
                    "comment_reactions": null,
                    "comment_reaction_count": null
                },
                {
                    "comment_id": "10159577379853904",
                    "comment_url": "https://facebook.com/10159577379853904",
                    "commenter_id": "100000545404259",
                    "commenter_url": "https://facebook.com/matthew.harper.583?fref=nf&rc=p",
                    "commenter_name": "Matthew Harper",
                    "commenter_meta": null,
                    "comment_text": "Louise Michelle Really care what Iran says? Curious when Canada shot down a civilian aircraft?\n\nOne person pushed into a police horse does not equal brutality.",
                    "comment_time": "2022-02-23 17:50:35",
                    "comment_image": "https://scontent.xx.fbcdn.net/m1/v/t6/An_UvxJXg9tdnLU3Y5qjPi0200MLilhzPXUgxzGjQzUMaNcmjdZA6anyrngvkdub33NZzZhd51fpCAEzNHFhko5aKRFP5fS1w_lKwYrzcNLupv27.png?ccb=10-5&oh=00_AT9C82irDy7Sn8cI_UEelmRC1FY5K5jw2pfWXlZ8QaKL1g&oe=62246CF9&_nc_sid=55e238",
                    "comment_reactors": [],
                    "comment_reactions": null,
                    "comment_reaction_count": null
                },
                {
                    "comment_id": "10159577382678904",
                    "comment_url": "https://facebook.com/10159577382678904",
                    "commenter_id": "840610542",
                    "commenter_url": "https://facebook.com/vanminnen?fref=nf&rc=p",
                    "commenter_name": "Dan Van Minnen",
                    "commenter_meta": null,
                    "comment_text": "Matthew Harper they tear gas and gave the Baton to a reporter pretty strongly. But she was from Rebel news so that's okay right",
                    "comment_time": "2022-02-23 17:50:35",
                    "comment_image": "https://scontent.xx.fbcdn.net/m1/v/t6/An_UvxJXg9tdnLU3Y5qjPi0200MLilhzPXUgxzGjQzUMaNcmjdZA6anyrngvkdub33NZzZhd51fpCAEzNHFhko5aKRFP5fS1w_lKwYrzcNLupv27.png?ccb=10-5&oh=00_AT9C82irDy7Sn8cI_UEelmRC1FY5K5jw2pfWXlZ8QaKL1g&oe=62246CF9&_nc_sid=55e238",
                    "comment_reactors": [],
                    "comment_reactions": null,
                    "comment_reaction_count": null
                },
                {
                    "comment_id": "10159577383608904",
                    "comment_url": "https://facebook.com/10159577383608904",
                    "commenter_id": "840610542",
                    "commenter_url": "https://facebook.com/vanminnen?fref=nf&rc=p",
                    "commenter_name": "Dan Van Minnen",
                    "commenter_meta": null,
                    "comment_text": "I agree that Harper shouldn't have done it either, but neither should Mohawk Grandma be in the hospital for shoulder injuries right now. Especially since the emergencies act does not apply to Native Canadians",
                    "comment_time": "2022-02-23 17:50:35",
                    "comment_image": "https://scontent.xx.fbcdn.net/m1/v/t6/An_UvxJXg9tdnLU3Y5qjPi0200MLilhzPXUgxzGjQzUMaNcmjdZA6anyrngvkdub33NZzZhd51fpCAEzNHFhko5aKRFP5fS1w_lKwYrzcNLupv27.png?ccb=10-5&oh=00_AT9C82irDy7Sn8cI_UEelmRC1FY5K5jw2pfWXlZ8QaKL1g&oe=62246CF9&_nc_sid=55e238",
                    "comment_reactors": [],
                    "comment_reactions": null,
                    "comment_reaction_count": null
                },
                {
                    "comment_id": "10159577394918904",
                    "comment_url": "https://facebook.com/10159577394918904",
                    "commenter_id": "100010067385198",
                    "commenter_url": "https://facebook.com/profile.php?id=100010067385198&fref=nf&rc=p",
                    "commenter_name": "Kristen Thomlinson",
                    "commenter_meta": "Top fan",
                    "comment_text": "Matthew Harper And completely void of facts.",
                    "comment_time": "2022-02-23 17:50:35",
                    "comment_image": "https://static.xx.fbcdn.net/rsrc.php/v3/y7/r/4bRBCBmu1Q9.png",
                    "comment_reactors": [],
                    "comment_reactions": null,
                    "comment_reaction_count": null
                },
                {
                    "comment_id": "10159577397223904",
                    "comment_url": "https://facebook.com/10159577397223904",
                    "commenter_id": "100010067385198",
                    "commenter_url": "https://facebook.com/profile.php?id=100010067385198&fref=nf&rc=p",
                    "commenter_name": "Kristen Thomlinson",
                    "commenter_meta": "Top fan",
                    "comment_text": "Matthew Harper Don't forget that a bicycle was thrown at the horse. The fool could have killed the horse.",
                    "comment_time": "2022-02-23 17:50:35",
                    "comment_image": "https://static.xx.fbcdn.net/rsrc.php/v3/y7/r/4bRBCBmu1Q9.png",
                    "comment_reactors": [],
                    "comment_reactions": null,
                    "comment_reaction_count": null
                },
                {
                    "comment_id": "10159577406373904",
                    "comment_url": "https://facebook.com/10159577406373904",
                    "commenter_id": "100002891938194",
                    "commenter_url": "https://facebook.com/louise.michelle.71?fref=nf&rc=p",
                    "commenter_name": "Louise Michelle",
                    "commenter_meta": null,
                    "comment_text": "Dan Van Minnen or refugees who have more rights than us.",
                    "comment_time": "2022-02-23 17:50:35",
                    "comment_image": null,
                    "comment_reactors": [],
                    "comment_reactions": null,
                    "comment_reaction_count": null
                },
                {
                    "comment_id": "10159577411408904",
                    "comment_url": "https://facebook.com/10159577411408904",
                    "commenter_id": "100010067385198",
                    "commenter_url": "https://facebook.com/profile.php?id=100010067385198&fref=nf&rc=p",
                    "commenter_name": "Kristen Thomlinson",
                    "commenter_meta": "Top fan",
                    "comment_text": "Louise Michelle The Rebel's doctored video doesn't count.",
                    "comment_time": "2022-02-23 17:50:35",
                    "comment_image": "https://static.xx.fbcdn.net/rsrc.php/v3/y7/r/4bRBCBmu1Q9.png",
                    "comment_reactors": [],
                    "comment_reactions": null,
                    "comment_reaction_count": null
                },
                {
                    "comment_id": "10159577516573904",
                    "comment_url": "https://facebook.com/10159577516573904",
                    "commenter_id": "100005375288290",
                    "commenter_url": "https://facebook.com/jeanpierre.mercier.3323?fref=nf&rc=p",
                    "commenter_name": "Jean-Pierre Mercier",
                    "commenter_meta": null,
                    "comment_text": "they don't call liberalism a mental illness for nothing.",
                    "comment_time": "2022-02-23 17:50:35",
                    "comment_image": null,
                    "comment_reactors": [],
                    "comment_reactions": null,
                    "comment_reaction_count": null
                },
                {
                    "comment_id": "10159577551983904",
                    "comment_url": "https://facebook.com/10159577551983904",
                    "commenter_id": "517430466",
                    "commenter_url": "https://facebook.com/david.macleod.391?fref=nf&rc=p",
                    "commenter_name": "David Macleod",
                    "commenter_meta": null,
                    "comment_text": "Matthew Harper seriously if you chose not to watch the hundreds of live streamed videos being aired from ground zero and instead got your information from CTV or CBC, then you have chosen not only to be willfully ignorant but as a Canadian you are partially complicit.",
                    "comment_time": "2022-02-23 17:50:35",
                    "comment_image": null,
                    "comment_reactors": [],
                    "comment_reactions": null,
                    "comment_reaction_count": null
                },
                {
                    "comment_id": "10159577555053904",
                    "comment_url": "https://facebook.com/10159577555053904",
                    "commenter_id": "100000545404259",
                    "commenter_url": "https://facebook.com/matthew.harper.583?fref=nf&rc=p",
                    "commenter_name": "Matthew Harper",
                    "commenter_meta": null,
                    "comment_text": "Dan Van Minnen rebel news has low credibility. I rely on their past false news of brutality, on one sided reporting and failed to report a number of people spitting on others.",
                    "comment_time": "2022-02-23 17:50:35",
                    "comment_image": "https://scontent.xx.fbcdn.net/m1/v/t6/An_UvxJXg9tdnLU3Y5qjPi0200MLilhzPXUgxzGjQzUMaNcmjdZA6anyrngvkdub33NZzZhd51fpCAEzNHFhko5aKRFP5fS1w_lKwYrzcNLupv27.png?ccb=10-5&oh=00_AT9C82irDy7Sn8cI_UEelmRC1FY5K5jw2pfWXlZ8QaKL1g&oe=62246CF9&_nc_sid=55e238",
                    "comment_reactors": [],
                    "comment_reactions": null,
                    "comment_reaction_count": null
                },
                {
                    "comment_id": "10159577557318904",
                    "comment_url": "https://facebook.com/10159577557318904",
                    "commenter_id": "100000545404259",
                    "commenter_url": "https://facebook.com/matthew.harper.583?fref=nf&rc=p",
                    "commenter_name": "Matthew Harper",
                    "commenter_meta": null,
                    "comment_text": "Dan Van Minnen odd. There is a documented report of Harper and MacKay agreeing with government action while CPC documented report of Broadbent siding with opposition.",
                    "comment_time": "2022-02-23 17:50:35",
                    "comment_image": null,
                    "comment_reactors": [],
                    "comment_reactions": null,
                    "comment_reaction_count": null
                },
                {
                    "comment_id": "10159577594038904",
                    "comment_url": "https://facebook.com/10159577594038904",
                    "commenter_id": "100000545404259",
                    "commenter_url": "https://facebook.com/matthew.harper.583?fref=nf&rc=p",
                    "commenter_name": "Matthew Harper",
                    "commenter_meta": null,
                    "comment_text": "David Macleod thank you for failing to prove any police brutality.\nThe occupation refused to leave and were published pushed along dispute threats of violence and abuse.\nDid you miss that on your \"feeds\"? How about the female that claimed to be pepper sprayed, no red face, no tears, no snow applied for the \"pain\", seconds after her claim?",
                    "comment_time": "2022-02-23 17:50:35",
                    "comment_image": null,
                    "comment_reactors": [],
                    "comment_reactions": null,
                    "comment_reaction_count": null
                },
                {
                    "comment_id": "10159577595548904",
                    "comment_url": "https://facebook.com/10159577595548904",
                    "commenter_id": "100000545404259",
                    "commenter_url": "https://facebook.com/matthew.harper.583?fref=nf&rc=p",
                    "commenter_name": "Matthew Harper",
                    "commenter_meta": null,
                    "comment_text": "Kristen Thomlinson I've seen too many Rebel News were they antagonize and create drama against everyone they disagree with.",
                    "comment_time": "2022-02-23 17:50:35",
                    "comment_image": null,
                    "comment_reactors": [],
                    "comment_reactions": null,
                    "comment_reaction_count": null
                },
                {
                    "comment_id": "10159577608418904",
                    "comment_url": "https://facebook.com/10159577608418904",
                    "commenter_id": "100000545404259",
                    "commenter_url": "https://facebook.com/matthew.harper.583?fref=nf&rc=p",
                    "commenter_name": "Matthew Harper",
                    "commenter_meta": null,
                    "comment_text": "Dan Van Minnen was she a reporter or involved? Any credible reporter would have followed direction and still been able to report safely.\nFirst reports of pepper spray I saw was from a protester. First use of a flashback came from the protest. Guess you missed those feeds.\nDid you see the line move and the second line of police pick up a handgun? I did.",
                    "comment_time": "2022-02-23 17:50:35",
                    "comment_image": "https://scontent.xx.fbcdn.net/m1/v/t6/An_UvxJXg9tdnLU3Y5qjPi0200MLilhzPXUgxzGjQzUMaNcmjdZA6anyrngvkdub33NZzZhd51fpCAEzNHFhko5aKRFP5fS1w_lKwYrzcNLupv27.png?ccb=10-5&oh=00_AT9C82irDy7Sn8cI_UEelmRC1FY5K5jw2pfWXlZ8QaKL1g&oe=62246CF9&_nc_sid=55e238",
                    "comment_reactors": [],
                    "comment_reactions": null,
                    "comment_reaction_count": null
                },
                {
                    "comment_id": "10159579325338904",
                    "comment_url": "https://facebook.com/10159579325338904",
                    "commenter_id": "100000545404259",
                    "commenter_url": "https://facebook.com/matthew.harper.583?fref=nf&rc=p",
                    "commenter_name": "Matthew Harper",
                    "commenter_meta": null,
                    "comment_text": "Now who's handgun?\nWas a weapon seen a police took action?\nWas it a police handgun? Doubt they shoot year has because too easy to confuse.\nVideo unclear who shot year gas.\nWhere is the video leading up? Was the reporter warned to move back and refused? Nothing heard \"I'm Rebel News!!! I'm Rebel News!!!\"",
                    "comment_time": "2022-02-23 00:00:00",
                    "comment_image": null,
                    "comment_reactors": [],
                    "comment_reactions": null,
                    "comment_reaction_count": null
                }
            ]
        },
        {
            "comment_id": "10159577135478904",
            "comment_url": "https://facebook.com/10159577135478904",
            "commenter_id": "575578778",
            "commenter_url": "https://facebook.com/lucas.scheffelmaier?fref=nf&rc=p&refid=52",
            "commenter_name": "Lucas Scheffelmaier",
            "commenter_meta": null,
            "comment_text": "Well if you think about the basics. He brought us this act over bylaw infractions! Noice and reduced traffic flow. And now he has the dictatorship he so admires and was striving to achieve. I hope everyone pays attention and learns that elections have consequences",
            "comment_time": "2022-02-23 17:50:33",
            "comment_image": null,
            "comment_reactors": [],
            "comment_reactions": null,
            "comment_reaction_count": null,
            "replies": [
                {
                    "comment_id": "10159577147153904",
                    "comment_url": "https://facebook.com/10159577147153904",
                    "commenter_id": "100002828340946",
                    "commenter_url": "https://facebook.com/nat.sales.716?fref=nf&rc=p",
                    "commenter_name": "Nat Jones",
                    "commenter_meta": null,
                    "comment_text": "It expires Mar 16, not much of a dictatorship. :D",
                    "comment_time": "2022-02-23 17:50:36",
                    "comment_image": "https://scontent.xx.fbcdn.net/m1/v/t6/An_UvxJXg9tdnLU3Y5qjPi0200MLilhzPXUgxzGjQzUMaNcmjdZA6anyrngvkdub33NZzZhd51fpCAEzNHFhko5aKRFP5fS1w_lKwYrzcNLupv27.png?ccb=10-5&oh=00_AT9C82irDy7Sn8cI_UEelmRC1FY5K5jw2pfWXlZ8QaKL1g&oe=62246CF9&_nc_sid=55e238",
                    "comment_reactors": [],
                    "comment_reactions": null,
                    "comment_reaction_count": null
                },
                {
                    "comment_id": "10159577151843904",
                    "comment_url": "https://facebook.com/10159577151843904",
                    "commenter_id": "512308224",
                    "commenter_url": "https://facebook.com/darrin.a.gosse?fref=nf&rc=p",
                    "commenter_name": "Darrin Absolam Gosse",
                    "commenter_meta": null,
                    "comment_text": "Nat Jones The trucks are moved and that bridge is open yet Trudeau refuses to relinquish the emergency powers.\n\nOn an unrelated note, I have a bridge you might be interested in buying. . .",
                    "comment_time": "2022-02-23 17:50:36",
                    "comment_image": "https://scontent.xx.fbcdn.net/m1/v/t6/An_UvxJXg9tdnLU3Y5qjPi0200MLilhzPXUgxzGjQzUMaNcmjdZA6anyrngvkdub33NZzZhd51fpCAEzNHFhko5aKRFP5fS1w_lKwYrzcNLupv27.png?ccb=10-5&oh=00_AT9C82irDy7Sn8cI_UEelmRC1FY5K5jw2pfWXlZ8QaKL1g&oe=62246CF9&_nc_sid=55e238",
                    "comment_reactors": [],
                    "comment_reactions": null,
                    "comment_reaction_count": null
                },
                {
                    "comment_id": "10159577159703904",
                    "comment_url": "https://facebook.com/10159577159703904",
                    "commenter_id": "632395461",
                    "commenter_url": "https://facebook.com/christopher.kluczynski.1?fref=nf&rc=p",
                    "commenter_name": "Christopher Kluczynski",
                    "commenter_meta": null,
                    "comment_text": "Darrin Absolam Gosse because the money is sitting. Everyone needs to realize that the whole point of the act being envoked is to keep the money out of the hands of the organizers who have been puppeteering everyone from Day 1. If GoFundMe hadn't of blocked the funds, those 3 would have abandoned everyone weeks ago and been sitting sipping pina coladas on a beach somewhere. Instead, the mesmerized people like the Pied Piper to follow them and support them people need to realize this was never about freedom. It was about greed and has been supported and probably partially orchestrated by the Americans as almost half the monetary donations came from the USofA",
                    "comment_time": "2022-02-23 17:50:36",
                    "comment_image": "https://scontent.xx.fbcdn.net/m1/v/t6/An_F9bJG7govfshSMBkvcRLcxT0jmiXVYKtr7lgH5AHgUrjjpZ1OD0xyxXYgf7arc0lWgCdrR_KN4Mg7RSN3Gm3W6Gg03N1tQ-ZXzVvFJ_KvvB4.png?ccb=10-5&oh=00_AT8ScZKrgCPhmfSgYBZgvnQHv14vvPQpgzOW8DDMFGGodg&oe=62243F67&_nc_sid=55e238",
                    "comment_reactors": [],
                    "comment_reactions": null,
                    "comment_reaction_count": null
                },
                {
                    "comment_id": "10159577164233904",
                    "comment_url": "https://facebook.com/10159577164233904",
                    "commenter_id": "100000153925366",
                    "commenter_url": "https://facebook.com/cathy.kotze?fref=nf&rc=p",
                    "commenter_name": "Cathy Kotz\u00e9",
                    "commenter_meta": null,
                    "comment_text": "Christopher Kluczynski You are confusing them with BLM leaders like Patrisse Khan-Cullors who purchased a $1.4 million home in an exclusive Los Angeles neighbourhood with donated money.",
                    "comment_time": "2022-02-23 17:50:36",
                    "comment_image": "https://scontent.xx.fbcdn.net/m1/v/t6/An_UvxJXg9tdnLU3Y5qjPi0200MLilhzPXUgxzGjQzUMaNcmjdZA6anyrngvkdub33NZzZhd51fpCAEzNHFhko5aKRFP5fS1w_lKwYrzcNLupv27.png?ccb=10-5&oh=00_AT9C82irDy7Sn8cI_UEelmRC1FY5K5jw2pfWXlZ8QaKL1g&oe=62246CF9&_nc_sid=55e238",
                    "comment_reactors": [],
                    "comment_reactions": null,
                    "comment_reaction_count": null
                },
                {
                    "comment_id": "10159577167838904",
                    "comment_url": "https://facebook.com/10159577167838904",
                    "commenter_id": "512308224",
                    "commenter_url": "https://facebook.com/darrin.a.gosse?fref=nf&rc=p",
                    "commenter_name": "Darrin Absolam Gosse",
                    "commenter_meta": null,
                    "comment_text": "Christopher Kluczynski OK, but that is exactly the criticism. A protest group having money is not a national emergency by any stretch of the imagination. That is far below what these emergency powers were intended for.",
                    "comment_time": "2022-02-23 17:50:36",
                    "comment_image": "https://scontent.xx.fbcdn.net/m1/v/t6/An_UvxJXg9tdnLU3Y5qjPi0200MLilhzPXUgxzGjQzUMaNcmjdZA6anyrngvkdub33NZzZhd51fpCAEzNHFhko5aKRFP5fS1w_lKwYrzcNLupv27.png?ccb=10-5&oh=00_AT9C82irDy7Sn8cI_UEelmRC1FY5K5jw2pfWXlZ8QaKL1g&oe=62246CF9&_nc_sid=55e238",
                    "comment_reactors": [],
                    "comment_reactions": null,
                    "comment_reaction_count": null
                },
                {
                    "comment_id": "10159577177318904",
                    "comment_url": "https://facebook.com/10159577177318904",
                    "commenter_id": "632395461",
                    "commenter_url": "https://facebook.com/christopher.kluczynski.1?fref=nf&rc=p",
                    "commenter_name": "Christopher Kluczynski",
                    "commenter_meta": null,
                    "comment_text": "Darrin Absolam Gosse Depends where that money came from and what it was being used for? Was it payment for something. They're not using the act to see if you donated $50 to the cause. They seeing if Rudy Giuliani gave $250,000 though. The Windsor Bridge closure have forced US companies to rethink purchasing goods from Canada. A few major suppliers have received letters over the last 2 weeks to put quotes for new business on hold until strategies can be put in place should something like this happen again. The 3 weeks have hurt us economically and could cause more unemployment than Covid and the lockdowns ever did.",
                    "comment_time": "2022-02-23 17:50:36",
                    "comment_image": "https://scontent.xx.fbcdn.net/m1/v/t6/An_UvxJXg9tdnLU3Y5qjPi0200MLilhzPXUgxzGjQzUMaNcmjdZA6anyrngvkdub33NZzZhd51fpCAEzNHFhko5aKRFP5fS1w_lKwYrzcNLupv27.png?ccb=10-5&oh=00_AT9C82irDy7Sn8cI_UEelmRC1FY5K5jw2pfWXlZ8QaKL1g&oe=62246CF9&_nc_sid=55e238",
                    "comment_reactors": [],
                    "comment_reactions": null,
                    "comment_reaction_count": null
                },
                {
                    "comment_id": "10159577178448904",
                    "comment_url": "https://facebook.com/10159577178448904",
                    "commenter_id": "100033744802481",
                    "commenter_url": "https://facebook.com/lukasz.suckiel1990?fref=nf&rc=p",
                    "commenter_name": "Lukasz Suckiel",
                    "commenter_meta": null,
                    "comment_text": "Nat Jones\nWhere is your source for that date?\n\nI can't find it. If anything I found articles explaining how Trudeau and NDP have voted to keep emergency powers and there is no end date given.",
                    "comment_time": "2022-02-23 17:50:36",
                    "comment_image": "https://scontent.xx.fbcdn.net/m1/v/t6/An_UvxJXg9tdnLU3Y5qjPi0200MLilhzPXUgxzGjQzUMaNcmjdZA6anyrngvkdub33NZzZhd51fpCAEzNHFhko5aKRFP5fS1w_lKwYrzcNLupv27.png?ccb=10-5&oh=00_AT9C82irDy7Sn8cI_UEelmRC1FY5K5jw2pfWXlZ8QaKL1g&oe=62246CF9&_nc_sid=55e238",
                    "comment_reactors": [],
                    "comment_reactions": null,
                    "comment_reaction_count": null
                },
                {
                    "comment_id": "10159577181613904",
                    "comment_url": "https://facebook.com/10159577181613904",
                    "commenter_id": "100033744802481",
                    "commenter_url": "https://facebook.com/lukasz.suckiel1990?fref=nf&rc=p",
                    "commenter_name": "Lukasz Suckiel",
                    "commenter_meta": null,
                    "comment_text": "Darrin Absolam Gosse\nThey don't \"feel\" that it is though so facts are disregarded. Scary isn't it? That a small portion of people who would still vote for Trudeau can use the government against the majority that won't vote for him again. For 3.5 more years!!",
                    "comment_time": "2022-02-23 17:50:36",
                    "comment_image": "https://scontent.xx.fbcdn.net/m1/v/t6/An_UvxJXg9tdnLU3Y5qjPi0200MLilhzPXUgxzGjQzUMaNcmjdZA6anyrngvkdub33NZzZhd51fpCAEzNHFhko5aKRFP5fS1w_lKwYrzcNLupv27.png?ccb=10-5&oh=00_AT9C82irDy7Sn8cI_UEelmRC1FY5K5jw2pfWXlZ8QaKL1g&oe=62246CF9&_nc_sid=55e238",
                    "comment_reactors": [],
                    "comment_reactions": null,
                    "comment_reaction_count": null
                },
                {
                    "comment_id": "10159577182043904",
                    "comment_url": "https://facebook.com/10159577182043904",
                    "commenter_id": "1765392313",
                    "commenter_url": "https://facebook.com/nancy.mccurdy.988?fref=nf&rc=p",
                    "commenter_name": "Nancy Mccurdy",
                    "commenter_meta": null,
                    "comment_text": "Nat Jones LOL it does",
                    "comment_time": "2022-02-23 17:50:36",
                    "comment_image": null,
                    "comment_reactors": [],
                    "comment_reactions": null,
                    "comment_reaction_count": null
                },
                {
                    "comment_id": "10159577200528904",
                    "comment_url": "https://facebook.com/10159577200528904",
                    "commenter_id": "100052311319362",
                    "commenter_url": "https://facebook.com/mitch.alexander.14811?fref=nf&rc=p",
                    "commenter_name": "Mitch Alexander",
                    "commenter_meta": null,
                    "comment_text": "Nat Jones But will it expire? Will a new \"sinister crises\" be found to keep it in place? A slippery slope.",
                    "comment_time": "2022-02-23 17:50:36",
                    "comment_image": "https://scontent.xx.fbcdn.net/m1/v/t6/An_UvxJXg9tdnLU3Y5qjPi0200MLilhzPXUgxzGjQzUMaNcmjdZA6anyrngvkdub33NZzZhd51fpCAEzNHFhko5aKRFP5fS1w_lKwYrzcNLupv27.png?ccb=10-5&oh=00_AT9C82irDy7Sn8cI_UEelmRC1FY5K5jw2pfWXlZ8QaKL1g&oe=62246CF9&_nc_sid=55e238",
                    "comment_reactors": [],
                    "comment_reactions": null,
                    "comment_reaction_count": null
                },
                {
                    "comment_id": "10159577206043904",
                    "comment_url": "https://facebook.com/10159577206043904",
                    "commenter_id": "512308224",
                    "commenter_url": "https://facebook.com/darrin.a.gosse?fref=nf&rc=p",
                    "commenter_name": "Darrin Absolam Gosse",
                    "commenter_meta": null,
                    "comment_text": "Christopher Kluczynski So we should suspend civil liberties and due process because some businesses are losing money?",
                    "comment_time": "2022-02-23 17:50:36",
                    "comment_image": "https://scontent.xx.fbcdn.net/m1/v/t6/An_UvxJXg9tdnLU3Y5qjPi0200MLilhzPXUgxzGjQzUMaNcmjdZA6anyrngvkdub33NZzZhd51fpCAEzNHFhko5aKRFP5fS1w_lKwYrzcNLupv27.png?ccb=10-5&oh=00_AT9C82irDy7Sn8cI_UEelmRC1FY5K5jw2pfWXlZ8QaKL1g&oe=62246CF9&_nc_sid=55e238",
                    "comment_reactors": [],
                    "comment_reactions": null,
                    "comment_reaction_count": null
                },
                {
                    "comment_id": "10159577213103904",
                    "comment_url": "https://facebook.com/10159577213103904",
                    "commenter_id": "632395461",
                    "commenter_url": "https://facebook.com/christopher.kluczynski.1?fref=nf&rc=p",
                    "commenter_name": "Christopher Kluczynski",
                    "commenter_meta": null,
                    "comment_text": "Darrin Absolam Gosse Civil Liberties? You mean what the convoy spent the last 3 weeks violating for all the locals?\n\nGo back and read the Charter of Rights and Freedoms to make sure you understand it and not base it off of what someone posted on social media.",
                    "comment_time": "2022-02-23 17:50:36",
                    "comment_image": "https://scontent.xx.fbcdn.net/m1/v/t6/An_F9bJG7govfshSMBkvcRLcxT0jmiXVYKtr7lgH5AHgUrjjpZ1OD0xyxXYgf7arc0lWgCdrR_KN4Mg7RSN3Gm3W6Gg03N1tQ-ZXzVvFJ_KvvB4.png?ccb=10-5&oh=00_AT8ScZKrgCPhmfSgYBZgvnQHv14vvPQpgzOW8DDMFGGodg&oe=62243F67&_nc_sid=55e238",
                    "comment_reactors": [],
                    "comment_reactions": null,
                    "comment_reaction_count": null
                },
                {
                    "comment_id": "10159577221288904",
                    "comment_url": "https://facebook.com/10159577221288904",
                    "commenter_id": "632395461",
                    "commenter_url": "https://facebook.com/christopher.kluczynski.1?fref=nf&rc=p",
                    "commenter_name": "Christopher Kluczynski",
                    "commenter_meta": null,
                    "comment_text": "The biggest issue why our country is becoming more torn over this hour by hour is because everyone is educating themselves from social media. People need to go out and learn what our laws and rights are. Read the documents and not base opinion because Jackie on Twitter said, or John from Local News 4 reported. A US journalist reported on Friday that a woman was trampled by police horses and later died. On Saturday, she was retracting everything because the woman got up and walked off on her own power. Media, both news and social media, have found ways to twist things for ratings or click bait. To show a narrative. We as a society have become too lazy to form educated opinions, so we just jump on board with whatever suits us best. Here in lies the problem.",
                    "comment_time": "2022-02-23 17:50:36",
                    "comment_image": "https://scontent.xx.fbcdn.net/m1/v/t6/An_UvxJXg9tdnLU3Y5qjPi0200MLilhzPXUgxzGjQzUMaNcmjdZA6anyrngvkdub33NZzZhd51fpCAEzNHFhko5aKRFP5fS1w_lKwYrzcNLupv27.png?ccb=10-5&oh=00_AT9C82irDy7Sn8cI_UEelmRC1FY5K5jw2pfWXlZ8QaKL1g&oe=62246CF9&_nc_sid=55e238",
                    "comment_reactors": [],
                    "comment_reactions": null,
                    "comment_reaction_count": null
                },
                {
                    "comment_id": "10159577271323904",
                    "comment_url": "https://facebook.com/10159577271323904",
                    "commenter_id": "100001169875846",
                    "commenter_url": "https://facebook.com/profile.php?id=100001169875846&fref=nf&rc=p",
                    "commenter_name": "Maria Cruz",
                    "commenter_meta": null,
                    "comment_text": "Lucas Scheffelmaier I agree with you perfectly\n\nThe unbelievable just happened in my life today and words can\u2019t express my joy. Thank you so much Leonardo Otero",
                    "comment_time": "2022-02-23 17:50:36",
                    "comment_image": null,
                    "comment_reactors": [],
                    "comment_reactions": null,
                    "comment_reaction_count": null
                },
                {
                    "comment_id": "10159577271653904",
                    "comment_url": "https://facebook.com/10159577271653904",
                    "commenter_id": "100001169875846",
                    "commenter_url": "https://facebook.com/profile.php?id=100001169875846&fref=nf&rc=p",
                    "commenter_name": "Maria Cruz",
                    "commenter_meta": null,
                    "comment_text": "\ud835\ude91\ud835\ude8e'\ud835\ude9c \ud835\ude91\ud835\ude98\ud835\ude97\ud835\ude8e\ud835\ude9c\ud835\ude9d \ud835\ude8a\ud835\ude97\ud835\ude8d \ud835\ude9d\ud835\ude9b\ud835\ude9e\ud835\ude9c\ud835\ude9d\ud835\udea0\ud835\ude98\ud835\ude9b\ud835\ude9d\ud835\ude91\ud835\udea2, \ud835\ude92 \ud835\ude8a\ud835\ude99\ud835\ude99\ud835\ude9b\ud835\ude8e\ud835\ude8c\ud835\ude92\ud835\ude8a\ud835\ude9d\ud835\ude8e \ud835\ude91im \ud835\ude8f\ud835\ude98\ud835\ude9b his \ud835\ude90\ud835\ude98\ud835\ude98\ud835\ude8d \ud835\ude8d\ud835\ude8e\ud835\ude8e\ud835\ude8d\ud835\ude9c \ud835\ude8c\ud835\ude98\ud835\ude97\ud835\ude97\ud835\ude8e\ud835\ude8c\ud835\ude9d \ud835\udea0\ud835\ude92\ud835\ude9d\ud835\ude91 \ud835\ude91im Leonardo Otero",
                    "comment_time": "2022-02-23 17:50:36",
                    "comment_image": null,
                    "comment_reactors": [],
                    "comment_reactions": null,
                    "comment_reaction_count": null
                },
                {
                    "comment_id": "10159577378073904",
                    "comment_url": "https://facebook.com/10159577378073904",
                    "commenter_id": "100002891938194",
                    "commenter_url": "https://facebook.com/louise.michelle.71?fref=nf&rc=p",
                    "commenter_name": "Louise Michelle",
                    "commenter_meta": null,
                    "comment_text": "Christopher Kluczynski if the news was not paid off we would get facts to sift ourselves.",
                    "comment_time": "2022-02-23 17:50:36",
                    "comment_image": null,
                    "comment_reactors": [],
                    "comment_reactions": null,
                    "comment_reaction_count": null
                },
                {
                    "comment_id": "10159577387338904",
                    "comment_url": "https://facebook.com/10159577387338904",
                    "commenter_id": "752276958",
                    "commenter_url": "https://facebook.com/vin.scott.7?fref=nf&rc=p",
                    "commenter_name": "Vin Scott",
                    "commenter_meta": null,
                    "comment_text": "Lucas too late\n1 step closer to China. They were using facial recognition devices in the Ottawa protest, the QR code is a tracking identification code needed to enter establishments.\nAs well as the government admitting to retrieving personal information off of phones. Now you have an all inclusive government authority to shut your bank account down if you disagree with them. Hmmm",
                    "comment_time": "2022-02-23 17:50:36",
                    "comment_image": null,
                    "comment_reactors": [],
                    "comment_reactions": null,
                    "comment_reaction_count": null
                },
                {
                    "comment_id": "10159577392198904",
                    "comment_url": "https://facebook.com/10159577392198904",
                    "commenter_id": "632395461",
                    "commenter_url": "https://facebook.com/christopher.kluczynski.1?fref=nf&rc=p",
                    "commenter_name": "Christopher Kluczynski",
                    "commenter_meta": null,
                    "comment_text": "Louise Michelle If the videos on social media weren't set up and edited well, we could have facts to sift ourselves as well.",
                    "comment_time": "2022-02-23 17:50:36",
                    "comment_image": null,
                    "comment_reactors": [],
                    "comment_reactions": null,
                    "comment_reaction_count": null
                }
            ]
        },
        {
            "comment_id": "10159578999588904",
            "comment_url": "https://facebook.com/10159578999588904",
            "commenter_id": "100000305346520",
            "commenter_url": "https://facebook.com/johannaarina?fref=nf&rc=p&refid=52",
            "commenter_name": "Johanna van Zanten",
            "commenter_meta": null,
            "comment_text": "I would like to see after the facts if and how the closed borders and the downtown could be cleared without the threat that the Emergency measures. The fact that the state could ask the banks to lay claim to the property of the truckers was one part of it. The pressure was on from Conservatives and the premiers for the federal government to \"do something.\" The measure can be very short lived and the end of it can be easily invoked. Coudn't win in this crazy situation that went completely out of hand and especially with hardcore extremists mingled in.",
            "comment_time": "2022-02-23 00:00:00",
            "comment_image": null,
            "comment_reactors": [],
            "comment_reactions": null,
            "comment_reaction_count": null,
            "replies": [
                {
                    "comment_id": "10159579695148904",
                    "comment_url": "https://facebook.com/10159579695148904",
                    "commenter_id": "714839387",
                    "commenter_url": "https://facebook.com/aubrey.clay.39?fref=nf&rc=p",
                    "commenter_name": "Aubrey Clay",
                    "commenter_meta": null,
                    "comment_text": "Johanna van Zanten more lies,hardcore extreamists, you are talking about the war in russia er what",
                    "comment_time": "2022-02-24 00:00:00",
                    "comment_image": null,
                    "comment_reactors": [],
                    "comment_reactions": null,
                    "comment_reaction_count": null
                },
                {
                    "comment_id": "10159580131338904",
                    "comment_url": "https://facebook.com/10159580131338904",
                    "commenter_id": "100000305346520",
                    "commenter_url": "https://facebook.com/johannaarina?fref=nf&rc=p",
                    "commenter_name": "Johanna van Zanten",
                    "commenter_meta": null,
                    "comment_text": "Aubrey Clay I guess you censured yourself from the photos and details about the three trailers with a cache of weapons and the news that they had targeted police officers. And what about the other \"leaders\" who announce straight faced they wanted to negotiate the departure of the federal government and form a coalition with Conservative MPs? Sure a minority but not to be dismissed. Open your eyes to the reality.",
                    "comment_time": "2022-02-24 00:00:00",
                    "comment_image": null,
                    "comment_reactors": [],
                    "comment_reactions": null,
                    "comment_reaction_count": null
                }
            ]
        },
        {
            "comment_id": "10159577286643904",
            "comment_url": "https://facebook.com/10159577286643904",
            "commenter_id": "703745240",
            "commenter_url": "https://facebook.com/moigradeanu.alexandru?fref=nf&rc=p&refid=52",
            "commenter_name": "Moigradeanu Alexandru",
            "commenter_meta": null,
            "comment_text": "Its frightening that now Trudeau can seize your account or put you in prison if you disagree with him politically or that if he thinks that your opinion is \"unnacceptable\"\n. And all this without due process",
            "comment_time": "2022-02-23 17:50:33",
            "comment_image": null,
            "comment_reactors": [],
            "comment_reactions": null,
            "comment_reaction_count": null,
            "replies": [
                {
                    "comment_id": "10159577590658904",
                    "comment_url": "https://facebook.com/10159577590658904",
                    "commenter_id": "506564062",
                    "commenter_url": "https://facebook.com/rob.moulton.10?fref=nf&rc=p",
                    "commenter_name": "Rob Moulton",
                    "commenter_meta": null,
                    "comment_text": "Moigradeanu Alexandru that's not what's happening. Where are you hearing this?",
                    "comment_time": "2022-02-23 17:50:37",
                    "comment_image": "https://scontent.xx.fbcdn.net/m1/v/t6/An_UvxJXg9tdnLU3Y5qjPi0200MLilhzPXUgxzGjQzUMaNcmjdZA6anyrngvkdub33NZzZhd51fpCAEzNHFhko5aKRFP5fS1w_lKwYrzcNLupv27.png?ccb=10-5&oh=00_AT9C82irDy7Sn8cI_UEelmRC1FY5K5jw2pfWXlZ8QaKL1g&oe=62246CF9&_nc_sid=55e238",
                    "comment_reactors": [],
                    "comment_reactions": null,
                    "comment_reaction_count": null
                },
                {
                    "comment_id": "10159577594583904",
                    "comment_url": "https://facebook.com/10159577594583904",
                    "commenter_id": "539232118",
                    "commenter_url": "https://facebook.com/eric.barrone.7?fref=nf&rc=p",
                    "commenter_name": "Rollins Ric",
                    "commenter_meta": null,
                    "comment_text": "Rob Moulton uhm. Where have you been?",
                    "comment_time": "2022-02-23 17:50:37",
                    "comment_image": null,
                    "comment_reactors": [],
                    "comment_reactions": null,
                    "comment_reaction_count": null
                },
                {
                    "comment_id": "10159577614888904",
                    "comment_url": "https://facebook.com/10159577614888904",
                    "commenter_id": "506564062",
                    "commenter_url": "https://facebook.com/rob.moulton.10?fref=nf&rc=p",
                    "commenter_name": "Rob Moulton",
                    "commenter_meta": null,
                    "comment_text": "Rollins Ric they're seizing g SPECOFIC accounts if people INVOLVED in the protest. We're you there in person with a truck blocking the road? If not, youre not the target. They had to provide specific criteria to the banks for what was allowed to be flagged. Thays the o ly way bit passed parliament. He can't institute anything on his own, he has a minority. If anything passes, it's because at least one other party supported the decision.",
                    "comment_time": "2022-02-23 17:50:37",
                    "comment_image": null,
                    "comment_reactors": [],
                    "comment_reactions": null,
                    "comment_reaction_count": null
                },
                {
                    "comment_id": "10159577622283904",
                    "comment_url": "https://facebook.com/10159577622283904",
                    "commenter_id": "539232118",
                    "commenter_url": "https://facebook.com/eric.barrone.7?fref=nf&rc=p",
                    "commenter_name": "Rollins Ric",
                    "commenter_meta": null,
                    "comment_text": "Rob Moulton unless the Regina politician was lying about the Ottawa business owner who had donated 250 bux n had her bank n gelato business frozen. I dunno what to really believe. I'll believe some smaller politician tho over Trudeau any day of the week",
                    "comment_time": "2022-02-23 17:50:37",
                    "comment_image": "https://scontent.xx.fbcdn.net/m1/v/t6/An_UvxJXg9tdnLU3Y5qjPi0200MLilhzPXUgxzGjQzUMaNcmjdZA6anyrngvkdub33NZzZhd51fpCAEzNHFhko5aKRFP5fS1w_lKwYrzcNLupv27.png?ccb=10-5&oh=00_AT9C82irDy7Sn8cI_UEelmRC1FY5K5jw2pfWXlZ8QaKL1g&oe=62246CF9&_nc_sid=55e238",
                    "comment_reactors": [],
                    "comment_reactions": null,
                    "comment_reaction_count": null
                },
                {
                    "comment_id": "10159578003048904",
                    "comment_url": "https://facebook.com/10159578003048904",
                    "commenter_id": "506564062",
                    "commenter_url": "https://facebook.com/rob.moulton.10?fref=nf&rc=p",
                    "commenter_name": "Rob Moulton",
                    "commenter_meta": null,
                    "comment_text": "Rollins Ric I forgot about those who financially allowed for individuals to blockade the NATIONAL CAPITAL for 3 weeks. Why should you not be held accountable for supporting an illegal blockade? You absolutely should be, as they wouldn't have been able to do the harm they did without your (her) assistance. Os there a reason those people should not be held responsible as well?",
                    "comment_time": "2022-02-23 17:50:37",
                    "comment_image": null,
                    "comment_reactors": [],
                    "comment_reactions": null,
                    "comment_reaction_count": null
                },
                {
                    "comment_id": "10159578020643904",
                    "comment_url": "https://facebook.com/10159578020643904",
                    "commenter_id": "539232118",
                    "commenter_url": "https://facebook.com/eric.barrone.7?fref=nf&rc=p",
                    "commenter_name": "Rollins Ric",
                    "commenter_meta": null,
                    "comment_text": "Rob Moulton I dunno. Ask yourself why no one was held responsible for blocking bridges nationwide in 2018. Ask yourself why train Trax wer allowed to be burnt. Ask yourself why riots and looting n destruction has been allowed all under trudeaus watch with no word from him. Ask yourself what you yourself thought about Trudeaus speech of saying it's a \"small fringe minority\" but yet he disappeared for 3 weeks and then showed up out of nowhere with war crime acts against Canadians. Ask yourself this in your head. Hey Rob, if Trudeau called this a small fringe minority in thd beginning but then went into hiding after lying saying he needed to self isolate for 5 days after testing negative when we the pp who test negative have to still show up at our jobs, then why wait for 3vweeks and come out attacking Canadians with war crimes before it even git voted in? Ask yourself this Rob. Ask yourself, why if it why he called it a small minority of ppl n yet couldn't even face them then if it wasn't such a threat to him n then come out with pre WWII acts against us Canadians. Ask yourself why he keeps on dividing us with Hate and Division so he can hopefully one day get full Supreme power over us all. Ask yourself if he really needed to have a millions dollar taxpayer election during a Real Emergency. Ask yourself if it was really righteous of him to only fund those who agreed with his morales to fund during a Real Emergency and then deny he never knew who the WE charity was and that the WE was getting anything as they ran off with millions of our money. Ask Freeland where Billions of our Billion went missing and is never talked about ever or answered ever when asked. Ask these questions n then ask yourself how really important it was to devote a war crime act against the most peaceful protest there has been in the last 7 yrs under him. And ask yourself why there even was a convoy to begin with and why did it even start. Ask yourself why we are even arguing when 7 yrs ago we wouldn't even be talking to each other cause pre 7 yrs ago we would still be laughing at funny animal Facebook vids and commenting on tgether about",
                    "comment_time": "2022-02-23 17:50:37",
                    "comment_image": "https://scontent.xx.fbcdn.net/m1/v/t6/An_UvxJXg9tdnLU3Y5qjPi0200MLilhzPXUgxzGjQzUMaNcmjdZA6anyrngvkdub33NZzZhd51fpCAEzNHFhko5aKRFP5fS1w_lKwYrzcNLupv27.png?ccb=10-5&oh=00_AT9C82irDy7Sn8cI_UEelmRC1FY5K5jw2pfWXlZ8QaKL1g&oe=62246CF9&_nc_sid=55e238",
                    "comment_reactors": [],
                    "comment_reactions": null,
                    "comment_reaction_count": null
                }
            ]
        },
        {
            "comment_id": "10159577248978904",
            "comment_url": "https://facebook.com/10159577248978904",
            "commenter_id": "1071103623",
            "commenter_url": "https://facebook.com/patricia.dingle.1?fref=nf&rc=p&refid=52",
            "commenter_name": "Patricia Dingle",
            "commenter_meta": null,
            "comment_text": "It got the job done and Ottawa and its frustrated residents have returned to some sort of normalcy after 3 weeks or intimidation, noise, disrespect and illegal occupation. Thanks you!",
            "comment_time": "2022-02-23 17:50:33",
            "comment_image": null,
            "comment_reactors": [],
            "comment_reactions": null,
            "comment_reaction_count": null,
            "replies": [
                {
                    "comment_id": "10159577281798904",
                    "comment_url": "https://facebook.com/10159577281798904",
                    "commenter_id": "1663977372",
                    "commenter_url": "https://facebook.com/massalski?fref=nf&rc=p",
                    "commenter_name": "Jack Massalski",
                    "commenter_meta": null,
                    "comment_text": "Patricia Dingle No. The Act was ratified yesterday, after the truckers were long gone.",
                    "comment_time": "2022-02-23 17:50:38",
                    "comment_image": "https://scontent.xx.fbcdn.net/m1/v/t6/An_UvxJXg9tdnLU3Y5qjPi0200MLilhzPXUgxzGjQzUMaNcmjdZA6anyrngvkdub33NZzZhd51fpCAEzNHFhko5aKRFP5fS1w_lKwYrzcNLupv27.png?ccb=10-5&oh=00_AT9C82irDy7Sn8cI_UEelmRC1FY5K5jw2pfWXlZ8QaKL1g&oe=62246CF9&_nc_sid=55e238",
                    "comment_reactors": [],
                    "comment_reactions": null,
                    "comment_reaction_count": null
                },
                {
                    "comment_id": "10159577289773904",
                    "comment_url": "https://facebook.com/10159577289773904",
                    "commenter_id": "100010067385198",
                    "commenter_url": "https://facebook.com/profile.php?id=100010067385198&fref=nf&rc=p",
                    "commenter_name": "Kristen Thomlinson",
                    "commenter_meta": "Top fan",
                    "comment_text": "Jack Massalski The act came into effect February 15th.",
                    "comment_time": "2022-02-23 17:50:38",
                    "comment_image": "https://static.xx.fbcdn.net/rsrc.php/v3/y7/r/4bRBCBmu1Q9.png",
                    "comment_reactors": [],
                    "comment_reactions": null,
                    "comment_reaction_count": null
                },
                {
                    "comment_id": "10159577293368904",
                    "comment_url": "https://facebook.com/10159577293368904",
                    "commenter_id": "1071103623",
                    "commenter_url": "https://facebook.com/patricia.dingle.1?fref=nf&rc=p",
                    "commenter_name": "Patricia Dingle",
                    "commenter_meta": null,
                    "comment_text": "Jack Massalski INCORRECT INFORMATION-the\nact came into effect on 15 February. There was a vote yesterday which passed.",
                    "comment_time": "2022-02-23 17:50:38",
                    "comment_image": null,
                    "comment_reactors": [],
                    "comment_reactions": null,
                    "comment_reaction_count": null
                },
                {
                    "comment_id": "10159577339028904",
                    "comment_url": "https://facebook.com/10159577339028904",
                    "commenter_id": "100000545404259",
                    "commenter_url": "https://facebook.com/matthew.harper.583?fref=nf&rc=p",
                    "commenter_name": "Matthew Harper",
                    "commenter_meta": null,
                    "comment_text": "Patricia Dingle no. The debate and vote yesterday was to end the emergency act. And 185-151 it was voted to continue.",
                    "comment_time": "2022-02-23 17:50:38",
                    "comment_image": "https://scontent.xx.fbcdn.net/m1/v/t6/An_UvxJXg9tdnLU3Y5qjPi0200MLilhzPXUgxzGjQzUMaNcmjdZA6anyrngvkdub33NZzZhd51fpCAEzNHFhko5aKRFP5fS1w_lKwYrzcNLupv27.png?ccb=10-5&oh=00_AT9C82irDy7Sn8cI_UEelmRC1FY5K5jw2pfWXlZ8QaKL1g&oe=62246CF9&_nc_sid=55e238",
                    "comment_reactors": [],
                    "comment_reactions": null,
                    "comment_reaction_count": null
                },
                {
                    "comment_id": "10159577342398904",
                    "comment_url": "https://facebook.com/10159577342398904",
                    "commenter_id": "100000545404259",
                    "commenter_url": "https://facebook.com/matthew.harper.583?fref=nf&rc=p",
                    "commenter_name": "Matthew Harper",
                    "commenter_meta": null,
                    "comment_text": "Jack Massalski any idea how long it takes to coordinate a response?",
                    "comment_time": "2022-02-23 17:50:38",
                    "comment_image": "https://scontent.xx.fbcdn.net/m1/v/t6/An_UvxJXg9tdnLU3Y5qjPi0200MLilhzPXUgxzGjQzUMaNcmjdZA6anyrngvkdub33NZzZhd51fpCAEzNHFhko5aKRFP5fS1w_lKwYrzcNLupv27.png?ccb=10-5&oh=00_AT9C82irDy7Sn8cI_UEelmRC1FY5K5jw2pfWXlZ8QaKL1g&oe=62246CF9&_nc_sid=55e238",
                    "comment_reactors": [],
                    "comment_reactions": null,
                    "comment_reaction_count": null
                },
                {
                    "comment_id": "10159577353983904",
                    "comment_url": "https://facebook.com/10159577353983904",
                    "commenter_id": "573915197",
                    "commenter_url": "https://facebook.com/matthew.ladouceur.73?fref=nf&rc=p",
                    "commenter_name": "Matthew Ladouceur",
                    "commenter_meta": null,
                    "comment_text": "Patricia Dingle having %61 of the country show up with guns would have got the job done also but people are better then that\u2026..\n\nSound good?",
                    "comment_time": "2022-02-23 17:50:38",
                    "comment_image": null,
                    "comment_reactors": [],
                    "comment_reactions": null,
                    "comment_reaction_count": null
                },
                {
                    "comment_id": "10159577379298904",
                    "comment_url": "https://facebook.com/10159577379298904",
                    "commenter_id": "100002891938194",
                    "commenter_url": "https://facebook.com/louise.michelle.71?fref=nf&rc=p",
                    "commenter_name": "Louise Michelle",
                    "commenter_meta": null,
                    "comment_text": "Matthew Harper then why does senate vote?",
                    "comment_time": "2022-02-23 17:50:38",
                    "comment_image": null,
                    "comment_reactors": [],
                    "comment_reactions": null,
                    "comment_reaction_count": null
                },
                {
                    "comment_id": "10159577398313904",
                    "comment_url": "https://facebook.com/10159577398313904",
                    "commenter_id": "100008348410491",
                    "commenter_url": "https://facebook.com/profile.php?id=100008348410491&fref=nf&rc=p",
                    "commenter_name": "Glen Edwards",
                    "commenter_meta": null,
                    "comment_text": "Patricia Dingle yes it was done before it became law !!! So why did we need it ?",
                    "comment_time": "2022-02-23 17:50:38",
                    "comment_image": "https://scontent.xx.fbcdn.net/m1/v/t6/An_UvxJXg9tdnLU3Y5qjPi0200MLilhzPXUgxzGjQzUMaNcmjdZA6anyrngvkdub33NZzZhd51fpCAEzNHFhko5aKRFP5fS1w_lKwYrzcNLupv27.png?ccb=10-5&oh=00_AT9C82irDy7Sn8cI_UEelmRC1FY5K5jw2pfWXlZ8QaKL1g&oe=62246CF9&_nc_sid=55e238",
                    "comment_reactors": [],
                    "comment_reactions": null,
                    "comment_reaction_count": null
                },
                {
                    "comment_id": "10159577527668904",
                    "comment_url": "https://facebook.com/10159577527668904",
                    "commenter_id": "100001719760922",
                    "commenter_url": "https://facebook.com/peter.mesi.7?fref=nf&rc=p",
                    "commenter_name": "Peter Mesi",
                    "commenter_meta": null,
                    "comment_text": "Glen Edwards simple it was done to stroke some one ego that is on the wild side !",
                    "comment_time": "2022-02-23 17:50:38",
                    "comment_image": "https://scontent.xx.fbcdn.net/m1/v/t6/An_UvxJXg9tdnLU3Y5qjPi0200MLilhzPXUgxzGjQzUMaNcmjdZA6anyrngvkdub33NZzZhd51fpCAEzNHFhko5aKRFP5fS1w_lKwYrzcNLupv27.png?ccb=10-5&oh=00_AT9C82irDy7Sn8cI_UEelmRC1FY5K5jw2pfWXlZ8QaKL1g&oe=62246CF9&_nc_sid=55e238",
                    "comment_reactors": [],
                    "comment_reactions": null,
                    "comment_reaction_count": null
                },
                {
                    "comment_id": "10159577545018904",
                    "comment_url": "https://facebook.com/10159577545018904",
                    "commenter_id": "100008348410491",
                    "commenter_url": "https://facebook.com/profile.php?id=100008348410491&fref=nf&rc=p",
                    "commenter_name": "Glen Edwards",
                    "commenter_meta": null,
                    "comment_text": "Peter Mesi let\u2019s hope voters in your Prov get there fill of this government soon",
                    "comment_time": "2022-02-23 17:50:38",
                    "comment_image": null,
                    "comment_reactors": [],
                    "comment_reactions": null,
                    "comment_reaction_count": null
                },
                {
                    "comment_id": "10159578188448904",
                    "comment_url": "https://facebook.com/10159578188448904",
                    "commenter_id": "100035519031800",
                    "commenter_url": "https://facebook.com/turk.venturelli.7?fref=nf&rc=p",
                    "commenter_name": "Turk Venturelli",
                    "commenter_meta": null,
                    "comment_text": "Patricia Dingle so normalcy in Ottawa is police trying to arrest business owners for staying open and serving coffee? The cops could have had the trucks towed under parking Violations, and the Superior Court Judge ruled that truckers honking there horn could have been arrested!",
                    "comment_time": "2022-02-23 17:50:38",
                    "comment_image": null,
                    "comment_reactors": [],
                    "comment_reactions": null,
                    "comment_reaction_count": null
                }
            ]
        },
        {
            "comment_id": "10159577429308904",
            "comment_url": "https://facebook.com/10159577429308904",
            "commenter_id": "100023711296993",
            "commenter_url": "https://facebook.com/stan.lescom.9?fref=nf&rc=p&refid=52",
            "commenter_name": "Stan Lescom",
            "commenter_meta": null,
            "comment_text": "With a minority government. He did this. Canada is in trouble people. The UN was brought to Ottawa to deal with protesters. Pat King did a video regarding a meeting, There were police cruzers and three buses. Guess what was in the buses. Hint UN. Just my opinion. Pay attention Citizens..Pay attention",
            "comment_time": "2022-02-23 17:50:33",
            "comment_image": null,
            "comment_reactors": [],
            "comment_reactions": null,
            "comment_reaction_count": null,
            "replies": [
                {
                    "comment_id": "10159577593943904",
                    "comment_url": "https://facebook.com/10159577593943904",
                    "commenter_id": "506564062",
                    "commenter_url": "https://facebook.com/rob.moulton.10?fref=nf&rc=p",
                    "commenter_name": "Rob Moulton",
                    "commenter_meta": null,
                    "comment_text": "Stan Lescom a minority government means that other people had to agree. He could travel done it without support,so its not really his or a minority, but rather several persons and at least 2 parties. That represents about 2/3 of the spectrum. Did you such anything Pat King made before there was a Pandemic? He was the right-wing extremist type everyone was warned about. 2 seconds looking I to it honestly would shoe you that.",
                    "comment_time": "2022-02-23 17:50:38",
                    "comment_image": "https://scontent.xx.fbcdn.net/m1/v/t6/An_F9bJG7govfshSMBkvcRLcxT0jmiXVYKtr7lgH5AHgUrjjpZ1OD0xyxXYgf7arc0lWgCdrR_KN4Mg7RSN3Gm3W6Gg03N1tQ-ZXzVvFJ_KvvB4.png?ccb=10-5&oh=00_AT8ScZKrgCPhmfSgYBZgvnQHv14vvPQpgzOW8DDMFGGodg&oe=62243F67&_nc_sid=55e238",
                    "comment_reactors": [],
                    "comment_reactions": null,
                    "comment_reaction_count": null
                }
            ]
        },
        {
            "comment_id": "10159577156528904",
            "comment_url": "https://facebook.com/10159577156528904",
            "commenter_id": "676875452",
            "commenter_url": "https://facebook.com/todd.keough.7?fref=nf&rc=p&refid=52",
            "commenter_name": "Todd Keough",
            "commenter_meta": null,
            "comment_text": "The CONs and their shills are clearly in full panic mode, and rightfully so. The Emergencies Act will enable the full exposure of the CONs\u2019 (scheer, poilievre, bergen, kenney, cooper, gladu, moe, gallant, patzer, ferreri, rood, genuis, rempel, o\u2019toole, et al) seditious incitement and full support for the failed MAGA-funded redneck coup attempt in Ottawa and the ongoing protests/\nblockades throughout Canada. More importantly, the Emergencies Act will ensure appropriate charges and penalties are laid. Tick tock. \ud83d\ude94\ud83d\ude94\ud83d\ude94\ud83d\udc4d",
            "comment_time": "2022-02-23 17:50:33",
            "comment_image": null,
            "comment_reactors": [],
            "comment_reactions": null,
            "comment_reaction_count": null,
            "replies": []
        },
        {
            "comment_id": "10159577403083904",
            "comment_url": "https://facebook.com/10159577403083904",
            "commenter_id": "100001003345638",
            "commenter_url": "https://facebook.com/larryksa?fref=nf&rc=p&refid=52",
            "commenter_name": "Larry Smyth",
            "commenter_meta": null,
            "comment_text": "And the protest in Canada are so peaceful unlike Europe, Australia, New Zealand, USA city's burning even Indias farmers Turdope praised them. Trudeau is so lucky we don't protest like other countries.",
            "comment_time": "2022-02-23 17:50:33",
            "comment_image": null,
            "comment_reactors": [],
            "comment_reactions": null,
            "comment_reaction_count": null,
            "replies": [
                {
                    "comment_id": "10159577421273904",
                    "comment_url": "https://facebook.com/10159577421273904",
                    "commenter_id": "100002891938194",
                    "commenter_url": "https://facebook.com/louise.michelle.71?fref=nf&rc=p",
                    "commenter_name": "Louise Michelle",
                    "commenter_meta": null,
                    "comment_text": "Larry Smyth so far which is what he wants. We can wait him out.",
                    "comment_time": "2022-02-23 17:50:40",
                    "comment_image": null,
                    "comment_reactors": [],
                    "comment_reactions": null,
                    "comment_reaction_count": null
                }
            ]
        },
        {
            "comment_id": "10159577315928904",
            "comment_url": "https://facebook.com/10159577315928904",
            "commenter_id": "752276958",
            "commenter_url": "https://facebook.com/vin.scott.7?fref=nf&rc=p&refid=52",
            "commenter_name": "Vin Scott",
            "commenter_meta": null,
            "comment_text": "Party over principle with the string of confidence vote attached",
            "comment_time": "2022-02-23 17:50:33",
            "comment_image": null,
            "comment_reactors": [],
            "comment_reactions": null,
            "comment_reaction_count": null,
            "replies": [
                {
                    "comment_id": "10159577386488904",
                    "comment_url": "https://facebook.com/10159577386488904",
                    "commenter_id": "752276958",
                    "commenter_url": "https://facebook.com/vin.scott.7?fref=nf&rc=p",
                    "commenter_name": "Vin Scott",
                    "commenter_meta": null,
                    "comment_text": "And then came FINTRAC....\n1 step closer to China. They were using facial recognition devices in the Ottawa protest, the QR code is a tracking identification code needed to enter establishments.\nAs well as the government admitting to retrieving personal information off of phones. Now you have an all inclusive government authority to shut your bank account down if you disagree with them. Hmmm",
                    "comment_time": "2022-02-23 17:50:40",
                    "comment_image": null,
                    "comment_reactors": [],
                    "comment_reactions": null,
                    "comment_reaction_count": null
                },
                {
                    "comment_id": "10159577419468904",
                    "comment_url": "https://facebook.com/10159577419468904",
                    "commenter_id": "100000662612213",
                    "commenter_url": "https://facebook.com/annamaria.medina.3?fref=nf&rc=p",
                    "commenter_name": "Anna Maria Medina",
                    "commenter_meta": null,
                    "comment_text": "Vin Scott Indeed\n\n\u2665\ufe0f\u2665\ufe0f\u2665\ufe0f\ud83c\udf39\ud83d\ude4c I am very happy to get acquainted with Binance and I hope that we will achieve the goals of all real human beings in the world, which is the same as civilized and free life, and I hope that this path and goal can overcome the problems ahead a little easier and more accurately with digital currencies. In the hope of world peace and health Leonardo Otero I'm greatful",
                    "comment_time": "2022-02-23 17:50:40",
                    "comment_image": null,
                    "comment_reactors": [],
                    "comment_reactions": null,
                    "comment_reaction_count": null
                }
            ]
        },
        {
            "comment_id": "10159577204743904",
            "comment_url": "https://facebook.com/10159577204743904",
            "commenter_id": "648022181",
            "commenter_url": "https://facebook.com/tom.ramanauskas?fref=nf&rc=p&refid=52",
            "commenter_name": "Tom Ramanauskas",
            "commenter_meta": null,
            "comment_text": "Yep, AFTER, it's invoked, fake news Globe and Mail allows a small dissenting opinion!",
            "comment_time": "2022-02-23 17:50:33",
            "comment_image": null,
            "comment_reactors": [],
            "comment_reactions": null,
            "comment_reaction_count": null,
            "replies": [
                {
                    "comment_id": "10159577288058904",
                    "comment_url": "https://facebook.com/10159577288058904",
                    "commenter_id": "707852743",
                    "commenter_url": "https://facebook.com/bob.vincent.5249?fref=nf&rc=p",
                    "commenter_name": "Bob Vincent",
                    "commenter_meta": null,
                    "comment_text": "Tom Ramanauskas I'm always curious to know where people who refer to mainstream media as \"fake news\"actually get their news. Would you please oblige me?",
                    "comment_time": "2022-02-23 17:50:41",
                    "comment_image": "https://scontent.xx.fbcdn.net/m1/v/t6/An_UvxJXg9tdnLU3Y5qjPi0200MLilhzPXUgxzGjQzUMaNcmjdZA6anyrngvkdub33NZzZhd51fpCAEzNHFhko5aKRFP5fS1w_lKwYrzcNLupv27.png?ccb=10-5&oh=00_AT9C82irDy7Sn8cI_UEelmRC1FY5K5jw2pfWXlZ8QaKL1g&oe=62246CF9&_nc_sid=55e238",
                    "comment_reactors": [],
                    "comment_reactions": null,
                    "comment_reaction_count": null
                },
                {
                    "comment_id": "10159577380673904",
                    "comment_url": "https://facebook.com/10159577380673904",
                    "commenter_id": "100002891938194",
                    "commenter_url": "https://facebook.com/louise.michelle.71?fref=nf&rc=p",
                    "commenter_name": "Louise Michelle",
                    "commenter_meta": null,
                    "comment_text": "Bob Vincent from action video of events as they unfold.",
                    "comment_time": "2022-02-23 17:50:41",
                    "comment_image": "https://scontent.xx.fbcdn.net/m1/v/t6/An_UvxJXg9tdnLU3Y5qjPi0200MLilhzPXUgxzGjQzUMaNcmjdZA6anyrngvkdub33NZzZhd51fpCAEzNHFhko5aKRFP5fS1w_lKwYrzcNLupv27.png?ccb=10-5&oh=00_AT9C82irDy7Sn8cI_UEelmRC1FY5K5jw2pfWXlZ8QaKL1g&oe=62246CF9&_nc_sid=55e238",
                    "comment_reactors": [],
                    "comment_reactions": null,
                    "comment_reaction_count": null
                },
                {
                    "comment_id": "10159577769653904",
                    "comment_url": "https://facebook.com/10159577769653904",
                    "commenter_id": "648022181",
                    "commenter_url": "https://facebook.com/tom.ramanauskas?fref=nf&rc=p",
                    "commenter_name": "Tom Ramanauskas",
                    "commenter_meta": null,
                    "comment_text": "Bob Vincent Hi Bob, there have been a good number of livestream videos from YouTube and Rumble that had come out of Ottawa that gave first hand information as to what was actually taking place. One also does not need to be a member of any judiciary to see that the \"Emergency Act\" is now a totally unnecessary gov't overreach as all blockades are removed. We are now headlong into totalitarianism\n.",
                    "comment_time": "2022-02-23 17:50:41",
                    "comment_image": "https://scontent.xx.fbcdn.net/m1/v/t6/An_UvxJXg9tdnLU3Y5qjPi0200MLilhzPXUgxzGjQzUMaNcmjdZA6anyrngvkdub33NZzZhd51fpCAEzNHFhko5aKRFP5fS1w_lKwYrzcNLupv27.png?ccb=10-5&oh=00_AT9C82irDy7Sn8cI_UEelmRC1FY5K5jw2pfWXlZ8QaKL1g&oe=62246CF9&_nc_sid=55e238",
                    "comment_reactors": [],
                    "comment_reactions": null,
                    "comment_reaction_count": null
                }
            ]
        },
        {
            "comment_id": "10159577212463904",
            "comment_url": "https://facebook.com/10159577212463904",
            "commenter_id": "100014605660180",
            "commenter_url": "https://facebook.com/profile.php?id=100014605660180&fref=nf&rc=p&refid=52",
            "commenter_name": "Steven Ma Goo",
            "commenter_meta": null,
            "comment_text": "CONS TRYING TO OVERTHROW OUR GOVERNMENT IS GOOD ENOUGH REASON FOR MANY OF US.",
            "comment_time": "2022-02-23 17:50:33",
            "comment_image": null,
            "comment_reactors": [],
            "comment_reactions": null,
            "comment_reaction_count": null,
            "replies": [
                {
                    "comment_id": "10159577380033904",
                    "comment_url": "https://facebook.com/10159577380033904",
                    "commenter_id": "100002891938194",
                    "commenter_url": "https://facebook.com/louise.michelle.71?fref=nf&rc=p",
                    "commenter_name": "Louise Michelle",
                    "commenter_meta": null,
                    "comment_text": "Steven Ma Goo overthrow with a no confidence vote?",
                    "comment_time": "2022-02-23 17:50:41",
                    "comment_image": null,
                    "comment_reactors": [],
                    "comment_reactions": null,
                    "comment_reaction_count": null
                },
                {
                    "comment_id": "10159577399098904",
                    "comment_url": "https://facebook.com/10159577399098904",
                    "commenter_id": "100008348410491",
                    "commenter_url": "https://facebook.com/profile.php?id=100008348410491&fref=nf&rc=p",
                    "commenter_name": "Glen Edwards",
                    "commenter_meta": null,
                    "comment_text": "Steven Ma Goo lol you really are out of touch !!! Bouncy castles , block party is that a threat to your ego as well ?",
                    "comment_time": "2022-02-23 17:50:41",
                    "comment_image": "https://scontent.xx.fbcdn.net/m1/v/t6/An_UvxJXg9tdnLU3Y5qjPi0200MLilhzPXUgxzGjQzUMaNcmjdZA6anyrngvkdub33NZzZhd51fpCAEzNHFhko5aKRFP5fS1w_lKwYrzcNLupv27.png?ccb=10-5&oh=00_AT9C82irDy7Sn8cI_UEelmRC1FY5K5jw2pfWXlZ8QaKL1g&oe=62246CF9&_nc_sid=55e238",
                    "comment_reactors": [],
                    "comment_reactions": null,
                    "comment_reaction_count": null
                },
                {
                    "comment_id": "10159577408273904",
                    "comment_url": "https://facebook.com/10159577408273904",
                    "commenter_id": "100002891938194",
                    "commenter_url": "https://facebook.com/louise.michelle.71?fref=nf&rc=p",
                    "commenter_name": "Louise Michelle",
                    "commenter_meta": null,
                    "comment_text": "Glen Edwards Steven mad goo has been a Trudeau apologist since 2015. Possibly a paid staff now.",
                    "comment_time": "2022-02-23 17:50:41",
                    "comment_image": "https://scontent.xx.fbcdn.net/m1/v/t6/An_UvxJXg9tdnLU3Y5qjPi0200MLilhzPXUgxzGjQzUMaNcmjdZA6anyrngvkdub33NZzZhd51fpCAEzNHFhko5aKRFP5fS1w_lKwYrzcNLupv27.png?ccb=10-5&oh=00_AT9C82irDy7Sn8cI_UEelmRC1FY5K5jw2pfWXlZ8QaKL1g&oe=62246CF9&_nc_sid=55e238",
                    "comment_reactors": [],
                    "comment_reactions": null,
                    "comment_reaction_count": null
                },
                {
                    "comment_id": "10159577409833904",
                    "comment_url": "https://facebook.com/10159577409833904",
                    "commenter_id": "100008348410491",
                    "commenter_url": "https://facebook.com/profile.php?id=100008348410491&fref=nf&rc=p",
                    "commenter_name": "Glen Edwards",
                    "commenter_meta": null,
                    "comment_text": "Louise Michelle makes sense !!!",
                    "comment_time": "2022-02-23 17:50:41",
                    "comment_image": null,
                    "comment_reactors": [],
                    "comment_reactions": null,
                    "comment_reaction_count": null
                },
                {
                    "comment_id": "10159577528828904",
                    "comment_url": "https://facebook.com/10159577528828904",
                    "commenter_id": "100001719760922",
                    "commenter_url": "https://facebook.com/peter.mesi.7?fref=nf&rc=p",
                    "commenter_name": "Peter Mesi",
                    "commenter_meta": null,
                    "comment_text": "Steven Ma Goo where hav eyou been for the last two years ?",
                    "comment_time": "2022-02-23 17:50:41",
                    "comment_image": null,
                    "comment_reactors": [],
                    "comment_reactions": null,
                    "comment_reaction_count": null
                },
                {
                    "comment_id": "10159577533218904",
                    "comment_url": "https://facebook.com/10159577533218904",
                    "commenter_id": "100005375288290",
                    "commenter_url": "https://facebook.com/jeanpierre.mercier.3323?fref=nf&rc=p",
                    "commenter_name": "Jean-Pierre Mercier",
                    "commenter_meta": null,
                    "comment_text": "black face and his minions are worthy of being overthrown.",
                    "comment_time": "2022-02-23 17:50:41",
                    "comment_image": null,
                    "comment_reactors": [],
                    "comment_reactions": null,
                    "comment_reaction_count": null
                },
                {
                    "comment_id": "10159577554513904",
                    "comment_url": "https://facebook.com/10159577554513904",
                    "commenter_id": "100001719760922",
                    "commenter_url": "https://facebook.com/peter.mesi.7?fref=nf&rc=p",
                    "commenter_name": "Peter Mesi",
                    "commenter_meta": null,
                    "comment_text": "Louise Michelle that was the vote last night by suprize . a nay vote needed 18 more for the win .many of the yay voters looked lost on the video confirmation of the vote due to tech issues .",
                    "comment_time": "2022-02-23 17:50:41",
                    "comment_image": null,
                    "comment_reactors": [],
                    "comment_reactions": null,
                    "comment_reaction_count": null
                },
                {
                    "comment_id": "10159578237223904",
                    "comment_url": "https://facebook.com/10159578237223904",
                    "commenter_id": "100000473112836",
                    "commenter_url": "https://facebook.com/marinella.gonzalez?fref=nf&rc=p",
                    "commenter_name": "Marinella Gonzalez",
                    "commenter_meta": null,
                    "comment_text": "Steven Ma Goo you still enjoying being isolated, good for you. Most of us are tired of these strong hold mandates",
                    "comment_time": "2022-02-23 17:50:41",
                    "comment_image": null,
                    "comment_reactors": [],
                    "comment_reactions": null,
                    "comment_reaction_count": null
                },
                {
                    "comment_id": "10159579701758904",
                    "comment_url": "https://facebook.com/10159579701758904",
                    "commenter_id": "714839387",
                    "commenter_url": "https://facebook.com/aubrey.clay.39?fref=nf&rc=p",
                    "commenter_name": "Aubrey Clay",
                    "commenter_meta": null,
                    "comment_text": "Steven Ma Goo lol did you buy one of my home labottomy kits,it was a novelty item, not to actualy use",
                    "comment_time": "2022-02-24 00:00:00",
                    "comment_image": null,
                    "comment_reactors": [],
                    "comment_reactions": null,
                    "comment_reaction_count": null
                }
            ]
        },
        {
            "comment_id": "10159577132998904",
            "comment_url": "https://facebook.com/10159577132998904",
            "commenter_id": "550510083",
            "commenter_url": "https://facebook.com/cdnfamilyguy?fref=nf&rc=p&refid=52",
            "commenter_name": "Corey Robert",
            "commenter_meta": null,
            "comment_text": "I suppose we will all see after the mandatory inquiry it triggered is released. Until then, I am not sure you have all the \"intelligence\" to make that determination.",
            "comment_time": "2022-02-23 17:50:33",
            "comment_image": null,
            "comment_reactors": [],
            "comment_reactions": null,
            "comment_reaction_count": null,
            "replies": []
        },
        {
            "comment_id": "10159577506988904",
            "comment_url": "https://facebook.com/10159577506988904",
            "commenter_id": "525761347",
            "commenter_url": "https://facebook.com/pspearma?fref=nf&rc=p&refid=52",
            "commenter_name": "Peter Spearman",
            "commenter_meta": null,
            "comment_text": "So you were thinking this occupation should have lasted several weeks longer? Using the EA was the right thing to do",
            "comment_time": "2022-02-23 17:50:33",
            "comment_image": null,
            "comment_reactors": [],
            "comment_reactions": null,
            "comment_reaction_count": null,
            "replies": []
        },
        {
            "comment_id": "10159577204813904",
            "comment_url": "https://facebook.com/10159577204813904",
            "commenter_id": "100000116090771",
            "commenter_url": "https://facebook.com/bob.sobie?fref=nf&rc=p&refid=52",
            "commenter_name": "Bob Sobie",
            "commenter_meta": null,
            "comment_text": "If the occupiers left when asked none of this would have happened.",
            "comment_time": "2022-02-23 17:50:33",
            "comment_image": null,
            "comment_reactors": [],
            "comment_reactions": null,
            "comment_reaction_count": null,
            "replies": [
                {
                    "comment_id": "10159577383018904",
                    "comment_url": "https://facebook.com/10159577383018904",
                    "commenter_id": "100002891938194",
                    "commenter_url": "https://facebook.com/louise.michelle.71?fref=nf&rc=p",
                    "commenter_name": "Louise Michelle",
                    "commenter_meta": null,
                    "comment_text": "Bob Sobie if Trudeau kept his hateful mouth shut we would not have had a convoy.",
                    "comment_time": "2022-02-23 17:50:43",
                    "comment_image": "https://scontent.xx.fbcdn.net/m1/v/t6/An_UvxJXg9tdnLU3Y5qjPi0200MLilhzPXUgxzGjQzUMaNcmjdZA6anyrngvkdub33NZzZhd51fpCAEzNHFhko5aKRFP5fS1w_lKwYrzcNLupv27.png?ccb=10-5&oh=00_AT9C82irDy7Sn8cI_UEelmRC1FY5K5jw2pfWXlZ8QaKL1g&oe=62246CF9&_nc_sid=55e238",
                    "comment_reactors": [],
                    "comment_reactions": null,
                    "comment_reaction_count": null
                }
            ]
        },
        {
            "comment_id": "10159577396538904",
            "comment_url": "https://facebook.com/10159577396538904",
            "commenter_id": "100008348410491",
            "commenter_url": "https://facebook.com/profile.php?id=100008348410491&fref=nf&rc=p&refid=52",
            "commenter_name": "Glen Edwards",
            "commenter_meta": null,
            "comment_text": "If you think this act was implemented only because of the truckers you haven\u2019t paid any attention to this government !!!",
            "comment_time": "2022-02-23 17:50:33",
            "comment_image": null,
            "comment_reactors": [],
            "comment_reactions": null,
            "comment_reaction_count": null,
            "replies": []
        },
        {
            "comment_id": "10159577441833904",
            "comment_url": "https://facebook.com/10159577441833904",
            "commenter_id": "550636079",
            "commenter_url": "https://facebook.com/donnaleeblair?fref=nf&rc=p&refid=52",
            "commenter_name": "Donna Blair",
            "commenter_meta": null,
            "comment_text": "Well I didn't see you out there breaking up the mess in Ottawa. Me - do whatever it takes to send those guys and gals home and out of Ottawa.",
            "comment_time": "2022-02-23 17:50:33",
            "comment_image": null,
            "comment_reactors": [],
            "comment_reactions": null,
            "comment_reaction_count": null,
            "replies": []
        },
        {
            "comment_id": "10159579036668904",
            "comment_url": "https://facebook.com/10159579036668904",
            "commenter_id": "1581496579",
            "commenter_url": "https://facebook.com/Petmule?fref=nf&rc=p&refid=52",
            "commenter_name": "Peter Muller",
            "commenter_meta": null,
            "comment_text": "Really? The Economy came close to collapsing that is all you need to know.",
            "comment_time": "2022-02-23 00:00:00",
            "comment_image": null,
            "comment_reactors": [],
            "comment_reactions": null,
            "comment_reaction_count": null,
            "replies": []
        }
    ],
    "reactors": null,
    "w3_fb_url": null,
    "reactions": null,
    "reaction_count": null,
    "with": null,
    "page_id": "140961138903",
    "sharers": null,
    "image_id": null,
    "image_ids": [],
    "was_live": false
}