{
    "original_request_url": "10159578952783904",
    "post_url": "https://facebook.com/story.php?story_fbid=10159578952783904&id=140961138903",
    "post_id": "10159578952783904",
    "text": "Lawrence Martin: While Canada has zealots and extremists, there are notable differences between the situation here and south of the border\n\nTHEGLOBEANDMAIL.COM\nIs polarization in Canada comparable to the U.S.? Not even close",
    "post_text": "Lawrence Martin: While Canada has zealots and extremists, there are notable differences between the situation here and south of the border",
    "shared_text": "THEGLOBEANDMAIL.COM\nIs polarization in Canada comparable to the U.S.? Not even close",
    "original_text": null,
    "time": "2022-02-23 21:04:00",
    "timestamp": 1645650240,
    "image": "https://www.theglobeandmail.com/resizer/AGmuLEYmbO3CdleH2uha91WuwLA=/1200x756/filters:quality(80)/cloudfront-us-east-1.images.arcpublishing.com/tgam/YBDLORRVCFD53GHS7DU7OLJRNQ.JPG",
    "image_lowquality": "https://external-sea1-1.xx.fbcdn.net/safe_image.php?d=AQGtvoJAuetko1-i&w=476&h=249&url=https%3A%2F%2Fwww.theglobeandmail.com%2Fresizer%2FAGmuLEYmbO3CdleH2uha91WuwLA%3D%2F1200x756%2Ffilters%3Aquality%2880%29%2Fcloudfront-us-east-1.images.arcpublishing.com%2Ftgam%2FYBDLORRVCFD53GHS7DU7OLJRNQ.JPG&cfs=1&jq=75&ext=jpg&_nc_oe=6fab4&_nc_sid=06c271&ccb=3-5&_nc_hash=AQFlx5yUWDlU_Ve0",
    "images": [
        "https://www.theglobeandmail.com/resizer/AGmuLEYmbO3CdleH2uha91WuwLA=/1200x756/filters:quality(80)/cloudfront-us-east-1.images.arcpublishing.com/tgam/YBDLORRVCFD53GHS7DU7OLJRNQ.JPG"
    ],
    "images_description": [],
    "images_lowquality": [
        "https://external-sea1-1.xx.fbcdn.net/safe_image.php?d=AQGtvoJAuetko1-i&w=476&h=249&url=https%3A%2F%2Fwww.theglobeandmail.com%2Fresizer%2FAGmuLEYmbO3CdleH2uha91WuwLA%3D%2F1200x756%2Ffilters%3Aquality%2880%29%2Fcloudfront-us-east-1.images.arcpublishing.com%2Ftgam%2FYBDLORRVCFD53GHS7DU7OLJRNQ.JPG&cfs=1&jq=75&ext=jpg&_nc_oe=6fab4&_nc_sid=06c271&ccb=3-5&_nc_hash=AQFlx5yUWDlU_Ve0"
    ],
    "images_lowquality_description": [
        null
    ],
    "video": null,
    "video_duration_seconds": null,
    "video_height": null,
    "video_id": null,
    "video_quality": null,
    "video_size_MB": null,
    "video_thumbnail": null,
    "video_watches": null,
    "video_width": null,
    "likes": 20,
    "comments": 7,
    "shares": 1,
    "link": "http://www.theglobeandmail.com/opinion/article-is-polarization-in-canada-comparable-to-the-us-not-even-close/?utm_campaign=sophi-pop&utm_medium=post&utm_source=facebook&fbclid=IwAR2xN8Lett_dKsewP85R9j5o1xTBo2_zh62sn50D3gY5hlf66EFDnRJRQfM",
    "links": [],
    "user_id": "140961138903",
    "username": "The Globe and Mail",
    "user_url": "https://facebook.com/theglobeandmail/?refid=52",
    "is_live": false,
    "factcheck": null,
    "shared_post_id": null,
    "shared_time": null,
    "shared_user_id": null,
    "shared_username": null,
    "shared_post_url": null,
    "available": true,
    "comments_full": [
        {
            "comment_id": "10159578978373904",
            "comment_url": "https://facebook.com/10159578978373904",
            "commenter_id": "100004002446124",
            "commenter_url": "https://facebook.com/jeff.akauffeldt?fref=nf&rc=p&refid=52",
            "commenter_name": "Jeff A Kauffeldt",
            "commenter_meta": null,
            "comment_text": "I disagree, I think it's a mirror image right down to the rhetoric. Just fill in the blanks with Conservitive/\nLiberal instead of Republican/\nDemocrat. It's dangerous to our sovereignty when Canadian Conservatives have more in common with their American counterparts then with the rest of the country.",
            "comment_time": "2022-02-23 00:00:00",
            "comment_image": null,
            "comment_reactors": [],
            "comment_reactions": null,
            "comment_reaction_count": null,
            "replies": [
                {
                    "comment_id": "10159579008383904",
                    "comment_url": "https://facebook.com/10159579008383904",
                    "commenter_id": "100010179401283",
                    "commenter_url": "https://facebook.com/lisa.lyndon.54?fref=nf&rc=p",
                    "commenter_name": "Lisa Lyndon",
                    "commenter_meta": null,
                    "comment_text": "Jeff A Kauffeldt -because my Mom worked for the Progressive Conservative Party of Canada- Robert Stanfield, Joe Clark, Bill Davis - I hope the quality returns.",
                    "comment_time": "2022-02-23 00:00:00",
                    "comment_image": "https://scontent.xx.fbcdn.net/m1/v/t6/An_UvxJXg9tdnLU3Y5qjPi0200MLilhzPXUgxzGjQzUMaNcmjdZA6anyrngvkdub33NZzZhd51fpCAEzNHFhko5aKRFP5fS1w_lKwYrzcNLupv27.png?ccb=10-5&oh=00_AT9C82irDy7Sn8cI_UEelmRC1FY5K5jw2pfWXlZ8QaKL1g&oe=62246CF9&_nc_sid=55e238",
                    "comment_reactors": [],
                    "comment_reactions": null,
                    "comment_reaction_count": null
                },
                {
                    "comment_id": "10159579014768904",
                    "comment_url": "https://facebook.com/10159579014768904",
                    "commenter_id": "100010139536870",
                    "commenter_url": "https://facebook.com/KDRichardson1959?fref=nf&rc=p",
                    "commenter_name": "Jane Karen Sims",
                    "commenter_meta": "Top fan",
                    "comment_text": "Lisa Lyndon If the west decides to vote the Reformacons out of office, we might see a return to saner times. until then...",
                    "comment_time": "2022-02-23 00:00:00",
                    "comment_image": "https://static.xx.fbcdn.net/rsrc.php/v3/y7/r/4bRBCBmu1Q9.png",
                    "comment_reactors": [],
                    "comment_reactions": null,
                    "comment_reaction_count": null
                },
                {
                    "comment_id": "10159579018888904",
                    "comment_url": "https://facebook.com/10159579018888904",
                    "commenter_id": "536947196",
                    "commenter_url": "https://facebook.com/brenda.lang.94?fref=nf&rc=p",
                    "commenter_name": "Brenda Lang",
                    "commenter_meta": null,
                    "comment_text": "Lisa Lyndon They were the Progressive Conservatives. This party dropped the \"Progressive\" and seem to be going in the other direction. I hope red toryism or progressive conservatism returns, too.",
                    "comment_time": "2022-02-23 00:00:00",
                    "comment_image": "https://scontent.xx.fbcdn.net/m1/v/t6/An_UvxJXg9tdnLU3Y5qjPi0200MLilhzPXUgxzGjQzUMaNcmjdZA6anyrngvkdub33NZzZhd51fpCAEzNHFhko5aKRFP5fS1w_lKwYrzcNLupv27.png?ccb=10-5&oh=00_AT9C82irDy7Sn8cI_UEelmRC1FY5K5jw2pfWXlZ8QaKL1g&oe=62246CF9&_nc_sid=55e238",
                    "comment_reactors": [],
                    "comment_reactions": null,
                    "comment_reaction_count": null
                },
                {
                    "comment_id": "10159579148523904",
                    "comment_url": "https://facebook.com/10159579148523904",
                    "commenter_id": "584846646",
                    "commenter_url": "https://facebook.com/jim.kavanagh.940?fref=nf&rc=p",
                    "commenter_name": "Jim Kavanagh",
                    "commenter_meta": null,
                    "comment_text": "Who is guilty of spewing the most rhetoric in the last few years?",
                    "comment_time": "2022-02-23 00:00:00",
                    "comment_image": null,
                    "comment_reactors": [],
                    "comment_reactions": null,
                    "comment_reaction_count": null
                },
                {
                    "comment_id": "10159579160263904",
                    "comment_url": "https://facebook.com/10159579160263904",
                    "commenter_id": "100004002446124",
                    "commenter_url": "https://facebook.com/jeff.akauffeldt?fref=nf&rc=p",
                    "commenter_name": "Jeff A Kauffeldt",
                    "commenter_meta": null,
                    "comment_text": "Jim Kavanagh, both equally but the left most notably since they control the corporate media industry. The late night comedy show industry is almost entirely based on mocking Conservatives. Theu simply have the greater reach.",
                    "comment_time": "2022-02-23 00:00:00",
                    "comment_image": "https://scontent.xx.fbcdn.net/m1/v/t6/An_UvxJXg9tdnLU3Y5qjPi0200MLilhzPXUgxzGjQzUMaNcmjdZA6anyrngvkdub33NZzZhd51fpCAEzNHFhko5aKRFP5fS1w_lKwYrzcNLupv27.png?ccb=10-5&oh=00_AT9C82irDy7Sn8cI_UEelmRC1FY5K5jw2pfWXlZ8QaKL1g&oe=62246CF9&_nc_sid=55e238",
                    "comment_reactors": [],
                    "comment_reactions": null,
                    "comment_reaction_count": null
                },
                {
                    "comment_id": "10159579189008904",
                    "comment_url": "https://facebook.com/10159579189008904",
                    "commenter_id": "584846646",
                    "commenter_url": "https://facebook.com/jim.kavanagh.940?fref=nf&rc=p",
                    "commenter_name": "Jim Kavanagh",
                    "commenter_meta": null,
                    "comment_text": "My bad, I miss read your post",
                    "comment_time": "2022-02-23 00:00:00",
                    "comment_image": null,
                    "comment_reactors": [],
                    "comment_reactions": null,
                    "comment_reaction_count": null
                }
            ]
        },
        {
            "comment_id": "10159579044658904",
            "comment_url": "https://facebook.com/10159579044658904",
            "commenter_id": "636785401",
            "commenter_url": "https://facebook.com/clara.vanderweerd?fref=nf&rc=p&refid=52",
            "commenter_name": "Clara Chol",
            "commenter_meta": null,
            "comment_text": "Listen to the noise, listen to the rhetoric. Listen to how trudeau talks, listen to how the media portrayed the protest. Canada is becoming increasingly divided.",
            "comment_time": "2022-02-23 00:00:00",
            "comment_image": null,
            "comment_reactors": [],
            "comment_reactions": null,
            "comment_reaction_count": null,
            "replies": []
        },
        {
            "comment_id": "10159579016533904",
            "comment_url": "https://facebook.com/10159579016533904",
            "commenter_id": "100014605660180",
            "commenter_url": "https://facebook.com/profile.php?id=100014605660180&fref=nf&rc=p&refid=52",
            "commenter_name": "Steven Ma Goo",
            "commenter_meta": null,
            "comment_text": "We have the interim leader of the CONs wearing a MAGA hat.",
            "comment_time": "2022-02-23 00:00:00",
            "comment_image": null,
            "comment_reactors": [],
            "comment_reactions": null,
            "comment_reaction_count": null,
            "replies": [
                {
                    "comment_id": "10159579052198904",
                    "comment_url": "https://facebook.com/10159579052198904",
                    "commenter_id": "629721510",
                    "commenter_url": "https://facebook.com/walt.jakeway?fref=nf&rc=p",
                    "commenter_name": "Walt Jakeway",
                    "commenter_meta": null,
                    "comment_text": "Steven Ma Goo - Great !!!",
                    "comment_time": "2022-02-23 00:00:00",
                    "comment_image": null,
                    "comment_reactors": [],
                    "comment_reactions": null,
                    "comment_reaction_count": null
                },
                {
                    "comment_id": "10159579054698904",
                    "comment_url": "https://facebook.com/10159579054698904",
                    "commenter_id": "100014605660180",
                    "commenter_url": "https://facebook.com/profile.php?id=100014605660180&fref=nf&rc=p",
                    "commenter_name": "Steven Ma Goo",
                    "commenter_meta": null,
                    "comment_text": "Walt Jakeway fascist loving people everywhere agree but NOT the majority of Canadians.",
                    "comment_time": "2022-02-23 00:00:00",
                    "comment_image": "https://scontent.xx.fbcdn.net/m1/v/t6/An_F9bJG7govfshSMBkvcRLcxT0jmiXVYKtr7lgH5AHgUrjjpZ1OD0xyxXYgf7arc0lWgCdrR_KN4Mg7RSN3Gm3W6Gg03N1tQ-ZXzVvFJ_KvvB4.png?ccb=10-5&oh=00_AT8ScZKrgCPhmfSgYBZgvnQHv14vvPQpgzOW8DDMFGGodg&oe=62243F67&_nc_sid=55e238",
                    "comment_reactors": [],
                    "comment_reactions": null,
                    "comment_reaction_count": null
                },
                {
                    "comment_id": "10159579059343904",
                    "comment_url": "https://facebook.com/10159579059343904",
                    "commenter_id": "629721510",
                    "commenter_url": "https://facebook.com/walt.jakeway?fref=nf&rc=p",
                    "commenter_name": "Walt Jakeway",
                    "commenter_meta": null,
                    "comment_text": "Steven Ma Goo - so what.",
                    "comment_time": "2022-02-23 00:00:00",
                    "comment_image": "https://scontent.xx.fbcdn.net/m1/v/t6/An_UvxJXg9tdnLU3Y5qjPi0200MLilhzPXUgxzGjQzUMaNcmjdZA6anyrngvkdub33NZzZhd51fpCAEzNHFhko5aKRFP5fS1w_lKwYrzcNLupv27.png?ccb=10-5&oh=00_AT9C82irDy7Sn8cI_UEelmRC1FY5K5jw2pfWXlZ8QaKL1g&oe=62246CF9&_nc_sid=55e238",
                    "comment_reactors": [],
                    "comment_reactions": null,
                    "comment_reaction_count": null
                }
            ]
        },
        {
            "comment_id": "10159578978048904",
            "comment_url": "https://facebook.com/10159578978048904",
            "commenter_id": "537438865",
            "commenter_url": "https://facebook.com/kruetters?fref=nf&rc=p&refid=52",
            "commenter_name": "Kurt Ruetters",
            "commenter_meta": null,
            "comment_text": "The catalyst and thinking is the same even if it's not as extreme. Yet.",
            "comment_time": "2022-02-23 00:00:00",
            "comment_image": null,
            "comment_reactors": [],
            "comment_reactions": null,
            "comment_reaction_count": null,
            "replies": []
        },
        {
            "comment_id": "10159579004608904",
            "comment_url": "https://facebook.com/10159579004608904",
            "commenter_id": "100010139536870",
            "commenter_url": "https://facebook.com/KDRichardson1959?fref=nf&rc=p&refid=52",
            "commenter_name": "Jane Karen Sims",
            "commenter_meta": "Top fan",
            "comment_text": "Thankfully, Canadians are still Canadians. The majority of Canadians stood against these domestic terrorists. And our police force knew how to safely and peacefully dismantle these protests without violence.",
            "comment_time": "2022-02-23 00:00:00",
            "comment_image": null,
            "comment_reactors": [],
            "comment_reactions": null,
            "comment_reaction_count": null,
            "replies": [
                {
                    "comment_id": "10159579012973904",
                    "comment_url": "https://facebook.com/10159579012973904",
                    "commenter_id": "639694511",
                    "commenter_url": "https://facebook.com/derek.mitchell.378?fref=nf&rc=p",
                    "commenter_name": "Derek Mitchell",
                    "commenter_meta": null,
                    "comment_text": "We had domestic terrorists !!! I had no idea , how many did they kill and kidnap ??? Or do these \"terrorists\" just park vehicles \ud83d\ude02\nGo to a country with actual terrorists that cut off people's heads , defile dead bodies and kidnap people , and then you'll know what an actual terrorist is Karen",
                    "comment_time": "2022-02-23 00:00:00",
                    "comment_image": "https://scontent.xx.fbcdn.net/m1/v/t6/An_UvxJXg9tdnLU3Y5qjPi0200MLilhzPXUgxzGjQzUMaNcmjdZA6anyrngvkdub33NZzZhd51fpCAEzNHFhko5aKRFP5fS1w_lKwYrzcNLupv27.png?ccb=10-5&oh=00_AT9C82irDy7Sn8cI_UEelmRC1FY5K5jw2pfWXlZ8QaKL1g&oe=62246CF9&_nc_sid=55e238",
                    "comment_reactors": [],
                    "comment_reactions": null,
                    "comment_reaction_count": null
                },
                {
                    "comment_id": "10159579022188904",
                    "comment_url": "https://facebook.com/10159579022188904",
                    "commenter_id": "100010067385198",
                    "commenter_url": "https://facebook.com/profile.php?id=100010067385198&fref=nf&rc=p",
                    "commenter_name": "Kristen Thomlinson",
                    "commenter_meta": "Top fan",
                    "comment_text": "Derek Mitchell The only \"Karen's\" are the ones illegally squatting in Canadian cities tossing a gigantic hissy fit because they didn't like the result of the last election. It was breathtaking arrogance to believe you could illegally occupy a city and terrorize the residents without consequence. Tell your friends to grow up man-up and stop whining.",
                    "comment_time": "2022-02-23 00:00:00",
                    "comment_image": "https://static.xx.fbcdn.net/rsrc.php/v3/y7/r/4bRBCBmu1Q9.png",
                    "comment_reactors": [],
                    "comment_reactions": null,
                    "comment_reaction_count": null
                },
                {
                    "comment_id": "10159579025863904",
                    "comment_url": "https://facebook.com/10159579025863904",
                    "commenter_id": "639694511",
                    "commenter_url": "https://facebook.com/derek.mitchell.378?fref=nf&rc=p",
                    "commenter_name": "Derek Mitchell",
                    "commenter_meta": null,
                    "comment_text": "Ok so are they whiners or terrorists , because I feel those words may not be similar \ud83d\ude02",
                    "comment_time": "2022-02-23 00:00:00",
                    "comment_image": "https://scontent.xx.fbcdn.net/m1/v/t6/An_F9bJG7govfshSMBkvcRLcxT0jmiXVYKtr7lgH5AHgUrjjpZ1OD0xyxXYgf7arc0lWgCdrR_KN4Mg7RSN3Gm3W6Gg03N1tQ-ZXzVvFJ_KvvB4.png?ccb=10-5&oh=00_AT8ScZKrgCPhmfSgYBZgvnQHv14vvPQpgzOW8DDMFGGodg&oe=62243F67&_nc_sid=55e238",
                    "comment_reactors": [],
                    "comment_reactions": null,
                    "comment_reaction_count": null
                },
                {
                    "comment_id": "10159579029243904",
                    "comment_url": "https://facebook.com/10159579029243904",
                    "commenter_id": "536947196",
                    "commenter_url": "https://facebook.com/brenda.lang.94?fref=nf&rc=p",
                    "commenter_name": "Brenda Lang",
                    "commenter_meta": null,
                    "comment_text": "Derek Mitchell There is no question that some - not all- of the convoy members terrorized Ottawa for three weeks: non-stop airhorn honking in residential areas, threatening and marauding in the shopping mall to such a degree that it was closed for three weeks, ripping masks off the faces of Ottawa citizens and calling them traitors for wearing a mask, running diesel engines non-stop in residential areas thus polluting the air of residents, setting a fire in an apartment building whose doors had been blocked to prevent exit, throwing racial epithets at innocent citizens, blaring music at all hours so sleep was impossible, etc, etc. This is terrorism, and, if allowed to flourish, could metastasize into something even worse. I do not believe that Canadians wish to see this in their own community, nor anywhere else in Canada.",
                    "comment_time": "2022-02-23 00:00:00",
                    "comment_image": "https://scontent.xx.fbcdn.net/m1/v/t6/An_UvxJXg9tdnLU3Y5qjPi0200MLilhzPXUgxzGjQzUMaNcmjdZA6anyrngvkdub33NZzZhd51fpCAEzNHFhko5aKRFP5fS1w_lKwYrzcNLupv27.png?ccb=10-5&oh=00_AT9C82irDy7Sn8cI_UEelmRC1FY5K5jw2pfWXlZ8QaKL1g&oe=62246CF9&_nc_sid=55e238",
                    "comment_reactors": [],
                    "comment_reactions": null,
                    "comment_reaction_count": null
                },
                {
                    "comment_id": "10159579048778904",
                    "comment_url": "https://facebook.com/10159579048778904",
                    "commenter_id": "100002643487297",
                    "commenter_url": "https://facebook.com/ana.singh.18?fref=nf&rc=p",
                    "commenter_name": "Ana Singh",
                    "commenter_meta": null,
                    "comment_text": "Oh you coddled little cupcake. I'm from India and you have no clue what domestic terrorists are. The real problem that is developing in this country, is lemmings like you that follow the government narrative no matter how ridiculous and repeat everything they say like brainless wind-up parrots.",
                    "comment_time": "2022-02-23 00:00:00",
                    "comment_image": "https://scontent.xx.fbcdn.net/m1/v/t6/An_UvxJXg9tdnLU3Y5qjPi0200MLilhzPXUgxzGjQzUMaNcmjdZA6anyrngvkdub33NZzZhd51fpCAEzNHFhko5aKRFP5fS1w_lKwYrzcNLupv27.png?ccb=10-5&oh=00_AT9C82irDy7Sn8cI_UEelmRC1FY5K5jw2pfWXlZ8QaKL1g&oe=62246CF9&_nc_sid=55e238",
                    "comment_reactors": [],
                    "comment_reactions": null,
                    "comment_reaction_count": null
                },
                {
                    "comment_id": "10159579054488904",
                    "comment_url": "https://facebook.com/10159579054488904",
                    "commenter_id": "100002643487297",
                    "commenter_url": "https://facebook.com/ana.singh.18?fref=nf&rc=p",
                    "commenter_name": "Ana Singh",
                    "commenter_meta": null,
                    "comment_text": "Kristen Thomlinson Aww you poor little commie twerp. The only arrogance shown, is from your beloved leader. You bootlickers are nothing but drama queens...the world is laughing at you, because you are so mentally weak.",
                    "comment_time": "2022-02-23 00:00:00",
                    "comment_image": "https://scontent.xx.fbcdn.net/m1/v/t6/An_UvxJXg9tdnLU3Y5qjPi0200MLilhzPXUgxzGjQzUMaNcmjdZA6anyrngvkdub33NZzZhd51fpCAEzNHFhko5aKRFP5fS1w_lKwYrzcNLupv27.png?ccb=10-5&oh=00_AT9C82irDy7Sn8cI_UEelmRC1FY5K5jw2pfWXlZ8QaKL1g&oe=62246CF9&_nc_sid=55e238",
                    "comment_reactors": [],
                    "comment_reactions": null,
                    "comment_reaction_count": null
                },
                {
                    "comment_id": "10159579075543904",
                    "comment_url": "https://facebook.com/10159579075543904",
                    "commenter_id": "842405267",
                    "commenter_url": "https://facebook.com/andrew.tyler.980?fref=nf&rc=p",
                    "commenter_name": "Andrew Tyler",
                    "commenter_meta": null,
                    "comment_text": "Jane Karen Sims Terrorists? When they blow-up something or a Liberal gets their head blown-off, then we can talk about terrorism.",
                    "comment_time": "2022-02-23 00:00:00",
                    "comment_image": "https://scontent.xx.fbcdn.net/m1/v/t6/An_UvxJXg9tdnLU3Y5qjPi0200MLilhzPXUgxzGjQzUMaNcmjdZA6anyrngvkdub33NZzZhd51fpCAEzNHFhko5aKRFP5fS1w_lKwYrzcNLupv27.png?ccb=10-5&oh=00_AT9C82irDy7Sn8cI_UEelmRC1FY5K5jw2pfWXlZ8QaKL1g&oe=62246CF9&_nc_sid=55e238",
                    "comment_reactors": [],
                    "comment_reactions": null,
                    "comment_reaction_count": null
                },
                {
                    "comment_id": "10159579152463904",
                    "comment_url": "https://facebook.com/10159579152463904",
                    "commenter_id": "584846646",
                    "commenter_url": "https://facebook.com/jim.kavanagh.940?fref=nf&rc=p",
                    "commenter_name": "Jim Kavanagh",
                    "commenter_meta": null,
                    "comment_text": "Terrorist? Like the group that attacked pipeline workers and destroyed property?\nOr do you mean the bouncy castle caliphate?",
                    "comment_time": "2022-02-23 00:00:00",
                    "comment_image": "https://scontent.xx.fbcdn.net/m1/v/t6/An_UvxJXg9tdnLU3Y5qjPi0200MLilhzPXUgxzGjQzUMaNcmjdZA6anyrngvkdub33NZzZhd51fpCAEzNHFhko5aKRFP5fS1w_lKwYrzcNLupv27.png?ccb=10-5&oh=00_AT9C82irDy7Sn8cI_UEelmRC1FY5K5jw2pfWXlZ8QaKL1g&oe=62246CF9&_nc_sid=55e238",
                    "comment_reactors": [],
                    "comment_reactions": null,
                    "comment_reaction_count": null
                },
                {
                    "comment_id": "10159579203203904",
                    "comment_url": "https://facebook.com/10159579203203904",
                    "commenter_id": "536947196",
                    "commenter_url": "https://facebook.com/brenda.lang.94?fref=nf&rc=p",
                    "commenter_name": "Brenda Lang",
                    "commenter_meta": null,
                    "comment_text": "Andrew Tyler What about if a Conservative, NDP, Green, Bloc or independent having their head blown off? Your mentioning one party says all we need to know about you.",
                    "comment_time": "2022-02-23 00:00:00",
                    "comment_image": "https://scontent.xx.fbcdn.net/m1/v/t6/An_F9bJG7govfshSMBkvcRLcxT0jmiXVYKtr7lgH5AHgUrjjpZ1OD0xyxXYgf7arc0lWgCdrR_KN4Mg7RSN3Gm3W6Gg03N1tQ-ZXzVvFJ_KvvB4.png?ccb=10-5&oh=00_AT8ScZKrgCPhmfSgYBZgvnQHv14vvPQpgzOW8DDMFGGodg&oe=62243F67&_nc_sid=55e238",
                    "comment_reactors": [],
                    "comment_reactions": null,
                    "comment_reaction_count": null
                },
                {
                    "comment_id": "10159579426088904",
                    "comment_url": "https://facebook.com/10159579426088904",
                    "commenter_id": "715811347",
                    "commenter_url": "https://facebook.com/chase.gaudenzi?fref=nf&rc=p",
                    "commenter_name": "Chase Gaudenzi",
                    "commenter_meta": null,
                    "comment_text": "Jane Karen Sims dismantling protests without the PM even having dialogue is pathetic. It's weird you call them protests and terrorists in the same statement. I think you're confused from all the gaslighing.",
                    "comment_time": "2022-02-23 00:00:00",
                    "comment_image": "https://scontent.xx.fbcdn.net/m1/v/t6/An_UvxJXg9tdnLU3Y5qjPi0200MLilhzPXUgxzGjQzUMaNcmjdZA6anyrngvkdub33NZzZhd51fpCAEzNHFhko5aKRFP5fS1w_lKwYrzcNLupv27.png?ccb=10-5&oh=00_AT9C82irDy7Sn8cI_UEelmRC1FY5K5jw2pfWXlZ8QaKL1g&oe=62246CF9&_nc_sid=55e238",
                    "comment_reactors": [],
                    "comment_reactions": null,
                    "comment_reaction_count": null
                }
            ]
        },
        {
            "comment_id": "10159579022083904",
            "comment_url": "https://facebook.com/10159579022083904",
            "commenter_id": "100002417842763",
            "commenter_url": "https://facebook.com/andrew.merritt.948?fref=nf&rc=p&refid=52",
            "commenter_name": "Andrew Merritt",
            "commenter_meta": null,
            "comment_text": "Its basically only the Conservatives that are polarized, not Canada itself.",
            "comment_time": "2022-02-23 00:00:00",
            "comment_image": null,
            "comment_reactors": [],
            "comment_reactions": null,
            "comment_reaction_count": null,
            "replies": [
                {
                    "comment_id": "10159579031448904",
                    "comment_url": "https://facebook.com/10159579031448904",
                    "commenter_id": "532330722",
                    "commenter_url": "https://facebook.com/andrew.dominowski.5?fref=nf&rc=p",
                    "commenter_name": "Andrew Dominowski",
                    "commenter_meta": null,
                    "comment_text": "Andrew Merritt oh the irony",
                    "comment_time": "2022-02-23 00:00:00",
                    "comment_image": "https://scontent.xx.fbcdn.net/m1/v/t6/An_UvxJXg9tdnLU3Y5qjPi0200MLilhzPXUgxzGjQzUMaNcmjdZA6anyrngvkdub33NZzZhd51fpCAEzNHFhko5aKRFP5fS1w_lKwYrzcNLupv27.png?ccb=10-5&oh=00_AT9C82irDy7Sn8cI_UEelmRC1FY5K5jw2pfWXlZ8QaKL1g&oe=62246CF9&_nc_sid=55e238",
                    "comment_reactors": [],
                    "comment_reactions": null,
                    "comment_reaction_count": null
                },
                {
                    "comment_id": "10159579099073904",
                    "comment_url": "https://facebook.com/10159579099073904",
                    "commenter_id": "100002417842763",
                    "commenter_url": "https://facebook.com/andrew.merritt.948?fref=nf&rc=p",
                    "commenter_name": "Andrew Merritt",
                    "commenter_meta": null,
                    "comment_text": "Andrew Dominowski Word on the street is that the fragmented conservative party may become united under Trump as Trump and most of the conservatives feel sympathetic to their buddy Putin. They getting lessons from Putin on how to overthrow a government.Just\nas it was planned by the republicans when Biden got elected and now when they tried to overthrow Trudeau. These arent your grandmothers conservatives nowadays!",
                    "comment_time": "2022-02-23 00:00:00",
                    "comment_image": "https://scontent.xx.fbcdn.net/m1/v/t6/An_F9bJG7govfshSMBkvcRLcxT0jmiXVYKtr7lgH5AHgUrjjpZ1OD0xyxXYgf7arc0lWgCdrR_KN4Mg7RSN3Gm3W6Gg03N1tQ-ZXzVvFJ_KvvB4.png?ccb=10-5&oh=00_AT8ScZKrgCPhmfSgYBZgvnQHv14vvPQpgzOW8DDMFGGodg&oe=62243F67&_nc_sid=55e238",
                    "comment_reactors": [],
                    "comment_reactions": null,
                    "comment_reaction_count": null
                }
            ]
        },
        {
            "comment_id": "10159579009248904",
            "comment_url": "https://facebook.com/10159579009248904",
            "commenter_id": "100005858438143",
            "commenter_url": "https://facebook.com/matthew.foley.7359?fref=nf&rc=p&refid=52",
            "commenter_name": "Matt Foley",
            "commenter_meta": null,
            "comment_text": "As hard as some people try to make it out to be, it really isn\u2019t close.",
            "comment_time": "2022-02-23 00:00:00",
            "comment_image": null,
            "comment_reactors": [],
            "comment_reactions": null,
            "comment_reaction_count": null,
            "replies": []
        }
    ],
    "reactors": null,
    "w3_fb_url": null,
    "reactions": null,
    "reaction_count": null,
    "with": null,
    "page_id": "140961138903",
    "sharers": null,
    "image_id": null,
    "image_ids": [],
    "was_live": false
}