{
    "original_request_url": "10159562899243904",
    "post_url": "https://facebook.com/story.php?story_fbid=10159562899243904&id=140961138903",
    "post_id": "10159562899243904",
    "text": "Edward Alden: For American politicians seeking to boost domestic production, these disruptions provide another reason to cut Canada out of the supply chain\n\nTHEGLOBEANDMAIL.COM\nThe border closings have done enormous damage to Canada\u2019s reputation at the worst possible time",
    "post_text": "Edward Alden: For American politicians seeking to boost domestic production, these disruptions provide another reason to cut Canada out of the supply chain",
    "shared_text": "THEGLOBEANDMAIL.COM\nThe border closings have done enormous damage to Canada\u2019s reputation at the worst possible time",
    "original_text": null,
    "time": "2022-02-14 16:43:52",
    "timestamp": 1644857032,
    "image": "https://www.theglobeandmail.com/resizer/rcRwuCDWuRCg957oW0aektepAME=/1200x1349/filters:quality(80)/cloudfront-us-east-1.images.arcpublishing.com/tgam/2YWHGO4TANG2RDV2KA4M2H2M5U.jpg",
    "image_lowquality": "https://external-sea1-1.xx.fbcdn.net/safe_image.php?d=AQFbFHSswQiFqD_B&w=476&h=249&url=https%3A%2F%2Fwww.theglobeandmail.com%2Fresizer%2FrcRwuCDWuRCg957oW0aektepAME%3D%2F1200x1349%2Ffilters%3Aquality%2880%29%2Fcloudfront-us-east-1.images.arcpublishing.com%2Ftgam%2F2YWHGO4TANG2RDV2KA4M2H2M5U.jpg&cfs=1&jq=75&ext=jpg&_nc_oe=6fab6&_nc_sid=06c271&ccb=3-5&_nc_hash=AQHp2SVzH9hoXz5h",
    "images": [
        "https://www.theglobeandmail.com/resizer/rcRwuCDWuRCg957oW0aektepAME=/1200x1349/filters:quality(80)/cloudfront-us-east-1.images.arcpublishing.com/tgam/2YWHGO4TANG2RDV2KA4M2H2M5U.jpg"
    ],
    "images_description": [],
    "images_lowquality": [
        "https://external-sea1-1.xx.fbcdn.net/safe_image.php?d=AQFbFHSswQiFqD_B&w=476&h=249&url=https%3A%2F%2Fwww.theglobeandmail.com%2Fresizer%2FrcRwuCDWuRCg957oW0aektepAME%3D%2F1200x1349%2Ffilters%3Aquality%2880%29%2Fcloudfront-us-east-1.images.arcpublishing.com%2Ftgam%2F2YWHGO4TANG2RDV2KA4M2H2M5U.jpg&cfs=1&jq=75&ext=jpg&_nc_oe=6fab6&_nc_sid=06c271&ccb=3-5&_nc_hash=AQHp2SVzH9hoXz5h"
    ],
    "images_lowquality_description": [
        null
    ],
    "video": null,
    "video_duration_seconds": null,
    "video_height": null,
    "video_id": null,
    "video_quality": null,
    "video_size_MB": null,
    "video_thumbnail": null,
    "video_watches": null,
    "video_width": null,
    "likes": 87,
    "comments": 34,
    "shares": 7,
    "link": "http://www.theglobeandmail.com/opinion/article-the-border-closings-have-done-enormous-damage-to-canadas-reputation-at/?utm_campaign=sophi-pop&utm_medium=post&utm_source=facebook&fbclid=IwAR1SXPq0Mj7G4Oy9ex_QjQKlSSJ_5Bw9eM8NIi0-PCaxwq60a0X6j823hys",
    "links": [],
    "user_id": "140961138903",
    "username": "The Globe and Mail",
    "user_url": "https://facebook.com/theglobeandmail/?refid=52",
    "is_live": false,
    "factcheck": null,
    "shared_post_id": null,
    "shared_time": null,
    "shared_user_id": null,
    "shared_username": null,
    "shared_post_url": null,
    "available": true,
    "comments_full": [
        {
            "comment_id": "10159563106398904",
            "comment_url": "https://facebook.com/10159563106398904",
            "commenter_id": "673279939",
            "commenter_url": "https://facebook.com/karl.wiklund.1?fref=nf&rc=p&refid=52",
            "commenter_name": "Karl Wiklund",
            "commenter_meta": null,
            "comment_text": "Yeah, it should be pretty obvious. The US is already looking for reasons to contract the supply chain (and punish anyone who dares reciprocate). Even outside of that, customer relations *matter*. You can't promise something and fail to deliver without consequences; it'll have real repercussions when the contract comes up for renegotiation if you're seen as unreliable.\n\nIt's one of the reasons why my own employer invested so much effort in getting fab capacity during the current semiconductor shortage. If you can't meet their demand for product, your customers will find someone who can.",
            "comment_time": "2022-02-16 19:08:08",
            "comment_image": null,
            "comment_reactors": [],
            "comment_reactions": null,
            "comment_reaction_count": null,
            "replies": []
        },
        {
            "comment_id": "10159562936683904",
            "comment_url": "https://facebook.com/10159562936683904",
            "commenter_id": "647204739",
            "commenter_url": "https://facebook.com/robert.drain?fref=nf&rc=p&refid=52",
            "commenter_name": "Robert James Drain",
            "commenter_meta": null,
            "comment_text": "Looking at the yobs in the convoy, they're pretty working class. Those are the people that will be (and have been) hit hard by the blockade. They'll see the unpaid bills pile up, not the professional and upper class.\nThey hurt themselves but are probably not smart enough to see that, so they'll blame others. I figure any gov't party not their own, and probably anyone that doesn't look like them.",
            "comment_time": "2022-02-16 19:08:08",
            "comment_image": null,
            "comment_reactors": [],
            "comment_reactions": null,
            "comment_reaction_count": null,
            "replies": [
                {
                    "comment_id": "10159562941368904",
                    "comment_url": "https://facebook.com/10159562941368904",
                    "commenter_id": "552340251",
                    "commenter_url": "https://facebook.com/alindsey1?fref=nf&rc=p",
                    "commenter_name": "Andrew Lindsey",
                    "commenter_meta": null,
                    "comment_text": "More like small business owners, as opposed to working class. All of those rigs cost at least $300,000 each, plus costs to fuel and maintain, all while they're not working.",
                    "comment_time": "2022-02-16 19:08:11",
                    "comment_image": "https://scontent.xx.fbcdn.net/m1/v/t6/An_UvxJXg9tdnLU3Y5qjPi0200MLilhzPXUgxzGjQzUMaNcmjdZA6anyrngvkdub33NZzZhd51fpCAEzNHFhko5aKRFP5fS1w_lKwYrzcNLupv27.png?ccb=10-5&oh=00_AT9C82irDy7Sn8cI_UEelmRC1FY5K5jw2pfWXlZ8QaKL1g&oe=62246CF9&_nc_sid=55e238",
                    "comment_reactors": [],
                    "comment_reactions": null,
                    "comment_reaction_count": null
                },
                {
                    "comment_id": "10159562943503904",
                    "comment_url": "https://facebook.com/10159562943503904",
                    "commenter_id": "647204739",
                    "commenter_url": "https://facebook.com/robert.drain?fref=nf&rc=p",
                    "commenter_name": "Robert James Drain",
                    "commenter_meta": null,
                    "comment_text": "Andrew Lindsey There are a few 'trucks', but it's mostly camper vans and pickups blocking the roads. The people screaming the loudest to open the border were actually Truckers (and auto workers). This has been working class hitting working class at it's finest.",
                    "comment_time": "2022-02-16 19:08:11",
                    "comment_image": "https://scontent.xx.fbcdn.net/m1/v/t6/An_UvxJXg9tdnLU3Y5qjPi0200MLilhzPXUgxzGjQzUMaNcmjdZA6anyrngvkdub33NZzZhd51fpCAEzNHFhko5aKRFP5fS1w_lKwYrzcNLupv27.png?ccb=10-5&oh=00_AT9C82irDy7Sn8cI_UEelmRC1FY5K5jw2pfWXlZ8QaKL1g&oe=62246CF9&_nc_sid=55e238",
                    "comment_reactors": [],
                    "comment_reactions": null,
                    "comment_reaction_count": null
                },
                {
                    "comment_id": "10159562946083904",
                    "comment_url": "https://facebook.com/10159562946083904",
                    "commenter_id": "552340251",
                    "commenter_url": "https://facebook.com/alindsey1?fref=nf&rc=p",
                    "commenter_name": "Andrew Lindsey",
                    "commenter_meta": null,
                    "comment_text": "Robert James Drain again, true working class don't really have the time to be off work. That is, unless they're paid-protesters\n.",
                    "comment_time": "2022-02-16 19:08:11",
                    "comment_image": "https://scontent.xx.fbcdn.net/m1/v/t6/An_UvxJXg9tdnLU3Y5qjPi0200MLilhzPXUgxzGjQzUMaNcmjdZA6anyrngvkdub33NZzZhd51fpCAEzNHFhko5aKRFP5fS1w_lKwYrzcNLupv27.png?ccb=10-5&oh=00_AT9C82irDy7Sn8cI_UEelmRC1FY5K5jw2pfWXlZ8QaKL1g&oe=62246CF9&_nc_sid=55e238",
                    "comment_reactors": [],
                    "comment_reactions": null,
                    "comment_reaction_count": null
                },
                {
                    "comment_id": "10159563034568904",
                    "comment_url": "https://facebook.com/10159563034568904",
                    "commenter_id": "100006667417069",
                    "commenter_url": "https://facebook.com/scott.mills.7946281?fref=nf&rc=p",
                    "commenter_name": "Scotty Mills",
                    "commenter_meta": null,
                    "comment_text": "Robert James Drain Is this before or after they each get their share of the, currently illegally withheld, money from GoFundMe and GiveSendGo?",
                    "comment_time": "2022-02-16 19:08:11",
                    "comment_image": "https://scontent.xx.fbcdn.net/m1/v/t6/An_UvxJXg9tdnLU3Y5qjPi0200MLilhzPXUgxzGjQzUMaNcmjdZA6anyrngvkdub33NZzZhd51fpCAEzNHFhko5aKRFP5fS1w_lKwYrzcNLupv27.png?ccb=10-5&oh=00_AT9C82irDy7Sn8cI_UEelmRC1FY5K5jw2pfWXlZ8QaKL1g&oe=62246CF9&_nc_sid=55e238",
                    "comment_reactors": [],
                    "comment_reactions": null,
                    "comment_reaction_count": null
                },
                {
                    "comment_id": "10159563061733904",
                    "comment_url": "https://facebook.com/10159563061733904",
                    "commenter_id": "647204739",
                    "commenter_url": "https://facebook.com/robert.drain?fref=nf&rc=p",
                    "commenter_name": "Robert James Drain",
                    "commenter_meta": null,
                    "comment_text": "Scotty Mills godfundme has already refunded the money. And no Canadian bank will help distribution as they might be held liable. That ship has sailed.",
                    "comment_time": "2022-02-16 19:08:11",
                    "comment_image": "https://scontent.xx.fbcdn.net/m1/v/t6/An_UvxJXg9tdnLU3Y5qjPi0200MLilhzPXUgxzGjQzUMaNcmjdZA6anyrngvkdub33NZzZhd51fpCAEzNHFhko5aKRFP5fS1w_lKwYrzcNLupv27.png?ccb=10-5&oh=00_AT9C82irDy7Sn8cI_UEelmRC1FY5K5jw2pfWXlZ8QaKL1g&oe=62246CF9&_nc_sid=55e238",
                    "comment_reactors": [],
                    "comment_reactions": null,
                    "comment_reaction_count": null
                },
                {
                    "comment_id": "10159563067493904",
                    "comment_url": "https://facebook.com/10159563067493904",
                    "commenter_id": "100000361081331",
                    "commenter_url": "https://facebook.com/james.nelson.98?fref=nf&rc=p",
                    "commenter_name": "James Nilsson",
                    "commenter_meta": null,
                    "comment_text": "People! Listen to Robert James Drain, he is from Toronto and knows what is best for Canadians. If you are not from Toronto (the centre of the known universe)you are ignorant hillbillies.",
                    "comment_time": "2022-02-16 19:08:11",
                    "comment_image": null,
                    "comment_reactors": [],
                    "comment_reactions": null,
                    "comment_reaction_count": null
                },
                {
                    "comment_id": "10159563074863904",
                    "comment_url": "https://facebook.com/10159563074863904",
                    "commenter_id": "100006667417069",
                    "commenter_url": "https://facebook.com/scott.mills.7946281?fref=nf&rc=p",
                    "commenter_name": "Scotty Mills",
                    "commenter_meta": null,
                    "comment_text": "Robert James Drain And the current pending lawsuits?",
                    "comment_time": "2022-02-16 19:08:11",
                    "comment_image": null,
                    "comment_reactors": [],
                    "comment_reactions": null,
                    "comment_reaction_count": null
                },
                {
                    "comment_id": "10159563098748904",
                    "comment_url": "https://facebook.com/10159563098748904",
                    "commenter_id": "647204739",
                    "commenter_url": "https://facebook.com/robert.drain?fref=nf&rc=p",
                    "commenter_name": "Robert James Drain",
                    "commenter_meta": null,
                    "comment_text": "James Nilsson nah, I just read books and understand social class dynamics. We in north america like to think ourselves as a class society but we have a very strong class division. The smartest thing the rich elite have done here in NA, is convincing people they don't exist.",
                    "comment_time": "2022-02-16 19:08:11",
                    "comment_image": null,
                    "comment_reactors": [],
                    "comment_reactions": null,
                    "comment_reaction_count": null
                },
                {
                    "comment_id": "10159563105763904",
                    "comment_url": "https://facebook.com/10159563105763904",
                    "commenter_id": "552340251",
                    "commenter_url": "https://facebook.com/alindsey1?fref=nf&rc=p",
                    "commenter_name": "Andrew Lindsey",
                    "commenter_meta": null,
                    "comment_text": "Lyle Karson because I recognize that people who own hundreds of thousands of dollars in capital, and have time to take weeks off work, aren't quite what many would call 'working class?' These are small business owners.",
                    "comment_time": "2022-02-16 19:08:11",
                    "comment_image": null,
                    "comment_reactors": [],
                    "comment_reactions": null,
                    "comment_reaction_count": null
                },
                {
                    "comment_id": "10159563110603904",
                    "comment_url": "https://facebook.com/10159563110603904",
                    "commenter_id": "647204739",
                    "commenter_url": "https://facebook.com/robert.drain?fref=nf&rc=p",
                    "commenter_name": "Robert James Drain",
                    "commenter_meta": null,
                    "comment_text": "Scotty Mills Meaningless. The are also lawsuits against the convoy that probably have a better chance of winning. I await the auto industry to launch a big one, in the billions.",
                    "comment_time": "2022-02-16 19:08:11",
                    "comment_image": "https://scontent.xx.fbcdn.net/m1/v/t6/An_F9bJG7govfshSMBkvcRLcxT0jmiXVYKtr7lgH5AHgUrjjpZ1OD0xyxXYgf7arc0lWgCdrR_KN4Mg7RSN3Gm3W6Gg03N1tQ-ZXzVvFJ_KvvB4.png?ccb=10-5&oh=00_AT8ScZKrgCPhmfSgYBZgvnQHv14vvPQpgzOW8DDMFGGodg&oe=62243F67&_nc_sid=55e238",
                    "comment_reactors": [],
                    "comment_reactions": null,
                    "comment_reaction_count": null
                },
                {
                    "comment_id": "10159563114348904",
                    "comment_url": "https://facebook.com/10159563114348904",
                    "commenter_id": "552340251",
                    "commenter_url": "https://facebook.com/alindsey1?fref=nf&rc=p",
                    "commenter_name": "Andrew Lindsey",
                    "commenter_meta": null,
                    "comment_text": "Lyle Karson your assumptions are amusing :)",
                    "comment_time": "2022-02-16 19:08:11",
                    "comment_image": null,
                    "comment_reactors": [],
                    "comment_reactions": null,
                    "comment_reaction_count": null
                },
                {
                    "comment_id": "10159563124013904",
                    "comment_url": "https://facebook.com/10159563124013904",
                    "commenter_id": "552340251",
                    "commenter_url": "https://facebook.com/alindsey1?fref=nf&rc=p",
                    "commenter_name": "Andrew Lindsey",
                    "commenter_meta": null,
                    "comment_text": "Lyle Karson thanks, but I've been going to work regularly since all this began :)",
                    "comment_time": "2022-02-16 19:08:11",
                    "comment_image": null,
                    "comment_reactors": [],
                    "comment_reactions": null,
                    "comment_reaction_count": null
                },
                {
                    "comment_id": "10159563124963904",
                    "comment_url": "https://facebook.com/10159563124963904",
                    "commenter_id": "552340251",
                    "commenter_url": "https://facebook.com/alindsey1?fref=nf&rc=p",
                    "commenter_name": "Andrew Lindsey",
                    "commenter_meta": null,
                    "comment_text": "Lyle Karson now, back to the people spending week after week off work while they sit around in vehicles worth hundreds of thousands.",
                    "comment_time": "2022-02-16 19:08:11",
                    "comment_image": "https://scontent.xx.fbcdn.net/m1/v/t6/An_UvxJXg9tdnLU3Y5qjPi0200MLilhzPXUgxzGjQzUMaNcmjdZA6anyrngvkdub33NZzZhd51fpCAEzNHFhko5aKRFP5fS1w_lKwYrzcNLupv27.png?ccb=10-5&oh=00_AT9C82irDy7Sn8cI_UEelmRC1FY5K5jw2pfWXlZ8QaKL1g&oe=62246CF9&_nc_sid=55e238",
                    "comment_reactors": [],
                    "comment_reactions": null,
                    "comment_reaction_count": null
                },
                {
                    "comment_id": "10159563128993904",
                    "comment_url": "https://facebook.com/10159563128993904",
                    "commenter_id": "552340251",
                    "commenter_url": "https://facebook.com/alindsey1?fref=nf&rc=p",
                    "commenter_name": "Andrew Lindsey",
                    "commenter_meta": null,
                    "comment_text": "Lyle Karson given how much you're striking out, I'm getting a better idea of how often your assumptions are \"bang on.\"",
                    "comment_time": "2022-02-16 19:08:11",
                    "comment_image": null,
                    "comment_reactors": [],
                    "comment_reactions": null,
                    "comment_reaction_count": null
                },
                {
                    "comment_id": "10159563131638904",
                    "comment_url": "https://facebook.com/10159563131638904",
                    "commenter_id": "552340251",
                    "commenter_url": "https://facebook.com/alindsey1?fref=nf&rc=p",
                    "commenter_name": "Andrew Lindsey",
                    "commenter_meta": null,
                    "comment_text": "Lyle Karson more because I don't have to justify myself or give you employment details any more than you have to do the same for me. Although, the fact that I've been telling you that you're wrong should be a bit of a clue.",
                    "comment_time": "2022-02-16 19:08:11",
                    "comment_image": null,
                    "comment_reactors": [],
                    "comment_reactions": null,
                    "comment_reaction_count": null
                },
                {
                    "comment_id": "10159563154388904",
                    "comment_url": "https://facebook.com/10159563154388904",
                    "commenter_id": "100000361081331",
                    "commenter_url": "https://facebook.com/james.nelson.98?fref=nf&rc=p",
                    "commenter_name": "James Nilsson",
                    "commenter_meta": null,
                    "comment_text": "Robert James Drain You should get out more and interact with people. It would be an eye-opener and an education.",
                    "comment_time": "2022-02-16 19:08:11",
                    "comment_image": null,
                    "comment_reactors": [],
                    "comment_reactions": null,
                    "comment_reaction_count": null
                },
                {
                    "comment_id": "10159563230293904",
                    "comment_url": "https://facebook.com/10159563230293904",
                    "commenter_id": "100006667417069",
                    "commenter_url": "https://facebook.com/scott.mills.7946281?fref=nf&rc=p",
                    "commenter_name": "Scotty Mills",
                    "commenter_meta": null,
                    "comment_text": "Robert James Drain A lawsuit? Against protesters? LMFAO! Do you have any idea what kind of can of worms that would open? Oh, here's something for Valentine's Day. Bill Maher trying his best to not compare Trudeau to Hitler. youtube.com/\nwatch?v=6h0GVxBE\nXF4",
                    "comment_time": "2022-02-16 19:08:11",
                    "comment_image": "https://youtube.com/watch?v=6h0GVxBEXF4&fbclid=IwAR18knj5wU_V4EuYLCUsJLQDRFWz8CtIhY4JlRsoNEaG2cwFTslVxGn1fGY",
                    "comment_reactors": [],
                    "comment_reactions": null,
                    "comment_reaction_count": null
                },
                {
                    "comment_id": "10159563269468904",
                    "comment_url": "https://facebook.com/10159563269468904",
                    "commenter_id": "647204739",
                    "commenter_url": "https://facebook.com/robert.drain?fref=nf&rc=p",
                    "commenter_name": "Robert James Drain",
                    "commenter_meta": null,
                    "comment_text": "Scotty Mills Confused, what has an American Comedian have to do with law suits? He is an American, probably couldn't find Ottawa on a map.\nhttps://\nwww.ctvnews.ca/\npolitics/\nlawsuit-filed-ag\nainst-convoy-or\nganizers-seekin\ng-damages-on-be\nhalf-of-downtow\nn-ottawa-reside\nnts-1.5768731",
                    "comment_time": "2022-02-16 19:08:11",
                    "comment_image": "https://www.ctvnews.ca/politics/lawsuit-filed-against-convoy-organizers-seeking-damages-on-behalf-of-downtown-ottawa-residents-1.5768731?fbclid=IwAR0Yekk5lXuaXwKB5E4a9P9Rw-50COwhndBxpG5oko7MomhqJ2saZf2F-QM",
                    "comment_reactors": [],
                    "comment_reactions": null,
                    "comment_reaction_count": null
                },
                {
                    "comment_id": "10159563594008904",
                    "comment_url": "https://facebook.com/10159563594008904",
                    "commenter_id": "510866349",
                    "commenter_url": "https://facebook.com/lbrizard?fref=nf&rc=p",
                    "commenter_name": "Lance Brizard",
                    "commenter_meta": null,
                    "comment_text": "Robert James Drain sure working off a lit of assumptions there bud",
                    "comment_time": "2022-02-16 19:08:11",
                    "comment_image": null,
                    "comment_reactors": [],
                    "comment_reactions": null,
                    "comment_reaction_count": null
                }
            ]
        },
        {
            "comment_id": "10159563088373904",
            "comment_url": "https://facebook.com/10159563088373904",
            "commenter_id": "581181779",
            "commenter_url": "https://facebook.com/paula.arens.5?fref=nf&rc=p&refid=52",
            "commenter_name": "Paula Price",
            "commenter_meta": null,
            "comment_text": "Just what American agitators who helped fund this wanted!",
            "comment_time": "2022-02-16 19:08:08",
            "comment_image": null,
            "comment_reactors": [],
            "comment_reactions": null,
            "comment_reaction_count": null,
            "replies": [
                {
                    "comment_id": "10159563223308904",
                    "comment_url": "https://facebook.com/10159563223308904",
                    "commenter_id": "100006667417069",
                    "commenter_url": "https://facebook.com/scott.mills.7946281?fref=nf&rc=p",
                    "commenter_name": "Scotty Mills",
                    "commenter_meta": null,
                    "comment_text": "Paula Price You mean like Jagmeet Singh's brother-in-law?",
                    "comment_time": "2022-02-16 19:08:13",
                    "comment_image": "https://scontent.xx.fbcdn.net/m1/v/t6/An_UvxJXg9tdnLU3Y5qjPi0200MLilhzPXUgxzGjQzUMaNcmjdZA6anyrngvkdub33NZzZhd51fpCAEzNHFhko5aKRFP5fS1w_lKwYrzcNLupv27.png?ccb=10-5&oh=00_AT9C82irDy7Sn8cI_UEelmRC1FY5K5jw2pfWXlZ8QaKL1g&oe=62246CF9&_nc_sid=55e238",
                    "comment_reactors": [],
                    "comment_reactions": null,
                    "comment_reaction_count": null
                },
                {
                    "comment_id": "10159563229473904",
                    "comment_url": "https://facebook.com/10159563229473904",
                    "commenter_id": "581181779",
                    "commenter_url": "https://facebook.com/paula.arens.5?fref=nf&rc=p",
                    "commenter_name": "Paula Price",
                    "commenter_meta": null,
                    "comment_text": "Scotty Mills his brother in law thought this was workers rights movement to deal with the labour issues that need addressing like wages, wage theft, safety ect\u2026. He didn\u2019t realize it\u2019s a far right movement to overthrow the government being done by business owners across Canada and the US!",
                    "comment_time": "2022-02-16 19:08:13",
                    "comment_image": null,
                    "comment_reactors": [],
                    "comment_reactions": null,
                    "comment_reaction_count": null
                },
                {
                    "comment_id": "10159563288438904",
                    "comment_url": "https://facebook.com/10159563288438904",
                    "commenter_id": "100009410302047",
                    "commenter_url": "https://facebook.com/profile.php?id=100009410302047&fref=nf&rc=p",
                    "commenter_name": "Edward R Yatscoff",
                    "commenter_meta": null,
                    "comment_text": "Paula Price Yeah, sure. https://\ntnc.news/2022/\n02/08/\nleft-wing-causes\n-in-canada-show\n-plenty-of-us-f\nunding-and-reso\nurces/\n?fbclid=IwAR0yop\nYZfllxH2khvK0ps\nnMFAHEZ3hewxCcU\nEdmHY6STRxrbtY8\nGMrMyeq8",
                    "comment_time": "2022-02-16 19:08:13",
                    "comment_image": "https://tnc.news/2022/02/08/left-wing-causes-in-canada-show-plenty-of-us-funding-and-resources/?fbclid=IwAR0nvnDopEIKi9wD4SW0Fa6wlW2YIp_Yhw9AAMOOpR0auEJ9xN_JuVkiNU4",
                    "comment_reactors": [],
                    "comment_reactions": null,
                    "comment_reaction_count": null
                }
            ]
        },
        {
            "comment_id": "10159563724898904",
            "comment_url": "https://facebook.com/10159563724898904",
            "commenter_id": "614345111",
            "commenter_url": "https://facebook.com/tony.imbrogno.1?fref=nf&rc=p&refid=52",
            "commenter_name": "Tony Imbrogno",
            "commenter_meta": null,
            "comment_text": "And invoking the Emergencies Act really helped with our reputation. Yeah, right......",
            "comment_time": "2022-02-16 19:08:08",
            "comment_image": null,
            "comment_reactors": [],
            "comment_reactions": null,
            "comment_reaction_count": null,
            "replies": []
        },
        {
            "comment_id": "10159563131228904",
            "comment_url": "https://facebook.com/10159563131228904",
            "commenter_id": "777417219",
            "commenter_url": "https://facebook.com/karen.t.jones.7?fref=nf&rc=p&refid=52",
            "commenter_name": "Karen Tress Jones",
            "commenter_meta": null,
            "comment_text": "Unlike all the foreign press making fun of our Prime Minister for going into hiding",
            "comment_time": "2022-02-16 19:08:08",
            "comment_image": null,
            "comment_reactors": [],
            "comment_reactions": null,
            "comment_reaction_count": null,
            "replies": []
        },
        {
            "comment_id": "10159563675958904",
            "comment_url": "https://facebook.com/10159563675958904",
            "commenter_id": "1281165251",
            "commenter_url": "https://facebook.com/tina.knott.90?fref=nf&rc=p&refid=52",
            "commenter_name": "Tina Knott",
            "commenter_meta": null,
            "comment_text": "Gee. And to think this all could have been avoided if Trudeau had the courtesy to meet the convoy organizers before they ever converged on Ottawa to tell them he was listening to Dr. Tam and preparing a plan to rollback mandates and restrictions. Canada deserves the \"bad reputation\", it has turned into a hack authoritarian state at the service of the ego of a maniacal leader.",
            "comment_time": "2022-02-16 19:08:08",
            "comment_image": null,
            "comment_reactors": [],
            "comment_reactions": null,
            "comment_reaction_count": null,
            "replies": []
        },
        {
            "comment_id": "10159563705298904",
            "comment_url": "https://facebook.com/10159563705298904",
            "commenter_id": "657291291",
            "commenter_url": "https://facebook.com/matthew.birch.503?fref=nf&rc=p&refid=52",
            "commenter_name": "Matthew Birch",
            "commenter_meta": "Top fan",
            "comment_text": "It\u2019s a shame that Justin Trudeau put his own ego ahead of national interests and Canadian citizens by attacking a massive group of peaceful protestors causing them to fight for their very existence.\n\nHe had the opportunity to engage respectfully and provide a peaceful end before this ever exploded, but he came out swinging.\n\nThere is only 1 individual to blame for this mess and it\u2019s our PM.\n\nEven members of his own liberal caucus agree.",
            "comment_time": "2022-02-16 19:08:08",
            "comment_image": null,
            "comment_reactors": [],
            "comment_reactions": null,
            "comment_reaction_count": null,
            "replies": []
        },
        {
            "comment_id": "10159563006713904",
            "comment_url": "https://facebook.com/10159563006713904",
            "commenter_id": "100005504251117",
            "commenter_url": "https://facebook.com/linda.arseneault.35?fref=nf&rc=p&refid=52",
            "commenter_name": "Linda Arseneault",
            "commenter_meta": null,
            "comment_text": "The only irreparable harm to Canada\u2019s reputation as been single handedly caused by our own inefficient Prime Minister.",
            "comment_time": "2022-02-16 19:08:08",
            "comment_image": null,
            "comment_reactors": [],
            "comment_reactions": null,
            "comment_reaction_count": null,
            "replies": [
                {
                    "comment_id": "10159563017418904",
                    "comment_url": "https://facebook.com/10159563017418904",
                    "commenter_id": "643278019",
                    "commenter_url": "https://facebook.com/chris.hiller.52?fref=nf&rc=p",
                    "commenter_name": "Chris Pelican",
                    "commenter_meta": null,
                    "comment_text": "Linda Arseneault troll",
                    "comment_time": "2022-02-16 19:08:15",
                    "comment_image": "https://scontent.xx.fbcdn.net/m1/v/t6/An_UvxJXg9tdnLU3Y5qjPi0200MLilhzPXUgxzGjQzUMaNcmjdZA6anyrngvkdub33NZzZhd51fpCAEzNHFhko5aKRFP5fS1w_lKwYrzcNLupv27.png?ccb=10-5&oh=00_AT9C82irDy7Sn8cI_UEelmRC1FY5K5jw2pfWXlZ8QaKL1g&oe=62246CF9&_nc_sid=55e238",
                    "comment_reactors": [],
                    "comment_reactions": null,
                    "comment_reaction_count": null
                },
                {
                    "comment_id": "10159563094053904",
                    "comment_url": "https://facebook.com/10159563094053904",
                    "commenter_id": "100064633447540",
                    "commenter_url": "https://facebook.com/sandy.marr.94?fref=nf&rc=p",
                    "commenter_name": "Sandy Marr",
                    "commenter_meta": null,
                    "comment_text": "Chris Pelican You can't be a very good liberal, you called him a troll but you left out racist and bigot. Did you not read the latest LPC Social Media Handbook?",
                    "comment_time": "2022-02-16 19:08:15",
                    "comment_image": "https://scontent.xx.fbcdn.net/m1/v/t6/An_UvxJXg9tdnLU3Y5qjPi0200MLilhzPXUgxzGjQzUMaNcmjdZA6anyrngvkdub33NZzZhd51fpCAEzNHFhko5aKRFP5fS1w_lKwYrzcNLupv27.png?ccb=10-5&oh=00_AT9C82irDy7Sn8cI_UEelmRC1FY5K5jw2pfWXlZ8QaKL1g&oe=62246CF9&_nc_sid=55e238",
                    "comment_reactors": [],
                    "comment_reactions": null,
                    "comment_reaction_count": null
                },
                {
                    "comment_id": "10159563164683904",
                    "comment_url": "https://facebook.com/10159563164683904",
                    "commenter_id": "647204739",
                    "commenter_url": "https://facebook.com/robert.drain?fref=nf&rc=p",
                    "commenter_name": "Robert James Drain",
                    "commenter_meta": null,
                    "comment_text": "Linda Arseneault I am not a fan of Justin, but this has actually hurt the cons more than the Liberals. Yes, he looks bad, because he didn't act fast enough to stop this. Had he crushed this on day 5 he would be in majority territory now. Instead he looks weak, and the sharks will come in.",
                    "comment_time": "2022-02-16 19:08:15",
                    "comment_image": "https://scontent.xx.fbcdn.net/m1/v/t6/An_UvxJXg9tdnLU3Y5qjPi0200MLilhzPXUgxzGjQzUMaNcmjdZA6anyrngvkdub33NZzZhd51fpCAEzNHFhko5aKRFP5fS1w_lKwYrzcNLupv27.png?ccb=10-5&oh=00_AT9C82irDy7Sn8cI_UEelmRC1FY5K5jw2pfWXlZ8QaKL1g&oe=62246CF9&_nc_sid=55e238",
                    "comment_reactors": [],
                    "comment_reactions": null,
                    "comment_reaction_count": null
                },
                {
                    "comment_id": "10159563164693904",
                    "comment_url": "https://facebook.com/10159563164693904",
                    "commenter_id": "100001020044757",
                    "commenter_url": "https://facebook.com/jamie.j99?fref=nf&rc=p",
                    "commenter_name": "All Riled Up Riley",
                    "commenter_meta": null,
                    "comment_text": "Linda Arseneault ineffectual, obsessive selfie taking, racist black face imitating, kickback taking, ethics violating, We Scandal participant, \"I don't think about monetary policy\", doofus of a failed drama teacher.",
                    "comment_time": "2022-02-16 19:08:15",
                    "comment_image": "https://scontent.xx.fbcdn.net/m1/v/t6/An_UvxJXg9tdnLU3Y5qjPi0200MLilhzPXUgxzGjQzUMaNcmjdZA6anyrngvkdub33NZzZhd51fpCAEzNHFhko5aKRFP5fS1w_lKwYrzcNLupv27.png?ccb=10-5&oh=00_AT9C82irDy7Sn8cI_UEelmRC1FY5K5jw2pfWXlZ8QaKL1g&oe=62246CF9&_nc_sid=55e238",
                    "comment_reactors": [],
                    "comment_reactions": null,
                    "comment_reaction_count": null
                },
                {
                    "comment_id": "10159563165883904",
                    "comment_url": "https://facebook.com/10159563165883904",
                    "commenter_id": "100001020044757",
                    "commenter_url": "https://facebook.com/jamie.j99?fref=nf&rc=p",
                    "commenter_name": "All Riled Up Riley",
                    "commenter_meta": "media1.giphy.com",
                    "comment_text": "All Riled Up Riley",
                    "comment_time": "2022-02-16 19:08:15",
                    "comment_image": "https://media1.giphy.com/media/v1.Y2lkPWNhZmU1MmU5eGJxb3pjdjd5OWk4ejhzZW5rMHJmenNyaGxya2c4b3NsdWg2Mzh4aiZjdD1n/l0MYr9C2GnfVz9x1S/giphy.gif?fbclid=IwAR2PX-Nm-TXnBfkR6kygk2_Y_5zGKi4ROZOv_egatg7vVjDLEPIzpD5x6SE",
                    "comment_reactors": [],
                    "comment_reactions": null,
                    "comment_reaction_count": null
                },
                {
                    "comment_id": "10159563222453904",
                    "comment_url": "https://facebook.com/10159563222453904",
                    "commenter_id": "643278019",
                    "commenter_url": "https://facebook.com/chris.hiller.52?fref=nf&rc=p",
                    "commenter_name": "Chris Pelican",
                    "commenter_meta": null,
                    "comment_text": "\u2764\ufe0f\u2764\ufe0f\u2764\ufe0f",
                    "comment_time": "2022-02-16 19:08:15",
                    "comment_image": null,
                    "comment_reactors": [],
                    "comment_reactions": null,
                    "comment_reaction_count": null
                },
                {
                    "comment_id": "10159563578073904",
                    "comment_url": "https://facebook.com/10159563578073904",
                    "commenter_id": "100000407906902",
                    "commenter_url": "https://facebook.com/donna.mccaw.7?fref=nf&rc=p",
                    "commenter_name": "Donna McCaw",
                    "commenter_meta": null,
                    "comment_text": "Linda Arseneault yeah..pretty late to act",
                    "comment_time": "2022-02-16 19:08:15",
                    "comment_image": null,
                    "comment_reactors": [],
                    "comment_reactions": null,
                    "comment_reaction_count": null
                },
                {
                    "comment_id": "10159563886778904",
                    "comment_url": "https://facebook.com/10159563886778904",
                    "commenter_id": "706995122",
                    "commenter_url": "https://facebook.com/brandon.bartlett.902?fref=nf&rc=p",
                    "commenter_name": "Brandon Bartlett",
                    "commenter_meta": null,
                    "comment_text": "Linda Arseneault truth",
                    "comment_time": "2022-02-16 19:08:15",
                    "comment_image": null,
                    "comment_reactors": [],
                    "comment_reactions": null,
                    "comment_reaction_count": null
                },
                {
                    "comment_id": "10159564611818904",
                    "comment_url": "https://facebook.com/10159564611818904",
                    "commenter_id": "100014001078588",
                    "commenter_url": "https://facebook.com/steve.cobblehoff?fref=nf&rc=p",
                    "commenter_name": "Steve Cobblehoff",
                    "commenter_meta": null,
                    "comment_text": "Linda Arseneault it has all been caused by the illegal occupations. Nobody else at all to blame but this group. And they hide behind the Canadian flag pretending that in their minds they are saving Canada! Quite the opposite",
                    "comment_time": "2022-02-16 19:08:15",
                    "comment_image": null,
                    "comment_reactors": [],
                    "comment_reactions": null,
                    "comment_reaction_count": null
                }
            ]
        },
        {
            "comment_id": "10159563111018904",
            "comment_url": "https://facebook.com/10159563111018904",
            "commenter_id": "1359186695",
            "commenter_url": "https://facebook.com/brad.saltzberg?fref=nf&rc=p&refid=52",
            "commenter_name": "Brad Salzberg",
            "commenter_meta": null,
            "comment_text": "The opposite of the truth, of course",
            "comment_time": "2022-02-16 19:08:08",
            "comment_image": null,
            "comment_reactors": [],
            "comment_reactions": null,
            "comment_reaction_count": null,
            "replies": []
        },
        {
            "comment_id": "10159562923963904",
            "comment_url": "https://facebook.com/10159562923963904",
            "commenter_id": "789410243",
            "commenter_url": "https://facebook.com/modernmod?fref=nf&rc=p&refid=52",
            "commenter_name": "Duarte Da Silva",
            "commenter_meta": null,
            "comment_text": "Good job, convoy!",
            "comment_time": "2022-02-16 19:08:08",
            "comment_image": null,
            "comment_reactors": [],
            "comment_reactions": null,
            "comment_reaction_count": null,
            "replies": [
                {
                    "comment_id": "10159562955283904",
                    "comment_url": "https://facebook.com/10159562955283904",
                    "commenter_id": "100011763619914",
                    "commenter_url": "https://facebook.com/louise.mccarthy.31508?fref=nf&rc=p",
                    "commenter_name": "Louise McCarthy",
                    "commenter_meta": null,
                    "comment_text": "Duarte Da Silva Bunch of idiots",
                    "comment_time": "2022-02-16 19:08:16",
                    "comment_image": "https://scontent.xx.fbcdn.net/m1/v/t6/An_UvxJXg9tdnLU3Y5qjPi0200MLilhzPXUgxzGjQzUMaNcmjdZA6anyrngvkdub33NZzZhd51fpCAEzNHFhko5aKRFP5fS1w_lKwYrzcNLupv27.png?ccb=10-5&oh=00_AT9C82irDy7Sn8cI_UEelmRC1FY5K5jw2pfWXlZ8QaKL1g&oe=62246CF9&_nc_sid=55e238",
                    "comment_reactors": [],
                    "comment_reactions": null,
                    "comment_reaction_count": null
                },
                {
                    "comment_id": "10159563301308904",
                    "comment_url": "https://facebook.com/10159563301308904",
                    "commenter_id": "1586745692",
                    "commenter_url": "https://facebook.com/paul.sammut.545?fref=nf&rc=p",
                    "commenter_name": "Paul Sammut",
                    "commenter_meta": null,
                    "comment_text": "Louise McCarthy dont you have some selves to stock",
                    "comment_time": "2022-02-16 19:08:16",
                    "comment_image": null,
                    "comment_reactors": [],
                    "comment_reactions": null,
                    "comment_reaction_count": null
                },
                {
                    "comment_id": "10159563302428904",
                    "comment_url": "https://facebook.com/10159563302428904",
                    "commenter_id": "1586745692",
                    "commenter_url": "https://facebook.com/paul.sammut.545?fref=nf&rc=p",
                    "commenter_name": "Paul Sammut",
                    "commenter_meta": null,
                    "comment_text": "FJT",
                    "comment_time": "2022-02-16 19:08:16",
                    "comment_image": null,
                    "comment_reactors": [],
                    "comment_reactions": null,
                    "comment_reaction_count": null
                }
            ]
        },
        {
            "comment_id": "10159562974113904",
            "comment_url": "https://facebook.com/10159562974113904",
            "commenter_id": "100000153925366",
            "commenter_url": "https://facebook.com/cathy.kotze?fref=nf&rc=p&refid=52",
            "commenter_name": "Cathy Kotz\u00e9",
            "commenter_meta": null,
            "comment_text": "Firstly: That \u201cfew protesters\u201d are more than the people who voted for Justin Trudeau in the previous election.\n\nFor years Justin Trudeau has told the police that they are racist, sexist, homophobic and misogynists. Now he wants THEM to save his bacon?\n\nJustin Trudeau\u2019s handling of the situation is the ONLY failure that has done enormous damage to Canada\u2019s reputation at the worst possible time.\n\nThese are not anti vaccine protestors. (Most of them are fully vaccinated). These are anti vaccine MANDATE protests.\n\nHow do we know that vaccines mandates no longer work? Look no further than Prime Minister Justin Trudeau himself. He himself tested positive for COVID despite the fact that he, and his whole family, have been vaccinated.\n\nIs Edward Alden really the only person who hasn\u2019t noticed that Canada\u2019s Trucker Protest has galvanized similar minded protestors around te world?",
            "comment_time": "2022-02-16 19:08:08",
            "comment_image": null,
            "comment_reactors": [],
            "comment_reactions": null,
            "comment_reaction_count": null,
            "replies": [
                {
                    "comment_id": "10159563103953904",
                    "comment_url": "https://facebook.com/10159563103953904",
                    "commenter_id": "647204739",
                    "commenter_url": "https://facebook.com/robert.drain?fref=nf&rc=p",
                    "commenter_name": "Robert James Drain",
                    "commenter_meta": null,
                    "comment_text": "Cathy Kotz\u00e9 Standing back and looking at 'all' the issues that are being protested against it's hard to find a person that cannot agree with some of them. That said, blocking the border and causing 5000 auto workers to be temporarily laid off, and having the US start to look to Canada as an unreliable trading partner, was stupid. Just how stupid we won't know for a year or two but I suspect the US will start to claw back some industry.\nThe Libs and NDP ran on a platform of vaccine mandates, the Cons were soft on it, the PPC was hard against it. The PCC was crushed. The Libs and NDP run things, so Canada had a say just a few months ago and all Canadians decided.\nIf you don't like that choice, well, sucks to be you. Maybe next time you'll win. If it makes you feel better I'd rather eat my vote than vote for Justin.",
                    "comment_time": "2022-02-16 19:08:17",
                    "comment_image": "https://scontent.xx.fbcdn.net/m1/v/t6/An_UvxJXg9tdnLU3Y5qjPi0200MLilhzPXUgxzGjQzUMaNcmjdZA6anyrngvkdub33NZzZhd51fpCAEzNHFhko5aKRFP5fS1w_lKwYrzcNLupv27.png?ccb=10-5&oh=00_AT9C82irDy7Sn8cI_UEelmRC1FY5K5jw2pfWXlZ8QaKL1g&oe=62246CF9&_nc_sid=55e238",
                    "comment_reactors": [],
                    "comment_reactions": null,
                    "comment_reaction_count": null
                },
                {
                    "comment_id": "10159563124743904",
                    "comment_url": "https://facebook.com/10159563124743904",
                    "commenter_id": "100046039091987",
                    "commenter_url": "https://facebook.com/joe.cote.258?fref=nf&rc=p",
                    "commenter_name": "Joe Cote",
                    "commenter_meta": null,
                    "comment_text": "Robert James Drain, Protests are supposed to create hardship for as many as possible. Otherwise they would be ineffective!",
                    "comment_time": "2022-02-16 19:08:17",
                    "comment_image": null,
                    "comment_reactors": [],
                    "comment_reactions": null,
                    "comment_reaction_count": null
                },
                {
                    "comment_id": "10159563135713904",
                    "comment_url": "https://facebook.com/10159563135713904",
                    "commenter_id": "647204739",
                    "commenter_url": "https://facebook.com/robert.drain?fref=nf&rc=p",
                    "commenter_name": "Robert James Drain",
                    "commenter_meta": null,
                    "comment_text": "Joe Cote These hurt the wrong people. Software engineers, doctors and lawyers. This was just traffic. Those auto-workers, they're going to have a lean February.\nLonger term if the US pulls industry back, that will make all of the people that protested lives harder.",
                    "comment_time": "2022-02-16 19:08:17",
                    "comment_image": null,
                    "comment_reactors": [],
                    "comment_reactions": null,
                    "comment_reaction_count": null
                },
                {
                    "comment_id": "10159563179908904",
                    "comment_url": "https://facebook.com/10159563179908904",
                    "commenter_id": "100000153925366",
                    "commenter_url": "https://facebook.com/cathy.kotze?fref=nf&rc=p",
                    "commenter_name": "Cathy Kotz\u00e9",
                    "commenter_meta": null,
                    "comment_text": "Robert James Drain Vaccine mandates used to work and for that we are very thankful.\n\nBut then Omicron came along and suddenly no one was safe. Vaccines could not prevent anyone from getting sick.\n\nThis situation became very fluid after Omicron. Suddenly everything we believed changed.\n\nOf course we should be upset about the disruption. We should be more upset about the fact that Justin Trudeau refused to talk to these people in order to find middle ground. His name calling is even more upsetting.\n\nHow many of us have been involved in union discussions? The initials demands are never met, but there is eventually a compromise.",
                    "comment_time": "2022-02-16 19:08:17",
                    "comment_image": "https://scontent.xx.fbcdn.net/m1/v/t6/An_UvxJXg9tdnLU3Y5qjPi0200MLilhzPXUgxzGjQzUMaNcmjdZA6anyrngvkdub33NZzZhd51fpCAEzNHFhko5aKRFP5fS1w_lKwYrzcNLupv27.png?ccb=10-5&oh=00_AT9C82irDy7Sn8cI_UEelmRC1FY5K5jw2pfWXlZ8QaKL1g&oe=62246CF9&_nc_sid=55e238",
                    "comment_reactors": [],
                    "comment_reactions": null,
                    "comment_reaction_count": null
                }
            ]
        },
        {
            "comment_id": "10159562937178904",
            "comment_url": "https://facebook.com/10159562937178904",
            "commenter_id": "521246230",
            "commenter_url": "https://facebook.com/robthegolfnut?fref=nf&rc=p&refid=52",
            "commenter_name": "Rob Simpson",
            "commenter_meta": null,
            "comment_text": "trudeau has been destoring our image since elected!!",
            "comment_time": "2022-02-16 19:08:08",
            "comment_image": null,
            "comment_reactors": [],
            "comment_reactions": null,
            "comment_reaction_count": null,
            "replies": [
                {
                    "comment_id": "10159563021203904",
                    "comment_url": "https://facebook.com/10159563021203904",
                    "commenter_id": "643278019",
                    "commenter_url": "https://facebook.com/chris.hiller.52?fref=nf&rc=p",
                    "commenter_name": "Chris Pelican",
                    "commenter_meta": null,
                    "comment_text": "Rob Simpson lol you mean restoring",
                    "comment_time": "2022-02-16 19:08:18",
                    "comment_image": "https://scontent.xx.fbcdn.net/m1/v/t6/An_F9bJG7govfshSMBkvcRLcxT0jmiXVYKtr7lgH5AHgUrjjpZ1OD0xyxXYgf7arc0lWgCdrR_KN4Mg7RSN3Gm3W6Gg03N1tQ-ZXzVvFJ_KvvB4.png?ccb=10-5&oh=00_AT8ScZKrgCPhmfSgYBZgvnQHv14vvPQpgzOW8DDMFGGodg&oe=62243F67&_nc_sid=55e238",
                    "comment_reactors": [],
                    "comment_reactions": null,
                    "comment_reaction_count": null
                },
                {
                    "comment_id": "10159563032828904",
                    "comment_url": "https://facebook.com/10159563032828904",
                    "commenter_id": "100006667417069",
                    "commenter_url": "https://facebook.com/scott.mills.7946281?fref=nf&rc=p",
                    "commenter_name": "Scotty Mills",
                    "commenter_meta": null,
                    "comment_text": "Chris Pelican You mean by wearing blackface? Or do you mean that joke of a photo-shoot in India?",
                    "comment_time": "2022-02-16 19:08:18",
                    "comment_image": "https://scontent.xx.fbcdn.net/m1/v/t6/An_UvxJXg9tdnLU3Y5qjPi0200MLilhzPXUgxzGjQzUMaNcmjdZA6anyrngvkdub33NZzZhd51fpCAEzNHFhko5aKRFP5fS1w_lKwYrzcNLupv27.png?ccb=10-5&oh=00_AT9C82irDy7Sn8cI_UEelmRC1FY5K5jw2pfWXlZ8QaKL1g&oe=62246CF9&_nc_sid=55e238",
                    "comment_reactors": [],
                    "comment_reactions": null,
                    "comment_reaction_count": null
                },
                {
                    "comment_id": "10159563046073904",
                    "comment_url": "https://facebook.com/10159563046073904",
                    "commenter_id": "643278019",
                    "commenter_url": "https://facebook.com/chris.hiller.52?fref=nf&rc=p",
                    "commenter_name": "Chris Pelican",
                    "commenter_meta": null,
                    "comment_text": "Scotty Mills I\u2019m an old woman and I don\u2019t support this alt right circle jerk\u2764\ufe0f",
                    "comment_time": "2022-02-16 19:08:18",
                    "comment_image": null,
                    "comment_reactors": [],
                    "comment_reactions": null,
                    "comment_reaction_count": null
                },
                {
                    "comment_id": "10159563051338904",
                    "comment_url": "https://facebook.com/10159563051338904",
                    "commenter_id": "100006667417069",
                    "commenter_url": "https://facebook.com/scott.mills.7946281?fref=nf&rc=p",
                    "commenter_name": "Scotty Mills",
                    "commenter_meta": null,
                    "comment_text": "Chris Pelican Yet, you have no problem displaying your narrow-minded prejudice.",
                    "comment_time": "2022-02-16 19:08:18",
                    "comment_image": "https://scontent.xx.fbcdn.net/m1/v/t6/An_UvxJXg9tdnLU3Y5qjPi0200MLilhzPXUgxzGjQzUMaNcmjdZA6anyrngvkdub33NZzZhd51fpCAEzNHFhko5aKRFP5fS1w_lKwYrzcNLupv27.png?ccb=10-5&oh=00_AT9C82irDy7Sn8cI_UEelmRC1FY5K5jw2pfWXlZ8QaKL1g&oe=62246CF9&_nc_sid=55e238",
                    "comment_reactors": [],
                    "comment_reactions": null,
                    "comment_reaction_count": null
                },
                {
                    "comment_id": "10159563054328904",
                    "comment_url": "https://facebook.com/10159563054328904",
                    "commenter_id": "643278019",
                    "commenter_url": "https://facebook.com/chris.hiller.52?fref=nf&rc=p",
                    "commenter_name": "Chris Pelican",
                    "commenter_meta": null,
                    "comment_text": "Scotty Mills thanks, I am working on that\u2764\ufe0f",
                    "comment_time": "2022-02-16 19:08:18",
                    "comment_image": "https://scontent.xx.fbcdn.net/m1/v/t6/An_UvxJXg9tdnLU3Y5qjPi0200MLilhzPXUgxzGjQzUMaNcmjdZA6anyrngvkdub33NZzZhd51fpCAEzNHFhko5aKRFP5fS1w_lKwYrzcNLupv27.png?ccb=10-5&oh=00_AT9C82irDy7Sn8cI_UEelmRC1FY5K5jw2pfWXlZ8QaKL1g&oe=62246CF9&_nc_sid=55e238",
                    "comment_reactors": [],
                    "comment_reactions": null,
                    "comment_reaction_count": null
                }
            ]
        },
        {
            "comment_id": "10159562993283904",
            "comment_url": "https://facebook.com/10159562993283904",
            "commenter_id": "100009944975536",
            "commenter_url": "https://facebook.com/profile.php?id=100009944975536&fref=nf&rc=p&refid=52",
            "commenter_name": "Heather Sluggett",
            "commenter_meta": null,
            "comment_text": "Disagree- it brought people together and now it\u2019s happening around the world! And people showing politicians that they\u2019ve had enough of certain leaders dictating - and a lot of the shortages were held up prior to the trucker convoys.",
            "comment_time": "2022-02-16 19:08:08",
            "comment_image": null,
            "comment_reactors": [],
            "comment_reactions": null,
            "comment_reaction_count": null,
            "replies": [
                {
                    "comment_id": "10159563022308904",
                    "comment_url": "https://facebook.com/10159563022308904",
                    "commenter_id": "552340251",
                    "commenter_url": "https://facebook.com/alindsey1?fref=nf&rc=p",
                    "commenter_name": "Andrew Lindsey",
                    "commenter_meta": null,
                    "comment_text": "It would make more sense if they were protesting permanent restrictions that we've had for decades since 9/11, rather than temporary ones that were being repealed globally as covid numbers drop.",
                    "comment_time": "2022-02-16 19:08:20",
                    "comment_image": "https://scontent.xx.fbcdn.net/m1/v/t6/An_UvxJXg9tdnLU3Y5qjPi0200MLilhzPXUgxzGjQzUMaNcmjdZA6anyrngvkdub33NZzZhd51fpCAEzNHFhko5aKRFP5fS1w_lKwYrzcNLupv27.png?ccb=10-5&oh=00_AT9C82irDy7Sn8cI_UEelmRC1FY5K5jw2pfWXlZ8QaKL1g&oe=62246CF9&_nc_sid=55e238",
                    "comment_reactors": [],
                    "comment_reactions": null,
                    "comment_reaction_count": null
                },
                {
                    "comment_id": "10159563056858904",
                    "comment_url": "https://facebook.com/10159563056858904",
                    "commenter_id": "100011255710508",
                    "commenter_url": "https://facebook.com/profile.php?id=100011255710508&fref=nf&rc=p",
                    "commenter_name": "Jim Preyde",
                    "commenter_meta": null,
                    "comment_text": "Heather Sluggett oh it's bringing people together alright! Just not in the way you were hoping for...\n\nhttps://\nwww.google.com/\nurl?sa=t&source=\nweb&rct=j&url=h\nttps%3A%2F%2Fva\nncouver.citynew\ns.ca%2F2022%2F0\n2%2F12%2Ftwo-th\nirds-of-canadia\nns-support-mili\ntary-force-to-e\nnd-ottawa-prote\nsts-poll%2Famp%\n2F&ved=2ahUKEwj\nT7dGru__1AhWtl2\noFHbtyCwQQFnoEC\nBsQAQ&usg=AOvVa\nw2v0qBTAeutYWGg\n4bfqBCfr",
                    "comment_time": "2022-02-16 19:08:20",
                    "comment_image": "https://www.google.com/url?sa=t&source=web&rct=j&url=https%3A%2F%2Fvancouver.citynews.ca%2F2022%2F02%2F12%2Ftwo-thirds-of-canadians-support-military-force-to-end-ottawa-protests-poll%2Famp%2F&ved=2ahUKEwjT7dGru__1AhWtl2oFHbtyCwQQFnoECBsQAQ&usg=AOvVaw2v0qBTAeutYWGg4bfqBCfr&fbclid=IwAR1jRv0SPO7cYDOU7gpDa5a1KG_AMS9rONeEnZAiUrqpmJZIEtvgDwrmzM8",
                    "comment_reactors": [],
                    "comment_reactions": null,
                    "comment_reaction_count": null
                },
                {
                    "comment_id": "10159563069983904",
                    "comment_url": "https://facebook.com/10159563069983904",
                    "commenter_id": "100006667417069",
                    "commenter_url": "https://facebook.com/scott.mills.7946281?fref=nf&rc=p",
                    "commenter_name": "Scotty Mills",
                    "commenter_meta": null,
                    "comment_text": "Jim Preyde LOL. This poll was conducting using \"Maru Voice panelists\". Right there at the bottom. Gee, they weren't paid for their \"opinion\", were they?",
                    "comment_time": "2022-02-16 19:08:20",
                    "comment_image": "https://scontent.xx.fbcdn.net/m1/v/t6/An_F9bJG7govfshSMBkvcRLcxT0jmiXVYKtr7lgH5AHgUrjjpZ1OD0xyxXYgf7arc0lWgCdrR_KN4Mg7RSN3Gm3W6Gg03N1tQ-ZXzVvFJ_KvvB4.png?ccb=10-5&oh=00_AT8ScZKrgCPhmfSgYBZgvnQHv14vvPQpgzOW8DDMFGGodg&oe=62243F67&_nc_sid=55e238",
                    "comment_reactors": [],
                    "comment_reactions": null,
                    "comment_reaction_count": null
                },
                {
                    "comment_id": "10159563073733904",
                    "comment_url": "https://facebook.com/10159563073733904",
                    "commenter_id": "100011255710508",
                    "commenter_url": "https://facebook.com/profile.php?id=100011255710508&fref=nf&rc=p",
                    "commenter_name": "Jim Preyde",
                    "commenter_meta": null,
                    "comment_text": "Scotty Mills\n\n\ud83d\ude02\ud83e\udd23\ud83d\ude05\ud83d\ude06\ud83d\ude01\ud83d\ude06\ud83d\ude05\ud83e\udd23\ud83e\udd23\n\nAnd here's ANOTHER poll ya won't like, Scotty!\n\n\ud83d\ude09\n\nhttps://\nwww.google.com/\nurl?sa=t&source=\nweb&rct=j&url=h\nttps%3A%2F%2Fbe\nta.cp24.com%2Fn\news%2F2022%2F2%\n2F8%2F1_5772347\n.html&ved=2ahUK\nEwjR9YHv5__1AhX\n6kIkEHTZVA-QQFn\noECDIQAQ&usg=AO\nvVaw3V3wa7Y-2in\ns62GzQU_IPe",
                    "comment_time": "2022-02-16 19:08:20",
                    "comment_image": "https://www.google.com/url?sa=t&source=web&rct=j&url=https%3A%2F%2Fbeta.cp24.com%2Fnews%2F2022%2F2%2F8%2F1_5772347.html&ved=2ahUKEwjR9YHv5__1AhX6kIkEHTZVA-QQFnoECDIQAQ&usg=AOvVaw3V3wa7Y-2ins62GzQU_IPe&fbclid=IwAR22x8FQhC4RdkUfNZZwQ98qLkytRIYsjYUI-4dNJDzj4tVe1ih5HDSW9fE",
                    "comment_reactors": [],
                    "comment_reactions": null,
                    "comment_reaction_count": null
                },
                {
                    "comment_id": "10159563074513904",
                    "comment_url": "https://facebook.com/10159563074513904",
                    "commenter_id": "100011255710508",
                    "commenter_url": "https://facebook.com/profile.php?id=100011255710508&fref=nf&rc=p",
                    "commenter_name": "Jim Preyde",
                    "commenter_meta": null,
                    "comment_text": "Scotty Mills it gets worse!\n\n\ud83d\ude09\n\nhttps://\nwww.google.com/\nurl?sa=t&source=\nweb&rct=j&url=h\nttps%3A%2F%2Fww\nw.vox.com%2Fpla\ntform%2Famp%2Fp\nolicy-and-polit\nics%2F22926134%\n2Fcanada-trucke\nr-freedom-convo\ny-protest-ottaw\na&ved=2ahUKEwjR\n9YHv5__1AhX6kIk\nEHTZVA-QQFnoECB\nYQAQ&usg=AOvVaw\n3OFA9qYgLmt4Ar5\nyGWEIM1",
                    "comment_time": "2022-02-16 19:08:20",
                    "comment_image": "https://www.google.com/url?sa=t&source=web&rct=j&url=https%3A%2F%2Fwww.vox.com%2Fplatform%2Famp%2Fpolicy-and-politics%2F22926134%2Fcanada-trucker-freedom-convoy-protest-ottawa&ved=2ahUKEwjR9YHv5__1AhX6kIkEHTZVA-QQFnoECBYQAQ&usg=AOvVaw3OFA9qYgLmt4Ar5yGWEIM1&fbclid=IwAR11-Z1N2MIuTtI_4K9mDdh8deFmV1Wsmp96TQlOqgF3hJCRmrEpWgb3QuU",
                    "comment_reactors": [],
                    "comment_reactions": null,
                    "comment_reaction_count": null
                },
                {
                    "comment_id": "10159563081748904",
                    "comment_url": "https://facebook.com/10159563081748904",
                    "commenter_id": "100006667417069",
                    "commenter_url": "https://facebook.com/scott.mills.7946281?fref=nf&rc=p",
                    "commenter_name": "Scotty Mills",
                    "commenter_meta": null,
                    "comment_text": "Jim Preyde LOL. This poll is a week out of date AND states there is no margin of error because web-based polls are not considered random samples. In other words, narrow-minded people.",
                    "comment_time": "2022-02-16 19:08:20",
                    "comment_image": "https://scontent.xx.fbcdn.net/m1/v/t6/An_F9bJG7govfshSMBkvcRLcxT0jmiXVYKtr7lgH5AHgUrjjpZ1OD0xyxXYgf7arc0lWgCdrR_KN4Mg7RSN3Gm3W6Gg03N1tQ-ZXzVvFJ_KvvB4.png?ccb=10-5&oh=00_AT8ScZKrgCPhmfSgYBZgvnQHv14vvPQpgzOW8DDMFGGodg&oe=62243F67&_nc_sid=55e238",
                    "comment_reactors": [],
                    "comment_reactions": null,
                    "comment_reaction_count": null
                },
                {
                    "comment_id": "10159563091388904",
                    "comment_url": "https://facebook.com/10159563091388904",
                    "commenter_id": "100006667417069",
                    "commenter_url": "https://facebook.com/scott.mills.7946281?fref=nf&rc=p",
                    "commenter_name": "Scotty Mills",
                    "commenter_meta": null,
                    "comment_text": "Jim Preyde Once again, every poll mentioned is at least a week out of date, except for Covid 19 Monitor, which on their website, shows absolutely no polling of the Freedom Convoy, for or against. Big surprise Vox lied. You really need to hit rehab for that Kool-Aid addiction.",
                    "comment_time": "2022-02-16 19:08:20",
                    "comment_image": "https://scontent.xx.fbcdn.net/m1/v/t6/An_F9bJG7govfshSMBkvcRLcxT0jmiXVYKtr7lgH5AHgUrjjpZ1OD0xyxXYgf7arc0lWgCdrR_KN4Mg7RSN3Gm3W6Gg03N1tQ-ZXzVvFJ_KvvB4.png?ccb=10-5&oh=00_AT8ScZKrgCPhmfSgYBZgvnQHv14vvPQpgzOW8DDMFGGodg&oe=62243F67&_nc_sid=55e238",
                    "comment_reactors": [],
                    "comment_reactions": null,
                    "comment_reaction_count": null
                },
                {
                    "comment_id": "10159563095008904",
                    "comment_url": "https://facebook.com/10159563095008904",
                    "commenter_id": "100011255710508",
                    "commenter_url": "https://facebook.com/profile.php?id=100011255710508&fref=nf&rc=p",
                    "commenter_name": "Jim Preyde",
                    "commenter_meta": null,
                    "comment_text": "Scotty Mills now read this one Scotty! Watching you guys spin is FUN!\n\n\ud83d\ude02\ud83d\ude02\ud83e\udd23\ud83e\udd23\n\nhttps://\nwww.google.com/\nurl?sa=t&source=\nweb&rct=j&url=h\nttps%3A%2F%2Fth\neconversation.c\nom%2Famp%2Fmajo\nrity-of-canadia\nns-disagree-wit\nh-freedom-convo\ny-on-vaccine-ma\nndates-and-lock\ndowns-176323&ve\nd=2ahUKEwi3l6z_\n6__1AhWam2oFHch\nbD404ChDIzwEoAH\noECBAQAg&usg=AO\nvVaw3oONXL-MSrR\n2bz_znPCGPp",
                    "comment_time": "2022-02-16 19:08:20",
                    "comment_image": "https://www.google.com/url?sa=t&source=web&rct=j&url=https%3A%2F%2Ftheconversation.com%2Famp%2Fmajority-of-canadians-disagree-with-freedom-convoy-on-vaccine-mandates-and-lockdowns-176323&ved=2ahUKEwi3l6z_6__1AhWam2oFHchbD404ChDIzwEoAHoECBAQAg&usg=AOvVaw3oONXL-MSrR2bz_znPCGPp&fbclid=IwAR2eItp6a1BD08CB2hilHmIVpEuYnMpoQofitvRarCGjps3WIuxIKS6l3AY",
                    "comment_reactors": [],
                    "comment_reactions": null,
                    "comment_reaction_count": null
                },
                {
                    "comment_id": "10159563096348904",
                    "comment_url": "https://facebook.com/10159563096348904",
                    "commenter_id": "100011255710508",
                    "commenter_url": "https://facebook.com/profile.php?id=100011255710508&fref=nf&rc=p",
                    "commenter_name": "Jim Preyde",
                    "commenter_meta": null,
                    "comment_text": "Scotty Mills then read this one next!\n\n\ud83d\ude02\ud83e\udd23\ud83d\ude05\ud83d\ude06\n\nhttps://\nwww.google.com/\nurl?sa=t&source=\nweb&rct=j&url=h\nttps%3A%2F%2Fww\nw.insauga.com%2\nFmost-canadians\n-disagree-with-\nfreedom-convoy-\non-covid-19-vac\ncine-mandates-a\nnd-lockdowns-mc\nmaster-universi\nty-study%2F&ved\n=2ahUKEwjLp-qZ7\nP_1AhWjnWoFHc2I\nDAM4FBDF9AEoAHo\nECAMQAg&usg=AOv\nVaw3q3dqc_rsJbW\nTRqAOKF_hU",
                    "comment_time": "2022-02-16 19:08:20",
                    "comment_image": "https://www.google.com/url?sa=t&source=web&rct=j&url=https%3A%2F%2Fwww.insauga.com%2Fmost-canadians-disagree-with-freedom-convoy-on-covid-19-vaccine-mandates-and-lockdowns-mcmaster-university-study%2F&ved=2ahUKEwjLp-qZ7P_1AhWjnWoFHc2IDAM4FBDF9AEoAHoECAMQAg&usg=AOvVaw3q3dqc_rsJbWTRqAOKF_hU&fbclid=IwAR2pswdo8f7G1DwnwYsa-_i1YOYARDP_hlFKdCKObY5c-ckRQlOk7L8LTaw",
                    "comment_reactors": [],
                    "comment_reactions": null,
                    "comment_reaction_count": null
                },
                {
                    "comment_id": "10159563098488904",
                    "comment_url": "https://facebook.com/10159563098488904",
                    "commenter_id": "100011255710508",
                    "commenter_url": "https://facebook.com/profile.php?id=100011255710508&fref=nf&rc=p",
                    "commenter_name": "Jim Preyde",
                    "commenter_meta": null,
                    "comment_text": "Scotty Mills ooops!\n\n\ud83d\ude02\ud83d\ude06\ud83d\ude05\ud83e\udd23\ud83e\udd23\n\nhttps://\nwww.google.com/\nurl?sa=t&source=\nweb&rct=j&url=h\nttps%3A%2F%2Fab\nacusdata.ca%2Ff\nreedom-convoy-p\nublic-reaction-\nfebruary-2022%2\nF&ved=2ahUKEwjz\n84TX7P_1AhWTm2o\nFHUofDfU4HhDF9A\nEoAHoECAMQAg&us\ng=AOvVaw3MckyYA\n6q0cA5jda4nz0HM",
                    "comment_time": "2022-02-16 19:08:20",
                    "comment_image": "https://www.google.com/url?sa=t&source=web&rct=j&url=https%3A%2F%2Fabacusdata.ca%2Ffreedom-convoy-public-reaction-february-2022%2F&ved=2ahUKEwjz84TX7P_1AhWTm2oFHUofDfU4HhDF9AEoAHoECAMQAg&usg=AOvVaw3MckyYA6q0cA5jda4nz0HM&fbclid=IwAR1Gj5N_F-ecTBg1R4arA0FngD0mTMTdtOCJtqZ5-A0tn9pugmxrhdITLYs",
                    "comment_reactors": [],
                    "comment_reactions": null,
                    "comment_reaction_count": null
                },
                {
                    "comment_id": "10159563099808904",
                    "comment_url": "https://facebook.com/10159563099808904",
                    "commenter_id": "100011255710508",
                    "commenter_url": "https://facebook.com/profile.php?id=100011255710508&fref=nf&rc=p",
                    "commenter_name": "Jim Preyde",
                    "commenter_meta": null,
                    "comment_text": "Scotty Mills ouch.\n\n\ud83d\ude02\ud83e\udd23\ud83d\ude05\ud83d\ude06\ud83d\ude01\n\nhttps://\nwww.google.com/\nurl?sa=t&source=\nweb&rct=j&url=h\nttps%3A%2F%2Fww\nw.ckbw.ca%2F202\n2%2F02%2F08%2Fm\najority-of-cana\ndians-strongly-\noppose-convoy%2\nF&ved=2ahUKEwie\nl4j27P_1AhUgmmo\nFHWahAMc4KBDF9A\nEoAHoECAwQAg&us\ng=AOvVaw1a3cfTq\nUbj-nex0volTAJl",
                    "comment_time": "2022-02-16 19:08:20",
                    "comment_image": "https://www.google.com/url?sa=t&source=web&rct=j&url=https%3A%2F%2Fwww.ckbw.ca%2F2022%2F02%2F08%2Fmajority-of-canadians-strongly-oppose-convoy%2F&ved=2ahUKEwiel4j27P_1AhUgmmoFHWahAMc4KBDF9AEoAHoECAwQAg&usg=AOvVaw1a3cfTqUbj-nex0volTAJl&fbclid=IwAR3smHykJv5sdvDvw16lYs2KQnSQL2IyljY319w9GQqZU7i1ZeX06f0U_GA",
                    "comment_reactors": [],
                    "comment_reactions": null,
                    "comment_reaction_count": null
                },
                {
                    "comment_id": "10159563366773904",
                    "comment_url": "https://facebook.com/10159563366773904",
                    "commenter_id": "760164154",
                    "commenter_url": "https://facebook.com/jeff.heisler1?fref=nf&rc=p",
                    "commenter_name": "Jeff Heisler",
                    "commenter_meta": "Top fan",
                    "comment_text": "Heather Sluggett Unless you're only happy when others are unhappy! There are sure lots of those people.",
                    "comment_time": "2022-02-16 19:08:20",
                    "comment_image": "https://static.xx.fbcdn.net/rsrc.php/v3/y7/r/4bRBCBmu1Q9.png",
                    "comment_reactors": [],
                    "comment_reactions": null,
                    "comment_reaction_count": null
                }
            ]
        },
        {
            "comment_id": "10159563105728904",
            "comment_url": "https://facebook.com/10159563105728904",
            "commenter_id": "100023596554248",
            "commenter_url": "https://facebook.com/bonna.haldenby?fref=nf&rc=p&refid=52",
            "commenter_name": "Bonna Haldenby",
            "commenter_meta": null,
            "comment_text": "Nothing but bullies! Trudeau in WAY over his head...maturity\nneeded here.",
            "comment_time": "2022-02-16 19:08:08",
            "comment_image": null,
            "comment_reactors": [],
            "comment_reactions": null,
            "comment_reaction_count": null,
            "replies": []
        },
        {
            "comment_id": "10159563494998904",
            "comment_url": "https://facebook.com/10159563494998904",
            "commenter_id": "515819310",
            "commenter_url": "https://facebook.com/RoboHar?fref=nf&rc=p&refid=52",
            "commenter_name": "Robin Hardement",
            "commenter_meta": null,
            "comment_text": "No, Prime Minister Blackface invoking Emergency Measures rather than talking with people is much worse.",
            "comment_time": "2022-02-16 19:08:08",
            "comment_image": null,
            "comment_reactors": [],
            "comment_reactions": null,
            "comment_reaction_count": null,
            "replies": []
        },
        {
            "comment_id": "10159563081788904",
            "comment_url": "https://facebook.com/10159563081788904",
            "commenter_id": "100013149259168",
            "commenter_url": "https://facebook.com/amanda.rattiloucks?fref=nf&rc=p&refid=52",
            "commenter_name": "Amanda M Loucks",
            "commenter_meta": null,
            "comment_text": "Need to close em all on both sides till the end of all emergency acts and mandates",
            "comment_time": "2022-02-16 19:08:08",
            "comment_image": null,
            "comment_reactors": [],
            "comment_reactions": null,
            "comment_reaction_count": null,
            "replies": []
        },
        {
            "comment_id": "10159563537478904",
            "comment_url": "https://facebook.com/10159563537478904",
            "commenter_id": "100001595214468",
            "commenter_url": "https://facebook.com/jeff.hunter.52438?fref=nf&rc=p&refid=52",
            "commenter_name": "Jeff Hunter",
            "commenter_meta": null,
            "comment_text": "its no wonder, what a wimpy response from our governments to criminal mayhem. pathetic",
            "comment_time": "2022-02-16 19:08:08",
            "comment_image": null,
            "comment_reactors": [],
            "comment_reactions": null,
            "comment_reaction_count": null,
            "replies": []
        },
        {
            "comment_id": "10159563364413904",
            "comment_url": "https://facebook.com/10159563364413904",
            "commenter_id": "760164154",
            "commenter_url": "https://facebook.com/jeff.heisler1?fref=nf&rc=p&refid=52",
            "commenter_name": "Jeff Heisler",
            "commenter_meta": "Top fan",
            "comment_text": "Ummmmm you spelled Trudeau wrong!",
            "comment_time": "2022-02-16 19:08:08",
            "comment_image": null,
            "comment_reactors": [],
            "comment_reactions": null,
            "comment_reaction_count": null,
            "replies": []
        },
        {
            "comment_id": "10159564608738904",
            "comment_url": "https://facebook.com/10159564608738904",
            "commenter_id": "641470704",
            "commenter_url": "https://facebook.com/john.sansone.102?fref=nf&rc=p&refid=52",
            "commenter_name": "Johnny Apple Seed",
            "commenter_meta": null,
            "comment_text": "What horrible propaganda! Infringing on basic human rights is what has damaged Canada's rep. End the mandates!",
            "comment_time": "2022-02-16 19:08:08",
            "comment_image": null,
            "comment_reactors": [],
            "comment_reactions": null,
            "comment_reaction_count": null,
            "replies": []
        },
        {
            "comment_id": "10159563694598904",
            "comment_url": "https://facebook.com/10159563694598904",
            "commenter_id": "588720642",
            "commenter_url": "https://facebook.com/derek.s.cunningham?fref=nf&rc=p&refid=52",
            "commenter_name": "Derek Steven Cunningham",
            "commenter_meta": null,
            "comment_text": "It is Trudeau himself that has destroyed DEMOCRACY!!!",
            "comment_time": "2022-02-16 19:08:08",
            "comment_image": null,
            "comment_reactors": [],
            "comment_reactions": null,
            "comment_reaction_count": null,
            "replies": []
        },
        {
            "comment_id": "10159563055283904",
            "comment_url": "https://facebook.com/10159563055283904",
            "commenter_id": "1102084009",
            "commenter_url": "https://facebook.com/carla.baganha.1?fref=nf&rc=p&refid=52",
            "commenter_name": "Carla Baganha",
            "commenter_meta": null,
            "comment_text": "No Trudeau did this and you know it ..stop passing the buck.and take ownership .",
            "comment_time": "2022-02-16 19:08:08",
            "comment_image": null,
            "comment_reactors": [],
            "comment_reactions": null,
            "comment_reaction_count": null,
            "replies": []
        },
        {
            "comment_id": "10159563175763904",
            "comment_url": "https://facebook.com/10159563175763904",
            "commenter_id": "791540028",
            "commenter_url": "https://facebook.com/PUGSLEY3?fref=nf&rc=p&refid=52",
            "commenter_name": "Chris Nordness",
            "commenter_meta": null,
            "comment_text": "no taking away freedom from Canadian citizens that employ the government did that all other countries are opening Trudeau and his Liberals just want to keep the emergeny funding deficit and debt keep going higher he thinks hes a ruler hes not evem a leader",
            "comment_time": "2022-02-16 19:08:08",
            "comment_image": null,
            "comment_reactors": [],
            "comment_reactions": null,
            "comment_reaction_count": null,
            "replies": []
        },
        {
            "comment_id": "10159563178023904",
            "comment_url": "https://facebook.com/10159563178023904",
            "commenter_id": "100021222161018",
            "commenter_url": "https://facebook.com/mary.mcdonnell.16906?fref=nf&rc=p&refid=52",
            "commenter_name": "Mary McDonnell",
            "commenter_meta": null,
            "comment_text": "Fake news.",
            "comment_time": "2022-02-16 19:08:08",
            "comment_image": null,
            "comment_reactors": [],
            "comment_reactions": null,
            "comment_reaction_count": null,
            "replies": []
        },
        {
            "comment_id": "10159563254713904",
            "comment_url": "https://facebook.com/10159563254713904",
            "commenter_id": "1063477397",
            "commenter_url": "https://facebook.com/stephen.duke.104?fref=nf&rc=p&refid=52",
            "commenter_name": "Stephen Duke",
            "commenter_meta": null,
            "comment_text": "on the other hand, if there was any doubt Canada has fringe anit-government\ngroups, it has been all but erased.",
            "comment_time": "2022-02-16 19:08:08",
            "comment_image": null,
            "comment_reactors": [],
            "comment_reactions": null,
            "comment_reaction_count": null,
            "replies": []
        },
        {
            "comment_id": "10159563013448904",
            "comment_url": "https://facebook.com/10159563013448904",
            "commenter_id": "534818857",
            "commenter_url": "https://facebook.com/boffo.mcgurk?fref=nf&rc=p&refid=52",
            "commenter_name": "Boffo McGurk",
            "commenter_meta": null,
            "comment_text": "Perhaps we should follow the money coming from America in support of the protesters?",
            "comment_time": "2022-02-16 19:08:08",
            "comment_image": null,
            "comment_reactors": [],
            "comment_reactions": null,
            "comment_reaction_count": null,
            "replies": [
                {
                    "comment_id": "10159563036968904",
                    "comment_url": "https://facebook.com/10159563036968904",
                    "commenter_id": "100006667417069",
                    "commenter_url": "https://facebook.com/scott.mills.7946281?fref=nf&rc=p",
                    "commenter_name": "Scotty Mills",
                    "commenter_meta": null,
                    "comment_text": "Boffo McGurk Perhaps we should recognise people all over the world have the right to donate and support peaceful protest.",
                    "comment_time": "2022-02-16 19:08:23",
                    "comment_image": "https://scontent.xx.fbcdn.net/m1/v/t6/An_UvxJXg9tdnLU3Y5qjPi0200MLilhzPXUgxzGjQzUMaNcmjdZA6anyrngvkdub33NZzZhd51fpCAEzNHFhko5aKRFP5fS1w_lKwYrzcNLupv27.png?ccb=10-5&oh=00_AT9C82irDy7Sn8cI_UEelmRC1FY5K5jw2pfWXlZ8QaKL1g&oe=62246CF9&_nc_sid=55e238",
                    "comment_reactors": [],
                    "comment_reactions": null,
                    "comment_reaction_count": null
                },
                {
                    "comment_id": "10159563044818904",
                    "comment_url": "https://facebook.com/10159563044818904",
                    "commenter_id": "100001514270153",
                    "commenter_url": "https://facebook.com/profile.php?id=100001514270153&fref=nf&rc=p",
                    "commenter_name": "Tom Edwards",
                    "commenter_meta": null,
                    "comment_text": "Boffo McGurk , let's investigate the Trudeau foundation ???\nForeign donations skyrocketed after Trudeau gained office, and was offering his cash for access program.\nAlso remember just after Trudeau won, he made what, $30,000,000.00 gift to the Clinton foundation, ??????\nFor services rendered ????",
                    "comment_time": "2022-02-16 19:08:23",
                    "comment_image": "https://scontent.xx.fbcdn.net/m1/v/t6/An_UvxJXg9tdnLU3Y5qjPi0200MLilhzPXUgxzGjQzUMaNcmjdZA6anyrngvkdub33NZzZhd51fpCAEzNHFhko5aKRFP5fS1w_lKwYrzcNLupv27.png?ccb=10-5&oh=00_AT9C82irDy7Sn8cI_UEelmRC1FY5K5jw2pfWXlZ8QaKL1g&oe=62246CF9&_nc_sid=55e238",
                    "comment_reactors": [],
                    "comment_reactions": null,
                    "comment_reaction_count": null
                },
                {
                    "comment_id": "10159563132743904",
                    "comment_url": "https://facebook.com/10159563132743904",
                    "commenter_id": "534818857",
                    "commenter_url": "https://facebook.com/boffo.mcgurk?fref=nf&rc=p",
                    "commenter_name": "Boffo McGurk",
                    "commenter_meta": null,
                    "comment_text": "Tom Edwards You're trying to change the subject.",
                    "comment_time": "2022-02-16 19:08:23",
                    "comment_image": "https://scontent.xx.fbcdn.net/m1/v/t6/An_F9bJG7govfshSMBkvcRLcxT0jmiXVYKtr7lgH5AHgUrjjpZ1OD0xyxXYgf7arc0lWgCdrR_KN4Mg7RSN3Gm3W6Gg03N1tQ-ZXzVvFJ_KvvB4.png?ccb=10-5&oh=00_AT8ScZKrgCPhmfSgYBZgvnQHv14vvPQpgzOW8DDMFGGodg&oe=62243F67&_nc_sid=55e238",
                    "comment_reactors": [],
                    "comment_reactions": null,
                    "comment_reaction_count": null
                },
                {
                    "comment_id": "10159563134223904",
                    "comment_url": "https://facebook.com/10159563134223904",
                    "commenter_id": "534818857",
                    "commenter_url": "https://facebook.com/boffo.mcgurk?fref=nf&rc=p",
                    "commenter_name": "Boffo McGurk",
                    "commenter_meta": null,
                    "comment_text": "Scotty Mills These stopped being peaceful protests a long time ago.",
                    "comment_time": "2022-02-16 19:08:23",
                    "comment_image": "https://scontent.xx.fbcdn.net/m1/v/t6/An_F9bJG7govfshSMBkvcRLcxT0jmiXVYKtr7lgH5AHgUrjjpZ1OD0xyxXYgf7arc0lWgCdrR_KN4Mg7RSN3Gm3W6Gg03N1tQ-ZXzVvFJ_KvvB4.png?ccb=10-5&oh=00_AT8ScZKrgCPhmfSgYBZgvnQHv14vvPQpgzOW8DDMFGGodg&oe=62243F67&_nc_sid=55e238",
                    "comment_reactors": [],
                    "comment_reactions": null,
                    "comment_reaction_count": null
                },
                {
                    "comment_id": "10159563172193904",
                    "comment_url": "https://facebook.com/10159563172193904",
                    "commenter_id": "100064633447540",
                    "commenter_url": "https://facebook.com/sandy.marr.94?fref=nf&rc=p",
                    "commenter_name": "Sandy Marr",
                    "commenter_meta": null,
                    "comment_text": "Boffo McGurk When did they start rioting and burning police cars? Since nothing like that has been on the news, surely you have evidence that nobody else has.",
                    "comment_time": "2022-02-16 19:08:23",
                    "comment_image": "https://scontent.xx.fbcdn.net/m1/v/t6/An_UvxJXg9tdnLU3Y5qjPi0200MLilhzPXUgxzGjQzUMaNcmjdZA6anyrngvkdub33NZzZhd51fpCAEzNHFhko5aKRFP5fS1w_lKwYrzcNLupv27.png?ccb=10-5&oh=00_AT9C82irDy7Sn8cI_UEelmRC1FY5K5jw2pfWXlZ8QaKL1g&oe=62246CF9&_nc_sid=55e238",
                    "comment_reactors": [],
                    "comment_reactions": null,
                    "comment_reaction_count": null
                },
                {
                    "comment_id": "10159563195428904",
                    "comment_url": "https://facebook.com/10159563195428904",
                    "commenter_id": "100001514270153",
                    "commenter_url": "https://facebook.com/profile.php?id=100001514270153&fref=nf&rc=p",
                    "commenter_name": "Tom Edwards",
                    "commenter_meta": null,
                    "comment_text": "Boffo McGurk , you wanted to follow the money ??\nLet's do it,\nFor all !!!\nWhy do you not wish this ??",
                    "comment_time": "2022-02-16 19:08:23",
                    "comment_image": "https://scontent.xx.fbcdn.net/m1/v/t6/An_UvxJXg9tdnLU3Y5qjPi0200MLilhzPXUgxzGjQzUMaNcmjdZA6anyrngvkdub33NZzZhd51fpCAEzNHFhko5aKRFP5fS1w_lKwYrzcNLupv27.png?ccb=10-5&oh=00_AT9C82irDy7Sn8cI_UEelmRC1FY5K5jw2pfWXlZ8QaKL1g&oe=62246CF9&_nc_sid=55e238",
                    "comment_reactors": [],
                    "comment_reactions": null,
                    "comment_reaction_count": null
                },
                {
                    "comment_id": "10159563889028904",
                    "comment_url": "https://facebook.com/10159563889028904",
                    "commenter_id": "706995122",
                    "commenter_url": "https://facebook.com/brandon.bartlett.902?fref=nf&rc=p",
                    "commenter_name": "Brandon Bartlett",
                    "commenter_meta": null,
                    "comment_text": "Boffo McGurk yeah, when the police started stealing things and destroying heavy equipment!",
                    "comment_time": "2022-02-16 19:08:23",
                    "comment_image": null,
                    "comment_reactors": [],
                    "comment_reactions": null,
                    "comment_reaction_count": null
                }
            ]
        },
        {
            "comment_id": "10159563104813904",
            "comment_url": "https://facebook.com/10159563104813904",
            "commenter_id": "100000130719760",
            "commenter_url": "https://facebook.com/jessicahun.hun?fref=nf&rc=p&refid=52",
            "commenter_name": "Massia A Tracy",
            "commenter_meta": null,
            "comment_text": "Same story never end boring blame on gourvement",
            "comment_time": "2022-02-16 19:08:08",
            "comment_image": null,
            "comment_reactors": [],
            "comment_reactions": null,
            "comment_reaction_count": null,
            "replies": []
        },
        {
            "comment_id": "10159562933023904",
            "comment_url": "https://facebook.com/10159562933023904",
            "commenter_id": "100000721970123",
            "commenter_url": "https://facebook.com/doug.richardson.562?fref=nf&rc=p&refid=52",
            "commenter_name": "Doug Richardson",
            "commenter_meta": null,
            "comment_text": "And lies and BS, get the rest of the story.",
            "comment_time": "2022-02-16 19:08:08",
            "comment_image": null,
            "comment_reactors": [],
            "comment_reactions": null,
            "comment_reaction_count": null,
            "replies": []
        },
        {
            "comment_id": "10159563862923904",
            "comment_url": "https://facebook.com/10159563862923904",
            "commenter_id": "100012486542006",
            "commenter_url": "https://facebook.com/bthomas34?fref=nf&rc=p&refid=52",
            "commenter_name": "Brodie Thomas",
            "commenter_meta": null,
            "comment_text": "And the last two and half years or so didn\u2019t already do that wake a joke",
            "comment_time": "2022-02-16 19:08:08",
            "comment_image": null,
            "comment_reactors": [],
            "comment_reactions": null,
            "comment_reaction_count": null,
            "replies": []
        },
        {
            "comment_id": "10159563592708904",
            "comment_url": "https://facebook.com/10159563592708904",
            "commenter_id": "510866349",
            "commenter_url": "https://facebook.com/lbrizard?fref=nf&rc=p&refid=52",
            "commenter_name": "Lance Brizard",
            "commenter_meta": null,
            "comment_text": "Nothing could damage Canada's reputation internationally\nthan Little Potatoes' dress-up antics and other diplomatic faux-pas",
            "comment_time": "2022-02-16 19:08:08",
            "comment_image": null,
            "comment_reactors": [],
            "comment_reactions": null,
            "comment_reaction_count": null,
            "replies": []
        },
        {
            "comment_id": "10159564524598904",
            "comment_url": "https://facebook.com/10159564524598904",
            "commenter_id": "1048944966",
            "commenter_url": "https://facebook.com/dennis.levandier?fref=nf&rc=p&refid=52",
            "commenter_name": "Dennis Paul",
            "commenter_meta": null,
            "comment_text": "Impossible, it's only a fringe.",
            "comment_time": "2022-02-16 19:08:08",
            "comment_image": null,
            "comment_reactors": [],
            "comment_reactions": null,
            "comment_reaction_count": null,
            "replies": []
        },
        {
            "comment_id": "10159563343808904",
            "comment_url": "https://facebook.com/10159563343808904",
            "commenter_id": "878320297",
            "commenter_url": "https://facebook.com/profile.php?id=878320297&fref=nf&rc=p&refid=52",
            "commenter_name": "Philippe Boissy",
            "commenter_meta": null,
            "comment_text": "Justin trudeau has done enormous damage to canada \u00b4s reputation!!!",
            "comment_time": "2022-02-16 19:08:09",
            "comment_image": null,
            "comment_reactors": [],
            "comment_reactions": null,
            "comment_reaction_count": null,
            "replies": []
        },
        {
            "comment_id": "10159563885983904",
            "comment_url": "https://facebook.com/10159563885983904",
            "commenter_id": "706995122",
            "commenter_url": "https://facebook.com/brandon.bartlett.902?fref=nf&rc=p&refid=52",
            "commenter_name": "Brandon Bartlett",
            "commenter_meta": null,
            "comment_text": "Trudeau has done enormous damage to Canada\u2019s reputation",
            "comment_time": "2022-02-16 19:08:09",
            "comment_image": null,
            "comment_reactors": [],
            "comment_reactions": null,
            "comment_reaction_count": null,
            "replies": []
        },
        {
            "comment_id": "10159563325313904",
            "comment_url": "https://facebook.com/10159563325313904",
            "commenter_id": "100000589916968",
            "commenter_url": "https://facebook.com/steve.mahdesian?fref=nf&rc=p&refid=52",
            "commenter_name": "Steve Mahdesian",
            "commenter_meta": null,
            "comment_text": "yes we hate your government just like ours ! Got some heavy dues to pay\ngod bless the truckers and families",
            "comment_time": "2022-02-16 19:08:09",
            "comment_image": null,
            "comment_reactors": [],
            "comment_reactions": null,
            "comment_reaction_count": null,
            "replies": []
        },
        {
            "comment_id": "10159563224028904",
            "comment_url": "https://facebook.com/10159563224028904",
            "commenter_id": "1767770041",
            "commenter_url": "https://facebook.com/joyula.reignhimbert?fref=nf&rc=p&refid=52",
            "commenter_name": "Joyula Reign-Himbert",
            "commenter_meta": null,
            "comment_text": "Crimes against humanity and the earth",
            "comment_time": "2022-02-16 19:08:09",
            "comment_image": null,
            "comment_reactors": [],
            "comment_reactions": null,
            "comment_reaction_count": null,
            "replies": []
        }
    ],
    "reactors": null,
    "w3_fb_url": null,
    "reactions": null,
    "reaction_count": null,
    "with": null,
    "page_id": "140961138903",
    "sharers": null,
    "image_id": null,
    "image_ids": [],
    "was_live": false
}