{
    "original_request_url": "10159565229473904",
    "post_url": "https://facebook.com/story.php?story_fbid=10159565229473904&id=140961138903",
    "post_id": "10159565229473904",
    "text": "Andrew Coyne: But just because the federal government has a case for using the law to defuse the blockades doesn\u2019t make it an ideal tool for tackling the core problem of paralyzing protests\n\nTHEGLOBEANDMAIL.COM\nWhy Ottawa was justified in invoking the Emergencies Act",
    "post_text": "Andrew Coyne: But just because the federal government has a case for using the law to defuse the blockades doesn\u2019t make it an ideal tool for tackling the core problem of paralyzing protests",
    "shared_text": "THEGLOBEANDMAIL.COM\nWhy Ottawa was justified in invoking the Emergencies Act",
    "original_text": null,
    "time": "2022-02-15 22:44:07",
    "timestamp": 1644965047,
    "image": "https://www.theglobeandmail.com/resizer/FVBiV6G4M4IQcm1dK0uN1PWiJH0=/1200x800/filters:quality(80)/cloudfront-us-east-1.images.arcpublishing.com/tgam/443P3NVSDNJ3ZL5IXZ52DKINE4.jpg",
    "image_lowquality": "https://external-sea1-1.xx.fbcdn.net/safe_image.php?d=AQEkNr7R6otzNgjF&w=476&h=249&url=https%3A%2F%2Fwww.theglobeandmail.com%2Fresizer%2FFVBiV6G4M4IQcm1dK0uN1PWiJH0%3D%2F1200x800%2Ffilters%3Aquality%2880%29%2Fcloudfront-us-east-1.images.arcpublishing.com%2Ftgam%2F443P3NVSDNJ3ZL5IXZ52DKINE4.jpg&cfs=1&jq=75&ext=jpg&_nc_oe=6fab6&_nc_sid=06c271&ccb=3-5&_nc_hash=AQGh5JfdHJmZ-3Op",
    "images": [
        "https://www.theglobeandmail.com/resizer/FVBiV6G4M4IQcm1dK0uN1PWiJH0=/1200x800/filters:quality(80)/cloudfront-us-east-1.images.arcpublishing.com/tgam/443P3NVSDNJ3ZL5IXZ52DKINE4.jpg"
    ],
    "images_description": [],
    "images_lowquality": [
        "https://external-sea1-1.xx.fbcdn.net/safe_image.php?d=AQEkNr7R6otzNgjF&w=476&h=249&url=https%3A%2F%2Fwww.theglobeandmail.com%2Fresizer%2FFVBiV6G4M4IQcm1dK0uN1PWiJH0%3D%2F1200x800%2Ffilters%3Aquality%2880%29%2Fcloudfront-us-east-1.images.arcpublishing.com%2Ftgam%2F443P3NVSDNJ3ZL5IXZ52DKINE4.jpg&cfs=1&jq=75&ext=jpg&_nc_oe=6fab6&_nc_sid=06c271&ccb=3-5&_nc_hash=AQGh5JfdHJmZ-3Op"
    ],
    "images_lowquality_description": [
        null
    ],
    "video": null,
    "video_duration_seconds": null,
    "video_height": null,
    "video_id": null,
    "video_quality": null,
    "video_size_MB": null,
    "video_thumbnail": null,
    "video_watches": null,
    "video_width": null,
    "likes": 125,
    "comments": 21,
    "shares": 3,
    "link": "http://www.theglobeandmail.com/opinion/article-why-ottawa-was-justified-in-invoking-the-emergencies-act/?utm_campaign=sophi-pop&utm_medium=post&utm_source=facebook&fbclid=IwAR1zSyLXsAo3m1tdpn0Dgh8WC2UWlJSprSf1rsKQDVJ--mLOFx9s4I0J5_k",
    "links": [],
    "user_id": "140961138903",
    "username": "The Globe and Mail",
    "user_url": "https://facebook.com/theglobeandmail/?refid=52",
    "is_live": false,
    "factcheck": null,
    "shared_post_id": null,
    "shared_time": null,
    "shared_user_id": null,
    "shared_username": null,
    "shared_post_url": null,
    "available": true,
    "comments_full": [
        {
            "comment_id": "10159566334108904",
            "comment_url": "https://facebook.com/10159566334108904",
            "commenter_id": "1313450340",
            "commenter_url": "https://facebook.com/peter.neilson?fref=nf&rc=p&refid=52",
            "commenter_name": "Peter Neilson",
            "commenter_meta": null,
            "comment_text": "Not even close. A desperate move by an inept \u201cleader\u201d. Time for the grownups in the Liberal Party to take Justin out for that long walk in the snow that freed Canada from his father.",
            "comment_time": "2022-02-16 18:59:47",
            "comment_image": null,
            "comment_reactors": [],
            "comment_reactions": null,
            "comment_reaction_count": null,
            "replies": []
        },
        {
            "comment_id": "10159566256838904",
            "comment_url": "https://facebook.com/10159566256838904",
            "commenter_id": "1587237855",
            "commenter_url": "https://facebook.com/michdistasi1?fref=nf&rc=p&refid=52",
            "commenter_name": "Distasi Mich",
            "commenter_meta": null,
            "comment_text": "THIS IS NOT JUSTIFIED, IF THE TYRANT HAD JUST GONE AND TALKED WITH THEM FROM THE BEGINNING INSTEAD OF ACTING LIKE A SPOILED CHILD RUNNING , HIDING AND POUTING THIS WOULD NEVER HAVE GOTTEN THIS FAR, HE IS A NARCICISTIC DISASTER AND SHOULD RESIGN AND OR REMOVED FROM POWER, THERE ARE SERIOUS PSYCOLOGICAL PROBLEMS EVIDENT HERE",
            "comment_time": "2022-02-16 18:59:47",
            "comment_image": null,
            "comment_reactors": [],
            "comment_reactions": null,
            "comment_reaction_count": null,
            "replies": [
                {
                    "comment_id": "10159566309133904",
                    "comment_url": "https://facebook.com/10159566309133904",
                    "commenter_id": "762730439",
                    "commenter_url": "https://facebook.com/miles.chandler.121?fref=nf&rc=p",
                    "commenter_name": "Miles Chandler",
                    "commenter_meta": null,
                    "comment_text": "Distasi Mich: Sure. If Trudeau had just come out for a chat and told them he wasn't doing what they wanted, they would have all gone home peacefully right away. :)",
                    "comment_time": "2022-02-16 18:59:50",
                    "comment_image": "https://scontent.xx.fbcdn.net/m1/v/t6/An_UvxJXg9tdnLU3Y5qjPi0200MLilhzPXUgxzGjQzUMaNcmjdZA6anyrngvkdub33NZzZhd51fpCAEzNHFhko5aKRFP5fS1w_lKwYrzcNLupv27.png?ccb=10-5&oh=00_AT9C82irDy7Sn8cI_UEelmRC1FY5K5jw2pfWXlZ8QaKL1g&oe=62246CF9&_nc_sid=55e238",
                    "comment_reactors": [],
                    "comment_reactions": null,
                    "comment_reaction_count": null
                },
                {
                    "comment_id": "10159566634228904",
                    "comment_url": "https://facebook.com/10159566634228904",
                    "commenter_id": "670992064",
                    "commenter_url": "https://facebook.com/schwabbe2?fref=nf&rc=p",
                    "commenter_name": "Brenda Schwab",
                    "commenter_meta": null,
                    "comment_text": "Distasi Mich THERE SURE IS",
                    "comment_time": "2022-02-16 18:59:50",
                    "comment_image": null,
                    "comment_reactors": [],
                    "comment_reactions": null,
                    "comment_reaction_count": null
                }
            ]
        },
        {
            "comment_id": "10159565286863904",
            "comment_url": "https://facebook.com/10159565286863904",
            "commenter_id": "100010067385198",
            "commenter_url": "https://facebook.com/profile.php?id=100010067385198&fref=nf&rc=p&refid=52",
            "commenter_name": "Kristen Thomlinson",
            "commenter_meta": "Top fan",
            "comment_text": "Except these aren't a legitimate form of \"protest\" To refer to them as protests bestows a legitimacy on them they do not deserve. These \"protests\" are neither legal or legitimate. What we have is a foreign influenced, well funded insurrection with the aim of removing the government and creating instability. Covid mandates and public health orders were used as a cover to conceal what these protests are really about. They are the last gasp of white nationalists and racists tossing a temper tantrum over the election result. This insurrection has the full support of Her Majesty's Loyal Opposition whose only loyalty is to their party. This action wouldn't have been necessary if incompetent conservative premiers had just done their job.",
            "comment_time": "2022-02-16 18:59:47",
            "comment_image": null,
            "comment_reactors": [],
            "comment_reactions": null,
            "comment_reaction_count": null,
            "replies": [
                {
                    "comment_id": "10159565295338904",
                    "comment_url": "https://facebook.com/10159565295338904",
                    "commenter_id": "100014410440871",
                    "commenter_url": "https://facebook.com/michaelmikehunter.hunter?fref=nf&rc=p",
                    "commenter_name": "Michael Hunter",
                    "commenter_meta": null,
                    "comment_text": "Kristen Thomlinson do you have the same stance for the pipeline protests?.... asking for a friend",
                    "comment_time": "2022-02-16 18:59:51",
                    "comment_image": "https://scontent.xx.fbcdn.net/m1/v/t6/An_UvxJXg9tdnLU3Y5qjPi0200MLilhzPXUgxzGjQzUMaNcmjdZA6anyrngvkdub33NZzZhd51fpCAEzNHFhko5aKRFP5fS1w_lKwYrzcNLupv27.png?ccb=10-5&oh=00_AT9C82irDy7Sn8cI_UEelmRC1FY5K5jw2pfWXlZ8QaKL1g&oe=62246CF9&_nc_sid=55e238",
                    "comment_reactors": [],
                    "comment_reactions": null,
                    "comment_reaction_count": null
                },
                {
                    "comment_id": "10159565324903904",
                    "comment_url": "https://facebook.com/10159565324903904",
                    "commenter_id": "100009198974142",
                    "commenter_url": "https://facebook.com/patrick.remillard.94?fref=nf&rc=p",
                    "commenter_name": "Patrick Remillard",
                    "commenter_meta": null,
                    "comment_text": "Kristen Thomlinson when you can't bring logic to a debate you insert words like racist/right wing/ white nationalists. Did you know the protest was very diverse. There is a large portion of the trucking community that are of Indian decent and they were at the protest.",
                    "comment_time": "2022-02-16 18:59:51",
                    "comment_image": "https://scontent.xx.fbcdn.net/m1/v/t6/An_UvxJXg9tdnLU3Y5qjPi0200MLilhzPXUgxzGjQzUMaNcmjdZA6anyrngvkdub33NZzZhd51fpCAEzNHFhko5aKRFP5fS1w_lKwYrzcNLupv27.png?ccb=10-5&oh=00_AT9C82irDy7Sn8cI_UEelmRC1FY5K5jw2pfWXlZ8QaKL1g&oe=62246CF9&_nc_sid=55e238",
                    "comment_reactors": [],
                    "comment_reactions": null,
                    "comment_reaction_count": null
                },
                {
                    "comment_id": "10159565403063904",
                    "comment_url": "https://facebook.com/10159565403063904",
                    "commenter_id": "100009410302047",
                    "commenter_url": "https://facebook.com/profile.php?id=100009410302047&fref=nf&rc=p",
                    "commenter_name": "Edward R Yatscoff",
                    "commenter_meta": null,
                    "comment_text": "Michael Hunter And the rail blockades",
                    "comment_time": "2022-02-16 18:59:51",
                    "comment_image": "https://scontent.xx.fbcdn.net/m1/v/t6/An_UvxJXg9tdnLU3Y5qjPi0200MLilhzPXUgxzGjQzUMaNcmjdZA6anyrngvkdub33NZzZhd51fpCAEzNHFhko5aKRFP5fS1w_lKwYrzcNLupv27.png?ccb=10-5&oh=00_AT9C82irDy7Sn8cI_UEelmRC1FY5K5jw2pfWXlZ8QaKL1g&oe=62246CF9&_nc_sid=55e238",
                    "comment_reactors": [],
                    "comment_reactions": null,
                    "comment_reaction_count": null
                },
                {
                    "comment_id": "10159565403353904",
                    "comment_url": "https://facebook.com/10159565403353904",
                    "commenter_id": "701824325",
                    "commenter_url": "https://facebook.com/peter.vanveggel.7?fref=nf&rc=p",
                    "commenter_name": "Peter Van Veggel",
                    "commenter_meta": null,
                    "comment_text": "Kristen Thomlinson are you a conspiracy theorist, you got to be kidding, 75 percent of people in Canada support this, most funding can from Canadians, you're a spike protein",
                    "comment_time": "2022-02-16 18:59:51",
                    "comment_image": null,
                    "comment_reactors": [],
                    "comment_reactions": null,
                    "comment_reaction_count": null
                },
                {
                    "comment_id": "10159565451373904",
                    "comment_url": "https://facebook.com/10159565451373904",
                    "commenter_id": "100004367706398",
                    "commenter_url": "https://facebook.com/taylan.knowles.1?fref=nf&rc=p",
                    "commenter_name": "Taylan Knowles",
                    "commenter_meta": null,
                    "comment_text": "Kristen Thomlinson preaching the majesty, she just helped her son cover up for being a pedo....Justin Trudeau also settled out of courts for 2.5million when he had a relationship with a 15 year old girl well he was a teacher....\ud83e\udd37\u200d\u2642\ufe0f\ud83e\udd37\u200d\u2642\ufe0f gross ideology",
                    "comment_time": "2022-02-16 18:59:51",
                    "comment_image": "https://scontent.xx.fbcdn.net/m1/v/t6/An_UvxJXg9tdnLU3Y5qjPi0200MLilhzPXUgxzGjQzUMaNcmjdZA6anyrngvkdub33NZzZhd51fpCAEzNHFhko5aKRFP5fS1w_lKwYrzcNLupv27.png?ccb=10-5&oh=00_AT9C82irDy7Sn8cI_UEelmRC1FY5K5jw2pfWXlZ8QaKL1g&oe=62246CF9&_nc_sid=55e238",
                    "comment_reactors": [],
                    "comment_reactions": null,
                    "comment_reaction_count": null
                },
                {
                    "comment_id": "10159565512428904",
                    "comment_url": "https://facebook.com/10159565512428904",
                    "commenter_id": "100011504373190",
                    "commenter_url": "https://facebook.com/profile.php?id=100011504373190&fref=nf&rc=p",
                    "commenter_name": "Randy Lahey",
                    "commenter_meta": null,
                    "comment_text": "Kristen Thomlinson it's totally cool when foreign donations fund Canadian climate activists, right?\n\nIf the Feds drop mandates and restore all freedoms taken in the last 6 years, the trucks will leave. So why doesn't Trudeau try that instead of going to war with his citizens, like his biological dad",
                    "comment_time": "2022-02-16 18:59:51",
                    "comment_image": "https://scontent.xx.fbcdn.net/m1/v/t6/An_UvxJXg9tdnLU3Y5qjPi0200MLilhzPXUgxzGjQzUMaNcmjdZA6anyrngvkdub33NZzZhd51fpCAEzNHFhko5aKRFP5fS1w_lKwYrzcNLupv27.png?ccb=10-5&oh=00_AT9C82irDy7Sn8cI_UEelmRC1FY5K5jw2pfWXlZ8QaKL1g&oe=62246CF9&_nc_sid=55e238",
                    "comment_reactors": [],
                    "comment_reactions": null,
                    "comment_reaction_count": null
                },
                {
                    "comment_id": "10159565590668904",
                    "comment_url": "https://facebook.com/10159565590668904",
                    "commenter_id": "100000631897141",
                    "commenter_url": "https://facebook.com/adrian.cornelissen.3?fref=nf&rc=p",
                    "commenter_name": "Adrian Cornelissen",
                    "commenter_meta": null,
                    "comment_text": "Kristen Thomlinson hmmm, there have countless protest where foreign entities have financed protest in Canada for yesrs! Protests against the seal hunts that have devastated the economies of indigenous communities the north, environmental blockade, are to name a few that come to mind! What we have here is a complete failure of leadership in Canada. A PM who created divisiveness because of his narcissistic ego!",
                    "comment_time": "2022-02-16 18:59:51",
                    "comment_image": "https://scontent.xx.fbcdn.net/m1/v/t6/An_UvxJXg9tdnLU3Y5qjPi0200MLilhzPXUgxzGjQzUMaNcmjdZA6anyrngvkdub33NZzZhd51fpCAEzNHFhko5aKRFP5fS1w_lKwYrzcNLupv27.png?ccb=10-5&oh=00_AT9C82irDy7Sn8cI_UEelmRC1FY5K5jw2pfWXlZ8QaKL1g&oe=62246CF9&_nc_sid=55e238",
                    "comment_reactors": [],
                    "comment_reactions": null,
                    "comment_reaction_count": null
                },
                {
                    "comment_id": "10159566118933904",
                    "comment_url": "https://facebook.com/10159566118933904",
                    "commenter_id": "724300014",
                    "commenter_url": "https://facebook.com/willy.huffman.7?fref=nf&rc=p",
                    "commenter_name": "William Huffman",
                    "commenter_meta": null,
                    "comment_text": "Michael Hunter HAHAHA! Alex Jones wana be right here.",
                    "comment_time": "2022-02-16 18:59:51",
                    "comment_image": null,
                    "comment_reactors": [],
                    "comment_reactions": null,
                    "comment_reaction_count": null
                },
                {
                    "comment_id": "10159566156853904",
                    "comment_url": "https://facebook.com/10159566156853904",
                    "commenter_id": "808470412",
                    "commenter_url": "https://facebook.com/dbuote?fref=nf&rc=p",
                    "commenter_name": "Dave Buote",
                    "commenter_meta": null,
                    "comment_text": "Kristen Thomlinson Just wait till its your paycheque on the line.. Then im guessing you will be screaming for your rights...HHAHAH\nHAHA",
                    "comment_time": "2022-02-16 18:59:51",
                    "comment_image": null,
                    "comment_reactors": [],
                    "comment_reactions": null,
                    "comment_reaction_count": null
                },
                {
                    "comment_id": "10159566356248904",
                    "comment_url": "https://facebook.com/10159566356248904",
                    "commenter_id": "100056323002240",
                    "commenter_url": "https://facebook.com/profile.php?id=100056323002240&fref=nf&rc=p",
                    "commenter_name": "Ryan Clarke",
                    "commenter_meta": null,
                    "comment_text": "Kristen Thomlinson \ud83e\udd26\u200d\u2642\ufe0f these most certainly are legal protests and very peaceful. Trudeau invokes emergency act for bouncy castles and hugs. 1914 it was invoked for WW1. 1939 for WW2, 1970 for the October crisis and in 2022 invoked for bouncy castles and freedom loving Canadians. This is the furthest thing from an insurrection, there isn\u2019t any violence or damage done to any property. But if this were a BLM protest and everything were to be destroyed, you\u2019d support that. Crawl back into your cave and keep watching MSM.",
                    "comment_time": "2022-02-16 18:59:51",
                    "comment_image": "https://scontent.xx.fbcdn.net/m1/v/t6/An_UvxJXg9tdnLU3Y5qjPi0200MLilhzPXUgxzGjQzUMaNcmjdZA6anyrngvkdub33NZzZhd51fpCAEzNHFhko5aKRFP5fS1w_lKwYrzcNLupv27.png?ccb=10-5&oh=00_AT9C82irDy7Sn8cI_UEelmRC1FY5K5jw2pfWXlZ8QaKL1g&oe=62246CF9&_nc_sid=55e238",
                    "comment_reactors": [],
                    "comment_reactions": null,
                    "comment_reaction_count": null
                },
                {
                    "comment_id": "10159566387508904",
                    "comment_url": "https://facebook.com/10159566387508904",
                    "commenter_id": "100002219551187",
                    "commenter_url": "https://facebook.com/bryce.mugford?fref=nf&rc=p",
                    "commenter_name": "Bryce Mugford",
                    "commenter_meta": null,
                    "comment_text": "Kristen Thomlinson Cut the crap. We are not under Martial Law due to some terrorist uprising. When 27 churches were burnt Trudeau applauded the move. When the social terrorist BLM descended on Ottawa and toppled and desecrated monuments and littered the streets with thrash Trudeau took a knee and blamed everything on white supremacy not a murmur was raised. Give your head a shake. You are now under Martial Law to appease the ego of a failed Pm",
                    "comment_time": "2022-02-16 18:59:51",
                    "comment_image": "https://scontent.xx.fbcdn.net/m1/v/t6/An_UvxJXg9tdnLU3Y5qjPi0200MLilhzPXUgxzGjQzUMaNcmjdZA6anyrngvkdub33NZzZhd51fpCAEzNHFhko5aKRFP5fS1w_lKwYrzcNLupv27.png?ccb=10-5&oh=00_AT9C82irDy7Sn8cI_UEelmRC1FY5K5jw2pfWXlZ8QaKL1g&oe=62246CF9&_nc_sid=55e238",
                    "comment_reactors": [],
                    "comment_reactions": null,
                    "comment_reaction_count": null
                },
                {
                    "comment_id": "10159566500243904",
                    "comment_url": "https://facebook.com/10159566500243904",
                    "commenter_id": "100043257961739",
                    "commenter_url": "https://facebook.com/bonnie.cull.7?fref=nf&rc=p",
                    "commenter_name": "Bonnie Cull",
                    "commenter_meta": null,
                    "comment_text": "Time to put the conservative party on a terrorist watch list #LOCKTHEMUP",
                    "comment_time": "2022-02-16 18:59:51",
                    "comment_image": null,
                    "comment_reactors": [],
                    "comment_reactions": null,
                    "comment_reaction_count": null
                },
                {
                    "comment_id": "10159567731388904",
                    "comment_url": "https://facebook.com/10159567731388904",
                    "commenter_id": "1587237855",
                    "commenter_url": "https://facebook.com/michdistasi1?fref=nf&rc=p",
                    "commenter_name": "Distasi Mich",
                    "commenter_meta": null,
                    "comment_text": "Kristen Thomlinson you've totally wrong and have too much faith in the corrupt lieing manipulative bought and paid for msm. Do some research on rumble, listen to Jordan Peterson, watch fox news, tune into media from countries outside of canada, they all see and are reporting the real truth",
                    "comment_time": "2022-02-16 18:59:51",
                    "comment_image": null,
                    "comment_reactors": [],
                    "comment_reactions": null,
                    "comment_reaction_count": null
                }
            ]
        },
        {
            "comment_id": "10159566309858904",
            "comment_url": "https://facebook.com/10159566309858904",
            "commenter_id": "762730439",
            "commenter_url": "https://facebook.com/miles.chandler.121?fref=nf&rc=p&refid=52",
            "commenter_name": "Miles Chandler",
            "commenter_meta": null,
            "comment_text": "\"It should be clear, however, that we have a serious problem on our hands. Twice in the space of two years this country has been nearly brought to its knees by protesters using blockades to advance a political cause.\"\nAnd this is a vital issue, because the police response tactics are not designed for long-term occupations, massive organized groups, and convoys blocking arteries, border crossings, and downtown cores. Our (recently resigned) police chief showed how easily the law can be outmanoeuvred and outnumbered (and how reluctant they are to act against certain groups).\nSo the questions are complex: is it acceptable to let protesters do this? Indefinitely? No matter what the financial or social impact is? Are we willing to arrest people to restore a blocked road or train track? Bring in the army? Kill people? How much does the location matter? Where is the balance between the rights of protesters, and the reasonable limits on the disruption they are allowed to cause? These aren't abstract or extreme questions: we need to figure out the answers immediately. The right to peaceful protest is important, but also very poorly defined legally, and that's being exploited carefully here. The limits of that charter right must be decided very clearly, the appropriate measures to deal with groups exceeding those limits, and whose responsibility it is to implement and oversee such responses.",
            "comment_time": "2022-02-16 18:59:47",
            "comment_image": null,
            "comment_reactors": [],
            "comment_reactions": null,
            "comment_reaction_count": null,
            "replies": []
        },
        {
            "comment_id": "10159565945358904",
            "comment_url": "https://facebook.com/10159565945358904",
            "commenter_id": "531137448",
            "commenter_url": "https://facebook.com/RayWilliamsMMI?fref=nf&rc=p&refid=52",
            "commenter_name": "Ray Williams",
            "commenter_meta": "Top fan",
            "comment_text": "Both the Government and Andrew Coyne are wrong. There is no justification when the obvious and simple solution is to lift the obsolete mandates.",
            "comment_time": "2022-02-16 18:59:47",
            "comment_image": null,
            "comment_reactors": [],
            "comment_reactions": null,
            "comment_reaction_count": null,
            "replies": []
        },
        {
            "comment_id": "10159565439838904",
            "comment_url": "https://facebook.com/10159565439838904",
            "commenter_id": "617417901",
            "commenter_url": "https://facebook.com/jerald.pitt?fref=nf&rc=p&refid=52",
            "commenter_name": "Jerald Pitt",
            "commenter_meta": null,
            "comment_text": "Most of what he has said legal scholars today disagreed with on one point. They have not seen what will be presented in parliament. If what they have said is what they present the only additional power they will have over the Ontario government state of emergency is going out your bank account.",
            "comment_time": "2022-02-16 18:59:47",
            "comment_image": null,
            "comment_reactors": [],
            "comment_reactions": null,
            "comment_reaction_count": null,
            "replies": []
        },
        {
            "comment_id": "10159565478228904",
            "comment_url": "https://facebook.com/10159565478228904",
            "commenter_id": "100003164424611",
            "commenter_url": "https://facebook.com/darlene.dove.90?fref=nf&rc=p&refid=52",
            "commenter_name": "Darlene Dove",
            "commenter_meta": null,
            "comment_text": "There is no justification for it coast to coast. Are you working for the Russians!?",
            "comment_time": "2022-02-16 18:59:47",
            "comment_image": null,
            "comment_reactors": [],
            "comment_reactions": null,
            "comment_reaction_count": null,
            "replies": []
        },
        {
            "comment_id": "10159565580083904",
            "comment_url": "https://facebook.com/10159565580083904",
            "commenter_id": "100009854688236",
            "commenter_url": "https://facebook.com/LiGaEr?fref=nf&rc=p&refid=52",
            "commenter_name": "Li Eron",
            "commenter_meta": null,
            "comment_text": "just follow through and remove them.",
            "comment_time": "2022-02-16 18:59:47",
            "comment_image": null,
            "comment_reactors": [],
            "comment_reactions": null,
            "comment_reaction_count": null,
            "replies": []
        },
        {
            "comment_id": "10159565482393904",
            "comment_url": "https://facebook.com/10159565482393904",
            "commenter_id": "588720642",
            "commenter_url": "https://facebook.com/derek.s.cunningham?fref=nf&rc=p&refid=52",
            "commenter_name": "Derek Steven Cunningham",
            "commenter_meta": null,
            "comment_text": "Act of desperation from the dictator!",
            "comment_time": "2022-02-16 18:59:47",
            "comment_image": null,
            "comment_reactors": [],
            "comment_reactions": null,
            "comment_reaction_count": null,
            "replies": [
                {
                    "comment_id": "10159565498423904",
                    "comment_url": "https://facebook.com/10159565498423904",
                    "commenter_id": "100000645970076",
                    "commenter_url": "https://facebook.com/garry.dean.98?fref=nf&rc=p",
                    "commenter_name": "Garry Dean",
                    "commenter_meta": null,
                    "comment_text": "Derek Steven Cunningham maybe you should move to a country that has a dictatorship. Where you have zero rights. And people get thrown in prison for saying things against the government. Then you will realize how easy you do have it here.",
                    "comment_time": "2022-02-16 18:59:52",
                    "comment_image": "https://scontent.xx.fbcdn.net/m1/v/t6/An_F9bJG7govfshSMBkvcRLcxT0jmiXVYKtr7lgH5AHgUrjjpZ1OD0xyxXYgf7arc0lWgCdrR_KN4Mg7RSN3Gm3W6Gg03N1tQ-ZXzVvFJ_KvvB4.png?ccb=10-5&oh=00_AT8ScZKrgCPhmfSgYBZgvnQHv14vvPQpgzOW8DDMFGGodg&oe=62243F67&_nc_sid=55e238",
                    "comment_reactors": [],
                    "comment_reactions": null,
                    "comment_reaction_count": null
                },
                {
                    "comment_id": "10159566222103904",
                    "comment_url": "https://facebook.com/10159566222103904",
                    "commenter_id": "524195161",
                    "commenter_url": "https://facebook.com/kieran.oshea.37?fref=nf&rc=p",
                    "commenter_name": "Kieran O'Shea",
                    "commenter_meta": null,
                    "comment_text": "Garry Dean love the rhetoric you people spew , \"try going to a far more oppressive and authoritarian and you will see that our type of authoritarian government isnt that bad\" just makes you seem foolish at best",
                    "comment_time": "2022-02-16 18:59:52",
                    "comment_image": "https://scontent.xx.fbcdn.net/m1/v/t6/An_UvxJXg9tdnLU3Y5qjPi0200MLilhzPXUgxzGjQzUMaNcmjdZA6anyrngvkdub33NZzZhd51fpCAEzNHFhko5aKRFP5fS1w_lKwYrzcNLupv27.png?ccb=10-5&oh=00_AT9C82irDy7Sn8cI_UEelmRC1FY5K5jw2pfWXlZ8QaKL1g&oe=62246CF9&_nc_sid=55e238",
                    "comment_reactors": [],
                    "comment_reactions": null,
                    "comment_reaction_count": null
                }
            ]
        },
        {
            "comment_id": "10159565268248904",
            "comment_url": "https://facebook.com/10159565268248904",
            "commenter_id": "100052810238457",
            "commenter_url": "https://facebook.com/grace.siglos.319?fref=nf&rc=p&refid=52",
            "commenter_name": "Grace Siglos",
            "commenter_meta": null,
            "comment_text": "Justified? Hilarious. Trudeau walked out while the House in session. Now, he thinks the EA will help? The world is laughing.",
            "comment_time": "2022-02-16 18:59:47",
            "comment_image": null,
            "comment_reactors": [],
            "comment_reactions": null,
            "comment_reaction_count": null,
            "replies": [
                {
                    "comment_id": "10159565494158904",
                    "comment_url": "https://facebook.com/10159565494158904",
                    "commenter_id": "100000645970076",
                    "commenter_url": "https://facebook.com/garry.dean.98?fref=nf&rc=p",
                    "commenter_name": "Garry Dean",
                    "commenter_meta": null,
                    "comment_text": "Grace Siglos The world isn\u2019t laughing. They think we are gullible and stupid.",
                    "comment_time": "2022-02-16 18:59:53",
                    "comment_image": null,
                    "comment_reactors": [],
                    "comment_reactions": null,
                    "comment_reaction_count": null
                }
            ]
        },
        {
            "comment_id": "10159565527223904",
            "comment_url": "https://facebook.com/10159565527223904",
            "commenter_id": "587065715",
            "commenter_url": "https://facebook.com/profile.php?id=587065715&fref=nf&rc=p&refid=52",
            "commenter_name": "Richard Brown",
            "commenter_meta": null,
            "comment_text": "Yup! Time to change the laws around protests! But we need to change the PM, reality he's the problem",
            "comment_time": "2022-02-16 18:59:47",
            "comment_image": null,
            "comment_reactors": [],
            "comment_reactions": null,
            "comment_reaction_count": null,
            "replies": [
                {
                    "comment_id": "10159566092018904",
                    "comment_url": "https://facebook.com/10159566092018904",
                    "commenter_id": "100014924973528",
                    "commenter_url": "https://facebook.com/zane.grey.3954?fref=nf&rc=p",
                    "commenter_name": "Zane Grey",
                    "commenter_meta": null,
                    "comment_text": "Richard Brown You are probably right laws should be clarified to establish what a legal protest is, what is allowed and what is legal there should be no grey areas and all laws should be enforced the same way regardless of who is protesting or what the cause is. Personally I believe they will not do this because governments LOVE grey areas as it allows them to do what they want and not to be forced to act according to the law",
                    "comment_time": "2022-02-16 18:59:54",
                    "comment_image": null,
                    "comment_reactors": [],
                    "comment_reactions": null,
                    "comment_reaction_count": null
                }
            ]
        },
        {
            "comment_id": "10159565683723904",
            "comment_url": "https://facebook.com/10159565683723904",
            "commenter_id": "706995122",
            "commenter_url": "https://facebook.com/brandon.bartlett.902?fref=nf&rc=p&refid=52",
            "commenter_name": "Brandon Bartlett",
            "commenter_meta": null,
            "comment_text": "He wasn\u2019t justified!",
            "comment_time": "2022-02-16 18:59:47",
            "comment_image": null,
            "comment_reactors": [],
            "comment_reactions": null,
            "comment_reaction_count": null,
            "replies": []
        },
        {
            "comment_id": "10159565518533904",
            "comment_url": "https://facebook.com/10159565518533904",
            "commenter_id": "100061059349692",
            "commenter_url": "https://facebook.com/profile.php?id=100061059349692&fref=nf&rc=p&refid=52",
            "commenter_name": "Keith Williams",
            "commenter_meta": null,
            "comment_text": "Just ending mandates was far to simple, Just-n-idjut had to make it a war.",
            "comment_time": "2022-02-16 18:59:47",
            "comment_image": null,
            "comment_reactors": [],
            "comment_reactions": null,
            "comment_reaction_count": null,
            "replies": []
        },
        {
            "comment_id": "10159567375173904",
            "comment_url": "https://facebook.com/10159567375173904",
            "commenter_id": "100011229316207",
            "commenter_url": "https://facebook.com/red.forrester.9?fref=nf&rc=p&refid=52",
            "commenter_name": "Joshua Modello",
            "commenter_meta": null,
            "comment_text": "They were NOT justified!!!",
            "comment_time": "2022-02-16 18:59:47",
            "comment_image": null,
            "comment_reactors": [],
            "comment_reactions": null,
            "comment_reaction_count": null,
            "replies": []
        },
        {
            "comment_id": "10159565444003904",
            "comment_url": "https://facebook.com/10159565444003904",
            "commenter_id": "1018367939",
            "commenter_url": "https://facebook.com/michael.vandale.14?fref=nf&rc=p&refid=52",
            "commenter_name": "Michael Vandale",
            "commenter_meta": null,
            "comment_text": "No justification for Emergency Act.",
            "comment_time": "2022-02-16 18:59:47",
            "comment_image": null,
            "comment_reactors": [],
            "comment_reactions": null,
            "comment_reaction_count": null,
            "replies": []
        },
        {
            "comment_id": "10159565254218904",
            "comment_url": "https://facebook.com/10159565254218904",
            "commenter_id": "685137000",
            "commenter_url": "https://facebook.com/tyler.popp2?fref=nf&rc=p&refid=52",
            "commenter_name": "Tyler Popp",
            "commenter_meta": null,
            "comment_text": "He is tweeting about the Olympics today. If he is doing that, there is no national emergency. Stop trying to get more tax money from him.",
            "comment_time": "2022-02-16 18:59:47",
            "comment_image": null,
            "comment_reactors": [],
            "comment_reactions": null,
            "comment_reaction_count": null,
            "replies": [
                {
                    "comment_id": "10159565300973904",
                    "comment_url": "https://facebook.com/10159565300973904",
                    "commenter_id": "762730439",
                    "commenter_url": "https://facebook.com/miles.chandler.121?fref=nf&rc=p",
                    "commenter_name": "Miles Chandler",
                    "commenter_meta": null,
                    "comment_text": "Tyler Popp: That's some interesting logic, there.",
                    "comment_time": "2022-02-16 18:59:54",
                    "comment_image": null,
                    "comment_reactors": [],
                    "comment_reactions": null,
                    "comment_reaction_count": null
                },
                {
                    "comment_id": "10159565309583904",
                    "comment_url": "https://facebook.com/10159565309583904",
                    "commenter_id": "685137000",
                    "commenter_url": "https://facebook.com/tyler.popp2?fref=nf&rc=p",
                    "commenter_name": "Tyler Popp",
                    "commenter_meta": null,
                    "comment_text": "Miles Chandler in case you missed it, they have all been kissing up to him since he handed out 600 million tax dollars to the media in Canada and 1.4 billion to the CBC. That is what I was referring to",
                    "comment_time": "2022-02-16 18:59:54",
                    "comment_image": "https://scontent.xx.fbcdn.net/m1/v/t6/An_UvxJXg9tdnLU3Y5qjPi0200MLilhzPXUgxzGjQzUMaNcmjdZA6anyrngvkdub33NZzZhd51fpCAEzNHFhko5aKRFP5fS1w_lKwYrzcNLupv27.png?ccb=10-5&oh=00_AT9C82irDy7Sn8cI_UEelmRC1FY5K5jw2pfWXlZ8QaKL1g&oe=62246CF9&_nc_sid=55e238",
                    "comment_reactors": [],
                    "comment_reactions": null,
                    "comment_reaction_count": null
                }
            ]
        },
        {
            "comment_id": "10159565721938904",
            "comment_url": "https://facebook.com/10159565721938904",
            "commenter_id": "100012318063391",
            "commenter_url": "https://facebook.com/profile.php?id=100012318063391&fref=nf&rc=p&refid=52",
            "commenter_name": "Peter Ioannidis",
            "commenter_meta": "Top fan",
            "comment_text": "Andy knows how to spot the lint on someone\u2019s sweater, but that\u2019s about it. The only way to stop \u201cparalyzing\u201d is with force. That\u2019s Police force, not service.",
            "comment_time": "2022-02-16 18:59:47",
            "comment_image": null,
            "comment_reactors": [],
            "comment_reactions": null,
            "comment_reaction_count": null,
            "replies": []
        },
        {
            "comment_id": "10159565460388904",
            "comment_url": "https://facebook.com/10159565460388904",
            "commenter_id": "715811347",
            "commenter_url": "https://facebook.com/chase.gaudenzi?fref=nf&rc=p&refid=52",
            "commenter_name": "Chase Gaudenzi",
            "commenter_meta": null,
            "comment_text": "So when do we freeze the bank accounts of the fools who tear down statutes? What a double standard.",
            "comment_time": "2022-02-16 18:59:47",
            "comment_image": null,
            "comment_reactors": [],
            "comment_reactions": null,
            "comment_reaction_count": null,
            "replies": []
        },
        {
            "comment_id": "10159565256933904",
            "comment_url": "https://facebook.com/10159565256933904",
            "commenter_id": "100041219523059",
            "commenter_url": "https://facebook.com/profile.php?id=100041219523059&fref=nf&rc=p&refid=52",
            "commenter_name": "Undress Vlz",
            "commenter_meta": null,
            "comment_text": "because Cad needs become like cuba urgent",
            "comment_time": "2022-02-16 18:59:47",
            "comment_image": null,
            "comment_reactors": [],
            "comment_reactions": null,
            "comment_reaction_count": null,
            "replies": []
        },
        {
            "comment_id": "10159565329668904",
            "comment_url": "https://facebook.com/10159565329668904",
            "commenter_id": "701824325",
            "commenter_url": "https://facebook.com/peter.vanveggel.7?fref=nf&rc=p&refid=52",
            "commenter_name": "Peter Van Veggel",
            "commenter_meta": null,
            "comment_text": "It hasn't passed, quit making it a done deal.",
            "comment_time": "2022-02-16 18:59:47",
            "comment_image": null,
            "comment_reactors": [],
            "comment_reactions": null,
            "comment_reaction_count": null,
            "replies": [
                {
                    "comment_id": "10159565468663904",
                    "comment_url": "https://facebook.com/10159565468663904",
                    "commenter_id": "100000740416946",
                    "commenter_url": "https://facebook.com/mike.johnson.9638718?fref=nf&rc=p",
                    "commenter_name": "Mike Johnson",
                    "commenter_meta": null,
                    "comment_text": "Peter Van Veggel True, but if passed there should be a large concern for all Canadians. The measures are far too broad, even though we haven't seen the final draft.",
                    "comment_time": "2022-02-16 18:59:56",
                    "comment_image": null,
                    "comment_reactors": [],
                    "comment_reactions": null,
                    "comment_reaction_count": null
                },
                {
                    "comment_id": "10159565619148904",
                    "comment_url": "https://facebook.com/10159565619148904",
                    "commenter_id": "629645530",
                    "commenter_url": "https://facebook.com/david.rochon?fref=nf&rc=p",
                    "commenter_name": "David Rochon",
                    "commenter_meta": "Top fan",
                    "comment_text": "He has 7 days until a vote. Until it is active.",
                    "comment_time": "2022-02-16 18:59:56",
                    "comment_image": "https://static.xx.fbcdn.net/rsrc.php/v3/y7/r/4bRBCBmu1Q9.png",
                    "comment_reactors": [],
                    "comment_reactions": null,
                    "comment_reaction_count": null
                },
                {
                    "comment_id": "10159565684278904",
                    "comment_url": "https://facebook.com/10159565684278904",
                    "commenter_id": "701824325",
                    "commenter_url": "https://facebook.com/peter.vanveggel.7?fref=nf&rc=p",
                    "commenter_name": "Peter Van Veggel",
                    "commenter_meta": null,
                    "comment_text": "David Rochon if the MPs voted yes for this we are all doomed, it'should be up for a popular vote by the people, let's see who still supports him.",
                    "comment_time": "2022-02-16 18:59:56",
                    "comment_image": null,
                    "comment_reactors": [],
                    "comment_reactions": null,
                    "comment_reaction_count": null
                }
            ]
        },
        {
            "comment_id": "10159565268983904",
            "comment_url": "https://facebook.com/10159565268983904",
            "commenter_id": "808470412",
            "commenter_url": "https://facebook.com/dbuote?fref=nf&rc=p&refid=52",
            "commenter_name": "Dave Buote",
            "commenter_meta": null,
            "comment_text": "Nigeria 2.7% Double Vaxxed\nCanada 81% Double Vaxxed\n\nCanada 3.19 Million Cases 35,470 Deaths 1.1%\nCanada Population 38.01 Million\nNigeria 254,000 Cases 3,141 Deaths 1.2%\nNigeria Population 214,391,267\n\nstill scratching my head on that one. Independent research!",
            "comment_time": "2022-02-16 18:59:47",
            "comment_image": null,
            "comment_reactors": [],
            "comment_reactions": null,
            "comment_reaction_count": null,
            "replies": [
                {
                    "comment_id": "10159565392203904",
                    "comment_url": "https://facebook.com/10159565392203904",
                    "commenter_id": "100000746183788",
                    "commenter_url": "https://facebook.com/graham.mcgowan.56?fref=nf&rc=p",
                    "commenter_name": "Graham McGowan",
                    "commenter_meta": null,
                    "comment_text": "Martha Mcintosh Elvis Presley - poster child for the polio vaccine\u2026look at how that panned out for him - but MSM don\u2019t talk about Elvis Presley right now, do they?",
                    "comment_time": "2022-02-16 18:59:57",
                    "comment_image": "https://scontent.xx.fbcdn.net/m1/v/t6/An_UvxJXg9tdnLU3Y5qjPi0200MLilhzPXUgxzGjQzUMaNcmjdZA6anyrngvkdub33NZzZhd51fpCAEzNHFhko5aKRFP5fS1w_lKwYrzcNLupv27.png?ccb=10-5&oh=00_AT9C82irDy7Sn8cI_UEelmRC1FY5K5jw2pfWXlZ8QaKL1g&oe=62246CF9&_nc_sid=55e238",
                    "comment_reactors": [],
                    "comment_reactions": null,
                    "comment_reaction_count": null
                },
                {
                    "comment_id": "10159565393283904",
                    "comment_url": "https://facebook.com/10159565393283904",
                    "commenter_id": "100003159443177",
                    "commenter_url": "https://facebook.com/martha.mcintosh.3?fref=nf&rc=p",
                    "commenter_name": "Martha Mcintosh",
                    "commenter_meta": null,
                    "comment_text": "Dave Buote , I cannot say your math is bad cause I never double checked it. So we will postulate your math is correct for the sake of argument.\n\nMy point is to get a real perspective is we need to look at the variables.\n\nThere are a large number of variables to consider.\n\nIf you don\u2019t want to take them into account then there is no point in this conversation.\n\nWhat point are you trying to make here?",
                    "comment_time": "2022-02-16 18:59:57",
                    "comment_image": "https://scontent.xx.fbcdn.net/m1/v/t6/An_UvxJXg9tdnLU3Y5qjPi0200MLilhzPXUgxzGjQzUMaNcmjdZA6anyrngvkdub33NZzZhd51fpCAEzNHFhko5aKRFP5fS1w_lKwYrzcNLupv27.png?ccb=10-5&oh=00_AT9C82irDy7Sn8cI_UEelmRC1FY5K5jw2pfWXlZ8QaKL1g&oe=62246CF9&_nc_sid=55e238",
                    "comment_reactors": [],
                    "comment_reactions": null,
                    "comment_reaction_count": null
                },
                {
                    "comment_id": "10159565397458904",
                    "comment_url": "https://facebook.com/10159565397458904",
                    "commenter_id": "100003159443177",
                    "commenter_url": "https://facebook.com/martha.mcintosh.3?fref=nf&rc=p",
                    "commenter_name": "Martha Mcintosh",
                    "commenter_meta": null,
                    "comment_text": "Graham, well, to be fair most people who suffer from addiction issues have been vaccinated.\n\nAnd don\u2019t even get me started on the milk! Every single person on earth who died started out life drinking milk. It\u2019s outrageous no one has made the connection.\n\nWhy is nobody talking about that??!!",
                    "comment_time": "2022-02-16 18:59:57",
                    "comment_image": "https://scontent.xx.fbcdn.net/m1/v/t6/An_UvxJXg9tdnLU3Y5qjPi0200MLilhzPXUgxzGjQzUMaNcmjdZA6anyrngvkdub33NZzZhd51fpCAEzNHFhko5aKRFP5fS1w_lKwYrzcNLupv27.png?ccb=10-5&oh=00_AT9C82irDy7Sn8cI_UEelmRC1FY5K5jw2pfWXlZ8QaKL1g&oe=62246CF9&_nc_sid=55e238",
                    "comment_reactors": [],
                    "comment_reactions": null,
                    "comment_reaction_count": null
                },
                {
                    "comment_id": "10159565451518904",
                    "comment_url": "https://facebook.com/10159565451518904",
                    "commenter_id": "555173928",
                    "commenter_url": "https://facebook.com/richard.dale1?fref=nf&rc=p",
                    "commenter_name": "Richard Dale",
                    "commenter_meta": null,
                    "comment_text": "Dave Buote I have spent a lot of time in Africa. The Nigerian cases are way under reported.",
                    "comment_time": "2022-02-16 18:59:57",
                    "comment_image": null,
                    "comment_reactors": [],
                    "comment_reactions": null,
                    "comment_reaction_count": null
                },
                {
                    "comment_id": "10159565454213904",
                    "comment_url": "https://facebook.com/10159565454213904",
                    "commenter_id": "555173928",
                    "commenter_url": "https://facebook.com/richard.dale1?fref=nf&rc=p",
                    "commenter_name": "Richard Dale",
                    "commenter_meta": null,
                    "comment_text": "Martha Mcintosh he has no idea",
                    "comment_time": "2022-02-16 18:59:57",
                    "comment_image": "https://scontent.xx.fbcdn.net/m1/v/t6/An_UvxJXg9tdnLU3Y5qjPi0200MLilhzPXUgxzGjQzUMaNcmjdZA6anyrngvkdub33NZzZhd51fpCAEzNHFhko5aKRFP5fS1w_lKwYrzcNLupv27.png?ccb=10-5&oh=00_AT9C82irDy7Sn8cI_UEelmRC1FY5K5jw2pfWXlZ8QaKL1g&oe=62246CF9&_nc_sid=55e238",
                    "comment_reactors": [],
                    "comment_reactions": null,
                    "comment_reaction_count": null
                },
                {
                    "comment_id": "10159565485728904",
                    "comment_url": "https://facebook.com/10159565485728904",
                    "commenter_id": "100003159443177",
                    "commenter_url": "https://facebook.com/martha.mcintosh.3?fref=nf&rc=p",
                    "commenter_name": "Martha Mcintosh",
                    "commenter_meta": null,
                    "comment_text": "Richard, exactly. We can not measure everything by our standards.\n\nI have also spent time in Africa. We can not compare, there are so many differences.",
                    "comment_time": "2022-02-16 18:59:57",
                    "comment_image": "https://scontent.xx.fbcdn.net/m1/v/t6/An_UvxJXg9tdnLU3Y5qjPi0200MLilhzPXUgxzGjQzUMaNcmjdZA6anyrngvkdub33NZzZhd51fpCAEzNHFhko5aKRFP5fS1w_lKwYrzcNLupv27.png?ccb=10-5&oh=00_AT9C82irDy7Sn8cI_UEelmRC1FY5K5jw2pfWXlZ8QaKL1g&oe=62246CF9&_nc_sid=55e238",
                    "comment_reactors": [],
                    "comment_reactions": null,
                    "comment_reaction_count": null
                },
                {
                    "comment_id": "10159565499763904",
                    "comment_url": "https://facebook.com/10159565499763904",
                    "commenter_id": "100000645970076",
                    "commenter_url": "https://facebook.com/garry.dean.98?fref=nf&rc=p",
                    "commenter_name": "Garry Dean",
                    "commenter_meta": null,
                    "comment_text": "Dave Buote I am scratching my head that you use Nigeria as an example",
                    "comment_time": "2022-02-16 18:59:57",
                    "comment_image": null,
                    "comment_reactors": [],
                    "comment_reactions": null,
                    "comment_reaction_count": null
                },
                {
                    "comment_id": "10159565508988904",
                    "comment_url": "https://facebook.com/10159565508988904",
                    "commenter_id": "808470412",
                    "commenter_url": "https://facebook.com/dbuote?fref=nf&rc=p",
                    "commenter_name": "Dave Buote",
                    "commenter_meta": null,
                    "comment_text": "Garry Dean I wanted a nation with a low vax rate.. Ill do a few more tomorrow from different regions to see what I come up with!",
                    "comment_time": "2022-02-16 18:59:57",
                    "comment_image": "https://scontent.xx.fbcdn.net/m1/v/t6/An_UvxJXg9tdnLU3Y5qjPi0200MLilhzPXUgxzGjQzUMaNcmjdZA6anyrngvkdub33NZzZhd51fpCAEzNHFhko5aKRFP5fS1w_lKwYrzcNLupv27.png?ccb=10-5&oh=00_AT9C82irDy7Sn8cI_UEelmRC1FY5K5jw2pfWXlZ8QaKL1g&oe=62246CF9&_nc_sid=55e238",
                    "comment_reactors": [],
                    "comment_reactions": null,
                    "comment_reaction_count": null
                },
                {
                    "comment_id": "10159565672693904",
                    "comment_url": "https://facebook.com/10159565672693904",
                    "commenter_id": "504757661",
                    "commenter_url": "https://facebook.com/sandra.salanki?fref=nf&rc=p",
                    "commenter_name": "Sandra Salanki",
                    "commenter_meta": null,
                    "comment_text": "Andrew Danylewich active use of hydroxy chloroquine across the continent... could be anything. But to look at our year end death tallies not being released for 2 years and the totals deaths did not increase the 2.2% projected year over year without covid let alone with and think we have all the information or nothing is being hidden is naive",
                    "comment_time": "2022-02-16 18:59:57",
                    "comment_image": null,
                    "comment_reactors": [],
                    "comment_reactions": null,
                    "comment_reaction_count": null
                },
                {
                    "comment_id": "10159566106733904",
                    "comment_url": "https://facebook.com/10159566106733904",
                    "commenter_id": "561271021",
                    "commenter_url": "https://facebook.com/andrew.danylewich?fref=nf&rc=p",
                    "commenter_name": "Andrew Danylewich",
                    "commenter_meta": null,
                    "comment_text": "Sandra Salanki https://\nglobalnews.ca/\nnews/8358919/\ncanada-excess-de\naths-covid-pand\nemic/amp/",
                    "comment_time": "2022-02-16 18:59:57",
                    "comment_image": "https://globalnews.ca/news/8358919/canada-excess-deaths-covid-pandemic/amp/?fbclid=IwAR0HUuP92BNlGI_N7Il1EfClHaLYI7QxRTH09JA4OELMwMepayqzHuF047Q",
                    "comment_reactors": [],
                    "comment_reactions": null,
                    "comment_reaction_count": null
                },
                {
                    "comment_id": "10159566153613904",
                    "comment_url": "https://facebook.com/10159566153613904",
                    "commenter_id": "808470412",
                    "commenter_url": "https://facebook.com/dbuote?fref=nf&rc=p",
                    "commenter_name": "Dave Buote",
                    "commenter_meta": null,
                    "comment_text": "So Here are 3 more countries.. Its becoming pretty clear.. The death rate is similar across the globe. Regardless of vax status! What a shocker!!! My second part of this exercise will be to compare global death rates and previous influenza outbreaks!\n\nSpin Spin Spin!\n\nFrance 54.8% Double Vaxxed\nFrance 415 Million Cases 5.84 Million Deaths 1.4%\nFrance Population 67.39 Million\n\nUSA 64.7% Double Vaxxed\nUSA 78 Million Cases 924,000 Deaths 1.18%\nUSA Population 331,893,745\n\nIndia 54.8% Double Vaxxed\nIndia 42.7M Cases 510,000 Deaths 1.19%\npopulation 1.3 billion",
                    "comment_time": "2022-02-16 18:59:57",
                    "comment_image": null,
                    "comment_reactors": [],
                    "comment_reactions": null,
                    "comment_reaction_count": null
                },
                {
                    "comment_id": "10159566153858904",
                    "comment_url": "https://facebook.com/10159566153858904",
                    "commenter_id": "808470412",
                    "commenter_url": "https://facebook.com/dbuote?fref=nf&rc=p",
                    "commenter_name": "Dave Buote",
                    "commenter_meta": null,
                    "comment_text": "So Here are 3 more countries.. Its becoming pretty clear.. The death rate is similar across the globe. Regardless of vax status! What a shocker!!! My second part of this exercise will be to compare global death rates and previous influenza outbreaks!\nSpin Spin Spin!\nFrance 54.8% Double Vaxxed\nFrance 415 Million Cases 5.84 Million Deaths 1.4%\nFrance Population 67.39 Million\nUSA 64.7% Double Vaxxed\nUSA 78 Million Cases 924,000 Deaths 1.18%\nUSA Population 331,893,745\nIndia 54.8% Double Vaxxed\nIndia 42.7M Cases 510,000 Deaths 1.19%\npopulation 1.3 billion",
                    "comment_time": "2022-02-16 18:59:57",
                    "comment_image": null,
                    "comment_reactors": [],
                    "comment_reactions": null,
                    "comment_reaction_count": null
                },
                {
                    "comment_id": "10159566154008904",
                    "comment_url": "https://facebook.com/10159566154008904",
                    "commenter_id": "808470412",
                    "commenter_url": "https://facebook.com/dbuote?fref=nf&rc=p",
                    "commenter_name": "Dave Buote",
                    "commenter_meta": null,
                    "comment_text": "So Here are 3 more countries.. Its becoming pretty clear.. The death rate is similar across the globe. Regardless of vax status! What a shocker!!! My second part of this exercise will be to compare global death rates and previous influenza outbreaks!\nSpin Spin Spin!\nFrance 54.8% Double Vaxxed\nFrance 415 Million Cases 5.84 Million Deaths 1.4%\nFrance Population 67.39 Million\nUSA 64.7% Double Vaxxed\nUSA 78 Million Cases 924,000 Deaths 1.18%\nUSA Population 331,893,745\nIndia 54.8% Double Vaxxed\nIndia 42.7M Cases 510,000 Deaths 1.19%\npopulation 1.3 billion",
                    "comment_time": "2022-02-16 18:59:57",
                    "comment_image": null,
                    "comment_reactors": [],
                    "comment_reactions": null,
                    "comment_reaction_count": null
                },
                {
                    "comment_id": "10159566154268904",
                    "comment_url": "https://facebook.com/10159566154268904",
                    "commenter_id": "808470412",
                    "commenter_url": "https://facebook.com/dbuote?fref=nf&rc=p",
                    "commenter_name": "Dave Buote",
                    "commenter_meta": null,
                    "comment_text": "Richard Dale So Here are 3 more countries.. Its becoming pretty clear.. The death rate is similar across the globe. Regardless of vax status! What a shocker!!! My second part of this exercise will be to compare global death rates and previous influenza outbreaks!\n\nSpin Spin Spin!\n\nFrance 54.8% Double Vaxxed\nFrance 415 Million Cases 5.84 Million Deaths 1.4%\nFrance Population 67.39 Million\nUSA 64.7% Double Vaxxed\nUSA 78 Million Cases 924,000 Deaths 1.18%\nUSA Population 331,893,745\nIndia 54.8% Double Vaxxed\nIndia 42.7M Cases 510,000 Deaths 1.19%\npopulation 1.3 billion",
                    "comment_time": "2022-02-16 18:59:57",
                    "comment_image": null,
                    "comment_reactors": [],
                    "comment_reactions": null,
                    "comment_reaction_count": null
                },
                {
                    "comment_id": "10159566154653904",
                    "comment_url": "https://facebook.com/10159566154653904",
                    "commenter_id": "808470412",
                    "commenter_url": "https://facebook.com/dbuote?fref=nf&rc=p",
                    "commenter_name": "Dave Buote",
                    "commenter_meta": null,
                    "comment_text": "So Here are 3 more countries.. Its becoming pretty clear.. The death rate is similar across the globe. Regardless of vax status! What a shocker!!! My second part of this exercise will be to compare global death rates and previous influenza outbreaks!\n\nSpin Spin Spin!\n\nFrance 54.8% Double Vaxxed\nFrance 415 Million Cases 5.84 Million Deaths 1.4%\nFrance Population 67.39 Million\n\nUSA 64.7% Double Vaxxed\nUSA 78 Million Cases 924,000 Deaths 1.18%\nUSA Population 331,893,745\n\nIndia 54.8% Double Vaxxed\nIndia 42.7M Cases 510,000 Deaths 1.19%\npopulation 1.3 billion",
                    "comment_time": "2022-02-16 18:59:57",
                    "comment_image": null,
                    "comment_reactors": [],
                    "comment_reactions": null,
                    "comment_reaction_count": null
                },
                {
                    "comment_id": "10159566177863904",
                    "comment_url": "https://facebook.com/10159566177863904",
                    "commenter_id": "561271021",
                    "commenter_url": "https://facebook.com/andrew.danylewich?fref=nf&rc=p",
                    "commenter_name": "Andrew Danylewich",
                    "commenter_meta": null,
                    "comment_text": "Dave Buote death rate varies by country the highest being Peru at 6% Canada is at 1.1% but the global average is closer to 2.8%. The US deaths is closing in on a million which mean almost 1 in 440 Americans have died due to Covid. But you go ahead and keep spin spin spinning lol",
                    "comment_time": "2022-02-16 18:59:57",
                    "comment_image": null,
                    "comment_reactors": [],
                    "comment_reactions": null,
                    "comment_reaction_count": null
                },
                {
                    "comment_id": "10159566180083904",
                    "comment_url": "https://facebook.com/10159566180083904",
                    "commenter_id": "808470412",
                    "commenter_url": "https://facebook.com/dbuote?fref=nf&rc=p",
                    "commenter_name": "Dave Buote",
                    "commenter_meta": null,
                    "comment_text": "Andrew Danylewich so why is the death rate the same in Nigeria? With 2.7% double Vax genius?",
                    "comment_time": "2022-02-16 18:59:57",
                    "comment_image": null,
                    "comment_reactors": [],
                    "comment_reactions": null,
                    "comment_reaction_count": null
                },
                {
                    "comment_id": "10159566182623904",
                    "comment_url": "https://facebook.com/10159566182623904",
                    "commenter_id": "561271021",
                    "commenter_url": "https://facebook.com/andrew.danylewich?fref=nf&rc=p",
                    "commenter_name": "Andrew Danylewich",
                    "commenter_meta": null,
                    "comment_text": "Dave Buote because of variables you can\u2019t seem to grasp, that Canada and Nigeria are different places.",
                    "comment_time": "2022-02-16 18:59:57",
                    "comment_image": null,
                    "comment_reactors": [],
                    "comment_reactions": null,
                    "comment_reaction_count": null
                },
                {
                    "comment_id": "10159566186858904",
                    "comment_url": "https://facebook.com/10159566186858904",
                    "commenter_id": "808470412",
                    "commenter_url": "https://facebook.com/dbuote?fref=nf&rc=p",
                    "commenter_name": "Dave Buote",
                    "commenter_meta": null,
                    "comment_text": "But the data is the same in every country! 1% death rate.. Even in countries without vaccinations..\n\nHow about Sweeden? No lockdown? No masks? 0.6% death rate?\n\nSweeden 73% Double Vaxxed (No Lockdown)\nSweeden 2.41 Million Cases 16,579 Deaths 0.6%\nSweeden Population 10.35 Million\n\nWhat variables?",
                    "comment_time": "2022-02-16 18:59:57",
                    "comment_image": null,
                    "comment_reactors": [],
                    "comment_reactions": null,
                    "comment_reaction_count": null
                },
                {
                    "comment_id": "10159566194693904",
                    "comment_url": "https://facebook.com/10159566194693904",
                    "commenter_id": "561271021",
                    "commenter_url": "https://facebook.com/andrew.danylewich?fref=nf&rc=p",
                    "commenter_name": "Andrew Danylewich",
                    "commenter_meta": null,
                    "comment_text": "Dave Buote https://\nwww.tandfonline.\ncom/doi/full/\n10.1080/\n16549716.2020.18\n11476 Only a small percentage of deaths are ever recorded in Nigeria\u2026this has been happening forever so there ya go.",
                    "comment_time": "2022-02-16 18:59:57",
                    "comment_image": "https://www.tandfonline.com/doi/full/10.1080/16549716.2020.1811476?fbclid=IwAR2CzsM0ORyJfg_rmExQ36PYGaPG9U3MXPbgQt2FSF8RrD31lNv6P_crl0c",
                    "comment_reactors": [],
                    "comment_reactions": null,
                    "comment_reaction_count": null
                },
                {
                    "comment_id": "10159566195523904",
                    "comment_url": "https://facebook.com/10159566195523904",
                    "commenter_id": "808470412",
                    "commenter_url": "https://facebook.com/dbuote?fref=nf&rc=p",
                    "commenter_name": "Dave Buote",
                    "commenter_meta": null,
                    "comment_text": "Andrew Danylewich ahahh your such an idiot... My numbers use percentages. Even if its considered \"sample data\" with 250k confirmed cases they did at least a million tests..\n\nYour dreaming buddy.",
                    "comment_time": "2022-02-16 18:59:57",
                    "comment_image": null,
                    "comment_reactors": [],
                    "comment_reactions": null,
                    "comment_reaction_count": null
                },
                {
                    "comment_id": "10159566196218904",
                    "comment_url": "https://facebook.com/10159566196218904",
                    "commenter_id": "808470412",
                    "commenter_url": "https://facebook.com/dbuote?fref=nf&rc=p",
                    "commenter_name": "Dave Buote",
                    "commenter_meta": null,
                    "comment_text": "so people must be dying in the streets? Hospitals full? Graves everywhere?",
                    "comment_time": "2022-02-16 18:59:57",
                    "comment_image": null,
                    "comment_reactors": [],
                    "comment_reactions": null,
                    "comment_reaction_count": null
                },
                {
                    "comment_id": "10159566203298904",
                    "comment_url": "https://facebook.com/10159566203298904",
                    "commenter_id": "561271021",
                    "commenter_url": "https://facebook.com/andrew.danylewich?fref=nf&rc=p",
                    "commenter_name": "Andrew Danylewich",
                    "commenter_meta": null,
                    "comment_text": "Dave Buote lol your self research is lacking. You have been shown reasons for the discrepancy yet you continue to try and push a faulty narrative.",
                    "comment_time": "2022-02-16 18:59:57",
                    "comment_image": null,
                    "comment_reactors": [],
                    "comment_reactions": null,
                    "comment_reaction_count": null
                },
                {
                    "comment_id": "10159566206433904",
                    "comment_url": "https://facebook.com/10159566206433904",
                    "commenter_id": "561271021",
                    "commenter_url": "https://facebook.com/andrew.danylewich?fref=nf&rc=p",
                    "commenter_name": "Andrew Danylewich",
                    "commenter_meta": null,
                    "comment_text": "Dave Buote did you even read that only 10% of deaths were recorded in 2017 and it also showed that the trend of unreported deaths was getting worse? No off course not\u2026at this rate I\u2019m questioning the level of your reading comprehension",
                    "comment_time": "2022-02-16 18:59:57",
                    "comment_image": null,
                    "comment_reactors": [],
                    "comment_reactions": null,
                    "comment_reaction_count": null
                },
                {
                    "comment_id": "10159566207768904",
                    "comment_url": "https://facebook.com/10159566207768904",
                    "commenter_id": "808470412",
                    "commenter_url": "https://facebook.com/dbuote?fref=nf&rc=p",
                    "commenter_name": "Dave Buote",
                    "commenter_meta": null,
                    "comment_text": "Graham McGowan Yah those vaccines you didnt need 4 a year! HAHAHHHAHAHA",
                    "comment_time": "2022-02-16 18:59:57",
                    "comment_image": null,
                    "comment_reactors": [],
                    "comment_reactions": null,
                    "comment_reaction_count": null
                },
                {
                    "comment_id": "10159566208848904",
                    "comment_url": "https://facebook.com/10159566208848904",
                    "commenter_id": "808470412",
                    "commenter_url": "https://facebook.com/dbuote?fref=nf&rc=p",
                    "commenter_name": "Dave Buote",
                    "commenter_meta": null,
                    "comment_text": "Andrew Danylewich LOL! I can tell this makes dumb people angry. All good bro.. Come back in a few months when the cream floats to the top and read my comments.\n\nTOLD YA!@",
                    "comment_time": "2022-02-16 18:59:57",
                    "comment_image": null,
                    "comment_reactors": [],
                    "comment_reactions": null,
                    "comment_reaction_count": null
                },
                {
                    "comment_id": "10159566213143904",
                    "comment_url": "https://facebook.com/10159566213143904",
                    "commenter_id": "561271021",
                    "commenter_url": "https://facebook.com/andrew.danylewich?fref=nf&rc=p",
                    "commenter_name": "Andrew Danylewich",
                    "commenter_meta": null,
                    "comment_text": "Dave Buote ok run away now. Lol",
                    "comment_time": "2022-02-16 18:59:57",
                    "comment_image": null,
                    "comment_reactors": [],
                    "comment_reactions": null,
                    "comment_reaction_count": null
                },
                {
                    "comment_id": "10159566215263904",
                    "comment_url": "https://facebook.com/10159566215263904",
                    "commenter_id": "808470412",
                    "commenter_url": "https://facebook.com/dbuote?fref=nf&rc=p",
                    "commenter_name": "Dave Buote",
                    "commenter_meta": null,
                    "comment_text": "Andrew Danylewich I think you should stick to making jewelry. Stats are not your game.",
                    "comment_time": "2022-02-16 18:59:57",
                    "comment_image": null,
                    "comment_reactors": [],
                    "comment_reactions": null,
                    "comment_reaction_count": null
                },
                {
                    "comment_id": "10159566216643904",
                    "comment_url": "https://facebook.com/10159566216643904",
                    "commenter_id": "561271021",
                    "commenter_url": "https://facebook.com/andrew.danylewich?fref=nf&rc=p",
                    "commenter_name": "Andrew Danylewich",
                    "commenter_meta": null,
                    "comment_text": "Dave Buote don\u2019t come up with \u201ctheories\u201d when you\u2019re high",
                    "comment_time": "2022-02-16 18:59:57",
                    "comment_image": null,
                    "comment_reactors": [],
                    "comment_reactions": null,
                    "comment_reaction_count": null
                }
            ]
        }
    ],
    "reactors": null,
    "w3_fb_url": null,
    "reactions": null,
    "reaction_count": null,
    "with": null,
    "page_id": "140961138903",
    "sharers": null,
    "image_id": null,
    "image_ids": [],
    "was_live": false
}